契約,到期月份 (週別),契約到期日,履約價,買賣權,開盤價,最高價,最低價,最後 成交價,結算價,漲跌價,漲跌%,*盤後交易時段成交量,*一般交易時段成交量,*合計成交量,*未沖銷 契約量,最後 最佳買價,最後 最佳賣價,歷史 最高價,歷史 最低價
TXO,202609W1,20260902.0,40200.0,Call,-,-,-,-,-,-,-,0,0,0,0,-,-,-,-
TXO,202609W1,20260902.0,40200.0,Put,0.2,0.2,0.2,0.2,-,▲+0.1,-,1,2,3,528,-,0.3,93,0.1
TXO,202609W1,20260902.0,40300.0,Call,-,-,-,-,-,-,-,0,0,0,0,-,-,-,-
TXO,202609W1,20260902.0,40300.0,Put,0.2,0.2,0.2,0.2,-,0,0%,0,1,1,52,-,0.3,90,0.2
TXO,202609W1,20260902.0,40400.0,Call,-,-,-,-,-,-,-,0,0,0,0,-,-,-,-
TXO,202609W1,20260902.0,40400.0,Put,-,-,-,-,-,-,-,0,0,0,76,-,0.3,80,0.3
TXO,202609W1,20260902.0,40500.0,Call,-,-,-,-,-,-,-,0,0,0,0,-,-,-,-
TXO,202609W1,20260902.0,40500.0,Put,-,-,-,-,-,-,-,0,0,0,56,-,565,110,0.1
TXO,202609W1,20260902.0,40600.0,Call,-,-,-,-,-,-,-,0,0,0,0,-,-,-,-
TXO,202609W1,20260902.0,40600.0,Put,-,-,-,-,-,-,-,0,0,0,24,-,2.9,115,0.2
TXO,202609W1,20260902.0,40700.0,Call,-,-,-,-,-,-,-,0,0,0,0,-,-,-,-
TXO,202609W1,20260902.0,40700.0,Put,-,-,-,-,-,-,-,8,0,8,130,-,0.4,148,0.3
TXO,202609W1,20260902.0,40800.0,Call,-,-,-,-,-,-,-,0,0,0,0,-,-,-,-
TXO,202609W1,20260902.0,40800.0,Put,-,-,-,-,-,-,-,0,0,0,29,-,89,138,0.2
TXO,202609W1,20260902.0,40900.0,Call,-,-,-,-,-,-,-,0,0,0,0,-,-,-,-
TXO,202609W1,20260902.0,40900.0,Put,0.2,0.2,0.2,0.2,-,0,0%,1,21,22,36,-,5,150,0.2
TXO,202609W1,20260902.0,41000.0,Call,-,-,-,-,-,-,-,0,0,0,0,-,-,-,-
TXO,202609W1,20260902.0,41000.0,Put,0.3,0.3,0.2,0.2,-,0,0%,20,11,31,220,-,9.7,163,0.2
TXO,202609W1,20260902.0,41100.0,Call,-,-,-,-,-,-,-,0,0,0,0,-,-,-,-
TXO,202609W1,20260902.0,41100.0,Put,0.3,0.3,0.2,0.2,-,0,0%,4,10,14,45,-,565,169,0.2
TXO,202609W1,20260902.0,41200.0,Call,-,-,-,-,-,-,-,0,0,0,0,-,-,-,-
TXO,202609W1,20260902.0,41200.0,Put,0.2,0.2,0.2,0.2,-,0,0%,11,8,19,44,-,565,151,0.2
TXO,202609W1,20260902.0,41300.0,Call,-,-,-,-,-,-,-,0,0,0,0,-,-,-,-
TXO,202609W1,20260902.0,41300.0,Put,0.2,0.2,0.2,0.2,-,0,0%,8,8,16,22,-,565,190,0.2
TXO,202609W1,20260902.0,41400.0,Call,-,-,-,-,-,-,-,0,0,0,0,-,-,-,-
TXO,202609W1,20260902.0,41400.0,Put,0.2,0.2,0.2,0.2,-,0,0%,2,30,32,44,-,7.9,205,0.2
TXO,202609W1,20260902.0,41500.0,Call,-,-,-,-,-,-,-,0,0,0,0,-,-,3320,3320
TXO,202609W1,20260902.0,41500.0,Put,0.4,0.4,0.1,0.2,-,▼-0.1,▼-33.33%,2,21,23,948,-,1,171,0.1
TXO,202609W1,20260902.0,41600.0,Call,-,-,-,-,-,-,-,0,0,0,0,-,-,-,-
TXO,202609W1,20260902.0,41600.0,Put,0.2,0.2,0.2,0.2,-,▼-0.1,▼-33.33%,4,39,43,37,-,450,172,0.2
TXO,202609W1,20260902.0,41700.0,Call,-,-,-,-,-,-,-,0,0,0,0,-,-,-,-
TXO,202609W1,20260902.0,41700.0,Put,0.2,0.2,0.2,0.2,-,▼-0.1,▼-33.33%,1,58,59,71,-,565,206,0.2
TXO,202609W1,20260902.0,41800.0,Call,-,-,-,-,-,-,-,0,0,0,0,-,-,-,-
TXO,202609W1,20260902.0,41800.0,Put,0.3,0.3,0.3,0.3,-,0,0%,4,1,5,54,-,565,167,0.3
TXO,202609W1,20260902.0,41900.0,Call,-,-,-,-,-,-,-,0,0,0,0,-,-,-,-
TXO,202609W1,20260902.0,41900.0,Put,0.2,0.5,0.2,0.2,-,▼-0.1,▼-33.33%,1,5,6,228,-,565,133,0.2
TXO,202609W1,20260902.0,42000.0,Call,-,-,-,-,-,-,-,0,0,0,0,-,-,-,-
TXO,202609W1,20260902.0,42000.0,Put,0.5,0.5,0.2,0.2,-,▼-0.1,▼-33.33%,4,5,9,278,-,0.2,260,0.2
TXO,202609W1,20260902.0,42100.0,Call,-,-,-,-,-,-,-,0,0,0,0,-,-,-,-
TXO,202609W1,20260902.0,42100.0,Put,0.2,0.2,0.2,0.2,-,▼-0.2,▼-50.00%,1,4,5,161,-,19,262,0.2
TXO,202609W1,20260902.0,42200.0,Call,-,-,-,-,-,-,-,0,0,0,0,-,-,-,-
TXO,202609W1,20260902.0,42200.0,Put,0.2,0.2,0.2,0.2,-,▼-0.2,▼-50.00%,7,8,15,68,-,8,150,0.2
TXO,202609W1,20260902.0,42300.0,Call,-,-,-,-,-,-,-,0,0,0,0,-,-,-,-
TXO,202609W1,20260902.0,42300.0,Put,0.4,0.4,0.4,0.4,-,0,0%,40,10,50,110,-,2,175,0.3
TXO,202609W1,20260902.0,42400.0,Call,-,-,-,-,-,-,-,0,0,0,0,18,-,-,-
TXO,202609W1,20260902.0,42400.0,Put,-,-,-,-,-,-,-,1,0,1,52,0.1,565,321,0.2
TXO,202609W1,20260902.0,42500.0,Call,-,-,-,-,-,-,-,0,0,0,0,18,-,-,-
TXO,202609W1,20260902.0,42500.0,Put,0.2,0.2,0.2,0.2,-,▼-0.4,▼-66.67%,2,187,189,145,-,20,315,0.2
TXO,202609W1,20260902.0,42600.0,Call,-,-,-,-,-,-,-,0,0,0,0,18,-,-,-
TXO,202609W1,20260902.0,42600.0,Put,0.2,0.2,0.2,0.2,-,▼-0.5,▼-71.43%,3,225,228,139,-,20,308,0.2
TXO,202609W1,20260902.0,42700.0,Call,-,-,-,-,-,-,-,0,0,0,0,18,-,-,-
TXO,202609W1,20260902.0,42700.0,Put,0.3,43.5,0.2,43.5,-,▲+42.7,"▲+5,337.50%",1,127,128,39,-,42.5,327,0.2
TXO,202609W1,20260902.0,42800.0,Call,-,-,-,-,-,-,-,0,0,0,0,18,-,-,-
TXO,202609W1,20260902.0,42800.0,Put,0.3,0.3,0.2,0.2,-,▼-0.8,▼-80.00%,17,72,89,51,-,1.7,346,0.2
TXO,202609W1,20260902.0,42900.0,Call,-,-,-,-,-,-,-,0,0,0,0,18,-,-,-
TXO,202609W1,20260902.0,42900.0,Put,0.3,0.3,0.2,0.2,-,▼-0.9,▼-81.82%,21,3,24,60,-,10,363,0.2
TXO,202609W1,20260902.0,43000.0,Call,-,-,-,-,-,-,-,0,0,0,0,0.2,-,-,-
TXO,202609W1,20260902.0,43000.0,Put,0.8,0.8,0.2,0.2,-,▼-1,▼-83.33%,30,35,65,848,-,1.9,431,0.2
TXO,202609W1,20260902.0,43100.0,Call,-,-,-,-,-,-,-,0,0,0,0,0.2,-,-,-
TXO,202609W1,20260902.0,43100.0,Put,0.3,0.3,0.2,0.2,-,▼-1,▼-83.33%,14,112,126,88,-,5,395,0.2
TXO,202609W1,20260902.0,43200.0,Call,-,-,-,-,-,-,-,0,0,0,0,0.2,-,-,-
TXO,202609W1,20260902.0,43200.0,Put,0.3,0.3,0.2,0.2,-,▼-1.1,▼-84.62%,78,262,340,193,-,1,440,0.2
TXO,202609W1,20260902.0,43300.0,Call,-,-,-,-,-,-,-,0,0,0,0,0.2,-,-,-
TXO,202609W1,20260902.0,43300.0,Put,0.3,0.3,0.2,0.2,-,▼-1.2,▼-85.71%,29,22,51,209,-,21,424,0.2
TXO,202609W1,20260902.0,43400.0,Call,-,-,-,-,-,-,-,0,0,0,0,0.2,-,-,-
TXO,202609W1,20260902.0,43400.0,Put,0.3,43.5,0.2,0.2,-,▼-1.2,▼-85.71%,109,240,349,178,-,565,510,0.2
TXO,202609W1,20260902.0,43450.0,Call,-,-,-,-,-,-,-,0,0,0,0,0.2,-,1910,1220
TXO,202609W1,20260902.0,43450.0,Put,0.3,14.5,0.2,14.5,-,▲+13,▲+866.67%,5,38,43,64,0.1,8,210,0.2
TXO,202609W1,20260902.0,43500.0,Call,-,-,-,-,-,-,-,1,0,1,1,0.2,-,3310,1190
TXO,202609W1,20260902.0,43500.0,Put,0.5,0.5,0.2,0.2,-,▼-1.3,▼-86.67%,45,362,407,318,-,18,585,0.2
TXO,202609W1,20260902.0,43550.0,Call,-,-,-,-,-,-,-,0,0,0,8,2660,2680,2430,1500
TXO,202609W1,20260902.0,43550.0,Put,0.3,0.3,0.2,0.2,-,▼-1.4,▼-87.50%,5,14,19,33,-,30,420,0.2
TXO,202609W1,20260902.0,43600.0,Call,-,-,-,-,-,-,-,1,0,1,1,2610,2630,3180,1650
TXO,202609W1,20260902.0,43600.0,Put,0.4,0.4,0.2,0.2,-,▼-1.4,▼-87.50%,15,86,101,124,-,1.5,560,0.2
TXO,202609W1,20260902.0,43650.0,Call,-,-,-,-,-,-,-,0,0,0,0,2560,2580,-,-
TXO,202609W1,20260902.0,43650.0,Put,0.2,0.2,0.2,0.2,-,▼-1.4,▼-87.50%,3,14,17,47,-,2.1,498,0.2
TXO,202609W1,20260902.0,43700.0,Call,-,-,-,-,-,-,-,1,0,1,1,2510,2530,3100,1570
TXO,202609W1,20260902.0,43700.0,Put,0.4,0.4,0.2,0.2,-,▼-1.5,▼-88.24%,16,2,18,90,-,9.9,630,0.2
TXO,202609W1,20260902.0,43750.0,Call,-,-,-,-,-,-,-,0,0,0,0,2460,2480,-,-
TXO,202609W1,20260902.0,43750.0,Put,0.2,0.2,0.2,0.2,-,▼-1.5,▼-88.24%,6,4,10,40,-,9,160,0.2
TXO,202609W1,20260902.0,43800.0,Call,-,-,-,-,-,-,-,3,0,3,2,2410,2430,3000,1560
TXO,202609W1,20260902.0,43800.0,Put,0.2,0.5,0.2,0.2,-,▼-1.6,▼-88.89%,35,12,47,229,-,0.9,590,0.2
TXO,202609W1,20260902.0,43850.0,Call,-,-,-,-,-,-,-,0,0,0,1,2360,2380,1980,1980
TXO,202609W1,20260902.0,43850.0,Put,0.5,0.7,0.2,0.7,-,▼-1.1,▼-61.11%,14,20,34,72,-,3.9,288,0.2
TXO,202609W1,20260902.0,43900.0,Call,-,-,-,-,-,-,-,1,0,1,1,2310,2330,2890,1570
TXO,202609W1,20260902.0,43900.0,Put,0.3,0.7,0.2,0.2,-,▼-1.6,▼-88.89%,24,36,60,351,-,4,620,0.2
TXO,202609W1,20260902.0,43950.0,Call,-,-,-,-,-,-,-,0,0,0,0,2260,2280,-,-
TXO,202609W1,20260902.0,43950.0,Put,0.2,0.7,0.2,0.7,-,▼-1.2,▼-63.16%,10,4,14,48,-,4,610,0.2
TXO,202609W1,20260902.0,44000.0,Call,-,-,-,-,-,-,-,1,0,1,1,2210,2230,3050,830
TXO,202609W1,20260902.0,44000.0,Put,0.4,0.4,0.1,0.1,-,▼-1.8,▼-94.74%,152,182,334,1543,-,0.3,780,0.1
TXO,202609W1,20260902.0,44050.0,Call,-,-,-,-,-,-,-,0,0,0,0,2160,2180,-,-
TXO,202609W1,20260902.0,44050.0,Put,0.2,0.6,0.2,0.4,-,▼-1.5,▼-78.95%,9,15,24,77,-,17.5,640,0.2
TXO,202609W1,20260902.0,44100.0,Call,-,-,-,-,-,-,-,1,0,1,450,2110,2130,2720,1440
TXO,202609W1,20260902.0,44100.0,Put,0.2,0.5,0.1,0.2,-,▼-1.7,▼-89.47%,28,20,48,172,-,0.2,800,0.1
TXO,202609W1,20260902.0,44150.0,Call,-,-,-,-,-,-,-,0,0,0,4,2060,2080,1810,1810
TXO,202609W1,20260902.0,44150.0,Put,0.2,0.5,0.2,0.5,-,▼-1.5,▼-75.00%,19,10,29,69,-,2,610,0.2
TXO,202609W1,20260902.0,44200.0,Call,2170,2170,2170,2170,-,▼-720,▼-24.91%,1,1,2,2,2010,2030,2580,880
TXO,202609W1,20260902.0,44200.0,Put,0.9,1,0.1,0.2,-,▼-1.8,▼-90.00%,47,72,119,791,-,3.5,835,0.1
TXO,202609W1,20260902.0,44250.0,Call,-,-,-,-,-,-,-,0,0,0,0,1960,1980,-,-
TXO,202609W1,20260902.0,44250.0,Put,-,-,-,-,-,-,-,15,0,15,47,-,1.8,785,1.7
TXO,202609W1,20260902.0,44300.0,Call,-,-,-,-,-,-,-,0,0,0,0,1910,1930,2560,1260
TXO,202609W1,20260902.0,44300.0,Put,0.3,0.5,0.2,0.4,-,▼-1.7,▼-80.95%,78,47,125,657,-,0.5,720,0.2
TXO,202609W1,20260902.0,44350.0,Call,-,-,-,-,-,-,-,0,0,0,0,1860,1880,1200,705
TXO,202609W1,20260902.0,44350.0,Put,0.3,0.5,0.2,0.2,-,▼-1.9,▼-90.48%,24,18,42,50,-,5,955,0.2
TXO,202609W1,20260902.0,44400.0,Call,-,-,-,-,-,-,-,0,0,0,5,1810,1830,1300,700
TXO,202609W1,20260902.0,44400.0,Put,0.5,0.5,0.2,0.2,-,▼-1.9,▼-90.48%,133,133,266,550,-,0.2,855,0.2
TXO,202609W1,20260902.0,44450.0,Call,-,-,-,-,-,-,-,0,0,0,5,1760,1780,710,710
TXO,202609W1,20260902.0,44450.0,Put,0.6,0.6,0.1,0.1,-,▼-2.1,▼-95.45%,24,181,205,191,0.1,0.6,955,0.1
TXO,202609W1,20260902.0,44500.0,Call,-,-,-,-,-,-,-,0,0,0,11,1710,1730,2310,615
TXO,202609W1,20260902.0,44500.0,Put,0.3,0.9,0.1,0.2,-,▼-2,▼-90.91%,195,214,409,654,-,0.1,965,0.1
TXO,202609W1,20260902.0,44550.0,Call,-,-,-,-,-,-,-,0,0,0,20,1660,1680,1400,660
TXO,202609W1,20260902.0,44550.0,Put,0.7,0.7,0.2,0.2,-,▼-2,▼-90.91%,19,105,124,118,-,0.4,1030,0.2
TXO,202609W1,20260902.0,44600.0,Call,-,-,-,-,-,-,-,0,0,0,3,1610,1630,1320,590
TXO,202609W1,20260902.0,44600.0,Put,0.4,0.5,0.1,0.4,-,▼-1.8,▼-81.82%,103,139,242,645,-,0.5,950,0.1
TXO,202609W1,20260902.0,44650.0,Call,-,-,-,-,-,-,-,0,0,0,18,1560,1580,1130,590
TXO,202609W1,20260902.0,44650.0,Put,0.5,0.5,0.2,0.5,-,▼-1.8,▼-78.26%,23,47,70,131,-,0.5,975,0.2
TXO,202609W1,20260902.0,44700.0,Call,1670,1670,1670,1670,-,▼-720,▼-30.13%,0,1,1,410,1510,1530,1900,585
TXO,202609W1,20260902.0,44700.0,Put,0.4,0.5,0.2,0.2,-,▼-2.1,▼-91.30%,43,428,471,518,-,0.5,955,0.2
TXO,202609W1,20260902.0,44750.0,Call,-,-,-,-,-,-,-,0,0,0,42,1460,1480,2020,540
TXO,202609W1,20260902.0,44750.0,Put,0.4,0.5,0.2,0.2,-,▼-2.3,▼-92.00%,50,80,130,151,-,0.6,995,0.2
TXO,202609W1,20260902.0,44800.0,Call,1420,1420,1420,1420,-,▼-870,▼-37.99%,43,1,44,461,1410,1430,2140,490
TXO,202609W1,20260902.0,44800.0,Put,1,1.3,0.2,0.2,-,▼-2.4,▼-92.31%,139,313,452,803,0.1,0.5,890,0.2
TXO,202609W1,20260902.0,44850.0,Call,-,-,-,-,-,-,-,0,0,0,16,1360,1380,1750,725
TXO,202609W1,20260902.0,44850.0,Put,1.1,1.1,0.3,0.9,-,▼-1.9,▼-67.86%,50,114,164,151,-,0.4,910,0.3
TXO,202609W1,20260902.0,44900.0,Call,1470,1470,1470,1470,-,▼-720,▼-32.88%,0,1,1,14,1310,1330,1860,496
TXO,202609W1,20260902.0,44900.0,Put,1,1,0.2,0.2,-,▼-2.7,▼-93.10%,113,193,306,343,-,0.6,1020,0.2
TXO,202609W1,20260902.0,44950.0,Call,-,-,-,-,-,-,-,0,0,0,16,1260,1280,1520,385
TXO,202609W1,20260902.0,44950.0,Put,0.3,1.2,0.1,0.1,-,▼-2.9,▼-96.67%,79,91,170,195,-,0.9,1110,0.1
TXO,202609W1,20260902.0,45000.0,Call,1600,1600,1040,1220,-,▼-870,▼-41.63%,8,17,25,37,1210,1230,2000,380
TXO,202609W1,20260902.0,45000.0,Put,0.9,1.6,0.1,0.2,-,▼-2.8,▼-93.33%,781,1987,2768,2485,-,0.2,1170,0.1
TXO,202609W1,20260902.0,45050.0,Call,1180,1180,1180,1180,-,▼-860,▼-42.16%,0,1,1,13,1160,1180,1930,310
TXO,202609W1,20260902.0,45050.0,Put,1.6,1.6,0.2,0.2,-,▼-2.8,▼-93.33%,130,53,183,177,-,0.6,1060,0.2
TXO,202609W1,20260902.0,45100.0,Call,1020,1020,1020,1020,-,▼-970,▼-48.74%,0,1,1,36,1110,1130,1830,595
TXO,202609W1,20260902.0,45100.0,Put,1,1.6,0.2,0.2,-,▼-3.1,▼-93.94%,281,200,481,395,-,0.6,840,0.2
TXO,202609W1,20260902.0,45150.0,Call,-,-,-,-,-,-,-,0,0,0,26,1060,1080,1580,540
TXO,202609W1,20260902.0,45150.0,Put,1.6,1.7,0.2,0.2,-,▼-3.3,▼-94.29%,71,90,161,216,-,0.6,610,0.2
TXO,202609W1,20260902.0,45200.0,Call,1100,1100,1040,1050,-,▼-840,▼-44.44%,18,5,23,63,1010,1030,1890,400
TXO,202609W1,20260902.0,45200.0,Put,2.3,2.4,0.1,0.1,-,▼-3.6,▼-97.30%,201,144,345,427,-,0.4,755,0.1
TXO,202609W1,20260902.0,45250.0,Call,1120,1120,1120,1120,-,▼-720,▼-39.13%,0,1,1,35,965,980,1120,292
TXO,202609W1,20260902.0,45250.0,Put,0.9,1.8,0.1,0.2,-,▼-3.7,▼-94.87%,173,292,465,253,-,0.5,855,0.1
TXO,202609W1,20260902.0,45300.0,Call,1180,1180,920,920,-,▼-870,▼-48.60%,3,3,6,460,915,930,1880,269
TXO,202609W1,20260902.0,45300.0,Put,1.5,7,0.2,0.2,-,▼-3.9,▼-95.12%,562,509,1071,595,-,0.6,1320,0.2
TXO,202609W1,20260902.0,45350.0,Call,910,945,900,925,-,▼-815,▼-46.84%,6,31,37,48,865,880,1720,263
TXO,202609W1,20260902.0,45350.0,Put,1,2,0.2,0.3,-,▼-4,▼-93.02%,388,828,1216,760,-,0.6,477,0.2
TXO,202609W1,20260902.0,45400.0,Call,1150,1150,820,820,-,▼-870,▼-51.48%,11,12,23,408,815,825,1730,309
TXO,202609W1,20260902.0,45400.0,Put,1.8,4.8,0.1,0.2,-,▼-4.4,▼-95.65%,634,393,1027,504,-,0.1,880,0.1
TXO,202609W1,20260902.0,45450.0,Call,1150,1150,765,830,-,▼-810,▼-49.39%,6,11,17,60,770,780,1560,298
TXO,202609W1,20260902.0,45450.0,Put,1,3.4,0.2,0.2,-,▼-4.7,▼-95.92%,194,474,668,234,-,0.1,1140,0.2
TXO,202609W1,20260902.0,45500.0,Call,1060,1100,720,725,-,▼-865,▼-54.40%,28,22,50,339,720,725,1620,205
TXO,202609W1,20260902.0,45500.0,Put,3,3.7,0.1,0.1,-,▼-5.2,▼-98.11%,1141,1497,2638,1738,-,0.1,1410,0.1
TXO,202609W1,20260902.0,45550.0,Call,1050,1050,675,675,-,▼-865,▼-56.17%,2,8,10,80,670,680,1520,314
TXO,202609W1,20260902.0,45550.0,Put,2.5,4.8,0.1,0.1,-,▼-5.4,▼-98.18%,370,879,1249,399,-,0.3,560,0.1
TXO,202609W1,20260902.0,45600.0,Call,975,1000,615,620,-,▼-870,▼-58.39%,300,74,374,352,620,630,1580,184
TXO,202609W1,20260902.0,45600.0,Put,6,6,0.1,0.2,-,▼-5.8,▼-96.67%,1243,1126,2369,1707,-,0.3,1490,0.1
TXO,202609W1,20260902.0,45650.0,Call,940,940,585,585,-,▼-855,▼-59.38%,7,25,32,98,570,580,1410,259
TXO,202609W1,20260902.0,45650.0,Put,8,8,0.2,0.2,-,▼-6.3,▼-96.92%,367,593,960,438,-,0.3,605,0.2
TXO,202609W1,20260902.0,45700.0,Call,940,940,500,520,-,▼-870,▼-62.59%,39,123,162,480,520,530,1510,243
TXO,202609W1,20260902.0,45700.0,Put,7.5,8.9,0.1,0.2,-,▼-7.2,▼-97.30%,1308,1219,2527,1744,-,0.1,1430,0.1
TXO,202609W1,20260902.0,45750.0,Call,805,820,473,473,-,▼-867,▼-64.70%,10,21,31,68,472,474,1300,222
TXO,202609W1,20260902.0,45750.0,Put,8,10.5,0.1,0.2,-,▼-7.8,▼-97.50%,747,1039,1786,547,-,0.2,680,0.1
TXO,202609W1,20260902.0,45800.0,Call,835,850,400,421,-,▼-869,▼-67.36%,97,113,210,227,421,424,1410,147
TXO,202609W1,20260902.0,45800.0,Put,8.2,13,0.2,0.2,-,▼-8.8,▼-97.78%,2353,2476,4829,1726,-,1.5,1440,0.2
TXO,202609W1,20260902.0,45850.0,Call,745,755,350,375,-,▼-865,▼-69.76%,17,74,91,64,372,373,1350,183
TXO,202609W1,20260902.0,45850.0,Put,10,16,0.2,0.2,-,▼-10.3,▼-98.10%,1597,1429,3026,619,-,0.3,700,0.2
TXO,202609W1,20260902.0,45900.0,Call,710,740,297,323,-,▼-877,▼-73.08%,450,377,827,222,322,324,1250,141
TXO,202609W1,20260902.0,45900.0,Put,10.5,21,0.1,0.1,-,▼-10.4,▼-99.05%,3272,3317,6589,1919,-,0.1,1440,0.1
TXO,202609W1,20260902.0,45950.0,Call,640,700,253,273,-,▼-877,▼-76.26%,22,124,146,119,272,274,1140,150
TXO,202609W1,20260902.0,45950.0,Put,13,28,0.1,0.1,-,▼-11.9,▼-99.17%,2148,2971,5119,741,0.1,0.3,1510,0.1
TXO,202609W1,20260902.0,46000.0,Call,670,670,199,223,-,▼-877,▼-79.73%,268,2129,2397,609,222,224,1220,115
TXO,202609W1,20260902.0,46000.0,Put,14.5,35,0.1,0.1,-,▼-13.9,▼-99.29%,7997,12881,20878,5079,-,0.3,1480,0.1
TXO,202609W1,20260902.0,46050.0,Call,605,610,150,173,-,▼-877,▼-83.52%,18,671,689,177,172,174,1010,109
TXO,202609W1,20260902.0,46050.0,Put,25,44.5,0.1,0.3,-,▼-14.2,▼-97.93%,2221,3958,6179,952,-,0.3,750,0.1
TXO,202609W1,20260902.0,46100.0,Call,535,565,97,123,-,▼-877,▼-87.70%,62,2900,2962,349,122,123,1120,97
TXO,202609W1,20260902.0,46100.0,Put,24,58,0.1,0.3,-,▼-16.7,▼-98.24%,3759,12821,16580,3694,-,0.1,1650,0.1
TXO,202609W1,20260902.0,46150.0,Call,450,520,48,73,-,▼-877,▼-92.32%,22,3009,3031,247,73,74,925,48
TXO,202609W1,20260902.0,46150.0,Put,32,75,0.1,0.1,-,▼-19.9,▼-99.50%,2649,10909,13558,2401,-,0.1,2090,0.1
TXO,202609W1,20260902.0,46200.0,Call,495,495,9.1,22,-,▼-888,▼-97.58%,173,14945,15118,2227,22,22.5,1020,9.1
TXO,202609W1,20260902.0,46200.0,Put,33,94,0.1,0.2,-,▼-22.8,▼-99.13%,4833,23781,28614,4832,-,0.3,1460,0.1
TXO,202609W1,20260902.0,46250.0,Call,480,480,0.1,0.1,-,▼-859.9,▼-99.99%,59,10900,10959,3103,0.1,0.2,970,0.1
TXO,202609W1,20260902.0,46250.0,Put,39,118,9.8,27.5,-,▲+2,▲+7.84%,3402,17259,20661,1343,27,27.5,805,9.8
TXO,202609W1,20260902.0,46300.0,Call,370,400,0.1,0.2,-,▼-814.8,▼-99.98%,484,19242,19726,3879,0.1,0.3,940,0.1
TXO,202609W1,20260902.0,46300.0,Put,45.5,143,28,76,-,▲+46,▲+153.33%,5891,17696,23587,1484,76,77,1820,25.5
TXO,202609W1,20260902.0,46350.0,Call,347,362,0.1,0.2,-,▼-769.8,▼-99.97%,129,10987,11116,2283,0.1,0.3,885,0.1
TXO,202609W1,20260902.0,46350.0,Put,65,175,35,125,-,▲+92,▲+278.79%,2880,7581,10461,893,125,128,955,30
TXO,202609W1,20260902.0,46400.0,Call,285,341,0.1,0.2,-,▼-719.8,▼-99.97%,984,18819,19803,3723,-,0.3,830,0.1
TXO,202609W1,20260902.0,46400.0,Put,72,216,45,175,-,▲+136.5,▲+354.55%,5070,10855,15925,1314,175,176,1000,34
TXO,202609W1,20260902.0,46450.0,Call,253,281,0.1,0.3,-,▼-679.7,▼-99.96%,623,9055,9678,1823,-,0.2,800,0.1
TXO,202609W1,20260902.0,46450.0,Put,64,288,57,227,-,▲+182.5,▲+410.11%,2914,5131,8045,423,227,228,1010,38.5
TXO,202609W1,20260902.0,46500.0,Call,213,272,0.1,0.1,-,▼-634.9,▼-99.98%,2401,18909,21310,4842,-,0.5,740,0.1
TXO,202609W1,20260902.0,46500.0,Put,95,308,67,277,-,▲+225,▲+432.69%,9349,9792,19141,1422,275,277,1130,43.5
TXO,202609W1,20260902.0,46550.0,Call,206,210,0.1,0.2,-,▼-594.8,▼-99.97%,568,6498,7066,1292,-,0.3,690,0.1
TXO,202609W1,20260902.0,46550.0,Put,114,356,89,327,-,▲+267,▲+445.00%,2985,4080,7065,328,324,327,1100,50
TXO,202609W1,20260902.0,46600.0,Call,169,221,0.1,0.2,-,▼-549.8,▼-99.96%,2512,13166,15678,3394,-,1.2,670,0.1
TXO,202609W1,20260902.0,46600.0,Put,139,408,109,375,-,▲+308,▲+459.70%,5992,4893,10885,694,374,377,1200,55
TXO,202609W1,20260902.0,46650.0,Call,150,173,0.1,0.2,-,▼-514.8,▼-99.96%,1553,6243,7796,1312,-,0.3,615,0.1
TXO,202609W1,20260902.0,46650.0,Put,158,454,129,428,-,▲+350,▲+448.72%,2949,1843,4792,212,424,428,1200,63
TXO,202609W1,20260902.0,46700.0,Call,144,158,0.2,0.2,-,▼-470.8,▼-99.96%,4221,12041,16262,2326,-,0.2,585,0.2
TXO,202609W1,20260902.0,46700.0,Put,190,505,152,477,-,▲+390,▲+448.28%,5511,3887,9398,692,476,477,1300,72
TXO,202609W1,20260902.0,46750.0,Call,91,131,0.1,0.2,-,▼-429.8,▼-99.95%,1976,4929,6905,1215,-,0.3,550,0.1
TXO,202609W1,20260902.0,46750.0,Put,250,545,181,525,-,▲+425,▲+425.00%,3232,1781,5013,339,525,530,1130,81
TXO,202609W1,20260902.0,46800.0,Call,104,115,0.1,0.1,-,▼-398.9,▼-99.97%,6740,10150,16890,2887,-,0.1,510,0.1
TXO,202609W1,20260902.0,46800.0,Put,241,605,213,575,-,▲+459,▲+395.69%,6101,2504,8605,652,575,580,2190,92
TXO,202609W1,20260902.0,46850.0,Call,84,93,0.2,0.2,-,▼-358.8,▼-99.94%,2495,3622,6117,1017,-,0.4,471,0.2
TXO,202609W1,20260902.0,46850.0,Put,273,650,250,630,-,▲+501,▲+388.37%,2043,654,2697,278,625,630,1310,106
TXO,202609W1,20260902.0,46900.0,Call,77,78,0.1,0.1,-,▼-329.9,▼-99.97%,6961,5890,12851,1987,-,0.1,432,0.1
TXO,202609W1,20260902.0,46900.0,Put,309,700,287,675,-,▲+531,▲+368.75%,3459,794,4253,790,675,680,2750,118
TXO,202609W1,20260902.0,46950.0,Call,70,70,0.1,0.1,-,▼-299.9,▼-99.97%,4049,3421,7470,1145,-,0.1,392,0.1
TXO,202609W1,20260902.0,46950.0,Put,345,750,323,730,-,▲+568,▲+350.62%,1707,370,2077,219,725,730,1260,133
TXO,202609W1,20260902.0,47000.0,Call,55,55,0.1,0.5,-,▼-269.5,▼-99.81%,13072,10597,23669,5073,-,0.5,364,0.1
TXO,202609W1,20260902.0,47000.0,Put,405,800,365,775,-,▲+594,▲+328.18%,4574,821,5395,371,775,780,1550,148
TXO,202609W1,20260902.0,47050.0,Call,31,43.5,0.1,0.4,-,▼-242.6,▼-99.84%,2884,2882,5766,929,-,1,331,0.1
TXO,202609W1,20260902.0,47050.0,Put,450,850,431,825,-,▲+619,▲+300.49%,961,134,1095,53,825,830,1350,164
TXO,202609W1,20260902.0,47100.0,Call,36,36,0.1,0.1,-,▼-213.9,▼-99.95%,5963,3553,9516,1721,-,0.3,297,0.1
TXO,202609W1,20260902.0,47100.0,Put,525,900,451,875,-,▲+644,▲+278.79%,1624,206,1830,150,875,880,1430,185
TXO,202609W1,20260902.0,47150.0,Call,26.5,27.5,0.2,0.2,-,▼-188.8,▼-99.89%,3104,1754,4858,792,-,1.3,268,0.2
TXO,202609W1,20260902.0,47150.0,Put,492,925,492,920,-,▲+655,▲+247.17%,841,80,921,60,920,930,1520,205
TXO,202609W1,20260902.0,47200.0,Call,20,22.5,0.1,0.1,-,▼-168.9,▼-99.94%,7495,4264,11759,2389,-,0.2,242,0.1
TXO,202609W1,20260902.0,47200.0,Put,665,1000,550,970,-,▲+689,▲+245.20%,1556,283,1839,173,970,980,2520,221
TXO,202609W1,20260902.0,47250.0,Call,13.5,15.5,0.1,0.3,-,▼-146.7,▼-99.80%,2751,1390,4141,761,-,0.3,215,0.1
TXO,202609W1,20260902.0,47250.0,Put,615,1030,590,1030,-,▲+721,▲+233.33%,214,38,252,27,1020,1030,1730,256
TXO,202609W1,20260902.0,47300.0,Call,14.5,14.5,0.1,0.1,-,▼-124.9,▼-99.92%,6021,2284,8305,1805,-,0.6,212,0.1
TXO,202609W1,20260902.0,47300.0,Put,665,1090,665,1070,-,▲+729,▲+213.78%,747,61,808,85,1070,1080,1800,275
TXO,202609W1,20260902.0,47350.0,Call,9.8,10,0.2,0.3,-,▼-109.7,▼-99.73%,2724,957,3681,945,-,0.1,168,0.2
TXO,202609W1,20260902.0,47350.0,Put,705,1020,695,1020,-,▲+644,▲+171.28%,136,30,166,25,1120,1130,1920,305
TXO,202609W1,20260902.0,47400.0,Call,7,8.6,0.1,0.4,-,▼-90.6,▼-99.56%,6785,1838,8623,2501,-,0.4,195,0.1
TXO,202609W1,20260902.0,47400.0,Put,750,1180,745,1180,-,▲+769,▲+187.10%,231,16,247,55,1170,1180,1990,332
TXO,202609W1,20260902.0,47450.0,Call,5.2,6.3,0.2,0.2,-,▼-77.8,▼-99.74%,2455,941,3396,917,-,1,128,0.2
TXO,202609W1,20260902.0,47450.0,Put,810,1240,810,1220,-,▲+774,▲+173.54%,44,10,54,5,1220,1230,1980,372
TXO,202609W1,20260902.0,47500.0,Call,2.8,3.8,0.1,0.4,-,▼-67.6,▼-99.41%,8304,3317,11621,4202,-,0.4,166,0.1
TXO,202609W1,20260902.0,47500.0,Put,905,1250,860,1250,-,▲+761,▲+155.62%,290,23,313,52,1270,1280,2100,399
TXO,202609W1,20260902.0,47550.0,Call,2.3,2.5,0.2,0.3,-,▼-53.7,▼-99.44%,2374,643,3017,660,-,0.3,94,0.2
TXO,202609W1,20260902.0,47550.0,Put,930,1320,930,1320,-,▲+800,▲+153.85%,55,6,61,13,1320,1330,1320,431
TXO,202609W1,20260902.0,47600.0,Call,1.9,2,0.1,0.3,-,▼-45.2,▼-99.34%,3714,983,4697,1708,-,0.3,150,0.1
TXO,202609W1,20260902.0,47600.0,Put,940,1400,940,1380,-,▲+820,▲+146.43%,329,40,369,32,1370,1380,1400,475
TXO,202609W1,20260902.0,47650.0,Call,1,1,0.1,0.2,-,▼-36.3,▼-99.45%,1418,443,1861,565,-,0.2,67,0.1
TXO,202609W1,20260902.0,47650.0,Put,1280,1410,1280,1400,-,▲+795,▲+131.40%,29,3,32,11,1420,1430,1410,505
TXO,202609W1,20260902.0,47700.0,Call,2,2,0.1,0.2,-,▼-30.3,▼-99.34%,2812,693,3505,1652,-,0.2,130,0.1
TXO,202609W1,20260902.0,47700.0,Put,-,-,-,-,-,-,-,27,0,27,15,1470,1480,1330,560
TXO,202609W1,20260902.0,47750.0,Call,0.3,0.3,0.3,0.3,-,▼-24.2,▼-98.78%,0,20,20,20,-,0.3,0.3,0.3
TXO,202609W1,20260902.0,47750.0,Put,-,-,-,-,-,-,-,0,0,0,0,1520,1530,-,-
TXO,202609W1,20260902.0,47800.0,Call,1.1,1.1,0.1,0.1,-,▼-19.9,▼-99.50%,2728,483,3211,1690,0.1,0.2,115,0.1
TXO,202609W1,20260902.0,47800.0,Put,-,-,-,-,-,-,-,29,0,29,9,1570,1580,1400,660
TXO,202609W1,20260902.0,47850.0,Call,-,-,-,-,-,-,-,0,0,0,0,-,0.3,-,-
TXO,202609W1,20260902.0,47850.0,Put,-,-,-,-,-,-,-,0,0,0,0,1620,1630,-,-
TXO,202609W1,20260902.0,47900.0,Call,0.7,0.7,0.1,0.2,-,▼-11.8,▼-98.33%,1578,497,2075,977,-,0.2,102,0.1
TXO,202609W1,20260902.0,47900.0,Put,1680,1680,1680,1680,-,▲+850,▲+102.41%,4,1,5,3,1670,1680,1680,760
TXO,202609W1,20260902.0,47950.0,Call,-,-,-,-,-,-,-,0,0,0,0,-,0.3,-,-
TXO,202609W1,20260902.0,47950.0,Put,-,-,-,-,-,-,-,0,0,0,0,1720,1730,-,-
TXO,202609W1,20260902.0,48000.0,Call,0.5,0.5,0.1,0.2,-,▼-5.8,▼-96.67%,4726,404,5130,7505,-,0.2,96,0.1
TXO,202609W1,20260902.0,48000.0,Put,1510,1510,1510,1510,-,▲+580,▲+62.37%,62,1,63,7,1770,1790,2350,800
TXO,202609W1,20260902.0,48050.0,Call,-,-,-,-,-,-,-,0,0,0,0,-,-,-,-
TXO,202609W1,20260902.0,48050.0,Put,-,-,-,-,-,-,-,0,0,0,0,1820,1840,-,-
TXO,202609W1,20260902.0,48100.0,Call,0.3,0.5,0.1,0.2,-,▼-2.2,▼-91.67%,786,331,1117,870,-,0.2,79,0.1
TXO,202609W1,20260902.0,48100.0,Put,-,-,-,-,-,-,-,4,0,4,2,1870,1890,1610,920
TXO,202609W1,20260902.0,48150.0,Call,-,-,-,-,-,-,-,0,0,0,0,-,-,-,-
TXO,202609W1,20260902.0,48150.0,Put,-,-,-,-,-,-,-,0,0,0,0,1920,1940,-,-
TXO,202609W1,20260902.0,48200.0,Call,0.2,0.2,0.1,0.2,-,▼-1.4,▼-87.50%,1068,30,1098,3210,-,0.2,66,0.1
TXO,202609W1,20260902.0,48200.0,Put,-,-,-,-,-,-,-,1,0,1,2,1970,1990,1580,1390
TXO,202609W1,20260902.0,48250.0,Call,-,-,-,-,-,-,-,0,0,0,0,-,-,-,-
TXO,202609W1,20260902.0,48250.0,Put,-,-,-,-,-,-,-,0,0,0,0,2020,2040,-,-
TXO,202609W1,20260902.0,48300.0,Call,0.5,0.5,0.1,0.2,-,▼-0.5,▼-71.43%,451,17,468,550,-,0.2,62,0.1
TXO,202609W1,20260902.0,48300.0,Put,-,-,-,-,-,-,-,2,0,2,2,2070,2090,1670,1490
TXO,202609W1,20260902.0,48350.0,Call,-,-,-,-,-,-,-,0,0,0,0,-,-,-,-
TXO,202609W1,20260902.0,48350.0,Put,-,-,-,-,-,-,-,0,0,0,0,2120,2140,-,-
TXO,202609W1,20260902.0,48400.0,Call,0.3,0.3,0.1,0.1,-,▼-0.3,▼-75.00%,155,14,169,662,-,0.5,59,0.1
TXO,202609W1,20260902.0,48400.0,Put,-,-,-,-,-,-,-,1,0,1,1,2170,2190,1980,1390
TXO,202609W1,20260902.0,48500.0,Call,0.1,0.1,0.1,0.1,-,▼-0.2,▼-66.67%,60,1,61,284,-,10,40.5,0.1
TXO,202609W1,20260902.0,48500.0,Put,-,-,-,-,-,-,-,0,0,0,0,2270,2290,3770,3770
TXO,202609W1,20260902.0,48600.0,Call,0.2,0.2,0.2,0.2,-,0,0%,8,4,12,157,-,0.3,50,0.1
TXO,202609W1,20260902.0,48600.0,Put,-,-,-,-,-,-,-,0,0,0,0,2370,2390,-,-
TXO,202609W1,20260902.0,48700.0,Call,0.2,0.2,0.2,0.2,-,0,0%,11,3,14,124,-,0.4,31.5,0.1
TXO,202609W1,20260902.0,48700.0,Put,-,-,-,-,-,-,-,0,0,0,0,2470,2490,-,-
TXO,202609W1,20260902.0,48800.0,Call,0.2,0.2,0.1,0.1,-,▼-0.1,▼-50.00%,2,3,5,87,-,0.3,41,0.1
TXO,202609W1,20260902.0,48800.0,Put,-,-,-,-,-,-,-,0,0,0,0,2570,2590,-,-
TXO,202609W1,20260902.0,48900.0,Call,0.2,0.2,0.2,0.2,-,▲+0.1,-,1,6,7,69,-,0.2,38,0.1
TXO,202609W1,20260902.0,48900.0,Put,-,-,-,-,-,-,-,0,0,0,0,2670,2690,-,-
TXO,202609W1,20260902.0,49000.0,Call,0.2,0.2,0.2,0.2,-,▲+0.1,-,7,2,9,680,-,6,32.5,0.1
TXO,202609W1,20260902.0,49000.0,Put,-,-,-,-,-,-,-,0,0,0,0,2770,2790,-,-
TXO,202609W1,20260902.0,49100.0,Call,0.2,0.2,0.2,0.2,-,▲+0.1,-,2,14,16,391,-,38,19,0.1
TXO,202609W1,20260902.0,49100.0,Put,-,-,-,-,-,-,-,0,0,0,0,2870,2890,-,-
TXO,202609W1,20260902.0,49200.0,Call,0.2,0.2,0.2,0.2,-,▲+0.1,-,8,1,9,88,-,0.5,35,0.1
TXO,202609W1,20260902.0,49200.0,Put,-,-,-,-,-,-,-,0,0,0,0,2970,2990,-,-
TXO,202609W1,20260902.0,49300.0,Call,0.2,0.2,0.2,0.2,-,▲+0.1,-,0,2,2,29,-,45,31,0.1
TXO,202609W1,20260902.0,49300.0,Put,-,-,-,-,-,-,-,0,0,0,0,3070,3090,-,-
TXO,202609W1,20260902.0,49400.0,Call,0.2,0.2,0.2,0.2,-,▲+0.1,-,0,6,6,16,-,450,13,0.2
TXO,202609W1,20260902.0,49400.0,Put,-,-,-,-,-,-,-,0,0,0,0,3170,3190,-,-
TXO,202609W1,20260902.0,49500.0,Call,0.2,0.2,0.2,0.2,-,▲+0.1,-,0,1,1,20,-,20,23.5,0.1
TXO,202609W1,20260902.0,49500.0,Put,-,-,-,-,-,-,-,0,0,0,0,0.2,-,-,-
TXO,202609W1,20260902.0,49600.0,Call,0.2,0.2,0.2,0.2,-,▲+0.1,-,0,2,2,38,-,450,22,0.2
TXO,202609W1,20260902.0,49600.0,Put,-,-,-,-,-,-,-,0,0,0,0,-,-,-,-
TXO,202609W1,20260902.0,49700.0,Call,0.2,0.2,0.2,0.2,-,▲+0.1,-,0,1,1,20,-,25,98,0.2
TXO,202609W1,20260902.0,49700.0,Put,-,-,-,-,-,-,-,0,0,0,0,-,-,-,-
TXO,202609W1,20260902.0,49800.0,Call,0.2,0.2,0.2,0.2,-,▲+0.1,-,0,1,1,16,-,450,9,0.1
TXO,202609W1,20260902.0,49800.0,Put,-,-,-,-,-,-,-,0,0,0,0,-,-,-,-
TXO,202609W1,20260902.0,49900.0,Call,0.2,0.5,0.2,0.5,-,▲+0.4,-,1,11,12,128,-,450,61,0.2
TXO,202609W1,20260902.0,49900.0,Put,-,-,-,-,-,-,-,0,0,0,0,-,-,-,-
TXO,202609W1,20260902.0,50000.0,Call,-,-,-,-,-,-,-,0,0,0,45,-,450,7,0.4
TXO,202609W1,20260902.0,50000.0,Put,-,-,-,-,-,-,-,0,0,0,0,-,-,-,-
TXO,202609W1,20260902.0,50100.0,Call,0.2,0.2,0.2,0.2,-,▲+0.1,-,0,1,1,77,-,450,6,0.2
TXO,202609W1,20260902.0,50100.0,Put,-,-,-,-,-,-,-,0,0,0,0,-,-,-,-
TXO,202609W1,20260902.0,50200.0,Call,0.2,0.2,0.2,0.2,-,▲+0.1,-,0,1,1,46,-,10.5,6.2,0.2
TXO,202609W1,20260902.0,50200.0,Put,-,-,-,-,-,-,-,0,0,0,0,-,-,-,-
TXO,202609W1,20260902.0,50300.0,Call,0.2,0.2,0.2,0.2,-,▲+0.1,-,2,6,8,57,-,565,5,0.2
TXO,202609W1,20260902.0,50300.0,Put,-,-,-,-,-,-,-,0,0,0,0,-,-,-,-
TXO,202609W1,20260902.0,50400.0,Call,-,-,-,-,-,-,-,1,0,1,35,-,565,5,0.2
TXO,202609W1,20260902.0,50400.0,Put,-,-,-,-,-,-,-,0,0,0,0,-,-,-,-
TXO,202609W1,20260902.0,50500.0,Call,-,-,-,-,-,-,-,2,0,2,23,-,99,5.2,0.2
TXO,202609W1,20260902.0,50500.0,Put,-,-,-,-,-,-,-,0,0,0,0,-,-,-,-
TXO,202609W1,20260902.0,50600.0,Call,0.2,0.2,0.2,0.2,-,▲+0.1,-,0,2,2,735,-,565,1.9,0.1
TXO,202609W1,20260902.0,50600.0,Put,-,-,-,-,-,-,-,0,0,0,0,-,-,-,-
TXO,202609W1,20260902.0,50700.0,Call,-,-,-,-,-,-,-,0,0,0,0,-,-,-,-
TXO,202609W1,20260902.0,50700.0,Put,-,-,-,-,-,-,-,0,0,0,0,-,-,-,-
TXO,202609W1,20260902.0,50800.0,Call,0.5,0.5,0.5,0.5,-,▲+0.4,-,0,1,1,1,-,-,0.5,0.5
TXO,202609W1,20260902.0,50800.0,Put,-,-,-,-,-,-,-,0,0,0,0,-,-,-,-
TXO,202609W1,20260902.0,50900.0,Call,-,-,-,-,-,-,-,0,0,0,0,-,-,-,-
TXO,202609W1,20260902.0,50900.0,Put,-,-,-,-,-,-,-,0,0,0,0,-,-,-,-
TXO,202609W1,20260902.0,51000.0,Call,-,-,-,-,-,-,-,0,0,0,0,-,-,-,-
TXO,202609W1,20260902.0,51000.0,Put,-,-,-,-,-,-,-,0,0,0,0,-,-,-,-
TXO,202609W1,20260902.0,51100.0,Call,-,-,-,-,-,-,-,0,0,0,0,-,-,-,-
TXO,202609W1,20260902.0,51100.0,Put,-,-,-,-,-,-,-,0,0,0,0,-,-,-,-
TXO,202609W1,20260902.0,51200.0,Call,-,-,-,-,-,-,-,0,0,0,0,-,-,-,-
TXO,202609W1,20260902.0,51200.0,Put,-,-,-,-,-,-,-,0,0,0,0,-,-,-,-
TXO,202609W1,20260902.0,51300.0,Call,-,-,-,-,-,-,-,0,0,0,0,-,-,-,-
TXO,202609W1,20260902.0,51300.0,Put,-,-,-,-,-,-,-,0,0,0,0,-,-,-,-
TXO,202609W1,20260902.0,51400.0,Call,-,-,-,-,-,-,-,0,0,0,0,-,-,-,-
TXO,202609W1,20260902.0,51400.0,Put,-,-,-,-,-,-,-,0,0,0,0,-,-,-,-
TXO,202609W1,20260902.0,51500.0,Call,-,-,-,-,-,-,-,0,0,0,0,-,-,-,-
TXO,202609W1,20260902.0,51500.0,Put,-,-,-,-,-,-,-,0,0,0,0,-,-,-,-
TXO,202609W1,20260902.0,51600.0,Call,-,-,-,-,-,-,-,0,0,0,0,-,-,-,-
TXO,202609W1,20260902.0,51600.0,Put,-,-,-,-,-,-,-,0,0,0,0,-,-,-,-
TXO,202609W1,20260902.0,51700.0,Call,-,-,-,-,-,-,-,0,0,0,0,-,-,-,-
TXO,202609W1,20260902.0,51700.0,Put,-,-,-,-,-,-,-,0,0,0,0,-,-,-,-
TXO,202609F1,20260904.0,40200.0,Call,-,-,-,-,5900,-,-,0,0,0,0,-,-,-,-
TXO,202609F1,20260904.0,40200.0,Put,2,2,0.7,0.7,0.5,▼-2.3,▼-76.67%,11,95,106,133,0.4,0.6,63,0.7
TXO,202609F1,20260904.0,40300.0,Call,-,-,-,-,5800,-,-,0,0,0,0,-,-,-,-
TXO,202609F1,20260904.0,40300.0,Put,1.3,1.3,0.7,0.7,0.6,▼-2.3,▼-76.67%,13,10,23,23,0.5,0.7,50,0.7
TXO,202609F1,20260904.0,40400.0,Call,-,-,-,-,5700,-,-,0,0,0,0,-,-,-,-
TXO,202609F1,20260904.0,40400.0,Put,2.1,2.1,0.8,0.8,0.6,▼-2.5,▼-75.76%,13,89,102,38,-,2,106,0.8
TXO,202609F1,20260904.0,40500.0,Call,-,-,-,-,5600,-,-,0,0,0,0,-,-,-,-
TXO,202609F1,20260904.0,40500.0,Put,2.2,2.2,0.8,0.8,0.7,▼-2.5,▼-75.76%,0,6,6,51,-,2.2,106,0.8
TXO,202609F1,20260904.0,40600.0,Call,-,-,-,-,5500,-,-,0,0,0,0,-,-,-,-
TXO,202609F1,20260904.0,40600.0,Put,2,2,0.8,0.8,0.8,▼-2.5,▼-75.76%,0,18,18,20,-,101,116,0.8
TXO,202609F1,20260904.0,40700.0,Call,-,-,-,-,5400,-,-,0,0,0,0,-,-,-,-
TXO,202609F1,20260904.0,40700.0,Put,0.9,0.9,0.9,0.9,0.8,▼-2.5,▼-73.53%,0,5,5,8,-,-,107,0.9
TXO,202609F1,20260904.0,40800.0,Call,-,-,-,-,5300,-,-,0,0,0,0,-,-,-,-
TXO,202609F1,20260904.0,40800.0,Put,0.9,0.9,0.9,0.9,0.9,▼-2.6,▼-74.29%,0,5,5,10,-,-,125,0.9
TXO,202609F1,20260904.0,40900.0,Call,-,-,-,-,5200,-,-,0,0,0,0,-,-,-,-
TXO,202609F1,20260904.0,40900.0,Put,3.2,3.2,1,1,1,▼-2.6,▼-72.22%,2,24,26,32,0.8,1,122,1
TXO,202609F1,20260904.0,41000.0,Call,-,-,-,-,5100,-,-,0,0,0,0,-,-,-,-
TXO,202609F1,20260904.0,41000.0,Put,2.8,2.8,1.4,1.4,1.1,▼-2.3,▼-62.16%,9,11,20,28,-,-,130,1.4
TXO,202609F1,20260904.0,41100.0,Call,-,-,-,-,5000,-,-,0,0,0,0,-,-,-,-
TXO,202609F1,20260904.0,41100.0,Put,-,-,-,-,1.1,-,-,0,0,0,2,0.9,1.2,107,63
TXO,202609F1,20260904.0,41200.0,Call,-,-,-,-,4900,-,-,0,0,0,0,-,-,-,-
TXO,202609F1,20260904.0,41200.0,Put,-,-,-,-,1.2,-,-,0,0,0,7,0.1,-,108,3.9
TXO,202609F1,20260904.0,41300.0,Call,-,-,-,-,4800,-,-,0,0,0,0,-,-,-,-
TXO,202609F1,20260904.0,41300.0,Put,1.9,1.9,1.8,1.8,1.3,▼-2.2,▼-55.00%,0,2,2,31,1.1,1.4,105,1.8
TXO,202609F1,20260904.0,41400.0,Call,-,-,-,-,4700,-,-,0,0,0,0,-,-,-,-
TXO,202609F1,20260904.0,41400.0,Put,2.3,2.3,1.5,1.6,1.4,▼-2.9,▼-64.44%,0,25,25,4,0.2,4.8,99,1.5
TXO,202609F1,20260904.0,41500.0,Call,-,-,-,-,4600,-,-,0,0,0,0,-,-,-,-
TXO,202609F1,20260904.0,41500.0,Put,2.5,2.7,1.4,1.4,1.4,▼-3.2,▼-69.57%,90,188,278,416,1,2.1,165,1.4
TXO,202609F1,20260904.0,41600.0,Call,-,-,-,-,4500,-,-,0,0,0,0,-,-,-,-
TXO,202609F1,20260904.0,41600.0,Put,-,-,-,-,1.7,-,-,1,0,1,5,1.5,1.8,152,4.3
TXO,202609F1,20260904.0,41700.0,Call,-,-,-,-,4400,-,-,0,0,0,0,-,-,-,-
TXO,202609F1,20260904.0,41700.0,Put,2,2,2,2,1.8,▼-2.8,▼-58.33%,0,2,2,6,-,-,132,2
TXO,202609F1,20260904.0,41800.0,Call,-,-,-,-,4300,-,-,0,0,0,0,-,-,-,-
TXO,202609F1,20260904.0,41800.0,Put,3,3,2.2,2.2,1.9,▼-2.9,▼-56.86%,13,6,19,26,1.7,2,184,2.2
TXO,202609F1,20260904.0,41900.0,Call,-,-,-,-,4200,-,-,0,0,0,0,-,-,-,-
TXO,202609F1,20260904.0,41900.0,Put,-,-,-,-,2.1,-,-,0,0,0,3,0.6,-,146,4.7
TXO,202609F1,20260904.0,42000.0,Call,-,-,-,-,4100,-,-,0,0,0,0,-,-,-,-
TXO,202609F1,20260904.0,42000.0,Put,4.8,4.8,2,2,2.2,▼-3.4,▼-62.96%,6,25,31,23,1.1,4,230,2
TXO,202609F1,20260904.0,42100.0,Call,-,-,-,-,4000,-,-,0,0,0,0,-,-,-,-
TXO,202609F1,20260904.0,42100.0,Put,5.1,5.1,5.1,5.1,2.3,▼-0.6,▼-10.53%,21,1,22,21,2.1,2.5,23,5.1
TXO,202609F1,20260904.0,42200.0,Call,-,-,-,-,3900,-,-,0,0,0,0,-,-,-,-
TXO,202609F1,20260904.0,42200.0,Put,3.6,4,3.6,4,2.5,▼-1.9,▼-32.20%,32,11,43,37,2.3,2.7,200,3.6
TXO,202609F1,20260904.0,42300.0,Call,-,-,-,-,3810,-,-,0,0,0,0,-,-,-,-
TXO,202609F1,20260904.0,42300.0,Put,5.9,5.9,3.2,3.2,2.7,▼-2.9,▼-47.54%,29,15,44,42,0.3,106,34,3.2
TXO,202609F1,20260904.0,42400.0,Call,-,-,-,-,3710,-,-,0,0,0,0,3420,-,-,-
TXO,202609F1,20260904.0,42400.0,Put,5.9,5.9,4.1,4.1,3,▼-2,▼-32.79%,2,12,14,15,2.8,3.2,252,4.1
TXO,202609F1,20260904.0,42500.0,Call,-,-,-,-,3610,-,-,0,0,0,0,0.2,-,-,-
TXO,202609F1,20260904.0,42500.0,Put,5.8,5.8,3.1,3.5,3.5,▼-3.2,▼-47.76%,24,42,66,62,3,3.3,252,3.1
TXO,202609F1,20260904.0,42600.0,Call,-,-,-,-,3510,-,-,0,0,0,0,0.2,-,-,-
TXO,202609F1,20260904.0,42600.0,Put,4.9,4.9,4.6,4.6,3.7,▼-2.4,▼-34.29%,1,16,17,32,0.3,4.2,253,4.6
TXO,202609F1,20260904.0,42700.0,Call,-,-,-,-,3410,-,-,0,0,0,0,0.2,-,-,-
TXO,202609F1,20260904.0,42700.0,Put,5.8,5.8,3.9,3.9,3.9,▼-3.4,▼-46.58%,5,37,42,36,3.6,4.1,201,3.9
TXO,202609F1,20260904.0,42800.0,Call,-,-,-,-,3310,-,-,0,0,0,0,3280,-,-,-
TXO,202609F1,20260904.0,42800.0,Put,7.1,7.2,4.4,4.4,4.4,▼-3.1,▼-41.33%,2,21,23,21,4.1,4.5,320,4.4
TXO,202609F1,20260904.0,42900.0,Call,-,-,-,-,3210,-,-,0,0,0,0,3180,-,-,-
TXO,202609F1,20260904.0,42900.0,Put,5.9,6.1,5.9,6.1,4.6,▼-1.7,▼-21.79%,0,11,11,17,4.4,4.8,334,5.9
TXO,202609F1,20260904.0,43000.0,Call,-,-,-,-,3110,-,-,0,0,0,0,0.2,-,-,-
TXO,202609F1,20260904.0,43000.0,Put,8.2,8.2,5.1,5.1,5.1,▼-3.1,▼-37.80%,16,18,34,125,4.7,5.1,380,5.1
TXO,202609F1,20260904.0,43100.0,Call,-,-,-,-,3010,-,-,0,0,0,1,2980,-,2180,2180
TXO,202609F1,20260904.0,43100.0,Put,6.7,6.7,5.4,5.4,5.4,▼-3.1,▼-36.47%,4,40,44,34,2.9,5.4,314,5.4
TXO,202609F1,20260904.0,43200.0,Call,-,-,-,-,2910,-,-,0,0,0,1,2880,3010,2120,2120
TXO,202609F1,20260904.0,43200.0,Put,8.4,8.4,6.2,6.2,6.2,▼-2.9,▼-31.87%,0,8,8,19,5.9,6,336,6.2
TXO,202609F1,20260904.0,43300.0,Call,-,-,-,-,2810,-,-,0,0,0,1,0.2,-,1990,1990
TXO,202609F1,20260904.0,43300.0,Put,8.6,9.4,7.3,9.2,6.8,▼-0.5,▼-5.15%,6,24,30,28,6.5,7.1,297,7.3
TXO,202609F1,20260904.0,43400.0,Call,-,-,-,-,2710,-,-,0,0,0,2,0.2,2820,1910,1890
TXO,202609F1,20260904.0,43400.0,Put,10.5,10.5,6.6,6.6,7.2,▼-3.4,▼-34.00%,0,21,21,23,0.3,11.5,318,6.6
TXO,202609F1,20260904.0,43450.0,Call,-,-,-,-,2660,-,-,0,0,0,0,2630,-,-,-
TXO,202609F1,20260904.0,43450.0,Put,8.7,9.9,7.5,7.5,7.5,▼-2.5,▼-25.00%,198,40,238,23,7.3,8.1,116,7.5
TXO,202609F1,20260904.0,43500.0,Call,-,-,-,-,2610,-,-,0,0,0,1,2580,2700,1990,1990
TXO,202609F1,20260904.0,43500.0,Put,10,11,7.7,8.3,8.3,▼-1.7,▼-17.00%,32,117,149,128,8.1,8.7,550,7.7
TXO,202609F1,20260904.0,43550.0,Call,-,-,-,-,2560,-,-,0,0,0,0,2530,-,-,-
TXO,202609F1,20260904.0,43550.0,Put,9.9,12,8.8,8.8,8.8,▼-2.2,▼-20.00%,0,12,12,25,8.4,9,325,8.8
TXO,202609F1,20260904.0,43600.0,Call,-,-,-,-,2510,-,-,0,0,0,1,2480,-,1920,1920
TXO,202609F1,20260904.0,43600.0,Put,13,13,8.7,9.7,9.7,▼-1.3,▼-11.82%,80,66,146,52,0.9,12,332,8.7
TXO,202609F1,20260904.0,43650.0,Call,-,-,-,-,2460,-,-,0,0,0,0,0.2,-,2360,1800
TXO,202609F1,20260904.0,43650.0,Put,10.5,13,8.7,9,10,▼-2.5,▼-21.74%,0,14,14,25,9.4,10,343,8.7
TXO,202609F1,20260904.0,43700.0,Call,-,-,-,-,2410,-,-,0,0,0,0,2380,-,-,-
TXO,202609F1,20260904.0,43700.0,Put,11,14,9.5,11,11,▼-0.5,▼-4.35%,13,49,62,59,8.1,-,369,9.5
TXO,202609F1,20260904.0,43750.0,Call,-,-,-,-,2360,-,-,0,0,0,0,0.2,-,-,-
TXO,202609F1,20260904.0,43750.0,Put,11.5,12.5,10,11.5,11.5,▼-0.5,▼-4.17%,11,32,43,31,1.8,11.5,369,10
TXO,202609F1,20260904.0,43800.0,Call,-,-,-,-,2310,-,-,0,0,0,0,0.2,-,-,-
TXO,202609F1,20260904.0,43800.0,Put,12,15,10.5,11.5,11.5,▼-1.5,▼-11.54%,12,47,59,58,6,11.5,440,10.5
TXO,202609F1,20260904.0,43850.0,Call,-,-,-,-,2270,-,-,0,0,0,0,0.2,-,-,-
TXO,202609F1,20260904.0,43850.0,Put,12.5,16,10.5,12,12,▼-1,▼-7.69%,7,22,29,23,12,13,406,10.5
TXO,202609F1,20260904.0,43900.0,Call,-,-,-,-,2220,-,-,0,0,0,0,0.2,-,-,-
TXO,202609F1,20260904.0,43900.0,Put,15,17.5,12,13.5,13.5,▲+0.5,▲+3.85%,18,47,65,48,13,14,417,12
TXO,202609F1,20260904.0,43950.0,Call,-,-,-,-,2170,-,-,0,0,0,0,2150,-,-,-
TXO,202609F1,20260904.0,43950.0,Put,13.5,19,13.5,13.5,13.5,0,0%,6,20,26,27,2.2,29.5,430,13.5
TXO,202609F1,20260904.0,44000.0,Call,-,-,-,-,2120,-,-,0,0,0,0,2090,-,-,-
TXO,202609F1,20260904.0,44000.0,Put,18,20,12,15.5,15.5,▲+1.5,▲+10.71%,82,520,602,521,14.5,15.5,670,12
TXO,202609F1,20260904.0,44050.0,Call,-,-,-,-,2070,-,-,1,0,1,5,2040,-,2630,1220
TXO,202609F1,20260904.0,44050.0,Put,16,21,14,14,16,▼-0.5,▼-3.45%,4,57,61,68,15.5,16.5,640,14
TXO,202609F1,20260904.0,44100.0,Call,1990,1990,1990,1990,2020,▼-1020,▼-33.89%,0,1,1,1,1990,-,1990,1990
TXO,202609F1,20260904.0,44100.0,Put,15.5,22,15,18,18,▲+3,▲+20.00%,8,91,99,64,16.5,17.5,472,14
TXO,202609F1,20260904.0,44150.0,Call,-,-,-,-,1970,-,-,0,0,0,0,1940,-,-,-
TXO,202609F1,20260904.0,44150.0,Put,18.5,23,16,19,19,▲+3.5,▲+22.58%,0,23,23,30,18,19,489,16
TXO,202609F1,20260904.0,44200.0,Call,-,-,-,-,1920,-,-,0,0,0,0,1890,-,990,920
TXO,202609F1,20260904.0,44200.0,Put,20,25.5,16,19.5,19.5,▲+3.5,▲+21.88%,15,52,67,61,13,20,488,15
TXO,202609F1,20260904.0,44250.0,Call,-,-,-,-,1870,-,-,0,0,0,0,0.2,-,-,-
TXO,202609F1,20260904.0,44250.0,Put,19,26.5,17.5,21.5,21.5,▲+5.5,▲+34.38%,7,41,48,49,19,120,720,16
TXO,202609F1,20260904.0,44300.0,Call,-,-,-,-,1830,-,-,0,0,0,0,0.2,-,-,-
TXO,202609F1,20260904.0,44300.0,Put,25,29,17,23,23,▲+5.5,▲+31.43%,12,87,99,46,22,23,815,16.5
TXO,202609F1,20260904.0,44350.0,Call,-,-,-,-,1780,-,-,0,0,0,0,0.2,1790,1350,820
TXO,202609F1,20260904.0,44350.0,Put,21.5,31,18.5,20,24.5,▲+2,▲+11.11%,3,129,132,136,24,25.5,825,18
TXO,202609F1,20260904.0,44400.0,Call,-,-,-,-,1730,-,-,0,0,0,1,1700,1850,1370,1370
TXO,202609F1,20260904.0,44400.0,Put,22.5,33.5,20.5,26.5,26.5,▲+8,▲+43.24%,18,120,138,77,25.5,26.5,900,18.5
TXO,202609F1,20260904.0,44450.0,Call,-,-,-,-,1680,-,-,1,0,1,0,0.2,-,2240,715
TXO,202609F1,20260904.0,44450.0,Put,20.5,33.5,20.5,28.5,28.5,▲+9,▲+46.15%,1,97,98,98,27.5,29.5,895,17
TXO,202609F1,20260904.0,44500.0,Call,-,-,-,-,1630,-,-,0,0,0,1,0.2,1730,1200,755
TXO,202609F1,20260904.0,44500.0,Put,27,38,21.5,30.5,30.5,▲+10.5,▲+52.50%,39,250,289,160,30,32.5,900,3.8
TXO,202609F1,20260904.0,44550.0,Call,-,-,-,-,1590,-,-,0,0,0,2,0.2,-,1040,1040
TXO,202609F1,20260904.0,44550.0,Put,27,40,25,33,33,▲+11,▲+50.00%,40,50,90,61,32,34,745,20
TXO,202609F1,20260904.0,44600.0,Call,-,-,-,-,1540,-,-,0,0,0,1,0.2,-,1150,900
TXO,202609F1,20260904.0,44600.0,Put,27.5,42.5,25.5,35.5,35.5,▲+13,▲+57.78%,12,93,105,82,34,35.5,855,20
TXO,202609F1,20260904.0,44650.0,Call,-,-,-,-,1490,-,-,0,0,0,0,0.2,-,1070,875
TXO,202609F1,20260904.0,44650.0,Put,28,44.5,0.5,30.5,37.5,▲+7.5,▲+32.61%,4,61,65,54,10.5,110,860,0.5
TXO,202609F1,20260904.0,44700.0,Call,1420,1420,1420,1420,1440,▼-1000,▼-41.32%,1,1,2,2,0.2,1510,2000,1010
TXO,202609F1,20260904.0,44700.0,Put,28.5,49,28.5,42.5,42.5,▲+18.5,▲+77.08%,14,135,149,106,40,41.5,675,24
TXO,202609F1,20260904.0,44750.0,Call,-,-,-,-,1400,-,-,0,0,0,0,0.2,-,1680,590
TXO,202609F1,20260904.0,44750.0,Put,37,54,32,44,44,▲+19,▲+76.00%,7,70,77,42,43,44.5,695,23
TXO,202609F1,20260904.0,44800.0,Call,1410,1410,1300,1300,1350,▼-1020,▼-43.97%,0,2,2,2,1230,-,1410,970
TXO,202609F1,20260904.0,44800.0,Put,39,59,34.5,48,48,▲+22,▲+84.62%,102,196,298,198,46,48,940,24
TXO,202609F1,20260904.0,44850.0,Call,1500,1500,1500,1500,1300,▼-770,▼-33.92%,0,1,1,2,0.2,-,1500,935
TXO,202609F1,20260904.0,44850.0,Put,36,59,36,53,53,▲+25.5,▲+92.73%,5,40,45,31,42,54,990,27.5
TXO,202609F1,20260904.0,44900.0,Call,-,-,-,-,1260,-,-,0,0,0,2,0.2,-,985,890
TXO,202609F1,20260904.0,44900.0,Put,39.5,67,39.5,58,58,▲+28,▲+93.33%,11,111,122,65,54,56,900,26.5
TXO,202609F1,20260904.0,44950.0,Call,-,-,-,-,1210,-,-,0,0,0,1,1180,-,935,935
TXO,202609F1,20260904.0,44950.0,Put,44,72,38,62,62,▲+32,▲+106.67%,12,62,74,33,59,61,780,30
TXO,202609F1,20260904.0,45000.0,Call,-,-,-,-,1170,-,-,0,0,0,2,1060,-,1940,575
TXO,202609F1,20260904.0,45000.0,Put,47,79,42,66,66,▲+34,▲+106.25%,182,928,1110,714,58,68,940,29.5
TXO,202609F1,20260904.0,45050.0,Call,-,-,-,-,1120,-,-,0,0,0,2,830,-,1280,665
TXO,202609F1,20260904.0,45050.0,Put,52,82,48.5,72,72,▲+39,▲+118.18%,5,131,136,41,53,74,1080,33.5
TXO,202609F1,20260904.0,45100.0,Call,1220,1220,1090,1090,1090,▼-940,▼-46.31%,0,7,7,10,970,-,1220,488
TXO,202609F1,20260904.0,45100.0,Put,56,90,51,78,78,▲+43,▲+122.86%,19,227,246,190,70,92,1080,39
TXO,202609F1,20260904.0,45150.0,Call,-,-,-,-,1040,-,-,0,0,0,3,1010,-,1760,595
TXO,202609F1,20260904.0,45150.0,Put,70,99,68,84,84,▲+46.5,▲+124.00%,5,57,62,31,82,85,875,35
TXO,202609F1,20260904.0,45200.0,Call,1070,1070,1070,1070,995,▼-860,▼-44.56%,0,1,1,9,875,1720,1070,475
TXO,202609F1,20260904.0,45200.0,Put,65,105,58,94,94,▲+55,▲+141.03%,47,313,360,180,89,92,1090,38
TXO,202609F1,20260904.0,45250.0,Call,-,-,-,-,950,-,-,0,0,0,0,815,-,-,-
TXO,202609F1,20260904.0,45250.0,Put,85,114,80,98,98,▲+57,▲+139.02%,11,48,59,40,95,103,920,43.5
TXO,202609F1,20260904.0,45300.0,Call,1330,1330,980,980,910,▼-860,▼-46.74%,0,21,21,421,890,920,1630,488
TXO,202609F1,20260904.0,45300.0,Put,79,123,61,109,109,▲+66,▲+153.49%,54,473,527,211,104,107,980,43
TXO,202609F1,20260904.0,45350.0,Call,-,-,-,-,865,-,-,1,0,1,1,850,-,1400,515
TXO,202609F1,20260904.0,45350.0,Put,64,123,64,115,115,▲+69,▲+150.00%,5,81,86,67,113,115,1020,41
TXO,202609F1,20260904.0,45400.0,Call,905,910,820,820,820,▼-920,▼-52.87%,1,462,463,463,3.1,895,1740,555
TXO,202609F1,20260904.0,45400.0,Put,84,139,84,125,125,▲+73,▲+140.38%,51,500,551,391,122,126,1200,45
TXO,202609F1,20260904.0,45450.0,Call,765,765,765,765,790,▼-935,▼-55.00%,0,2,2,9,685,900,1150,505
TXO,202609F1,20260904.0,45450.0,Put,122,147,114,137,137,▲+85,▲+163.46%,12,42,54,43,46,303,400,53
TXO,202609F1,20260904.0,45500.0,Call,1040,1040,720,725,750,▼-925,▼-56.06%,0,467,467,464,730,780,1500,368
TXO,202609F1,20260904.0,45500.0,Put,103,170,87,147,147,▲+92,▲+167.27%,95,953,1048,526,145,171,1260,48.5
TXO,202609F1,20260904.0,45550.0,Call,800,800,800,800,710,▼-800,▼-50.00%,0,2,2,10,605,-,960,500
TXO,202609F1,20260904.0,45550.0,Put,103,167,103,165,165,▲+107,▲+184.48%,7,57,64,35,156,160,580,53
TXO,202609F1,20260904.0,45600.0,Call,735,755,655,660,660,▼-900,▼-57.69%,0,468,468,462,670,680,1040,418
TXO,202609F1,20260904.0,45600.0,Put,116,189,100,177,177,▲+115,▲+185.48%,33,309,342,277,100,193,1320,54
TXO,202609F1,20260904.0,45650.0,Call,800,800,610,610,640,▼-900,▼-59.60%,1,12,13,21,3.1,-,1140,610
TXO,202609F1,20260904.0,45650.0,Put,49,204,34,189,189,▲+119,▲+170.00%,54,124,178,62,96,188,660,34
TXO,202609F1,20260904.0,45700.0,Call,860,860,575,590,590,▼-870,▼-59.59%,1,13,14,25,39.5,-,1340,386
TXO,202609F1,20260904.0,45700.0,Put,134,217,115,201,201,▲+130,▲+183.10%,62,206,268,146,201,203,625,60
TXO,202609F1,20260904.0,45750.0,Call,665,665,605,605,570,▼-815,▼-57.39%,2,4,6,4,459,-,1420,370
TXO,202609F1,20260904.0,45750.0,Put,142,235,136,224,224,▲+147,▲+190.91%,17,62,79,34,214,219,1420,65
TXO,202609F1,20260904.0,45800.0,Call,645,650,505,515,540,▼-855,▼-62.41%,1,99,100,494,429,655,1190,340
TXO,202609F1,20260904.0,45800.0,Put,151,248,148,234,234,▲+148,▲+172.09%,103,306,409,326,234,236,810,72
TXO,202609F1,20260904.0,45850.0,Call,815,815,482,486,505,▼-844,▼-63.46%,1,16,17,18,494,-,1180,402
TXO,202609F1,20260904.0,45850.0,Put,155,263,155,261,261,▲+175,▲+203.49%,6,68,74,28,249,255,785,98
TXO,202609F1,20260904.0,45900.0,Call,780,780,448,468,468,▼-812,▼-63.44%,0,432,432,361,407,-,945,244
TXO,202609F1,20260904.0,45900.0,Put,152,331,152,276,276,▲+178,▲+181.63%,18,281,299,136,238,364,1710,81
TXO,202609F1,20260904.0,45950.0,Call,520,530,421,423,423,▼-817,▼-65.89%,0,26,26,28,400,-,825,353
TXO,202609F1,20260904.0,45950.0,Put,188,306,188,299,299,▲+196,▲+190.29%,3,105,108,71,207,308,720,103
TXO,202609F1,20260904.0,46000.0,Call,770,770,386,415,415,▼-785,▼-65.42%,5,196,201,156,415,423,1120,223
TXO,202609F1,20260904.0,46000.0,Put,188,329,179,324,324,▲+221,▲+214.56%,172,889,1061,586,312,318,1780,88
TXO,202609F1,20260904.0,46050.0,Call,465,473,366,380,380,▼-780,▼-67.24%,0,35,35,32,290,510,785,366
TXO,202609F1,20260904.0,46050.0,Put,206,352,205,341,341,▲+229,▲+204.46%,19,155,174,116,332,338,820,106
TXO,202609F1,20260904.0,46100.0,Call,685,685,332,362,362,▼-748,▼-67.39%,2,182,184,127,362,369,820,204
TXO,202609F1,20260904.0,46100.0,Put,235,376,224,362,362,▲+243,▲+204.20%,22,253,275,136,361,363,1830,105
TXO,202609F1,20260904.0,46150.0,Call,605,605,311,328,328,▼-742,▼-69.35%,0,67,67,46,324,350,995,219
TXO,202609F1,20260904.0,46150.0,Put,206,399,206,395,395,▲+267,▲+208.59%,9,86,95,56,380,386,1350,114
TXO,202609F1,20260904.0,46200.0,Call,480,480,289,311,311,▼-719,▼-69.81%,13,234,247,127,308,-,1130,130
TXO,202609F1,20260904.0,46200.0,Put,248,432,248,420,420,▲+277,▲+193.71%,102,219,321,129,411,424,2120,117
TXO,202609F1,20260904.0,46250.0,Call,392,392,270,279,279,▼-711,▼-71.82%,1,155,156,63,289,295,775,241
TXO,202609F1,20260904.0,46250.0,Put,274,455,274,438,438,▲+288,▲+192.00%,10,52,62,36,428,455,605,130
TXO,202609F1,20260904.0,46300.0,Call,450,450,246,269,269,▼-681,▼-71.68%,7,498,505,181,269,270,810,166
TXO,202609F1,20260904.0,46300.0,Put,285,480,285,466,466,▲+309,▲+196.82%,38,135,173,68,401,540,1800,133
TXO,202609F1,20260904.0,46350.0,Call,355,366,229,241,241,▼-669,▼-73.52%,0,96,96,72,247,253,675,185
TXO,202609F1,20260904.0,46350.0,Put,450,500,415,500,500,▲+332,▲+197.62%,9,34,43,40,44.5,515,650,190
TXO,202609F1,20260904.0,46400.0,Call,458,458,207,230,230,▼-640,▼-73.56%,18,475,493,190,228,230,945,142
TXO,202609F1,20260904.0,46400.0,Put,352,555,330,540,540,▲+361,▲+201.68%,46,243,289,226,510,580,935,150
TXO,202609F1,20260904.0,46450.0,Call,361,361,189,203,203,▼-632,▼-75.69%,0,210,210,107,209,214,755,132
TXO,202609F1,20260904.0,46450.0,Put,360,580,354,580,580,▲+385,▲+197.44%,19,68,87,35,520,580,830,162
TXO,202609F1,20260904.0,46500.0,Call,480,480,172,193,193,▼-607,▼-75.88%,14,684,698,438,192,197,870,120
TXO,202609F1,20260904.0,46500.0,Put,389,605,362,590,590,▲+379,▲+179.62%,76,94,170,127,480,615,1120,174
TXO,202609F1,20260904.0,46550.0,Call,386,386,158,170,170,▼-590,▼-77.63%,0,180,180,103,160,280,685,158
TXO,202609F1,20260904.0,46550.0,Put,400,610,390,610,610,▲+392,▲+179.82%,23,16,39,12,570,650,610,193
TXO,202609F1,20260904.0,46600.0,Call,391,391,145,153,153,▼-572,▼-78.90%,16,503,519,255,161,163,790,100
TXO,202609F1,20260904.0,46600.0,Put,431,650,407,650,650,▲+411,▲+171.97%,52,33,85,119,585,695,905,200
TXO,202609F1,20260904.0,46650.0,Call,381,381,130,142,142,▼-548,▼-79.42%,1,113,114,49,138,193,595,130
TXO,202609F1,20260904.0,46650.0,Put,655,730,605,710,695,▲+462,▲+186.29%,6,31,37,31,655,810,730,289
TXO,202609F1,20260904.0,46700.0,Call,357,357,116,130,130,▼-530,▼-80.30%,63,447,510,285,123,143,735,84
TXO,202609F1,20260904.0,46700.0,Put,520,735,520,725,725,▲+460,▲+173.58%,96,51,147,118,675,770,900,231
TXO,202609F1,20260904.0,46750.0,Call,334,334,106,116,116,▼-504,▼-81.29%,26,108,134,56,120,123,680,80
TXO,202609F1,20260904.0,46750.0,Put,600,725,600,725,770,▲+444,▲+158.01%,28,3,31,25,700,-,725,283
TXO,202609F1,20260904.0,46800.0,Call,404,404,94,109,109,▼-481,▼-81.53%,72,678,750,428,108,110,580,70
TXO,202609F1,20260904.0,46800.0,Put,585,830,585,810,810,▲+511,▲+170.90%,98,298,396,275,775,840,930,259
TXO,202609F1,20260904.0,46850.0,Call,291,291,86,97,97,▼-463,▼-82.68%,17,165,182,70,96,193,590,74
TXO,202609F1,20260904.0,46850.0,Put,710,840,710,840,840,▲+522,▲+164.15%,12,6,18,3,830,-,840,325
TXO,202609F1,20260904.0,46900.0,Call,265,265,76,85,85,▼-445,▼-83.96%,54,782,836,496,88,90,565,58
TXO,202609F1,20260904.0,46900.0,Put,600,670,600,650,885,▲+312,▲+92.31%,27,9,36,19,21,925,1090,291
TXO,202609F1,20260904.0,46950.0,Call,252,252,68,79,79,▼-426,▼-84.36%,16,151,167,79,78,79,491,67
TXO,202609F1,20260904.0,46950.0,Put,705,955,705,955,925,▲+595,▲+165.28%,33,21,54,12,850,970,955,316
TXO,202609F1,20260904.0,47000.0,Call,231,231,60,72,72,▼-402,▼-84.81%,198,1252,1450,585,71,73,530,48
TXO,202609F1,20260904.0,47000.0,Put,660,990,660,975,975,▲+576,▲+144.36%,68,188,256,187,895,995,1390,340
TXO,202609F1,20260904.0,47050.0,Call,212,212,53,59,59,▼-388,▼-86.80%,77,344,421,230,55,66,500,53
TXO,202609F1,20260904.0,47050.0,Put,975,980,975,980,1010,▲+576,▲+142.57%,54,10,64,13,990,1120,980,360
TXO,202609F1,20260904.0,47100.0,Call,270,270,46,55,55,▼-367,▼-86.97%,159,649,808,312,54,57,472,42
TXO,202609F1,20260904.0,47100.0,Put,800,995,800,965,1050,▲+539,▲+126.53%,23,5,28,13,30.5,1170,1510,370
TXO,202609F1,20260904.0,47150.0,Call,186,186,41,45.5,45.5,▼-336.5,▼-88.09%,107,123,230,139,47.5,50,447,41
TXO,202609F1,20260904.0,47150.0,Put,-,-,-,-,1100,-,-,15,0,15,12,1070,1180,1190,385
TXO,202609F1,20260904.0,47200.0,Call,185,185,35.5,42.5,42.5,▼-313.5,▼-88.06%,259,1049,1308,558,39.5,44,426,33
TXO,202609F1,20260904.0,47200.0,Put,940,1200,940,1200,1140,▲+722,▲+151.05%,34,2,36,31,970,1250,1200,408
TXO,202609F1,20260904.0,47250.0,Call,149,149,29.5,34.5,34.5,▼-312.5,▼-90.06%,3,258,261,152,36,38,291,29.5
TXO,202609F1,20260904.0,47250.0,Put,990,990,965,965,1180,▲+460,▲+91.09%,19,3,22,0,1160,-,990,545
TXO,202609F1,20260904.0,47300.0,Call,148,148,26.5,31.5,31.5,▼-288.5,▼-90.16%,43,555,598,304,31,33,367,26.5
TXO,202609F1,20260904.0,47300.0,Put,1160,1260,1160,1260,1230,▲+730,▲+137.74%,6,18,24,21,1.2,1280,1260,484
TXO,202609F1,20260904.0,47350.0,Call,124,124,24,24,28.5,▼-278,▼-92.05%,87,230,317,190,25,49.5,341,24
TXO,202609F1,20260904.0,47350.0,Put,-,-,-,-,1280,-,-,2,0,2,0,1.2,-,950,860
TXO,202609F1,20260904.0,47400.0,Call,107,110,19.5,24,24,▼-256,▼-91.43%,157,999,1156,686,24,25.5,320,19.5
TXO,202609F1,20260904.0,47400.0,Put,-,-,-,-,1320,-,-,6,0,6,1,1280,-,995,670
TXO,202609F1,20260904.0,47450.0,Call,107,110,17.5,20.5,20.5,▼-239.5,▼-92.12%,99,221,320,121,21,22.5,300,17.5
TXO,202609F1,20260904.0,47450.0,Put,1280,1320,1280,1320,1370,▲+705,▲+114.63%,24,21,45,12,1350,-,1320,565
TXO,202609F1,20260904.0,47500.0,Call,112,112,15,19,19,▼-223,▼-92.15%,214,993,1207,704,17.5,20,285,15
TXO,202609F1,20260904.0,47500.0,Put,-,-,-,-,1420,-,-,27,0,27,22,1380,1590,2820,570
TXO,202609F1,20260904.0,47550.0,Call,85,85,14,15,15,▼-209,▼-93.30%,59,209,268,104,16,17.5,258,14
TXO,202609F1,20260904.0,47550.0,Put,-,-,-,-,1460,-,-,1,0,1,0,1.2,-,1020,950
TXO,202609F1,20260904.0,47600.0,Call,79,80,12,14,14,▼-193,▼-93.24%,85,858,943,579,14,15,245,12
TXO,202609F1,20260904.0,47600.0,Put,-,-,-,-,1510,-,-,6,0,6,0,1.2,-,1060,900
TXO,202609F1,20260904.0,47650.0,Call,66,66,11,12,12,▼-179,▼-93.72%,10,58,68,37,13,56,191,11
TXO,202609F1,20260904.0,47650.0,Put,-,-,-,-,1560,-,-,4,0,4,0,1530,-,1150,920
TXO,202609F1,20260904.0,47700.0,Call,75,75,9.9,12,12,▼-164,▼-93.18%,82,301,383,148,11,12,209,9.9
TXO,202609F1,20260904.0,47700.0,Put,-,-,-,-,1610,-,-,12,0,12,2,1.2,1630,1180,900
TXO,202609F1,20260904.0,47750.0,Call,36,37.5,9.4,9.6,9.6,▼-141.4,▼-93.64%,0,231,231,94,9.5,39.5,37.5,9.4
TXO,202609F1,20260904.0,47750.0,Put,-,-,-,-,1660,-,-,0,0,0,0,1580,-,-,-
TXO,202609F1,20260904.0,47800.0,Call,56,56,7.2,7.8,9.1,▼-131.2,▼-94.39%,156,579,735,222,6.4,14,164,4.2
TXO,202609F1,20260904.0,47800.0,Put,-,-,-,-,1710,-,-,11,0,11,0,1.2,-,1260,900
TXO,202609F1,20260904.0,47850.0,Call,52,52,8.6,8.6,8.6,▼-121.4,▼-93.38%,0,97,97,70,3.2,13,52,8.6
TXO,202609F1,20260904.0,47850.0,Put,-,-,-,-,1760,-,-,0,0,0,0,1.2,-,-,-
TXO,202609F1,20260904.0,47900.0,Call,44.5,44.5,7.2,7.3,7.3,▼-112.7,▼-93.92%,108,301,409,208,7,8,140,7.2
TXO,202609F1,20260904.0,47900.0,Put,-,-,-,-,1800,-,-,4,0,4,2,1530,1940,1130,965
TXO,202609F1,20260904.0,47950.0,Call,36,36,6.6,6.7,6.7,▼-103.3,▼-93.91%,0,119,119,73,6.4,7.4,36,6.6
TXO,202609F1,20260904.0,47950.0,Put,-,-,-,-,1850,-,-,0,0,0,0,1.2,-,-,-
TXO,202609F1,20260904.0,48000.0,Call,45,45,5.8,7,6.4,▼-94,▼-93.07%,400,823,1223,606,5.9,14.5,125,5.8
TXO,202609F1,20260904.0,48000.0,Put,1540,1540,1540,1540,1900,▲+530,▲+52.48%,7,1,8,1,1790,-,1540,920
TXO,202609F1,20260904.0,48050.0,Call,20,21,4.6,4.6,5.7,▼-80.4,▼-94.59%,0,32,32,16,5.3,6.2,21,4.6
TXO,202609F1,20260904.0,48050.0,Put,-,-,-,-,1950,-,-,0,0,0,0,1.2,-,-,-
TXO,202609F1,20260904.0,48100.0,Call,27,27,4.9,5.6,5.6,▼-72.4,▼-92.82%,80,330,410,277,5.4,6.1,103,4.9
TXO,202609F1,20260904.0,48100.0,Put,-,-,-,-,2000,-,-,2,0,2,0,1.2,-,1260,995
TXO,202609F1,20260904.0,48150.0,Call,15.5,15.5,5.4,6.1,4.8,▼-66.9,▼-91.64%,0,13,13,7,0.8,18.5,15.5,5.4
TXO,202609F1,20260904.0,48150.0,Put,-,-,-,-,2050,-,-,0,0,0,0,1.2,-,-,-
TXO,202609F1,20260904.0,48200.0,Call,23.5,23.5,3.8,3.8,4.7,▼-63.2,▼-94.33%,81,107,188,49,4.6,9.8,105,3.8
TXO,202609F1,20260904.0,48200.0,Put,-,-,-,-,2100,-,-,0,0,0,0,1.2,-,-,-
TXO,202609F1,20260904.0,48250.0,Call,20,20,6.9,6.9,4.2,▼-56.1,▼-89.05%,0,17,17,10,1.3,14.5,20,6.9
TXO,202609F1,20260904.0,48250.0,Put,-,-,-,-,2150,-,-,0,0,0,0,1.2,-,-,-
TXO,202609F1,20260904.0,48300.0,Call,18.5,18.5,3.2,3.5,3.9,▼-54.5,▼-93.97%,58,764,822,728,1.6,5.5,73,3.2
TXO,202609F1,20260904.0,48300.0,Put,-,-,-,-,2200,-,-,0,0,0,0,1.2,-,-,-
TXO,202609F1,20260904.0,48350.0,Call,7.8,7.8,4,4,3.7,▼-47,▼-92.16%,0,30,30,29,3.4,-,7.8,4
TXO,202609F1,20260904.0,48350.0,Put,-,-,-,-,2250,-,-,0,0,0,0,1.2,-,-,-
TXO,202609F1,20260904.0,48400.0,Call,12,13,3,3,3.3,▼-43.5,▼-93.55%,72,94,166,58,0.7,7.4,73,3
TXO,202609F1,20260904.0,48400.0,Put,-,-,-,-,2300,-,-,0,0,0,0,-,-,-,-
TXO,202609F1,20260904.0,48500.0,Call,12,12,2.9,3.2,3.2,▼-28.3,▼-89.84%,125,461,586,514,3,3.3,53,2.9
TXO,202609F1,20260904.0,48500.0,Put,-,-,-,-,2400,-,-,0,0,0,1,-,2520,2000,2000
TXO,202609F1,20260904.0,48600.0,Call,7.4,7.4,3,3.1,3.1,▼-25.4,▼-89.12%,59,198,257,202,2.7,3,49.5,3
TXO,202609F1,20260904.0,48600.0,Put,-,-,-,-,2500,-,-,0,0,0,0,-,2520,-,-
TXO,202609F1,20260904.0,48700.0,Call,8,8,2.4,2.5,2.5,▼-19.5,▼-88.64%,58,292,350,311,0.6,277,57,2.4
TXO,202609F1,20260904.0,48700.0,Put,-,-,-,-,2600,-,-,0,0,0,0,-,2630,-,-
TXO,202609F1,20260904.0,48800.0,Call,6.5,6.5,2,2.1,2.1,▼-16.9,▼-88.95%,60,110,170,103,1,2.2,51,2
TXO,202609F1,20260904.0,48800.0,Put,-,-,-,-,2700,-,-,0,0,0,0,-,-,-,-
TXO,202609F1,20260904.0,48900.0,Call,5,5.3,2.1,2.2,1.9,▼-13.3,▼-85.81%,16,56,72,42,0.4,2,30,2.1
TXO,202609F1,20260904.0,48900.0,Put,-,-,-,-,2800,-,-,0,0,0,0,-,2830,-,-
TXO,202609F1,20260904.0,49000.0,Call,5.4,5.4,1.6,1.8,1.8,▼-10.2,▼-85.00%,94,92,186,195,0.3,2,31,0.2
TXO,202609F1,20260904.0,49000.0,Put,-,-,-,-,2900,-,-,0,0,0,0,-,-,-,-
TXO,202609F1,20260904.0,49100.0,Call,2.5,2.6,1.7,1.7,1.7,▼-8.3,▼-83.00%,49,86,135,135,0.3,2.6,29,1.7
TXO,202609F1,20260904.0,49100.0,Put,-,-,-,-,3000,-,-,0,0,0,0,-,-,-,-
TXO,202609F1,20260904.0,49200.0,Call,2,2.1,1.2,1.2,1.4,▼-6.8,▼-85.00%,7,9,16,223,1.3,1.6,29,1.2
TXO,202609F1,20260904.0,49200.0,Put,-,-,-,-,3100,-,-,0,0,0,0,-,-,-,-
TXO,202609F1,20260904.0,49300.0,Call,1.9,1.9,1.2,1.3,1.3,▼-5.2,▼-80.00%,1,15,16,16,0.1,5.9,30.5,1.2
TXO,202609F1,20260904.0,49300.0,Put,-,-,-,-,3200,-,-,0,0,0,0,-,-,-,-
TXO,202609F1,20260904.0,49400.0,Call,1.7,1.7,1,1.1,1.1,▼-3.9,▼-78.00%,0,6,6,8,1,1.3,21,1
TXO,202609F1,20260904.0,49400.0,Put,-,-,-,-,3300,-,-,0,0,0,0,-,-,-,-
TXO,202609F1,20260904.0,49500.0,Call,1.6,1.6,0.8,0.9,0.9,▼-3.9,▼-81.25%,12,2427,2439,2431,0.1,1,27.5,0.8
TXO,202609F1,20260904.0,49500.0,Put,-,-,-,-,3400,-,-,0,0,0,0,-,-,-,-
TXO,202609F1,20260904.0,49600.0,Call,0.6,1.2,0.6,1,0.9,▼-2.8,▼-73.68%,2,83,85,84,-,1,18.5,0.6
TXO,202609F1,20260904.0,49600.0,Put,-,-,-,-,3500,-,-,0,0,0,0,-,-,-,-
TXO,202609F1,20260904.0,49700.0,Call,1.3,1.3,0.9,0.9,0.9,▼-2.3,▼-71.88%,0,26,26,25,-,0.9,17,0.9
TXO,202609F1,20260904.0,49700.0,Put,-,-,-,-,3600,-,-,0,0,0,0,-,-,-,-
TXO,202609F1,20260904.0,49800.0,Call,0.9,0.9,0.8,0.8,0.8,▼-2,▼-71.43%,1,15,16,18,-,0.8,17.5,0.8
TXO,202609F1,20260904.0,49800.0,Put,-,-,-,-,3700,-,-,0,0,0,0,-,-,-,-
TXO,202609F1,20260904.0,49900.0,Call,0.9,0.9,0.7,0.7,0.7,▼-1.6,▼-69.57%,2,43,45,39,0.3,0.8,17,0.7
TXO,202609F1,20260904.0,49900.0,Put,-,-,-,-,3800,-,-,0,0,0,0,-,3830,-,-
TXO,202609F1,20260904.0,50000.0,Call,0.8,0.8,0.6,0.7,0.5,▼-0.9,▼-56.25%,247,62,309,1377,-,-,12,0.6
TXO,202609F1,20260904.0,50000.0,Put,-,-,-,-,3900,-,-,0,0,0,0,-,-,-,-
TXO,202609F1,20260904.0,50100.0,Call,-,-,-,-,0.5,-,-,0,0,0,3,-,101,11.5,1.3
TXO,202609F1,20260904.0,50100.0,Put,-,-,-,-,4000,-,-,0,0,0,0,-,-,-,-
TXO,202609F1,20260904.0,50200.0,Call,-,-,-,-,0.4,-,-,0,0,0,3,-,-,13.5,4.2
TXO,202609F1,20260904.0,50200.0,Put,-,-,-,-,4100,-,-,0,0,0,0,-,-,-,-
TXO,202609F1,20260904.0,50300.0,Call,-,-,-,-,0.4,-,-,0,0,0,0,0.3,0.5,-,-
TXO,202609F1,20260904.0,50300.0,Put,-,-,-,-,4200,-,-,0,0,0,0,-,-,-,-
TXO,202609F1,20260904.0,50400.0,Call,-,-,-,-,0.4,-,-,0,0,0,1,0.3,0.5,1.6,1.6
TXO,202609F1,20260904.0,50400.0,Put,-,-,-,-,4300,-,-,0,0,0,0,-,-,-,-
TXO,202609F1,20260904.0,50500.0,Call,0.4,0.4,0.4,0.4,0.4,▼-0.4,▼-50.00%,0,1,1,3,0.2,0.4,8.2,0.4
TXO,202609F1,20260904.0,50500.0,Put,-,-,-,-,4400,-,-,0,0,0,0,-,-,-,-
TXO,202609F1,20260904.0,50600.0,Call,0.3,0.3,0.3,0.3,0.3,▼-0.4,▼-57.14%,0,2,2,123,0.2,0.4,6.6,0.3
TXO,202609F1,20260904.0,50600.0,Put,-,-,-,-,4500,-,-,0,0,0,0,-,-,-,-
TXO,202609F1,20260904.0,50700.0,Call,-,-,-,-,0.3,-,-,0,0,0,0,0.2,0.4,-,-
TXO,202609F1,20260904.0,50700.0,Put,-,-,-,-,4600,-,-,0,0,0,0,-,-,-,-
TXO,202609F1,20260904.0,50800.0,Call,-,-,-,-,0.2,-,-,0,0,0,1,-,101,1,1
TXO,202609F1,20260904.0,50800.0,Put,-,-,-,-,4700,-,-,0,0,0,0,-,-,-,-
TXO,202609F1,20260904.0,50900.0,Call,-,-,-,-,0.2,-,-,0,0,0,0,0.1,0.3,-,-
TXO,202609F1,20260904.0,50900.0,Put,-,-,-,-,4800,-,-,0,0,0,0,-,-,-,-
TXO,202609F1,20260904.0,51000.0,Call,0.3,0.3,0.2,0.2,0.2,▼-0.2,▼-50.00%,0,4,4,4,0.1,0.3,1,0.2
TXO,202609F1,20260904.0,51000.0,Put,-,-,-,-,4900,-,-,0,0,0,0,-,-,-,-
TXO,202609F1,20260904.0,51100.0,Call,-,-,-,-,0.2,-,-,0,0,0,0,-,-,-,-
TXO,202609F1,20260904.0,51100.0,Put,-,-,-,-,5000,-,-,0,0,0,0,-,-,-,-
TXO,202609F1,20260904.0,51200.0,Call,-,-,-,-,0.2,-,-,0,0,0,0,0.1,0.3,-,-
TXO,202609F1,20260904.0,51200.0,Put,-,-,-,-,5100,-,-,0,0,0,0,-,-,-,-
TXO,202609F1,20260904.0,51300.0,Call,-,-,-,-,0.2,-,-,0,0,0,0,-,-,-,-
TXO,202609F1,20260904.0,51300.0,Put,-,-,-,-,5200,-,-,0,0,0,0,-,-,-,-
TXO,202609F1,20260904.0,51400.0,Call,-,-,-,-,0.1,-,-,0,0,0,0,-,-,-,-
TXO,202609F1,20260904.0,51400.0,Put,-,-,-,-,5300,-,-,0,0,0,0,-,-,-,-
TXO,202609F1,20260904.0,51500.0,Call,-,-,-,-,0.1,-,-,0,0,0,0,-,-,-,-
TXO,202609F1,20260904.0,51500.0,Put,-,-,-,-,5400,-,-,0,0,0,0,-,-,-,-
TXO,202609F1,20260904.0,51600.0,Call,-,-,-,-,0.1,-,-,0,0,0,0,-,-,-,-
TXO,202609F1,20260904.0,51600.0,Put,-,-,-,-,5500,-,-,0,0,0,0,-,-,-,-
TXO,202609F1,20260904.0,51700.0,Call,-,-,-,-,0.1,-,-,0,0,0,0,-,-,-,-
TXO,202609F1,20260904.0,51700.0,Put,-,-,-,-,5600,-,-,0,0,0,0,-,-,-,-
TXO,202609W2,20260909.0,40600.0,Call,-,-,-,-,5520,-,-,0,0,0,0,-,-,-,-
TXO,202609W2,20260909.0,40600.0,Put,12,13,8,8.5,8.5,▼-2.5,▼-22.73%,19,484,503,638,4.5,8.6,93,8
TXO,202609W2,20260909.0,40700.0,Call,-,-,-,-,5420,-,-,0,0,0,0,-,-,-,-
TXO,202609W2,20260909.0,40700.0,Put,14,14,14,14,8.8,▲+3,▲+27.27%,4,1,5,184,8.6,9.2,96,11
TXO,202609W2,20260909.0,40800.0,Call,-,-,-,-,5320,-,-,0,0,0,0,-,-,-,-
TXO,202609W2,20260909.0,40800.0,Put,-,-,-,-,9.3,-,-,0,0,0,18,0.4,114,102,10
TXO,202609W2,20260909.0,40900.0,Call,-,-,-,-,5220,-,-,0,0,0,0,-,-,-,-
TXO,202609W2,20260909.0,40900.0,Put,-,-,-,-,9.6,-,-,0,0,0,14,0.4,114,104,18
TXO,202609W2,20260909.0,41000.0,Call,-,-,-,-,5120,-,-,0,0,0,0,-,-,-,-
TXO,202609W2,20260909.0,41000.0,Put,14.5,14.5,10.5,12,10,0,0%,1,27,28,24,10,14,108,10.5
TXO,202609W2,20260909.0,41100.0,Call,-,-,-,-,5020,-,-,0,0,0,0,-,-,-,-
TXO,202609W2,20260909.0,41100.0,Put,13.5,13.5,12,12,10.5,0,0%,1,10,11,11,10,11,112,12
TXO,202609W2,20260909.0,41200.0,Call,-,-,-,-,4920,-,-,0,0,0,0,-,-,-,-
TXO,202609W2,20260909.0,41200.0,Put,14,14,14,14,11,▲+1.5,▲+12.00%,3,12,15,17,10.5,11.5,120,11.5
TXO,202609W2,20260909.0,41300.0,Call,-,-,-,-,4820,-,-,0,0,0,0,-,-,-,-
TXO,202609W2,20260909.0,41300.0,Put,14.5,14.5,14.5,14.5,11.5,▲+1.5,▲+11.54%,0,9,9,9,0.4,-,104,12
TXO,202609W2,20260909.0,41400.0,Call,-,-,-,-,4730,-,-,0,0,0,0,-,-,-,-
TXO,202609W2,20260909.0,41400.0,Put,15,15,15,15,12.5,▲+1.5,▲+11.11%,0,3,3,9,12,12.5,139,12.5
TXO,202609W2,20260909.0,41500.0,Call,-,-,-,-,4630,-,-,0,0,0,0,4590,-,-,-
TXO,202609W2,20260909.0,41500.0,Put,16,16,13,13,13,▼-0.5,▼-3.70%,0,14,14,14,12.5,13,140,13
TXO,202609W2,20260909.0,41600.0,Call,-,-,-,-,4530,-,-,0,0,0,0,-,-,-,-
TXO,202609W2,20260909.0,41600.0,Put,16.5,16.5,16.5,16.5,13.5,▲+2.5,▲+17.86%,0,3,3,88,13,14,72,12.5
TXO,202609W2,20260909.0,41700.0,Call,-,-,-,-,4430,-,-,0,0,0,0,-,-,-,-
TXO,202609W2,20260909.0,41700.0,Put,15,16,14,14,14,▼-0.5,▼-3.45%,0,7,7,164,0.5,-,80,14
TXO,202609W2,20260909.0,41800.0,Call,-,-,-,-,4330,-,-,0,0,0,0,-,-,-,-
TXO,202609W2,20260909.0,41800.0,Put,-,-,-,-,15,-,-,0,0,0,4,14.5,15.5,49,26.5
TXO,202609W2,20260909.0,41900.0,Call,-,-,-,-,4230,-,-,0,0,0,0,-,-,-,-
TXO,202609W2,20260909.0,41900.0,Put,-,-,-,-,16,-,-,6,0,6,7,0.5,75,120,18
TXO,202609W2,20260909.0,42000.0,Call,-,-,-,-,4130,-,-,0,0,0,0,-,4150,-,-
TXO,202609W2,20260909.0,42000.0,Put,18,22.5,18,19,17,▲+3.5,▲+22.58%,9,23,32,293,16,17,200,15
TXO,202609W2,20260909.0,42100.0,Call,-,-,-,-,4030,-,-,0,0,0,0,-,-,-,-
TXO,202609W2,20260909.0,42100.0,Put,20,20,20,20,18,▲+3.5,▲+21.21%,0,1,1,3,17,18,203,15
TXO,202609W2,20260909.0,42200.0,Call,-,-,-,-,3930,-,-,0,0,0,0,-,3950,-,-
TXO,202609W2,20260909.0,42200.0,Put,25.5,25.5,17.5,17.5,19,▲+0.5,▲+2.94%,0,3,3,2,0.5,-,139,17.5
TXO,202609W2,20260909.0,42300.0,Call,-,-,-,-,3830,-,-,0,0,0,0,-,3850,-,-
TXO,202609W2,20260909.0,42300.0,Put,25.5,26.5,18.5,18.5,20,▲+0.5,▲+2.78%,3,7,10,8,19.5,20.5,154,17
TXO,202609W2,20260909.0,42400.0,Call,-,-,-,-,3740,-,-,0,0,0,0,3720,-,-,-
TXO,202609W2,20260909.0,42400.0,Put,23,26.5,19.5,19.5,21.5,▲+1,▲+5.41%,0,10,10,10,0.9,36,79,19.5
TXO,202609W2,20260909.0,42500.0,Call,-,-,-,-,3640,-,-,0,0,0,0,-,-,-,-
TXO,202609W2,20260909.0,42500.0,Put,27,29,20,22.5,22.5,▲+3,▲+15.38%,0,25,25,93,22,23,144,20
TXO,202609W2,20260909.0,42600.0,Call,-,-,-,-,3540,-,-,0,0,0,0,-,-,-,-
TXO,202609W2,20260909.0,42600.0,Put,26,30,26,30,24.5,▲+10,▲+50.00%,0,6,6,54,5.2,-,208,20
TXO,202609W2,20260909.0,42700.0,Call,-,-,-,-,3440,-,-,0,0,0,0,-,-,-,-
TXO,202609W2,20260909.0,42700.0,Put,31,33,29,32,26.5,▲+11,▲+52.38%,4,4,8,2,0.5,-,37.5,23
TXO,202609W2,20260909.0,42800.0,Call,-,-,-,-,3340,-,-,0,0,0,0,3310,-,-,-
TXO,202609W2,20260909.0,42800.0,Put,30,33,25.5,25.5,28.5,▲+4,▲+18.60%,3,7,10,8,1.9,-,146,25.5
TXO,202609W2,20260909.0,42900.0,Call,-,-,-,-,3240,-,-,0,0,0,0,3230,3260,-,-
TXO,202609W2,20260909.0,42900.0,Put,36,36,29.5,31.5,31.5,▲+9,▲+40.00%,0,4,4,18,29.5,30.5,242,21.5
TXO,202609W2,20260909.0,43000.0,Call,-,-,-,-,3150,-,-,0,0,0,0,-,-,-,-
TXO,202609W2,20260909.0,43000.0,Put,33.5,38,32,35,33,▲+10,▲+40.00%,57,19,76,56,29.5,100,207,22
TXO,202609W2,20260909.0,43100.0,Call,-,-,-,-,3050,-,-,0,0,0,0,-,3070,-,-
TXO,202609W2,20260909.0,43100.0,Put,41,41,33,35,35,▲+9.5,▲+37.25%,0,8,8,7,3.4,-,167,23.5
TXO,202609W2,20260909.0,43200.0,Call,-,-,-,-,2950,-,-,0,0,0,0,-,2970,-,-
TXO,202609W2,20260909.0,43200.0,Put,38.5,42.5,35,35,38,▲+9,▲+34.62%,0,11,11,15,0.6,136,251,26
TXO,202609W2,20260909.0,43300.0,Call,-,-,-,-,2860,-,-,0,0,0,0,2830,-,-,-
TXO,202609W2,20260909.0,43300.0,Put,40,46.5,39,41,41,▲+13,▲+46.43%,0,123,123,117,3,-,175,27
TXO,202609W2,20260909.0,43400.0,Call,-,-,-,-,2760,-,-,0,0,0,0,-,2780,-,-
TXO,202609W2,20260909.0,43400.0,Put,43.5,48.5,43.5,48,48,▲+19,▲+65.52%,6,14,20,32,9.8,141,160,36
TXO,202609W2,20260909.0,43500.0,Call,-,-,-,-,2660,-,-,0,0,0,0,-,2680,-,-
TXO,202609W2,20260909.0,43500.0,Put,45.5,54,45,52,48.5,▲+21.5,▲+70.49%,48,81,129,121,47.5,50,422,30.5
TXO,202609W2,20260909.0,43600.0,Call,-,-,-,-,2570,-,-,0,0,0,11,2000,2670,2500,2500
TXO,202609W2,20260909.0,43600.0,Put,47.5,60,47.5,51,51,▲+18.5,▲+56.92%,0,36,36,91,38,58,459,32.5
TXO,202609W2,20260909.0,43700.0,Call,-,-,-,-,2470,-,-,0,0,0,0,-,2490,-,-
TXO,202609W2,20260909.0,43700.0,Put,62,62,57,57,57,▲+22.5,▲+65.22%,0,8,8,6,1.1,142,229,44
TXO,202609W2,20260909.0,43800.0,Call,-,-,-,-,2380,-,-,0,0,0,0,2360,-,-,-
TXO,202609W2,20260909.0,43800.0,Put,58,67,58,67,62,▲+30.5,▲+83.56%,2,18,20,23,17,78,237,41
TXO,202609W2,20260909.0,43850.0,Call,-,-,-,-,2330,-,-,0,0,0,0,2300,-,-,-
TXO,202609W2,20260909.0,43850.0,Put,58,65,58,65,65,▲+27.5,▲+73.33%,0,3,3,3,1.1,155,65,58
TXO,202609W2,20260909.0,43900.0,Call,-,-,-,-,2280,-,-,0,0,0,0,-,-,-,-
TXO,202609W2,20260909.0,43900.0,Put,60,78,60,68,68,▲+29,▲+74.36%,3,25,28,27,42.5,164,196,23
TXO,202609W2,20260909.0,43950.0,Call,-,-,-,-,2240,-,-,0,0,0,0,2220,2250,-,-
TXO,202609W2,20260909.0,43950.0,Put,68,72,68,72,72,▲+31.5,▲+77.78%,3,2,5,12,41,275,196,39.5
TXO,202609W2,20260909.0,44000.0,Call,-,-,-,-,2190,-,-,0,0,0,0,2080,-,-,-
TXO,202609W2,20260909.0,44000.0,Put,61,85,61,74,74,▲+31,▲+72.09%,9,230,239,204,43.5,77,530,39.5
TXO,202609W2,20260909.0,44050.0,Call,-,-,-,-,2140,-,-,0,0,0,0,-,-,-,-
TXO,202609W2,20260909.0,44050.0,Put,77,77,77,77,77,▲+32.5,▲+73.03%,0,2,2,2,8.3,-,77,58
TXO,202609W2,20260909.0,44100.0,Call,-,-,-,-,2100,-,-,0,0,0,0,2070,-,-,-
TXO,202609W2,20260909.0,44100.0,Put,71,90,69,77,77,▲+31,▲+67.39%,9,33,42,42,5.1,168,204,44.5
TXO,202609W2,20260909.0,44150.0,Call,-,-,-,-,2050,-,-,0,0,0,0,2020,-,-,-
TXO,202609W2,20260909.0,44150.0,Put,80,85,80,85,85,▲+38.5,▲+82.80%,0,5,5,3,2,-,85,80
TXO,202609W2,20260909.0,44200.0,Call,-,-,-,-,2000,-,-,0,0,0,0,1990,-,-,-
TXO,202609W2,20260909.0,44200.0,Put,81,93,80,89,89,▲+41,▲+85.42%,11,11,22,37,85,88,249,48.5
TXO,202609W2,20260909.0,44250.0,Call,-,-,-,-,1960,-,-,0,0,0,0,-,-,-,-
TXO,202609W2,20260909.0,44250.0,Put,86,104,86,102,92,▲+52.5,▲+106.06%,2,11,13,13,89,92,450,62
TXO,202609W2,20260909.0,44300.0,Call,-,-,-,-,1910,-,-,0,0,0,0,-,-,2310,2000
TXO,202609W2,20260909.0,44300.0,Put,83,108,83,97,97,▲+43,▲+79.63%,5,15,20,13,94,97,259,54
TXO,202609W2,20260909.0,44350.0,Call,-,-,-,-,1870,-,-,0,0,0,0,1850,-,-,-
TXO,202609W2,20260909.0,44350.0,Put,86,103,86,103,103,▲+49,▲+90.74%,1,5,6,9,99,103,120,54
TXO,202609W2,20260909.0,44400.0,Call,-,-,-,-,1820,-,-,0,0,0,0,-,-,-,-
TXO,202609W2,20260909.0,44400.0,Put,100,117,95,105,105,▲+49,▲+87.50%,2,15,17,39,45,187,293,54
TXO,202609W2,20260909.0,44450.0,Call,-,-,-,-,1780,-,-,0,0,0,0,1750,-,-,-
TXO,202609W2,20260909.0,44450.0,Put,115,115,115,115,115,▲+57,▲+98.28%,3,1,4,6,17,190,452,65
TXO,202609W2,20260909.0,44500.0,Call,-,-,-,-,1730,-,-,0,0,0,0,1640,-,-,-
TXO,202609W2,20260909.0,44500.0,Put,97,130,95,107,119,▲+47,▲+78.33%,4,36,40,49,29,132,720,59
TXO,202609W2,20260909.0,44550.0,Call,-,-,-,-,1690,-,-,0,0,0,0,1660,-,-,-
TXO,202609W2,20260909.0,44550.0,Put,123,124,115,124,124,▲+62,▲+100.00%,6,3,9,6,121,127,505,62
TXO,202609W2,20260909.0,44600.0,Call,-,-,-,-,1640,-,-,0,0,0,0,1620,-,-,-
TXO,202609W2,20260909.0,44600.0,Put,134,159,120,120,130,▲+55,▲+84.62%,13,17,30,25,47,138,775,64
TXO,202609W2,20260909.0,44650.0,Call,-,-,-,-,1600,-,-,1,0,1,0,-,-,2120,2120
TXO,202609W2,20260909.0,44650.0,Put,143,155,128,128,138,▲+60,▲+88.24%,0,17,17,17,42,-,356,82
TXO,202609W2,20260909.0,44700.0,Call,-,-,-,-,1560,-,-,0,0,0,0,1380,-,-,-
TXO,202609W2,20260909.0,44700.0,Put,120,163,112,144,144,▲+74,▲+105.71%,10,87,97,90,42.5,-,380,68
TXO,202609W2,20260909.0,44750.0,Call,-,-,-,-,1520,-,-,1,0,1,0,-,-,2030,2030
TXO,202609W2,20260909.0,44750.0,Put,161,168,142,150,150,▲+75,▲+100.00%,0,101,101,101,33,-,168,74
TXO,202609W2,20260909.0,44800.0,Call,1570,1570,1460,1470,1470,▼-930,▼-38.75%,0,400,400,400,1450,1500,1570,1460
TXO,202609W2,20260909.0,44800.0,Put,131,169,131,160,160,▲+83,▲+107.79%,2,29,31,26,155,247,305,76
TXO,202609W2,20260909.0,44850.0,Call,-,-,-,-,1430,-,-,1,0,1,0,1420,-,1940,1080
TXO,202609W2,20260909.0,44850.0,Put,152,152,152,152,168,▲+72,▲+90.00%,1,1,2,1,164,168,152,122
TXO,202609W2,20260909.0,44900.0,Call,-,-,-,-,1390,-,-,0,0,0,0,1220,-,-,-
TXO,202609W2,20260909.0,44900.0,Put,129,191,129,175,175,▲+92,▲+110.84%,1,10,11,12,1.7,269,530,90
TXO,202609W2,20260909.0,44950.0,Call,-,-,-,-,1350,-,-,0,0,0,0,1320,-,1410,1410
TXO,202609W2,20260909.0,44950.0,Put,195,195,187,187,187,▲+100,▲+114.94%,4,3,7,5,29.5,-,445,85
TXO,202609W2,20260909.0,45000.0,Call,-,-,-,-,1310,-,-,1,0,1,0,1240,-,2050,970
TXO,202609W2,20260909.0,45000.0,Put,155,210,155,200,197,▲+108,▲+117.39%,20,120,140,102,110,215,890,89
TXO,202609W2,20260909.0,45050.0,Call,-,-,-,-,1270,-,-,0,0,0,0,950,-,-,-
TXO,202609W2,20260909.0,45050.0,Put,165,198,165,198,198,▲+103,▲+108.42%,2,2,4,6,3.3,-,440,110
TXO,202609W2,20260909.0,45100.0,Call,1220,1220,1180,1190,1230,▼-930,▼-43.87%,0,400,400,400,36,1250,1220,920
TXO,202609W2,20260909.0,45100.0,Put,170,218,160,210,210,▲+107,▲+103.88%,14,92,106,98,55,312,406,95
TXO,202609W2,20260909.0,45150.0,Call,-,-,-,-,1190,-,-,1,0,1,0,865,1210,1680,950
TXO,202609W2,20260909.0,45150.0,Put,232,232,232,232,232,▲+127,▲+120.95%,0,1,1,3,74,318,360,232
TXO,202609W2,20260909.0,45200.0,Call,-,-,-,-,1150,-,-,1,0,1,2,875,1170,1640,865
TXO,202609W2,20260909.0,45200.0,Put,187,254,187,241,241,▲+132,▲+121.10%,24,62,86,46,185,-,695,110
TXO,202609W2,20260909.0,45250.0,Call,-,-,-,-,1120,-,-,0,0,0,0,800,-,830,830
TXO,202609W2,20260909.0,45250.0,Put,254,254,254,254,251,▲+140,▲+122.81%,1,1,2,4,102,288,254,144
TXO,202609W2,20260909.0,45300.0,Call,-,-,-,-,1080,-,-,2,0,2,0,885,-,1500,910
TXO,202609W2,20260909.0,45300.0,Put,252,268,251,254,254,▲+134,▲+111.67%,3,8,11,10,180,350,585,120
TXO,202609W2,20260909.0,45350.0,Call,1030,1030,1030,1030,1030,▼-860,▼-45.50%,0,5,5,5,50,-,1470,745
TXO,202609W2,20260909.0,45350.0,Put,272,272,261,261,280,▲+136,▲+108.80%,5,9,14,7,220,-,500,127
TXO,202609W2,20260909.0,45400.0,Call,985,1000,985,1000,1000,▼-850,▼-45.95%,0,9,9,1,32,1850,1000,985
TXO,202609W2,20260909.0,45400.0,Put,225,305,225,277,293,▲+147,▲+113.08%,4,12,16,10,190,399,390,118
TXO,202609W2,20260909.0,45450.0,Call,950,955,950,955,955,▼-855,▼-47.24%,0,9,9,8,965,980,1400,950
TXO,202609W2,20260909.0,45450.0,Put,300,300,286,286,307,▲+149,▲+108.76%,1,9,10,9,193,-,635,141
TXO,202609W2,20260909.0,45500.0,Call,915,940,905,940,940,▼-820,▼-46.59%,0,24,24,15,32,1010,1650,640
TXO,202609W2,20260909.0,45500.0,Put,260,338,240,324,324,▲+181,▲+126.57%,7,36,43,50,222,338,800,131
TXO,202609W2,20260909.0,45550.0,Call,885,885,870,885,890,▼-835,▼-48.55%,0,10,10,10,33,-,885,870
TXO,202609W2,20260909.0,45550.0,Put,323,325,316,316,340,▲+166,▲+110.67%,0,10,10,10,228,-,675,316
TXO,202609W2,20260909.0,45600.0,Call,850,850,850,850,850,▼-830,▼-49.40%,0,2,2,2,32,940,850,630
TXO,202609W2,20260909.0,45600.0,Put,278,355,278,355,355,▲+198,▲+126.11%,7,11,18,38,288,441,900,161
TXO,202609W2,20260909.0,45650.0,Call,990,1010,805,805,840,▼-825,▼-50.61%,1,6,7,4,830,845,1280,615
TXO,202609W2,20260909.0,45650.0,Put,302,373,294,360,360,▲+194,▲+116.87%,1,7,8,8,245,-,710,166
TXO,202609W2,20260909.0,45700.0,Call,890,890,785,800,800,▼-790,▼-49.69%,0,384,384,376,795,800,890,595
TXO,202609W2,20260909.0,45700.0,Put,372,403,367,385,385,▲+213,▲+123.84%,2,44,46,42,278,400,790,158
TXO,202609W2,20260909.0,45750.0,Call,845,845,750,765,765,▼-785,▼-50.65%,0,8,8,4,770,785,845,750
TXO,202609W2,20260909.0,45750.0,Put,418,418,384,417,417,▲+236,▲+130.39%,2,3,5,11,318,-,845,183
TXO,202609W2,20260909.0,45800.0,Call,820,820,715,735,735,▼-775,▼-51.32%,0,16,16,7,740,750,1170,550
TXO,202609W2,20260909.0,45800.0,Put,320,432,320,425,425,▲+236,▲+124.87%,6,30,36,41,315,-,770,199
TXO,202609W2,20260909.0,45850.0,Call,695,695,690,690,715,▼-780,▼-53.06%,0,4,4,7,710,720,695,640
TXO,202609W2,20260909.0,45850.0,Put,430,457,430,457,450,▲+259,▲+130.81%,0,4,4,11,317,-,890,211
TXO,202609W2,20260909.0,45900.0,Call,775,775,665,665,665,▼-765,▼-53.50%,0,6,6,7,565,-,1020,488
TXO,202609W2,20260909.0,45900.0,Put,420,481,420,454,454,▲+246,▲+118.27%,3,6,9,7,358,670,820,205
TXO,202609W2,20260909.0,45950.0,Call,635,635,635,635,660,▼-755,▼-54.32%,0,10,10,10,650,660,1030,575
TXO,202609W2,20260909.0,45950.0,Put,488,495,460,468,494,▲+250,▲+114.68%,4,26,30,25,1.2,595,885,210
TXO,202609W2,20260909.0,46000.0,Call,950,950,595,610,610,▼-740,▼-54.81%,40,102,142,26,625,635,1070,490
TXO,202609W2,20260909.0,46000.0,Put,390,525,389,525,525,▲+297,▲+130.26%,59,144,203,112,478,615,960,196
TXO,202609W2,20260909.0,46050.0,Call,580,585,570,580,605,▼-730,▼-55.73%,0,15,15,15,595,605,880,570
TXO,202609W2,20260909.0,46050.0,Put,418,550,409,545,545,▲+306,▲+128.03%,3,63,66,60,525,535,935,151
TXO,202609W2,20260909.0,46100.0,Call,815,815,545,570,570,▼-700,▼-55.12%,0,37,37,33,1.3,650,1070,370
TXO,202609W2,20260909.0,46100.0,Put,440,585,440,560,560,▲+310,▲+124.00%,3,30,33,19,30,-,900,250
TXO,202609W2,20260909.0,46150.0,Call,615,615,520,545,545,▼-685,▼-55.69%,0,12,12,20,1.3,-,1150,520
TXO,202609W2,20260909.0,46150.0,Put,585,585,555,560,590,▲+299,▲+114.56%,7,11,18,32,570,700,625,290
TXO,202609W2,20260909.0,46200.0,Call,640,645,505,515,515,▼-675,▼-56.72%,1,18,19,21,505,525,920,329
TXO,202609W2,20260909.0,46200.0,Put,510,615,510,615,615,▲+341,▲+124.45%,7,9,16,65,555,625,930,277
TXO,202609W2,20260909.0,46250.0,Call,605,605,482,482,482,▼-678,▼-58.45%,0,9,9,18,392,505,770,387
TXO,202609W2,20260909.0,46250.0,Put,565,600,565,600,640,▲+313,▲+109.06%,8,6,14,6,540,-,600,279
TXO,202609W2,20260909.0,46300.0,Call,615,615,457,470,470,▼-650,▼-58.04%,0,63,63,49,1.3,-,745,412
TXO,202609W2,20260909.0,46300.0,Put,525,675,525,650,650,▲+350,▲+116.67%,8,46,54,66,570,690,975,300
TXO,202609W2,20260909.0,46350.0,Call,540,540,505,515,456,▼-565,▼-52.31%,0,8,8,8,342,-,720,505
TXO,202609W2,20260909.0,46350.0,Put,670,680,670,680,680,▲+365,▲+115.87%,6,2,8,5,595,705,1150,294
TXO,202609W2,20260909.0,46400.0,Call,600,615,400,400,434,▼-650,▼-61.90%,0,33,33,23,315,565,880,265
TXO,202609W2,20260909.0,46400.0,Put,535,690,535,690,720,▲+361,▲+109.73%,12,14,26,15,620,735,800,321
TXO,202609W2,20260909.0,46450.0,Call,491,491,410,410,410,▼-600,▼-59.41%,0,10,10,13,289,-,795,403
TXO,202609W2,20260909.0,46450.0,Put,695,695,695,695,750,▲+351,▲+102.03%,13,1,14,10,645,-,695,323
TXO,202609W2,20260909.0,46500.0,Call,600,610,340,380,380,▼-600,▼-61.22%,1,74,75,67,292,450,935,280
TXO,202609W2,20260909.0,46500.0,Put,765,770,735,750,775,▲+390,▲+108.33%,11,5,16,14,450,800,770,366
TXO,202609W2,20260909.0,46550.0,Call,595,595,354,354,354,▼-591,▼-62.54%,3,20,23,10,1.3,-,740,333
TXO,202609W2,20260909.0,46550.0,Put,-,-,-,-,805,-,-,11,0,11,12,710,-,815,515
TXO,202609W2,20260909.0,46600.0,Call,550,550,330,345,345,▼-565,▼-62.09%,0,22,22,13,228,432,620,230
TXO,202609W2,20260909.0,46600.0,Put,775,780,775,780,835,▲+388,▲+98.98%,7,2,9,7,7,-,780,402
TXO,202609W2,20260909.0,46650.0,Call,406,406,379,379,332,▼-501,▼-56.93%,3,4,7,1,40.5,-,680,205
TXO,202609W2,20260909.0,46650.0,Put,640,750,640,750,865,▲+340,▲+82.93%,6,2,8,6,740,-,750,630
TXO,202609W2,20260909.0,46700.0,Call,446,446,300,305,305,▼-545,▼-64.12%,4,56,60,27,184,410,760,187
TXO,202609W2,20260909.0,46700.0,Put,685,880,685,880,880,▲+452,▲+105.61%,5,5,10,3,7,1050,1000,453
TXO,202609W2,20260909.0,46750.0,Call,285,285,285,285,285,▼-530,▼-65.03%,6,1,7,1,195,-,640,229
TXO,202609W2,20260909.0,46750.0,Put,920,920,920,920,920,▲+474,▲+106.28%,0,1,1,0,840,-,920,494
TXO,202609W2,20260909.0,46800.0,Call,500,500,268,268,268,▼-517,▼-65.86%,8,47,55,49,275,281,720,184
TXO,202609W2,20260909.0,46800.0,Put,930,965,930,940,965,▲+474,▲+101.72%,12,7,19,13,7,980,1000,480
TXO,202609W2,20260909.0,46850.0,Call,478,478,440,440,264,▼-315,▼-41.72%,27,9,36,4,40.5,342,615,440
TXO,202609W2,20260909.0,46850.0,Put,-,-,-,-,1000,-,-,4,0,4,3,3.8,1070,690,488
TXO,202609W2,20260909.0,46900.0,Call,420,420,240,246,246,▼-479,▼-66.07%,5,16,21,17,156,-,615,176
TXO,202609W2,20260909.0,46900.0,Put,-,-,-,-,1030,-,-,0,0,0,0,605,1060,560,530
TXO,202609W2,20260909.0,46950.0,Call,330,335,286,286,236,▼-409,▼-58.85%,5,6,11,4,231,236,575,286
TXO,202609W2,20260909.0,46950.0,Put,-,-,-,-,1070,-,-,0,0,0,1,975,-,580,550
TXO,202609W2,20260909.0,47000.0,Call,433,433,203,217,217,▼-453,▼-67.61%,9,90,99,67,206,226,605,128
TXO,202609W2,20260909.0,47000.0,Put,900,900,900,900,1110,▲+350,▲+63.64%,29,1,30,30,920,-,900,510
TXO,202609W2,20260909.0,47050.0,Call,240,252,197,197,197,▼-443,▼-69.22%,23,4,27,21,205,210,705,136
TXO,202609W2,20260909.0,47050.0,Put,-,-,-,-,1140,-,-,0,0,0,0,1050,1170,-,-
TXO,202609W2,20260909.0,47100.0,Call,305,311,229,229,192,▼-386,▼-62.76%,0,9,9,9,46.5,310,399,126
TXO,202609W2,20260909.0,47100.0,Put,-,-,-,-,1180,-,-,0,0,0,1,1050,-,700,700
TXO,202609W2,20260909.0,47150.0,Call,333,333,169,172,186,▼-413,▼-70.60%,0,7,7,2,44,-,333,169
TXO,202609W2,20260909.0,47150.0,Put,-,-,-,-,1220,-,-,0,0,0,0,760,-,-,-
TXO,202609W2,20260909.0,47200.0,Call,312,312,162,170,170,▼-390,▼-69.64%,6,39,45,28,42.5,-,505,120
TXO,202609W2,20260909.0,47200.0,Put,-,-,-,-,1260,-,-,0,0,0,1,985,-,1420,730
TXO,202609W2,20260909.0,47250.0,Call,300,300,205,205,164,▼-330,▼-61.68%,0,2,2,2,160,164,300,205
TXO,202609W2,20260909.0,47250.0,Put,-,-,-,-,1300,-,-,0,0,0,0,1000,-,-,-
TXO,202609W2,20260909.0,47300.0,Call,300,300,142,142,154,▼-368,▼-72.16%,3,41,44,27,150,154,409,106
TXO,202609W2,20260909.0,47300.0,Put,-,-,-,-,1340,-,-,0,0,0,0,1040,-,-,-
TXO,202609W2,20260909.0,47350.0,Call,265,265,137,137,137,▼-352,▼-71.98%,0,2,2,2,32,-,265,137
TXO,202609W2,20260909.0,47350.0,Put,-,-,-,-,1380,-,-,1,0,1,1,1080,-,850,780
TXO,202609W2,20260909.0,47400.0,Call,254,254,125,125,135,▼-340,▼-73.12%,4,11,15,15,131,135,468,94
TXO,202609W2,20260909.0,47400.0,Put,-,-,-,-,1420,-,-,0,0,0,0,995,-,-,-
TXO,202609W2,20260909.0,47450.0,Call,252,252,115,120,120,▼-323,▼-72.91%,0,6,6,3,25.5,-,252,91
TXO,202609W2,20260909.0,47450.0,Put,-,-,-,-,1460,-,-,0,0,0,0,1160,-,970,905
TXO,202609W2,20260909.0,47500.0,Call,230,230,102,119,119,▼-302,▼-71.73%,39,147,186,111,115,119,421,80
TXO,202609W2,20260909.0,47500.0,Put,-,-,-,-,1500,-,-,0,0,0,2,995,1530,850,800
TXO,202609W2,20260909.0,47550.0,Call,102,102,102,102,102,▼-298,▼-74.50%,0,1,1,1,3.2,-,102,102
TXO,202609W2,20260909.0,47550.0,Put,-,-,-,-,1540,-,-,0,0,0,0,1.5,-,-,-
TXO,202609W2,20260909.0,47600.0,Call,200,200,94,94,100,▼-276,▼-74.59%,0,20,20,15,100,103,370,60
TXO,202609W2,20260909.0,47600.0,Put,-,-,-,-,1590,-,-,1,0,1,1,1290,-,1030,945
TXO,202609W2,20260909.0,47650.0,Call,209,209,94,94,94,▼-267,▼-73.96%,2,4,6,5,93,97,404,94
TXO,202609W2,20260909.0,47650.0,Put,-,-,-,-,1630,-,-,0,0,0,0,1.3,-,-,-
TXO,202609W2,20260909.0,47700.0,Call,168,168,80,86,86,▼-255,▼-74.78%,9,22,31,22,86,90,391,59
TXO,202609W2,20260909.0,47700.0,Put,-,-,-,-,1670,-,-,0,0,0,0,995,-,-,-
TXO,202609W2,20260909.0,47750.0,Call,133,133,72,78,78,▼-244,▼-75.78%,0,20,20,10,80,83,133,72
TXO,202609W2,20260909.0,47750.0,Put,-,-,-,-,1720,-,-,0,0,0,0,1420,-,-,-
TXO,202609W2,20260909.0,47800.0,Call,164,164,68,74,74,▼-232,▼-75.82%,10,27,37,185,75,78,345,49.5
TXO,202609W2,20260909.0,47800.0,Put,-,-,-,-,1760,-,-,0,0,0,0,1000,-,-,-
TXO,202609W2,20260909.0,47850.0,Call,100,100,90,90,72,▼-197,▼-68.64%,0,9,9,6,68,72,100,90
TXO,202609W2,20260909.0,47850.0,Put,-,-,-,-,1810,-,-,0,0,0,0,1.3,-,-,-
TXO,202609W2,20260909.0,47900.0,Call,111,111,60,60,67,▼-213,▼-78.02%,11,18,29,20,63,67,265,45
TXO,202609W2,20260909.0,47900.0,Put,-,-,-,-,1850,-,-,0,0,0,0,1000,-,-,-
TXO,202609W2,20260909.0,47950.0,Call,-,-,-,-,62,-,-,0,0,0,0,59,62,-,-
TXO,202609W2,20260909.0,47950.0,Put,-,-,-,-,1900,-,-,0,0,0,0,1.3,-,-,-
TXO,202609W2,20260909.0,48000.0,Call,130,130,49.5,56,56,▼-187,▼-76.95%,37,81,118,113,56,81,284,35
TXO,202609W2,20260909.0,48000.0,Put,-,-,-,-,1940,-,-,0,0,0,0,1000,-,-,-
TXO,202609W2,20260909.0,48050.0,Call,-,-,-,-,54,-,-,0,0,0,0,3.3,-,-,-
TXO,202609W2,20260909.0,48050.0,Put,-,-,-,-,1990,-,-,0,0,0,0,1690,-,-,-
TXO,202609W2,20260909.0,48100.0,Call,118,118,43,43,50,▼-173,▼-80.09%,7,20,27,27,31,83,203,33.5
TXO,202609W2,20260909.0,48100.0,Put,-,-,-,-,2030,-,-,0,0,0,0,1740,-,-,-
TXO,202609W2,20260909.0,48150.0,Call,66,66,40,40,46,▼-162,▼-80.20%,0,4,4,3,2.9,-,66,40
TXO,202609W2,20260909.0,48150.0,Put,-,-,-,-,2080,-,-,0,0,0,0,1790,2110,-,-
TXO,202609W2,20260909.0,48200.0,Call,100,100,39,39,42.5,▼-152,▼-79.58%,22,24,46,28,40,42.5,222,39
TXO,202609W2,20260909.0,48200.0,Put,-,-,-,-,2130,-,-,21,0,21,19,1900,-,1600,1200
TXO,202609W2,20260909.0,48250.0,Call,58,58,57,57,39.5,▼-122,▼-68.16%,0,2,2,2,2.4,60,58,57
TXO,202609W2,20260909.0,48250.0,Put,-,-,-,-,2170,-,-,0,0,0,0,1880,-,-,-
TXO,202609W2,20260909.0,48300.0,Call,71,71,32,33,36.5,▼-136,▼-80.47%,8,15,23,21,30,55,198,32
TXO,202609W2,20260909.0,48300.0,Put,-,-,-,-,2220,-,-,0,0,0,0,1000,-,-,-
TXO,202609W2,20260909.0,48350.0,Call,50,50,29.5,29.5,33.5,▼-127.5,▼-81.21%,0,2,2,2,32,33.5,50,29.5
TXO,202609W2,20260909.0,48350.0,Put,-,-,-,-,2270,-,-,0,0,0,0,-,2280,-,-
TXO,202609W2,20260909.0,48400.0,Call,57,57,27.5,29,29,▼-119,▼-80.41%,5,9,14,17,29.5,31,163,21.5
TXO,202609W2,20260909.0,48400.0,Put,-,-,-,-,2320,-,-,0,0,0,0,1000,-,-,-
TXO,202609W2,20260909.0,48500.0,Call,70,70,23,23,23,▼-107,▼-82.31%,60,85,145,95,20,-,145,19.5
TXO,202609W2,20260909.0,48500.0,Put,-,-,-,-,2410,-,-,0,0,0,0,-,-,-,-
TXO,202609W2,20260909.0,48600.0,Call,49.5,62,1.2,22,22,▼-92,▼-80.70%,16,46,62,35,2,72,111,1.2
TXO,202609W2,20260909.0,48600.0,Put,-,-,-,-,2510,-,-,0,0,0,0,-,-,-,-
TXO,202609W2,20260909.0,48700.0,Call,49,49,18,18,18,▼-82,▼-82.00%,6,14,20,6,18,19.5,108,18
TXO,202609W2,20260909.0,48700.0,Put,-,-,-,-,2600,-,-,0,0,0,0,-,-,-,-
TXO,202609W2,20260909.0,48800.0,Call,41,41,15,16.5,16.5,▼-64.5,▼-79.63%,11,23,34,24,2,41,101,14
TXO,202609W2,20260909.0,48800.0,Put,-,-,-,-,2700,-,-,0,0,0,0,-,-,-,-
TXO,202609W2,20260909.0,48900.0,Call,31,31,12.5,14,14,▼-61,▼-81.33%,3,7,10,84,13,14.5,77,12.5
TXO,202609W2,20260909.0,48900.0,Put,-,-,-,-,2800,-,-,0,0,0,0,-,-,-,-
TXO,202609W2,20260909.0,49000.0,Call,40,40,16,16,12.5,▼-49,▼-75.38%,33,45,78,63,11.5,12.5,77,13
TXO,202609W2,20260909.0,49000.0,Put,-,-,-,-,2900,-,-,0,0,0,0,-,-,-,-
TXO,202609W2,20260909.0,49100.0,Call,22,22,9.8,10.5,10.5,▼-43.5,▼-80.56%,0,5,5,13,2,16.5,78,9.8
TXO,202609W2,20260909.0,49100.0,Put,-,-,-,-,2990,-,-,0,0,0,0,-,-,-,-
TXO,202609W2,20260909.0,49200.0,Call,24,24,13.5,13.5,9.1,▼-35.5,▼-72.45%,0,7,7,16,8.6,9.2,69,11
TXO,202609W2,20260909.0,49200.0,Put,-,-,-,-,3090,-,-,0,0,0,0,-,-,-,-
TXO,202609W2,20260909.0,49300.0,Call,22.5,22.5,17,18.5,8.1,▼-24,▼-56.47%,0,5,5,8,7.5,8.1,45,1.3
TXO,202609W2,20260909.0,49300.0,Put,-,-,-,-,3190,-,-,0,0,0,0,-,-,-,-
TXO,202609W2,20260909.0,49400.0,Call,16,16,8,8,8,▼-29,▼-78.38%,4,50,54,20,6.7,7.3,45.5,8
TXO,202609W2,20260909.0,49400.0,Put,-,-,-,-,3290,-,-,0,0,0,0,-,-,-,-
TXO,202609W2,20260909.0,49500.0,Call,15.5,15.5,8,8,6.4,▼-24,▼-75.00%,4,23,27,22,6,6.5,50,8
TXO,202609W2,20260909.0,49500.0,Put,-,-,-,-,3390,-,-,0,0,0,0,-,-,-,-
TXO,202609W2,20260909.0,49600.0,Call,13,13,9,9,5.6,▼-19,▼-67.86%,2,15,17,24,5.3,5.7,48,9
TXO,202609W2,20260909.0,49600.0,Put,-,-,-,-,3490,-,-,0,0,0,0,-,-,-,-
TXO,202609W2,20260909.0,49700.0,Call,16.5,16.5,16.5,16.5,5.2,▼-8,▼-32.65%,9,1,10,6,1.5,202,41.5,9.5
TXO,202609W2,20260909.0,49700.0,Put,-,-,-,-,3590,-,-,0,0,0,0,-,-,-,-
TXO,202609W2,20260909.0,49800.0,Call,10.5,10.5,3.9,3.9,4.8,▼-17.6,▼-81.86%,0,14,14,11,0.3,-,28.5,3.9
TXO,202609W2,20260909.0,49800.0,Put,3680,3680,3680,3680,3690,▲+980,▲+36.30%,0,1,1,1,-,-,3680,3680
TXO,202609W2,20260909.0,49900.0,Call,10,10,3.5,3.5,4,▼-15.5,▼-81.58%,0,5,5,3,0.3,-,17,3.5
TXO,202609W2,20260909.0,49900.0,Put,3780,3780,3780,3780,3790,▲+980,▲+35.00%,0,1,1,1,-,-,3780,3780
TXO,202609W2,20260909.0,50000.0,Call,11,11,4.9,4.9,3.8,▼-12.1,▼-71.18%,1,15,16,25,3.5,4.4,16,4.9
TXO,202609W2,20260909.0,50000.0,Put,-,-,-,-,3890,-,-,0,0,0,0,-,3910,-,-
TXO,202609W2,20260909.0,50100.0,Call,7.9,7.9,4.7,4.7,3.2,▼-10.3,▼-68.67%,0,6,6,6,0.4,108,7.9,4.7
TXO,202609W2,20260909.0,50100.0,Put,-,-,-,-,3990,-,-,0,0,0,0,-,-,-,-
TXO,202609W2,20260909.0,50200.0,Call,-,-,-,-,3,-,-,3,0,3,1,0.8,-,13.5,5.2
TXO,202609W2,20260909.0,50200.0,Put,-,-,-,-,4090,-,-,0,0,0,0,-,-,-,-
TXO,202609W2,20260909.0,50300.0,Call,-,-,-,-,2.7,-,-,3,0,3,0,0.8,-,25.5,6.3
TXO,202609W2,20260909.0,50300.0,Put,-,-,-,-,4190,-,-,0,0,0,0,-,-,-,-
TXO,202609W2,20260909.0,50400.0,Call,4.1,4.1,4.1,4.1,2.5,▼-6.9,▼-62.73%,1,2,3,2,2,2.9,24,4.1
TXO,202609W2,20260909.0,50400.0,Put,-,-,-,-,4290,-,-,0,0,0,0,-,-,-,-
TXO,202609W2,20260909.0,50500.0,Call,7.9,7.9,3.9,3.9,2.2,▼-6.1,▼-61.00%,0,4,4,3,1.9,2.5,22,3.9
TXO,202609W2,20260909.0,50500.0,Put,-,-,-,-,4390,-,-,0,0,0,0,-,-,-,-
TXO,202609W2,20260909.0,50600.0,Call,7,7,3.7,3.7,2,▼-5.4,▼-59.34%,0,13,13,8,0.4,-,9.2,3.7
TXO,202609W2,20260909.0,50600.0,Put,-,-,-,-,4490,-,-,0,0,0,0,-,-,-,-
TXO,202609W2,20260909.0,50700.0,Call,-,-,-,-,1.9,-,-,0,0,0,0,1.4,2.3,-,-
TXO,202609W2,20260909.0,50700.0,Put,-,-,-,-,4590,-,-,0,0,0,0,-,-,-,-
TXO,202609W2,20260909.0,50800.0,Call,-,-,-,-,1.6,-,-,0,0,0,0,1.2,2,-,-
TXO,202609W2,20260909.0,50800.0,Put,-,-,-,-,4690,-,-,0,0,0,0,-,-,-,-
TXO,202609W2,20260909.0,50900.0,Call,-,-,-,-,1.5,-,-,0,0,0,0,1.1,1.9,-,-
TXO,202609W2,20260909.0,50900.0,Put,-,-,-,-,4780,-,-,0,0,0,0,-,-,-,-
TXO,202609W2,20260909.0,51000.0,Call,4.6,4.6,1.5,1.5,1.5,▼-5.1,▼-77.27%,1,850,851,872,1,1.5,6.6,1.5
TXO,202609W2,20260909.0,51000.0,Put,-,-,-,-,4880,-,-,0,0,0,0,-,-,-,-
TXO,202609W2,20260909.0,51100.0,Call,-,-,-,-,1.2,-,-,0,0,0,0,-,-,-,-
TXO,202609W2,20260909.0,51100.0,Put,-,-,-,-,4980,-,-,0,0,0,0,-,-,-,-
TXO,202609W2,20260909.0,51200.0,Call,-,-,-,-,1.1,-,-,0,0,0,0,0.8,1.4,-,-
TXO,202609W2,20260909.0,51200.0,Put,-,-,-,-,5080,-,-,0,0,0,0,-,5100,-,-
TXO,202609W2,20260909.0,51300.0,Call,-,-,-,-,1,-,-,0,0,0,0,0.7,1.3,-,-
TXO,202609W2,20260909.0,51300.0,Put,-,-,-,-,5180,-,-,0,0,0,0,-,-,-,-
TXO,202609W2,20260909.0,51400.0,Call,-,-,-,-,0.9,-,-,0,0,0,0,0.6,1.1,-,-
TXO,202609W2,20260909.0,51400.0,Put,-,-,-,-,5280,-,-,0,0,0,0,-,-,-,-
TXO,202609W2,20260909.0,51500.0,Call,-,-,-,-,0.8,-,-,0,0,0,0,0.5,1.1,-,-
TXO,202609W2,20260909.0,51500.0,Put,-,-,-,-,5380,-,-,0,0,0,0,-,-,-,-
TXO,202609W2,20260909.0,51600.0,Call,-,-,-,-,0.8,-,-,0,0,0,0,-,-,-,-
TXO,202609W2,20260909.0,51600.0,Put,-,-,-,-,5480,-,-,0,0,0,0,-,-,-,-
TXO,202609W2,20260909.0,51700.0,Call,3.8,3.8,3.6,3.7,0.7,▲+2.2,▲+146.67%,0,5,5,5,-,-,3.8,3.6
TXO,202609W2,20260909.0,51700.0,Put,-,-,-,-,5580,-,-,0,0,0,0,-,-,-,-
TXO,202609F2,20260911.0,41300.0,Call,-,-,-,-,4870,-,-,0,0,0,0,-,-,-,-
TXO,202609F2,20260911.0,41300.0,Put,25,27,24,25.5,24,▲+7.5,▲+41.67%,19,28,47,99,23.5,24.5,49,18
TXO,202609F2,20260911.0,41400.0,Call,-,-,-,-,4770,-,-,0,0,0,0,-,-,-,-
TXO,202609F2,20260911.0,41400.0,Put,-,-,-,-,25,-,-,0,0,0,0,0.2,-,-,-
TXO,202609F2,20260911.0,41500.0,Call,-,-,-,-,4670,-,-,0,0,0,0,-,-,-,-
TXO,202609F2,20260911.0,41500.0,Put,27.5,27.5,27.5,27.5,27.5,▲+7.5,▲+37.50%,3,1,4,4,26,27,41.5,20
TXO,202609F2,20260911.0,41600.0,Call,-,-,-,-,4570,-,-,0,0,0,0,-,-,-,-
TXO,202609F2,20260911.0,41600.0,Put,-,-,-,-,27.5,-,-,0,0,0,7,0.6,127,51,42
TXO,202609F2,20260911.0,41700.0,Call,-,-,-,-,4470,-,-,0,0,0,0,-,-,-,-
TXO,202609F2,20260911.0,41700.0,Put,-,-,-,-,28.5,-,-,0,0,0,0,28.5,29.5,-,-
TXO,202609F2,20260911.0,41800.0,Call,-,-,-,-,4380,-,-,0,0,0,0,-,-,-,-
TXO,202609F2,20260911.0,41800.0,Put,30,30,30,30,30,▲+8.5,▲+39.53%,0,1,1,3,0.2,-,58,30
TXO,202609F2,20260911.0,41900.0,Call,-,-,-,-,4280,-,-,0,0,0,0,-,-,-,-
TXO,202609F2,20260911.0,41900.0,Put,-,-,-,-,31.5,-,-,0,0,0,1,31.5,32.5,47,47
TXO,202609F2,20260911.0,42000.0,Call,-,-,-,-,4180,-,-,0,0,0,0,4160,-,-,-
TXO,202609F2,20260911.0,42000.0,Put,35,35,35,35,35,▲+11,▲+45.83%,2,1,3,8,2.2,35,50,23.5
TXO,202609F2,20260911.0,42100.0,Call,-,-,-,-,4080,-,-,0,0,0,0,4050,-,-,-
TXO,202609F2,20260911.0,42100.0,Put,-,-,-,-,35,-,-,0,0,0,3,34.5,36,72,58
TXO,202609F2,20260911.0,42200.0,Call,-,-,-,-,3980,-,-,0,0,0,0,-,-,-,-
TXO,202609F2,20260911.0,42200.0,Put,-,-,-,-,37,-,-,0,0,0,2,36,38,69,27
TXO,202609F2,20260911.0,42300.0,Call,-,-,-,-,3890,-,-,0,0,0,0,-,-,-,-
TXO,202609F2,20260911.0,42300.0,Put,40,41,40,41,41,▲+15,▲+57.69%,0,4,4,3,0.7,140,41.5,29
TXO,202609F2,20260911.0,42400.0,Call,-,-,-,-,3790,-,-,0,0,0,0,-,-,-,-
TXO,202609F2,20260911.0,42400.0,Put,43.5,43.5,42,42,42,▲+15,▲+55.56%,0,3,3,7,0.2,-,52,42
TXO,202609F2,20260911.0,42500.0,Call,-,-,-,-,3690,-,-,0,0,0,0,-,-,-,-
TXO,202609F2,20260911.0,42500.0,Put,43,45.5,43,45,45,▲+17,▲+60.71%,0,4,4,21,43.5,45,88,31
TXO,202609F2,20260911.0,42600.0,Call,-,-,-,-,3590,-,-,0,0,0,0,-,-,-,-
TXO,202609F2,20260911.0,42600.0,Put,-,-,-,-,46.5,-,-,0,0,0,14,45.5,47.5,95,56
TXO,202609F2,20260911.0,42700.0,Call,-,-,-,-,3500,-,-,0,0,0,0,-,-,-,-
TXO,202609F2,20260911.0,42700.0,Put,-,-,-,-,49.5,-,-,0,0,0,14,48.5,51,102,33
TXO,202609F2,20260911.0,42800.0,Call,-,-,-,-,3400,-,-,0,0,0,0,3370,-,-,-
TXO,202609F2,20260911.0,42800.0,Put,49,49,49,49,53,▲+16.5,▲+50.77%,2,1,3,18,52,54,108,35
TXO,202609F2,20260911.0,42900.0,Call,-,-,-,-,3300,-,-,0,0,0,0,-,-,-,-
TXO,202609F2,20260911.0,42900.0,Put,-,-,-,-,56,-,-,1,0,1,15,0.7,162,117,36
TXO,202609F2,20260911.0,43000.0,Call,-,-,-,-,3210,-,-,0,0,0,0,-,3220,-,-
TXO,202609F2,20260911.0,43000.0,Put,57,63,57,63,63,▲+27.5,▲+77.46%,16,18,34,15,59,61,126,48
TXO,202609F2,20260911.0,43100.0,Call,-,-,-,-,3110,-,-,0,0,0,0,-,-,-,-
TXO,202609F2,20260911.0,43100.0,Put,-,-,-,-,64,-,-,1,0,1,9,64,66,136,39.5
TXO,202609F2,20260911.0,43200.0,Call,-,-,-,-,3020,-,-,0,0,0,0,-,-,-,-
TXO,202609F2,20260911.0,43200.0,Put,72,72,72,72,72,▲+30.5,▲+73.49%,1,5,6,8,67,69,130,40.5
TXO,202609F2,20260911.0,43300.0,Call,-,-,-,-,2920,-,-,0,0,0,0,-,-,-,-
TXO,202609F2,20260911.0,43300.0,Put,75,75,67,67,74,▲+23,▲+52.27%,0,2,2,4,1.5,-,75,44
TXO,202609F2,20260911.0,43400.0,Call,-,-,-,-,2830,-,-,0,0,0,0,2810,2840,-,-
TXO,202609F2,20260911.0,43400.0,Put,70,72,70,72,79,▲+27.5,▲+61.80%,2,2,4,4,79,81,163,57
TXO,202609F2,20260911.0,43500.0,Call,-,-,-,-,2730,-,-,0,0,0,0,-,-,-,-
TXO,202609F2,20260911.0,43500.0,Put,76,84,76,83,83,▲+33.5,▲+67.68%,2,23,25,23,85,87,147,49.5
TXO,202609F2,20260911.0,43600.0,Call,-,-,-,-,2640,-,-,0,0,0,0,-,-,-,-
TXO,202609F2,20260911.0,43600.0,Put,92,92,92,92,92,▲+39,▲+73.58%,0,1,1,2,90,93,164,52
TXO,202609F2,20260911.0,43700.0,Call,-,-,-,-,2550,-,-,0,0,0,0,2530,2560,-,-
TXO,202609F2,20260911.0,43700.0,Put,94,94,94,94,94,▲+41,▲+77.36%,0,1,1,20,97,101,208,94
TXO,202609F2,20260911.0,43800.0,Call,-,-,-,-,2450,-,-,0,0,0,0,-,-,-,-
TXO,202609F2,20260911.0,43800.0,Put,104,104,104,104,104,▲+45,▲+76.27%,0,2,2,2,106,109,181,59
TXO,202609F2,20260911.0,43900.0,Call,-,-,-,-,2360,-,-,0,0,0,0,-,2380,-,-
TXO,202609F2,20260911.0,43900.0,Put,-,-,-,-,117,-,-,4,0,4,5,1.5,218,122,77
TXO,202609F2,20260911.0,44000.0,Call,-,-,-,-,2270,-,-,0,0,0,0,2240,-,-,-
TXO,202609F2,20260911.0,44000.0,Put,130,133,127,129,129,▲+64,▲+98.46%,4,5,9,37,0.6,200,257,65
TXO,202609F2,20260911.0,44100.0,Call,-,-,-,-,2180,-,-,0,0,0,0,-,-,-,-
TXO,202609F2,20260911.0,44100.0,Put,121,122,121,122,136,▲+52,▲+74.29%,2,2,4,3,3.2,-,246,71
TXO,202609F2,20260911.0,44200.0,Call,-,-,-,-,2100,-,-,0,0,0,0,-,-,-,-
TXO,202609F2,20260911.0,44200.0,Put,154,154,133,133,148,▲+58,▲+77.33%,0,2,2,6,20,261,163,81
TXO,202609F2,20260911.0,44300.0,Call,-,-,-,-,2010,-,-,0,0,0,0,-,-,-,-
TXO,202609F2,20260911.0,44300.0,Put,-,-,-,-,162,-,-,5,0,5,7,1.5,-,264,104
TXO,202609F2,20260911.0,44400.0,Call,-,-,-,-,1920,-,-,0,0,0,0,1890,-,-,-
TXO,202609F2,20260911.0,44400.0,Put,150,180,150,180,180,▲+94,▲+109.30%,5,3,8,10,5.9,296,250,104
TXO,202609F2,20260911.0,44500.0,Call,-,-,-,-,1840,-,-,0,0,0,0,-,-,-,-
TXO,202609F2,20260911.0,44500.0,Put,-,-,-,-,192,-,-,1,0,1,6,24,315,325,95
TXO,202609F2,20260911.0,44600.0,Call,-,-,-,-,1760,-,-,0,0,0,0,1740,1770,-,-
TXO,202609F2,20260911.0,44600.0,Put,206,216,205,216,216,▲+118,▲+120.41%,0,4,4,5,204,209,239,98
TXO,202609F2,20260911.0,44650.0,Call,-,-,-,-,1710,-,-,0,0,0,0,-,-,-,-
TXO,202609F2,20260911.0,44650.0,Put,201,201,201,201,217,▲+97,▲+93.27%,0,1,1,1,49.5,-,201,201
TXO,202609F2,20260911.0,44700.0,Call,-,-,-,-,1670,-,-,0,0,0,0,-,1690,-,-
TXO,202609F2,20260911.0,44700.0,Put,-,-,-,-,227,-,-,0,0,0,4,222,227,366,115
TXO,202609F2,20260911.0,44750.0,Call,-,-,-,-,1630,-,-,0,0,0,0,-,1650,-,-
TXO,202609F2,20260911.0,44750.0,Put,-,-,-,-,237,-,-,0,0,0,0,2.5,-,-,-
TXO,202609F2,20260911.0,44800.0,Call,-,-,-,-,1590,-,-,1,0,1,0,-,1610,2070,2070
TXO,202609F2,20260911.0,44800.0,Put,202,247,202,247,247,▲+130,▲+111.11%,0,18,18,5,88,349,308,202
TXO,202609F2,20260911.0,44850.0,Call,-,-,-,-,1550,-,-,0,0,0,0,1540,-,1170,1170
TXO,202609F2,20260911.0,44850.0,Put,-,-,-,-,257,-,-,0,0,0,1,252,258,272,272
TXO,202609F2,20260911.0,44900.0,Call,-,-,-,-,1510,-,-,0,0,0,0,-,-,-,-
TXO,202609F2,20260911.0,44900.0,Put,-,-,-,-,267,-,-,0,0,0,3,262,268,306,302
TXO,202609F2,20260911.0,44950.0,Call,-,-,-,-,1480,-,-,0,0,0,0,1450,-,-,-
TXO,202609F2,20260911.0,44950.0,Put,-,-,-,-,278,-,-,0,0,0,2,0.6,-,390,390
TXO,202609F2,20260911.0,45000.0,Call,-,-,-,-,1440,-,-,0,0,0,0,1410,-,-,-
TXO,202609F2,20260911.0,45000.0,Put,-,-,-,-,290,-,-,0,0,0,5,126,-,490,134
TXO,202609F2,20260911.0,45050.0,Call,-,-,-,-,1400,-,-,1,0,1,0,1370,-,1860,1860
TXO,202609F2,20260911.0,45050.0,Put,-,-,-,-,303,-,-,0,0,0,0,297,303,-,-
TXO,202609F2,20260911.0,45100.0,Call,-,-,-,-,1360,-,-,1,0,1,0,1330,-,1820,1820
TXO,202609F2,20260911.0,45100.0,Put,-,-,-,-,316,-,-,0,0,0,0,309,316,-,-
TXO,202609F2,20260911.0,45150.0,Call,-,-,-,-,1320,-,-,1,0,1,0,1300,-,1780,1780
TXO,202609F2,20260911.0,45150.0,Put,-,-,-,-,327,-,-,0,0,0,0,224,-,-,-
TXO,202609F2,20260911.0,45200.0,Call,-,-,-,-,1290,-,-,0,0,0,0,1260,-,955,955
TXO,202609F2,20260911.0,45200.0,Put,-,-,-,-,341,-,-,0,0,0,2,179,428,500,181
TXO,202609F2,20260911.0,45250.0,Call,-,-,-,-,1250,-,-,0,0,0,0,1230,-,-,-
TXO,202609F2,20260911.0,45250.0,Put,-,-,-,-,355,-,-,0,0,0,2,189,438,362,362
TXO,202609F2,20260911.0,45300.0,Call,1210,1210,1210,1210,1210,▼-820,▼-40.39%,0,1,1,1,1210,1230,1210,1210
TXO,202609F2,20260911.0,45300.0,Put,-,-,-,-,370,-,-,0,0,0,1,242,-,381,381
TXO,202609F2,20260911.0,45350.0,Call,-,-,-,-,1180,-,-,1,0,1,0,1170,1190,1620,1620
TXO,202609F2,20260911.0,45350.0,Put,-,-,-,-,386,-,-,0,0,0,1,258,-,218,218
TXO,202609F2,20260911.0,45400.0,Call,-,-,-,-,1150,-,-,0,0,0,0,-,-,-,-
TXO,202609F2,20260911.0,45400.0,Put,-,-,-,-,401,-,-,0,0,0,0,294,-,-,-
TXO,202609F2,20260911.0,45450.0,Call,-,-,-,-,1110,-,-,0,0,0,0,-,-,-,-
TXO,202609F2,20260911.0,45450.0,Put,-,-,-,-,416,-,-,0,0,0,0,1.2,-,-,-
TXO,202609F2,20260911.0,45500.0,Call,-,-,-,-,1080,-,-,0,0,0,0,-,-,-,-
TXO,202609F2,20260911.0,45500.0,Put,-,-,-,-,434,-,-,0,0,0,1,329,530,234,234
TXO,202609F2,20260911.0,45550.0,Call,-,-,-,-,1050,-,-,0,0,0,0,-,-,-,-
TXO,202609F2,20260911.0,45550.0,Put,-,-,-,-,449,-,-,0,0,0,0,311,-,-,-
TXO,202609F2,20260911.0,45600.0,Call,-,-,-,-,1020,-,-,1,0,1,0,-,-,1430,730
TXO,202609F2,20260911.0,45600.0,Put,457,457,457,457,457,▲+235,▲+105.86%,0,1,1,1,333,565,457,457
TXO,202609F2,20260911.0,45650.0,Call,-,-,-,-,985,-,-,0,0,0,0,-,-,745,705
TXO,202609F2,20260911.0,45650.0,Put,-,-,-,-,486,-,-,0,0,0,0,1.2,-,-,-
TXO,202609F2,20260911.0,45700.0,Call,1080,1080,1080,1080,950,▼-610,▼-36.09%,0,1,1,3,945,960,1200,705
TXO,202609F2,20260911.0,45700.0,Put,-,-,-,-,505,-,-,0,0,0,0,500,510,740,257
TXO,202609F2,20260911.0,45750.0,Call,-,-,-,-,920,-,-,0,0,0,0,-,-,-,-
TXO,202609F2,20260911.0,45750.0,Put,-,-,-,-,525,-,-,0,0,0,0,520,530,-,-
TXO,202609F2,20260911.0,45800.0,Call,-,-,-,-,890,-,-,0,0,0,0,-,-,1240,550
TXO,202609F2,20260911.0,45800.0,Put,-,-,-,-,545,-,-,1,0,1,1,350,-,640,260
TXO,202609F2,20260911.0,45850.0,Call,-,-,-,-,860,-,-,0,0,0,0,855,870,615,615
TXO,202609F2,20260911.0,45850.0,Put,-,-,-,-,565,-,-,0,0,0,0,426,-,-,-
TXO,202609F2,20260911.0,45900.0,Call,-,-,-,-,830,-,-,0,0,0,1,825,840,1000,1000
TXO,202609F2,20260911.0,45900.0,Put,-,-,-,-,585,-,-,0,0,0,20,580,590,720,342
TXO,202609F2,20260911.0,45950.0,Call,-,-,-,-,805,-,-,0,0,0,0,800,810,-,-
TXO,202609F2,20260911.0,45950.0,Put,-,-,-,-,605,-,-,0,0,0,0,600,610,-,-
TXO,202609F2,20260911.0,46000.0,Call,920,920,735,735,775,▼-725,▼-49.66%,0,2,2,1,770,780,920,545
TXO,202609F2,20260911.0,46000.0,Put,510,635,510,635,635,▲+327,▲+106.17%,3,3,6,2,465,-,635,375
TXO,202609F2,20260911.0,46050.0,Call,-,-,-,-,750,-,-,0,0,0,0,745,755,525,525
TXO,202609F2,20260911.0,46050.0,Put,-,-,-,-,650,-,-,0,0,0,0,645,655,-,-
TXO,202609F2,20260911.0,46100.0,Call,695,695,695,695,725,▼-685,▼-49.64%,0,1,1,1,605,-,695,505
TXO,202609F2,20260911.0,46100.0,Put,660,665,660,665,665,▲+334,▲+100.91%,0,4,4,0,3.8,-,665,660
TXO,202609F2,20260911.0,46150.0,Call,-,-,-,-,695,-,-,0,0,0,0,690,700,-,-
TXO,202609F2,20260911.0,46150.0,Put,-,-,-,-,695,-,-,0,0,0,1,690,700,790,790
TXO,202609F2,20260911.0,46200.0,Call,-,-,-,-,670,-,-,0,0,0,0,665,675,-,-
TXO,202609F2,20260911.0,46200.0,Put,680,680,680,680,720,▲+321,▲+89.42%,0,1,1,2,715,725,680,398
TXO,202609F2,20260911.0,46250.0,Call,710,710,625,625,625,▼-645,▼-50.79%,0,8,8,7,2.5,720,710,625
TXO,202609F2,20260911.0,46250.0,Put,-,-,-,-,750,-,-,1,0,1,1,3.8,-,429,361
TXO,202609F2,20260911.0,46300.0,Call,700,740,600,600,600,▼-640,▼-51.61%,0,15,15,15,505,-,740,600
TXO,202609F2,20260911.0,46300.0,Put,755,755,755,755,755,▲+368,▲+95.09%,1,1,2,0,730,-,755,540
TXO,202609F2,20260911.0,46350.0,Call,575,575,575,575,600,▼-635,▼-52.48%,0,2,2,2,475,-,575,575
TXO,202609F2,20260911.0,46350.0,Put,-,-,-,-,800,-,-,0,0,0,0,755,-,-,-
TXO,202609F2,20260911.0,46400.0,Call,650,650,550,570,570,▼-600,▼-51.28%,1,8,9,3,570,580,900,550
TXO,202609F2,20260911.0,46400.0,Put,-,-,-,-,830,-,-,0,0,0,0,3.8,-,-,-
TXO,202609F2,20260911.0,46450.0,Call,-,-,-,-,555,-,-,0,0,0,0,545,555,-,-
TXO,202609F2,20260911.0,46450.0,Put,-,-,-,-,855,-,-,0,0,0,1,705,-,496,496
TXO,202609F2,20260911.0,46500.0,Call,505,505,505,505,530,▼-595,▼-54.09%,0,1,1,2,525,535,505,319
TXO,202609F2,20260911.0,46500.0,Put,-,-,-,-,885,-,-,9,0,9,2,730,-,645,465
TXO,202609F2,20260911.0,46550.0,Call,-,-,-,-,510,-,-,0,0,0,0,500,510,-,-
TXO,202609F2,20260911.0,46550.0,Put,-,-,-,-,910,-,-,0,0,0,0,865,-,-,-
TXO,202609F2,20260911.0,46600.0,Call,-,-,-,-,486,-,-,0,0,0,0,1.2,-,325,325
TXO,202609F2,20260911.0,46600.0,Put,-,-,-,-,940,-,-,0,0,0,0,895,-,-,-
TXO,202609F2,20260911.0,46650.0,Call,-,-,-,-,466,-,-,0,0,0,0,462,470,-,-
TXO,202609F2,20260911.0,46650.0,Put,-,-,-,-,970,-,-,1,0,1,1,3.8,1050,700,700
TXO,202609F2,20260911.0,46700.0,Call,495,495,495,495,447,▼-480,▼-49.23%,2,1,3,3,326,-,770,371
TXO,202609F2,20260911.0,46700.0,Put,-,-,-,-,1000,-,-,0,0,0,0,955,-,-,-
TXO,202609F2,20260911.0,46750.0,Call,-,-,-,-,427,-,-,0,0,0,0,1.2,-,-,-
TXO,202609F2,20260911.0,46750.0,Put,-,-,-,-,1030,-,-,0,0,0,0,985,-,-,-
TXO,202609F2,20260911.0,46800.0,Call,455,455,455,455,409,▼-455,▼-50.00%,1,1,2,2,1.2,-,730,455
TXO,202609F2,20260911.0,46800.0,Put,-,-,-,-,1060,-,-,0,0,0,1,1030,1150,625,625
TXO,202609F2,20260911.0,46850.0,Call,-,-,-,-,390,-,-,0,0,0,0,272,-,-,-
TXO,202609F2,20260911.0,46850.0,Put,-,-,-,-,1090,-,-,1,0,1,1,1060,1180,770,770
TXO,202609F2,20260911.0,46900.0,Call,-,-,-,-,373,-,-,0,0,0,1,1.2,-,530,530
TXO,202609F2,20260911.0,46900.0,Put,-,-,-,-,1120,-,-,0,0,0,1,970,1200,715,715
TXO,202609F2,20260911.0,46950.0,Call,-,-,-,-,356,-,-,0,0,0,0,267,-,-,-
TXO,202609F2,20260911.0,46950.0,Put,-,-,-,-,1160,-,-,0,0,0,1,3.8,1270,650,650
TXO,202609F2,20260911.0,47000.0,Call,535,535,380,380,340,▼-400,▼-51.28%,1,3,4,4,125,488,780,190
TXO,202609F2,20260911.0,47000.0,Put,-,-,-,-,1190,-,-,0,0,0,1,1100,-,1270,1270
TXO,202609F2,20260911.0,47050.0,Call,-,-,-,-,325,-,-,0,0,0,0,320,327,-,-
TXO,202609F2,20260911.0,47050.0,Put,1200,1200,1200,1200,1230,▲+530,▲+79.10%,1,1,2,0,1.2,-,1200,900
TXO,202609F2,20260911.0,47100.0,Call,499,499,499,499,310,▼-246,▼-33.02%,2,1,3,4,189,-,700,248
TXO,202609F2,20260911.0,47100.0,Put,-,-,-,-,1260,-,-,0,0,0,0,1.2,1280,-,-
TXO,202609F2,20260911.0,47150.0,Call,-,-,-,-,295,-,-,0,0,0,0,1.2,-,-,-
TXO,202609F2,20260911.0,47150.0,Put,-,-,-,-,1300,-,-,0,0,0,0,1.2,-,-,-
TXO,202609F2,20260911.0,47200.0,Call,446,446,352,362,281,▼-328,▼-47.54%,0,7,7,1,102,363,446,352
TXO,202609F2,20260911.0,47200.0,Put,-,-,-,-,1330,-,-,0,0,0,0,1.2,-,-,-
TXO,202609F2,20260911.0,47250.0,Call,257,257,257,257,257,▼-408,▼-61.35%,0,1,1,1,86,-,480,183
TXO,202609F2,20260911.0,47250.0,Put,1340,1340,1340,1340,1370,▲+580,▲+76.32%,0,1,1,1,1.2,-,1340,1340
TXO,202609F2,20260911.0,47300.0,Call,-,-,-,-,256,-,-,0,0,0,2,252,257,380,148
TXO,202609F2,20260911.0,47300.0,Put,-,-,-,-,1410,-,-,0,0,0,0,1.2,-,-,-
TXO,202609F2,20260911.0,47350.0,Call,-,-,-,-,244,-,-,0,0,0,0,239,245,-,-
TXO,202609F2,20260911.0,47350.0,Put,-,-,-,-,1450,-,-,0,0,0,0,1.2,1470,-,-
TXO,202609F2,20260911.0,47400.0,Call,214,214,214,214,232,▼-376,▼-63.73%,0,1,1,1,227,233,214,214
TXO,202609F2,20260911.0,47400.0,Put,-,-,-,-,1480,-,-,0,0,0,0,1.2,1500,-,-
TXO,202609F2,20260911.0,47450.0,Call,-,-,-,-,220,-,-,0,0,0,0,215,220,-,-
TXO,202609F2,20260911.0,47450.0,Put,-,-,-,-,1520,-,-,0,0,0,0,1.2,-,-,-
TXO,202609F2,20260911.0,47500.0,Call,350,350,350,350,210,▼-195,▼-35.78%,3,1,4,1,205,210,600,126
TXO,202609F2,20260911.0,47500.0,Put,-,-,-,-,1560,-,-,0,0,0,0,1.2,1590,1050,970
TXO,202609F2,20260911.0,47550.0,Call,-,-,-,-,198,-,-,0,0,0,1,193,198,366,366
TXO,202609F2,20260911.0,47550.0,Put,-,-,-,-,1600,-,-,0,0,0,0,1.2,1630,-,-
TXO,202609F2,20260911.0,47600.0,Call,-,-,-,-,188,-,-,0,0,0,0,103,-,-,-
TXO,202609F2,20260911.0,47600.0,Put,-,-,-,-,1640,-,-,0,0,0,3,1550,-,1050,1020
TXO,202609F2,20260911.0,47650.0,Call,-,-,-,-,179,-,-,0,0,0,0,175,180,-,-
TXO,202609F2,20260911.0,47650.0,Put,-,-,-,-,1680,-,-,0,0,0,0,1.2,1710,-,-
TXO,202609F2,20260911.0,47700.0,Call,210,210,210,210,169,▼-249,▼-54.25%,0,1,1,1,75,-,279,210
TXO,202609F2,20260911.0,47700.0,Put,-,-,-,-,1720,-,-,26,0,26,0,1.2,-,1150,935
TXO,202609F2,20260911.0,47750.0,Call,-,-,-,-,161,-,-,0,0,0,0,59,-,-,-
TXO,202609F2,20260911.0,47750.0,Put,-,-,-,-,1760,-,-,0,0,0,0,1.2,-,-,-
TXO,202609F2,20260911.0,47800.0,Call,-,-,-,-,152,-,-,1,0,1,1,1.2,-,326,80
TXO,202609F2,20260911.0,47800.0,Put,-,-,-,-,1800,-,-,0,0,0,0,1.2,-,-,-
TXO,202609F2,20260911.0,47850.0,Call,-,-,-,-,144,-,-,0,0,0,0,140,144,-,-
TXO,202609F2,20260911.0,47850.0,Put,-,-,-,-,1850,-,-,0,0,0,0,-,-,-,-
TXO,202609F2,20260911.0,47900.0,Call,-,-,-,-,136,-,-,0,0,0,1,23,-,200,200
TXO,202609F2,20260911.0,47900.0,Put,-,-,-,-,1890,-,-,0,0,0,0,-,-,-,-
TXO,202609F2,20260911.0,47950.0,Call,-,-,-,-,129,-,-,0,0,0,0,1.2,-,-,-
TXO,202609F2,20260911.0,47950.0,Put,-,-,-,-,1930,-,-,0,0,0,0,-,1960,-,-
TXO,202609F2,20260911.0,48000.0,Call,205,205,150,150,122,▼-199,▼-57.02%,0,3,3,10,1.2,238,314,56
TXO,202609F2,20260911.0,48000.0,Put,-,-,-,-,1970,-,-,0,0,0,0,-,-,-,-
TXO,202609F2,20260911.0,48050.0,Call,-,-,-,-,115,-,-,0,0,0,0,112,116,-,-
TXO,202609F2,20260911.0,48050.0,Put,-,-,-,-,2020,-,-,0,0,0,0,-,-,-,-
TXO,202609F2,20260911.0,48100.0,Call,-,-,-,-,108,-,-,1,0,1,1,105,108,203,203
TXO,202609F2,20260911.0,48100.0,Put,-,-,-,-,2060,-,-,0,0,0,0,-,-,-,-
TXO,202609F2,20260911.0,48150.0,Call,-,-,-,-,102,-,-,0,0,0,0,99,102,-,-
TXO,202609F2,20260911.0,48150.0,Put,-,-,-,-,2100,-,-,0,0,0,0,-,-,-,-
TXO,202609F2,20260911.0,48200.0,Call,-,-,-,-,96,-,-,1,0,1,3,3.4,-,205,140
TXO,202609F2,20260911.0,48200.0,Put,-,-,-,-,2150,-,-,0,0,0,0,-,2180,-,-
TXO,202609F2,20260911.0,48250.0,Call,-,-,-,-,91,-,-,0,0,0,0,2.4,-,-,-
TXO,202609F2,20260911.0,48250.0,Put,-,-,-,-,2190,-,-,0,0,0,0,-,-,-,-
TXO,202609F2,20260911.0,48300.0,Call,140,140,140,140,85,▼-121,▼-46.36%,1,1,2,4,1.5,178,201,47
TXO,202609F2,20260911.0,48300.0,Put,-,-,-,-,2240,-,-,0,0,0,0,-,-,-,-
TXO,202609F2,20260911.0,48350.0,Call,-,-,-,-,80,-,-,0,0,0,0,1.2,-,-,-
TXO,202609F2,20260911.0,48350.0,Put,-,-,-,-,2280,-,-,0,0,0,0,-,-,-,-
TXO,202609F2,20260911.0,48400.0,Call,100,100,95,95,76,▼-141,▼-59.75%,1,2,3,5,73,76,190,95
TXO,202609F2,20260911.0,48400.0,Put,-,-,-,-,2330,-,-,1,0,1,1,-,-,1820,1820
TXO,202609F2,20260911.0,48500.0,Call,-,-,-,-,67,-,-,0,0,0,2,2.4,-,120,43
TXO,202609F2,20260911.0,48500.0,Put,-,-,-,-,2420,-,-,0,0,0,0,-,-,-,-
TXO,202609F2,20260911.0,48600.0,Call,109,109,109,109,60,▼-83,▼-43.23%,3,2,5,1,57,60,159,37.5
TXO,202609F2,20260911.0,48600.0,Put,-,-,-,-,2510,-,-,0,0,0,0,-,-,-,-
TXO,202609F2,20260911.0,48700.0,Call,96,96,61,61,53,▼-111,▼-64.53%,1,2,3,11,2.2,203,112,30.5
TXO,202609F2,20260911.0,48700.0,Put,-,-,-,-,2600,-,-,0,0,0,0,-,-,-,-
TXO,202609F2,20260911.0,48800.0,Call,-,-,-,-,46.5,-,-,0,0,0,1,2.9,142,99,25
TXO,202609F2,20260911.0,48800.0,Put,-,-,-,-,2700,-,-,0,0,0,0,-,-,-,-
TXO,202609F2,20260911.0,48900.0,Call,-,-,-,-,41,-,-,0,0,0,4,2,-,106,22.5
TXO,202609F2,20260911.0,48900.0,Put,-,-,-,-,2790,-,-,0,0,0,0,-,-,-,-
TXO,202609F2,20260911.0,49000.0,Call,72,72,47.5,47.5,37,▼-75.5,▼-61.38%,3,5,8,3,2,130,134,27.5
TXO,202609F2,20260911.0,49000.0,Put,-,-,-,-,2890,-,-,0,0,0,0,-,-,-,-
TXO,202609F2,20260911.0,49100.0,Call,-,-,-,-,33,-,-,1,0,1,1,31.5,33.5,74,74
TXO,202609F2,20260911.0,49100.0,Put,-,-,-,-,2980,-,-,0,0,0,0,-,-,-,-
TXO,202609F2,20260911.0,49200.0,Call,-,-,-,-,29.5,-,-,0,0,0,0,28,29.5,53,25.5
TXO,202609F2,20260911.0,49200.0,Put,-,-,-,-,3080,-,-,0,0,0,0,-,-,-,-
TXO,202609F2,20260911.0,49300.0,Call,-,-,-,-,26,-,-,1,0,1,2,2,-,71,59
TXO,202609F2,20260911.0,49300.0,Put,-,-,-,-,3180,-,-,0,0,0,0,-,-,-,-
TXO,202609F2,20260911.0,49400.0,Call,36,36,36,36,23.5,▼-40,▼-52.63%,0,1,1,1,22.5,23.5,43,16
TXO,202609F2,20260911.0,49400.0,Put,-,-,-,-,3270,-,-,0,0,0,0,-,-,-,-
TXO,202609F2,20260911.0,49500.0,Call,38,38,28,28,20.5,▼-38,▼-57.58%,1,6,7,3,20,21,60,14
TXO,202609F2,20260911.0,49500.0,Put,-,-,-,-,3370,-,-,0,0,0,0,-,-,-,-
TXO,202609F2,20260911.0,49600.0,Call,-,-,-,-,19,-,-,0,0,0,0,18,19,-,-
TXO,202609F2,20260911.0,49600.0,Put,-,-,-,-,3470,-,-,0,0,0,0,-,-,-,-
TXO,202609F2,20260911.0,49700.0,Call,-,-,-,-,17.5,-,-,0,0,0,3,2,135,18.5,12.5
TXO,202609F2,20260911.0,49700.0,Put,-,-,-,-,3570,-,-,0,0,0,0,-,-,-,-
TXO,202609F2,20260911.0,49800.0,Call,22.5,22.5,16,16,16,▼-32,▼-66.67%,0,7,7,3,2,131,25.5,16
TXO,202609F2,20260911.0,49800.0,Put,-,-,-,-,3670,-,-,0,0,0,0,-,-,-,-
TXO,202609F2,20260911.0,49900.0,Call,15,15,15,15,15,▼-26,▼-63.41%,0,1,1,3,2.9,128,26.5,15
TXO,202609F2,20260911.0,49900.0,Put,-,-,-,-,3760,-,-,0,0,0,0,-,3800,-,-
TXO,202609F2,20260911.0,50000.0,Call,-,-,-,-,13,-,-,11,0,11,10,6.2,-,33,26.5
TXO,202609F2,20260911.0,50000.0,Put,-,-,-,-,3860,-,-,0,0,0,0,-,-,-,-
TXO,202609F2,20260911.0,50100.0,Call,-,-,-,-,12,-,-,2,0,2,2,2,123,25,9.9
TXO,202609F2,20260911.0,50100.0,Put,-,-,-,-,3960,-,-,0,0,0,0,-,-,-,-
TXO,202609F2,20260911.0,50200.0,Call,-,-,-,-,11,-,-,0,0,0,1,2,-,19,19
TXO,202609F2,20260911.0,50200.0,Put,-,-,-,-,4060,-,-,0,0,0,0,-,-,-,-
TXO,202609F2,20260911.0,50300.0,Call,15,15,15,15,10.5,▼-13,▼-46.43%,0,1,1,2,9.7,10.5,22,15
TXO,202609F2,20260911.0,50300.0,Put,-,-,-,-,4160,-,-,0,0,0,0,-,-,-,-
TXO,202609F2,20260911.0,50400.0,Call,-,-,-,-,9.5,-,-,0,0,0,0,9,9.6,-,-
TXO,202609F2,20260911.0,50400.0,Put,-,-,-,-,4260,-,-,0,0,0,0,-,-,-,-
TXO,202609F2,20260911.0,50500.0,Call,-,-,-,-,9,-,-,0,0,0,0,8.5,9,-,-
TXO,202609F2,20260911.0,50500.0,Put,-,-,-,-,4360,-,-,0,0,0,0,-,-,-,-
TXO,202609F2,20260911.0,50600.0,Call,10.5,10.5,10.5,10.5,8.2,▼-9,▼-46.15%,0,1,1,1,2,108,10.5,10.5
TXO,202609F2,20260911.0,50600.0,Put,-,-,-,-,4460,-,-,0,0,0,0,-,-,-,-
TXO,202609F2,20260911.0,50700.0,Call,-,-,-,-,7.7,-,-,0,0,0,1,2,-,16,16
TXO,202609F2,20260911.0,50700.0,Put,-,-,-,-,4560,-,-,0,0,0,0,-,-,-,-
TXO,202609F2,20260911.0,50800.0,Call,-,-,-,-,7.3,-,-,0,0,0,0,0.2,-,-,-
TXO,202609F2,20260911.0,50800.0,Put,-,-,-,-,4660,-,-,0,0,0,0,-,-,-,-
TXO,202609F2,20260911.0,50900.0,Call,10,10,9.4,9.4,7,▼-5.6,▼-37.33%,3,2,5,1,6.6,7,15,9.4
TXO,202609F2,20260911.0,50900.0,Put,-,-,-,-,4760,-,-,0,0,0,0,-,-,-,-
TXO,202609F2,20260911.0,51000.0,Call,-,-,-,-,6.7,-,-,7,0,7,7,6,-,16.5,13
TXO,202609F2,20260911.0,51000.0,Put,-,-,-,-,4860,-,-,0,0,0,0,-,-,-,-
TXO,202609F2,20260911.0,51100.0,Call,-,-,-,-,6.2,-,-,0,0,0,0,6,6.3,-,-
TXO,202609F2,20260911.0,51100.0,Put,-,-,-,-,4960,-,-,0,0,0,0,-,-,-,-
TXO,202609F2,20260911.0,51200.0,Call,-,-,-,-,6.1,-,-,0,0,0,0,0.2,-,-,-
TXO,202609F2,20260911.0,51200.0,Put,-,-,-,-,5060,-,-,0,0,0,0,-,-,-,-
TXO,202609F2,20260911.0,51300.0,Call,-,-,-,-,5.8,-,-,0,0,0,0,0.2,-,-,-
TXO,202609F2,20260911.0,51300.0,Put,-,-,-,-,5160,-,-,0,0,0,0,-,-,-,-
TXO,202609F2,20260911.0,51400.0,Call,-,-,-,-,5.6,-,-,0,0,0,0,5.3,5.6,-,-
TXO,202609F2,20260911.0,51400.0,Put,-,-,-,-,5260,-,-,0,0,0,0,-,-,-,-
TXO,202609F2,20260911.0,51500.0,Call,8.4,8.4,8.4,8.4,5.4,▲+2.6,▲+44.83%,0,1,1,1,0.3,-,8.4,8.4
TXO,202609F2,20260911.0,51500.0,Put,-,-,-,-,5350,-,-,0,0,0,0,-,-,-,-
TXO,202609F2,20260911.0,51600.0,Call,-,-,-,-,5.2,-,-,0,0,0,0,4.9,5.2,-,-
TXO,202609F2,20260911.0,51600.0,Put,-,-,-,-,5450,-,-,0,0,0,0,-,-,-,-
TXO,202609F2,20260911.0,51700.0,Call,6.6,6.6,6.6,6.6,5,▲+1.9,▲+40.43%,0,1,1,1,0.2,105,6.6,6.6
TXO,202609F2,20260911.0,51700.0,Put,-,-,-,-,5550,-,-,0,0,0,0,-,-,-,-
TXO,202609,20260916.0,21800.0,Call,-,-,-,-,24370,-,-,0,0,0,4,24290,24540,25330,12370
TXO,202609,20260916.0,21800.0,Put,2,2,1.5,1.5,1.5,▼-0.2,▼-11.76%,1,5,6,1464,1.5,1.8,650,0.7
TXO,202609,20260916.0,22000.0,Call,-,-,-,-,24170,-,-,0,0,0,6,24090,24840,23430,5990
TXO,202609,20260916.0,22000.0,Put,-,-,-,-,1.6,-,-,0,0,0,307,0.5,2.2,565,2
TXO,202609,20260916.0,22200.0,Call,-,-,-,-,23970,-,-,0,0,0,0,-,24000,-,-
TXO,202609,20260916.0,22200.0,Put,-,-,-,-,1.7,-,-,0,0,0,130,0.5,565,580,2.9
TXO,202609,20260916.0,22400.0,Call,-,-,-,-,23770,-,-,0,0,0,0,23700,23800,-,-
TXO,202609,20260916.0,22400.0,Put,-,-,-,-,1.7,-,-,0,0,0,214,1.6,1.9,605,2
TXO,202609,20260916.0,22600.0,Call,-,-,-,-,23570,-,-,0,0,0,0,23500,23600,-,-
TXO,202609,20260916.0,22600.0,Put,-,-,-,-,1.7,-,-,0,0,0,247,0.5,565,650,3.4
TXO,202609,20260916.0,22800.0,Call,-,-,-,-,23370,-,-,0,0,0,0,-,-,-,-
TXO,202609,20260916.0,22800.0,Put,-,-,-,-,1.8,-,-,0,0,0,19,1.7,2,675,3.5
TXO,202609,20260916.0,23000.0,Call,-,-,-,-,23170,-,-,0,0,0,0,23110,-,-,-
TXO,202609,20260916.0,23000.0,Put,-,-,-,-,1.9,-,-,0,0,0,98,1.8,2,700,2.2
TXO,202609,20260916.0,23200.0,Call,-,-,-,-,22970,-,-,0,0,0,0,22910,23000,-,-
TXO,202609,20260916.0,23200.0,Put,2.3,2.3,2.3,2.3,1.9,▲+0.3,▲+15.00%,0,1,1,237,0.7,565,730,2.3
TXO,202609,20260916.0,23400.0,Call,-,-,-,-,22770,-,-,0,0,0,0,22710,22800,-,-
TXO,202609,20260916.0,23400.0,Put,-,-,-,-,1.9,-,-,0,0,0,11,1.8,2.1,700,2.5
TXO,202609,20260916.0,23600.0,Call,-,-,-,-,22570,-,-,0,0,0,0,-,-,-,-
TXO,202609,20260916.0,23600.0,Put,-,-,-,-,2,-,-,0,0,0,10,0.7,565,700,2.4
TXO,202609,20260916.0,23800.0,Call,-,-,-,-,22370,-,-,0,0,0,0,22290,22400,-,-
TXO,202609,20260916.0,23800.0,Put,-,-,-,-,2.1,-,-,0,0,0,14,2,2.3,520,2.5
TXO,202609,20260916.0,24000.0,Call,-,-,-,-,22170,-,-,0,0,0,0,22090,22200,-,-
TXO,202609,20260916.0,24000.0,Put,2.3,2.3,2.3,2.3,2.1,▲+0.1,▲+4.55%,0,2,2,98,0.7,565,665,2.3
TXO,202609,20260916.0,24200.0,Call,-,-,-,-,21970,-,-,0,0,0,0,-,22010,-,-
TXO,202609,20260916.0,24200.0,Put,-,-,-,-,2.2,-,-,0,0,0,52,0.7,565,1000,2.5
TXO,202609,20260916.0,24400.0,Call,-,-,-,-,21770,-,-,0,0,0,0,-,21800,-,-
TXO,202609,20260916.0,24400.0,Put,-,-,-,-,2.3,-,-,0,0,0,82,0.7,565,1010,2.8
TXO,202609,20260916.0,24600.0,Call,-,-,-,-,21570,-,-,0,0,0,0,21500,21600,-,-
TXO,202609,20260916.0,24600.0,Put,-,-,-,-,2.3,-,-,3,0,3,22,0.7,565,1020,2.6
TXO,202609,20260916.0,24800.0,Call,-,-,-,-,21370,-,-,0,0,0,0,21310,21400,-,-
TXO,202609,20260916.0,24800.0,Put,-,-,-,-,2.4,-,-,10,0,10,55,0.7,565,1100,2.7
TXO,202609,20260916.0,25000.0,Call,-,-,-,-,21170,-,-,0,0,0,0,21110,-,-,-
TXO,202609,20260916.0,25000.0,Put,-,-,-,-,2.5,-,-,0,0,0,94,2.4,2.7,1050,2.6
TXO,202609,20260916.0,25200.0,Call,-,-,-,-,20970,-,-,0,0,0,0,20910,-,-,-
TXO,202609,20260916.0,25200.0,Put,-,-,-,-,2.5,-,-,0,0,0,30,-,24,1200,6.5
TXO,202609,20260916.0,25400.0,Call,-,-,-,-,20770,-,-,0,0,0,0,-,20800,-,-
TXO,202609,20260916.0,25400.0,Put,-,-,-,-,2.6,-,-,0,0,0,24,-,104,1250,6
TXO,202609,20260916.0,25600.0,Call,-,-,-,-,20570,-,-,0,0,0,0,-,20600,-,-
TXO,202609,20260916.0,25600.0,Put,-,-,-,-,2.7,-,-,0,0,0,31,2.5,2.9,1210,2.7
TXO,202609,20260916.0,25800.0,Call,-,-,-,-,20370,-,-,0,0,0,163,20280,20650,20840,14370
TXO,202609,20260916.0,25800.0,Put,-,-,-,-,2.8,-,-,0,0,0,42,2.6,3,1270,2.4
TXO,202609,20260916.0,26000.0,Call,-,-,-,-,20170,-,-,0,0,0,0,-,20210,-,-
TXO,202609,20260916.0,26000.0,Put,-,-,-,-,2.9,-,-,0,0,0,110,0.6,27,1090,5
TXO,202609,20260916.0,26200.0,Call,-,-,-,-,19970,-,-,0,0,0,0,-,20000,-,-
TXO,202609,20260916.0,26200.0,Put,-,-,-,-,3,-,-,0,0,0,22,2.8,3.2,1420,16
TXO,202609,20260916.0,26400.0,Call,-,-,-,-,19770,-,-,0,0,0,0,-,19800,13900,5820
TXO,202609,20260916.0,26400.0,Put,-,-,-,-,3.1,-,-,0,0,0,9,2.9,3.3,1180,3.9
TXO,202609,20260916.0,26600.0,Call,-,-,-,-,19570,-,-,0,0,0,0,-,-,-,-
TXO,202609,20260916.0,26600.0,Put,-,-,-,-,3.2,-,-,0,0,0,26,3,3.5,1000,6.7
TXO,202609,20260916.0,26800.0,Call,-,-,-,-,19370,-,-,0,0,0,25,19240,20030,18950,5510
TXO,202609,20260916.0,26800.0,Put,-,-,-,-,3.3,-,-,0,0,0,35,3.1,3.5,1130,6.1
TXO,202609,20260916.0,27000.0,Call,-,-,-,-,19170,-,-,0,0,0,3,19100,19830,20110,6220
TXO,202609,20260916.0,27000.0,Put,3.2,3.2,3.2,3.2,3.4,0,0%,0,1,1,19,0.5,123,1750,3.2
TXO,202609,20260916.0,27200.0,Call,-,-,-,-,18970,-,-,0,0,0,0,18920,-,-,-
TXO,202609,20260916.0,27200.0,Put,-,-,-,-,3.5,-,-,0,0,0,5,3.3,3.7,750,5.1
TXO,202609,20260916.0,27400.0,Call,-,-,-,-,18770,-,-,0,0,0,2,18620,19430,5890,2380
TXO,202609,20260916.0,27400.0,Put,-,-,-,-,3.6,-,-,0,0,0,22,3.4,3.9,1270,4.8
TXO,202609,20260916.0,27600.0,Call,-,-,-,-,18570,-,-,0,0,0,2,18060,19230,10800,2020
TXO,202609,20260916.0,27600.0,Put,4.3,4.5,4.2,4.3,3.7,▲+0.8,▲+22.86%,0,4,4,10,0.4,6.8,1120,4.2
TXO,202609,20260916.0,27800.0,Call,-,-,-,-,18370,-,-,0,0,0,7,18290,18440,19160,16360
TXO,202609,20260916.0,27800.0,Put,4.4,4.4,4.4,4.4,3.8,▲+0.8,▲+22.22%,0,1,1,23,0.4,570,1460,4.4
TXO,202609,20260916.0,28000.0,Call,-,-,-,-,18170,-,-,0,0,0,1,18140,18220,7880,1910
TXO,202609,20260916.0,28000.0,Put,3.9,3.9,3.9,3.9,3.9,▲+0.2,▲+5.41%,0,1,1,60,3.7,4.2,2180,3.9
TXO,202609,20260916.0,28200.0,Call,-,-,-,-,17970,-,-,0,0,0,2,17910,18240,5250,1730
TXO,202609,20260916.0,28200.0,Put,4.8,4.9,4.8,4.9,4.1,▲+1,▲+25.64%,0,3,3,67,0.4,570,1180,4.8
TXO,202609,20260916.0,28400.0,Call,-,-,-,-,17770,-,-,0,0,0,21,17640,18040,15910,1630
TXO,202609,20260916.0,28400.0,Put,-,-,-,-,4.2,-,-,0,0,0,18,3.9,4.5,1550,4
TXO,202609,20260916.0,28600.0,Call,-,-,-,-,17570,-,-,0,0,0,0,17520,17600,-,-
TXO,202609,20260916.0,28600.0,Put,5.1,5.1,5.1,5.1,4.3,▲+1,▲+24.39%,0,1,1,19,4.2,4.8,1250,5.1
TXO,202609,20260916.0,28800.0,Call,-,-,-,-,17370,-,-,0,0,0,0,17320,-,5200,3230
TXO,202609,20260916.0,28800.0,Put,-,-,-,-,4.5,-,-,0,0,0,25,0.3,570,775,12.5
TXO,202609,20260916.0,29000.0,Call,-,-,-,-,17170,-,-,0,0,0,2,17120,17830,4570,4570
TXO,202609,20260916.0,29000.0,Put,5.1,5.5,5.1,5.5,4.7,▲+1.1,▲+25.00%,0,4,4,45,4.4,5,1920,5.1
TXO,202609,20260916.0,29200.0,Call,-,-,-,-,16980,-,-,0,0,0,4,16840,17630,6310,1310
TXO,202609,20260916.0,29200.0,Put,5.1,5.7,5.1,5.7,4.8,▲+1.2,▲+26.67%,0,4,4,57,4.5,5.1,1320,5.1
TXO,202609,20260916.0,29400.0,Call,-,-,-,-,16780,-,-,0,0,0,1,16630,16820,6990,1290
TXO,202609,20260916.0,29400.0,Put,5.5,5.5,5.5,5.5,5,▲+0.8,▲+17.02%,0,1,1,29,4.7,5.3,2010,4.4
TXO,202609,20260916.0,29600.0,Call,-,-,-,-,16580,-,-,0,0,0,2,16510,17230,5690,1370
TXO,202609,20260916.0,29600.0,Put,5.3,5.8,5.3,5.8,5.1,▲+0.9,▲+18.37%,0,9,9,27,4.8,5.4,1780,4
TXO,202609,20260916.0,29800.0,Call,-,-,-,-,16380,-,-,0,0,0,4,16310,17030,16240,1210
TXO,202609,20260916.0,29800.0,Put,-,-,-,-,5.3,-,-,1,0,1,42,0.2,570,2400,6.4
TXO,202609,20260916.0,30000.0,Call,-,-,-,-,16180,-,-,0,0,0,24,15940,16480,14350,1210
TXO,202609,20260916.0,30000.0,Put,6,6,5.2,5.2,5.4,▲+0.1,▲+1.96%,8,62,70,864,5.3,5.9,2400,4.6
TXO,202609,20260916.0,30200.0,Call,-,-,-,-,15980,-,-,0,0,0,4,15840,16630,10020,1320
TXO,202609,20260916.0,30200.0,Put,-,-,-,-,5.6,-,-,0,0,0,10,5.3,5.9,2050,4.6
TXO,202609,20260916.0,30400.0,Call,-,-,-,-,15780,-,-,0,0,0,0,-,15810,5390,1430
TXO,202609,20260916.0,30400.0,Put,6.2,6.2,6.2,6.2,5.8,▲+0.7,▲+12.73%,0,2,2,36,5.5,6.1,2030,1.1
TXO,202609,20260916.0,30600.0,Call,-,-,-,-,15580,-,-,0,0,0,6,15450,15880,5520,1000
TXO,202609,20260916.0,30600.0,Put,-,-,-,-,5.9,-,-,0,0,0,8,5.8,6.4,2090,14
TXO,202609,20260916.0,30800.0,Call,-,-,-,-,15380,-,-,0,0,0,7,15310,16030,10110,940
TXO,202609,20260916.0,30800.0,Put,7,7,7,7,6.1,▲+1.2,▲+20.69%,0,1,1,20,0.2,570,2200,7
TXO,202609,20260916.0,31000.0,Call,-,-,-,-,15180,-,-,0,0,0,1,15130,15200,15990,1300
TXO,202609,20260916.0,31000.0,Put,7.2,7.2,7.2,7.2,6.3,▲+1.2,▲+20.00%,3,3,6,82,6,6.6,2410,5.2
TXO,202609,20260916.0,31200.0,Call,-,-,-,-,14980,-,-,0,0,0,0,14920,15010,5680,2350
TXO,202609,20260916.0,31200.0,Put,6.8,6.8,6.8,6.8,6.8,▲+0.6,▲+9.68%,0,3,3,33,6.2,6.8,4320,5
TXO,202609,20260916.0,31400.0,Call,-,-,-,-,14780,-,-,0,0,0,1,14620,14830,14330,1430
TXO,202609,20260916.0,31400.0,Put,-,-,-,-,6.8,-,-,0,0,0,22,0.2,570,2750,17.5
TXO,202609,20260916.0,31600.0,Call,-,-,-,-,14580,-,-,0,0,0,0,14540,14610,3970,2920
TXO,202609,20260916.0,31600.0,Put,-,-,-,-,7,-,-,0,0,0,51,0.2,570,2510,6.4
TXO,202609,20260916.0,31800.0,Call,-,-,-,-,14380,-,-,0,0,0,1,14250,-,14100,1370
TXO,202609,20260916.0,31800.0,Put,-,-,-,-,7.2,-,-,0,0,0,41,0.2,570,2990,6.6
TXO,202609,20260916.0,32000.0,Call,-,-,-,-,14180,-,-,0,0,0,21,13670,14480,16670,1310
TXO,202609,20260916.0,32000.0,Put,7.8,7.8,6.6,6.6,7.4,▼-0.3,▼-4.35%,1,12,13,65,0.8,55,2700,5.8
TXO,202609,20260916.0,32200.0,Call,-,-,-,-,13980,-,-,0,0,0,19,13930,14630,13750,1380
TXO,202609,20260916.0,32200.0,Put,-,-,-,-,7.6,-,-,0,0,0,18,7.3,7.9,2670,6.9
TXO,202609,20260916.0,32400.0,Call,-,-,-,-,13780,-,-,0,0,0,0,-,13810,4680,1440
TXO,202609,20260916.0,32400.0,Put,-,-,-,-,7.6,-,-,0,0,0,36,7.3,8,2300,6.9
TXO,202609,20260916.0,32600.0,Call,-,-,-,-,13580,-,-,0,0,0,0,13530,13610,9580,1680
TXO,202609,20260916.0,32600.0,Put,-,-,-,-,8,-,-,0,0,0,37,7.7,8.4,2900,7
TXO,202609,20260916.0,32800.0,Call,-,-,-,-,13380,-,-,0,0,0,2,12870,13450,8380,1420
TXO,202609,20260916.0,32800.0,Put,-,-,-,-,8.2,-,-,0,0,0,30,0.2,570,3280,11
TXO,202609,20260916.0,33000.0,Call,-,-,-,-,13180,-,-,0,0,0,35,13110,13480,12330,399
TXO,202609,20260916.0,33000.0,Put,8.8,8.8,8.8,8.8,8.4,▲+1.2,▲+15.79%,4,20,24,126,8.1,8.7,3000,7
TXO,202609,20260916.0,33200.0,Call,-,-,-,-,12980,-,-,0,0,0,4,12910,13280,11640,344
TXO,202609,20260916.0,33200.0,Put,-,-,-,-,8.6,-,-,0,0,0,8,8.3,8.9,2730,7.3
TXO,202609,20260916.0,33400.0,Call,-,-,-,-,12780,-,-,0,0,0,2,12720,13080,12040,1470
TXO,202609,20260916.0,33400.0,Put,9.2,9.2,9.2,9.2,9.2,▲+1.1,▲+13.58%,0,5,5,26,0.9,570,2780,8
TXO,202609,20260916.0,33600.0,Call,-,-,-,-,12580,-,-,0,0,0,1,-,12610,13690,372
TXO,202609,20260916.0,33600.0,Put,9.5,9.7,9.5,9.7,9.2,▲+1.3,▲+15.48%,0,20,20,43,8.9,9.5,3860,7.8
TXO,202609,20260916.0,33800.0,Call,-,-,-,-,12380,-,-,0,0,0,1,8720,12410,7340,328
TXO,202609,20260916.0,33800.0,Put,10,10,9.5,9.9,9.2,▲+1.3,▲+15.12%,0,10,10,62,8.9,9.6,3000,9.5
TXO,202609,20260916.0,33900.0,Call,-,-,-,-,12280,-,-,0,0,0,0,-,-,-,-
TXO,202609,20260916.0,33900.0,Put,10,10,10,10,9.6,▲+1.3,▲+14.94%,0,1,1,4,0.9,10,30.5,8.4
TXO,202609,20260916.0,34000.0,Call,-,-,-,-,12180,-,-,0,0,0,115,12140,12830,12980,325
TXO,202609,20260916.0,34000.0,Put,10.5,10.5,10.5,10.5,9.7,▲+1.7,▲+19.32%,9,1,10,176,9.4,10,3990,8
TXO,202609,20260916.0,34100.0,Call,-,-,-,-,12080,-,-,0,0,0,0,-,12110,-,-
TXO,202609,20260916.0,34100.0,Put,-,-,-,-,10,-,-,0,0,0,2,0.2,111,410,8.4
TXO,202609,20260916.0,34200.0,Call,-,-,-,-,11980,-,-,0,0,0,1,-,-,9340,299
TXO,202609,20260916.0,34200.0,Put,10,10,10,10,10,▲+1,▲+11.11%,0,3,3,17,9.7,10.5,1130,10
TXO,202609,20260916.0,34300.0,Call,-,-,-,-,11880,-,-,0,0,0,0,11840,11910,-,-
TXO,202609,20260916.0,34300.0,Put,10,10,10,10,10,▲+0.9,▲+9.89%,0,1,1,5,0.2,111,112,10
TXO,202609,20260916.0,34400.0,Call,-,-,-,-,11780,-,-,0,0,0,0,11740,11810,6600,305
TXO,202609,20260916.0,34400.0,Put,-,-,-,-,10,-,-,0,0,0,10,9.9,10.5,3660,13
TXO,202609,20260916.0,34500.0,Call,-,-,-,-,11680,-,-,0,0,0,0,11640,11710,-,-
TXO,202609,20260916.0,34500.0,Put,11.5,11.5,10.5,10.5,10.5,▲+1.3,▲+14.13%,1,16,17,8,10,11,199,9.2
TXO,202609,20260916.0,34600.0,Call,-,-,-,-,11580,-,-,0,0,0,3,11340,12340,11000,306
TXO,202609,20260916.0,34600.0,Put,-,-,-,-,10.5,-,-,0,0,0,7,10,11,4530,10
TXO,202609,20260916.0,34700.0,Call,-,-,-,-,11480,-,-,0,0,0,0,-,11510,-,-
TXO,202609,20260916.0,34700.0,Put,-,-,-,-,10.5,-,-,0,0,0,2,10,11,31.5,25
TXO,202609,20260916.0,34800.0,Call,-,-,-,-,11380,-,-,0,0,0,3,11230,11670,3130,370
TXO,202609,20260916.0,34800.0,Put,11,11,11,11,11,▲+1.5,▲+15.79%,1,2,3,28,10.5,11.5,3320,10.5
TXO,202609,20260916.0,34900.0,Call,-,-,-,-,11290,-,-,0,0,0,0,11240,11310,-,-
TXO,202609,20260916.0,34900.0,Put,-,-,-,-,11,-,-,1,0,1,3,10.5,11.5,50,10.5
TXO,202609,20260916.0,35000.0,Call,-,-,-,-,11190,-,-,0,0,0,6,10940,11260,14340,510
TXO,202609,20260916.0,35000.0,Put,11,11,11,11,11,▲+1,▲+10.00%,26,3,29,362,9.4,25,3320,8
TXO,202609,20260916.0,35100.0,Call,-,-,-,-,11090,-,-,0,0,0,0,11040,-,-,-
TXO,202609,20260916.0,35100.0,Put,11.5,11.5,11.5,11.5,11.5,▲+1.5,▲+15.00%,0,2,2,11,1,570,47,11.5
TXO,202609,20260916.0,35200.0,Call,-,-,-,-,10990,-,-,0,0,0,1,10950,11010,9760,850
TXO,202609,20260916.0,35200.0,Put,12,12,12,12,11.5,▲+2,▲+20.00%,0,3,3,45,1,113,1150,12
TXO,202609,20260916.0,35300.0,Call,-,-,-,-,10890,-,-,0,0,0,0,10850,-,-,-
TXO,202609,20260916.0,35300.0,Put,12,12,12,12,12,▲+1.5,▲+14.29%,3,3,6,18,0.2,113,143,9.6
TXO,202609,20260916.0,35400.0,Call,-,-,-,-,10790,-,-,0,0,0,0,10750,10810,8330,373
TXO,202609,20260916.0,35400.0,Put,12.5,12.5,12.5,12.5,12,▲+2,▲+19.05%,0,1,1,16,1,113,3430,10.5
TXO,202609,20260916.0,35500.0,Call,-,-,-,-,10690,-,-,0,0,0,0,10650,10720,-,-
TXO,202609,20260916.0,35500.0,Put,-,-,-,-,12,-,-,1,0,1,36,11.5,12.5,499,10.5
TXO,202609,20260916.0,35600.0,Call,-,-,-,-,10590,-,-,0,0,0,0,10550,-,7680,1220
TXO,202609,20260916.0,35600.0,Put,12.5,12.5,12.5,12.5,12.5,▲+2,▲+19.05%,0,5,5,19,1,570,4020,12.5
TXO,202609,20260916.0,35700.0,Call,-,-,-,-,10490,-,-,0,0,0,0,-,-,-,-
TXO,202609,20260916.0,35700.0,Put,-,-,-,-,12.5,-,-,0,0,0,4,12,13,165,13
TXO,202609,20260916.0,35800.0,Call,-,-,-,-,10390,-,-,0,0,0,3,10150,10460,5820,450
TXO,202609,20260916.0,35800.0,Put,-,-,-,-,12.5,-,-,0,0,0,27,12.5,13.5,2000,10
TXO,202609,20260916.0,35900.0,Call,-,-,-,-,10290,-,-,0,0,0,0,10250,10320,-,-
TXO,202609,20260916.0,35900.0,Put,13,13,13,13,13,▲+2,▲+18.18%,0,5,5,39,0.2,570,348,10.5
TXO,202609,20260916.0,36000.0,Call,-,-,-,-,10190,-,-,0,0,0,41,9950,10260,11770,595
TXO,202609,20260916.0,36000.0,Put,13.5,14.5,12.5,13.5,13,▲+2,▲+17.39%,32,13,45,755,10,16.5,4200,10
TXO,202609,20260916.0,36100.0,Call,-,-,-,-,10090,-,-,0,0,0,0,10050,10110,-,-
TXO,202609,20260916.0,36100.0,Put,13,13,13,13,13,▲+1.5,▲+13.04%,1,2,3,14,1,115,685,13
TXO,202609,20260916.0,36200.0,Call,-,-,-,-,9990,-,-,0,0,0,0,9960,-,8750,282
TXO,202609,20260916.0,36200.0,Put,-,-,-,-,13.5,-,-,0,0,0,7,13,14,1400,14
TXO,202609,20260916.0,36300.0,Call,-,-,-,-,9890,-,-,0,0,0,0,9850,9910,-,-
TXO,202609,20260916.0,36300.0,Put,-,-,-,-,14,-,-,0,0,0,10,11.5,570,990,13.5
TXO,202609,20260916.0,36400.0,Call,-,-,-,-,9790,-,-,0,0,0,0,9750,9810,7540,499
TXO,202609,20260916.0,36400.0,Put,14,14,14,14,14,▲+2,▲+16.67%,4,3,7,11,13.5,15,4830,13
TXO,202609,20260916.0,36500.0,Call,-,-,-,-,9690,-,-,0,0,0,0,9650,9710,-,-
TXO,202609,20260916.0,36500.0,Put,15.5,15.5,14,14,14,▲+2,▲+16.67%,0,14,14,60,14,15,880,11.5
TXO,202609,20260916.0,36600.0,Call,-,-,-,-,9590,-,-,0,0,0,0,-,9610,7400,480
TXO,202609,20260916.0,36600.0,Put,-,-,-,-,14.5,-,-,2,0,2,34,14,15,1860,11.5
TXO,202609,20260916.0,36700.0,Call,-,-,-,-,9490,-,-,0,0,0,0,9450,9510,-,-
TXO,202609,20260916.0,36700.0,Put,-,-,-,-,15,-,-,0,0,0,12,1,15.5,488,20
TXO,202609,20260916.0,36800.0,Call,-,-,-,-,9390,-,-,0,0,0,19,8770,10140,2830,310
TXO,202609,20260916.0,36800.0,Put,15.5,15.5,15.5,15.5,15.5,▲+3,▲+24.00%,0,1,1,30,15,16,4910,15.5
TXO,202609,20260916.0,36900.0,Call,-,-,-,-,9290,-,-,0,0,0,0,-,-,-,-
TXO,202609,20260916.0,36900.0,Put,-,-,-,-,15.5,-,-,3,0,3,14,15,16,1240,11.5
TXO,202609,20260916.0,37000.0,Call,-,-,-,-,9190,-,-,0,0,0,29,8570,9260,9270,540
TXO,202609,20260916.0,37000.0,Put,17,17,16,16,16,▲+3.5,▲+28.00%,31,6,37,307,15.5,16.5,2520,11.5
TXO,202609,20260916.0,37100.0,Call,-,-,-,-,9090,-,-,0,0,0,0,-,-,-,-
TXO,202609,20260916.0,37100.0,Put,16,16,16,16,16,▲+3.5,▲+28.00%,0,7,7,19,1,451,400,13
TXO,202609,20260916.0,37200.0,Call,-,-,-,-,8990,-,-,0,0,0,5,8840,9260,10420,375
TXO,202609,20260916.0,37200.0,Put,16,16,16,16,16,▲+3.5,▲+28.00%,63,1,64,431,16,17,2390,1.2
TXO,202609,20260916.0,37300.0,Call,-,-,-,-,8890,-,-,0,0,0,0,8860,8920,-,-
TXO,202609,20260916.0,37300.0,Put,-,-,-,-,16.5,-,-,0,0,0,19,0.5,570,720,12
TXO,202609,20260916.0,37400.0,Call,-,-,-,-,8790,-,-,0,0,0,1,8670,8830,1370,456
TXO,202609,20260916.0,37400.0,Put,-,-,-,-,17,-,-,0,0,0,24,1,570,2530,12
TXO,202609,20260916.0,37500.0,Call,-,-,-,-,8690,-,-,0,0,0,0,-,8720,-,-
TXO,202609,20260916.0,37500.0,Put,18.5,18.5,17,17,17,▲+3,▲+21.43%,2,3,5,58,17,18,1110,14
TXO,202609,20260916.0,37600.0,Call,-,-,-,-,8590,-,-,0,0,0,0,-,8620,5920,430
TXO,202609,20260916.0,37600.0,Put,17.5,17.5,17.5,17.5,17.5,▲+3.5,▲+25.00%,0,1,1,38,1,570,2660,17.5
TXO,202609,20260916.0,37700.0,Call,-,-,-,-,8490,-,-,0,0,0,0,-,-,-,-
TXO,202609,20260916.0,37700.0,Put,19,19,19,19,18,▲+4.5,▲+31.03%,0,1,1,30,1,119,1080,16
TXO,202609,20260916.0,37800.0,Call,-,-,-,-,8390,-,-,0,0,0,2,8240,9140,3680,390
TXO,202609,20260916.0,37800.0,Put,18.5,18.5,17,17,18.5,▲+2.5,▲+17.24%,0,5,5,37,18,19,1110,14.5
TXO,202609,20260916.0,37900.0,Call,-,-,-,-,8300,-,-,0,0,0,0,8260,-,-,-
TXO,202609,20260916.0,37900.0,Put,20,20,19.5,19.5,19,▲+5,▲+34.48%,2,2,4,40,18.5,19.5,580,14.5
TXO,202609,20260916.0,38000.0,Call,-,-,-,-,8200,-,-,0,0,0,17,8070,8460,9000,350
TXO,202609,20260916.0,38000.0,Put,20,21,15,20,19,▲+5,▲+33.33%,48,25,73,444,18.5,20,6640,13.5
TXO,202609,20260916.0,38100.0,Call,-,-,-,-,8100,-,-,0,0,0,0,8060,-,-,-
TXO,202609,20260916.0,38100.0,Put,-,-,-,-,19.5,-,-,1,0,1,18,19,20,1680,18
TXO,202609,20260916.0,38200.0,Call,-,-,-,-,8000,-,-,0,0,0,0,7960,8020,1030,370
TXO,202609,20260916.0,38200.0,Put,20,20,20,20,20,▲+4,▲+25.00%,0,1,1,29,19.5,20.5,2770,18
TXO,202609,20260916.0,38300.0,Call,-,-,-,-,7900,-,-,0,0,0,0,-,-,-,-
TXO,202609,20260916.0,38300.0,Put,21.5,21.5,21.5,21.5,20.5,▲+5.5,▲+34.38%,1,1,2,9,20,21,1740,15
TXO,202609,20260916.0,38400.0,Call,-,-,-,-,7800,-,-,0,0,0,0,7770,-,6200,340
TXO,202609,20260916.0,38400.0,Put,-,-,-,-,21,-,-,0,0,0,13,20.5,21.5,2080,15
TXO,202609,20260916.0,38500.0,Call,-,-,-,-,7700,-,-,0,0,0,1,7670,7720,6410,6410
TXO,202609,20260916.0,38500.0,Put,23,23,22,22,21.5,▲+5.5,▲+33.33%,2,13,15,79,18,122,1500,15
TXO,202609,20260916.0,38600.0,Call,-,-,-,-,7600,-,-,0,0,0,2,7080,7860,6350,371
TXO,202609,20260916.0,38600.0,Put,21,21.5,21,21.5,21.5,▲+4.5,▲+26.47%,0,2,2,15,21.5,22.5,2850,16
TXO,202609,20260916.0,38700.0,Call,-,-,-,-,7500,-,-,0,0,0,0,7470,-,-,-
TXO,202609,20260916.0,38700.0,Put,22.5,22.5,22,22,22,▲+4.5,▲+25.71%,17,12,29,24,22,23,950,16.5
TXO,202609,20260916.0,38800.0,Call,-,-,-,-,7400,-,-,0,0,0,20,7250,7670,10410,270
TXO,202609,20260916.0,38800.0,Put,24.5,24.5,23.5,23.5,23.5,▲+6,▲+34.29%,0,2,2,22,22.5,23.5,2100,17
TXO,202609,20260916.0,38900.0,Call,-,-,-,-,7300,-,-,0,0,0,0,7270,7330,-,-
TXO,202609,20260916.0,38900.0,Put,23.5,23.5,23.5,23.5,23.5,▲+5.5,▲+30.56%,0,2,2,69,0.3,80,1990,16.5
TXO,202609,20260916.0,39000.0,Call,-,-,-,-,7200,-,-,0,0,0,50,6580,7280,8810,273
TXO,202609,20260916.0,39000.0,Put,23,25,22.5,22.5,24,▲+4,▲+21.62%,14,55,69,742,0.3,25.5,2820,17.5
TXO,202609,20260916.0,39100.0,Call,-,-,-,-,7100,-,-,0,0,0,1,6980,-,3840,3840
TXO,202609,20260916.0,39100.0,Put,-,-,-,-,24.5,-,-,0,0,0,48,24,25,2100,18.5
TXO,202609,20260916.0,39200.0,Call,-,-,-,-,7000,-,-,0,0,0,1,6870,-,6340,249
TXO,202609,20260916.0,39200.0,Put,25,25,25,25,25,▲+6,▲+31.58%,0,1,1,42,0.2,125,2750,20
TXO,202609,20260916.0,39300.0,Call,-,-,-,-,6900,-,-,0,0,0,1,6880,-,5220,2740
TXO,202609,20260916.0,39300.0,Put,26,26,26,26,26,▲+7,▲+36.84%,0,1,1,31,0.2,126,1930,19
TXO,202609,20260916.0,39400.0,Call,-,-,-,-,6800,-,-,0,0,0,6,6680,7090,8270,223
TXO,202609,20260916.0,39400.0,Put,-,-,-,-,26.5,-,-,0,0,0,53,26,27,2390,19
TXO,202609,20260916.0,39500.0,Call,-,-,-,-,6700,-,-,0,0,0,0,6680,6730,3220,3150
TXO,202609,20260916.0,39500.0,Put,27.5,27.5,26.5,27,27,▲+7,▲+35.00%,5,5,10,84,26,27.5,1320,18
TXO,202609,20260916.0,39600.0,Call,-,-,-,-,6610,-,-,0,0,0,2,5980,6870,5910,394
TXO,202609,20260916.0,39600.0,Put,29,29,29,29,27.5,▲+8.5,▲+41.46%,0,1,1,40,1.1,202,2870,20.5
TXO,202609,20260916.0,39700.0,Call,-,-,-,-,6510,-,-,0,0,0,23,5880,6770,6150,2400
TXO,202609,20260916.0,39700.0,Put,30,30,27,27,28,▲+6,▲+28.57%,0,6,6,29,27.5,29,1330,19.5
TXO,202609,20260916.0,39800.0,Call,-,-,-,-,6410,-,-,0,0,0,0,6380,6430,6170,417
TXO,202609,20260916.0,39800.0,Put,-,-,-,-,29,-,-,0,0,0,38,29,30,2020,21
TXO,202609,20260916.0,39900.0,Call,-,-,-,-,6310,-,-,0,0,0,5,6070,6380,4450,2550
TXO,202609,20260916.0,39900.0,Put,29.5,29.5,29.5,29.5,29.5,▲+7.5,▲+34.09%,1,1,2,111,1.4,123,2270,20.5
TXO,202609,20260916.0,40000.0,Call,-,-,-,-,6210,-,-,0,0,0,67,5970,6290,8030,380
TXO,202609,20260916.0,40000.0,Put,39.5,39.5,28.5,31.5,31.5,▲+9.5,▲+43.18%,266,128,394,1871,28,31.5,3040,20
TXO,202609,20260916.0,40100.0,Call,-,-,-,-,6110,-,-,0,0,0,0,6090,6130,6430,2480
TXO,202609,20260916.0,40100.0,Put,32,33,30.5,30.5,31.5,▲+8,▲+35.56%,2,4,6,45,31,32.5,2350,22
TXO,202609,20260916.0,40200.0,Call,-,-,-,-,6010,-,-,0,0,0,4,5390,6740,7670,250
TXO,202609,20260916.0,40200.0,Put,31,34.5,31,34.5,32.5,▲+11,▲+46.81%,1,2,3,17,0.2,580,2310,25
TXO,202609,20260916.0,40300.0,Call,-,-,-,-,5910,-,-,0,0,0,0,5890,5930,5090,2720
TXO,202609,20260916.0,40300.0,Put,35.5,35.5,35.5,35.5,34,▲+12,▲+51.06%,0,1,1,30,1.4,580,2430,15
TXO,202609,20260916.0,40400.0,Call,-,-,-,-,5810,-,-,0,0,0,8,5190,6080,4590,388
TXO,202609,20260916.0,40400.0,Put,-,-,-,-,35,-,-,0,0,0,76,21,184,3260,16
TXO,202609,20260916.0,40500.0,Call,-,-,-,-,5710,-,-,0,0,0,2,5570,6440,4840,2260
TXO,202609,20260916.0,40500.0,Put,25,38,25,34,36,▲+9,▲+36.00%,4,26,30,125,1,580,2460,25
TXO,202609,20260916.0,40600.0,Call,-,-,-,-,5620,-,-,0,0,0,4,4990,5690,5840,345
TXO,202609,20260916.0,40600.0,Put,26,38,26,38,38,▲+12,▲+46.15%,3,9,12,43,37,38.5,4360,25
TXO,202609,20260916.0,40700.0,Call,-,-,-,-,5520,-,-,0,0,0,18,5280,5590,5710,2330
TXO,202609,20260916.0,40700.0,Put,26,26,26,26,39,0,0%,1,1,2,28,1.4,178,2520,25.5
TXO,202609,20260916.0,40800.0,Call,-,-,-,-,5420,-,-,0,0,0,7,5270,6150,6870,530
TXO,202609,20260916.0,40800.0,Put,43,43,38.5,38.5,40,▲+11,▲+40.00%,0,4,4,32,1.4,585,4480,27
TXO,202609,20260916.0,40900.0,Call,-,-,-,-,5320,-,-,0,0,0,0,5300,5340,4500,3090
TXO,202609,20260916.0,40900.0,Put,40,44,40,40,42,▲+12,▲+42.86%,2,5,7,31,1.1,217,2000,27.5
TXO,202609,20260916.0,41000.0,Call,-,-,-,-,5220,-,-,0,0,0,10,4600,5300,7580,320
TXO,202609,20260916.0,41000.0,Put,39,45.5,39,43,43,▲+14,▲+48.28%,78,122,200,555,4.9,45,4640,25
TXO,202609,20260916.0,41100.0,Call,-,-,-,-,5120,-,-,0,0,0,5,4980,5850,5260,2720
TXO,202609,20260916.0,41100.0,Put,47,47,47,47,47,▲+17,▲+56.67%,1,1,2,61,45,46.5,3010,34
TXO,202609,20260916.0,41200.0,Call,-,-,-,-,5030,-,-,0,0,0,5,4910,5750,4320,2240
TXO,202609,20260916.0,41200.0,Put,46.5,48,46.5,47,47,▲+16,▲+51.61%,8,3,11,109,1.5,147,7750,29
TXO,202609,20260916.0,41300.0,Call,-,-,-,-,4930,-,-,0,0,0,20,4660,5010,4200,1820
TXO,202609,20260916.0,41300.0,Put,44,51,44,51,51,▲+19,▲+59.38%,4,13,17,39,48.5,50,2980,30.5
TXO,202609,20260916.0,41400.0,Call,-,-,-,-,4830,-,-,0,0,0,2,4710,5550,5680,1820
TXO,202609,20260916.0,41400.0,Put,46,46,46,46,53,▲+13,▲+39.39%,4,1,5,33,1.8,84,3480,31.5
TXO,202609,20260916.0,41500.0,Call,-,-,-,-,4730,-,-,0,0,0,4,4610,4830,4910,1750
TXO,202609,20260916.0,41500.0,Put,51,56,51,55,55,▲+20,▲+57.14%,12,21,33,185,53,55,1680,32.5
TXO,202609,20260916.0,41600.0,Call,-,-,-,-,4640,-,-,0,0,0,5,4500,5360,4470,2070
TXO,202609,20260916.0,41600.0,Put,58,58,58,58,56,▲+22.5,▲+63.38%,8,4,12,118,55,57,3420,33
TXO,202609,20260916.0,41700.0,Call,-,-,-,-,4540,-,-,0,0,0,2,4380,4800,5020,4120
TXO,202609,20260916.0,41700.0,Put,-,-,-,-,59,-,-,7,0,7,36,58,60,3110,35
TXO,202609,20260916.0,41800.0,Call,-,-,-,-,4440,-,-,0,0,0,2,4320,4710,4910,264
TXO,202609,20260916.0,41800.0,Put,55,63,55,56,62,▲+19.5,▲+53.42%,7,16,23,89,2.8,72,6470,36
TXO,202609,20260916.0,41900.0,Call,-,-,-,-,4340,-,-,0,0,0,2,4300,4660,4500,1660
TXO,202609,20260916.0,41900.0,Put,65,65,64,64,64,▲+25,▲+64.10%,0,5,5,118,64,66,3180,38
TXO,202609,20260916.0,42000.0,Call,-,-,-,-,4250,-,-,0,0,0,605,4100,4860,6680,161
TXO,202609,20260916.0,42000.0,Put,59,74,59,68,68,▲+26.5,▲+63.86%,304,160,464,1483,58,69,7310,38
TXO,202609,20260916.0,42100.0,Call,-,-,-,-,4150,-,-,0,0,0,1,4140,-,4100,3740
TXO,202609,20260916.0,42100.0,Put,62,74,62,63,71,▲+20,▲+46.51%,4,10,14,89,45,161,2830,40
TXO,202609,20260916.0,42200.0,Call,-,-,-,-,4050,-,-,1,0,1,3,4010,4360,4590,269
TXO,202609,20260916.0,42200.0,Put,75,80,66,66,75,▲+21,▲+46.67%,5,4,9,118,74,77,3410,45
TXO,202609,20260916.0,42300.0,Call,-,-,-,-,3960,-,-,0,0,0,100,3830,4260,4190,2620
TXO,202609,20260916.0,42300.0,Put,68,82,68,69,79,▲+22,▲+46.81%,15,25,40,109,78,81,2460,45
TXO,202609,20260916.0,42400.0,Call,-,-,-,-,3860,-,-,0,0,0,1,3850,3880,4400,1180
TXO,202609,20260916.0,42400.0,Put,75,88,74,74,84,▲+27,▲+57.45%,9,24,33,92,4.3,635,3470,45.5
TXO,202609,20260916.0,42500.0,Call,-,-,-,-,3770,-,-,0,0,0,501,3730,4080,4130,1520
TXO,202609,20260916.0,42500.0,Put,78,99,78,82,89,▲+31,▲+60.78%,15,41,56,491,16.5,96,2580,48
TXO,202609,20260916.0,42600.0,Call,3870,3870,3690,3690,3690,▼-970,▼-20.82%,0,3,3,6,3640,3850,6330,101
TXO,202609,20260916.0,42600.0,Put,81,95,81,84,94,▲+30,▲+55.56%,3,27,30,79,93,96,8970,52
TXO,202609,20260916.0,42700.0,Call,-,-,-,-,3590,-,-,0,0,0,0,3540,3600,2900,2240
TXO,202609,20260916.0,42700.0,Put,100,104,90,95,95,▲+38,▲+66.67%,3,11,14,102,40,202,2400,53
TXO,202609,20260916.0,42800.0,Call,-,-,-,-,3490,-,-,0,0,0,402,3450,3790,7760,800
TXO,202609,20260916.0,42800.0,Put,102,119,94,101,101,▲+39,▲+62.90%,6,40,46,241,103,106,4270,56
TXO,202609,20260916.0,42900.0,Call,-,-,-,-,3390,-,-,0,0,0,2,3360,4000,3810,2360
TXO,202609,20260916.0,42900.0,Put,110,118,101,111,111,▲+46,▲+70.77%,4,19,23,41,38,189,2980,61
TXO,202609,20260916.0,43000.0,Call,3630,3630,3300,3300,3300,▼-970,▼-22.72%,0,4,4,20,3280,3930,7050,580
TXO,202609,20260916.0,43000.0,Put,100,127,97,118,118,▲+52,▲+78.79%,153,199,352,904,116,120,4540,61
TXO,202609,20260916.0,43100.0,Call,-,-,-,-,3210,-,-,1,0,1,3,3170,3510,3730,2450
TXO,202609,20260916.0,43100.0,Put,105,129,104,114,126,▲+42,▲+58.33%,4,10,14,23,124,127,2000,69
TXO,202609,20260916.0,43200.0,Call,-,-,-,-,3110,-,-,0,0,0,3,3080,3420,5810,790
TXO,202609,20260916.0,43200.0,Put,113,144,113,123,134,▲+50,▲+68.49%,15,23,38,82,23,145,3670,68
TXO,202609,20260916.0,43300.0,Call,-,-,-,-,3020,-,-,0,0,0,9,2990,3330,5360,1280
TXO,202609,20260916.0,43300.0,Put,124,148,124,130,143,▲+52,▲+66.67%,7,17,24,232,141,145,1830,73
TXO,202609,20260916.0,43400.0,Call,-,-,-,-,2930,-,-,0,0,0,52,2790,3240,4900,750
TXO,202609,20260916.0,43400.0,Put,130,152,127,146,146,▲+64,▲+78.05%,7,13,20,177,28,595,3460,77
TXO,202609,20260916.0,43500.0,Call,3040,3040,2860,2860,2860,▼-930,▼-24.54%,0,5,5,273,2830,3030,3420,1220
TXO,202609,20260916.0,43500.0,Put,123,170,123,148,162,▲+59,▲+66.29%,32,87,119,807,160,164,3220,82
TXO,202609,20260916.0,43600.0,Call,-,-,-,-,2760,-,-,0,0,0,25,2260,3060,6660,545
TXO,202609,20260916.0,43600.0,Put,149,179,149,164,164,▲+72,▲+78.26%,7,13,20,77,75,276,4720,90
TXO,202609,20260916.0,43700.0,Call,-,-,-,-,2660,-,-,0,0,0,6,2170,2970,3150,985
TXO,202609,20260916.0,43700.0,Put,148,190,146,176,176,▲+76,▲+76.00%,17,19,36,98,90,281,2400,92
TXO,202609,20260916.0,43800.0,Call,-,-,-,-,2580,-,-,1,0,1,3,2080,2880,5000,1000
TXO,202609,20260916.0,43800.0,Put,165,208,163,182,197,▲+77,▲+73.33%,17,51,68,84,105,294,3250,98
TXO,202609,20260916.0,43900.0,Call,-,-,-,-,2490,-,-,0,0,0,24,2460,2800,3000,1150
TXO,202609,20260916.0,43900.0,Put,202,216,200,202,202,▲+88,▲+77.19%,28,34,62,51,111,292,2230,104
TXO,202609,20260916.0,44000.0,Call,2460,2460,2460,2460,2400,▼-860,▼-25.90%,1,1,2,52,2370,2710,6080,331
TXO,202609,20260916.0,44000.0,Put,173,240,173,227,227,▲+110,▲+94.02%,132,266,398,678,223,228,4150,110
TXO,202609,20260916.0,44100.0,Call,-,-,-,-,2320,-,-,0,0,0,6,2290,2630,3020,975
TXO,202609,20260916.0,44100.0,Put,195,255,195,233,233,▲+104,▲+80.62%,14,29,43,51,142,291,3780,127
TXO,202609,20260916.0,44200.0,Call,-,-,-,-,2240,-,-,0,0,0,15,1750,2840,4830,930
TXO,202609,20260916.0,44200.0,Put,259,260,236,243,243,▲+109,▲+81.34%,45,17,62,164,160,880,5100,125
TXO,202609,20260916.0,44300.0,Call,-,-,-,-,2150,-,-,0,0,0,33,2120,2460,2850,910
TXO,202609,20260916.0,44300.0,Put,232,290,232,259,259,▲+116,▲+81.12%,30,19,49,120,268,274,3720,133
TXO,202609,20260916.0,44400.0,Call,-,-,-,-,2070,-,-,0,0,0,15,2040,2380,4130,860
TXO,202609,20260916.0,44400.0,Put,238,300,238,291,291,▲+139,▲+91.45%,14,27,41,86,289,296,3980,142
TXO,202609,20260916.0,44500.0,Call,2400,2400,2130,2130,1990,▼-740,▼-25.78%,2,29,31,340,1420,2700,5080,945
TXO,202609,20260916.0,44500.0,Put,245,330,245,311,311,▲+146,▲+88.48%,49,77,126,159,277,338,3300,151
TXO,202609,20260916.0,44600.0,Call,1970,1970,1970,1970,1910,▼-810,▼-29.14%,0,2,2,126,1430,2220,4550,337
TXO,202609,20260916.0,44600.0,Put,268,350,268,337,337,▲+157,▲+87.22%,36,19,55,40,238,400,5580,161
TXO,202609,20260916.0,44700.0,Call,-,-,-,-,1840,-,-,0,0,0,355,1800,2140,2780,835
TXO,202609,20260916.0,44700.0,Put,280,372,280,359,359,▲+175,▲+95.11%,30,17,47,431,351,358,3520,173
TXO,202609,20260916.0,44800.0,Call,2120,2120,1900,1900,1760,▼-700,▼-26.92%,0,5,5,92,1730,2070,4950,600
TXO,202609,20260916.0,44800.0,Put,300,396,300,373,373,▲+165,▲+79.33%,49,77,126,116,374,382,3700,185
TXO,202609,20260916.0,44900.0,Call,-,-,-,-,1690,-,-,0,0,0,28,1650,1770,2700,750
TXO,202609,20260916.0,44900.0,Put,305,422,305,387,387,▲+169,▲+77.52%,33,35,68,75,310,505,3650,198
TXO,202609,20260916.0,45000.0,Call,1870,1870,1580,1580,1610,▼-850,▼-34.98%,2,12,14,306,1110,1630,5750,550
TXO,202609,20260916.0,45000.0,Put,335,450,333,426,426,▲+201,▲+89.33%,181,134,315,711,340,489,5600,211
TXO,202609,20260916.0,45100.0,Call,1680,1680,1680,1680,1540,▼-670,▼-28.51%,2,1,3,41,1410,2120,2430,710
TXO,202609,20260916.0,45100.0,Put,385,466,385,431,460,▲+190,▲+78.84%,14,10,24,20,453,461,3780,233
TXO,202609,20260916.0,45200.0,Call,1550,1550,1550,1550,1470,▼-710,▼-31.42%,1,1,2,120,880,2050,6110,550
TXO,202609,20260916.0,45200.0,Put,493,500,473,473,473,▲+230,▲+94.65%,7,15,22,29,396,580,3850,204
TXO,202609,20260916.0,45300.0,Call,1440,1440,1440,1440,1400,▼-740,▼-33.94%,0,2,2,47,825,1480,2420,680
TXO,202609,20260916.0,45300.0,Put,500,530,500,520,520,▲+247,▲+90.48%,7,31,38,93,515,525,1810,257
TXO,202609,20260916.0,45400.0,Call,1320,1320,1320,1320,1320,▼-780,▼-37.14%,0,2,2,99,760,1940,3530,645
TXO,202609,20260916.0,45400.0,Put,462,535,462,535,535,▲+225,▲+72.58%,15,5,20,40,545,555,3980,279
TXO,202609,20260916.0,45500.0,Call,1610,1610,1280,1280,1280,▼-740,▼-36.63%,7,12,19,152,1260,1280,2480,600
TXO,202609,20260916.0,45500.0,Put,459,610,459,585,585,▲+254,▲+76.74%,14,36,50,193,492,1050,3750,303
TXO,202609,20260916.0,45550.0,Call,-,-,-,-,1240,-,-,0,0,0,0,3,-,-,-
TXO,202609,20260916.0,45550.0,Put,600,605,575,575,605,▲+232,▲+67.64%,0,17,17,11,510,705,605,575
TXO,202609,20260916.0,45600.0,Call,1550,1550,1270,1270,1200,▼-670,▼-34.54%,0,3,3,426,1050,1330,5400,585
TXO,202609,20260916.0,45600.0,Put,510,645,493,625,625,▲+275,▲+78.57%,9,38,47,71,530,730,3320,315
TXO,202609,20260916.0,45650.0,Call,-,-,-,-,1170,-,-,0,0,0,0,1160,1180,-,-
TXO,202609,20260916.0,45650.0,Put,610,610,610,610,645,▲+247,▲+68.04%,0,1,1,1,550,-,610,610
TXO,202609,20260916.0,45700.0,Call,-,-,-,-,1140,-,-,7,0,7,407,570,1250,4250,565
TXO,202609,20260916.0,45700.0,Put,525,665,525,620,665,▲+246,▲+65.78%,10,10,20,78,655,665,3000,340
TXO,202609,20260916.0,45750.0,Call,-,-,-,-,1110,-,-,0,0,0,0,1100,1120,-,-
TXO,202609,20260916.0,45750.0,Put,-,-,-,-,685,-,-,0,0,0,0,675,685,-,-
TXO,202609,20260916.0,45800.0,Call,1180,1180,1040,1040,1080,▼-740,▼-41.57%,1,11,12,425,1070,1090,3830,500
TXO,202609,20260916.0,45800.0,Put,565,730,565,710,710,▲+316,▲+80.20%,15,24,39,60,695,705,4150,370
TXO,202609,20260916.0,45850.0,Call,-,-,-,-,1050,-,-,0,0,0,0,3,-,-,-
TXO,202609,20260916.0,45850.0,Put,690,690,690,690,715,▲+282,▲+69.12%,0,1,1,1,715,725,690,690
TXO,202609,20260916.0,45900.0,Call,1270,1270,1270,1270,1020,▼-440,▼-25.73%,11,1,12,33,1010,1030,2030,471
TXO,202609,20260916.0,45900.0,Put,615,750,615,725,725,▲+308,▲+73.86%,37,13,50,92,735,745,3530,393
TXO,202609,20260916.0,45950.0,Call,1080,1080,1050,1050,995,▼-600,▼-36.36%,0,2,2,2,3,-,1080,1050
TXO,202609,20260916.0,45950.0,Put,645,645,645,645,765,▲+224,▲+53.21%,0,1,1,1,670,860,645,645
TXO,202609,20260916.0,46000.0,Call,1200,1200,935,935,970,▼-685,▼-42.28%,23,48,71,308,945,1060,5040,438
TXO,202609,20260916.0,46000.0,Put,620,815,620,760,785,▲+335,▲+78.82%,261,142,403,307,775,790,5600,400
TXO,202609,20260916.0,46050.0,Call,-,-,-,-,940,-,-,0,0,0,0,3,-,-,-
TXO,202609,20260916.0,46050.0,Put,-,-,-,-,810,-,-,0,0,0,0,680,-,-,-
TXO,202609,20260916.0,46100.0,Call,1170,1170,880,880,915,▼-680,▼-43.59%,16,20,36,90,795,980,3120,417
TXO,202609,20260916.0,46100.0,Put,670,855,670,810,825,▲+353,▲+77.24%,31,27,58,98,825,835,3760,430
TXO,202609,20260916.0,46150.0,Call,905,905,845,845,885,▼-655,▼-43.67%,0,9,9,5,780,-,905,845
TXO,202609,20260916.0,46150.0,Put,850,855,850,855,855,▲+382,▲+80.76%,0,2,2,2,845,860,855,850
TXO,202609,20260916.0,46200.0,Call,985,985,830,835,860,▼-635,▼-43.20%,12,30,42,264,770,925,5360,390
TXO,202609,20260916.0,46200.0,Put,785,905,785,885,885,▲+400,▲+82.47%,46,30,76,56,815,885,6310,480
TXO,202609,20260916.0,46250.0,Call,850,850,820,820,820,▼-630,▼-43.45%,0,6,6,5,720,-,850,820
TXO,202609,20260916.0,46250.0,Put,885,885,885,885,895,▲+385,▲+77.00%,0,1,1,1,895,910,885,885
TXO,202609,20260916.0,46300.0,Call,900,930,770,795,795,▼-625,▼-44.01%,14,31,45,99,805,810,1810,400
TXO,202609,20260916.0,46300.0,Put,720,950,720,935,935,▲+405,▲+76.42%,19,73,92,70,910,940,2520,505
TXO,202609,20260916.0,46350.0,Call,890,890,775,775,775,▼-605,▼-43.84%,0,7,7,5,670,-,890,775
TXO,202609,20260916.0,46350.0,Put,-,-,-,-,955,-,-,0,0,0,0,3.8,-,-,-
TXO,202609,20260916.0,46400.0,Call,1030,1030,725,755,755,▼-595,▼-44.07%,13,350,363,210,755,765,4700,334
TXO,202609,20260916.0,46400.0,Put,940,1000,940,1000,1000,▲+460,▲+85.19%,33,2,35,58,960,990,4360,530
TXO,202609,20260916.0,46450.0,Call,750,750,730,730,730,▼-590,▼-44.70%,0,25,25,20,630,800,750,730
TXO,202609,20260916.0,46450.0,Put,-,-,-,-,1010,-,-,0,0,0,0,3.8,1020,-,-
TXO,202609,20260916.0,46500.0,Call,965,965,680,715,715,▼-575,▼-44.57%,48,138,186,872,710,725,3900,315
TXO,202609,20260916.0,46500.0,Put,800,1050,800,1040,1040,▲+460,▲+79.31%,68,107,175,193,935,1050,6610,560
TXO,202609,20260916.0,46550.0,Call,-,-,-,-,690,-,-,0,0,0,0,11,-,-,-
TXO,202609,20260916.0,46550.0,Put,-,-,-,-,1060,-,-,0,0,0,0,3.8,-,-,-
TXO,202609,20260916.0,46600.0,Call,900,910,635,635,670,▼-595,▼-48.37%,7,94,101,93,665,675,3760,307
TXO,202609,20260916.0,46600.0,Put,860,1070,860,1050,1090,▲+430,▲+69.35%,13,10,23,47,1070,1650,6230,610
TXO,202609,20260916.0,46650.0,Call,-,-,-,-,650,-,-,0,0,0,0,535,-,-,-
TXO,202609,20260916.0,46650.0,Put,-,-,-,-,1120,-,-,0,0,0,0,3.8,-,-,-
TXO,202609,20260916.0,46700.0,Call,880,880,595,595,625,▼-565,▼-48.71%,11,20,31,45,620,630,5130,270
TXO,202609,20260916.0,46700.0,Put,870,1110,870,1110,1140,▲+450,▲+68.18%,19,8,27,33,1130,1160,2350,615
TXO,202609,20260916.0,46750.0,Call,-,-,-,-,605,-,-,0,0,0,0,11,-,-,-
TXO,202609,20260916.0,46750.0,Put,-,-,-,-,1170,-,-,0,0,0,0,1160,-,-,-
TXO,202609,20260916.0,46800.0,Call,805,810,550,550,585,▼-550,▼-50.00%,58,142,200,363,478,940,3180,293
TXO,202609,20260916.0,46800.0,Put,1000,1120,1000,1120,1200,▲+425,▲+61.15%,33,8,41,70,1070,1670,7400,655
TXO,202609,20260916.0,46850.0,Call,-,-,-,-,565,-,-,0,0,0,0,454,-,-,-
TXO,202609,20260916.0,46850.0,Put,-,-,-,-,1230,-,-,0,0,0,0,1210,1240,-,-
TXO,202609,20260916.0,46900.0,Call,660,660,510,510,545,▼-530,▼-50.96%,5,19,24,87,540,550,3630,240
TXO,202609,20260916.0,46900.0,Put,1040,1250,1040,1250,1250,▲+515,▲+70.07%,19,4,23,35,980,1380,3700,700
TXO,202609,20260916.0,46950.0,Call,510,510,505,505,525,▼-495,▼-49.50%,0,6,6,6,520,530,510,505
TXO,202609,20260916.0,46950.0,Put,-,-,-,-,1290,-,-,0,0,0,0,1280,-,-,-
TXO,202609,20260916.0,47000.0,Call,715,715,478,496,496,▼-484,▼-49.39%,268,272,540,797,500,510,5010,220
TXO,202609,20260916.0,47000.0,Put,1100,1350,1050,1320,1320,▲+545,▲+70.32%,91,11,102,480,1310,1610,6680,730
TXO,202609,20260916.0,47050.0,Call,645,645,500,500,490,▼-450,▼-47.37%,0,12,12,11,388,-,645,500
TXO,202609,20260916.0,47050.0,Put,-,-,-,-,1360,-,-,0,0,0,0,4,1370,-,-
TXO,202609,20260916.0,47100.0,Call,600,600,447,448,471,▼-477,▼-51.57%,18,49,67,256,9.3,545,3480,253
TXO,202609,20260916.0,47100.0,Put,1300,1400,1300,1390,1390,▲+570,▲+69.51%,3,5,8,14,1280,1860,2860,820
TXO,202609,20260916.0,47150.0,Call,525,525,515,515,455,▼-380,▼-42.46%,0,2,2,1,343,-,525,515
TXO,202609,20260916.0,47150.0,Put,-,-,-,-,1420,-,-,0,0,0,0,1400,1430,-,-
TXO,202609,20260916.0,47200.0,Call,625,625,417,417,439,▼-458,▼-52.34%,99,51,150,266,434,443,3600,194
TXO,202609,20260916.0,47200.0,Put,1090,1450,1090,1450,1450,▲+580,▲+66.67%,2,6,8,13,1440,1930,6660,895
TXO,202609,20260916.0,47250.0,Call,450,450,450,450,422,▼-390,▼-46.43%,0,1,1,1,7,-,450,450
TXO,202609,20260916.0,47250.0,Put,-,-,-,-,1490,-,-,0,0,0,0,-,-,-,-
TXO,202609,20260916.0,47300.0,Call,540,540,380,400,400,▼-420,▼-51.22%,15,45,60,117,305,1000,3600,178
TXO,202609,20260916.0,47300.0,Put,1520,1520,1520,1520,1520,▲+610,▲+67.03%,12,1,13,10,1390,1550,2830,885
TXO,202609,20260916.0,47350.0,Call,-,-,-,-,392,-,-,0,0,0,0,280,-,-,-
TXO,202609,20260916.0,47350.0,Put,-,-,-,-,1560,-,-,0,0,0,0,1540,-,-,-
TXO,202609,20260916.0,47400.0,Call,560,560,359,359,377,▼-406,▼-53.07%,26,30,56,104,372,379,4760,168
TXO,202609,20260916.0,47400.0,Put,1600,1600,1600,1600,1600,▲+640,▲+66.67%,2,1,3,5,1460,2090,6660,960
TXO,202609,20260916.0,47450.0,Call,525,525,525,525,363,▼-210,▼-28.57%,0,5,5,5,250,-,525,525
TXO,202609,20260916.0,47450.0,Put,-,-,-,-,1630,-,-,0,0,0,0,1610,-,-,-
TXO,202609,20260916.0,47500.0,Call,492,510,325,340,340,▼-375,▼-52.45%,82,298,380,724,343,350,2240,155
TXO,202609,20260916.0,47500.0,Put,1400,1690,1400,1650,1650,▲+640,▲+63.37%,5,7,12,22,1650,1750,2730,960
TXO,202609,20260916.0,47550.0,Call,-,-,-,-,335,-,-,0,0,0,0,6,-,-,-
TXO,202609,20260916.0,47550.0,Put,-,-,-,-,1700,-,-,0,0,0,0,-,-,-,-
TXO,202609,20260916.0,47600.0,Call,455,455,353,379,322,▼-291,▼-43.43%,20,6,26,144,6,900,2000,140
TXO,202609,20260916.0,47600.0,Put,-,-,-,-,1740,-,-,1,0,1,1,1650,2220,6960,1240
TXO,202609,20260916.0,47650.0,Call,-,-,-,-,309,-,-,0,0,0,0,208,-,-,-
TXO,202609,20260916.0,47650.0,Put,-,-,-,-,1780,-,-,0,0,0,0,-,1790,-,-
TXO,202609,20260916.0,47700.0,Call,395,395,294,294,294,▼-321,▼-52.20%,15,18,33,124,196,373,1730,133
TXO,202609,20260916.0,47700.0,Put,-,-,-,-,1810,-,-,0,0,0,0,1,-,1880,1600
TXO,202609,20260916.0,47750.0,Call,348,348,275,275,275,▼-310,▼-52.99%,0,6,6,5,280,287,348,275
TXO,202609,20260916.0,47750.0,Put,-,-,-,-,1850,-,-,0,0,0,0,1830,-,-,-
TXO,202609,20260916.0,47800.0,Call,407,407,272,272,272,▼-298,▼-52.28%,13,17,30,193,268,274,2000,124
TXO,202609,20260916.0,47800.0,Put,1830,1830,1830,1830,1890,▲+650,▲+55.08%,2,1,3,5,1300,1920,6790,1320
TXO,202609,20260916.0,47850.0,Call,319,319,249,249,263,▼-316,▼-55.93%,0,11,11,10,259,265,319,249
TXO,202609,20260916.0,47850.0,Put,-,-,-,-,1930,-,-,0,0,0,0,-,1940,-,-
TXO,202609,20260916.0,47900.0,Call,305,305,255,255,255,▼-295,▼-53.64%,16,17,33,85,175,499,1000,114
TXO,202609,20260916.0,47900.0,Put,1970,1970,1970,1970,1970,▲+730,▲+58.87%,1,1,2,1,1370,2000,2830,1310
TXO,202609,20260916.0,47950.0,Call,348,348,229,231,242,▼-289,▼-55.58%,0,32,32,22,141,322,348,229
TXO,202609,20260916.0,47950.0,Put,1930,2010,1900,1980,2010,▲+710,▲+55.91%,0,27,27,15,1910,-,2010,1900
TXO,202609,20260916.0,48000.0,Call,343,355,212,228,228,▼-277,▼-54.85%,329,307,636,1471,210,293,3130,104
TXO,202609,20260916.0,48000.0,Put,-,-,-,-,2050,-,-,8,0,8,19,1740,2600,7110,1380
TXO,202609,20260916.0,48050.0,Call,260,272,226,226,226,▼-249,▼-52.42%,0,14,14,9,217,223,272,226
TXO,202609,20260916.0,48050.0,Put,-,-,-,-,2090,-,-,0,0,0,0,-,2100,-,-
TXO,202609,20260916.0,48100.0,Call,315,315,194,207,207,▼-252,▼-54.90%,26,25,51,199,100,810,2800,1.1
TXO,202609,20260916.0,48100.0,Put,2130,2130,2130,2130,2130,▲+750,▲+54.35%,0,1,1,3,1510,2150,4850,1380
TXO,202609,20260916.0,48150.0,Call,247,247,197,197,197,▼-253,▼-56.22%,0,10,10,0,199,205,247,197
TXO,202609,20260916.0,48150.0,Put,-,-,-,-,2170,-,-,0,0,0,0,-,-,-,-
TXO,202609,20260916.0,48200.0,Call,265,265,179,188,188,▼-247,▼-56.78%,30,25,55,235,191,196,2850,88
TXO,202609,20260916.0,48200.0,Put,-,-,-,-,2210,-,-,0,0,0,3,2080,2240,7310,1520
TXO,202609,20260916.0,48250.0,Call,226,230,173,173,186,▼-242,▼-58.31%,0,19,19,12,182,187,230,173
TXO,202609,20260916.0,48250.0,Put,-,-,-,-,2250,-,-,0,0,0,0,2230,2260,-,-
TXO,202609,20260916.0,48300.0,Call,260,260,160,160,178,▼-241,▼-60.10%,18,37,55,124,87,300,815,82
TXO,202609,20260916.0,48300.0,Put,2170,2170,2170,2170,2290,▲+680,▲+45.64%,0,1,1,3,1990,2320,2520,2130
TXO,202609,20260916.0,48350.0,Call,200,200,198,198,170,▼-188,▼-48.70%,0,2,2,1,166,171,200,198
TXO,202609,20260916.0,48350.0,Put,-,-,-,-,2340,-,-,0,0,0,0,2320,2350,-,-
TXO,202609,20260916.0,48400.0,Call,239,239,155,155,155,▼-217,▼-58.33%,3,21,24,125,159,164,1980,68
TXO,202609,20260916.0,48400.0,Put,-,-,-,-,2380,-,-,0,0,0,9,2300,2410,7590,2240
TXO,202609,20260916.0,48500.0,Call,280,280,135,148,148,▼-193,▼-56.60%,114,161,275,386,146,150,990,65
TXO,202609,20260916.0,48500.0,Put,-,-,-,-,2470,-,-,0,0,0,7,1820,2590,3500,1680
TXO,202609,20260916.0,48600.0,Call,201,212,122,122,135,▼-194,▼-61.39%,8,75,83,101,100,725,750,59
TXO,202609,20260916.0,48600.0,Put,-,-,-,-,2550,-,-,2,0,2,9,2470,2580,7740,2010
TXO,202609,20260916.0,48700.0,Call,197,197,114,120,120,▼-160,▼-57.14%,17,18,35,72,111,124,1770,51
TXO,202609,20260916.0,48700.0,Put,-,-,-,-,2640,-,-,1,0,1,1,2010,3190,2600,2080
TXO,202609,20260916.0,48800.0,Call,181,181,104,112,112,▼-153,▼-57.74%,78,49,127,108,110,114,2200,47
TXO,202609,20260916.0,48800.0,Put,-,-,-,-,2730,-,-,0,0,0,2,2650,2760,4910,3080
TXO,202609,20260916.0,48900.0,Call,166,166,93,93,93,▼-151,▼-61.89%,15,78,93,188,91,570,3930,42
TXO,202609,20260916.0,48900.0,Put,-,-,-,-,2820,-,-,1,0,1,0,2800,2830,2250,2240
TXO,202609,20260916.0,49000.0,Call,147,153,82,90,90,▼-134,▼-59.82%,282,221,503,1102,85,110,3880,39.5
TXO,202609,20260916.0,49000.0,Put,-,-,-,-,2910,-,-,1,0,1,10,2600,2940,8740,2100
TXO,202609,20260916.0,49100.0,Call,127,127,96,96,85,▼-105,▼-52.24%,18,30,48,92,56,550,3500,36.5
TXO,202609,20260916.0,49100.0,Put,-,-,-,-,3000,-,-,1,0,1,2,2690,3480,4510,2450
TXO,202609,20260916.0,49200.0,Call,122,122,69,69,77,▼-113,▼-62.09%,36,23,59,91,74,77,2080,35
TXO,202609,20260916.0,49200.0,Put,-,-,-,-,3090,-,-,2,0,2,5,3020,3130,5160,2500
TXO,202609,20260916.0,49300.0,Call,112,112,61,64,64,▼-107,▼-62.57%,11,17,28,67,67,70,1560,30
TXO,202609,20260916.0,49300.0,Put,-,-,-,-,3190,-,-,0,0,0,3,2720,3670,4670,3420
TXO,202609,20260916.0,49400.0,Call,84,84,61,61,61,▼-86,▼-58.50%,31,13,44,37,28,85,2710,31.5
TXO,202609,20260916.0,49400.0,Put,-,-,-,-,3280,-,-,0,0,0,0,2970,-,3200,3150
TXO,202609,20260916.0,49500.0,Call,89,96,51,51,57,▼-88,▼-63.31%,79,171,250,183,56,58,1060,27
TXO,202609,20260916.0,49500.0,Put,-,-,-,-,3370,-,-,0,0,0,1,3300,3390,4780,4780
TXO,202609,20260916.0,49600.0,Call,81,81,46,46,52,▼-80,▼-63.49%,25,32,57,60,1.2,170,1160,23
TXO,202609,20260916.0,49600.0,Put,-,-,-,-,3470,-,-,1,0,1,2,3450,-,4850,2920
TXO,202609,20260916.0,49700.0,Call,75,75,43,43,47.5,▼-73,▼-62.93%,17,35,52,38,46,48.5,505,22.5
TXO,202609,20260916.0,49700.0,Put,-,-,-,-,3560,-,-,0,0,0,3,3290,3880,4920,4920
TXO,202609,20260916.0,49800.0,Call,74,74,44,44,44,▼-61,▼-58.10%,7,78,85,98,38,61,1760,23.5
TXO,202609,20260916.0,49800.0,Put,-,-,-,-,3660,-,-,0,0,0,0,1,3670,3100,2980
TXO,202609,20260916.0,49900.0,Call,64,64,38,38,38,▼-57,▼-60.00%,9,96,105,93,28,47.5,2050,23
TXO,202609,20260916.0,49900.0,Put,-,-,-,-,3760,-,-,0,0,0,0,1,-,-,-
TXO,202609,20260916.0,50000.0,Call,60,62,33,37,37,▼-49,▼-56.98%,233,402,635,2563,35.5,37.5,3370,18
TXO,202609,20260916.0,50000.0,Put,3450,3450,3450,3450,3850,▲+570,▲+19.79%,0,2,2,2,3660,4110,5300,3130
TXO,202609,20260916.0,50100.0,Call,52,52,31.5,31.5,31.5,▼-47.5,▼-60.13%,27,38,65,151,2.4,42,3360,17
TXO,202609,20260916.0,50100.0,Put,-,-,-,-,3950,-,-,0,0,0,0,3930,-,-,-
TXO,202609,20260916.0,50200.0,Call,39,43,34.5,35,31,▼-36,▼-50.70%,8,13,21,163,1,38,1800,16
TXO,202609,20260916.0,50200.0,Put,-,-,-,-,4050,-,-,0,0,0,0,3770,4060,-,-
TXO,202609,20260916.0,50300.0,Call,43.5,43.5,28.5,28.5,28.5,▼-31.5,▼-52.50%,29,6,35,34,27.5,29,1200,16
TXO,202609,20260916.0,50300.0,Put,-,-,-,-,4140,-,-,0,0,0,0,1,-,-,-
TXO,202609,20260916.0,50400.0,Call,43,43,32,32,26.5,▼-27,▼-45.76%,3,4,7,46,25.5,27,3140,13.5
TXO,202609,20260916.0,50400.0,Put,-,-,-,-,4240,-,-,0,0,0,0,1,4250,7650,5430
TXO,202609,20260916.0,50500.0,Call,36.5,36.5,28,28,24.5,▼-22,▼-44.00%,71,13,84,376,23.5,24.5,1080,14.5
TXO,202609,20260916.0,50500.0,Put,-,-,-,-,4340,-,-,0,0,0,0,1,4350,-,-
TXO,202609,20260916.0,50600.0,Call,30.5,31.5,20,20,22.5,▼-28,▼-58.33%,11,26,37,35,21.5,23,1760,15.5
TXO,202609,20260916.0,50600.0,Put,-,-,-,-,4440,-,-,0,0,0,0,1,4450,-,-
TXO,202609,20260916.0,50700.0,Call,27,29,21,21,21,▼-23,▼-52.27%,4,25,29,34,1,86,1490,14
TXO,202609,20260916.0,50700.0,Put,-,-,-,-,4540,-,-,0,0,0,0,4510,-,-,-
TXO,202609,20260916.0,50800.0,Call,26,26,18,18,19.5,▼-22,▼-55.00%,4,7,11,450,19,20,2580,14
TXO,202609,20260916.0,50800.0,Put,-,-,-,-,4630,-,-,0,0,0,0,1,-,-,-
TXO,202609,20260916.0,50900.0,Call,26.5,26.5,26.5,26.5,18.5,▼-10,▼-27.40%,2,1,3,68,17.5,18.5,1050,19
TXO,202609,20260916.0,50900.0,Put,-,-,-,-,4730,-,-,0,0,0,0,1,-,-,-
TXO,202609,20260916.0,51000.0,Call,25,25,15.5,16,16,▼-16.5,▼-50.77%,40,65,105,943,15,35,2360,6.3
TXO,202609,20260916.0,51000.0,Put,-,-,-,-,4830,-,-,0,0,0,1,4760,4850,5060,5050
TXO,202609,20260916.0,51100.0,Call,22,22,14.5,14.5,15.5,▼-16.5,▼-53.23%,0,16,16,226,15.5,16.5,1820,11
TXO,202609,20260916.0,51100.0,Put,-,-,-,-,4930,-,-,0,0,0,0,4910,4940,-,-
TXO,202609,20260916.0,51200.0,Call,22,22,21,21,15,▼-8,▼-27.59%,4,12,16,238,1,122,2430,10
TXO,202609,20260916.0,51200.0,Put,-,-,-,-,5030,-,-,0,0,0,0,1,5040,-,-
TXO,202609,20260916.0,51300.0,Call,-,-,-,-,14,-,-,2,0,2,327,1,575,840,9.3
TXO,202609,20260916.0,51300.0,Put,-,-,-,-,5130,-,-,0,0,0,0,1,-,-,-
TXO,202609,20260916.0,51400.0,Call,18,18,13,13,13,▼-11.5,▼-46.94%,2,11,13,19,13,14,1830,13
TXO,202609,20260916.0,51400.0,Put,-,-,-,-,5230,-,-,0,0,0,0,5200,-,-,-
TXO,202609,20260916.0,51500.0,Call,16,17.5,15.5,15.5,12.5,▼-7.5,▼-32.61%,5,21,26,96,12,13,920,9
TXO,202609,20260916.0,51500.0,Put,-,-,-,-,5330,-,-,0,0,0,0,1,-,-,-
TXO,202609,20260916.0,51600.0,Call,15.5,16.5,14,14.5,12,▼-7,▼-32.56%,2,28,30,10,11.5,12.5,810,13
TXO,202609,20260916.0,51600.0,Put,-,-,-,-,5430,-,-,0,0,0,0,5400,-,-,-
TXO,202609,20260916.0,51700.0,Call,-,-,-,-,11.5,-,-,0,0,0,7,11,12,550,11
TXO,202609,20260916.0,51700.0,Put,-,-,-,-,5530,-,-,0,0,0,0,1,5540,-,-
TXO,202609,20260916.0,51800.0,Call,-,-,-,-,11,-,-,0,0,0,8,10.5,11.5,1850,12.5
TXO,202609,20260916.0,51800.0,Put,-,-,-,-,5630,-,-,0,0,0,0,5600,-,-,-
TXO,202609,20260916.0,51900.0,Call,13,13.5,13,13.5,10.5,▼-4,▼-22.86%,0,2,2,8,10,11,590,13
TXO,202609,20260916.0,51900.0,Put,-,-,-,-,5720,-,-,0,0,0,0,17,5740,-,-
TXO,202609,20260916.0,52000.0,Call,12,13,9.9,9.9,9.9,▼-6.6,▼-40.00%,22,27,49,623,1,11.5,2210,8
TXO,202609,20260916.0,52000.0,Put,-,-,-,-,5820,-,-,0,0,0,0,5800,-,-,-
TXO,202609,20260916.0,52100.0,Call,-,-,-,-,9.8,-,-,0,0,0,19,0.3,570,590,10
TXO,202609,20260916.0,52100.0,Put,-,-,-,-,5920,-,-,0,0,0,0,-,5940,-,-
TXO,202609,20260916.0,52200.0,Call,-,-,-,-,9.4,-,-,1,0,1,20,9,9.6,2340,7.7
TXO,202609,20260916.0,52200.0,Put,-,-,-,-,6020,-,-,0,0,0,0,5990,-,-,-
TXO,202609,20260916.0,52300.0,Call,-,-,-,-,9.1,-,-,0,0,0,9,8.7,9.3,1880,9.5
TXO,202609,20260916.0,52300.0,Put,-,-,-,-,6120,-,-,0,0,0,0,6090,6140,-,-
TXO,202609,20260916.0,52400.0,Call,-,-,-,-,8.7,-,-,0,0,0,16,8.3,8.9,1880,16.5
TXO,202609,20260916.0,52400.0,Put,-,-,-,-,6220,-,-,0,0,0,0,6190,-,-,-
TXO,202609,20260916.0,52500.0,Call,11,11,7.6,7.6,8.5,▼-4.9,▼-39.20%,6,13,19,123,8.1,8.6,550,7.6
TXO,202609,20260916.0,52500.0,Put,-,-,-,-,6320,-,-,0,0,0,0,-,6340,-,-
TXO,202609,20260916.0,52600.0,Call,10,10,10,10,8.2,▼-2,▼-16.67%,0,20,20,62,0.3,452,1390,10
TXO,202609,20260916.0,52600.0,Put,-,-,-,-,6420,-,-,0,0,0,0,6390,6440,-,-
TXO,202609,20260916.0,52700.0,Call,-,-,-,-,8,-,-,0,0,0,18,7.7,8.1,1890,14
TXO,202609,20260916.0,52700.0,Put,-,-,-,-,6520,-,-,0,0,0,0,-,-,-,-
TXO,202609,20260916.0,52800.0,Call,9.8,9.8,9.8,9.8,7.7,▼-1.2,▼-10.91%,0,1,1,16,7.4,7.9,1930,8.5
TXO,202609,20260916.0,52800.0,Put,-,-,-,-,6620,-,-,0,0,0,0,-,-,-,-
TXO,202609,20260916.0,52900.0,Call,-,-,-,-,7.5,-,-,0,0,0,27,0.3,570,580,13.5
TXO,202609,20260916.0,52900.0,Put,-,-,-,-,6720,-,-,0,0,0,0,-,6740,-,-
TXO,202609,20260916.0,53000.0,Call,8.8,8.8,7,7,7.3,▼-3,▼-30.00%,21,3,24,239,1,50,1240,1.1
TXO,202609,20260916.0,53000.0,Put,-,-,-,-,6820,-,-,0,0,0,0,-,-,-,-
TXO,202609,20260916.0,53100.0,Call,-,-,-,-,7.2,-,-,0,0,0,31,7,7.3,580,7.5
TXO,202609,20260916.0,53100.0,Put,-,-,-,-,6920,-,-,0,0,0,0,6890,6940,-,-
TXO,202609,20260916.0,53200.0,Call,-,-,-,-,7,-,-,0,0,0,12,6.8,7.2,1500,7.7
TXO,202609,20260916.0,53200.0,Put,-,-,-,-,7020,-,-,0,0,0,0,-,-,-,-
TXO,202609,20260916.0,53300.0,Call,-,-,-,-,6.8,-,-,0,0,0,4,0.4,570,580,6.8
TXO,202609,20260916.0,53300.0,Put,-,-,-,-,7120,-,-,0,0,0,0,-,7140,-,-
TXO,202609,20260916.0,53400.0,Call,7.9,7.9,7.9,7.9,6.8,▼-0.8,▼-9.20%,0,4,4,7,0.4,570,1000,7.9
TXO,202609,20260916.0,53400.0,Put,-,-,-,-,7220,-,-,0,0,0,0,-,-,-,-
TXO,202609,20260916.0,53500.0,Call,-,-,-,-,6.6,-,-,1,0,1,102,6.4,6.7,600,6.7
TXO,202609,20260916.0,53500.0,Put,-,-,-,-,7320,-,-,0,0,0,0,-,7340,-,-
TXO,202609,20260916.0,53600.0,Call,-,-,-,-,6.5,-,-,0,0,0,4,0.5,570,1340,7.8
TXO,202609,20260916.0,53600.0,Put,-,-,-,-,7420,-,-,0,0,0,0,-,7440,-,-
TXO,202609,20260916.0,53700.0,Call,-,-,-,-,6.4,-,-,0,0,0,21,0.5,570,550,11.5
TXO,202609,20260916.0,53700.0,Put,-,-,-,-,7520,-,-,0,0,0,0,-,-,-,-
TXO,202609,20260916.0,53800.0,Call,-,-,-,-,6.3,-,-,0,0,0,12,0.6,570,1240,6
TXO,202609,20260916.0,53800.0,Put,-,-,-,-,7620,-,-,0,0,0,0,7580,-,-,-
TXO,202609,20260916.0,53900.0,Call,-,-,-,-,6.2,-,-,1,0,1,22,6,6.3,99,6.1
TXO,202609,20260916.0,53900.0,Put,-,-,-,-,7720,-,-,0,0,0,0,-,7740,-,-
TXO,202609,20260916.0,54000.0,Call,7,7,7,7,6.1,▼-0.4,▼-5.41%,0,3,3,186,0.3,108,1400,5.9
TXO,202609,20260916.0,54000.0,Put,-,-,-,-,7820,-,-,0,0,0,1,7790,7850,9240,9240
TXO,202609,20260916.0,54100.0,Call,-,-,-,-,5.9,-,-,0,0,0,28,0.2,25,100,10
TXO,202609,20260916.0,54100.0,Put,-,-,-,-,7920,-,-,0,0,0,0,-,-,-,-
TXO,202609,20260916.0,54200.0,Call,-,-,-,-,5.9,-,-,0,0,0,31,0.2,570,250,5.6
TXO,202609,20260916.0,54200.0,Put,-,-,-,-,8020,-,-,0,0,0,0,-,-,-,-
TXO,202609,20260916.0,54300.0,Call,-,-,-,-,5.7,-,-,0,0,0,24,5.5,5.9,195,9.6
TXO,202609,20260916.0,54300.0,Put,-,-,-,-,8120,-,-,0,0,0,0,8080,-,-,-
TXO,202609,20260916.0,54400.0,Call,-,-,-,-,5.6,-,-,0,0,0,27,0.2,570,1040,9.5
TXO,202609,20260916.0,54400.0,Put,-,-,-,-,8220,-,-,0,0,0,0,-,-,-,-
TXO,202609,20260916.0,54500.0,Call,-,-,-,-,5.5,-,-,0,0,0,134,0.7,570,300,4.3
TXO,202609,20260916.0,54500.0,Put,-,-,-,-,8320,-,-,0,0,0,0,8280,8340,-,-
TXO,202609,20260916.0,54600.0,Call,-,-,-,-,5.4,-,-,0,0,0,48,5.2,5.6,1680,8.9
TXO,202609,20260916.0,54600.0,Put,-,-,-,-,8420,-,-,0,0,0,0,-,-,-,-
TXO,202609,20260916.0,54700.0,Call,-,-,-,-,5.4,-,-,0,0,0,39,5.2,5.5,382,5.8
TXO,202609,20260916.0,54700.0,Put,-,-,-,-,8520,-,-,0,0,0,0,-,8540,-,-
TXO,202609,20260916.0,54800.0,Call,-,-,-,-,5.2,-,-,0,0,0,26,0.2,570,370,8.6
TXO,202609,20260916.0,54800.0,Put,-,-,-,-,8620,-,-,0,0,0,0,-,-,-,-
TXO,202609,20260916.0,54900.0,Call,-,-,-,-,5.2,-,-,0,0,0,12,4.9,5.4,205,5.5
TXO,202609,20260916.0,54900.0,Put,-,-,-,-,8720,-,-,0,0,0,0,8680,-,-,-
TXO,202609,20260916.0,55000.0,Call,-,-,-,-,5,-,-,17,0,17,327,4.8,5.2,1240,0.5
TXO,202609,20260916.0,55000.0,Put,-,-,-,-,8820,-,-,0,0,0,1,8790,-,10230,10230
TXO,202609,20260916.0,55200.0,Call,-,-,-,-,4.8,-,-,0,0,0,9,0.7,570,350,7
TXO,202609,20260916.0,55200.0,Put,-,-,-,-,9020,-,-,0,0,0,0,-,-,-,-
TXO,202609,20260916.0,55400.0,Call,-,-,-,-,4.7,-,-,1,0,1,32,0.7,106,800,5.6
TXO,202609,20260916.0,55400.0,Put,-,-,-,-,9220,-,-,0,0,0,176,8890,9360,12880,9200
TXO,202609,20260916.0,55600.0,Call,5.4,5.4,4.4,4.4,4.4,▼-1.1,▼-20.00%,1,2,3,15,4.2,4.7,1400,4.4
TXO,202609,20260916.0,55600.0,Put,-,-,-,-,9420,-,-,0,0,0,0,9360,9480,-,-
TXO,202609,20260916.0,55800.0,Call,5,5.4,4.1,4.2,4.2,▼-1.3,▼-23.64%,9,43,52,922,3,4.3,1350,2.5
TXO,202609,20260916.0,55800.0,Put,-,-,-,-,9620,-,-,0,0,0,0,9550,-,-,-
TXO,202610,20261021.0,33900.0,Call,-,-,-,-,12490,-,-,0,0,0,0,12420,-,-,-
TXO,202610,20261021.0,33900.0,Put,40,40,35,37.5,37.5,▲+4,▲+11.94%,19,40,59,173,38.5,41.5,400,30
TXO,202610,20261021.0,34000.0,Call,-,-,-,-,12390,-,-,0,0,0,0,-,-,-,-
TXO,202610,20261021.0,34000.0,Put,40,40.5,40,40.5,40.5,▲+5.5,▲+15.71%,0,7,7,33,39,42,780,40
TXO,202610,20261021.0,34100.0,Call,-,-,-,-,12290,-,-,0,0,0,0,12230,-,-,-
TXO,202610,20261021.0,34100.0,Put,-,-,-,-,42,-,-,0,0,0,9,40,43.5,105,56
TXO,202610,20261021.0,34200.0,Call,-,-,-,-,12190,-,-,0,0,0,0,12130,-,-,-
TXO,202610,20261021.0,34200.0,Put,-,-,-,-,42,-,-,2,0,2,4,40.5,43.5,810,32
TXO,202610,20261021.0,34300.0,Call,-,-,-,-,12100,-,-,0,0,0,0,-,-,-,-
TXO,202610,20261021.0,34300.0,Put,-,-,-,-,43.5,-,-,0,0,0,0,41.5,45,-,-
TXO,202610,20261021.0,34400.0,Call,-,-,-,-,12000,-,-,0,0,0,0,-,12060,-,-
TXO,202610,20261021.0,34400.0,Put,-,-,-,-,44,-,-,0,0,0,3,42,45.5,200,112
TXO,202610,20261021.0,34500.0,Call,-,-,-,-,11900,-,-,0,0,0,0,11830,11960,-,-
TXO,202610,20261021.0,34500.0,Put,-,-,-,-,44.5,-,-,0,0,0,24,0.1,139,116,54
TXO,202610,20261021.0,34600.0,Call,-,-,-,-,11800,-,-,0,0,0,0,11730,-,-,-
TXO,202610,20261021.0,34600.0,Put,42.5,42.5,42.5,42.5,46,▲+3.5,▲+8.97%,0,1,1,6,0.1,140,299,34
TXO,202610,20261021.0,34700.0,Call,-,-,-,-,11700,-,-,0,0,0,0,11630,-,-,-
TXO,202610,20261021.0,34700.0,Put,44,44,44,44,46,▲+5,▲+12.82%,0,5,5,1,44.5,47.5,805,36.5
TXO,202610,20261021.0,34800.0,Call,-,-,-,-,11600,-,-,0,0,0,0,11520,-,-,-
TXO,202610,20261021.0,34800.0,Put,44,44,44,44,47.5,▲+3.5,▲+8.64%,0,1,1,6,46,49,314,36.5
TXO,202610,20261021.0,34900.0,Call,-,-,-,-,11500,-,-,0,0,0,0,11440,-,-,-
TXO,202610,20261021.0,34900.0,Put,-,-,-,-,48.5,-,-,0,0,0,1,47,50,488,38.5
TXO,202610,20261021.0,35000.0,Call,-,-,-,-,11400,-,-,0,0,0,0,-,-,-,-
TXO,202610,20261021.0,35000.0,Put,47.5,48,47,48,49.5,▲+6,▲+14.29%,0,9,9,48,47,-,1060,35.5
TXO,202610,20261021.0,35100.0,Call,-,-,-,-,11310,-,-,0,0,0,0,11220,-,-,-
TXO,202610,20261021.0,35100.0,Put,47,47,47,47,51,▲+5,▲+11.90%,0,1,1,11,-,-,505,40
TXO,202610,20261021.0,35200.0,Call,-,-,-,-,11210,-,-,0,0,0,0,11140,-,-,-
TXO,202610,20261021.0,35200.0,Put,-,-,-,-,52,-,-,0,0,0,8,0.1,-,151,39
TXO,202610,20261021.0,35300.0,Call,-,-,-,-,11110,-,-,0,0,0,0,-,-,-,-
TXO,202610,20261021.0,35300.0,Put,-,-,-,-,53,-,-,0,0,0,15,51,54,1070,40.5
TXO,202610,20261021.0,35400.0,Call,-,-,-,-,11010,-,-,0,0,0,0,-,-,-,-
TXO,202610,20261021.0,35400.0,Put,-,-,-,-,54,-,-,0,0,0,4,52,55,1000,41
TXO,202610,20261021.0,35500.0,Call,-,-,-,-,10910,-,-,0,0,0,0,10830,-,-,-
TXO,202610,20261021.0,35500.0,Put,53,53,52,52,55,▲+6,▲+13.04%,0,2,2,17,53,56,550,43
TXO,202610,20261021.0,35600.0,Call,-,-,-,-,10810,-,-,0,0,0,0,10730,-,-,-
TXO,202610,20261021.0,35600.0,Put,54,54,54,54,56,▲+8,▲+17.39%,0,1,1,11,53,-,150,44
TXO,202610,20261021.0,35700.0,Call,-,-,-,-,10710,-,-,0,0,0,0,10650,-,-,-
TXO,202610,20261021.0,35700.0,Put,55,55,55,55,57,▲+8,▲+17.02%,0,1,1,5,-,-,300,44
TXO,202610,20261021.0,35800.0,Call,-,-,-,-,10610,-,-,0,0,0,0,10550,-,-,-
TXO,202610,20261021.0,35800.0,Put,-,-,-,-,58,-,-,0,0,0,6,55,150,405,84
TXO,202610,20261021.0,35900.0,Call,-,-,-,-,10520,-,-,0,0,0,0,10440,-,-,-
TXO,202610,20261021.0,35900.0,Put,-,-,-,-,59,-,-,0,0,0,3,57,61,182,142
TXO,202610,20261021.0,36000.0,Call,-,-,-,-,10420,-,-,0,0,0,0,-,-,-,-
TXO,202610,20261021.0,36000.0,Put,57,59,57,59,59,▲+9,▲+18.00%,3,5,8,53,0.1,60,1380,45
TXO,202610,20261021.0,36100.0,Call,-,-,-,-,10320,-,-,0,0,0,0,-,-,-,-
TXO,202610,20261021.0,36100.0,Put,-,-,-,-,62,-,-,0,0,0,2,60,63,690,146
TXO,202610,20261021.0,36200.0,Call,-,-,-,-,10220,-,-,0,0,0,0,10140,-,-,-
TXO,202610,20261021.0,36200.0,Put,-,-,-,-,63,-,-,5,0,5,11,0.1,-,1120,47.5
TXO,202610,20261021.0,36300.0,Call,-,-,-,-,10120,-,-,0,0,0,0,10060,10170,-,-
TXO,202610,20261021.0,36300.0,Put,-,-,-,-,64,-,-,0,0,0,2,0.1,-,915,50
TXO,202610,20261021.0,36400.0,Call,-,-,-,-,10020,-,-,0,0,0,0,-,10070,-,-
TXO,202610,20261021.0,36400.0,Put,-,-,-,-,66,-,-,0,0,0,7,64,67,401,51
TXO,202610,20261021.0,36500.0,Call,-,-,-,-,9930,-,-,0,0,0,0,9860,-,-,-
TXO,202610,20261021.0,36500.0,Put,62,62,62,62,67,▲+6,▲+10.71%,1,3,4,20,0.1,-,1510,53
TXO,202610,20261021.0,36600.0,Call,-,-,-,-,9830,-,-,0,0,0,0,9750,-,-,-
TXO,202610,20261021.0,36600.0,Put,63,63,63,63,68,▲+6,▲+10.53%,0,12,12,20,66,70,1110,63
TXO,202610,20261021.0,36700.0,Call,-,-,-,-,9730,-,-,0,0,0,0,-,-,-,-
TXO,202610,20261021.0,36700.0,Put,-,-,-,-,71,-,-,0,0,0,2,0.1,-,710,138
TXO,202610,20261021.0,36800.0,Call,-,-,-,-,9630,-,-,0,0,0,0,9570,-,-,-
TXO,202610,20261021.0,36800.0,Put,-,-,-,-,71,-,-,0,0,0,1,68,73,497,111
TXO,202610,20261021.0,36900.0,Call,-,-,-,-,9530,-,-,0,0,0,0,9470,-,-,-
TXO,202610,20261021.0,36900.0,Put,68,68,68,68,74,▲+7,▲+11.48%,0,6,6,6,0.1,-,1620,57
TXO,202610,20261021.0,37000.0,Call,-,-,-,-,9430,-,-,0,0,0,0,9370,-,-,-
TXO,202610,20261021.0,37000.0,Put,72,72,72,72,74,▲+10,▲+16.13%,7,4,11,74,73,75,1010,55
TXO,202610,20261021.0,37100.0,Call,-,-,-,-,9340,-,-,0,0,0,0,-,-,-,-
TXO,202610,20261021.0,37100.0,Put,-,-,-,-,78,-,-,0,0,0,19,-,-,750,198
TXO,202610,20261021.0,37200.0,Call,-,-,-,-,9240,-,-,0,0,0,0,9180,-,-,-
TXO,202610,20261021.0,37200.0,Put,-,-,-,-,80,-,-,0,0,0,31,-,-,1460,56
TXO,202610,20261021.0,37300.0,Call,-,-,-,-,9140,-,-,0,0,0,0,-,-,-,-
TXO,202610,20261021.0,37300.0,Put,80,80,80,80,80,▲+14,▲+21.21%,0,1,1,3,-,-,575,61
TXO,202610,20261021.0,37400.0,Call,-,-,-,-,9040,-,-,0,0,0,0,8980,-,-,-
TXO,202610,20261021.0,37400.0,Put,-,-,-,-,84,-,-,0,0,0,3,0.1,-,815,61
TXO,202610,20261021.0,37500.0,Call,-,-,-,-,8950,-,-,0,0,0,0,-,-,-,-
TXO,202610,20261021.0,37500.0,Put,83,83,83,83,86,▲+14,▲+20.29%,2,1,3,28,0.1,88,445,66
TXO,202610,20261021.0,37600.0,Call,-,-,-,-,8850,-,-,0,0,0,0,8790,-,-,-
TXO,202610,20261021.0,37600.0,Put,84,84,84,84,88,▲+14,▲+20.00%,0,1,1,10,51,175,850,84
TXO,202610,20261021.0,37700.0,Call,-,-,-,-,8750,-,-,0,0,0,0,8680,-,-,-
TXO,202610,20261021.0,37700.0,Put,84,84,84,84,90,▲+11,▲+15.07%,0,1,1,1,51,-,300,84
TXO,202610,20261021.0,37800.0,Call,-,-,-,-,8650,-,-,0,0,0,0,8600,8700,-,-
TXO,202610,20261021.0,37800.0,Put,88,88,88,88,93,▲+14,▲+18.92%,0,1,1,4,90,95,945,88
TXO,202610,20261021.0,37900.0,Call,-,-,-,-,8560,-,-,0,0,0,0,-,-,-,-
TXO,202610,20261021.0,37900.0,Put,90,94,90,94,94,▲+18,▲+23.68%,0,29,29,40,-,97,900,69
TXO,202610,20261021.0,38000.0,Call,-,-,-,-,8460,-,-,0,0,0,0,8390,-,-,-
TXO,202610,20261021.0,38000.0,Put,85,96,85,95,95,▲+18,▲+23.38%,1,40,41,79,95,99,2000,70
TXO,202610,20261021.0,38100.0,Call,-,-,-,-,8360,-,-,0,0,0,0,8310,-,-,-
TXO,202610,20261021.0,38100.0,Put,-,-,-,-,102,-,-,0,0,0,40,0.2,185,1380,158
TXO,202610,20261021.0,38200.0,Call,-,-,-,-,8270,-,-,0,0,0,0,-,8310,-,-
TXO,202610,20261021.0,38200.0,Put,105,105,105,105,105,▲+24,▲+29.63%,0,1,1,4,101,106,1020,81
TXO,202610,20261021.0,38300.0,Call,-,-,-,-,8170,-,-,0,0,0,0,8100,-,-,-
TXO,202610,20261021.0,38300.0,Put,-,-,-,-,106,-,-,0,0,0,0,103,109,-,-
TXO,202610,20261021.0,38400.0,Call,-,-,-,-,8070,-,-,0,0,0,0,8010,-,-,-
TXO,202610,20261021.0,38400.0,Put,109,109,109,109,109,▲+23,▲+26.74%,0,1,1,2,0.1,-,1930,78
TXO,202610,20261021.0,38500.0,Call,-,-,-,-,7980,-,-,0,0,0,0,-,8020,-,-
TXO,202610,20261021.0,38500.0,Put,104,108,104,108,115,▲+19,▲+21.35%,0,8,8,24,-,-,2100,79
TXO,202610,20261021.0,38600.0,Call,-,-,-,-,7880,-,-,0,0,0,0,-,-,-,-
TXO,202610,20261021.0,38600.0,Put,102,102,102,102,118,▲+11,▲+12.09%,4,7,11,11,115,121,422,99
TXO,202610,20261021.0,38700.0,Call,-,-,-,-,7780,-,-,0,0,0,0,7720,-,-,-
TXO,202610,20261021.0,38700.0,Put,111,111,111,111,121,▲+17,▲+18.09%,1,1,2,12,0.1,201,2230,88
TXO,202610,20261021.0,38800.0,Call,-,-,-,-,7690,-,-,0,0,0,0,-,-,-,-
TXO,202610,20261021.0,38800.0,Put,123,124,123,124,124,▲+27,▲+27.84%,1,3,4,6,122,128,610,90
TXO,202610,20261021.0,38900.0,Call,-,-,-,-,7590,-,-,0,0,0,0,7530,-,-,-
TXO,202610,20261021.0,38900.0,Put,123,127,123,123,129,▲+23,▲+23.00%,2,4,6,7,125,132,690,92
TXO,202610,20261021.0,39000.0,Call,-,-,-,-,7500,-,-,0,0,0,0,-,-,-,-
TXO,202610,20261021.0,39000.0,Put,120,135,120,135,135,▲+32,▲+31.07%,2,15,17,95,102,135,1790,90
TXO,202610,20261021.0,39100.0,Call,-,-,-,-,7400,-,-,0,0,0,0,7340,-,-,-
TXO,202610,20261021.0,39100.0,Put,-,-,-,-,140,-,-,0,0,0,2,11,-,820,167
TXO,202610,20261021.0,39200.0,Call,-,-,-,-,7310,-,-,0,0,0,0,-,7350,-,-
TXO,202610,20261021.0,39200.0,Put,-,-,-,-,145,-,-,0,0,0,2,-,216,106,100
TXO,202610,20261021.0,39300.0,Call,-,-,-,-,7210,-,-,0,0,0,0,-,-,-,-
TXO,202610,20261021.0,39300.0,Put,124,140,124,140,149,▲+28,▲+25.00%,0,2,2,7,146,152,525,101
TXO,202610,20261021.0,39400.0,Call,-,-,-,-,7120,-,-,0,0,0,0,7060,-,-,-
TXO,202610,20261021.0,39400.0,Put,133,133,133,133,155,▲+17,▲+14.66%,1,1,2,30,151,158,545,106
TXO,202610,20261021.0,39500.0,Call,-,-,-,-,7030,-,-,0,0,0,0,6970,-,-,-
TXO,202610,20261021.0,39500.0,Put,138,156,138,156,156,▲+36,▲+30.00%,1,3,4,24,156,164,995,105
TXO,202610,20261021.0,39600.0,Call,-,-,-,-,6930,-,-,0,0,0,0,6870,6970,-,-
TXO,202610,20261021.0,39600.0,Put,157,157,157,157,166,▲+34,▲+27.64%,0,1,1,1,162,170,1300,128
TXO,202610,20261021.0,39700.0,Call,-,-,-,-,6840,-,-,0,0,0,0,-,-,-,-
TXO,202610,20261021.0,39700.0,Put,-,-,-,-,172,-,-,0,0,0,1,168,176,665,224
TXO,202610,20261021.0,39800.0,Call,-,-,-,-,6740,-,-,0,0,0,0,6690,-,-,-
TXO,202610,20261021.0,39800.0,Put,168,168,168,168,178,▲+35,▲+26.32%,0,1,1,5,61,249,585,127
TXO,202610,20261021.0,39900.0,Call,-,-,-,-,6650,-,-,0,0,0,3,6590,-,6680,3150
TXO,202610,20261021.0,39900.0,Put,-,-,-,-,185,-,-,0,0,0,3,181,189,2760,124
TXO,202610,20261021.0,40000.0,Call,-,-,-,-,6560,-,-,0,0,0,0,6500,-,-,-
TXO,202610,20261021.0,40000.0,Put,158,191,158,191,191,▲+47,▲+32.64%,56,31,87,224,131,191,2490,124
TXO,202610,20261021.0,40100.0,Call,-,-,-,-,6470,-,-,0,0,0,0,-,6500,-,-
TXO,202610,20261021.0,40100.0,Put,-,-,-,-,199,-,-,0,0,0,10,195,203,660,132
TXO,202610,20261021.0,40200.0,Call,-,-,-,-,6370,-,-,0,0,0,0,-,6410,-,-
TXO,202610,20261021.0,40200.0,Put,200,200,195,195,207,▲+45,▲+30.00%,0,2,2,6,90,282,630,142
TXO,202610,20261021.0,40300.0,Call,-,-,-,-,6280,-,-,0,0,0,0,6230,-,-,-
TXO,202610,20261021.0,40300.0,Put,198,206,198,206,215,▲+51,▲+32.90%,0,2,2,3,-,-,2940,139
TXO,202610,20261021.0,40400.0,Call,-,-,-,-,6190,-,-,0,0,0,0,6140,-,-,-
TXO,202610,20261021.0,40400.0,Put,-,-,-,-,223,-,-,0,0,0,1,73,-,300,300
TXO,202610,20261021.0,40500.0,Call,-,-,-,-,6100,-,-,0,0,0,0,-,-,-,-
TXO,202610,20261021.0,40500.0,Put,194,228,192,216,231,▲+50,▲+30.12%,0,16,16,27,2.2,390,2730,150
TXO,202610,20261021.0,40600.0,Call,-,-,-,-,6010,-,-,0,0,0,0,5960,6040,-,-
TXO,202610,20261021.0,40600.0,Put,226,226,226,226,240,▲+54,▲+31.40%,0,1,1,23,235,244,1260,172
TXO,202610,20261021.0,40700.0,Call,-,-,-,-,5920,-,-,0,0,0,0,-,-,-,-
TXO,202610,20261021.0,40700.0,Put,-,-,-,-,249,-,-,1,0,1,3,244,253,1540,265
TXO,202610,20261021.0,40800.0,Call,-,-,-,-,5830,-,-,0,0,0,1,5780,-,5680,3010
TXO,202610,20261021.0,40800.0,Put,-,-,-,-,258,-,-,1,0,1,5,253,263,2920,206
TXO,202610,20261021.0,40900.0,Call,-,-,-,-,5740,-,-,0,0,0,0,-,-,-,-
TXO,202610,20261021.0,40900.0,Put,-,-,-,-,268,-,-,4,0,4,7,263,273,3100,172
TXO,202610,20261021.0,41000.0,Call,-,-,-,-,5650,-,-,0,0,0,0,-,-,4060,2930
TXO,202610,20261021.0,41000.0,Put,230,283,230,283,283,▲+86,▲+43.65%,28,17,45,116,178,319,3020,180
TXO,202610,20261021.0,41100.0,Call,-,-,-,-,5560,-,-,0,0,0,0,5510,-,-,-
TXO,202610,20261021.0,41100.0,Put,-,-,-,-,288,-,-,0,0,0,2,283,293,2590,700
TXO,202610,20261021.0,41200.0,Call,-,-,-,-,5470,-,-,0,0,0,0,-,-,4840,3580
TXO,202610,20261021.0,41200.0,Put,253,255,253,255,299,▲+47,▲+22.60%,0,2,2,2,133,-,2540,208
TXO,202610,20261021.0,41300.0,Call,-,-,-,-,5380,-,-,0,0,0,0,5330,-,-,-
TXO,202610,20261021.0,41300.0,Put,292,292,291,291,311,▲+70,▲+31.67%,15,3,18,27,-,402,760,240
TXO,202610,20261021.0,41400.0,Call,-,-,-,-,5290,-,-,0,0,0,0,-,-,-,-
TXO,202610,20261021.0,41400.0,Put,-,-,-,-,323,-,-,0,0,0,1,317,328,800,373
TXO,202610,20261021.0,41500.0,Call,-,-,-,-,5210,-,-,0,0,0,0,-,-,-,-
TXO,202610,20261021.0,41500.0,Put,-,-,-,-,336,-,-,2,0,2,21,161,345,2280,212
TXO,202610,20261021.0,41600.0,Call,-,-,-,-,5120,-,-,0,0,0,1,5070,5150,3210,3210
TXO,202610,20261021.0,41600.0,Put,-,-,-,-,348,-,-,0,0,0,1,342,353,2550,397
TXO,202610,20261021.0,41700.0,Call,-,-,-,-,5030,-,-,0,0,0,0,-,-,-,-
TXO,202610,20261021.0,41700.0,Put,-,-,-,-,361,-,-,0,0,0,5,182,457,975,238
TXO,202610,20261021.0,41800.0,Call,-,-,-,-,4950,-,-,0,0,0,0,-,-,-,-
TXO,202610,20261021.0,41800.0,Put,-,-,-,-,374,-,-,0,0,0,7,368,380,2140,410
TXO,202610,20261021.0,41900.0,Call,-,-,-,-,4860,-,-,0,0,0,0,4810,-,-,-
TXO,202610,20261021.0,41900.0,Put,-,-,-,-,388,-,-,0,0,0,4,382,394,2830,405
TXO,202610,20261021.0,42000.0,Call,-,-,-,-,4770,-,-,0,0,0,0,-,-,-,-
TXO,202610,20261021.0,42000.0,Put,350,400,350,400,400,▲+115,▲+40.35%,3,9,12,98,296,430,3500,263
TXO,202610,20261021.0,42100.0,Call,-,-,-,-,4690,-,-,0,0,0,0,4640,-,-,-
TXO,202610,20261021.0,42100.0,Put,-,-,-,-,418,-,-,0,0,0,1,411,424,640,470
TXO,202610,20261021.0,42200.0,Call,-,-,-,-,4600,-,-,0,0,0,2,-,-,4200,2000
TXO,202610,20261021.0,42200.0,Put,421,421,421,421,421,▲+116,▲+38.03%,0,1,1,4,322,505,2120,293
TXO,202610,20261021.0,42300.0,Call,-,-,-,-,4520,-,-,0,0,0,0,4470,-,-,-
TXO,202610,20261021.0,42300.0,Put,-,-,-,-,449,-,-,0,0,0,3,337,520,985,515
TXO,202610,20261021.0,42400.0,Call,-,-,-,-,4430,-,-,1,0,1,1,4390,-,5110,2960
TXO,202610,20261021.0,42400.0,Put,430,455,430,455,455,▲+125,▲+37.88%,1,2,3,3,346,-,3760,355
TXO,202610,20261021.0,42500.0,Call,-,-,-,-,4360,-,-,2,0,2,1,4200,4380,5210,2120
TXO,202610,20261021.0,42500.0,Put,415,470,415,470,470,▲+131,▲+38.64%,1,6,7,77,-,-,1850,307
TXO,202610,20261021.0,42600.0,Call,-,-,-,-,4270,-,-,0,0,0,0,-,-,-,-
TXO,202610,20261021.0,42600.0,Put,470,470,470,470,499,▲+118,▲+33.52%,1,1,2,11,376,605,1150,345
TXO,202610,20261021.0,42700.0,Call,-,-,-,-,4190,-,-,0,0,0,0,4140,-,-,-
TXO,202610,20261021.0,42700.0,Put,-,-,-,-,520,-,-,0,0,0,5,510,525,1870,356
TXO,202610,20261021.0,42800.0,Call,-,-,-,-,4110,-,-,0,0,0,0,4060,-,-,-
TXO,202610,20261021.0,42800.0,Put,525,525,525,525,525,▲+156,▲+42.28%,0,1,1,0,525,540,3100,369
TXO,202610,20261021.0,42900.0,Call,-,-,-,-,4030,-,-,0,0,0,0,-,-,4410,3070
TXO,202610,20261021.0,42900.0,Put,-,-,-,-,555,-,-,0,0,0,1,545,560,3050,361
TXO,202610,20261021.0,43000.0,Call,-,-,-,-,3950,-,-,0,0,0,1,3900,-,3230,3230
TXO,202610,20261021.0,43000.0,Put,510,570,510,570,570,▲+157,▲+38.01%,14,17,31,100,555,600,4200,372
TXO,202610,20261021.0,43100.0,Call,-,-,-,-,3870,-,-,0,0,0,0,-,-,-,-
TXO,202610,20261021.0,43100.0,Put,-,-,-,-,595,-,-,0,0,0,10,585,600,1390,400
TXO,202610,20261021.0,43200.0,Call,-,-,-,-,3790,-,-,0,0,0,0,3740,-,3750,2950
TXO,202610,20261021.0,43200.0,Put,-,-,-,-,615,-,-,0,0,0,6,600,620,1000,414
TXO,202610,20261021.0,43300.0,Call,-,-,-,-,3710,-,-,0,0,0,0,3660,-,-,-
TXO,202610,20261021.0,43300.0,Put,600,600,600,600,640,▲+149,▲+33.04%,0,1,1,2,630,645,1470,421
TXO,202610,20261021.0,43400.0,Call,-,-,-,-,3630,-,-,0,0,0,0,3590,-,3610,2880
TXO,202610,20261021.0,43400.0,Put,-,-,-,-,660,-,-,3,0,3,5,645,665,2890,461
TXO,202610,20261021.0,43500.0,Call,-,-,-,-,3560,-,-,0,0,0,0,3510,-,3100,1570
TXO,202610,20261021.0,43500.0,Put,560,680,560,680,680,▲+195,▲+40.21%,2,7,9,112,675,690,3050,467
TXO,202610,20261021.0,43600.0,Call,-,-,-,-,3480,-,-,0,0,0,1,-,3570,2840,2840
TXO,202610,20261021.0,43600.0,Put,580,670,580,670,700,▲+160,▲+31.37%,3,7,10,18,2.2,775,2850,484
TXO,202610,20261021.0,43700.0,Call,-,-,-,-,3400,-,-,0,0,0,0,3360,-,3580,2940
TXO,202610,20261021.0,43700.0,Put,705,705,700,700,725,▲+180,▲+34.62%,0,2,2,18,715,735,2920,477
TXO,202610,20261021.0,43800.0,Call,-,-,-,-,3330,-,-,0,0,0,2,3280,-,2950,1650
TXO,202610,20261021.0,43800.0,Put,750,750,750,750,750,▲+215,▲+40.19%,0,1,1,16,740,765,3100,510
TXO,202610,20261021.0,43900.0,Call,-,-,-,-,3250,-,-,0,0,0,1,-,-,2720,2720
TXO,202610,20261021.0,43900.0,Put,630,630,630,630,780,▲+70,▲+12.50%,0,1,1,5,765,790,3140,520
TXO,202610,20261021.0,44000.0,Call,-,-,-,-,3180,-,-,0,0,0,5,3130,3260,3370,1520
TXO,202610,20261021.0,44000.0,Put,680,800,680,800,800,▲+210,▲+35.59%,12,23,35,392,22,810,2770,535
TXO,202610,20261021.0,44100.0,Call,-,-,-,-,3110,-,-,0,0,0,1,-,-,2750,1540
TXO,202610,20261021.0,44100.0,Put,815,820,815,820,820,▲+220,▲+36.67%,0,11,11,20,735,910,3230,560
TXO,202610,20261021.0,44200.0,Call,-,-,-,-,3040,-,-,0,0,0,1,2900,-,2730,2730
TXO,202610,20261021.0,44200.0,Put,-,-,-,-,870,-,-,0,0,0,2,-,965,2730,580
TXO,202610,20261021.0,44300.0,Call,-,-,-,-,2960,-,-,0,0,0,0,2920,2990,-,-
TXO,202610,20261021.0,44300.0,Put,830,895,830,895,895,▲+235,▲+35.61%,0,7,7,11,745,-,2040,660
TXO,202610,20261021.0,44400.0,Call,-,-,-,-,2900,-,-,0,0,0,4,2880,2960,2960,1410
TXO,202610,20261021.0,44400.0,Put,-,-,-,-,920,-,-,0,0,0,23,905,930,2180,630
TXO,202610,20261021.0,44500.0,Call,-,-,-,-,2830,-,-,0,0,0,0,2500,-,2920,1900
TXO,202610,20261021.0,44500.0,Put,815,930,815,930,955,▲+230,▲+32.86%,1,14,15,17,935,960,4990,660
TXO,202610,20261021.0,44600.0,Call,-,-,-,-,2770,-,-,0,0,0,0,2730,2780,-,-
TXO,202610,20261021.0,44600.0,Put,860,980,860,960,990,▲+255,▲+36.17%,1,52,53,61,975,1000,1190,695
TXO,202610,20261021.0,44700.0,Call,-,-,-,-,2700,-,-,0,0,0,9,2680,2720,3380,1350
TXO,202610,20261021.0,44700.0,Put,985,985,985,985,1020,▲+255,▲+34.93%,0,1,1,5,-,1130,2050,690
TXO,202610,20261021.0,44800.0,Call,-,-,-,-,2630,-,-,0,0,0,133,-,-,2950,1830
TXO,202610,20261021.0,44800.0,Put,-,-,-,-,1050,-,-,1,0,1,4,1040,1060,2220,730
TXO,202610,20261021.0,44900.0,Call,-,-,-,-,2560,-,-,0,0,0,0,2530,2570,2850,1950
TXO,202610,20261021.0,44900.0,Put,-,-,-,-,1080,-,-,0,0,0,1,1070,1090,1390,1070
TXO,202610,20261021.0,45000.0,Call,-,-,-,-,2490,-,-,0,0,0,6,2480,2520,3220,1600
TXO,202610,20261021.0,45000.0,Put,1070,1110,1070,1090,1120,▲+285,▲+35.40%,2,9,11,52,1100,1130,2760,770
TXO,202610,20261021.0,45100.0,Call,2500,2500,2500,2500,2430,▼-590,▼-19.09%,0,10,10,34,2410,2450,3040,2020
TXO,202610,20261021.0,45100.0,Put,1130,1150,1130,1150,1150,▲+320,▲+38.55%,0,2,2,2,1140,1160,2640,1130
TXO,202610,20261021.0,45200.0,Call,-,-,-,-,2360,-,-,0,0,0,3,2350,2390,2910,1670
TXO,202610,20261021.0,45200.0,Put,-,-,-,-,1190,-,-,0,0,0,6,1170,1200,3950,2340
TXO,202610,20261021.0,45300.0,Call,2500,2500,2390,2390,2300,▼-560,▼-18.98%,0,2,2,1,-,-,2540,1130
TXO,202610,20261021.0,45300.0,Put,-,-,-,-,1230,-,-,1,0,1,0,1210,1240,2510,915
TXO,202610,20261021.0,45400.0,Call,-,-,-,-,2240,-,-,0,0,0,1,2110,-,3120,1820
TXO,202610,20261021.0,45400.0,Put,1190,1190,1190,1190,1260,▲+275,▲+30.05%,2,1,3,3,3.8,1360,1370,925
TXO,202610,20261021.0,45500.0,Call,2240,2240,2240,2240,2180,▼-570,▼-20.28%,0,1,1,6,2160,2250,2670,1160
TXO,202610,20261021.0,45500.0,Put,1120,1120,1120,1120,1300,▲+175,▲+18.52%,1,1,2,12,1290,1310,1780,900
TXO,202610,20261021.0,45600.0,Call,-,-,-,-,2120,-,-,0,0,0,3,2100,2130,2470,1700
TXO,202610,20261021.0,45600.0,Put,1190,1270,1190,1270,1340,▲+300,▲+30.93%,2,3,5,3,1330,1350,2470,830
TXO,202610,20261021.0,45700.0,Call,-,-,-,-,2060,-,-,0,0,0,10,2000,2080,2180,1550
TXO,202610,20261021.0,45700.0,Put,-,-,-,-,1380,-,-,0,0,0,1,1370,1390,1060,1060
TXO,202610,20261021.0,45800.0,Call,1990,1990,1990,1990,1990,▼-620,▼-23.75%,0,1,1,21,1980,2010,2540,1600
TXO,202610,20261021.0,45800.0,Put,-,-,-,-,1430,-,-,1,0,1,13,1410,1440,2230,1020
TXO,202610,20261021.0,45900.0,Call,1950,1950,1910,1910,1950,▼-630,▼-24.80%,0,4,4,9,1920,1950,2250,1160
TXO,202610,20261021.0,45900.0,Put,1290,1290,1290,1290,1470,▲+220,▲+20.56%,0,12,12,2,1450,1480,1290,1020
TXO,202610,20261021.0,46000.0,Call,2020,2020,1890,1890,1890,▼-580,▼-23.48%,1,9,10,26,1870,1910,2680,970
TXO,202610,20261021.0,46000.0,Put,1300,1440,1300,1440,1510,▲+340,▲+30.91%,7,4,11,48,3.8,-,3660,1060
TXO,202610,20261021.0,46100.0,Call,1920,1920,1880,1880,1840,▼-520,▼-21.67%,0,2,2,42,-,-,2520,1510
TXO,202610,20261021.0,46100.0,Put,1550,1550,1550,1550,1550,▲+410,▲+35.96%,1,1,2,3,1540,1570,2260,1290
TXO,202610,20261021.0,46200.0,Call,1850,1850,1790,1790,1790,▼-550,▼-23.50%,1,2,3,8,1760,1800,2310,1340
TXO,202610,20261021.0,46200.0,Put,1550,1550,1550,1550,1600,▲+380,▲+32.48%,4,2,6,2,3.8,1700,2690,1140
TXO,202610,20261021.0,46300.0,Call,-,-,-,-,1730,-,-,0,0,0,3,-,1790,2420,1460
TXO,202610,20261021.0,46300.0,Put,-,-,-,-,1650,-,-,1,0,1,1,3.8,1730,2900,1370
TXO,202610,20261021.0,46400.0,Call,1760,1760,1760,1760,1660,▼-460,▼-20.72%,0,1,1,7,1530,-,2400,790
TXO,202610,20261021.0,46400.0,Put,-,-,-,-,1680,-,-,0,0,0,1,3.8,1780,1750,1640
TXO,202610,20261021.0,46500.0,Call,1810,1810,1670,1670,1610,▼-470,▼-21.96%,4,3,7,21,1500,1650,2140,980
TXO,202610,20261021.0,46500.0,Put,1520,1700,1520,1700,1730,▲+410,▲+31.78%,0,3,3,2,3.8,-,1930,1400
TXO,202610,20261021.0,46600.0,Call,1650,1650,1580,1580,1580,▼-520,▼-24.76%,6,2,8,54,1550,1580,2110,1280
TXO,202610,20261021.0,46600.0,Put,-,-,-,-,1780,-,-,0,0,0,1,1770,1800,1460,1460
TXO,202610,20261021.0,46700.0,Call,-,-,-,-,1510,-,-,2,0,2,11,1400,-,1890,1330
TXO,202610,20261021.0,46700.0,Put,-,-,-,-,1830,-,-,0,0,0,3,3.8,1930,1830,1830
TXO,202610,20261021.0,46800.0,Call,1610,1610,1430,1430,1460,▼-540,▼-27.41%,4,5,9,5,1450,1480,2150,905
TXO,202610,20261021.0,46800.0,Put,-,-,-,-,1880,-,-,0,0,0,2,3.8,1920,2420,1390
TXO,202610,20261021.0,46900.0,Call,1620,1620,1620,1620,1410,▼-300,▼-15.63%,4,1,5,15,1300,-,1940,1550
TXO,202610,20261021.0,46900.0,Put,-,-,-,-,1930,-,-,0,0,0,0,3.8,1980,4010,3120
TXO,202610,20261021.0,47000.0,Call,1460,1460,1410,1420,1370,▼-440,▼-23.66%,7,8,15,229,1220,1470,2260,865
TXO,202610,20261021.0,47000.0,Put,1710,1710,1710,1710,1990,▲+220,▲+14.77%,11,1,12,11,1960,-,4240,1450
TXO,202610,20261021.0,47100.0,Call,-,-,-,-,1320,-,-,1,0,1,9,2.2,1400,1780,1030
TXO,202610,20261021.0,47100.0,Put,-,-,-,-,2040,-,-,0,0,0,1,2000,-,1600,1600
TXO,202610,20261021.0,47200.0,Call,-,-,-,-,1270,-,-,2,0,2,12,2.2,-,2250,1000
TXO,202610,20261021.0,47200.0,Put,-,-,-,-,2090,-,-,1,0,1,3,2070,2210,1630,1580
TXO,202610,20261021.0,47300.0,Call,1270,1270,1270,1270,1220,▼-420,▼-24.85%,1,1,2,15,2.2,1320,1610,775
TXO,202610,20261021.0,47300.0,Put,-,-,-,-,2140,-,-,0,0,0,3,2120,2260,1680,1680
TXO,202610,20261021.0,47400.0,Call,1330,1330,1220,1220,1180,▼-410,▼-25.15%,1,2,3,3,1170,1200,2030,880
TXO,202610,20261021.0,47400.0,Put,-,-,-,-,2200,-,-,0,0,0,0,2170,-,-,-
TXO,202610,20261021.0,47500.0,Call,-,-,-,-,1140,-,-,0,0,0,90,-,-,2040,745
TXO,202610,20261021.0,47500.0,Put,-,-,-,-,2250,-,-,0,0,0,0,-,2310,-,-
TXO,202610,20261021.0,47600.0,Call,-,-,-,-,1100,-,-,0,0,0,3,1090,1110,1570,835
TXO,202610,20261021.0,47600.0,Put,-,-,-,-,2310,-,-,0,0,0,0,-,2360,-,-
TXO,202610,20261021.0,47700.0,Call,1040,1040,1040,1040,1040,▼-440,▼-29.73%,1,1,2,9,1050,1070,2100,655
TXO,202610,20261021.0,47700.0,Put,-,-,-,-,2370,-,-,0,0,0,0,2350,2420,-,-
TXO,202610,20261021.0,47800.0,Call,1040,1040,1040,1040,1040,▼-390,▼-27.27%,0,1,1,1,915,-,1740,635
TXO,202610,20261021.0,47800.0,Put,-,-,-,-,2430,-,-,0,0,0,0,-,2490,-,-
TXO,202610,20261021.0,47900.0,Call,990,990,990,990,990,▼-390,▼-28.26%,2,1,3,6,875,-,1380,800
TXO,202610,20261021.0,47900.0,Put,-,-,-,-,2500,-,-,0,0,0,0,-,2550,-,-
TXO,202610,20261021.0,48000.0,Call,1090,1090,925,925,925,▼-415,▼-30.97%,204,8,212,77,900,-,1780,580
TXO,202610,20261021.0,48000.0,Put,-,-,-,-,2560,-,-,0,0,0,4,2530,2610,4790,2910
TXO,202610,20261021.0,48100.0,Call,915,915,915,915,915,▼-375,▼-29.07%,0,1,1,7,900,925,1630,705
TXO,202610,20261021.0,48100.0,Put,-,-,-,-,2630,-,-,0,0,0,0,-,2670,-,-
TXO,202610,20261021.0,48200.0,Call,905,925,895,925,875,▼-315,▼-25.40%,0,13,13,16,865,890,1550,680
TXO,202610,20261021.0,48200.0,Put,-,-,-,-,2690,-,-,0,0,0,0,-,-,-,-
TXO,202610,20261021.0,48300.0,Call,-,-,-,-,840,-,-,1,0,1,1,-,920,1060,720
TXO,202610,20261021.0,48300.0,Put,-,-,-,-,2760,-,-,0,0,0,0,-,-,-,-
TXO,202610,20261021.0,48400.0,Call,805,805,805,805,805,▼-345,▼-30.00%,0,1,1,2,700,910,1220,700
TXO,202610,20261021.0,48400.0,Put,-,-,-,-,2820,-,-,0,0,0,0,-,-,-,-
TXO,202610,20261021.0,48500.0,Call,810,810,805,805,770,▼-305,▼-27.48%,5,2,7,9,755,780,1510,610
TXO,202610,20261021.0,48500.0,Put,-,-,-,-,2880,-,-,0,0,0,0,2860,2930,-,-
TXO,202610,20261021.0,48600.0,Call,795,795,795,795,740,▼-275,▼-25.70%,0,1,1,4,730,755,885,600
TXO,202610,20261021.0,48600.0,Put,-,-,-,-,2950,-,-,0,0,0,0,2930,3000,-,-
TXO,202610,20261021.0,48700.0,Call,740,740,740,740,715,▼-280,▼-27.45%,4,12,16,4,695,720,935,540
TXO,202610,20261021.0,48700.0,Put,-,-,-,-,3030,-,-,0,0,0,0,-,3080,2420,2420
TXO,202610,20261021.0,48800.0,Call,-,-,-,-,685,-,-,1,0,1,58,575,820,1240,500
TXO,202610,20261021.0,48800.0,Put,-,-,-,-,3100,-,-,0,0,0,0,-,-,-,-
TXO,202610,20261021.0,48900.0,Call,-,-,-,-,655,-,-,1,0,1,9,645,660,805,387
TXO,202610,20261021.0,48900.0,Put,-,-,-,-,3170,-,-,0,0,0,0,-,3220,-,-
TXO,202610,20261021.0,49000.0,Call,705,720,625,630,630,▼-260,▼-29.21%,9,12,21,45,620,640,1300,412
TXO,202610,20261021.0,49000.0,Put,-,-,-,-,3240,-,-,0,0,0,4,-,3290,5700,3520
TXO,202610,20261021.0,49100.0,Call,-,-,-,-,595,-,-,0,0,0,1,590,605,458,458
TXO,202610,20261021.0,49100.0,Put,-,-,-,-,3310,-,-,0,0,0,0,-,-,-,-
TXO,202610,20261021.0,49200.0,Call,575,590,555,570,570,▼-265,▼-31.74%,0,6,6,5,565,580,1390,346
TXO,202610,20261021.0,49200.0,Put,-,-,-,-,3380,-,-,0,0,0,0,-,3440,-,-
TXO,202610,20261021.0,49300.0,Call,570,585,550,550,550,▼-250,▼-31.25%,3,4,7,8,460,-,1010,500
TXO,202610,20261021.0,49300.0,Put,-,-,-,-,3460,-,-,0,0,0,0,-,-,-,-
TXO,202610,20261021.0,49400.0,Call,540,540,540,540,540,▼-225,▼-29.41%,0,1,1,9,432,-,990,389
TXO,202610,20261021.0,49400.0,Put,-,-,-,-,3540,-,-,0,0,0,0,-,3590,-,-
TXO,202610,20261021.0,49500.0,Call,565,565,505,505,505,▼-225,▼-30.82%,2,7,9,45,412,575,1410,380
TXO,202610,20261021.0,49500.0,Put,-,-,-,-,3620,-,-,0,0,0,0,-,-,-,-
TXO,202610,20261021.0,49600.0,Call,-,-,-,-,478,-,-,1,0,1,13,471,486,600,283
TXO,202610,20261021.0,49600.0,Put,-,-,-,-,3690,-,-,0,0,0,0,-,3740,-,-
TXO,202610,20261021.0,49700.0,Call,464,464,464,464,464,▼-206,▼-30.75%,0,1,1,1,359,540,940,267
TXO,202610,20261021.0,49700.0,Put,-,-,-,-,3770,-,-,0,0,0,0,-,-,-,-
TXO,202610,20261021.0,49800.0,Call,-,-,-,-,437,-,-,1,0,1,2,430,444,575,265
TXO,202610,20261021.0,49800.0,Put,-,-,-,-,3850,-,-,0,0,0,0,-,-,-,-
TXO,202610,20261021.0,49900.0,Call,440,440,420,420,420,▼-190,▼-31.15%,4,2,6,9,308,510,850,265
TXO,202610,20261021.0,49900.0,Put,-,-,-,-,3930,-,-,0,0,0,0,-,-,-,-
TXO,202610,20261021.0,50000.0,Call,450,450,386,386,386,▼-199,▼-34.02%,46,30,76,143,380,500,1180,233
TXO,202610,20261021.0,50000.0,Put,-,-,-,-,4010,-,-,0,0,0,0,-,4060,-,-
TXO,202610,20261021.0,50100.0,Call,-,-,-,-,380,-,-,1,0,1,8,-,-,840,258
TXO,202610,20261021.0,50100.0,Put,-,-,-,-,4090,-,-,0,0,0,0,-,4140,-,-
TXO,202610,20261021.0,50200.0,Call,-,-,-,-,362,-,-,4,0,4,8,264,525,740,272
TXO,202610,20261021.0,50200.0,Put,-,-,-,-,4170,-,-,0,0,0,0,-,4220,-,-
TXO,202610,20261021.0,50300.0,Call,-,-,-,-,344,-,-,3,0,3,11,338,350,750,260
TXO,202610,20261021.0,50300.0,Put,-,-,-,-,4250,-,-,0,0,0,0,-,4300,-,-
TXO,202610,20261021.0,50400.0,Call,-,-,-,-,328,-,-,0,0,0,7,219,460,413,254
TXO,202610,20261021.0,50400.0,Put,-,-,-,-,4340,-,-,0,0,0,0,-,4390,-,-
TXO,202610,20261021.0,50500.0,Call,296,296,296,296,313,▼-164,▼-35.65%,6,1,7,33,304,317,890,190
TXO,202610,20261021.0,50500.0,Put,-,-,-,-,4420,-,-,0,0,0,0,-,-,-,-
TXO,202610,20261021.0,50600.0,Call,302,302,302,302,302,▼-135,▼-30.89%,2,1,3,7,292,303,705,254
TXO,202610,20261021.0,50600.0,Put,-,-,-,-,4510,-,-,0,0,0,0,-,-,-,-
TXO,202610,20261021.0,50700.0,Call,300,300,292,292,292,▼-124,▼-29.81%,0,7,7,5,279,290,365,242
TXO,202610,20261021.0,50700.0,Put,-,-,-,-,4590,-,-,0,0,0,0,-,-,-,-
TXO,202610,20261021.0,50800.0,Call,271,271,271,271,271,▼-125,▼-31.57%,0,1,1,8,147,-,615,226
TXO,202610,20261021.0,50800.0,Put,-,-,-,-,4680,-,-,0,0,0,0,-,4730,-,-
TXO,202610,20261021.0,50900.0,Call,-,-,-,-,257,-,-,0,0,0,7,99,400,795,187
TXO,202610,20261021.0,50900.0,Put,-,-,-,-,4760,-,-,0,0,0,0,-,-,-,-
TXO,202610,20261021.0,51000.0,Call,261,261,250,256,256,▼-103,▼-28.69%,73,12,85,87,236,247,800,155
TXO,202610,20261021.0,51000.0,Put,-,-,-,-,4850,-,-,0,0,0,0,-,-,-,-
TXO,202610,20261021.0,51100.0,Call,-,-,-,-,234,-,-,1,0,1,5,123,5020,810,174
TXO,202610,20261021.0,51100.0,Put,-,-,-,-,4940,-,-,0,0,0,0,-,-,-,-
TXO,202610,20261021.0,51200.0,Call,233,233,233,233,233,▼-89,▼-27.64%,0,1,1,5,216,225,650,151
TXO,202610,20261021.0,51200.0,Put,-,-,-,-,5030,-,-,0,0,0,0,-,5080,-,-
TXO,202610,20261021.0,51300.0,Call,-,-,-,-,212,-,-,0,0,0,3,202,212,267,206
TXO,202610,20261021.0,51300.0,Put,-,-,-,-,5120,-,-,0,0,0,0,-,5170,-,-
TXO,202610,20261021.0,51400.0,Call,-,-,-,-,202,-,-,6,0,6,16,195,204,515,130
TXO,202610,20261021.0,51400.0,Put,-,-,-,-,5210,-,-,0,0,0,0,-,-,-,-
TXO,202610,20261021.0,51500.0,Call,-,-,-,-,193,-,-,2,0,2,33,184,193,630,126
TXO,202610,20261021.0,51500.0,Put,-,-,-,-,5300,-,-,0,0,0,0,-,5350,-,-
TXO,202610,20261021.0,51600.0,Call,213,213,192,192,192,▼-69,▼-26.44%,0,2,2,6,176,185,520,124
TXO,202610,20261021.0,51600.0,Put,-,-,-,-,5390,-,-,0,0,0,0,-,-,-,-
TXO,202610,20261021.0,51700.0,Call,-,-,-,-,173,-,-,0,0,0,3,164,173,610,277
TXO,202610,20261021.0,51700.0,Put,-,-,-,-,5480,-,-,0,0,0,0,-,-,-,-
TXO,202610,20261021.0,51800.0,Call,170,170,170,170,170,▼-65,▼-27.66%,0,1,1,6,158,165,445,103
TXO,202610,20261021.0,51800.0,Put,-,-,-,-,5570,-,-,0,0,0,0,-,5620,-,-
TXO,202610,20261021.0,51900.0,Call,-,-,-,-,157,-,-,0,0,0,3,149,157,1080,107
TXO,202610,20261021.0,51900.0,Put,-,-,-,-,5660,-,-,0,0,0,0,-,5720,-,-
TXO,202610,20261021.0,52000.0,Call,165,165,145,145,145,▼-59,▼-28.92%,3,11,14,122,142,149,1020,90
TXO,202610,20261021.0,52000.0,Put,-,-,-,-,5750,-,-,0,0,0,0,-,5810,-,-
TXO,202610,20261021.0,52100.0,Call,-,-,-,-,143,-,-,0,0,0,4,59,-,495,99
TXO,202610,20261021.0,52100.0,Put,-,-,-,-,5850,-,-,0,0,0,0,-,-,-,-
TXO,202610,20261021.0,52200.0,Call,-,-,-,-,135,-,-,0,0,0,9,50,-,412,95
TXO,202610,20261021.0,52200.0,Put,-,-,-,-,5940,-,-,0,0,0,0,-,5990,-,-
TXO,202610,20261021.0,52300.0,Call,-,-,-,-,129,-,-,0,0,0,0,-,-,1000,85
TXO,202610,20261021.0,52300.0,Put,-,-,-,-,6030,-,-,0,0,0,0,-,-,-,-
TXO,202610,20261021.0,52400.0,Call,-,-,-,-,122,-,-,7,0,7,11,115,122,865,80
TXO,202610,20261021.0,52400.0,Put,-,-,-,-,6130,-,-,0,0,0,0,-,6180,-,-
TXO,202610,20261021.0,52500.0,Call,123,123,113,113,113,▼-44,▼-28.03%,7,3,10,45,109,123,940,62
TXO,202610,20261021.0,52500.0,Put,-,-,-,-,6220,-,-,0,0,0,0,-,-,-,-
TXO,202610,20261021.0,52600.0,Call,-,-,-,-,107,-,-,0,0,0,4,101,-,149,140
TXO,202610,20261021.0,52600.0,Put,-,-,-,-,6310,-,-,0,0,0,0,-,6380,-,-
TXO,202610,20261021.0,52700.0,Call,-,-,-,-,101,-,-,0,0,0,4,98,104,310,76
TXO,202610,20261021.0,52700.0,Put,-,-,-,-,6400,-,-,0,0,0,0,-,-,-,-
TXO,202610,20261021.0,52800.0,Call,-,-,-,-,95,-,-,1,0,1,1,92,98,275,64
TXO,202610,20261021.0,52800.0,Put,-,-,-,-,6500,-,-,0,0,0,0,-,6560,-,-
TXO,202610,20261021.0,52900.0,Call,-,-,-,-,90,-,-,0,0,0,2,2.9,186,139,58
TXO,202610,20261021.0,52900.0,Put,-,-,-,-,6590,-,-,0,0,0,0,-,-,-,-
TXO,202610,20261021.0,53000.0,Call,96,98,85,85,85,▼-40,▼-32.00%,15,27,42,93,83,89,379,46
TXO,202610,20261021.0,53000.0,Put,-,-,-,-,6690,-,-,0,0,0,0,-,6760,-,-
TXO,202610,20261021.0,53100.0,Call,91,93,83,83,83,▼-31,▼-27.19%,0,15,15,10,-,-,100,50
TXO,202610,20261021.0,53100.0,Put,-,-,-,-,6780,-,-,0,0,0,0,-,-,-,-
TXO,202610,20261021.0,53200.0,Call,87,87,86,86,77,▼-17,▼-16.50%,0,2,2,11,5,168,103,67
TXO,202610,20261021.0,53200.0,Put,-,-,-,-,6880,-,-,0,0,0,0,-,6940,-,-
TXO,202610,20261021.0,53300.0,Call,82,82,73,73,73,▼-30,▼-29.13%,15,7,22,52,65,200,106,47
TXO,202610,20261021.0,53300.0,Put,-,-,-,-,6980,-,-,0,0,0,0,-,7050,-,-
TXO,202610,20261021.0,53400.0,Call,-,-,-,-,70,-,-,0,0,0,0,68,73,-,-
TXO,202610,20261021.0,53400.0,Put,-,-,-,-,7070,-,-,0,0,0,0,-,7130,-,-
TXO,202610,20261021.0,53500.0,Call,-,-,-,-,67,-,-,0,0,0,0,64,69,-,-
TXO,202610,20261021.0,53500.0,Put,-,-,-,-,7170,-,-,0,0,0,0,-,7230,-,-
TXO,202610,20261021.0,53600.0,Call,-,-,-,-,63,-,-,0,0,0,0,61,66,-,-
TXO,202610,20261021.0,53600.0,Put,-,-,-,-,7260,-,-,0,0,0,0,-,7340,-,-
TXO,202610,20261021.0,53700.0,Call,63,63,63,63,63,▼-10,▼-13.70%,0,1,1,1,58,63,63,63
TXO,202610,20261021.0,53700.0,Put,-,-,-,-,7360,-,-,0,0,0,0,-,-,-,-
TXO,202610,20261021.0,53800.0,Call,58,58,58,58,58,▼-10,▼-14.71%,0,1,1,1,55,60,58,58
TXO,202610,20261021.0,53800.0,Put,-,-,-,-,7460,-,-,0,0,0,0,-,-,-,-
TXO,202610,20261021.0,53900.0,Call,59,59,57,59,54,▼-4,▼-6.35%,0,9,9,9,52,57,59,57
TXO,202610,20261021.0,53900.0,Put,-,-,-,-,7550,-,-,0,0,0,0,-,7620,-,-
TXO,202610,20261021.0,54000.0,Call,56,57,51,57,51,▼-2,▼-3.39%,0,36,36,31,0.1,55,57,51
TXO,202610,20261021.0,54000.0,Put,-,-,-,-,7650,-,-,0,0,0,0,-,7730,-,-
TXO,202611,20261118.0,38000.0,Call,-,-,-,-,8750,-,-,0,0,0,0,8680,-,-,-
TXO,202611,20261118.0,38000.0,Put,185,190,185,190,190,▲+36,▲+23.38%,6,2,8,33,187,198,595,143
TXO,202611,20261118.0,38100.0,Call,-,-,-,-,8650,-,-,0,0,0,0,8600,-,-,-
TXO,202611,20261118.0,38100.0,Put,192,192,192,192,200,▲+32,▲+20.00%,0,1,1,3,193,204,525,192
TXO,202611,20261118.0,38200.0,Call,-,-,-,-,8560,-,-,0,0,0,0,8500,-,-,-
TXO,202611,20261118.0,38200.0,Put,-,-,-,-,208,-,-,0,0,0,1,75,-,273,273
TXO,202611,20261118.0,38300.0,Call,-,-,-,-,8470,-,-,0,0,0,0,8400,-,-,-
TXO,202611,20261118.0,38300.0,Put,203,203,203,203,214,▲+34,▲+20.12%,0,1,1,3,208,220,555,203
TXO,202611,20261118.0,38400.0,Call,-,-,-,-,8380,-,-,0,0,0,0,8320,-,-,-
TXO,202611,20261118.0,38400.0,Put,-,-,-,-,221,-,-,0,0,0,2,82,-,299,292
TXO,202611,20261118.0,38500.0,Call,-,-,-,-,8280,-,-,0,0,0,0,-,-,-,-
TXO,202611,20261118.0,38500.0,Put,217,217,217,217,228,▲+38,▲+21.23%,0,1,1,10,100,398,585,171
TXO,202611,20261118.0,38600.0,Call,-,-,-,-,8190,-,-,0,0,0,0,8120,-,-,-
TXO,202611,20261118.0,38600.0,Put,-,-,-,-,235,-,-,0,0,0,1,-,-,317,317
TXO,202611,20261118.0,38700.0,Call,-,-,-,-,8100,-,-,0,0,0,0,-,-,-,-
TXO,202611,20261118.0,38700.0,Put,230,230,230,230,242,▲+40,▲+21.05%,0,1,1,2,103,328,370,230
TXO,202611,20261118.0,38800.0,Call,-,-,-,-,8010,-,-,0,0,0,0,-,8050,-,-
TXO,202611,20261118.0,38800.0,Put,-,-,-,-,250,-,-,0,0,0,0,109,-,-,-
TXO,202611,20261118.0,38900.0,Call,-,-,-,-,7910,-,-,0,0,0,0,-,-,-,-
TXO,202611,20261118.0,38900.0,Put,245,245,245,245,258,▲+44,▲+21.89%,0,1,1,2,251,264,335,191
TXO,202611,20261118.0,39000.0,Call,-,-,-,-,7820,-,-,0,0,0,0,7760,-,-,-
TXO,202611,20261118.0,39000.0,Put,250,250,250,250,266,▲+43,▲+20.77%,0,1,1,11,259,272,402,200
TXO,202611,20261118.0,39100.0,Call,-,-,-,-,7730,-,-,0,0,0,0,7660,-,-,-
TXO,202611,20261118.0,39100.0,Put,-,-,-,-,274,-,-,0,0,0,0,-,-,-,-
TXO,202611,20261118.0,39200.0,Call,-,-,-,-,7640,-,-,0,0,0,0,-,-,-,-
TXO,202611,20261118.0,39200.0,Put,-,-,-,-,283,-,-,0,0,0,1,276,289,206,206
TXO,202611,20261118.0,39300.0,Call,-,-,-,-,7550,-,-,0,0,0,0,-,-,-,-
TXO,202611,20261118.0,39300.0,Put,-,-,-,-,292,-,-,0,0,0,5,285,298,650,610
TXO,202611,20261118.0,39400.0,Call,-,-,-,-,7460,-,-,0,0,0,0,-,7500,-,-
TXO,202611,20261118.0,39400.0,Put,-,-,-,-,301,-,-,0,0,0,0,152,-,-,-
TXO,202611,20261118.0,39500.0,Call,-,-,-,-,7370,-,-,0,0,0,0,-,-,-,-
TXO,202611,20261118.0,39500.0,Put,284,284,284,284,311,▲+48,▲+20.34%,2,5,7,21,-,-,555,234
TXO,202611,20261118.0,39600.0,Call,-,-,-,-,7280,-,-,0,0,0,0,7210,-,-,-
TXO,202611,20261118.0,39600.0,Put,-,-,-,-,321,-,-,0,0,0,1,162,397,469,469
TXO,202611,20261118.0,39700.0,Call,-,-,-,-,7190,-,-,0,0,0,0,7120,-,-,-
TXO,202611,20261118.0,39700.0,Put,-,-,-,-,329,-,-,0,0,0,1,321,336,420,413
TXO,202611,20261118.0,39800.0,Call,-,-,-,-,7100,-,-,0,0,0,0,7030,-,-,-
TXO,202611,20261118.0,39800.0,Put,-,-,-,-,340,-,-,0,0,0,1,186,-,262,262
TXO,202611,20261118.0,39900.0,Call,-,-,-,-,7010,-,-,0,0,0,0,6940,-,-,-
TXO,202611,20261118.0,39900.0,Put,-,-,-,-,352,-,-,0,0,0,0,344,359,-,-
TXO,202611,20261118.0,40000.0,Call,-,-,-,-,6920,-,-,0,0,0,0,6860,-,-,-
TXO,202611,20261118.0,40000.0,Put,310,355,310,355,355,▲+74,▲+26.33%,3,15,18,20,356,371,785,269
TXO,202611,20261118.0,40100.0,Call,-,-,-,-,6830,-,-,0,0,0,0,-,-,-,-
TXO,202611,20261118.0,40100.0,Put,-,-,-,-,373,-,-,0,0,0,0,365,380,-,-
TXO,202611,20261118.0,40200.0,Call,-,-,-,-,6750,-,-,0,0,0,0,6680,-,-,-
TXO,202611,20261118.0,40200.0,Put,-,-,-,-,384,-,-,0,0,0,0,376,392,-,-
TXO,202611,20261118.0,40300.0,Call,-,-,-,-,6660,-,-,0,0,0,0,6590,6700,-,-
TXO,202611,20261118.0,40300.0,Put,-,-,-,-,396,-,-,0,0,0,0,388,404,-,-
TXO,202611,20261118.0,40400.0,Call,-,-,-,-,6570,-,-,0,0,0,0,6500,-,-,-
TXO,202611,20261118.0,40400.0,Put,-,-,-,-,411,-,-,0,0,0,0,403,419,-,-
TXO,202611,20261118.0,40500.0,Call,-,-,-,-,6490,-,-,0,0,0,0,6430,-,-,-
TXO,202611,20261118.0,40500.0,Put,417,417,417,417,417,▲+89,▲+27.13%,0,1,1,3,-,-,417,310
TXO,202611,20261118.0,40600.0,Call,-,-,-,-,6400,-,-,0,0,0,0,-,-,-,-
TXO,202611,20261118.0,40600.0,Put,-,-,-,-,438,-,-,0,0,0,0,-,-,-,-
TXO,202611,20261118.0,40700.0,Call,-,-,-,-,6310,-,-,0,0,0,0,6240,-,-,-
TXO,202611,20261118.0,40700.0,Put,-,-,-,-,449,-,-,0,0,0,4,440,457,930,710
TXO,202611,20261118.0,40800.0,Call,-,-,-,-,6230,-,-,0,0,0,0,6160,-,-,-
TXO,202611,20261118.0,40800.0,Put,-,-,-,-,465,-,-,0,0,0,1,456,473,610,610
TXO,202611,20261118.0,40900.0,Call,-,-,-,-,6140,-,-,0,0,0,0,-,-,-,-
TXO,202611,20261118.0,40900.0,Put,-,-,-,-,479,-,-,0,0,0,0,470,488,-,-
TXO,202611,20261118.0,41000.0,Call,-,-,-,-,6060,-,-,0,0,0,0,-,-,-,-
TXO,202611,20261118.0,41000.0,Put,-,-,-,-,495,-,-,4,0,4,4,484,505,990,375
TXO,202611,20261118.0,41100.0,Call,-,-,-,-,5970,-,-,0,0,0,0,-,-,-,-
TXO,202611,20261118.0,41100.0,Put,-,-,-,-,510,-,-,1,0,1,1,-,-,425,425
TXO,202611,20261118.0,41200.0,Call,-,-,-,-,5890,-,-,0,0,0,0,-,-,-,-
TXO,202611,20261118.0,41200.0,Put,-,-,-,-,525,-,-,0,0,0,0,505,530,-,-
TXO,202611,20261118.0,41300.0,Call,-,-,-,-,5810,-,-,0,0,0,0,5750,-,-,-
TXO,202611,20261118.0,41300.0,Put,-,-,-,-,540,-,-,0,0,0,0,434,-,-,-
TXO,202611,20261118.0,41400.0,Call,-,-,-,-,5720,-,-,0,0,0,0,5650,-,-,-
TXO,202611,20261118.0,41400.0,Put,-,-,-,-,560,-,-,0,0,0,0,449,-,-,-
TXO,202611,20261118.0,41500.0,Call,-,-,-,-,5630,-,-,0,0,0,0,5570,-,-,-
TXO,202611,20261118.0,41500.0,Put,-,-,-,-,570,-,-,0,0,0,0,555,580,1040,650
TXO,202611,20261118.0,41600.0,Call,-,-,-,-,5550,-,-,0,0,0,0,-,-,-,-
TXO,202611,20261118.0,41600.0,Put,-,-,-,-,585,-,-,0,0,0,0,570,595,-,-
TXO,202611,20261118.0,41700.0,Call,-,-,-,-,5470,-,-,0,0,0,0,5400,-,-,-
TXO,202611,20261118.0,41700.0,Put,-,-,-,-,605,-,-,0,0,0,0,590,615,-,-
TXO,202611,20261118.0,41800.0,Call,-,-,-,-,5400,-,-,0,0,0,0,-,-,-,-
TXO,202611,20261118.0,41800.0,Put,-,-,-,-,630,-,-,0,0,0,0,510,-,-,-
TXO,202611,20261118.0,41900.0,Call,-,-,-,-,5310,-,-,0,0,0,0,5240,-,-,-
TXO,202611,20261118.0,41900.0,Put,560,560,560,560,640,▲+60,▲+12.00%,0,1,1,1,625,650,560,560
TXO,202611,20261118.0,42000.0,Call,-,-,-,-,5230,-,-,0,0,0,0,5160,5270,-,-
TXO,202611,20261118.0,42000.0,Put,580,650,580,650,650,▲+135,▲+26.21%,0,2,2,7,645,670,695,580
TXO,202611,20261118.0,42100.0,Call,-,-,-,-,5150,-,-,0,0,0,0,5080,-,-,-
TXO,202611,20261118.0,42100.0,Put,-,-,-,-,685,-,-,0,0,0,0,545,-,-,-
TXO,202611,20261118.0,42200.0,Call,-,-,-,-,5070,-,-,0,0,0,0,5000,-,-,-
TXO,202611,20261118.0,42200.0,Put,-,-,-,-,705,-,-,0,0,0,0,555,-,-,-
TXO,202611,20261118.0,42300.0,Call,-,-,-,-,4990,-,-,0,0,0,0,4920,5030,-,-
TXO,202611,20261118.0,42300.0,Put,-,-,-,-,725,-,-,0,0,0,0,575,-,-,-
TXO,202611,20261118.0,42400.0,Call,-,-,-,-,4910,-,-,0,0,0,0,-,4950,-,-
TXO,202611,20261118.0,42400.0,Put,-,-,-,-,745,-,-,0,0,0,0,730,755,-,-
TXO,202611,20261118.0,42500.0,Call,-,-,-,-,4840,-,-,0,0,0,0,4760,4870,-,-
TXO,202611,20261118.0,42500.0,Put,-,-,-,-,765,-,-,0,0,0,0,-,-,-,-
TXO,202611,20261118.0,42600.0,Call,-,-,-,-,4760,-,-,0,0,0,0,4700,-,-,-
TXO,202611,20261118.0,42600.0,Put,-,-,-,-,790,-,-,0,0,0,0,650,-,605,605
TXO,202611,20261118.0,42700.0,Call,-,-,-,-,4680,-,-,0,0,0,0,4610,-,-,-
TXO,202611,20261118.0,42700.0,Put,-,-,-,-,810,-,-,0,0,0,0,670,-,1620,915
TXO,202611,20261118.0,42800.0,Call,-,-,-,-,4600,-,-,0,0,0,0,4530,4640,-,-
TXO,202611,20261118.0,42800.0,Put,-,-,-,-,830,-,-,0,0,0,0,-,-,-,-
TXO,202611,20261118.0,42900.0,Call,-,-,-,-,4530,-,-,0,0,0,0,4450,4560,-,-
TXO,202611,20261118.0,42900.0,Put,-,-,-,-,855,-,-,0,0,0,0,-,-,-,-
TXO,202611,20261118.0,43000.0,Call,-,-,-,-,4450,-,-,0,0,0,0,4380,4480,-,-
TXO,202611,20261118.0,43000.0,Put,-,-,-,-,880,-,-,0,0,0,1,865,895,730,730
TXO,202611,20261118.0,43100.0,Call,-,-,-,-,4380,-,-,0,0,0,0,-,4410,-,-
TXO,202611,20261118.0,43100.0,Put,-,-,-,-,905,-,-,0,0,0,0,890,915,-,-
TXO,202611,20261118.0,43200.0,Call,-,-,-,-,4300,-,-,0,0,0,0,4230,4330,-,-
TXO,202611,20261118.0,43200.0,Put,-,-,-,-,930,-,-,0,0,0,0,915,940,-,-
TXO,202611,20261118.0,43300.0,Call,-,-,-,-,4230,-,-,0,0,0,0,4150,4260,-,-
TXO,202611,20261118.0,43300.0,Put,-,-,-,-,955,-,-,0,0,0,0,-,-,-,-
TXO,202611,20261118.0,43400.0,Call,-,-,-,-,4150,-,-,0,0,0,0,4080,-,-,-
TXO,202611,20261118.0,43400.0,Put,-,-,-,-,975,-,-,0,0,0,0,960,990,-,-
TXO,202611,20261118.0,43500.0,Call,-,-,-,-,4080,-,-,0,0,0,0,-,-,-,-
TXO,202611,20261118.0,43500.0,Put,-,-,-,-,1010,-,-,0,0,0,2,-,1080,1070,1070
TXO,202611,20261118.0,43600.0,Call,-,-,-,-,4000,-,-,0,0,0,0,3930,4040,-,-
TXO,202611,20261118.0,43600.0,Put,-,-,-,-,1030,-,-,0,0,0,1,-,-,1070,1070
TXO,202611,20261118.0,43700.0,Call,-,-,-,-,3930,-,-,0,0,0,0,3860,-,-,-
TXO,202611,20261118.0,43700.0,Put,-,-,-,-,1060,-,-,0,0,0,0,1040,1070,-,-
TXO,202611,20261118.0,43800.0,Call,-,-,-,-,3860,-,-,0,0,0,0,3790,-,-,-
TXO,202611,20261118.0,43800.0,Put,-,-,-,-,1090,-,-,1,0,1,1,1070,1100,920,920
TXO,202611,20261118.0,43900.0,Call,-,-,-,-,3790,-,-,0,0,0,0,-,-,-,-
TXO,202611,20261118.0,43900.0,Put,-,-,-,-,1120,-,-,0,0,0,1,-,-,1930,1150
TXO,202611,20261118.0,44000.0,Call,-,-,-,-,3720,-,-,0,0,0,0,3660,3750,-,-
TXO,202611,20261118.0,44000.0,Put,-,-,-,-,1150,-,-,0,0,0,2,1130,1160,2100,910
TXO,202611,20261118.0,44100.0,Call,-,-,-,-,3650,-,-,0,0,0,0,-,-,-,-
TXO,202611,20261118.0,44100.0,Put,-,-,-,-,1180,-,-,0,0,0,0,-,-,-,-
TXO,202611,20261118.0,44200.0,Call,-,-,-,-,3580,-,-,0,0,0,0,-,-,-,-
TXO,202611,20261118.0,44200.0,Put,-,-,-,-,1210,-,-,0,0,0,0,-,-,-,-
TXO,202611,20261118.0,44300.0,Call,-,-,-,-,3510,-,-,0,0,0,0,3480,3540,-,-
TXO,202611,20261118.0,44300.0,Put,-,-,-,-,1240,-,-,1,0,1,0,1220,1250,1870,970
TXO,202611,20261118.0,44400.0,Call,-,-,-,-,3450,-,-,0,0,0,0,-,-,-,-
TXO,202611,20261118.0,44400.0,Put,-,-,-,-,1270,-,-,0,0,0,0,-,-,-,-
TXO,202611,20261118.0,44500.0,Call,-,-,-,-,3380,-,-,0,0,0,0,-,-,-,-
TXO,202611,20261118.0,44500.0,Put,-,-,-,-,1310,-,-,0,0,0,0,-,-,-,-
TXO,202611,20261118.0,44600.0,Call,-,-,-,-,3310,-,-,0,0,0,0,3280,3340,-,-
TXO,202611,20261118.0,44600.0,Put,-,-,-,-,1340,-,-,0,0,0,0,-,-,-,-
TXO,202611,20261118.0,44700.0,Call,-,-,-,-,3250,-,-,0,0,0,0,-,-,-,-
TXO,202611,20261118.0,44700.0,Put,-,-,-,-,1370,-,-,0,0,0,1,-,-,2040,2040
TXO,202611,20261118.0,44800.0,Call,-,-,-,-,3180,-,-,0,0,0,0,-,-,-,-
TXO,202611,20261118.0,44800.0,Put,-,-,-,-,1410,-,-,0,0,0,0,1390,1420,-,-
TXO,202611,20261118.0,44900.0,Call,-,-,-,-,3120,-,-,0,0,0,0,-,-,-,-
TXO,202611,20261118.0,44900.0,Put,-,-,-,-,1440,-,-,0,0,0,0,-,-,-,-
TXO,202611,20261118.0,45000.0,Call,-,-,-,-,3060,-,-,0,0,0,0,-,-,-,-
TXO,202611,20261118.0,45000.0,Put,1340,1470,1340,1470,1470,▲+280,▲+23.53%,1,3,4,1,1380,-,2580,1190
TXO,202611,20261118.0,45100.0,Call,-,-,-,-,3000,-,-,0,0,0,0,2950,3000,-,-
TXO,202611,20261118.0,45100.0,Put,-,-,-,-,1520,-,-,0,0,0,0,1500,1530,-,-
TXO,202611,20261118.0,45200.0,Call,-,-,-,-,2930,-,-,0,0,0,0,-,-,-,-
TXO,202611,20261118.0,45200.0,Put,-,-,-,-,1550,-,-,0,0,0,0,1530,1560,-,-
TXO,202611,20261118.0,45300.0,Call,-,-,-,-,2870,-,-,0,0,0,0,2840,2890,-,-
TXO,202611,20261118.0,45300.0,Put,-,-,-,-,1590,-,-,0,0,0,0,1570,1600,-,-
TXO,202611,20261118.0,45400.0,Call,-,-,-,-,2810,-,-,0,0,0,0,2780,2830,-,-
TXO,202611,20261118.0,45400.0,Put,-,-,-,-,1630,-,-,0,0,0,4,1610,1640,2790,2740
TXO,202611,20261118.0,45500.0,Call,-,-,-,-,2750,-,-,0,0,0,1,-,2820,3240,3240
TXO,202611,20261118.0,45500.0,Put,1510,1510,1510,1510,1670,▲+170,▲+12.69%,0,1,1,5,1460,-,2800,1340
TXO,202611,20261118.0,45600.0,Call,-,-,-,-,2690,-,-,0,0,0,0,-,-,-,-
TXO,202611,20261118.0,45600.0,Put,-,-,-,-,1710,-,-,0,0,0,0,3.8,-,1360,1360
TXO,202611,20261118.0,45700.0,Call,-,-,-,-,2630,-,-,0,0,0,0,-,-,-,-
TXO,202611,20261118.0,45700.0,Put,-,-,-,-,1750,-,-,0,0,0,0,1730,1770,-,-
TXO,202611,20261118.0,45800.0,Call,-,-,-,-,2580,-,-,0,0,0,0,-,-,-,-
TXO,202611,20261118.0,45800.0,Put,-,-,-,-,1790,-,-,0,0,0,0,1760,1810,1430,1430
TXO,202611,20261118.0,45900.0,Call,-,-,-,-,2520,-,-,0,0,0,0,-,-,-,-
TXO,202611,20261118.0,45900.0,Put,-,-,-,-,1840,-,-,0,0,0,0,1810,1860,-,-
TXO,202611,20261118.0,46000.0,Call,2680,2680,2680,2680,2460,▼-340,▼-11.26%,0,1,1,1,-,-,2680,2680
TXO,202611,20261118.0,46000.0,Put,-,-,-,-,1880,-,-,0,0,0,4,3.8,1960,2800,1890
TXO,202611,20261118.0,46100.0,Call,-,-,-,-,2400,-,-,0,0,0,1,2370,2420,2540,2540
TXO,202611,20261118.0,46100.0,Put,-,-,-,-,1920,-,-,0,0,0,0,1900,1940,-,-
TXO,202611,20261118.0,46200.0,Call,-,-,-,-,2350,-,-,0,0,0,1,-,2420,2680,2680
TXO,202611,20261118.0,46200.0,Put,-,-,-,-,1970,-,-,0,0,0,0,3.8,-,-,-
TXO,202611,20261118.0,46300.0,Call,-,-,-,-,2300,-,-,0,0,0,0,2260,2310,-,-
TXO,202611,20261118.0,46300.0,Put,-,-,-,-,2020,-,-,0,0,0,0,3.8,-,-,-
TXO,202611,20261118.0,46400.0,Call,-,-,-,-,2240,-,-,0,0,0,0,2200,2250,-,-
TXO,202611,20261118.0,46400.0,Put,-,-,-,-,2060,-,-,0,0,0,0,2030,2080,-,-
TXO,202611,20261118.0,46500.0,Call,-,-,-,-,2190,-,-,0,0,0,1,-,-,2150,1960
TXO,202611,20261118.0,46500.0,Put,-,-,-,-,2110,-,-,0,0,0,0,2080,2130,-,-
TXO,202611,20261118.0,46600.0,Call,-,-,-,-,2120,-,-,0,0,0,1,-,-,2230,2230
TXO,202611,20261118.0,46600.0,Put,-,-,-,-,2140,-,-,0,0,0,0,2130,2180,-,-
TXO,202611,20261118.0,46700.0,Call,-,-,-,-,2060,-,-,0,0,0,0,-,-,-,-
TXO,202611,20261118.0,46700.0,Put,-,-,-,-,2180,-,-,0,0,0,0,2160,2210,-,-
TXO,202611,20261118.0,46800.0,Call,-,-,-,-,2010,-,-,0,0,0,1,-,-,2190,1620
TXO,202611,20261118.0,46800.0,Put,-,-,-,-,2230,-,-,0,0,0,4,2230,2280,1840,1840
TXO,202611,20261118.0,46900.0,Call,-,-,-,-,1960,-,-,0,0,0,0,-,-,-,-
TXO,202611,20261118.0,46900.0,Put,-,-,-,-,2280,-,-,0,0,0,1,3.8,-,1840,1840
TXO,202611,20261118.0,47000.0,Call,-,-,-,-,1920,-,-,0,0,0,1,1890,1940,2090,1620
TXO,202611,20261118.0,47000.0,Put,-,-,-,-,2330,-,-,1,0,1,5,3.8,-,3820,2040
TXO,202611,20261118.0,47100.0,Call,-,-,-,-,1870,-,-,0,0,0,0,1850,1900,-,-
TXO,202611,20261118.0,47100.0,Put,-,-,-,-,2390,-,-,0,0,0,0,2340,2440,-,-
TXO,202611,20261118.0,47200.0,Call,-,-,-,-,1820,-,-,0,0,0,0,-,-,-,-
TXO,202611,20261118.0,47200.0,Put,-,-,-,-,2430,-,-,0,0,0,0,-,2500,-,-
TXO,202611,20261118.0,47300.0,Call,-,-,-,-,1770,-,-,0,0,0,0,1750,1790,-,-
TXO,202611,20261118.0,47300.0,Put,-,-,-,-,2480,-,-,0,0,0,0,-,2540,-,-
TXO,202611,20261118.0,47400.0,Call,-,-,-,-,1730,-,-,0,0,0,0,1710,1750,-,-
TXO,202611,20261118.0,47400.0,Put,-,-,-,-,2540,-,-,0,0,0,0,-,-,-,-
TXO,202611,20261118.0,47500.0,Call,-,-,-,-,1680,-,-,0,0,0,11,-,1780,2020,1780
TXO,202611,20261118.0,47500.0,Put,-,-,-,-,2590,-,-,0,0,0,0,-,2650,-,-
TXO,202611,20261118.0,47600.0,Call,-,-,-,-,1640,-,-,0,0,0,0,1620,1650,-,-
TXO,202611,20261118.0,47600.0,Put,-,-,-,-,2650,-,-,0,0,0,0,-,2700,-,-
TXO,202611,20261118.0,47700.0,Call,-,-,-,-,1600,-,-,0,0,0,0,-,-,1950,1950
TXO,202611,20261118.0,47700.0,Put,-,-,-,-,2710,-,-,0,0,0,0,2670,-,-,-
TXO,202611,20261118.0,47800.0,Call,-,-,-,-,1560,-,-,0,0,0,0,-,-,-,-
TXO,202611,20261118.0,47800.0,Put,-,-,-,-,2770,-,-,0,0,0,0,-,-,-,-
TXO,202611,20261118.0,47900.0,Call,-,-,-,-,1500,-,-,0,0,0,5,-,1590,1600,1600
TXO,202611,20261118.0,47900.0,Put,-,-,-,-,2810,-,-,0,0,0,0,2790,-,-,-
TXO,202611,20261118.0,48000.0,Call,1530,1530,1460,1460,1460,▼-400,▼-21.51%,2,282,284,37,-,-,1950,1460
TXO,202611,20261118.0,48000.0,Put,-,-,-,-,2870,-,-,0,0,0,4,-,2980,4280,3040
TXO,202611,20261118.0,48100.0,Call,-,-,-,-,1420,-,-,0,0,0,0,1410,1440,-,-
TXO,202611,20261118.0,48100.0,Put,-,-,-,-,2930,-,-,0,0,0,0,-,2990,-,-
TXO,202611,20261118.0,48200.0,Call,-,-,-,-,1380,-,-,0,0,0,0,1370,1400,-,-
TXO,202611,20261118.0,48200.0,Put,-,-,-,-,2990,-,-,0,0,0,0,2960,3050,-,-
TXO,202611,20261118.0,48300.0,Call,-,-,-,-,1340,-,-,0,0,0,0,1330,1360,-,-
TXO,202611,20261118.0,48300.0,Put,-,-,-,-,3050,-,-,0,0,0,0,3020,3110,-,-
TXO,202611,20261118.0,48400.0,Call,-,-,-,-,1300,-,-,0,0,0,0,1290,1320,-,-
TXO,202611,20261118.0,48400.0,Put,-,-,-,-,3110,-,-,0,0,0,0,3080,3170,-,-
TXO,202611,20261118.0,48500.0,Call,-,-,-,-,1270,-,-,0,0,0,0,1250,1280,-,-
TXO,202611,20261118.0,48500.0,Put,-,-,-,-,3180,-,-,0,0,0,0,3140,3230,-,-
TXO,202611,20261118.0,48600.0,Call,-,-,-,-,1230,-,-,0,0,0,0,-,-,-,-
TXO,202611,20261118.0,48600.0,Put,-,-,-,-,3240,-,-,0,0,0,0,-,3300,-,-
TXO,202611,20261118.0,48700.0,Call,-,-,-,-,1190,-,-,0,0,0,0,-,-,-,-
TXO,202611,20261118.0,48700.0,Put,-,-,-,-,3300,-,-,0,0,0,0,3270,-,-,-
TXO,202611,20261118.0,48800.0,Call,-,-,-,-,1160,-,-,1,0,1,2,-,-,1500,1040
TXO,202611,20261118.0,48800.0,Put,-,-,-,-,3370,-,-,0,0,0,0,-,3420,-,-
TXO,202611,20261118.0,48900.0,Call,-,-,-,-,1130,-,-,0,0,0,0,-,-,-,-
TXO,202611,20261118.0,48900.0,Put,-,-,-,-,3430,-,-,0,0,0,0,3400,3500,-,-
TXO,202611,20261118.0,49000.0,Call,-,-,-,-,1090,-,-,0,0,0,0,1080,1110,-,-
TXO,202611,20261118.0,49000.0,Put,-,-,-,-,3500,-,-,0,0,0,4,-,3560,4900,3640
TXO,202611,20261118.0,49100.0,Call,-,-,-,-,1050,-,-,0,0,0,0,-,-,-,-
TXO,202611,20261118.0,49100.0,Put,-,-,-,-,3560,-,-,0,0,0,0,-,3630,-,-
TXO,202611,20261118.0,49200.0,Call,-,-,-,-,1020,-,-,0,0,0,0,1010,1040,-,-
TXO,202611,20261118.0,49200.0,Put,-,-,-,-,3630,-,-,0,0,0,0,-,-,-,-
TXO,202611,20261118.0,49300.0,Call,-,-,-,-,995,-,-,0,0,0,0,-,-,-,-
TXO,202611,20261118.0,49300.0,Put,-,-,-,-,3700,-,-,0,0,0,0,-,3760,-,-
TXO,202611,20261118.0,49400.0,Call,-,-,-,-,965,-,-,0,0,0,0,950,980,-,-
TXO,202611,20261118.0,49400.0,Put,-,-,-,-,3770,-,-,0,0,0,0,-,3830,-,-
TXO,202611,20261118.0,49500.0,Call,-,-,-,-,935,-,-,5,0,5,0,920,950,1160,1120
TXO,202611,20261118.0,49500.0,Put,-,-,-,-,3840,-,-,0,0,0,0,-,3900,-,-
TXO,202611,20261118.0,49600.0,Call,-,-,-,-,905,-,-,0,0,0,0,890,920,-,-
TXO,202611,20261118.0,49600.0,Put,-,-,-,-,3910,-,-,0,0,0,0,-,-,-,-
TXO,202611,20261118.0,49700.0,Call,-,-,-,-,870,-,-,0,0,0,0,-,-,-,-
TXO,202611,20261118.0,49700.0,Put,-,-,-,-,3970,-,-,0,0,0,0,-,-,-,-
TXO,202611,20261118.0,49800.0,Call,-,-,-,-,840,-,-,0,0,0,0,825,855,-,-
TXO,202611,20261118.0,49800.0,Put,-,-,-,-,4040,-,-,0,0,0,0,-,-,-,-
TXO,202611,20261118.0,49900.0,Call,-,-,-,-,815,-,-,0,0,0,0,-,-,-,-
TXO,202611,20261118.0,49900.0,Put,-,-,-,-,4120,-,-,0,0,0,0,4090,4190,-,-
TXO,202611,20261118.0,50000.0,Call,830,830,780,780,780,▼-270,▼-25.71%,5,20,25,21,775,800,990,655
TXO,202611,20261118.0,50000.0,Put,-,-,-,-,4190,-,-,0,0,0,0,-,4260,5850,4670
TXO,202611,20261118.0,50100.0,Call,-,-,-,-,765,-,-,0,0,0,0,655,-,-,-
TXO,202611,20261118.0,50100.0,Put,-,-,-,-,4260,-,-,0,0,0,0,-,-,-,-
TXO,202611,20261118.0,50200.0,Call,-,-,-,-,740,-,-,0,0,0,0,720,750,-,-
TXO,202611,20261118.0,50200.0,Put,-,-,-,-,4340,-,-,0,0,0,0,-,-,-,-
TXO,202611,20261118.0,50300.0,Call,-,-,-,-,715,-,-,0,0,0,6,610,825,895,605
TXO,202611,20261118.0,50300.0,Put,-,-,-,-,4420,-,-,0,0,0,0,-,4480,-,-
TXO,202611,20261118.0,50400.0,Call,-,-,-,-,695,-,-,0,0,0,0,675,700,610,580
TXO,202611,20261118.0,50400.0,Put,-,-,-,-,4490,-,-,0,0,0,0,-,4550,-,-
TXO,202611,20261118.0,50500.0,Call,-,-,-,-,670,-,-,0,0,0,5,-,-,770,550
TXO,202611,20261118.0,50500.0,Put,-,-,-,-,4570,-,-,0,0,0,0,-,-,-,-
TXO,202611,20261118.0,50600.0,Call,-,-,-,-,650,-,-,0,0,0,5,540,-,810,745
TXO,202611,20261118.0,50600.0,Put,-,-,-,-,4650,-,-,0,0,0,0,-,4720,-,-
TXO,202611,20261118.0,50700.0,Call,-,-,-,-,625,-,-,0,0,0,5,615,640,820,625
TXO,202611,20261118.0,50700.0,Put,-,-,-,-,4730,-,-,0,0,0,0,-,-,-,-
TXO,202611,20261118.0,50800.0,Call,605,605,605,605,605,▼-200,▼-24.84%,0,1,1,5,585,610,690,585
TXO,202611,20261118.0,50800.0,Put,-,-,-,-,4790,-,-,0,0,0,0,-,4880,-,-
TXO,202611,20261118.0,50900.0,Call,-,-,-,-,575,-,-,0,0,0,5,565,590,675,620
TXO,202611,20261118.0,50900.0,Put,-,-,-,-,4870,-,-,0,0,0,0,-,4950,-,-
TXO,202611,20261118.0,51000.0,Call,590,590,585,585,560,▼-165,▼-22.00%,3,422,425,12,449,-,725,459
TXO,202611,20261118.0,51000.0,Put,-,-,-,-,4960,-,-,0,0,0,0,-,5030,-,-
TXO,202611,20261118.0,51100.0,Call,555,555,555,555,555,▼-170,▼-23.45%,0,1,1,6,425,-,630,400
TXO,202611,20261118.0,51100.0,Put,-,-,-,-,5040,-,-,0,0,0,0,-,5110,-,-
TXO,202611,20261118.0,51200.0,Call,-,-,-,-,525,-,-,0,0,0,5,510,535,610,610
TXO,202611,20261118.0,51200.0,Put,-,-,-,-,5120,-,-,0,0,0,0,-,5190,-,-
TXO,202611,20261118.0,51300.0,Call,-,-,-,-,505,-,-,0,0,0,5,492,515,590,590
TXO,202611,20261118.0,51300.0,Put,-,-,-,-,5200,-,-,0,0,0,0,5160,5270,-,-
TXO,202611,20261118.0,51400.0,Call,-,-,-,-,489,-,-,0,0,0,5,480,499,580,580
TXO,202611,20261118.0,51400.0,Put,-,-,-,-,5280,-,-,0,0,0,0,-,-,-,-
TXO,202611,20261118.0,51500.0,Call,-,-,-,-,471,-,-,0,0,0,5,-,-,555,421
TXO,202611,20261118.0,51500.0,Put,-,-,-,-,5370,-,-,0,0,0,0,5330,-,-,-
TXO,202611,20261118.0,51600.0,Call,-,-,-,-,454,-,-,0,0,0,5,364,-,540,540
TXO,202611,20261118.0,51600.0,Put,-,-,-,-,5450,-,-,0,0,0,0,-,-,-,-
TXO,202611,20261118.0,51700.0,Call,-,-,-,-,438,-,-,0,0,0,4,425,443,555,311
TXO,202611,20261118.0,51700.0,Put,-,-,-,-,5530,-,-,0,0,0,0,5500,-,-,-
TXO,202611,20261118.0,51800.0,Call,-,-,-,-,424,-,-,0,0,0,2,330,-,515,316
TXO,202611,20261118.0,51800.0,Put,-,-,-,-,5620,-,-,0,0,0,0,-,5690,-,-
TXO,202611,20261118.0,51900.0,Call,450,450,450,450,407,▼-95,▼-17.43%,0,1,1,3,398,416,510,310
TXO,202611,20261118.0,51900.0,Put,-,-,-,-,5700,-,-,0,0,0,0,-,5780,-,-
TXO,202611,20261118.0,52000.0,Call,435,435,435,435,393,▼-90,▼-17.14%,0,2,2,22,381,398,500,272
TXO,202611,20261118.0,52000.0,Put,-,-,-,-,5790,-,-,0,0,0,0,-,-,-,-
TXO,202611,20261118.0,52100.0,Call,-,-,-,-,379,-,-,0,0,0,15,-,525,475,272
TXO,202611,20261118.0,52100.0,Put,-,-,-,-,5870,-,-,0,0,0,0,-,5940,-,-
TXO,202611,20261118.0,52200.0,Call,-,-,-,-,366,-,-,0,0,0,0,265,-,-,-
TXO,202611,20261118.0,52200.0,Put,-,-,-,-,5960,-,-,0,0,0,0,-,-,-,-
TXO,202611,20261118.0,52300.0,Call,-,-,-,-,353,-,-,0,0,0,0,343,359,-,-
TXO,202611,20261118.0,52300.0,Put,-,-,-,-,6040,-,-,0,0,0,0,6010,-,-,-
TXO,202611,20261118.0,52400.0,Call,-,-,-,-,340,-,-,0,0,0,0,331,347,-,-
TXO,202611,20261118.0,52400.0,Put,-,-,-,-,6130,-,-,0,0,0,0,-,6200,-,-
TXO,202611,20261118.0,52500.0,Call,342,342,342,342,328,▼-93,▼-21.38%,0,1,1,5,318,334,400,260
TXO,202611,20261118.0,52500.0,Put,-,-,-,-,6220,-,-,0,0,0,0,-,6280,-,-
TXO,202611,20261118.0,52600.0,Call,-,-,-,-,316,-,-,0,0,0,0,308,324,-,-
TXO,202611,20261118.0,52600.0,Put,-,-,-,-,6310,-,-,0,0,0,0,-,-,-,-
TXO,202611,20261118.0,52700.0,Call,-,-,-,-,304,-,-,0,0,0,0,296,311,373,373
TXO,202611,20261118.0,52700.0,Put,-,-,-,-,6390,-,-,0,0,0,0,6360,6470,-,-
TXO,202611,20261118.0,52800.0,Call,-,-,-,-,294,-,-,0,0,0,4,182,423,371,352
TXO,202611,20261118.0,52800.0,Put,-,-,-,-,6480,-,-,0,0,0,0,6450,-,-,-
TXO,202611,20261118.0,52900.0,Call,-,-,-,-,283,-,-,1,0,1,1,276,290,325,236
TXO,202611,20261118.0,52900.0,Put,-,-,-,-,6570,-,-,0,0,0,0,-,6650,-,-
TXO,202611,20261118.0,53000.0,Call,-,-,-,-,273,-,-,0,0,0,0,266,280,-,-
TXO,202611,20261118.0,53000.0,Put,-,-,-,-,6660,-,-,0,0,0,0,6630,6740,-,-
TXO,202611,20261118.0,53100.0,Call,-,-,-,-,263,-,-,0,0,0,0,253,267,-,-
TXO,202611,20261118.0,53100.0,Put,-,-,-,-,6750,-,-,0,0,0,0,6720,-,-,-
TXO,202611,20261118.0,53200.0,Call,246,246,246,246,246,▼-86,▼-25.90%,0,2,2,2,178,-,246,246
TXO,202611,20261118.0,53200.0,Put,-,-,-,-,6840,-,-,0,0,0,0,-,-,-,-
TXO,202611,20261118.0,53300.0,Call,249,249,245,245,245,▼-63,▼-20.45%,3,2,5,5,236,249,335,187
TXO,202611,20261118.0,53300.0,Put,-,-,-,-,6930,-,-,0,0,0,0,-,7000,-,-
TXO,202611,20261118.0,53400.0,Call,-,-,-,-,235,-,-,0,0,0,0,157,-,-,-
TXO,202611,20261118.0,53400.0,Put,-,-,-,-,7020,-,-,0,0,0,0,6990,7100,-,-
TXO,202611,20261118.0,53500.0,Call,-,-,-,-,226,-,-,0,0,0,0,220,232,-,-
TXO,202611,20261118.0,53500.0,Put,-,-,-,-,7110,-,-,0,0,0,0,-,7180,-,-
TXO,202611,20261118.0,53600.0,Call,-,-,-,-,217,-,-,0,0,0,0,211,223,-,-
TXO,202611,20261118.0,53600.0,Put,-,-,-,-,7200,-,-,0,0,0,0,7170,-,-,-
TXO,202611,20261118.0,53700.0,Call,-,-,-,-,207,-,-,0,0,0,0,129,-,-,-
TXO,202611,20261118.0,53700.0,Put,-,-,-,-,7290,-,-,0,0,0,0,-,7360,-,-
TXO,202611,20261118.0,53800.0,Call,-,-,-,-,199,-,-,0,0,0,0,120,-,-,-
TXO,202611,20261118.0,53800.0,Put,-,-,-,-,7380,-,-,0,0,0,0,-,7470,-,-
TXO,202611,20261118.0,53900.0,Call,-,-,-,-,195,-,-,0,0,0,0,189,201,-,-
TXO,202611,20261118.0,53900.0,Put,-,-,-,-,7480,-,-,0,0,0,0,-,-,-,-
TXO,202611,20261118.0,54000.0,Call,178,178,178,178,178,▼-45,▼-20.18%,0,1,1,1,-,230,178,178
TXO,202611,20261118.0,54000.0,Put,-,-,-,-,7570,-,-,0,0,0,0,-,7640,-,-
TXO,202612,20261216.0,25200.0,Call,-,-,-,-,21430,-,-,0,0,0,2,21370,21730,22620,13580
TXO,202612,20261216.0,25200.0,Put,35,37,35,36.5,36.5,▲+3.5,▲+10.61%,22,4,26,163,32,40,985,33
TXO,202612,20261216.0,25400.0,Call,-,-,-,-,21230,-,-,0,0,0,0,21130,21400,-,-
TXO,202612,20261216.0,25400.0,Put,-,-,-,-,37,-,-,0,0,0,6,-,-,610,84
TXO,202612,20261216.0,25600.0,Call,-,-,-,-,21040,-,-,0,0,0,0,20920,21220,-,-
TXO,202612,20261216.0,25600.0,Put,-,-,-,-,37.5,-,-,0,0,0,12,0.6,-,750,86
TXO,202612,20261216.0,25800.0,Call,-,-,-,-,20840,-,-,0,0,0,0,-,21020,-,-
TXO,202612,20261216.0,25800.0,Put,-,-,-,-,38.5,-,-,0,0,0,6,-,-,505,75
TXO,202612,20261216.0,26000.0,Call,-,-,-,-,20640,-,-,0,0,0,1,-,-,17230,7550
TXO,202612,20261216.0,26000.0,Put,-,-,-,-,39.5,-,-,0,0,0,71,35.5,43.5,1390,54
TXO,202612,20261216.0,26200.0,Call,-,-,-,-,20440,-,-,0,0,0,0,-,-,-,-
TXO,202612,20261216.0,26200.0,Put,-,-,-,-,40.5,-,-,0,0,0,7,-,-,1430,49
TXO,202612,20261216.0,26400.0,Call,-,-,-,-,20240,-,-,0,0,0,0,-,-,-,-
TXO,202612,20261216.0,26400.0,Put,-,-,-,-,42,-,-,0,0,0,13,38,46,1250,80
TXO,202612,20261216.0,26600.0,Call,-,-,-,-,20050,-,-,0,0,0,0,19940,-,-,-
TXO,202612,20261216.0,26600.0,Put,-,-,-,-,43,-,-,0,0,0,1,39,47,765,64
TXO,202612,20261216.0,26800.0,Call,-,-,-,-,19850,-,-,0,0,0,0,19750,20000,-,-
TXO,202612,20261216.0,26800.0,Put,-,-,-,-,44,-,-,0,0,0,3,40,48,1500,57
TXO,202612,20261216.0,27000.0,Call,-,-,-,-,19650,-,-,0,0,0,1,19570,19920,18990,7500
TXO,202612,20261216.0,27000.0,Put,-,-,-,-,45,-,-,0,0,0,7,41,49,1590,88
TXO,202612,20261216.0,27200.0,Call,-,-,-,-,19450,-,-,0,0,0,0,19340,19670,-,-
TXO,202612,20261216.0,27200.0,Put,-,-,-,-,46,-,-,0,0,0,1,-,-,710,215
TXO,202612,20261216.0,27400.0,Call,-,-,-,-,19260,-,-,0,0,0,0,-,19410,-,-
TXO,202612,20261216.0,27400.0,Put,-,-,-,-,48,-,-,0,0,0,16,44,52,1580,60
TXO,202612,20261216.0,27600.0,Call,-,-,-,-,19060,-,-,0,0,0,0,-,19230,-,-
TXO,202612,20261216.0,27600.0,Put,-,-,-,-,49,-,-,0,0,0,7,45,53,1300,61
TXO,202612,20261216.0,27800.0,Call,-,-,-,-,18860,-,-,0,0,0,0,18750,-,-,-
TXO,202612,20261216.0,27800.0,Put,-,-,-,-,50,-,-,0,0,0,3,46,54,1550,60
TXO,202612,20261216.0,28000.0,Call,-,-,-,-,18660,-,-,0,0,0,0,18570,18830,-,-
TXO,202612,20261216.0,28000.0,Put,52,53,52,52,52,▲+6,▲+13.04%,0,3,3,19,51,55,1680,52
TXO,202612,20261216.0,28200.0,Call,-,-,-,-,18460,-,-,0,0,0,0,-,18600,-,-
TXO,202612,20261216.0,28200.0,Put,-,-,-,-,53,-,-,0,0,0,8,-,149,1820,60
TXO,202612,20261216.0,28400.0,Call,-,-,-,-,18270,-,-,0,0,0,0,18160,18400,-,-
TXO,202612,20261216.0,28400.0,Put,-,-,-,-,55,-,-,0,0,0,4,-,150,1400,60
TXO,202612,20261216.0,28600.0,Call,-,-,-,-,18070,-,-,0,0,0,0,17980,18240,-,-
TXO,202612,20261216.0,28600.0,Put,-,-,-,-,56,-,-,0,0,0,4,-,-,1500,60
TXO,202612,20261216.0,28800.0,Call,-,-,-,-,17870,-,-,0,0,0,0,-,-,-,-
TXO,202612,20261216.0,28800.0,Put,-,-,-,-,57,-,-,0,0,0,6,52,61,1550,60
TXO,202612,20261216.0,29000.0,Call,-,-,-,-,17670,-,-,0,0,0,0,-,-,-,-
TXO,202612,20261216.0,29000.0,Put,-,-,-,-,59,-,-,0,0,0,4,54,63,1860,119
TXO,202612,20261216.0,29200.0,Call,-,-,-,-,17480,-,-,0,0,0,0,17370,17610,-,-
TXO,202612,20261216.0,29200.0,Put,-,-,-,-,61,-,-,0,0,0,3,-,-,1860,260
TXO,202612,20261216.0,29400.0,Call,-,-,-,-,17280,-,-,0,0,0,0,17180,17410,-,-
TXO,202612,20261216.0,29400.0,Put,-,-,-,-,62,-,-,0,0,0,2,57,67,1700,146
TXO,202612,20261216.0,29600.0,Call,-,-,-,-,17080,-,-,0,0,0,0,-,17230,-,-
TXO,202612,20261216.0,29600.0,Put,-,-,-,-,63,-,-,0,0,0,1,-,158,1650,241
TXO,202612,20261216.0,29800.0,Call,-,-,-,-,16890,-,-,0,0,0,0,-,17080,11600,5120
TXO,202612,20261216.0,29800.0,Put,-,-,-,-,65,-,-,0,0,0,3,-,-,1700,128
TXO,202612,20261216.0,30000.0,Call,-,-,-,-,16690,-,-,0,0,0,0,16590,16820,11910,4660
TXO,202612,20261216.0,30000.0,Put,68,68,68,68,68,▲+7,▲+11.48%,1,5,6,68,55,162,1880,56
TXO,202612,20261216.0,30200.0,Call,-,-,-,-,16490,-,-,0,0,0,0,-,16620,14870,4700
TXO,202612,20261216.0,30200.0,Put,-,-,-,-,69,-,-,0,0,0,2,63,74,715,98
TXO,202612,20261216.0,30400.0,Call,-,-,-,-,16290,-,-,0,0,0,0,16190,16410,-,-
TXO,202612,20261216.0,30400.0,Put,-,-,-,-,70,-,-,0,0,0,2,64,75,510,101
TXO,202612,20261216.0,30600.0,Call,-,-,-,-,16100,-,-,0,0,0,0,16010,16230,-,-
TXO,202612,20261216.0,30600.0,Put,-,-,-,-,72,-,-,0,0,0,2,66,77,2010,67
TXO,202612,20261216.0,30800.0,Call,-,-,-,-,15900,-,-,0,0,0,0,-,-,-,-
TXO,202612,20261216.0,30800.0,Put,-,-,-,-,74,-,-,0,0,0,10,-,-,2700,107
TXO,202612,20261216.0,31000.0,Call,-,-,-,-,15700,-,-,0,0,0,0,15620,-,-,-
TXO,202612,20261216.0,31000.0,Put,-,-,-,-,76,-,-,0,0,0,25,-,170,1220,71
TXO,202612,20261216.0,31200.0,Call,-,-,-,-,15510,-,-,0,0,0,0,-,15620,4700,3750
TXO,202612,20261216.0,31200.0,Put,-,-,-,-,78,-,-,0,0,0,4,72,83,730,180
TXO,202612,20261216.0,31400.0,Call,-,-,-,-,15310,-,-,0,0,0,0,15240,-,-,-
TXO,202612,20261216.0,31400.0,Put,-,-,-,-,79,-,-,0,0,0,1,73,84,198,198
TXO,202612,20261216.0,31600.0,Call,-,-,-,-,15110,-,-,0,0,0,0,15020,15230,7950,5480
TXO,202612,20261216.0,31600.0,Put,-,-,-,-,81,-,-,0,0,0,1,75,86,1870,125
TXO,202612,20261216.0,31800.0,Call,-,-,-,-,14920,-,-,0,0,0,0,-,15040,10560,5580
TXO,202612,20261216.0,31800.0,Put,-,-,-,-,84,-,-,0,0,0,1,0.1,-,200,150
TXO,202612,20261216.0,32000.0,Call,-,-,-,-,14720,-,-,0,0,0,0,14650,14840,9600,3560
TXO,202612,20261216.0,32000.0,Put,-,-,-,-,86,-,-,0,0,0,4,80,91,3270,196
TXO,202612,20261216.0,32200.0,Call,-,-,-,-,14520,-,-,0,0,0,0,14440,14640,-,-
TXO,202612,20261216.0,32200.0,Put,-,-,-,-,88,-,-,0,0,0,3,82,93,3130,430
TXO,202612,20261216.0,32400.0,Call,-,-,-,-,14330,-,-,0,0,0,0,14240,-,11650,3460
TXO,202612,20261216.0,32400.0,Put,-,-,-,-,91,-,-,0,0,0,3,0.1,183,3250,144
TXO,202612,20261216.0,32600.0,Call,-,-,-,-,14130,-,-,0,0,0,0,-,14260,-,-
TXO,202612,20261216.0,32600.0,Put,-,-,-,-,93,-,-,0,0,0,10,-,-,1160,150
TXO,202612,20261216.0,32800.0,Call,-,-,-,-,13930,-,-,0,0,0,0,13850,14070,-,-
TXO,202612,20261216.0,32800.0,Put,-,-,-,-,96,-,-,0,0,0,7,90,101,1920,199
TXO,202612,20261216.0,33000.0,Call,-,-,-,-,13740,-,-,0,0,0,0,13660,13850,13520,3000
TXO,202612,20261216.0,33000.0,Put,-,-,-,-,99,-,-,0,0,0,60,88,190,3280,136
TXO,202612,20261216.0,33200.0,Call,-,-,-,-,13540,-,-,0,0,0,0,-,-,4180,3280
TXO,202612,20261216.0,33200.0,Put,-,-,-,-,102,-,-,0,0,0,1,96,107,780,95
TXO,202612,20261216.0,33400.0,Call,-,-,-,-,13350,-,-,0,0,0,0,-,13460,10800,2780
TXO,202612,20261216.0,33400.0,Put,-,-,-,-,106,-,-,0,0,0,2,100,112,3450,500
TXO,202612,20261216.0,33600.0,Call,-,-,-,-,13150,-,-,0,0,0,0,-,13270,10850,2640
TXO,202612,20261216.0,33600.0,Put,-,-,-,-,108,-,-,0,0,0,4,100,116,4010,193
TXO,202612,20261216.0,33800.0,Call,-,-,-,-,12950,-,-,0,0,0,0,-,-,-,-
TXO,202612,20261216.0,33800.0,Put,-,-,-,-,111,-,-,0,0,0,0,103,119,1670,995
TXO,202612,20261216.0,34000.0,Call,-,-,-,-,12760,-,-,0,0,0,0,12700,12870,12700,3130
TXO,202612,20261216.0,34000.0,Put,116,116,110,110,116,▲+5,▲+4.76%,0,6,6,141,107,124,3620,100
TXO,202612,20261216.0,34200.0,Call,-,-,-,-,12560,-,-,0,0,0,0,12490,12690,8850,5200
TXO,202612,20261216.0,34200.0,Put,-,-,-,-,119,-,-,0,0,0,1,-,-,1780,620
TXO,202612,20261216.0,34400.0,Call,-,-,-,-,12370,-,-,0,0,0,0,-,-,-,-
TXO,202612,20261216.0,34400.0,Put,-,-,-,-,124,-,-,0,0,0,2,114,133,2600,438
TXO,202612,20261216.0,34600.0,Call,-,-,-,-,12170,-,-,0,0,0,0,-,-,-,-
TXO,202612,20261216.0,34600.0,Put,-,-,-,-,128,-,-,0,0,0,3,118,138,2670,116
TXO,202612,20261216.0,34800.0,Call,-,-,-,-,11980,-,-,0,0,0,0,11920,-,4830,3240
TXO,202612,20261216.0,34800.0,Put,-,-,-,-,137,-,-,0,0,0,1,123,144,3120,330
TXO,202612,20261216.0,35000.0,Call,-,-,-,-,11790,-,-,0,0,0,0,-,-,12910,2200
TXO,202612,20261216.0,35000.0,Put,-,-,-,-,146,-,-,0,0,0,38,0.4,-,2100,120
TXO,202612,20261216.0,35200.0,Call,-,-,-,-,11600,-,-,0,0,0,0,11530,11710,4590,3370
TXO,202612,20261216.0,35200.0,Put,-,-,-,-,146,-,-,0,0,0,2,29,306,3000,400
TXO,202612,20261216.0,35400.0,Call,-,-,-,-,11400,-,-,0,0,0,0,11330,-,9450,3340
TXO,202612,20261216.0,35400.0,Put,-,-,-,-,152,-,-,0,0,0,0,139,164,1300,350
TXO,202612,20261216.0,35600.0,Call,-,-,-,-,11210,-,-,0,0,0,0,-,11310,12870,2380
TXO,202612,20261216.0,35600.0,Put,-,-,-,-,159,-,-,0,0,0,1,146,172,4020,193
TXO,202612,20261216.0,35800.0,Call,-,-,-,-,11020,-,-,0,0,0,0,-,-,7020,6410
TXO,202612,20261216.0,35800.0,Put,-,-,-,-,166,-,-,0,0,0,1,152,180,2000,1020
TXO,202612,20261216.0,36000.0,Call,-,-,-,-,10830,-,-,0,0,0,1,10770,10950,8050,1950
TXO,202612,20261216.0,36000.0,Put,162,176,162,176,176,▲+28,▲+18.92%,0,4,4,120,174,182,3300,145
TXO,202612,20261216.0,36200.0,Call,-,-,-,-,10640,-,-,0,0,0,0,10580,-,7130,1470
TXO,202612,20261216.0,36200.0,Put,-,-,-,-,183,-,-,0,0,0,0,61,-,-,-
TXO,202612,20261216.0,36400.0,Call,-,-,-,-,10450,-,-,0,0,0,0,10390,-,10490,1390
TXO,202612,20261216.0,36400.0,Put,-,-,-,-,193,-,-,0,0,0,1,69,-,2020,1450
TXO,202612,20261216.0,36600.0,Call,-,-,-,-,10260,-,-,0,0,0,0,-,10360,6880,1320
TXO,202612,20261216.0,36600.0,Put,-,-,-,-,202,-,-,0,0,0,5,184,219,2130,171
TXO,202612,20261216.0,36800.0,Call,-,-,-,-,10080,-,-,0,0,0,0,-,10170,11890,1260
TXO,202612,20261216.0,36800.0,Put,-,-,-,-,218,-,-,0,0,0,50,196,231,2670,197
TXO,202612,20261216.0,37000.0,Call,-,-,-,-,9890,-,-,0,0,0,4,-,9990,12020,1350
TXO,202612,20261216.0,37000.0,Put,207,227,207,225,225,▲+34,▲+17.80%,1,80,81,98,219,251,3150,182
TXO,202612,20261216.0,37200.0,Call,-,-,-,-,9700,-,-,0,0,0,0,-,-,9030,1740
TXO,202612,20261216.0,37200.0,Put,231,235,231,235,235,▲+34,▲+16.92%,0,3,3,9,104,383,1070,231
TXO,202612,20261216.0,37400.0,Call,-,-,-,-,9510,-,-,0,0,0,0,9440,9600,10760,1280
TXO,202612,20261216.0,37400.0,Put,-,-,-,-,250,-,-,0,0,0,12,232,267,1540,206
TXO,202612,20261216.0,37600.0,Call,-,-,-,-,9330,-,-,0,0,0,2,9270,9430,1260,1260
TXO,202612,20261216.0,37600.0,Put,-,-,-,-,265,-,-,0,0,0,7,247,282,2950,399
TXO,202612,20261216.0,37800.0,Call,-,-,-,-,9140,-,-,0,0,0,0,-,-,11540,1240
TXO,202612,20261216.0,37800.0,Put,-,-,-,-,280,-,-,0,0,0,14,140,-,2900,353
TXO,202612,20261216.0,38000.0,Call,-,-,-,-,8970,-,-,0,0,0,18,8890,9060,8700,1230
TXO,202612,20261216.0,38000.0,Put,254,294,254,294,294,▲+47,▲+19.03%,2,11,13,169,233,310,3430,238
TXO,202612,20261216.0,38200.0,Call,-,-,-,-,8780,-,-,0,0,0,0,8720,-,7280,1200
TXO,202612,20261216.0,38200.0,Put,-,-,-,-,313,-,-,0,0,0,6,295,330,1900,494
TXO,202612,20261216.0,38400.0,Call,-,-,-,-,8600,-,-,0,0,0,0,8540,-,7140,1270
TXO,202612,20261216.0,38400.0,Put,-,-,-,-,330,-,-,1,0,1,2,184,461,835,300
TXO,202612,20261216.0,38600.0,Call,-,-,-,-,8420,-,-,0,0,0,3,8360,8520,10540,1080
TXO,202612,20261216.0,38600.0,Put,-,-,-,-,349,-,-,0,0,0,12,-,478,3100,505
TXO,202612,20261216.0,38800.0,Call,-,-,-,-,8240,-,-,0,0,0,0,-,-,10770,775
TXO,202612,20261216.0,38800.0,Put,-,-,-,-,369,-,-,1,0,1,2,351,386,1510,310
TXO,202612,20261216.0,39000.0,Call,-,-,-,-,8070,-,-,0,0,0,4,7980,8160,9290,1100
TXO,202612,20261216.0,39000.0,Put,332,385,332,385,385,▲+47,▲+13.91%,3,10,13,118,373,408,3690,315
TXO,202612,20261216.0,39200.0,Call,-,-,-,-,7890,-,-,0,0,0,0,7830,-,10280,1290
TXO,202612,20261216.0,39200.0,Put,-,-,-,-,422,-,-,0,0,0,1,252,495,3680,1030
TXO,202612,20261216.0,39400.0,Call,-,-,-,-,7720,-,-,0,0,0,0,7630,-,11070,1300
TXO,202612,20261216.0,39400.0,Put,-,-,-,-,449,-,-,0,0,0,1,413,458,3380,500
TXO,202612,20261216.0,39600.0,Call,-,-,-,-,7550,-,-,0,0,0,0,7460,-,11070,750
TXO,202612,20261216.0,39600.0,Put,-,-,-,-,478,-,-,0,0,0,3,439,484,3660,505
TXO,202612,20261216.0,39800.0,Call,-,-,-,-,7380,-,-,0,0,0,0,7310,-,11350,1250
TXO,202612,20261216.0,39800.0,Put,-,-,-,-,505,-,-,0,0,0,1,383,-,4080,780
TXO,202612,20261216.0,40000.0,Call,-,-,-,-,7210,-,-,0,0,0,12,-,-,9010,705
TXO,202612,20261216.0,40000.0,Put,495,515,495,515,540,▲+91,▲+21.46%,4,5,9,109,530,545,3960,404
TXO,202612,20261216.0,40200.0,Call,-,-,-,-,7040,-,-,0,0,0,0,-,7090,6970,2200
TXO,202612,20261216.0,40200.0,Put,-,-,-,-,570,-,-,0,0,0,1,423,-,3430,990
TXO,202612,20261216.0,40400.0,Call,-,-,-,-,6880,-,-,0,0,0,1,-,6950,8140,695
TXO,202612,20261216.0,40400.0,Put,-,-,-,-,600,-,-,0,0,0,0,446,-,2820,2700
TXO,202612,20261216.0,40600.0,Call,-,-,-,-,6710,-,-,0,0,0,0,6620,6750,6630,740
TXO,202612,20261216.0,40600.0,Put,-,-,-,-,630,-,-,0,0,0,1,580,630,2750,1930
TXO,202612,20261216.0,40800.0,Call,-,-,-,-,6540,-,-,0,0,0,16,-,6580,9640,1410
TXO,202612,20261216.0,40800.0,Put,-,-,-,-,665,-,-,0,0,0,300,530,-,3980,1140
TXO,202612,20261216.0,41000.0,Call,-,-,-,-,6360,-,-,0,0,0,5,6300,6470,9160,675
TXO,202612,20261216.0,41000.0,Put,620,620,620,620,680,▲+60,▲+10.71%,1,3,4,56,520,710,4390,580
TXO,202612,20261216.0,41200.0,Call,-,-,-,-,6200,-,-,0,0,0,0,6120,-,5620,3150
TXO,202612,20261216.0,41200.0,Put,-,-,-,-,720,-,-,0,0,0,2,675,735,4410,590
TXO,202612,20261216.0,41400.0,Call,-,-,-,-,6040,-,-,0,0,0,30,5960,6140,10000,360
TXO,202612,20261216.0,41400.0,Put,-,-,-,-,760,-,-,0,0,0,1,715,775,4540,1870
TXO,202612,20261216.0,41600.0,Call,-,-,-,-,5890,-,-,0,0,0,11,5800,5930,6550,1450
TXO,202612,20261216.0,41600.0,Put,-,-,-,-,805,-,-,0,0,0,2,750,815,4290,985
TXO,202612,20261216.0,41800.0,Call,-,-,-,-,5730,-,-,0,0,0,15,5640,-,8490,710
TXO,202612,20261216.0,41800.0,Put,-,-,-,-,850,-,-,0,0,0,0,785,855,4390,2000
TXO,202612,20261216.0,42000.0,Call,-,-,-,-,5580,-,-,0,0,0,71,5490,5700,8720,800
TXO,202612,20261216.0,42000.0,Put,890,890,890,890,890,▲+165,▲+22.76%,1,1,2,108,860,930,4950,760
TXO,202612,20261216.0,42200.0,Call,-,-,-,-,5400,-,-,0,0,0,1,5340,5520,8040,1500
TXO,202612,20261216.0,42200.0,Put,-,-,-,-,910,-,-,0,0,0,100,805,-,3610,1660
TXO,202612,20261216.0,42400.0,Call,-,-,-,-,5250,-,-,0,0,0,0,5190,-,5850,1260
TXO,202612,20261216.0,42400.0,Put,-,-,-,-,955,-,-,0,0,0,0,-,-,4790,1100
TXO,202612,20261216.0,42600.0,Call,-,-,-,-,5090,-,-,0,0,0,2,5040,-,7280,965
TXO,202612,20261216.0,42600.0,Put,-,-,-,-,995,-,-,0,0,0,0,-,-,4770,3040
TXO,202612,20261216.0,42800.0,Call,-,-,-,-,4940,-,-,0,0,0,1,4870,-,4950,2510
TXO,202612,20261216.0,42800.0,Put,-,-,-,-,1050,-,-,0,0,0,0,-,-,1190,900
TXO,202612,20261216.0,43000.0,Call,-,-,-,-,4800,-,-,0,0,0,62,-,4910,9700,1130
TXO,202612,20261216.0,43000.0,Put,1040,1040,1040,1040,1110,▲+115,▲+12.43%,0,1,1,71,1060,1150,5020,1040
TXO,202612,20261216.0,43200.0,Call,-,-,-,-,4650,-,-,0,0,0,0,4580,-,4670,1400
TXO,202612,20261216.0,43200.0,Put,-,-,-,-,1160,-,-,0,0,0,0,1110,1200,-,-
TXO,202612,20261216.0,43400.0,Call,-,-,-,-,4510,-,-,0,0,0,0,4440,4570,7410,4950
TXO,202612,20261216.0,43400.0,Put,-,-,-,-,1220,-,-,0,0,0,2,1170,1260,5280,2010
TXO,202612,20261216.0,43600.0,Call,-,-,-,-,4360,-,-,0,0,0,1,-,4430,5510,950
TXO,202612,20261216.0,43600.0,Put,-,-,-,-,1270,-,-,0,0,0,0,1220,1310,4780,1960
TXO,202612,20261216.0,43800.0,Call,-,-,-,-,4220,-,-,0,0,0,1,-,-,8340,1020
TXO,202612,20261216.0,43800.0,Put,-,-,-,-,1330,-,-,0,0,0,0,1280,1370,4460,1620
TXO,202612,20261216.0,44000.0,Call,-,-,-,-,4090,-,-,0,0,0,4,3980,-,8350,2260
TXO,202612,20261216.0,44000.0,Put,-,-,-,-,1400,-,-,0,0,0,103,1350,1440,4770,1620
TXO,202612,20261216.0,44200.0,Call,-,-,-,-,3950,-,-,0,0,0,2,3860,4030,5630,600
TXO,202612,20261216.0,44200.0,Put,-,-,-,-,1450,-,-,0,0,0,59,-,1560,4890,2560
TXO,202612,20261216.0,44400.0,Call,-,-,-,-,3820,-,-,0,0,0,1,3730,3900,6730,930
TXO,202612,20261216.0,44400.0,Put,-,-,-,-,1520,-,-,0,0,0,100,1470,1560,4660,3660
TXO,202612,20261216.0,44600.0,Call,4010,4010,3880,3880,3690,▼-480,▼-11.01%,1,2,3,13,3610,3780,5770,890
TXO,202612,20261216.0,44600.0,Put,-,-,-,-,1590,-,-,0,0,0,3,1540,1630,6030,2330
TXO,202612,20261216.0,44800.0,Call,-,-,-,-,3560,-,-,0,0,0,2,3490,3660,3190,2320
TXO,202612,20261216.0,44800.0,Put,-,-,-,-,1660,-,-,0,0,0,2,1550,-,5600,2800
TXO,202612,20261216.0,45000.0,Call,-,-,-,-,3440,-,-,0,0,0,2,-,-,6790,2600
TXO,202612,20261216.0,45000.0,Put,-,-,-,-,1730,-,-,0,0,0,101,-,-,6200,2600
TXO,202612,20261216.0,45200.0,Call,-,-,-,-,3310,-,-,0,0,0,1,3240,3380,6620,925
TXO,202612,20261216.0,45200.0,Put,-,-,-,-,1800,-,-,0,0,0,0,-,-,6690,4500
TXO,202612,20261216.0,45400.0,Call,-,-,-,-,3190,-,-,0,0,0,1,-,3300,6500,2250
TXO,202612,20261216.0,45400.0,Put,1770,1770,1770,1770,1880,▲+180,▲+11.32%,0,1,1,1,-,1980,6540,1770
TXO,202612,20261216.0,45600.0,Call,-,-,-,-,3070,-,-,0,0,0,3,2970,-,6160,1070
TXO,202612,20261216.0,45600.0,Put,-,-,-,-,1970,-,-,0,0,0,0,-,-,7000,3920
TXO,202612,20261216.0,45800.0,Call,-,-,-,-,2960,-,-,0,0,0,2,2900,3050,3200,1980
TXO,202612,20261216.0,45800.0,Put,-,-,-,-,2060,-,-,0,0,0,0,-,-,-,-
TXO,202612,20261216.0,46000.0,Call,-,-,-,-,2860,-,-,0,0,0,259,-,2990,5560,1640
TXO,202612,20261216.0,46000.0,Put,-,-,-,-,2150,-,-,0,0,0,190,-,-,7060,3500
TXO,202612,20261216.0,46200.0,Call,-,-,-,-,2750,-,-,0,0,0,0,-,-,2620,2450
TXO,202612,20261216.0,46200.0,Put,-,-,-,-,2240,-,-,0,0,0,1,2180,2300,7260,4400
TXO,202612,20261216.0,46400.0,Call,-,-,-,-,2620,-,-,0,0,0,3,2550,2690,5700,1560
TXO,202612,20261216.0,46400.0,Put,-,-,-,-,2310,-,-,0,0,0,0,-,-,5970,5150
TXO,202612,20261216.0,46600.0,Call,-,-,-,-,2520,-,-,0,0,0,51,2450,2580,6500,1500
TXO,202612,20261216.0,46600.0,Put,2350,2350,2350,2350,2410,▲+310,▲+15.20%,0,1,1,6,2340,2470,2550,2150
TXO,202612,20261216.0,46800.0,Call,-,-,-,-,2400,-,-,0,0,0,11,2340,2470,5870,1500
TXO,202612,20261216.0,46800.0,Put,-,-,-,-,2490,-,-,0,0,0,5,2450,2580,7770,2120
TXO,202612,20261216.0,47000.0,Call,-,-,-,-,2300,-,-,1,0,1,239,2240,2360,6430,1420
TXO,202612,20261216.0,47000.0,Put,-,-,-,-,2580,-,-,0,0,0,8,2560,2700,7620,3470
TXO,202612,20261216.0,47200.0,Call,-,-,-,-,2210,-,-,0,0,0,61,2150,2270,4830,1680
TXO,202612,20261216.0,47200.0,Put,-,-,-,-,2690,-,-,0,0,0,0,-,2770,-,-
TXO,202612,20261216.0,47400.0,Call,-,-,-,-,2110,-,-,1,0,1,62,2050,2170,5670,2070
TXO,202612,20261216.0,47400.0,Put,-,-,-,-,2790,-,-,0,0,0,0,2760,-,6210,3550
TXO,202612,20261216.0,47600.0,Call,-,-,-,-,2010,-,-,0,0,0,48,390,2180,5180,1100
TXO,202612,20261216.0,47600.0,Put,-,-,-,-,2900,-,-,0,0,0,0,2870,-,6310,4920
TXO,202612,20261216.0,47800.0,Call,-,-,-,-,1930,-,-,0,0,0,9,-,2090,5050,1290
TXO,202612,20261216.0,47800.0,Put,-,-,-,-,3010,-,-,0,0,0,2,-,3090,5750,4890
TXO,202612,20261216.0,48000.0,Call,-,-,-,-,1850,-,-,1,0,1,76,1800,1900,5100,1330
TXO,202612,20261216.0,48000.0,Put,-,-,-,-,3130,-,-,0,0,0,4,3080,-,8030,4520
TXO,202612,20261216.0,48200.0,Call,-,-,-,-,1760,-,-,0,0,0,1,1710,1810,3960,2090
TXO,202612,20261216.0,48200.0,Put,-,-,-,-,3240,-,-,0,0,0,1,-,3320,5860,5860
TXO,202612,20261216.0,48400.0,Call,-,-,-,-,1670,-,-,0,0,0,0,-,-,5700,1520
TXO,202612,20261216.0,48400.0,Put,-,-,-,-,3350,-,-,0,0,0,4,3310,3430,5920,5910
TXO,202612,20261216.0,48600.0,Call,-,-,-,-,1590,-,-,0,0,0,0,1550,1640,4880,3450
TXO,202612,20261216.0,48600.0,Put,-,-,-,-,3470,-,-,0,0,0,0,-,-,6090,4600
TXO,202612,20261216.0,48800.0,Call,-,-,-,-,1510,-,-,0,0,0,0,1470,1560,-,-
TXO,202612,20261216.0,48800.0,Put,-,-,-,-,3590,-,-,0,0,0,1,3550,3670,8920,4350
TXO,202612,20261216.0,49000.0,Call,-,-,-,-,1440,-,-,0,0,0,218,-,-,5280,1070
TXO,202612,20261216.0,49000.0,Put,-,-,-,-,3720,-,-,0,0,0,5,-,3800,6900,4800
TXO,202612,20261216.0,49200.0,Call,-,-,-,-,1370,-,-,0,0,0,26,1330,1420,4080,995
TXO,202612,20261216.0,49200.0,Put,-,-,-,-,3850,-,-,0,0,0,1,3800,3930,4800,4800
TXO,202612,20261216.0,49400.0,Call,-,-,-,-,1290,-,-,0,0,0,5,-,1400,3760,1240
TXO,202612,20261216.0,49400.0,Put,-,-,-,-,3970,-,-,0,0,0,3,-,4080,8650,4900
TXO,202612,20261216.0,49600.0,Call,-,-,-,-,1230,-,-,0,0,0,10,-,-,4800,1160
TXO,202612,20261216.0,49600.0,Put,-,-,-,-,4110,-,-,0,0,0,0,4060,4200,6900,5500
TXO,202612,20261216.0,49800.0,Call,-,-,-,-,1170,-,-,0,0,0,0,1120,1210,2780,960
TXO,202612,20261216.0,49800.0,Put,-,-,-,-,4240,-,-,0,0,0,0,4210,-,-,-
TXO,202612,20261216.0,50000.0,Call,1200,1200,1140,1140,1110,▼-260,▼-18.57%,0,7,7,60,-,-,5000,900
TXO,202612,20261216.0,50000.0,Put,-,-,-,-,4380,-,-,0,0,0,12,-,-,9900,4000
TXO,202612,20261216.0,50200.0,Call,-,-,-,-,1050,-,-,0,0,0,5,-,-,4800,945
TXO,202612,20261216.0,50200.0,Put,-,-,-,-,4520,-,-,0,0,0,2,-,4610,5420,5400
TXO,202612,20261216.0,50400.0,Call,-,-,-,-,995,-,-,0,0,0,40,-,-,5200,840
TXO,202612,20261216.0,50400.0,Put,-,-,-,-,4660,-,-,0,0,0,4,-,4750,9460,5540
TXO,202612,20261216.0,50600.0,Call,-,-,-,-,940,-,-,0,0,0,0,905,975,3640,705
TXO,202612,20261216.0,50600.0,Put,-,-,-,-,4810,-,-,0,0,0,2,4780,4920,5690,5670
TXO,202612,20261216.0,50800.0,Call,-,-,-,-,890,-,-,0,0,0,13,-,1030,3620,955
TXO,202612,20261216.0,50800.0,Put,-,-,-,-,4950,-,-,0,0,0,0,-,-,-,-
TXO,202612,20261216.0,51000.0,Call,-,-,-,-,840,-,-,0,0,0,10,765,-,4420,1000
TXO,202612,20261216.0,51000.0,Put,-,-,-,-,5100,-,-,0,0,0,0,5070,-,-,-
TXO,202612,20261216.0,51200.0,Call,-,-,-,-,790,-,-,0,0,0,5,760,825,950,950
TXO,202612,20261216.0,51200.0,Put,-,-,-,-,5250,-,-,0,0,0,0,-,5350,-,-
TXO,202612,20261216.0,51400.0,Call,-,-,-,-,745,-,-,0,0,0,2,715,775,1950,970
TXO,202612,20261216.0,51400.0,Put,-,-,-,-,5410,-,-,0,0,0,0,-,5500,-,-
TXO,202612,20261216.0,51600.0,Call,-,-,-,-,705,-,-,0,0,0,0,675,735,3280,2950
TXO,202612,20261216.0,51600.0,Put,-,-,-,-,5570,-,-,0,0,0,0,-,5650,-,-
TXO,202612,20261216.0,51800.0,Call,-,-,-,-,660,-,-,0,0,0,6,-,770,2550,810
TXO,202612,20261216.0,51800.0,Put,-,-,-,-,5720,-,-,0,0,0,0,-,5820,-,-
TXO,202612,20261216.0,52000.0,Call,-,-,-,-,625,-,-,0,0,0,17,-,730,3380,505
TXO,202612,20261216.0,52000.0,Put,-,-,-,-,5880,-,-,0,0,0,0,-,-,-,-
TXO,202612,20261216.0,52200.0,Call,-,-,-,-,590,-,-,0,0,0,1,515,690,1150,720
TXO,202612,20261216.0,52200.0,Put,-,-,-,-,6050,-,-,0,0,0,0,-,6140,-,-
TXO,202612,20261216.0,52400.0,Call,-,-,-,-,555,-,-,0,0,0,15,480,-,3950,1020
TXO,202612,20261216.0,52400.0,Put,-,-,-,-,6210,-,-,0,0,0,0,-,-,8790,6780
TXO,202612,20261216.0,52600.0,Call,-,-,-,-,520,-,-,0,0,0,2,423,695,1820,690
TXO,202612,20261216.0,52600.0,Put,-,-,-,-,6380,-,-,0,0,0,0,-,6470,-,-
TXO,202612,20261216.0,52800.0,Call,-,-,-,-,490,-,-,0,0,0,6,468,510,2770,530
TXO,202612,20261216.0,52800.0,Put,-,-,-,-,6550,-,-,0,0,0,0,-,-,-,-
TXO,202612,20261216.0,53000.0,Call,-,-,-,-,461,-,-,1,0,1,329,446,478,2970,440
TXO,202612,20261216.0,53000.0,Put,-,-,-,-,6710,-,-,0,0,0,0,6680,-,-,-
TXO,202612,20261216.0,53200.0,Call,-,-,-,-,433,-,-,0,0,0,12,-,-,3950,479
TXO,202612,20261216.0,53200.0,Put,-,-,-,-,6890,-,-,0,0,0,0,-,-,-,-
TXO,202612,20261216.0,53400.0,Call,-,-,-,-,408,-,-,0,0,0,4,-,-,2870,895
TXO,202612,20261216.0,53400.0,Put,-,-,-,-,7060,-,-,0,0,0,0,-,7170,-,-
TXO,202612,20261216.0,53600.0,Call,-,-,-,-,384,-,-,0,0,0,3,366,401,900,825
TXO,202612,20261216.0,53600.0,Put,-,-,-,-,7230,-,-,0,0,0,0,7200,7340,-,-
TXO,202612,20261216.0,53800.0,Call,-,-,-,-,361,-,-,0,0,0,3,-,-,2640,329
TXO,202612,20261216.0,53800.0,Put,-,-,-,-,7410,-,-,0,0,0,0,7370,7500,-,-
TXO,202612,20261216.0,54000.0,Call,375,375,343,351,351,▼-89,▼-20.23%,0,4,4,11,-,-,3360,306
TXO,202612,20261216.0,54000.0,Put,-,-,-,-,7590,-,-,0,0,0,0,-,7680,-,-
TXO,202612,20261216.0,54200.0,Call,-,-,-,-,319,-,-,0,0,0,2,302,337,840,840
TXO,202612,20261216.0,54200.0,Put,-,-,-,-,7770,-,-,0,0,0,0,-,-,-,-
TXO,202612,20261216.0,54400.0,Call,-,-,-,-,300,-,-,0,0,0,3,283,318,2050,421
TXO,202612,20261216.0,54400.0,Put,-,-,-,-,7950,-,-,0,0,0,0,7910,8060,-,-
TXO,202612,20261216.0,54600.0,Call,298,298,298,298,298,▼-69,▼-18.80%,0,1,1,0,265,300,1420,298
TXO,202612,20261216.0,54600.0,Put,-,-,-,-,8130,-,-,0,0,0,0,-,8250,-,-
TXO,202612,20261216.0,54800.0,Call,-,-,-,-,265,-,-,0,0,0,10,-,398,3060,480
TXO,202612,20261216.0,54800.0,Put,-,-,-,-,8310,-,-,0,0,0,0,-,8410,-,-
TXO,202612,20261216.0,55000.0,Call,-,-,-,-,250,-,-,2,0,2,35,179,-,2920,217
TXO,202612,20261216.0,55000.0,Put,-,-,-,-,8490,-,-,0,0,0,0,-,-,-,-
TXO,202612,20261216.0,55200.0,Call,-,-,-,-,235,-,-,0,0,0,2,218,253,1980,207
TXO,202612,20261216.0,55200.0,Put,-,-,-,-,8680,-,-,0,0,0,0,8640,-,-,-
TXO,202612,20261216.0,55400.0,Call,-,-,-,-,221,-,-,0,0,0,5,147,348,2930,370
TXO,202612,20261216.0,55400.0,Put,-,-,-,-,8860,-,-,0,0,0,0,-,-,-,-
TXO,202612,20261216.0,55600.0,Call,-,-,-,-,208,-,-,0,0,0,5,132,333,2150,273
TXO,202612,20261216.0,55600.0,Put,-,-,-,-,9050,-,-,0,0,0,0,9010,9170,-,-
TXO,202612,20261216.0,55800.0,Call,-,-,-,-,195,-,-,0,0,0,18,118,319,3020,575
TXO,202612,20261216.0,55800.0,Put,-,-,-,-,9230,-,-,0,0,0,0,-,-,-,-
TXO,202612,20261216.0,56000.0,Call,-,-,-,-,184,-,-,0,0,0,11,105,-,2170,165
TXO,202612,20261216.0,56000.0,Put,-,-,-,-,9420,-,-,0,0,0,0,-,9540,-,-
TXO,202612,20261216.0,56200.0,Call,-,-,-,-,173,-,-,0,0,0,0,156,191,1900,319
TXO,202612,20261216.0,56200.0,Put,-,-,-,-,9610,-,-,0,0,0,0,-,9730,-,-
TXO,202612,20261216.0,56400.0,Call,-,-,-,-,163,-,-,0,0,0,1,82,265,1770,187
TXO,202612,20261216.0,56400.0,Put,-,-,-,-,9800,-,-,0,0,0,0,9760,9920,-,-
TXO,202612,20261216.0,56600.0,Call,-,-,-,-,153,-,-,0,0,0,5,137,170,495,375
TXO,202612,20261216.0,56600.0,Put,-,-,-,-,9990,-,-,0,0,0,0,9950,10120,-,-
TXO,202612,20261216.0,56800.0,Call,-,-,-,-,144,-,-,0,0,0,0,-,-,1830,342
TXO,202612,20261216.0,56800.0,Put,-,-,-,-,10180,-,-,0,0,0,0,-,10290,-,-
TXO,202612,20261216.0,57000.0,Call,140,140,140,140,140,▼-30,▼-17.65%,0,5,5,6,51,-,2500,140
TXO,202612,20261216.0,57000.0,Put,-,-,-,-,10370,-,-,0,0,0,0,-,-,-,-
TXO,202612,20261216.0,57200.0,Call,-,-,-,-,128,-,-,0,0,0,5,114,142,1880,130
TXO,202612,20261216.0,57200.0,Put,-,-,-,-,10560,-,-,0,0,0,0,-,10680,-,-
TXO,202612,20261216.0,57400.0,Call,126,126,121,121,121,▼-15,▼-11.03%,3,2,5,269,120,134,1870,21
TXO,202612,20261216.0,57400.0,Put,-,-,-,-,10760,-,-,0,0,0,0,-,10880,-,-
TXO,202703,20270317.0,31800.0,Call,-,-,-,-,15430,-,-,0,0,0,0,15330,15660,-,-
TXO,202703,20270317.0,31800.0,Put,-,-,-,-,153,-,-,0,0,0,70,138,167,1020,102
TXO,202703,20270317.0,32000.0,Call,-,-,-,-,15230,-,-,0,0,0,0,-,15400,-,-
TXO,202703,20270317.0,32000.0,Put,-,-,-,-,158,-,-,0,0,0,18,142,173,1360,226
TXO,202703,20270317.0,32200.0,Call,-,-,-,-,15040,-,-,0,0,0,0,14940,15270,-,-
TXO,202703,20270317.0,32200.0,Put,-,-,-,-,163,-,-,0,0,0,1,55,-,265,225
TXO,202703,20270317.0,32400.0,Call,-,-,-,-,14850,-,-,0,0,0,0,14750,-,-,-
TXO,202703,20270317.0,32400.0,Put,-,-,-,-,169,-,-,0,0,0,0,152,185,331,290
TXO,202703,20270317.0,32600.0,Call,-,-,-,-,14660,-,-,0,0,0,0,14570,14870,-,-
TXO,202703,20270317.0,32600.0,Put,-,-,-,-,175,-,-,0,0,0,0,66,-,375,356
TXO,202703,20270317.0,32800.0,Call,-,-,-,-,14470,-,-,0,0,0,0,14380,14690,-,-
TXO,202703,20270317.0,32800.0,Put,-,-,-,-,182,-,-,0,0,0,1,-,350,415,400
TXO,202703,20270317.0,33000.0,Call,-,-,-,-,14270,-,-,0,0,0,0,14170,-,-,-
TXO,202703,20270317.0,33000.0,Put,-,-,-,-,189,-,-,0,0,0,12,76,277,469,235
TXO,202703,20270317.0,33200.0,Call,-,-,-,-,14080,-,-,0,0,0,0,-,14240,-,-
TXO,202703,20270317.0,33200.0,Put,-,-,-,-,196,-,-,0,0,0,8,85,284,1690,488
TXO,202703,20270317.0,33400.0,Call,-,-,-,-,13890,-,-,0,0,0,0,-,14110,-,-
TXO,202703,20270317.0,33400.0,Put,-,-,-,-,204,-,-,0,0,0,0,186,221,-,-
TXO,202703,20270317.0,33600.0,Call,-,-,-,-,13700,-,-,0,0,0,0,-,13870,-,-
TXO,202703,20270317.0,33600.0,Put,-,-,-,-,212,-,-,0,0,0,0,194,229,935,565
TXO,202703,20270317.0,33800.0,Call,-,-,-,-,13520,-,-,0,0,0,0,13430,-,-,-
TXO,202703,20270317.0,33800.0,Put,-,-,-,-,222,-,-,0,0,0,23,106,-,1850,585
TXO,202703,20270317.0,34000.0,Call,-,-,-,-,13330,-,-,0,0,0,0,13240,13560,-,-
TXO,202703,20270317.0,34000.0,Put,225,225,225,225,225,▲+14,▲+6.64%,0,1,1,8,-,390,1420,225
TXO,202703,20270317.0,34200.0,Call,-,-,-,-,13140,-,-,0,0,0,0,13040,-,-,-
TXO,202703,20270317.0,34200.0,Put,-,-,-,-,241,-,-,0,0,0,1,223,258,1390,740
TXO,202703,20270317.0,34400.0,Call,-,-,-,-,12950,-,-,0,0,0,0,12860,-,-,-
TXO,202703,20270317.0,34400.0,Put,-,-,-,-,252,-,-,0,0,0,0,234,269,-,-
TXO,202703,20270317.0,34600.0,Call,-,-,-,-,12770,-,-,0,0,0,0,12670,12900,-,-
TXO,202703,20270317.0,34600.0,Put,-,-,-,-,267,-,-,0,0,0,0,133,-,915,830
TXO,202703,20270317.0,34800.0,Call,-,-,-,-,12590,-,-,0,0,0,0,12480,12780,-,-
TXO,202703,20270317.0,34800.0,Put,-,-,-,-,284,-,-,0,0,0,1,257,292,1000,515
TXO,202703,20270317.0,35000.0,Call,-,-,-,-,12410,-,-,0,0,0,0,12300,12530,-,-
TXO,202703,20270317.0,35000.0,Put,-,-,-,-,302,-,-,0,0,0,25,164,365,1600,265
TXO,202703,20270317.0,35200.0,Call,-,-,-,-,12210,-,-,0,0,0,0,12130,-,-,-
TXO,202703,20270317.0,35200.0,Put,-,-,-,-,308,-,-,0,0,0,7,284,319,515,495
TXO,202703,20270317.0,35400.0,Call,-,-,-,-,12030,-,-,0,0,0,0,11940,-,-,-
TXO,202703,20270317.0,35400.0,Put,-,-,-,-,316,-,-,0,0,0,25,298,333,695,535
TXO,202703,20270317.0,35600.0,Call,-,-,-,-,11850,-,-,0,0,0,0,11740,-,-,-
TXO,202703,20270317.0,35600.0,Put,-,-,-,-,335,-,-,0,0,0,28,175,-,2340,560
TXO,202703,20270317.0,35800.0,Call,-,-,-,-,11670,-,-,0,0,0,0,11560,11810,-,-
TXO,202703,20270317.0,35800.0,Put,-,-,-,-,355,-,-,0,0,0,15,329,364,2050,590
TXO,202703,20270317.0,36000.0,Call,-,-,-,-,11490,-,-,0,0,0,0,11380,-,-,-
TXO,202703,20270317.0,36000.0,Put,340,353,338,353,376,▲+28,▲+8.62%,5,15,20,41,196,400,2380,310
TXO,202703,20270317.0,36200.0,Call,-,-,-,-,11300,-,-,0,0,0,0,11210,11440,-,-
TXO,202703,20270317.0,36200.0,Put,-,-,-,-,382,-,-,0,0,0,1,364,399,2050,1070
TXO,202703,20270317.0,36400.0,Call,-,-,-,-,11120,-,-,0,0,0,0,-,11250,-,-
TXO,202703,20270317.0,36400.0,Put,-,-,-,-,404,-,-,0,0,0,2,299,535,1800,520
TXO,202703,20270317.0,36600.0,Call,-,-,-,-,10950,-,-,0,0,0,4,10840,11070,13790,11300
TXO,202703,20270317.0,36600.0,Put,407,407,407,407,407,▲+41,▲+11.20%,3,1,4,21,313,525,2780,366
TXO,202703,20270317.0,36800.0,Call,-,-,-,-,10780,-,-,0,0,0,0,-,10890,-,-
TXO,202703,20270317.0,36800.0,Put,-,-,-,-,451,-,-,1,0,1,1,325,-,1990,391
TXO,202703,20270317.0,37000.0,Call,-,-,-,-,10600,-,-,0,0,0,0,10490,-,-,-
TXO,202703,20270317.0,37000.0,Put,-,-,-,-,477,-,-,0,0,0,30,454,499,2340,427
TXO,202703,20270317.0,37200.0,Call,-,-,-,-,10410,-,-,0,0,0,0,-,-,-,-
TXO,202703,20270317.0,37200.0,Put,-,-,-,-,483,-,-,0,0,0,3,460,505,1160,460
TXO,202703,20270317.0,37400.0,Call,-,-,-,-,10240,-,-,0,0,0,0,10140,-,-,-
TXO,202703,20270317.0,37400.0,Put,505,505,505,505,505,▲+57,▲+12.72%,0,1,1,4,485,530,2000,480
TXO,202703,20270317.0,37600.0,Call,-,-,-,-,10070,-,-,0,0,0,0,-,10180,-,-
TXO,202703,20270317.0,37600.0,Put,510,520,510,520,520,▲+40,▲+8.33%,0,2,2,5,510,555,3020,480
TXO,202703,20270317.0,37800.0,Call,-,-,-,-,9900,-,-,0,0,0,0,9790,-,-,-
TXO,202703,20270317.0,37800.0,Put,535,550,535,550,550,▲+55,▲+11.11%,0,2,2,3,413,-,1150,535
TXO,202703,20270317.0,38000.0,Call,-,-,-,-,9730,-,-,0,0,0,1,9630,-,11830,11830
TXO,202703,20270317.0,38000.0,Put,575,575,560,560,595,▲+45,▲+8.74%,0,2,2,8,570,620,2600,560
TXO,202703,20270317.0,38200.0,Call,-,-,-,-,9550,-,-,0,0,0,0,9460,9670,-,-
TXO,202703,20270317.0,38200.0,Put,-,-,-,-,610,-,-,0,0,0,1,-,-,1230,770
TXO,202703,20270317.0,38400.0,Call,-,-,-,-,9380,-,-,0,0,0,1,9290,9510,10180,10180
TXO,202703,20270317.0,38400.0,Put,-,-,-,-,640,-,-,0,0,0,1,483,-,1270,700
TXO,202703,20270317.0,38600.0,Call,-,-,-,-,9210,-,-,0,0,0,0,-,-,-,-
TXO,202703,20270317.0,38600.0,Put,-,-,-,-,670,-,-,0,0,0,2,640,695,2090,640
TXO,202703,20270317.0,38800.0,Call,-,-,-,-,9050,-,-,0,0,0,0,-,-,-,-
TXO,202703,20270317.0,38800.0,Put,-,-,-,-,700,-,-,0,0,0,1,615,-,2560,680
TXO,202703,20270317.0,39000.0,Call,-,-,-,-,8880,-,-,0,0,0,0,8810,8990,-,-
TXO,202703,20270317.0,39000.0,Put,705,730,705,730,730,▲+80,▲+12.31%,0,3,3,8,700,760,3400,705
TXO,202703,20270317.0,39200.0,Call,-,-,-,-,8720,-,-,0,0,0,0,8640,-,-,-
TXO,202703,20270317.0,39200.0,Put,-,-,-,-,765,-,-,0,0,0,1,680,-,2680,1450
TXO,202703,20270317.0,39400.0,Call,-,-,-,-,8550,-,-,0,0,0,0,-,8650,-,-
TXO,202703,20270317.0,39400.0,Put,-,-,-,-,805,-,-,0,0,0,2,695,880,2740,1500
TXO,202703,20270317.0,39600.0,Call,-,-,-,-,8400,-,-,0,0,0,0,-,8490,-,-
TXO,202703,20270317.0,39600.0,Put,-,-,-,-,840,-,-,0,0,0,4,800,870,2830,1000
TXO,202703,20270317.0,39800.0,Call,-,-,-,-,8240,-,-,0,0,0,0,-,8330,-,-
TXO,202703,20270317.0,39800.0,Put,-,-,-,-,885,-,-,0,0,0,11,610,950,3000,810
TXO,202703,20270317.0,40000.0,Call,-,-,-,-,8080,-,-,0,0,0,1,7970,-,11530,6000
TXO,202703,20270317.0,40000.0,Put,-,-,-,-,925,-,-,0,0,0,33,740,-,4200,810
TXO,202703,20270317.0,40200.0,Call,-,-,-,-,7920,-,-,0,0,0,0,7830,8010,-,-
TXO,202703,20270317.0,40200.0,Put,-,-,-,-,965,-,-,0,0,0,1,845,-,2460,2460
TXO,202703,20270317.0,40400.0,Call,-,-,-,-,7770,-,-,0,0,0,0,7650,7850,6450,5300
TXO,202703,20270317.0,40400.0,Put,-,-,-,-,1000,-,-,0,0,0,1,955,1020,1760,1760
TXO,202703,20270317.0,40600.0,Call,-,-,-,-,7610,-,-,0,0,0,0,-,-,6950,5530
TXO,202703,20270317.0,40600.0,Put,-,-,-,-,1050,-,-,0,0,0,0,-,-,-,-
TXO,202703,20270317.0,40800.0,Call,-,-,-,-,7440,-,-,0,0,0,0,-,-,-,-
TXO,202703,20270317.0,40800.0,Put,-,-,-,-,1080,-,-,0,0,0,1,960,-,4650,4650
TXO,202703,20270317.0,41000.0,Call,-,-,-,-,7280,-,-,0,0,0,0,-,7380,8000,5380
TXO,202703,20270317.0,41000.0,Put,-,-,-,-,1120,-,-,0,0,0,1,1000,-,4540,3040
TXO,202703,20270317.0,41200.0,Call,-,-,-,-,7130,-,-,0,0,0,0,7060,-,-,-
TXO,202703,20270317.0,41200.0,Put,-,-,-,-,1170,-,-,0,0,0,1,1120,1210,3000,1450
TXO,202703,20270317.0,41400.0,Call,-,-,-,-,6980,-,-,0,0,0,0,6890,7070,-,-
TXO,202703,20270317.0,41400.0,Put,-,-,-,-,1210,-,-,0,0,0,4,1160,1250,2050,1340
TXO,202703,20270317.0,41600.0,Call,-,-,-,-,6830,-,-,0,0,0,0,6750,6940,-,-
TXO,202703,20270317.0,41600.0,Put,-,-,-,-,1260,-,-,0,0,0,0,-,-,3390,1170
TXO,202703,20270317.0,41800.0,Call,-,-,-,-,6690,-,-,0,0,0,0,-,-,-,-
TXO,202703,20270317.0,41800.0,Put,-,-,-,-,1310,-,-,0,0,0,1,1260,1350,3200,2180
TXO,202703,20270317.0,42000.0,Call,-,-,-,-,6540,-,-,0,0,0,1,-,-,11500,4800
TXO,202703,20270317.0,42000.0,Put,-,-,-,-,1370,-,-,0,0,0,44,1320,1410,4320,1550
TXO,202703,20270317.0,42200.0,Call,-,-,-,-,6400,-,-,0,0,0,0,6310,-,-,-
TXO,202703,20270317.0,42200.0,Put,-,-,-,-,1420,-,-,0,0,0,1,-,1520,2260,2260
TXO,202703,20270317.0,42400.0,Call,-,-,-,-,6250,-,-,0,0,0,0,-,6340,-,-
TXO,202703,20270317.0,42400.0,Put,-,-,-,-,1470,-,-,0,0,0,1,1420,1510,2370,2370
TXO,202703,20270317.0,42600.0,Call,-,-,-,-,6110,-,-,0,0,0,1,6030,6190,6610,6610
TXO,202703,20270317.0,42600.0,Put,-,-,-,-,1530,-,-,0,0,0,1,1480,1570,2440,2440
TXO,202703,20270317.0,42800.0,Call,-,-,-,-,5970,-,-,0,0,0,1,5890,-,6480,6480
TXO,202703,20270317.0,42800.0,Put,-,-,-,-,1590,-,-,0,0,0,1,-,-,2690,2510
TXO,202703,20270317.0,43000.0,Call,-,-,-,-,5820,-,-,0,0,0,0,5750,-,-,-
TXO,202703,20270317.0,43000.0,Put,-,-,-,-,1640,-,-,0,0,0,4,1590,1680,4720,1460
TXO,202703,20270317.0,43200.0,Call,-,-,-,-,5690,-,-,0,0,0,1,5610,-,6230,6230
TXO,202703,20270317.0,43200.0,Put,-,-,-,-,1700,-,-,0,0,0,1,1550,-,2660,2660
TXO,202703,20270317.0,43400.0,Call,-,-,-,-,5550,-,-,0,0,0,1,5480,5640,6110,6110
TXO,202703,20270317.0,43400.0,Put,-,-,-,-,1760,-,-,0,0,0,1,1710,1810,3730,3730
TXO,202703,20270317.0,43600.0,Call,-,-,-,-,5420,-,-,0,0,0,1,-,-,5980,5980
TXO,202703,20270317.0,43600.0,Put,-,-,-,-,1830,-,-,0,0,0,0,1780,1880,6100,3200
TXO,202703,20270317.0,43800.0,Call,-,-,-,-,5290,-,-,0,0,0,0,5150,5450,-,-
TXO,202703,20270317.0,43800.0,Put,-,-,-,-,1900,-,-,0,0,0,1,1740,-,5820,5820
TXO,202703,20270317.0,44000.0,Call,-,-,-,-,5150,-,-,0,0,0,13,5050,5330,9500,5370
TXO,202703,20270317.0,44000.0,Put,1850,1870,1850,1870,1960,▲+120,▲+6.86%,0,10,10,12,1900,2010,5230,1850
TXO,202703,20270317.0,44200.0,Call,-,-,-,-,5030,-,-,0,0,0,2,4920,5200,6100,3340
TXO,202703,20270317.0,44200.0,Put,-,-,-,-,2030,-,-,0,0,0,1,1970,2080,3040,3040
TXO,202703,20270317.0,44400.0,Call,-,-,-,-,4910,-,-,0,0,0,2,4790,-,5500,5140
TXO,202703,20270317.0,44400.0,Put,2030,2030,2030,2030,2100,▲+140,▲+7.41%,0,1,1,1,2040,2160,3130,1920
TXO,202703,20270317.0,44600.0,Call,-,-,-,-,4790,-,-,0,0,0,2,4670,-,5300,3600
TXO,202703,20270317.0,44600.0,Put,2140,2140,2140,2140,2180,▲+190,▲+9.74%,0,1,1,1,2120,2240,3210,1990
TXO,202703,20270317.0,44800.0,Call,-,-,-,-,4670,-,-,0,0,0,1,4560,4820,4880,4470
TXO,202703,20270317.0,44800.0,Put,-,-,-,-,2270,-,-,0,0,0,5,1770,2360,5330,3290
TXO,202703,20270317.0,45000.0,Call,-,-,-,-,4560,-,-,0,0,0,21,4420,4680,5180,3280
TXO,202703,20270317.0,45000.0,Put,-,-,-,-,2350,-,-,0,0,0,2,0.3,-,5500,3300
TXO,202703,20270317.0,45200.0,Call,-,-,-,-,4420,-,-,0,0,0,3,4320,4550,5400,4800
TXO,202703,20270317.0,45200.0,Put,-,-,-,-,2410,-,-,0,0,0,1,2340,2480,3470,3470
TXO,202703,20270317.0,45400.0,Call,-,-,-,-,4310,-,-,0,0,0,1,4180,-,4940,4000
TXO,202703,20270317.0,45400.0,Put,-,-,-,-,2500,-,-,0,0,0,2,2400,-,3560,2900
TXO,202703,20270317.0,45600.0,Call,-,-,-,-,4200,-,-,0,0,0,1,-,-,4850,4850
TXO,202703,20270317.0,45600.0,Put,-,-,-,-,2580,-,-,0,0,0,1,2500,2640,3650,3650
TXO,202703,20270317.0,45800.0,Call,-,-,-,-,4090,-,-,0,0,0,1,3980,4200,4720,4720
TXO,202703,20270317.0,45800.0,Put,-,-,-,-,2670,-,-,0,0,0,1,2580,2720,3740,3740
TXO,202703,20270317.0,46000.0,Call,-,-,-,-,3980,-,-,0,0,0,12,3870,4090,8000,3110
TXO,202703,20270317.0,46000.0,Put,-,-,-,-,2760,-,-,0,0,0,4,0.3,2850,5700,3830
TXO,202703,20270317.0,46200.0,Call,-,-,-,-,3840,-,-,0,0,0,1,0.2,-,4510,4510
TXO,202703,20270317.0,46200.0,Put,-,-,-,-,2820,-,-,0,0,0,1,0.3,-,3930,3930
TXO,202703,20270317.0,46400.0,Call,-,-,-,-,3730,-,-,0,0,0,1,3630,-,4410,4410
TXO,202703,20270317.0,46400.0,Put,-,-,-,-,2910,-,-,0,0,0,1,2780,-,4020,4020
TXO,202703,20270317.0,46600.0,Call,-,-,-,-,3630,-,-,0,0,0,2,0.2,-,7460,7430
TXO,202703,20270317.0,46600.0,Put,-,-,-,-,3010,-,-,0,0,0,1,2920,3080,4120,4120
TXO,202703,20270317.0,46800.0,Call,-,-,-,-,3540,-,-,0,0,0,8,3420,-,4200,3240
TXO,202703,20270317.0,46800.0,Put,-,-,-,-,3110,-,-,0,0,0,1,3020,3200,4220,4220
TXO,202703,20270317.0,47000.0,Call,-,-,-,-,3430,-,-,0,0,0,7,3320,-,7200,3150
TXO,202703,20270317.0,47000.0,Put,-,-,-,-,3200,-,-,0,0,0,2,3060,-,4780,4300
TXO,202703,20270317.0,47200.0,Call,-,-,-,-,3330,-,-,0,0,0,1,3210,3390,4010,4010
TXO,202703,20270317.0,47200.0,Put,-,-,-,-,3300,-,-,0,0,0,1,3210,3390,4420,4420
TXO,202703,20270317.0,47400.0,Call,-,-,-,-,3220,-,-,0,0,0,1,3100,-,3910,3910
TXO,202703,20270317.0,47400.0,Put,-,-,-,-,3390,-,-,0,0,0,3,3230,-,4430,4430
TXO,202703,20270317.0,47600.0,Call,-,-,-,-,3120,-,-,0,0,0,1,3020,-,3510,3510
TXO,202703,20270317.0,47600.0,Put,-,-,-,-,3480,-,-,0,0,0,3,3340,-,4630,4530
TXO,202703,20270317.0,47800.0,Call,-,-,-,-,3030,-,-,0,0,0,1,2940,3100,3720,3720
TXO,202703,20270317.0,47800.0,Put,-,-,-,-,3590,-,-,0,0,0,3,3510,3710,4740,4640
TXO,202703,20270317.0,48000.0,Call,-,-,-,-,2950,-,-,0,0,0,4,1.5,-,3920,3150
TXO,202703,20270317.0,48000.0,Put,-,-,-,-,3710,-,-,0,0,0,10,3550,-,8820,3460
TXO,202703,20270317.0,48200.0,Call,-,-,-,-,2860,-,-,0,0,0,3,0.2,-,3530,3530
TXO,202703,20270317.0,48200.0,Put,-,-,-,-,3820,-,-,0,0,0,1,0.3,3890,4870,4870
TXO,202703,20270317.0,48400.0,Call,-,-,-,-,2780,-,-,0,0,0,3,2700,2860,7100,2350
TXO,202703,20270317.0,48400.0,Put,-,-,-,-,3940,-,-,0,0,0,1,3770,3990,4980,4980
TXO,202703,20270317.0,48600.0,Call,-,-,-,-,2680,-,-,0,0,0,4,2590,2730,6300,2140
TXO,202703,20270317.0,48600.0,Put,-,-,-,-,4040,-,-,0,0,0,1,3950,4120,5100,5100
TXO,202703,20270317.0,48800.0,Call,-,-,-,-,2590,-,-,0,0,0,1,2520,2660,2260,2260
TXO,202703,20270317.0,48800.0,Put,-,-,-,-,4140,-,-,0,0,0,1,4080,4240,5210,5210
TXO,202703,20270317.0,49000.0,Call,-,-,-,-,2490,-,-,0,0,0,31,2410,-,6150,2040
TXO,202703,20270317.0,49000.0,Put,-,-,-,-,4240,-,-,0,0,0,5,4190,4330,6880,5330
TXO,202703,20270317.0,49200.0,Call,-,-,-,-,2410,-,-,0,0,0,5,0.2,-,6280,2000
TXO,202703,20270317.0,49200.0,Put,-,-,-,-,4360,-,-,0,0,0,2,4290,4450,5440,5340
TXO,202703,20270317.0,49400.0,Call,-,-,-,-,2340,-,-,0,0,0,5,2240,-,5760,2950
TXO,202703,20270317.0,49400.0,Put,-,-,-,-,4490,-,-,0,0,0,1,4380,4570,5560,5560
TXO,202703,20270317.0,49600.0,Call,-,-,-,-,2260,-,-,0,0,0,1,2200,2320,3030,3030
TXO,202703,20270317.0,49600.0,Put,-,-,-,-,4600,-,-,0,0,0,1,4470,4690,5680,5680
TXO,202703,20270317.0,49800.0,Call,-,-,-,-,2180,-,-,0,0,0,1,2070,-,2950,2950
TXO,202703,20270317.0,49800.0,Put,-,-,-,-,4720,-,-,0,0,0,1,4660,-,5800,5800
TXO,202703,20270317.0,50000.0,Call,-,-,-,-,2110,-,-,0,0,0,27,2030,2150,7300,1800
TXO,202703,20270317.0,50000.0,Put,-,-,-,-,4850,-,-,0,0,0,20,4780,4960,10120,5930
TXO,202703,20270317.0,50200.0,Call,-,-,-,-,2040,-,-,0,0,0,1,0.2,-,5650,1610
TXO,202703,20270317.0,50200.0,Put,-,-,-,-,4980,-,-,0,0,0,1,4920,-,6050,6050
TXO,202703,20270317.0,50400.0,Call,-,-,-,-,1980,-,-,0,0,0,5,0.2,-,2860,1750
TXO,202703,20270317.0,50400.0,Put,-,-,-,-,5120,-,-,0,0,0,1,5030,5210,6200,6200
TXO,202703,20270317.0,50600.0,Call,-,-,-,-,1910,-,-,0,0,0,1,1820,-,2800,2240
TXO,202703,20270317.0,50600.0,Put,-,-,-,-,5250,-,-,0,0,0,1,5100,-,6300,6300
TXO,202703,20270317.0,50800.0,Call,-,-,-,-,1850,-,-,0,0,0,2,1780,1880,2580,1770
TXO,202703,20270317.0,50800.0,Put,-,-,-,-,5380,-,-,0,0,0,1,5300,5480,6430,6430
TXO,202703,20270317.0,51000.0,Call,1930,1930,1850,1850,1780,▼-220,▼-10.63%,0,4,4,6,1680,-,6190,1480
TXO,202703,20270317.0,51000.0,Put,-,-,-,-,5510,-,-,0,0,0,1,5450,-,6560,6560
TXO,202703,20270317.0,51200.0,Call,-,-,-,-,1720,-,-,0,0,0,2,1610,-,3190,1560
TXO,202703,20270317.0,51200.0,Put,-,-,-,-,5650,-,-,0,0,0,1,5570,-,6690,6690
TXO,202703,20270317.0,51400.0,Call,-,-,-,-,1640,-,-,0,0,0,1,1550,-,5950,1480
TXO,202703,20270317.0,51400.0,Put,-,-,-,-,5770,-,-,0,0,0,1,5730,5880,6830,6830
TXO,202703,20270317.0,51600.0,Call,-,-,-,-,1590,-,-,0,0,0,5,1540,1630,5400,1490
TXO,202703,20270317.0,51600.0,Put,-,-,-,-,5910,-,-,0,0,0,1,5840,6020,6960,6960
TXO,202703,20270317.0,51800.0,Call,-,-,-,-,1530,-,-,0,0,0,1,1450,-,4720,4600
TXO,202703,20270317.0,51800.0,Put,-,-,-,-,6060,-,-,0,0,0,1,-,-,7090,7090
TXO,202703,20270317.0,52000.0,Call,-,-,-,-,1480,-,-,0,0,0,13,1380,-,5800,1410
TXO,202703,20270317.0,52000.0,Put,-,-,-,-,6200,-,-,0,0,0,1,6130,6310,7230,7230
TXO,202703,20270317.0,52200.0,Call,-,-,-,-,1420,-,-,0,0,0,1,1380,1470,2120,2120
TXO,202703,20270317.0,52200.0,Put,-,-,-,-,6340,-,-,0,0,0,1,-,-,7370,7370
TXO,202703,20270317.0,52400.0,Call,1440,1440,1440,1440,1360,▼-170,▼-10.56%,0,1,1,1,1320,1410,4900,1440
TXO,202703,20270317.0,52400.0,Put,-,-,-,-,6480,-,-,0,0,0,1,6370,6590,7510,7510
TXO,202703,20270317.0,52600.0,Call,-,-,-,-,1320,-,-,0,0,0,2,1270,1360,2230,1520
TXO,202703,20270317.0,52600.0,Put,-,-,-,-,6630,-,-,0,0,0,1,6520,-,7650,7650
TXO,202703,20270317.0,52800.0,Call,-,-,-,-,1270,-,-,0,0,0,1,1220,1310,4470,1340
TXO,202703,20270317.0,52800.0,Put,-,-,-,-,6780,-,-,0,0,0,1,6710,6900,7790,7790
TXO,202703,20270317.0,53000.0,Call,1240,1240,1240,1240,1240,▼-210,▼-14.48%,0,1,1,8,-,-,4850,1160
TXO,202703,20270317.0,53000.0,Put,-,-,-,-,6940,-,-,0,0,0,0,-,7060,-,-
TXO,202703,20270317.0,53200.0,Call,-,-,-,-,1180,-,-,0,0,0,2,1130,1220,4700,1280
TXO,202703,20270317.0,53200.0,Put,-,-,-,-,7090,-,-,0,0,0,1,7030,-,8070,8070
TXO,202703,20270317.0,53400.0,Call,-,-,-,-,1140,-,-,0,0,0,1,1090,1180,1860,1780
TXO,202703,20270317.0,53400.0,Put,-,-,-,-,7250,-,-,0,0,0,1,7180,-,8400,8220
TXO,202703,20270317.0,53600.0,Call,1120,1120,1120,1120,1120,▼-170,▼-13.18%,0,1,1,2,1040,1130,1890,1120
TXO,202703,20270317.0,53600.0,Put,-,-,-,-,7410,-,-,0,0,0,0,-,-,-,-
TXO,202703,20270317.0,53800.0,Call,-,-,-,-,1060,-,-,0,0,0,2,-,1160,4600,1000
TXO,202703,20270317.0,53800.0,Put,-,-,-,-,7560,-,-,0,0,0,0,-,7680,-,-
TXO,202703,20270317.0,54000.0,Call,1020,1020,1020,1020,1020,▼-160,▼-13.56%,0,1,1,17,975,1040,4820,905
TXO,202703,20270317.0,54000.0,Put,-,-,-,-,7720,-,-,0,0,0,0,7670,7840,-,-
TXO,202703,20270317.0,54200.0,Call,-,-,-,-,985,-,-,2,0,2,3,940,1010,1770,920
TXO,202703,20270317.0,54200.0,Put,-,-,-,-,7880,-,-,0,0,0,0,7830,-,-,-
TXO,202703,20270317.0,54400.0,Call,-,-,-,-,950,-,-,0,0,0,11,-,1030,1810,910
TXO,202703,20270317.0,54400.0,Put,-,-,-,-,8050,-,-,0,0,0,0,7980,-,-,-
TXO,202703,20270317.0,54600.0,Call,-,-,-,-,915,-,-,0,0,0,3,840,-,1740,870
TXO,202703,20270317.0,54600.0,Put,-,-,-,-,8210,-,-,0,0,0,0,8140,8330,-,-
TXO,202703,20270317.0,54800.0,Call,-,-,-,-,880,-,-,0,0,0,4,830,900,1450,845
TXO,202703,20270317.0,54800.0,Put,-,-,-,-,8370,-,-,0,0,0,0,8300,-,-,-
TXO,202703,20270317.0,55000.0,Call,-,-,-,-,850,-,-,0,0,0,21,770,-,3600,805
TXO,202703,20270317.0,55000.0,Put,-,-,-,-,8540,-,-,0,0,0,0,8480,8670,-,-
TXO,202703,20270317.0,55200.0,Call,-,-,-,-,810,-,-,0,0,0,2,720,-,4510,1700
TXO,202703,20270317.0,55200.0,Put,-,-,-,-,8700,-,-,0,0,0,0,8640,8840,-,-
TXO,202703,20270317.0,55400.0,Call,-,-,-,-,775,-,-,0,0,0,1,735,800,1320,1320
TXO,202703,20270317.0,55400.0,Put,-,-,-,-,8860,-,-,0,0,0,0,-,9010,-,-
TXO,202703,20270317.0,55600.0,Call,-,-,-,-,740,-,-,0,0,0,1,650,-,1730,1730
TXO,202703,20270317.0,55600.0,Put,-,-,-,-,9020,-,-,0,0,0,0,-,9180,-,-
TXO,202703,20270317.0,55800.0,Call,-,-,-,-,710,-,-,0,0,0,2,-,870,4340,1240
TXO,202703,20270317.0,55800.0,Put,-,-,-,-,9190,-,-,0,0,0,0,-,-,-,-
TXO,202703,20270317.0,56000.0,Call,-,-,-,-,680,-,-,0,0,0,8,590,-,2570,740
TXO,202703,20270317.0,56000.0,Put,-,-,-,-,9360,-,-,0,0,0,0,9330,-,14710,10440
TXO,202703,20270317.0,56200.0,Call,-,-,-,-,650,-,-,0,0,0,2,565,810,1370,1000
TXO,202703,20270317.0,56200.0,Put,-,-,-,-,9530,-,-,0,0,0,0,9480,9700,-,-
TXO,202703,20270317.0,56400.0,Call,-,-,-,-,630,-,-,0,0,0,31,605,655,1140,710
TXO,202703,20270317.0,56400.0,Put,-,-,-,-,9710,-,-,0,0,0,0,9670,-,-,-
TXO,202703,20270317.0,56600.0,Call,-,-,-,-,605,-,-,0,0,0,1,510,-,1760,700
TXO,202703,20270317.0,56600.0,Put,-,-,-,-,9880,-,-,0,0,0,0,9830,-,-,-
TXO,202703,20270317.0,56800.0,Call,635,635,615,615,585,▼-85,▼-12.14%,2,9,11,12,-,685,1070,615
TXO,202703,20270317.0,56800.0,Put,-,-,-,-,10060,-,-,0,0,0,0,-,10220,-,-
TXO,202703,20270317.0,57000.0,Call,-,-,-,-,565,-,-,0,0,0,11,277,705,2950,535
TXO,202703,20270317.0,57000.0,Put,-,-,-,-,10230,-,-,0,0,0,0,-,10400,-,-
TXO,202703,20270317.0,57200.0,Call,-,-,-,-,545,-,-,0,0,0,17,515,560,3450,580
TXO,202703,20270317.0,57200.0,Put,-,-,-,-,10410,-,-,0,0,0,0,-,-,-,-
TXO,202703,20270317.0,57400.0,Call,535,535,515,520,520,▼-80,▼-13.33%,1,4,5,210,505,550,3760,385
TXO,202703,20270317.0,57400.0,Put,-,-,-,-,10590,-,-,0,0,0,0,-,-,-,-
