排名,代號,名稱,市 場,成交,漲跌 價,漲跌 幅,成交 張數,法人 買賣 日期,外資 買賣超 張數,投信 買賣超 張數,自營 買賣超 張數,合計 買賣超 張數,外資 持有 (千張),外資 持股 (%),法人 買賣超 註記
1,2923,鼎固-KY,市,25.4,-0.05,-0.2,44,10/01,18,0,-11,7,1732.0,99.5,＋・－
2,8482,商億-KY,市,48.85,-0.35,-0.71,1,10/01,0,0,0,0,98.6,91.8,・・・
3,8455,大拓-KY,櫃,22.1,0.0,0.0,3,10/01,0,0,0,0,22.2,87.8,・・・
4,6230,尼得科超眾,市,111.0,-2.0,-1.77,38,10/01,7,0,0,7,75.2,87.1,＋・・
5,6890,來億-KY,市,148.5,0.5,0.34,153,10/01,-31,40,1,10,214.0,85.9,－＋＋
6,4560,強信-KY,市,29.4,-0.5,-1.67,229,10/01,-69,0,5,-64,56.8,83.3,－・＋
7,2762,世界健身-KY,市,78.4,-0.8,-1.01,116,10/01,3,0,-3,0,92.6,82.3,＋・－
8,00991B,貝萊德A級公司債,市,14.29,-0.04,-0.28,258,10/01,234,0,-251,-17,214.0,82.1,＋・－
9,6415,矽力*-KY,市,413.0,4.0,0.98,1083,10/01,17,-28,11,-1,315.0,81.1,＋－＋
10,1590,亞德客-KY,市,1185.0,-15.0,-1.25,668,10/01,-47,3,-2,-46,160.0,80.1,－＋－
11,1341,富林-KY,市,59.0,-0.9,-1.5,2,10/01,0,0,0,0,42.3,80.0,・・・
12,006203,元大MSCI台灣,市,203.3,0.1,0.05,8,10/01,0,0,2,2,8.03,78.6,・・＋
13,3711,日月光投控,市,710.0,7.0,1.0,8886,10/01,458,227,57,742,3487.0,78.0,＋＋＋
14,6965,中傑-KY,市,63.2,-0.5,-0.78,48,10/01,14,0,0,14,121.0,77.4,＋・・
15,5276,達輝-KY,櫃,17.3,-0.3,-1.7,7,10/01,0,0,0,0,30.4,77.0,・・・
16,6629,泰金-KY,櫃,103.5,0.0,0.0,4,10/01,0,0,0,0,29.5,76.9,・・・
17,2239,英利-KY,市,19.05,0.1,0.53,28,10/01,2,0,0,2,88.7,75.3,＋・・
18,6666,羅麗芬-KY,市,45.95,0.4,0.88,1,10/01,0,0,0,0,35.7,75.3,・・・
19,6924,榮惠-KY創,市,134.0,-1.0,-0.74,20,10/01,6,0,-3,3,15.5,75.2,＋・－
20,8291,尚茂,櫃,28.35,-0.2,-0.7,22,10/01,-1,0,0,-1,12.9,74.1,－・・
21,8499,鼎炫-KY,市,256.0,-2.0,-0.78,8,10/01,4,0,0,4,29.7,72.2,＋・・
22,4148,全宇生技-KY,市,31.8,-0.2,-0.62,26,10/01,-4,0,0,-4,48.0,71.3,－・・
23,6781,AES-KY,市,1025.0,5.0,0.49,174,10/01,-13,0,8,-5,60.0,70.3,－・＋
24,8488,吉源-KY,市,9.84,-0.11,-1.11,13,10/01,-6,0,0,-6,51.3,69.8,－・－
25,3093,港建*,櫃,45.85,1.15,2.57,267,10/01,67,0,1,68,101.0,69.6,＋・＋
26,2330,台積電,市,2510.0,30.0,1.21,20666,10/01,3091,596,603,4290,17941.0,69.2,＋＋＋
27,6863,永道-KY,市,95.5,0.2,0.21,53,10/01,4,0,0,4,51.7,69.1,＋・・
28,8426,紅木-KY,櫃,20.65,0.0,0.0,18,10/01,3,0,0,3,34.4,68.5,＋・・
29,2754,亞洲藏壽司,櫃,68.0,0.0,0.0,8,10/01,0,0,0,0,31.9,67.9,・・・
30,2029,盛餘,市,22.0,-0.45,-2.0,511,10/01,-203,0,0,-203,218.0,67.8,－・・
31,4807,日成-KY,市,29.8,0.45,1.53,61,10/01,12,0,0,12,33.1,67.4,＋・・
32,4569,六方科-KY,市,155.0,-2.5,-1.59,19,10/01,-3,0,1,-2,20.5,67.0,－・＋
33,2924,宏太-KY,櫃,18.85,0.55,3.01,1,10/01,0,0,0,0,34.8,66.8,・・・
34,6862,三集瑞-KY,市,142.0,4.0,2.9,341,10/01,10,0,0,10,32.4,64.8,＋・＋
35,5538,東明-KY,市,35.95,-0.3,-0.83,46,10/01,-10,0,0,-10,129.0,64.0,－・・
36,6451,訊芯-KY,市,413.0,-7.5,-1.78,859,10/01,-163,0,-2,-165,70.9,63.2,－・－
37,4571,鈞興-KY,市,154.0,0.5,0.33,57,10/01,1,0,0,1,33.5,63.1,＋・・
38,4442,竣邦-KY,櫃,54.0,-0.1,-0.18,20,10/01,-2,0,1,-1,19.8,61.6,－・＋
39,2308,台達電,市,1905.0,15.0,0.79,6120,10/01,-726,117,-20,-629,1598.0,61.5,－＋－
40,4439,冠星-KY,市,97.7,-0.7,-0.71,6,10/01,-1,0,1,0,23.3,61.2,－・＋
41,5288,豐祥-KY,市,190.0,6.5,3.54,344,10/01,198,-10,-8,180,42.0,60.1,＋－－
42,3675,德微,櫃,359.0,29.0,8.79,2918,10/01,198,102,81,381,31.7,59.8,＋＋＋
43,2360,致茂,市,2080.0,-55.0,-2.58,2620,10/01,308,-1063,76,-679,252.0,59.4,＋－＋
44,2849,安泰銀,市,16.0,-0.05,-0.31,54,10/01,2,0,-4,-2,1156.0,59.0,＋・－
45,4190,佐登-KY,市,25.0,0.05,0.2,10,10/01,-1,0,0,-1,36.1,58.9,－・・
46,7722,LINEPAY,市,260.0,1.0,0.39,26,10/01,-2,0,-1,-3,42.0,58.8,－・－
47,3529,力旺,櫃,3245.0,-60.0,-1.82,1121,10/01,-70,58,-12,-24,43.3,57.9,－＋－
48,6768,志強-KY,市,63.3,0.6,0.96,106,10/01,47,0,0,47,115.0,57.6,＋・・
49,2345,智邦,市,1900.0,125.0,7.04,5872,10/01,487,-431,43,99,319.0,56.8,＋－＋
50,6431,光麗-KY,市,17.6,0.0,0.0,92,10/01,-3,0,0,-3,54.9,56.4,－・・
51,6616,特昇-KY,櫃,8.26,0.08,0.98,14,10/01,0,0,0,0,20.0,56.4,・・・
52,2454,聯發科,市,4980.0,60.0,1.22,4378,10/01,-572,33,74,-465,903.0,56.2,－＋＋
53,8442,威宏-KY,市,45.6,0.0,0.0,22,10/01,1,0,1,2,39.2,55.9,＋＋＋
54,5876,上海商銀,市,48.4,-0.75,-1.53,10364,10/01,4589,-3898,415,1107,2734.0,55.7,＋－＋
55,5530,龍巖,櫃,48.75,-0.1,-0.2,65,10/01,19,0,1,20,231.0,55.0,＋・＋
56,6609,瀧澤科,櫃,39.55,-0.4,-1.0,62,10/01,-28,0,0,-28,39.5,54.6,－・＋
57,6573,虹揚-KY,市,16.3,-0.15,-0.91,78,10/01,36,0,0,36,43.9,54.5,＋・・
58,3017,奇鋐,市,3510.0,75.0,2.18,3303,10/01,-5,-30,41,6,213.0,54.2,－－＋
59,8182,加高,櫃,44.25,2.85,6.88,3734,10/01,804,0,2,806,58.0,54.2,＋・＋
60,8411,福貞-KY,市,11.9,0.0,0.0,82,10/01,2,0,-45,-43,118.0,54.0,＋・－
61,5546,永固-KY,市,13.85,-0.5,-3.48,64,10/01,-4,0,0,-4,44.4,53.9,－・・
62,4551,智伸科,市,172.5,-2.0,-1.15,1565,10/01,-336,0,-1,-337,61.6,53.4,－・－
63,5274,信驊,櫃,19040.0,290.0,1.55,126,10/01,-15,1,3,-12,22.2,53.4,－＋＋
64,6887,寶綠特-KY,市,37.95,-0.15,-0.39,10,10/01,1,0,1,2,39.6,53.4,＋・＋
65,4137,麗豐-KY,市,76.3,-1.0,-1.29,97,10/01,-38,1,0,-37,44.0,53.4,－＋・
66,4958,臻鼎-KY,市,510.0,3.0,0.59,31695,10/01,236,-500,191,-72,567.0,52.9,＋－＋
67,8404,百和興業-KY,市,13.3,0.05,0.38,317,10/01,80,0,1,81,222.0,52.9,＋・＋
68,6907,雅特力-KY,櫃,198.5,10.5,5.59,2990,10/01,-20,0,167,147,32.7,52.4,－・＋
69,5243,乙盛-KY,市,93.2,1.7,1.86,1158,10/01,1,0,62,63,87.8,52.1,＋・＋
70,6409,旭隼,市,891.0,-16.0,-1.76,175,10/01,-92,0,-12,-103,45.9,52.0,－・－
71,5907,大洋-KY,市,4.8,-0.01,-0.21,233,10/01,6,0,0,6,102.0,51.9,＋・・
72,5340,建榮,櫃,80.4,-0.6,-0.74,786,10/01,-41,0,-27,-68,101.0,51.8,－・－
73,1735,日勝化,市,20.15,-0.05,-0.25,52,10/01,5,0,0,5,51.2,51.5,＋・・
74,8077,洛碁,櫃,41.8,-0.35,-0.83,1,10/01,0,0,0,0,11.2,51.1,・・・
75,5903,全家,櫃,186.0,0.0,0.0,17,10/01,2,0,0,2,114.0,51.0,＋・＋
76,6124,業強,櫃,27.2,0.0,0.0,6,10/01,1,0,0,1,93.1,51.0,＋・・
77,2248,華勝-KY,市,61.4,0.1,0.16,6,10/01,-2,0,0,-2,24.2,50.8,－・・
78,3162,精確,櫃,87.5,2.1,2.46,7506,10/01,1161,0,14,1175,78.0,50.6,＋・＋
79,8466,美吉吉-KY,市,15.15,0.05,0.33,15,10/01,4,0,1,5,40.1,50.5,＋・＋
80,3661,世芯-KY,市,3765.0,25.0,0.67,953,10/01,-163,-1,2,-162,43.5,50.4,－－＋
81,2236,百達-KY,市,108.5,-1.0,-0.91,414,10/01,-44,0,1,-43,31.2,50.2,－・＋
82,5284,jpp-KY,市,298.0,-1.5,-0.5,160,10/01,-6,0,-2,-8,27.6,50.1,－・－
83,3624,光頡,櫃,151.0,13.5,9.82,31090,10/01,796,0,152,947,58.7,50.0,＋・＋
84,1795,美時,市,177.0,-2.0,-1.12,682,10/01,-242,0,31,-211,135.0,49.9,－・＋
85,3665,貿聯-KY,市,2555.0,-40.0,-1.54,3056,10/01,-482,486,-56,-53,96.8,49.6,－＋－
86,00986B,FT金融債10+,櫃,9.15,-0.11,-1.19,135,10/01,-72,0,85,13,10.2,49.2,－・＋
87,6456,GIS-KY,市,87.9,-4.1,-4.46,20201,10/01,81,0,-470,-389,165.0,48.7,＋・－
88,3044,健鼎,市,529.0,4.0,0.76,1558,10/01,218,-250,61,29,255.0,48.5,＋－＋
89,2615,萬海,市,112.5,-1.5,-1.32,4210,10/01,246,189,-208,227,1358.0,48.4,＋＋－
90,2605,新興,市,35.4,-0.15,-0.42,4548,10/01,-1076,0,-58,-1134,283.0,48.3,－・－
91,8016,矽創,市,288.5,4.5,1.58,500,10/01,139,24,8,171,56.1,46.7,＋＋＋
92,2723,美食-KY,市,77.5,0.1,0.13,142,10/01,-29,0,-4,-33,83.7,46.5,－・－
93,4763,材料*-KY,市,46.85,-2.05,-4.19,11589,10/01,-3149,-1982,-266,-5397,460.0,46.5,－－－
94,8467,波力-KY,市,88.1,0.4,0.46,6,10/01,2,0,0,2,22.5,46.5,＋・・
95,2379,瑞昱,市,762.0,2.0,0.26,3150,10/01,740,375,99,1214,239.0,46.3,＋＋＋
96,8150,南茂,市,115.5,1.0,0.87,72187,10/01,2193,40,-357,1876,325.0,46.1,＋＋－
97,3570,大塚,櫃,170.5,3.5,2.1,113,10/01,-17,0,0,-17,7.83,45.8,－・・
98,6195,詩肯,櫃,28.2,-0.05,-0.18,10,10/01,0,0,0,0,22.8,45.4,・・＋
99,3034,聯詠,市,547.0,1.0,0.18,2452,10/01,470,118,15,603,276.0,45.4,＋＋＋
100,6121,新普,櫃,379.5,2.5,0.66,299,10/01,-31,3,-1,-29,83.9,45.3,－＋－
101,6741,91APP*-KY,櫃,55.6,0.5,0.91,98,10/01,15,0,0,15,54.1,44.9,＋・・
102,8299,群聯,櫃,2110.0,-40.0,-1.86,1963,10/01,-453,8,-42,-488,98.5,44.6,－＋－
103,2115,六暉-KY,市,23.85,-0.05,-0.21,35,10/01,-1,0,0,-1,46.4,44.4,－・・
104,8444,綠河-KY,櫃,4.35,0.0,0.0,0,10/01,0,0,0,0,55.5,44.4,・・・
105,2327,國巨*,市,602.0,54.0,9.85,74137,10/01,23394,1204,1524,26122,910.0,44.2,＋＋＋
106,3532,台勝科,市,474.0,3.0,0.64,9721,10/01,-125,-155,-128,-408,171.0,44.0,－－－
107,4702,中美實,櫃,9.28,-0.03,-0.32,71,10/01,-3,0,0,-3,31.8,44.0,－・・
108,6414,樺漢,市,402.5,10.5,2.68,1615,10/01,494,58,34,586,64.0,43.9,＋＋＋
109,1626,艾美特-KY,市,9.72,0.12,1.25,14,10/01,4,0,0,4,65.7,43.9,＋・・
110,2527,宏璟,市,49.1,-0.9,-1.8,842,10/01,-418,0,4,-414,118.0,43.8,－・＋
111,5871,中租-KY,市,107.5,0.5,0.47,7876,10/01,-2151,256,35,-1860,764.0,43.7,－＋＋
112,2383,台光電,市,4975.0,40.0,0.81,1363,10/01,-202,-66,9,-259,156.0,43.6,－－＋
113,3533,嘉澤,市,1855.0,85.0,4.8,2677,10/01,114,1,46,161,48.9,43.5,＋＋＋
114,6807,峰源-KY,市,32.3,0.0,0.0,15,10/01,-3,0,0,-3,23.5,43.4,－・・
115,4552,力達-KY,市,15.65,-0.15,-0.95,67,10/01,-34,0,0,-34,49.7,42.9,－・・
116,2301,光寶科,市,284.5,5.0,1.79,9330,10/01,999,-169,366,1196,992.0,42.8,＋－＋
117,5536,聖暉*,櫃,959.0,40.0,4.35,2144,10/01,-415,455,20,60,52.9,42.6,－＋＋
118,3023,信邦,市,309.0,2.0,0.65,716,10/01,231,-26,20,226,101.0,42.2,＋－＋
119,5223,安力-KY,櫃,23.4,0.3,1.3,8,10/01,-2,0,0,-2,18.8,42.2,－・・
120,3037,欣興,市,1215.0,40.0,3.4,15498,10/01,344,627,69,1040,688.0,41.9,＋＋＋
121,9802,鈺齊-KY,市,64.8,0.0,0.0,566,10/01,187,-205,0,-18,83.8,41.7,＋－－
122,6259,百徽,櫃,31.8,1.55,5.12,822,10/01,78,0,9,87,11.6,41.3,＋・＋
123,2303,聯電,市,161.5,7.0,4.53,114242,10/01,25461,1845,1768,29074,5176.0,41.2,＋＋＋
124,3530,晶相光,市,59.0,-0.2,-0.34,84,10/01,12,0,0,12,31.8,41.0,＋＋・
125,8464,億豐,市,362.5,-4.0,-1.09,189,10/01,-32,-1,0,-33,120.0,40.8,－－－
126,1560,中砂,市,1000.0,37.0,3.84,1593,10/01,234,70,49,353,60.9,40.7,＋＋＋
127,2227,裕日車,市,45.0,0.0,0.0,27,10/01,3,0,0,3,121.0,40.4,＋・・
128,6534,正瀚-創,市,90.8,0.2,0.22,13,10/01,0,0,0,0,41.5,40.4,・・－
129,2317,鴻海,市,254.0,2.5,0.99,30527,10/01,5092,204,357,5653,5660.0,40.3,＋＋＋
130,8105,凌巨,市,15.45,-0.9,-5.5,6434,10/01,-1991,0,33,-1958,178.0,40.2,－・＋
131,8069,元太,櫃,144.0,0.0,0.0,4089,10/01,-27,-3,-13,-43,464.0,40.2,－－－
132,3086,華義*,櫃,27.35,-0.05,-0.18,65,10/01,22,0,-4,18,110.0,40.2,＋・－
133,6671,三能-KY,市,22.85,0.15,0.66,34,10/01,0,0,0,0,24.3,40.0,・・・
134,3630,新鉅科,櫃,26.9,-0.05,-0.19,410,10/01,4,0,0,3,81.7,40.0,＋・－
135,3324,雙鴻,櫃,1525.0,-5.0,-0.33,3095,10/01,-561,4,130,-427,37.2,40.0,－＋＋
136,5225,東科-KY,市,55.5,0.1,0.18,64,10/01,12,0,0,13,31.6,40.0,＋＋＋
137,8478,東哥遊艇,市,141.5,0.5,0.35,46,10/01,24,0,0,24,37.2,39.6,＋・・
138,2702,華園,市,12.35,0.1,0.82,37,10/01,7,0,0,7,61.9,39.5,＋・・
139,4966,譜瑞-KY,櫃,572.0,1.0,0.18,231,10/01,-17,2,1,-15,31.2,39.4,－＋＋
140,3264,欣銓,櫃,245.5,2.0,0.82,14994,10/01,-635,-4158,54,-4739,193.0,39.4,－－＋
141,9917,中保科,市,106.5,1.0,0.95,205,10/01,36,0,6,42,186.0,39.2,＋・＋
142,3406,玉晶光,市,950.0,60.0,6.74,6291,10/01,-395,11,29,-355,44.2,39.2,－＋＋
143,6617,共信-KY,櫃,132.0,-6.5,-4.69,808,10/01,-8,0,-1,-8,50.0,39.2,－・－
144,2357,華碩,市,965.0,4.0,0.42,1566,10/01,572,-9,54,617,291.0,39.2,＋－＋
145,3006,晶豪科,市,281.0,-5.0,-1.75,6911,10/01,-2529,0,138,-2392,116.0,39.0,－・＋
146,4924,欣厚-KY,櫃,15.9,-0.6,-3.64,594,10/01,-31,0,0,-31,14.4,38.8,－・－
147,1326,台化,市,67.7,-2.0,-2.87,18699,10/01,-10197,336,-710,-10572,2273.0,38.8,－＋－
148,2049,上銀,市,335.0,0.0,0.0,1303,10/01,68,0,-19,49,136.0,38.6,＋・－
149,3152,璟德,櫃,232.5,1.5,0.65,105,10/01,13,0,0,13,14.9,38.2,＋・－
150,2316,楠梓電,市,167.0,1.0,0.6,2449,10/01,-614,0,-40,-655,69.7,38.1,－・－
151,6962,奕力-KY,市,33.15,0.7,2.16,2752,10/01,486,0,0,486,188.0,38.1,＋・＋
152,4529,淳紳,櫃,3.33,0.0,0.0,3,10/01,0,0,0,0,32.2,38.0,・・・
153,3673,TPK-KY,市,73.3,-2.2,-2.91,26103,10/01,-2052,0,223,-1829,153.0,37.7,－・＋
154,2404,漢唐,市,1305.0,15.0,1.16,1828,10/01,63,365,14,442,71.3,37.4,＋＋＋
155,2421,建準,市,164.0,3.5,2.18,1500,10/01,452,-10,28,470,105.0,36.6,＋－＋
156,2395,研華,市,723.0,-3.0,-0.41,1657,10/01,352,170,-32,490,313.0,36.0,＋＋－
157,1215,卜蜂,市,105.5,0.5,0.48,322,10/01,-70,0,-1,-71,106.0,36.0,－・－
158,3664,安瑞-KY,櫃,8.85,-0.01,-0.11,41,10/01,0,0,0,0,27.3,36.0,・・＋
159,3105,穩懋,櫃,538.0,-4.0,-0.74,26938,10/01,113,563,-460,216,151.0,35.5,＋＋－
160,00689R,國泰20年美債反1,市,24.17,0.26,1.09,119,10/01,-3,0,-8,-11,2.42,35.1,－・－
161,2891,中信金,市,67.9,-0.5,-0.73,28647,10/01,-13477,4756,999,-7722,6883.0,35.0,－＋＋
162,1301,台塑,市,66.8,-1.3,-1.91,19101,10/01,-5524,0,-457,-5981,2225.0,34.9,－・－
163,3231,緯創,市,190.5,6.0,3.25,59140,10/01,29330,554,750,30635,1196.0,34.9,＋＋＋
164,3131,弘塑,櫃,2380.0,-145.0,-5.74,681,10/01,-368,-2,-6,-376,10.3,34.7,－－－
165,2324,仁寶,市,36.65,-0.45,-1.21,25328,10/01,-15353,25,663,-14664,1522.0,34.5,－＋＋
166,3702,大聯大,市,119.0,5.0,4.39,9434,10/01,4889,504,376,5769,578.0,34.4,＋＋＋
167,1216,統一,市,73.9,-0.3,-0.4,5934,10/01,-1294,137,323,-835,1941.0,34.2,－＋＋
168,6147,頎邦,櫃,225.5,16.0,7.64,49563,10/01,1882,1224,200,3305,251.0,33.7,＋＋＋
169,2727,王品,市,235.0,-1.0,-0.42,151,10/01,-16,0,3,-14,27.9,33.6,－・＋
170,5351,鈺創,櫃,109.5,-1.0,-0.9,5489,10/01,-933,0,7,-926,110.0,33.6,－・＋
171,00985D,主動貝萊德優投等,櫃,9.45,-0.04,-0.42,676,10/01,-6,0,-555,-561,37.3,33.4,－・－
172,6144,得利影,櫃,12.8,0.25,1.99,12,10/01,0,0,0,0,12.8,33.4,・・・
173,6531,愛普*,市,933.0,6.0,0.65,1859,10/01,-180,-7,-1,-187,54.3,33.4,－－－
174,6187,萬潤,櫃,1275.0,-35.0,-2.67,1700,10/01,-441,-49,5,-486,32.7,33.3,－－＋
175,8096,擎亞,櫃,87.5,-0.8,-0.91,2982,10/01,-51,0,-12,-63,49.7,33.2,－・－
176,1521,大億,市,25.8,0.2,0.78,5,10/01,1,0,0,1,25.3,33.1,＋・・
177,2618,長榮航,市,42.2,-0.65,-1.52,17575,10/01,-3654,-1777,175,-5255,1776.0,32.9,－－＋
178,6176,瑞儀,市,91.4,0.2,0.22,1062,10/01,-103,0,5,-98,114.0,32.6,－・＋
179,5347,世界,櫃,184.5,3.5,1.93,23766,10/01,1763,1047,210,3020,612.0,32.6,＋＋＋
180,6442,光聖,市,1480.0,-10.0,-0.67,1020,10/01,-175,0,-22,-197,26.1,32.4,－・－
181,6239,力成,市,292.5,3.0,1.04,7279,10/01,-439,72,259,-108,245.0,32.2,－＋＋
182,6257,矽格,市,256.5,2.5,0.98,10059,10/01,-1239,682,265,-292,155.0,32.1,－＋＋
183,9921,巨大,市,91.8,-1.3,-1.4,1035,10/01,15,0,0,15,125.0,31.9,＋・－
184,6933,AMAX-KY,市,394.5,23.5,6.33,3166,10/01,-276,0,2,-274,13.5,31.7,－・＋
185,6274,台燿,櫃,1535.0,15.0,0.99,4683,10/01,-9,-29,-7,-45,91.4,31.6,－－－
186,6271,同欣電,市,230.5,4.0,1.77,2948,10/01,583,0,89,673,66.1,31.6,＋・＋
187,3680,家登,櫃,551.0,-4.0,-0.72,759,10/01,23,0,-10,13,30.3,31.5,＋－－
188,6854,錼創科技-KY創,市,93.7,0.4,0.43,209,10/01,23,0,-1,22,37.0,31.5,＋・－
189,1342,八貫,市,100.0,0.0,0.0,109,10/01,-27,0,1,-26,24.7,31.4,－・＋
190,4938,和碩,市,90.2,0.4,0.45,6888,10/01,-879,1412,208,741,832.0,31.1,－＋＋
191,3491,昇達科,櫃,1490.0,-10.0,-0.67,740,10/01,-75,0,-9,-83,21.4,31.1,－・－
192,7744,崴寶,櫃,537.0,14.0,2.68,71,10/01,-10,0,2,-8,9.97,31.1,－・＋
193,2455,全新,市,546.0,-6.0,-1.09,2011,10/01,292,-1016,283,-441,57.2,30.9,＋－＋
194,6146,耕興,櫃,181.5,0.0,0.0,217,10/01,23,0,0,23,31.4,30.9,＋・－
195,3293,鈊象,櫃,814.0,26.0,3.3,5981,10/01,3639,432,105,4176,86.7,30.8,＋＋＋
196,1503,士電,市,197.5,0.0,0.0,347,10/01,-13,10,34,32,160.0,30.8,－＋＋
197,4557,永新-KY,市,50.3,0.0,0.0,35,10/01,1,0,0,1,14.7,30.6,＋・・
198,6223,旺矽,櫃,5030.0,-95.0,-1.85,1122,10/01,278,-558,24,-256,30.0,30.6,＋－＋
199,1303,南亞,市,254.0,-1.5,-0.59,57138,10/01,-11982,662,236,-11084,2413.0,30.4,－＋＋
200,2884,玉山金,市,45.35,0.5,1.11,29162,10/01,-3630,8005,707,5081,5346.0,30.2,－＋＋
201,2347,聯強,市,95.4,0.5,0.53,5965,10/01,3259,800,128,4187,502.0,30.1,＋＋＋
202,4154,樂威科-KY,櫃,12.5,0.0,0.0,11,10/01,0,0,0,0,11.5,30.0,・・・
203,5434,崇越,市,567.0,12.0,2.16,751,10/01,125,43,12,180,57.9,29.9,＋＋＋
204,00736,國泰新興市場,市,31.6,-0.03,-0.09,102,10/01,0,0,0,0,2.0,29.6,・・・
205,2883,凱基金,市,36.9,-1.95,-5.02,124035,10/01,-21896,8299,1270,-12327,5034.0,29.6,－＋＋
206,4706,大恭,櫃,34.65,0.8,2.36,21,10/01,-1,0,-4,-5,23.3,29.5,－・－
207,2449,京元電子,市,296.0,1.5,0.51,14832,10/01,-885,-2220,-426,-3531,379.0,29.5,－－－
208,2890,永豐金,市,43.65,-0.6,-1.36,22127,10/01,-9462,3287,966,-5209,4358.0,29.5,－＋＋
209,4545,銘鈺,市,39.4,0.3,0.77,1013,10/01,-66,0,86,20,22.5,29.2,－＋＋
210,6921,嘉雨思-創,市,66.4,-1.6,-2.35,11,10/01,0,0,3,3,9.41,29.2,・・＋
211,2393,億光,市,64.5,0.0,0.0,1196,10/01,199,-23,2,178,128.0,29.0,＋－＋
212,1304,台聚,市,12.45,-0.2,-1.58,1522,10/01,-127,0,-14,-141,344.0,28.9,－・－
213,3227,原相,櫃,185.5,0.5,0.27,616,10/01,-39,-115,11,-143,43.9,28.9,－－＋
214,5483,中美晶,櫃,211.5,4.0,1.93,57452,10/01,-3995,2,-445,-4437,185.0,28.8,－＋－
215,4737,華廣,市,55.4,0.0,0.0,39,10/01,-1,0,0,-1,22.3,28.8,－・・
216,8429,金麗-KY,市,5.91,0.0,0.0,97,10/01,-2,0,0,-2,53.4,28.7,－・・
217,7828,創新服務,櫃,1875.0,-10.0,-0.53,150,10/01,-12,0,0,-12,11.5,28.4,－・－
218,2637,慧洋-KY,市,95.3,-1.1,-1.14,2303,10/01,-437,251,-2,-188,212.0,28.4,－＋－
219,2006,東和鋼鐵,市,84.6,-0.8,-0.94,2447,10/01,610,-1098,19,-469,205.0,28.1,＋－＋
220,1476,儒鴻,市,274.5,0.5,0.18,832,10/01,-145,91,-4,-58,75.9,27.6,－＋－
221,3036,文曄,市,212.5,7.0,3.41,9950,10/01,788,-38,713,1463,370.0,27.5,＋－＋
222,2351,順德,市,212.5,3.5,1.67,3449,10/01,-318,21,30,-267,49.8,27.3,－＋＋
223,3443,創意,市,7900.0,-140.0,-1.74,718,10/01,11,-104,12,-80,36.6,27.3,＋－＋
224,6672,騰輝電子-KY,市,405.5,36.5,9.89,18448,10/01,3269,0,-16,3253,19.5,27.3,＋・－
225,9904,寶成,市,24.85,-0.1,-0.4,8976,10/01,-715,8,231,-476,797.0,27.0,－＋＋
226,5481,新華,櫃,22.1,0.3,1.38,54,10/01,2,0,-2,0,19.3,27.0,＋・－
227,4912,聯德控股-KY,市,107.0,7.0,7.0,1799,10/01,312,0,0,312,18.1,27.0,＋・＋
228,2885,元大金,市,67.4,-1.1,-1.61,23395,10/01,-11880,1529,589,-9762,3733.0,26.9,－＋＋
229,6620,漢達,櫃,144.5,3.5,2.48,9070,10/01,-856,0,26,-830,44.5,26.8,－・＋
230,2243,宏旭-KY,市,52.2,-0.4,-0.76,139,10/01,-25,0,0,-25,18.6,26.8,－・・
231,6641,基士德-KY,市,16.9,-0.1,-0.59,6,10/01,-2,0,2,0,9.76,26.8,－・＋
232,2892,第一金,市,38.7,0.05,0.13,18761,10/01,-386,3965,-41,3537,3840.0,26.7,－＋－
233,2254,巨鎧精密-創,市,94.1,1.5,1.62,1663,10/01,151,0,0,151,17.0,26.7,＋・－
234,4935,茂林-KY,市,34.05,-0.15,-0.44,131,10/01,-14,0,0,-14,34.3,26.6,－＋・
235,4414,如興,市,8.11,-0.03,-0.37,146,10/01,16,0,0,16,70.0,26.5,＋・・
236,2103,台橡,市,27.95,-0.2,-0.71,1424,10/01,-85,0,-8,-93,218.0,26.4,－・－
237,6488,環球晶,櫃,1085.0,50.0,4.83,24330,10/01,-2244,983,98,-1162,126.0,26.4,－＋＋
238,1259,安心,櫃,68.0,-0.1,-0.15,17,10/01,0,0,0,0,8.51,26.3,・・・
239,1340,勝悅-KY,市,5.23,-0.01,-0.19,63,10/01,18,0,0,18,40.0,26.2,＋・・
240,7823,奧義賽博-KY創,市,79.9,-0.3,-0.37,53,10/01,7,0,-3,4,8.7,26.0,＋・－
241,8932,智通*,櫃,91.8,-0.8,-0.86,729,10/01,-43,0,-11,-54,111.0,26.0,－＋－
242,2609,陽明,市,58.8,-0.6,-1.01,12470,10/01,-215,13,-54,-256,906.0,25.9,－＋－
243,6612,奈米醫材,櫃,77.0,4.5,6.21,126,10/01,25,0,7,32,13.5,25.9,＋・＋
244,5215,科嘉-KY,市,37.75,-0.15,-0.4,32,10/01,-11,0,0,-11,16.6,25.8,－＋＋
245,3653,健策,市,6875.0,75.0,1.1,617,10/01,-25,42,3,20,37.9,25.8,－＋＋
246,2603,長榮,市,238.0,-1.5,-0.63,5955,10/01,-1374,332,51,-992,557.0,25.7,－＋＋
247,5904,寶雅*,櫃,69.1,-0.6,-0.86,3338,10/01,-1194,347,-5,-852,274.0,25.7,－＋－
248,8358,金居,櫃,505.0,10.0,2.02,17865,10/01,1152,-126,-35,992,64.5,25.5,＋－－
249,5251,天鉞電,櫃,29.7,-0.3,-1.0,83,10/01,4,0,0,4,8.6,25.5,＋・＋
250,7827,漢康-KY創,市,165.0,0.0,0.0,353,10/01,33,0,0,33,35.9,25.5,＋・＋
251,7584,樂意,櫃,28.6,-0.1,-0.35,7,10/01,-1,0,0,-1,4.19,25.4,－・・
252,3596,智易,市,153.0,0.0,0.0,561,10/01,-289,0,17,-272,55.9,25.4,－・＋
253,2027,大成鋼,市,48.05,0.6,1.26,15671,10/01,-2800,2209,302,-290,654.0,25.3,－＋＋
254,4961,天鈺,市,186.0,5.0,2.76,2414,10/01,734,0,16,751,30.6,25.2,＋・＋
255,1337,再生-KY,市,4.47,0.0,0.0,196,10/01,-17,0,0,-17,67.8,25.2,－・・
256,4915,致伸,市,65.0,1.5,2.36,2662,10/01,-346,605,-32,227,118.0,25.0,－＋－
257,8423,保綠-KY,櫃,18.0,-0.2,-1.1,9,10/01,-2,0,0,-2,10.4,24.9,－・・
258,6670,復盛應用,市,271.0,-1.0,-0.37,208,10/01,-63,17,3,-43,34.8,24.9,－＋＋
259,9914,美利達,市,68.3,0.0,0.0,790,10/01,23,0,8,31,74.5,24.9,＋・＋
260,3008,大立光,市,6205.0,260.0,4.37,2313,10/01,116,-139,57,34,32.6,24.9,＋－＋
261,4764,雙鍵,市,185.0,-4.0,-2.12,1155,10/01,-190,-79,0,-269,22.8,24.9,－－＋
262,2337,旺宏,市,121.0,-1.5,-1.22,16468,10/01,-1104,6,-134,-1232,491.0,24.8,－＋－
263,6491,晶碩,市,421.5,8.5,2.06,654,10/01,122,0,2,124,19.2,24.6,＋・＋
264,2385,群光,市,105.5,1.0,0.96,1776,10/01,891,-24,55,923,188.0,24.6,＋－＋
265,4554,橙的,櫃,28.15,-0.1,-0.35,20,10/01,5,0,-1,4,7.44,24.6,＋・－
266,2606,裕民,市,73.5,-0.1,-0.14,1729,10/01,17,-3,6,20,205.0,24.3,＋－＋
267,6134,萬旭,櫃,28.95,-0.25,-0.86,167,10/01,-5,0,9,4,19.8,24.2,－・＋
268,3413,京鼎,市,293.0,2.0,0.69,546,10/01,13,0,-1,12,26.8,24.2,＋・－
269,1815,富喬,櫃,116.0,0.0,0.0,31722,10/01,-5141,-5,-69,-5214,141.0,24.2,－－－
270,5457,宣德,櫃,23.9,-0.45,-1.85,405,10/01,-224,0,-2,-227,47.3,24.1,－・－
271,4581,光隆精密-KY,市,47.85,-0.35,-0.73,3,10/01,1,0,0,1,8.14,24.0,＋・・
272,2376,技嘉,市,368.5,10.0,2.79,4284,10/01,725,60,181,966,161.0,24.0,＋＋＋
273,7547,碩網,櫃,64.1,-0.7,-1.08,240,10/01,-22,0,0,-22,8.02,23.8,－・・
274,6182,合晶,櫃,130.0,-3.0,-2.26,181250,10/01,-16712,-1,-471,-17184,141.0,23.7,－－－
275,2726,雅茗-KY,櫃,8.0,0.0,0.0,7,10/01,0,0,-1,-1,8.92,23.7,・・－
276,6175,立敦,櫃,76.3,5.9,8.38,5536,10/01,-1366,0,74,-1292,35.5,23.7,－・＋
277,3042,晶技,市,218.5,8.5,4.05,34575,10/01,1424,1290,894,3609,81.0,23.6,＋＋＋
278,6217,中探針,櫃,174.5,-2.0,-1.13,2673,10/01,-55,0,1,-54,27.7,23.6,－・＋
279,6285,啟碁,市,235.5,-0.5,-0.21,1867,10/01,-609,2,5,-603,114.0,23.6,－＋＋
280,6598,ABC-KY,市,26.65,-0.75,-2.74,265,10/01,-125,0,1,-124,24.3,23.6,－・＋
281,6244,茂迪,櫃,23.85,-1.2,-4.79,4450,10/01,-1970,0,-54,-2024,91.2,23.6,－・－
282,2477,美隆電,市,23.1,-0.05,-0.22,176,10/01,7,1,0,8,37.1,23.4,＋＋・
283,6192,巨路,市,110.0,0.5,0.46,131,10/01,-90,0,3,-87,22.5,23.4,－・＋
284,2059,川湖,市,11835.0,-220.0,-1.82,339,10/01,23,-29,0,-6,22.3,23.4,＋－＋
285,2382,廣達,市,334.0,0.5,0.15,14876,10/01,-3731,1445,294,-1993,962.0,23.4,－＋＋
286,2882,國泰金,市,110.5,-0.5,-0.45,20285,10/01,-6791,5477,-113,-1427,3397.0,23.2,－＋－
287,4755,三福化,市,119.0,1.0,0.85,155,10/01,31,0,12,43,23.3,23.1,＋・＋
288,7855,和運租車,市,41.4,0.0,0.0,378,10/01,1,0,0,1,64.1,23.1,＋・・
289,2496,卓越,市,55.1,0.1,0.18,16,10/01,-1,0,0,-1,4.63,23.1,－・・
290,6180,橘子,櫃,41.65,0.25,0.6,355,10/01,124,0,-1,123,40.4,23.0,＋・－
291,2887,台新新光金,市,41.25,-0.7,-1.67,82709,10/01,-26211,19273,532,-6406,5757.0,22.9,－＋＋
292,3260,威剛,櫃,380.0,2.5,0.66,2640,10/01,46,-192,77,-69,77.1,22.9,＋－＋
293,6823,濾能,櫃,60.7,-0.1,-0.16,13,10/01,-2,0,0,-2,7.61,22.9,－・・
294,5439,高技,櫃,251.0,-3.0,-1.18,1581,10/01,287,0,-11,276,21.3,22.9,＋・－
295,8437,大地-KY,櫃,10.6,0.4,3.92,52,10/01,-2,0,0,-2,10.7,22.8,－・－
296,6592,和潤企業,市,57.0,0.1,0.18,704,10/01,-257,-178,6,-429,169.0,22.7,－－＋
297,2368,金像電,市,1095.0,-25.0,-2.23,9077,10/01,-2266,141,52,-2072,117.0,22.7,－＋＋
298,4105,東洋,櫃,78.5,0.0,0.0,449,10/01,-9,2,29,23,56.4,22.7,－＋＋
299,3189,景碩,市,1010.0,40.0,4.12,32224,10/01,1518,1519,128,3165,119.0,22.6,＋＋＋
300,7749,意騰-KY,市,401.5,10.5,2.69,284,10/01,-14,0,1,-13,10.5,22.6,－・＋
301,2207,和泰車,市,515.0,6.0,1.18,239,10/01,-1,26,0,25,125.0,22.4,－＋－
302,3605,宏致,市,178.0,7.5,4.4,11987,10/01,-6,309,40,343,39.2,22.4,－＋＋
303,00972,野村日本動能高息,市,21.58,-0.24,-1.1,102,10/01,-1,0,-4,-5,3.39,22.4,－・－
304,7792,安葆,櫃,421.0,-3.0,-0.71,372,10/01,-11,0,-1,-12,10.4,22.4,－・－
305,6576,逸達,櫃,79.1,-0.4,-0.5,102,10/01,-65,0,0,-65,35.1,22.3,－・＋
306,3363,上詮,櫃,641.0,-8.0,-1.23,1137,10/01,-132,0,-2,-134,25.3,22.3,－・－
307,8996,高力,市,1565.0,-40.0,-2.49,5416,10/01,-76,-25,30,-71,20.8,22.2,－－＋
308,009807,台新標普科技精選,櫃,18.05,0.25,1.4,30,10/01,0,0,29,29,3.05,22.2,・・＋
309,009806,台新標普500,櫃,13.81,0.04,0.29,15,10/01,0,0,-15,-15,3.03,22.2,・・－
310,4991,環宇-KY,櫃,485.5,-2.5,-0.51,2149,10/01,-360,439,16,95,26.8,22.1,－＋＋
311,6139,亞翔,市,759.0,3.0,0.4,3014,10/01,-745,-287,8,-1024,51.9,22.0,－－＋
312,2916,滿心,櫃,40.5,-0.05,-0.12,12,10/01,2,0,0,2,14.2,22.0,＋・・
313,6446,藥華藥,市,1170.0,-45.0,-3.7,2507,10/01,-692,-53,13,-732,92.9,22.0,－－＋
314,6669,緯穎,市,2110.0,20.0,0.96,1259,10/01,-7,-301,21,-288,40.8,21.9,－－＋
315,5212,凌網,櫃,48.85,-0.05,-0.1,21,10/01,-2,0,0,-2,7.57,21.9,－・・
316,3481,群創,市,52.3,-2.4,-4.39,465130,10/01,-93138,600,-4178,-96717,1742.0,21.8,－＋－
317,6290,良維,櫃,277.5,-2.5,-0.89,1818,10/01,-533,2,-118,-648,36.8,21.7,－＋－
318,6231,系微,櫃,237.0,2.0,0.85,189,10/01,14,0,2,16,9.89,21.6,＋・＋
319,00922,國泰台灣領袖50,市,43.85,0.2,0.46,7841,10/01,-211,0,-3062,-3272,484.0,21.5,－・－
320,6104,創惟,櫃,91.7,0.2,0.22,431,10/01,23,0,-1,22,19.6,21.5,＋・－
321,3022,威強電,市,92.6,0.3,0.33,863,10/01,300,0,6,306,37.9,21.5,＋・＋
322,3357,臺慶科,櫃,212.5,8.0,3.91,2130,10/01,59,0,31,90,24.7,21.4,＋・＋
323,3583,辛耘,市,707.0,0.0,0.0,684,10/01,-195,0,-2,-197,17.0,21.2,－・－
324,8213,志超,市,34.0,-0.5,-1.45,385,10/01,-209,0,0,-209,57.2,21.1,－・＋
325,2911,麗嬰房,市,6.14,0.06,0.99,91,10/01,13,0,0,13,22.2,21.1,＋・・
326,6213,聯茂,市,642.0,19.0,3.05,14505,10/01,1126,373,36,1535,76.3,21.0,＋＋＋
327,2886,兆豐金,市,48.85,-0.3,-0.61,30290,10/01,14470,-1895,1079,13654,3083.0,20.8,＋－＋
328,2415,錩新,市,27.25,0.05,0.18,81,10/01,22,0,0,22,20.8,20.8,＋＋・
329,1617,榮星,市,24.8,0.75,3.12,9153,10/01,1339,0,-8,1331,35.0,20.7,＋・－
330,1587,吉茂,市,23.85,-0.6,-2.45,100,10/01,-32,0,1,-31,16.5,20.6,－・＋
331,4726,永昕,櫃,23.4,0.45,1.96,172,10/01,19,0,0,19,42.6,20.6,＋・・
332,9912,偉聯,市,12.95,-0.15,-1.15,12,10/01,-1,0,-1,-2,11.1,20.6,－・－
333,3693,營邦,櫃,664.0,-23.0,-3.35,2839,10/01,-71,-32,17,-86,8.83,20.5,－－＋
334,6515,穎崴,市,5770.0,-160.0,-2.7,437,10/01,-114,-22,-6,-142,7.38,20.5,－－－
335,2467,志聖,市,543.0,4.0,0.74,878,10/01,95,-221,-8,-134,32.0,20.4,＋－－
336,6196,帆宣,市,602.0,17.0,2.91,1949,10/01,530,0,1,532,44.7,20.3,＋・＋
337,3141,晶宏,櫃,84.5,-0.8,-0.94,1475,10/01,-66,0,-38,-104,15.3,20.3,－・－
338,3498,陽程,櫃,219.5,-9.5,-4.15,4024,10/01,44,0,-26,18,12.4,20.3,＋・－
339,4904,遠傳,市,105.0,1.5,1.45,3202,10/01,155,511,319,984,730.0,20.2,＋＋＋
340,8147,正淩,櫃,143.5,-15.0,-9.46,1013,10/01,-223,0,-10,-234,8.41,20.2,－・－
341,4728,雙美,櫃,394.5,-4.5,-1.13,14,10/01,-1,0,0,-1,11.0,20.1,－・・
342,6997,博弘,櫃,67.0,0.0,0.0,0,10/01,0,0,0,0,4.45,20.1,・・・
343,7769,鴻勁,市,5490.0,-15.0,-0.27,487,10/01,-123,-7,2,-128,36.0,20.0,－－＋
344,4568,科際精密,櫃,39.05,-0.4,-1.01,14,10/01,3,0,0,3,6.41,20.0,＋・・
345,6206,飛捷,市,139.0,-0.5,-0.36,281,10/01,-100,0,-4,-104,28.6,20.0,－・－
346,3014,聯陽,市,142.0,0.5,0.35,1276,10/01,409,3,20,432,33.1,19.9,＋＋＋
347,2939,永邑-KY,市,21.95,0.05,0.23,24,10/01,1,0,0,1,9.05,19.9,＋・・
348,3033,威健,市,42.4,-0.2,-0.47,1486,10/01,-464,0,-38,-502,96.1,19.9,－・－
349,3374,精材,櫃,456.0,1.5,0.33,703,10/01,117,0,-26,90,53.8,19.8,＋－－
350,6550,北極星藥業-KY,市,17.5,-0.35,-1.96,513,10/01,75,0,0,75,92.0,19.8,＋・・
351,5425,台半,櫃,97.5,1.5,1.56,12144,10/01,1023,0,283,1306,52.0,19.7,＋・＋
352,7757,金色三麥,櫃,89.2,-1.0,-1.11,16,10/01,1,0,0,1,4.74,19.6,＋・・
353,1785,光洋科,櫃,101.0,0.5,0.5,5968,10/01,-1835,-1,-4,-1840,117.0,19.6,－－－
354,8103,瀚荃,市,124.0,2.5,2.06,4022,10/01,-24,0,-19,-42,15.4,19.6,－・－
355,5906,台南-KY,市,41.3,0.3,0.73,1,10/01,0,0,0,0,7.33,19.5,・・・
356,2344,華邦電,市,180.0,0.5,0.28,64786,10/01,16789,-463,1204,17530,877.0,19.5,＋－＋
357,6166,凌華,市,130.0,-3.0,-2.26,1276,10/01,2,0,-1,0,42.4,19.5,＋・－
358,3211,順達,櫃,394.0,-4.5,-1.13,2448,10/01,-448,-28,-80,-556,30.0,19.5,－－－
359,1467,南緯,市,7.94,-0.09,-1.12,372,10/01,10,0,5,15,45.3,19.4,＋・＋
360,3010,華立,市,126.0,0.5,0.4,393,10/01,63,0,10,73,50.3,19.4,＋・＋
361,6683,雍智科技,櫃,1575.0,-15.0,-0.94,1039,10/01,-128,-5,34,-99,5.34,19.4,－－＋
362,2377,微星,市,152.5,1.5,0.99,3016,10/01,903,139,105,1146,163.0,19.3,＋＋＋
363,3703,欣陸,市,19.55,-0.05,-0.26,309,10/01,-112,0,10,-102,159.0,19.3,－・＋
364,4164,承業醫,市,27.1,-0.25,-0.91,355,10/01,-90,0,-20,-109,37.7,19.3,－・－
365,3531,先益,櫃,21.15,0.25,1.2,1,10/01,0,0,0,0,11.8,19.3,・・・
366,6591,動力-KY,市,43.1,0.25,0.58,57,10/01,1,0,-1,0,7.91,19.2,＋・－
367,00681R,元大美債20反1,市,23.1,0.31,1.36,876,10/01,-477,0,59,-418,1.46,19.2,－・＋
368,9933,中鼎,市,41.65,0.95,2.33,3030,10/01,1407,-835,-41,531,181.0,19.2,＋－－
369,3045,台灣大,市,122.0,2.5,2.09,5835,10/01,2260,-852,201,1609,712.0,19.1,＋－＋
370,4960,誠美材,市,23.9,-0.5,-2.05,5391,10/01,-1444,0,-39,-1483,109.0,19.1,－・－
371,3081,聯亞,櫃,2660.0,-35.0,-1.3,1922,10/01,-80,-348,-1,-429,19.4,19.1,－－－
372,3088,艾訊,櫃,132.5,-1.0,-0.75,441,10/01,-130,0,-1,-130,20.7,19.1,－・－
373,2458,義隆,市,138.5,1.0,0.73,1518,10/01,40,250,18,308,57.7,19.0,＋＋＋
374,1410,南染,市,24.15,0.05,0.21,39,10/01,1,0,0,1,11.8,19.0,＋・・
375,2364,倫飛,市,64.9,-0.1,-0.15,82,10/01,6,0,5,11,10.9,18.9,＋＋＋
376,6283,淳安,市,19.3,-0.2,-1.03,45,10/01,-22,0,1,-21,27.9,18.9,－・＋
377,7610,聯友金屬-創,市,1780.0,45.0,2.59,527,10/01,27,0,-6,21,11.0,18.9,＋・－
378,7717,萊德光電-KY,櫃,551.0,-53.0,-8.77,1136,10/01,12,0,-8,5,4.67,18.8,＋・－
379,8081,致新,市,255.0,3.5,1.39,412,10/01,213,-30,0,183,16.2,18.8,＋－－
380,2881,富邦金,市,150.5,-0.5,-0.33,18246,10/01,-6763,3820,99,-2843,2630.0,18.8,－＋＋
381,4931,新盛力,櫃,248.5,-3.5,-1.39,2894,10/01,-674,0,-79,-752,12.3,18.8,－・－
382,2204,中華,市,52.2,-0.1,-0.19,204,10/01,-33,4,-1,-30,104.0,18.7,－＋－
383,2313,華通,市,224.5,-2.0,-0.88,6854,10/01,-938,-115,-45,-1098,229.0,18.6,－－－
384,4979,華星光,櫃,557.0,-12.0,-2.11,1104,10/01,-161,-379,34,-506,26.4,18.5,－－＋
385,1605,華新,市,38.55,0.15,0.39,34859,10/01,-3313,261,-113,-3164,821.0,18.5,－＋－
386,2412,中華電,市,145.5,2.0,1.39,8628,10/01,3508,420,-361,3567,1415.0,18.2,＋＋－
387,4532,瑞智,市,24.8,-0.05,-0.2,531,10/01,90,3,0,93,90.0,18.2,＋＋＋
388,9911,櫻花,市,81.5,0.0,0.0,108,10/01,-16,0,8,-8,40.4,18.2,－・＋
389,2356,英業達,市,59.7,0.2,0.34,8414,10/01,-2874,169,321,-2384,650.0,18.1,－＋＋
390,1519,華城,市,688.0,-5.0,-0.72,850,10/01,-320,0,-6,-326,62.8,18.1,－・－
391,6542,隆中,櫃,39.9,-0.6,-1.48,4,10/01,-1,0,0,-1,7.55,18.0,－・・
392,6278,台表科,市,216.5,-1.5,-0.69,4157,10/01,559,-18,-1,539,52.4,17.9,＋－－
393,6955,邦睿生技-創,市,95.2,-0.8,-0.83,7,10/01,0,0,5,5,5.44,17.9,・・＋
394,5478,智冠,櫃,97.5,0.4,0.41,23,10/01,0,0,0,0,27.9,17.9,－・・
395,6510,精測,櫃,3000.0,-65.0,-2.12,1063,10/01,-39,-138,6,-171,5.86,17.8,－－＋
396,6214,精誠,市,189.0,1.0,0.53,732,10/01,322,0,0,322,48.3,17.7,＋・＋
397,8021,尖點,市,503.0,17.0,3.5,1462,10/01,539,0,-26,513,25.6,17.6,＋・－
398,2409,友達,市,38.3,-0.25,-0.65,932903,10/01,-36216,2628,-5677,-39265,1329.0,17.6,－＋－
399,5289,宜鼎,櫃,1290.0,0.0,0.0,488,10/01,-82,-1,-10,-93,17.3,17.6,－－－
400,8383,千附,櫃,67.9,-0.5,-0.73,484,10/01,-141,0,0,-141,20.0,17.6,－・－
401,6770,力積電,市,74.5,-0.8,-1.06,92791,10/01,-13847,12,-442,-14277,824.0,17.5,－＋－
402,6532,瑞耘,櫃,122.5,4.0,3.38,5888,10/01,651,0,-21,630,6.55,17.5,＋・－
403,4939,亞電,櫃,78.9,-3.9,-4.71,15752,10/01,-3253,0,83,-3169,17.1,17.4,－・＋
404,1402,遠東新,市,27.95,-0.3,-1.06,14615,10/01,2105,-4979,180,-2695,932.0,17.4,＋－＋
405,5880,合庫金,市,26.0,-0.1,-0.38,17025,10/01,-2868,200,89,-2579,2785.0,17.3,－＋＋
406,3035,智原,市,213.0,2.5,1.19,4389,10/01,1354,0,26,1380,44.7,17.2,＋・＋
407,2355,敬鵬,市,41.3,-0.5,-1.2,1320,10/01,-432,0,5,-427,68.0,17.1,－・＋
408,1714,和桐,市,16.2,-0.3,-1.82,6256,10/01,-1278,0,-86,-1364,169.0,17.1,－・－
409,2929,淘帝-KY,市,5.81,-0.02,-0.34,35,10/01,8,0,0,8,18.6,17.0,＋・・
410,4139,馬光-KY,櫃,41.95,0.15,0.36,37,10/01,0,0,0,0,7.62,16.9,・・・
411,6005,群益證,市,31.9,-0.15,-0.47,8048,10/01,-5302,0,0,-5302,414.0,16.8,－・・
412,2401,凌陽,市,26.85,0.1,0.37,6342,10/01,-2467,0,65,-2402,99.7,16.8,－・＋
413,3526,凡甲,櫃,272.0,0.0,0.0,136,10/01,-29,0,0,-28,11.1,16.8,－・＋
414,3580,友威科,櫃,109.0,-1.5,-1.36,1264,10/01,45,0,-7,38,6.61,16.8,＋・－
415,2408,南亞科,市,519.0,0.0,0.0,27085,10/01,1001,25,116,1142,519.0,16.7,＋＋＋
416,6538,倉和,櫃,369.5,13.5,3.79,1612,10/01,-197,0,-12,-209,6.45,16.6,－・－
417,6202,盛群,市,60.1,1.5,2.56,3639,10/01,-331,0,20,-311,38.1,16.6,－・＋
418,2834,臺企銀,市,17.5,-0.25,-1.41,37319,10/01,-16910,0,-39,-16949,1713.0,16.5,－・－
419,8227,巨有科技,櫃,363.5,-7.0,-1.89,11911,10/01,618,0,-72,546,6.51,16.5,＋・－
420,9939,宏全,市,124.5,-1.5,-1.19,798,10/01,-261,0,-2,-262,48.7,16.5,－・－
421,2801,彰銀,市,27.55,-0.05,-0.18,17914,10/01,2007,2218,-10,4215,1982.0,16.4,＋＋－
422,3689,湧德,櫃,110.5,0.0,0.0,295,10/01,3,0,8,11,14.5,16.2,＋・＋
423,3576,聯合再生,市,18.5,-1.2,-6.09,55900,10/01,-4698,0,-125,-4823,264.0,16.2,－・－
424,6190,萬泰科,櫃,71.2,0.8,1.14,1571,10/01,140,0,9,149,30.3,16.2,＋・＋
425,8086,宏捷科,櫃,115.0,0.5,0.44,3871,10/01,750,0,64,814,31.9,16.2,＋－＋
426,7750,新代,市,1895.0,-20.0,-1.04,97,10/01,-10,-10,2,-18,11.6,16.2,－－＋
427,3450,聯鈞,市,515.0,-8.0,-1.53,5342,10/01,-275,-921,-40,-1235,23.5,16.1,－－－
428,5227,立凱-KY,櫃,30.95,-0.55,-1.75,253,10/01,-19,0,0,-20,11.0,16.1,－・－
429,00683L,期元大美元指正2,市,22.42,0.13,0.58,93,10/01,15,0,-2,13,1.84,16.1,＋・－
430,5287,數字,櫃,137.5,0.0,0.0,122,10/01,-28,0,1,-27,9.72,16.1,－＋＋
431,1612,宏泰,市,35.15,-0.55,-1.54,599,10/01,-367,0,30,-337,50.8,16.1,－・＋
432,6499,益安,櫃,79.1,1.4,1.8,723,10/01,136,0,-1,135,15.5,16.0,＋・－
433,9907,統一實,市,14.85,-0.05,-0.34,678,10/01,5,10,0,15,253.0,16.0,＋＋・
434,7856,漢測,櫃,4300.0,50.0,1.18,537,10/01,-30,79,2,51,5.27,16.0,－＋＋
435,4766,南寶,市,342.5,2.0,0.59,74,10/01,23,0,1,24,19.2,15.9,＋・＋
436,6805,富世達,市,2390.0,-65.0,-2.65,2121,10/01,579,-471,0,107,10.9,15.8,＋－－
437,3455,由田,櫃,287.0,20.0,7.49,3976,10/01,2,0,18,20,9.44,15.8,＋・＋
438,9925,新保,市,39.55,0.0,0.0,319,10/01,1,0,17,18,60.7,15.7,＋・＋
439,4943,康控-KY,市,6.67,-0.24,-3.47,51,10/01,0,0,0,0,19.8,15.6,・・・
440,3545,敦泰,市,51.6,-0.2,-0.39,663,10/01,35,0,-16,20,34.6,15.6,＋・－
441,5609,中菲行,櫃,77.9,-0.2,-0.26,65,10/01,-38,0,0,-38,22.2,15.5,－・・
442,6525,捷敏-KY,市,136.5,1.0,0.74,739,10/01,5,0,1,6,20.0,15.5,＋・＋
443,6754,匯僑設計,市,41.0,-0.5,-1.2,16,10/01,-4,0,0,-4,10.2,15.5,－・・
444,00702,國泰標普低波高息,市,23.17,-0.21,-0.9,384,10/01,0,0,21,21,1.03,15.4,＋・＋
445,3490,單井,櫃,48.75,4.4,9.92,13913,10/01,1345,0,15,1360,8.5,15.4,＋・＋
446,2459,敦吉,市,64.9,-0.1,-0.15,66,10/01,-1,0,0,-1,16.3,15.4,－・・
447,2388,威盛,市,73.3,0.3,0.41,3772,10/01,360,0,13,373,85.3,15.3,＋・＋
448,1537,廣隆,市,115.0,0.0,0.0,144,10/01,-43,0,3,-40,12.6,15.3,－・＋
449,2610,華航,市,20.3,-0.15,-0.73,11977,10/01,-6178,2998,-63,-3243,935.0,15.3,－＋－
450,6605,帝寶,市,139.0,1.5,1.09,276,10/01,85,0,0,85,25.3,15.3,＋・－
451,3707,漢磊,櫃,77.5,1.8,2.38,21347,10/01,2719,0,-32,2687,60.5,15.3,＋・－
452,3236,千如,櫃,48.55,4.4,9.97,13579,10/01,1481,0,18,1498,16.0,15.3,＋・＋
453,2109,華豐,市,14.4,0.0,0.0,72,10/01,-2,0,0,-2,42.6,15.2,－・・
454,4536,拓凱,市,162.0,1.0,0.62,133,10/01,36,0,1,37,13.8,15.2,＋・＋
455,3005,神基,市,117.5,1.0,0.86,975,10/01,258,1,59,318,94.5,15.1,＋＋＋
456,4977,眾達-KY,市,170.5,1.5,0.89,1199,10/01,200,0,-24,176,13.8,15.1,＋・－
457,2724,藝舍-KY,櫃,11.8,-0.95,-7.45,1,10/01,0,0,0,0,9.01,15.1,・・・
458,2002,中鋼,市,18.95,-0.25,-1.3,38391,10/01,-21327,0,31,-21296,2373.0,15.1,－・＋
459,6643,M31,櫃,521.0,-34.0,-6.13,2238,10/01,-488,0,-147,-635,6.43,15.1,－・－
460,8942,森鉅,櫃,40.15,-0.05,-0.12,107,10/01,-1,0,1,0,29.7,14.9,－・＋
461,6426,統新,市,339.5,-5.5,-1.59,2160,10/01,-302,-118,-57,-477,5.73,14.9,－－－
462,6796,晉弘,市,53.1,0.1,0.19,19,10/01,-5,0,0,-5,5.96,14.8,－・・
463,6944,兆聯實業,市,800.0,25.0,3.23,654,10/01,202,0,18,220,14.8,14.8,＋・＋
464,2397,友通,市,63.1,0.1,0.16,77,10/01,9,0,1,10,16.9,14.7,＋・＋
465,5452,佶優,櫃,27.45,0.05,0.18,216,10/01,-22,0,0,-22,21.9,14.7,－・＋
466,5009,榮剛,櫃,32.8,-0.3,-0.91,1864,10/01,-70,0,-1,-71,88.2,14.6,－・－
467,3592,瑞鼎,市,238.0,0.5,0.21,1116,10/01,-309,0,6,-303,11.1,14.6,－・＋
468,5443,均豪,櫃,112.0,-1.0,-0.88,2974,10/01,-435,0,2,-433,24.0,14.6,－・＋
469,6188,廣明,櫃,62.1,0.0,0.0,337,10/01,-18,0,-2,-20,40.5,14.5,－・－
470,8112A,至上甲特,市,45.8,0.0,0.0,12,10/01,0,0,0,0,4.35,14.5,・・・
471,2354,鴻準,市,66.2,0.5,0.76,21963,10/01,-3042,0,-164,-3206,205.0,14.5,－・－
472,2880,華南金,市,45.25,-0.1,-0.22,13396,10/01,-5325,2818,1347,-1160,2034.0,14.5,－＋＋
473,6261,久元,櫃,79.1,0.0,0.0,358,10/01,-70,0,4,-66,18.6,14.4,－・＋
474,8027,鈦昇,櫃,209.5,-12.5,-5.63,9159,10/01,-998,0,-47,-1046,15.9,14.4,－・－
475,1477,聚陽,市,190.5,-1.5,-0.78,912,10/01,-231,311,-5,75,35.6,14.4,－＋－
476,6859,伯特光,櫃,120.5,0.0,0.0,27,10/01,9,0,1,10,5.99,14.4,＋・＋
477,6533,晶心科,市,366.5,33.0,9.9,16661,10/01,2487,10,-1,2496,7.28,14.4,＋＋－
478,2912,統一超,市,212.5,0.0,0.0,2208,10/01,280,-9,1,272,149.0,14.3,＋－＋
479,3581,博磊,櫃,117.0,0.0,0.0,1644,10/01,-559,0,-6,-565,7.28,14.3,－・－
480,8039,台虹,市,288.5,-12.0,-3.99,30322,10/01,-2105,-10,-221,-2337,37.6,14.2,－－－
481,3213,茂訊,櫃,124.0,-0.5,-0.4,143,10/01,-45,0,0,-45,8.34,14.2,－・－
482,3714,富采,市,68.8,-1.1,-1.57,10455,10/01,-1849,712,43,-1095,105.0,14.2,－＋＋
483,8114,振樺電,市,178.0,-1.0,-0.56,228,10/01,-56,0,1,-55,10.9,14.2,－・＋
484,6269,台郡,市,65.0,-1.0,-1.52,2358,10/01,-680,0,-21,-701,45.9,14.2,－・－
485,6831,邁科,市,474.5,3.0,0.64,701,10/01,59,-142,5,-78,9.57,14.2,＋－＋
486,1102,亞泥,市,35.65,-0.15,-0.42,11842,10/01,4906,-4754,323,475,502.0,14.1,＋－＋
487,6703,軒郁,櫃,100.5,0.0,0.0,13,10/01,-6,0,0,-6,5.12,14.1,－＋・
488,4909,新復興,櫃,36.15,-0.25,-0.69,195,10/01,33,0,0,33,13.1,14.1,＋・＋
489,2369,菱生,市,31.75,-0.4,-1.24,3071,10/01,-94,0,-14,-108,53.4,14.0,－・－
490,4171,瑞基,櫃,16.35,-0.1,-0.61,28,10/01,-1,0,-1,-2,8.15,14.0,－・－
491,8028,昇陽半導體,市,280.0,-2.5,-0.88,5165,10/01,-1178,0,15,-1163,25.1,14.0,－・＋
492,00643,群益深証中小,市,17.18,-0.08,-0.46,2195,10/01,-9,0,-27,-36,11.7,14.0,－・－
493,1104,環泥,市,26.7,0.0,0.0,520,10/01,103,0,0,103,95.8,14.0,＋・・
494,2428,興勤,市,261.0,9.5,3.78,1837,10/01,199,0,20,219,17.9,13.9,＋・＋
495,4749,新應材,櫃,757.0,-9.0,-1.17,699,10/01,-202,0,-2,-204,12.9,13.9,－・－
496,2472,立隆電,市,226.0,12.5,5.85,5071,10/01,-265,0,53,-212,22.9,13.9,－・＋
497,6168,宏齊,市,47.0,1.75,3.87,5130,10/01,1515,0,4,1519,28.5,13.8,＋・＋
498,6411,晶焱,櫃,78.4,0.8,1.03,155,10/01,37,0,0,37,13.8,13.8,＋・－
499,3130,一零四,市,210.0,1.0,0.48,64,10/01,-43,0,0,-43,4.58,13.8,－・・
500,6462,神盾,櫃,107.0,1.0,0.94,1738,10/01,-340,0,3,-337,12.6,13.8,－・＋
501,6541,泰福-KY,市,30.25,-0.85,-2.73,385,10/01,-193,0,0,-193,36.6,13.8,－・＋
502,2353,宏碁,市,31.85,0.2,0.63,10102,10/01,2228,111,260,2599,420.0,13.8,＋＋＋
503,6419,京晨科,櫃,155.0,-1.0,-0.64,69,10/01,-20,0,2,-18,1.81,13.7,－・＋
504,1609,大亞,市,38.7,-0.05,-0.13,4849,10/01,-1478,0,35,-1443,108.0,13.7,－・＋
505,2464,盟立,市,193.5,1.0,0.52,8278,10/01,701,79,-106,674,31.2,13.7,＋＋－
506,2547,日勝生,市,9.78,-0.01,-0.1,725,10/01,-317,8,13,-296,141.0,13.7,－＋＋
507,6788,華景電,櫃,346.5,-2.5,-0.72,162,10/01,-12,0,-1,-13,5.29,13.6,－・－
508,3317,尼克森,櫃,65.2,0.0,0.0,2075,10/01,-2,0,-4,-6,12.3,13.6,－・－
509,6693,廣閎科,櫃,212.5,1.0,0.47,1967,10/01,98,0,98,196,6.21,13.6,＋・＋
510,2474,可成,市,207.5,1.0,0.48,1387,10/01,226,-17,-12,197,73.1,13.6,＋－－
511,9934,成霖,市,9.86,-0.01,-0.1,303,10/01,-147,0,0,-147,55.6,13.5,－・・
512,2548,華固,市,91.8,0.2,0.22,575,10/01,-163,0,-109,-272,45.3,13.5,－・－
513,6173,信昌電,櫃,302.5,14.0,4.85,31484,10/01,854,-359,-9,486,23.1,13.5,＋－－
514,3483,力致,櫃,78.5,-0.6,-0.76,142,10/01,-23,0,0,-23,13.3,13.4,－・－
515,3285,微端,櫃,41.5,0.0,0.0,54,10/01,0,0,-1,-1,5.73,13.4,・・－
516,2349,錸德,市,10.5,-0.2,-1.87,2277,10/01,-1121,0,0,-1121,93.0,13.4,－・・
517,1101,台泥,市,25.55,-0.75,-2.85,54833,10/01,-33233,0,90,-33142,1008.0,13.4,－・＋
518,6245,立端,櫃,88.3,0.5,0.57,447,10/01,-42,0,3,-38,19.6,13.4,－・＋
519,6138,茂達,櫃,283.5,7.5,2.72,686,10/01,165,0,14,179,10.1,13.4,＋・＋
520,3587,閎康,櫃,241.0,2.5,1.05,293,10/01,25,0,3,29,9.52,13.4,＋・＋
521,1513,中興電,市,166.5,-1.5,-0.89,1481,10/01,-561,-4,50,-516,66.7,13.3,－－＋
522,1514,亞力,市,102.0,-0.5,-0.49,554,10/01,-12,0,-8,-19,36.8,13.2,－・－
523,4971,IET-KY,櫃,534.0,-5.0,-0.93,712,10/01,-12,0,-1,-12,6.24,13.2,－・－
524,6582,申豐,市,31.3,0.2,0.64,9,10/01,3,0,0,3,13.9,13.1,＋・・
525,6691,洋基工程,市,733.0,14.0,1.95,1747,10/01,202,68,-10,260,17.5,13.1,＋＋－
526,6472,保瑞,市,429.5,5.5,1.3,738,10/01,-38,0,-14,-52,16.7,13.0,－・－
527,8046,南電,市,1420.0,80.0,5.97,19869,10/01,1503,1362,-65,2800,84.1,13.0,＋＋－
528,2520,冠德,市,36.75,0.25,0.68,1181,10/01,615,-488,5,132,79.3,13.0,＋－＋
529,1907,永豐餘,市,28.0,-0.4,-1.41,1143,10/01,-121,-589,13,-697,215.0,13.0,－－＋
530,5263,智崴,櫃,90.7,1.6,1.8,130,10/01,31,0,1,32,10.2,13.0,＋・＋
531,5306,桂盟,市,88.4,-0.4,-0.45,187,10/01,19,-56,1,-36,16.3,13.0,＋－＋
532,5515,建國,市,51.5,-0.4,-0.77,293,10/01,-2,0,3,1,26.2,13.0,－・＋
533,7805,威聯通,櫃,490.0,-4.0,-0.81,48,10/01,-10,0,0,-10,5.15,13.0,－・・
534,8112,至上,市,83.8,1.0,1.21,5691,10/01,-933,700,-26,-259,73.0,12.9,－＋－
535,6226,光鼎,市,48.0,2.9,6.43,4543,10/01,-492,0,-2,-494,14.9,12.9,－・－
536,6485,點序,櫃,84.7,7.7,10.0,3566,10/01,58,0,-26,32,6.09,12.9,＋・－
537,8436,大江,櫃,105.0,-1.5,-1.41,228,10/01,-119,0,1,-118,15.1,12.8,－・＋
538,2015,豐興,市,64.2,0.0,0.0,76,10/01,-1,0,8,7,74.3,12.8,－・＋
539,4953,緯致,櫃,117.5,0.5,0.43,102,10/01,-43,0,0,-43,9.46,12.7,－・－
540,4167,松瑞藥,櫃,19.6,-0.25,-1.26,478,10/01,-67,0,3,-64,42.1,12.7,－・＋
541,3289,宜特,櫃,141.5,2.0,1.43,338,10/01,59,0,-2,56,11.0,12.6,＋・－
542,3078,僑威,櫃,45.75,-0.4,-0.87,402,10/01,-146,3,-2,-145,28.7,12.6,－＋－
543,1726,永記,市,76.5,0.0,0.0,13,10/01,-1,0,2,1,20.3,12.5,－・＋
544,2478,大毅,市,124.5,4.5,3.75,6255,10/01,-302,0,108,-194,18.1,12.5,－・＋
545,1712,興農,市,39.65,-0.15,-0.38,365,10/01,-238,3,6,-229,52.7,12.5,－＋＋
546,4541,晟田,櫃,60.1,-1.5,-2.44,1338,10/01,-379,0,-7,-387,8.47,12.5,－・－
547,6234,高僑,櫃,39.55,-0.2,-0.5,1206,10/01,-225,0,-60,-285,12.5,12.5,－・－
548,6934,心誠鎂,市,75.2,-0.1,-0.13,54,10/01,5,0,0,5,4.49,12.5,＋・・
549,8064,東捷,櫃,143.5,-2.0,-1.37,8061,10/01,542,0,-103,439,23.1,12.5,＋・－
550,8390,金益鼎,櫃,90.3,-0.1,-0.11,216,10/01,-120,0,3,-117,12.0,12.5,－・＋
551,6179,亞通,櫃,35.95,-0.35,-0.96,3451,10/01,-3,0,-37,-41,22.1,12.4,－・－
552,5013,強新,櫃,42.6,3.85,9.94,447,10/01,0,0,0,0,16.6,12.4,・・・
553,3611,鼎翰,櫃,184.5,1.5,0.82,11,10/01,-2,0,0,-2,5.89,12.4,－・・
554,6277,宏正,市,77.7,0.7,0.91,158,10/01,43,0,0,43,14.8,12.4,＋・・
555,2436,偉詮電,市,74.0,-0.5,-0.67,5128,10/01,594,0,-118,476,24.7,12.4,＋・－
556,6791,虎門科技,櫃,100.5,1.0,1.01,6,10/01,1,0,0,1,2.58,12.4,＋・＋
557,2480,敦陽科,市,160.0,0.0,0.0,87,10/01,-11,0,0,-11,13.1,12.4,－・－
558,8255,朋程,櫃,149.5,2.5,1.7,338,10/01,151,0,-1,150,12.6,12.4,＋・－
559,6509,聚和,櫃,48.8,-0.3,-0.61,657,10/01,-193,0,-1,-194,24.2,12.3,－・－
560,1463,強盛新,市,17.5,0.0,0.0,12,10/01,3,0,0,3,21.3,12.3,＋・・
561,2466,冠西電,市,128.5,4.0,3.21,5281,10/01,-28,0,10,-17,21.3,12.2,－・＋
562,5309,系統電,櫃,62.8,0.1,0.16,16428,10/01,1462,0,105,1568,28.2,12.2,＋・＋
563,2636,台驊控股,市,70.7,-1.0,-1.39,181,10/01,-92,0,28,-64,17.4,12.2,－・＋
564,1717,長興,市,73.5,-0.5,-0.68,7328,10/01,-1465,0,-53,-1518,144.0,12.2,－・－
565,6584,南俊國際,櫃,531.0,-9.0,-1.67,288,10/01,-70,-62,-3,-135,8.69,12.2,－－－
566,6111,光聚晶電,櫃,38.1,-0.55,-1.42,112,10/01,-31,0,-1,-32,13.2,12.1,－・－
567,1707,葡萄王,市,85.5,-0.2,-0.23,291,10/01,-45,0,0,-45,18.0,12.1,－・＋
568,2617,台航,市,31.1,-0.35,-1.11,793,10/01,-94,0,2,-93,50.6,12.1,－・＋
569,1904,正隆,市,24.1,-0.5,-2.03,2001,10/01,-1330,0,20,-1310,134.0,12.1,－・＋
570,4133,亞諾法,市,20.65,0.0,0.0,30,10/01,-8,0,0,-8,7.31,12.1,－・・
571,4967,十銓,市,272.0,-3.0,-1.09,1099,10/01,-357,-249,-18,-624,10.2,12.1,－－－
572,8454,富邦媒,市,239.0,-1.5,-0.62,233,10/01,9,0,1,10,31.8,12.0,＋・＋
573,3209,全科,市,45.35,0.0,0.0,554,10/01,-73,0,3,-70,29.5,11.9,－・＋
574,2451,創見,市,289.5,0.5,0.17,1342,10/01,-241,56,-2,-188,51.4,11.9,－＋－
575,4162,智擎,櫃,55.3,-0.3,-0.54,196,10/01,-55,0,-3,-58,17.0,11.8,－・－
576,6834,天二科技,市,119.5,10.5,9.63,9598,10/01,322,0,66,389,10.5,11.8,＋・＋
577,6919,康霈*,市,79.1,0.1,0.13,2747,10/01,-331,0,-5,-336,184.0,11.8,－・－
578,6165,浪凡,市,49.6,-0.4,-0.8,284,10/01,-3,0,3,0,9.12,11.7,－・＋
579,4743,合一,櫃,45.85,-1.3,-2.76,1299,10/01,-455,0,1,-454,56.2,11.7,－・＋
580,8936,國統,櫃,52.7,0.1,0.19,1023,10/01,-196,0,154,-42,28.9,11.7,－・＋
581,6282,康舒,市,43.3,-0.4,-0.92,3598,10/01,-350,0,73,-277,99.6,11.6,－・＋
582,1319,東陽,市,78.6,0.7,0.9,1484,10/01,396,220,16,632,68.7,11.6,＋＋＋
583,3265,台星科,櫃,185.0,-1.0,-0.54,1106,10/01,-188,0,-29,-217,15.8,11.6,－・－
584,8091,翔名,櫃,215.5,-1.5,-0.69,148,10/01,-30,0,0,-30,6.19,11.6,－・＋
585,6443,元晶,市,27.9,-0.85,-2.96,4765,10/01,-341,0,1,-340,59.2,11.5,－・＋
586,3466,德晉,櫃,23.75,-0.15,-0.63,68,10/01,23,0,0,23,8.95,11.5,＋・・
587,4556,旭然,櫃,111.5,10.0,9.85,3004,10/01,426,0,-6,420,4.85,11.4,＋・－
588,3323,加百裕,櫃,29.3,-0.4,-1.35,257,10/01,7,0,-1,6,11.4,11.4,＋・－
589,5410,國眾,櫃,32.9,-0.05,-0.15,111,10/01,-1,0,0,-1,10.6,11.4,－・－
590,2889,國票金,市,16.15,-0.35,-2.12,11164,10/01,-5901,0,-1,-5902,418.0,11.4,－・－
591,1788,杏昌,櫃,127.5,-0.5,-0.39,14,10/01,0,0,0,0,5.04,11.3,・・・
592,4745,合富-KY,櫃,12.15,-0.05,-0.41,4,10/01,0,0,0,0,7.5,11.3,・・・
593,2441,超豐,市,124.5,-1.0,-0.8,2287,10/01,-892,106,-36,-822,64.4,11.3,－＋－
594,2030,彰源,市,37.65,0.95,2.59,70648,10/01,2364,0,35,2399,31.7,11.3,＋・＋
595,2067,嘉鋼,櫃,4.91,0.0,0.0,108,10/01,-28,0,-1,-29,5.09,11.3,－・－
596,3444,利機,櫃,80.7,-0.6,-0.74,75,10/01,-15,0,0,-15,5.07,11.3,－・－
597,2501,國建,市,21.05,-0.05,-0.24,1745,10/01,-1224,0,5,-1219,130.0,11.2,－・＋
598,6125,廣運,櫃,49.85,-0.05,-0.1,351,10/01,0,0,-2,-1,28.8,11.1,＋・－
599,2031,新光鋼,市,46.2,-0.3,-0.65,754,10/01,-151,0,9,-142,35.7,11.1,－・＋
600,2340,台亞,市,43.85,3.05,7.48,40534,10/01,13333,0,519,13852,48.7,11.1,＋・＋
601,3016,嘉晶,市,168.0,-1.0,-0.59,5581,10/01,1282,0,-101,1180,32.7,11.1,＋・－
602,4771,望隼,市,213.5,-1.0,-0.47,52,10/01,-26,0,2,-24,6.51,11.1,－・＋
603,1314,中石化,市,8.89,-0.11,-1.22,34798,10/01,-17149,0,7,-17142,418.0,11.0,－・＋
604,4166,友霖,櫃,24.75,0.65,2.7,163,10/01,42,0,0,42,26.8,11.0,＋・・
605,2820,華票,市,16.75,-0.1,-0.59,2353,10/01,-960,0,26,-934,147.0,11.0,－・＋
606,3026,禾伸堂,市,852.0,61.0,7.71,18518,10/01,1446,197,49,1692,18.2,11.0,＋＋＋
607,6782,視陽,市,237.5,-4.5,-1.86,242,10/01,5,-20,-2,-16,6.91,11.0,＋－－
608,2851,中再保,市,46.1,-1.1,-2.33,3396,10/01,11,-834,-28,-851,87.7,11.0,＋－－
609,6664,群翊,櫃,371.5,-4.5,-1.2,366,10/01,-5,0,-4,-8,6.66,11.0,－・－
610,2850,新產,市,157.0,-6.0,-3.68,649,10/01,-178,-224,0,-402,34.6,10.9,－－＋
611,3259,鑫創,櫃,11.7,1.05,9.86,52,10/01,6,0,0,6,7.98,10.9,＋・・
612,6526,達發,市,829.0,-11.0,-1.31,621,10/01,66,19,-30,55,18.3,10.9,＋＋－
613,8070,長華*,市,50.2,0.0,0.0,885,10/01,79,0,84,163,79.3,10.9,＋・＋
614,1760,寶齡富錦,市,54.6,0.0,0.0,117,10/01,-23,0,0,-23,9.33,10.9,－・・
615,6494,九齊,櫃,52.4,0.6,1.16,107,10/01,20,0,0,20,3.43,10.9,＋・・
616,2845,遠東銀,市,13.1,0.0,0.0,14842,10/01,-3426,-3356,-164,-6946,533.0,10.8,－－－
617,4129,聯合,櫃,82.6,-0.8,-0.96,72,10/01,-46,0,0,-46,10.4,10.8,－・－
618,1903,士紙,市,47.65,-0.15,-0.31,25,10/01,8,0,0,8,28.0,10.8,＋・・
619,6417,韋僑,櫃,102.0,0.0,0.0,73,10/01,8,0,0,8,4.55,10.8,＋・－
620,3234,光環,櫃,172.0,-1.0,-0.58,1489,10/01,-45,0,0,-46,13.6,10.7,－・－
621,6108,競國,市,25.0,-0.05,-0.2,2564,10/01,76,0,2,78,16.6,10.7,＋＋＋
622,6207,雷科,櫃,145.0,-6.0,-3.97,38260,10/01,1978,0,-229,1749,8.56,10.7,＋・－
623,3402,漢科,櫃,137.0,1.0,0.74,415,10/01,99,0,0,99,7.81,10.7,＋・＋
624,3552,同致,櫃,44.3,0.2,0.45,311,10/01,9,0,-5,4,10.5,10.7,＋・－
625,6224,聚鼎,市,81.7,2.9,3.68,1382,10/01,394,0,1,395,9.13,10.6,＋・＋
626,6568,宏觀,櫃,140.0,-2.5,-1.75,55,10/01,-13,0,2,-11,3.28,10.6,－・＋
627,2362,藍天,市,46.6,-0.3,-0.64,480,10/01,-224,0,3,-221,65.9,10.6,－・＋
628,5388,中磊,市,71.3,-0.2,-0.28,2516,10/01,-889,0,-3,-892,32.2,10.6,－・－
629,3376,新日興,市,174.0,-0.5,-0.29,1408,10/01,-693,0,5,-688,20.7,10.6,－・＋
630,5471,松翰,市,52.4,0.1,0.19,785,10/01,0,0,3,3,17.7,10.6,＋・＋
631,3221,台嘉碩,櫃,53.7,2.5,4.88,13633,10/01,356,0,91,447,11.0,10.5,＋・＋
632,3704,合勤控,市,40.05,-0.45,-1.11,1609,10/01,-123,0,4,-119,43.6,10.5,－・＋
633,6547,高端疫苗,櫃,62.6,0.2,0.32,3080,10/01,-583,0,137,-445,34.4,10.5,－・＋
634,6716,應廣,櫃,117.5,3.5,3.07,411,10/01,51,0,0,51,3.15,10.4,＋・＋
635,5269,祥碩,市,1475.0,15.0,1.03,208,10/01,25,0,18,43,7.66,10.3,＋・＋
636,6156,松上,櫃,21.75,-0.1,-0.46,771,10/01,4,0,-2,3,11.2,10.3,＋・－
637,3551,世禾,櫃,193.0,5.5,2.93,1128,10/01,294,0,23,317,6.43,10.3,＋・＋
638,9924,福興,市,38.2,0.0,0.0,51,10/01,10,0,0,10,15.6,10.3,＋・・
639,4147,中裕,櫃,62.0,-1.7,-2.67,1041,10/01,-507,0,-1,-508,28.2,10.3,－・－
640,6668,中揚光,市,47.1,0.05,0.11,2134,10/01,-21,0,0,-21,11.0,10.3,－・・
641,2492,華新科,市,329.0,29.5,9.85,51671,10/01,16492,0,1279,17771,49.7,10.2,＋・＋
642,2439,美律,市,76.5,-0.8,-1.03,1186,10/01,-141,0,-10,-151,25.4,10.2,－・－
643,1527,鑽全,市,32.8,0.1,0.31,137,10/01,8,0,0,8,14.1,10.2,＋・・
644,5203,訊連,市,58.2,-0.2,-0.34,69,10/01,-16,0,0,-16,7.87,10.2,－＋＋
645,6435,大中,櫃,262.0,10.0,3.97,701,10/01,144,0,15,158,3.81,10.2,＋・＋
646,3388,崇越電,櫃,84.4,-0.9,-1.06,602,10/01,-180,0,0,-180,7.53,10.2,－・＋
647,910322,康師傅-DR,市,23.45,0.0,0.0,0,10/01,0,0,0,0,2.11,10.2,・・・
648,3617,碩天,市,243.0,1.0,0.41,87,10/01,-5,0,-1,-7,9.61,10.1,－・－
649,2491,吉祥全,市,40.5,-0.3,-0.74,514,10/01,38,0,1,39,8.3,10.1,＋＋＋
650,7751,竑騰,櫃,1630.0,5.0,0.31,111,10/01,5,7,0,12,2.71,10.1,＋＋－
651,6546,正基,櫃,59.7,0.3,0.51,163,10/01,-33,0,0,-33,6.73,10.1,－・＋
652,1708,東鹼,市,53.6,-0.2,-0.37,3644,10/01,-710,0,-6,-716,25.0,10.0,－・－
653,6163,華電網,櫃,41.4,-0.3,-0.72,684,10/01,-219,0,16,-203,14.9,10.0,－・＋
654,3060,銘異,市,28.3,0.2,0.71,1766,10/01,61,0,3,63,13.8,10.0,＋＋＋
655,00410A,主動永豐科技趨勢,市,12.48,0.05,0.4,1874,10/01,4,0,802,806,15.4,10.0,＋・＋
656,2066,世德,櫃,51.7,-0.5,-0.96,23,10/01,1,0,0,1,4.44,10.0,＋・・
657,1541,錩泰,市,20.75,-0.15,-0.72,6,10/01,-1,0,0,-1,7.86,10.0,－・＋
658,1909,榮成,市,10.2,-0.1,-0.97,1189,10/01,-520,0,11,-509,132.0,10.0,－・＋
659,3546,宇峻,櫃,73.2,0.6,0.83,46,10/01,-1,0,-1,-2,6.11,10.0,－・－
660,009828,中信台日韓PCB,市,10.38,0.26,2.57,35197,10/01,5531,0,-2005,3526,82.7,9.9,＋・－
661,3028,增你強,市,62.1,-0.8,-1.27,561,10/01,-145,0,-9,-154,23.6,9.9,－・－
662,2329,華泰,市,44.35,-0.45,-1.0,1772,10/01,-507,0,33,-474,65.2,9.9,－・＋
663,8042,金山電,櫃,118.0,6.5,5.83,12002,10/01,-284,0,197,-87,12.8,9.8,－・＋
664,3062,建漢,市,22.25,-0.65,-2.84,1442,10/01,-507,0,-4,-511,32.4,9.8,－・－
665,3715,定穎投控,市,129.0,2.5,1.98,4698,10/01,186,0,-13,173,27.8,9.8,＋・－
666,4956,光鋐,市,47.25,0.75,1.61,21286,10/01,1211,0,1,1213,9.86,9.8,＋＋＋
667,3167,大量,市,975.0,88.0,9.92,9022,10/01,1966,118,21,2105,8.77,9.8,＋＋＋
668,1813,寶利徠,櫃,11.3,0.0,0.0,7,10/01,2,0,0,2,4.56,9.8,＋・・
669,3030,德律,市,289.0,10.0,3.58,1666,10/01,105,0,123,228,23.1,9.8,＋・＋
670,6279,胡連,櫃,113.0,0.5,0.44,211,10/01,26,0,1,27,11.6,9.7,＋・＋
671,2897,王道銀行,市,10.8,-0.1,-0.92,8785,10/01,-283,-2785,44,-3025,273.0,9.7,－－＋
672,4905,台聯電,櫃,84.1,7.6,9.93,218,10/01,21,0,0,21,2.82,9.6,＋・・
673,5324,士開,櫃,12.45,0.0,0.0,44,10/01,-4,0,0,-4,21.8,9.6,－・－
674,1806,冠軍,市,7.92,-0.08,-1.0,345,10/01,57,0,0,57,37.5,9.6,＋・・
675,4123,晟德,櫃,31.3,0.05,0.16,902,10/01,17,-31,-64,-77,77.6,9.6,＋－－
676,6218,豪勉,櫃,62.8,0.9,1.45,1156,10/01,56,0,0,56,6.17,9.6,＋・・
677,3015,全漢,市,54.6,-0.6,-1.09,339,10/01,94,0,4,98,18.0,9.6,＋・＋
678,6416,瑞祺電通,市,120.5,6.0,5.24,1337,10/01,-228,0,2,-226,7.02,9.6,－・＋
679,2328,廣宇,市,47.75,0.2,0.42,1215,10/01,211,0,-16,195,49.6,9.6,＋・－
680,3147,大綜,櫃,267.5,24.0,9.86,1673,10/01,36,0,65,102,4.18,9.6,＋・＋
681,4746,台耀,市,49.0,0.05,0.1,444,10/01,-25,0,0,-25,11.5,9.6,－・・
682,00678,群益那斯達克生技,市,43.98,0.15,0.34,443,10/01,-180,0,210,30,0.85,9.5,－・＋
683,6909,創控,市,42.75,-0.1,-0.23,159,10/01,22,0,0,22,6.42,9.5,＋＋・
684,6265,方土昶,櫃,49.25,0.6,1.23,3074,10/01,-981,0,-8,-989,11.2,9.5,－・－
685,3163,波若威,櫃,651.0,8.0,1.24,3136,10/01,-418,-2,-2,-423,8.98,9.5,－－－
686,1409,新纖,市,24.4,-0.5,-2.01,8728,10/01,-4526,-154,111,-4569,153.0,9.5,－－＋
687,2704,國賓,市,45.15,-0.3,-0.66,77,10/01,-6,0,0,-6,34.7,9.4,－・・
688,6679,鈺太,櫃,204.5,-1.5,-0.73,126,10/01,-20,0,-2,-23,5.19,9.4,－・－
689,3645,達邁,市,74.2,-1.1,-1.46,3575,10/01,-409,0,-15,-425,12.9,9.4,－・－
690,2367,燿華,市,43.35,-0.2,-0.46,3785,10/01,-108,0,-84,-192,66.2,9.4,－・－
691,9958,世紀鋼,市,92.0,-1.0,-1.08,872,10/01,-228,0,-11,-239,25.0,9.3,－・－
692,6799,來頡,市,92.2,0.5,0.55,325,10/01,115,0,0,115,4.07,9.3,＋＋－
693,3094,聯傑,市,67.7,6.1,9.9,29572,10/01,1832,0,82,1914,7.73,9.3,＋・＋
694,4908,前鼎,櫃,204.5,-2.5,-1.21,1104,10/01,-61,0,-39,-100,7.22,9.2,－・－
695,4772,台特化,櫃,264.5,-4.5,-1.67,964,10/01,-125,1,-9,-133,13.6,9.2,－＋－
696,5534,長虹,市,73.3,0.2,0.27,506,10/01,-82,-252,16,-318,29.0,9.2,－－＋
697,3706,神達,市,82.1,2.8,3.53,12817,10/01,4372,50,602,5024,134.0,9.2,＋＋＋
698,6727,亞泰金屬,櫃,488.0,3.0,0.62,655,10/01,-42,0,0,-41,2.47,9.2,－・＋
699,2461,光群雷,市,17.4,-0.45,-2.52,630,10/01,-396,0,26,-370,17.5,9.2,－＋＋
700,6153,嘉聯益,市,17.8,-0.4,-2.2,3967,10/01,-687,0,-59,-746,58.4,9.2,－・－
701,6517,保勝光學,櫃,63.5,-0.1,-0.16,90,10/01,5,0,0,5,2.8,9.2,＋・・
702,3479,安勤,櫃,136.5,0.5,0.37,283,10/01,14,0,1,15,6.64,9.1,＋・＋
703,1565,精華,櫃,96.7,0.2,0.21,84,10/01,32,0,0,32,4.61,9.1,＋・－
704,9960,邁達康,櫃,37.5,-4.0,-9.64,159,10/01,-9,0,0,-9,3.07,9.1,－・－
705,00943,兆豐電子高息等權,市,21.17,0.15,0.71,136,10/01,-17,0,24,7,3.68,9.1,－・＋
706,3518,柏騰,市,40.35,-0.75,-1.82,18737,10/01,912,0,-33,879,9.29,9.1,＋＋－
707,2399,映泰,市,51.3,2.35,4.8,18929,10/01,-822,0,70,-752,16.2,9.1,－・＋
708,6284,佳邦,櫃,80.3,4.7,6.22,3208,10/01,701,0,17,718,13.5,9.1,＋・＋
709,3294,英濟,櫃,33.05,0.6,1.85,2051,10/01,-275,0,0,-275,11.9,9.0,－・＋
710,2812,台中銀,市,18.8,-0.05,-0.27,11215,10/01,-5118,0,79,-5039,580.0,9.0,－・＋
711,6122,擎邦,櫃,62.3,1.8,2.98,2135,10/01,329,1,5,335,7.04,9.0,＋＋＋
712,6651,全宇昕,櫃,147.5,1.5,1.03,80,10/01,30,0,1,31,3.12,9.0,＋・＋
713,1229,聯華,市,40.2,0.3,0.75,2550,10/01,1104,-772,15,347,165.0,9.0,＋－＋
714,8163,達方,市,30.6,0.35,1.16,732,10/01,-18,0,-3,-20,25.1,9.0,－・－
715,1702,南僑,市,33.45,0.4,1.21,227,10/01,49,0,3,52,26.3,9.0,＋・＋
716,3484,崧騰,櫃,47.3,0.75,1.61,159,10/01,35,0,0,35,7.04,8.9,＋・＋
717,6189,豐藝,市,50.2,-0.2,-0.4,243,10/01,55,0,4,59,23.6,8.9,＋・＋
718,1217,愛之味,市,9.96,0.01,0.1,204,10/01,-16,0,24,8,44.0,8.9,－・＋
719,1723,中碳,市,79.7,-1.0,-1.24,767,10/01,-203,0,-29,-232,21.0,8.9,－・－
720,3548,兆利,櫃,76.5,-0.8,-1.03,171,10/01,2,0,-1,1,6.06,8.9,＋・－
721,2375,凱美,市,124.5,6.5,5.51,8440,10/01,-753,0,121,-632,9.63,8.9,－・＋
722,2387,精元,市,36.55,0.1,0.27,142,10/01,-3,2,0,0,17.3,8.8,－＋＋
723,1437,勤益控,市,31.85,0.0,0.0,63,10/01,-11,0,0,-11,17.8,8.8,－・・
724,2010,春源,市,22.5,-0.5,-2.17,1527,10/01,-576,0,10,-566,57.0,8.8,－・＋
725,3176,基亞,櫃,37.5,-0.2,-0.53,253,10/01,-61,0,-1,-61,12.2,8.8,－・－
726,6127,九豪,櫃,56.8,5.1,9.86,16537,10/01,10,0,34,44,9.49,8.8,＋・＋
727,2312,金寶,市,31.0,-0.25,-0.8,4887,10/01,-804,0,-95,-898,132.0,8.8,－・－
728,6785,昱展新藥,櫃,95.3,0.2,0.21,32,10/01,-4,0,0,-4,5.85,8.8,－・－
729,2481,強茂,市,177.5,5.5,3.2,23859,10/01,9544,73,672,10289,33.3,8.7,＋＋＋
730,2484,希華,市,84.6,6.6,8.46,40049,10/01,4763,0,255,5018,13.9,8.7,＋・＋
731,2493,揚博,市,197.0,-0.5,-0.25,989,10/01,36,0,-11,25,11.0,8.7,＋・－
732,7788,松川精密,市,290.5,-3.5,-1.19,2530,10/01,-792,0,-16,-809,6.93,8.7,－・－
733,2233,宇隆,市,168.5,1.5,0.9,224,10/01,-18,0,5,-13,5.23,8.7,－・＋
734,4927,泰鼎-KY,市,43.8,-0.7,-1.57,1834,10/01,8,0,-50,-42,22.9,8.6,＋・－
735,5291,邑昇,櫃,61.1,-0.5,-0.81,325,10/01,-35,0,0,-35,3.62,8.6,－・＋
736,3679,新至陞,市,108.5,0.5,0.46,64,10/01,-7,0,0,-7,5.44,8.6,－＋・
737,1434,福懋,市,17.95,-0.2,-1.1,1415,10/01,-617,0,0,-617,145.0,8.6,－・・
738,8940,新天地,市,15.05,-0.05,-0.33,11,10/01,1,0,0,1,5.82,8.6,＋・・
739,6492,生華科,櫃,34.6,0.25,0.73,145,10/01,36,0,-1,35,9.9,8.6,＋・－
740,8271,宇瞻,市,201.0,-1.0,-0.5,696,10/01,-328,0,-2,-330,11.2,8.6,－・－
741,2105,正新,市,30.55,-0.1,-0.33,3576,10/01,-1065,737,245,-83,279.0,8.6,－＋＋
742,9945,潤泰新,市,29.25,-0.2,-0.68,3829,10/01,-586,693,47,155,244.0,8.6,－＋＋
743,8050,廣積,櫃,63.4,-0.2,-0.31,1896,10/01,14,0,-6,9,17.6,8.6,＋・－
744,4126,太醫,櫃,78.0,-0.1,-0.13,25,10/01,-11,0,0,-11,6.2,8.5,－・・
745,3515,華擎,市,215.0,3.0,1.42,326,10/01,164,0,2,167,10.5,8.5,＋・＋
746,6227,茂綸,櫃,137.0,5.0,3.79,1127,10/01,148,0,2,150,6.47,8.5,＋・＋
747,2498,宏達電,市,43.7,0.8,1.86,23409,10/01,-1164,0,-76,-1240,70.8,8.5,－・－
748,2495,普安,市,38.6,-0.45,-1.15,865,10/01,-187,0,-4,-191,23.1,8.5,－・－
749,3716,中化控股,市,34.0,-0.25,-0.73,156,10/01,-80,0,7,-73,12.7,8.5,－・＋
750,3588,通嘉,市,59.2,5.3,9.83,611,10/01,34,0,1,35,5.23,8.4,＋・＋
751,6120,達運,市,14.75,0.4,2.79,32148,10/01,-3239,0,-42,-3281,50.5,8.4,－・－
752,8068,全達,櫃,17.75,0.0,0.0,145,10/01,3,0,0,3,6.82,8.4,＋・－
753,3232,昱捷,櫃,20.7,-0.2,-0.96,14,10/01,-3,0,0,-3,3.92,8.4,－・・
754,2607,榮運,市,53.8,0.0,0.0,189,10/01,61,0,6,67,44.8,8.4,＋・＋
755,8067,志旭,櫃,12.0,-0.35,-2.83,3,10/01,0,0,0,0,1.73,8.4,・・・
756,3266,昇陽,市,14.0,0.0,0.0,19,10/01,5,0,0,5,29.5,8.4,＋・・
757,6174,安碁,櫃,50.0,4.5,9.89,1621,10/01,312,0,2,314,4.18,8.4,＋・＋
758,1442,名軒,市,26.5,-0.7,-2.57,967,10/01,-317,0,5,-312,30.5,8.3,－・＋
759,5211,蒙恬,櫃,21.1,0.45,2.18,139,10/01,0,0,0,0,2.67,8.3,・・・
760,3556,禾瑞亞,櫃,59.1,1.0,1.72,232,10/01,54,0,0,54,5.3,8.3,＋・＋
761,1604,聲寶,市,23.35,-0.1,-0.43,155,10/01,-15,0,6,-9,31.9,8.3,－・＋
762,6438,迅得,市,164.5,0.5,0.3,714,10/01,169,0,-25,144,6.8,8.3,＋・－
763,3465,進泰電子,櫃,30.0,0.3,1.01,26,10/01,2,0,0,2,3.49,8.2,＋・・
764,4174,浩鼎,櫃,43.1,3.9,9.95,1181,10/01,-7,0,12,5,10.9,8.2,－・＋
765,3718,中光電投控,櫃,64.3,-1.2,-1.83,1909,10/01,-295,6,-17,-306,32.2,8.2,－＋－
766,2426,鼎元,市,103.0,-1.0,-0.96,60579,10/01,-2038,0,171,-1867,24.7,8.2,－・＋
767,2476,鉅祥,市,123.0,-0.5,-0.4,859,10/01,-23,0,235,211,17.9,8.2,－・＋
768,3356,奇偶,市,65.7,-0.3,-0.45,212,10/01,-58,0,0,-58,5.63,8.2,－＋・
769,2731,雄獅,市,144.0,-0.5,-0.35,92,10/01,-27,0,1,-26,7.56,8.1,－・＋
770,3038,全台,市,20.9,0.1,0.48,204,10/01,-62,0,-2,-64,12.7,8.1,－＋－
771,6840,東研信超,櫃,99.3,0.4,0.4,343,10/01,-4,0,-4,-8,2.49,8.1,－・－
772,4721,美琪瑪,櫃,80.6,-1.9,-2.3,611,10/01,-80,0,-1,-81,6.07,8.1,－・－
773,2420,新巨,市,58.0,3.0,5.45,1735,10/01,563,0,2,565,12.3,8.1,＋・＋
774,5285,界霖,市,94.2,4.1,4.55,1551,10/01,235,0,2,237,8.21,8.0,＋・＋
775,4906,正文,市,40.5,-1.8,-4.26,11744,10/01,-1374,0,-308,-1682,36.3,8.0,－・－
776,8111,立碁,櫃,78.0,-1.3,-1.64,5913,10/01,162,0,-17,145,8.77,8.0,＋・－
777,5315,光聯,櫃,18.9,0.15,0.8,93,10/01,4,0,0,4,8.53,8.0,＋・＋
778,2538,基泰,市,8.83,-0.09,-1.01,251,10/01,-125,0,-2,-127,35.5,8.0,－・－
779,3019,亞光,市,137.0,0.5,0.37,1849,10/01,457,0,3,460,22.3,8.0,＋・＋
780,3059,華晶科,市,38.3,-0.45,-1.16,1140,10/01,-392,0,-8,-400,24.5,8.0,－・－
781,6199,天品,櫃,128.0,0.5,0.39,6611,10/01,22,0,-6,16,4.91,8.0,＋・－
782,3029,零壹,市,119.0,-1.0,-0.83,921,10/01,184,0,16,200,13.3,7.9,＋・＋
783,7402,邑錡,櫃,100.5,-0.5,-0.5,121,10/01,-21,0,0,-20,2.8,7.9,－・＋
784,4770,上品,市,275.0,-7.0,-2.48,872,10/01,98,0,-24,74,6.33,7.9,＋・－
785,5234,達興材料,市,302.5,-6.0,-1.94,458,10/01,-230,0,1,-229,8.12,7.9,－・＋
786,1611,中電,市,11.45,-0.1,-0.87,408,10/01,-275,0,18,-257,25.5,7.9,－・＋
787,5312,寶島科,櫃,89.5,-0.4,-0.44,19,10/01,0,0,0,0,4.74,7.9,・・・
788,4933,友輝,櫃,54.2,-0.2,-0.37,52,10/01,1,0,0,1,6.5,7.9,＋・・
789,2008,高興昌,市,30.85,-0.25,-0.8,5,10/01,2,0,0,2,15.0,7.9,＋・・
790,1440,南紡,市,13.4,-0.25,-1.83,2962,10/01,-611,0,16,-595,130.0,7.8,－・＋
791,2206,三陽工業,市,62.6,0.5,0.81,299,10/01,188,0,4,192,60.8,7.8,＋・＋
792,3218,大學光,櫃,134.0,-1.0,-0.74,94,10/01,-31,0,0,-31,6.65,7.8,－・－
793,3631,晟楠,櫃,40.45,-0.05,-0.12,151,10/01,-3,0,-1,-4,6.41,7.8,－・－
794,1584,精剛,櫃,18.6,-0.25,-1.33,380,10/01,-33,0,11,-22,18.2,7.8,－・＋
795,1722,台肥,市,41.15,-0.4,-0.96,1602,10/01,-512,0,0,-513,76.4,7.8,－・－
796,2305,全友,市,61.9,-6.8,-9.9,9397,10/01,-3216,0,-23,-3240,16.0,7.8,－・－
797,5469,瀚宇博,市,74.6,0.6,0.81,1286,10/01,59,0,7,66,37.9,7.8,＋・＋
798,2903,遠百,市,21.95,-0.2,-0.9,1960,10/01,-555,-798,33,-1319,110.0,7.8,－－＋
799,2392,正崴,市,41.6,0.0,0.0,893,10/01,10,0,-7,3,39.7,7.8,＋・－
800,2836,高雄銀,市,12.05,-0.05,-0.41,1873,10/01,-1315,0,0,-1315,144.0,7.8,－・・
801,3217,優群,櫃,129.5,-0.5,-0.38,134,10/01,-29,0,0,-29,6.92,7.7,－・－
802,1210,大成,市,51.7,-0.3,-0.58,991,10/01,-173,200,5,32,68.4,7.6,－＋＋
803,5201,凱衛,櫃,29.2,-0.75,-2.5,40,10/01,-10,0,0,-10,2.95,7.6,－・－
804,3090,日電貿,市,169.0,8.0,4.97,8362,10/01,815,0,121,936,21.9,7.6,＋・＋
805,8034,榮群,櫃,19.95,-0.4,-1.97,70,10/01,7,0,0,7,4.3,7.6,＋・・
806,4107,邦特,櫃,110.5,0.0,0.0,19,10/01,-1,0,0,-1,5.25,7.6,－・＋
807,6155,鈞寶,市,69.6,6.3,9.95,10413,10/01,696,0,-4,693,6.66,7.6,＋・－
808,9938,百和,市,38.55,0.3,0.78,534,10/01,161,4,0,165,22.5,7.5,＋＋＋
809,3563,牧德,市,754.0,-53.0,-6.57,2875,10/01,-845,0,-66,-911,4.82,7.5,－・－
810,3527,聚積,櫃,51.4,-1.7,-3.2,76,10/01,-28,0,0,-28,3.34,7.5,－・・
811,5521,工信,市,10.65,0.05,0.47,942,10/01,-106,0,-16,-122,37.0,7.5,－・－
812,3717,聯嘉投控,市,27.35,-0.35,-1.26,8872,10/01,648,0,-8,641,15.6,7.5,＋・－
813,2014,中鴻,市,17.1,-0.3,-1.72,2893,10/01,-1336,0,0,-1336,107.0,7.5,－・・
814,2515,中工,市,11.95,0.05,0.42,1882,10/01,-480,0,62,-418,126.0,7.5,－・＋
815,4576,大銀微系統,市,237.5,1.5,0.64,1065,10/01,-28,0,16,-12,8.93,7.4,－・＋
816,8289,泰藝,櫃,51.0,4.6,9.91,2531,10/01,456,0,28,484,5.08,7.4,＋・＋
817,3550,聯穎,市,25.7,-0.2,-0.77,2400,10/01,168,0,0,168,7.99,7.4,＋＋－
818,4590,富田-創,市,88.2,-0.9,-1.01,133,10/01,-85,0,-1,-86,4.07,7.4,－・－
819,5403,中菲,櫃,93.0,0.2,0.22,22,10/01,1,0,0,1,5.79,7.4,＋・・
820,3228,金麗科,櫃,179.5,-2.5,-1.37,498,10/01,-18,0,1,-17,5.32,7.4,－・＋
821,1599,宏佳騰,櫃,23.1,0.05,0.22,33,10/01,11,0,0,11,5.39,7.4,＋・＋
822,3705,永信,市,56.7,0.0,0.0,76,10/01,13,0,13,26,19.6,7.4,＋・＋
823,8415,大國鋼,櫃,35.55,0.35,0.99,471,10/01,84,-125,60,19,75.8,7.3,＋－＋
824,6561,是方,櫃,310.5,3.5,1.14,55,10/01,7,0,0,7,5.72,7.3,＋・－
825,6021,美好證,櫃,41.7,-0.1,-0.24,94,10/01,-26,0,0,-26,22.8,7.3,－・・
826,00657,國泰日經225,市,81.6,2.3,2.9,370,10/01,-2,0,83,81,0.48,7.3,－・＋
827,1313,聯成,市,12.4,0.1,0.81,4532,10/01,326,0,-9,317,97.2,7.3,＋・－
828,2371,大同,市,30.5,0.05,0.16,33538,10/01,-10687,0,-658,-11345,157.0,7.3,－・－
829,2855,統一證,市,56.4,-0.2,-0.35,4222,10/01,-1640,550,0,-1090,117.0,7.3,－＋・
830,4306,炎洲,市,14.45,-0.25,-1.7,1003,10/01,-408,0,8,-400,49.4,7.3,－・＋
831,3615,安可,櫃,43.25,-2.55,-5.57,7170,10/01,-519,0,-26,-545,4.97,7.3,－・－
832,1558,伸興,市,112.5,0.0,0.0,386,10/01,45,0,1,46,4.68,7.2,＋・＋
833,6233,旺玖,櫃,23.55,0.75,3.29,515,10/01,-75,0,0,-75,5.86,7.2,－・－
834,5498,凱崴,櫃,50.6,-0.6,-1.17,886,10/01,-101,0,4,-96,14.0,7.2,－・＋
835,6215,和椿,市,97.1,-0.6,-0.61,269,10/01,-70,0,0,-71,5.98,7.2,－・－
836,2542,興富發,市,38.4,-0.25,-0.65,11208,10/01,-66,-2734,-26,-2826,155.0,7.2,－－－
837,2352,佳世達,市,29.1,-0.55,-1.85,3305,10/01,-422,0,-56,-477,114.0,7.2,－・－
838,4736,泰博,市,130.0,0.0,0.0,98,10/01,11,0,4,15,6.86,7.2,＋・＋
839,5015,華祺,櫃,21.8,-0.1,-0.46,31,10/01,0,0,0,0,4.35,7.2,・・・
840,2486,一詮,市,248.5,8.5,3.54,8668,10/01,-824,-40,-30,-894,16.7,7.2,－－－
841,4973,廣穎,櫃,137.0,-1.0,-0.72,342,10/01,-78,0,-16,-94,4.67,7.2,－・－
842,3708,上緯投控,市,98.9,0.0,0.0,306,10/01,-87,0,0,-87,6.41,7.1,－・＋
843,2106,建大,市,16.65,0.0,0.0,300,10/01,-138,0,38,-100,68.0,7.1,－・＋
844,1220,台榮,市,10.85,0.0,0.0,51,10/01,9,0,1,10,12.6,7.1,＋・＋
845,5608,四維航,市,17.0,0.05,0.29,1736,10/01,100,0,88,188,27.6,7.1,＋・＋
846,1307,三芳,市,31.45,-0.05,-0.16,532,10/01,-191,0,0,-191,28.2,7.1,－・・
847,4510,高鋒,櫃,43.45,-0.55,-1.25,412,10/01,51,0,-1,50,7.73,7.1,＋・－
848,1504,東元,市,69.1,0.0,0.0,2133,10/01,141,10,41,192,168.0,7.1,＋＋＋
849,1730,花仙子,市,51.3,0.1,0.2,30,10/01,-11,0,3,-8,4.46,7.0,－・＋
850,6957,裕慶-KY,市,384.0,13.0,3.5,1908,10/01,50,0,-37,12,3.91,7.0,＋・－
851,2465,麗臺,市,93.2,2.0,2.19,1460,10/01,16,0,0,16,6.6,7.0,＋・・
852,6657,華安,市,32.6,-0.1,-0.31,63,10/01,-8,0,1,-7,6.23,7.0,－・＋
853,6906,現觀科,市,84.0,0.4,0.48,41,10/01,24,0,0,24,2.35,7.0,＋・＋
854,6237,驊訊,櫃,36.75,0.25,0.68,768,10/01,-169,0,0,-169,5.58,7.0,－・・
855,8210,勤誠,市,845.0,9.0,1.08,2064,10/01,-235,-163,7,-392,8.8,7.0,－－＋
856,1718,中纖,市,10.65,-0.2,-1.84,10229,10/01,-4008,0,-171,-4179,118.0,7.0,－・－
857,6026,福邦證,櫃,15.85,-0.25,-1.55,980,10/01,-618,5,0,-613,27.7,7.0,－＋・
858,8240,華宏,櫃,60.2,2.9,5.06,8494,10/01,-96,0,25,-72,6.99,7.0,－・＋
859,2013,中鋼構,市,41.5,-0.1,-0.24,32,10/01,1,0,0,1,13.9,7.0,＋・－
860,4952,凌通,市,49.65,0.25,0.51,304,10/01,66,0,4,70,7.58,7.0,＋・＋
861,4114,健喬,櫃,29.5,-0.05,-0.17,309,10/01,53,0,0,53,38.3,7.0,＋・・
862,1310,台苯,市,9.02,-0.23,-2.49,2512,10/01,-855,0,1,-854,36.6,6.9,－・＋
863,2485,兆赫,市,40.5,-1.2,-2.88,2456,10/01,-712,0,8,-704,22.0,6.9,－・＋
864,3646,艾恩特,櫃,24.85,-0.1,-0.4,18,10/01,5,0,0,5,2.73,6.9,＋・・
865,6177,達麗,市,46.65,0.2,0.43,1613,10/01,284,-744,5,-454,32.7,6.9,＋－＋
866,1773,勝一,市,167.5,0.0,0.0,513,10/01,-87,0,1,-86,20.8,6.9,－・＋
867,2535,達欣工,市,88.9,-0.3,-0.34,167,10/01,-72,0,4,-68,18.7,6.9,－・＋
868,6505,台塑化,市,94.2,-3.1,-3.19,27317,10/01,-13022,6959,-480,-6543,658.0,6.9,－＋－
869,8044,網家,櫃,24.2,-0.1,-0.41,287,10/01,-8,0,6,-2,14.1,6.9,－・＋
870,0061,元大寶滬深,市,23.32,0.07,0.3,30,10/01,-11,0,-1,-12,6.6,6.9,－・－
871,1321,大洋,市,32.5,0.1,0.31,45,10/01,8,0,6,14,15.6,6.9,＋・＋
872,1783,和康生,市,37.35,0.1,0.27,43,10/01,21,0,0,21,6.17,6.9,＋・＋
873,2062,橋椿,市,18.0,-0.05,-0.28,111,10/01,0,0,0,0,13.7,6.9,・・・
874,8155,博智,櫃,313.5,-2.5,-0.79,786,10/01,-9,0,6,-3,4.16,6.9,－・＋
875,1737,臺鹽,市,30.0,-0.05,-0.17,102,10/01,-38,0,5,-33,13.7,6.8,－・＋
876,5328,華容,櫃,58.4,5.3,9.98,13683,10/01,-817,0,333,-484,11.8,6.8,－・＋
877,8261,富鼎,市,181.5,5.5,3.12,3961,10/01,652,0,74,726,8.13,6.8,＋・＋
878,3591,艾笛森,市,26.9,-0.55,-2.0,1379,10/01,283,0,15,298,8.92,6.8,＋＋＋
879,6873,泓德能源,市,67.9,-0.5,-0.73,192,10/01,-63,0,0,-63,9.75,6.8,－・・
880,00996A,主動兆豐台灣豐收,市,14.66,0.18,1.24,5652,10/01,-1414,0,-504,-1918,18.7,6.8,－・－
881,2707,晶華,市,176.0,0.5,0.28,79,10/01,13,0,0,13,8.69,6.8,＋・・
882,2241,艾姆勒,市,44.05,-2.1,-4.55,3600,10/01,-981,0,2,-979,7.11,6.8,－・＋
883,1227,佳格,市,28.1,0.0,0.0,342,10/01,-43,0,0,-43,62.1,6.8,－・・
884,2425,承啟,市,37.75,0.25,0.67,473,10/01,85,0,0,85,6.54,6.8,＋＋・
885,6877,鏵友益,櫃,138.5,12.5,9.92,165,10/01,2,0,4,6,3.2,6.8,＋・＋
886,1532,勤美,市,22.2,-0.1,-0.45,206,10/01,14,0,-15,-1,28.5,6.8,＋・－
887,2406,國碩,市,31.4,-0.05,-0.16,6902,10/01,-521,0,35,-486,23.7,6.7,－・＋
888,2612,中航,市,61.4,-0.4,-0.65,132,10/01,10,0,2,12,13.3,6.7,＋・＋
889,6719,力智,市,188.0,1.5,0.8,492,10/01,-152,0,0,-152,7.1,6.7,－・＋
890,2208,台船,市,18.85,-0.3,-1.57,3316,10/01,-1458,0,5,-1453,85.8,6.7,－・＋
891,8938,明安,櫃,52.2,-0.4,-0.76,47,10/01,0,1,0,1,10.5,6.7,・＋－
892,4923,力士,櫃,65.2,3.8,6.19,2823,10/01,-110,0,1,-110,2.27,6.7,－・＋
893,4169,泰宗,市,151.0,-1.0,-0.66,56,10/01,-3,0,0,-3,4.44,6.7,－・・
894,4974,亞泰,櫃,71.3,0.3,0.42,51,10/01,-6,0,0,-6,4.85,6.7,－・－
895,1449,佳和,市,12.3,-0.2,-1.6,193,10/01,-16,0,0,-16,8.48,6.7,－・＋
896,5703,亞都,櫃,13.35,0.0,0.0,0,10/01,0,0,0,0,4.69,6.7,・・・
897,2363,矽統,市,60.6,1.5,2.54,9203,10/01,761,0,601,1363,34.3,6.6,＋・＋
898,2107,厚生,市,26.95,-0.05,-0.19,401,10/01,-235,0,0,-235,20.2,6.6,－・・
899,6150,撼訊,櫃,69.9,6.3,9.91,3244,10/01,-9,0,-23,-31,3.21,6.6,－・－
900,3537,堡達,櫃,58.6,5.3,9.94,1662,10/01,156,0,0,155,3.73,6.6,＋・－
901,1569,濱川,櫃,63.8,1.2,1.92,3416,10/01,217,0,267,484,9.54,6.6,＋・＋
902,6133,金橋,市,29.3,-0.3,-1.01,10855,10/01,-284,0,0,-284,7.74,6.6,－＋・
903,8926,台汽電,市,58.9,-0.3,-0.51,1155,10/01,-97,0,-8,-105,54.8,6.6,－・－
904,1416,廣豐,市,11.65,0.2,1.75,464,10/01,13,0,-1,12,12.2,6.6,＋・－
905,8076,伍豐,櫃,21.6,-0.2,-0.92,352,10/01,-116,0,0,-116,19.2,6.6,－・－
906,4127,天良,櫃,46.7,1.1,2.41,323,10/01,47,0,5,52,3.0,6.6,＋・＋
907,2915,潤泰全,市,58.3,-0.5,-0.85,1153,10/01,176,0,9,185,72.0,6.5,＋・＋
908,1709,和益,市,53.2,4.8,9.92,28454,10/01,5265,0,155,5420,31.0,6.5,＋・＋
909,2108,南帝,市,28.35,-0.4,-1.39,452,10/01,-254,0,11,-243,32.0,6.5,－・＋
910,3441,聯一光,櫃,202.5,18.0,9.76,6283,10/01,136,0,103,239,2.6,6.5,＋・＋
911,2104,國際中橡,市,11.0,-0.15,-1.35,3126,10/01,-544,0,21,-522,63.8,6.5,－・＋
912,00635U,期元大S&P黃金,市,43.1,0.06,0.14,1562,10/01,12,0,-400,-388,20.5,6.4,＋・－
913,6732,昇佳電子,櫃,152.0,0.5,0.33,56,10/01,6,0,-1,5,3.16,6.4,＋・－
914,6164,華興,市,12.55,-0.05,-0.4,193,10/01,21,0,0,21,5.15,6.4,＋＋・
915,6613,朋億*,櫃,278.5,4.5,1.64,408,10/01,103,0,2,105,5.01,6.4,＋・＋
916,8431,匯鑽科,櫃,64.7,-2.1,-3.14,1174,10/01,-43,0,-1,-44,3.13,6.4,－・－
917,2034,允強,市,23.6,-1.2,-4.84,9285,10/01,842,0,-147,696,33.8,6.4,＋・－
918,6425,易發,櫃,81.3,2.3,2.91,5314,10/01,-311,0,-5,-317,3.24,6.4,－・－
919,1533,車王電,市,30.55,0.25,0.83,54,10/01,20,0,0,20,6.24,6.3,＋・・
920,4542,科嶠,櫃,328.0,-16.0,-4.65,430,10/01,6,0,2,8,2.19,6.3,＋・＋
921,6811,宏碁資訊,櫃,243.5,3.0,1.25,166,10/01,-37,0,0,-38,2.62,6.3,－・－
922,4120,友華,櫃,46.0,0.1,0.22,2,10/01,-1,0,0,-1,5.47,6.3,－・＋
923,3050,鈺德,市,11.75,-0.2,-1.67,949,10/01,-224,0,-12,-236,9.76,6.3,－＋－
924,7734,印能科技,櫃,2795.0,130.0,4.88,413,10/01,68,-45,4,26,1.76,6.3,＋－＋
925,3362,先進光,櫃,175.5,4.5,2.63,1963,10/01,-133,0,-3,-136,9.27,6.3,－・－
926,2457,飛宏,市,22.05,-0.5,-2.22,875,10/01,-390,0,-21,-411,26.6,6.3,－・－
927,8074,鉅橡,櫃,51.8,0.2,0.39,193,10/01,31,0,0,31,5.44,6.2,＋・－
928,8446,華研,櫃,84.9,0.1,0.12,12,10/01,-2,0,0,-2,3.3,6.2,－・・
929,1593,祺驊,櫃,31.7,0.0,0.0,23,10/01,-1,0,0,-1,2.48,6.2,－・・
930,2489,瑞軒,市,40.65,-1.15,-2.75,12755,10/01,-2192,0,-206,-2398,37.9,6.2,－・－
931,3430,奇鈦科,櫃,111.5,0.0,0.0,147,10/01,-26,0,4,-22,2.09,6.2,－・＋
932,4128,中天,櫃,15.15,-0.2,-1.3,1200,10/01,-420,0,2,-418,36.5,6.2,－・＋
933,2852,第一保,市,27.6,-0.25,-0.9,381,10/01,-219,0,0,-219,18.6,6.2,－・・
934,4741,泓瀚,櫃,40.3,-0.5,-1.23,40,10/01,-5,0,-1,-6,2.15,6.2,－・－
935,6015,宏遠證,櫃,17.6,-0.35,-1.95,2999,10/01,-2097,0,0,-2097,24.3,6.2,－・・
936,0057,富邦摩台,市,334.3,0.85,0.25,7,10/01,0,0,0,0,0.09,6.2,・・－
937,1799,易威,櫃,28.95,-0.05,-0.17,77,10/01,10,0,-1,9,15.4,6.2,＋・－
938,3303,岱稜,櫃,48.7,0.05,0.1,108,10/01,-10,0,0,-10,5.84,6.2,－・－
939,3687,歐買尬,櫃,61.6,1.3,2.16,52,10/01,16,0,1,17,1.85,6.2,＋・＋
940,6603,富強鑫,櫃,29.8,1.0,3.47,7484,10/01,1769,0,146,1915,10.3,6.2,＋・＋
941,6712,長聖,櫃,162.0,0.0,0.0,101,10/01,0,0,-2,-1,6.19,6.2,＋・－
942,7839,達人網,櫃,43.0,-0.2,-0.46,21,10/01,0,0,-4,-4,0.93,6.1,・・－
943,5206,坤悅,櫃,22.8,0.1,0.44,84,10/01,11,0,-1,11,12.3,6.1,＋・－
944,2488,漢平,市,48.95,0.1,0.2,28,10/01,2,0,0,2,4.88,6.1,＋＋・
945,2753,八方雲集,市,183.5,3.5,1.94,386,10/01,305,1,1,306,4.06,6.1,＋＋＋
946,4942,嘉彰,市,31.8,-0.1,-0.31,89,10/01,-58,0,1,-57,8.67,6.1,－・＋
947,1436,華友聯,市,35.35,-0.35,-0.98,86,10/01,-54,0,0,-54,11.8,6.1,－・・
948,2250,IKKA-KY,市,55.7,-1.3,-2.28,113,10/01,-23,0,0,-23,2.21,6.1,－・・
949,2645,長榮航太,市,174.0,1.0,0.58,674,10/01,76,-6,38,108,22.7,6.1,＋－＋
950,2534,宏盛,市,16.85,-0.1,-0.59,206,10/01,67,0,0,67,28.8,6.1,＋・・
951,5236,凌陽創新,市,137.0,-0.5,-0.36,66,10/01,-24,0,7,-18,3.64,6.1,－・＋
952,6423,億而得,櫃,94.4,8.5,9.9,349,10/01,42,0,1,43,1.88,6.0,＋・＋
953,9927,泰銘,市,64.0,-1.1,-1.69,748,10/01,-150,0,-149,-299,7.27,6.0,－・－
954,1110,東泥,市,14.65,0.0,0.0,120,10/01,-23,0,22,-1,34.6,6.0,－・＋
955,9935,慶豐富,市,18.35,0.05,0.27,140,10/01,-18,1,0,-17,10.7,6.0,－＋・
956,3169,亞信,櫃,117.0,2.0,1.74,475,10/01,164,0,2,165,3.82,6.0,＋・＋
957,5490,同亨,櫃,25.6,-0.05,-0.19,268,10/01,-83,0,0,-83,5.81,6.0,－・＋
958,2101,南港,市,29.65,-0.25,-0.84,1688,10/01,-838,0,-6,-844,44.2,6.0,－・－
959,6270,倍微,櫃,30.55,0.55,1.83,340,10/01,18,0,1,19,4.35,6.0,＋・＋
960,6830,汎銓,市,531.0,-2.0,-0.38,794,10/01,-10,0,-5,-15,3.21,6.0,－・－
961,1338,廣華-KY,市,15.3,-0.3,-1.92,222,10/01,-7,0,4,-3,5.04,6.0,－・＋
962,1736,喬山,市,127.5,-1.0,-0.78,100,10/01,4,0,2,6,18.2,6.0,＋・＋
963,1219,福壽,市,11.45,0.0,0.0,81,10/01,37,0,0,37,20.4,6.0,＋・・
964,5511,德昌,櫃,69.3,-0.3,-0.43,220,10/01,-98,0,1,-97,8.12,6.0,－・＋
965,1710,東聯,市,17.0,0.25,1.49,5875,10/01,407,0,211,618,52.6,5.9,＋・＋
966,4526,東台,市,34.4,0.35,1.03,8739,10/01,-1479,0,60,-1419,15.1,5.9,－・＋
967,3066,李洲,櫃,28.9,-0.3,-1.03,1585,10/01,5,0,0,5,4.93,5.9,＋・＋
968,00666R,富邦恒生國企反1,市,9.33,0.0,0.0,0,10/01,0,0,0,0,0.72,5.9,・・・
969,2331,精英,市,19.15,-0.05,-0.26,700,10/01,203,0,21,224,32.9,5.9,＋・＋
970,5512,力麒,櫃,7.7,-0.01,-0.13,253,10/01,-1,0,-1,-2,45.1,5.9,－・－
971,2504,國產,市,30.55,-0.1,-0.33,1242,10/01,-520,9,26,-485,69.3,5.9,－＋＋
972,7712,博盛半導體,櫃,169.0,8.0,4.97,371,10/01,-7,0,7,0,1.91,5.9,－・＋
973,9910,豐泰,市,68.8,0.0,0.0,875,10/01,304,212,1,517,57.7,5.8,＋＋＋
974,6762,達亞,櫃,156.0,-2.0,-1.27,3,10/01,0,0,-1,-1,2.15,5.8,・・－
975,8043,蜜望實,櫃,138.5,8.0,6.13,6321,10/01,91,0,46,137,4.66,5.8,＋・＋
976,8234,新漢,櫃,63.0,0.4,0.64,281,10/01,5,0,0,5,8.22,5.8,＋・・
977,6548,長科*,櫃,71.5,-0.7,-0.97,3840,10/01,1008,-1855,50,-797,55.3,5.8,＋－＋
978,8048,德勝,櫃,50.8,0.2,0.4,63,10/01,18,0,0,18,3.46,5.8,＋・＋
979,2402,毅嘉,市,57.2,-1.3,-2.22,1593,10/01,-292,0,-77,-369,17.8,5.8,－・－
980,4533,協易機,櫃,25.55,-0.1,-0.39,339,10/01,9,0,-2,7,10.3,5.8,＋・－
981,2374,佳能,市,66.7,-0.5,-0.74,1221,10/01,-105,0,-2,-107,19.5,5.8,－・－
982,1711,永光,市,40.55,-0.35,-0.86,2699,10/01,-237,0,-16,-253,31.5,5.8,－・－
983,4413,飛寶企業,櫃,20.35,0.05,0.25,6,10/01,0,0,0,0,1.8,5.8,・・・
984,6835,圓裕,市,31.15,-0.05,-0.16,14,10/01,3,0,0,3,3.81,5.8,＋・・
985,6161,捷波,櫃,50.3,-1.2,-2.33,40,10/01,-12,0,0,-12,3.22,5.7,－・＋
986,8071,能率網通,櫃,22.0,-0.05,-0.23,306,10/01,94,0,-1,93,3.44,5.7,＋・－
987,2453,凌群,市,53.3,-0.3,-0.56,182,10/01,-34,0,0,-34,5.72,5.7,－・・
988,3290,東浦,櫃,50.0,-2.2,-4.21,1372,10/01,-454,0,-27,-481,5.16,5.7,－・－
989,7795,長廣,市,536.0,48.0,9.84,1891,10/01,444,0,32,476,4.48,5.7,＋・＋
990,4142,國光生,市,18.1,-0.15,-0.82,555,10/01,-82,0,0,-82,24.3,5.7,－・－
991,4951,精拓科,櫃,90.3,-1.2,-1.31,256,10/01,-34,0,-6,-40,1.93,5.7,－・－
992,6143,振曜,櫃,80.6,-0.4,-0.49,244,10/01,-44,0,0,-44,4.87,5.6,－・－
993,6589,台康生技,市,52.4,-1.0,-1.87,554,10/01,-78,0,-1,-79,17.0,5.6,－・－
994,1446,宏和,市,13.45,0.05,0.37,29,10/01,-1,0,0,-1,7.74,5.6,－・・
995,8422,可寧衛*,市,25.6,-0.3,-1.16,2861,10/01,-863,0,-2,-865,76.4,5.6,－・－
996,3041,揚智,市,24.65,0.3,1.23,1068,10/01,0,0,0,0,7.97,5.6,－・＋
997,8421,旭源,櫃,13.0,0.05,0.39,114,10/01,38,0,-16,22,3.58,5.6,＋・－
998,8088,品安,櫃,43.65,-0.75,-1.69,754,10/01,-215,0,1,-214,3.4,5.6,－・＋
999,8279,生展,櫃,80.8,2.8,3.59,46,10/01,0,0,0,0,1.51,5.6,・・＋
1000,2483,百容,市,36.6,0.85,2.38,5737,10/01,-1298,0,-4,-1302,6.02,5.6,－＋－
1001,6884,海柏特,櫃,31.4,0.85,2.78,7,10/01,0,0,0,0,1.03,5.6,・・・
1002,5398,慕康生醫,櫃,13.8,-0.05,-0.36,33,10/01,-9,0,0,-9,2.75,5.6,－・・
1003,3691,碩禾,櫃,112.5,-7.0,-5.86,1174,10/01,104,0,-224,-121,5.1,5.6,＋・－
1004,5508,永信建,櫃,53.4,0.3,0.56,136,10/01,36,0,0,36,12.1,5.6,＋・－
1005,6167,久正,櫃,10.25,-0.05,-0.49,194,10/01,-14,0,0,-14,8.08,5.5,－・－
1006,6642,富致,櫃,83.0,1.3,1.59,379,10/01,91,0,4,95,2.07,5.5,＋・＋
1007,1802,台玻,市,58.8,-1.1,-1.84,15496,10/01,-4832,-20,177,-4675,161.0,5.5,－－＋
1008,1233,天仁,市,28.1,0.0,0.0,5,10/01,1,0,0,1,5.0,5.5,＋・・
1009,2405,輔信,市,15.3,0.05,0.33,1894,10/01,-434,0,9,-425,19.0,5.5,－・＋
1010,009829,大華韓國KOSPI50,市,10.98,0.2,1.86,19173,10/01,146,0,499,645,18.4,5.5,＋・＋
1011,6899,創為精密,櫃,49.5,-0.3,-0.6,11,10/01,-3,0,0,-3,2.33,5.5,－・・
1012,2471,資通,市,52.0,0.2,0.39,92,10/01,-10,0,11,1,2.59,5.5,－＋＋
1013,1734,杏輝,市,32.1,0.0,0.0,157,10/01,-26,0,0,-26,11.1,5.5,－・・
1014,2642,宅配通,市,20.35,-0.05,-0.25,20,10/01,6,0,0,6,5.24,5.5,＋・・
1015,1516,川飛,市,13.5,-0.2,-1.46,18,10/01,-3,0,0,-3,2.19,5.5,－・・
1016,4178,永笙-KY,市,18.35,1.65,9.88,913,10/01,79,0,2,81,11.8,5.5,＋・＋
1017,1308,亞聚,市,14.2,-0.25,-1.73,758,10/01,-336,0,-10,-346,32.4,5.4,－・－
1018,1512,瑞利,市,6.2,0.09,1.47,55,10/01,2,0,0,2,5.36,5.4,＋・・
1019,1580,新麥,櫃,97.4,0.3,0.31,26,10/01,1,0,0,1,2.69,5.4,＋・・
1020,1451,年興,市,17.0,0.0,0.0,199,10/01,-90,0,0,-90,10.7,5.4,－・・
1021,1595,川寶,櫃,83.3,-2.0,-2.34,9124,10/01,-641,0,46,-595,3.05,5.4,－・＋
1022,2641,正德,櫃,17.35,-0.15,-0.86,571,10/01,-71,0,0,-71,17.9,5.4,－・－
1023,3607,谷崧,市,13.95,-0.05,-0.36,128,10/01,-13,0,0,-13,6.58,5.4,－＋・
1024,6405,悅城,市,45.1,-5.0,-9.98,1637,10/01,26,0,-1,25,3.56,5.4,＋＋－
1025,00674R,期元大S&P黃金反1,市,29.24,-0.04,-0.14,43,10/01,1,0,-24,-23,0.78,5.4,＋・－
1026,5607,遠雄港,市,51.9,-0.5,-0.95,442,10/01,-178,0,6,-172,19.9,5.4,－・＋
1027,6530,創威,櫃,102.0,-2.5,-2.39,1722,10/01,-269,0,0,-269,1.82,5.4,－・－
1028,6151,晉倫,櫃,34.65,-0.1,-0.29,94,10/01,-38,0,0,-38,2.97,5.4,－・・
1029,4566,時碩工業,市,75.2,1.1,1.48,3817,10/01,762,0,1,763,5.9,5.4,＋・＋
1030,6186,新潤,櫃,29.1,-0.05,-0.17,177,10/01,-66,0,0,-66,10.4,5.4,－・－
1031,8462,柏文,市,157.0,-1.5,-0.95,123,10/01,-1,0,3,2,4.31,5.4,－・＋
1032,2633,台灣高鐵,市,25.8,0.15,0.58,2936,10/01,21,-1386,12,-1352,300.0,5.3,＋－＋
1033,2887I,台新新光辛特,市,9.53,0.0,0.0,2304,10/01,-323,0,0,-323,165.0,5.3,－・・
1034,6535,順藥,櫃,80.9,-1.3,-1.58,203,10/01,-67,-66,-1,-134,8.94,5.3,－－－
1035,6902,GOGOLOOK,市,155.0,-4.0,-2.52,391,10/01,-38,0,1,-37,1.89,5.3,－・＋
1036,3048,益登,市,52.8,1.1,2.13,1774,10/01,-126,0,14,-112,14.3,5.3,－・＋
1037,8054,安國,櫃,89.8,1.2,1.35,2194,10/01,-450,0,10,-440,5.77,5.3,－・＋
1038,8341,日友,市,74.2,-0.2,-0.27,107,10/01,-28,0,7,-21,6.89,5.3,－・＋
1039,1444,力麗,市,6.9,-0.22,-3.09,1233,10/01,-649,0,0,-649,52.6,5.3,－・・
1040,1536,和大,市,46.65,-0.25,-0.53,511,10/01,-159,0,-6,-165,14.7,5.3,－・－
1041,4119,旭富,市,55.7,0.2,0.36,66,10/01,-2,0,0,-2,6.29,5.3,－・－
1042,6761,穩得,櫃,164.5,-0.5,-0.3,145,10/01,22,0,-2,20,1.84,5.3,＋・－
1043,6937,天虹,市,301.5,-6.5,-2.11,516,10/01,2,0,-37,-36,3.55,5.2,＋・－
1044,1582,信錦,市,71.1,-0.8,-1.11,215,10/01,-22,0,6,-16,7.54,5.2,－・＋
1045,2913,農林,市,11.1,-0.05,-0.45,345,10/01,56,0,0,56,41.2,5.2,＋・＋
1046,3306,鼎天,櫃,47.5,-0.55,-1.14,45,10/01,7,0,0,7,2.64,5.2,＋・－
1047,7740,熙特爾-創,市,102.5,-2.0,-1.91,169,10/01,-45,0,0,-45,3.13,5.2,－・－
1048,6115,鎰勝,市,44.05,0.05,0.11,74,10/01,8,0,5,13,9.76,5.2,＋・＋
1049,4760,勤凱,櫃,288.5,26.0,9.9,888,10/01,69,0,-18,51,1.7,5.2,＋・－
1050,6449,鈺邦,市,230.0,20.5,9.79,2592,10/01,97,0,56,153,4.75,5.2,＋・＋
1051,2359,所羅門,市,128.0,-0.5,-0.39,890,10/01,-162,0,0,-162,8.85,5.2,－・＋
1052,1608,華榮,市,35.95,-0.3,-0.83,1428,10/01,-565,0,10,-555,32.6,5.2,－・＋
1053,2332,友訊,市,20.15,-0.45,-2.18,5302,10/01,-1255,0,14,-1241,31.1,5.2,－・＋
1054,5603,陸海,櫃,13.5,0.15,1.12,195,10/01,-2,0,-1,-3,5.41,5.2,－・－
1055,6994,富威電力,市,29.15,2.65,10.0,998,10/01,282,0,2,284,3.82,5.1,＋・＋
1056,6412,群電,市,74.6,-0.2,-0.27,551,10/01,-134,0,-18,-152,20.6,5.1,－・－
1057,6841,長佳智能,櫃,57.0,-1.8,-3.06,612,10/01,-72,0,-4,-76,4.87,5.1,－・－
1058,3625,西勝,櫃,11.2,0.05,0.45,236,10/01,12,0,-1,11,5.84,5.1,＋・－
1059,6197,佳必琪,市,330.0,4.0,1.23,1810,10/01,43,151,-7,187,6.19,5.1,＋＋－
1060,8047,星雲,櫃,51.0,0.2,0.39,205,10/01,-16,0,-1,-17,2.11,5.1,－・－
1061,00714,群益道瓊美國地產,市,20.36,-0.25,-1.21,211,10/01,0,0,65,65,1.02,5.1,＋・＋
1062,4540,全球傳動,市,61.8,-0.3,-0.48,1519,10/01,-12,0,0,-12,5.83,5.0,－・・
1063,6024,群益期,市,59.9,-0.5,-0.83,272,10/01,-133,0,0,-133,13.5,5.0,－・・
1064,6913,鴻呈,櫃,129.0,0.5,0.39,97,10/01,-13,0,0,-13,2.22,5.0,－・－
1065,6016,康和證,櫃,23.7,-0.6,-2.47,6142,10/01,-2577,0,0,-2577,38.9,5.0,－・・
1066,1234,黑松,市,32.9,-0.1,-0.3,90,10/01,-8,0,0,-8,20.2,5.0,－・＋
1067,2905,三商,市,18.05,-0.25,-1.37,1177,10/01,-534,0,16,-518,55.8,5.0,－・＋
1068,1784,訊聯,櫃,60.4,0.1,0.17,46,10/01,-2,0,0,-2,2.67,5.0,－・－
1069,2536,宏普,市,19.1,-0.05,-0.26,399,10/01,-50,0,0,-50,16.7,5.0,－・・
1070,8438,昶昕,市,80.9,0.1,0.12,508,10/01,-1,0,0,-1,3.5,5.0,－・・
1071,3528,安馳,市,86.9,1.3,1.52,407,10/01,13,0,2,15,3.31,5.0,＋・＋
1072,6469,大樹,櫃,64.4,0.0,0.0,148,10/01,-21,0,-1,-21,7.88,5.0,－・－
1073,2423,固緯,市,71.6,-0.5,-0.69,156,10/01,-75,0,0,-75,7.18,4.9,－・・
1074,1473,台南,市,19.25,0.0,0.0,99,10/01,-57,0,0,-57,7.19,4.9,－・・
1075,6116,彩晶,市,15.65,-0.7,-4.28,122736,10/01,-2737,0,-772,-3510,140.0,4.9,－・－
1076,3437,榮創,市,22.05,-0.4,-1.78,1527,10/01,320,0,0,320,7.07,4.9,＋・・
1077,4739,康普,市,87.5,-0.9,-1.02,1655,10/01,-549,0,-10,-559,6.1,4.9,－・－
1078,8109,博大,櫃,144.5,9.5,7.04,1380,10/01,201,0,57,258,4.02,4.9,＋・＋
1079,3046,建碁,市,53.5,-0.1,-0.19,95,10/01,-47,0,2,-45,3.83,4.9,－＋＋
1080,3628,盈正,櫃,72.8,0.1,0.14,47,10/01,-6,0,0,-7,2.2,4.9,－・－
1081,3701,大眾控,市,50.4,4.5,9.8,8814,10/01,616,0,20,636,11.5,4.9,＋・＋
1082,6560,欣普羅,櫃,32.6,0.4,1.24,29,10/01,-6,0,-1,-7,1.63,4.9,－・－
1083,5426,振發,櫃,28.6,0.15,0.53,414,10/01,18,0,-1,17,6.99,4.8,＋・－
1084,1727,中華化,市,112.0,3.0,2.75,18550,10/01,1706,0,248,1954,6.2,4.8,＋・＋
1085,5228,鈺鎧,櫃,43.7,3.95,9.94,636,10/01,108,0,-1,107,1.84,4.8,＋・－
1086,3663,鑫科,櫃,65.1,-2.7,-3.98,1180,10/01,-307,0,-2,-309,5.25,4.8,－・－
1087,00634R,富邦上証反1,市,3.26,-0.01,-0.31,74,10/01,0,0,73,73,2.06,4.8,・・＋
1088,1720,生達,市,56.1,-0.2,-0.36,74,10/01,-12,0,0,-12,9.46,4.8,－・・
1089,6690,安碁資訊,櫃,177.0,0.0,0.0,105,10/01,1,0,0,1,1.44,4.8,＋・＋
1090,009810,玉山全球藍籌100,市,21.46,0.14,0.66,69,10/01,0,0,50,50,0.92,4.8,・・＋
1091,9919,康那香,市,13.8,-0.05,-0.36,125,10/01,15,0,-1,14,9.36,4.8,＋・－
1092,2883B,凱基金乙特,市,8.7,0.14,1.64,4958,10/01,1311,0,-618,693,75.6,4.8,＋・－
1093,4168,醣聯,櫃,22.15,-0.2,-0.89,83,10/01,-17,0,-1,-18,5.38,4.8,－・－
1094,1336,台翰,櫃,18.3,0.95,5.48,852,10/01,3,0,171,174,3.71,4.8,＋・＋
1095,4714,永捷,櫃,11.85,-0.2,-1.66,714,10/01,-225,0,0,-224,10.6,4.8,－・＋
1096,4968,立積,市,101.0,4.4,4.55,2245,10/01,-22,0,40,18,4.41,4.8,－・＋
1097,3390,旭軟,櫃,22.35,-0.25,-1.11,117,10/01,-10,0,0,-10,3.74,4.7,－・－
1098,4722,國精化,市,209.5,19.0,9.97,2274,10/01,-134,0,45,-89,4.85,4.7,－・＋
1099,1591,駿吉-KY,櫃,41.4,-1.35,-3.16,227,10/01,-89,0,0,-89,1.79,4.7,－・＋
1100,3504,揚明光,市,80.2,1.1,1.39,1338,10/01,107,0,-1,106,5.32,4.7,＋・－
1101,4506,崇友,櫃,118.0,0.0,0.0,31,10/01,-10,0,1,-9,8.26,4.7,－・＋
1102,6596,寬宏藝術,櫃,97.2,-0.1,-0.1,57,10/01,-9,0,0,-9,1.77,4.7,－・－
1103,6757,台灣虎航,市,53.4,-0.6,-1.11,331,10/01,-67,0,-6,-73,21.4,4.6,－・－
1104,6789,采鈺,市,489.0,-5.0,-1.01,1577,10/01,-222,2,-50,-270,14.8,4.6,－＋－
1105,6922,宸曜,櫃,221.0,0.0,0.0,87,10/01,0,0,7,7,1.26,4.6,－・＋
1106,4513,福裕,櫃,16.4,0.2,1.23,204,10/01,56,0,12,68,6.22,4.6,＋・＋
1107,4720,德淵,市,19.05,-0.25,-1.3,304,10/01,26,0,0,26,5.31,4.6,＋・・
1108,6706,惠特,市,154.5,4.5,3.0,7047,10/01,844,0,-25,819,3.64,4.6,＋・－
1109,6910,德鴻,櫃,26.8,-0.15,-0.56,27,10/01,-5,0,0,-5,1.41,4.6,－・・
1110,1597,直得,市,154.5,8.0,5.46,4660,10/01,263,0,33,296,4.12,4.6,＋・＋
1111,4903,聯光通,櫃,44.35,1.45,3.38,7006,10/01,-499,0,0,-499,4.86,4.6,－・・
1112,6486,互動,櫃,81.3,0.7,0.87,57,10/01,16,0,0,16,2.34,4.6,＋・・
1113,8937,合騏*,櫃,25.5,-0.7,-2.67,49,10/01,-22,0,0,-22,20.3,4.6,－・＋
1114,6126,信音,櫃,30.8,-0.1,-0.32,190,10/01,22,0,0,22,5.96,4.6,＋・＋
1115,2069,運錩,市,25.75,-0.95,-3.56,1821,10/01,-103,0,6,-97,7.59,4.6,－・＋
1116,5230,雷笛克光學,櫃,22.65,-0.7,-3.0,796,10/01,-21,0,-1,-22,2.55,4.6,－・－
1117,6291,沛亨,櫃,489.0,-11.0,-2.2,588,10/01,-40,0,-25,-65,1.92,4.6,－・－
1118,3003,健和興,市,59.8,-0.6,-0.99,205,10/01,-9,0,0,-9,7.07,4.5,－・－
1119,3313,斐成,櫃,10.55,0.1,0.96,52,10/01,-3,0,0,-3,10.0,4.5,－・・
1120,3567,逸昌,櫃,26.15,-0.05,-0.19,46,10/01,-5,0,0,-5,1.53,4.5,－・・
1121,4946,辣椒,櫃,100.5,-1.0,-0.99,10,10/01,-2,0,0,-2,0.4,4.5,－・・
1122,5314,世紀*,櫃,30.6,1.75,6.07,81515,10/01,-641,0,73,-568,54.2,4.5,－・＋
1123,6128,上福,市,19.25,0.05,0.26,16,10/01,-4,0,1,-3,5.75,4.5,－・＋
1124,2201,裕隆,市,29.2,-0.05,-0.17,2076,10/01,-588,0,4,-584,48.0,4.5,－・＋
1125,6640,均華,櫃,1110.0,70.0,6.73,719,10/01,94,0,7,101,1.28,4.5,＋・＋
1126,6804,明係,櫃,18.35,0.0,0.0,26,10/01,6,0,0,6,2.13,4.5,＋・・
1127,9942,茂順,市,114.5,0.0,0.0,23,10/01,-5,0,0,-5,3.73,4.5,－・・
1128,6141,柏承,市,52.2,0.4,0.77,1324,10/01,316,0,0,316,5.08,4.5,＋・・
1129,9951,皇田,櫃,47.0,0.0,0.0,64,10/01,-4,0,-45,-49,3.28,4.5,－・－
1130,1312,國喬,市,14.6,-0.4,-2.67,8518,10/01,-2926,0,-363,-3289,68.1,4.5,－・－
1131,3056,富華新,市,13.75,-0.1,-0.72,422,10/01,3,0,-1,2,21.5,4.5,＋・－
1132,5601,台聯櫃,櫃,28.9,-0.4,-1.37,5,10/01,0,0,0,0,2.89,4.5,・・・
1133,6667,信紘科,櫃,261.0,-1.0,-0.38,411,10/01,-1,0,10,9,2.39,4.5,－・＋
1134,6263,普萊德,櫃,164.0,5.5,3.47,164,10/01,7,0,-1,6,2.79,4.4,＋・－
1135,7556,意德士,櫃,262.5,-2.0,-0.76,28,10/01,-7,0,0,-7,1.29,4.4,－・・
1136,2832,台產,市,56.8,-0.1,-0.18,84,10/01,-42,1,1,-40,11.3,4.4,－＋＋
1137,2640,大車隊,櫃,157.0,0.0,0.0,18,10/01,-9,0,0,-8,2.63,4.4,－・＋
1138,2732,六角,櫃,62.8,-0.3,-0.48,44,10/01,4,0,0,4,2.05,4.4,＋・・
1139,2230,泰茂,櫃,21.5,-0.3,-1.38,146,10/01,1,0,-1,0,3.0,4.4,＋・－
1140,1103,嘉泥,市,13.2,0.0,0.0,302,10/01,7,0,0,7,36.6,4.4,＋・・
1141,3543,州巧,市,51.1,-0.1,-0.2,2685,10/01,137,0,70,207,6.41,4.4,＋・＋
1142,6735,美達科技,櫃,66.8,-0.5,-0.74,71,10/01,-19,0,0,-19,2.03,4.4,－・＋
1143,6725,矽科宏晟,櫃,221.0,3.0,1.38,118,10/01,21,0,-4,17,1.63,4.4,＋・－
1144,6689,伊雲谷,市,64.2,-0.6,-0.93,142,10/01,12,0,3,15,2.95,4.3,＋・＋
1145,6191,精成科,市,84.3,0.3,0.36,1085,10/01,399,-5,-2,392,22.9,4.3,＋－－
1146,3438,類比科,櫃,61.5,-0.4,-0.65,64,10/01,10,0,0,10,2.03,4.3,＋・－
1147,00847B,中信美國市政債,櫃,23.26,-0.19,-0.81,233,10/01,28,0,-21,7,0.16,4.3,＋・－
1148,00994A,主動第一金台股優,市,17.29,0.06,0.35,4734,10/01,793,0,3282,4075,11.3,4.3,＋・＋
1149,6588,東典光電,櫃,110.0,2.0,1.85,1016,10/01,22,0,0,22,1.49,4.3,＋・－
1150,3305,昇貿,市,106.0,0.0,0.0,660,10/01,38,0,-14,24,6.08,4.2,＋・－
1151,8033,雷虎,市,175.5,1.0,0.57,1716,10/01,131,0,1,132,6.99,4.2,＋・＋
1152,8099,大世科,櫃,60.3,0.7,1.17,90,10/01,37,0,-5,32,4.25,4.2,＋・－
1153,6292,迅德,櫃,67.2,0.6,0.9,350,10/01,123,0,1,124,1.97,4.2,＋・＋
1154,6903,巨漢,櫃,316.0,0.5,0.16,417,10/01,-114,0,19,-96,2.82,4.2,－・＋
1155,9941,裕融,市,77.9,0.0,0.0,1274,10/01,66,-352,-9,-296,24.8,4.2,＋－－
1156,1563,巧新,市,76.1,0.5,0.66,196,10/01,-32,0,0,-31,7.13,4.2,－・＋
1157,2734,易飛網,櫃,14.35,-0.1,-0.69,46,10/01,0,0,0,0,2.41,4.2,・・＋
1158,1305,華夏,市,12.15,-0.2,-1.62,671,10/01,-205,0,0,-205,24.4,4.2,－・・
1159,2237,華德動能-創,市,26.75,0.0,0.0,40,10/01,8,0,0,8,5.41,4.2,＋・・
1160,2414,精技,市,53.2,-0.1,-0.19,47,10/01,-20,0,1,-19,6.79,4.2,－・＋
1161,6743,安普新,市,33.5,1.65,5.18,1119,10/01,425,1,0,426,6.29,4.2,＋＋・
1162,6684,安格,櫃,50.1,-0.1,-0.2,115,10/01,6,0,0,6,1.86,4.2,＋・＋
1163,7703,銳澤,櫃,205.0,3.5,1.74,92,10/01,15,0,1,16,1.45,4.2,＋・＋
1164,2114,鑫永銓,市,90.0,0.1,0.11,9,10/01,0,0,1,1,3.25,4.2,・・＋
1165,3709,鑫聯大投控,櫃,65.9,0.7,1.07,509,10/01,-101,0,5,-96,6.06,4.2,－・＋
1166,4502,健信,櫃,15.8,-0.1,-0.63,11,10/01,3,0,0,3,2.36,4.2,＋・・
1167,5245,智晶,櫃,20.8,-0.05,-0.24,141,10/01,17,0,-48,-31,1.88,4.2,＋・－
1168,2231,為升,市,92.9,-1.8,-1.9,330,10/01,-59,0,-5,-63,5.65,4.2,－・－
1169,3219,倚強科,櫃,131.5,0.0,0.0,1250,10/01,99,0,-51,48,2.98,4.2,＋・－
1170,5522,遠雄,市,60.8,-0.2,-0.33,467,10/01,-109,2,0,-107,32.5,4.2,－＋・
1171,8923,時報,櫃,18.0,0.0,0.0,0,10/01,0,0,0,0,1.26,4.2,・・・
1172,2506,太設,市,8.43,0.0,0.0,293,10/01,-183,0,0,-183,16.0,4.1,－・・
1173,2838,聯邦銀,市,20.65,0.05,0.24,2848,10/01,-917,0,6,-911,191.0,4.1,－・＋
1174,5474,聰泰,櫃,165.0,1.0,0.61,166,10/01,8,0,0,9,1.65,4.1,＋・＋
1175,1256,鮮活果汁-KY,市,168.5,0.5,0.3,12,10/01,-2,0,1,-1,1.48,4.1,－・＋
1176,3360,尚立,櫃,15.25,-0.1,-0.65,210,10/01,15,0,0,15,3.15,4.1,＋・＋
1177,1808,潤隆,市,31.7,0.05,0.16,1385,10/01,470,-1033,11,-552,36.8,4.1,＋－＋
1178,2032,新鋼,市,19.6,-0.7,-3.45,5177,10/01,-44,0,0,-44,5.37,4.1,－・・
1179,3021,鴻名,市,28.15,-0.3,-1.05,1241,10/01,-310,0,0,-310,3.9,4.1,－＋・
1180,4716,大立,櫃,17.25,0.4,2.37,886,10/01,59,0,0,59,3.88,4.1,＋・－
1181,2546,根基,市,106.0,1.0,0.95,120,10/01,15,-20,-1,-6,6.0,4.1,＋－－
1182,2247,汎德永業,市,225.5,1.0,0.45,19,10/01,-1,0,0,0,3.3,4.1,－＋・
1183,4163,鐿鈦,櫃,136.5,0.5,0.37,10,10/01,-4,0,0,-4,2.07,4.1,－・－
1184,5475,德宏,櫃,178.0,-1.5,-0.84,2280,10/01,179,0,0,179,5.21,4.1,＋・＋
1185,3416,融程電,市,166.5,4.0,2.46,409,10/01,-9,0,8,-1,3.29,4.1,－・＋
1186,5258,虹堡,市,42.25,-0.15,-0.35,236,10/01,-5,0,1,-4,4.5,4.1,－＋＋
1187,6803,崑鼎,櫃,267.0,0.0,0.0,42,10/01,-9,0,0,-9,2.96,4.1,－・・
1188,8089,康全電訊,櫃,19.6,0.1,0.51,71,10/01,13,0,-1,12,2.68,4.1,＋・－
1189,3071,協禧,櫃,23.05,0.0,0.0,144,10/01,16,0,-1,15,4.45,4.0,＋・－
1190,3013,晟銘電,市,94.0,7.2,8.29,5260,10/01,126,0,204,330,8.29,4.0,＋・＋
1191,6756,威鋒電子,市,98.0,-0.7,-0.71,119,10/01,-1,0,0,-1,2.82,4.0,－・・
1192,3564,其陽,櫃,51.0,0.4,0.79,211,10/01,101,0,-54,47,2.36,4.0,＋・－
1193,3594,磐儀,櫃,47.7,-0.2,-0.42,382,10/01,18,0,-1,17,3.81,4.0,＋・－
1194,6220,岳豐,櫃,25.3,0.1,0.4,94,10/01,35,0,0,35,5.8,4.0,＋・＋
1195,2023,燁輝,市,13.8,0.05,0.36,1896,10/01,402,0,1,403,71.9,3.9,＋・＋
1196,4417,金洲,櫃,49.6,0.05,0.1,34,10/01,1,0,0,1,3.3,3.9,＋・＋
1197,00875,國泰網路資安,市,58.25,1.2,2.1,149,10/01,-9,0,24,15,0.61,3.9,－・＋
1198,6136,富爾特,市,25.25,0.2,0.8,391,10/01,41,0,0,41,4.52,3.9,＋＋＋
1199,5299,杰力,櫃,103.5,1.0,0.98,252,10/01,54,0,-5,49,1.99,3.9,＋・－
1200,9940,信義,市,20.05,-0.05,-0.25,151,10/01,-24,0,28,4,28.6,3.9,－・＋
1201,3535,晶彩科,市,91.3,-0.7,-0.76,588,10/01,-42,0,8,-34,3.05,3.9,－・＋
1202,3206,志豐,櫃,34.6,-0.35,-1.0,14,10/01,0,0,0,0,2.26,3.8,・・・
1203,6470,宇智,櫃,42.7,0.0,0.0,14,10/01,2,0,0,2,1.45,3.8,＋・・
1204,6829,千附精密,櫃,205.0,-3.5,-1.68,499,10/01,-82,0,-26,-108,2.28,3.8,－・－
1205,4416,三圓,櫃,13.1,-0.25,-1.87,873,10/01,150,0,0,150,2.82,3.8,＋・・
1206,7799,禾榮科,市,555.0,16.0,2.97,2198,10/01,-55,0,-26,-82,6.03,3.8,－・－
1207,6894,衛司特,櫃,360.0,-1.0,-0.28,30,10/01,2,0,0,2,0.91,3.8,＋・－
1208,2221,大甲,櫃,179.0,-18.5,-9.37,2318,10/01,-66,0,12,-54,1.59,3.8,－・＋
1209,3004,豐達科,市,121.0,2.0,1.68,488,10/01,-92,0,4,-88,2.42,3.8,－・＋
1210,3434,哲固,櫃,31.4,0.0,0.0,49,10/01,-6,0,0,-6,1.35,3.8,－・＋
1211,3311,閎暉,市,45.15,4.1,9.99,7066,10/01,1781,0,1,1782,3.75,3.8,＋・＋
1212,5493,三聯,櫃,90.7,0.1,0.11,103,10/01,23,0,1,24,1.64,3.7,＋・＋
1213,6606,建德工業,市,25.0,0.2,0.81,35,10/01,-25,0,0,-25,4.13,3.7,－・・
1214,00733,富邦臺灣中小,市,72.85,1.3,1.82,538,10/01,43,0,303,346,2.33,3.7,＋・＋
1215,1316,上曜,市,10.5,-0.2,-1.87,1238,10/01,-320,0,0,-320,15.0,3.7,－・・
1216,4949,有成精密,市,75.9,-0.4,-0.52,269,10/01,19,0,0,19,2.53,3.7,＋・・
1217,8443,阿瘦,市,11.1,-0.05,-0.45,8,10/01,-1,0,1,0,2.5,3.7,－・＋
1218,00409A,主動復華全球50,市,10.3,0.21,2.08,56866,10/01,25514,0,20227,45741,56.9,3.7,＋・＋
1219,3623,富晶通,櫃,30.55,0.75,2.52,331,10/01,52,0,0,52,1.09,3.7,＋・＋
1220,3051,力特,市,23.0,-0.3,-1.29,465,10/01,19,0,6,25,6.19,3.7,＋＋＋
1221,3558,神準,櫃,129.0,4.0,3.2,218,10/01,39,0,29,68,2.19,3.7,＋・＋
1222,0050,元大台灣50,市,112.9,0.85,0.76,55443,10/01,-25199,130,5623,-19447,817.0,3.7,－＋＋
1223,2338,光罩,市,47.2,-0.1,-0.21,2741,10/01,96,0,-6,89,13.5,3.7,＋・－
1224,00989A,主動摩根美國科技,市,18.08,0.42,2.38,923,10/01,200,0,245,445,2.34,3.7,＋・＋
1225,2444,兆勁,市,15.0,-0.9,-5.66,2799,10/01,-618,0,1,-617,3.92,3.7,－・＋
1226,2743,山富,櫃,52.3,-1.0,-1.88,23,10/01,2,0,-1,1,1.72,3.7,＋・－
1227,1240,茂生農經,櫃,54.1,-0.2,-0.37,18,10/01,3,0,0,3,1.7,3.7,＋・・
1228,5292,華懋,市,237.0,7.0,3.04,490,10/01,-50,0,9,-41,1.7,3.7,－・＋
1229,3577,泓格,櫃,115.5,-2.0,-1.7,193,10/01,-39,0,-1,-40,2.34,3.6,－・－
1230,2614,東森,市,19.25,0.05,0.26,2034,10/01,426,0,-1,426,11.9,3.6,＋・－
1231,3338,泰碩,市,67.9,-0.1,-0.15,341,10/01,62,0,4,66,3.2,3.6,＋・＋
1232,3511,矽瑪,櫃,19.6,-0.15,-0.76,49,10/01,23,0,0,23,2.91,3.6,＋・・
1233,4523,永彰,櫃,24.0,0.1,0.42,40,10/01,4,0,0,4,2.36,3.6,＋・・
1234,3207,耀勝,櫃,40.7,1.9,4.9,309,10/01,87,0,1,88,2.4,3.6,＋・＋
1235,4916,事欣科,市,103.0,-1.0,-0.96,1928,10/01,-352,0,-16,-367,4.01,3.6,－・－
1236,6275,元山,櫃,47.45,0.3,0.64,230,10/01,90,0,1,91,2.91,3.6,＋・＋
1237,3095,及成,櫃,33.2,-0.3,-0.9,5,10/01,1,0,0,1,0.58,3.6,＋・・
1238,5519,隆大,市,25.15,-0.15,-0.59,78,10/01,-6,0,0,-6,8.32,3.6,－・・
1239,1455,集盛,市,9.84,-0.1,-1.01,326,10/01,-153,0,1,-152,19.1,3.6,－・＋
1240,6152,百一,市,15.45,0.15,0.98,1041,10/01,205,0,2,207,6.01,3.6,＋＋＋
1241,00982B,FT投資級債20+,櫃,9.04,-0.05,-0.55,19,10/01,-4,0,7,3,0.91,3.6,－・＋
1242,1568,倉佑,市,32.7,-0.1,-0.3,366,10/01,-69,0,2,-67,3.69,3.6,－・＋
1243,6708,天擎,櫃,56.8,5.1,9.86,1499,10/01,31,0,-21,10,1.04,3.6,＋・－
1244,6432,今展科,櫃,69.8,6.3,9.92,3165,10/01,-187,0,11,-176,1.22,3.6,－・＋
1245,6649,台生材,櫃,37.2,0.7,1.92,112,10/01,-1,0,0,-1,1.5,3.6,－・＋
1246,3025,星通,市,58.1,5.2,9.83,707,10/01,94,0,0,94,2.02,3.6,＋・・
1247,6945,圓祥生技,櫃,143.0,-5.5,-3.7,553,10/01,-16,0,0,-16,3.45,3.6,－・・
1248,3287,廣寰科,櫃,41.65,-0.5,-1.19,408,10/01,32,0,3,34,1.56,3.5,＋・＋
1249,2816,旺旺保,市,39.65,-0.65,-1.61,375,10/01,-131,0,0,-131,7.9,3.5,－・・
1250,6579,研揚,市,160.5,1.5,0.94,225,10/01,5,0,16,21,5.99,3.5,＋・＋
1251,4555,氣立,市,42.3,0.15,0.36,75,10/01,-13,0,0,-13,2.46,3.5,－・＋
1252,5007,三星,市,56.4,0.0,0.0,9,10/01,4,0,1,5,10.4,3.5,＋・＋
1253,00952,凱基台灣AI50,市,18.55,0.16,0.87,2123,10/01,-19,0,841,822,8.67,3.5,－・＋
1254,6418,詠昇,櫃,34.55,-0.1,-0.29,113,10/01,-3,0,0,-3,1.21,3.5,－・＋
1255,1445,大宇,市,10.0,-0.1,-0.99,49,10/01,1,0,0,1,4.55,3.5,＋・・
1256,6869,雲豹能源,市,69.4,-2.5,-3.48,492,10/01,47,0,-3,44,4.8,3.5,＋・－
1257,00783,富邦中証500,市,27.07,-0.08,-0.29,4,10/01,0,0,-2,-2,0.28,3.5,・・－
1258,8489,三貝德,櫃,22.45,0.0,0.0,43,10/01,-8,0,0,-8,2.08,3.5,－・－
1259,5209,新鼎,櫃,171.5,4.0,2.39,107,10/01,-24,0,2,-22,0.99,3.4,－＋＋
1260,8087,麗升能源,櫃,23.6,0.8,3.51,21,10/01,4,0,0,4,1.34,3.4,＋・・
1261,4534,慶騰,櫃,30.7,-0.25,-0.81,463,10/01,53,0,-1,52,2.99,3.4,＋・－
1262,6996,力領科技,櫃,169.5,0.0,0.0,17,10/01,-4,0,0,-4,1.45,3.4,－・－
1263,2413,環科,市,51.6,0.2,0.39,2840,10/01,-313,0,0,-314,4.36,3.4,－・－
1264,2211,長榮鋼,市,79.3,-0.4,-0.5,587,10/01,-285,100,0,-185,14.2,3.4,－＋＋
1265,6895,宏碩系統,櫃,151.0,-0.5,-0.33,28,10/01,4,0,1,5,1.16,3.4,＋・＋
1266,5272,笙科,櫃,18.0,0.0,0.0,136,10/01,-4,0,0,-4,1.87,3.4,－・＋
1267,5011,久陽,櫃,18.6,-0.2,-1.06,116,10/01,-31,0,0,-31,3.39,3.4,－・・
1268,6235,華孚,市,39.15,0.05,0.13,205,10/01,99,0,-1,98,6.74,3.4,＋・－
1269,2537,聯上發,市,11.1,-0.15,-1.33,1015,10/01,-448,0,0,-448,10.1,3.4,－・・
1270,5392,能率,櫃,39.9,-0.2,-0.5,710,10/01,-264,0,-3,-267,6.06,3.4,－・－
1271,00407A,主動凱基台灣,市,10.12,0.06,0.6,26761,10/01,-607,0,14748,14141,77.9,3.3,－・＋
1272,3047,訊舟,市,14.5,-0.25,-1.69,461,10/01,-70,0,0,-70,7.5,3.3,－・・
1273,4104,佳醫,市,72.7,0.0,0.0,80,10/01,7,0,6,13,6.28,3.3,＋・＋
1274,6148,驊宏資,櫃,38.05,-0.05,-0.13,1091,10/01,16,0,-1,15,1.55,3.3,＋・－
1275,6266,泰詠,櫃,24.95,-0.05,-0.2,74,10/01,6,0,0,6,5.12,3.3,＋・－
1276,1309,台達化,市,13.7,-0.25,-1.79,1146,10/01,-399,0,-4,-403,13.2,3.3,－・－
1277,6204,艾華,櫃,104.5,1.5,1.46,526,10/01,-12,0,1,-11,0.77,3.3,－・＋
1278,6695,芯鼎,市,55.4,0.4,0.73,906,10/01,296,0,0,296,3.53,3.3,＋・・
1279,6208,日揚,櫃,79.5,3.5,4.61,472,10/01,31,0,0,31,3.12,3.3,＋・－
1280,8916,光隆,櫃,41.0,-0.05,-0.12,26,10/01,3,0,0,3,4.9,3.3,＋・－
1281,1201,味全,市,11.6,-0.05,-0.43,707,10/01,-331,0,-11,-342,16.7,3.3,－・－
1282,2365,昆盈,市,28.2,-0.15,-0.53,666,10/01,85,0,0,85,7.3,3.3,＋・・
1283,3322,建舜電,櫃,11.6,0.3,2.65,469,10/01,50,0,0,50,4.54,3.3,＋・＋
1284,00935,野村臺灣新科技50,市,61.55,0.6,0.98,4965,10/01,401,486,-727,160,28.7,3.3,＋＋－
1285,3380,明泰,市,31.3,-0.85,-2.64,2570,10/01,-1121,0,-17,-1137,17.8,3.3,－・－
1286,4768,晶呈科技,櫃,367.0,-13.0,-3.42,2094,10/01,-187,0,-45,-232,1.58,3.3,－・－
1287,00661,元大日經225,市,89.35,2.65,3.06,128,10/01,-1,0,102,101,0.8,3.3,－・＋
1288,2427,三商電,市,23.3,-0.05,-0.21,327,10/01,9,0,3,12,6.49,3.3,＋＋＋
1289,1526,日馳,市,14.95,-0.1,-0.66,29,10/01,-5,0,0,-5,1.96,3.3,－・・
1290,2505,國揚,市,17.05,0.05,0.29,97,10/01,-9,0,-9,-18,12.4,3.3,－・－
1291,6949,沛爾生醫*-創,市,49.4,-1.2,-2.37,2139,10/01,-402,0,-50,-452,42.9,3.3,－・－
1292,5460,同協,櫃,17.25,0.1,0.58,31,10/01,-2,0,-1,-3,1.91,3.2,－・－
1293,8066,來思達,櫃,14.95,-0.2,-1.32,12,10/01,6,0,0,6,1.19,3.2,＋・・
1294,8924,大田,櫃,49.9,0.45,0.91,42,10/01,7,1,0,8,2.72,3.2,＋＋＋
1295,00696B,富邦美債20年,櫃,26.84,-0.15,-0.56,2373,10/01,-110,0,-281,-391,20.2,3.2,－・－
1296,3011,今皓,市,10.05,-0.1,-0.99,291,10/01,0,0,0,0,4.19,3.2,＋・・
1297,00663L,國泰臺灣加權正2,市,114.6,1.75,1.55,2626,10/01,-31,0,340,309,4.14,3.2,－・＋
1298,2739,寒舍,市,36.5,-0.05,-0.14,71,10/01,10,0,0,10,2.95,3.2,＋・・
1299,6113,亞矽,櫃,24.9,2.25,9.93,632,10/01,109,0,-1,108,1.69,3.2,＋・－
1300,2634,漢翔,市,64.4,0.4,0.62,4806,10/01,884,368,-14,1238,30.3,3.2,＋＋－
1301,6570,維田,櫃,47.55,0.0,0.0,150,10/01,14,0,0,14,1.19,3.2,＋・・
1302,00859B,群益0-1年美債,櫃,40.8,0.11,0.27,2736,10/01,103,0,-313,-210,1.15,3.2,＋・－
1303,4157,太景*-KY,櫃,8.73,-0.16,-1.8,486,10/01,-133,0,-1,-134,22.7,3.2,－・－
1304,5244,弘凱,市,35.75,0.15,0.42,48,10/01,4,0,0,4,2.18,3.2,＋・・
1305,6170,統振,櫃,49.15,0.5,1.03,167,10/01,51,0,0,51,3.1,3.2,＋・＋
1306,6203,海韻電,櫃,60.3,0.3,0.5,58,10/01,11,0,0,11,2.63,3.2,＋・＋
1307,5222,全訊,市,106.5,0.0,0.0,118,10/01,42,-1,0,41,3.18,3.2,＋－・
1308,00886,永豐美國科技,櫃,49.7,0.15,0.3,48,10/01,0,0,28,28,0.14,3.1,・・＋
1309,6569,醫揚,櫃,91.3,-0.9,-0.98,9,10/01,0,0,0,0,1.35,3.1,・・－
1310,8049,晶采,櫃,24.8,0.2,0.81,189,10/01,-42,0,1,-41,3.72,3.1,－・＋
1311,9946,三發地產,市,16.85,-0.15,-0.88,136,10/01,6,0,0,6,10.3,3.1,＋・・
1312,5604,中連,櫃,31.4,0.2,0.64,3,10/01,0,0,0,0,3.41,3.1,・・・
1313,3379,彬台,櫃,27.6,-0.1,-0.36,47,10/01,1,0,0,1,1.19,3.1,＋・・
1314,6498,久禾光,櫃,68.3,1.5,2.25,91,10/01,3,0,0,3,1.47,3.1,＋・＋
1315,3712,永崴投控,市,20.65,0.0,0.0,359,10/01,62,0,0,62,7.67,3.1,＋・・
1316,4744,皇將,櫃,28.7,-0.5,-1.71,56,10/01,-22,0,0,-22,1.77,3.1,－・・
1317,1447,力鵬,市,6.51,-0.26,-3.84,1029,10/01,-521,0,0,-521,28.2,3.1,－・・
1318,1733,五鼎,市,29.85,0.25,0.84,79,10/01,-22,0,0,-22,3.09,3.1,－・・
1319,5210,寶碩,櫃,30.15,-0.45,-1.47,148,10/01,-27,0,0,-27,2.54,3.1,－・・
1320,6585,鼎基,市,102.5,-1.5,-1.44,134,10/01,-31,0,-1,-32,2.23,3.1,－・－
1321,8131,福懋科,市,62.5,-0.1,-0.16,1214,10/01,-69,0,-2,-71,13.7,3.1,－・－
1322,00864B,中信美國公債0-1,櫃,46.31,0.09,0.19,995,10/01,290,0,155,445,3.5,3.1,＋・＋
1323,2646,星宇航空,市,20.15,0.0,0.0,2336,10/01,-77,0,-37,-114,92.5,3.1,－・－
1324,3432,台端,市,14.75,-0.15,-1.01,51,10/01,-9,0,0,-9,1.3,3.1,－・・
1325,3540,曜越,櫃,23.1,0.05,0.22,200,10/01,26,0,-1,26,2.6,3.1,＋・－
1326,6821,聯寶,櫃,42.25,-0.55,-1.29,74,10/01,-25,0,0,-25,1.11,3.1,－・－
1327,8040,九暘,櫃,95.4,-3.1,-3.15,2809,10/01,-2,0,-38,-40,2.96,3.1,－・－
1328,5356,協益,櫃,25.9,0.2,0.78,34,10/01,5,0,0,5,3.15,3.0,＋・＋
1329,2705,六福,市,15.15,0.05,0.33,104,10/01,-37,0,0,-37,5.8,3.0,－・・
1330,4934,太極,市,14.5,-0.45,-3.01,487,10/01,-147,0,10,-137,6.8,3.0,－・＋
1331,6885,全福生技,市,31.5,-0.5,-1.56,728,10/01,-172,0,0,-172,4.02,3.0,－・・
1332,1218,泰山,市,14.5,-0.1,-0.68,261,10/01,46,0,0,46,15.0,3.0,＋・・
1333,6023,元大期,櫃,84.8,-0.2,-0.24,1015,10/01,-239,0,-40,-279,13.5,3.0,－・－
1334,2228,劍麟,市,75.7,0.9,1.2,88,10/01,29,0,1,30,2.39,3.0,＋・＋
1335,4976,佳凌,市,36.05,0.25,0.7,847,10/01,-26,0,-1,-27,4.22,3.0,－・－
1336,4580,捷流閥業,櫃,82.2,0.4,0.49,160,10/01,20,0,-1,19,1.4,3.0,＋・－
1337,8473,山林水,市,39.05,-0.7,-1.76,391,10/01,-165,0,0,-165,5.4,3.0,－・・
1338,4561,健椿,櫃,42.5,-0.7,-1.62,71,10/01,-6,0,0,-6,1.73,3.0,－・＋
1339,3501,維熹,市,37.7,0.05,0.13,55,10/01,-29,0,0,-29,3.49,3.0,－＋・
1340,2009,第一銅,市,39.3,-0.7,-1.75,1229,10/01,-690,0,-9,-699,10.6,2.9,－・－
1341,2516,新建,市,15.15,-0.2,-1.3,115,10/01,36,0,7,43,6.62,2.9,＋・＋
1342,3024,憶聲,市,14.1,-0.1,-0.7,562,10/01,-35,0,0,-35,8.1,2.9,－＋・
1343,3149,正達,市,74.3,0.3,0.41,37136,10/01,-1120,0,-158,-1278,8.35,2.9,－・－
1344,6739,竹陞科技,櫃,1105.0,-30.0,-2.64,154,10/01,-50,0,-2,-52,0.68,2.9,－・－
1345,2608,嘉里大榮,市,28.8,0.2,0.7,86,10/01,-30,0,22,-8,13.5,2.9,－・＋
1346,3669,圓展,市,33.4,0.4,1.21,249,10/01,-56,0,1,-55,2.69,2.9,－＋＋
1347,8104,錸寶,市,31.7,-0.4,-1.25,218,10/01,-21,0,0,-21,3.02,2.9,－・・
1348,8011,台通,市,16.05,-0.05,-0.31,128,10/01,30,0,0,30,4.79,2.9,＋＋・
1349,00651R,復華香港反1,市,5.33,-0.02,-0.37,190,10/01,4,0,175,179,0.93,2.9,＋・＋
1350,2061,風青,櫃,61.7,1.9,3.18,3264,10/01,125,0,8,133,1.65,2.9,＋・＋
1351,2302,麗正,市,46.5,1.5,3.33,6732,10/01,1896,0,6,1903,4.78,2.9,＋・＋
1352,4588,玖鼎電力,市,55.8,-0.2,-0.36,22,10/01,1,0,0,1,1.24,2.9,＋・・
1353,6184,大豐電,市,40.4,0.1,0.25,33,10/01,-4,0,0,-4,4.65,2.9,－・・
1354,7803,雲象科技-創,市,17.8,-0.15,-0.84,40,10/01,1,0,0,1,2.71,2.9,＋・－
1355,7714,創泓科技,櫃,169.5,-2.5,-1.45,331,10/01,-20,0,-3,-23,0.6,2.8,－・－
1356,7743,金利食安,櫃,25.0,0.0,0.0,15,10/01,-2,0,0,-2,1.04,2.8,－・・
1357,9955,佳龍,市,23.1,0.0,0.0,115,10/01,-27,0,0,-27,2.98,2.8,－・・
1358,1762,中化生,市,33.95,-0.4,-1.16,22,10/01,-9,0,0,-9,2.19,2.8,－・・
1359,4563,百德,櫃,53.5,1.8,3.48,520,10/01,109,0,-1,109,1.56,2.8,＋・－
1360,1515,力山,市,29.25,-0.55,-1.85,501,10/01,-159,0,0,-159,5.14,2.8,－・＋
1361,6123,上奇,櫃,42.95,-0.1,-0.23,23,10/01,6,0,0,6,1.76,2.8,＋・・
1362,3694,海華,市,51.2,-0.3,-0.58,284,10/01,-49,0,-1,-50,4.38,2.8,－・－
1363,009808,華南永昌優選50,市,32.2,0.15,0.47,66,10/01,0,0,47,47,1.09,2.8,・・＋
1364,1231,聯華食,市,79.8,0.2,0.25,223,10/01,90,0,2,92,9.21,2.8,＋・＋
1365,3467,台灣精材,櫃,72.6,-1.1,-1.49,806,10/01,183,0,0,183,0.89,2.8,＋・－
1366,1586,和勤,櫃,17.9,0.0,0.0,177,10/01,-12,0,-1,-13,3.63,2.8,－・－
1367,2630,亞航,市,46.85,-0.2,-0.43,404,10/01,-28,0,-7,-35,5.85,2.8,－・－
1368,5321,美而快,櫃,70.3,2.6,3.84,506,10/01,189,0,-1,188,1.49,2.8,＋・－
1369,2070,精湛,櫃,63.0,-0.3,-0.47,100,10/01,26,0,-1,25,1.16,2.8,＋・－
1370,2430,燦坤,市,18.1,-0.15,-0.82,20,10/01,-3,0,0,-3,3.24,2.8,－＋・
1371,2706,第一店,市,12.2,0.0,0.0,15,10/01,5,0,0,5,13.9,2.8,＋・・
1372,4106,雃博,市,24.1,-0.25,-1.03,156,10/01,-3,0,0,-3,2.8,2.8,－・＋
1373,00920,富邦ESG綠色電力,市,24.99,0.11,0.44,360,10/01,311,0,-267,44,0.56,2.8,＋・－
1374,1232,大統益,市,153.0,-0.5,-0.33,107,10/01,-23,0,0,-23,4.42,2.8,－・＋
1375,6763,綠界科技*,櫃,41.2,-0.1,-0.24,89,10/01,-8,0,0,-8,5.1,2.8,－・－
1376,9918,欣天然,市,43.2,0.05,0.12,12,10/01,0,0,0,0,4.98,2.8,・・・
1377,2530,華建,市,20.05,0.0,0.0,194,10/01,-27,5,8,-14,23.1,2.7,－＋＋
1378,2102,泰豐,市,16.85,0.3,1.81,374,10/01,122,0,-20,102,12.9,2.7,＋・－
1379,00856B,永豐1-3年美公債,櫃,37.19,0.18,0.49,22,10/01,-1,0,10,9,0.18,2.7,－・＋
1380,2545,皇翔,市,34.2,-0.25,-0.73,45,10/01,-6,0,5,-1,10.4,2.7,－・＋
1381,5864,致和證,櫃,38.25,-0.95,-2.42,3356,10/01,-1843,0,0,-1843,13.7,2.7,－・・
1382,2390,云辰,市,10.15,-0.15,-1.46,248,10/01,-74,0,0,-74,5.22,2.7,－・・
1383,00735,國泰臺韓科技,市,109.65,1.7,1.57,900,10/01,195,0,259,454,3.07,2.7,＋・＋
1384,912000,晨訊科-DR,市,2.48,-0.01,-0.4,112,10/01,-73,0,0,-73,4.3,2.7,－・・
1385,3622,洋華,市,45.9,-0.2,-0.43,83,10/01,-22,0,0,-22,4.04,2.7,－・－
1386,4729,熒茂,櫃,20.4,-0.25,-1.21,904,10/01,-162,0,1,-161,2.12,2.7,－・＋
1387,6752,叡揚,櫃,96.2,0.2,0.21,9,10/01,1,0,0,1,1.02,2.7,＋・・
1388,8930,青鋼,櫃,28.7,-0.05,-0.17,19,10/01,0,0,0,0,2.18,2.7,・・・
1389,4111,濟生,櫃,28.85,-0.05,-0.17,23,10/01,-4,0,0,-4,1.59,2.6,－・＋
1390,006204,永豐臺灣加權,市,239.3,-1.55,-0.64,3,10/01,1,0,0,1,0.04,2.6,＋・・
1391,4994,傳奇,市,81.6,-0.2,-0.24,10,10/01,-1,0,0,-1,1.76,2.6,－・＋
1392,00990A,主動元大AI新經濟,市,16.29,0.34,2.13,14669,10/01,-263,0,8995,8731,61.7,2.6,－・＋
1393,2497,怡利電,市,44.0,-0.35,-0.79,208,10/01,-94,0,-6,-100,3.44,2.6,－・－
1394,3339,泰谷,櫃,45.05,-0.6,-1.31,1244,10/01,-6,0,1,-5,1.75,2.6,－・＋
1395,9136,巨騰-DR,市,9.13,-0.01,-0.11,136,10/01,48,0,1,49,3.45,2.6,＋・＋
1396,2511,太子,市,8.32,-0.02,-0.24,413,10/01,-108,0,0,-108,42.4,2.6,－・＋
1397,6216,居易,市,19.75,-0.2,-1.0,61,10/01,-20,0,0,-20,2.54,2.6,－＋・
1398,6281,全國電,市,51.1,0.1,0.2,42,10/01,-16,0,0,-16,2.59,2.6,－・・
1399,7810,捷創科技,櫃,235.0,0.0,0.0,220,10/01,26,0,-2,24,0.53,2.6,＋・－
1400,9905,大華,市,21.4,0.05,0.23,43,10/01,-5,0,0,-5,7.95,2.6,－・・
1401,6722,輝創,市,32.5,0.0,0.0,25,10/01,1,0,0,1,2.29,2.6,＋＋・
1402,6219,富旺,櫃,12.35,0.15,1.23,123,10/01,3,0,0,3,3.23,2.6,＋・＋
1403,3055,蔚華科,市,210.0,0.5,0.24,1430,10/01,48,0,7,55,2.97,2.6,＋・＋
1404,3058,立德,市,8.15,-0.05,-0.61,281,10/01,68,0,0,68,5.19,2.6,＋・・
1405,1786,科妍,市,43.25,-0.05,-0.12,97,10/01,2,0,0,2,1.92,2.6,＋・・
1406,3057,喬鼎,市,15.9,-0.3,-1.85,117,10/01,-5,0,-1,-6,1.74,2.6,－・－
1407,6742,澤米,市,55.6,-0.7,-1.24,967,10/01,-38,0,0,-38,1.82,2.6,－・－
1408,6925,意藍,櫃,72.1,-1.7,-2.3,947,10/01,-206,0,0,-206,0.51,2.5,－・・
1409,7730,暉盛-創,市,194.5,15.0,8.36,444,10/01,66,0,-79,-13,0.94,2.5,＋・－
1410,2025,千興,市,14.05,-0.6,-4.1,4380,10/01,112,0,4,116,4.37,2.5,＋・＋
1411,6229,研通,櫃,24.15,-0.05,-0.21,77,10/01,13,0,0,13,1.02,2.5,＋・・
1412,3296,勝德,市,28.6,0.2,0.7,71,10/01,13,0,6,19,2.44,2.5,＋＋＋
1413,4577,達航科技,櫃,90.4,-2.0,-2.16,1188,10/01,-157,0,5,-152,1.23,2.5,－・＋
1414,00404A,主動聯博動能50,市,9.88,0.03,0.3,5864,10/01,-1001,0,1224,223,10.8,2.5,－・＋
1415,3672,康聯訊,櫃,12.1,-0.25,-2.02,8,10/01,0,0,0,0,1.02,2.5,・・－
1416,2348,海悅,市,70.4,-0.2,-0.28,109,10/01,-3,0,0,-3,3.97,2.5,－・－
1417,7715,裕山,櫃,28.35,-0.05,-0.18,34,10/01,9,0,0,9,0.84,2.5,＋・＋
1418,7786,東方風能,市,118.5,-1.0,-0.84,78,10/01,33,0,0,33,4.38,2.5,＋・・
1419,00983A,主動中信ARK創新,市,13.42,0.12,0.9,759,10/01,-4,0,364,360,1.82,2.5,－・＋
1420,1522,堤維西,市,26.45,-0.35,-1.31,204,10/01,-45,0,-1,-46,7.74,2.5,－・－
1421,00981A,主動統一台股增長,市,31.0,0.46,1.51,113188,10/01,29612,0,24630,54242,230.0,2.5,＋・＋
1422,1905,華紙,市,12.8,-0.25,-1.92,4228,10/01,-957,0,11,-946,27.2,2.5,－・＋
1423,3609,三一東林,櫃,23.0,0.0,0.0,86,10/01,-25,0,0,-25,0.95,2.5,－・－
1424,4503,金雨,櫃,24.15,0.0,0.0,82,10/01,-8,0,0,-8,1.93,2.5,－・－
1425,8083,瑞穎,櫃,156.5,0.5,0.32,91,10/01,11,0,0,11,0.87,2.5,＋・・
1426,2417,圓剛,市,38.95,-0.35,-0.89,226,10/01,-33,0,0,-33,3.84,2.4,－・・
1427,4402,郡都開發,櫃,14.15,0.35,2.54,1,10/01,0,0,0,0,1.66,2.4,・・・
1428,4989,榮科,市,61.1,0.1,0.16,1666,10/01,-77,0,-20,-97,4.22,2.4,－・－
1429,6482,弘煜科,櫃,23.65,0.15,0.64,9,10/01,1,0,0,1,0.7,2.4,＋・・
1430,8121,越峰,櫃,34.65,3.15,10.0,2904,10/01,-171,0,46,-125,5.22,2.4,－・＋
1431,8222,寶一,市,35.55,-0.25,-0.7,112,10/01,-1,0,0,-1,1.67,2.4,－・・
1432,3297,杭特,櫃,31.5,-1.1,-3.37,201,10/01,28,0,0,28,0.87,2.4,＋・・
1433,00700,富邦恒生國企,市,16.84,-0.08,-0.47,52,10/01,1,0,29,30,0.75,2.4,＋・＋
1434,2597,潤弘,市,167.5,-0.5,-0.3,273,10/01,-117,90,3,-24,7.5,2.4,－＋＋
1435,6753,龍德造船,市,133.0,-0.5,-0.37,252,10/01,-33,0,0,-33,2.84,2.4,－・－
1436,8374,羅昇,市,76.9,-0.7,-0.9,117,10/01,3,0,-22,-19,2.7,2.4,＋・－
1437,3354,律勝,櫃,29.8,-2.35,-7.31,8974,10/01,-429,0,-7,-436,1.68,2.4,－・－
1438,4430,耀億,櫃,17.8,0.05,0.28,29,10/01,-7,0,0,-7,1.35,2.4,－・＋
1439,7835,永悅健康-創,市,19.75,-0.45,-2.23,98,10/01,15,0,-2,13,1.11,2.4,＋・－
1440,1570,力肯,櫃,32.25,-0.95,-2.86,11,10/01,2,0,0,2,1.23,2.4,＋・・
1441,1810,和成,市,24.0,-0.45,-1.84,1320,10/01,-492,0,5,-487,7.2,2.4,－・＋
1442,6142,友勁,市,9.17,-0.27,-2.86,734,10/01,54,0,4,58,7.87,2.4,＋・＋
1443,1732,毛寶,市,26.0,-0.15,-0.57,35,10/01,-5,0,0,-5,1.01,2.4,－・・
1444,2729,瓦城,櫃,157.0,1.0,0.64,7,10/01,2,0,0,2,1.02,2.4,＋・・
1445,6160,欣技,櫃,13.9,0.0,0.0,44,10/01,-13,0,0,-13,1.62,2.4,－・・
1446,5533,皇鼎,市,13.9,-0.05,-0.36,100,10/01,-30,0,0,-30,6.71,2.4,－・・
1447,6658,聯策,市,181.0,0.5,0.28,162,10/01,29,0,0,29,0.9,2.4,＋・＋
1448,4583,台灣精銳,市,419.5,-7.0,-1.64,80,10/01,-31,0,0,-31,1.88,2.3,－・・
1449,1614,三洋電,市,31.25,0.1,0.32,56,10/01,-1,0,0,-1,6.3,2.3,－・・
1450,1618,合機,市,38.8,-0.15,-0.39,233,10/01,-47,0,0,-47,4.5,2.3,－・－
1451,4530,天意能創,櫃,24.1,-0.65,-2.63,3,10/01,-1,0,0,-1,0.84,2.3,－・・
1452,1109,信大,市,13.3,-0.05,-0.37,207,10/01,-119,0,0,-119,7.92,2.3,－・・
1453,1603,華電,市,30.65,0.05,0.16,151,10/01,7,0,11,18,4.46,2.3,＋・＋
1454,5488,松普,櫃,12.15,0.05,0.41,157,10/01,-3,0,-1,-4,2.13,2.3,－・－
1455,6194,育富,櫃,30.1,0.25,0.84,28,10/01,6,0,0,6,1.11,2.3,＋・＋
1456,6914,阜爾運通,市,118.0,-1.0,-0.84,76,10/01,-3,0,0,-3,1.85,2.3,－・・
1457,8927,北基,櫃,19.1,0.35,1.87,167,10/01,30,0,0,30,9.76,2.3,＋・－
1458,9949,琉園,櫃,24.3,0.0,0.0,9,10/01,0,0,0,0,1.04,2.3,・・・
1459,7705,三商餐飲,市,29.7,-0.15,-0.5,21,10/01,1,0,0,1,1.52,2.3,＋・・
1460,2514,龍邦,市,11.6,-0.1,-0.85,51,10/01,-8,0,0,-8,9.04,2.3,－・・
1461,4155,訊映,市,14.85,0.2,1.37,274,10/01,22,0,6,28,2.87,2.3,＋・＋
1462,00737,國泰AI機器人,市,41.57,0.7,1.71,120,10/01,-54,0,100,46,0.51,2.3,－・＋
1463,4972,湯石照明,櫃,16.3,0.0,0.0,25,10/01,1,0,0,1,1.29,2.3,＋・・
1464,3520,華盈,櫃,17.0,-0.35,-2.02,161,10/01,-4,0,0,-4,1.89,2.2,－・＋
1465,00951,台新日本半導體,市,19.09,0.99,5.47,4668,10/01,244,0,2730,2974,5.42,2.2,＋・＋
1466,6112,邁達特,市,47.7,-0.35,-0.73,513,10/01,121,0,3,124,4.23,2.2,＋・＋
1467,00403A,主動統一升級50,市,10.92,0.13,1.2,202851,10/01,74269,0,79165,153434,301.0,2.2,＋・＋
1468,3138,耀登,市,99.0,-2.0,-1.98,366,10/01,-2,0,-3,-5,1.26,2.2,－＋－
1469,6185,幃翔,櫃,12.6,0.1,0.8,161,10/01,20,0,0,20,3.34,2.2,＋・－
1470,6441,廣錠,櫃,24.9,0.2,0.81,76,10/01,-13,0,0,-13,1.18,2.2,－・＋
1471,00411A,主動統一前沿科技,櫃,10.75,0.19,1.8,21088,10/01,8,0,-802,-793,9.05,2.2,＋・－
1472,00682U,期元大美元指數,市,20.91,0.1,0.48,43,10/01,0,0,17,17,0.17,2.2,・・＋
1473,3268,海德威,櫃,21.6,-0.15,-0.69,93,10/01,-11,0,-1,-12,0.76,2.2,－・－
1474,3684,榮昌,櫃,54.3,1.4,2.65,50,10/01,-13,0,0,-13,0.66,2.2,－・＋
1475,6272,驊陞,市,25.2,-0.4,-1.56,179,10/01,-40,0,-1,-41,1.79,2.2,－＋－
1476,3031,佰鴻,市,30.5,-0.3,-0.97,2758,10/01,792,0,0,793,3.77,2.2,＋＋・
1477,3555,博士旺,櫃,167.0,-1.5,-0.89,28,10/01,-3,0,-1,-4,0.87,2.2,－・－
1478,6988,威力暘-創,市,11.65,-0.05,-0.43,94,10/01,-68,0,3,-65,1.04,2.2,－・＋
1479,00980A,主動野村臺灣優選,市,25.55,0.14,0.55,9041,10/01,1483,-6046,5583,1020,17.0,2.2,＋－＋
1480,00991A,主動復華未來50,市,18.33,0.33,1.83,68643,10/01,21545,0,22404,43949,93.4,2.2,＋・＋
1481,1468,昶和,市,13.55,0.05,0.37,63,10/01,3,0,3,6,3.47,2.2,＋・＋
1482,2539,櫻花建,市,34.25,-0.05,-0.15,662,10/01,59,0,1,60,31.6,2.2,＋・＋
1483,4426,利勤,市,7.66,0.05,0.66,70,10/01,7,0,0,7,3.74,2.2,＋・・
1484,00405A,主動富邦台灣龍耀,市,9.28,0.02,0.22,38275,10/01,1524,0,8297,9822,60.1,2.2,＋・＋
1485,00638R,元大滬深300反1,市,6.94,-0.01,-0.14,25,10/01,0,0,25,25,0.5,2.2,・・＋
1486,3252,海灣,櫃,15.35,0.05,0.33,8,10/01,1,0,0,1,1.08,2.2,＋・・
1487,4930,燦星網,市,15.95,0.05,0.31,32,10/01,1,0,0,1,1.73,2.2,＋・・
1488,6109,亞元,櫃,10.45,-0.1,-0.95,59,10/01,-4,0,0,-4,1.9,2.2,－・・
1489,4562,穎漢,市,30.95,0.0,0.0,114,10/01,45,0,0,45,1.88,2.1,＋・＋
1490,1616,億泰,市,18.35,-0.3,-1.61,191,10/01,-32,0,0,-32,4.14,2.1,－・・
1491,4121,優盛,櫃,12.75,0.0,0.0,16,10/01,-4,0,0,-4,1.78,2.1,－・・
1492,6967,汎瑋材料,櫃,71.5,1.3,1.85,200,10/01,47,0,-1,46,0.65,2.1,＋・－
1493,6715,嘉基,市,453.0,11.0,2.49,537,10/01,88,0,5,93,1.58,2.1,＋・＋
1494,7704,明遠精密,櫃,61.2,-0.2,-0.33,28,10/01,-9,0,0,-9,0.72,2.1,－・・
1495,1598,岱宇,市,20.55,0.05,0.24,104,10/01,16,0,0,16,3.76,2.1,＋・・
1496,5464,霖宏,櫃,92.5,4.3,4.88,575,10/01,50,0,3,53,1.49,2.1,＋・＋
1497,9103,美德醫療-DR,市,4.94,-0.04,-0.8,433,10/01,-191,0,0,-191,4.3,2.1,－・－
1498,00913,兆豐台灣晶圓製造,市,53.0,0.3,0.57,1032,10/01,158,0,-186,-28,1.2,2.1,＋・－
1499,1294,漢田生技,櫃,50.2,-0.2,-0.4,19,10/01,0,0,0,0,0.77,2.1,・・・
1500,1517,利奇,市,10.4,-0.1,-0.95,157,10/01,-71,0,0,-71,4.58,2.1,－・・
1501,8215,明基材,市,29.1,-0.55,-1.85,2447,10/01,213,0,-2,211,6.68,2.1,＋・－
1502,3092,鴻碩,市,24.3,-0.7,-2.8,757,10/01,-165,0,0,-165,2.21,2.1,－・－
1503,4440,宜新實業,市,17.55,0.0,0.0,30,10/01,-2,0,-1,-3,1.4,2.1,－・－
1504,6720,久昌,櫃,126.5,-1.0,-0.78,14,10/01,3,0,0,3,0.63,2.1,＋・＋
1505,6792,詠業,市,59.0,-0.6,-1.01,13,10/01,0,0,0,0,0.99,2.1,・＋・
1506,7711,永擎,市,616.0,56.0,10.0,1893,10/01,-161,0,51,-111,1.49,2.1,－・＋
1507,4564,元翎,市,16.3,-0.1,-0.61,332,10/01,34,0,0,34,4.8,2.1,＋・・
1508,7819,精誠金融,櫃,33.7,0.0,0.0,13,10/01,0,0,0,0,0.52,2.1,・・・
1509,1459,聯發,市,17.0,0.3,1.8,215,10/01,9,0,0,9,5.53,2.0,＋・・
1510,8403,盛弘,櫃,18.9,-0.05,-0.26,67,10/01,-4,0,0,-4,2.83,2.0,－・・
1511,1721,國慶科技,市,26.6,0.15,0.57,3409,10/01,-219,0,-1,-220,3.78,2.0,－・－
1512,2745,五福,櫃,84.6,-0.3,-0.35,20,10/01,1,0,0,1,0.69,2.0,＋・・
1513,3043,科風,市,20.25,-0.1,-0.49,58,10/01,-4,0,0,-4,0.8,2.0,－・・
1514,3373,熱映,櫃,16.0,0.0,0.0,20,10/01,-2,0,0,-2,0.97,2.0,－・＋
1515,5381,光譜,櫃,23.25,-0.4,-1.69,421,10/01,-54,0,-1,-54,4.22,2.0,－・－
1516,9908,大台北,市,28.95,-0.05,-0.17,67,10/01,-13,0,0,-13,10.5,2.0,－・・
1517,1325,恆大,市,25.7,-0.2,-0.77,98,10/01,2,0,0,2,1.73,2.0,＋・・
1518,4113,聯上,櫃,15.1,-0.45,-2.89,585,10/01,-27,0,0,-27,4.67,2.0,－・＋
1519,6593,台灣銘板,櫃,32.3,0.05,0.16,21,10/01,4,0,0,4,0.64,2.0,＋・・
1520,1524,耿鼎,市,25.95,-0.15,-0.57,176,10/01,-7,0,0,-7,3.32,2.0,－・・
1521,6698,旭暉應材,市,32.25,-1.05,-3.15,200,10/01,-85,0,0,-85,1.34,2.0,－・・
1522,3230,錦明,櫃,42.25,0.85,2.05,728,10/01,108,0,0,108,1.72,2.0,＋・－
1523,3257,虹冠電,市,49.7,0.1,0.2,164,10/01,83,0,0,83,1.6,2.0,＋＋・
1524,00400A,主動國泰動能高息,市,15.6,0.04,0.26,25717,10/01,-1568,0,-4049,-5617,37.1,2.0,－・－
1525,8349,恒耀,櫃,40.5,0.1,0.25,191,10/01,28,0,0,28,4.16,2.0,＋・＋
1526,5531,鄉林,市,6.91,-0.01,-0.14,423,10/01,-98,0,0,-98,19.4,2.0,－・・
1527,5706,鳳凰,市,44.2,0.05,0.11,34,10/01,10,0,0,10,1.66,2.0,＋・・
1528,8171,天宇,櫃,20.7,-0.1,-0.48,75,10/01,16,0,0,16,2.24,2.0,＋・・
1529,8249,菱光,市,39.4,-0.1,-0.25,100,10/01,12,0,0,12,2.74,2.0,＋・・
1530,6625,必應,市,74.0,0.0,0.0,57,10/01,-8,0,1,-7,1.14,2.0,－・＋
1531,0052,富邦科技,市,66.0,0.55,0.84,17531,10/01,1179,0,7457,8636,50.0,2.0,＋・＋
1532,4711,永純,櫃,16.15,-0.2,-1.22,116,10/01,-20,0,0,-20,1.2,2.0,－・・
1533,009820,元大納斯達克精選,市,10.67,0.21,2.01,20706,10/01,5489,0,12940,18429,19.9,2.0,＋・＋
1534,6477,安集,市,34.8,-0.8,-2.25,643,10/01,-124,0,-1,-125,2.42,2.0,－＋－
1535,6986,和迅,櫃,44.0,-0.05,-0.11,180,10/01,-12,0,0,-12,1.02,2.0,－・・
1536,3049,精金,市,12.3,-0.35,-2.77,4037,10/01,-1514,0,15,-1500,15.6,1.9,－・＋
1537,3188,鑫龍騰,櫃,23.2,-0.1,-0.43,99,10/01,-2,0,0,-2,3.66,1.9,－・・
1538,6209,今國光,市,82.7,1.0,1.22,9114,10/01,1111,0,-9,1102,3.49,1.9,＋・－
1539,6523,達爾膚,櫃,89.5,0.5,0.56,24,10/01,-7,0,1,-6,0.87,1.9,－・＋
1540,00992A,主動群益科技創新,市,19.02,0.2,1.06,39338,10/01,-8906,0,-4152,-13058,42.7,1.9,－・－
1541,9930,中聯資源,市,60.2,0.0,0.0,65,10/01,-1,0,1,0,4.75,1.9,－・＋
1542,00956,中信日經高股息,市,13.43,-0.16,-1.18,233,10/01,-34,0,-44,-78,0.62,1.9,－・－
1543,2022,聚亨,市,7.34,0.01,0.14,209,10/01,-30,0,0,-30,6.43,1.9,－・・
1544,1268,漢來美食,櫃,177.5,2.5,1.43,76,10/01,-9,0,0,-8,0.8,1.9,－・＋
1545,1460,宏遠,市,6.23,-0.03,-0.48,170,10/01,-61,0,0,-61,13.1,1.9,－・・
1546,6276,安鈦克,櫃,19.65,0.35,1.81,10,10/01,-2,0,0,-2,0.42,1.9,－・・
1547,6790,永豐實,市,37.65,-0.15,-0.4,128,10/01,-38,0,-1,-39,5.07,1.9,－・－
1548,8440,綠電,櫃,20.2,-0.15,-0.74,48,10/01,1,0,0,1,0.95,1.9,＋・＋
1549,1464,得力,市,10.0,0.02,0.2,328,10/01,98,0,0,98,8.01,1.9,＋・・
1550,2020,美亞,市,26.2,-0.5,-1.87,21075,10/01,-641,0,-45,-686,5.04,1.9,－・－
1551,3652,精聯,市,34.5,0.3,0.88,56,10/01,31,0,1,33,1.42,1.9,＋＋＋
1552,3115,富榮綱,櫃,8.2,-0.3,-3.53,8,10/01,0,0,0,0,1.35,1.9,・・・
1553,6875,國邑*,櫃,31.3,-0.05,-0.16,254,10/01,22,0,0,22,2.43,1.9,＋・－
1554,2017,官田鋼,市,9.09,-0.04,-0.44,253,10/01,-44,0,-3,-47,8.31,1.9,－・－
1555,6953,家碩,櫃,252.5,7.5,3.06,101,10/01,22,0,20,42,0.56,1.9,＋・＋
1556,1203,味王,市,43.9,0.2,0.46,4,10/01,1,0,0,1,4.45,1.8,＋・・
1557,1817,凱撒衛,市,40.0,0.15,0.38,17,10/01,-1,0,1,0,1.35,1.8,－・＋
1558,2908,特力,市,22.1,0.05,0.23,261,10/01,38,0,0,38,9.43,1.8,＋・・
1559,4550,長佳,櫃,24.45,0.0,0.0,4,10/01,0,0,0,0,0.7,1.8,・・・
1560,6205,詮欣,市,71.8,0.5,0.7,1310,10/01,211,0,1,212,1.52,1.8,＋・＋
1561,00715L,期街口布蘭特正2,市,63.55,0.2,0.32,2662,10/01,183,0,186,369,1.0,1.8,＋・＋
1562,3284,太普高,櫃,19.65,-0.25,-1.26,92,10/01,-8,0,0,-8,2.0,1.8,－・・
1563,6558,興能高,市,25.35,0.35,1.4,140,10/01,62,0,0,62,1.73,1.8,＋・・
1564,9937,全國,市,54.5,0.0,0.0,14,10/01,6,0,3,9,5.71,1.8,＋・＋
1565,3002,歐格,市,19.45,0.15,0.78,397,10/01,40,0,0,40,1.87,1.8,＋＋－
1566,4401,東隆興,櫃,13.9,0.0,0.0,22,10/01,0,0,0,0,2.25,1.8,・・・
1567,4438,廣越,市,57.2,0.2,0.35,26,10/01,2,0,0,2,2.08,1.8,＋・・
1568,5202,力新,櫃,14.15,0.0,0.0,271,10/01,-22,0,0,-22,1.64,1.8,－・・
1569,1264,德麥,櫃,245.0,0.0,0.0,10,10/01,1,0,0,1,0.68,1.8,＋・・
1570,2543,皇昌,市,38.2,-0.3,-0.78,548,10/01,-42,0,0,-42,9.63,1.8,－・・
1571,00947,台新臺灣IC設計,市,40.45,-0.01,-0.02,5840,10/01,-1077,0,-1214,-2292,5.16,1.8,－・－
1572,4543,萬在,櫃,30.15,0.7,2.38,171,10/01,32,0,-1,31,1.14,1.8,＋・－
1573,5525,順天,市,21.9,-0.1,-0.45,57,10/01,-6,0,0,-6,5.74,1.8,－・・
1574,1789,神隆,市,18.8,-0.15,-0.79,278,10/01,62,0,0,62,14.2,1.8,＋・・
1575,3178,公準,櫃,69.4,0.0,0.0,177,10/01,5,0,-1,4,0.81,1.8,＋・－
1576,5487,通泰,櫃,28.7,0.1,0.35,17,10/01,-4,0,0,-4,0.44,1.8,－・＋
1577,6465,威潤,櫃,41.6,-0.15,-0.36,49,10/01,2,0,0,2,1.06,1.8,＋・－
1578,8072,陞泰,市,27.8,-0.05,-0.18,99,10/01,9,0,0,9,1.44,1.8,＋＋・
1579,00998A,主動復華金融股息,櫃,16.58,-0.18,-1.07,8196,10/01,-2750,0,-1943,-4693,5.89,1.8,－・－
1580,3312,弘憶股,市,51.5,-0.5,-0.96,570,10/01,-41,0,2,-39,3.22,1.8,－・＋
1581,4582,聚恆-創,市,22.4,-0.1,-0.44,33,10/01,0,0,3,3,1.33,1.8,・・＋
1582,00656R,國泰中國A50反1,市,6.12,-0.01,-0.16,211,10/01,-100,0,89,-11,0.37,1.8,－・＋
1583,3171,炎洲流通,櫃,57.3,-1.5,-2.55,40,10/01,-2,0,1,-1,0.58,1.8,－・＋
1584,6118,建達,櫃,16.3,0.25,1.56,858,10/01,-38,0,-1,-39,1.59,1.8,－・－
1585,6241,鑫永洋,櫃,16.15,-0.15,-0.92,38,10/01,-16,0,-1,-17,0.8,1.8,－・－
1586,00988A,主動統一全球創新,市,17.18,0.39,2.32,22244,10/01,5118,0,5675,10793,54.5,1.7,＋・＋
1587,1529,樂事綠能,市,15.65,-0.3,-1.88,438,10/01,-202,0,0,-202,3.54,1.7,－・・
1588,3276,宇環,櫃,13.9,-0.15,-1.07,48,10/01,0,0,-1,-1,1.22,1.7,・・－
1589,7728,光焱科技,櫃,649.0,-18.0,-2.7,152,10/01,-17,0,0,-17,0.24,1.7,－・－
1590,00909,國泰數位支付服務,市,48.51,-0.11,-0.23,988,10/01,-76,0,-516,-592,1.74,1.7,－・－
1591,009809,富邦淨零ESG50,市,18.69,0.11,0.59,62,10/01,-1,0,30,29,0.58,1.7,－・＋
1592,1457,宜進,市,14.45,0.05,0.35,71,10/01,2,0,0,2,5.51,1.7,＋・・
1593,3494,誠研,市,7.09,-0.01,-0.14,44,10/01,2,0,0,2,1.64,1.7,＋・・
1594,3052,夆典,市,10.45,0.05,0.48,389,10/01,83,0,0,83,4.02,1.7,＋・・
1595,3321,同泰,市,18.3,0.05,0.27,140,10/01,1,0,0,1,1.49,1.7,＋・・
1596,3710,連展投控,櫃,8.08,-0.24,-2.88,242,10/01,-34,0,0,-34,3.06,1.7,－・・
1597,4572,駐龍,市,138.5,0.0,0.0,12,10/01,0,0,0,0,0.69,1.7,＋・・
1598,1776,展宇,市,18.05,-0.1,-0.55,29,10/01,-1,0,2,1,1.03,1.7,－・＋
1599,6221,晉泰,櫃,30.95,-0.05,-0.16,1572,10/01,-58,0,2,-55,2.89,1.7,－・＋
1600,2906,高林,市,13.4,0.0,0.0,40,10/01,1,0,0,1,3.56,1.7,＋・－
1601,6776,展碁國際,市,52.8,-0.1,-0.19,60,10/01,14,0,-2,12,1.56,1.7,＋＋－
1602,8024,佑華,櫃,12.35,-0.2,-1.59,52,10/01,1,0,0,1,0.77,1.7,＋・・
1603,4207,環泰,櫃,19.4,0.05,0.26,101,10/01,-8,0,0,-8,3.36,1.7,－・＋
1604,6243,迅杰,市,40.55,1.05,2.66,943,10/01,57,0,-1,56,0.76,1.7,＋・－
1605,00897,富邦基因免疫生技,市,14.27,0.05,0.35,1193,10/01,-220,0,794,574,2.19,1.7,－・＋
1606,2740,華軒,櫃,29.0,-1.15,-3.81,9,10/01,0,0,0,0,0.28,1.7,・・・
1607,3685,元創精密,櫃,34.65,-0.35,-1.0,217,10/01,-5,0,0,-5,1.32,1.6,－・＋
1608,2482,連宇,市,16.3,-0.15,-0.91,58,10/01,7,0,0,7,1.28,1.6,＋・・
1609,2643,捷迅,櫃,62.3,-0.3,-0.48,10,10/01,-2,0,0,-2,0.58,1.6,－・・
1610,4102,永日,櫃,18.45,0.0,0.0,26,10/01,0,0,0,0,0.69,1.6,・・＋
1611,5014,建錩,櫃,10.3,0.05,0.49,169,10/01,2,0,0,2,2.99,1.6,＋・＋
1612,2540,愛山林,市,48.85,0.4,0.83,167,10/01,49,0,0,49,15.4,1.6,＋・・
1613,5213,亞昕,櫃,20.65,-0.25,-1.2,157,10/01,-11,0,0,-11,12.4,1.6,－・・
1614,6838,台新藥,市,25.8,0.0,0.0,150,10/01,-32,0,0,-32,2.45,1.6,－・・
1615,8032,光菱,櫃,36.2,0.0,0.0,24,10/01,0,0,0,0,0.84,1.6,・・＋
1616,1414,東和,市,17.35,-0.3,-1.7,78,10/01,-29,0,1,-28,3.2,1.6,－・＋
1617,6951,青新-創,市,69.4,0.2,0.29,19,10/01,-2,0,0,-2,0.84,1.6,－・・
1618,8367,建新國際,市,40.8,0.35,0.87,14,10/01,2,0,0,2,1.49,1.6,＋・・
1619,00734B,台新JPM新興債,櫃,14.81,-0.07,-0.47,21,10/01,-1,0,0,-1,0.4,1.6,－・・
1620,4999,鑫禾,市,17.65,-0.2,-1.12,68,10/01,-1,0,0,-1,1.19,1.6,－・・
1621,2033,佳大,市,46.55,4.2,9.92,1489,10/01,-122,0,0,-122,1.91,1.6,－・・
1622,4303,信立,櫃,33.35,-0.1,-0.3,866,10/01,2,0,-1,2,2.1,1.6,＋・－
1623,2528,皇普,市,19.25,-0.15,-0.77,121,10/01,-5,3,-65,-67,6.87,1.6,－＋－
1624,8476,台境*,市,20.3,0.2,1.0,257,10/01,0,0,0,0,2.61,1.6,・・・
1625,911608,明輝-DR,市,2.7,0.0,0.0,26,10/01,0,0,0,0,0.54,1.6,・・・
1626,00830,國泰費城半導體,市,90.9,2.1,2.36,9754,10/01,5706,0,-160,5546,13.7,1.6,＋・－
1627,00986A,主動台新龍頭成長,市,14.99,0.19,1.28,682,10/01,421,0,-73,348,0.62,1.6,＋・－
1628,1452,宏益,市,10.8,0.0,0.0,19,10/01,-11,0,0,-11,2.08,1.6,－・・
1629,2616,山隆,市,13.3,0.0,0.0,31,10/01,7,0,0,7,2.15,1.6,＋・・
1630,8487,愛爾達-創,市,70.3,-0.5,-0.71,27,10/01,0,0,4,4,0.42,1.6,・・＋
1631,9105,泰金寶-DR,市,8.45,-0.08,-0.94,10909,10/01,-2469,0,-52,-2521,24.8,1.6,－・－
1632,4919,新唐,市,152.0,13.5,9.75,21152,10/01,373,0,269,643,6.51,1.6,＋・＋
1633,2342,茂矽,市,49.35,-0.95,-1.89,7460,10/01,345,0,-4,342,2.43,1.5,＋・－
1634,3032,偉訓,市,79.3,1.0,1.28,311,10/01,110,0,0,110,1.75,1.5,＋・・
1635,3686,達能,市,16.0,-0.3,-1.84,487,10/01,-51,0,-6,-57,1.18,1.5,－・－
1636,00898,國泰基因免疫革命,市,12.11,0.03,0.25,763,10/01,281,0,36,317,1.61,1.5,＋・＋
1637,2419,仲琦,市,29.05,-0.65,-2.19,869,10/01,-147,0,8,-139,4.94,1.5,－・＋
1638,2752,豆府,櫃,176.5,-0.5,-0.28,18,10/01,-2,0,0,-2,0.41,1.5,－・・
1639,6577,勁豐,櫃,80.5,0.5,0.62,51,10/01,8,0,0,8,0.92,1.5,＋＋・
1640,1339,昭輝,市,42.7,0.35,0.83,54,10/01,-3,0,8,5,1.13,1.5,－・＋
1641,3027,盛達,市,18.7,-0.2,-1.06,116,10/01,31,0,0,31,1.95,1.5,＋・＋
1642,5438,東友,櫃,17.25,-0.1,-0.58,48,10/01,1,0,-1,0,1.69,1.5,＋・－
1643,00642U,期元大S&P石油,市,30.54,-0.29,-0.94,998,10/01,-29,0,-120,-149,0.82,1.5,－・－
1644,00703,台新MSCI中國,市,18.79,-0.02,-0.11,7,10/01,0,0,-6,-6,0.14,1.5,・・－
1645,1752,南光,市,31.35,-0.15,-0.48,67,10/01,-2,0,0,-2,1.51,1.5,－・・
1646,2509,全坤建,市,14.3,0.0,0.0,59,10/01,5,0,0,5,3.36,1.5,＋・・
1647,7794,宏碁智新,櫃,30.3,-0.3,-0.98,40,10/01,1,0,0,1,0.42,1.5,＋・・
1648,1441,大東,市,9.87,-0.13,-1.3,39,10/01,-11,0,0,-11,0.91,1.5,－・・
1649,2012,春雨,市,14.35,-0.05,-0.35,29,10/01,6,0,0,6,4.45,1.5,＋・・
1650,6516,勤崴國際,櫃,56.5,0.0,0.0,26,10/01,-2,0,0,-2,0.83,1.5,－・・
1651,7721,微程式,市,61.9,-0.3,-0.48,31,10/01,7,0,0,7,0.82,1.5,＋・・
1652,8917,欣泰,櫃,53.7,0.0,0.0,0,10/01,0,0,0,0,2.4,1.5,・・・
1653,009804,聯邦台精彩50,市,24.09,0.08,0.33,692,10/01,108,0,293,401,2.11,1.5,＋・＋
1654,5278,尚凡*,櫃,23.5,-0.45,-1.88,103,10/01,13,0,0,13,4.39,1.5,＋・－
1655,009817,國泰日本不動產,市,8.69,-0.11,-1.25,1489,10/01,132,0,-320,-188,3.2,1.4,＋・－
1656,3073,天方能源,櫃,20.5,-0.1,-0.49,8,10/01,-3,0,0,-3,0.57,1.4,－・＋
1657,2613,中櫃,市,22.2,-0.2,-0.89,98,10/01,-31,0,0,-31,2.15,1.4,－・・
1658,3083,網龍,櫃,23.95,1.35,5.97,275,10/01,-4,0,0,-4,1.25,1.4,－・＋
1659,7709,榮田,櫃,85.8,-0.5,-0.58,84,10/01,-9,0,-1,-10,0.56,1.4,－・－
1660,8045,達運光電,市,54.7,0.8,1.48,174,10/01,85,0,0,85,1.38,1.4,＋＋＋
1661,00888,永豐台灣ESG,櫃,36.59,0.43,1.19,5629,10/01,-601,0,256,-344,8.96,1.4,－・＋
1662,3122,笙泉,櫃,24.5,0.3,1.24,22,10/01,-2,0,0,-2,0.58,1.4,－・・
1663,4549,桓達,櫃,96.9,-0.2,-0.21,54,10/01,24,0,-1,23,0.84,1.4,＋・－
1664,6506,雙邦,櫃,18.55,-0.05,-0.27,33,10/01,6,0,0,6,1.19,1.4,＋・＋
1665,00401A,主動摩根台灣鑫收,市,14.26,0.04,0.28,4678,10/01,55,0,-2327,-2272,3.72,1.4,＋・－
1666,00731,復華富時高息低波,市,97.5,-0.5,-0.51,526,10/01,6,0,-4,2,0.29,1.4,＋・－
1667,1295,生合,櫃,47.8,0.4,0.84,21,10/01,0,0,0,0,0.54,1.4,・・・
1668,1323,永裕,市,21.5,0.05,0.23,9,10/01,0,0,0,0,1.3,1.4,・・・
1669,8162,微矽電子-創,市,68.0,1.2,1.8,422,10/01,-37,0,0,-37,0.98,1.4,－・＋
1670,009815,大華美國MAG7+,櫃,12.15,0.22,1.84,3156,10/01,101,0,2200,2301,5.9,1.4,＋・＋
1671,1540,喬福,市,19.5,0.2,1.04,51,10/01,-6,0,0,-6,1.21,1.4,－・・
1672,2373,震旦行,市,53.0,0.1,0.19,12,10/01,2,0,2,4,3.34,1.4,＋・＋
1673,00934,中信成長高股息,市,30.01,0.06,0.2,1157,10/01,-64,0,336,272,6.02,1.4,－・＋
1674,2038,海光,市,12.9,-0.3,-2.27,474,10/01,-19,0,0,-19,2.73,1.4,－・・
1675,3346,麗清,市,24.0,-0.15,-0.62,434,10/01,32,0,4,36,1.7,1.4,＋・＋
1676,5283,禾聯碩,市,53.0,0.2,0.38,18,10/01,-7,0,1,-6,1.43,1.4,－・＋
1677,7631,聚賢研發-創,市,145.5,5.0,3.56,277,10/01,0,0,-18,-18,0.28,1.4,・・－
1678,00903,富邦元宇宙,市,22.29,0.44,2.01,212,10/01,5,0,99,104,0.65,1.4,＋・＋
1679,00987A,主動台新優勢成長,市,17.31,0.04,0.23,1149,10/01,85,0,308,393,2.04,1.4,＋・＋
1680,1439,雋揚,市,28.95,0.05,0.17,59,10/01,-27,0,0,-27,1.28,1.4,－・・
1681,3158,嘉實,櫃,84.5,-0.4,-0.47,30,10/01,0,0,0,0,0.43,1.4,・・・
1682,6982,大井泵浦,櫃,44.7,0.6,1.36,21,10/01,0,0,0,0,0.57,1.4,・・・
1683,00901,永豐智能車供應鏈,市,48.59,0.44,0.91,552,10/01,2,0,50,52,0.86,1.4,＋・＋
1684,2442,新美齊,市,14.3,-0.1,-0.69,585,10/01,-271,0,0,-271,4.82,1.4,－・・
1685,4432,銘旺實,櫃,15.35,-0.05,-0.32,5,10/01,-2,0,0,-2,0.7,1.4,－・・
1686,5465,富驊,櫃,33.85,0.8,2.42,1245,10/01,-32,0,-1,-33,2.05,1.4,－・－
1687,5529,鉅陞,櫃,26.05,-0.4,-1.51,85,10/01,-21,0,0,-21,1.46,1.4,－・－
1688,00908,富邦入息REITs+,市,14.55,0.01,0.07,31,10/01,-15,0,-9,-24,0.47,1.4,－・－
1689,00728,第一金工業30,市,70.4,0.2,0.28,69,10/01,11,0,17,28,0.54,1.4,＋・＋
1690,00960,野村全球航運龍頭,市,22.31,-0.07,-0.31,443,10/01,-2,0,-29,-31,0.79,1.4,－・－
1691,4108,懷特,市,11.5,0.0,0.0,51,10/01,16,0,0,16,2.71,1.4,＋・・
1692,4138,曜亞,櫃,54.3,0.0,0.0,20,10/01,0,0,0,0,0.55,1.4,・・・
1693,6225,天瀚,市,66.9,6.0,9.85,168,10/01,20,0,59,79,0.82,1.4,＋・＋
1694,8097,常珵,櫃,48.55,0.05,0.1,114,10/01,-2,0,0,-2,0.82,1.4,－・＋
1695,1419,新紡,市,65.8,-0.3,-0.45,22,10/01,-2,0,3,1,4.07,1.4,－・＋
1696,3419,譁裕,市,11.85,-0.2,-1.66,242,10/01,-70,0,1,-69,1.63,1.4,－・＋
1697,3516,亞帝歐,櫃,25.35,-0.05,-0.2,45,10/01,-4,0,0,-4,0.81,1.4,－・＋
1698,5386,青雲,櫃,288.5,-1.5,-0.52,329,10/01,-9,0,-7,-16,0.73,1.4,－・－
1699,5432,新門,櫃,158.5,-1.5,-0.94,262,10/01,19,0,0,19,0.28,1.4,＋・＋
1700,1623,大東電,市,198.5,-2.0,-1.0,39,10/01,-9,0,0,-9,0.88,1.3,－・・
1701,00738U,期元大道瓊白銀,市,48.55,0.18,0.37,1482,10/01,4,0,-259,-255,3.37,1.3,＋・－
1702,1528,恩德,市,25.0,-0.85,-3.29,3331,10/01,-122,0,0,-122,2.56,1.3,－・－
1703,2611,志信,市,14.35,-0.15,-1.03,237,10/01,-93,0,0,-93,2.53,1.3,－・・
1704,00688L,國泰20年美債正2,市,5.71,-0.09,-1.55,8413,10/01,-1102,0,-1642,-2744,8.09,1.3,－・－
1705,00927,群益半導體收益,市,40.29,0.4,1.0,41650,10/01,-11493,0,-18504,-29998,17.8,1.3,－・－
1706,2462,良得電,市,19.9,-0.05,-0.25,53,10/01,21,0,0,21,1.99,1.3,＋＋・
1707,6968,萬達寵物,櫃,41.45,0.0,0.0,45,10/01,-2,0,0,-2,0.67,1.3,－・＋
1708,00861,元大全球未來通訊,市,90.2,1.7,1.92,199,10/01,-1,0,141,140,0.91,1.3,－・＋
1709,4585,達明,市,294.5,2.5,0.86,97,10/01,25,0,1,26,1.38,1.3,＋・＋
1710,7736,虎山,市,68.7,0.2,0.29,58,10/01,-2,0,0,-2,1.0,1.3,－・・
1711,8472,納維康,櫃,69.2,-0.3,-0.43,182,10/01,3,0,0,3,0.23,1.3,＋・・
1712,9944,新麗,市,17.15,-0.05,-0.29,27,10/01,-1,0,0,-1,1.39,1.3,－・・
1713,1108,幸福,市,11.15,0.0,0.0,152,10/01,68,0,-5,63,5.3,1.3,＋・－
1714,1809,中釉,市,45.75,-2.1,-4.39,5728,10/01,-460,0,-20,-481,2.17,1.3,－・－
1715,2429,銘旺科,市,30.75,-0.2,-0.65,175,10/01,-26,0,0,-26,1.12,1.3,－・・
1716,9902,台火,市,13.2,0.0,0.0,159,10/01,3,0,1,4,1.28,1.3,＋・＋
1717,6117,迎廣,市,62.3,0.1,0.16,158,10/01,24,0,-52,-28,1.2,1.3,＋・－
1718,6923,中台,市,75.0,-0.2,-0.27,39,10/01,-13,0,0,-13,1.17,1.3,－・＋
1719,00964,中信亞太高股息,市,14.78,-0.04,-0.27,893,10/01,-143,0,-312,-455,0.98,1.3,－・－
1720,1315,達新,市,68.7,-0.1,-0.15,11,10/01,1,0,0,1,1.28,1.3,＋・・
1721,00865B,國泰US短期公債,市,49.12,0.13,0.27,2099,10/01,80,0,-804,-724,4.27,1.3,＋・－
1722,1423,利華,市,35.5,-0.5,-1.39,2,10/01,0,0,0,0,1.27,1.3,・・・
1723,3557,嘉威,市,23.1,0.1,0.43,27,10/01,15,0,0,15,1.08,1.3,＋・・
1724,2063,世鎧,櫃,23.6,0.1,0.43,13,10/01,-1,0,0,-1,0.61,1.3,－・・
1725,2072,世紀風電,市,134.0,2.5,1.9,208,10/01,7,0,6,13,2.42,1.3,＋・＋
1726,3541,西柏,櫃,24.4,0.0,0.0,34,10/01,-1,0,-1,-2,0.71,1.3,－・－
1727,6129,普誠,櫃,14.7,-0.2,-1.34,258,10/01,47,0,0,47,2.03,1.3,＋・・
1728,6158,禾昌,櫃,17.25,0.05,0.29,36,10/01,2,0,0,2,0.69,1.3,＋・＋
1729,6654,天正國際,櫃,210.0,-6.0,-2.78,62,10/01,6,0,0,6,0.52,1.3,＋・・
1730,00881,國泰台灣科技龍頭,市,52.6,0.4,0.77,8913,10/01,-345,0,2957,2612,36.9,1.2,－・＋
1731,2756,聯發國際,櫃,62.8,0.0,0.0,10,10/01,-1,0,0,-1,0.31,1.2,－・・
1732,2926,誠品生活,櫃,30.3,0.1,0.33,3,10/01,1,0,0,1,0.59,1.2,＋・・
1733,5902,德記,櫃,34.3,-0.2,-0.58,10,10/01,0,0,0,0,1.18,1.2,・・・
1734,3308,聯德,市,22.75,0.4,1.79,85,10/01,7,0,0,7,0.74,1.2,＋・－
1735,6552,易華電,市,25.1,0.1,0.4,28,10/01,2,0,0,2,1.03,1.2,＋・・
1736,9943,好樂迪,市,50.4,0.0,0.0,18,10/01,-2,0,0,-2,1.54,1.2,－・・
1737,00915,凱基優選高股息30,市,33.13,0.06,0.18,1567,10/01,-28,0,316,288,6.16,1.2,－・＋
1738,2450,神腦,市,28.3,0.1,0.35,58,10/01,4,0,0,4,3.16,1.2,＋・・
1739,3272,東碩,櫃,13.9,-0.05,-0.36,26,10/01,4,0,0,4,0.75,1.2,＋・・
1740,3447,展達,市,27.65,0.1,0.36,27,10/01,-6,0,0,-6,0.95,1.2,－・・
1741,00981D,主動中信非投等債,櫃,10.11,0.02,0.2,1563,10/01,293,0,102,395,6.32,1.2,＋・＋
1742,2065,世豐,櫃,35.65,0.1,0.28,36,10/01,8,0,0,8,0.77,1.2,＋・＋
1743,6140,訊達,櫃,20.05,-0.15,-0.74,216,10/01,6,0,0,6,0.67,1.2,＋・－
1744,00896,中信綠能及電動車,市,27.84,0.07,0.25,2568,10/01,510,0,802,1313,6.11,1.2,＋・＋
1745,00910,第一金太空衛星,市,57.7,0.45,0.79,511,10/01,-4,0,237,233,1.35,1.2,－・＋
1746,2434,統懋,市,62.9,-2.5,-3.82,470,10/01,-17,0,0,-17,0.44,1.2,－・・
1747,2460,建通,市,30.6,0.05,0.16,182,10/01,88,0,3,91,2.03,1.2,＋・＋
1748,2748,雲品,市,39.1,0.3,0.77,163,10/01,84,0,0,84,1.27,1.2,＋・・
1749,4131,浩泰,櫃,30.85,0.2,0.65,8,10/01,0,0,0,0,0.48,1.2,・・・
1750,8084,巨虹,櫃,24.2,-2.65,-9.87,2425,10/01,234,0,0,234,0.84,1.2,＋・・
1751,00916,國泰全球品牌50,市,27.04,0.19,0.71,475,10/01,41,0,367,408,1.18,1.2,＋・＋
1752,2468,華經,市,44.55,-0.95,-2.09,994,10/01,78,0,0,78,0.84,1.2,＋＋・
1753,3224,三顧,櫃,30.9,-0.55,-1.75,66,10/01,5,0,0,5,0.93,1.2,＋・・
1754,5871A,中租-KY甲特,市,100.0,0.0,0.0,13,10/01,0,0,0,0,1.79,1.2,・・・
1755,5905,南仁湖,櫃,7.4,0.08,1.09,227,10/01,-29,0,0,-29,3.38,1.2,－・・
1756,8277,商丞,櫃,15.5,0.0,0.0,182,10/01,-1,0,0,-1,0.47,1.2,－・・
1757,00958B,永豐ESG銀行債15+,櫃,8.62,-0.02,-0.23,464,10/01,-32,0,16,-16,1.41,1.2,－・＋
1758,1225,福懋油,市,24.2,-0.35,-1.43,61,10/01,12,0,-1,11,2.87,1.2,＋・－
1759,1539,巨庭,市,15.65,0.2,1.29,25,10/01,-3,0,0,-3,0.77,1.2,－・・
1760,3489,森寶,櫃,23.8,0.45,1.93,146,10/01,-7,0,0,-7,1.07,1.2,－・＋
1761,5353,台林,櫃,28.5,0.05,0.18,35,10/01,8,0,0,8,0.91,1.2,＋・・
1762,00782B,國泰A級公用債,櫃,28.27,-0.1,-0.35,523,10/01,4,0,-120,-116,0.25,1.2,＋・－
1763,009801,中信美國創新科技,市,11.82,0.18,1.55,1226,10/01,857,0,-737,120,1.13,1.2,＋・－
1764,1731,美吾華,市,20.85,-0.05,-0.24,68,10/01,6,0,0,6,1.56,1.2,＋・・
1765,6154,順發,櫃,14.2,0.0,0.0,43,10/01,-3,0,0,-3,0.94,1.2,－・・
1766,00966B,統一ESG投等債15+,櫃,12.97,-0.04,-0.31,960,10/01,-81,0,13,-68,1.36,1.2,－・＋
1767,00989B,台新美國非投等債,櫃,9.86,0.01,0.1,3545,10/01,34,0,-905,-871,1.33,1.2,＋・－
1768,2314,台揚,市,11.5,0.3,2.68,212,10/01,0,0,0,0,1.26,1.2,・・・
1769,4198,欣大健康,櫃,49.25,-0.25,-0.51,1,10/01,0,0,0,0,0.28,1.2,・・・
1770,8085,福華,櫃,14.6,0.2,1.39,142,10/01,4,0,0,4,1.64,1.2,＋・＋
1771,8433,弘帆,櫃,52.8,0.0,0.0,11,10/01,-1,0,0,-1,0.63,1.2,－・・
1772,6201,亞弘電,市,44.55,-0.05,-0.11,22,10/01,-12,0,1,-11,1.03,1.2,－＋＋
1773,1531,高林股,市,11.6,-0.05,-0.43,83,10/01,-5,0,0,-5,2.07,1.1,－・・
1774,3372,典範,櫃,16.45,-0.1,-0.6,271,10/01,-7,0,3,-4,2.67,1.1,－・＋
1775,6183,關貿,市,92.3,0.5,0.54,12,10/01,0,0,2,2,1.7,1.1,・・＋
1776,8110,華東,市,48.7,-0.5,-1.02,4342,10/01,-499,0,-4,-503,5.85,1.1,－・－
1777,009813,貝萊德標普卓越50,市,11.61,0.12,1.04,4971,10/01,2727,0,-1559,1168,3.57,1.1,＋・－
1778,006208,富邦台50,市,258.25,1.95,0.76,1576,10/01,53,0,414,467,20.7,1.1,＋・＋
1779,1780,立弘,櫃,25.25,-0.05,-0.2,191,10/01,9,0,0,9,1.22,1.1,＋・・
1780,6581,鋼聯,市,108.0,-0.5,-0.46,14,10/01,3,0,0,3,1.24,1.1,＋・・
1781,00954,中信日本半導體,市,20.34,1.01,5.23,4094,10/01,-855,0,3365,2510,1.34,1.1,－・＋
1782,3205,佰研,櫃,46.7,-0.1,-0.21,19,10/01,3,0,0,3,0.74,1.1,＋・＋
1783,7772,耀穎,櫃,184.0,8.0,4.55,162,10/01,2,0,0,2,0.29,1.1,＋・・
1784,6248,沛波,櫃,17.25,0.1,0.58,75,10/01,-5,0,0,-5,1.09,1.1,－・・
1785,4160,訊聯基因,櫃,38.9,-0.2,-0.51,14,10/01,-4,0,0,-4,0.29,1.1,－・・
1786,00982A,主動群益台灣強棒,市,23.15,0.08,0.35,10060,10/01,1552,0,1667,3219,23.3,1.1,＋・＋
1787,3168,眾福科,市,43.05,0.25,0.58,3,10/01,1,0,0,1,0.8,1.1,＋＋・
1788,3229,晟鈦,市,59.0,0.4,0.68,1070,10/01,-25,0,-1,-26,0.69,1.1,－＋－
1789,6861,睿生光電,市,292.0,-21.5,-6.86,5529,10/01,-122,20,-25,-127,0.45,1.1,－＋－
1790,7822,倍利科,市,1000.0,2.0,0.2,296,10/01,-11,1,1,-9,0.49,1.1,－＋＋
1791,00891,中信關鍵半導體,市,37.82,0.29,0.77,7470,10/01,-254,0,635,381,19.8,1.1,－・＋
1792,1418,東華,市,18.5,0.15,0.82,11,10/01,4,0,0,4,0.61,1.1,＋・・
1793,6969,成信實業*-創,市,30.45,-0.9,-2.87,162,10/01,-72,0,0,-72,0.47,1.1,－・－
1794,7768,頌勝科技,市,301.0,1.5,0.5,121,10/01,29,0,0,29,0.74,1.1,＋・・
1795,8176,智捷,櫃,9.71,-0.05,-0.51,34,10/01,-8,0,0,-8,0.77,1.1,－・＋
1796,4109,加捷生醫,櫃,10.9,-0.15,-1.36,158,10/01,32,0,0,32,1.26,1.0,＋・・
1797,00965,元大航太防衛科技,市,25.37,0.18,0.71,9859,10/01,765,0,8473,9238,4.49,1.0,＋・＋
1798,2431,聯昌,市,10.15,0.0,0.0,52,10/01,-1,0,0,-1,1.16,1.0,－・＋
1799,8284,三竹,櫃,67.6,-0.4,-0.59,28,10/01,2,0,-1,1,0.5,1.0,＋・－
1800,8354,冠好,櫃,16.75,-0.15,-0.89,93,10/01,1,0,4,5,0.82,1.0,＋・＋
1801,8432,東生華,櫃,50.7,0.0,0.0,33,10/01,-1,0,0,-1,0.4,1.0,－・＋
1802,1713,國化,市,42.45,0.0,0.0,86,10/01,-16,0,0,-16,1.57,1.0,－・・
1803,1777,生泰,櫃,74.3,0.4,0.54,23,10/01,-1,0,0,-1,0.46,1.0,－・・
1804,2736,富野,櫃,11.3,-0.05,-0.44,17,10/01,-1,0,0,-1,0.83,1.0,－・・
1805,3128,昇銳,櫃,20.05,-0.3,-1.47,80,10/01,17,0,-1,17,0.52,1.0,＋・－
1806,3150,鈺寶-創,市,15.7,0.05,0.32,32,10/01,-14,0,-4,-18,0.45,1.0,－・－
1807,6508,惠光,櫃,27.0,0.05,0.19,20,10/01,-5,0,-1,-6,0.89,1.0,－・－
1808,00900,富邦特選高股息30,市,19.4,0.0,0.0,3309,10/01,706,0,1431,2137,15.2,1.0,＋・＋
1809,1906,寶隆,市,10.8,-0.1,-0.92,29,10/01,4,0,1,5,1.53,1.0,＋・＋
1810,00687B,國泰20年美債,櫃,25.6,-0.12,-0.47,15826,10/01,-676,0,-7933,-8609,43.1,1.0,－・－
1811,1417,嘉裕,市,8.13,-0.01,-0.12,169,10/01,4,0,0,4,1.92,1.0,＋・・
1812,3040,遠見,市,33.4,-0.45,-1.33,176,10/01,37,0,0,37,0.66,1.0,＋・・
1813,4173,久裕,櫃,17.25,-0.05,-0.29,53,10/01,-2,0,0,-2,0.75,1.0,－・・
1814,7777,能率亞洲,櫃,38.25,0.25,0.66,2968,10/01,876,0,1,877,2.02,1.0,＋・＋
1815,009812,野村日本東證,市,13.15,-0.02,-0.15,483,10/01,15,0,98,113,0.91,1.0,＋・＋
1816,2433,互盛電,市,40.2,-0.25,-0.62,28,10/01,-13,0,6,-7,1.43,1.0,－・＋
1817,8435,鉅邁,櫃,53.3,-0.1,-0.19,10,10/01,0,0,0,0,0.35,1.0,・・・
1818,1324,地球,市,10.05,0.06,0.6,33,10/01,0,0,0,0,0.74,1.0,・・・
1819,6870,騰雲,櫃,314.5,-9.0,-2.78,87,10/01,-6,0,10,4,0.27,1.0,－・＋
1820,6983,華洋精機,櫃,353.0,5.0,1.44,91,10/01,37,0,1,38,0.17,1.0,＋・＋
1821,3597,映興,櫃,28.1,0.0,0.0,25,10/01,-3,0,0,-3,0.37,1.0,－・・
1822,6697,東捷資訊,櫃,41.1,-0.2,-0.48,25,10/01,1,0,0,1,0.26,1.0,＋・－
1823,6901,鑽石投資,市,16.65,-0.2,-1.19,2765,10/01,-146,0,16,-130,8.11,1.0,－・＋
1824,009816,凱基台灣TOP50,市,16.6,0.11,0.67,96626,10/01,-5891,0,-39861,-45752,113.0,0.9,－・－
1825,1472,三洋實業,市,88.8,0.0,0.0,103,10/01,2,0,-15,-13,0.49,0.9,＋・－
1826,00983B,大華優利美公債20,櫃,14.42,-0.1,-0.69,665,10/01,0,0,29,29,0.23,0.9,・・＋
1827,1615,大山,市,42.7,-0.25,-0.58,125,10/01,-12,0,0,-12,1.83,0.9,－・・
1828,4116,明基醫,櫃,39.8,0.0,0.0,22,10/01,-3,0,0,-3,0.41,0.9,－・＋
1829,006207,復華滬深,市,30.97,-0.14,-0.45,106,10/01,0,0,-4,-3,0.19,0.9,＋・－
1830,00870B,元大15年EM主權債,櫃,26.01,-0.19,-0.73,92,10/01,89,0,-92,-3,5.16,0.9,＋・－
1831,00971,野村美國研發龍頭,市,18.03,0.23,1.29,227,10/01,-2,0,202,200,0.49,0.9,－・＋
1832,1535,中宇,市,45.85,0.05,0.11,16,10/01,4,0,-2,2,1.13,0.9,＋・－
1833,5484,慧友,市,39.2,-0.4,-1.01,122,10/01,-34,0,0,-34,0.61,0.9,－＋・
1834,6504,南六,市,37.2,0.25,0.68,16,10/01,0,0,0,0,0.66,0.9,・・・
1835,7723,築間,櫃,18.25,-0.15,-0.82,5,10/01,1,0,0,1,0.45,0.9,＋・・
1836,00788B,元大10年IG電能債,櫃,27.98,-0.15,-0.53,47,10/01,2,0,9,11,0.22,0.9,＋・＋
1837,1466,聚隆,市,14.7,-0.15,-1.01,118,10/01,-4,0,6,2,1.0,0.9,－・＋
1838,4441,振大環球,市,170.0,-1.5,-0.87,31,10/01,-3,0,0,-3,0.62,0.9,－・・
1839,6464,台數科,市,77.0,0.2,0.26,11,10/01,2,0,0,2,1.21,0.9,＋・・
1840,00894,中信小資高價30,市,50.05,0.21,0.42,1057,10/01,-154,0,199,45,1.33,0.9,－・＋
1841,5016,松和,櫃,28.1,2.55,9.98,386,10/01,-5,0,0,-5,0.45,0.9,－・・
1842,00694B,富邦美債1-3,櫃,41.78,0.13,0.31,90,10/01,8,0,21,29,0.26,0.9,＋・＋
1843,009803,玉山市值動能50,市,21.79,0.18,0.83,3043,10/01,97,0,807,904,2.56,0.9,＋・＋
1844,5468,凱鈺,櫃,25.45,-0.4,-1.55,141,10/01,35,0,0,35,0.52,0.9,＋・・
1845,8092,建暐,櫃,12.55,-0.05,-0.4,28,10/01,-1,0,0,-1,0.51,0.9,－・・
1846,00887,永豐中國科技50大,櫃,15.2,-0.02,-0.13,1995,10/01,-55,0,-337,-392,4.03,0.9,－・－
1847,2432,倚天酷碁-創,市,27.6,-0.05,-0.18,2,10/01,0,0,0,0,0.54,0.9,・・・
1848,3135,凌航,市,157.0,-1.0,-0.63,327,10/01,-52,-14,0,-66,0.9,0.9,－－・
1849,6294,智基,櫃,28.15,-0.1,-0.35,6,10/01,2,0,0,2,0.23,0.9,＋・・
1850,6614,資拓宏宇,市,35.3,0.0,0.0,8,10/01,1,0,0,1,0.7,0.9,＋・・
1851,6728,上洋,櫃,109.0,0.0,0.0,29,10/01,4,0,0,4,0.26,0.9,＋・・
1852,6928,攸泰科技,市,46.5,0.5,1.09,58,10/01,13,0,0,13,0.75,0.9,＋・・
1853,8933,愛地雅,櫃,4.6,0.1,2.22,91,10/01,-5,0,0,-5,2.86,0.9,－・・
1854,00406A,主動中信台灣收益,市,10.0,0.09,0.91,308261,10/01,14570,0,-172537,-157967,50.7,0.9,＋・－
1855,00708L,期元大S&P黃金正2,市,72.65,0.45,0.62,2483,10/01,-29,10,-185,-204,1.41,0.9,－＋－
1856,00904,台新臺灣半導體30,市,43.69,0.26,0.6,1973,10/01,-332,0,-1060,-1392,1.37,0.9,－・－
1857,00995A,主動中信台灣卓越,市,17.89,0.11,0.62,1847,10/01,221,0,862,1083,2.33,0.9,＋・＋
1858,2028,威致,市,16.6,-0.55,-3.21,237,10/01,-142,0,7,-135,2.81,0.9,－・＋
1859,3349,寶德,櫃,19.4,-0.55,-2.76,128,10/01,-4,0,0,-4,0.41,0.9,－・＋
1860,8201,無敵,市,17.65,1.6,9.97,2774,10/01,8,0,-15,-7,0.54,0.9,＋・－
1861,00944,野村趨勢動能高息,市,22.1,0.15,0.68,103,10/01,7,0,72,79,0.45,0.8,＋・＋
1862,00980T,平衡凱基美國TOP,櫃,12.17,0.15,1.25,258,10/01,1,0,149,150,0.64,0.8,＋・＋
1863,5220,萬達光電,櫃,23.2,-1.0,-4.13,835,10/01,-5,0,-2,-7,0.34,0.8,－・－
1864,6931,青松健康,市,38.9,0.0,0.0,34,10/01,-10,0,0,-10,0.57,0.8,－・・
1865,00631L,元大台灣50正2,市,39.62,0.63,1.62,104515,10/01,-5147,0,10026,4879,58.1,0.8,－・＋
1866,00877,復華中國5G,櫃,35.15,-0.13,-0.37,1097,10/01,-16,0,-411,-427,1.44,0.8,－・－
1867,3332,幸康,櫃,64.9,1.2,1.88,56,10/01,-6,0,0,-6,0.4,0.8,－・＋
1868,3492,長盛,櫃,19.15,0.0,0.0,36,10/01,2,0,0,2,0.3,0.8,＋・－
1869,4707,磐亞,櫃,28.7,-1.65,-5.44,1899,10/01,-344,0,8,-337,3.48,0.8,－・＋
1870,5489,彩富,櫃,42.35,-0.2,-0.47,36,10/01,6,0,0,6,0.87,0.8,＋・・
1871,8038,長園科,櫃,33.85,-0.75,-2.17,135,10/01,-29,0,0,-29,0.53,0.8,－・・
1872,9906,欣巴巴,市,40.25,0.8,2.03,37,10/01,-1,0,0,-1,0.77,0.8,－・・
1873,4420,光明,櫃,35.65,-0.4,-1.11,20,10/01,0,0,0,0,0.34,0.8,・＋・
1874,9931,欣高,市,34.1,-0.1,-0.29,5,10/01,2,0,0,2,1.01,0.8,＋・・
1875,00892,富邦台灣半導體,市,43.08,0.03,0.07,3838,10/01,46,0,-582,-536,2.64,0.8,＋・－
1876,2007,燁興,市,7.0,0.0,0.0,231,10/01,52,0,0,52,4.38,0.8,＋・・
1877,2380,虹光,市,17.0,0.0,0.0,41,10/01,5,0,0,5,0.49,0.8,＋・・
1878,2524,京城,市,34.6,-0.1,-0.29,25,10/01,1,0,0,1,3.03,0.8,＋・・
1879,2755,揚秦,櫃,99.0,0.1,0.1,27,10/01,-3,0,1,-2,0.38,0.8,－・＋
1880,6103,合邦,櫃,36.9,-1.4,-3.66,14,10/01,-2,0,0,-2,0.11,0.8,－・・
1881,6130,上亞科技,櫃,23.55,-0.2,-0.84,15,10/01,-4,0,0,-4,0.41,0.8,－・・
1882,00997A,主動群益美國增長,市,11.93,0.21,1.79,11426,10/01,4118,0,3948,8066,8.89,0.8,＋・＋
1883,00988B,玉山嚴選非投債,櫃,19.11,0.01,0.05,1736,10/01,485,0,254,739,1.3,0.8,＋・＋
1884,00999A,主動野村臺灣高息,市,11.3,0.02,0.18,4877,10/01,278,0,1160,1438,8.23,0.8,＋・＋
1885,6578,達邦蛋白,櫃,16.5,0.05,0.3,9,10/01,1,0,0,1,0.58,0.8,＋・・
1886,8935,邦泰,櫃,19.3,-0.35,-1.78,160,10/01,-36,0,-1,-37,0.92,0.8,－・－
1887,00890B,凱基ESGBBB債15+,櫃,29.95,-0.06,-0.2,101,10/01,0,0,1,1,0.15,0.8,・・＋
1888,7780,大研生醫*,市,16.15,-0.1,-0.62,863,10/01,75,-322,-3,-251,6.4,0.8,＋－－
1889,00640L,富邦日本正2,市,111.2,1.3,1.18,59,10/01,0,0,42,42,0.05,0.8,・・＋
1890,6114,久威,櫃,23.45,0.0,0.0,0,10/01,0,0,0,0,0.35,0.8,・・・
1891,1471,首利,市,9.49,0.03,0.32,88,10/01,-6,0,0,-6,1.17,0.8,－＋・
1892,1796,金穎生技,櫃,30.3,1.15,3.95,61,10/01,2,0,0,2,0.32,0.8,＋・・
1893,7765,中華資安,市,236.5,-0.5,-0.21,71,10/01,18,0,-3,15,0.31,0.8,＋・－
1894,00907,永豐優息存股,市,17.64,-0.1,-0.56,893,10/01,-274,0,-146,-420,1.14,0.8,－・－
1895,009819,中信數據及電力,市,9.74,0.07,0.72,2211,10/01,381,0,683,1064,4.61,0.8,＋・＋
1896,1456,怡華,市,14.8,0.15,1.02,159,10/01,-11,0,0,-11,0.71,0.8,－・・
1897,2596,綠意,櫃,34.9,-0.2,-0.57,25,10/01,-7,0,-1,-8,0.76,0.8,－・－
1898,6574,霈方,櫃,118.5,0.0,0.0,11,10/01,-1,0,1,0,0.17,0.8,－・＋
1899,7718,友鋮,櫃,46.0,0.2,0.44,9,10/01,-1,0,0,-1,0.36,0.8,－・＋
1900,006205,富邦上証,市,39.21,-0.11,-0.28,48,10/01,0,0,10,10,0.72,0.8,・・＋
1901,00632R,元大台灣50反1,市,9.41,-0.06,-0.63,71657,10/01,51,0,16217,16268,20.5,0.8,＋・＋
1902,00730,富邦臺灣優質高息,市,29.9,0.18,0.61,105,10/01,-41,0,27,-14,0.52,0.8,－・＋
1903,00985B,群益ESG投等債0-5,市,10.1,0.02,0.2,3895,10/01,-1037,0,-472,-1509,6.65,0.8,－・－
1904,9926,新海,市,49.1,0.0,0.0,9,10/01,3,0,0,3,1.36,0.8,＋・・
1905,00668,國泰美國道瓊,市,59.85,-0.25,-0.42,102,10/01,0,0,-38,-38,0.06,0.7,＋・－
1906,00946,群益科技高息成長,市,15.47,0.05,0.32,1209,10/01,-11,0,956,945,3.24,0.7,－・＋
1907,4747,強生*,櫃,23.1,-0.5,-2.12,33,10/01,3,0,2,5,0.68,0.7,＋・＋
1908,1236,宏亞,市,25.5,0.05,0.2,14,10/01,-2,0,0,-2,0.63,0.7,－・・
1909,00762,元大全球AI,市,123.0,2.25,1.86,179,10/01,-1,0,127,126,0.34,0.7,－・＋
1910,6751,智聯服務,櫃,44.0,-0.5,-1.12,4,10/01,0,0,0,0,0.16,0.7,・・・
1911,6918,愛派司,市,73.9,-0.4,-0.54,31,10/01,-4,0,1,-3,0.25,0.7,－・＋
1912,00648R,元大S&P500反1,市,3.92,0.01,0.26,506,10/01,0,0,-12,-12,1.02,0.7,・・－
1913,2440,太空梭,市,14.4,0.0,0.0,106,10/01,4,0,0,4,0.99,0.7,＋・・
1914,4995,晶達,櫃,50.0,-0.5,-0.99,7,10/01,-3,0,1,-2,0.3,0.7,－・＋
1915,6908,宏碁遊戲-創,市,27.5,0.85,3.19,174,10/01,16,0,2,18,0.27,0.7,＋・＋
1916,2904,匯僑,市,12.7,0.1,0.79,6,10/01,-1,0,0,-1,0.55,0.7,－・・
1917,00936,台新永續高息中小,市,21.57,-0.01,-0.05,186,10/01,2,0,69,71,1.33,0.7,＋・＋
1918,8416,實威,櫃,169.0,0.0,0.0,3,10/01,0,0,0,0,0.2,0.7,・・・
1919,00647L,元大S&P500正2,市,138.8,0.5,0.36,22,10/01,-1,0,14,13,0.04,0.7,－・＋
1920,1453,大將,市,10.9,0.0,0.0,11,10/01,1,0,0,1,0.79,0.7,＋・・
1921,2438,翔耀,市,19.95,0.05,0.25,68,10/01,4,0,0,4,0.49,0.7,＋・＋
1922,2882B,國泰金乙特,市,58.8,0.0,0.0,6,10/01,0,0,1,1,4.81,0.7,・・＋
1923,6645,金萬林-創,市,12.75,-0.1,-0.78,9,10/01,0,0,0,0,0.42,0.7,・・＋
1924,00757,統一FANG+,市,145.35,2.15,1.5,814,10/01,-92,0,204,112,1.81,0.7,－・＋
1925,1506,正道,市,9.5,-0.03,-0.31,376,10/01,-4,0,0,-4,2.03,0.7,－・・
1926,1530,亞崴,市,26.85,0.05,0.19,11,10/01,-1,0,0,-1,0.7,0.7,－・・
1927,1781,合世,櫃,9.99,0.0,0.0,30,10/01,-4,0,0,-4,0.32,0.7,－・・
1928,7747,昕奇雲端,櫃,111.5,0.0,0.0,301,10/01,0,0,-300,-300,0.2,0.7,・・－
1929,8059,凱碩,櫃,17.55,0.4,2.33,69,10/01,16,0,-1,15,0.79,0.7,＋・－
1930,00851,台新全球AI,市,73.85,0.7,0.96,59,10/01,2,0,4,6,0.04,0.7,＋・＋
1931,6874,倍力,櫃,70.4,0.6,0.86,13,10/01,-2,0,0,-2,0.15,0.7,－・・
1932,8424,惠普,櫃,70.7,0.0,0.0,0,10/01,0,0,0,0,0.24,0.7,・・・
1933,0055,元大MSCI金融,市,48.7,-0.57,-1.16,1855,10/01,-89,0,-1461,-1550,0.59,0.6,－・－
1934,00645,富邦日本,市,58.7,0.35,0.6,169,10/01,-6,0,149,143,0.3,0.6,－・＋
1935,00899,FT潔淨能源,市,22.2,0.06,0.27,63,10/01,0,0,48,48,0.11,0.6,・・＋
1936,00984A,主動安聯台灣高息,市,15.68,-0.03,-0.19,2833,10/01,58,0,-124,-66,4.11,0.6,＋・－
1937,1465,偉全,市,11.65,0.0,0.0,52,10/01,-14,0,0,-14,0.68,0.6,－・・
1938,3325,旭品,櫃,11.7,-0.2,-1.68,70,10/01,4,0,0,4,0.72,0.6,＋・・
1939,4205,中華食,櫃,68.8,0.3,0.44,5,10/01,0,0,0,0,0.64,0.6,・・・
1940,8107,大億金茂,櫃,11.8,-0.2,-1.67,58,10/01,3,0,0,3,0.49,0.6,＋・＋
1941,00665L,富邦恒生國企正2,市,8.84,0.0,0.0,1184,10/01,11,0,66,77,2.66,0.6,＋・＋
1942,00926,凱基全球菁英55,市,26.77,0.18,0.68,432,10/01,-89,0,242,153,0.66,0.6,－・＋
1943,00981B,第一金優選非投債,櫃,8.97,0.0,0.0,5219,10/01,0,0,270,270,10.3,0.6,・・＋
1944,2024,志聯,市,13.3,0.4,3.1,43,10/01,1,0,0,1,0.63,0.6,＋・・
1945,6794,向榮生技,市,73.2,1.4,1.95,20,10/01,2,0,0,2,0.41,0.6,＋・・
1946,8908,欣雄,櫃,40.2,-0.15,-0.37,19,10/01,1,0,-1,0,2.04,0.6,＋・－
1947,8928,鉅明,櫃,23.0,0.05,0.22,7,10/01,0,0,0,0,0.33,0.6,・・＋
1948,00660,元大歐洲50,市,45.6,-0.83,-1.79,28,10/01,-1,0,-5,-6,0.04,0.6,－・－
1949,00987B,野村10+澳洲公債,櫃,15.21,-0.08,-0.52,1724,10/01,-19,0,-255,-274,0.48,0.6,－・－
1950,3054,立萬利,市,59.6,0.2,0.34,123,10/01,10,0,0,10,0.51,0.6,＋＋・
1951,4195,基米-創,市,15.7,-0.4,-2.48,174,10/01,24,0,-1,23,0.51,0.6,＋・－
1952,00912,中信臺灣智慧50,市,36.21,0.01,0.03,544,10/01,-10,0,-116,-126,0.36,0.6,－・－
1953,1805,寶徠,市,10.1,0.05,0.5,27,10/01,2,0,0,2,0.85,0.6,＋・・
1954,2701,萬企,市,10.3,0.0,0.0,53,10/01,4,0,0,4,2.83,0.6,＋・・
1955,3164,景岳,市,16.5,-0.05,-0.3,30,10/01,5,0,0,5,0.53,0.6,＋・・
1956,6674,鋐寶科技,市,18.35,0.1,0.55,183,10/01,1,0,0,1,0.43,0.6,＋・－
1957,6961,旅天下,櫃,47.65,-0.45,-0.94,8,10/01,0,0,0,0,0.17,0.6,－・・
1958,3114,好德,櫃,36.05,1.45,4.19,3015,10/01,442,0,1,443,0.42,0.6,＋・＋
1959,4907,富宇,櫃,45.05,0.05,0.11,18,10/01,-3,0,0,-3,0.73,0.6,－・・
1960,6556,勝品,櫃,61.6,-0.5,-0.81,7,10/01,-5,0,3,-2,0.18,0.6,－・＋
1961,6637,醫影,櫃,53.9,0.1,0.19,28,10/01,0,0,0,0,0.16,0.6,・・＋
1962,6655,科定,市,125.0,0.0,0.0,0,10/01,0,0,0,0,0.49,0.6,・・・
1963,7842,天能綠電,櫃,97.7,-0.6,-0.61,3,10/01,0,0,0,0,0.11,0.6,・・・
1964,00679B,元大美債20年,櫃,24.64,-0.13,-0.52,19490,10/01,-33,0,-9116,-9149,37.3,0.6,－・－
1965,00695B,富邦美債7-10,櫃,33.69,-0.01,-0.03,125,10/01,0,0,-8,-8,0.26,0.6,・・－
1966,1725,元禎,市,33.5,-0.65,-1.9,38,10/01,-4,0,0,-4,1.1,0.6,－・・
1967,009814,富邦標普500,櫃,11.46,0.04,0.35,1241,10/01,-1,25,990,1014,0.91,0.6,－＋＋
1968,1432,大魯閣,市,15.05,0.05,0.33,61,10/01,-4,0,0,-4,0.65,0.6,－・・
1969,7825,和亞智慧,櫃,85.6,1.2,1.42,444,10/01,72,0,-1,71,0.15,0.6,＋・－
1970,00741B,富邦全球非投等債,櫃,36.71,-0.02,-0.05,102,10/01,0,0,-1,-1,0.08,0.6,・・－
1971,00858,永豐美國500大,櫃,36.28,0.16,0.44,670,10/01,62,0,248,310,0.69,0.6,＋・＋
1972,00917,中信特選金融,市,22.33,-0.12,-0.53,834,10/01,-69,0,-180,-249,0.4,0.6,－・－
1973,00929,復華台灣科技優息,市,29.59,0.24,0.82,24483,10/01,2438,0,-383,2056,31.3,0.6,＋・－
1974,5878,台名,櫃,37.85,0.0,0.0,3,10/01,0,0,0,0,0.15,0.6,・・・
1975,00980B,台新特選IG債10+,櫃,8.81,-0.04,-0.45,711,10/01,0,0,35,35,0.31,0.6,・・＋
1976,1475,業旺,市,26.05,0.05,0.19,6,10/01,0,0,0,0,0.38,0.6,・・・
1977,2901,欣欣,市,24.8,0.65,2.69,37,10/01,6,0,0,6,0.42,0.6,＋・・
1978,4754,國碳科,櫃,37.85,-0.05,-0.13,9,10/01,-1,0,0,-1,0.17,0.6,－・・
1979,4911,德英,櫃,28.2,0.0,0.0,12,10/01,1,0,0,1,0.39,0.6,＋・・
1980,6733,博晟生醫,櫃,24.95,0.0,0.0,23,10/01,-7,0,0,-7,0.77,0.6,－・＋
1981,6916,華凌,市,18.5,-0.2,-1.07,13,10/01,-2,0,0,-2,0.39,0.6,－・・
1982,6958,日盛台駿,市,17.5,0.0,0.0,10,10/01,7,0,0,7,2.4,0.6,＋・・
1983,00986D,主動復華金融債息,櫃,13.88,0.0,0.0,466,10/01,149,0,58,207,0.8,0.6,＋・＋
1984,2751,王座,櫃,52.9,0.2,0.38,5,10/01,0,0,0,0,0.11,0.6,・・・
1985,6771,平和環保-創,市,43.0,0.4,0.94,59,10/01,-1,0,3,2,0.18,0.6,－・＋
1986,6865,偉康科技,櫃,27.65,-1.5,-5.15,21,10/01,0,0,0,0,0.09,0.6,・・・
1987,7821,神數,市,35.85,-0.05,-0.14,161,10/01,2,0,0,2,0.69,0.6,＋・・
1988,8410,森田,櫃,27.8,0.0,0.0,28,10/01,-1,0,1,0,0.21,0.6,－・＋
1989,9962,有益,櫃,10.35,0.0,0.0,101,10/01,2,0,0,2,0.51,0.6,＋・＋
1990,00408A,主動第一金優股息,市,10.55,0.06,0.57,1121,10/01,85,0,691,776,0.78,0.6,＋・＋
1991,0051,元大中型100,市,148.85,-0.2,-0.13,51,10/01,0,0,2,2,0.14,0.6,・・＋
1992,00633L,富邦上証正2,市,44.23,-0.01,-0.02,720,10/01,-33,0,245,212,0.74,0.6,－・＋
1993,00646,元大S&P500,市,77.5,0.35,0.45,1615,10/01,-15,0,-600,-614,3.6,0.6,－・－
1994,00752,中信中國50,市,22.31,-0.03,-0.13,487,10/01,4,0,118,123,1.42,0.6,＋・＋
1995,00941,中信上游半導體,市,26.42,0.61,2.36,2729,10/01,1578,0,-815,763,2.52,0.6,＋・－
1996,1474,弘裕,市,10.05,0.0,0.0,81,10/01,3,0,0,3,0.72,0.6,＋・・
1997,5450,南良,櫃,14.6,-0.2,-1.35,153,10/01,-9,0,1,-8,0.68,0.6,－・＋
1998,6936,永鴻生技,市,32.0,0.0,0.0,2,10/01,1,0,0,1,0.4,0.6,＋・・
1999,7642,昶瑞機電,櫃,68.2,-0.3,-0.44,8,10/01,-1,0,0,-1,0.17,0.6,－・・
2000,00693U,期街口S&P黃豆,市,23.4,-0.28,-1.18,951,10/01,0,0,507,507,0.34,0.5,・・＋
2001,00842B,台新美元銀行債,櫃,28.18,-0.09,-0.32,126,10/01,-14,0,-63,-77,0.12,0.5,－・－
2002,00885,富邦越南,市,17.94,-0.06,-0.33,1348,10/01,-31,0,-178,-209,3.25,0.5,－・－
2003,00928,中信上櫃ESG30,櫃,33.57,0.09,0.27,184,10/01,-6,0,85,79,0.24,0.5,－・＋
2004,00963,中信全球高股息,市,12.49,-0.03,-0.24,1818,10/01,-213,0,-1015,-1228,0.68,0.5,－・－
2005,6212,理銘,櫃,32.25,-0.55,-1.68,1,10/01,0,0,0,0,0.55,0.5,・・・
2006,00725B,國泰投資級公司債,櫃,32.8,-0.1,-0.3,3622,10/01,-709,0,-530,-1239,19.9,0.5,－・－
2007,00799B,國泰A級醫療債,櫃,27.45,-0.08,-0.29,209,10/01,-10,0,-11,-21,0.14,0.5,－・－
2008,2718,全心投控,櫃,40.0,-0.45,-1.11,20,10/01,-9,0,-1,-9,0.47,0.5,－＋－
2009,7791,皇家可口,市,54.8,-0.5,-0.9,59,10/01,2,0,0,2,0.43,0.5,＋・・
2010,00720B,元大投資級公司債,櫃,30.76,-0.09,-0.29,9757,10/01,913,0,-4386,-3473,21.3,0.5,＋・－
2011,00795B,中信美國公債20年,櫃,24.74,-0.15,-0.6,10005,10/01,1741,0,-3418,-1677,8.09,0.5,＋・－
2012,00983D,主動富邦複合收益,市,9.59,0.0,0.0,550,10/01,52,0,193,245,0.54,0.5,＋・＋
2013,3512,皇龍,櫃,19.2,0.0,0.0,20,10/01,-1,0,0,-1,0.59,0.5,－・・
2014,6474,華豫寧,櫃,35.45,-0.25,-0.7,87,10/01,25,0,0,25,0.28,0.5,＋・・
2015,00650L,復華香港正2,市,15.92,-0.04,-0.25,149,10/01,-3,0,25,22,0.49,0.5,－・＋
2016,4735,豪展,櫃,36.05,-0.05,-0.14,29,10/01,-5,0,0,-5,0.21,0.5,－・・
2017,7738,東聯互動,櫃,156.0,0.5,0.32,11,10/01,2,0,0,2,0.14,0.5,＋・・
2018,7818,溢泰實業,市,60.1,0.0,0.0,55,10/01,23,0,0,23,0.85,0.5,＋・・
2019,00932,兆豐永續高息等權,市,17.55,0.03,0.17,293,10/01,17,0,268,285,0.54,0.5,＋・＋
2020,00984B,大華優利美A債15,櫃,15.15,-0.07,-0.46,1402,10/01,-7,0,-367,-374,0.6,0.5,－・－
2021,1454,台富,市,12.15,-0.05,-0.41,12,10/01,2,0,0,2,0.66,0.5,＋・・
2022,2258,鴻華先進-創,市,31.9,-0.1,-0.31,537,10/01,235,0,0,235,8.83,0.5,＋・＋
2023,006201,元大富櫃50,櫃,46.59,0.09,0.19,114,10/01,-1,0,30,29,0.11,0.5,－・＋
2024,00652,富邦印度,市,31.13,-0.07,-0.22,140,10/01,-4,0,-2,-6,0.3,0.5,－・－
2025,00676R,富邦臺灣加權反1,市,5.2,-0.04,-0.76,4796,10/01,-246,0,-1255,-1501,1.0,0.5,－・－
2026,00772B,中信高評級公司債,櫃,31.11,-0.09,-0.29,3491,10/01,-369,0,-705,-1074,16.8,0.5,－・－
2027,00863B,中信全球電信債,櫃,29.32,-0.09,-0.31,712,10/01,24,0,-68,-44,2.53,0.5,＋・－
2028,009802,富邦旗艦50,市,19.98,-0.09,-0.45,2074,10/01,-13,0,-341,-353,2.64,0.5,－・－
2029,00981T,平衡凱基雙核收息,市,11.64,0.0,0.0,1827,10/01,0,0,418,418,1.24,0.5,・・＋
2030,1413,宏洲,市,9.25,0.03,0.33,9,10/01,5,0,0,5,0.66,0.5,＋・・
2031,1438,三地開發,市,21.8,0.65,3.07,28,10/01,1,0,6,7,0.55,0.5,＋・＋
2032,6101,寬魚國際,櫃,37.75,0.35,0.94,197,10/01,6,0,-2,4,0.57,0.5,＋・－
2033,6242,立康,櫃,34.05,0.0,0.0,0,10/01,0,0,0,0,0.16,0.5,・・・
2034,8463,潤泰材,市,21.2,-0.05,-0.24,17,10/01,5,0,2,7,0.74,0.5,＋・＋
2035,2941,米斯特,櫃,31.0,0.0,0.0,6,10/01,0,0,0,0,0.08,0.5,・・・
2036,2945,三商家購,市,39.9,0.05,0.13,22,10/01,-3,0,0,-3,0.33,0.5,－・・
2037,8906,花王,櫃,28.95,0.35,1.22,1,10/01,0,0,0,0,0.21,0.5,・・・
2038,9929,秋雨,市,11.1,0.0,0.0,2503,10/01,1,0,0,1,0.49,0.5,＋・・
2039,00680L,元大美債20正2,市,5.72,-0.11,-1.89,28045,10/01,145,0,-9596,-9451,6.83,0.5,＋・－
2040,00685L,群益臺灣加權正2,市,13.1,0.19,1.47,123359,10/01,-352,0,2699,2347,25.9,0.5,－・＋
2041,00746B,富邦A級公司債,櫃,33.23,-0.07,-0.21,418,10/01,-13,0,10,-3,12.2,0.5,－・＋
2042,00761B,國泰A級公司債,櫃,31.84,-0.05,-0.16,512,10/01,-27,0,-7,-34,13.0,0.5,－・－
2043,00933B,國泰10Y+金融債,櫃,14.95,-0.03,-0.2,9572,10/01,56,0,-3204,-3148,32.3,0.5,＋・－
2044,00938,凱基優選30,市,26.79,-0.12,-0.45,912,10/01,-22,0,-110,-132,0.49,0.5,－・－
2045,00980D,主動聯博投等入息,櫃,19.47,-0.01,-0.05,551,10/01,5,0,189,194,0.48,0.5,＋・＋
2046,00985A,主動野村台灣50,市,23.81,0.31,1.32,28030,10/01,-1239,0,-23026,-24264,2.14,0.5,－・－
2047,6461,益得,櫃,24.05,-0.4,-1.64,79,10/01,14,0,-1,13,0.53,0.5,＋・－
2048,8481,政伸,市,40.65,-0.3,-0.73,9,10/01,-1,0,0,-1,0.32,0.5,－・・
2049,00993A,主動安聯台灣,市,13.98,0.2,1.45,4772,10/01,978,0,2345,3323,3.42,0.5,＋・＋
2050,2348A,海悅甲特,市,38.45,-0.1,-0.26,33,10/01,0,0,0,0,0.14,0.5,・・・
2051,2910,統領,市,23.6,0.0,0.0,1,10/01,1,0,0,1,0.81,0.5,＋・・
2052,5302,太欣,櫃,9.86,0.05,0.51,89,10/01,28,0,0,28,0.75,0.5,＋・・
2053,1583,程泰,市,47.05,0.25,0.53,8,10/01,2,0,0,2,0.5,0.4,＋・・
2054,2424,隴華,市,8.16,-0.14,-1.69,29,10/01,-3,0,0,-3,0.27,0.4,－・・
2055,00712,復華富時不動產,市,7.31,-0.23,-3.05,118917,10/01,20824,0,-63775,-42952,28.3,0.4,＋・－
2056,00719B,元大美債1-3,櫃,31.06,0.05,0.16,2260,10/01,74,0,-820,-746,1.43,0.4,＋・－
2057,00911,兆豐洲際半導體,市,58.0,1.3,2.29,814,10/01,-6,0,561,555,0.13,0.4,－・＋
2058,00939,統一台灣高息動能,市,24.02,-0.08,-0.33,3587,10/01,-701,0,-314,-1015,5.2,0.4,－・－
2059,00961,FT臺灣永續高息,市,13.27,0.03,0.23,10945,10/01,-405,0,-4401,-4807,5.23,0.4,－・－
2060,3713,新晶投控,櫃,13.8,-0.1,-0.72,16,10/01,0,0,0,0,0.39,0.4,・・＋
2061,7732,金興精密,市,33.2,-0.3,-0.9,6,10/01,-2,0,0,-2,0.29,0.4,－・・
2062,00763U,期街口道瓊銅,市,34.66,-0.01,-0.03,131,10/01,-1,0,-22,-23,0.18,0.4,－・－
2063,00786B,元大10年IG銀行債,櫃,30.54,-0.13,-0.42,75,10/01,0,0,25,25,0.08,0.4,・・＋
2064,00937B,群益ESG投等債20+,櫃,13.74,-0.04,-0.29,72387,10/01,-11485,0,-9376,-20861,74.5,0.4,－・－
2065,00955,中信日本商社,櫃,15.97,-0.12,-0.75,2819,10/01,-233,0,-579,-812,2.12,0.4,－・－
2066,1470,大統新創,市,24.4,0.25,1.04,6,10/01,-1,0,0,-1,0.37,0.4,－・・
2067,1525,江申,市,63.7,0.0,0.0,10,10/01,0,0,0,0,0.32,0.4,・・＋
2068,2722,夏都,市,21.45,0.05,0.23,27,10/01,2,0,0,2,0.62,0.4,＋・・
2069,2887H,台新新光庚特二,市,43.0,-0.05,-0.12,171,10/01,-8,0,0,-8,0.96,0.4,－・・
2070,4558,寶緯,櫃,16.85,-0.1,-0.59,56,10/01,7,0,0,7,0.22,0.4,＋・・
2071,009805,台新美國電力基建,市,14.95,-0.01,-0.07,2732,10/01,1021,0,-603,418,2.63,0.4,＋・－
2072,3310,佳穎,櫃,68.0,-0.8,-1.16,21,10/01,2,0,0,2,0.32,0.4,＋・・
2073,6971,惠民實業,櫃,23.3,-0.2,-0.85,8,10/01,-2,0,0,-2,0.16,0.4,－・・
2074,7760,享溫馨,市,32.5,-0.05,-0.15,43,10/01,9,0,0,9,0.28,0.4,＋・・
2075,00850,元大臺灣ESG永續,市,96.5,0.45,0.47,536,10/01,6,15,66,87,1.71,0.4,＋＋＋
2076,00905,FT臺灣Smart,市,27.8,0.15,0.54,771,10/01,71,0,82,153,1.48,0.4,＋・＋
2077,009826,貝萊德世界股票,市,10.05,0.02,0.2,8274,10/01,22,0,-374,-352,3.52,0.4,＋・－
2078,3118,進階,櫃,31.55,0.25,0.8,7,10/01,-1,0,0,-1,0.13,0.4,－・－
2079,4161,聿新科,櫃,21.75,0.0,0.0,35,10/01,3,0,-1,2,0.25,0.4,＋・－
2080,00727B,國泰優選非投等債,櫃,38.93,0.04,0.1,128,10/01,3,0,5,8,0.23,0.4,＋・＋
2081,1443,立益物流,市,23.35,-0.1,-0.43,3,10/01,3,0,0,3,0.54,0.4,＋・・
2082,3508,位速,櫃,26.0,0.1,0.39,374,10/01,-13,0,-2,-15,0.44,0.4,－・－
2083,3522,御嵿,櫃,12.5,0.0,0.0,68,10/01,12,0,0,12,0.42,0.4,＋・－
2084,7708,全家餐飲,櫃,92.2,0.0,0.0,17,10/01,0,0,0,0,0.1,0.4,・・・
2085,00662,富邦NASDAQ,市,126.2,2.0,1.61,2163,10/01,42,0,-509,-466,3.69,0.4,＋・－
2086,4153,鈺緯,櫃,31.25,-0.2,-0.64,13,10/01,1,0,1,2,0.23,0.4,＋・＋
2087,0056,元大高股息,市,56.85,-0.1,-0.18,42085,10/01,-8961,180,-24687,-33468,54.9,0.4,－＋－
2088,00923,群益台ESG低碳50,市,41.82,0.31,0.75,2496,10/01,65,0,754,819,3.65,0.4,＋・＋
2089,2712,遠雄來,市,13.35,-0.2,-1.48,3,10/01,1,0,0,1,0.41,0.4,＋・・
2090,3288,點晶,櫃,21.25,0.05,0.24,24,10/01,0,0,0,0,0.06,0.4,・・＋
2091,4175,杏一,櫃,50.7,-0.3,-0.59,11,10/01,1,0,0,1,0.16,0.4,＋・・
2092,6952,大武山,市,38.8,0.0,0.0,5,10/01,0,0,0,0,0.27,0.4,・・・
2093,00639,富邦深100,市,15.15,-0.05,-0.33,402,10/01,60,0,-13,47,0.37,0.4,＋・－
2094,00771,元大US高息特別股,市,14.95,-0.01,-0.07,9,10/01,0,0,-3,-3,0.05,0.4,・・－
2095,00860B,群益1-5Y投資級債,櫃,37.84,0.1,0.26,101,10/01,0,0,-1,-1,0.01,0.4,・・－
2096,009818,華南永昌NASDAQxT,市,21.53,0.36,1.7,400,10/01,-3,0,366,363,0.17,0.4,－・＋
2097,6496,科懋,櫃,23.8,0.15,0.63,12,10/01,1,0,0,1,0.18,0.4,＋・・
2098,6872,浩宇生醫,櫃,23.0,-1.05,-4.37,175,10/01,3,0,0,3,0.27,0.4,＋・－
2099,8929,富堡,櫃,13.1,-0.1,-0.76,9,10/01,1,0,0,1,0.19,0.4,＋・・
2100,00637L,元大滬深300正2,市,18.33,0.01,0.05,3815,10/01,-45,0,203,158,2.99,0.4,－・＋
2101,009824,群益美國科技巨頭,市,10.75,0.19,1.8,6826,10/01,1327,0,4321,5648,1.73,0.4,＋・＋
2102,3018,隆銘綠能,市,12.25,0.25,2.08,23,10/01,-1,0,0,-1,0.28,0.4,－・・
2103,6947,台鎔科技,市,68.5,0.1,0.15,222,10/01,14,0,0,14,0.39,0.4,＋・・
2104,7811,民盛,櫃,73.5,0.0,0.0,5,10/01,0,0,0,0,0.12,0.4,・・・
2105,00402A,主動安聯美國科技,市,10.22,0.2,2.0,29957,10/01,12983,0,13688,26671,2.14,0.4,＋・＋
2106,00692,富邦公司治理,市,97.4,0.8,0.83,517,10/01,-20,0,162,142,2.16,0.4,－・＋
2107,00751B,元大AAA至A公司債,櫃,28.82,-0.09,-0.31,7319,10/01,-90,0,-3169,-3259,18.7,0.4,－・－
2108,00918,大華優利高填息30,市,33.89,0.0,0.0,42307,10/01,-1666,0,-14578,-16244,16.8,0.4,－・－
2109,1235,興泰,市,32.9,-0.25,-0.75,43,10/01,10,0,4,14,0.67,0.4,＋・＋
2110,6692,進能服,櫃,23.05,-0.8,-3.35,5,10/01,1,0,0,1,0.21,0.4,＋・・
2111,0053,元大電子,市,255.7,3.65,1.45,162,10/01,1,0,-16,-15,0.04,0.3,＋・－
2112,00787B,元大10年IG醫療債,櫃,30.21,-0.08,-0.26,5,10/01,0,0,-2,-2,0.04,0.3,・・－
2113,00949,復華日本龍頭,市,22.19,0.04,0.18,750,10/01,1,0,220,221,0.58,0.3,＋・＋
2114,2887G,台新新光庚特一,市,44.25,-0.2,-0.45,106,10/01,-11,0,0,-11,0.26,0.3,－・・
2115,6169,昱泉,櫃,11.85,-0.15,-1.25,8,10/01,0,0,0,0,0.08,0.3,・・＋
2116,6246,臺龍,櫃,12.7,-0.15,-1.17,13,10/01,-4,0,0,-4,0.13,0.3,－・＋
2117,6624,萬年清,櫃,38.0,-0.25,-0.65,6,10/01,-2,0,0,-2,0.08,0.3,－・・
2118,8401,白紗科,櫃,22.7,-0.05,-0.22,24,10/01,-1,0,0,-1,0.24,0.3,－・・
2119,8931,大汽電,櫃,42.65,-0.6,-1.39,16,10/01,-4,0,0,-4,0.42,0.3,－・＋
2120,00675L,富邦臺灣加權正2,市,347.15,5.3,1.55,485,10/01,-8,0,46,38,0.34,0.3,－・＋
2121,00686R,群益臺灣加權反1,市,0.92,-0.02,-2.13,3238,10/01,5,0,-1621,-1616,0.9,0.3,＋・－
2122,00709,富邦歐洲,市,38.98,-0.48,-1.22,20,10/01,0,0,-9,-9,0.05,0.3,・・－
2123,00722B,群益投資級電信債,櫃,33.07,-0.06,-0.18,3342,10/01,-470,0,-192,-662,4.91,0.3,－・－
2124,00739,元大MSCI A股,市,26.5,-0.1,-0.38,3,10/01,0,0,0,0,0.09,0.3,・・－
2125,009811,統一美國50,市,13.62,0.13,0.96,2500,10/01,-1,0,629,628,0.78,0.3,－・＋
2126,7782,光速火箭,櫃,25.15,-0.1,-0.4,1,10/01,0,0,0,0,0.08,0.3,・・・
2127,00673R,期元大S&P原油反1,市,10.97,0.11,1.01,16461,10/01,-229,0,3724,3495,4.05,0.3,－・＋
2128,00713,元大台灣高息低波,市,62.85,-0.15,-0.24,3399,10/01,-129,0,-1030,-1159,5.59,0.3,－・－
2129,00982D,主動富邦動態入息,市,9.32,-0.02,-0.21,559,10/01,0,0,34,34,0.25,0.3,・・＋
2130,00982T,平衡兆豐台美動能,市,15.52,0.11,0.71,273,10/01,0,0,-33,-33,0.05,0.3,・・－
2131,4406,新昕纖,櫃,10.2,-0.1,-0.97,11,10/01,1,0,0,1,0.17,0.3,＋・・
2132,00893,國泰智能電動車,市,46.33,0.6,1.31,3370,10/01,2444,0,-1840,604,1.11,0.3,＋・－
2133,4192,杏國,櫃,18.65,0.0,0.0,0,10/01,0,0,0,0,0.11,0.3,・・・
2134,4528,江興鍛,櫃,14.85,-0.1,-0.67,26,10/01,-6,0,0,-6,0.26,0.3,－・・
2135,6615,慧智,櫃,33.5,0.0,0.0,8,10/01,2,0,0,2,0.07,0.3,＋・－
2136,00671R,富邦NASDAQ反1,市,2.33,-0.03,-1.27,1197,10/01,0,0,181,181,1.46,0.3,・・＋
2137,7689,大鵬科CLMX,市,161.0,1.5,0.94,60,10/01,26,0,0,26,0.18,0.3,＋・・
2138,006206,元大上證50,市,36.61,-0.11,-0.3,14,10/01,0,0,12,12,0.09,0.3,・・＋
2139,00862B,中信投資級公司債,櫃,29.15,-0.04,-0.14,267,10/01,-19,0,37,18,2.61,0.3,－・＋
2140,00878,國泰永續高股息,市,34.89,-0.01,-0.03,34467,10/01,-3022,0,-20004,-23026,55.9,0.3,－・－
2141,00924,復華S&P500成長,市,34.09,0.31,0.92,2323,10/01,597,0,-231,366,1.29,0.3,＋・－
2142,1435,中福,市,22.0,-0.4,-1.79,20,10/01,1,0,0,1,0.41,0.3,＋・・
2143,2887E,台新新光戊特一,市,48.4,0.0,0.0,155,10/01,-3,0,0,-3,1.46,0.3,－・・
2144,3632,研勤,櫃,7.08,-0.07,-0.98,11,10/01,0,0,0,0,0.12,0.3,・・・
2145,5548,安倉,櫃,20.0,-0.15,-0.74,78,10/01,5,0,0,5,0.19,0.3,＋・・
2146,00655L,國泰中國A50正2,市,30.84,0.01,0.03,201,10/01,-1,0,4,3,0.19,0.3,－・＋
2147,3666,光耀,櫃,25.3,0.0,0.0,28,10/01,3,0,0,3,0.4,0.3,＋・・
2148,5364,力麗店,櫃,8.38,-0.01,-0.12,14,10/01,-3,0,0,-3,0.18,0.3,－・・
2149,6527,明達醫,櫃,75.0,0.0,0.0,28,10/01,-1,0,0,-1,0.07,0.3,－・・
2150,6958A,日盛台駿甲特,市,21.95,-0.05,-0.23,1,10/01,0,0,0,0,0.11,0.3,・・・
2151,00753L,中信中國50正2,市,8.64,0.0,0.0,3996,10/01,1799,0,-969,830,1.99,0.3,＋・－
2152,009800,中信NASDAQ,市,13.65,0.23,1.71,1576,10/01,202,0,-454,-252,0.86,0.3,＋・－
2153,3521,台鋼建設,櫃,12.0,0.15,1.27,98,10/01,-9,0,0,-9,0.41,0.3,－・＋
2154,6846,綠茵,櫃,58.4,-0.1,-0.17,6,10/01,0,0,0,0,0.07,0.3,・・・
2155,7770,君曜,櫃,41.45,-1.15,-2.7,10,10/01,5,0,-1,4,0.08,0.3,＋・－
2156,8450,霹靂,櫃,14.3,0.0,0.0,18,10/01,0,0,0,0,0.14,0.3,・・・
2157,00764B,群益25年美債,櫃,25.53,-0.15,-0.58,2160,10/01,-572,0,458,-114,4.16,0.3,－・＋
2158,00895,富邦未來車,市,52.4,0.7,1.35,640,10/01,76,0,219,295,0.38,0.3,＋・＋
2159,1312A,國喬特,市,23.05,0.0,0.0,0,10/01,0,0,0,0,0.05,0.3,・・・
2160,00636,國泰中國A50,市,26.43,-0.11,-0.41,194,10/01,4,0,28,32,0.25,0.2,＋・＋
2161,00669R,國泰美國道瓊反1,市,5.43,0.06,1.12,1362,10/01,0,0,78,78,0.5,0.2,・・＋
2162,00919,群益台灣精選高息,市,31.63,-0.25,-0.78,147843,10/01,-5769,0,-97642,-103411,49.3,0.2,－・－
2163,1742,台蠟,櫃,17.8,0.2,1.14,53,10/01,0,0,-1,-1,0.23,0.2,・・－
2164,4188,安克,櫃,14.3,0.05,0.35,251,10/01,-15,0,-1,-16,0.16,0.2,－・－
2165,00653L,富邦印度正2,市,40.51,-0.49,-1.2,699,10/01,4,0,502,506,0.03,0.2,＋・＋
2166,00697B,元大美債7-10,櫃,33.95,-0.06,-0.18,805,10/01,13,0,63,76,0.17,0.2,＋・＋
2167,2719,燦星旅,櫃,19.5,-0.25,-1.27,12,10/01,-1,0,0,-1,0.17,0.2,－・・
2168,3593,力銘,市,11.5,0.5,4.55,20,10/01,0,0,0,0,0.15,0.2,・・・
2169,6240,松崗,櫃,25.3,-0.25,-0.98,23,10/01,0,0,0,0,0.06,0.2,・・＋
2170,00670L,富邦NASDAQ正2,市,215.65,6.15,2.94,608,10/01,28,0,290,318,0.18,0.2,＋・＋
2171,00690,兆豐藍籌30,市,82.85,0.55,0.67,138,10/01,-1,0,-22,-23,0.19,0.2,－・－
2172,3485,敘豐,櫃,212.5,3.5,1.67,90,10/01,-1,0,4,3,0.09,0.2,－・＋
2173,7767,仁大資訊,櫃,46.3,0.0,0.0,0,10/01,0,0,0,0,0.07,0.2,・・・
2174,00706L,期元大S&P日圓正2,市,19.05,-0.29,-1.5,441,10/01,-3,0,-218,-221,0.27,0.2,－・－
2175,00717,富邦美國特別股,市,14.54,0.07,0.48,145,10/01,133,0,-52,81,0.27,0.2,＋・－
2176,00882,中信中國高股息,市,14.84,-0.08,-0.54,1961,10/01,65,0,66,131,4.44,0.2,＋・＋
2177,009825,聯邦美國金融創新,櫃,9.7,-0.08,-0.82,413,10/01,-39,0,-29,-68,0.26,0.2,－・－
2178,5704,老爺知,櫃,22.6,-0.05,-0.22,9,10/01,-1,0,0,-1,0.13,0.2,－・・
2179,6171,大城地產,櫃,27.35,0.6,2.24,455,10/01,3,0,0,3,0.23,0.2,＋・・
2180,6767,台微醫,櫃,24.6,0.1,0.41,15,10/01,0,0,0,0,0.09,0.2,・・・
2181,7753,星亞,櫃,35.7,0.1,0.28,16,10/01,-1,0,0,-1,0.06,0.2,－・・
2182,00857B,永豐20年美公債,櫃,21.28,-0.11,-0.51,711,10/01,-11,0,-58,-69,1.3,0.2,－・－
2183,00902,中信電池及儲能,市,12.59,0.16,1.29,472,10/01,141,0,179,320,0.5,0.2,＋・＋
2184,00921,兆豐龍頭等權重,市,23.48,-0.13,-0.55,124,10/01,-4,0,13,9,0.13,0.2,－・＋
2185,00948B,中信優息投資級債,櫃,8.78,-0.02,-0.23,3746,10/01,-33,0,-633,-666,9.31,0.2,－・－
2186,00962,台新AI優息動能,市,15.18,0.13,0.86,4494,10/01,-8,0,-3152,-3160,0.24,0.2,－・－
2187,009822,華南永昌未來金融,櫃,9.33,-0.13,-1.37,260,10/01,-8,0,-181,-189,0.14,0.2,－・－
2188,2838A,聯邦銀甲特,市,52.0,0.0,0.0,14,10/01,0,0,0,0,0.44,0.2,・・・
2189,3191,雲嘉南,櫃,16.85,0.1,0.6,45,10/01,0,0,0,0,0.09,0.2,・・・
2190,3499,環天科,櫃,13.75,-0.05,-0.36,31,10/01,0,0,0,0,0.12,0.2,・・・
2191,4304,勝昱,櫃,17.3,0.0,0.0,15,10/01,-4,0,0,-4,0.13,0.2,－・・
2192,6210,慶生,櫃,17.9,0.0,0.0,12,10/01,4,0,-1,3,0.08,0.2,＋・－
2193,7820,立盈,櫃,110.0,-0.5,-0.45,10,10/01,1,0,0,1,0.08,0.2,＋・・
2194,8941,關中,櫃,43.95,0.15,0.34,12,10/01,2,0,0,2,0.08,0.2,＋・・
2195,00953B,群益優選非投等債,市,9.52,0.01,0.11,24498,10/01,-31,0,-13221,-13252,9.62,0.2,－・－
2196,4535,至興,櫃,27.0,0.0,0.0,9,10/01,0,0,0,0,0.16,0.2,・・・
2197,6855,數泓科,櫃,116.0,0.0,0.0,0,10/01,0,0,0,0,0.05,0.2,・・・
2198,8102,傑霖科技,櫃,59.0,-0.9,-1.5,2,10/01,0,0,0,0,0.05,0.2,・・・
2199,00853B,統一美債10年Aa-A,櫃,25.45,-0.07,-0.27,1507,10/01,0,0,-8,-8,0.34,0.2,・・－
2200,00969B,元大零息超長美債,櫃,7.4,-0.1,-1.33,1699,10/01,-11,0,-458,-469,0.29,0.2,－・－
2201,8272,全景軟體,櫃,63.9,-0.6,-0.93,4,10/01,0,0,0,0,0.04,0.2,・・・
2202,00701,國泰股利精選30,市,41.41,-0.01,-0.02,226,10/01,57,0,-66,-9,0.31,0.2,＋・－
2203,00967B,元大優息美債,櫃,8.51,-0.02,-0.23,334,10/01,-19,0,-175,-194,0.34,0.2,－・－
2204,2002A,中鋼特,市,37.5,0.25,0.67,22,10/01,0,0,0,0,0.07,0.2,・・・
2205,5355,佳總,櫃,7.1,0.05,0.71,76,10/01,-10,0,0,-10,0.3,0.2,－・＋
2206,6662,樂斯科,櫃,28.5,0.0,0.0,4,10/01,0,0,0,0,0.05,0.2,・・・
2207,8921,沈氏,櫃,16.8,0.0,0.0,0,10/01,0,0,0,0,0.09,0.2,・・・
2208,00945B,凱基美國非投等債,市,14.2,0.01,0.07,2631,10/01,428,0,270,699,1.45,0.2,＋・＋
2209,4538,大詠城,櫃,17.45,0.1,0.58,11,10/01,2,0,0,2,0.1,0.2,＋・・
2210,6222,立軒,櫃,19.3,0.0,0.0,0,10/01,0,0,0,0,0.16,0.2,・・・
2211,00759B,復華製藥債,櫃,50.65,-0.25,-0.49,102,10/01,0,0,0,0,0.08,0.2,・・－
2212,00834B,第一金金融債10+,櫃,31.98,-0.09,-0.28,120,10/01,-1,0,9,8,0.04,0.2,－・＋
2213,00841B,凱基AAA-AA公司債,櫃,26.4,-0.02,-0.08,100,10/01,0,0,0,0,0.12,0.2,・・・
2214,00930,永豐ESG低碳高息,市,23.79,-0.01,-0.04,1439,10/01,12,0,748,760,0.26,0.2,＋・＋
2215,00957B,兆豐US優選投等債,櫃,12.43,-0.05,-0.4,265,10/01,2,0,76,78,0.31,0.2,＋・＋
2216,8342,益張,櫃,83.5,0.0,0.0,4,10/01,1,0,0,1,0.06,0.2,＋・・
2217,8477,創業家,櫃,14.2,0.1,0.71,6,10/01,0,0,0,0,0.14,0.2,・・＋
2218,00876,元大全球5G,市,92.75,1.5,1.64,361,10/01,6,0,277,283,0.15,0.2,＋・＋
2219,00959B,大華投等美債15Y+,櫃,8.75,-0.02,-0.23,2214,10/01,-189,0,-1251,-1440,0.79,0.2,－・－
2220,2064,晉椿,櫃,12.0,0.05,0.42,350,10/01,11,0,0,11,0.11,0.2,＋・・
2221,4433,興采,櫃,18.05,0.0,0.0,46,10/01,-1,0,0,-1,0.09,0.2,－・・
2222,6228,全譜,櫃,18.15,-0.65,-3.46,9,10/01,-1,0,0,-1,0.04,0.2,－・・
2223,6843,進典,櫃,38.45,-0.1,-0.26,14,10/01,0,0,0,0,0.05,0.2,・・・
2224,8905,裕國,櫃,34.5,-0.15,-0.43,5,10/01,-1,0,0,-1,0.19,0.2,－・・
2225,00770,國泰北美科技,市,66.3,1.1,1.69,454,10/01,83,0,232,315,0.13,0.1,＋・＋
2226,2881C,富邦金丙特,市,51.8,0.0,0.0,65,10/01,0,0,0,0,0.48,0.1,・・・
2227,5344,立衛,櫃,13.45,-0.4,-2.89,94,10/01,-2,0,0,-2,0.11,0.1,－・・
2228,6028,公勝保經,櫃,99.2,0.2,0.2,11,10/01,0,0,0,0,0.04,0.1,・・・
2229,00940,元大台灣價值高息,市,13.18,0.06,0.46,9356,10/01,-567,0,6127,5560,6.73,0.1,－・＋
2230,009827,玉山未來全球算力,市,10.42,0.13,1.26,2968,10/01,2,0,1815,1817,0.27,0.1,＋・＋
2231,3064,泰偉,櫃,15.75,-1.45,-8.43,4,10/01,0,0,0,0,0.02,0.1,・・・
2232,5455,昇益,櫃,30.7,0.0,0.0,0,10/01,0,0,0,0,0.08,0.1,・・・
2233,00711B,復華彭博新興債,市,14.71,-0.06,-0.41,234,10/01,0,0,6,6,0.97,0.1,・・＋
2234,5310,天剛,櫃,27.2,-0.4,-1.45,8,10/01,0,0,0,0,0.03,0.1,・・・
2235,5547,久舜,櫃,20.15,0.0,0.0,15,10/01,-1,0,0,-1,0.06,0.1,－・・
2236,8409,商之器,櫃,18.0,0.0,0.0,2,10/01,0,0,0,0,0.04,0.1,・・＋
2237,00840B,凱基IG精選15+,櫃,27.61,-0.04,-0.14,100,10/01,0,0,0,0,0.06,0.1,・・・
2238,009821,野村稀土關鍵資源,市,13.21,-0.09,-0.68,7931,10/01,255,0,-5845,-5590,0.56,0.1,＋・－
2239,00984D,主動聯博全球非投,市,9.75,0.02,0.21,13002,10/01,117,0,-5484,-5367,1.3,0.1,＋・－
2240,2887F,台新新光戊特二,市,45.55,0.0,0.0,18,10/01,0,0,0,0,0.32,0.1,・・・
2241,5523,豐謙,櫃,30.35,0.0,0.0,67,10/01,-8,0,0,-8,0.17,0.1,－・＋
2242,6881,潤德,櫃,215.0,0.5,0.23,6,10/01,0,0,0,0,0.02,0.1,・・・
2243,009823,群益S&P500,櫃,10.52,0.05,0.48,4181,10/01,150,0,1575,1725,0.33,0.1,＋・＋
2244,6680,鑫創電子,櫃,51.5,-0.4,-0.77,12,10/01,1,0,0,1,0.02,0.1,＋・・
2245,7814,海昌生技,櫃,28.4,0.15,0.53,16,10/01,2,0,-4,-2,0.04,0.1,＋・－
2246,8080,泰霖,櫃,28.0,0.2,0.72,6,10/01,0,0,0,0,0.06,0.1,・・＋
2247,00710B,復華彭博非投等債,市,18.56,0.04,0.22,269,10/01,3,0,78,81,0.15,0.1,＋・＋
2248,00931B,統一美債20年,櫃,12.46,-0.07,-0.56,3046,10/01,-2,0,-773,-775,1.98,0.1,－・－
2249,4305,世坤,櫃,41.55,-0.55,-1.31,4,10/01,0,0,0,0,0.05,0.1,・・・
2250,4767,誠泰科技,櫃,28.1,-0.1,-0.35,6,10/01,0,0,0,0,0.03,0.1,・・・
2251,5516,雙喜,櫃,12.0,0.0,0.0,4,10/01,0,0,0,0,0.04,0.1,・・－
2252,5701,劍湖山,櫃,4.07,0.01,0.25,41,10/01,-7,0,0,-7,0.13,0.1,－・＋
2253,6020,大展證,櫃,20.55,-0.2,-0.96,6,10/01,-1,0,0,-1,0.21,0.1,－・・
2254,6512,啟發電,櫃,20.25,0.0,0.0,7,10/01,0,0,0,0,0.02,0.1,・・・
2255,6590,普鴻,櫃,65.1,-0.8,-1.21,16,10/01,0,0,0,0,0.02,0.1,・・・
2256,6592B,和潤企業乙特,市,95.4,0.8,0.85,3,10/01,0,0,0,0,0.04,0.1,・・・
2257,7713,威力德生醫,櫃,74.3,0.0,0.0,2,10/01,1,0,0,1,0.04,0.1,＋・・
2258,7812,稜研科技*-創,市,64.5,-2.2,-3.3,292,10/01,108,0,0,108,0.06,0.1,＋・・
2259,00867B,台新A-BBB電信債,櫃,28.43,0.09,0.32,659,10/01,-198,0,197,-1,0.42,0.1,－・＋
2260,2937,集雅社,櫃,44.7,0.0,0.0,0,10/01,0,0,0,0,0.04,0.1,・・・
2261,3226,龍鋒,櫃,65.0,4.6,7.62,151,10/01,-11,0,0,-11,0.05,0.1,－・・
2262,5345,馥鴻,櫃,21.3,-0.2,-0.93,10,10/01,1,0,0,1,0.03,0.1,＋・・
2263,6904,伯鑫,櫃,123.0,0.0,0.0,0,10/01,0,0,0,0,0.01,0.1,・・・
2264,00750B,凱基科技債10+,櫃,30.68,0.0,0.0,101,10/01,0,0,0,0,0.1,0.1,・・・
2265,00773B,中信優先金融債,櫃,33.29,-0.09,-0.27,952,10/01,-51,0,73,22,1.61,0.1,－・＋
2266,00942B,台新美A公司債20+,櫃,13.14,-0.05,-0.38,1758,10/01,-25,0,434,409,1.36,0.1,－・＋
2267,2947,振宇五金,櫃,60.5,0.0,0.0,9,10/01,1,0,0,1,0.02,0.1,＋・・
2268,4950,金耘國際,櫃,16.2,0.55,3.51,15,10/01,2,0,0,2,0.04,0.1,＋・－
2269,00780B,國泰A級金融債,櫃,35.37,0.03,0.08,111,10/01,0,0,2,2,0.13,0.0,・・＋
2270,00781B,國泰A級科技債,櫃,25.68,-0.09,-0.35,167,10/01,0,0,-28,-28,0.01,0.0,・・－
2271,1101B,台泥乙特,市,43.5,0.1,0.23,6,10/01,0,0,0,0,0.11,0.0,・・・
2272,2235,謚源,櫃,28.0,0.0,0.0,0,10/01,0,0,0,0,0.02,0.0,・・・
2273,3523,迎輝,櫃,13.5,-1.5,-10.0,33,10/01,-1,0,0,-1,0.04,0.0,－・＋
2274,6264,富裔,櫃,6.03,0.0,0.0,12,10/01,0,0,0,0,0.07,0.0,・・・
2275,6592A,和潤企業甲特,市,96.6,0.5,0.52,3,10/01,0,0,0,0,0.03,0.0,・・・
2276,8101,華冠,市,11.05,0.0,0.0,6,10/01,0,0,0,0,0.03,0.0,・・＋
2277,00664R,國泰臺灣加權反1,市,1.53,0.0,0.0,6713,10/01,0,0,332,332,0.39,0.0,・・＋
2278,00724B,群益投資級金融債,櫃,31.54,-0.06,-0.19,3661,10/01,-134,0,22,-112,1.36,0.0,－・＋
2279,00740B,富邦全球投等債,櫃,35.85,-0.07,-0.19,1149,10/01,-28,295,-555,-288,1.07,0.0,－＋－
2280,00884B,中信低碳新興債,櫃,27.36,-0.18,-0.65,201,10/01,0,0,1,1,0.04,0.0,・・＋
2281,2073,雄順,櫃,25.8,0.6,2.38,2,10/01,0,0,0,0,0.01,0.0,・・・
2282,5205,中茂,櫃,20.75,1.85,9.79,8,10/01,0,0,0,0,0.01,0.0,・・・
2283,5514,三豐,櫃,15.1,0.05,0.33,14,10/01,1,0,0,1,0.1,0.0,＋・・
2284,5520,力泰,櫃,83.5,0.1,0.12,1,10/01,0,0,0,0,0.03,0.0,・・・
2285,6198,瑞築,櫃,20.05,0.0,0.0,0,10/01,0,0,0,0,0.07,0.0,・・・
2286,910861,神州-DR,市,4.69,-0.01,-0.21,85,10/01,0,0,0,0,0.02,0.0,・・・
2287,9110,越南控-DR,市,2.98,-0.01,-0.33,7,10/01,0,0,0,0,0.03,0.0,・・・
2288,9950,萬國通,櫃,10.25,0.05,0.49,22,10/01,-1,0,0,-1,0.08,0.0,－・・
2289,00755B,群益投資級公用債,櫃,30.36,-0.14,-0.46,113,10/01,0,0,-10,-10,0.1,0.0,・・－
2290,00768B,復華20年美債,櫃,45.86,-0.22,-0.48,334,10/01,-27,0,-127,-154,0.25,0.0,－・－
2291,00785B,富邦金融投等債,櫃,32.71,-0.04,-0.12,91,10/01,30,0,-31,-1,0.42,0.0,＋・－
2292,00845B,富邦新興投等債,櫃,31.47,-0.06,-0.19,151,10/01,50,0,-50,0,0.08,0.0,＋・－
2293,00846B,富邦歐洲銀行債,櫃,34.11,0.01,0.03,102,10/01,0,0,-1,-1,0.03,0.0,・・－
2294,00968B,元大優息投等債,櫃,8.63,-0.03,-0.35,1038,10/01,188,0,-104,84,0.24,0.0,＋・－
2295,00970B,台新BBB投等債20+,櫃,8.69,-0.02,-0.23,4213,10/01,16,0,197,213,0.12,0.0,＋・＋
2296,2897B,王道銀乙特,市,11.85,0.0,0.0,2,10/01,0,0,0,0,0.09,0.0,・・・
2297,6844,諾貝兒,櫃,57.4,-0.1,-0.17,11,10/01,-1,0,0,-1,0.01,0.0,－・・
2298,8093,保銳,櫃,25.25,1.6,6.77,26,10/01,-2,0,-3,-5,0.02,0.0,－・－
2299,00779B,凱基美債25+,櫃,25.75,-0.15,-0.58,312,10/01,0,0,-7,-7,0.33,0.0,・・－
2300,00844B,台新15年IG金融債,櫃,29.25,-0.1,-0.34,107,10/01,3,0,21,24,0.04,0.0,＋・＋
2301,00848B,中信新興亞洲債,櫃,32.4,-0.04,-0.12,202,10/01,-2,0,2,0,0.04,0.0,－・＋
2302,1538,正峰,市,7.83,0.35,4.68,16,10/01,0,0,0,0,0.01,0.0,・・＋
2303,2882A,國泰特,市,60.2,0.0,0.0,37,10/01,0,0,0,0,0.2,0.0,・・・
2304,2938,床的世界,櫃,18.5,-0.1,-0.54,43,10/01,7,0,0,7,0.01,0.0,＋・・
2305,2949,欣新網,櫃,68.9,0.0,0.0,0,10/01,0,0,0,0,0.01,0.0,・・・
2306,3067,全域,櫃,16.9,0.0,0.0,0,10/01,0,0,0,0,0.0,0.0,・・・
2307,3629,地心引力,櫃,16.2,-1.1,-6.36,2,10/01,0,0,0,0,0.01,0.0,・・・
2308,5348,正能量智能,櫃,16.35,0.0,0.0,2,10/01,0,0,0,0,0.0,0.0,・・・
2309,5543,桓鼎-KY,櫃,27.0,0.3,1.12,8,10/01,0,0,0,0,0.01,0.0,－・・
2310,6236,中湛,櫃,18.7,0.2,1.08,2,10/01,0,0,0,0,0.01,0.0,・・・
2311,6730,常廣,櫃,32.2,0.2,0.62,7,10/01,0,0,0,0,0.01,0.0,・・・
2312,6856,鑫傳,櫃,41.05,-0.95,-2.26,10,10/01,0,0,0,0,0.01,0.0,・・・
2313,00654R,富邦印度反1,市,7.19,0.06,0.84,8,10/01,0,0,8,8,0.0,0.0,・・＋
2314,00726B,國泰新興投等債,櫃,31.08,-0.12,-0.38,169,10/01,24,0,12,36,0.17,0.0,＋・＋
2315,00758B,復華能源債,櫃,48.18,-0.27,-0.56,105,10/01,0,0,3,3,0.0,0.0,・・＋
2316,00760B,復華新興企業債,櫃,50.35,-0.25,-0.49,103,10/01,0,0,0,0,0.08,0.0,・・－
2317,00775B,台新投等債15+,市,29.65,-0.12,-0.4,83,10/01,0,0,-3,-3,0.03,0.0,・・－
2318,00791B,復華信用債1-5,櫃,56.4,0.15,0.27,102,10/01,-2,0,2,0,0.06,0.0,－・＋
2319,00836B,永豐10年A公司債,櫃,26.33,-0.16,-0.6,2,10/01,-1,0,0,-1,0.1,0.0,－・－
2320,00950B,凱基A級公司債,櫃,13.13,-0.04,-0.3,2577,10/01,7,0,-1113,-1106,0.72,0.0,＋・－
2321,1213,大飲,市,7.0,-0.47,-6.29,6,10/01,0,0,0,0,0.01,0.0,・・・
2322,2321,東訊,市,23.5,-0.8,-3.29,4,10/01,0,0,0,0,0.0,0.0,・・・
2323,2881A,富邦特,市,61.5,-0.1,-0.16,50,10/01,0,0,0,0,0.11,0.0,・・・
2324,2881B,富邦金乙特,市,60.8,0.1,0.16,2,10/01,0,0,1,1,0.13,0.0,・・＋
2325,2891B,中信金乙特,市,61.7,-0.2,-0.32,2,10/01,0,0,0,0,0.06,0.0,・・・
2326,4584,君帆,櫃,37.5,0.5,1.35,6,10/01,-1,0,0,-1,0.0,0.0,－・・
2327,6597,立誠,櫃,63.0,-5.7,-8.3,62,10/01,1,0,0,1,0.0,0.0,＋・・
2328,6721,信實,櫃,50.2,0.2,0.4,1,10/01,0,0,0,0,0.0,0.0,・・・
2329,6929,佑全,櫃,21.8,0.0,0.0,0,10/01,0,0,0,0,0.01,0.0,・・・
2330,7716,昱臺國際,櫃,23.95,0.05,0.21,6,10/01,0,0,0,0,0.0,0.0,・・・
