契約,到期月份 (週別),契約到期日,履約價,買賣權,開盤價,最高價,最低價,最後 成交價,結算價,漲跌價,漲跌%,*盤後交易時段成交量,*一般交易時段成交量,*合計成交量,*未沖銷 契約量,最後 最佳買價,最後 最佳賣價,歷史 最高價,歷史 最低價
TXO,202609W2,20260909.0,40600.0,Call,-,-,-,-,6380.0,-,-,0,0,0,0,-,-,-,-
TXO,202609W2,20260909.0,40600.0,Put,0.6,0.6,0.2,0.2,0.1,0,0%,1,26,27,1100,0.1,0.6,93,0.2
TXO,202609W2,20260909.0,40700.0,Call,-,-,-,-,6280.0,-,-,0,0,0,0,-,-,-,-
TXO,202609W2,20260909.0,40700.0,Put,0.5,0.7,0.3,0.3,0.1,▲+0.1,▲+50.00%,0,7,7,258,-,0.6,96,0.3
TXO,202609W2,20260909.0,40800.0,Call,-,-,-,-,6180.0,-,-,0,0,0,0,-,-,-,-
TXO,202609W2,20260909.0,40800.0,Put,0.6,0.6,0.6,0.6,0.1,▲+0.4,▲+200.00%,0,5,5,20,-,0.6,102,0.3
TXO,202609W2,20260909.0,40900.0,Call,-,-,-,-,6080.0,-,-,0,0,0,0,-,-,-,-
TXO,202609W2,20260909.0,40900.0,Put,0.6,0.6,0.6,0.6,0.1,▲+0.4,▲+200.00%,0,5,5,24,-,0.6,104,0.5
TXO,202609W2,20260909.0,41000.0,Call,-,-,-,-,5980.0,-,-,0,0,0,0,-,-,-,-
TXO,202609W2,20260909.0,41000.0,Put,0.6,0.6,0.2,0.2,0.1,▼-0.1,▼-33.33%,2,18,20,78,-,0.6,108,0.2
TXO,202609W2,20260909.0,41100.0,Call,-,-,-,-,5880.0,-,-,0,0,0,0,-,-,-,-
TXO,202609W2,20260909.0,41100.0,Put,0.5,0.5,0.5,0.5,0.1,▲+0.2,▲+66.67%,0,5,5,28,-,0.6,112,0.5
TXO,202609W2,20260909.0,41200.0,Call,-,-,-,-,5780.0,-,-,0,0,0,0,-,-,-,-
TXO,202609W2,20260909.0,41200.0,Put,0.6,0.6,0.5,0.5,0.1,▲+0.2,▲+66.67%,0,11,11,53,-,0.6,120,0.5
TXO,202609W2,20260909.0,41300.0,Call,-,-,-,-,5680.0,-,-,0,0,0,0,-,-,-,-
TXO,202609W2,20260909.0,41300.0,Put,0.6,0.6,0.2,0.2,0.1,▼-0.1,▼-33.33%,0,16,16,52,-,0.6,104,0.2
TXO,202609W2,20260909.0,41400.0,Call,-,-,-,-,5580.0,-,-,0,0,0,0,-,-,-,-
TXO,202609W2,20260909.0,41400.0,Put,0.6,0.6,0.2,0.2,0.1,▼-0.1,▼-33.33%,0,36,36,23,-,0.6,139,0.2
TXO,202609W2,20260909.0,41500.0,Call,-,-,-,-,5480.0,-,-,0,0,0,0,-,-,-,-
TXO,202609W2,20260909.0,41500.0,Put,0.6,0.6,0.2,0.2,0.1,▼-0.1,▼-33.33%,2,63,65,183,-,0.6,140,0.2
TXO,202609W2,20260909.0,41600.0,Call,-,-,-,-,5380.0,-,-,0,0,0,0,-,-,-,-
TXO,202609W2,20260909.0,41600.0,Put,0.6,0.6,0.2,0.2,0.1,▼-0.2,▼-50.00%,6,72,78,22,-,0.6,72,0.2
TXO,202609W2,20260909.0,41700.0,Call,-,-,-,-,5280.0,-,-,0,0,0,0,-,-,-,-
TXO,202609W2,20260909.0,41700.0,Put,0.7,0.7,0.2,0.2,0.1,▼-0.2,▼-50.00%,2,65,67,83,-,0.6,80,0.2
TXO,202609W2,20260909.0,41800.0,Call,-,-,-,-,5180.0,-,-,0,0,0,0,-,-,-,-
TXO,202609W2,20260909.0,41800.0,Put,0.7,0.7,0.2,0.2,0.1,▼-0.3,▼-60.00%,7,25,32,35,-,0.6,49,0.2
TXO,202609W2,20260909.0,41900.0,Call,-,-,-,-,5080.0,-,-,0,0,0,0,-,-,-,-
TXO,202609W2,20260909.0,41900.0,Put,0.7,0.7,0.2,0.2,0.1,▼-0.3,▼-60.00%,5,36,41,26,-,0.6,120,0.2
TXO,202609W2,20260909.0,42000.0,Call,-,-,-,-,4980.0,-,-,0,0,0,0,-,-,-,-
TXO,202609W2,20260909.0,42000.0,Put,0.8,0.9,0.2,0.2,0.1,▼-0.4,▼-66.67%,13,49,62,481,-,0.6,200,0.2
TXO,202609W2,20260909.0,42100.0,Call,-,-,-,-,4880.0,-,-,0,0,0,0,-,-,-,-
TXO,202609W2,20260909.0,42100.0,Put,0.8,0.8,0.4,0.4,0.1,▼-0.2,▼-33.33%,1,6,7,32,-,0.6,203,0.4
TXO,202609W2,20260909.0,42200.0,Call,-,-,-,-,4780.0,-,-,0,0,0,0,-,-,-,-
TXO,202609W2,20260909.0,42200.0,Put,0.8,0.8,0.2,0.2,0.1,▼-0.4,▼-66.67%,2,12,14,249,-,0.6,139,0.2
TXO,202609W2,20260909.0,42300.0,Call,-,-,-,-,4680.0,-,-,0,0,0,0,-,-,-,-
TXO,202609W2,20260909.0,42300.0,Put,0.9,0.9,0.2,0.2,0.1,▼-0.4,▼-66.67%,1,9,10,45,-,0.6,154,0.2
TXO,202609W2,20260909.0,42400.0,Call,-,-,-,-,4580.0,-,-,0,0,0,0,-,-,-,-
TXO,202609W2,20260909.0,42400.0,Put,0.9,0.9,0.3,0.3,0.1,▼-0.4,▼-57.14%,11,16,27,24,-,0.6,79,0.3
TXO,202609W2,20260909.0,42500.0,Call,-,-,-,-,4480.0,-,-,0,0,0,0,-,-,3370,3370
TXO,202609W2,20260909.0,42500.0,Put,1.1,1.1,0.2,0.2,0.1,▼-0.6,▼-75.00%,2,12,14,132,-,1,144,0.2
TXO,202609W2,20260909.0,42600.0,Call,-,-,-,-,4380.0,-,-,0,0,0,0,11,-,-,-
TXO,202609W2,20260909.0,42600.0,Put,1.1,1.1,0.2,0.2,0.1,▼-0.7,▼-77.78%,9,9,18,136,0.1,22,208,0.2
TXO,202609W2,20260909.0,42700.0,Call,-,-,-,-,4280.0,-,-,0,0,0,0,0.3,-,-,-
TXO,202609W2,20260909.0,42700.0,Put,1.2,1.4,0.2,0.2,0.1,▼-0.7,▼-77.78%,0,23,23,34,-,0.2,37.5,0.2
TXO,202609W2,20260909.0,42800.0,Call,-,-,-,-,4180.0,-,-,0,0,0,0,0.3,-,-,-
TXO,202609W2,20260909.0,42800.0,Put,1.2,1.4,0.2,0.2,0.1,▼-0.8,▼-80.00%,1,60,61,112,0.1,10,146,0.2
TXO,202609W2,20260909.0,42900.0,Call,-,-,-,-,4080.0,-,-,0,0,0,0,0.3,-,-,-
TXO,202609W2,20260909.0,42900.0,Put,1.3,1.3,0.2,0.4,0.1,▼-0.6,▼-60.00%,11,14,25,173,-,12,242,0.2
TXO,202609W2,20260909.0,43000.0,Call,-,-,-,-,3980.0,-,-,0,0,0,0,112,-,-,-
TXO,202609W2,20260909.0,43000.0,Put,0.3,1.3,0.2,0.2,0.2,▼-0.9,▼-81.82%,48,27,75,218,-,2,207,0.2
TXO,202609W2,20260909.0,43100.0,Call,-,-,-,-,3880.0,-,-,0,0,0,0,0.3,-,-,-
TXO,202609W2,20260909.0,43100.0,Put,1.4,1.4,0.1,0.2,0.2,▼-1,▼-83.33%,1,33,34,59,-,3.9,167,0.1
TXO,202609W2,20260909.0,43200.0,Call,-,-,-,-,3780.0,-,-,0,0,0,0,0.3,-,-,-
TXO,202609W2,20260909.0,43200.0,Put,1.5,1.5,0.2,0.2,0.2,▼-1.1,▼-84.62%,0,54,54,71,-,62,251,0.2
TXO,202609W2,20260909.0,43300.0,Call,-,-,-,-,3680.0,-,-,0,0,0,0,0.3,-,-,-
TXO,202609W2,20260909.0,43300.0,Put,1.5,1.5,0.2,0.2,0.2,▼-1.2,▼-85.71%,3,12,15,148,-,18.5,175,0.2
TXO,202609W2,20260909.0,43400.0,Call,-,-,-,-,3580.0,-,-,0,0,0,1,0.3,-,3130,2480
TXO,202609W2,20260909.0,43400.0,Put,1.6,2.1,0.1,0.1,0.2,▼-1.6,▼-94.12%,3,38,41,76,0.1,9.9,160,0.1
TXO,202609W2,20260909.0,43500.0,Call,-,-,-,-,3480.0,-,-,0,0,0,0,112,-,-,-
TXO,202609W2,20260909.0,43500.0,Put,1.6,2.3,0.2,0.3,0.3,▼-1.4,▼-82.35%,7,79,86,185,0.2,18.5,422,0.2
TXO,202609W2,20260909.0,43600.0,Call,-,-,-,-,3380.0,-,-,0,0,0,0,0.3,-,2500,2200
TXO,202609W2,20260909.0,43600.0,Put,1.7,2.4,0.3,0.3,0.3,▼-1.5,▼-83.33%,12,27,39,306,0.2,22,459,0.3
TXO,202609W2,20260909.0,43700.0,Call,-,-,-,-,3280.0,-,-,0,0,0,1,0.2,-,2830,2830
TXO,202609W2,20260909.0,43700.0,Put,1.9,1.9,0.4,0.4,0.4,▼-1.5,▼-78.95%,6,10,16,126,0.3,17.5,229,0.4
TXO,202609W2,20260909.0,43800.0,Call,-,-,-,-,3180.0,-,-,11,0,11,11,2720,3640,3530,2600
TXO,202609W2,20260909.0,43800.0,Put,2,2.5,0.4,0.4,0.4,▼-1.7,▼-80.95%,22,19,41,130,0.3,2.5,237,0.4
TXO,202609W2,20260909.0,43850.0,Call,-,-,-,-,3130.0,-,-,0,0,0,0,0.3,-,-,-
TXO,202609W2,20260909.0,43850.0,Put,2.1,2.1,1,1,0.4,▼-1.2,▼-54.55%,8,105,113,122,-,2.1,96,1
TXO,202609W2,20260909.0,43900.0,Call,-,-,-,-,3080.0,-,-,0,0,0,0,0.3,-,-,-
TXO,202609W2,20260909.0,43900.0,Put,2.1,2.7,1,1,0.4,▼-1.3,▼-56.52%,4,169,173,316,-,1.1,196,1
TXO,202609W2,20260909.0,43950.0,Call,-,-,-,-,3030.0,-,-,0,0,0,0,0.3,-,-,-
TXO,202609W2,20260909.0,43950.0,Put,2.1,2.9,1,1,0.5,▼-1.4,▼-58.33%,0,209,209,189,0.4,1.2,196,1
TXO,202609W2,20260909.0,44000.0,Call,-,-,-,-,2980.0,-,-,0,0,0,0,112,-,-,-
TXO,202609W2,20260909.0,44000.0,Put,2.1,2.6,0.3,1,0.5,▼-1.6,▼-61.54%,397,777,1174,1529,0.3,1.1,530,0.3
TXO,202609W2,20260909.0,44050.0,Call,-,-,-,-,2930.0,-,-,0,0,0,0,0.2,-,1870,1870
TXO,202609W2,20260909.0,44050.0,Put,2.4,2.4,2.4,2.4,0.5,▼-0.2,▼-7.69%,3,6,9,70,-,3.9,121,2.4
TXO,202609W2,20260909.0,44100.0,Call,-,-,-,-,2880.0,-,-,0,0,0,1,0.2,-,2450,2450
TXO,202609W2,20260909.0,44100.0,Put,2.3,3,1,1,0.5,▼-1.7,▼-62.96%,21,82,103,216,-,38,204,1
TXO,202609W2,20260909.0,44150.0,Call,-,-,-,-,2830.0,-,-,0,0,0,1,0.2,-,1800,1800
TXO,202609W2,20260909.0,44150.0,Put,2.5,3,1.1,1.2,0.6,▼-1.6,▼-57.14%,3,25,28,60,-,24.5,129,1.1
TXO,202609W2,20260909.0,44200.0,Call,-,-,-,-,2780.0,-,-,0,0,0,1,0.2,-,2350,2350
TXO,202609W2,20260909.0,44200.0,Put,2.4,2.4,0.3,0.8,0.6,▼-2.2,▼-73.33%,6,42,48,127,-,2,249,0.3
TXO,202609W2,20260909.0,44250.0,Call,-,-,-,-,2730.0,-,-,0,0,0,0,0.2,-,-,-
TXO,202609W2,20260909.0,44250.0,Put,2.7,3.2,0.7,1.2,0.6,▼-1.9,▼-61.29%,14,32,46,68,0.3,24.5,450,0.7
TXO,202609W2,20260909.0,44300.0,Call,-,-,-,-,2680.0,-,-,0,0,0,0,0.2,-,2310,2000
TXO,202609W2,20260909.0,44300.0,Put,2.5,3.2,1.8,2.1,0.7,▼-1.2,▼-36.36%,21,16,37,428,0.2,5,259,1.8
TXO,202609W2,20260909.0,44350.0,Call,-,-,-,-,2630.0,-,-,0,0,0,0,0.2,-,-,-
TXO,202609W2,20260909.0,44350.0,Put,2.7,3.3,1.3,1.3,0.7,▼-2,▼-60.61%,4,27,31,97,-,3,120,1.3
TXO,202609W2,20260909.0,44400.0,Call,-,-,-,-,2580.0,-,-,0,0,0,0,5,-,1550,1550
TXO,202609W2,20260909.0,44400.0,Put,3,3.7,0.6,1.3,0.8,▼-2.3,▼-63.89%,114,32,146,344,0.5,99,293,0.6
TXO,202609W2,20260909.0,44450.0,Call,-,-,-,-,2530.0,-,-,0,0,0,0,5,-,-,-
TXO,202609W2,20260909.0,44450.0,Put,3.1,4,1.2,1.3,0.9,▼-2.4,▼-64.86%,7,17,24,51,-,4,452,1.2
TXO,202609W2,20260909.0,44500.0,Call,-,-,-,-,2480.0,-,-,0,0,0,0,112,-,-,-
TXO,202609W2,20260909.0,44500.0,Put,3,4.4,0.8,0.8,0.9,▼-3.1,▼-79.49%,17,72,89,301,0.6,1.8,720,0.8
TXO,202609W2,20260909.0,44550.0,Call,-,-,-,-,2430.0,-,-,0,0,0,0,30,-,-,-
TXO,202609W2,20260909.0,44550.0,Put,3,3.7,0.9,1.1,1.0,▼-3,▼-73.17%,7,16,23,86,0.3,9.8,505,0.9
TXO,202609W2,20260909.0,44600.0,Call,-,-,-,-,2380.0,-,-,0,0,0,0,5,-,1380,1380
TXO,202609W2,20260909.0,44600.0,Put,2.9,3.9,1,1,1.0,▼-3.5,▼-77.78%,47,50,97,227,0.8,5,775,1
TXO,202609W2,20260909.0,44650.0,Call,-,-,-,-,2330.0,-,-,0,0,0,0,0.2,-,2120,2120
TXO,202609W2,20260909.0,44650.0,Put,3,4.5,1.6,2.1,1.2,▼-2.4,▼-53.33%,16,33,49,224,0.3,5,356,1.6
TXO,202609W2,20260909.0,44700.0,Call,-,-,-,-,2280.0,-,-,0,0,0,0,0.2,-,1600,1300
TXO,202609W2,20260909.0,44700.0,Put,3.4,4.3,1.1,1.4,1.4,▼-3.4,▼-70.83%,27,68,95,260,1.3,4.3,380,1.1
TXO,202609W2,20260909.0,44750.0,Call,-,-,-,-,2230.0,-,-,0,0,0,0,0.2,-,2030,2030
TXO,202609W2,20260909.0,44750.0,Put,3,5.2,2,2,1.4,▼-3,▼-60.00%,28,33,61,135,0.3,3.6,247,2
TXO,202609W2,20260909.0,44800.0,Call,-,-,-,-,2180.0,-,-,0,0,0,400,1720,2640,1570,1460
TXO,202609W2,20260909.0,44800.0,Put,3.2,5.2,1.2,1.7,1.5,▼-3.4,▼-66.67%,46,169,215,285,1,4.7,305,1.2
TXO,202609W2,20260909.0,44850.0,Call,-,-,-,-,2130.0,-,-,0,0,0,0,10,-,1940,1080
TXO,202609W2,20260909.0,44850.0,Put,4.2,5.6,1.4,1.5,1.5,▼-4.3,▼-74.14%,19,97,116,89,0.5,4.3,256,1.4
TXO,202609W2,20260909.0,44900.0,Call,-,-,-,-,2080.0,-,-,0,0,0,1,1980,-,1900,1670
TXO,202609W2,20260909.0,44900.0,Put,5,5.5,1.2,1.8,1.8,▼-4,▼-68.97%,37,114,151,197,1,4,530,1.2
TXO,202609W2,20260909.0,44950.0,Call,-,-,-,-,2030.0,-,-,0,0,0,1,0.2,-,1900,1410
TXO,202609W2,20260909.0,44950.0,Put,4.7,6.3,2.1,2.1,1.8,▼-3.9,▼-65.00%,7,56,63,75,0.5,2.2,445,2.1
TXO,202609W2,20260909.0,45000.0,Call,-,-,-,-,1980.0,-,-,0,0,0,6,1480,2440,2050,970
TXO,202609W2,20260909.0,45000.0,Put,3,7.2,1.8,2.2,1.9,▼-4.4,▼-66.67%,283,580,863,1501,1.9,2.3,890,1.8
TXO,202609W2,20260909.0,45050.0,Call,-,-,-,-,1930.0,-,-,0,0,0,0,19,-,1760,1760
TXO,202609W2,20260909.0,45050.0,Put,4.6,6.5,1.9,2,2.0,▼-4.8,▼-70.59%,17,49,66,108,-,2.9,440,1.9
TXO,202609W2,20260909.0,45100.0,Call,-,-,-,-,1880.0,-,-,0,0,0,401,1420,2340,2110,905
TXO,202609W2,20260909.0,45100.0,Put,4.4,6.8,2.4,2.6,2.3,▼-4.5,▼-63.38%,76,82,158,284,2.1,2.8,406,2.4
TXO,202609W2,20260909.0,45150.0,Call,-,-,-,-,1830.0,-,-,0,0,0,0,5,-,1680,950
TXO,202609W2,20260909.0,45150.0,Put,5.4,7.5,3.1,3.3,2.5,▼-4.7,▼-58.75%,5,32,37,141,1.1,5,360,3.1
TXO,202609W2,20260909.0,45200.0,Call,-,-,-,-,1780.0,-,-,1,0,1,414,1280,2350,2000,815
TXO,202609W2,20260909.0,45200.0,Put,3.7,7.2,2.8,2.9,2.9,▼-5.3,▼-64.63%,34,320,354,444,2.7,13.5,695,2.8
TXO,202609W2,20260909.0,45250.0,Call,-,-,-,-,1730.0,-,-,0,0,0,1,19,-,1570,830
TXO,202609W2,20260909.0,45250.0,Put,2.5,7.2,2.5,3.4,2.9,▼-5.2,▼-60.47%,24,78,102,156,2.2,18.5,345,2.5
TXO,202609W2,20260909.0,45300.0,Call,-,-,-,-,1680.0,-,-,1,0,1,5,1220,2140,2020,830
TXO,202609W2,20260909.0,45300.0,Put,8,8.7,3,3.7,3.2,▼-5.6,▼-60.22%,47,553,600,590,3,17,585,3
TXO,202609W2,20260909.0,45350.0,Call,-,-,-,-,1630.0,-,-,0,0,0,5,1170,2090,1520,745
TXO,202609W2,20260909.0,45350.0,Put,5,8.3,3.4,3.4,3.4,▼-6.6,▼-66.00%,21,109,130,121,2,9.8,500,3.4
TXO,202609W2,20260909.0,45400.0,Call,-,-,-,-,1580.0,-,-,0,0,0,2,1120,2040,1460,700
TXO,202609W2,20260909.0,45400.0,Put,4.7,8.3,3.8,3.9,3.9,▼-6.1,▼-61.00%,84,462,546,646,3.1,9.9,417,3.8
TXO,202609W2,20260909.0,45450.0,Call,-,-,-,-,1540.0,-,-,0,0,0,8,1070,1990,1400,650
TXO,202609W2,20260909.0,45450.0,Put,6.8,9.6,3.9,4.3,4.3,▼-6.7,▼-60.91%,250,501,751,195,3.6,9.9,635,3.9
TXO,202609W2,20260909.0,45500.0,Call,-,-,-,-,1490.0,-,-,0,0,0,409,1020,1940,1830,640
TXO,202609W2,20260909.0,45500.0,Put,6.3,10,4,5,5.0,▼-7,▼-58.33%,322,760,1082,1191,4.3,5.9,800,4
TXO,202609W2,20260909.0,45550.0,Call,-,-,-,-,1440.0,-,-,0,0,0,10,975,1890,885,600
TXO,202609W2,20260909.0,45550.0,Put,6.8,11,4.8,5.5,5.5,▼-6.5,▼-54.17%,185,251,436,238,3,12.5,675,4.8
TXO,202609W2,20260909.0,45600.0,Call,-,-,-,-,1390.0,-,-,6,0,6,402,810,1950,1780,570
TXO,202609W2,20260909.0,45600.0,Put,8.7,12,5.1,6.3,5.5,▼-6.7,▼-51.54%,244,375,619,463,5.3,9,900,5.1
TXO,202609W2,20260909.0,45650.0,Call,-,-,-,-,1340.0,-,-,0,0,0,8,875,1790,1280,590
TXO,202609W2,20260909.0,45650.0,Put,9.6,13,5,6,6.0,▼-7.5,▼-55.56%,84,98,182,156,5.3,14,710,5
TXO,202609W2,20260909.0,45700.0,Call,-,-,-,-,1290.0,-,-,0,0,0,378,830,1740,1610,530
TXO,202609W2,20260909.0,45700.0,Put,8.5,13,4,6.9,6.9,▼-7.6,▼-52.41%,136,312,448,388,6,9.4,790,4
TXO,202609W2,20260909.0,45750.0,Call,-,-,-,-,1240.0,-,-,0,0,0,13,775,1690,1400,500
TXO,202609W2,20260909.0,45750.0,Put,7.4,13,6.8,8.7,7.5,▼-6.8,▼-43.87%,130,270,400,341,6,35.5,845,6.8
TXO,202609W2,20260909.0,45800.0,Call,-,-,-,-,1190.0,-,-,0,0,0,21,840,1640,1570,450
TXO,202609W2,20260909.0,45800.0,Put,10.5,16,7,10,8.5,▼-6,▼-37.50%,410,1561,1971,1656,5.5,10.5,770,7
TXO,202609W2,20260909.0,45850.0,Call,-,-,-,-,1140.0,-,-,1,0,1,52,645,1680,1480,430
TXO,202609W2,20260909.0,45850.0,Put,10.5,16.5,7.8,11,9.8,▼-7.5,▼-40.54%,75,301,376,195,3.5,13.5,890,7.8
TXO,202609W2,20260909.0,45900.0,Call,-,-,-,-,1090.0,-,-,4,0,4,23,510,1550,1520,396
TXO,202609W2,20260909.0,45900.0,Put,14,18,7.8,12,12.0,▼-7,▼-36.84%,269,2699,2968,2286,9.8,13.5,820,7.8
TXO,202609W2,20260909.0,45950.0,Call,-,-,-,-,1040.0,-,-,1,0,1,34,478,1580,1530,383
TXO,202609W2,20260909.0,45950.0,Put,12,19.5,8.4,14.5,14.5,▼-6,▼-29.27%,118,244,362,239,8.8,15.5,885,8.4
TXO,202609W2,20260909.0,46000.0,Call,1420,1420,960,960,995.0,▼-400,▼-29.41%,9,12,21,113,710,1560,1420,350
TXO,202609W2,20260909.0,46000.0,Put,16,22,9.5,16,16.0,▼-6.5,▼-28.89%,1062,2404,3466,3332,16,17,960,8.8
TXO,202609W2,20260909.0,46050.0,Call,1060,1440,910,930,945.0,▼-390,▼-29.55%,10,6,16,39,377,1400,1440,341
TXO,202609W2,20260909.0,46050.0,Put,14,22,10,16,16.0,▼-10.5,▼-39.62%,194,264,458,234,15.5,21,935,10
TXO,202609W2,20260909.0,46100.0,Call,1350,1410,955,955,900.0,▼-315,▼-24.80%,4,32,36,397,331,1370,1410,321
TXO,202609W2,20260909.0,46100.0,Put,17.5,25.5,10.5,21,21.0,▼-6,▼-22.22%,331,745,1076,720,19.5,22.5,900,10.5
TXO,202609W2,20260909.0,46150.0,Call,895,910,820,820,855.0,▼-400,▼-32.79%,0,3,3,56,396,1310,1220,305
TXO,202609W2,20260909.0,46150.0,Put,18,27.5,12,24.5,24.5,▼-4.5,▼-15.52%,205,497,702,278,24,28,810,12
TXO,202609W2,20260909.0,46200.0,Call,1150,1150,810,875,805.0,▼-295,▼-25.21%,0,59,59,155,298,1350,1200,278
TXO,202609W2,20260909.0,46200.0,Put,20.5,32.5,12,28,28.0,▼-3,▼-9.68%,828,1548,2376,1377,27.5,29,930,12
TXO,202609W2,20260909.0,46250.0,Call,1160,1200,725,730,760.0,▼-390,▼-34.82%,22,148,170,55,192,1330,1200,273
TXO,202609W2,20260909.0,46250.0,Put,23,37,13.5,31,31.0,▼-3,▼-8.82%,341,1385,1726,381,17,39.5,875,13.5
TXO,202609W2,20260909.0,46300.0,Call,1100,1160,685,685,715.0,▼-395,▼-36.57%,44,76,120,91,337,930,1160,240
TXO,202609W2,20260909.0,46300.0,Put,27.5,43,14.5,37.5,37.5,▲+1,▲+2.74%,1258,2070,3328,1523,31,40,975,14.5
TXO,202609W2,20260909.0,46350.0,Call,1120,1140,725,725,670.0,▼-305,▼-29.61%,11,27,38,49,113,1220,1140,210
TXO,202609W2,20260909.0,46350.0,Put,26,50,16,43.5,43.5,▲+3,▲+7.41%,621,1062,1683,523,17.5,54,1150,16
TXO,202609W2,20260909.0,46400.0,Call,1070,1070,635,635,635.0,▼-350,▼-35.53%,39,32,71,134,450,650,1070,215
TXO,202609W2,20260909.0,46400.0,Put,33.5,57,17,49.5,49.5,▲+5.5,▲+12.50%,964,3127,4091,1734,48.5,55,845,17
TXO,202609W2,20260909.0,46450.0,Call,1030,1030,710,745,585.0,▼-195,▼-20.74%,13,121,134,65,131,1100,1030,206
TXO,202609W2,20260909.0,46450.0,Put,35,66,18.5,57,57.0,▲+6,▲+11.76%,483,1305,1788,372,41,66,850,18.5
TXO,202609W2,20260909.0,46500.0,Call,920,1020,515,530,535.0,▼-360,▼-40.45%,52,235,287,326,525,1000,1020,184
TXO,202609W2,20260909.0,46500.0,Put,40,77,20.5,66,66.0,▲+13,▲+24.53%,1701,5117,6818,1925,64,70,970,20.5
TXO,202609W2,20260909.0,46550.0,Call,935,955,485,485,485.0,▼-365,▼-42.94%,3,74,77,90,460,1050,955,120
TXO,202609W2,20260909.0,46550.0,Put,36.5,87,23,70,70.0,▲+9,▲+14.75%,526,1503,2029,352,70,88,925,23
TXO,202609W2,20260909.0,46600.0,Call,820,930,429,470,470.0,▼-340,▼-41.98%,63,200,263,345,440,550,930,158
TXO,202609W2,20260909.0,46600.0,Put,49.5,102,25.5,96,80.0,▲+33,▲+52.38%,1012,4042,5054,1593,76,95,1130,25.5
TXO,202609W2,20260909.0,46650.0,Call,835,860,401,420,420.0,▼-345,▼-45.10%,1,37,38,72,70,1000,860,152
TXO,202609W2,20260909.0,46650.0,Put,50,112,28.5,100,100.0,▲+28,▲+38.89%,486,2002,2488,309,56,117,750,28.5
TXO,202609W2,20260909.0,46700.0,Call,745,785,360,374,374.0,▼-346,▼-48.06%,38,263,301,310,374,425,785,140
TXO,202609W2,20260909.0,46700.0,Put,63,130,31.5,115,115.0,▲+37,▲+47.44%,1442,4343,5785,1026,106,130,1000,31.5
TXO,202609W2,20260909.0,46750.0,Call,760,760,338,359,359.0,▼-336,▼-48.35%,41,135,176,79,67,930,760,144
TXO,202609W2,20260909.0,46750.0,Put,71,149,36,129,129.0,▲+39,▲+43.33%,991,2198,3189,300,118,137,920,36
TXO,202609W2,20260909.0,46800.0,Call,630,750,297,325,325.0,▼-320,▼-49.61%,111,690,801,382,315,333,750,122
TXO,202609W2,20260909.0,46800.0,Put,81,168,40.5,150,150.0,▲+54,▲+56.25%,1584,6016,7600,973,141,174,1000,40.5
TXO,202609W2,20260909.0,46850.0,Call,600,670,268,294,294.0,▼-306,▼-51.00%,23,276,299,79,66,845,670,95
TXO,202609W2,20260909.0,46850.0,Put,80,187,45.5,166,166.0,▲+60,▲+56.60%,658,2266,2924,235,164,175,1040,45.5
TXO,202609W2,20260909.0,46900.0,Call,570,660,240,264,264.0,▼-306,▼-53.68%,399,833,1232,440,249,275,660,100
TXO,202609W2,20260909.0,46900.0,Put,123,213,51,187,187.0,▲+69,▲+58.47%,1277,4440,5717,737,175,207,1140,51
TXO,202609W2,20260909.0,46950.0,Call,500,615,215,247,247.0,▼-278,▼-52.95%,59,608,667,117,222,250,615,98
TXO,202609W2,20260909.0,46950.0,Put,108,237,60,212,212.0,▲+78,▲+58.21%,756,2535,3291,391,196,235,700,60
TXO,202609W2,20260909.0,47000.0,Call,465,575,191,217,217.0,▼-288,▼-57.03%,763,4182,4945,1034,206,225,605,85
TXO,202609W2,20260909.0,47000.0,Put,135,261,65,236,236.0,▲+95,▲+67.38%,2771,10891,13662,1271,220,238,1330,65
TXO,202609W2,20260909.0,47050.0,Call,432,535,170,188,188.0,▼-267,▼-58.68%,110,674,784,250,170,193,705,80
TXO,202609W2,20260909.0,47050.0,Put,139,289,77,258,258.0,▲+99,▲+62.26%,514,2493,3007,297,200,280,940,77
TXO,202609W2,20260909.0,47100.0,Call,420,496,149,169,169.0,▼-256,▼-60.24%,518,2673,3191,854,158,174,520,72
TXO,202609W2,20260909.0,47100.0,Put,166,321,88,295,295.0,▲+121,▲+69.54%,1056,4838,5894,465,277,298,1080,88
TXO,202609W2,20260909.0,47150.0,Call,387,454,136,151,151.0,▼-244,▼-61.77%,184,1346,1530,473,148,153,481,69
TXO,202609W2,20260909.0,47150.0,Put,174,353,100,337,312.0,▲+139,▲+70.20%,895,2725,3620,372,260,500,815,100
TXO,202609W2,20260909.0,47200.0,Call,347,420,115,132,132.0,▼-240,▼-64.52%,775,4893,5668,1325,121,134,505,58
TXO,202609W2,20260909.0,47200.0,Put,184,389,112,348,348.0,▲+137,▲+64.93%,1122,7522,8644,1219,337,374,1420,112
TXO,202609W2,20260909.0,47250.0,Call,316,388,100,112,112.0,▼-230,▼-67.25%,377,2196,2573,527,105,120,417,55
TXO,202609W2,20260909.0,47250.0,Put,204,414,126,414,380.0,▲+187,▲+82.38%,364,2533,2897,206,100,414,815,126
TXO,202609W2,20260909.0,47300.0,Call,299,352,88,99,99.0,▼-215,▼-68.47%,1464,6317,7781,1209,92,100,409,50
TXO,202609W2,20260909.0,47300.0,Put,236,456,145,419,419.0,▲+159,▲+61.15%,1331,4527,5858,431,404,457,1490,145
TXO,202609W2,20260909.0,47350.0,Call,228,320,77,85,85.0,▼-202,▼-70.38%,750,3037,3787,579,78,95,361,49
TXO,202609W2,20260909.0,47350.0,Put,260,495,163,471,462.0,▲+194,▲+70.04%,468,2239,2707,179,159,485,850,163
TXO,202609W2,20260909.0,47400.0,Call,234,291,65,73,73.0,▼-187,▼-71.92%,1315,6346,7661,1039,74,75,468,41
TXO,202609W2,20260909.0,47400.0,Put,294,525,181,505,505.0,▲+205,▲+68.33%,564,2700,3264,211,488,515,1530,181
TXO,202609W2,20260909.0,47450.0,Call,229,263,56,62,62.0,▼-172,▼-73.50%,490,3195,3685,778,62,64,309,40.5
TXO,202609W2,20260909.0,47450.0,Put,319,565,204,530,530.0,▲+201,▲+61.09%,271,1132,1403,107,399,580,970,204
TXO,202609W2,20260909.0,47500.0,Call,196,239,48,53,53.0,▼-164,▼-75.58%,1949,9762,11711,2602,51,55,421,32.5
TXO,202609W2,20260909.0,47500.0,Put,344,605,228,600,575.0,▲+247,▲+69.97%,581,2976,3557,226,500,635,1200,228
TXO,202609W2,20260909.0,47550.0,Call,174,213,40,45.5,45.5,▼-148.5,▼-76.55%,665,2502,3167,591,45,47.5,260,28.5
TXO,202609W2,20260909.0,47550.0,Put,352,650,253,625,625.0,▲+230,▲+58.23%,179,759,938,73,361,1190,680,253
TXO,202609W2,20260909.0,47600.0,Call,161,194,34.5,38,38.0,▼-138,▼-78.41%,1214,5667,6881,1132,38,40,370,27
TXO,202609W2,20260909.0,47600.0,Put,364,700,279,655,655.0,▲+233,▲+55.21%,432,1031,1463,242,620,690,1210,279
TXO,202609W2,20260909.0,47650.0,Call,143,173,30,31,34.0,▼-123,▼-79.87%,541,2748,3289,363,25,34,404,25
TXO,202609W2,20260909.0,47650.0,Put,410,735,321,735,705.0,▲+272,▲+58.75%,64,278,342,39,255,1170,1850,321
TXO,202609W2,20260909.0,47700.0,Call,116,156,25,26.5,29.0,▼-114.5,▼-81.21%,1328,4950,6278,1157,27,29,391,23
TXO,202609W2,20260909.0,47700.0,Put,477,790,339,750,750.0,▲+262,▲+53.69%,110,530,640,58,287,1250,1430,339
TXO,202609W2,20260909.0,47750.0,Call,112,138,20.5,22,22.0,▼-90,▼-80.36%,941,2144,3085,366,22,23,182,19.5
TXO,202609W2,20260909.0,47750.0,Put,515,830,373,780,800.0,▲+250,▲+47.17%,17,130,147,30,345,1260,830,373
TXO,202609W2,20260909.0,47800.0,Call,100,123,17,19,19.0,▼-90,▼-82.57%,2212,6481,8693,1558,18,19.5,345,17
TXO,202609W2,20260909.0,47800.0,Put,498,875,406,870,845.0,▲+310,▲+55.36%,17,124,141,33,358,1300,1120,406
TXO,202609W2,20260909.0,47850.0,Call,78,109,15,15.5,15.5,▼-85.5,▼-84.65%,468,1792,2260,278,15,30,150,15
TXO,202609W2,20260909.0,47850.0,Put,595,925,453,900,890.0,▲+295,▲+48.76%,8,67,75,14,433,1460,970,453
TXO,202609W2,20260909.0,47900.0,Call,73,97,12.5,13.5,13.5,▼-76.5,▼-85.00%,1087,3547,4634,979,13,14,265,12.5
TXO,202609W2,20260909.0,47900.0,Put,635,970,480,970,935.0,▲+315,▲+48.09%,5,279,284,26,920,1510,2100,480
TXO,202609W2,20260909.0,47950.0,Call,62,84,11,11.5,11.5,▼-67.5,▼-85.44%,269,1306,1575,272,11,12,120,11
TXO,202609W2,20260909.0,47950.0,Put,645,970,575,970,980.0,▲+265,▲+37.59%,6,19,25,7,85,-,970,575
TXO,202609W2,20260909.0,48000.0,Call,58,75,9.4,9.9,9.9,▼-61.1,▼-86.06%,2153,6501,8654,2685,9,10,284,9.4
TXO,202609W2,20260909.0,48000.0,Put,660,1060,565,1020,1030.0,▲+310,▲+43.66%,28,137,165,25,463,1610,1520,565
TXO,202609W2,20260909.0,48050.0,Call,53,63,7.8,9,9.0,▼-53,▼-85.48%,237,1567,1804,689,7.5,12,100,7.8
TXO,202609W2,20260909.0,48050.0,Put,730,1020,600,1000,1080.0,▲+240,▲+31.58%,4,12,16,9,505,1580,1020,600
TXO,202609W2,20260909.0,48100.0,Call,43,57,6.2,7.2,7.2,▼-48.8,▼-87.14%,764,3653,4417,873,6.1,7.3,203,6.2
TXO,202609W2,20260909.0,48100.0,Put,750,1160,670,1160,1130.0,▲+350,▲+43.21%,7,27,34,12,510,1700,2280,670
TXO,202609W2,20260909.0,48150.0,Call,49.5,50,6,6.6,6.6,▼-42.9,▼-86.67%,393,907,1300,199,5.9,12.5,82,6
TXO,202609W2,20260909.0,48150.0,Put,760,960,745,960,1180.0,▲+105,▲+12.28%,2,15,17,11,720,1670,1510,745
TXO,202609W2,20260909.0,48200.0,Call,35,44,5.2,5.4,5.4,▼-36.6,▼-87.14%,806,2383,3189,945,5,5.5,222,5.2
TXO,202609W2,20260909.0,48200.0,Put,780,1020,780,930,1230.0,▲+35,▲+3.91%,1,11,12,22,655,1720,1980,780
TXO,202609W2,20260909.0,48250.0,Call,29.5,36.5,4.5,4.5,4.5,▼-31,▼-87.32%,359,762,1121,212,4.1,5,62,4.5
TXO,202609W2,20260909.0,48250.0,Put,845,975,845,975,1270.0,▲+35,▲+3.72%,0,9,9,13,820,1740,975,845
TXO,202609W2,20260909.0,48300.0,Call,25,32,2.6,4,4.0,▼-28,▼-87.50%,554,1652,2206,854,3,4.5,198,2.6
TXO,202609W2,20260909.0,48300.0,Put,895,1070,860,930,1320.0,▼-60,▼-6.06%,6,25,31,20,785,1790,1530,860
TXO,202609W2,20260909.0,48350.0,Call,22,28.5,0.4,0.4,3.9,▼-26.6,▼-98.52%,304,798,1102,406,0.4,9,50,0.4
TXO,202609W2,20260909.0,48350.0,Put,940,980,880,880,1370.0,▼-150,▼-14.56%,7,9,16,12,920,1870,1510,745
TXO,202609W2,20260909.0,48400.0,Call,21,23.5,3,3.2,3.2,▼-20.8,▼-86.67%,485,896,1381,665,2.1,3.4,163,3
TXO,202609W2,20260909.0,48400.0,Put,1020,1050,1000,1000,1420.0,▼-80,▼-7.41%,1,6,7,5,970,1920,1620,1000
TXO,202609W2,20260909.0,48450.0,Call,21,21,2.8,2.8,3.1,▼-19.2,▼-87.27%,0,168,168,73,1.3,3.4,21,2.8
TXO,202609W2,20260909.0,48450.0,Put,-,-,-,-,1470.0,-,-,0,0,0,0,1,-,-,-
TXO,202609W2,20260909.0,48500.0,Call,13.5,18,2.4,3,3.0,▼-16,▼-84.21%,739,1501,2240,955,2.1,3,145,2.4
TXO,202609W2,20260909.0,48500.0,Put,1080,1140,1000,1140,1520.0,▼-40,▼-3.39%,0,6,6,5,975,1980,1690,1000
TXO,202609W2,20260909.0,48550.0,Call,14,14.5,2.2,2.7,2.7,▼-13.3,▼-83.13%,0,130,130,49,0.6,2.5,14.5,2.2
TXO,202609W2,20260909.0,48550.0,Put,-,-,-,-,1570.0,-,-,0,0,0,0,1,-,-,-
TXO,202609W2,20260909.0,48600.0,Call,11.5,14,2,2,2.3,▼-12,▼-85.71%,387,604,991,486,1,2.5,111,1.2
TXO,202609W2,20260909.0,48600.0,Put,1150,1150,1150,1150,1620.0,▼-120,▼-9.45%,3,2,5,2,1070,2190,1810,1150
TXO,202609W2,20260909.0,48650.0,Call,12,12,2,2,2.0,▼-10.5,▼-84.00%,0,71,71,28,0.6,10,12,2
TXO,202609W2,20260909.0,48650.0,Put,-,-,-,-,1670.0,-,-,0,0,0,0,1,-,-,-
TXO,202609W2,20260909.0,48700.0,Call,10,10,1.7,2,2.0,▼-9,▼-81.82%,215,942,1157,601,1.6,12.5,108,1.7
TXO,202609W2,20260909.0,48700.0,Put,-,-,-,-,1720.0,-,-,0,0,0,2,1260,2180,1980,1410
TXO,202609W2,20260909.0,48800.0,Call,7,7.2,1.3,1.5,1.5,▼-7.3,▼-82.95%,245,993,1238,996,0.6,2,101,1.3
TXO,202609W2,20260909.0,48800.0,Put,-,-,-,-,1820.0,-,-,0,0,0,1,2.6,-,1560,1560
TXO,202609W2,20260909.0,48900.0,Call,6.8,6.8,1.1,1.1,1.1,▼-5.9,▼-84.29%,49,639,688,808,0.4,1.5,77,0.9
TXO,202609W2,20260909.0,48900.0,Put,-,-,-,-,1920.0,-,-,0,0,0,1,-,-,1610,1610
TXO,202609W2,20260909.0,49000.0,Call,4,5.6,0.9,1,1.0,▼-4.2,▼-80.77%,212,4000,4212,4118,0.9,1,77,0.9
TXO,202609W2,20260909.0,49000.0,Put,-,-,-,-,2020.0,-,-,0,0,0,1,0.1,-,1770,1770
TXO,202609W2,20260909.0,49100.0,Call,3.7,4.4,0.8,0.9,0.9,▼-3.6,▼-80.00%,54,327,381,612,0.6,0.9,78,0.7
TXO,202609W2,20260909.0,49100.0,Put,-,-,-,-,2120.0,-,-,0,0,0,1,-,-,1910,1910
TXO,202609W2,20260909.0,49200.0,Call,3.7,3.7,1.2,1.2,0.7,▼-2.6,▼-68.42%,96,123,219,271,0.2,1.2,69,1.2
TXO,202609W2,20260909.0,49200.0,Put,2170,2170,2170,2170,2220.0,▲+310,▲+16.67%,0,2,2,2,-,6590,2170,2170
TXO,202609W2,20260909.0,49300.0,Call,3.7,3.7,0.5,0.5,0.6,▼-2.9,▼-85.29%,23,66,89,247,0.2,34,45,0.5
TXO,202609W2,20260909.0,49300.0,Put,-,-,-,-,2320.0,-,-,0,0,0,0,2,-,-,-
TXO,202609W2,20260909.0,49400.0,Call,1.5,1.5,0.3,0.6,0.6,▼-2.3,▼-79.31%,24,92,116,148,-,29,45.5,0.3
TXO,202609W2,20260909.0,49400.0,Put,-,-,-,-,2420.0,-,-,0,0,0,0,2,-,-,-
TXO,202609W2,20260909.0,49500.0,Call,2.3,2.5,0.1,0.4,0.4,▼-2,▼-83.33%,52,185,237,521,-,24,50,0.1
TXO,202609W2,20260909.0,49500.0,Put,-,-,-,-,2520.0,-,-,0,0,0,0,2.2,-,-,-
TXO,202609W2,20260909.0,49600.0,Call,2,2,0.2,0.3,0.3,▼-1.8,▼-85.71%,6,55,61,41,-,18.5,48,0.2
TXO,202609W2,20260909.0,49600.0,Put,-,-,-,-,2620.0,-,-,0,0,0,0,-,-,-,-
TXO,202609W2,20260909.0,49700.0,Call,1.8,2.1,0.1,0.2,0.3,▼-1.6,▼-88.89%,64,81,145,65,-,570,41.5,0.1
TXO,202609W2,20260909.0,49700.0,Put,-,-,-,-,2720.0,-,-,0,0,0,0,-,-,-,-
TXO,202609W2,20260909.0,49800.0,Call,1.7,1.7,0.1,0.2,0.2,▼-1.3,▼-86.67%,107,53,160,104,-,50,28.5,0.1
TXO,202609W2,20260909.0,49800.0,Put,-,-,-,-,2820.0,-,-,0,0,0,1,-,-,3680,3680
TXO,202609W2,20260909.0,49900.0,Call,1.2,1.6,0.2,0.2,0.2,▼-1.1,▼-84.62%,48,59,107,47,-,451,46,0.2
TXO,202609W2,20260909.0,49900.0,Put,-,-,-,-,2920.0,-,-,0,0,0,1,-,-,3780,3780
TXO,202609W2,20260909.0,50000.0,Call,2,2.4,0.1,0.2,0.2,▼-0.8,▼-80.00%,39,78,117,2229,-,0.8,16,0.1
TXO,202609W2,20260909.0,50000.0,Put,-,-,-,-,3020.0,-,-,0,0,0,0,2.2,-,-,-
TXO,202609W2,20260909.0,50100.0,Call,1.2,1.5,1.1,1.3,0.2,▲+0.3,▲+30.00%,31,18,49,73,-,3.8,7.9,1
TXO,202609W2,20260909.0,50100.0,Put,-,-,-,-,3120.0,-,-,0,0,0,0,-,-,-,-
TXO,202609W2,20260909.0,50200.0,Call,1,1,1,1,0.2,▲+0.2,▲+25.00%,5,2,7,7,-,1,13.5,1
TXO,202609W2,20260909.0,50200.0,Put,-,-,-,-,3220.0,-,-,0,0,0,0,-,-,-,-
TXO,202609W2,20260909.0,50300.0,Call,1.1,1.1,1.1,1.1,0.2,▲+0.3,▲+37.50%,0,1,1,2,-,-,25.5,0.8
TXO,202609W2,20260909.0,50300.0,Put,-,-,-,-,3320.0,-,-,0,0,0,0,-,-,-,-
TXO,202609W2,20260909.0,50400.0,Call,1,1,1,1,0.2,▲+0.5,▲+100.00%,1,2,3,27,-,56,24,0.5
TXO,202609W2,20260909.0,50400.0,Put,-,-,-,-,3420.0,-,-,0,0,0,0,2.2,-,-,-
TXO,202609W2,20260909.0,50500.0,Call,-,-,-,-,0.2,-,-,0,0,0,80,-,570,22,0.5
TXO,202609W2,20260909.0,50500.0,Put,-,-,-,-,3520.0,-,-,0,0,0,0,2,-,-,-
TXO,202609W2,20260909.0,50600.0,Call,-,-,-,-,0.2,-,-,21,0,21,27,-,570,9.2,0.9
TXO,202609W2,20260909.0,50600.0,Put,-,-,-,-,3620.0,-,-,0,0,0,0,2,-,-,-
TXO,202609W2,20260909.0,50700.0,Call,-,-,-,-,0.2,-,-,0,0,0,1,-,98,0.3,0.3
TXO,202609W2,20260909.0,50700.0,Put,-,-,-,-,3720.0,-,-,0,0,0,0,2.2,-,-,-
TXO,202609W2,20260909.0,50800.0,Call,-,-,-,-,0.2,-,-,0,0,0,0,-,-,-,-
TXO,202609W2,20260909.0,50800.0,Put,-,-,-,-,3820.0,-,-,0,0,0,0,-,-,-,-
TXO,202609W2,20260909.0,50900.0,Call,-,-,-,-,0.2,-,-,5,0,5,5,-,-,1,1
TXO,202609W2,20260909.0,50900.0,Put,-,-,-,-,3920.0,-,-,0,0,0,0,-,-,-,-
TXO,202609W2,20260909.0,51000.0,Call,0.2,0.2,0.2,0.2,0.2,▼-0.1,▼-33.33%,0,12,12,934,-,55,6.6,0.2
TXO,202609W2,20260909.0,51000.0,Put,-,-,-,-,4020.0,-,-,0,0,0,0,-,-,-,-
TXO,202609W2,20260909.0,51100.0,Call,-,-,-,-,0.2,-,-,0,0,0,0,-,-,-,-
TXO,202609W2,20260909.0,51100.0,Put,-,-,-,-,4120.0,-,-,0,0,0,0,2,-,-,-
TXO,202609W2,20260909.0,51200.0,Call,-,-,-,-,0.2,-,-,0,0,0,0,-,-,-,-
TXO,202609W2,20260909.0,51200.0,Put,-,-,-,-,4220.0,-,-,0,0,0,0,2,-,-,-
TXO,202609W2,20260909.0,51300.0,Call,-,-,-,-,0.2,-,-,0,0,0,0,-,-,-,-
TXO,202609W2,20260909.0,51300.0,Put,-,-,-,-,4320.0,-,-,0,0,0,0,-,-,-,-
TXO,202609W2,20260909.0,51400.0,Call,-,-,-,-,0.2,-,-,0,0,0,10,-,57,0.7,0.7
TXO,202609W2,20260909.0,51400.0,Put,-,-,-,-,4420.0,-,-,0,0,0,0,2.2,-,-,-
TXO,202609W2,20260909.0,51500.0,Call,-,-,-,-,0.2,-,-,0,0,0,3,-,57,0.2,0.2
TXO,202609W2,20260909.0,51500.0,Put,-,-,-,-,4520.0,-,-,0,0,0,0,2,-,-,-
TXO,202609W2,20260909.0,51600.0,Call,-,-,-,-,0.2,-,-,0,0,0,0,-,-,-,-
TXO,202609W2,20260909.0,51600.0,Put,-,-,-,-,4620.0,-,-,0,0,0,0,-,-,-,-
TXO,202609W2,20260909.0,51700.0,Call,0.2,0.2,0.2,0.2,0.2,▲+0.1,-,0,4,4,1,-,570,3.8,0.2
TXO,202609W2,20260909.0,51700.0,Put,-,-,-,-,4720.0,-,-,0,0,0,0,-,-,-,-
TXO,202609W2,20260909.0,51800.0,Call,-,-,-,-,0.2,-,-,0,0,0,0,-,-,-,-
TXO,202609W2,20260909.0,51800.0,Put,-,-,-,-,4820.0,-,-,0,0,0,0,-,-,-,-
TXO,202609W2,20260909.0,51900.0,Call,-,-,-,-,0.1,-,-,0,0,0,0,-,-,-,-
TXO,202609W2,20260909.0,51900.0,Put,-,-,-,-,4920.0,-,-,0,0,0,0,-,-,-,-
TXO,202609W2,20260909.0,52000.0,Call,-,-,-,-,0.1,-,-,0,0,0,0,-,1,-,-
TXO,202609W2,20260909.0,52000.0,Put,-,-,-,-,5020.0,-,-,0,0,0,0,46,-,-,-
TXO,202609W2,20260909.0,52100.0,Call,-,-,-,-,0.1,-,-,0,0,0,0,-,1,-,-
TXO,202609W2,20260909.0,52100.0,Put,-,-,-,-,5120.0,-,-,0,0,0,0,-,-,-,-
TXO,202609F2,20260911.0,41200.0,Call,-,-,-,-,5750.0,-,-,0,0,0,0,-,5870,-,-
TXO,202609F2,20260911.0,41200.0,Put,3.2,3.2,3,3,3.0,▼-0.4,▼-11.76%,3,3,6,34,3.3,3.5,11.5,3
TXO,202609F2,20260911.0,41300.0,Call,-,-,-,-,5650.0,-,-,0,0,0,0,-,5770,-,-
TXO,202609F2,20260911.0,41300.0,Put,3.5,3.5,3.1,3.1,3.6,▼-0.8,▼-20.51%,5,4,9,99,3.5,4,49,3.1
TXO,202609F2,20260911.0,41400.0,Call,-,-,-,-,5550.0,-,-,0,0,0,0,-,5670,-,-
TXO,202609F2,20260911.0,41400.0,Put,3.6,3.6,3.6,3.6,3.6,▼-0.3,▼-7.69%,0,1,1,1,3.5,4,26,3.6
TXO,202609F2,20260911.0,41500.0,Call,-,-,-,-,5450.0,-,-,0,0,0,0,-,-,-,-
TXO,202609F2,20260911.0,41500.0,Put,3.8,3.8,3.8,3.8,3.8,▼-0.3,▼-7.32%,0,1,1,3,3.7,4.2,41.5,3.8
TXO,202609F2,20260911.0,41600.0,Call,-,-,-,-,5350.0,-,-,0,0,0,0,-,5470,-,-
TXO,202609F2,20260911.0,41600.0,Put,3.4,3.4,3.3,3.3,4.1,▼-0.9,▼-21.43%,3,2,5,15,3.8,4.4,51,3.3
TXO,202609F2,20260911.0,41700.0,Call,-,-,-,-,5250.0,-,-,0,0,0,0,-,-,-,-
TXO,202609F2,20260911.0,41700.0,Put,-,-,-,-,4.4,-,-,1,0,1,1,4.1,4.7,5.1,5.1
TXO,202609F2,20260911.0,41800.0,Call,-,-,-,-,5150.0,-,-,0,0,0,0,-,5270,-,-
TXO,202609F2,20260911.0,41800.0,Put,3.8,3.8,3.8,3.8,4.5,▼-0.9,▼-19.15%,1,1,2,12,4.2,4.8,58,3.8
TXO,202609F2,20260911.0,41900.0,Call,-,-,-,-,5050.0,-,-,0,0,0,0,-,5170,-,-
TXO,202609F2,20260911.0,41900.0,Put,-,-,-,-,4.7,-,-,0,0,0,1,4.4,5,47,47
TXO,202609F2,20260911.0,42000.0,Call,-,-,-,-,4950.0,-,-,0,0,0,0,-,-,-,-
TXO,202609F2,20260911.0,42000.0,Put,4.8,4.8,4,4.5,4.9,▼-0.5,▼-10.00%,4,10,14,15,4.3,106,50,4
TXO,202609F2,20260911.0,42100.0,Call,-,-,-,-,4850.0,-,-,0,0,0,0,-,-,-,-
TXO,202609F2,20260911.0,42100.0,Put,-,-,-,-,5.3,-,-,0,0,0,6,5,5.6,72,5.8
TXO,202609F2,20260911.0,42200.0,Call,-,-,-,-,4750.0,-,-,0,0,0,0,-,-,-,-
TXO,202609F2,20260911.0,42200.0,Put,-,-,-,-,5.4,-,-,5,0,5,22,3.8,106,69,5.6
TXO,202609F2,20260911.0,42300.0,Call,-,-,-,-,4650.0,-,-,0,0,0,0,-,-,-,-
TXO,202609F2,20260911.0,42300.0,Put,5.1,5.1,5,5,5.8,▼-0.8,▼-13.79%,1,2,3,8,0.4,-,41.5,5
TXO,202609F2,20260911.0,42400.0,Call,-,-,-,-,4560.0,-,-,0,0,0,0,-,-,-,-
TXO,202609F2,20260911.0,42400.0,Put,5,5.4,5,5.3,6.1,▼-0.8,▼-13.11%,2,4,6,7,1.1,15,52,5
TXO,202609F2,20260911.0,42500.0,Call,-,-,-,-,4460.0,-,-,0,0,0,0,-,-,-,-
TXO,202609F2,20260911.0,42500.0,Put,5.5,5.7,4.9,5.7,6.4,▼-0.7,▼-10.94%,3,6,9,27,0.5,7,88,4.9
TXO,202609F2,20260911.0,42600.0,Call,-,-,-,-,4360.0,-,-,0,0,0,0,-,-,-,-
TXO,202609F2,20260911.0,42600.0,Put,6,6,5.1,5.6,6.7,▼-1.1,▼-16.42%,0,10,10,21,0.4,99,95,5.1
TXO,202609F2,20260911.0,42700.0,Call,-,-,-,-,4260.0,-,-,0,0,0,0,0.2,4370,-,-
TXO,202609F2,20260911.0,42700.0,Put,5.3,5.6,5.3,5.6,6.8,▼-1.4,▼-20.00%,0,8,8,15,0.3,107,102,5.3
TXO,202609F2,20260911.0,42800.0,Call,-,-,-,-,4160.0,-,-,0,0,0,0,0.2,-,-,-
TXO,202609F2,20260911.0,42800.0,Put,-,-,-,-,7.4,-,-,5,0,5,45,1.2,16,108,7.6
TXO,202609F2,20260911.0,42900.0,Call,-,-,-,-,4060.0,-,-,0,0,0,0,0.2,4100,-,-
TXO,202609F2,20260911.0,42900.0,Put,6.2,6.2,6.2,6.2,7.5,▼-1.4,▼-18.42%,0,1,1,23,7.3,8.1,117,6.2
TXO,202609F2,20260911.0,43000.0,Call,-,-,-,-,3960.0,-,-,0,0,0,0,0.2,4070,-,-
TXO,202609F2,20260911.0,43000.0,Put,6.9,7.6,6.6,7.6,7.6,▼-0.4,▼-5.00%,2,6,8,27,1.1,8,126,6.6
TXO,202609F2,20260911.0,43100.0,Call,-,-,-,-,3860.0,-,-,0,0,0,0,0.2,-,-,-
TXO,202609F2,20260911.0,43100.0,Put,7.7,7.8,7.7,7.8,7.8,▼-0.6,▼-7.14%,1,8,9,14,4.4,109,136,7.7
TXO,202609F2,20260911.0,43200.0,Call,-,-,-,-,3760.0,-,-,0,0,0,0,0.2,3870,-,-
TXO,202609F2,20260911.0,43200.0,Put,7.1,7.1,7.1,7.1,9.0,▼-2.2,▼-23.66%,0,2,2,27,8.6,9.4,130,7.1
TXO,202609F2,20260911.0,43300.0,Call,-,-,-,-,3660.0,-,-,0,0,0,0,0.2,3770,-,-
TXO,202609F2,20260911.0,43300.0,Put,8.2,8.7,7.4,8.7,9.3,▼-1.3,▼-13.00%,0,5,5,9,8.9,9.7,80,7.4
TXO,202609F2,20260911.0,43400.0,Call,-,-,-,-,3560.0,-,-,0,0,0,0,0.2,-,-,-
TXO,202609F2,20260911.0,43400.0,Put,8.7,9.4,7.6,8.3,9.9,▼-2.2,▼-20.95%,5,10,15,27,9.4,10.5,163,7.6
TXO,202609F2,20260911.0,43500.0,Call,-,-,-,-,3460.0,-,-,0,0,0,0,0.2,3570,2440,2440
TXO,202609F2,20260911.0,43500.0,Put,10,10.5,9.9,10.5,10.5,0,0%,2,4,6,44,10,11,147,9.9
TXO,202609F2,20260911.0,43600.0,Call,-,-,-,-,3360.0,-,-,0,0,0,0,0.2,3470,-,-
TXO,202609F2,20260911.0,43600.0,Put,8.5,8.9,8.5,8.9,11.0,▼-2.1,▼-19.09%,3,3,6,8,10.5,11.5,164,8.5
TXO,202609F2,20260911.0,43700.0,Call,-,-,-,-,3260.0,-,-,0,0,0,0,0.2,-,-,-
TXO,202609F2,20260911.0,43700.0,Put,10.5,10.5,10.5,10.5,11.5,▼-1,▼-8.70%,0,4,4,19,11,12.5,208,10.5
TXO,202609F2,20260911.0,43800.0,Call,-,-,-,-,3160.0,-,-,0,0,0,0,0.2,3270,-,-
TXO,202609F2,20260911.0,43800.0,Put,11.5,12,9.5,12,12.0,▼-1,▼-7.69%,9,22,31,13,0.6,-,181,9.5
TXO,202609F2,20260911.0,43900.0,Call,-,-,-,-,3060.0,-,-,0,0,0,0,0.2,3100,-,-
TXO,202609F2,20260911.0,43900.0,Put,11,11,11,11,13.5,▼-2,▼-15.38%,0,3,3,22,13,14,174,11
TXO,202609F2,20260911.0,44000.0,Call,-,-,-,-,2960.0,-,-,0,0,0,0,0.2,3070,-,-
TXO,202609F2,20260911.0,44000.0,Put,13,14.5,10.5,14.5,14.5,▲+1,▲+7.41%,11,30,41,49,5,-,257,10.5
TXO,202609F2,20260911.0,44100.0,Call,-,-,-,-,2860.0,-,-,0,0,0,0,0.2,-,-,-
TXO,202609F2,20260911.0,44100.0,Put,-,-,-,-,15.0,-,-,1,0,1,29,14.5,15.5,246,15
TXO,202609F2,20260911.0,44200.0,Call,-,-,-,-,2770.0,-,-,0,0,0,0,0.2,2870,-,-
TXO,202609F2,20260911.0,44200.0,Put,12,12,12,12,16.0,▼-4,▼-25.00%,0,1,1,23,15.5,16.5,163,12
TXO,202609F2,20260911.0,44300.0,Call,-,-,-,-,2670.0,-,-,0,0,0,0,0.2,2700,-,-
TXO,202609F2,20260911.0,44300.0,Put,14.5,14.5,13,14.5,17.5,▼-2.5,▼-14.71%,44,5,49,94,12,-,264,13
TXO,202609F2,20260911.0,44400.0,Call,-,-,-,-,2570.0,-,-,0,0,0,0,0.2,2670,-,-
TXO,202609F2,20260911.0,44400.0,Put,13.5,16,13.5,14.5,18.5,▼-5,▼-25.64%,0,8,8,20,18,19,250,13.5
TXO,202609F2,20260911.0,44500.0,Call,-,-,-,-,2470.0,-,-,0,0,0,0,0.2,2580,-,-
TXO,202609F2,20260911.0,44500.0,Put,12,20,12,19.5,19.5,0,0%,20,27,47,54,19.5,20.5,325,12
TXO,202609F2,20260911.0,44550.0,Call,-,-,-,-,2420.0,-,-,0,0,0,0,0.2,2530,-,-
TXO,202609F2,20260911.0,44550.0,Put,-,-,-,-,21.0,-,-,0,0,0,4,20.5,21.5,64,50
TXO,202609F2,20260911.0,44600.0,Call,-,-,-,-,2370.0,-,-,0,0,0,0,0.2,-,-,-
TXO,202609F2,20260911.0,44600.0,Put,16,18.5,16,18.5,22.0,▼-2.5,▼-11.90%,3,2,5,12,21.5,22.5,239,16
TXO,202609F2,20260911.0,44650.0,Call,-,-,-,-,2320.0,-,-,0,0,0,0,0.2,2430,-,-
TXO,202609F2,20260911.0,44650.0,Put,20,20,17.5,17.5,23.0,▼-4,▼-18.60%,0,2,2,1,0.5,-,201,17.5
TXO,202609F2,20260911.0,44700.0,Call,-,-,-,-,2270.0,-,-,0,0,0,0,0.2,2380,-,-
TXO,202609F2,20260911.0,44700.0,Put,20.5,20.5,19,20.5,23.5,▼-2,▼-8.89%,1,14,15,12,0.6,-,366,19
TXO,202609F2,20260911.0,44750.0,Call,-,-,-,-,2220.0,-,-,0,0,0,0,0.2,-,-,-
TXO,202609F2,20260911.0,44750.0,Put,21.5,24,21.5,24,24.0,▲+0.5,▲+2.13%,0,2,2,2,1.1,-,203,21.5
TXO,202609F2,20260911.0,44800.0,Call,-,-,-,-,2180.0,-,-,0,0,0,0,0.2,2280,2070,2070
TXO,202609F2,20260911.0,44800.0,Put,20,26,20,26,26.0,▲+0.5,▲+1.96%,0,15,15,31,25.5,27,308,20
TXO,202609F2,20260911.0,44850.0,Call,-,-,-,-,2130.0,-,-,0,0,0,0,0.2,-,1170,1170
TXO,202609F2,20260911.0,44850.0,Put,19.5,21,19.5,21,27.5,▼-4.5,▼-17.65%,0,2,2,7,27,28,272,19.5
TXO,202609F2,20260911.0,44900.0,Call,-,-,-,-,2080.0,-,-,0,0,0,0,0.2,2110,-,-
TXO,202609F2,20260911.0,44900.0,Put,20.5,20.5,20.5,20.5,29.0,▼-6,▼-22.64%,1,3,4,9,28.5,29.5,306,20.5
TXO,202609F2,20260911.0,44950.0,Call,-,-,-,-,2030.0,-,-,0,0,0,0,0.2,-,-,-
TXO,202609F2,20260911.0,44950.0,Put,21,23.5,21,23.5,30.5,▼-4.5,▼-16.07%,2,3,5,13,30,31,390,21
TXO,202609F2,20260911.0,45000.0,Call,-,-,-,-,1980.0,-,-,5,0,5,351,2.3,2080,2310,1670
TXO,202609F2,20260911.0,45000.0,Put,36,36,21.5,32.5,32.5,▲+2.5,▲+8.33%,14,127,141,256,31.5,33,490,21.5
TXO,202609F2,20260911.0,45050.0,Call,-,-,-,-,1930.0,-,-,0,0,0,0,0.2,2040,1860,1860
TXO,202609F2,20260911.0,45050.0,Put,-,-,-,-,33.5,-,-,1,0,1,1,18.5,122,359,35
TXO,202609F2,20260911.0,45100.0,Call,-,-,-,-,1890.0,-,-,0,0,0,0,0.2,1990,1820,1820
TXO,202609F2,20260911.0,45100.0,Put,26,36.5,26,36.5,36.5,▲+5,▲+15.87%,1,9,10,14,4,-,342,26
TXO,202609F2,20260911.0,45150.0,Call,-,-,-,-,1840.0,-,-,0,0,0,0,0.2,1940,2150,995
TXO,202609F2,20260911.0,45150.0,Put,26.5,28,26.5,28,37.5,▼-5,▼-15.15%,1,3,4,2,37,38.5,39,26.5
TXO,202609F2,20260911.0,45200.0,Call,-,-,-,-,1790.0,-,-,0,0,0,1,0.2,1890,1200,955
TXO,202609F2,20260911.0,45200.0,Put,27,39.5,25,38,38.0,▲+3.5,▲+10.14%,5,27,32,46,39,40.5,500,25
TXO,202609F2,20260911.0,45250.0,Call,-,-,-,-,1740.0,-,-,0,0,0,0,0.2,1840,-,-
TXO,202609F2,20260911.0,45250.0,Put,34.5,42.5,26,42.5,42.5,▲+6,▲+16.44%,1,10,11,6,41.5,43,362,26
TXO,202609F2,20260911.0,45300.0,Call,-,-,-,-,1690.0,-,-,0,0,0,2,0.2,1800,1210,995
TXO,202609F2,20260911.0,45300.0,Put,29.5,45,29.5,45,45.0,▲+7,▲+18.42%,0,6,6,12,20,-,381,29.5
TXO,202609F2,20260911.0,45350.0,Call,-,-,-,-,1650.0,-,-,0,0,0,0,0.2,1750,1620,1620
TXO,202609F2,20260911.0,45350.0,Put,35,41.5,29.5,41.5,47.5,0,0%,2,8,10,7,46.5,48.5,245,29.5
TXO,202609F2,20260911.0,45400.0,Call,-,-,-,-,1600.0,-,-,0,0,0,371,1510,1720,1910,1000
TXO,202609F2,20260911.0,45400.0,Put,34,45.5,31,45.5,50.0,▲+2.5,▲+5.81%,0,10,10,150,49,51,271,31
TXO,202609F2,20260911.0,45450.0,Call,-,-,-,-,1550.0,-,-,0,0,0,0,1330,-,-,-
TXO,202609F2,20260911.0,45450.0,Put,43.5,45.5,38,45.5,54.0,▲+1,▲+2.25%,1,5,6,4,53,55,197,38
TXO,202609F2,20260911.0,45500.0,Call,-,-,-,-,1510.0,-,-,0,0,0,1,1280,1540,875,875
TXO,202609F2,20260911.0,45500.0,Put,37,53,33,52,57.0,▲+3.5,▲+7.22%,5,39,44,66,20,62,510,33
TXO,202609F2,20260911.0,45550.0,Call,-,-,-,-,1460.0,-,-,0,0,0,0,0.3,1560,1410,1410
TXO,202609F2,20260911.0,45550.0,Put,42,59,42,59,59.0,▲+8,▲+15.69%,1,4,5,5,12,141,174,42
TXO,202609F2,20260911.0,45600.0,Call,-,-,-,-,1420.0,-,-,0,0,0,1,1190,1510,1430,730
TXO,202609F2,20260911.0,45600.0,Put,53,66,43.5,66,66.0,▲+13,▲+24.53%,4,14,18,29,64,67,457,43.5
TXO,202609F2,20260911.0,45650.0,Call,-,-,-,-,1370.0,-,-,0,0,0,1,1230,1470,785,705
TXO,202609F2,20260911.0,45650.0,Put,47.5,72,42,72,72.0,▲+17,▲+30.91%,1,7,8,8,3.1,-,236,42
TXO,202609F2,20260911.0,45700.0,Call,-,-,-,-,1320.0,-,-,0,0,0,304,1090,1420,1630,695
TXO,202609F2,20260911.0,45700.0,Put,44,75,41,73,73.0,▲+15,▲+25.86%,4,40,44,74,43.5,134,740,41
TXO,202609F2,20260911.0,45750.0,Call,-,-,-,-,1280.0,-,-,0,0,0,0,1050,1370,1240,635
TXO,202609F2,20260911.0,45750.0,Put,62,63,62,63,79.0,▼-1,▼-1.56%,0,2,2,2,78,81,349,62
TXO,202609F2,20260911.0,45800.0,Call,-,-,-,-,1240.0,-,-,0,0,0,3,1130,1330,1240,550
TXO,202609F2,20260911.0,45800.0,Put,53,91,48,91,91.0,▲+25,▲+37.88%,37,144,181,128,85,87,665,48
TXO,202609F2,20260911.0,45850.0,Call,-,-,-,-,1190.0,-,-,0,0,0,3,0.2,1220,1160,615
TXO,202609F2,20260911.0,45850.0,Put,70,92,70,92,92.0,▲+23,▲+33.33%,2,3,5,3,89,93,410,70
TXO,202609F2,20260911.0,45900.0,Call,-,-,-,-,1150.0,-,-,0,0,0,3,0.3,1180,1120,570
TXO,202609F2,20260911.0,45900.0,Put,56,100,54,93,93.0,▲+20,▲+27.40%,1,20,21,37,97,100,720,54
TXO,202609F2,20260911.0,45950.0,Call,-,-,-,-,1100.0,-,-,1,0,1,8,990,-,1450,905
TXO,202609F2,20260911.0,45950.0,Put,80,92,57,92,105.0,▲+14,▲+17.95%,1,7,8,11,3.8,211,442,57
TXO,202609F2,20260911.0,46000.0,Call,-,-,-,-,1060.0,-,-,0,0,0,27,55,1090,1040,505
TXO,202609F2,20260911.0,46000.0,Put,68,118,59,115,115.0,▲+31,▲+36.90%,42,136,178,115,111,115,760,59
TXO,202609F2,20260911.0,46050.0,Call,-,-,-,-,1020.0,-,-,0,0,0,15,950,1050,1000,525
TXO,202609F2,20260911.0,46050.0,Put,70,100,67,100,122.0,▲+12,▲+13.64%,1,5,6,17,58,221,710,67
TXO,202609F2,20260911.0,46100.0,Call,-,-,-,-,980.0,-,-,0,0,0,11,875,1020,815,505
TXO,202609F2,20260911.0,46100.0,Put,93,134,87,132,132.0,▲+34,▲+34.69%,8,105,113,102,50,-,665,87
TXO,202609F2,20260911.0,46150.0,Call,-,-,-,-,940.0,-,-,0,0,0,14,0.2,990,785,500
TXO,202609F2,20260911.0,46150.0,Put,102,145,75,145,145.0,▲+45,▲+45.00%,1,16,17,27,100,232,790,75
TXO,202609F2,20260911.0,46200.0,Call,940,940,940,940,900.0,▼-340,▼-26.56%,0,1,1,22,855,-,940,515
TXO,202609F2,20260911.0,46200.0,Put,108,150,80,150,150.0,▲+44,▲+41.51%,4,26,30,174,62,-,730,80
TXO,202609F2,20260911.0,46250.0,Call,-,-,-,-,860.0,-,-,1,0,1,2,765,915,1190,454
TXO,202609F2,20260911.0,46250.0,Put,105,153,87,153,153.0,▲+39,▲+34.21%,4,15,19,10,10.5,2500,555,87
TXO,202609F2,20260911.0,46300.0,Call,-,-,-,-,825.0,-,-,6,0,6,6,1.2,875,1210,405
TXO,202609F2,20260911.0,46300.0,Put,125,169,88,169,169.0,▲+47,▲+38.52%,9,53,62,31,108,-,765,88
TXO,202609F2,20260911.0,46350.0,Call,-,-,-,-,785.0,-,-,0,0,0,0,670,-,915,575
TXO,202609F2,20260911.0,46350.0,Put,104,179,101,179,179.0,▲+42,▲+30.66%,0,5,5,16,13.5,-,448,101
TXO,202609F2,20260911.0,46400.0,Call,-,-,-,-,750.0,-,-,0,0,0,4,655,870,950,399
TXO,202609F2,20260911.0,46400.0,Put,168,196,114,196,196.0,▲+53,▲+37.06%,6,21,27,18,5.1,-,700,114
TXO,202609F2,20260911.0,46450.0,Call,755,755,755,755,715.0,▼-315,▼-29.44%,0,1,1,0,705,720,755,384
TXO,202609F2,20260911.0,46450.0,Put,157,200,141,200,216.0,▲+52,▲+35.14%,1,15,16,10,110,-,496,141
TXO,202609F2,20260911.0,46500.0,Call,680,680,680,680,680.0,▼-350,▼-33.98%,0,1,1,7,670,685,815,319
TXO,202609F2,20260911.0,46500.0,Put,136,235,120,232,232.0,▲+66,▲+39.76%,31,99,130,87,68,-,965,120
TXO,202609F2,20260911.0,46550.0,Call,-,-,-,-,645.0,-,-,0,0,0,2,640,650,760,510
TXO,202609F2,20260911.0,46550.0,Put,159,221,159,221,245.0,▲+52,▲+30.77%,3,16,19,20,243,248,1130,159
TXO,202609F2,20260911.0,46600.0,Call,660,660,660,660,610.0,▼-295,▼-30.89%,0,1,1,5,605,615,895,325
TXO,202609F2,20260911.0,46600.0,Put,186,268,141,266,266.0,▲+91,▲+52.00%,11,29,40,22,187,-,960,141
TXO,202609F2,20260911.0,46650.0,Call,785,785,785,785,575.0,▼-130,▼-14.21%,0,2,2,2,488,-,785,470
TXO,202609F2,20260911.0,46650.0,Put,200,284,162,284,284.0,▲+99,▲+53.51%,2,14,16,13,189,-,700,162
TXO,202609F2,20260911.0,46700.0,Call,740,740,540,540,540.0,▼-340,▼-38.64%,1,3,4,5,540,550,845,202
TXO,202609F2,20260911.0,46700.0,Put,175,306,161,306,306.0,▲+94,▲+44.34%,1,11,12,10,203,456,1080,161
TXO,202609F2,20260911.0,46750.0,Call,665,665,665,665,510.0,▼-180,▼-21.30%,3,3,6,10,1.2,595,790,309
TXO,202609F2,20260911.0,46750.0,Put,188,316,188,311,311.0,▲+92,▲+42.01%,0,9,9,6,227,-,1040,188
TXO,202609F2,20260911.0,46800.0,Call,670,670,510,510,482.0,▼-290,▼-36.25%,4,7,11,11,30.5,585,800,220
TXO,202609F2,20260911.0,46800.0,Put,200,316,188,316,316.0,▲+83,▲+35.62%,7,27,34,24,217,560,760,188
TXO,202609F2,20260911.0,46850.0,Call,645,645,540,540,455.0,▼-235,▼-30.32%,0,3,3,2,455,462,745,367
TXO,202609F2,20260911.0,46850.0,Put,213,268,213,246,355.0,▼-7,▼-2.77%,0,6,6,7,221,700,770,213
TXO,202609F2,20260911.0,46900.0,Call,670,710,437,437,437.0,▼-298,▼-40.54%,1,17,18,15,400,-,720,240
TXO,202609F2,20260911.0,46900.0,Put,229,390,210,374,374.0,▲+111,▲+42.21%,4,114,118,100,298,493,880,210
TXO,202609F2,20260911.0,46950.0,Call,580,580,434,444,402.0,▼-261,▼-37.02%,1,5,6,8,290,479,625,314
TXO,202609F2,20260911.0,46950.0,Put,243,420,221,420,420.0,▲+138,▲+48.94%,2,11,13,7,305,494,650,221
TXO,202609F2,20260911.0,47000.0,Call,560,685,370,370,370.0,▼-305,▼-45.19%,2,15,17,16,360,483,780,190
TXO,202609F2,20260911.0,47000.0,Put,259,448,241,448,448.0,▲+149,▲+49.83%,17,55,72,46,208,550,1270,241
TXO,202609F2,20260911.0,47050.0,Call,-,-,-,-,354.0,-,-,3,0,3,4,9.9,-,610,170
TXO,202609F2,20260911.0,47050.0,Put,-,-,-,-,454.0,-,-,0,0,0,1,306,550,1200,294
TXO,202609F2,20260911.0,47100.0,Call,650,655,320,320,320.0,▼-290,▼-47.54%,7,39,46,24,310,685,700,159
TXO,202609F2,20260911.0,47100.0,Put,294,485,294,484,484.0,▲+134,▲+38.29%,7,22,29,14,408,800,1000,294
TXO,202609F2,20260911.0,47150.0,Call,456,457,358,358,309.0,▼-222,▼-38.28%,1,6,7,11,213,411,510,168
TXO,202609F2,20260911.0,47150.0,Put,314,505,312,505,505.0,▲+148,▲+41.46%,0,13,13,7,505,515,540,312
TXO,202609F2,20260911.0,47200.0,Call,585,585,280,280,280.0,▼-270,▼-49.09%,9,33,42,26,268,-,585,160
TXO,202609F2,20260911.0,47200.0,Put,300,560,300,560,545.0,▲+184,▲+48.94%,3,18,21,15,535,545,1080,300
TXO,202609F2,20260911.0,47250.0,Call,404,413,268,276,276.0,▼-244,▼-46.92%,0,26,26,11,176,580,545,152
TXO,202609F2,20260911.0,47250.0,Put,354,550,352,550,570.0,▲+152,▲+38.19%,2,24,26,11,565,575,1340,352
TXO,202609F2,20260911.0,47300.0,Call,387,426,249,249,249.0,▼-246,▼-49.70%,2,29,31,20,235,256,535,127
TXO,202609F2,20260911.0,47300.0,Put,374,575,361,575,600.0,▲+138,▲+31.58%,4,15,19,11,595,605,995,361
TXO,202609F2,20260911.0,47350.0,Call,510,510,262,262,232.0,▼-206,▼-44.02%,16,24,40,23,122,-,510,119
TXO,202609F2,20260911.0,47350.0,Put,398,467,396,457,630.0,▲+13,▲+2.93%,2,13,15,7,570,720,480,396
TXO,202609F2,20260911.0,47400.0,Call,377,390,220,220,220.0,▼-215,▼-49.43%,4,43,47,27,106,-,466,120
TXO,202609F2,20260911.0,47400.0,Put,420,625,395,625,665.0,▲+156,▲+33.26%,5,38,43,29,585,-,995,395
TXO,202609F2,20260911.0,47450.0,Call,323,323,268,286,200.0,▼-132,▼-31.58%,4,12,16,7,124,-,394,200
TXO,202609F2,20260911.0,47450.0,Put,443,530,430,530,700.0,▲+36,▲+7.29%,0,21,21,14,3.8,750,530,430
TXO,202609F2,20260911.0,47500.0,Call,408,425,175,182,182.0,▼-210,▼-53.57%,24,63,87,39,95,199,600,106
TXO,202609F2,20260911.0,47500.0,Put,472,680,446,680,735.0,▲+170,▲+33.33%,3,14,17,15,650,760,1050,446
TXO,202609F2,20260911.0,47550.0,Call,408,408,174,174,174.0,▼-208,▼-54.45%,3,33,36,8,64,202,408,88
TXO,202609F2,20260911.0,47550.0,Put,-,-,-,-,770.0,-,-,0,0,0,1,690,870,605,605
TXO,202609F2,20260911.0,47600.0,Call,270,350,156,156,156.0,▼-194,▼-55.43%,9,27,36,31,18.5,200,350,88
TXO,202609F2,20260911.0,47600.0,Put,-,-,-,-,805.0,-,-,0,0,0,1,725,-,1050,615
TXO,202609F2,20260911.0,47650.0,Call,275,275,140,143,143.0,▼-167,▼-53.87%,1,4,5,4,142,146,360,88
TXO,202609F2,20260911.0,47650.0,Put,-,-,-,-,845.0,-,-,0,0,0,0,1.2,-,-,-
TXO,202609F2,20260911.0,47700.0,Call,275,314,125,125,125.0,▼-175,▼-58.33%,15,34,49,24,120,-,343,72
TXO,202609F2,20260911.0,47700.0,Put,-,-,-,-,885.0,-,-,0,0,0,1,1.2,990,1150,820
TXO,202609F2,20260911.0,47750.0,Call,-,-,-,-,122.0,-,-,0,0,0,3,2.4,238,210,165
TXO,202609F2,20260911.0,47750.0,Put,-,-,-,-,920.0,-,-,0,0,0,0,700,-,-,-
TXO,202609F2,20260911.0,47800.0,Call,285,285,106,106,106.0,▼-155,▼-59.39%,7,121,128,89,109,113,326,59
TXO,202609F2,20260911.0,47800.0,Put,665,760,665,760,960.0,▲+50,▲+7.04%,8,6,14,1,750,-,995,665
TXO,202609F2,20260911.0,47850.0,Call,185,260,104,104,104.0,▼-150,▼-59.06%,5,7,12,7,100,103,260,71
TXO,202609F2,20260911.0,47850.0,Put,-,-,-,-,1000.0,-,-,0,0,0,0,975,-,2050,2050
TXO,202609F2,20260911.0,47900.0,Call,184,199,95,95,95.0,▼-137,▼-59.05%,8,37,45,20,91,94,240,83
TXO,202609F2,20260911.0,47900.0,Put,850,850,850,850,1040.0,▲+85,▲+11.11%,0,1,1,2,1.2,-,1000,850
TXO,202609F2,20260911.0,47950.0,Call,222,222,110,110,85.0,▼-112,▼-50.45%,0,3,3,1,83,87,222,52
TXO,202609F2,20260911.0,47950.0,Put,-,-,-,-,1080.0,-,-,0,0,0,0,1060,-,-,-
TXO,202609F2,20260911.0,48000.0,Call,223,223,75,80,80.0,▼-125,▼-60.98%,14,141,155,120,72,78,314,47
TXO,202609F2,20260911.0,48000.0,Put,-,-,-,-,1120.0,-,-,4,0,4,1,1.2,-,1400,890
TXO,202609F2,20260911.0,48050.0,Call,145,145,72,72,72.0,▼-108,▼-60.00%,3,15,18,14,68,71,202,43
TXO,202609F2,20260911.0,48050.0,Put,-,-,-,-,1170.0,-,-,0,0,0,0,995,-,-,-
TXO,202609F2,20260911.0,48100.0,Call,192,192,66,66,66.0,▼-101,▼-60.48%,4,35,39,22,62,65,208,53
TXO,202609F2,20260911.0,48100.0,Put,1010,1020,1010,1020,1210.0,▲+100,▲+10.87%,5,2,7,1,1180,-,1060,920
TXO,202609F2,20260911.0,48150.0,Call,128,130,65,69,58.0,▼-95,▼-57.93%,0,39,39,21,20,69,154,65
TXO,202609F2,20260911.0,48150.0,Put,-,-,-,-,1260.0,-,-,0,0,0,0,1240,-,-,-
TXO,202609F2,20260911.0,48200.0,Call,164,166,53,53,53.0,▼-101,▼-65.58%,20,58,78,35,4.3,66,205,32
TXO,202609F2,20260911.0,48200.0,Put,1100,1110,1100,1110,1300.0,▲+130,▲+13.27%,2,2,4,0,1270,-,1850,955
TXO,202609F2,20260911.0,48250.0,Call,129,129,55,55,47.5,▼-90,▼-62.07%,0,15,15,2,4.4,60,140,55
TXO,202609F2,20260911.0,48250.0,Put,-,-,-,-,1350.0,-,-,0,0,0,0,1.2,-,-,-
TXO,202609F2,20260911.0,48300.0,Call,135,145,45,45,45.0,▼-90,▼-66.67%,19,241,260,213,41.5,43.5,201,31
TXO,202609F2,20260911.0,48300.0,Put,975,1200,955,1200,1390.0,▲+140,▲+13.21%,0,5,5,0,1370,-,1200,955
TXO,202609F2,20260911.0,48350.0,Call,80,82,39,39,39.0,▼-78,▼-66.67%,2,24,26,40,38.5,51,146,30
TXO,202609F2,20260911.0,48350.0,Put,-,-,-,-,1440.0,-,-,0,0,0,0,1420,-,-,-
TXO,202609F2,20260911.0,48400.0,Call,125,125,39,39,39.0,▼-77,▼-66.38%,1,74,75,54,32,63,190,26
TXO,202609F2,20260911.0,48400.0,Put,-,-,-,-,1480.0,-,-,0,0,0,0,985,-,2010,1820
TXO,202609F2,20260911.0,48450.0,Call,76,99,31,31,31.0,▼-65,▼-67.71%,0,68,68,55,4.7,56,99,31
TXO,202609F2,20260911.0,48450.0,Put,-,-,-,-,1530.0,-,-,0,0,0,0,-,-,-,-
TXO,202609F2,20260911.0,48500.0,Call,102,106,28,28,28.0,▼-61,▼-68.54%,33,169,202,119,25,50,121,20
TXO,202609F2,20260911.0,48500.0,Put,-,-,-,-,1580.0,-,-,0,0,0,0,1480,-,-,-
TXO,202609F2,20260911.0,48550.0,Call,65,71,44,44,26.0,▼-43,▼-49.43%,0,73,73,71,25,26.5,71,44
TXO,202609F2,20260911.0,48550.0,Put,-,-,-,-,1630.0,-,-,0,0,0,0,1520,-,-,-
TXO,202609F2,20260911.0,48600.0,Call,88,88,24.5,25,25.0,▼-55,▼-68.75%,3,124,127,91,22.5,24,159,24.5
TXO,202609F2,20260911.0,48600.0,Put,-,-,-,-,1670.0,-,-,0,0,0,0,995,-,-,-
TXO,202609F2,20260911.0,48650.0,Call,55,61,20.5,20.5,20.5,▼-57.5,▼-73.72%,0,47,47,43,4.2,66,61,20.5
TXO,202609F2,20260911.0,48650.0,Put,-,-,-,-,1720.0,-,-,0,0,0,0,-,-,-,-
TXO,202609F2,20260911.0,48700.0,Call,76,76,20,20,20.0,▼-55,▼-73.33%,12,170,182,145,18.5,20,112,20
TXO,202609F2,20260911.0,48700.0,Put,-,-,-,-,1770.0,-,-,0,0,0,0,995,-,-,-
TXO,202609F2,20260911.0,48800.0,Call,58,67,18.5,18.5,18.5,▼-38.5,▼-67.54%,8,108,116,89,15,16.5,99,17
TXO,202609F2,20260911.0,48800.0,Put,-,-,-,-,1870.0,-,-,0,0,0,0,-,-,-,-
TXO,202609F2,20260911.0,48900.0,Call,52,52,15,15.5,15.5,▼-35.5,▼-69.61%,0,19,19,32,13,14,106,15
TXO,202609F2,20260911.0,48900.0,Put,-,-,-,-,1960.0,-,-,0,0,0,0,-,-,-,-
TXO,202609F2,20260911.0,49000.0,Call,46.5,47,11.5,12,12.0,▼-26,▼-68.42%,9,100,109,87,3.5,16,134,11.5
TXO,202609F2,20260911.0,49000.0,Put,1990,1990,1990,1990,2060.0,▲+320,▲+19.16%,1,1,2,1,1960,-,1990,1640
TXO,202609F2,20260911.0,49100.0,Call,30,30,10,10,10.0,▼-26.5,▼-72.60%,7,30,37,27,8.5,10.5,74,10
TXO,202609F2,20260911.0,49100.0,Put,-,-,-,-,2160.0,-,-,0,0,0,0,-,-,-,-
TXO,202609F2,20260911.0,49200.0,Call,30,33.5,9.2,9.3,9.3,▼-20.2,▼-68.47%,7,28,35,29,8.2,9,53,9.2
TXO,202609F2,20260911.0,49200.0,Put,-,-,-,-,2260.0,-,-,0,0,0,0,-,-,-,-
TXO,202609F2,20260911.0,49300.0,Call,19,22.5,7.7,7.7,7.7,▼-17.8,▼-69.80%,4,23,27,19,7.3,8,71,7.7
TXO,202609F2,20260911.0,49300.0,Put,-,-,-,-,2360.0,-,-,0,0,0,0,-,-,-,-
TXO,202609F2,20260911.0,49400.0,Call,16,16,7.3,7.3,7.3,▼-12.2,▼-62.56%,7,75,82,81,0.6,-,43,7.3
TXO,202609F2,20260911.0,49400.0,Put,-,-,-,-,2460.0,-,-,0,0,0,0,-,-,-,-
TXO,202609F2,20260911.0,49500.0,Call,19.5,20,6.9,6.9,6.0,▼-11.1,▼-61.67%,5,10,15,15,5.7,6.3,60,6.9
TXO,202609F2,20260911.0,49500.0,Put,-,-,-,-,2560.0,-,-,0,0,0,0,-,-,-,-
TXO,202609F2,20260911.0,49600.0,Call,-,-,-,-,5.5,-,-,0,0,0,5,5.2,5.8,17.5,9
TXO,202609F2,20260911.0,49600.0,Put,-,-,-,-,2650.0,-,-,0,0,0,0,2620,-,-,-
TXO,202609F2,20260911.0,49700.0,Call,10.5,12,7.5,7.5,4.9,▼-4.5,▼-37.50%,0,7,7,4,0.5,-,18.5,7.5
TXO,202609F2,20260911.0,49700.0,Put,-,-,-,-,2750.0,-,-,0,0,0,0,-,-,-,-
TXO,202609F2,20260911.0,49800.0,Call,9.9,10.5,4.5,4.5,4.5,▼-7,▼-60.87%,21,4,25,6,0.5,143,25.5,4.5
TXO,202609F2,20260911.0,49800.0,Put,-,-,-,-,2850.0,-,-,0,0,0,0,-,-,-,-
TXO,202609F2,20260911.0,49900.0,Call,9.8,9.8,6,6.1,4.1,▼-4.4,▼-41.90%,1,4,5,12,2.9,12.5,26.5,6
TXO,202609F2,20260911.0,49900.0,Put,-,-,-,-,2950.0,-,-,0,0,0,0,-,-,-,-
TXO,202609F2,20260911.0,50000.0,Call,5.9,5.9,4.6,4.6,3.7,▼-3.9,▼-45.88%,8,3,11,18,3.4,4,33,4.6
TXO,202609F2,20260911.0,50000.0,Put,-,-,-,-,3050.0,-,-,0,0,0,0,2940,-,-,-
TXO,202609F2,20260911.0,50100.0,Call,-,-,-,-,3.5,-,-,0,0,0,3,3.3,3.7,25,6
TXO,202609F2,20260911.0,50100.0,Put,-,-,-,-,3150.0,-,-,0,0,0,0,-,-,-,-
TXO,202609F2,20260911.0,50200.0,Call,-,-,-,-,3.3,-,-,0,0,0,10,0.3,-,19,4.8
TXO,202609F2,20260911.0,50200.0,Put,-,-,-,-,3250.0,-,-,0,0,0,0,-,-,-,-
TXO,202609F2,20260911.0,50300.0,Call,5.4,5.8,4.1,4.1,3.1,▼-2.5,▼-37.88%,0,5,5,4,0.3,105,22,4.1
TXO,202609F2,20260911.0,50300.0,Put,-,-,-,-,3350.0,-,-,0,0,0,0,-,-,-,-
TXO,202609F2,20260911.0,50400.0,Call,5.3,5.3,5.3,5.3,3.0,▼-0.7,▼-11.67%,1,1,2,0,2.8,3.1,6.5,5.3
TXO,202609F2,20260911.0,50400.0,Put,-,-,-,-,3450.0,-,-,0,0,0,0,-,-,-,-
TXO,202609F2,20260911.0,50500.0,Call,3.6,3.6,3.4,3.5,2.8,▼-2.2,▼-38.60%,4,4,8,10,2.6,2.9,6.5,3.4
TXO,202609F2,20260911.0,50500.0,Put,-,-,-,-,3550.0,-,-,0,0,0,0,-,-,-,-
TXO,202609F2,20260911.0,50600.0,Call,-,-,-,-,2.6,-,-,1,0,1,5,0.4,106,10.5,4.5
TXO,202609F2,20260911.0,50600.0,Put,-,-,-,-,3650.0,-,-,0,0,0,0,3540,-,-,-
TXO,202609F2,20260911.0,50700.0,Call,4.3,4.3,3.8,3.8,2.5,▼-1,▼-20.83%,0,4,4,3,2.3,2.6,16,3.8
TXO,202609F2,20260911.0,50700.0,Put,-,-,-,-,3750.0,-,-,0,0,0,0,-,-,-,-
TXO,202609F2,20260911.0,50800.0,Call,-,-,-,-,2.4,-,-,1,0,1,1,2.2,2.5,4.5,4.5
TXO,202609F2,20260911.0,50800.0,Put,-,-,-,-,3850.0,-,-,0,0,0,0,-,-,-,-
TXO,202609F2,20260911.0,50900.0,Call,-,-,-,-,2.2,-,-,0,0,0,1,0.6,105,15,4.3
TXO,202609F2,20260911.0,50900.0,Put,-,-,-,-,3950.0,-,-,0,0,0,0,3840,-,-,-
TXO,202609F2,20260911.0,51000.0,Call,-,-,-,-,2.1,-,-,0,0,0,1,0.6,-,16.5,3.9
TXO,202609F2,20260911.0,51000.0,Put,-,-,-,-,4050.0,-,-,0,0,0,0,3940,-,-,-
TXO,202609F2,20260911.0,51100.0,Call,-,-,-,-,2.0,-,-,0,0,0,2,1.8,2.1,5,5
TXO,202609F2,20260911.0,51100.0,Put,-,-,-,-,4150.0,-,-,0,0,0,0,4040,-,-,-
TXO,202609F2,20260911.0,51200.0,Call,-,-,-,-,1.8,-,-,0,0,0,0,0.6,-,-,-
TXO,202609F2,20260911.0,51200.0,Put,-,-,-,-,4250.0,-,-,0,0,0,0,-,-,-,-
TXO,202609F2,20260911.0,51300.0,Call,-,-,-,-,1.7,-,-,0,0,0,0,1.5,1.8,-,-
TXO,202609F2,20260911.0,51300.0,Put,-,-,-,-,4350.0,-,-,0,0,0,0,-,-,-,-
TXO,202609F2,20260911.0,51400.0,Call,-,-,-,-,1.6,-,-,1,0,1,1,0.3,-,3.5,3.5
TXO,202609F2,20260911.0,51400.0,Put,-,-,-,-,4450.0,-,-,0,0,0,0,-,-,-,-
TXO,202609F2,20260911.0,51500.0,Call,2,2,2,2,1.5,▼-1,▼-33.33%,0,1,1,2,-,-,8.4,2
TXO,202609F2,20260911.0,51500.0,Put,-,-,-,-,4550.0,-,-,0,0,0,0,-,-,-,-
TXO,202609F2,20260911.0,51600.0,Call,-,-,-,-,1.4,-,-,0,0,0,0,0.2,-,-,-
TXO,202609F2,20260911.0,51600.0,Put,-,-,-,-,4650.0,-,-,0,0,0,0,-,-,-,-
TXO,202609F2,20260911.0,51700.0,Call,-,-,-,-,1.3,-,-,5,0,5,51,-,-,6.6,2.4
TXO,202609F2,20260911.0,51700.0,Put,-,-,-,-,4750.0,-,-,0,0,0,0,-,-,-,-
TXO,202609F2,20260911.0,51800.0,Call,-,-,-,-,1.2,-,-,0,0,0,0,0.1,-,-,-
TXO,202609F2,20260911.0,51800.0,Put,-,-,-,-,4850.0,-,-,0,0,0,0,-,-,-,-
TXO,202609F2,20260911.0,51900.0,Call,-,-,-,-,1.1,-,-,0,0,0,0,-,-,-,-
TXO,202609F2,20260911.0,51900.0,Put,-,-,-,-,4950.0,-,-,0,0,0,0,4830,-,-,-
TXO,202609F2,20260911.0,52000.0,Call,-,-,-,-,1.1,-,-,0,0,0,0,0.1,-,-,-
TXO,202609F2,20260911.0,52000.0,Put,-,-,-,-,5050.0,-,-,0,0,0,0,-,-,-,-
TXO,202609F2,20260911.0,52100.0,Call,1.7,1.8,1.7,1.8,1.0,▲+1.7,-,0,6,6,6,0.8,1.1,1.8,1.7
TXO,202609F2,20260911.0,52100.0,Put,-,-,-,-,5150.0,-,-,0,0,0,0,-,-,-,-
TXO,202609,20260916.0,21800.0,Call,-,-,-,-,25170.0,-,-,0,0,0,4,24570,25460,25330,12370
TXO,202609,20260916.0,21800.0,Put,0.6,0.6,0.2,0.3,0.2,▲+0.2,-,8,5,13,1784,0.2,0.7,650,0.1
TXO,202609,20260916.0,22000.0,Call,-,-,-,-,24970.0,-,-,0,0,0,6,24850,25260,23430,5990
TXO,202609,20260916.0,22000.0,Put,0.4,0.6,0.4,0.6,0.2,▲+0.5,-,0,40,40,321,-,101,565,0.3
TXO,202609,20260916.0,22200.0,Call,-,-,-,-,24770.0,-,-,0,0,0,0,-,-,-,-
TXO,202609,20260916.0,22200.0,Put,-,-,-,-,0.2,-,-,0,0,0,256,0.1,0.5,580,0.3
TXO,202609,20260916.0,22400.0,Call,-,-,-,-,24570.0,-,-,0,0,0,0,-,-,-,-
TXO,202609,20260916.0,22400.0,Put,-,-,-,-,0.2,-,-,0,0,0,253,0.1,0.4,605,0.3
TXO,202609,20260916.0,22600.0,Call,-,-,-,-,24370.0,-,-,0,0,0,0,-,-,-,-
TXO,202609,20260916.0,22600.0,Put,-,-,-,-,0.3,-,-,0,0,0,311,0.1,0.4,650,0.3
TXO,202609,20260916.0,22800.0,Call,-,-,-,-,24170.0,-,-,0,0,0,0,-,-,-,-
TXO,202609,20260916.0,22800.0,Put,-,-,-,-,0.3,-,-,0,0,0,83,0.1,0.5,675,0.3
TXO,202609,20260916.0,23000.0,Call,-,-,-,-,23970.0,-,-,0,0,0,0,23870,-,-,-
TXO,202609,20260916.0,23000.0,Put,-,-,-,-,0.3,-,-,0,0,0,139,0.2,0.4,700,0.3
TXO,202609,20260916.0,23200.0,Call,-,-,-,-,23770.0,-,-,0,0,0,0,23670,-,-,-
TXO,202609,20260916.0,23200.0,Put,-,-,-,-,0.3,-,-,0,0,0,237,-,565,730,0.4
TXO,202609,20260916.0,23400.0,Call,-,-,-,-,23570.0,-,-,0,0,0,0,-,-,-,-
TXO,202609,20260916.0,23400.0,Put,-,-,-,-,0.3,-,-,0,0,0,11,0.2,0.5,700,2.5
TXO,202609,20260916.0,23600.0,Call,-,-,-,-,23370.0,-,-,0,0,0,0,23270,-,-,-
TXO,202609,20260916.0,23600.0,Put,-,-,-,-,0.3,-,-,0,0,0,11,0.2,0.4,700,0.5
TXO,202609,20260916.0,23800.0,Call,-,-,-,-,23170.0,-,-,0,0,0,0,-,-,-,-
TXO,202609,20260916.0,23800.0,Put,-,-,-,-,0.3,-,-,0,0,0,14,0.2,0.5,520,0.5
TXO,202609,20260916.0,24000.0,Call,-,-,-,-,22970.0,-,-,0,0,0,0,-,-,-,-
TXO,202609,20260916.0,24000.0,Put,-,-,-,-,0.3,-,-,3,0,3,108,-,565,665,0.3
TXO,202609,20260916.0,24200.0,Call,-,-,-,-,22770.0,-,-,0,0,0,0,-,-,-,-
TXO,202609,20260916.0,24200.0,Put,-,-,-,-,0.4,-,-,0,0,0,82,0.2,0.6,1000,0.6
TXO,202609,20260916.0,24400.0,Call,-,-,-,-,22570.0,-,-,0,0,0,0,-,-,-,-
TXO,202609,20260916.0,24400.0,Put,-,-,-,-,0.4,-,-,0,0,0,112,0.2,0.6,1010,0.5
TXO,202609,20260916.0,24600.0,Call,-,-,-,-,22370.0,-,-,0,0,0,0,-,-,-,-
TXO,202609,20260916.0,24600.0,Put,-,-,-,-,0.4,-,-,0,0,0,52,0.2,0.5,1020,0.6
TXO,202609,20260916.0,24800.0,Call,-,-,-,-,22170.0,-,-,0,0,0,0,-,-,-,-
TXO,202609,20260916.0,24800.0,Put,-,-,-,-,0.4,-,-,0,0,0,85,0.2,101,1100,0.6
TXO,202609,20260916.0,25000.0,Call,-,-,-,-,21970.0,-,-,0,0,0,0,-,-,-,-
TXO,202609,20260916.0,25000.0,Put,-,-,-,-,0.4,-,-,5,0,5,118,0.3,0.6,1050,0.3
TXO,202609,20260916.0,25200.0,Call,-,-,-,-,21770.0,-,-,0,0,0,0,-,-,-,-
TXO,202609,20260916.0,25200.0,Put,-,-,-,-,0.4,-,-,0,0,0,30,-,20,1200,0.9
TXO,202609,20260916.0,25400.0,Call,-,-,-,-,21570.0,-,-,0,0,0,0,-,-,-,-
TXO,202609,20260916.0,25400.0,Put,0.5,0.5,0.5,0.5,0.4,▲+0.3,▲+150.00%,1,18,19,40,0.3,0.6,1250,0.3
TXO,202609,20260916.0,25600.0,Call,-,-,-,-,21370.0,-,-,0,0,0,0,-,-,-,-
TXO,202609,20260916.0,25600.0,Put,0.7,0.7,0.3,0.3,0.4,▲+0.1,▲+50.00%,6,10,16,23,-,45,1210,0.3
TXO,202609,20260916.0,25800.0,Call,-,-,-,-,21170.0,-,-,0,0,0,163,20470,21300,20840,14370
TXO,202609,20260916.0,25800.0,Put,0.4,0.4,0.3,0.3,0.5,▲+0.1,▲+50.00%,0,3,3,39,0.3,0.7,1270,0.3
TXO,202609,20260916.0,26000.0,Call,-,-,-,-,20970.0,-,-,0,0,0,0,-,-,-,-
TXO,202609,20260916.0,26000.0,Put,0.3,0.3,0.3,0.3,0.5,▲+0.1,▲+50.00%,0,1,1,109,0.4,0.6,1090,0.3
TXO,202609,20260916.0,26200.0,Call,-,-,-,-,20770.0,-,-,0,0,0,0,-,-,-,-
TXO,202609,20260916.0,26200.0,Put,-,-,-,-,0.5,-,-,0,0,0,22,-,565,1420,16
TXO,202609,20260916.0,26400.0,Call,-,-,-,-,20570.0,-,-,0,0,0,0,-,-,13900,5820
TXO,202609,20260916.0,26400.0,Put,-,-,-,-,0.5,-,-,0,0,0,9,0.4,0.7,1180,3.9
TXO,202609,20260916.0,26600.0,Call,-,-,-,-,20370.0,-,-,0,0,0,0,-,-,-,-
TXO,202609,20260916.0,26600.0,Put,-,-,-,-,0.5,-,-,0,0,0,26,0.4,0.7,1000,6.7
TXO,202609,20260916.0,26800.0,Call,-,-,-,-,20170.0,-,-,0,0,0,25,20030,20470,18950,5510
TXO,202609,20260916.0,26800.0,Put,0.5,0.5,0.5,0.5,0.5,▲+0.3,▲+150.00%,0,1,1,36,0.5,0.8,1130,0.5
TXO,202609,20260916.0,27000.0,Call,-,-,-,-,19970.0,-,-,0,0,0,3,19890,20270,20110,6220
TXO,202609,20260916.0,27000.0,Put,-,-,-,-,0.6,-,-,0,0,0,19,-,13,1750,3.2
TXO,202609,20260916.0,27200.0,Call,-,-,-,-,19770.0,-,-,0,0,0,0,19680,-,-,-
TXO,202609,20260916.0,27200.0,Put,0.5,0.5,0.5,0.5,0.6,▲+0.3,▲+150.00%,0,2,2,6,-,101,750,0.5
TXO,202609,20260916.0,27400.0,Call,-,-,-,-,19570.0,-,-,0,0,0,2,19480,19870,5890,2380
TXO,202609,20260916.0,27400.0,Put,-,-,-,-,0.6,-,-,0,0,0,7,0.5,0.8,1270,1.7
TXO,202609,20260916.0,27600.0,Call,-,-,-,-,19370.0,-,-,0,0,0,2,19230,19670,10800,2020
TXO,202609,20260916.0,27600.0,Put,-,-,-,-,0.6,-,-,0,0,0,10,0.5,0.8,1120,4.2
TXO,202609,20260916.0,27800.0,Call,-,-,-,-,19170.0,-,-,0,0,0,7,19070,19290,19160,16360
TXO,202609,20260916.0,27800.0,Put,-,-,-,-,0.6,-,-,0,0,0,27,0.6,0.9,1460,3.1
TXO,202609,20260916.0,28000.0,Call,-,-,-,-,18970.0,-,-,0,0,0,1,-,19030,7880,1910
TXO,202609,20260916.0,28000.0,Put,-,-,-,-,0.6,-,-,0,0,0,62,-,20,2180,0.4
TXO,202609,20260916.0,28200.0,Call,-,-,-,-,18770.0,-,-,0,0,0,2,18310,19330,5250,1730
TXO,202609,20260916.0,28200.0,Put,-,-,-,-,0.7,-,-,0,0,0,7,-,565,1180,1.9
TXO,202609,20260916.0,28400.0,Call,-,-,-,-,18570.0,-,-,0,0,0,21,18370,18800,15910,1630
TXO,202609,20260916.0,28400.0,Put,-,-,-,-,0.7,-,-,0,0,0,18,0.6,0.9,1550,4
TXO,202609,20260916.0,28600.0,Call,-,-,-,-,18370.0,-,-,0,0,0,0,-,-,-,-
TXO,202609,20260916.0,28600.0,Put,-,-,-,-,0.8,-,-,0,0,0,19,0.7,0.9,1250,4.1
TXO,202609,20260916.0,28800.0,Call,-,-,-,-,18170.0,-,-,0,0,0,0,-,-,5200,3230
TXO,202609,20260916.0,28800.0,Put,-,-,-,-,0.8,-,-,0,0,0,26,-,101,775,2.5
TXO,202609,20260916.0,29000.0,Call,-,-,-,-,17970.0,-,-,0,0,0,2,17890,18270,4570,4570
TXO,202609,20260916.0,29000.0,Put,-,-,-,-,0.8,-,-,0,0,0,48,-,30,1920,2.1
TXO,202609,20260916.0,29200.0,Call,-,-,-,-,17770.0,-,-,0,0,0,4,17690,18070,6310,1310
TXO,202609,20260916.0,29200.0,Put,-,-,-,-,0.9,-,-,0,0,0,17,-,565,1320,0.7
TXO,202609,20260916.0,29400.0,Call,-,-,-,-,17570.0,-,-,0,0,0,1,17420,17630,6990,1290
TXO,202609,20260916.0,29400.0,Put,-,-,-,-,0.9,-,-,0,0,0,53,0.8,1.1,2010,2
TXO,202609,20260916.0,29600.0,Call,-,-,-,-,17370.0,-,-,0,0,0,2,17240,17850,5690,1370
TXO,202609,20260916.0,29600.0,Put,-,-,-,-,0.9,-,-,0,0,0,27,0.8,1.1,1780,4
TXO,202609,20260916.0,29800.0,Call,-,-,-,-,17170.0,-,-,0,0,0,4,17090,17650,16240,1210
TXO,202609,20260916.0,29800.0,Put,-,-,-,-,1.0,-,-,0,0,0,23,0.9,1.2,2400,2.2
TXO,202609,20260916.0,30000.0,Call,-,-,-,-,16970.0,-,-,0,0,0,24,16890,17450,14350,1210
TXO,202609,20260916.0,30000.0,Put,5,5,0.6,0.6,1.0,▲+0.1,▲+20.00%,1,2,3,816,0.9,1.2,2400,0.5
TXO,202609,20260916.0,30200.0,Call,-,-,-,-,16770.0,-,-,0,0,0,4,16630,17250,10020,1320
TXO,202609,20260916.0,30200.0,Put,-,-,-,-,1.0,-,-,0,0,0,10,0.9,1.2,2050,4.6
TXO,202609,20260916.0,30400.0,Call,-,-,-,-,16570.0,-,-,0,0,0,0,-,-,5390,1430
TXO,202609,20260916.0,30400.0,Put,1,1,1,1,1.0,▲+0.5,▲+100.00%,0,1,1,36,1,1.2,2030,1
TXO,202609,20260916.0,30600.0,Call,-,-,-,-,16370.0,-,-,0,0,0,6,16250,16850,5520,1000
TXO,202609,20260916.0,30600.0,Put,-,-,-,-,1.1,-,-,0,0,0,8,0.1,570,2090,14
TXO,202609,20260916.0,30800.0,Call,-,-,-,-,16170.0,-,-,0,0,0,7,16090,16470,10110,940
TXO,202609,20260916.0,30800.0,Put,-,-,-,-,1.2,-,-,0,0,0,20,1.1,1.3,2200,7
TXO,202609,20260916.0,31000.0,Call,-,-,-,-,15970.0,-,-,0,0,0,1,-,16070,15990,1300
TXO,202609,20260916.0,31000.0,Put,1,1,1,1,1.2,▲+0.3,▲+42.86%,0,2,2,83,1.1,1.4,2410,0.7
TXO,202609,20260916.0,31200.0,Call,-,-,-,-,15770.0,-,-,0,0,0,0,-,-,5680,2350
TXO,202609,20260916.0,31200.0,Put,-,-,-,-,1.2,-,-,0,0,0,33,1.1,1.4,4320,1
TXO,202609,20260916.0,31400.0,Call,-,-,-,-,15570.0,-,-,0,0,0,1,15460,-,14330,1430
TXO,202609,20260916.0,31400.0,Put,-,-,-,-,1.3,-,-,0,0,0,26,1.2,1.5,2750,1.8
TXO,202609,20260916.0,31600.0,Call,-,-,-,-,15370.0,-,-,0,0,0,0,-,-,3970,2920
TXO,202609,20260916.0,31600.0,Put,1.3,1.3,1.3,1.3,1.3,▲+0.5,▲+62.50%,2,1,3,51,1.2,1.5,2510,0.8
TXO,202609,20260916.0,31800.0,Call,-,-,-,-,15170.0,-,-,0,0,0,1,-,-,14100,1370
TXO,202609,20260916.0,31800.0,Put,-,-,-,-,1.4,-,-,0,0,0,43,1.3,1.6,2990,4.1
TXO,202609,20260916.0,32000.0,Call,-,-,-,-,14970.0,-,-,0,0,0,21,14840,15270,16670,1310
TXO,202609,20260916.0,32000.0,Put,-,-,-,-,1.5,-,-,4,0,4,97,1.4,1.7,2700,0.7
TXO,202609,20260916.0,32200.0,Call,-,-,-,-,14770.0,-,-,0,0,0,19,14140,15070,13750,1380
TXO,202609,20260916.0,32200.0,Put,-,-,-,-,1.5,-,-,0,0,0,20,1.4,1.7,2670,2.4
TXO,202609,20260916.0,32400.0,Call,-,-,-,-,14570.0,-,-,0,0,0,0,-,-,4680,1440
TXO,202609,20260916.0,32400.0,Put,-,-,-,-,1.6,-,-,0,0,0,19,1.5,1.8,2300,3.6
TXO,202609,20260916.0,32600.0,Call,-,-,-,-,14370.0,-,-,0,0,0,0,-,-,9580,1680
TXO,202609,20260916.0,32600.0,Put,1.4,1.4,1.4,1.4,1.7,▲+0.5,▲+55.56%,0,1,1,36,1.6,1.9,2900,1.4
TXO,202609,20260916.0,32800.0,Call,-,-,-,-,14170.0,-,-,0,0,0,2,13830,14260,8380,1420
TXO,202609,20260916.0,32800.0,Put,-,-,-,-,1.8,-,-,0,0,0,30,1.7,2,3280,5
TXO,202609,20260916.0,33000.0,Call,-,-,-,-,13980.0,-,-,0,0,0,35,13280,14270,12330,399
TXO,202609,20260916.0,33000.0,Put,-,-,-,-,1.8,-,-,0,0,0,113,1.7,2,3000,1
TXO,202609,20260916.0,33200.0,Call,-,-,-,-,13780.0,-,-,0,0,0,4,13690,14070,11640,344
TXO,202609,20260916.0,33200.0,Put,-,-,-,-,1.9,-,-,0,0,0,9,1.8,2.1,2730,3.2
TXO,202609,20260916.0,33400.0,Call,-,-,-,-,13580.0,-,-,0,0,0,2,13490,13870,12040,1470
TXO,202609,20260916.0,33400.0,Put,-,-,-,-,2.0,-,-,0,0,0,26,1.9,2.2,2780,3.6
TXO,202609,20260916.0,33600.0,Call,-,-,-,-,13380.0,-,-,0,0,0,1,-,-,13690,372
TXO,202609,20260916.0,33600.0,Put,-,-,-,-,2.1,-,-,0,0,0,23,2,2.3,3860,1.3
TXO,202609,20260916.0,33800.0,Call,-,-,-,-,13180.0,-,-,0,0,0,1,8930,13290,7340,328
TXO,202609,20260916.0,33800.0,Put,-,-,-,-,2.2,-,-,7,0,7,61,2,2.4,3000,1.3
TXO,202609,20260916.0,33900.0,Call,-,-,-,-,13080.0,-,-,0,0,0,0,-,-,-,-
TXO,202609,20260916.0,33900.0,Put,-,-,-,-,2.2,-,-,1,0,1,4,2.1,2.5,30.5,1.7
TXO,202609,20260916.0,34000.0,Call,-,-,-,-,12980.0,-,-,0,0,0,115,12900,13190,12980,325
TXO,202609,20260916.0,34000.0,Put,-,-,-,-,2.3,-,-,10,0,10,150,2.1,2.5,3990,1.8
TXO,202609,20260916.0,34100.0,Call,-,-,-,-,12880.0,-,-,0,0,0,0,-,-,-,-
TXO,202609,20260916.0,34100.0,Put,-,-,-,-,2.4,-,-,0,0,0,2,2.2,2.6,410,8.4
TXO,202609,20260916.0,34200.0,Call,-,-,-,-,12780.0,-,-,0,0,0,1,-,-,9340,299
TXO,202609,20260916.0,34200.0,Put,-,-,-,-,2.4,-,-,0,0,0,17,0.5,570,1130,10
TXO,202609,20260916.0,34300.0,Call,-,-,-,-,12680.0,-,-,0,0,0,0,-,-,-,-
TXO,202609,20260916.0,34300.0,Put,-,-,-,-,2.5,-,-,0,0,0,5,1.5,102,112,10
TXO,202609,20260916.0,34400.0,Call,-,-,-,-,12580.0,-,-,0,0,0,0,-,-,6600,305
TXO,202609,20260916.0,34400.0,Put,-,-,-,-,2.5,-,-,0,0,0,10,2.4,2.8,3660,13
TXO,202609,20260916.0,34500.0,Call,-,-,-,-,12480.0,-,-,0,0,0,0,-,-,-,-
TXO,202609,20260916.0,34500.0,Put,-,-,-,-,2.6,-,-,0,0,0,8,2.4,2.8,199,4.5
TXO,202609,20260916.0,34600.0,Call,-,-,-,-,12380.0,-,-,0,0,0,3,11800,12490,11000,306
TXO,202609,20260916.0,34600.0,Put,-,-,-,-,2.6,-,-,0,0,0,7,0.5,102,4530,10
TXO,202609,20260916.0,34700.0,Call,-,-,-,-,12280.0,-,-,0,0,0,0,-,-,-,-
TXO,202609,20260916.0,34700.0,Put,-,-,-,-,2.7,-,-,0,0,0,1,2.6,3,31.5,5.6
TXO,202609,20260916.0,34800.0,Call,-,-,-,-,12180.0,-,-,0,0,0,3,12090,12640,3130,370
TXO,202609,20260916.0,34800.0,Put,2.5,2.5,2.5,2.5,2.8,▲+0.8,▲+47.06%,2,1,3,25,0.6,3,3320,2
TXO,202609,20260916.0,34900.0,Call,-,-,-,-,12080.0,-,-,0,0,0,0,-,-,-,-
TXO,202609,20260916.0,34900.0,Put,-,-,-,-,2.9,-,-,0,0,0,4,0.6,102,50,1.8
TXO,202609,20260916.0,35000.0,Call,-,-,-,-,11980.0,-,-,0,0,0,6,11400,12270,14340,510
TXO,202609,20260916.0,35000.0,Put,3.1,3.1,3.1,3.1,3.0,▲+1.3,▲+72.22%,6,1,7,408,2.3,35,3320,1.8
TXO,202609,20260916.0,35100.0,Call,-,-,-,-,11880.0,-,-,0,0,0,0,-,-,-,-
TXO,202609,20260916.0,35100.0,Put,-,-,-,-,3.0,-,-,0,0,0,11,2.8,3.2,47,11.5
TXO,202609,20260916.0,35200.0,Call,-,-,-,-,11780.0,-,-,0,0,0,1,-,11900,9760,850
TXO,202609,20260916.0,35200.0,Put,2.8,2.9,2.8,2.9,3.1,▲+1.1,▲+61.11%,0,10,10,42,2.9,3.3,1150,2.8
TXO,202609,20260916.0,35300.0,Call,-,-,-,-,11680.0,-,-,0,0,0,0,-,-,-,-
TXO,202609,20260916.0,35300.0,Put,3,3,3,3,3.2,▲+1.1,▲+57.89%,0,9,9,23,0.8,103,143,3
TXO,202609,20260916.0,35400.0,Call,-,-,-,-,11580.0,-,-,0,0,0,0,-,-,8330,373
TXO,202609,20260916.0,35400.0,Put,3,3,3,3,3.2,▲+1.1,▲+57.89%,0,3,3,14,3.1,3.5,3430,3
TXO,202609,20260916.0,35500.0,Call,-,-,-,-,11480.0,-,-,0,0,0,0,-,-,-,-
TXO,202609,20260916.0,35500.0,Put,-,-,-,-,3.3,-,-,0,0,0,38,3.1,3.5,499,2.5
TXO,202609,20260916.0,35600.0,Call,-,-,-,-,11380.0,-,-,0,0,0,0,-,-,7680,1220
TXO,202609,20260916.0,35600.0,Put,-,-,-,-,3.4,-,-,0,0,0,13,3.2,3.6,4020,2.3
TXO,202609,20260916.0,35700.0,Call,-,-,-,-,11280.0,-,-,0,0,0,0,-,-,-,-
TXO,202609,20260916.0,35700.0,Put,-,-,-,-,3.5,-,-,0,0,0,0,0.8,-,165,9.2
TXO,202609,20260916.0,35800.0,Call,-,-,-,-,11180.0,-,-,0,0,0,3,10480,11290,5820,450
TXO,202609,20260916.0,35800.0,Put,2.8,2.8,2.8,2.8,3.6,▲+0.6,▲+27.27%,0,2,2,21,0.8,103,2000,2.8
TXO,202609,20260916.0,35900.0,Call,-,-,-,-,11080.0,-,-,0,0,0,0,-,-,-,-
TXO,202609,20260916.0,35900.0,Put,2.7,2.7,2.4,2.4,3.6,▲+0.1,▲+4.35%,2,12,14,29,3.4,3.8,348,2.4
TXO,202609,20260916.0,36000.0,Call,-,-,-,-,10980.0,-,-,0,0,0,41,10280,11110,11770,595
TXO,202609,20260916.0,36000.0,Put,2.7,3.6,2.5,3.6,3.6,▲+1.2,▲+50.00%,30,13,43,977,3.4,3.9,4200,2.4
TXO,202609,20260916.0,36100.0,Call,-,-,-,-,10880.0,-,-,0,0,0,0,-,-,-,-
TXO,202609,20260916.0,36100.0,Put,3,3,3,3,3.8,▲+0.5,▲+20.00%,0,1,1,13,0.8,103,685,3
TXO,202609,20260916.0,36200.0,Call,-,-,-,-,10780.0,-,-,0,0,0,0,-,-,8750,282
TXO,202609,20260916.0,36200.0,Put,-,-,-,-,3.9,-,-,1,0,1,9,3.7,4.1,1400,2.8
TXO,202609,20260916.0,36300.0,Call,-,-,-,-,10680.0,-,-,0,0,0,0,-,-,-,-
TXO,202609,20260916.0,36300.0,Put,-,-,-,-,4.0,-,-,13,0,13,19,3.8,4.3,990,2.9
TXO,202609,20260916.0,36400.0,Call,-,-,-,-,10580.0,-,-,0,0,0,0,-,-,7540,499
TXO,202609,20260916.0,36400.0,Put,-,-,-,-,4.1,-,-,5,0,5,7,3.9,4.3,4830,2.9
TXO,202609,20260916.0,36500.0,Call,-,-,-,-,10480.0,-,-,0,0,0,0,-,-,-,-
TXO,202609,20260916.0,36500.0,Put,-,-,-,-,4.1,-,-,0,0,0,58,1,570,880,3
TXO,202609,20260916.0,36600.0,Call,-,-,-,-,10380.0,-,-,0,0,0,0,-,-,7400,480
TXO,202609,20260916.0,36600.0,Put,-,-,-,-,4.2,-,-,2,0,2,32,4.1,4.5,1860,2.6
TXO,202609,20260916.0,36700.0,Call,-,-,-,-,10280.0,-,-,0,0,0,0,-,-,-,-
TXO,202609,20260916.0,36700.0,Put,3.3,3.3,3.3,3.3,4.2,▲+0.4,▲+13.79%,0,1,1,12,4,4.5,488,3.1
TXO,202609,20260916.0,36800.0,Call,-,-,-,-,10180.0,-,-,0,0,0,19,10100,10470,2830,310
TXO,202609,20260916.0,36800.0,Put,-,-,-,-,4.3,-,-,0,0,0,29,4.1,4.6,4910,3.3
TXO,202609,20260916.0,36900.0,Call,-,-,-,-,10080.0,-,-,0,0,0,0,-,-,-,-
TXO,202609,20260916.0,36900.0,Put,-,-,-,-,4.4,-,-,0,0,0,14,4.2,4.7,1240,11
TXO,202609,20260916.0,37000.0,Call,-,-,-,-,9980.0,-,-,0,0,0,29,9890,10100,9270,540
TXO,202609,20260916.0,37000.0,Put,4,4.5,4,4.5,4.5,▲+1.2,▲+36.36%,18,5,23,320,-,570,2520,3.3
TXO,202609,20260916.0,37100.0,Call,-,-,-,-,9880.0,-,-,0,0,0,0,-,-,-,-
TXO,202609,20260916.0,37100.0,Put,-,-,-,-,4.6,-,-,0,0,0,25,4.4,4.9,400,7
TXO,202609,20260916.0,37200.0,Call,-,-,-,-,9780.0,-,-,0,0,0,5,9700,10360,10420,375
TXO,202609,20260916.0,37200.0,Put,-,-,-,-,4.7,-,-,0,0,0,456,4.5,5,2390,1.2
TXO,202609,20260916.0,37300.0,Call,-,-,-,-,9680.0,-,-,0,0,0,0,-,-,-,-
TXO,202609,20260916.0,37300.0,Put,-,-,-,-,5.0,-,-,0,0,0,19,0.8,570,720,12
TXO,202609,20260916.0,37400.0,Call,-,-,-,-,9580.0,-,-,0,0,0,1,9450,-,1370,456
TXO,202609,20260916.0,37400.0,Put,4.2,4.2,4.2,4.2,5.1,▲+0.6,▲+16.67%,0,3,3,23,4.9,5.4,2530,4.2
TXO,202609,20260916.0,37500.0,Call,-,-,-,-,9480.0,-,-,0,0,0,0,-,-,-,-
TXO,202609,20260916.0,37500.0,Put,-,-,-,-,5.2,-,-,1,0,1,54,0.8,104,1110,4.1
TXO,202609,20260916.0,37600.0,Call,-,-,-,-,9380.0,-,-,0,0,0,0,-,-,5920,430
TXO,202609,20260916.0,37600.0,Put,-,-,-,-,5.2,-,-,0,0,0,37,4.9,5.5,2660,3.6
TXO,202609,20260916.0,37700.0,Call,-,-,-,-,9280.0,-,-,0,0,0,0,-,-,-,-
TXO,202609,20260916.0,37700.0,Put,5,5.4,5,5.4,5.4,▲+1.3,▲+31.71%,0,11,11,54,5.1,5.6,1080,4.1
TXO,202609,20260916.0,37800.0,Call,-,-,-,-,9180.0,-,-,0,0,0,2,9100,9440,3680,390
TXO,202609,20260916.0,37800.0,Put,5.4,5.4,5.4,5.4,5.4,▲+1.3,▲+31.71%,0,4,4,41,3,570,1110,4.2
TXO,202609,20260916.0,37900.0,Call,-,-,-,-,9080.0,-,-,0,0,0,0,-,-,-,-
TXO,202609,20260916.0,37900.0,Put,-,-,-,-,5.7,-,-,0,0,0,43,2.5,105,580,3
TXO,202609,20260916.0,38000.0,Call,-,-,-,-,8980.0,-,-,0,0,0,17,8900,9240,9000,350
TXO,202609,20260916.0,38000.0,Put,4.6,6,4.2,6,6.0,▲+1.8,▲+42.86%,6,18,24,501,3.8,49.5,6640,4
TXO,202609,20260916.0,38100.0,Call,-,-,-,-,8880.0,-,-,0,0,0,0,-,-,-,-
TXO,202609,20260916.0,38100.0,Put,5.7,5.7,5.7,5.7,6.0,▲+1.3,▲+29.55%,3,2,5,18,3,105,1680,4
TXO,202609,20260916.0,38200.0,Call,-,-,-,-,8780.0,-,-,0,0,0,0,-,-,1030,370
TXO,202609,20260916.0,38200.0,Put,-,-,-,-,6.0,-,-,1,0,1,30,5.7,6.4,2770,4.6
TXO,202609,20260916.0,38300.0,Call,-,-,-,-,8680.0,-,-,0,0,0,0,-,-,-,-
TXO,202609,20260916.0,38300.0,Put,5.1,5.1,5.1,5.1,6.0,▲+0.6,▲+13.33%,1,1,2,38,5.7,6.4,1740,4.5
TXO,202609,20260916.0,38400.0,Call,-,-,-,-,8580.0,-,-,0,0,0,0,-,-,6200,340
TXO,202609,20260916.0,38400.0,Put,5.4,5.4,5.4,5.4,6.4,▲+0.7,▲+14.89%,2,1,3,22,6.1,6.7,2080,4.7
TXO,202609,20260916.0,38500.0,Call,-,-,-,-,8480.0,-,-,0,0,0,1,-,8580,6410,6410
TXO,202609,20260916.0,38500.0,Put,-,-,-,-,6.5,-,-,1,0,1,98,6.2,6.9,1500,4
TXO,202609,20260916.0,38600.0,Call,-,-,-,-,8380.0,-,-,0,0,0,2,7800,8490,6350,371
TXO,202609,20260916.0,38600.0,Put,-,-,-,-,6.6,-,-,1,0,1,20,0.7,106,2850,4.6
TXO,202609,20260916.0,38700.0,Call,-,-,-,-,8280.0,-,-,0,0,0,0,-,-,-,-
TXO,202609,20260916.0,38700.0,Put,-,-,-,-,6.9,-,-,0,0,0,12,6.6,7.2,950,6.2
TXO,202609,20260916.0,38800.0,Call,-,-,-,-,8180.0,-,-,0,0,0,20,8050,8470,10410,270
TXO,202609,20260916.0,38800.0,Put,6.1,6.1,6.1,6.1,7.1,▲+0.8,▲+15.09%,0,1,1,12,0.7,570,2100,6.1
TXO,202609,20260916.0,38900.0,Call,-,-,-,-,8080.0,-,-,0,0,0,0,-,-,-,-
TXO,202609,20260916.0,38900.0,Put,6.3,6.3,6.3,6.3,7.3,▲+0.8,▲+14.55%,0,1,1,179,7,7.6,1990,6
TXO,202609,20260916.0,39000.0,Call,-,-,-,-,7980.0,-,-,0,0,0,50,7290,8170,8810,273
TXO,202609,20260916.0,39000.0,Put,6.1,6.4,6.1,6.2,7.4,▲+0.6,▲+10.71%,10,12,22,740,7.1,7.7,2820,5
TXO,202609,20260916.0,39100.0,Call,-,-,-,-,7880.0,-,-,0,0,0,1,7760,-,3840,3840
TXO,202609,20260916.0,39100.0,Put,-,-,-,-,7.6,-,-,1,0,1,48,7.3,8,2100,6.8
TXO,202609,20260916.0,39200.0,Call,-,-,-,-,7780.0,-,-,0,0,0,1,7660,-,6340,249
TXO,202609,20260916.0,39200.0,Put,7.2,7.2,7.2,7.2,7.9,▲+1.2,▲+20.00%,0,1,1,42,7.6,8.2,2750,6
TXO,202609,20260916.0,39300.0,Call,-,-,-,-,7680.0,-,-,0,0,0,1,-,-,5220,2740
TXO,202609,20260916.0,39300.0,Put,-,-,-,-,8.1,-,-,0,0,0,32,0.7,107,1930,14
TXO,202609,20260916.0,39400.0,Call,-,-,-,-,7580.0,-,-,0,0,0,6,7520,8150,8270,223
TXO,202609,20260916.0,39400.0,Put,7.4,7.4,7.4,7.4,8.3,▲+1.2,▲+19.35%,0,1,1,46,8,8.6,2390,6.2
TXO,202609,20260916.0,39500.0,Call,-,-,-,-,7480.0,-,-,0,0,0,0,-,-,3220,3150
TXO,202609,20260916.0,39500.0,Put,7.2,7.7,7.2,7.7,8.4,▲+1.2,▲+18.46%,0,3,3,78,8.1,8.8,1320,6
TXO,202609,20260916.0,39600.0,Call,-,-,-,-,7380.0,-,-,0,0,0,2,7320,7670,5910,394
TXO,202609,20260916.0,39600.0,Put,7.9,7.9,7.9,7.9,8.7,▲+1.2,▲+17.91%,0,1,1,41,8.4,9.1,2870,6.4
TXO,202609,20260916.0,39700.0,Call,-,-,-,-,7280.0,-,-,0,0,0,23,7120,7850,6150,2400
TXO,202609,20260916.0,39700.0,Put,8.7,8.7,8.7,8.7,8.7,▲+1.7,▲+24.29%,0,1,1,27,8.6,9.2,1330,7
TXO,202609,20260916.0,39800.0,Call,-,-,-,-,7190.0,-,-,0,0,0,0,-,-,6170,417
TXO,202609,20260916.0,39800.0,Put,8.8,8.8,8.8,8.8,9.2,▲+1.6,▲+22.22%,0,1,1,40,0.7,451,2020,8.8
TXO,202609,20260916.0,39900.0,Call,-,-,-,-,7090.0,-,-,0,0,0,5,6970,7200,4450,2550
TXO,202609,20260916.0,39900.0,Put,8.7,8.9,8.7,8.9,9.4,▲+1.5,▲+20.27%,0,5,5,117,0.7,92,2270,8.7
TXO,202609,20260916.0,40000.0,Call,-,-,-,-,6990.0,-,-,0,0,0,67,6900,7100,8030,380
TXO,202609,20260916.0,40000.0,Put,7.8,9.8,7.4,9.3,9.7,▲+1.8,▲+24.00%,51,116,167,1997,9.5,10,3040,5.2
TXO,202609,20260916.0,40100.0,Call,-,-,-,-,6890.0,-,-,0,0,0,0,-,-,6430,2480
TXO,202609,20260916.0,40100.0,Put,-,-,-,-,10.0,-,-,0,0,0,42,9.9,10.5,2350,8.4
TXO,202609,20260916.0,40200.0,Call,-,-,-,-,6790.0,-,-,0,0,0,4,6620,6900,7670,250
TXO,202609,20260916.0,40200.0,Put,8.7,8.7,7.4,8.5,10.5,▲+0.4,▲+4.94%,0,3,3,16,10,11,2310,7.4
TXO,202609,20260916.0,40300.0,Call,-,-,-,-,6690.0,-,-,0,0,0,0,-,-,5090,2720
TXO,202609,20260916.0,40300.0,Put,7.7,9.5,7.7,9.5,10.5,▲+1.1,▲+13.10%,1,2,3,42,0.7,570,2430,7.7
TXO,202609,20260916.0,40400.0,Call,-,-,-,-,6590.0,-,-,0,0,0,8,6480,6870,4590,388
TXO,202609,20260916.0,40400.0,Put,7.8,7.8,7.8,7.8,11.0,▼-0.8,▼-9.30%,0,1,1,77,10.5,11.5,3260,7.8
TXO,202609,20260916.0,40500.0,Call,-,-,-,-,6490.0,-,-,0,0,0,1,6360,-,6650,2260
TXO,202609,20260916.0,40500.0,Put,9,11.5,9,10.5,11.5,▲+1.5,▲+16.67%,11,6,17,126,2.5,112,2460,9
TXO,202609,20260916.0,40600.0,Call,6500,6500,6500,6500,6390.0,▼-370,▼-5.39%,0,1,1,3,6180,6510,6500,345
TXO,202609,20260916.0,40600.0,Put,10,11,9.5,11,11.5,▲+1.6,▲+17.02%,1,4,5,50,1,570,4360,9.5
TXO,202609,20260916.0,40700.0,Call,-,-,-,-,6290.0,-,-,0,0,0,18,5710,6400,5710,2330
TXO,202609,20260916.0,40700.0,Put,9.7,11.5,8.5,11.5,11.5,▲+1.9,▲+19.79%,8,11,19,375,11.5,12.5,2520,8.5
TXO,202609,20260916.0,40800.0,Call,-,-,-,-,6190.0,-,-,0,0,0,7,6080,6750,6870,530
TXO,202609,20260916.0,40800.0,Put,11.5,11.5,11.5,11.5,12.5,▲+1.5,▲+15.00%,10,1,11,110,12,13,4480,8
TXO,202609,20260916.0,40900.0,Call,-,-,-,-,6090.0,-,-,0,0,0,0,-,-,4500,3090
TXO,202609,20260916.0,40900.0,Put,11.5,11.5,11.5,11.5,13.0,▲+1.5,▲+15.00%,3,1,4,42,12.5,13.5,2000,10
TXO,202609,20260916.0,41000.0,Call,-,-,-,-,5990.0,-,-,0,0,0,10,5780,6120,7580,320
TXO,202609,20260916.0,41000.0,Put,11,13.5,9.7,13.5,13.5,▲+2.5,▲+22.73%,13,35,48,485,13,14,4640,9.7
TXO,202609,20260916.0,41100.0,Call,-,-,-,-,5890.0,-,-,0,0,0,5,5820,6190,5260,2720
TXO,202609,20260916.0,41100.0,Put,11,13,11,13,13.5,▲+2,▲+18.18%,0,35,35,64,13,14.5,3010,11
TXO,202609,20260916.0,41200.0,Call,-,-,-,-,5790.0,-,-,0,0,0,5,5680,6350,4320,2240
TXO,202609,20260916.0,41200.0,Put,10.5,12,10.5,12,14.0,0,0%,1,58,59,508,13.5,14.5,7750,10.5
TXO,202609,20260916.0,41300.0,Call,-,-,-,-,5690.0,-,-,0,0,0,20,5620,5830,4200,1820
TXO,202609,20260916.0,41300.0,Put,11,14,11,14,14.0,▲+2,▲+16.67%,0,49,49,76,14,15,2980,11
TXO,202609,20260916.0,41400.0,Call,-,-,-,-,5590.0,-,-,0,0,0,2,5010,5880,5680,1820
TXO,202609,20260916.0,41400.0,Put,13.5,13.5,13.5,13.5,15.0,▲+1,▲+8.00%,0,31,31,15,14.5,15.5,3480,13.5
TXO,202609,20260916.0,41500.0,Call,-,-,-,-,5490.0,-,-,0,0,0,3,5380,5780,4910,1750
TXO,202609,20260916.0,41500.0,Put,12.5,15,12.5,15,15.0,▲+2,▲+15.38%,5,20,25,112,0.1,99,1680,12.5
TXO,202609,20260916.0,41600.0,Call,-,-,-,-,5390.0,-,-,0,0,0,5,5330,5640,4470,2070
TXO,202609,20260916.0,41600.0,Put,11.5,15,11.5,15,16.0,▲+1.5,▲+11.11%,4,3,7,106,10.5,69,3420,11.5
TXO,202609,20260916.0,41700.0,Call,-,-,-,-,5290.0,-,-,0,0,0,2,5230,5580,5020,4120
TXO,202609,20260916.0,41700.0,Put,14.5,16.5,14,16.5,16.5,▲+3,▲+22.22%,5,3,8,126,16.5,17.5,3110,13.5
TXO,202609,20260916.0,41800.0,Call,-,-,-,-,5190.0,-,-,0,0,0,2,4610,5490,4910,264
TXO,202609,20260916.0,41800.0,Put,15.5,16,15.5,16,17.5,▲+1.5,▲+10.34%,3,21,24,53,1,186,6470,15.5
TXO,202609,20260916.0,41900.0,Call,-,-,-,-,5090.0,-,-,0,0,0,2,5030,5380,4500,1660
TXO,202609,20260916.0,41900.0,Put,16.5,18,13.5,18,18.0,▲+3,▲+20.00%,7,28,35,119,0.7,455,3180,13.5
TXO,202609,20260916.0,42000.0,Call,-,-,-,-,5000.0,-,-,0,0,0,605,4930,5280,6680,161
TXO,202609,20260916.0,42000.0,Put,14,19,13.5,19,19.0,▲+3,▲+18.75%,31,384,415,1508,18.5,20,7310,13.5
TXO,202609,20260916.0,42100.0,Call,-,-,-,-,4900.0,-,-,0,0,0,1,4770,-,4100,3740
TXO,202609,20260916.0,42100.0,Put,15.5,19.5,15.5,19,19.0,▲+1.5,▲+8.57%,2,5,7,102,19,20,2830,15.5
TXO,202609,20260916.0,42200.0,Call,-,-,-,-,4800.0,-,-,0,0,0,3,4730,5100,4590,269
TXO,202609,20260916.0,42200.0,Put,17,18.5,17,18.5,20.0,▲+1,▲+5.71%,1,4,5,112,19.5,20.5,3410,17
TXO,202609,20260916.0,42300.0,Call,-,-,-,-,4700.0,-,-,0,0,0,100,4630,4980,4190,2620
TXO,202609,20260916.0,42300.0,Put,19,19,17,18,21.0,▼-0.5,▼-2.70%,0,7,7,169,3,30,2460,17
TXO,202609,20260916.0,42400.0,Call,-,-,-,-,4600.0,-,-,0,0,0,1,-,-,4400,1180
TXO,202609,20260916.0,42400.0,Put,20,21.5,18,21.5,21.5,▲+2,▲+10.26%,3,8,11,92,21,22,3470,18
TXO,202609,20260916.0,42500.0,Call,-,-,-,-,4500.0,-,-,0,0,0,501,4390,5030,4130,1520
TXO,202609,20260916.0,42500.0,Put,19,23,17.5,22.5,22.5,▲+2.5,▲+12.50%,15,12,27,501,22,23,2580,17.5
TXO,202609,20260916.0,42600.0,Call,-,-,-,-,4400.0,-,-,0,0,0,6,4290,4700,6330,101
TXO,202609,20260916.0,42600.0,Put,19.5,19.5,19.5,19.5,23.5,▼-1.5,▼-7.14%,0,1,1,150,15,499,8970,19.5
TXO,202609,20260916.0,42700.0,Call,-,-,-,-,4300.0,-,-,0,0,0,0,-,-,2900,2240
TXO,202609,20260916.0,42700.0,Put,18.5,24,18.5,24,24.0,▲+2,▲+9.09%,0,2,2,197,0.3,26,2400,18.5
TXO,202609,20260916.0,42800.0,Call,-,-,-,-,4200.0,-,-,0,0,0,402,4070,4510,7760,800
TXO,202609,20260916.0,42800.0,Put,19.5,25.5,19.5,25.5,25.5,▲+2.5,▲+10.87%,3,5,8,265,10.5,42,4270,19.5
TXO,202609,20260916.0,42900.0,Call,-,-,-,-,4100.0,-,-,0,0,0,2,4040,4220,3810,2360
TXO,202609,20260916.0,42900.0,Put,22.5,22.5,22.5,22.5,27.0,▼-2,▼-8.16%,0,1,1,31,26.5,27.5,2980,22.5
TXO,202609,20260916.0,43000.0,Call,-,-,-,-,4010.0,-,-,0,0,0,20,3740,4280,7050,580
TXO,202609,20260916.0,43000.0,Put,24,29,20.5,29,29.0,▲+4,▲+16.00%,80,151,231,1068,28,29,4540,20.5
TXO,202609,20260916.0,43100.0,Call,3920,3920,3920,3920,3920.0,▼-470,▼-10.71%,0,1,1,3,3660,4040,3920,2450
TXO,202609,20260916.0,43100.0,Put,26.5,26.5,24.5,26.5,30.0,▼-2,▼-7.02%,0,19,19,48,29.5,30.5,2000,24.5
TXO,202609,20260916.0,43200.0,Call,-,-,-,-,3820.0,-,-,0,0,0,3,3760,3990,5810,790
TXO,202609,20260916.0,43200.0,Put,23.5,28.5,23.5,28.5,31.5,▼-1,▼-3.39%,9,23,32,83,0.9,126,3670,23.5
TXO,202609,20260916.0,43300.0,Call,-,-,-,-,3720.0,-,-,0,0,0,9,3600,4010,5360,1280
TXO,202609,20260916.0,43300.0,Put,27,32,27,32,32.0,▲+1.5,▲+4.92%,2,2,4,259,32.5,34,1830,27
TXO,202609,20260916.0,43400.0,Call,3650,3650,3650,3650,3620.0,▼-440,▼-10.76%,0,1,1,53,3530,3750,4900,750
TXO,202609,20260916.0,43400.0,Put,28,35.5,27.5,35.5,35.5,▲+4,▲+12.70%,1,55,56,168,4.9,126,3460,27.5
TXO,202609,20260916.0,43500.0,Call,-,-,-,-,3520.0,-,-,0,0,0,268,3450,3820,3500,1220
TXO,202609,20260916.0,43500.0,Put,31,37,27,37,37.0,▲+1.5,▲+4.23%,8,329,337,893,36.5,38,3220,27
TXO,202609,20260916.0,43600.0,Call,3600,3600,3600,3600,3420.0,▼-300,▼-7.69%,0,1,1,26,3080,3650,6660,545
TXO,202609,20260916.0,43600.0,Put,31,35.5,30.5,30.5,39.5,▼-7.5,▼-19.74%,4,32,36,165,39,40.5,4720,30.5
TXO,202609,20260916.0,43700.0,Call,-,-,-,-,3320.0,-,-,0,0,0,6,3210,3620,3150,985
TXO,202609,20260916.0,43700.0,Put,36.5,43.5,31,43.5,43.5,▲+5,▲+12.99%,8,58,66,106,41.5,43,2400,31
TXO,202609,20260916.0,43800.0,Call,3300,3300,3200,3200,3220.0,▼-500,▼-13.51%,11,11,22,6,2650,3290,5000,1000
TXO,202609,20260916.0,43800.0,Put,38.5,45.5,34,45.5,45.5,▲+4.5,▲+10.98%,19,14,33,114,44.5,46,3250,34
TXO,202609,20260916.0,43900.0,Call,-,-,-,-,3130.0,-,-,0,0,0,24,3050,3430,3000,1150
TXO,202609,20260916.0,43900.0,Put,40,49.5,34,49.5,49.5,▲+5.5,▲+12.50%,14,20,34,53,7.3,50,2230,34
TXO,202609,20260916.0,44000.0,Call,3350,3350,3350,3350,3030.0,▼-160,▼-4.56%,0,1,1,48,2710,3060,6080,331
TXO,202609,20260916.0,44000.0,Put,40.5,54,36,52,52.0,▲+4,▲+8.33%,72,330,402,933,51,53,4150,36
TXO,202609,20260916.0,44100.0,Call,-,-,-,-,2930.0,-,-,0,0,0,6,2610,3070,3020,975
TXO,202609,20260916.0,44100.0,Put,40.5,53,40.5,53,53.0,0,0%,1,7,8,65,55,58,3780,40.5
TXO,202609,20260916.0,44200.0,Call,-,-,-,-,2840.0,-,-,0,0,0,12,2520,2870,4830,930
TXO,202609,20260916.0,44200.0,Put,41.5,60,41.5,60,60.0,▲+6,▲+11.11%,0,164,164,353,59,61,5100,41.5
TXO,202609,20260916.0,44300.0,Call,-,-,-,-,2740.0,-,-,0,0,0,33,2280,2770,2850,910
TXO,202609,20260916.0,44300.0,Put,57,65,44,65,65.0,▲+7,▲+12.07%,24,12,36,136,1.2,71,3720,44
TXO,202609,20260916.0,44400.0,Call,-,-,-,-,2650.0,-,-,0,0,0,15,2080,2800,4130,860
TXO,202609,20260916.0,44400.0,Put,57,68,52,67,67.0,▲+7,▲+11.67%,8,12,20,102,69,71,3980,52
TXO,202609,20260916.0,44500.0,Call,2780,2780,2780,2780,2550.0,▼-240,▼-7.95%,0,1,1,340,2230,2660,5080,945
TXO,202609,20260916.0,44500.0,Put,52,76,51,76,76.0,▲+9,▲+13.43%,12,86,98,207,75,78,3300,51
TXO,202609,20260916.0,44550.0,Call,-,-,-,-,2510.0,-,-,0,0,0,0,0.2,-,-,-
TXO,202609,20260916.0,44550.0,Put,66,66,66,66,79.0,▼-3,▼-4.35%,2,1,3,2,3.4,-,199,66
TXO,202609,20260916.0,44600.0,Call,-,-,-,-,2460.0,-,-,0,0,0,125,2140,2590,4550,337
TXO,202609,20260916.0,44600.0,Put,58,82,55,82,82.0,▲+11,▲+15.49%,5,16,21,40,82,84,5580,55
TXO,202609,20260916.0,44650.0,Call,-,-,-,-,2410.0,-,-,0,0,0,0,0.2,-,-,-
TXO,202609,20260916.0,44650.0,Put,72,80,72,80,86.0,▲+7,▲+9.59%,0,3,3,10,1.4,164,148,72
TXO,202609,20260916.0,44700.0,Call,-,-,-,-,2370.0,-,-,0,0,0,354,1810,2390,2790,835
TXO,202609,20260916.0,44700.0,Put,63,90,59,90,90.0,▲+14,▲+18.42%,7,40,47,493,3.5,128,3520,59
TXO,202609,20260916.0,44750.0,Call,-,-,-,-,2320.0,-,-,0,0,0,0,0.2,-,-,-
TXO,202609,20260916.0,44750.0,Put,77,77,77,77,94.0,0,0%,3,1,4,2,1.4,-,216,77
TXO,202609,20260916.0,44800.0,Call,2300,2300,2300,2300,2300.0,▼-440,▼-16.06%,0,1,1,88,1890,2370,4950,600
TXO,202609,20260916.0,44800.0,Put,67,93,67,90,98.0,▲+8,▲+9.76%,7,44,51,192,97,100,3700,67
TXO,202609,20260916.0,44850.0,Call,-,-,-,-,2250.0,-,-,0,0,0,0,0.2,-,-,-
TXO,202609,20260916.0,44850.0,Put,97,97,97,97,102.0,▲+13,▲+15.48%,1,1,2,29,101,104,312,86
TXO,202609,20260916.0,44900.0,Call,2680,2680,2680,2680,2200.0,▲+30,▲+1.13%,1,1,2,27,1630,2290,2700,750
TXO,202609,20260916.0,44900.0,Put,72,106,72,106,106.0,▲+17,▲+19.10%,3,37,40,88,106,109,3650,72
TXO,202609,20260916.0,44950.0,Call,-,-,-,-,2150.0,-,-,0,0,0,0,0.2,-,-,-
TXO,202609,20260916.0,44950.0,Put,85,95,85,95,111.0,▲+5,▲+5.56%,50,3,53,62,110,113,411,85
TXO,202609,20260916.0,45000.0,Call,2610,2610,2100,2100,2100.0,▼-450,▼-17.65%,3,11,14,302,2000,2190,5750,550
TXO,202609,20260916.0,45000.0,Put,78,120,75,118,118.0,▲+25,▲+26.88%,154,372,526,1004,115,118,5600,75
TXO,202609,20260916.0,45050.0,Call,-,-,-,-,2050.0,-,-,0,0,0,0,5,-,-,-
TXO,202609,20260916.0,45050.0,Put,103,103,102,102,122.0,▲+6,▲+6.25%,1,7,8,23,3.1,187,492,100
TXO,202609,20260916.0,45100.0,Call,-,-,-,-,2000.0,-,-,0,0,0,41,1340,2460,2450,710
TXO,202609,20260916.0,45100.0,Put,100,128,90,128,128.0,▲+27,▲+26.73%,2,12,14,44,32,690,3780,90
TXO,202609,20260916.0,45150.0,Call,-,-,-,-,1960.0,-,-,0,0,0,0,1640,-,-,-
TXO,202609,20260916.0,45150.0,Put,112,112,112,112,133.0,▲+8,▲+7.69%,0,1,1,1,132,135,114,110
TXO,202609,20260916.0,45200.0,Call,-,-,-,-,1920.0,-,-,0,0,0,119,1500,2010,6110,550
TXO,202609,20260916.0,45200.0,Put,92,132,89,124,138.0,▲+15,▲+13.76%,11,38,49,69,137,141,3850,89
TXO,202609,20260916.0,45250.0,Call,-,-,-,-,1870.0,-,-,0,0,0,2,1550,1970,1460,1460
TXO,202609,20260916.0,45250.0,Put,111,111,104,104,145.0,▼-9,▼-7.96%,3,2,5,11,144,147,565,104
TXO,202609,20260916.0,45300.0,Call,-,-,-,-,1830.0,-,-,0,0,0,47,5,1930,2420,680
TXO,202609,20260916.0,45300.0,Put,101,148,97,148,148.0,▲+27,▲+22.31%,10,30,40,65,150,154,1810,97
TXO,202609,20260916.0,45350.0,Call,-,-,-,-,1790.0,-,-,0,0,0,1,1460,1880,1190,1190
TXO,202609,20260916.0,45350.0,Put,105,147,105,147,158.0,▲+23,▲+18.55%,1,6,7,5,157,161,314,105
TXO,202609,20260916.0,45400.0,Call,-,-,-,-,1750.0,-,-,0,0,0,99,1200,1840,3530,645
TXO,202609,20260916.0,45400.0,Put,106,160,106,154,167.0,▲+26,▲+20.31%,5,17,22,45,166,170,3980,106
TXO,202609,20260916.0,45450.0,Call,-,-,-,-,1700.0,-,-,0,0,0,4,1260,1800,1550,1180
TXO,202609,20260916.0,45450.0,Put,116,146,116,146,174.0,▲+13,▲+9.77%,0,3,3,5,173,177,550,116
TXO,202609,20260916.0,45500.0,Call,1930,2120,1820,1820,1660.0,▼-290,▼-13.74%,0,3,3,149,1320,1780,2480,600
TXO,202609,20260916.0,45500.0,Put,118,186,115,180,180.0,▲+42,▲+30.43%,100,199,299,401,181,185,3750,115
TXO,202609,20260916.0,45550.0,Call,-,-,-,-,1620.0,-,-,0,0,0,3,1010,1640,1250,925
TXO,202609,20260916.0,45550.0,Put,160,186,116,186,186.0,▲+36,▲+24.00%,2,22,24,33,190,194,750,116
TXO,202609,20260916.0,45600.0,Call,-,-,-,-,1580.0,-,-,0,0,0,417,1240,1590,5400,585
TXO,202609,20260916.0,45600.0,Put,159,210,120,210,200.0,▲+60,▲+40.00%,8,13,21,70,108,765,3320,120
TXO,202609,20260916.0,45650.0,Call,-,-,-,-,1540.0,-,-,0,0,0,0,1200,-,-,-
TXO,202609,20260916.0,45650.0,Put,131,153,131,153,208.0,▼-2,▼-1.29%,0,4,4,17,100,307,610,131
TXO,202609,20260916.0,45700.0,Call,2000,2000,2000,2000,1500.0,▲+80,▲+4.17%,0,1,1,401,1160,1520,4250,565
TXO,202609,20260916.0,45700.0,Put,135,222,135,222,222.0,▲+57,▲+34.55%,13,44,57,69,141,770,3000,135
TXO,202609,20260916.0,45750.0,Call,-,-,-,-,1460.0,-,-,0,0,0,2,1120,1910,1450,1120
TXO,202609,20260916.0,45750.0,Put,145,145,145,145,229.0,▼-25,▼-14.71%,1,1,2,14,69,304,640,145
TXO,202609,20260916.0,45800.0,Call,-,-,-,-,1420.0,-,-,0,0,0,425,1090,1440,3830,500
TXO,202609,20260916.0,45800.0,Put,181,240,152,239,239.0,▲+57,▲+31.32%,7,22,29,72,163,250,4150,151
TXO,202609,20260916.0,45850.0,Call,-,-,-,-,1380.0,-,-,0,0,0,0,1050,-,-,-
TXO,202609,20260916.0,45850.0,Put,183,203,159,203,251.0,▲+15,▲+7.98%,0,16,16,23,84,352,825,159
TXO,202609,20260916.0,45900.0,Call,1780,1780,1500,1500,1340.0,▼-260,▼-14.77%,2,2,4,38,1010,1550,2030,471
TXO,202609,20260916.0,45900.0,Put,167,222,164,222,262.0,▲+20,▲+9.90%,8,45,53,117,191,825,3530,164
TXO,202609,20260916.0,45950.0,Call,-,-,-,-,1300.0,-,-,2,0,2,5,970,1430,1760,735
TXO,202609,20260916.0,45950.0,Put,190,230,187,230,274.0,▲+20,▲+9.52%,0,6,6,13,161,354,780,187
TXO,202609,20260916.0,46000.0,Call,1710,1710,1260,1260,1260.0,▼-400,▼-24.10%,7,18,25,317,1200,1290,5040,438
TXO,202609,20260916.0,46000.0,Put,200,291,177,291,291.0,▲+71,▲+32.27%,72,325,397,675,285,291,5600,177
TXO,202609,20260916.0,46050.0,Call,-,-,-,-,1230.0,-,-,0,0,0,0,900,-,-,-
TXO,202609,20260916.0,46050.0,Put,222,284,221,284,299.0,▲+63,▲+28.51%,2,4,6,21,156,411,885,221
TXO,202609,20260916.0,46100.0,Call,1650,1650,1650,1650,1190.0,▲+60,▲+3.77%,1,1,2,62,1090,1320,3120,417
TXO,202609,20260916.0,46100.0,Put,236,320,216,318,318.0,▲+88,▲+38.26%,6,42,48,90,230,420,3760,216
TXO,202609,20260916.0,46150.0,Call,-,-,-,-,1150.0,-,-,0,0,0,40,1150,1170,910,630
TXO,202609,20260916.0,46150.0,Put,268,331,268,331,331.0,▲+91,▲+37.92%,0,5,5,11,188,995,980,254
TXO,202609,20260916.0,46200.0,Call,1570,1590,1120,1120,1120.0,▼-390,▼-25.83%,4,10,14,254,595,1240,5360,390
TXO,202609,20260916.0,46200.0,Put,218,345,218,334,334.0,▲+82,▲+32.54%,5,32,37,99,251,400,6310,218
TXO,202609,20260916.0,46250.0,Call,-,-,-,-,1080.0,-,-,0,0,0,18,1080,1100,935,590
TXO,202609,20260916.0,46250.0,Put,335,335,329,329,350.0,▲+68,▲+26.05%,4,5,9,18,267,860,915,268
TXO,202609,20260916.0,46300.0,Call,1330,1330,1040,1040,1040.0,▼-410,▼-28.28%,5,8,13,148,530,1150,1810,400
TXO,202609,20260916.0,46300.0,Put,307,382,242,382,382.0,▲+115,▲+43.07%,40,18,58,235,331,865,2520,242
TXO,202609,20260916.0,46350.0,Call,-,-,-,-,1010.0,-,-,1,0,1,29,499,1120,1340,605
TXO,202609,20260916.0,46350.0,Put,-,-,-,-,385.0,-,-,2,0,2,16,277,468,1070,305
TXO,202609,20260916.0,46400.0,Call,1220,1220,970,970,970.0,▼-380,▼-28.15%,4,42,46,202,350,1090,4700,334
TXO,202609,20260916.0,46400.0,Put,258,405,258,405,405.0,▲+108,▲+36.36%,4,21,25,58,321,970,4360,258
TXO,202609,20260916.0,46450.0,Call,-,-,-,-,950.0,-,-,1,0,1,33,950,960,1290,530
TXO,202609,20260916.0,46450.0,Put,345,345,345,345,422.0,▲+36,▲+11.65%,1,1,2,8,309,515,910,331
TXO,202609,20260916.0,46500.0,Call,1180,1180,930,930,930.0,▼-360,▼-27.91%,5,18,23,599,865,1040,3900,315
TXO,202609,20260916.0,46500.0,Put,276,448,240,441,441.0,▲+106,▲+31.64%,23,95,118,219,406,550,6610,240
TXO,202609,20260916.0,46550.0,Call,-,-,-,-,890.0,-,-,0,0,0,15,310,1050,1210,505
TXO,202609,20260916.0,46550.0,Put,370,370,323,360,460.0,▲+24,▲+7.14%,1,9,10,6,372,970,905,323
TXO,202609,20260916.0,46600.0,Call,1270,1270,890,890,860.0,▼-330,▼-27.05%,4,15,19,116,228,960,3760,307
TXO,202609,20260916.0,46600.0,Put,330,486,300,486,486.0,▲+134,▲+38.07%,24,43,67,73,280,570,6230,300
TXO,202609,20260916.0,46650.0,Call,965,965,965,965,830.0,▼-215,▼-18.22%,0,1,1,15,825,835,970,498
TXO,202609,20260916.0,46650.0,Put,-,-,-,-,499.0,-,-,0,0,0,6,38.5,625,970,510
TXO,202609,20260916.0,46700.0,Call,1160,1160,940,940,795.0,▼-210,▼-18.26%,2,10,12,70,270,1300,5130,270
TXO,202609,20260916.0,46700.0,Put,329,530,329,515,515.0,▲+134,▲+35.17%,10,33,43,172,515,525,2350,329
TXO,202609,20260916.0,46750.0,Call,-,-,-,-,770.0,-,-,0,0,0,6,765,775,595,398
TXO,202609,20260916.0,46750.0,Put,515,515,515,515,540.0,▲+107,▲+26.23%,0,1,1,8,419,1120,1290,408
TXO,202609,20260916.0,46800.0,Call,1130,1130,750,750,750.0,▼-320,▼-29.91%,3,11,14,365,655,835,3180,293
TXO,202609,20260916.0,46800.0,Put,376,570,366,570,570.0,▲+157,▲+38.01%,5,31,36,91,488,805,7400,366
TXO,202609,20260916.0,46850.0,Call,905,905,745,745,715.0,▼-285,▼-27.67%,0,5,5,4,600,1200,1030,351
TXO,202609,20260916.0,46850.0,Put,380,595,380,595,595.0,▲+166,▲+38.69%,0,9,9,10,505,1180,830,380
TXO,202609,20260916.0,46900.0,Call,915,915,735,735,685.0,▼-275,▼-27.23%,4,4,8,180,600,770,3630,240
TXO,202609,20260916.0,46900.0,Put,505,620,398,605,605.0,▲+145,▲+31.52%,27,68,95,72,605,615,3700,398
TXO,202609,20260916.0,46950.0,Call,-,-,-,-,660.0,-,-,0,0,0,16,655,665,680,375
TXO,202609,20260916.0,46950.0,Put,461,461,461,461,635.0,▼-13,▼-2.74%,0,1,1,3,625,635,710,461
TXO,202609,20260916.0,47000.0,Call,930,1000,620,625,625.0,▼-320,▼-33.86%,79,384,463,784,630,640,5010,220
TXO,202609,20260916.0,47000.0,Put,490,665,419,665,665.0,▲+185,▲+38.54%,40,193,233,522,650,660,6680,419
TXO,202609,20260916.0,47050.0,Call,665,665,640,640,610.0,▼-275,▼-30.05%,0,3,3,20,525,1160,735,330
TXO,202609,20260916.0,47050.0,Put,481,705,481,705,705.0,▲+195,▲+38.24%,1,11,12,6,675,685,705,481
TXO,202609,20260916.0,47100.0,Call,940,940,570,570,570.0,▼-315,▼-35.59%,4,18,22,252,580,590,3480,201
TXO,202609,20260916.0,47100.0,Put,555,660,492,660,710.0,▲+120,▲+22.22%,11,38,49,28,700,710,2860,492
TXO,202609,20260916.0,47150.0,Call,660,660,600,600,565.0,▼-255,▼-29.82%,1,2,3,17,447,645,850,269
TXO,202609,20260916.0,47150.0,Put,520,705,520,705,735.0,▲+155,▲+28.18%,0,7,7,12,725,740,830,520
TXO,202609,20260916.0,47200.0,Call,825,865,525,530,530.0,▼-300,▼-36.14%,12,30,42,531,535,545,3600,194
TXO,202609,20260916.0,47200.0,Put,515,770,505,770,770.0,▲+205,▲+36.28%,11,24,35,33,755,765,6660,505
TXO,202609,20260916.0,47250.0,Call,730,730,515,515,515.0,▼-275,▼-34.81%,0,12,12,14,510,520,790,240
TXO,202609,20260916.0,47250.0,Put,670,670,670,670,790.0,▲+85,▲+14.53%,0,1,1,11,780,790,670,550
TXO,202609,20260916.0,47300.0,Call,780,825,491,494,494.0,▼-276,▼-35.84%,13,43,56,157,415,560,3600,178
TXO,202609,20260916.0,47300.0,Put,545,790,540,790,815.0,▲+200,▲+33.90%,17,93,110,75,810,820,2830,540
TXO,202609,20260916.0,47350.0,Call,725,725,465,465,465.0,▼-280,▼-37.58%,13,5,18,30,358,1030,745,246
TXO,202609,20260916.0,47350.0,Put,580,750,565,750,845.0,▲+125,▲+20.00%,2,6,8,3,840,855,975,565
TXO,202609,20260916.0,47400.0,Call,720,760,445,450,450.0,▼-270,▼-37.50%,11,39,50,115,353,525,4760,168
TXO,202609,20260916.0,47400.0,Put,595,820,585,820,875.0,▲+150,▲+22.39%,13,17,30,26,353,1510,6660,585
TXO,202609,20260916.0,47450.0,Call,600,625,459,459,436.0,▼-226,▼-32.99%,6,11,17,33,7.1,540,705,210
TXO,202609,20260916.0,47450.0,Put,715,860,715,860,905.0,▲+170,▲+24.64%,4,4,8,2,895,910,860,655
TXO,202609,20260916.0,47500.0,Call,690,710,400,400,400.0,▼-265,▼-39.85%,76,125,201,747,395,700,2240,155
TXO,202609,20260916.0,47500.0,Put,660,910,620,860,940.0,▲+150,▲+21.13%,25,34,59,48,925,940,2730,620
TXO,202609,20260916.0,47550.0,Call,570,615,535,560,399.0,▼-90,▼-13.85%,4,7,11,10,303,600,650,188
TXO,202609,20260916.0,47550.0,Put,690,690,690,690,970.0,▼-40,▼-5.48%,0,4,4,4,945,-,690,690
TXO,202609,20260916.0,47600.0,Call,520,620,381,381,381.0,▼-234,▼-38.05%,14,17,31,165,281,454,2000,140
TXO,202609,20260916.0,47600.0,Put,865,865,815,860,1000.0,▲+110,▲+14.67%,2,9,11,31,580,1100,6960,740
TXO,202609,20260916.0,47650.0,Call,560,560,377,377,377.0,▼-218,▼-36.64%,4,9,13,10,267,820,590,176
TXO,202609,20260916.0,47650.0,Put,-,-,-,-,1030.0,-,-,0,0,0,0,1010,1040,-,-
TXO,202609,20260916.0,47700.0,Call,565,600,335,390,347.0,▼-175,▼-30.97%,11,124,135,325,302,388,1730,133
TXO,202609,20260916.0,47700.0,Put,-,-,-,-,1070.0,-,-,0,0,0,2,610,1710,1880,815
TXO,202609,20260916.0,47750.0,Call,441,530,338,338,338.0,▼-207,▼-37.98%,5,8,13,111,226,885,555,153
TXO,202609,20260916.0,47750.0,Put,-,-,-,-,1100.0,-,-,0,0,0,0,1080,1110,-,-
TXO,202609,20260916.0,47800.0,Call,505,560,306,307,307.0,▼-218,▼-41.52%,17,35,52,200,308,313,2000,124
TXO,202609,20260916.0,47800.0,Put,770,985,770,985,1140.0,▲+120,▲+13.87%,4,4,8,7,850,1230,6790,770
TXO,202609,20260916.0,47850.0,Call,500,500,412,412,300.0,▼-75,▼-15.40%,12,6,18,16,220,435,510,140
TXO,202609,20260916.0,47850.0,Put,-,-,-,-,1170.0,-,-,0,0,0,0,1.2,-,-,-
TXO,202609,20260916.0,47900.0,Call,447,447,296,308,286.0,▼-174,▼-36.10%,6,12,18,108,192,740,1000,114
TXO,202609,20260916.0,47900.0,Put,-,-,-,-,1210.0,-,-,0,0,0,1,1.2,-,2830,1310
TXO,202609,20260916.0,47950.0,Call,390,390,291,291,272.0,▼-174,▼-37.42%,0,5,5,23,183,431,445,154
TXO,202609,20260916.0,47950.0,Put,-,-,-,-,1240.0,-,-,0,0,0,23,1220,1890,2370,1360
TXO,202609,20260916.0,48000.0,Call,470,470,248,250,250.0,▼-194,▼-43.69%,151,390,541,1365,252,258,3130,104
TXO,202609,20260916.0,48000.0,Put,-,-,-,-,1280.0,-,-,32,0,32,49,705,1290,7110,950
TXO,202609,20260916.0,48050.0,Call,-,-,-,-,246.0,-,-,2,0,2,10,129,356,424,138
TXO,202609,20260916.0,48050.0,Put,-,-,-,-,1320.0,-,-,0,0,0,0,1300,1330,-,-
TXO,202609,20260916.0,48100.0,Call,390,412,253,253,233.0,▼-168,▼-39.90%,18,19,37,217,158,790,2800,1.1
TXO,202609,20260916.0,48100.0,Put,1180,1180,1180,1180,1350.0,▲+130,▲+12.38%,0,1,1,3,1330,1470,4850,1050
TXO,202609,20260916.0,48150.0,Call,-,-,-,-,221.0,-,-,2,0,2,1,216,221,370,102
TXO,202609,20260916.0,48150.0,Put,-,-,-,-,1390.0,-,-,2,0,2,1,1370,1930,1180,1060
TXO,202609,20260916.0,48200.0,Call,282,282,206,206,206.0,▼-167,▼-44.77%,8,10,18,246,204,208,2850,88
TXO,202609,20260916.0,48200.0,Put,-,-,-,-,1430.0,-,-,0,0,0,3,1400,1970,7310,1520
TXO,202609,20260916.0,48250.0,Call,-,-,-,-,199.0,-,-,6,0,6,10,43.5,645,369,90
TXO,202609,20260916.0,48250.0,Put,-,-,-,-,1470.0,-,-,0,0,0,0,1.2,-,-,-
TXO,202609,20260916.0,48300.0,Call,360,360,185,188,188.0,▼-152,▼-44.71%,15,55,70,157,2.4,270,815,82
TXO,202609,20260916.0,48300.0,Put,-,-,-,-,1510.0,-,-,2,0,2,6,1480,2050,2520,1200
TXO,202609,20260916.0,48350.0,Call,295,295,177,177,177.0,▼-153,▼-46.36%,3,3,6,8,23.5,740,333,100
TXO,202609,20260916.0,48350.0,Put,-,-,-,-,1550.0,-,-,0,0,0,0,1.2,-,-,-
TXO,202609,20260916.0,48400.0,Call,247,247,181,181,169.0,▼-123,▼-40.46%,4,14,18,133,165,169,1980,68
TXO,202609,20260916.0,48400.0,Put,1340,1340,1340,1340,1590.0,▲+90,▲+7.20%,0,1,1,10,1450,2250,7590,1340
TXO,202609,20260916.0,48450.0,Call,205,205,170,170,159.0,▼-125,▼-42.37%,0,7,7,7,58,252,205,170
TXO,202609,20260916.0,48450.0,Put,-,-,-,-,1630.0,-,-,0,0,0,0,1610,-,-,-
TXO,202609,20260916.0,48500.0,Call,272,300,147,147,147.0,▼-135,▼-47.87%,37,323,360,879,148,152,990,65
TXO,202609,20260916.0,48500.0,Put,1410,1410,1410,1410,1670.0,▲+90,▲+6.82%,1,1,2,4,1250,1790,3500,1330
TXO,202609,20260916.0,48550.0,Call,151,151,151,151,142.0,▼-113,▼-42.80%,0,5,5,5,139,142,151,151
TXO,202609,20260916.0,48550.0,Put,-,-,-,-,1710.0,-,-,0,0,0,0,1700,1730,-,-
TXO,202609,20260916.0,48600.0,Call,260,260,130,130,130.0,▼-122,▼-48.41%,9,35,44,123,74,245,750,59
TXO,202609,20260916.0,48600.0,Put,1590,1590,1590,1590,1750.0,▲+200,▲+14.39%,0,1,1,9,1730,2420,7740,1360
TXO,202609,20260916.0,48650.0,Call,-,-,-,-,127.0,-,-,0,0,0,0,124,127,-,-
TXO,202609,20260916.0,48650.0,Put,-,-,-,-,1800.0,-,-,0,0,0,0,1780,1810,-,-
TXO,202609,20260916.0,48700.0,Call,243,243,118,118,118.0,▼-116,▼-49.57%,6,50,56,117,77,214,1770,51
TXO,202609,20260916.0,48700.0,Put,-,-,-,-,1840.0,-,-,0,0,0,2,1550,2390,2600,1600
TXO,202609,20260916.0,48800.0,Call,223,223,103,110,110.0,▼-92,▼-45.54%,16,38,54,91,103,105,2200,47
TXO,202609,20260916.0,48800.0,Put,-,-,-,-,1920.0,-,-,0,0,0,3,1830,1940,4910,1700
TXO,202609,20260916.0,48900.0,Call,171,190,96,96,96.0,▼-92,▼-48.94%,5,40,45,189,40,400,3930,3.1
TXO,202609,20260916.0,48900.0,Put,-,-,-,-,2010.0,-,-,0,0,0,6,1470,2130,2250,1660
TXO,202609,20260916.0,49000.0,Call,175,182,80,83,83.0,▼-91,▼-52.30%,70,585,655,1454,74,133,3880,39.5
TXO,202609,20260916.0,49000.0,Put,-,-,-,-,2100.0,-,-,0,0,0,9,1950,2420,8740,1870
TXO,202609,20260916.0,49100.0,Call,156,156,72,72,72.0,▼-75,▼-51.02%,2,50,52,107,71,74,3500,36.5
TXO,202609,20260916.0,49100.0,Put,-,-,-,-,2190.0,-,-,0,0,0,2,2170,2210,4510,1780
TXO,202609,20260916.0,49200.0,Call,150,150,65,65,65.0,▼-77,▼-54.23%,10,50,60,73,62,65,2080,35
TXO,202609,20260916.0,49200.0,Put,-,-,-,-,2280.0,-,-,0,0,0,5,2160,2300,5160,1920
TXO,202609,20260916.0,49300.0,Call,90,122,59,59,59.0,▼-66,▼-52.80%,41,14,55,124,55,58,1560,30
TXO,202609,20260916.0,49300.0,Put,-,-,-,-,2380.0,-,-,0,0,0,3,2350,2400,4670,2060
TXO,202609,20260916.0,49400.0,Call,84,109,48.5,48.5,48.5,▼-59.5,▼-55.09%,5,115,120,158,7.2,150,2710,31.5
TXO,202609,20260916.0,49400.0,Put,-,-,-,-,2470.0,-,-,0,0,0,0,2450,2490,3200,3150
TXO,202609,20260916.0,49500.0,Call,102,103,40,44,44.0,▼-55,▼-55.56%,51,78,129,222,43,78,1060,27
TXO,202609,20260916.0,49500.0,Put,-,-,-,-,2560.0,-,-,0,0,0,1,2550,2580,4780,4780
TXO,202609,20260916.0,49600.0,Call,75,91,39,39,39.0,▼-51,▼-56.67%,2,394,396,399,20,99,1160,23
TXO,202609,20260916.0,49600.0,Put,-,-,-,-,2660.0,-,-,0,0,0,2,2560,2680,4850,2920
TXO,202609,20260916.0,49700.0,Call,85,85,34.5,34.5,34.5,▼-42.5,▼-55.19%,25,60,85,58,31.5,73,505,22.5
TXO,202609,20260916.0,49700.0,Put,-,-,-,-,2760.0,-,-,0,0,0,3,2640,3320,4920,4920
TXO,202609,20260916.0,49800.0,Call,78,78,32.5,33,33.0,▼-37,▼-52.86%,0,49,49,102,30.5,32.5,1760,21
TXO,202609,20260916.0,49800.0,Put,-,-,-,-,2850.0,-,-,0,0,0,1,2720,-,3100,2530
TXO,202609,20260916.0,49900.0,Call,69,69,30,30,30.0,▼-35,▼-53.85%,5,14,19,95,26.5,28.5,2050,22.5
TXO,202609,20260916.0,49900.0,Put,-,-,-,-,2950.0,-,-,0,0,0,0,-,-,-,-
TXO,202609,20260916.0,50000.0,Call,56,62,24.5,26.5,26.5,▼-29.5,▼-52.68%,102,578,680,2628,24.5,26,3370,18
TXO,202609,20260916.0,50000.0,Put,-,-,-,-,3050.0,-,-,0,0,0,2,2910,3250,5300,3130
TXO,202609,20260916.0,50100.0,Call,56,56,22,22.5,22.5,▼-27.5,▼-55.00%,3,28,31,93,0.5,471,3360,0.6
TXO,202609,20260916.0,50100.0,Put,-,-,-,-,3140.0,-,-,0,0,0,0,3120,-,-,-
TXO,202609,20260916.0,50200.0,Call,47,47,25,25,20.5,▼-22,▼-46.81%,3,27,30,145,10,44,1800,16
TXO,202609,20260916.0,50200.0,Put,-,-,-,-,3240.0,-,-,0,0,0,0,-,3260,-,-
TXO,202609,20260916.0,50300.0,Call,24,24,21,21,19.0,▼-17.5,▼-45.45%,1,4,5,48,18,19.5,1200,16
TXO,202609,20260916.0,50300.0,Put,-,-,-,-,3340.0,-,-,0,0,0,0,-,-,-,-
TXO,202609,20260916.0,50400.0,Call,34.5,34.5,25,25,17.0,▼-13,▼-34.21%,3,6,9,73,0.5,20,3140,13.5
TXO,202609,20260916.0,50400.0,Put,-,-,-,-,3440.0,-,-,0,0,0,0,-,-,7650,5430
TXO,202609,20260916.0,50500.0,Call,32.5,34.5,16.5,17.5,16.0,▼-15,▼-46.15%,15,396,411,259,15,17,1080,14
TXO,202609,20260916.0,50500.0,Put,-,-,-,-,3540.0,-,-,0,0,0,0,-,3560,-,-
TXO,202609,20260916.0,50600.0,Call,32.5,32.5,15,15,15.0,▼-15,▼-50.00%,0,6,6,98,14,15,1760,14
TXO,202609,20260916.0,50600.0,Put,3330,3330,3270,3270,3630.0,▲+100,▲+3.15%,0,2,2,0,3350,4200,3330,3240
TXO,202609,20260916.0,50700.0,Call,20,20,14.5,14.5,14.5,▼-10.5,▼-42.00%,1,47,48,54,13,14,1490,14
TXO,202609,20260916.0,50700.0,Put,-,-,-,-,3730.0,-,-,0,0,0,0,-,-,-,-
TXO,202609,20260916.0,50800.0,Call,19.5,23.5,13,13.5,13.5,▼-9.5,▼-41.30%,2,17,19,458,0.4,14.5,2580,13
TXO,202609,20260916.0,50800.0,Put,3420,3520,3340,3520,3830.0,▲+160,▲+4.76%,0,4,4,0,3810,-,3520,3280
TXO,202609,20260916.0,50900.0,Call,17,18,12,12,12.0,▼-10.5,▼-46.67%,4,12,16,39,1,24,1050,12
TXO,202609,20260916.0,50900.0,Put,-,-,-,-,3930.0,-,-,0,0,0,0,-,3980,-,-
TXO,202609,20260916.0,51000.0,Call,20.5,20.5,11.5,11.5,11.5,▼-8,▼-41.03%,46,18,64,749,11,11.5,2360,6.3
TXO,202609,20260916.0,51000.0,Put,-,-,-,-,4030.0,-,-,0,0,0,1,3670,4060,5060,5050
TXO,202609,20260916.0,51100.0,Call,14,14,14,14,10.5,▼-4.5,▼-24.32%,7,2,9,235,9.8,11,1820,11
TXO,202609,20260916.0,51100.0,Put,-,-,-,-,4130.0,-,-,0,0,0,0,-,-,-,-
TXO,202609,20260916.0,51200.0,Call,-,-,-,-,9.9,-,-,2,0,2,234,0.1,187,2430,10
TXO,202609,20260916.0,51200.0,Put,-,-,-,-,4230.0,-,-,0,0,0,0,-,4280,-,-
TXO,202609,20260916.0,51300.0,Call,15,15,10,10,9.3,▼-5,▼-33.33%,0,2,2,329,8.8,9.6,840,9.3
TXO,202609,20260916.0,51300.0,Put,-,-,-,-,4330.0,-,-,0,0,0,0,-,-,-,-
TXO,202609,20260916.0,51400.0,Call,15,15,15,15,8.8,▲+0.5,▲+3.45%,0,1,1,13,8.3,9.1,1830,12
TXO,202609,20260916.0,51400.0,Put,-,-,-,-,4430.0,-,-,0,0,0,0,-,4480,-,-
TXO,202609,20260916.0,51500.0,Call,13.5,13.5,8.2,8.2,8.2,▼-5.3,▼-39.26%,4,23,27,95,7.9,8.7,920,8.2
TXO,202609,20260916.0,51500.0,Put,-,-,-,-,4530.0,-,-,0,0,0,0,4500,-,-,-
TXO,202609,20260916.0,51600.0,Call,-,-,-,-,7.9,-,-,4,0,4,12,0.1,113,810,9.6
TXO,202609,20260916.0,51600.0,Put,-,-,-,-,4630.0,-,-,0,0,0,0,4600,4680,-,-
TXO,202609,20260916.0,51700.0,Call,-,-,-,-,7.6,-,-,1,0,1,16,0.3,570,550,8.2
TXO,202609,20260916.0,51700.0,Put,-,-,-,-,4730.0,-,-,0,0,0,0,4700,-,-,-
TXO,202609,20260916.0,51800.0,Call,-,-,-,-,7.3,-,-,0,0,0,8,0.1,570,1850,12.5
TXO,202609,20260916.0,51800.0,Put,-,-,-,-,4830.0,-,-,0,0,0,0,-,-,-,-
TXO,202609,20260916.0,51900.0,Call,8.3,8.3,8.3,8.3,7.0,▼-2.2,▼-20.95%,11,1,12,10,0.4,570,590,8.3
TXO,202609,20260916.0,51900.0,Put,-,-,-,-,4930.0,-,-,0,0,0,0,-,4980,-,-
TXO,202609,20260916.0,52000.0,Call,8.2,8.2,7.8,7.9,6.7,▼-1.6,▼-16.84%,2,14,16,614,0.4,26,2210,7.8
TXO,202609,20260916.0,52000.0,Put,-,-,-,-,5030.0,-,-,0,0,0,0,-,-,-,-
TXO,202609,20260916.0,52100.0,Call,-,-,-,-,6.5,-,-,0,0,0,19,0.5,570,590,10
TXO,202609,20260916.0,52100.0,Put,-,-,-,-,5130.0,-,-,0,0,0,0,-,5180,-,-
TXO,202609,20260916.0,52200.0,Call,-,-,-,-,6.3,-,-,0,0,0,20,6,6.5,2340,7.7
TXO,202609,20260916.0,52200.0,Put,-,-,-,-,5230.0,-,-,0,0,0,0,-,5280,-,-
TXO,202609,20260916.0,52300.0,Call,-,-,-,-,6.1,-,-,0,0,0,9,0.5,6.8,1880,7.7
TXO,202609,20260916.0,52300.0,Put,-,-,-,-,5320.0,-,-,0,0,0,0,-,5390,-,-
TXO,202609,20260916.0,52400.0,Call,-,-,-,-,5.9,-,-,0,0,0,15,0.1,570,1880,7.2
TXO,202609,20260916.0,52400.0,Put,-,-,-,-,5420.0,-,-,0,0,0,0,-,5490,-,-
TXO,202609,20260916.0,52500.0,Call,6.3,6.3,6.3,6.3,5.7,▼-1.1,▼-14.86%,2,5,7,133,5.5,5.9,550,6.3
TXO,202609,20260916.0,52500.0,Put,-,-,-,-,5520.0,-,-,0,0,0,0,-,-,-,-
TXO,202609,20260916.0,52600.0,Call,6.6,6.6,6.6,6.6,5.6,▼-0.5,▼-7.04%,0,1,1,82,5.4,5.8,1390,6.6
TXO,202609,20260916.0,52600.0,Put,-,-,-,-,5620.0,-,-,0,0,0,0,-,5680,-,-
TXO,202609,20260916.0,52700.0,Call,-,-,-,-,5.4,-,-,0,0,0,24,0.6,570,1890,6.6
TXO,202609,20260916.0,52700.0,Put,-,-,-,-,5720.0,-,-,0,0,0,0,-,5760,-,-
TXO,202609,20260916.0,52800.0,Call,-,-,-,-,5.3,-,-,0,0,0,16,5.1,5.5,1930,8.5
TXO,202609,20260916.0,52800.0,Put,-,-,-,-,5820.0,-,-,0,0,0,0,5790,5860,-,-
TXO,202609,20260916.0,52900.0,Call,-,-,-,-,5.2,-,-,0,0,0,46,4.9,5.4,580,7.3
TXO,202609,20260916.0,52900.0,Put,-,-,-,-,5920.0,-,-,0,0,0,0,-,5960,-,-
TXO,202609,20260916.0,53000.0,Call,5.4,5.4,5.4,5.4,5.0,▼-0.9,▼-14.29%,0,1,1,264,4.8,5.2,1240,1.1
TXO,202609,20260916.0,53000.0,Put,-,-,-,-,6020.0,-,-,0,0,0,0,-,-,-,-
TXO,202609,20260916.0,53100.0,Call,-,-,-,-,4.9,-,-,0,0,0,44,0.7,570,580,5.9
TXO,202609,20260916.0,53100.0,Put,-,-,-,-,6120.0,-,-,0,0,0,0,6090,-,-,-
TXO,202609,20260916.0,53200.0,Call,5.2,5.2,5.2,5.2,4.8,▼-0.8,▼-13.33%,0,1,1,10,0.8,570,1500,5.2
TXO,202609,20260916.0,53200.0,Put,-,-,-,-,6220.0,-,-,0,0,0,0,6190,6260,-,-
TXO,202609,20260916.0,53300.0,Call,-,-,-,-,4.7,-,-,0,0,0,34,4.4,4.9,580,5.7
TXO,202609,20260916.0,53300.0,Put,-,-,-,-,6320.0,-,-,0,0,0,0,-,-,-,-
TXO,202609,20260916.0,53400.0,Call,-,-,-,-,4.6,-,-,0,0,0,7,0.8,570,1000,7.9
TXO,202609,20260916.0,53400.0,Put,-,-,-,-,6420.0,-,-,0,0,0,0,-,-,-,-
TXO,202609,20260916.0,53500.0,Call,-,-,-,-,4.5,-,-,0,0,0,105,4,106,600,5.4
TXO,202609,20260916.0,53500.0,Put,-,-,-,-,6520.0,-,-,0,0,0,0,-,6560,-,-
TXO,202609,20260916.0,53600.0,Call,-,-,-,-,4.4,-,-,0,0,0,5,0.1,570,1340,5.1
TXO,202609,20260916.0,53600.0,Put,-,-,-,-,6620.0,-,-,0,0,0,0,-,6660,-,-
TXO,202609,20260916.0,53700.0,Call,-,-,-,-,4.3,-,-,0,0,0,21,0.8,570,550,11.5
TXO,202609,20260916.0,53700.0,Put,-,-,-,-,6720.0,-,-,0,0,0,0,-,6760,-,-
TXO,202609,20260916.0,53800.0,Call,-,-,-,-,4.2,-,-,0,0,0,12,3.9,4.4,1240,5.4
TXO,202609,20260916.0,53800.0,Put,-,-,-,-,6820.0,-,-,0,0,0,0,-,-,-,-
TXO,202609,20260916.0,53900.0,Call,-,-,-,-,4.1,-,-,0,0,0,22,3.4,570,99,6.1
TXO,202609,20260916.0,53900.0,Put,-,-,-,-,6920.0,-,-,0,0,0,0,-,-,-,-
TXO,202609,20260916.0,54000.0,Call,4,4,3.8,3.8,4.0,▼-1.3,▼-25.49%,0,5,5,183,1,104,1400,3.8
TXO,202609,20260916.0,54000.0,Put,-,-,-,-,7020.0,-,-,0,0,0,1,-,-,9240,9240
TXO,202609,20260916.0,54100.0,Call,-,-,-,-,3.9,-,-,0,0,0,28,0.8,15,100,4.7
TXO,202609,20260916.0,54100.0,Put,-,-,-,-,7120.0,-,-,0,0,0,0,-,-,-,-
TXO,202609,20260916.0,54200.0,Call,-,-,-,-,3.8,-,-,0,0,0,31,0.1,570,250,5
TXO,202609,20260916.0,54200.0,Put,-,-,-,-,7220.0,-,-,0,0,0,0,7190,-,-,-
TXO,202609,20260916.0,54300.0,Call,-,-,-,-,3.7,-,-,0,0,0,24,0.8,63,195,4.2
TXO,202609,20260916.0,54300.0,Put,-,-,-,-,7320.0,-,-,0,0,0,0,-,-,-,-
TXO,202609,20260916.0,54400.0,Call,-,-,-,-,3.6,-,-,0,0,0,27,3.3,3.8,1040,9.5
TXO,202609,20260916.0,54400.0,Put,-,-,-,-,7420.0,-,-,0,0,0,0,-,7460,-,-
TXO,202609,20260916.0,54500.0,Call,3.5,3.5,3.5,3.5,3.5,▼-1,▼-22.22%,0,8,8,134,3.3,3.7,300,3.5
TXO,202609,20260916.0,54500.0,Put,-,-,-,-,7520.0,-,-,0,0,0,0,-,-,-,-
TXO,202609,20260916.0,54600.0,Call,3.4,3.4,3.4,3.4,3.4,▼-1,▼-22.73%,0,10,10,48,3.2,3.6,1680,3.4
TXO,202609,20260916.0,54600.0,Put,-,-,-,-,7620.0,-,-,0,0,0,0,-,-,-,-
TXO,202609,20260916.0,54700.0,Call,3.3,3.5,3.3,3.4,3.4,▼-0.9,▼-20.93%,0,16,16,42,3.1,3.5,382,3.3
TXO,202609,20260916.0,54700.0,Put,-,-,-,-,7720.0,-,-,0,0,0,0,-,7760,-,-
TXO,202609,20260916.0,54800.0,Call,3,3,3,3,3.0,▼-1.2,▼-28.57%,0,5,5,26,3,3.4,370,3
TXO,202609,20260916.0,54800.0,Put,-,-,-,-,7820.0,-,-,0,0,0,0,-,-,-,-
TXO,202609,20260916.0,54900.0,Call,3,3,3,3,3.0,▼-1.1,▼-26.83%,0,5,5,9,2.9,3,205,3
TXO,202609,20260916.0,54900.0,Put,-,-,-,-,7920.0,-,-,0,0,0,0,7880,-,-,-
TXO,202609,20260916.0,55000.0,Call,3.2,3.2,2.9,2.9,2.9,▼-1.2,▼-29.27%,2,2,4,335,0.8,570,1240,0.5
TXO,202609,20260916.0,55000.0,Put,-,-,-,-,8020.0,-,-,0,0,0,1,7890,8070,10230,10230
TXO,202609,20260916.0,55200.0,Call,3.1,3.1,3.1,3.1,2.9,▼-0.7,▼-18.42%,0,1,1,9,2.6,3.1,350,3.1
TXO,202609,20260916.0,55200.0,Put,-,-,-,-,8220.0,-,-,0,0,0,0,8180,-,-,-
TXO,202609,20260916.0,55400.0,Call,2.9,2.9,2.9,2.9,2.9,▼-0.7,▼-19.44%,0,1,1,33,0.8,104,800,2.8
TXO,202609,20260916.0,55400.0,Put,-,-,-,-,8420.0,-,-,0,0,0,176,7840,8540,12880,9200
TXO,202609,20260916.0,55600.0,Call,2.7,2.7,2.7,2.7,2.7,▼-0.6,▼-18.18%,0,1,1,19,1,570,1400,2.7
TXO,202609,20260916.0,55600.0,Put,-,-,-,-,8620.0,-,-,0,0,0,0,8540,8740,-,-
TXO,202609,20260916.0,55800.0,Call,2.9,3,2.5,3,2.4,▼-0.1,▼-3.23%,8,6,14,912,2.1,2.6,1350,2.5
TXO,202609,20260916.0,55800.0,Put,-,-,-,-,8820.0,-,-,0,0,0,0,8700,8940,-,-
TXO,202609F3,20260918.0,41200.0,Call,-,-,-,-,5820.0,-,-,0,0,0,0,-,-,-,-
TXO,202609F3,20260918.0,41200.0,Put,19,22,19,22,22.0,▲+1.5,▲+7.32%,18,18,36,48,21,22,44,19
TXO,202609F3,20260918.0,41300.0,Call,-,-,-,-,5720.0,-,-,0,0,0,0,-,5770,-,-
TXO,202609F3,20260918.0,41300.0,Put,17.5,20.5,17.5,20.5,22.5,▼-1.5,▼-6.82%,0,2,2,7,22,23,34,17.5
TXO,202609F3,20260918.0,41400.0,Call,-,-,-,-,5620.0,-,-,0,0,0,0,-,5740,-,-
TXO,202609F3,20260918.0,41400.0,Put,22.5,22.5,22.5,22.5,23.0,0,0%,0,1,1,4,-,-,46,22.5
TXO,202609F3,20260918.0,41500.0,Call,-,-,-,-,5520.0,-,-,0,0,0,0,-,5640,-,-
TXO,202609F3,20260918.0,41500.0,Put,21,21,21,21,24.0,▼-2,▼-8.70%,0,5,5,15,23.5,24.5,44.5,21
TXO,202609F3,20260918.0,41600.0,Call,-,-,-,-,5420.0,-,-,0,0,0,0,-,-,-,-
TXO,202609F3,20260918.0,41600.0,Put,-,-,-,-,25.0,-,-,0,0,0,1,24.5,25.5,46.5,46.5
TXO,202609F3,20260918.0,41700.0,Call,-,-,-,-,5330.0,-,-,0,0,0,0,-,5440,-,-
TXO,202609F3,20260918.0,41700.0,Put,-,-,-,-,26.0,-,-,0,0,0,0,25.5,26.5,-,-
TXO,202609F3,20260918.0,41800.0,Call,-,-,-,-,5230.0,-,-,0,0,0,0,-,5340,-,-
TXO,202609F3,20260918.0,41800.0,Put,-,-,-,-,26.5,-,-,0,0,0,0,0.4,-,-,-
TXO,202609F3,20260918.0,41900.0,Call,-,-,-,-,5130.0,-,-,0,0,0,0,-,-,-,-
TXO,202609F3,20260918.0,41900.0,Put,25,25,25,25,27.5,▼-2,▼-7.41%,0,1,1,10,27,28,53,25
TXO,202609F3,20260918.0,42000.0,Call,-,-,-,-,5030.0,-,-,0,0,0,0,-,5070,-,-
TXO,202609F3,20260918.0,42000.0,Put,-,-,-,-,29.0,-,-,0,0,0,14,28.5,29.5,63,27.5
TXO,202609F3,20260918.0,42100.0,Call,-,-,-,-,4930.0,-,-,0,0,0,0,-,4970,-,-
TXO,202609F3,20260918.0,42100.0,Put,-,-,-,-,30.0,-,-,0,0,0,12,29.5,30.5,61,57
TXO,202609F3,20260918.0,42200.0,Call,-,-,-,-,4830.0,-,-,0,0,0,0,-,4950,-,-
TXO,202609F3,20260918.0,42200.0,Put,30.5,30.5,30.5,30.5,30.5,▼-0.5,▼-1.61%,0,1,1,15,30.5,31.5,69,29
TXO,202609F3,20260918.0,42300.0,Call,-,-,-,-,4730.0,-,-,0,0,0,0,-,-,-,-
TXO,202609F3,20260918.0,42300.0,Put,-,-,-,-,32.5,-,-,0,0,0,12,32,33,66,63
TXO,202609F3,20260918.0,42400.0,Call,-,-,-,-,4630.0,-,-,0,0,0,0,-,-,-,-
TXO,202609F3,20260918.0,42400.0,Put,-,-,-,-,34.0,-,-,0,0,0,12,33.5,34.5,70,66
TXO,202609F3,20260918.0,42500.0,Call,-,-,-,-,4540.0,-,-,0,0,0,0,-,-,-,-
TXO,202609F3,20260918.0,42500.0,Put,31,36,31,36,36.0,▲+1,▲+2.86%,2,6,8,17,0.5,52,74,25
TXO,202609F3,20260918.0,42600.0,Call,-,-,-,-,4440.0,-,-,0,0,0,0,-,4480,-,-
TXO,202609F3,20260918.0,42600.0,Put,-,-,-,-,37.5,-,-,0,0,0,6,37,38,78,78
TXO,202609F3,20260918.0,42700.0,Call,-,-,-,-,4340.0,-,-,0,0,0,0,-,-,-,-
TXO,202609F3,20260918.0,42700.0,Put,-,-,-,-,39.0,-,-,0,0,0,7,38.5,39.5,69,51
TXO,202609F3,20260918.0,42800.0,Call,-,-,-,-,4240.0,-,-,0,0,0,0,-,4360,-,-
TXO,202609F3,20260918.0,42800.0,Put,40.5,40.5,40.5,40.5,40.5,▲+1,▲+2.53%,1,1,2,2,0.5,45,51,40.5
TXO,202609F3,20260918.0,42900.0,Call,-,-,-,-,4140.0,-,-,0,0,0,0,-,-,-,-
TXO,202609F3,20260918.0,42900.0,Put,35.5,35.5,35,35,43.5,▼-6,▼-14.63%,0,5,5,6,42.5,44,97,35
TXO,202609F3,20260918.0,43000.0,Call,-,-,-,-,4050.0,-,-,0,0,0,0,-,-,-,-
TXO,202609F3,20260918.0,43000.0,Put,42,42,42,42,46.0,▼-3,▼-6.67%,1,1,2,11,45,46.5,100,42
TXO,202609F3,20260918.0,43100.0,Call,-,-,-,-,3950.0,-,-,0,0,0,0,-,4060,-,-
TXO,202609F3,20260918.0,43100.0,Put,47,47,47,47,47.0,▲+1,▲+2.17%,0,1,1,1,2.9,-,47,47
TXO,202609F3,20260918.0,43200.0,Call,-,-,-,-,3850.0,-,-,0,0,0,0,-,3960,-,-
TXO,202609F3,20260918.0,43200.0,Put,44.5,47.5,41,47.5,51.0,▼-0.5,▼-1.04%,1,7,8,5,50,52,107,41
TXO,202609F3,20260918.0,43300.0,Call,-,-,-,-,3750.0,-,-,0,0,0,0,-,3790,-,-
TXO,202609F3,20260918.0,43300.0,Put,45.5,52,45.5,52,52.0,▲+2,▲+4.00%,0,2,2,2,53,55,52,45.5
TXO,202609F3,20260918.0,43400.0,Call,-,-,-,-,3660.0,-,-,0,0,0,0,-,-,-,-
TXO,202609F3,20260918.0,43400.0,Put,44.5,57,44.5,57,57.0,▲+5,▲+9.62%,0,11,11,3,57,59,104,44.5
TXO,202609F3,20260918.0,43500.0,Call,-,-,-,-,3560.0,-,-,0,0,0,0,-,-,-,-
TXO,202609F3,20260918.0,43500.0,Put,56,56,46,49,61.0,▼-7,▼-12.50%,9,3,12,13,-,152,132,46
TXO,202609F3,20260918.0,43600.0,Call,-,-,-,-,3470.0,-,-,0,0,0,0,-,3500,-,-
TXO,202609F3,20260918.0,43600.0,Put,51,51,51,51,66.0,▼-8,▼-13.56%,0,1,1,3,1.3,68,104,51
TXO,202609F3,20260918.0,43700.0,Call,-,-,-,-,3370.0,-,-,0,0,0,0,-,3480,-,-
TXO,202609F3,20260918.0,43700.0,Put,54,68,54,68,68.0,▲+5,▲+7.94%,0,2,2,2,1.3,88,68,54
TXO,202609F3,20260918.0,43800.0,Call,-,-,-,-,3270.0,-,-,0,0,0,0,-,3310,-,-
TXO,202609F3,20260918.0,43800.0,Put,56,72,56,72,72.0,▲+5,▲+7.46%,0,2,2,2,1.3,96,72,56
TXO,202609F3,20260918.0,43900.0,Call,-,-,-,-,3180.0,-,-,0,0,0,0,-,-,-,-
TXO,202609F3,20260918.0,43900.0,Put,-,-,-,-,80.0,-,-,0,0,0,7,78,81,88,83
TXO,202609F3,20260918.0,44000.0,Call,-,-,-,-,3090.0,-,-,0,0,0,0,-,-,-,-
TXO,202609F3,20260918.0,44000.0,Put,67,77,67,77,85.0,0,0%,0,3,3,9,60,-,130,67
TXO,202609F3,20260918.0,44100.0,Call,-,-,-,-,2990.0,-,-,0,0,0,0,-,-,-,-
TXO,202609F3,20260918.0,44100.0,Put,69,82,69,82,91.0,▲+2,▲+2.50%,1,4,5,5,90,92,156,69
TXO,202609F3,20260918.0,44200.0,Call,-,-,-,-,2900.0,-,-,0,0,0,0,-,3010,-,-
TXO,202609F3,20260918.0,44200.0,Put,79,79,79,79,98.0,▼-6,▼-7.06%,0,1,1,0,97,99,186,79
TXO,202609F3,20260918.0,44300.0,Call,-,-,-,-,2810.0,-,-,0,0,0,0,-,2910,-,-
TXO,202609F3,20260918.0,44300.0,Put,-,-,-,-,106.0,-,-,2,0,2,3,27.5,185,108,92
TXO,202609F3,20260918.0,44400.0,Call,-,-,-,-,2710.0,-,-,0,0,0,0,-,2820,-,-
TXO,202609F3,20260918.0,44400.0,Put,96,96,96,96,114.0,▼-6,▼-5.88%,1,1,2,3,112,115,170,96
TXO,202609F3,20260918.0,44500.0,Call,-,-,-,-,2620.0,-,-,0,0,0,0,-,2730,-,-
TXO,202609F3,20260918.0,44500.0,Put,100,109,100,109,123.0,▲+6,▲+5.83%,6,5,11,12,1.3,-,258,100
TXO,202609F3,20260918.0,44550.0,Call,-,-,-,-,2580.0,-,-,0,0,0,0,-,2690,-,-
TXO,202609F3,20260918.0,44550.0,Put,-,-,-,-,128.0,-,-,1,0,1,4,2.5,200,110,108
TXO,202609F3,20260918.0,44600.0,Call,-,-,-,-,2530.0,-,-,0,0,0,0,-,2640,-,-
TXO,202609F3,20260918.0,44600.0,Put,93,132,93,132,132.0,▲+23,▲+21.10%,0,2,2,2,129,133,199,93
TXO,202609F3,20260918.0,44650.0,Call,-,-,-,-,2490.0,-,-,0,0,0,0,-,2590,-,-
TXO,202609F3,20260918.0,44650.0,Put,-,-,-,-,137.0,-,-,0,0,0,0,135,138,195,148
TXO,202609F3,20260918.0,44700.0,Call,-,-,-,-,2440.0,-,-,0,0,0,0,-,-,-,-
TXO,202609F3,20260918.0,44700.0,Put,102,102,102,102,143.0,▼-15,▼-12.82%,0,1,1,1,141,144,102,102
TXO,202609F3,20260918.0,44750.0,Call,-,-,-,-,2400.0,-,-,0,0,0,0,-,2500,-,-
TXO,202609F3,20260918.0,44750.0,Put,-,-,-,-,148.0,-,-,0,0,0,0,146,149,-,-
TXO,202609F3,20260918.0,44800.0,Call,-,-,-,-,2350.0,-,-,0,0,0,0,-,2460,-,-
TXO,202609F3,20260918.0,44800.0,Put,149,149,149,149,149.0,▲+22,▲+17.32%,1,1,2,5,-,-,220,127
TXO,202609F3,20260918.0,44850.0,Call,-,-,-,-,2310.0,-,-,0,0,0,0,-,2420,-,-
TXO,202609F3,20260918.0,44850.0,Put,-,-,-,-,160.0,-,-,0,0,0,0,2.4,-,-,-
TXO,202609F3,20260918.0,44900.0,Call,-,-,-,-,2270.0,-,-,0,0,0,0,-,-,-,-
TXO,202609F3,20260918.0,44900.0,Put,-,-,-,-,166.0,-,-,0,0,0,0,164,167,-,-
TXO,202609F3,20260918.0,44950.0,Call,-,-,-,-,2220.0,-,-,0,0,0,0,-,2330,-,-
TXO,202609F3,20260918.0,44950.0,Put,-,-,-,-,172.0,-,-,0,0,0,0,170,174,-,-
TXO,202609F3,20260918.0,45000.0,Call,-,-,-,-,2180.0,-,-,0,0,0,0,-,2280,-,-
TXO,202609F3,20260918.0,45000.0,Put,142,142,127,127,179.0,▼-19,▼-13.01%,4,2,6,21,177,181,370,127
TXO,202609F3,20260918.0,45050.0,Call,-,-,-,-,2140.0,-,-,1,0,1,0,-,2240,2550,2550
TXO,202609F3,20260918.0,45050.0,Put,161,178,159,177,187.0,▲+30,▲+20.41%,0,9,9,3,82,-,280,156
TXO,202609F3,20260918.0,45100.0,Call,-,-,-,-,2090.0,-,-,0,0,0,0,-,2200,-,-
TXO,202609F3,20260918.0,45100.0,Put,-,-,-,-,194.0,-,-,0,0,0,1,-,277,235,235
TXO,202609F3,20260918.0,45150.0,Call,-,-,-,-,2050.0,-,-,0,0,0,0,-,2150,-,-
TXO,202609F3,20260918.0,45150.0,Put,-,-,-,-,200.0,-,-,0,0,0,0,-,-,-,-
TXO,202609F3,20260918.0,45200.0,Call,-,-,-,-,2010.0,-,-,0,0,0,0,-,-,-,-
TXO,202609F3,20260918.0,45200.0,Put,145,208,139,208,208.0,▲+44,▲+26.83%,1,35,36,32,206,211,208,139
TXO,202609F3,20260918.0,45250.0,Call,-,-,-,-,1970.0,-,-,0,0,0,0,-,2000,-,-
TXO,202609F3,20260918.0,45250.0,Put,-,-,-,-,218.0,-,-,0,0,0,0,123,-,-,-
TXO,202609F3,20260918.0,45300.0,Call,-,-,-,-,1930.0,-,-,0,0,0,0,-,-,-,-
TXO,202609F3,20260918.0,45300.0,Put,160,160,160,160,227.0,▼-15,▼-8.57%,0,1,1,40,224,229,218,160
TXO,202609F3,20260918.0,45350.0,Call,-,-,-,-,1890.0,-,-,0,0,0,0,-,-,-,-
TXO,202609F3,20260918.0,45350.0,Put,-,-,-,-,235.0,-,-,0,0,0,0,232,237,-,-
TXO,202609F3,20260918.0,45400.0,Call,-,-,-,-,1840.0,-,-,0,0,0,0,-,-,-,-
TXO,202609F3,20260918.0,45400.0,Put,-,-,-,-,244.0,-,-,0,0,0,20,241,246,525,355
TXO,202609F3,20260918.0,45450.0,Call,-,-,-,-,1800.0,-,-,0,0,0,0,-,-,-,-
TXO,202609F3,20260918.0,45450.0,Put,-,-,-,-,254.0,-,-,0,0,0,0,251,256,-,-
TXO,202609F3,20260918.0,45500.0,Call,-,-,-,-,1760.0,-,-,0,0,0,0,-,-,-,-
TXO,202609F3,20260918.0,45500.0,Put,-,-,-,-,264.0,-,-,0,0,0,4,261,266,382,382
TXO,202609F3,20260918.0,45550.0,Call,-,-,-,-,1730.0,-,-,0,0,0,0,-,1760,-,-
TXO,202609F3,20260918.0,45550.0,Put,-,-,-,-,274.0,-,-,0,0,0,0,-,-,-,-
TXO,202609F3,20260918.0,45600.0,Call,-,-,-,-,1690.0,-,-,0,0,0,0,-,1720,-,-
TXO,202609F3,20260918.0,45600.0,Put,-,-,-,-,285.0,-,-,0,0,0,1,282,287,293,293
TXO,202609F3,20260918.0,45650.0,Call,-,-,-,-,1650.0,-,-,1,0,1,0,-,-,2030,2030
TXO,202609F3,20260918.0,45650.0,Put,-,-,-,-,296.0,-,-,0,0,0,0,293,298,-,-
TXO,202609F3,20260918.0,45700.0,Call,-,-,-,-,1610.0,-,-,0,0,0,0,-,1700,-,-
TXO,202609F3,20260918.0,45700.0,Put,307,307,307,307,307.0,▲+73,▲+31.20%,0,30,30,33,137,383,307,294
TXO,202609F3,20260918.0,45750.0,Call,-,-,-,-,1570.0,-,-,0,0,0,1,1460,-,1950,1950
TXO,202609F3,20260918.0,45750.0,Put,-,-,-,-,319.0,-,-,0,0,0,0,316,321,-,-
TXO,202609F3,20260918.0,45800.0,Call,-,-,-,-,1530.0,-,-,0,0,0,0,-,-,-,-
TXO,202609F3,20260918.0,45800.0,Put,267,290,242,290,331.0,▲+39,▲+15.54%,0,4,4,3,328,334,290,242
TXO,202609F3,20260918.0,45850.0,Call,-,-,-,-,1500.0,-,-,0,0,0,0,-,1590,-,-
TXO,202609F3,20260918.0,45850.0,Put,-,-,-,-,344.0,-,-,0,0,0,0,-,-,-,-
TXO,202609F3,20260918.0,45900.0,Call,-,-,-,-,1460.0,-,-,0,0,0,0,-,1490,-,-
TXO,202609F3,20260918.0,45900.0,Put,-,-,-,-,357.0,-,-,0,0,0,0,250,-,-,-
TXO,202609F3,20260918.0,45950.0,Call,-,-,-,-,1420.0,-,-,0,0,0,0,-,1450,-,-
TXO,202609F3,20260918.0,45950.0,Put,-,-,-,-,370.0,-,-,0,0,0,0,367,373,-,-
TXO,202609F3,20260918.0,46000.0,Call,-,-,-,-,1390.0,-,-,0,0,0,0,-,-,-,-
TXO,202609F3,20260918.0,46000.0,Put,-,-,-,-,384.0,-,-,0,0,0,3,-,475,695,299
TXO,202609F3,20260918.0,46050.0,Call,-,-,-,-,1350.0,-,-,0,0,0,0,-,-,-,-
TXO,202609F3,20260918.0,46050.0,Put,-,-,-,-,399.0,-,-,0,0,0,0,242,-,-,-
TXO,202609F3,20260918.0,46100.0,Call,-,-,-,-,1310.0,-,-,0,0,0,0,1300,1320,-,-
TXO,202609F3,20260918.0,46100.0,Put,-,-,-,-,413.0,-,-,0,0,0,0,-,-,-,-
TXO,202609F3,20260918.0,46150.0,Call,-,-,-,-,1280.0,-,-,0,0,0,0,-,-,-,-
TXO,202609F3,20260918.0,46150.0,Put,-,-,-,-,429.0,-,-,0,0,0,0,288,-,-,-
TXO,202609F3,20260918.0,46200.0,Call,-,-,-,-,1250.0,-,-,0,0,0,0,1230,1250,-,-
TXO,202609F3,20260918.0,46200.0,Put,-,-,-,-,445.0,-,-,0,0,0,0,276,-,-,-
TXO,202609F3,20260918.0,46250.0,Call,-,-,-,-,1210.0,-,-,0,0,0,0,1200,1220,-,-
TXO,202609F3,20260918.0,46250.0,Put,-,-,-,-,461.0,-,-,0,0,0,0,373,-,-,-
TXO,202609F3,20260918.0,46300.0,Call,-,-,-,-,1180.0,-,-,0,0,0,0,-,-,-,-
TXO,202609F3,20260918.0,46300.0,Put,332,332,332,332,477.0,▼-25,▼-7.00%,0,1,1,1,-,-,332,332
TXO,202609F3,20260918.0,46350.0,Call,-,-,-,-,1150.0,-,-,0,0,0,0,1130,1150,-,-
TXO,202609F3,20260918.0,46350.0,Put,-,-,-,-,494.0,-,-,0,0,0,2,378,585,378,378
TXO,202609F3,20260918.0,46400.0,Call,-,-,-,-,1110.0,-,-,0,0,0,0,1100,1120,1420,1230
TXO,202609F3,20260918.0,46400.0,Put,-,-,-,-,510.0,-,-,0,0,0,2,505,515,399,364
TXO,202609F3,20260918.0,46450.0,Call,-,-,-,-,1080.0,-,-,0,0,0,0,1070,1090,-,-
TXO,202609F3,20260918.0,46450.0,Put,-,-,-,-,530.0,-,-,0,0,0,1,525,535,770,770
TXO,202609F3,20260918.0,46500.0,Call,-,-,-,-,1050.0,-,-,0,0,0,0,1040,1060,-,-
TXO,202609F3,20260918.0,46500.0,Put,490,490,490,490,550.0,▲+78,▲+18.93%,1,1,2,1,545,555,490,435
TXO,202609F3,20260918.0,46550.0,Call,-,-,-,-,1020.0,-,-,0,0,0,0,1010,1030,-,-
TXO,202609F3,20260918.0,46550.0,Put,-,-,-,-,570.0,-,-,0,0,0,1,474,-,570,570
TXO,202609F3,20260918.0,46600.0,Call,-,-,-,-,990.0,-,-,0,0,0,1,-,1080,1310,1310
TXO,202609F3,20260918.0,46600.0,Put,-,-,-,-,590.0,-,-,0,0,0,2,580,595,840,486
TXO,202609F3,20260918.0,46650.0,Call,-,-,-,-,960.0,-,-,0,0,0,0,955,965,-,-
TXO,202609F3,20260918.0,46650.0,Put,-,-,-,-,610.0,-,-,0,0,0,0,600,615,-,-
TXO,202609F3,20260918.0,46700.0,Call,-,-,-,-,930.0,-,-,0,0,0,1,-,1020,1230,1230
TXO,202609F3,20260918.0,46700.0,Put,-,-,-,-,630.0,-,-,0,0,0,1,625,635,520,520
TXO,202609F3,20260918.0,46750.0,Call,-,-,-,-,900.0,-,-,0,0,0,1,-,-,1250,800
TXO,202609F3,20260918.0,46750.0,Put,-,-,-,-,650.0,-,-,0,0,0,0,520,-,825,492
TXO,202609F3,20260918.0,46800.0,Call,-,-,-,-,875.0,-,-,0,0,0,1,865,880,1190,1190
TXO,202609F3,20260918.0,46800.0,Put,510,510,510,510,670.0,0,0%,0,5,5,1,665,675,805,510
TXO,202609F3,20260918.0,46850.0,Call,-,-,-,-,845.0,-,-,0,0,0,0,840,850,-,-
TXO,202609F3,20260918.0,46850.0,Put,498,580,498,580,695.0,▲+55,▲+10.48%,0,2,2,1,3.8,-,580,498
TXO,202609F3,20260918.0,46900.0,Call,-,-,-,-,820.0,-,-,0,0,0,1,-,910,1110,1110
TXO,202609F3,20260918.0,46900.0,Put,515,515,515,515,715.0,▼-30,▼-5.50%,0,1,1,2,710,720,595,515
TXO,202609F3,20260918.0,46950.0,Call,-,-,-,-,790.0,-,-,0,0,0,0,785,795,-,-
TXO,202609F3,20260918.0,46950.0,Put,-,-,-,-,740.0,-,-,0,0,0,0,735,745,-,-
TXO,202609F3,20260918.0,47000.0,Call,970,970,765,765,765.0,▼-315,▼-29.17%,1,2,3,4,675,855,980,755
TXO,202609F3,20260918.0,47000.0,Put,550,755,550,755,755.0,▲+160,▲+26.89%,1,6,7,3,640,880,755,550
TXO,202609F3,20260918.0,47050.0,Call,740,740,740,740,740.0,▼-310,▼-29.52%,0,1,1,1,735,745,740,740
TXO,202609F3,20260918.0,47050.0,Put,570,780,570,780,780.0,▲+180,▲+30.00%,0,3,3,1,3.8,905,780,570
TXO,202609F3,20260918.0,47100.0,Call,-,-,-,-,715.0,-,-,0,0,0,10,710,720,985,890
TXO,202609F3,20260918.0,47100.0,Put,-,-,-,-,815.0,-,-,0,0,0,1,805,820,780,675
TXO,202609F3,20260918.0,47150.0,Call,-,-,-,-,690.0,-,-,0,0,0,0,580,-,-,-
TXO,202609F3,20260918.0,47150.0,Put,655,655,655,655,840.0,▲+15,▲+2.34%,0,1,1,1,835,845,655,655
TXO,202609F3,20260918.0,47200.0,Call,770,770,770,770,670.0,▼-195,▼-20.21%,0,1,1,1,570,760,905,640
TXO,202609F3,20260918.0,47200.0,Put,630,630,630,630,865.0,▼-35,▼-5.26%,0,1,1,2,860,870,735,630
TXO,202609F3,20260918.0,47250.0,Call,-,-,-,-,645.0,-,-,0,0,0,0,555,-,-,-
TXO,202609F3,20260918.0,47250.0,Put,650,650,650,650,895.0,▼-35,▼-5.11%,0,1,1,1,885,895,650,650
TXO,202609F3,20260918.0,47300.0,Call,810,810,660,660,620.0,▼-250,▼-27.47%,0,2,2,1,615,625,810,660
TXO,202609F3,20260918.0,47300.0,Put,660,760,660,760,920.0,▲+55,▲+7.80%,0,2,2,1,910,925,760,660
TXO,202609F3,20260918.0,47350.0,Call,-,-,-,-,595.0,-,-,0,0,0,0,590,605,-,-
TXO,202609F3,20260918.0,47350.0,Put,785,785,785,785,945.0,▲+55,▲+7.53%,0,1,1,1,940,950,785,785
TXO,202609F3,20260918.0,47400.0,Call,745,745,635,635,575.0,▼-220,▼-25.73%,0,3,3,2,-,670,745,635
TXO,202609F3,20260918.0,47400.0,Put,705,730,705,730,975.0,▼-20,▼-2.67%,0,2,2,2,970,980,780,705
TXO,202609F3,20260918.0,47450.0,Call,-,-,-,-,555.0,-,-,0,0,0,0,550,560,-,-
TXO,202609F3,20260918.0,47450.0,Put,740,830,740,830,1000.0,▲+55,▲+7.10%,0,2,2,0,995,1010,830,740
TXO,202609F3,20260918.0,47500.0,Call,540,545,540,545,545.0,▼-240,▼-30.57%,0,2,2,0,530,540,795,540
TXO,202609F3,20260918.0,47500.0,Put,780,1030,780,1020,1020.0,▲+220,▲+27.50%,0,3,3,1,1020,1040,1030,780
TXO,202609F3,20260918.0,47550.0,Call,-,-,-,-,515.0,-,-,0,0,0,0,510,520,-,-
TXO,202609F3,20260918.0,47550.0,Put,-,-,-,-,1060.0,-,-,0,0,0,0,2.5,-,-,-
TXO,202609F3,20260918.0,47600.0,Call,-,-,-,-,495.0,-,-,0,0,0,0,-,-,417,417
TXO,202609F3,20260918.0,47600.0,Put,-,-,-,-,1090.0,-,-,0,0,0,0,-,-,-,-
TXO,202609F3,20260918.0,47650.0,Call,-,-,-,-,476.0,-,-,0,0,0,0,379,-,-,-
TXO,202609F3,20260918.0,47650.0,Put,925,925,910,910,1120.0,▲+40,▲+4.60%,0,2,2,2,1000,-,925,910
TXO,202609F3,20260918.0,47700.0,Call,520,520,520,520,457.0,▼-180,▼-25.71%,0,1,1,1,-,-,520,520
TXO,202609F3,20260918.0,47700.0,Put,945,945,945,945,1150.0,▲+50,▲+5.59%,0,1,1,1,1070,-,945,945
TXO,202609F3,20260918.0,47750.0,Call,-,-,-,-,439.0,-,-,0,0,0,0,331,-,-,-
TXO,202609F3,20260918.0,47750.0,Put,-,-,-,-,1190.0,-,-,0,0,0,0,-,-,-,-
TXO,202609F3,20260918.0,47800.0,Call,-,-,-,-,421.0,-,-,1,0,1,6,314,575,600,319
TXO,202609F3,20260918.0,47800.0,Put,960,1000,960,1000,1220.0,▲+50,▲+5.26%,0,2,2,0,1200,-,1000,960
TXO,202609F3,20260918.0,47850.0,Call,-,-,-,-,404.0,-,-,0,0,0,0,296,-,-,-
TXO,202609F3,20260918.0,47850.0,Put,-,-,-,-,1250.0,-,-,0,0,0,0,-,-,-,-
TXO,202609F3,20260918.0,47900.0,Call,459,459,459,459,387.0,▼-146,▼-24.13%,0,1,1,1,278,-,600,459
TXO,202609F3,20260918.0,47900.0,Put,-,-,-,-,1280.0,-,-,0,0,0,0,-,-,-,-
TXO,202609F3,20260918.0,47950.0,Call,-,-,-,-,370.0,-,-,0,0,0,0,261,-,-,-
TXO,202609F3,20260918.0,47950.0,Put,-,-,-,-,1320.0,-,-,0,0,0,0,-,-,-,-
TXO,202609F3,20260918.0,48000.0,Call,-,-,-,-,355.0,-,-,0,0,0,7,3,470,555,203
TXO,202609F3,20260918.0,48000.0,Put,1210,1350,1210,1350,1350.0,▲+290,▲+27.36%,20,6,26,14,1280,-,1350,1090
TXO,202609F3,20260918.0,48050.0,Call,-,-,-,-,341.0,-,-,0,0,0,0,261,-,-,-
TXO,202609F3,20260918.0,48050.0,Put,-,-,-,-,1390.0,-,-,0,0,0,0,-,-,-,-
TXO,202609F3,20260918.0,48100.0,Call,-,-,-,-,327.0,-,-,0,0,0,0,323,329,-,-
TXO,202609F3,20260918.0,48100.0,Put,-,-,-,-,1420.0,-,-,0,0,0,0,-,-,2000,1830
TXO,202609F3,20260918.0,48150.0,Call,-,-,-,-,313.0,-,-,0,0,0,0,309,315,-,-
TXO,202609F3,20260918.0,48150.0,Put,-,-,-,-,1460.0,-,-,0,0,0,0,-,-,-,-
TXO,202609F3,20260918.0,48200.0,Call,449,449,449,449,300.0,▼-39,▼-7.99%,0,1,1,1,222,394,449,449
TXO,202609F3,20260918.0,48200.0,Put,-,-,-,-,1500.0,-,-,0,0,0,0,-,-,-,-
TXO,202609F3,20260918.0,48250.0,Call,-,-,-,-,287.0,-,-,0,0,0,0,189,-,-,-
TXO,202609F3,20260918.0,48250.0,Put,-,-,-,-,1530.0,-,-,0,0,0,0,-,-,-,-
TXO,202609F3,20260918.0,48300.0,Call,-,-,-,-,275.0,-,-,0,0,0,2,272,278,419,170
TXO,202609F3,20260918.0,48300.0,Put,-,-,-,-,1570.0,-,-,0,0,0,0,-,-,-,-
TXO,202609F3,20260918.0,48350.0,Call,-,-,-,-,263.0,-,-,0,0,0,0,260,266,-,-
TXO,202609F3,20260918.0,48350.0,Put,-,-,-,-,1610.0,-,-,0,0,0,0,1590,-,-,-
TXO,202609F3,20260918.0,48400.0,Call,284,284,284,284,252.0,▼-123,▼-30.22%,0,1,1,7,104,345,407,218
TXO,202609F3,20260918.0,48400.0,Put,-,-,-,-,1650.0,-,-,0,0,0,18,1560,-,1540,1280
TXO,202609F3,20260918.0,48450.0,Call,-,-,-,-,240.0,-,-,0,0,0,0,238,243,-,-
TXO,202609F3,20260918.0,48450.0,Put,-,-,-,-,1690.0,-,-,0,0,0,0,-,-,-,-
TXO,202609F3,20260918.0,48500.0,Call,261,261,251,251,230.0,▼-135,▼-34.97%,11,5,16,19,146,372,400,126
TXO,202609F3,20260918.0,48500.0,Put,1360,1720,1360,1720,1720.0,▲+340,▲+24.64%,0,2,2,4,1690,-,1720,1360
TXO,202609F3,20260918.0,48550.0,Call,-,-,-,-,219.0,-,-,0,0,0,0,217,222,-,-
TXO,202609F3,20260918.0,48550.0,Put,-,-,-,-,1770.0,-,-,0,0,0,0,1730,-,-,-
TXO,202609F3,20260918.0,48600.0,Call,-,-,-,-,210.0,-,-,0,0,0,1,206,211,351,112
TXO,202609F3,20260918.0,48600.0,Put,-,-,-,-,1810.0,-,-,0,0,0,0,-,-,-,-
TXO,202609F3,20260918.0,48650.0,Call,-,-,-,-,200.0,-,-,0,0,0,0,197,202,-,-
TXO,202609F3,20260918.0,48650.0,Put,-,-,-,-,1850.0,-,-,0,0,0,0,-,-,-,-
TXO,202609F3,20260918.0,48700.0,Call,260,260,203,203,191.0,▼-125,▼-38.11%,0,3,3,4,90,358,306,114
TXO,202609F3,20260918.0,48700.0,Put,-,-,-,-,1890.0,-,-,0,0,0,0,1790,-,-,-
TXO,202609F3,20260918.0,48800.0,Call,278,278,278,278,173.0,▼-22,▼-7.33%,0,1,1,13,171,176,300,95
TXO,202609F3,20260918.0,48800.0,Put,-,-,-,-,1970.0,-,-,0,0,0,0,1870,-,-,-
TXO,202609F3,20260918.0,48900.0,Call,233,233,195,195,157.0,▼-83,▼-29.86%,0,2,2,2,155,159,255,105
TXO,202609F3,20260918.0,48900.0,Put,-,-,-,-,2050.0,-,-,0,0,0,0,2020,-,-,-
TXO,202609F3,20260918.0,49000.0,Call,198,198,153,153,153.0,▼-107,▼-41.15%,0,6,6,38,140,144,260,74
TXO,202609F3,20260918.0,49000.0,Put,-,-,-,-,2140.0,-,-,0,0,0,0,-,-,-,-
TXO,202609F3,20260918.0,49100.0,Call,138,138,128,128,128.0,▼-106,▼-45.30%,0,4,4,5,127,130,207,104
TXO,202609F3,20260918.0,49100.0,Put,-,-,-,-,2230.0,-,-,0,0,0,0,-,-,-,-
TXO,202609F3,20260918.0,49200.0,Call,-,-,-,-,116.0,-,-,0,0,0,1,115,118,102,102
TXO,202609F3,20260918.0,49200.0,Put,-,-,-,-,2310.0,-,-,0,0,0,0,-,-,-,-
TXO,202609F3,20260918.0,49300.0,Call,-,-,-,-,104.0,-,-,1,0,1,3,28,220,171,62
TXO,202609F3,20260918.0,49300.0,Put,-,-,-,-,2400.0,-,-,0,0,0,0,-,-,-,-
TXO,202609F3,20260918.0,49400.0,Call,-,-,-,-,94.0,-,-,1,0,1,2,9.1,-,156,100
TXO,202609F3,20260918.0,49400.0,Put,-,-,-,-,2490.0,-,-,0,0,0,0,-,-,-,-
TXO,202609F3,20260918.0,49500.0,Call,164,164,129,129,85.0,▼-33,▼-20.37%,2,10,12,8,83,86,164,123
TXO,202609F3,20260918.0,49500.0,Put,-,-,-,-,2580.0,-,-,0,0,0,0,-,-,-,-
TXO,202609F3,20260918.0,49600.0,Call,-,-,-,-,76.0,-,-,0,0,0,0,75,78,-,-
TXO,202609F3,20260918.0,49600.0,Put,-,-,-,-,2670.0,-,-,0,0,0,0,-,-,-,-
TXO,202609F3,20260918.0,49700.0,Call,111,111,105,105,69.0,▼-29,▼-21.64%,0,2,2,2,68,70,111,105
TXO,202609F3,20260918.0,49700.0,Put,-,-,-,-,2770.0,-,-,0,0,0,0,-,-,-,-
TXO,202609F3,20260918.0,49800.0,Call,-,-,-,-,62.0,-,-,0,0,0,0,61,63,-,-
TXO,202609F3,20260918.0,49800.0,Put,-,-,-,-,2860.0,-,-,0,0,0,0,-,-,-,-
TXO,202609F3,20260918.0,49900.0,Call,-,-,-,-,56.0,-,-,0,0,0,1,3.2,155,110,100
TXO,202609F3,20260918.0,49900.0,Put,-,-,-,-,2950.0,-,-,0,0,0,0,-,-,-,-
TXO,202609F3,20260918.0,50000.0,Call,80,104,55,55,55.0,▼-42,▼-43.30%,0,10,10,11,50,52,104,36.5
TXO,202609F3,20260918.0,50000.0,Put,-,-,-,-,3050.0,-,-,0,0,0,0,-,-,-,-
TXO,202609F3,20260918.0,50100.0,Call,59,59,59,59,45.5,▼-33,▼-35.87%,0,1,1,2,45,46.5,59,44
TXO,202609F3,20260918.0,50100.0,Put,-,-,-,-,3140.0,-,-,0,0,0,0,3030,-,-,-
TXO,202609F3,20260918.0,50200.0,Call,-,-,-,-,41.5,-,-,0,0,0,0,41,42.5,-,-
TXO,202609F3,20260918.0,50200.0,Put,-,-,-,-,3240.0,-,-,0,0,0,0,3130,-,-,-
TXO,202609F3,20260918.0,50300.0,Call,-,-,-,-,37.5,-,-,3,0,3,0,-,-,75,66
TXO,202609F3,20260918.0,50300.0,Put,-,-,-,-,3330.0,-,-,0,0,0,0,-,-,-,-
TXO,202609F3,20260918.0,50400.0,Call,-,-,-,-,34.0,-,-,0,0,0,1,33.5,35,31,31
TXO,202609F3,20260918.0,50400.0,Put,-,-,-,-,3430.0,-,-,0,0,0,0,3320,-,-,-
TXO,202609F3,20260918.0,50500.0,Call,-,-,-,-,31.5,-,-,0,0,0,2,1.3,161,41,29
TXO,202609F3,20260918.0,50500.0,Put,-,-,-,-,3530.0,-,-,0,0,0,0,3420,-,-,-
TXO,202609F3,20260918.0,50600.0,Call,-,-,-,-,28.5,-,-,0,0,0,0,28,29.5,-,-
TXO,202609F3,20260918.0,50600.0,Put,-,-,-,-,3620.0,-,-,0,0,0,0,-,-,-,-
TXO,202609F3,20260918.0,50700.0,Call,-,-,-,-,27.0,-,-,0,0,0,0,1.3,-,-,-
TXO,202609F3,20260918.0,50700.0,Put,-,-,-,-,3720.0,-,-,0,0,0,0,-,-,-,-
TXO,202609F3,20260918.0,50800.0,Call,-,-,-,-,24.5,-,-,0,0,0,1,1.3,29,32.5,32.5
TXO,202609F3,20260918.0,50800.0,Put,-,-,-,-,3820.0,-,-,0,0,0,0,3710,-,-,-
TXO,202609F3,20260918.0,50900.0,Call,-,-,-,-,23.0,-,-,0,0,0,0,22.5,23.5,-,-
TXO,202609F3,20260918.0,50900.0,Put,-,-,-,-,3920.0,-,-,0,0,0,0,-,-,-,-
TXO,202609F3,20260918.0,51000.0,Call,-,-,-,-,21.5,-,-,0,0,0,0,21,22,-,-
TXO,202609F3,20260918.0,51000.0,Put,-,-,-,-,4020.0,-,-,0,0,0,0,-,-,-,-
TXO,202609F3,20260918.0,51100.0,Call,-,-,-,-,20.0,-,-,0,0,0,3,0.5,-,32.5,32.5
TXO,202609F3,20260918.0,51100.0,Put,-,-,-,-,4120.0,-,-,0,0,0,0,-,-,-,-
TXO,202609F3,20260918.0,51200.0,Call,-,-,-,-,18.5,-,-,0,0,0,0,18,19,-,-
TXO,202609F3,20260918.0,51200.0,Put,-,-,-,-,4210.0,-,-,0,0,0,0,4100,-,-,-
TXO,202609F3,20260918.0,51300.0,Call,-,-,-,-,17.5,-,-,0,0,0,3,0.5,131,30.5,25
TXO,202609F3,20260918.0,51300.0,Put,-,-,-,-,4310.0,-,-,0,0,0,0,4270,-,-,-
TXO,202609F3,20260918.0,51400.0,Call,-,-,-,-,16.5,-,-,0,0,0,0,14,-,-,-
TXO,202609F3,20260918.0,51400.0,Put,-,-,-,-,4410.0,-,-,0,0,0,0,-,-,-,-
TXO,202609F3,20260918.0,51500.0,Call,-,-,-,-,15.5,-,-,0,0,0,0,0.4,-,-,-
TXO,202609F3,20260918.0,51500.0,Put,-,-,-,-,4510.0,-,-,0,0,0,0,-,-,-,-
TXO,202609F3,20260918.0,51600.0,Call,-,-,-,-,14.5,-,-,0,0,0,0,-,-,-,-
TXO,202609F3,20260918.0,51600.0,Put,-,-,-,-,4610.0,-,-,0,0,0,0,4490,-,-,-
TXO,202609F3,20260918.0,51700.0,Call,-,-,-,-,14.0,-,-,0,0,0,0,13.5,14.5,-,-
TXO,202609F3,20260918.0,51700.0,Put,-,-,-,-,4710.0,-,-,0,0,0,0,-,-,-,-
TXO,202609F3,20260918.0,51800.0,Call,-,-,-,-,13.0,-,-,0,0,0,0,0.4,-,-,-
TXO,202609F3,20260918.0,51800.0,Put,-,-,-,-,4810.0,-,-,0,0,0,0,-,-,-,-
TXO,202609F3,20260918.0,51900.0,Call,-,-,-,-,12.5,-,-,0,0,0,0,12,13,-,-
TXO,202609F3,20260918.0,51900.0,Put,-,-,-,-,4910.0,-,-,0,0,0,0,-,-,-,-
TXO,202609F3,20260918.0,52000.0,Call,-,-,-,-,12.0,-,-,0,0,0,0,1,-,-,-
TXO,202609F3,20260918.0,52000.0,Put,-,-,-,-,5010.0,-,-,0,0,0,0,-,-,-,-
TXO,202609F3,20260918.0,52100.0,Call,16.5,16.5,16.5,16.5,11.0,▲+3.5,▲+26.92%,0,5,5,5,-,118,16.5,16.5
TXO,202609F3,20260918.0,52100.0,Put,-,-,-,-,5110.0,-,-,0,0,0,0,-,-,-,-
TXO,202610,20261021.0,33900.0,Call,-,-,-,-,13270.0,-,-,0,0,0,0,-,13350,-,-
TXO,202610,20261021.0,33900.0,Put,29.5,32,28,30.5,30.5,▲+2,▲+7.02%,14,24,38,210,29,32,400,20
TXO,202610,20261021.0,34000.0,Call,-,-,-,-,13170.0,-,-,0,0,0,0,-,13330,-,-
TXO,202610,20261021.0,34000.0,Put,-,-,-,-,32.0,-,-,4,0,4,33,31,33.5,780,28.5
TXO,202610,20261021.0,34100.0,Call,-,-,-,-,13070.0,-,-,0,0,0,0,-,13230,-,-
TXO,202610,20261021.0,34100.0,Put,-,-,-,-,32.5,-,-,0,0,0,9,30,130,105,56
TXO,202610,20261021.0,34200.0,Call,-,-,-,-,12970.0,-,-,0,0,0,0,-,13130,-,-
TXO,202610,20261021.0,34200.0,Put,-,-,-,-,33.0,-,-,0,0,0,4,32,34.5,810,32
TXO,202610,20261021.0,34300.0,Call,-,-,-,-,12870.0,-,-,0,0,0,0,-,13020,-,-
TXO,202610,20261021.0,34300.0,Put,-,-,-,-,33.5,-,-,0,0,0,0,32.5,35,-,-
TXO,202610,20261021.0,34400.0,Call,-,-,-,-,12770.0,-,-,0,0,0,0,-,-,-,-
TXO,202610,20261021.0,34400.0,Put,-,-,-,-,34.0,-,-,0,0,0,3,33,35.5,200,112
TXO,202610,20261021.0,34500.0,Call,-,-,-,-,12670.0,-,-,0,0,0,0,-,12820,-,-
TXO,202610,20261021.0,34500.0,Put,-,-,-,-,34.5,-,-,0,0,0,24,33.5,36,116,54
TXO,202610,20261021.0,34600.0,Call,-,-,-,-,12570.0,-,-,0,0,0,0,-,12730,-,-
TXO,202610,20261021.0,34600.0,Put,-,-,-,-,35.0,-,-,0,0,0,8,34,36.5,299,34
TXO,202610,20261021.0,34700.0,Call,-,-,-,-,12470.0,-,-,0,0,0,0,-,-,-,-
TXO,202610,20261021.0,34700.0,Put,-,-,-,-,35.5,-,-,0,0,0,0,0.2,-,805,30
TXO,202610,20261021.0,34800.0,Call,-,-,-,-,12370.0,-,-,0,0,0,0,-,12530,-,-
TXO,202610,20261021.0,34800.0,Put,-,-,-,-,36.5,-,-,0,0,0,6,0.1,134,314,36.5
TXO,202610,20261021.0,34900.0,Call,-,-,-,-,12280.0,-,-,0,0,0,0,-,12420,-,-
TXO,202610,20261021.0,34900.0,Put,-,-,-,-,37.0,-,-,0,0,0,2,0.1,135,488,35
TXO,202610,20261021.0,35000.0,Call,-,-,-,-,12180.0,-,-,0,0,0,0,-,-,-,-
TXO,202610,20261021.0,35000.0,Put,33,37,33,37,37.0,▲+2,▲+5.71%,17,23,40,123,0.7,236,1060,33
TXO,202610,20261021.0,35100.0,Call,-,-,-,-,12080.0,-,-,0,0,0,0,-,-,-,-
TXO,202610,20261021.0,35100.0,Put,-,-,-,-,38.0,-,-,0,0,0,11,37,39.5,505,40
TXO,202610,20261021.0,35200.0,Call,-,-,-,-,11980.0,-,-,0,0,0,0,-,12130,-,-
TXO,202610,20261021.0,35200.0,Put,-,-,-,-,39.0,-,-,0,0,0,8,38,40.5,151,39
TXO,202610,20261021.0,35300.0,Call,-,-,-,-,11880.0,-,-,0,0,0,0,-,-,-,-
TXO,202610,20261021.0,35300.0,Put,38,38,38,38,39.5,▲+1,▲+2.70%,0,2,2,20,38.5,41,1070,37
TXO,202610,20261021.0,35400.0,Call,-,-,-,-,11780.0,-,-,0,0,0,0,-,11930,-,-
TXO,202610,20261021.0,35400.0,Put,39,39,39,39,40.0,▲+2,▲+5.41%,1,1,2,10,39,41.5,1000,38
TXO,202610,20261021.0,35500.0,Call,-,-,-,-,11680.0,-,-,0,0,0,0,-,11760,-,-
TXO,202610,20261021.0,35500.0,Put,39.5,39.5,39.5,39.5,41.0,▲+2.5,▲+6.76%,0,1,1,39,0.1,-,550,37
TXO,202610,20261021.0,35600.0,Call,-,-,-,-,11580.0,-,-,0,0,0,0,-,11660,-,-
TXO,202610,20261021.0,35600.0,Put,40.5,40.5,40.5,40.5,41.5,▲+1.5,▲+3.85%,0,1,1,16,40.5,43,150,39
TXO,202610,20261021.0,35700.0,Call,-,-,-,-,11480.0,-,-,0,0,0,0,-,-,-,-
TXO,202610,20261021.0,35700.0,Put,41,41,41,41,42.0,▲+2,▲+5.13%,0,1,1,10,41,43.5,300,40.5
TXO,202610,20261021.0,35800.0,Call,-,-,-,-,11380.0,-,-,0,0,0,0,-,11530,-,-
TXO,202610,20261021.0,35800.0,Put,40,42,40,41.5,43.0,▲+2,▲+5.06%,0,4,4,6,41,-,405,40
TXO,202610,20261021.0,35900.0,Call,-,-,-,-,11280.0,-,-,0,0,0,0,-,11440,-,-
TXO,202610,20261021.0,35900.0,Put,41,41,41,41,43.5,▲+1,▲+2.50%,0,3,3,4,42.5,45,182,41
TXO,202610,20261021.0,36000.0,Call,-,-,-,-,11190.0,-,-,0,0,0,0,-,11340,-,-
TXO,202610,20261021.0,36000.0,Put,39,44,39,44,44.0,▲+2.5,▲+6.02%,6,10,16,56,43.5,46,1380,39
TXO,202610,20261021.0,36100.0,Call,-,-,-,-,11090.0,-,-,0,0,0,0,-,11240,-,-
TXO,202610,20261021.0,36100.0,Put,-,-,-,-,45.0,-,-,0,0,0,2,44,46.5,690,61
TXO,202610,20261021.0,36200.0,Call,-,-,-,-,10990.0,-,-,0,0,0,0,-,-,-,-
TXO,202610,20261021.0,36200.0,Put,-,-,-,-,46.0,-,-,0,0,0,12,45,47.5,1120,44
TXO,202610,20261021.0,36300.0,Call,-,-,-,-,10890.0,-,-,0,0,0,0,-,-,-,-
TXO,202610,20261021.0,36300.0,Put,-,-,-,-,47.0,-,-,0,0,0,2,46,48.5,915,50
TXO,202610,20261021.0,36400.0,Call,-,-,-,-,10790.0,-,-,0,0,0,0,-,-,-,-
TXO,202610,20261021.0,36400.0,Put,-,-,-,-,47.5,-,-,0,0,0,32,46.5,49,401,50
TXO,202610,20261021.0,36500.0,Call,-,-,-,-,10690.0,-,-,0,0,0,0,-,10830,-,-
TXO,202610,20261021.0,36500.0,Put,-,-,-,-,48.5,-,-,0,0,0,21,47.5,50,1510,47
TXO,202610,20261021.0,36600.0,Call,-,-,-,-,10590.0,-,-,0,0,0,0,-,-,-,-
TXO,202610,20261021.0,36600.0,Put,-,-,-,-,49.5,-,-,0,0,0,20,48.5,51,1110,50
TXO,202610,20261021.0,36700.0,Call,-,-,-,-,10490.0,-,-,0,0,0,0,-,10640,-,-
TXO,202610,20261021.0,36700.0,Put,-,-,-,-,50.0,-,-,0,0,0,2,0.1,-,710,138
TXO,202610,20261021.0,36800.0,Call,-,-,-,-,10390.0,-,-,0,0,0,0,-,10630,-,-
TXO,202610,20261021.0,36800.0,Put,-,-,-,-,51.0,-,-,0,0,0,6,50,53,497,50
TXO,202610,20261021.0,36900.0,Call,-,-,-,-,10290.0,-,-,0,0,0,0,-,10440,-,-
TXO,202610,20261021.0,36900.0,Put,-,-,-,-,52.0,-,-,0,0,0,15,51,54,1620,47.5
TXO,202610,20261021.0,37000.0,Call,-,-,-,-,10200.0,-,-,0,0,0,0,-,10270,-,-
TXO,202610,20261021.0,37000.0,Put,52,52,52,52,52.0,▲+2,▲+4.00%,1,1,2,86,40,-,1010,45
TXO,202610,20261021.0,37100.0,Call,-,-,-,-,10100.0,-,-,0,0,0,0,-,10240,-,-
TXO,202610,20261021.0,37100.0,Put,53,53,53,53,53.0,▲+3,▲+6.00%,0,1,1,18,0.1,-,750,53
TXO,202610,20261021.0,37200.0,Call,-,-,-,-,10000.0,-,-,0,0,0,0,-,10150,-,-
TXO,202610,20261021.0,37200.0,Put,53,53,53,53,56.0,▲+3,▲+6.00%,0,1,1,34,55,57,1460,50
TXO,202610,20261021.0,37300.0,Call,-,-,-,-,9900.0,-,-,0,0,0,0,-,10050,-,-
TXO,202610,20261021.0,37300.0,Put,-,-,-,-,57.0,-,-,0,0,0,3,56,58,575,54
TXO,202610,20261021.0,37400.0,Call,-,-,-,-,9800.0,-,-,0,0,0,0,-,-,-,-
TXO,202610,20261021.0,37400.0,Put,-,-,-,-,58.0,-,-,0,0,0,13,56,59,815,50
TXO,202610,20261021.0,37500.0,Call,-,-,-,-,9700.0,-,-,0,0,0,0,-,-,-,-
TXO,202610,20261021.0,37500.0,Put,-,-,-,-,59.0,-,-,0,0,0,28,0.1,-,445,53
TXO,202610,20261021.0,37600.0,Call,-,-,-,-,9600.0,-,-,0,0,0,0,-,9740,-,-
TXO,202610,20261021.0,37600.0,Put,-,-,-,-,60.0,-,-,0,0,0,8,59,62,850,66
TXO,202610,20261021.0,37700.0,Call,-,-,-,-,9510.0,-,-,0,0,0,0,-,-,-,-
TXO,202610,20261021.0,37700.0,Put,-,-,-,-,61.0,-,-,6,0,6,20,0.2,156,300,52
TXO,202610,20261021.0,37800.0,Call,-,-,-,-,9410.0,-,-,0,0,0,0,-,9640,-,-
TXO,202610,20261021.0,37800.0,Put,-,-,-,-,62.0,-,-,0,0,0,5,61,64,945,59
TXO,202610,20261021.0,37900.0,Call,-,-,-,-,9310.0,-,-,0,0,0,0,-,-,-,-
TXO,202610,20261021.0,37900.0,Put,65,65,65,65,63.0,▲+7,▲+12.07%,1,1,2,56,63,66,900,58
TXO,202610,20261021.0,38000.0,Call,-,-,-,-,9210.0,-,-,0,0,0,0,-,9350,-,-
TXO,202610,20261021.0,38000.0,Put,56,64,56,64,64.0,▲+4,▲+6.67%,3,10,13,98,50,-,2000,56
TXO,202610,20261021.0,38100.0,Call,-,-,-,-,9110.0,-,-,0,0,0,0,-,-,-,-
TXO,202610,20261021.0,38100.0,Put,-,-,-,-,67.0,-,-,0,0,0,41,-,161,1380,76
TXO,202610,20261021.0,38200.0,Call,-,-,-,-,9010.0,-,-,0,0,0,0,-,-,-,-
TXO,202610,20261021.0,38200.0,Put,-,-,-,-,69.0,-,-,1,0,1,3,68,71,1020,64
TXO,202610,20261021.0,38300.0,Call,-,-,-,-,8920.0,-,-,0,0,0,0,-,9060,-,-
TXO,202610,20261021.0,38300.0,Put,-,-,-,-,70.0,-,-,0,0,0,0,69,72,-,-
TXO,202610,20261021.0,38400.0,Call,-,-,-,-,8820.0,-,-,0,0,0,0,-,-,-,-
TXO,202610,20261021.0,38400.0,Put,-,-,-,-,72.0,-,-,0,0,0,2,71,74,1930,9.6
TXO,202610,20261021.0,38500.0,Call,-,-,-,-,8720.0,-,-,0,0,0,0,-,-,-,-
TXO,202610,20261021.0,38500.0,Put,63,68,63,68,74.0,▲+2,▲+3.03%,1,5,6,64,73,76,2100,63
TXO,202610,20261021.0,38600.0,Call,-,-,-,-,8620.0,-,-,0,0,0,0,-,8760,-,-
TXO,202610,20261021.0,38600.0,Put,-,-,-,-,76.0,-,-,0,0,0,7,0.1,168,422,95
TXO,202610,20261021.0,38700.0,Call,-,-,-,-,8520.0,-,-,0,0,0,0,-,-,-,-
TXO,202610,20261021.0,38700.0,Put,-,-,-,-,78.0,-,-,0,0,0,8,77,80,2230,76
TXO,202610,20261021.0,38800.0,Call,-,-,-,-,8430.0,-,-,0,0,0,0,-,8570,-,-
TXO,202610,20261021.0,38800.0,Put,-,-,-,-,80.0,-,-,0,0,0,6,79,82,610,75
TXO,202610,20261021.0,38900.0,Call,-,-,-,-,8330.0,-,-,0,0,0,0,-,8470,8230,8230
TXO,202610,20261021.0,38900.0,Put,-,-,-,-,82.0,-,-,1,0,1,10,81,84,690,73
TXO,202610,20261021.0,39000.0,Call,-,-,-,-,8230.0,-,-,0,0,0,0,-,8300,-,-
TXO,202610,20261021.0,39000.0,Put,72,83,71,83,83.0,▲+8,▲+10.67%,2,19,21,113,75,180,1790,67
TXO,202610,20261021.0,39100.0,Call,-,-,-,-,8130.0,-,-,0,0,0,0,-,8270,-,-
TXO,202610,20261021.0,39100.0,Put,-,-,-,-,87.0,-,-,0,0,0,3,86,89,820,80
TXO,202610,20261021.0,39200.0,Call,-,-,-,-,8040.0,-,-,0,0,0,0,-,8180,-,-
TXO,202610,20261021.0,39200.0,Put,-,-,-,-,90.0,-,-,0,0,0,4,89,92,140,81
TXO,202610,20261021.0,39300.0,Call,-,-,-,-,7940.0,-,-,0,0,0,0,-,8080,-,-
TXO,202610,20261021.0,39300.0,Put,78,78,78,78,93.0,▼-5,▼-6.02%,0,1,1,3,0.1,178,525,78
TXO,202610,20261021.0,39400.0,Call,-,-,-,-,7840.0,-,-,0,0,0,0,-,7980,-,-
TXO,202610,20261021.0,39400.0,Put,82,90,78,90,95.0,▲+5,▲+5.88%,1,6,7,35,94,97,545,78
TXO,202610,20261021.0,39500.0,Call,-,-,-,-,7750.0,-,-,0,0,0,0,-,7880,-,-
TXO,202610,20261021.0,39500.0,Put,81,99,81,99,99.0,▲+11,▲+12.50%,0,4,4,35,0.1,182,995,81
TXO,202610,20261021.0,39600.0,Call,-,-,-,-,7650.0,-,-,0,0,0,0,-,-,-,-
TXO,202610,20261021.0,39600.0,Put,87,87,87,87,101.0,▼-2,▼-2.25%,0,2,2,7,70,188,1300,87
TXO,202610,20261021.0,39700.0,Call,-,-,-,-,7550.0,-,-,0,0,0,0,-,7690,-,-
TXO,202610,20261021.0,39700.0,Put,93,93,93,93,106.0,▲+3,▲+3.33%,1,1,2,3,104,109,665,90
TXO,202610,20261021.0,39800.0,Call,-,-,-,-,7460.0,-,-,0,0,0,0,-,7520,-,-
TXO,202610,20261021.0,39800.0,Put,100,102,100,102,109.0,▲+9,▲+9.68%,0,2,2,6,9,193,585,93
TXO,202610,20261021.0,39900.0,Call,-,-,-,-,7360.0,-,-,0,0,0,3,-,7490,6680,3150
TXO,202610,20261021.0,39900.0,Put,97,99,97,99,113.0,▲+4,▲+4.21%,0,2,2,12,111,116,2760,95
TXO,202610,20261021.0,40000.0,Call,-,-,-,-,7260.0,-,-,0,0,0,0,-,7400,-,-
TXO,202610,20261021.0,40000.0,Put,93,117,93,117,117.0,▲+16,▲+15.84%,17,43,60,361,114,118,2490,92
TXO,202610,20261021.0,40100.0,Call,-,-,-,-,7170.0,-,-,0,0,0,0,-,7230,-,-
TXO,202610,20261021.0,40100.0,Put,99,99,99,99,121.0,▼-3,▼-2.94%,0,1,1,13,119,124,660,99
TXO,202610,20261021.0,40200.0,Call,-,-,-,-,7070.0,-,-,0,0,0,0,-,7210,-,-
TXO,202610,20261021.0,40200.0,Put,-,-,-,-,125.0,-,-,0,0,0,14,90,205,630,125
TXO,202610,20261021.0,40300.0,Call,-,-,-,-,6980.0,-,-,0,0,0,0,-,-,-,-
TXO,202610,20261021.0,40300.0,Put,118,121,118,121,128.0,▲+14,▲+13.08%,6,2,8,11,8,209,2940,107
TXO,202610,20261021.0,40400.0,Call,-,-,-,-,6880.0,-,-,0,0,0,0,-,7020,-,-
TXO,202610,20261021.0,40400.0,Put,123,123,123,123,134.0,▲+11,▲+9.82%,6,2,8,10,132,136,300,116
TXO,202610,20261021.0,40500.0,Call,-,-,-,-,6790.0,-,-,0,0,0,0,-,6920,-,-
TXO,202610,20261021.0,40500.0,Put,113,135,112,135,135.0,▲+19,▲+16.38%,4,9,13,25,15,212,2730,112
TXO,202610,20261021.0,40600.0,Call,-,-,-,-,6690.0,-,-,0,0,0,0,-,-,-,-
TXO,202610,20261021.0,40600.0,Put,-,-,-,-,144.0,-,-,1,0,1,22,141,147,1260,130
TXO,202610,20261021.0,40700.0,Call,-,-,-,-,6600.0,-,-,0,0,0,0,-,6660,-,-
TXO,202610,20261021.0,40700.0,Put,-,-,-,-,150.0,-,-,1,0,1,4,147,153,1540,133
TXO,202610,20261021.0,40800.0,Call,-,-,-,-,6510.0,-,-,0,0,0,1,-,6630,5680,3010
TXO,202610,20261021.0,40800.0,Put,-,-,-,-,156.0,-,-,0,0,0,3,27.5,221,2920,135
TXO,202610,20261021.0,40900.0,Call,-,-,-,-,6410.0,-,-,0,0,0,0,-,-,-,-
TXO,202610,20261021.0,40900.0,Put,160,160,158,158,158.0,▲+25,▲+18.80%,0,2,2,9,159,165,3100,158
TXO,202610,20261021.0,41000.0,Call,-,-,-,-,6320.0,-,-,0,0,0,0,-,6450,4060,2930
TXO,202610,20261021.0,41000.0,Put,135,168,133,168,168.0,▲+31,▲+22.63%,8,20,28,145,130,600,3020,133
TXO,202610,20261021.0,41100.0,Call,-,-,-,-,6230.0,-,-,0,0,0,0,-,-,-,-
TXO,202610,20261021.0,41100.0,Put,-,-,-,-,175.0,-,-,0,0,0,6,172,178,2590,238
TXO,202610,20261021.0,41200.0,Call,-,-,-,-,6130.0,-,-,0,0,0,0,-,-,4840,3580
TXO,202610,20261021.0,41200.0,Put,145,166,145,166,181.0,▲+18,▲+12.16%,0,4,4,10,178,184,2540,145
TXO,202610,20261021.0,41300.0,Call,-,-,-,-,6040.0,-,-,0,0,0,0,-,-,-,-
TXO,202610,20261021.0,41300.0,Put,-,-,-,-,188.0,-,-,0,0,0,29,185,191,760,162
TXO,202610,20261021.0,41400.0,Call,-,-,-,-,5950.0,-,-,0,0,0,0,-,6070,-,-
TXO,202610,20261021.0,41400.0,Put,156,193,156,193,193.0,▲+34,▲+21.38%,1,3,4,4,193,200,800,156
TXO,202610,20261021.0,41500.0,Call,-,-,-,-,5860.0,-,-,0,0,0,0,-,-,-,-
TXO,202610,20261021.0,41500.0,Put,191,204,191,204,204.0,▲+34,▲+20.00%,2,3,5,31,201,208,2280,168
TXO,202610,20261021.0,41600.0,Call,-,-,-,-,5760.0,-,-,0,0,0,1,5640,5890,3210,3210
TXO,202610,20261021.0,41600.0,Put,-,-,-,-,211.0,-,-,0,0,0,10,208,215,2550,206
TXO,202610,20261021.0,41700.0,Call,-,-,-,-,5670.0,-,-,0,0,0,0,-,-,-,-
TXO,202610,20261021.0,41700.0,Put,185,185,185,185,221.0,▲+7,▲+3.93%,0,1,1,8,218,225,975,185
TXO,202610,20261021.0,41800.0,Call,-,-,-,-,5580.0,-,-,0,0,0,0,-,5700,-,-
TXO,202610,20261021.0,41800.0,Put,200,226,200,226,226.0,▲+41,▲+22.16%,0,10,10,18,225,232,2140,198
TXO,202610,20261021.0,41900.0,Call,-,-,-,-,5490.0,-,-,0,0,0,0,-,5610,-,-
TXO,202610,20261021.0,41900.0,Put,240,240,240,240,240.0,▲+48,▲+25.00%,0,1,1,5,235,241,2830,240
TXO,202610,20261021.0,42000.0,Call,-,-,-,-,5400.0,-,-,0,0,0,0,-,5520,-,-
TXO,202610,20261021.0,42000.0,Put,198,238,190,236,248.0,▲+34,▲+16.83%,7,44,51,126,245,251,3500,186
TXO,202610,20261021.0,42100.0,Call,-,-,-,-,5310.0,-,-,0,0,0,0,-,5430,-,-
TXO,202610,20261021.0,42100.0,Put,-,-,-,-,259.0,-,-,0,0,0,1,255,263,640,207
TXO,202610,20261021.0,42200.0,Call,-,-,-,-,5220.0,-,-,0,0,0,2,-,5340,4200,2000
TXO,202610,20261021.0,42200.0,Put,210,247,210,246,271.0,▲+30,▲+13.89%,0,4,4,10,-,362,2120,210
TXO,202610,20261021.0,42300.0,Call,-,-,-,-,5130.0,-,-,0,0,0,0,-,5250,-,-
TXO,202610,20261021.0,42300.0,Put,223,250,223,250,279.0,▲+26,▲+11.61%,0,13,13,13,275,283,985,223
TXO,202610,20261021.0,42400.0,Call,5250,5250,5250,5250,5040.0,▼-230,▼-4.20%,0,1,1,2,4930,5170,5310,2960
TXO,202610,20261021.0,42400.0,Put,248,268,248,268,290.0,▲+35,▲+15.02%,1,2,3,4,133,395,3760,246
TXO,202610,20261021.0,42500.0,Call,-,-,-,-,4960.0,-,-,0,0,0,0,-,5080,5210,2120
TXO,202610,20261021.0,42500.0,Put,255,260,246,260,304.0,▲+16,▲+6.56%,0,9,9,96,300,308,1850,242
TXO,202610,20261021.0,42600.0,Call,-,-,-,-,4870.0,-,-,0,0,0,0,-,4980,-,-
TXO,202610,20261021.0,42600.0,Put,244,295,244,295,316.0,▲+37,▲+14.34%,1,7,8,23,152,-,1150,244
TXO,202610,20261021.0,42700.0,Call,-,-,-,-,4780.0,-,-,0,0,0,0,-,4900,-,-
TXO,202610,20261021.0,42700.0,Put,251,314,251,314,330.0,▲+43,▲+15.87%,0,2,2,11,325,335,1870,251
TXO,202610,20261021.0,42800.0,Call,-,-,-,-,4690.0,-,-,0,0,0,0,-,4810,-,-
TXO,202610,20261021.0,42800.0,Put,-,-,-,-,340.0,-,-,0,0,0,5,336,344,3100,275
TXO,202610,20261021.0,42900.0,Call,-,-,-,-,4610.0,-,-,0,0,0,0,-,-,4410,3070
TXO,202610,20261021.0,42900.0,Put,298,298,298,298,355.0,▲+15,▲+5.30%,0,1,1,2,351,360,3050,298
TXO,202610,20261021.0,43000.0,Call,-,-,-,-,4520.0,-,-,0,0,0,1,4420,4640,3230,3230
TXO,202610,20261021.0,43000.0,Put,305,341,284,340,369.0,▲+40,▲+13.33%,2,70,72,231,283,400,4200,280
TXO,202610,20261021.0,43100.0,Call,-,-,-,-,4440.0,-,-,0,0,0,0,-,4550,-,-
TXO,202610,20261021.0,43100.0,Put,342,342,342,342,386.0,▲+36,▲+11.76%,0,2,2,12,381,391,1390,340
TXO,202610,20261021.0,43200.0,Call,-,-,-,-,4360.0,-,-,0,0,0,0,-,4470,3750,2950
TXO,202610,20261021.0,43200.0,Put,-,-,-,-,401.0,-,-,1,0,1,36,396,406,1000,326
TXO,202610,20261021.0,43300.0,Call,-,-,-,-,4270.0,-,-,0,0,0,0,-,4380,-,-
TXO,202610,20261021.0,43300.0,Put,-,-,-,-,417.0,-,-,0,0,0,6,412,422,1470,341
TXO,202610,20261021.0,43400.0,Call,-,-,-,-,4190.0,-,-,0,0,0,0,-,-,3610,2880
TXO,202610,20261021.0,43400.0,Put,352,392,337,392,433.0,▲+51,▲+14.96%,0,3,3,6,428,439,2890,337
TXO,202610,20261021.0,43500.0,Call,-,-,-,-,4110.0,-,-,0,0,0,0,-,4220,3100,1570
TXO,202610,20261021.0,43500.0,Put,395,410,395,410,451.0,▲+51,▲+14.21%,1,2,3,197,443,452,3050,374
TXO,202610,20261021.0,43600.0,Call,-,-,-,-,4020.0,-,-,0,0,0,1,-,4130,2840,2840
TXO,202610,20261021.0,43600.0,Put,-,-,-,-,468.0,-,-,0,0,0,19,355,-,2850,484
TXO,202610,20261021.0,43700.0,Call,-,-,-,-,3940.0,-,-,0,0,0,1,-,4050,4280,2940
TXO,202610,20261021.0,43700.0,Put,401,488,390,488,488.0,▲+88,▲+22.00%,0,4,4,47,479,488,2920,390
TXO,202610,20261021.0,43800.0,Call,-,-,-,-,3860.0,-,-,0,0,0,3,-,3960,3740,1650
TXO,202610,20261021.0,43800.0,Put,500,500,500,500,500.0,▲+97,▲+24.07%,2,1,3,20,499,510,3100,401
TXO,202610,20261021.0,43900.0,Call,-,-,-,-,3780.0,-,-,0,0,0,1,-,3890,3660,2720
TXO,202610,20261021.0,43900.0,Put,-,-,-,-,520.0,-,-,0,0,0,56,515,530,3140,452
TXO,202610,20261021.0,44000.0,Call,-,-,-,-,3700.0,-,-,0,0,0,6,-,3800,3460,1520
TXO,202610,20261021.0,44000.0,Put,450,540,420,540,540.0,▲+100,▲+22.73%,2,23,25,386,535,550,2770,420
TXO,202610,20261021.0,44100.0,Call,-,-,-,-,3620.0,-,-,0,0,0,1,-,-,2750,1540
TXO,202610,20261021.0,44100.0,Put,-,-,-,-,565.0,-,-,0,0,0,46,-,-,3230,560
TXO,202610,20261021.0,44200.0,Call,3680,3680,3680,3680,3540.0,▼-240,▼-6.12%,0,1,1,0,-,-,3680,2730
TXO,202610,20261021.0,44200.0,Put,472,540,472,540,585.0,▲+69,▲+14.65%,0,3,3,8,-,680,2730,472
TXO,202610,20261021.0,44300.0,Call,-,-,-,-,3460.0,-,-,0,0,0,0,-,3520,3340,3340
TXO,202610,20261021.0,44300.0,Put,585,585,585,585,605.0,▲+85,▲+17.00%,0,10,10,11,600,615,2040,500
TXO,202610,20261021.0,44400.0,Call,-,-,-,-,3390.0,-,-,0,0,0,4,-,3440,2960,1410
TXO,202610,20261021.0,44400.0,Put,505,585,505,585,630.0,▲+75,▲+14.71%,0,3,3,25,625,640,2180,505
TXO,202610,20261021.0,44500.0,Call,-,-,-,-,3310.0,-,-,0,0,0,1,-,3420,3070,1900
TXO,202610,20261021.0,44500.0,Put,575,595,575,595,655.0,▲+70,▲+13.33%,1,4,5,45,-,735,4990,505
TXO,202610,20261021.0,44600.0,Call,-,-,-,-,3230.0,-,-,0,0,0,0,-,-,3110,3110
TXO,202610,20261021.0,44600.0,Put,540,675,540,675,675.0,▲+125,▲+22.73%,1,18,19,63,555,-,1190,515
TXO,202610,20261021.0,44700.0,Call,-,-,-,-,3160.0,-,-,0,0,0,9,3070,-,3380,1350
TXO,202610,20261021.0,44700.0,Put,615,615,615,615,705.0,▲+40,▲+6.96%,1,1,2,13,695,710,2050,575
TXO,202610,20261021.0,44800.0,Call,-,-,-,-,3090.0,-,-,0,0,0,133,3000,3190,2950,1830
TXO,202610,20261021.0,44800.0,Put,610,720,575,695,730.0,▲+95,▲+15.83%,2,67,69,70,725,740,2220,575
TXO,202610,20261021.0,44900.0,Call,-,-,-,-,3020.0,-,-,0,0,0,0,-,3110,2870,1950
TXO,202610,20261021.0,44900.0,Put,705,705,705,705,755.0,▲+95,▲+15.57%,2,1,3,38,600,865,1390,595
TXO,202610,20261021.0,45000.0,Call,-,-,-,-,2940.0,-,-,0,0,0,5,2850,-,3300,1600
TXO,202610,20261021.0,45000.0,Put,605,770,605,770,770.0,▲+125,▲+19.38%,4,23,27,119,775,790,2760,605
TXO,202610,20261021.0,45100.0,Call,-,-,-,-,2870.0,-,-,0,0,0,2,2750,2970,3100,2020
TXO,202610,20261021.0,45100.0,Put,650,765,650,765,815.0,▲+105,▲+15.91%,0,21,21,22,805,825,2640,650
TXO,202610,20261021.0,45200.0,Call,-,-,-,-,2800.0,-,-,0,0,0,1,2680,-,2910,1670
TXO,202610,20261021.0,45200.0,Put,765,800,765,800,840.0,▲+120,▲+17.65%,0,2,2,9,835,850,3950,680
TXO,202610,20261021.0,45300.0,Call,-,-,-,-,2730.0,-,-,0,0,0,1,2720,2750,2700,1130
TXO,202610,20261021.0,45300.0,Put,710,710,710,710,870.0,▼-5,▼-0.70%,0,1,1,4,865,880,2510,710
TXO,202610,20261021.0,45400.0,Call,-,-,-,-,2660.0,-,-,0,0,0,1,2650,2680,3120,1820
TXO,202610,20261021.0,45400.0,Put,765,840,765,840,900.0,▲+90,▲+12.00%,1,21,22,20,895,910,1370,735
TXO,202610,20261021.0,45500.0,Call,2840,2840,2840,2840,2600.0,▼-80,▼-2.74%,0,1,1,8,2580,2610,2840,1160
TXO,202610,20261021.0,45500.0,Put,795,940,795,940,940.0,▲+175,▲+22.88%,0,53,53,45,800,1000,1780,740
TXO,202610,20261021.0,45600.0,Call,-,-,-,-,2530.0,-,-,0,0,0,3,1850,2630,2800,1700
TXO,202610,20261021.0,45600.0,Put,825,905,825,905,965.0,▲+110,▲+13.84%,0,20,20,20,960,975,2470,825
TXO,202610,20261021.0,45700.0,Call,-,-,-,-,2460.0,-,-,0,0,0,15,2450,2480,2180,1550
TXO,202610,20261021.0,45700.0,Put,810,900,810,900,1000.0,▲+70,▲+8.43%,0,21,21,20,995,1010,1310,810
TXO,202610,20261021.0,45800.0,Call,2580,2720,2520,2520,2400.0,▼-190,▼-7.01%,0,6,6,39,2380,2410,2720,1600
TXO,202610,20261021.0,45800.0,Put,905,945,905,945,1040.0,▲+70,▲+8.00%,1,20,21,32,1030,1050,2230,875
TXO,202610,20261021.0,45900.0,Call,-,-,-,-,2330.0,-,-,0,0,0,15,2240,-,2250,1160
TXO,202610,20261021.0,45900.0,Put,915,975,915,975,1070.0,▲+95,▲+10.80%,0,40,40,40,1060,1080,1410,905
TXO,202610,20261021.0,46000.0,Call,2500,2500,2500,2500,2270.0,▼-90,▼-3.47%,0,1,1,24,-,-,2680,970
TXO,202610,20261021.0,46000.0,Put,915,1040,915,1040,1110.0,▲+125,▲+13.66%,5,48,53,79,1100,1120,3660,890
TXO,202610,20261021.0,46100.0,Call,2450,2450,2450,2450,2210.0,▼-50,▼-2.00%,0,1,1,46,2100,-,2520,1510
TXO,202610,20261021.0,46100.0,Put,1020,1070,1010,1070,1140.0,▲+125,▲+13.23%,0,21,21,25,1050,-,2260,985
TXO,202610,20261021.0,46200.0,Call,-,-,-,-,2150.0,-,-,0,0,0,7,2130,2160,2370,1340
TXO,202610,20261021.0,46200.0,Put,1000,1160,1000,1160,1160.0,▲+190,▲+19.59%,0,24,24,23,1090,-,2690,970
TXO,202610,20261021.0,46300.0,Call,-,-,-,-,2080.0,-,-,0,0,0,38,1960,-,2420,1460
TXO,202610,20261021.0,46300.0,Put,1040,1040,1040,1040,1220.0,▲+20,▲+1.96%,0,1,1,15,1210,1230,2900,1040
TXO,202610,20261021.0,46400.0,Call,2150,2150,2070,2070,2020.0,▼-240,▼-10.39%,0,5,5,8,2010,2040,2400,790
TXO,202610,20261021.0,46400.0,Put,1060,1170,1060,1170,1260.0,▲+120,▲+11.43%,0,3,3,6,1250,1270,1840,1060
TXO,202610,20261021.0,46500.0,Call,2190,2200,2000,2000,1960.0,▼-240,▼-10.71%,0,31,31,21,1950,1980,2230,980
TXO,202610,20261021.0,46500.0,Put,1070,1280,1070,1240,1300.0,▲+150,▲+13.76%,0,36,36,129,1290,1310,1930,1040
TXO,202610,20261021.0,46600.0,Call,-,-,-,-,1910.0,-,-,0,0,0,55,-,-,2160,1280
TXO,202610,20261021.0,46600.0,Put,1220,1220,1220,1220,1340.0,▲+90,▲+7.96%,0,1,1,3,1330,1360,1460,1130
TXO,202610,20261021.0,46700.0,Call,1900,1900,1900,1900,1850.0,▼-220,▼-10.38%,0,20,20,31,-,-,1900,1330
TXO,202610,20261021.0,46700.0,Put,1210,1270,1210,1270,1390.0,▲+110,▲+9.48%,0,5,5,6,1380,1400,1830,1200
TXO,202610,20261021.0,46800.0,Call,2100,2100,2100,2100,1790.0,▲+40,▲+1.94%,0,1,1,10,1680,-,2150,905
TXO,202610,20261021.0,46800.0,Put,1330,1330,1330,1330,1430.0,▲+130,▲+10.83%,0,1,1,2,1420,1440,2420,1330
TXO,202610,20261021.0,46900.0,Call,-,-,-,-,1740.0,-,-,0,0,0,15,1720,1750,1940,1300
TXO,202610,20261021.0,46900.0,Put,1310,1330,1310,1330,1470.0,▲+90,▲+7.26%,0,2,2,1,1460,1480,4010,1310
TXO,202610,20261021.0,47000.0,Call,1870,1950,1680,1680,1680.0,▼-240,▼-12.50%,12,38,50,253,1490,1780,2260,865
TXO,202610,20261021.0,47000.0,Put,1250,1380,1250,1310,1520.0,▲+30,▲+2.34%,2,16,18,69,1510,1530,4240,1250
TXO,202610,20261021.0,47100.0,Call,-,-,-,-,1630.0,-,-,0,0,0,15,1620,1640,1780,1030
TXO,202610,20261021.0,47100.0,Put,1450,1450,1450,1450,1570.0,▲+120,▲+9.02%,0,1,1,1,1550,1580,1600,1450
TXO,202610,20261021.0,47200.0,Call,1740,1820,1740,1820,1580.0,▼-10,▼-0.55%,0,2,2,19,1570,1590,2250,1000
TXO,202610,20261021.0,47200.0,Put,1430,1520,1430,1520,1620.0,▲+150,▲+10.95%,0,2,2,4,3.8,1730,1630,1430
TXO,202610,20261021.0,47300.0,Call,1680,1680,1660,1660,1540.0,▼-90,▼-5.14%,1,2,3,23,1510,1540,1780,775
TXO,202610,20261021.0,47300.0,Put,1470,1620,1430,1620,1670.0,▲+190,▲+13.29%,2,4,6,12,1650,1670,2130,1430
TXO,202610,20261021.0,47400.0,Call,1680,1680,1640,1640,1480.0,▼-80,▼-4.65%,1,2,3,16,1460,1480,2030,880
TXO,202610,20261021.0,47400.0,Put,1480,1660,1480,1640,1730.0,▲+180,▲+12.33%,1,3,4,10,3.8,1800,1900,1480
TXO,202610,20261021.0,47500.0,Call,1710,1710,1410,1410,1430.0,▼-250,▼-15.06%,21,19,40,114,1410,1430,2040,745
TXO,202610,20261021.0,47500.0,Put,1660,1710,1660,1710,1770.0,▲+210,▲+14.00%,0,3,3,13,1750,1770,2300,1440
TXO,202610,20261021.0,47600.0,Call,-,-,-,-,1400.0,-,-,0,0,0,17,-,-,1600,835
TXO,202610,20261021.0,47600.0,Put,-,-,-,-,1820.0,-,-,12,0,12,24,1800,1820,1650,1560
TXO,202610,20261021.0,47700.0,Call,1450,1450,1430,1430,1360.0,▼-130,▼-8.33%,8,2,10,34,500,1410,2100,655
TXO,202610,20261021.0,47700.0,Put,1750,1750,1750,1750,1890.0,▲+150,▲+9.38%,0,1,1,6,-,1950,1750,1690
TXO,202610,20261021.0,47800.0,Call,1460,1460,1270,1270,1310.0,▼-240,▼-15.89%,0,7,7,16,1270,1330,1740,635
TXO,202610,20261021.0,47800.0,Put,-,-,-,-,1950.0,-,-,0,0,0,6,-,2010,1740,1740
TXO,202610,20261021.0,47900.0,Call,-,-,-,-,1270.0,-,-,0,0,0,19,-,-,1380,800
TXO,202610,20261021.0,47900.0,Put,-,-,-,-,2010.0,-,-,0,0,0,6,1960,1980,1790,1790
TXO,202610,20261021.0,48000.0,Call,1410,1410,1220,1230,1190.0,▼-180,▼-12.77%,1,64,65,145,800,1240,1780,580
TXO,202610,20261021.0,48000.0,Put,-,-,-,-,2030.0,-,-,0,0,0,15,2010,2040,4790,1720
TXO,202610,20261021.0,48100.0,Call,1360,1360,1340,1340,1150.0,▼-20,▼-1.47%,1,3,4,12,-,1280,1630,705
TXO,202610,20261021.0,48100.0,Put,-,-,-,-,2090.0,-,-,0,0,0,1,2070,2170,1880,1880
TXO,202610,20261021.0,48200.0,Call,-,-,-,-,1100.0,-,-,1,0,1,8,-,-,1550,680
TXO,202610,20261021.0,48200.0,Put,-,-,-,-,2140.0,-,-,0,0,0,1,2130,2220,1930,1930
TXO,202610,20261021.0,48300.0,Call,1290,1290,1290,1290,1060.0,▲+30,▲+2.38%,2,4,6,14,1050,1070,1290,720
TXO,202610,20261021.0,48300.0,Put,-,-,-,-,2200.0,-,-,0,0,0,1,-,2320,1990,1990
TXO,202610,20261021.0,48400.0,Call,1250,1250,1250,1250,1030.0,▲+40,▲+3.31%,0,4,4,10,-,1170,1250,685
TXO,202610,20261021.0,48400.0,Put,-,-,-,-,2260.0,-,-,0,0,0,4,2240,2270,2050,2040
TXO,202610,20261021.0,48500.0,Call,1100,1200,1000,1000,1000.0,▼-160,▼-13.79%,1,135,136,103,-,1060,1510,610
TXO,202610,20261021.0,48500.0,Put,-,-,-,-,2320.0,-,-,0,0,0,2,2300,2330,2070,2070
TXO,202610,20261021.0,48600.0,Call,1000,1000,1000,1000,955.0,▼-120,▼-10.71%,0,1,1,5,-,1060,1120,600
TXO,202610,20261021.0,48600.0,Put,-,-,-,-,2390.0,-,-,0,0,0,0,2360,2390,-,-
TXO,202610,20261021.0,48700.0,Call,1030,1090,1030,1030,920.0,▼-70,▼-6.36%,1,3,4,8,895,935,1100,540
TXO,202610,20261021.0,48700.0,Put,-,-,-,-,2450.0,-,-,0,0,0,0,-,-,2420,2420
TXO,202610,20261021.0,48800.0,Call,970,970,970,970,890.0,▼-80,▼-7.62%,0,2,2,58,-,980,1240,500
TXO,202610,20261021.0,48800.0,Put,-,-,-,-,2520.0,-,-,0,0,0,0,-,-,-,-
TXO,202610,20261021.0,48900.0,Call,965,1030,830,830,830.0,▼-170,▼-17.00%,0,5,5,7,820,865,1030,387
TXO,202610,20261021.0,48900.0,Put,-,-,-,-,2580.0,-,-,0,0,0,0,2530,-,-,-
TXO,202610,20261021.0,49000.0,Call,1030,1030,825,825,800.0,▼-130,▼-13.61%,3,50,53,74,400,835,1300,412
TXO,202610,20261021.0,49000.0,Put,-,-,-,-,2630.0,-,-,0,0,0,5,2590,2730,5700,2350
TXO,202610,20261021.0,49100.0,Call,-,-,-,-,770.0,-,-,0,0,0,56,670,-,940,458
TXO,202610,20261021.0,49100.0,Put,-,-,-,-,2700.0,-,-,0,0,0,0,-,-,-,-
TXO,202610,20261021.0,49200.0,Call,885,905,885,905,735.0,▲+15,▲+1.69%,0,3,3,8,655,-,1390,346
TXO,202610,20261021.0,49200.0,Put,-,-,-,-,2770.0,-,-,0,0,0,0,2730,-,-,-
TXO,202610,20261021.0,49300.0,Call,725,725,700,700,700.0,▼-155,▼-18.13%,0,2,2,13,695,710,1010,475
TXO,202610,20261021.0,49300.0,Put,-,-,-,-,2840.0,-,-,0,0,0,0,-,-,-,-
TXO,202610,20261021.0,49400.0,Call,-,-,-,-,675.0,-,-,0,0,0,16,-,780,990,389
TXO,202610,20261021.0,49400.0,Put,-,-,-,-,2910.0,-,-,0,0,0,0,-,-,-,-
TXO,202610,20261021.0,49500.0,Call,715,715,650,675,645.0,▼-110,▼-14.01%,1,8,9,50,635,650,1410,380
TXO,202610,20261021.0,49500.0,Put,-,-,-,-,2970.0,-,-,0,0,0,0,-,-,-,-
TXO,202610,20261021.0,49600.0,Call,635,635,635,635,635.0,▼-125,▼-16.45%,0,1,1,14,535,-,760,283
TXO,202610,20261021.0,49600.0,Put,-,-,-,-,3040.0,-,-,0,0,0,0,-,-,-,-
TXO,202610,20261021.0,49700.0,Call,615,615,585,585,585.0,▼-135,▼-18.75%,0,2,2,15,580,595,940,267
TXO,202610,20261021.0,49700.0,Put,-,-,-,-,3120.0,-,-,0,0,0,0,-,-,-,-
TXO,202610,20261021.0,49800.0,Call,695,695,695,695,565.0,▲+5,▲+0.72%,2,1,3,6,-,-,695,265
TXO,202610,20261021.0,49800.0,Put,-,-,-,-,3190.0,-,-,0,0,0,0,-,-,-,-
TXO,202610,20261021.0,49900.0,Call,-,-,-,-,540.0,-,-,2,0,2,11,455,630,850,265
TXO,202610,20261021.0,49900.0,Put,-,-,-,-,3270.0,-,-,0,0,0,1,3150,3390,2880,2880
TXO,202610,20261021.0,50000.0,Call,685,685,530,530,530.0,▼-90,▼-14.52%,14,45,59,247,500,520,1180,233
TXO,202610,20261021.0,50000.0,Put,-,-,-,-,3340.0,-,-,0,0,0,0,3310,-,-,-
TXO,202610,20261021.0,50100.0,Call,-,-,-,-,488.0,-,-,0,0,0,14,394,605,840,258
TXO,202610,20261021.0,50100.0,Put,-,-,-,-,3420.0,-,-,0,0,0,0,-,-,-,-
TXO,202610,20261021.0,50200.0,Call,470,470,470,470,470.0,▼-105,▼-18.26%,4,1,5,36,370,580,740,272
TXO,202610,20261021.0,50200.0,Put,-,-,-,-,3500.0,-,-,0,0,0,0,-,-,-,-
TXO,202610,20261021.0,50300.0,Call,520,520,520,520,444.0,▼-30,▼-5.45%,0,15,15,55,439,448,750,260
TXO,202610,20261021.0,50300.0,Put,-,-,-,-,3570.0,-,-,0,0,0,0,-,-,-,-
TXO,202610,20261021.0,50400.0,Call,499,499,432,432,432.0,▼-93,▼-17.71%,0,4,4,7,345,565,499,254
TXO,202610,20261021.0,50400.0,Put,-,-,-,-,3650.0,-,-,0,0,0,0,-,-,-,-
TXO,202610,20261021.0,50500.0,Call,468,515,415,419,419.0,▼-86,▼-17.03%,3,5,8,34,395,407,890,190
TXO,202610,20261021.0,50500.0,Put,-,-,-,-,3730.0,-,-,0,0,0,0,-,-,-,-
TXO,202610,20261021.0,50600.0,Call,398,398,398,398,398.0,▼-62,▼-13.48%,0,1,1,7,377,386,705,245
TXO,202610,20261021.0,50600.0,Put,-,-,-,-,3810.0,-,-,0,0,0,0,-,-,-,-
TXO,202610,20261021.0,50700.0,Call,500,500,500,500,365.0,▲+44,▲+9.65%,1,1,2,5,281,495,500,237
TXO,202610,20261021.0,50700.0,Put,-,-,-,-,3890.0,-,-,0,0,0,0,-,-,-,-
TXO,202610,20261021.0,50800.0,Call,428,428,426,426,347.0,▼-5,▼-1.16%,4,2,6,13,340,351,615,210
TXO,202610,20261021.0,50800.0,Put,-,-,-,-,3980.0,-,-,0,0,0,0,-,-,-,-
TXO,202610,20261021.0,50900.0,Call,415,415,352,352,330.0,▼-62,▼-14.98%,1,2,3,10,326,334,795,187
TXO,202610,20261021.0,50900.0,Put,-,-,-,-,4060.0,-,-,0,0,0,0,-,-,-,-
TXO,202610,20261021.0,51000.0,Call,420,420,313,315,315.0,▼-80,▼-20.25%,40,38,78,145,309,318,800,155
TXO,202610,20261021.0,51000.0,Put,-,-,-,-,4140.0,-,-,0,0,0,0,-,-,-,-
TXO,202610,20261021.0,51100.0,Call,385,385,311,311,311.0,▼-65,▼-17.29%,4,2,6,10,-,-,810,169
TXO,202610,20261021.0,51100.0,Put,-,-,-,-,4230.0,-,-,0,0,0,0,-,-,-,-
TXO,202610,20261021.0,51200.0,Call,-,-,-,-,283.0,-,-,0,0,0,9,-,390,650,151
TXO,202610,20261021.0,51200.0,Put,-,-,-,-,4310.0,-,-,0,0,0,0,4190,-,-,-
TXO,202610,20261021.0,51300.0,Call,277,277,277,277,277.0,▼-63,▼-18.53%,0,1,1,4,170,406,291,206
TXO,202610,20261021.0,51300.0,Put,-,-,-,-,4400.0,-,-,0,0,0,0,-,-,-,-
TXO,202610,20261021.0,51400.0,Call,-,-,-,-,254.0,-,-,0,0,0,25,-,359,515,130
TXO,202610,20261021.0,51400.0,Put,-,-,-,-,4480.0,-,-,0,0,0,0,-,-,-,-
TXO,202610,20261021.0,51500.0,Call,308,308,241,241,241.0,▼-56,▼-18.86%,9,8,17,71,236,352,630,126
TXO,202610,20261021.0,51500.0,Put,-,-,-,-,4570.0,-,-,0,0,0,0,-,-,-,-
TXO,202610,20261021.0,51600.0,Call,-,-,-,-,227.0,-,-,0,0,0,7,223,231,520,124
TXO,202610,20261021.0,51600.0,Put,-,-,-,-,4660.0,-,-,0,0,0,0,-,-,-,-
TXO,202610,20261021.0,51700.0,Call,300,300,272,272,216.0,▼-4,▼-1.45%,0,2,2,5,211,219,610,126
TXO,202610,20261021.0,51700.0,Put,-,-,-,-,4740.0,-,-,0,0,0,0,-,-,-,-
TXO,202610,20261021.0,51800.0,Call,-,-,-,-,205.0,-,-,0,0,0,6,103,322,445,103
TXO,202610,20261021.0,51800.0,Put,-,-,-,-,4830.0,-,-,0,0,0,0,4710,-,-,-
TXO,202610,20261021.0,51900.0,Call,-,-,-,-,194.0,-,-,0,0,0,3,98,302,1080,107
TXO,202610,20261021.0,51900.0,Put,-,-,-,-,4920.0,-,-,0,0,0,0,4790,-,-,-
TXO,202610,20261021.0,52000.0,Call,235,250,184,184,184.0,▼-45,▼-19.65%,3,21,24,217,180,184,1020,90
TXO,202610,20261021.0,52000.0,Put,-,-,-,-,5010.0,-,-,0,0,0,0,-,-,-,-
TXO,202610,20261021.0,52100.0,Call,-,-,-,-,174.0,-,-,1,0,1,6,169,175,495,99
TXO,202610,20261021.0,52100.0,Put,-,-,-,-,5100.0,-,-,0,0,0,0,-,-,-,-
TXO,202610,20261021.0,52200.0,Call,215,215,215,215,166.0,▲+1,▲+0.47%,0,1,1,9,98,-,412,95
TXO,202610,20261021.0,52200.0,Put,-,-,-,-,5190.0,-,-,0,0,0,0,-,-,-,-
TXO,202610,20261021.0,52300.0,Call,-,-,-,-,157.0,-,-,0,0,0,1,74,255,1000,85
TXO,202610,20261021.0,52300.0,Put,-,-,-,-,5280.0,-,-,0,0,0,0,-,-,-,-
TXO,202610,20261021.0,52400.0,Call,152,152,152,152,152.0,▼-41,▼-21.24%,0,1,1,14,-,-,865,80
TXO,202610,20261021.0,52400.0,Put,-,-,-,-,5380.0,-,-,0,0,0,0,-,-,-,-
TXO,202610,20261021.0,52500.0,Call,178,181,178,181,141.0,▲+7,▲+4.02%,1,6,7,59,134,148,940,62
TXO,202610,20261021.0,52500.0,Put,-,-,-,-,5470.0,-,-,0,0,0,0,-,-,-,-
TXO,202610,20261021.0,52600.0,Call,174,174,130,130,130.0,▼-41,▼-23.98%,0,4,4,7,5,-,174,7.7
TXO,202610,20261021.0,52600.0,Put,-,-,-,-,5560.0,-,-,0,0,0,0,-,-,-,-
TXO,202610,20261021.0,52700.0,Call,141,141,141,141,124.0,▼-20,▼-12.42%,0,1,1,4,32,-,310,76
TXO,202610,20261021.0,52700.0,Put,-,-,-,-,5650.0,-,-,0,0,0,0,-,-,-,-
TXO,202610,20261021.0,52800.0,Call,137,138,133,133,117.0,▼-17,▼-11.33%,1,3,4,1,113,119,275,64
TXO,202610,20261021.0,52800.0,Put,-,-,-,-,5740.0,-,-,0,0,0,0,5610,-,-,-
TXO,202610,20261021.0,52900.0,Call,-,-,-,-,111.0,-,-,0,0,0,2,107,113,139,58
TXO,202610,20261021.0,52900.0,Put,-,-,-,-,5840.0,-,-,0,0,0,0,5710,-,-,-
TXO,202610,20261021.0,53000.0,Call,150,150,110,110,110.0,▼-22,▼-16.67%,1,35,36,107,101,106,379,46
TXO,202610,20261021.0,53000.0,Put,-,-,-,-,5930.0,-,-,0,0,0,0,5800,-,-,-
TXO,202610,20261021.0,53100.0,Call,-,-,-,-,99.0,-,-,0,0,0,2,-,239,100,50
TXO,202610,20261021.0,53100.0,Put,-,-,-,-,6020.0,-,-,0,0,0,0,5890,-,-,-
TXO,202610,20261021.0,53200.0,Call,122,130,122,130,94.0,▲+8,▲+6.56%,1,4,5,12,78,-,130,67
TXO,202610,20261021.0,53200.0,Put,-,-,-,-,6120.0,-,-,0,0,0,0,5990,-,-,-
TXO,202610,20261021.0,53300.0,Call,122,122,115,115,87.0,▼-1,▼-0.86%,0,3,3,21,84,89,122,47
TXO,202610,20261021.0,53300.0,Put,-,-,-,-,6210.0,-,-,0,0,0,0,-,-,-,-
TXO,202610,20261021.0,53400.0,Call,-,-,-,-,82.0,-,-,0,0,0,0,16.5,-,-,-
TXO,202610,20261021.0,53400.0,Put,-,-,-,-,6310.0,-,-,0,0,0,0,-,-,-,-
TXO,202610,20261021.0,53500.0,Call,100,105,80,80,80.0,▼-19,▼-19.19%,1,15,16,12,75,80,105,46
TXO,202610,20261021.0,53500.0,Put,-,-,-,-,6400.0,-,-,0,0,0,0,-,-,-,-
TXO,202610,20261021.0,53600.0,Call,76,76,76,76,76.0,▼-22,▼-22.45%,1,1,2,1,71,75,95,50
TXO,202610,20261021.0,53600.0,Put,-,-,-,-,6500.0,-,-,0,0,0,0,6370,-,-,-
TXO,202610,20261021.0,53700.0,Call,98,98,73,73,73.0,▼-19,▼-20.65%,10,14,24,21,0.1,-,98,48
TXO,202610,20261021.0,53700.0,Put,-,-,-,-,6590.0,-,-,0,0,0,0,-,-,-,-
TXO,202610,20261021.0,53800.0,Call,68,68,68,68,68.0,▼-19,▼-21.84%,0,1,1,1,63,67,68,44.5
TXO,202610,20261021.0,53800.0,Put,-,-,-,-,6690.0,-,-,0,0,0,0,-,-,-,-
TXO,202610,20261021.0,53900.0,Call,63,63,63,63,63.0,▼-19,▼-23.17%,0,1,1,8,60,64,75,39
TXO,202610,20261021.0,53900.0,Put,-,-,-,-,6790.0,-,-,0,0,0,0,6650,-,-,-
TXO,202610,20261021.0,54000.0,Call,73,84,58,58,58.0,▼-18,▼-23.68%,9,22,31,110,50,-,84,34
TXO,202610,20261021.0,54000.0,Put,-,-,-,-,6880.0,-,-,0,0,0,0,6750,-,-,-
TXO,202610,20261021.0,54100.0,Call,-,-,-,-,56.0,-,-,0,0,0,0,0.1,-,-,-
TXO,202610,20261021.0,54100.0,Put,-,-,-,-,6980.0,-,-,0,0,0,0,6850,-,-,-
TXO,202610,20261021.0,54200.0,Call,-,-,-,-,53.0,-,-,0,0,0,0,-,-,-,-
TXO,202610,20261021.0,54200.0,Put,-,-,-,-,7080.0,-,-,0,0,0,0,-,-,-,-
TXO,202610,20261021.0,54300.0,Call,-,-,-,-,49.5,-,-,0,0,0,0,47.5,51,-,-
TXO,202610,20261021.0,54300.0,Put,-,-,-,-,7170.0,-,-,0,0,0,0,7040,-,-,-
TXO,202610,20261021.0,54400.0,Call,-,-,-,-,47.0,-,-,0,0,0,0,5,-,-,-
TXO,202610,20261021.0,54400.0,Put,-,-,-,-,7270.0,-,-,0,0,0,0,7130,-,-,-
TXO,202610,20261021.0,54500.0,Call,61,61,44,44.5,44.5,▼-11.5,▼-20.54%,0,45,45,43,0.6,70,61,44
TXO,202610,20261021.0,54500.0,Put,-,-,-,-,7370.0,-,-,0,0,0,0,-,-,-,-
TXO,202611,20261118.0,38000.0,Call,-,-,-,-,9430.0,-,-,0,0,0,0,-,9580,-,-
TXO,202611,20261118.0,38000.0,Put,148,148,148,148,148.0,▲+24,▲+19.35%,1,1,2,38,133,224,595,124
TXO,202611,20261118.0,38100.0,Call,-,-,-,-,9340.0,-,-,0,0,0,0,-,9490,-,-
TXO,202611,20261118.0,38100.0,Put,-,-,-,-,156.0,-,-,0,0,0,3,152,160,525,192
TXO,202611,20261118.0,38200.0,Call,-,-,-,-,9240.0,-,-,0,0,0,0,-,9400,-,-
TXO,202611,20261118.0,38200.0,Put,-,-,-,-,158.0,-,-,0,0,0,3,154,162,273,123
TXO,202611,20261118.0,38300.0,Call,-,-,-,-,9150.0,-,-,0,0,0,0,-,-,-,-
TXO,202611,20261118.0,38300.0,Put,-,-,-,-,165.0,-,-,0,0,0,4,36.5,247,555,125
TXO,202611,20261118.0,38400.0,Call,-,-,-,-,9050.0,-,-,0,0,0,0,-,9200,-,-
TXO,202611,20261118.0,38400.0,Put,-,-,-,-,170.0,-,-,0,0,0,3,-,-,299,123
TXO,202611,20261118.0,38500.0,Call,-,-,-,-,8960.0,-,-,0,0,0,0,-,9100,-,-
TXO,202611,20261118.0,38500.0,Put,-,-,-,-,175.0,-,-,0,0,0,10,44,358,585,171
TXO,202611,20261118.0,38600.0,Call,-,-,-,-,8860.0,-,-,0,0,0,0,-,9010,-,-
TXO,202611,20261118.0,38600.0,Put,-,-,-,-,180.0,-,-,0,0,0,2,175,184,317,193
TXO,202611,20261118.0,38700.0,Call,-,-,-,-,8760.0,-,-,0,0,0,0,-,8910,-,-
TXO,202611,20261118.0,38700.0,Put,-,-,-,-,183.0,-,-,0,0,0,2,178,187,370,230
TXO,202611,20261118.0,38800.0,Call,-,-,-,-,8670.0,-,-,0,0,0,0,-,-,-,-
TXO,202611,20261118.0,38800.0,Put,-,-,-,-,188.0,-,-,0,0,0,1,183,193,204,204
TXO,202611,20261118.0,38900.0,Call,-,-,-,-,8580.0,-,-,0,0,0,0,-,8720,-,-
TXO,202611,20261118.0,38900.0,Put,-,-,-,-,195.0,-,-,0,0,0,3,189,198,335,172
TXO,202611,20261118.0,39000.0,Call,-,-,-,-,8490.0,-,-,0,0,0,0,-,-,-,-
TXO,202611,20261118.0,39000.0,Put,166,188,165,188,203.0,▲+22,▲+13.25%,0,3,3,8,198,207,402,165
TXO,202611,20261118.0,39100.0,Call,-,-,-,-,8390.0,-,-,0,0,0,0,-,8470,-,-
TXO,202611,20261118.0,39100.0,Put,-,-,-,-,208.0,-,-,0,0,0,4,203,213,234,227
TXO,202611,20261118.0,39200.0,Call,-,-,-,-,8300.0,-,-,0,0,0,0,-,8450,-,-
TXO,202611,20261118.0,39200.0,Put,-,-,-,-,212.0,-,-,0,0,0,2,207,217,303,206
TXO,202611,20261118.0,39300.0,Call,-,-,-,-,8210.0,-,-,0,0,0,0,-,8350,-,-
TXO,202611,20261118.0,39300.0,Put,-,-,-,-,221.0,-,-,0,0,0,5,216,226,650,610
TXO,202611,20261118.0,39400.0,Call,-,-,-,-,8110.0,-,-,0,0,0,0,-,8260,-,-
TXO,202611,20261118.0,39400.0,Put,-,-,-,-,228.0,-,-,0,0,0,0,-,-,-,-
TXO,202611,20261118.0,39500.0,Call,-,-,-,-,8020.0,-,-,0,0,0,0,-,8170,-,-
TXO,202611,20261118.0,39500.0,Put,208,224,208,224,236.0,▲+32,▲+16.67%,0,3,3,21,231,241,555,208
TXO,202611,20261118.0,39600.0,Call,-,-,-,-,7930.0,-,-,0,0,0,0,-,8070,-,-
TXO,202611,20261118.0,39600.0,Put,-,-,-,-,244.0,-,-,0,0,0,1,238,249,469,469
TXO,202611,20261118.0,39700.0,Call,-,-,-,-,7840.0,-,-,0,0,0,0,-,8070,-,-
TXO,202611,20261118.0,39700.0,Put,-,-,-,-,252.0,-,-,0,0,0,1,104,-,420,413
TXO,202611,20261118.0,39800.0,Call,-,-,-,-,7740.0,-,-,0,0,0,0,-,7820,-,-
TXO,202611,20261118.0,39800.0,Put,-,-,-,-,259.0,-,-,0,0,0,2,-,-,283,208
TXO,202611,20261118.0,39900.0,Call,-,-,-,-,7650.0,-,-,0,0,0,0,-,7790,-,-
TXO,202611,20261118.0,39900.0,Put,-,-,-,-,267.0,-,-,0,0,0,2,261,273,210,205
TXO,202611,20261118.0,40000.0,Call,-,-,-,-,7560.0,-,-,0,0,0,0,-,7710,-,-
TXO,202611,20261118.0,40000.0,Put,235,264,230,264,276.0,▲+42,▲+18.92%,0,5,5,22,267,278,785,214
TXO,202611,20261118.0,40100.0,Call,-,-,-,-,7470.0,-,-,0,0,0,0,-,-,-,-
TXO,202611,20261118.0,40100.0,Put,-,-,-,-,284.0,-,-,0,0,0,0,130,-,-,-
TXO,202611,20261118.0,40200.0,Call,-,-,-,-,7380.0,-,-,0,0,0,0,-,7520,-,-
TXO,202611,20261118.0,40200.0,Put,-,-,-,-,293.0,-,-,0,0,0,0,287,299,-,-
TXO,202611,20261118.0,40300.0,Call,-,-,-,-,7290.0,-,-,0,0,0,0,-,-,-,-
TXO,202611,20261118.0,40300.0,Put,-,-,-,-,303.0,-,-,0,0,0,0,297,309,-,-
TXO,202611,20261118.0,40400.0,Call,-,-,-,-,7200.0,-,-,0,0,0,0,-,7340,-,-
TXO,202611,20261118.0,40400.0,Put,-,-,-,-,312.0,-,-,0,0,0,0,306,318,-,-
TXO,202611,20261118.0,40500.0,Call,-,-,-,-,7110.0,-,-,0,0,0,0,-,7250,-,-
TXO,202611,20261118.0,40500.0,Put,274,285,274,285,322.0,▲+26,▲+10.04%,0,2,2,8,316,328,417,259
TXO,202611,20261118.0,40600.0,Call,-,-,-,-,7020.0,-,-,0,0,0,0,-,7160,-,-
TXO,202611,20261118.0,40600.0,Put,-,-,-,-,333.0,-,-,0,0,0,0,170,-,-,-
TXO,202611,20261118.0,40700.0,Call,-,-,-,-,6930.0,-,-,0,0,0,0,-,7070,-,-
TXO,202611,20261118.0,40700.0,Put,270,270,270,270,344.0,▼-8,▼-2.88%,0,1,1,4,337,350,930,270
TXO,202611,20261118.0,40800.0,Call,-,-,-,-,6840.0,-,-,0,0,0,0,-,6980,-,-
TXO,202611,20261118.0,40800.0,Put,-,-,-,-,354.0,-,-,0,0,0,1,187,-,610,610
TXO,202611,20261118.0,40900.0,Call,-,-,-,-,6760.0,-,-,0,0,0,0,-,6890,-,-
TXO,202611,20261118.0,40900.0,Put,-,-,-,-,366.0,-,-,0,0,0,0,359,372,-,-
TXO,202611,20261118.0,41000.0,Call,-,-,-,-,6670.0,-,-,0,0,0,0,-,6740,-,-
TXO,202611,20261118.0,41000.0,Put,365,365,365,365,378.0,▲+54,▲+17.36%,0,1,1,6,371,384,990,311
TXO,202611,20261118.0,41100.0,Call,-,-,-,-,6580.0,-,-,0,0,0,0,-,-,-,-
TXO,202611,20261118.0,41100.0,Put,-,-,-,-,389.0,-,-,0,0,0,1,216,483,425,425
TXO,202611,20261118.0,41200.0,Call,-,-,-,-,6490.0,-,-,0,0,0,0,-,-,-,-
TXO,202611,20261118.0,41200.0,Put,-,-,-,-,402.0,-,-,0,0,0,0,-,-,-,-
TXO,202611,20261118.0,41300.0,Call,-,-,-,-,6410.0,-,-,0,0,0,0,-,-,-,-
TXO,202611,20261118.0,41300.0,Put,-,-,-,-,414.0,-,-,0,0,0,0,-,-,-,-
TXO,202611,20261118.0,41400.0,Call,-,-,-,-,6320.0,-,-,0,0,0,0,-,-,-,-
TXO,202611,20261118.0,41400.0,Put,-,-,-,-,428.0,-,-,0,0,0,0,328,-,-,-
TXO,202611,20261118.0,41500.0,Call,-,-,-,-,6230.0,-,-,0,0,0,0,-,6370,-,-
TXO,202611,20261118.0,41500.0,Put,-,-,-,-,442.0,-,-,0,0,0,5,434,449,1040,595
TXO,202611,20261118.0,41600.0,Call,-,-,-,-,6150.0,-,-,0,0,0,0,-,-,-,-
TXO,202611,20261118.0,41600.0,Put,-,-,-,-,455.0,-,-,0,0,0,0,447,462,-,-
TXO,202611,20261118.0,41700.0,Call,-,-,-,-,6060.0,-,-,0,0,0,0,-,6190,-,-
TXO,202611,20261118.0,41700.0,Put,-,-,-,-,469.0,-,-,0,0,0,0,461,477,-,-
TXO,202611,20261118.0,41800.0,Call,-,-,-,-,5980.0,-,-,0,0,0,0,-,-,-,-
TXO,202611,20261118.0,41800.0,Put,-,-,-,-,483.0,-,-,0,0,0,0,475,490,-,-
TXO,202611,20261118.0,41900.0,Call,-,-,-,-,5890.0,-,-,0,0,0,0,-,6030,-,-
TXO,202611,20261118.0,41900.0,Put,-,-,-,-,497.0,-,-,0,0,0,1,392,570,560,560
TXO,202611,20261118.0,42000.0,Call,-,-,-,-,5810.0,-,-,0,0,0,0,-,5940,-,-
TXO,202611,20261118.0,42000.0,Put,435,435,435,435,515.0,▲+16,▲+3.82%,0,1,1,8,505,520,750,435
TXO,202611,20261118.0,42100.0,Call,-,-,-,-,5720.0,-,-,0,0,0,0,-,5860,-,-
TXO,202611,20261118.0,42100.0,Put,-,-,-,-,530.0,-,-,0,0,0,1,414,600,515,515
TXO,202611,20261118.0,42200.0,Call,-,-,-,-,5640.0,-,-,0,0,0,0,-,5770,-,-
TXO,202611,20261118.0,42200.0,Put,-,-,-,-,545.0,-,-,0,0,0,0,428,-,-,-
TXO,202611,20261118.0,42300.0,Call,-,-,-,-,5560.0,-,-,0,0,0,0,-,5690,-,-
TXO,202611,20261118.0,42300.0,Put,-,-,-,-,565.0,-,-,0,0,0,0,550,575,-,-
TXO,202611,20261118.0,42400.0,Call,-,-,-,-,5480.0,-,-,0,0,0,0,-,-,-,-
TXO,202611,20261118.0,42400.0,Put,-,-,-,-,580.0,-,-,0,0,0,0,457,-,-,-
TXO,202611,20261118.0,42500.0,Call,-,-,-,-,5390.0,-,-,0,0,0,0,-,-,-,-
TXO,202611,20261118.0,42500.0,Put,-,-,-,-,600.0,-,-,0,0,0,5,585,610,610,475
TXO,202611,20261118.0,42600.0,Call,-,-,-,-,5310.0,-,-,0,0,0,0,-,-,-,-
TXO,202611,20261118.0,42600.0,Put,-,-,-,-,620.0,-,-,0,0,0,0,605,630,605,605
TXO,202611,20261118.0,42700.0,Call,-,-,-,-,5230.0,-,-,0,0,0,0,-,5360,-,-
TXO,202611,20261118.0,42700.0,Put,-,-,-,-,635.0,-,-,0,0,0,0,625,645,1620,915
TXO,202611,20261118.0,42800.0,Call,-,-,-,-,5150.0,-,-,0,0,0,0,-,5270,-,-
TXO,202611,20261118.0,42800.0,Put,-,-,-,-,655.0,-,-,0,0,0,0,520,-,-,-
TXO,202611,20261118.0,42900.0,Call,-,-,-,-,5070.0,-,-,0,0,0,0,-,5200,-,-
TXO,202611,20261118.0,42900.0,Put,-,-,-,-,675.0,-,-,0,0,0,0,660,685,-,-
TXO,202611,20261118.0,43000.0,Call,-,-,-,-,4990.0,-,-,0,0,0,0,-,-,-,-
TXO,202611,20261118.0,43000.0,Put,-,-,-,-,695.0,-,-,0,0,0,0,550,-,730,545
TXO,202611,20261118.0,43100.0,Call,-,-,-,-,4910.0,-,-,0,0,0,0,-,5040,-,-
TXO,202611,20261118.0,43100.0,Put,-,-,-,-,715.0,-,-,0,0,0,0,700,725,-,-
TXO,202611,20261118.0,43200.0,Call,-,-,-,-,4840.0,-,-,0,0,0,0,-,4950,-,-
TXO,202611,20261118.0,43200.0,Put,-,-,-,-,740.0,-,-,0,0,0,0,725,750,-,-
TXO,202611,20261118.0,43300.0,Call,-,-,-,-,4760.0,-,-,0,0,0,0,-,4870,-,-
TXO,202611,20261118.0,43300.0,Put,-,-,-,-,760.0,-,-,1,0,1,2,745,770,1040,670
TXO,202611,20261118.0,43400.0,Call,-,-,-,-,4680.0,-,-,0,0,0,0,-,4800,-,-
TXO,202611,20261118.0,43400.0,Put,-,-,-,-,780.0,-,-,0,0,0,0,625,-,-,-
TXO,202611,20261118.0,43500.0,Call,-,-,-,-,4600.0,-,-,0,0,0,0,-,4720,-,-
TXO,202611,20261118.0,43500.0,Put,-,-,-,-,805.0,-,-,0,0,0,0,790,815,1070,780
TXO,202611,20261118.0,43600.0,Call,-,-,-,-,4520.0,-,-,0,0,0,0,-,-,-,-
TXO,202611,20261118.0,43600.0,Put,-,-,-,-,825.0,-,-,0,0,0,1,810,835,1070,1070
TXO,202611,20261118.0,43700.0,Call,-,-,-,-,4450.0,-,-,0,0,0,0,-,4570,-,-
TXO,202611,20261118.0,43700.0,Put,-,-,-,-,850.0,-,-,0,0,0,0,835,860,-,-
TXO,202611,20261118.0,43800.0,Call,-,-,-,-,4370.0,-,-,0,0,0,0,-,-,-,-
TXO,202611,20261118.0,43800.0,Put,-,-,-,-,875.0,-,-,0,0,0,0,860,885,920,850
TXO,202611,20261118.0,43900.0,Call,-,-,-,-,4300.0,-,-,0,0,0,0,-,4360,-,-
TXO,202611,20261118.0,43900.0,Put,830,830,830,830,900.0,▲+85,▲+11.41%,0,1,1,5,885,910,1930,830
TXO,202611,20261118.0,44000.0,Call,-,-,-,-,4220.0,-,-,0,0,0,0,-,-,-,-
TXO,202611,20261118.0,44000.0,Put,-,-,-,-,925.0,-,-,0,0,0,1,900,925,2100,775
TXO,202611,20261118.0,44100.0,Call,-,-,-,-,4150.0,-,-,0,0,0,0,-,-,-,-
TXO,202611,20261118.0,44100.0,Put,-,-,-,-,950.0,-,-,0,0,0,0,935,960,910,815
TXO,202611,20261118.0,44200.0,Call,-,-,-,-,4070.0,-,-,0,0,0,0,-,4140,-,-
TXO,202611,20261118.0,44200.0,Put,-,-,-,-,975.0,-,-,0,0,0,1,-,1060,1280,1280
TXO,202611,20261118.0,44300.0,Call,-,-,-,-,4000.0,-,-,0,0,0,0,-,-,-,-
TXO,202611,20261118.0,44300.0,Put,-,-,-,-,1000.0,-,-,0,0,0,1,-,1090,1870,970
TXO,202611,20261118.0,44400.0,Call,-,-,-,-,3930.0,-,-,0,0,0,0,-,4040,-,-
TXO,202611,20261118.0,44400.0,Put,-,-,-,-,1030.0,-,-,0,0,0,0,1010,1040,-,-
TXO,202611,20261118.0,44500.0,Call,-,-,-,-,3860.0,-,-,0,0,0,0,-,3890,-,-
TXO,202611,20261118.0,44500.0,Put,920,920,920,920,1060.0,▲+40,▲+4.55%,0,1,1,0,-,-,1230,920
TXO,202611,20261118.0,44600.0,Call,-,-,-,-,3790.0,-,-,0,0,0,0,-,3900,-,-
TXO,202611,20261118.0,44600.0,Put,1050,1050,1050,1050,1090.0,▲+145,▲+16.02%,0,1,1,2,1070,1100,1200,1050
TXO,202611,20261118.0,44700.0,Call,-,-,-,-,3720.0,-,-,0,0,0,0,3680,3730,-,-
TXO,202611,20261118.0,44700.0,Put,-,-,-,-,1120.0,-,-,0,0,0,0,-,-,2040,1090
TXO,202611,20261118.0,44800.0,Call,-,-,-,-,3650.0,-,-,0,0,0,0,-,-,-,-
TXO,202611,20261118.0,44800.0,Put,-,-,-,-,1150.0,-,-,0,0,0,0,1130,1160,-,-
TXO,202611,20261118.0,44900.0,Call,-,-,-,-,3580.0,-,-,0,0,0,0,-,-,-,-
TXO,202611,20261118.0,44900.0,Put,-,-,-,-,1180.0,-,-,0,0,0,0,-,-,-,-
TXO,202611,20261118.0,45000.0,Call,3740,3740,3740,3740,3510.0,▼-70,▼-1.84%,0,2,2,2,-,-,3740,2760
TXO,202611,20261118.0,45000.0,Put,1030,1100,1030,1100,1210.0,▲+90,▲+8.91%,0,3,3,4,-,1280,2580,1030
TXO,202611,20261118.0,45100.0,Call,-,-,-,-,3440.0,-,-,0,0,0,0,3410,3460,-,-
TXO,202611,20261118.0,45100.0,Put,-,-,-,-,1240.0,-,-,0,0,0,0,1220,1250,-,-
TXO,202611,20261118.0,45200.0,Call,-,-,-,-,3380.0,-,-,0,0,0,0,-,-,-,-
TXO,202611,20261118.0,45200.0,Put,-,-,-,-,1270.0,-,-,0,0,0,0,1250,1280,-,-
TXO,202611,20261118.0,45300.0,Call,-,-,-,-,3310.0,-,-,0,0,0,0,3270,3320,-,-
TXO,202611,20261118.0,45300.0,Put,1160,1260,1160,1260,1310.0,▲+160,▲+14.55%,0,15,15,15,1140,-,1260,1160
TXO,202611,20261118.0,45400.0,Call,-,-,-,-,3240.0,-,-,0,0,0,0,3210,3260,-,-
TXO,202611,20261118.0,45400.0,Put,1190,1300,1190,1300,1340.0,▲+170,▲+15.04%,0,10,10,10,1320,1350,2790,1190
TXO,202611,20261118.0,45500.0,Call,-,-,-,-,3180.0,-,-,0,0,0,1,-,-,3240,3240
TXO,202611,20261118.0,45500.0,Put,1220,1350,1220,1330,1370.0,▲+170,▲+14.66%,0,20,20,20,1240,-,2800,1220
TXO,202611,20261118.0,45600.0,Call,-,-,-,-,3110.0,-,-,0,0,0,0,-,-,-,-
TXO,202611,20261118.0,45600.0,Put,1350,1350,1350,1350,1410.0,▲+160,▲+13.45%,2,1,3,2,1390,1420,1760,1200
TXO,202611,20261118.0,45700.0,Call,-,-,-,-,3040.0,-,-,0,0,0,0,-,-,-,-
TXO,202611,20261118.0,45700.0,Put,1370,1400,1370,1400,1440.0,▲+180,▲+14.75%,0,20,20,21,1350,1500,1880,1370
TXO,202611,20261118.0,45800.0,Call,-,-,-,-,2980.0,-,-,0,0,0,0,2950,3000,-,-
TXO,202611,20261118.0,45800.0,Put,1350,1420,1350,1420,1480.0,▲+160,▲+12.70%,0,20,20,20,1310,-,1430,1350
TXO,202611,20261118.0,45900.0,Call,-,-,-,-,2920.0,-,-,0,0,0,0,-,-,-,-
TXO,202611,20261118.0,45900.0,Put,1390,1450,1380,1450,1520.0,▲+170,▲+13.28%,0,20,20,21,1360,-,1810,1280
TXO,202611,20261118.0,46000.0,Call,-,-,-,-,2850.0,-,-,0,0,0,3,2830,2880,3130,2210
TXO,202611,20261118.0,46000.0,Put,-,-,-,-,1550.0,-,-,0,0,0,6,1530,1560,2800,1300
TXO,202611,20261118.0,46100.0,Call,-,-,-,-,2790.0,-,-,0,0,0,1,-,-,2540,2540
TXO,202611,20261118.0,46100.0,Put,-,-,-,-,1590.0,-,-,0,0,0,0,3.8,-,-,-
TXO,202611,20261118.0,46200.0,Call,-,-,-,-,2730.0,-,-,0,0,0,1,2720,2820,2680,2680
TXO,202611,20261118.0,46200.0,Put,-,-,-,-,1630.0,-,-,0,0,0,0,1610,1640,-,-
TXO,202611,20261118.0,46300.0,Call,-,-,-,-,2670.0,-,-,0,0,0,0,-,-,-,-
TXO,202611,20261118.0,46300.0,Put,-,-,-,-,1670.0,-,-,0,0,0,0,1650,1680,-,-
TXO,202611,20261118.0,46400.0,Call,-,-,-,-,2620.0,-,-,0,0,0,0,-,-,-,-
TXO,202611,20261118.0,46400.0,Put,-,-,-,-,1710.0,-,-,0,0,0,0,1690,1720,-,-
TXO,202611,20261118.0,46500.0,Call,-,-,-,-,2570.0,-,-,0,0,0,13,-,-,2220,1960
TXO,202611,20261118.0,46500.0,Put,-,-,-,-,1760.0,-,-,0,0,0,12,1620,-,1870,1840
TXO,202611,20261118.0,46600.0,Call,-,-,-,-,2510.0,-,-,0,0,0,0,2470,2520,2250,2230
TXO,202611,20261118.0,46600.0,Put,-,-,-,-,1800.0,-,-,0,0,0,0,3.8,-,-,-
TXO,202611,20261118.0,46700.0,Call,-,-,-,-,2450.0,-,-,0,0,0,0,2420,2460,-,-
TXO,202611,20261118.0,46700.0,Put,-,-,-,-,1840.0,-,-,0,0,0,0,1820,1850,-,-
TXO,202611,20261118.0,46800.0,Call,-,-,-,-,2390.0,-,-,3,0,3,2,2300,-,2620,1620
TXO,202611,20261118.0,46800.0,Put,-,-,-,-,1880.0,-,-,0,0,0,6,1860,1890,2520,1840
TXO,202611,20261118.0,46900.0,Call,-,-,-,-,2340.0,-,-,0,0,0,0,-,-,-,-
TXO,202611,20261118.0,46900.0,Put,-,-,-,-,1930.0,-,-,2,0,2,1,1910,1940,1840,1690
TXO,202611,20261118.0,47000.0,Call,-,-,-,-,2280.0,-,-,0,0,0,3,2270,2310,2110,1620
TXO,202611,20261118.0,47000.0,Put,-,-,-,-,1970.0,-,-,0,0,0,5,1950,1980,3820,2040
TXO,202611,20261118.0,47100.0,Call,-,-,-,-,2230.0,-,-,0,0,0,0,-,-,-,-
TXO,202611,20261118.0,47100.0,Put,-,-,-,-,2020.0,-,-,0,0,0,0,3.8,-,-,-
TXO,202611,20261118.0,47200.0,Call,-,-,-,-,2170.0,-,-,0,0,0,0,-,-,-,-
TXO,202611,20261118.0,47200.0,Put,1840,1840,1840,1840,2060.0,▲+30,▲+1.66%,0,1,1,3,2040,2070,1980,1810
TXO,202611,20261118.0,47300.0,Call,-,-,-,-,2120.0,-,-,0,0,0,0,-,-,-,-
TXO,202611,20261118.0,47300.0,Put,-,-,-,-,2110.0,-,-,0,0,0,0,3.8,-,-,-
TXO,202611,20261118.0,47400.0,Call,2240,2240,2240,2240,2060.0,▼-40,▼-1.75%,0,1,1,1,2050,2080,2240,2240
TXO,202611,20261118.0,47400.0,Put,-,-,-,-,2150.0,-,-,0,0,0,0,2130,2170,-,-
TXO,202611,20261118.0,47500.0,Call,-,-,-,-,2010.0,-,-,0,0,0,17,2000,2030,2160,1780
TXO,202611,20261118.0,47500.0,Put,-,-,-,-,2200.0,-,-,0,0,0,4,2190,2220,2730,2730
TXO,202611,20261118.0,47600.0,Call,-,-,-,-,1960.0,-,-,0,0,0,0,-,-,-,-
TXO,202611,20261118.0,47600.0,Put,-,-,-,-,2250.0,-,-,0,0,0,0,2230,2270,-,-
TXO,202611,20261118.0,47700.0,Call,-,-,-,-,1910.0,-,-,2,0,2,0,1900,1930,2140,1950
TXO,202611,20261118.0,47700.0,Put,-,-,-,-,2300.0,-,-,0,0,0,0,2280,2320,-,-
TXO,202611,20261118.0,47800.0,Call,-,-,-,-,1860.0,-,-,0,0,0,0,1850,1880,-,-
TXO,202611,20261118.0,47800.0,Put,-,-,-,-,2350.0,-,-,0,0,0,0,2330,2370,-,-
TXO,202611,20261118.0,47900.0,Call,-,-,-,-,1810.0,-,-,0,0,0,5,1800,1830,1600,1600
TXO,202611,20261118.0,47900.0,Put,-,-,-,-,2400.0,-,-,0,0,0,0,2380,2420,-,-
TXO,202611,20261118.0,48000.0,Call,1800,1830,1780,1780,1780.0,▼-190,▼-9.64%,0,4,4,37,1750,1780,1950,1250
TXO,202611,20261118.0,48000.0,Put,2400,2400,2400,2400,2450.0,▲+240,▲+11.11%,0,2,2,4,2440,2470,4280,2400
TXO,202611,20261118.0,48100.0,Call,-,-,-,-,1720.0,-,-,0,0,0,0,1710,1740,-,-
TXO,202611,20261118.0,48100.0,Put,-,-,-,-,2510.0,-,-,0,0,0,0,2490,2540,-,-
TXO,202611,20261118.0,48200.0,Call,-,-,-,-,1680.0,-,-,0,0,0,0,1660,1690,-,-
TXO,202611,20261118.0,48200.0,Put,-,-,-,-,2560.0,-,-,0,0,0,0,2550,2590,-,-
TXO,202611,20261118.0,48300.0,Call,-,-,-,-,1630.0,-,-,0,0,0,0,-,-,-,-
TXO,202611,20261118.0,48300.0,Put,-,-,-,-,2620.0,-,-,0,0,0,0,2600,2650,-,-
TXO,202611,20261118.0,48400.0,Call,-,-,-,-,1590.0,-,-,0,0,0,4,-,1800,1790,1700
TXO,202611,20261118.0,48400.0,Put,-,-,-,-,2680.0,-,-,0,0,0,0,-,-,-,-
TXO,202611,20261118.0,48500.0,Call,-,-,-,-,1540.0,-,-,0,0,0,0,1530,1560,1280,1140
TXO,202611,20261118.0,48500.0,Put,-,-,-,-,2730.0,-,-,0,0,0,0,2710,2760,-,-
TXO,202611,20261118.0,48600.0,Call,-,-,-,-,1500.0,-,-,0,0,0,0,-,-,-,-
TXO,202611,20261118.0,48600.0,Put,-,-,-,-,2790.0,-,-,0,0,0,0,2770,2820,-,-
TXO,202611,20261118.0,48700.0,Call,-,-,-,-,1460.0,-,-,0,0,0,0,-,-,-,-
TXO,202611,20261118.0,48700.0,Put,-,-,-,-,2850.0,-,-,0,0,0,0,2830,2880,-,-
TXO,202611,20261118.0,48800.0,Call,-,-,-,-,1410.0,-,-,0,0,0,2,1400,1430,1500,1040
TXO,202611,20261118.0,48800.0,Put,-,-,-,-,2900.0,-,-,0,0,0,0,2880,2920,-,-
TXO,202611,20261118.0,48900.0,Call,-,-,-,-,1370.0,-,-,0,0,0,0,1360,1390,-,-
TXO,202611,20261118.0,48900.0,Put,-,-,-,-,2960.0,-,-,0,0,0,0,2930,2980,-,-
TXO,202611,20261118.0,49000.0,Call,-,-,-,-,1330.0,-,-,0,0,0,2,-,-,970,950
TXO,202611,20261118.0,49000.0,Put,-,-,-,-,3020.0,-,-,0,0,0,4,3010,3110,4900,3640
TXO,202611,20261118.0,49100.0,Call,-,-,-,-,1300.0,-,-,0,0,0,0,-,-,-,-
TXO,202611,20261118.0,49100.0,Put,-,-,-,-,3080.0,-,-,0,0,0,0,3060,3110,-,-
TXO,202611,20261118.0,49200.0,Call,-,-,-,-,1260.0,-,-,0,0,0,2,1250,1280,1050,920
TXO,202611,20261118.0,49200.0,Put,-,-,-,-,3150.0,-,-,0,0,0,0,-,-,-,-
TXO,202611,20261118.0,49300.0,Call,-,-,-,-,1220.0,-,-,0,0,0,0,-,-,-,-
TXO,202611,20261118.0,49300.0,Put,-,-,-,-,3200.0,-,-,0,0,0,0,3190,3240,-,-
TXO,202611,20261118.0,49400.0,Call,-,-,-,-,1190.0,-,-,0,0,0,0,-,-,-,-
TXO,202611,20261118.0,49400.0,Put,-,-,-,-,3270.0,-,-,0,0,0,0,3220,-,-,-
TXO,202611,20261118.0,49500.0,Call,-,-,-,-,1150.0,-,-,0,0,0,0,-,-,1160,1120
TXO,202611,20261118.0,49500.0,Put,-,-,-,-,3330.0,-,-,0,0,0,0,-,-,-,-
TXO,202611,20261118.0,49600.0,Call,-,-,-,-,1120.0,-,-,0,0,0,0,1100,1130,-,-
TXO,202611,20261118.0,49600.0,Put,-,-,-,-,3400.0,-,-,0,0,0,0,-,-,-,-
TXO,202611,20261118.0,49700.0,Call,1190,1190,1190,1190,1080.0,▼-30,▼-2.46%,1,1,2,0,1070,1100,1220,1190
TXO,202611,20261118.0,49700.0,Put,-,-,-,-,3460.0,-,-,0,0,0,0,3400,3520,-,-
TXO,202611,20261118.0,49800.0,Call,-,-,-,-,1040.0,-,-,0,0,0,0,-,-,-,-
TXO,202611,20261118.0,49800.0,Put,-,-,-,-,3520.0,-,-,0,0,0,0,3470,-,-,-
TXO,202611,20261118.0,49900.0,Call,-,-,-,-,1010.0,-,-,0,0,0,0,1000,1030,-,-
TXO,202611,20261118.0,49900.0,Put,-,-,-,-,3590.0,-,-,0,0,0,0,-,-,-,-
TXO,202611,20261118.0,50000.0,Call,1050,1050,975,975,975.0,▼-135,▼-12.16%,0,3,3,22,970,995,1050,655
TXO,202611,20261118.0,50000.0,Put,-,-,-,-,3660.0,-,-,0,0,0,0,-,3720,5850,4670
TXO,202611,20261118.0,50100.0,Call,-,-,-,-,955.0,-,-,0,0,0,0,945,970,-,-
TXO,202611,20261118.0,50100.0,Put,-,-,-,-,3730.0,-,-,0,0,0,0,3670,3790,-,-
TXO,202611,20261118.0,50200.0,Call,-,-,-,-,925.0,-,-,0,0,0,0,-,-,-,-
TXO,202611,20261118.0,50200.0,Put,-,-,-,-,3800.0,-,-,0,0,0,0,-,-,-,-
TXO,202611,20261118.0,50300.0,Call,-,-,-,-,895.0,-,-,0,0,0,6,885,910,895,605
TXO,202611,20261118.0,50300.0,Put,-,-,-,-,3870.0,-,-,0,0,0,0,3810,-,-,-
TXO,202611,20261118.0,50400.0,Call,-,-,-,-,870.0,-,-,0,0,0,0,850,875,610,580
TXO,202611,20261118.0,50400.0,Put,-,-,-,-,3950.0,-,-,0,0,0,0,-,-,-,-
TXO,202611,20261118.0,50500.0,Call,-,-,-,-,840.0,-,-,0,0,0,5,730,-,770,550
TXO,202611,20261118.0,50500.0,Put,-,-,-,-,4020.0,-,-,0,0,0,0,-,-,-,-
TXO,202611,20261118.0,50600.0,Call,-,-,-,-,815.0,-,-,0,0,0,5,740,-,810,745
TXO,202611,20261118.0,50600.0,Put,-,-,-,-,4090.0,-,-,0,0,0,0,-,-,-,-
TXO,202611,20261118.0,50700.0,Call,-,-,-,-,785.0,-,-,0,0,0,5,700,-,820,625
TXO,202611,20261118.0,50700.0,Put,-,-,-,-,4160.0,-,-,0,0,0,0,-,-,-,-
TXO,202611,20261118.0,50800.0,Call,-,-,-,-,755.0,-,-,0,0,0,5,745,770,690,585
TXO,202611,20261118.0,50800.0,Put,-,-,-,-,4230.0,-,-,0,0,0,0,4200,-,-,-
TXO,202611,20261118.0,50900.0,Call,-,-,-,-,730.0,-,-,0,0,0,5,720,745,800,620
TXO,202611,20261118.0,50900.0,Put,-,-,-,-,4310.0,-,-,0,0,0,0,4170,-,-,-
TXO,202611,20261118.0,51000.0,Call,-,-,-,-,705.0,-,-,0,0,0,12,695,720,780,443
TXO,202611,20261118.0,51000.0,Put,-,-,-,-,4380.0,-,-,0,0,0,0,-,4440,-,-
TXO,202611,20261118.0,51100.0,Call,-,-,-,-,685.0,-,-,0,0,0,6,670,695,630,400
TXO,202611,20261118.0,51100.0,Put,-,-,-,-,4460.0,-,-,0,0,0,0,-,-,-,-
TXO,202611,20261118.0,51200.0,Call,-,-,-,-,665.0,-,-,0,0,0,5,575,-,610,610
TXO,202611,20261118.0,51200.0,Put,-,-,-,-,4540.0,-,-,0,0,0,0,-,-,-,-
TXO,202611,20261118.0,51300.0,Call,-,-,-,-,640.0,-,-,0,0,0,5,-,-,590,590
TXO,202611,20261118.0,51300.0,Put,-,-,-,-,4620.0,-,-,0,0,0,0,4480,-,-,-
TXO,202611,20261118.0,51400.0,Call,-,-,-,-,620.0,-,-,0,0,0,5,-,-,580,580
TXO,202611,20261118.0,51400.0,Put,-,-,-,-,4690.0,-,-,0,0,0,0,-,-,-,-
TXO,202611,20261118.0,51500.0,Call,655,705,655,675,600.0,0,0%,1,6,7,8,510,-,705,421
TXO,202611,20261118.0,51500.0,Put,-,-,-,-,4770.0,-,-,0,0,0,0,-,-,-,-
TXO,202611,20261118.0,51600.0,Call,-,-,-,-,575.0,-,-,0,0,0,5,-,-,540,540
TXO,202611,20261118.0,51600.0,Put,-,-,-,-,4850.0,-,-,0,0,0,0,-,-,-,-
TXO,202611,20261118.0,51700.0,Call,-,-,-,-,560.0,-,-,0,0,0,4,-,680,555,311
TXO,202611,20261118.0,51700.0,Put,-,-,-,-,4930.0,-,-,0,0,0,0,-,-,-,-
TXO,202611,20261118.0,51800.0,Call,-,-,-,-,540.0,-,-,0,0,0,2,530,550,515,316
TXO,202611,20261118.0,51800.0,Put,-,-,-,-,5010.0,-,-,0,0,0,0,-,-,-,-
TXO,202611,20261118.0,51900.0,Call,-,-,-,-,515.0,-,-,0,0,0,3,414,625,510,310
TXO,202611,20261118.0,51900.0,Put,-,-,-,-,5090.0,-,-,0,0,0,0,-,-,-,-
TXO,202611,20261118.0,52000.0,Call,560,560,560,560,496.0,0,0%,0,1,1,9,399,605,560,272
TXO,202611,20261118.0,52000.0,Put,-,-,-,-,5170.0,-,-,0,0,0,0,-,-,-,-
TXO,202611,20261118.0,52100.0,Call,-,-,-,-,478.0,-,-,0,0,0,16,470,487,475,272
TXO,202611,20261118.0,52100.0,Put,-,-,-,-,5250.0,-,-,0,0,0,0,-,-,-,-
TXO,202611,20261118.0,52200.0,Call,-,-,-,-,460.0,-,-,0,0,0,1,453,469,387,387
TXO,202611,20261118.0,52200.0,Put,-,-,-,-,5330.0,-,-,0,0,0,0,5200,-,-,-
TXO,202611,20261118.0,52300.0,Call,-,-,-,-,444.0,-,-,0,0,0,2,376,555,343,318
TXO,202611,20261118.0,52300.0,Put,-,-,-,-,5410.0,-,-,0,0,0,0,5280,-,-,-
TXO,202611,20261118.0,52400.0,Call,-,-,-,-,428.0,-,-,0,0,0,0,363,-,-,-
TXO,202611,20261118.0,52400.0,Put,-,-,-,-,5500.0,-,-,0,0,0,0,5360,-,-,-
TXO,202611,20261118.0,52500.0,Call,-,-,-,-,413.0,-,-,0,0,0,7,-,520,400,252
TXO,202611,20261118.0,52500.0,Put,-,-,-,-,5580.0,-,-,0,0,0,0,5520,-,-,-
TXO,202611,20261118.0,52600.0,Call,-,-,-,-,398.0,-,-,0,0,0,0,331,-,-,-
TXO,202611,20261118.0,52600.0,Put,-,-,-,-,5670.0,-,-,0,0,0,0,-,-,-,-
TXO,202611,20261118.0,52700.0,Call,-,-,-,-,383.0,-,-,0,0,0,0,376,391,373,373
TXO,202611,20261118.0,52700.0,Put,-,-,-,-,5750.0,-,-,0,0,0,0,-,-,-,-
TXO,202611,20261118.0,52800.0,Call,450,450,450,450,370.0,▲+30,▲+7.14%,0,1,1,3,362,377,450,285
TXO,202611,20261118.0,52800.0,Put,-,-,-,-,5840.0,-,-,0,0,0,0,-,-,-,-
TXO,202611,20261118.0,52900.0,Call,-,-,-,-,357.0,-,-,0,0,0,4,285,-,389,222
TXO,202611,20261118.0,52900.0,Put,-,-,-,-,5920.0,-,-,0,0,0,0,-,-,-,-
TXO,202611,20261118.0,53000.0,Call,358,358,358,358,344.0,▼-31,▼-7.97%,0,3,3,3,271,460,358,358
TXO,202611,20261118.0,53000.0,Put,-,-,-,-,6010.0,-,-,0,0,0,0,5880,-,-,-
TXO,202611,20261118.0,53100.0,Call,-,-,-,-,330.0,-,-,0,0,0,0,324,337,-,-
TXO,202611,20261118.0,53100.0,Put,-,-,-,-,6100.0,-,-,0,0,0,0,-,-,-,-
TXO,202611,20261118.0,53200.0,Call,-,-,-,-,318.0,-,-,0,0,0,2,312,325,246,246
TXO,202611,20261118.0,53200.0,Put,-,-,-,-,6190.0,-,-,0,0,0,0,-,-,-,-
TXO,202611,20261118.0,53300.0,Call,-,-,-,-,307.0,-,-,0,0,0,5,233,408,335,187
TXO,202611,20261118.0,53300.0,Put,-,-,-,-,6270.0,-,-,0,0,0,0,-,-,-,-
TXO,202611,20261118.0,53400.0,Call,-,-,-,-,296.0,-,-,0,0,0,0,289,302,-,-
TXO,202611,20261118.0,53400.0,Put,-,-,-,-,6360.0,-,-,0,0,0,0,-,-,-,-
TXO,202611,20261118.0,53500.0,Call,-,-,-,-,285.0,-,-,0,0,0,0,203,380,-,-
TXO,202611,20261118.0,53500.0,Put,-,-,-,-,6450.0,-,-,0,0,0,0,-,-,-,-
TXO,202611,20261118.0,53600.0,Call,-,-,-,-,275.0,-,-,0,0,0,1,267,279,238,238
TXO,202611,20261118.0,53600.0,Put,-,-,-,-,6540.0,-,-,0,0,0,0,6470,-,-,-
TXO,202611,20261118.0,53700.0,Call,-,-,-,-,265.0,-,-,0,0,0,0,257,269,-,-
TXO,202611,20261118.0,53700.0,Put,-,-,-,-,6630.0,-,-,0,0,0,0,6490,-,-,-
TXO,202611,20261118.0,53800.0,Call,-,-,-,-,255.0,-,-,0,0,0,0,250,261,-,-
TXO,202611,20261118.0,53800.0,Put,-,-,-,-,6720.0,-,-,0,0,0,0,6650,-,-,-
TXO,202611,20261118.0,53900.0,Call,-,-,-,-,244.0,-,-,0,0,0,0,238,250,-,-
TXO,202611,20261118.0,53900.0,Put,-,-,-,-,6810.0,-,-,0,0,0,0,6740,-,-,-
TXO,202611,20261118.0,54000.0,Call,-,-,-,-,235.0,-,-,0,0,0,9,202,387,255,161
TXO,202611,20261118.0,54000.0,Put,-,-,-,-,6900.0,-,-,0,0,0,0,6760,-,-,-
TXO,202611,20261118.0,54100.0,Call,-,-,-,-,225.0,-,-,0,0,0,0,220,231,-,-
TXO,202611,20261118.0,54100.0,Put,-,-,-,-,6990.0,-,-,0,0,0,0,-,-,-,-
TXO,202611,20261118.0,54200.0,Call,-,-,-,-,220.0,-,-,0,0,0,0,-,-,-,-
TXO,202611,20261118.0,54200.0,Put,-,-,-,-,7080.0,-,-,0,0,0,0,6940,-,-,-
TXO,202611,20261118.0,54300.0,Call,240,240,238,238,220.0,▲+13,▲+5.78%,0,4,4,4,205,215,240,238
TXO,202611,20261118.0,54300.0,Put,-,-,-,-,7180.0,-,-,0,0,0,0,7030,-,-,-
TXO,202611,20261118.0,54400.0,Call,-,-,-,-,220.0,-,-,0,0,0,0,21,-,-,-
TXO,202611,20261118.0,54400.0,Put,-,-,-,-,7280.0,-,-,0,0,0,0,-,-,-,-
TXO,202611,20261118.0,54500.0,Call,224,224,220,220,220.0,▲+14,▲+6.80%,0,9,9,9,70,315,224,220
TXO,202611,20261118.0,54500.0,Put,-,-,-,-,7380.0,-,-,0,0,0,0,-,-,-,-
TXO,202612,20261216.0,25200.0,Call,-,-,-,-,22170.0,-,-,0,0,0,2,22070,22500,22620,13580
TXO,202612,20261216.0,25200.0,Put,33.5,35,33.5,35,35.0,▲+2,▲+6.06%,0,4,4,161,32.5,35.5,985,28.5
TXO,202612,20261216.0,25400.0,Call,-,-,-,-,21970.0,-,-,0,0,0,0,-,22310,-,-
TXO,202612,20261216.0,25400.0,Put,-,-,-,-,37.5,-,-,0,0,0,6,33.5,41.5,610,84
TXO,202612,20261216.0,25600.0,Call,-,-,-,-,21770.0,-,-,0,0,0,0,-,22100,-,-
TXO,202612,20261216.0,25600.0,Put,-,-,-,-,38.0,-,-,0,0,0,12,34,42,750,86
TXO,202612,20261216.0,25800.0,Call,-,-,-,-,21570.0,-,-,0,0,0,0,-,21880,-,-
TXO,202612,20261216.0,25800.0,Put,-,-,-,-,39.0,-,-,0,0,0,6,35,43,505,75
TXO,202612,20261216.0,26000.0,Call,-,-,-,-,21370.0,-,-,0,0,0,1,-,21570,17230,7550
TXO,202612,20261216.0,26000.0,Put,38,38,38,38,40.0,0,0%,0,4,4,87,0.7,-,1390,38
TXO,202612,20261216.0,26200.0,Call,-,-,-,-,21180.0,-,-,0,0,0,0,-,21450,-,-
TXO,202612,20261216.0,26200.0,Put,-,-,-,-,41.0,-,-,0,0,0,7,-,-,1430,49
TXO,202612,20261216.0,26400.0,Call,-,-,-,-,20980.0,-,-,0,0,0,0,-,21170,-,-
TXO,202612,20261216.0,26400.0,Put,-,-,-,-,42.0,-,-,0,0,0,13,38,46,1250,80
TXO,202612,20261216.0,26600.0,Call,-,-,-,-,20780.0,-,-,0,0,0,0,-,21110,-,-
TXO,202612,20261216.0,26600.0,Put,-,-,-,-,43.0,-,-,0,0,0,1,39,47,765,64
TXO,202612,20261216.0,26800.0,Call,-,-,-,-,20580.0,-,-,0,0,0,0,-,-,-,-
TXO,202612,20261216.0,26800.0,Put,-,-,-,-,44.5,-,-,0,0,0,3,40.5,48.5,1500,57
TXO,202612,20261216.0,27000.0,Call,-,-,-,-,20380.0,-,-,0,0,0,1,20290,20690,18990,7500
TXO,202612,20261216.0,27000.0,Put,-,-,-,-,45.5,-,-,0,0,0,7,41.5,49.5,1590,88
TXO,202612,20261216.0,27200.0,Call,-,-,-,-,20190.0,-,-,0,0,0,0,-,-,-,-
TXO,202612,20261216.0,27200.0,Put,-,-,-,-,46.5,-,-,0,0,0,1,42.5,50,710,215
TXO,202612,20261216.0,27400.0,Call,-,-,-,-,19990.0,-,-,0,0,0,0,-,-,-,-
TXO,202612,20261216.0,27400.0,Put,-,-,-,-,48.0,-,-,0,0,0,16,44,52,1580,60
TXO,202612,20261216.0,27600.0,Call,-,-,-,-,19790.0,-,-,0,0,0,0,-,20070,-,-
TXO,202612,20261216.0,27600.0,Put,-,-,-,-,49.0,-,-,0,0,0,2,45,53,1300,44.5
TXO,202612,20261216.0,27800.0,Call,-,-,-,-,19590.0,-,-,0,0,0,0,-,19880,-,-
TXO,202612,20261216.0,27800.0,Put,50,50,50,50,50.0,▲+4,▲+8.70%,0,3,3,11,-,-,1550,46
TXO,202612,20261216.0,28000.0,Call,-,-,-,-,19400.0,-,-,0,0,0,0,-,19720,-,-
TXO,202612,20261216.0,28000.0,Put,-,-,-,-,51.0,-,-,0,0,0,18,47,55,1680,47
TXO,202612,20261216.0,28200.0,Call,-,-,-,-,19200.0,-,-,0,0,0,0,-,-,-,-
TXO,202612,20261216.0,28200.0,Put,-,-,-,-,52.0,-,-,0,0,0,8,-,148,1820,60
TXO,202612,20261216.0,28400.0,Call,-,-,-,-,19000.0,-,-,0,0,0,0,-,19310,-,-
TXO,202612,20261216.0,28400.0,Put,-,-,-,-,55.0,-,-,0,0,0,4,-,-,1400,60
TXO,202612,20261216.0,28600.0,Call,-,-,-,-,18800.0,-,-,0,0,0,0,-,19110,-,-
TXO,202612,20261216.0,28600.0,Put,-,-,-,-,56.0,-,-,0,0,0,4,51,60,1500,51
TXO,202612,20261216.0,28800.0,Call,-,-,-,-,18610.0,-,-,0,0,0,0,-,-,-,-
TXO,202612,20261216.0,28800.0,Put,-,-,-,-,57.0,-,-,0,0,0,6,-,152,1550,60
TXO,202612,20261216.0,29000.0,Call,-,-,-,-,18410.0,-,-,0,0,0,0,-,-,-,-
TXO,202612,20261216.0,29000.0,Put,-,-,-,-,58.0,-,-,0,0,0,3,53,62,1860,50
TXO,202612,20261216.0,29200.0,Call,-,-,-,-,18210.0,-,-,0,0,0,0,18130,18380,-,-
TXO,202612,20261216.0,29200.0,Put,-,-,-,-,60.0,-,-,0,0,0,3,-,155,1860,260
TXO,202612,20261216.0,29400.0,Call,-,-,-,-,18010.0,-,-,0,0,0,0,-,18330,-,-
TXO,202612,20261216.0,29400.0,Put,-,-,-,-,61.0,-,-,0,0,0,2,-,-,1700,146
TXO,202612,20261216.0,29600.0,Call,-,-,-,-,17810.0,-,-,0,0,0,0,-,18070,-,-
TXO,202612,20261216.0,29600.0,Put,-,-,-,-,62.0,-,-,0,0,0,1,57,67,1650,241
TXO,202612,20261216.0,29800.0,Call,-,-,-,-,17620.0,-,-,0,0,0,0,-,17780,11600,5120
TXO,202612,20261216.0,29800.0,Put,-,-,-,-,64.0,-,-,0,0,0,3,-,-,1700,128
TXO,202612,20261216.0,30000.0,Call,-,-,-,-,17420.0,-,-,0,0,0,0,-,17670,11910,4660
TXO,202612,20261216.0,30000.0,Put,-,-,-,-,65.0,-,-,0,0,0,67,55,-,1880,56
TXO,202612,20261216.0,30200.0,Call,-,-,-,-,17220.0,-,-,0,0,0,0,-,17460,14870,4700
TXO,202612,20261216.0,30200.0,Put,-,-,-,-,68.0,-,-,0,0,0,2,62,73,715,98
TXO,202612,20261216.0,30400.0,Call,-,-,-,-,17030.0,-,-,0,0,0,0,-,-,-,-
TXO,202612,20261216.0,30400.0,Put,-,-,-,-,69.0,-,-,1,0,1,3,63,74,510,70
TXO,202612,20261216.0,30600.0,Call,-,-,-,-,16830.0,-,-,0,0,0,0,-,17080,-,-
TXO,202612,20261216.0,30600.0,Put,-,-,-,-,70.0,-,-,0,0,0,2,64,75,2010,67
TXO,202612,20261216.0,30800.0,Call,-,-,-,-,16630.0,-,-,0,0,0,0,-,16820,-,-
TXO,202612,20261216.0,30800.0,Put,-,-,-,-,72.0,-,-,0,0,0,10,-,-,2700,107
TXO,202612,20261216.0,31000.0,Call,-,-,-,-,16430.0,-,-,0,0,0,0,-,16690,-,-
TXO,202612,20261216.0,31000.0,Put,-,-,-,-,73.0,-,-,0,0,0,25,-,167,1220,71
TXO,202612,20261216.0,31200.0,Call,-,-,-,-,16240.0,-,-,0,0,0,0,-,-,4700,3750
TXO,202612,20261216.0,31200.0,Put,-,-,-,-,75.0,-,-,0,0,0,4,69,80,730,180
TXO,202612,20261216.0,31400.0,Call,-,-,-,-,16040.0,-,-,0,0,0,0,-,16320,-,-
TXO,202612,20261216.0,31400.0,Put,-,-,-,-,77.0,-,-,0,0,0,1,71,82,198,198
TXO,202612,20261216.0,31600.0,Call,-,-,-,-,15840.0,-,-,0,0,0,0,-,16090,7950,5480
TXO,202612,20261216.0,31600.0,Put,-,-,-,-,79.0,-,-,0,0,0,1,73,84,1870,125
TXO,202612,20261216.0,31800.0,Call,-,-,-,-,15640.0,-,-,0,0,0,0,-,-,10560,5580
TXO,202612,20261216.0,31800.0,Put,-,-,-,-,80.0,-,-,0,0,0,1,0.1,-,200,150
TXO,202612,20261216.0,32000.0,Call,-,-,-,-,15450.0,-,-,0,0,0,0,-,15680,9600,3560
TXO,202612,20261216.0,32000.0,Put,-,-,-,-,82.0,-,-,0,0,0,5,0.1,-,3270,86
TXO,202612,20261216.0,32200.0,Call,-,-,-,-,15250.0,-,-,0,0,0,0,-,-,-,-
TXO,202612,20261216.0,32200.0,Put,-,-,-,-,84.0,-,-,0,0,0,2,78,89,3130,82
TXO,202612,20261216.0,32400.0,Call,-,-,-,-,15050.0,-,-,0,0,0,0,-,-,11650,3460
TXO,202612,20261216.0,32400.0,Put,-,-,-,-,86.0,-,-,0,0,0,3,80,91,3250,144
TXO,202612,20261216.0,32600.0,Call,-,-,-,-,14860.0,-,-,0,0,0,0,-,15030,-,-
TXO,202612,20261216.0,32600.0,Put,-,-,-,-,88.0,-,-,0,0,0,11,82,93,1160,101
TXO,202612,20261216.0,32800.0,Call,-,-,-,-,14660.0,-,-,0,0,0,0,-,14830,-,-
TXO,202612,20261216.0,32800.0,Put,-,-,-,-,90.0,-,-,0,0,0,7,-,-,1920,199
TXO,202612,20261216.0,33000.0,Call,-,-,-,-,14460.0,-,-,0,0,0,0,-,14700,13520,3000
TXO,202612,20261216.0,33000.0,Put,-,-,-,-,93.0,-,-,0,0,0,61,87,98,3280,77
TXO,202612,20261216.0,33200.0,Call,-,-,-,-,14270.0,-,-,0,0,0,0,-,14490,4180,3280
TXO,202612,20261216.0,33200.0,Put,-,-,-,-,95.0,-,-,0,0,0,1,0.1,-,780,95
TXO,202612,20261216.0,33400.0,Call,-,-,-,-,14070.0,-,-,0,0,0,0,-,14290,10800,2780
TXO,202612,20261216.0,33400.0,Put,-,-,-,-,98.0,-,-,0,0,0,2,92,103,3450,500
TXO,202612,20261216.0,33600.0,Call,-,-,-,-,13870.0,-,-,0,0,0,0,-,14140,10850,2640
TXO,202612,20261216.0,33600.0,Put,-,-,-,-,100.0,-,-,0,0,0,5,94,105,4010,101
TXO,202612,20261216.0,33800.0,Call,-,-,-,-,13680.0,-,-,0,0,0,0,-,13910,-,-
TXO,202612,20261216.0,33800.0,Put,-,-,-,-,103.0,-,-,0,0,0,0,97,108,1670,995
TXO,202612,20261216.0,34000.0,Call,-,-,-,-,13480.0,-,-,0,0,0,0,-,13710,12700,3130
TXO,202612,20261216.0,34000.0,Put,-,-,-,-,107.0,-,-,0,0,0,141,100,113,3620,96
TXO,202612,20261216.0,34200.0,Call,-,-,-,-,13290.0,-,-,0,0,0,0,-,-,8850,5200
TXO,202612,20261216.0,34200.0,Put,-,-,-,-,109.0,-,-,0,0,0,1,101,117,1780,91
TXO,202612,20261216.0,34400.0,Call,-,-,-,-,13090.0,-,-,0,0,0,0,-,13320,-,-
TXO,202612,20261216.0,34400.0,Put,-,-,-,-,113.0,-,-,0,0,0,2,105,120,2600,438
TXO,202612,20261216.0,34600.0,Call,-,-,-,-,12890.0,-,-,0,0,0,0,-,13120,-,-
TXO,202612,20261216.0,34600.0,Put,-,-,-,-,117.0,-,-,0,0,0,3,108,125,2670,104
TXO,202612,20261216.0,34800.0,Call,-,-,-,-,12700.0,-,-,0,0,0,0,-,-,4830,3240
TXO,202612,20261216.0,34800.0,Put,-,-,-,-,121.0,-,-,0,0,0,1,112,129,3120,330
TXO,202612,20261216.0,35000.0,Call,-,-,-,-,12510.0,-,-,0,0,0,0,-,12730,12910,2200
TXO,202612,20261216.0,35000.0,Put,-,-,-,-,125.0,-,-,0,0,0,38,117,133,2100,120
TXO,202612,20261216.0,35200.0,Call,-,-,-,-,12310.0,-,-,0,0,0,0,-,12530,4590,3370
TXO,202612,20261216.0,35200.0,Put,-,-,-,-,130.0,-,-,0,0,0,2,14.5,-,3000,400
TXO,202612,20261216.0,35400.0,Call,-,-,-,-,12120.0,-,-,0,0,0,0,-,-,9450,3340
TXO,202612,20261216.0,35400.0,Put,-,-,-,-,134.0,-,-,0,0,0,0,18.5,-,1300,350
TXO,202612,20261216.0,35600.0,Call,-,-,-,-,11920.0,-,-,0,0,0,0,-,-,12870,2380
TXO,202612,20261216.0,35600.0,Put,-,-,-,-,140.0,-,-,0,0,0,1,22.5,-,4020,193
TXO,202612,20261216.0,35800.0,Call,-,-,-,-,11730.0,-,-,0,0,0,0,-,11970,7020,6410
TXO,202612,20261216.0,35800.0,Put,-,-,-,-,145.0,-,-,0,0,0,1,134,156,2000,1020
TXO,202612,20261216.0,36000.0,Call,-,-,-,-,11540.0,-,-,0,0,0,1,11410,11770,8050,1950
TXO,202612,20261216.0,36000.0,Put,-,-,-,-,152.0,-,-,0,0,0,105,141,162,3300,130
TXO,202612,20261216.0,36200.0,Call,-,-,-,-,11340.0,-,-,0,0,0,0,-,-,7130,1470
TXO,202612,20261216.0,36200.0,Put,-,-,-,-,158.0,-,-,0,0,0,0,-,-,-,-
TXO,202612,20261216.0,36400.0,Call,-,-,-,-,11150.0,-,-,0,0,0,0,-,11360,10490,1390
TXO,202612,20261216.0,36400.0,Put,-,-,-,-,166.0,-,-,0,0,0,1,153,178,2020,1450
TXO,202612,20261216.0,36600.0,Call,-,-,-,-,10960.0,-,-,0,0,0,0,-,11170,6880,1320
TXO,202612,20261216.0,36600.0,Put,-,-,-,-,173.0,-,-,0,0,0,5,120,307,2130,171
TXO,202612,20261216.0,36800.0,Call,-,-,-,-,10770.0,-,-,0,0,0,0,-,10980,11890,1260
TXO,202612,20261216.0,36800.0,Put,-,-,-,-,182.0,-,-,0,0,0,50,167,196,2670,197
TXO,202612,20261216.0,37000.0,Call,-,-,-,-,10580.0,-,-,0,0,0,4,-,10700,12020,1350
TXO,202612,20261216.0,37000.0,Put,164,180,164,180,192.0,▲+13,▲+7.78%,0,10,10,99,178,205,3150,160
TXO,202612,20261216.0,37200.0,Call,-,-,-,-,10390.0,-,-,0,0,0,0,-,-,9030,1740
TXO,202612,20261216.0,37200.0,Put,-,-,-,-,200.0,-,-,0,0,0,9,184,216,1070,231
TXO,202612,20261216.0,37400.0,Call,-,-,-,-,10200.0,-,-,0,0,0,0,-,-,10760,1280
TXO,202612,20261216.0,37400.0,Put,-,-,-,-,211.0,-,-,0,0,0,11,194,227,1540,195
TXO,202612,20261216.0,37600.0,Call,-,-,-,-,10020.0,-,-,0,0,0,2,-,10180,1260,1260
TXO,202612,20261216.0,37600.0,Put,-,-,-,-,222.0,-,-,0,0,0,7,204,239,2950,399
TXO,202612,20261216.0,37800.0,Call,-,-,-,-,9830.0,-,-,0,0,0,0,-,10020,11540,1240
TXO,202612,20261216.0,37800.0,Put,-,-,-,-,233.0,-,-,0,0,0,14,217,249,2900,197
TXO,202612,20261216.0,38000.0,Call,-,-,-,-,9640.0,-,-,0,0,0,18,9520,9850,8700,1230
TXO,202612,20261216.0,38000.0,Put,221,221,221,221,248.0,▲+10,▲+4.74%,0,2,2,177,231,265,3430,215
TXO,202612,20261216.0,38200.0,Call,-,-,-,-,9450.0,-,-,0,0,0,0,-,9670,7280,1200
TXO,202612,20261216.0,38200.0,Put,-,-,-,-,257.0,-,-,0,0,0,6,239,274,1900,494
TXO,202612,20261216.0,38400.0,Call,-,-,-,-,9270.0,-,-,0,0,0,0,-,-,7140,1270
TXO,202612,20261216.0,38400.0,Put,247,247,247,247,274.0,▲+12,▲+5.11%,0,1,1,3,256,291,835,247
TXO,202612,20261216.0,38600.0,Call,-,-,-,-,9090.0,-,-,0,0,0,3,-,9230,10540,1080
TXO,202612,20261216.0,38600.0,Put,-,-,-,-,290.0,-,-,0,0,0,11,260,378,3100,262
TXO,202612,20261216.0,38800.0,Call,-,-,-,-,8910.0,-,-,0,0,0,0,-,9090,10770,775
TXO,202612,20261216.0,38800.0,Put,275,275,275,275,307.0,▲+11,▲+4.17%,0,1,1,2,289,324,1510,275
TXO,202612,20261216.0,39000.0,Call,-,-,-,-,8720.0,-,-,0,0,0,4,-,8870,9290,1100
TXO,202612,20261216.0,39000.0,Put,300,300,300,300,324.0,▲+22,▲+7.91%,0,1,1,117,290,-,3690,300
TXO,202612,20261216.0,39200.0,Call,-,-,-,-,8540.0,-,-,0,0,0,0,-,8720,10280,1290
TXO,202612,20261216.0,39200.0,Put,306,306,306,306,342.0,▲+13,▲+4.44%,0,1,1,2,324,359,3680,306
TXO,202612,20261216.0,39400.0,Call,-,-,-,-,8360.0,-,-,0,0,0,0,-,-,11070,1300
TXO,202612,20261216.0,39400.0,Put,-,-,-,-,361.0,-,-,0,0,0,1,343,378,3380,500
TXO,202612,20261216.0,39600.0,Call,-,-,-,-,8190.0,-,-,0,0,0,0,-,-,11070,750
TXO,202612,20261216.0,39600.0,Put,-,-,-,-,382.0,-,-,0,0,0,3,364,399,3660,505
TXO,202612,20261216.0,39800.0,Call,-,-,-,-,8010.0,-,-,0,0,0,0,-,8180,11350,1250
TXO,202612,20261216.0,39800.0,Put,-,-,-,-,403.0,-,-,0,0,0,1,385,420,4080,780
TXO,202612,20261216.0,40000.0,Call,-,-,-,-,7830.0,-,-,0,0,0,12,-,7960,9010,705
TXO,202612,20261216.0,40000.0,Put,377,377,350,350,429.0,▼-13,▼-3.58%,0,4,4,110,406,451,3960,340
TXO,202612,20261216.0,40200.0,Call,-,-,-,-,7660.0,-,-,0,0,0,0,-,-,6970,2200
TXO,202612,20261216.0,40200.0,Put,-,-,-,-,450.0,-,-,0,0,0,1,427,472,3430,990
TXO,202612,20261216.0,40400.0,Call,-,-,-,-,7480.0,-,-,0,0,0,1,-,7570,8140,695
TXO,202612,20261216.0,40400.0,Put,-,-,-,-,473.0,-,-,0,0,0,0,379,-,2820,2700
TXO,202612,20261216.0,40600.0,Call,-,-,-,-,7310.0,-,-,0,0,0,0,-,7500,6630,740
TXO,202612,20261216.0,40600.0,Put,-,-,-,-,505.0,-,-,0,0,0,1,480,525,2750,1930
TXO,202612,20261216.0,40800.0,Call,-,-,-,-,7140.0,-,-,0,0,0,16,-,7250,9640,1410
TXO,202612,20261216.0,40800.0,Put,468,468,468,468,535.0,▲+17,▲+3.77%,0,3,3,300,431,-,3980,468
TXO,202612,20261216.0,41000.0,Call,-,-,-,-,6970.0,-,-,0,0,0,5,-,7090,9160,675
TXO,202612,20261216.0,41000.0,Put,-,-,-,-,560.0,-,-,0,0,0,56,535,580,4390,580
TXO,202612,20261216.0,41200.0,Call,-,-,-,-,6800.0,-,-,0,0,0,0,-,-,5620,3150
TXO,202612,20261216.0,41200.0,Put,-,-,-,-,590.0,-,-,0,0,0,2,471,665,4410,490
TXO,202612,20261216.0,41400.0,Call,-,-,-,-,6630.0,-,-,0,0,0,30,-,-,10000,360
TXO,202612,20261216.0,41400.0,Put,-,-,-,-,620.0,-,-,0,0,0,1,595,645,4540,525
TXO,202612,20261216.0,41600.0,Call,-,-,-,-,6470.0,-,-,0,0,0,11,-,6590,6550,1450
TXO,202612,20261216.0,41600.0,Put,-,-,-,-,655.0,-,-,0,0,0,2,625,680,4290,985
TXO,202612,20261216.0,41800.0,Call,-,-,-,-,6310.0,-,-,0,0,0,15,-,6420,8490,710
TXO,202612,20261216.0,41800.0,Put,-,-,-,-,695.0,-,-,0,0,0,0,665,720,4390,2000
TXO,202612,20261216.0,42000.0,Call,-,-,-,-,6150.0,-,-,0,0,0,71,5990,6250,8720,800
TXO,202612,20261216.0,42000.0,Put,-,-,-,-,730.0,-,-,0,0,0,108,700,760,4950,645
TXO,202612,20261216.0,42200.0,Call,-,-,-,-,5980.0,-,-,0,0,0,2,-,6070,8040,1500
TXO,202612,20261216.0,42200.0,Put,-,-,-,-,765.0,-,-,0,0,0,100,730,795,3610,1660
TXO,202612,20261216.0,42400.0,Call,-,-,-,-,5820.0,-,-,0,0,0,0,5670,-,5850,1260
TXO,202612,20261216.0,42400.0,Put,-,-,-,-,800.0,-,-,0,0,0,0,765,830,4790,1100
TXO,202612,20261216.0,42600.0,Call,-,-,-,-,5660.0,-,-,0,0,0,2,5560,5810,7280,965
TXO,202612,20261216.0,42600.0,Put,-,-,-,-,845.0,-,-,0,0,0,0,810,880,4770,3040
TXO,202612,20261216.0,42800.0,Call,-,-,-,-,5510.0,-,-,0,0,0,1,-,-,4950,2510
TXO,202612,20261216.0,42800.0,Put,-,-,-,-,885.0,-,-,0,0,0,0,850,920,1190,900
TXO,202612,20261216.0,43000.0,Call,5400,5410,5400,5410,5350.0,▼-290,▼-5.09%,0,2,2,63,5210,5490,9700,1130
TXO,202612,20261216.0,43000.0,Put,800,900,800,900,930.0,▲+100,▲+12.50%,0,4,4,69,765,950,5020,800
TXO,202612,20261216.0,43200.0,Call,-,-,-,-,5200.0,-,-,0,0,0,0,5060,5430,4670,1400
TXO,202612,20261216.0,43200.0,Put,-,-,-,-,980.0,-,-,0,0,0,0,940,1010,-,-
TXO,202612,20261216.0,43400.0,Call,-,-,-,-,5060.0,-,-,0,0,0,0,4910,5280,7410,4950
TXO,202612,20261216.0,43400.0,Put,-,-,-,-,1040.0,-,-,0,0,0,2,1000,1070,5280,2010
TXO,202612,20261216.0,43600.0,Call,-,-,-,-,4920.0,-,-,0,0,0,1,-,-,5510,950
TXO,202612,20261216.0,43600.0,Put,-,-,-,-,1090.0,-,-,0,0,0,0,1030,1120,4780,1960
TXO,202612,20261216.0,43800.0,Call,-,-,-,-,4780.0,-,-,0,0,0,1,4690,-,8340,1020
TXO,202612,20261216.0,43800.0,Put,990,1010,990,1010,1150.0,▲+15,▲+1.51%,0,12,12,12,1110,-,4460,930
TXO,202612,20261216.0,44000.0,Call,-,-,-,-,4620.0,-,-,0,0,0,4,4520,4830,8350,2260
TXO,202612,20261216.0,44000.0,Put,-,-,-,-,1200.0,-,-,0,0,0,103,1080,-,4770,1060
TXO,202612,20261216.0,44200.0,Call,-,-,-,-,4490.0,-,-,0,0,0,2,4370,4680,5630,600
TXO,202612,20261216.0,44200.0,Put,1090,1120,1090,1110,1260.0,▲+20,▲+1.83%,0,22,22,65,1220,1300,4890,1030
TXO,202612,20261216.0,44400.0,Call,-,-,-,-,4320.0,-,-,0,0,0,1,-,4540,6730,930
TXO,202612,20261216.0,44400.0,Put,-,-,-,-,1300.0,-,-,0,0,0,106,1250,1340,4660,1090
TXO,202612,20261216.0,44600.0,Call,-,-,-,-,4180.0,-,-,0,0,0,11,3200,-,5770,890
TXO,202612,20261216.0,44600.0,Put,1220,1220,1220,1220,1360.0,▲+30,▲+2.52%,0,5,5,12,1250,-,6030,1140
TXO,202612,20261216.0,44800.0,Call,-,-,-,-,4060.0,-,-,0,0,0,2,-,-,3190,2320
TXO,202612,20261216.0,44800.0,Put,-,-,-,-,1430.0,-,-,0,0,0,8,1380,1470,5600,1190
TXO,202612,20261216.0,45000.0,Call,-,-,-,-,3920.0,-,-,0,0,0,2,3830,-,6790,2600
TXO,202612,20261216.0,45000.0,Put,1370,1450,1370,1450,1490.0,▲+160,▲+12.40%,1,7,8,111,1360,1500,6200,1250
TXO,202612,20261216.0,45200.0,Call,-,-,-,-,3790.0,-,-,0,0,0,1,3750,3870,6620,925
TXO,202612,20261216.0,45200.0,Put,-,-,-,-,1560.0,-,-,0,0,0,6,1510,1600,6690,1310
TXO,202612,20261216.0,45400.0,Call,-,-,-,-,3660.0,-,-,0,0,0,1,3620,3740,6500,2250
TXO,202612,20261216.0,45400.0,Put,-,-,-,-,1630.0,-,-,0,0,0,5,1580,1670,6540,1380
TXO,202612,20261216.0,45600.0,Call,-,-,-,-,3540.0,-,-,0,0,0,3,3460,3600,6160,1070
TXO,202612,20261216.0,45600.0,Put,-,-,-,-,1710.0,-,-,0,0,0,3,1660,1750,7000,1450
TXO,202612,20261216.0,45800.0,Call,-,-,-,-,3410.0,-,-,0,0,0,2,3340,3480,3200,1980
TXO,202612,20261216.0,45800.0,Put,-,-,-,-,1770.0,-,-,0,0,0,2,1620,-,1550,1510
TXO,202612,20261216.0,46000.0,Call,-,-,-,-,3290.0,-,-,0,0,0,259,3240,3370,5560,1640
TXO,202612,20261216.0,46000.0,Put,-,-,-,-,1850.0,-,-,0,0,0,192,1800,1900,7060,1580
TXO,202612,20261216.0,46200.0,Call,-,-,-,-,3160.0,-,-,0,0,0,1,3080,-,2620,2450
TXO,202612,20261216.0,46200.0,Put,-,-,-,-,1930.0,-,-,0,0,0,2,1870,1980,7260,1650
TXO,202612,20261216.0,46400.0,Call,-,-,-,-,3050.0,-,-,0,0,0,3,-,3140,5700,1560
TXO,202612,20261216.0,46400.0,Put,-,-,-,-,2020.0,-,-,0,0,0,2,1960,2060,5970,1720
TXO,202612,20261216.0,46600.0,Call,-,-,-,-,2950.0,-,-,1,0,1,52,-,3090,6500,1500
TXO,202612,20261216.0,46600.0,Put,-,-,-,-,2110.0,-,-,0,0,0,7,-,2210,2550,1800
TXO,202612,20261216.0,46800.0,Call,-,-,-,-,2840.0,-,-,0,0,0,11,2770,2890,5870,1500
TXO,202612,20261216.0,46800.0,Put,-,-,-,-,2200.0,-,-,0,0,0,5,2120,2230,7770,2120
TXO,202612,20261216.0,47000.0,Call,2880,2880,2880,2880,2740.0,▼-60,▼-2.04%,0,1,1,239,2660,2770,6430,1420
TXO,202612,20261216.0,47000.0,Put,2230,2230,2220,2220,2300.0,▲+200,▲+9.90%,0,10,10,18,2270,2330,7620,1980
TXO,202612,20261216.0,47200.0,Call,2770,2770,2770,2770,2600.0,▼-60,▼-2.12%,0,1,1,62,-,2760,4830,1680
TXO,202612,20261216.0,47200.0,Put,-,-,-,-,2360.0,-,-,0,0,0,0,-,-,-,-
TXO,202612,20261216.0,47400.0,Call,2620,2620,2620,2620,2490.0,▼-100,▼-3.68%,0,1,1,62,-,2600,5670,2070
TXO,202612,20261216.0,47400.0,Put,2250,2450,2250,2450,2450.0,▲+250,▲+11.36%,0,2,2,1,-,-,6210,2250
TXO,202612,20261216.0,47600.0,Call,-,-,-,-,2400.0,-,-,0,0,0,48,1010,-,5180,1100
TXO,202612,20261216.0,47600.0,Put,-,-,-,-,2550.0,-,-,0,0,0,0,2480,2600,6310,4920
TXO,202612,20261216.0,47800.0,Call,2420,2420,2420,2420,2300.0,▼-90,▼-3.59%,0,1,1,9,2240,2360,5050,1290
TXO,202612,20261216.0,47800.0,Put,-,-,-,-,2650.0,-,-,0,0,0,2,-,2760,5750,4890
TXO,202612,20261216.0,48000.0,Call,-,-,-,-,2210.0,-,-,0,0,0,73,2090,-,5100,1330
TXO,202612,20261216.0,48000.0,Put,2680,2680,2680,2680,2760.0,▲+200,▲+8.06%,0,2,2,6,-,-,8030,2680
TXO,202612,20261216.0,48200.0,Call,-,-,-,-,2110.0,-,-,0,0,0,1,2060,2170,3960,2090
TXO,202612,20261216.0,48200.0,Put,-,-,-,-,2870.0,-,-,0,0,0,5,2800,2920,5860,2570
TXO,202612,20261216.0,48400.0,Call,-,-,-,-,2030.0,-,-,0,0,0,0,1980,2080,5700,1520
TXO,202612,20261216.0,48400.0,Put,-,-,-,-,2980.0,-,-,0,0,0,4,2890,3000,5920,5910
TXO,202612,20261216.0,48600.0,Call,-,-,-,-,1930.0,-,-,0,0,0,0,1880,1990,4880,3450
TXO,202612,20261216.0,48600.0,Put,-,-,-,-,3080.0,-,-,0,0,0,0,3020,3150,6090,4600
TXO,202612,20261216.0,48800.0,Call,-,-,-,-,1850.0,-,-,0,0,0,0,1800,1900,-,-
TXO,202612,20261216.0,48800.0,Put,-,-,-,-,3200.0,-,-,0,0,0,1,3110,3240,8920,4350
TXO,202612,20261216.0,49000.0,Call,-,-,-,-,1760.0,-,-,0,0,0,420,1710,1810,5280,1070
TXO,202612,20261216.0,49000.0,Put,-,-,-,-,3310.0,-,-,0,0,0,5,-,-,6900,3080
TXO,202612,20261216.0,49200.0,Call,-,-,-,-,1680.0,-,-,0,0,0,16,1630,1720,4080,995
TXO,202612,20261216.0,49200.0,Put,-,-,-,-,3430.0,-,-,0,0,0,1,-,-,4800,4800
TXO,202612,20261216.0,49400.0,Call,-,-,-,-,1600.0,-,-,0,0,0,5,-,1710,3760,1240
TXO,202612,20261216.0,49400.0,Put,-,-,-,-,3550.0,-,-,0,0,0,3,3460,3590,8650,4900
TXO,202612,20261216.0,49600.0,Call,-,-,-,-,1510.0,-,-,0,0,0,10,1400,-,4800,1160
TXO,202612,20261216.0,49600.0,Put,-,-,-,-,3660.0,-,-,0,0,0,0,3590,3730,6900,5500
TXO,202612,20261216.0,49800.0,Call,-,-,-,-,1440.0,-,-,0,0,0,0,-,-,2780,960
TXO,202612,20261216.0,49800.0,Put,-,-,-,-,3790.0,-,-,0,0,0,0,3730,3870,-,-
TXO,202612,20261216.0,50000.0,Call,1450,1450,1400,1400,1370.0,▼-50,▼-3.45%,0,5,5,80,1260,-,5000,900
TXO,202612,20261216.0,50000.0,Put,-,-,-,-,3920.0,-,-,0,0,0,12,3840,4030,9900,4000
TXO,202612,20261216.0,50200.0,Call,-,-,-,-,1300.0,-,-,0,0,0,5,-,1450,4800,945
TXO,202612,20261216.0,50200.0,Put,-,-,-,-,4050.0,-,-,0,0,0,2,3960,4160,5420,5400
TXO,202612,20261216.0,50400.0,Call,-,-,-,-,1240.0,-,-,0,0,0,40,1160,-,5200,840
TXO,202612,20261216.0,50400.0,Put,-,-,-,-,4190.0,-,-,0,0,0,4,-,-,9460,5540
TXO,202612,20261216.0,50600.0,Call,-,-,-,-,1180.0,-,-,0,0,0,0,-,-,3640,705
TXO,202612,20261216.0,50600.0,Put,-,-,-,-,4320.0,-,-,0,0,0,2,-,4420,5690,5670
TXO,202612,20261216.0,50800.0,Call,-,-,-,-,1110.0,-,-,0,0,0,13,-,1230,3620,955
TXO,202612,20261216.0,50800.0,Put,-,-,-,-,4450.0,-,-,0,0,0,0,4390,-,-,-
TXO,202612,20261216.0,51000.0,Call,-,-,-,-,1050.0,-,-,0,0,0,10,1010,1100,4420,710
TXO,202612,20261216.0,51000.0,Put,-,-,-,-,4590.0,-,-,0,0,0,0,-,4660,-,-
TXO,202612,20261216.0,51200.0,Call,-,-,-,-,995.0,-,-,0,0,0,5,960,1030,950,950
TXO,202612,20261216.0,51200.0,Put,-,-,-,-,4730.0,-,-,0,0,0,0,4690,-,-,-
TXO,202612,20261216.0,51400.0,Call,-,-,-,-,945.0,-,-,0,0,0,2,910,980,1950,970
TXO,202612,20261216.0,51400.0,Put,-,-,-,-,4880.0,-,-,0,0,0,0,-,4950,-,-
TXO,202612,20261216.0,51600.0,Call,-,-,-,-,895.0,-,-,0,0,0,0,860,930,3280,2950
TXO,202612,20261216.0,51600.0,Put,-,-,-,-,5030.0,-,-,0,0,0,0,4950,-,-,-
TXO,202612,20261216.0,51800.0,Call,-,-,-,-,850.0,-,-,0,0,0,13,815,885,2550,810
TXO,202612,20261216.0,51800.0,Put,-,-,-,-,5180.0,-,-,0,0,0,0,-,-,-,-
TXO,202612,20261216.0,52000.0,Call,-,-,-,-,800.0,-,-,0,208,208,227,770,835,3380,505
TXO,202612,20261216.0,52000.0,Put,-,-,-,-,5330.0,-,-,0,0,0,0,-,-,-,-
TXO,202612,20261216.0,52200.0,Call,-,-,-,-,755.0,-,-,0,0,0,0,725,790,1150,570
TXO,202612,20261216.0,52200.0,Put,-,-,-,-,5490.0,-,-,0,0,0,0,-,5550,-,-
TXO,202612,20261216.0,52400.0,Call,-,-,-,-,710.0,-,-,0,0,0,15,-,-,3950,1020
TXO,202612,20261216.0,52400.0,Put,-,-,-,-,5640.0,-,-,0,0,0,0,-,-,8790,6780
TXO,202612,20261216.0,52600.0,Call,-,-,-,-,670.0,-,-,0,0,0,2,645,700,1820,690
TXO,202612,20261216.0,52600.0,Put,-,-,-,-,5800.0,-,-,0,0,0,0,-,-,-,-
TXO,202612,20261216.0,52800.0,Call,675,675,675,675,630.0,▲+10,▲+1.50%,0,1,1,7,605,655,2770,476
TXO,202612,20261216.0,52800.0,Put,-,-,-,-,5960.0,-,-,0,0,0,0,-,-,-,-
TXO,202612,20261216.0,53000.0,Call,600,600,600,600,600.0,▼-25,▼-4.00%,2,1,3,401,495,705,2970,383
TXO,202612,20261216.0,53000.0,Put,-,-,-,-,6120.0,-,-,0,0,0,0,6040,-,-,-
TXO,202612,20261216.0,53200.0,Call,-,-,-,-,560.0,-,-,0,0,0,12,460,-,3950,479
TXO,202612,20261216.0,53200.0,Put,-,-,-,-,6290.0,-,-,0,0,0,0,-,-,-,-
TXO,202612,20261216.0,53400.0,Call,-,-,-,-,530.0,-,-,0,0,0,4,425,-,2870,895
TXO,202612,20261216.0,53400.0,Put,-,-,-,-,6460.0,-,-,0,0,0,0,-,-,-,-
TXO,202612,20261216.0,53600.0,Call,-,-,-,-,500.0,-,-,0,0,0,3,475,520,900,825
TXO,202612,20261216.0,53600.0,Put,-,-,-,-,6630.0,-,-,0,0,0,0,-,-,-,-
TXO,202612,20261216.0,53800.0,Call,515,515,515,515,474.0,▲+30,▲+6.19%,0,1,1,2,447,492,2640,329
TXO,202612,20261216.0,53800.0,Put,-,-,-,-,6800.0,-,-,0,0,0,0,6630,-,-,-
TXO,202612,20261216.0,54000.0,Call,500,500,500,500,447.0,▲+43,▲+9.41%,0,1,1,315,419,464,3360,306
TXO,202612,20261216.0,54000.0,Put,-,-,-,-,6970.0,-,-,0,0,0,0,-,-,-,-
TXO,202612,20261216.0,54200.0,Call,-,-,-,-,421.0,-,-,0,0,0,0,-,-,840,380
TXO,202612,20261216.0,54200.0,Put,-,-,-,-,7140.0,-,-,0,0,0,0,-,-,-,-
TXO,202612,20261216.0,54400.0,Call,-,-,-,-,391.0,-,-,0,0,0,3,298,-,2050,421
TXO,202612,20261216.0,54400.0,Put,-,-,-,-,7310.0,-,-,0,0,0,0,7170,-,-,-
TXO,202612,20261216.0,54600.0,Call,-,-,-,-,368.0,-,-,0,0,0,0,279,-,1420,298
TXO,202612,20261216.0,54600.0,Put,-,-,-,-,7490.0,-,-,0,0,0,0,-,-,-,-
TXO,202612,20261216.0,54800.0,Call,-,-,-,-,347.0,-,-,0,0,0,10,329,364,3060,480
TXO,202612,20261216.0,54800.0,Put,-,-,-,-,7670.0,-,-,0,0,0,0,7510,-,-,-
TXO,202612,20261216.0,55000.0,Call,-,-,-,-,327.0,-,-,0,0,0,34,309,344,2920,217
TXO,202612,20261216.0,55000.0,Put,-,-,-,-,7840.0,-,-,0,0,0,0,-,-,-,-
TXO,202612,20261216.0,55200.0,Call,-,-,-,-,307.0,-,-,0,0,0,2,-,-,1980,207
TXO,202612,20261216.0,55200.0,Put,-,-,-,-,8020.0,-,-,0,0,0,0,-,-,-,-
TXO,202612,20261216.0,55400.0,Call,-,-,-,-,288.0,-,-,0,0,0,5,271,306,2930,370
TXO,202612,20261216.0,55400.0,Put,-,-,-,-,8200.0,-,-,0,0,0,0,-,-,-,-
TXO,202612,20261216.0,55600.0,Call,300,300,300,300,271.0,▲+25,▲+9.09%,2,1,3,6,254,289,2150,273
TXO,202612,20261216.0,55600.0,Put,-,-,-,-,8390.0,-,-,0,0,0,0,8310,-,-,-
TXO,202612,20261216.0,55800.0,Call,-,-,-,-,255.0,-,-,0,0,0,18,238,273,3020,188
TXO,202612,20261216.0,55800.0,Put,-,-,-,-,8570.0,-,-,0,0,0,0,-,-,-,-
TXO,202612,20261216.0,56000.0,Call,-,-,-,-,241.0,-,-,0,0,0,11,224,259,2170,165
TXO,202612,20261216.0,56000.0,Put,-,-,-,-,8750.0,-,-,0,0,0,0,-,8850,-,-
TXO,202612,20261216.0,56200.0,Call,-,-,-,-,227.0,-,-,0,0,0,0,149,-,1900,319
TXO,202612,20261216.0,56200.0,Put,-,-,-,-,8940.0,-,-,0,0,0,0,-,-,-,-
TXO,202612,20261216.0,56400.0,Call,-,-,-,-,213.0,-,-,0,0,0,1,196,231,1770,187
TXO,202612,20261216.0,56400.0,Put,-,-,-,-,9120.0,-,-,0,0,0,0,-,-,-,-
TXO,202612,20261216.0,56600.0,Call,-,-,-,-,201.0,-,-,0,0,0,5,186,217,495,375
TXO,202612,20261216.0,56600.0,Put,-,-,-,-,9310.0,-,-,0,0,0,0,-,-,-,-
TXO,202612,20261216.0,56800.0,Call,-,-,-,-,189.0,-,-,0,0,0,0,117,-,1830,342
TXO,202612,20261216.0,56800.0,Put,-,-,-,-,9500.0,-,-,0,0,0,0,9420,-,-,-
TXO,202612,20261216.0,57000.0,Call,198,198,198,198,178.0,▲+20,▲+11.24%,0,210,210,496,162,195,2500,110
TXO,202612,20261216.0,57000.0,Put,-,-,-,-,9690.0,-,-,0,0,0,0,-,-,-,-
TXO,202612,20261216.0,57200.0,Call,-,-,-,-,173.0,-,-,7,0,7,6,152,184,1880,130
TXO,202612,20261216.0,57200.0,Put,-,-,-,-,9870.0,-,-,0,0,0,0,-,-,-,-
TXO,202612,20261216.0,57400.0,Call,168,168,168,168,168.0,▲+11,▲+7.01%,0,2,2,257,143,170,1870,21
TXO,202612,20261216.0,57400.0,Put,-,-,-,-,10060.0,-,-,0,0,0,0,9980,-,-,-
TXO,202703,20270317.0,31800.0,Call,-,-,-,-,16110.0,-,-,0,0,0,0,-,16320,-,-
TXO,202703,20270317.0,31800.0,Put,139,160,139,160,154.0,▲+29,▲+22.14%,1,3,4,99,142,166,1020,102
TXO,202703,20270317.0,32000.0,Call,-,-,-,-,15920.0,-,-,0,0,0,0,-,16230,-,-
TXO,202703,20270317.0,32000.0,Put,-,-,-,-,159.0,-,-,0,0,0,19,147,171,1360,138
TXO,202703,20270317.0,32200.0,Call,-,-,-,-,15730.0,-,-,0,0,0,0,-,16030,-,-
TXO,202703,20270317.0,32200.0,Put,-,-,-,-,164.0,-,-,0,0,0,1,151,177,265,225
TXO,202703,20270317.0,32400.0,Call,-,-,-,-,15540.0,-,-,0,0,0,0,-,15840,-,-
TXO,202703,20270317.0,32400.0,Put,-,-,-,-,169.0,-,-,0,0,0,0,156,183,331,290
TXO,202703,20270317.0,32600.0,Call,-,-,-,-,15340.0,-,-,0,0,0,0,-,-,-,-
TXO,202703,20270317.0,32600.0,Put,-,-,-,-,175.0,-,-,0,0,0,0,151,186,375,356
TXO,202703,20270317.0,32800.0,Call,-,-,-,-,15150.0,-,-,0,0,0,0,-,15450,-,-
TXO,202703,20270317.0,32800.0,Put,-,-,-,-,181.0,-,-,0,0,0,1,167,196,415,195
TXO,202703,20270317.0,33000.0,Call,-,-,-,-,14960.0,-,-,0,0,0,0,-,15350,-,-
TXO,202703,20270317.0,33000.0,Put,-,-,-,-,188.0,-,-,2,0,2,10,173,204,469,178
TXO,202703,20270317.0,33200.0,Call,-,-,-,-,14770.0,-,-,0,0,0,0,-,15060,-,-
TXO,202703,20270317.0,33200.0,Put,-,-,-,-,195.0,-,-,0,0,0,8,179,211,1690,488
TXO,202703,20270317.0,33400.0,Call,-,-,-,-,14580.0,-,-,0,0,0,0,-,-,-,-
TXO,202703,20270317.0,33400.0,Put,-,-,-,-,203.0,-,-,0,0,0,0,81,-,-,-
TXO,202703,20270317.0,33600.0,Call,-,-,-,-,14390.0,-,-,0,0,0,0,-,-,-,-
TXO,202703,20270317.0,33600.0,Put,-,-,-,-,210.0,-,-,0,0,0,1,193,228,935,184
TXO,202703,20270317.0,33800.0,Call,-,-,-,-,14200.0,-,-,0,0,0,0,-,14460,-,-
TXO,202703,20270317.0,33800.0,Put,-,-,-,-,220.0,-,-,0,0,0,21,95,368,1850,178
TXO,202703,20270317.0,34000.0,Call,-,-,-,-,14010.0,-,-,0,0,0,0,-,14290,-,-
TXO,202703,20270317.0,34000.0,Put,-,-,-,-,227.0,-,-,0,0,0,4,210,245,1420,184
TXO,202703,20270317.0,34200.0,Call,-,-,-,-,13820.0,-,-,0,0,0,0,-,-,-,-
TXO,202703,20270317.0,34200.0,Put,-,-,-,-,237.0,-,-,0,0,0,1,220,255,1390,243
TXO,202703,20270317.0,34400.0,Call,-,-,-,-,13630.0,-,-,0,0,0,0,-,-,-,-
TXO,202703,20270317.0,34400.0,Put,-,-,-,-,247.0,-,-,0,0,0,0,230,265,-,-
TXO,202703,20270317.0,34600.0,Call,-,-,-,-,13440.0,-,-,0,0,0,1,-,13720,13260,12940
TXO,202703,20270317.0,34600.0,Put,-,-,-,-,257.0,-,-,0,0,0,0,240,275,915,830
TXO,202703,20270317.0,34800.0,Call,-,-,-,-,13260.0,-,-,0,0,0,0,-,13560,-,-
TXO,202703,20270317.0,34800.0,Put,-,-,-,-,268.0,-,-,0,0,0,1,137,333,1000,515
TXO,202703,20270317.0,35000.0,Call,-,-,-,-,13070.0,-,-,0,0,0,0,-,-,-,-
TXO,202703,20270317.0,35000.0,Put,-,-,-,-,281.0,-,-,3,0,3,22,150,344,1600,256
TXO,202703,20270317.0,35200.0,Call,-,-,-,-,12890.0,-,-,0,0,0,0,-,13190,-,-
TXO,202703,20270317.0,35200.0,Put,-,-,-,-,292.0,-,-,0,0,0,7,275,310,515,495
TXO,202703,20270317.0,35400.0,Call,-,-,-,-,12700.0,-,-,0,0,0,0,-,-,-,-
TXO,202703,20270317.0,35400.0,Put,-,-,-,-,306.0,-,-,0,0,0,25,289,324,695,535
TXO,202703,20270317.0,35600.0,Call,-,-,-,-,12520.0,-,-,0,0,0,0,-,12780,-,-
TXO,202703,20270317.0,35600.0,Put,-,-,-,-,320.0,-,-,0,0,0,28,303,338,2340,277
TXO,202703,20270317.0,35800.0,Call,-,-,-,-,12330.0,-,-,0,0,0,0,-,12590,-,-
TXO,202703,20270317.0,35800.0,Put,-,-,-,-,334.0,-,-,0,0,0,15,317,352,2050,301
TXO,202703,20270317.0,36000.0,Call,-,-,-,-,12150.0,-,-,0,0,0,0,-,12440,-,-
TXO,202703,20270317.0,36000.0,Put,-,-,-,-,350.0,-,-,0,0,0,43,333,368,2380,266
TXO,202703,20270317.0,36200.0,Call,-,-,-,-,11970.0,-,-,0,0,0,0,-,12210,-,-
TXO,202703,20270317.0,36200.0,Put,-,-,-,-,366.0,-,-,0,0,0,1,349,384,2050,289
TXO,202703,20270317.0,36400.0,Call,-,-,-,-,11790.0,-,-,0,0,0,0,-,-,-,-
TXO,202703,20270317.0,36400.0,Put,-,-,-,-,383.0,-,-,0,0,0,2,366,401,1800,520
TXO,202703,20270317.0,36600.0,Call,-,-,-,-,11610.0,-,-,0,0,0,4,11480,-,13790,11300
TXO,202703,20270317.0,36600.0,Put,-,-,-,-,401.0,-,-,0,0,0,19,384,419,2780,360
TXO,202703,20270317.0,36800.0,Call,-,-,-,-,11430.0,-,-,0,0,0,0,-,11700,-,-
TXO,202703,20270317.0,36800.0,Put,-,-,-,-,422.0,-,-,0,0,0,2,400,445,1990,391
TXO,202703,20270317.0,37000.0,Call,-,-,-,-,11250.0,-,-,0,0,0,0,11170,11490,-,-
TXO,202703,20270317.0,37000.0,Put,-,-,-,-,441.0,-,-,0,0,0,32,333,540,2340,340
TXO,202703,20270317.0,37200.0,Call,-,-,-,-,11070.0,-,-,0,0,0,0,-,-,-,-
TXO,202703,20270317.0,37200.0,Put,-,-,-,-,460.0,-,-,0,0,0,3,438,483,1160,460
TXO,202703,20270317.0,37400.0,Call,-,-,-,-,10900.0,-,-,0,0,0,0,-,11130,-,-
TXO,202703,20270317.0,37400.0,Put,-,-,-,-,482.0,-,-,0,0,0,6,319,580,2000,480
TXO,202703,20270317.0,37600.0,Call,-,-,-,-,10720.0,-,-,0,0,0,0,-,-,-,-
TXO,202703,20270317.0,37600.0,Put,-,-,-,-,505.0,-,-,0,0,0,5,482,525,3020,480
TXO,202703,20270317.0,37800.0,Call,-,-,-,-,10550.0,-,-,0,0,0,0,-,10760,-,-
TXO,202703,20270317.0,37800.0,Put,-,-,-,-,525.0,-,-,0,0,0,4,429,630,1150,535
TXO,202703,20270317.0,38000.0,Call,-,-,-,-,10380.0,-,-,0,0,0,1,10270,10590,11830,11830
TXO,202703,20270317.0,38000.0,Put,-,-,-,-,555.0,-,-,0,0,0,13,387,640,2600,432
TXO,202703,20270317.0,38200.0,Call,-,-,-,-,10210.0,-,-,0,0,0,0,-,10530,-,-
TXO,202703,20270317.0,38200.0,Put,-,-,-,-,585.0,-,-,0,0,0,1,465,-,1230,482
TXO,202703,20270317.0,38400.0,Call,-,-,-,-,10030.0,-,-,0,0,0,1,9900,10240,10180,10180
TXO,202703,20270317.0,38400.0,Put,-,-,-,-,605.0,-,-,0,0,0,1,580,630,1270,700
TXO,202703,20270317.0,38600.0,Call,-,-,-,-,9860.0,-,-,0,0,0,0,-,10070,-,-
TXO,202703,20270317.0,38600.0,Put,-,-,-,-,630.0,-,-,0,0,0,3,605,655,2090,480
TXO,202703,20270317.0,38800.0,Call,-,-,-,-,9690.0,-,-,0,0,0,0,-,9880,-,-
TXO,202703,20270317.0,38800.0,Put,-,-,-,-,660.0,-,-,0,0,0,1,635,690,2560,680
TXO,202703,20270317.0,39000.0,Call,-,-,-,-,9520.0,-,-,0,0,0,0,-,9730,-,-
TXO,202703,20270317.0,39000.0,Put,-,-,-,-,690.0,-,-,1,0,1,6,665,720,3400,580
TXO,202703,20270317.0,39200.0,Call,-,-,-,-,9350.0,-,-,0,0,0,0,-,9560,-,-
TXO,202703,20270317.0,39200.0,Put,-,-,-,-,720.0,-,-,0,0,0,1,690,750,2680,1450
TXO,202703,20270317.0,39400.0,Call,-,-,-,-,9180.0,-,-,0,0,0,0,-,-,-,-
TXO,202703,20270317.0,39400.0,Put,-,-,-,-,750.0,-,-,0,0,0,2,720,780,2740,1500
TXO,202703,20270317.0,39600.0,Call,-,-,-,-,9020.0,-,-,0,0,0,0,-,9210,-,-
TXO,202703,20270317.0,39600.0,Put,-,-,-,-,780.0,-,-,0,0,0,4,750,815,2830,1000
TXO,202703,20270317.0,39800.0,Call,-,-,-,-,8860.0,-,-,0,0,0,0,-,9060,-,-
TXO,202703,20270317.0,39800.0,Put,-,-,-,-,820.0,-,-,0,0,0,11,785,855,3000,810
TXO,202703,20270317.0,40000.0,Call,-,-,-,-,8690.0,-,-,0,0,0,1,-,-,11530,6000
TXO,202703,20270317.0,40000.0,Put,-,-,-,-,855.0,-,-,0,0,0,33,820,890,4200,810
TXO,202703,20270317.0,40200.0,Call,-,-,-,-,8530.0,-,-,0,0,0,0,-,-,-,-
TXO,202703,20270317.0,40200.0,Put,-,-,-,-,890.0,-,-,1,0,1,6,855,925,2460,785
TXO,202703,20270317.0,40400.0,Call,-,-,-,-,8370.0,-,-,0,0,0,0,8290,-,6450,5300
TXO,202703,20270317.0,40400.0,Put,-,-,-,-,930.0,-,-,0,0,0,1,895,965,1760,1760
TXO,202703,20270317.0,40600.0,Call,-,-,-,-,8210.0,-,-,0,0,0,0,8130,8390,6950,5530
TXO,202703,20270317.0,40600.0,Put,-,-,-,-,965.0,-,-,0,0,0,0,930,1000,-,-
TXO,202703,20270317.0,40800.0,Call,-,-,-,-,8060.0,-,-,0,0,0,0,7970,-,-,-
TXO,202703,20270317.0,40800.0,Put,-,-,-,-,1010.0,-,-,0,0,0,1,975,1040,4650,4650
TXO,202703,20270317.0,41000.0,Call,-,-,-,-,7910.0,-,-,0,0,0,0,-,8100,8000,5380
TXO,202703,20270317.0,41000.0,Put,945,945,945,945,1060.0,▲+20,▲+2.16%,0,1,1,1,1000,1090,4540,945
TXO,202703,20270317.0,41200.0,Call,-,-,-,-,7760.0,-,-,0,0,0,0,-,7920,-,-
TXO,202703,20270317.0,41200.0,Put,1010,1010,1010,1010,1100.0,▲+50,▲+5.21%,0,1,1,2,1060,1150,3000,1010
TXO,202703,20270317.0,41400.0,Call,-,-,-,-,7590.0,-,-,0,0,0,0,7390,7900,-,-
TXO,202703,20270317.0,41400.0,Put,-,-,-,-,1130.0,-,-,0,0,0,4,1090,1180,2050,1340
TXO,202703,20270317.0,41600.0,Call,-,-,-,-,7430.0,-,-,0,0,0,0,-,7600,-,-
TXO,202703,20270317.0,41600.0,Put,1120,1140,1120,1130,1170.0,▲+90,▲+8.65%,0,8,8,8,1130,1220,3390,1120
TXO,202703,20270317.0,41800.0,Call,-,-,-,-,7280.0,-,-,0,0,0,0,7090,7440,-,-
TXO,202703,20270317.0,41800.0,Put,-,-,-,-,1220.0,-,-,0,0,0,1,1180,1270,3200,2180
TXO,202703,20270317.0,42000.0,Call,-,-,-,-,7130.0,-,-,0,0,0,2,7020,-,11500,4800
TXO,202703,20270317.0,42000.0,Put,-,-,-,-,1270.0,-,-,0,0,0,10,1230,1320,4320,1040
TXO,202703,20270317.0,42200.0,Call,-,-,-,-,6990.0,-,-,0,0,0,0,-,-,-,-
TXO,202703,20270317.0,42200.0,Put,-,-,-,-,1320.0,-,-,0,0,0,1,1270,1360,2260,2260
TXO,202703,20270317.0,42400.0,Call,-,-,-,-,6840.0,-,-,0,0,0,0,-,-,-,-
TXO,202703,20270317.0,42400.0,Put,-,-,-,-,1370.0,-,-,0,0,0,1,1330,1420,2370,2370
TXO,202703,20270317.0,42600.0,Call,-,-,-,-,6690.0,-,-,0,0,0,1,6570,6770,6610,6610
TXO,202703,20270317.0,42600.0,Put,-,-,-,-,1420.0,-,-,0,0,0,1,1310,-,2440,2440
TXO,202703,20270317.0,42800.0,Call,-,-,-,-,6540.0,-,-,0,0,0,1,-,6630,6480,6480
TXO,202703,20270317.0,42800.0,Put,-,-,-,-,1470.0,-,-,0,0,0,1,-,-,2690,2510
TXO,202703,20270317.0,43000.0,Call,-,-,-,-,6390.0,-,-,0,0,0,0,6200,-,-,-
TXO,202703,20270317.0,43000.0,Put,-,-,-,-,1520.0,-,-,0,0,0,3,1480,1570,4720,1340
TXO,202703,20270317.0,43200.0,Call,-,-,-,-,6260.0,-,-,0,0,0,1,6150,-,6230,6230
TXO,202703,20270317.0,43200.0,Put,-,-,-,-,1580.0,-,-,0,0,0,1,1540,1630,2660,2660
TXO,202703,20270317.0,43400.0,Call,-,-,-,-,6110.0,-,-,0,0,0,1,5990,6190,6110,6110
TXO,202703,20270317.0,43400.0,Put,-,-,-,-,1630.0,-,-,0,0,0,1,1590,1680,3730,3730
TXO,202703,20270317.0,43600.0,Call,-,-,-,-,5970.0,-,-,0,0,0,1,5870,6270,5980,5980
TXO,202703,20270317.0,43600.0,Put,-,-,-,-,1690.0,-,-,0,0,0,0,1650,1740,6100,3200
TXO,202703,20270317.0,43800.0,Call,-,-,-,-,5840.0,-,-,0,0,0,0,5640,6020,-,-
TXO,202703,20270317.0,43800.0,Put,-,-,-,-,1760.0,-,-,0,0,0,1,1710,1810,5820,5820
TXO,202703,20270317.0,44000.0,Call,-,-,-,-,5700.0,-,-,0,0,0,13,5580,-,9500,5370
TXO,202703,20270317.0,44000.0,Put,1630,1630,1620,1630,1820.0,0,0%,0,8,8,15,1790,1840,5230,1560
TXO,202703,20270317.0,44200.0,Call,-,-,-,-,5580.0,-,-,0,0,0,2,5470,5750,6100,3340
TXO,202703,20270317.0,44200.0,Put,-,-,-,-,1890.0,-,-,0,0,0,1,1760,-,3040,3040
TXO,202703,20270317.0,44400.0,Call,-,-,-,-,5440.0,-,-,0,0,0,2,5330,5610,5500,5140
TXO,202703,20270317.0,44400.0,Put,-,-,-,-,1950.0,-,-,0,0,0,1,1900,2010,3130,1920
TXO,202703,20270317.0,44600.0,Call,-,-,-,-,5310.0,-,-,0,0,0,2,5190,-,5300,3600
TXO,202703,20270317.0,44600.0,Put,-,-,-,-,2020.0,-,-,0,0,0,1,1970,2080,3210,1990
TXO,202703,20270317.0,44800.0,Call,-,-,-,-,5180.0,-,-,0,0,0,1,-,-,4880,4470
TXO,202703,20270317.0,44800.0,Put,-,-,-,-,2090.0,-,-,0,0,0,5,2030,2120,5330,1970
TXO,202703,20270317.0,45000.0,Call,-,-,-,-,5050.0,-,-,0,0,0,21,4960,5210,5180,3280
TXO,202703,20270317.0,45000.0,Put,-,-,-,-,2160.0,-,-,0,0,0,1,-,-,5500,2080
TXO,202703,20270317.0,45200.0,Call,-,-,-,-,4920.0,-,-,0,0,0,3,4810,-,5400,4800
TXO,202703,20270317.0,45200.0,Put,-,-,-,-,2230.0,-,-,0,0,0,1,2070,-,3470,3470
TXO,202703,20270317.0,45400.0,Call,-,-,-,-,4800.0,-,-,0,0,0,1,4690,4940,4940,4000
TXO,202703,20270317.0,45400.0,Put,-,-,-,-,2310.0,-,-,0,0,0,2,2250,2370,3560,2900
TXO,202703,20270317.0,45600.0,Call,-,-,-,-,4680.0,-,-,0,0,0,1,4580,-,4850,4850
TXO,202703,20270317.0,45600.0,Put,-,-,-,-,2380.0,-,-,0,0,0,1,2250,-,3650,3650
TXO,202703,20270317.0,45800.0,Call,-,-,-,-,4560.0,-,-,0,0,0,1,4430,4690,4720,4720
TXO,202703,20270317.0,45800.0,Put,-,-,-,-,2460.0,-,-,0,0,0,1,2320,-,3740,3740
TXO,202703,20270317.0,46000.0,Call,-,-,-,-,4440.0,-,-,0,0,0,13,4340,4570,8000,3110
TXO,202703,20270317.0,46000.0,Put,-,-,-,-,2540.0,-,-,0,0,0,4,2460,2600,5700,3830
TXO,202703,20270317.0,46200.0,Call,-,-,-,-,4320.0,-,-,0,0,0,1,4210,-,4510,4510
TXO,202703,20270317.0,46200.0,Put,-,-,-,-,2620.0,-,-,0,0,0,1,2550,2690,3930,3930
TXO,202703,20270317.0,46400.0,Call,-,-,-,-,4200.0,-,-,0,0,0,1,-,-,4410,4410
TXO,202703,20270317.0,46400.0,Put,-,-,-,-,2700.0,-,-,0,0,0,1,2630,2770,4020,4020
TXO,202703,20270317.0,46600.0,Call,-,-,-,-,4090.0,-,-,0,0,0,2,4000,-,7460,7430
TXO,202703,20270317.0,46600.0,Put,-,-,-,-,2790.0,-,-,0,0,0,1,-,-,4120,4120
TXO,202703,20270317.0,46800.0,Call,-,-,-,-,3970.0,-,-,0,0,0,8,3870,4090,4200,3240
TXO,202703,20270317.0,46800.0,Put,-,-,-,-,2870.0,-,-,0,0,0,1,2710,-,4220,4220
TXO,202703,20270317.0,47000.0,Call,-,-,-,-,3870.0,-,-,0,0,0,7,3770,-,7200,3150
TXO,202703,20270317.0,47000.0,Put,-,-,-,-,2960.0,-,-,0,0,0,52,2830,-,4780,2680
TXO,202703,20270317.0,47200.0,Call,-,-,-,-,3770.0,-,-,0,0,0,1,3670,3870,4010,4010
TXO,202703,20270317.0,47200.0,Put,-,-,-,-,3060.0,-,-,0,0,0,1,2980,3140,4420,4420
TXO,202703,20270317.0,47400.0,Call,-,-,-,-,3650.0,-,-,0,0,0,1,3570,3770,3910,3910
TXO,202703,20270317.0,47400.0,Put,-,-,-,-,3140.0,-,-,0,0,0,3,3000,-,4430,4430
TXO,202703,20270317.0,47600.0,Call,-,-,-,-,3550.0,-,-,0,0,0,1,3450,-,3510,3510
TXO,202703,20270317.0,47600.0,Put,-,-,-,-,3240.0,-,-,0,0,0,3,3150,3330,4630,4530
TXO,202703,20270317.0,47800.0,Call,-,-,-,-,3450.0,-,-,0,0,0,1,3360,3550,3720,3720
TXO,202703,20270317.0,47800.0,Put,-,-,-,-,3330.0,-,-,0,0,0,3,3240,3420,4740,4640
TXO,202703,20270317.0,48000.0,Call,-,-,-,-,3350.0,-,-,0,0,0,2,3230,-,3920,3150
TXO,202703,20270317.0,48000.0,Put,-,-,-,-,3430.0,-,-,0,0,0,10,3270,-,8820,3460
TXO,202703,20270317.0,48200.0,Call,-,-,-,-,3250.0,-,-,0,0,0,3,-,-,3530,3530
TXO,202703,20270317.0,48200.0,Put,-,-,-,-,3530.0,-,-,0,0,0,1,3440,3640,4870,4870
TXO,202703,20270317.0,48400.0,Call,-,-,-,-,3140.0,-,-,0,0,0,3,3050,3230,7100,2350
TXO,202703,20270317.0,48400.0,Put,-,-,-,-,3620.0,-,-,0,0,0,1,3530,3730,4980,4980
TXO,202703,20270317.0,48600.0,Call,-,-,-,-,3060.0,-,-,0,0,0,5,2960,3120,6300,2140
TXO,202703,20270317.0,48600.0,Put,-,-,-,-,3730.0,-,-,0,0,0,1,3640,3840,5100,5100
TXO,202703,20270317.0,48800.0,Call,-,-,-,-,2970.0,-,-,0,0,0,1,-,-,2260,2260
TXO,202703,20270317.0,48800.0,Put,-,-,-,-,3840.0,-,-,0,0,0,1,3760,3970,5210,5210
TXO,202703,20270317.0,49000.0,Call,-,-,-,-,2880.0,-,-,0,0,0,32,2800,2960,6150,2040
TXO,202703,20270317.0,49000.0,Put,-,-,-,-,3950.0,-,-,0,0,0,5,-,4040,6880,5330
TXO,202703,20270317.0,49200.0,Call,-,-,-,-,2780.0,-,-,0,0,0,5,-,2870,6280,2000
TXO,202703,20270317.0,49200.0,Put,-,-,-,-,4050.0,-,-,0,0,0,2,3950,-,5440,5340
TXO,202703,20270317.0,49400.0,Call,-,-,-,-,2700.0,-,-,0,0,0,5,-,-,5760,2950
TXO,202703,20270317.0,49400.0,Put,-,-,-,-,4170.0,-,-,0,0,0,1,4070,4290,5560,5560
TXO,202703,20270317.0,49600.0,Call,-,-,-,-,2620.0,-,-,0,0,0,1,2550,2690,3030,3030
TXO,202703,20270317.0,49600.0,Put,-,-,-,-,4290.0,-,-,0,0,0,1,4180,4400,5680,5680
TXO,202703,20270317.0,49800.0,Call,-,-,-,-,2530.0,-,-,0,0,0,1,2410,-,2950,2950
TXO,202703,20270317.0,49800.0,Put,-,-,-,-,4400.0,-,-,0,0,0,1,4290,4520,5800,5800
TXO,202703,20270317.0,50000.0,Call,-,-,-,-,2450.0,-,-,0,0,0,28,2380,2520,7300,1800
TXO,202703,20270317.0,50000.0,Put,-,-,-,-,4510.0,-,-,0,0,0,20,4410,4590,10120,5930
TXO,202703,20270317.0,50200.0,Call,-,-,-,-,2370.0,-,-,0,0,0,1,-,-,5650,1610
TXO,202703,20270317.0,50200.0,Put,-,-,-,-,4630.0,-,-,0,0,0,1,4540,-,6050,6050
TXO,202703,20270317.0,50400.0,Call,-,-,-,-,2290.0,-,-,0,0,0,5,-,-,2860,1750
TXO,202703,20270317.0,50400.0,Put,-,-,-,-,4750.0,-,-,0,0,0,1,4650,4880,6200,6200
TXO,202703,20270317.0,50600.0,Call,-,-,-,-,2220.0,-,-,0,0,0,1,2090,-,2800,2240
TXO,202703,20270317.0,50600.0,Put,-,-,-,-,4870.0,-,-,0,0,0,1,4790,5010,6300,6300
TXO,202703,20270317.0,50800.0,Call,-,-,-,-,2140.0,-,-,0,0,0,2,2060,2180,2580,1770
TXO,202703,20270317.0,50800.0,Put,-,-,-,-,5000.0,-,-,0,0,0,1,4910,5130,6430,6430
TXO,202703,20270317.0,51000.0,Call,-,-,-,-,2070.0,-,-,0,0,0,6,2010,2130,6190,1480
TXO,202703,20270317.0,51000.0,Put,-,-,-,-,5120.0,-,-,0,0,0,1,5020,5260,6560,6560
TXO,202703,20270317.0,51200.0,Call,-,-,-,-,2010.0,-,-,0,0,0,2,1900,-,3190,1560
TXO,202703,20270317.0,51200.0,Put,-,-,-,-,5260.0,-,-,0,0,0,1,5130,5400,6690,6690
TXO,202703,20270317.0,51400.0,Call,-,-,-,-,1940.0,-,-,0,0,0,0,-,-,5950,1480
TXO,202703,20270317.0,51400.0,Put,-,-,-,-,5380.0,-,-,0,0,0,1,5290,5540,6830,6830
TXO,202703,20270317.0,51600.0,Call,-,-,-,-,1870.0,-,-,0,0,0,5,1760,-,5400,1490
TXO,202703,20270317.0,51600.0,Put,-,-,-,-,5520.0,-,-,0,0,0,1,5410,-,6960,6960
TXO,202703,20270317.0,51800.0,Call,-,-,-,-,1800.0,-,-,0,0,0,1,1750,1850,4720,4600
TXO,202703,20270317.0,51800.0,Put,-,-,-,-,5650.0,-,-,0,0,0,1,5550,-,7090,7090
TXO,202703,20270317.0,52000.0,Call,-,-,-,-,1740.0,-,-,0,0,0,11,1690,1790,5800,1370
TXO,202703,20270317.0,52000.0,Put,-,-,-,-,5780.0,-,-,0,0,0,1,5680,5960,7230,7230
TXO,202703,20270317.0,52200.0,Call,-,-,-,-,1680.0,-,-,0,0,0,1,1630,1720,2120,2120
TXO,202703,20270317.0,52200.0,Put,-,-,-,-,5920.0,-,-,0,0,0,1,5770,-,7370,7370
TXO,202703,20270317.0,52400.0,Call,-,-,-,-,1620.0,-,-,0,0,0,1,1510,-,4900,1440
TXO,202703,20270317.0,52400.0,Put,-,-,-,-,6060.0,-,-,0,0,0,1,5970,-,7510,7510
TXO,202703,20270317.0,52600.0,Call,-,-,-,-,1570.0,-,-,0,0,0,2,1480,-,2230,1520
TXO,202703,20270317.0,52600.0,Put,-,-,-,-,6200.0,-,-,0,0,0,1,6110,-,7650,7650
TXO,202703,20270317.0,52800.0,Call,-,-,-,-,1510.0,-,-,0,0,0,1,1460,1550,4470,1340
TXO,202703,20270317.0,52800.0,Put,-,-,-,-,6340.0,-,-,0,0,0,1,-,-,7790,7790
TXO,202703,20270317.0,53000.0,Call,-,-,-,-,1460.0,-,-,5,0,5,11,1410,1500,4850,1160
TXO,202703,20270317.0,53000.0,Put,-,-,-,-,6490.0,-,-,0,0,0,0,6370,-,-,-
TXO,202703,20270317.0,53200.0,Call,-,-,-,-,1400.0,-,-,0,0,0,2,1350,1440,4700,1280
TXO,202703,20270317.0,53200.0,Put,-,-,-,-,6630.0,-,-,0,0,0,1,6510,-,8070,8070
TXO,202703,20270317.0,53400.0,Call,-,-,-,-,1350.0,-,-,5,0,5,6,1250,-,1860,1430
TXO,202703,20270317.0,53400.0,Put,-,-,-,-,6770.0,-,-,0,0,0,1,-,-,8400,8220
TXO,202703,20270317.0,53600.0,Call,-,-,-,-,1300.0,-,-,0,0,0,2,-,-,1890,1120
TXO,202703,20270317.0,53600.0,Put,-,-,-,-,6920.0,-,-,0,0,0,0,6840,-,-,-
TXO,202703,20270317.0,53800.0,Call,-,-,-,-,1250.0,-,-,0,0,0,2,1200,1290,4600,1000
TXO,202703,20270317.0,53800.0,Put,-,-,-,-,7080.0,-,-,0,0,0,0,6920,7180,-,-
TXO,202703,20270317.0,54000.0,Call,-,-,-,-,1210.0,-,-,0,0,0,17,1110,-,4820,905
TXO,202703,20270317.0,54000.0,Put,-,-,-,-,7230.0,-,-,0,0,0,0,-,-,-,-
TXO,202703,20270317.0,54200.0,Call,-,-,-,-,1170.0,-,-,0,0,0,4,1110,1200,1770,920
TXO,202703,20270317.0,54200.0,Put,-,-,-,-,7390.0,-,-,0,0,0,0,7230,-,-,-
TXO,202703,20270317.0,54400.0,Call,-,-,-,-,1130.0,-,-,0,0,0,11,-,1240,1810,910
TXO,202703,20270317.0,54400.0,Put,-,-,-,-,7540.0,-,-,0,0,0,0,7370,-,-,-
TXO,202703,20270317.0,54600.0,Call,-,-,-,-,1090.0,-,-,0,0,0,3,-,-,1740,870
TXO,202703,20270317.0,54600.0,Put,-,-,-,-,7700.0,-,-,0,0,0,0,7630,-,-,-
TXO,202703,20270317.0,54800.0,Call,-,-,-,-,1050.0,-,-,0,0,0,5,880,1150,1450,820
TXO,202703,20270317.0,54800.0,Put,-,-,-,-,7860.0,-,-,0,0,0,0,-,-,-,-
TXO,202703,20270317.0,55000.0,Call,-,-,-,-,1010.0,-,-,6,0,6,27,920,-,3600,805
TXO,202703,20270317.0,55000.0,Put,-,-,-,-,8020.0,-,-,0,0,0,0,7850,-,-,-
TXO,202703,20270317.0,55200.0,Call,1030,1030,1010,1020,970.0,▲+55,▲+5.70%,5,8,13,15,920,990,4510,1010
TXO,202703,20270317.0,55200.0,Put,-,-,-,-,8180.0,-,-,0,0,0,0,8080,-,-,-
TXO,202703,20270317.0,55400.0,Call,-,-,-,-,935.0,-,-,5,0,5,6,845,-,1320,970
TXO,202703,20270317.0,55400.0,Put,-,-,-,-,8340.0,-,-,0,0,0,0,-,-,-,-
TXO,202703,20270317.0,55600.0,Call,-,-,-,-,900.0,-,-,0,0,0,1,-,-,1730,1730
TXO,202703,20270317.0,55600.0,Put,-,-,-,-,8510.0,-,-,0,0,0,0,-,-,-,-
TXO,202703,20270317.0,55800.0,Call,-,-,-,-,865.0,-,-,0,0,0,4,-,1020,4340,715
TXO,202703,20270317.0,55800.0,Put,-,-,-,-,8670.0,-,-,0,0,0,0,-,8780,-,-
TXO,202703,20270317.0,56000.0,Call,-,-,-,-,835.0,-,-,0,0,0,19,740,-,2570,610
TXO,202703,20270317.0,56000.0,Put,-,-,-,-,8840.0,-,-,0,0,0,0,-,-,14710,10440
TXO,202703,20270317.0,56200.0,Call,-,-,-,-,805.0,-,-,0,0,0,4,755,820,1370,690
TXO,202703,20270317.0,56200.0,Put,-,-,-,-,9000.0,-,-,0,0,0,0,-,-,-,-
TXO,202703,20270317.0,56400.0,Call,-,-,-,-,770.0,-,-,0,0,0,12,670,-,1140,710
TXO,202703,20270317.0,56400.0,Put,-,-,-,-,9170.0,-,-,0,0,0,0,9000,9270,-,-
TXO,202703,20270317.0,56600.0,Call,-,-,-,-,740.0,-,-,5,0,5,6,655,-,1760,700
TXO,202703,20270317.0,56600.0,Put,-,-,-,-,9340.0,-,-,0,0,0,0,9270,-,-,-
TXO,202703,20270317.0,56800.0,Call,-,-,-,-,715.0,-,-,0,0,0,1,695,730,1070,615
TXO,202703,20270317.0,56800.0,Put,-,-,-,-,9510.0,-,-,0,0,0,0,-,-,-,-
TXO,202703,20270317.0,57000.0,Call,675,675,675,675,675.0,▲+5,▲+0.75%,5,3,8,11,580,-,2950,535
TXO,202703,20270317.0,57000.0,Put,-,-,-,-,9670.0,-,-,0,0,0,0,-,-,-,-
TXO,202703,20270317.0,57200.0,Call,-,-,-,-,650.0,-,-,0,0,0,17,550,800,3450,498
TXO,202703,20270317.0,57200.0,Put,-,-,-,-,9840.0,-,-,0,0,0,0,9680,-,-,-
TXO,202703,20270317.0,57400.0,Call,650,675,645,645,645.0,▲+25,▲+4.03%,10,25,35,251,600,650,3760,385
TXO,202703,20270317.0,57400.0,Put,-,-,-,-,10010.0,-,-,0,0,0,0,9840,-,-,-
