契約,到期月份 (週別),契約到期日,履約價,買賣權,開盤價,最高價,最低價,最後 成交價,結算價,漲跌價,漲跌%,*盤後交易時段成交量,*一般交易時段成交量,*合計成交量,*未沖銷 契約量,最後 最佳買價,最後 最佳賣價,歷史 最高價,歷史 最低價
TXO,202609F2,20260911.0,41200.0,Call,-,-,-,-,-,-,-,0,0,0,0,5040,5060,-,-
TXO,202609F2,20260911.0,41200.0,Put,-,-,-,-,-,-,-,10,0,10,79,-,4000,11.5,0.1
TXO,202609F2,20260911.0,41300.0,Call,-,-,-,-,-,-,-,0,0,0,0,4940,4960,-,-
TXO,202609F2,20260911.0,41300.0,Put,-,-,-,-,-,-,-,0,0,0,55,0.1,0.2,49,0.2
TXO,202609F2,20260911.0,41400.0,Call,-,-,-,-,-,-,-,0,0,0,0,4840,4860,-,-
TXO,202609F2,20260911.0,41400.0,Put,-,-,-,-,-,-,-,1,0,1,31,-,-,26,0.3
TXO,202609F2,20260911.0,41500.0,Call,-,-,-,-,-,-,-,0,0,0,0,4740,4760,-,-
TXO,202609F2,20260911.0,41500.0,Put,0.2,0.2,0.2,0.2,-,0,0%,0,1,1,33,-,-,41.5,0.2
TXO,202609F2,20260911.0,41600.0,Call,-,-,-,-,-,-,-,0,0,0,0,4640,4660,-,-
TXO,202609F2,20260911.0,41600.0,Put,0.2,0.2,0.2,0.2,-,0,0%,0,1,1,12,-,-,51,0.2
TXO,202609F2,20260911.0,41700.0,Call,-,-,-,-,-,-,-,0,0,0,0,4540,4560,-,-
TXO,202609F2,20260911.0,41700.0,Put,-,-,-,-,-,-,-,0,0,0,7,-,21.5,5.1,1.1
TXO,202609F2,20260911.0,41800.0,Call,-,-,-,-,-,-,-,0,0,0,0,4440,4460,-,-
TXO,202609F2,20260911.0,41800.0,Put,-,-,-,-,-,-,-,0,0,0,15,-,21.5,58,1.1
TXO,202609F2,20260911.0,41900.0,Call,-,-,-,-,-,-,-,0,0,0,0,4340,4360,-,-
TXO,202609F2,20260911.0,41900.0,Put,-,-,-,-,-,-,-,0,0,0,6,-,21.5,47,1.8
TXO,202609F2,20260911.0,42000.0,Call,-,-,-,-,-,-,-,0,0,0,0,4240,4260,-,-
TXO,202609F2,20260911.0,42000.0,Put,-,-,-,-,-,-,-,1,0,1,33,-,21.5,50,0.3
TXO,202609F2,20260911.0,42100.0,Call,-,-,-,-,-,-,-,0,0,0,0,4140,4160,-,-
TXO,202609F2,20260911.0,42100.0,Put,-,-,-,-,-,-,-,0,0,0,13,-,11,72,1.4
TXO,202609F2,20260911.0,42200.0,Call,-,-,-,-,-,-,-,0,0,0,0,4040,4060,-,-
TXO,202609F2,20260911.0,42200.0,Put,-,-,-,-,-,-,-,0,0,0,8,-,11,69,0.3
TXO,202609F2,20260911.0,42300.0,Call,-,-,-,-,-,-,-,0,0,0,0,3940,3960,-,-
TXO,202609F2,20260911.0,42300.0,Put,-,-,-,-,-,-,-,1,0,1,15,-,2.2,41.5,0.7
TXO,202609F2,20260911.0,42400.0,Call,-,-,-,-,-,-,-,0,0,0,0,3840,3860,-,-
TXO,202609F2,20260911.0,42400.0,Put,-,-,-,-,-,-,-,4,0,4,16,-,7.9,52,0.6
TXO,202609F2,20260911.0,42500.0,Call,-,-,-,-,-,-,-,0,0,0,0,3740,3760,-,-
TXO,202609F2,20260911.0,42500.0,Put,-,-,-,-,-,-,-,5,0,5,51,-,1.3,88,0.1
TXO,202609F2,20260911.0,42600.0,Call,-,-,-,-,-,-,-,0,0,0,0,3640,3660,-,-
TXO,202609F2,20260911.0,42600.0,Put,-,-,-,-,-,-,-,1,0,1,100,-,2.2,95,0.5
TXO,202609F2,20260911.0,42700.0,Call,-,-,-,-,-,-,-,0,0,0,0,3540,3560,-,-
TXO,202609F2,20260911.0,42700.0,Put,-,-,-,-,-,-,-,2,0,2,19,-,2.2,102,0.8
TXO,202609F2,20260911.0,42800.0,Call,-,-,-,-,-,-,-,0,0,0,0,3440,3460,-,-
TXO,202609F2,20260911.0,42800.0,Put,-,-,-,-,-,-,-,29,0,29,49,-,2.2,108,0.4
TXO,202609F2,20260911.0,42900.0,Call,-,-,-,-,-,-,-,0,0,0,0,3340,3360,-,-
TXO,202609F2,20260911.0,42900.0,Put,-,-,-,-,-,-,-,8,0,8,21,-,2.2,117,0.5
TXO,202609F2,20260911.0,43000.0,Call,-,-,-,-,-,-,-,0,0,0,0,3240,3260,-,-
TXO,202609F2,20260911.0,43000.0,Put,-,-,-,-,-,-,-,67,0,67,101,-,21.5,126,0.5
TXO,202609F2,20260911.0,43100.0,Call,-,-,-,-,-,-,-,0,0,0,0,3140,3160,-,-
TXO,202609F2,20260911.0,43100.0,Put,0.2,0.2,0.2,0.2,-,▼-0.2,▼-50.00%,7,1,8,21,-,21.5,136,0.2
TXO,202609F2,20260911.0,43200.0,Call,-,-,-,-,-,-,-,0,0,0,0,3040,3060,-,-
TXO,202609F2,20260911.0,43200.0,Put,-,-,-,-,-,-,-,89,0,89,102,-,0.1,130,0.8
TXO,202609F2,20260911.0,43300.0,Call,-,-,-,-,-,-,-,0,0,0,0,2940,2960,-,-
TXO,202609F2,20260911.0,43300.0,Put,0.5,0.5,0.2,0.2,-,▼-0.4,▼-66.67%,12,8,20,45,-,19.5,80,0.2
TXO,202609F2,20260911.0,43400.0,Call,-,-,-,-,-,-,-,0,0,0,0,2840,2860,-,-
TXO,202609F2,20260911.0,43400.0,Put,0.2,0.2,0.2,0.2,-,▼-0.4,▼-66.67%,19,1,20,76,-,2.4,163,0.2
TXO,202609F2,20260911.0,43500.0,Call,-,-,-,-,-,-,-,0,0,0,0,2740,2760,2440,2440
TXO,202609F2,20260911.0,43500.0,Put,0.3,0.3,0.3,0.3,-,▼-0.4,▼-57.14%,36,12,48,97,-,0.5,147,0.3
TXO,202609F2,20260911.0,43600.0,Call,-,-,-,-,-,-,-,0,0,0,0,2640,2660,-,-
TXO,202609F2,20260911.0,43600.0,Put,-,-,-,-,-,-,-,11,0,11,22,-,4.9,164,1.4
TXO,202609F2,20260911.0,43700.0,Call,-,-,-,-,-,-,-,0,0,0,0,2540,2560,-,-
TXO,202609F2,20260911.0,43700.0,Put,0.6,0.6,0.2,0.2,-,▼-0.7,▼-77.78%,27,24,51,36,-,3.9,208,0.2
TXO,202609F2,20260911.0,43800.0,Call,-,-,-,-,-,-,-,0,0,0,0,2440,2460,-,-
TXO,202609F2,20260911.0,43800.0,Put,0.9,1,0.3,0.3,-,▼-0.7,▼-70.00%,135,36,171,197,-,4,181,0.3
TXO,202609F2,20260911.0,43900.0,Call,-,-,-,-,-,-,-,0,0,0,0,2340,2360,-,-
TXO,202609F2,20260911.0,43900.0,Put,0.6,0.6,0.2,0.2,-,▼-0.9,▼-81.82%,19,6,25,40,-,10,174,0.2
TXO,202609F2,20260911.0,44000.0,Call,-,-,-,-,-,-,-,0,0,0,0,2240,2260,-,-
TXO,202609F2,20260911.0,44000.0,Put,0.3,0.3,0.2,0.2,-,▼-0.9,▼-81.82%,345,150,495,279,-,0.7,257,0.2
TXO,202609F2,20260911.0,44100.0,Call,-,-,-,-,-,-,-,0,0,0,0,2140,2160,-,-
TXO,202609F2,20260911.0,44100.0,Put,0.8,0.8,0.1,0.2,-,▼-1.1,▼-84.62%,14,13,27,38,-,0.3,246,0.1
TXO,202609F2,20260911.0,44200.0,Call,-,-,-,-,-,-,-,0,0,0,1,2040,2060,2930,2930
TXO,202609F2,20260911.0,44200.0,Put,1,1,0.2,0.2,-,▼-1.2,▼-85.71%,41,25,66,66,-,0.7,163,0.2
TXO,202609F2,20260911.0,44300.0,Call,-,-,-,-,-,-,-,0,0,0,0,1940,1960,-,-
TXO,202609F2,20260911.0,44300.0,Put,0.8,0.8,0.2,0.2,-,▼-1.4,▼-87.50%,35,31,66,160,-,0.7,264,0.2
TXO,202609F2,20260911.0,44400.0,Call,-,-,-,-,-,-,-,0,0,0,0,1840,1860,-,-
TXO,202609F2,20260911.0,44400.0,Put,3,3,0.2,0.2,-,▼-1.5,▼-88.24%,45,106,151,311,-,0.7,250,0.2
TXO,202609F2,20260911.0,44500.0,Call,-,-,-,-,-,-,-,0,0,0,0,1740,1760,-,-
TXO,202609F2,20260911.0,44500.0,Put,1.5,1.5,0.2,0.2,-,▼-1.6,▼-88.89%,82,119,201,176,-,0.7,325,0.2
TXO,202609F2,20260911.0,44550.0,Call,-,-,-,-,-,-,-,0,0,0,0,1690,1710,-,-
TXO,202609F2,20260911.0,44550.0,Put,1.5,1.9,0.1,0.2,-,▼-1.7,▼-89.47%,44,110,154,79,-,0.6,64,0.1
TXO,202609F2,20260911.0,44600.0,Call,-,-,-,-,-,-,-,0,0,0,0,1640,1660,-,-
TXO,202609F2,20260911.0,44600.0,Put,1.5,2,0.2,0.2,-,▼-1.7,▼-89.47%,83,322,405,200,-,0.5,239,0.2
TXO,202609F2,20260911.0,44650.0,Call,-,-,-,-,-,-,-,0,0,0,0,1590,1610,-,-
TXO,202609F2,20260911.0,44650.0,Put,2,2.8,0.1,0.2,-,▼-1.8,▼-90.00%,32,322,354,100,-,0.7,201,0.1
TXO,202609F2,20260911.0,44700.0,Call,-,-,-,-,-,-,-,0,0,0,0,1540,1560,-,-
TXO,202609F2,20260911.0,44700.0,Put,2,2.3,0.2,0.2,-,▼-1.8,▼-90.00%,104,517,621,209,-,0.6,366,0.2
TXO,202609F2,20260911.0,44750.0,Call,-,-,-,-,-,-,-,0,0,0,0,1490,1510,-,-
TXO,202609F2,20260911.0,44750.0,Put,2.8,2.8,0.2,0.2,-,▼-1.9,▼-90.48%,55,205,260,159,-,0.7,203,0.2
TXO,202609F2,20260911.0,44800.0,Call,-,-,-,-,-,-,-,0,0,0,0,1440,1460,2070,2070
TXO,202609F2,20260911.0,44800.0,Put,2.2,2.2,0.2,0.2,-,▼-2,▼-90.91%,198,868,1066,220,-,0.7,308,0.2
TXO,202609F2,20260911.0,44850.0,Call,-,-,-,-,-,-,-,0,0,0,0,1390,1410,1170,1170
TXO,202609F2,20260911.0,44850.0,Put,2.4,2.6,0.2,0.2,-,▼-2.2,▼-91.67%,120,77,197,118,-,0.5,272,0.2
TXO,202609F2,20260911.0,44900.0,Call,-,-,-,-,-,-,-,0,0,0,0,1340,1360,-,-
TXO,202609F2,20260911.0,44900.0,Put,2,3.8,0.2,0.2,-,▼-2.3,▼-92.00%,414,253,667,266,-,0.3,306,0.2
TXO,202609F2,20260911.0,44950.0,Call,-,-,-,-,-,-,-,0,0,0,0,1290,1310,-,-
TXO,202609F2,20260911.0,44950.0,Put,4.8,4.8,0.2,0.2,-,▼-2.6,▼-92.86%,157,409,566,346,-,0.5,390,0.2
TXO,202609F2,20260911.0,45000.0,Call,1180,1340,1040,1250,-,▼-620,▼-33.16%,2,9,11,352,1240,1260,2310,1040
TXO,202609F2,20260911.0,45000.0,Put,6.5,6.8,0.1,0.2,-,▼-2.6,▼-92.86%,1703,2368,4071,3274,-,0.1,490,0.1
TXO,202609F2,20260911.0,45050.0,Call,1020,1020,1020,1020,-,▼-800,▼-43.96%,10,10,20,10,1190,1210,1860,1020
TXO,202609F2,20260911.0,45050.0,Put,4.4,4.4,0.2,0.2,-,▼-2.6,▼-92.86%,217,316,533,295,-,0.1,359,0.2
TXO,202609F2,20260911.0,45100.0,Call,900,1150,900,1150,-,▼-620,▼-35.03%,19,12,31,1,1140,1160,1950,900
TXO,202609F2,20260911.0,45100.0,Put,10.5,11,0.1,0.1,-,▼-2.9,▼-96.67%,316,426,742,541,-,1.5,342,0.1
TXO,202609F2,20260911.0,45150.0,Call,-,-,-,-,-,-,-,0,0,0,0,1090,1110,2150,995
TXO,202609F2,20260911.0,45150.0,Put,7.7,7.7,0.1,0.2,-,▼-3.2,▼-94.12%,363,383,746,240,0.1,0.4,65,0.1
TXO,202609F2,20260911.0,45200.0,Call,875,875,830,845,-,▼-825,▼-49.40%,6,3,9,4,1040,1060,1660,830
TXO,202609F2,20260911.0,45200.0,Put,10,11,0.1,0.2,-,▼-3.6,▼-94.74%,852,944,1796,665,0.1,0.6,500,0.1
TXO,202609F2,20260911.0,45250.0,Call,815,935,815,935,-,▼-685,▼-42.28%,5,4,9,5,995,1010,1060,815
TXO,202609F2,20260911.0,45250.0,Put,11.5,12,0.1,0.2,-,▼-3.9,▼-95.12%,542,794,1336,316,0.1,0.6,362,0.1
TXO,202609F2,20260911.0,45300.0,Call,780,1010,670,1010,-,▼-560,▼-35.67%,10,39,49,10,945,955,1210,670
TXO,202609F2,20260911.0,45300.0,Put,14,14.5,0.1,0.2,-,▼-3.9,▼-95.12%,1078,1174,2252,711,-,0.1,381,0.1
TXO,202609F2,20260911.0,45350.0,Call,710,850,705,790,-,▼-730,▼-48.03%,0,39,39,21,895,905,1620,705
TXO,202609F2,20260911.0,45350.0,Put,15,17,0.1,0.2,-,▼-4.3,▼-95.56%,540,980,1520,536,-,5,245,0.1
TXO,202609F2,20260911.0,45400.0,Call,695,850,605,850,-,▼-620,▼-42.18%,4,16,20,371,845,855,1910,605
TXO,202609F2,20260911.0,45400.0,Put,20,21,0.1,0.2,-,▼-5.2,▼-96.30%,1759,1785,3544,1222,-,0.4,271,0.1
TXO,202609F2,20260911.0,45450.0,Call,645,690,510,595,-,▼-825,▼-58.10%,2,34,36,5,800,805,755,510
TXO,202609F2,20260911.0,45450.0,Put,25,25,0.1,0.2,-,▼-6,▼-96.77%,529,1345,1874,616,-,0.6,197,0.1
TXO,202609F2,20260911.0,45500.0,Call,610,895,470,755,-,▼-615,▼-44.89%,9,39,48,17,750,755,1290,470
TXO,202609F2,20260911.0,45500.0,Put,27.5,37.5,0.1,0.1,-,▼-6.9,▼-98.57%,4105,4531,8636,2957,-,0.4,510,0.1
TXO,202609F2,20260911.0,45550.0,Call,565,650,395,560,-,▼-770,▼-57.89%,8,48,56,10,695,705,1410,395
TXO,202609F2,20260911.0,45550.0,Put,32,35.5,0.1,1,-,▼-6.6,▼-86.84%,769,2048,2817,468,-,5,174,0.1
TXO,202609F2,20260911.0,45600.0,Call,510,730,359,650,-,▼-630,▼-49.22%,10,130,140,12,645,650,1430,359
TXO,202609F2,20260911.0,45600.0,Put,42,43.5,0.1,0.1,-,▼-8.5,▼-98.84%,2743,3078,5821,1087,-,0.1,457,0.1
TXO,202609F2,20260911.0,45650.0,Call,480,680,300,600,-,▼-630,▼-51.22%,9,79,88,19,595,605,1100,300
TXO,202609F2,20260911.0,45650.0,Put,60,60,0.1,0.1,-,▼-9.9,▼-99.00%,1164,2862,4026,705,-,5,236,0.1
TXO,202609F2,20260911.0,45700.0,Call,436,620,257,545,-,▼-635,▼-53.81%,62,363,425,305,545,555,1630,257
TXO,202609F2,20260911.0,45700.0,Put,51,56,0.2,0.2,-,▼-10.8,▼-98.18%,3096,6885,9981,1551,0.1,0.3,740,0.2
TXO,202609F2,20260911.0,45750.0,Call,372,615,214,500,-,▼-630,▼-55.75%,7,401,408,55,499,505,1240,214
TXO,202609F2,20260911.0,45750.0,Put,86,90,0.3,0.3,-,▼-13.7,▼-97.86%,1602,3320,4922,844,-,0.5,349,0.3
TXO,202609F2,20260911.0,45800.0,Call,315,575,164,448,-,▼-632,▼-58.52%,119,1328,1447,469,449,451,1350,164
TXO,202609F2,20260911.0,45800.0,Put,72,107,0.1,0.1,-,▼-14.9,▼-99.33%,4334,10181,14515,2671,-,0.1,665,0.1
TXO,202609F2,20260911.0,45850.0,Call,307,515,130,400,-,▼-630,▼-61.17%,51,539,590,49,399,401,1160,130
TXO,202609F2,20260911.0,45850.0,Put,89,118,0.1,0.1,-,▼-17.9,▼-99.44%,2455,6564,9019,1576,-,0.8,410,0.1
TXO,202609F2,20260911.0,45900.0,Call,297,473,95,350,-,▼-640,▼-64.65%,272,2973,3245,95,350,351,1330,95
TXO,202609F2,20260911.0,45900.0,Put,114,140,0.1,0.1,-,▼-19.4,▼-99.49%,4275,11427,15702,1921,-,0.2,720,0.1
TXO,202609F2,20260911.0,45950.0,Call,228,438,67,301,-,▼-639,▼-67.98%,173,2361,2534,242,299,301,1450,67
TXO,202609F2,20260911.0,45950.0,Put,148,149,0.2,0.2,-,▼-22.8,▼-99.13%,2452,7279,9731,1178,-,0.8,442,0.2
TXO,202609F2,20260911.0,46000.0,Call,261,390,45.5,250,-,▼-645,▼-72.07%,1592,14398,15990,1635,249,250,1170,45.5
TXO,202609F2,20260911.0,46000.0,Put,170,190,0.1,0.1,-,▼-26.9,▼-99.63%,11551,25762,37313,4671,0.1,0.3,760,0.1
TXO,202609F2,20260911.0,46050.0,Call,126,335,30,200,-,▼-650,▼-76.47%,194,5423,5617,250,200,201,1010,30
TXO,202609F2,20260911.0,46050.0,Put,126,162,0.1,0.2,-,▼-31.8,▼-99.38%,2598,8817,11415,1148,-,0.3,710,0.1
TXO,202609F2,20260911.0,46100.0,Call,100,282,19,150,-,▼-655,▼-81.37%,1113,16251,17364,1011,149,150,1380,19
TXO,202609F2,20260911.0,46100.0,Put,222,238,0.1,0.3,-,▼-35.2,▼-99.15%,5149,18762,23911,3260,-,0.3,665,0.1
TXO,202609F2,20260911.0,46150.0,Call,125,243,12,100,-,▼-660,▼-86.84%,507,9253,9760,328,99,100,1090,12
TXO,202609F2,20260911.0,46150.0,Put,222,244,0.1,0.3,-,▼-42.2,▼-99.29%,2544,8816,11360,1934,-,0.3,790,0.1
TXO,202609F2,20260911.0,46200.0,Call,75,198,7,49.5,-,▼-665.5,▼-93.08%,3804,23753,27557,795,49.5,50,1340,7
TXO,202609F2,20260911.0,46200.0,Put,236,300,0.1,0.2,-,▼-47.3,▼-99.58%,6524,17388,23912,3705,-,0.2,730,0.1
TXO,202609F2,20260911.0,46250.0,Call,73,152,0.2,0.3,-,▼-674.7,▼-99.96%,1160,16729,17889,1895,0.1,0.4,1190,0.2
TXO,202609F2,20260911.0,46250.0,Put,285,312,0.1,0.2,-,▼-55.8,▼-99.64%,2417,13520,15937,3081,0.1,0.4,555,0.1
TXO,202609F2,20260911.0,46300.0,Call,60,108,0.1,0.4,-,▼-629.6,▼-99.94%,4287,24699,28986,3807,-,0.3,1210,0.1
TXO,202609F2,20260911.0,46300.0,Put,334,365,15,49,-,▼-16,▼-24.62%,5501,16173,21674,1744,48.5,50,765,15
TXO,202609F2,20260911.0,46350.0,Call,51,77,0.2,0.2,-,▼-579.8,▼-99.97%,1776,13454,15230,2388,-,0.3,915,0.2
TXO,202609F2,20260911.0,46350.0,Put,341,401,27,99,-,▲+20,▲+25.32%,2162,4399,6561,462,98,100,448,27
TXO,202609F2,20260911.0,46400.0,Call,35,60,0.1,0.1,-,▼-549.9,▼-99.98%,4024,14330,18354,2999,-,0.3,1010,0.1
TXO,202609F2,20260911.0,46400.0,Put,352,459,42,148,-,▲+66,▲+80.49%,3654,4219,7873,685,148,150,700,42
TXO,202609F2,20260911.0,46450.0,Call,24.5,46,0.1,0.2,-,▼-519.8,▼-99.96%,1652,6436,8088,1702,-,0.1,755,0.1
TXO,202609F2,20260911.0,46450.0,Put,400,500,81,200,-,▲+106,▲+112.77%,1966,1276,3242,220,199,200,500,76
TXO,202609F2,20260911.0,46500.0,Call,22,35,0.1,0.2,-,▼-476.8,▼-99.96%,7439,11052,18491,3360,-,0.1,950,0.1
TXO,202609F2,20260911.0,46500.0,Put,505,555,120,251,-,▲+145,▲+136.79%,5585,3118,8703,742,250,251,965,79
TXO,202609F2,20260911.0,46550.0,Call,20,26.5,0.1,0.3,-,▼-434.7,▼-99.93%,2521,4313,6834,1024,-,0.3,760,0.1
TXO,202609F2,20260911.0,46550.0,Put,510,585,164,299,-,▲+176,▲+143.09%,2072,414,2486,204,298,300,1130,4.1
TXO,202609F2,20260911.0,46600.0,Call,13,20,0.1,0.2,-,▼-403.8,▼-99.95%,5467,5518,10985,2043,-,0.3,895,0.1
TXO,202609F2,20260911.0,46600.0,Put,520,650,211,350,-,▲+216,▲+161.19%,3772,766,4538,546,350,352,960,94
TXO,202609F2,20260911.0,46650.0,Call,14.5,15,0.1,0.3,-,▼-373.7,▼-99.92%,2474,1658,4132,813,-,0.2,835,0.1
TXO,202609F2,20260911.0,46650.0,Put,720,720,272,402,-,▲+250,▲+164.47%,1612,217,1829,142,398,402,720,104
TXO,202609F2,20260911.0,46700.0,Call,9,11,0.2,0.2,-,▼-335.8,▼-99.94%,5385,2284,7669,1518,-,0.3,845,0.2
TXO,202609F2,20260911.0,46700.0,Put,660,755,315,450,-,▲+280,▲+164.71%,3347,484,3831,391,449,450,1080,109
TXO,202609F2,20260911.0,46750.0,Call,8,8.4,0.2,0.2,-,▼-309.8,▼-99.94%,2360,897,3257,388,0.1,0.3,790,0.2
TXO,202609F2,20260911.0,46750.0,Put,680,780,369,500,-,▲+311,▲+164.55%,1162,183,1345,113,498,505,1040,131
TXO,202609F2,20260911.0,46800.0,Call,6,9,0.1,2,-,▼-279,▼-99.29%,7060,2700,9760,1869,-,2.5,800,0.1
TXO,202609F2,20260911.0,46800.0,Put,780,870,424,550,-,▲+339,▲+160.66%,2048,208,2256,287,545,550,870,128
TXO,202609F2,20260911.0,46850.0,Call,5,5,0.2,0.3,-,▼-251.7,▼-99.88%,3073,992,4065,708,0.1,0.3,745,0.2
TXO,202609F2,20260911.0,46850.0,Put,775,910,540,600,-,▲+363,▲+153.16%,921,234,1155,184,595,605,910,141
TXO,202609F2,20260911.0,46900.0,Call,4.2,5.4,0.1,0.4,-,▼-227.6,▼-99.82%,6862,2164,9026,2075,-,0.3,720,0.1
TXO,202609F2,20260911.0,46900.0,Put,840,940,515,650,-,▲+393,▲+152.92%,693,149,842,253,645,650,940,145
TXO,202609F2,20260911.0,46950.0,Call,4,4,0.2,0.2,-,▼-195.8,▼-99.90%,2930,1009,3939,997,-,0.3,705,0.2
TXO,202609F2,20260911.0,46950.0,Put,860,950,635,700,-,▲+394,▲+128.76%,594,52,646,112,700,705,950,171
TXO,202609F2,20260911.0,47000.0,Call,2.5,4,0.1,0.1,-,▼-181.9,▼-99.95%,12832,3238,16070,3169,-,0.3,780,0.1
TXO,202609F2,20260911.0,47000.0,Put,945,1040,610,750,-,▲+438,▲+140.38%,1954,364,2318,335,750,755,1270,168
TXO,202609F2,20260911.0,47050.0,Call,1.8,2,0.1,0.1,-,▼-161.9,▼-99.94%,2629,465,3094,475,-,0.3,620,0.1
TXO,202609F2,20260911.0,47050.0,Put,950,1070,750,800,-,▲+438,▲+120.99%,232,89,321,134,795,805,1200,182
TXO,202609F2,20260911.0,47100.0,Call,2.3,2.4,0.1,0.2,-,▼-142.8,▼-99.86%,4628,666,5294,1187,-,0.3,700,0.1
TXO,202609F2,20260911.0,47100.0,Put,1030,1130,735,855,-,▲+480,▲+128.00%,448,72,520,247,850,855,1130,195
TXO,202609F2,20260911.0,47150.0,Call,3.8,3.8,0.1,0.2,-,▼-118.8,▼-99.83%,1802,329,2131,415,-,0.2,575,0.1
TXO,202609F2,20260911.0,47150.0,Put,995,1080,850,900,-,▲+489,▲+118.98%,72,25,97,51,895,905,1200,222
TXO,202609F2,20260911.0,47200.0,Call,1.3,1.6,0.1,0.1,-,▼-111.9,▼-99.91%,5419,535,5954,1679,-,0.1,585,0.1
TXO,202609F2,20260911.0,47200.0,Put,1060,1200,870,950,-,▲+490,▲+106.52%,195,30,225,109,945,955,1200,228
TXO,202609F2,20260911.0,47250.0,Call,0.7,1.3,0.1,0.3,-,▼-94.7,▼-99.68%,1736,206,1942,444,-,0.3,545,0.1
TXO,202609F2,20260911.0,47250.0,Put,880,1000,880,895,-,▲+399,▲+80.44%,174,6,180,43,995,1010,1340,255
TXO,202609F2,20260911.0,47300.0,Call,1,1.3,0.1,0.2,-,▼-83.8,▼-99.76%,3433,421,3854,1142,0.1,0.3,535,0.1
TXO,202609F2,20260911.0,47300.0,Put,1160,1250,920,990,-,▲+460,▲+86.79%,462,22,484,265,1040,1060,1250,257
TXO,202609F2,20260911.0,47350.0,Call,0.6,1,0.1,0.2,-,▼-72.8,▼-99.73%,1208,72,1280,238,-,0.4,510,0.1
TXO,202609F2,20260911.0,47350.0,Put,1180,1230,1100,1100,-,▲+560,▲+103.70%,73,12,85,23,1090,1110,1230,302
TXO,202609F2,20260911.0,47400.0,Call,2.4,2.4,0.1,0.1,-,▼-58.9,▼-99.83%,2666,464,3130,865,-,0.2,466,0.1
TXO,202609F2,20260911.0,47400.0,Put,1290,1460,1040,1070,-,▲+485,▲+82.91%,29,17,46,66,1150,1160,1460,299
TXO,202609F2,20260911.0,47450.0,Call,1,1.5,0.1,0.1,-,▼-51.9,▼-99.81%,1526,116,1642,376,-,0.3,394,0.1
TXO,202609F2,20260911.0,47450.0,Put,1280,1490,1200,1200,-,▲+570,▲+90.48%,30,22,52,22,1190,1210,1490,324
TXO,202609F2,20260911.0,47500.0,Call,0.5,1,0.1,0.2,-,▼-44.8,▼-99.56%,5199,1382,6581,3436,-,0.2,600,0.1
TXO,202609F2,20260911.0,47500.0,Put,1450,1500,1280,1500,-,▲+820,▲+120.59%,116,10,126,27,1240,1260,1500,342
TXO,202609F2,20260911.0,47550.0,Call,0.5,0.9,0.1,0.2,-,▼-37.3,▼-99.47%,1081,201,1282,470,-,0.3,408,0.1
TXO,202609F2,20260911.0,47550.0,Put,1290,1290,1270,1270,-,▲+550,▲+76.39%,1,2,3,10,1290,1310,1290,409
TXO,202609F2,20260911.0,47600.0,Call,0.3,0.7,0.1,0.1,-,▼-31.4,▼-99.68%,2202,710,2912,991,0.1,0.4,350,0.1
TXO,202609F2,20260911.0,47600.0,Put,1450,1450,1220,1350,-,▲+585,▲+76.47%,148,13,161,266,1350,1360,1480,400
TXO,202609F2,20260911.0,47650.0,Call,0.3,1.2,0.1,0.4,-,▼-26.1,▼-98.49%,1037,243,1280,423,-,4.6,360,0.1
TXO,202609F2,20260911.0,47650.0,Put,-,-,-,-,-,-,-,3,0,3,3,1390,1410,1400,450
TXO,202609F2,20260911.0,47700.0,Call,0.7,0.7,0.1,0.3,-,▼-21.2,▼-98.60%,1289,720,2009,1108,-,0.4,343,0.1
TXO,202609F2,20260911.0,47700.0,Put,1550,1550,1550,1550,-,▲+700,▲+82.35%,1,3,4,3,1440,1460,1550,444
TXO,202609F2,20260911.0,47750.0,Call,0.6,0.6,0.1,0.1,-,▼-16.4,▼-99.39%,483,42,525,264,-,0.3,272,0.1
TXO,202609F2,20260911.0,47750.0,Put,-,-,-,-,-,-,-,2,0,2,1,1490,1510,1540,520
TXO,202609F2,20260911.0,47800.0,Call,0.1,1,0.1,1,-,▼-13,▼-92.86%,1250,635,1885,1357,-,0.9,326,0.1
TXO,202609F2,20260911.0,47800.0,Put,-,-,-,-,-,-,-,0,0,0,27,1550,1560,995,535
TXO,202609F2,20260911.0,47850.0,Call,1.5,1.5,0.1,0.2,-,▼-11.8,▼-98.33%,392,29,421,353,-,0.1,260,0.1
TXO,202609F2,20260911.0,47850.0,Put,1760,1760,1760,1760,-,▲+765,▲+76.88%,1,1,2,20,1600,1610,2050,760
TXO,202609F2,20260911.0,47900.0,Call,0.3,0.4,0.1,0.2,-,▼-8.1,▼-97.59%,543,469,1012,545,0.1,5.7,240,0.1
TXO,202609F2,20260911.0,47900.0,Put,1810,1810,1810,1810,-,▲+770,▲+74.04%,3,1,4,4,1640,1660,1810,800
TXO,202609F2,20260911.0,47950.0,Call,0.5,0.5,0.2,0.5,-,▼-7.4,▼-93.67%,235,21,256,328,-,0.5,222,0.2
TXO,202609F2,20260911.0,47950.0,Put,2500,2500,2500,2500,-,▲+1410,▲+129.36%,1,1,2,0,1690,1710,2500,650
TXO,202609F2,20260911.0,48000.0,Call,0.5,0.5,0.1,0.2,-,▼-5.8,▼-96.67%,1153,368,1521,1246,-,0.2,314,0.1
TXO,202609F2,20260911.0,48000.0,Put,-,-,-,-,-,-,-,3,0,3,14,1740,1760,1420,680
TXO,202609F2,20260911.0,48050.0,Call,0.3,0.4,0.2,0.2,-,▼-5.5,▼-96.49%,126,42,168,255,-,7.4,202,0.2
TXO,202609F2,20260911.0,48050.0,Put,-,-,-,-,-,-,-,0,0,0,0,1790,1810,1010,800
TXO,202609F2,20260911.0,48100.0,Call,0.2,3.8,0.2,0.2,-,▼-3.3,▼-94.29%,287,38,325,506,-,1.6,208,0.2
TXO,202609F2,20260911.0,48100.0,Put,-,-,-,-,-,-,-,0,0,0,2,1840,1860,1210,800
TXO,202609F2,20260911.0,48150.0,Call,0.2,0.5,0.2,0.5,-,▼-2.2,▼-81.48%,143,17,160,161,-,0.5,154,0.2
TXO,202609F2,20260911.0,48150.0,Put,-,-,-,-,-,-,-,0,0,0,2,1890,1910,1260,800
TXO,202609F2,20260911.0,48200.0,Call,0.2,0.4,0.2,0.2,-,▼-1.9,▼-90.48%,1334,57,1391,4049,0.1,0.4,205,0.2
TXO,202609F2,20260911.0,48200.0,Put,-,-,-,-,-,-,-,0,0,0,8,1940,1960,1850,800
TXO,202609F2,20260911.0,48250.0,Call,0.3,0.3,0.3,0.3,-,▼-1.2,▼-80.00%,169,2,171,413,-,0.5,140,0.3
TXO,202609F2,20260911.0,48250.0,Put,-,-,-,-,-,-,-,0,0,0,4,1990,2010,1420,850
TXO,202609F2,20260911.0,48300.0,Call,0.5,0.5,0.2,0.2,-,▼-1.2,▼-85.71%,438,22,460,1118,0.1,5.1,201,0.2
TXO,202609F2,20260911.0,48300.0,Put,-,-,-,-,-,-,-,0,0,0,5,2040,2060,1440,900
TXO,202609F2,20260911.0,48350.0,Call,0.2,0.2,0.2,0.2,-,▼-0.7,▼-77.78%,35,7,42,126,-,0.2,146,0.2
TXO,202609F2,20260911.0,48350.0,Put,-,-,-,-,-,-,-,0,0,0,3,2090,2110,1530,920
TXO,202609F2,20260911.0,48400.0,Call,0.2,0.2,0.2,0.2,-,▼-0.7,▼-77.78%,377,22,399,1155,-,0.4,190,0.2
TXO,202609F2,20260911.0,48400.0,Put,-,-,-,-,-,-,-,0,0,0,3,2140,2160,2010,950
TXO,202609F2,20260911.0,48450.0,Call,0.2,0.2,0.2,0.2,-,▼-0.5,▼-71.43%,125,21,146,184,-,7.8,99,0.2
TXO,202609F2,20260911.0,48450.0,Put,-,-,-,-,-,-,-,0,0,0,1,2190,2210,1410,1410
TXO,202609F2,20260911.0,48500.0,Call,0.2,5,0.1,0.2,-,▼-0.5,▼-71.43%,347,51,398,3162,0.1,0.3,121,0.1
TXO,202609F2,20260911.0,48500.0,Put,-,-,-,-,-,-,-,0,0,0,1,2240,2260,1110,1110
TXO,202609F2,20260911.0,48550.0,Call,0.2,5.8,0.2,5.8,-,▲+5.4,"▲+1,350.00%",33,3,36,179,-,5.9,71,0.2
TXO,202609F2,20260911.0,48550.0,Put,-,-,-,-,-,-,-,0,0,0,0,2290,2310,-,-
TXO,202609F2,20260911.0,48600.0,Call,0.2,0.2,0.2,0.2,-,▼-0.1,▼-33.33%,16,35,51,252,-,1,159,0.1
TXO,202609F2,20260911.0,48600.0,Put,-,-,-,-,-,-,-,0,0,0,1,2340,2360,1200,1200
TXO,202609F2,20260911.0,48650.0,Call,0.3,0.3,0.3,0.3,-,▲+0.1,▲+50.00%,4,5,9,70,-,4.9,61,0.1
TXO,202609F2,20260911.0,48650.0,Put,-,-,-,-,-,-,-,0,0,0,0,2390,2410,-,-
TXO,202609F2,20260911.0,48700.0,Call,0.2,0.2,0.2,0.2,-,0,0%,20,25,45,463,-,0.5,112,0.1
TXO,202609F2,20260911.0,48700.0,Put,-,-,-,-,-,-,-,0,0,0,1,2440,2460,1260,1260
TXO,202609F2,20260911.0,48800.0,Call,0.2,0.2,0.2,0.2,-,0,0%,16,1,17,147,-,4.9,99,0.1
TXO,202609F2,20260911.0,48800.0,Put,-,-,-,-,-,-,-,0,0,0,1,2540,2560,1600,1600
TXO,202609F2,20260911.0,48900.0,Call,0.2,0.2,0.2,0.2,-,0,0%,10,1,11,175,-,1,106,0.2
TXO,202609F2,20260911.0,48900.0,Put,-,-,-,-,-,-,-,0,0,0,1,2640,2660,1730,1730
TXO,202609F2,20260911.0,49000.0,Call,0.2,0.5,0.2,0.5,-,▲+0.3,▲+150.00%,18,49,67,429,0.1,0.3,134,0.1
TXO,202609F2,20260911.0,49000.0,Put,-,-,-,-,-,-,-,0,0,0,2,2740,2760,1990,1640
TXO,202609F2,20260911.0,49100.0,Call,0.2,0.2,0.2,0.2,-,0,0%,20,6,26,202,-,0.4,74,0.2
TXO,202609F2,20260911.0,49100.0,Put,-,-,-,-,-,-,-,0,0,0,0,2840,2860,-,-
TXO,202609F2,20260911.0,49200.0,Call,0.2,0.2,0.2,0.2,-,0,0%,15,1,16,730,-,21.5,53,0.1
TXO,202609F2,20260911.0,49200.0,Put,-,-,-,-,-,-,-,0,0,0,0,2940,2960,-,-
TXO,202609F2,20260911.0,49300.0,Call,-,-,-,-,-,-,-,0,0,0,130,-,0.4,71,0.2
TXO,202609F2,20260911.0,49300.0,Put,-,-,-,-,-,-,-,0,0,0,0,3040,3060,-,-
TXO,202609F2,20260911.0,49400.0,Call,-,-,-,-,-,-,-,0,0,0,255,-,1.9,43,0.1
TXO,202609F2,20260911.0,49400.0,Put,-,-,-,-,-,-,-,0,0,0,0,3140,3160,-,-
TXO,202609F2,20260911.0,49500.0,Call,-,-,-,-,-,-,-,6,0,6,681,-,4.9,60,0.1
TXO,202609F2,20260911.0,49500.0,Put,-,-,-,-,-,-,-,0,0,0,0,3240,3260,-,-
TXO,202609F2,20260911.0,49600.0,Call,-,-,-,-,-,-,-,0,0,0,28,-,21.5,17.5,0.2
TXO,202609F2,20260911.0,49600.0,Put,-,-,-,-,-,-,-,0,0,0,0,3340,3360,-,-
TXO,202609F2,20260911.0,49700.0,Call,-,-,-,-,-,-,-,0,0,0,18,-,22,18.5,0.2
TXO,202609F2,20260911.0,49700.0,Put,-,-,-,-,-,-,-,0,0,0,0,3440,3460,-,-
TXO,202609F2,20260911.0,49800.0,Call,-,-,-,-,-,-,-,0,0,0,94,-,22,25.5,0.2
TXO,202609F2,20260911.0,49800.0,Put,-,-,-,-,-,-,-,0,0,0,0,3540,3560,-,-
TXO,202609F2,20260911.0,49900.0,Call,-,-,-,-,-,-,-,0,0,0,23,-,0.3,26.5,0.2
TXO,202609F2,20260911.0,49900.0,Put,-,-,-,-,-,-,-,0,0,0,0,3640,3660,-,-
TXO,202609F2,20260911.0,50000.0,Call,-,-,-,-,-,-,-,0,0,0,1493,-,31,33,0.3
TXO,202609F2,20260911.0,50000.0,Put,-,-,-,-,-,-,-,0,0,0,0,3740,3760,-,-
TXO,202609F2,20260911.0,50100.0,Call,-,-,-,-,-,-,-,0,0,0,2,-,-,25,0.9
TXO,202609F2,20260911.0,50100.0,Put,-,-,-,-,-,-,-,0,0,0,0,3840,3860,-,-
TXO,202609F2,20260911.0,50200.0,Call,-,-,-,-,-,-,-,0,0,0,11,-,-,19,0.4
TXO,202609F2,20260911.0,50200.0,Put,-,-,-,-,-,-,-,0,0,0,0,3940,3960,-,-
TXO,202609F2,20260911.0,50300.0,Call,-,-,-,-,-,-,-,0,0,0,3,-,-,22,0.2
TXO,202609F2,20260911.0,50300.0,Put,-,-,-,-,-,-,-,0,0,0,0,4040,4060,-,-
TXO,202609F2,20260911.0,50400.0,Call,-,-,-,-,-,-,-,0,0,0,0,-,-,6.5,0.2
TXO,202609F2,20260911.0,50400.0,Put,-,-,-,-,-,-,-,0,0,0,0,4140,4160,-,-
TXO,202609F2,20260911.0,50500.0,Call,-,-,-,-,-,-,-,0,0,0,7,-,-,8.3,0.2
TXO,202609F2,20260911.0,50500.0,Put,-,-,-,-,-,-,-,0,0,0,0,4240,4260,-,-
TXO,202609F2,20260911.0,50600.0,Call,-,-,-,-,-,-,-,0,0,0,4,-,-,10.5,0.7
TXO,202609F2,20260911.0,50600.0,Put,-,-,-,-,-,-,-,0,0,0,0,4340,4360,-,-
TXO,202609F2,20260911.0,50700.0,Call,-,-,-,-,-,-,-,0,0,0,4,-,-,16,1.7
TXO,202609F2,20260911.0,50700.0,Put,-,-,-,-,-,-,-,0,0,0,0,4440,4460,-,-
TXO,202609F2,20260911.0,50800.0,Call,0.2,0.2,0.2,0.2,-,0,0%,0,1,1,0,-,-,4.5,0.2
TXO,202609F2,20260911.0,50800.0,Put,-,-,-,-,-,-,-,0,0,0,0,4540,4560,-,-
TXO,202609F2,20260911.0,50900.0,Call,-,-,-,-,-,-,-,0,0,0,4,-,-,15,1.4
TXO,202609F2,20260911.0,50900.0,Put,-,-,-,-,-,-,-,0,0,0,0,4640,4660,-,-
TXO,202609F2,20260911.0,51000.0,Call,-,-,-,-,-,-,-,0,0,0,1,-,-,16.5,3.9
TXO,202609F2,20260911.0,51000.0,Put,-,-,-,-,-,-,-,0,0,0,0,4740,4760,-,-
TXO,202609F2,20260911.0,51100.0,Call,-,-,-,-,-,-,-,0,0,0,3,-,-,5,1.2
TXO,202609F2,20260911.0,51100.0,Put,-,-,-,-,-,-,-,0,0,0,0,4840,4860,-,-
TXO,202609F2,20260911.0,51200.0,Call,-,-,-,-,-,-,-,0,0,0,0,-,-,-,-
TXO,202609F2,20260911.0,51200.0,Put,-,-,-,-,-,-,-,0,0,0,0,4940,4960,-,-
TXO,202609F2,20260911.0,51300.0,Call,-,-,-,-,-,-,-,0,0,0,1,-,-,2,2
TXO,202609F2,20260911.0,51300.0,Put,-,-,-,-,-,-,-,0,0,0,0,5040,5060,-,-
TXO,202609F2,20260911.0,51400.0,Call,-,-,-,-,-,-,-,0,0,0,1,-,-,3.5,3.5
TXO,202609F2,20260911.0,51400.0,Put,-,-,-,-,-,-,-,0,0,0,0,5140,5160,-,-
TXO,202609F2,20260911.0,51500.0,Call,-,-,-,-,-,-,-,0,0,0,2,-,25,8.4,2
TXO,202609F2,20260911.0,51500.0,Put,-,-,-,-,-,-,-,0,0,0,0,5240,5260,-,-
TXO,202609F2,20260911.0,51600.0,Call,-,-,-,-,-,-,-,0,0,0,0,-,-,-,-
TXO,202609F2,20260911.0,51600.0,Put,-,-,-,-,-,-,-,0,0,0,0,5340,5360,-,-
TXO,202609F2,20260911.0,51700.0,Call,-,-,-,-,-,-,-,5,0,5,51,-,-,6.6,0.2
TXO,202609F2,20260911.0,51700.0,Put,-,-,-,-,-,-,-,0,0,0,0,5440,5460,-,-
TXO,202609F2,20260911.0,51800.0,Call,-,-,-,-,-,-,-,0,0,0,0,-,-,-,-
TXO,202609F2,20260911.0,51800.0,Put,-,-,-,-,-,-,-,0,0,0,0,5540,5560,-,-
TXO,202609F2,20260911.0,51900.0,Call,-,-,-,-,-,-,-,0,0,0,0,-,-,-,-
TXO,202609F2,20260911.0,51900.0,Put,-,-,-,-,-,-,-,0,0,0,0,5640,5660,-,-
TXO,202609F2,20260911.0,52000.0,Call,-,-,-,-,-,-,-,0,0,0,1,-,28.5,0.2,0.2
TXO,202609F2,20260911.0,52000.0,Put,-,-,-,-,-,-,-,0,0,0,0,5740,5760,-,-
TXO,202609F2,20260911.0,52100.0,Call,-,-,-,-,-,-,-,5,0,5,1,-,31,1.8,0.2
TXO,202609F2,20260911.0,52100.0,Put,-,-,-,-,-,-,-,0,0,0,0,5840,5860,-,-
TXO,202609,20260916.0,21800.0,Call,-,-,-,-,24410,-,-,0,0,0,4,24230,24510,25330,12370
TXO,202609,20260916.0,21800.0,Put,0.6,0.7,0.3,0.3,0.1,▲+0.2,-,4,7,11,1789,0.1,0.4,650,0.1
TXO,202609,20260916.0,22000.0,Call,-,-,-,-,24210,-,-,0,0,0,6,24040,24320,23430,5990
TXO,202609,20260916.0,22000.0,Put,-,-,-,-,0.1,-,-,0,0,0,321,-,101,565,0.3
TXO,202609,20260916.0,22200.0,Call,-,-,-,-,24010,-,-,0,0,0,0,-,-,-,-
TXO,202609,20260916.0,22200.0,Put,-,-,-,-,0.1,-,-,0,0,0,256,-,565,580,0.3
TXO,202609,20260916.0,22400.0,Call,-,-,-,-,23810,-,-,0,0,0,0,23740,23840,-,-
TXO,202609,20260916.0,22400.0,Put,-,-,-,-,0.1,-,-,0,0,0,253,-,28,605,0.3
TXO,202609,20260916.0,22600.0,Call,-,-,-,-,23610,-,-,0,0,0,0,23540,23640,-,-
TXO,202609,20260916.0,22600.0,Put,-,-,-,-,0.1,-,-,5,0,5,311,-,89,650,0.3
TXO,202609,20260916.0,22800.0,Call,-,-,-,-,23410,-,-,0,0,0,0,-,23440,-,-
TXO,202609,20260916.0,22800.0,Put,-,-,-,-,0.1,-,-,0,0,0,83,-,101,675,0.3
TXO,202609,20260916.0,23000.0,Call,-,-,-,-,23210,-,-,0,0,0,0,-,23240,-,-
TXO,202609,20260916.0,23000.0,Put,-,-,-,-,0.1,-,-,0,0,0,144,-,9.9,700,0.3
TXO,202609,20260916.0,23200.0,Call,-,-,-,-,23010,-,-,0,0,0,0,22950,-,-,-
TXO,202609,20260916.0,23200.0,Put,-,-,-,-,0.1,-,-,0,0,0,242,-,565,730,0.3
TXO,202609,20260916.0,23400.0,Call,-,-,-,-,22810,-,-,0,0,0,0,22750,22840,-,-
TXO,202609,20260916.0,23400.0,Put,-,-,-,-,0.1,-,-,0,0,0,11,-,565,700,2.5
TXO,202609,20260916.0,23600.0,Call,-,-,-,-,22610,-,-,0,0,0,0,22550,22640,-,-
TXO,202609,20260916.0,23600.0,Put,-,-,-,-,0.1,-,-,0,0,0,11,-,101,700,0.5
TXO,202609,20260916.0,23800.0,Call,-,-,-,-,22410,-,-,0,0,0,0,22350,-,-,-
TXO,202609,20260916.0,23800.0,Put,-,-,-,-,0.1,-,-,0,0,0,14,-,565,520,0.5
TXO,202609,20260916.0,24000.0,Call,-,-,-,-,22210,-,-,0,0,0,0,22150,22240,-,-
TXO,202609,20260916.0,24000.0,Put,-,-,-,-,0.1,-,-,0,0,0,108,-,1,665,0.3
TXO,202609,20260916.0,24200.0,Call,-,-,-,-,22010,-,-,0,0,0,0,21960,-,-,-
TXO,202609,20260916.0,24200.0,Put,-,-,-,-,0.1,-,-,0,0,0,82,-,565,1000,0.6
TXO,202609,20260916.0,24400.0,Call,-,-,-,-,21810,-,-,0,0,0,0,21760,21840,-,-
TXO,202609,20260916.0,24400.0,Put,-,-,-,-,0.1,-,-,0,0,0,112,-,565,1010,0.5
TXO,202609,20260916.0,24600.0,Call,-,-,-,-,21610,-,-,0,0,0,0,21550,21640,-,-
TXO,202609,20260916.0,24600.0,Put,-,-,-,-,0.1,-,-,0,0,0,52,-,565,1020,0.6
TXO,202609,20260916.0,24800.0,Call,-,-,-,-,21410,-,-,0,0,0,0,21360,-,-,-
TXO,202609,20260916.0,24800.0,Put,-,-,-,-,0.1,-,-,0,0,0,85,-,565,1100,0.6
TXO,202609,20260916.0,25000.0,Call,-,-,-,-,21210,-,-,0,0,0,0,21150,21240,-,-
TXO,202609,20260916.0,25000.0,Put,-,-,-,-,0.1,-,-,0,0,0,118,-,66,1050,0.3
TXO,202609,20260916.0,25200.0,Call,-,-,-,-,21010,-,-,0,0,0,0,20950,-,-,-
TXO,202609,20260916.0,25200.0,Put,-,-,-,-,0.1,-,-,0,0,0,29,-,13,1200,0.5
TXO,202609,20260916.0,25400.0,Call,-,-,-,-,20810,-,-,0,0,0,0,-,-,-,-
TXO,202609,20260916.0,25400.0,Put,-,-,-,-,0.1,-,-,0,0,0,43,-,565,1250,0.3
TXO,202609,20260916.0,25600.0,Call,-,-,-,-,20610,-,-,0,0,0,0,-,20640,-,-
TXO,202609,20260916.0,25600.0,Put,-,-,-,-,0.1,-,-,0,0,0,23,-,499,1210,0.3
TXO,202609,20260916.0,25800.0,Call,20040,20040,20040,20040,20410,▼-1010,▼-4.80%,0,1,1,164,20080,20480,20840,14370
TXO,202609,20260916.0,25800.0,Put,-,-,-,-,0.1,-,-,0,0,0,33,-,101,1270,0.3
TXO,202609,20260916.0,26000.0,Call,-,-,-,-,20210,-,-,0,0,0,0,-,-,-,-
TXO,202609,20260916.0,26000.0,Put,-,-,-,-,0.1,-,-,0,0,0,104,-,4,1090,0.3
TXO,202609,20260916.0,26200.0,Call,-,-,-,-,20010,-,-,0,0,0,0,19960,20040,-,-
TXO,202609,20260916.0,26200.0,Put,-,-,-,-,0.1,-,-,0,0,0,23,-,565,1420,0.6
TXO,202609,20260916.0,26400.0,Call,-,-,-,-,19810,-,-,0,0,0,0,19760,19840,13900,5820
TXO,202609,20260916.0,26400.0,Put,-,-,-,-,0.1,-,-,0,0,0,15,-,565,1180,0.5
TXO,202609,20260916.0,26600.0,Call,-,-,-,-,19610,-,-,0,0,0,0,19560,-,-,-
TXO,202609,20260916.0,26600.0,Put,0.2,0.2,0.2,0.2,0.1,▼-0.2,▼-50.00%,0,1,1,24,-,101,1000,0.2
TXO,202609,20260916.0,26800.0,Call,-,-,-,-,19410,-,-,0,0,0,25,18700,19680,18950,5510
TXO,202609,20260916.0,26800.0,Put,0.3,0.3,0.3,0.3,0.1,▼-0.1,▼-25.00%,0,6,6,31,-,565,1130,0.3
TXO,202609,20260916.0,27000.0,Call,-,-,-,-,19210,-,-,0,0,0,3,18500,19480,20110,6220
TXO,202609,20260916.0,27000.0,Put,0.5,0.5,0.1,0.1,0.1,▼-0.3,▼-75.00%,7,9,16,16,-,565,1750,0.1
TXO,202609,20260916.0,27200.0,Call,-,-,-,-,19010,-,-,0,0,0,0,18960,-,-,-
TXO,202609,20260916.0,27200.0,Put,0.4,0.4,0.4,0.4,0.1,▼-0.1,▼-20.00%,0,1,1,6,-,450,750,0.4
TXO,202609,20260916.0,27400.0,Call,-,-,-,-,18810,-,-,0,0,0,2,18640,19600,5890,2380
TXO,202609,20260916.0,27400.0,Put,0.5,0.5,0.4,0.4,0.1,▼-0.1,▼-20.00%,0,2,2,11,-,20,1270,0.4
TXO,202609,20260916.0,27600.0,Call,-,-,-,-,18610,-,-,0,0,0,2,17900,18850,10800,2020
TXO,202609,20260916.0,27600.0,Put,-,-,-,-,0.1,-,-,0,0,0,11,-,101,1120,0.6
TXO,202609,20260916.0,27800.0,Call,-,-,-,-,18410,-,-,0,0,0,7,18310,18480,19160,16360
TXO,202609,20260916.0,27800.0,Put,-,-,-,-,0.1,-,-,0,0,0,27,-,101,1460,3.1
TXO,202609,20260916.0,28000.0,Call,-,-,-,-,18210,-,-,0,0,0,1,18170,18250,7880,1910
TXO,202609,20260916.0,28000.0,Put,0.3,0.3,0.3,0.3,0.2,▼-0.2,▼-40.00%,0,3,3,62,-,1,2180,0.3
TXO,202609,20260916.0,28200.0,Call,-,-,-,-,18010,-,-,0,0,0,2,17690,18250,5250,1730
TXO,202609,20260916.0,28200.0,Put,-,-,-,-,0.2,-,-,0,0,0,7,-,450,1180,1.9
TXO,202609,20260916.0,28400.0,Call,-,-,-,-,17810,-,-,0,0,0,21,17650,17850,15910,1630
TXO,202609,20260916.0,28400.0,Put,-,-,-,-,0.2,-,-,0,0,0,18,0.1,0.3,1550,4
TXO,202609,20260916.0,28600.0,Call,-,-,-,-,17610,-,-,0,0,0,0,17570,17640,-,-
TXO,202609,20260916.0,28600.0,Put,-,-,-,-,0.2,-,-,0,0,0,19,0.1,0.3,1250,4.1
TXO,202609,20260916.0,28800.0,Call,-,-,-,-,17410,-,-,0,0,0,0,17360,-,5200,3230
TXO,202609,20260916.0,28800.0,Put,-,-,-,-,0.2,-,-,0,0,0,26,-,101,775,2.5
TXO,202609,20260916.0,29000.0,Call,-,-,-,-,17210,-,-,0,0,0,2,17040,18000,4570,4570
TXO,202609,20260916.0,29000.0,Put,0.4,0.4,0.3,0.3,0.2,▼-0.3,▼-50.00%,0,8,8,48,0.1,0.3,1920,0.3
TXO,202609,20260916.0,29200.0,Call,-,-,-,-,17010,-,-,0,0,0,4,16840,17280,6310,1310
TXO,202609,20260916.0,29200.0,Put,0.3,0.3,0.3,0.3,0.2,▼-0.4,▼-57.14%,0,2,2,19,-,565,1320,0.3
TXO,202609,20260916.0,29400.0,Call,-,-,-,-,16810,-,-,0,0,0,1,16770,16860,6990,1290
TXO,202609,20260916.0,29400.0,Put,-,-,-,-,0.2,-,-,0,0,0,53,0.1,0.3,2010,2
TXO,202609,20260916.0,29600.0,Call,-,-,-,-,16610,-,-,0,0,0,2,16450,17360,5690,1370
TXO,202609,20260916.0,29600.0,Put,-,-,-,-,0.2,-,-,0,0,0,27,-,565,1780,1.2
TXO,202609,20260916.0,29800.0,Call,-,-,-,-,16410,-,-,1,0,1,4,16270,16680,16280,1210
TXO,202609,20260916.0,29800.0,Put,-,-,-,-,0.3,-,-,0,0,0,23,0.1,0.4,2400,2.2
TXO,202609,20260916.0,30000.0,Call,-,-,-,-,16210,-,-,0,0,0,24,16050,16960,14350,1210
TXO,202609,20260916.0,30000.0,Put,0.6,0.6,0.3,0.3,0.3,▼-0.5,▼-62.50%,0,12,12,794,0.1,6,2400,0.3
TXO,202609,20260916.0,30200.0,Call,-,-,-,-,16010,-,-,0,0,0,4,15870,16800,10020,1320
TXO,202609,20260916.0,30200.0,Put,-,-,-,-,0.3,-,-,0,0,0,10,0.2,0.4,2050,4.6
TXO,202609,20260916.0,30400.0,Call,-,-,-,-,15810,-,-,0,0,0,0,-,-,5390,1430
TXO,202609,20260916.0,30400.0,Put,-,-,-,-,0.3,-,-,0,0,0,37,0.2,0.4,2030,1
TXO,202609,20260916.0,30600.0,Call,-,-,-,-,15610,-,-,0,0,0,6,15440,16400,5520,1000
TXO,202609,20260916.0,30600.0,Put,-,-,-,-,0.3,-,-,0,0,0,8,0.2,0.4,2090,14
TXO,202609,20260916.0,30800.0,Call,-,-,-,-,15410,-,-,0,0,0,7,15090,16200,10110,940
TXO,202609,20260916.0,30800.0,Put,-,-,-,-,0.3,-,-,0,0,0,20,-,565,2200,7
TXO,202609,20260916.0,31000.0,Call,-,-,-,-,15210,-,-,0,0,0,1,15160,15230,15990,1300
TXO,202609,20260916.0,31000.0,Put,0.5,0.5,0.5,0.5,0.3,▼-0.4,▼-44.44%,1,5,6,83,0.2,0.4,2410,0.5
TXO,202609,20260916.0,31200.0,Call,-,-,-,-,15010,-,-,0,0,0,0,14960,15030,5680,2350
TXO,202609,20260916.0,31200.0,Put,-,-,-,-,0.3,-,-,0,0,0,33,0.2,0.4,4320,1
TXO,202609,20260916.0,31400.0,Call,-,-,-,-,14810,-,-,0,0,0,1,14770,14850,14330,1430
TXO,202609,20260916.0,31400.0,Put,0.6,0.6,0.6,0.6,0.3,▼-0.3,▼-33.33%,0,1,1,27,0.2,0.4,2750,0.6
TXO,202609,20260916.0,31600.0,Call,-,-,-,-,14610,-,-,0,0,0,0,14560,14630,3970,2920
TXO,202609,20260916.0,31600.0,Put,-,-,-,-,0.4,-,-,0,0,0,51,-,570,2510,0.8
TXO,202609,20260916.0,31800.0,Call,-,-,-,-,14410,-,-,0,0,0,1,14240,14440,14100,1370
TXO,202609,20260916.0,31800.0,Put,-,-,-,-,0.4,-,-,0,0,0,43,0.3,0.5,2990,4.1
TXO,202609,20260916.0,32000.0,Call,-,-,-,-,14210,-,-,0,0,0,21,14070,15000,16670,1310
TXO,202609,20260916.0,32000.0,Put,-,-,-,-,0.4,-,-,1,0,1,99,0.3,0.5,2700,0.7
TXO,202609,20260916.0,32200.0,Call,-,-,-,-,14010,-,-,0,0,0,19,13840,14800,13750,1380
TXO,202609,20260916.0,32200.0,Put,-,-,-,-,0.4,-,-,0,0,0,20,-,570,2670,1.5
TXO,202609,20260916.0,32400.0,Call,-,-,-,-,13810,-,-,0,0,0,0,13770,-,4680,1440
TXO,202609,20260916.0,32400.0,Put,-,-,-,-,0.4,-,-,0,0,0,19,0.3,0.5,2300,3.6
TXO,202609,20260916.0,32600.0,Call,-,-,-,-,13610,-,-,0,0,0,0,13570,13630,9580,1680
TXO,202609,20260916.0,32600.0,Put,0.8,0.8,0.8,0.8,0.5,▼-0.4,▼-33.33%,0,1,1,37,0.4,0.6,2900,0.8
TXO,202609,20260916.0,32800.0,Call,-,-,-,-,13410,-,-,0,0,0,2,13090,14200,8380,1420
TXO,202609,20260916.0,32800.0,Put,0.7,0.7,0.7,0.7,0.5,▼-0.5,▼-41.67%,0,1,1,30,0.4,0.6,3280,0.7
TXO,202609,20260916.0,33000.0,Call,-,-,-,-,13210,-,-,0,0,0,35,12890,13290,12330,399
TXO,202609,20260916.0,33000.0,Put,0.7,0.7,0.7,0.7,0.5,▼-0.6,▼-46.15%,0,1,1,113,0.4,0.6,3000,0.7
TXO,202609,20260916.0,33200.0,Call,-,-,-,-,13010,-,-,0,0,0,4,12300,13110,11640,344
TXO,202609,20260916.0,33200.0,Put,-,-,-,-,0.5,-,-,0,0,0,9,0.4,0.6,2730,1
TXO,202609,20260916.0,33400.0,Call,-,-,-,-,12810,-,-,0,0,0,2,12670,12990,12040,1470
TXO,202609,20260916.0,33400.0,Put,-,-,-,-,0.6,-,-,0,0,0,26,-,30,2780,3.6
TXO,202609,20260916.0,33600.0,Call,-,-,-,-,12610,-,-,0,0,0,1,-,12690,13690,372
TXO,202609,20260916.0,33600.0,Put,-,-,-,-,0.6,-,-,0,0,0,22,0.5,0.7,3860,0.3
TXO,202609,20260916.0,33800.0,Call,-,-,-,-,12410,-,-,0,0,0,1,12370,12430,7340,328
TXO,202609,20260916.0,33800.0,Put,1,1,1,1,0.6,▼-0.5,▼-33.33%,0,1,1,61,0.5,0.7,3000,1
TXO,202609,20260916.0,33900.0,Call,-,-,-,-,12310,-,-,0,0,0,0,12270,-,-,-
TXO,202609,20260916.0,33900.0,Put,-,-,-,-,0.6,-,-,0,0,0,4,-,570,30.5,1.7
TXO,202609,20260916.0,34000.0,Call,-,-,-,-,12210,-,-,0,0,0,115,11900,12380,12980,325
TXO,202609,20260916.0,34000.0,Put,-,-,-,-,0.7,-,-,1,0,1,153,0.6,0.8,3990,1.5
TXO,202609,20260916.0,34100.0,Call,-,-,-,-,12110,-,-,0,0,0,0,-,-,-,-
TXO,202609,20260916.0,34100.0,Put,-,-,-,-,0.7,-,-,0,0,0,2,0.6,0.8,410,8.4
TXO,202609,20260916.0,34200.0,Call,-,-,-,-,12010,-,-,0,0,0,1,11970,12030,9340,299
TXO,202609,20260916.0,34200.0,Put,-,-,-,-,0.7,-,-,0,0,0,20,-,570,1130,2
TXO,202609,20260916.0,34300.0,Call,-,-,-,-,11910,-,-,0,0,0,0,-,11930,-,-
TXO,202609,20260916.0,34300.0,Put,-,-,-,-,0.7,-,-,0,0,0,7,-,570,112,1
TXO,202609,20260916.0,34400.0,Call,-,-,-,-,11810,-,-,0,0,0,0,11770,-,6600,305
TXO,202609,20260916.0,34400.0,Put,1.3,1.3,1.3,1.3,0.7,▼-0.4,▼-23.53%,0,1,1,10,-,570,3660,1.3
TXO,202609,20260916.0,34500.0,Call,-,-,-,-,11710,-,-,0,0,0,0,-,11730,-,-
TXO,202609,20260916.0,34500.0,Put,1.2,1.2,1.2,1.2,0.8,▼-0.6,▼-33.33%,0,1,1,9,0.7,0.9,199,1.2
TXO,202609,20260916.0,34600.0,Call,-,-,-,-,11610,-,-,0,0,0,3,10910,11880,11000,306
TXO,202609,20260916.0,34600.0,Put,-,-,-,-,0.8,-,-,0,0,0,7,-,103,4530,10
TXO,202609,20260916.0,34700.0,Call,-,-,-,-,11510,-,-,0,0,0,0,11470,11530,-,-
TXO,202609,20260916.0,34700.0,Put,1.3,1.3,1.3,1.3,0.8,▼-0.6,▼-31.58%,0,1,1,1,0.7,0.9,31.5,1.3
TXO,202609,20260916.0,34800.0,Call,-,-,-,-,11410,-,-,0,0,0,3,11230,11570,3130,370
TXO,202609,20260916.0,34800.0,Put,1.5,1.5,1.5,1.5,0.8,▼-0.4,▼-21.05%,0,1,1,24,0.7,0.9,3320,1.5
TXO,202609,20260916.0,34900.0,Call,-,-,-,-,11310,-,-,0,0,0,0,-,11330,-,-
TXO,202609,20260916.0,34900.0,Put,-,-,-,-,0.8,-,-,0,0,0,4,0.7,0.9,50,1.8
TXO,202609,20260916.0,35000.0,Call,-,-,-,-,11210,-,-,0,0,0,6,10890,11290,14340,510
TXO,202609,20260916.0,35000.0,Put,1.3,1.3,1.3,1.3,0.9,▼-0.6,▼-31.58%,3,2,5,406,-,14,3320,0.4
TXO,202609,20260916.0,35100.0,Call,-,-,-,-,11110,-,-,0,0,0,0,-,11130,-,-
TXO,202609,20260916.0,35100.0,Put,-,-,-,-,0.9,-,-,0,0,0,11,0.8,1,47,11.5
TXO,202609,20260916.0,35200.0,Call,-,-,-,-,11010,-,-,0,0,0,1,10970,11110,9760,850
TXO,202609,20260916.0,35200.0,Put,-,-,-,-,0.9,-,-,0,0,0,42,0.8,1,1150,2.8
TXO,202609,20260916.0,35300.0,Call,-,-,-,-,10910,-,-,0,0,0,0,10870,10930,-,-
TXO,202609,20260916.0,35300.0,Put,-,-,-,-,1,-,-,0,0,0,23,0.8,1.1,143,3
TXO,202609,20260916.0,35400.0,Call,-,-,-,-,10810,-,-,0,0,0,0,10770,10830,8330,373
TXO,202609,20260916.0,35400.0,Put,-,-,-,-,1,-,-,0,0,0,14,0.9,1.1,3430,3
TXO,202609,20260916.0,35500.0,Call,-,-,-,-,10710,-,-,0,0,0,0,10670,-,-,-
TXO,202609,20260916.0,35500.0,Put,-,-,-,-,1,-,-,3,0,3,45,0.9,1.1,499,2.5
TXO,202609,20260916.0,35600.0,Call,-,-,-,-,10610,-,-,0,0,0,0,-,10630,7680,1220
TXO,202609,20260916.0,35600.0,Put,-,-,-,-,1.1,-,-,0,0,0,13,0.9,1.2,4020,2.3
TXO,202609,20260916.0,35700.0,Call,-,-,-,-,10510,-,-,0,0,0,0,-,10530,-,-
TXO,202609,20260916.0,35700.0,Put,-,-,-,-,1.1,-,-,1,0,1,1,1,1.2,165,3
TXO,202609,20260916.0,35800.0,Call,-,-,-,-,10410,-,-,0,0,0,3,10090,10480,5820,450
TXO,202609,20260916.0,35800.0,Put,1.5,1.5,1.5,1.5,1.1,▼-0.9,▼-37.50%,0,1,1,22,1,1.2,2000,1.5
TXO,202609,20260916.0,35900.0,Call,-,-,-,-,10310,-,-,0,0,0,0,-,10330,-,-
TXO,202609,20260916.0,35900.0,Put,-,-,-,-,1.2,-,-,0,0,0,29,1,1.3,348,2.4
TXO,202609,20260916.0,36000.0,Call,-,-,-,-,10210,-,-,0,0,0,41,9890,10280,11770,595
TXO,202609,20260916.0,36000.0,Put,2,2,1.4,1.9,1.2,▼-0.6,▼-24.00%,80,19,99,899,1.1,1.3,4200,1.4
TXO,202609,20260916.0,36100.0,Call,-,-,-,-,10110,-,-,0,0,0,0,10080,10130,-,-
TXO,202609,20260916.0,36100.0,Put,1.7,1.7,1.7,1.7,1.2,▼-0.8,▼-32.00%,2,2,4,17,1.1,1.3,685,1.7
TXO,202609,20260916.0,36200.0,Call,-,-,-,-,10010,-,-,0,0,0,0,-,-,8750,282
TXO,202609,20260916.0,36200.0,Put,-,-,-,-,1.3,-,-,1,0,1,12,1.1,1.4,1400,2.8
TXO,202609,20260916.0,36300.0,Call,-,-,-,-,9910,-,-,0,0,0,0,9880,9930,-,-
TXO,202609,20260916.0,36300.0,Put,-,-,-,-,1.3,-,-,1,0,1,19,1.2,1.4,990,2.9
TXO,202609,20260916.0,36400.0,Call,-,-,-,-,9810,-,-,0,0,0,0,-,9830,7540,499
TXO,202609,20260916.0,36400.0,Put,-,-,-,-,1.4,-,-,1,0,1,7,0.2,570,4830,2.9
TXO,202609,20260916.0,36500.0,Call,-,-,-,-,9710,-,-,0,0,0,0,9680,-,-,-
TXO,202609,20260916.0,36500.0,Put,2.2,2.2,1.6,1.6,1.5,▼-1.2,▼-42.86%,0,3,3,58,1.3,1.6,880,1.6
TXO,202609,20260916.0,36600.0,Call,-,-,-,-,9610,-,-,0,0,0,0,9580,9630,7400,480
TXO,202609,20260916.0,36600.0,Put,2.3,2.3,1.5,1.5,1.5,▼-1.3,▼-46.43%,0,2,2,31,1.3,1.6,1860,1.5
TXO,202609,20260916.0,36700.0,Call,-,-,-,-,9510,-,-,0,0,0,0,9480,-,-,-
TXO,202609,20260916.0,36700.0,Put,-,-,-,-,1.6,-,-,2,0,2,14,1.4,1.7,488,3.1
TXO,202609,20260916.0,36800.0,Call,-,-,-,-,9410,-,-,0,0,0,19,9240,9660,2830,310
TXO,202609,20260916.0,36800.0,Put,-,-,-,-,1.6,-,-,1,0,1,29,0.3,570,4910,3.3
TXO,202609,20260916.0,36900.0,Call,-,-,-,-,9310,-,-,0,0,0,0,-,9330,-,-
TXO,202609,20260916.0,36900.0,Put,2,2,2,2,1.7,▼-1.2,▼-37.50%,4,3,7,15,1.5,1.8,1240,2
TXO,202609,20260916.0,37000.0,Call,-,-,-,-,9210,-,-,0,0,0,29,8510,9500,9270,540
TXO,202609,20260916.0,37000.0,Put,2.5,2.5,2,2,1.7,▼-1.2,▼-37.50%,4,4,8,308,0.5,100,2520,2
TXO,202609,20260916.0,37100.0,Call,-,-,-,-,9110,-,-,0,0,0,0,9080,-,-,-
TXO,202609,20260916.0,37100.0,Put,-,-,-,-,1.8,-,-,4,0,4,19,1.6,1.9,400,3.5
TXO,202609,20260916.0,37200.0,Call,-,-,-,-,9010,-,-,0,0,0,5,8310,9260,10420,375
TXO,202609,20260916.0,37200.0,Put,2.6,2.8,1.9,2.3,1.8,▼-1.1,▼-32.35%,0,261,261,203,0.6,570,2390,1.2
TXO,202609,20260916.0,37300.0,Call,-,-,-,-,8910,-,-,0,0,0,0,8880,8930,-,-
TXO,202609,20260916.0,37300.0,Put,2.4,2.4,1.9,1.9,1.9,▼-1.5,▼-44.12%,0,5,5,19,1.7,2,720,1.9
TXO,202609,20260916.0,37400.0,Call,-,-,-,-,8810,-,-,0,0,0,1,8790,8840,1370,456
TXO,202609,20260916.0,37400.0,Put,3,3,2.1,2.1,1.9,▼-1.4,▼-40.00%,0,12,12,28,1.9,2,2530,2.1
TXO,202609,20260916.0,37500.0,Call,-,-,-,-,8710,-,-,0,0,0,0,8680,-,-,-
TXO,202609,20260916.0,37500.0,Put,2.1,2.1,2.1,2.1,2.1,▼-1.5,▼-41.67%,0,7,7,39,0.7,451,1110,2.1
TXO,202609,20260916.0,37600.0,Call,-,-,-,-,8610,-,-,0,0,0,0,8580,8630,5920,430
TXO,202609,20260916.0,37600.0,Put,2.8,2.8,2.8,2.8,2.1,▼-0.9,▼-24.32%,3,9,12,38,1.9,2.2,2660,2.8
TXO,202609,20260916.0,37700.0,Call,-,-,-,-,8510,-,-,0,0,0,0,-,-,-,-
TXO,202609,20260916.0,37700.0,Put,-,-,-,-,2.2,-,-,0,0,0,29,2,2.3,1080,4
TXO,202609,20260916.0,37800.0,Call,-,-,-,-,8410,-,-,0,0,0,2,8250,8660,3680,390
TXO,202609,20260916.0,37800.0,Put,-,-,-,-,2.2,-,-,0,0,0,37,2,2.3,1110,4.2
TXO,202609,20260916.0,37900.0,Call,-,-,-,-,8310,-,-,0,0,0,0,-,8330,-,-
TXO,202609,20260916.0,37900.0,Put,-,-,-,-,2.3,-,-,1,0,1,44,-,106,580,3
TXO,202609,20260916.0,38000.0,Call,-,-,-,-,8210,-,-,0,0,0,17,7510,8990,9000,350
TXO,202609,20260916.0,38000.0,Put,3.7,3.7,2.8,3.2,2.3,▼-0.8,▼-20.00%,13,49,62,450,2,2.4,6640,2.8
TXO,202609,20260916.0,38100.0,Call,-,-,-,-,8110,-,-,0,0,0,0,8080,-,-,-
TXO,202609,20260916.0,38100.0,Put,-,-,-,-,2.5,-,-,1,0,1,17,2.3,2.7,1680,4
TXO,202609,20260916.0,38200.0,Call,-,-,-,-,8010,-,-,0,0,0,0,-,-,1030,370
TXO,202609,20260916.0,38200.0,Put,-,-,-,-,2.6,-,-,0,0,0,30,2.4,2.8,2770,4.2
TXO,202609,20260916.0,38300.0,Call,-,-,-,-,7910,-,-,0,0,0,0,-,7930,-,-
TXO,202609,20260916.0,38300.0,Put,-,-,-,-,2.6,-,-,1,0,1,38,2.4,2.8,1740,3.9
TXO,202609,20260916.0,38400.0,Call,-,-,-,-,7810,-,-,0,0,0,0,7790,7830,6200,340
TXO,202609,20260916.0,38400.0,Put,6,6,3.5,3.5,2.7,▼-0.9,▼-20.45%,0,2,2,23,0.5,107,2080,3.5
TXO,202609,20260916.0,38500.0,Call,-,-,-,-,7710,-,-,1,0,1,0,-,7730,7900,6410
TXO,202609,20260916.0,38500.0,Put,5.6,5.6,3,3,2.8,▼-1.5,▼-33.33%,9,7,16,97,-,4.4,1500,3
TXO,202609,20260916.0,38600.0,Call,7500,7500,7500,7500,7610,▼-750,▼-9.09%,0,2,2,0,7300,8390,7500,371
TXO,202609,20260916.0,38600.0,Put,4,4,3.3,3.3,2.9,▼-1.3,▼-28.26%,0,2,2,17,2.7,3.1,2850,3.3
TXO,202609,20260916.0,38700.0,Call,-,-,-,-,7510,-,-,0,0,0,0,-,7530,-,-
TXO,202609,20260916.0,38700.0,Put,5.5,5.5,3.9,3.9,3,▼-0.8,▼-17.02%,0,2,2,13,2.7,3.2,950,3.9
TXO,202609,20260916.0,38800.0,Call,-,-,-,-,7410,-,-,0,0,0,20,7250,8190,10410,270
TXO,202609,20260916.0,38800.0,Put,5.5,5.5,3.5,3.5,3.1,▼-1.3,▼-27.08%,1,3,4,13,2.9,3.3,2100,3.5
TXO,202609,20260916.0,38900.0,Call,-,-,-,-,7310,-,-,0,0,0,0,-,-,-,-
TXO,202609,20260916.0,38900.0,Put,-,-,-,-,3.2,-,-,12,0,12,177,2.9,3.4,1990,5.5
TXO,202609,20260916.0,39000.0,Call,-,-,-,-,7210,-,-,0,0,0,50,6890,7290,8810,273
TXO,202609,20260916.0,39000.0,Put,7.8,7.8,3,3,3.3,▼-2,▼-40.00%,19,9,28,741,3,5,2820,3
TXO,202609,20260916.0,39100.0,Call,-,-,-,-,7110,-,-,0,0,0,1,6980,7140,3840,3840
TXO,202609,20260916.0,39100.0,Put,5,5,3.3,3.3,3.3,▼-1.7,▼-34.00%,0,11,11,48,3.2,3.6,2100,3.3
TXO,202609,20260916.0,39200.0,Call,-,-,-,-,7010,-,-,0,0,0,1,-,7040,6340,249
TXO,202609,20260916.0,39200.0,Put,4.5,5,4.5,5,3.6,▼-0.1,▼-1.96%,0,3,3,41,0.3,5,2750,4.5
TXO,202609,20260916.0,39300.0,Call,-,-,-,-,6910,-,-,1,0,1,1,6750,6940,7100,2740
TXO,202609,20260916.0,39300.0,Put,4.5,5,3.8,3.8,3.8,▼-1.3,▼-25.49%,9,12,21,49,0.5,105,1930,3.8
TXO,202609,20260916.0,39400.0,Call,-,-,-,-,6810,-,-,0,0,0,6,6490,7090,8270,223
TXO,202609,20260916.0,39400.0,Put,4.7,4.7,4,4,3.8,▼-1.1,▼-21.57%,0,5,5,46,1,451,2390,4
TXO,202609,20260916.0,39500.0,Call,-,-,-,-,6710,-,-,0,0,0,0,6690,6730,3220,3150
TXO,202609,20260916.0,39500.0,Put,6.7,6.7,3.8,3.8,3.8,▼-1.6,▼-29.63%,2,26,28,102,0.5,105,1320,3.8
TXO,202609,20260916.0,39600.0,Call,-,-,-,-,6610,-,-,0,0,0,2,6450,6890,5910,394
TXO,202609,20260916.0,39600.0,Put,5.1,5.1,3.9,3.9,3.9,▼-1.9,▼-32.76%,0,57,57,96,0.9,105,2870,3.9
TXO,202609,20260916.0,39700.0,Call,-,-,-,-,6510,-,-,0,0,0,23,6200,6600,6150,2400
TXO,202609,20260916.0,39700.0,Put,4.3,4.3,4,4,4,▼-1.9,▼-32.20%,0,45,45,71,4,4.4,1330,4
TXO,202609,20260916.0,39800.0,Call,-,-,-,-,6410,-,-,0,0,0,0,-,6430,6170,417
TXO,202609,20260916.0,39800.0,Put,8.7,8.7,4.4,4.4,4.4,▼-1.6,▼-26.67%,2,64,66,96,4.1,4.5,2020,4.4
TXO,202609,20260916.0,39900.0,Call,-,-,-,-,6310,-,-,0,0,0,5,5990,6400,4450,2550
TXO,202609,20260916.0,39900.0,Put,5.9,5.9,4.4,4.4,4.4,▼-1.8,▼-29.03%,5,16,21,123,4.1,4.6,2270,4.4
TXO,202609,20260916.0,40000.0,Call,-,-,-,-,6210,-,-,1,0,1,67,5900,6300,8030,380
TXO,202609,20260916.0,40000.0,Put,14,14,4.6,4.6,4.6,▼-1.7,▼-26.98%,145,184,329,1892,3,4.8,3040,0.4
TXO,202609,20260916.0,40100.0,Call,-,-,-,-,6110,-,-,0,0,0,0,6090,6130,6430,2480
TXO,202609,20260916.0,40100.0,Put,5.8,6.2,5.2,5.2,4.7,▼-1.4,▼-21.21%,2,6,8,42,1,49.5,2350,0.2
TXO,202609,20260916.0,40200.0,Call,-,-,-,-,6010,-,-,0,0,0,4,5700,6100,7670,250
TXO,202609,20260916.0,40200.0,Put,-,-,-,-,4.8,-,-,1,0,1,16,4.6,5,2310,7.4
TXO,202609,20260916.0,40300.0,Call,-,-,-,-,5910,-,-,0,0,0,0,5890,5930,5090,2720
TXO,202609,20260916.0,40300.0,Put,8.8,8.8,6.7,6.7,4.9,▼-0.2,▼-2.90%,6,3,9,41,4.8,5.2,2430,6.7
TXO,202609,20260916.0,40400.0,Call,-,-,-,-,5810,-,-,0,0,0,8,5680,6590,4590,388
TXO,202609,20260916.0,40400.0,Put,7,7,5,5,5,▼-2,▼-28.57%,5,82,87,162,0.8,5.2,3260,5
TXO,202609,20260916.0,40500.0,Call,-,-,-,-,5720,-,-,0,0,0,1,-,5740,6650,2260
TXO,202609,20260916.0,40500.0,Put,11,11,6.5,7.1,5.3,▼-0.1,▼-1.39%,19,17,36,126,5.1,5.5,2460,6.5
TXO,202609,20260916.0,40600.0,Call,-,-,-,-,5620,-,-,0,0,0,3,4910,5700,6500,345
TXO,202609,20260916.0,40600.0,Put,6.9,6.9,5.6,5.6,5.6,▼-1.9,▼-25.33%,2,2,4,53,3.9,20,4360,5.6
TXO,202609,20260916.0,40700.0,Call,-,-,-,-,5520,-,-,0,0,0,18,5440,5590,5710,2330
TXO,202609,20260916.0,40700.0,Put,6,6,6,6,5.7,▼-1.6,▼-21.05%,3,3,6,375,1.1,10,2520,6
TXO,202609,20260916.0,40800.0,Call,-,-,-,-,5420,-,-,0,0,0,7,5260,5670,6870,530
TXO,202609,20260916.0,40800.0,Put,7.3,7.3,6.5,6.5,5.8,▼-1.4,▼-17.72%,0,4,4,107,0.3,113,4480,6.5
TXO,202609,20260916.0,40900.0,Call,-,-,-,-,5320,-,-,0,0,0,0,5300,-,4500,3090
TXO,202609,20260916.0,40900.0,Put,8.1,8.1,5.9,6.3,6,▼-1.6,▼-20.25%,1,3,4,50,5.8,6.2,2000,5.9
TXO,202609,20260916.0,41000.0,Call,-,-,-,-,5220,-,-,0,0,0,10,4900,5300,7580,320
TXO,202609,20260916.0,41000.0,Put,9,12.5,6.1,6.1,6.1,▼-2.2,▼-26.51%,34,75,109,601,5.7,6.3,4640,6.1
TXO,202609,20260916.0,41100.0,Call,-,-,-,-,5120,-,-,0,0,0,5,4950,5300,5260,2720
TXO,202609,20260916.0,41100.0,Put,9,9,8.2,8.2,6.5,▼-0.6,▼-6.82%,5,11,16,61,0.3,452,3010,8.2
TXO,202609,20260916.0,41200.0,Call,-,-,-,-,5020,-,-,0,0,0,5,4860,5790,4320,2240
TXO,202609,20260916.0,41200.0,Put,9,9,7,7,7,▼-1.8,▼-20.45%,2,7,9,509,6.4,6.9,7750,7
TXO,202609,20260916.0,41300.0,Call,-,-,-,-,4920,-,-,0,0,0,20,4220,5000,4200,1820
TXO,202609,20260916.0,41300.0,Put,8,9.3,7.3,7.3,7.3,▼-2,▼-21.51%,2,15,17,93,6.9,9.2,2980,7.3
TXO,202609,20260916.0,41400.0,Call,-,-,-,-,4820,-,-,0,0,0,2,4650,5590,5680,1820
TXO,202609,20260916.0,41400.0,Put,14.5,14.5,8.2,8.3,7.5,▼-1.2,▼-12.63%,15,12,27,47,7,7.5,3480,8.2
TXO,202609,20260916.0,41500.0,Call,-,-,-,-,4720,-,-,0,0,0,3,4400,5490,4910,1750
TXO,202609,20260916.0,41500.0,Put,15,15,7.2,7.2,7.7,▼-2.7,▼-27.27%,8,88,96,165,7.4,7.9,1680,7.2
TXO,202609,20260916.0,41600.0,Call,-,-,-,-,4620,-,-,0,0,0,5,4460,4800,4470,2070
TXO,202609,20260916.0,41600.0,Put,11,11,6.9,6.9,8,▼-3.6,▼-34.29%,35,11,46,132,7.7,8.3,3420,6.9
TXO,202609,20260916.0,41700.0,Call,-,-,-,-,4520,-,-,0,0,0,2,4360,4700,5020,4120
TXO,202609,20260916.0,41700.0,Put,11.5,11.5,9.5,9.5,8.4,▼-1,▼-9.52%,26,33,59,214,8.1,8.6,3110,9.5
TXO,202609,20260916.0,41800.0,Call,-,-,-,-,4420,-,-,0,0,0,2,4100,4490,4910,264
TXO,202609,20260916.0,41800.0,Put,19,19.5,7.7,8.1,8.7,▼-2.9,▼-26.36%,51,134,185,117,6.6,10,6470,7.7
TXO,202609,20260916.0,41900.0,Call,-,-,-,-,4320,-,-,0,0,0,2,4190,4500,4500,1660
TXO,202609,20260916.0,41900.0,Put,20.5,20.5,10.5,11,9.1,0,0%,19,54,73,152,8.8,9.4,3180,10.5
TXO,202609,20260916.0,42000.0,Call,-,-,-,-,4220,-,-,0,0,0,605,4060,4480,6680,161
TXO,202609,20260916.0,42000.0,Put,24.5,24.5,8.3,10,10,▼-2,▼-16.67%,154,369,523,1882,9.6,9.9,7310,8.3
TXO,202609,20260916.0,42100.0,Call,-,-,-,-,4120,-,-,0,0,0,1,4110,4140,4100,3740
TXO,202609,20260916.0,42100.0,Put,20,20,8.7,10,10,▼-2,▼-16.67%,19,305,324,299,1.9,10.5,2830,8.7
TXO,202609,20260916.0,42200.0,Call,-,-,-,-,4020,-,-,0,0,0,3,3320,4750,4590,269
TXO,202609,20260916.0,42200.0,Put,22,22,8.9,10,10,▼-2.5,▼-20.00%,34,119,153,185,8.9,11,3410,8.9
TXO,202609,20260916.0,42300.0,Call,-,-,-,-,3920,-,-,0,0,0,100,3610,4650,4190,2620
TXO,202609,20260916.0,42300.0,Put,23.5,23.5,9,11.5,11.5,▼-1,▼-8.00%,58,122,180,129,10,11.5,2460,9
TXO,202609,20260916.0,42400.0,Call,-,-,-,-,3820,-,-,0,0,0,1,3810,3840,4400,1180
TXO,202609,20260916.0,42400.0,Put,22,22,12,12,12,▼-1,▼-7.69%,29,128,157,151,10.5,12.5,3470,12
TXO,202609,20260916.0,42500.0,Call,-,-,-,-,3720,-,-,0,0,0,501,3400,3980,4130,1520
TXO,202609,20260916.0,42500.0,Put,24,24,12,13,13,▼-0.5,▼-3.70%,29,624,653,799,5.5,14.5,2580,12
TXO,202609,20260916.0,42600.0,Call,-,-,-,-,3620,-,-,0,0,0,6,3300,4390,6330,101
TXO,202609,20260916.0,42600.0,Put,24,28,11.5,13.5,13.5,▼-1.5,▼-10.00%,77,57,134,203,13.5,14.5,8970,11.5
TXO,202609,20260916.0,42700.0,Call,-,-,-,-,3520,-,-,0,0,0,0,3510,3540,2900,2240
TXO,202609,20260916.0,42700.0,Put,28,28,13.5,14.5,14.5,▼-1,▼-6.45%,15,41,56,234,4.4,24,2400,13.5
TXO,202609,20260916.0,42800.0,Call,-,-,-,-,3430,-,-,0,0,0,402,2970,4190,7760,800
TXO,202609,20260916.0,42800.0,Put,28,28,14,16.5,16.5,0,0%,76,130,206,323,15.5,17,4270,14
TXO,202609,20260916.0,42900.0,Call,-,-,-,-,3330,-,-,0,0,0,2,3010,3430,3810,2360
TXO,202609,20260916.0,42900.0,Put,27.5,27.5,14,15,17,▼-3,▼-16.67%,42,64,106,86,15,18,2980,14
TXO,202609,20260916.0,43000.0,Call,-,-,-,-,3230,-,-,1,0,1,19,3070,3410,7050,580
TXO,202609,20260916.0,43000.0,Put,38,45.5,15,18,18,0,0%,667,1157,1824,2899,17.5,18.5,4540,15
TXO,202609,20260916.0,43100.0,Call,-,-,-,-,3130,-,-,0,0,0,3,2440,3210,3920,2450
TXO,202609,20260916.0,43100.0,Put,36,36,17.5,18.5,18.5,▲+0.5,▲+2.78%,21,175,196,292,19,25,2000,17.5
TXO,202609,20260916.0,43200.0,Call,-,-,-,-,3030,-,-,0,0,0,3,2900,3800,5810,790
TXO,202609,20260916.0,43200.0,Put,39.5,39.5,18,20,20,0,0%,40,133,173,137,2.6,121,3670,18
TXO,202609,20260916.0,43300.0,Call,-,-,-,-,2930,-,-,1,0,1,9,2770,3700,5360,1280
TXO,202609,20260916.0,43300.0,Put,51,51,20.5,23,23,▲+2,▲+9.52%,61,171,232,271,22.5,24.5,1830,20.5
TXO,202609,20260916.0,43400.0,Call,-,-,-,-,2840,-,-,0,0,0,52,2640,3560,4900,750
TXO,202609,20260916.0,43400.0,Put,44.5,44.5,22,25.5,25.5,▲+4,▲+18.60%,35,100,135,196,24,27,3460,21.5
TXO,202609,20260916.0,43500.0,Call,-,-,-,-,2740,-,-,0,0,0,266,2550,3500,3900,1220
TXO,202609,20260916.0,43500.0,Put,51,51,23,27.5,27.5,▲+4,▲+17.02%,410,304,714,1005,18,29.5,3220,22
TXO,202609,20260916.0,43600.0,Call,-,-,-,-,2640,-,-,0,0,0,25,2450,2890,6660,545
TXO,202609,20260916.0,43600.0,Put,56,56,25.5,29.5,29.5,▲+5,▲+20.41%,119,271,390,429,28.5,31.5,4720,24.5
TXO,202609,20260916.0,43700.0,Call,-,-,-,-,2540,-,-,0,0,0,6,2090,3310,3150,985
TXO,202609,20260916.0,43700.0,Put,61,61,28,31.5,31.5,▲+5.5,▲+21.15%,130,212,342,204,31.5,35,2400,26
TXO,202609,20260916.0,43800.0,Call,-,-,-,-,2450,-,-,0,0,0,6,2130,2630,5000,1000
TXO,202609,20260916.0,43800.0,Put,48.5,63,2.5,35.5,35.5,▲+7,▲+24.56%,157,211,368,249,35,37.5,3250,2.5
TXO,202609,20260916.0,43900.0,Call,-,-,-,-,2350,-,-,0,0,0,24,2030,2530,3000,1150
TXO,202609,20260916.0,43900.0,Put,54,68,36,40,40,▲+9,▲+29.03%,246,139,385,461,37.5,41,2230,29.5
TXO,202609,20260916.0,44000.0,Call,2000,2000,2000,2000,2250,▼-880,▼-30.56%,1,1,2,45,1570,2690,6080,331
TXO,202609,20260916.0,44000.0,Put,93,93,39,43,43,▲+9,▲+26.47%,1009,724,1733,1494,40,44,4150,31
TXO,202609,20260916.0,44100.0,Call,-,-,-,-,2160,-,-,0,0,0,6,2080,2260,3020,975
TXO,202609,20260916.0,44100.0,Put,83,86,43.5,47.5,47.5,▲+12.5,▲+35.71%,21,181,202,132,47,50,3780,34
TXO,202609,20260916.0,44200.0,Call,1950,1950,1950,1950,2060,▼-740,▼-27.51%,0,1,1,12,1990,2130,4830,930
TXO,202609,20260916.0,44200.0,Put,94,95,49.5,55,55,▲+17,▲+44.74%,75,169,244,281,52,57,5100,38
TXO,202609,20260916.0,44300.0,Call,-,-,-,-,1970,-,-,0,0,0,33,1840,2730,2850,910
TXO,202609,20260916.0,44300.0,Put,85,105,54,61,61,▲+20,▲+48.78%,50,196,246,207,25,102,3720,39.5
TXO,202609,20260916.0,44400.0,Call,1590,1590,1590,1590,1880,▼-910,▼-36.40%,0,1,1,15,1800,2630,4130,860
TXO,202609,20260916.0,44400.0,Put,107,116,60,68,68,▲+22.5,▲+49.45%,92,230,322,160,64,67,3980,42
TXO,202609,20260916.0,44500.0,Call,1510,1810,1510,1810,1780,▼-590,▼-24.58%,0,2,2,341,1710,1880,5080,945
TXO,202609,20260916.0,44500.0,Put,120,131,68,73,73,▲+24,▲+48.98%,155,665,820,530,71,76,3300,46.5
TXO,202609,20260916.0,44550.0,Call,-,-,-,-,1740,-,-,0,0,0,0,0.2,1750,-,-
TXO,202609,20260916.0,44550.0,Put,100,105,72,80,80,▲+28,▲+53.85%,19,93,112,61,70,560,199,46
TXO,202609,20260916.0,44600.0,Call,1530,1530,1420,1420,1690,▼-890,▼-38.53%,1,3,4,126,1670,1950,4550,337
TXO,202609,20260916.0,44600.0,Put,100,140,79,82,82,▲+27,▲+49.09%,59,237,296,167,81,86,5580,51
TXO,202609,20260916.0,44650.0,Call,-,-,-,-,1650,-,-,0,0,0,0,1640,1660,-,-
TXO,202609,20260916.0,44650.0,Put,137,142,82,88,88,▲+29,▲+49.15%,19,34,53,31,50,570,148,59
TXO,202609,20260916.0,44700.0,Call,1330,1560,1330,1490,1600,▼-720,▼-32.58%,2,451,453,804,1590,1620,2790,835
TXO,202609,20260916.0,44700.0,Put,144,163,88,91,91,▲+31,▲+51.67%,108,233,341,544,82,100,3520,55
TXO,202609,20260916.0,44750.0,Call,-,-,-,-,1560,-,-,0,0,0,0,1540,-,-,-
TXO,202609,20260916.0,44750.0,Put,142,159,92,100,100,▲+39,▲+63.93%,31,64,95,38,38,690,216,57
TXO,202609,20260916.0,44800.0,Call,1430,1430,1310,1320,1510,▼-800,▼-37.74%,2,7,9,84,1500,1530,4950,600
TXO,202609,20260916.0,44800.0,Put,149,189,99,103,103,▲+38,▲+58.46%,69,282,351,334,102,107,3700,62
TXO,202609,20260916.0,44850.0,Call,-,-,-,-,1470,-,-,0,0,0,0,1450,-,-,-
TXO,202609,20260916.0,44850.0,Put,162,174,107,107,107,▲+38,▲+55.07%,26,54,80,51,108,140,312,67
TXO,202609,20260916.0,44900.0,Call,1390,1390,1390,1390,1430,▼-640,▼-31.53%,0,1,1,28,780,1490,2700,750
TXO,202609,20260916.0,44900.0,Put,180,200,112,121,121,▲+48,▲+65.75%,52,141,193,179,115,118,3650,67
TXO,202609,20260916.0,44950.0,Call,1180,1300,1180,1290,1380,▼-690,▼-34.85%,0,3,3,3,0.2,-,1300,1180
TXO,202609,20260916.0,44950.0,Put,177,207,121,123,123,▲+46,▲+59.74%,19,56,75,121,105,180,411,72
TXO,202609,20260916.0,45000.0,Call,1250,1430,1100,1300,1340,▼-650,▼-33.33%,15,500,515,740,1200,1700,5750,550
TXO,202609,20260916.0,45000.0,Put,210,237,126,130,130,▲+50,▲+62.50%,737,1657,2394,1804,128,136,5600,72
TXO,202609,20260916.0,45050.0,Call,-,-,-,-,1300,-,-,0,0,0,0,1290,1310,-,-
TXO,202609,20260916.0,45050.0,Put,182,219,135,135,135,▲+53,▲+64.63%,16,49,65,37,97,210,492,82
TXO,202609,20260916.0,45100.0,Call,1050,1320,950,1320,1260,▼-530,▼-28.65%,5,46,51,37,1240,1350,2450,710
TXO,202609,20260916.0,45100.0,Put,202,227,142,148,148,▲+57,▲+62.64%,29,135,164,139,140,170,3780,83
TXO,202609,20260916.0,45150.0,Call,970,1180,960,1180,1220,▼-620,▼-34.44%,0,4,4,0,1200,1220,1180,960
TXO,202609,20260916.0,45150.0,Put,198,255,152,156,156,▲+62,▲+65.96%,31,43,74,29,72,665,255,88
TXO,202609,20260916.0,45200.0,Call,970,1130,900,1060,1170,▼-690,▼-39.43%,1,477,478,569,1160,1180,6110,550
TXO,202609,20260916.0,45200.0,Put,268,272,153,174,164,▲+77,▲+79.38%,123,300,423,230,161,357,3850,63
TXO,202609,20260916.0,45250.0,Call,-,-,-,-,1130,-,-,0,0,0,2,1120,1140,1460,1460
TXO,202609,20260916.0,45250.0,Put,217,263,167,176,176,▲+72,▲+69.23%,18,53,71,48,170,177,565,95
TXO,202609,20260916.0,45300.0,Call,715,1130,715,985,1090,▼-675,▼-40.66%,1,73,74,78,1080,1100,2420,680
TXO,202609,20260916.0,45300.0,Put,258,302,176,185,185,▲+73,▲+65.18%,58,419,477,292,180,186,1810,96
TXO,202609,20260916.0,45350.0,Call,-,-,-,-,1050,-,-,0,0,0,1,0.2,1070,1190,1190
TXO,202609,20260916.0,45350.0,Put,270,297,184,198,198,▲+85,▲+75.22%,20,82,102,46,190,197,314,100
TXO,202609,20260916.0,45400.0,Call,915,970,915,970,1020,▼-610,▼-38.61%,5,3,8,99,1000,1020,3530,645
TXO,202609,20260916.0,45400.0,Put,300,340,195,205,205,▲+84,▲+69.42%,80,211,291,151,204,216,3980,101
TXO,202609,20260916.0,45450.0,Call,900,900,900,900,980,▼-630,▼-41.18%,0,5,5,4,965,1240,1550,900
TXO,202609,20260916.0,45450.0,Put,250,357,211,217,217,▲+92,▲+73.60%,15,29,44,29,192,840,550,111
TXO,202609,20260916.0,45500.0,Call,900,1030,700,990,940,▼-500,▼-33.56%,13,26,39,151,650,1030,2480,600
TXO,202609,20260916.0,45500.0,Put,379,379,215,233,233,▲+93,▲+66.43%,375,511,886,578,228,231,3750,98
TXO,202609,20260916.0,45550.0,Call,-,-,-,-,905,-,-,0,0,0,3,278,1620,1250,925
TXO,202609,20260916.0,45550.0,Put,306,376,237,250,250,▲+107,▲+74.83%,75,60,135,63,239,246,750,116
TXO,202609,20260916.0,45600.0,Call,790,950,655,870,870,▼-540,▼-38.30%,3,57,60,425,860,875,5400,585
TXO,202609,20260916.0,45600.0,Put,356,385,241,259,259,▲+106,▲+69.28%,51,147,198,133,250,330,3320,119
TXO,202609,20260916.0,45650.0,Call,750,750,750,750,830,▼-620,▼-45.26%,1,5,6,0,825,835,1190,750
TXO,202609,20260916.0,45650.0,Put,380,412,253,275,275,▲+121,▲+78.57%,19,66,85,27,254,855,610,129
TXO,202609,20260916.0,45700.0,Call,760,875,560,745,795,▼-575,▼-43.56%,16,683,699,1299,790,800,4250,560
TXO,202609,20260916.0,45700.0,Put,351,433,266,302,302,▲+136,▲+81.93%,48,192,240,185,280,920,3000,135
TXO,202609,20260916.0,45750.0,Call,560,660,560,660,765,▼-620,▼-48.44%,0,2,2,3,635,1470,1490,560
TXO,202609,20260916.0,45750.0,Put,408,420,283,311,311,▲+137,▲+78.74%,23,75,98,42,301,307,640,144
TXO,202609,20260916.0,45800.0,Call,580,795,500,705,730,▼-535,▼-43.15%,5,48,53,434,720,735,3830,500
TXO,202609,20260916.0,45800.0,Put,414,493,295,321,321,▲+134,▲+71.66%,177,366,543,198,300,334,4150,138
TXO,202609,20260916.0,45850.0,Call,635,730,505,615,695,▼-585,▼-48.75%,0,21,21,5,690,700,730,505
TXO,202609,20260916.0,45850.0,Put,415,489,320,355,335,▲+160,▲+82.05%,24,46,70,38,330,338,825,157
TXO,202609,20260916.0,45900.0,Call,565,745,447,635,665,▼-525,▼-45.26%,10,81,91,51,660,670,2030,447
TXO,202609,20260916.0,45900.0,Put,453,545,325,356,356,▲+149,▲+71.98%,94,116,210,122,331,378,3530,164
TXO,202609,20260916.0,45950.0,Call,530,555,486,555,635,▼-565,▼-50.45%,1,34,35,6,525,900,1760,486
TXO,202609,20260916.0,45950.0,Put,483,555,348,375,375,▲+156,▲+71.23%,26,74,100,36,366,376,780,181
TXO,202609,20260916.0,46000.0,Call,520,705,400,600,600,▼-470,▼-43.93%,181,565,746,459,600,610,5040,400
TXO,202609,20260916.0,46000.0,Put,565,620,355,395,395,▲+166,▲+72.49%,463,1097,1560,941,390,397,5600,167
TXO,202609,20260916.0,46050.0,Call,515,635,380,500,575,▼-550,▼-52.38%,4,51,55,14,530,1000,1430,380
TXO,202609,20260916.0,46050.0,Put,525,575,384,430,430,▲+194,▲+82.20%,19,66,85,41,411,417,885,214
TXO,202609,20260916.0,46100.0,Call,493,620,365,530,530,▼-480,▼-47.52%,21,180,201,479,540,550,3120,365
TXO,202609,20260916.0,46100.0,Put,540,630,404,434,434,▲+183,▲+72.91%,94,211,305,186,433,455,3760,187
TXO,202609,20260916.0,46150.0,Call,440,595,346,486,520,▼-489,▼-50.15%,6,130,136,127,478,520,910,346
TXO,202609,20260916.0,46150.0,Put,600,650,415,477,458,▲+215,▲+82.06%,49,105,154,68,450,459,980,207
TXO,202609,20260916.0,46200.0,Call,405,570,311,488,488,▼-452,▼-48.09%,101,541,642,398,477,545,5360,311
TXO,202609,20260916.0,46200.0,Put,615,685,435,476,476,▲+179,▲+60.27%,76,320,396,226,476,483,6310,199
TXO,202609,20260916.0,46250.0,Call,408,500,320,433,462,▼-482,▼-52.68%,22,51,73,29,320,1080,1260,320
TXO,202609,20260916.0,46250.0,Put,655,715,457,499,499,▲+200,▲+66.89%,29,104,133,54,442,600,915,210
TXO,202609,20260916.0,46300.0,Call,393,510,285,433,433,▼-437,▼-50.23%,192,609,801,340,411,458,1810,285
TXO,202609,20260916.0,46300.0,Put,404,735,404,540,540,▲+234,▲+76.47%,92,104,196,161,520,530,2520,217
TXO,202609,20260916.0,46350.0,Call,392,481,270,400,400,▼-445,▼-52.66%,43,103,146,54,387,500,1340,270
TXO,202609,20260916.0,46350.0,Put,515,600,510,565,565,▲+235,▲+71.21%,19,11,30,41,530,610,1070,245
TXO,202609,20260916.0,46400.0,Call,330,450,240,381,381,▼-429,▼-52.96%,144,264,408,281,385,395,4700,240
TXO,202609,20260916.0,46400.0,Put,740,750,540,580,580,▲+224,▲+62.92%,38,138,176,180,200,660,4360,245
TXO,202609,20260916.0,46450.0,Call,352,397,227,361,361,▼-419,▼-53.72%,42,76,118,46,300,383,1290,227
TXO,202609,20260916.0,46450.0,Put,790,790,555,610,610,▲+235,▲+62.67%,37,9,46,22,500,715,910,263
TXO,202609,20260916.0,46500.0,Call,280,407,210,330,330,▼-405,▼-55.10%,289,981,1270,921,330,348,3900,210
TXO,202609,20260916.0,46500.0,Put,945,945,570,640,640,▲+262,▲+69.31%,166,181,347,350,630,640,6610,240
TXO,202609,20260916.0,46550.0,Call,191,384,190,311,311,▼-404,▼-56.50%,34,65,99,33,319,327,1210,190
TXO,202609,20260916.0,46550.0,Put,860,950,620,670,670,▲+269,▲+67.08%,8,14,22,20,655,670,950,278
TXO,202609,20260916.0,46600.0,Call,244,351,178,285,285,▼-400,▼-58.39%,113,325,438,535,286,304,3760,178
TXO,202609,20260916.0,46600.0,Put,820,950,660,700,700,▲+287,▲+69.49%,143,110,253,148,590,1050,6230,280
TXO,202609,20260916.0,46650.0,Call,250,335,187,263,283,▼-392,▼-59.85%,39,81,120,35,278,286,970,187
TXO,202609,20260916.0,46650.0,Put,830,850,665,760,720,▲+310,▲+68.89%,23,14,37,23,715,730,970,368
TXO,202609,20260916.0,46700.0,Call,250,314,152,260,260,▼-365,▼-58.40%,124,448,572,282,244,299,5130,152
TXO,202609,20260916.0,46700.0,Put,855,955,700,775,755,▲+310,▲+66.67%,76,72,148,134,745,760,2350,304
TXO,202609,20260916.0,46750.0,Call,222,286,151,240,240,▼-360,▼-60.00%,40,111,151,33,244,253,1000,151
TXO,202609,20260916.0,46750.0,Put,900,900,900,900,785,▲+415,▲+85.57%,10,1,11,14,780,795,1290,320
TXO,202609,20260916.0,46800.0,Call,198,272,131,227,227,▼-328,▼-59.10%,286,632,918,672,221,265,3180,131
TXO,202609,20260916.0,46800.0,Put,1000,1120,815,890,820,▲+390,▲+78.00%,128,23,151,128,720,890,7400,335
TXO,202609,20260916.0,46850.0,Call,202,254,125,210,210,▼-315,▼-60.00%,64,72,136,49,211,258,1030,125
TXO,202609,20260916.0,46850.0,Put,1030,1030,850,850,850,▲+320,▲+60.38%,22,5,27,17,845,860,1030,367
TXO,202609,20260916.0,46900.0,Call,181,241,110,198,198,▼-312,▼-61.18%,84,325,409,349,197,202,3630,110
TXO,202609,20260916.0,46900.0,Put,1080,1160,840,920,890,▲+365,▲+65.77%,37,52,89,138,333,995,3700,353
TXO,202609,20260916.0,46950.0,Call,180,217,100,170,186,▼-330,▼-66.00%,57,108,165,73,186,189,940,100
TXO,202609,20260916.0,46950.0,Put,1000,1000,1000,1000,925,▲+420,▲+72.41%,22,1,23,26,915,930,1000,413
TXO,202609,20260916.0,47000.0,Call,161,210,91,172,172,▼-298,▼-63.40%,670,2075,2745,1455,168,174,5010,91
TXO,202609,20260916.0,47000.0,Put,1160,1250,910,995,960,▲+375,▲+60.48%,267,85,352,565,950,1230,6680,383
TXO,202609,20260916.0,47050.0,Call,144,196,87,147,147,▼-298,▼-66.97%,27,103,130,50,155,162,850,87
TXO,202609,20260916.0,47050.0,Put,1060,1080,980,1080,995,▲+450,▲+71.43%,8,3,11,12,990,1010,1080,410
TXO,202609,20260916.0,47100.0,Call,114,181,79,141,141,▼-277,▼-66.27%,90,358,448,267,145,148,3480,79
TXO,202609,20260916.0,47100.0,Put,1140,1320,970,1080,1040,▲+420,▲+63.64%,10,10,20,43,935,1730,2860,377
TXO,202609,20260916.0,47150.0,Call,127,163,76,128,128,▼-267,▼-67.59%,38,84,122,35,131,720,850,76
TXO,202609,20260916.0,47150.0,Put,1310,1310,1170,1180,1070,▲+495,▲+72.26%,11,6,17,28,352,1230,1310,451
TXO,202609,20260916.0,47200.0,Call,118,155,66,123,123,▼-245,▼-66.58%,301,705,1006,529,114,131,3600,66
TXO,202609,20260916.0,47200.0,Put,1150,1390,1090,1150,1110,▲+430,▲+59.72%,14,10,24,68,445,1160,6660,460
TXO,202609,20260916.0,47250.0,Call,108,141,63,105,105,▼-255,▼-70.83%,31,131,162,110,109,116,790,63
TXO,202609,20260916.0,47250.0,Put,-,-,-,-,1150,-,-,8,0,8,31,425,1310,1150,535
TXO,202609,20260916.0,47300.0,Call,90,132,54,102,102,▼-235,▼-69.73%,89,500,589,336,101,107,3600,54
TXO,202609,20260916.0,47300.0,Put,1420,1420,1420,1420,1190,▲+645,▲+83.23%,27,1,28,51,560,1360,2830,500
TXO,202609,20260916.0,47350.0,Call,93,119,47.5,96,96,▼-225,▼-70.09%,33,127,160,89,82,96,745,47.5
TXO,202609,20260916.0,47350.0,Put,-,-,-,-,1230,-,-,0,0,0,7,1130,1980,1080,520
TXO,202609,20260916.0,47400.0,Call,75,114,44,86,86,▼-215,▼-71.43%,164,663,827,412,84,89,4760,44
TXO,202609,20260916.0,47400.0,Put,1670,1670,1190,1190,1280,▲+355,▲+42.51%,28,4,32,32,640,1870,6660,560
TXO,202609,20260916.0,47450.0,Call,73,104,40,79,79,▼-192,▼-70.85%,34,361,395,173,79,80,705,40
TXO,202609,20260916.0,47450.0,Put,-,-,-,-,1320,-,-,0,0,0,1,1.2,-,1000,645
TXO,202609,20260916.0,47500.0,Call,66,101,35,70,70,▼-193,▼-73.38%,597,1438,2035,1172,70,73,2240,35
TXO,202609,20260916.0,47500.0,Put,1580,1700,1320,1320,1360,▲+420,▲+46.67%,18,18,36,44,1280,2090,2730,580
TXO,202609,20260916.0,47550.0,Call,74,83,36,64,64,▼-189,▼-74.70%,16,372,388,91,63,600,650,36
TXO,202609,20260916.0,47550.0,Put,-,-,-,-,1400,-,-,6,0,6,1,1320,2080,1520,685
TXO,202609,20260916.0,47600.0,Call,68,80,29,58,58,▼-179,▼-75.53%,150,691,841,583,56,59,2000,29
TXO,202609,20260916.0,47600.0,Put,1470,1470,1470,1470,1450,▲+495,▲+50.77%,9,1,10,16,735,1580,6960,640
TXO,202609,20260916.0,47650.0,Call,57,73,26.5,52,52,▼-177,▼-77.29%,41,351,392,185,50,53,590,26.5
TXO,202609,20260916.0,47650.0,Put,-,-,-,-,1490,-,-,2,0,2,0,750,2170,1150,970
TXO,202609,20260916.0,47700.0,Call,51,67,26,48,48,▼-162,▼-77.14%,202,802,1004,674,47.5,50,1730,26
TXO,202609,20260916.0,47700.0,Put,-,-,-,-,1540,-,-,2,0,2,35,1450,2210,1880,700
TXO,202609,20260916.0,47750.0,Call,48,59,22,43,43,▼-152,▼-77.95%,30,236,266,111,12,49,555,22
TXO,202609,20260916.0,47750.0,Put,-,-,-,-,1580,-,-,0,0,0,1,1.2,-,1300,825
TXO,202609,20260916.0,47800.0,Call,38,56,19.5,38.5,38.5,▼-146.5,▼-79.19%,204,835,1039,685,36,39.5,2000,19.5
TXO,202609,20260916.0,47800.0,Put,-,-,-,-,1630,-,-,2,0,2,23,910,1850,6790,720
TXO,202609,20260916.0,47850.0,Call,43.5,52,19.5,31.5,31.5,▼-133.5,▼-80.91%,75,136,211,71,34,35.5,510,19.5
TXO,202609,20260916.0,47850.0,Put,-,-,-,-,1670,-,-,0,0,0,0,1.2,-,-,-
TXO,202609,20260916.0,47900.0,Call,36,46.5,17,31.5,31.5,▼-129.5,▼-80.43%,130,614,744,556,31.5,33,1000,17
TXO,202609,20260916.0,47900.0,Put,1800,1800,1800,1800,1720,▲+600,▲+50.00%,1,1,2,2,1000,2400,2830,1280
TXO,202609,20260916.0,47950.0,Call,37.5,42.5,15.5,28.5,28.5,▼-118.5,▼-80.61%,72,122,194,99,15,42.5,445,15.5
TXO,202609,20260916.0,47950.0,Put,-,-,-,-,1770,-,-,1,0,1,32,1010,2450,2370,855
TXO,202609,20260916.0,48000.0,Call,40,40,14,25.5,25.5,▼-114.5,▼-81.79%,1203,2192,3395,2168,25.5,26.5,3130,14
TXO,202609,20260916.0,48000.0,Put,2170,2170,1790,1860,1810,▲+580,▲+45.31%,28,5,33,40,1060,1960,7110,865
TXO,202609,20260916.0,48050.0,Call,31,33,10,22,22,▼-110,▼-83.33%,99,185,284,183,17.5,28,424,10
TXO,202609,20260916.0,48050.0,Put,-,-,-,-,1860,-,-,0,0,0,1,-,-,1310,1310
TXO,202609,20260916.0,48100.0,Call,24,32.5,12,21,21,▼-94,▼-81.74%,168,284,452,405,18.5,21.5,2800,1.1
TXO,202609,20260916.0,48100.0,Put,2000,2000,1920,1950,1910,▲+580,▲+42.34%,0,3,3,4,1820,2600,4850,1050
TXO,202609,20260916.0,48150.0,Call,27,28,11.5,18,18,▼-93,▼-83.78%,57,71,128,71,8.5,111,370,11.5
TXO,202609,20260916.0,48150.0,Put,-,-,-,-,1960,-,-,0,0,0,1,-,2110,1180,1060
TXO,202609,20260916.0,48200.0,Call,24,26.5,10,16.5,16.5,▼-82.5,▼-83.33%,308,451,759,783,15.5,25,2850,10
TXO,202609,20260916.0,48200.0,Put,-,-,-,-,2010,-,-,1,0,1,2,1560,2690,7310,1170
TXO,202609,20260916.0,48250.0,Call,22,23.5,10,15,15,▼-78,▼-83.87%,76,22,98,715,13,92,369,10
TXO,202609,20260916.0,48250.0,Put,-,-,-,-,2050,-,-,0,0,0,1,1960,-,1520,1260
TXO,202609,20260916.0,48300.0,Call,18,22.5,9,13.5,13.5,▼-70.5,▼-83.93%,257,345,602,481,13.5,15,815,9
TXO,202609,20260916.0,48300.0,Put,-,-,-,-,2100,-,-,5,0,5,5,2020,2680,2520,1020
TXO,202609,20260916.0,48350.0,Call,20,20,10,12.5,12.5,▼-66.5,▼-84.18%,34,46,80,63,12,14.5,333,10
TXO,202609,20260916.0,48350.0,Put,2160,2160,2160,2160,2150,▲+590,▲+37.58%,0,1,1,1,-,-,2160,2160
TXO,202609,20260916.0,48400.0,Call,16,20.5,8,11.5,11.5,▼-63.5,▼-84.67%,246,317,563,356,9.2,14.5,1980,8
TXO,202609,20260916.0,48400.0,Put,2350,2350,2350,2350,2200,▲+730,▲+45.06%,0,1,1,10,1440,2890,7590,1340
TXO,202609,20260916.0,48450.0,Call,17,17,8.7,11,11,▼-57,▼-83.82%,43,123,166,107,9.6,11,244,8.7
TXO,202609,20260916.0,48450.0,Put,-,-,-,-,2250,-,-,0,0,0,1,-,-,1530,1530
TXO,202609,20260916.0,48500.0,Call,5.6,18,5.6,10.5,10.5,▼-54.5,▼-83.85%,289,631,920,1156,8,12.5,990,5.6
TXO,202609,20260916.0,48500.0,Put,2500,2620,2250,2250,2300,▲+550,▲+32.35%,5,4,9,5,1530,2470,3500,1260
TXO,202609,20260916.0,48550.0,Call,15,15,8.1,9.7,9.7,▼-50.3,▼-83.83%,47,49,96,32,6,11.5,157,8.1
TXO,202609,20260916.0,48550.0,Put,-,-,-,-,2350,-,-,0,0,0,0,-,-,-,-
TXO,202609,20260916.0,48600.0,Call,15,15,6.4,8.7,8.7,▼-42.3,▼-82.94%,114,394,508,292,5.8,9.1,750,6.4
TXO,202609,20260916.0,48600.0,Put,-,-,-,-,2400,-,-,0,0,0,8,2310,3090,7740,1360
TXO,202609,20260916.0,48650.0,Call,10.5,11,5.6,7.6,7.6,▼-40.9,▼-84.33%,26,33,59,32,2,12.5,188,5.6
TXO,202609,20260916.0,48650.0,Put,-,-,-,-,2450,-,-,0,0,0,1,-,2610,2020,1990
TXO,202609,20260916.0,48700.0,Call,12.5,13,6,7,7,▼-36.5,▼-83.91%,182,426,608,399,7,7.9,1770,6
TXO,202609,20260916.0,48700.0,Put,-,-,-,-,2500,-,-,0,0,0,2,1730,3190,2600,1600
TXO,202609,20260916.0,48800.0,Call,10,10.5,4.7,6.5,6.5,▼-32.5,▼-83.33%,435,136,571,182,6,6.9,2200,4.7
TXO,202609,20260916.0,48800.0,Put,-,-,-,-,2590,-,-,0,0,0,3,2520,3280,4910,1700
TXO,202609,20260916.0,48900.0,Call,10,10,4.8,5.5,5.5,▼-25,▼-81.97%,52,349,401,519,5.3,7,3930,3.1
TXO,202609,20260916.0,48900.0,Put,2800,2950,2800,2950,2690,▲+870,▲+41.83%,3,2,5,1,1920,3380,2950,1660
TXO,202609,20260916.0,49000.0,Call,8.6,9.4,4,5.4,5.4,▼-22.1,▼-80.36%,712,474,1186,1916,5.1,7.7,3880,4
TXO,202609,20260916.0,49000.0,Put,-,-,-,-,2790,-,-,2,0,2,7,2690,3480,8740,1630
TXO,202609,20260916.0,49100.0,Call,7.4,7.8,3.6,5.1,5.1,▼-17.9,▼-77.83%,32,465,497,487,3.7,6.9,3500,3.6
TXO,202609,20260916.0,49100.0,Put,-,-,-,-,2890,-,-,0,0,0,2,2120,3580,4510,1780
TXO,202609,20260916.0,49200.0,Call,6,7.3,3,4.8,4.1,▼-15.7,▼-76.59%,53,58,111,96,3.9,4.4,2080,3
TXO,202609,20260916.0,49200.0,Put,-,-,-,-,2990,-,-,0,0,0,5,2900,3680,5160,1920
TXO,202609,20260916.0,49300.0,Call,6.7,6.7,3.6,4.4,3.8,▼-11.1,▼-71.61%,124,77,201,213,0.9,6.5,1560,3.6
TXO,202609,20260916.0,49300.0,Put,-,-,-,-,3090,-,-,0,0,0,3,3000,3780,4670,2000
TXO,202609,20260916.0,49400.0,Call,6.2,6.2,2.7,3.6,3.6,▼-8.9,▼-71.20%,45,23,68,181,1.1,454,2710,2.7
TXO,202609,20260916.0,49400.0,Put,-,-,-,-,3190,-,-,0,0,0,0,2,-,3200,3150
TXO,202609,20260916.0,49500.0,Call,2,5.7,2,3.2,3.2,▼-8.8,▼-73.33%,125,112,237,319,3,3.3,1060,2
TXO,202609,20260916.0,49500.0,Put,-,-,-,-,3290,-,-,0,0,0,1,-,-,4780,4780
TXO,202609,20260916.0,49600.0,Call,5.2,5.2,2.4,3,3,▼-8,▼-72.73%,101,21,122,104,0.5,3,1160,2.4
TXO,202609,20260916.0,49600.0,Put,-,-,-,-,3390,-,-,0,0,0,2,2650,4080,4850,2920
TXO,202609,20260916.0,49700.0,Call,4.3,4.3,2.2,2.6,2.6,▼-6.7,▼-72.04%,33,29,62,81,-,2.8,505,2.2
TXO,202609,20260916.0,49700.0,Put,-,-,-,-,3490,-,-,0,0,0,3,3420,4180,4920,4920
TXO,202609,20260916.0,49800.0,Call,3.8,3.8,2,2.4,2.4,▼-5.5,▼-69.62%,50,24,74,114,0.5,2.5,1760,2
TXO,202609,20260916.0,49800.0,Put,-,-,-,-,3590,-,-,0,0,0,1,3510,-,3100,2530
TXO,202609,20260916.0,49900.0,Call,1.9,2.2,1.9,2.2,2.2,▼-5.2,▼-70.27%,9,2,11,155,2.1,2.4,2050,1.9
TXO,202609,20260916.0,49900.0,Put,-,-,-,-,3690,-,-,0,0,0,0,-,-,-,-
TXO,202609,20260916.0,50000.0,Call,3.7,3.9,1.6,2,2,▼-4.4,▼-68.75%,211,474,685,3245,1.8,2.1,3370,1.6
TXO,202609,20260916.0,50000.0,Put,-,-,-,-,3790,-,-,0,0,0,2,3710,4480,5300,3130
TXO,202609,20260916.0,50100.0,Call,3,3.1,1.8,2,2,▼-3.8,▼-65.52%,8,40,48,52,0.5,2,3360,0.6
TXO,202609,20260916.0,50100.0,Put,-,-,-,-,3890,-,-,0,0,0,0,-,-,-,-
TXO,202609,20260916.0,50200.0,Call,2.2,2.2,1.5,1.7,1.7,▼-3.2,▼-65.31%,17,7,24,58,0.2,10,1800,1.5
TXO,202609,20260916.0,50200.0,Put,-,-,-,-,3990,-,-,0,0,0,0,-,-,-,-
TXO,202609,20260916.0,50300.0,Call,1.4,1.7,1.4,1.7,1.7,▼-3,▼-63.83%,2,4,6,13,1.5,1.8,1200,1.4
TXO,202609,20260916.0,50300.0,Put,-,-,-,-,4090,-,-,0,0,0,0,-,-,-,-
TXO,202609,20260916.0,50400.0,Call,1.2,1.6,1.2,1.6,1.6,▼-2.9,▼-64.44%,5,10,15,45,0.1,451,3140,1.2
TXO,202609,20260916.0,50400.0,Put,-,-,-,-,4190,-,-,0,0,0,0,-,-,7650,5430
TXO,202609,20260916.0,50500.0,Call,1.8,1.8,0.9,1.4,1.4,▼-2.1,▼-60.00%,209,1248,1457,1516,1.2,1.4,1080,0.9
TXO,202609,20260916.0,50500.0,Put,-,-,-,-,4290,-,-,0,0,0,0,-,-,-,-
TXO,202609,20260916.0,50600.0,Call,1,1.2,0.8,1.2,1.2,▼-2.3,▼-65.71%,301,418,719,743,1.1,1.3,1760,0.8
TXO,202609,20260916.0,50600.0,Put,-,-,-,-,4390,-,-,0,0,0,0,-,-,3330,3240
TXO,202609,20260916.0,50700.0,Call,0.9,1.1,0.9,1.1,1.1,▼-1.9,▼-63.33%,121,85,206,228,1,1.2,1490,0.9
TXO,202609,20260916.0,50700.0,Put,-,-,-,-,4490,-,-,0,0,0,0,-,-,-,-
TXO,202609,20260916.0,50800.0,Call,1.1,1.2,1,1,1,▼-1.9,▼-65.52%,80,257,337,793,0.9,1.1,2580,1
TXO,202609,20260916.0,50800.0,Put,-,-,-,-,4590,-,-,0,0,0,0,-,-,3520,3280
TXO,202609,20260916.0,50900.0,Call,1,1.4,0.9,0.9,0.9,▼-1.9,▼-67.86%,72,150,222,232,0.8,1,1050,0.9
TXO,202609,20260916.0,50900.0,Put,-,-,-,-,4690,-,-,0,0,0,0,-,-,-,-
TXO,202609,20260916.0,51000.0,Call,1,1,0.7,0.8,0.8,▼-0.9,▼-52.94%,256,232,488,2836,0.7,0.9,2360,0.7
TXO,202609,20260916.0,51000.0,Put,-,-,-,-,4790,-,-,0,0,0,1,4690,-,5060,3670
TXO,202609,20260916.0,51100.0,Call,0.6,0.6,0.6,0.6,0.7,▼-0.9,▼-60.00%,118,1,119,352,-,1,1820,0.6
TXO,202609,20260916.0,51100.0,Put,-,-,-,-,4890,-,-,0,0,0,0,-,-,-,-
TXO,202609,20260916.0,51200.0,Call,1.2,1.2,1.2,1.2,0.7,▼-0.2,▼-14.29%,26,6,32,262,0.6,0.8,2430,1
TXO,202609,20260916.0,51200.0,Put,-,-,-,-,4990,-,-,0,0,0,0,-,-,-,-
TXO,202609,20260916.0,51300.0,Call,-,-,-,-,0.6,-,-,12,0,12,333,-,0.9,840,1
TXO,202609,20260916.0,51300.0,Put,-,-,-,-,5090,-,-,0,0,0,0,-,-,-,-
TXO,202609,20260916.0,51400.0,Call,0.8,0.8,0.7,0.7,0.6,▼-0.6,▼-46.15%,0,3,3,10,-,0.9,1830,0.7
TXO,202609,20260916.0,51400.0,Put,-,-,-,-,5190,-,-,0,0,0,0,-,-,-,-
TXO,202609,20260916.0,51500.0,Call,0.6,0.6,0.6,0.6,0.6,▼-0.5,▼-45.45%,0,2,2,101,0.4,0.6,920,0.6
TXO,202609,20260916.0,51500.0,Put,-,-,-,-,5290,-,-,0,0,0,0,-,-,-,-
TXO,202609,20260916.0,51600.0,Call,-,-,-,-,0.5,-,-,0,0,0,14,0.4,0.6,810,3
TXO,202609,20260916.0,51600.0,Put,-,-,-,-,5390,-,-,0,0,0,0,-,-,-,-
TXO,202609,20260916.0,51700.0,Call,-,-,-,-,0.4,-,-,1,0,1,18,0.3,0.5,550,1.8
TXO,202609,20260916.0,51700.0,Put,-,-,-,-,5490,-,-,0,0,0,0,-,-,-,-
TXO,202609,20260916.0,51800.0,Call,-,-,-,-,0.4,-,-,0,0,0,9,0.3,0.5,1850,3
TXO,202609,20260916.0,51800.0,Put,-,-,-,-,5590,-,-,0,0,0,0,-,-,-,-
TXO,202609,20260916.0,51900.0,Call,0.1,0.5,0.1,0.4,0.4,▼-0.5,▼-55.56%,0,5,5,11,0.3,0.5,590,0.1
TXO,202609,20260916.0,51900.0,Put,-,-,-,-,5690,-,-,0,0,0,0,-,-,-,-
TXO,202609,20260916.0,52000.0,Call,0.8,0.8,0.3,0.5,0.3,▼-0.3,▼-37.50%,12,22,34,1160,0.2,0.6,2210,0.3
TXO,202609,20260916.0,52000.0,Put,-,-,-,-,5790,-,-,0,0,0,0,-,-,-,-
TXO,202609,20260916.0,52100.0,Call,-,-,-,-,0.3,-,-,1,0,1,19,-,570,590,0.8
TXO,202609,20260916.0,52100.0,Put,-,-,-,-,5890,-,-,0,0,0,0,-,-,-,-
TXO,202609,20260916.0,52200.0,Call,-,-,-,-,0.3,-,-,0,0,0,14,-,101,2340,1.5
TXO,202609,20260916.0,52200.0,Put,-,-,-,-,5990,-,-,0,0,0,0,-,-,-,-
TXO,202609,20260916.0,52300.0,Call,-,-,-,-,0.3,-,-,0,0,0,9,-,28.5,1880,7.7
TXO,202609,20260916.0,52300.0,Put,-,-,-,-,6090,-,-,0,0,0,0,-,-,-,-
TXO,202609,20260916.0,52400.0,Call,-,-,-,-,0.3,-,-,2,0,2,15,-,570,1880,0.8
TXO,202609,20260916.0,52400.0,Put,-,-,-,-,6190,-,-,0,0,0,0,-,-,-,-
TXO,202609,20260916.0,52500.0,Call,0.3,0.3,0.3,0.3,0.3,▼-0.2,▼-40.00%,101,2,103,84,0.2,0.3,550,0.3
TXO,202609,20260916.0,52500.0,Put,-,-,-,-,6290,-,-,0,0,0,0,-,-,-,-
TXO,202609,20260916.0,52600.0,Call,-,-,-,-,0.2,-,-,0,0,0,82,0.1,0.3,1390,0.6
TXO,202609,20260916.0,52600.0,Put,-,-,-,-,6390,-,-,0,0,0,0,-,-,-,-
TXO,202609,20260916.0,52700.0,Call,-,-,-,-,0.2,-,-,0,0,0,24,0.1,0.3,1890,6.6
TXO,202609,20260916.0,52700.0,Put,-,-,-,-,6490,-,-,0,0,0,0,-,-,-,-
TXO,202609,20260916.0,52800.0,Call,-,-,-,-,0.2,-,-,0,0,0,16,0.1,0.3,1930,8.5
TXO,202609,20260916.0,52800.0,Put,-,-,-,-,6590,-,-,0,0,0,0,-,-,-,-
TXO,202609,20260916.0,52900.0,Call,-,-,-,-,0.2,-,-,0,0,0,46,-,120,580,7.3
TXO,202609,20260916.0,52900.0,Put,-,-,-,-,6690,-,-,0,0,0,0,-,-,-,-
TXO,202609,20260916.0,53000.0,Call,0.3,0.3,0.3,0.3,0.2,0,0%,0,10,10,1076,-,570,1240,0.3
TXO,202609,20260916.0,53000.0,Put,-,-,-,-,6790,-,-,0,0,0,0,-,-,-,-
TXO,202609,20260916.0,53100.0,Call,0.6,0.6,0.6,0.6,0.2,▲+0.3,▲+100.00%,0,1,1,43,-,101,580,0.6
TXO,202609,20260916.0,53100.0,Put,-,-,-,-,6890,-,-,0,0,0,0,-,-,-,-
TXO,202609,20260916.0,53200.0,Call,-,-,-,-,0.2,-,-,0,0,0,10,-,570,1500,5.2
TXO,202609,20260916.0,53200.0,Put,-,-,-,-,6990,-,-,0,0,0,0,-,-,-,-
TXO,202609,20260916.0,53300.0,Call,-,-,-,-,0.2,-,-,0,0,0,34,-,101,580,5.7
TXO,202609,20260916.0,53300.0,Put,-,-,-,-,7090,-,-,0,0,0,0,-,-,-,-
TXO,202609,20260916.0,53400.0,Call,-,-,-,-,0.2,-,-,0,0,0,6,-,570,1000,0.3
TXO,202609,20260916.0,53400.0,Put,-,-,-,-,7190,-,-,0,0,0,0,-,-,-,-
TXO,202609,20260916.0,53500.0,Call,-,-,-,-,0.2,-,-,0,0,0,101,-,101,600,0.3
TXO,202609,20260916.0,53500.0,Put,-,-,-,-,7290,-,-,0,0,0,0,-,-,-,-
TXO,202609,20260916.0,53600.0,Call,-,-,-,-,0.2,-,-,0,0,0,5,-,88,1340,1.2
TXO,202609,20260916.0,53600.0,Put,-,-,-,-,7390,-,-,0,0,0,0,-,-,-,-
TXO,202609,20260916.0,53700.0,Call,-,-,-,-,0.2,-,-,0,0,0,21,-,570,550,11.5
TXO,202609,20260916.0,53700.0,Put,-,-,-,-,7490,-,-,0,0,0,0,-,-,-,-
TXO,202609,20260916.0,53800.0,Call,-,-,-,-,0.1,-,-,0,0,0,12,-,570,1240,5.4
TXO,202609,20260916.0,53800.0,Put,-,-,-,-,7590,-,-,0,0,0,0,-,-,-,-
TXO,202609,20260916.0,53900.0,Call,-,-,-,-,0.1,-,-,0,0,0,22,-,570,99,0.9
TXO,202609,20260916.0,53900.0,Put,-,-,-,-,7690,-,-,0,0,0,0,-,-,-,-
TXO,202609,20260916.0,54000.0,Call,-,-,-,-,0.1,-,-,2,0,2,175,-,15,1400,0.3
TXO,202609,20260916.0,54000.0,Put,-,-,-,-,7790,-,-,0,0,0,1,7700,-,9240,9240
TXO,202609,20260916.0,54100.0,Call,-,-,-,-,0.1,-,-,0,0,0,28,-,10,100,4.7
TXO,202609,20260916.0,54100.0,Put,-,-,-,-,7890,-,-,0,0,0,0,-,-,-,-
TXO,202609,20260916.0,54200.0,Call,-,-,-,-,0.1,-,-,0,0,0,31,-,570,250,0.6
TXO,202609,20260916.0,54200.0,Put,-,-,-,-,7990,-,-,0,0,0,0,-,-,-,-
TXO,202609,20260916.0,54300.0,Call,-,-,-,-,0.1,-,-,0,0,0,24,-,570,195,0.6
TXO,202609,20260916.0,54300.0,Put,-,-,-,-,8090,-,-,0,0,0,0,-,-,-,-
TXO,202609,20260916.0,54400.0,Call,-,-,-,-,0.1,-,-,0,0,0,27,-,570,1040,9.5
TXO,202609,20260916.0,54400.0,Put,-,-,-,-,8190,-,-,0,0,0,0,-,-,-,-
TXO,202609,20260916.0,54500.0,Call,-,-,-,-,0.1,-,-,0,0,0,134,-,570,300,3.5
TXO,202609,20260916.0,54500.0,Put,-,-,-,-,8290,-,-,0,0,0,0,-,-,-,-
TXO,202609,20260916.0,54600.0,Call,-,-,-,-,0.1,-,-,0,0,0,48,-,101,1680,3.4
TXO,202609,20260916.0,54600.0,Put,-,-,-,-,8390,-,-,0,0,0,0,-,-,-,-
TXO,202609,20260916.0,54700.0,Call,-,-,-,-,0.1,-,-,0,0,0,40,-,570,382,2.9
TXO,202609,20260916.0,54700.0,Put,-,-,-,-,8490,-,-,0,0,0,0,-,-,-,-
TXO,202609,20260916.0,54800.0,Call,-,-,-,-,0.1,-,-,0,0,0,25,-,570,370,0.5
TXO,202609,20260916.0,54800.0,Put,-,-,-,-,8590,-,-,0,0,0,0,-,-,-,-
TXO,202609,20260916.0,54900.0,Call,-,-,-,-,0.1,-,-,0,0,0,9,-,570,205,3
TXO,202609,20260916.0,54900.0,Put,-,-,-,-,8690,-,-,0,0,0,0,-,-,-,-
TXO,202609,20260916.0,55000.0,Call,-,-,-,-,0.1,-,-,0,0,0,335,-,570,1240,0.3
TXO,202609,20260916.0,55000.0,Put,-,-,-,-,8790,-,-,0,0,0,1,8700,-,10230,10230
TXO,202609,20260916.0,55200.0,Call,-,-,-,-,0.1,-,-,0,0,0,9,-,570,350,0.3
TXO,202609,20260916.0,55200.0,Put,-,-,-,-,8990,-,-,0,0,0,0,-,-,-,-
TXO,202609,20260916.0,55400.0,Call,-,-,-,-,0.1,-,-,0,0,0,33,-,101,800,2.8
TXO,202609,20260916.0,55400.0,Put,-,-,-,-,9190,-,-,0,0,0,176,8400,9350,12880,9200
TXO,202609,20260916.0,55600.0,Call,-,-,-,-,0.1,-,-,0,0,0,19,-,570,1400,1
TXO,202609,20260916.0,55600.0,Put,-,-,-,-,9390,-,-,0,0,0,0,-,-,-,-
TXO,202609,20260916.0,55800.0,Call,0.7,0.7,0.7,0.7,0.1,▲+0.5,▲+250.00%,1,2,3,915,0.1,1.8,1350,0.2
TXO,202609,20260916.0,55800.0,Put,-,-,-,-,9590,-,-,0,0,0,0,-,-,-,-
TXO,202609F3,20260918.0,41200.0,Call,-,-,-,-,5030,-,-,0,0,0,0,-,-,-,-
TXO,202609F3,20260918.0,41200.0,Put,26.5,26.5,17.5,17.5,17.5,▲+2.5,▲+16.67%,38,91,129,185,6,25,44,15
TXO,202609F3,20260918.0,41300.0,Call,-,-,-,-,4930,-,-,0,0,0,0,-,-,-,-
TXO,202609F3,20260918.0,41300.0,Put,-,-,-,-,19,-,-,5,0,5,13,18.5,19.5,34,17.5
TXO,202609F3,20260918.0,41400.0,Call,-,-,-,-,4830,-,-,0,0,0,0,4760,-,-,-
TXO,202609F3,20260918.0,41400.0,Put,23,23,23,23,19.5,▲+6,▲+35.29%,2,1,3,7,19,20,46,17
TXO,202609F3,20260918.0,41500.0,Call,-,-,-,-,4730,-,-,0,0,0,0,-,-,-,-
TXO,202609F3,20260918.0,41500.0,Put,28,28,20,20,20,▲+2,▲+11.11%,1,16,17,14,20,21,44.5,19
TXO,202609F3,20260918.0,41600.0,Call,-,-,-,-,4630,-,-,0,0,0,0,4550,-,-,-
TXO,202609F3,20260918.0,41600.0,Put,-,-,-,-,21.5,-,-,2,0,2,2,21,22,46.5,21.5
TXO,202609F3,20260918.0,41700.0,Call,-,-,-,-,4530,-,-,0,0,0,0,-,-,-,-
TXO,202609F3,20260918.0,41700.0,Put,-,-,-,-,22.5,-,-,3,0,3,3,0.5,-,30.5,29.5
TXO,202609F3,20260918.0,41800.0,Call,-,-,-,-,4430,-,-,0,0,0,0,-,-,-,-
TXO,202609F3,20260918.0,41800.0,Put,30.5,30.5,30.5,30.5,24,▲+10.5,▲+52.50%,0,1,1,2,23,24.5,30.5,25
TXO,202609F3,20260918.0,41900.0,Call,-,-,-,-,4340,-,-,0,0,0,0,-,-,-,-
TXO,202609F3,20260918.0,41900.0,Put,-,-,-,-,25,-,-,0,0,0,10,0.5,-,53,25
TXO,202609F3,20260918.0,42000.0,Call,-,-,-,-,4240,-,-,0,0,0,0,-,-,-,-
TXO,202609F3,20260918.0,42000.0,Put,37,38,27.5,27.5,27.5,▲+5.5,▲+25.00%,2,14,16,22,1.5,35,63,21
TXO,202609F3,20260918.0,42100.0,Call,-,-,-,-,4140,-,-,0,0,0,0,4070,-,-,-
TXO,202609F3,20260918.0,42100.0,Put,28.5,28.5,28.5,28.5,28.5,▲+6,▲+26.67%,0,1,1,12,27,28.5,61,28.5
TXO,202609F3,20260918.0,42200.0,Call,-,-,-,-,4040,-,-,0,0,0,0,3970,-,-,-
TXO,202609F3,20260918.0,42200.0,Put,29.5,29.5,29.5,29.5,29.5,▲+6,▲+25.53%,3,1,4,16,28.5,139,69,24
TXO,202609F3,20260918.0,42300.0,Call,-,-,-,-,3940,-,-,0,0,0,0,3870,-,-,-
TXO,202609F3,20260918.0,42300.0,Put,46,46,35.5,35.5,31.5,▲+11,▲+44.90%,0,4,4,13,0.6,141,66,35.5
TXO,202609F3,20260918.0,42400.0,Call,-,-,-,-,3840,-,-,0,0,0,0,-,-,-,-
TXO,202609F3,20260918.0,42400.0,Put,41.5,48.5,40,40,33,▲+14.5,▲+56.86%,2,3,5,13,0.6,-,70,29.5
TXO,202609F3,20260918.0,42500.0,Call,-,-,-,-,3750,-,-,0,0,0,0,-,-,-,-
TXO,202609F3,20260918.0,42500.0,Put,46,47.5,40,40,35,▲+13.5,▲+50.94%,2,13,15,27,34,35.5,74,25
TXO,202609F3,20260918.0,42600.0,Call,-,-,-,-,3650,-,-,0,0,0,0,3580,-,-,-
TXO,202609F3,20260918.0,42600.0,Put,52,52,37,37,37,▲+9,▲+32.14%,3,8,11,8,36.5,38,78,31
TXO,202609F3,20260918.0,42700.0,Call,-,-,-,-,3550,-,-,0,0,0,0,-,-,-,-
TXO,202609F3,20260918.0,42700.0,Put,50,50,39.5,40,40,▲+9,▲+29.03%,6,14,20,15,38.5,40,69,31
TXO,202609F3,20260918.0,42800.0,Call,-,-,-,-,3450,-,-,0,0,0,0,3440,-,-,-
TXO,202609F3,20260918.0,42800.0,Put,53,53,42.5,42.5,42.5,▲+11,▲+34.92%,8,13,21,15,4.2,156,58,40.5
TXO,202609F3,20260918.0,42900.0,Call,-,-,-,-,3360,-,-,0,0,0,0,-,-,-,-
TXO,202609F3,20260918.0,42900.0,Put,57,60,43,43,43,▲+10.5,▲+32.31%,1,25,26,18,1,-,97,35
TXO,202609F3,20260918.0,43000.0,Call,-,-,-,-,3260,-,-,0,0,0,0,-,-,-,-
TXO,202609F3,20260918.0,43000.0,Put,42,72,42,49,49,▲+14.5,▲+42.03%,9,30,39,45,40,51,100,35
TXO,202609F3,20260918.0,43100.0,Call,-,-,-,-,3160,-,-,0,0,0,0,-,-,-,-
TXO,202609F3,20260918.0,43100.0,Put,77,77,58,58,51,▲+21.5,▲+58.90%,12,3,15,3,50,52,77,39
TXO,202609F3,20260918.0,43200.0,Call,-,-,-,-,3070,-,-,0,0,0,0,3000,-,-,-
TXO,202609F3,20260918.0,43200.0,Put,-,-,-,-,55,-,-,0,0,0,3,0.6,-,107,38
TXO,202609F3,20260918.0,43300.0,Call,-,-,-,-,2970,-,-,0,0,0,0,-,-,-,-
TXO,202609F3,20260918.0,43300.0,Put,76,76,70,70,59,▲+29,▲+70.73%,0,11,11,11,58,60,76,45.5
TXO,202609F3,20260918.0,43400.0,Call,-,-,-,-,2870,-,-,0,0,0,0,-,-,-,-
TXO,202609F3,20260918.0,43400.0,Put,-,-,-,-,63,-,-,0,0,0,3,62,64,104,42.5
TXO,202609F3,20260918.0,43500.0,Call,-,-,-,-,2780,-,-,0,0,0,0,-,-,-,-
TXO,202609F3,20260918.0,43500.0,Put,92,92,80,80,68,▲+33.5,▲+72.04%,4,70,74,70,67,69,132,44
TXO,202609F3,20260918.0,43600.0,Call,-,-,-,-,2680,-,-,0,0,0,0,2620,-,-,-
TXO,202609F3,20260918.0,43600.0,Put,99,113,76,76,76,▲+26.5,▲+53.54%,6,78,84,82,72,74,113,49.5
TXO,202609F3,20260918.0,43700.0,Call,-,-,-,-,2590,-,-,0,0,0,0,-,-,-,-
TXO,202609F3,20260918.0,43700.0,Put,105,109,78,79,79,▲+26,▲+49.06%,1,176,177,175,11.5,-,110,54
TXO,202609F3,20260918.0,43800.0,Call,-,-,-,-,2500,-,-,0,0,0,0,-,-,-,-
TXO,202609F3,20260918.0,43800.0,Put,139,139,97,97,86,▲+40,▲+70.18%,1,2,3,6,1.6,-,139,56
TXO,202609F3,20260918.0,43900.0,Call,-,-,-,-,2400,-,-,0,0,0,0,-,-,-,-
TXO,202609F3,20260918.0,43900.0,Put,-,-,-,-,93,-,-,0,0,0,7,91,94,88,83
TXO,202609F3,20260918.0,44000.0,Call,-,-,-,-,2310,-,-,0,0,0,0,-,-,-,-
TXO,202609F3,20260918.0,44000.0,Put,138,138,105,105,105,▲+40,▲+61.54%,10,7,17,23,22,133,157,62
TXO,202609F3,20260918.0,44100.0,Call,-,-,-,-,2220,-,-,0,0,0,0,-,-,-,-
TXO,202609F3,20260918.0,44100.0,Put,140,140,140,140,109,▲+70,▲+100.00%,0,1,1,6,3.5,277,156,69
TXO,202609F3,20260918.0,44200.0,Call,-,-,-,-,2130,-,-,0,0,0,0,2070,-,-,-
TXO,202609F3,20260918.0,44200.0,Put,122,122,122,122,122,▲+46,▲+60.53%,1,1,2,2,117,120,186,79
TXO,202609F3,20260918.0,44300.0,Call,-,-,-,-,2040,-,-,0,0,0,0,1980,-,-,-
TXO,202609F3,20260918.0,44300.0,Put,161,195,130,130,130,▲+47,▲+56.63%,0,20,20,40,33.5,-,195,80
TXO,202609F3,20260918.0,44400.0,Call,-,-,-,-,1950,-,-,0,0,0,0,-,-,-,-
TXO,202609F3,20260918.0,44400.0,Put,163,163,163,163,142,▲+74,▲+83.15%,1,1,2,10,54,-,170,81
TXO,202609F3,20260918.0,44500.0,Call,-,-,-,-,1860,-,-,0,0,0,0,-,-,-,-
TXO,202609F3,20260918.0,44500.0,Put,197,197,154,154,154,▲+57,▲+58.76%,2,52,54,56,125,-,258,92
TXO,202609F3,20260918.0,44550.0,Call,-,-,-,-,1820,-,-,0,0,0,0,-,-,-,-
TXO,202609F3,20260918.0,44550.0,Put,-,-,-,-,161,-,-,2,0,2,4,158,163,181,108
TXO,202609F3,20260918.0,44600.0,Call,-,-,-,-,1780,-,-,0,0,0,0,-,-,-,-
TXO,202609F3,20260918.0,44600.0,Put,223,223,187,187,168,▲+82,▲+78.10%,4,4,8,5,165,170,223,93
TXO,202609F3,20260918.0,44650.0,Call,-,-,-,-,1740,-,-,0,0,0,0,-,-,-,-
TXO,202609F3,20260918.0,44650.0,Put,231,231,231,231,174,▲+123,▲+113.89%,1,1,2,2,171,176,231,148
TXO,202609F3,20260918.0,44700.0,Call,-,-,-,-,1690,-,-,0,0,0,0,1630,-,-,-
TXO,202609F3,20260918.0,44700.0,Put,241,259,195,195,183,▲+82,▲+72.57%,4,5,9,7,180,185,259,102
TXO,202609F3,20260918.0,44750.0,Call,-,-,-,-,1650,-,-,0,0,0,0,1590,-,-,-
TXO,202609F3,20260918.0,44750.0,Put,-,-,-,-,191,-,-,0,0,0,0,188,193,-,-
TXO,202609F3,20260918.0,44800.0,Call,1570,1580,1500,1510,1610,▼-710,▼-31.98%,0,470,470,470,1500,-,1580,1500
TXO,202609F3,20260918.0,44800.0,Put,263,297,202,202,202,▲+82,▲+68.33%,17,147,164,153,197,202,297,108
TXO,202609F3,20260918.0,44850.0,Call,-,-,-,-,1570,-,-,0,0,0,0,-,-,-,-
TXO,202609F3,20260918.0,44850.0,Put,262,276,262,276,209,▲+148,▲+115.63%,3,2,5,3,206,212,276,185
TXO,202609F3,20260918.0,44900.0,Call,-,-,-,-,1530,-,-,0,0,0,0,-,-,-,-
TXO,202609F3,20260918.0,44900.0,Put,273,299,219,219,219,▲+85,▲+63.43%,4,5,9,6,214,219,299,197
TXO,202609F3,20260918.0,44950.0,Call,-,-,-,-,1490,-,-,0,0,0,0,-,-,-,-
TXO,202609F3,20260918.0,44950.0,Put,-,-,-,-,228,-,-,0,0,0,0,225,231,-,-
TXO,202609F3,20260918.0,45000.0,Call,1340,1360,1200,1330,1450,▼-710,▼-34.80%,0,410,410,410,1390,1540,1360,1200
TXO,202609F3,20260918.0,45000.0,Put,293,350,235,235,235,▲+89,▲+60.96%,10,122,132,110,143,344,370,117
TXO,202609F3,20260918.0,45050.0,Call,1220,1220,1140,1140,1410,▼-860,▼-43.00%,0,2,2,0,-,-,2550,1140
TXO,202609F3,20260918.0,45050.0,Put,316,316,282,282,247,▲+130,▲+85.53%,2,4,6,6,114,-,316,156
TXO,202609F3,20260918.0,45100.0,Call,-,-,-,-,1370,-,-,0,0,0,0,-,-,-,-
TXO,202609F3,20260918.0,45100.0,Put,320,348,265,273,258,▲+114,▲+71.70%,1,6,7,7,255,260,348,152
TXO,202609F3,20260918.0,45150.0,Call,-,-,-,-,1330,-,-,0,0,0,0,1180,-,-,-
TXO,202609F3,20260918.0,45150.0,Put,330,330,330,330,271,▲+164,▲+98.80%,0,1,1,1,268,273,330,330
TXO,202609F3,20260918.0,45200.0,Call,-,-,-,-,1290,-,-,0,0,0,0,0.3,-,-,-
TXO,202609F3,20260918.0,45200.0,Put,348,390,294,294,294,▲+121,▲+69.94%,1,4,5,34,250,-,390,137
TXO,202609F3,20260918.0,45250.0,Call,-,-,-,-,1260,-,-,0,0,0,0,0.2,-,-,-
TXO,202609F3,20260918.0,45250.0,Put,384,384,384,384,297,▲+203,▲+112.15%,0,1,1,1,291,297,384,147
TXO,202609F3,20260918.0,45300.0,Call,1130,1130,1120,1120,1220,▼-670,▼-37.43%,0,5,5,5,-,-,1130,1120
TXO,202609F3,20260918.0,45300.0,Put,394,394,317,317,317,▲+131,▲+70.43%,7,6,13,6,304,310,394,160
TXO,202609F3,20260918.0,45350.0,Call,1110,1110,1110,1110,1180,▼-640,▼-36.57%,0,2,2,2,1170,1190,1110,1110
TXO,202609F3,20260918.0,45350.0,Put,394,394,394,394,321,▲+197,▲+100.00%,0,2,2,2,316,323,394,394
TXO,202609F3,20260918.0,45400.0,Call,1100,1100,1050,1050,1150,▼-650,▼-38.24%,0,7,7,2,1140,1160,1100,1050
TXO,202609F3,20260918.0,45400.0,Put,419,419,347,347,347,▲+142,▲+69.27%,34,3,37,34,332,339,525,207
TXO,202609F3,20260918.0,45450.0,Call,-,-,-,-,1110,-,-,0,0,0,0,1100,1120,-,-
TXO,202609F3,20260918.0,45450.0,Put,-,-,-,-,349,-,-,0,0,0,0,248,-,-,-
TXO,202609F3,20260918.0,45500.0,Call,995,995,995,995,1080,▼-625,▼-38.58%,0,3,3,3,0.2,-,995,995
TXO,202609F3,20260918.0,45500.0,Put,510,510,358,383,365,▲+157,▲+69.47%,2,7,9,11,361,368,510,226
TXO,202609F3,20260918.0,45550.0,Call,965,965,965,965,1040,▼-615,▼-38.92%,0,5,5,5,920,-,965,965
TXO,202609F3,20260918.0,45550.0,Put,406,406,406,406,381,▲+172,▲+73.50%,0,5,5,5,377,384,406,406
TXO,202609F3,20260918.0,45600.0,Call,975,975,905,915,1010,▼-625,▼-40.58%,0,422,422,410,1000,1020,975,905
TXO,202609F3,20260918.0,45600.0,Put,530,530,408,415,396,▲+170,▲+69.39%,0,58,58,46,293,535,530,181
TXO,202609F3,20260918.0,45650.0,Call,930,930,880,880,975,▼-620,▼-41.33%,0,8,8,8,965,980,2030,880
TXO,202609F3,20260918.0,45650.0,Put,510,510,440,440,413,▲+186,▲+73.23%,0,8,8,8,409,416,510,440
TXO,202609F3,20260918.0,45700.0,Call,860,865,860,865,945,▼-595,▼-40.75%,0,4,4,4,0.2,-,865,860
TXO,202609F3,20260918.0,45700.0,Put,540,560,453,453,431,▲+188,▲+70.94%,0,11,11,42,427,434,560,294
TXO,202609F3,20260918.0,45750.0,Call,815,815,815,815,910,▼-615,▼-43.01%,0,1,1,2,900,915,1950,815
TXO,202609F3,20260918.0,45750.0,Put,505,505,481,481,448,▲+204,▲+73.65%,0,2,2,3,335,590,505,245
TXO,202609F3,20260918.0,45800.0,Call,800,800,800,800,880,▼-590,▼-42.45%,0,1,1,1,755,-,800,800
TXO,202609F3,20260918.0,45800.0,Put,610,610,494,494,466,▲+205,▲+70.93%,0,5,5,3,462,470,610,242
TXO,202609F3,20260918.0,45850.0,Call,805,805,680,770,850,▼-580,▼-42.96%,0,8,8,3,680,-,805,680
TXO,202609F3,20260918.0,45850.0,Put,665,665,515,515,486,▲+214,▲+71.10%,0,3,3,3,482,489,665,515
TXO,202609F3,20260918.0,45900.0,Call,740,740,730,730,815,▼-580,▼-44.27%,0,3,3,3,810,825,740,730
TXO,202609F3,20260918.0,45900.0,Put,535,540,535,540,505,▲+215,▲+66.15%,1,3,4,3,500,510,540,325
TXO,202609F3,20260918.0,45950.0,Call,715,715,715,715,785,▼-565,▼-44.14%,0,1,1,1,780,795,715,715
TXO,202609F3,20260918.0,45950.0,Put,565,565,565,565,525,▲+238,▲+72.78%,0,1,1,1,520,530,565,565
TXO,202609F3,20260918.0,46000.0,Call,700,740,610,685,755,▼-555,▼-44.76%,3,7,10,5,520,-,1220,610
TXO,202609F3,20260918.0,46000.0,Put,645,720,560,580,545,▲+239,▲+70.09%,12,22,34,11,540,550,720,258
TXO,202609F3,20260918.0,46050.0,Call,670,670,645,650,730,▼-550,▼-45.83%,0,6,6,7,720,735,1440,645
TXO,202609F3,20260918.0,46050.0,Put,610,610,600,600,565,▲+245,▲+69.01%,0,4,4,5,560,570,610,383
TXO,202609F3,20260918.0,46100.0,Call,-,-,-,-,700,-,-,0,0,0,1,540,-,1510,1510
TXO,202609F3,20260918.0,46100.0,Put,760,760,760,760,590,▲+390,▲+105.41%,0,1,1,1,3.8,-,760,760
TXO,202609F3,20260918.0,46150.0,Call,-,-,-,-,675,-,-,0,0,0,2,670,680,1050,1050
TXO,202609F3,20260918.0,46150.0,Put,-,-,-,-,610,-,-,0,0,0,2,490,-,467,467
TXO,202609F3,20260918.0,46200.0,Call,620,645,580,580,645,▼-520,▼-47.27%,2,5,7,2,640,655,705,580
TXO,202609F3,20260918.0,46200.0,Put,730,730,645,645,645,▲+244,▲+60.85%,2,5,7,3,630,640,735,645
TXO,202609F3,20260918.0,46250.0,Call,-,-,-,-,620,-,-,0,0,0,0,1.2,-,-,-
TXO,202609F3,20260918.0,46250.0,Put,-,-,-,-,660,-,-,0,0,0,0,655,665,-,-
TXO,202609F3,20260918.0,46300.0,Call,535,585,535,585,585,▼-445,▼-43.20%,4,2,6,9,590,600,1290,535
TXO,202609F3,20260918.0,46300.0,Put,735,735,735,735,685,▲+301,▲+69.35%,0,1,1,8,575,810,735,332
TXO,202609F3,20260918.0,46350.0,Call,655,655,655,655,570,▼-345,▼-34.50%,0,5,5,5,565,575,655,655
TXO,202609F3,20260918.0,46350.0,Put,-,-,-,-,710,-,-,0,0,0,3,590,850,540,378
TXO,202609F3,20260918.0,46400.0,Call,479,479,479,479,545,▼-491,▼-50.62%,0,3,3,6,540,550,1420,479
TXO,202609F3,20260918.0,46400.0,Put,780,780,780,780,735,▲+309,▲+65.61%,0,3,3,9,730,740,780,364
TXO,202609F3,20260918.0,46450.0,Call,590,590,458,458,525,▼-482,▼-51.28%,0,11,11,9,520,530,1140,458
TXO,202609F3,20260918.0,46450.0,Put,805,805,805,805,765,▲+317,▲+64.96%,0,6,6,10,660,-,805,442
TXO,202609F3,20260918.0,46500.0,Call,440,477,386,471,500,▼-439,▼-48.24%,10,7,17,9,496,505,860,386
TXO,202609F3,20260918.0,46500.0,Put,1020,1020,900,900,790,▲+390,▲+76.47%,1,3,4,6,780,795,1020,435
TXO,202609F3,20260918.0,46550.0,Call,-,-,-,-,478,-,-,0,0,0,11,474,482,1120,1080
TXO,202609F3,20260918.0,46550.0,Put,805,805,805,805,805,▲+275,▲+51.89%,0,1,1,13,810,820,805,466
TXO,202609F3,20260918.0,46600.0,Call,430,486,378,462,462,▼-388,▼-45.65%,2,8,10,7,451,459,1310,378
TXO,202609F3,20260918.0,46600.0,Put,-,-,-,-,845,-,-,0,0,0,4,835,850,840,486
TXO,202609F3,20260918.0,46650.0,Call,488,488,387,387,436,▼-433,▼-52.80%,0,7,7,2,432,440,488,387
TXO,202609F3,20260918.0,46650.0,Put,-,-,-,-,875,-,-,0,0,0,1,1.3,-,655,540
TXO,202609F3,20260918.0,46700.0,Call,398,403,398,403,403,▼-387,▼-48.99%,2,4,6,6,412,420,1230,398
TXO,202609F3,20260918.0,46700.0,Put,-,-,-,-,905,-,-,0,0,0,2,895,910,700,520
TXO,202609F3,20260918.0,46750.0,Call,400,400,400,400,400,▼-365,▼-47.71%,0,1,1,1,392,400,1250,400
TXO,202609F3,20260918.0,46750.0,Put,-,-,-,-,935,-,-,0,0,0,1,620,1050,825,492
TXO,202609F3,20260918.0,46800.0,Call,300,382,295,382,382,▼-348,▼-47.67%,0,6,6,4,372,379,1190,295
TXO,202609F3,20260918.0,46800.0,Put,-,-,-,-,965,-,-,0,0,0,2,955,970,805,510
TXO,202609F3,20260918.0,46850.0,Call,-,-,-,-,357,-,-,0,0,0,6,354,361,930,915
TXO,202609F3,20260918.0,46850.0,Put,-,-,-,-,995,-,-,0,0,0,8,985,1000,745,498
TXO,202609F3,20260918.0,46900.0,Call,293,342,293,327,327,▼-343,▼-51.19%,0,5,5,4,337,344,1110,293
TXO,202609F3,20260918.0,46900.0,Put,1200,1270,1070,1070,1030,▲+390,▲+57.35%,0,11,11,5,685,-,1270,515
TXO,202609F3,20260918.0,46950.0,Call,373,373,373,373,323,▼-282,▼-43.05%,1,2,3,3,320,327,725,373
TXO,202609F3,20260918.0,46950.0,Put,-,-,-,-,1060,-,-,0,0,0,1,1050,1070,860,860
TXO,202609F3,20260918.0,47000.0,Call,288,304,224,304,304,▼-326,▼-51.75%,6,11,17,14,304,311,980,224
TXO,202609F3,20260918.0,47000.0,Put,1110,1110,1110,1110,1110,▲+380,▲+52.05%,0,1,1,2,1080,1100,1110,550
TXO,202609F3,20260918.0,47050.0,Call,-,-,-,-,290,-,-,0,0,0,3,128,392,885,680
TXO,202609F3,20260918.0,47050.0,Put,-,-,-,-,1130,-,-,0,0,0,0,760,-,780,570
TXO,202609F3,20260918.0,47100.0,Call,282,282,245,245,275,▼-355,▼-59.17%,0,14,14,4,91,340,985,245
TXO,202609F3,20260918.0,47100.0,Put,-,-,-,-,1160,-,-,0,0,0,3,790,-,945,675
TXO,202609F3,20260918.0,47150.0,Call,-,-,-,-,260,-,-,2,0,2,4,257,263,880,395
TXO,202609F3,20260918.0,47150.0,Put,-,-,-,-,1200,-,-,0,0,0,5,815,1310,655,630
TXO,202609F3,20260918.0,47200.0,Call,-,-,-,-,247,-,-,3,0,3,4,243,249,905,280
TXO,202609F3,20260918.0,47200.0,Put,-,-,-,-,1230,-,-,0,0,0,3,1.3,1370,735,630
TXO,202609F3,20260918.0,47250.0,Call,-,-,-,-,234,-,-,0,0,0,2,106,301,620,620
TXO,202609F3,20260918.0,47250.0,Put,-,-,-,-,1270,-,-,0,0,0,1,1.3,1410,650,650
TXO,202609F3,20260918.0,47300.0,Call,215,219,193,219,219,▼-286,▼-56.63%,1,3,4,3,218,224,810,193
TXO,202609F3,20260918.0,47300.0,Put,-,-,-,-,1310,-,-,0,0,0,1,900,-,760,660
TXO,202609F3,20260918.0,47350.0,Call,-,-,-,-,209,-,-,0,0,0,0,26.5,-,-,-
TXO,202609F3,20260918.0,47350.0,Put,-,-,-,-,1350,-,-,0,0,0,1,990,-,785,785
TXO,202609F3,20260918.0,47400.0,Call,166,205,166,194,194,▼-260,▼-57.27%,1,5,6,7,193,198,815,166
TXO,202609F3,20260918.0,47400.0,Put,-,-,-,-,1380,-,-,1,0,1,4,1.3,-,1130,705
TXO,202609F3,20260918.0,47450.0,Call,-,-,-,-,186,-,-,0,0,0,1,183,189,670,535
TXO,202609F3,20260918.0,47450.0,Put,-,-,-,-,1420,-,-,0,0,0,0,1.3,-,830,740
TXO,202609F3,20260918.0,47500.0,Call,176,191,133,171,171,▼-244,▼-58.80%,7,15,22,15,171,176,795,133
TXO,202609F3,20260918.0,47500.0,Put,-,-,-,-,1460,-,-,0,0,0,1,1.3,1610,1030,780
TXO,202609F3,20260918.0,47550.0,Call,-,-,-,-,164,-,-,1,0,1,2,15,-,496,221
TXO,202609F3,20260918.0,47550.0,Put,-,-,-,-,1500,-,-,0,0,0,0,1.3,-,-,-
TXO,202609F3,20260918.0,47600.0,Call,169,177,149,149,149,▼-239,▼-61.60%,3,4,7,7,36.5,257,600,149
TXO,202609F3,20260918.0,47600.0,Put,1500,1500,1500,1500,1540,▲+420,▲+38.89%,0,1,1,1,1.3,1690,1500,750
TXO,202609F3,20260918.0,47650.0,Call,126,126,126,126,145,▼-235,▼-65.10%,0,1,1,0,143,148,316,126
TXO,202609F3,20260918.0,47650.0,Put,-,-,-,-,1580,-,-,0,0,0,2,1.3,-,925,910
TXO,202609F3,20260918.0,47700.0,Call,145,145,123,123,136,▼-222,▼-64.35%,4,4,8,5,134,139,555,123
TXO,202609F3,20260918.0,47700.0,Put,-,-,-,-,1620,-,-,0,0,0,1,1.3,-,945,850
TXO,202609F3,20260918.0,47750.0,Call,140,140,112,133,133,▼-196,▼-59.57%,3,3,6,5,19,-,300,112
TXO,202609F3,20260918.0,47750.0,Put,-,-,-,-,1670,-,-,0,0,0,0,1.3,-,-,-
TXO,202609F3,20260918.0,47800.0,Call,113,138,103,138,120,▼-176,▼-56.05%,19,19,38,24,58,209,600,103
TXO,202609F3,20260918.0,47800.0,Put,-,-,-,-,1710,-,-,0,0,0,1,1.4,1840,1000,925
TXO,202609F3,20260918.0,47850.0,Call,102,102,102,102,112,▼-197,▼-65.89%,0,1,1,1,4.6,-,102,102
TXO,202609F3,20260918.0,47850.0,Put,-,-,-,-,1750,-,-,0,0,0,0,-,-,-,-
TXO,202609F3,20260918.0,47900.0,Call,104,104,104,104,104,▼-180,▼-63.38%,1,1,2,3,3,118,600,104
TXO,202609F3,20260918.0,47900.0,Put,-,-,-,-,1790,-,-,0,0,0,1,-,1950,980,980
TXO,202609F3,20260918.0,47950.0,Call,81,92,81,92,92,▼-179,▼-66.05%,0,2,2,0,3.7,-,92,81
TXO,202609F3,20260918.0,47950.0,Put,-,-,-,-,1840,-,-,0,0,0,0,-,-,-,-
TXO,202609F3,20260918.0,48000.0,Call,97,102,63,79,91,▼-177,▼-69.14%,18,37,55,28,6.4,150,555,63
TXO,202609F3,20260918.0,48000.0,Put,-,-,-,-,1880,-,-,9,0,9,0,-,-,1940,970
TXO,202609F3,20260918.0,48050.0,Call,-,-,-,-,86,-,-,0,0,0,0,2.2,-,-,-
TXO,202609F3,20260918.0,48050.0,Put,-,-,-,-,1920,-,-,0,0,0,0,-,-,-,-
TXO,202609F3,20260918.0,48100.0,Call,58,84,58,84,84,▼-148,▼-63.79%,3,2,5,3,78,81,208,58
TXO,202609F3,20260918.0,48100.0,Put,-,-,-,-,1970,-,-,0,0,0,0,-,-,2000,1830
TXO,202609F3,20260918.0,48150.0,Call,-,-,-,-,75,-,-,1,0,1,1,2.2,-,205,113
TXO,202609F3,20260918.0,48150.0,Put,-,-,-,-,2010,-,-,0,0,0,0,-,-,-,-
TXO,202609F3,20260918.0,48200.0,Call,78,78,60,69,69,▼-140,▼-66.99%,2,7,9,4,68,71,449,60
TXO,202609F3,20260918.0,48200.0,Put,-,-,-,-,2060,-,-,0,0,0,0,-,-,-,-
TXO,202609F3,20260918.0,48250.0,Call,-,-,-,-,64,-,-,0,0,0,0,63,66,-,-
TXO,202609F3,20260918.0,48250.0,Put,-,-,-,-,2100,-,-,0,0,0,0,-,-,-,-
TXO,202609F3,20260918.0,48300.0,Call,70,70,44.5,57,57,▼-123,▼-68.33%,2,7,9,5,58,61,419,44.5
TXO,202609F3,20260918.0,48300.0,Put,-,-,-,-,2150,-,-,0,0,0,0,-,-,-,-
TXO,202609F3,20260918.0,48350.0,Call,-,-,-,-,56,-,-,0,0,0,0,1.3,-,-,-
TXO,202609F3,20260918.0,48350.0,Put,-,-,-,-,2190,-,-,0,0,0,0,-,-,-,-
TXO,202609F3,20260918.0,48400.0,Call,40,60,39.5,51,51,▼-118,▼-69.82%,0,9,9,10,1.3,-,407,39.5
TXO,202609F3,20260918.0,48400.0,Put,-,-,-,-,2240,-,-,10,0,10,0,-,-,2060,1280
TXO,202609F3,20260918.0,48450.0,Call,58,58,58,58,48.5,▼-102,▼-63.75%,0,1,1,1,1.4,-,58,58
TXO,202609F3,20260918.0,48450.0,Put,-,-,-,-,2290,-,-,0,0,0,2,2190,-,1510,1510
TXO,202609F3,20260918.0,48500.0,Call,56,57,34.5,45,45,▼-103,▼-69.59%,6,20,26,18,44,46.5,400,34.5
TXO,202609F3,20260918.0,48500.0,Put,-,-,-,-,2330,-,-,7,0,7,0,-,-,2300,1360
TXO,202609F3,20260918.0,48550.0,Call,-,-,-,-,42,-,-,0,0,0,0,41,43,-,-
TXO,202609F3,20260918.0,48550.0,Put,-,-,-,-,2380,-,-,0,0,0,0,-,-,-,-
TXO,202609F3,20260918.0,48600.0,Call,48,48,32,42,42,▼-93,▼-68.89%,3,5,8,4,38.5,40,351,32
TXO,202609F3,20260918.0,48600.0,Put,-,-,-,-,2430,-,-,0,0,0,0,-,-,-,-
TXO,202609F3,20260918.0,48650.0,Call,-,-,-,-,36.5,-,-,0,0,0,0,1.4,-,-,-
TXO,202609F3,20260918.0,48650.0,Put,-,-,-,-,2470,-,-,0,0,0,0,-,-,-,-
TXO,202609F3,20260918.0,48700.0,Call,42,42,28,28.5,34,▼-91.5,▼-76.25%,0,25,25,5,7.2,-,306,28
TXO,202609F3,20260918.0,48700.0,Put,-,-,-,-,2520,-,-,0,0,0,0,-,-,-,-
TXO,202609F3,20260918.0,48800.0,Call,39,39,24.5,29.5,29.5,▼-81.5,▼-73.42%,3,38,41,21,29,30.5,300,24.5
TXO,202609F3,20260918.0,48800.0,Put,-,-,-,-,2620,-,-,0,0,0,0,-,-,-,-
TXO,202609F3,20260918.0,48900.0,Call,33,33,26,33,26,▼-62,▼-65.26%,0,3,3,2,25.5,27,255,26
TXO,202609F3,20260918.0,48900.0,Put,-,-,-,-,2710,-,-,0,0,0,0,-,-,-,-
TXO,202609F3,20260918.0,49000.0,Call,27.5,27.5,18.5,23,23,▼-61,▼-72.62%,7,19,26,21,22.5,24,260,18.5
TXO,202609F3,20260918.0,49000.0,Put,-,-,-,-,2810,-,-,0,0,0,0,-,-,-,-
TXO,202609F3,20260918.0,49100.0,Call,28,28,17.5,23,23,▼-48,▼-67.61%,0,3,3,2,5.1,123,207,17.5
TXO,202609F3,20260918.0,49100.0,Put,-,-,-,-,2910,-,-,0,0,0,0,-,-,-,-
TXO,202609F3,20260918.0,49200.0,Call,15.5,21,15.5,21,18,▼-45,▼-68.18%,3,2,5,2,17.5,19,132,15.5
TXO,202609F3,20260918.0,49200.0,Put,-,-,-,-,3010,-,-,0,0,0,0,-,-,-,-
TXO,202609F3,20260918.0,49300.0,Call,19,19,14,14,16.5,▼-44,▼-75.86%,1,2,3,1,16,17,171,14
TXO,202609F3,20260918.0,49300.0,Put,-,-,-,-,3100,-,-,0,0,0,0,-,-,-,-
TXO,202609F3,20260918.0,49400.0,Call,19.5,19.5,13,13,13,▼-38,▼-74.51%,0,2,2,0,14,15,156,13
TXO,202609F3,20260918.0,49400.0,Put,-,-,-,-,3200,-,-,0,0,0,0,-,-,-,-
TXO,202609F3,20260918.0,49500.0,Call,15.5,15.5,11.5,15.5,13,▼-29.5,▼-65.56%,5,3,8,14,3,116,164,11.5
TXO,202609F3,20260918.0,49500.0,Put,-,-,-,-,3300,-,-,0,0,0,0,-,-,-,-
TXO,202609F3,20260918.0,49600.0,Call,-,-,-,-,12,-,-,0,0,0,12,11.5,12.5,102,34
TXO,202609F3,20260918.0,49600.0,Put,-,-,-,-,3400,-,-,0,0,0,0,-,-,-,-
TXO,202609F3,20260918.0,49700.0,Call,14,14,10.5,10.5,10.5,▼-25,▼-70.42%,1,20,21,6,0.1,-,111,10.5
TXO,202609F3,20260918.0,49700.0,Put,-,-,-,-,3500,-,-,0,0,0,0,-,-,-,-
TXO,202609F3,20260918.0,49800.0,Call,12,12,10,10,10,▼-21.5,▼-68.25%,0,5,5,4,0.2,113,79,10
TXO,202609F3,20260918.0,49800.0,Put,-,-,-,-,3600,-,-,0,0,0,0,-,-,-,-
TXO,202609F3,20260918.0,49900.0,Call,9.9,9.9,8.8,9.8,9.8,▼-18.7,▼-65.61%,0,5,5,5,2.9,-,110,8.8
TXO,202609F3,20260918.0,49900.0,Put,-,-,-,-,3700,-,-,0,0,0,0,-,-,-,-
TXO,202609F3,20260918.0,50000.0,Call,11.5,11.5,7.9,8.2,8.2,▼-17.3,▼-67.84%,8,34,42,32,8.1,8.8,104,7.9
TXO,202609F3,20260918.0,50000.0,Put,-,-,-,-,3800,-,-,0,0,0,0,-,-,-,-
TXO,202609F3,20260918.0,50100.0,Call,9.5,9.5,9,9,7.8,▼-13.5,▼-60.00%,0,3,3,3,7.5,8.2,62,9
TXO,202609F3,20260918.0,50100.0,Put,-,-,-,-,3890,-,-,0,0,0,0,-,-,-,-
TXO,202609F3,20260918.0,50200.0,Call,-,-,-,-,7.3,-,-,0,0,0,0,7,7.6,-,-
TXO,202609F3,20260918.0,50200.0,Put,-,-,-,-,3990,-,-,0,0,0,0,-,-,-,-
TXO,202609F3,20260918.0,50300.0,Call,8.3,8.3,6.5,6.5,6.5,▼-12,▼-64.86%,4,6,10,11,0.3,-,75,6.5
TXO,202609F3,20260918.0,50300.0,Put,-,-,-,-,4090,-,-,0,0,0,0,-,-,-,-
TXO,202609F3,20260918.0,50400.0,Call,-,-,-,-,6.3,-,-,0,0,0,0,0.2,-,31,14.5
TXO,202609F3,20260918.0,50400.0,Put,-,-,-,-,4190,-,-,0,0,0,0,-,-,-,-
TXO,202609F3,20260918.0,50500.0,Call,7,7,5.6,5.6,5.6,▼-9.4,▼-62.67%,3,2,5,1,5.6,6.1,41,5.6
TXO,202609F3,20260918.0,50500.0,Put,-,-,-,-,4290,-,-,0,0,0,0,-,-,-,-
TXO,202609F3,20260918.0,50600.0,Call,5.4,5.4,5.4,5.4,5.4,▼-8.6,▼-61.43%,1,1,2,1,0.2,-,31.5,5.4
TXO,202609F3,20260918.0,50600.0,Put,-,-,-,-,4390,-,-,0,0,0,0,-,-,-,-
TXO,202609F3,20260918.0,50700.0,Call,-,-,-,-,5.3,-,-,0,0,0,2,0.1,-,11.5,11.5
TXO,202609F3,20260918.0,50700.0,Put,-,-,-,-,4490,-,-,0,0,0,0,-,-,-,-
TXO,202609F3,20260918.0,50800.0,Call,-,-,-,-,5,-,-,1,0,1,3,4.9,5.2,32.5,10.5
TXO,202609F3,20260918.0,50800.0,Put,-,-,-,-,4590,-,-,0,0,0,0,-,-,-,-
TXO,202609F3,20260918.0,50900.0,Call,-,-,-,-,4.8,-,-,0,0,0,3,0.1,106,25,25
TXO,202609F3,20260918.0,50900.0,Put,-,-,-,-,4690,-,-,0,0,0,0,-,-,-,-
TXO,202609F3,20260918.0,51000.0,Call,-,-,-,-,4.5,-,-,0,0,0,0,0.4,-,-,-
TXO,202609F3,20260918.0,51000.0,Put,-,-,-,-,4790,-,-,0,0,0,0,-,-,-,-
TXO,202609F3,20260918.0,51100.0,Call,-,-,-,-,4.3,-,-,0,0,0,4,0.8,-,32.5,8.7
TXO,202609F3,20260918.0,51100.0,Put,-,-,-,-,4890,-,-,0,0,0,0,-,-,-,-
TXO,202609F3,20260918.0,51200.0,Call,3.9,3.9,3.9,3.9,4.1,▼-4.7,▼-54.65%,0,1,1,1,0.1,104,3.9,3.9
TXO,202609F3,20260918.0,51200.0,Put,-,-,-,-,4990,-,-,0,0,0,0,-,-,-,-
TXO,202609F3,20260918.0,51300.0,Call,4.6,4.6,3.8,3.8,3.8,▼-4.2,▼-52.50%,0,3,3,4,0.8,-,30.5,3.8
TXO,202609F3,20260918.0,51300.0,Put,-,-,-,-,5090,-,-,0,0,0,0,-,-,-,-
TXO,202609F3,20260918.0,51400.0,Call,-,-,-,-,3.8,-,-,0,0,0,1,3.7,4,11,11
TXO,202609F3,20260918.0,51400.0,Put,-,-,-,-,5190,-,-,0,0,0,0,-,-,-,-
TXO,202609F3,20260918.0,51500.0,Call,-,-,-,-,3.6,-,-,0,0,0,1,3.5,3.8,16,16
TXO,202609F3,20260918.0,51500.0,Put,-,-,-,-,5290,-,-,0,0,0,0,-,-,-,-
TXO,202609F3,20260918.0,51600.0,Call,-,-,-,-,3.5,-,-,0,0,0,0,3.4,3.7,-,-
TXO,202609F3,20260918.0,51600.0,Put,-,-,-,-,5390,-,-,0,0,0,0,-,-,-,-
TXO,202609F3,20260918.0,51700.0,Call,-,-,-,-,3.3,-,-,0,0,0,0,3.2,3.5,-,-
TXO,202609F3,20260918.0,51700.0,Put,-,-,-,-,5490,-,-,0,0,0,0,-,-,-,-
TXO,202609F3,20260918.0,51800.0,Call,-,-,-,-,3.1,-,-,0,0,0,0,3,3.3,-,-
TXO,202609F3,20260918.0,51800.0,Put,-,-,-,-,5590,-,-,0,0,0,0,-,-,-,-
TXO,202609F3,20260918.0,51900.0,Call,-,-,-,-,3,-,-,0,0,0,0,2.9,3.2,-,-
TXO,202609F3,20260918.0,51900.0,Put,-,-,-,-,5690,-,-,0,0,0,0,-,-,-,-
TXO,202609F3,20260918.0,52000.0,Call,-,-,-,-,2.9,-,-,0,0,0,1,2.8,3.1,14.5,14.5
TXO,202609F3,20260918.0,52000.0,Put,-,-,-,-,5790,-,-,0,0,0,0,-,-,-,-
TXO,202609F3,20260918.0,52100.0,Call,2.8,2.8,2.8,2.8,2.8,▼-2.2,▼-44.00%,1,1,2,10,2.6,2.9,16.5,2.8
TXO,202609F3,20260918.0,52100.0,Put,-,-,-,-,5890,-,-,0,0,0,0,-,-,-,-
TXO,202609W4,20260923.0,42200.0,Call,-,-,-,-,4100,-,-,0,0,0,0,-,-,-,-
TXO,202609W4,20260923.0,42200.0,Put,70,76,63,64,60,▲+22.5,▲+54.22%,0,102,102,88,5.8,69,76,63
TXO,202609W4,20260923.0,42300.0,Call,-,-,-,-,4010,-,-,0,0,0,0,0.2,-,-,-
TXO,202609W4,20260923.0,42300.0,Put,81,83,75,75,63,▲+29,▲+63.04%,58,53,111,262,62,64,88,42
TXO,202609W4,20260923.0,42400.0,Call,-,-,-,-,3910,-,-,0,0,0,0,0.2,-,-,-
TXO,202609W4,20260923.0,42400.0,Put,-,-,-,-,67,-,-,0,0,0,2,1.3,104,48,44.5
TXO,202609W4,20260923.0,42500.0,Call,-,-,-,-,3810,-,-,0,0,0,0,0.2,-,-,-
TXO,202609W4,20260923.0,42500.0,Put,84,89,75,75,72,▲+25,▲+50.00%,1,31,32,25,69,72,89,45.5
TXO,202609W4,20260923.0,42600.0,Call,-,-,-,-,3720,-,-,0,0,0,0,3650,-,-,-
TXO,202609W4,20260923.0,42600.0,Put,-,-,-,-,75,-,-,2,0,2,18,1.3,211,89,47.5
TXO,202609W4,20260923.0,42700.0,Call,-,-,-,-,3620,-,-,0,0,0,0,0.2,-,-,-
TXO,202609W4,20260923.0,42700.0,Put,-,-,-,-,80,-,-,0,0,0,18,1.5,219,57,51
TXO,202609W4,20260923.0,42800.0,Call,-,-,-,-,3530,-,-,0,0,0,0,0.2,-,-,-
TXO,202609W4,20260923.0,42800.0,Put,118,118,118,118,85,▲+59,▲+100.00%,0,1,1,13,1.5,234,118,57
TXO,202609W4,20260923.0,42900.0,Call,-,-,-,-,3430,-,-,0,0,0,0,0.2,3450,-,-
TXO,202609W4,20260923.0,42900.0,Put,103,103,91,91,91,▲+29,▲+46.77%,9,3,12,21,87,91,108,60
TXO,202609W4,20260923.0,43000.0,Call,-,-,-,-,3340,-,-,0,0,0,0,0.2,-,-,-
TXO,202609W4,20260923.0,43000.0,Put,121,124,99,99,99,▲+34,▲+52.31%,20,15,35,24,94,97,124,60
TXO,202609W4,20260923.0,43100.0,Call,-,-,-,-,3250,-,-,0,0,0,0,3180,-,-,-
TXO,202609W4,20260923.0,43100.0,Put,-,-,-,-,102,-,-,2,0,2,8,100,103,89,69
TXO,202609W4,20260923.0,43200.0,Call,-,-,-,-,3150,-,-,0,0,0,0,0.2,-,-,-
TXO,202609W4,20260923.0,43200.0,Put,-,-,-,-,108,-,-,0,0,0,10,-,210,90,76
TXO,202609W4,20260923.0,43300.0,Call,-,-,-,-,3060,-,-,0,0,0,0,2990,-,-,-
TXO,202609W4,20260923.0,43300.0,Put,138,156,138,148,116,▲+71,▲+92.21%,5,9,14,5,114,117,156,80
TXO,202609W4,20260923.0,43400.0,Call,-,-,-,-,2970,-,-,0,0,0,0,0.2,-,-,-
TXO,202609W4,20260923.0,43400.0,Put,-,-,-,-,123,-,-,3,0,3,5,59,257,141,72
TXO,202609W4,20260923.0,43500.0,Call,-,-,-,-,2880,-,-,0,0,0,0,0.2,-,-,-
TXO,202609W4,20260923.0,43500.0,Put,161,171,145,145,132,▲+54,▲+59.34%,7,9,16,21,129,134,171,81
TXO,202609W4,20260923.0,43600.0,Call,-,-,-,-,2790,-,-,0,0,0,0,2720,-,-,-
TXO,202609W4,20260923.0,43600.0,Put,166,183,160,160,142,▲+68,▲+73.91%,0,3,3,4,54,270,183,91
TXO,202609W4,20260923.0,43700.0,Call,-,-,-,-,2690,-,-,0,0,0,0,0.2,-,-,-
TXO,202609W4,20260923.0,43700.0,Put,191,207,191,207,151,▲+109,▲+111.22%,0,2,2,6,148,153,207,88
TXO,202609W4,20260923.0,43800.0,Call,-,-,-,-,2610,-,-,0,0,0,0,2,-,-,-
TXO,202609W4,20260923.0,43800.0,Put,185,217,180,180,161,▲+70,▲+63.64%,2,9,11,14,158,163,217,97
TXO,202609W4,20260923.0,43900.0,Call,-,-,-,-,2520,-,-,0,0,0,0,2450,-,-,-
TXO,202609W4,20260923.0,43900.0,Put,232,232,232,232,173,▲+120,▲+107.14%,0,1,1,3,-,-,232,132
TXO,202609W4,20260923.0,44000.0,Call,-,-,-,-,2430,-,-,0,0,0,0,2370,-,-,-
TXO,202609W4,20260923.0,44000.0,Put,228,253,193,193,193,▲+74,▲+62.18%,30,115,145,79,182,188,253,99
TXO,202609W4,20260923.0,44100.0,Call,-,-,-,-,2340,-,-,0,0,0,0,0.2,2360,-,-
TXO,202609W4,20260923.0,44100.0,Put,210,210,210,210,210,▲+82,▲+64.06%,0,1,1,2,106,-,210,113
TXO,202609W4,20260923.0,44200.0,Call,-,-,-,-,2260,-,-,0,0,0,0,0.2,-,-,-
TXO,202609W4,20260923.0,44200.0,Put,245,245,245,245,212,▲+109,▲+80.15%,1,1,2,4,126,323,245,151
TXO,202609W4,20260923.0,44300.0,Call,-,-,-,-,2170,-,-,0,0,0,0,2110,-,-,-
TXO,202609W4,20260923.0,44300.0,Put,-,-,-,-,227,-,-,0,0,0,15,223,229,166,120
TXO,202609W4,20260923.0,44400.0,Call,-,-,-,-,2090,-,-,0,0,0,0,0.2,-,-,-
TXO,202609W4,20260923.0,44400.0,Put,-,-,-,-,244,-,-,2,0,2,4,154,-,303,154
TXO,202609W4,20260923.0,44500.0,Call,-,-,-,-,2010,-,-,0,0,0,0,0.2,-,-,-
TXO,202609W4,20260923.0,44500.0,Put,300,300,300,300,261,▲+130,▲+76.47%,1,1,2,13,250,-,300,135
TXO,202609W4,20260923.0,44600.0,Call,-,-,-,-,1920,-,-,0,0,0,0,1720,-,-,-
TXO,202609W4,20260923.0,44600.0,Put,351,355,351,355,280,▲+172,▲+93.99%,4,2,6,3,160,380,355,147
TXO,202609W4,20260923.0,44700.0,Call,-,-,-,-,1850,-,-,0,0,0,0,1640,-,-,-
TXO,202609W4,20260923.0,44700.0,Put,-,-,-,-,301,-,-,0,0,0,5,296,303,250,180
TXO,202609W4,20260923.0,44800.0,Call,-,-,-,-,1770,-,-,0,0,0,0,1560,-,-,-
TXO,202609W4,20260923.0,44800.0,Put,407,407,333,333,333,▲+132,▲+65.67%,3,2,5,7,316,323,407,197
TXO,202609W4,20260923.0,44900.0,Call,-,-,-,-,1690,-,-,0,0,0,0,0.3,-,-,-
TXO,202609W4,20260923.0,44900.0,Put,-,-,-,-,344,-,-,1,0,1,6,339,345,284,174
TXO,202609W4,20260923.0,45000.0,Call,-,-,-,-,1610,-,-,0,0,0,0,1560,-,-,-
TXO,202609W4,20260923.0,45000.0,Put,436,505,365,365,365,▲+128,▲+54.01%,83,8,91,80,362,370,505,210
TXO,202609W4,20260923.0,45100.0,Call,-,-,-,-,1540,-,-,0,0,0,0,1480,-,-,-
TXO,202609W4,20260923.0,45100.0,Put,485,485,485,485,393,▲+224,▲+85.82%,25,1,26,25,387,395,485,248
TXO,202609W4,20260923.0,45200.0,Call,-,-,-,-,1470,-,-,0,0,0,0,1450,1480,-,-
TXO,202609W4,20260923.0,45200.0,Put,535,535,432,437,437,▲+165,▲+60.66%,25,9,34,23,416,424,535,205
TXO,202609W4,20260923.0,45300.0,Call,1350,1350,1350,1350,1400,▼-570,▼-29.69%,0,1,1,1,1380,1400,1350,1350
TXO,202609W4,20260923.0,45300.0,Put,600,600,600,600,451,▲+314,▲+109.79%,28,1,29,32,363,580,600,259
TXO,202609W4,20260923.0,45400.0,Call,1180,1180,1180,1180,1320,▼-660,▼-35.87%,0,1,1,1,1190,-,1180,1180
TXO,202609W4,20260923.0,45400.0,Put,-,-,-,-,479,-,-,18,0,18,51,473,481,379,242
TXO,202609W4,20260923.0,45500.0,Call,-,-,-,-,1260,-,-,0,0,0,0,0.2,-,-,-
TXO,202609W4,20260923.0,45500.0,Put,595,615,500,500,500,▲+161,▲+47.49%,112,62,174,67,407,-,615,250
TXO,202609W4,20260923.0,45550.0,Call,-,-,-,-,1220,-,-,0,0,0,0,0.2,-,-,-
TXO,202609W4,20260923.0,45550.0,Put,-,-,-,-,530,-,-,0,0,0,0,424,-,-,-
TXO,202609W4,20260923.0,45600.0,Call,990,1200,990,1190,1190,▼-490,▼-29.17%,2,40,42,40,1040,-,1270,990
TXO,202609W4,20260923.0,45600.0,Put,-,-,-,-,545,-,-,7,0,7,4,435,-,615,278
TXO,202609W4,20260923.0,45650.0,Call,-,-,-,-,1160,-,-,0,0,0,0,0.2,-,-,-
TXO,202609W4,20260923.0,45650.0,Put,670,710,650,650,565,▲+278,▲+74.73%,0,3,3,1,460,750,710,650
TXO,202609W4,20260923.0,45700.0,Call,-,-,-,-,1130,-,-,1,0,1,1,1120,1140,1230,1230
TXO,202609W4,20260923.0,45700.0,Put,695,695,695,695,585,▲+302,▲+76.84%,3,1,4,36,575,585,695,393
TXO,202609W4,20260923.0,45750.0,Call,-,-,-,-,1100,-,-,0,0,0,0,1080,1100,-,-
TXO,202609W4,20260923.0,45750.0,Put,-,-,-,-,605,-,-,0,0,0,1,510,1500,427,427
TXO,202609W4,20260923.0,45800.0,Call,1070,1070,1070,1070,1070,▼-460,▼-30.07%,0,1,1,1,1030,1070,1070,1070
TXO,202609W4,20260923.0,45800.0,Put,685,740,630,640,625,▲+232,▲+56.86%,1,16,17,13,610,625,740,315
TXO,202609W4,20260923.0,45850.0,Call,-,-,-,-,1030,-,-,0,0,0,0,1020,1040,-,-
TXO,202609W4,20260923.0,45850.0,Put,-,-,-,-,640,-,-,0,0,0,5,630,645,373,373
TXO,202609W4,20260923.0,45900.0,Call,-,-,-,-,1010,-,-,0,0,0,0,995,1010,-,-
TXO,202609W4,20260923.0,45900.0,Put,-,-,-,-,660,-,-,1,0,1,6,650,665,660,384
TXO,202609W4,20260923.0,45950.0,Call,-,-,-,-,975,-,-,0,0,0,0,965,980,-,-
TXO,202609W4,20260923.0,45950.0,Put,725,755,725,755,680,▲+304,▲+67.41%,0,2,2,5,670,685,755,397
TXO,202609W4,20260923.0,46000.0,Call,860,1030,795,930,930,▼-460,▼-33.09%,64,97,161,4,0.2,1010,1050,795
TXO,202609W4,20260923.0,46000.0,Put,825,865,710,715,715,▲+243,▲+51.48%,13,14,27,28,695,705,865,343
TXO,202609W4,20260923.0,46050.0,Call,835,835,835,835,920,▼-525,▼-38.60%,0,1,1,1,910,925,1520,835
TXO,202609W4,20260923.0,46050.0,Put,-,-,-,-,725,-,-,29,0,29,29,715,725,670,510
TXO,202609W4,20260923.0,46100.0,Call,820,910,820,910,890,▼-420,▼-31.58%,2,2,4,4,2.3,-,1750,820
TXO,202609W4,20260923.0,46100.0,Put,-,-,-,-,745,-,-,0,0,0,0,650,-,-,-
TXO,202609W4,20260923.0,46150.0,Call,800,850,800,850,850,▼-440,▼-34.11%,0,3,3,1,850,865,850,800
TXO,202609W4,20260923.0,46150.0,Put,-,-,-,-,770,-,-,0,0,0,5,760,770,451,450
TXO,202609W4,20260923.0,46200.0,Call,805,830,805,825,825,▼-435,▼-34.52%,1,3,4,4,825,840,1700,805
TXO,202609W4,20260923.0,46200.0,Put,840,845,760,820,790,▲+290,▲+54.72%,2,9,11,4,780,795,850,625
TXO,202609W4,20260923.0,46250.0,Call,-,-,-,-,810,-,-,1,0,1,1,800,815,885,885
TXO,202609W4,20260923.0,46250.0,Put,-,-,-,-,815,-,-,2,0,2,2,805,815,845,840
TXO,202609W4,20260923.0,46300.0,Call,785,785,700,700,775,▼-490,▼-41.18%,5,4,9,7,775,785,1600,700
TXO,202609W4,20260923.0,46300.0,Put,950,950,845,845,845,▲+280,▲+49.56%,5,3,8,8,825,840,950,555
TXO,202609W4,20260923.0,46350.0,Call,675,675,675,675,750,▼-485,▼-41.81%,0,1,1,1,745,760,675,675
TXO,202609W4,20260923.0,46350.0,Put,1020,1020,1020,1020,855,▲+435,▲+74.36%,0,1,1,5,850,865,1020,443
TXO,202609W4,20260923.0,46400.0,Call,705,705,705,705,705,▼-425,▼-37.61%,1,1,2,1,720,735,1080,705
TXO,202609W4,20260923.0,46400.0,Put,-,-,-,-,880,-,-,0,0,0,0,875,890,-,-
TXO,202609W4,20260923.0,46450.0,Call,-,-,-,-,700,-,-,0,0,0,0,700,710,-,-
TXO,202609W4,20260923.0,46450.0,Put,-,-,-,-,905,-,-,0,0,0,0,900,915,-,-
TXO,202609W4,20260923.0,46500.0,Call,-,-,-,-,675,-,-,1,0,1,5,0.2,-,985,935
TXO,202609W4,20260923.0,46500.0,Put,1030,1030,1030,1030,930,▲+385,▲+59.69%,4,1,5,7,930,945,1030,565
TXO,202609W4,20260923.0,46550.0,Call,-,-,-,-,655,-,-,0,0,0,0,650,665,-,-
TXO,202609W4,20260923.0,46550.0,Put,-,-,-,-,960,-,-,0,0,0,6,955,970,575,530
TXO,202609W4,20260923.0,46600.0,Call,575,580,575,580,630,▼-430,▼-42.57%,1,3,4,0,490,-,950,575
TXO,202609W4,20260923.0,46600.0,Put,-,-,-,-,985,-,-,1,0,1,5,980,995,1000,585
TXO,202609W4,20260923.0,46650.0,Call,540,540,540,540,610,▼-440,▼-44.90%,2,1,3,1,485,685,710,540
TXO,202609W4,20260923.0,46650.0,Put,-,-,-,-,1010,-,-,0,0,0,6,1010,1030,610,565
TXO,202609W4,20260923.0,46700.0,Call,-,-,-,-,585,-,-,4,0,4,0,585,595,895,615
TXO,202609W4,20260923.0,46700.0,Put,-,-,-,-,1040,-,-,2,0,2,7,-,-,865,630
TXO,202609W4,20260923.0,46750.0,Call,-,-,-,-,565,-,-,0,0,0,5,560,575,840,840
TXO,202609W4,20260923.0,46750.0,Put,-,-,-,-,1070,-,-,0,0,0,10,1060,1080,840,645
TXO,202609W4,20260923.0,46800.0,Call,-,-,-,-,545,-,-,0,0,0,7,0.2,-,825,820
TXO,202609W4,20260923.0,46800.0,Put,1180,1180,1180,1180,1100,▲+405,▲+52.26%,0,4,4,19,1090,1110,1180,665
TXO,202609W4,20260923.0,46850.0,Call,-,-,-,-,520,-,-,0,0,0,1,0.2,-,800,800
TXO,202609W4,20260923.0,46850.0,Put,-,-,-,-,1130,-,-,0,0,0,5,1060,-,685,685
TXO,202609W4,20260923.0,46900.0,Call,480,570,421,500,500,▼-325,▼-39.39%,59,141,200,12,399,600,850,421
TXO,202609W4,20260923.0,46900.0,Put,1340,1350,1170,1170,1170,▲+345,▲+41.82%,0,6,6,8,1150,1170,1350,705
TXO,202609W4,20260923.0,46950.0,Call,-,-,-,-,486,-,-,0,0,0,0,484,493,-,-
TXO,202609W4,20260923.0,46950.0,Put,-,-,-,-,1190,-,-,0,0,0,6,1180,1200,725,650
TXO,202609W4,20260923.0,47000.0,Call,433,500,368,465,465,▼-335,▼-41.88%,14,8,22,20,465,474,1190,368
TXO,202609W4,20260923.0,47000.0,Put,-,-,-,-,1220,-,-,0,0,0,5,1210,1230,960,640
TXO,202609W4,20260923.0,47050.0,Call,-,-,-,-,447,-,-,0,0,0,0,321,-,-,-
TXO,202609W4,20260923.0,47050.0,Put,-,-,-,-,1250,-,-,0,0,0,0,1240,1260,-,-
TXO,202609W4,20260923.0,47100.0,Call,391,391,391,391,430,▼-354,▼-47.52%,5,1,6,1,377,515,690,391
TXO,202609W4,20260923.0,47100.0,Put,1360,1360,1280,1280,1280,▲+360,▲+39.13%,0,2,2,1,1280,1300,1360,1020
TXO,202609W4,20260923.0,47150.0,Call,-,-,-,-,413,-,-,0,0,0,0,411,419,-,-
TXO,202609W4,20260923.0,47150.0,Put,-,-,-,-,1320,-,-,0,0,0,5,1240,-,810,810
TXO,202609W4,20260923.0,47200.0,Call,454,454,330,330,397,▼-365,▼-52.52%,21,59,80,5,395,403,890,330
TXO,202609W4,20260923.0,47200.0,Put,-,-,-,-,1350,-,-,1,0,1,6,-,-,1050,835
TXO,202609W4,20260923.0,47250.0,Call,-,-,-,-,380,-,-,0,0,0,5,376,384,915,665
TXO,202609W4,20260923.0,47250.0,Put,-,-,-,-,1380,-,-,0,0,0,5,1370,1400,1020,855
TXO,202609W4,20260923.0,47300.0,Call,-,-,-,-,364,-,-,0,0,0,1,362,370,910,910
TXO,202609W4,20260923.0,47300.0,Put,-,-,-,-,1420,-,-,0,0,0,2,-,-,995,740
TXO,202609W4,20260923.0,47350.0,Call,322,322,322,322,349,▼-308,▼-48.89%,0,1,1,0,229,-,900,322
TXO,202609W4,20260923.0,47350.0,Put,-,-,-,-,1450,-,-,0,0,0,5,-,-,905,765
TXO,202609W4,20260923.0,47400.0,Call,369,369,361,361,334,▼-239,▼-39.83%,1,2,3,7,332,340,910,361
TXO,202609W4,20260923.0,47400.0,Put,-,-,-,-,1490,-,-,0,0,0,0,-,-,-,-
TXO,202609W4,20260923.0,47450.0,Call,-,-,-,-,320,-,-,0,0,0,0,0.2,-,-,-
TXO,202609W4,20260923.0,47450.0,Put,-,-,-,-,1520,-,-,0,0,0,0,-,-,-,-
TXO,202609W4,20260923.0,47500.0,Call,269,305,249,305,305,▼-260,▼-46.02%,0,14,14,9,197,-,305,249
TXO,202609W4,20260923.0,47500.0,Put,-,-,-,-,1560,-,-,0,0,0,4,1470,1990,1300,1300
TXO,202609W4,20260923.0,47550.0,Call,-,-,-,-,292,-,-,0,0,0,0,291,297,-,-
TXO,202609W4,20260923.0,47550.0,Put,-,-,-,-,1600,-,-,0,0,0,0,-,-,-,-
TXO,202609W4,20260923.0,47600.0,Call,261,261,261,261,278,▼-264,▼-50.29%,4,2,6,2,276,283,333,261
TXO,202609W4,20260923.0,47600.0,Put,-,-,-,-,1630,-,-,0,0,0,0,-,-,-,-
TXO,202609W4,20260923.0,47650.0,Call,237,237,237,237,266,▼-268,▼-53.07%,0,1,1,1,0.2,317,237,237
TXO,202609W4,20260923.0,47650.0,Put,-,-,-,-,1670,-,-,0,0,0,0,-,-,-,-
TXO,202609W4,20260923.0,47700.0,Call,-,-,-,-,255,-,-,0,0,0,0,118,-,-,-
TXO,202609W4,20260923.0,47700.0,Put,-,-,-,-,1710,-,-,0,0,0,0,-,-,-,-
TXO,202609W4,20260923.0,47750.0,Call,-,-,-,-,241,-,-,0,0,0,2,239,246,410,410
TXO,202609W4,20260923.0,47750.0,Put,-,-,-,-,1750,-,-,0,0,0,0,-,-,-,-
TXO,202609W4,20260923.0,47800.0,Call,236,236,216,216,230,▼-234,▼-52.00%,5,4,9,3,5.5,322,400,216
TXO,202609W4,20260923.0,47800.0,Put,-,-,-,-,1780,-,-,0,0,0,0,-,-,-,-
TXO,202609W4,20260923.0,47850.0,Call,-,-,-,-,220,-,-,0,0,0,2,218,225,555,555
TXO,202609W4,20260923.0,47850.0,Put,-,-,-,-,1820,-,-,0,0,0,0,-,-,-,-
TXO,202609W4,20260923.0,47900.0,Call,198,198,198,198,210,▼-220,▼-52.63%,0,1,1,1,5.1,-,535,198
TXO,202609W4,20260923.0,47900.0,Put,-,-,-,-,1860,-,-,0,0,0,0,-,-,-,-
TXO,202609W4,20260923.0,47950.0,Call,-,-,-,-,201,-,-,0,0,0,0,58,-,-,-
TXO,202609W4,20260923.0,47950.0,Put,-,-,-,-,1900,-,-,0,0,0,0,-,-,-,-
TXO,202609W4,20260923.0,48000.0,Call,189,222,149,186,186,▼-199,▼-51.69%,8,59,67,68,93,-,605,149
TXO,202609W4,20260923.0,48000.0,Put,-,-,-,-,1950,-,-,0,0,0,0,-,-,-,-
TXO,202609W4,20260923.0,48050.0,Call,142,142,142,142,182,▼-227,▼-61.52%,0,1,1,1,34,263,142,142
TXO,202609W4,20260923.0,48050.0,Put,-,-,-,-,1990,-,-,0,0,0,0,-,-,-,-
TXO,202609W4,20260923.0,48100.0,Call,160,160,160,160,172,▼-194,▼-54.80%,1,2,3,2,24,300,394,160
TXO,202609W4,20260923.0,48100.0,Put,-,-,-,-,2030,-,-,0,0,0,0,-,-,-,-
TXO,202609W4,20260923.0,48150.0,Call,133,133,133,133,164,▼-207,▼-60.88%,2,1,3,1,3.6,-,590,133
TXO,202609W4,20260923.0,48150.0,Put,-,-,-,-,2070,-,-,0,0,0,0,-,-,-,-
TXO,202609W4,20260923.0,48200.0,Call,142,144,141,141,156,▼-186,▼-56.88%,4,10,14,50,153,159,461,141
TXO,202609W4,20260923.0,48200.0,Put,-,-,-,-,2110,-,-,0,0,0,0,-,-,-,-
TXO,202609W4,20260923.0,48250.0,Call,-,-,-,-,148,-,-,0,0,0,5,147,152,475,475
TXO,202609W4,20260923.0,48250.0,Put,-,-,-,-,2150,-,-,0,0,0,0,-,-,-,-
TXO,202609W4,20260923.0,48300.0,Call,145,159,145,159,141,▼-142,▼-47.18%,0,12,12,12,139,144,159,145
TXO,202609W4,20260923.0,48300.0,Put,-,-,-,-,2200,-,-,0,0,0,0,-,-,-,-
TXO,202609W4,20260923.0,48350.0,Call,-,-,-,-,137,-,-,0,0,0,2,3.1,-,450,450
TXO,202609W4,20260923.0,48350.0,Put,-,-,-,-,2240,-,-,0,0,0,0,-,-,-,-
TXO,202609W4,20260923.0,48400.0,Call,135,135,131,134,134,▼-139,▼-50.92%,3,3,6,7,4.5,233,425,131
TXO,202609W4,20260923.0,48400.0,Put,-,-,-,-,2280,-,-,0,0,0,0,-,-,-,-
TXO,202609W4,20260923.0,48450.0,Call,-,-,-,-,121,-,-,1,0,1,5,118,123,450,174
TXO,202609W4,20260923.0,48450.0,Put,-,-,-,-,2320,-,-,0,0,0,0,-,-,-,-
TXO,202609W4,20260923.0,48500.0,Call,116,129,84,108,115,▼-138,▼-56.10%,5,23,28,33,102,135,441,84
TXO,202609W4,20260923.0,48500.0,Put,-,-,-,-,2370,-,-,0,0,0,0,-,-,-,-
TXO,202609W4,20260923.0,48550.0,Call,-,-,-,-,109,-,-,0,0,0,0,0.2,-,-,-
TXO,202609W4,20260923.0,48550.0,Put,-,-,-,-,2410,-,-,0,0,0,0,-,-,-,-
TXO,202609W4,20260923.0,48600.0,Call,100,113,100,113,102,▼-119,▼-51.29%,0,3,3,2,101,105,331,100
TXO,202609W4,20260923.0,48600.0,Put,-,-,-,-,2460,-,-,0,0,0,0,-,-,-,-
TXO,202609W4,20260923.0,48700.0,Call,102,102,102,102,96,▼-110,▼-51.89%,2,1,3,6,92,96,365,102
TXO,202609W4,20260923.0,48700.0,Put,-,-,-,-,2550,-,-,0,0,0,0,-,-,-,-
TXO,202609W4,20260923.0,48800.0,Call,88,88,70,82,82,▼-98,▼-54.44%,2,14,16,10,82,85,188,70
TXO,202609W4,20260923.0,48800.0,Put,-,-,-,-,2640,-,-,0,0,0,0,-,-,-,-
TXO,202609W4,20260923.0,48900.0,Call,78,78,78,78,78,▼-98,▼-55.68%,0,1,1,2,0.2,-,250,78
TXO,202609W4,20260923.0,48900.0,Put,-,-,-,-,2730,-,-,0,0,0,0,-,-,-,-
TXO,202609W4,20260923.0,49000.0,Call,85,85,54,66,66,▼-94,▼-58.75%,6,33,39,14,27,-,291,54
TXO,202609W4,20260923.0,49000.0,Put,-,-,-,-,2820,-,-,0,0,0,0,-,-,-,-
TXO,202609W4,20260923.0,49100.0,Call,-,-,-,-,61,-,-,0,0,0,1,0.4,-,134,134
TXO,202609W4,20260923.0,49100.0,Put,-,-,-,-,2910,-,-,0,0,0,0,2,-,-,-
TXO,202609W4,20260923.0,49200.0,Call,54,54,54,54,54,▼-78,▼-59.09%,1,1,2,2,53,56,75,54
TXO,202609W4,20260923.0,49200.0,Put,-,-,-,-,3010,-,-,0,0,0,0,2,-,-,-
TXO,202609W4,20260923.0,49300.0,Call,-,-,-,-,48.5,-,-,0,0,0,1,48,50,243,104
TXO,202609W4,20260923.0,49300.0,Put,-,-,-,-,3100,-,-,0,0,0,0,2,-,-,-
TXO,202609W4,20260923.0,49400.0,Call,-,-,-,-,44,-,-,1,0,1,4,1.3,-,225,68
TXO,202609W4,20260923.0,49400.0,Put,-,-,-,-,3200,-,-,0,0,0,0,-,-,-,-
TXO,202609W4,20260923.0,49500.0,Call,45,45,40.5,40.5,40.5,▼-56.5,▼-58.25%,2,10,12,8,2,141,206,40.5
TXO,202609W4,20260923.0,49500.0,Put,-,-,-,-,3290,-,-,0,0,0,0,-,-,-,-
TXO,202609W4,20260923.0,49600.0,Call,42.5,42.5,42.5,42.5,36,▼-46.5,▼-52.25%,2,1,3,4,1.2,150,189,42.5
TXO,202609W4,20260923.0,49600.0,Put,-,-,-,-,3390,-,-,0,0,0,0,-,-,-,-
TXO,202609W4,20260923.0,49700.0,Call,31.5,31.5,31.5,31.5,31.5,▼-49.5,▼-61.11%,1,1,2,4,32.5,34,180,31.5
TXO,202609W4,20260923.0,49700.0,Put,-,-,-,-,3490,-,-,0,0,0,0,-,-,-,-
TXO,202609W4,20260923.0,49800.0,Call,-,-,-,-,30,-,-,1,0,1,3,29.5,31,165,29
TXO,202609W4,20260923.0,49800.0,Put,-,-,-,-,3580,-,-,0,0,0,0,-,-,-,-
TXO,202609W4,20260923.0,49900.0,Call,32,33,28,28,28,▼-38,▼-57.58%,0,62,62,63,22,68,58,28
TXO,202609W4,20260923.0,49900.0,Put,-,-,-,-,3680,-,-,0,0,0,0,-,-,-,-
TXO,202609W4,20260923.0,50000.0,Call,30,30,22,25,25,▼-33,▼-56.90%,16,26,42,53,11,50,126,22
TXO,202609W4,20260923.0,50000.0,Put,-,-,-,-,3780,-,-,0,0,0,0,-,-,-,-
TXO,202609W4,20260923.0,50100.0,Call,-,-,-,-,23,-,-,0,0,0,11,22.5,23.5,103,87
TXO,202609W4,20260923.0,50100.0,Put,-,-,-,-,3880,-,-,0,0,0,0,-,-,-,-
TXO,202609W4,20260923.0,50200.0,Call,21,21,21,21,21,▼-27.5,▼-56.70%,0,1,1,1,0.4,-,21,21
TXO,202609W4,20260923.0,50200.0,Put,-,-,-,-,3970,-,-,0,0,0,0,-,-,-,-
TXO,202609W4,20260923.0,50300.0,Call,21.5,21.5,20,20,20,▼-20,▼-50.00%,3,7,10,11,19,20,72,20
TXO,202609W4,20260923.0,50300.0,Put,-,-,-,-,4070,-,-,0,0,0,0,-,-,-,-
TXO,202609W4,20260923.0,50400.0,Call,-,-,-,-,18,-,-,1,0,1,2,17.5,18.5,71,28.5
TXO,202609W4,20260923.0,50400.0,Put,-,-,-,-,4170,-,-,0,0,0,0,-,-,-,-
TXO,202609W4,20260923.0,50500.0,Call,-,-,-,-,17,-,-,1,0,1,7,16.5,17.5,79,24
TXO,202609W4,20260923.0,50500.0,Put,-,-,-,-,4270,-,-,0,0,0,0,-,-,-,-
TXO,202609W4,20260923.0,50600.0,Call,-,-,-,-,15.5,-,-,0,0,0,4,15,16,72,28
TXO,202609W4,20260923.0,50600.0,Put,-,-,-,-,4370,-,-,0,0,0,0,-,-,-,-
TXO,202609W4,20260923.0,50700.0,Call,16,16,16,16,14.5,▼-14.5,▼-47.54%,0,1,1,2,0.3,115,66,16
TXO,202609W4,20260923.0,50700.0,Put,-,-,-,-,4470,-,-,0,0,0,0,-,-,-,-
TXO,202609W4,20260923.0,50800.0,Call,-,-,-,-,13.5,-,-,0,0,0,2,13,14,40,24.5
TXO,202609W4,20260923.0,50800.0,Put,-,-,-,-,4570,-,-,0,0,0,0,-,-,-,-
TXO,202609W4,20260923.0,50900.0,Call,-,-,-,-,13,-,-,0,0,0,0,12.5,13.5,-,-
TXO,202609W4,20260923.0,50900.0,Put,-,-,-,-,4670,-,-,0,0,0,0,-,-,-,-
TXO,202609W4,20260923.0,51000.0,Call,12,12,12,12,12,▼-11.5,▼-48.94%,0,2,2,1,-,-,39,12
TXO,202609W4,20260923.0,51000.0,Put,-,-,-,-,4760,-,-,0,0,0,0,-,-,-,-
TXO,202609W4,20260923.0,51100.0,Call,-,-,-,-,11.5,-,-,0,0,0,1,11,12,35,35
TXO,202609W4,20260923.0,51100.0,Put,-,-,-,-,4860,-,-,0,0,0,0,-,-,-,-
TXO,202609W4,20260923.0,51200.0,Call,-,-,-,-,10.5,-,-,0,0,0,3,0.4,126,33,31.5
TXO,202609W4,20260923.0,51200.0,Put,-,-,-,-,4960,-,-,0,0,0,0,-,-,-,-
TXO,202609W4,20260923.0,51300.0,Call,-,-,-,-,10,-,-,1,0,1,2,0.4,110,21.5,13
TXO,202609W4,20260923.0,51300.0,Put,-,-,-,-,5060,-,-,0,0,0,0,-,-,-,-
TXO,202609W4,20260923.0,51400.0,Call,-,-,-,-,9.5,-,-,1,0,1,1,0.4,99,13,13
TXO,202609W4,20260923.0,51400.0,Put,-,-,-,-,5160,-,-,0,0,0,0,-,-,-,-
TXO,202609W4,20260923.0,51500.0,Call,-,-,-,-,9,-,-,0,0,0,0,-,-,-,-
TXO,202609W4,20260923.0,51500.0,Put,-,-,-,-,5260,-,-,0,0,0,0,-,-,-,-
TXO,202609W4,20260923.0,51600.0,Call,-,-,-,-,8.8,-,-,0,0,0,0,0.4,-,-,-
TXO,202609W4,20260923.0,51600.0,Put,-,-,-,-,5360,-,-,0,0,0,0,-,-,-,-
TXO,202609W4,20260923.0,51700.0,Call,-,-,-,-,8.4,-,-,0,0,0,0,0.8,-,-,-
TXO,202609W4,20260923.0,51700.0,Put,-,-,-,-,5460,-,-,0,0,0,0,-,-,-,-
TXO,202609W4,20260923.0,51800.0,Call,-,-,-,-,8,-,-,0,0,0,3,0.8,-,20,13
TXO,202609W4,20260923.0,51800.0,Put,-,-,-,-,5560,-,-,0,0,0,0,-,-,-,-
TXO,202609W4,20260923.0,51900.0,Call,-,-,-,-,7.6,-,-,0,0,0,5,0.8,-,24,12
TXO,202609W4,20260923.0,51900.0,Put,-,-,-,-,5660,-,-,0,0,0,0,-,-,-,-
TXO,202609W4,20260923.0,52000.0,Call,-,-,-,-,7.4,-,-,0,0,0,2,-,108,12.5,11
TXO,202609W4,20260923.0,52000.0,Put,-,-,-,-,5760,-,-,0,0,0,0,-,-,-,-
TXO,202609F4,20260929.0,42200.0,Call,-,-,-,-,4170,-,-,0,0,0,0,-,-,-,-
TXO,202609F4,20260929.0,42200.0,Put,90,140,90,109,109,▲+65,▲+147.73%,0,51,51,51,70,145,140,90
TXO,202609F4,20260929.0,42300.0,Call,-,-,-,-,4080,-,-,0,0,0,0,4010,-,-,-
TXO,202609F4,20260929.0,42300.0,Put,122,122,115,115,115,▲+68,▲+144.68%,0,12,12,12,109,113,122,115
TXO,202609F4,20260929.0,42400.0,Call,-,-,-,-,3990,-,-,0,0,0,0,-,-,-,-
TXO,202609F4,20260929.0,42400.0,Put,127,127,120,120,120,▲+70,▲+140.00%,0,12,12,12,49,224,127,120
TXO,202609F4,20260929.0,42500.0,Call,-,-,-,-,3890,-,-,0,0,0,0,-,3910,-,-
TXO,202609F4,20260929.0,42500.0,Put,150,150,131,131,131,▲+78,▲+147.17%,0,7,7,7,57,230,150,131
TXO,202609F4,20260929.0,42600.0,Call,-,-,-,-,3800,-,-,0,0,0,0,3730,-,-,-
TXO,202609F4,20260929.0,42600.0,Put,136,136,136,136,136,▲+80,▲+142.86%,0,6,6,6,128,133,136,136
TXO,202609F4,20260929.0,42700.0,Call,-,-,-,-,3710,-,-,0,0,0,0,3640,-,-,-
TXO,202609F4,20260929.0,42700.0,Put,142,142,142,142,142,▲+82,▲+136.67%,0,6,6,6,135,140,142,142
TXO,202609F4,20260929.0,42800.0,Call,-,-,-,-,3620,-,-,0,0,0,0,-,-,-,-
TXO,202609F4,20260929.0,42800.0,Put,-,-,-,-,146,-,-,0,0,0,0,143,148,-,-
TXO,202609F4,20260929.0,42900.0,Call,-,-,-,-,3530,-,-,0,0,0,0,-,-,-,-
TXO,202609F4,20260929.0,42900.0,Put,179,186,179,186,156,▲+117,▲+169.57%,0,3,3,2,54,259,186,179
TXO,202609F4,20260929.0,43000.0,Call,-,-,-,-,3430,-,-,0,0,0,0,-,-,-,-
TXO,202609F4,20260929.0,43000.0,Put,200,205,172,172,172,▲+99,▲+135.62%,0,11,11,6,162,167,205,172
TXO,202609F4,20260929.0,43100.0,Call,-,-,-,-,3340,-,-,0,0,0,0,3330,3360,-,-
TXO,202609F4,20260929.0,43100.0,Put,-,-,-,-,174,-,-,0,0,0,0,171,176,-,-
TXO,202609F4,20260929.0,43200.0,Call,-,-,-,-,3250,-,-,0,0,0,0,3180,-,-,-
TXO,202609F4,20260929.0,43200.0,Put,-,-,-,-,185,-,-,0,0,0,0,182,187,-,-
TXO,202609F4,20260929.0,43300.0,Call,-,-,-,-,3160,-,-,0,0,0,0,3150,-,-,-
TXO,202609F4,20260929.0,43300.0,Put,-,-,-,-,194,-,-,0,0,0,0,101,-,-,-
TXO,202609F4,20260929.0,43400.0,Call,-,-,-,-,3080,-,-,0,0,0,0,3010,-,-,-
TXO,202609F4,20260929.0,43400.0,Put,-,-,-,-,207,-,-,0,0,0,0,204,210,-,-
TXO,202609F4,20260929.0,43500.0,Call,-,-,-,-,2990,-,-,0,0,0,0,-,-,-,-
TXO,202609F4,20260929.0,43500.0,Put,248,267,248,267,218,▲+165,▲+161.76%,0,3,3,2,215,221,267,248
TXO,202609F4,20260929.0,43600.0,Call,-,-,-,-,2900,-,-,0,0,0,0,-,-,-,-
TXO,202609F4,20260929.0,43600.0,Put,-,-,-,-,232,-,-,0,0,0,0,228,235,-,-
TXO,202609F4,20260929.0,43700.0,Call,-,-,-,-,2810,-,-,0,0,0,0,-,-,-,-
TXO,202609F4,20260929.0,43700.0,Put,-,-,-,-,245,-,-,0,0,0,0,241,248,-,-
TXO,202609F4,20260929.0,43800.0,Call,-,-,-,-,2730,-,-,0,0,0,0,-,-,-,-
TXO,202609F4,20260929.0,43800.0,Put,-,-,-,-,260,-,-,0,0,0,0,256,263,-,-
TXO,202609F4,20260929.0,43900.0,Call,-,-,-,-,2650,-,-,0,0,0,0,-,-,-,-
TXO,202609F4,20260929.0,43900.0,Put,-,-,-,-,277,-,-,0,0,0,0,199,-,-,-
TXO,202609F4,20260929.0,44000.0,Call,-,-,-,-,2560,-,-,0,0,0,0,-,-,-,-
TXO,202609F4,20260929.0,44000.0,Put,366,366,366,366,292,▲+223,▲+155.94%,0,1,1,1,146,350,366,366
TXO,202609F4,20260929.0,44100.0,Call,-,-,-,-,2480,-,-,0,0,0,0,2410,-,-,-
TXO,202609F4,20260929.0,44100.0,Put,-,-,-,-,310,-,-,0,0,0,0,306,313,-,-
TXO,202609F4,20260929.0,44200.0,Call,-,-,-,-,2400,-,-,0,0,0,0,-,-,-,-
TXO,202609F4,20260929.0,44200.0,Put,-,-,-,-,328,-,-,0,0,0,0,324,332,-,-
TXO,202609F4,20260929.0,44300.0,Call,-,-,-,-,2320,-,-,0,0,0,0,-,-,-,-
TXO,202609F4,20260929.0,44300.0,Put,-,-,-,-,347,-,-,0,0,0,0,-,-,-,-
TXO,202609F4,20260929.0,44400.0,Call,-,-,-,-,2240,-,-,0,0,0,0,-,-,-,-
TXO,202609F4,20260929.0,44400.0,Put,-,-,-,-,368,-,-,0,0,0,0,364,372,-,-
TXO,202609F4,20260929.0,44500.0,Call,-,-,-,-,2160,-,-,0,0,0,0,2100,-,-,-
TXO,202609F4,20260929.0,44500.0,Put,-,-,-,-,389,-,-,0,0,0,0,291,-,-,-
TXO,202609F4,20260929.0,44600.0,Call,-,-,-,-,2080,-,-,0,0,0,0,-,-,-,-
TXO,202609F4,20260929.0,44600.0,Put,-,-,-,-,413,-,-,0,0,0,0,408,417,-,-
TXO,202609F4,20260929.0,44700.0,Call,-,-,-,-,2010,-,-,0,0,0,0,-,-,-,-
TXO,202609F4,20260929.0,44700.0,Put,-,-,-,-,436,-,-,0,0,0,0,431,440,-,-
TXO,202609F4,20260929.0,44800.0,Call,-,-,-,-,1930,-,-,0,0,0,0,-,-,-,-
TXO,202609F4,20260929.0,44800.0,Put,461,461,461,461,461,▲+217,▲+88.93%,0,1,1,1,319,570,461,461
TXO,202609F4,20260929.0,44900.0,Call,-,-,-,-,1860,-,-,0,0,0,0,-,-,-,-
TXO,202609F4,20260929.0,44900.0,Put,-,-,-,-,487,-,-,0,0,0,0,409,-,-,-
TXO,202609F4,20260929.0,45000.0,Call,-,-,-,-,1790,-,-,0,0,0,0,-,-,-,-
TXO,202609F4,20260929.0,45000.0,Put,530,535,530,535,535,▲+257,▲+92.45%,0,14,14,14,458,-,535,530
TXO,202609F4,20260929.0,45100.0,Call,-,-,-,-,1710,-,-,0,0,0,0,-,-,-,-
TXO,202609F4,20260929.0,45100.0,Put,-,-,-,-,545,-,-,0,0,0,0,535,550,-,-
TXO,202609F4,20260929.0,45200.0,Call,-,-,-,-,1650,-,-,0,0,0,0,1630,1660,-,-
TXO,202609F4,20260929.0,45200.0,Put,-,-,-,-,575,-,-,0,0,0,0,570,580,-,-
TXO,202609F4,20260929.0,45300.0,Call,-,-,-,-,1580,-,-,0,0,0,0,-,-,-,-
TXO,202609F4,20260929.0,45300.0,Put,-,-,-,-,605,-,-,0,0,0,0,600,610,-,-
TXO,202609F4,20260929.0,45400.0,Call,-,-,-,-,1510,-,-,0,0,0,0,1500,1520,-,-
TXO,202609F4,20260929.0,45400.0,Put,-,-,-,-,640,-,-,0,0,0,0,520,-,-,-
TXO,202609F4,20260929.0,45500.0,Call,-,-,-,-,1440,-,-,0,0,0,0,-,-,-,-
TXO,202609F4,20260929.0,45500.0,Put,-,-,-,-,675,-,-,0,0,0,0,545,-,-,-
TXO,202609F4,20260929.0,45550.0,Call,-,-,-,-,1410,-,-,0,0,0,0,1400,1420,-,-
TXO,202609F4,20260929.0,45550.0,Put,-,-,-,-,690,-,-,0,0,0,0,565,-,-,-
TXO,202609F4,20260929.0,45600.0,Call,-,-,-,-,1380,-,-,0,0,0,0,-,-,-,-
TXO,202609F4,20260929.0,45600.0,Put,-,-,-,-,710,-,-,0,0,0,0,700,715,-,-
TXO,202609F4,20260929.0,45650.0,Call,-,-,-,-,1350,-,-,0,0,0,0,1340,1360,-,-
TXO,202609F4,20260929.0,45650.0,Put,-,-,-,-,730,-,-,0,0,0,0,720,735,-,-
TXO,202609F4,20260929.0,45700.0,Call,-,-,-,-,1320,-,-,0,0,0,0,1310,1330,-,-
TXO,202609F4,20260929.0,45700.0,Put,-,-,-,-,750,-,-,0,0,0,0,740,755,-,-
TXO,202609F4,20260929.0,45750.0,Call,-,-,-,-,1290,-,-,0,0,0,0,-,-,-,-
TXO,202609F4,20260929.0,45750.0,Put,-,-,-,-,770,-,-,0,0,0,0,760,775,-,-
TXO,202609F4,20260929.0,45800.0,Call,-,-,-,-,1260,-,-,0,0,0,0,1250,1270,-,-
TXO,202609F4,20260929.0,45800.0,Put,-,-,-,-,790,-,-,0,0,0,0,3.8,-,-,-
TXO,202609F4,20260929.0,45850.0,Call,-,-,-,-,1230,-,-,0,0,0,0,1220,1240,-,-
TXO,202609F4,20260929.0,45850.0,Put,-,-,-,-,810,-,-,0,0,0,0,800,815,-,-
TXO,202609F4,20260929.0,45900.0,Call,-,-,-,-,1200,-,-,0,0,0,0,1190,1210,-,-
TXO,202609F4,20260929.0,45900.0,Put,910,910,910,910,830,▲+418,▲+84.96%,0,1,1,1,820,835,910,910
TXO,202609F4,20260929.0,45950.0,Call,-,-,-,-,1170,-,-,0,0,0,0,-,-,-,-
TXO,202609F4,20260929.0,45950.0,Put,-,-,-,-,850,-,-,0,0,0,0,840,855,-,-
TXO,202609F4,20260929.0,46000.0,Call,-,-,-,-,1140,-,-,0,0,0,0,-,-,-,-
TXO,202609F4,20260929.0,46000.0,Put,-,-,-,-,870,-,-,0,0,0,0,860,875,-,-
TXO,202609F4,20260929.0,46050.0,Call,-,-,-,-,1110,-,-,0,0,0,0,1100,1120,-,-
TXO,202609F4,20260929.0,46050.0,Put,-,-,-,-,890,-,-,0,0,0,0,880,895,-,-
TXO,202609F4,20260929.0,46100.0,Call,-,-,-,-,1080,-,-,0,0,0,0,1070,1090,-,-
TXO,202609F4,20260929.0,46100.0,Put,-,-,-,-,915,-,-,0,0,0,0,905,920,-,-
TXO,202609F4,20260929.0,46150.0,Call,-,-,-,-,1060,-,-,0,0,0,0,1050,1070,-,-
TXO,202609F4,20260929.0,46150.0,Put,-,-,-,-,935,-,-,0,0,0,0,-,-,-,-
TXO,202609F4,20260929.0,46200.0,Call,-,-,-,-,1030,-,-,0,0,0,0,1020,1040,-,-
TXO,202609F4,20260929.0,46200.0,Put,-,-,-,-,960,-,-,0,0,0,0,950,965,-,-
TXO,202609F4,20260929.0,46250.0,Call,985,985,985,985,985,▼-305,▼-23.64%,0,1,1,1,-,-,985,985
TXO,202609F4,20260929.0,46250.0,Put,985,985,985,985,985,▲+380,▲+62.81%,0,1,1,1,-,-,985,985
TXO,202609F4,20260929.0,46300.0,Call,970,970,970,970,970,▼-290,▼-23.02%,0,2,2,2,970,990,970,970
TXO,202609F4,20260929.0,46300.0,Put,-,-,-,-,1010,-,-,0,0,0,0,995,1010,-,-
TXO,202609F4,20260929.0,46350.0,Call,-,-,-,-,945,-,-,0,0,0,0,-,-,-,-
TXO,202609F4,20260929.0,46350.0,Put,-,-,-,-,1030,-,-,0,0,0,0,-,-,-,-
TXO,202609F4,20260929.0,46400.0,Call,-,-,-,-,920,-,-,0,0,0,0,-,-,-,-
TXO,202609F4,20260929.0,46400.0,Put,-,-,-,-,1050,-,-,0,0,0,0,-,-,-,-
TXO,202609F4,20260929.0,46450.0,Call,-,-,-,-,895,-,-,0,0,0,0,890,905,-,-
TXO,202609F4,20260929.0,46450.0,Put,-,-,-,-,1080,-,-,0,0,0,0,1070,1090,-,-
TXO,202609F4,20260929.0,46500.0,Call,800,800,800,800,870,▼-330,▼-29.20%,0,2,2,2,-,-,800,800
TXO,202609F4,20260929.0,46500.0,Put,1280,1280,1280,1280,1100,▲+580,▲+82.86%,0,2,2,2,1090,1110,1280,1280
TXO,202609F4,20260929.0,46550.0,Call,-,-,-,-,850,-,-,0,0,0,0,-,-,-,-
TXO,202609F4,20260929.0,46550.0,Put,-,-,-,-,1130,-,-,0,0,0,0,1120,1140,-,-
TXO,202609F4,20260929.0,46600.0,Call,-,-,-,-,825,-,-,0,0,0,0,820,835,-,-
TXO,202609F4,20260929.0,46600.0,Put,-,-,-,-,1160,-,-,0,0,0,0,1140,1160,-,-
TXO,202609F4,20260929.0,46650.0,Call,-,-,-,-,800,-,-,0,0,0,0,650,-,-,-
TXO,202609F4,20260929.0,46650.0,Put,-,-,-,-,1180,-,-,0,0,0,0,1170,1190,-,-
TXO,202609F4,20260929.0,46700.0,Call,-,-,-,-,780,-,-,0,0,0,0,640,-,-,-
TXO,202609F4,20260929.0,46700.0,Put,-,-,-,-,1210,-,-,0,0,0,0,-,-,-,-
TXO,202609F4,20260929.0,46750.0,Call,-,-,-,-,755,-,-,0,0,0,0,-,-,-,-
TXO,202609F4,20260929.0,46750.0,Put,-,-,-,-,1240,-,-,0,0,0,0,1220,1240,-,-
TXO,202609F4,20260929.0,46800.0,Call,-,-,-,-,735,-,-,0,0,0,0,725,740,-,-
TXO,202609F4,20260929.0,46800.0,Put,-,-,-,-,1260,-,-,0,0,0,0,-,-,-,-
TXO,202609F4,20260929.0,46850.0,Call,-,-,-,-,710,-,-,0,0,0,0,585,-,-,-
TXO,202609F4,20260929.0,46850.0,Put,-,-,-,-,1290,-,-,0,0,0,0,1280,1300,-,-
TXO,202609F4,20260929.0,46900.0,Call,-,-,-,-,690,-,-,0,0,0,0,555,-,-,-
TXO,202609F4,20260929.0,46900.0,Put,-,-,-,-,1320,-,-,0,0,0,0,-,-,-,-
TXO,202609F4,20260929.0,46950.0,Call,-,-,-,-,670,-,-,0,0,0,0,535,-,-,-
TXO,202609F4,20260929.0,46950.0,Put,-,-,-,-,1350,-,-,0,0,0,0,1340,1360,-,-
TXO,202609F4,20260929.0,47000.0,Call,610,610,540,545,650,▼-315,▼-36.63%,0,6,6,5,530,740,610,540
TXO,202609F4,20260929.0,47000.0,Put,-,-,-,-,1380,-,-,0,0,0,0,-,-,-,-
TXO,202609F4,20260929.0,47050.0,Call,-,-,-,-,630,-,-,0,0,0,0,625,635,-,-
TXO,202609F4,20260929.0,47050.0,Put,-,-,-,-,1410,-,-,0,0,0,0,1400,1420,-,-
TXO,202609F4,20260929.0,47100.0,Call,-,-,-,-,610,-,-,0,0,0,0,465,-,-,-
TXO,202609F4,20260929.0,47100.0,Put,-,-,-,-,1440,-,-,0,0,0,0,-,-,-,-
TXO,202609F4,20260929.0,47150.0,Call,-,-,-,-,590,-,-,0,0,0,0,585,600,-,-
TXO,202609F4,20260929.0,47150.0,Put,-,-,-,-,1470,-,-,0,0,0,0,1460,1480,-,-
TXO,202609F4,20260929.0,47200.0,Call,483,491,483,491,570,▼-269,▼-35.39%,0,5,5,5,565,580,491,483
TXO,202609F4,20260929.0,47200.0,Put,-,-,-,-,1500,-,-,0,0,0,0,1490,1510,-,-
TXO,202609F4,20260929.0,47250.0,Call,-,-,-,-,555,-,-,0,0,0,0,-,-,-,-
TXO,202609F4,20260929.0,47250.0,Put,1500,1500,1500,1500,1530,▲+450,▲+42.86%,0,1,1,1,-,-,1500,1500
TXO,202609F4,20260929.0,47300.0,Call,-,-,-,-,535,-,-,0,0,0,0,-,-,-,-
TXO,202609F4,20260929.0,47300.0,Put,-,-,-,-,1560,-,-,0,0,0,0,1550,1570,-,-
TXO,202609F4,20260929.0,47350.0,Call,-,-,-,-,515,-,-,0,0,0,0,381,-,-,-
TXO,202609F4,20260929.0,47350.0,Put,-,-,-,-,1590,-,-,0,0,0,0,-,-,-,-
TXO,202609F4,20260929.0,47400.0,Call,-,-,-,-,499,-,-,0,0,0,0,365,-,-,-
TXO,202609F4,20260929.0,47400.0,Put,-,-,-,-,1630,-,-,0,0,0,0,-,-,-,-
TXO,202609F4,20260929.0,47450.0,Call,-,-,-,-,483,-,-,0,0,0,0,478,488,-,-
TXO,202609F4,20260929.0,47450.0,Put,-,-,-,-,1660,-,-,0,0,0,0,-,-,-,-
TXO,202609F4,20260929.0,47500.0,Call,468,468,468,468,468,▼-162,▼-25.71%,0,4,4,4,462,472,468,468
TXO,202609F4,20260929.0,47500.0,Put,-,-,-,-,1690,-,-,0,0,0,0,1680,1710,-,-
TXO,202609F4,20260929.0,47550.0,Call,-,-,-,-,453,-,-,0,0,0,0,446,456,-,-
TXO,202609F4,20260929.0,47550.0,Put,-,-,-,-,1730,-,-,0,0,0,0,-,-,-,-
TXO,202609F4,20260929.0,47600.0,Call,-,-,-,-,438,-,-,0,0,0,0,434,443,-,-
TXO,202609F4,20260929.0,47600.0,Put,-,-,-,-,1770,-,-,0,0,0,0,-,-,-,-
TXO,202609F4,20260929.0,47650.0,Call,-,-,-,-,423,-,-,0,0,0,0,293,-,-,-
TXO,202609F4,20260929.0,47650.0,Put,-,-,-,-,1800,-,-,0,0,0,0,-,-,-,-
TXO,202609F4,20260929.0,47700.0,Call,-,-,-,-,409,-,-,0,0,0,0,402,411,-,-
TXO,202609F4,20260929.0,47700.0,Put,-,-,-,-,1840,-,-,0,0,0,0,-,-,-,-
TXO,202609F4,20260929.0,47750.0,Call,-,-,-,-,394,-,-,0,0,0,0,266,-,-,-
TXO,202609F4,20260929.0,47750.0,Put,-,-,-,-,1870,-,-,0,0,0,0,-,-,-,-
TXO,202609F4,20260929.0,47800.0,Call,-,-,-,-,377,-,-,0,0,0,0,373,382,-,-
TXO,202609F4,20260929.0,47800.0,Put,-,-,-,-,1900,-,-,0,0,0,0,-,-,-,-
TXO,202609F4,20260929.0,47850.0,Call,-,-,-,-,364,-,-,0,0,0,0,360,369,-,-
TXO,202609F4,20260929.0,47850.0,Put,-,-,-,-,1940,-,-,0,0,0,0,-,-,-,-
TXO,202609F4,20260929.0,47900.0,Call,350,350,294,294,351,▼-186,▼-38.75%,0,3,3,1,228,-,350,294
TXO,202609F4,20260929.0,47900.0,Put,-,-,-,-,1980,-,-,0,0,0,0,-,-,-,-
TXO,202609F4,20260929.0,47950.0,Call,333,333,333,333,333,▼-130,▼-28.08%,0,1,1,1,334,343,333,333
TXO,202609F4,20260929.0,47950.0,Put,-,-,-,-,2020,-,-,0,0,0,0,-,-,-,-
TXO,202609F4,20260929.0,48000.0,Call,320,334,320,334,327,▼-113,▼-25.28%,0,2,2,2,192,402,334,320
TXO,202609F4,20260929.0,48000.0,Put,-,-,-,-,2050,-,-,0,0,0,0,-,-,-,-
TXO,202609F4,20260929.0,48050.0,Call,-,-,-,-,315,-,-,0,0,0,0,-,-,-,-
TXO,202609F4,20260929.0,48050.0,Put,-,-,-,-,2090,-,-,0,0,0,0,-,-,-,-
TXO,202609F4,20260929.0,48100.0,Call,307,307,307,307,307,▼-109,▼-26.20%,0,1,1,1,299,307,307,307
TXO,202609F4,20260929.0,48100.0,Put,-,-,-,-,2130,-,-,0,0,0,0,-,-,-,-
TXO,202609F4,20260929.0,48150.0,Call,295,295,295,295,295,▼-105,▼-26.25%,0,1,1,1,165,-,295,295
TXO,202609F4,20260929.0,48150.0,Put,-,-,-,-,2170,-,-,0,0,0,0,-,-,-,-
TXO,202609F4,20260929.0,48200.0,Call,-,-,-,-,280,-,-,0,0,0,0,276,284,-,-
TXO,202609F4,20260929.0,48200.0,Put,-,-,-,-,2210,-,-,0,0,0,0,-,-,-,-
TXO,202609F4,20260929.0,48250.0,Call,-,-,-,-,270,-,-,0,0,0,0,146,-,-,-
TXO,202609F4,20260929.0,48250.0,Put,-,-,-,-,2250,-,-,0,0,0,0,-,-,-,-
TXO,202609F4,20260929.0,48300.0,Call,-,-,-,-,260,-,-,0,0,0,0,256,264,-,-
TXO,202609F4,20260929.0,48300.0,Put,-,-,-,-,2290,-,-,0,0,0,0,-,-,-,-
TXO,202609F4,20260929.0,48400.0,Call,227,242,227,242,242,▼-89,▼-26.89%,0,4,4,3,237,244,242,227
TXO,202609F4,20260929.0,48400.0,Put,-,-,-,-,2370,-,-,0,0,0,0,-,-,-,-
TXO,202609F4,20260929.0,48500.0,Call,220,220,206,206,206,▼-100,▼-32.68%,0,3,3,3,219,226,220,206
TXO,202609F4,20260929.0,48500.0,Put,-,-,-,-,2450,-,-,0,0,0,0,-,-,-,-
TXO,202609F4,20260929.0,48600.0,Call,203,203,203,203,203,▼-79,▼-28.01%,0,3,3,3,87,-,203,203
TXO,202609F4,20260929.0,48600.0,Put,-,-,-,-,2530,-,-,0,0,0,0,-,-,-,-
TXO,202609F4,20260929.0,48700.0,Call,174,200,174,200,200,▼-60,▼-23.08%,0,2,2,2,185,191,200,174
TXO,202609F4,20260929.0,48700.0,Put,-,-,-,-,2620,-,-,0,0,0,0,-,-,-,-
TXO,202609F4,20260929.0,48800.0,Call,186,186,186,186,186,▼-54,▼-22.50%,0,2,2,2,171,177,186,186
TXO,202609F4,20260929.0,48800.0,Put,-,-,-,-,2700,-,-,0,0,0,0,-,-,-,-
TXO,202609F4,20260929.0,48900.0,Call,151,151,151,151,151,▼-69,▼-31.36%,0,1,1,1,52,246,151,151
TXO,202609F4,20260929.0,48900.0,Put,-,-,-,-,2790,-,-,0,0,0,0,-,-,-,-
TXO,202609F4,20260929.0,49000.0,Call,150,153,133,153,147,▼-50,▼-24.63%,0,15,15,15,3,235,153,133
TXO,202609F4,20260929.0,49000.0,Put,-,-,-,-,2870,-,-,0,0,0,0,-,-,-,-
TXO,202609F4,20260929.0,49100.0,Call,130,130,130,130,130,▼-56,▼-30.11%,0,1,1,1,132,137,130,130
TXO,202609F4,20260929.0,49100.0,Put,-,-,-,-,2960,-,-,0,0,0,0,-,-,-,-
TXO,202609F4,20260929.0,49200.0,Call,-,-,-,-,124,-,-,0,0,0,0,2.7,-,-,-
TXO,202609F4,20260929.0,49200.0,Put,-,-,-,-,3050,-,-,0,0,0,0,-,-,-,-
TXO,202609F4,20260929.0,49300.0,Call,115,115,115,115,115,▼-41,▼-26.28%,0,1,1,1,70,-,115,115
TXO,202609F4,20260929.0,49300.0,Put,-,-,-,-,3140,-,-,0,0,0,0,-,-,-,-
TXO,202609F4,20260929.0,49400.0,Call,105,105,100,102,102,▼-40,▼-28.17%,0,4,4,2,7.7,-,105,100
TXO,202609F4,20260929.0,49400.0,Put,-,-,-,-,3230,-,-,0,0,0,0,-,-,-,-
TXO,202609F4,20260929.0,49500.0,Call,100,100,78,94,94,▼-36,▼-27.69%,0,9,9,5,60,195,100,78
TXO,202609F4,20260929.0,49500.0,Put,-,-,-,-,3320,-,-,0,0,0,0,-,-,-,-
TXO,202609F4,20260929.0,49600.0,Call,-,-,-,-,87,-,-,0,0,0,0,85,89,-,-
TXO,202609F4,20260929.0,49600.0,Put,-,-,-,-,3410,-,-,0,0,0,0,-,-,-,-
TXO,202609F4,20260929.0,49700.0,Call,-,-,-,-,80,-,-,0,0,0,0,78,81,-,-
TXO,202609F4,20260929.0,49700.0,Put,-,-,-,-,3510,-,-,0,0,0,0,-,-,-,-
TXO,202609F4,20260929.0,49800.0,Call,82,82,76,76,76,▼-22,▼-22.45%,0,7,7,7,5.4,-,82,76
TXO,202609F4,20260929.0,49800.0,Put,-,-,-,-,3600,-,-,0,0,0,0,-,-,-,-
TXO,202609F4,20260929.0,49900.0,Call,-,-,-,-,67,-,-,0,0,0,0,-,-,-,-
TXO,202609F4,20260929.0,49900.0,Put,-,-,-,-,3690,-,-,0,0,0,0,-,-,-,-
TXO,202609F4,20260929.0,50000.0,Call,64,65,60,65,65,▼-16,▼-19.75%,0,7,7,6,60,63,65,60
TXO,202609F4,20260929.0,50000.0,Put,-,-,-,-,3790,-,-,0,0,0,0,-,-,-,-
TXO,202609F4,20260929.0,50100.0,Call,-,-,-,-,56,-,-,0,0,0,0,-,-,-,-
TXO,202609F4,20260929.0,50100.0,Put,-,-,-,-,3880,-,-,0,0,0,0,-,-,-,-
TXO,202609F4,20260929.0,50200.0,Call,-,-,-,-,51,-,-,0,0,0,0,3.9,-,-,-
TXO,202609F4,20260929.0,50200.0,Put,-,-,-,-,3980,-,-,0,0,0,0,-,-,-,-
TXO,202609F4,20260929.0,50300.0,Call,-,-,-,-,47.5,-,-,0,0,0,0,5.2,-,-,-
TXO,202609F4,20260929.0,50300.0,Put,-,-,-,-,4070,-,-,0,0,0,0,-,-,-,-
TXO,202609F4,20260929.0,50400.0,Call,-,-,-,-,44,-,-,0,0,0,0,3.2,-,-,-
TXO,202609F4,20260929.0,50400.0,Put,-,-,-,-,4170,-,-,0,0,0,0,-,-,-,-
TXO,202609F4,20260929.0,50500.0,Call,-,-,-,-,40,-,-,0,0,0,0,39,41.5,-,-
TXO,202609F4,20260929.0,50500.0,Put,-,-,-,-,4270,-,-,0,0,0,0,-,-,-,-
TXO,202609F4,20260929.0,50600.0,Call,-,-,-,-,37.5,-,-,0,0,0,0,36.5,38.5,-,-
TXO,202609F4,20260929.0,50600.0,Put,-,-,-,-,4360,-,-,0,0,0,0,-,-,-,-
TXO,202609F4,20260929.0,50700.0,Call,-,-,-,-,34.5,-,-,0,0,0,0,34,35.5,-,-
TXO,202609F4,20260929.0,50700.0,Put,-,-,-,-,4460,-,-,0,0,0,0,-,-,-,-
TXO,202609F4,20260929.0,50800.0,Call,-,-,-,-,32,-,-,0,0,0,0,31.5,33,-,-
TXO,202609F4,20260929.0,50800.0,Put,-,-,-,-,4560,-,-,0,0,0,0,-,-,-,-
TXO,202609F4,20260929.0,50900.0,Call,29,29,29,29,29,▼-4,▼-12.12%,0,2,2,2,29,30.5,29,29
TXO,202609F4,20260929.0,50900.0,Put,-,-,-,-,4650,-,-,0,0,0,0,-,-,-,-
TXO,202609F4,20260929.0,51000.0,Call,29.5,29.5,29.5,29.5,27.5,▼-0.5,▼-1.67%,0,1,1,1,2.9,128,29.5,29.5
TXO,202609F4,20260929.0,51000.0,Put,-,-,-,-,4750,-,-,0,0,0,0,-,-,-,-
TXO,202609F4,20260929.0,51100.0,Call,-,-,-,-,25.5,-,-,0,0,0,0,1,-,-,-
TXO,202609F4,20260929.0,51100.0,Put,-,-,-,-,4850,-,-,0,0,0,0,-,-,-,-
TXO,202609F4,20260929.0,51200.0,Call,-,-,-,-,23.5,-,-,0,0,0,0,0.9,-,-,-
TXO,202609F4,20260929.0,51200.0,Put,-,-,-,-,4950,-,-,0,0,0,0,-,-,-,-
TXO,202609F4,20260929.0,51300.0,Call,-,-,-,-,22,-,-,0,0,0,0,-,-,-,-
TXO,202609F4,20260929.0,51300.0,Put,-,-,-,-,5050,-,-,0,0,0,0,-,-,-,-
TXO,202609F4,20260929.0,51400.0,Call,-,-,-,-,21,-,-,0,0,0,0,-,-,-,-
TXO,202609F4,20260929.0,51400.0,Put,-,-,-,-,5150,-,-,0,0,0,0,-,-,-,-
TXO,202609F4,20260929.0,51500.0,Call,18,18,18,18,19.5,▲+0.5,▲+2.86%,0,2,2,2,19,20.5,18,18
TXO,202609F4,20260929.0,51500.0,Put,-,-,-,-,5240,-,-,0,0,0,0,-,-,-,-
TXO,202609F4,20260929.0,51600.0,Call,-,-,-,-,18.5,-,-,0,0,0,0,18,19,-,-
TXO,202609F4,20260929.0,51600.0,Put,-,-,-,-,5340,-,-,0,0,0,0,-,-,-,-
TXO,202609F4,20260929.0,51700.0,Call,-,-,-,-,17.5,-,-,0,0,0,0,17,18,-,-
TXO,202609F4,20260929.0,51700.0,Put,-,-,-,-,5440,-,-,0,0,0,0,-,-,-,-
TXO,202610,20261021.0,33900.0,Call,-,-,-,-,12480,-,-,0,0,0,0,-,-,-,-
TXO,202610,20261021.0,33900.0,Put,36,40,35,37,35.5,▲+4.5,▲+13.85%,11,37,48,245,34,36.5,400,20
TXO,202610,20261021.0,34000.0,Call,-,-,-,-,12390,-,-,0,0,0,0,-,-,-,-
TXO,202610,20261021.0,34000.0,Put,39,39,36.5,36.5,36.5,▲+2.5,▲+7.35%,3,29,32,63,11,-,780,28.5
TXO,202610,20261021.0,34100.0,Call,-,-,-,-,12290,-,-,0,0,0,0,12190,-,-,-
TXO,202610,20261021.0,34100.0,Put,-,-,-,-,37,-,-,0,0,0,9,35,37.5,105,34
TXO,202610,20261021.0,34200.0,Call,-,-,-,-,12190,-,-,0,0,0,0,12090,-,-,-
TXO,202610,20261021.0,34200.0,Put,-,-,-,-,38,-,-,0,0,0,4,36.5,39,810,32
TXO,202610,20261021.0,34300.0,Call,-,-,-,-,12090,-,-,0,0,0,0,12000,-,-,-
TXO,202610,20261021.0,34300.0,Put,-,-,-,-,38.5,-,-,0,0,0,0,37,40,-,-
TXO,202610,20261021.0,34400.0,Call,-,-,-,-,11990,-,-,0,0,0,0,-,-,-,-
TXO,202610,20261021.0,34400.0,Put,-,-,-,-,39,-,-,0,0,0,3,-,64,200,112
TXO,202610,20261021.0,34500.0,Call,-,-,-,-,11890,-,-,0,0,0,0,11800,-,-,-
TXO,202610,20261021.0,34500.0,Put,-,-,-,-,40,-,-,0,0,0,24,38.5,41,116,37.5
TXO,202610,20261021.0,34600.0,Call,-,-,-,-,11790,-,-,0,0,0,0,11750,-,-,-
TXO,202610,20261021.0,34600.0,Put,-,-,-,-,41,-,-,0,0,0,8,38.5,41,299,34
TXO,202610,20261021.0,34700.0,Call,-,-,-,-,11690,-,-,0,0,0,0,-,-,-,-
TXO,202610,20261021.0,34700.0,Put,-,-,-,-,41.5,-,-,0,0,0,0,40,42.5,805,30
TXO,202610,20261021.0,34800.0,Call,-,-,-,-,11590,-,-,0,0,0,0,-,-,-,-
TXO,202610,20261021.0,34800.0,Put,-,-,-,-,42,-,-,0,0,0,10,-,-,314,36.5
TXO,202610,20261021.0,34900.0,Call,-,-,-,-,11490,-,-,0,0,0,0,-,-,-,-
TXO,202610,20261021.0,34900.0,Put,-,-,-,-,43,-,-,0,0,0,2,41.5,44.5,488,35
TXO,202610,20261021.0,35000.0,Call,-,-,-,-,11390,-,-,0,0,0,0,-,-,-,-
TXO,202610,20261021.0,35000.0,Put,46.5,47,41.5,42,43.5,▲+2,▲+5.00%,3,13,16,127,40,-,1060,33
TXO,202610,20261021.0,35100.0,Call,-,-,-,-,11300,-,-,0,0,0,0,-,-,-,-
TXO,202610,20261021.0,35100.0,Put,-,-,-,-,44,-,-,0,0,0,11,42.5,45,505,40
TXO,202610,20261021.0,35200.0,Call,-,-,-,-,11200,-,-,0,0,0,0,-,11240,-,-
TXO,202610,20261021.0,35200.0,Put,44,44,44,44,44,▲+2,▲+4.76%,0,1,1,8,-,-,151,39
TXO,202610,20261021.0,35300.0,Call,-,-,-,-,11100,-,-,0,0,0,0,-,-,-,-
TXO,202610,20261021.0,35300.0,Put,-,-,-,-,45.5,-,-,0,0,0,21,44,47,1070,37
TXO,202610,20261021.0,35400.0,Call,-,-,-,-,11000,-,-,0,0,0,0,-,-,-,-
TXO,202610,20261021.0,35400.0,Put,-,-,-,-,46.5,-,-,0,0,0,11,45,47.5,1000,38
TXO,202610,20261021.0,35500.0,Call,-,-,-,-,10900,-,-,0,0,0,0,-,-,-,-
TXO,202610,20261021.0,35500.0,Put,49.5,49.5,49.5,49.5,47.5,▲+5.5,▲+12.50%,0,1,1,39,46,48.5,550,37
TXO,202610,20261021.0,35600.0,Call,-,-,-,-,10800,-,-,0,0,0,0,-,-,-,-
TXO,202610,20261021.0,35600.0,Put,52,52,52,52,49,▲+7,▲+15.56%,1,1,2,15,47.5,50,150,39
TXO,202610,20261021.0,35700.0,Call,-,-,-,-,10700,-,-,0,0,0,0,10610,-,-,-
TXO,202610,20261021.0,35700.0,Put,-,-,-,-,50,-,-,1,0,1,9,48.5,51,300,40.5
TXO,202610,20261021.0,35800.0,Call,-,-,-,-,10600,-,-,0,0,0,0,-,-,-,-
TXO,202610,20261021.0,35800.0,Put,-,-,-,-,51,-,-,0,0,0,6,0.1,-,405,40
TXO,202610,20261021.0,35900.0,Call,-,-,-,-,10500,-,-,0,0,0,0,10410,-,-,-
TXO,202610,20261021.0,35900.0,Put,-,-,-,-,52,-,-,0,0,0,5,50,53,182,41
TXO,202610,20261021.0,36000.0,Call,-,-,-,-,10410,-,-,0,0,0,0,10310,-,-,-
TXO,202610,20261021.0,36000.0,Put,52,56,52,53,53,▲+5.5,▲+11.58%,13,18,31,82,51,54,1380,39
TXO,202610,20261021.0,36100.0,Call,-,-,-,-,10310,-,-,0,0,0,0,10220,-,-,-
TXO,202610,20261021.0,36100.0,Put,55,55,55,55,55,▲+6,▲+12.24%,0,2,2,4,52,55,690,55
TXO,202610,20261021.0,36200.0,Call,-,-,-,-,10210,-,-,0,0,0,0,-,-,-,-
TXO,202610,20261021.0,36200.0,Put,58,58,58,58,55,▲+8,▲+16.00%,0,1,1,11,0.1,-,1120,44
TXO,202610,20261021.0,36300.0,Call,-,-,-,-,10110,-,-,0,0,0,0,-,-,-,-
TXO,202610,20261021.0,36300.0,Put,-,-,-,-,56,-,-,1,0,1,2,54,57,915,50
TXO,202610,20261021.0,36400.0,Call,-,-,-,-,10010,-,-,0,0,0,0,9920,10050,-,-
TXO,202610,20261021.0,36400.0,Put,-,-,-,-,58,-,-,0,0,0,31,56,59,401,50
TXO,202610,20261021.0,36500.0,Call,-,-,-,-,9910,-,-,0,0,0,0,-,9950,-,-
TXO,202610,20261021.0,36500.0,Put,61,61,61,61,59,▲+8,▲+15.09%,6,1,7,20,57,60,1510,47
TXO,202610,20261021.0,36600.0,Call,-,-,-,-,9810,-,-,0,0,0,0,9720,-,-,-
TXO,202610,20261021.0,36600.0,Put,-,-,-,-,60,-,-,1,0,1,20,0.1,-,1110,50
TXO,202610,20261021.0,36700.0,Call,-,-,-,-,9720,-,-,0,0,0,0,-,-,-,-
TXO,202610,20261021.0,36700.0,Put,-,-,-,-,62,-,-,1,0,1,1,60,63,710,53
TXO,202610,20261021.0,36800.0,Call,-,-,-,-,9620,-,-,0,0,0,0,-,-,-,-
TXO,202610,20261021.0,36800.0,Put,-,-,-,-,63,-,-,0,0,0,5,46,-,497,50
TXO,202610,20261021.0,36900.0,Call,-,-,-,-,9520,-,-,0,0,0,0,-,-,-,-
TXO,202610,20261021.0,36900.0,Put,-,-,-,-,64,-,-,0,0,0,15,62,65,1620,47.5
TXO,202610,20261021.0,37000.0,Call,-,-,-,-,9420,-,-,0,0,0,0,-,-,-,-
TXO,202610,20261021.0,37000.0,Put,64,73,64,72,66,▲+14,▲+24.14%,1,47,48,86,5,70,1010,45
TXO,202610,20261021.0,37100.0,Call,-,-,-,-,9320,-,-,0,0,0,0,9240,-,-,-
TXO,202610,20261021.0,37100.0,Put,-,-,-,-,68,-,-,0,0,0,18,0.1,-,750,53
TXO,202610,20261021.0,37200.0,Call,-,-,-,-,9220,-,-,0,0,0,0,-,-,-,-
TXO,202610,20261021.0,37200.0,Put,-,-,-,-,69,-,-,0,0,0,35,67,70,1460,50
TXO,202610,20261021.0,37300.0,Call,-,-,-,-,9130,-,-,0,0,0,0,-,-,-,-
TXO,202610,20261021.0,37300.0,Put,-,-,-,-,71,-,-,0,0,0,3,0.1,620,575,54
TXO,202610,20261021.0,37400.0,Call,-,-,-,-,9030,-,-,0,0,0,0,-,-,-,-
TXO,202610,20261021.0,37400.0,Put,-,-,-,-,73,-,-,0,0,0,13,71,74,815,50
TXO,202610,20261021.0,37500.0,Call,-,-,-,-,8930,-,-,0,0,0,0,-,-,-,-
TXO,202610,20261021.0,37500.0,Put,-,-,-,-,75,-,-,0,0,0,28,73,76,445,53
TXO,202610,20261021.0,37600.0,Call,-,-,-,-,8830,-,-,0,0,0,0,-,-,-,-
TXO,202610,20261021.0,37600.0,Put,-,-,-,-,77,-,-,0,0,0,6,0.1,-,850,66
TXO,202610,20261021.0,37700.0,Call,-,-,-,-,8730,-,-,0,0,0,0,-,-,-,-
TXO,202610,20261021.0,37700.0,Put,-,-,-,-,78,-,-,0,0,0,20,76,80,300,52
TXO,202610,20261021.0,37800.0,Call,-,-,-,-,8640,-,-,0,0,0,0,8550,-,-,-
TXO,202610,20261021.0,37800.0,Put,-,-,-,-,82,-,-,0,0,0,5,0.1,-,945,59
TXO,202610,20261021.0,37900.0,Call,-,-,-,-,8540,-,-,0,0,0,0,8450,-,-,-
TXO,202610,20261021.0,37900.0,Put,-,-,-,-,84,-,-,0,0,0,49,81,86,900,58
TXO,202610,20261021.0,38000.0,Call,-,-,-,-,8440,-,-,0,0,0,0,-,-,-,-
TXO,202610,20261021.0,38000.0,Put,91,96,85,86,86,▲+14,▲+19.44%,13,58,71,175,82,86,2000,56
TXO,202610,20261021.0,38100.0,Call,-,-,-,-,8340,-,-,0,0,0,0,-,-,-,-
TXO,202610,20261021.0,38100.0,Put,86,86,86,86,86,▲+12,▲+16.22%,1,1,2,41,0.1,194,1380,76
TXO,202610,20261021.0,38200.0,Call,-,-,-,-,8250,-,-,0,0,0,0,-,-,-,-
TXO,202610,20261021.0,38200.0,Put,-,-,-,-,90,-,-,1,0,1,4,87,92,1020,64
TXO,202610,20261021.0,38300.0,Call,-,-,-,-,8150,-,-,0,0,0,0,-,-,-,-
TXO,202610,20261021.0,38300.0,Put,-,-,-,-,93,-,-,0,0,0,0,-,-,-,-
TXO,202610,20261021.0,38400.0,Call,-,-,-,-,8050,-,-,0,0,0,0,-,-,-,-
TXO,202610,20261021.0,38400.0,Put,103,103,93,94,94,▲+16,▲+20.51%,1,7,8,3,2.1,-,1930,9.6
TXO,202610,20261021.0,38500.0,Call,-,-,-,-,7960,-,-,0,0,0,0,-,-,-,-
TXO,202610,20261021.0,38500.0,Put,98,111,98,99,99,▲+17,▲+20.73%,12,24,36,108,97,102,2100,63
TXO,202610,20261021.0,38600.0,Call,-,-,-,-,7860,-,-,0,0,0,0,7780,-,-,-
TXO,202610,20261021.0,38600.0,Put,-,-,-,-,103,-,-,0,0,0,7,8.6,209,422,95
TXO,202610,20261021.0,38700.0,Call,-,-,-,-,7760,-,-,0,0,0,0,-,-,-,-
TXO,202610,20261021.0,38700.0,Put,108,108,108,108,108,▲+22,▲+25.58%,0,2,2,11,-,213,2230,76
TXO,202610,20261021.0,38800.0,Call,-,-,-,-,7670,-,-,0,0,0,0,7580,-,-,-
TXO,202610,20261021.0,38800.0,Put,-,-,-,-,109,-,-,0,0,0,6,106,111,610,75
TXO,202610,20261021.0,38900.0,Call,-,-,-,-,7570,-,-,0,0,0,0,-,-,8230,8230
TXO,202610,20261021.0,38900.0,Put,120,120,120,120,112,▲+29,▲+31.87%,1,1,2,12,109,114,690,73
TXO,202610,20261021.0,39000.0,Call,-,-,-,-,7480,-,-,0,0,0,0,-,-,-,-
TXO,202610,20261021.0,39000.0,Put,118,126,115,119,119,▲+23,▲+23.96%,14,10,24,118,103,150,1790,67
TXO,202610,20261021.0,39100.0,Call,-,-,-,-,7380,-,-,0,0,0,0,-,-,-,-
TXO,202610,20261021.0,39100.0,Put,123,128,123,124,124,▲+27,▲+27.84%,1,6,7,8,118,123,820,80
TXO,202610,20261021.0,39200.0,Call,-,-,-,-,7280,-,-,0,0,0,0,-,-,-,-
TXO,202610,20261021.0,39200.0,Put,-,-,-,-,126,-,-,4,0,4,8,121,127,140,81
TXO,202610,20261021.0,39300.0,Call,-,-,-,-,7190,-,-,0,0,0,0,-,7220,-,-
TXO,202610,20261021.0,39300.0,Put,-,-,-,-,129,-,-,0,0,0,5,126,132,525,78
TXO,202610,20261021.0,39400.0,Call,-,-,-,-,7090,-,-,0,0,0,0,-,-,-,-
TXO,202610,20261021.0,39400.0,Put,-,-,-,-,134,-,-,0,0,0,36,131,137,545,78
TXO,202610,20261021.0,39500.0,Call,-,-,-,-,7000,-,-,0,0,0,0,6920,-,-,-
TXO,202610,20261021.0,39500.0,Put,149,150,140,143,143,▲+34,▲+31.19%,2,12,14,39,47.5,-,995,81
TXO,202610,20261021.0,39600.0,Call,-,-,-,-,6900,-,-,0,0,0,0,-,-,-,-
TXO,202610,20261021.0,39600.0,Put,143,162,143,162,144,▲+49,▲+43.36%,2,5,7,13,123,-,1300,87
TXO,202610,20261021.0,39700.0,Call,-,-,-,-,6810,-,-,0,0,0,0,-,-,-,-
TXO,202610,20261021.0,39700.0,Put,-,-,-,-,149,-,-,0,0,0,2,58,245,665,90
TXO,202610,20261021.0,39800.0,Call,-,-,-,-,6720,-,-,0,0,0,0,-,-,-,-
TXO,202610,20261021.0,39800.0,Put,162,162,162,162,156,▲+42,▲+35.00%,1,1,2,9,152,159,585,93
TXO,202610,20261021.0,39900.0,Call,-,-,-,-,6620,-,-,0,0,0,3,-,-,6680,3150
TXO,202610,20261021.0,39900.0,Put,-,-,-,-,159,-,-,0,0,0,13,156,162,2760,95
TXO,202610,20261021.0,40000.0,Call,-,-,-,-,6530,-,-,0,0,0,0,-,-,-,-
TXO,202610,20261021.0,40000.0,Put,167,194,163,168,168,▲+42,▲+33.33%,51,53,104,508,163,169,2490,92
TXO,202610,20261021.0,40100.0,Call,-,-,-,-,6430,-,-,0,0,0,0,-,-,-,-
TXO,202610,20261021.0,40100.0,Put,173,175,172,175,175,▲+43,▲+32.58%,0,4,4,33,168,175,660,99
TXO,202610,20261021.0,40200.0,Call,-,-,-,-,6340,-,-,0,0,0,0,-,-,-,-
TXO,202610,20261021.0,40200.0,Put,183,183,183,183,183,▲+44,▲+31.65%,1,1,2,15,-,277,630,125
TXO,202610,20261021.0,40300.0,Call,-,-,-,-,6250,-,-,0,0,0,0,-,-,-,-
TXO,202610,20261021.0,40300.0,Put,189,189,184,184,184,▲+43,▲+30.50%,1,2,3,14,98,202,2940,107
TXO,202610,20261021.0,40400.0,Call,-,-,-,-,6150,-,-,0,0,0,0,6080,-,-,-
TXO,202610,20261021.0,40400.0,Put,-,-,-,-,194,-,-,0,0,0,11,105,-,300,116
TXO,202610,20261021.0,40500.0,Call,-,-,-,-,6060,-,-,0,0,0,0,-,-,-,-
TXO,202610,20261021.0,40500.0,Put,208,222,208,222,203,▲+71,▲+47.02%,2,3,5,36,198,206,2730,112
TXO,202610,20261021.0,40600.0,Call,-,-,-,-,5970,-,-,0,0,0,0,-,-,-,-
TXO,202610,20261021.0,40600.0,Put,239,239,202,202,208,▲+46,▲+29.49%,0,5,5,24,203,211,1260,130
TXO,202610,20261021.0,40700.0,Call,-,-,-,-,5880,-,-,0,0,0,0,5800,-,-,-
TXO,202610,20261021.0,40700.0,Put,242,242,214,214,214,▲+52,▲+32.10%,0,2,2,6,130,321,1540,133
TXO,202610,20261021.0,40800.0,Call,-,-,-,-,5790,-,-,0,0,0,1,-,5880,5680,3010
TXO,202610,20261021.0,40800.0,Put,220,220,220,220,220,▲+52,▲+30.95%,0,1,1,3,139,-,2920,135
TXO,202610,20261021.0,40900.0,Call,-,-,-,-,5700,-,-,0,0,0,0,-,-,-,-
TXO,202610,20261021.0,40900.0,Put,-,-,-,-,235,-,-,0,0,0,10,230,238,3100,158
TXO,202610,20261021.0,41000.0,Call,-,-,-,-,5600,-,-,0,0,0,0,-,-,4060,2930
TXO,202610,20261021.0,41000.0,Put,256,280,242,245,245,▲+67,▲+37.64%,41,41,82,209,228,250,3020,133
TXO,202610,20261021.0,41100.0,Call,-,-,-,-,5520,-,-,0,0,0,0,-,-,-,-
TXO,202610,20261021.0,41100.0,Put,-,-,-,-,254,-,-,0,0,0,10,168,-,2590,183
TXO,202610,20261021.0,41200.0,Call,-,-,-,-,5430,-,-,0,0,0,0,-,-,4840,3580
TXO,202610,20261021.0,41200.0,Put,-,-,-,-,263,-,-,0,0,0,12,258,267,2540,145
TXO,202610,20261021.0,41300.0,Call,-,-,-,-,5340,-,-,0,0,0,0,5260,-,-,-
TXO,202610,20261021.0,41300.0,Put,-,-,-,-,275,-,-,1,0,1,31,190,419,760,162
TXO,202610,20261021.0,41400.0,Call,-,-,-,-,5250,-,-,0,0,0,0,-,-,-,-
TXO,202610,20261021.0,41400.0,Put,-,-,-,-,284,-,-,0,0,0,5,202,431,800,156
TXO,202610,20261021.0,41500.0,Call,-,-,-,-,5160,-,-,0,0,0,0,-,-,-,-
TXO,202610,20261021.0,41500.0,Put,315,327,298,298,298,▲+82,▲+37.96%,2,5,7,34,291,301,2280,168
TXO,202610,20261021.0,41600.0,Call,-,-,-,-,5070,-,-,0,0,0,1,5000,-,3210,3210
TXO,202610,20261021.0,41600.0,Put,324,335,313,322,310,▲+98,▲+43.75%,0,6,6,13,304,314,2550,192
TXO,202610,20261021.0,41700.0,Call,-,-,-,-,4980,-,-,0,0,0,0,4910,-,-,-
TXO,202610,20261021.0,41700.0,Put,-,-,-,-,320,-,-,0,0,0,9,314,324,975,185
TXO,202610,20261021.0,41800.0,Call,-,-,-,-,4900,-,-,0,0,0,0,-,-,-,-
TXO,202610,20261021.0,41800.0,Put,371,371,366,366,334,▲+123,▲+50.62%,2,2,4,21,328,338,2140,198
TXO,202610,20261021.0,41900.0,Call,-,-,-,-,4810,-,-,0,0,0,0,-,-,-,-
TXO,202610,20261021.0,41900.0,Put,400,402,333,355,355,▲+104,▲+41.43%,2,4,6,8,265,490,2830,240
TXO,202610,20261021.0,42000.0,Call,-,-,-,-,4720,-,-,0,0,0,0,-,-,-,-
TXO,202610,20261021.0,42000.0,Put,355,420,350,367,367,▲+100,▲+37.45%,69,55,124,135,285,370,3500,186
TXO,202610,20261021.0,42100.0,Call,-,-,-,-,4640,-,-,0,0,0,0,4560,-,-,-
TXO,202610,20261021.0,42100.0,Put,403,430,394,415,373,▲+144,▲+53.14%,0,11,11,8,366,378,640,207
TXO,202610,20261021.0,42200.0,Call,-,-,-,-,4550,-,-,0,0,0,2,4480,4620,4200,2000
TXO,202610,20261021.0,42200.0,Put,406,420,394,394,394,▲+114,▲+40.71%,0,4,4,13,381,391,2120,210
TXO,202610,20261021.0,42300.0,Call,-,-,-,-,4470,-,-,0,0,0,0,4390,-,-,-
TXO,202610,20261021.0,42300.0,Put,-,-,-,-,404,-,-,5,0,5,17,300,418,985,223
TXO,202610,20261021.0,42400.0,Call,-,-,-,-,4390,-,-,0,0,0,2,4260,-,5310,2960
TXO,202610,20261021.0,42400.0,Put,438,440,431,431,431,▲+128,▲+42.24%,3,4,7,11,415,426,3760,246
TXO,202610,20261021.0,42500.0,Call,-,-,-,-,4300,-,-,0,0,0,0,-,-,5210,2120
TXO,202610,20261021.0,42500.0,Put,465,496,373,438,438,▲+118,▲+36.88%,9,12,21,108,429,440,1850,242
TXO,202610,20261021.0,42600.0,Call,-,-,-,-,4220,-,-,0,0,0,0,-,-,-,-
TXO,202610,20261021.0,42600.0,Put,510,510,440,447,447,▲+117,▲+35.45%,0,3,3,24,-,610,1150,244
TXO,202610,20261021.0,42700.0,Call,-,-,-,-,4130,-,-,0,0,0,0,3910,-,-,-
TXO,202610,20261021.0,42700.0,Put,500,530,465,465,465,▲+131,▲+39.22%,3,11,14,15,461,474,1870,251
TXO,202610,20261021.0,42800.0,Call,-,-,-,-,4050,-,-,0,0,0,0,3830,-,-,-
TXO,202610,20261021.0,42800.0,Put,535,555,530,555,488,▲+211,▲+61.34%,0,4,4,109,481,492,3100,275
TXO,202610,20261021.0,42900.0,Call,-,-,-,-,3970,-,-,0,0,0,0,3750,-,4410,3070
TXO,202610,20261021.0,42900.0,Put,580,580,580,580,510,▲+211,▲+57.18%,3,2,5,7,499,515,3050,298
TXO,202610,20261021.0,43000.0,Call,-,-,-,-,3890,-,-,0,0,0,1,3670,-,3230,3230
TXO,202610,20261021.0,43000.0,Put,490,605,490,590,530,▲+210,▲+55.26%,14,74,88,340,520,535,4200,280
TXO,202610,20261021.0,43100.0,Call,-,-,-,-,3810,-,-,0,0,0,0,0.3,-,-,-
TXO,202610,20261021.0,43100.0,Put,-,-,-,-,550,-,-,0,0,0,13,445,660,1390,340
TXO,202610,20261021.0,43200.0,Call,3670,3670,3670,3670,3740,▼-590,▼-13.85%,0,2,2,2,3610,3770,3750,2950
TXO,202610,20261021.0,43200.0,Put,610,610,580,580,580,▲+160,▲+38.10%,2,5,7,41,560,575,1000,326
TXO,202610,20261021.0,43300.0,Call,-,-,-,-,3660,-,-,0,0,0,0,3430,-,-,-
TXO,202610,20261021.0,43300.0,Put,675,675,580,585,585,▲+157,▲+36.68%,1,4,5,16,475,670,1470,341
TXO,202610,20261021.0,43400.0,Call,3450,3610,3310,3610,3580,▼-480,▼-11.74%,0,7,7,3,0.3,3600,3610,2880
TXO,202610,20261021.0,43400.0,Put,665,695,590,590,590,▲+150,▲+34.09%,8,9,17,22,600,615,2890,337
TXO,202610,20261021.0,43500.0,Call,-,-,-,-,3500,-,-,0,0,0,0,0.3,-,3100,1570
TXO,202610,20261021.0,43500.0,Put,675,725,625,650,650,▲+191,▲+41.61%,28,77,105,288,515,740,3050,374
TXO,202610,20261021.0,43600.0,Call,3290,3300,3290,3300,3430,▼-630,▼-16.03%,0,4,4,1,0.3,3520,3300,2840
TXO,202610,20261021.0,43600.0,Put,680,680,680,680,660,▲+210,▲+44.68%,1,1,2,25,650,665,2850,385
TXO,202610,20261021.0,43700.0,Call,-,-,-,-,3350,-,-,0,0,0,1,3120,-,4280,2940
TXO,202610,20261021.0,43700.0,Put,745,745,665,665,665,▲+165,▲+33.00%,0,15,15,46,670,685,2920,390
TXO,202610,20261021.0,43800.0,Call,-,-,-,-,3270,-,-,0,0,0,3,3040,3370,3740,1650
TXO,202610,20261021.0,43800.0,Put,715,785,715,785,705,▲+260,▲+49.52%,0,3,3,12,580,815,3100,401
TXO,202610,20261021.0,43900.0,Call,-,-,-,-,3200,-,-,1,0,1,2,2960,3300,3660,2720
TXO,202610,20261021.0,43900.0,Put,785,815,740,740,740,▲+200,▲+37.04%,2,5,7,64,720,740,3140,446
TXO,202610,20261021.0,44000.0,Call,-,-,-,-,3120,-,-,0,0,0,6,0.3,3190,3460,1520
TXO,202610,20261021.0,44000.0,Put,755,860,755,770,770,▲+210,▲+37.50%,22,61,83,446,745,760,2770,420
TXO,202610,20261021.0,44100.0,Call,-,-,-,-,3050,-,-,0,0,0,1,2820,3130,2750,1540
TXO,202610,20261021.0,44100.0,Put,850,850,850,850,785,▲+270,▲+46.55%,0,1,1,38,775,790,3230,496
TXO,202610,20261021.0,44200.0,Call,-,-,-,-,2980,-,-,0,0,0,0,2740,-,3680,2730
TXO,202610,20261021.0,44200.0,Put,910,910,785,815,815,▲+200,▲+32.52%,13,10,23,37,-,940,2730,472
TXO,202610,20261021.0,44300.0,Call,-,-,-,-,2910,-,-,0,0,0,0,2890,2920,3340,3340
TXO,202610,20261021.0,44300.0,Put,-,-,-,-,840,-,-,1,0,1,43,830,845,2040,500
TXO,202610,20261021.0,44400.0,Call,-,-,-,-,2840,-,-,0,0,0,5,0.3,2930,3360,1410
TXO,202610,20261021.0,44400.0,Put,860,860,860,860,860,▲+215,▲+33.33%,1,1,2,7,860,875,2180,505
TXO,202610,20261021.0,44500.0,Call,2670,2670,2540,2540,2770,▼-680,▼-21.12%,1,2,3,3,0.3,-,3070,1900
TXO,202610,20261021.0,44500.0,Put,975,975,910,910,910,▲+240,▲+35.82%,1,2,3,48,890,905,4990,505
TXO,202610,20261021.0,44600.0,Call,-,-,-,-,2700,-,-,0,0,0,0,0.3,-,3110,3110
TXO,202610,20261021.0,44600.0,Put,960,1010,960,1010,935,▲+305,▲+43.26%,25,4,29,82,880,-,1190,515
TXO,202610,20261021.0,44700.0,Call,-,-,-,-,2640,-,-,0,0,0,9,2610,2640,3380,1350
TXO,202610,20261021.0,44700.0,Put,-,-,-,-,970,-,-,33,0,33,23,955,980,2050,575
TXO,202610,20261021.0,44800.0,Call,-,-,-,-,2570,-,-,0,0,0,133,2550,2580,2950,1830
TXO,202610,20261021.0,44800.0,Put,1090,1130,1000,1010,1010,▲+260,▲+34.67%,15,14,29,132,985,1010,2220,575
TXO,202610,20261021.0,44900.0,Call,-,-,-,-,2500,-,-,0,0,0,0,0.3,-,2870,1950
TXO,202610,20261021.0,44900.0,Put,1180,1180,1180,1180,1030,▲+400,▲+51.28%,39,1,40,54,1020,1040,1390,595
TXO,202610,20261021.0,45000.0,Call,2330,2470,2250,2470,2440,▼-390,▼-13.64%,4,6,10,11,2420,2450,3300,1600
TXO,202610,20261021.0,45000.0,Put,1120,1210,1040,1070,1070,▲+280,▲+35.44%,25,71,96,144,1050,1060,2760,605
TXO,202610,20261021.0,45100.0,Call,-,-,-,-,2370,-,-,0,0,0,1,2350,2380,3100,2020
TXO,202610,20261021.0,45100.0,Put,1210,1210,1110,1110,1110,▲+270,▲+32.14%,5,21,26,48,1090,1110,2640,650
TXO,202610,20261021.0,45200.0,Call,2120,2120,2120,2120,2300,▼-590,▼-21.77%,1,1,2,2,2120,-,2910,1670
TXO,202610,20261021.0,45200.0,Put,1160,1210,1150,1210,1130,▲+345,▲+39.88%,10,30,40,48,1050,1600,3950,680
TXO,202610,20261021.0,45300.0,Call,-,-,-,-,2240,-,-,1,0,1,3,0.3,-,2700,1130
TXO,202610,20261021.0,45300.0,Put,-,-,-,-,1170,-,-,12,0,12,10,1160,1180,2510,710
TXO,202610,20261021.0,45400.0,Call,-,-,-,-,2180,-,-,0,0,0,1,2160,2190,3120,1820
TXO,202610,20261021.0,45400.0,Put,1300,1300,1300,1300,1210,▲+375,▲+40.54%,0,10,10,30,1140,-,1370,735
TXO,202610,20261021.0,45500.0,Call,-,-,-,-,2130,-,-,2,0,2,8,2100,2130,2840,1160
TXO,202610,20261021.0,45500.0,Put,1340,1410,1220,1220,1260,▲+260,▲+27.08%,0,18,18,57,1250,-,1780,740
TXO,202610,20261021.0,45600.0,Call,-,-,-,-,2060,-,-,1,0,1,2,2040,2070,2800,1700
TXO,202610,20261021.0,45600.0,Put,1310,1310,1300,1300,1300,▲+305,▲+30.65%,0,20,20,40,1280,1300,2470,825
TXO,202610,20261021.0,45700.0,Call,1890,1890,1890,1890,2000,▼-490,▼-20.59%,0,1,1,16,1980,2010,2180,1550
TXO,202610,20261021.0,45700.0,Put,1410,1490,1350,1350,1350,▲+320,▲+31.07%,0,3,3,21,1320,1340,1490,810
TXO,202610,20261021.0,45800.0,Call,1800,1830,1740,1770,1940,▼-550,▼-23.71%,2,11,13,54,0.3,-,2800,1600
TXO,202610,20261021.0,45800.0,Put,-,-,-,-,1370,-,-,6,0,6,33,1360,1380,2230,875
TXO,202610,20261021.0,45900.0,Call,-,-,-,-,1880,-,-,0,0,0,15,1870,1900,2730,1160
TXO,202610,20261021.0,45900.0,Put,1560,1590,1410,1450,1410,▲+350,▲+31.82%,0,5,5,40,1400,1420,1590,905
TXO,202610,20261021.0,46000.0,Call,1740,1820,1650,1770,1830,▼-410,▼-18.81%,8,16,24,44,1810,1840,2680,970
TXO,202610,20261021.0,46000.0,Put,1520,1600,1420,1470,1470,▲+340,▲+30.09%,32,12,44,88,1440,1460,3660,890
TXO,202610,20261021.0,46100.0,Call,1700,1770,1580,1580,1780,▼-540,▼-25.47%,8,10,18,66,1750,1790,2520,1510
TXO,202610,20261021.0,46100.0,Put,1550,1670,1460,1460,1510,▲+290,▲+24.79%,0,7,7,25,1490,1520,2260,975
TXO,202610,20261021.0,46200.0,Call,1610,1690,1580,1690,1720,▼-370,▼-17.96%,5,3,8,8,1700,1730,2520,1340
TXO,202610,20261021.0,46200.0,Put,-,-,-,-,1550,-,-,2,0,2,23,1530,1560,2690,970
TXO,202610,20261021.0,46300.0,Call,1600,1690,1500,1650,1650,▼-350,▼-17.50%,0,9,9,41,1650,1670,2420,1460
TXO,202610,20261021.0,46300.0,Put,1650,1780,1650,1780,1590,▲+530,▲+42.40%,9,5,14,27,1580,1600,2900,1040
TXO,202610,20261021.0,46400.0,Call,-,-,-,-,1610,-,-,0,0,0,11,1600,1620,2400,790
TXO,202610,20261021.0,46400.0,Put,1750,1760,1750,1760,1630,▲+470,▲+36.43%,1,2,3,8,1630,1650,1840,1060
TXO,202610,20261021.0,46500.0,Call,1470,1610,1400,1510,1560,▼-380,▼-20.11%,7,101,108,104,1550,1570,2310,980
TXO,202610,20261021.0,46500.0,Put,1770,1820,1700,1700,1700,▲+360,▲+26.87%,2,7,9,164,1670,1700,1930,1040
TXO,202610,20261021.0,46600.0,Call,-,-,-,-,1510,-,-,0,0,0,70,1500,1520,2240,1280
TXO,202610,20261021.0,46600.0,Put,1750,1750,1750,1750,1750,▲+370,▲+26.81%,2,1,3,4,1720,1750,1750,1130
TXO,202610,20261021.0,46700.0,Call,1450,1450,1450,1450,1450,▼-320,▼-18.08%,4,10,14,63,1450,1470,1980,1330
TXO,202610,20261021.0,46700.0,Put,-,-,-,-,1780,-,-,2,0,2,18,1780,1810,1830,1200
TXO,202610,20261021.0,46800.0,Call,1280,1400,1260,1400,1400,▼-320,▼-18.60%,5,7,12,30,1400,1420,2150,905
TXO,202610,20261021.0,46800.0,Put,1840,1840,1840,1840,1840,▲+370,▲+25.17%,1,2,3,7,-,1990,2420,1330
TXO,202610,20261021.0,46900.0,Call,-,-,-,-,1360,-,-,0,0,0,17,1350,1370,2080,1300
TXO,202610,20261021.0,46900.0,Put,1970,1970,1870,1870,1870,▲+360,▲+23.84%,0,4,4,15,1880,1910,4010,1310
TXO,202610,20261021.0,47000.0,Call,1170,1360,1150,1360,1320,▼-250,▼-15.53%,17,19,36,264,1280,1360,2260,865
TXO,202610,20261021.0,47000.0,Put,2030,2030,1960,1960,1960,▲+400,▲+25.64%,19,5,24,88,1680,2090,4240,1250
TXO,202610,20261021.0,47100.0,Call,-,-,-,-,1270,-,-,4,0,4,9,880,1330,1920,1030
TXO,202610,20261021.0,47100.0,Put,-,-,-,-,1990,-,-,1,0,1,2,1980,2010,1600,1450
TXO,202610,20261021.0,47200.0,Call,1160,1160,1160,1160,1220,▼-350,▼-23.18%,6,1,7,17,1210,1230,2250,1000
TXO,202610,20261021.0,47200.0,Put,2060,2060,2060,2060,2060,▲+410,▲+24.85%,0,3,3,10,-,-,2060,1430
TXO,202610,20261021.0,47300.0,Call,1060,1070,1060,1070,1180,▼-390,▼-26.71%,5,2,7,21,1170,1190,1820,775
TXO,202610,20261021.0,47300.0,Put,2200,2200,2200,2200,2100,▲+500,▲+29.41%,0,2,2,12,2090,2120,2200,1430
TXO,202610,20261021.0,47400.0,Call,1090,1190,1000,1130,1130,▼-280,▼-19.86%,9,18,27,26,1130,1150,2030,880
TXO,202610,20261021.0,47400.0,Put,-,-,-,-,2160,-,-,0,0,0,13,2150,2180,1900,1480
TXO,202610,20261021.0,47500.0,Call,1060,1130,1000,1070,1070,▼-290,▼-21.32%,9,25,34,122,1000,1170,2040,745
TXO,202610,20261021.0,47500.0,Put,2240,2240,2240,2240,2210,▲+440,▲+24.44%,7,1,8,15,2210,2240,2300,1440
TXO,202610,20261021.0,47600.0,Call,980,1080,940,1040,1040,▼-270,▼-20.61%,6,13,19,28,-,1130,1650,835
TXO,202610,20261021.0,47600.0,Put,-,-,-,-,2280,-,-,0,0,0,24,-,2420,2040,1560
TXO,202610,20261021.0,47700.0,Call,1030,1030,1000,1000,1000,▼-260,▼-20.63%,7,7,14,41,1000,1030,2100,655
TXO,202610,20261021.0,47700.0,Put,2550,2550,2550,2550,2340,▲+640,▲+33.51%,0,8,8,14,-,2480,2550,1610
TXO,202610,20261021.0,47800.0,Call,905,1000,900,965,965,▼-255,▼-20.90%,19,13,32,20,965,985,1740,635
TXO,202610,20261021.0,47800.0,Put,-,-,-,-,2400,-,-,0,0,0,6,-,-,1740,1740
TXO,202610,20261021.0,47900.0,Call,825,835,825,835,935,▼-335,▼-28.63%,5,2,7,26,-,-,1410,800
TXO,202610,20261021.0,47900.0,Put,-,-,-,-,2460,-,-,0,0,0,6,2450,2480,1790,1790
TXO,202610,20261021.0,48000.0,Call,820,940,780,890,890,▼-240,▼-21.24%,21,27,48,167,11.5,990,1780,580
TXO,202610,20261021.0,48000.0,Put,2530,2530,2530,2530,2530,▲+460,▲+22.22%,0,1,1,16,2510,2540,4790,1720
TXO,202610,20261021.0,48100.0,Call,805,890,760,850,850,▼-240,▼-22.02%,1,11,12,23,860,875,1630,705
TXO,202610,20261021.0,48100.0,Put,-,-,-,-,2590,-,-,0,0,0,1,2580,2610,1880,1880
TXO,202610,20261021.0,48200.0,Call,750,875,740,875,830,▼-175,▼-16.67%,1,6,7,11,825,840,1550,680
TXO,202610,20261021.0,48200.0,Put,-,-,-,-,2660,-,-,0,0,0,2,2640,2670,2260,1930
TXO,202610,20261021.0,48300.0,Call,720,720,715,720,795,▼-280,▼-28.00%,2,3,5,16,680,870,1290,715
TXO,202610,20261021.0,48300.0,Put,-,-,-,-,2720,-,-,0,0,0,1,-,2870,1990,1990
TXO,202610,20261021.0,48400.0,Call,690,700,690,700,765,▼-260,▼-27.08%,1,2,3,13,660,810,1270,685
TXO,202610,20261021.0,48400.0,Put,-,-,-,-,2790,-,-,0,0,0,4,2780,2810,2050,2040
TXO,202610,20261021.0,48500.0,Call,675,750,635,720,720,▼-195,▼-21.31%,0,17,17,120,605,765,1510,610
TXO,202610,20261021.0,48500.0,Put,2950,2950,2950,2950,2860,▲+580,▲+24.47%,0,1,1,8,2850,2880,2950,2070
TXO,202610,20261021.0,48600.0,Call,705,705,705,705,705,▼-185,▼-20.79%,3,1,4,9,-,845,1180,600
TXO,202610,20261021.0,48600.0,Put,-,-,-,-,2920,-,-,0,0,0,0,2910,2960,-,-
TXO,202610,20261021.0,48700.0,Call,650,650,630,630,675,▼-225,▼-26.32%,2,2,4,16,665,680,1100,540
TXO,202610,20261021.0,48700.0,Put,-,-,-,-,3000,-,-,0,0,0,0,-,-,2420,2420
TXO,202610,20261021.0,48800.0,Call,570,570,565,565,645,▼-255,▼-31.10%,19,2,21,30,640,655,1240,500
TXO,202610,20261021.0,48800.0,Put,-,-,-,-,3070,-,-,0,0,0,0,-,-,-,-
TXO,202610,20261021.0,48900.0,Call,575,615,560,610,610,▼-175,▼-22.29%,6,58,64,87,610,625,1060,387
TXO,202610,20261021.0,48900.0,Put,-,-,-,-,3140,-,-,0,0,0,0,-,-,-,-
TXO,202610,20261021.0,49000.0,Call,625,625,505,585,585,▼-170,▼-22.52%,13,50,63,113,585,600,1300,412
TXO,202610,20261021.0,49000.0,Put,-,-,-,-,3210,-,-,0,0,0,5,-,3370,5700,2350
TXO,202610,20261021.0,49100.0,Call,520,580,496,580,580,▼-140,▼-19.44%,13,12,25,72,468,695,975,458
TXO,202610,20261021.0,49100.0,Put,-,-,-,-,3290,-,-,0,0,0,0,-,-,-,-
TXO,202610,20261021.0,49200.0,Call,-,-,-,-,540,-,-,7,0,7,9,535,550,1390,346
TXO,202610,20261021.0,49200.0,Put,-,-,-,-,3360,-,-,0,0,0,0,-,-,-,-
TXO,202610,20261021.0,49300.0,Call,500,520,459,498,498,▼-162,▼-24.55%,10,20,30,31,-,-,1010,459
TXO,202610,20261021.0,49300.0,Put,-,-,-,-,3440,-,-,0,0,0,0,-,-,-,-
TXO,202610,20261021.0,49400.0,Call,440,440,440,440,496,▼-195,▼-30.71%,42,1,43,43,489,505,990,389
TXO,202610,20261021.0,49400.0,Put,-,-,-,-,3520,-,-,0,0,0,0,-,-,-,-
TXO,202610,20261021.0,49500.0,Call,438,485,417,470,470,▼-135,▼-22.31%,92,16,108,428,467,480,1410,380
TXO,202610,20261021.0,49500.0,Put,-,-,-,-,3590,-,-,0,0,0,0,-,-,-,-
TXO,202610,20261021.0,49600.0,Call,440,461,390,461,461,▼-114,▼-19.83%,53,8,61,42,446,458,760,283
TXO,202610,20261021.0,49600.0,Put,-,-,-,-,3670,-,-,0,0,0,0,-,-,-,-
TXO,202610,20261021.0,49700.0,Call,415,443,388,443,443,▼-107,▼-19.45%,1,15,16,29,313,452,940,267
TXO,202610,20261021.0,49700.0,Put,-,-,-,-,3750,-,-,0,0,0,0,-,-,-,-
TXO,202610,20261021.0,49800.0,Call,392,399,371,371,417,▼-149,▼-28.65%,14,12,26,22,406,417,695,265
TXO,202610,20261021.0,49800.0,Put,-,-,-,-,3830,-,-,0,0,0,0,-,-,-,-
TXO,202610,20261021.0,49900.0,Call,370,410,340,410,410,▼-90,▼-18.00%,2,8,10,20,382,396,850,265
TXO,202610,20261021.0,49900.0,Put,-,-,-,-,3910,-,-,0,0,0,1,-,4060,2880,2880
TXO,202610,20261021.0,50000.0,Call,347,390,315,364,364,▼-116,▼-24.17%,63,87,150,299,300,400,1180,233
TXO,202610,20261021.0,50000.0,Put,-,-,-,-,3990,-,-,0,0,0,0,-,-,-,-
TXO,202610,20261021.0,50100.0,Call,343,343,331,331,354,▼-124,▼-27.25%,0,2,2,13,350,361,840,258
TXO,202610,20261021.0,50100.0,Put,-,-,-,-,4080,-,-,0,0,0,0,-,-,-,-
TXO,202610,20261021.0,50200.0,Call,318,318,318,318,338,▼-116,▼-26.73%,8,1,9,52,203,438,740,272
TXO,202610,20261021.0,50200.0,Put,-,-,-,-,4160,-,-,0,0,0,0,-,-,3280,3200
TXO,202610,20261021.0,50300.0,Call,300,315,300,315,315,▼-98,▼-23.73%,0,2,2,57,315,326,750,260
TXO,202610,20261021.0,50300.0,Put,-,-,-,-,4240,-,-,0,0,0,0,-,-,-,-
TXO,202610,20261021.0,50400.0,Call,294,306,287,306,306,▼-87,▼-22.14%,2,8,10,13,303,313,560,254
TXO,202610,20261021.0,50400.0,Put,-,-,-,-,4330,-,-,0,0,0,0,-,-,3350,3280
TXO,202610,20261021.0,50500.0,Call,298,298,275,280,280,▼-95,▼-25.33%,6,11,17,74,291,295,890,190
TXO,202610,20261021.0,50500.0,Put,-,-,-,-,4410,-,-,0,0,0,0,-,-,-,-
TXO,202610,20261021.0,50600.0,Call,260,260,255,258,279,▼-97,▼-27.32%,1,4,5,7,147,381,705,245
TXO,202610,20261021.0,50600.0,Put,-,-,-,-,4500,-,-,0,0,0,0,-,-,-,-
TXO,202610,20261021.0,50700.0,Call,-,-,-,-,266,-,-,0,0,0,6,258,268,500,237
TXO,202610,20261021.0,50700.0,Put,-,-,-,-,4590,-,-,0,0,0,0,-,-,-,-
TXO,202610,20261021.0,50800.0,Call,216,216,216,216,253,▼-104,▼-32.50%,13,1,14,8,245,254,615,210
TXO,202610,20261021.0,50800.0,Put,-,-,-,-,4670,-,-,0,0,0,0,-,-,-,-
TXO,202610,20261021.0,50900.0,Call,215,241,213,241,241,▼-63,▼-20.72%,1,7,8,12,232,241,795,187
TXO,202610,20261021.0,50900.0,Put,-,-,-,-,4760,-,-,0,0,0,0,-,-,-,-
TXO,202610,20261021.0,51000.0,Call,226,238,196,227,227,▼-63,▼-21.72%,18,67,85,199,224,230,800,155
TXO,202610,20261021.0,51000.0,Put,-,-,-,-,4850,-,-,0,0,0,0,-,-,-,-
TXO,202610,20261021.0,51100.0,Call,228,228,208,208,208,▼-66,▼-24.09%,1,2,3,20,91,-,810,169
TXO,202610,20261021.0,51100.0,Put,-,-,-,-,4940,-,-,0,0,0,0,-,-,-,-
TXO,202610,20261021.0,51200.0,Call,209,209,209,209,203,▼-52,▼-19.92%,2,2,4,11,150,282,650,151
TXO,202610,20261021.0,51200.0,Put,-,-,-,-,5030,-,-,0,0,0,0,-,-,-,-
TXO,202610,20261021.0,51300.0,Call,-,-,-,-,197,-,-,0,0,0,4,189,197,291,206
TXO,202610,20261021.0,51300.0,Put,-,-,-,-,5120,-,-,0,0,0,0,-,-,-,-
TXO,202610,20261021.0,51400.0,Call,-,-,-,-,188,-,-,1,0,1,30,130,260,515,130
TXO,202610,20261021.0,51400.0,Put,-,-,-,-,5210,-,-,0,0,0,0,-,-,-,-
TXO,202610,20261021.0,51500.0,Call,174,180,152,180,180,▼-41,▼-18.55%,4,8,12,82,117,200,630,126
TXO,202610,20261021.0,51500.0,Put,-,-,-,-,5300,-,-,0,0,0,0,-,-,-,-
TXO,202610,20261021.0,51600.0,Call,-,-,-,-,170,-,-,0,0,0,7,162,170,520,124
TXO,202610,20261021.0,51600.0,Put,-,-,-,-,5390,-,-,0,0,0,0,-,-,-,-
TXO,202610,20261021.0,51700.0,Call,138,138,138,138,162,▼-60,▼-30.30%,0,1,1,5,155,162,610,126
TXO,202610,20261021.0,51700.0,Put,-,-,-,-,5480,-,-,0,0,0,0,-,-,-,-
TXO,202610,20261021.0,51800.0,Call,146,146,131,131,154,▼-56,▼-29.95%,2,2,4,6,147,154,445,103
TXO,202610,20261021.0,51800.0,Put,-,-,-,-,5570,-,-,0,0,0,0,-,-,-,-
TXO,202610,20261021.0,51900.0,Call,134,134,131,131,146,▼-46,▼-25.99%,3,2,5,4,24.5,-,1080,107
TXO,202610,20261021.0,51900.0,Put,-,-,-,-,5660,-,-,0,0,0,0,-,-,-,-
TXO,202610,20261021.0,52000.0,Call,123,139,116,133,133,▼-36,▼-21.30%,114,71,185,347,131,138,1020,90
TXO,202610,20261021.0,52000.0,Put,-,-,-,-,5760,-,-,0,0,0,0,-,-,-,-
TXO,202610,20261021.0,52100.0,Call,124,128,124,124,131,▼-35,▼-22.01%,5,3,8,4,86,-,495,99
TXO,202610,20261021.0,52100.0,Put,-,-,-,-,5850,-,-,0,0,0,0,-,-,-,-
TXO,202610,20261021.0,52200.0,Call,107,121,104,121,121,▼-30,▼-19.87%,2,3,5,9,116,123,412,95
TXO,202610,20261021.0,52200.0,Put,-,-,-,-,5940,-,-,0,0,0,0,-,-,-,-
TXO,202610,20261021.0,52300.0,Call,-,-,-,-,118,-,-,0,0,0,1,104,-,1000,85
TXO,202610,20261021.0,52300.0,Put,-,-,-,-,6040,-,-,0,0,0,0,-,-,-,-
TXO,202610,20261021.0,52400.0,Call,-,-,-,-,112,-,-,2,0,2,5,105,112,865,80
TXO,202610,20261021.0,52400.0,Put,-,-,-,-,6130,-,-,0,0,0,0,-,-,-,-
TXO,202610,20261021.0,52500.0,Call,100,100,92,92,106,▼-33,▼-26.40%,2,4,6,63,100,113,940,62
TXO,202610,20261021.0,52500.0,Put,-,-,-,-,6220,-,-,0,0,0,0,-,-,-,-
TXO,202610,20261021.0,52600.0,Call,101,101,91,91,91,▼-24,▼-20.87%,2,2,4,14,72,-,250,7.7
TXO,202610,20261021.0,52600.0,Put,-,-,-,-,6320,-,-,0,0,0,0,-,-,-,-
TXO,202610,20261021.0,52700.0,Call,82,88,80,88,88,▼-25,▼-22.12%,2,3,5,4,89,94,310,76
TXO,202610,20261021.0,52700.0,Put,-,-,-,-,6410,-,-,0,0,0,0,-,-,-,-
TXO,202610,20261021.0,52800.0,Call,84,88,77,88,88,▼-13,▼-12.87%,0,12,12,12,82,88,275,64
TXO,202610,20261021.0,52800.0,Put,-,-,-,-,6500,-,-,0,0,0,0,-,-,-,-
TXO,202610,20261021.0,52900.0,Call,-,-,-,-,81,-,-,4,0,4,3,-,170,139,58
TXO,202610,20261021.0,52900.0,Put,-,-,-,-,6600,-,-,0,0,0,0,-,-,-,-
TXO,202610,20261021.0,53000.0,Call,80,80,68,77,77,▼-14,▼-15.38%,11,48,59,183,74,79,379,46
TXO,202610,20261021.0,53000.0,Put,-,-,-,-,6690,-,-,0,0,0,0,-,-,-,-
TXO,202610,20261021.0,53100.0,Call,-,-,-,-,73,-,-,0,0,0,3,1,164,100,50
TXO,202610,20261021.0,53100.0,Put,-,-,-,-,6790,-,-,0,0,0,0,-,-,-,-
TXO,202610,20261021.0,53200.0,Call,70,70,70,70,70,▼-10,▼-12.50%,0,1,1,17,58,103,130,67
TXO,202610,20261021.0,53200.0,Put,-,-,-,-,6880,-,-,0,0,0,0,-,-,-,-
TXO,202610,20261021.0,53300.0,Call,62,62,62,62,62,▼-17,▼-21.52%,6,1,7,29,62,67,122,47
TXO,202610,20261021.0,53300.0,Put,-,-,-,-,6980,-,-,0,0,0,0,-,-,-,-
TXO,202610,20261021.0,53400.0,Call,61,61,61,61,61,▼-14,▼-18.67%,5,1,6,5,1,154,65,61
TXO,202610,20261021.0,53400.0,Put,-,-,-,-,7080,-,-,0,0,0,0,-,-,-,-
TXO,202610,20261021.0,53500.0,Call,-,-,-,-,58,-,-,3,0,3,28,55,60,112,46
TXO,202610,20261021.0,53500.0,Put,-,-,-,-,7170,-,-,0,0,0,0,-,-,-,-
TXO,202610,20261021.0,53600.0,Call,-,-,-,-,55,-,-,0,0,0,5,52,57,95,50
TXO,202610,20261021.0,53600.0,Put,-,-,-,-,7270,-,-,0,0,0,0,-,-,-,-
TXO,202610,20261021.0,53700.0,Call,52,52,50,50,50,▼-12,▼-19.35%,14,5,19,10,50,55,98,48
TXO,202610,20261021.0,53700.0,Put,-,-,-,-,7370,-,-,0,0,0,0,-,-,-,-
TXO,202610,20261021.0,53800.0,Call,48,48,48,48,48,▼-10,▼-17.24%,0,1,1,7,1,-,68,44.5
TXO,202610,20261021.0,53800.0,Put,-,-,-,-,7460,-,-,0,0,0,0,-,-,-,-
TXO,202610,20261021.0,53900.0,Call,41,41.5,41,41,47,▼-13,▼-24.07%,0,3,3,17,44.5,48.5,82,39
TXO,202610,20261021.0,53900.0,Put,-,-,-,-,7560,-,-,0,0,0,0,-,-,-,-
TXO,202610,20261021.0,54000.0,Call,38.5,45,35.5,41.5,44.5,▼-11.5,▼-21.70%,6,11,17,139,42.5,46.5,85,34
TXO,202610,20261021.0,54000.0,Put,-,-,-,-,7660,-,-,0,0,0,0,-,-,-,-
TXO,202610,20261021.0,54100.0,Call,-,-,-,-,42,-,-,0,0,0,0,1,-,-,-
TXO,202610,20261021.0,54100.0,Put,-,-,-,-,7760,-,-,0,0,0,0,-,-,-,-
TXO,202610,20261021.0,54200.0,Call,-,-,-,-,39.5,-,-,0,0,0,0,1,-,-,-
TXO,202610,20261021.0,54200.0,Put,-,-,-,-,7850,-,-,0,0,0,0,-,-,-,-
TXO,202610,20261021.0,54300.0,Call,32,32,32,32,37.5,▼-12,▼-27.27%,4,1,5,2,1,-,45.5,32
TXO,202610,20261021.0,54300.0,Put,-,-,-,-,7950,-,-,0,0,0,0,-,-,-,-
TXO,202610,20261021.0,54400.0,Call,-,-,-,-,35.5,-,-,0,0,0,0,34,37.5,56,53
TXO,202610,20261021.0,54400.0,Put,-,-,-,-,8050,-,-,0,0,0,0,-,-,-,-
TXO,202610,20261021.0,54500.0,Call,32,33,28,32,32,▼-7,▼-17.95%,18,49,67,96,31.5,34.5,61,28
TXO,202610,20261021.0,54500.0,Put,-,-,-,-,8150,-,-,0,0,0,0,-,-,-,-
TXO,202611,20261118.0,38000.0,Call,-,-,-,-,8720,-,-,0,0,0,0,-,-,-,-
TXO,202611,20261118.0,38000.0,Put,202,223,200,214,214,▲+53,▲+32.92%,4,11,15,51,203,215,595,124
TXO,202611,20261118.0,38100.0,Call,-,-,-,-,8620,-,-,0,0,0,0,-,-,-,-
TXO,202611,20261118.0,38100.0,Put,-,-,-,-,216,-,-,0,0,0,3,209,221,525,192
TXO,202611,20261118.0,38200.0,Call,-,-,-,-,8530,-,-,0,0,0,0,8440,-,-,-
TXO,202611,20261118.0,38200.0,Put,-,-,-,-,222,-,-,0,0,0,7,216,227,273,123
TXO,202611,20261118.0,38300.0,Call,-,-,-,-,8440,-,-,0,0,0,0,8400,-,-,-
TXO,202611,20261118.0,38300.0,Put,-,-,-,-,229,-,-,0,0,0,5,222,234,555,125
TXO,202611,20261118.0,38400.0,Call,-,-,-,-,8340,-,-,0,0,0,0,-,-,-,-
TXO,202611,20261118.0,38400.0,Put,-,-,-,-,236,-,-,0,0,0,3,129,-,299,123
TXO,202611,20261118.0,38500.0,Call,-,-,-,-,8250,-,-,0,0,0,0,8160,-,-,-
TXO,202611,20261118.0,38500.0,Put,-,-,-,-,243,-,-,0,0,0,25,236,249,585,165
TXO,202611,20261118.0,38600.0,Call,-,-,-,-,8160,-,-,2,0,2,0,-,-,8730,8630
TXO,202611,20261118.0,38600.0,Put,251,251,251,251,251,▲+59,▲+30.73%,0,1,1,8,144,-,317,193
TXO,202611,20261118.0,38700.0,Call,-,-,-,-,8070,-,-,0,0,0,0,-,-,-,-
TXO,202611,20261118.0,38700.0,Put,-,-,-,-,258,-,-,0,0,0,2,152,343,370,164
TXO,202611,20261118.0,38800.0,Call,-,-,-,-,7970,-,-,0,0,0,0,7890,-,-,-
TXO,202611,20261118.0,38800.0,Put,-,-,-,-,266,-,-,0,0,0,1,259,272,204,204
TXO,202611,20261118.0,38900.0,Call,-,-,-,-,7880,-,-,0,0,0,0,7800,-,-,-
TXO,202611,20261118.0,38900.0,Put,-,-,-,-,275,-,-,0,0,0,3,-,398,335,172
TXO,202611,20261118.0,39000.0,Call,-,-,-,-,7790,-,-,2,0,2,0,-,-,8420,8260
TXO,202611,20261118.0,39000.0,Put,274,274,274,274,280,▲+59,▲+27.44%,3,1,4,13,182,407,402,165
TXO,202611,20261118.0,39100.0,Call,-,-,-,-,7700,-,-,0,0,0,0,-,-,-,-
TXO,202611,20261118.0,39100.0,Put,-,-,-,-,291,-,-,0,0,0,4,282,295,234,227
TXO,202611,20261118.0,39200.0,Call,-,-,-,-,7610,-,-,0,0,0,0,7520,-,-,-
TXO,202611,20261118.0,39200.0,Put,-,-,-,-,302,-,-,0,0,0,2,294,309,303,206
TXO,202611,20261118.0,39300.0,Call,-,-,-,-,7520,-,-,0,0,0,0,7430,-,-,-
TXO,202611,20261118.0,39300.0,Put,-,-,-,-,311,-,-,0,0,0,5,303,317,650,610
TXO,202611,20261118.0,39400.0,Call,-,-,-,-,7430,-,-,0,0,0,0,-,-,-,-
TXO,202611,20261118.0,39400.0,Put,-,-,-,-,320,-,-,0,0,0,0,312,327,-,-
TXO,202611,20261118.0,39500.0,Call,-,-,-,-,7340,-,-,0,0,0,0,-,-,-,-
TXO,202611,20261118.0,39500.0,Put,-,-,-,-,331,-,-,1,0,1,41,323,338,555,208
TXO,202611,20261118.0,39600.0,Call,-,-,-,-,7250,-,-,0,0,0,0,7160,-,-,-
TXO,202611,20261118.0,39600.0,Put,-,-,-,-,342,-,-,0,0,0,1,-,-,469,469
TXO,202611,20261118.0,39700.0,Call,-,-,-,-,7160,-,-,0,0,0,0,7080,-,-,-
TXO,202611,20261118.0,39700.0,Put,-,-,-,-,352,-,-,0,0,0,1,343,359,420,413
TXO,202611,20261118.0,39800.0,Call,-,-,-,-,7070,-,-,0,0,0,0,-,-,-,-
TXO,202611,20261118.0,39800.0,Put,-,-,-,-,359,-,-,0,0,0,2,350,365,283,208
TXO,202611,20261118.0,39900.0,Call,-,-,-,-,6980,-,-,0,0,0,0,-,-,-,-
TXO,202611,20261118.0,39900.0,Put,-,-,-,-,370,-,-,0,0,0,2,-,520,210,205
TXO,202611,20261118.0,40000.0,Call,-,-,-,-,6900,-,-,0,0,0,0,-,-,-,-
TXO,202611,20261118.0,40000.0,Put,386,400,386,400,384,▲+112,▲+38.89%,0,2,2,30,286,398,785,214
TXO,202611,20261118.0,40100.0,Call,-,-,-,-,6810,-,-,0,0,0,0,6720,-,-,-
TXO,202611,20261118.0,40100.0,Put,-,-,-,-,399,-,-,0,0,0,0,389,406,-,-
TXO,202611,20261118.0,40200.0,Call,-,-,-,-,6720,-,-,0,0,0,0,6630,-,-,-
TXO,202611,20261118.0,40200.0,Put,-,-,-,-,410,-,-,0,0,0,0,400,417,-,-
TXO,202611,20261118.0,40300.0,Call,-,-,-,-,6640,-,-,0,0,0,0,-,-,-,-
TXO,202611,20261118.0,40300.0,Put,-,-,-,-,422,-,-,0,0,0,0,412,429,-,-
TXO,202611,20261118.0,40400.0,Call,-,-,-,-,6550,-,-,0,0,0,0,6460,-,-,-
TXO,202611,20261118.0,40400.0,Put,-,-,-,-,435,-,-,0,0,0,0,295,-,-,-
TXO,202611,20261118.0,40500.0,Call,-,-,-,-,6460,-,-,0,0,0,0,6380,-,-,-
TXO,202611,20261118.0,40500.0,Put,450,450,450,450,450,▲+122,▲+37.20%,0,1,1,12,439,457,450,259
TXO,202611,20261118.0,40600.0,Call,-,-,-,-,6370,-,-,0,0,0,0,-,-,-,-
TXO,202611,20261118.0,40600.0,Put,-,-,-,-,457,-,-,0,0,0,0,345,-,-,-
TXO,202611,20261118.0,40700.0,Call,-,-,-,-,6290,-,-,0,0,0,0,6200,-,-,-
TXO,202611,20261118.0,40700.0,Put,-,-,-,-,471,-,-,0,0,0,4,368,595,930,270
TXO,202611,20261118.0,40800.0,Call,-,-,-,-,6200,-,-,0,0,0,0,6110,-,-,-
TXO,202611,20261118.0,40800.0,Put,-,-,-,-,485,-,-,0,0,0,1,475,492,610,610
TXO,202611,20261118.0,40900.0,Call,-,-,-,-,6120,-,-,0,0,0,0,-,-,-,-
TXO,202611,20261118.0,40900.0,Put,-,-,-,-,500,-,-,0,0,0,0,388,-,-,-
TXO,202611,20261118.0,41000.0,Call,-,-,-,-,6030,-,-,0,0,0,0,5950,-,-,-
TXO,202611,20261118.0,41000.0,Put,520,520,520,520,520,▲+130,▲+33.33%,1,1,2,13,423,580,990,311
TXO,202611,20261118.0,41100.0,Call,-,-,-,-,5950,-,-,0,0,0,0,-,-,-,-
TXO,202611,20261118.0,41100.0,Put,-,-,-,-,535,-,-,0,0,0,6,-,655,425,411
TXO,202611,20261118.0,41200.0,Call,-,-,-,-,5870,-,-,0,0,0,0,5780,-,-,-
TXO,202611,20261118.0,41200.0,Put,-,-,-,-,550,-,-,0,0,0,5,-,690,425,425
TXO,202611,20261118.0,41300.0,Call,-,-,-,-,5790,-,-,0,0,0,0,5700,-,-,-
TXO,202611,20261118.0,41300.0,Put,-,-,-,-,570,-,-,0,0,0,5,555,580,437,437
TXO,202611,20261118.0,41400.0,Call,-,-,-,-,5700,-,-,0,0,0,0,5610,-,-,-
TXO,202611,20261118.0,41400.0,Put,-,-,-,-,585,-,-,0,0,0,5,570,595,451,451
TXO,202611,20261118.0,41500.0,Call,-,-,-,-,5620,-,-,0,0,0,0,-,-,-,-
TXO,202611,20261118.0,41500.0,Put,600,600,600,600,600,▲+145,▲+31.87%,0,1,1,10,590,615,1040,465
TXO,202611,20261118.0,41600.0,Call,-,-,-,-,5540,-,-,0,0,0,0,-,-,-,-
TXO,202611,20261118.0,41600.0,Put,-,-,-,-,620,-,-,0,0,0,5,605,630,479,479
TXO,202611,20261118.0,41700.0,Call,-,-,-,-,5450,-,-,0,0,0,0,-,-,-,-
TXO,202611,20261118.0,41700.0,Put,-,-,-,-,635,-,-,0,0,0,5,620,645,494,494
TXO,202611,20261118.0,41800.0,Call,-,-,-,-,5370,-,-,0,0,0,0,5280,-,-,-
TXO,202611,20261118.0,41800.0,Put,-,-,-,-,655,-,-,0,0,0,5,635,660,510,510
TXO,202611,20261118.0,41900.0,Call,-,-,-,-,5290,-,-,0,0,0,0,-,-,-,-
TXO,202611,20261118.0,41900.0,Put,-,-,-,-,675,-,-,0,0,0,6,555,785,560,525
TXO,202611,20261118.0,42000.0,Call,-,-,-,-,5210,-,-,0,0,0,0,-,-,-,-
TXO,202611,20261118.0,42000.0,Put,710,710,695,700,700,▲+155,▲+28.44%,1,11,12,17,575,-,750,435
TXO,202611,20261118.0,42100.0,Call,-,-,-,-,5130,-,-,0,0,0,0,-,-,-,-
TXO,202611,20261118.0,42100.0,Put,725,725,725,725,725,▲+165,▲+29.46%,0,10,10,10,595,-,725,515
TXO,202611,20261118.0,42200.0,Call,-,-,-,-,5050,-,-,0,0,0,0,4960,-,-,-
TXO,202611,20261118.0,42200.0,Put,745,745,745,745,745,▲+170,▲+29.57%,0,5,5,5,720,745,745,575
TXO,202611,20261118.0,42300.0,Call,-,-,-,-,4970,-,-,0,0,0,0,4890,5010,-,-
TXO,202611,20261118.0,42300.0,Put,-,-,-,-,755,-,-,0,0,0,5,740,765,595,595
TXO,202611,20261118.0,42400.0,Call,-,-,-,-,4890,-,-,0,0,0,0,-,-,-,-
TXO,202611,20261118.0,42400.0,Put,790,790,790,790,790,▲+190,▲+31.67%,0,5,5,5,645,-,790,610
TXO,202611,20261118.0,42500.0,Call,-,-,-,-,4820,-,-,0,0,0,0,-,-,-,-
TXO,202611,20261118.0,42500.0,Put,810,810,810,810,810,▲+210,▲+35.00%,0,5,5,14,780,805,810,475
TXO,202611,20261118.0,42600.0,Call,-,-,-,-,4740,-,-,0,0,0,0,4650,-,-,-
TXO,202611,20261118.0,42600.0,Put,830,830,830,830,830,▲+180,▲+27.69%,0,5,5,5,805,830,830,605
TXO,202611,20261118.0,42700.0,Call,-,-,-,-,4670,-,-,0,0,0,0,4580,-,-,-
TXO,202611,20261118.0,42700.0,Put,-,-,-,-,845,-,-,0,0,0,0,830,860,1620,915
TXO,202611,20261118.0,42800.0,Call,-,-,-,-,4590,-,-,0,0,0,0,-,-,-,-
TXO,202611,20261118.0,42800.0,Put,-,-,-,-,865,-,-,0,0,0,0,850,880,-,-
TXO,202611,20261118.0,42900.0,Call,-,-,-,-,4510,-,-,0,0,0,0,4420,-,-,-
TXO,202611,20261118.0,42900.0,Put,-,-,-,-,890,-,-,0,0,0,0,875,905,-,-
TXO,202611,20261118.0,43000.0,Call,-,-,-,-,4430,-,-,0,0,0,0,4350,-,-,-
TXO,202611,20261118.0,43000.0,Put,-,-,-,-,910,-,-,0,0,0,5,895,925,745,545
TXO,202611,20261118.0,43100.0,Call,-,-,-,-,4360,-,-,0,0,0,0,-,-,-,-
TXO,202611,20261118.0,43100.0,Put,-,-,-,-,940,-,-,0,0,0,5,920,950,780,750
TXO,202611,20261118.0,43200.0,Call,-,-,-,-,4290,-,-,0,0,0,0,-,-,-,-
TXO,202611,20261118.0,43200.0,Put,-,-,-,-,965,-,-,0,0,0,10,830,-,790,785
TXO,202611,20261118.0,43300.0,Call,-,-,-,-,4210,-,-,0,0,0,0,-,-,-,-
TXO,202611,20261118.0,43300.0,Put,-,-,-,-,985,-,-,0,0,0,7,970,1000,1040,670
TXO,202611,20261118.0,43400.0,Call,-,-,-,-,4140,-,-,0,0,0,0,4050,-,-,-
TXO,202611,20261118.0,43400.0,Put,-,-,-,-,1020,-,-,0,0,0,5,1000,1030,835,835
TXO,202611,20261118.0,43500.0,Call,-,-,-,-,4060,-,-,0,0,0,0,3980,-,-,-
TXO,202611,20261118.0,43500.0,Put,-,-,-,-,1040,-,-,0,0,0,5,1020,1050,1070,780
TXO,202611,20261118.0,43600.0,Call,-,-,-,-,3990,-,-,0,0,0,0,-,-,-,-
TXO,202611,20261118.0,43600.0,Put,-,-,-,-,1070,-,-,0,0,0,6,1050,1080,1070,865
TXO,202611,20261118.0,43700.0,Call,-,-,-,-,3920,-,-,0,0,0,0,3840,-,-,-
TXO,202611,20261118.0,43700.0,Put,-,-,-,-,1100,-,-,0,0,0,5,-,1210,890,890
TXO,202611,20261118.0,43800.0,Call,-,-,-,-,3850,-,-,0,0,0,0,-,-,-,-
TXO,202611,20261118.0,43800.0,Put,-,-,-,-,1130,-,-,0,0,0,5,-,1240,920,850
TXO,202611,20261118.0,43900.0,Call,-,-,-,-,3780,-,-,0,0,0,0,-,-,-,-
TXO,202611,20261118.0,43900.0,Put,-,-,-,-,1160,-,-,0,0,0,6,1140,1170,1930,830
TXO,202611,20261118.0,44000.0,Call,-,-,-,-,3710,-,-,0,0,0,0,-,-,-,-
TXO,202611,20261118.0,44000.0,Put,-,-,-,-,1190,-,-,0,0,0,1,1170,1200,2100,775
TXO,202611,20261118.0,44100.0,Call,-,-,-,-,3640,-,-,0,0,0,0,-,-,-,-
TXO,202611,20261118.0,44100.0,Put,-,-,-,-,1220,-,-,0,0,0,0,1200,1230,910,815
TXO,202611,20261118.0,44200.0,Call,-,-,-,-,3570,-,-,0,0,0,0,-,-,-,-
TXO,202611,20261118.0,44200.0,Put,-,-,-,-,1250,-,-,0,0,0,6,-,1350,1280,1020
TXO,202611,20261118.0,44300.0,Call,-,-,-,-,3500,-,-,0,0,0,0,3460,3520,-,-
TXO,202611,20261118.0,44300.0,Put,-,-,-,-,1280,-,-,0,0,0,2,1260,1290,1870,970
TXO,202611,20261118.0,44400.0,Call,-,-,-,-,3440,-,-,0,0,0,0,3400,3450,-,-
TXO,202611,20261118.0,44400.0,Put,-,-,-,-,1310,-,-,0,0,0,0,1290,1320,-,-
TXO,202611,20261118.0,44500.0,Call,-,-,-,-,3380,-,-,0,0,0,0,3330,3390,-,-
TXO,202611,20261118.0,44500.0,Put,-,-,-,-,1350,-,-,0,0,0,0,1330,1360,1230,920
TXO,202611,20261118.0,44600.0,Call,-,-,-,-,3310,-,-,0,0,0,0,3270,3320,-,-
TXO,202611,20261118.0,44600.0,Put,-,-,-,-,1380,-,-,0,0,0,2,1360,1390,1200,1050
TXO,202611,20261118.0,44700.0,Call,-,-,-,-,3240,-,-,0,0,0,0,3220,3270,-,-
TXO,202611,20261118.0,44700.0,Put,-,-,-,-,1410,-,-,0,0,0,0,1390,1420,2040,1090
TXO,202611,20261118.0,44800.0,Call,-,-,-,-,3180,-,-,0,0,0,0,-,-,-,-
TXO,202611,20261118.0,44800.0,Put,-,-,-,-,1450,-,-,0,0,0,0,1430,1460,-,-
TXO,202611,20261118.0,44900.0,Call,-,-,-,-,3120,-,-,0,0,0,0,3090,3140,-,-
TXO,202611,20261118.0,44900.0,Put,-,-,-,-,1490,-,-,0,0,0,0,3.8,-,-,-
TXO,202611,20261118.0,45000.0,Call,-,-,-,-,3050,-,-,5,0,5,5,2880,-,3740,2760
TXO,202611,20261118.0,45000.0,Put,-,-,-,-,1520,-,-,0,0,0,10,1500,1530,2580,1030
TXO,202611,20261118.0,45100.0,Call,-,-,-,-,2990,-,-,0,0,0,0,-,-,-,-
TXO,202611,20261118.0,45100.0,Put,1630,1630,1630,1630,1560,▲+370,▲+29.37%,0,1,1,6,1540,1570,1630,1290
TXO,202611,20261118.0,45200.0,Call,-,-,-,-,2930,-,-,0,0,0,0,-,-,-,-
TXO,202611,20261118.0,45200.0,Put,-,-,-,-,1600,-,-,0,0,0,0,1580,1610,-,-
TXO,202611,20261118.0,45300.0,Call,-,-,-,-,2870,-,-,0,0,0,0,2840,2890,-,-
TXO,202611,20261118.0,45300.0,Put,-,-,-,-,1640,-,-,0,0,0,15,1620,1650,1360,1160
TXO,202611,20261118.0,45400.0,Call,-,-,-,-,2800,-,-,0,0,0,0,-,-,-,-
TXO,202611,20261118.0,45400.0,Put,-,-,-,-,1670,-,-,0,0,0,10,1550,-,2790,1190
TXO,202611,20261118.0,45500.0,Call,-,-,-,-,2750,-,-,0,0,0,1,-,2840,3240,3240
TXO,202611,20261118.0,45500.0,Put,-,-,-,-,1720,-,-,0,0,0,20,1690,1730,2800,1220
TXO,202611,20261118.0,45600.0,Call,-,-,-,-,2690,-,-,0,0,0,0,2650,2700,-,-
TXO,202611,20261118.0,45600.0,Put,-,-,-,-,1760,-,-,0,0,0,7,1730,1760,1760,1200
TXO,202611,20261118.0,45700.0,Call,-,-,-,-,2640,-,-,0,0,0,0,0.1,-,-,-
TXO,202611,20261118.0,45700.0,Put,-,-,-,-,1810,-,-,0,0,0,20,1780,1830,1880,1370
TXO,202611,20261118.0,45800.0,Call,-,-,-,-,2570,-,-,0,0,0,0,-,-,-,-
TXO,202611,20261118.0,45800.0,Put,-,-,-,-,1840,-,-,0,0,0,20,3.8,-,1540,1350
TXO,202611,20261118.0,45900.0,Call,-,-,-,-,2510,-,-,0,0,0,0,-,-,-,-
TXO,202611,20261118.0,45900.0,Put,-,-,-,-,1880,-,-,0,0,0,20,1860,1890,1810,1280
TXO,202611,20261118.0,46000.0,Call,-,-,-,-,2460,-,-,0,0,0,3,2430,2480,3130,2210
TXO,202611,20261118.0,46000.0,Put,1950,1950,1950,1950,1920,▲+360,▲+22.64%,0,1,1,11,3.8,2030,2800,1300
TXO,202611,20261118.0,46100.0,Call,-,-,-,-,2400,-,-,0,0,0,1,2360,2410,2540,2540
TXO,202611,20261118.0,46100.0,Put,-,-,-,-,1970,-,-,0,0,0,5,1950,1980,1660,1660
TXO,202611,20261118.0,46200.0,Call,-,-,-,-,2340,-,-,0,0,0,1,2310,2350,2680,2680
TXO,202611,20261118.0,46200.0,Put,-,-,-,-,2010,-,-,0,0,0,5,1990,2020,1700,1700
TXO,202611,20261118.0,46300.0,Call,-,-,-,-,2290,-,-,0,0,0,0,2250,2300,-,-
TXO,202611,20261118.0,46300.0,Put,-,-,-,-,2050,-,-,0,0,0,5,-,-,1740,1740
TXO,202611,20261118.0,46400.0,Call,-,-,-,-,2240,-,-,0,0,0,0,2210,2250,-,-
TXO,202611,20261118.0,46400.0,Put,-,-,-,-,2100,-,-,0,0,0,5,-,-,1780,1780
TXO,202611,20261118.0,46500.0,Call,-,-,-,-,2190,-,-,0,0,0,13,2160,2210,2220,1960
TXO,202611,20261118.0,46500.0,Put,-,-,-,-,2150,-,-,0,0,0,12,2070,-,1870,1830
TXO,202611,20261118.0,46600.0,Call,-,-,-,-,2130,-,-,0,0,0,0,2090,2140,2250,2230
TXO,202611,20261118.0,46600.0,Put,-,-,-,-,2190,-,-,0,0,0,5,2180,2220,1870,1870
TXO,202611,20261118.0,46700.0,Call,-,-,-,-,2070,-,-,0,0,0,5,-,2170,2310,2310
TXO,202611,20261118.0,46700.0,Put,-,-,-,-,2240,-,-,0,0,0,5,2220,2260,1910,1910
TXO,202611,20261118.0,46800.0,Call,-,-,-,-,2020,-,-,2,0,2,1,2010,2040,2620,1620
TXO,202611,20261118.0,46800.0,Put,-,-,-,-,2290,-,-,0,0,0,6,2270,2310,2520,1840
TXO,202611,20261118.0,46900.0,Call,-,-,-,-,1970,-,-,0,0,0,6,-,-,2200,2200
TXO,202611,20261118.0,46900.0,Put,-,-,-,-,2340,-,-,0,0,0,7,-,2490,2060,1690
TXO,202611,20261118.0,47000.0,Call,-,-,-,-,1920,-,-,0,0,0,3,1790,-,2180,1620
TXO,202611,20261118.0,47000.0,Put,-,-,-,-,2380,-,-,2,0,2,13,-,-,3820,2040
TXO,202611,20261118.0,47100.0,Call,-,-,-,-,1870,-,-,0,0,0,1,1860,1890,2330,2330
TXO,202611,20261118.0,47100.0,Put,-,-,-,-,2430,-,-,0,0,0,6,-,2570,2100,1900
TXO,202611,20261118.0,47200.0,Call,-,-,-,-,1830,-,-,0,0,0,6,1810,1840,2340,2040
TXO,202611,20261118.0,47200.0,Put,-,-,-,-,2490,-,-,0,0,0,4,2470,2510,1980,1810
TXO,202611,20261118.0,47300.0,Call,-,-,-,-,1780,-,-,0,0,0,6,-,1880,2300,1990
TXO,202611,20261118.0,47300.0,Put,-,-,-,-,2540,-,-,0,0,0,6,2530,2570,2190,1900
TXO,202611,20261118.0,47400.0,Call,-,-,-,-,1730,-,-,0,0,0,6,-,1830,2240,1940
TXO,202611,20261118.0,47400.0,Put,-,-,-,-,2590,-,-,0,0,0,6,-,2750,2240,2020
TXO,202611,20261118.0,47500.0,Call,-,-,-,-,1690,-,-,0,0,0,20,1670,1700,2310,1780
TXO,202611,20261118.0,47500.0,Put,-,-,-,-,2650,-,-,0,0,0,10,-,2790,2730,1980
TXO,202611,20261118.0,47600.0,Call,-,-,-,-,1640,-,-,0,0,0,5,-,1720,1840,1840
TXO,202611,20261118.0,47600.0,Put,-,-,-,-,2700,-,-,0,0,0,0,-,-,-,-
TXO,202611,20261118.0,47700.0,Call,-,-,-,-,1600,-,-,0,0,0,0,1590,1620,2140,1950
TXO,202611,20261118.0,47700.0,Put,-,-,-,-,2760,-,-,0,0,0,5,-,-,2400,2400
TXO,202611,20261118.0,47800.0,Call,-,-,-,-,1550,-,-,0,0,0,5,1540,1570,1750,1750
TXO,202611,20261118.0,47800.0,Put,-,-,-,-,2810,-,-,0,0,0,5,2800,2850,2450,2450
TXO,202611,20261118.0,47900.0,Call,-,-,-,-,1510,-,-,0,0,0,10,1500,1530,1700,1600
TXO,202611,20261118.0,47900.0,Put,-,-,-,-,2870,-,-,0,0,0,5,2860,2910,2500,2500
TXO,202611,20261118.0,48000.0,Call,1500,1500,1420,1420,1470,▼-300,▼-17.44%,3,3,6,37,-,1550,1950,1250
TXO,202611,20261118.0,48000.0,Put,-,-,-,-,2930,-,-,0,0,0,4,-,3080,4280,2400
TXO,202611,20261118.0,48100.0,Call,-,-,-,-,1430,-,-,0,0,0,5,-,-,1610,1610
TXO,202611,20261118.0,48100.0,Put,-,-,-,-,2990,-,-,0,0,0,5,2980,3030,2610,2610
TXO,202611,20261118.0,48200.0,Call,-,-,-,-,1390,-,-,0,0,0,5,1380,1410,1570,1570
TXO,202611,20261118.0,48200.0,Put,-,-,-,-,3050,-,-,0,0,0,0,3040,3090,-,-
TXO,202611,20261118.0,48300.0,Call,-,-,-,-,1350,-,-,0,0,0,5,-,-,1520,1520
TXO,202611,20261118.0,48300.0,Put,-,-,-,-,3110,-,-,0,0,0,0,3100,3150,-,-
TXO,202611,20261118.0,48400.0,Call,-,-,-,-,1310,-,-,0,0,0,5,-,1440,1790,1480
TXO,202611,20261118.0,48400.0,Put,-,-,-,-,3170,-,-,0,0,0,0,3160,3210,-,-
TXO,202611,20261118.0,48500.0,Call,-,-,-,-,1280,-,-,0,0,0,5,-,1360,1440,1140
TXO,202611,20261118.0,48500.0,Put,-,-,-,-,3240,-,-,0,0,0,0,3220,3260,-,-
TXO,202611,20261118.0,48600.0,Call,-,-,-,-,1240,-,-,0,0,0,5,-,-,1400,1400
TXO,202611,20261118.0,48600.0,Put,-,-,-,-,3300,-,-,0,0,0,0,-,-,-,-
TXO,202611,20261118.0,48700.0,Call,-,-,-,-,1200,-,-,0,0,0,0,-,-,-,-
TXO,202611,20261118.0,48700.0,Put,-,-,-,-,3360,-,-,0,0,0,0,3340,3390,-,-
TXO,202611,20261118.0,48800.0,Call,-,-,-,-,1170,-,-,0,0,0,2,1150,1180,1500,1040
TXO,202611,20261118.0,48800.0,Put,-,-,-,-,3430,-,-,0,0,0,0,3410,3470,-,-
TXO,202611,20261118.0,48900.0,Call,-,-,-,-,1130,-,-,0,0,0,5,1120,1150,1280,1280
TXO,202611,20261118.0,48900.0,Put,-,-,-,-,3490,-,-,0,0,0,0,3470,3530,-,-
TXO,202611,20261118.0,49000.0,Call,1000,1080,1000,1020,1100,▼-280,▼-21.54%,3,8,11,1,1090,1120,1150,950
TXO,202611,20261118.0,49000.0,Put,-,-,-,-,3560,-,-,0,0,0,4,3540,3590,4900,3640
TXO,202611,20261118.0,49100.0,Call,-,-,-,-,1060,-,-,1,0,1,0,-,-,1410,1080
TXO,202611,20261118.0,49100.0,Put,-,-,-,-,3620,-,-,0,0,0,0,3610,3670,-,-
TXO,202611,20261118.0,49200.0,Call,-,-,-,-,1030,-,-,2,0,2,5,-,-,1170,920
TXO,202611,20261118.0,49200.0,Put,-,-,-,-,3690,-,-,0,0,0,0,3680,3740,-,-
TXO,202611,20261118.0,49300.0,Call,-,-,-,-,1000,-,-,0,0,0,0,-,-,-,-
TXO,202611,20261118.0,49300.0,Put,-,-,-,-,3760,-,-,0,0,0,0,3740,3800,-,-
TXO,202611,20261118.0,49400.0,Call,-,-,-,-,970,-,-,0,0,0,0,-,-,-,-
TXO,202611,20261118.0,49400.0,Put,-,-,-,-,3830,-,-,0,0,0,0,-,-,-,-
TXO,202611,20261118.0,49500.0,Call,-,-,-,-,940,-,-,0,0,0,0,930,960,1160,1120
TXO,202611,20261118.0,49500.0,Put,-,-,-,-,3900,-,-,0,0,0,0,-,-,-,-
TXO,202611,20261118.0,49600.0,Call,-,-,-,-,910,-,-,0,0,0,0,-,-,-,-
TXO,202611,20261118.0,49600.0,Put,-,-,-,-,3970,-,-,0,0,0,0,3940,4010,-,-
TXO,202611,20261118.0,49700.0,Call,-,-,-,-,880,-,-,0,0,0,0,870,900,1220,1190
TXO,202611,20261118.0,49700.0,Put,-,-,-,-,4040,-,-,0,0,0,0,-,-,-,-
TXO,202611,20261118.0,49800.0,Call,-,-,-,-,855,-,-,0,0,0,0,840,870,-,-
TXO,202611,20261118.0,49800.0,Put,-,-,-,-,4110,-,-,0,0,0,0,-,-,-,-
TXO,202611,20261118.0,49900.0,Call,815,815,815,815,815,▼-165,▼-16.84%,0,2,2,7,815,840,940,815
TXO,202611,20261118.0,49900.0,Put,-,-,-,-,4190,-,-,0,0,0,0,-,-,-,-
TXO,202611,20261118.0,50000.0,Call,-,-,-,-,805,-,-,0,0,0,22,690,-,1050,655
TXO,202611,20261118.0,50000.0,Put,-,-,-,-,4260,-,-,0,0,0,0,-,-,5850,4670
TXO,202611,20261118.0,50100.0,Call,-,-,-,-,775,-,-,0,0,0,5,765,790,880,880
TXO,202611,20261118.0,50100.0,Put,-,-,-,-,4330,-,-,0,0,0,0,-,-,-,-
TXO,202611,20261118.0,50200.0,Call,-,-,-,-,750,-,-,0,0,0,0,640,-,-,-
TXO,202611,20261118.0,50200.0,Put,-,-,-,-,4400,-,-,0,0,0,0,-,-,-,-
TXO,202611,20261118.0,50300.0,Call,-,-,-,-,725,-,-,0,0,0,6,710,740,895,605
TXO,202611,20261118.0,50300.0,Put,-,-,-,-,4480,-,-,0,0,0,0,-,-,-,-
TXO,202611,20261118.0,50400.0,Call,670,670,670,670,705,▼-150,▼-18.29%,0,1,1,19,585,820,820,580
TXO,202611,20261118.0,50400.0,Put,-,-,-,-,4560,-,-,0,0,0,0,-,-,-,-
TXO,202611,20261118.0,50500.0,Call,-,-,-,-,680,-,-,0,0,0,5,560,-,770,550
TXO,202611,20261118.0,50500.0,Put,-,-,-,-,4630,-,-,0,0,0,0,-,-,-,-
TXO,202611,20261118.0,50600.0,Call,610,610,610,610,655,▼-170,▼-21.79%,0,1,1,5,645,670,810,610
TXO,202611,20261118.0,50600.0,Put,-,-,-,-,4710,-,-,0,0,0,0,-,-,-,-
TXO,202611,20261118.0,50700.0,Call,-,-,-,-,635,-,-,0,0,0,5,495,-,820,625
TXO,202611,20261118.0,50700.0,Put,-,-,-,-,4790,-,-,0,0,0,0,-,-,-,-
TXO,202611,20261118.0,50800.0,Call,-,-,-,-,615,-,-,0,0,0,5,605,630,690,585
TXO,202611,20261118.0,50800.0,Put,-,-,-,-,4870,-,-,0,0,0,0,-,-,-,-
TXO,202611,20261118.0,50900.0,Call,-,-,-,-,595,-,-,0,0,0,5,585,610,800,620
TXO,202611,20261118.0,50900.0,Put,-,-,-,-,4950,-,-,0,0,0,0,-,-,-,-
TXO,202611,20261118.0,51000.0,Call,-,-,-,-,575,-,-,1,0,1,12,565,590,780,443
TXO,202611,20261118.0,51000.0,Put,-,-,-,-,5030,-,-,0,0,0,0,-,-,-,-
TXO,202611,20261118.0,51100.0,Call,-,-,-,-,555,-,-,0,0,0,5,545,570,630,400
TXO,202611,20261118.0,51100.0,Put,-,-,-,-,5110,-,-,0,0,0,0,-,-,-,-
TXO,202611,20261118.0,51200.0,Call,-,-,-,-,535,-,-,0,0,0,5,416,-,610,610
TXO,202611,20261118.0,51200.0,Put,-,-,-,-,5190,-,-,0,0,0,0,-,-,-,-
TXO,202611,20261118.0,51300.0,Call,-,-,-,-,520,-,-,0,0,0,5,505,530,590,590
TXO,202611,20261118.0,51300.0,Put,-,-,-,-,5270,-,-,0,0,0,0,-,-,-,-
TXO,202611,20261118.0,51400.0,Call,-,-,-,-,500,-,-,0,0,0,5,493,515,580,560
TXO,202611,20261118.0,51400.0,Put,-,-,-,-,5350,-,-,0,0,0,0,-,-,-,-
TXO,202611,20261118.0,51500.0,Call,450,450,450,450,484,▼-120,▼-21.05%,0,3,3,6,474,493,750,421
TXO,202611,20261118.0,51500.0,Put,-,-,-,-,5430,-,-,0,0,0,0,-,-,-,-
TXO,202611,20261118.0,51600.0,Call,-,-,-,-,466,-,-,0,0,0,5,-,-,540,540
TXO,202611,20261118.0,51600.0,Put,-,-,-,-,5520,-,-,0,0,0,0,-,-,-,-
TXO,202611,20261118.0,51700.0,Call,-,-,-,-,447,-,-,0,0,0,4,-,555,555,311
TXO,202611,20261118.0,51700.0,Put,-,-,-,-,5600,-,-,0,0,0,0,-,-,-,-
TXO,202611,20261118.0,51800.0,Call,-,-,-,-,431,-,-,0,0,0,2,321,-,515,316
TXO,202611,20261118.0,51800.0,Put,-,-,-,-,5680,-,-,0,0,0,0,-,-,-,-
TXO,202611,20261118.0,51900.0,Call,-,-,-,-,416,-,-,1,0,1,2,409,426,510,310
TXO,202611,20261118.0,51900.0,Put,-,-,-,-,5760,-,-,0,0,0,0,-,-,-,-
TXO,202611,20261118.0,52000.0,Call,-,-,-,-,402,-,-,0,0,0,9,395,412,560,272
TXO,202611,20261118.0,52000.0,Put,-,-,-,-,5850,-,-,0,0,0,0,-,-,-,-
TXO,202611,20261118.0,52100.0,Call,364,364,364,364,389,▼-96,▼-20.87%,0,2,2,14,258,495,475,272
TXO,202611,20261118.0,52100.0,Put,-,-,-,-,5940,-,-,0,0,0,0,-,-,-,-
TXO,202611,20261118.0,52200.0,Call,-,-,-,-,376,-,-,0,0,0,1,369,385,387,387
TXO,202611,20261118.0,52200.0,Put,-,-,-,-,6020,-,-,0,0,0,0,-,-,-,-
TXO,202611,20261118.0,52300.0,Call,-,-,-,-,362,-,-,0,0,0,2,355,371,343,318
TXO,202611,20261118.0,52300.0,Put,-,-,-,-,6110,-,-,0,0,0,0,-,-,-,-
TXO,202611,20261118.0,52400.0,Call,-,-,-,-,349,-,-,0,0,0,0,342,358,-,-
TXO,202611,20261118.0,52400.0,Put,-,-,-,-,6200,-,-,0,0,0,0,-,-,-,-
TXO,202611,20261118.0,52500.0,Call,-,-,-,-,337,-,-,0,0,0,7,328,344,400,252
TXO,202611,20261118.0,52500.0,Put,-,-,-,-,6280,-,-,0,0,0,0,-,-,-,-
TXO,202611,20261118.0,52600.0,Call,-,-,-,-,326,-,-,0,0,0,0,317,332,-,-
TXO,202611,20261118.0,52600.0,Put,-,-,-,-,6370,-,-,0,0,0,0,-,-,-,-
TXO,202611,20261118.0,52700.0,Call,-,-,-,-,315,-,-,0,0,0,0,161,-,373,373
TXO,202611,20261118.0,52700.0,Put,-,-,-,-,6460,-,-,0,0,0,0,-,-,-,-
TXO,202611,20261118.0,52800.0,Call,-,-,-,-,304,-,-,0,0,0,4,297,311,450,285
TXO,202611,20261118.0,52800.0,Put,-,-,-,-,6550,-,-,0,0,0,0,-,-,-,-
TXO,202611,20261118.0,52900.0,Call,-,-,-,-,293,-,-,0,0,0,4,146,-,389,222
TXO,202611,20261118.0,52900.0,Put,-,-,-,-,6640,-,-,0,0,0,0,-,-,-,-
TXO,202611,20261118.0,53000.0,Call,265,265,265,265,283,▼-66,▼-19.94%,0,3,3,9,-,-,420,265
TXO,202611,20261118.0,53000.0,Put,-,-,-,-,6730,-,-,0,0,0,0,-,-,-,-
TXO,202611,20261118.0,53100.0,Call,-,-,-,-,273,-,-,0,0,0,0,266,280,-,-
TXO,202611,20261118.0,53100.0,Put,-,-,-,-,6820,-,-,0,0,0,0,-,-,-,-
TXO,202611,20261118.0,53200.0,Call,-,-,-,-,263,-,-,0,0,0,2,256,270,246,246
TXO,202611,20261118.0,53200.0,Put,-,-,-,-,6910,-,-,0,0,0,0,-,-,-,-
TXO,202611,20261118.0,53300.0,Call,-,-,-,-,254,-,-,0,0,0,5,-,333,335,187
TXO,202611,20261118.0,53300.0,Put,-,-,-,-,7000,-,-,0,0,0,0,-,-,-,-
TXO,202611,20261118.0,53400.0,Call,-,-,-,-,245,-,-,0,0,0,0,238,251,-,-
TXO,202611,20261118.0,53400.0,Put,-,-,-,-,7090,-,-,0,0,0,0,-,-,-,-
TXO,202611,20261118.0,53500.0,Call,-,-,-,-,236,-,-,0,0,0,0,105,-,-,-
TXO,202611,20261118.0,53500.0,Put,-,-,-,-,7180,-,-,0,0,0,0,-,-,-,-
TXO,202611,20261118.0,53600.0,Call,-,-,-,-,227,-,-,0,0,0,1,103,307,238,238
TXO,202611,20261118.0,53600.0,Put,-,-,-,-,7270,-,-,0,0,0,0,-,-,-,-
TXO,202611,20261118.0,53700.0,Call,-,-,-,-,219,-,-,0,0,0,0,98,-,-,-
TXO,202611,20261118.0,53700.0,Put,-,-,-,-,7360,-,-,0,0,0,0,-,-,-,-
TXO,202611,20261118.0,53800.0,Call,-,-,-,-,211,-,-,0,0,0,0,206,218,-,-
TXO,202611,20261118.0,53800.0,Put,-,-,-,-,7450,-,-,0,0,0,0,-,-,-,-
TXO,202611,20261118.0,53900.0,Call,-,-,-,-,200,-,-,0,0,0,0,-,-,-,-
TXO,202611,20261118.0,53900.0,Put,-,-,-,-,7540,-,-,0,0,0,0,-,-,-,-
TXO,202611,20261118.0,54000.0,Call,190,190,177,177,196,▼-50,▼-22.03%,1,2,3,12,-,-,299,161
TXO,202611,20261118.0,54000.0,Put,-,-,-,-,7640,-,-,0,0,0,0,-,-,-,-
TXO,202611,20261118.0,54100.0,Call,-,-,-,-,189,-,-,0,0,0,0,-,-,-,-
TXO,202611,20261118.0,54100.0,Put,-,-,-,-,7730,-,-,0,0,0,0,-,-,-,-
TXO,202611,20261118.0,54200.0,Call,-,-,-,-,182,-,-,0,0,0,1,100,267,235,235
TXO,202611,20261118.0,54200.0,Put,-,-,-,-,7820,-,-,0,0,0,0,-,-,-,-
TXO,202611,20261118.0,54300.0,Call,-,-,-,-,176,-,-,0,0,0,4,171,182,240,238
TXO,202611,20261118.0,54300.0,Put,-,-,-,-,7920,-,-,0,0,0,0,-,-,-,-
TXO,202611,20261118.0,54400.0,Call,-,-,-,-,169,-,-,0,0,0,0,164,175,-,-
TXO,202611,20261118.0,54400.0,Put,-,-,-,-,8010,-,-,0,0,0,0,-,-,-,-
TXO,202611,20261118.0,54500.0,Call,162,163,162,163,163,▼-12,▼-6.86%,3,2,5,14,155,166,230,162
TXO,202611,20261118.0,54500.0,Put,-,-,-,-,8100,-,-,0,0,0,0,-,-,-,-
TXO,202612,20261216.0,25200.0,Call,-,-,-,-,21370,-,-,0,0,0,2,-,21590,22620,13580
TXO,202612,20261216.0,25200.0,Put,38,38,38,38,38,0,0%,5,1,6,171,24,99,985,28.5
TXO,202612,20261216.0,25400.0,Call,-,-,-,-,21180,-,-,0,0,0,0,21110,-,-,-
TXO,202612,20261216.0,25400.0,Put,-,-,-,-,43.5,-,-,0,0,0,6,19,-,610,84
TXO,202612,20261216.0,25600.0,Call,-,-,-,-,20980,-,-,0,0,0,0,20900,-,-,-
TXO,202612,20261216.0,25600.0,Put,-,-,-,-,44.5,-,-,0,0,0,12,0.1,-,750,86
TXO,202612,20261216.0,25800.0,Call,-,-,-,-,20780,-,-,0,0,0,0,-,20980,-,-
TXO,202612,20261216.0,25800.0,Put,-,-,-,-,45.5,-,-,0,0,0,6,41,49,505,75
TXO,202612,20261216.0,26000.0,Call,-,-,-,-,20580,-,-,0,0,0,1,20550,20790,17230,7550
TXO,202612,20261216.0,26000.0,Put,-,-,-,-,46.5,-,-,0,0,0,87,42,50,1390,38
TXO,202612,20261216.0,26200.0,Call,-,-,-,-,20380,-,-,0,0,0,0,-,20600,-,-
TXO,202612,20261216.0,26200.0,Put,-,-,-,-,47.5,-,-,0,0,0,7,-,-,1430,49
TXO,202612,20261216.0,26400.0,Call,-,-,-,-,20190,-,-,0,0,0,0,-,20400,-,-
TXO,202612,20261216.0,26400.0,Put,-,-,-,-,49.5,-,-,1,0,1,13,45,53,1250,68
TXO,202612,20261216.0,26600.0,Call,-,-,-,-,19990,-,-,0,0,0,0,19910,20180,-,-
TXO,202612,20261216.0,26600.0,Put,-,-,-,-,51,-,-,0,0,0,1,46,54,765,64
TXO,202612,20261216.0,26800.0,Call,-,-,-,-,19790,-,-,0,0,0,0,19710,19990,-,-
TXO,202612,20261216.0,26800.0,Put,-,-,-,-,52,-,-,0,0,0,3,0.1,-,1500,57
TXO,202612,20261216.0,27000.0,Call,-,-,-,-,19590,-,-,0,0,0,1,-,19830,18990,7500
TXO,202612,20261216.0,27000.0,Put,-,-,-,-,53,-,-,0,0,0,7,-,-,1590,88
TXO,202612,20261216.0,27200.0,Call,-,-,-,-,19400,-,-,0,0,0,0,19320,-,-,-
TXO,202612,20261216.0,27200.0,Put,-,-,-,-,55,-,-,0,0,0,1,0.1,-,710,215
TXO,202612,20261216.0,27400.0,Call,-,-,-,-,19200,-,-,0,0,0,0,-,19390,-,-
TXO,202612,20261216.0,27400.0,Put,-,-,-,-,56,-,-,0,0,0,16,51,60,1580,60
TXO,202612,20261216.0,27600.0,Call,-,-,-,-,19000,-,-,0,0,0,0,18920,19180,-,-
TXO,202612,20261216.0,27600.0,Put,-,-,-,-,57,-,-,0,0,0,2,52,61,1300,44.5
TXO,202612,20261216.0,27800.0,Call,-,-,-,-,18800,-,-,0,0,0,0,18730,18990,-,-
TXO,202612,20261216.0,27800.0,Put,-,-,-,-,58,-,-,1,0,1,12,53,62,1550,46
TXO,202612,20261216.0,28000.0,Call,-,-,-,-,18600,-,-,0,0,0,0,-,-,-,-
TXO,202612,20261216.0,28000.0,Put,-,-,-,-,59,-,-,0,0,0,18,54,62,1680,47
TXO,202612,20261216.0,28200.0,Call,-,-,-,-,18410,-,-,0,0,0,0,18330,18580,-,-
TXO,202612,20261216.0,28200.0,Put,-,-,-,-,62,-,-,0,0,0,8,56,66,1820,60
TXO,202612,20261216.0,28400.0,Call,-,-,-,-,18210,-,-,0,0,0,0,18140,-,-,-
TXO,202612,20261216.0,28400.0,Put,-,-,-,-,63,-,-,0,0,0,4,57,67,1400,60
TXO,202612,20261216.0,28600.0,Call,-,-,-,-,18010,-,-,0,0,0,0,-,18210,-,-
TXO,202612,20261216.0,28600.0,Put,60,60,60,60,64,▲+6,▲+11.11%,1,3,4,7,58,68,1500,51
TXO,202612,20261216.0,28800.0,Call,-,-,-,-,17820,-,-,0,0,0,0,-,-,-,-
TXO,202612,20261216.0,28800.0,Put,-,-,-,-,66,-,-,0,0,0,6,60,70,1550,60
TXO,202612,20261216.0,29000.0,Call,-,-,-,-,17620,-,-,0,0,0,0,-,17790,-,-
TXO,202612,20261216.0,29000.0,Put,-,-,-,-,67,-,-,0,0,0,3,-,70,1860,50
TXO,202612,20261216.0,29200.0,Call,-,-,-,-,17420,-,-,0,0,0,0,17350,-,-,-
TXO,202612,20261216.0,29200.0,Put,-,-,-,-,69,-,-,0,0,0,3,63,74,1860,260
TXO,202612,20261216.0,29400.0,Call,-,-,-,-,17220,-,-,0,0,0,0,-,17390,-,-
TXO,202612,20261216.0,29400.0,Put,-,-,-,-,70,-,-,0,0,0,2,64,75,1700,146
TXO,202612,20261216.0,29600.0,Call,-,-,-,-,17030,-,-,0,0,0,0,16950,17240,-,-
TXO,202612,20261216.0,29600.0,Put,-,-,-,-,72,-,-,0,0,0,1,66,77,1650,241
TXO,202612,20261216.0,29800.0,Call,-,-,-,-,16830,-,-,0,0,0,0,-,-,11600,5120
TXO,202612,20261216.0,29800.0,Put,-,-,-,-,74,-,-,0,0,0,3,68,79,1700,128
TXO,202612,20261216.0,30000.0,Call,-,-,-,-,16630,-,-,0,0,0,0,-,16820,11910,4660
TXO,202612,20261216.0,30000.0,Put,-,-,-,-,75,-,-,0,0,0,67,69,80,1880,56
TXO,202612,20261216.0,30200.0,Call,-,-,-,-,16430,-,-,0,0,0,0,-,16640,14870,4700
TXO,202612,20261216.0,30200.0,Put,-,-,-,-,78,-,-,0,0,0,2,71,82,715,98
TXO,202612,20261216.0,30400.0,Call,-,-,-,-,16240,-,-,0,0,0,0,16170,16440,-,-
TXO,202612,20261216.0,30400.0,Put,-,-,-,-,78,-,-,0,0,0,3,20,-,510,70
TXO,202612,20261216.0,30600.0,Call,-,-,-,-,16040,-,-,0,0,0,0,-,16220,-,-
TXO,202612,20261216.0,30600.0,Put,-,-,-,-,79,-,-,0,0,0,2,75,81,2010,67
TXO,202612,20261216.0,30800.0,Call,-,-,-,-,15840,-,-,0,0,0,0,15770,-,-,-
TXO,202612,20261216.0,30800.0,Put,-,-,-,-,81,-,-,0,0,0,10,77,88,2700,107
TXO,202612,20261216.0,31000.0,Call,-,-,-,-,15640,-,-,0,0,0,0,15580,-,-,-
TXO,202612,20261216.0,31000.0,Put,81,81,81,81,81,▲+8,▲+10.96%,0,1,1,26,1,84,1220,71
TXO,202612,20261216.0,31200.0,Call,-,-,-,-,15450,-,-,0,0,0,0,-,15630,4700,3750
TXO,202612,20261216.0,31200.0,Put,-,-,-,-,85,-,-,0,0,0,4,-,-,730,180
TXO,202612,20261216.0,31400.0,Call,-,-,-,-,15250,-,-,0,0,0,0,15180,-,-,-
TXO,202612,20261216.0,31400.0,Put,84,84,84,84,87,▲+8,▲+10.53%,0,1,1,2,83,89,198,84
TXO,202612,20261216.0,31600.0,Call,-,-,-,-,15050,-,-,0,0,0,0,-,15230,7950,5480
TXO,202612,20261216.0,31600.0,Put,86,86,86,86,89,▲+6,▲+7.50%,0,1,1,1,85,91,1870,86
TXO,202612,20261216.0,31800.0,Call,-,-,-,-,14860,-,-,0,0,0,0,14790,15030,10560,5580
TXO,202612,20261216.0,31800.0,Put,-,-,-,-,95,-,-,0,0,0,1,0.2,-,200,150
TXO,202612,20261216.0,32000.0,Call,-,-,-,-,14660,-,-,0,0,0,0,-,14810,9600,3560
TXO,202612,20261216.0,32000.0,Put,94,94,94,94,97,▲+11,▲+13.25%,0,1,1,6,90,101,3270,86
TXO,202612,20261216.0,32200.0,Call,-,-,-,-,14470,-,-,0,0,0,0,-,14640,-,-
TXO,202612,20261216.0,32200.0,Put,-,-,-,-,100,-,-,0,0,0,2,93,104,3130,82
TXO,202612,20261216.0,32400.0,Call,-,-,-,-,14270,-,-,0,0,0,0,-,14450,11650,3460
TXO,202612,20261216.0,32400.0,Put,97,97,97,97,102,▲+8,▲+8.99%,0,1,1,4,95,106,3250,97
TXO,202612,20261216.0,32600.0,Call,-,-,-,-,14070,-,-,0,0,0,0,14010,14240,-,-
TXO,202612,20261216.0,32600.0,Put,-,-,-,-,105,-,-,0,0,0,11,0.1,-,1160,101
TXO,202612,20261216.0,32800.0,Call,-,-,-,-,13880,-,-,0,0,0,0,13820,-,-,-
TXO,202612,20261216.0,32800.0,Put,100,100,100,100,110,▲+10,▲+11.11%,0,1,1,7,100,117,1920,100
TXO,202612,20261216.0,33000.0,Call,-,-,-,-,13680,-,-,0,0,0,0,-,13840,13520,3000
TXO,202612,20261216.0,33000.0,Put,-,-,-,-,112,-,-,0,0,0,62,5.9,206,3280,77
TXO,202612,20261216.0,33200.0,Call,-,-,-,-,13490,-,-,0,0,0,0,13430,13640,4180,3280
TXO,202612,20261216.0,33200.0,Put,-,-,-,-,116,-,-,0,0,0,1,104,124,780,95
TXO,202612,20261216.0,33400.0,Call,-,-,-,-,13290,-,-,0,0,0,0,-,13470,10800,2780
TXO,202612,20261216.0,33400.0,Put,-,-,-,-,119,-,-,0,0,0,2,12.5,-,3450,500
TXO,202612,20261216.0,33600.0,Call,-,-,-,-,13100,-,-,0,0,0,0,-,-,10850,2640
TXO,202612,20261216.0,33600.0,Put,-,-,-,-,126,-,-,0,0,0,6,118,131,4010,101
TXO,202612,20261216.0,33800.0,Call,-,-,-,-,12900,-,-,0,0,0,0,12840,-,-,-
TXO,202612,20261216.0,33800.0,Put,-,-,-,-,127,-,-,0,0,0,0,20.5,-,1670,995
TXO,202612,20261216.0,34000.0,Call,-,-,-,-,12710,-,-,0,0,0,0,12650,-,12700,3130
TXO,202612,20261216.0,34000.0,Put,126,126,126,126,132,▲+16,▲+14.55%,0,1,1,141,24.5,225,3620,96
TXO,202612,20261216.0,34200.0,Call,-,-,-,-,12510,-,-,0,0,0,0,12450,12660,8850,5200
TXO,202612,20261216.0,34200.0,Put,-,-,-,-,137,-,-,0,0,0,1,123,148,1780,91
TXO,202612,20261216.0,34400.0,Call,-,-,-,-,12320,-,-,0,0,0,0,-,12470,-,-
TXO,202612,20261216.0,34400.0,Put,-,-,-,-,143,-,-,0,0,0,2,34.5,235,2600,438
TXO,202612,20261216.0,34600.0,Call,-,-,-,-,12130,-,-,0,0,0,0,-,-,-,-
TXO,202612,20261216.0,34600.0,Put,-,-,-,-,149,-,-,0,0,0,3,-,-,2670,102
TXO,202612,20261216.0,34800.0,Call,-,-,-,-,11930,-,-,0,0,0,0,-,-,4830,3240
TXO,202612,20261216.0,34800.0,Put,-,-,-,-,155,-,-,0,0,0,1,138,167,3120,330
TXO,202612,20261216.0,35000.0,Call,-,-,-,-,11750,-,-,0,0,0,0,-,11900,12910,2200
TXO,202612,20261216.0,35000.0,Put,160,161,160,160,160,▲+30,▲+23.08%,0,16,16,49,155,4820,2100,120
TXO,202612,20261216.0,35200.0,Call,-,-,-,-,11550,-,-,0,0,0,0,-,11690,4590,3370
TXO,202612,20261216.0,35200.0,Put,-,-,-,-,170,-,-,0,0,0,2,153,183,3000,400
TXO,202612,20261216.0,35400.0,Call,-,-,-,-,11360,-,-,0,0,0,0,-,11500,9450,3340
TXO,202612,20261216.0,35400.0,Put,-,-,-,-,178,-,-,0,0,0,0,66,-,1300,350
TXO,202612,20261216.0,35600.0,Call,-,-,-,-,11170,-,-,0,0,0,0,-,11300,12870,2380
TXO,202612,20261216.0,35600.0,Put,-,-,-,-,186,-,-,0,0,0,1,167,200,4020,193
TXO,202612,20261216.0,35800.0,Call,-,-,-,-,10980,-,-,0,0,0,0,-,-,7020,6410
TXO,202612,20261216.0,35800.0,Put,-,-,-,-,195,-,-,0,0,0,1,175,210,2000,1020
TXO,202612,20261216.0,36000.0,Call,10860,10860,10860,10860,10790,▼-600,▼-5.24%,0,1,1,0,-,-,10860,1950
TXO,202612,20261216.0,36000.0,Put,197,197,197,197,197,▲+38,▲+23.90%,1,8,9,106,184,219,3300,130
TXO,202612,20261216.0,36200.0,Call,-,-,-,-,10600,-,-,0,0,0,0,-,10730,7130,1470
TXO,202612,20261216.0,36200.0,Put,-,-,-,-,215,-,-,0,0,0,0,194,229,-,-
TXO,202612,20261216.0,36400.0,Call,-,-,-,-,10410,-,-,0,0,0,0,-,-,10490,1390
TXO,202612,20261216.0,36400.0,Put,213,213,213,213,227,▲+38,▲+21.71%,0,1,1,1,111,-,2020,189
TXO,202612,20261216.0,36600.0,Call,-,-,-,-,10220,-,-,0,0,0,0,-,10350,6880,1320
TXO,202612,20261216.0,36600.0,Put,-,-,-,-,236,-,-,0,0,0,5,215,250,2130,171
TXO,202612,20261216.0,36800.0,Call,-,-,-,-,10040,-,-,0,0,0,0,-,10160,11890,1260
TXO,202612,20261216.0,36800.0,Put,-,-,-,-,248,-,-,0,0,0,50,134,-,2670,197
TXO,202612,20261216.0,37000.0,Call,-,-,-,-,9850,-,-,0,0,0,4,9790,10010,12020,1350
TXO,202612,20261216.0,37000.0,Put,260,260,260,260,260,▲+59,▲+29.35%,0,2,2,98,243,278,3150,160
TXO,202612,20261216.0,37200.0,Call,-,-,-,-,9670,-,-,0,0,0,0,-,9790,9030,1740
TXO,202612,20261216.0,37200.0,Put,-,-,-,-,275,-,-,0,0,0,9,-,392,1070,231
TXO,202612,20261216.0,37400.0,Call,-,-,-,-,9480,-,-,0,0,0,0,9420,9600,10760,1280
TXO,202612,20261216.0,37400.0,Put,-,-,-,-,291,-,-,0,0,0,11,-,409,1540,195
TXO,202612,20261216.0,37600.0,Call,-,-,-,-,9300,-,-,0,0,0,2,-,9390,1260,1260
TXO,202612,20261216.0,37600.0,Put,-,-,-,-,310,-,-,0,0,0,7,181,423,2950,399
TXO,202612,20261216.0,37800.0,Call,-,-,-,-,9120,-,-,0,0,0,0,-,9230,11540,1240
TXO,202612,20261216.0,37800.0,Put,-,-,-,-,330,-,-,1,0,1,14,307,469,2900,197
TXO,202612,20261216.0,38000.0,Call,-,-,-,-,8940,-,-,0,0,0,18,8880,9060,8700,1230
TXO,202612,20261216.0,38000.0,Put,312,350,312,350,350,▲+91,▲+35.14%,1,6,7,182,323,358,3430,215
TXO,202612,20261216.0,38200.0,Call,-,-,-,-,8760,-,-,0,0,0,0,-,-,7280,1200
TXO,202612,20261216.0,38200.0,Put,-,-,-,-,361,-,-,0,0,0,6,337,500,1900,494
TXO,202612,20261216.0,38400.0,Call,-,-,-,-,8580,-,-,0,0,0,0,-,-,7140,1270
TXO,202612,20261216.0,38400.0,Put,372,372,372,372,372,▲+86,▲+30.07%,0,1,1,4,358,393,835,247
TXO,202612,20261216.0,38600.0,Call,-,-,-,-,8400,-,-,0,0,0,3,-,-,10540,1080
TXO,202612,20261216.0,38600.0,Put,-,-,-,-,407,-,-,0,0,0,11,383,-,3100,262
TXO,202612,20261216.0,38800.0,Call,-,-,-,-,8230,-,-,0,0,0,0,-,8330,10770,775
TXO,202612,20261216.0,38800.0,Put,415,415,415,415,415,▲+96,▲+30.09%,0,1,1,2,400,445,1510,275
TXO,202612,20261216.0,39000.0,Call,-,-,-,-,8050,-,-,0,0,0,4,-,8180,9290,1100
TXO,202612,20261216.0,39000.0,Put,-,-,-,-,455,-,-,2,0,2,118,370,-,3690,300
TXO,202612,20261216.0,39200.0,Call,-,-,-,-,7880,-,-,0,0,0,0,-,-,10280,1290
TXO,202612,20261216.0,39200.0,Put,-,-,-,-,483,-,-,0,0,0,2,466,605,3680,306
TXO,202612,20261216.0,39400.0,Call,-,-,-,-,7700,-,-,0,0,0,0,7640,-,11070,1300
TXO,202612,20261216.0,39400.0,Put,-,-,-,-,499,-,-,0,0,0,1,404,575,3380,500
TXO,202612,20261216.0,39600.0,Call,-,-,-,-,7530,-,-,0,0,0,0,7470,-,11070,750
TXO,202612,20261216.0,39600.0,Put,-,-,-,-,530,-,-,0,0,0,3,428,-,3660,505
TXO,202612,20261216.0,39800.0,Call,-,-,-,-,7360,-,-,0,0,0,0,-,-,11350,1250
TXO,202612,20261216.0,39800.0,Put,-,-,-,-,560,-,-,0,0,0,1,530,575,4080,780
TXO,202612,20261216.0,40000.0,Call,-,-,-,-,7200,-,-,0,0,0,12,-,7300,9010,705
TXO,202612,20261216.0,40000.0,Put,-,-,-,-,595,-,-,1,0,1,111,468,-,3960,340
TXO,202612,20261216.0,40200.0,Call,-,-,-,-,7020,-,-,0,0,0,0,-,-,6970,2200
TXO,202612,20261216.0,40200.0,Put,-,-,-,-,615,-,-,0,0,0,1,489,-,3430,990
TXO,202612,20261216.0,40400.0,Call,-,-,-,-,6850,-,-,0,0,0,1,-,6970,8140,695
TXO,202612,20261216.0,40400.0,Put,-,-,-,-,650,-,-,0,0,0,1,520,715,2820,425
TXO,202612,20261216.0,40600.0,Call,-,-,-,-,6690,-,-,0,0,0,0,-,6790,6630,740
TXO,202612,20261216.0,40600.0,Put,-,-,-,-,685,-,-,0,0,0,1,640,695,2750,1930
TXO,202612,20261216.0,40800.0,Call,-,-,-,-,6530,-,-,0,0,0,16,-,6640,9640,1410
TXO,202612,20261216.0,40800.0,Put,-,-,-,-,720,-,-,0,0,0,300,680,740,3980,468
TXO,202612,20261216.0,41000.0,Call,-,-,-,-,6360,-,-,0,0,0,5,-,6490,9160,675
TXO,202612,20261216.0,41000.0,Put,765,800,735,735,735,▲+165,▲+28.95%,0,52,52,7,710,770,4390,580
TXO,202612,20261216.0,41200.0,Call,-,-,-,-,6200,-,-,0,0,0,0,-,6290,5620,3150
TXO,202612,20261216.0,41200.0,Put,790,805,790,790,790,▲+185,▲+30.58%,0,30,30,31,745,810,4410,490
TXO,202612,20261216.0,41400.0,Call,-,-,-,-,6040,-,-,0,0,0,30,-,-,10000,360
TXO,202612,20261216.0,41400.0,Put,845,845,840,840,840,▲+200,▲+31.25%,0,20,20,20,785,855,4540,525
TXO,202612,20261216.0,41600.0,Call,-,-,-,-,5880,-,-,0,0,0,11,-,5970,6550,1450
TXO,202612,20261216.0,41600.0,Put,885,885,885,885,885,▲+215,▲+32.09%,0,10,10,12,750,-,4290,670
TXO,202612,20261216.0,41800.0,Call,-,-,-,-,5720,-,-,0,0,0,15,5660,-,8490,710
TXO,202612,20261216.0,41800.0,Put,925,925,925,925,925,▲+215,▲+30.28%,0,10,10,10,865,935,4390,925
TXO,202612,20261216.0,42000.0,Call,-,-,-,-,5580,-,-,0,0,0,71,5540,-,8720,800
TXO,202612,20261216.0,42000.0,Put,930,930,930,930,960,▲+175,▲+23.18%,2,1,3,108,815,-,4950,645
TXO,202612,20261216.0,42200.0,Call,-,-,-,-,5420,-,-,0,0,0,2,5350,5550,8040,1500
TXO,202612,20261216.0,42200.0,Put,-,-,-,-,1010,-,-,0,0,0,100,960,1030,3610,1660
TXO,202612,20261216.0,42400.0,Call,-,-,-,-,5270,-,-,0,0,0,0,-,-,5850,1260
TXO,202612,20261216.0,42400.0,Put,-,-,-,-,1060,-,-,0,0,0,0,1000,1090,4790,1100
TXO,202612,20261216.0,42600.0,Call,-,-,-,-,5130,-,-,0,0,0,2,4980,5200,7280,965
TXO,202612,20261216.0,42600.0,Put,-,-,-,-,1110,-,-,0,0,0,0,1050,1140,4770,3040
TXO,202612,20261216.0,42800.0,Call,-,-,-,-,4980,-,-,0,0,0,1,4900,-,4950,2510
TXO,202612,20261216.0,42800.0,Put,-,-,-,-,1160,-,-,0,0,0,0,-,-,1190,900
TXO,202612,20261216.0,43000.0,Call,-,-,-,-,4830,-,-,0,0,0,65,-,4930,9700,1130
TXO,202612,20261216.0,43000.0,Put,-,-,-,-,1210,-,-,2,0,2,70,1080,5640,5020,800
TXO,202612,20261216.0,43200.0,Call,-,-,-,-,4690,-,-,0,0,0,0,4610,4760,4670,1400
TXO,202612,20261216.0,43200.0,Put,-,-,-,-,1270,-,-,0,0,0,0,-,-,-,-
TXO,202612,20261216.0,43400.0,Call,-,-,-,-,4550,-,-,0,0,0,0,4470,-,7410,4950
TXO,202612,20261216.0,43400.0,Put,-,-,-,-,1330,-,-,0,0,0,2,1260,1350,5280,2010
TXO,202612,20261216.0,43600.0,Call,-,-,-,-,4410,-,-,0,0,0,1,4310,4520,5510,950
TXO,202612,20261216.0,43600.0,Put,-,-,-,-,1390,-,-,0,0,0,0,-,-,4780,1960
TXO,202612,20261216.0,43800.0,Call,-,-,-,-,4260,-,-,0,0,0,1,4200,4390,8340,1020
TXO,202612,20261216.0,43800.0,Put,-,-,-,-,1440,-,-,0,0,0,12,1380,1470,4460,930
TXO,202612,20261216.0,44000.0,Call,-,-,-,-,4140,-,-,0,0,0,4,4020,4210,8350,2260
TXO,202612,20261216.0,44000.0,Put,-,-,-,-,1510,-,-,0,0,0,103,1350,-,4770,1060
TXO,202612,20261216.0,44200.0,Call,-,-,-,-,3990,-,-,0,0,0,2,3850,-,5630,600
TXO,202612,20261216.0,44200.0,Put,-,-,-,-,1560,-,-,0,0,0,65,1500,1590,4890,1030
TXO,202612,20261216.0,44400.0,Call,-,-,-,-,3860,-,-,0,0,0,1,3740,3920,6730,930
TXO,202612,20261216.0,44400.0,Put,-,-,-,-,1630,-,-,0,0,0,106,1500,-,4660,1090
TXO,202612,20261216.0,44600.0,Call,-,-,-,-,3730,-,-,1,0,1,11,3660,3850,5770,890
TXO,202612,20261216.0,44600.0,Put,-,-,-,-,1700,-,-,0,0,0,12,1640,1730,6030,1140
TXO,202612,20261216.0,44800.0,Call,-,-,-,-,3610,-,-,0,0,0,2,3520,3690,3190,2320
TXO,202612,20261216.0,44800.0,Put,-,-,-,-,1780,-,-,0,0,0,8,1630,-,5600,1190
TXO,202612,20261216.0,45000.0,Call,3280,3280,3280,3280,3480,▼-590,▼-15.25%,0,1,1,3,3340,-,6790,2600
TXO,202612,20261216.0,45000.0,Put,1930,1930,1930,1930,1850,▲+410,▲+26.97%,0,1,1,111,1710,-,6200,1250
TXO,202612,20261216.0,45200.0,Call,-,-,-,-,3360,-,-,0,0,0,1,-,3450,6620,925
TXO,202612,20261216.0,45200.0,Put,-,-,-,-,1930,-,-,0,0,0,6,1780,-,6690,1310
TXO,202612,20261216.0,45400.0,Call,-,-,-,-,3240,-,-,0,0,0,1,-,3330,6500,2250
TXO,202612,20261216.0,45400.0,Put,-,-,-,-,2010,-,-,0,0,0,5,1930,2040,6540,1380
TXO,202612,20261216.0,45600.0,Call,-,-,-,-,3130,-,-,0,0,0,3,3000,-,6160,1070
TXO,202612,20261216.0,45600.0,Put,-,-,-,-,2100,-,-,0,0,0,3,-,-,7000,1450
TXO,202612,20261216.0,45800.0,Call,-,-,-,-,3020,-,-,0,0,0,2,2950,3110,3200,1980
TXO,202612,20261216.0,45800.0,Put,-,-,-,-,2190,-,-,0,0,0,2,2090,2210,1550,1510
TXO,202612,20261216.0,46000.0,Call,-,-,-,-,2920,-,-,1,0,1,259,2800,2950,5560,1640
TXO,202612,20261216.0,46000.0,Put,-,-,-,-,2290,-,-,0,0,0,192,2180,2300,7060,1580
TXO,202612,20261216.0,46200.0,Call,-,-,-,-,2820,-,-,0,0,0,1,2660,-,2620,2450
TXO,202612,20261216.0,46200.0,Put,-,-,-,-,2380,-,-,0,0,0,2,2240,-,7260,1650
TXO,202612,20261216.0,46400.0,Call,-,-,-,-,2680,-,-,0,0,0,3,2600,2740,5700,1560
TXO,202612,20261216.0,46400.0,Put,-,-,-,-,2440,-,-,0,0,0,2,2350,2490,5970,1720
TXO,202612,20261216.0,46600.0,Call,2410,2410,2410,2410,2580,▼-490,▼-16.90%,0,1,1,52,-,2690,6500,1500
TXO,202612,20261216.0,46600.0,Put,-,-,-,-,2540,-,-,0,0,0,7,-,-,2550,1800
TXO,202612,20261216.0,46800.0,Call,-,-,-,-,2430,-,-,0,0,0,11,-,2560,5870,1500
TXO,202612,20261216.0,46800.0,Put,-,-,-,-,2590,-,-,0,0,0,5,2550,2680,7770,2120
TXO,202612,20261216.0,47000.0,Call,-,-,-,-,2340,-,-,0,0,0,240,2310,2420,6430,1420
TXO,202612,20261216.0,47000.0,Put,-,-,-,-,2700,-,-,0,0,0,18,2640,2780,7620,1980
TXO,202612,20261216.0,47200.0,Call,2180,2180,2180,2180,2240,▼-390,▼-15.18%,6,1,7,62,-,2370,4830,1680
TXO,202612,20261216.0,47200.0,Put,-,-,-,-,2800,-,-,0,0,0,1,2750,2880,2150,2150
TXO,202612,20261216.0,47400.0,Call,2150,2150,2150,2150,2150,▼-290,▼-11.89%,5,1,6,68,2110,2230,5670,2070
TXO,202612,20261216.0,47400.0,Put,-,-,-,-,2910,-,-,0,0,0,1,2850,2990,6210,2250
TXO,202612,20261216.0,47600.0,Call,-,-,-,-,2070,-,-,0,0,0,48,2030,2150,5180,1100
TXO,202612,20261216.0,47600.0,Put,-,-,-,-,3020,-,-,0,0,0,5,2930,-,6310,2720
TXO,202612,20261216.0,47800.0,Call,-,-,-,-,1960,-,-,0,0,0,9,1930,2040,5050,1290
TXO,202612,20261216.0,47800.0,Put,-,-,-,-,3120,-,-,0,0,0,2,3060,3200,5750,4890
TXO,202612,20261216.0,48000.0,Call,-,-,-,-,1880,-,-,5,0,5,68,1840,1950,5100,1330
TXO,202612,20261216.0,48000.0,Put,-,-,-,-,3230,-,-,0,0,0,8,3180,3320,8030,2620
TXO,202612,20261216.0,48200.0,Call,-,-,-,-,1800,-,-,0,0,0,1,1770,1870,3960,2090
TXO,202612,20261216.0,48200.0,Put,-,-,-,-,3350,-,-,0,0,0,5,3230,-,5860,2570
TXO,202612,20261216.0,48400.0,Call,-,-,-,-,1710,-,-,0,0,0,0,1680,1780,5700,1520
TXO,202612,20261216.0,48400.0,Put,-,-,-,-,3460,-,-,0,0,0,4,-,-,5920,5910
TXO,202612,20261216.0,48600.0,Call,-,-,-,-,1630,-,-,0,0,0,0,1610,1700,4880,3450
TXO,202612,20261216.0,48600.0,Put,-,-,-,-,3590,-,-,0,0,0,0,3530,3700,6090,4600
TXO,202612,20261216.0,48800.0,Call,-,-,-,-,1550,-,-,0,0,0,0,-,-,-,-
TXO,202612,20261216.0,48800.0,Put,-,-,-,-,3710,-,-,0,0,0,1,3640,3790,8920,4350
TXO,202612,20261216.0,49000.0,Call,-,-,-,-,1480,-,-,0,202,202,420,1460,1550,5280,1070
TXO,202612,20261216.0,49000.0,Put,-,-,-,-,3840,-,-,0,0,0,5,-,3980,6900,3080
TXO,202612,20261216.0,49200.0,Call,-,-,-,-,1410,-,-,0,0,0,16,1380,1470,4080,995
TXO,202612,20261216.0,49200.0,Put,-,-,-,-,3960,-,-,0,0,0,1,-,4090,4800,4800
TXO,202612,20261216.0,49400.0,Call,-,-,-,-,1340,-,-,0,0,0,5,-,-,3760,1240
TXO,202612,20261216.0,49400.0,Put,-,-,-,-,4090,-,-,0,0,0,3,4020,4180,8650,4900
TXO,202612,20261216.0,49600.0,Call,-,-,-,-,1270,-,-,0,0,0,10,1180,-,4800,1160
TXO,202612,20261216.0,49600.0,Put,-,-,-,-,4220,-,-,0,0,0,0,4150,4330,6900,5500
TXO,202612,20261216.0,49800.0,Call,-,-,-,-,1210,-,-,0,0,0,0,1180,1270,2780,960
TXO,202612,20261216.0,49800.0,Put,-,-,-,-,4350,-,-,0,0,0,0,4270,4460,-,-
TXO,202612,20261216.0,50000.0,Call,1120,1190,1120,1130,1130,▼-210,▼-15.67%,7,6,13,86,1080,-,5000,900
TXO,202612,20261216.0,50000.0,Put,-,-,-,-,4500,-,-,0,0,0,12,-,4630,9900,4000
TXO,202612,20261216.0,50200.0,Call,-,-,-,-,1090,-,-,0,0,0,5,-,1230,4800,945
TXO,202612,20261216.0,50200.0,Put,-,-,-,-,4640,-,-,0,0,0,2,4550,4720,5420,5400
TXO,202612,20261216.0,50400.0,Call,-,-,-,-,1040,-,-,0,0,0,40,955,-,5200,840
TXO,202612,20261216.0,50400.0,Put,-,-,-,-,4790,-,-,0,0,0,4,-,4930,9460,5540
TXO,202612,20261216.0,50600.0,Call,-,-,-,-,990,-,-,0,0,0,0,970,1040,3640,705
TXO,202612,20261216.0,50600.0,Put,-,-,-,-,4930,-,-,0,0,0,2,-,5040,5690,5670
TXO,202612,20261216.0,50800.0,Call,-,-,-,-,940,-,-,0,0,0,13,-,-,3620,955
TXO,202612,20261216.0,50800.0,Put,-,-,-,-,5080,-,-,0,0,0,0,-,-,-,-
TXO,202612,20261216.0,51000.0,Call,-,-,-,-,890,-,-,0,0,0,10,870,940,4420,710
TXO,202612,20261216.0,51000.0,Put,-,-,-,-,5230,-,-,0,0,0,0,-,-,-,-
TXO,202612,20261216.0,51200.0,Call,-,-,-,-,830,-,-,0,0,0,5,810,880,950,950
TXO,202612,20261216.0,51200.0,Put,-,-,-,-,5370,-,-,0,0,0,0,-,-,-,-
TXO,202612,20261216.0,51400.0,Call,-,-,-,-,790,-,-,0,0,0,2,755,820,1950,970
TXO,202612,20261216.0,51400.0,Put,-,-,-,-,5530,-,-,0,0,0,0,-,-,-,-
TXO,202612,20261216.0,51600.0,Call,-,-,-,-,750,-,-,0,0,0,0,715,775,3280,2950
TXO,202612,20261216.0,51600.0,Put,-,-,-,-,5690,-,-,0,0,0,0,-,-,-,-
TXO,202612,20261216.0,51800.0,Call,-,-,-,-,710,-,-,0,0,0,13,600,845,2550,810
TXO,202612,20261216.0,51800.0,Put,-,-,-,-,5850,-,-,0,0,0,0,-,-,-,-
TXO,202612,20261216.0,52000.0,Call,-,-,-,-,675,-,-,0,0,0,247,-,-,3380,505
TXO,202612,20261216.0,52000.0,Put,-,-,-,-,6010,-,-,0,0,0,0,-,-,-,-
TXO,202612,20261216.0,52200.0,Call,-,-,-,-,635,-,-,0,0,0,0,620,675,1150,570
TXO,202612,20261216.0,52200.0,Put,-,-,-,-,6170,-,-,0,0,0,0,-,-,-,-
TXO,202612,20261216.0,52400.0,Call,600,600,600,600,600,▼-100,▼-14.29%,0,1,1,15,585,635,3950,600
TXO,202612,20261216.0,52400.0,Put,-,-,-,-,6330,-,-,0,0,0,0,-,-,8790,6780
TXO,202612,20261216.0,52600.0,Call,-,-,-,-,565,-,-,0,0,0,2,427,690,1820,690
TXO,202612,20261216.0,52600.0,Put,-,-,-,-,6500,-,-,0,0,0,0,-,-,-,-
TXO,202612,20261216.0,52800.0,Call,-,-,-,-,535,-,-,0,0,0,7,-,660,2770,476
TXO,202612,20261216.0,52800.0,Put,-,-,-,-,6670,-,-,0,0,0,0,-,-,-,-
TXO,202612,20261216.0,53000.0,Call,485,485,485,485,485,▼-100,▼-17.09%,0,1,1,399,370,610,2970,383
TXO,202612,20261216.0,53000.0,Put,-,-,-,-,6840,-,-,0,0,0,0,-,-,-,-
TXO,202612,20261216.0,53200.0,Call,-,-,-,-,476,-,-,0,0,0,12,349,-,3950,479
TXO,202612,20261216.0,53200.0,Put,-,-,-,-,7010,-,-,0,0,0,0,-,-,-,-
TXO,202612,20261216.0,53400.0,Call,-,-,-,-,449,-,-,0,0,0,4,418,463,2870,895
TXO,202612,20261216.0,53400.0,Put,-,-,-,-,7180,-,-,0,0,0,0,-,-,-,-
TXO,202612,20261216.0,53600.0,Call,-,-,-,-,424,-,-,0,0,0,3,310,-,900,825
TXO,202612,20261216.0,53600.0,Put,-,-,-,-,7350,-,-,0,0,0,0,-,-,-,-
TXO,202612,20261216.0,53800.0,Call,-,-,-,-,399,-,-,0,0,0,2,292,-,2640,329
TXO,202612,20261216.0,53800.0,Put,-,-,-,-,7530,-,-,0,0,0,0,-,-,-,-
TXO,202612,20261216.0,54000.0,Call,-,-,-,-,376,-,-,0,303,303,319,353,388,3360,306
TXO,202612,20261216.0,54000.0,Put,-,-,-,-,7700,-,-,0,0,0,0,-,-,-,-
TXO,202612,20261216.0,54200.0,Call,-,-,-,-,355,-,-,0,0,0,2,344,379,840,380
TXO,202612,20261216.0,54200.0,Put,-,-,-,-,7880,-,-,0,0,0,0,-,-,-,-
TXO,202612,20261216.0,54400.0,Call,-,-,-,-,321,-,-,0,0,0,3,310,345,2050,373
TXO,202612,20261216.0,54400.0,Put,-,-,-,-,8050,-,-,0,0,0,0,-,-,-,-
TXO,202612,20261216.0,54600.0,Call,-,-,-,-,315,-,-,0,0,0,1,304,339,1420,298
TXO,202612,20261216.0,54600.0,Put,-,-,-,-,8240,-,-,0,0,0,0,-,-,-,-
TXO,202612,20261216.0,54800.0,Call,-,-,-,-,299,-,-,0,0,0,10,143,-,3060,480
TXO,202612,20261216.0,54800.0,Put,-,-,-,-,8420,-,-,0,0,0,0,-,-,-,-
TXO,202612,20261216.0,55000.0,Call,-,-,-,-,282,-,-,0,0,0,35,270,305,2920,217
TXO,202612,20261216.0,55000.0,Put,-,-,-,-,8600,-,-,0,0,0,0,-,-,-,-
TXO,202612,20261216.0,55200.0,Call,251,251,251,251,251,▼-53,▼-17.43%,0,1,1,1,254,289,1980,207
TXO,202612,20261216.0,55200.0,Put,-,-,-,-,8790,-,-,0,0,0,0,-,-,-,-
TXO,202612,20261216.0,55400.0,Call,-,-,-,-,251,-,-,0,0,0,5,238,273,2930,370
TXO,202612,20261216.0,55400.0,Put,-,-,-,-,8970,-,-,0,0,0,0,-,-,-,-
TXO,202612,20261216.0,55600.0,Call,-,-,-,-,237,-,-,0,0,0,6,224,259,2150,273
TXO,202612,20261216.0,55600.0,Put,-,-,-,-,9160,-,-,0,0,0,0,-,-,-,-
TXO,202612,20261216.0,55800.0,Call,-,-,-,-,223,-,-,0,0,0,18,97,-,3020,188
TXO,202612,20261216.0,55800.0,Put,-,-,-,-,9340,-,-,0,0,0,0,-,-,-,-
TXO,202612,20261216.0,56000.0,Call,198,198,198,198,198,▼-41,▼-17.15%,0,1,1,10,-,297,2170,165
TXO,202612,20261216.0,56000.0,Put,-,-,-,-,9530,-,-,0,0,0,0,-,-,-,-
TXO,202612,20261216.0,56200.0,Call,-,-,-,-,198,-,-,0,0,0,0,185,220,1900,319
TXO,202612,20261216.0,56200.0,Put,-,-,-,-,9710,-,-,0,0,0,0,-,-,-,-
TXO,202612,20261216.0,56400.0,Call,-,-,-,-,187,-,-,0,0,0,1,73,275,1770,187
TXO,202612,20261216.0,56400.0,Put,-,-,-,-,9900,-,-,0,0,0,0,-,-,-,-
TXO,202612,20261216.0,56600.0,Call,-,-,-,-,177,-,-,0,0,0,5,163,198,495,375
TXO,202612,20261216.0,56600.0,Put,-,-,-,-,10090,-,-,0,0,0,0,-,-,-,-
TXO,202612,20261216.0,56800.0,Call,178,178,178,178,167,▼-9,▼-4.81%,0,1,1,1,153,188,1830,178
TXO,202612,20261216.0,56800.0,Put,-,-,-,-,10280,-,-,0,0,0,0,-,-,-,-
TXO,202612,20261216.0,57000.0,Call,-,-,-,-,158,-,-,0,0,0,498,22,4500,2500,110
TXO,202612,20261216.0,57000.0,Put,-,-,-,-,10470,-,-,0,0,0,0,-,-,-,-
TXO,202612,20261216.0,57200.0,Call,-,-,-,-,148,-,-,0,0,0,8,67,4500,1880,130
TXO,202612,20261216.0,57200.0,Put,-,-,-,-,10660,-,-,0,0,0,0,-,-,-,-
TXO,202612,20261216.0,57400.0,Call,139,143,139,139,139,▼-6,▼-4.14%,1,3,4,260,124,148,1870,21
TXO,202612,20261216.0,57400.0,Put,-,-,-,-,10850,-,-,0,0,0,0,-,-,-,-
TXO,202703,20270317.0,31800.0,Call,-,-,-,-,15390,-,-,0,0,0,0,15290,-,-,-
TXO,202703,20270317.0,31800.0,Put,183,183,183,183,183,▲+23,▲+14.38%,1,3,4,103,165,200,1020,102
TXO,202703,20270317.0,32000.0,Call,-,-,-,-,15200,-,-,0,0,0,0,-,15400,-,-
TXO,202703,20270317.0,32000.0,Put,190,190,190,190,190,▲+26,▲+15.85%,0,1,1,19,170,285,1360,138
TXO,202703,20270317.0,32200.0,Call,-,-,-,-,15010,-,-,0,0,0,0,-,-,-,-
TXO,202703,20270317.0,32200.0,Put,-,-,-,-,197,-,-,0,0,0,1,179,214,265,225
TXO,202703,20270317.0,32400.0,Call,-,-,-,-,14820,-,-,0,0,0,0,14720,-,-,-
TXO,202703,20270317.0,32400.0,Put,-,-,-,-,204,-,-,0,0,0,0,98,-,331,290
TXO,202703,20270317.0,32600.0,Call,-,-,-,-,14630,-,-,0,0,0,0,14530,-,-,-
TXO,202703,20270317.0,32600.0,Put,-,-,-,-,212,-,-,0,0,0,0,105,-,375,356
TXO,202703,20270317.0,32800.0,Call,-,-,-,-,14440,-,-,0,0,0,0,-,14610,-,-
TXO,202703,20270317.0,32800.0,Put,-,-,-,-,220,-,-,0,0,0,1,202,237,415,195
TXO,202703,20270317.0,33000.0,Call,-,-,-,-,14250,-,-,0,0,0,0,-,14440,-,-
TXO,202703,20270317.0,33000.0,Put,220,220,220,220,220,▲+24,▲+12.24%,0,1,1,11,122,323,469,178
TXO,202703,20270317.0,33200.0,Call,-,-,-,-,14060,-,-,0,0,0,0,13960,14230,-,-
TXO,202703,20270317.0,33200.0,Put,-,-,-,-,238,-,-,0,0,0,8,185,332,1690,488
TXO,202703,20270317.0,33400.0,Call,-,-,-,-,13870,-,-,0,0,0,0,-,-,-,-
TXO,202703,20270317.0,33400.0,Put,-,-,-,-,248,-,-,0,0,0,0,230,265,-,-
TXO,202703,20270317.0,33600.0,Call,-,-,-,-,13690,-,-,0,0,0,0,13580,13840,-,-
TXO,202703,20270317.0,33600.0,Put,260,260,260,260,260,▲+41,▲+18.72%,0,1,1,1,-,-,935,184
TXO,202703,20270317.0,33800.0,Call,-,-,-,-,13500,-,-,0,0,0,0,-,13670,-,-
TXO,202703,20270317.0,33800.0,Put,-,-,-,-,270,-,-,0,0,0,21,252,287,1850,178
TXO,202703,20270317.0,34000.0,Call,-,-,-,-,13310,-,-,0,0,0,0,-,-,-,-
TXO,202703,20270317.0,34000.0,Put,-,-,-,-,281,-,-,0,0,0,4,263,298,1420,184
TXO,202703,20270317.0,34200.0,Call,-,-,-,-,13130,-,-,0,0,0,0,13030,13280,-,-
TXO,202703,20270317.0,34200.0,Put,-,-,-,-,294,-,-,0,0,0,1,276,311,1390,243
TXO,202703,20270317.0,34400.0,Call,-,-,-,-,12940,-,-,0,0,0,0,12840,13090,-,-
TXO,202703,20270317.0,34400.0,Put,-,-,-,-,307,-,-,0,0,0,0,289,324,-,-
TXO,202703,20270317.0,34600.0,Call,-,-,-,-,12760,-,-,0,0,0,0,12660,-,13810,12940
TXO,202703,20270317.0,34600.0,Put,-,-,-,-,321,-,-,0,0,0,0,-,-,915,830
TXO,202703,20270317.0,34800.0,Call,-,-,-,-,12580,-,-,0,0,0,0,-,12720,-,-
TXO,202703,20270317.0,34800.0,Put,-,-,-,-,336,-,-,0,0,0,1,231,419,1000,515
TXO,202703,20270317.0,35000.0,Call,-,-,-,-,12390,-,-,0,0,0,0,-,12550,-,-
TXO,202703,20270317.0,35000.0,Put,340,340,340,340,340,▲+52,▲+18.06%,0,1,1,29,334,369,1600,256
TXO,202703,20270317.0,35200.0,Call,-,-,-,-,12210,-,-,0,0,0,0,-,12370,-,-
TXO,202703,20270317.0,35200.0,Put,-,-,-,-,368,-,-,0,0,0,7,258,489,515,495
TXO,202703,20270317.0,35400.0,Call,-,-,-,-,12030,-,-,0,0,0,0,-,12190,-,-
TXO,202703,20270317.0,35400.0,Put,-,-,-,-,386,-,-,0,0,0,25,367,402,695,535
TXO,202703,20270317.0,35600.0,Call,-,-,-,-,11850,-,-,0,0,0,0,11740,11980,-,-
TXO,202703,20270317.0,35600.0,Put,-,-,-,-,404,-,-,0,0,0,28,385,420,2340,277
TXO,202703,20270317.0,35800.0,Call,-,-,-,-,11670,-,-,0,0,0,0,-,-,-,-
TXO,202703,20270317.0,35800.0,Put,-,-,-,-,424,-,-,0,0,0,15,400,445,2050,301
TXO,202703,20270317.0,36000.0,Call,-,-,-,-,11490,-,-,0,0,0,0,-,11620,-,-
TXO,202703,20270317.0,36000.0,Put,414,440,407,440,440,▲+74,▲+20.22%,10,15,25,68,419,464,2380,266
TXO,202703,20270317.0,36200.0,Call,-,-,-,-,11320,-,-,0,0,0,0,-,11440,-,-
TXO,202703,20270317.0,36200.0,Put,-,-,-,-,464,-,-,0,0,0,1,-,-,2050,289
TXO,202703,20270317.0,36400.0,Call,-,-,-,-,11140,-,-,0,0,0,0,-,-,-,-
TXO,202703,20270317.0,36400.0,Put,-,-,-,-,484,-,-,0,0,0,2,460,505,1800,520
TXO,202703,20270317.0,36600.0,Call,-,-,-,-,10960,-,-,0,0,0,4,10830,-,13790,11300
TXO,202703,20270317.0,36600.0,Put,-,-,-,-,505,-,-,0,0,0,19,394,640,2780,360
TXO,202703,20270317.0,36800.0,Call,-,-,-,-,10790,-,-,0,0,0,0,10730,-,-,-
TXO,202703,20270317.0,36800.0,Put,-,-,-,-,530,-,-,0,0,0,2,505,550,1990,391
TXO,202703,20270317.0,37000.0,Call,-,-,-,-,10620,-,-,0,0,0,0,-,10750,-,-
TXO,202703,20270317.0,37000.0,Put,-,-,-,-,560,-,-,0,0,0,32,535,580,2340,340
TXO,202703,20270317.0,37200.0,Call,-,-,-,-,10440,-,-,0,0,0,0,-,10550,-,-
TXO,202703,20270317.0,37200.0,Put,-,-,-,-,580,-,-,0,0,0,3,555,600,1160,460
TXO,202703,20270317.0,37400.0,Call,-,-,-,-,10270,-,-,0,0,0,0,-,10380,-,-
TXO,202703,20270317.0,37400.0,Put,-,-,-,-,605,-,-,0,0,0,6,580,630,2000,480
TXO,202703,20270317.0,37600.0,Call,-,-,-,-,10100,-,-,0,0,0,0,9990,10200,-,-
TXO,202703,20270317.0,37600.0,Put,-,-,-,-,630,-,-,0,0,0,5,605,655,3020,480
TXO,202703,20270317.0,37800.0,Call,-,-,-,-,9930,-,-,0,0,0,0,-,10040,-,-
TXO,202703,20270317.0,37800.0,Put,-,-,-,-,660,-,-,0,0,0,5,630,685,1150,510
TXO,202703,20270317.0,38000.0,Call,-,-,-,-,9770,-,-,0,0,0,1,9650,9900,11830,11830
TXO,202703,20270317.0,38000.0,Put,-,-,-,-,695,-,-,1,0,1,15,600,820,2600,432
TXO,202703,20270317.0,38200.0,Call,-,-,-,-,9590,-,-,0,0,0,0,9480,-,-,-
TXO,202703,20270317.0,38200.0,Put,-,-,-,-,720,-,-,0,0,0,1,690,750,1230,482
TXO,202703,20270317.0,38400.0,Call,-,-,-,-,9430,-,-,0,0,0,1,9300,-,10180,10180
TXO,202703,20270317.0,38400.0,Put,-,-,-,-,750,-,-,0,0,0,1,720,780,1270,700
TXO,202703,20270317.0,38600.0,Call,-,-,-,-,9260,-,-,0,0,0,0,-,-,-,-
TXO,202703,20270317.0,38600.0,Put,-,-,-,-,785,-,-,0,0,0,3,750,815,2090,480
TXO,202703,20270317.0,38800.0,Call,-,-,-,-,9100,-,-,0,0,0,0,8990,-,-,-
TXO,202703,20270317.0,38800.0,Put,-,-,-,-,815,-,-,0,0,0,1,780,850,2560,680
TXO,202703,20270317.0,39000.0,Call,-,-,-,-,8930,-,-,0,0,0,0,-,9040,-,-
TXO,202703,20270317.0,39000.0,Put,840,900,840,900,850,▲+190,▲+26.76%,0,2,2,7,-,985,3400,580
TXO,202703,20270317.0,39200.0,Call,-,-,-,-,8770,-,-,0,0,0,0,-,8880,-,-
TXO,202703,20270317.0,39200.0,Put,-,-,-,-,885,-,-,0,0,0,1,850,920,2680,1450
TXO,202703,20270317.0,39400.0,Call,-,-,-,-,8610,-,-,0,0,0,0,-,8720,-,-
TXO,202703,20270317.0,39400.0,Put,-,-,-,-,920,-,-,0,0,0,2,-,1060,2740,1500
TXO,202703,20270317.0,39600.0,Call,-,-,-,-,8450,-,-,0,0,0,0,-,8560,-,-
TXO,202703,20270317.0,39600.0,Put,-,-,-,-,965,-,-,0,0,0,4,-,1100,2830,1000
TXO,202703,20270317.0,39800.0,Call,-,-,-,-,8300,-,-,0,0,0,0,8180,8400,-,-
TXO,202703,20270317.0,39800.0,Put,-,-,-,-,1010,-,-,0,0,0,11,970,1040,3000,810
TXO,202703,20270317.0,40000.0,Call,-,-,-,-,8150,-,-,0,0,0,1,8020,-,11530,6000
TXO,202703,20270317.0,40000.0,Put,-,-,-,-,1060,-,-,0,0,0,34,1010,1100,4200,810
TXO,202703,20270317.0,40200.0,Call,-,-,-,-,7980,-,-,0,0,0,0,7860,8070,-,-
TXO,202703,20270317.0,40200.0,Put,-,-,-,-,1090,-,-,0,0,0,6,1040,1130,2460,785
TXO,202703,20270317.0,40400.0,Call,-,-,-,-,7820,-,-,0,0,0,0,-,-,6450,5300
TXO,202703,20270317.0,40400.0,Put,-,-,-,-,1130,-,-,0,0,0,1,1010,-,1760,1760
TXO,202703,20270317.0,40600.0,Call,-,-,-,-,7660,-,-,0,0,0,0,7560,7760,6950,5530
TXO,202703,20270317.0,40600.0,Put,-,-,-,-,1170,-,-,0,0,0,0,1120,1210,-,-
TXO,202703,20270317.0,40800.0,Call,-,-,-,-,7520,-,-,0,0,0,0,7400,-,-,-
TXO,202703,20270317.0,40800.0,Put,-,-,-,-,1220,-,-,0,0,0,2,1100,-,4650,1100
TXO,202703,20270317.0,41000.0,Call,-,-,-,-,7370,-,-,0,0,0,0,-,7450,8000,5380
TXO,202703,20270317.0,41000.0,Put,-,-,-,-,1270,-,-,0,0,0,1,1220,1310,4540,945
TXO,202703,20270317.0,41200.0,Call,-,-,-,-,7220,-,-,0,0,0,0,-,7310,-,-
TXO,202703,20270317.0,41200.0,Put,-,-,-,-,1320,-,-,0,0,0,2,1260,1350,3000,1010
TXO,202703,20270317.0,41400.0,Call,-,-,-,-,7070,-,-,0,0,0,0,-,-,-,-
TXO,202703,20270317.0,41400.0,Put,-,-,-,-,1370,-,-,0,0,0,4,1320,1410,2050,1340
TXO,202703,20270317.0,41600.0,Call,-,-,-,-,6920,-,-,0,0,0,0,-,-,-,-
TXO,202703,20270317.0,41600.0,Put,-,-,-,-,1420,-,-,0,0,0,11,1370,1460,3390,1120
TXO,202703,20270317.0,41800.0,Call,-,-,-,-,6780,-,-,0,0,0,0,6660,-,-,-
TXO,202703,20270317.0,41800.0,Put,-,-,-,-,1470,-,-,0,0,0,1,1420,1510,3200,2180
TXO,202703,20270317.0,42000.0,Call,-,-,-,-,6630,-,-,0,0,0,2,6560,6710,11500,4800
TXO,202703,20270317.0,42000.0,Put,-,-,-,-,1520,-,-,1,0,1,10,1470,1560,4320,1040
TXO,202703,20270317.0,42200.0,Call,-,-,-,-,6480,-,-,0,0,0,0,-,-,-,-
TXO,202703,20270317.0,42200.0,Put,-,-,-,-,1570,-,-,0,0,0,1,1520,1610,2260,2260
TXO,202703,20270317.0,42400.0,Call,-,-,-,-,6340,-,-,0,0,0,0,6230,-,-,-
TXO,202703,20270317.0,42400.0,Put,-,-,-,-,1630,-,-,0,0,0,1,1520,-,2370,2370
TXO,202703,20270317.0,42600.0,Call,-,-,-,-,6200,-,-,0,0,0,1,-,6280,6610,6610
TXO,202703,20270317.0,42600.0,Put,-,-,-,-,1690,-,-,0,0,0,1,-,-,2440,2440
TXO,202703,20270317.0,42800.0,Call,-,-,-,-,6060,-,-,0,0,0,1,5950,6140,6480,6480
TXO,202703,20270317.0,42800.0,Put,-,-,-,-,1740,-,-,0,0,0,1,-,-,2690,2510
TXO,202703,20270317.0,43000.0,Call,-,-,-,-,5920,-,-,0,0,0,0,5820,-,-,-
TXO,202703,20270317.0,43000.0,Put,-,-,-,-,1800,-,-,0,0,0,3,1750,1850,4720,1340
TXO,202703,20270317.0,43200.0,Call,-,-,-,-,5790,-,-,0,0,0,1,5660,5970,6230,6230
TXO,202703,20270317.0,43200.0,Put,-,-,-,-,1870,-,-,0,0,0,1,1760,-,2660,2660
TXO,202703,20270317.0,43400.0,Call,-,-,-,-,5650,-,-,0,0,0,1,5490,-,6110,6110
TXO,202703,20270317.0,43400.0,Put,-,-,-,-,1930,-,-,0,0,0,1,1870,1980,3730,3730
TXO,202703,20270317.0,43600.0,Call,-,-,-,-,5520,-,-,0,0,0,1,5370,5670,5980,5980
TXO,202703,20270317.0,43600.0,Put,-,-,-,-,2000,-,-,0,0,0,0,-,-,6100,3200
TXO,202703,20270317.0,43800.0,Call,-,-,-,-,5400,-,-,0,0,0,0,-,-,-,-
TXO,202703,20270317.0,43800.0,Put,-,-,-,-,2070,-,-,0,0,0,1,1930,-,5820,5820
TXO,202703,20270317.0,44000.0,Call,-,-,-,-,5270,-,-,0,0,0,13,-,-,9500,5370
TXO,202703,20270317.0,44000.0,Put,-,-,-,-,2120,-,-,0,0,0,17,2070,2120,5230,1560
TXO,202703,20270317.0,44200.0,Call,-,-,-,-,5130,-,-,0,0,0,2,5040,5320,6100,3340
TXO,202703,20270317.0,44200.0,Put,-,-,-,-,2200,-,-,0,0,0,1,2140,2260,3040,3040
TXO,202703,20270317.0,44400.0,Call,-,-,-,-,5010,-,-,0,0,0,2,4880,5160,5500,5140
TXO,202703,20270317.0,44400.0,Put,-,-,-,-,2270,-,-,0,0,0,1,2210,2330,3130,1920
TXO,202703,20270317.0,44600.0,Call,-,-,-,-,4890,-,-,0,0,0,2,4780,-,5300,3600
TXO,202703,20270317.0,44600.0,Put,-,-,-,-,2350,-,-,0,0,0,1,1930,-,3210,1990
TXO,202703,20270317.0,44800.0,Call,-,-,-,-,4760,-,-,0,0,0,1,4630,4890,4880,4470
TXO,202703,20270317.0,44800.0,Put,-,-,-,-,2420,-,-,0,0,0,4,2350,2490,5330,1970
TXO,202703,20270317.0,45000.0,Call,-,-,-,-,4640,-,-,0,0,0,21,4480,-,5180,3280
TXO,202703,20270317.0,45000.0,Put,-,-,-,-,2500,-,-,0,0,0,1,2430,2570,5500,2080
TXO,202703,20270317.0,45200.0,Call,-,-,-,-,4530,-,-,0,0,0,3,4360,-,5400,4800
TXO,202703,20270317.0,45200.0,Put,-,-,-,-,2590,-,-,0,0,0,1,2510,2650,3470,3470
TXO,202703,20270317.0,45400.0,Call,-,-,-,-,4420,-,-,0,0,0,1,4240,4480,4940,4000
TXO,202703,20270317.0,45400.0,Put,-,-,-,-,2680,-,-,0,0,0,2,-,-,3560,2900
TXO,202703,20270317.0,45600.0,Call,-,-,-,-,4320,-,-,0,0,0,1,4190,4430,4850,4850
TXO,202703,20270317.0,45600.0,Put,-,-,-,-,2770,-,-,0,0,0,1,2660,-,3650,3650
TXO,202703,20270317.0,45800.0,Call,-,-,-,-,4210,-,-,0,0,0,1,4010,4250,4720,4720
TXO,202703,20270317.0,45800.0,Put,-,-,-,-,2870,-,-,0,0,0,1,2700,-,3740,3740
TXO,202703,20270317.0,46000.0,Call,-,-,-,-,4080,-,-,0,0,0,14,1.5,-,8000,3110
TXO,202703,20270317.0,46000.0,Put,-,-,-,-,2940,-,-,0,0,0,4,-,-,5700,3830
TXO,202703,20270317.0,46200.0,Call,-,-,-,-,3960,-,-,0,0,0,1,3850,-,4510,4510
TXO,202703,20270317.0,46200.0,Put,-,-,-,-,3010,-,-,0,0,0,1,2920,3080,3930,3930
TXO,202703,20270317.0,46400.0,Call,-,-,-,-,3850,-,-,0,0,0,1,3680,3900,4410,4410
TXO,202703,20270317.0,46400.0,Put,-,-,-,-,3100,-,-,0,0,0,1,2970,-,4020,4020
TXO,202703,20270317.0,46600.0,Call,-,-,-,-,3750,-,-,0,0,0,2,0.2,-,7460,7430
TXO,202703,20270317.0,46600.0,Put,-,-,-,-,3200,-,-,0,0,0,1,3090,-,4120,4120
TXO,202703,20270317.0,46800.0,Call,-,-,-,-,3630,-,-,0,0,0,8,3470,3670,4200,3240
TXO,202703,20270317.0,46800.0,Put,-,-,-,-,3280,-,-,0,0,0,1,3180,3360,4220,4220
TXO,202703,20270317.0,47000.0,Call,-,-,-,-,3520,-,-,0,0,0,7,3360,-,7200,3150
TXO,202703,20270317.0,47000.0,Put,-,-,-,-,3370,-,-,0,0,0,52,3270,3450,4780,2680
TXO,202703,20270317.0,47200.0,Call,-,-,-,-,3400,-,-,0,0,0,1,3250,-,4010,4010
TXO,202703,20270317.0,47200.0,Put,-,-,-,-,3440,-,-,0,0,0,1,3340,3540,4420,4420
TXO,202703,20270317.0,47400.0,Call,-,-,-,-,3270,-,-,0,0,0,1,3170,-,3910,3910
TXO,202703,20270317.0,47400.0,Put,-,-,-,-,3510,-,-,0,0,0,3,3460,3660,4430,4430
TXO,202703,20270317.0,47600.0,Call,-,-,-,-,3180,-,-,0,0,0,1,3070,-,3510,3510
TXO,202703,20270317.0,47600.0,Put,-,-,-,-,3620,-,-,0,0,0,3,-,-,4630,4530
TXO,202703,20270317.0,47800.0,Call,-,-,-,-,3080,-,-,0,0,0,1,3000,3180,3720,3720
TXO,202703,20270317.0,47800.0,Put,-,-,-,-,3720,-,-,0,0,0,3,3650,3850,4740,4640
TXO,202703,20270317.0,48000.0,Call,-,-,-,-,2990,-,-,1,0,1,2,2920,3080,3920,2960
TXO,202703,20270317.0,48000.0,Put,-,-,-,-,3830,-,-,0,0,0,10,-,-,8820,3460
TXO,202703,20270317.0,48200.0,Call,-,-,-,-,2900,-,-,0,0,0,3,2830,2990,3530,3530
TXO,202703,20270317.0,48200.0,Put,-,-,-,-,3930,-,-,0,0,0,1,3860,-,4870,4870
TXO,202703,20270317.0,48400.0,Call,-,-,-,-,2820,-,-,0,0,0,3,2740,2900,7100,2350
TXO,202703,20270317.0,48400.0,Put,-,-,-,-,4050,-,-,0,0,0,1,4000,4230,4980,4980
TXO,202703,20270317.0,48600.0,Call,-,-,-,-,2740,-,-,0,0,0,5,2650,2790,6300,2140
TXO,202703,20270317.0,48600.0,Put,-,-,-,-,4170,-,-,1,0,1,1,-,-,5100,4100
TXO,202703,20270317.0,48800.0,Call,-,-,-,-,2660,-,-,0,0,0,1,0.2,-,2260,2260
TXO,202703,20270317.0,48800.0,Put,-,-,-,-,4290,-,-,0,0,0,1,4220,-,5210,5210
TXO,202703,20270317.0,49000.0,Call,-,-,-,-,2580,-,-,0,0,0,32,2480,2620,6150,2040
TXO,202703,20270317.0,49000.0,Put,-,-,-,-,4400,-,-,0,0,0,5,-,4560,6880,5330
TXO,202703,20270317.0,49200.0,Call,-,-,-,-,2490,-,-,0,0,0,5,2430,2570,6280,2000
TXO,202703,20270317.0,49200.0,Put,-,-,-,-,4520,-,-,0,0,0,2,4440,-,5440,5340
TXO,202703,20270317.0,49400.0,Call,-,-,-,-,2400,-,-,0,0,0,5,0.2,-,5760,2950
TXO,202703,20270317.0,49400.0,Put,-,-,-,-,4620,-,-,0,0,0,1,4560,-,5560,5560
TXO,202703,20270317.0,49600.0,Call,-,-,-,-,2330,-,-,0,0,0,1,2230,-,3030,3030
TXO,202703,20270317.0,49600.0,Put,-,-,-,-,4750,-,-,0,0,0,1,4700,4960,5680,5680
TXO,202703,20270317.0,49800.0,Call,-,-,-,-,2260,-,-,0,0,0,1,2150,-,2950,2950
TXO,202703,20270317.0,49800.0,Put,-,-,-,-,4880,-,-,0,0,0,1,4810,-,5800,5800
TXO,202703,20270317.0,50000.0,Call,-,-,-,-,2190,-,-,0,0,0,28,250,-,7300,1800
TXO,202703,20270317.0,50000.0,Put,-,-,-,-,5000,-,-,0,0,0,20,4920,5150,10120,5930
TXO,202703,20270317.0,50200.0,Call,-,-,-,-,2120,-,-,0,0,0,1,0.2,-,5650,1610
TXO,202703,20270317.0,50200.0,Put,-,-,-,-,5130,-,-,0,0,0,1,5070,5370,6050,6050
TXO,202703,20270317.0,50400.0,Call,-,-,-,-,2050,-,-,0,0,0,5,2000,2120,2860,1750
TXO,202703,20270317.0,50400.0,Put,-,-,-,-,5260,-,-,0,0,0,1,5170,5470,6200,6200
TXO,202703,20270317.0,50600.0,Call,-,-,-,-,1990,-,-,0,0,0,1,1940,2050,2800,2240
TXO,202703,20270317.0,50600.0,Put,-,-,-,-,5400,-,-,0,0,0,1,5330,5600,6300,6300
TXO,202703,20270317.0,50800.0,Call,-,-,-,-,1920,-,-,0,0,0,2,1810,-,2580,1770
TXO,202703,20270317.0,50800.0,Put,-,-,-,-,5530,-,-,0,0,0,1,5440,-,6430,6430
TXO,202703,20270317.0,51000.0,Call,1780,1780,1780,1780,1860,▼-250,▼-12.32%,0,1,1,7,1720,-,6190,1480
TXO,202703,20270317.0,51000.0,Put,-,-,-,-,5660,-,-,4,0,4,4,-,5810,6560,5680
TXO,202703,20270317.0,51200.0,Call,-,-,-,-,1800,-,-,0,0,0,2,1660,2030,3190,1560
TXO,202703,20270317.0,51200.0,Put,-,-,-,-,5800,-,-,0,0,0,1,5720,-,6690,6690
TXO,202703,20270317.0,51400.0,Call,-,-,-,-,1730,-,-,0,0,0,0,1680,1780,5950,1480
TXO,202703,20270317.0,51400.0,Put,-,-,-,-,5930,-,-,0,0,0,1,5820,-,6830,6830
TXO,202703,20270317.0,51600.0,Call,-,-,-,-,1650,-,-,0,0,0,5,1610,1700,5400,1490
TXO,202703,20270317.0,51600.0,Put,-,-,-,-,6050,-,-,0,0,0,1,5970,-,6960,6960
TXO,202703,20270317.0,51800.0,Call,-,-,-,-,1600,-,-,0,0,0,1,0.2,-,4720,4600
TXO,202703,20270317.0,51800.0,Put,-,-,-,-,6190,-,-,0,0,0,1,6100,-,7090,7090
TXO,202703,20270317.0,52000.0,Call,-,-,-,-,1540,-,-,0,0,0,11,1490,1580,5800,1370
TXO,202703,20270317.0,52000.0,Put,-,-,-,-,6340,-,-,0,0,0,1,6250,6560,7230,7230
TXO,202703,20270317.0,52200.0,Call,-,-,-,-,1490,-,-,0,0,0,1,1370,-,2120,2120
TXO,202703,20270317.0,52200.0,Put,-,-,-,-,6480,-,-,0,0,0,1,6400,6700,7370,7370
TXO,202703,20270317.0,52400.0,Call,-,-,-,-,1440,-,-,10,0,10,10,1400,1490,4900,1440
TXO,202703,20270317.0,52400.0,Put,-,-,-,-,6630,-,-,0,0,0,1,6540,6860,7510,7510
TXO,202703,20270317.0,52600.0,Call,-,-,-,-,1390,-,-,0,0,0,2,1330,1420,2230,1520
TXO,202703,20270317.0,52600.0,Put,-,-,-,-,6780,-,-,0,0,0,1,6700,7020,7650,7650
TXO,202703,20270317.0,52800.0,Call,-,-,-,-,1340,-,-,0,0,0,1,1180,-,4470,1340
TXO,202703,20270317.0,52800.0,Put,-,-,-,-,6930,-,-,0,0,0,1,-,-,7790,7790
TXO,202703,20270317.0,53000.0,Call,-,-,-,-,1300,-,-,0,0,0,11,1230,1320,4850,1160
TXO,202703,20270317.0,53000.0,Put,-,-,-,-,7080,-,-,0,0,0,0,-,-,-,-
TXO,202703,20270317.0,53200.0,Call,-,-,-,-,1250,-,-,0,0,0,2,1140,-,4700,1280
TXO,202703,20270317.0,53200.0,Put,-,-,-,-,7230,-,-,0,0,0,1,7150,-,8070,8070
TXO,202703,20270317.0,53400.0,Call,-,-,-,-,1210,-,-,0,0,0,6,1140,1230,1860,1430
TXO,202703,20270317.0,53400.0,Put,-,-,-,-,7390,-,-,0,0,0,1,-,-,8400,8220
TXO,202703,20270317.0,53600.0,Call,-,-,-,-,1160,-,-,0,0,0,2,0.2,-,1890,1120
TXO,202703,20270317.0,53600.0,Put,-,-,-,-,7540,-,-,0,0,0,0,-,-,-,-
TXO,202703,20270317.0,53800.0,Call,-,-,-,-,1120,-,-,0,0,0,2,0.2,1230,4600,1000
TXO,202703,20270317.0,53800.0,Put,-,-,-,-,7700,-,-,0,0,0,0,-,-,-,-
TXO,202703,20270317.0,54000.0,Call,1030,1030,1020,1020,1080,▼-160,▼-13.56%,0,4,4,17,1000,-,4820,905
TXO,202703,20270317.0,54000.0,Put,-,-,-,-,7860,-,-,0,0,0,0,-,-,-,-
TXO,202703,20270317.0,54200.0,Call,-,-,-,-,1040,-,-,0,0,0,4,990,1060,1770,920
TXO,202703,20270317.0,54200.0,Put,-,-,-,-,8010,-,-,0,0,0,0,-,-,-,-
TXO,202703,20270317.0,54400.0,Call,-,-,-,-,1000,-,-,0,0,0,11,970,1040,1810,910
TXO,202703,20270317.0,54400.0,Put,-,-,-,-,8170,-,-,0,0,0,0,-,-,-,-
TXO,202703,20270317.0,54600.0,Call,-,-,-,-,960,-,-,0,0,0,3,830,-,1740,870
TXO,202703,20270317.0,54600.0,Put,-,-,-,-,8330,-,-,0,0,0,0,-,-,-,-
TXO,202703,20270317.0,54800.0,Call,880,880,880,880,930,▼-140,▼-13.73%,1,1,2,3,890,960,1450,820
TXO,202703,20270317.0,54800.0,Put,-,-,-,-,8500,-,-,0,0,0,0,-,-,-,-
TXO,202703,20270317.0,55000.0,Call,-,-,-,-,895,-,-,0,0,0,23,1.5,-,3600,805
TXO,202703,20270317.0,55000.0,Put,-,-,-,-,8660,-,-,0,0,0,0,-,-,-,-
TXO,202703,20270317.0,55200.0,Call,-,-,-,-,860,-,-,0,0,0,18,0.2,-,4510,950
TXO,202703,20270317.0,55200.0,Put,-,-,-,-,8830,-,-,0,0,0,0,-,-,-,-
TXO,202703,20270317.0,55400.0,Call,-,-,-,-,825,-,-,0,0,0,6,795,865,1320,970
TXO,202703,20270317.0,55400.0,Put,-,-,-,-,8990,-,-,0,0,0,0,-,-,-,-
TXO,202703,20270317.0,55600.0,Call,-,-,-,-,775,-,-,0,0,0,1,745,810,1730,1730
TXO,202703,20270317.0,55600.0,Put,-,-,-,-,9130,-,-,0,0,0,0,-,-,-,-
TXO,202703,20270317.0,55800.0,Call,-,-,-,-,765,-,-,0,0,0,4,735,800,4340,715
TXO,202703,20270317.0,55800.0,Put,-,-,-,-,9320,-,-,0,0,0,0,-,-,-,-
TXO,202703,20270317.0,56000.0,Call,-,-,-,-,740,-,-,0,0,0,19,710,770,2570,610
TXO,202703,20270317.0,56000.0,Put,-,-,-,-,9490,-,-,0,0,0,0,-,-,14710,10440
TXO,202703,20270317.0,56200.0,Call,660,705,660,705,705,▼-75,▼-9.62%,1,2,3,4,690,750,1370,660
TXO,202703,20270317.0,56200.0,Put,-,-,-,-,9670,-,-,0,0,0,0,-,-,-,-
TXO,202703,20270317.0,56400.0,Call,-,-,-,-,690,-,-,0,0,0,12,655,710,1140,710
TXO,202703,20270317.0,56400.0,Put,-,-,-,-,9840,-,-,0,0,0,0,-,-,-,-
TXO,202703,20270317.0,56600.0,Call,-,-,-,-,665,-,-,0,0,0,8,630,685,1760,700
TXO,202703,20270317.0,56600.0,Put,-,-,-,-,10020,-,-,0,0,0,0,-,-,-,-
TXO,202703,20270317.0,56800.0,Call,-,-,-,-,640,-,-,0,0,0,1,610,660,1070,615
TXO,202703,20270317.0,56800.0,Put,-,-,-,-,10190,-,-,0,0,0,0,-,-,-,-
TXO,202703,20270317.0,57000.0,Call,570,570,570,570,615,▼-95,▼-14.29%,0,2,2,14,585,635,2950,535
TXO,202703,20270317.0,57000.0,Put,-,-,-,-,10360,-,-,0,0,0,0,-,-,-,-
TXO,202703,20270317.0,57200.0,Call,-,-,-,-,595,-,-,0,0,0,18,550,595,3450,498
TXO,202703,20270317.0,57200.0,Put,-,-,-,-,10540,-,-,0,0,0,0,-,-,-,-
TXO,202703,20270317.0,57400.0,Call,555,555,555,555,555,▼-60,▼-9.76%,1,1,2,250,540,585,3760,385
TXO,202703,20270317.0,57400.0,Put,-,-,-,-,10710,-,-,0,0,0,0,-,-,-,-
