契約,到期月份 (週別),契約到期日,履約價,買賣權,開盤價,最高價,最低價,最後 成交價,結算價,漲跌價,漲跌%,*盤後交易時段成交量,*一般交易時段成交量,*合計成交量,*未沖銷 契約量,最後 最佳買價,最後 最佳賣價,歷史 最高價,歷史 最低價
TXO,202610F1,20261002.0,41600.0,Call,-,-,-,-,-,-,-,0,0,0,0,6840,6860,6760,6490
TXO,202610F1,20261002.0,41600.0,Put,0.1,0.5,0.1,0.1,-,0,-,10,7,17,68,-,0.2,31,0.1
TXO,202610F1,20261002.0,41700.0,Call,-,-,-,-,-,-,-,0,0,0,0,6740,6760,6390,6390
TXO,202610F1,20261002.0,41700.0,Put,-,-,-,-,-,-,-,0,0,0,26,-,-,28.5,0.2
TXO,202610F1,20261002.0,41800.0,Call,-,-,-,-,-,-,-,0,0,0,0,6640,6660,-,-
TXO,202610F1,20261002.0,41800.0,Put,-,-,-,-,-,-,-,0,0,0,21,-,-,34,0.2
TXO,202610F1,20261002.0,41900.0,Call,-,-,-,-,-,-,-,0,0,0,0,6540,6560,-,-
TXO,202610F1,20261002.0,41900.0,Put,-,-,-,-,-,-,-,0,0,0,7,-,-,35,0.3
TXO,202610F1,20261002.0,42000.0,Call,-,-,-,-,-,-,-,0,0,0,0,6440,6460,-,-
TXO,202610F1,20261002.0,42000.0,Put,-,-,-,-,-,-,-,0,0,0,58,-,58,32.5,0.3
TXO,202610F1,20261002.0,42100.0,Call,-,-,-,-,-,-,-,0,0,0,0,6340,6360,-,-
TXO,202610F1,20261002.0,42100.0,Put,-,-,-,-,-,-,-,0,0,0,6,-,59,2.1,0.4
TXO,202610F1,20261002.0,42200.0,Call,-,-,-,-,-,-,-,0,0,0,0,6240,6260,-,-
TXO,202610F1,20261002.0,42200.0,Put,-,-,-,-,-,-,-,0,0,0,32,-,108,19.5,0.4
TXO,202610F1,20261002.0,42300.0,Call,-,-,-,-,-,-,-,0,0,0,0,6140,6160,-,-
TXO,202610F1,20261002.0,42300.0,Put,-,-,-,-,-,-,-,0,0,0,20,-,-,19,0.3
TXO,202610F1,20261002.0,42400.0,Call,-,-,-,-,-,-,-,0,0,0,0,6040,6060,-,-
TXO,202610F1,20261002.0,42400.0,Put,-,-,-,-,-,-,-,0,0,0,13,-,-,20.5,0.3
TXO,202610F1,20261002.0,42500.0,Call,-,-,-,-,-,-,-,0,0,0,0,5940,5960,-,-
TXO,202610F1,20261002.0,42500.0,Put,-,-,-,-,-,-,-,0,0,0,45,-,0.6,24,0.3
TXO,202610F1,20261002.0,42600.0,Call,-,-,-,-,-,-,-,0,0,0,0,5840,5860,-,-
TXO,202610F1,20261002.0,42600.0,Put,-,-,-,-,-,-,-,0,0,0,10,-,0.6,11,0.6
TXO,202610F1,20261002.0,42700.0,Call,-,-,-,-,-,-,-,0,0,0,0,5740,5760,5400,5400
TXO,202610F1,20261002.0,42700.0,Put,-,-,-,-,-,-,-,2,0,2,10,-,-,11.5,0.1
TXO,202610F1,20261002.0,42800.0,Call,-,-,-,-,-,-,-,0,0,0,0,5640,5660,-,-
TXO,202610F1,20261002.0,42800.0,Put,-,-,-,-,-,-,-,0,0,0,10,-,-,15.5,0.7
TXO,202610F1,20261002.0,42900.0,Call,-,-,-,-,-,-,-,0,0,0,0,5540,5560,-,-
TXO,202610F1,20261002.0,42900.0,Put,-,-,-,-,-,-,-,0,0,0,17,-,-,51,0.4
TXO,202610F1,20261002.0,43000.0,Call,-,-,-,-,-,-,-,0,0,0,0,5440,5460,-,-
TXO,202610F1,20261002.0,43000.0,Put,-,-,-,-,-,-,-,0,0,0,23,-,0.8,54,0.3
TXO,202610F1,20261002.0,43100.0,Call,-,-,-,-,-,-,-,0,0,0,0,5340,5360,-,-
TXO,202610F1,20261002.0,43100.0,Put,-,-,-,-,-,-,-,3,0,3,32,-,0.6,58,0.1
TXO,202610F1,20261002.0,43200.0,Call,-,-,-,-,-,-,-,0,0,0,0,5240,5260,-,-
TXO,202610F1,20261002.0,43200.0,Put,-,-,-,-,-,-,-,1,0,1,19,-,0.6,60,0.1
TXO,202610F1,20261002.0,43300.0,Call,-,-,-,-,-,-,-,0,0,0,0,5140,5160,-,-
TXO,202610F1,20261002.0,43300.0,Put,-,-,-,-,-,-,-,2,0,2,12,-,0.6,63,0.1
TXO,202610F1,20261002.0,43400.0,Call,-,-,-,-,-,-,-,0,0,0,0,5040,5060,-,-
TXO,202610F1,20261002.0,43400.0,Put,-,-,-,-,-,-,-,2,0,2,13,-,0.6,65,0.1
TXO,202610F1,20261002.0,43500.0,Call,-,-,-,-,-,-,-,0,0,0,0,4940,4960,-,-
TXO,202610F1,20261002.0,43500.0,Put,-,-,-,-,-,-,-,3,0,3,367,-,0.6,69,0.4
TXO,202610F1,20261002.0,43600.0,Call,-,-,-,-,-,-,-,0,0,0,0,4840,4860,-,-
TXO,202610F1,20261002.0,43600.0,Put,-,-,-,-,-,-,-,0,0,0,11,-,0.6,73,0.7
TXO,202610F1,20261002.0,43700.0,Call,-,-,-,-,-,-,-,0,0,0,0,4740,4760,-,-
TXO,202610F1,20261002.0,43700.0,Put,0.1,0.1,0.1,0.1,-,0,-,0,4,4,10,-,0.6,34,0.1
TXO,202610F1,20261002.0,43800.0,Call,-,-,-,-,-,-,-,0,0,0,0,4640,4660,-,-
TXO,202610F1,20261002.0,43800.0,Put,-,-,-,-,-,-,-,0,0,0,17,-,0.6,41,0.3
TXO,202610F1,20261002.0,43900.0,Call,-,-,-,-,-,-,-,0,0,0,0,4540,4560,-,-
TXO,202610F1,20261002.0,43900.0,Put,-,-,-,-,-,-,-,0,0,0,15,-,0.1,49,0.5
TXO,202610F1,20261002.0,44000.0,Call,-,-,-,-,-,-,-,0,0,0,0,4440,4460,-,-
TXO,202610F1,20261002.0,44000.0,Put,0.2,0.2,0.2,0.2,-,▲+0.1,-,0,5,5,69,-,0.6,97,0.2
TXO,202610F1,20261002.0,44100.0,Call,-,-,-,-,-,-,-,0,0,0,0,4340,4360,-,-
TXO,202610F1,20261002.0,44100.0,Put,-,-,-,-,-,-,-,2,0,2,26,-,-,100,0.4
TXO,202610F1,20261002.0,44200.0,Call,-,-,-,-,-,-,-,0,0,0,0,4240,4260,-,-
TXO,202610F1,20261002.0,44200.0,Put,-,-,-,-,-,-,-,2,0,2,13,-,-,108,0.6
TXO,202610F1,20261002.0,44300.0,Call,-,-,-,-,-,-,-,0,0,0,0,4140,4160,-,-
TXO,202610F1,20261002.0,44300.0,Put,-,-,-,-,-,-,-,0,0,0,14,-,-,77,0.7
TXO,202610F1,20261002.0,44400.0,Call,-,-,-,-,-,-,-,0,0,0,0,4040,4060,-,-
TXO,202610F1,20261002.0,44400.0,Put,0.6,0.6,0.6,0.6,-,▲+0.2,▲+50.00%,2,30,32,56,-,0.6,35,0.4
TXO,202610F1,20261002.0,44500.0,Call,-,-,-,-,-,-,-,0,0,0,0,3940,3960,-,-
TXO,202610F1,20261002.0,44500.0,Put,-,-,-,-,-,-,-,0,0,0,22,-,0.1,122,0.7
TXO,202610F1,20261002.0,44600.0,Call,-,-,-,-,-,-,-,0,0,0,0,3840,3860,-,-
TXO,202610F1,20261002.0,44600.0,Put,0.3,0.3,0.3,0.3,-,▼-0.1,▼-25.00%,0,1,1,20,-,-,124,0.3
TXO,202610F1,20261002.0,44700.0,Call,-,-,-,-,-,-,-,0,0,0,0,3740,3760,-,-
TXO,202610F1,20261002.0,44700.0,Put,-,-,-,-,-,-,-,1,0,1,21,-,-,97,0.7
TXO,202610F1,20261002.0,44800.0,Call,-,-,-,-,-,-,-,0,0,0,0,3640,3660,-,-
TXO,202610F1,20261002.0,44800.0,Put,0.2,0.2,0.1,0.1,-,▼-0.4,▼-80.00%,0,20,20,29,-,-,40.5,0.1
TXO,202610F1,20261002.0,44900.0,Call,-,-,-,-,-,-,-,0,0,0,0,3540,3560,-,-
TXO,202610F1,20261002.0,44900.0,Put,0.2,0.2,0.1,0.1,-,▼-0.4,▼-80.00%,0,51,51,20,-,0.6,55,0.1
TXO,202610F1,20261002.0,44950.0,Call,-,-,-,-,-,-,-,0,0,0,0,3490,3510,-,-
TXO,202610F1,20261002.0,44950.0,Put,0.2,0.2,0.1,0.1,-,▼-0.4,▼-80.00%,0,26,26,77,-,0.6,101,0.1
TXO,202610F1,20261002.0,45000.0,Call,-,-,-,-,-,-,-,0,0,0,0,3440,3460,-,-
TXO,202610F1,20261002.0,45000.0,Put,0.2,0.2,0.1,0.2,-,▼-0.4,▼-66.67%,6,21,27,135,-,0.6,106,0.1
TXO,202610F1,20261002.0,45050.0,Call,-,-,-,-,-,-,-,0,0,0,0,3390,3410,-,-
TXO,202610F1,20261002.0,45050.0,Put,-,-,-,-,-,-,-,0,0,0,12,-,-,47.5,1.2
TXO,202610F1,20261002.0,45100.0,Call,-,-,-,-,-,-,-,0,0,0,0,3340,3360,-,-
TXO,202610F1,20261002.0,45100.0,Put,-,-,-,-,-,-,-,6,0,6,10,-,0.6,67,0.6
TXO,202610F1,20261002.0,45150.0,Call,-,-,-,-,-,-,-,0,0,0,0,3290,3310,-,-
TXO,202610F1,20261002.0,45150.0,Put,-,-,-,-,-,-,-,1,0,1,18,-,204,10,1
TXO,202610F1,20261002.0,45200.0,Call,-,-,-,-,-,-,-,0,0,0,0,3240,3260,-,-
TXO,202610F1,20261002.0,45200.0,Put,-,-,-,-,-,-,-,4,0,4,181,-,0.6,76,0.6
TXO,202610F1,20261002.0,45250.0,Call,-,-,-,-,-,-,-,0,0,0,0,3190,3210,-,-
TXO,202610F1,20261002.0,45250.0,Put,-,-,-,-,-,-,-,0,0,0,20,-,-,20.5,1.3
TXO,202610F1,20261002.0,45300.0,Call,-,-,-,-,-,-,-,0,0,0,0,3140,3160,-,-
TXO,202610F1,20261002.0,45300.0,Put,0.1,0.1,0.1,0.1,-,▼-0.6,▼-85.71%,2,10,12,26,-,-,123,0.1
TXO,202610F1,20261002.0,45350.0,Call,-,-,-,-,-,-,-,0,0,0,0,3090,3110,-,-
TXO,202610F1,20261002.0,45350.0,Put,0.3,0.3,0.3,0.3,-,▼-0.5,▼-62.50%,0,4,4,16,-,-,77,0.3
TXO,202610F1,20261002.0,45400.0,Call,-,-,-,-,-,-,-,0,0,0,0,3040,3060,-,-
TXO,202610F1,20261002.0,45400.0,Put,0.2,0.2,0.1,0.1,-,▼-0.7,▼-87.50%,45,14,59,55,-,-,55,0.1
TXO,202610F1,20261002.0,45450.0,Call,-,-,-,-,-,-,-,0,0,0,0,2990,3010,-,-
TXO,202610F1,20261002.0,45450.0,Put,-,-,-,-,-,-,-,0,0,0,15,-,-,61,1.6
TXO,202610F1,20261002.0,45500.0,Call,-,-,-,-,-,-,-,0,0,0,0,2940,2960,-,-
TXO,202610F1,20261002.0,45500.0,Put,0.2,0.2,0.1,0.2,-,▼-0.7,▼-77.78%,6,15,21,172,-,1,274,0.1
TXO,202610F1,20261002.0,45550.0,Call,-,-,-,-,-,-,-,0,0,0,0,2890,2910,-,-
TXO,202610F1,20261002.0,45550.0,Put,0.2,0.2,0.2,0.2,-,▼-0.7,▼-77.78%,4,7,11,21,-,-,77,0.2
TXO,202610F1,20261002.0,45600.0,Call,-,-,-,-,-,-,-,0,0,0,0,2840,2860,-,-
TXO,202610F1,20261002.0,45600.0,Put,0.2,0.2,0.2,0.2,-,▼-0.7,▼-77.78%,9,23,32,124,-,10,149,0.2
TXO,202610F1,20261002.0,45650.0,Call,-,-,-,-,-,-,-,0,0,0,1,2790,2810,1880,1880
TXO,202610F1,20261002.0,45650.0,Put,0.2,0.2,0.2,0.2,-,▼-0.8,▼-80.00%,1,10,11,17,-,-,155,0.2
TXO,202610F1,20261002.0,45700.0,Call,-,-,-,-,-,-,-,1,0,1,0,2740,2760,2280,2000
TXO,202610F1,20261002.0,45700.0,Put,0.2,0.2,0.2,0.2,-,▼-0.9,▼-81.82%,11,6,17,16,-,-,300,0.2
TXO,202610F1,20261002.0,45750.0,Call,-,-,-,-,-,-,-,0,0,0,0,2690,2710,-,-
TXO,202610F1,20261002.0,45750.0,Put,0.3,0.3,0.1,0.1,-,▼-1,▼-90.91%,11,13,24,103,-,-,33,0.1
TXO,202610F1,20261002.0,45800.0,Call,-,-,-,-,-,-,-,0,0,0,0,2640,2660,-,-
TXO,202610F1,20261002.0,45800.0,Put,0.3,0.3,0.1,0.1,-,▼-1,▼-90.91%,12,12,24,34,-,-,100,0.1
TXO,202610F1,20261002.0,45850.0,Call,-,-,-,-,-,-,-,0,0,0,0,2590,2610,-,-
TXO,202610F1,20261002.0,45850.0,Put,-,-,-,-,-,-,-,2,0,2,16,-,-,204,1.2
TXO,202610F1,20261002.0,45900.0,Call,-,-,-,-,-,-,-,0,0,0,0,2540,2560,-,-
TXO,202610F1,20261002.0,45900.0,Put,0.1,0.1,0.1,0.1,-,▼-1.1,▼-91.67%,6,3,9,27,-,-,112,0.1
TXO,202610F1,20261002.0,45950.0,Call,-,-,-,-,-,-,-,0,0,0,1,2490,2510,1590,1590
TXO,202610F1,20261002.0,45950.0,Put,-,-,-,-,-,-,-,0,0,0,15,-,-,102,1
TXO,202610F1,20261002.0,46000.0,Call,-,-,-,-,-,-,-,0,0,0,0,2440,2460,-,-
TXO,202610F1,20261002.0,46000.0,Put,0.2,0.2,0.1,0.2,-,▼-1.1,▼-84.62%,21,41,62,235,-,0.9,309,0.1
TXO,202610F1,20261002.0,46050.0,Call,-,-,-,-,-,-,-,0,0,0,5,2390,2410,1250,1250
TXO,202610F1,20261002.0,46050.0,Put,0.2,0.2,0.2,0.2,-,▼-1.1,▼-84.62%,1,39,40,79,-,1.6,390,0.2
TXO,202610F1,20261002.0,46100.0,Call,-,-,-,-,-,-,-,0,0,0,0,2340,2360,-,-
TXO,202610F1,20261002.0,46100.0,Put,0.4,0.4,0.1,0.1,-,▼-1.3,▼-92.86%,22,30,52,487,-,21.5,171,0.1
TXO,202610F1,20261002.0,46150.0,Call,-,-,-,-,-,-,-,0,0,0,3,2290,2310,1180,1180
TXO,202610F1,20261002.0,46150.0,Put,0.4,0.4,0.1,0.1,-,▼-1.3,▼-92.86%,71,21,92,54,-,3.7,419,0.1
TXO,202610F1,20261002.0,46200.0,Call,-,-,-,-,-,-,-,0,0,0,0,2240,2260,-,-
TXO,202610F1,20261002.0,46200.0,Put,0.6,0.6,0.1,0.1,-,▼-1.5,▼-93.75%,39,7,46,113,-,21,282,0.1
TXO,202610F1,20261002.0,46250.0,Call,-,-,-,-,-,-,-,0,0,0,4,2190,2210,1100,1100
TXO,202610F1,20261002.0,46250.0,Put,0.5,0.5,0.1,0.1,-,▼-1.6,▼-94.12%,89,4,93,68,-,2.9,445,0.1
TXO,202610F1,20261002.0,46300.0,Call,-,-,-,-,-,-,-,0,0,0,0,2140,2160,1630,1610
TXO,202610F1,20261002.0,46300.0,Put,0.4,0.5,0.1,0.1,-,▼-1.7,▼-94.44%,129,359,488,74,-,21.5,282,0.1
TXO,202610F1,20261002.0,46350.0,Call,-,-,-,-,-,-,-,0,0,0,12,2090,2110,1240,1220
TXO,202610F1,20261002.0,46350.0,Put,0.5,0.5,0.1,0.2,-,▼-1.7,▼-89.47%,239,80,319,87,-,22,391,0.1
TXO,202610F1,20261002.0,46400.0,Call,-,-,-,-,-,-,-,0,0,0,4,2040,2060,1890,1190
TXO,202610F1,20261002.0,46400.0,Put,1,1.9,0.1,0.1,-,▼-1.8,▼-94.74%,37,66,103,170,-,0.8,402,0.1
TXO,202610F1,20261002.0,46450.0,Call,-,-,-,-,-,-,-,0,0,0,8,1990,2010,1170,970
TXO,202610F1,20261002.0,46450.0,Put,0.6,0.6,0.1,0.1,-,▼-1.9,▼-95.00%,192,50,242,137,-,15.5,515,0.1
TXO,202610F1,20261002.0,46500.0,Call,-,-,-,-,-,-,-,0,0,0,820,1940,1960,1850,935
TXO,202610F1,20261002.0,46500.0,Put,0.5,1,0.1,0.1,-,▼-2,▼-95.24%,113,161,274,683,-,1,545,0.1
TXO,202610F1,20261002.0,46550.0,Call,-,-,-,-,-,-,-,0,0,0,4,1890,1910,1090,1090
TXO,202610F1,20261002.0,46550.0,Put,0.6,0.8,0.1,0.2,-,▼-2,▼-90.91%,452,207,659,150,-,22,447,0.1
TXO,202610F1,20261002.0,46600.0,Call,1840,1840,1840,1840,-,▲+60,▲+3.37%,0,1,1,644,1840,1850,1840,1110
TXO,202610F1,20261002.0,46600.0,Put,0.2,0.6,0.1,0.1,-,▼-2.2,▼-95.65%,437,48,485,526,-,5.4,271,0.1
TXO,202610F1,20261002.0,46650.0,Call,-,-,-,-,-,-,-,0,0,0,1,1790,1810,1020,955
TXO,202610F1,20261002.0,46650.0,Put,0.6,1.2,0.1,0.1,-,▼-2.2,▼-95.65%,500,70,570,209,-,22,565,0.1
TXO,202610F1,20261002.0,46700.0,Call,-,-,-,-,-,-,-,0,0,0,500,1740,1760,1850,925
TXO,202610F1,20261002.0,46700.0,Put,0.6,0.8,0.1,0.2,-,▼-2.3,▼-92.00%,270,58,328,723,-,5.9,296,0.1
TXO,202610F1,20261002.0,46750.0,Call,-,-,-,-,-,-,-,0,0,0,1,1690,1700,1430,1370
TXO,202610F1,20261002.0,46750.0,Put,0.7,0.8,0.1,0.1,-,▼-2.7,▼-96.43%,279,38,317,135,-,22,309,0.1
TXO,202610F1,20261002.0,46800.0,Call,1530,1620,1530,1620,-,▲+40,▲+2.53%,9,2,11,188,1640,1660,1780,760
TXO,202610F1,20261002.0,46800.0,Put,0.2,0.7,0.1,0.1,-,▼-2.8,▼-96.55%,355,190,545,460,-,6.9,655,0.1
TXO,202610F1,20261002.0,46850.0,Call,-,-,-,-,-,-,-,0,0,0,4,1590,1610,1150,1150
TXO,202610F1,20261002.0,46850.0,Put,0.9,1,0.1,0.3,-,▼-2.8,▼-90.32%,235,44,279,165,-,17.5,333,0.1
TXO,202610F1,20261002.0,46900.0,Call,-,-,-,-,-,-,-,0,0,0,500,1540,1560,1280,1140
TXO,202610F1,20261002.0,46900.0,Put,0.7,1,0.1,0.2,-,▼-3,▼-93.75%,691,365,1056,333,-,17,580,0.1
TXO,202610F1,20261002.0,46950.0,Call,-,-,-,-,-,-,-,0,0,0,8,1490,1510,1270,1070
TXO,202610F1,20261002.0,46950.0,Put,2,2,0.1,0.1,-,▼-3.7,▼-97.37%,553,56,609,195,-,0.9,362,0.1
TXO,202610F1,20261002.0,47000.0,Call,1310,1430,1310,1430,-,▲+50,▲+3.62%,10,33,43,533,1440,1460,1430,625
TXO,202610F1,20261002.0,47000.0,Put,3,3,0.1,0.2,-,▼-4,▼-95.24%,1320,915,2235,1835,-,0.3,585,0.1
TXO,202610F1,20261002.0,47050.0,Call,-,-,-,-,-,-,-,2,0,2,15,1390,1410,1320,590
TXO,202610F1,20261002.0,47050.0,Put,0.5,1.2,0.2,0.2,-,▼-4.1,▼-95.35%,552,94,646,264,-,0.5,411,0.2
TXO,202610F1,20261002.0,47100.0,Call,1330,1360,1330,1330,-,▲+50,▲+3.91%,5,5,10,500,1340,1360,1360,550
TXO,202610F1,20261002.0,47100.0,Put,1,1,0.1,0.2,-,▼-4.7,▼-95.92%,752,204,956,488,-,0.8,630,0.1
TXO,202610F1,20261002.0,47150.0,Call,-,-,-,-,-,-,-,0,0,0,11,1290,1310,1200,530
TXO,202610F1,20261002.0,47150.0,Put,1,1.6,0.2,0.2,-,▼-4.7,▼-95.92%,616,208,824,381,-,0.7,230,0.2
TXO,202610F1,20261002.0,47200.0,Call,-,-,-,-,-,-,-,4,0,4,12,1240,1260,1500,483
TXO,202610F1,20261002.0,47200.0,Put,0.8,1.6,0.1,0.2,-,▼-5.4,▼-96.43%,1652,495,2147,637,-,0.5,444,0.1
TXO,202610F1,20261002.0,47250.0,Call,-,-,-,-,-,-,-,4,0,4,20,1190,1210,1090,454
TXO,202610F1,20261002.0,47250.0,Put,1.1,1.4,0.2,0.2,-,▼-6.3,▼-96.92%,655,385,1040,530,-,1.4,675,0.2
TXO,202610F1,20261002.0,47300.0,Call,1000,1130,1000,1110,-,▲+20,▲+1.83%,0,13,13,526,1140,1160,1160,419
TXO,202610F1,20261002.0,47300.0,Put,1.4,1.8,0.1,0.1,-,▼-7,▼-98.59%,2134,547,2681,1168,0.1,0.3,449,0.1
TXO,202610F1,20261002.0,47350.0,Call,920,1080,920,1080,-,▲+40,▲+3.85%,0,33,33,61,1090,1110,1080,394
TXO,202610F1,20261002.0,47350.0,Put,2.1,2.1,0.1,0.2,-,▼-8.7,▼-97.75%,1260,324,1584,602,-,0.6,470,0.1
TXO,202610F1,20261002.0,47400.0,Call,900,1070,820,1030,-,▲+40,▲+4.04%,96,197,293,1032,1040,1050,1070,384
TXO,202610F1,20261002.0,47400.0,Put,2,6.8,0.1,0.1,-,▼-9.5,▼-98.96%,2026,811,2837,1065,-,0.6,482,0.1
TXO,202610F1,20261002.0,47450.0,Call,815,985,815,985,-,▲+45,▲+4.79%,9,35,44,44,995,1010,995,344
TXO,202610F1,20261002.0,47450.0,Put,1.8,2.3,0.2,0.2,-,▼-10.8,▼-98.18%,1527,339,1866,564,-,0.6,485,0.2
TXO,202610F1,20261002.0,47500.0,Call,775,965,765,950,-,▲+60,▲+6.74%,89,66,155,565,945,950,1050,316
TXO,202610F1,20261002.0,47500.0,Put,3.4,3.4,0.1,0.2,-,▼-12.3,▼-98.40%,6132,1644,7776,1918,-,0.3,570,0.1
TXO,202610F1,20261002.0,47550.0,Call,750,900,735,900,-,▲+60,▲+7.14%,18,40,58,65,895,905,920,292
TXO,202610F1,20261002.0,47550.0,Put,2.9,3,0.2,0.2,-,▼-14.8,▼-98.67%,1841,851,2692,479,-,0.6,540,0.2
TXO,202610F1,20261002.0,47600.0,Call,695,855,655,850,-,▲+55,▲+6.92%,161,63,224,89,845,855,1090,269
TXO,202610F1,20261002.0,47600.0,Put,5,5,0.2,0.2,-,▼-16.3,▼-98.79%,4647,2317,6964,1190,-,0.6,498,0.2
TXO,202610F1,20261002.0,47650.0,Call,620,810,610,800,-,▲+35,▲+4.58%,84,48,132,49,795,805,810,243
TXO,202610F1,20261002.0,47650.0,Put,3,5,0.1,0.2,-,▼-19.8,▼-99.00%,2517,686,3203,478,0.1,1,660,0.1
TXO,202610F1,20261002.0,47700.0,Call,600,765,530,745,-,▲+30,▲+4.20%,641,209,850,81,745,750,1100,229
TXO,202610F1,20261002.0,47700.0,Put,8,8,0.1,0.2,-,▼-23.3,▼-99.15%,4582,1274,5856,873,-,0.4,705,0.1
TXO,202610F1,20261002.0,47750.0,Call,525,710,480,700,-,▲+35,▲+5.26%,383,60,443,68,695,705,710,209
TXO,202610F1,20261002.0,47750.0,Put,8,8,0.2,0.2,-,▼-26.8,▼-99.26%,2788,1089,3877,669,-,0.6,730,0.2
TXO,202610F1,20261002.0,47800.0,Call,449,670,426,645,-,▲+30,▲+4.88%,1298,459,1757,232,645,650,935,48
TXO,202610F1,20261002.0,47800.0,Put,10,10.5,0.1,0.2,-,▼-33.8,▼-99.41%,6743,2788,9531,1549,-,0.5,655,0.1
TXO,202610F1,20261002.0,47850.0,Call,435,605,367,595,-,▲+25,▲+4.39%,748,405,1153,130,595,600,605,175
TXO,202610F1,20261002.0,47850.0,Put,13,13,0.1,0.4,-,▼-39.6,▼-99.00%,3731,2032,5763,663,0.1,0.4,640,0.1
TXO,202610F1,20261002.0,47900.0,Call,400,560,325,550,-,▲+30,▲+5.77%,1875,652,2527,263,545,550,605,169
TXO,202610F1,20261002.0,47900.0,Put,18,18,0.1,0.2,-,▼-48.3,▼-99.59%,7827,3526,11353,2537,-,0.3,645,0.1
TXO,202610F1,20261002.0,47950.0,Call,324,510,281,500,-,▲+3,▲+0.60%,1477,452,1929,126,499,505,580,167
TXO,202610F1,20261002.0,47950.0,Put,21,21,0.1,0.1,-,▼-53.9,▼-99.81%,4817,3700,8517,923,-,0.5,695,0.1
TXO,202610F1,20261002.0,48000.0,Call,288,471,229,450,-,▲+3,▲+0.67%,9168,2677,11845,1018,449,450,840,126
TXO,202610F1,20261002.0,48000.0,Put,26,30,0.1,0.2,-,▼-64.8,▼-99.69%,14403,8117,22520,3079,-,1,750,0.1
TXO,202610F1,20261002.0,48050.0,Call,246,415,191,400,-,▼-18,▼-4.31%,2477,942,3419,322,400,401,490,124
TXO,202610F1,20261002.0,48050.0,Put,37,37.5,0.1,0.2,-,▼-75.8,▼-99.74%,4266,4244,8510,903,0.1,0.3,700,0.1
TXO,202610F1,20261002.0,48100.0,Call,230,371,150,349,-,▼-27,▼-7.18%,5757,2685,8442,620,349,352,545,101
TXO,202610F1,20261002.0,48100.0,Put,50,52,0.1,0.1,-,▼-87.9,▼-99.89%,6675,7443,14118,1990,0.1,0.3,1230,0.1
TXO,202610F1,20261002.0,48150.0,Call,189,320,115,298,-,▼-45,▼-13.12%,4887,1822,6709,189,297,300,690,85
TXO,202610F1,20261002.0,48150.0,Put,71,93,0.1,0.1,-,▼-102.9,▼-99.90%,3021,6392,9413,1139,0.1,0.2,625,0.1
TXO,202610F1,20261002.0,48200.0,Call,126,274,84,250,-,▼-54,▼-17.76%,12881,8297,21178,862,249,250,730,71
TXO,202610F1,20261002.0,48200.0,Put,100,113,0.1,0.1,-,▼-120.9,▼-99.92%,5335,13616,18951,2456,0.1,0.2,685,0.1
TXO,202610F1,20261002.0,48250.0,Call,112,226,63,200,-,▼-76,▼-27.54%,5059,4794,9853,603,200,202,443,58
TXO,202610F1,20261002.0,48250.0,Put,108,114,0.1,0.3,-,▼-137.7,▼-99.78%,2079,8617,10696,1660,0.1,0.3,490,0.1
TXO,202610F1,20261002.0,48300.0,Call,80,180,42,150,-,▼-90,▼-37.50%,10850,14942,25792,1096,150,151,750,42
TXO,202610F1,20261002.0,48300.0,Put,130,172,0.1,0.2,-,▼-159.8,▼-99.88%,3948,19257,23205,3838,-,0.3,680,0.1
TXO,202610F1,20261002.0,48350.0,Call,80,139,24,100,-,▼-117,▼-53.92%,6686,11961,18647,871,100,101,560,24
TXO,202610F1,20261002.0,48350.0,Put,158,169,0.1,0.1,-,▼-180.9,▼-99.94%,1892,14370,16262,4143,-,0.3,499,0.1
TXO,202610F1,20261002.0,48400.0,Call,55,101,20,50,-,▼-140,▼-73.68%,10484,28390,38874,2207,50,51,610,20
TXO,202610F1,20261002.0,48400.0,Put,193,207,0.1,0.2,-,▼-207.8,▼-99.90%,2027,23500,25527,4590,-,0.3,815,0.1
TXO,202610F1,20261002.0,48450.0,Call,40,71,0.2,0.5,-,▼-166.5,▼-99.70%,4914,23636,28550,4895,0.3,0.5,260,0.2
TXO,202610F1,20261002.0,48450.0,Put,222,250,0.1,0.2,-,▼-231.8,▼-99.91%,905,14011,14916,2756,-,0.3,555,0.1
TXO,202610F1,20261002.0,48500.0,Call,30,48,0.1,0.2,-,▼-146.8,▼-99.86%,13777,23922,37699,6284,-,0.2,605,0.1
TXO,202610F1,20261002.0,48500.0,Put,270,290,46,49,-,▼-211,▼-81.15%,1772,10241,12013,1005,49,49.5,1010,46
TXO,202610F1,20261002.0,48550.0,Call,22.5,34.5,0.1,0.2,-,▼-129.8,▼-99.85%,2837,9637,12474,2627,0.1,1.2,222,0.1
TXO,202610F1,20261002.0,48550.0,Put,305,340,90,100,-,▼-190,▼-65.52%,331,2537,2868,159,99,100,610,90
TXO,202610F1,20261002.0,48600.0,Call,16,25,0.1,0.2,-,▼-109.8,▼-99.82%,7464,10717,18181,3156,0.1,0.4,412,0.1
TXO,202610F1,20261002.0,48600.0,Put,461,461,133,148,-,▼-176,▼-54.32%,670,2568,3238,225,148,149,690,133
TXO,202610F1,20261002.0,48650.0,Call,14,18,0.1,0.2,-,▼-95.8,▼-99.79%,3118,4423,7541,1239,0.1,1.9,197,0.1
TXO,202610F1,20261002.0,48650.0,Put,394,435,185,198,-,▼-154,▼-43.75%,79,822,901,62,198,203,1030,185
TXO,202610F1,20261002.0,48700.0,Call,12.5,14,0.1,0.1,-,▼-83.9,▼-99.88%,5034,4357,9391,2137,0.1,0.4,450,0.1
TXO,202610F1,20261002.0,48700.0,Put,440,484,231,250,-,▼-152,▼-37.81%,120,717,837,55,249,250,1090,231
TXO,202610F1,20261002.0,48750.0,Call,7.2,10.5,0.2,0.2,-,▼-73.8,▼-99.73%,1627,2010,3637,680,-,1.3,375,0.2
TXO,202610F1,20261002.0,48750.0,Put,491,525,289,300,-,▼-131,▼-30.39%,9,161,170,25,297,300,780,289
TXO,202610F1,20261002.0,48800.0,Call,8,8,0.1,0.5,-,▼-61.5,▼-99.19%,4827,2933,7760,2656,-,0.3,350,0.1
TXO,202610F1,20261002.0,48800.0,Put,525,560,330,349,-,▼-132,▼-27.44%,61,57,118,38,349,353,1230,330
TXO,202610F1,20261002.0,48850.0,Call,5.5,6.3,0.1,0.2,-,▼-53.8,▼-99.63%,2456,1092,3548,814,-,1.6,226,0.1
TXO,202610F1,20261002.0,48850.0,Put,565,620,387,403,-,▼-112,▼-21.75%,26,36,62,13,397,401,855,387
TXO,202610F1,20261002.0,48900.0,Call,3.6,4.7,0.1,0.2,-,▼-47.3,▼-99.58%,2450,2005,4455,1094,-,0.3,402,0.1
TXO,202610F1,20261002.0,48900.0,Put,585,640,435,453,-,▼-112,▼-19.82%,16,167,183,32,447,451,910,435
TXO,202610F1,20261002.0,48950.0,Call,5.8,5.8,0.2,0.2,-,▼-40.8,▼-99.51%,703,683,1386,652,-,15,248,0.2
TXO,202610F1,20261002.0,48950.0,Put,655,700,482,505,-,▼-105,▼-17.21%,9,13,22,19,497,505,940,482
TXO,202610F1,20261002.0,49000.0,Call,2.2,4.6,0.1,0.3,-,▼-35.2,▼-99.15%,3681,1584,5265,3135,-,0.3,390,0.1
TXO,202610F1,20261002.0,49000.0,Put,740,760,535,560,-,▼-100,▼-15.15%,117,69,186,35,545,555,1040,535
TXO,202610F1,20261002.0,49050.0,Call,4.6,4.6,0.2,0.2,-,▼-31.8,▼-99.38%,660,427,1087,411,-,2.8,270,0.2
TXO,202610F1,20261002.0,49050.0,Put,780,830,780,830,-,▲+120,▲+16.90%,3,3,6,17,595,605,1040,710
TXO,202610F1,20261002.0,49100.0,Call,2,2.6,0.1,0.2,-,▼-27.3,▼-99.27%,882,859,1741,734,-,0.3,361,0.1
TXO,202610F1,20261002.0,49100.0,Put,835,835,625,650,-,▼-100,▼-13.33%,3,5,8,5,645,650,1090,625
TXO,202610F1,20261002.0,49150.0,Call,0.5,2,0.1,0.2,-,▼-24.3,▼-99.18%,402,257,659,382,-,0.5,180,0.1
TXO,202610F1,20261002.0,49150.0,Put,800,800,730,730,-,▼-70,▼-8.75%,4,5,9,22,695,705,1100,730
TXO,202610F1,20261002.0,49200.0,Call,1.1,1.2,0.1,0.2,-,▼-21.3,▼-99.07%,965,614,1579,1215,-,0.3,251,0.1
TXO,202610F1,20261002.0,49200.0,Put,930,980,750,760,-,▼-90,▼-10.59%,3,6,9,3,745,755,1300,750
TXO,202610F1,20261002.0,49250.0,Call,1,1,0.1,0.5,-,▼-19.5,▼-97.50%,213,158,371,242,-,0.6,60,0.1
TXO,202610F1,20261002.0,49250.0,Put,950,960,790,820,-,▼-70,▼-7.87%,1,10,11,4,795,805,1250,790
TXO,202610F1,20261002.0,49300.0,Call,0.8,1.6,0.1,0.2,-,▼-16.8,▼-98.82%,890,138,1028,461,-,0.2,278,0.1
TXO,202610F1,20261002.0,49300.0,Put,-,-,-,-,-,-,-,1,0,1,1,845,855,1400,950
TXO,202610F1,20261002.0,49350.0,Call,0.9,0.9,0.1,0.1,-,▼-14.9,▼-99.33%,238,91,329,211,-,4.9,43,0.1
TXO,202610F1,20261002.0,49350.0,Put,-,-,-,-,-,-,-,3,0,3,1,895,905,1210,1120
TXO,202610F1,20261002.0,49400.0,Call,1,1.2,0.1,0.1,-,▼-13.9,▼-99.29%,1466,157,1623,1452,-,0.8,200,0.1
TXO,202610F1,20261002.0,49400.0,Put,-,-,-,-,-,-,-,0,0,0,0,945,955,-,-
TXO,202610F1,20261002.0,49450.0,Call,0.4,0.4,0.1,0.1,-,▼-12.9,▼-99.23%,993,51,1044,175,-,0.5,39,0.1
TXO,202610F1,20261002.0,49450.0,Put,-,-,-,-,-,-,-,0,0,0,1,995,1010,1260,1260
TXO,202610F1,20261002.0,49500.0,Call,1.9,1.9,0.1,0.1,-,▼-11.9,▼-99.17%,1549,576,2125,1232,-,0.4,285,0.1
TXO,202610F1,20261002.0,49500.0,Put,1220,1220,1050,1070,-,▼-60,▼-5.31%,2,3,5,3,1040,1060,1370,1050
TXO,202610F1,20261002.0,49550.0,Call,0.2,1.9,0.1,0.1,-,▼-10.9,▼-99.09%,450,74,524,296,-,0.8,29.5,0.1
TXO,202610F1,20261002.0,49550.0,Put,-,-,-,-,-,-,-,0,0,0,0,1090,1110,-,-
TXO,202610F1,20261002.0,49600.0,Call,0.3,2.4,0.1,0.1,-,▼-9.8,▼-98.99%,186,489,675,385,-,0.4,91,0.1
TXO,202610F1,20261002.0,49600.0,Put,-,-,-,-,-,-,-,0,0,0,1,1140,1160,1530,1530
TXO,202610F1,20261002.0,49650.0,Call,0.6,0.9,0.1,0.2,-,▼-9.3,▼-97.89%,0,50,50,33,-,7.9,0.9,0.1
TXO,202610F1,20261002.0,49650.0,Put,-,-,-,-,-,-,-,0,0,0,0,1190,1210,-,-
TXO,202610F1,20261002.0,49700.0,Call,0.4,0.4,0.1,0.2,-,▼-9,▼-97.83%,379,83,462,1266,-,0.8,220,0.1
TXO,202610F1,20261002.0,49700.0,Put,-,-,-,-,-,-,-,0,0,0,0,1240,1260,-,-
TXO,202610F1,20261002.0,49750.0,Call,0.5,0.5,0.1,0.3,-,▼-7.7,▼-96.25%,0,51,51,38,-,15.5,0.5,0.1
TXO,202610F1,20261002.0,49750.0,Put,-,-,-,-,-,-,-,0,0,0,0,1290,1310,-,-
TXO,202610F1,20261002.0,49800.0,Call,0.7,2.3,0.1,0.2,-,▼-6.5,▼-97.01%,268,76,344,682,-,1.2,160,0.1
TXO,202610F1,20261002.0,49800.0,Put,-,-,-,-,-,-,-,0,0,0,0,1340,1360,-,-
TXO,202610F1,20261002.0,49900.0,Call,1,1.3,0.2,0.2,-,▼-6.4,▼-96.97%,106,28,134,258,-,0.1,99,0.2
TXO,202610F1,20261002.0,49900.0,Put,-,-,-,-,-,-,-,0,0,0,0,1440,1460,-,-
TXO,202610F1,20261002.0,50000.0,Call,0.7,0.7,0.1,0.1,-,▼-6.4,▼-98.46%,172,148,320,1332,-,0.5,134,0.1
TXO,202610F1,20261002.0,50000.0,Put,-,-,-,-,-,-,-,0,0,0,1,1540,1560,1790,1480
TXO,202610F1,20261002.0,50100.0,Call,0.2,0.2,0.1,0.1,-,▼-5.6,▼-98.25%,17,40,57,83,-,4.9,124,0.1
TXO,202610F1,20261002.0,50100.0,Put,-,-,-,-,-,-,-,0,0,0,0,1640,1660,-,-
TXO,202610F1,20261002.0,50200.0,Call,0.7,0.8,0.1,0.1,-,▼-5,▼-98.04%,154,45,199,144,-,0.5,86,0.1
TXO,202610F1,20261002.0,50200.0,Put,-,-,-,-,-,-,-,0,0,0,0,1740,1760,-,-
TXO,202610F1,20261002.0,50300.0,Call,0.3,1,0.1,0.1,-,▼-4.9,▼-98.00%,16,23,39,276,-,4.9,75,0.1
TXO,202610F1,20261002.0,50300.0,Put,-,-,-,-,-,-,-,0,0,0,2,1840,1860,2110,2000
TXO,202610F1,20261002.0,50400.0,Call,0.3,0.3,0.1,0.1,-,▼-4.1,▼-97.62%,3,3,6,435,-,0.5,80,0.1
TXO,202610F1,20261002.0,50400.0,Put,-,-,-,-,-,-,-,0,0,0,0,1940,1960,-,-
TXO,202610F1,20261002.0,50500.0,Call,-,-,-,-,-,-,-,183,0,183,1649,-,21.5,74,0.3
TXO,202610F1,20261002.0,50500.0,Put,-,-,-,-,-,-,-,0,0,0,0,2040,2060,-,-
TXO,202610F1,20261002.0,50600.0,Call,0.1,0.1,0.1,0.1,-,▼-3.6,▼-97.30%,1,4,5,37,-,24.5,54,0.1
TXO,202610F1,20261002.0,50600.0,Put,-,-,-,-,-,-,-,0,0,0,0,2140,2160,-,-
TXO,202610F1,20261002.0,50700.0,Call,0.1,0.1,0.1,0.1,-,▼-3.3,▼-97.06%,2,25,27,338,-,3.3,68,0.1
TXO,202610F1,20261002.0,50700.0,Put,-,-,-,-,-,-,-,0,0,0,0,2240,2260,-,-
TXO,202610F1,20261002.0,50800.0,Call,0.1,0.2,0.1,0.1,-,▼-3.1,▼-96.88%,2,20,22,132,-,31.5,48,0.1
TXO,202610F1,20261002.0,50800.0,Put,-,-,-,-,-,-,-,0,0,0,0,2340,2360,-,-
TXO,202610F1,20261002.0,50900.0,Call,0.1,0.1,0.1,0.1,-,▼-2.9,▼-96.67%,6,5,11,113,-,1.6,44.5,0.1
TXO,202610F1,20261002.0,50900.0,Put,-,-,-,-,-,-,-,0,0,0,0,2440,2460,-,-
TXO,202610F1,20261002.0,51000.0,Call,-,-,-,-,-,-,-,2,0,2,252,-,2.4,39,0.1
TXO,202610F1,20261002.0,51000.0,Put,-,-,-,-,-,-,-,0,0,0,0,2540,2560,-,-
TXO,202610F1,20261002.0,51100.0,Call,-,-,-,-,-,-,-,2,0,2,22,-,26.5,20,0.5
TXO,202610F1,20261002.0,51100.0,Put,-,-,-,-,-,-,-,0,0,0,0,2640,2660,-,-
TXO,202610F1,20261002.0,51200.0,Call,-,-,-,-,-,-,-,4,0,4,67,-,23,9,0.1
TXO,202610F1,20261002.0,51200.0,Put,-,-,-,-,-,-,-,0,0,0,0,2740,2760,-,-
TXO,202610F1,20261002.0,51300.0,Call,-,-,-,-,-,-,-,5,0,5,41,-,23,2.3,0.2
TXO,202610F1,20261002.0,51300.0,Put,-,-,-,-,-,-,-,0,0,0,0,2840,2860,-,-
TXO,202610F1,20261002.0,51400.0,Call,-,-,-,-,-,-,-,25,0,25,19,-,21,21.5,0.2
TXO,202610F1,20261002.0,51400.0,Put,-,-,-,-,-,-,-,0,0,0,0,2940,2960,-,-
TXO,202610F1,20261002.0,51500.0,Call,-,-,-,-,-,-,-,3,0,3,7,-,21,14.5,0.1
TXO,202610F1,20261002.0,51500.0,Put,-,-,-,-,-,-,-,0,0,0,0,3040,3060,-,-
TXO,202610F1,20261002.0,51600.0,Call,-,-,-,-,-,-,-,1,0,1,10,-,1.7,9.7,0.3
TXO,202610F1,20261002.0,51600.0,Put,-,-,-,-,-,-,-,0,0,0,0,3140,3160,-,-
TXO,202610F1,20261002.0,51700.0,Call,-,-,-,-,-,-,-,4,0,4,11,-,1.9,21,0.2
TXO,202610F1,20261002.0,51700.0,Put,-,-,-,-,-,-,-,0,0,0,0,3240,3260,-,-
TXO,202610F1,20261002.0,51800.0,Call,-,-,-,-,-,-,-,4,0,4,18,-,8.7,15,0.3
TXO,202610F1,20261002.0,51800.0,Put,-,-,-,-,-,-,-,0,0,0,0,3340,3360,-,-
TXO,202610F1,20261002.0,51900.0,Call,-,-,-,-,-,-,-,1,0,1,55,-,19.5,15,0.2
TXO,202610F1,20261002.0,51900.0,Put,-,-,-,-,-,-,-,0,0,0,0,3440,3460,-,-
TXO,202610F1,20261002.0,52000.0,Call,-,-,-,-,-,-,-,5,0,5,1690,-,0.1,12,0.2
TXO,202610F1,20261002.0,52000.0,Put,-,-,-,-,-,-,-,0,0,0,0,3540,3560,-,-
TXO,202610F1,20261002.0,52100.0,Call,-,-,-,-,-,-,-,0,0,0,144,-,41,0.8,0.5
TXO,202610F1,20261002.0,52100.0,Put,-,-,-,-,-,-,-,0,0,0,0,3640,3660,-,-
TXO,202610F1,20261002.0,52200.0,Call,-,-,-,-,-,-,-,0,0,0,20,-,41,0.7,0.7
TXO,202610F1,20261002.0,52200.0,Put,-,-,-,-,-,-,-,0,0,0,0,3740,3760,-,-
TXO,202610F1,20261002.0,52300.0,Call,-,-,-,-,-,-,-,0,0,0,105,-,-,0.7,0.5
TXO,202610F1,20261002.0,52300.0,Put,-,-,-,-,-,-,-,0,0,0,0,3840,3860,-,-
TXO,202610F1,20261002.0,52400.0,Call,-,-,-,-,-,-,-,0,0,0,19,-,-,0.9,0.5
TXO,202610F1,20261002.0,52400.0,Put,-,-,-,-,-,-,-,0,0,0,0,3940,3960,-,-
TXO,202610F1,20261002.0,52500.0,Call,-,-,-,-,-,-,-,0,0,0,430,-,41,8.3,0.4
TXO,202610F1,20261002.0,52500.0,Put,-,-,-,-,-,-,-,0,0,0,0,4040,4060,-,-
TXO,202610F1,20261002.0,52600.0,Call,-,-,-,-,-,-,-,0,0,0,6,-,-,4.7,0.5
TXO,202610F1,20261002.0,52600.0,Put,-,-,-,-,-,-,-,0,0,0,0,4140,4160,-,-
TXO,202610F1,20261002.0,52700.0,Call,-,-,-,-,-,-,-,0,0,0,1,-,-,1.1,1.1
TXO,202610F1,20261002.0,52700.0,Put,-,-,-,-,-,-,-,0,0,0,0,4240,4260,-,-
TXO,202610F1,20261002.0,52800.0,Call,-,-,-,-,-,-,-,0,0,0,0,-,-,-,-
TXO,202610F1,20261002.0,52800.0,Put,-,-,-,-,-,-,-,0,0,0,0,4340,4360,-,-
TXO,202610F1,20261002.0,52900.0,Call,-,-,-,-,-,-,-,0,0,0,1,-,58,0.4,0.4
TXO,202610F1,20261002.0,52900.0,Put,-,-,-,-,-,-,-,0,0,0,0,4440,4460,-,-
TXO,202610F1,20261002.0,53000.0,Call,-,-,-,-,-,-,-,5,0,5,8,-,-,2.4,0.1
TXO,202610F1,20261002.0,53000.0,Put,-,-,-,-,-,-,-,0,0,0,0,4540,4560,-,-
TXO,202610F1,20261002.0,53100.0,Call,-,-,-,-,-,-,-,0,0,0,0,-,-,-,-
TXO,202610F1,20261002.0,53100.0,Put,-,-,-,-,-,-,-,0,0,0,0,4640,4660,-,-
TXO,202610F1,20261002.0,53200.0,Call,-,-,-,-,-,-,-,0,0,0,0,-,-,-,-
TXO,202610F1,20261002.0,53200.0,Put,-,-,-,-,-,-,-,0,0,0,0,4740,4760,-,-
TXO,202610W1,20261007.0,42800.0,Call,-,-,-,-,5560,-,-,0,0,0,0,5540,-,-,-
TXO,202610W1,20261007.0,42800.0,Put,1.7,1.7,0.6,0.6,0.5,▼-1.6,▼-72.73%,9,73,82,103,0.5,0.6,5.6,0.6
TXO,202610W1,20261007.0,42900.0,Call,-,-,-,-,5460,-,-,0,0,0,0,5440,-,-,-
TXO,202610W1,20261007.0,42900.0,Put,2.5,2.5,1.1,1.1,0.5,▼-1.2,▼-52.17%,0,12,12,24,0.4,0.6,5.8,1.1
TXO,202610W1,20261007.0,43000.0,Call,-,-,-,-,5360,-,-,0,0,0,0,5350,-,-,-
TXO,202610W1,20261007.0,43000.0,Put,1.8,1.9,0.7,0.7,0.6,▼-1.7,▼-70.83%,1,68,69,176,0.5,0.7,29,0.7
TXO,202610W1,20261007.0,43100.0,Call,-,-,-,-,5260,-,-,0,0,0,0,5250,-,-,-
TXO,202610W1,20261007.0,43100.0,Put,2,2,0.7,0.7,0.7,▼-1.8,▼-72.00%,0,18,18,19,0.5,0.7,29.5,0.7
TXO,202610W1,20261007.0,43200.0,Call,-,-,-,-,5160,-,-,0,0,0,0,5150,-,-,-
TXO,202610W1,20261007.0,43200.0,Put,2.1,2.1,0.7,0.7,0.7,▼-2.1,▼-75.00%,1,12,13,22,0.5,0.8,28.5,0.7
TXO,202610W1,20261007.0,43300.0,Call,-,-,-,-,5060,-,-,0,0,0,0,5050,-,-,-
TXO,202610W1,20261007.0,43300.0,Put,1.9,1.9,1,1,0.7,▼-1.9,▼-65.52%,7,8,15,13,0.6,0.8,20.5,1
TXO,202610W1,20261007.0,43400.0,Call,-,-,-,-,4960,-,-,0,0,0,0,4950,-,-,-
TXO,202610W1,20261007.0,43400.0,Put,2,2,1.1,1.1,0.8,▼-1.8,▼-62.07%,0,6,6,11,0.6,0.9,20,1.1
TXO,202610W1,20261007.0,43500.0,Call,-,-,-,-,4860,-,-,0,0,0,0,4850,-,-,-
TXO,202610W1,20261007.0,43500.0,Put,2.3,2.3,1.2,1.2,0.8,▼-1.8,▼-60.00%,1,12,13,17,0.7,0.9,36,1.2
TXO,202610W1,20261007.0,43600.0,Call,-,-,-,-,4760,-,-,0,0,0,0,4750,-,-,-
TXO,202610W1,20261007.0,43600.0,Put,1.3,1.3,1.3,1.3,0.9,▼-1.7,▼-56.67%,0,5,5,11,0.8,1,30.5,1.3
TXO,202610W1,20261007.0,43700.0,Call,-,-,-,-,4660,-,-,0,0,0,0,4650,-,-,-
TXO,202610W1,20261007.0,43700.0,Put,2.1,2.1,1.3,1.3,1,▼-2.1,▼-61.76%,0,10,10,18,0.8,1.1,24.5,1.3
TXO,202610W1,20261007.0,43800.0,Call,-,-,-,-,4560,-,-,0,0,0,0,4550,-,-,-
TXO,202610W1,20261007.0,43800.0,Put,2.6,2.6,1.1,1.2,1,▼-2.4,▼-66.67%,69,231,300,820,0.9,1.1,42,1.1
TXO,202610W1,20261007.0,43900.0,Call,4510,4510,4510,4510,4460,0,0%,0,6,6,6,4170,4620,4510,4130
TXO,202610W1,20261007.0,43900.0,Put,2.9,2.9,1.5,1.5,1.1,▼-2.2,▼-59.46%,3,12,15,196,1,1.2,45,1.5
TXO,202610W1,20261007.0,44000.0,Call,-,-,-,-,4360,-,-,0,0,0,5,4350,4440,4030,4030
TXO,202610W1,20261007.0,44000.0,Put,3.2,3.3,1.4,1.4,1.2,▼-2.6,▼-65.00%,8,26,34,320,1.1,1.3,47.5,1.4
TXO,202610W1,20261007.0,44100.0,Call,-,-,-,-,4260,-,-,0,0,0,0,4250,-,-,-
TXO,202610W1,20261007.0,44100.0,Put,1.7,1.7,1.7,1.7,1.3,▼-2.6,▼-60.47%,4,5,9,10,1.2,1.4,42.5,1.7
TXO,202610W1,20261007.0,44200.0,Call,-,-,-,-,4160,-,-,0,0,0,0,4150,-,-,-
TXO,202610W1,20261007.0,44200.0,Put,2.8,2.8,1.4,1.4,1.4,▼-3.3,▼-70.21%,3,8,11,17,1.3,1.5,43,1.4
TXO,202610W1,20261007.0,44300.0,Call,-,-,-,-,4060,-,-,0,0,0,0,4050,-,-,-
TXO,202610W1,20261007.0,44300.0,Put,3,3.3,1.9,1.9,1.6,▼-2.8,▼-59.57%,1,9,10,335,1.4,1.7,51,1.9
TXO,202610W1,20261007.0,44400.0,Call,-,-,-,-,3960,-,-,0,0,0,0,3950,-,-,-
TXO,202610W1,20261007.0,44400.0,Put,3.2,3.7,2.2,2.2,1.7,▼-3,▼-57.69%,0,19,19,26,1.5,1.8,15.5,2.2
TXO,202610W1,20261007.0,44500.0,Call,-,-,-,-,3860,-,-,0,0,0,0,3850,-,-,-
TXO,202610W1,20261007.0,44500.0,Put,4.2,4.4,2.2,2.2,1.8,▼-3.2,▼-59.26%,3,13,16,164,1.6,1.9,60,2.2
TXO,202610W1,20261007.0,44600.0,Call,-,-,-,-,3760,-,-,0,0,0,0,3750,-,-,-
TXO,202610W1,20261007.0,44600.0,Put,5.9,5.9,2.4,2.4,1.9,▼-3.3,▼-57.89%,10,14,24,21,1.7,2,59,2.4
TXO,202610W1,20261007.0,44700.0,Call,-,-,-,-,3660,-,-,0,0,0,0,3650,-,-,-
TXO,202610W1,20261007.0,44700.0,Put,5,5,2.5,2.5,2.1,▼-3.8,▼-60.32%,3,19,22,368,1.9,2.2,57,2.5
TXO,202610W1,20261007.0,44800.0,Call,-,-,-,-,3560,-,-,0,0,0,0,3550,-,-,-
TXO,202610W1,20261007.0,44800.0,Put,4.8,4.8,2.2,2.3,2.3,▼-4.8,▼-67.61%,4,24,28,32,2,2.3,74,2.2
TXO,202610W1,20261007.0,44900.0,Call,-,-,-,-,3460,-,-,0,0,0,0,3450,-,-,-
TXO,202610W1,20261007.0,44900.0,Put,5.1,5.1,2.8,2.8,2.3,▼-4.3,▼-60.56%,0,16,16,28,2.1,2.4,71,2.8
TXO,202610W1,20261007.0,45000.0,Call,-,-,-,-,3360,-,-,0,0,0,0,3350,-,-,-
TXO,202610W1,20261007.0,45000.0,Put,6.3,6.4,2.5,2.5,2.5,▼-5.2,▼-67.53%,30,71,101,140,2.3,2.6,93,2.5
TXO,202610W1,20261007.0,45100.0,Call,-,-,-,-,3260,-,-,0,0,0,0,3250,-,-,-
TXO,202610W1,20261007.0,45100.0,Put,6.2,6.2,3.5,3.5,2.7,▼-4.5,▼-56.25%,1,19,20,40,2.5,2.8,95,3.5
TXO,202610W1,20261007.0,45200.0,Call,-,-,-,-,3160,-,-,0,0,0,0,3150,-,-,-
TXO,202610W1,20261007.0,45200.0,Put,9.7,9.7,2.8,2.9,2.9,▼-6,▼-67.42%,3,67,70,84,2.6,2.9,97,2.8
TXO,202610W1,20261007.0,45300.0,Call,-,-,-,-,3060,-,-,0,0,0,0,3060,3080,-,-
TXO,202610W1,20261007.0,45300.0,Put,10,10,3.1,3.2,3.2,▼-6.2,▼-65.96%,3,28,31,117,2.9,3.2,104,3.1
TXO,202610W1,20261007.0,45400.0,Call,-,-,-,-,2960,-,-,0,0,0,0,2960,2980,-,-
TXO,202610W1,20261007.0,45400.0,Put,11,11,3.7,3.7,3.7,▼-6,▼-61.86%,3,14,17,71,3.1,3.4,110,3.7
TXO,202610W1,20261007.0,45500.0,Call,-,-,-,-,2860,-,-,0,0,0,1,2860,2890,2620,2620
TXO,202610W1,20261007.0,45500.0,Put,12,12,3.6,4,4,▼-6.5,▼-61.90%,54,122,176,178,3.5,3.8,119,3.6
TXO,202610W1,20261007.0,45600.0,Call,2840,2840,2840,2840,2760,▲+20,▲+0.71%,0,2,2,2,2750,2780,2840,2360
TXO,202610W1,20261007.0,45600.0,Put,9.7,9.7,4,4,4,▼-7.5,▼-65.22%,74,26,100,78,3.8,4.1,137,4
TXO,202610W1,20261007.0,45700.0,Call,-,-,-,-,2660,-,-,0,0,0,0,2660,2680,-,-
TXO,202610W1,20261007.0,45700.0,Put,14,14,5,5,4.3,▼-6.5,▼-56.52%,6,38,44,31,4.1,4.4,137,5
TXO,202610W1,20261007.0,45800.0,Call,-,-,-,-,2570,-,-,0,0,0,0,2560,2590,-,-
TXO,202610W1,20261007.0,45800.0,Put,15,15,4.7,4.7,4.7,▼-8.3,▼-63.85%,77,95,172,119,4.5,4.9,124,4.7
TXO,202610W1,20261007.0,45900.0,Call,-,-,-,-,2470,-,-,0,0,0,0,2460,2490,-,-
TXO,202610W1,20261007.0,45900.0,Put,16.5,16.5,5.7,5.7,5.7,▼-9.3,▼-62.00%,11,64,75,257,5,5.4,127,5.7
TXO,202610W1,20261007.0,46000.0,Call,2340,2340,2340,2340,2370,▼-90,▼-3.70%,0,1,1,1,2250,2470,2340,2340
TXO,202610W1,20261007.0,46000.0,Put,19.5,19.5,6,6,6,▼-9,▼-60.00%,103,482,585,380,5.6,6,196,6
TXO,202610W1,20261007.0,46100.0,Call,-,-,-,-,2270,-,-,0,0,0,0,2260,2290,-,-
TXO,202610W1,20261007.0,46100.0,Put,14,15.5,6.7,6.7,6.7,▼-10.3,▼-60.59%,26,59,85,32,6.3,6.7,199,6.7
TXO,202610W1,20261007.0,46200.0,Call,-,-,-,-,2170,-,-,0,0,0,0,2160,2190,-,-
TXO,202610W1,20261007.0,46200.0,Put,18,21,7.3,7.4,7.4,▼-10.6,▼-58.89%,44,152,196,110,7.2,7.6,223,7.3
TXO,202610W1,20261007.0,46250.0,Call,-,-,-,-,2120,-,-,0,0,0,0,2110,2140,-,-
TXO,202610W1,20261007.0,46250.0,Put,16.5,16.5,8.5,9.4,7.9,▼-10.6,▼-53.00%,8,27,35,23,7.5,8.1,55,8.5
TXO,202610W1,20261007.0,46300.0,Call,-,-,-,-,2070,-,-,0,0,0,0,2060,2090,-,-
TXO,202610W1,20261007.0,46300.0,Put,18,18,9,9.1,8.4,▼-11.9,▼-56.67%,17,75,92,54,8,8.6,232,9
TXO,202610W1,20261007.0,46350.0,Call,-,-,-,-,2020,-,-,0,0,0,0,2010,2040,-,-
TXO,202610W1,20261007.0,46350.0,Put,19,19.5,8.9,8.9,8.9,▼-12.1,▼-57.62%,90,111,201,13,8.8,9.4,61,8.9
TXO,202610W1,20261007.0,46400.0,Call,-,-,-,-,1970,-,-,0,0,0,0,1640,1990,-,-
TXO,202610W1,20261007.0,46400.0,Put,26,26,10,10,10,▼-13,▼-56.52%,128,311,439,114,9.4,10,277,10
TXO,202610W1,20261007.0,46450.0,Call,-,-,-,-,1920,-,-,0,0,0,0,0.2,1940,-,-
TXO,202610W1,20261007.0,46450.0,Put,26,26,13,13,10.5,▼-11.5,▼-46.94%,13,27,40,24,10,11,169,13
TXO,202610W1,20261007.0,46500.0,Call,1940,1940,1900,1900,1870,▼-40,▼-2.06%,0,298,298,298,1860,1890,1940,1900
TXO,202610W1,20261007.0,46500.0,Put,27,32,10,11.5,11.5,▼-13.5,▼-54.00%,77,223,300,186,10.5,12.5,300,10
TXO,202610W1,20261007.0,46550.0,Call,-,-,-,-,1820,-,-,0,0,0,0,1820,1840,-,-
TXO,202610W1,20261007.0,46550.0,Put,25.5,25.5,14.5,14.5,12,▼-13.5,▼-48.21%,35,33,68,41,11.5,12.5,146,14.5
TXO,202610W1,20261007.0,46600.0,Call,1860,1860,1800,1800,1770,▼-40,▼-2.17%,0,500,500,950,1770,1790,1870,1600
TXO,202610W1,20261007.0,46600.0,Put,37,37,7.8,14,14,▼-16,▼-53.33%,24,326,350,323,12.5,13.5,315,7.8
TXO,202610W1,20261007.0,46650.0,Call,-,-,-,-,1730,-,-,0,0,0,0,1720,-,-,-
TXO,202610W1,20261007.0,46650.0,Put,27.5,27.5,14.5,15,15,▼-16.5,▼-52.38%,15,42,57,35,14,15,113,14.5
TXO,202610W1,20261007.0,46700.0,Call,1740,1740,1700,1700,1680,▼-40,▼-2.30%,0,501,501,951,1670,1700,1740,1430
TXO,202610W1,20261007.0,46700.0,Put,28,28,10.5,16.5,16.5,▼-16.5,▼-50.00%,56,211,267,453,15,16,341,4.3
TXO,202610W1,20261007.0,46750.0,Call,-,-,-,-,1630,-,-,0,0,0,0,1620,1650,-,-
TXO,202610W1,20261007.0,46750.0,Put,36,36,17,17,17,▼-18.5,▼-52.11%,19,121,140,50,16.5,17.5,135,17
TXO,202610W1,20261007.0,46800.0,Call,-,-,-,-,1580,-,-,2,0,2,450,1570,1650,1470,1300
TXO,202610W1,20261007.0,46800.0,Put,47.5,47.5,17,19,19,▼-18,▼-48.65%,32,772,804,660,18,19.5,350,17
TXO,202610W1,20261007.0,46850.0,Call,-,-,-,-,1530,-,-,0,0,0,0,1240,1550,-,-
TXO,202610W1,20261007.0,46850.0,Put,49.5,49.5,19,19,19,▼-22,▼-53.66%,22,25,47,20,19.5,21,325,19
TXO,202610W1,20261007.0,46900.0,Call,1510,1510,1480,1480,1480,▼-70,▼-4.52%,0,220,220,219,1470,1480,1510,975
TXO,202610W1,20261007.0,46900.0,Put,53,53,6.1,21,21,▼-22,▼-51.16%,34,265,299,245,21.5,23,316,6.1
TXO,202610W1,20261007.0,46950.0,Call,-,-,-,-,1440,-,-,0,0,0,0,1430,1450,-,-
TXO,202610W1,20261007.0,46950.0,Put,41.5,41.5,22,24,24,▼-28,▼-53.85%,17,103,120,28,24,25.5,330,22
TXO,202610W1,20261007.0,47000.0,Call,-,-,-,-,1390,-,-,0,0,0,6,1380,1600,1610,940
TXO,202610W1,20261007.0,47000.0,Put,60,60,24,27.5,27.5,▼-25.5,▼-48.11%,276,796,1072,670,27.5,28,426,24
TXO,202610W1,20261007.0,47050.0,Call,-,-,-,-,1340,-,-,0,0,0,0,1090,1360,-,-
TXO,202610W1,20261007.0,47050.0,Put,53,53,26.5,31.5,31.5,▼-22.5,▼-41.67%,8,39,47,35,29,31.5,352,26.5
TXO,202610W1,20261007.0,47100.0,Call,1290,1290,1270,1270,1290,▼-100,▼-7.30%,0,630,630,631,1290,1310,1420,880
TXO,202610W1,20261007.0,47100.0,Put,71,71,24,34,34,▼-25,▼-42.37%,137,537,674,471,32,34,296,24
TXO,202610W1,20261007.0,47150.0,Call,-,-,-,-,1250,-,-,0,0,0,0,1240,1270,915,915
TXO,202610W1,20261007.0,47150.0,Put,70,70,30.5,37.5,37.5,▼-25.5,▼-40.48%,3,137,140,59,35.5,38,483,30.5
TXO,202610W1,20261007.0,47200.0,Call,1250,1250,1250,1250,1200,▼-30,▼-2.34%,4,1,5,3,1190,1340,1250,970
TXO,202610W1,20261007.0,47200.0,Put,87,87,32.5,41.5,41.5,▼-26.5,▼-38.97%,75,408,483,404,39.5,41.5,437,32.5
TXO,202610W1,20261007.0,47250.0,Call,-,-,-,-,1160,-,-,0,0,0,0,1150,1180,-,-
TXO,202610W1,20261007.0,47250.0,Put,87,87,37.5,46.5,46.5,▼-28.5,▼-38.00%,3,83,86,58,44,46.5,492,37.5
TXO,202610W1,20261007.0,47300.0,Call,-,-,-,-,1110,-,-,0,0,0,0,960,1130,1450,815
TXO,202610W1,20261007.0,47300.0,Put,100,106,40,51,51,▼-30,▼-37.04%,46,335,381,286,49,51,520,40
TXO,202610W1,20261007.0,47350.0,Call,-,-,-,-,1070,-,-,0,0,0,0,1060,1090,-,-
TXO,202610W1,20261007.0,47350.0,Put,107,107,43.5,55,55,▼-37,▼-40.22%,26,134,160,104,54,56,540,43.5
TXO,202610W1,20261007.0,47400.0,Call,1060,1120,1020,1020,1020,▼-90,▼-8.11%,4,3,7,3,1020,1040,1420,745
TXO,202610W1,20261007.0,47400.0,Put,114,116,47,63,63,▼-32,▼-33.68%,45,313,358,128,60,63,560,47
TXO,202610W1,20261007.0,47450.0,Call,-,-,-,-,980,-,-,0,0,0,0,970,-,-,-
TXO,202610W1,20261007.0,47450.0,Put,99,105,52,68,68,▼-36,▼-34.62%,25,47,72,32,66,69,580,52
TXO,202610W1,20261007.0,47500.0,Call,1020,1020,910,915,930,▼-105,▼-10.29%,50,639,689,640,930,955,1020,630
TXO,202610W1,20261007.0,47500.0,Put,134,134,57,74,74,▼-37,▼-33.33%,109,1322,1431,619,73,76,600,57
TXO,202610W1,20261007.0,47550.0,Call,960,960,960,960,895,▼-25,▼-2.54%,4,1,5,3,885,910,960,560
TXO,202610W1,20261007.0,47550.0,Put,90,90,64,82,82,▼-41,▼-33.33%,27,40,67,28,82,86,620,64
TXO,202610W1,20261007.0,47600.0,Call,865,865,865,865,865,▼-80,▼-8.47%,4,1,5,3,850,875,1140,535
TXO,202610W1,20261007.0,47600.0,Put,141,145,68,93,93,▼-37,▼-28.46%,67,420,487,219,90,95,630,68
TXO,202610W1,20261007.0,47650.0,Call,780,935,780,935,815,▲+30,▲+3.31%,15,11,26,21,810,825,935,575
TXO,202610W1,20261007.0,47650.0,Put,130,150,80,100,100,▼-43,▼-30.07%,17,82,99,61,100,102,665,80
TXO,202610W1,20261007.0,47700.0,Call,745,820,700,770,770,▼-95,▼-10.98%,16,29,45,38,775,790,820,530
TXO,202610W1,20261007.0,47700.0,Put,182,184,83,112,112,▼-43,▼-27.74%,133,288,421,160,110,113,550,83
TXO,202610W1,20261007.0,47750.0,Call,695,765,695,765,735,▼-70,▼-8.38%,1,8,9,11,735,750,835,515
TXO,202610W1,20261007.0,47750.0,Put,188,188,93,125,125,▼-40,▼-24.24%,11,91,102,57,120,125,695,93
TXO,202610W1,20261007.0,47800.0,Call,650,795,650,715,715,▼-75,▼-9.49%,17,59,76,72,695,710,910,480
TXO,202610W1,20261007.0,47800.0,Put,213,213,102,137,137,▼-39,▼-22.16%,55,530,585,406,132,137,720,102
TXO,202610W1,20261007.0,47850.0,Call,-,-,-,-,665,-,-,1,0,1,5,660,675,845,438
TXO,202610W1,20261007.0,47850.0,Put,227,227,120,150,150,▼-44,▼-22.68%,15,63,78,49,146,151,635,120
TXO,202610W1,20261007.0,47900.0,Call,615,720,580,615,615,▼-130,▼-17.45%,12,53,65,72,625,640,850,400
TXO,202610W1,20261007.0,47900.0,Put,247,247,122,163,163,▼-49,▼-23.11%,21,216,237,137,160,166,780,122
TXO,202610W1,20261007.0,47950.0,Call,565,680,565,590,590,▼-115,▼-16.31%,0,14,14,29,590,605,745,375
TXO,202610W1,20261007.0,47950.0,Put,250,250,138,179,179,▼-52,▼-22.51%,11,99,110,49,175,181,785,138
TXO,202610W1,20261007.0,48000.0,Call,505,655,490,555,555,▼-105,▼-15.91%,78,109,187,141,555,570,935,375
TXO,202610W1,20261007.0,48000.0,Put,280,285,147,193,193,▼-45,▼-18.91%,87,1290,1377,766,192,194,800,147
TXO,202610W1,20261007.0,48050.0,Call,498,605,474,520,520,▼-100,▼-16.13%,10,104,114,96,525,535,690,335
TXO,202610W1,20261007.0,48050.0,Put,292,292,171,212,212,▼-41,▼-16.21%,5,65,70,35,209,215,845,171
TXO,202610W1,20261007.0,48100.0,Call,475,600,436,495,495,▼-105,▼-17.50%,42,99,141,83,491,505,775,336
TXO,202610W1,20261007.0,48100.0,Put,305,305,176,225,225,▼-45,▼-16.67%,34,289,323,139,227,233,800,176
TXO,202610W1,20261007.0,48150.0,Call,478,510,446,446,446,▼-114,▼-20.36%,10,17,27,38,458,471,700,308
TXO,202610W1,20261007.0,48150.0,Put,301,307,190,250,250,▼-44,▼-14.97%,6,106,112,74,245,252,525,190
TXO,202610W1,20261007.0,48200.0,Call,424,525,380,423,423,▼-117,▼-21.67%,61,110,171,130,434,443,580,290
TXO,202610W1,20261007.0,48200.0,Put,372,372,212,270,270,▼-50,▼-15.63%,43,222,265,135,267,273,670,212
TXO,202610W1,20261007.0,48250.0,Call,405,489,380,397,397,▼-98,▼-19.80%,35,59,94,29,400,413,650,279
TXO,202610W1,20261007.0,48250.0,Put,393,393,237,290,290,▼-47,▼-13.95%,37,51,88,37,286,294,590,237
TXO,202610W1,20261007.0,48300.0,Call,345,470,329,380,380,▼-98,▼-20.50%,105,143,248,125,373,385,620,250
TXO,202610W1,20261007.0,48300.0,Put,420,426,253,316,316,▼-49,▼-13.42%,18,388,406,220,313,319,970,253
TXO,202610W1,20261007.0,48350.0,Call,342,427,300,350,350,▼-96,▼-21.52%,39,108,147,114,353,360,530,238
TXO,202610W1,20261007.0,48350.0,Put,428,428,271,333,333,▼-57,▼-14.62%,19,130,149,100,335,343,680,271
TXO,202610W1,20261007.0,48400.0,Call,318,406,280,330,330,▼-92,▼-21.80%,127,613,740,522,329,336,625,214
TXO,202610W1,20261007.0,48400.0,Put,457,457,294,365,365,▼-43,▼-10.54%,30,280,310,133,359,367,660,294
TXO,202610W1,20261007.0,48450.0,Call,289,370,275,305,305,▼-90,▼-22.78%,19,163,182,97,305,310,493,208
TXO,202610W1,20261007.0,48450.0,Put,490,490,320,395,395,▼-37,▼-8.56%,11,108,119,51,385,393,695,320
TXO,202610W1,20261007.0,48500.0,Call,265,350,245,286,286,▼-84,▼-22.70%,245,613,858,676,283,289,645,185
TXO,202610W1,20261007.0,48500.0,Put,545,545,337,418,418,▼-52,▼-11.06%,9,264,273,146,414,423,730,337
TXO,202610W1,20261007.0,48550.0,Call,264,326,222,254,254,▼-84,▼-24.85%,34,90,124,87,261,268,700,176
TXO,202610W1,20261007.0,48550.0,Put,535,535,370,453,453,▼-33,▼-6.79%,2,42,44,19,440,450,760,370
TXO,202610W1,20261007.0,48600.0,Call,233,306,204,243,243,▼-87,▼-26.36%,76,513,589,347,245,250,665,158
TXO,202610W1,20261007.0,48600.0,Put,605,605,387,481,481,▼-44,▼-8.38%,15,169,184,101,471,482,750,379
TXO,202610W1,20261007.0,48650.0,Call,221,262,190,220,220,▼-86,▼-28.10%,14,104,118,86,222,228,351,169
TXO,202610W1,20261007.0,48650.0,Put,590,590,430,520,520,▼-20,▼-3.70%,0,20,20,15,500,515,645,430
TXO,202610W1,20261007.0,48700.0,Call,199,268,176,206,206,▼-74,▼-26.43%,61,347,408,265,205,211,565,136
TXO,202610W1,20261007.0,48700.0,Put,635,635,465,540,540,▼-20,▼-3.57%,0,53,53,25,535,545,840,465
TXO,202610W1,20261007.0,48750.0,Call,195,231,182,187,187,▼-75,▼-28.63%,21,97,118,83,189,194,422,146
TXO,202610W1,20261007.0,48750.0,Put,610,610,585,585,585,▼-20,▼-3.31%,1,5,6,10,565,580,965,585
TXO,202610W1,20261007.0,48800.0,Call,159,223,148,175,175,▼-75,▼-30.00%,153,484,637,329,175,179,580,114
TXO,202610W1,20261007.0,48800.0,Put,610,625,520,620,620,▼-25,▼-3.88%,2,19,21,8,600,615,900,520
TXO,202610W1,20261007.0,48850.0,Call,182,192,136,161,161,▼-71,▼-30.60%,16,51,67,37,162,164,360,120
TXO,202610W1,20261007.0,48850.0,Put,700,700,550,645,645,▼-25,▼-3.73%,9,20,29,19,635,650,1080,550
TXO,202610W1,20261007.0,48900.0,Call,142,182,125,149,149,▼-64,▼-30.05%,76,299,375,207,146,151,323,98
TXO,202610W1,20261007.0,48900.0,Put,730,730,600,690,690,0,0%,3,11,14,9,670,685,995,600
TXO,202610W1,20261007.0,48950.0,Call,127,162,123,135,135,▼-65,▼-32.50%,22,152,174,231,134,138,215,92
TXO,202610W1,20261007.0,48950.0,Put,770,770,660,730,730,▼-10,▼-1.35%,0,7,7,5,710,725,770,660
TXO,202610W1,20261007.0,49000.0,Call,74,160,74,127,127,▼-63,▼-33.16%,477,1206,1683,842,123,127,484,74
TXO,202610W1,20261007.0,49000.0,Put,810,810,660,770,770,0,0%,5,41,46,17,750,765,1500,660
TXO,202610W1,20261007.0,49050.0,Call,107,138,104,109,109,▼-56,▼-33.94%,22,126,148,51,111,115,204,78
TXO,202610W1,20261007.0,49050.0,Put,770,770,680,735,800,▼-75,▼-9.26%,0,5,5,3,785,805,770,680
TXO,202610W1,20261007.0,49100.0,Call,95,133,84,103,103,▼-57,▼-35.63%,78,397,475,211,102,104,450,70
TXO,202610W1,20261007.0,49100.0,Put,810,810,780,780,840,▼-70,▼-8.24%,0,3,3,3,825,850,810,780
TXO,202610W1,20261007.0,49150.0,Call,91,122,85,96,96,▼-51,▼-34.69%,39,78,117,97,92,96,200,64
TXO,202610W1,20261007.0,49150.0,Put,800,800,800,800,880,▼-85,▼-9.60%,0,1,1,1,870,885,800,800
TXO,202610W1,20261007.0,49200.0,Call,85,109,71,86,86,▼-50,▼-36.76%,152,589,741,439,86,88,249,60
TXO,202610W1,20261007.0,49200.0,Put,1000,1050,800,905,915,▼-20,▼-2.16%,12,13,25,6,910,930,1320,800
TXO,202610W1,20261007.0,49250.0,Call,70,100,70,80,80,▼-49,▼-37.98%,35,48,83,94,77,80,188,57
TXO,202610W1,20261007.0,49250.0,Put,950,965,880,965,965,▲+5,▲+0.52%,0,3,3,2,950,970,965,880
TXO,202610W1,20261007.0,49300.0,Call,73,90,60,68,68,▼-50,▼-42.37%,96,221,317,247,69,72,260,48
TXO,202610W1,20261007.0,49300.0,Put,950,1000,940,1000,1000,▼-10,▼-0.99%,0,4,4,3,990,1020,1010,940
TXO,202610W1,20261007.0,49350.0,Call,70,78,62,64,64,▼-38,▼-37.25%,38,35,73,88,63,66,104,44
TXO,202610W1,20261007.0,49350.0,Put,950,1040,950,1040,1040,▼-10,▼-0.95%,0,2,2,1,1030,1060,1040,950
TXO,202610W1,20261007.0,49400.0,Call,60,74,48,59,59,▼-36,▼-37.89%,162,234,396,215,57,59,350,40
TXO,202610W1,20261007.0,49400.0,Put,-,-,-,-,1090,-,-,0,0,0,0,1080,1100,-,-
TXO,202610W1,20261007.0,49450.0,Call,52,64,43,52,52,▼-34,▼-39.53%,35,89,124,146,50,53,158,36
TXO,202610W1,20261007.0,49450.0,Put,-,-,-,-,1140,-,-,0,0,0,0,1120,1150,-,-
TXO,202610W1,20261007.0,49500.0,Call,45,61,40,47.5,47.5,▼-32.5,▼-40.63%,190,657,847,458,46,48.5,200,30
TXO,202610W1,20261007.0,49500.0,Put,1120,1120,1100,1110,1190,▼-60,▼-5.13%,0,3,3,5,1170,1190,1610,1100
TXO,202610W1,20261007.0,49550.0,Call,36.5,55,36.5,42,42,▼-37,▼-46.84%,31,67,98,103,41,43.5,119,31
TXO,202610W1,20261007.0,49550.0,Put,-,-,-,-,1230,-,-,0,0,0,0,1210,1240,-,-
TXO,202610W1,20261007.0,49600.0,Call,36,49,33,38,38,▼-37,▼-49.33%,70,364,434,232,37,38.5,213,25
TXO,202610W1,20261007.0,49600.0,Put,1260,1260,1250,1250,1280,▼-10,▼-0.79%,0,2,2,2,1260,1280,1260,1250
TXO,202610W1,20261007.0,49650.0,Call,36.5,43,31,34,34,▼-29,▼-46.03%,0,100,100,46,32.5,35,43,31
TXO,202610W1,20261007.0,49650.0,Put,-,-,-,-,1320,-,-,0,0,0,0,1300,1330,-,-
TXO,202610W1,20261007.0,49700.0,Call,37,41,29.5,31,31,▼-27,▼-46.55%,43,546,589,332,30,31.5,175,10
TXO,202610W1,20261007.0,49700.0,Put,-,-,-,-,1370,-,-,0,0,0,0,1350,1380,-,-
TXO,202610W1,20261007.0,49750.0,Call,32,36,27,27,27,▼-28,▼-50.91%,0,93,93,45,26.5,28,36,27
TXO,202610W1,20261007.0,49750.0,Put,-,-,-,-,1420,-,-,0,0,0,0,1400,1420,-,-
TXO,202610W1,20261007.0,49800.0,Call,26,33,23,24.5,24.5,▼-25.5,▼-51.00%,50,635,685,556,24,25.5,147,15
TXO,202610W1,20261007.0,49800.0,Put,-,-,-,-,1460,-,-,0,0,0,0,1440,1470,-,-
TXO,202610W1,20261007.0,49900.0,Call,22,27.5,19.5,20,20,▼-20,▼-50.00%,21,384,405,366,19.5,20,194,17.5
TXO,202610W1,20261007.0,49900.0,Put,-,-,-,-,1560,-,-,0,0,0,0,1540,1570,-,-
TXO,202610W1,20261007.0,50000.0,Call,18.5,23,15.5,16,16,▼-20,▼-55.56%,178,812,990,830,16,17.5,203,14
TXO,202610W1,20261007.0,50000.0,Put,1570,1650,1530,1650,1650,▲+30,▲+1.85%,0,4,4,3,1640,1660,2040,1530
TXO,202610W1,20261007.0,50100.0,Call,16,19,14,14.5,14.5,▼-17.5,▼-54.69%,22,91,113,98,13.5,14.5,108,14
TXO,202610W1,20261007.0,50100.0,Put,-,-,-,-,1750,-,-,0,0,0,0,1730,1760,-,-
TXO,202610W1,20261007.0,50200.0,Call,14,15.5,11,12,12,▼-15,▼-55.56%,21,173,194,141,11.5,12.5,112,11
TXO,202610W1,20261007.0,50200.0,Put,-,-,-,-,1850,-,-,0,0,0,0,1830,1860,-,-
TXO,202610W1,20261007.0,50300.0,Call,12,13,9.3,10.5,10.5,▼-12.5,▼-54.35%,18,173,191,112,9.4,10.5,150,9
TXO,202610W1,20261007.0,50300.0,Put,1930,1930,1930,1930,1950,▲+20,▲+1.05%,0,1,1,1,1930,1960,1930,1930
TXO,202610W1,20261007.0,50400.0,Call,10.5,11.5,8.8,9.2,9.2,▼-7.3,▼-44.24%,4,428,432,388,8.6,9.2,79,8.4
TXO,202610W1,20261007.0,50400.0,Put,2030,2030,2030,2030,2050,▲+20,▲+1.00%,0,1,1,1,2030,2050,2030,2030
TXO,202610W1,20261007.0,50500.0,Call,9.9,9.9,7,7,7,▼-7.5,▼-51.72%,63,271,334,298,7,8,117,5
TXO,202610W1,20261007.0,50500.0,Put,-,-,-,-,2150,-,-,0,0,0,0,1880,2150,-,-
TXO,202610W1,20261007.0,50600.0,Call,7.5,8.5,6.3,6.3,6.3,▼-7.7,▼-55.00%,0,41,41,54,6.4,7.3,59,6.3
TXO,202610W1,20261007.0,50600.0,Put,-,-,-,-,2250,-,-,0,0,0,0,2180,2250,-,-
TXO,202610W1,20261007.0,50700.0,Call,7,7.8,5.5,6.3,6.3,▼-7.2,▼-53.33%,12,838,850,839,5.8,6.4,88,5.5
TXO,202610W1,20261007.0,50700.0,Put,-,-,-,-,2340,-,-,0,0,0,0,2320,2350,-,-
TXO,202610W1,20261007.0,50800.0,Call,5.8,6.1,5.3,5.5,5.5,▼-5.5,▼-50.00%,1,26,27,77,5.2,5.8,43,5.3
TXO,202610W1,20261007.0,50800.0,Put,-,-,-,-,2440,-,-,0,0,0,0,2420,2450,-,-
TXO,202610W1,20261007.0,50900.0,Call,5.4,5.4,4.4,5,5,▼-4.8,▼-48.98%,5,23,28,20,4.4,5.1,61,4.4
TXO,202610W1,20261007.0,50900.0,Put,-,-,-,-,2540,-,-,0,0,0,0,2520,2550,-,-
TXO,202610W1,20261007.0,51000.0,Call,5.2,5.2,4.1,4.4,4.4,▼-4.3,▼-49.43%,3,66,69,67,4,4.6,58,3.3
TXO,202610W1,20261007.0,51000.0,Put,-,-,-,-,2640,-,-,0,0,0,0,2620,2650,-,-
TXO,202610W1,20261007.0,51100.0,Call,4.3,4.7,3.7,4.7,3.8,▼-2.9,▼-38.16%,11,221,232,225,3.5,4.2,58,3.7
TXO,202610W1,20261007.0,51100.0,Put,-,-,-,-,2740,-,-,0,0,0,0,2720,2750,-,-
TXO,202610W1,20261007.0,51200.0,Call,4.3,4.3,3.4,3.5,3.5,▼-3.5,▼-50.00%,0,118,118,115,3.4,3.8,55,3.4
TXO,202610W1,20261007.0,51200.0,Put,-,-,-,-,2840,-,-,0,0,0,0,2820,2850,-,-
TXO,202610W1,20261007.0,51300.0,Call,3.8,3.8,2.9,3.2,3.2,▼-3.1,▼-49.21%,0,17,17,29,3.2,3.5,36,2.9
TXO,202610W1,20261007.0,51300.0,Put,-,-,-,-,2940,-,-,0,0,0,0,2920,2950,-,-
TXO,202610W1,20261007.0,51400.0,Call,2.7,3.2,2.7,3,3,▼-2.8,▼-48.28%,0,11,11,14,2.9,3.1,20,2.7
TXO,202610W1,20261007.0,51400.0,Put,-,-,-,-,3040,-,-,0,0,0,0,3020,3050,-,-
TXO,202610W1,20261007.0,51500.0,Call,2.8,3.2,2.7,3.2,2.7,▼-2.1,▼-39.62%,0,16,16,21,2.6,2.8,30.5,2.7
TXO,202610W1,20261007.0,51500.0,Put,-,-,-,-,3140,-,-,0,0,0,0,3120,3150,-,-
TXO,202610W1,20261007.0,51600.0,Call,2.7,2.7,2.6,2.6,2.6,▼-2.2,▼-45.83%,0,5,5,4,2.5,2.8,35.5,2.6
TXO,202610W1,20261007.0,51600.0,Put,-,-,-,-,3240,-,-,0,0,0,0,3220,3250,-,-
TXO,202610W1,20261007.0,51700.0,Call,1.9,2.3,1.9,2.3,2.3,▼-2.3,▼-50.00%,0,2,2,3,2.2,2.4,25,1.9
TXO,202610W1,20261007.0,51700.0,Put,-,-,-,-,3340,-,-,0,0,0,0,3320,3350,-,-
TXO,202610W1,20261007.0,51800.0,Call,2.6,2.6,1.7,2.4,2.1,▼-1.8,▼-42.86%,2,8,10,12,2,2.3,24.5,1.7
TXO,202610W1,20261007.0,51800.0,Put,-,-,-,-,3440,-,-,0,0,0,0,3420,3450,-,-
TXO,202610W1,20261007.0,51900.0,Call,1.8,1.8,1.8,1.8,1.8,▼-2.1,▼-53.85%,0,2,2,13,1.9,2.2,21,1.8
TXO,202610W1,20261007.0,51900.0,Put,-,-,-,-,3540,-,-,0,0,0,0,3520,3550,-,-
TXO,202610W1,20261007.0,52000.0,Call,-,-,-,-,1.8,-,-,0,0,0,11,1.7,2,13.5,3
TXO,202610W1,20261007.0,52000.0,Put,-,-,-,-,3640,-,-,0,0,0,0,3620,3650,-,-
TXO,202610W1,20261007.0,52100.0,Call,1.7,1.7,1.7,1.7,1.7,▼-1.6,▼-48.48%,0,1,1,1,1.6,1.9,3.3,1.7
TXO,202610W1,20261007.0,52100.0,Put,-,-,-,-,3740,-,-,0,0,0,0,3720,3750,-,-
TXO,202610W1,20261007.0,52200.0,Call,-,-,-,-,1.6,-,-,1,0,1,11,1.5,1.8,17.5,1.8
TXO,202610W1,20261007.0,52200.0,Put,-,-,-,-,3840,-,-,0,0,0,0,3820,3850,-,-
TXO,202610W1,20261007.0,52300.0,Call,-,-,-,-,1.4,-,-,1,0,1,1,1.3,1.6,2.8,1.9
TXO,202610W1,20261007.0,52300.0,Put,-,-,-,-,3940,-,-,0,0,0,0,3920,3950,-,-
TXO,202610W1,20261007.0,52400.0,Call,-,-,-,-,1.4,-,-,0,0,0,3,1.3,1.5,3.4,3
TXO,202610W1,20261007.0,52400.0,Put,-,-,-,-,4040,-,-,0,0,0,0,-,4050,-,-
TXO,202610W1,20261007.0,52500.0,Call,1.3,1.3,1,1.2,1.2,▼-1.3,▼-52.00%,75,1006,1081,1092,1.1,1.3,3,1
TXO,202610W1,20261007.0,52500.0,Put,-,-,-,-,4140,-,-,0,0,0,0,-,4150,-,-
TXO,202610W1,20261007.0,52600.0,Call,1.1,1.2,1.1,1.2,1.2,▼-1.1,▼-47.83%,0,35,35,31,1.1,1.3,12,1.1
TXO,202610W1,20261007.0,52600.0,Put,-,-,-,-,4240,-,-,0,0,0,0,4220,4250,-,-
TXO,202610W1,20261007.0,52700.0,Call,-,-,-,-,1.1,-,-,0,0,0,4,1,1.2,1.2,1.2
TXO,202610W1,20261007.0,52700.0,Put,-,-,-,-,4340,-,-,0,0,0,0,-,4350,-,-
TXO,202610W1,20261007.0,52800.0,Call,-,-,-,-,1,-,-,0,0,0,7,0.9,1.1,3,1
TXO,202610W1,20261007.0,52800.0,Put,-,-,-,-,4440,-,-,0,0,0,0,-,4450,-,-
TXO,202610W1,20261007.0,52900.0,Call,0.9,0.9,0.9,0.9,0.9,▼-1,▼-52.63%,0,2,2,3,0.8,1,2.1,0.9
TXO,202610W1,20261007.0,52900.0,Put,-,-,-,-,4540,-,-,0,0,0,0,4510,4550,-,-
TXO,202610W1,20261007.0,53000.0,Call,1,1,1,1,0.8,▼-0.6,▼-37.50%,155,1,156,649,0.7,0.9,6.5,0.2
TXO,202610W1,20261007.0,53000.0,Put,-,-,-,-,4640,-,-,0,0,0,0,4610,4650,-,-
TXO,202610W1,20261007.0,53100.0,Call,-,-,-,-,0.7,-,-,0,0,0,0,0.7,0.9,-,-
TXO,202610W1,20261007.0,53100.0,Put,-,-,-,-,4740,-,-,0,0,0,0,4710,4750,-,-
TXO,202610W1,20261007.0,53200.0,Call,0.8,0.8,0.8,0.8,0.7,▲+0.7,-,0,1,1,1,0.6,0.8,0.8,0.8
TXO,202610W1,20261007.0,53200.0,Put,-,-,-,-,4840,-,-,0,0,0,0,4810,4850,-,-
TXO,202610F2,20261012.0,42800.0,Call,-,-,-,-,5620,-,-,0,0,0,0,5600,5640,-,-
TXO,202610F2,20261012.0,42800.0,Put,6.8,6.8,3.9,3.9,3.9,▼-4.2,▼-51.85%,1,16,17,56,3.9,4.3,17,3.9
TXO,202610F2,20261012.0,42900.0,Call,-,-,-,-,5520,-,-,0,0,0,0,5500,5540,-,-
TXO,202610F2,20261012.0,42900.0,Put,-,-,-,-,4.3,-,-,0,0,0,9,4.1,4.4,16.5,9.3
TXO,202610F2,20261012.0,43000.0,Call,-,-,-,-,5420,-,-,0,0,0,0,5400,5440,-,-
TXO,202610F2,20261012.0,43000.0,Put,-,-,-,-,4.4,-,-,3,0,3,3,4.1,4.6,11.5,9.8
TXO,202610F2,20261012.0,43100.0,Call,-,-,-,-,5320,-,-,0,0,0,0,5300,5340,-,-
TXO,202610F2,20261012.0,43100.0,Put,-,-,-,-,4.7,-,-,7,0,7,10,4.5,4.9,12.5,9
TXO,202610F2,20261012.0,43200.0,Call,-,-,-,-,5220,-,-,0,0,0,0,5200,5240,-,-
TXO,202610F2,20261012.0,43200.0,Put,6.2,6.2,6,6,5,▼-3.5,▼-36.84%,0,2,2,39,4.7,5.2,35,6
TXO,202610F2,20261012.0,43300.0,Call,-,-,-,-,5120,-,-,0,0,0,0,5100,5140,-,-
TXO,202610F2,20261012.0,43300.0,Put,-,-,-,-,5.2,-,-,0,0,0,4,5,5.4,26.5,13
TXO,202610F2,20261012.0,43400.0,Call,-,-,-,-,5020,-,-,0,0,0,0,5000,5040,-,-
TXO,202610F2,20261012.0,43400.0,Put,6.8,6.8,6.6,6.6,5.5,▼-3.4,▼-34.00%,0,2,2,9,5.2,5.7,14,6.6
TXO,202610F2,20261012.0,43500.0,Call,-,-,-,-,4920,-,-,0,0,0,0,4900,4940,-,-
TXO,202610F2,20261012.0,43500.0,Put,10,10,9.9,9.9,5.7,▼-1.1,▼-10.00%,0,12,12,18,5.4,5.9,42,9.9
TXO,202610F2,20261012.0,43600.0,Call,-,-,-,-,4820,-,-,0,0,0,0,4800,4840,-,-
TXO,202610F2,20261012.0,43600.0,Put,10,10,10,10,6,▼-1.5,▼-13.04%,0,5,5,6,5.8,6.2,34,10
TXO,202610F2,20261012.0,43700.0,Call,-,-,-,-,4720,-,-,0,0,0,0,4700,4740,-,-
TXO,202610F2,20261012.0,43700.0,Put,8,8,8,8,6.4,▼-4,▼-33.33%,0,1,1,2,6.1,6.6,21,8
TXO,202610F2,20261012.0,43800.0,Call,-,-,-,-,4620,-,-,0,0,0,0,4610,4640,-,-
TXO,202610F2,20261012.0,43800.0,Put,8.2,8.2,8.2,8.2,6.6,▼-4.3,▼-34.40%,0,1,1,2,6.3,6.8,37.5,8.2
TXO,202610F2,20261012.0,43900.0,Call,-,-,-,-,4520,-,-,0,0,0,0,4510,-,-,-
TXO,202610F2,20261012.0,43900.0,Put,-,-,-,-,7,-,-,0,0,0,2,6.7,7.2,42,14
TXO,202610F2,20261012.0,44000.0,Call,-,-,-,-,4420,-,-,0,0,0,0,4410,-,-,-
TXO,202610F2,20261012.0,44000.0,Put,11.5,11.5,9.9,9.9,7.3,▼-3.6,▼-26.67%,0,56,56,61,7,7.6,47.5,9.9
TXO,202610F2,20261012.0,44100.0,Call,-,-,-,-,4330,-,-,0,0,0,0,4310,-,-,-
TXO,202610F2,20261012.0,44100.0,Put,13,13,10,10,7.8,▼-4,▼-28.57%,0,4,4,6,7.5,8.1,50,10
TXO,202610F2,20261012.0,44200.0,Call,-,-,-,-,4230,-,-,0,0,0,0,4210,-,-,-
TXO,202610F2,20261012.0,44200.0,Put,-,-,-,-,8.1,-,-,0,0,0,23,7.8,8.4,28.5,15
TXO,202610F2,20261012.0,44300.0,Call,-,-,-,-,4130,-,-,0,0,0,0,4110,-,-,-
TXO,202610F2,20261012.0,44300.0,Put,15.5,15.5,13,13,8.5,▼-2.5,▼-16.13%,2,7,9,168,8.2,8.8,65,13
TXO,202610F2,20261012.0,44400.0,Call,-,-,-,-,4030,-,-,0,0,0,0,4010,-,-,-
TXO,202610F2,20261012.0,44400.0,Put,-,-,-,-,9,-,-,0,0,0,22,8.7,9.3,59,21.5
TXO,202610F2,20261012.0,44500.0,Call,-,-,-,-,3930,-,-,0,0,0,0,3910,-,-,-
TXO,202610F2,20261012.0,44500.0,Put,16,16,16,16,9.6,▼-0.5,▼-3.03%,1,50,51,51,9.3,9.9,73,16
TXO,202610F2,20261012.0,44600.0,Call,-,-,-,-,3830,-,-,0,0,0,0,3810,-,-,-
TXO,202610F2,20261012.0,44600.0,Put,9.9,9.9,9.9,9.9,9.9,▼-7.1,▼-41.76%,0,1,1,17,9.7,10.5,77,9.9
TXO,202610F2,20261012.0,44700.0,Call,-,-,-,-,3730,-,-,0,0,0,0,3710,-,-,-
TXO,202610F2,20261012.0,44700.0,Put,17.5,17.5,10.5,10.5,10.5,▼-8,▼-43.24%,0,11,11,28,10,11,89,10.5
TXO,202610F2,20261012.0,44800.0,Call,-,-,-,-,3630,-,-,0,0,0,0,3610,-,-,-
TXO,202610F2,20261012.0,44800.0,Put,-,-,-,-,11.5,-,-,3,0,3,13,11,11.5,92,24
TXO,202610F2,20261012.0,44900.0,Call,-,-,-,-,3530,-,-,0,0,0,0,3510,3550,-,-
TXO,202610F2,20261012.0,44900.0,Put,-,-,-,-,12,-,-,1,0,1,17,11.5,12.5,89,15.5
TXO,202610F2,20261012.0,45000.0,Call,-,-,-,-,3430,-,-,0,0,0,0,3420,3450,-,-
TXO,202610F2,20261012.0,45000.0,Put,20.5,20.5,12,12,12,▼-11,▼-47.83%,5,17,22,17,12,13,115,12
TXO,202610F2,20261012.0,45100.0,Call,-,-,-,-,3330,-,-,0,0,0,0,3320,3350,-,-
TXO,202610F2,20261012.0,45100.0,Put,-,-,-,-,13.5,-,-,1,0,1,6,13,14,109,29.5
TXO,202610F2,20261012.0,45200.0,Call,-,-,-,-,3230,-,-,0,0,0,0,3220,3250,-,-
TXO,202610F2,20261012.0,45200.0,Put,22,22,19,19,14.5,▼-6,▼-24.00%,1,11,12,24,14,15,115,19
TXO,202610F2,20261012.0,45300.0,Call,-,-,-,-,3130,-,-,0,0,0,0,3120,3150,-,-
TXO,202610F2,20261012.0,45300.0,Put,-,-,-,-,15,-,-,4,0,4,6,14.5,15.5,128,30
TXO,202610F2,20261012.0,45400.0,Call,-,-,-,-,3030,-,-,0,0,0,0,3020,3050,-,-
TXO,202610F2,20261012.0,45400.0,Put,-,-,-,-,16,-,-,0,0,0,13,15.5,16.5,126,1.1
TXO,202610F2,20261012.0,45500.0,Call,-,-,-,-,2940,-,-,0,0,0,0,2920,2950,-,-
TXO,202610F2,20261012.0,45500.0,Put,28.5,28.5,28.5,28.5,17.5,▼-2,▼-6.56%,3,2,5,60,17,18,154,28.5
TXO,202610F2,20261012.0,45600.0,Call,-,-,-,-,2840,-,-,0,0,0,0,-,2850,-,-
TXO,202610F2,20261012.0,45600.0,Put,25,25,19,19,19,▼-13,▼-40.63%,0,6,6,3,18,19,145,19
TXO,202610F2,20261012.0,45700.0,Call,-,-,-,-,2740,-,-,0,0,0,0,2730,2750,-,-
TXO,202610F2,20261012.0,45700.0,Put,35.5,35.5,23,23,20,▼-12,▼-34.29%,2,3,5,4,19.5,20.5,53,23
TXO,202610F2,20261012.0,45800.0,Call,-,-,-,-,2640,-,-,0,0,0,0,2630,2650,-,-
TXO,202610F2,20261012.0,45800.0,Put,37.5,37.5,22,22,22,▼-17,▼-43.59%,15,22,37,13,21,22.5,80,22
TXO,202610F2,20261012.0,45900.0,Call,-,-,-,-,2540,-,-,0,0,0,0,2530,2560,-,-
TXO,202610F2,20261012.0,45900.0,Put,23.5,24,23.5,24,24,▼-17,▼-41.46%,2,2,4,21,23,24.5,128,23.5
TXO,202610F2,20261012.0,46000.0,Call,-,-,-,-,2440,-,-,0,0,0,0,2430,2460,-,-
TXO,202610F2,20261012.0,46000.0,Put,44.5,47.5,25.5,25.5,25.5,▼-20,▼-43.96%,14,26,40,34,25.5,26.5,204,25.5
TXO,202610F2,20261012.0,46100.0,Call,-,-,-,-,2350,-,-,0,0,0,0,-,2360,-,-
TXO,202610F2,20261012.0,46100.0,Put,28.5,28.5,28,28,28,▼-21,▼-42.86%,0,3,3,4,28,29.5,205,28
TXO,202610F2,20261012.0,46200.0,Call,-,-,-,-,2250,-,-,0,0,0,0,2240,2270,-,-
TXO,202610F2,20261012.0,46200.0,Put,55,58,32,32,32,▼-22,▼-40.74%,10,24,34,19,31.5,33,251,32
TXO,202610F2,20261012.0,46250.0,Call,-,-,-,-,2200,-,-,0,0,0,0,2190,2220,-,-
TXO,202610F2,20261012.0,46250.0,Put,45,45,45,45,34,▼-12,▼-21.05%,0,1,1,3,33,34.5,124,45
TXO,202610F2,20261012.0,46300.0,Call,-,-,-,-,2150,-,-,0,0,0,0,2140,2170,-,-
TXO,202610F2,20261012.0,46300.0,Put,61,62,38.5,38.5,36,▼-21.5,▼-35.83%,1,9,10,4,35,36.5,206,38.5
TXO,202610F2,20261012.0,46350.0,Call,-,-,-,-,2110,-,-,0,0,0,0,2090,2120,-,-
TXO,202610F2,20261012.0,46350.0,Put,64,64,64,64,38,0,0%,0,1,1,1,36.5,39,64,64
TXO,202610F2,20261012.0,46400.0,Call,-,-,-,-,2060,-,-,0,0,0,0,2050,2070,-,-
TXO,202610F2,20261012.0,46400.0,Put,60,66,38,38.5,38.5,▼-28.5,▼-42.54%,1,25,26,27,39.5,41,286,38
TXO,202610F2,20261012.0,46450.0,Call,-,-,-,-,2010,-,-,0,0,0,0,2000,2030,-,-
TXO,202610F2,20261012.0,46450.0,Put,-,-,-,-,42.5,-,-,0,0,0,0,41,43.5,-,-
TXO,202610F2,20261012.0,46500.0,Call,2070,2070,2000,2000,1960,▼-80,▼-3.85%,0,126,126,126,1950,1980,2070,2000
TXO,202610F2,20261012.0,46500.0,Put,75,75,42.5,43,43,▼-34,▼-44.16%,7,17,24,25,44.5,47,252,42.5
TXO,202610F2,20261012.0,46550.0,Call,-,-,-,-,1920,-,-,0,0,0,0,-,1930,-,-
TXO,202610F2,20261012.0,46550.0,Put,46,46,46,46,46,▼-32,▼-41.03%,2,1,3,2,47.5,50,121,46
TXO,202610F2,20261012.0,46600.0,Call,-,-,-,-,1870,-,-,0,0,0,0,1860,1880,-,-
TXO,202610F2,20261012.0,46600.0,Put,51,51,51,51,51,▼-35,▼-40.70%,8,1,9,5,50,53,340,51
TXO,202610F2,20261012.0,46650.0,Call,-,-,-,-,1820,-,-,0,0,0,0,1810,1840,-,-
TXO,202610F2,20261012.0,46650.0,Put,-,-,-,-,55,-,-,0,0,0,0,53,56,-,-
TXO,202610F2,20261012.0,46700.0,Call,1840,1840,1790,1800,1780,▼-100,▼-5.26%,0,198,198,198,1560,1790,1840,1350
TXO,202610F2,20261012.0,46700.0,Put,75,75,53,60,60,▼-32,▼-34.78%,5,86,91,169,57,60,383,53
TXO,202610F2,20261012.0,46750.0,Call,-,-,-,-,1730,-,-,0,0,0,6,1720,1750,1330,1240
TXO,202610F2,20261012.0,46750.0,Put,80,80,63,63,63,▼-35,▼-35.71%,0,2,2,9,61,64,422,63
TXO,202610F2,20261012.0,46800.0,Call,-,-,-,-,1680,-,-,0,0,0,0,1620,1700,-,-
TXO,202610F2,20261012.0,46800.0,Put,112,113,63,63,65,▼-38,▼-37.62%,11,9,20,30,65,68,302,63
TXO,202610F2,20261012.0,46850.0,Call,-,-,-,-,1640,-,-,0,0,0,3,1630,1650,1260,1260
TXO,202610F2,20261012.0,46850.0,Put,91,91,91,91,72,▼-16,▼-14.95%,1,1,2,6,70,73,412,91
TXO,202610F2,20261012.0,46900.0,Call,-,-,-,-,1600,-,-,0,0,0,3,1580,1610,1120,1120
TXO,202610F2,20261012.0,46900.0,Put,89,89,76,77,77,▼-43,▼-35.83%,1,7,8,8,75,78,475,76
TXO,202610F2,20261012.0,46950.0,Call,-,-,-,-,1550,-,-,0,0,0,2,1540,1570,1190,1150
TXO,202610F2,20261012.0,46950.0,Put,-,-,-,-,82,-,-,0,0,0,3,80,83,448,207
TXO,202610F2,20261012.0,47000.0,Call,-,-,-,-,1510,-,-,0,0,0,3,1490,1520,1150,1150
TXO,202610F2,20261012.0,47000.0,Put,128,129,78,78,88,▼-50,▼-39.06%,14,26,40,33,86,89,473,78
TXO,202610F2,20261012.0,47050.0,Call,-,-,-,-,1460,-,-,0,0,0,3,1450,1480,1080,1080
TXO,202610F2,20261012.0,47050.0,Put,100,100,100,100,95,▼-34,▼-25.37%,1,1,2,4,92,95,486,100
TXO,202610F2,20261012.0,47100.0,Call,-,-,-,-,1420,-,-,0,0,0,3,1410,1430,1070,975
TXO,202610F2,20261012.0,47100.0,Put,147,147,100,100,100,▼-43,▼-30.07%,5,3,8,5,97,102,550,100
TXO,202610F2,20261012.0,47150.0,Call,-,-,-,-,1380,-,-,0,0,0,2,1320,1390,1040,1030
TXO,202610F2,20261012.0,47150.0,Put,104,104,104,104,104,▼-45,▼-30.20%,0,2,2,2,104,109,510,104
TXO,202610F2,20261012.0,47200.0,Call,-,-,-,-,1330,-,-,0,0,0,0,1320,1350,1520,1520
TXO,202610F2,20261012.0,47200.0,Put,135,135,115,115,115,▼-43,▼-27.22%,2,7,9,8,113,117,253,115
TXO,202610F2,20261012.0,47250.0,Call,-,-,-,-,1290,-,-,0,0,0,3,1280,1310,955,955
TXO,202610F2,20261012.0,47250.0,Put,-,-,-,-,124,-,-,1,0,1,3,121,126,560,255
TXO,202610F2,20261012.0,47300.0,Call,-,-,-,-,1250,-,-,0,0,0,1,1240,1270,945,870
TXO,202610F2,20261012.0,47300.0,Put,139,139,114,128,128,▼-53,▼-29.28%,1,5,6,9,130,135,625,114
TXO,202610F2,20261012.0,47350.0,Call,-,-,-,-,1210,-,-,0,0,0,0,1200,1220,915,905
TXO,202610F2,20261012.0,47350.0,Put,-,-,-,-,142,-,-,0,0,0,1,138,143,585,198
TXO,202610F2,20261012.0,47400.0,Call,-,-,-,-,1170,-,-,0,0,0,2,1160,1180,1130,815
TXO,202610F2,20261012.0,47400.0,Put,196,196,130,130,152,▼-67,▼-34.01%,12,13,25,7,149,155,670,130
TXO,202610F2,20261012.0,47450.0,Call,-,-,-,-,1130,-,-,0,0,0,0,1120,-,-,-
TXO,202610F2,20261012.0,47450.0,Put,142,161,142,161,161,▼-47,▼-22.60%,0,8,8,10,159,165,520,142
TXO,202610F2,20261012.0,47500.0,Call,1180,1180,1180,1180,1090,▼-50,▼-4.07%,3,1,4,3,1080,1110,1180,760
TXO,202610F2,20261012.0,47500.0,Put,223,223,163,163,163,▼-57,▼-25.91%,2,10,12,10,170,175,715,163
TXO,202610F2,20261012.0,47550.0,Call,-,-,-,-,1050,-,-,0,0,0,3,1040,1070,780,780
TXO,202610F2,20261012.0,47550.0,Put,190,190,162,162,184,▼-72,▼-30.77%,0,2,2,5,181,187,685,162
TXO,202610F2,20261012.0,47600.0,Call,-,-,-,-,1020,-,-,4,0,4,4,1000,1340,955,785
TXO,202610F2,20261012.0,47600.0,Put,192,196,184,192,192,▼-55,▼-22.27%,0,5,5,5,192,199,665,184
TXO,202610F2,20261012.0,47650.0,Call,-,-,-,-,980,-,-,0,0,0,4,965,990,1020,755
TXO,202610F2,20261012.0,47650.0,Put,184,184,184,184,210,▼-80,▼-30.30%,0,1,1,5,205,212,690,184
TXO,202610F2,20261012.0,47700.0,Call,-,-,-,-,945,-,-,0,0,0,2,930,955,780,710
TXO,202610F2,20261012.0,47700.0,Put,288,288,196,196,224,▼-77,▼-28.21%,3,12,15,5,221,227,480,196
TXO,202610F2,20261012.0,47750.0,Call,-,-,-,-,910,-,-,0,0,0,3,900,915,720,675
TXO,202610F2,20261012.0,47750.0,Put,275,275,275,275,239,▼-12,▼-4.18%,0,1,1,3,235,243,780,275
TXO,202610F2,20261012.0,47800.0,Call,-,-,-,-,875,-,-,0,0,0,0,865,880,830,650
TXO,202610F2,20261012.0,47800.0,Put,300,314,222,222,254,▼-80,▼-26.49%,0,15,15,3,250,258,805,222
TXO,202610F2,20261012.0,47850.0,Call,-,-,-,-,840,-,-,0,0,0,2,830,845,1040,1040
TXO,202610F2,20261012.0,47850.0,Put,259,259,259,259,259,▼-68,▼-20.80%,0,1,1,4,266,274,775,259
TXO,202610F2,20261012.0,47900.0,Call,-,-,-,-,805,-,-,0,0,0,4,795,810,790,565
TXO,202610F2,20261012.0,47900.0,Put,350,353,273,273,273,▼-67,▼-19.71%,6,11,17,17,282,289,920,273
TXO,202610F2,20261012.0,47950.0,Call,885,885,775,775,775,▼-135,▼-14.84%,0,8,8,2,765,780,885,585
TXO,202610F2,20261012.0,47950.0,Put,300,300,300,300,300,▼-61,▼-16.90%,1,3,4,3,297,305,860,300
TXO,202610F2,20261012.0,48000.0,Call,815,815,745,745,745,▼-135,▼-15.34%,0,9,9,8,730,745,940,665
TXO,202610F2,20261012.0,48000.0,Put,376,399,280,286,322,▼-82,▼-22.28%,1,8,9,8,315,323,780,280
TXO,202610F2,20261012.0,48050.0,Call,-,-,-,-,710,-,-,0,0,0,4,700,715,850,535
TXO,202610F2,20261012.0,48050.0,Put,-,-,-,-,341,-,-,0,0,0,3,336,346,940,535
TXO,202610F2,20261012.0,48100.0,Call,-,-,-,-,675,-,-,0,0,0,3,670,685,790,520
TXO,202610F2,20261012.0,48100.0,Put,300,300,300,300,358,▼-115,▼-27.71%,1,1,2,5,353,362,955,300
TXO,202610F2,20261012.0,48150.0,Call,735,735,735,735,645,▼-45,▼-5.77%,1,1,2,2,640,655,850,580
TXO,202610F2,20261012.0,48150.0,Put,372,372,333,333,378,▼-91,▼-21.46%,1,2,3,4,373,381,605,333
TXO,202610F2,20261012.0,48200.0,Call,-,-,-,-,620,-,-,1,0,1,3,610,625,750,525
TXO,202610F2,20261012.0,48200.0,Put,468,468,400,400,400,▼-44,▼-9.91%,2,2,4,5,394,403,805,400
TXO,202610F2,20261012.0,48250.0,Call,595,595,595,595,595,▼-135,▼-18.49%,0,3,3,9,585,600,775,570
TXO,202610F2,20261012.0,48250.0,Put,418,418,418,418,418,▼-52,▼-11.06%,0,3,3,4,415,425,710,418
TXO,202610F2,20261012.0,48300.0,Call,570,570,570,570,570,▼-125,▼-17.99%,1,1,2,3,555,570,665,515
TXO,202610F2,20261012.0,48300.0,Put,500,515,416,416,442,▼-70,▼-14.40%,3,10,13,12,437,447,635,416
TXO,202610F2,20261012.0,48350.0,Call,565,645,565,645,540,▼-20,▼-3.01%,0,2,2,3,530,545,665,565
TXO,202610F2,20261012.0,48350.0,Put,565,565,400,400,470,▼-120,▼-23.08%,0,2,2,2,464,475,565,400
TXO,202610F2,20261012.0,48400.0,Call,530,635,510,520,520,▼-120,▼-18.75%,0,9,9,13,505,520,650,405
TXO,202610F2,20261012.0,48400.0,Put,481,481,481,481,481,▼-59,▼-10.93%,0,1,1,5,487,499,750,481
TXO,202610F2,20261012.0,48450.0,Call,-,-,-,-,489,-,-,0,0,0,1,480,492,585,498
TXO,202610F2,20261012.0,48450.0,Put,499,499,499,499,499,▼-56,▼-10.09%,0,1,1,2,510,520,750,499
TXO,202610F2,20261012.0,48500.0,Call,499,499,469,469,469,▼-121,▼-20.51%,1,3,4,2,457,469,575,440
TXO,202610F2,20261012.0,48500.0,Put,540,540,540,540,540,▼-40,▼-6.90%,0,1,1,2,535,550,730,540
TXO,202610F2,20261012.0,48550.0,Call,-,-,-,-,442,-,-,0,0,0,5,434,444,570,350
TXO,202610F2,20261012.0,48550.0,Put,-,-,-,-,575,-,-,0,0,0,1,565,580,725,725
TXO,202610F2,20261012.0,48600.0,Call,472,495,407,407,407,▼-138,▼-25.32%,1,7,8,8,415,425,545,348
TXO,202610F2,20261012.0,48600.0,Put,580,605,515,605,605,▼-25,▼-3.97%,0,5,5,5,590,605,790,515
TXO,202610F2,20261012.0,48650.0,Call,398,398,398,398,398,▼-117,▼-22.72%,0,1,1,1,392,401,398,398
TXO,202610F2,20261012.0,48650.0,Put,-,-,-,-,630,-,-,0,0,0,0,620,635,-,-
TXO,202610F2,20261012.0,48700.0,Call,435,435,435,435,378,▼-59,▼-11.94%,1,1,2,6,370,380,469,364
TXO,202610F2,20261012.0,48700.0,Put,575,575,575,575,660,▼-110,▼-16.06%,0,1,1,6,650,665,750,575
TXO,202610F2,20261012.0,48750.0,Call,405,405,405,405,358,▼-67,▼-14.19%,0,2,2,2,349,359,405,405
TXO,202610F2,20261012.0,48750.0,Put,-,-,-,-,690,-,-,0,0,0,0,680,695,-,-
TXO,202610F2,20261012.0,48800.0,Call,366,401,366,401,338,▼-50,▼-11.09%,2,4,6,8,331,341,401,260
TXO,202610F2,20261012.0,48800.0,Put,690,690,670,670,720,▼-70,▼-9.46%,0,3,3,3,710,725,870,670
TXO,202610F2,20261012.0,48850.0,Call,-,-,-,-,320,-,-,0,0,0,2,313,323,420,360
TXO,202610F2,20261012.0,48850.0,Put,-,-,-,-,750,-,-,0,0,0,2,740,755,845,845
TXO,202610F2,20261012.0,48900.0,Call,309,309,308,308,308,▼-101,▼-24.69%,0,3,3,3,296,305,329,308
TXO,202610F2,20261012.0,48900.0,Put,-,-,-,-,785,-,-,0,0,0,0,775,790,-,-
TXO,202610F2,20261012.0,48950.0,Call,-,-,-,-,285,-,-,0,0,0,0,280,287,-,-
TXO,202610F2,20261012.0,48950.0,Put,790,790,790,790,805,▼-40,▼-4.82%,0,1,1,1,805,820,1110,790
TXO,202610F2,20261012.0,49000.0,Call,327,327,265,265,265,▼-106,▼-28.57%,3,13,16,11,265,273,440,217
TXO,202610F2,20261012.0,49000.0,Put,765,765,765,765,850,▼-95,▼-11.05%,12,1,13,12,840,855,1000,765
TXO,202610F2,20261012.0,49050.0,Call,246,246,246,246,246,▼-95,▼-27.86%,0,1,1,2,250,257,415,246
TXO,202610F2,20261012.0,49050.0,Put,870,870,870,870,870,▼-25,▼-2.79%,0,1,1,3,875,890,975,870
TXO,202610F2,20261012.0,49100.0,Call,-,-,-,-,239,-,-,3,0,3,6,234,242,396,216
TXO,202610F2,20261012.0,49100.0,Put,-,-,-,-,920,-,-,0,0,0,2,910,925,1010,1010
TXO,202610F2,20261012.0,49150.0,Call,-,-,-,-,225,-,-,0,0,0,6,221,227,320,200
TXO,202610F2,20261012.0,49150.0,Put,-,-,-,-,955,-,-,0,0,0,0,6.6,965,-,-
TXO,202610F2,20261012.0,49200.0,Call,243,251,214,214,214,▼-89,▼-29.37%,3,6,9,7,207,213,346,173
TXO,202610F2,20261012.0,49200.0,Put,-,-,-,-,990,-,-,0,0,0,0,980,1000,-,-
TXO,202610F2,20261012.0,49250.0,Call,236,247,228,228,199,▼-59,▼-20.56%,0,3,3,2,194,200,247,172
TXO,202610F2,20261012.0,49250.0,Put,-,-,-,-,1030,-,-,0,0,0,0,990,1040,-,-
TXO,202610F2,20261012.0,49300.0,Call,226,226,215,215,186,▼-57,▼-20.96%,2,4,6,6,182,188,316,173
TXO,202610F2,20261012.0,49300.0,Put,1000,1000,1000,1000,1070,▼-60,▼-5.66%,0,1,1,1,1050,1080,1000,1000
TXO,202610F2,20261012.0,49350.0,Call,210,217,210,217,175,▼-29,▼-11.79%,0,3,3,2,172,178,246,185
TXO,202610F2,20261012.0,49350.0,Put,-,-,-,-,1110,-,-,0,0,0,0,900,1120,-,-
TXO,202610F2,20261012.0,49400.0,Call,171,206,164,164,164,▼-78,▼-32.23%,2,9,11,5,160,166,206,150
TXO,202610F2,20261012.0,49400.0,Put,-,-,-,-,1140,-,-,0,0,0,0,1130,1160,-,-
TXO,202610F2,20261012.0,49450.0,Call,-,-,-,-,154,-,-,0,0,0,1,151,157,131,131
TXO,202610F2,20261012.0,49450.0,Put,-,-,-,-,1180,-,-,0,0,0,0,965,1200,-,-
TXO,202610F2,20261012.0,49500.0,Call,173,189,165,165,144,▼-41,▼-19.90%,0,14,14,19,142,147,288,117
TXO,202610F2,20261012.0,49500.0,Put,-,-,-,-,1230,-,-,0,0,0,0,1210,1240,-,-
TXO,202610F2,20261012.0,49550.0,Call,162,162,158,158,135,▼-48,▼-23.30%,0,5,5,5,131,137,162,158
TXO,202610F2,20261012.0,49550.0,Put,-,-,-,-,1270,-,-,0,0,0,0,1250,1280,-,-
TXO,202610F2,20261012.0,49600.0,Call,140,175,140,148,126,▼-47,▼-24.10%,0,9,9,9,124,129,185,114
TXO,202610F2,20261012.0,49600.0,Put,-,-,-,-,1310,-,-,0,0,0,0,1290,1320,-,-
TXO,202610F2,20261012.0,49650.0,Call,147,147,117,117,117,▼-71,▼-37.77%,0,2,2,1,115,120,147,117
TXO,202610F2,20261012.0,49650.0,Put,-,-,-,-,1350,-,-,0,0,0,0,1330,1360,-,-
TXO,202610F2,20261012.0,49700.0,Call,136,145,130,130,110,▼-48,▼-26.97%,6,6,12,11,108,113,213,94
TXO,202610F2,20261012.0,49700.0,Put,-,-,-,-,1390,-,-,0,0,0,0,1380,1400,-,-
TXO,202610F2,20261012.0,49750.0,Call,121,121,121,121,103,▼-42,▼-25.77%,0,3,3,3,101,106,121,121
TXO,202610F2,20261012.0,49750.0,Put,-,-,-,-,1430,-,-,0,0,0,0,1420,1450,-,-
TXO,202610F2,20261012.0,49800.0,Call,117,140,102,102,102,▼-52,▼-33.77%,1,12,13,11,93,99,188,83
TXO,202610F2,20261012.0,49800.0,Put,-,-,-,-,1480,-,-,0,0,0,0,1460,1490,-,-
TXO,202610F2,20261012.0,49900.0,Call,105,121,98,121,84,▼-15,▼-11.03%,0,4,4,5,82,86,128,92
TXO,202610F2,20261012.0,49900.0,Put,-,-,-,-,1560,-,-,0,0,0,0,1550,1580,-,-
TXO,202610F2,20261012.0,50000.0,Call,90,100,75,76,76,▼-43,▼-36.13%,41,26,67,65,71,76,160,62
TXO,202610F2,20261012.0,50000.0,Put,-,-,-,-,1650,-,-,0,0,0,0,1640,-,-,-
TXO,202610F2,20261012.0,50100.0,Call,86,86,60,60,60,▼-47,▼-43.93%,1,6,7,6,62,65,114,57
TXO,202610F2,20261012.0,50100.0,Put,-,-,-,-,1740,-,-,0,0,0,0,1730,1760,-,-
TXO,202610F2,20261012.0,50200.0,Call,73,74,64,64,54,▼-30,▼-31.91%,11,8,19,14,53,56,101,46
TXO,202610F2,20261012.0,50200.0,Put,-,-,-,-,1830,-,-,0,0,0,0,1820,1850,-,-
TXO,202610F2,20261012.0,50300.0,Call,62,65,62,65,47.5,▼-18,▼-21.69%,3,2,5,6,46.5,49,88,45
TXO,202610F2,20261012.0,50300.0,Put,-,-,-,-,1930,-,-,0,0,0,0,1910,1940,-,-
TXO,202610F2,20261012.0,50400.0,Call,54,61,38.5,38.5,38.5,▼-25.5,▼-39.84%,0,12,12,11,40,42.5,83,38.5
TXO,202610F2,20261012.0,50400.0,Put,-,-,-,-,2020,-,-,0,0,0,0,2010,2030,-,-
TXO,202610F2,20261012.0,50500.0,Call,46.5,55,42,42,36,▼-21,▼-33.33%,8,18,26,21,35,37.5,69,31
TXO,202610F2,20261012.0,50500.0,Put,-,-,-,-,2120,-,-,0,0,0,0,2100,2130,-,-
TXO,202610F2,20261012.0,50600.0,Call,39.5,47.5,35,35.5,35.5,▼-19.5,▼-35.45%,3,9,12,4,30.5,32,51,28.5
TXO,202610F2,20261012.0,50600.0,Put,-,-,-,-,2210,-,-,0,0,0,0,2200,2220,-,-
TXO,202610F2,20261012.0,50700.0,Call,30,30,30,30,30,▼-18.5,▼-38.14%,13,1,14,8,26.5,28,55,25.5
TXO,202610F2,20261012.0,50700.0,Put,-,-,-,-,2310,-,-,0,0,0,0,2290,2320,-,-
TXO,202610F2,20261012.0,50800.0,Call,32,32,23,23,23,▼-19.5,▼-45.88%,0,5,5,5,23,24.5,53,23
TXO,202610F2,20261012.0,50800.0,Put,-,-,-,-,2400,-,-,0,0,0,0,2390,2420,-,-
TXO,202610F2,20261012.0,50900.0,Call,20,20,20,20,20,▼-18,▼-47.37%,1,5,6,7,20.5,21.5,46.5,20
TXO,202610F2,20261012.0,50900.0,Put,-,-,-,-,2500,-,-,0,0,0,0,2490,2510,-,-
TXO,202610F2,20261012.0,51000.0,Call,25.5,25.5,18,18,18,▼-14.5,▼-44.62%,1,42,43,25,18,19,38.5,18
TXO,202610F2,20261012.0,51000.0,Put,-,-,-,-,2600,-,-,0,0,0,0,2580,2610,-,-
TXO,202610F2,20261012.0,51100.0,Call,-,-,-,-,16.5,-,-,1,0,1,8,16,17,36,19
TXO,202610F2,20261012.0,51100.0,Put,-,-,-,-,2700,-,-,0,0,0,0,2680,2710,-,-
TXO,202610F2,20261012.0,51200.0,Call,-,-,-,-,14.5,-,-,2,0,2,3,14,15,29,14.5
TXO,202610F2,20261012.0,51200.0,Put,-,-,-,-,2790,-,-,0,0,0,0,2780,2810,-,-
TXO,202610F2,20261012.0,51300.0,Call,12.5,12.5,12.5,12.5,12.5,▼-10,▼-44.44%,0,2,2,2,12.5,13.5,15.5,12.5
TXO,202610F2,20261012.0,51300.0,Put,-,-,-,-,2890,-,-,0,0,0,0,2880,2910,-,-
TXO,202610F2,20261012.0,51400.0,Call,10.5,10.5,10.5,10.5,10.5,▼-9.5,▼-47.50%,0,3,3,3,11,12,10.5,10.5
TXO,202610F2,20261012.0,51400.0,Put,-,-,-,-,2990,-,-,0,0,0,0,2980,3000,-,-
TXO,202610F2,20261012.0,51500.0,Call,11,11,11,11,10,▼-7,▼-38.89%,1,1,2,9,9.9,11,23,9.5
TXO,202610F2,20261012.0,51500.0,Put,-,-,-,-,3090,-,-,0,0,0,0,3070,3100,-,-
TXO,202610F2,20261012.0,51600.0,Call,12,12,10.5,11,9.4,▼-3.5,▼-24.14%,4,8,12,13,9.1,9.7,15,9.5
TXO,202610F2,20261012.0,51600.0,Put,-,-,-,-,3190,-,-,0,0,0,0,3170,3200,-,-
TXO,202610F2,20261012.0,51700.0,Call,10,12.5,9.9,12.5,8.6,▼-1.5,▼-10.71%,2,12,14,22,8.3,8.9,15,8
TXO,202610F2,20261012.0,51700.0,Put,-,-,-,-,3290,-,-,0,0,0,0,3270,3300,-,-
TXO,202610F2,20261012.0,51800.0,Call,-,-,-,-,7.8,-,-,0,0,0,5,7.5,8.1,17,10
TXO,202610F2,20261012.0,51800.0,Put,-,-,-,-,3390,-,-,0,0,0,0,3370,3400,-,-
TXO,202610F2,20261012.0,51900.0,Call,8.4,8.4,8.4,8.4,7.2,▼-3.6,▼-30.00%,4,2,6,5,6.9,7.5,16.5,7.6
TXO,202610F2,20261012.0,51900.0,Put,-,-,-,-,3490,-,-,0,0,0,0,3470,3500,-,-
TXO,202610F2,20261012.0,52000.0,Call,8.1,8.9,6.2,6.2,6.2,▼-4.8,▼-43.64%,0,54,54,71,6.3,6.8,16,6.2
TXO,202610F2,20261012.0,52000.0,Put,-,-,-,-,3590,-,-,0,0,0,0,3570,3600,-,-
TXO,202610F2,20261012.0,52100.0,Call,-,-,-,-,6.1,-,-,0,0,0,0,5.9,6.4,12,10.5
TXO,202610F2,20261012.0,52100.0,Put,-,-,-,-,3690,-,-,0,0,0,0,3670,3700,-,-
TXO,202610F2,20261012.0,52200.0,Call,7.3,7.3,7.3,7.3,5.6,▼-1.9,▼-20.65%,0,1,1,1,5.4,5.9,7.3,7.3
TXO,202610F2,20261012.0,52200.0,Put,-,-,-,-,3790,-,-,0,0,0,0,3770,3800,-,-
TXO,202610F2,20261012.0,52300.0,Call,-,-,-,-,5.3,-,-,0,0,0,2,5.1,5.5,11.5,8.6
TXO,202610F2,20261012.0,52300.0,Put,-,-,-,-,3880,-,-,0,0,0,0,-,3900,-,-
TXO,202610F2,20261012.0,52400.0,Call,-,-,-,-,5,-,-,0,0,0,5,4.8,5.2,6.4,6.4
TXO,202610F2,20261012.0,52400.0,Put,-,-,-,-,3980,-,-,0,0,0,0,3970,4000,-,-
TXO,202610F2,20261012.0,52500.0,Call,-,-,-,-,4.6,-,-,6,0,6,5,4.4,4.8,5.7,5.7
TXO,202610F2,20261012.0,52500.0,Put,-,-,-,-,4080,-,-,0,0,0,0,-,4100,-,-
TXO,202610F2,20261012.0,52600.0,Call,4.8,4.8,4.8,4.8,4.4,▼-1.9,▼-28.36%,0,1,1,1,4.2,4.6,4.8,4.8
TXO,202610F2,20261012.0,52600.0,Put,-,-,-,-,4180,-,-,0,0,0,0,-,4200,-,-
TXO,202610F2,20261012.0,52700.0,Call,-,-,-,-,4,-,-,0,0,0,0,3.8,4.3,-,-
TXO,202610F2,20261012.0,52700.0,Put,-,-,-,-,4280,-,-,0,0,0,0,4260,4300,-,-
TXO,202610F2,20261012.0,52800.0,Call,5,5,5,5,3.8,▼-0.9,▼-15.25%,0,5,5,5,3.6,4,5,5
TXO,202610F2,20261012.0,52800.0,Put,-,-,-,-,4380,-,-,0,0,0,0,4360,4400,-,-
TXO,202610F2,20261012.0,52900.0,Call,3.5,3.5,3.5,3.5,3.5,▼-2,▼-36.36%,0,1,1,20,3.4,3.8,8,1.3
TXO,202610F2,20261012.0,52900.0,Put,-,-,-,-,4480,-,-,0,0,0,0,4460,4500,-,-
TXO,202610F2,20261012.0,53000.0,Call,-,-,-,-,3.4,-,-,0,0,0,0,3.2,3.6,-,-
TXO,202610F2,20261012.0,53000.0,Put,-,-,-,-,4580,-,-,0,0,0,0,4560,4600,-,-
TXO,202610F2,20261012.0,53100.0,Call,-,-,-,-,3.2,-,-,0,0,0,0,3,3.5,-,-
TXO,202610F2,20261012.0,53100.0,Put,-,-,-,-,4680,-,-,0,0,0,0,4660,4700,-,-
TXO,202610F2,20261012.0,53200.0,Call,3.6,3.6,3.2,3.2,3.2,▼-0.1,▼-3.03%,0,4,4,4,2.8,3.2,3.6,3.2
TXO,202610F2,20261012.0,53200.0,Put,-,-,-,-,4780,-,-,0,0,0,0,4760,4800,-,-
TXO,202610W2,20261014.0,42800.0,Call,-,-,-,-,5690,-,-,0,0,0,0,5670,-,-,-
TXO,202610W2,20261014.0,42800.0,Put,12,12,8.7,8.7,8.7,▼-4.3,▼-33.08%,8,17,25,44,8.2,8.8,24,8.7
TXO,202610W2,20261014.0,42900.0,Call,-,-,-,-,5590,-,-,0,0,0,0,5570,-,-,-
TXO,202610W2,20261014.0,42900.0,Put,-,-,-,-,9,-,-,1,0,1,1,8.4,9,16,15
TXO,202610W2,20261014.0,43000.0,Call,-,-,-,-,5490,-,-,0,0,0,0,5470,-,-,-
TXO,202610W2,20261014.0,43000.0,Put,12,12,12,12,9.1,▼-2,▼-14.29%,4,7,11,12,8.8,9.4,18,12
TXO,202610W2,20261014.0,43100.0,Call,-,-,-,-,5390,-,-,0,0,0,0,5370,-,-,-
TXO,202610W2,20261014.0,43100.0,Put,11,11,11,11,9.5,▼-3.5,▼-24.14%,0,8,8,9,9.1,9.8,18.5,11
TXO,202610W2,20261014.0,43200.0,Call,-,-,-,-,5290,-,-,0,0,0,0,5270,-,-,-
TXO,202610W2,20261014.0,43200.0,Put,13.5,13.5,12.5,12.5,10,▼-3,▼-19.35%,0,2,2,7,9.7,10.5,32.5,12.5
TXO,202610W2,20261014.0,43300.0,Call,-,-,-,-,5200,-,-,0,0,0,0,5170,-,-,-
TXO,202610W2,20261014.0,43300.0,Put,-,-,-,-,10.5,-,-,1,0,1,3,10,11,20.5,15.5
TXO,202610W2,20261014.0,43400.0,Call,-,-,-,-,5100,-,-,0,0,0,0,5070,-,-,-
TXO,202610W2,20261014.0,43400.0,Put,-,-,-,-,10.5,-,-,0,0,0,0,10,11,-,-
TXO,202610W2,20261014.0,43500.0,Call,-,-,-,-,5000,-,-,0,0,0,0,4980,-,-,-
TXO,202610W2,20261014.0,43500.0,Put,15,15,14.5,14.5,11,▼-2,▼-12.12%,6,41,47,54,10.5,11.5,22.5,14.5
TXO,202610W2,20261014.0,43600.0,Call,-,-,-,-,4900,-,-,0,0,0,0,4880,-,-,-
TXO,202610W2,20261014.0,43600.0,Put,-,-,-,-,11.5,-,-,0,0,0,0,11,12,-,-
TXO,202610W2,20261014.0,43700.0,Call,-,-,-,-,4800,-,-,0,0,0,0,4780,-,-,-
TXO,202610W2,20261014.0,43700.0,Put,-,-,-,-,12,-,-,0,0,0,1,11.5,12.5,26,26
TXO,202610W2,20261014.0,43800.0,Call,-,-,-,-,4700,-,-,0,0,0,0,4680,4720,-,-
TXO,202610W2,20261014.0,43800.0,Put,-,-,-,-,12.5,-,-,0,0,0,0,12,13,-,-
TXO,202610W2,20261014.0,43900.0,Call,4630,4630,4630,4630,4600,▼-30,▼-0.64%,0,6,6,6,4530,4620,4630,4630
TXO,202610W2,20261014.0,43900.0,Put,-,-,-,-,13,-,-,1,0,1,6,12.5,13.5,31,18.5
TXO,202610W2,20261014.0,44000.0,Call,-,-,-,-,4500,-,-,0,0,0,0,4480,4520,-,-
TXO,202610W2,20261014.0,44000.0,Put,14,14,14,14,14,▼-5.5,▼-28.21%,1,1,2,3,13,14,24,14
TXO,202610W2,20261014.0,44100.0,Call,-,-,-,-,4400,-,-,0,0,0,0,4380,4420,-,-
TXO,202610W2,20261014.0,44100.0,Put,17,17,17,17,14.5,▼-3.5,▼-17.07%,11,10,21,1,13.5,14.5,24,17
TXO,202610W2,20261014.0,44200.0,Call,-,-,-,-,4300,-,-,0,0,0,0,4280,4320,-,-
TXO,202610W2,20261014.0,44200.0,Put,-,-,-,-,15,-,-,31,0,31,30,14.5,15.5,36,23
TXO,202610W2,20261014.0,44300.0,Call,-,-,-,-,4200,-,-,0,0,0,0,4180,4220,-,-
TXO,202610W2,20261014.0,44300.0,Put,20.5,20.5,20.5,20.5,15.5,▼-2,▼-8.89%,1,1,2,3,15,16,26.5,20.5
TXO,202610W2,20261014.0,44400.0,Call,-,-,-,-,4100,-,-,0,0,0,0,4080,4120,-,-
TXO,202610W2,20261014.0,44400.0,Put,-,-,-,-,16,-,-,2,0,2,1,15.5,16.5,27.5,27
TXO,202610W2,20261014.0,44500.0,Call,-,-,-,-,4000,-,-,0,0,0,0,3990,4020,-,-
TXO,202610W2,20261014.0,44500.0,Put,-,-,-,-,17,-,-,2,0,2,2,16.5,17.5,28,28
TXO,202610W2,20261014.0,44600.0,Call,-,-,-,-,3900,-,-,0,0,0,0,3890,3920,-,-
TXO,202610W2,20261014.0,44600.0,Put,-,-,-,-,17.5,-,-,2,0,2,6,17,18,43,26
TXO,202610W2,20261014.0,44700.0,Call,-,-,-,-,3800,-,-,0,0,0,0,3790,3820,-,-
TXO,202610W2,20261014.0,44700.0,Put,-,-,-,-,18.5,-,-,0,0,0,0,18,19,-,-
TXO,202610W2,20261014.0,44800.0,Call,-,-,-,-,3700,-,-,0,0,0,0,3690,3720,-,-
TXO,202610W2,20261014.0,44800.0,Put,23,23,23,23,19.5,▼-6,▼-20.69%,51,1,52,186,19,20,51,23
TXO,202610W2,20261014.0,44900.0,Call,-,-,-,-,3610,-,-,0,0,0,0,3590,3620,-,-
TXO,202610W2,20261014.0,44900.0,Put,22,22,21,21,21,▼-8.5,▼-28.81%,0,4,4,4,20,21,22,21
TXO,202610W2,20261014.0,45000.0,Call,-,-,-,-,3510,-,-,0,0,0,0,3490,-,-,-
TXO,202610W2,20261014.0,45000.0,Put,31.5,31.5,26,26,21.5,▼-5,▼-16.13%,6,5,11,50,21,22,51,26
TXO,202610W2,20261014.0,45100.0,Call,-,-,-,-,3410,-,-,0,0,0,0,3390,-,-,-
TXO,202610W2,20261014.0,45100.0,Put,-,-,-,-,22.5,-,-,0,0,0,0,22,23,-,-
TXO,202610W2,20261014.0,45200.0,Call,-,-,-,-,3310,-,-,0,0,0,0,3290,-,-,-
TXO,202610W2,20261014.0,45200.0,Put,-,-,-,-,24,-,-,0,0,0,16,23.5,24.5,57,43
TXO,202610W2,20261014.0,45300.0,Call,-,-,-,-,3210,-,-,0,0,0,0,3200,3230,-,-
TXO,202610W2,20261014.0,45300.0,Put,36,39.5,27.5,27.5,27.5,▼-11,▼-28.57%,2,11,13,15,25,26,62,27.5
TXO,202610W2,20261014.0,45400.0,Call,-,-,-,-,3110,-,-,0,0,0,0,3100,3130,-,-
TXO,202610W2,20261014.0,45400.0,Put,37,37,37,37,28,▼-3,▼-7.50%,0,1,1,23,26.5,28,205,37
TXO,202610W2,20261014.0,45500.0,Call,-,-,-,-,3010,-,-,0,0,0,0,3000,3030,-,-
TXO,202610W2,20261014.0,45500.0,Put,42.5,42.5,32,32,29,▼-11,▼-25.58%,1,12,13,26,28.5,29.5,76,32
TXO,202610W2,20261014.0,45600.0,Call,2970,2970,2970,2970,2920,▼-20,▼-0.67%,0,2,2,2,2720,3060,2970,2970
TXO,202610W2,20261014.0,45600.0,Put,-,-,-,-,31.5,-,-,15,0,15,32,31,32,80,60
TXO,202610W2,20261014.0,45700.0,Call,-,-,-,-,2820,-,-,0,0,0,0,2810,2840,-,-
TXO,202610W2,20261014.0,45700.0,Put,-,-,-,-,34,-,-,0,0,0,16,33,34.5,110,52
TXO,202610W2,20261014.0,45800.0,Call,-,-,-,-,2720,-,-,0,0,0,0,2710,2740,-,-
TXO,202610W2,20261014.0,45800.0,Put,-,-,-,-,37,-,-,0,0,0,13,36,37.5,114,77
TXO,202610W2,20261014.0,45900.0,Call,-,-,-,-,2630,-,-,0,0,0,0,2610,2640,-,-
TXO,202610W2,20261014.0,45900.0,Put,-,-,-,-,40,-,-,0,0,0,14,39,40.5,120,62
TXO,202610W2,20261014.0,46000.0,Call,-,-,-,-,2530,-,-,0,0,0,0,2520,2550,-,-
TXO,202610W2,20261014.0,46000.0,Put,66,66,45,45,45,▼-22,▼-32.84%,9,15,24,41,43,44.5,145,45
TXO,202610W2,20261014.0,46100.0,Call,-,-,-,-,2430,-,-,0,0,0,0,2420,2450,-,-
TXO,202610W2,20261014.0,46100.0,Put,69,69,53,53,53,▼-17,▼-24.29%,0,8,8,12,46.5,49,132,53
TXO,202610W2,20261014.0,46200.0,Call,-,-,-,-,2340,-,-,0,0,0,0,2330,2350,-,-
TXO,202610W2,20261014.0,46200.0,Put,-,-,-,-,54,-,-,8,0,8,8,52,54,124,99
TXO,202610W2,20261014.0,46250.0,Call,-,-,-,-,2290,-,-,0,0,0,0,2280,2310,-,-
TXO,202610W2,20261014.0,46250.0,Put,-,-,-,-,56,-,-,2,0,2,2,54,57,110,96
TXO,202610W2,20261014.0,46300.0,Call,-,-,-,-,2240,-,-,0,0,0,1,2230,2260,2200,2200
TXO,202610W2,20261014.0,46300.0,Put,75,75,64,65,58,▼-21,▼-24.42%,0,3,3,3,57,59,190,64
TXO,202610W2,20261014.0,46350.0,Call,-,-,-,-,2200,-,-,0,0,0,0,-,2210,-,-
TXO,202610W2,20261014.0,46350.0,Put,70,70,64,64,64,▼-23,▼-26.44%,2,39,41,39,60,62,118,64
TXO,202610W2,20261014.0,46400.0,Call,-,-,-,-,2150,-,-,0,0,0,1,2140,2170,2130,2130
TXO,202610W2,20261014.0,46400.0,Put,-,-,-,-,65,-,-,0,0,0,1,63,66,205,205
TXO,202610W2,20261014.0,46450.0,Call,-,-,-,-,2100,-,-,0,0,0,0,2090,2120,-,-
TXO,202610W2,20261014.0,46450.0,Put,-,-,-,-,68,-,-,4,0,4,1,66,69,157,121
TXO,202610W2,20261014.0,46500.0,Call,-,-,-,-,2060,-,-,0,0,0,0,-,-,-,-
TXO,202610W2,20261014.0,46500.0,Put,108,110,69,69,69,▼-36,▼-34.29%,11,11,22,11,70,73,163,69
TXO,202610W2,20261014.0,46550.0,Call,-,-,-,-,2010,-,-,0,0,0,0,2000,2030,-,-
TXO,202610W2,20261014.0,46550.0,Put,-,-,-,-,76,-,-,0,0,0,0,74,77,-,-
TXO,202610W2,20261014.0,46600.0,Call,-,-,-,-,1970,-,-,0,0,0,1,1950,1980,1950,1950
TXO,202610W2,20261014.0,46600.0,Put,122,122,116,116,80,0,0%,1,2,3,3,78,81,235,116
TXO,202610W2,20261014.0,46650.0,Call,-,-,-,-,1920,-,-,0,0,0,0,1910,1940,-,-
TXO,202610W2,20261014.0,46650.0,Put,-,-,-,-,85,-,-,0,0,0,0,83,86,-,-
TXO,202610W2,20261014.0,46700.0,Call,-,-,-,-,1880,-,-,0,0,0,0,1860,1890,-,-
TXO,202610W2,20261014.0,46700.0,Put,92,92,87,87,87,▼-35,▼-28.69%,0,11,11,11,88,91,208,87
TXO,202610W2,20261014.0,46750.0,Call,-,-,-,-,1830,-,-,0,0,0,0,1820,1850,-,-
TXO,202610W2,20261014.0,46750.0,Put,-,-,-,-,95,-,-,0,0,0,1,91,96,190,190
TXO,202610W2,20261014.0,46800.0,Call,-,-,-,-,1790,-,-,0,0,0,1,1770,1800,1790,1790
TXO,202610W2,20261014.0,46800.0,Put,149,149,94,94,101,▼-41,▼-30.37%,10,11,21,20,98,103,272,94
TXO,202610W2,20261014.0,46850.0,Call,-,-,-,-,1740,-,-,0,0,0,0,1730,1760,-,-
TXO,202610W2,20261014.0,46850.0,Put,-,-,-,-,107,-,-,0,0,0,0,102,107,-,-
TXO,202610W2,20261014.0,46900.0,Call,-,-,-,-,1700,-,-,0,0,0,0,1690,1710,-,-
TXO,202610W2,20261014.0,46900.0,Put,130,130,117,118,118,▼-32,▼-21.33%,1,11,12,11,110,115,245,117
TXO,202610W2,20261014.0,46950.0,Call,-,-,-,-,1660,-,-,0,0,0,1,1640,1670,1670,1670
TXO,202610W2,20261014.0,46950.0,Put,-,-,-,-,120,-,-,0,0,0,5,117,122,303,158
TXO,202610W2,20261014.0,47000.0,Call,-,-,-,-,1610,-,-,0,0,0,0,1600,1630,-,-
TXO,202610W2,20261014.0,47000.0,Put,170,170,122,122,122,▼-43,▼-26.06%,34,20,54,50,124,127,288,122
TXO,202610W2,20261014.0,47050.0,Call,-,-,-,-,1570,-,-,0,0,0,0,1560,1590,-,-
TXO,202610W2,20261014.0,47050.0,Put,-,-,-,-,133,-,-,0,0,0,0,130,136,-,-
TXO,202610W2,20261014.0,47100.0,Call,-,-,-,-,1530,-,-,0,0,0,1,1510,1540,1560,1560
TXO,202610W2,20261014.0,47100.0,Put,147,147,143,143,143,▼-37,▼-20.56%,3,8,11,24,138,144,335,143
TXO,202610W2,20261014.0,47150.0,Call,-,-,-,-,1490,-,-,0,0,0,1,1470,1500,1520,1520
TXO,202610W2,20261014.0,47150.0,Put,150,150,150,150,150,▼-41,▼-21.47%,0,1,1,3,147,152,346,150
TXO,202610W2,20261014.0,47200.0,Call,-,-,-,-,1450,-,-,0,0,0,0,1430,1460,-,-
TXO,202610W2,20261014.0,47200.0,Put,198,198,162,162,162,▼-40,▼-19.80%,2,2,4,3,156,161,328,162
TXO,202610W2,20261014.0,47250.0,Call,-,-,-,-,1400,-,-,0,0,0,0,1390,1420,-,-
TXO,202610W2,20261014.0,47250.0,Put,170,170,170,170,170,▼-42,▼-19.81%,0,2,2,2,165,170,170,170
TXO,202610W2,20261014.0,47300.0,Call,-,-,-,-,1360,-,-,0,0,0,0,1350,1380,-,-
TXO,202610W2,20261014.0,47300.0,Put,220,220,163,178,178,▼-45,▼-20.18%,0,7,7,4,173,180,341,163
TXO,202610W2,20261014.0,47350.0,Call,-,-,-,-,1330,-,-,0,0,0,0,1310,1340,-,-
TXO,202610W2,20261014.0,47350.0,Put,179,179,179,179,179,▼-55,▼-23.50%,0,2,2,2,185,192,364,179
TXO,202610W2,20261014.0,47400.0,Call,-,-,-,-,1290,-,-,0,0,0,4,1270,1300,1300,1150
TXO,202610W2,20261014.0,47400.0,Put,238,238,198,198,198,▼-48,▼-19.51%,2,5,7,4,196,203,382,198
TXO,202610W2,20261014.0,47450.0,Call,-,-,-,-,1250,-,-,0,0,0,0,1230,1260,-,-
TXO,202610W2,20261014.0,47450.0,Put,-,-,-,-,212,-,-,0,0,0,0,208,214,-,-
TXO,202610W2,20261014.0,47500.0,Call,-,-,-,-,1210,-,-,0,0,0,0,1200,1230,-,-
TXO,202610W2,20261014.0,47500.0,Put,278,278,214,220,220,▼-51,▼-18.82%,5,11,16,9,220,226,463,214
TXO,202610W2,20261014.0,47550.0,Call,-,-,-,-,1170,-,-,0,0,0,0,1160,1190,-,-
TXO,202610W2,20261014.0,47550.0,Put,-,-,-,-,236,-,-,0,0,0,0,232,238,-,-
TXO,202610W2,20261014.0,47600.0,Call,-,-,-,-,1140,-,-,0,0,0,0,1120,1150,-,-
TXO,202610W2,20261014.0,47600.0,Put,-,-,-,-,250,-,-,0,0,0,2,245,253,306,306
TXO,202610W2,20261014.0,47650.0,Call,-,-,-,-,1100,-,-,0,0,0,0,1090,1110,-,-
TXO,202610W2,20261014.0,47650.0,Put,-,-,-,-,263,-,-,0,0,0,0,257,265,-,-
TXO,202610W2,20261014.0,47700.0,Call,-,-,-,-,1060,-,-,0,0,0,2,1050,1080,1080,1080
TXO,202610W2,20261014.0,47700.0,Put,295,297,263,272,272,▼-54,▼-16.56%,0,7,7,9,273,281,356,263
TXO,202610W2,20261014.0,47750.0,Call,-,-,-,-,1030,-,-,0,0,0,0,1020,1040,-,-
TXO,202610W2,20261014.0,47750.0,Put,-,-,-,-,293,-,-,0,0,0,1,288,295,498,498
TXO,202610W2,20261014.0,47800.0,Call,1010,1010,1010,1010,1010,▼-90,▼-8.18%,0,1,1,1,985,1000,1010,1010
TXO,202610W2,20261014.0,47800.0,Put,327,327,305,305,305,▼-51,▼-14.33%,0,2,2,2,302,312,500,305
TXO,202610W2,20261014.0,47850.0,Call,-,-,-,-,960,-,-,0,0,0,4,955,970,980,900
TXO,202610W2,20261014.0,47850.0,Put,-,-,-,-,325,-,-,0,0,0,4,318,328,490,406
TXO,202610W2,20261014.0,47900.0,Call,955,955,955,955,955,▼-75,▼-7.28%,0,2,2,1,920,935,955,760
TXO,202610W2,20261014.0,47900.0,Put,326,326,326,326,326,▼-63,▼-16.20%,0,2,2,1,337,346,530,326
TXO,202610W2,20261014.0,47950.0,Call,-,-,-,-,905,-,-,0,0,0,2,890,905,865,840
TXO,202610W2,20261014.0,47950.0,Put,-,-,-,-,359,-,-,1,0,1,3,353,363,550,417
TXO,202610W2,20261014.0,48000.0,Call,-,-,-,-,865,-,-,2,0,2,2,855,870,940,780
TXO,202610W2,20261014.0,48000.0,Put,359,383,359,376,376,▼-46,▼-10.90%,1,14,15,24,370,379,620,359
TXO,202610W2,20261014.0,48050.0,Call,-,-,-,-,835,-,-,0,0,0,2,825,840,810,780
TXO,202610W2,20261014.0,48050.0,Put,-,-,-,-,396,-,-,0,0,0,3,391,400,595,535
TXO,202610W2,20261014.0,48100.0,Call,-,-,-,-,805,-,-,0,0,0,0,795,810,-,-
TXO,202610W2,20261014.0,48100.0,Put,398,398,392,392,413,▼-70,▼-15.15%,0,6,6,7,408,417,590,392
TXO,202610W2,20261014.0,48150.0,Call,795,795,795,795,795,▼-80,▼-9.14%,0,2,2,3,765,780,795,650
TXO,202610W2,20261014.0,48150.0,Put,416,416,416,416,416,▼-66,▼-13.69%,0,2,2,2,430,441,640,416
TXO,202610W2,20261014.0,48200.0,Call,-,-,-,-,745,-,-,0,0,0,1,735,750,690,660
TXO,202610W2,20261014.0,48200.0,Put,433,450,433,442,442,▼-58,▼-11.60%,1,10,11,11,451,462,675,433
TXO,202610W2,20261014.0,48250.0,Call,-,-,-,-,715,-,-,0,0,0,2,705,720,670,655
TXO,202610W2,20261014.0,48250.0,Put,-,-,-,-,479,-,-,0,0,0,3,472,483,765,625
TXO,202610W2,20261014.0,48300.0,Call,680,710,680,710,710,▼-75,▼-9.55%,0,3,3,4,675,690,750,680
TXO,202610W2,20261014.0,48300.0,Put,478,478,478,478,500,▼-62,▼-11.48%,1,2,3,3,493,505,740,478
TXO,202610W2,20261014.0,48350.0,Call,-,-,-,-,660,-,-,0,0,0,1,650,665,755,755
TXO,202610W2,20261014.0,48350.0,Put,-,-,-,-,520,-,-,0,0,0,1,515,525,575,570
TXO,202610W2,20261014.0,48400.0,Call,-,-,-,-,630,-,-,1,0,1,2,625,640,715,570
TXO,202610W2,20261014.0,48400.0,Put,560,560,525,525,525,▼-65,▼-11.02%,1,2,3,3,535,550,805,525
TXO,202610W2,20261014.0,48450.0,Call,-,-,-,-,605,-,-,0,0,0,1,600,615,670,565
TXO,202610W2,20261014.0,48450.0,Put,-,-,-,-,570,-,-,0,0,0,1,560,575,805,805
TXO,202610W2,20261014.0,48500.0,Call,595,595,595,595,595,▼-80,▼-11.85%,0,1,1,2,575,590,660,595
TXO,202610W2,20261014.0,48500.0,Put,-,-,-,-,595,-,-,0,0,0,3,585,600,835,775
TXO,202610W2,20261014.0,48550.0,Call,-,-,-,-,555,-,-,0,0,0,2,550,565,650,525
TXO,202610W2,20261014.0,48550.0,Put,-,-,-,-,620,-,-,0,0,0,3,610,625,780,780
TXO,202610W2,20261014.0,48600.0,Call,-,-,-,-,535,-,-,0,0,0,0,530,540,-,-
TXO,202610W2,20261014.0,48600.0,Put,-,-,-,-,645,-,-,0,0,0,0,640,655,-,-
TXO,202610W2,20261014.0,48650.0,Call,-,-,-,-,510,-,-,0,0,0,0,505,515,-,-
TXO,202610W2,20261014.0,48650.0,Put,-,-,-,-,675,-,-,0,0,0,0,665,680,-,-
TXO,202610W2,20261014.0,48700.0,Call,-,-,-,-,489,-,-,0,0,0,4,482,493,565,450
TXO,202610W2,20261014.0,48700.0,Put,-,-,-,-,700,-,-,0,0,0,0,695,710,-,-
TXO,202610W2,20261014.0,48750.0,Call,-,-,-,-,467,-,-,0,0,0,2,463,473,440,440
TXO,202610W2,20261014.0,48750.0,Put,-,-,-,-,730,-,-,0,0,0,2,720,735,895,895
TXO,202610W2,20261014.0,48800.0,Call,463,463,463,463,463,▼-72,▼-13.46%,0,1,1,0,441,450,499,463
TXO,202610W2,20261014.0,48800.0,Put,-,-,-,-,755,-,-,0,0,0,0,750,765,-,-
TXO,202610W2,20261014.0,48850.0,Call,-,-,-,-,422,-,-,0,0,0,0,418,429,-,-
TXO,202610W2,20261014.0,48850.0,Put,-,-,-,-,785,-,-,0,0,0,0,780,795,-,-
TXO,202610W2,20261014.0,48900.0,Call,439,439,439,439,407,▼-53,▼-10.77%,0,5,5,5,403,412,439,439
TXO,202610W2,20261014.0,48900.0,Put,-,-,-,-,820,-,-,0,0,0,0,810,825,-,-
TXO,202610W2,20261014.0,48950.0,Call,-,-,-,-,388,-,-,0,0,0,2,383,392,325,325
TXO,202610W2,20261014.0,48950.0,Put,-,-,-,-,850,-,-,0,0,0,0,840,855,-,-
TXO,202610W2,20261014.0,49000.0,Call,375,383,366,366,366,▼-85,▼-18.85%,1,7,8,14,365,374,383,350
TXO,202610W2,20261014.0,49000.0,Put,-,-,-,-,880,-,-,0,0,0,0,875,890,-,-
TXO,202610W2,20261014.0,49050.0,Call,-,-,-,-,352,-,-,0,0,0,0,345,355,-,-
TXO,202610W2,20261014.0,49050.0,Put,-,-,-,-,915,-,-,0,0,0,0,905,920,-,-
TXO,202610W2,20261014.0,49100.0,Call,367,390,367,390,335,▼-23,▼-5.57%,4,2,6,6,328,337,400,308
TXO,202610W2,20261014.0,49100.0,Put,-,-,-,-,950,-,-,0,0,0,0,940,955,-,-
TXO,202610W2,20261014.0,49150.0,Call,-,-,-,-,319,-,-,0,0,0,0,314,323,-,-
TXO,202610W2,20261014.0,49150.0,Put,-,-,-,-,980,-,-,0,0,0,0,970,985,-,-
TXO,202610W2,20261014.0,49200.0,Call,330,342,330,339,303,▼-39,▼-10.32%,2,3,5,8,297,305,435,280
TXO,202610W2,20261014.0,49200.0,Put,-,-,-,-,1020,-,-,0,0,0,0,1000,1020,-,-
TXO,202610W2,20261014.0,49250.0,Call,-,-,-,-,288,-,-,0,0,0,0,282,290,-,-
TXO,202610W2,20261014.0,49250.0,Put,-,-,-,-,1050,-,-,0,0,0,0,1040,1060,-,-
TXO,202610W2,20261014.0,49300.0,Call,296,296,296,296,273,▼-48,▼-13.95%,0,1,1,8,270,278,350,263
TXO,202610W2,20261014.0,49300.0,Put,-,-,-,-,1090,-,-,0,0,0,0,1070,1100,-,-
TXO,202610W2,20261014.0,49350.0,Call,-,-,-,-,259,-,-,0,0,0,0,254,262,-,-
TXO,202610W2,20261014.0,49350.0,Put,-,-,-,-,1120,-,-,0,0,0,0,1110,1130,-,-
TXO,202610W2,20261014.0,49400.0,Call,-,-,-,-,246,-,-,0,0,0,0,241,249,292,210
TXO,202610W2,20261014.0,49400.0,Put,-,-,-,-,1160,-,-,0,0,0,0,1140,1170,-,-
TXO,202610W2,20261014.0,49450.0,Call,-,-,-,-,234,-,-,0,0,0,0,230,236,-,-
TXO,202610W2,20261014.0,49450.0,Put,-,-,-,-,1200,-,-,0,0,0,0,1180,1210,-,-
TXO,202610W2,20261014.0,49500.0,Call,241,241,223,223,223,▼-60,▼-21.20%,3,3,6,3,219,225,260,178
TXO,202610W2,20261014.0,49500.0,Put,-,-,-,-,1230,-,-,0,0,0,0,1220,1250,-,-
TXO,202610W2,20261014.0,49550.0,Call,-,-,-,-,210,-,-,0,0,0,0,206,212,-,-
TXO,202610W2,20261014.0,49550.0,Put,-,-,-,-,1270,-,-,0,0,0,0,1260,1280,-,-
TXO,202610W2,20261014.0,49600.0,Call,230,230,230,230,198,▼-29,▼-11.20%,0,1,1,2,195,201,230,212
TXO,202610W2,20261014.0,49600.0,Put,-,-,-,-,1310,-,-,0,0,0,0,1300,1320,-,-
TXO,202610W2,20261014.0,49650.0,Call,-,-,-,-,187,-,-,0,0,0,0,184,191,-,-
TXO,202610W2,20261014.0,49650.0,Put,-,-,-,-,1350,-,-,0,0,0,0,1340,1360,-,-
TXO,202610W2,20261014.0,49700.0,Call,204,205,196,202,177,▼-33,▼-14.04%,0,7,7,6,174,181,205,185
TXO,202610W2,20261014.0,49700.0,Put,-,-,-,-,1390,-,-,0,0,0,0,1370,1400,-,-
TXO,202610W2,20261014.0,49750.0,Call,-,-,-,-,168,-,-,0,0,0,0,166,172,-,-
TXO,202610W2,20261014.0,49750.0,Put,-,-,-,-,1430,-,-,0,0,0,0,1420,1440,-,-
TXO,202610W2,20261014.0,49800.0,Call,171,182,171,182,160,▼-30,▼-14.15%,1,2,3,2,157,164,213,126
TXO,202610W2,20261014.0,49800.0,Put,-,-,-,-,1470,-,-,0,0,0,0,1460,1480,-,-
TXO,202610W2,20261014.0,49900.0,Call,159,163,154,154,154,▼-37,▼-19.37%,0,7,7,5,139,145,163,154
TXO,202610W2,20261014.0,49900.0,Put,-,-,-,-,1560,-,-,0,0,0,0,1540,1570,-,-
TXO,202610W2,20261014.0,50000.0,Call,133,145,125,125,125,▼-51,▼-28.98%,15,117,132,108,125,131,176,100
TXO,202610W2,20261014.0,50000.0,Put,-,-,-,-,1640,-,-,0,0,0,0,1620,1650,-,-
TXO,202610W2,20261014.0,50100.0,Call,126,140,126,140,114,▼-14,▼-9.09%,2,2,4,3,111,117,140,104
TXO,202610W2,20261014.0,50100.0,Put,-,-,-,-,1730,-,-,0,0,0,0,1710,1740,-,-
TXO,202610W2,20261014.0,50200.0,Call,-,-,-,-,100,-,-,0,0,0,4,97,103,160,77
TXO,202610W2,20261014.0,50200.0,Put,-,-,-,-,1810,-,-,0,0,0,0,1800,-,-,-
TXO,202610W2,20261014.0,50300.0,Call,-,-,-,-,88,-,-,0,0,0,1,86,91,101,101
TXO,202610W2,20261014.0,50300.0,Put,-,-,-,-,1900,-,-,0,0,0,0,1890,1910,-,-
TXO,202610W2,20261014.0,50400.0,Call,-,-,-,-,79,-,-,0,0,0,4,77,82,101,63
TXO,202610W2,20261014.0,50400.0,Put,-,-,-,-,1990,-,-,0,0,0,0,1970,2000,-,-
TXO,202610W2,20261014.0,50500.0,Call,70,77,70,77,77,▼-11,▼-12.50%,0,40,40,30,68,71,107,52
TXO,202610W2,20261014.0,50500.0,Put,-,-,-,-,2080,-,-,0,0,0,0,-,2100,-,-
TXO,202610W2,20261014.0,50600.0,Call,-,-,-,-,61,-,-,0,0,0,1,60,63,53,50
TXO,202610W2,20261014.0,50600.0,Put,-,-,-,-,2170,-,-,0,0,0,0,2160,2190,-,-
TXO,202610W2,20261014.0,50700.0,Call,69,69,64,64,54,▼-8,▼-11.11%,1,3,4,6,53,56,72,43
TXO,202610W2,20261014.0,50700.0,Put,-,-,-,-,2270,-,-,0,0,0,0,2250,2280,-,-
TXO,202610W2,20261014.0,50800.0,Call,-,-,-,-,48,-,-,0,0,0,2,47,49.5,80,80
TXO,202610W2,20261014.0,50800.0,Put,-,-,-,-,2360,-,-,0,0,0,0,2340,2370,-,-
TXO,202610W2,20261014.0,50900.0,Call,56,56,56,56,42.5,▼-4,▼-6.67%,6,1,7,7,41.5,44,69,48.5
TXO,202610W2,20261014.0,50900.0,Put,-,-,-,-,2450,-,-,0,0,0,0,2440,2470,-,-
TXO,202610W2,20261014.0,51000.0,Call,40,40,40,40,40,▼-13,▼-24.53%,0,1,1,1,36.5,39,40,40
TXO,202610W2,20261014.0,51000.0,Put,-,-,-,-,2550,-,-,0,0,0,0,2530,2560,-,-
TXO,202610W2,20261014.0,51100.0,Call,32,32,32,32,32,▼-15.5,▼-32.63%,0,1,1,1,32.5,34,32,32
TXO,202610W2,20261014.0,51100.0,Put,-,-,-,-,2640,-,-,0,0,0,0,2630,2660,-,-
TXO,202610W2,20261014.0,51200.0,Call,36.5,36.5,28.5,28.5,28.5,▼-13.5,▼-32.14%,0,2,2,0,29,30.5,36.5,28.5
TXO,202610W2,20261014.0,51200.0,Put,-,-,-,-,2740,-,-,0,0,0,0,-,2760,-,-
TXO,202610W2,20261014.0,51300.0,Call,-,-,-,-,26.5,-,-,0,0,0,0,26,27.5,-,-
TXO,202610W2,20261014.0,51300.0,Put,-,-,-,-,2840,-,-,0,0,0,0,2820,2850,-,-
TXO,202610W2,20261014.0,51400.0,Call,-,-,-,-,23.5,-,-,0,0,0,0,23,24.5,-,-
TXO,202610W2,20261014.0,51400.0,Put,-,-,-,-,2940,-,-,0,0,0,0,2920,2950,-,-
TXO,202610W2,20261014.0,51500.0,Call,-,-,-,-,21,-,-,2,0,2,3,20.5,22,38,22
TXO,202610W2,20261014.0,51500.0,Put,-,-,-,-,3030,-,-,0,0,0,0,3020,3050,-,-
TXO,202610W2,20261014.0,51600.0,Call,22,22,20,20,20,▼-6.5,▼-24.53%,1,3,4,2,18.5,20,40,19.5
TXO,202610W2,20261014.0,51600.0,Put,-,-,-,-,3130,-,-,0,0,0,0,3110,3140,-,-
TXO,202610W2,20261014.0,51700.0,Call,-,-,-,-,17.5,-,-,0,0,0,1,17,18,25.5,25.5
TXO,202610W2,20261014.0,51700.0,Put,-,-,-,-,3230,-,-,0,0,0,0,3210,3240,-,-
TXO,202610W2,20261014.0,51800.0,Call,15.5,15.5,15.5,15.5,15.5,▼-6,▼-27.91%,0,1,1,1,15,16,15.5,15.5
TXO,202610W2,20261014.0,51800.0,Put,-,-,-,-,3330,-,-,0,0,0,0,3310,3340,-,-
TXO,202610W2,20261014.0,51900.0,Call,-,-,-,-,14,-,-,1,0,1,2,13.5,14.5,17,15.5
TXO,202610W2,20261014.0,51900.0,Put,-,-,-,-,3430,-,-,0,0,0,0,3410,3440,-,-
TXO,202610W2,20261014.0,52000.0,Call,13,13,13,13,13,▼-5,▼-27.78%,1,2,3,2,12.5,13.5,15,13
TXO,202610W2,20261014.0,52000.0,Put,-,-,-,-,3520,-,-,0,0,0,0,3510,3540,-,-
TXO,202610W2,20261014.0,52100.0,Call,-,-,-,-,12,-,-,2,0,2,2,11.5,12.5,14.5,13
TXO,202610W2,20261014.0,52100.0,Put,-,-,-,-,3620,-,-,0,0,0,0,3610,3640,-,-
TXO,202610W2,20261014.0,52200.0,Call,11,11,10,10,10.5,▼-5,▼-33.33%,0,3,3,3,10.5,11.5,13,10
TXO,202610W2,20261014.0,52200.0,Put,-,-,-,-,3720,-,-,0,0,0,0,3700,3740,-,-
TXO,202610W2,20261014.0,52300.0,Call,10.5,10.5,10,10,10,▼-3.5,▼-25.93%,1,12,13,10,9.6,10.5,10.5,10
TXO,202610W2,20261014.0,52300.0,Put,-,-,-,-,3820,-,-,0,0,0,0,3800,3840,-,-
TXO,202610W2,20261014.0,52400.0,Call,-,-,-,-,9.2,-,-,1,0,1,1,8.9,9.5,9.7,9.7
TXO,202610W2,20261014.0,52400.0,Put,-,-,-,-,3920,-,-,0,0,0,0,3900,3930,-,-
TXO,202610W2,20261014.0,52500.0,Call,-,-,-,-,8.5,-,-,3,0,3,4,8.2,8.8,9.4,8.9
TXO,202610W2,20261014.0,52500.0,Put,-,-,-,-,4020,-,-,0,0,0,0,4000,4030,-,-
TXO,202610W2,20261014.0,52600.0,Call,-,-,-,-,7.9,-,-,0,0,0,0,7.6,8.2,-,-
TXO,202610W2,20261014.0,52600.0,Put,-,-,-,-,4120,-,-,0,0,0,0,4100,4130,-,-
TXO,202610W2,20261014.0,52700.0,Call,-,-,-,-,7.4,-,-,0,0,0,0,7.1,7.7,-,-
TXO,202610W2,20261014.0,52700.0,Put,-,-,-,-,4220,-,-,0,0,0,0,4200,4230,-,-
TXO,202610W2,20261014.0,52800.0,Call,7.8,7.8,7.8,7.8,6.8,▼-1.5,▼-16.13%,2,1,3,8,6.6,7.1,9.3,6
TXO,202610W2,20261014.0,52800.0,Put,-,-,-,-,4320,-,-,0,0,0,0,4300,4330,-,-
TXO,202610W2,20261014.0,52900.0,Call,-,-,-,-,6.5,-,-,0,0,0,0,6.3,6.7,-,-
TXO,202610W2,20261014.0,52900.0,Put,-,-,-,-,4420,-,-,0,0,0,0,4400,4430,-,-
TXO,202610W2,20261014.0,53000.0,Call,-,-,-,-,6,-,-,0,0,0,0,5.8,6.3,-,-
TXO,202610W2,20261014.0,53000.0,Put,-,-,-,-,4520,-,-,0,0,0,0,4500,4530,-,-
TXO,202610W2,20261014.0,53100.0,Call,-,-,-,-,5.8,-,-,0,0,0,0,5.5,6.1,-,-
TXO,202610W2,20261014.0,53100.0,Put,-,-,-,-,4620,-,-,0,0,0,0,-,4630,-,-
TXO,202610W2,20261014.0,53200.0,Call,6.1,6.1,6.1,6.1,5.5,▲+2,▲+48.78%,0,1,1,1,5.3,5.7,6.1,6.1
TXO,202610W2,20261014.0,53200.0,Put,-,-,-,-,4720,-,-,0,0,0,0,-,4730,-,-
TXO,202610F3,20261016.0,43500.0,Call,-,-,-,-,5060,-,-,0,0,0,0,5040,5080,-,-
TXO,202610F3,20261016.0,43500.0,Put,26,26,19.5,19.5,19.5,▼-2,▼-9.30%,0,24,24,15,19,20,26,19.5
TXO,202610F3,20261016.0,43600.0,Call,-,-,-,-,4960,-,-,0,0,0,0,4940,4980,-,-
TXO,202610F3,20261016.0,43600.0,Put,-,-,-,-,20,-,-,0,0,0,0,19.5,20.5,-,-
TXO,202610F3,20261016.0,43700.0,Call,-,-,-,-,4860,-,-,0,0,0,0,4840,4880,-,-
TXO,202610F3,20261016.0,43700.0,Put,26.5,26.5,26.5,26.5,20.5,▲+3,▲+12.77%,0,1,1,1,20.5,21,26.5,26.5
TXO,202610F3,20261016.0,43800.0,Call,-,-,-,-,4760,-,-,0,0,0,0,4740,4780,-,-
TXO,202610F3,20261016.0,43800.0,Put,-,-,-,-,21.5,-,-,0,0,0,0,21,22,-,-
TXO,202610F3,20261016.0,43900.0,Call,-,-,-,-,4660,-,-,0,0,0,0,4640,4680,-,-
TXO,202610F3,20261016.0,43900.0,Put,30.5,30.5,30,30,22.5,▲+4,▲+15.38%,0,10,10,10,22,23,30.5,30
TXO,202610F3,20261016.0,44000.0,Call,-,-,-,-,4560,-,-,0,0,0,0,4540,4580,-,-
TXO,202610F3,20261016.0,44000.0,Put,-,-,-,-,23,-,-,0,0,0,0,22.5,23.5,-,-
TXO,202610F3,20261016.0,44100.0,Call,-,-,-,-,4460,-,-,0,0,0,0,4440,4480,-,-
TXO,202610F3,20261016.0,44100.0,Put,-,-,-,-,24,-,-,0,0,0,0,23.5,24.5,-,-
TXO,202610F3,20261016.0,44200.0,Call,-,-,-,-,4360,-,-,0,0,0,0,4350,4380,-,-
TXO,202610F3,20261016.0,44200.0,Put,-,-,-,-,25,-,-,0,0,0,0,24.5,25.5,-,-
TXO,202610F3,20261016.0,44300.0,Call,-,-,-,-,4260,-,-,0,0,0,0,4250,4280,-,-
TXO,202610F3,20261016.0,44300.0,Put,-,-,-,-,26,-,-,0,0,0,0,25.5,26.5,-,-
TXO,202610F3,20261016.0,44400.0,Call,-,-,-,-,4170,-,-,0,0,0,0,4150,-,-,-
TXO,202610F3,20261016.0,44400.0,Put,31,31,31,31,27,▼-3,▼-8.82%,0,1,1,1,26.5,27.5,31,31
TXO,202610F3,20261016.0,44500.0,Call,-,-,-,-,4070,-,-,0,0,0,0,4050,-,-,-
TXO,202610F3,20261016.0,44500.0,Put,38,38,36.5,36.5,28,▲+0.5,▲+1.39%,0,2,2,2,27.5,29,38,36.5
TXO,202610F3,20261016.0,44600.0,Call,-,-,-,-,3970,-,-,0,0,0,0,3950,-,-,-
TXO,202610F3,20261016.0,44600.0,Put,-,-,-,-,29.5,-,-,0,0,0,0,29,30,-,-
TXO,202610F3,20261016.0,44700.0,Call,-,-,-,-,3870,-,-,0,0,0,0,3850,3890,-,-
TXO,202610F3,20261016.0,44700.0,Put,-,-,-,-,31,-,-,0,0,0,0,30.5,31.5,-,-
TXO,202610F3,20261016.0,44800.0,Call,-,-,-,-,3770,-,-,0,0,0,0,3760,3790,-,-
TXO,202610F3,20261016.0,44800.0,Put,-,-,-,-,32.5,-,-,0,0,0,0,32,33.5,-,-
TXO,202610F3,20261016.0,44900.0,Call,-,-,-,-,3670,-,-,0,0,0,0,3660,3690,-,-
TXO,202610F3,20261016.0,44900.0,Put,-,-,-,-,34.5,-,-,0,0,0,0,34,35.5,-,-
TXO,202610F3,20261016.0,45000.0,Call,-,-,-,-,3580,-,-,0,0,0,0,3560,3590,-,-
TXO,202610F3,20261016.0,45000.0,Put,51,51,38,38,38,▼-10.5,▼-21.65%,0,10,10,9,36,37.5,51,38
TXO,202610F3,20261016.0,45100.0,Call,-,-,-,-,3480,-,-,0,0,0,0,3460,-,-,-
TXO,202610F3,20261016.0,45100.0,Put,-,-,-,-,39,-,-,0,0,0,0,38.5,40,-,-
TXO,202610F3,20261016.0,45200.0,Call,-,-,-,-,3380,-,-,0,0,0,0,3370,3400,-,-
TXO,202610F3,20261016.0,45200.0,Put,-,-,-,-,41.5,-,-,0,0,0,0,41,42.5,-,-
TXO,202610F3,20261016.0,45300.0,Call,-,-,-,-,3280,-,-,0,0,0,0,3270,3300,-,-
TXO,202610F3,20261016.0,45300.0,Put,65,65,50,50,44,▼-9,▼-15.25%,0,4,4,4,43.5,45,65,50
TXO,202610F3,20261016.0,45400.0,Call,-,-,-,-,3190,-,-,0,0,0,0,3170,-,-,-
TXO,202610F3,20261016.0,45400.0,Put,65,67,65,66,47,▲+3,▲+4.76%,0,4,4,4,46.5,48,67,65
TXO,202610F3,20261016.0,45500.0,Call,-,-,-,-,3090,-,-,0,0,0,0,3080,3110,-,-
TXO,202610F3,20261016.0,45500.0,Put,69,72,54,54,54,▼-14,▼-20.59%,0,20,20,20,50,52,72,54
TXO,202610F3,20261016.0,45600.0,Call,-,-,-,-,2990,-,-,0,0,0,0,2980,3010,-,-
TXO,202610F3,20261016.0,45600.0,Put,61,61,57,57,57,▼-16,▼-21.92%,0,18,18,18,54,56,61,57
TXO,202610F3,20261016.0,45700.0,Call,-,-,-,-,2900,-,-,0,0,0,0,2880,-,-,-
TXO,202610F3,20261016.0,45700.0,Put,77,77,61,61,61,▼-17,▼-21.79%,0,17,17,17,58,60,77,61
TXO,202610F3,20261016.0,45800.0,Call,-,-,-,-,2800,-,-,0,0,0,0,2790,2820,-,-
TXO,202610F3,20261016.0,45800.0,Put,71,71,70,70,64,▼-14,▼-16.67%,0,16,16,16,63,65,71,70
TXO,202610F3,20261016.0,45900.0,Call,-,-,-,-,2710,-,-,0,0,0,0,2690,-,-,-
TXO,202610F3,20261016.0,45900.0,Put,102,102,75,75,69,▼-15,▼-16.67%,0,15,15,15,68,71,102,75
TXO,202610F3,20261016.0,46000.0,Call,-,-,-,-,2610,-,-,0,0,0,0,2600,2630,-,-
TXO,202610F3,20261016.0,46000.0,Put,104,112,74,74,74,▼-23,▼-23.71%,0,15,15,15,74,77,112,74
TXO,202610F3,20261016.0,46100.0,Call,-,-,-,-,2520,-,-,0,0,0,0,2510,2540,-,-
TXO,202610F3,20261016.0,46100.0,Put,85,85,85,85,85,▼-20,▼-19.05%,0,6,6,6,81,84,85,85
TXO,202610F3,20261016.0,46200.0,Call,-,-,-,-,2430,-,-,0,0,0,0,2410,-,-,-
TXO,202610F3,20261016.0,46200.0,Put,-,-,-,-,89,-,-,0,0,0,0,88,91,-,-
TXO,202610F3,20261016.0,46300.0,Call,-,-,-,-,2340,-,-,0,0,0,0,2320,-,-,-
TXO,202610F3,20261016.0,46300.0,Put,-,-,-,-,98,-,-,0,0,0,0,96,101,-,-
TXO,202610F3,20261016.0,46400.0,Call,-,-,-,-,2250,-,-,0,0,0,0,2230,-,-,-
TXO,202610F3,20261016.0,46400.0,Put,-,-,-,-,108,-,-,0,0,0,0,106,111,-,-
TXO,202610F3,20261016.0,46500.0,Call,-,-,-,-,2160,-,-,0,0,0,0,2140,-,-,-
TXO,202610F3,20261016.0,46500.0,Put,165,165,114,114,114,▼-28,▼-19.72%,0,15,15,5,116,121,165,114
TXO,202610F3,20261016.0,46600.0,Call,-,-,-,-,2070,-,-,0,0,0,0,2050,-,-,-
TXO,202610F3,20261016.0,46600.0,Put,185,185,148,148,130,▼-5,▼-3.27%,0,2,2,0,128,133,185,148
TXO,202610F3,20261016.0,46700.0,Call,-,-,-,-,1980,-,-,0,0,0,0,1970,2000,-,-
TXO,202610F3,20261016.0,46700.0,Put,-,-,-,-,143,-,-,0,0,0,0,141,146,-,-
TXO,202610F3,20261016.0,46800.0,Call,-,-,-,-,1900,-,-,0,0,0,0,1880,1910,-,-
TXO,202610F3,20261016.0,46800.0,Put,165,165,149,155,155,▼-25,▼-13.89%,0,5,5,3,154,158,165,149
TXO,202610F3,20261016.0,46900.0,Call,-,-,-,-,1810,-,-,0,0,0,0,1800,1830,-,-
TXO,202610F3,20261016.0,46900.0,Put,193,193,193,193,172,▼-1,▼-0.52%,0,1,1,1,169,175,193,193
TXO,202610F3,20261016.0,46950.0,Call,-,-,-,-,1770,-,-,0,0,0,0,1760,1790,-,-
TXO,202610F3,20261016.0,46950.0,Put,-,-,-,-,181,-,-,0,0,0,0,177,184,-,-
TXO,202610F3,20261016.0,47000.0,Call,-,-,-,-,1730,-,-,0,0,0,0,1720,1750,-,-
TXO,202610F3,20261016.0,47000.0,Put,-,-,-,-,191,-,-,0,0,0,0,188,194,-,-
TXO,202610F3,20261016.0,47050.0,Call,-,-,-,-,1690,-,-,0,0,0,0,1670,-,-,-
TXO,202610F3,20261016.0,47050.0,Put,-,-,-,-,199,-,-,0,0,0,0,196,203,-,-
TXO,202610F3,20261016.0,47100.0,Call,-,-,-,-,1650,-,-,0,0,0,0,1630,-,-,-
TXO,202610F3,20261016.0,47100.0,Put,-,-,-,-,210,-,-,0,0,0,0,207,213,-,-
TXO,202610F3,20261016.0,47150.0,Call,-,-,-,-,1610,-,-,0,0,0,0,1590,-,-,-
TXO,202610F3,20261016.0,47150.0,Put,254,254,250,250,220,▲+14,▲+5.93%,0,30,30,30,217,223,254,250
TXO,202610F3,20261016.0,47200.0,Call,-,-,-,-,1570,-,-,0,0,0,0,1560,1590,-,-
TXO,202610F3,20261016.0,47200.0,Put,249,249,249,249,231,▲+4,▲+1.63%,0,10,10,10,227,234,249,249
TXO,202610F3,20261016.0,47250.0,Call,-,-,-,-,1530,-,-,0,0,0,0,1520,1550,-,-
TXO,202610F3,20261016.0,47250.0,Put,305,305,305,305,243,▲+50,▲+19.61%,0,1,1,1,239,247,305,305
TXO,202610F3,20261016.0,47300.0,Call,-,-,-,-,1490,-,-,0,0,0,0,1480,1510,-,-
TXO,202610F3,20261016.0,47300.0,Put,-,-,-,-,255,-,-,0,0,0,0,250,258,-,-
TXO,202610F3,20261016.0,47350.0,Call,-,-,-,-,1460,-,-,0,0,0,0,1440,1470,-,-
TXO,202610F3,20261016.0,47350.0,Put,302,302,302,302,267,▲+26,▲+9.42%,0,1,1,1,263,271,302,302
TXO,202610F3,20261016.0,47400.0,Call,-,-,-,-,1420,-,-,0,0,0,0,1400,-,-,-
TXO,202610F3,20261016.0,47400.0,Put,350,350,350,350,279,▲+63,▲+21.95%,0,1,1,1,272,281,350,350
TXO,202610F3,20261016.0,47450.0,Call,-,-,-,-,1380,-,-,0,0,0,0,1370,1400,-,-
TXO,202610F3,20261016.0,47450.0,Put,358,358,358,358,292,▲+60,▲+20.13%,0,1,1,1,288,295,358,358
TXO,202610F3,20261016.0,47500.0,Call,-,-,-,-,1350,-,-,0,0,0,0,1330,1360,-,-
TXO,202610F3,20261016.0,47500.0,Put,-,-,-,-,306,-,-,0,0,0,0,302,310,-,-
TXO,202610F3,20261016.0,47550.0,Call,-,-,-,-,1310,-,-,0,0,0,0,1290,-,-,-
TXO,202610F3,20261016.0,47550.0,Put,-,-,-,-,319,-,-,0,0,0,0,315,324,-,-
TXO,202610F3,20261016.0,47600.0,Call,-,-,-,-,1270,-,-,0,0,0,0,1260,1290,-,-
TXO,202610F3,20261016.0,47600.0,Put,-,-,-,-,334,-,-,0,0,0,0,328,338,-,-
TXO,202610F3,20261016.0,47650.0,Call,-,-,-,-,1240,-,-,0,0,0,0,1230,1250,-,-
TXO,202610F3,20261016.0,47650.0,Put,-,-,-,-,349,-,-,0,0,0,0,344,354,-,-
TXO,202610F3,20261016.0,47700.0,Call,-,-,-,-,1210,-,-,0,0,0,0,1190,1210,-,-
TXO,202610F3,20261016.0,47700.0,Put,-,-,-,-,365,-,-,0,0,0,0,359,367,-,-
TXO,202610F3,20261016.0,47750.0,Call,-,-,-,-,1170,-,-,0,0,0,0,1160,1180,-,-
TXO,202610F3,20261016.0,47750.0,Put,-,-,-,-,381,-,-,0,0,0,0,374,385,-,-
TXO,202610F3,20261016.0,47800.0,Call,-,-,-,-,1140,-,-,0,0,0,0,1130,1150,-,-
TXO,202610F3,20261016.0,47800.0,Put,-,-,-,-,397,-,-,0,0,0,0,393,402,-,-
TXO,202610F3,20261016.0,47850.0,Call,-,-,-,-,1110,-,-,0,0,0,0,1090,1110,-,-
TXO,202610F3,20261016.0,47850.0,Put,488,488,488,488,415,▲+84,▲+20.79%,0,1,1,1,406,417,488,488
TXO,202610F3,20261016.0,47900.0,Call,-,-,-,-,1070,-,-,0,0,0,0,1060,1080,-,-
TXO,202610F3,20261016.0,47900.0,Put,-,-,-,-,432,-,-,0,0,0,0,426,437,-,-
TXO,202610F3,20261016.0,47950.0,Call,-,-,-,-,1040,-,-,0,0,0,0,1030,1050,-,-
TXO,202610F3,20261016.0,47950.0,Put,-,-,-,-,450,-,-,0,0,0,0,445,456,-,-
TXO,202610F3,20261016.0,48000.0,Call,1080,1080,1080,1080,1010,▼-20,▼-1.82%,0,1,1,1,995,1020,1080,1080
TXO,202610F3,20261016.0,48000.0,Put,-,-,-,-,469,-,-,0,0,0,0,461,472,-,-
TXO,202610F3,20261016.0,48050.0,Call,-,-,-,-,980,-,-,0,0,0,0,970,985,-,-
TXO,202610F3,20261016.0,48050.0,Put,-,-,-,-,487,-,-,0,0,0,0,482,493,-,-
TXO,202610F3,20261016.0,48100.0,Call,-,-,-,-,950,-,-,0,0,0,0,940,955,-,-
TXO,202610F3,20261016.0,48100.0,Put,-,-,-,-,505,-,-,0,0,0,0,500,510,-,-
TXO,202610F3,20261016.0,48150.0,Call,-,-,-,-,920,-,-,0,0,0,0,910,925,-,-
TXO,202610F3,20261016.0,48150.0,Put,-,-,-,-,530,-,-,0,0,0,0,520,530,-,-
TXO,202610F3,20261016.0,48200.0,Call,-,-,-,-,890,-,-,0,0,0,0,880,895,-,-
TXO,202610F3,20261016.0,48200.0,Put,-,-,-,-,550,-,-,0,0,0,0,540,555,-,-
TXO,202610F3,20261016.0,48250.0,Call,-,-,-,-,860,-,-,0,0,0,0,850,865,-,-
TXO,202610F3,20261016.0,48250.0,Put,-,-,-,-,570,-,-,0,0,0,0,565,575,-,-
TXO,202610F3,20261016.0,48300.0,Call,-,-,-,-,835,-,-,0,0,0,0,825,840,-,-
TXO,202610F3,20261016.0,48300.0,Put,-,-,-,-,590,-,-,0,0,0,0,585,600,-,-
TXO,202610F3,20261016.0,48350.0,Call,-,-,-,-,805,-,-,0,0,0,0,795,810,-,-
TXO,202610F3,20261016.0,48350.0,Put,-,-,-,-,615,-,-,0,0,0,0,605,620,-,-
TXO,202610F3,20261016.0,48400.0,Call,-,-,-,-,780,-,-,0,0,0,0,770,785,-,-
TXO,202610F3,20261016.0,48400.0,Put,-,-,-,-,640,-,-,0,0,0,0,630,645,-,-
TXO,202610F3,20261016.0,48450.0,Call,-,-,-,-,755,-,-,0,0,0,0,745,760,-,-
TXO,202610F3,20261016.0,48450.0,Put,-,-,-,-,665,-,-,0,0,0,0,655,670,-,-
TXO,202610F3,20261016.0,48500.0,Call,-,-,-,-,730,-,-,0,0,0,0,720,735,-,-
TXO,202610F3,20261016.0,48500.0,Put,740,740,740,740,685,▲+95,▲+14.73%,0,1,1,1,680,695,740,740
TXO,202610F3,20261016.0,48550.0,Call,-,-,-,-,705,-,-,0,0,0,0,690,705,-,-
TXO,202610F3,20261016.0,48550.0,Put,-,-,-,-,710,-,-,0,0,0,0,705,720,-,-
TXO,202610F3,20261016.0,48600.0,Call,-,-,-,-,680,-,-,0,0,0,0,670,685,-,-
TXO,202610F3,20261016.0,48600.0,Put,-,-,-,-,735,-,-,0,0,0,0,730,745,-,-
TXO,202610F3,20261016.0,48650.0,Call,-,-,-,-,655,-,-,0,0,0,0,645,660,-,-
TXO,202610F3,20261016.0,48650.0,Put,-,-,-,-,765,-,-,0,0,0,0,755,770,-,-
TXO,202610F3,20261016.0,48700.0,Call,-,-,-,-,630,-,-,0,0,0,0,620,635,-,-
TXO,202610F3,20261016.0,48700.0,Put,-,-,-,-,790,-,-,0,0,0,0,780,795,-,-
TXO,202610F3,20261016.0,48750.0,Call,-,-,-,-,610,-,-,0,0,0,0,600,615,-,-
TXO,202610F3,20261016.0,48750.0,Put,-,-,-,-,815,-,-,0,0,0,0,810,825,-,-
TXO,202610F3,20261016.0,48800.0,Call,-,-,-,-,585,-,-,0,0,0,0,575,590,-,-
TXO,202610F3,20261016.0,48800.0,Put,-,-,-,-,845,-,-,0,0,0,0,835,850,-,-
TXO,202610F3,20261016.0,48850.0,Call,-,-,-,-,565,-,-,0,0,0,0,555,570,-,-
TXO,202610F3,20261016.0,48850.0,Put,-,-,-,-,875,-,-,0,0,0,0,865,880,-,-
TXO,202610F3,20261016.0,48900.0,Call,-,-,-,-,545,-,-,0,0,0,0,535,550,-,-
TXO,202610F3,20261016.0,48900.0,Put,-,-,-,-,900,-,-,0,0,0,0,895,910,-,-
TXO,202610F3,20261016.0,48950.0,Call,-,-,-,-,520,-,-,0,0,0,0,515,525,-,-
TXO,202610F3,20261016.0,48950.0,Put,-,-,-,-,930,-,-,0,0,0,0,920,935,-,-
TXO,202610F3,20261016.0,49000.0,Call,510,510,510,510,510,▼-40,▼-7.27%,0,1,1,1,494,505,510,510
TXO,202610F3,20261016.0,49000.0,Put,-,-,-,-,960,-,-,0,0,0,0,950,965,-,-
TXO,202610F3,20261016.0,49050.0,Call,-,-,-,-,482,-,-,0,0,0,0,476,488,-,-
TXO,202610F3,20261016.0,49050.0,Put,-,-,-,-,990,-,-,0,0,0,0,985,1000,-,-
TXO,202610F3,20261016.0,49100.0,Call,-,-,-,-,463,-,-,0,0,0,0,456,467,-,-
TXO,202610F3,20261016.0,49100.0,Put,-,-,-,-,1020,-,-,0,0,0,0,1010,1030,-,-
TXO,202610F3,20261016.0,49150.0,Call,493,493,493,493,444,▲+2,▲+0.41%,0,1,1,1,438,449,493,493
TXO,202610F3,20261016.0,49150.0,Put,-,-,-,-,1050,-,-,0,0,0,0,1040,1060,-,-
TXO,202610F3,20261016.0,49200.0,Call,-,-,-,-,426,-,-,0,0,0,0,420,431,-,-
TXO,202610F3,20261016.0,49200.0,Put,-,-,-,-,1080,-,-,0,0,0,0,1080,1100,-,-
TXO,202610F3,20261016.0,49250.0,Call,-,-,-,-,408,-,-,0,0,0,0,403,413,-,-
TXO,202610F3,20261016.0,49250.0,Put,-,-,-,-,1120,-,-,0,0,0,0,1110,1130,-,-
TXO,202610F3,20261016.0,49300.0,Call,404,404,404,404,404,▼-30,▼-6.91%,0,1,1,1,390,399,404,404
TXO,202610F3,20261016.0,49300.0,Put,-,-,-,-,1150,-,-,0,0,0,0,1140,1160,-,-
TXO,202610F3,20261016.0,49350.0,Call,401,401,401,401,378,▼-15,▼-3.61%,0,1,1,1,372,383,401,401
TXO,202610F3,20261016.0,49350.0,Put,-,-,-,-,1190,-,-,0,0,0,0,1170,1200,-,-
TXO,202610F3,20261016.0,49400.0,Call,374,400,374,388,363,▼-10,▼-2.51%,0,5,5,4,356,365,400,374
TXO,202610F3,20261016.0,49400.0,Put,-,-,-,-,1220,-,-,0,0,0,0,1210,1230,-,-
TXO,202610F3,20261016.0,49450.0,Call,-,-,-,-,348,-,-,0,0,0,0,342,352,-,-
TXO,202610F3,20261016.0,49450.0,Put,-,-,-,-,1260,-,-,0,0,0,0,1240,1260,-,-
TXO,202610F3,20261016.0,49500.0,Call,362,362,356,356,333,▼-9,▼-2.47%,0,2,2,2,327,337,362,356
TXO,202610F3,20261016.0,49500.0,Put,-,-,-,-,1290,-,-,0,0,0,0,1280,1300,-,-
TXO,202610F3,20261016.0,49550.0,Call,-,-,-,-,319,-,-,0,0,0,0,313,323,-,-
TXO,202610F3,20261016.0,49550.0,Put,-,-,-,-,1330,-,-,0,0,0,0,1310,1340,-,-
TXO,202610F3,20261016.0,49600.0,Call,-,-,-,-,305,-,-,0,0,0,0,300,310,-,-
TXO,202610F3,20261016.0,49600.0,Put,-,-,-,-,1360,-,-,0,0,0,0,1350,1380,-,-
TXO,202610F3,20261016.0,49650.0,Call,-,-,-,-,292,-,-,0,0,0,0,286,294,-,-
TXO,202610F3,20261016.0,49650.0,Put,-,-,-,-,1400,-,-,0,0,0,0,-,1420,-,-
TXO,202610F3,20261016.0,49700.0,Call,306,306,289,289,289,▼-17,▼-5.56%,0,3,3,3,276,284,306,289
TXO,202610F3,20261016.0,49700.0,Put,-,-,-,-,1440,-,-,0,0,0,0,1420,1450,-,-
TXO,202610F3,20261016.0,49750.0,Call,-,-,-,-,268,-,-,0,0,0,0,261,269,-,-
TXO,202610F3,20261016.0,49750.0,Put,-,-,-,-,1480,-,-,0,0,0,0,1460,1490,-,-
TXO,202610F3,20261016.0,49800.0,Call,-,-,-,-,256,-,-,0,0,0,0,250,258,-,-
TXO,202610F3,20261016.0,49800.0,Put,-,-,-,-,1510,-,-,0,0,0,0,1500,1530,-,-
TXO,202610F3,20261016.0,49900.0,Call,-,-,-,-,233,-,-,0,0,0,0,229,237,-,-
TXO,202610F3,20261016.0,49900.0,Put,-,-,-,-,1590,-,-,0,0,0,0,-,1610,-,-
TXO,202610F3,20261016.0,50000.0,Call,209,243,209,220,220,▼-11,▼-4.76%,0,6,6,3,209,215,243,209
TXO,202610F3,20261016.0,50000.0,Put,-,-,-,-,1670,-,-,0,0,0,0,-,1690,-,-
TXO,202610F3,20261016.0,50100.0,Call,207,207,207,207,207,▼-3,▼-1.43%,0,1,1,1,190,196,207,207
TXO,202610F3,20261016.0,50100.0,Put,-,-,-,-,1750,-,-,0,0,0,0,-,1770,-,-
TXO,202610F3,20261016.0,50200.0,Call,-,-,-,-,176,-,-,0,0,0,0,172,179,-,-
TXO,202610F3,20261016.0,50200.0,Put,-,-,-,-,1830,-,-,0,0,0,0,1820,1850,-,-
TXO,202610F3,20261016.0,50300.0,Call,180,180,180,180,160,▲+7,▲+4.05%,0,2,2,2,157,163,180,180
TXO,202610F3,20261016.0,50300.0,Put,-,-,-,-,1920,-,-,0,0,0,0,1900,1930,-,-
TXO,202610F3,20261016.0,50400.0,Call,-,-,-,-,146,-,-,0,0,0,0,143,149,-,-
TXO,202610F3,20261016.0,50400.0,Put,-,-,-,-,2000,-,-,0,0,0,0,1990,2020,-,-
TXO,202610F3,20261016.0,50500.0,Call,-,-,-,-,132,-,-,0,0,0,0,129,135,-,-
TXO,202610F3,20261016.0,50500.0,Put,-,-,-,-,2090,-,-,0,0,0,0,2070,2100,-,-
TXO,202610F3,20261016.0,50600.0,Call,134,134,134,134,120,▲+6,▲+4.69%,0,1,1,1,116,121,134,134
TXO,202610F3,20261016.0,50600.0,Put,-,-,-,-,2180,-,-,0,0,0,0,2160,2190,-,-
TXO,202610F3,20261016.0,50700.0,Call,119,119,119,119,119,▲+3,▲+2.59%,0,1,1,1,104,109,119,119
TXO,202610F3,20261016.0,50700.0,Put,-,-,-,-,2270,-,-,0,0,0,0,2250,2280,-,-
TXO,202610F3,20261016.0,50800.0,Call,108,108,107,108,108,▲+4,▲+3.85%,0,6,6,6,95,100,108,107
TXO,202610F3,20261016.0,50800.0,Put,-,-,-,-,2360,-,-,0,0,0,0,2340,2370,-,-
TXO,202610F3,20261016.0,50900.0,Call,100,100,100,100,88,▲+6,▲+6.38%,0,1,1,1,84,88,100,100
TXO,202610F3,20261016.0,50900.0,Put,-,-,-,-,2450,-,-,0,0,0,0,2430,2460,-,-
TXO,202610F3,20261016.0,51000.0,Call,-,-,-,-,79,-,-,0,0,0,0,77,80,-,-
TXO,202610F3,20261016.0,51000.0,Put,-,-,-,-,2540,-,-,0,0,0,0,2520,2550,-,-
TXO,202610F3,20261016.0,51100.0,Call,80,80,80,80,71,▲+4,▲+5.26%,0,1,1,1,69,71,80,80
TXO,202610F3,20261016.0,51100.0,Put,-,-,-,-,2630,-,-,0,0,0,0,2610,2640,-,-
TXO,202610F3,20261016.0,51200.0,Call,-,-,-,-,64,-,-,0,0,0,0,62,65,-,-
TXO,202610F3,20261016.0,51200.0,Put,-,-,-,-,2720,-,-,0,0,0,0,-,2740,-,-
TXO,202610F3,20261016.0,51300.0,Call,65,65,65,65,58,▲+3,▲+4.84%,0,1,1,1,56,59,65,65
TXO,202610F3,20261016.0,51300.0,Put,-,-,-,-,2810,-,-,0,0,0,0,2800,2830,-,-
TXO,202610F3,20261016.0,51400.0,Call,-,-,-,-,52,-,-,0,0,0,0,50,53,-,-
TXO,202610F3,20261016.0,51400.0,Put,-,-,-,-,2910,-,-,0,0,0,0,2890,2920,-,-
TXO,202610F3,20261016.0,51500.0,Call,-,-,-,-,47.5,-,-,0,0,0,0,46,48.5,-,-
TXO,202610F3,20261016.0,51500.0,Put,-,-,-,-,3000,-,-,0,0,0,0,2990,3020,-,-
TXO,202610F3,20261016.0,51600.0,Call,-,-,-,-,42.5,-,-,0,0,0,0,41.5,43.5,-,-
TXO,202610F3,20261016.0,51600.0,Put,-,-,-,-,3100,-,-,0,0,0,0,3080,3110,-,-
TXO,202610F3,20261016.0,51700.0,Call,-,-,-,-,38.5,-,-,0,0,0,0,37,39.5,-,-
TXO,202610F3,20261016.0,51700.0,Put,-,-,-,-,3200,-,-,0,0,0,0,3180,3210,-,-
TXO,202610F3,20261016.0,51800.0,Call,-,-,-,-,34.5,-,-,0,0,0,0,33,35.5,-,-
TXO,202610F3,20261016.0,51800.0,Put,-,-,-,-,3290,-,-,0,0,0,0,3280,3310,-,-
TXO,202610F3,20261016.0,51900.0,Call,-,-,-,-,31.5,-,-,0,0,0,0,30.5,32,-,-
TXO,202610F3,20261016.0,51900.0,Put,-,-,-,-,3390,-,-,0,0,0,0,3370,3400,-,-
TXO,202610F3,20261016.0,52000.0,Call,-,-,-,-,29,-,-,0,0,0,0,28,29.5,-,-
TXO,202610F3,20261016.0,52000.0,Put,-,-,-,-,3490,-,-,0,0,0,0,3470,3500,-,-
TXO,202610F3,20261016.0,52100.0,Call,-,-,-,-,26.5,-,-,0,0,0,0,25.5,27,-,-
TXO,202610F3,20261016.0,52100.0,Put,-,-,-,-,3580,-,-,0,0,0,0,-,3600,-,-
TXO,202610F3,20261016.0,52200.0,Call,-,-,-,-,24,-,-,0,0,0,0,23,24.5,-,-
TXO,202610F3,20261016.0,52200.0,Put,-,-,-,-,3680,-,-,0,0,0,0,3660,3700,-,-
TXO,202610F3,20261016.0,52300.0,Call,-,-,-,-,22,-,-,0,0,0,0,21,22.5,-,-
TXO,202610F3,20261016.0,52300.0,Put,-,-,-,-,3780,-,-,0,0,0,0,3760,3790,-,-
TXO,202610F3,20261016.0,52400.0,Call,-,-,-,-,20.5,-,-,0,0,0,0,19.5,21,-,-
TXO,202610F3,20261016.0,52400.0,Put,-,-,-,-,3880,-,-,0,0,0,0,3860,3890,-,-
TXO,202610F3,20261016.0,52500.0,Call,-,-,-,-,18.5,-,-,0,0,0,0,18,19,-,-
TXO,202610F3,20261016.0,52500.0,Put,-,-,-,-,3980,-,-,0,0,0,0,3960,3990,-,-
TXO,202610F3,20261016.0,52600.0,Call,-,-,-,-,17,-,-,0,0,0,0,16.5,17.5,-,-
TXO,202610F3,20261016.0,52600.0,Put,-,-,-,-,4070,-,-,0,0,0,0,-,4090,-,-
TXO,202610F3,20261016.0,52700.0,Call,-,-,-,-,16,-,-,0,0,0,0,15,16.5,-,-
TXO,202610F3,20261016.0,52700.0,Put,-,-,-,-,4170,-,-,0,0,0,0,4150,4190,-,-
TXO,202610F3,20261016.0,52800.0,Call,-,-,-,-,14.5,-,-,0,0,0,0,14,15,-,-
TXO,202610F3,20261016.0,52800.0,Put,-,-,-,-,4270,-,-,0,0,0,0,4250,4290,-,-
TXO,202610F3,20261016.0,52900.0,Call,-,-,-,-,13.5,-,-,0,0,0,0,13,14,-,-
TXO,202610F3,20261016.0,52900.0,Put,-,-,-,-,4370,-,-,0,0,0,0,4350,4390,-,-
TXO,202610F3,20261016.0,53000.0,Call,-,-,-,-,12.5,-,-,0,0,0,0,12,13,-,-
TXO,202610F3,20261016.0,53000.0,Put,-,-,-,-,4470,-,-,0,0,0,0,4450,4490,-,-
TXO,202610F3,20261016.0,53100.0,Call,-,-,-,-,12,-,-,0,0,0,0,11.5,12.5,-,-
TXO,202610F3,20261016.0,53100.0,Put,-,-,-,-,4570,-,-,0,0,0,0,4550,4580,-,-
TXO,202610F3,20261016.0,53200.0,Call,12,12,12,12,12,▲+1.5,▲+14.29%,0,2,2,2,10.5,11.5,12,12
TXO,202610F3,20261016.0,53200.0,Put,-,-,-,-,4670,-,-,0,0,0,0,4650,4680,-,-
TXO,202610,20261021.0,33900.0,Call,-,-,-,-,14770,-,-,0,0,0,0,14720,14810,-,-
TXO,202610,20261021.0,33900.0,Put,5,5.2,4.7,4.7,4.2,▼-0.3,▼-6.00%,3,31,34,351,4.2,4.6,400,4.7
TXO,202610,20261021.0,34000.0,Call,-,-,-,-,14670,-,-,0,0,0,0,14610,14710,-,-
TXO,202610,20261021.0,34000.0,Put,5.3,5.3,4.8,4.8,4.4,▼-0.5,▼-9.43%,0,2,2,135,4.1,4.7,780,4.7
TXO,202610,20261021.0,34100.0,Call,-,-,-,-,14570,-,-,0,0,0,0,14510,14600,-,-
TXO,202610,20261021.0,34100.0,Put,-,-,-,-,4.5,-,-,0,0,0,12,4.3,4.7,105,8
TXO,202610,20261021.0,34200.0,Call,-,-,-,-,14470,-,-,0,0,0,0,14420,14510,-,-
TXO,202610,20261021.0,34200.0,Put,-,-,-,-,4.5,-,-,0,0,0,119,4.3,4.9,810,8
TXO,202610,20261021.0,34300.0,Call,-,-,-,-,14370,-,-,0,0,0,0,14320,14410,-,-
TXO,202610,20261021.0,34300.0,Put,-,-,-,-,4.6,-,-,0,0,0,6,4.3,4.9,26.5,7.2
TXO,202610,20261021.0,34400.0,Call,-,-,-,-,14270,-,-,0,0,0,0,14220,14300,-,-
TXO,202610,20261021.0,34400.0,Put,-,-,-,-,4.7,-,-,0,0,0,2,4.4,5,200,8.5
TXO,202610,20261021.0,34500.0,Call,-,-,-,-,14170,-,-,0,0,0,0,14120,14200,-,-
TXO,202610,20261021.0,34500.0,Put,-,-,-,-,4.8,-,-,0,0,0,11,4.6,5,116,9
TXO,202610,20261021.0,34600.0,Call,-,-,-,-,14070,-,-,0,0,0,0,14020,14110,-,-
TXO,202610,20261021.0,34600.0,Put,-,-,-,-,4.8,-,-,0,0,0,9,4.7,5.1,299,7.4
TXO,202610,20261021.0,34700.0,Call,-,-,-,-,13970,-,-,0,0,0,0,13920,14010,-,-
TXO,202610,20261021.0,34700.0,Put,-,-,-,-,4.8,-,-,0,0,0,0,4.6,5.1,805,8.5
TXO,202610,20261021.0,34800.0,Call,-,-,-,-,13870,-,-,0,0,0,0,13820,13910,-,-
TXO,202610,20261021.0,34800.0,Put,-,-,-,-,4.9,-,-,0,0,0,42,4.7,5.3,314,7
TXO,202610,20261021.0,34900.0,Call,-,-,-,-,13770,-,-,0,0,0,0,13720,13810,-,-
TXO,202610,20261021.0,34900.0,Put,-,-,-,-,4.9,-,-,0,0,0,15,4.9,5.3,488,7.9
TXO,202610,20261021.0,35000.0,Call,-,-,-,-,13670,-,-,0,0,0,0,13620,13710,-,-
TXO,202610,20261021.0,35000.0,Put,6.1,6.1,5.1,5.1,5.1,▼-1.1,▼-17.74%,1,12,13,171,4.8,5.1,1060,5.1
TXO,202610,20261021.0,35100.0,Call,-,-,-,-,13570,-,-,0,0,0,0,13520,13610,-,-
TXO,202610,20261021.0,35100.0,Put,-,-,-,-,5.1,-,-,0,0,0,13,4.9,5.4,505,10
TXO,202610,20261021.0,35200.0,Call,-,-,-,-,13470,-,-,0,0,0,0,13420,13510,-,-
TXO,202610,20261021.0,35200.0,Put,-,-,-,-,5.3,-,-,0,0,0,10,5,5.6,151,10
TXO,202610,20261021.0,35300.0,Call,-,-,-,-,13370,-,-,0,0,0,0,13320,13410,-,-
TXO,202610,20261021.0,35300.0,Put,-,-,-,-,5.4,-,-,2,0,2,14,5.1,5.7,1070,0.1
TXO,202610,20261021.0,35400.0,Call,-,-,-,-,13270,-,-,0,0,0,0,13220,13310,-,-
TXO,202610,20261021.0,35400.0,Put,-,-,-,-,5.5,-,-,0,0,0,4,5.3,5.7,1000,6.3
TXO,202610,20261021.0,35500.0,Call,-,-,-,-,13170,-,-,0,0,0,0,13120,13210,-,-
TXO,202610,20261021.0,35500.0,Put,-,-,-,-,5.6,-,-,0,0,0,32,5.4,5.8,550,7
TXO,202610,20261021.0,35600.0,Call,-,-,-,-,13070,-,-,0,0,0,0,13020,13110,-,-
TXO,202610,20261021.0,35600.0,Put,-,-,-,-,5.6,-,-,2,0,2,10,5.4,5.9,150,7.7
TXO,202610,20261021.0,35700.0,Call,-,-,-,-,12970,-,-,0,0,0,0,12920,13010,-,-
TXO,202610,20261021.0,35700.0,Put,-,-,-,-,5.7,-,-,1,0,1,5,5.5,5.9,300,7.8
TXO,202610,20261021.0,35800.0,Call,-,-,-,-,12870,-,-,0,0,0,0,12820,12910,-,-
TXO,202610,20261021.0,35800.0,Put,-,-,-,-,5.8,-,-,2,0,2,6,5.5,6.1,405,6.7
TXO,202610,20261021.0,35900.0,Call,-,-,-,-,12770,-,-,0,0,0,0,12720,12810,-,-
TXO,202610,20261021.0,35900.0,Put,-,-,-,-,5.9,-,-,0,0,0,8,5.6,6.2,182,10
TXO,202610,20261021.0,36000.0,Call,-,-,-,-,12670,-,-,0,0,0,0,12620,12710,-,-
TXO,202610,20261021.0,36000.0,Put,7.2,7.2,7.2,7.2,6,0,0%,1,2,3,132,5.7,6.3,1380,7.2
TXO,202610,20261021.0,36100.0,Call,-,-,-,-,12570,-,-,0,0,0,0,12530,12610,-,-
TXO,202610,20261021.0,36100.0,Put,7.3,7.3,7.3,7.3,6.1,0,0%,0,2,2,5,5.8,6.4,690,7.3
TXO,202610,20261021.0,36200.0,Call,-,-,-,-,12470,-,-,0,0,0,0,12430,12510,-,-
TXO,202610,20261021.0,36200.0,Put,6.4,6.4,6.4,6.4,6.2,▼-1.1,▼-14.67%,4,1,5,47,6,6.5,1120,6.4
TXO,202610,20261021.0,36300.0,Call,-,-,-,-,12370,-,-,0,0,0,0,12330,12410,-,-
TXO,202610,20261021.0,36300.0,Put,-,-,-,-,6.3,-,-,0,0,0,13,6.1,6.6,915,16.5
TXO,202610,20261021.0,36400.0,Call,-,-,-,-,12270,-,-,0,0,0,0,12230,12300,-,-
TXO,202610,20261021.0,36400.0,Put,7,7.1,7,7.1,6.4,▼-0.6,▼-7.79%,0,2,2,63,6.2,6.7,401,7
TXO,202610,20261021.0,36500.0,Call,-,-,-,-,12170,-,-,0,0,0,0,12130,12200,-,-
TXO,202610,20261021.0,36500.0,Put,-,-,-,-,6.5,-,-,0,0,0,31,6.3,6.8,1510,14.5
TXO,202610,20261021.0,36600.0,Call,-,-,-,-,12070,-,-,0,0,0,0,12030,12110,-,-
TXO,202610,20261021.0,36600.0,Put,6.8,6.8,6.8,6.8,6.8,▼-1.2,▼-15.00%,0,2,2,18,6.3,6.9,1110,6.8
TXO,202610,20261021.0,36700.0,Call,-,-,-,-,11970,-,-,0,0,0,0,11930,12000,-,-
TXO,202610,20261021.0,36700.0,Put,7,7,7,7,6.8,▼-1.2,▼-14.63%,0,1,1,2,6.5,7.1,710,7
TXO,202610,20261021.0,36800.0,Call,-,-,-,-,11870,-,-,0,0,0,0,11830,11900,-,-
TXO,202610,20261021.0,36800.0,Put,-,-,-,-,6.9,-,-,0,0,0,5,6.7,7.2,497,10.5
TXO,202610,20261021.0,36900.0,Call,-,-,-,-,11770,-,-,0,0,0,0,11730,11800,-,-
TXO,202610,20261021.0,36900.0,Put,7.2,7.2,7.2,7.2,7.2,▼-1.3,▼-15.29%,0,1,1,19,6.7,7.3,1620,7.2
TXO,202610,20261021.0,37000.0,Call,-,-,-,-,11670,-,-,0,0,0,0,11630,11700,-,-
TXO,202610,20261021.0,37000.0,Put,8,8,8,8,7.2,▼-0.8,▼-9.09%,1,1,2,215,6.9,7.5,1010,8
TXO,202610,20261021.0,37100.0,Call,-,-,-,-,11570,-,-,0,0,0,0,11530,11600,-,-
TXO,202610,20261021.0,37100.0,Put,-,-,-,-,7.3,-,-,0,0,0,18,7.1,7.6,750,18.5
TXO,202610,20261021.0,37200.0,Call,-,-,-,-,11470,-,-,0,0,0,0,11430,11500,-,-
TXO,202610,20261021.0,37200.0,Put,-,-,-,-,7.4,-,-,0,0,0,4,7.1,7.8,1460,9
TXO,202610,20261021.0,37300.0,Call,-,-,-,-,11370,-,-,0,0,0,0,11330,11400,-,-
TXO,202610,20261021.0,37300.0,Put,-,-,-,-,7.6,-,-,3,0,3,5,7.4,7.9,575,9.3
TXO,202610,20261021.0,37400.0,Call,-,-,-,-,11270,-,-,0,0,0,0,11230,11300,-,-
TXO,202610,20261021.0,37400.0,Put,8.9,8.9,8.9,8.9,7.7,▼-0.4,▼-4.30%,3,1,4,11,7.4,8.1,815,8.9
TXO,202610,20261021.0,37500.0,Call,-,-,-,-,11170,-,-,0,0,0,0,11130,11200,-,-
TXO,202610,20261021.0,37500.0,Put,9.2,9.2,8.5,8.5,7.9,▼-1.1,▼-11.46%,3,5,8,80,7.6,8.3,445,8.5
TXO,202610,20261021.0,37600.0,Call,-,-,-,-,11070,-,-,0,0,0,0,11030,11100,-,-
TXO,202610,20261021.0,37600.0,Put,9.3,9.3,9.3,9.3,8,▼-0.7,▼-7.00%,4,1,5,17,7.7,8.4,850,9.3
TXO,202610,20261021.0,37700.0,Call,-,-,-,-,10970,-,-,0,0,0,0,10930,11000,-,-
TXO,202610,20261021.0,37700.0,Put,9.9,9.9,8.3,8.5,8.2,▼-2,▼-19.05%,2,5,7,64,7.9,8.6,300,8.3
TXO,202610,20261021.0,37800.0,Call,-,-,-,-,10870,-,-,0,0,0,0,10830,10900,-,-
TXO,202610,20261021.0,37800.0,Put,-,-,-,-,8.4,-,-,15,0,15,17,8.1,8.8,945,10
TXO,202610,20261021.0,37900.0,Call,-,-,-,-,10770,-,-,0,0,0,0,10730,10800,-,-
TXO,202610,20261021.0,37900.0,Put,9.7,9.7,9.5,9.5,8.6,▼-1,▼-9.52%,1,12,13,72,8.3,9,900,9.5
TXO,202610,20261021.0,38000.0,Call,-,-,-,-,10670,-,-,0,0,0,0,10630,10700,-,-
TXO,202610,20261021.0,38000.0,Put,11,11,8.4,8.4,8.7,▼-2.1,▼-20.00%,7,18,25,254,8.4,9,2000,8.4
TXO,202610,20261021.0,38100.0,Call,-,-,-,-,10570,-,-,0,0,0,0,10530,10600,-,-
TXO,202610,20261021.0,38100.0,Put,8.7,8.7,8.7,8.7,8.7,▼-1.8,▼-17.14%,0,1,1,68,8.6,9.3,1380,8.7
TXO,202610,20261021.0,38200.0,Call,-,-,-,-,10470,-,-,0,0,0,0,10430,10500,-,-
TXO,202610,20261021.0,38200.0,Put,-,-,-,-,9.2,-,-,0,0,0,6,8.8,9.6,1020,12.5
TXO,202610,20261021.0,38300.0,Call,-,-,-,-,10370,-,-,0,0,0,0,10330,10400,-,-
TXO,202610,20261021.0,38300.0,Put,-,-,-,-,9.3,-,-,0,0,0,4,9,9.8,57,11
TXO,202610,20261021.0,38400.0,Call,-,-,-,-,10270,-,-,0,0,0,0,10230,10300,-,-
TXO,202610,20261021.0,38400.0,Put,9.3,9.4,9.3,9.4,9.4,▼-2.1,▼-18.26%,0,3,3,13,9.2,10,1930,9.3
TXO,202610,20261021.0,38500.0,Call,-,-,-,-,10180,-,-,0,0,0,0,10140,10200,-,-
TXO,202610,20261021.0,38500.0,Put,9.7,9.7,9.6,9.6,9.6,▼-1.9,▼-16.52%,8,2,10,150,9.5,10.5,2100,9.6
TXO,202610,20261021.0,38600.0,Call,-,-,-,-,10080,-,-,0,0,0,0,10040,10100,-,-
TXO,202610,20261021.0,38600.0,Put,-,-,-,-,10,-,-,0,0,0,28,9.7,10.5,422,13
TXO,202610,20261021.0,38700.0,Call,-,-,-,-,9980,-,-,0,0,0,0,9940,10000,-,-
TXO,202610,20261021.0,38700.0,Put,11.5,11.5,11.5,11.5,10.5,▼-0.5,▼-4.17%,0,1,1,30,9.8,11,2230,11.5
TXO,202610,20261021.0,38800.0,Call,-,-,-,-,9880,-,-,0,0,0,0,9840,9900,9420,9420
TXO,202610,20261021.0,38800.0,Put,-,-,-,-,10.5,-,-,0,0,0,59,10,11,610,21
TXO,202610,20261021.0,38900.0,Call,-,-,-,-,9780,-,-,0,0,0,1,9740,9800,9320,7900
TXO,202610,20261021.0,38900.0,Put,12,12,12,12,10.5,▼-0.5,▼-4.00%,12,1,13,426,10.5,11.5,690,12
TXO,202610,20261021.0,39000.0,Call,-,-,-,-,9680,-,-,0,0,0,1,9640,9700,9300,9300
TXO,202610,20261021.0,39000.0,Put,12.5,13.5,11,11,11,▼-2.5,▼-18.52%,84,38,122,686,10.5,11.5,1790,11
TXO,202610,20261021.0,39100.0,Call,-,-,-,-,9580,-,-,0,0,0,1,9550,9610,9260,9260
TXO,202610,20261021.0,39100.0,Put,-,-,-,-,11,-,-,0,0,0,8,11,12,820,18.5
TXO,202610,20261021.0,39200.0,Call,-,-,-,-,9480,-,-,0,0,0,0,9440,9500,-,-
TXO,202610,20261021.0,39200.0,Put,-,-,-,-,11.5,-,-,1,0,1,21,11,12,162,13.5
TXO,202610,20261021.0,39300.0,Call,-,-,-,-,9380,-,-,0,0,0,0,9340,9400,-,-
TXO,202610,20261021.0,39300.0,Put,13,13,13,13,11.5,▼-1,▼-7.14%,0,1,1,25,11.5,12.5,525,13
TXO,202610,20261021.0,39400.0,Call,-,-,-,-,9280,-,-,0,0,0,0,9240,9300,-,-
TXO,202610,20261021.0,39400.0,Put,-,-,-,-,12,-,-,0,0,0,9,11.5,12.5,545,14
TXO,202610,20261021.0,39500.0,Call,-,-,-,-,9180,-,-,0,0,0,1,9140,9200,7030,7030
TXO,202610,20261021.0,39500.0,Put,15,15,13,13,12.5,▼-2,▼-13.33%,0,37,37,246,12,13,995,13
TXO,202610,20261021.0,39600.0,Call,-,-,-,-,9080,-,-,0,0,0,0,9040,9100,-,-
TXO,202610,20261021.0,39600.0,Put,-,-,-,-,12.5,-,-,0,0,0,34,12.5,13.5,1300,17
TXO,202610,20261021.0,39700.0,Call,-,-,-,-,8980,-,-,0,0,0,0,8940,9010,-,-
TXO,202610,20261021.0,39700.0,Put,15,15,15,15,13,▼-0.5,▼-3.23%,0,1,1,42,12.5,13.5,665,15
TXO,202610,20261021.0,39800.0,Call,-,-,-,-,8880,-,-,0,0,0,0,8840,8910,8430,8430
TXO,202610,20261021.0,39800.0,Put,15,15,15,15,13.5,▼-1,▼-6.25%,3,1,4,57,13,14,585,15
TXO,202610,20261021.0,39900.0,Call,-,-,-,-,8780,-,-,0,0,0,4,8740,8800,8330,3150
TXO,202610,20261021.0,39900.0,Put,13.5,13.5,13.5,13.5,13.5,▼-3,▼-18.18%,3,2,5,55,13.5,14.5,2760,13.5
TXO,202610,20261021.0,40000.0,Call,-,-,-,-,8680,-,-,0,0,0,1,8650,8710,8350,6080
TXO,202610,20261021.0,40000.0,Put,16.5,16.5,13,14.5,14.5,▼-2,▼-12.12%,32,115,147,1129,13.5,16,2490,13
TXO,202610,20261021.0,40100.0,Call,-,-,-,-,8580,-,-,0,0,0,0,8550,8610,-,-
TXO,202610,20261021.0,40100.0,Put,-,-,-,-,14.5,-,-,0,0,0,52,14,15,660,28
TXO,202610,20261021.0,40200.0,Call,-,-,-,-,8480,-,-,0,0,0,0,8450,8510,-,-
TXO,202610,20261021.0,40200.0,Put,15.5,15.5,15.5,15.5,15,▼-2,▼-11.43%,0,2,2,93,14.5,15.5,630,15.5
TXO,202610,20261021.0,40300.0,Call,-,-,-,-,8380,-,-,0,0,0,0,8350,8410,-,-
TXO,202610,20261021.0,40300.0,Put,16,16,15,15,15,▼-3,▼-16.67%,0,2,2,33,14.5,16,2940,15
TXO,202610,20261021.0,40400.0,Call,-,-,-,-,8280,-,-,0,0,0,0,8250,8310,-,-
TXO,202610,20261021.0,40400.0,Put,-,-,-,-,15.5,-,-,1,0,1,25,15,16,300,19.5
TXO,202610,20261021.0,40500.0,Call,-,-,-,-,8180,-,-,0,0,0,0,8150,8210,-,-
TXO,202610,20261021.0,40500.0,Put,18.5,18.5,18.5,18.5,16,▲+0.5,▲+2.78%,67,1,68,88,15.5,16.5,2730,13
TXO,202610,20261021.0,40600.0,Call,-,-,-,-,8080,-,-,0,0,0,0,8050,8110,7640,7640
TXO,202610,20261021.0,40600.0,Put,-,-,-,-,16.5,-,-,0,0,0,36,16,17,1260,23.5
TXO,202610,20261021.0,40700.0,Call,-,-,-,-,7980,-,-,0,0,0,0,7950,8010,7540,7540
TXO,202610,20261021.0,40700.0,Put,17.5,17.5,17.5,17.5,16.5,▼-2,▼-10.26%,0,1,1,28,16,17.5,1540,17.5
TXO,202610,20261021.0,40800.0,Call,-,-,-,-,7880,-,-,0,0,0,1,7850,7900,5680,3010
TXO,202610,20261021.0,40800.0,Put,19.5,19.5,19.5,19.5,17,▼-0.5,▼-2.50%,0,2,2,34,16.5,17.5,2920,19.5
TXO,202610,20261021.0,40900.0,Call,-,-,-,-,7780,-,-,0,0,0,0,7750,7810,-,-
TXO,202610,20261021.0,40900.0,Put,-,-,-,-,17.5,-,-,0,0,0,41,17,18,3100,21
TXO,202610,20261021.0,41000.0,Call,-,-,-,-,7690,-,-,0,0,0,0,7650,7710,4060,2930
TXO,202610,20261021.0,41000.0,Put,21,21,18,18.5,18.5,▼-2,▼-9.76%,10,31,41,411,17.5,19,3020,18
TXO,202610,20261021.0,41100.0,Call,-,-,-,-,7590,-,-,0,0,0,0,7550,7610,-,-
TXO,202610,20261021.0,41100.0,Put,-,-,-,-,18.5,-,-,0,0,0,30,18,19.5,2590,31
TXO,202610,20261021.0,41200.0,Call,-,-,-,-,7490,-,-,0,0,0,0,7450,7510,7050,3580
TXO,202610,20261021.0,41200.0,Put,-,-,-,-,18.5,-,-,0,0,0,33,18,19.5,2540,27
TXO,202610,20261021.0,41300.0,Call,-,-,-,-,7390,-,-,0,0,0,5,7360,7420,5550,5550
TXO,202610,20261021.0,41300.0,Put,-,-,-,-,19,-,-,0,0,0,25,18.5,20,760,27.5
TXO,202610,20261021.0,41400.0,Call,-,-,-,-,7290,-,-,0,0,0,0,7260,7310,-,-
TXO,202610,20261021.0,41400.0,Put,22,22,22,22,19.5,▼-1,▼-4.35%,0,3,3,22,19,20,800,22
TXO,202610,20261021.0,41500.0,Call,-,-,-,-,7190,-,-,0,0,0,0,7160,7210,5050,4460
TXO,202610,20261021.0,41500.0,Put,23,23,21,21,20,▼-2,▼-8.70%,14,11,25,177,19.5,20.5,2280,21
TXO,202610,20261021.0,41600.0,Call,-,-,-,-,7090,-,-,0,0,0,6,7060,7120,5280,3210
TXO,202610,20261021.0,41600.0,Put,22.5,22.5,22.5,22.5,20.5,▼-1,▼-4.26%,14,1,15,35,20,21,2550,22.5
TXO,202610,20261021.0,41700.0,Call,-,-,-,-,6990,-,-,0,0,0,2,6960,7020,5210,5190
TXO,202610,20261021.0,41700.0,Put,24,24,24,24,21,0,0%,0,1,1,17,20.5,21.5,975,24
TXO,202610,20261021.0,41800.0,Call,-,-,-,-,6890,-,-,0,0,0,4,6870,6920,5090,5090
TXO,202610,20261021.0,41800.0,Put,23.5,23.5,23,23,21.5,▼-1.5,▼-6.12%,0,3,3,22,21,22,2140,23
TXO,202610,20261021.0,41900.0,Call,-,-,-,-,6790,-,-,0,0,0,0,6760,6810,-,-
TXO,202610,20261021.0,41900.0,Put,23,23,23,23,22,▼-2,▼-8.00%,0,5,5,12,21.5,22.5,2830,23
TXO,202610,20261021.0,42000.0,Call,-,-,-,-,6690,-,-,0,0,0,1,6660,6710,5140,5140
TXO,202610,20261021.0,42000.0,Put,25,27,22.5,23,23,▼-2,▼-8.00%,34,51,85,590,22,23,3500,22.5
TXO,202610,20261021.0,42100.0,Call,-,-,-,-,6590,-,-,0,0,0,0,6560,6610,-,-
TXO,202610,20261021.0,42100.0,Put,26,26,26,26,23,0,0%,0,1,1,42,22.5,23.5,640,26
TXO,202610,20261021.0,42200.0,Call,-,-,-,-,6490,-,-,0,0,0,2,6460,6510,4200,2000
TXO,202610,20261021.0,42200.0,Put,26.5,26.5,26,26,23.5,0,0%,12,2,14,50,23,24,2120,26
TXO,202610,20261021.0,42300.0,Call,-,-,-,-,6390,-,-,0,0,0,0,6360,6410,-,-
TXO,202610,20261021.0,42300.0,Put,23.5,23.5,23.5,23.5,23.5,▼-4,▼-14.55%,1,6,7,25,23.5,24.5,985,23.5
TXO,202610,20261021.0,42400.0,Call,-,-,-,-,6290,-,-,0,0,0,3,6270,6320,6200,2960
TXO,202610,20261021.0,42400.0,Put,-,-,-,-,24.5,-,-,0,0,0,35,24,25,3760,30.5
TXO,202610,20261021.0,42500.0,Call,-,-,-,-,6190,-,-,0,0,0,0,6170,6210,5210,2120
TXO,202610,20261021.0,42500.0,Put,29,29.5,24.5,24.5,24.5,▼-4.5,▼-15.52%,1,55,56,188,24.5,25.5,1850,24.5
TXO,202610,20261021.0,42600.0,Call,-,-,-,-,6090,-,-,0,0,0,1,6070,6120,4560,3610
TXO,202610,20261021.0,42600.0,Put,30,30,27.5,27.5,25.5,▼-1.5,▼-5.17%,18,3,21,30,25,26,1150,27.5
TXO,202610,20261021.0,42700.0,Call,-,-,-,-,5990,-,-,0,0,0,1,5970,6010,4190,4190
TXO,202610,20261021.0,42700.0,Put,30.5,30.5,30,30,26,0,0%,0,4,4,28,25.5,26.5,1870,30
TXO,202610,20261021.0,42800.0,Call,-,-,-,-,5900,-,-,0,0,0,5,5870,5920,4380,3580
TXO,202610,20261021.0,42800.0,Put,31,31,26.5,26.5,26.5,▼-3.5,▼-11.67%,26,70,96,147,26.5,27.5,3100,26.5
TXO,202610,20261021.0,42900.0,Call,5870,5870,5870,5870,5800,▲+50,▲+0.86%,0,1,1,5,5770,5820,5870,3070
TXO,202610,20261021.0,42900.0,Put,31,31,30,30,27.5,▼-2.5,▼-7.69%,1,17,18,75,27,28,3050,30
TXO,202610,20261021.0,43000.0,Call,-,-,-,-,5700,-,-,0,0,0,3,5670,5720,5300,3180
TXO,202610,20261021.0,43000.0,Put,33,34,28,28,28,▼-5.5,▼-16.42%,54,136,190,829,27.5,28.5,4200,28
TXO,202610,20261021.0,43100.0,Call,-,-,-,-,5600,-,-,0,0,0,0,5570,5620,-,-
TXO,202610,20261021.0,43100.0,Put,36,36,33,33,29,▼-0.5,▼-1.49%,7,6,13,43,28.5,29.5,1390,33
TXO,202610,20261021.0,43200.0,Call,-,-,-,-,5500,-,-,0,0,0,0,5470,5520,4100,2950
TXO,202610,20261021.0,43200.0,Put,32,32,32,32,29.5,▼-3,▼-8.57%,33,1,34,42,29,30.5,1000,32
TXO,202610,20261021.0,43300.0,Call,-,-,-,-,5400,-,-,0,0,0,0,5370,5420,-,-
TXO,202610,20261021.0,43300.0,Put,31.5,31.5,31,31,31,▼-4,▼-11.43%,0,2,2,87,30,31,1470,31
TXO,202610,20261021.0,43400.0,Call,-,-,-,-,5300,-,-,0,0,0,0,5280,5320,4400,2880
TXO,202610,20261021.0,43400.0,Put,39,39,39,39,31.5,▲+3,▲+8.33%,0,2,2,97,31,32,2890,36
TXO,202610,20261021.0,43500.0,Call,-,-,-,-,5200,-,-,0,0,0,210,5180,5530,3490,1570
TXO,202610,20261021.0,43500.0,Put,39,40,32.5,32.5,32.5,▼-5.5,▼-14.47%,31,68,99,291,32,33,3050,32.5
TXO,202610,20261021.0,43600.0,Call,-,-,-,-,5100,-,-,0,0,0,70,4990,5160,3300,2770
TXO,202610,20261021.0,43600.0,Put,39,42.5,34.5,34.5,33,▼-5,▼-12.66%,4,6,10,104,33,34,2850,34.5
TXO,202610,20261021.0,43700.0,Call,-,-,-,-,5000,-,-,0,0,0,35,4880,5330,4280,2710
TXO,202610,20261021.0,43700.0,Put,40.5,42,36.5,36.5,34,▼-3.5,▼-8.75%,4,33,37,42,34,35,2920,36.5
TXO,202610,20261021.0,43800.0,Call,-,-,-,-,4910,-,-,0,0,0,225,4820,5230,3740,1650
TXO,202610,20261021.0,43800.0,Put,41,41,36,36,36,▼-6.5,▼-15.29%,1,8,9,81,35.5,36.5,3100,36
TXO,202610,20261021.0,43900.0,Call,-,-,-,-,4810,-,-,0,0,0,70,4600,5120,3660,2590
TXO,202610,20261021.0,43900.0,Put,47,47,41.5,42,36.5,▼-3,▼-6.67%,3,6,9,89,36.5,37.5,3140,41.5
TXO,202610,20261021.0,44000.0,Call,-,-,-,-,4710,-,-,0,0,0,226,4680,5040,4620,1520
TXO,202610,20261021.0,44000.0,Put,50,50,38,39.5,39.5,▼-5.5,▼-12.22%,66,301,367,855,38,39.5,2770,38
TXO,202610,20261021.0,44100.0,Call,-,-,-,-,4610,-,-,0,0,0,55,4520,4920,4270,1540
TXO,202610,20261021.0,44100.0,Put,50,50,45,45,40,▼-3,▼-6.25%,2,3,5,110,40,41,3230,45
TXO,202610,20261021.0,44200.0,Call,-,-,-,-,4510,-,-,0,0,0,5,4490,4530,4230,2390
TXO,202610,20261021.0,44200.0,Put,52,52,41.5,41.5,41.5,▼-8.5,▼-17.00%,21,26,47,97,41,42.5,2730,41.5
TXO,202610,20261021.0,44300.0,Call,-,-,-,-,4410,-,-,0,0,0,1,4390,4430,3340,2440
TXO,202610,20261021.0,44300.0,Put,57,57,43.5,43.5,43.5,▼-8.5,▼-16.35%,4,17,21,51,43,44.5,2040,43.5
TXO,202610,20261021.0,44400.0,Call,-,-,-,-,4320,-,-,0,0,0,20,4290,4330,3360,1410
TXO,202610,20261021.0,44400.0,Put,54,55,46,46.5,46.5,▼-8.5,▼-15.45%,1,12,13,171,45,46.5,2180,46
TXO,202610,20261021.0,44500.0,Call,4250,4250,4250,4250,4220,0,0%,0,2,2,71,3920,4530,4250,1900
TXO,202610,20261021.0,44500.0,Put,59,59,48,48,48,▼-9,▼-15.79%,7,124,131,556,47,48.5,4990,48
TXO,202610,20261021.0,44600.0,Call,-,-,-,-,4120,-,-,0,0,0,165,4090,4440,3600,2130
TXO,202610,20261021.0,44600.0,Put,65,65,50,51,51,▼-8,▼-13.56%,2,31,33,240,49.5,51,1220,50
TXO,202610,20261021.0,44700.0,Call,-,-,-,-,4020,-,-,0,0,0,74,3990,4350,3720,1350
TXO,202610,20261021.0,44700.0,Put,66,69,52,52,52,▼-13,▼-20.00%,16,15,31,58,52,54,2050,52
TXO,202610,20261021.0,44800.0,Call,-,-,-,-,3930,-,-,0,0,0,340,3730,4250,3680,1830
TXO,202610,20261021.0,44800.0,Put,70,70,55,55,55,▼-12,▼-17.91%,12,5,17,197,55,57,2220,55
TXO,202610,20261021.0,44900.0,Call,-,-,-,-,3830,-,-,0,0,0,204,3800,4160,3500,1950
TXO,202610,20261021.0,44900.0,Put,68,68,59,59,59,▼-13,▼-18.06%,10,5,15,224,58,60,1390,59
TXO,202610,20261021.0,45000.0,Call,-,-,-,-,3730,-,-,0,0,0,566,3530,4060,3910,1600
TXO,202610,20261021.0,45000.0,Put,80,82,61,62,62,▼-14,▼-18.42%,141,284,425,1075,61,62,2760,61
TXO,202610,20261021.0,45100.0,Call,-,-,-,-,3640,-,-,0,0,0,1,3610,3650,3100,2020
TXO,202610,20261021.0,45100.0,Put,80,85,65,65,65,▼-14,▼-17.72%,16,8,24,81,64,67,2640,65
TXO,202610,20261021.0,45200.0,Call,-,-,-,-,3540,-,-,0,0,0,1,3520,3550,3720,1670
TXO,202610,20261021.0,45200.0,Put,85,85,68,69,69,▼-14,▼-16.87%,23,4,27,99,68,71,3950,68
TXO,202610,20261021.0,45300.0,Call,-,-,-,-,3440,-,-,0,0,0,8,3420,3460,2990,1130
TXO,202610,20261021.0,45300.0,Put,93,94,76,77,77,▼-13,▼-14.44%,4,5,9,69,73,75,2510,76
TXO,202610,20261021.0,45400.0,Call,-,-,-,-,3350,-,-,0,0,0,2,3330,3360,3120,1820
TXO,202610,20261021.0,45400.0,Put,103,106,80,80,80,▼-19,▼-19.19%,6,7,13,66,77,80,1400,80
TXO,202610,20261021.0,45500.0,Call,-,-,-,-,3260,-,-,0,0,0,64,3020,3580,3170,1160
TXO,202610,20261021.0,45500.0,Put,106,117,83,85,85,▼-17,▼-16.67%,57,125,182,339,83,86,1780,83
TXO,202610,20261021.0,45600.0,Call,-,-,-,-,3160,-,-,0,0,0,48,3000,3200,3060,1480
TXO,202610,20261021.0,45600.0,Put,120,124,90,90,90,▼-20,▼-18.18%,4,27,31,122,88,91,2470,90
TXO,202610,20261021.0,45700.0,Call,-,-,-,-,3070,-,-,0,0,0,67,2950,3380,3280,1390
TXO,202610,20261021.0,45700.0,Put,133,133,95,96,96,▼-20,▼-17.24%,7,33,40,442,96,97,1640,95
TXO,202610,20261021.0,45800.0,Call,-,-,-,-,2970,-,-,0,0,0,64,2770,3300,3030,1350
TXO,202610,20261021.0,45800.0,Put,133,133,103,103,103,▼-23,▼-18.25%,18,8,26,117,101,106,2230,103
TXO,202610,20261021.0,45900.0,Call,-,-,-,-,2880,-,-,0,0,0,16,2860,2890,2930,1160
TXO,202610,20261021.0,45900.0,Put,146,147,114,114,114,▼-20,▼-14.93%,5,14,19,90,109,114,1620,114
TXO,202610,20261021.0,46000.0,Call,-,-,-,-,2790,-,-,0,0,0,127,2460,2960,3050,970
TXO,202610,20261021.0,46000.0,Put,160,162,118,120,120,▼-23,▼-16.08%,98,324,422,738,116,120,3660,118
TXO,202610,20261021.0,46100.0,Call,-,-,-,-,2700,-,-,0,0,0,76,2390,2890,2950,1190
TXO,202610,20261021.0,46100.0,Put,166,170,127,129,129,▼-22,▼-14.57%,8,89,97,125,126,130,2260,127
TXO,202610,20261021.0,46200.0,Call,-,-,-,-,2610,-,-,12,0,12,31,2300,2710,2710,1130
TXO,202610,20261021.0,46200.0,Put,177,180,134,137,137,▼-28,▼-16.97%,13,18,31,115,135,139,2690,134
TXO,202610,20261021.0,46300.0,Call,2570,2570,2570,2570,2520,0,0%,0,1,1,40,2400,2840,2570,1080
TXO,202610,20261021.0,46300.0,Put,200,200,151,151,151,▼-29,▼-16.11%,26,17,43,84,146,152,2900,151
TXO,202610,20261021.0,46400.0,Call,2460,2460,2460,2460,2430,▼-20,▼-0.81%,0,1,1,349,2410,2550,2600,790
TXO,202610,20261021.0,46400.0,Put,182,182,155,159,159,▼-28,▼-14.97%,2,14,16,40,158,162,1970,155
TXO,202610,20261021.0,46500.0,Call,2350,2350,2320,2320,2340,▼-70,▼-2.93%,0,4,4,112,2320,2360,2590,980
TXO,202610,20261021.0,46500.0,Put,238,238,166,175,175,▼-30,▼-14.63%,63,133,196,585,171,177,2080,166
TXO,202610,20261021.0,46600.0,Call,-,-,-,-,2260,-,-,0,0,0,196,2240,2270,2450,940
TXO,202610,20261021.0,46600.0,Put,243,243,183,183,183,▼-39,▼-17.57%,7,21,28,117,185,191,2010,183
TXO,202610,20261021.0,46700.0,Call,-,-,-,-,2170,-,-,0,0,0,92,2150,2190,2300,920
TXO,202610,20261021.0,46700.0,Put,247,247,208,208,208,▼-30,▼-12.61%,2,7,9,73,201,207,2080,208
TXO,202610,20261021.0,46800.0,Call,-,-,-,-,2090,-,-,1,0,1,117,2060,2120,2260,850
TXO,202610,20261021.0,46800.0,Put,273,273,215,219,219,▼-41,▼-15.77%,25,17,42,121,218,223,2420,215
TXO,202610,20261021.0,46900.0,Call,-,-,-,-,2010,-,-,0,0,0,110,1980,2040,2500,845
TXO,202610,20261021.0,46900.0,Put,304,308,226,238,238,▼-48,▼-16.78%,9,24,33,66,235,241,4010,226
TXO,202610,20261021.0,47000.0,Call,1910,2060,1870,1970,1930,▼-20,▼-1.01%,3,17,20,893,1910,1940,2260,755
TXO,202610,20261021.0,47000.0,Put,330,340,245,259,259,▼-35,▼-11.90%,84,280,364,494,254,260,4240,245
TXO,202610,20261021.0,47100.0,Call,-,-,-,-,1850,-,-,0,0,0,382,1830,1890,2140,710
TXO,202610,20261021.0,47100.0,Put,333,347,333,343,277,▲+26,▲+8.20%,34,13,47,80,275,282,1600,333
TXO,202610,20261021.0,47200.0,Call,1850,1850,1820,1850,1770,▲+20,▲+1.09%,1,48,49,390,1750,1790,2250,670
TXO,202610,20261021.0,47200.0,Put,387,387,387,387,300,▲+45,▲+13.16%,3,1,4,86,299,306,2430,383
TXO,202610,20261021.0,47300.0,Call,-,-,-,-,1700,-,-,0,0,0,65,1670,1730,1960,550
TXO,202610,20261021.0,47300.0,Put,344,344,315,325,325,▼-48,▼-12.87%,6,7,13,88,323,331,2640,315
TXO,202610,20261021.0,47400.0,Call,-,-,-,-,1620,-,-,19,0,19,77,1600,1640,2030,630
TXO,202610,20261021.0,47400.0,Put,450,450,346,346,346,▼-48,▼-12.18%,7,22,29,86,349,355,2500,346
TXO,202610,20261021.0,47500.0,Call,1520,1670,1520,1590,1550,▼-30,▼-1.85%,13,24,37,192,1530,1560,2040,585
TXO,202610,20261021.0,47500.0,Put,460,473,373,378,378,▼-42,▼-10.00%,77,74,151,482,377,383,2670,373
TXO,202610,20261021.0,47600.0,Call,1500,1500,1500,1500,1500,▼-30,▼-1.96%,1,2,3,48,1460,1490,1910,605
TXO,202610,20261021.0,47600.0,Put,481,481,481,481,407,▲+29,▲+6.42%,38,1,39,72,406,413,2040,445
TXO,202610,20261021.0,47700.0,Call,-,-,-,-,1410,-,-,0,0,0,69,1400,1420,2100,520
TXO,202610,20261021.0,47700.0,Put,535,535,442,445,445,▼-45,▼-9.18%,5,11,16,72,436,443,2550,442
TXO,202610,20261021.0,47800.0,Call,-,-,-,-,1340,-,-,22,0,22,91,1330,1350,1740,488
TXO,202610,20261021.0,47800.0,Put,545,550,475,475,475,▼-45,▼-8.65%,6,7,13,94,467,475,2130,475
TXO,202610,20261021.0,47900.0,Call,1310,1310,1310,1310,1280,▼-30,▼-2.24%,1,1,2,23,1260,1280,1680,454
TXO,202610,20261021.0,47900.0,Put,575,590,486,486,486,▼-69,▼-12.43%,1,20,21,89,500,510,1790,486
TXO,202610,20261021.0,48000.0,Call,1170,1320,1150,1220,1220,▼-60,▼-4.69%,192,95,287,832,1200,1220,1780,421
TXO,202610,20261021.0,48000.0,Put,645,670,520,550,550,▼-40,▼-6.78%,176,149,325,648,540,545,4790,520
TXO,202610,20261021.0,48100.0,Call,1140,1220,1140,1150,1150,▼-80,▼-6.50%,2,56,58,172,1140,1160,1630,403
TXO,202610,20261021.0,48100.0,Put,675,680,570,575,575,▼-50,▼-8.00%,1,6,7,80,575,585,1880,570
TXO,202610,20261021.0,48200.0,Call,1050,1160,1050,1090,1090,▼-60,▼-5.22%,47,43,90,217,1080,1100,1550,374
TXO,202610,20261021.0,48200.0,Put,675,675,620,625,625,▼-40,▼-6.02%,4,7,11,114,615,625,2260,620
TXO,202610,20261021.0,48300.0,Call,1090,1100,1060,1100,1040,▲+10,▲+0.92%,14,3,17,223,1020,1040,1470,354
TXO,202610,20261021.0,48300.0,Put,690,690,650,690,660,▼-20,▼-2.82%,38,15,53,102,660,670,1990,650
TXO,202610,20261021.0,48400.0,Call,965,1050,965,980,980,▼-50,▼-4.85%,15,9,24,217,970,980,1270,338
TXO,202610,20261021.0,48400.0,Put,820,820,695,715,715,▼-35,▼-4.67%,102,50,152,77,700,715,2050,695
TXO,202610,20261021.0,48500.0,Call,935,1000,890,925,925,▼-50,▼-5.13%,131,57,188,350,915,930,1510,320
TXO,202610,20261021.0,48500.0,Put,870,870,720,745,745,▼-55,▼-6.88%,45,66,111,187,745,760,3060,720
TXO,202610,20261021.0,48600.0,Call,845,930,840,860,860,▼-65,▼-7.03%,104,30,134,308,865,875,1200,307
TXO,202610,20261021.0,48600.0,Put,920,935,780,780,780,▼-65,▼-7.69%,15,96,111,98,795,805,1450,780
TXO,202610,20261021.0,48700.0,Call,845,860,815,820,820,▼-75,▼-8.38%,11,22,33,253,815,825,1210,285
TXO,202610,20261021.0,48700.0,Put,910,910,830,840,840,▼-55,▼-6.15%,13,10,23,29,845,855,2420,830
TXO,202610,20261021.0,48800.0,Call,815,860,790,810,775,▼-25,▼-2.99%,13,7,20,138,765,775,1240,269
TXO,202610,20261021.0,48800.0,Put,960,960,890,890,890,▼-40,▼-4.30%,4,7,11,16,870,910,2170,890
TXO,202610,20261021.0,48900.0,Call,725,815,720,720,720,▼-50,▼-6.49%,32,6,38,120,720,730,1060,246
TXO,202610,20261021.0,48900.0,Put,1040,1050,935,970,970,▼-25,▼-2.51%,0,5,5,8,950,960,2050,935
TXO,202610,20261021.0,49000.0,Call,655,755,655,675,675,▼-65,▼-8.78%,255,92,347,713,675,685,1300,224
TXO,202610,20261021.0,49000.0,Put,1150,1150,985,1010,1010,▼-30,▼-2.88%,46,47,93,80,1000,1020,5700,985
TXO,202610,20261021.0,49100.0,Call,650,700,650,675,640,▼-20,▼-2.88%,6,7,13,796,630,645,975,233
TXO,202610,20261021.0,49100.0,Put,1070,1080,1070,1080,1080,▼-20,▼-1.82%,0,2,2,4,1060,1080,1890,1070
TXO,202610,20261021.0,49200.0,Call,605,680,595,600,600,▼-55,▼-8.40%,16,13,29,229,590,600,1390,221
TXO,202610,20261021.0,49200.0,Put,-,-,-,-,1130,-,-,0,0,0,9,1120,1140,3370,1400
TXO,202610,20261021.0,49300.0,Call,570,630,565,590,590,▼-25,▼-4.07%,6,12,18,104,555,565,1010,182
TXO,202610,20261021.0,49300.0,Put,-,-,-,-,1190,-,-,1,0,1,2,1180,1200,1650,1250
TXO,202610,20261021.0,49400.0,Call,535,560,520,540,540,▼-20,▼-3.57%,4,7,11,87,515,525,990,180
TXO,202610,20261021.0,49400.0,Put,1210,1210,1210,1210,1250,▼-70,▼-5.47%,0,1,1,3,1240,1260,3110,1210
TXO,202610,20261021.0,49500.0,Call,500,550,486,488,488,▼-52,▼-9.63%,37,43,80,660,484,492,1410,165
TXO,202610,20261021.0,49500.0,Put,1400,1400,1300,1330,1330,▼-20,▼-1.48%,0,5,5,4,1310,1330,2100,1300
TXO,202610,20261021.0,49600.0,Call,450,479,450,479,479,▼-19,▼-3.82%,5,12,17,114,450,457,760,200
TXO,202610,20261021.0,49600.0,Put,1360,1360,1360,1360,1360,▼-50,▼-3.55%,1,1,2,2,1370,1390,2240,1360
TXO,202610,20261021.0,49700.0,Call,462,470,421,426,426,▼-31,▼-6.78%,6,11,17,91,417,425,940,162
TXO,202610,20261021.0,49700.0,Put,-,-,-,-,1450,-,-,1,0,1,1,1440,1460,2000,1600
TXO,202610,20261021.0,49800.0,Call,433,441,407,408,408,▼-33,▼-7.48%,17,8,25,111,387,395,695,176
TXO,202610,20261021.0,49800.0,Put,1550,1550,1550,1550,1520,▼-10,▼-0.64%,0,1,1,4,1510,1530,2470,1550
TXO,202610,20261021.0,49900.0,Call,371,421,371,396,366,▼-7,▼-1.74%,12,8,20,78,361,367,850,165
TXO,202610,20261021.0,49900.0,Put,-,-,-,-,1590,-,-,0,0,0,3,1570,1610,3000,1550
TXO,202610,20261021.0,50000.0,Call,335,393,329,337,337,▼-51,▼-13.14%,253,213,466,1274,333,340,1180,118
TXO,202610,20261021.0,50000.0,Put,1630,1660,1630,1660,1660,▼-30,▼-1.78%,0,5,5,30,1650,1680,4700,1630
TXO,202610,20261021.0,50100.0,Call,325,325,325,325,325,▼-23,▼-6.61%,15,1,16,97,308,315,840,160
TXO,202610,20261021.0,50100.0,Put,1690,1690,1690,1690,1740,▼-80,▼-4.52%,0,1,1,1,1720,1760,2570,1690
TXO,202610,20261021.0,50200.0,Call,323,323,318,318,291,▼-21,▼-6.19%,6,2,8,111,286,292,740,119
TXO,202610,20261021.0,50200.0,Put,-,-,-,-,1820,-,-,5,0,5,2,1800,1830,4270,1900
TXO,202610,20261021.0,50300.0,Call,270,316,270,271,271,▼-17,▼-5.90%,10,24,34,69,262,269,750,123
TXO,202610,20261021.0,50300.0,Put,-,-,-,-,1890,-,-,0,0,0,0,1880,1910,2620,2430
TXO,202610,20261021.0,50400.0,Call,251,286,249,249,249,▼-30,▼-10.75%,2,19,21,61,243,249,560,106
TXO,202610,20261021.0,50400.0,Put,1980,1980,1980,1980,1980,▼-10,▼-0.50%,2,4,6,5,1960,1990,3470,1980
TXO,202610,20261021.0,50500.0,Call,262,263,226,235,235,▼-25,▼-9.62%,52,36,88,305,224,230,890,88
TXO,202610,20261021.0,50500.0,Put,-,-,-,-,2050,-,-,0,0,0,0,2040,2070,2370,2320
TXO,202610,20261021.0,50600.0,Call,214,230,214,218,218,▼-25,▼-10.29%,6,5,11,97,205,211,705,88
TXO,202610,20261021.0,50600.0,Put,-,-,-,-,2130,-,-,1,0,1,2,2120,2150,2720,2380
TXO,202610,20261021.0,50700.0,Call,204,204,203,203,203,▼-12,▼-5.58%,4,2,6,50,189,195,500,91
TXO,202610,20261021.0,50700.0,Put,2330,2330,2330,2330,2220,▲+100,▲+4.48%,1,1,2,1,2200,2240,2650,2330
TXO,202610,20261021.0,50800.0,Call,181,205,174,178,178,▼-31,▼-14.83%,7,47,54,368,173,179,615,71
TXO,202610,20261021.0,50800.0,Put,2270,2270,2270,2270,2300,▼-20,▼-0.87%,0,2,2,7,2290,2320,3090,2270
TXO,202610,20261021.0,50900.0,Call,-,-,-,-,163,-,-,0,0,0,56,159,164,795,69
TXO,202610,20261021.0,50900.0,Put,-,-,-,-,2390,-,-,0,0,0,0,2370,2410,-,-
TXO,202610,20261021.0,51000.0,Call,146,178,146,148,148,▼-27,▼-15.43%,83,124,207,836,145,151,800,63
TXO,202610,20261021.0,51000.0,Put,2460,2460,2460,2460,2460,▼-20,▼-0.81%,1,1,2,5,2460,2490,4300,2460
TXO,202610,20261021.0,51100.0,Call,138,138,138,138,138,▼-24,▼-14.81%,9,1,10,24,133,138,810,67
TXO,202610,20261021.0,51100.0,Put,-,-,-,-,2560,-,-,0,0,0,0,2550,2580,-,-
TXO,202610,20261021.0,51200.0,Call,127,146,121,125,125,▼-22,▼-14.97%,15,16,31,86,121,126,650,56
TXO,202610,20261021.0,51200.0,Put,-,-,-,-,2650,-,-,0,0,0,1,2640,2670,3310,2920
TXO,202610,20261021.0,51300.0,Call,118,136,118,123,123,▼-4,▼-3.15%,3,7,10,65,111,116,291,60
TXO,202610,20261021.0,51300.0,Put,-,-,-,-,2740,-,-,0,0,0,1,2720,2760,3110,3110
TXO,202610,20261021.0,51400.0,Call,106,115,101,101,101,▼-22,▼-17.89%,2,3,5,27,100,105,515,48
TXO,202610,20261021.0,51400.0,Put,-,-,-,-,2830,-,-,0,0,0,0,2810,2850,-,-
TXO,202610,20261021.0,51500.0,Call,90,115,90,94,94,▼-19,▼-16.81%,43,178,221,584,92,96,630,44
TXO,202610,20261021.0,51500.0,Put,-,-,-,-,2920,-,-,0,0,0,0,2910,2940,-,-
TXO,202610,20261021.0,51600.0,Call,103,103,84,84,84,▼-20,▼-19.23%,2,17,19,89,83,88,520,40
TXO,202610,20261021.0,51600.0,Put,-,-,-,-,3010,-,-,0,0,0,0,3000,3030,3390,3270
TXO,202610,20261021.0,51700.0,Call,80,80,78,79,79,▼-15,▼-15.96%,23,8,31,28,76,79,610,40.5
TXO,202610,20261021.0,51700.0,Put,-,-,-,-,3100,-,-,0,0,0,1,3090,3120,3390,3390
TXO,202610,20261021.0,51800.0,Call,78,84,70,72,72,▼-14,▼-16.28%,5,29,34,71,70,73,445,36.5
TXO,202610,20261021.0,51800.0,Put,3370,3370,3160,3190,3190,0,0%,0,8,8,0,3180,3220,3460,3160
TXO,202610,20261021.0,51900.0,Call,77,77,70,70,70,▼-8,▼-10.26%,4,2,6,44,63,66,1080,41.5
TXO,202610,20261021.0,51900.0,Put,-,-,-,-,3290,-,-,0,0,0,0,3280,3310,-,-
TXO,202610,20261021.0,52000.0,Call,56,72,56,59,59,▼-14,▼-19.18%,79,95,174,1146,59,61,1020,32
TXO,202610,20261021.0,52000.0,Put,-,-,-,-,3380,-,-,0,0,0,0,3370,3400,-,-
TXO,202610,20261021.0,52100.0,Call,54,59,52,52,52,▼-12,▼-18.75%,3,3,6,33,52,55,495,32
TXO,202610,20261021.0,52100.0,Put,-,-,-,-,3480,-,-,0,0,0,0,3460,3500,-,-
TXO,202610,20261021.0,52200.0,Call,50,52,47.5,47.5,47.5,▼-10.5,▼-18.10%,6,8,14,70,48.5,51,412,28
TXO,202610,20261021.0,52200.0,Put,-,-,-,-,3570,-,-,0,0,0,1,3560,3590,4910,4910
TXO,202610,20261021.0,52300.0,Call,-,-,-,-,45.5,-,-,0,0,0,13,44,46.5,1000,30
TXO,202610,20261021.0,52300.0,Put,-,-,-,-,3670,-,-,0,0,0,0,3660,3690,-,-
TXO,202610,20261021.0,52400.0,Call,44,44,43,43,43,▼-4.5,▼-9.47%,1,2,3,86,40.5,43,865,26
TXO,202610,20261021.0,52400.0,Put,-,-,-,-,3760,-,-,0,0,0,0,3750,3790,-,-
TXO,202610,20261021.0,52500.0,Call,36,45,35,37,37,▼-8.5,▼-18.68%,28,182,210,184,37,38.5,940,22.5
TXO,202610,20261021.0,52500.0,Put,-,-,-,-,3860,-,-,0,0,0,0,3850,3880,-,-
TXO,202610,20261021.0,52600.0,Call,37,38.5,34,34,34,▼-7.5,▼-18.07%,0,14,14,55,34,35.5,250,7.7
TXO,202610,20261021.0,52600.0,Put,-,-,-,-,3960,-,-,0,0,0,0,3950,3980,-,-
TXO,202610,20261021.0,52700.0,Call,34.5,34.5,32.5,32.5,32.5,▼-6.5,▼-16.67%,1,18,19,33,31.5,33,310,19
TXO,202610,20261021.0,52700.0,Put,-,-,-,-,4060,-,-,0,0,0,0,4040,4080,-,-
TXO,202610,20261021.0,52800.0,Call,31,31.5,31,31,31,▼-4.5,▼-12.68%,0,21,21,23,29,30.5,275,17.5
TXO,202610,20261021.0,52800.0,Put,-,-,-,-,4150,-,-,0,0,0,0,4140,4180,-,-
TXO,202610,20261021.0,52900.0,Call,-,-,-,-,27.5,-,-,0,0,0,6,26.5,28,139,16.5
TXO,202610,20261021.0,52900.0,Put,-,-,-,-,4250,-,-,0,0,0,0,4240,4270,-,-
TXO,202610,20261021.0,53000.0,Call,28.5,30,25.5,26.5,26.5,▼-1.5,▼-5.36%,15,18,33,448,24.5,26,379,15.5
TXO,202610,20261021.0,53000.0,Put,-,-,-,-,4350,-,-,0,0,0,0,4330,4370,-,-
TXO,202610,20261021.0,53100.0,Call,-,-,-,-,24,-,-,0,0,0,31,23,24.5,100,15
TXO,202610,20261021.0,53100.0,Put,-,-,-,-,4450,-,-,0,0,0,0,4430,4470,-,-
TXO,202610,20261021.0,53200.0,Call,25,25,22,22,22,▼-4,▼-15.38%,1,13,14,35,21,22.5,130,14
TXO,202610,20261021.0,53200.0,Put,-,-,-,-,4540,-,-,0,0,0,0,4530,4570,-,-
TXO,202610,20261021.0,53300.0,Call,20,20.5,20,20.5,20.5,▼-3.5,▼-14.58%,0,7,7,55,19.5,21,122,13.5
TXO,202610,20261021.0,53300.0,Put,-,-,-,-,4640,-,-,0,0,0,0,4630,4670,-,-
TXO,202610,20261021.0,53400.0,Call,-,-,-,-,19,-,-,0,0,0,11,18.5,19.5,65,15
TXO,202610,20261021.0,53400.0,Put,-,-,-,-,4740,-,-,0,0,0,0,4730,4770,-,-
TXO,202610,20261021.0,53500.0,Call,-,-,-,-,18,-,-,0,0,0,68,17.5,18,112,13.5
TXO,202610,20261021.0,53500.0,Put,-,-,-,-,4840,-,-,0,0,0,0,4690,4860,-,-
TXO,202610,20261021.0,53600.0,Call,-,-,-,-,17,-,-,3,0,3,15,16,17.5,95,15
TXO,202610,20261021.0,53600.0,Put,-,-,-,-,4940,-,-,0,0,0,0,4920,4960,-,-
TXO,202610,20261021.0,53700.0,Call,-,-,-,-,16,-,-,0,0,0,22,15,16.5,98,10.5
TXO,202610,20261021.0,53700.0,Put,-,-,-,-,5040,-,-,0,0,0,0,5020,5060,-,-
TXO,202610,20261021.0,53800.0,Call,16,16,14,14,14,▼-3,▼-17.65%,6,2,8,418,14.5,15.5,68,9.8
TXO,202610,20261021.0,53800.0,Put,-,-,-,-,5140,-,-,0,0,0,0,5120,5160,-,-
TXO,202610,20261021.0,53900.0,Call,-,-,-,-,14,-,-,0,0,0,264,13.5,14.5,82,9.5
TXO,202610,20261021.0,53900.0,Put,-,-,-,-,5240,-,-,0,0,0,0,5220,5260,-,-
TXO,202610,20261021.0,54000.0,Call,13.5,13.5,13.5,13.5,13.5,▼-2,▼-12.90%,5,2,7,218,12.5,13.5,85,8.6
TXO,202610,20261021.0,54000.0,Put,-,-,-,-,5330,-,-,0,0,0,0,5320,5360,-,-
TXO,202610,20261021.0,54100.0,Call,-,-,-,-,12.5,-,-,0,0,0,413,12,13,26.5,8.6
TXO,202610,20261021.0,54100.0,Put,-,-,-,-,5430,-,-,0,0,0,0,5420,5460,-,-
TXO,202610,20261021.0,54200.0,Call,11.5,12,11.5,11.5,11.5,▼-2,▼-14.81%,0,5,5,411,11.5,12.5,34.5,8.4
TXO,202610,20261021.0,54200.0,Put,-,-,-,-,5530,-,-,0,0,0,0,5520,5560,-,-
TXO,202610,20261021.0,54300.0,Call,12,12,12,12,11.5,▼-1,▼-7.69%,0,1,1,413,11,12,45.5,7.8
TXO,202610,20261021.0,54300.0,Put,-,-,-,-,5630,-,-,0,0,0,0,5620,5660,-,-
TXO,202610,20261021.0,54400.0,Call,12,12,10.5,10.5,10.5,▼-1.5,▼-12.50%,0,10,10,442,10.5,11.5,56,7.6
TXO,202610,20261021.0,54400.0,Put,-,-,-,-,5730,-,-,0,0,0,0,5710,5760,-,-
TXO,202610,20261021.0,54500.0,Call,9.9,11.5,9.9,11.5,10.5,0,0%,18,22,40,562,9.8,10.5,61,1
TXO,202610,20261021.0,54500.0,Put,-,-,-,-,5830,-,-,0,0,0,0,5810,5860,-,-
TXO,202610,20261021.0,54600.0,Call,-,-,-,-,9.7,-,-,0,0,0,9,9.3,10,26.5,8
TXO,202610,20261021.0,54600.0,Put,-,-,-,-,5930,-,-,0,0,0,0,5910,5960,-,-
TXO,202610,20261021.0,54700.0,Call,-,-,-,-,9.3,-,-,0,0,0,7,8.9,9.6,22,6.4
TXO,202610,20261021.0,54700.0,Put,-,-,-,-,6030,-,-,0,0,0,0,6010,6060,-,-
TXO,202610,20261021.0,54800.0,Call,-,-,-,-,9,-,-,0,0,0,0,8.6,9.2,-,-
TXO,202610,20261021.0,54800.0,Put,-,-,-,-,6130,-,-,0,0,0,0,6110,6160,-,-
TXO,202610,20261021.0,54900.0,Call,-,-,-,-,8.8,-,-,0,0,0,19,8.4,9,22,7.2
TXO,202610,20261021.0,54900.0,Put,-,-,-,-,6230,-,-,0,0,0,0,6210,6260,-,-
TXO,202610,20261021.0,55000.0,Call,-,-,-,-,8.3,-,-,0,0,0,21,8,8.5,27,5.8
TXO,202610,20261021.0,55000.0,Put,-,-,-,-,6330,-,-,0,0,0,0,6310,6360,-,-
TXO,202610,20261021.0,55100.0,Call,-,-,-,-,8,-,-,0,0,0,2,7.7,8.2,11,6.5
TXO,202610,20261021.0,55100.0,Put,-,-,-,-,6430,-,-,0,0,0,0,6410,6460,-,-
TXO,202610,20261021.0,55200.0,Call,-,-,-,-,7.7,-,-,0,0,0,1,7.4,7.9,8.5,8.5
TXO,202610,20261021.0,55200.0,Put,-,-,-,-,6530,-,-,0,0,0,0,6510,6560,-,-
TXO,202610,20261021.0,55300.0,Call,-,-,-,-,7.4,-,-,0,0,0,2,7.1,7.6,8,6
TXO,202610,20261021.0,55300.0,Put,-,-,-,-,6630,-,-,0,0,0,0,6610,6660,-,-
TXO,202610,20261021.0,55400.0,Call,7.6,7.6,7.6,7.6,7.2,▲+0.4,▲+5.56%,3,1,4,114,6.9,7.4,9.6,2.6
TXO,202610,20261021.0,55400.0,Put,-,-,-,-,6730,-,-,0,0,0,0,6710,6760,-,-
TXO,202610,20261021.0,55500.0,Call,-,-,-,-,7.1,-,-,0,0,0,0,6.8,7.2,-,-
TXO,202610,20261021.0,55500.0,Put,-,-,-,-,6830,-,-,0,0,0,0,6810,6860,-,-
TXO,202610,20261021.0,55600.0,Call,-,-,-,-,6.7,-,-,0,0,0,0,6.4,6.9,-,-
TXO,202610,20261021.0,55600.0,Put,-,-,-,-,6930,-,-,0,0,0,0,6910,6960,-,-
TXO,202610,20261021.0,55700.0,Call,6.8,6.8,6.3,6.4,6.4,▲+1.3,▲+25.49%,0,6,6,6,6.3,6.5,6.8,6.3
TXO,202610,20261021.0,55700.0,Put,-,-,-,-,7030,-,-,0,0,0,0,7010,7060,-,-
TXO,202611,20261118.0,38000.0,Call,-,-,-,-,10860,-,-,0,0,0,0,10820,10920,-,-
TXO,202611,20261118.0,38000.0,Put,54,55,50,50,47.5,▼-4,▼-7.41%,13,17,30,152,47,47.5,595,50
TXO,202611,20261118.0,38100.0,Call,-,-,-,-,10770,-,-,0,0,0,0,10720,10820,-,-
TXO,202611,20261118.0,38100.0,Put,-,-,-,-,49,-,-,0,0,0,6,47.5,50,525,73
TXO,202611,20261118.0,38200.0,Call,-,-,-,-,10670,-,-,0,0,0,0,10620,10720,-,-
TXO,202611,20261118.0,38200.0,Put,-,-,-,-,50,-,-,0,0,0,1,48.5,51,273,64
TXO,202611,20261118.0,38300.0,Call,-,-,-,-,10570,-,-,0,0,0,0,10520,10620,-,-
TXO,202611,20261118.0,38300.0,Put,-,-,-,-,50,-,-,0,0,0,5,49,52,555,64
TXO,202611,20261118.0,38400.0,Call,-,-,-,-,10470,-,-,0,0,0,0,10420,10520,-,-
TXO,202611,20261118.0,38400.0,Put,-,-,-,-,51,-,-,0,0,0,3,49.5,52,299,56
TXO,202611,20261118.0,38500.0,Call,-,-,-,-,10370,-,-,0,0,0,0,10320,10420,-,-
TXO,202611,20261118.0,38500.0,Put,-,-,-,-,52,-,-,0,0,0,28,51,54,585,71
TXO,202611,20261118.0,38600.0,Call,-,-,-,-,10270,-,-,0,0,0,0,10230,10320,8730,8630
TXO,202611,20261118.0,38600.0,Put,-,-,-,-,52,-,-,0,0,0,10,51,54,317,68
TXO,202611,20261118.0,38700.0,Call,-,-,-,-,10170,-,-,0,0,0,0,10120,10230,-,-
TXO,202611,20261118.0,38700.0,Put,-,-,-,-,53,-,-,0,0,0,7,52,55,370,100
TXO,202611,20261118.0,38800.0,Call,-,-,-,-,10070,-,-,0,0,0,0,10030,10130,-,-
TXO,202611,20261118.0,38800.0,Put,-,-,-,-,55,-,-,0,0,0,1,53,56,204,79
TXO,202611,20261118.0,38900.0,Call,-,-,-,-,9980,-,-,0,0,0,0,9930,10030,-,-
TXO,202611,20261118.0,38900.0,Put,-,-,-,-,55,-,-,0,0,0,13,54,57,335,67
TXO,202611,20261118.0,39000.0,Call,-,-,-,-,9880,-,-,0,0,0,0,9830,9930,8420,8260
TXO,202611,20261118.0,39000.0,Put,66,66,66,66,57,▲+2,▲+3.13%,0,2,2,82,55,58,402,64
TXO,202611,20261118.0,39100.0,Call,-,-,-,-,9780,-,-,0,0,0,0,9730,9830,-,-
TXO,202611,20261118.0,39100.0,Put,-,-,-,-,58,-,-,0,0,0,5,56,59,234,85
TXO,202611,20261118.0,39200.0,Call,-,-,-,-,9680,-,-,0,0,0,0,9630,9730,-,-
TXO,202611,20261118.0,39200.0,Put,69,69,69,69,59,▲+1,▲+1.47%,0,2,2,1,57,60,303,69
TXO,202611,20261118.0,39300.0,Call,-,-,-,-,9580,-,-,0,0,0,0,9530,9630,-,-
TXO,202611,20261118.0,39300.0,Put,-,-,-,-,59,-,-,0,0,0,6,58,61,650,68
TXO,202611,20261118.0,39400.0,Call,-,-,-,-,9480,-,-,0,0,0,0,9430,9530,-,-
TXO,202611,20261118.0,39400.0,Put,-,-,-,-,61,-,-,0,0,0,20,59,62,108,68
TXO,202611,20261118.0,39500.0,Call,-,-,-,-,9380,-,-,0,0,0,0,9340,9430,-,-
TXO,202611,20261118.0,39500.0,Put,-,-,-,-,61,-,-,5,0,5,54,60,63,555,71
TXO,202611,20261118.0,39600.0,Call,-,-,-,-,9280,-,-,0,0,0,0,9240,9330,-,-
TXO,202611,20261118.0,39600.0,Put,-,-,-,-,63,-,-,0,0,0,1,61,64,469,79
TXO,202611,20261118.0,39700.0,Call,-,-,-,-,9190,-,-,0,0,0,0,9140,9230,-,-
TXO,202611,20261118.0,39700.0,Put,-,-,-,-,63,-,-,0,0,0,3,62,65,420,79
TXO,202611,20261118.0,39800.0,Call,-,-,-,-,9090,-,-,0,0,0,0,9040,9130,-,-
TXO,202611,20261118.0,39800.0,Put,74,74,74,74,64,▼-1,▼-1.33%,0,2,2,5,63,66,283,74
TXO,202611,20261118.0,39900.0,Call,-,-,-,-,8990,-,-,0,0,0,0,8950,9040,-,-
TXO,202611,20261118.0,39900.0,Put,68,68,68,68,67,▼-8,▼-10.53%,0,1,1,7,65,68,293,68
TXO,202611,20261118.0,40000.0,Call,-,-,-,-,8890,-,-,0,0,0,0,8840,8940,-,-
TXO,202611,20261118.0,40000.0,Put,79,82,72,72,67,▼-8,▼-10.00%,7,16,23,432,66,69,785,72
TXO,202611,20261118.0,40100.0,Call,-,-,-,-,8790,-,-,0,0,0,0,8750,8840,-,-
TXO,202611,20261118.0,40100.0,Put,-,-,-,-,69,-,-,1,0,1,7,67,70,330,85
TXO,202611,20261118.0,40200.0,Call,-,-,-,-,8690,-,-,0,0,0,0,8650,8740,-,-
TXO,202611,20261118.0,40200.0,Put,-,-,-,-,71,-,-,0,0,0,14,69,72,202,99
TXO,202611,20261118.0,40300.0,Call,-,-,-,-,8590,-,-,0,0,0,0,8550,8640,-,-
TXO,202611,20261118.0,40300.0,Put,-,-,-,-,71,-,-,0,0,0,6,70,73,469,119
TXO,202611,20261118.0,40400.0,Call,-,-,-,-,8500,-,-,0,0,0,0,8450,8540,-,-
TXO,202611,20261118.0,40400.0,Put,-,-,-,-,74,-,-,0,0,0,11,72,76,485,90
TXO,202611,20261118.0,40500.0,Call,-,-,-,-,8400,-,-,0,0,0,0,8350,8440,-,-
TXO,202611,20261118.0,40500.0,Put,84,84,84,84,76,▼-3,▼-3.45%,0,1,1,28,74,78,505,84
TXO,202611,20261118.0,40600.0,Call,-,-,-,-,8300,-,-,0,0,0,0,8260,8350,-,-
TXO,202611,20261118.0,40600.0,Put,-,-,-,-,77,-,-,0,0,0,3,75,80,500,122
TXO,202611,20261118.0,40700.0,Call,-,-,-,-,8200,-,-,0,0,0,0,8160,8250,-,-
TXO,202611,20261118.0,40700.0,Put,-,-,-,-,79,-,-,0,0,0,6,77,81,930,142
TXO,202611,20261118.0,40800.0,Call,-,-,-,-,8110,-,-,0,0,0,0,8060,8150,-,-
TXO,202611,20261118.0,40800.0,Put,82,82,82,82,82,▼-11,▼-11.83%,2,2,4,5,79,83,610,82
TXO,202611,20261118.0,40900.0,Call,-,-,-,-,8010,-,-,0,0,0,0,7960,8050,-,-
TXO,202611,20261118.0,40900.0,Put,92,92,84,84,84,▼-11,▼-11.58%,4,4,8,7,81,85,164,84
TXO,202611,20261118.0,41000.0,Call,-,-,-,-,7910,-,-,0,0,0,0,7870,7950,-,-
TXO,202611,20261118.0,41000.0,Put,99,99,87,87,87,▼-11,▼-11.22%,0,15,15,43,83,88,990,87
TXO,202611,20261118.0,41100.0,Call,-,-,-,-,7810,-,-,0,0,0,0,7770,7850,-,-
TXO,202611,20261118.0,41100.0,Put,-,-,-,-,88,-,-,0,0,0,10,85,90,425,104
TXO,202611,20261118.0,41200.0,Call,-,-,-,-,7710,-,-,0,0,0,0,7670,7760,-,-
TXO,202611,20261118.0,41200.0,Put,-,-,-,-,89,-,-,0,0,0,5,86,91,465,226
TXO,202611,20261118.0,41300.0,Call,-,-,-,-,7620,-,-,0,0,0,0,7580,7660,-,-
TXO,202611,20261118.0,41300.0,Put,-,-,-,-,92,-,-,1,0,1,6,90,95,437,113
TXO,202611,20261118.0,41400.0,Call,-,-,-,-,7520,-,-,0,0,0,0,7480,7560,-,-
TXO,202611,20261118.0,41400.0,Put,-,-,-,-,94,-,-,0,0,0,6,92,97,451,169
TXO,202611,20261118.0,41500.0,Call,-,-,-,-,7420,-,-,0,0,0,0,7380,7470,-,-
TXO,202611,20261118.0,41500.0,Put,107,108,99,99,99,▼-14,▼-12.39%,4,10,14,20,95,100,1040,99
TXO,202611,20261118.0,41600.0,Call,-,-,-,-,7320,-,-,0,0,0,0,7280,7370,-,-
TXO,202611,20261118.0,41600.0,Put,109,109,109,109,99,▼-7,▼-6.03%,0,1,1,10,96,101,479,109
TXO,202611,20261118.0,41700.0,Call,-,-,-,-,7230,-,-,0,0,0,0,7190,7270,-,-
TXO,202611,20261118.0,41700.0,Put,-,-,-,-,103,-,-,0,0,0,5,100,105,505,195
TXO,202611,20261118.0,41800.0,Call,-,-,-,-,7130,-,-,0,0,0,0,7090,7170,-,-
TXO,202611,20261118.0,41800.0,Put,-,-,-,-,105,-,-,0,0,0,8,103,108,510,202
TXO,202611,20261118.0,41900.0,Call,-,-,-,-,7040,-,-,0,0,0,0,7000,7070,-,-
TXO,202611,20261118.0,41900.0,Put,-,-,-,-,109,-,-,0,0,0,8,106,112,560,200
TXO,202611,20261118.0,42000.0,Call,-,-,-,-,6940,-,-,0,0,0,0,6900,6980,-,-
TXO,202611,20261118.0,42000.0,Put,136,136,110,110,110,▼-22,▼-16.67%,6,39,45,80,108,114,750,110
TXO,202611,20261118.0,42100.0,Call,-,-,-,-,6840,-,-,0,0,0,0,6800,6880,-,-
TXO,202611,20261118.0,42100.0,Put,-,-,-,-,116,-,-,0,0,0,15,113,119,725,136
TXO,202611,20261118.0,42200.0,Call,-,-,-,-,6750,-,-,0,0,0,0,6710,6790,-,-
TXO,202611,20261118.0,42200.0,Put,118,118,118,118,118,▼-20,▼-14.49%,0,1,1,10,116,122,745,118
TXO,202611,20261118.0,42300.0,Call,-,-,-,-,6650,-,-,0,0,0,0,6610,6690,-,-
TXO,202611,20261118.0,42300.0,Put,-,-,-,-,123,-,-,0,0,0,10,120,126,595,198
TXO,202611,20261118.0,42400.0,Call,-,-,-,-,6550,-,-,0,0,0,0,6520,6590,-,-
TXO,202611,20261118.0,42400.0,Put,-,-,-,-,127,-,-,0,0,0,5,124,130,790,610
TXO,202611,20261118.0,42500.0,Call,-,-,-,-,6460,-,-,0,0,0,0,6420,6500,-,-
TXO,202611,20261118.0,42500.0,Put,150,150,141,144,131,▼-8,▼-5.26%,0,11,11,37,128,134,940,141
TXO,202611,20261118.0,42600.0,Call,-,-,-,-,6360,-,-,0,0,0,0,6330,6400,-,-
TXO,202611,20261118.0,42600.0,Put,-,-,-,-,134,-,-,10,0,10,13,131,137,830,181
TXO,202611,20261118.0,42700.0,Call,-,-,-,-,6270,-,-,0,0,0,0,6230,6310,-,-
TXO,202611,20261118.0,42700.0,Put,-,-,-,-,140,-,-,0,0,0,1,137,143,1620,280
TXO,202611,20261118.0,42800.0,Call,-,-,-,-,6170,-,-,0,0,0,0,6140,6210,-,-
TXO,202611,20261118.0,42800.0,Put,-,-,-,-,143,-,-,0,0,0,3,140,146,315,196
TXO,202611,20261118.0,42900.0,Call,-,-,-,-,6080,-,-,0,0,0,0,6040,6110,-,-
TXO,202611,20261118.0,42900.0,Put,183,183,183,183,148,▲+8,▲+4.57%,0,1,1,3,145,151,1000,183
TXO,202611,20261118.0,43000.0,Call,-,-,-,-,5980,-,-,0,0,0,1,5950,6020,4700,4150
TXO,202611,20261118.0,43000.0,Put,170,170,153,153,153,▼-28,▼-15.47%,10,12,22,145,152,159,1050,153
TXO,202611,20261118.0,43100.0,Call,-,-,-,-,5890,-,-,0,0,0,0,5860,5920,-,-
TXO,202611,20261118.0,43100.0,Put,-,-,-,-,161,-,-,0,0,0,10,157,164,780,290
TXO,202611,20261118.0,43200.0,Call,-,-,-,-,5800,-,-,0,0,0,1,5760,5830,4270,4270
TXO,202611,20261118.0,43200.0,Put,-,-,-,-,167,-,-,0,0,0,12,163,170,790,243
TXO,202611,20261118.0,43300.0,Call,-,-,-,-,5700,-,-,0,0,0,0,5670,5740,-,-
TXO,202611,20261118.0,43300.0,Put,172,172,170,170,170,▼-36,▼-17.48%,0,4,4,15,169,176,1040,170
TXO,202611,20261118.0,43400.0,Call,-,-,-,-,5610,-,-,0,0,0,0,5570,5640,-,-
TXO,202611,20261118.0,43400.0,Put,-,-,-,-,179,-,-,0,0,0,10,175,183,870,835
TXO,202611,20261118.0,43500.0,Call,-,-,-,-,5510,-,-,0,0,0,0,5480,5550,3980,3750
TXO,202611,20261118.0,43500.0,Put,204,204,197,197,183,▼-19,▼-8.80%,2,10,12,17,179,187,1130,197
TXO,202611,20261118.0,43600.0,Call,-,-,-,-,5420,-,-,0,0,0,0,5390,5450,-,-
TXO,202611,20261118.0,43600.0,Put,-,-,-,-,190,-,-,1,0,1,2,186,194,1160,255
TXO,202611,20261118.0,43700.0,Call,-,-,-,-,5330,-,-,0,0,0,0,5300,5360,-,-
TXO,202611,20261118.0,43700.0,Put,-,-,-,-,200,-,-,0,0,0,5,196,204,890,890
TXO,202611,20261118.0,43800.0,Call,-,-,-,-,5240,-,-,0,0,0,1,5200,5270,3750,3750
TXO,202611,20261118.0,43800.0,Put,240,240,240,240,205,▼-1,▼-0.41%,2,1,3,7,201,209,970,240
TXO,202611,20261118.0,43900.0,Call,-,-,-,-,5150,-,-,0,0,0,0,5110,5180,-,-
TXO,202611,20261118.0,43900.0,Put,-,-,-,-,216,-,-,0,0,0,6,212,220,1930,315
TXO,202611,20261118.0,44000.0,Call,-,-,-,-,5060,-,-,0,0,0,1,5020,5090,5000,3190
TXO,202611,20261118.0,44000.0,Put,270,270,227,228,228,▼-33,▼-12.64%,4,17,21,86,222,229,2100,227
TXO,202611,20261118.0,44100.0,Call,-,-,-,-,4970,-,-,0,0,0,0,4930,5000,-,-
TXO,202611,20261118.0,44100.0,Put,-,-,-,-,233,-,-,0,0,0,1,229,238,910,292
TXO,202611,20261118.0,44200.0,Call,-,-,-,-,4870,-,-,0,0,0,0,4840,-,-,-
TXO,202611,20261118.0,44200.0,Put,-,-,-,-,241,-,-,0,0,0,1,236,245,1280,300
TXO,202611,20261118.0,44300.0,Call,-,-,-,-,4780,-,-,0,0,0,0,4750,-,-,-
TXO,202611,20261118.0,44300.0,Put,297,297,265,265,251,▼-27,▼-9.25%,0,2,2,43,246,255,1870,265
TXO,202611,20261118.0,44400.0,Call,-,-,-,-,4700,-,-,0,0,0,1,4660,4730,4460,3240
TXO,202611,20261118.0,44400.0,Put,304,304,304,304,264,0,0%,1,3,4,12,259,269,1190,304
TXO,202611,20261118.0,44500.0,Call,-,-,-,-,4610,-,-,0,0,0,0,4570,4640,3980,3060
TXO,202611,20261118.0,44500.0,Put,330,330,292,292,275,▼-31,▼-9.60%,2,9,11,73,270,280,1230,292
TXO,202611,20261118.0,44600.0,Call,-,-,-,-,4520,-,-,0,0,0,0,4480,4550,-,-
TXO,202611,20261118.0,44600.0,Put,341,341,300,300,284,▼-30,▼-9.09%,0,2,2,24,278,289,1330,300
TXO,202611,20261118.0,44700.0,Call,-,-,-,-,4430,-,-,0,0,0,0,4400,4460,-,-
TXO,202611,20261118.0,44700.0,Put,360,370,300,300,300,▼-42,▼-12.28%,1,4,5,26,293,303,2040,300
TXO,202611,20261118.0,44800.0,Call,-,-,-,-,4350,-,-,0,0,0,0,4310,4370,-,-
TXO,202611,20261118.0,44800.0,Put,332,334,330,334,312,▼-23,▼-6.44%,3,5,8,13,306,317,1270,330
TXO,202611,20261118.0,44900.0,Call,-,-,-,-,4260,-,-,0,0,0,0,4220,4290,-,-
TXO,202611,20261118.0,44900.0,Put,320,320,320,320,320,▼-52,▼-13.98%,0,1,1,5,317,329,565,320
TXO,202611,20261118.0,45000.0,Call,-,-,-,-,4170,-,-,0,0,0,6,4140,4200,4330,2570
TXO,202611,20261118.0,45000.0,Put,400,402,338,338,338,▼-50,▼-12.89%,0,10,10,183,334,346,2580,338
TXO,202611,20261118.0,45100.0,Call,-,-,-,-,4090,-,-,0,0,0,0,4050,4120,-,-
TXO,202611,20261118.0,45100.0,Put,410,410,352,352,352,▼-52,▼-12.87%,0,2,2,7,349,361,1630,352
TXO,202611,20261118.0,45200.0,Call,-,-,-,-,4000,-,-,0,0,0,0,3970,4040,-,-
TXO,202611,20261118.0,45200.0,Put,-,-,-,-,371,-,-,0,0,0,0,364,377,760,760
TXO,202611,20261118.0,45300.0,Call,-,-,-,-,3920,-,-,0,0,0,0,3890,3950,-,-
TXO,202611,20261118.0,45300.0,Put,450,460,410,410,386,▼-26,▼-5.96%,3,6,9,43,380,393,1360,410
TXO,202611,20261118.0,45400.0,Call,-,-,-,-,3840,-,-,0,0,0,0,3800,3870,-,-
TXO,202611,20261118.0,45400.0,Put,444,444,444,444,403,▼-12,▼-2.63%,0,30,30,34,397,410,2790,444
TXO,202611,20261118.0,45500.0,Call,-,-,-,-,3760,-,-,0,0,0,1,3720,3790,3880,2320
TXO,202611,20261118.0,45500.0,Put,490,490,490,490,421,▲+12,▲+2.51%,2,5,7,62,415,428,2800,490
TXO,202611,20261118.0,45600.0,Call,-,-,-,-,3680,-,-,0,0,0,1,3640,3710,2330,2330
TXO,202611,20261118.0,45600.0,Put,510,510,435,436,436,▼-64,▼-12.80%,0,70,70,75,433,447,1760,435
TXO,202611,20261118.0,45700.0,Call,-,-,-,-,3600,-,-,0,0,0,0,3560,3630,-,-
TXO,202611,20261118.0,45700.0,Put,-,-,-,-,460,-,-,0,0,0,20,453,467,1880,515
TXO,202611,20261118.0,45800.0,Call,-,-,-,-,3520,-,-,0,0,0,0,3480,3550,-,-
TXO,202611,20261118.0,45800.0,Put,520,520,473,480,480,▼-65,▼-11.93%,1,63,64,71,472,487,1960,473
TXO,202611,20261118.0,45900.0,Call,-,-,-,-,3440,-,-,0,0,0,0,3400,3470,-,-
TXO,202611,20261118.0,45900.0,Put,505,505,497,497,497,▼-68,▼-12.04%,0,20,20,23,494,510,1810,497
TXO,202611,20261118.0,46000.0,Call,-,-,-,-,3360,-,-,0,0,0,6,3330,3390,3560,2020
TXO,202611,20261118.0,46000.0,Put,590,590,515,520,520,▼-75,▼-12.61%,1,29,30,61,515,530,2800,515
TXO,202611,20261118.0,46100.0,Call,-,-,-,-,3280,-,-,0,0,0,1,3250,3310,3410,2160
TXO,202611,20261118.0,46100.0,Put,-,-,-,-,545,-,-,0,0,0,1,540,555,1730,985
TXO,202611,20261118.0,46200.0,Call,-,-,-,-,3210,-,-,0,0,0,2,3170,3240,2680,2010
TXO,202611,20261118.0,46200.0,Put,-,-,-,-,570,-,-,0,0,0,2,560,575,1790,745
TXO,202611,20261118.0,46300.0,Call,-,-,-,-,3130,-,-,0,0,0,1,3100,3160,2350,2350
TXO,202611,20261118.0,46300.0,Put,-,-,-,-,595,-,-,0,0,0,2,585,605,1970,765
TXO,202611,20261118.0,46400.0,Call,-,-,-,-,3060,-,-,0,0,0,1,3020,3090,2750,2000
TXO,202611,20261118.0,46400.0,Put,620,620,620,620,620,▼-65,▼-9.49%,0,1,1,6,610,625,1780,620
TXO,202611,20261118.0,46500.0,Call,-,-,-,-,2990,-,-,0,0,0,4,2950,3020,3120,1840
TXO,202611,20261118.0,46500.0,Put,-,-,-,-,650,-,-,0,0,0,14,630,655,2050,825
TXO,202611,20261118.0,46600.0,Call,-,-,-,-,2920,-,-,0,0,0,0,2880,2940,2250,2230
TXO,202611,20261118.0,46600.0,Put,-,-,-,-,680,-,-,0,0,0,11,665,685,1970,860
TXO,202611,20261118.0,46700.0,Call,-,-,-,-,2850,-,-,0,0,0,5,2810,2870,2310,1580
TXO,202611,20261118.0,46700.0,Put,-,-,-,-,710,-,-,1,0,1,7,695,720,2030,820
TXO,202611,20261118.0,46800.0,Call,-,-,-,-,2770,-,-,0,0,0,2,2740,2800,2620,1620
TXO,202611,20261118.0,46800.0,Put,-,-,-,-,735,-,-,0,0,0,4,715,740,2520,1160
TXO,202611,20261118.0,46900.0,Call,-,-,-,-,2700,-,-,0,0,0,6,2670,2730,2200,2200
TXO,202611,20261118.0,46900.0,Put,-,-,-,-,765,-,-,0,0,0,6,745,770,2300,1230
TXO,202611,20261118.0,47000.0,Call,2660,2660,2660,2660,2630,▼-40,▼-1.48%,2,1,3,21,2600,2660,2800,1620
TXO,202611,20261118.0,47000.0,Put,855,855,855,855,795,▼-10,▼-1.16%,1,1,2,135,775,800,3820,855
TXO,202611,20261118.0,47100.0,Call,-,-,-,-,2570,-,-,0,0,0,1,2540,2590,2540,2300
TXO,202611,20261118.0,47100.0,Put,850,850,840,840,840,▼-50,▼-5.62%,0,2,2,7,815,840,2100,840
TXO,202611,20261118.0,47200.0,Call,-,-,-,-,2500,-,-,0,0,0,3,2480,2530,2580,1570
TXO,202611,20261118.0,47200.0,Put,955,955,955,955,860,▲+30,▲+3.24%,0,1,1,7,840,865,1980,925
TXO,202611,20261118.0,47300.0,Call,-,-,-,-,2430,-,-,0,0,0,1,2410,2440,2300,1520
TXO,202611,20261118.0,47300.0,Put,885,885,885,885,885,▼-70,▼-7.33%,0,4,4,11,880,900,2190,885
TXO,202611,20261118.0,47400.0,Call,-,-,-,-,2360,-,-,0,0,0,1,2350,2380,2240,1470
TXO,202611,20261118.0,47400.0,Put,910,910,910,910,910,▼-90,▼-9.00%,1,4,5,12,910,935,2240,910
TXO,202611,20261118.0,47500.0,Call,-,-,-,-,2300,-,-,0,0,0,43,2290,2320,2360,1320
TXO,202611,20261118.0,47500.0,Put,960,960,955,955,955,▼-75,▼-7.28%,0,6,6,25,945,970,2730,955
TXO,202611,20261118.0,47600.0,Call,-,-,-,-,2240,-,-,0,0,0,3,2220,2250,2070,1380
TXO,202611,20261118.0,47600.0,Put,-,-,-,-,995,-,-,0,0,0,0,985,1010,-,-
TXO,202611,20261118.0,47700.0,Call,-,-,-,-,2180,-,-,0,0,0,6,2160,2190,2140,1180
TXO,202611,20261118.0,47700.0,Put,-,-,-,-,1040,-,-,0,0,0,9,1020,1040,2400,1190
TXO,202611,20261118.0,47800.0,Call,-,-,-,-,2120,-,-,0,0,0,7,2100,2130,2350,1110
TXO,202611,20261118.0,47800.0,Put,1130,1130,1080,1080,1080,▼-60,▼-5.26%,0,6,6,11,1060,1090,2640,1080
TXO,202611,20261118.0,47900.0,Call,-,-,-,-,2060,-,-,0,0,0,17,2040,2070,2020,1070
TXO,202611,20261118.0,47900.0,Put,1150,1150,1100,1100,1100,▼-80,▼-6.78%,0,2,2,16,1100,1130,2500,1100
TXO,202611,20261118.0,48000.0,Call,2000,2000,2000,2000,2000,▼-60,▼-2.91%,0,1,1,49,1980,2010,2120,1030
TXO,202611,20261118.0,48000.0,Put,1250,1280,1160,1170,1170,▼-50,▼-4.10%,4,6,10,17,1140,1160,4280,1160
TXO,202611,20261118.0,48100.0,Call,1930,1930,1930,1930,1930,▼-70,▼-3.50%,2,2,4,9,1920,1950,2030,1610
TXO,202611,20261118.0,48100.0,Put,1300,1310,1300,1310,1200,▲+50,▲+3.97%,0,2,2,8,1180,1200,2610,1300
TXO,202611,20261118.0,48200.0,Call,-,-,-,-,1880,-,-,1,0,1,26,1870,1900,2080,920
TXO,202611,20261118.0,48200.0,Put,1320,1320,1250,1250,1250,▼-50,▼-3.85%,0,2,2,18,1220,1250,1660,1250
TXO,202611,20261118.0,48300.0,Call,1870,1870,1870,1870,1830,▼-20,▼-1.06%,0,1,1,12,1810,1840,1920,925
TXO,202611,20261118.0,48300.0,Put,-,-,-,-,1280,-,-,0,0,0,0,1270,1300,-,-
TXO,202611,20261118.0,48400.0,Call,-,-,-,-,1770,-,-,0,0,0,6,1750,1780,1840,1480
TXO,202611,20261118.0,48400.0,Put,1320,1320,1320,1320,1320,▼-70,▼-5.04%,0,1,1,2,1310,1340,1620,1320
TXO,202611,20261118.0,48500.0,Call,-,-,-,-,1720,-,-,1,0,1,12,1700,1730,1830,1130
TXO,202611,20261118.0,48500.0,Put,-,-,-,-,1370,-,-,0,0,0,7,1360,1390,3210,1480
TXO,202611,20261118.0,48600.0,Call,-,-,-,-,1660,-,-,0,0,0,37,1650,1680,1730,920
TXO,202611,20261118.0,48600.0,Put,-,-,-,-,1420,-,-,0,0,0,5,1400,1430,2750,1620
TXO,202611,20261118.0,48700.0,Call,-,-,-,-,1610,-,-,0,0,0,5,1600,1630,1620,1370
TXO,202611,20261118.0,48700.0,Put,-,-,-,-,1460,-,-,0,0,0,1,1450,1480,1770,1770
TXO,202611,20261118.0,48800.0,Call,-,-,-,-,1560,-,-,0,0,0,10,1540,1570,1760,990
TXO,202611,20261118.0,48800.0,Put,-,-,-,-,1510,-,-,0,0,0,1,1500,1530,1720,1720
TXO,202611,20261118.0,48900.0,Call,-,-,-,-,1510,-,-,0,0,0,8,1490,1520,1510,1280
TXO,202611,20261118.0,48900.0,Put,-,-,-,-,1570,-,-,0,0,0,0,1550,1580,-,-
TXO,202611,20261118.0,49000.0,Call,1520,1520,1510,1510,1460,▼-20,▼-1.31%,23,6,29,73,1440,1470,1620,720
TXO,202611,20261118.0,49000.0,Put,-,-,-,-,1620,-,-,0,0,0,4,1600,1630,4900,1860
TXO,202611,20261118.0,49100.0,Call,-,-,-,-,1410,-,-,1,0,1,4,1400,1430,1410,810
TXO,202611,20261118.0,49100.0,Put,-,-,-,-,1670,-,-,0,0,0,0,1650,1680,-,-
TXO,202611,20261118.0,49200.0,Call,1420,1420,1380,1380,1380,▼-50,▼-3.50%,0,4,4,10,1350,1380,1420,795
TXO,202611,20261118.0,49200.0,Put,-,-,-,-,1730,-,-,0,0,0,0,1710,1740,-,-
TXO,202611,20261118.0,49300.0,Call,-,-,-,-,1320,-,-,0,0,0,6,1310,1330,1440,790
TXO,202611,20261118.0,49300.0,Put,-,-,-,-,1780,-,-,0,0,0,1,1760,1790,2550,2550
TXO,202611,20261118.0,49400.0,Call,-,-,-,-,1280,-,-,0,0,0,2,1260,1290,1300,865
TXO,202611,20261118.0,49400.0,Put,-,-,-,-,1840,-,-,0,0,0,0,1820,1850,-,-
TXO,202611,20261118.0,49500.0,Call,-,-,-,-,1240,-,-,1,0,1,11,1220,1240,1360,705
TXO,202611,20261118.0,49500.0,Put,-,-,-,-,1890,-,-,0,0,0,0,1870,1900,-,-
TXO,202611,20261118.0,49600.0,Call,-,-,-,-,1200,-,-,1,0,1,31,1180,1200,1220,705
TXO,202611,20261118.0,49600.0,Put,-,-,-,-,1950,-,-,0,0,0,0,1930,1960,-,-
TXO,202611,20261118.0,49700.0,Call,-,-,-,-,1150,-,-,0,0,0,6,1140,1170,1220,1070
TXO,202611,20261118.0,49700.0,Put,-,-,-,-,2010,-,-,0,0,0,0,1990,2020,-,-
TXO,202611,20261118.0,49800.0,Call,-,-,-,-,1110,-,-,0,0,0,5,1100,1130,1170,590
TXO,202611,20261118.0,49800.0,Put,-,-,-,-,2070,-,-,0,0,0,0,2050,2080,-,-
TXO,202611,20261118.0,49900.0,Call,-,-,-,-,1070,-,-,0,0,0,32,1060,1080,1100,815
TXO,202611,20261118.0,49900.0,Put,-,-,-,-,2130,-,-,0,0,0,0,2110,2140,-,-
TXO,202611,20261118.0,50000.0,Call,1070,1110,1040,1050,1050,▼-50,▼-4.55%,1,20,21,272,1020,1050,1260,468
TXO,202611,20261118.0,50000.0,Put,-,-,-,-,2190,-,-,1,0,1,1,2170,2200,5850,2420
TXO,202611,20261118.0,50100.0,Call,-,-,-,-,1000,-,-,0,0,0,9,985,1010,1030,496
TXO,202611,20261118.0,50100.0,Put,-,-,-,-,2250,-,-,0,0,0,0,2230,2260,-,-
TXO,202611,20261118.0,50200.0,Call,-,-,-,-,960,-,-,0,0,0,6,950,975,1180,600
TXO,202611,20261118.0,50200.0,Put,-,-,-,-,2320,-,-,0,0,0,0,2300,2330,-,-
TXO,202611,20261118.0,50300.0,Call,945,945,920,920,920,▼-65,▼-6.60%,0,8,8,36,915,935,1010,474
TXO,202611,20261118.0,50300.0,Put,-,-,-,-,2380,-,-,0,0,0,0,2360,2410,-,-
TXO,202611,20261118.0,50400.0,Call,910,910,910,910,910,▼-40,▼-4.21%,0,4,4,26,880,905,990,515
TXO,202611,20261118.0,50400.0,Put,-,-,-,-,2450,-,-,0,0,0,0,2420,2460,-,-
TXO,202611,20261118.0,50500.0,Call,895,895,895,895,860,▼-10,▼-1.10%,1,1,2,19,845,870,905,411
TXO,202611,20261118.0,50500.0,Put,2510,2510,2510,2510,2510,▼-50,▼-1.95%,0,2,2,2,2490,2530,2510,2510
TXO,202611,20261118.0,50600.0,Call,900,900,825,825,825,▼-60,▼-6.78%,0,3,3,14,815,840,920,500
TXO,202611,20261118.0,50600.0,Put,-,-,-,-,2580,-,-,0,0,0,0,2560,2610,-,-
TXO,202611,20261118.0,50700.0,Call,-,-,-,-,795,-,-,0,0,0,6,780,805,820,625
TXO,202611,20261118.0,50700.0,Put,-,-,-,-,2650,-,-,0,0,0,0,2630,2680,-,-
TXO,202611,20261118.0,50800.0,Call,-,-,-,-,765,-,-,0,0,0,24,750,775,835,397
TXO,202611,20261118.0,50800.0,Put,-,-,-,-,2720,-,-,0,0,0,0,2700,2750,-,-
TXO,202611,20261118.0,50900.0,Call,775,775,775,775,735,▼-15,▼-1.90%,0,1,1,26,720,745,855,305
TXO,202611,20261118.0,50900.0,Put,-,-,-,-,2790,-,-,0,0,0,0,2770,2820,-,-
TXO,202611,20261118.0,51000.0,Call,760,760,750,750,705,▼-10,▼-1.32%,6,2,8,69,690,715,870,296
TXO,202611,20261118.0,51000.0,Put,-,-,-,-,2860,-,-,0,0,0,0,2840,2890,-,-
TXO,202611,20261118.0,51100.0,Call,-,-,-,-,680,-,-,0,0,0,65,665,690,745,344
TXO,202611,20261118.0,51100.0,Put,-,-,-,-,2930,-,-,0,0,0,0,2900,2970,-,-
TXO,202611,20261118.0,51200.0,Call,-,-,-,-,650,-,-,0,0,0,5,640,665,670,610
TXO,202611,20261118.0,51200.0,Put,-,-,-,-,3000,-,-,0,0,0,0,2970,3040,-,-
TXO,202611,20261118.0,51300.0,Call,-,-,-,-,620,-,-,0,0,0,5,610,635,610,590
TXO,202611,20261118.0,51300.0,Put,-,-,-,-,3070,-,-,0,0,0,0,3050,3110,-,-
TXO,202611,20261118.0,51400.0,Call,-,-,-,-,600,-,-,0,0,0,11,585,610,685,312
TXO,202611,20261118.0,51400.0,Put,-,-,-,-,3150,-,-,0,0,0,0,3120,3190,-,-
TXO,202611,20261118.0,51500.0,Call,615,615,585,585,585,▼-15,▼-2.50%,1,5,6,32,565,590,750,240
TXO,202611,20261118.0,51500.0,Put,-,-,-,-,3230,-,-,0,0,0,0,3200,3260,-,-
TXO,202611,20261118.0,51600.0,Call,-,-,-,-,555,-,-,0,0,0,7,540,565,540,316
TXO,202611,20261118.0,51600.0,Put,-,-,-,-,3310,-,-,0,0,0,0,3270,3340,-,-
TXO,202611,20261118.0,51700.0,Call,-,-,-,-,535,-,-,0,0,0,10,525,540,605,276
TXO,202611,20261118.0,51700.0,Put,-,-,-,-,3380,-,-,0,0,0,0,3350,3420,-,-
TXO,202611,20261118.0,51800.0,Call,-,-,-,-,510,-,-,0,0,0,7,500,515,565,247
TXO,202611,20261118.0,51800.0,Put,-,-,-,-,3460,-,-,0,0,0,0,3430,3490,-,-
TXO,202611,20261118.0,51900.0,Call,-,-,-,-,490,-,-,0,0,0,10,479,495,540,259
TXO,202611,20261118.0,51900.0,Put,-,-,-,-,3540,-,-,0,0,0,0,3510,3570,-,-
TXO,202611,20261118.0,52000.0,Call,480,505,475,476,476,▼-29,▼-5.74%,7,33,40,44,460,476,560,200
TXO,202611,20261118.0,52000.0,Put,-,-,-,-,3620,-,-,0,0,0,0,3590,3650,-,-
TXO,202611,20261118.0,52100.0,Call,-,-,-,-,450,-,-,0,0,0,15,440,455,510,213
TXO,202611,20261118.0,52100.0,Put,-,-,-,-,3700,-,-,0,0,0,0,3670,3730,-,-
TXO,202611,20261118.0,52200.0,Call,431,431,431,431,431,▼-35,▼-7.51%,1,1,2,27,423,438,433,211
TXO,202611,20261118.0,52200.0,Put,-,-,-,-,3780,-,-,0,0,0,0,3750,3810,-,-
TXO,202611,20261118.0,52300.0,Call,-,-,-,-,413,-,-,0,0,0,11,403,419,475,200
TXO,202611,20261118.0,52300.0,Put,-,-,-,-,3860,-,-,0,0,0,0,3830,3900,-,-
TXO,202611,20261118.0,52400.0,Call,405,405,405,405,405,▼-22,▼-5.15%,0,1,1,12,386,400,454,183
TXO,202611,20261118.0,52400.0,Put,-,-,-,-,3940,-,-,0,0,0,0,3910,3980,-,-
TXO,202611,20261118.0,52500.0,Call,411,411,390,390,390,▼-19,▼-4.65%,0,3,3,15,369,383,485,154
TXO,202611,20261118.0,52500.0,Put,-,-,-,-,4030,-,-,0,0,0,0,3990,4060,-,-
TXO,202611,20261118.0,52600.0,Call,-,-,-,-,362,-,-,0,0,0,2,353,367,455,207
TXO,202611,20261118.0,52600.0,Put,-,-,-,-,4110,-,-,0,0,0,0,4080,4140,-,-
TXO,202611,20261118.0,52700.0,Call,-,-,-,-,346,-,-,0,0,0,1,338,352,373,172
TXO,202611,20261118.0,52700.0,Put,-,-,-,-,4190,-,-,0,0,0,0,4160,4230,-,-
TXO,202611,20261118.0,52800.0,Call,-,-,-,-,331,-,-,0,0,0,7,323,336,450,190
TXO,202611,20261118.0,52800.0,Put,-,-,-,-,4280,-,-,0,0,0,0,4250,4310,-,-
TXO,202611,20261118.0,52900.0,Call,-,-,-,-,316,-,-,0,0,0,4,308,321,389,200
TXO,202611,20261118.0,52900.0,Put,-,-,-,-,4360,-,-,0,0,0,0,4330,4400,-,-
TXO,202611,20261118.0,53000.0,Call,308,315,308,315,315,▼-14,▼-4.26%,3,2,5,56,296,307,420,134
TXO,202611,20261118.0,53000.0,Put,-,-,-,-,4450,-,-,0,0,0,0,4420,4480,-,-
TXO,202611,20261118.0,53100.0,Call,-,-,-,-,288,-,-,0,0,0,1,282,294,309,162
TXO,202611,20261118.0,53100.0,Put,-,-,-,-,4540,-,-,0,0,0,0,4510,4570,-,-
TXO,202611,20261118.0,53200.0,Call,-,-,-,-,275,-,-,0,0,0,3,268,281,262,206
TXO,202611,20261118.0,53200.0,Put,-,-,-,-,4620,-,-,0,0,0,0,4590,4660,-,-
TXO,202611,20261118.0,53300.0,Call,-,-,-,-,262,-,-,0,0,0,4,257,268,335,120
TXO,202611,20261118.0,53300.0,Put,-,-,-,-,4710,-,-,0,0,0,0,4680,4750,-,-
TXO,202611,20261118.0,53400.0,Call,-,-,-,-,250,-,-,0,0,0,4,245,256,333,120
TXO,202611,20261118.0,53400.0,Put,-,-,-,-,4800,-,-,0,0,0,0,4770,4830,-,-
TXO,202611,20261118.0,53500.0,Call,260,272,260,263,240,▲+7,▲+2.73%,3,5,8,18,234,245,272,97
TXO,202611,20261118.0,53500.0,Put,-,-,-,-,4890,-,-,0,0,0,0,4860,4920,-,-
TXO,202611,20261118.0,53600.0,Call,-,-,-,-,228,-,-,0,0,0,2,223,234,244,91
TXO,202611,20261118.0,53600.0,Put,-,-,-,-,4970,-,-,0,0,0,0,4950,5010,-,-
TXO,202611,20261118.0,53700.0,Call,-,-,-,-,218,-,-,0,0,0,5,213,224,226,87
TXO,202611,20261118.0,53700.0,Put,-,-,-,-,5060,-,-,0,0,0,0,5030,5100,-,-
TXO,202611,20261118.0,53800.0,Call,-,-,-,-,209,-,-,0,0,0,1,203,214,240,100
TXO,202611,20261118.0,53800.0,Put,-,-,-,-,5150,-,-,0,0,0,0,5120,5190,-,-
TXO,202611,20261118.0,53900.0,Call,-,-,-,-,201,-,-,0,0,0,1,193,203,150,150
TXO,202611,20261118.0,53900.0,Put,-,-,-,-,5250,-,-,0,0,0,0,5220,5280,-,-
TXO,202611,20261118.0,54000.0,Call,200,211,195,195,195,▼-15,▼-7.14%,2,8,10,137,188,198,299,88
TXO,202611,20261118.0,54000.0,Put,-,-,-,-,5340,-,-,0,0,0,0,5310,5370,-,-
TXO,202611,20261118.0,54100.0,Call,-,-,-,-,184,-,-,0,0,0,0,179,189,197,78
TXO,202611,20261118.0,54100.0,Put,-,-,-,-,5430,-,-,0,0,0,0,5400,5460,-,-
TXO,202611,20261118.0,54200.0,Call,-,-,-,-,176,-,-,0,0,0,1,171,180,235,70
TXO,202611,20261118.0,54200.0,Put,-,-,-,-,5520,-,-,0,0,0,0,5490,5560,-,-
TXO,202611,20261118.0,54300.0,Call,182,182,182,182,168,▲+1,▲+0.55%,0,1,1,5,163,172,240,182
TXO,202611,20261118.0,54300.0,Put,-,-,-,-,5610,-,-,0,0,0,0,5580,5650,-,-
TXO,202611,20261118.0,54400.0,Call,-,-,-,-,160,-,-,0,0,0,0,153,162,-,-
TXO,202611,20261118.0,54400.0,Put,-,-,-,-,5700,-,-,0,0,0,0,5670,5740,-,-
TXO,202611,20261118.0,54500.0,Call,161,161,161,161,152,0,0%,6,1,7,32,148,157,230,61
TXO,202611,20261118.0,54500.0,Put,-,-,-,-,5800,-,-,0,0,0,0,5770,5830,-,-
TXO,202611,20261118.0,54600.0,Call,-,-,-,-,146,-,-,0,0,0,0,141,149,145,126
TXO,202611,20261118.0,54600.0,Put,-,-,-,-,5890,-,-,0,0,0,0,5860,5930,-,-
TXO,202611,20261118.0,54700.0,Call,-,-,-,-,139,-,-,0,0,0,0,135,143,-,-
TXO,202611,20261118.0,54700.0,Put,-,-,-,-,5980,-,-,0,0,0,0,5950,6020,-,-
TXO,202611,20261118.0,54800.0,Call,-,-,-,-,132,-,-,0,0,0,3,128,136,140,102
TXO,202611,20261118.0,54800.0,Put,-,-,-,-,6080,-,-,0,0,0,0,6040,6120,-,-
TXO,202611,20261118.0,54900.0,Call,-,-,-,-,126,-,-,0,0,0,12,120,128,152,101
TXO,202611,20261118.0,54900.0,Put,-,-,-,-,6170,-,-,0,0,0,0,6140,6210,-,-
TXO,202611,20261118.0,55000.0,Call,125,125,117,117,117,▼-10,▼-7.87%,3,10,13,68,115,123,150,87
TXO,202611,20261118.0,55000.0,Put,-,-,-,-,6260,-,-,0,0,0,0,6230,6310,-,-
TXO,202611,20261118.0,55100.0,Call,123,123,123,123,114,▼-1,▼-0.81%,0,3,3,1,111,118,123,112
TXO,202611,20261118.0,55100.0,Put,-,-,-,-,6360,-,-,0,0,0,0,6320,6400,-,-
TXO,202611,20261118.0,55200.0,Call,117,117,117,117,110,▼-1,▼-0.85%,0,3,3,1,106,113,121,111
TXO,202611,20261118.0,55200.0,Put,-,-,-,-,6450,-,-,0,0,0,0,6420,6500,-,-
TXO,202611,20261118.0,55300.0,Call,-,-,-,-,104,-,-,0,0,0,5,101,108,101,99
TXO,202611,20261118.0,55300.0,Put,-,-,-,-,6550,-,-,0,0,0,0,6510,6590,-,-
TXO,202611,20261118.0,55400.0,Call,104,106,104,106,99,▲+2,▲+1.92%,2,2,4,48,96,103,128,77
TXO,202611,20261118.0,55400.0,Put,-,-,-,-,6640,-,-,0,0,0,0,6610,6690,-,-
TXO,202611,20261118.0,55500.0,Call,104,104,104,104,95,▲+6,▲+6.12%,0,3,3,3,92,98,104,104
TXO,202611,20261118.0,55500.0,Put,-,-,-,-,6740,-,-,0,0,0,0,6700,6780,-,-
TXO,202611,20261118.0,55600.0,Call,100,100,100,100,91,▲+6,▲+6.38%,0,3,3,3,87,94,100,100
TXO,202611,20261118.0,55600.0,Put,-,-,-,-,6830,-,-,0,0,0,0,6800,6880,-,-
TXO,202611,20261118.0,55700.0,Call,87,93,87,93,86,▲+5,▲+5.68%,0,7,7,7,83,89,93,87
TXO,202611,20261118.0,55700.0,Put,-,-,-,-,6930,-,-,0,0,0,0,6890,6970,-,-
TXO,202612,20261216.0,25200.0,Call,-,-,-,-,23710,-,-,0,0,0,5,23670,24040,22620,13580
TXO,202612,20261216.0,25200.0,Put,19,22.5,19,21,20,▲+1.5,▲+7.69%,0,5,5,213,16.5,23.5,985,17
TXO,202612,20261216.0,25400.0,Call,-,-,-,-,23510,-,-,0,0,0,0,23420,23810,-,-
TXO,202612,20261216.0,25400.0,Put,-,-,-,-,20.5,-,-,0,0,0,6,17,24,610,40
TXO,202612,20261216.0,25600.0,Call,-,-,-,-,23320,-,-,0,0,0,0,23220,23590,-,-
TXO,202612,20261216.0,25600.0,Put,-,-,-,-,21,-,-,0,0,0,15,19.5,24.5,750,24
TXO,202612,20261216.0,25800.0,Call,-,-,-,-,23120,-,-,0,0,0,0,23020,23390,-,-
TXO,202612,20261216.0,25800.0,Put,-,-,-,-,21.5,-,-,0,0,0,10,18,25,505,45
TXO,202612,20261216.0,26000.0,Call,-,-,-,-,22920,-,-,0,0,0,1,22830,23120,17230,7550
TXO,202612,20261216.0,26000.0,Put,-,-,-,-,22,-,-,0,0,0,54,18.5,25.5,1390,21.5
TXO,202612,20261216.0,26200.0,Call,-,-,-,-,22720,-,-,0,0,0,0,22630,23010,-,-
TXO,202612,20261216.0,26200.0,Put,-,-,-,-,22.5,-,-,0,0,0,7,19,26,1430,49
TXO,202612,20261216.0,26400.0,Call,-,-,-,-,22520,-,-,0,0,0,0,22430,22790,-,-
TXO,202612,20261216.0,26400.0,Put,-,-,-,-,23,-,-,0,0,0,13,19.5,26.5,1250,68
TXO,202612,20261216.0,26600.0,Call,-,-,-,-,22320,-,-,0,0,0,0,22240,22520,-,-
TXO,202612,20261216.0,26600.0,Put,-,-,-,-,23.5,-,-,0,0,0,1,20,27,765,64
TXO,202612,20261216.0,26800.0,Call,-,-,-,-,22120,-,-,0,0,0,119,22040,22170,19670,19280
TXO,202612,20261216.0,26800.0,Put,-,-,-,-,24,-,-,0,0,0,42,20.5,27.5,1500,29
TXO,202612,20261216.0,27000.0,Call,-,-,-,-,21930,-,-,0,0,0,1,21880,22210,18990,7500
TXO,202612,20261216.0,27000.0,Put,-,-,-,-,25,-,-,0,0,0,7,21.5,28.5,1590,51
TXO,202612,20261216.0,27200.0,Call,-,-,-,-,21730,-,-,0,0,0,0,21640,21920,-,-
TXO,202612,20261216.0,27200.0,Put,-,-,-,-,25.5,-,-,0,0,0,1,22,29,710,215
TXO,202612,20261216.0,27400.0,Call,-,-,-,-,21530,-,-,0,0,0,0,21440,21720,-,-
TXO,202612,20261216.0,27400.0,Put,-,-,-,-,26,-,-,0,0,0,16,22.5,29.5,1580,60
TXO,202612,20261216.0,27600.0,Call,-,-,-,-,21330,-,-,0,0,0,0,21250,21600,-,-
TXO,202612,20261216.0,27600.0,Put,-,-,-,-,27,-,-,0,0,0,2,23.5,30.5,1300,44.5
TXO,202612,20261216.0,27800.0,Call,-,-,-,-,21130,-,-,0,0,0,0,21050,21400,-,-
TXO,202612,20261216.0,27800.0,Put,25.5,25.5,25.5,25.5,27.5,▼-4,▼-13.56%,0,2,2,10,24,31,1550,25.5
TXO,202612,20261216.0,28000.0,Call,-,-,-,-,20930,-,-,0,0,0,0,20850,21120,-,-
TXO,202612,20261216.0,28000.0,Put,-,-,-,-,28.5,-,-,0,0,0,44,25,32,1680,35
TXO,202612,20261216.0,28200.0,Call,-,-,-,-,20730,-,-,0,0,0,0,20650,20980,-,-
TXO,202612,20261216.0,28200.0,Put,-,-,-,-,29,-,-,0,0,0,8,25.5,32.5,1820,35
TXO,202612,20261216.0,28400.0,Call,-,-,-,-,20540,-,-,0,0,0,0,20450,20730,-,-
TXO,202612,20261216.0,28400.0,Put,-,-,-,-,30,-,-,0,0,0,3,26.5,33.5,1400,38
TXO,202612,20261216.0,28600.0,Call,-,-,-,-,20340,-,-,0,0,0,0,20260,20520,-,-
TXO,202612,20261216.0,28600.0,Put,-,-,-,-,31,-,-,0,0,0,7,27.5,34.5,1500,51
TXO,202612,20261216.0,28800.0,Call,-,-,-,-,20140,-,-,0,0,0,0,20060,20310,-,-
TXO,202612,20261216.0,28800.0,Put,-,-,-,-,31.5,-,-,0,0,0,6,28,35,1550,60
TXO,202612,20261216.0,29000.0,Call,-,-,-,-,19940,-,-,0,0,0,0,19860,20130,-,-
TXO,202612,20261216.0,29000.0,Put,-,-,-,-,32.5,-,-,0,0,0,3,29,36,1860,50
TXO,202612,20261216.0,29200.0,Call,-,-,-,-,19740,-,-,0,0,0,0,19660,19920,-,-
TXO,202612,20261216.0,29200.0,Put,-,-,-,-,33.5,-,-,0,0,0,3,30,37,1860,260
TXO,202612,20261216.0,29400.0,Call,-,-,-,-,19540,-,-,0,0,0,0,19460,19790,-,-
TXO,202612,20261216.0,29400.0,Put,-,-,-,-,34.5,-,-,0,0,0,5,31,38,1700,62
TXO,202612,20261216.0,29600.0,Call,-,-,-,-,19350,-,-,0,0,0,0,19270,19530,-,-
TXO,202612,20261216.0,29600.0,Put,-,-,-,-,35.5,-,-,0,0,0,1,32,39,1650,241
TXO,202612,20261216.0,29800.0,Call,-,-,-,-,19150,-,-,0,0,0,0,19070,19390,11600,5120
TXO,202612,20261216.0,29800.0,Put,-,-,-,-,36.5,-,-,0,0,0,6,33,40,1700,45.5
TXO,202612,20261216.0,30000.0,Call,-,-,-,-,18950,-,-,0,0,0,0,18870,19130,11910,4660
TXO,202612,20261216.0,30000.0,Put,-,-,-,-,37.5,-,-,11,0,11,89,36,41,1880,37
TXO,202612,20261216.0,30200.0,Call,-,-,-,-,18750,-,-,0,0,0,0,18680,18910,14870,4700
TXO,202612,20261216.0,30200.0,Put,-,-,-,-,38.5,-,-,0,0,0,2,35,42,715,79
TXO,202612,20261216.0,30400.0,Call,-,-,-,-,18550,-,-,0,0,0,0,18480,18710,-,-
TXO,202612,20261216.0,30400.0,Put,-,-,-,-,39.5,-,-,0,0,0,3,36,43,510,70
TXO,202612,20261216.0,30600.0,Call,-,-,-,-,18350,-,-,0,0,0,0,18280,18510,-,-
TXO,202612,20261216.0,30600.0,Put,-,-,-,-,40.5,-,-,0,0,0,2,37,44,2010,67
TXO,202612,20261216.0,30800.0,Call,-,-,-,-,18160,-,-,0,0,0,1,18080,18210,15660,15660
TXO,202612,20261216.0,30800.0,Put,-,-,-,-,41.5,-,-,0,0,0,10,38,45,2700,45
TXO,202612,20261216.0,31000.0,Call,-,-,-,-,17960,-,-,0,0,0,0,17880,18180,-,-
TXO,202612,20261216.0,31000.0,Put,45,45,44,45,42.5,▼-5,▼-10.00%,0,5,5,30,39,46,1220,44
TXO,202612,20261216.0,31200.0,Call,-,-,-,-,17760,-,-,0,0,0,0,17690,17910,4700,3750
TXO,202612,20261216.0,31200.0,Put,-,-,-,-,44,-,-,0,0,0,4,40.5,47.5,730,180
TXO,202612,20261216.0,31400.0,Call,-,-,-,-,17560,-,-,0,0,0,0,17490,17780,-,-
TXO,202612,20261216.0,31400.0,Put,-,-,-,-,45,-,-,0,0,0,3,41.5,48.5,198,84
TXO,202612,20261216.0,31600.0,Call,-,-,-,-,17360,-,-,0,0,0,0,17300,17520,7950,5480
TXO,202612,20261216.0,31600.0,Put,-,-,-,-,46,-,-,0,0,0,2,42.5,49.5,1870,86
TXO,202612,20261216.0,31800.0,Call,-,-,-,-,17170,-,-,0,0,0,0,17090,17320,10560,5580
TXO,202612,20261216.0,31800.0,Put,-,-,-,-,47.5,-,-,0,0,0,1,44,51,200,150
TXO,202612,20261216.0,32000.0,Call,-,-,-,-,16970,-,-,0,0,0,0,16890,17120,9600,3560
TXO,202612,20261216.0,32000.0,Put,-,-,-,-,48.5,-,-,0,0,0,14,45,52,3270,70
TXO,202612,20261216.0,32200.0,Call,-,-,-,-,16770,-,-,0,0,0,0,16700,16920,-,-
TXO,202612,20261216.0,32200.0,Put,-,-,-,-,49.5,-,-,0,0,0,2,46,53,3130,82
TXO,202612,20261216.0,32400.0,Call,-,-,-,-,16570,-,-,0,0,0,0,16510,16750,11650,3460
TXO,202612,20261216.0,32400.0,Put,-,-,-,-,51,-,-,0,0,0,3,47,54,3250,77
TXO,202612,20261216.0,32600.0,Call,-,-,-,-,16370,-,-,0,0,0,0,16300,16550,-,-
TXO,202612,20261216.0,32600.0,Put,-,-,-,-,52,-,-,0,0,0,11,48,55,1160,101
TXO,202612,20261216.0,32800.0,Call,-,-,-,-,16180,-,-,0,0,0,0,16110,16330,-,-
TXO,202612,20261216.0,32800.0,Put,-,-,-,-,54,-,-,0,0,0,8,50,58,1920,57
TXO,202612,20261216.0,33000.0,Call,-,-,-,-,15980,-,-,0,0,0,0,15910,16150,13520,3000
TXO,202612,20261216.0,33000.0,Put,-,-,-,-,55,-,-,0,0,0,17,51,59,3280,55
TXO,202612,20261216.0,33200.0,Call,-,-,-,-,15780,-,-,0,0,0,0,15720,15920,4180,3280
TXO,202612,20261216.0,33200.0,Put,-,-,-,-,55,-,-,0,0,0,1,51,59,780,95
TXO,202612,20261216.0,33400.0,Call,-,-,-,-,15580,-,-,0,0,0,0,15510,15750,10800,2780
TXO,202612,20261216.0,33400.0,Put,-,-,-,-,57,-,-,0,0,0,9,53,61,3450,67
TXO,202612,20261216.0,33600.0,Call,-,-,-,-,15380,-,-,0,0,0,0,15320,15520,10850,2640
TXO,202612,20261216.0,33600.0,Put,-,-,-,-,58,-,-,0,0,0,6,54,62,4010,59
TXO,202612,20261216.0,33800.0,Call,-,-,-,-,15190,-,-,0,0,0,0,15120,15350,-,-
TXO,202612,20261216.0,33800.0,Put,-,-,-,-,59,-,-,0,0,0,0,55,63,1670,995
TXO,202612,20261216.0,34000.0,Call,-,-,-,-,14990,-,-,0,0,0,0,14930,15150,12700,3130
TXO,202612,20261216.0,34000.0,Put,-,-,-,-,60,-,-,0,0,0,20,56,64,3620,68
TXO,202612,20261216.0,34200.0,Call,-,-,-,-,14790,-,-,0,0,0,0,14720,14930,8850,5200
TXO,202612,20261216.0,34200.0,Put,-,-,-,-,62,-,-,0,0,0,1,58,66,1780,91
TXO,202612,20261216.0,34400.0,Call,-,-,-,-,14590,-,-,0,0,0,0,14530,14760,-,-
TXO,202612,20261216.0,34400.0,Put,-,-,-,-,63,-,-,0,0,0,0,59,67,2600,149
TXO,202612,20261216.0,34600.0,Call,-,-,-,-,14390,-,-,0,0,0,0,14330,14560,-,-
TXO,202612,20261216.0,34600.0,Put,-,-,-,-,63,-,-,0,0,0,7,59,67,2670,68
TXO,202612,20261216.0,34800.0,Call,-,-,-,-,14200,-,-,0,0,0,0,14140,14360,4830,3240
TXO,202612,20261216.0,34800.0,Put,-,-,-,-,68,-,-,0,0,0,1,63,72,3120,330
TXO,202612,20261216.0,35000.0,Call,-,-,-,-,14000,-,-,0,0,0,0,13940,14160,12910,2200
TXO,202612,20261216.0,35000.0,Put,-,-,-,-,68,-,-,0,0,0,91,63,73,2100,72
TXO,202612,20261216.0,35200.0,Call,-,-,-,-,13800,-,-,0,0,0,0,13740,13960,4590,3370
TXO,202612,20261216.0,35200.0,Put,-,-,-,-,69,-,-,0,0,0,2,67,74,3000,147
TXO,202612,20261216.0,35400.0,Call,-,-,-,-,13600,-,-,0,0,0,0,13530,13760,9450,3340
TXO,202612,20261216.0,35400.0,Put,-,-,-,-,70,-,-,0,0,0,0,65,75,1300,350
TXO,202612,20261216.0,35600.0,Call,-,-,-,-,13410,-,-,0,0,0,0,13340,13560,12870,2380
TXO,202612,20261216.0,35600.0,Put,78,78,78,78,72,▲+2,▲+2.63%,0,1,1,2,67,77,4020,78
TXO,202612,20261216.0,35800.0,Call,-,-,-,-,13210,-,-,0,0,0,1,13150,13260,10820,6410
TXO,202612,20261216.0,35800.0,Put,-,-,-,-,74,-,-,0,0,0,1,69,79,2000,86
TXO,202612,20261216.0,36000.0,Call,-,-,-,-,13010,-,-,0,0,0,0,12940,13170,10860,1950
TXO,202612,20261216.0,36000.0,Put,-,-,-,-,75,-,-,0,0,0,70,70,80,3300,79
TXO,202612,20261216.0,36200.0,Call,-,-,-,-,12810,-,-,0,0,0,0,12760,12960,7130,1470
TXO,202612,20261216.0,36200.0,Put,-,-,-,-,77,-,-,0,0,0,0,72,82,-,-
TXO,202612,20261216.0,36400.0,Call,-,-,-,-,12620,-,-,0,0,0,0,12550,12760,10490,1390
TXO,202612,20261216.0,36400.0,Put,-,-,-,-,80,-,-,0,0,0,1,75,85,2020,189
TXO,202612,20261216.0,36600.0,Call,-,-,-,-,12420,-,-,0,0,0,0,12360,12560,6880,1320
TXO,202612,20261216.0,36600.0,Put,-,-,-,-,81,-,-,0,0,0,5,75,87,2130,95
TXO,202612,20261216.0,36800.0,Call,-,-,-,-,12220,-,-,0,0,0,0,12160,12370,11890,1260
TXO,202612,20261216.0,36800.0,Put,-,-,-,-,83,-,-,0,0,0,48,77,89,2670,96
TXO,202612,20261216.0,37000.0,Call,-,-,-,-,12020,-,-,0,0,0,4,11970,12070,12020,1350
TXO,202612,20261216.0,37000.0,Put,-,-,-,-,85,-,-,0,0,0,101,79,91,3150,100
TXO,202612,20261216.0,37200.0,Call,-,-,-,-,11830,-,-,0,0,0,0,11760,11940,9030,1740
TXO,202612,20261216.0,37200.0,Put,-,-,-,-,88,-,-,0,0,0,10,82,94,1070,101
TXO,202612,20261216.0,37400.0,Call,-,-,-,-,11630,-,-,0,0,0,0,11570,11770,10760,1280
TXO,202612,20261216.0,37400.0,Put,-,-,-,-,92,-,-,0,0,0,11,86,98,1540,195
TXO,202612,20261216.0,37600.0,Call,-,-,-,-,11430,-,-,0,0,0,2,11380,11480,1260,1260
TXO,202612,20261216.0,37600.0,Put,-,-,-,-,93,-,-,0,0,0,7,87,99,2950,399
TXO,202612,20261216.0,37800.0,Call,-,-,-,-,11240,-,-,0,0,0,0,11170,11350,11540,1240
TXO,202612,20261216.0,37800.0,Put,-,-,-,-,96,-,-,0,0,0,15,89,103,2900,100
TXO,202612,20261216.0,38000.0,Call,-,-,-,-,11040,-,-,0,0,0,18,11000,11190,8700,1230
TXO,202612,20261216.0,38000.0,Put,101,101,101,101,101,▼-6,▼-5.61%,0,2,2,147,92,102,3430,101
TXO,202612,20261216.0,38200.0,Call,-,-,-,-,10850,-,-,0,0,0,0,10790,10980,7280,1200
TXO,202612,20261216.0,38200.0,Put,-,-,-,-,106,-,-,0,0,0,7,100,112,1900,126
TXO,202612,20261216.0,38400.0,Call,-,-,-,-,10650,-,-,0,0,0,0,10600,10740,7140,1270
TXO,202612,20261216.0,38400.0,Put,-,-,-,-,108,-,-,0,0,0,4,100,115,835,130
TXO,202612,20261216.0,38600.0,Call,-,-,-,-,10460,-,-,0,0,0,3,10390,10500,10540,1080
TXO,202612,20261216.0,38600.0,Put,-,-,-,-,111,-,-,0,0,0,11,101,120,3100,242
TXO,202612,20261216.0,38800.0,Call,-,-,-,-,10260,-,-,0,0,0,0,10210,10380,10770,775
TXO,202612,20261216.0,38800.0,Put,-,-,-,-,115,-,-,0,0,0,2,105,124,1510,185
TXO,202612,20261216.0,38900.0,Call,-,-,-,-,10160,-,-,0,0,0,0,10100,10290,-,-
TXO,202612,20261216.0,38900.0,Put,-,-,-,-,118,-,-,0,0,0,0,107,128,-,-
TXO,202612,20261216.0,39000.0,Call,-,-,-,-,10070,-,-,0,0,0,4,10010,10120,9290,1100
TXO,202612,20261216.0,39000.0,Put,130,135,127,128,120,0,0%,0,10,10,75,110,130,3690,127
TXO,202612,20261216.0,39100.0,Call,-,-,-,-,9970,-,-,0,0,0,0,9920,10060,-,-
TXO,202612,20261216.0,39100.0,Put,-,-,-,-,123,-,-,0,0,0,1,112,133,192,192
TXO,202612,20261216.0,39200.0,Call,-,-,-,-,9870,-,-,0,0,0,0,9820,9970,10280,1290
TXO,202612,20261216.0,39200.0,Put,-,-,-,-,124,-,-,0,0,0,1,113,135,3680,165
TXO,202612,20261216.0,39300.0,Call,-,-,-,-,9780,-,-,0,0,0,0,9720,9860,-,-
TXO,202612,20261216.0,39300.0,Put,-,-,-,-,128,-,-,0,0,0,0,116,139,-,-
TXO,202612,20261216.0,39400.0,Call,-,-,-,-,9680,-,-,0,0,0,0,9630,9780,11070,1300
TXO,202612,20261216.0,39400.0,Put,-,-,-,-,130,-,-,0,0,0,1,118,141,3380,500
TXO,202612,20261216.0,39500.0,Call,-,-,-,-,9580,-,-,0,0,0,0,9530,9700,-,-
TXO,202612,20261216.0,39500.0,Put,-,-,-,-,133,-,-,0,0,0,1,121,145,288,288
TXO,202612,20261216.0,39600.0,Call,-,-,-,-,9480,-,-,0,0,0,0,9430,9580,11070,750
TXO,202612,20261216.0,39600.0,Put,-,-,-,-,136,-,-,0,0,0,3,123,148,3660,505
TXO,202612,20261216.0,39700.0,Call,-,-,-,-,9390,-,-,0,0,0,0,9340,9510,-,-
TXO,202612,20261216.0,39700.0,Put,-,-,-,-,140,-,-,0,0,0,0,127,152,-,-
TXO,202612,20261216.0,39800.0,Call,-,-,-,-,9290,-,-,0,0,0,0,9240,9380,11350,1250
TXO,202612,20261216.0,39800.0,Put,-,-,-,-,142,-,-,0,0,0,7,129,154,4080,165
TXO,202612,20261216.0,39900.0,Call,-,-,-,-,9200,-,-,0,0,0,0,9150,9290,-,-
TXO,202612,20261216.0,39900.0,Put,-,-,-,-,146,-,-,0,0,0,2,133,158,170,169
TXO,202612,20261216.0,40000.0,Call,-,-,-,-,9100,-,-,0,0,0,12,9040,9150,9010,705
TXO,202612,20261216.0,40000.0,Put,162,162,156,156,149,▼-4,▼-2.50%,0,12,12,93,137,150,3960,156
TXO,202612,20261216.0,40100.0,Call,-,-,-,-,9000,-,-,0,0,0,0,8960,9120,-,-
TXO,202612,20261216.0,40100.0,Put,-,-,-,-,153,-,-,0,0,0,5,140,165,177,177
TXO,202612,20261216.0,40200.0,Call,-,-,-,-,8910,-,-,0,0,0,0,8850,9020,6970,2200
TXO,202612,20261216.0,40200.0,Put,-,-,-,-,156,-,-,0,0,0,1,143,168,3430,990
TXO,202612,20261216.0,40300.0,Call,-,-,-,-,8810,-,-,0,0,0,0,8760,8890,-,-
TXO,202612,20261216.0,40300.0,Put,-,-,-,-,161,-,-,0,0,0,0,148,173,-,-
TXO,202612,20261216.0,40400.0,Call,-,-,-,-,8720,-,-,0,0,0,1,8670,8760,8140,695
TXO,202612,20261216.0,40400.0,Put,-,-,-,-,164,-,-,0,0,0,3,151,176,2820,206
TXO,202612,20261216.0,40500.0,Call,-,-,-,-,8620,-,-,0,0,0,0,8580,8710,-,-
TXO,202612,20261216.0,40500.0,Put,-,-,-,-,169,-,-,0,0,0,1,156,181,490,238
TXO,202612,20261216.0,40600.0,Call,-,-,-,-,8520,-,-,0,0,0,0,8480,8600,6630,740
TXO,202612,20261216.0,40600.0,Put,-,-,-,-,172,-,-,0,0,0,1,159,184,2750,213
TXO,202612,20261216.0,40700.0,Call,-,-,-,-,8430,-,-,0,0,0,0,8390,8530,-,-
TXO,202612,20261216.0,40700.0,Put,-,-,-,-,178,-,-,0,0,0,1,165,190,200,200
TXO,202612,20261216.0,40800.0,Call,-,-,-,-,8340,-,-,0,0,0,16,8290,8380,9640,1410
TXO,202612,20261216.0,40800.0,Put,197,197,179,179,179,▼-18,▼-9.14%,0,8,8,302,169,194,3980,179
TXO,202612,20261216.0,40900.0,Call,-,-,-,-,8240,-,-,0,0,0,0,8190,8310,-,-
TXO,202612,20261216.0,40900.0,Put,-,-,-,-,188,-,-,0,0,0,3,175,200,252,205
TXO,202612,20261216.0,41000.0,Call,-,-,-,-,8150,-,-,0,0,0,5,8100,8190,9160,675
TXO,202612,20261216.0,41000.0,Put,195,195,195,195,195,▼-12,▼-5.80%,0,1,1,16,179,204,4390,195
TXO,202612,20261216.0,41100.0,Call,-,-,-,-,8050,-,-,0,0,0,0,8000,8150,-,-
TXO,202612,20261216.0,41100.0,Put,-,-,-,-,198,-,-,0,0,0,0,185,210,-,-
TXO,202612,20261216.0,41200.0,Call,-,-,-,-,7960,-,-,0,0,0,0,7900,8060,5620,3150
TXO,202612,20261216.0,41200.0,Put,-,-,-,-,202,-,-,0,0,0,31,189,214,4410,400
TXO,202612,20261216.0,41300.0,Call,-,-,-,-,7860,-,-,0,0,0,0,7820,7940,-,-
TXO,202612,20261216.0,41300.0,Put,-,-,-,-,209,-,-,0,0,0,0,196,221,-,-
TXO,202612,20261216.0,41400.0,Call,-,-,-,-,7770,-,-,0,0,0,30,7720,7820,10000,360
TXO,202612,20261216.0,41400.0,Put,-,-,-,-,216,-,-,0,0,0,20,201,226,4540,525
TXO,202612,20261216.0,41500.0,Call,-,-,-,-,7680,-,-,0,0,0,0,7630,7750,-,-
TXO,202612,20261216.0,41500.0,Put,226,226,226,226,226,▼-12,▼-5.04%,0,1,1,1,212,237,226,226
TXO,202612,20261216.0,41600.0,Call,-,-,-,-,7590,-,-,0,0,0,11,7540,7630,6550,1450
TXO,202612,20261216.0,41600.0,Put,-,-,-,-,232,-,-,0,0,0,12,213,238,4290,670
TXO,202612,20261216.0,41700.0,Call,-,-,-,-,7500,-,-,0,0,0,0,7440,7560,-,-
TXO,202612,20261216.0,41700.0,Put,247,247,247,247,240,▼-5,▼-1.98%,1,11,12,10,227,252,303,247
TXO,202612,20261216.0,41800.0,Call,-,-,-,-,7400,-,-,0,0,0,15,7340,7440,8490,710
TXO,202612,20261216.0,41800.0,Put,-,-,-,-,241,-,-,0,0,0,11,228,253,4390,279
TXO,202612,20261216.0,41900.0,Call,-,-,-,-,7310,-,-,0,0,0,0,7260,7380,-,-
TXO,202612,20261216.0,41900.0,Put,-,-,-,-,248,-,-,0,0,0,1,235,260,316,316
TXO,202612,20261216.0,42000.0,Call,-,-,-,-,7210,-,-,0,0,0,71,7160,7260,8720,800
TXO,202612,20261216.0,42000.0,Put,-,-,-,-,255,-,-,0,0,0,99,242,267,4950,310
TXO,202612,20261216.0,42100.0,Call,-,-,-,-,7120,-,-,0,0,0,0,7070,7190,-,-
TXO,202612,20261216.0,42100.0,Put,-,-,-,-,263,-,-,0,0,0,0,250,275,-,-
TXO,202612,20261216.0,42200.0,Call,-,-,-,-,7030,-,-,0,0,0,2,6970,7080,8040,1500
TXO,202612,20261216.0,42200.0,Put,-,-,-,-,269,-,-,0,0,0,19,256,281,3610,710
TXO,202612,20261216.0,42300.0,Call,-,-,-,-,6940,-,-,0,0,0,0,6890,7000,-,-
TXO,202612,20261216.0,42300.0,Put,-,-,-,-,279,-,-,0,0,0,0,266,291,-,-
TXO,202612,20261216.0,42400.0,Call,-,-,-,-,6850,-,-,0,0,0,0,6800,6910,5850,1260
TXO,202612,20261216.0,42400.0,Put,-,-,-,-,286,-,-,0,0,0,1,273,298,4790,520
TXO,202612,20261216.0,42500.0,Call,-,-,-,-,6760,-,-,0,0,0,0,6710,6820,-,-
TXO,202612,20261216.0,42500.0,Put,-,-,-,-,296,-,-,0,0,0,0,283,308,422,391
TXO,202612,20261216.0,42600.0,Call,-,-,-,-,6660,-,-,0,0,0,2,6620,6760,7280,965
TXO,202612,20261216.0,42600.0,Put,-,-,-,-,304,-,-,0,0,0,2,291,316,4770,370
TXO,202612,20261216.0,42700.0,Call,-,-,-,-,6580,-,-,0,0,0,0,6530,6640,-,-
TXO,202612,20261216.0,42700.0,Put,-,-,-,-,315,-,-,0,0,0,0,301,328,-,-
TXO,202612,20261216.0,42800.0,Call,-,-,-,-,6480,-,-,0,0,0,1,6440,6560,4950,2510
TXO,202612,20261216.0,42800.0,Put,-,-,-,-,323,-,-,0,0,0,5,309,336,1190,520
TXO,202612,20261216.0,42900.0,Call,-,-,-,-,6400,-,-,0,0,0,0,6340,6470,-,-
TXO,202612,20261216.0,42900.0,Put,-,-,-,-,335,-,-,0,0,0,0,321,348,-,-
TXO,202612,20261216.0,43000.0,Call,-,-,-,-,6310,-,-,0,0,0,65,6260,6350,9700,1130
TXO,202612,20261216.0,43000.0,Put,-,-,-,-,346,-,-,0,0,0,73,332,359,5020,372
TXO,202612,20261216.0,43100.0,Call,-,-,-,-,6220,-,-,0,0,0,0,6170,6280,-,-
TXO,202612,20261216.0,43100.0,Put,-,-,-,-,357,-,-,0,0,0,5,342,372,560,560
TXO,202612,20261216.0,43200.0,Call,-,-,-,-,6130,-,-,0,0,0,0,6090,6190,4670,1400
TXO,202612,20261216.0,43200.0,Put,-,-,-,-,366,-,-,0,0,0,5,351,381,575,575
TXO,202612,20261216.0,43300.0,Call,-,-,-,-,6040,-,-,0,0,0,0,6000,6110,-,-
TXO,202612,20261216.0,43300.0,Put,-,-,-,-,378,-,-,0,0,0,0,363,393,-,-
TXO,202612,20261216.0,43400.0,Call,-,-,-,-,5960,-,-,0,0,0,0,5910,6010,7410,4950
TXO,202612,20261216.0,43400.0,Put,-,-,-,-,393,-,-,0,0,0,2,373,406,5280,2010
TXO,202612,20261216.0,43500.0,Call,-,-,-,-,5870,-,-,0,0,0,0,5810,5930,-,-
TXO,202612,20261216.0,43500.0,Put,-,-,-,-,409,-,-,0,0,0,0,389,422,-,-
TXO,202612,20261216.0,43600.0,Call,-,-,-,-,5790,-,-,0,0,0,1,5730,5840,5510,950
TXO,202612,20261216.0,43600.0,Put,-,-,-,-,425,-,-,0,0,0,0,400,440,4780,1040
TXO,202612,20261216.0,43700.0,Call,-,-,-,-,5710,-,-,0,0,0,0,5640,5750,-,-
TXO,202612,20261216.0,43700.0,Put,-,-,-,-,442,-,-,0,0,0,1,431,452,505,485
TXO,202612,20261216.0,43800.0,Call,-,-,-,-,5610,-,-,0,0,0,1,5570,5670,8340,1020
TXO,202612,20261216.0,43800.0,Put,450,450,450,450,450,▼-29,▼-6.05%,0,1,1,12,424,464,4460,450
TXO,202612,20261216.0,43900.0,Call,-,-,-,-,5530,-,-,0,0,0,0,5480,5580,-,-
TXO,202612,20261216.0,43900.0,Put,500,500,500,500,461,▲+6,▲+1.21%,3,5,8,8,441,481,980,500
TXO,202612,20261216.0,44000.0,Call,-,-,-,-,5440,-,-,0,0,0,4,5400,5500,8350,2260
TXO,202612,20261216.0,44000.0,Put,-,-,-,-,475,-,-,3,0,3,23,455,495,4770,510
TXO,202612,20261216.0,44100.0,Call,-,-,-,-,5360,-,-,0,0,0,0,5300,5410,-,-
TXO,202612,20261216.0,44100.0,Put,-,-,-,-,492,-,-,0,0,0,0,473,510,-,-
TXO,202612,20261216.0,44200.0,Call,-,-,-,-,5270,-,-,0,0,0,2,5230,5330,5630,600
TXO,202612,20261216.0,44200.0,Put,-,-,-,-,505,-,-,0,0,0,65,486,525,4890,1030
TXO,202612,20261216.0,44300.0,Call,-,-,-,-,5190,-,-,0,0,0,0,5150,5240,-,-
TXO,202612,20261216.0,44300.0,Put,-,-,-,-,525,-,-,0,0,0,0,505,545,-,-
TXO,202612,20261216.0,44400.0,Call,-,-,-,-,5110,-,-,0,0,0,1,5070,5170,6730,930
TXO,202612,20261216.0,44400.0,Put,-,-,-,-,540,-,-,0,0,0,38,520,560,4660,910
TXO,202612,20261216.0,44500.0,Call,-,-,-,-,5030,-,-,0,0,0,0,4970,5080,-,-
TXO,202612,20261216.0,44500.0,Put,-,-,-,-,560,-,-,0,0,0,0,540,580,-,-
TXO,202612,20261216.0,44600.0,Call,-,-,-,-,4950,-,-,0,0,0,11,4890,5000,5770,890
TXO,202612,20261216.0,44600.0,Put,-,-,-,-,580,-,-,0,0,0,12,560,600,6030,1140
TXO,202612,20261216.0,44700.0,Call,-,-,-,-,4870,-,-,0,0,0,0,4820,4910,-,-
TXO,202612,20261216.0,44700.0,Put,-,-,-,-,600,-,-,0,0,0,1,575,620,1190,1190
TXO,202612,20261216.0,44800.0,Call,-,-,-,-,4790,-,-,0,0,0,2,4740,4840,3190,2320
TXO,202612,20261216.0,44800.0,Put,-,-,-,-,625,-,-,0,0,0,8,595,640,5600,740
TXO,202612,20261216.0,44900.0,Call,-,-,-,-,4720,-,-,0,0,0,0,4660,4750,-,-
TXO,202612,20261216.0,44900.0,Put,-,-,-,-,645,-,-,0,0,0,0,620,665,-,-
TXO,202612,20261216.0,45000.0,Call,-,-,-,-,4640,-,-,0,0,0,4,4590,4680,6790,2600
TXO,202612,20261216.0,45000.0,Put,-,-,-,-,670,-,-,0,0,0,59,645,695,6200,745
TXO,202612,20261216.0,45100.0,Call,-,-,-,-,4560,-,-,0,0,0,0,4500,4600,-,-
TXO,202612,20261216.0,45100.0,Put,-,-,-,-,690,-,-,0,0,0,0,655,705,-,-
TXO,202612,20261216.0,45200.0,Call,-,-,-,-,4480,-,-,0,0,0,1,4430,4520,6620,925
TXO,202612,20261216.0,45200.0,Put,-,-,-,-,710,-,-,0,0,0,11,675,725,6690,1010
TXO,202612,20261216.0,45300.0,Call,-,-,-,-,4400,-,-,0,0,0,0,4340,4450,-,-
TXO,202612,20261216.0,45300.0,Put,-,-,-,-,735,-,-,0,0,0,5,705,760,1060,920
TXO,202612,20261216.0,45400.0,Call,-,-,-,-,4330,-,-,0,0,0,1,4270,4370,6500,2250
TXO,202612,20261216.0,45400.0,Put,-,-,-,-,755,-,-,0,0,0,10,720,775,6540,840
TXO,202612,20261216.0,45500.0,Call,-,-,-,-,4250,-,-,0,0,0,0,4200,4290,-,-
TXO,202612,20261216.0,45500.0,Put,-,-,-,-,780,-,-,0,0,0,5,745,800,990,990
TXO,202612,20261216.0,45600.0,Call,-,-,-,-,4180,-,-,0,0,0,3,4120,4210,6160,1070
TXO,202612,20261216.0,45600.0,Put,-,-,-,-,805,-,-,0,0,0,3,765,825,7000,1000
TXO,202612,20261216.0,45700.0,Call,-,-,-,-,4100,-,-,0,0,0,0,4050,4150,-,-
TXO,202612,20261216.0,45700.0,Put,-,-,-,-,835,-,-,0,0,0,0,800,865,-,-
TXO,202612,20261216.0,45800.0,Call,-,-,-,-,4030,-,-,0,0,0,7,3980,4070,3200,1980
TXO,202612,20261216.0,45800.0,Put,-,-,-,-,860,-,-,0,0,0,2,815,880,1550,1510
TXO,202612,20261216.0,45900.0,Call,-,-,-,-,3960,-,-,0,0,0,0,3910,4000,-,-
TXO,202612,20261216.0,45900.0,Put,-,-,-,-,890,-,-,0,0,0,1,850,915,965,965
TXO,202612,20261216.0,46000.0,Call,-,-,-,-,3890,-,-,0,0,0,256,3830,3930,5560,1640
TXO,202612,20261216.0,46000.0,Put,960,960,910,910,910,▼-35,▼-3.70%,5,5,10,37,860,920,7060,245
TXO,202612,20261216.0,46100.0,Call,-,-,-,-,3820,-,-,0,0,0,0,3760,3860,-,-
TXO,202612,20261216.0,46100.0,Put,-,-,-,-,945,-,-,0,0,0,0,905,970,-,-
TXO,202612,20261216.0,46200.0,Call,-,-,-,-,3750,-,-,0,0,0,2,3680,3780,2620,2300
TXO,202612,20261216.0,46200.0,Put,-,-,-,-,975,-,-,0,0,0,2,925,990,7260,1090
TXO,202612,20261216.0,46300.0,Call,-,-,-,-,3680,-,-,0,0,0,0,3620,3710,-,-
TXO,202612,20261216.0,46300.0,Put,-,-,-,-,1010,-,-,0,0,0,4,955,1020,1200,1170
TXO,202612,20261216.0,46400.0,Call,-,-,-,-,3620,-,-,0,0,0,3,3540,3640,5700,1560
TXO,202612,20261216.0,46400.0,Put,-,-,-,-,1040,-,-,0,0,0,2,1000,1080,5970,1720
TXO,202612,20261216.0,46500.0,Call,-,-,-,-,3540,-,-,0,0,0,0,3480,3570,-,-
TXO,202612,20261216.0,46500.0,Put,-,-,-,-,1070,-,-,0,0,0,1,1010,1090,1370,1370
TXO,202612,20261216.0,46600.0,Call,-,-,-,-,3470,-,-,1,0,1,50,3390,3550,6500,1500
TXO,202612,20261216.0,46600.0,Put,-,-,-,-,1090,-,-,0,0,0,11,1040,1120,2550,1210
TXO,202612,20261216.0,46700.0,Call,-,-,-,-,3400,-,-,0,0,0,0,3320,3480,-,-
TXO,202612,20261216.0,46700.0,Put,-,-,-,-,1120,-,-,0,0,0,0,1080,1160,-,-
TXO,202612,20261216.0,46800.0,Call,-,-,-,-,3330,-,-,0,0,0,12,3260,3410,5870,1500
TXO,202612,20261216.0,46800.0,Put,1180,1180,1180,1180,1150,▼-10,▼-0.84%,0,1,1,9,1110,1190,7770,1180
TXO,202612,20261216.0,46900.0,Call,-,-,-,-,3260,-,-,0,0,0,0,3210,3370,-,-
TXO,202612,20261216.0,46900.0,Put,-,-,-,-,1180,-,-,0,0,0,5,1140,1220,1420,1420
TXO,202612,20261216.0,47000.0,Call,3230,3230,3230,3230,3190,▼-10,▼-0.31%,0,2,2,236,3120,3260,6430,1420
TXO,202612,20261216.0,47000.0,Put,-,-,-,-,1210,-,-,0,0,0,46,1170,1250,7620,1240
TXO,202612,20261216.0,47100.0,Call,-,-,-,-,3130,-,-,0,0,0,0,3080,3220,-,-
TXO,202612,20261216.0,47100.0,Put,-,-,-,-,1250,-,-,0,0,0,5,1210,1290,1490,1490
TXO,202612,20261216.0,47200.0,Call,-,-,-,-,3060,-,-,0,0,0,62,3000,3140,4830,1680
TXO,202612,20261216.0,47200.0,Put,-,-,-,-,1290,-,-,0,0,0,5,1240,1320,2150,1530
TXO,202612,20261216.0,47300.0,Call,-,-,-,-,3000,-,-,0,0,0,0,2930,3070,-,-
TXO,202612,20261216.0,47300.0,Put,-,-,-,-,1320,-,-,0,0,0,0,1280,1360,-,-
TXO,202612,20261216.0,47400.0,Call,-,-,-,-,2940,-,-,0,0,0,68,2870,3010,5670,1700
TXO,202612,20261216.0,47400.0,Put,-,-,-,-,1360,-,-,0,0,0,1,1320,1400,6210,2250
TXO,202612,20261216.0,47500.0,Call,-,-,-,-,2880,-,-,0,0,0,0,2830,2970,-,-
TXO,202612,20261216.0,47500.0,Put,-,-,-,-,1400,-,-,0,0,0,0,1360,1440,-,-
TXO,202612,20261216.0,47600.0,Call,2870,2870,2870,2870,2820,▲+10,▲+0.35%,0,1,1,52,2760,2880,5180,1100
TXO,202612,20261216.0,47600.0,Put,-,-,-,-,1440,-,-,0,0,0,6,1390,1470,6310,1700
TXO,202612,20261216.0,47700.0,Call,-,-,-,-,2760,-,-,0,0,0,0,2710,2830,2580,2030
TXO,202612,20261216.0,47700.0,Put,-,-,-,-,1480,-,-,0,0,0,1,1440,1520,1740,1740
TXO,202612,20261216.0,47800.0,Call,2750,2750,2740,2740,2690,0,0%,0,2,2,9,2640,2760,5050,1290
TXO,202612,20261216.0,47800.0,Put,1610,1610,1610,1610,1510,▲+50,▲+3.21%,0,10,10,10,1470,1550,5750,1610
TXO,202612,20261216.0,47900.0,Call,-,-,-,-,2630,-,-,0,0,0,1,2590,2710,2430,2430
TXO,202612,20261216.0,47900.0,Put,1670,1670,1670,1670,1550,▲+70,▲+4.38%,0,12,12,10,1510,1590,1780,1670
TXO,202612,20261216.0,48000.0,Call,2580,2580,2580,2580,2580,▼-40,▼-1.53%,0,1,1,62,2530,2650,5100,1330
TXO,202612,20261216.0,48000.0,Put,1720,1720,1600,1600,1600,▼-40,▼-2.44%,0,21,21,83,1550,1630,8030,1600
TXO,202612,20261216.0,48100.0,Call,-,-,-,-,2520,-,-,0,0,0,1,2470,2590,2460,2460
TXO,202612,20261216.0,48100.0,Put,1740,1780,1740,1780,1640,▲+100,▲+5.95%,0,10,10,10,1600,1680,1860,1740
TXO,202612,20261216.0,48200.0,Call,-,-,-,-,2460,-,-,0,0,0,7,2420,2540,3960,1880
TXO,202612,20261216.0,48200.0,Put,1780,1810,1780,1810,1680,▲+80,▲+4.62%,0,10,10,15,1640,1720,5860,1780
TXO,202612,20261216.0,48300.0,Call,-,-,-,-,2410,-,-,0,0,0,1,2370,2470,2440,2130
TXO,202612,20261216.0,48300.0,Put,1830,1830,1830,1830,1730,▲+60,▲+3.39%,0,10,10,10,1680,1760,1830,1790
TXO,202612,20261216.0,48400.0,Call,-,-,-,-,2360,-,-,0,0,0,6,2310,2410,5700,1520
TXO,202612,20261216.0,48400.0,Put,1860,1910,1860,1890,1770,▲+70,▲+3.85%,0,12,12,10,1730,1810,5920,1860
TXO,202612,20261216.0,48500.0,Call,-,-,-,-,2300,-,-,0,0,0,3,2260,2360,2200,1360
TXO,202612,20261216.0,48500.0,Put,1920,1920,1920,1920,1820,▲+50,▲+2.67%,0,5,5,6,1780,1860,2240,1890
TXO,202612,20261216.0,48600.0,Call,-,-,-,-,2250,-,-,0,0,0,5,2200,2300,4880,1710
TXO,202612,20261216.0,48600.0,Put,1970,1970,1970,1970,1870,▲+60,▲+3.14%,0,5,5,5,1810,1900,6090,1970
TXO,202612,20261216.0,48700.0,Call,-,-,-,-,2200,-,-,0,0,0,0,2150,2250,-,-
TXO,202612,20261216.0,48700.0,Put,2010,2040,2010,2040,1920,▲+80,▲+4.08%,0,9,9,7,1860,1950,2040,2010
TXO,202612,20261216.0,48800.0,Call,-,-,-,-,2150,-,-,0,0,0,0,2100,2200,-,-
TXO,202612,20261216.0,48800.0,Put,-,-,-,-,1960,-,-,0,0,0,2,1910,2000,8920,2030
TXO,202612,20261216.0,48900.0,Call,-,-,-,-,2100,-,-,0,0,0,0,2050,2150,-,-
TXO,202612,20261216.0,48900.0,Put,2140,2140,2140,2140,2010,▲+80,▲+3.88%,0,9,9,7,1960,2050,2140,2140
TXO,202612,20261216.0,49000.0,Call,-,-,-,-,2050,-,-,3,0,3,423,2000,2100,5280,1070
TXO,202612,20261216.0,49000.0,Put,2190,2190,2190,2190,2070,▲+80,▲+3.79%,0,7,7,8,2000,2100,6900,2190
TXO,202612,20261216.0,49100.0,Call,-,-,-,-,2000,-,-,0,0,0,0,1950,2040,1310,1170
TXO,202612,20261216.0,49100.0,Put,-,-,-,-,2120,-,-,0,0,0,0,2060,2160,-,-
TXO,202612,20261216.0,49200.0,Call,-,-,-,-,1950,-,-,0,0,0,16,1900,1990,4080,995
TXO,202612,20261216.0,49200.0,Put,-,-,-,-,2170,-,-,0,0,0,1,2110,2210,4800,2330
TXO,202612,20261216.0,49300.0,Call,-,-,-,-,1910,-,-,0,0,0,0,1860,1950,-,-
TXO,202612,20261216.0,49300.0,Put,-,-,-,-,2220,-,-,0,0,0,0,2160,2260,-,-
TXO,202612,20261216.0,49400.0,Call,-,-,-,-,1860,-,-,0,0,0,5,1810,1900,3760,1240
TXO,202612,20261216.0,49400.0,Put,-,-,-,-,2270,-,-,0,0,0,3,2210,2310,8650,4900
TXO,202612,20261216.0,49500.0,Call,-,-,-,-,1810,-,-,0,0,0,0,1770,1850,-,-
TXO,202612,20261216.0,49500.0,Put,-,-,-,-,2330,-,-,0,0,0,0,2270,2370,-,-
TXO,202612,20261216.0,49600.0,Call,-,-,-,-,1770,-,-,0,0,0,10,1730,1810,4800,1160
TXO,202612,20261216.0,49600.0,Put,-,-,-,-,2380,-,-,0,0,0,0,2330,2430,6900,5500
TXO,202612,20261216.0,49700.0,Call,-,-,-,-,1730,-,-,0,0,0,0,1680,1760,1570,1430
TXO,202612,20261216.0,49700.0,Put,-,-,-,-,2440,-,-,0,0,0,0,2390,2490,-,-
TXO,202612,20261216.0,49800.0,Call,1710,1710,1690,1690,1690,▼-30,▼-1.74%,0,16,16,14,1640,1720,2780,960
TXO,202612,20261216.0,49800.0,Put,-,-,-,-,2500,-,-,0,0,0,0,2430,2550,-,-
TXO,202612,20261216.0,49900.0,Call,-,-,-,-,1640,-,-,0,0,0,0,1590,1670,-,-
TXO,202612,20261216.0,49900.0,Put,-,-,-,-,2550,-,-,0,0,0,0,2480,2600,-,-
TXO,202612,20261216.0,50000.0,Call,1600,1600,1600,1600,1600,▼-30,▼-1.84%,0,2,2,169,1560,1640,5000,810
TXO,202612,20261216.0,50000.0,Put,-,-,-,-,2610,-,-,0,0,0,14,2530,2650,9900,2820
TXO,202612,20261216.0,50100.0,Call,-,-,-,-,1560,-,-,0,0,0,0,1510,1590,-,-
TXO,202612,20261216.0,50100.0,Put,-,-,-,-,2670,-,-,0,0,0,0,2600,2720,-,-
TXO,202612,20261216.0,50200.0,Call,-,-,-,-,1520,-,-,0,0,0,5,1470,1550,4800,945
TXO,202612,20261216.0,50200.0,Put,-,-,-,-,2730,-,-,0,0,0,2,2650,2770,5420,5400
TXO,202612,20261216.0,50300.0,Call,-,-,-,-,1480,-,-,0,0,0,0,1430,1510,-,-
TXO,202612,20261216.0,50300.0,Put,-,-,-,-,2790,-,-,0,0,0,0,2720,2840,-,-
TXO,202612,20261216.0,50400.0,Call,-,-,-,-,1440,-,-,0,0,0,40,1390,1470,5200,840
TXO,202612,20261216.0,50400.0,Put,-,-,-,-,2850,-,-,0,0,0,4,2790,2910,9460,5540
TXO,202612,20261216.0,50500.0,Call,-,-,-,-,1410,-,-,0,0,0,50,1350,1430,1360,900
TXO,202612,20261216.0,50500.0,Put,-,-,-,-,2920,-,-,0,0,0,0,2840,2980,-,-
TXO,202612,20261216.0,50600.0,Call,-,-,-,-,1370,-,-,0,0,0,1,1310,1390,3640,705
TXO,202612,20261216.0,50600.0,Put,-,-,-,-,2980,-,-,0,0,0,2,2890,3030,5690,5670
TXO,202612,20261216.0,50700.0,Call,-,-,-,-,1330,-,-,0,0,0,0,1280,1360,-,-
TXO,202612,20261216.0,50700.0,Put,-,-,-,-,3040,-,-,0,0,0,0,2960,3100,-,-
TXO,202612,20261216.0,50800.0,Call,-,-,-,-,1300,-,-,0,0,0,8,1240,1320,3620,720
TXO,202612,20261216.0,50800.0,Put,-,-,-,-,3110,-,-,0,0,0,0,3010,3150,-,-
TXO,202612,20261216.0,50900.0,Call,-,-,-,-,1260,-,-,0,0,0,0,1210,1290,-,-
TXO,202612,20261216.0,50900.0,Put,-,-,-,-,3170,-,-,0,0,0,0,3090,3230,-,-
TXO,202612,20261216.0,51000.0,Call,-,-,-,-,1230,-,-,0,0,0,33,1180,1260,4420,670
TXO,202612,20261216.0,51000.0,Put,-,-,-,-,3240,-,-,0,0,0,0,3150,3290,-,-
TXO,202612,20261216.0,51100.0,Call,1190,1190,1190,1190,1190,▼-30,▼-2.46%,0,5,5,1,1140,1220,1210,1040
TXO,202612,20261216.0,51100.0,Put,-,-,-,-,3300,-,-,0,0,0,0,3210,3370,-,-
TXO,202612,20261216.0,51200.0,Call,-,-,-,-,1160,-,-,0,0,0,0,1100,1180,1010,950
TXO,202612,20261216.0,51200.0,Put,-,-,-,-,3370,-,-,0,0,0,0,3270,3430,-,-
TXO,202612,20261216.0,51300.0,Call,-,-,-,-,1130,-,-,0,0,0,0,1070,1150,-,-
TXO,202612,20261216.0,51300.0,Put,-,-,-,-,3440,-,-,0,0,0,0,3340,3500,-,-
TXO,202612,20261216.0,51400.0,Call,-,-,-,-,1100,-,-,0,0,0,2,1040,1120,1950,680
TXO,202612,20261216.0,51400.0,Put,-,-,-,-,3510,-,-,0,0,0,0,3410,3570,-,-
TXO,202612,20261216.0,51500.0,Call,-,-,-,-,1070,-,-,0,0,0,0,1010,1090,-,-
TXO,202612,20261216.0,51500.0,Put,-,-,-,-,3580,-,-,0,0,0,0,3480,3640,-,-
TXO,202612,20261216.0,51600.0,Call,-,-,-,-,1040,-,-,0,0,0,0,1000,1080,3280,2950
TXO,202612,20261216.0,51600.0,Put,-,-,-,-,3650,-,-,0,0,0,0,3550,3710,-,-
TXO,202612,20261216.0,51700.0,Call,-,-,-,-,1000,-,-,0,0,0,0,965,1030,-,-
TXO,202612,20261216.0,51700.0,Put,-,-,-,-,3700,-,-,0,0,0,0,3610,3790,-,-
TXO,202612,20261216.0,51800.0,Call,-,-,-,-,965,-,-,0,0,0,4,930,995,2550,510
TXO,202612,20261216.0,51800.0,Put,-,-,-,-,3770,-,-,0,0,0,0,3690,3870,-,-
TXO,202612,20261216.0,51900.0,Call,-,-,-,-,940,-,-,0,0,0,1,905,970,685,685
TXO,202612,20261216.0,51900.0,Put,-,-,-,-,3840,-,-,0,0,0,0,3760,3940,-,-
TXO,202612,20261216.0,52000.0,Call,-,-,-,-,910,-,-,0,0,0,563,875,940,3380,478
TXO,202612,20261216.0,52000.0,Put,-,-,-,-,3910,-,-,0,0,0,0,3870,3960,-,-
TXO,202612,20261216.0,52100.0,Call,940,940,940,940,885,▲+30,▲+3.30%,3,1,4,8,850,915,940,500
TXO,202612,20261216.0,52100.0,Put,-,-,-,-,3990,-,-,0,0,0,0,3940,4030,-,-
TXO,202612,20261216.0,52200.0,Call,-,-,-,-,860,-,-,0,0,0,0,820,885,1150,570
TXO,202612,20261216.0,52200.0,Put,-,-,-,-,4060,-,-,0,0,0,0,4010,4100,-,-
TXO,202612,20261216.0,52300.0,Call,-,-,-,-,835,-,-,0,0,0,0,800,865,-,-
TXO,202612,20261216.0,52300.0,Put,-,-,-,-,4140,-,-,0,0,0,0,4090,4180,-,-
TXO,202612,20261216.0,52400.0,Call,-,-,-,-,810,-,-,0,0,0,15,775,835,3950,450
TXO,202612,20261216.0,52400.0,Put,-,-,-,-,4210,-,-,0,0,0,0,4160,4250,8790,6780
TXO,202612,20261216.0,52500.0,Call,-,-,-,-,785,-,-,0,0,0,1,750,810,555,555
TXO,202612,20261216.0,52500.0,Put,-,-,-,-,4290,-,-,0,0,0,0,4240,4330,-,-
TXO,202612,20261216.0,52600.0,Call,-,-,-,-,765,-,-,0,0,0,1,725,780,1820,390
TXO,202612,20261216.0,52600.0,Put,-,-,-,-,4360,-,-,0,0,0,0,4310,4400,-,-
TXO,202612,20261216.0,52700.0,Call,-,-,-,-,740,-,-,0,0,0,0,705,760,-,-
TXO,202612,20261216.0,52700.0,Put,-,-,-,-,4440,-,-,0,0,0,0,4390,4480,-,-
TXO,202612,20261216.0,52800.0,Call,-,-,-,-,720,-,-,0,0,0,6,680,730,2770,425
TXO,202612,20261216.0,52800.0,Put,-,-,-,-,4520,-,-,0,0,0,0,4470,4560,-,-
TXO,202612,20261216.0,52900.0,Call,-,-,-,-,695,-,-,0,0,0,0,665,715,-,-
TXO,202612,20261216.0,52900.0,Put,-,-,-,-,4600,-,-,0,0,0,0,4540,4640,-,-
TXO,202612,20261216.0,53000.0,Call,-,-,-,-,675,-,-,0,0,0,392,650,700,2970,282
TXO,202612,20261216.0,53000.0,Put,-,-,-,-,4670,-,-,0,0,0,0,4620,4720,-,-
TXO,202612,20261216.0,53100.0,Call,-,-,-,-,650,-,-,0,0,0,2,625,675,570,565
TXO,202612,20261216.0,53100.0,Put,-,-,-,-,4750,-,-,0,0,0,0,4700,4800,-,-
TXO,202612,20261216.0,53200.0,Call,-,-,-,-,630,-,-,0,0,0,16,605,650,3950,479
TXO,202612,20261216.0,53200.0,Put,-,-,-,-,4830,-,-,0,0,0,0,4780,4880,-,-
TXO,202612,20261216.0,53300.0,Call,-,-,-,-,610,-,-,0,0,0,1,585,630,404,404
TXO,202612,20261216.0,53300.0,Put,-,-,-,-,4910,-,-,0,0,0,0,4860,4960,-,-
TXO,202612,20261216.0,53400.0,Call,-,-,-,-,590,-,-,0,0,0,2,565,610,2870,550
TXO,202612,20261216.0,53400.0,Put,-,-,-,-,4990,-,-,0,0,0,0,4940,5050,-,-
TXO,202612,20261216.0,53500.0,Call,-,-,-,-,575,-,-,0,0,0,0,550,590,-,-
TXO,202612,20261216.0,53500.0,Put,-,-,-,-,5070,-,-,0,0,0,0,5020,5130,-,-
TXO,202612,20261216.0,53600.0,Call,595,595,590,590,555,▲+20,▲+3.51%,0,4,4,5,535,575,900,590
TXO,202612,20261216.0,53600.0,Put,-,-,-,-,5150,-,-,0,0,0,0,5110,5200,-,-
TXO,202612,20261216.0,53700.0,Call,-,-,-,-,535,-,-,0,0,0,0,515,555,-,-
TXO,202612,20261216.0,53700.0,Put,-,-,-,-,5230,-,-,0,0,0,0,5190,5290,-,-
TXO,202612,20261216.0,53800.0,Call,-,-,-,-,520,-,-,0,0,0,2,495,535,2640,329
TXO,202612,20261216.0,53800.0,Put,-,-,-,-,5310,-,-,0,0,0,0,5270,5370,-,-
TXO,202612,20261216.0,53900.0,Call,-,-,-,-,500,-,-,0,0,0,0,482,520,-,-
TXO,202612,20261216.0,53900.0,Put,-,-,-,-,5400,-,-,0,0,0,0,5350,5450,-,-
TXO,202612,20261216.0,54000.0,Call,505,510,505,505,475,0,0%,1,4,5,321,455,495,3360,210
TXO,202612,20261216.0,54000.0,Put,-,-,-,-,5470,-,-,0,0,0,0,5440,5540,-,-
TXO,202612,20261216.0,54100.0,Call,-,-,-,-,470,-,-,0,0,0,0,450,490,-,-
TXO,202612,20261216.0,54100.0,Put,-,-,-,-,5570,-,-,0,0,0,0,5520,5620,-,-
TXO,202612,20261216.0,54200.0,Call,-,-,-,-,455,-,-,0,0,0,1,431,471,840,380
TXO,202612,20261216.0,54200.0,Put,-,-,-,-,5650,-,-,0,0,0,0,5610,5710,-,-
TXO,202612,20261216.0,54300.0,Call,-,-,-,-,440,-,-,0,0,0,1,420,460,407,407
TXO,202612,20261216.0,54300.0,Put,-,-,-,-,5730,-,-,0,0,0,0,5690,5790,-,-
TXO,202612,20261216.0,54400.0,Call,-,-,-,-,428,-,-,0,0,0,4,403,443,2050,220
TXO,202612,20261216.0,54400.0,Put,-,-,-,-,5820,-,-,0,0,0,0,5780,5880,-,-
TXO,202612,20261216.0,54500.0,Call,-,-,-,-,416,-,-,0,0,0,1,399,432,430,311
TXO,202612,20261216.0,54500.0,Put,-,-,-,-,5910,-,-,0,0,0,0,5860,5960,-,-
TXO,202612,20261216.0,54600.0,Call,-,-,-,-,402,-,-,0,0,0,1,379,412,1420,243
TXO,202612,20261216.0,54600.0,Put,-,-,-,-,6000,-,-,0,0,0,0,5950,6050,-,-
TXO,202612,20261216.0,54700.0,Call,-,-,-,-,389,-,-,0,0,0,0,369,402,-,-
TXO,202612,20261216.0,54700.0,Put,-,-,-,-,6080,-,-,0,0,0,0,6040,6140,-,-
TXO,202612,20261216.0,54800.0,Call,-,-,-,-,376,-,-,0,0,0,12,356,386,3060,184
TXO,202612,20261216.0,54800.0,Put,-,-,-,-,6170,-,-,0,0,0,0,6120,6230,-,-
TXO,202612,20261216.0,54900.0,Call,-,-,-,-,364,-,-,0,0,0,0,346,376,-,-
TXO,202612,20261216.0,54900.0,Put,-,-,-,-,6260,-,-,0,0,0,0,6210,6320,-,-
TXO,202612,20261216.0,55000.0,Call,-,-,-,-,352,-,-,0,0,0,47,334,364,2920,153
TXO,202612,20261216.0,55000.0,Put,-,-,-,-,6340,-,-,0,0,0,0,6300,6410,-,-
TXO,202612,20261216.0,55100.0,Call,-,-,-,-,340,-,-,0,0,0,0,325,352,-,-
TXO,202612,20261216.0,55100.0,Put,-,-,-,-,6430,-,-,0,0,0,0,6390,6500,-,-
TXO,202612,20261216.0,55200.0,Call,-,-,-,-,329,-,-,0,0,0,1,311,338,1980,207
TXO,202612,20261216.0,55200.0,Put,-,-,-,-,6520,-,-,0,0,0,0,6480,6600,-,-
TXO,202612,20261216.0,55300.0,Call,-,-,-,-,318,-,-,0,0,0,0,303,330,-,-
TXO,202612,20261216.0,55300.0,Put,-,-,-,-,6610,-,-,0,0,0,0,6560,6690,-,-
TXO,202612,20261216.0,55400.0,Call,-,-,-,-,307,-,-,0,0,0,5,291,316,2930,228
TXO,202612,20261216.0,55400.0,Put,-,-,-,-,6700,-,-,0,0,0,0,6650,6780,-,-
TXO,202612,20261216.0,55500.0,Call,-,-,-,-,297,-,-,0,0,0,0,284,309,-,-
TXO,202612,20261216.0,55500.0,Put,-,-,-,-,6790,-,-,0,0,0,0,6740,6870,-,-
TXO,202612,20261216.0,55600.0,Call,-,-,-,-,287,-,-,0,0,0,20,272,297,2150,120
TXO,202612,20261216.0,55600.0,Put,-,-,-,-,6880,-,-,0,0,0,0,6830,6950,-,-
TXO,202612,20261216.0,55700.0,Call,-,-,-,-,278,-,-,0,0,0,0,265,290,-,-
TXO,202612,20261216.0,55700.0,Put,-,-,-,-,6970,-,-,0,0,0,0,6920,7040,-,-
TXO,202612,20261216.0,55800.0,Call,-,-,-,-,269,-,-,0,0,0,17,254,279,3020,140
TXO,202612,20261216.0,55800.0,Put,-,-,-,-,7060,-,-,0,0,0,0,7020,7140,-,-
TXO,202612,20261216.0,56000.0,Call,245,245,245,245,245,▼-15,▼-5.77%,0,1,1,11,239,264,2170,130
TXO,202612,20261216.0,56000.0,Put,-,-,-,-,7240,-,-,0,0,0,0,7200,7330,-,-
TXO,202612,20261216.0,56200.0,Call,245,247,245,246,236,▲+3,▲+1.23%,0,9,9,9,223,248,1900,101
TXO,202612,20261216.0,56200.0,Put,-,-,-,-,7420,-,-,0,0,0,0,7380,7510,-,-
TXO,202612,20261216.0,56400.0,Call,-,-,-,-,221,-,-,0,0,0,1,208,233,1770,105
TXO,202612,20261216.0,56400.0,Put,-,-,-,-,7610,-,-,0,0,0,0,7560,7700,-,-
TXO,202612,20261216.0,56600.0,Call,-,-,-,-,207,-,-,0,0,0,3,194,219,495,97
TXO,202612,20261216.0,56600.0,Put,-,-,-,-,7790,-,-,0,0,0,0,7750,7870,-,-
TXO,202612,20261216.0,56800.0,Call,-,-,-,-,194,-,-,0,0,0,1,181,206,1830,178
TXO,202612,20261216.0,56800.0,Put,-,-,-,-,7980,-,-,0,0,0,0,7940,8070,-,-
TXO,202612,20261216.0,57000.0,Call,-,-,-,-,186,-,-,0,0,0,607,173,198,2500,110
TXO,202612,20261216.0,57000.0,Put,-,-,-,-,8170,-,-,0,0,0,0,8120,8260,-,-
TXO,202612,20261216.0,57200.0,Call,-,-,-,-,172,-,-,0,0,0,4,157,182,1880,130
TXO,202612,20261216.0,57200.0,Put,-,-,-,-,8360,-,-,0,0,0,121,8300,8410,11110,10360
TXO,202612,20261216.0,57400.0,Call,168,168,160,160,160,0,0%,0,3,3,268,147,172,1870,21
TXO,202612,20261216.0,57400.0,Put,-,-,-,-,8540,-,-,0,0,0,0,8500,8640,-,-
TXO,202703,20270317.0,31800.0,Call,-,-,-,-,17630,-,-,0,0,0,1,17560,17950,15660,15660
TXO,202703,20270317.0,31800.0,Put,-,-,-,-,102,-,-,0,0,0,105,97,108,1020,102
TXO,202703,20270317.0,32000.0,Call,-,-,-,-,17440,-,-,0,0,0,0,17360,17710,-,-
TXO,202703,20270317.0,32000.0,Put,-,-,-,-,109,-,-,0,0,0,19,100,118,1360,104
TXO,202703,20270317.0,32200.0,Call,-,-,-,-,17240,-,-,0,0,0,0,17160,17520,-,-
TXO,202703,20270317.0,32200.0,Put,-,-,-,-,111,-,-,0,0,0,1,100,122,265,210
TXO,202703,20270317.0,32400.0,Call,-,-,-,-,17050,-,-,0,0,0,0,16970,17320,-,-
TXO,202703,20270317.0,32400.0,Put,-,-,-,-,112,-,-,0,0,0,0,100,125,331,290
TXO,202703,20270317.0,32600.0,Call,-,-,-,-,16850,-,-,0,0,0,0,16770,17120,-,-
TXO,202703,20270317.0,32600.0,Put,-,-,-,-,114,-,-,1,0,1,1,100,128,375,137
TXO,202703,20270317.0,32800.0,Call,-,-,-,-,16660,-,-,0,0,0,0,16570,16920,-,-
TXO,202703,20270317.0,32800.0,Put,-,-,-,-,117,-,-,0,0,0,1,104,130,415,120
TXO,202703,20270317.0,33000.0,Call,-,-,-,-,16460,-,-,0,0,0,0,16380,16730,-,-
TXO,202703,20270317.0,33000.0,Put,-,-,-,-,119,-,-,0,0,0,11,106,133,469,178
TXO,202703,20270317.0,33200.0,Call,-,-,-,-,16260,-,-,0,0,0,0,16180,16540,-,-
TXO,202703,20270317.0,33200.0,Put,-,-,-,-,123,-,-,0,0,0,2,110,136,1690,154
TXO,202703,20270317.0,33400.0,Call,-,-,-,-,16070,-,-,0,0,0,0,15990,16260,-,-
TXO,202703,20270317.0,33400.0,Put,-,-,-,-,126,-,-,0,0,0,0,113,140,-,-
TXO,202703,20270317.0,33600.0,Call,-,-,-,-,15880,-,-,0,0,0,0,15790,16140,-,-
TXO,202703,20270317.0,33600.0,Put,-,-,-,-,129,-,-,0,0,0,1,116,144,935,184
TXO,202703,20270317.0,33800.0,Call,-,-,-,-,15680,-,-,0,0,0,0,15600,15940,-,-
TXO,202703,20270317.0,33800.0,Put,-,-,-,-,133,-,-,0,0,0,21,120,148,1850,178
TXO,202703,20270317.0,34000.0,Call,-,-,-,-,15490,-,-,0,0,0,0,15410,15740,-,-
TXO,202703,20270317.0,34000.0,Put,-,-,-,-,137,-,-,0,0,0,7,123,152,1420,149
TXO,202703,20270317.0,34200.0,Call,-,-,-,-,15290,-,-,0,0,0,0,15220,15550,-,-
TXO,202703,20270317.0,34200.0,Put,-,-,-,-,141,-,-,0,0,0,1,127,157,1390,243
TXO,202703,20270317.0,34400.0,Call,-,-,-,-,15100,-,-,0,0,0,0,15020,15280,-,-
TXO,202703,20270317.0,34400.0,Put,-,-,-,-,146,-,-,0,0,0,0,131,162,-,-
TXO,202703,20270317.0,34600.0,Call,-,-,-,-,14900,-,-,0,0,0,0,14820,15080,13810,12940
TXO,202703,20270317.0,34600.0,Put,-,-,-,-,150,-,-,0,0,0,3,135,167,915,190
TXO,202703,20270317.0,34800.0,Call,-,-,-,-,14710,-,-,0,0,0,0,14630,14970,-,-
TXO,202703,20270317.0,34800.0,Put,-,-,-,-,155,-,-,0,0,0,2,139,173,1000,144
TXO,202703,20270317.0,35000.0,Call,-,-,-,-,14520,-,-,0,0,0,0,14440,14770,-,-
TXO,202703,20270317.0,35000.0,Put,-,-,-,-,161,-,-,0,0,0,42,144,179,1600,155
TXO,202703,20270317.0,35200.0,Call,-,-,-,-,14330,-,-,0,0,0,0,14250,14570,-,-
TXO,202703,20270317.0,35200.0,Put,-,-,-,-,166,-,-,0,0,0,3,149,184,515,290
TXO,202703,20270317.0,35400.0,Call,-,-,-,-,14130,-,-,0,0,0,0,14050,14370,-,-
TXO,202703,20270317.0,35400.0,Put,-,-,-,-,172,-,-,0,0,0,10,155,190,695,193
TXO,202703,20270317.0,35600.0,Call,-,-,-,-,13940,-,-,0,0,0,0,13860,14110,-,-
TXO,202703,20270317.0,35600.0,Put,-,-,-,-,179,-,-,0,0,0,28,162,197,2340,203
TXO,202703,20270317.0,35800.0,Call,-,-,-,-,13750,-,-,0,0,0,0,13670,13920,-,-
TXO,202703,20270317.0,35800.0,Put,-,-,-,-,185,-,-,0,0,0,0,168,203,2050,201
TXO,202703,20270317.0,36000.0,Call,-,-,-,-,13560,-,-,0,0,0,0,13480,13730,-,-
TXO,202703,20270317.0,36000.0,Put,-,-,-,-,192,-,-,0,0,0,60,175,210,2380,220
TXO,202703,20270317.0,36200.0,Call,-,-,-,-,13370,-,-,0,0,0,0,13280,13600,-,-
TXO,202703,20270317.0,36200.0,Put,-,-,-,-,205,-,-,0,0,0,1,194,218,2050,289
TXO,202703,20270317.0,36400.0,Call,-,-,-,-,13180,-,-,0,0,0,0,13090,13400,-,-
TXO,202703,20270317.0,36400.0,Put,213,213,213,213,213,▼-2,▼-0.93%,0,1,1,1,191,226,1800,213
TXO,202703,20270317.0,36600.0,Call,-,-,-,-,13000,-,-,0,0,0,4,12900,13230,13790,11300
TXO,202703,20270317.0,36600.0,Put,-,-,-,-,225,-,-,0,0,0,17,218,233,2780,220
TXO,202703,20270317.0,36800.0,Call,-,-,-,-,12800,-,-,0,0,0,0,12710,13010,-,-
TXO,202703,20270317.0,36800.0,Put,-,-,-,-,226,-,-,0,0,0,1,209,244,1990,284
TXO,202703,20270317.0,37000.0,Call,-,-,-,-,12610,-,-,0,0,0,0,12530,12780,-,-
TXO,202703,20270317.0,37000.0,Put,-,-,-,-,234,-,-,0,0,0,30,217,252,2340,261
TXO,202703,20270317.0,37200.0,Call,-,-,-,-,12420,-,-,0,0,0,0,12340,12590,-,-
TXO,202703,20270317.0,37200.0,Put,-,-,-,-,244,-,-,0,0,0,2,228,263,1160,256
TXO,202703,20270317.0,37400.0,Call,-,-,-,-,12230,-,-,0,0,0,0,12150,12440,-,-
TXO,202703,20270317.0,37400.0,Put,-,-,-,-,254,-,-,0,0,0,4,238,273,2000,296
TXO,202703,20270317.0,37600.0,Call,-,-,-,-,12050,-,-,0,0,0,0,11960,12200,-,-
TXO,202703,20270317.0,37600.0,Put,-,-,-,-,265,-,-,0,0,0,4,249,284,3020,293
TXO,202703,20270317.0,37800.0,Call,-,-,-,-,11860,-,-,0,0,0,0,11780,12030,-,-
TXO,202703,20270317.0,37800.0,Put,-,-,-,-,277,-,-,0,0,0,4,261,296,1150,327
TXO,202703,20270317.0,38000.0,Call,-,-,-,-,11670,-,-,0,0,0,1,11590,11830,11830,11830
TXO,202703,20270317.0,38000.0,Put,-,-,-,-,290,-,-,0,0,0,46,274,309,2600,330
TXO,202703,20270317.0,38200.0,Call,-,-,-,-,11490,-,-,0,0,0,0,11410,11630,-,-
TXO,202703,20270317.0,38200.0,Put,-,-,-,-,304,-,-,0,0,0,1,288,323,1230,482
TXO,202703,20270317.0,38400.0,Call,-,-,-,-,11300,-,-,0,0,0,1,11220,11450,10180,10180
TXO,202703,20270317.0,38400.0,Put,-,-,-,-,317,-,-,0,0,0,2,301,336,1270,695
TXO,202703,20270317.0,38600.0,Call,-,-,-,-,11120,-,-,0,0,0,0,11040,11260,-,-
TXO,202703,20270317.0,38600.0,Put,-,-,-,-,333,-,-,0,0,0,3,317,352,2090,480
TXO,202703,20270317.0,38800.0,Call,-,-,-,-,10940,-,-,0,0,0,0,10850,11070,-,-
TXO,202703,20270317.0,38800.0,Put,-,-,-,-,349,-,-,0,0,0,1,333,368,2560,680
TXO,202703,20270317.0,39000.0,Call,-,-,-,-,10760,-,-,0,0,0,0,10670,10910,-,-
TXO,202703,20270317.0,39000.0,Put,-,-,-,-,365,-,-,0,0,0,7,349,384,3400,380
TXO,202703,20270317.0,39200.0,Call,-,-,-,-,10580,-,-,0,0,0,0,10490,10710,-,-
TXO,202703,20270317.0,39200.0,Put,-,-,-,-,383,-,-,0,0,0,1,367,402,2680,1450
TXO,202703,20270317.0,39400.0,Call,-,-,-,-,10400,-,-,0,0,0,0,10310,10520,-,-
TXO,202703,20270317.0,39400.0,Put,-,-,-,-,401,-,-,0,0,0,4,385,420,2740,640
TXO,202703,20270317.0,39600.0,Call,-,-,-,-,10220,-,-,0,0,0,0,10140,10350,-,-
TXO,202703,20270317.0,39600.0,Put,-,-,-,-,421,-,-,0,0,0,6,400,445,2830,840
TXO,202703,20270317.0,39800.0,Call,-,-,-,-,10040,-,-,0,0,0,0,9950,10190,-,-
TXO,202703,20270317.0,39800.0,Put,-,-,-,-,439,-,-,0,0,0,3,418,463,3000,605
TXO,202703,20270317.0,40000.0,Call,-,-,-,-,9860,-,-,0,0,0,2,9770,9990,11530,6000
TXO,202703,20270317.0,40000.0,Put,-,-,-,-,461,-,-,0,0,0,39,440,485,4200,495
TXO,202703,20270317.0,40200.0,Call,-,-,-,-,9690,-,-,0,0,0,0,9600,9800,-,-
TXO,202703,20270317.0,40200.0,Put,-,-,-,-,482,-,-,0,0,0,4,463,505,2460,590
TXO,202703,20270317.0,40400.0,Call,-,-,-,-,9510,-,-,0,0,0,0,9420,9630,6450,5300
TXO,202703,20270317.0,40400.0,Put,-,-,-,-,505,-,-,0,0,0,1,485,530,1760,1760
TXO,202703,20270317.0,40600.0,Call,-,-,-,-,9340,-,-,0,0,0,0,9250,9480,6950,5530
TXO,202703,20270317.0,40600.0,Put,-,-,-,-,530,-,-,0,0,0,0,510,555,-,-
TXO,202703,20270317.0,40800.0,Call,-,-,-,-,9160,-,-,0,0,0,0,9070,9280,-,-
TXO,202703,20270317.0,40800.0,Put,-,-,-,-,555,-,-,0,0,0,2,535,580,4650,990
TXO,202703,20270317.0,41000.0,Call,-,-,-,-,8990,-,-,0,0,0,0,8900,9130,8000,5380
TXO,202703,20270317.0,41000.0,Put,-,-,-,-,585,-,-,0,0,0,2,560,610,4540,945
TXO,202703,20270317.0,41200.0,Call,-,-,-,-,8820,-,-,0,0,0,0,8730,8960,-,-
TXO,202703,20270317.0,41200.0,Put,-,-,-,-,615,-,-,0,0,0,2,590,640,3000,640
TXO,202703,20270317.0,41400.0,Call,-,-,-,-,8650,-,-,0,0,0,0,8560,8790,-,-
TXO,202703,20270317.0,41400.0,Put,-,-,-,-,640,-,-,0,0,0,3,615,665,2050,980
TXO,202703,20270317.0,41600.0,Call,-,-,-,-,8490,-,-,0,0,0,0,8390,8610,-,-
TXO,202703,20270317.0,41600.0,Put,-,-,-,-,670,-,-,0,0,0,0,645,700,3390,1120
TXO,202703,20270317.0,41800.0,Call,-,-,-,-,8320,-,-,0,0,0,0,8230,8440,-,-
TXO,202703,20270317.0,41800.0,Put,-,-,-,-,705,-,-,0,0,0,1,670,730,3200,2180
TXO,202703,20270317.0,42000.0,Call,-,-,-,-,8160,-,-,0,0,0,1,8060,8280,11500,4800
TXO,202703,20270317.0,42000.0,Put,-,-,-,-,735,-,-,0,0,0,10,710,770,4320,930
TXO,202703,20270317.0,42200.0,Call,-,-,-,-,7990,-,-,0,0,0,0,7900,8110,-,-
TXO,202703,20270317.0,42200.0,Put,-,-,-,-,765,-,-,0,0,0,1,735,800,2260,2260
TXO,202703,20270317.0,42400.0,Call,-,-,-,-,7820,-,-,0,0,0,0,7740,7940,-,-
TXO,202703,20270317.0,42400.0,Put,-,-,-,-,800,-,-,0,0,0,1,770,835,2370,2370
TXO,202703,20270317.0,42600.0,Call,-,-,-,-,7670,-,-,0,0,0,1,7570,7760,6610,6610
TXO,202703,20270317.0,42600.0,Put,-,-,-,-,840,-,-,0,0,0,1,810,880,2440,2440
TXO,202703,20270317.0,42800.0,Call,-,-,-,-,7510,-,-,0,0,0,1,7410,7610,6480,6480
TXO,202703,20270317.0,42800.0,Put,-,-,-,-,885,-,-,0,0,0,1,845,915,2690,2510
TXO,202703,20270317.0,43000.0,Call,-,-,-,-,7350,-,-,0,0,0,0,7280,7440,-,-
TXO,202703,20270317.0,43000.0,Put,-,-,-,-,925,-,-,0,0,0,2,895,965,4720,980
TXO,202703,20270317.0,43200.0,Call,-,-,-,-,7190,-,-,0,0,0,1,7100,7310,6230,6230
TXO,202703,20270317.0,43200.0,Put,-,-,-,-,960,-,-,0,0,0,1,930,1000,2660,2660
TXO,202703,20270317.0,43400.0,Call,-,-,-,-,7030,-,-,0,0,0,1,6940,7150,6110,6110
TXO,202703,20270317.0,43400.0,Put,-,-,-,-,1000,-,-,0,0,0,1,970,1040,3730,3730
TXO,202703,20270317.0,43600.0,Call,-,-,-,-,6880,-,-,0,0,0,1,6810,6990,5980,5980
TXO,202703,20270317.0,43600.0,Put,-,-,-,-,1050,-,-,0,0,0,0,1010,1100,6100,3200
TXO,202703,20270317.0,43800.0,Call,-,-,-,-,6730,-,-,0,0,0,0,6660,6810,-,-
TXO,202703,20270317.0,43800.0,Put,-,-,-,-,1090,-,-,0,0,0,1,1050,1140,5820,1410
TXO,202703,20270317.0,44000.0,Call,-,-,-,-,6580,-,-,0,0,0,13,6510,6670,9500,5370
TXO,202703,20270317.0,44000.0,Put,-,-,-,-,1140,-,-,0,0,0,19,1100,1190,5230,1560
TXO,202703,20270317.0,44200.0,Call,-,-,-,-,6430,-,-,0,0,0,2,6360,6540,6100,3340
TXO,202703,20270317.0,44200.0,Put,-,-,-,-,1190,-,-,0,0,0,1,1150,1240,3040,3040
TXO,202703,20270317.0,44400.0,Call,-,-,-,-,6280,-,-,0,0,0,1,6210,6390,5740,5140
TXO,202703,20270317.0,44400.0,Put,-,-,-,-,1240,-,-,0,0,0,1,1200,1290,3130,1920
TXO,202703,20270317.0,44600.0,Call,-,-,-,-,6140,-,-,0,0,0,2,6070,6240,5300,3600
TXO,202703,20270317.0,44600.0,Put,-,-,-,-,1300,-,-,0,0,0,1,1260,1350,3210,1990
TXO,202703,20270317.0,44800.0,Call,-,-,-,-,5990,-,-,0,0,0,1,5900,6070,4880,4470
TXO,202703,20270317.0,44800.0,Put,-,-,-,-,1350,-,-,0,0,0,4,1310,1400,5330,1970
TXO,202703,20270317.0,45000.0,Call,-,-,-,-,5860,-,-,0,0,0,1,5760,5950,5850,3280
TXO,202703,20270317.0,45000.0,Put,-,-,-,-,1410,-,-,0,0,0,3,1370,1460,5500,1600
TXO,202703,20270317.0,45200.0,Call,-,-,-,-,5710,-,-,0,0,0,2,5640,5790,5400,4800
TXO,202703,20270317.0,45200.0,Put,-,-,-,-,1460,-,-,0,0,0,1,1420,1510,3470,3470
TXO,202703,20270317.0,45400.0,Call,-,-,-,-,5570,-,-,0,0,0,1,5490,5650,4940,4000
TXO,202703,20270317.0,45400.0,Put,-,-,-,-,1520,-,-,0,0,0,2,1480,1570,3560,2900
TXO,202703,20270317.0,45600.0,Call,-,-,-,-,5430,-,-,0,0,0,1,5370,5520,4850,4850
TXO,202703,20270317.0,45600.0,Put,-,-,-,-,1580,-,-,0,0,0,1,1540,1630,3650,3650
TXO,202703,20270317.0,45800.0,Call,-,-,-,-,5300,-,-,0,0,0,2,5230,5390,4720,3880
TXO,202703,20270317.0,45800.0,Put,-,-,-,-,1650,-,-,0,0,0,1,1610,1700,3740,3740
TXO,202703,20270317.0,46000.0,Call,-,-,-,-,5170,-,-,0,0,0,5,5080,5380,8000,3110
TXO,202703,20270317.0,46000.0,Put,-,-,-,-,1710,-,-,0,0,0,8,1670,1770,5700,1930
TXO,202703,20270317.0,46200.0,Call,-,-,-,-,5040,-,-,0,0,0,1,4960,5240,4510,4510
TXO,202703,20270317.0,46200.0,Put,-,-,-,-,1780,-,-,0,0,0,1,1740,1840,3930,3930
TXO,202703,20270317.0,46400.0,Call,-,-,-,-,4900,-,-,0,0,0,1,4820,5100,4410,4410
TXO,202703,20270317.0,46400.0,Put,-,-,-,-,1840,-,-,0,0,0,1,1800,1900,4020,4020
TXO,202703,20270317.0,46600.0,Call,-,-,-,-,4770,-,-,0,0,0,2,4700,4980,7460,7430
TXO,202703,20270317.0,46600.0,Put,-,-,-,-,1920,-,-,0,0,0,1,1860,1970,4120,4120
TXO,202703,20270317.0,46800.0,Call,-,-,-,-,4650,-,-,0,0,0,8,4550,4810,4200,3240
TXO,202703,20270317.0,46800.0,Put,-,-,-,-,1990,-,-,0,0,0,1,1940,2050,4220,4220
TXO,202703,20270317.0,47000.0,Call,-,-,-,-,4530,-,-,0,0,0,150,4420,4680,7200,3150
TXO,202703,20270317.0,47000.0,Put,-,-,-,-,2060,-,-,0,0,0,52,2010,2130,4780,2680
TXO,202703,20270317.0,47200.0,Call,-,-,-,-,4400,-,-,0,0,0,1,4290,4520,4010,4010
TXO,202703,20270317.0,47200.0,Put,-,-,-,-,2130,-,-,0,0,0,1,2080,2200,4420,4420
TXO,202703,20270317.0,47400.0,Call,-,-,-,-,4280,-,-,0,0,0,1,4190,4430,3910,3910
TXO,202703,20270317.0,47400.0,Put,-,-,-,-,2210,-,-,0,0,0,3,2160,2280,4430,4430
TXO,202703,20270317.0,47600.0,Call,-,-,-,-,4160,-,-,0,0,0,1,4070,4310,3510,3510
TXO,202703,20270317.0,47600.0,Put,-,-,-,-,2290,-,-,0,0,0,3,2240,2360,4630,4530
TXO,202703,20270317.0,47800.0,Call,-,-,-,-,4050,-,-,0,0,0,1,3950,4160,3720,3720
TXO,202703,20270317.0,47800.0,Put,-,-,-,-,2380,-,-,0,0,0,3,2310,2430,4740,4640
TXO,202703,20270317.0,48000.0,Call,-,-,-,-,3940,-,-,0,0,0,75,3830,4050,3920,2960
TXO,202703,20270317.0,48000.0,Put,-,-,-,-,2470,-,-,0,0,0,62,2380,2520,8820,2460
TXO,202703,20270317.0,48200.0,Call,-,-,-,-,3830,-,-,0,0,0,5,3730,3940,3700,3530
TXO,202703,20270317.0,48200.0,Put,-,-,-,-,2560,-,-,0,0,0,4,2480,2620,4870,2680
TXO,202703,20270317.0,48400.0,Call,-,-,-,-,3720,-,-,0,0,0,3,3610,3810,7100,2350
TXO,202703,20270317.0,48400.0,Put,-,-,-,-,2650,-,-,0,0,0,1,2560,2700,4980,4980
TXO,202703,20270317.0,48600.0,Call,-,-,-,-,3620,-,-,0,0,0,5,3500,3700,6300,2140
TXO,202703,20270317.0,48600.0,Put,-,-,-,-,2740,-,-,0,0,0,1,2670,2830,5100,4100
TXO,202703,20270317.0,48800.0,Call,-,-,-,-,3490,-,-,0,0,0,20,3390,3590,3430,2260
TXO,202703,20270317.0,48800.0,Put,-,-,-,-,2810,-,-,0,0,0,1,2740,2900,5210,5210
TXO,202703,20270317.0,49000.0,Call,-,-,-,-,3390,-,-,0,0,0,27,3290,3470,6150,2040
TXO,202703,20270317.0,49000.0,Put,-,-,-,-,2910,-,-,0,0,0,6,2830,2990,6880,3700
TXO,202703,20270317.0,49200.0,Call,-,-,-,-,3290,-,-,0,0,0,5,3180,3360,6280,2000
TXO,202703,20270317.0,49200.0,Put,-,-,-,-,3010,-,-,0,0,0,1,2930,3090,5440,4610
TXO,202703,20270317.0,49400.0,Call,-,-,-,-,3190,-,-,0,0,0,6,3090,3270,5760,2950
TXO,202703,20270317.0,49400.0,Put,-,-,-,-,3110,-,-,0,0,0,1,3000,3180,5560,5560
TXO,202703,20270317.0,49600.0,Call,-,-,-,-,3100,-,-,0,0,0,1,3000,3180,3030,3030
TXO,202703,20270317.0,49600.0,Put,-,-,-,-,3210,-,-,0,0,0,1,3110,3290,5680,5680
TXO,202703,20270317.0,49800.0,Call,-,-,-,-,2990,-,-,0,0,0,2,2900,3060,2950,2770
TXO,202703,20270317.0,49800.0,Put,-,-,-,-,3300,-,-,0,0,0,1,3220,3400,5800,5800
TXO,202703,20270317.0,50000.0,Call,-,-,-,-,2900,-,-,0,0,0,26,2810,2970,7300,1800
TXO,202703,20270317.0,50000.0,Put,-,-,-,-,3410,-,-,0,0,0,21,3320,3500,10120,4100
TXO,202703,20270317.0,50200.0,Call,-,-,-,-,2810,-,-,0,0,0,2,2700,2860,5650,1610
TXO,202703,20270317.0,50200.0,Put,-,-,-,-,3520,-,-,0,0,0,1,3410,3610,6050,6050
TXO,202703,20270317.0,50400.0,Call,-,-,-,-,2720,-,-,0,0,0,1,2630,2770,2860,1750
TXO,202703,20270317.0,50400.0,Put,-,-,-,-,3630,-,-,0,0,0,1,3520,3720,6200,6200
TXO,202703,20270317.0,50600.0,Call,-,-,-,-,2630,-,-,0,0,0,1,2550,2690,2800,2240
TXO,202703,20270317.0,50600.0,Put,-,-,-,-,3740,-,-,0,0,0,1,3630,3830,6300,6300
TXO,202703,20270317.0,50800.0,Call,-,-,-,-,2550,-,-,0,0,0,2,2470,2610,2580,1770
TXO,202703,20270317.0,50800.0,Put,-,-,-,-,3850,-,-,0,0,0,1,3740,3960,6430,6430
TXO,202703,20270317.0,51000.0,Call,-,-,-,-,2460,-,-,0,0,0,1426,2370,2510,6190,1480
TXO,202703,20270317.0,51000.0,Put,-,-,-,-,3960,-,-,0,0,0,4,3850,4070,6560,5680
TXO,202703,20270317.0,51200.0,Call,-,-,-,-,2380,-,-,0,0,0,2,2310,2430,3190,1560
TXO,202703,20270317.0,51200.0,Put,-,-,-,-,4080,-,-,0,0,0,1,3970,4190,6690,6690
TXO,202703,20270317.0,51400.0,Call,-,-,-,-,2300,-,-,0,0,0,0,2230,2350,5950,1480
TXO,202703,20270317.0,51400.0,Put,-,-,-,-,4200,-,-,0,0,0,1,4100,4340,6830,6830
TXO,202703,20270317.0,51600.0,Call,-,-,-,-,2220,-,-,0,0,0,3,2150,2270,5400,1490
TXO,202703,20270317.0,51600.0,Put,-,-,-,-,4320,-,-,0,0,0,1,4220,4460,6960,6960
TXO,202703,20270317.0,51800.0,Call,-,-,-,-,2150,-,-,0,0,0,1,2080,2200,4720,4600
TXO,202703,20270317.0,51800.0,Put,-,-,-,-,4440,-,-,0,0,0,1,4340,4580,7090,7090
TXO,202703,20270317.0,52000.0,Call,-,-,-,-,2070,-,-,0,0,0,11,2000,2120,5800,1340
TXO,202703,20270317.0,52000.0,Put,-,-,-,-,4570,-,-,0,0,0,1,4450,4710,7230,7230
TXO,202703,20270317.0,52200.0,Call,-,-,-,-,2000,-,-,0,0,0,1,1940,2050,2120,2120
TXO,202703,20270317.0,52200.0,Put,-,-,-,-,4690,-,-,0,0,0,1,4580,4840,7370,7370
TXO,202703,20270317.0,52400.0,Call,-,-,-,-,1930,-,-,0,0,0,11,1860,1970,4900,1280
TXO,202703,20270317.0,52400.0,Put,-,-,-,-,4830,-,-,0,0,0,1,4730,4960,7510,7510
TXO,202703,20270317.0,52600.0,Call,-,-,-,-,1870,-,-,0,0,0,1,1800,1900,2230,1330
TXO,202703,20270317.0,52600.0,Put,-,-,-,-,4960,-,-,0,0,0,1,4860,5100,7650,7650
TXO,202703,20270317.0,52800.0,Call,-,-,-,-,1800,-,-,0,0,0,0,1740,1840,4470,1190
TXO,202703,20270317.0,52800.0,Put,-,-,-,-,5090,-,-,0,0,0,1,4990,5230,7790,7790
TXO,202703,20270317.0,53000.0,Call,-,-,-,-,1740,-,-,0,0,0,12,1670,1770,4850,1050
TXO,202703,20270317.0,53000.0,Put,-,-,-,-,5230,-,-,0,0,0,0,5100,5400,-,-
TXO,202703,20270317.0,53200.0,Call,1710,1710,1710,1710,1680,▲+10,▲+0.59%,0,1,1,3,1650,1700,4700,1210
TXO,202703,20270317.0,53200.0,Put,-,-,-,-,5360,-,-,0,0,0,1,5230,5530,8070,8070
TXO,202703,20270317.0,53400.0,Call,-,-,-,-,1620,-,-,0,0,0,6,1560,1650,1860,980
TXO,202703,20270317.0,53400.0,Put,-,-,-,-,5500,-,-,0,0,0,1,5360,5680,8400,8220
TXO,202703,20270317.0,53600.0,Call,-,-,-,-,1560,-,-,0,0,0,2,1500,1590,1890,1120
TXO,202703,20270317.0,53600.0,Put,-,-,-,-,5640,-,-,0,0,0,0,5500,5820,-,-
TXO,202703,20270317.0,53800.0,Call,-,-,-,-,1510,-,-,0,0,0,1,1440,1530,4600,880
TXO,202703,20270317.0,53800.0,Put,-,-,-,-,5790,-,-,0,0,0,0,5650,5970,-,-
TXO,202703,20270317.0,54000.0,Call,-,-,-,-,1450,-,-,0,0,0,11,1390,1480,4820,800
TXO,202703,20270317.0,54000.0,Put,-,-,-,-,5930,-,-,0,0,0,0,5770,6110,-,-
TXO,202703,20270317.0,54200.0,Call,1390,1410,1390,1410,1410,▼-10,▼-0.70%,0,3,3,3,1350,1440,1770,855
TXO,202703,20270317.0,54200.0,Put,-,-,-,-,6080,-,-,0,0,0,0,6000,6300,-,-
TXO,202703,20270317.0,54400.0,Call,1330,1360,1330,1360,1360,▼-10,▼-0.73%,0,3,3,11,1280,1370,1810,885
TXO,202703,20270317.0,54400.0,Put,-,-,-,-,6220,-,-,0,0,0,0,6140,6300,-,-
TXO,202703,20270317.0,54600.0,Call,1290,1310,1290,1310,1310,▼-10,▼-0.76%,0,3,3,2,1230,1320,1740,705
TXO,202703,20270317.0,54600.0,Put,-,-,-,-,6370,-,-,0,0,0,0,6290,6450,-,-
TXO,202703,20270317.0,54800.0,Call,-,-,-,-,1250,-,-,0,0,0,3,1190,1280,1450,695
TXO,202703,20270317.0,54800.0,Put,-,-,-,-,6520,-,-,0,0,0,0,6440,6580,-,-
TXO,202703,20270317.0,55000.0,Call,-,-,-,-,1200,-,-,0,0,0,24,1150,1240,3600,705
TXO,202703,20270317.0,55000.0,Put,-,-,-,-,6670,-,-,0,0,0,0,6570,6750,-,-
TXO,202703,20270317.0,55200.0,Call,-,-,-,-,1150,-,-,0,0,0,7,1090,1180,4510,600
TXO,202703,20270317.0,55200.0,Put,-,-,-,-,6820,-,-,0,0,0,0,6740,6910,-,-
TXO,202703,20270317.0,55400.0,Call,-,-,-,-,1100,-,-,0,0,0,6,1050,1140,1320,900
TXO,202703,20270317.0,55400.0,Put,-,-,-,-,6970,-,-,0,0,0,0,6880,7060,-,-
TXO,202703,20270317.0,55600.0,Call,-,-,-,-,1060,-,-,0,0,0,1,1010,1100,1730,860
TXO,202703,20270317.0,55600.0,Put,-,-,-,-,7120,-,-,0,0,0,0,7060,7230,-,-
TXO,202703,20270317.0,55800.0,Call,-,-,-,-,1020,-,-,0,0,0,4,980,1050,4340,600
TXO,202703,20270317.0,55800.0,Put,-,-,-,-,7280,-,-,0,0,0,0,7220,7390,-,-
TXO,202703,20270317.0,56000.0,Call,-,-,-,-,970,-,-,0,0,0,1442,930,1000,2570,570
TXO,202703,20270317.0,56000.0,Put,-,-,-,-,7430,-,-,0,0,0,0,7380,7560,14710,10440
TXO,202703,20270317.0,56200.0,Call,-,-,-,-,940,-,-,0,0,0,6,900,970,1370,530
TXO,202703,20270317.0,56200.0,Put,-,-,-,-,7600,-,-,0,0,0,0,7540,7710,-,-
TXO,202703,20270317.0,56400.0,Call,-,-,-,-,905,-,-,0,0,0,12,865,935,1140,710
TXO,202703,20270317.0,56400.0,Put,-,-,-,-,7760,-,-,0,0,0,0,7690,7870,-,-
TXO,202703,20270317.0,56600.0,Call,-,-,-,-,870,-,-,0,0,0,7,830,900,1760,700
TXO,202703,20270317.0,56600.0,Put,-,-,-,-,7920,-,-,0,0,0,0,7860,8050,-,-
TXO,202703,20270317.0,56800.0,Call,-,-,-,-,835,-,-,0,0,0,2,795,865,1070,615
TXO,202703,20270317.0,56800.0,Put,-,-,-,-,8090,-,-,0,0,0,0,8030,8180,-,-
TXO,202703,20270317.0,57000.0,Call,-,-,-,-,805,-,-,0,0,0,16,760,825,2950,470
TXO,202703,20270317.0,57000.0,Put,-,-,-,-,8250,-,-,0,0,0,0,8170,8370,-,-
TXO,202703,20270317.0,57200.0,Call,-,-,-,-,770,-,-,0,0,0,17,730,795,3450,430
TXO,202703,20270317.0,57200.0,Put,-,-,-,-,8420,-,-,0,0,0,0,8340,8550,-,-
TXO,202703,20270317.0,57400.0,Call,-,-,-,-,740,-,-,0,0,0,222,705,765,3760,385
TXO,202703,20270317.0,57400.0,Put,-,-,-,-,8590,-,-,0,0,0,0,8530,8690,-,-
TXO,202703,20270317.0,57600.0,Call,-,-,-,-,710,-,-,0,0,0,0,675,735,-,-
TXO,202703,20270317.0,57600.0,Put,-,-,-,-,8760,-,-,0,0,0,0,8700,8860,-,-
TXO,202703,20270317.0,57800.0,Call,-,-,-,-,685,-,-,0,0,0,11,650,705,670,620
TXO,202703,20270317.0,57800.0,Put,-,-,-,-,8930,-,-,0,0,0,0,8870,9050,-,-
TXO,202703,20270317.0,58000.0,Call,-,-,-,-,655,-,-,0,0,0,0,625,680,-,-
TXO,202703,20270317.0,58000.0,Put,-,-,-,-,9100,-,-,0,0,0,0,9020,9210,-,-
TXO,202703,20270317.0,58200.0,Call,630,630,630,630,630,▲+15,▲+2.44%,0,5,5,5,600,650,630,630
TXO,202703,20270317.0,58200.0,Put,-,-,-,-,9270,-,-,0,0,0,0,9210,9380,-,-
TXO,202706,20270616.0,36600.0,Call,-,-,-,-,13640,-,-,0,0,0,1,13570,13890,12200,12200
TXO,202706,20270616.0,36600.0,Put,429,429,423,423,423,▲+11,▲+2.67%,1,2,3,33,403,444,715,365
TXO,202706,20270616.0,36800.0,Call,-,-,-,-,13460,-,-,0,0,0,0,13390,13700,-,-
TXO,202706,20270616.0,36800.0,Put,-,-,-,-,452,-,-,0,0,0,3,443,463,605,399
TXO,202706,20270616.0,37000.0,Call,-,-,-,-,13290,-,-,0,0,0,0,13200,13520,-,-
TXO,202706,20270616.0,37000.0,Put,465,465,465,465,465,▲+9,▲+1.97%,1,2,3,11,465,483,750,416
TXO,202706,20270616.0,37200.0,Call,-,-,-,-,13100,-,-,0,0,0,0,13030,13260,-,-
TXO,202706,20270616.0,37200.0,Put,-,-,-,-,481,-,-,0,0,0,5,460,505,715,715
TXO,202706,20270616.0,37400.0,Call,-,-,-,-,12920,-,-,0,0,0,0,12850,13090,-,-
TXO,202706,20270616.0,37400.0,Put,-,-,-,-,500,-,-,0,0,0,5,480,525,740,461
TXO,202706,20270616.0,37600.0,Call,-,-,-,-,12740,-,-,0,0,0,0,12670,12920,-,-
TXO,202706,20270616.0,37600.0,Put,-,-,-,-,520,-,-,0,0,0,9,500,545,755,479
TXO,202706,20270616.0,37800.0,Call,-,-,-,-,12560,-,-,0,0,0,0,12500,12730,-,-
TXO,202706,20270616.0,37800.0,Put,-,-,-,-,540,-,-,0,0,0,7,520,565,800,625
TXO,202706,20270616.0,38000.0,Call,-,-,-,-,12390,-,-,0,0,0,0,12320,12560,-,-
TXO,202706,20270616.0,38000.0,Put,-,-,-,-,565,-,-,0,0,0,18,545,590,715,496
TXO,202706,20270616.0,38200.0,Call,-,-,-,-,12220,-,-,0,0,0,0,12150,12390,-,-
TXO,202706,20270616.0,38200.0,Put,-,-,-,-,595,-,-,0,0,0,11,575,615,670,505
TXO,202706,20270616.0,38400.0,Call,-,-,-,-,12050,-,-,0,0,0,0,11980,12200,-,-
TXO,202706,20270616.0,38400.0,Put,-,-,-,-,620,-,-,0,0,0,20,600,640,695,555
TXO,202706,20270616.0,38600.0,Call,-,-,-,-,11880,-,-,0,0,0,0,11810,12040,-,-
TXO,202706,20270616.0,38600.0,Put,-,-,-,-,645,-,-,0,0,0,17,625,670,720,585
TXO,202706,20270616.0,38800.0,Call,-,-,-,-,11710,-,-,0,0,0,0,11630,11870,-,-
TXO,202706,20270616.0,38800.0,Put,-,-,-,-,670,-,-,0,0,0,15,650,695,1020,605
TXO,202706,20270616.0,39000.0,Call,-,-,-,-,11540,-,-,0,0,0,0,11460,11700,-,-
TXO,202706,20270616.0,39000.0,Put,-,-,-,-,700,-,-,1,0,1,4,680,725,815,635
TXO,202706,20270616.0,39200.0,Call,-,-,-,-,11370,-,-,0,0,0,0,11300,11540,-,-
TXO,202706,20270616.0,39200.0,Put,-,-,-,-,730,-,-,0,0,0,1,705,755,695,695
TXO,202706,20270616.0,39400.0,Call,-,-,-,-,11200,-,-,0,0,0,0,11120,11370,-,-
TXO,202706,20270616.0,39400.0,Put,-,-,-,-,760,-,-,0,0,0,7,735,785,810,715
TXO,202706,20270616.0,39600.0,Call,-,-,-,-,11040,-,-,0,0,0,0,10960,11180,-,-
TXO,202706,20270616.0,39600.0,Put,-,-,-,-,790,-,-,0,0,0,10,765,815,835,670
TXO,202706,20270616.0,39800.0,Call,-,-,-,-,10870,-,-,0,0,0,0,10790,11040,-,-
TXO,202706,20270616.0,39800.0,Put,-,-,-,-,820,-,-,0,0,0,13,795,845,900,700
TXO,202706,20270616.0,40000.0,Call,-,-,-,-,10710,-,-,0,0,0,1,10630,10860,10660,10660
TXO,202706,20270616.0,40000.0,Put,-,-,-,-,855,-,-,0,0,0,2,830,880,980,780
TXO,202706,20270616.0,40200.0,Call,-,-,-,-,10540,-,-,0,0,0,0,10460,10690,-,-
TXO,202706,20270616.0,40200.0,Put,-,-,-,-,885,-,-,0,0,0,0,860,915,-,-
TXO,202706,20270616.0,40400.0,Call,-,-,-,-,10380,-,-,0,0,0,0,10300,10540,-,-
TXO,202706,20270616.0,40400.0,Put,-,-,-,-,920,-,-,0,0,0,0,895,950,-,-
TXO,202706,20270616.0,40600.0,Call,-,-,-,-,10220,-,-,0,0,0,0,10140,10370,-,-
TXO,202706,20270616.0,40600.0,Put,-,-,-,-,955,-,-,1,0,1,2,930,985,1030,990
TXO,202706,20270616.0,40800.0,Call,-,-,-,-,10060,-,-,0,0,0,0,9980,10210,-,-
TXO,202706,20270616.0,40800.0,Put,-,-,-,-,995,-,-,0,0,0,1,970,1020,1020,1020
TXO,202706,20270616.0,41000.0,Call,-,-,-,-,9890,-,-,0,0,0,2,9810,10060,9900,8750
TXO,202706,20270616.0,41000.0,Put,-,-,-,-,1030,-,-,0,0,0,1,1000,1060,1460,1460
TXO,202706,20270616.0,41200.0,Call,-,-,-,-,9740,-,-,0,0,0,0,9660,9860,-,-
TXO,202706,20270616.0,41200.0,Put,-,-,-,-,1070,-,-,0,0,0,1,1040,1100,1150,1150
TXO,202706,20270616.0,41400.0,Call,-,-,-,-,9580,-,-,0,0,0,0,9500,9730,-,-
TXO,202706,20270616.0,41400.0,Put,-,-,-,-,1110,-,-,0,0,0,0,1080,1140,-,-
TXO,202706,20270616.0,41600.0,Call,-,-,-,-,9420,-,-,0,0,0,0,9340,9550,-,-
TXO,202706,20270616.0,41600.0,Put,-,-,-,-,1150,-,-,0,0,0,2,1120,1180,1220,1220
TXO,202706,20270616.0,41800.0,Call,-,-,-,-,9270,-,-,0,0,0,0,9190,9410,-,-
TXO,202706,20270616.0,41800.0,Put,-,-,-,-,1190,-,-,0,0,0,4,1160,1230,1700,1230
TXO,202706,20270616.0,42000.0,Call,-,-,-,-,9120,-,-,0,0,0,1,9040,9240,9050,9050
TXO,202706,20270616.0,42000.0,Put,-,-,-,-,1240,-,-,0,0,0,2,1210,1270,1760,1220
TXO,202706,20270616.0,42200.0,Call,-,-,-,-,8970,-,-,0,0,0,0,8880,9110,-,-
TXO,202706,20270616.0,42200.0,Put,-,-,-,-,1280,-,-,0,0,0,0,1250,1320,-,-
TXO,202706,20270616.0,42400.0,Call,-,-,-,-,8820,-,-,0,0,0,0,8750,8960,-,-
TXO,202706,20270616.0,42400.0,Put,-,-,-,-,1330,-,-,0,0,0,0,1300,1370,-,-
TXO,202706,20270616.0,42600.0,Call,-,-,-,-,8660,-,-,0,0,0,0,8600,8800,-,-
TXO,202706,20270616.0,42600.0,Put,-,-,-,-,1370,-,-,0,0,0,0,1340,1410,-,-
TXO,202706,20270616.0,42800.0,Call,-,-,-,-,8510,-,-,0,0,0,0,8430,8630,-,-
TXO,202706,20270616.0,42800.0,Put,-,-,-,-,1420,-,-,0,0,0,0,1390,1460,-,-
TXO,202706,20270616.0,43000.0,Call,-,-,-,-,8370,-,-,0,0,0,1,8290,8490,7280,7280
TXO,202706,20270616.0,43000.0,Put,-,-,-,-,1470,-,-,0,0,0,4,1440,1510,1770,1640
TXO,202706,20270616.0,43200.0,Call,-,-,-,-,8220,-,-,0,0,0,0,8160,8350,-,-
TXO,202706,20270616.0,43200.0,Put,-,-,-,-,1530,-,-,0,0,0,0,1490,1570,-,-
TXO,202706,20270616.0,43400.0,Call,-,-,-,-,8080,-,-,0,0,0,0,7990,8170,-,-
TXO,202706,20270616.0,43400.0,Put,-,-,-,-,1580,-,-,0,0,0,2,1540,1620,1870,1870
TXO,202706,20270616.0,43600.0,Call,-,-,-,-,7930,-,-,0,0,0,0,7850,8060,-,-
TXO,202706,20270616.0,43600.0,Put,-,-,-,-,1630,-,-,0,0,0,2,1600,1670,1930,1930
TXO,202706,20270616.0,43800.0,Call,-,-,-,-,7790,-,-,0,0,0,0,7710,7900,-,-
TXO,202706,20270616.0,43800.0,Put,-,-,-,-,1690,-,-,0,0,0,0,1650,1730,-,-
TXO,202706,20270616.0,44000.0,Call,-,-,-,-,7650,-,-,0,0,0,1,7590,7780,6350,6350
TXO,202706,20270616.0,44000.0,Put,-,-,-,-,1740,-,-,0,0,0,2,1710,1780,2070,2070
TXO,202706,20270616.0,44200.0,Call,-,-,-,-,7510,-,-,0,0,0,0,7450,7610,-,-
TXO,202706,20270616.0,44200.0,Put,-,-,-,-,1800,-,-,0,0,0,0,1770,1840,-,-
TXO,202706,20270616.0,44400.0,Call,-,-,-,-,7370,-,-,0,0,0,0,7310,7490,-,-
TXO,202706,20270616.0,44400.0,Put,-,-,-,-,1860,-,-,0,0,0,4,1820,1900,2510,2050
TXO,202706,20270616.0,44600.0,Call,-,-,-,-,7230,-,-,0,0,0,0,7170,7350,-,-
TXO,202706,20270616.0,44600.0,Put,-,-,-,-,1920,-,-,0,0,0,5,1880,1960,2580,2510
TXO,202706,20270616.0,44800.0,Call,-,-,-,-,7100,-,-,0,0,0,0,7010,7190,-,-
TXO,202706,20270616.0,44800.0,Put,-,-,-,-,1980,-,-,0,0,0,2,1940,2020,2650,2570
TXO,202706,20270616.0,45000.0,Call,-,-,-,-,6960,-,-,0,0,0,1,6880,7080,6920,6920
TXO,202706,20270616.0,45000.0,Put,-,-,-,-,2040,-,-,0,0,0,3,2010,2080,2600,1890
TXO,202706,20270616.0,45200.0,Call,-,-,-,-,6830,-,-,0,0,0,0,6770,6920,-,-
TXO,202706,20270616.0,45200.0,Put,-,-,-,-,2110,-,-,0,0,0,0,2070,2150,-,-
TXO,202706,20270616.0,45400.0,Call,-,-,-,-,6700,-,-,0,0,0,0,6620,6800,-,-
TXO,202706,20270616.0,45400.0,Put,-,-,-,-,2170,-,-,0,0,0,0,2130,2220,-,-
TXO,202706,20270616.0,45600.0,Call,-,-,-,-,6570,-,-,0,0,0,0,6500,6650,-,-
TXO,202706,20270616.0,45600.0,Put,-,-,-,-,2240,-,-,0,0,0,0,2200,2290,-,-
TXO,202706,20270616.0,45800.0,Call,-,-,-,-,6440,-,-,0,0,0,0,6360,6540,-,-
TXO,202706,20270616.0,45800.0,Put,-,-,-,-,2310,-,-,0,0,0,0,2270,2360,-,-
TXO,202706,20270616.0,46000.0,Call,-,-,-,-,6320,-,-,0,0,0,1,6260,6450,5350,5350
TXO,202706,20270616.0,46000.0,Put,-,-,-,-,2380,-,-,0,0,0,5,2340,2430,2580,2210
TXO,202706,20270616.0,46200.0,Call,-,-,-,-,6190,-,-,0,0,0,1,6130,6300,5750,4710
TXO,202706,20270616.0,46200.0,Put,-,-,-,-,2450,-,-,0,0,0,0,2410,2500,-,-
TXO,202706,20270616.0,46400.0,Call,-,-,-,-,6060,-,-,0,0,0,0,6000,6180,-,-
TXO,202706,20270616.0,46400.0,Put,-,-,-,-,2520,-,-,0,0,0,0,2480,2570,-,-
TXO,202706,20270616.0,46600.0,Call,-,-,-,-,5930,-,-,0,0,0,0,5880,6050,-,-
TXO,202706,20270616.0,46600.0,Put,-,-,-,-,2590,-,-,0,0,0,0,2550,2640,-,-
TXO,202706,20270616.0,46800.0,Call,-,-,-,-,5820,-,-,0,0,0,0,5760,5920,-,-
TXO,202706,20270616.0,46800.0,Put,-,-,-,-,2670,-,-,0,0,0,0,2630,2720,-,-
TXO,202706,20270616.0,47000.0,Call,-,-,-,-,5700,-,-,0,0,0,0,5640,5800,-,-
TXO,202706,20270616.0,47000.0,Put,-,-,-,-,2750,-,-,0,0,0,70,2710,2800,3280,2720
TXO,202706,20270616.0,47200.0,Call,-,-,-,-,5570,-,-,0,0,0,0,5520,5680,-,-
TXO,202706,20270616.0,47200.0,Put,-,-,-,-,2820,-,-,0,0,0,0,2780,2870,-,-
TXO,202706,20270616.0,47400.0,Call,-,-,-,-,5450,-,-,0,0,0,0,5400,5560,-,-
TXO,202706,20270616.0,47400.0,Put,-,-,-,-,2900,-,-,0,0,0,0,2860,2950,3280,3210
TXO,202706,20270616.0,47600.0,Call,-,-,-,-,5340,-,-,0,0,0,0,5280,5440,-,-
TXO,202706,20270616.0,47600.0,Put,-,-,-,-,2980,-,-,0,0,0,0,2940,3030,-,-
TXO,202706,20270616.0,47800.0,Call,-,-,-,-,5220,-,-,0,0,0,0,5170,5320,-,-
TXO,202706,20270616.0,47800.0,Put,-,-,-,-,3060,-,-,0,0,0,0,3020,3120,-,-
TXO,202706,20270616.0,48000.0,Call,-,-,-,-,5110,-,-,0,0,0,1,5070,5210,5100,4200
TXO,202706,20270616.0,48000.0,Put,-,-,-,-,3150,-,-,0,0,0,22,3110,3200,3460,3270
TXO,202706,20270616.0,48200.0,Call,-,-,-,-,5000,-,-,0,0,0,0,4940,5100,-,-
TXO,202706,20270616.0,48200.0,Put,-,-,-,-,3240,-,-,0,0,0,0,3180,3290,-,-
TXO,202706,20270616.0,48400.0,Call,-,-,-,-,4890,-,-,0,0,0,0,4830,4980,-,-
TXO,202706,20270616.0,48400.0,Put,-,-,-,-,3320,-,-,2,0,2,4,3280,3380,3520,3060
TXO,202706,20270616.0,48600.0,Call,-,-,-,-,4770,-,-,0,0,0,0,4720,4870,-,-
TXO,202706,20270616.0,48600.0,Put,-,-,-,-,3400,-,-,0,0,0,1,3360,3450,3200,3200
TXO,202706,20270616.0,48800.0,Call,-,-,-,-,4670,-,-,0,0,0,0,4610,4760,-,-
TXO,202706,20270616.0,48800.0,Put,-,-,-,-,3490,-,-,0,0,0,0,3450,3550,-,-
TXO,202706,20270616.0,49000.0,Call,4660,4660,4660,4660,4560,▲+70,▲+1.53%,0,3,3,34,4520,4650,4660,3520
TXO,202706,20270616.0,49000.0,Put,-,-,-,-,3580,-,-,0,0,0,7,3540,3630,4200,3430
TXO,202706,20270616.0,49200.0,Call,-,-,-,-,4460,-,-,0,0,0,0,4400,4550,-,-
TXO,202706,20270616.0,49200.0,Put,-,-,-,-,3680,-,-,0,0,0,0,3630,3740,-,-
TXO,202706,20270616.0,49400.0,Call,-,-,-,-,4360,-,-,0,0,0,0,4300,4440,-,-
TXO,202706,20270616.0,49400.0,Put,-,-,-,-,3780,-,-,0,0,0,0,3720,3830,-,-
TXO,202706,20270616.0,49600.0,Call,-,-,-,-,4270,-,-,0,0,0,0,4200,4340,-,-
TXO,202706,20270616.0,49600.0,Put,-,-,-,-,3880,-,-,0,0,0,0,3820,3930,-,-
TXO,202706,20270616.0,49800.0,Call,-,-,-,-,4170,-,-,0,0,0,15,4110,4240,4010,3920
TXO,202706,20270616.0,49800.0,Put,-,-,-,-,3990,-,-,0,0,0,0,3920,4030,-,-
TXO,202706,20270616.0,50000.0,Call,-,-,-,-,4080,-,-,0,0,0,58,4010,4140,3980,3520
TXO,202706,20270616.0,50000.0,Put,-,-,-,-,4090,-,-,0,0,0,12,4020,4110,4170,3940
TXO,202706,20270616.0,50200.0,Call,-,-,-,-,3990,-,-,0,0,0,22,3920,4040,3930,3730
TXO,202706,20270616.0,50200.0,Put,-,-,-,-,4190,-,-,0,0,0,0,4120,4230,5160,4260
TXO,202706,20270616.0,50400.0,Call,-,-,-,-,3890,-,-,0,0,0,24,3820,3940,3810,2910
TXO,202706,20270616.0,50400.0,Put,-,-,-,-,4290,-,-,0,0,0,0,4220,4340,-,-
TXO,202706,20270616.0,50600.0,Call,-,-,-,-,3800,-,-,0,0,0,0,3720,3850,3620,3550
TXO,202706,20270616.0,50600.0,Put,-,-,-,-,4400,-,-,0,0,0,0,4320,4440,-,-
TXO,202706,20270616.0,50800.0,Call,-,-,-,-,3710,-,-,0,0,0,8,3640,3760,3650,3530
TXO,202706,20270616.0,50800.0,Put,-,-,-,-,4510,-,-,0,0,0,0,4430,4550,-,-
TXO,202706,20270616.0,51000.0,Call,-,-,-,-,3610,-,-,0,0,0,0,3540,3660,-,-
TXO,202706,20270616.0,51000.0,Put,-,-,-,-,4600,-,-,0,0,0,4,4530,4630,4800,4800
TXO,202706,20270616.0,51200.0,Call,-,-,-,-,3520,-,-,0,0,0,0,3450,3580,-,-
TXO,202706,20270616.0,51200.0,Put,-,-,-,-,4720,-,-,0,0,0,0,4640,4770,-,-
TXO,202706,20270616.0,51400.0,Call,-,-,-,-,3430,-,-,0,0,0,0,3370,3480,-,-
TXO,202706,20270616.0,51400.0,Put,-,-,-,-,4820,-,-,0,0,0,0,4750,4880,-,-
TXO,202706,20270616.0,51600.0,Call,-,-,-,-,3350,-,-,0,0,0,0,3280,3400,-,-
TXO,202706,20270616.0,51600.0,Put,-,-,-,-,4930,-,-,0,0,0,0,4860,4990,-,-
TXO,202706,20270616.0,51800.0,Call,-,-,-,-,3270,-,-,0,0,0,0,3200,3310,-,-
TXO,202706,20270616.0,51800.0,Put,-,-,-,-,5050,-,-,0,0,0,0,4980,5110,-,-
TXO,202706,20270616.0,52000.0,Call,-,-,-,-,3190,-,-,0,0,0,1,3120,3240,2650,2650
TXO,202706,20270616.0,52000.0,Put,-,-,-,-,5170,-,-,0,0,0,0,5090,5230,-,-
TXO,202706,20270616.0,52200.0,Call,-,-,-,-,3110,-,-,0,0,0,1,3040,3160,2580,2580
TXO,202706,20270616.0,52200.0,Put,-,-,-,-,5290,-,-,0,0,0,0,5210,5350,-,-
TXO,202706,20270616.0,52400.0,Call,-,-,-,-,3030,-,-,0,0,0,1,2960,3050,2040,2040
TXO,202706,20270616.0,52400.0,Put,-,-,-,-,5400,-,-,0,0,0,0,5330,5470,-,-
TXO,202706,20270616.0,52600.0,Call,-,-,-,-,2950,-,-,0,0,0,0,2880,3000,-,-
TXO,202706,20270616.0,52600.0,Put,-,-,-,-,5520,-,-,0,0,0,0,5450,5590,-,-
TXO,202706,20270616.0,52800.0,Call,-,-,-,-,2870,-,-,0,0,0,0,2810,2910,-,-
TXO,202706,20270616.0,52800.0,Put,-,-,-,-,5640,-,-,0,0,0,0,5570,5710,-,-
TXO,202706,20270616.0,53000.0,Call,2760,2760,2760,2760,2790,▼-50,▼-1.78%,0,1,1,3,2730,2830,2760,1920
TXO,202706,20270616.0,53000.0,Put,-,-,-,-,5760,-,-,0,0,0,0,5690,5840,-,-
TXO,202706,20270616.0,53200.0,Call,-,-,-,-,2720,-,-,0,0,0,0,2660,2770,-,-
TXO,202706,20270616.0,53200.0,Put,-,-,-,-,5890,-,-,0,0,0,0,5810,5960,-,-
TXO,202706,20270616.0,53400.0,Call,-,-,-,-,2650,-,-,0,0,0,0,2590,2700,-,-
TXO,202706,20270616.0,53400.0,Put,-,-,-,-,6010,-,-,0,0,0,0,5940,6090,-,-
TXO,202706,20270616.0,53600.0,Call,-,-,-,-,2580,-,-,0,0,0,0,2520,2630,-,-
TXO,202706,20270616.0,53600.0,Put,-,-,-,-,6140,-,-,0,0,0,0,6070,6220,-,-
TXO,202706,20270616.0,53800.0,Call,-,-,-,-,2510,-,-,0,0,0,0,2450,2560,-,-
TXO,202706,20270616.0,53800.0,Put,-,-,-,-,6270,-,-,0,0,0,0,6200,6350,-,-
TXO,202706,20270616.0,54000.0,Call,-,-,-,-,2450,-,-,0,0,0,0,2390,2490,-,-
TXO,202706,20270616.0,54000.0,Put,-,-,-,-,6400,-,-,0,0,0,0,6330,6490,-,-
TXO,202706,20270616.0,54200.0,Call,-,-,-,-,2380,-,-,0,0,0,0,2320,2430,-,-
TXO,202706,20270616.0,54200.0,Put,-,-,-,-,6530,-,-,0,0,0,0,6470,6640,-,-
TXO,202706,20270616.0,54400.0,Call,-,-,-,-,2320,-,-,0,0,0,0,2260,2360,-,-
TXO,202706,20270616.0,54400.0,Put,-,-,-,-,6660,-,-,0,0,0,0,6610,6770,-,-
TXO,202706,20270616.0,54600.0,Call,-,-,-,-,2250,-,-,0,0,0,0,2200,2290,-,-
TXO,202706,20270616.0,54600.0,Put,-,-,-,-,6800,-,-,0,0,0,0,6740,6910,-,-
TXO,202706,20270616.0,54800.0,Call,-,-,-,-,2190,-,-,0,0,0,0,2140,2230,-,-
TXO,202706,20270616.0,54800.0,Put,-,-,-,-,6930,-,-,0,0,0,0,6880,7050,-,-
TXO,202706,20270616.0,55000.0,Call,-,-,-,-,2130,-,-,0,0,0,13,2080,2160,1800,1360
TXO,202706,20270616.0,55000.0,Put,-,-,-,-,7070,-,-,0,0,0,0,7020,7190,-,-
TXO,202706,20270616.0,55200.0,Call,-,-,-,-,2080,-,-,0,0,0,22,2030,2100,1850,1280
TXO,202706,20270616.0,55200.0,Put,-,-,-,-,7210,-,-,0,0,0,0,7150,7330,-,-
TXO,202706,20270616.0,55400.0,Call,-,-,-,-,2020,-,-,0,0,0,0,1970,2060,-,-
TXO,202706,20270616.0,55400.0,Put,-,-,-,-,7360,-,-,0,0,0,0,7290,7480,-,-
TXO,202706,20270616.0,55600.0,Call,-,-,-,-,1960,-,-,0,0,0,16,1920,1990,1950,1230
TXO,202706,20270616.0,55600.0,Put,-,-,-,-,7500,-,-,0,0,0,0,7440,7620,-,-
TXO,202706,20270616.0,55800.0,Call,-,-,-,-,1910,-,-,0,0,0,1,1860,1950,1600,1600
TXO,202706,20270616.0,55800.0,Put,-,-,-,-,7640,-,-,0,0,0,0,7580,7770,-,-
TXO,202706,20270616.0,56000.0,Call,-,-,-,-,1850,-,-,0,0,0,4,1810,1890,1730,1470
TXO,202706,20270616.0,56000.0,Put,-,-,-,-,7780,-,-,0,0,0,0,7720,7910,-,-
TXO,202706,20270616.0,56200.0,Call,-,-,-,-,1800,-,-,0,0,0,2,1760,1840,1520,1440
TXO,202706,20270616.0,56200.0,Put,-,-,-,-,7930,-,-,0,0,0,0,7860,8070,-,-
TXO,202706,20270616.0,56400.0,Call,-,-,-,-,1750,-,-,0,0,0,1,1710,1790,1430,1430
TXO,202706,20270616.0,56400.0,Put,-,-,-,-,8080,-,-,0,0,0,0,8010,8220,-,-
TXO,202706,20270616.0,56600.0,Call,-,-,-,-,1700,-,-,0,0,0,2,1660,1730,1460,1350
TXO,202706,20270616.0,56600.0,Put,-,-,-,-,8220,-,-,0,0,0,0,8160,8340,-,-
TXO,202706,20270616.0,56800.0,Call,-,-,-,-,1650,-,-,0,0,0,12,1610,1690,1600,1090
TXO,202706,20270616.0,56800.0,Put,-,-,-,-,8370,-,-,0,0,0,0,8290,8460,-,-
TXO,202706,20270616.0,57000.0,Call,-,-,-,-,1610,-,-,0,0,0,0,1570,1640,-,-
TXO,202706,20270616.0,57000.0,Put,-,-,-,-,8520,-,-,0,0,0,0,8440,8620,-,-
TXO,202706,20270616.0,57200.0,Call,-,-,-,-,1560,-,-,0,0,0,0,1520,1600,-,-
TXO,202706,20270616.0,57200.0,Put,-,-,-,-,8680,-,-,0,0,0,0,8610,8770,-,-
TXO,202706,20270616.0,57400.0,Call,-,-,-,-,1510,-,-,0,0,0,12,1470,1550,1490,1160
TXO,202706,20270616.0,57400.0,Put,-,-,-,-,8820,-,-,0,0,0,0,8770,8950,-,-
TXO,202706,20270616.0,57600.0,Call,-,-,-,-,1470,-,-,0,0,0,2,1430,1510,1410,1330
TXO,202706,20270616.0,57600.0,Put,-,-,-,-,8980,-,-,0,0,0,0,8900,9080,-,-
TXO,202706,20270616.0,57800.0,Call,-,-,-,-,1430,-,-,0,0,0,35,1390,1470,1430,1280
TXO,202706,20270616.0,57800.0,Put,-,-,-,-,9140,-,-,0,0,0,0,9080,9240,-,-
TXO,202706,20270616.0,58000.0,Call,1430,1430,1430,1430,1410,▲+40,▲+2.88%,0,1,1,1,1350,1430,1430,1430
TXO,202706,20270616.0,58000.0,Put,-,-,-,-,9310,-,-,0,0,0,0,9210,9410,-,-
TXO,202706,20270616.0,58200.0,Call,1400,1400,1390,1390,1390,▲+70,▲+5.30%,0,4,4,4,1310,1390,1400,1390
TXO,202706,20270616.0,58200.0,Put,-,-,-,-,9490,-,-,0,0,0,0,9370,9560,-,-
