排名,代號,名稱,市 場,股價 日期,K 線,成交,漲跌 價,漲跌 幅,成交 張數,成交額 (百萬),昨收,開盤,最高,最低,振幅 (%),PER,PBR,1個月 走勢圖,3個月 走勢圖,1年 走勢圖,3年 走勢圖,10年 走勢圖
1,5274,信驊,櫃,10/01,,19040.0,290.0,1.55,126,2397.0,18750.0,18755.0,19330.0,18740.0,3.15,140.0,92.38,,,,,
2,2059,川湖,市,10/01,,11835.0,-220.0,-1.82,339,4033.0,12055.0,12270.0,12270.0,11760.0,4.23,65.2,33.41,,,,,
3,3443,創意,市,10/01,,7900.0,-140.0,-1.74,718,5652.0,8040.0,8040.0,8100.0,7730.0,4.6,203.0,78.62,,,,,
4,3653,健策,市,10/01,,6875.0,75.0,1.1,617,4192.0,6800.0,6720.0,6895.0,6665.0,3.38,155.0,42.78,,,,,
5,3008,大立光,市,10/01,,6205.0,260.0,4.37,2313,13870.0,5945.0,5950.0,6225.0,5740.0,8.16,33.1,4.24,,,,,
6,6515,穎崴,市,10/01,,5770.0,-160.0,-2.7,437,2566.0,5930.0,6025.0,6060.0,5755.0,5.14,92.9,24.39,,,,,
7,7769,鴻勁,市,10/01,,5490.0,-15.0,-0.27,487,2681.0,5505.0,5570.0,5650.0,5435.0,3.91,56.7,17.39,,,,,
8,6223,旺矽,櫃,10/01,,5030.0,-95.0,-1.85,1122,5656.0,5125.0,5130.0,5185.0,4995.0,3.71,108.0,30.99,,,,,
9,2454,聯發科,市,10/01,,4980.0,60.0,1.22,4378,21571.0,4920.0,4875.0,4980.0,4875.0,2.13,82.1,18.74,,,,,
10,2383,台光電,市,10/01,,4975.0,40.0,0.81,1363,6698.0,4935.0,4950.0,4975.0,4855.0,2.43,77.8,30.56,,,,,
11,7856,漢測,櫃,10/01,,4300.0,50.0,1.18,537,2324.0,4250.0,4240.0,4470.0,4115.0,8.35,,64.14,,,,,
12,3661,世芯-KY,市,10/01,,3765.0,25.0,0.67,953,3595.0,3740.0,3770.0,3820.0,3735.0,2.27,52.3,5.38,,,,,
13,3017,奇鋐,市,10/01,,3510.0,75.0,2.18,3303,11338.0,3435.0,3435.0,3520.0,3300.0,6.4,46.8,24.97,,,,,
14,3529,力旺,櫃,10/01,,3245.0,-60.0,-1.82,1121,3669.0,3305.0,3305.0,3345.0,3215.0,3.93,109.0,69.49,,,,,
15,6510,精測,櫃,10/01,,3000.0,-65.0,-2.12,1063,3223.0,3065.0,3065.0,3155.0,2960.0,6.36,70.6,9.76,,,,,
16,7734,印能科技,櫃,10/01,,2795.0,130.0,4.88,413,1159.0,2665.0,2705.0,2900.0,2680.0,8.26,58.4,11.59,,,,,
17,3081,聯亞,櫃,10/01,,2660.0,-35.0,-1.3,1922,5094.0,2695.0,2690.0,2720.0,2605.0,4.27,251.0,52.15,,,,,
18,3665,貿聯-KY,市,10/01,,2555.0,-40.0,-1.54,3056,7846.0,2595.0,2595.0,2625.0,2510.0,4.43,46.9,10.06,,,,,
19,2330,台積電,市,10/01,,2510.0,30.0,1.21,20666,51702.0,2480.0,2490.0,2510.0,2485.0,1.01,29.1,10.12,,,,,
20,6805,富世達,市,10/01,,2390.0,-65.0,-2.65,2121,5072.0,2455.0,2475.0,2510.0,2335.0,7.13,51.1,19.61,,,,,
21,3131,弘塑,櫃,10/01,,2380.0,-145.0,-5.74,681,1641.0,2525.0,2500.0,2530.0,2370.0,6.34,41.5,21.65,,,,,
22,6669,緯穎,市,10/01,,2110.0,20.0,0.96,1259,2649.0,2090.0,2095.0,2115.0,2095.0,0.96,6.73,2.87,,,,,
23,8299,群聯,櫃,10/01,,2110.0,-40.0,-1.86,1963,4163.0,2150.0,2165.0,2165.0,2105.0,2.79,9.66,4.57,,,,,
24,2360,致茂,市,10/01,,2080.0,-55.0,-2.58,2620,5427.0,2135.0,2125.0,2150.0,2025.0,5.85,52.9,26.71,,,,,
25,2308,台達電,市,10/01,,1905.0,15.0,0.79,6120,11587.0,1890.0,1925.0,1935.0,1860.0,3.97,60.6,16.85,,,,,
26,2345,智邦,市,10/01,,1900.0,125.0,7.04,5872,10987.0,1775.0,1795.0,1910.0,1785.0,7.04,29.9,15.38,,,,,
27,7750,新代,市,10/01,,1895.0,-20.0,-1.04,97,185.0,1915.0,1940.0,1940.0,1890.0,2.61,31.7,10.11,,,,,
28,7828,創新服務,櫃,10/01,,1875.0,-10.0,-0.53,150,282.0,1885.0,1920.0,1940.0,1865.0,3.98,179.0,14.69,,,,,
29,3533,嘉澤,市,10/01,,1855.0,85.0,4.8,2677,4851.0,1770.0,1780.0,1865.0,1760.0,5.93,22.6,5.09,,,,,
30,7610,聯友金屬-創,市,10/01,,1780.0,45.0,2.59,527,928.0,1735.0,1730.0,1820.0,1705.0,6.63,61.0,27.75,,,,,
31,7751,竑騰,櫃,10/01,,1630.0,5.0,0.31,111,179.0,1625.0,1615.0,1650.0,1570.0,4.92,63.2,18.57,,,,,
32,6683,雍智科技,櫃,10/01,,1575.0,-15.0,-0.94,1039,1653.0,1590.0,1600.0,1640.0,1550.0,5.66,69.5,15.35,,,,,
33,8996,高力,市,10/01,,1565.0,-40.0,-2.49,5416,8386.0,1605.0,1515.0,1600.0,1470.0,8.1,105.0,28.42,,,,,
34,6274,台燿,櫃,10/01,,1535.0,15.0,0.99,4683,7128.0,1520.0,1530.0,1540.0,1500.0,2.63,78.4,19.02,,,,,
35,3324,雙鴻,櫃,10/01,,1525.0,-5.0,-0.33,3095,4672.0,1530.0,1530.0,1535.0,1480.0,3.59,35.0,10.7,,,,,
36,3491,昇達科,櫃,10/01,,1490.0,-10.0,-0.67,740,1096.0,1500.0,1510.0,1510.0,1450.0,4.0,119.0,22.58,,,,,
37,6442,光聖,市,10/01,,1480.0,-10.0,-0.67,1020,1512.0,1490.0,1500.0,1515.0,1465.0,3.36,42.1,8.89,,,,,
38,5269,祥碩,市,10/01,,1475.0,15.0,1.03,208,306.0,1460.0,1465.0,1480.0,1455.0,1.71,15.8,3.05,,,,,
39,8046,南電,市,10/01,,1420.0,80.0,5.97,19869,28112.0,1340.0,1390.0,1450.0,1370.0,5.97,167.0,18.63,,,,,
40,2404,漢唐,市,10/01,,1305.0,15.0,1.16,1828,2375.0,1290.0,1280.0,1315.0,1270.0,3.49,19.7,13.76,,,,,
41,5289,宜鼎,櫃,10/01,,1290.0,0.0,0.0,488,629.0,1290.0,1295.0,1295.0,1280.0,1.16,7.07,5.34,,,,,
42,6187,萬潤,櫃,10/01,,1275.0,-35.0,-2.67,1700,2173.0,1310.0,1300.0,1325.0,1260.0,4.96,65.1,14.57,,,,,
43,3037,欣興,市,10/01,,1215.0,40.0,3.4,15498,18588.0,1175.0,1195.0,1230.0,1170.0,5.11,78.9,15.6,,,,,
44,1590,亞德客-KY,市,10/01,,1185.0,-15.0,-1.25,668,792.0,1200.0,1195.0,1200.0,1175.0,2.08,22.8,4.32,,,,,
45,6446,藥華藥,市,10/01,,1170.0,-45.0,-3.7,2507,2973.0,1215.0,1235.0,1240.0,1165.0,6.17,63.2,11.87,,,,,
46,6640,均華,櫃,10/01,,1110.0,70.0,6.73,719,811.0,1040.0,1075.0,1140.0,1075.0,6.25,65.0,6.19,,,,,
47,6739,竹陞科技,櫃,10/01,,1105.0,-30.0,-2.64,154,171.0,1135.0,1130.0,1140.0,1100.0,3.52,46.7,24.99,,,,,
48,2368,金像電,市,10/01,,1095.0,-25.0,-2.23,9077,9997.0,1120.0,1120.0,1125.0,1085.0,3.57,38.8,13.44,,,,,
49,6488,環球晶,櫃,10/01,,1085.0,50.0,4.83,24330,26580.0,1035.0,1055.0,1135.0,1045.0,8.7,52.7,5.36,,,,,
50,6781,AES-KY,市,10/01,,1025.0,5.0,0.49,174,177.0,1020.0,1020.0,1025.0,1010.0,1.47,24.2,4.95,,,,,
51,3189,景碩,市,10/01,,1010.0,40.0,4.12,32224,32117.0,970.0,976.0,1020.0,964.0,5.77,177.0,11.97,,,,,
52,1560,中砂,市,10/01,,1000.0,37.0,3.84,1593,1574.0,963.0,963.0,1015.0,963.0,5.4,84.3,16.5,,,,,
53,7822,倍利科,市,10/01,,1000.0,2.0,0.2,296,296.0,998.0,1000.0,1020.0,979.0,4.11,54.1,7.56,,,,,
54,3167,大量,市,10/01,,975.0,88.0,9.92,9022,8573.0,887.0,908.0,975.0,908.0,7.55,68.1,20.33,,,,,
55,2357,華碩,市,10/01,,965.0,4.0,0.42,1566,1514.0,961.0,961.0,971.0,960.0,1.14,14.1,2.38,,,,,
56,5536,聖暉*,櫃,10/01,,959.0,40.0,4.35,2144,2046.0,919.0,929.0,970.0,919.0,5.55,24.0,7.16,,,,,
57,3406,玉晶光,市,10/01,,950.0,60.0,6.74,6291,5824.0,890.0,885.0,973.0,871.0,11.5,25.7,3.96,,,,,
58,6531,愛普*,市,10/01,,933.0,6.0,0.65,1859,1722.0,927.0,931.0,937.0,914.0,2.48,53.7,12.11,,,,,
59,6409,旭隼,市,10/01,,891.0,-16.0,-1.76,175,156.0,907.0,907.0,907.0,889.0,1.98,34.3,9.89,,,,,
60,3026,禾伸堂,市,10/01,,852.0,61.0,7.71,18518,15485.0,791.0,796.0,870.0,796.0,9.36,83.1,13.68,,,,,
61,8210,勤誠,市,10/01,,845.0,9.0,1.08,2064,1719.0,836.0,841.0,846.0,822.0,2.87,22.0,8.49,,,,,
62,6526,達發,市,10/01,,829.0,-11.0,-1.31,621,513.0,840.0,834.0,843.0,818.0,2.98,46.0,7.36,,,,,
63,3293,鈊象,櫃,10/01,,814.0,26.0,3.3,5981,4802.0,788.0,786.0,814.0,785.0,3.68,18.8,15.18,,,,,
64,6944,兆聯實業,市,10/01,,800.0,25.0,3.23,654,522.0,775.0,776.0,807.0,776.0,4.0,25.8,7.25,,,,,
65,2379,瑞昱,市,10/01,,762.0,2.0,0.26,3150,2395.0,760.0,753.0,769.0,751.0,2.37,27.5,7.79,,,,,
66,6139,亞翔,市,10/01,,759.0,3.0,0.4,3014,2290.0,756.0,761.0,768.0,750.0,2.38,15.3,8.64,,,,,
67,4749,新應材,櫃,10/01,,757.0,-9.0,-1.17,699,536.0,766.0,777.0,786.0,756.0,3.92,58.7,6.79,,,,,
68,3563,牧德,市,10/01,,754.0,-53.0,-6.57,2875,2216.0,807.0,820.0,825.0,750.0,9.29,44.2,8.69,,,,,
69,6691,洋基工程,市,10/01,,733.0,14.0,1.95,1747,1283.0,719.0,727.0,748.0,719.0,4.03,24.1,11.92,,,,,
70,2395,研華,市,10/01,,723.0,-3.0,-0.41,1657,1199.0,726.0,731.0,734.0,718.0,2.2,45.7,11.36,,,,,
71,3711,日月光投控,市,10/01,,710.0,7.0,1.0,8886,6246.0,703.0,700.0,710.0,693.0,2.42,51.1,8.02,,,,,
72,3583,辛耘,市,10/01,,707.0,0.0,0.0,684,486.0,707.0,713.0,728.0,703.0,3.54,41.9,5.82,,,,,
73,1519,華城,市,10/01,,688.0,-5.0,-0.72,850,585.0,693.0,694.0,696.0,687.0,1.3,45.0,23.61,,,,,
74,3693,營邦,櫃,10/01,,664.0,-23.0,-3.35,2839,1883.0,687.0,688.0,691.0,643.0,6.99,43.1,5.44,,,,,
75,3163,波若威,櫃,10/01,,651.0,8.0,1.24,3136,2067.0,643.0,653.0,676.0,647.0,4.51,78.2,15.96,,,,,
76,7728,光焱科技,櫃,10/01,,649.0,-18.0,-2.7,152,104.0,667.0,685.0,714.0,647.0,10.0,104.0,12.46,,,,,
77,6213,聯茂,市,10/01,,642.0,19.0,3.05,14505,9097.0,623.0,623.0,643.0,611.0,5.14,99.4,10.33,,,,,
78,3363,上詮,櫃,10/01,,641.0,-8.0,-1.23,1137,734.0,649.0,647.0,655.0,641.0,2.16,,12.74,,,,,
79,7711,永擎,市,10/01,,616.0,56.0,10.0,1893,1125.0,560.0,561.0,616.0,551.0,11.6,26.6,8.14,,,,,
80,2327,國巨*,市,10/01,,602.0,54.0,9.85,74137,43606.0,548.0,560.0,602.0,560.0,7.66,40.5,7.0,,,,,
81,6196,帆宣,市,10/01,,602.0,17.0,2.91,1949,1163.0,585.0,588.0,602.0,579.0,3.93,27.2,7.42,,,,,
82,4966,譜瑞-KY,櫃,10/01,,572.0,1.0,0.18,231,132.0,571.0,573.0,574.0,569.0,0.88,17.9,1.99,,,,,
83,5434,崇越,市,10/01,,567.0,12.0,2.16,751,421.0,555.0,556.0,567.0,550.0,3.06,21.1,5.01,,,,,
84,4979,華星光,櫃,10/01,,557.0,-12.0,-2.11,1104,610.0,569.0,570.0,572.0,545.0,4.75,91.0,17.86,,,,,
85,7799,禾榮科,市,10/01,,555.0,16.0,2.97,2198,1229.0,539.0,555.0,574.0,544.0,5.57,,7.87,,,,,
86,3680,家登,櫃,10/01,,551.0,-4.0,-0.72,759,420.0,555.0,556.0,562.0,549.0,2.34,37.0,4.08,,,,,
87,7717,萊德光電-KY,櫃,10/01,,551.0,-53.0,-8.77,1136,642.0,604.0,599.0,600.0,547.0,8.77,77.9,13.08,,,,,
88,3034,聯詠,市,10/01,,547.0,1.0,0.18,2452,1339.0,546.0,546.0,551.0,541.0,1.83,19.1,4.83,,,,,
89,2455,全新,市,10/01,,546.0,-6.0,-1.09,2011,1080.0,552.0,552.0,552.0,530.0,3.99,133.0,27.65,,,,,
90,2467,志聖,市,10/01,,543.0,4.0,0.74,878,477.0,539.0,545.0,555.0,537.0,3.34,53.1,5.41,,,,,
91,3105,穩懋,櫃,10/01,,538.0,-4.0,-0.74,26938,14508.0,542.0,546.0,546.0,529.0,3.14,63.2,5.21,,,,,
92,7744,崴寶,櫃,10/01,,537.0,14.0,2.68,71,37.6,523.0,531.0,538.0,519.0,3.63,24.7,6.36,,,,,
93,7795,長廣,市,10/01,,536.0,48.0,9.84,1891,981.0,488.0,490.5,536.0,483.0,10.9,236.0,14.87,,,,,
94,4971,IET-KY,櫃,10/01,,534.0,-5.0,-0.93,712,381.0,539.0,538.0,549.0,527.0,4.08,119.0,5.71,,,,,
95,6584,南俊國際,櫃,10/01,,531.0,-9.0,-1.67,288,154.0,540.0,540.0,542.0,529.0,2.41,49.7,10.16,,,,,
96,6830,汎銓,市,10/01,,531.0,-2.0,-0.38,794,424.0,533.0,535.0,542.0,530.0,2.25,2042.0,8.51,,,,,
97,3044,健鼎,市,10/01,,529.0,4.0,0.76,1558,818.0,525.0,523.0,529.0,521.0,1.52,22.7,4.99,,,,,
98,6643,M31,櫃,10/01,,521.0,-34.0,-6.13,2238,1195.0,555.0,555.0,557.0,518.0,7.03,548.0,11.68,,,,,
99,2408,南亞科,市,10/01,,519.0,0.0,0.0,27085,14011.0,519.0,515.0,522.0,510.0,2.31,19.0,5.55,,,,,
100,2207,和泰車,市,10/01,,515.0,6.0,1.18,239,123.0,509.0,512.0,515.0,508.0,1.38,12.7,3.35,,,,,
101,3450,聯鈞,市,10/01,,515.0,-8.0,-1.53,5342,2755.0,523.0,525.0,529.0,508.0,4.02,105.0,13.43,,,,,
102,4958,臻鼎-KY,市,10/01,,510.0,3.0,0.59,31695,16110.0,507.0,512.0,522.0,498.5,4.64,58.6,3.67,,,,,
103,8358,金居,櫃,10/01,,505.0,10.0,2.02,17865,9117.0,495.0,500.0,521.0,500.0,4.24,75.1,13.71,,,,,
104,8021,尖點,市,10/01,,503.0,17.0,3.5,1462,729.0,486.0,487.0,503.0,487.0,3.29,99.8,11.73,,,,,
105,7805,威聯通,櫃,10/01,,490.0,-4.0,-0.81,48,23.6,494.0,492.0,492.0,489.5,0.51,10.3,2.1,,,,,
106,6291,沛亨,櫃,10/01,,489.0,-11.0,-2.2,588,291.0,500.0,501.0,507.0,489.0,3.6,42.2,14.44,,,,,
107,6789,采鈺,市,10/01,,489.0,-5.0,-1.01,1577,772.0,494.0,496.5,505.0,482.0,4.66,93.1,8.43,,,,,
108,6727,亞泰金屬,櫃,10/01,,488.0,3.0,0.62,655,319.0,485.0,488.0,496.5,481.5,3.09,45.7,9.02,,,,,
109,4991,環宇-KY,櫃,10/01,,485.5,-2.5,-0.51,2149,1042.0,488.0,485.0,491.5,479.5,2.46,148.0,13.22,,,,,
110,6831,邁科,市,10/01,,474.5,3.0,0.64,701,335.0,471.5,474.0,490.5,472.0,3.92,85.6,11.67,,,,,
111,3532,台勝科,市,10/01,,474.0,3.0,0.64,9721,4665.0,471.0,475.0,497.5,465.5,6.79,382.0,7.57,,,,,
112,3374,精材,櫃,10/01,,456.0,1.5,0.33,703,319.0,454.5,457.0,457.0,450.0,1.54,71.6,12.55,,,,,
113,6715,嘉基,市,10/01,,453.0,11.0,2.49,537,236.0,442.0,445.0,453.0,430.0,5.2,294.0,8.36,,,,,
114,6472,保瑞,市,10/01,,429.5,5.5,1.3,738,320.0,424.0,436.0,445.5,426.5,4.48,35.4,3.62,,,,,
115,6491,晶碩,市,10/01,,421.5,8.5,2.06,654,272.0,413.0,413.0,421.5,409.0,3.03,17.7,2.8,,,,,
116,7792,安葆,櫃,10/01,,421.0,-3.0,-0.71,372,156.0,424.0,416.0,430.5,410.0,4.83,37.6,5.92,,,,,
117,4583,台灣精銳,市,10/01,,419.5,-7.0,-1.64,80,33.7,426.5,426.0,426.5,413.5,3.05,31.1,3.39,,,,,
118,6415,矽力*-KY,市,10/01,,413.0,4.0,0.98,1083,446.0,409.0,410.5,413.5,406.5,1.71,41.8,3.97,,,,,
119,6451,訊芯-KY,市,10/01,,413.0,-7.5,-1.78,859,357.0,420.5,422.0,422.5,412.5,2.38,365.0,5.48,,,,,
120,6672,騰輝電子-KY,市,10/01,,405.5,36.5,9.89,18448,7146.0,369.0,376.5,405.5,369.5,9.76,56.5,6.89,,,,,
121,6414,樺漢,市,10/01,,402.5,10.5,2.68,1615,648.0,392.0,392.5,405.0,388.0,4.34,16.3,2.13,,,,,
122,7749,意騰-KY,市,10/01,,401.5,10.5,2.69,284,113.0,391.0,395.0,408.0,390.0,4.6,27.7,5.04,,,,,
123,4728,雙美,櫃,10/01,,394.5,-4.5,-1.13,14,5.56,399.0,397.5,397.5,394.5,0.75,26.5,15.02,,,,,
124,6933,AMAX-KY,市,10/01,,394.5,23.5,6.33,3166,1227.0,371.0,370.0,404.5,369.5,9.43,48.9,6.65,,,,,
125,3211,順達,櫃,10/01,,394.0,-4.5,-1.13,2448,961.0,398.5,396.0,398.0,390.0,2.01,52.7,6.79,,,,,
126,6957,裕慶-KY,市,10/01,,384.0,13.0,3.5,1908,729.0,371.0,400.0,400.0,364.0,9.7,33.0,8.88,,,,,
127,3260,威剛,櫃,10/01,,380.0,2.5,0.66,2640,1002.0,377.5,378.5,382.0,376.5,1.46,4.7,3.13,,,,,
128,6121,新普,櫃,10/01,,379.5,2.5,0.66,299,113.0,377.0,377.0,381.0,377.0,1.06,11.5,1.77,,,,,
129,6664,群翊,櫃,10/01,,371.5,-4.5,-1.2,366,136.0,376.0,380.0,380.0,367.0,3.46,22.4,5.43,,,,,
130,6538,倉和,櫃,10/01,,369.5,13.5,3.79,1612,580.0,356.0,356.0,370.0,351.0,5.34,206.0,7.17,,,,,
131,2376,技嘉,市,10/01,,368.5,10.0,2.79,4284,1552.0,358.5,361.0,369.0,358.5,2.93,13.8,3.71,,,,,
132,4768,晶呈科技,櫃,10/01,,367.0,-13.0,-3.42,2094,808.0,380.0,392.5,403.5,366.0,9.87,,12.26,,,,,
133,6533,晶心科,市,10/01,,366.5,33.0,9.9,16661,5860.0,333.5,346.0,366.5,337.0,8.85,,4.33,,,,,
134,8227,巨有科技,櫃,10/01,,363.5,-7.0,-1.89,11911,4390.0,370.5,379.5,384.5,342.0,11.5,70.4,11.98,,,,,
135,8464,億豐,市,10/01,,362.5,-4.0,-1.09,189,68.9,366.5,367.0,368.5,362.5,1.64,15.8,3.69,,,,,
136,6894,衛司特,櫃,10/01,,360.0,-1.0,-0.28,30,10.7,361.0,361.5,363.5,358.5,1.39,22.8,5.19,,,,,
137,3675,德微,櫃,10/01,,359.0,29.0,8.79,2918,1012.0,330.0,330.0,360.0,328.0,9.7,62.8,6.48,,,,,
138,6983,華洋精機,櫃,10/01,,353.0,5.0,1.44,91,32.3,348.0,351.5,364.0,350.0,4.02,78.6,7.06,,,,,
139,00675L,富邦臺灣加權正2,市,10/01,,347.15,5.3,1.55,485,167.0,341.85,342.75,347.15,340.05,2.08,,0.9997,,,,,
140,6788,華景電,櫃,10/01,,346.5,-2.5,-0.72,162,56.4,349.0,351.0,353.0,344.5,2.44,18.0,5.09,,,,,
141,4766,南寶,市,10/01,,342.5,2.0,0.59,74,25.1,340.5,340.0,342.5,339.5,0.88,14.6,2.91,,,,,
142,6426,統新,市,10/01,,339.5,-5.5,-1.59,2160,729.0,345.0,343.0,345.5,330.0,4.49,85.7,13.09,,,,,
143,2049,上銀,市,10/01,,335.0,0.0,0.0,1303,436.0,335.0,336.0,337.5,332.5,1.49,50.8,3.03,,,,,
144,0057,富邦摩台,市,10/01,,334.3,0.85,0.25,7,2.23,333.45,334.1,334.3,334.1,0.06,,0.9969,,,,,
145,2382,廣達,市,10/01,,334.0,0.5,0.15,14876,4947.0,333.5,333.0,335.0,330.0,1.5,14.6,5.28,,,,,
146,6197,佳必琪,市,10/01,,330.0,4.0,1.23,1810,594.0,326.0,327.0,331.5,324.0,2.3,27.6,7.17,,,,,
147,2492,華新科,市,10/01,,329.0,29.5,9.85,51671,16462.0,299.5,302.5,329.0,302.5,8.85,37.0,2.4,,,,,
148,4542,科嶠,櫃,10/01,,328.0,-16.0,-4.65,430,143.0,344.0,343.0,343.0,328.0,4.36,145.0,12.04,,,,,
149,6903,巨漢,櫃,10/01,,316.0,0.5,0.16,417,133.0,315.5,318.0,327.0,315.5,3.65,14.3,5.71,,,,,
150,6870,騰雲,櫃,10/01,,314.5,-9.0,-2.78,87,27.7,323.5,324.0,324.5,314.5,3.09,43.6,6.06,,,,,
151,8155,博智,櫃,10/01,,313.5,-2.5,-0.79,786,249.0,316.0,316.0,327.0,310.0,5.38,26.1,5.09,,,,,
152,6561,是方,櫃,10/01,,310.5,3.5,1.14,55,16.8,307.0,308.5,310.5,307.5,0.98,20.5,7.33,,,,,
153,3023,信邦,市,10/01,,309.0,2.0,0.65,716,220.0,307.0,306.5,309.5,305.0,1.47,23.1,4.56,,,,,
154,5234,達興材料,市,10/01,,302.5,-6.0,-1.94,458,140.0,308.5,311.0,311.5,302.0,3.08,36.1,9.37,,,,,
155,6173,信昌電,櫃,10/01,,302.5,14.0,4.85,31484,9552.0,288.5,287.0,316.0,280.5,12.3,57.1,5.1,,,,,
156,6937,天虹,市,10/01,,301.5,-6.5,-2.11,516,158.0,308.0,310.5,312.5,300.0,4.06,66.4,5.74,,,,,
157,7768,頌勝科技,市,10/01,,301.0,1.5,0.5,121,35.8,299.5,299.5,304.0,289.0,5.01,59.4,4.7,,,,,
158,5284,jpp-KY,市,10/01,,298.0,-1.5,-0.5,160,47.8,299.5,303.0,303.0,297.0,2.0,18.9,4.22,,,,,
159,2449,京元電子,市,10/01,,296.0,1.5,0.51,14832,4374.0,294.5,298.0,298.5,292.0,2.21,38.8,5.78,,,,,
160,4585,達明,市,10/01,,294.5,2.5,0.86,97,28.3,292.0,292.0,294.5,290.0,1.54,106.0,4.41,,,,,
161,3413,京鼎,市,10/01,,293.0,2.0,0.69,546,160.0,291.0,294.5,296.0,290.0,2.06,14.6,1.96,,,,,
162,6239,力成,市,10/01,,292.5,3.0,1.04,7279,2118.0,289.5,290.0,293.0,288.0,1.73,29.0,3.78,,,,,
163,6861,睿生光電,市,10/01,,292.0,-21.5,-6.86,5529,1692.0,313.5,317.5,324.5,288.0,11.6,45.1,7.8,,,,,
164,7788,松川精密,市,10/01,,290.5,-3.5,-1.19,2530,737.0,294.0,299.0,300.0,285.0,5.1,35.0,3.71,,,,,
165,2451,創見,市,10/01,,289.5,0.5,0.17,1342,388.0,289.0,292.0,292.0,287.0,1.73,5.01,3.25,,,,,
166,3030,德律,市,10/01,,289.0,10.0,3.58,1666,474.0,279.0,281.5,290.0,278.5,4.12,21.9,7.01,,,,,
167,4760,勤凱,櫃,10/01,,288.5,26.0,9.9,888,253.0,262.5,267.0,288.5,267.0,8.19,29.1,6.88,,,,,
168,5386,青雲,櫃,10/01,,288.5,-1.5,-0.52,329,95.1,290.0,290.0,290.0,286.0,1.38,6.13,3.25,,,,,
169,8016,矽創,市,10/01,,288.5,4.5,1.58,500,144.0,284.0,287.0,288.5,285.0,1.23,14.4,2.57,,,,,
170,8039,台虹,市,10/01,,288.5,-12.0,-3.99,30322,8813.0,300.5,297.0,297.5,285.0,4.16,91.6,6.8,,,,,
171,3455,由田,櫃,10/01,,287.0,20.0,7.49,3976,1088.0,267.0,266.0,292.0,258.0,12.7,79.9,7.16,,,,,
172,2301,光寶科,市,10/01,,284.5,5.0,1.79,9330,2633.0,279.5,278.0,285.0,278.0,2.5,33.3,6.74,,,,,
173,6138,茂達,櫃,10/01,,283.5,7.5,2.72,686,193.0,276.0,277.0,284.0,276.0,2.9,18.5,5.61,,,,,
174,3006,晶豪科,市,10/01,,281.0,-5.0,-1.75,6911,1944.0,286.0,285.0,285.0,279.0,2.1,9.0,4.21,,,,,
175,8028,昇陽半導體,市,10/01,,280.0,-2.5,-0.88,5165,1437.0,282.5,277.0,281.0,275.5,1.95,49.1,8.39,,,,,
176,6613,朋億*,櫃,10/01,,278.5,4.5,1.64,408,114.0,274.0,274.0,281.5,274.0,2.74,16.5,3.37,,,,,
177,6290,良維,櫃,10/01,,277.5,-2.5,-0.89,1818,506.0,280.0,280.0,281.5,276.0,1.96,29.5,5.97,,,,,
178,4770,上品,市,10/01,,275.0,-7.0,-2.48,872,241.0,282.0,278.5,281.5,273.5,2.84,26.2,2.62,,,,,
179,1476,儒鴻,市,10/01,,274.5,0.5,0.18,832,229.0,274.0,275.0,276.5,273.5,1.09,11.4,2.6,,,,,
180,3526,凡甲,櫃,10/01,,272.0,0.0,0.0,136,37.1,272.0,273.0,274.5,270.0,1.65,15.3,4.4,,,,,
181,4967,十銓,市,10/01,,272.0,-3.0,-1.09,1099,300.0,275.0,276.5,276.5,271.5,1.82,4.19,2.07,,,,,
182,6670,復盛應用,市,10/01,,271.0,-1.0,-0.37,208,56.6,272.0,272.0,273.0,270.0,1.1,11.1,2.43,,,,,
183,3147,大綜,櫃,10/01,,267.5,24.0,9.86,1673,434.0,243.5,242.0,267.5,240.0,11.3,16.6,6.04,,,,,
184,6803,崑鼎,櫃,10/01,,267.0,0.0,0.0,42,11.1,267.0,268.5,268.5,266.0,0.94,14.4,2.84,,,,,
185,4772,台特化,櫃,10/01,,264.5,-4.5,-1.67,964,258.0,269.0,270.0,275.0,263.0,4.46,47.7,10.55,,,,,
186,7556,意德士,櫃,10/01,,262.5,-2.0,-0.76,28,7.44,264.5,268.0,268.0,261.0,2.65,31.7,4.16,,,,,
187,6435,大中,櫃,10/01,,262.0,10.0,3.97,701,181.0,252.0,253.0,262.0,253.0,3.57,19.6,4.38,,,,,
188,2428,興勤,市,10/01,,261.0,9.5,3.78,1837,477.0,251.5,253.0,263.0,253.0,3.98,18.5,2.83,,,,,
189,6667,信紘科,櫃,10/01,,261.0,-1.0,-0.38,411,108.0,262.0,264.5,268.5,260.0,3.24,17.8,5.17,,,,,
190,7722,LINEPAY,市,10/01,,260.0,1.0,0.39,26,6.86,259.0,261.0,261.0,259.5,0.58,30.9,1.61,,,,,
191,006208,富邦台50,市,10/01,,258.25,1.95,0.76,1576,405.0,256.3,256.4,258.4,256.25,0.84,,0.9987,,,,,
192,6257,矽格,市,10/01,,256.5,2.5,0.98,10059,2558.0,254.0,251.0,259.0,249.0,3.94,30.0,4.86,,,,,
193,8499,鼎炫-KY,市,10/01,,256.0,-2.0,-0.78,8,2.1,258.0,263.0,263.0,255.0,3.1,24.1,1.26,,,,,
194,0053,元大電子,市,10/01,,255.7,3.65,1.45,162,41.2,252.05,253.0,255.7,252.95,1.09,,1.0048,,,,,
195,8081,致新,市,10/01,,255.0,3.5,1.39,412,105.0,251.5,253.0,256.0,252.0,1.59,13.9,2.69,,,,,
196,1303,南亞,市,10/01,,254.0,-1.5,-0.59,57138,14561.0,255.5,256.0,261.5,250.5,4.31,41.0,4.22,,,,,
197,2317,鴻海,市,10/01,,254.0,2.5,0.99,30527,7721.0,251.5,253.0,254.0,250.5,1.39,16.7,1.87,,,,,
198,6953,家碩,櫃,10/01,,252.5,7.5,3.06,101,25.3,245.0,245.0,255.0,243.5,4.69,26.0,4.61,,,,,
199,5439,高技,櫃,10/01,,251.0,-3.0,-1.18,1581,397.0,254.0,255.0,256.0,249.5,2.56,13.9,5.78,,,,,
200,2486,一詮,市,10/01,,248.5,8.5,3.54,8668,2172.0,240.0,241.0,259.0,241.0,7.5,211.0,9.67,,,,,
201,4931,新盛力,櫃,10/01,,248.5,-3.5,-1.39,2894,720.0,252.0,251.5,252.5,247.0,2.18,41.6,10.11,,,,,
202,3264,欣銓,櫃,10/01,,245.5,2.0,0.82,14994,3624.0,243.5,243.5,245.5,238.5,2.87,31.0,5.93,,,,,
203,1264,德麥,櫃,10/01,,245.0,0.0,0.0,10,2.55,245.0,245.0,245.5,244.5,0.41,11.6,2.56,,,,,
204,6811,宏碁資訊,櫃,10/01,,243.5,3.0,1.25,166,40.2,240.5,240.5,244.0,238.0,2.49,15.1,4.34,,,,,
205,3617,碩天,市,10/01,,243.0,1.0,0.41,87,21.0,242.0,242.5,244.0,241.5,1.03,11.6,2.33,,,,,
206,3587,閎康,櫃,10/01,,241.0,2.5,1.05,293,70.2,238.5,240.5,242.5,237.0,2.31,35.3,2.91,,,,,
207,006204,永豐臺灣加權,市,10/01,,239.3,-1.55,-0.64,3,0.76,240.85,237.95,239.3,237.95,0.56,,0.9917,,,,,
208,8454,富邦媒,市,10/01,,239.0,-1.5,-0.62,233,55.9,240.5,241.0,241.5,238.5,1.25,23.0,7.63,,,,,
209,2603,長榮,市,10/01,,238.0,-1.5,-0.63,5955,1413.0,239.5,238.0,239.0,235.5,1.46,9.44,0.92,,,,,
210,3592,瑞鼎,市,10/01,,238.0,0.5,0.21,1116,267.0,237.5,238.0,241.5,237.0,1.89,14.0,1.59,,,,,
211,4576,大銀微系統,市,10/01,,237.5,1.5,0.64,1065,250.0,236.0,237.0,238.5,230.5,3.39,72.6,6.63,,,,,
212,6782,視陽,市,10/01,,237.5,-4.5,-1.86,242,57.7,242.0,242.0,242.0,236.0,2.48,14.4,3.37,,,,,
213,5292,華懋,市,10/01,,237.0,7.0,3.04,490,115.0,230.0,228.5,240.0,228.5,5.0,25.2,5.22,,,,,
214,6231,系微,櫃,10/01,,237.0,2.0,0.85,189,44.8,235.0,235.0,240.0,235.0,2.13,31.4,10.01,,,,,
215,7765,中華資安,市,10/01,,236.5,-0.5,-0.21,71,16.7,237.0,238.5,238.5,235.0,1.48,20.6,5.03,,,,,
216,6285,啟碁,市,10/01,,235.5,-0.5,-0.21,1867,438.0,236.0,235.0,236.5,233.0,1.48,25.6,3.18,,,,,
217,2727,王品,市,10/01,,235.0,-1.0,-0.42,151,35.4,236.0,236.0,236.0,233.5,1.06,13.1,4.58,,,,,
218,7810,捷創科技,櫃,10/01,,235.0,0.0,0.0,220,52.4,235.0,236.0,242.0,235.0,2.98,26.8,5.02,,,,,
219,3152,璟德,櫃,10/01,,232.5,1.5,0.65,105,24.4,231.0,232.0,235.0,230.0,2.16,39.4,2.49,,,,,
220,6271,同欣電,市,10/01,,230.5,4.0,1.77,2948,677.0,226.5,226.0,232.0,225.5,2.87,25.9,1.77,,,,,
221,6449,鈺邦,市,10/01,,230.0,20.5,9.79,2592,579.0,209.5,211.5,230.0,211.5,8.83,24.9,3.02,,,,,
222,2472,立隆電,市,10/01,,226.0,12.5,5.85,5071,1137.0,213.5,213.5,229.0,213.5,7.26,23.1,3.9,,,,,
223,2247,汎德永業,市,10/01,,225.5,1.0,0.45,19,4.36,224.5,224.5,225.5,224.0,0.67,16.3,1.43,,,,,
224,6147,頎邦,櫃,10/01,,225.5,16.0,7.64,49563,10977.0,209.5,212.0,227.0,212.0,7.16,54.2,2.87,,,,,
225,2313,華通,市,10/01,,224.5,-2.0,-0.88,6854,1540.0,226.5,227.0,228.0,223.0,2.21,36.2,5.51,,,,,
226,6725,矽科宏晟,櫃,10/01,,221.0,3.0,1.38,118,25.9,218.0,219.0,222.5,218.0,2.06,16.8,3.46,,,,,
227,6922,宸曜,櫃,10/01,,221.0,0.0,0.0,87,19.2,221.0,225.0,225.0,218.0,3.17,23.0,5.54,,,,,
228,3498,陽程,櫃,10/01,,219.5,-9.5,-4.15,4024,884.0,229.0,225.0,228.0,214.0,6.11,49.3,5.32,,,,,
229,3042,晶技,市,10/01,,218.5,8.5,4.05,34575,7507.0,210.0,210.0,224.0,207.5,7.86,37.7,4.71,,,,,
230,6278,台表科,市,10/01,,216.5,-1.5,-0.69,4157,899.0,218.0,218.0,219.5,214.0,2.52,22.0,2.7,,,,,
231,00670L,富邦NASDAQ正2,市,10/01,,215.65,6.15,2.94,608,130.0,209.5,212.0,215.65,211.9,1.79,,1.0139,,,,,
232,8091,翔名,櫃,10/01,,215.5,-1.5,-0.69,148,31.9,217.0,217.0,217.0,214.0,1.38,22.2,2.87,,,,,
233,3515,華擎,市,10/01,,215.0,3.0,1.42,326,69.9,212.0,214.0,216.0,212.5,1.65,13.9,2.28,,,,,
234,6881,潤德,櫃,10/01,,215.0,0.5,0.23,6,1.31,214.5,215.0,215.0,214.5,0.23,10.5,4.2,,,,,
235,4771,望隼,市,10/01,,213.5,-1.0,-0.47,52,11.1,214.5,214.5,214.5,212.5,0.93,14.1,3.03,,,,,
236,3035,智原,市,10/01,,213.0,2.5,1.19,4389,929.0,210.5,210.0,214.0,208.5,2.61,83.9,3.24,,,,,
237,2351,順德,市,10/01,,212.5,3.5,1.67,3449,728.0,209.0,210.0,214.5,207.0,3.59,52.2,5.04,,,,,
238,2912,統一超,市,10/01,,212.5,0.0,0.0,2208,467.0,212.5,212.0,212.5,210.5,0.94,19.1,5.39,,,,,
239,3036,文曄,市,10/01,,212.5,7.0,3.41,9950,2096.0,205.5,206.0,213.0,205.0,3.89,11.0,2.17,,,,,
240,3357,臺慶科,櫃,10/01,,212.5,8.0,3.91,2130,453.0,204.5,206.0,217.0,206.0,5.38,19.7,2.16,,,,,
241,3485,敘豐,櫃,10/01,,212.5,3.5,1.67,90,18.9,209.0,210.0,213.0,207.0,2.87,33.1,3.4,,,,,
242,6693,廣閎科,櫃,10/01,,212.5,1.0,0.47,1967,418.0,211.5,210.0,219.5,205.0,6.86,42.0,7.68,,,,,
243,5483,中美晶,櫃,10/01,,211.5,4.0,1.93,57452,12198.0,207.5,209.0,221.5,207.0,6.99,22.6,2.54,,,,,
244,3055,蔚華科,市,10/01,,210.0,0.5,0.24,1430,296.0,209.5,208.0,212.0,202.0,4.77,,14.59,,,,,
245,3130,一零四,市,10/01,,210.0,1.0,0.48,64,13.5,209.0,209.0,210.0,208.5,0.72,12.6,4.45,,,,,
246,6654,天正國際,櫃,10/01,,210.0,-6.0,-2.78,62,13.1,216.0,217.0,217.0,208.0,4.17,74.2,6.46,,,,,
247,4722,國精化,市,10/01,,209.5,19.0,9.97,2274,461.0,190.5,196.5,209.5,194.5,7.87,76.2,6.22,,,,,
248,8027,鈦昇,櫃,10/01,,209.5,-12.5,-5.63,9159,1947.0,222.0,225.0,225.0,207.0,8.11,676.0,7.77,,,,,
249,2474,可成,市,10/01,,207.5,1.0,0.48,1387,288.0,206.5,206.0,208.0,206.0,0.97,14.2,0.81,,,,,
250,6829,千附精密,櫃,10/01,,205.0,-3.5,-1.68,499,102.0,208.5,208.0,208.0,204.0,1.92,38.5,6.35,,,,,
251,7703,銳澤,櫃,10/01,,205.0,3.5,1.74,92,18.9,201.5,204.5,207.0,203.5,1.74,27.6,3.52,,,,,
252,4908,前鼎,櫃,10/01,,204.5,-2.5,-1.21,1104,227.0,207.0,208.0,209.0,204.0,2.42,81.8,9.06,,,,,
253,6679,鈺太,櫃,10/01,,204.5,-1.5,-0.73,126,26.0,206.0,206.0,208.0,204.0,1.94,16.1,1.85,,,,,
254,006203,元大MSCI台灣,市,10/01,,203.3,0.1,0.05,8,1.65,203.2,202.3,203.3,202.3,0.49,,0.9948,,,,,
255,3441,聯一光,櫃,10/01,,202.5,18.0,9.76,6283,1250.0,184.5,189.0,202.5,189.0,7.32,83.3,9.78,,,,,
256,8271,宇瞻,市,10/01,,201.0,-1.0,-0.5,696,140.0,202.0,203.0,203.0,200.5,1.24,4.97,2.74,,,,,
257,1623,大東電,市,10/01,,198.5,-2.0,-1.0,39,7.65,200.5,199.0,199.5,197.5,1.0,15.8,3.19,,,,,
258,6907,雅特力-KY,櫃,10/01,,198.5,10.5,5.59,2990,588.0,188.0,190.5,202.0,190.0,6.38,38.7,7.68,,,,,
259,1503,士電,市,10/01,,197.5,0.0,0.0,347,68.3,197.5,197.5,198.0,196.0,1.01,27.2,2.66,,,,,
260,2493,揚博,市,10/01,,197.0,-0.5,-0.25,989,195.0,197.5,197.5,200.0,195.5,2.28,37.7,8.1,,,,,
261,7730,暉盛-創,市,10/01,,194.5,15.0,8.36,444,84.6,179.5,180.0,197.0,180.0,9.47,110.0,7.33,,,,,
262,2464,盟立,市,10/01,,193.5,1.0,0.52,8278,1591.0,192.5,193.5,195.5,189.5,3.12,472.0,7.35,,,,,
263,3551,世禾,櫃,10/01,,193.0,5.5,2.93,1128,215.0,187.5,189.0,193.5,188.5,2.67,20.4,2.38,,,,,
264,1477,聚陽,市,10/01,,190.5,-1.5,-0.78,912,174.0,192.0,192.0,192.0,189.5,1.3,13.0,3.41,,,,,
265,3231,緯創,市,10/01,,190.5,6.0,3.25,59140,11216.0,184.5,186.5,191.5,185.5,3.25,15.0,3.12,,,,,
266,5288,豐祥-KY,市,10/01,,190.0,6.5,3.54,344,65.4,183.5,184.5,192.5,184.5,4.36,12.6,2.09,,,,,
267,6214,精誠,市,10/01,,189.0,1.0,0.53,732,138.0,188.0,188.0,189.5,188.0,0.8,17.6,2.8,,,,,
268,6719,力智,市,10/01,,188.0,1.5,0.8,492,92.8,186.5,187.5,191.0,186.5,2.41,21.2,1.41,,,,,
269,4961,天鈺,市,10/01,,186.0,5.0,2.76,2414,450.0,181.0,179.5,189.0,179.5,5.25,20.9,1.29,,,,,
270,5903,全家,櫃,10/01,,186.0,0.0,0.0,17,3.09,186.0,186.0,186.0,185.5,0.27,23.7,4.73,,,,,
271,3227,原相,櫃,10/01,,185.5,0.5,0.27,616,114.0,185.0,184.5,186.0,184.0,1.08,15.2,1.86,,,,,
272,3265,台星科,櫃,10/01,,185.0,-1.0,-0.54,1106,203.0,186.0,185.0,186.5,181.5,2.69,25.9,3.99,,,,,
273,4764,雙鍵,市,10/01,,185.0,-4.0,-2.12,1155,215.0,189.0,193.0,193.0,182.5,5.56,59.5,6.2,,,,,
274,3611,鼎翰,櫃,10/01,,184.5,1.5,0.82,11,2.08,183.0,184.0,184.5,184.0,0.27,8.93,1.38,,,,,
275,5347,世界,櫃,10/01,,184.5,3.5,1.93,23616,4371.0,181.0,180.5,188.5,178.5,5.52,39.1,5.5,,,,,
276,7772,耀穎,櫃,10/01,,184.0,8.0,4.55,162,29.2,176.0,181.0,184.0,176.0,4.55,211.0,4.8,,,,,
277,2753,八方雲集,市,10/01,,183.5,3.5,1.94,386,70.5,180.0,180.5,184.0,180.5,1.94,13.1,3.24,,,,,
278,6146,耕興,櫃,10/01,,181.5,0.0,0.0,217,39.3,181.5,181.5,182.5,180.0,1.38,15.9,3.46,,,,,
279,8261,富鼎,市,10/01,,181.5,5.5,3.12,3961,718.0,176.0,177.0,184.0,177.0,3.98,27.2,3.78,,,,,
280,6658,聯策,市,10/01,,181.0,0.5,0.28,162,29.3,180.5,181.0,183.0,178.5,2.49,43.9,4.62,,,,,
281,2344,華邦電,市,10/01,,180.0,0.5,0.28,64786,11594.0,179.5,178.0,180.5,175.5,2.79,19.9,4.91,,,,,
282,3228,金麗科,櫃,10/01,,179.5,-2.5,-1.37,498,91.1,182.0,186.0,188.0,178.5,5.22,,18.97,,,,,
283,2221,大甲,櫃,10/01,,179.0,-18.5,-9.37,2318,420.0,197.5,190.5,193.0,178.0,7.59,59.1,6.99,,,,,
284,3605,宏致,市,10/01,,178.0,7.5,4.4,11987,2081.0,170.5,171.0,179.0,168.5,6.16,43.6,3.49,,,,,
285,5475,德宏,櫃,10/01,,178.0,-1.5,-0.84,2280,406.0,179.5,179.0,181.0,176.0,2.79,138.0,20.77,,,,,
286,8114,振樺電,市,10/01,,178.0,-1.0,-0.56,228,40.4,179.0,179.0,179.0,176.0,1.68,8.2,1.93,,,,,
287,1268,漢來美食,櫃,10/01,,177.5,2.5,1.43,76,13.5,175.0,174.5,179.5,174.0,3.14,13.5,3.12,,,,,
288,2481,強茂,市,10/01,,177.5,5.5,3.2,23859,4192.0,172.0,172.0,179.0,171.5,4.36,47.1,4.5,,,,,
289,1795,美時,市,10/01,,177.0,-2.0,-1.12,682,121.0,179.0,177.5,180.0,177.0,1.68,12.2,1.94,,,,,
290,6690,安碁資訊,櫃,10/01,,177.0,0.0,0.0,105,18.5,177.0,177.0,177.5,175.0,1.41,16.2,1.76,,,,,
291,2752,豆府,櫃,10/01,,176.5,-0.5,-0.28,18,3.18,177.0,176.0,176.5,175.5,0.56,10.8,3.8,,,,,
292,2707,晶華,市,10/01,,176.0,0.5,0.28,79,13.8,175.5,175.5,176.0,175.0,0.57,12.2,5.77,,,,,
293,3362,先進光,櫃,10/01,,175.5,4.5,2.63,1963,344.0,171.0,172.0,178.5,172.0,3.8,,6.61,,,,,
294,8033,雷虎,市,10/01,,175.5,1.0,0.57,1716,300.0,174.5,173.0,176.0,173.0,1.72,344.0,8.88,,,,,
295,6217,中探針,櫃,10/01,,174.5,-2.0,-1.13,2673,472.0,176.5,177.0,181.0,174.0,3.97,,6.79,,,,,
296,2645,長榮航太,市,10/01,,174.0,1.0,0.58,674,118.0,173.0,174.5,175.5,173.5,1.16,22.2,4.86,,,,,
297,3376,新日興,市,10/01,,174.0,-0.5,-0.29,1408,246.0,174.5,175.0,175.5,174.0,0.86,119.0,2.06,,,,,
298,4551,智伸科,市,10/01,,172.5,-2.0,-1.15,1565,268.0,174.5,175.0,175.0,168.5,3.72,18.1,2.15,,,,,
299,3234,光環,櫃,10/01,,172.0,-1.0,-0.58,1489,254.0,173.0,173.0,173.0,169.0,2.31,,27.56,,,,,
300,5209,新鼎,櫃,10/01,,171.5,4.0,2.39,107,18.3,167.5,170.5,174.0,167.5,3.88,9.4,4.73,,,,,
301,3570,大塚,櫃,10/01,,170.5,3.5,2.1,113,19.1,167.0,167.5,171.0,166.5,2.69,11.9,2.73,,,,,
302,4977,眾達-KY,市,10/01,,170.5,1.5,0.89,1199,204.0,169.0,168.0,171.0,167.5,2.07,49.7,3.28,,,,,
303,4441,振大環球,市,10/01,,170.0,-1.5,-0.87,31,5.27,171.5,171.0,171.0,170.0,0.58,9.42,1.69,,,,,
304,6996,力領科技,櫃,10/01,,169.5,0.0,0.0,17,2.93,169.5,169.5,170.0,169.0,0.59,11.2,2.63,,,,,
305,7714,創泓科技,櫃,10/01,,169.5,-2.5,-1.45,331,56.6,172.0,173.5,173.5,169.0,2.62,22.0,6.15,,,,,
306,3090,日電貿,市,10/01,,169.0,8.0,4.97,8362,1407.0,161.0,162.0,171.5,162.0,5.9,22.0,2.62,,,,,
307,7712,博盛半導體,櫃,10/01,,169.0,8.0,4.97,371,62.0,161.0,163.0,169.5,163.0,4.04,24.4,2.92,,,,,
308,8416,實威,櫃,10/01,,169.0,0.0,0.0,3,0.54,169.0,170.0,170.0,169.0,0.59,11.5,2.94,,,,,
309,1256,鮮活果汁-KY,市,10/01,,168.5,0.5,0.3,12,2.02,168.0,168.0,168.5,167.5,0.6,10.8,1.44,,,,,
310,2233,宇隆,市,10/01,,168.5,1.5,0.9,224,37.6,167.0,168.0,169.5,165.0,2.69,24.8,2.45,,,,,
311,3016,嘉晶,市,10/01,,168.0,-1.0,-0.59,5581,929.0,169.0,169.0,169.0,162.5,3.85,139.0,9.36,,,,,
312,1773,勝一,市,10/01,,167.5,0.0,0.0,513,86.7,167.5,168.0,171.5,167.0,2.69,20.9,4.39,,,,,
313,2597,潤弘,市,10/01,,167.5,-0.5,-0.3,273,45.7,168.0,168.0,168.0,167.0,0.6,14.4,7.0,,,,,
314,2316,楠梓電,市,10/01,,167.0,1.0,0.6,2449,410.0,166.0,167.5,172.0,164.5,4.52,11.7,2.1,,,,,
315,3555,博士旺,櫃,10/01,,167.0,-1.5,-0.89,28,4.57,168.5,168.5,168.5,164.0,2.67,19.4,8.07,,,,,
316,1513,中興電,市,10/01,,166.5,-1.5,-0.89,1481,248.0,168.0,169.0,169.0,166.5,1.49,18.7,3.95,,,,,
317,3416,融程電,市,10/01,,166.5,4.0,2.46,409,67.5,162.5,163.5,166.5,161.0,3.38,19.3,3.75,,,,,
318,5474,聰泰,櫃,10/01,,165.0,1.0,0.61,166,27.2,164.0,164.5,165.5,163.0,1.52,28.3,3.35,,,,,
319,7827,漢康-KY創,市,10/01,,165.0,0.0,0.0,353,58.9,165.0,165.0,170.5,163.5,4.24,,17.42,,,,,
320,6438,迅得,市,10/01,,164.5,0.5,0.3,714,118.0,164.0,165.0,167.0,163.5,2.13,28.5,2.13,,,,,
321,6761,穩得,櫃,10/01,,164.5,-0.5,-0.3,145,23.9,165.0,164.0,166.5,163.5,1.82,22.1,3.36,,,,,
322,2421,建準,市,10/01,,164.0,3.5,2.18,1500,245.0,160.5,162.0,164.5,160.5,2.49,17.3,4.46,,,,,
323,6263,普萊德,櫃,10/01,,164.0,5.5,3.47,164,26.6,158.5,158.0,164.0,157.0,4.42,18.6,6.58,,,,,
324,4536,拓凱,市,10/01,,162.0,1.0,0.62,133,21.3,161.0,160.5,162.0,160.0,1.24,12.2,1.56,,,,,
325,6712,長聖,櫃,10/01,,162.0,0.0,0.0,101,16.3,162.0,162.0,162.0,160.0,1.23,34.5,5.8,,,,,
326,2303,聯電,市,10/01,,161.5,7.0,4.53,114242,18129.0,154.5,156.0,161.5,155.5,3.88,24.1,4.56,,,,,
327,7689,大鵬科CLMX,市,10/01,,161.0,1.5,0.94,60,9.51,159.5,159.5,161.0,158.5,1.57,,5.08,,,,,
328,02001L,富邦蘋果正二N,市,10/01,,160.75,7.5,4.89,84,13.3,153.25,158.5,160.75,155.8,3.23,,0.9972,,,,,
329,6579,研揚,市,10/01,,160.5,1.5,0.94,225,35.9,159.0,160.0,160.5,157.5,1.89,16.3,2.67,,,,,
330,2480,敦陽科,市,10/01,,160.0,0.0,0.0,87,13.9,160.0,160.5,160.5,159.0,0.94,18.3,5.19,,,,,
331,5432,新門,櫃,10/01,,158.5,-1.5,-0.94,262,42.3,160.0,160.5,165.5,158.0,4.69,17.1,6.32,,,,,
332,2640,大車隊,櫃,10/01,,157.0,0.0,0.0,18,2.76,157.0,157.0,157.5,156.5,0.64,16.5,4.65,,,,,
333,2729,瓦城,櫃,10/01,,157.0,1.0,0.64,7,1.03,156.0,154.5,157.0,154.5,1.6,25.5,2.95,,,,,
334,2850,新產,市,10/01,,157.0,-6.0,-3.68,649,102.0,163.0,162.5,162.5,156.0,3.99,10.2,2.25,,,,,
335,3135,凌航,市,10/01,,157.0,-1.0,-0.63,327,51.6,158.0,159.0,159.0,157.0,1.27,6.11,3.27,,,,,
336,8462,柏文,市,10/01,,157.0,-1.5,-0.95,123,19.4,158.5,159.0,160.5,153.5,4.42,14.8,5.24,,,,,
337,8083,瑞穎,櫃,10/01,,156.5,0.5,0.32,91,14.2,156.0,157.0,157.5,156.0,0.96,13.7,5.01,,,,,
338,6762,達亞,櫃,10/01,,156.0,-2.0,-1.27,3,0.45,158.0,156.0,156.0,156.0,0.0,332.0,4.21,,,,,
339,7738,東聯互動,櫃,10/01,,156.0,0.5,0.32,11,1.78,155.5,155.5,156.5,155.0,0.96,12.2,2.26,,,,,
340,4569,六方科-KY,市,10/01,,155.0,-2.5,-1.59,19,2.99,157.5,156.5,156.5,153.0,2.22,17.3,1.71,,,,,
341,6419,京晨科,櫃,10/01,,155.0,-1.0,-0.64,69,10.6,156.0,156.0,156.0,153.0,1.92,5.22,2.86,,,,,
342,6902,GOGOLOOK,市,10/01,,155.0,-4.0,-2.52,391,61.6,159.0,160.5,160.5,155.0,3.46,32.0,6.76,,,,,
343,1597,直得,市,10/01,,154.5,8.0,5.46,4660,706.0,146.5,147.0,158.5,141.0,11.9,75.7,5.46,,,,,
344,6706,惠特,市,10/01,,154.5,4.5,3.0,7047,1101.0,150.0,152.0,160.5,152.0,5.67,,3.27,,,,,
345,4571,鈞興-KY,市,10/01,,154.0,0.5,0.33,57,8.71,153.5,152.5,154.0,152.5,0.98,17.1,2.46,,,,,
346,1232,大統益,市,10/01,,153.0,-0.5,-0.33,107,16.4,153.5,153.5,154.5,153.0,0.98,16.9,4.44,,,,,
347,3596,智易,市,10/01,,153.0,0.0,0.0,561,85.8,153.0,154.0,154.0,152.0,1.31,11.8,2.05,,,,,
348,2377,微星,市,10/01,,152.5,1.5,0.99,3016,460.0,151.0,151.5,153.5,151.0,1.66,13.2,2.22,,,,,
349,4919,新唐,市,10/01,,152.0,13.5,9.75,21152,3150.0,138.5,140.5,152.0,139.0,9.39,,4.11,,,,,
350,6732,昇佳電子,櫃,10/01,,152.0,0.5,0.33,56,8.55,151.5,151.5,152.5,151.5,0.66,21.9,1.6,,,,,
351,3624,光頡,櫃,10/01,,151.0,13.5,9.82,31090,4580.0,137.5,138.0,151.0,138.0,9.45,47.3,4.96,,,,,
352,4169,泰宗,市,10/01,,151.0,-1.0,-0.66,56,8.38,152.0,152.5,152.5,149.0,2.3,,5.13,,,,,
353,6895,宏碩系統,櫃,10/01,,151.0,-0.5,-0.33,28,4.05,151.5,151.5,152.0,143.0,5.94,296.0,5.75,,,,,
354,2881,富邦金,市,10/01,,150.5,-0.5,-0.33,18246,2733.0,151.0,151.0,151.5,147.5,2.65,12.9,1.85,,,,,
355,8255,朋程,櫃,10/01,,149.5,2.5,1.7,338,50.3,147.0,148.5,150.0,147.5,1.7,22.1,1.66,,,,,
356,0051,元大中型100,市,10/01,,148.85,-0.2,-0.13,51,7.58,149.05,149.05,149.45,148.4,0.7,,1.0007,,,,,
357,6890,來億-KY,市,10/01,,148.5,0.5,0.34,153,22.7,148.0,147.5,150.0,147.5,1.69,14.2,1.59,,,,,
358,6651,全宇昕,櫃,10/01,,147.5,1.5,1.03,80,11.7,146.0,147.0,148.0,146.0,1.37,16.5,3.89,,,,,
359,2412,中華電,市,10/01,,145.5,2.0,1.39,8628,1248.0,143.5,144.0,146.0,143.0,2.09,28.5,3.08,,,,,
360,7631,聚賢研發-創,市,10/01,,145.5,5.0,3.56,277,40.8,140.5,144.0,153.5,142.5,7.83,13.8,3.18,,,,,
361,00757,統一FANG+,市,10/01,,145.35,2.15,1.5,814,118.0,143.2,143.65,145.35,143.65,1.19,,1.0111,,,,,
362,6207,雷科,櫃,10/01,,145.0,-6.0,-3.97,38260,5634.0,151.0,153.0,158.0,139.5,12.3,83.8,4.8,,,,,
363,6620,漢達,櫃,10/01,,144.5,3.5,2.48,9070,1337.0,141.0,145.5,154.5,140.5,9.93,49.0,4.68,,,,,
364,8109,博大,櫃,10/01,,144.5,9.5,7.04,1380,197.0,135.0,136.0,145.5,136.0,7.04,19.4,3.92,,,,,
365,2731,雄獅,市,10/01,,144.0,-0.5,-0.35,92,13.2,144.5,144.5,144.5,143.0,1.04,8.86,3.01,,,,,
366,8069,元太,櫃,10/01,,144.0,0.0,0.0,4089,590.0,144.0,144.0,145.0,143.5,1.04,14.0,2.2,,,,,
367,8064,東捷,櫃,10/01,,143.5,-2.0,-1.37,8061,1162.0,145.5,146.0,148.0,141.0,4.81,55.6,6.27,,,,,
368,8147,正淩,櫃,10/01,,143.5,-15.0,-9.46,1013,148.0,158.5,152.0,153.0,143.0,6.31,55.8,4.08,,,,,
369,6945,圓祥生技,櫃,10/01,,143.0,-5.5,-3.7,553,79.9,148.5,147.5,148.0,142.5,3.7,,5.98,,,,,
370,3014,聯陽,市,10/01,,142.0,0.5,0.35,1276,182.0,141.5,141.5,144.0,141.0,2.12,13.9,3.21,,,,,
371,6862,三集瑞-KY,市,10/01,,142.0,4.0,2.9,341,48.9,138.0,139.0,147.0,139.0,5.8,21.0,2.45,,,,,
372,3289,宜特,櫃,10/01,,141.5,2.0,1.43,338,47.7,139.5,141.5,142.0,140.0,1.43,31.0,2.59,,,,,
373,8478,東哥遊艇,市,10/01,,141.5,0.5,0.35,46,6.47,141.0,141.5,141.5,139.5,1.42,9.84,1.45,,,,,
374,6568,宏觀,櫃,10/01,,140.0,-2.5,-1.75,55,7.75,142.5,141.5,142.0,140.0,1.4,27.8,2.75,,,,,
375,6206,飛捷,市,10/01,,139.0,-0.5,-0.36,281,39.2,139.5,139.5,140.0,138.5,1.08,15.3,3.79,,,,,
376,6605,帝寶,市,10/01,,139.0,1.5,1.09,276,38.2,137.5,138.0,139.5,136.5,2.18,8.59,1.15,,,,,
377,00647L,元大S&P500正2,市,10/01,,138.8,0.5,0.36,22,3.1,138.3,138.25,138.8,138.05,0.54,,1.0106,,,,,
378,2458,義隆,市,10/01,,138.5,1.0,0.73,1518,209.0,137.5,137.0,139.0,136.0,2.18,12.7,3.54,,,,,
379,4572,駐龍,市,10/01,,138.5,0.0,0.0,12,1.61,138.5,138.5,140.5,138.5,1.44,37.6,2.91,,,,,
380,6877,鏵友益,櫃,10/01,,138.5,12.5,9.92,165,22.8,126.0,138.5,138.5,138.5,0.0,,7.79,,,,,
381,8043,蜜望實,櫃,10/01,,138.5,8.0,6.13,6321,877.0,130.5,132.0,142.0,132.0,7.66,33.5,3.9,,,,,
382,5287,數字,櫃,10/01,,137.5,0.0,0.0,122,16.8,137.5,137.5,138.0,137.0,0.73,8.96,2.98,,,,,
383,3019,亞光,市,10/01,,137.0,0.5,0.37,1849,252.0,136.5,136.5,137.5,135.5,1.47,23.1,2.57,,,,,
384,3402,漢科,櫃,10/01,,137.0,1.0,0.74,415,56.6,136.0,137.0,137.5,135.5,1.47,19.1,4.73,,,,,
385,4973,廣穎,櫃,10/01,,137.0,-1.0,-0.72,342,47.1,138.0,140.0,140.0,136.5,2.54,7.59,2.58,,,,,
386,5236,凌陽創新,市,10/01,,137.0,-0.5,-0.36,66,9.01,137.5,137.0,138.0,136.5,1.09,13.3,3.32,,,,,
387,6227,茂綸,櫃,10/01,,137.0,5.0,3.79,1127,153.0,132.0,133.5,138.0,132.5,4.17,10.6,3.29,,,,,
388,3479,安勤,櫃,10/01,,136.5,0.5,0.37,283,38.6,136.0,137.0,137.0,136.0,0.74,18.7,2.97,,,,,
389,4163,鐿鈦,櫃,10/01,,136.5,0.5,0.37,10,1.38,136.0,137.0,137.0,135.0,1.47,22.4,2.56,,,,,
390,6525,捷敏-KY,市,10/01,,136.5,1.0,0.74,739,101.0,135.5,135.5,138.5,135.0,2.58,19.0,3.74,,,,,
391,2072,世紀風電,市,10/01,,134.0,2.5,1.9,208,27.8,131.5,132.5,134.5,132.0,1.9,8.6,1.07,,,,,
392,3218,大學光,櫃,10/01,,134.0,-1.0,-0.74,94,12.6,135.0,135.0,135.5,133.5,1.48,9.91,2.93,,,,,
393,6924,榮惠-KY創,市,10/01,,134.0,-1.0,-0.74,20,2.71,135.0,133.0,136.0,132.0,2.96,16.1,4.96,,,,,
394,6753,龍德造船,市,10/01,,133.0,-0.5,-0.37,252,33.4,133.5,133.5,133.5,132.0,1.12,12.7,2.93,,,,,
395,3088,艾訊,櫃,10/01,,132.5,-1.0,-0.75,441,58.8,133.5,134.0,135.0,132.5,1.87,16.6,2.65,,,,,
396,6617,共信-KY,櫃,10/01,,132.0,-6.5,-4.69,808,109.0,138.5,138.5,141.0,132.0,6.5,,6.87,,,,,
397,3219,倚強科,櫃,10/01,,131.5,0.0,0.0,1250,164.0,131.5,132.5,134.0,128.5,4.18,39.5,6.21,,,,,
398,4736,泰博,市,10/01,,130.0,0.0,0.0,98,12.7,130.0,131.5,131.5,129.0,1.92,4.81,1.11,,,,,
399,6166,凌華,市,10/01,,130.0,-3.0,-2.26,1276,166.0,133.0,132.5,133.5,128.5,3.76,24.9,4.59,,,,,
400,6182,合晶,櫃,10/01,,130.0,-3.0,-2.26,181250,24151.0,133.0,136.0,139.5,127.5,9.02,520.0,4.78,,,,,
401,3217,優群,櫃,10/01,,129.5,-0.5,-0.38,134,17.4,130.0,130.0,130.0,129.0,0.77,10.3,2.41,,,,,
402,3558,神準,櫃,10/01,,129.0,4.0,3.2,218,28.0,125.0,124.5,129.5,124.0,4.4,60.3,1.27,,,,,
403,3715,定穎投控,市,10/01,,129.0,2.5,1.98,4698,599.0,126.5,128.0,129.0,125.0,3.16,,3.5,,,,,
404,6913,鴻呈,櫃,10/01,,129.0,0.5,0.39,97,12.4,128.5,129.5,129.5,127.0,1.95,19.5,3.23,,,,,
405,2466,冠西電,市,10/01,,128.5,4.0,3.21,5281,692.0,124.5,128.0,136.0,127.0,7.23,81.8,11.5,,,,,
406,2359,所羅門,市,10/01,,128.0,-0.5,-0.39,890,114.0,128.5,129.0,129.0,128.0,0.78,19.1,3.43,,,,,
407,6199,天品,櫃,10/01,,128.0,0.5,0.39,6611,846.0,127.5,127.5,128.5,127.0,1.18,47.1,7.46,,,,,
408,1736,喬山,市,10/01,,127.5,-1.0,-0.78,100,12.8,128.5,130.0,130.0,127.0,2.33,11.5,2.82,,,,,
409,1788,杏昌,櫃,10/01,,127.5,-0.5,-0.39,14,1.77,128.0,128.0,128.0,127.5,0.39,14.5,1.92,,,,,
410,6720,久昌,櫃,10/01,,126.5,-1.0,-0.78,14,1.81,127.5,126.5,127.0,126.0,0.78,34.2,4.35,,,,,
411,00662,富邦NASDAQ,市,10/01,,126.2,2.0,1.61,2163,271.0,124.2,124.75,126.2,124.75,1.17,,1.0111,,,,,
412,3010,華立,市,10/01,,126.0,0.5,0.4,393,49.5,125.5,126.0,127.0,125.0,1.59,11.3,1.19,,,,,
413,6655,科定,市,10/01,,125.0,0.0,0.0,0,0.06,125.0,125.0,125.0,125.0,0.0,25.8,3.0,,,,,
414,2375,凱美,市,10/01,,124.5,6.5,5.51,8440,1046.0,118.0,119.0,127.0,119.0,6.78,29.9,1.27,,,,,
415,2441,超豐,市,10/01,,124.5,-1.0,-0.8,2287,283.0,125.5,125.5,125.5,123.0,1.99,23.0,2.58,,,,,
416,2478,大毅,市,10/01,,124.5,4.5,3.75,6255,785.0,120.0,120.5,128.5,120.5,6.67,25.6,2.44,,,,,
417,9939,宏全,市,10/01,,124.5,-1.5,-1.19,798,99.3,126.0,126.0,126.0,123.5,1.98,11.3,1.86,,,,,
418,3213,茂訊,櫃,10/01,,124.0,-0.5,-0.4,143,17.8,124.5,124.5,124.5,124.0,0.4,12.9,1.86,,,,,
419,8103,瀚荃,市,10/01,,124.0,2.5,2.06,4022,491.0,121.5,122.0,125.0,119.0,4.94,21.6,2.39,,,,,
420,00762,元大全球AI,市,10/01,,123.0,2.25,1.86,179,21.9,120.75,120.35,123.0,120.35,2.19,,1.0087,,,,,
421,2476,鉅祥,市,10/01,,123.0,-0.5,-0.4,859,105.0,123.5,123.5,123.5,120.5,2.43,19.9,2.96,,,,,
422,6904,伯鑫,櫃,10/01,,123.0,0.0,0.0,0,0.0,123.0,123.0,123.0,123.0,0.0,16.2,2.26,,,,,
423,6532,瑞耘,櫃,10/01,,122.5,4.0,3.38,5888,722.0,118.5,121.0,127.0,115.5,9.7,15.2,3.71,,,,,
424,3045,台灣大,市,10/01,,122.0,2.5,2.09,5835,706.0,119.5,120.0,122.0,119.5,2.09,22.9,4.42,,,,,
425,2337,旺宏,市,10/01,,121.0,-1.5,-1.22,16468,1995.0,122.5,121.0,122.5,119.5,2.45,28.6,3.87,,,,,
426,3004,豐達科,市,10/01,,121.0,2.0,1.68,488,59.3,119.0,119.5,123.5,119.0,3.78,18.8,2.06,,,,,
427,6416,瑞祺電通,市,10/01,,120.5,6.0,5.24,1337,158.0,114.5,116.0,121.0,115.5,4.8,22.5,2.45,,,,,
428,6859,伯特光,櫃,10/01,,120.5,0.0,0.0,27,3.21,120.5,119.5,121.5,119.5,1.66,42.6,2.38,,,,,
429,6834,天二科技,市,10/01,,119.5,10.5,9.63,9598,1122.0,109.0,110.0,119.5,110.0,8.72,51.7,6.85,,,,,
430,3029,零壹,市,10/01,,119.0,-1.0,-0.83,921,110.0,120.0,120.0,120.5,118.5,1.67,17.1,3.76,,,,,
431,3702,大聯大,市,10/01,,119.0,5.0,4.39,9434,1107.0,114.0,115.0,119.5,114.0,4.82,9.92,2.14,,,,,
432,4755,三福化,市,10/01,,119.0,1.0,0.85,155,18.2,118.0,118.0,119.0,116.0,2.54,25.9,1.76,,,,,
433,6574,霈方,櫃,10/01,,118.5,0.0,0.0,11,1.3,118.5,118.5,118.5,117.5,0.84,8.96,2.44,,,,,
434,7786,東方風能,市,10/01,,118.5,-1.0,-0.84,78,9.18,119.5,118.0,119.0,117.5,1.26,11.1,2.14,,,,,
435,4506,崇友,櫃,10/01,,118.0,0.0,0.0,31,3.59,118.0,118.0,118.0,117.5,0.42,15.3,3.66,,,,,
436,6914,阜爾運通,市,10/01,,118.0,-1.0,-0.84,76,8.96,119.0,119.0,119.0,118.0,0.84,11.8,2.17,,,,,
437,8042,金山電,櫃,10/01,,118.0,6.5,5.83,12002,1414.0,111.5,112.0,122.0,112.0,8.97,31.2,3.41,,,,,
438,3005,神基,市,10/01,,117.5,1.0,0.86,975,114.0,116.5,117.0,117.5,116.5,0.86,13.9,2.88,,,,,
439,4953,緯致,櫃,10/01,,117.5,0.5,0.43,102,12.0,117.0,117.5,118.5,117.0,1.28,11.6,2.04,,,,,
440,6716,應廣,櫃,10/01,,117.5,3.5,3.07,411,47.6,114.0,114.5,117.5,113.0,3.95,18.4,4.19,,,,,
441,3169,亞信,櫃,10/01,,117.0,2.0,1.74,475,56.0,115.0,115.0,119.5,115.0,3.91,30.6,4.19,,,,,
442,3581,博磊,櫃,10/01,,117.0,0.0,0.0,1644,195.0,117.0,126.0,128.5,114.0,12.4,49.8,6.59,,,,,
443,1815,富喬,櫃,10/01,,116.0,0.0,0.0,31722,3697.0,116.0,117.0,119.5,113.5,5.17,33.3,4.95,,,,,
444,6855,數泓科,櫃,10/01,,116.0,0.0,0.0,0,0.0,116.0,116.0,116.0,116.0,0.0,11.7,3.05,,,,,
445,3577,泓格,櫃,10/01,,115.5,-2.0,-1.7,193,22.5,117.5,118.5,118.5,115.0,2.98,26.6,5.01,,,,,
446,8150,南茂,市,10/01,,115.5,1.0,0.87,72187,8163.0,114.5,113.0,116.0,109.5,5.68,35.9,3.25,,,,,
447,1537,廣隆,市,10/01,,115.0,0.0,0.0,144,16.4,115.0,114.5,115.0,114.0,0.87,13.9,2.23,,,,,
448,8086,宏捷科,櫃,10/01,,115.0,0.5,0.44,3871,443.0,114.5,114.5,116.5,111.5,4.37,21.4,2.67,,,,,
449,00663L,國泰臺灣加權正2,市,10/01,,114.6,1.75,1.55,2626,298.0,112.85,113.15,114.6,112.2,2.13,,1.0135,,,,,
450,9942,茂順,市,10/01,,114.5,0.0,0.0,23,2.57,114.5,114.5,114.5,114.0,0.44,12.5,2.28,,,,,
451,6279,胡連,櫃,10/01,,113.0,0.5,0.44,211,23.7,112.5,112.5,113.0,111.5,1.33,9.92,1.48,,,,,
452,0050,元大台灣50,市,10/01,,112.9,0.85,0.76,55443,6224.0,112.05,112.2,112.9,111.7,1.07,,1.0003,,,,,
453,1558,伸興,市,10/01,,112.5,0.0,0.0,386,41.9,112.5,112.5,112.5,104.0,7.56,14.0,1.4,,,,,
454,2615,萬海,市,10/01,,112.5,-1.5,-1.32,4210,474.0,114.0,113.0,113.5,111.5,1.75,7.73,1.09,,,,,
455,3691,碩禾,櫃,10/01,,112.5,-7.0,-5.86,1174,135.0,119.5,120.0,120.5,112.0,7.11,41.2,1.71,,,,,
456,1727,中華化,市,10/01,,112.0,3.0,2.75,18550,2048.0,109.0,108.0,116.0,105.5,9.63,162.0,6.64,,,,,
457,5443,均豪,櫃,10/01,,112.0,-1.0,-0.88,2974,339.0,113.0,112.0,116.5,112.0,3.98,48.1,0.89,,,,,
458,3430,奇鈦科,櫃,10/01,,111.5,0.0,0.0,147,16.4,111.5,112.0,113.0,111.0,1.79,24.1,3.17,,,,,
459,4556,旭然,櫃,10/01,,111.5,10.0,9.85,3004,319.0,101.5,108.0,111.5,98.3,13.0,104.0,5.69,,,,,
460,7747,昕奇雲端,櫃,10/01,,111.5,0.0,0.0,301,33.6,111.5,111.5,111.5,111.5,0.0,25.1,3.17,,,,,
461,00640L,富邦日本正2,市,10/01,,111.2,1.3,1.18,59,6.49,109.9,109.0,111.2,109.0,2.0,,1.002,,,,,
462,6230,尼得科超眾,市,10/01,,111.0,-2.0,-1.77,38,4.19,113.0,111.0,111.0,110.0,0.88,,1.65,,,,,
463,2882,國泰金,市,10/01,,110.5,-0.5,-0.45,20285,2236.0,111.0,112.0,112.0,109.0,2.7,12.1,1.59,,,,,
464,3689,湧德,櫃,10/01,,110.5,0.0,0.0,295,32.6,110.5,111.5,111.5,110.0,1.36,13.7,1.99,,,,,
465,4107,邦特,櫃,10/01,,110.5,0.0,0.0,19,2.14,110.5,110.0,110.5,110.0,0.45,13.0,2.17,,,,,
466,6192,巨路,市,10/01,,110.0,0.5,0.46,131,14.3,109.5,109.0,110.0,108.5,1.37,10.6,1.4,,,,,
467,6588,東典光電,櫃,10/01,,110.0,2.0,1.85,1016,112.0,108.0,109.0,112.0,108.0,3.7,579.0,4.88,,,,,
468,7820,立盈,櫃,10/01,,110.0,-0.5,-0.45,10,1.08,110.5,108.5,110.0,106.5,3.17,45.3,3.34,,,,,
469,00735,國泰臺韓科技,市,10/01,,109.65,1.7,1.57,900,97.8,107.95,107.95,109.7,107.75,1.81,,0.9967,,,,,
470,5351,鈺創,櫃,10/01,,109.5,-1.0,-0.9,5489,595.0,110.5,109.5,109.5,107.0,2.26,16.9,4.99,,,,,
471,3580,友威科,櫃,10/01,,109.0,-1.5,-1.36,1264,138.0,110.5,112.0,112.0,107.5,4.07,66.9,4.15,,,,,
472,6728,上洋,櫃,10/01,,109.0,0.0,0.0,29,3.11,109.0,109.0,109.0,108.0,0.92,11.9,1.67,,,,,
473,2236,百達-KY,市,10/01,,108.5,-1.0,-0.91,414,44.5,109.5,109.5,109.5,106.0,3.2,,2.83,,,,,
474,3679,新至陞,市,10/01,,108.5,0.5,0.46,64,6.94,108.0,108.0,109.0,107.5,1.39,9.16,1.41,,,,,
475,6581,鋼聯,市,10/01,,108.0,-0.5,-0.46,14,1.53,108.5,108.0,109.0,108.0,0.92,14.6,2.74,,,,,
476,5871,中租-KY,市,10/01,,107.5,0.5,0.47,7876,840.0,107.0,107.0,107.5,106.0,1.4,9.62,1.08,,,,,
477,4912,聯德控股-KY,市,10/01,,107.0,7.0,7.0,1799,191.0,100.0,100.0,110.0,100.0,10.0,34.4,1.71,,,,,
478,6462,神盾,櫃,10/01,,107.0,1.0,0.94,1738,187.0,106.0,106.0,110.5,106.0,4.25,,1.32,,,,,
479,5222,全訊,市,10/01,,106.5,0.0,0.0,118,12.5,106.5,107.5,107.5,105.5,1.88,55.2,3.32,,,,,
480,9917,中保科,市,10/01,,106.5,1.0,0.95,205,21.7,105.5,106.0,106.5,105.5,0.95,15.5,3.76,,,,,
481,2546,根基,市,10/01,,106.0,1.0,0.95,120,12.6,105.0,105.0,106.0,104.5,1.43,7.09,2.11,,,,,
482,3305,昇貿,市,10/01,,106.0,0.0,0.0,660,69.9,106.0,106.5,107.5,105.0,2.36,19.1,2.46,,,,,
483,1215,卜蜂,市,10/01,,105.5,0.5,0.48,322,33.9,105.0,105.0,105.5,104.5,0.95,12.2,2.84,,,,,
484,2385,群光,市,10/01,,105.5,1.0,0.96,1776,188.0,104.5,104.5,106.5,104.5,1.91,11.8,1.72,,,,,
485,4904,遠傳,市,10/01,,105.0,1.5,1.45,3202,334.0,103.5,103.5,105.0,103.0,1.93,25.5,4.4,,,,,
486,8436,大江,櫃,10/01,,105.0,-1.5,-1.41,228,24.1,106.5,106.5,106.5,105.0,1.41,11.2,1.51,,,,,
487,6204,艾華,櫃,10/01,,104.5,1.5,1.46,526,55.9,103.0,105.0,110.0,104.0,5.83,87.8,6.72,,,,,
488,5299,杰力,櫃,10/01,,103.5,1.0,0.98,252,26.0,102.5,102.5,104.0,102.0,1.95,12.9,1.59,,,,,
489,6629,泰金-KY,櫃,10/01,,103.5,0.0,0.0,4,0.42,103.5,102.5,103.5,102.5,0.97,9.06,2.29,,,,,
490,2426,鼎元,市,10/01,,103.0,-1.0,-0.96,60579,6449.0,104.0,106.5,111.5,102.0,9.13,1030.0,8.07,,,,,
491,4916,事欣科,市,10/01,,103.0,-1.0,-0.96,1928,201.0,104.0,105.0,105.5,103.0,2.4,15.8,3.53,,,,,
492,6585,鼎基,市,10/01,,102.5,-1.5,-1.44,134,13.8,104.0,104.0,104.0,102.0,1.92,13.2,1.88,,,,,
493,7740,熙特爾-創,市,10/01,,102.5,-2.0,-1.91,169,17.6,104.5,106.5,108.0,102.0,5.74,14.4,3.66,,,,,
494,1514,亞力,市,10/01,,102.0,-0.5,-0.49,554,56.5,102.5,103.0,103.0,101.5,1.46,27.9,4.39,,,,,
495,6417,韋僑,櫃,10/01,,102.0,0.0,0.0,73,7.42,102.0,102.0,102.5,101.0,1.47,15.6,2.43,,,,,
496,6530,創威,櫃,10/01,,102.0,-2.5,-2.39,1722,176.0,104.5,104.5,104.5,100.5,3.83,42.1,7.46,,,,,
497,1785,光洋科,櫃,10/01,,101.0,0.5,0.5,5968,602.0,100.5,101.5,103.0,99.3,3.68,15.1,3.71,,,,,
498,4968,立積,市,10/01,,101.0,4.4,4.55,2245,226.0,96.6,97.6,103.5,97.0,6.73,27.4,3.45,,,,,
499,4946,辣椒,櫃,10/01,,100.5,-1.0,-0.99,10,1.0,101.5,98.5,101.5,98.5,2.96,42.9,5.15,,,,,
500,6703,軒郁,櫃,10/01,,100.5,0.0,0.0,13,1.31,100.5,100.0,100.5,99.8,0.7,10.7,2.56,,,,,
501,6791,虎門科技,櫃,10/01,,100.5,1.0,1.01,6,0.58,99.5,100.5,100.5,100.0,0.5,21.2,4.45,,,,,
502,7402,邑錡,櫃,10/01,,100.5,-0.5,-0.5,121,12.2,101.0,102.0,102.0,100.0,1.98,,5.67,,,,,
503,1342,八貫,市,10/01,,100.0,0.0,0.0,109,10.9,100.0,100.0,100.5,99.6,0.9,14.1,3.47,,,,,
504,5871A,中租-KY甲特,市,10/01,,100.0,0.0,0.0,13,1.3,100.0,100.0,100.0,99.9,0.1,,,,,,,
505,6840,東研信超,櫃,10/01,,99.3,0.4,0.4,343,33.4,98.9,97.6,99.6,96.4,3.24,45.6,2.83,,,,,
506,6028,公勝保經,櫃,10/01,,99.2,0.2,0.2,11,1.1,99.0,98.6,99.2,98.3,0.91,9.16,2.71,,,,,
507,2755,揚秦,櫃,10/01,,99.0,0.1,0.1,27,2.64,98.9,98.9,99.0,98.5,0.51,17.3,3.36,,,,,
508,3138,耀登,市,10/01,,99.0,-2.0,-1.98,366,36.2,101.0,100.0,100.5,98.5,1.98,37.8,2.03,,,,,
509,3708,上緯投控,市,10/01,,98.9,0.0,0.0,306,30.2,98.9,98.5,99.4,97.6,1.82,2.5,0.41,,,,,
510,6756,威鋒電子,市,10/01,,98.0,-0.7,-0.71,119,11.8,98.7,99.4,101.5,98.0,3.55,55.1,2.26,,,,,
511,4439,冠星-KY,市,10/01,,97.7,-0.7,-0.71,6,0.59,98.4,98.5,98.5,97.0,1.52,10.5,1.07,,,,,
512,7842,天能綠電,櫃,10/01,,97.7,-0.6,-0.61,3,0.34,98.3,98.2,98.2,97.0,1.22,19.5,2.11,,,,,
513,00731,復華富時高息低波,市,10/01,,97.5,-0.5,-0.51,526,50.9,98.0,97.75,97.75,96.65,1.12,,0.9969,,,,,
514,5425,台半,櫃,10/01,,97.5,1.5,1.56,12144,1181.0,96.0,96.0,98.5,95.7,2.92,32.9,3.12,,,,,
515,5478,智冠,櫃,10/01,,97.5,0.4,0.41,23,2.28,97.1,97.5,97.6,97.4,0.21,11.5,1.68,,,,,
516,00692,富邦公司治理,市,10/01,,97.4,0.8,0.83,517,50.1,96.6,96.6,97.4,96.3,1.14,,1.0007,,,,,
517,1580,新麥,櫃,10/01,,97.4,0.3,0.31,26,2.54,97.1,96.8,97.4,96.7,0.72,8.49,1.54,,,,,
518,6596,寬宏藝術,櫃,10/01,,97.2,-0.1,-0.1,57,5.51,97.3,97.4,97.4,96.7,0.72,4.86,3.0,,,,,
519,6215,和椿,市,10/01,,97.1,-0.6,-0.61,269,26.1,97.7,98.0,98.0,96.5,1.54,29.0,4.8,,,,,
520,4549,桓達,櫃,10/01,,96.9,-0.2,-0.21,54,5.19,97.1,96.9,96.9,95.9,1.03,23.8,2.92,,,,,
521,1565,精華,櫃,10/01,,96.7,0.2,0.21,84,8.1,96.5,96.8,96.8,96.1,0.73,12.1,0.76,,,,,
522,6592A,和潤企業甲特,市,10/01,,96.6,0.5,0.52,3,0.3,96.1,96.6,96.6,96.6,0.0,,,,,,,
523,00850,元大臺灣ESG永續,市,10/01,,96.5,0.45,0.47,536,51.7,96.05,96.05,96.7,95.65,1.09,,0.9953,,,,,
524,6752,叡揚,櫃,10/01,,96.2,0.2,0.21,9,0.83,96.0,95.5,96.2,95.2,1.04,14.0,2.67,,,,,
525,6863,永道-KY,市,10/01,,95.5,0.2,0.21,53,5.07,95.3,95.7,96.0,95.0,1.05,33.6,1.15,,,,,
526,2347,聯強,市,10/01,,95.4,0.5,0.53,5965,569.0,94.9,95.0,96.2,94.4,1.9,13.0,1.84,,,,,
527,6592B,和潤企業乙特,市,10/01,,95.4,0.8,0.85,3,0.29,94.6,94.6,95.4,94.6,0.85,,,,,,,
528,8040,九暘,櫃,10/01,,95.4,-3.1,-3.15,2809,270.0,98.5,98.0,99.0,95.4,3.65,1192.0,3.71,,,,,
529,2637,慧洋-KY,市,10/01,,95.3,-1.1,-1.14,2303,221.0,96.4,96.5,96.5,95.2,1.35,10.6,1.43,,,,,
530,6785,昱展新藥,櫃,10/01,,95.3,0.2,0.21,32,3.04,95.1,95.3,96.0,95.0,1.05,,2.68,,,,,
531,6955,邦睿生技-創,市,10/01,,95.2,-0.8,-0.83,7,0.7,96.0,94.6,95.2,94.6,0.63,21.9,3.6,,,,,
532,6423,億而得,櫃,10/01,,94.4,8.5,9.9,349,32.4,85.9,89.3,94.4,89.1,6.17,128.0,5.51,,,,,
533,5285,界霖,市,10/01,,94.2,4.1,4.55,1551,144.0,90.1,91.0,94.2,90.2,4.44,30.6,3.12,,,,,
534,6505,台塑化,市,10/01,,94.2,-3.1,-3.19,27317,2590.0,97.3,97.5,98.7,92.8,6.06,16.4,1.84,,,,,
535,2254,巨鎧精密-創,市,10/01,,94.1,1.5,1.62,1663,156.0,92.6,93.0,94.6,93.0,1.73,,6.2,,,,,
536,3013,晟銘電,市,10/01,,94.0,7.2,8.29,5260,477.0,86.8,87.1,94.0,85.8,9.45,17.3,3.51,,,,,
537,6854,錼創科技-KY創,市,10/01,,93.7,0.4,0.43,209,19.6,93.3,94.6,95.6,92.4,3.43,,3.22,,,,,
538,2465,麗臺,市,10/01,,93.2,2.0,2.19,1460,134.0,91.2,91.5,93.6,90.0,3.95,34.4,6.42,,,,,
539,5243,乙盛-KY,市,10/01,,93.2,1.7,1.86,1158,107.0,91.5,92.0,93.4,90.7,2.95,17.8,1.82,,,,,
540,5403,中菲,櫃,10/01,,93.0,0.2,0.22,22,2.07,92.8,93.0,93.0,92.5,0.54,11.4,2.84,,,,,
541,2231,為升,市,10/01,,92.9,-1.8,-1.9,330,31.2,94.7,97.0,97.5,92.2,5.6,,3.73,,,,,
542,00876,元大全球5G,市,10/01,,92.75,1.5,1.64,361,33.2,91.25,91.25,92.75,91.0,1.92,,1.0021,,,,,
543,3022,威強電,市,10/01,,92.6,0.3,0.33,863,79.7,92.3,92.3,93.4,91.6,1.95,12.3,1.43,,,,,
544,5464,霖宏,櫃,10/01,,92.5,4.3,4.88,575,52.1,88.2,90.4,93.7,86.8,7.82,197.0,4.98,,,,,
545,6183,關貿,市,10/01,,92.3,0.5,0.54,12,1.09,91.8,91.0,92.3,91.0,1.42,20.5,5.15,,,,,
546,6799,來頡,市,10/01,,92.2,0.5,0.55,325,30.0,91.7,91.8,93.7,91.5,2.4,17.8,2.43,,,,,
547,7708,全家餐飲,櫃,10/01,,92.2,0.0,0.0,17,1.56,92.2,92.1,92.2,92.0,0.22,12.3,2.34,,,,,
548,9958,世紀鋼,市,10/01,,92.0,-1.0,-1.08,872,80.6,93.0,93.0,93.6,91.7,2.04,13.1,1.93,,,,,
549,2548,華固,市,10/01,,91.8,0.2,0.22,575,52.9,91.6,92.0,92.3,91.7,0.66,7.79,1.41,,,,,
550,8932,智通*,櫃,10/01,,91.8,-0.8,-0.86,729,67.3,92.6,92.6,93.5,91.8,1.84,43.1,13.25,,,,,
551,9921,巨大,市,10/01,,91.8,-1.3,-1.4,1035,95.0,93.1,93.1,93.1,91.1,2.15,60.0,1.05,,,,,
552,6104,創惟,櫃,10/01,,91.7,0.2,0.22,431,39.6,91.5,91.9,92.6,91.5,1.2,19.3,3.87,,,,,
553,6176,瑞儀,市,10/01,,91.4,0.2,0.22,1062,97.0,91.2,91.6,92.0,90.8,1.32,11.3,1.16,,,,,
554,3535,晶彩科,市,10/01,,91.3,-0.7,-0.76,588,53.5,92.0,92.0,92.3,90.4,2.07,52.5,6.42,,,,,
555,6569,醫揚,櫃,10/01,,91.3,-0.9,-0.98,9,0.87,92.2,91.2,91.6,91.2,0.43,19.4,2.3,,,,,
556,00830,國泰費城半導體,市,10/01,,90.9,2.1,2.36,9754,876.0,88.8,89.0,90.9,89.0,2.14,,1.0218,,,,,
557,6534,正瀚-創,市,10/01,,90.8,0.2,0.22,13,1.22,90.6,91.4,91.4,90.1,1.43,15.5,3.48,,,,,
558,5263,智崴,櫃,10/01,,90.7,1.6,1.8,130,11.7,89.1,89.2,91.3,89.2,2.36,41.2,1.68,,,,,
559,5493,三聯,櫃,10/01,,90.7,0.1,0.11,103,9.32,90.6,90.9,91.2,90.3,0.99,16.2,2.18,,,,,
560,4577,達航科技,櫃,10/01,,90.4,-2.0,-2.16,1188,110.0,92.4,94.0,94.6,89.7,5.3,,4.66,,,,,
561,4951,精拓科,櫃,10/01,,90.3,-1.2,-1.31,256,23.3,91.5,91.6,92.5,90.2,2.51,14.2,3.29,,,,,
562,8390,金益鼎,櫃,10/01,,90.3,-0.1,-0.11,216,19.5,90.4,90.4,91.2,89.9,1.44,10.0,2.3,,,,,
563,00861,元大全球未來通訊,市,10/01,,90.2,1.7,1.92,199,17.8,88.5,88.85,90.2,88.85,1.53,,1.0043,,,,,
564,4938,和碩,市,10/01,,90.2,0.4,0.45,6888,619.0,89.8,90.1,90.2,89.2,1.11,15.2,1.17,,,,,
565,2114,鑫永銓,市,10/01,,90.0,0.1,0.11,9,0.84,89.9,89.7,90.0,89.3,0.78,14.4,2.32,,,,,
566,8054,安國,櫃,10/01,,89.8,1.2,1.35,2194,199.0,88.6,89.0,92.5,88.9,4.06,,3.71,,,,,
567,5312,寶島科,櫃,10/01,,89.5,-0.4,-0.44,19,1.68,89.9,90.0,90.0,89.5,0.56,12.2,1.25,,,,,
568,6523,達爾膚,櫃,10/01,,89.5,0.5,0.56,24,2.18,91.0,89.0,89.6,89.0,0.67,13.6,3.16,,,,,
569,00661,元大日經225,市,10/01,,89.35,2.65,3.06,128,11.4,86.7,87.9,89.35,87.85,1.73,,0.9972,,,,,
570,7757,金色三麥,櫃,10/01,,89.2,-1.0,-1.11,16,1.46,90.2,90.3,90.3,89.1,1.33,11.0,2.16,,,,,
571,2535,達欣工,市,10/01,,88.9,-0.3,-0.34,167,14.8,89.2,89.3,89.3,88.7,0.67,8.71,2.14,,,,,
572,1472,三洋實業,市,10/01,,88.8,0.0,0.0,103,9.16,88.8,88.8,88.8,88.2,0.68,13.9,2.14,,,,,
573,5306,桂盟,市,10/01,,88.4,-0.4,-0.45,187,16.4,88.8,88.5,88.5,87.8,0.79,12.5,1.17,,,,,
574,6245,立端,櫃,10/01,,88.3,0.5,0.57,447,39.3,87.8,88.3,88.3,87.3,1.14,20.2,2.18,,,,,
575,4590,富田-創,市,10/01,,88.2,-0.9,-1.01,133,11.8,89.1,89.0,89.0,88.1,1.01,16.5,1.35,,,,,
576,8467,波力-KY,市,10/01,,88.1,0.4,0.46,6,0.55,87.7,87.1,88.1,87.1,1.14,13.7,1.65,,,,,
577,6456,GIS-KY,市,10/01,,87.9,-4.1,-4.46,20201,1779.0,92.0,91.9,92.0,86.1,6.41,,1.0,,,,,
578,3162,精確,櫃,10/01,,87.5,2.1,2.46,7506,667.0,85.4,86.0,92.0,86.0,7.03,141.0,3.28,,,,,
579,4739,康普,市,10/01,,87.5,-0.9,-1.02,1655,144.0,88.4,88.4,88.5,86.2,2.6,16.9,1.69,,,,,
580,8096,擎亞,櫃,10/01,,87.5,-0.8,-0.91,2982,264.0,88.3,90.0,90.9,87.1,4.3,24.2,4.21,,,,,
581,3528,安馳,市,10/01,,86.9,1.3,1.52,407,35.3,85.6,85.1,87.9,85.1,3.27,9.57,2.55,,,,,
582,7709,榮田,櫃,10/01,,85.8,-0.5,-0.58,84,7.2,86.3,88.0,88.1,85.3,3.24,23.0,1.98,,,,,
583,7825,和亞智慧,櫃,10/01,,85.6,1.2,1.42,444,38.0,84.4,84.6,88.0,83.5,5.33,,4.72,,,,,
584,1707,葡萄王,市,10/01,,85.5,-0.2,-0.23,291,24.9,85.7,85.6,85.6,85.1,0.58,11.0,1.24,,,,,
585,8446,華研,櫃,10/01,,84.9,0.1,0.12,12,1.03,84.8,84.8,85.0,84.6,0.47,10.8,2.23,,,,,
586,6023,元大期,櫃,10/01,,84.8,-0.2,-0.24,1015,85.6,85.0,85.5,85.5,83.8,2.0,10.8,1.36,,,,,
587,6485,點序,櫃,10/01,,84.7,7.7,10.0,3566,293.0,77.0,80.7,84.7,77.5,9.35,,2.04,,,,,
588,2006,東和鋼鐵,市,10/01,,84.6,-0.8,-0.94,2447,208.0,85.4,85.6,86.7,84.1,3.04,11.2,1.81,,,,,
589,2484,希華,市,10/01,,84.6,6.6,8.46,40049,3312.0,78.0,78.4,85.8,77.3,10.9,61.3,3.29,,,,,
590,2745,五福,櫃,10/01,,84.6,-0.3,-0.35,20,1.66,84.9,85.5,85.6,84.5,1.3,8.6,3.11,,,,,
591,3141,晶宏,櫃,10/01,,84.5,-0.8,-0.94,1475,125.0,85.3,85.5,86.8,84.1,3.17,27.7,2.28,,,,,
592,3158,嘉實,櫃,10/01,,84.5,-0.4,-0.47,30,2.53,84.9,85.9,85.9,84.3,1.88,11.7,2.71,,,,,
593,3388,崇越電,櫃,10/01,,84.4,-0.9,-1.06,602,51.2,85.3,85.3,86.9,84.2,3.17,14.9,1.32,,,,,
594,6191,精成科,市,10/01,,84.3,0.3,0.36,1085,91.3,84.0,84.3,84.4,83.8,0.71,14.7,1.14,,,,,
595,4905,台聯電,櫃,10/01,,84.1,7.6,9.93,218,18.1,76.5,77.2,84.1,77.2,9.02,6.8,0.79,,,,,
596,6906,現觀科,市,10/01,,84.0,0.4,0.48,41,3.47,83.6,84.4,84.4,83.0,1.67,34.7,3.9,,,,,
597,8112,至上,市,10/01,,83.8,1.0,1.21,5691,475.0,82.8,83.1,84.0,82.7,1.57,6.05,2.06,,,,,
598,5520,力泰,櫃,10/01,,83.5,0.1,0.12,1,0.08,83.2,83.5,83.5,83.5,0.0,8.49,1.52,,,,,
599,8342,益張,櫃,10/01,,83.5,0.0,0.0,4,0.33,83.5,82.0,83.5,82.0,1.8,11.0,2.73,,,,,
600,1595,川寶,櫃,10/01,,83.3,-2.0,-2.34,9124,784.0,85.3,86.0,91.0,81.4,11.3,,1.71,,,,,
601,6642,富致,櫃,10/01,,83.0,1.3,1.59,379,31.4,81.7,81.3,84.8,81.3,4.28,21.9,2.86,,,,,
602,00690,兆豐藍籌30,市,10/01,,82.85,0.55,0.67,138,11.4,82.3,82.35,82.85,81.8,1.28,,0.9956,,,,,
603,6209,今國光,市,10/01,,82.7,1.0,1.22,9114,753.0,81.7,82.0,83.8,81.1,3.3,35.6,4.04,,,,,
604,4129,聯合,櫃,10/01,,82.6,-0.8,-0.96,72,5.96,83.4,83.2,83.2,82.3,1.08,14.4,2.04,,,,,
605,4580,捷流閥業,櫃,10/01,,82.2,0.4,0.49,160,13.0,81.8,81.6,82.3,80.5,2.2,13.6,1.4,,,,,
606,3706,神達,市,10/01,,82.1,2.8,3.53,12817,1041.0,79.3,79.9,82.3,79.6,3.4,14.7,1.43,,,,,
607,6224,聚鼎,市,10/01,,81.7,2.9,3.68,1382,112.0,78.8,79.6,82.9,79.1,4.82,68.1,3.07,,,,,
608,00657,國泰日經225,市,10/01,,81.6,2.3,2.9,370,29.8,79.3,80.35,81.6,80.3,1.64,,0.9984,,,,,
609,4994,傳奇,市,10/01,,81.6,-0.2,-0.24,10,0.84,81.8,81.8,82.5,81.4,1.34,57.1,6.23,,,,,
610,9911,櫻花,市,10/01,,81.5,0.0,0.0,108,8.76,81.5,81.6,81.7,81.4,0.37,12.6,2.74,,,,,
611,6425,易發,櫃,10/01,,81.3,2.3,2.91,5314,431.0,79.0,80.0,84.3,78.4,7.47,78.9,3.21,,,,,
612,6486,互動,櫃,10/01,,81.3,0.7,0.87,57,4.61,80.6,80.7,82.1,80.7,1.74,16.9,2.34,,,,,
613,6535,順藥,櫃,10/01,,80.9,-1.3,-1.58,203,16.5,82.2,83.6,83.6,80.6,3.65,,10.95,,,,,
614,8438,昶昕,市,10/01,,80.9,0.1,0.12,508,41.3,80.8,81.3,82.4,80.1,2.85,22.3,2.83,,,,,
615,8279,生展,櫃,10/01,,80.8,2.8,3.59,46,3.63,78.0,77.6,81.6,77.6,5.13,9.68,0.94,,,,,
616,3444,利機,櫃,10/01,,80.7,-0.6,-0.74,75,6.11,81.3,81.5,81.9,80.5,1.72,40.6,3.46,,,,,
617,4721,美琪瑪,櫃,10/01,,80.6,-1.9,-2.3,611,49.4,82.5,82.5,82.5,80.3,2.67,16.2,4.18,,,,,
618,6143,振曜,櫃,10/01,,80.6,-0.4,-0.49,244,19.7,81.0,81.3,81.5,80.6,1.11,10.2,2.45,,,,,
619,6577,勁豐,櫃,10/01,,80.5,0.5,0.62,51,4.06,80.0,79.7,80.9,79.6,1.63,11.1,3.42,,,,,
620,5340,建榮,櫃,10/01,,80.4,-0.6,-0.74,786,63.5,81.0,81.5,81.5,80.3,1.48,44.4,6.61,,,,,
621,6284,佳邦,櫃,10/01,,80.3,4.7,6.22,3208,255.0,75.6,76.0,82.0,76.0,7.94,20.9,1.37,,,,,
622,3504,揚明光,市,10/01,,80.2,1.1,1.39,1338,108.0,79.1,79.2,81.8,79.2,3.29,,3.21,,,,,
623,7823,奧義賽博-KY創,市,10/01,,79.9,-0.3,-0.37,53,4.24,80.2,80.2,80.2,79.1,1.37,,5.66,,,,,
624,1231,聯華食,市,10/01,,79.8,0.2,0.25,223,17.8,79.6,79.6,79.9,79.5,0.5,16.2,3.18,,,,,
625,1723,中碳,市,10/01,,79.7,-1.0,-1.24,767,61.3,80.7,80.6,81.0,79.5,1.86,25.6,2.31,,,,,
626,6208,日揚,櫃,10/01,,79.5,3.5,4.61,472,37.2,76.0,77.0,80.5,76.8,4.87,18.7,2.33,,,,,
627,2211,長榮鋼,市,10/01,,79.3,-0.4,-0.5,587,46.6,79.7,79.7,79.9,79.1,1.0,10.8,1.2,,,,,
628,3032,偉訓,市,10/01,,79.3,1.0,1.28,311,24.6,78.3,78.9,79.9,78.4,1.92,,3.08,,,,,
629,6261,久元,櫃,10/01,,79.1,0.0,0.0,358,28.2,79.1,79.8,79.8,78.5,1.64,15.4,1.49,,,,,
630,6499,益安,櫃,10/01,,79.1,1.4,1.8,723,57.9,77.7,77.2,82.0,77.1,6.31,,6.23,,,,,
631,6576,逸達,櫃,10/01,,79.1,-0.4,-0.5,102,8.08,79.5,79.3,80.0,79.0,1.26,565.0,9.79,,,,,
632,6919,康霈*,市,10/01,,79.1,0.1,0.13,2747,219.0,79.0,79.4,80.7,79.0,2.15,,13.36,,,,,
633,4939,亞電,櫃,10/01,,78.9,-3.9,-4.71,15752,1263.0,82.8,84.0,84.0,78.3,6.88,91.7,5.11,,,,,
634,1319,東陽,市,10/01,,78.6,0.7,0.9,1484,116.0,77.9,78.2,78.6,77.5,1.41,12.8,1.72,,,,,
635,3483,力致,櫃,10/01,,78.5,-0.6,-0.76,142,11.2,79.1,79.5,79.5,78.2,1.64,26.6,1.58,,,,,
636,4105,東洋,櫃,10/01,,78.5,0.0,0.0,449,35.3,78.5,78.6,78.8,78.2,0.76,11.2,2.81,,,,,
637,2762,世界健身-KY,市,10/01,,78.4,-0.8,-1.01,116,9.12,79.2,79.4,79.4,77.6,2.27,11.9,3.19,,,,,
638,6411,晶焱,櫃,10/01,,78.4,0.8,1.03,155,12.2,77.6,77.9,78.7,77.9,1.03,18.3,1.54,,,,,
639,4126,太醫,櫃,10/01,,78.0,-0.1,-0.13,25,1.97,78.1,78.2,78.2,78.0,0.26,13.0,1.98,,,,,
640,8111,立碁,櫃,10/01,,78.0,-1.3,-1.64,5913,468.0,79.3,79.3,80.5,78.0,3.15,68.4,6.16,,,,,
641,5609,中菲行,櫃,10/01,,77.9,-0.2,-0.26,65,5.08,78.1,78.1,78.2,77.9,0.38,10.0,1.74,,,,,
642,9941,裕融,市,10/01,,77.9,0.0,0.0,1274,98.9,77.9,77.9,78.1,77.2,1.16,9.44,1.3,,,,,
643,6277,宏正,市,10/01,,77.7,0.7,0.91,158,12.2,77.0,76.4,77.9,76.4,1.95,18.8,1.93,,,,,
644,00646,元大S&P500,市,10/01,,77.5,0.35,0.45,1615,125.0,77.15,77.1,77.5,77.0,0.65,,1.0085,,,,,
645,2723,美食-KY,市,10/01,,77.5,0.1,0.13,142,11.0,77.4,77.0,77.8,76.6,1.55,,1.3,,,,,
646,3707,漢磊,櫃,10/01,,77.5,1.8,2.38,21347,1646.0,75.7,76.0,78.5,75.6,3.83,,3.56,,,,,
647,6464,台數科,市,10/01,,77.0,0.2,0.26,11,0.84,76.8,76.8,77.0,76.8,0.26,17.7,1.19,,,,,
648,6612,奈米醫材,櫃,10/01,,77.0,4.5,6.21,126,9.55,72.5,71.9,77.2,71.9,7.31,39.1,1.92,,,,,
649,8374,羅昇,市,10/01,,76.9,-0.7,-0.9,117,8.97,77.6,78.0,78.0,76.4,2.06,,4.16,,,,,
650,1726,永記,市,10/01,,76.5,0.0,0.0,13,1.0,76.5,76.3,76.6,76.2,0.52,12.0,1.17,,,,,
651,2439,美律,市,10/01,,76.5,-0.8,-1.03,1186,90.8,77.3,77.3,77.5,76.2,1.68,13.9,1.13,,,,,
652,3548,兆利,櫃,10/01,,76.5,-0.8,-1.03,171,13.1,77.3,78.0,78.0,76.0,2.59,207.0,0.84,,,,,
653,4137,麗豐-KY,市,10/01,,76.3,-1.0,-1.29,97,7.44,77.3,77.2,77.8,76.2,2.07,11.3,1.28,,,,,
654,6175,立敦,櫃,10/01,,76.3,5.9,8.38,5536,417.0,70.4,70.9,77.1,70.9,8.81,24.3,2.7,,,,,
655,1563,巧新,市,10/01,,76.1,0.5,0.66,196,14.8,75.6,75.5,76.3,74.8,1.98,71.8,2.0,,,,,
656,4949,有成精密,市,10/01,,75.9,-0.4,-0.52,269,20.5,76.3,76.1,77.0,75.5,1.97,19.9,2.92,,,,,
657,2228,劍麟,市,10/01,,75.7,0.9,1.2,88,6.67,74.8,74.9,76.3,74.9,1.87,18.6,1.22,,,,,
658,4566,時碩工業,市,10/01,,75.2,1.1,1.48,3817,289.0,74.1,74.3,77.2,74.3,3.91,29.7,1.64,,,,,
659,6934,心誠鎂,市,10/01,,75.2,-0.1,-0.13,54,4.09,75.3,75.4,76.7,75.2,1.99,,5.13,,,,,
660,6527,明達醫,櫃,10/01,,75.0,0.0,0.0,28,2.1,75.0,75.0,75.0,74.1,1.2,12.8,1.84,,,,,
661,6923,中台,市,10/01,,75.0,-0.2,-0.27,39,2.95,75.2,76.3,76.3,74.5,2.39,18.5,2.71,,,,,
662,5469,瀚宇博,市,10/01,,74.6,0.6,0.81,1286,95.6,74.0,74.1,74.8,73.5,1.76,13.8,0.59,,,,,
663,6412,群電,市,10/01,,74.6,-0.2,-0.27,551,41.3,74.8,74.7,75.6,74.3,1.74,12.3,1.94,,,,,
664,6770,力積電,市,10/01,,74.5,-0.8,-1.06,92791,6881.0,75.3,74.4,74.9,73.3,2.12,22.6,2.72,,,,,
665,1777,生泰,櫃,10/01,,74.3,0.4,0.54,23,1.72,73.9,74.2,74.3,73.6,0.95,9.99,1.29,,,,,
666,3149,正達,市,10/01,,74.3,0.3,0.41,37136,2751.0,74.0,74.3,76.1,72.2,5.27,,7.1,,,,,
667,7713,威力德生醫,櫃,10/01,,74.3,0.0,0.0,2,0.15,74.3,74.4,74.4,74.3,0.13,13.5,2.81,,,,,
668,3645,達邁,市,10/01,,74.2,-1.1,-1.46,3575,267.0,75.3,75.9,76.0,73.8,2.92,28.8,3.03,,,,,
669,8341,日友,市,10/01,,74.2,-0.2,-0.27,107,7.92,74.4,74.4,74.4,74.2,0.27,14.2,1.81,,,,,
670,2436,偉詮電,市,10/01,,74.0,-0.5,-0.67,5128,382.0,74.5,74.2,75.5,73.9,2.15,13.3,3.11,,,,,
671,6625,必應,市,10/01,,74.0,0.0,0.0,57,4.22,74.0,73.7,74.1,73.7,0.54,7.15,2.27,,,,,
672,1216,統一,市,10/01,,73.9,-0.3,-0.4,5934,439.0,74.2,73.9,74.2,73.7,0.67,17.9,3.08,,,,,
673,6918,愛派司,市,10/01,,73.9,-0.4,-0.54,31,2.33,74.3,74.3,74.9,73.9,1.35,13.6,2.1,,,,,
674,00851,台新全球AI,市,10/01,,73.85,0.7,0.96,59,4.36,73.15,73.15,73.85,73.15,0.96,,1.0052,,,,,
675,1717,長興,市,10/01,,73.5,-0.5,-0.68,7328,542.0,74.0,74.6,74.9,73.2,2.3,38.5,2.77,,,,,
676,2606,裕民,市,10/01,,73.5,-0.1,-0.14,1729,127.0,73.6,74.0,74.2,73.1,1.49,10.8,1.54,,,,,
677,7811,民盛,櫃,10/01,,73.5,0.0,0.0,5,0.37,73.5,73.5,73.5,73.5,0.0,10.2,1.23,,,,,
678,2388,威盛,市,10/01,,73.3,0.3,0.41,3772,279.0,73.0,73.3,75.3,72.8,3.42,45.2,1.83,,,,,
679,3673,TPK-KY,市,10/01,,73.3,-2.2,-2.91,26103,1922.0,75.5,73.7,75.8,71.7,5.43,16.0,0.74,,,,,
680,5534,長虹,市,10/01,,73.3,0.2,0.27,506,37.0,73.1,73.2,73.5,73.0,0.68,12.5,1.09,,,,,
681,3546,宇峻,櫃,10/01,,73.2,0.6,0.83,46,3.36,72.6,73.0,73.2,72.6,0.83,15.3,2.72,,,,,
682,6794,向榮生技,市,10/01,,73.2,1.4,1.95,20,1.43,71.8,70.8,73.2,70.2,4.18,,5.69,,,,,
683,00733,富邦臺灣中小,市,10/01,,72.85,1.3,1.82,538,38.9,71.55,71.7,72.9,71.65,1.75,,0.9959,,,,,
684,3628,盈正,櫃,10/01,,72.8,0.1,0.14,47,3.41,72.7,72.7,73.5,72.0,2.06,17.7,2.04,,,,,
685,4104,佳醫,市,10/01,,72.7,0.0,0.0,80,5.83,72.7,72.7,72.7,72.3,0.55,15.1,1.4,,,,,
686,00708L,期元大S&P黃金正2,市,10/01,,72.65,0.45,0.62,2483,179.0,72.2,71.4,72.65,71.4,1.73,,1.0169,,,,,
687,3467,台灣精材,櫃,10/01,,72.6,-1.1,-1.49,806,58.3,73.7,73.6,74.7,69.6,6.92,63.1,3.74,,,,,
688,6925,意藍,櫃,10/01,,72.1,-1.7,-2.3,947,71.1,73.8,73.8,80.0,72.1,10.7,24.8,3.71,,,,,
689,6205,詮欣,市,10/01,,71.8,0.5,0.7,1310,93.8,71.3,70.8,74.1,70.2,5.47,31.6,2.21,,,,,
690,2423,固緯,市,10/01,,71.6,-0.5,-0.69,156,11.1,72.1,72.0,72.0,70.3,2.36,17.0,3.47,,,,,
691,6548,長科*,櫃,10/01,,71.5,-0.7,-0.97,3840,275.0,72.2,72.7,74.0,70.4,4.99,31.2,5.1,,,,,
692,6967,汎瑋材料,櫃,10/01,,71.5,1.3,1.85,200,14.3,70.2,71.2,72.4,70.5,2.71,13.4,2.14,,,,,
693,4974,亞泰,櫃,10/01,,71.3,0.3,0.42,51,3.65,71.0,71.2,71.4,71.0,0.56,14.6,1.57,,,,,
694,5388,中磊,市,10/01,,71.3,-0.2,-0.28,2516,179.0,71.5,71.6,71.7,70.7,1.4,16.0,1.32,,,,,
695,6190,萬泰科,櫃,10/01,,71.2,0.8,1.14,1571,112.0,70.4,71.2,71.6,70.4,1.7,29.7,3.36,,,,,
696,1582,信錦,市,10/01,,71.1,-0.8,-1.11,215,15.3,71.9,72.5,72.5,71.0,2.09,22.1,1.39,,,,,
697,2636,台驊控股,市,10/01,,70.7,-1.0,-1.39,181,12.8,71.7,71.2,71.2,70.3,1.26,10.0,1.0,,,,,
698,8424,惠普,櫃,10/01,,70.7,0.0,0.0,0,0.0,70.7,70.7,70.7,70.7,0.0,11.4,2.3,,,,,
699,00728,第一金工業30,市,10/01,,70.4,0.2,0.28,69,4.86,70.2,69.9,70.4,69.65,1.07,,0.9956,,,,,
700,2348,海悅,市,10/01,,70.4,-0.2,-0.28,109,7.66,70.6,70.4,70.6,70.2,0.57,15.7,1.66,,,,,
701,6874,倍力,櫃,10/01,,70.4,0.6,0.86,13,0.94,69.8,70.0,71.3,69.9,2.01,16.6,3.23,,,,,
702,5321,美而快,櫃,10/01,,70.3,2.6,3.84,506,34.6,67.7,66.7,70.9,66.7,6.2,,5.25,,,,,
703,8487,愛爾達-創,市,10/01,,70.3,-0.5,-0.71,27,1.93,70.8,70.5,70.9,70.0,1.27,13.2,2.96,,,,,
704,6150,撼訊,櫃,10/01,,69.9,6.3,9.91,3244,222.0,63.6,64.5,69.9,64.0,9.28,17.1,1.98,,,,,
705,6432,今展科,櫃,10/01,,69.8,6.3,9.92,3165,213.0,63.5,62.8,69.8,62.5,11.5,28.4,2.53,,,,,
706,6155,鈞寶,市,10/01,,69.6,6.3,9.95,10413,710.0,63.3,64.2,69.6,64.2,8.53,38.5,3.75,,,,,
707,3178,公準,櫃,10/01,,69.4,0.0,0.0,177,12.3,69.4,70.1,70.8,69.3,2.16,217.0,2.59,,,,,
708,6869,雲豹能源,市,10/01,,69.4,-2.5,-3.48,492,34.9,71.9,72.5,72.5,69.4,4.31,,2.04,,,,,
709,6951,青新-創,市,10/01,,69.4,0.2,0.29,19,1.35,69.2,69.3,69.5,69.3,0.29,12.7,2.87,,,,,
710,5511,德昌,櫃,10/01,,69.3,-0.3,-0.43,220,15.2,69.6,69.5,69.5,68.5,1.44,5.83,1.09,,,,,
711,8472,納維康,櫃,10/01,,69.2,-0.3,-0.43,182,11.8,69.5,70.0,70.0,62.6,10.6,,4.74,,,,,
712,1504,東元,市,10/01,,69.1,0.0,0.0,2133,147.0,69.1,69.3,69.4,68.8,0.87,25.0,1.68,,,,,
713,5904,寶雅*,櫃,10/01,,69.1,-0.6,-0.86,3338,230.0,69.7,69.7,69.7,68.7,1.43,2.03,1.01,,,,,
714,2949,欣新網,櫃,10/01,,68.9,0.0,0.0,0,0.0,68.9,68.9,68.9,68.9,0.0,19.0,1.94,,,,,
715,3714,富采,市,10/01,,68.8,-1.1,-1.57,10455,722.0,69.9,70.0,70.5,68.0,3.58,,1.17,,,,,
716,4205,中華食,櫃,10/01,,68.8,0.3,0.44,5,0.32,68.5,68.8,68.8,68.8,0.0,17.3,3.1,,,,,
717,9910,豐泰,市,10/01,,68.8,0.0,0.0,875,60.2,68.8,69.1,69.2,68.3,1.31,14.0,2.87,,,,,
718,1315,達新,市,10/01,,68.7,-0.1,-0.15,11,0.74,68.8,68.9,68.9,68.1,1.16,28.4,0.49,,,,,
719,7736,虎山,市,10/01,,68.7,0.2,0.29,58,3.98,68.5,68.6,69.0,68.6,0.58,12.4,1.48,,,,,
720,6947,台鎔科技,市,10/01,,68.5,0.1,0.15,222,15.2,68.4,67.7,68.9,67.5,2.05,,2.85,,,,,
721,6498,久禾光,櫃,10/01,,68.3,1.5,2.25,91,6.19,66.8,67.5,68.5,66.6,2.84,9.02,2.08,,,,,
722,9914,美利達,市,10/01,,68.3,0.0,0.0,790,53.8,68.3,68.3,68.6,67.6,1.46,19.9,1.05,,,,,
723,7642,昶瑞機電,櫃,10/01,,68.2,-0.3,-0.44,8,0.57,68.5,68.5,68.5,67.4,1.61,27.7,2.16,,,,,
724,1259,安心,櫃,10/01,,68.0,-0.1,-0.15,17,1.15,68.1,67.9,68.0,67.9,0.15,19.2,0.79,,,,,
725,2754,亞洲藏壽司,櫃,10/01,,68.0,0.0,0.0,8,0.56,68.0,67.8,68.0,67.8,0.29,15.5,1.75,,,,,
726,3310,佳穎,櫃,10/01,,68.0,-0.8,-1.16,21,1.44,68.8,68.8,68.8,67.1,2.47,26.2,2.82,,,,,
727,8162,微矽電子-創,市,10/01,,68.0,1.2,1.8,422,28.4,66.8,66.8,68.3,66.1,3.29,50.7,3.25,,,,,
728,2891,中信金,市,10/01,,67.9,-0.5,-0.73,28647,1938.0,68.4,68.1,68.4,67.1,1.9,16.0,1.94,,,,,
729,3338,泰碩,市,10/01,,67.9,-0.1,-0.15,341,23.1,68.0,68.0,69.0,67.2,2.65,58.5,3.01,,,,,
730,6873,泓德能源,市,10/01,,67.9,-0.5,-0.73,192,13.1,68.4,68.4,68.8,67.6,1.75,72.2,0.96,,,,,
731,8383,千附,櫃,10/01,,67.9,-0.5,-0.73,484,32.9,68.4,68.5,68.5,67.7,1.17,13.6,2.01,,,,,
732,1326,台化,市,10/01,,67.7,-2.0,-2.87,18699,1276.0,69.7,69.4,70.9,67.5,4.88,28.7,0.76,,,,,
733,3094,聯傑,市,10/01,,67.7,6.1,9.9,29572,1943.0,61.6,61.8,67.7,61.7,9.74,109.0,5.42,,,,,
734,8284,三竹,櫃,10/01,,67.6,-0.4,-0.59,28,1.9,68.0,68.0,68.9,66.7,3.24,10.1,2.39,,,,,
735,2885,元大金,市,10/01,,67.4,-1.1,-1.61,23395,1568.0,68.5,68.5,68.5,66.5,2.92,16.4,2.35,,,,,
736,6292,迅德,櫃,10/01,,67.2,0.6,0.9,350,23.6,66.6,66.7,68.2,66.7,2.25,12.2,2.62,,,,,
737,6997,博弘,櫃,10/01,,67.0,0.0,0.0,0,0.0,67.0,67.0,67.0,67.0,0.0,33.2,2.93,,,,,
738,6225,天瀚,市,10/01,,66.9,6.0,9.85,168,11.2,60.9,66.9,66.9,66.9,0.0,,21.86,,,,,
739,1301,台塑,市,10/01,,66.8,-1.3,-1.91,19101,1284.0,68.1,68.2,69.2,66.3,4.26,40.7,0.74,,,,,
740,6735,美達科技,櫃,10/01,,66.8,-0.5,-0.74,71,4.78,67.3,69.9,69.9,66.5,5.05,47.4,3.26,,,,,
741,2374,佳能,市,10/01,,66.7,-0.5,-0.74,1221,81.5,67.2,67.5,67.5,66.5,1.49,20.0,2.53,,,,,
742,6921,嘉雨思-創,市,10/01,,66.4,-1.6,-2.35,11,0.74,68.0,66.9,67.0,66.4,0.88,,7.96,,,,,
743,00770,國泰北美科技,市,10/01,,66.3,1.1,1.69,454,29.9,65.2,65.4,66.3,65.4,1.38,,1.0141,,,,,
744,2354,鴻準,市,10/01,,66.2,0.5,0.76,21963,1460.0,65.7,67.1,69.5,65.3,6.39,28.1,0.82,,,,,
745,0052,富邦科技,市,10/01,,66.0,0.55,0.84,17531,1152.0,65.45,65.5,66.0,65.3,1.07,,0.9998,,,,,
746,3709,鑫聯大投控,櫃,10/01,,65.9,0.7,1.07,509,33.7,65.2,66.4,66.8,65.5,1.99,5.83,1.94,,,,,
747,1419,新紡,市,10/01,,65.8,-0.3,-0.45,22,1.43,66.1,66.3,66.3,65.4,1.36,4.73,0.86,,,,,
748,3356,奇偶,市,10/01,,65.7,-0.3,-0.45,212,14.0,66.0,66.4,66.5,65.5,1.52,4.65,1.87,,,,,
749,3317,尼克森,櫃,10/01,,65.2,0.0,0.0,2075,136.0,65.2,64.6,66.4,64.3,3.22,32.4,1.78,,,,,
750,4923,力士,櫃,10/01,,65.2,3.8,6.19,2823,183.0,61.4,61.4,66.7,60.9,9.45,,4.37,,,,,
751,3663,鑫科,櫃,10/01,,65.1,-2.7,-3.98,1180,77.5,67.8,67.2,67.2,64.7,3.69,283.0,2.18,,,,,
752,6590,普鴻,櫃,10/01,,65.1,-0.8,-1.21,16,1.06,65.9,65.7,65.7,65.1,0.91,12.4,2.31,,,,,
753,3226,龍鋒,櫃,10/01,,65.0,4.6,7.62,151,9.4,60.4,61.8,65.0,60.5,7.45,361.0,2.25,,,,,
754,4915,致伸,市,10/01,,65.0,1.5,2.36,2662,170.0,63.5,63.8,65.0,63.1,2.99,12.9,1.5,,,,,
755,6269,台郡,市,10/01,,65.0,-1.0,-1.52,2358,153.0,66.0,66.5,66.5,64.5,3.03,,1.01,,,,,
756,2364,倫飛,市,10/01,,64.9,-0.1,-0.15,82,5.3,65.0,65.0,65.4,64.6,1.23,10.9,3.79,,,,,
757,2459,敦吉,市,10/01,,64.9,-0.1,-0.15,66,4.27,65.0,64.9,65.0,64.5,0.77,11.6,1.15,,,,,
758,3332,幸康,櫃,10/01,,64.9,1.2,1.88,56,3.64,63.7,63.7,65.0,63.7,2.04,16.4,1.65,,,,,
759,9802,鈺齊-KY,市,10/01,,64.8,0.0,0.0,566,36.6,64.8,65.0,65.4,64.2,1.85,12.8,0.96,,,,,
760,8431,匯鑽科,櫃,10/01,,64.7,-2.1,-3.14,1174,77.4,66.8,67.8,67.8,64.3,5.24,,4.52,,,,,
761,2393,億光,市,10/01,,64.5,0.0,0.0,1196,76.9,64.5,64.5,64.6,63.8,1.24,13.8,1.49,,,,,
762,7812,稜研科技*-創,市,10/01,,64.5,-2.2,-3.3,292,19.0,66.7,66.7,66.7,64.0,4.05,,4.3,,,,,
763,2634,漢翔,市,10/01,,64.4,0.4,0.62,4806,309.0,64.0,64.0,64.7,63.8,1.41,31.3,3.3,,,,,
764,6469,大樹,櫃,10/01,,64.4,0.0,0.0,148,9.55,64.4,64.5,64.6,64.1,0.78,18.7,2.63,,,,,
765,3718,中光電投控,櫃,10/01,,64.3,-1.2,-1.83,1909,124.0,65.5,66.2,66.3,64.3,3.05,,,,,,,
766,2015,豐興,市,10/01,,64.2,0.0,0.0,76,4.86,64.2,64.3,64.3,63.9,0.62,15.0,1.69,,,,,
767,6689,伊雲谷,市,10/01,,64.2,-0.6,-0.93,142,9.19,64.8,65.0,65.1,64.1,1.54,29.6,1.5,,,,,
768,7547,碩網,櫃,10/01,,64.1,-0.7,-1.08,240,15.7,64.8,65.1,68.0,64.0,6.17,20.8,2.23,,,,,
769,9927,泰銘,市,10/01,,64.0,-1.1,-1.69,748,47.9,70.1,64.7,64.7,63.7,1.54,10.7,1.45,,,,,
770,8272,全景軟體,櫃,10/01,,63.9,-0.6,-0.93,4,0.27,64.5,62.9,64.2,62.9,2.02,14.0,2.06,,,,,
771,1569,濱川,櫃,10/01,,63.8,1.2,1.92,3416,218.0,62.6,62.7,64.8,61.7,4.95,,3.1,,,,,
772,1525,江申,市,10/01,,63.7,0.0,0.0,10,0.65,63.7,63.8,63.8,63.7,0.16,44.9,0.94,,,,,
773,00715L,期街口布蘭特正2,市,10/01,,63.55,0.2,0.32,2662,172.0,63.35,65.1,65.5,63.5,3.16,,0.9226,,,,,
774,6517,保勝光學,櫃,10/01,,63.5,-0.1,-0.16,90,5.73,63.6,64.1,64.1,63.1,1.57,25.3,2.95,,,,,
775,8050,廣積,櫃,10/01,,63.4,-0.2,-0.31,1896,120.0,63.6,64.1,64.3,62.6,2.67,17.3,1.71,,,,,
776,6768,志強-KY,市,10/01,,63.3,0.6,0.96,106,6.69,62.7,63.0,63.4,62.5,1.44,12.7,0.86,,,,,
777,6965,中傑-KY,市,10/01,,63.2,-0.5,-0.78,48,3.0,63.7,62.8,63.2,62.5,1.1,107.0,0.87,,,,,
778,2397,友通,市,10/01,,63.1,0.1,0.16,77,4.87,63.0,63.1,63.1,62.5,0.95,23.2,2.14,,,,,
779,2070,精湛,櫃,10/01,,63.0,-0.3,-0.47,100,6.29,63.3,62.8,63.7,62.2,2.37,21.6,2.23,,,,,
780,6597,立誠,櫃,10/01,,63.0,-5.7,-8.3,62,3.9,68.7,67.1,67.1,62.0,7.42,38.9,2.39,,,,,
781,8234,新漢,櫃,10/01,,63.0,0.4,0.64,281,17.7,62.6,63.0,63.6,62.8,1.28,,2.94,,,,,
782,2434,統懋,市,10/01,,62.9,-2.5,-3.82,470,29.9,65.4,65.8,65.9,62.5,5.2,,5.19,,,,,
783,00713,元大台灣高息低波,市,10/01,,62.85,-0.15,-0.24,3399,213.0,63.0,62.85,62.85,62.55,0.48,,0.9989,,,,,
784,2732,六角,櫃,10/01,,62.8,-0.3,-0.48,44,2.74,63.1,63.0,63.0,62.2,1.27,17.5,1.58,,,,,
785,2756,聯發國際,櫃,10/01,,62.8,0.0,0.0,10,0.62,62.8,61.5,62.8,61.5,2.07,14.7,2.77,,,,,
786,5309,系統電,櫃,10/01,,62.8,0.1,0.16,16428,1052.0,62.7,63.0,66.5,62.0,7.18,349.0,2.73,,,,,
787,6218,豪勉,櫃,10/01,,62.8,0.9,1.45,1156,72.3,61.9,62.0,63.2,61.6,2.58,37.4,4.03,,,,,
788,2206,三陽工業,市,10/01,,62.6,0.5,0.81,299,18.7,62.1,62.2,62.6,62.1,0.81,10.6,1.84,,,,,
789,6547,高端疫苗,櫃,10/01,,62.6,0.2,0.32,3080,191.0,62.4,62.4,62.7,61.3,2.24,,5.79,,,,,
790,8131,福懋科,市,10/01,,62.5,-0.1,-0.16,1214,75.6,62.6,63.1,63.1,61.9,1.92,18.1,1.79,,,,,
791,2643,捷迅,櫃,10/01,,62.3,-0.3,-0.48,10,0.65,62.6,62.4,62.5,62.3,0.32,8.68,1.11,,,,,
792,6117,迎廣,市,10/01,,62.3,0.1,0.16,158,9.83,62.2,62.6,62.6,61.6,1.61,13.2,2.6,,,,,
793,6122,擎邦,櫃,10/01,,62.3,1.8,2.98,2135,132.0,60.5,60.6,62.5,60.4,3.47,13.1,2.73,,,,,
794,3028,增你強,市,10/01,,62.1,-0.8,-1.27,561,34.9,62.9,62.9,62.9,62.0,1.43,8.65,2.03,,,,,
795,6188,廣明,櫃,10/01,,62.1,0.0,0.0,337,20.9,62.1,62.3,62.5,61.8,1.13,22.1,1.36,,,,,
796,4147,中裕,櫃,10/01,,62.0,-1.7,-2.67,1041,64.7,63.7,63.7,63.9,61.4,3.92,,4.57,,,,,
797,2305,全友,市,10/01,,61.9,-6.8,-9.9,9397,587.0,68.7,65.3,65.3,61.9,4.95,75.5,5.15,,,,,
798,7721,微程式,市,10/01,,61.9,-0.3,-0.48,31,1.9,62.2,62.3,62.3,61.7,0.96,68.8,2.66,,,,,
799,4540,全球傳動,市,10/01,,61.8,-0.3,-0.48,1519,94.1,62.1,62.3,62.5,61.3,1.93,,2.04,,,,,
800,2061,風青,櫃,10/01,,61.7,1.9,3.18,3264,204.0,59.8,60.0,65.0,60.0,8.36,54.1,5.22,,,,,
801,2891B,中信金乙特,市,10/01,,61.7,-0.2,-0.32,2,0.1,61.9,61.7,61.7,61.7,0.0,,,,,,,
802,3687,歐買尬,櫃,10/01,,61.6,1.3,2.16,52,3.16,60.3,60.2,61.7,60.2,2.49,14.1,1.18,,,,,
803,6556,勝品,櫃,10/01,,61.6,-0.5,-0.81,7,0.44,62.1,60.7,62.1,60.7,2.25,7.97,1.1,,,,,
804,00935,野村臺灣新科技50,市,10/01,,61.55,0.6,0.98,4965,303.0,60.95,61.2,61.55,60.75,1.31,,1.0005,,,,,
805,2881A,富邦特,市,10/01,,61.5,-0.1,-0.16,50,3.1,61.6,61.5,61.5,61.4,0.16,,,,,,,
806,3438,類比科,櫃,10/01,,61.5,-0.4,-0.65,64,3.97,61.9,61.8,62.9,61.4,2.42,41.3,1.05,,,,,
807,2248,華勝-KY,市,10/01,,61.4,0.1,0.16,6,0.35,61.3,61.9,61.9,61.4,0.82,8.5,1.66,,,,,
808,2612,中航,市,10/01,,61.4,-0.4,-0.65,132,8.12,61.8,61.5,62.2,61.0,1.94,11.9,0.88,,,,,
809,7704,明遠精密,櫃,10/01,,61.2,-0.2,-0.33,28,1.72,61.4,61.6,61.7,61.0,1.14,18.9,1.77,,,,,
810,4989,榮科,市,10/01,,61.1,0.1,0.16,1666,102.0,61.0,61.0,61.5,60.4,1.8,,5.63,,,,,
811,5291,邑昇,櫃,10/01,,61.1,-0.5,-0.81,325,20.0,61.6,62.5,62.5,61.1,2.27,50.1,2.47,,,,,
812,2881B,富邦金乙特,市,10/01,,60.8,0.1,0.16,2,0.13,60.7,60.8,60.8,60.8,0.0,,,,,,,
813,5522,遠雄,市,10/01,,60.8,-0.2,-0.33,467,28.5,61.0,61.0,61.3,60.8,0.82,6.07,1.0,,,,,
814,6823,濾能,櫃,10/01,,60.7,-0.1,-0.16,13,0.78,60.8,61.1,62.4,60.7,2.8,,3.74,,,,,
815,2363,矽統,市,10/01,,60.6,1.5,2.54,9203,555.0,59.1,59.3,61.0,59.1,3.21,114.0,0.64,,,,,
816,2891C,中信金丙特,市,10/01,,60.5,0.0,0.0,71,4.27,60.5,60.6,60.6,59.9,1.16,,,,,,,
817,2947,振宇五金,櫃,10/01,,60.5,0.0,0.0,9,0.57,60.5,60.5,60.5,60.5,0.0,20.0,1.59,,,,,
818,1784,訊聯,櫃,10/01,,60.4,0.1,0.17,46,2.76,61.2,60.6,60.7,59.9,1.33,53.0,2.45,,,,,
819,6203,海韻電,櫃,10/01,,60.3,0.3,0.5,58,3.47,60.0,60.0,60.3,59.9,0.67,9.16,1.69,,,,,
820,8099,大世科,櫃,10/01,,60.3,0.7,1.17,90,5.41,59.6,60.4,60.6,59.8,1.34,18.3,3.69,,,,,
821,2882A,國泰特,市,10/01,,60.2,0.0,0.0,37,2.25,60.2,60.2,60.2,60.1,0.17,,,,,,,
822,8240,華宏,櫃,10/01,,60.2,2.9,5.06,8494,526.0,57.3,60.8,63.0,60.1,5.06,25.6,1.26,,,,,
823,9930,中聯資源,市,10/01,,60.2,0.0,0.0,65,3.88,60.2,60.1,60.2,59.9,0.5,13.6,2.42,,,,,
824,4541,晟田,櫃,10/01,,60.1,-1.5,-2.44,1338,81.0,61.6,61.7,61.7,60.0,2.76,15.3,2.33,,,,,
825,6202,盛群,市,10/01,,60.1,1.5,2.56,3639,219.0,58.6,58.6,60.7,58.6,3.58,50.1,3.42,,,,,
826,7818,溢泰實業,市,10/01,,60.1,0.0,0.0,55,3.3,60.1,60.0,60.1,59.7,0.67,11.6,1.07,,,,,
827,6024,群益期,市,10/01,,59.9,-0.5,-0.83,272,16.3,60.4,60.4,60.4,59.7,1.16,8.8,1.39,,,,,
828,00668,國泰美國道瓊,市,10/01,,59.85,-0.25,-0.42,102,6.1,60.1,59.6,59.85,59.6,0.42,,1.0101,,,,,
829,3003,健和興,市,10/01,,59.8,-0.6,-0.99,205,12.3,60.4,60.4,60.4,59.5,1.49,24.0,1.41,,,,,
830,2356,英業達,市,10/01,,59.7,0.2,0.34,8414,500.0,59.5,59.6,59.8,59.0,1.34,19.3,2.76,,,,,
831,6546,正基,櫃,10/01,,59.7,0.3,0.51,163,9.71,59.4,60.0,60.4,59.4,1.68,14.6,1.87,,,,,
832,3054,立萬利,市,10/01,,59.6,0.2,0.34,123,7.27,59.4,59.2,59.6,58.5,1.85,12.3,3.13,,,,,
833,3588,通嘉,市,10/01,,59.2,5.3,9.83,611,35.7,53.9,54.2,59.2,54.2,9.28,48.9,2.02,,,,,
834,3556,禾瑞亞,櫃,10/01,,59.1,1.0,1.72,232,13.6,58.1,58.2,59.3,58.0,2.24,16.1,3.12,,,,,
835,1341,富林-KY,市,10/01,,59.0,-0.9,-1.5,2,0.13,59.9,59.0,59.0,59.0,0.0,12.0,2.52,,,,,
836,3229,晟鈦,市,10/01,,59.0,0.4,0.68,1070,62.2,58.6,59.0,59.3,57.2,3.58,44.4,5.56,,,,,
837,3530,晶相光,市,10/01,,59.0,-0.2,-0.34,84,4.99,59.2,59.7,59.9,58.9,1.69,19.0,1.84,,,,,
838,6792,詠業,市,10/01,,59.0,-0.6,-1.01,13,0.77,59.6,59.0,59.5,58.7,1.34,21.0,1.74,,,,,
839,8102,傑霖科技,櫃,10/01,,59.0,-0.9,-1.5,2,0.12,59.9,59.0,59.0,59.0,0.0,23.6,3.22,,,,,
840,8926,台汽電,市,10/01,,58.9,-0.3,-0.51,1155,68.0,59.2,59.3,59.5,58.6,1.52,14.7,2.46,,,,,
841,1802,台玻,市,10/01,,58.8,-1.1,-1.84,15496,913.0,59.9,60.0,60.0,58.3,2.84,68.4,3.31,,,,,
842,2609,陽明,市,10/01,,58.8,-0.6,-1.01,12470,736.0,59.4,58.9,59.4,58.7,1.18,13.3,0.63,,,,,
843,2882B,國泰金乙特,市,10/01,,58.8,0.0,0.0,6,0.36,58.8,58.6,58.8,58.6,0.34,,,,,,,
844,00645,富邦日本,市,10/01,,58.7,0.35,0.6,169,9.85,58.35,58.1,58.8,58.1,1.2,,0.9991,,,,,
845,3537,堡達,櫃,10/01,,58.6,5.3,9.94,1662,95.0,53.3,54.0,58.6,54.0,8.63,12.7,2.56,,,,,
846,5328,華容,櫃,10/01,,58.4,5.3,9.98,13683,780.0,53.1,53.6,58.4,53.3,9.6,82.3,4.44,,,,,
847,6846,綠茵,櫃,10/01,,58.4,-0.1,-0.17,6,0.35,58.5,59.2,59.2,58.0,2.05,12.4,1.72,,,,,
848,2915,潤泰全,市,10/01,,58.3,-0.5,-0.85,1153,67.1,58.8,58.7,58.8,57.7,1.87,4.09,0.38,,,,,
849,00875,國泰網路資安,市,10/01,,58.25,1.2,2.1,149,8.59,57.05,57.65,58.25,57.65,1.05,,1.0136,,,,,
850,5203,訊連,市,10/01,,58.2,-0.2,-0.34,69,4.03,58.4,58.5,58.6,57.8,1.37,13.3,1.03,,,,,
851,3025,星通,市,10/01,,58.1,5.2,9.83,707,40.8,52.9,56.0,58.1,55.7,4.54,12.3,4.25,,,,,
852,00911,兆豐洲際半導體,市,10/01,,58.0,1.3,2.29,814,46.6,56.7,56.8,58.0,56.75,2.2,,1.0143,,,,,
853,2420,新巨,市,10/01,,58.0,3.0,5.45,1735,100.0,55.0,55.4,59.0,55.2,6.91,13.0,2.27,,,,,
854,00910,第一金太空衛星,市,10/01,,57.7,0.45,0.79,511,29.2,57.25,57.25,57.75,56.9,1.48,,1.0076,,,,,
855,6844,諾貝兒,櫃,10/01,,57.4,-0.1,-0.17,11,0.65,57.5,57.5,57.5,56.8,1.22,17.4,0.69,,,,,
856,3171,炎洲流通,櫃,10/01,,57.3,-1.5,-2.55,40,2.29,58.8,58.1,58.5,57.3,2.04,9.05,3.06,,,,,
857,2402,毅嘉,市,10/01,,57.2,-1.3,-2.22,1593,91.5,58.5,58.5,59.3,56.7,4.44,34.3,2.42,,,,,
858,4438,廣越,市,10/01,,57.2,0.2,0.35,26,1.5,57.0,57.6,57.7,57.0,1.23,8.37,0.74,,,,,
859,6592,和潤企業,市,10/01,,57.0,0.1,0.18,704,40.0,56.9,56.9,57.1,56.6,0.88,11.5,1.09,,,,,
860,6841,長佳智能,櫃,10/01,,57.0,-1.8,-3.06,612,35.2,58.8,58.9,59.3,56.8,4.25,85.1,3.4,,,,,
861,0056,元大高股息,市,10/01,,56.85,-0.1,-0.18,42085,2384.0,56.95,56.9,56.95,56.4,0.97,,0.9998,,,,,
862,2832,台產,市,10/01,,56.8,-0.1,-0.18,84,4.74,56.9,56.9,56.9,56.5,0.7,9.45,1.19,,,,,
863,6127,九豪,櫃,10/01,,56.8,5.1,9.86,16537,922.0,51.7,52.3,56.8,52.2,8.9,,5.37,,,,,
864,6708,天擎,櫃,10/01,,56.8,5.1,9.86,1499,85.0,51.7,56.8,56.8,54.9,3.68,189.0,4.22,,,,,
865,3705,永信,市,10/01,,56.7,0.0,0.0,76,4.28,56.7,56.6,56.8,56.2,1.06,16.9,1.94,,,,,
866,6516,勤崴國際,櫃,10/01,,56.5,0.0,0.0,26,1.48,56.5,56.5,56.5,55.9,1.06,26.0,3.33,,,,,
867,00791B,復華信用債1-5,櫃,10/01,,56.4,0.15,0.27,102,5.75,56.25,56.35,56.4,56.35,0.09,,1.0045,,,,,
868,2855,統一證,市,10/01,,56.4,-0.2,-0.35,4222,235.0,56.6,56.5,56.7,54.7,3.53,5.85,1.88,,,,,
869,5007,三星,市,10/01,,56.4,0.0,0.0,9,0.49,56.4,56.4,56.4,56.3,0.18,15.9,2.43,,,,,
870,1720,生達,市,10/01,,56.1,-0.2,-0.36,74,4.15,56.3,56.1,56.1,55.9,0.36,10.7,1.62,,,,,
871,4588,玖鼎電力,市,10/01,,55.8,-0.2,-0.36,22,1.24,56.0,55.4,55.8,55.2,1.07,15.5,2.79,,,,,
872,2250,IKKA-KY,市,10/01,,55.7,-1.3,-2.28,113,6.34,57.0,56.9,57.0,55.6,2.46,21.4,1.01,,,,,
873,4119,旭富,市,10/01,,55.7,0.2,0.36,66,3.65,55.5,55.8,55.9,55.1,1.44,111.0,1.25,,,,,
874,6741,91APP*-KY,櫃,10/01,,55.6,0.5,0.91,98,5.43,55.1,55.1,55.9,55.1,1.45,11.7,2.06,,,,,
875,6742,澤米,市,10/01,,55.6,-0.7,-1.24,967,54.3,56.3,56.9,58.2,55.1,5.51,,3.26,,,,,
876,5225,東科-KY,市,10/01,,55.5,0.1,0.18,64,3.56,55.4,55.1,55.6,55.1,0.9,8.37,1.38,,,,,
877,4737,華廣,市,10/01,,55.4,0.0,0.0,39,2.14,55.4,55.3,56.1,55.0,1.99,,2.04,,,,,
878,6695,芯鼎,市,10/01,,55.4,0.4,0.73,906,50.6,55.0,54.9,56.8,54.9,3.45,,3.19,,,,,
879,4162,智擎,櫃,10/01,,55.3,-0.3,-0.54,196,10.9,55.6,55.5,55.7,55.1,1.08,14.7,1.62,,,,,
880,2496,卓越,市,10/01,,55.1,0.1,0.18,16,0.88,55.0,55.1,55.1,55.0,0.18,8.72,1.26,,,,,
881,7791,皇家可口,市,10/01,,54.8,-0.5,-0.9,59,3.24,55.3,55.1,55.1,54.7,0.72,13.1,1.37,,,,,
882,8045,達運光電,市,10/01,,54.7,0.8,1.48,174,9.5,53.9,54.2,55.5,53.8,3.15,63.6,2.67,,,,,
883,1760,寶齡富錦,市,10/01,,54.6,0.0,0.0,117,6.38,54.6,54.3,54.7,54.3,0.73,21.8,2.5,,,,,
884,3015,全漢,市,10/01,,54.6,-0.6,-1.09,339,18.5,55.2,55.2,55.3,54.3,1.81,21.5,0.68,,,,,
885,9937,全國,市,10/01,,54.5,0.0,0.0,14,0.77,54.5,54.2,54.5,54.2,0.55,21.1,3.04,,,,,
886,3684,榮昌,櫃,10/01,,54.3,1.4,2.65,50,2.69,52.9,52.9,54.3,52.3,3.78,13.5,2.32,,,,,
887,4138,曜亞,櫃,10/01,,54.3,0.0,0.0,20,1.09,54.3,55.0,55.4,54.3,2.03,14.8,1.37,,,,,
888,4933,友輝,櫃,10/01,,54.2,-0.2,-0.37,52,2.81,54.4,54.2,54.8,54.1,1.29,7.5,1.16,,,,,
889,1240,茂生農經,櫃,10/01,,54.1,-0.2,-0.37,18,1.0,54.3,54.1,54.4,53.9,0.92,10.1,1.6,,,,,
890,4442,竣邦-KY,櫃,10/01,,54.0,-0.1,-0.18,20,1.06,54.1,54.1,54.4,53.6,1.48,11.0,2.01,,,,,
891,6637,醫影,櫃,10/01,,53.9,0.1,0.19,28,1.49,53.8,53.7,53.9,53.5,0.74,9.78,1.35,,,,,
892,2607,榮運,市,10/01,,53.8,0.0,0.0,189,10.1,53.8,53.8,53.8,53.4,0.74,10.8,0.92,,,,,
893,3221,台嘉碩,櫃,10/01,,53.7,2.5,4.88,13633,733.0,51.2,51.3,55.3,51.0,8.4,53.2,2.61,,,,,
894,8917,欣泰,櫃,10/01,,53.7,0.0,0.0,0,0.01,53.7,53.7,53.7,53.7,0.0,21.5,3.32,,,,,
895,1708,東鹼,市,10/01,,53.6,-0.2,-0.37,3644,195.0,53.8,53.8,54.0,53.0,1.86,13.0,1.75,,,,,
896,3046,建碁,市,10/01,,53.5,-0.1,-0.19,95,5.08,53.6,53.5,53.6,53.2,0.75,11.0,2.51,,,,,
897,4563,百德,櫃,10/01,,53.5,1.8,3.48,520,27.7,51.7,51.7,54.4,51.6,5.42,,2.12,,,,,
898,5508,永信建,櫃,10/01,,53.4,0.3,0.56,136,7.24,53.1,52.8,53.8,52.8,1.88,17.5,2.13,,,,,
899,6757,台灣虎航,市,10/01,,53.4,-0.6,-1.11,331,17.7,54.0,53.9,53.9,53.4,0.93,9.27,3.11,,,,,
900,2453,凌群,市,10/01,,53.3,-0.3,-0.56,182,9.71,53.6,53.7,53.8,53.2,1.12,16.8,2.51,,,,,
901,8435,鉅邁,櫃,10/01,,53.3,-0.1,-0.19,10,0.55,53.4,53.2,53.4,53.1,0.56,10.1,2.0,,,,,
902,1709,和益,市,10/01,,53.2,4.8,9.92,28454,1508.0,48.4,51.8,53.2,51.6,3.31,26.5,2.82,,,,,
903,2414,精技,市,10/01,,53.2,-0.1,-0.19,47,2.49,53.3,53.3,53.3,52.8,0.94,12.9,2.73,,,,,
904,6796,晉弘,市,10/01,,53.1,0.1,0.19,19,0.99,53.0,54.0,54.0,53.1,1.7,148.0,2.51,,,,,
905,00913,兆豐台灣晶圓製造,市,10/01,,53.0,0.3,0.57,1032,54.5,52.7,52.65,53.1,52.55,1.04,,0.9942,,,,,
906,2373,震旦行,市,10/01,,53.0,0.1,0.19,12,0.66,52.9,53.3,53.3,52.8,0.95,14.2,1.61,,,,,
907,5283,禾聯碩,市,10/01,,53.0,0.2,0.38,18,0.97,52.8,52.9,53.0,52.6,0.76,8.14,0.92,,,,,
908,2751,王座,櫃,10/01,,52.9,0.2,0.38,5,0.28,52.7,53.6,53.6,52.9,1.33,10.5,2.42,,,,,
909,3048,益登,市,10/01,,52.8,1.1,2.13,1774,93.0,51.7,51.7,52.9,51.7,2.32,11.2,1.93,,,,,
910,6776,展碁國際,市,10/01,,52.8,-0.1,-0.19,60,3.16,52.9,52.8,52.8,52.2,1.13,11.8,1.75,,,,,
911,8433,弘帆,櫃,10/01,,52.8,0.0,0.0,11,0.59,52.8,53.0,53.0,52.8,0.38,7.27,1.21,,,,,
912,8936,國統,櫃,10/01,,52.7,0.1,0.19,1023,54.1,52.6,52.8,53.3,52.4,1.71,12.1,2.06,,,,,
913,00881,國泰台灣科技龍頭,市,10/01,,52.6,0.4,0.77,8913,466.0,52.2,52.3,52.6,52.0,1.15,,0.9989,,,,,
914,00895,富邦未來車,市,10/01,,52.4,0.7,1.35,640,33.3,51.7,51.7,52.4,51.7,1.35,,1.004,,,,,
915,5471,松翰,市,10/01,,52.4,0.1,0.19,785,41.4,52.3,52.8,53.4,52.3,2.1,31.6,2.44,,,,,
916,6494,九齊,櫃,10/01,,52.4,0.6,1.16,107,5.61,51.8,52.4,53.2,52.0,2.32,17.6,1.61,,,,,
917,6589,台康生技,市,10/01,,52.4,-1.0,-1.87,554,29.2,53.4,53.3,53.5,52.1,2.62,,2.01,,,,,
918,2743,山富,櫃,10/01,,52.3,-1.0,-1.88,23,1.2,53.3,53.3,53.6,52.2,2.63,14.2,2.16,,,,,
919,3481,群創,市,10/01,,52.3,-2.4,-4.39,465130,24731.0,54.7,55.5,55.5,51.8,6.76,67.1,1.86,,,,,
920,2204,中華,市,10/01,,52.2,-0.1,-0.19,204,10.7,52.3,52.2,52.3,52.0,0.57,8.39,0.75,,,,,
921,2243,宏旭-KY,市,10/01,,52.2,-0.4,-0.76,139,7.26,52.6,52.6,53.5,51.9,3.04,44.6,3.77,,,,,
922,6141,柏承,市,10/01,,52.2,0.4,0.77,1324,68.6,51.8,51.8,53.4,50.8,5.02,,9.87,,,,,
923,8938,明安,櫃,10/01,,52.2,-0.4,-0.76,47,2.44,52.6,52.9,52.9,52.2,1.33,9.79,1.05,,,,,
924,2471,資通,市,10/01,,52.0,0.2,0.39,92,4.78,51.8,51.9,52.0,51.7,0.58,10.8,2.84,,,,,
925,2838A,聯邦銀甲特,市,10/01,,52.0,0.0,0.0,14,0.73,52.0,52.0,52.0,52.0,0.0,,,,,,,
926,5607,遠雄港,市,10/01,,51.9,-0.5,-0.95,442,22.9,52.4,52.4,52.4,51.6,1.53,14.2,1.72,,,,,
927,2881C,富邦金丙特,市,10/01,,51.8,0.0,0.0,65,3.37,51.8,51.8,51.9,51.8,0.19,,,,,,,
928,8074,鉅橡,櫃,10/01,,51.8,0.2,0.39,193,10.0,51.6,52.0,52.2,51.6,1.16,26.4,2.21,,,,,
929,1210,大成,市,10/01,,51.7,-0.3,-0.58,991,51.3,52.0,51.8,52.0,51.5,0.96,12.7,1.69,,,,,
930,2066,世德,櫃,10/01,,51.7,-0.5,-0.96,23,1.19,52.2,52.2,52.3,51.5,1.53,14.1,1.06,,,,,
931,2413,環科,市,10/01,,51.6,0.2,0.39,2840,148.0,51.4,51.6,53.6,50.7,5.64,13.8,2.91,,,,,
932,3545,敦泰,市,10/01,,51.6,-0.2,-0.39,663,34.6,51.8,52.5,53.0,51.6,2.7,,1.26,,,,,
933,3312,弘憶股,市,10/01,,51.5,-0.5,-0.96,570,29.6,52.0,52.4,52.4,51.4,1.92,13.4,2.34,,,,,
934,5515,建國,市,10/01,,51.5,-0.4,-0.77,293,15.1,51.9,52.1,52.1,51.0,2.12,5.22,1.78,,,,,
935,6680,鑫創電子,櫃,10/01,,51.5,-0.4,-0.77,12,0.63,51.9,51.0,51.6,51.0,1.16,56.0,2.25,,,,,
936,3527,聚積,櫃,10/01,,51.4,-1.7,-3.2,76,3.93,53.1,52.9,52.9,51.4,2.82,,1.02,,,,,
937,1730,花仙子,市,10/01,,51.3,0.1,0.2,30,1.54,51.2,51.2,51.3,51.2,0.2,10.8,1.6,,,,,
938,2399,映泰,市,10/01,,51.3,2.35,4.8,18929,960.0,48.95,49.0,51.3,48.6,5.52,13.0,3.23,,,,,
939,3694,海華,市,10/01,,51.2,-0.3,-0.58,284,14.6,51.5,51.6,51.6,51.1,0.97,12.8,2.17,,,,,
940,3543,州巧,市,10/01,,51.1,-0.1,-0.2,2685,137.0,51.2,51.3,51.8,50.5,2.54,,1.81,,,,,
941,6281,全國電,市,10/01,,51.1,0.1,0.2,42,2.13,51.0,51.0,51.1,50.6,0.98,13.7,1.82,,,,,
942,3564,其陽,櫃,10/01,,51.0,0.4,0.79,211,10.7,50.6,50.9,51.2,50.0,2.37,150.0,2.18,,,,,
943,8047,星雲,櫃,10/01,,51.0,0.2,0.39,205,10.4,50.8,51.0,51.1,50.6,0.98,,5.51,,,,,
944,8289,泰藝,櫃,10/01,,51.0,4.6,9.91,2531,126.0,46.4,46.35,51.0,46.3,10.1,48.6,2.12,,,,,
945,8048,德勝,櫃,10/01,,50.8,0.2,0.4,63,3.22,50.6,50.8,51.0,50.7,0.59,15.1,2.49,,,,,
946,4175,杏一,櫃,10/01,,50.7,-0.3,-0.59,11,0.54,51.0,50.8,51.0,50.7,0.59,13.4,1.41,,,,,
947,8432,東生華,櫃,10/01,,50.7,0.0,0.0,33,1.65,50.7,50.6,50.9,50.5,0.79,11.7,1.38,,,,,
948,00759B,復華製藥債,櫃,10/01,,50.65,-0.25,-0.49,102,5.17,50.9,50.65,50.65,50.65,0.0,,1.0034,,,,,
949,5498,凱崴,櫃,10/01,,50.6,-0.6,-1.17,886,45.2,51.2,51.8,51.8,50.5,2.54,141.0,4.47,,,,,
950,3701,大眾控,市,10/01,,50.4,4.5,9.8,8814,426.0,45.9,46.25,50.4,43.9,14.2,,2.53,,,,,
951,9943,好樂迪,市,10/01,,50.4,0.0,0.0,18,0.91,50.4,50.5,50.5,50.3,0.4,8.3,1.7,,,,,
952,00760B,復華新興企業債,櫃,10/01,,50.35,-0.25,-0.49,103,5.21,50.6,50.3,50.4,50.3,0.2,,1.0078,,,,,
953,4557,永新-KY,市,10/01,,50.3,0.0,0.0,35,1.77,50.3,50.3,50.3,50.1,0.4,,0.95,,,,,
954,6161,捷波,櫃,10/01,,50.3,-1.2,-2.33,40,2.01,51.5,51.4,51.5,50.3,2.33,12.2,2.11,,,,,
955,1294,漢田生技,櫃,10/01,,50.2,-0.2,-0.4,19,0.96,50.4,50.3,50.3,49.9,0.79,12.2,1.86,,,,,
956,4419,皇家美食,櫃,10/01,,50.2,0.0,0.0,0,0.0,50.2,50.2,50.2,50.2,0.0,,9.33,,,,,
957,6189,豐藝,市,10/01,,50.2,-0.2,-0.4,243,12.2,50.4,50.4,50.6,49.8,1.59,12.4,2.19,,,,,
958,6721,信實,櫃,10/01,,50.2,0.2,0.4,1,0.06,50.0,50.2,50.2,50.2,0.0,9.94,1.74,,,,,
959,8070,長華*,市,10/01,,50.2,0.0,0.0,885,44.4,50.2,50.3,50.5,50.0,1.0,29.7,1.33,,,,,
960,6684,安格,櫃,10/01,,50.1,-0.1,-0.2,115,5.85,50.2,50.6,51.9,50.1,3.59,,1.45,,,,,
961,00894,中信小資高價30,市,10/01,,50.05,0.21,0.42,1057,52.7,49.84,49.84,50.15,49.61,1.08,,0.9964,,,,,
962,3290,東浦,櫃,10/01,,50.0,-2.2,-4.21,1372,69.3,52.2,51.2,52.0,49.25,5.27,10.8,1.81,,,,,
963,4995,晶達,櫃,10/01,,50.0,-0.5,-0.99,7,0.35,50.5,50.7,50.7,49.55,2.28,14.2,2.25,,,,,
964,6174,安碁,櫃,10/01,,50.0,4.5,9.89,1621,79.4,45.5,45.8,50.0,45.45,10.0,39.4,3.74,,,,,
965,8924,大田,櫃,10/01,,49.9,0.45,0.91,42,2.1,49.45,49.5,50.0,49.5,1.01,18.1,1.07,,,,,
966,6125,廣運,櫃,10/01,,49.85,-0.05,-0.1,351,17.5,49.9,50.2,50.4,49.5,1.8,166.0,2.77,,,,,
967,00886,永豐美國科技,櫃,10/01,,49.7,0.15,0.3,48,2.39,49.55,49.56,49.7,49.56,0.28,,0.9968,,,,,
968,3257,虹冠電,市,10/01,,49.7,0.1,0.2,164,8.21,49.6,49.7,50.3,49.6,1.41,19.6,2.46,,,,,
969,4952,凌通,市,10/01,,49.65,0.25,0.51,304,15.1,49.4,49.1,50.5,48.7,3.64,27.9,2.44,,,,,
970,4417,金洲,櫃,10/01,,49.6,0.05,0.1,34,1.7,49.55,49.55,49.7,49.5,0.4,9.52,1.32,,,,,
971,6165,浪凡,市,10/01,,49.6,-0.4,-0.8,284,14.3,50.0,50.5,50.9,49.5,2.8,12.7,2.81,,,,,
972,6899,創為精密,櫃,10/01,,49.5,-0.3,-0.6,11,0.55,49.8,49.4,49.5,49.3,0.4,11.1,1.12,,,,,
973,6949,沛爾生醫*-創,市,10/01,,49.4,-1.2,-2.37,2139,106.0,50.6,50.0,50.8,49.0,3.56,,1.26,,,,,
974,2342,茂矽,市,10/01,,49.35,-0.95,-1.89,7460,370.0,50.3,50.3,50.5,49.0,2.98,,3.38,,,,,
975,4198,欣大健康,櫃,10/01,,49.25,-0.25,-0.51,1,0.05,49.5,49.25,49.25,49.25,0.0,,5.82,,,,,
976,6265,方土昶,櫃,10/01,,49.25,0.6,1.23,3074,153.0,48.65,48.7,50.9,48.4,5.14,6.0,2.64,,,,,
977,6170,統振,櫃,10/01,,49.15,0.5,1.03,167,8.16,48.65,48.75,49.2,48.75,0.92,10.1,2.44,,,,,
978,00865B,國泰US短期公債,市,10/01,,49.12,0.13,0.27,2099,103.0,48.99,49.0,49.12,48.97,0.31,,1.0044,,,,,
979,2527,宏璟,市,10/01,,49.1,-0.9,-1.8,842,41.2,50.0,50.0,50.0,48.4,3.2,8.61,0.35,,,,,
980,9926,新海,市,10/01,,49.1,0.0,0.0,9,0.44,49.1,48.7,49.1,48.7,0.81,17.2,1.99,,,,,
981,4746,台耀,市,10/01,,49.0,0.05,0.1,444,21.7,48.95,49.0,49.3,48.6,1.43,11.0,0.79,,,,,
982,2488,漢平,市,10/01,,48.95,0.1,0.2,28,1.38,48.85,48.85,49.2,48.8,0.82,10.1,1.41,,,,,
983,2540,愛山林,市,10/01,,48.85,0.4,0.83,167,8.14,48.45,48.6,49.0,48.15,1.75,,4.29,,,,,
984,2886,兆豐金,市,10/01,,48.85,-0.3,-0.61,30290,1476.0,49.15,49.0,49.15,48.4,1.53,18.9,1.8,,,,,
985,5212,凌網,櫃,10/01,,48.85,-0.05,-0.1,21,1.02,48.9,49.05,49.05,48.3,1.53,7.71,3.04,,,,,
986,8482,商億-KY,市,10/01,,48.85,-0.35,-0.71,1,0.05,49.2,48.85,48.85,48.85,0.0,16.6,1.65,,,,,
987,6509,聚和,櫃,10/01,,48.8,-0.3,-0.61,657,32.0,49.1,49.3,49.3,48.25,2.14,13.5,1.73,,,,,
988,9941A,裕融甲特,市,10/01,,48.8,0.0,0.0,13,0.62,48.8,48.8,48.8,48.8,0.0,,,,,,,
989,3490,單井,櫃,10/01,,48.75,4.4,9.92,13913,670.0,44.35,45.15,48.75,44.95,8.57,7.7,1.7,,,,,
990,5530,龍巖,櫃,10/01,,48.75,-0.1,-0.2,65,3.17,48.85,48.8,49.05,48.7,0.72,14.5,0.66,,,,,
991,0055,元大MSCI金融,市,10/01,,48.7,-0.57,-1.16,1855,89.8,49.27,49.65,49.65,48.12,3.11,,1.0008,,,,,
992,3303,岱稜,櫃,10/01,,48.7,0.05,0.1,108,5.26,48.65,48.7,48.85,48.65,0.41,9.66,1.92,,,,,
993,8110,華東,市,10/01,,48.7,-0.5,-1.02,4342,211.0,49.2,49.2,49.2,48.3,1.83,8.9,1.3,,,,,
994,00901,永豐智能車供應鏈,市,10/01,,48.59,0.44,0.91,552,26.8,48.15,48.07,48.59,48.07,1.08,,0.9969,,,,,
995,00738U,期元大道瓊白銀,市,10/01,,48.55,0.18,0.37,1482,71.5,48.37,47.86,48.55,47.8,1.55,,1.0161,,,,,
996,3236,千如,櫃,10/01,,48.55,4.4,9.97,13579,649.0,44.15,44.4,48.55,44.4,9.4,69.4,2.85,,,,,
997,8097,常珵,櫃,10/01,,48.55,0.05,0.1,114,5.56,48.5,48.0,48.9,47.9,2.06,,3.05,,,,,
998,00909,國泰數位支付服務,市,10/01,,48.51,-0.11,-0.23,988,47.4,48.62,47.88,48.51,47.72,1.62,,1.0264,,,,,
999,2887E,台新新光戊特一,市,10/01,,48.4,0.0,0.0,155,7.51,48.4,48.4,48.45,48.35,0.21,,,,,,,
1000,5876,上海商銀,市,10/01,,48.4,-0.75,-1.53,10364,501.0,49.15,48.95,49.1,47.9,2.44,13.8,1.1,,,,,
1001,00758B,復華能源債,櫃,10/01,,48.18,-0.27,-0.56,105,5.06,48.45,48.2,48.23,48.18,0.1,,1.0031,,,,,
1002,2027,大成鋼,市,10/01,,48.05,0.6,1.26,15671,756.0,47.45,48.2,49.1,47.7,2.95,10.1,1.41,,,,,
1003,6226,光鼎,市,10/01,,48.0,2.9,6.43,4543,212.0,45.1,44.55,48.0,44.55,7.65,,4.42,,,,,
1004,4581,光隆精密-KY,市,10/01,,47.85,-0.35,-0.73,3,0.15,48.2,47.75,47.85,47.75,0.21,11.8,1.31,,,,,
1005,1295,生合,櫃,10/01,,47.8,0.4,0.84,21,0.97,47.4,47.0,47.8,46.85,2.0,11.6,1.26,,,,,
1006,2328,廣宇,市,10/01,,47.75,0.2,0.42,1215,58.1,47.55,47.65,48.35,47.5,1.79,111.0,1.69,,,,,
1007,3594,磐儀,櫃,10/01,,47.7,-0.2,-0.42,382,18.4,47.9,48.5,48.95,47.7,2.61,37.9,1.99,,,,,
1008,6112,邁達特,市,10/01,,47.7,-0.35,-0.73,513,24.5,48.05,48.1,48.1,47.4,1.46,14.7,2.07,,,,,
1009,1903,士紙,市,10/01,,47.65,-0.15,-0.31,25,1.18,47.8,47.7,47.8,47.25,1.15,36.1,2.25,,,,,
1010,6961,旅天下,櫃,10/01,,47.65,-0.45,-0.94,8,0.37,48.1,48.1,48.1,47.65,0.94,18.3,1.39,,,,,
1011,6570,維田,櫃,10/01,,47.55,0.0,0.0,150,7.09,47.55,47.55,47.65,47.2,0.95,18.8,2.09,,,,,
1012,3306,鼎天,櫃,10/01,,47.5,-0.55,-1.14,45,2.13,48.05,48.05,48.05,47.25,1.66,106.0,0.59,,,,,
1013,6275,元山,櫃,10/01,,47.45,0.3,0.64,230,11.0,47.15,47.4,47.85,47.25,1.27,18.7,2.27,,,,,
1014,3484,崧騰,櫃,10/01,,47.3,0.75,1.61,159,7.47,46.55,46.6,47.3,46.6,1.5,13.6,1.15,,,,,
1015,4956,光鋐,市,10/01,,47.25,0.75,1.61,21286,1018.0,46.5,46.5,49.6,46.2,7.31,101.0,2.8,,,,,
1016,2338,光罩,市,10/01,,47.2,-0.1,-0.21,2741,130.0,47.3,47.55,47.95,47.0,2.01,,2.51,,,,,
1017,6668,中揚光,市,10/01,,47.1,0.05,0.11,2134,101.0,47.05,47.05,48.45,46.5,4.14,,2.26,,,,,
1018,1583,程泰,市,10/01,,47.05,0.25,0.53,8,0.38,46.8,47.2,47.2,46.5,1.5,10.7,0.91,,,,,
1019,6168,宏齊,市,10/01,,47.0,1.75,3.87,5130,238.0,45.25,45.7,47.0,45.7,2.87,147.0,2.7,,,,,
1020,9951,皇田,櫃,10/01,,47.0,0.0,0.0,64,3.02,47.0,47.0,47.0,46.7,0.64,8.19,0.89,,,,,
1021,2630,亞航,市,10/01,,46.85,-0.2,-0.43,404,19.0,47.05,47.15,47.3,46.85,0.96,79.4,2.9,,,,,
1022,4763,材料*-KY,市,10/01,,46.85,-2.05,-4.19,11589,551.0,48.9,48.8,48.9,46.85,4.19,11.2,2.37,,,,,
1023,3205,佰研,櫃,10/01,,46.7,-0.1,-0.21,19,0.87,46.8,46.8,46.9,46.5,0.85,,3.15,,,,,
1024,4127,天良,櫃,10/01,,46.7,1.1,2.41,323,15.0,45.6,46.0,47.1,45.65,3.18,30.9,4.11,,,,,
1025,1536,和大,市,10/01,,46.65,-0.25,-0.53,511,23.8,46.9,47.1,47.1,46.5,1.28,,1.75,,,,,
1026,6177,達麗,市,10/01,,46.65,0.2,0.43,1613,75.1,46.45,46.85,47.2,46.2,2.15,5.14,1.84,,,,,
1027,2362,藍天,市,10/01,,46.6,-0.3,-0.64,480,22.4,46.9,47.0,47.15,46.6,1.17,7.66,0.57,,,,,
1028,006201,元大富櫃50,櫃,10/01,,46.59,0.09,0.19,114,5.28,46.5,46.5,46.75,46.38,0.8,,0.9962,,,,,
1029,2033,佳大,市,10/01,,46.55,4.2,9.92,1489,68.4,42.35,45.1,46.55,44.0,6.02,141.0,3.51,,,,,
1030,2302,麗正,市,10/01,,46.5,1.5,3.33,6732,313.0,45.0,44.9,47.15,44.9,5.0,43.5,4.21,,,,,
1031,6928,攸泰科技,市,10/01,,46.5,0.5,1.09,58,2.65,46.0,46.0,46.5,45.7,1.74,,1.99,,,,,
1032,00893,國泰智能電動車,市,10/01,,46.33,0.6,1.31,3370,155.0,45.73,45.73,46.33,45.71,1.36,,1.0129,,,,,
1033,00864B,中信美國公債0-1,櫃,10/01,,46.31,0.09,0.19,995,46.1,46.22,46.22,46.32,46.22,0.22,,1.0025,,,,,
1034,7767,仁大資訊,櫃,10/01,,46.3,0.0,0.0,0,0.0,46.3,46.3,46.3,46.3,0.0,10.2,1.55,,,,,
1035,2031,新光鋼,市,10/01,,46.2,-0.3,-0.65,754,35.0,46.5,46.9,47.0,46.05,2.04,7.15,1.24,,,,,
1036,2851,中再保,市,10/01,,46.1,-1.1,-2.33,3396,157.0,47.2,47.2,47.2,45.7,3.18,4.37,1.4,,,,,
1037,4120,友華,櫃,10/01,,46.0,0.1,0.22,2,0.1,45.9,46.0,46.0,46.0,0.0,,0.76,,,,,
1038,7718,友鋮,櫃,10/01,,46.0,0.2,0.44,9,0.42,45.8,45.8,46.05,45.8,0.55,8.19,1.35,,,,,
1039,6666,羅麗芬-KY,市,10/01,,45.95,0.4,0.88,1,0.06,45.55,45.95,45.95,45.95,0.0,13.5,1.2,,,,,
1040,3622,洋華,市,10/01,,45.9,-0.2,-0.43,83,3.83,46.1,46.1,46.1,45.85,0.54,9.0,0.88,,,,,
1041,00768B,復華20年美債,櫃,10/01,,45.86,-0.22,-0.48,334,15.3,46.08,45.7,45.86,45.6,0.56,,1.0057,,,,,
1042,1535,中宇,市,10/01,,45.85,0.05,0.11,16,0.72,45.8,45.8,45.9,45.3,1.31,12.2,1.52,,,,,
1043,3093,港建*,櫃,10/01,,45.85,1.15,2.57,267,12.0,44.7,44.75,45.9,44.3,3.58,46.8,4.23,,,,,
1044,4743,合一,櫃,10/01,,45.85,-1.3,-2.76,1299,60.1,47.15,47.15,47.25,45.65,3.39,353.0,2.15,,,,,
1045,8112A,至上甲特,市,10/01,,45.8,0.0,0.0,12,0.54,45.8,45.8,45.8,45.75,0.11,,,,,,,
1046,1809,中釉,市,10/01,,45.75,-2.1,-4.39,5728,265.0,47.85,47.0,47.75,45.55,4.6,218.0,2.61,,,,,
1047,3078,僑威,櫃,10/01,,45.75,-0.4,-0.87,402,18.4,46.15,46.3,46.3,45.5,1.73,12.7,1.52,,,,,
1048,00660,元大歐洲50,市,10/01,,45.6,-0.83,-1.79,28,1.27,46.43,45.63,45.63,45.59,0.09,,1.0018,,,,,
1049,8442,威宏-KY,市,10/01,,45.6,0.0,0.0,22,1.01,45.6,44.75,45.6,44.7,1.97,14.7,0.86,,,,,
1050,2887F,台新新光戊特二,市,10/01,,45.55,0.0,0.0,18,0.8,45.55,45.55,45.55,45.5,0.11,,,,,,,
1051,8349A,恒耀甲特,櫃,10/01,,45.4,0.05,0.11,2,0.09,45.35,45.4,45.4,45.4,0.0,,,,,,,
1052,2884,玉山金,市,10/01,,45.35,0.5,1.11,29162,1309.0,44.85,44.8,45.45,44.2,2.79,18.9,2.61,,,,,
1053,3209,全科,市,10/01,,45.35,0.0,0.0,554,25.2,45.35,45.4,45.65,45.35,0.66,7.57,1.89,,,,,
1054,2880,華南金,市,10/01,,45.25,-0.1,-0.22,13396,599.0,45.35,45.15,45.4,44.0,3.09,19.8,2.61,,,,,
1055,2704,國賓,市,10/01,,45.15,-0.3,-0.66,77,3.49,45.45,45.65,45.7,44.9,1.76,17.0,0.51,,,,,
1056,3311,閎暉,市,10/01,,45.15,4.1,9.99,7066,316.0,41.05,42.35,45.15,42.1,7.43,25.1,1.23,,,,,
1057,6405,悅城,市,10/01,,45.1,-5.0,-9.98,1637,73.8,50.1,45.1,45.1,45.1,0.0,,0.9,,,,,
1058,3339,泰谷,櫃,10/01,,45.05,-0.6,-1.31,1244,56.8,45.65,45.75,46.6,45.05,3.4,,4.07,,,,,
1059,4907,富宇,櫃,10/01,,45.05,0.05,0.11,18,0.8,45.0,44.9,45.95,44.65,2.89,6.27,1.73,,,,,
1060,2227,裕日車,市,10/01,,45.0,0.0,0.0,27,1.21,45.0,45.0,45.0,44.7,0.67,,0.76,,,,,
1061,2937,集雅社,櫃,10/01,,44.7,0.0,0.0,0,0.0,44.7,44.7,44.7,44.7,0.0,11.0,1.77,,,,,
1062,6982,大井泵浦,櫃,10/01,,44.7,0.6,1.36,21,0.95,44.1,44.5,45.2,44.4,1.81,,2.09,,,,,
1063,2468,華經,市,10/01,,44.55,-0.95,-2.09,994,44.4,45.5,45.5,45.6,44.3,2.86,32.8,2.5,,,,,
1064,6201,亞弘電,市,10/01,,44.55,-0.05,-0.11,22,0.99,44.6,44.5,44.55,44.15,0.9,13.8,1.48,,,,,
1065,00789B,復華公司債A3,櫃,10/01,,44.36,-0.1,-0.22,105,4.66,44.46,44.3,44.36,44.28,0.18,,1.0047,,,,,
1066,2329,華泰,市,10/01,,44.35,-0.45,-1.0,1772,78.7,44.8,45.1,45.1,44.2,2.01,20.1,1.78,,,,,
1067,4903,聯光通,櫃,10/01,,44.35,1.45,3.38,7006,304.0,42.9,42.65,44.4,41.6,6.53,34.9,4.0,,,,,
1068,3552,同致,櫃,10/01,,44.3,0.2,0.45,311,13.9,44.1,44.05,45.3,43.75,3.51,,0.99,,,,,
1069,2887G,台新新光庚特一,市,10/01,,44.25,-0.2,-0.45,106,4.69,44.45,44.45,44.45,44.25,0.45,,,,,,,
1070,8182,加高,櫃,10/01,,44.25,2.85,6.88,3734,164.0,41.4,41.45,45.0,41.45,8.57,41.7,1.32,,,,,
1071,00633L,富邦上証正2,市,10/01,,44.23,-0.01,-0.02,720,31.8,44.24,44.24,44.32,44.07,0.57,,1.0087,,,,,
1072,5706,鳳凰,市,10/01,,44.2,0.05,0.11,34,1.52,44.15,44.3,44.3,44.0,0.68,11.4,2.16,,,,,
1073,2241,艾姆勒,市,10/01,,44.05,-2.1,-4.55,3600,162.0,46.15,46.0,46.2,44.0,4.77,,3.52,,,,,
1074,6115,鎰勝,市,10/01,,44.05,0.05,0.11,74,3.25,44.0,43.95,44.1,43.95,0.34,12.8,1.61,,,,,
1075,2497,怡利電,市,10/01,,44.0,-0.35,-0.79,208,9.2,44.35,44.95,44.95,43.9,2.37,13.5,1.97,,,,,
1076,6751,智聯服務,櫃,10/01,,44.0,-0.5,-1.12,4,0.18,44.5,44.15,44.15,44.0,0.34,7.65,1.05,,,,,
1077,6986,和迅,櫃,10/01,,44.0,-0.05,-0.11,180,7.93,44.05,44.9,44.9,43.9,2.27,17.5,2.15,,,,,
1078,00678,群益那斯達克生技,市,10/01,,43.98,0.15,0.34,443,19.4,43.83,43.73,43.98,43.7,0.64,,1.0117,,,,,
1079,8941,關中,櫃,10/01,,43.95,0.15,0.34,12,0.52,43.8,43.95,43.95,43.1,1.94,14.2,1.54,,,,,
1080,1203,味王,市,10/01,,43.9,0.2,0.46,4,0.15,43.7,43.65,43.9,43.65,0.57,20.9,1.61,,,,,
1081,00922,國泰台灣領袖50,市,10/01,,43.85,0.2,0.46,7841,342.0,43.65,43.64,43.86,43.41,1.03,,1.0009,,,,,
1082,2340,台亞,市,10/01,,43.85,3.05,7.48,40534,1751.0,40.8,40.8,44.7,40.25,10.9,,3.02,,,,,
1083,4927,泰鼎-KY,市,10/01,,43.8,-0.7,-1.57,1834,80.6,44.5,44.5,44.6,43.6,2.25,,2.76,,,,,
1084,2498,宏達電,市,10/01,,43.7,0.8,1.86,23409,1048.0,42.9,43.5,46.85,43.5,7.81,16.9,1.39,,,,,
1085,5228,鈺鎧,櫃,10/01,,43.7,3.95,9.94,636,27.0,39.75,39.9,43.7,39.9,9.56,21.4,2.87,,,,,
1086,00904,台新臺灣半導體30,市,10/01,,43.69,0.26,0.6,1973,85.9,43.43,43.63,43.72,43.43,0.67,,1.0002,,,,,
1087,2890,永豐金,市,10/01,,43.65,-0.6,-1.36,22127,963.0,44.25,44.25,44.35,43.1,2.82,16.7,2.39,,,,,
1088,8088,品安,櫃,10/01,,43.65,-0.75,-1.69,754,33.3,44.4,44.9,44.9,43.65,2.82,14.6,2.38,,,,,
1089,1101B,台泥乙特,市,10/01,,43.5,0.1,0.23,6,0.28,43.4,43.4,43.5,43.4,0.23,,,,,,,
1090,4510,高鋒,櫃,10/01,,43.45,-0.55,-1.25,412,18.0,44.0,44.2,44.45,43.35,2.5,45.7,2.52,,,,,
1091,2367,燿華,市,10/01,,43.35,-0.2,-0.46,3785,164.0,43.55,43.8,43.8,42.9,2.07,,2.49,,,,,
1092,6282,康舒,市,10/01,,43.3,-0.4,-0.92,3598,156.0,43.7,43.5,43.7,43.2,1.14,34.9,1.63,,,,,
1093,1786,科妍,市,10/01,,43.25,-0.05,-0.12,97,4.2,43.3,43.3,43.55,42.8,1.73,18.1,1.77,,,,,
1094,3615,安可,櫃,10/01,,43.25,-2.55,-5.57,7170,317.0,45.8,45.8,45.8,43.2,5.68,13.9,1.27,,,,,
1095,9918,欣天然,市,10/01,,43.2,0.05,0.12,12,0.51,43.15,43.15,43.2,42.75,1.04,16.2,2.28,,,,,
1096,00635U,期元大S&P黃金,市,10/01,,43.1,0.06,0.14,1562,67.0,43.04,42.72,43.1,42.72,0.88,,1.0082,,,,,
1097,4174,浩鼎,櫃,10/01,,43.1,3.9,9.95,1181,50.9,39.2,43.1,43.1,43.1,0.0,,3.81,,,,,
1098,6591,動力-KY,市,10/01,,43.1,0.25,0.58,57,2.46,42.85,42.9,43.6,42.65,2.22,13.5,0.82,,,,,
1099,00892,富邦台灣半導體,市,10/01,,43.08,0.03,0.07,3838,165.0,43.05,43.0,43.17,42.77,0.93,,0.9981,,,,,
1100,3168,眾福科,市,10/01,,43.05,0.25,0.58,3,0.14,42.8,42.8,43.05,42.8,0.58,14.9,1.93,,,,,
1101,2887H,台新新光庚特二,市,10/01,,43.0,-0.05,-0.12,171,7.36,43.05,43.05,43.05,42.95,0.23,,,,,,,
1102,6771,平和環保-創,市,10/01,,43.0,0.4,0.94,59,2.53,42.6,42.6,43.1,42.5,1.41,15.0,1.62,,,,,
1103,7839,達人網,櫃,10/01,,43.0,-0.2,-0.46,21,0.9,43.2,43.2,43.5,42.5,2.31,18.7,2.75,,,,,
1104,6123,上奇,櫃,10/01,,42.95,-0.1,-0.23,23,0.97,43.05,43.2,43.2,42.65,1.28,12.9,1.64,,,,,
1105,6909,創控,市,10/01,,42.75,-0.1,-0.23,159,6.75,42.85,43.25,43.25,42.05,2.8,31.2,2.82,,,,,
1106,1339,昭輝,市,10/01,,42.7,0.35,0.83,54,2.29,42.35,42.9,42.9,42.15,1.77,7.35,0.77,,,,,
1107,1615,大山,市,10/01,,42.7,-0.25,-0.58,125,5.34,42.95,42.95,42.95,42.45,1.16,8.26,1.79,,,,,
1108,6470,宇智,櫃,10/01,,42.7,0.0,0.0,14,0.59,42.7,42.65,42.7,42.45,0.59,8.91,1.42,,,,,
1109,8931,大汽電,櫃,10/01,,42.65,-0.6,-1.39,16,0.69,43.25,43.0,43.0,42.65,0.81,36.8,2.64,,,,,
1110,5013,強新,櫃,10/01,,42.6,3.85,9.94,447,19.0,38.75,42.6,42.6,42.6,0.0,19.5,1.44,,,,,
1111,4561,健椿,櫃,10/01,,42.5,-0.7,-1.62,71,3.02,43.2,42.9,42.9,42.35,1.27,24.9,1.76,,,,,
1112,1713,國化,市,10/01,,42.45,0.0,0.0,86,3.65,42.45,42.5,42.6,42.2,0.94,8.94,1.74,,,,,
1113,3033,威健,市,10/01,,42.4,-0.2,-0.47,1486,63.1,42.6,42.8,42.8,42.3,1.17,8.8,1.75,,,,,
1114,5489,彩富,櫃,10/01,,42.35,-0.2,-0.47,36,1.54,42.55,42.55,43.95,42.2,4.11,19.6,1.87,,,,,
1115,4555,氣立,市,10/01,,42.3,0.15,0.36,75,3.16,42.15,42.2,42.6,41.6,2.37,41.9,1.01,,,,,
1116,3230,錦明,櫃,10/01,,42.25,0.85,2.05,728,31.0,41.4,41.65,44.05,41.6,5.92,,4.04,,,,,
1117,5258,虹堡,市,10/01,,42.25,-0.15,-0.35,236,9.92,42.4,42.55,42.55,41.65,2.12,9.62,1.04,,,,,
1118,6821,聯寶,櫃,10/01,,42.25,-0.55,-1.29,74,3.14,42.8,43.5,43.5,41.8,3.97,24.0,1.82,,,,,
1119,2618,長榮航,市,10/01,,42.2,-0.65,-1.52,17575,741.0,42.85,42.4,42.7,41.85,1.98,8.9,1.64,,,,,
1120,4139,馬光-KY,櫃,10/01,,41.95,0.15,0.36,37,1.55,41.8,41.0,42.0,40.0,4.78,,4.6,,,,,
1121,00923,群益台ESG低碳50,市,10/01,,41.82,0.31,0.75,2496,104.0,41.51,41.51,41.82,41.4,1.01,,0.9981,,,,,
1122,8077,洛碁,櫃,10/01,,41.8,-0.35,-0.83,1,0.04,42.15,41.8,41.8,41.8,0.0,6.17,1.74,,,,,
1123,00694B,富邦美債1-3,櫃,10/01,,41.78,0.13,0.31,90,3.74,41.65,41.74,41.78,41.74,0.1,,0.9991,,,,,
1124,6021,美好證,櫃,10/01,,41.7,-0.1,-0.24,94,3.9,41.8,42.0,42.15,41.2,2.27,3.67,1.01,,,,,
1125,3287,廣寰科,櫃,10/01,,41.65,-0.5,-1.19,408,17.0,42.15,42.2,42.5,41.45,2.49,5.23,2.26,,,,,
1126,6180,橘子,櫃,10/01,,41.65,0.25,0.6,355,14.8,41.4,41.25,42.05,41.25,1.93,,1.84,,,,,
1127,9933,中鼎,市,10/01,,41.65,0.95,2.33,3030,126.0,40.7,40.6,42.0,40.6,3.44,7.38,1.64,,,,,
1128,2392,正崴,市,10/01,,41.6,0.0,0.0,893,37.2,41.6,41.2,41.95,41.2,1.8,5.36,0.68,,,,,
1129,6465,威潤,櫃,10/01,,41.6,-0.15,-0.36,49,2.05,41.75,42.3,42.3,41.3,2.4,12.2,3.38,,,,,
1130,00737,國泰AI機器人,市,10/01,,41.57,0.7,1.71,120,4.99,40.87,41.06,41.57,41.06,1.25,,1.0132,,,,,
1131,4305,世坤,櫃,10/01,,41.55,-0.55,-1.31,4,0.17,41.75,41.55,41.6,41.55,0.12,8.53,1.89,,,,,
1132,2013,中鋼構,市,10/01,,41.5,-0.1,-0.24,32,1.34,41.6,41.35,41.6,41.3,0.72,12.7,1.5,,,,,
1133,3285,微端,櫃,10/01,,41.5,0.0,0.0,54,2.27,41.5,41.5,42.0,41.4,1.45,22.6,2.83,,,,,
1134,6968,萬達寵物,櫃,10/01,,41.45,0.0,0.0,45,1.88,41.45,41.45,41.45,41.2,0.6,16.3,1.55,,,,,
1135,7770,君曜,櫃,10/01,,41.45,-1.15,-2.7,10,0.42,42.6,41.8,41.8,41.4,0.94,16.5,2.19,,,,,
1136,00701,國泰股利精選30,市,10/01,,41.41,-0.01,-0.02,226,9.29,41.42,41.42,41.42,40.9,1.26,,0.9981,,,,,
1137,1591,駿吉-KY,櫃,10/01,,41.4,-1.35,-3.16,227,9.45,42.75,42.75,42.85,41.25,3.74,,3.51,,,,,
1138,6163,華電網,櫃,10/01,,41.4,-0.3,-0.72,684,28.6,41.7,42.0,42.8,41.2,3.84,47.0,2.1,,,,,
1139,7855,和運租車,市,10/01,,41.4,0.0,0.0,378,15.7,41.4,41.5,41.55,41.35,0.48,,1.26,,,,,
1140,2355,敬鵬,市,10/01,,41.3,-0.5,-1.2,1320,54.7,41.8,41.85,42.0,41.25,1.79,21.9,0.94,,,,,
1141,5906,台南-KY,市,10/01,,41.3,0.3,0.73,1,0.04,41.0,41.3,41.3,41.3,0.0,1032.0,2.83,,,,,
1142,2887,台新新光金,市,10/01,,41.25,-0.7,-1.67,82709,3383.0,41.95,41.9,41.9,40.1,4.29,14.7,1.52,,,,,
1143,6763,綠界科技*,櫃,10/01,,41.2,-0.1,-0.24,89,3.66,41.3,41.25,41.7,41.2,1.21,10.0,2.54,,,,,
1144,1722,台肥,市,10/01,,41.15,-0.4,-0.96,1602,66.1,41.55,41.5,41.6,41.15,1.08,49.0,0.76,,,,,
1145,6697,東捷資訊,櫃,10/01,,41.1,-0.2,-0.48,25,1.03,41.3,41.2,41.55,41.0,1.33,13.5,1.86,,,,,
1146,6856,鑫傳,櫃,10/01,,41.05,-0.95,-2.26,10,0.41,42.0,41.1,41.55,41.05,1.19,13.6,1.61,,,,,
1147,020025,統一亞洲半導體N,櫃,10/01,,41.02,0.79,1.96,134,5.48,40.23,40.54,41.02,40.41,1.52,,0.9856,,,,,
1148,6754,匯僑設計,市,10/01,,41.0,-0.5,-1.2,16,0.68,41.5,41.6,41.65,41.0,1.57,12.4,1.24,,,,,
1149,8916,光隆,櫃,10/01,,41.0,-0.05,-0.12,26,1.06,41.05,41.1,41.1,40.9,0.49,14.1,1.21,,,,,
1150,00859B,群益0-1年美債,櫃,10/01,,40.8,0.11,0.27,2736,112.0,40.69,40.69,40.81,40.69,0.29,,1.004,,,,,
1151,8367,建新國際,市,10/01,,40.8,0.35,0.87,14,0.55,40.45,40.45,40.8,40.25,1.36,13.0,1.15,,,,,
1152,3207,耀勝,櫃,10/01,,40.7,1.9,4.9,309,12.4,38.8,38.8,41.45,38.8,6.83,,1.59,,,,,
1153,2489,瑞軒,市,10/01,,40.65,-1.15,-2.75,12755,524.0,41.8,42.0,42.05,40.6,3.47,29.5,1.88,,,,,
1154,8481,政伸,市,10/01,,40.65,-0.3,-0.73,9,0.37,40.95,40.7,40.7,40.6,0.24,12.0,1.6,,,,,
1155,1711,永光,市,10/01,,40.55,-0.35,-0.86,2699,109.0,40.9,41.1,41.1,39.85,3.06,312.0,2.49,,,,,
1156,6243,迅杰,市,10/01,,40.55,1.05,2.66,943,38.3,39.5,39.5,41.55,39.5,5.19,,2.49,,,,,
1157,00653L,富邦印度正2,市,10/01,,40.51,-0.49,-1.2,699,28.3,41.0,40.7,40.76,40.36,0.98,,1.0161,,,,,
1158,2485,兆赫,市,10/01,,40.5,-1.2,-2.88,2456,100.0,41.7,41.75,41.75,40.4,3.24,46.6,2.41,,,,,
1159,2491,吉祥全,市,10/01,,40.5,-0.3,-0.74,514,20.8,40.8,41.05,41.25,40.0,3.06,1.27,0.81,,,,,
1160,2916,滿心,櫃,10/01,,40.5,-0.05,-0.12,12,0.49,40.55,40.5,40.55,40.4,0.37,10.4,1.7,,,,,
1161,4906,正文,市,10/01,,40.5,-1.8,-4.26,11744,479.0,42.3,41.85,42.05,39.85,5.2,312.0,1.63,,,,,
1162,8349,恒耀,櫃,10/01,,40.5,0.1,0.25,191,7.7,40.4,40.4,40.5,40.0,1.24,16.5,1.16,,,,,
1163,00947,台新臺灣IC設計,市,10/01,,40.45,-0.01,-0.02,5840,236.0,40.46,40.56,40.57,40.21,0.89,,0.9993,,,,,
1164,3631,晟楠,櫃,10/01,,40.45,-0.05,-0.12,151,6.13,40.5,40.5,41.5,40.3,2.96,,2.77,,,,,
1165,6184,大豐電,市,10/01,,40.4,0.1,0.25,33,1.32,40.3,40.3,40.4,40.05,0.87,17.4,1.3,,,,,
1166,3518,柏騰,市,10/01,,40.35,-0.75,-1.82,18737,791.0,41.1,42.15,45.15,40.15,12.2,18.8,2.42,,,,,
1167,4741,泓瀚,櫃,10/01,,40.3,-0.5,-1.23,40,1.62,40.8,40.8,41.35,40.25,2.7,33.3,1.51,,,,,
1168,00927,群益半導體收益,市,10/01,,40.29,0.4,1.0,41650,1671.0,39.89,40.41,40.41,39.84,1.43,,1.0005,,,,,
1169,9906,欣巴巴,市,10/01,,40.25,0.8,2.03,37,1.48,39.45,39.45,40.5,39.4,2.79,11.7,2.4,,,,,
1170,1229,聯華,市,10/01,,40.2,0.3,0.75,2550,102.0,39.9,39.95,40.4,39.95,1.13,16.4,1.14,,,,,
1171,2433,互盛電,市,10/01,,40.2,-0.25,-0.62,28,1.11,40.45,40.45,40.45,40.05,0.99,13.4,1.78,,,,,
1172,8908,欣雄,櫃,10/01,,40.2,-0.15,-0.37,19,0.78,40.35,40.4,40.4,40.0,0.99,19.0,3.08,,,,,
1173,8942,森鉅,櫃,10/01,,40.15,-0.05,-0.12,107,4.31,40.2,40.8,40.8,40.05,1.87,7.58,0.78,,,,,
1174,3704,合勤控,市,10/01,,40.05,-0.45,-1.11,1609,64.7,40.5,40.8,40.8,40.05,1.85,12.0,1.35,,,,,
1175,1817,凱撒衛,市,10/01,,40.0,0.15,0.38,17,0.68,39.85,40.15,40.15,40.0,0.38,7.97,1.25,,,,,
1176,2718,全心投控,櫃,10/01,,40.0,-0.45,-1.11,20,0.8,40.45,40.35,40.6,40.0,1.48,3.81,0.56,,,,,
1177,2945,三商家購,市,10/01,,39.9,0.05,0.13,22,0.86,39.85,39.8,39.95,39.55,1.0,21.6,1.4,,,,,
1178,5392,能率,櫃,10/01,,39.9,-0.2,-0.5,710,28.4,40.1,40.5,40.5,39.7,2.0,58.7,1.21,,,,,
1179,6542,隆中,櫃,10/01,,39.9,-0.6,-1.48,4,0.17,40.5,40.25,40.25,39.9,0.86,88.7,2.32,,,,,
1180,4116,明基醫,櫃,10/01,,39.8,0.0,0.0,22,0.89,39.8,40.0,40.0,39.6,1.01,15.0,1.61,,,,,
1181,1712,興農,市,10/01,,39.65,-0.15,-0.38,365,14.5,39.8,39.8,39.8,39.65,0.38,15.0,2.03,,,,,
1182,2816,旺旺保,市,10/01,,39.65,-0.65,-1.61,375,14.9,40.3,40.5,40.5,39.6,2.23,3.45,0.92,,,,,
1183,00631L,元大台灣50正2,市,10/01,,39.62,0.63,1.62,104515,4104.0,38.99,39.13,39.62,38.9,1.85,,1.0008,,,,,
1184,6234,高僑,櫃,10/01,,39.55,-0.2,-0.5,1206,48.2,39.75,39.9,40.75,39.25,3.77,38.8,1.41,,,,,
1185,6609,瀧澤科,櫃,10/01,,39.55,-0.4,-1.0,62,2.46,39.95,40.35,40.35,39.55,2.0,,1.2,,,,,
1186,9925,新保,市,10/01,,39.55,0.0,0.0,319,12.6,39.55,39.55,39.7,39.45,0.63,13.1,1.05,,,,,
1187,4545,銘鈺,市,10/01,,39.4,0.3,0.77,1013,40.1,39.1,39.1,40.75,38.5,5.75,46.4,1.56,,,,,
1188,8249,菱光,市,10/01,,39.4,-0.1,-0.25,100,3.94,39.5,39.5,39.6,39.3,0.76,15.5,0.77,,,,,
1189,2009,第一銅,市,10/01,,39.3,-0.7,-1.75,1229,48.4,40.0,40.0,40.0,39.15,2.13,37.8,1.61,,,,,
1190,006205,富邦上証,市,10/01,,39.21,-0.11,-0.28,48,1.89,39.32,39.33,39.37,39.2,0.43,,0.9897,,,,,
1191,5484,慧友,市,10/01,,39.2,-0.4,-1.01,122,4.81,39.6,39.7,39.9,39.15,1.89,28.8,4.74,,,,,
1192,6235,華孚,市,10/01,,39.15,0.05,0.13,205,8.01,39.1,38.9,39.2,38.8,1.02,24.3,1.56,,,,,
1193,2748,雲品,市,10/01,,39.1,0.3,0.77,163,6.34,38.8,38.8,39.2,38.8,1.03,15.5,1.4,,,,,
1194,4568,科際精密,櫃,10/01,,39.05,-0.4,-1.01,14,0.55,39.45,38.75,39.05,38.75,0.76,21.5,1.17,,,,,
1195,8473,山林水,市,10/01,,39.05,-0.7,-1.76,391,15.3,39.75,39.75,39.75,39.0,1.89,11.3,1.02,,,,,
1196,00709,富邦歐洲,市,10/01,,38.98,-0.48,-1.22,20,0.77,39.46,39.0,39.02,38.96,0.15,,1.0138,,,,,
1197,2417,圓剛,市,10/01,,38.95,-0.35,-0.89,226,8.82,39.3,39.4,39.4,38.85,1.4,27.8,1.8,,,,,
1198,00727B,國泰優選非投等債,櫃,10/01,,38.93,0.04,0.1,128,5.0,38.89,38.92,38.94,38.88,0.15,,1.0025,,,,,
1199,4160,訊聯基因,櫃,10/01,,38.9,-0.2,-0.51,14,0.55,39.1,39.1,39.1,38.9,0.51,57.2,2.11,,,,,
1200,6931,青松健康,市,10/01,,38.9,0.0,0.0,34,1.33,38.9,38.9,39.1,38.9,0.51,10.3,1.98,,,,,
1201,1618,合機,市,10/01,,38.8,-0.15,-0.39,233,9.05,38.95,39.0,39.05,38.8,0.64,7.98,1.1,,,,,
1202,6952,大武山,市,10/01,,38.8,0.0,0.0,5,0.2,38.8,38.75,38.8,38.75,0.13,30.8,1.78,,,,,
1203,1609,大亞,市,10/01,,38.7,-0.05,-0.13,4849,188.0,38.75,39.25,39.3,38.25,2.71,14.3,1.63,,,,,
1204,2892,第一金,市,10/01,,38.7,0.05,0.13,18761,723.0,38.65,38.35,38.9,38.15,1.94,18.1,1.85,,,,,
1205,2495,普安,市,10/01,,38.6,-0.45,-1.15,865,33.5,39.05,39.4,39.4,38.5,2.3,18.9,2.33,,,,,
1206,1605,華新,市,10/01,,38.55,0.15,0.39,34859,1344.0,38.4,39.05,39.1,38.0,2.86,11.7,0.84,,,,,
1207,9938,百和,市,10/01,,38.55,0.3,0.78,534,20.5,38.25,38.25,38.65,38.1,1.44,11.9,0.88,,,,,
1208,2348A,海悅甲特,市,10/01,,38.45,-0.1,-0.26,33,1.27,38.55,38.55,38.55,38.45,0.26,,,,,,,
1209,6843,進典,櫃,10/01,,38.45,-0.1,-0.26,14,0.54,38.55,39.25,39.25,38.0,3.24,20.5,1.54,,,,,
1210,2542,興富發,市,10/01,,38.4,-0.25,-0.65,11208,430.0,38.65,38.6,38.75,38.15,1.55,8.89,1.64,,,,,
1211,2409,友達,市,10/01,,38.3,-0.25,-0.65,932903,36278.0,38.55,39.8,40.0,37.8,5.71,142.0,1.87,,,,,
1212,3059,華晶科,市,10/01,,38.3,-0.45,-1.16,1140,43.8,38.75,39.0,39.0,38.15,2.19,30.4,1.16,,,,,
1213,5864,致和證,櫃,10/01,,38.25,-0.95,-2.42,3356,128.0,39.2,39.2,39.2,37.8,3.57,3.06,1.35,,,,,
1214,7777,能率亞洲,櫃,10/01,,38.25,0.25,0.66,2968,113.0,38.0,38.0,38.75,37.4,3.55,31.4,3.06,,,,,
1215,2543,皇昌,市,10/01,,38.2,-0.3,-0.78,548,21.0,38.5,38.7,38.7,38.15,1.43,13.6,2.1,,,,,
1216,9924,福興,市,10/01,,38.2,0.0,0.0,51,1.93,38.2,37.8,38.25,37.8,1.18,10.5,0.84,,,,,
1217,6111,光聚晶電,櫃,10/01,,38.1,-0.55,-1.42,112,4.3,38.65,38.7,38.7,38.05,1.68,,1.84,,,,,
1218,6148,驊宏資,櫃,10/01,,38.05,-0.05,-0.13,1091,41.6,38.1,38.15,38.65,37.85,2.1,35.9,3.19,,,,,
1219,6624,萬年清,櫃,10/01,,38.0,-0.25,-0.65,6,0.23,38.25,38.95,38.95,38.0,2.48,48.7,1.72,,,,,
1220,6887,寶綠特-KY,市,10/01,,37.95,-0.15,-0.39,10,0.39,38.1,37.65,38.8,37.6,3.15,8.64,0.94,,,,,
1221,4754,國碳科,櫃,10/01,,37.85,-0.05,-0.13,9,0.35,37.9,37.65,38.0,37.65,0.92,11.7,2.14,,,,,
1222,5878,台名,櫃,10/01,,37.85,0.0,0.0,3,0.13,37.85,37.9,37.9,37.85,0.13,15.1,1.82,,,,,
1223,00860B,群益1-5Y投資級債,櫃,10/01,,37.84,0.1,0.26,101,3.84,37.74,37.8,37.84,37.8,0.11,,1.0044,,,,,
1224,00891,中信關鍵半導體,市,10/01,,37.82,0.29,0.77,7470,281.0,37.53,37.6,37.82,37.5,0.85,,0.9992,,,,,
1225,2425,承啟,市,10/01,,37.75,0.25,0.67,473,17.9,37.5,37.55,38.2,37.55,1.73,21.3,1.45,,,,,
1226,5215,科嘉-KY,市,10/01,,37.75,-0.15,-0.4,32,1.2,37.9,39.85,39.85,37.75,5.54,9.61,0.67,,,,,
1227,6101,寬魚國際,櫃,10/01,,37.75,0.35,0.94,197,7.43,37.4,38.2,38.2,37.4,2.14,27.8,3.21,,,,,
1228,3501,維熹,市,10/01,,37.7,0.05,0.13,55,2.09,37.65,37.7,37.75,37.6,0.4,21.8,0.63,,,,,
1229,2030,彰源,市,10/01,,37.65,0.95,2.59,70648,2689.0,36.7,37.2,40.0,36.05,10.8,19.2,1.95,,,,,
1230,6790,永豐實,市,10/01,,37.65,-0.15,-0.4,128,4.81,37.8,37.8,37.8,37.55,0.66,12.3,1.8,,,,,
1231,2002A,中鋼特,市,10/01,,37.5,0.25,0.67,22,0.81,37.25,37.25,37.5,37.25,0.67,,,,,,,
1232,3176,基亞,櫃,10/01,,37.5,-0.2,-0.53,253,9.43,37.7,37.7,37.7,37.1,1.59,,3.54,,,,,
1233,4584,君帆,櫃,10/01,,37.5,0.5,1.35,6,0.23,37.0,39.6,39.6,37.5,5.68,15.1,1.07,,,,,
1234,9960,邁達康,櫃,10/01,,37.5,-4.0,-9.64,159,6.01,41.5,39.7,41.05,37.35,8.92,16.4,1.78,,,,,
1235,1783,和康生,市,10/01,,37.35,0.1,0.27,43,1.6,37.25,36.9,37.35,36.9,1.21,11.5,2.24,,,,,
1236,00849B,中信EM主權債0-5,櫃,10/01,,37.27,0.04,0.11,205,7.63,37.23,37.22,37.28,37.22,0.16,,1.0041,,,,,
1237,6504,南六,市,10/01,,37.2,0.25,0.68,16,0.6,36.95,37.3,37.3,37.05,0.68,32.3,0.78,,,,,
1238,6649,台生材,櫃,10/01,,37.2,0.7,1.92,112,4.17,36.5,36.5,37.85,36.5,3.7,42.8,2.43,,,,,
1239,00856B,永豐1-3年美公債,櫃,10/01,,37.19,0.18,0.49,22,0.82,37.01,37.17,37.21,37.17,0.11,,0.992,,,,,
1240,2883,凱基金,市,10/01,,36.9,-1.95,-5.02,124035,4596.0,38.85,38.6,38.75,36.4,6.05,11.9,1.46,,,,,
1241,6103,合邦,櫃,10/01,,36.9,-1.4,-3.66,14,0.54,38.3,38.3,39.0,36.9,5.48,92.2,3.35,,,,,
1242,2520,冠德,市,10/01,,36.75,0.25,0.68,1181,43.3,36.5,36.5,36.95,36.4,1.51,11.0,0.91,,,,,
1243,6237,驊訊,櫃,10/01,,36.75,0.25,0.68,768,28.8,36.5,36.5,38.55,36.5,5.62,,2.01,,,,,
1244,00741B,富邦全球非投等債,櫃,10/01,,36.71,-0.02,-0.05,102,3.75,36.73,36.72,36.78,36.71,0.19,,1.0008,,,,,
1245,2324,仁寶,市,10/01,,36.65,-0.45,-1.21,25328,932.0,37.1,37.2,37.3,36.65,1.75,18.7,1.13,,,,,
1246,006206,元大上證50,市,10/01,,36.61,-0.11,-0.3,14,0.51,36.72,36.7,36.7,36.6,0.27,,0.994,,,,,
1247,2483,百容,市,10/01,,36.6,0.85,2.38,5737,207.0,35.75,36.15,37.45,34.3,8.81,146.0,1.44,,,,,
1248,00888,永豐台灣ESG,櫃,10/01,,36.59,0.43,1.19,5629,204.0,36.16,36.28,36.59,36.13,1.27,,1.0003,,,,,
1249,2387,精元,市,10/01,,36.55,0.1,0.27,142,5.19,36.45,36.5,36.75,36.35,1.1,12.3,0.68,,,,,
1250,2739,寒舍,市,10/01,,36.5,-0.05,-0.14,71,2.58,36.55,37.0,37.0,36.15,2.33,9.06,2.04,,,,,
1251,2948,寶陞,櫃,10/01,,36.5,-0.9,-2.41,6,0.23,37.4,37.7,37.75,36.5,3.34,16.8,1.11,,,,,
1252,00858,永豐美國500大,櫃,10/01,,36.28,0.16,0.44,670,24.3,36.12,36.16,36.28,36.1,0.5,,1.0036,,,,,
1253,00912,中信臺灣智慧50,市,10/01,,36.21,0.01,0.03,544,19.7,36.2,36.66,36.66,35.86,2.21,,0.9992,,,,,
1254,8032,光菱,櫃,10/01,,36.2,0.0,0.0,24,0.89,36.2,36.1,36.5,36.0,1.38,10.3,0.85,,,,,
1255,4909,新復興,櫃,10/01,,36.15,-0.25,-0.69,195,7.05,36.4,36.55,36.8,35.95,2.34,46.9,1.33,,,,,
1256,3114,好德,櫃,10/01,,36.05,1.45,4.19,3015,113.0,34.6,34.6,38.05,34.6,9.97,11.5,1.41,,,,,
1257,4735,豪展,櫃,10/01,,36.05,-0.05,-0.14,29,1.06,36.1,36.05,36.5,36.05,1.25,6.0,1.23,,,,,
1258,4976,佳凌,市,10/01,,36.05,0.25,0.7,847,30.8,35.8,36.0,36.95,36.0,2.65,,2.5,,,,,
1259,1608,華榮,市,10/01,,35.95,-0.3,-0.83,1428,51.5,36.25,36.3,36.4,35.75,1.79,3.12,1.35,,,,,
1260,5538,東明-KY,市,10/01,,35.95,-0.3,-0.83,46,1.65,36.25,36.4,36.45,35.8,1.79,8.26,0.91,,,,,
1261,6179,亞通,櫃,10/01,,35.95,-0.35,-0.96,3451,125.0,36.3,36.4,37.0,35.8,3.31,43.8,1.7,,,,,
1262,00740B,富邦全球投等債,櫃,10/01,,35.85,-0.07,-0.19,1149,41.1,35.92,35.83,35.87,35.71,0.45,,1.0009,,,,,
1263,7821,神數,市,10/01,,35.85,-0.05,-0.14,161,5.74,35.9,35.8,36.0,35.6,1.11,10.9,1.63,,,,,
1264,5244,弘凱,市,10/01,,35.75,0.15,0.42,48,1.72,35.6,35.4,35.85,35.3,1.54,,1.39,,,,,
1265,7753,星亞,櫃,10/01,,35.7,0.1,0.28,16,0.57,35.6,35.3,36.0,35.25,2.11,8.11,1.57,,,,,
1266,1102,亞泥,市,10/01,,35.65,-0.15,-0.42,11842,421.0,35.8,35.7,35.9,35.2,1.96,9.26,0.69,,,,,
1267,2065,世豐,櫃,10/01,,35.65,0.1,0.28,36,1.3,35.55,35.95,35.95,35.55,1.13,9.36,1.25,,,,,
1268,4420,光明,櫃,10/01,,35.65,-0.4,-1.11,20,0.73,36.05,35.8,35.8,35.65,0.42,26.6,1.02,,,,,
1269,8222,寶一,市,10/01,,35.55,-0.25,-0.7,112,4.01,35.8,36.0,36.0,35.5,1.4,26.3,2.61,,,,,
1270,8415,大國鋼,櫃,10/01,,35.55,0.35,0.99,471,16.7,35.2,35.3,35.75,35.3,1.28,8.89,1.25,,,,,
1271,1423,利華,市,10/01,,35.5,-0.5,-1.39,2,0.07,36.0,35.5,35.5,35.5,0.0,10.4,1.04,,,,,
1272,6474,華豫寧,櫃,10/01,,35.45,-0.25,-0.7,87,3.07,35.7,35.85,35.85,35.0,2.38,10.4,1.1,,,,,
1273,2605,新興,市,10/01,,35.4,-0.15,-0.42,4548,160.0,35.55,35.55,35.55,35.15,1.13,7.22,1.07,,,,,
1274,00780B,國泰A級金融債,櫃,10/01,,35.37,0.03,0.08,111,3.93,35.34,35.3,35.37,35.28,0.25,,1.0073,,,,,
1275,1436,華友聯,市,10/01,,35.35,-0.35,-0.98,86,3.05,35.7,35.7,35.7,35.35,0.98,12.2,1.24,,,,,
1276,6614,資拓宏宇,市,10/01,,35.3,0.0,0.0,8,0.29,35.3,35.2,35.3,35.2,0.28,17.5,1.87,,,,,
1277,00877,復華中國5G,櫃,10/01,,35.15,-0.13,-0.37,1097,38.5,35.28,35.45,35.45,35.02,1.22,,1.0037,,,,,
1278,1612,宏泰,市,10/01,,35.15,-0.55,-1.54,599,21.1,35.7,35.7,35.7,35.05,1.82,9.04,1.19,,,,,
1279,2596,綠意,櫃,10/01,,34.9,-0.2,-0.57,25,0.86,35.1,35.1,35.5,34.9,1.71,12.8,1.62,,,,,
1280,00878,國泰永續高股息,市,10/01,,34.89,-0.01,-0.03,34467,1199.0,34.9,34.87,34.91,34.68,0.66,,0.9997,,,,,
1281,6477,安集,市,10/01,,34.8,-0.8,-2.25,643,22.5,35.6,35.65,35.65,34.7,2.67,1160.0,1.37,,,,,
1282,00763U,期街口道瓊銅,市,10/01,,34.66,-0.01,-0.03,131,4.53,34.67,34.56,34.66,34.47,0.55,,1.0146,,,,,
1283,3685,元創精密,櫃,10/01,,34.65,-0.35,-1.0,217,7.48,35.0,35.0,35.15,34.2,2.71,,3.76,,,,,
1284,4706,大恭,櫃,10/01,,34.65,0.8,2.36,21,0.72,33.85,34.3,34.65,34.25,1.18,30.9,1.77,,,,,
1285,6151,晉倫,櫃,10/01,,34.65,-0.1,-0.29,94,3.26,34.75,35.0,35.0,34.5,1.44,14.8,1.86,,,,,
1286,8121,越峰,櫃,10/01,,34.65,3.15,10.0,2904,96.5,31.5,31.5,34.65,31.0,11.6,,3.65,,,,,
1287,2524,京城,市,10/01,,34.6,-0.1,-0.29,25,0.87,34.7,34.7,34.7,34.25,1.3,42.2,0.6,,,,,
1288,3206,志豐,櫃,10/01,,34.6,-0.35,-1.0,14,0.5,34.95,35.15,35.15,34.2,2.72,20.0,1.31,,,,,
1289,6492,生華科,櫃,10/01,,34.6,0.25,0.73,145,5.01,34.35,34.25,34.95,34.1,2.47,,5.01,,,,,
1290,6418,詠昇,櫃,10/01,,34.55,-0.1,-0.29,113,3.89,34.65,34.0,34.6,33.9,2.02,90.9,2.32,,,,,
1291,3652,精聯,市,10/01,,34.5,0.3,0.88,56,1.91,34.2,34.35,34.6,33.8,2.34,16.8,1.34,,,,,
1292,8905,裕國,櫃,10/01,,34.5,-0.15,-0.43,5,0.16,34.65,34.75,34.8,34.5,0.87,40.6,1.45,,,,,
1293,4526,東台,市,10/01,,34.4,0.35,1.03,8739,309.0,34.05,34.9,36.9,34.15,8.08,,1.73,,,,,
1294,5902,德記,櫃,10/01,,34.3,-0.2,-0.58,10,0.36,34.5,34.1,34.35,34.0,1.01,16.4,2.62,,,,,
1295,2539,櫻花建,市,10/01,,34.25,-0.05,-0.15,662,22.6,34.3,34.5,34.5,34.0,1.46,8.15,2.04,,,,,
1296,2545,皇翔,市,10/01,,34.2,-0.25,-0.73,45,1.53,34.45,34.15,34.55,34.15,1.16,36.0,0.89,,,,,
1297,00846B,富邦歐洲銀行債,櫃,10/01,,34.11,0.01,0.03,102,3.48,34.1,34.1,34.11,34.09,0.06,,0.997,,,,,
1298,9931,欣高,市,10/01,,34.1,-0.1,-0.29,5,0.17,34.2,33.85,34.1,33.85,0.73,11.9,1.06,,,,,
1299,00924,復華S&P500成長,市,10/01,,34.09,0.31,0.92,2323,78.9,33.78,33.8,34.09,33.8,0.86,,1.0032,,,,,
1300,4935,茂林-KY,市,10/01,,34.05,-0.15,-0.44,131,4.43,34.2,34.2,34.25,33.1,3.36,25.6,0.55,,,,,
1301,6242,立康,櫃,10/01,,34.05,0.0,0.0,0,0.01,34.05,34.05,34.05,34.05,0.0,14.1,1.28,,,,,
1302,3716,中化控股,市,10/01,,34.0,-0.25,-0.73,156,5.31,34.25,34.3,34.3,33.85,1.31,8.29,0.65,,,,,
1303,8213,志超,市,10/01,,34.0,-0.5,-1.45,385,13.1,34.5,34.5,34.5,33.7,2.32,17.3,0.54,,,,,
1304,00697B,元大美債7-10,櫃,10/01,,33.95,-0.06,-0.18,805,27.3,34.01,34.0,34.0,33.87,0.38,,1.0067,,,,,
1305,1762,中化生,市,10/01,,33.95,-0.4,-1.16,22,0.76,34.35,34.45,34.45,33.85,1.75,,0.82,,,,,
1306,00918,大華優利高填息30,市,10/01,,33.89,0.0,0.0,42307,1430.0,33.89,33.88,33.89,33.7,0.56,,1.0003,,,,,
1307,5465,富驊,櫃,10/01,,33.85,0.8,2.42,1245,41.9,33.05,32.9,35.0,32.0,9.08,21.2,2.02,,,,,
1308,8038,長園科,櫃,10/01,,33.85,-0.75,-2.17,135,4.63,34.6,34.6,34.65,33.75,2.6,42.8,4.37,,,,,
1309,7819,精誠金融,櫃,10/01,,33.7,0.0,0.0,13,0.44,33.7,33.8,33.8,33.7,0.3,17.5,1.43,,,,,
1310,00695B,富邦美債7-10,櫃,10/01,,33.69,-0.01,-0.03,125,4.21,33.7,33.65,33.7,33.63,0.21,,1.0012,,,,,
1311,00928,中信上櫃ESG30,櫃,10/01,,33.57,0.09,0.27,184,6.15,33.48,33.5,33.65,33.4,0.75,,0.9944,,,,,
1312,1725,元禎,市,10/01,,33.5,-0.65,-1.9,38,1.29,34.15,34.05,34.35,33.5,2.49,13.7,0.71,,,,,
1313,6615,慧智,櫃,10/01,,33.5,0.0,0.0,8,0.26,33.5,33.4,33.8,33.35,1.34,50.8,1.12,,,,,
1314,6743,安普新,市,10/01,,33.5,1.65,5.18,1119,36.8,31.85,32.0,33.5,31.8,5.34,,2.17,,,,,
1315,1702,南僑,市,10/01,,33.45,0.4,1.21,227,7.56,33.05,33.0,34.0,32.85,3.48,51.5,0.69,,,,,
1316,3040,遠見,市,10/01,,33.4,-0.45,-1.33,176,5.91,33.85,33.85,33.9,33.4,1.48,,1.51,,,,,
1317,3669,圓展,市,10/01,,33.4,0.4,1.21,249,8.27,33.0,33.15,33.55,32.75,2.42,11.3,0.89,,,,,
1318,020000,富邦特選蘋果N,市,10/01,,33.35,0.48,1.46,22,0.73,32.87,33.37,33.37,33.16,0.64,,0.989,,,,,
1319,4303,信立,櫃,10/01,,33.35,-0.1,-0.3,866,29.1,33.45,33.55,34.1,33.35,2.24,3.62,0.93,,,,,
1320,00773B,中信優先金融債,櫃,10/01,,33.29,-0.09,-0.27,952,31.6,33.38,33.21,33.29,33.15,0.42,,1.0089,,,,,
1321,00746B,富邦A級公司債,櫃,10/01,,33.23,-0.07,-0.21,418,13.9,33.3,33.02,33.23,33.02,0.63,,1.001,,,,,
1322,3095,及成,櫃,10/01,,33.2,-0.3,-0.9,5,0.17,33.5,33.3,33.3,33.2,0.3,13.7,2.67,,,,,
1323,7732,金興精密,市,10/01,,33.2,-0.3,-0.9,6,0.2,33.5,33.15,33.2,33.15,0.15,17.6,1.19,,,,,
1324,6962,奕力-KY,市,10/01,,33.15,0.7,2.16,2752,91.1,32.45,32.75,33.35,32.65,2.16,22.2,0.82,,,,,
1325,00915,凱基優選高股息30,市,10/01,,33.13,0.06,0.18,1567,51.6,33.07,33.07,33.15,32.81,1.03,,0.9958,,,,,
1326,00722B,群益投資級電信債,櫃,10/01,,33.07,-0.06,-0.18,3342,110.0,33.13,33.04,33.07,32.89,0.54,,1.0062,,,,,
1327,3294,英濟,櫃,10/01,,33.05,0.6,1.85,2051,69.1,32.45,32.5,34.9,32.5,7.4,,1.86,,,,,
1328,1234,黑松,市,10/01,,32.9,-0.1,-0.3,90,2.97,33.0,32.9,32.9,32.8,0.3,20.1,0.72,,,,,
1329,1235,興泰,市,10/01,,32.9,-0.25,-0.75,43,1.41,33.15,32.95,33.15,32.9,0.75,,0.57,,,,,
1330,5410,國眾,櫃,10/01,,32.9,-0.05,-0.15,111,3.66,32.95,33.05,33.1,32.8,0.91,9.68,1.91,,,,,
1331,00725B,國泰投資級公司債,櫃,10/01,,32.8,-0.1,-0.3,3622,119.0,32.9,32.79,32.82,32.68,0.43,,1.0089,,,,,
1332,1527,鑽全,市,10/01,,32.8,0.1,0.31,137,4.5,32.7,32.7,32.9,32.65,0.76,15.5,0.94,,,,,
1333,5009,榮剛,櫃,10/01,,32.8,-0.3,-0.91,1864,61.4,33.1,33.25,33.25,32.7,1.66,14.6,1.06,,,,,
1334,00785B,富邦金融投等債,櫃,10/01,,32.71,-0.04,-0.12,91,2.97,32.75,32.17,32.71,32.17,1.65,,0.9991,,,,,
1335,1568,倉佑,市,10/01,,32.7,-0.1,-0.3,366,11.9,32.8,33.15,33.15,32.25,2.74,17.3,1.78,,,,,
1336,6560,欣普羅,櫃,10/01,,32.6,0.4,1.24,29,0.94,32.2,32.3,32.8,32.3,1.55,26.7,1.62,,,,,
1337,6657,華安,市,10/01,,32.6,-0.1,-0.31,63,2.06,32.7,33.2,33.2,32.1,3.36,,4.02,,,,,
1338,00852L,國泰美國道瓊正2,市,10/01,,32.59,-0.5,-1.51,310,10.1,33.09,32.41,32.59,32.35,0.73,,1.02,,,,,
1339,1321,大洋,市,10/01,,32.5,0.1,0.31,45,1.45,32.4,32.45,32.5,32.15,1.08,250.0,1.18,,,,,
1340,6722,輝創,市,10/01,,32.5,0.0,0.0,25,0.79,32.5,32.5,32.5,32.0,1.54,15.8,1.13,,,,,
1341,7760,享溫馨,市,10/01,,32.5,-0.05,-0.15,43,1.4,32.55,32.55,32.7,32.5,0.61,45.8,1.02,,,,,
1342,00848B,中信新興亞洲債,櫃,10/01,,32.4,-0.04,-0.12,202,6.54,32.44,32.37,32.4,32.37,0.09,,1.0083,,,,,
1343,6593,台灣銘板,櫃,10/01,,32.3,0.05,0.16,21,0.66,32.25,31.85,32.35,31.7,2.02,,1.2,,,,,
1344,6807,峰源-KY,市,10/01,,32.3,0.0,0.0,15,0.48,32.3,31.9,32.35,31.6,2.32,11.0,0.7,,,,,
1345,1570,力肯,櫃,10/01,,32.25,-0.95,-2.86,11,0.36,33.2,32.2,33.1,32.2,2.71,46.7,1.6,,,,,
1346,6212,理銘,櫃,10/01,,32.25,-0.55,-1.68,1,0.03,33.65,32.25,32.25,32.25,0.0,16.1,0.86,,,,,
1347,6698,旭暉應材,市,10/01,,32.25,-1.05,-3.15,200,6.48,33.3,32.65,32.65,32.2,1.35,,2.16,,,,,
1348,009808,華南永昌優選50,市,10/01,,32.2,0.15,0.47,66,2.11,32.05,32.01,32.2,31.96,0.75,,0.9947,,,,,
1349,6730,常廣,櫃,10/01,,32.2,0.2,0.62,7,0.23,32.0,32.4,32.4,31.8,1.87,16.9,1.58,,,,,
1350,1734,杏輝,市,10/01,,32.1,0.0,0.0,157,5.01,32.1,31.85,32.1,31.8,0.93,17.4,1.77,,,,,
1351,6936,永鴻生技,市,10/01,,32.0,0.0,0.0,2,0.07,32.0,31.8,32.0,31.8,0.62,14.4,1.76,,,,,
1352,00834B,第一金金融債10+,櫃,10/01,,31.98,-0.09,-0.28,120,3.84,32.07,32.0,32.0,31.98,0.06,,1.0021,,,,,
1353,2258,鴻華先進-創,市,10/01,,31.9,-0.1,-0.31,537,17.2,32.0,32.0,32.45,31.75,2.19,,4.9,,,,,
1354,6005,群益證,市,10/01,,31.9,-0.15,-0.47,8048,255.0,32.05,32.15,32.15,31.4,2.34,6.7,1.33,,,,,
1355,1437,勤益控,市,10/01,,31.85,0.0,0.0,63,2.0,31.85,31.85,31.9,31.8,0.31,7.39,0.75,,,,,
1356,2353,宏碁,市,10/01,,31.85,0.2,0.63,10102,321.0,31.65,31.65,31.9,31.4,1.58,18.8,1.24,,,,,
1357,00761B,國泰A級公司債,櫃,10/01,,31.84,-0.05,-0.16,512,16.3,31.89,31.82,31.86,31.69,0.53,,1.0098,,,,,
1358,00707R,期元大S&P日圓反1,市,10/01,,31.83,0.0,0.0,0,0.0,31.9,31.83,31.83,31.83,0.0,,0.9851,,,,,
1359,4148,全宇生技-KY,市,10/01,,31.8,-0.2,-0.62,26,0.82,32.0,32.0,32.0,31.6,1.25,11.5,0.77,,,,,
1360,4942,嘉彰,市,10/01,,31.8,-0.1,-0.31,89,2.82,31.9,31.9,31.9,31.45,1.41,11.0,0.49,,,,,
1361,6259,百徽,櫃,10/01,,31.8,1.55,5.12,822,26.0,30.25,30.5,32.6,30.25,7.77,21.1,2.13,,,,,
1362,2369,菱生,市,10/01,,31.75,-0.4,-1.24,3071,97.7,32.15,32.15,32.2,31.65,1.71,,2.42,,,,,
1363,00778B,凱基金融債20+,櫃,10/01,,31.74,-0.05,-0.16,113,3.59,31.79,31.61,31.74,31.61,0.41,,1.0054,,,,,
1364,1593,祺驊,櫃,10/01,,31.7,0.0,0.0,23,0.74,31.7,31.8,32.0,31.7,0.95,8.07,0.92,,,,,
1365,1808,潤隆,市,10/01,,31.7,0.05,0.16,1385,43.7,31.65,31.7,32.0,31.4,1.9,7.48,2.05,,,,,
1366,8104,錸寶,市,10/01,,31.7,-0.4,-1.25,218,6.92,32.1,32.1,32.15,31.5,2.02,,1.09,,,,,
1367,00919,群益台灣精選高息,市,10/01,,31.63,-0.25,-0.78,147843,4663.0,31.88,31.73,31.73,31.41,1.0,,1.0025,,,,,
1368,00736,國泰新興市場,市,10/01,,31.6,-0.03,-0.09,102,3.21,31.63,31.55,31.6,31.55,0.16,,0.9968,,,,,
1369,3118,進階,櫃,10/01,,31.55,0.25,0.8,7,0.23,31.3,31.3,31.55,31.3,0.8,13.5,1.9,,,,,
1370,00724B,群益投資級金融債,櫃,10/01,,31.54,-0.06,-0.19,3661,115.0,31.6,31.38,31.54,31.38,0.51,,1.0041,,,,,
1371,3297,杭特,櫃,10/01,,31.5,-1.1,-3.37,201,6.46,32.6,32.8,33.0,31.5,4.6,35.0,1.88,,,,,
1372,6885,全福生技,市,10/01,,31.5,-0.5,-1.56,728,23.0,32.0,31.7,32.15,31.15,3.12,,2.72,,,,,
1373,00845B,富邦新興投等債,櫃,10/01,,31.47,-0.06,-0.19,151,4.75,31.53,31.45,31.47,31.43,0.13,,0.9939,,,,,
1374,1307,三芳,市,10/01,,31.45,-0.05,-0.16,532,16.7,31.5,31.5,31.55,31.3,0.79,9.39,1.26,,,,,
1375,2406,國碩,市,10/01,,31.4,-0.05,-0.16,6902,217.0,31.45,31.9,31.9,31.1,2.54,174.0,2.97,,,,,
1376,3434,哲固,櫃,10/01,,31.4,0.0,0.0,49,1.54,31.4,31.6,31.65,31.15,1.59,82.6,2.41,,,,,
1377,5604,中連,櫃,10/01,,31.4,0.2,0.64,3,0.08,31.2,31.5,31.5,31.4,0.32,29.9,1.75,,,,,
1378,6884,海柏特,櫃,10/01,,31.4,0.85,2.78,7,0.22,30.55,30.6,31.4,30.6,2.62,16.3,1.83,,,,,
1379,1752,南光,市,10/01,,31.35,-0.15,-0.48,67,2.09,31.5,31.45,31.55,31.35,0.63,15.4,1.32,,,,,
1380,3380,明泰,市,10/01,,31.3,-0.85,-2.64,2570,80.8,32.15,32.0,32.0,31.25,2.33,224.0,1.85,,,,,
1381,4123,晟德,櫃,10/01,,31.3,0.05,0.16,902,28.1,31.25,31.25,31.3,30.9,1.28,23.2,1.37,,,,,
1382,6582,申豐,市,10/01,,31.3,0.2,0.64,9,0.27,31.1,31.2,31.3,31.1,0.64,97.8,0.48,,,,,
1383,6875,國邑*,櫃,10/01,,31.3,-0.05,-0.16,254,7.73,31.35,29.95,31.3,29.95,4.31,,2.96,,,,,
1384,1614,三洋電,市,10/01,,31.25,0.1,0.32,56,1.73,31.15,31.15,31.25,30.9,1.12,24.8,1.43,,,,,
1385,4153,鈺緯,櫃,10/01,,31.25,-0.2,-0.64,13,0.4,31.45,31.55,31.55,31.25,0.95,19.1,1.9,,,,,
1386,6835,圓裕,市,10/01,,31.15,-0.05,-0.16,14,0.44,31.2,31.15,31.3,31.0,0.96,104.0,1.16,,,,,
1387,00652,富邦印度,市,10/01,,31.13,-0.07,-0.22,140,4.35,31.2,31.2,31.2,31.05,0.48,,1.0087,,,,,
1388,00772B,中信高評級公司債,櫃,10/01,,31.11,-0.09,-0.29,3491,108.0,31.2,31.03,31.11,30.95,0.51,,1.0099,,,,,
1389,2617,台航,市,10/01,,31.1,-0.35,-1.11,793,24.7,31.45,31.45,31.45,30.9,1.75,8.36,0.72,,,,,
1390,00726B,國泰新興投等債,櫃,10/01,,31.08,-0.12,-0.38,169,5.24,31.2,30.93,31.1,30.93,0.54,,1.0048,,,,,
1391,00719B,元大美債1-3,櫃,10/01,,31.06,0.05,0.16,2260,70.2,31.01,31.12,31.12,31.01,0.35,,1.0035,,,,,
1392,00981A,主動統一台股增長,市,10/01,,31.0,0.46,1.51,113188,3485.0,30.54,30.63,31.03,30.53,1.64,,0.9945,,,,,
1393,2312,金寶,市,10/01,,31.0,-0.25,-0.8,4887,151.0,31.25,31.3,31.35,30.7,2.08,25.8,1.92,,,,,
1394,2941,米斯特,櫃,10/01,,31.0,0.0,0.0,6,0.19,31.0,30.95,31.0,30.95,0.16,13.2,1.38,,,,,
1395,006207,復華滬深,市,10/01,,30.97,-0.14,-0.45,106,3.28,31.11,30.91,30.97,30.9,0.23,,0.999,,,,,
1396,4562,穎漢,市,10/01,,30.95,0.0,0.0,114,3.54,30.95,30.9,31.4,30.45,3.07,,2.98,,,,,
1397,5227,立凱-KY,櫃,10/01,,30.95,-0.55,-1.75,253,7.85,31.5,31.5,31.65,30.6,3.33,,3.87,,,,,
1398,6221,晉泰,櫃,10/01,,30.95,-0.05,-0.16,1572,49.3,31.0,31.05,32.75,30.5,7.26,13.2,1.72,,,,,
1399,3224,三顧,櫃,10/01,,30.9,-0.55,-1.75,66,2.06,31.45,31.45,31.45,30.9,1.75,,1.73,,,,,
1400,2008,高興昌,市,10/01,,30.85,-0.25,-0.8,5,0.16,31.1,30.55,30.85,30.55,0.96,48.2,1.43,,,,,
1401,4131,浩泰,櫃,10/01,,30.85,0.2,0.65,8,0.25,30.65,31.25,31.25,30.1,3.75,,4.3,,,,,
1402,00655L,國泰中國A50正2,市,10/01,,30.84,0.01,0.03,201,6.19,30.83,30.8,30.84,30.65,0.62,,1.0128,,,,,
1403,6126,信音,櫃,10/01,,30.8,-0.1,-0.32,190,5.85,30.9,31.0,31.0,30.8,0.65,39.0,1.08,,,,,
1404,00720B,元大投資級公司債,櫃,10/01,,30.76,-0.09,-0.29,9757,299.0,30.85,30.71,30.76,30.62,0.45,,1.005,,,,,
1405,2429,銘旺科,市,10/01,,30.75,-0.2,-0.65,175,5.39,30.95,30.8,31.4,30.6,2.58,,3.7,,,,,
1406,4534,慶騰,櫃,10/01,,30.7,-0.25,-0.81,463,14.1,30.95,30.95,31.0,30.3,2.26,66.7,3.73,,,,,
1407,5455,昇益,櫃,10/01,,30.7,0.0,0.0,0,0.01,30.7,30.7,30.7,30.7,0.0,,1.48,,,,,
1408,00750B,凱基科技債10+,櫃,10/01,,30.68,0.0,0.0,101,3.1,30.68,30.68,30.68,30.68,0.0,,1.0059,,,,,
1409,1603,華電,市,10/01,,30.65,0.05,0.16,151,4.63,30.6,30.65,30.75,30.4,1.14,10.9,0.61,,,,,
1410,2460,建通,市,10/01,,30.6,0.05,0.16,182,5.53,30.55,30.6,30.7,29.9,2.62,,3.18,,,,,
1411,5314,世紀*,櫃,10/01,,30.6,1.75,6.07,81515,2496.0,28.85,29.3,31.65,29.2,8.49,6.54,4.94,,,,,
1412,8163,達方,市,10/01,,30.6,0.35,1.16,732,22.4,30.25,30.25,30.9,30.25,2.15,51.9,0.78,,,,,
1413,1533,車王電,市,10/01,,30.55,0.25,0.83,54,1.65,30.3,30.7,30.7,30.4,0.99,11.4,1.21,,,,,
1414,2105,正新,市,10/01,,30.55,-0.1,-0.33,3576,109.0,30.65,30.6,30.85,30.5,1.14,16.8,1.14,,,,,
1415,2504,國產,市,10/01,,30.55,-0.1,-0.33,1242,38.1,30.65,30.7,30.75,30.55,0.65,9.61,1.39,,,,,
1416,3623,富晶通,櫃,10/01,,30.55,0.75,2.52,331,10.1,29.8,30.35,31.0,30.05,3.19,32.5,2.37,,,,,
1417,6270,倍微,櫃,10/01,,30.55,0.55,1.83,340,10.4,30.0,30.1,31.15,29.95,4.0,23.5,0.81,,,,,
1418,00642U,期元大S&P石油,市,10/01,,30.54,-0.29,-0.94,998,30.7,30.83,31.0,31.05,30.54,1.65,,0.9601,,,,,
1419,00786B,元大10年IG銀行債,櫃,10/01,,30.54,-0.13,-0.42,75,2.29,30.67,30.49,30.54,30.47,0.23,,1.0023,,,,,
1420,2371,大同,市,10/01,,30.5,0.05,0.16,33538,1032.0,30.45,31.0,31.6,30.3,4.27,,1.29,,,,,
1421,3031,佰鴻,市,10/01,,30.5,-0.3,-0.97,2758,84.9,30.8,30.6,31.5,30.1,4.55,33.2,1.83,,,,,
1422,6969,成信實業*-創,市,10/01,,30.45,-0.9,-2.87,162,4.91,31.35,31.3,31.3,30.2,3.51,381.0,2.75,,,,,
1423,00755B,群益投資級公用債,櫃,10/01,,30.36,-0.14,-0.46,113,3.44,30.5,30.26,30.36,30.23,0.43,,1.0035,,,,,
1424,5523,豐謙,櫃,10/01,,30.35,0.0,0.0,67,2.03,30.35,30.25,30.35,30.15,0.66,,1.66,,,,,
1425,1796,金穎生技,櫃,10/01,,30.3,1.15,3.95,61,1.81,29.15,29.2,30.4,29.05,4.63,72.1,1.6,,,,,
1426,2926,誠品生活,櫃,10/01,,30.3,0.1,0.33,3,0.1,30.2,30.5,30.5,30.3,0.66,48.1,2.33,,,,,
1427,7794,宏碁智新,櫃,10/01,,30.3,-0.3,-0.98,40,1.2,30.6,30.35,30.35,30.0,1.14,11.7,1.82,,,,,
1428,00754B,群益AAA-AA公司債,櫃,10/01,,30.26,-0.1,-0.33,117,3.53,30.36,30.23,30.26,30.23,0.1,,1.0032,,,,,
1429,6541,泰福-KY,市,10/01,,30.25,-0.85,-2.73,385,11.7,31.1,31.5,31.5,30.1,4.5,,1.61,,,,,
1430,00787B,元大10年IG醫療債,櫃,10/01,,30.21,-0.08,-0.26,5,0.14,30.29,30.12,30.21,30.12,0.3,,1.0033,,,,,
1431,020020,元大台股領航N,市,10/01,,30.2,-0.1,-0.33,35,1.06,30.3,29.87,30.2,29.87,1.09,,0.9982,,,,,
1432,4543,萬在,櫃,10/01,,30.15,0.7,2.38,171,5.14,29.45,29.5,30.7,29.5,4.07,11.8,0.97,,,,,
1433,5210,寶碩,櫃,10/01,,30.15,-0.45,-1.47,148,4.49,30.6,30.35,30.6,30.1,1.63,27.7,2.93,,,,,
1434,6194,育富,櫃,10/01,,30.1,0.25,0.84,28,0.84,29.85,30.3,30.3,29.95,1.17,26.6,0.74,,,,,
1435,00777B,凱基AAA至A公司債,櫃,10/01,,30.05,-0.03,-0.1,102,3.08,30.08,29.96,30.05,29.96,0.3,,1.0077,,,,,
1436,00934,中信成長高股息,市,10/01,,30.01,0.06,0.2,1157,34.7,29.95,29.86,30.04,29.86,0.6,,0.9983,,,,,
1437,1737,臺鹽,市,10/01,,30.0,-0.05,-0.17,102,3.07,30.05,30.1,30.1,30.0,0.33,15.4,0.89,,,,,
1438,3465,進泰電子,櫃,10/01,,30.0,0.3,1.01,26,0.78,29.7,29.85,30.0,29.85,0.51,,1.36,,,,,
1439,00890B,凱基ESGBBB債15+,櫃,10/01,,29.95,-0.06,-0.2,101,3.02,30.01,29.95,29.95,29.95,0.0,,1.0044,,,,,
1440,00730,富邦臺灣優質高息,市,10/01,,29.9,0.18,0.61,105,3.14,29.72,29.72,29.9,29.72,0.61,,0.9957,,,,,
1441,1733,五鼎,市,10/01,,29.85,0.25,0.84,79,2.36,29.6,29.7,29.9,29.5,1.35,15.7,1.6,,,,,
1442,3354,律勝,櫃,10/01,,29.8,-2.35,-7.31,8974,295.0,32.15,35.35,35.35,29.8,17.3,,2.69,,,,,
1443,4807,日成-KY,市,10/01,,29.8,0.45,1.53,61,1.77,29.35,29.15,29.8,29.1,2.39,10.8,1.49,,,,,
1444,6603,富強鑫,櫃,10/01,,29.8,1.0,3.47,7484,224.0,28.8,28.9,30.55,28.75,6.25,39.2,1.87,,,,,
1445,5251,天鉞電,櫃,10/01,,29.7,-0.3,-1.0,83,2.51,30.0,30.5,30.55,29.65,3.0,26.8,2.32,,,,,
1446,7705,三商餐飲,市,10/01,,29.7,-0.15,-0.5,21,0.63,29.85,29.8,29.8,29.7,0.34,12.2,1.31,,,,,
1447,00749B,凱基新興債10+,櫃,10/01,,29.66,0.0,0.0,100,2.97,29.66,29.66,29.66,29.66,0.0,,1.0071,,,,,
1448,00775B,台新投等債15+,市,10/01,,29.65,-0.12,-0.4,83,2.47,29.77,29.6,29.65,29.6,0.17,,1.0,,,,,
1449,2101,南港,市,10/01,,29.65,-0.25,-0.84,1688,50.3,29.9,30.1,30.1,29.65,1.51,5.18,1.42,,,,,
1450,00929,復華台灣科技優息,市,10/01,,29.59,0.24,0.82,24483,722.0,29.35,29.36,29.59,29.36,0.78,,0.9963,,,,,
1451,4114,健喬,櫃,10/01,,29.5,-0.05,-0.17,309,9.1,29.55,29.55,29.55,29.45,0.34,19.2,1.71,,,,,
1452,4560,強信-KY,市,10/01,,29.4,-0.5,-1.67,229,6.76,29.9,29.85,29.85,29.3,1.84,9.97,0.98,,,,,
1453,00863B,中信全球電信債,櫃,10/01,,29.32,-0.09,-0.31,712,20.8,29.41,29.23,29.33,29.17,0.54,,1.0072,,,,,
1454,3323,加百裕,櫃,10/01,,29.3,-0.4,-1.35,257,7.59,29.7,29.9,30.0,29.3,2.36,,1.22,,,,,
1455,6133,金橋,市,10/01,,29.3,-0.3,-1.01,10855,324.0,29.6,29.55,31.0,29.3,5.74,26.4,2.25,,,,,
1456,00844B,台新15年IG金融債,櫃,10/01,,29.25,-0.1,-0.34,107,3.13,29.35,29.28,29.28,29.25,0.1,,1.0021,,,,,
1457,1515,力山,市,10/01,,29.25,-0.55,-1.85,501,14.7,29.8,30.2,30.2,29.1,3.69,19.4,1.36,,,,,
1458,9945,潤泰新,市,10/01,,29.25,-0.2,-0.68,3829,112.0,29.45,29.45,29.5,29.15,1.19,4.94,0.51,,,,,
1459,00674R,期元大S&P黃金反1,市,10/01,,29.24,-0.04,-0.14,43,1.27,29.28,29.36,29.41,29.24,0.58,,0.9922,,,,,
1460,2201,裕隆,市,10/01,,29.2,-0.05,-0.17,2076,60.7,29.25,29.3,29.5,29.2,1.03,32.1,0.48,,,,,
1461,5201,凱衛,櫃,10/01,,29.2,-0.75,-2.5,40,1.18,29.95,30.35,30.35,29.1,4.17,,1.77,,,,,
1462,00862B,中信投資級公司債,櫃,10/01,,29.15,-0.04,-0.14,267,7.77,29.19,29.04,29.15,29.04,0.38,,1.0095,,,,,
1463,6994,富威電力,市,10/01,,29.15,2.65,10.0,998,28.5,26.5,26.5,29.15,26.5,10.0,5.21,0.91,,,,,
1464,2352,佳世達,市,10/01,,29.1,-0.55,-1.85,3305,96.8,29.65,29.7,29.75,29.1,2.19,37.8,1.16,,,,,
1465,6186,新潤,櫃,10/01,,29.1,-0.05,-0.17,177,5.16,29.15,29.2,29.2,28.95,0.86,5.75,1.24,,,,,
1466,8215,明基材,市,10/01,,29.1,-0.55,-1.85,2447,71.9,29.65,30.1,30.1,28.85,4.22,,1.94,,,,,
1467,00792B,群益A級公司債,櫃,10/01,,29.06,-0.08,-0.27,129,3.76,29.14,28.99,29.08,28.97,0.38,,1.002,,,,,
1468,2419,仲琦,市,10/01,,29.05,-0.65,-2.19,869,25.4,29.7,29.75,29.75,29.0,2.53,726.0,1.94,,,,,
1469,2740,華軒,櫃,10/01,,29.0,-1.15,-3.81,9,0.26,30.15,29.1,29.1,28.05,3.48,,3.79,,,,,
1470,1439,雋揚,市,10/01,,28.95,0.05,0.17,59,1.71,28.9,28.95,29.05,28.85,0.69,9.4,0.88,,,,,
1471,1799,易威,櫃,10/01,,28.95,-0.05,-0.17,77,2.22,29.0,29.0,29.0,28.65,1.21,,5.09,,,,,
1472,6134,萬旭,櫃,10/01,,28.95,-0.25,-0.86,167,4.83,29.2,29.2,29.25,28.85,1.37,36.2,1.94,,,,,
1473,8906,花王,櫃,10/01,,28.95,0.35,1.22,1,0.03,28.6,28.95,28.95,28.95,0.0,,2.62,,,,,
1474,9908,大台北,市,10/01,,28.95,-0.05,-0.17,67,1.96,29.0,28.95,29.0,28.95,0.17,13.8,0.97,,,,,
1475,3066,李洲,櫃,10/01,,28.9,-0.3,-1.03,1585,46.4,29.2,29.3,30.25,28.6,5.65,4.82,1.44,,,,,
1476,5601,台聯櫃,櫃,10/01,,28.9,-0.4,-1.37,5,0.14,28.9,28.9,28.9,28.9,0.0,72.2,1.36,,,,,
1477,00756B,群益投等新興公債,櫃,10/01,,28.89,-0.2,-0.69,240,6.92,29.09,28.72,28.89,28.72,0.58,,1.0056,,,,,
1478,4111,濟生,櫃,10/01,,28.85,-0.05,-0.17,23,0.66,28.9,28.9,28.9,28.7,0.69,9.16,1.23,,,,,
1479,00751B,元大AAA至A公司債,櫃,10/01,,28.82,-0.09,-0.31,7319,210.0,28.91,28.75,28.83,28.7,0.45,,1.0051,,,,,
1480,2608,嘉里大榮,市,10/01,,28.8,0.2,0.7,86,2.46,28.6,28.6,28.8,28.6,0.7,15.0,1.1,,,,,
1481,4707,磐亞,櫃,10/01,,28.7,-1.65,-5.44,1899,55.8,30.35,30.35,30.85,28.7,7.08,22.2,1.4,,,,,
1482,4744,皇將,櫃,10/01,,28.7,-0.5,-1.71,56,1.61,29.2,29.95,29.95,28.6,4.62,18.8,1.31,,,,,
1483,5487,通泰,櫃,10/01,,28.7,0.1,0.35,17,0.49,28.6,28.6,28.75,28.5,0.87,,1.33,,,,,
1484,8930,青鋼,櫃,10/01,,28.7,-0.05,-0.17,19,0.55,28.75,28.75,28.75,28.65,0.35,10.8,1.67,,,,,
1485,3296,勝德,市,10/01,,28.6,0.2,0.7,71,2.03,28.4,28.6,28.6,28.1,1.76,,2.16,,,,,
1486,5426,振發,櫃,10/01,,28.6,0.15,0.53,414,11.8,28.45,28.6,29.0,28.15,2.99,44.7,1.79,,,,,
1487,7584,樂意,櫃,10/01,,28.6,-0.1,-0.35,7,0.2,28.7,28.6,28.6,28.6,0.0,,1.05,,,,,
1488,5353,台林,櫃,10/01,,28.5,0.05,0.18,35,1.0,28.45,28.55,28.7,28.5,0.7,15.6,1.48,,,,,
1489,6662,樂斯科,櫃,10/01,,28.5,0.0,0.0,4,0.12,28.5,28.0,28.5,28.0,1.75,17.7,1.71,,,,,
1490,00867B,台新A-BBB電信債,櫃,10/01,,28.43,0.09,0.32,659,18.7,28.34,28.22,29.4,28.18,4.3,,0.9993,,,,,
1491,7814,海昌生技,櫃,10/01,,28.4,0.15,0.53,16,0.47,28.25,28.25,28.6,28.25,1.24,203.0,3.9,,,,,
1492,2108,南帝,市,10/01,,28.35,-0.4,-1.39,452,12.8,28.75,28.75,28.75,28.25,1.74,15.9,0.95,,,,,
1493,7715,裕山,櫃,10/01,,28.35,-0.05,-0.18,34,0.96,28.4,28.75,28.75,28.3,1.58,19.4,1.03,,,,,
1494,8291,尚茂,櫃,10/01,,28.35,-0.2,-0.7,22,0.62,28.55,28.55,28.7,28.35,1.23,,8.54,,,,,
1495,020001,富邦存股雙十N,櫃,10/01,,28.33,0.0,0.0,0,0.0,28.22,28.33,28.33,28.33,0.0,,0.9866,,,,,
1496,2450,神腦,市,10/01,,28.3,0.1,0.35,58,1.63,28.2,28.3,28.35,28.2,0.53,17.5,1.18,,,,,
1497,3060,銘異,市,10/01,,28.3,0.2,0.71,1766,50.7,28.1,28.15,29.4,28.15,4.45,42.2,1.42,,,,,
1498,00782B,國泰A級公用債,櫃,10/01,,28.27,-0.1,-0.35,523,14.8,28.37,28.2,28.27,28.15,0.42,,1.003,,,,,
1499,00723B,群益投資級科技債,櫃,10/01,,28.26,-0.11,-0.39,167,4.71,28.37,28.18,28.26,28.15,0.39,,1.0035,,,,,
1500,2365,昆盈,市,10/01,,28.2,-0.15,-0.53,666,18.7,28.35,28.35,28.4,27.9,1.76,50.4,2.03,,,,,
1501,4911,德英,櫃,10/01,,28.2,0.0,0.0,12,0.35,28.2,28.3,28.4,28.2,0.71,22.6,2.05,,,,,
1502,6195,詩肯,櫃,10/01,,28.2,-0.05,-0.18,10,0.28,28.25,28.25,28.25,28.0,0.88,15.1,1.06,,,,,
1503,00842B,台新美元銀行債,櫃,10/01,,28.18,-0.09,-0.32,126,3.55,28.27,28.18,28.18,28.0,0.64,,1.0068,,,,,
1504,3021,鴻名,市,10/01,,28.15,-0.3,-1.05,1241,35.4,28.45,28.45,29.15,28.1,3.69,37.5,1.68,,,,,
1505,4554,橙的,櫃,10/01,,28.15,-0.1,-0.35,20,0.56,28.25,28.3,28.35,28.15,0.71,9.95,1.44,,,,,
1506,6294,智基,櫃,10/01,,28.15,-0.1,-0.35,6,0.16,28.25,28.25,28.25,28.1,0.53,10.5,1.32,,,,,
1507,1227,佳格,市,10/01,,28.1,0.0,0.0,342,9.6,28.1,28.1,28.15,28.0,0.53,17.6,1.4,,,,,
1508,1233,天仁,市,10/01,,28.1,0.0,0.0,5,0.15,28.1,28.0,28.1,28.0,0.36,30.2,1.81,,,,,
1509,3597,映興,櫃,10/01,,28.1,0.0,0.0,25,0.7,28.1,28.1,28.1,27.6,1.78,35.1,1.85,,,,,
1510,4767,誠泰科技,櫃,10/01,,28.1,-0.1,-0.35,6,0.18,28.2,28.1,28.1,28.1,0.0,10.9,0.9,,,,,
1511,5016,松和,櫃,10/01,,28.1,2.55,9.98,386,10.5,25.55,25.95,28.1,25.55,9.98,14.3,0.93,,,,,
1512,1907,永豐餘,市,10/01,,28.0,-0.4,-1.41,1143,31.9,28.4,28.4,28.4,27.75,2.29,16.5,0.51,,,,,
1513,2235,謚源,櫃,10/01,,28.0,0.0,0.0,0,0.0,28.0,28.0,28.0,28.0,0.0,20.4,0.84,,,,,
1514,8080,泰霖,櫃,10/01,,28.0,0.2,0.72,6,0.15,27.8,28.35,28.35,28.0,1.26,,3.4,,,,,
1515,00788B,元大10年IG電能債,櫃,10/01,,27.98,-0.15,-0.53,47,1.32,28.13,27.97,28.03,27.95,0.28,,0.9988,,,,,
1516,1402,遠東新,市,10/01,,27.95,-0.3,-1.06,14615,408.0,28.25,28.2,28.25,27.7,1.95,13.7,0.64,,,,,
1517,2103,台橡,市,10/01,,27.95,-0.2,-0.71,1424,39.7,28.15,28.1,28.2,27.7,1.78,11.2,1.05,,,,,
1518,6443,元晶,市,10/01,,27.9,-0.85,-2.96,4765,134.0,28.75,28.7,28.75,27.8,3.3,,4.29,,,,,
1519,00896,中信綠能及電動車,市,10/01,,27.84,0.07,0.25,2568,71.4,27.77,27.79,27.88,27.7,0.65,,0.9932,,,,,
1520,00905,FT臺灣Smart,市,10/01,,27.8,0.15,0.54,771,21.3,27.65,27.65,27.81,27.56,0.9,,0.9968,,,,,
1521,8072,陞泰,市,10/01,,27.8,-0.05,-0.18,99,2.76,27.85,27.8,28.05,27.7,1.26,16.7,0.98,,,,,
1522,8410,森田,櫃,10/01,,27.8,0.0,0.0,28,0.79,27.8,27.65,27.9,27.55,1.26,6.3,0.55,,,,,
1523,3447,展達,市,10/01,,27.65,0.1,0.36,27,0.75,27.55,28.0,28.0,27.65,1.27,14.1,1.73,,,,,
1524,6865,偉康科技,櫃,10/01,,27.65,-1.5,-5.15,21,0.59,29.15,28.1,28.3,27.65,2.23,,1.26,,,,,
1525,00840B,凱基IG精選15+,櫃,10/01,,27.61,-0.04,-0.14,100,2.76,27.65,27.61,27.61,27.61,0.0,,1.0058,,,,,
1526,2432,倚天酷碁-創,市,10/01,,27.6,-0.05,-0.18,2,0.06,27.65,27.7,27.7,27.6,0.36,12.6,1.47,,,,,
1527,2852,第一保,市,10/01,,27.6,-0.25,-0.9,381,10.5,27.85,27.8,27.8,27.55,0.9,8.47,0.9,,,,,
1528,3379,彬台,櫃,10/01,,27.6,-0.1,-0.36,47,1.3,27.7,27.3,27.85,27.3,1.99,27.1,1.73,,,,,
1529,2801,彰銀,市,10/01,,27.55,-0.05,-0.18,17914,490.0,27.6,27.65,27.65,27.1,1.99,16.6,1.41,,,,,
1530,6908,宏碁遊戲-創,市,10/01,,27.5,0.85,3.19,174,4.91,26.65,26.6,29.3,26.6,10.1,24.1,0.79,,,,,
1531,00799B,國泰A級醫療債,櫃,10/01,,27.45,-0.08,-0.29,209,5.73,27.53,27.49,27.49,27.32,0.62,,1.0108,,,,,
1532,5452,佶優,櫃,10/01,,27.45,0.05,0.18,216,5.92,27.4,27.4,27.6,27.05,2.01,49.9,1.87,,,,,
1533,00884B,中信低碳新興債,櫃,10/01,,27.36,-0.18,-0.65,201,5.51,27.54,27.26,27.36,27.26,0.36,,1.0084,,,,,
1534,3086,華義*,櫃,10/01,,27.35,-0.05,-0.18,65,1.79,27.4,27.4,27.8,27.1,2.55,,24.86,,,,,
1535,3717,聯嘉投控,市,10/01,,27.35,-0.35,-1.26,8872,244.0,27.7,27.5,28.2,27.05,4.15,17.0,1.62,,,,,
1536,6171,大城地產,櫃,10/01,,27.35,0.6,2.24,455,12.4,26.75,27.1,27.35,27.05,1.12,19.8,1.15,,,,,
1537,2415,錩新,市,10/01,,27.25,0.05,0.18,81,2.21,27.2,27.45,27.45,27.05,1.47,17.2,1.42,,,,,
1538,5310,天剛,櫃,10/01,,27.2,-0.4,-1.45,8,0.22,27.6,27.55,27.55,27.2,1.27,13.5,2.35,,,,,
1539,6124,業強,櫃,10/01,,27.2,0.0,0.0,6,0.15,27.2,27.5,27.5,27.2,1.1,52.3,1.58,,,,,
1540,4164,承業醫,市,10/01,,27.1,-0.25,-0.91,355,9.63,27.35,27.35,27.45,26.95,1.83,23.6,0.7,,,,,
1541,00783,富邦中証500,市,10/01,,27.07,-0.08,-0.29,4,0.1,27.15,27.2,27.2,27.07,0.48,,1.0007,,,,,
1542,00916,國泰全球品牌50,市,10/01,,27.04,0.19,0.71,475,12.8,26.85,27.0,27.04,26.88,0.6,,1.0086,,,,,
1543,4535,至興,櫃,10/01,,27.0,0.0,0.0,9,0.24,27.0,26.65,27.0,26.65,1.3,19.0,0.83,,,,,
1544,5543,桓鼎-KY,櫃,10/01,,27.0,0.3,1.12,8,0.22,26.7,26.0,27.3,26.0,4.87,57.4,2.52,,,,,
1545,6508,惠光,櫃,10/01,,27.0,0.05,0.19,20,0.54,26.95,26.7,27.0,26.65,1.3,26.5,0.96,,,,,
1546,2107,厚生,市,10/01,,26.95,-0.05,-0.19,401,10.8,27.0,26.9,27.05,26.8,0.93,14.3,0.54,,,,,
1547,2035,唐榮,櫃,10/01,,26.9,0.4,1.51,1,0.03,26.5,26.9,26.9,26.9,0.0,,3.82,,,,,
1548,3591,艾笛森,市,10/01,,26.9,-0.55,-2.0,1379,37.7,27.45,27.55,28.2,26.7,5.46,,1.32,,,,,
1549,3630,新鉅科,櫃,10/01,,26.9,-0.05,-0.19,410,11.1,26.95,26.95,27.4,26.85,2.04,,1.87,,,,,
1550,1530,亞崴,市,10/01,,26.85,0.05,0.19,11,0.3,26.8,26.65,26.9,26.65,0.93,14.2,0.78,,,,,
1551,2401,凌陽,市,10/01,,26.85,0.1,0.37,6342,171.0,26.75,26.9,27.2,26.55,2.43,268.0,1.87,,,,,
1552,00696B,富邦美債20年,櫃,10/01,,26.84,-0.15,-0.56,2373,63.5,26.99,26.7,26.84,26.69,0.56,,1.0061,,,,,
1553,6910,德鴻,櫃,10/01,,26.8,-0.15,-0.56,27,0.72,26.95,26.95,27.2,26.6,2.23,14.5,1.81,,,,,
1554,00938,凱基優選30,市,10/01,,26.79,-0.12,-0.45,912,24.3,26.91,26.84,26.84,26.5,1.26,,1.0026,,,,,
1555,00926,凱基全球菁英55,市,10/01,,26.77,0.18,0.68,432,11.5,26.59,26.64,26.77,26.63,0.53,,1.0121,,,,,
1556,2237,華德動能-創,市,10/01,,26.75,0.0,0.0,40,1.08,26.75,26.75,26.95,26.75,0.75,,2.19,,,,,
1557,1104,環泥,市,10/01,,26.7,0.0,0.0,520,13.8,26.7,26.65,26.75,26.55,0.75,9.85,0.74,,,,,
1558,6598,ABC-KY,市,10/01,,26.65,-0.75,-2.74,265,7.1,27.4,26.85,27.2,26.25,3.47,,3.91,,,,,
1559,1721,國慶科技,市,10/01,,26.6,0.15,0.57,3409,90.6,26.45,26.0,27.5,25.75,6.62,,3.06,,,,,
1560,00739,元大MSCI A股,市,10/01,,26.5,-0.1,-0.38,3,0.08,26.6,26.5,26.5,26.5,0.0,,0.9992,,,,,
1561,1442,名軒,市,10/01,,26.5,-0.7,-2.57,967,25.9,27.2,27.1,27.15,26.5,2.39,15.4,1.31,,,,,
1562,1522,堤維西,市,10/01,,26.45,-0.35,-1.31,204,5.41,26.8,26.95,26.95,26.4,2.05,30.8,0.95,,,,,
1563,00636,國泰中國A50,市,10/01,,26.43,-0.11,-0.41,194,5.13,26.54,26.4,26.45,26.33,0.45,,0.9977,,,,,
1564,00941,中信上游半導體,市,10/01,,26.42,0.61,2.36,2729,71.6,25.81,25.88,26.42,25.88,2.09,,1.0065,,,,,
1565,00841B,凱基AAA-AA公司債,櫃,10/01,,26.4,-0.02,-0.08,100,2.64,26.42,26.4,26.4,26.4,0.0,,1.0061,,,,,
1566,00836B,永豐10年A公司債,櫃,10/01,,26.33,-0.16,-0.6,2,0.06,26.49,26.33,26.33,26.33,0.0,,0.9958,,,,,
1567,2020,美亞,市,10/01,,26.2,-0.5,-1.87,21075,589.0,26.7,29.2,29.25,26.0,12.2,12.6,1.64,,,,,
1568,3567,逸昌,櫃,10/01,,26.15,-0.05,-0.19,46,1.22,26.2,26.45,26.45,25.8,2.48,23.8,1.6,,,,,
1569,1475,業旺,市,10/01,,26.05,0.05,0.19,6,0.16,26.0,26.15,26.2,26.05,0.58,6.68,1.13,,,,,
1570,5529,鉅陞,櫃,10/01,,26.05,-0.4,-1.51,85,2.22,26.45,26.45,26.45,25.95,1.89,7.26,1.72,,,,,
1571,00870B,元大15年EM主權債,櫃,10/01,,26.01,-0.19,-0.73,92,2.4,26.2,25.99,26.01,25.99,0.08,,0.9953,,,,,
1572,1732,毛寶,市,10/01,,26.0,-0.15,-0.57,35,0.9,26.15,26.15,26.15,25.95,0.76,21.1,2.19,,,,,
1573,3508,位速,櫃,10/01,,26.0,0.1,0.39,374,9.82,25.9,26.7,26.8,25.6,4.63,,5.1,,,,,
1574,5880,合庫金,市,10/01,,26.0,-0.1,-0.38,17025,440.0,26.1,26.1,26.1,25.65,1.72,17.4,1.4,,,,,
1575,1524,耿鼎,市,10/01,,25.95,-0.15,-0.57,176,4.56,26.1,26.15,26.15,25.8,1.34,12.8,1.45,,,,,
1576,5356,協益,櫃,10/01,,25.9,0.2,0.78,34,0.89,25.7,25.9,25.9,25.7,0.78,11.7,0.61,,,,,
1577,1521,大億,市,10/01,,25.8,0.2,0.78,5,0.14,25.6,25.85,25.9,25.65,0.98,16.3,1.05,,,,,
1578,2073,雄順,櫃,10/01,,25.8,0.6,2.38,2,0.05,25.2,25.4,25.8,25.4,1.59,,1.8,,,,,
1579,2633,台灣高鐵,市,10/01,,25.8,0.15,0.58,2936,75.4,25.65,25.7,25.8,25.6,0.78,21.1,2.07,,,,,
1580,6838,台新藥,市,10/01,,25.8,0.0,0.0,150,3.83,25.8,25.8,25.9,25.4,1.94,,2.84,,,,,
1581,00779B,凱基美債25+,櫃,10/01,,25.75,-0.15,-0.58,312,8.03,25.9,25.65,25.75,25.64,0.42,,1.0106,,,,,
1582,2069,運錩,市,10/01,,25.75,-0.95,-3.56,1821,47.5,26.7,26.65,27.2,25.35,6.93,10.1,0.97,,,,,
1583,1325,恆大,市,10/01,,25.7,-0.2,-0.77,98,2.51,25.9,25.75,25.9,25.7,0.77,,0.85,,,,,
1584,3550,聯穎,市,10/01,,25.7,-0.2,-0.77,2400,62.5,25.9,25.9,26.7,25.7,3.86,214.0,1.58,,,,,
1585,00781B,國泰A級科技債,櫃,10/01,,25.68,-0.09,-0.35,167,4.29,25.77,25.68,25.68,25.59,0.35,,1.0094,,,,,
1586,00687B,國泰20年美債,櫃,10/01,,25.6,-0.12,-0.47,15826,404.0,25.72,25.53,25.6,25.46,0.54,,1.0111,,,,,
1587,5490,同亨,櫃,10/01,,25.6,-0.05,-0.19,268,6.85,25.65,25.65,25.75,25.45,1.17,12.1,1.77,,,,,
1588,8422,可寧衛*,市,10/01,,25.6,-0.3,-1.16,2861,73.3,25.9,26.0,26.0,25.5,1.93,26.4,3.38,,,,,
1589,00980A,主動野村臺灣優選,市,10/01,,25.55,0.14,0.55,9041,230.0,25.41,25.46,25.57,25.25,1.26,,0.9946,,,,,
1590,1101,台泥,市,10/01,,25.55,-0.75,-2.85,54833,1413.0,26.3,26.3,26.4,25.45,3.61,,0.83,,,,,
1591,4533,協易機,櫃,10/01,,25.55,-0.1,-0.39,339,8.6,25.65,25.75,25.75,25.25,1.95,42.6,1.57,,,,,
1592,00764B,群益25年美債,櫃,10/01,,25.53,-0.15,-0.58,2160,55.1,25.68,25.47,25.53,25.42,0.43,,1.0031,,,,,
1593,1236,宏亞,市,10/01,,25.5,0.05,0.2,14,0.35,25.45,25.45,25.8,25.3,1.96,,0.85,,,,,
1594,8937,合騏*,櫃,10/01,,25.5,-0.7,-2.67,49,1.24,26.2,25.2,25.7,25.15,2.1,425.0,4.6,,,,,
1595,00657K,國泰日經225+U,市,10/01,,25.49,0.65,2.62,0,0.01,24.84,25.49,25.49,25.49,0.0,,0.993,,,,,
1596,00853B,統一美債10年Aa-A,櫃,10/01,,25.45,-0.07,-0.27,1507,38.3,25.52,25.48,25.48,25.42,0.24,,1.0103,,,,,
1597,5468,凱鈺,櫃,10/01,,25.45,-0.4,-1.55,141,3.6,25.85,25.5,25.65,25.0,2.51,,2.66,,,,,
1598,2923,鼎固-KY,市,10/01,,25.4,-0.05,-0.2,44,1.13,25.45,25.45,25.45,25.15,1.18,,0.95,,,,,
1599,00965,元大航太防衛科技,市,10/01,,25.37,0.18,0.71,9859,248.0,25.19,25.19,25.37,25.1,1.07,,1.0004,,,,,
1600,3516,亞帝歐,櫃,10/01,,25.35,-0.05,-0.2,45,1.14,25.4,25.4,25.4,25.0,1.57,37.3,0.97,,,,,
1601,6558,興能高,市,10/01,,25.35,0.35,1.4,140,3.54,25.0,25.0,25.45,25.0,1.8,,1.79,,,,,
1602,3666,光耀,櫃,10/01,,25.3,0.0,0.0,28,0.71,25.3,25.4,25.4,25.15,0.99,,2.04,,,,,
1603,6220,岳豐,櫃,10/01,,25.3,0.1,0.4,94,2.36,25.2,25.2,25.4,25.05,1.39,23.6,1.16,,,,,
1604,6240,松崗,櫃,10/01,,25.3,-0.25,-0.98,23,0.59,25.55,25.4,26.0,25.25,2.94,,1.64,,,,,
1605,1780,立弘,櫃,10/01,,25.25,-0.05,-0.2,191,4.85,25.3,25.15,25.6,25.1,1.98,13.6,1.82,,,,,
1606,6136,富爾特,市,10/01,,25.25,0.2,0.8,391,9.85,25.05,25.25,25.3,25.1,0.8,36.6,0.65,,,,,
1607,8093,保銳,櫃,10/01,,25.25,1.6,6.77,26,0.64,23.65,23.8,25.25,23.8,6.13,,2.6,,,,,
1608,6272,驊陞,市,10/01,,25.2,-0.4,-1.56,179,4.51,25.6,25.65,25.65,25.05,2.34,14.4,1.11,,,,,
1609,5519,隆大,市,10/01,,25.15,-0.15,-0.59,78,1.96,25.3,25.3,25.3,25.1,0.79,5.34,0.97,,,,,
1610,7782,光速火箭,櫃,10/01,,25.15,-0.1,-0.4,1,0.03,25.25,25.15,25.15,25.15,0.0,11.4,1.27,,,,,
1611,6552,易華電,市,10/01,,25.1,0.1,0.4,28,0.7,25.0,25.1,25.15,24.9,1.0,,0.78,,,,,
1612,1528,恩德,市,10/01,,25.0,-0.85,-3.29,3331,83.9,25.85,25.45,25.55,25.0,2.13,,2.25,,,,,
1613,4190,佐登-KY,市,10/01,,25.0,0.05,0.2,10,0.26,24.95,24.75,25.0,24.75,1.0,,0.92,,,,,
1614,6108,競國,市,10/01,,25.0,-0.05,-0.2,2564,65.6,25.05,25.25,26.35,24.8,6.19,125.0,1.19,,,,,
1615,6606,建德工業,市,10/01,,25.0,0.2,0.81,35,0.87,24.8,25.1,25.1,24.9,0.81,17.2,1.67,,,,,
1616,7743,金利食安,櫃,10/01,,25.0,0.0,0.0,15,0.38,25.0,24.75,25.0,24.5,2.0,21.7,1.41,,,,,
1617,00920,富邦ESG綠色電力,市,10/01,,24.99,0.11,0.44,360,8.98,24.88,24.75,25.0,24.75,1.0,,1.004,,,,,
1618,6266,泰詠,櫃,10/01,,24.95,-0.05,-0.2,74,1.84,25.0,24.9,25.0,24.9,0.4,12.7,1.57,,,,,
1619,6733,博晟生醫,櫃,10/01,,24.95,0.0,0.0,23,0.56,24.95,24.95,25.15,24.95,0.8,,3.14,,,,,
1620,6113,亞矽,櫃,10/01,,24.9,2.25,9.93,632,15.4,22.65,22.7,24.9,22.7,9.71,40.8,2.36,,,,,
1621,6441,廣錠,櫃,10/01,,24.9,0.2,0.81,76,1.87,24.7,24.85,24.95,24.6,1.42,,1.51,,,,,
1622,3646,艾恩特,櫃,10/01,,24.85,-0.1,-0.4,18,0.45,24.95,25.05,25.05,24.6,1.8,,2.02,,,,,
1623,9904,寶成,市,10/01,,24.85,-0.1,-0.4,8976,223.0,24.95,24.85,24.9,24.7,0.8,5.26,0.39,,,,,
1624,1617,榮星,市,10/01,,24.8,0.75,3.12,9153,232.0,24.05,24.9,26.45,24.4,8.52,18.1,1.81,,,,,
1625,2901,欣欣,市,10/01,,24.8,0.65,2.69,37,0.9,24.15,24.15,24.8,24.15,2.69,56.4,2.08,,,,,
1626,4532,瑞智,市,10/01,,24.8,-0.05,-0.2,531,13.1,24.85,24.8,24.85,24.65,0.8,13.1,1.13,,,,,
1627,8049,晶采,櫃,10/01,,24.8,0.2,0.81,189,4.65,24.6,24.6,24.85,24.5,1.42,12.9,1.14,,,,,
1628,4166,友霖,櫃,10/01,,24.75,0.65,2.7,163,3.99,24.1,24.0,25.3,24.0,5.39,25.3,2.26,,,,,
1629,00795B,中信美國公債20年,櫃,10/01,,24.74,-0.15,-0.6,10005,247.0,24.89,24.65,24.74,24.6,0.56,,1.01,,,,,
1630,3041,揚智,市,10/01,,24.65,0.3,1.23,1068,26.4,24.35,24.35,25.3,24.35,3.9,,2.46,,,,,
1631,00679B,元大美債20年,櫃,10/01,,24.64,-0.13,-0.52,19490,479.0,24.77,24.57,24.64,24.51,0.52,,1.011,,,,,
1632,6767,台微醫,櫃,10/01,,24.6,0.1,0.41,15,0.36,24.5,23.8,24.6,23.8,3.27,,1.68,,,,,
1633,3122,笙泉,櫃,10/01,,24.5,0.3,1.24,22,0.54,24.2,24.2,24.5,24.05,1.86,,3.09,,,,,
1634,4550,長佳,櫃,10/01,,24.45,0.0,0.0,4,0.1,24.45,24.25,24.45,24.15,1.23,12.7,0.99,,,,,
1635,1409,新纖,市,10/01,,24.4,-0.5,-2.01,8728,213.0,24.9,24.6,24.75,24.3,1.81,11.1,0.82,,,,,
1636,1470,大統新創,市,10/01,,24.4,0.25,1.04,6,0.15,24.15,24.15,24.4,24.15,1.04,18.9,2.07,,,,,
1637,3541,西柏,櫃,10/01,,24.4,0.0,0.0,34,0.83,24.4,24.55,24.55,24.2,1.43,73.9,1.87,,,,,
1638,3092,鴻碩,市,10/01,,24.3,-0.7,-2.8,757,18.4,25.0,24.7,24.9,24.0,3.6,,2.09,,,,,
1639,9949,琉園,櫃,10/01,,24.3,0.0,0.0,9,0.21,24.3,24.3,24.3,24.25,0.21,3.96,2.18,,,,,
1640,1225,福懋油,市,10/01,,24.2,-0.35,-1.43,61,1.48,24.55,24.5,24.5,23.7,3.26,115.0,1.56,,,,,
1641,8044,網家,櫃,10/01,,24.2,-0.1,-0.41,287,6.94,24.3,24.35,24.55,23.95,2.47,,0.75,,,,,
1642,8084,巨虹,櫃,10/01,,24.2,-2.65,-9.87,2425,58.7,26.85,24.2,24.2,24.2,0.0,,3.3,,,,,
1643,00689R,國泰20年美債反1,市,10/01,,24.17,0.26,1.09,119,2.88,23.91,24.15,24.24,24.15,0.38,,0.9924,,,,,
1644,1410,南染,市,10/01,,24.15,0.05,0.21,39,0.96,24.1,24.0,24.6,24.0,2.49,32.6,1.42,,,,,
1645,4503,金雨,櫃,10/01,,24.15,0.0,0.0,82,1.97,24.15,24.15,24.3,23.9,1.66,6.49,1.02,,,,,
1646,6229,研通,櫃,10/01,,24.15,-0.05,-0.21,77,1.87,24.2,24.2,24.3,24.0,1.24,22.4,1.36,,,,,
1647,1904,正隆,市,10/01,,24.1,-0.5,-2.03,2001,48.4,24.6,24.6,24.6,24.05,2.24,11.2,0.87,,,,,
1648,4106,雃博,市,10/01,,24.1,-0.25,-1.03,156,3.75,24.35,24.2,24.25,23.95,1.23,13.2,0.96,,,,,
1649,4530,天意能創,櫃,10/01,,24.1,-0.65,-2.63,3,0.07,24.75,24.9,24.95,24.1,3.43,1205.0,1.94,,,,,
1650,009804,聯邦台精彩50,市,10/01,,24.09,0.08,0.33,692,16.6,24.01,24.01,24.09,23.88,0.87,,0.995,,,,,
1651,6461,益得,櫃,10/01,,24.05,-0.4,-1.64,79,1.91,24.45,24.2,24.4,23.75,2.66,,2.97,,,,,
1652,00939,統一台灣高息動能,市,10/01,,24.02,-0.08,-0.33,3587,85.7,24.1,24.04,24.04,23.79,1.04,,0.9967,,,,,
1653,1810,和成,市,10/01,,24.0,-0.45,-1.84,1320,31.8,24.45,24.45,24.45,23.95,2.04,6.54,0.85,,,,,
1654,3346,麗清,市,10/01,,24.0,-0.15,-0.62,434,10.4,24.15,24.3,24.3,23.8,2.07,,0.81,,,,,
1655,4523,永彰,櫃,10/01,,24.0,0.1,0.42,40,0.96,23.9,23.9,24.1,23.85,1.05,0.88,0.86,,,,,
1656,3083,網龍,櫃,10/01,,23.95,1.35,5.97,275,6.4,22.6,22.7,24.25,22.65,7.08,32.8,1.6,,,,,
1657,7716,昱臺國際,櫃,10/01,,23.95,0.05,0.21,6,0.14,23.9,24.05,24.05,23.5,2.3,14.3,1.13,,,,,
1658,2836A,高雄銀甲特,市,10/01,,23.9,-0.1,-0.42,21,0.5,24.0,23.95,23.95,23.85,0.42,,,,,,,
1659,4960,誠美材,市,10/01,,23.9,-0.5,-2.05,5391,130.0,24.4,24.4,24.6,23.6,4.1,,1.91,,,,,
1660,5457,宣德,櫃,10/01,,23.9,-0.45,-1.85,405,9.76,24.35,24.5,24.65,23.85,3.29,30.3,0.85,,,,,
1661,1587,吉茂,市,10/01,,23.85,-0.6,-2.45,100,2.39,24.45,24.6,24.6,23.85,3.07,114.0,1.18,,,,,
1662,2115,六暉-KY,市,10/01,,23.85,-0.05,-0.21,35,0.83,23.9,23.9,23.95,23.7,1.05,15.1,0.76,,,,,
1663,6244,茂迪,櫃,10/01,,23.85,-1.2,-4.79,4450,107.0,25.05,24.55,24.55,23.75,3.19,56.8,2.03,,,,,
1664,00985A,主動野村台灣50,市,10/01,,23.81,0.31,1.32,28030,664.0,23.5,23.73,23.81,23.61,0.85,,1.0021,,,,,
1665,3489,森寶,櫃,10/01,,23.8,0.45,1.93,146,3.48,23.35,23.8,24.1,23.65,1.93,,2.3,,,,,
1666,6496,科懋,櫃,10/01,,23.8,0.15,0.63,12,0.3,23.65,23.3,23.95,23.3,2.75,,1.6,,,,,
1667,00930,永豐ESG低碳高息,市,10/01,,23.79,-0.01,-0.04,1439,34.2,23.8,23.8,23.8,23.7,0.42,,0.9992,,,,,
1668,3466,德晉,櫃,10/01,,23.75,-0.15,-0.63,68,1.62,23.9,23.9,24.0,23.7,1.26,,1.31,,,,,
1669,6016,康和證,櫃,10/01,,23.7,-0.6,-2.47,6142,146.0,24.3,24.25,24.25,23.45,3.29,3.49,1.11,,,,,
1670,6482,弘煜科,櫃,10/01,,23.65,0.15,0.64,9,0.21,23.5,23.2,23.65,22.9,3.19,12.9,1.76,,,,,
1671,2034,允強,市,10/01,,23.6,-1.2,-4.84,9285,222.0,24.8,24.7,24.9,23.4,6.05,56.2,1.39,,,,,
1672,2063,世鎧,櫃,10/01,,23.6,0.1,0.43,13,0.31,23.5,24.15,24.15,23.5,2.77,12.9,1.18,,,,,
1673,2910,統領,市,10/01,,23.6,0.0,0.0,1,0.02,23.6,23.6,23.6,23.6,0.0,12.9,1.5,,,,,
1674,8087,麗升能源,櫃,10/01,,23.6,0.8,3.51,21,0.5,22.8,22.85,24.3,22.85,6.36,,1.17,,,,,
1675,6130,上亞科技,櫃,10/01,,23.55,-0.2,-0.84,15,0.36,23.75,23.65,23.75,23.55,0.84,,1.85,,,,,
1676,6233,旺玖,櫃,10/01,,23.55,0.75,3.29,515,12.2,22.8,23.8,24.5,23.3,5.26,107.0,1.24,,,,,
1677,2321,東訊,市,10/01,,23.5,-0.8,-3.29,4,0.11,24.3,23.65,23.65,23.5,0.62,588.0,3.77,,,,,
1678,5278,尚凡*,櫃,10/01,,23.5,-0.45,-1.88,103,2.42,23.95,24.0,24.05,23.45,2.51,20.4,1.88,,,,,
1679,00921,兆豐龍頭等權重,市,10/01,,23.48,-0.13,-0.55,124,2.91,23.61,23.58,23.58,23.4,0.76,,1.0,,,,,
1680,6114,久威,櫃,10/01,,23.45,0.0,0.0,0,0.0,23.45,23.45,23.45,23.45,0.0,6.2,0.64,,,,,
1681,910322,康師傅-DR,市,10/01,,23.45,0.0,0.0,0,0.0,23.45,23.45,23.45,23.45,0.0,,,,,,,
1682,00693U,期街口S&P黃豆,市,10/01,,23.4,-0.28,-1.18,951,22.3,23.68,23.51,23.53,23.39,0.59,,0.9928,,,,,
1683,4726,永昕,櫃,10/01,,23.4,0.45,1.96,172,4.02,22.95,23.0,23.7,23.0,3.05,,3.44,,,,,
1684,5223,安力-KY,櫃,10/01,,23.4,0.3,1.3,8,0.19,23.1,23.2,23.4,23.2,0.87,,0.44,,,,,
1685,1443,立益物流,市,10/01,,23.35,-0.1,-0.43,3,0.07,23.45,23.5,23.5,23.35,0.64,11.5,1.32,,,,,
1686,1604,聲寶,市,10/01,,23.35,-0.1,-0.43,155,3.63,23.45,23.45,23.5,23.3,0.85,13.3,0.94,,,,,
1687,0061,元大寶滬深,市,10/01,,23.32,0.07,0.3,30,0.7,23.25,23.46,23.46,23.17,1.25,,0.9974,,,,,
1688,2427,三商電,市,10/01,,23.3,-0.05,-0.21,327,7.63,23.35,23.35,23.5,23.25,1.07,16.5,1.32,,,,,
1689,6971,惠民實業,櫃,10/01,,23.3,-0.2,-0.85,8,0.19,23.5,23.55,23.55,23.2,1.49,10.0,1.03,,,,,
1690,00847B,中信美國市政債,櫃,10/01,,23.26,-0.19,-0.81,233,5.42,23.45,23.24,23.26,23.21,0.21,,0.9957,,,,,
1691,5381,光譜,櫃,10/01,,23.25,-0.4,-1.69,421,9.85,23.65,23.6,23.75,23.2,2.33,29.4,2.09,,,,,
1692,3188,鑫龍騰,櫃,10/01,,23.2,-0.1,-0.43,99,2.29,23.3,23.55,23.55,23.2,1.5,3.29,1.3,,,,,
1693,5220,萬達光電,櫃,10/01,,23.2,-1.0,-4.13,835,19.6,24.2,24.25,24.3,22.6,7.02,145.0,1.23,,,,,
1694,00702,國泰標普低波高息,市,10/01,,23.17,-0.21,-0.9,384,8.91,23.38,23.1,23.24,23.07,0.73,,0.9996,,,,,
1695,00982A,主動群益台灣強棒,市,10/01,,23.15,0.08,0.35,10060,232.0,23.07,23.08,23.19,22.94,1.08,,0.994,,,,,
1696,020012,富邦行動通訊N,市,10/01,,23.13,0.08,0.35,1,0.02,23.09,23.13,23.13,23.13,0.0,,0.993,,,,,
1697,00681R,元大美債20反1,市,10/01,,23.1,0.31,1.36,876,20.2,22.79,23.04,23.13,23.04,0.39,,0.9955,,,,,
1698,1599,宏佳騰,櫃,10/01,,23.1,0.05,0.22,33,0.76,23.05,23.1,23.1,22.9,0.87,,0.9,,,,,
1699,2477,美隆電,市,10/01,,23.1,-0.05,-0.22,176,4.06,23.15,23.35,23.35,22.85,2.16,26.6,0.9,,,,,
1700,3540,曜越,櫃,10/01,,23.1,0.05,0.22,200,4.63,23.05,23.0,23.35,22.9,1.95,26.6,0.94,,,,,
1701,3557,嘉威,市,10/01,,23.1,0.1,0.43,27,0.63,23.0,23.05,23.1,22.85,1.09,,0.76,,,,,
1702,4747,強生*,櫃,10/01,,23.1,-0.5,-2.12,33,0.78,23.6,23.0,23.75,23.0,3.18,11.7,0.6,,,,,
1703,9955,佳龍,市,10/01,,23.1,0.0,0.0,115,2.66,23.1,23.0,23.3,23.0,1.3,12.1,1.79,,,,,
1704,1312A,國喬特,市,10/01,,23.05,0.0,0.0,0,0.01,23.05,23.05,23.05,23.05,0.0,,,,,,,
1705,3071,協禧,櫃,10/01,,23.05,0.0,0.0,144,3.3,23.05,23.1,23.2,22.85,1.52,39.7,1.64,,,,,
1706,6692,進能服,櫃,10/01,,23.05,-0.8,-3.35,5,0.12,23.85,22.95,23.3,22.95,1.47,,1.39,,,,,
1707,3051,力特,市,10/01,,23.0,-0.3,-1.29,465,10.7,23.3,23.5,23.5,22.95,2.36,13.0,1.48,,,,,
1708,3609,三一東林,櫃,10/01,,23.0,0.0,0.0,86,1.97,23.0,22.95,23.9,22.55,5.87,3.54,1.97,,,,,
1709,6872,浩宇生醫,櫃,10/01,,23.0,-1.05,-4.37,175,4.08,24.05,24.05,24.05,23.0,4.37,,3.35,,,,,
1710,8928,鉅明,櫃,10/01,,23.0,0.05,0.22,7,0.17,22.95,23.15,23.2,22.75,1.96,9.75,1.07,,,,,
1711,6671,三能-KY,市,10/01,,22.85,0.15,0.66,34,0.78,22.7,23.05,23.05,22.75,1.32,10.5,0.78,,,,,
1712,5206,坤悅,櫃,10/01,,22.8,0.1,0.44,84,1.9,22.7,22.7,22.85,22.6,1.1,8.29,0.95,,,,,
1713,3308,聯德,市,10/01,,22.75,0.4,1.79,85,1.91,22.35,22.35,22.9,22.25,2.91,14.4,1.18,,,,,
1714,8401,白紗科,櫃,10/01,,22.7,-0.05,-0.22,24,0.55,22.75,22.7,22.7,22.6,0.44,8.66,1.33,,,,,
1715,2887Z1,台新新光己特,市,10/01,,22.65,-0.2,-0.88,10,0.22,22.85,22.7,22.7,22.6,0.44,,,,,,,
1716,5230,雷笛克光學,櫃,10/01,,22.65,-0.7,-3.0,796,18.3,23.35,23.0,23.35,22.6,3.21,,0.96,,,,,
1717,5704,老爺知,櫃,10/01,,22.6,-0.05,-0.22,9,0.21,22.65,22.6,22.65,22.45,0.88,161.0,1.36,,,,,
1718,2010,春源,市,10/01,,22.5,-0.5,-2.17,1527,34.6,23.0,23.0,23.1,22.4,3.04,8.96,1.16,,,,,
1719,8489,三貝德,櫃,10/01,,22.45,0.0,0.0,43,0.96,22.45,22.5,22.55,22.15,1.78,33.5,1.41,,,,,
1720,00683L,期元大美元指正2,市,10/01,,22.42,0.13,0.58,93,2.08,22.29,22.28,22.42,22.28,0.63,,0.9934,,,,,
1721,4582,聚恆-創,市,10/01,,22.4,-0.1,-0.44,33,0.74,22.5,22.5,22.5,22.2,1.33,8.92,1.13,,,,,
1722,3390,旭軟,櫃,10/01,,22.35,-0.25,-1.11,117,2.63,22.6,22.7,22.7,22.35,1.55,,1.24,,,,,
1723,00917,中信特選金融,市,10/01,,22.33,-0.12,-0.53,834,18.6,22.45,22.38,22.38,22.26,0.53,,1.0113,,,,,
1724,00752,中信中國50,市,10/01,,22.31,-0.03,-0.13,487,10.9,22.34,22.35,22.35,22.27,0.36,,0.9973,,,,,
1725,00960,野村全球航運龍頭,市,10/01,,22.31,-0.07,-0.31,443,9.88,22.38,22.38,22.38,22.21,0.76,,1.0054,,,,,
1726,00903,富邦元宇宙,市,10/01,,22.29,0.44,2.01,212,4.7,21.85,21.97,22.29,21.97,1.46,,1.0054,,,,,
1727,3062,建漢,市,10/01,,22.25,-0.65,-2.84,1442,32.2,22.9,22.65,22.8,22.15,2.84,,1.81,,,,,
1728,00899,FT潔淨能源,市,10/01,,22.2,0.06,0.27,63,1.4,22.14,22.28,22.28,22.14,0.63,,1.0119,,,,,
1729,1532,勤美,市,10/01,,22.2,-0.1,-0.45,206,4.58,22.3,22.35,22.35,22.15,0.9,18.5,0.61,,,,,
1730,2613,中櫃,市,10/01,,22.2,-0.2,-0.89,98,2.16,22.4,22.25,22.35,22.05,1.34,16.6,0.94,,,,,
1731,00949,復華日本龍頭,市,10/01,,22.19,0.04,0.18,750,16.6,22.15,22.15,22.2,21.98,0.99,,1.0045,,,,,
1732,4168,醣聯,櫃,10/01,,22.15,-0.2,-0.89,83,1.86,22.35,22.65,22.65,22.1,2.46,,2.93,,,,,
1733,00944,野村趨勢動能高息,市,10/01,,22.1,0.15,0.68,103,2.26,21.95,21.95,22.1,21.91,0.87,,0.9959,,,,,
1734,2908,特力,市,10/01,,22.1,0.05,0.23,261,5.75,22.05,22.05,22.1,22.0,0.45,17.8,1.55,,,,,
1735,5481,新華,櫃,10/01,,22.1,0.3,1.38,54,1.19,21.8,21.8,22.15,21.75,1.83,,1.25,,,,,
1736,8455,大拓-KY,櫃,10/01,,22.1,0.0,0.0,3,0.07,22.1,22.8,22.8,22.1,3.17,42.5,1.0,,,,,
1737,2457,飛宏,市,10/01,,22.05,-0.5,-2.22,875,19.3,22.55,22.4,22.4,22.0,1.77,,1.06,,,,,
1738,3437,榮創,市,10/01,,22.05,-0.4,-1.78,1527,34.1,22.45,22.45,22.95,21.95,4.45,,1.44,,,,,
1739,1435,中福,市,10/01,,22.0,-0.4,-1.79,20,0.43,22.4,21.85,22.5,20.3,9.82,,3.35,,,,,
1740,2029,盛餘,市,10/01,,22.0,-0.45,-2.0,511,11.4,22.45,22.65,22.8,21.85,4.23,18.3,0.69,,,,,
1741,8071,能率網通,櫃,10/01,,22.0,-0.05,-0.23,306,6.75,22.05,22.2,22.4,21.95,2.04,,1.69,,,,,
1742,2903,遠百,市,10/01,,21.95,-0.2,-0.9,1960,43.0,22.15,22.15,22.15,21.85,1.35,14.8,1.03,,,,,
1743,2939,永邑-KY,市,10/01,,21.95,0.05,0.23,24,0.52,21.9,21.9,22.0,21.5,2.28,,1.85,,,,,
1744,6958A,日盛台駿甲特,市,10/01,,21.95,-0.05,-0.23,1,0.02,22.0,21.95,21.95,21.95,0.0,,,,,,,
1745,5525,順天,市,10/01,,21.9,-0.1,-0.45,57,1.25,22.0,22.0,22.0,21.8,0.91,5.64,1.14,,,,,
1746,1438,三地開發,市,10/01,,21.8,0.65,3.07,28,0.6,21.15,21.4,21.8,21.25,2.6,8.42,0.77,,,,,
1747,5015,華祺,櫃,10/01,,21.8,-0.1,-0.46,31,0.69,21.9,21.95,21.95,21.8,0.68,14.3,1.1,,,,,
1748,6929,佑全,櫃,10/01,,21.8,0.0,0.0,0,0.0,21.8,21.8,21.8,21.8,0.0,,0.97,,,,,
1749,009803,玉山市值動能50,市,10/01,,21.79,0.18,0.83,3043,66.0,21.61,21.64,21.8,21.58,1.02,,0.9977,,,,,
1750,4161,聿新科,櫃,10/01,,21.75,0.0,0.0,35,0.75,21.75,21.7,21.8,21.7,0.46,11.7,1.32,,,,,
1751,6156,松上,櫃,10/01,,21.75,-0.1,-0.46,771,17.0,21.85,21.8,22.35,21.75,2.75,55.8,1.02,,,,,
1752,3268,海德威,櫃,10/01,,21.6,-0.15,-0.69,93,2.01,21.75,21.8,21.8,21.5,1.38,,1.56,,,,,
1753,8076,伍豐,櫃,10/01,,21.6,-0.2,-0.92,352,7.63,21.8,21.8,21.8,21.55,1.15,154.0,1.69,,,,,
1754,00972,野村日本動能高息,市,10/01,,21.58,-0.24,-1.1,102,2.2,21.82,21.52,21.58,21.48,0.46,,0.9995,,,,,
1755,00936,台新永續高息中小,市,10/01,,21.57,-0.01,-0.05,186,4.01,21.58,21.62,21.62,21.51,0.51,,0.9949,,,,,
1756,009818,華南永昌NASDAQxT,市,10/01,,21.53,0.36,1.7,400,8.56,21.17,21.34,21.53,21.34,0.9,,1.0117,,,,,
1757,1323,永裕,市,10/01,,21.5,0.05,0.23,9,0.19,21.45,21.45,21.5,21.25,1.17,16.9,0.74,,,,,
1758,2230,泰茂,櫃,10/01,,21.5,-0.3,-1.38,146,3.18,21.8,22.7,22.7,21.5,5.5,,1.36,,,,,
1759,009810,玉山全球藍籌100,市,10/01,,21.46,0.14,0.66,69,1.49,21.32,21.37,21.46,21.37,0.42,,1.0028,,,,,
1760,2722,夏都,市,10/01,,21.45,0.05,0.23,27,0.57,21.4,21.9,21.9,21.3,2.8,,1.24,,,,,
1761,9905,大華,市,10/01,,21.4,0.05,0.23,43,0.92,21.35,21.3,21.4,21.3,0.47,13.0,0.76,,,,,
1762,5345,馥鴻,櫃,10/01,,21.3,-0.2,-0.93,10,0.22,21.5,21.4,21.4,21.15,1.16,,3.78,,,,,
1763,020030,統一智慧電動車N,市,10/01,,21.29,0.24,1.14,4,0.08,21.05,21.05,21.29,21.05,1.14,,0.9978,,,,,
1764,00857B,永豐20年美公債,櫃,10/01,,21.28,-0.11,-0.51,711,15.1,21.39,21.24,21.29,21.17,0.56,,1.0005,,,,,
1765,3288,點晶,櫃,10/01,,21.25,0.05,0.24,24,0.51,21.2,21.2,21.4,20.8,2.83,,3.24,,,,,
1766,8463,潤泰材,市,10/01,,21.2,-0.05,-0.24,17,0.36,21.25,21.25,21.25,21.15,0.47,10.7,1.28,,,,,
1767,00943,兆豐電子高息等權,市,10/01,,21.17,0.15,0.71,136,2.86,21.02,21.09,21.17,21.03,0.67,,0.9986,,,,,
1768,3531,先益,櫃,10/01,,21.15,0.25,1.2,1,0.02,20.9,21.15,21.15,21.15,0.0,15.6,0.69,,,,,
1769,020041,兆豐半導體氣候N,櫃,10/01,,21.13,-0.08,-0.38,182,3.88,21.21,21.25,21.49,21.05,2.07,,0.9991,,,,,
1770,5211,蒙恬,櫃,10/01,,21.1,0.45,2.18,139,3.01,20.65,20.75,22.6,20.75,8.96,,1.98,,,,,
1771,2501,國建,市,10/01,,21.05,-0.05,-0.24,1745,36.8,21.1,21.15,21.25,20.95,1.42,7.31,0.76,,,,,
1772,020028,元大特選電動車N,市,10/01,,20.95,-0.21,-0.99,11,0.23,21.16,20.9,20.95,20.77,0.85,,0.9946,,,,,
1773,00682U,期元大美元指數,市,10/01,,20.91,0.1,0.48,43,0.9,20.81,20.9,20.91,20.9,0.05,,0.991,,,,,
1774,3038,全台,市,10/01,,20.9,0.1,0.48,204,4.24,20.8,20.9,20.9,20.6,1.44,14.1,1.18,,,,,
1775,1731,美吾華,市,10/01,,20.85,-0.05,-0.24,68,1.41,20.9,20.9,20.9,20.75,0.72,13.7,1.26,,,,,
1776,5245,智晶,櫃,10/01,,20.8,-0.05,-0.24,141,2.93,20.85,20.95,21.35,20.55,3.84,,1.48,,,,,
1777,1541,錩泰,市,10/01,,20.75,-0.15,-0.72,6,0.13,20.9,20.65,20.85,20.65,0.96,7.74,0.76,,,,,
1778,5205,中茂,櫃,10/01,,20.75,1.85,9.79,8,0.17,18.9,20.75,20.75,20.75,0.0,,3.77,,,,,
1779,020029,元大ESG高股息N,市,10/01,,20.72,-0.09,-0.43,2,0.04,20.81,20.72,20.72,20.72,0.0,,0.9906,,,,,
1780,3232,昱捷,櫃,10/01,,20.7,-0.2,-0.96,14,0.3,20.9,21.0,21.0,20.7,1.44,29.2,1.39,,,,,
1781,8171,天宇,櫃,10/01,,20.7,-0.1,-0.48,75,1.55,20.8,20.9,20.9,20.65,1.2,,1.25,,,,,
1782,2838,聯邦銀,市,10/01,,20.65,0.05,0.24,2848,57.0,20.6,20.6,20.9,20.45,2.18,14.5,1.07,,,,,
1783,3712,永崴投控,市,10/01,,20.65,0.0,0.0,359,7.39,20.65,20.65,20.7,20.45,1.21,,1.16,,,,,
1784,4133,亞諾法,市,10/01,,20.65,0.0,0.0,30,0.63,20.65,20.6,20.65,20.4,1.21,27.5,0.98,,,,,
1785,5213,亞昕,櫃,10/01,,20.65,-0.25,-1.2,157,3.24,20.9,20.9,20.9,20.55,1.67,46.9,1.03,,,,,
1786,8426,紅木-KY,櫃,10/01,,20.65,0.0,0.0,18,0.37,20.65,20.45,20.65,20.35,1.45,9.65,0.89,,,,,
1787,1598,岱宇,市,10/01,,20.55,0.05,0.24,104,2.12,20.5,20.5,20.55,20.4,0.73,,0.81,,,,,
1788,6020,大展證,櫃,10/01,,20.55,-0.2,-0.96,6,0.12,20.75,20.7,20.7,20.55,0.72,5.69,0.94,,,,,
1789,3073,天方能源,櫃,10/01,,20.5,-0.1,-0.49,8,0.17,20.6,20.6,20.95,20.5,2.18,,1.21,,,,,
1790,4729,熒茂,櫃,10/01,,20.4,-0.25,-1.21,904,18.5,20.65,21.0,21.05,19.95,5.33,45.3,1.37,,,,,
1791,00714,群益道瓊美國地產,市,10/01,,20.36,-0.25,-1.21,211,4.29,20.61,20.34,20.37,20.29,0.39,,1.003,,,,,
1792,2642,宅配通,市,10/01,,20.35,-0.05,-0.25,20,0.41,20.4,20.4,20.4,20.3,0.49,,1.06,,,,,
1793,4413,飛寶企業,櫃,10/01,,20.35,0.05,0.25,6,0.12,20.3,20.0,20.35,20.0,1.72,17.7,1.86,,,,,
1794,00954,中信日本半導體,市,10/01,,20.34,1.01,5.23,4094,82.4,19.33,19.8,20.34,19.8,2.79,,0.9912,,,,,
1795,2610,華航,市,10/01,,20.3,-0.15,-0.73,11977,243.0,20.45,20.45,20.45,20.15,1.47,9.35,1.25,,,,,
1796,8476,台境*,市,10/01,,20.3,0.2,1.0,257,5.19,20.1,20.1,20.4,20.05,1.74,72.5,1.76,,,,,
1797,3043,科風,市,10/01,,20.25,-0.1,-0.49,58,1.18,20.35,20.35,20.35,20.15,0.98,,1.07,,,,,
1798,6512,啟發電,櫃,10/01,,20.25,0.0,0.0,7,0.13,20.25,20.3,20.3,20.25,0.25,,1.54,,,,,
1799,8440,綠電,櫃,10/01,,20.2,-0.15,-0.74,48,0.97,20.35,20.45,20.45,20.15,1.47,20.4,1.52,,,,,
1800,1735,日勝化,市,10/01,,20.15,-0.05,-0.25,52,1.05,20.2,20.4,20.55,20.15,1.98,17.2,1.3,,,,,
1801,2332,友訊,市,10/01,,20.15,-0.45,-2.18,5302,108.0,20.6,20.6,20.6,20.15,2.18,,1.46,,,,,
1802,2646,星宇航空,市,10/01,,20.15,0.0,0.0,2336,47.0,20.15,20.15,20.2,20.05,0.74,,1.97,,,,,
1803,5547,久舜,櫃,10/01,,20.15,0.0,0.0,15,0.31,20.15,20.2,20.2,20.05,0.74,10.1,1.24,,,,,
1804,2530,華建,市,10/01,,20.05,0.0,0.0,194,3.87,20.05,20.05,20.1,19.9,1.0,29.5,1.69,,,,,
1805,3128,昇銳,櫃,10/01,,20.05,-0.3,-1.47,80,1.62,20.35,20.5,20.5,20.05,2.21,17.6,1.22,,,,,
1806,6140,訊達,櫃,10/01,,20.05,-0.15,-0.74,216,4.35,20.2,20.15,20.5,19.95,2.72,,2.03,,,,,
1807,6198,瑞築,櫃,10/01,,20.05,0.0,0.0,0,0.0,20.05,20.05,20.05,20.05,0.0,,0.73,,,,,
1808,9940,信義,市,10/01,,20.05,-0.05,-0.25,151,3.03,20.1,20.1,20.2,20.05,0.75,20.5,1.11,,,,,
1809,5548,安倉,櫃,10/01,,20.0,-0.15,-0.74,78,1.56,20.15,20.1,20.1,20.0,0.5,10.6,1.03,,,,,
1810,009802,富邦旗艦50,市,10/01,,19.98,-0.09,-0.45,2074,41.3,20.07,20.05,20.05,19.84,1.05,,0.9945,,,,,
1811,2438,翔耀,市,10/01,,19.95,0.05,0.25,68,1.36,19.9,19.9,20.25,19.7,2.76,,3.58,,,,,
1812,8034,榮群,櫃,10/01,,19.95,-0.4,-1.97,70,1.4,20.35,20.35,20.35,19.95,1.97,16.8,1.68,,,,,
1813,2462,良得電,市,10/01,,19.9,-0.05,-0.25,53,1.06,19.95,19.95,19.95,19.75,1.0,32.1,0.91,,,,,
1814,6216,居易,市,10/01,,19.75,-0.2,-1.0,61,1.2,19.95,19.85,19.85,19.65,1.0,52.0,1.17,,,,,
1815,7835,永悅健康-創,市,10/01,,19.75,-0.45,-2.23,98,1.94,20.2,19.6,19.95,19.6,1.73,,4.94,,,,,
1816,3284,太普高,櫃,10/01,,19.65,-0.25,-1.26,92,1.8,19.9,19.85,20.1,19.5,3.02,8.09,1.37,,,,,
1817,6276,安鈦克,櫃,10/01,,19.65,0.35,1.81,10,0.2,19.3,19.6,19.65,19.5,0.78,,3.44,,,,,
1818,2032,新鋼,市,10/01,,19.6,-0.7,-3.45,5177,103.0,20.3,20.3,20.9,19.15,8.62,13.4,1.42,,,,,
1819,3511,矽瑪,櫃,10/01,,19.6,-0.15,-0.76,49,0.96,19.75,19.8,19.8,19.6,1.01,,1.23,,,,,
1820,4167,松瑞藥,櫃,10/01,,19.6,-0.25,-1.26,478,9.41,19.85,19.8,19.95,19.55,2.02,6.3,1.39,,,,,
1821,8089,康全電訊,櫃,10/01,,19.6,0.1,0.51,71,1.38,19.5,19.45,19.6,19.2,2.05,,1.3,,,,,
1822,3703,欣陸,市,10/01,,19.55,-0.05,-0.26,309,6.05,19.6,19.55,19.65,19.5,0.77,9.97,0.59,,,,,
1823,1540,喬福,市,10/01,,19.5,0.2,1.04,51,0.99,19.3,19.3,19.5,19.2,1.55,16.0,1.18,,,,,
1824,2719,燦星旅,櫃,10/01,,19.5,-0.25,-1.27,12,0.24,19.75,20.2,20.2,19.5,3.54,28.7,1.81,,,,,
1825,00980D,主動聯博投等入息,櫃,10/01,,19.47,-0.01,-0.05,551,10.7,19.48,19.45,19.47,19.41,0.31,,1.0035,,,,,
1826,3002,歐格,市,10/01,,19.45,0.15,0.78,397,7.78,19.3,19.2,20.05,19.05,5.18,216.0,1.54,,,,,
1827,00900,富邦特選高股息30,市,10/01,,19.4,0.0,0.0,3309,63.9,19.4,19.4,19.41,19.19,1.13,,0.9939,,,,,
1828,3349,寶德,櫃,10/01,,19.4,-0.55,-2.76,128,2.46,19.95,19.65,19.65,19.05,3.01,,2.92,,,,,
1829,4207,環泰,櫃,10/01,,19.4,0.05,0.26,101,1.95,19.35,19.35,19.45,19.3,0.78,10.3,1.33,,,,,
1830,6222,立軒,櫃,10/01,,19.3,0.0,0.0,0,0.0,19.3,19.3,19.3,19.3,0.0,,1.52,,,,,
1831,6283,淳安,市,10/01,,19.3,-0.2,-1.03,45,0.87,19.5,19.5,19.55,19.15,2.05,,1.72,,,,,
1832,8935,邦泰,櫃,10/01,,19.3,-0.35,-1.78,160,3.1,19.65,19.75,20.0,19.0,5.09,,2.53,,,,,
1833,1473,台南,市,10/01,,19.25,0.0,0.0,99,1.91,19.25,19.3,19.3,19.25,0.26,55.0,0.73,,,,,
1834,2528,皇普,市,10/01,,19.25,-0.15,-0.77,121,2.34,19.4,19.35,19.35,19.25,0.52,8.95,1.11,,,,,
1835,2614,東森,市,10/01,,19.25,0.05,0.26,2034,39.0,19.2,19.3,19.35,19.0,1.82,9.39,1.41,,,,,
1836,6128,上福,市,10/01,,19.25,0.05,0.26,16,0.31,19.2,19.25,19.25,19.15,0.52,,0.87,,,,,
1837,3512,皇龍,櫃,10/01,,19.2,0.0,0.0,20,0.39,19.2,19.15,19.2,19.1,0.52,10.3,0.87,,,,,
1838,2331,精英,市,10/01,,19.15,-0.05,-0.26,700,13.4,19.2,19.2,19.25,19.05,1.04,18.8,0.99,,,,,
1839,3492,長盛,櫃,10/01,,19.15,0.0,0.0,36,0.69,19.15,19.15,19.15,19.0,0.78,15.0,1.06,,,,,
1840,00988B,玉山嚴選非投債,櫃,10/01,,19.11,0.01,0.05,1736,33.1,19.1,19.06,19.11,19.05,0.31,,1.0047,,,,,
1841,2536,宏普,市,10/01,,19.1,-0.05,-0.26,399,7.64,19.15,19.25,19.25,19.1,0.78,4.6,0.5,,,,,
1842,8927,北基,櫃,10/01,,19.1,0.35,1.87,167,3.16,18.75,18.8,19.1,18.75,1.87,21.0,1.43,,,,,
1843,00951,台新日本半導體,市,10/01,,19.09,0.99,5.47,4668,88.0,18.1,18.55,19.09,18.55,2.98,,0.9963,,,,,
1844,00706L,期元大S&P日圓正2,市,10/01,,19.05,-0.29,-1.5,441,8.42,19.34,19.15,19.15,19.05,0.52,,1.0011,,,,,
1845,2239,英利-KY,市,10/01,,19.05,0.1,0.53,28,0.53,18.95,19.0,19.15,18.75,2.11,,0.19,,,,,
1846,4720,德淵,市,10/01,,19.05,-0.25,-1.3,304,5.8,19.3,19.35,19.35,19.0,1.81,34.6,1.34,,,,,
1847,00992A,主動群益科技創新,市,10/01,,19.02,0.2,1.06,39338,744.0,18.82,19.0,19.04,18.75,1.54,,0.9979,,,,,
1848,2002,中鋼,市,10/01,,18.95,-0.25,-1.3,38391,729.0,19.2,19.2,19.25,18.85,2.08,,0.96,,,,,
1849,5315,光聯,櫃,10/01,,18.9,0.15,0.8,93,1.75,18.75,18.75,18.9,18.75,0.8,11.3,1.16,,,,,
1850,8403,盛弘,櫃,10/01,,18.9,-0.05,-0.26,67,1.27,18.95,18.95,18.95,18.85,0.53,16.0,0.79,,,,,
1851,2208,台船,市,10/01,,18.85,-0.3,-1.57,3316,62.9,19.15,19.15,19.15,18.85,1.57,38.5,3.16,,,,,
1852,2924,宏太-KY,櫃,10/01,,18.85,0.55,3.01,1,0.02,18.3,18.85,18.85,18.85,0.0,,2.17,,,,,
1853,1789,神隆,市,10/01,,18.8,-0.15,-0.79,278,5.22,18.95,18.8,18.95,18.7,1.32,470.0,1.42,,,,,
1854,2812,台中銀,市,10/01,,18.8,-0.05,-0.27,11215,211.0,18.85,18.9,18.95,18.75,1.06,11.3,1.18,,,,,
1855,00703,台新MSCI中國,市,10/01,,18.79,-0.02,-0.11,7,0.13,18.81,18.9,18.9,18.79,0.58,,0.9931,,,,,
1856,3027,盛達,市,10/01,,18.7,-0.2,-1.06,116,2.17,18.9,18.95,19.0,18.5,2.65,,1.13,,,,,
1857,6236,中湛,櫃,10/01,,18.7,0.2,1.08,2,0.04,18.5,19.1,19.1,18.7,2.16,,5.0,,,,,
1858,009809,富邦淨零ESG50,市,10/01,,18.69,0.11,0.59,62,1.16,18.58,18.54,18.69,18.51,0.97,,0.9979,,,,,
1859,020011,統一微波高息20N,市,10/01,,18.69,0.0,0.0,0,0.0,18.55,18.69,18.69,18.69,0.0,,0.9921,,,,,
1860,00668K,國泰美國道瓊+U,市,10/01,,18.68,-0.1,-0.53,0,0.01,18.78,18.68,18.68,18.68,0.0,,1.0038,,,,,
1861,4192,杏國,櫃,10/01,,18.65,0.0,0.0,0,0.0,18.65,18.65,18.65,18.65,0.0,,2.99,,,,,
1862,1584,精剛,櫃,10/01,,18.6,-0.25,-1.33,380,7.08,18.85,18.95,18.95,18.5,2.39,31.5,0.9,,,,,
1863,5011,久陽,櫃,10/01,,18.6,-0.2,-1.06,116,2.15,18.8,18.9,18.9,18.45,2.39,,0.97,,,,,
1864,00710B,復華彭博非投等債,市,10/01,,18.56,0.04,0.22,269,4.99,18.52,18.52,18.58,18.51,0.38,,1.0065,,,,,
1865,00952,凱基台灣AI50,市,10/01,,18.55,0.16,0.87,2123,39.3,18.39,18.39,18.56,18.39,0.92,,0.9957,,,,,
1866,6506,雙邦,櫃,10/01,,18.55,-0.05,-0.27,33,0.61,18.6,18.6,18.65,18.45,1.08,12.5,1.21,,,,,
1867,1418,東華,市,10/01,,18.5,0.15,0.82,11,0.2,18.35,18.4,18.5,18.4,0.54,,0.88,,,,,
1868,2938,床的世界,櫃,10/01,,18.5,-0.1,-0.54,43,0.79,18.6,18.5,18.55,18.45,0.54,,0.54,,,,,
1869,3576,聯合再生,市,10/01,,18.5,-1.2,-6.09,55900,1070.0,19.7,19.9,20.1,18.5,8.12,34.3,2.33,,,,,
1870,6916,華凌,市,10/01,,18.5,-0.2,-1.07,13,0.24,18.7,18.55,18.9,18.5,2.14,,1.19,,,,,
1871,4102,永日,櫃,10/01,,18.45,0.0,0.0,26,0.49,18.45,18.4,18.65,18.25,2.17,,1.3,,,,,
1872,1616,億泰,市,10/01,,18.35,-0.3,-1.61,191,3.52,18.65,18.7,18.7,18.35,1.88,41.7,1.69,,,,,
1873,4178,永笙-KY,市,10/01,,18.35,1.65,9.88,913,16.6,16.7,17.0,18.35,17.0,8.08,,1.93,,,,,
1874,6674,鋐寶科技,市,10/01,,18.35,0.1,0.55,183,3.36,18.25,18.35,18.35,18.3,0.27,,1.61,,,,,
1875,6804,明係,櫃,10/01,,18.35,0.0,0.0,26,0.48,18.35,18.45,18.5,18.35,0.82,,0.68,,,,,
1876,9935,慶豐富,市,10/01,,18.35,0.05,0.27,140,2.57,18.3,18.2,18.35,18.15,1.09,7.43,1.2,,,,,
1877,00637L,元大滬深300正2,市,10/01,,18.33,0.01,0.05,3815,69.8,18.32,18.34,18.34,18.22,0.66,,1.0121,,,,,
1878,00991A,主動復華未來50,市,10/01,,18.33,0.33,1.83,68643,1251.0,18.0,18.2,18.37,18.05,1.78,,0.9946,,,,,
1879,1336,台翰,櫃,10/01,,18.3,0.95,5.48,852,15.4,17.35,17.5,18.45,17.4,6.05,24.7,0.75,,,,,
1880,3321,同泰,市,10/01,,18.3,0.05,0.27,140,2.55,18.25,18.25,18.4,18.0,2.19,,2.35,,,,,
1881,7723,築間,櫃,10/01,,18.25,-0.15,-0.82,5,0.1,18.4,18.4,18.4,18.25,0.82,,1.37,,,,,
1882,6228,全譜,櫃,10/01,,18.15,-0.65,-3.46,9,0.17,18.8,18.25,18.3,18.15,0.8,,2.0,,,,,
1883,2430,燦坤,市,10/01,,18.1,-0.15,-0.82,20,0.36,18.25,18.15,18.2,18.05,0.82,36.2,0.49,,,,,
1884,4142,國光生,市,10/01,,18.1,-0.15,-0.82,555,10.1,18.25,18.3,18.35,18.05,1.64,,1.65,,,,,
1885,00989A,主動摩根美國科技,市,10/01,,18.08,0.42,2.38,923,16.6,17.66,17.76,18.08,17.76,1.81,,1.0067,,,,,
1886,009807,台新標普科技精選,櫃,10/01,,18.05,0.25,1.4,30,0.54,17.8,17.93,18.05,17.93,0.67,,1.0089,,,,,
1887,1776,展宇,市,10/01,,18.05,-0.1,-0.55,29,0.52,18.15,18.35,18.35,17.8,3.03,19.8,1.22,,,,,
1888,2905,三商,市,10/01,,18.05,-0.25,-1.37,1177,21.2,18.3,18.3,18.3,17.9,2.19,6.66,0.43,,,,,
1889,4433,興采,櫃,10/01,,18.05,0.0,0.0,46,0.83,18.05,18.05,18.05,17.9,0.83,16.0,0.6,,,,,
1890,9928,中視,市,10/01,,18.05,0.3,1.69,72,1.3,17.75,17.9,18.2,17.85,1.97,,0.61,,,,,
1891,00971,野村美國研發龍頭,市,10/01,,18.03,0.23,1.29,227,4.07,17.8,17.85,18.03,17.85,1.01,,1.0107,,,,,
1892,2062,橋椿,市,10/01,,18.0,-0.05,-0.28,111,2.01,18.05,18.05,18.2,18.0,1.11,64.3,0.47,,,,,
1893,5272,笙科,櫃,10/01,,18.0,0.0,0.0,136,2.44,18.0,18.15,18.2,17.65,3.06,,1.21,,,,,
1894,8409,商之器,櫃,10/01,,18.0,0.0,0.0,2,0.04,18.0,18.0,18.0,18.0,0.0,17.6,1.92,,,,,
1895,8423,保綠-KY,櫃,10/01,,18.0,-0.2,-1.1,9,0.16,18.2,18.2,18.2,18.0,1.1,16.7,1.22,,,,,
1896,8923,時報,櫃,10/01,,18.0,0.0,0.0,0,0.0,18.0,18.0,18.0,18.0,0.0,22.2,1.23,,,,,
1897,1434,福懋,市,10/01,,17.95,-0.2,-1.1,1415,25.5,18.15,18.15,18.25,17.9,1.93,19.5,0.62,,,,,
1898,00885,富邦越南,市,10/01,,17.94,-0.06,-0.33,1348,24.2,18.0,17.99,17.99,17.86,0.72,,1.0,,,,,
1899,1586,和勤,櫃,10/01,,17.9,0.0,0.0,177,3.17,17.9,17.95,18.0,17.7,1.68,47.1,0.9,,,,,
1900,6210,慶生,櫃,10/01,,17.9,0.0,0.0,12,0.22,17.9,17.9,18.5,17.9,3.35,,1.84,,,,,
1901,00995A,主動中信台灣卓越,市,10/01,,17.89,0.11,0.62,1847,32.9,17.78,17.83,17.9,17.68,1.24,,0.9967,,,,,
1902,1742,台蠟,櫃,10/01,,17.8,0.2,1.14,53,0.93,17.6,17.85,17.85,17.45,2.27,,1.3,,,,,
1903,4430,耀億,櫃,10/01,,17.8,0.05,0.28,29,0.52,17.75,17.85,17.85,17.7,0.85,46.8,0.57,,,,,
1904,6153,嘉聯益,市,10/01,,17.8,-0.4,-2.2,3967,71.4,18.2,18.2,18.55,17.7,4.67,,1.32,,,,,
1905,7803,雲象科技-創,市,10/01,,17.8,-0.15,-0.84,40,0.71,17.95,17.95,17.95,17.55,2.23,,2.89,,,,,
1906,8068,全達,櫃,10/01,,17.75,0.0,0.0,145,2.59,17.75,17.85,18.45,17.6,4.79,,1.29,,,,,
1907,4999,鑫禾,市,10/01,,17.65,-0.2,-1.12,68,1.21,17.85,17.95,17.95,17.65,1.68,,0.42,,,,,
1908,8201,無敵,市,10/01,,17.65,1.6,9.97,2774,48.3,16.05,17.6,17.65,16.1,9.66,,2.47,,,,,
1909,00907,永豐優息存股,市,10/01,,17.64,-0.1,-0.56,893,15.7,17.74,17.74,17.74,17.53,1.18,,0.9989,,,,,
1910,6015,宏遠證,櫃,10/01,,17.6,-0.35,-1.95,2999,52.6,17.95,17.95,17.95,17.35,3.34,4.05,1.04,,,,,
1911,6431,光麗-KY,市,10/01,,17.6,0.0,0.0,92,1.58,17.6,17.5,17.65,16.9,4.26,,3.39,,,,,
1912,00932,兆豐永續高息等權,市,10/01,,17.55,0.03,0.17,293,5.14,17.52,17.52,17.55,17.51,0.23,,0.996,,,,,
1913,4440,宜新實業,市,10/01,,17.55,0.0,0.0,30,0.52,17.55,17.45,17.55,17.45,0.57,8.95,0.89,,,,,
1914,8059,凱碩,櫃,10/01,,17.55,0.4,2.33,69,1.2,17.15,17.15,17.7,17.15,3.21,,1.99,,,,,
1915,1463,強盛新,市,10/01,,17.5,0.0,0.0,12,0.21,17.5,17.5,17.6,17.5,0.57,,1.17,,,,,
1916,2834,臺企銀,市,10/01,,17.5,-0.25,-1.41,37319,653.0,17.75,17.75,17.75,17.4,1.97,13.8,1.1,,,,,
1917,6550,北極星藥業-KY,市,10/01,,17.5,-0.35,-1.96,513,8.99,17.85,17.8,17.8,17.4,2.24,,3.45,,,,,
1918,6958,日盛台駿,市,10/01,,17.5,0.0,0.0,10,0.18,17.5,17.2,17.5,17.2,1.71,,0.73,,,,,
1919,4538,大詠城,櫃,10/01,,17.45,0.1,0.58,11,0.19,17.35,17.5,17.5,17.3,1.15,43.6,1.26,,,,,
1920,2461,光群雷,市,10/01,,17.4,-0.45,-2.52,630,11.0,17.85,18.0,18.0,17.25,4.2,37.8,0.94,,,,,
1921,1414,東和,市,10/01,,17.35,-0.3,-1.7,78,1.37,17.65,17.65,17.7,17.35,1.98,31.0,1.15,,,,,
1922,2641,正德,櫃,10/01,,17.35,-0.15,-0.86,571,9.92,17.5,17.5,17.5,17.3,1.14,7.48,0.68,,,,,
1923,00987A,主動台新優勢成長,市,10/01,,17.31,0.04,0.23,1149,19.8,17.27,17.29,17.31,17.13,1.04,,0.9954,,,,,
1924,4304,勝昱,櫃,10/01,,17.3,0.0,0.0,15,0.27,17.3,17.0,17.85,17.0,4.91,,3.39,,,,,
1925,5276,達輝-KY,櫃,10/01,,17.3,-0.3,-1.7,7,0.12,17.6,17.6,17.6,17.3,1.7,16.5,1.31,,,,,
1926,00994A,主動第一金台股優,市,10/01,,17.29,0.06,0.35,4734,81.6,17.23,17.3,17.32,17.1,1.28,,0.992,,,,,
1927,4173,久裕,櫃,10/01,,17.25,-0.05,-0.29,53,0.92,17.3,17.25,17.35,17.0,2.02,21.3,0.68,,,,,
1928,4716,大立,櫃,10/01,,17.25,0.4,2.37,886,15.1,16.85,16.95,17.6,16.7,5.34,30.3,1.43,,,,,
1929,5438,東友,櫃,10/01,,17.25,-0.1,-0.58,48,0.83,17.35,17.35,17.55,17.25,1.73,,0.6,,,,,
1930,5460,同協,櫃,10/01,,17.25,0.1,0.58,31,0.53,17.15,17.25,17.25,17.1,0.87,101.0,1.36,,,,,
1931,6158,禾昌,櫃,10/01,,17.25,0.05,0.29,36,0.62,17.2,17.2,17.25,17.1,0.87,,0.84,,,,,
1932,6248,沛波,櫃,10/01,,17.25,0.1,0.58,75,1.29,17.15,17.35,17.35,17.2,0.87,12.8,0.79,,,,,
1933,00643,群益深証中小,市,10/01,,17.18,-0.08,-0.46,2195,37.6,17.26,17.21,17.21,17.12,0.52,,0.9959,,,,,
1934,00988A,主動統一全球創新,市,10/01,,17.18,0.39,2.32,22244,378.0,16.79,16.85,17.19,16.85,2.03,,1.0053,,,,,
1935,9944,新麗,市,10/01,,17.15,-0.05,-0.29,27,0.46,17.2,17.2,17.2,17.1,0.58,27.7,0.52,,,,,
1936,2014,中鴻,市,10/01,,17.1,-0.3,-1.72,2893,49.6,17.4,17.45,17.45,16.95,2.87,,2.0,,,,,
1937,2505,國揚,市,10/01,,17.05,0.05,0.29,97,1.65,17.0,16.95,17.05,16.95,0.59,8.74,0.6,,,,,
1938,1451,年興,市,10/01,,17.0,0.0,0.0,199,3.37,17.0,16.9,17.0,16.8,1.18,11.3,0.46,,,,,
1939,1459,聯發,市,10/01,,17.0,0.3,1.8,215,3.62,16.7,16.75,17.0,16.7,1.8,8.59,1.3,,,,,
1940,1710,東聯,市,10/01,,17.0,0.25,1.49,5875,99.7,16.75,16.7,17.3,16.6,4.18,,1.34,,,,,
1941,2380,虹光,市,10/01,,17.0,0.0,0.0,41,0.7,17.0,17.0,17.15,16.85,1.76,,1.73,,,,,
1942,3520,華盈,櫃,10/01,,17.0,-0.35,-2.02,161,2.75,17.35,17.2,17.3,16.95,2.02,,1.47,,,,,
1943,5608,四維航,市,10/01,,17.0,0.05,0.29,1736,29.3,16.95,17.0,17.1,16.7,2.36,170.0,0.68,,,,,
1944,020034,元大IC設計N,市,10/01,,16.9,-0.25,-1.46,11,0.19,17.15,16.96,16.96,16.9,0.35,,0.9935,,,,,
1945,3067,全域,櫃,10/01,,16.9,0.0,0.0,0,0.0,16.9,16.9,16.9,16.9,0.0,563.0,1.36,,,,,
1946,6641,基士德-KY,市,10/01,,16.9,-0.1,-0.59,6,0.1,17.0,16.8,16.9,16.8,0.59,21.1,0.41,,,,,
1947,2102,泰豐,市,10/01,,16.85,0.3,1.81,374,6.25,16.55,16.6,16.85,16.55,1.81,1.94,0.81,,,,,
1948,2534,宏盛,市,10/01,,16.85,-0.1,-0.59,206,3.46,16.95,16.85,16.85,16.7,0.88,337.0,0.56,,,,,
1949,3191,雲嘉南,櫃,10/01,,16.85,0.1,0.6,45,0.76,16.75,16.75,17.0,16.75,1.49,21.3,3.01,,,,,
1950,4558,寶緯,櫃,10/01,,16.85,-0.1,-0.59,56,0.94,16.95,16.85,16.95,16.8,0.88,18.9,0.94,,,,,
1951,9946,三發地產,市,10/01,,16.85,-0.15,-0.88,136,2.3,17.0,16.85,17.0,16.85,0.88,3.63,0.76,,,,,
1952,00700,富邦恒生國企,市,10/01,,16.84,-0.08,-0.47,52,0.88,16.92,16.77,17.04,16.77,1.6,,0.9848,,,,,
1953,8921,沈氏,櫃,10/01,,16.8,0.0,0.0,0,0.0,16.8,16.8,16.8,16.8,0.0,,0.69,,,,,
1954,2820,華票,市,10/01,,16.75,-0.1,-0.59,2353,39.4,16.85,16.85,16.85,16.7,0.89,9.91,0.81,,,,,
1955,8354,冠好,櫃,10/01,,16.75,-0.15,-0.89,93,1.58,16.9,16.85,17.2,16.75,2.66,6.18,0.6,,,,,
1956,2106,建大,市,10/01,,16.65,0.0,0.0,300,5.0,16.65,16.65,16.75,16.6,0.9,34.7,0.8,,,,,
1957,6901,鑽石投資,市,10/01,,16.65,-0.2,-1.19,2765,46.9,16.85,16.85,17.3,16.55,4.45,4.85,1.15,,,,,
1958,009816,凱基台灣TOP50,市,10/01,,16.6,0.11,0.67,96626,1596.0,16.49,16.5,16.6,16.43,1.03,,1.003,,,,,
1959,2028,威致,市,10/01,,16.6,-0.55,-3.21,237,4.03,17.15,17.15,17.25,16.6,3.79,38.6,1.12,,,,,
1960,00998A,主動復華金融股息,櫃,10/01,,16.58,-0.18,-1.07,8196,136.0,16.76,16.66,16.66,16.52,0.84,,1.0197,,,,,
1961,3164,景岳,市,10/01,,16.5,-0.05,-0.3,30,0.5,16.55,16.5,16.6,16.5,0.6,20.4,1.08,,,,,
1962,6578,達邦蛋白,櫃,10/01,,16.5,0.05,0.3,9,0.15,16.45,16.5,16.55,16.5,0.3,,1.18,,,,,
1963,3372,典範,櫃,10/01,,16.45,-0.1,-0.6,271,4.47,16.55,16.7,16.7,16.3,2.42,,1.94,,,,,
1964,4513,福裕,櫃,10/01,,16.4,0.2,1.23,204,3.3,16.2,16.2,16.4,16.0,2.47,,1.51,,,,,
1965,4171,瑞基,櫃,10/01,,16.35,-0.1,-0.61,28,0.46,16.45,16.45,16.45,16.35,0.61,,1.62,,,,,
1966,5348,正能量智能,櫃,10/01,,16.35,0.0,0.0,2,0.03,16.35,16.35,16.35,16.35,0.0,,2.22,,,,,
1967,2482,連宇,市,10/01,,16.3,-0.15,-0.91,58,0.95,16.45,16.5,16.5,16.25,1.52,,1.15,,,,,
1968,4564,元翎,市,10/01,,16.3,-0.1,-0.61,332,5.38,16.4,16.5,16.5,16.05,2.74,,0.96,,,,,
1969,4972,湯石照明,櫃,10/01,,16.3,0.0,0.0,25,0.41,16.3,16.25,16.3,16.15,0.92,,0.64,,,,,
1970,6118,建達,櫃,10/01,,16.3,0.25,1.56,858,14.3,16.05,16.2,17.3,16.2,6.85,102.0,1.31,,,,,
1971,6573,虹揚-KY,市,10/01,,16.3,-0.15,-0.91,78,1.27,16.45,16.4,16.4,16.2,1.22,11.2,2.25,,,,,
1972,00990A,主動元大AI新經濟,市,10/01,,16.29,0.34,2.13,14669,237.0,15.95,16.04,16.29,16.04,1.57,,1.0,,,,,
1973,1714,和桐,市,10/01,,16.2,-0.3,-1.82,6256,102.0,16.5,16.6,16.6,16.2,2.42,13.6,1.2,,,,,
1974,3629,地心引力,櫃,10/01,,16.2,-1.1,-6.36,2,0.03,17.3,17.3,17.3,16.2,6.36,,12.37,,,,,
1975,4950,金耘國際,櫃,10/01,,16.2,0.55,3.51,15,0.24,15.65,15.7,16.2,15.7,3.19,20.8,1.69,,,,,
1976,6661,威健生技,櫃,10/01,,16.2,0.0,0.0,0,0.0,16.2,16.2,16.2,16.2,0.0,,1.38,,,,,
1977,2889,國票金,市,10/01,,16.15,-0.35,-2.12,11164,181.0,16.5,16.5,16.55,16.05,3.03,13.2,1.23,,,,,
1978,4711,永純,櫃,10/01,,16.15,-0.2,-1.22,116,1.88,16.35,16.7,16.75,16.05,4.28,19.0,0.96,,,,,
1979,6241,鑫永洋,櫃,10/01,,16.15,-0.15,-0.92,38,0.62,16.3,16.0,16.45,16.0,2.76,21.8,2.13,,,,,
1980,7780,大研生醫*,市,10/01,,16.15,-0.1,-0.62,863,13.9,16.25,16.25,16.25,16.0,1.54,30.5,2.67,,,,,
1981,8011,台通,市,10/01,,16.05,-0.05,-0.31,128,2.05,16.1,16.1,16.1,16.0,0.62,22.0,0.84,,,,,
1982,020038,元大ESG配息N,市,10/01,,16.04,0.0,0.0,1,0.02,15.95,16.04,16.04,16.04,0.0,,0.993,,,,,
1983,2849,安泰銀,市,10/01,,16.0,-0.05,-0.31,54,0.86,16.05,15.95,16.05,15.8,1.56,16.5,0.87,,,,,
1984,3373,熱映,櫃,10/01,,16.0,0.0,0.0,20,0.31,16.0,16.0,16.1,16.0,0.63,,0.97,,,,,
1985,3686,達能,市,10/01,,16.0,-0.3,-1.84,487,7.97,16.3,16.55,16.8,15.8,6.13,,1.86,,,,,
1986,00955,中信日本商社,櫃,10/01,,15.97,-0.12,-0.75,2819,44.8,16.09,15.9,15.98,15.83,0.93,,1.0019,,,,,
1987,4930,燦星網,市,10/01,,15.95,0.05,0.31,32,0.51,15.9,15.9,16.0,15.85,0.94,,0.4,,,,,
1988,00650L,復華香港正2,市,10/01,,15.92,-0.04,-0.25,149,2.36,15.96,15.82,15.94,15.82,0.75,,1.0057,,,,,
1989,3057,喬鼎,市,10/01,,15.9,-0.3,-1.85,117,1.89,16.2,16.4,16.45,15.9,3.4,,1.73,,,,,
1990,4924,欣厚-KY,櫃,10/01,,15.9,-0.6,-3.64,594,9.68,16.5,16.9,17.05,15.9,6.97,19.9,1.49,,,,,
1991,6026,福邦證,櫃,10/01,,15.85,-0.25,-1.55,980,15.5,16.1,16.1,16.1,15.7,2.48,5.72,1.0,,,,,
1992,4502,健信,櫃,10/01,,15.8,-0.1,-0.63,11,0.17,15.9,15.7,15.8,15.6,1.26,,1.65,,,,,
1993,3064,泰偉,櫃,10/01,,15.75,-1.45,-8.43,4,0.06,17.2,15.75,15.75,15.75,0.0,,4.03,,,,,
1994,3150,鈺寶-創,市,10/01,,15.7,0.05,0.32,32,0.51,15.65,15.7,15.8,15.45,2.24,,1.18,,,,,
1995,4195,基米-創,市,10/01,,15.7,-0.4,-2.48,174,2.72,16.1,15.85,15.85,15.35,3.11,,1.89,,,,,
1996,00984A,主動安聯台灣高息,市,10/01,,15.68,-0.03,-0.19,2833,44.4,15.71,15.71,15.71,15.6,0.7,,0.9956,,,,,
1997,1529,樂事綠能,市,10/01,,15.65,-0.3,-1.88,438,6.91,15.95,16.2,16.2,15.65,3.45,25.2,1.34,,,,,
1998,1539,巨庭,市,10/01,,15.65,0.2,1.29,25,0.4,15.45,15.75,15.8,15.45,2.27,18.4,0.64,,,,,
1999,4552,力達-KY,市,10/01,,15.65,-0.15,-0.95,67,1.04,15.8,15.75,15.75,15.5,1.58,14.6,0.28,,,,,
2000,6116,彩晶,市,10/01,,15.65,-0.7,-4.28,122736,1939.0,16.35,16.4,16.45,15.5,5.81,,1.2,,,,,
2001,00400A,主動國泰動能高息,市,10/01,,15.6,0.04,0.26,25717,399.0,15.56,15.61,15.62,15.42,1.29,,0.9994,,,,,
2002,00982T,平衡兆豐台美動能,市,10/01,,15.52,0.11,0.71,273,4.22,15.41,15.51,15.54,15.41,0.84,,0.9942,,,,,
2003,8277,商丞,櫃,10/01,,15.5,0.0,0.0,182,2.78,15.5,15.5,15.55,15.25,1.94,,3.26,,,,,
2004,00946,群益科技高息成長,市,10/01,,15.47,0.05,0.32,1209,18.7,15.42,15.42,15.47,15.4,0.45,,0.9942,,,,,
2005,020039,元大加權N,市,10/01,,15.47,0.06,0.39,150,2.32,15.41,15.39,15.47,15.39,0.52,,0.9993,,,,,
2006,6152,百一,市,10/01,,15.45,0.15,0.98,1041,15.8,15.3,15.35,15.45,15.05,2.61,,1.95,,,,,
2007,8105,凌巨,市,10/01,,15.45,-0.9,-5.5,6434,101.0,16.35,16.05,16.05,15.45,3.67,18.0,0.84,,,,,
2008,3252,海灣,櫃,10/01,,15.35,0.05,0.33,8,0.12,15.3,15.1,15.35,15.1,1.63,,0.39,,,,,
2009,4432,銘旺實,櫃,10/01,,15.35,-0.05,-0.32,5,0.08,15.4,15.45,15.45,15.35,0.65,3.22,0.49,,,,,
2010,1338,廣華-KY,市,10/01,,15.3,-0.3,-1.92,222,3.38,15.6,15.7,15.7,15.05,4.17,,0.21,,,,,
2011,2405,輔信,市,10/01,,15.3,0.05,0.33,1894,29.3,15.25,15.55,15.7,15.3,2.62,,1.53,,,,,
2012,3360,尚立,櫃,10/01,,15.25,-0.1,-0.65,210,3.22,15.35,15.25,15.55,15.2,2.28,1525.0,1.41,,,,,
2013,00987B,野村10+澳洲公債,櫃,10/01,,15.21,-0.08,-0.52,1724,26.2,15.29,15.26,15.26,15.16,0.65,,1.006,,,,,
2014,00887,永豐中國科技50大,櫃,10/01,,15.2,-0.02,-0.13,1995,30.3,15.22,15.22,15.25,15.12,0.85,,0.998,,,,,
2015,00962,台新AI優息動能,市,10/01,,15.18,0.13,0.86,4494,68.0,15.05,15.09,15.18,15.07,0.73,,1.0026,,,,,
2016,00639,富邦深100,市,10/01,,15.15,-0.05,-0.33,402,6.07,15.2,15.21,15.21,15.07,0.92,,0.9934,,,,,
2017,00984B,大華優利美A債15,櫃,10/01,,15.15,-0.07,-0.46,1402,21.2,15.22,15.14,15.15,15.08,0.46,,0.9993,,,,,
2018,2516,新建,市,10/01,,15.15,-0.2,-1.3,115,1.75,15.35,15.3,15.3,15.05,1.63,10.0,1.55,,,,,
2019,2705,六福,市,10/01,,15.15,0.05,0.33,104,1.58,15.1,15.1,15.25,15.05,1.32,20.5,0.59,,,,,
2020,4128,中天,櫃,10/01,,15.15,-0.2,-1.3,1200,18.3,15.35,15.45,15.45,15.1,2.28,17.0,0.94,,,,,
2021,8466,美吉吉-KY,市,10/01,,15.15,0.05,0.33,15,0.23,15.1,15.0,15.4,15.0,2.65,,0.41,,,,,
2022,4113,聯上,櫃,10/01,,15.1,-0.45,-2.89,585,8.88,15.55,15.4,15.45,15.1,2.25,,0.83,,,,,
2023,5514,三豐,櫃,10/01,,15.1,0.05,0.33,14,0.2,15.05,14.85,15.1,14.7,2.66,60.4,1.0,,,,,
2024,1432,大魯閣,市,10/01,,15.05,0.05,0.33,61,0.92,15.0,15.0,15.05,14.95,0.67,2.95,1.22,,,,,
2025,8940,新天地,市,10/01,,15.05,-0.05,-0.33,11,0.17,15.1,15.15,15.15,15.0,0.99,28.4,1.23,,,,,
2026,2444,兆勁,市,10/01,,15.0,-0.9,-5.66,2799,42.6,15.9,15.4,15.8,15.0,5.03,,2.28,,,,,
2027,00986A,主動台新龍頭成長,市,10/01,,14.99,0.19,1.28,682,10.2,14.8,14.8,14.99,14.8,1.28,,1.0101,,,,,
2028,00771,元大US高息特別股,市,10/01,,14.95,-0.01,-0.07,9,0.13,14.96,14.96,14.97,14.95,0.13,,1.002,,,,,
2029,00933B,國泰10Y+金融債,櫃,10/01,,14.95,-0.03,-0.2,9572,143.0,14.98,14.92,14.95,14.88,0.47,,1.0096,,,,,
2030,009805,台新美國電力基建,市,10/01,,14.95,-0.01,-0.07,2732,40.7,14.96,14.85,14.95,14.84,0.74,,1.0115,,,,,
2031,1526,日馳,市,10/01,,14.95,-0.1,-0.66,29,0.43,15.05,15.0,15.0,14.8,1.33,,0.68,,,,,
2032,8066,來思達,櫃,10/01,,14.95,-0.2,-1.32,12,0.18,15.15,14.65,14.95,14.65,1.98,,1.0,,,,,
2033,4155,訊映,市,10/01,,14.85,0.2,1.37,274,4.05,14.65,14.75,14.85,14.6,1.71,8.58,0.83,,,,,
2034,4528,江興鍛,櫃,10/01,,14.85,-0.1,-0.67,26,0.39,14.95,14.9,14.95,14.85,0.67,,0.55,,,,,
2035,9907,統一實,市,10/01,,14.85,-0.05,-0.34,678,10.1,14.9,15.0,15.0,14.85,1.01,15.6,1.12,,,,,
2036,00684R,期元大美元指反1,市,10/01,,14.84,0.03,0.2,50,0.74,14.81,14.84,14.84,14.84,0.0,,0.998,,,,,
2037,00882,中信中國高股息,市,10/01,,14.84,-0.08,-0.54,1961,29.2,14.92,14.92,14.94,14.83,0.74,,0.9887,,,,,
2038,00734B,台新JPM新興債,櫃,10/01,,14.81,-0.07,-0.47,21,0.31,14.88,14.81,14.81,14.81,0.0,,0.998,,,,,
2039,1456,怡華,市,10/01,,14.8,0.15,1.02,159,2.34,14.65,14.6,14.9,14.45,3.07,5.12,0.76,,,,,
2040,00964,中信亞太高股息,市,10/01,,14.78,-0.04,-0.27,893,13.2,14.82,14.85,14.85,14.75,0.67,,1.0048,,,,,
2041,3432,台端,市,10/01,,14.75,-0.15,-1.01,51,0.76,14.9,15.0,15.0,14.75,1.68,,2.12,,,,,
2042,6120,達運,市,10/01,,14.75,0.4,2.79,32148,481.0,14.35,15.3,15.4,14.45,6.62,10.8,0.89,,,,,
2043,00711B,復華彭博新興債,市,10/01,,14.71,-0.06,-0.41,234,3.44,14.77,14.76,14.76,14.65,0.74,,1.002,,,,,
2044,1466,聚隆,市,10/01,,14.7,-0.15,-1.01,118,1.74,14.85,14.85,14.9,14.65,1.68,,1.04,,,,,
2045,6129,普誠,櫃,10/01,,14.7,-0.2,-1.34,258,3.82,14.9,14.75,14.95,14.7,1.68,,1.62,,,,,
2046,00996A,主動兆豐台灣豐收,市,10/01,,14.66,0.18,1.24,5652,82.6,14.48,14.66,14.66,14.52,0.97,,0.998,,,,,
2047,1110,東泥,市,10/01,,14.65,0.0,0.0,120,1.76,14.65,14.55,14.75,14.55,1.37,23.3,0.88,,,,,
2048,1312,國喬,市,10/01,,14.6,-0.4,-2.67,8518,125.0,15.0,15.0,15.15,14.6,3.67,,0.56,,,,,
2049,5450,南良,櫃,10/01,,14.6,-0.2,-1.35,153,2.25,14.8,14.75,14.9,14.6,2.03,21.2,0.99,,,,,
2050,8085,福華,櫃,10/01,,14.6,0.2,1.39,142,2.06,14.4,14.15,14.9,14.15,5.21,,1.77,,,,,
2051,00908,富邦入息REITs+,市,10/01,,14.55,0.01,0.07,31,0.45,14.54,14.53,14.56,14.53,0.21,,0.9993,,,,,
2052,00717,富邦美國特別股,市,10/01,,14.54,0.07,0.48,145,2.1,14.47,14.47,14.54,14.47,0.48,,0.9993,,,,,
2053,1218,泰山,市,10/01,,14.5,-0.1,-0.68,261,3.78,14.6,14.6,14.6,14.45,1.03,,0.61,,,,,
2054,3047,訊舟,市,10/01,,14.5,-0.25,-1.69,461,6.71,14.75,14.75,14.75,14.45,2.03,,1.32,,,,,
2055,4934,太極,市,10/01,,14.5,-0.45,-3.01,487,7.12,14.95,14.9,14.9,14.5,2.68,,1.91,,,,,
2056,1457,宜進,市,10/01,,14.45,0.05,0.35,71,1.02,14.4,14.3,14.45,14.3,1.04,10.6,0.64,,,,,
2057,4183,福永生技,櫃,10/01,,14.45,0.9,6.64,7,0.1,13.55,14.0,14.45,14.0,3.32,,1.29,,,,,
2058,4306,炎洲,市,10/01,,14.45,-0.25,-1.7,1003,14.6,14.7,14.6,14.7,14.45,1.7,15.7,0.68,,,,,
2059,00983B,大華優利美公債20,櫃,10/01,,14.42,-0.1,-0.69,665,9.56,14.52,14.39,14.42,14.36,0.41,,0.9986,,,,,
2060,2109,華豐,市,10/01,,14.4,0.0,0.0,72,1.03,14.4,14.4,14.4,14.3,0.69,10.5,1.14,,,,,
2061,2440,太空梭,市,10/01,,14.4,0.0,0.0,106,1.53,14.4,14.3,14.4,14.25,1.04,103.0,1.11,,,,,
2062,2012,春雨,市,10/01,,14.35,-0.05,-0.35,29,0.42,14.4,14.4,14.4,14.2,1.39,,1.07,,,,,
2063,2611,志信,市,10/01,,14.35,-0.15,-1.03,237,3.4,14.5,14.3,14.45,14.3,1.03,8.11,0.98,,,,,
2064,2734,易飛網,櫃,10/01,,14.35,-0.1,-0.69,46,0.66,14.45,14.35,14.4,14.3,0.69,,1.26,,,,,
2065,2442,新美齊,市,10/01,,14.3,-0.1,-0.69,585,8.37,14.4,14.35,14.4,14.25,1.04,2.8,0.67,,,,,
2066,2509,全坤建,市,10/01,,14.3,0.0,0.0,59,0.83,14.3,14.2,14.3,14.1,1.4,,0.83,,,,,
2067,4188,安克,櫃,10/01,,14.3,0.05,0.35,251,3.64,14.25,14.4,15.45,14.2,8.77,,1.76,,,,,
2068,8450,霹靂,櫃,10/01,,14.3,0.0,0.0,18,0.26,14.3,14.05,14.3,14.05,1.75,,1.8,,,,,
2069,00991B,貝萊德A級公司債,市,10/01,,14.29,-0.04,-0.28,258,3.68,14.33,14.21,14.29,14.21,0.56,,1.0049,,,,,
2070,00897,富邦基因免疫生技,市,10/01,,14.27,0.05,0.35,1193,17.0,14.22,14.22,14.27,14.18,0.63,,1.0035,,,,,
2071,00401A,主動摩根台灣鑫收,市,10/01,,14.26,0.04,0.28,4678,66.4,14.22,14.25,14.27,14.13,0.98,,1.0064,,,,,
2072,00945B,凱基美國非投等債,市,10/01,,14.2,0.01,0.07,2631,37.3,14.19,14.2,14.21,14.16,0.35,,1.0021,,,,,
2073,1308,亞聚,市,10/01,,14.2,-0.25,-1.73,758,10.8,14.45,14.35,14.4,14.1,2.08,,0.78,,,,,
2074,6154,順發,櫃,10/01,,14.2,0.0,0.0,43,0.61,14.2,14.3,14.3,14.15,1.06,12.3,0.89,,,,,
2075,8477,創業家,櫃,10/01,,14.2,0.1,0.71,6,0.09,14.1,14.0,14.2,14.0,1.42,,1.69,,,,,
2076,4402,郡都開發,櫃,10/01,,14.15,0.35,2.54,1,0.01,13.8,14.15,14.15,14.15,0.0,,1.68,,,,,
2077,5202,力新,櫃,10/01,,14.15,0.0,0.0,271,3.85,14.15,14.4,14.4,14.05,2.47,,1.2,,,,,
2078,3024,憶聲,市,10/01,,14.1,-0.1,-0.7,562,7.97,14.2,14.4,14.4,14.05,2.46,470.0,1.3,,,,,
2079,2025,千興,市,10/01,,14.05,-0.6,-4.1,4380,62.5,14.65,14.85,15.0,13.7,8.87,10.8,1.16,,,,,
2080,3266,昇陽,市,10/01,,14.0,0.0,0.0,19,0.27,14.0,14.0,14.0,13.8,1.43,27.5,0.8,,,,,
2081,00993A,主動安聯台灣,市,10/01,,13.98,0.2,1.45,4772,66.3,13.78,13.88,13.98,13.78,1.45,,0.9957,,,,,
2082,020035,元大上櫃ESG高息N,櫃,10/01,,13.97,0.0,0.0,0,0.0,13.62,13.97,13.97,13.97,0.0,,0.9888,,,,,
2083,3607,谷崧,市,10/01,,13.95,-0.05,-0.36,128,1.78,14.0,14.0,14.0,13.85,1.07,29.1,0.99,,,,,
2084,3272,東碩,櫃,10/01,,13.9,-0.05,-0.36,26,0.35,13.95,14.1,14.1,13.6,3.58,,0.94,,,,,
2085,3276,宇環,櫃,10/01,,13.9,-0.15,-1.07,48,0.67,14.05,14.0,14.2,13.9,2.14,57.9,1.12,,,,,
2086,4401,東隆興,櫃,10/01,,13.9,0.0,0.0,22,0.31,13.9,14.0,14.0,13.85,1.08,12.3,0.63,,,,,
2087,5533,皇鼎,市,10/01,,13.9,-0.05,-0.36,100,1.39,13.95,13.85,13.95,13.8,1.08,23.6,0.42,,,,,
2088,6160,欣技,櫃,10/01,,13.9,0.0,0.0,44,0.62,13.9,14.1,14.1,13.8,2.16,,1.62,,,,,
2089,00986D,主動復華金融債息,櫃,10/01,,13.88,0.0,0.0,466,6.46,13.88,13.88,13.88,13.85,0.22,,1.0014,,,,,
2090,5546,永固-KY,市,10/01,,13.85,-0.5,-3.48,64,0.88,14.35,14.2,14.2,13.6,4.18,,0.62,,,,,
2091,009806,台新標普500,櫃,10/01,,13.81,0.04,0.29,15,0.21,13.77,13.79,13.81,13.79,0.15,,1.008,,,,,
2092,2023,燁輝,市,10/01,,13.8,0.05,0.36,1896,26.4,13.75,13.85,14.1,13.75,2.55,,0.8,,,,,
2093,3713,新晶投控,櫃,10/01,,13.8,-0.1,-0.72,16,0.21,13.9,13.65,13.8,13.6,1.44,,1.76,,,,,
2094,5398,慕康生醫,櫃,10/01,,13.8,-0.05,-0.36,33,0.45,13.85,13.85,13.85,13.7,1.08,138.0,1.32,,,,,
2095,9919,康那香,市,10/01,,13.8,-0.05,-0.36,125,1.72,13.85,13.85,13.85,13.65,1.44,,1.45,,,,,
2096,3056,富華新,市,10/01,,13.75,-0.1,-0.72,422,5.81,13.85,13.85,13.85,13.7,1.08,,0.78,,,,,
2097,3499,環天科,櫃,10/01,,13.75,-0.05,-0.36,31,0.43,13.8,13.7,13.8,13.5,2.17,,1.77,,,,,
2098,00937B,群益ESG投等債20+,櫃,10/01,,13.74,-0.04,-0.29,72387,992.0,13.78,13.71,13.74,13.67,0.51,,1.0054,,,,,
2099,1309,台達化,市,10/01,,13.7,-0.25,-1.79,1146,15.7,13.95,14.0,14.0,13.6,2.87,,1.01,,,,,
2100,009800,中信NASDAQ,市,10/01,,13.65,0.23,1.71,1576,21.4,13.42,13.45,13.65,13.45,1.49,,1.0141,,,,,
2101,009811,統一美國50,市,10/01,,13.62,0.13,0.96,2500,34.0,13.49,13.5,13.62,13.5,0.89,,1.0052,,,,,
2102,1468,昶和,市,10/01,,13.55,0.05,0.37,63,0.84,13.5,13.35,13.55,13.05,3.7,15.4,1.49,,,,,
2103,1516,川飛,市,10/01,,13.5,-0.2,-1.46,18,0.24,13.7,13.7,13.7,13.4,2.19,1350.0,2.68,,,,,
2104,3523,迎輝,櫃,10/01,,13.5,-1.5,-10.0,33,0.45,15.0,14.6,14.6,13.5,7.33,,2.35,,,,,
2105,5603,陸海,櫃,10/01,,13.5,0.15,1.12,195,2.6,13.35,13.4,13.5,13.25,1.87,,0.76,,,,,
2106,1446,宏和,市,10/01,,13.45,0.05,0.37,29,0.39,13.4,13.35,13.45,13.35,0.75,14.3,0.69,,,,,
2107,5344,立衛,櫃,10/01,,13.45,-0.4,-2.89,94,1.28,13.85,14.3,14.3,13.45,6.14,,2.11,,,,,
2108,00956,中信日經高股息,市,10/01,,13.43,-0.16,-1.18,233,3.12,13.59,13.4,13.43,13.34,0.66,,1.0037,,,,,
2109,00983A,主動中信ARK創新,市,10/01,,13.42,0.12,0.9,759,10.1,13.3,13.3,13.42,13.29,0.98,,1.0136,,,,,
2110,1440,南紡,市,10/01,,13.4,-0.25,-1.83,2962,39.7,13.65,13.5,13.7,13.3,2.93,447.0,0.78,,,,,
2111,2906,高林,市,10/01,,13.4,0.0,0.0,40,0.54,13.4,13.35,13.4,13.3,0.75,16.1,0.82,,,,,
2112,2712,遠雄來,市,10/01,,13.35,-0.2,-1.48,3,0.04,13.55,13.35,13.35,13.35,0.0,,1.4,,,,,
2113,5703,亞都,櫃,10/01,,13.35,0.0,0.0,0,0.0,13.35,13.35,13.35,13.35,0.0,16.1,1.7,,,,,
2114,1109,信大,市,10/01,,13.3,-0.05,-0.37,207,2.75,13.35,13.4,13.4,13.25,1.12,19.0,0.55,,,,,
2115,2024,志聯,市,10/01,,13.3,0.4,3.1,43,0.57,12.9,12.9,13.45,12.9,4.26,45.9,1.14,,,,,
2116,2616,山隆,市,10/01,,13.3,0.0,0.0,31,0.41,13.3,13.3,13.3,13.25,0.38,,0.73,,,,,
2117,8404,百和興業-KY,市,10/01,,13.3,0.05,0.38,317,4.2,13.25,13.3,13.35,13.2,1.13,16.0,0.77,,,,,
2118,00961,FT臺灣永續高息,市,10/01,,13.27,0.03,0.23,10945,145.0,13.24,13.26,13.27,13.21,0.45,,1.0015,,,,,
2119,009821,野村稀土關鍵資源,市,10/01,,13.21,-0.09,-0.68,7931,105.0,13.3,13.24,13.27,13.19,0.6,,1.0107,,,,,
2120,1103,嘉泥,市,10/01,,13.2,0.0,0.0,302,3.97,13.2,13.25,13.25,13.1,1.14,9.23,0.49,,,,,
2121,9902,台火,市,10/01,,13.2,0.0,0.0,159,2.08,13.2,13.3,13.3,13.05,1.89,22.8,1.0,,,,,
2122,00940,元大台灣價值高息,市,10/01,,13.18,0.06,0.46,9356,123.0,13.12,13.11,13.19,13.08,0.84,,0.994,,,,,
2123,009812,野村日本東證,市,10/01,,13.15,-0.02,-0.15,483,6.33,13.17,13.16,13.16,13.03,0.99,,1.0008,,,,,
2124,00942B,台新美A公司債20+,櫃,10/01,,13.14,-0.05,-0.38,1758,23.1,13.19,13.15,13.15,13.09,0.45,,1.0038,,,,,
2125,00950B,凱基A級公司債,櫃,10/01,,13.13,-0.04,-0.3,2577,33.7,13.17,13.11,13.14,13.07,0.53,,1.0054,,,,,
2126,00685L,群益臺灣加權正2,市,10/01,,13.1,0.19,1.47,123359,1600.0,12.91,12.94,13.1,12.84,2.01,,0.9992,,,,,
2127,2845,遠東銀,市,10/01,,13.1,0.0,0.0,14842,193.0,13.1,13.1,13.15,12.95,1.53,13.0,0.89,,,,,
2128,4416,三圓,櫃,10/01,,13.1,-0.25,-1.87,873,11.5,13.35,13.4,13.5,13.0,3.75,4.06,0.49,,,,,
2129,8929,富堡,櫃,10/01,,13.1,-0.1,-0.76,9,0.11,13.2,13.05,13.1,13.05,0.38,37.4,0.82,,,,,
2130,8421,旭源,櫃,10/01,,13.0,0.05,0.39,114,1.48,12.95,12.95,13.1,12.9,1.54,31.0,0.95,,,,,
2131,00966B,統一ESG投等債15+,櫃,10/01,,12.97,-0.04,-0.31,960,12.4,13.01,12.96,12.98,12.92,0.46,,1.0093,,,,,
2132,9912,偉聯,市,10/01,,12.95,-0.15,-1.15,12,0.16,13.1,12.9,12.95,12.9,0.38,,1.97,,,,,
2133,2038,海光,市,10/01,,12.9,-0.3,-2.27,474,6.16,13.2,13.2,13.3,12.75,4.17,,0.66,,,,,
2134,020037,元大金融高股息N,市,10/01,,12.81,-0.17,-1.31,12,0.15,13.13,12.63,12.81,12.63,1.39,,1.0011,,,,,
2135,1905,華紙,市,10/01,,12.8,-0.25,-1.92,4228,54.1,13.05,13.1,13.1,12.65,3.45,,0.83,,,,,
2136,6144,得利影,櫃,10/01,,12.8,0.25,1.99,12,0.16,12.55,12.55,12.85,12.4,3.59,,1.56,,,,,
2137,4121,優盛,櫃,10/01,,12.75,0.0,0.0,16,0.21,12.75,12.75,12.75,12.7,0.39,,0.75,,,,,
2138,6645,金萬林-創,市,10/01,,12.75,-0.1,-0.78,9,0.11,12.85,12.7,12.75,12.6,1.17,,1.84,,,,,
2139,01002T,土銀國泰R1,市,10/01,,12.71,-0.09,-0.7,62,0.79,12.8,12.8,12.8,12.71,0.7,,,,,,,
2140,2904,匯僑,市,10/01,,12.7,0.1,0.79,6,0.08,12.6,12.6,12.7,12.6,0.79,24.9,0.79,,,,,
2141,6246,臺龍,櫃,10/01,,12.7,-0.15,-1.17,13,0.17,12.85,12.9,12.9,12.6,2.33,63.5,1.16,,,,,
2142,6185,幃翔,櫃,10/01,,12.6,0.1,0.8,161,2.03,12.5,12.55,12.7,12.45,2.0,66.3,0.88,,,,,
2143,00902,中信電池及儲能,市,10/01,,12.59,0.16,1.29,472,5.91,12.43,12.44,12.59,12.44,1.21,,0.9968,,,,,
2144,6164,華興,市,10/01,,12.55,-0.05,-0.4,193,2.42,12.6,12.65,12.7,12.45,1.98,48.3,1.06,,,,,
2145,8092,建暐,櫃,10/01,,12.55,-0.05,-0.4,28,0.35,12.6,12.6,12.6,12.5,0.79,89.6,1.33,,,,,
2146,3522,御嵿,櫃,10/01,,12.5,0.0,0.0,68,0.83,12.5,12.5,12.6,12.15,3.6,,1.82,,,,,
2147,4154,樂威科-KY,櫃,10/01,,12.5,0.0,0.0,11,0.14,12.5,12.5,12.5,12.5,0.0,,2.02,,,,,
2148,00963,中信全球高股息,市,10/01,,12.49,-0.03,-0.24,1818,22.6,12.52,12.51,12.51,12.44,0.56,,1.0146,,,,,
2149,00410A,主動永豐科技趨勢,市,10/01,,12.48,0.05,0.4,1874,23.3,12.43,12.45,12.51,12.36,1.21,,0.9944,,,,,
2150,00931B,統一美債20年,櫃,10/01,,12.46,-0.07,-0.56,3046,37.8,12.53,12.41,12.46,12.39,0.56,,1.0114,,,,,
2151,1304,台聚,市,10/01,,12.45,-0.2,-1.58,1522,19.0,12.65,12.6,12.7,12.35,2.77,,0.76,,,,,
2152,5324,士開,櫃,10/01,,12.45,0.0,0.0,44,0.55,12.45,12.4,12.5,12.4,0.8,,1.91,,,,,
2153,00957B,兆豐US優選投等債,櫃,10/01,,12.43,-0.05,-0.4,265,3.28,12.48,12.42,12.44,12.39,0.4,,1.004,,,,,
2154,1313,聯成,市,10/01,,12.4,0.1,0.81,4532,56.4,12.3,12.4,12.8,12.25,4.47,,0.55,,,,,
2155,2702,華園,市,10/01,,12.35,0.1,0.82,37,0.46,12.25,12.25,12.35,12.2,1.22,15.1,0.59,,,,,
2156,6219,富旺,櫃,10/01,,12.35,0.15,1.23,123,1.51,12.2,12.15,12.35,12.05,2.46,13.9,0.78,,,,,
2157,8024,佑華,櫃,10/01,,12.35,-0.2,-1.59,52,0.65,12.55,12.55,12.75,12.3,3.59,,1.42,,,,,
2158,1449,佳和,市,10/01,,12.3,-0.2,-1.6,193,2.38,12.5,12.5,12.5,12.3,1.6,,0.63,,,,,
2159,3049,精金,市,10/01,,12.3,-0.35,-2.77,4037,50.0,12.65,12.65,12.65,12.2,3.56,36.2,1.2,,,,,
2160,3018,隆銘綠能,市,10/01,,12.25,0.25,2.08,23,0.28,12.0,12.0,12.25,11.9,2.92,,2.32,,,,,
2161,2706,第一店,市,10/01,,12.2,0.0,0.0,15,0.18,12.2,12.15,12.2,12.15,0.41,18.2,0.59,,,,,
2162,00980T,平衡凱基美國TOP,櫃,10/01,,12.17,0.15,1.25,258,3.14,12.02,12.12,12.17,12.09,0.67,,1.0083,,,,,
2163,009815,大華美國MAG7+,櫃,10/01,,12.15,0.22,1.84,3156,38.1,11.93,11.97,12.15,11.97,1.51,,1.0066,,,,,
2164,1305,華夏,市,10/01,,12.15,-0.2,-1.62,671,8.16,12.35,12.4,12.4,12.1,2.43,,0.92,,,,,
2165,1454,台富,市,10/01,,12.15,-0.05,-0.41,12,0.14,12.2,12.35,12.35,12.15,1.64,,1.14,,,,,
2166,4745,合富-KY,櫃,10/01,,12.15,-0.05,-0.41,4,0.05,12.2,12.25,12.25,12.15,0.82,,0.28,,,,,
2167,5488,松普,櫃,10/01,,12.15,0.05,0.41,157,1.89,12.1,12.0,12.25,11.95,2.48,,1.1,,,,,
2168,00898,國泰基因免疫革命,市,10/01,,12.11,0.03,0.25,763,9.21,12.08,12.08,12.11,12.05,0.5,,1.0033,,,,,
2169,3672,康聯訊,櫃,10/01,,12.1,-0.25,-2.02,8,0.1,12.35,12.05,12.1,12.0,0.81,,1.69,,,,,
2170,2836,高雄銀,市,10/01,,12.05,-0.05,-0.41,1873,22.6,12.1,12.1,12.1,12.0,0.83,15.9,0.81,,,,,
2171,2064,晉椿,櫃,10/01,,12.0,0.05,0.42,350,4.2,11.9,11.95,12.25,11.8,3.77,600.0,0.9,,,,,
2172,3521,台鋼建設,櫃,10/01,,12.0,0.15,1.27,98,1.17,11.85,11.8,12.0,11.8,1.69,5.91,0.99,,,,,
2173,5516,雙喜,櫃,10/01,,12.0,0.0,0.0,4,0.05,12.0,11.9,12.0,11.9,0.83,11.7,1.33,,,,,
2174,8067,志旭,櫃,10/01,,12.0,-0.35,-2.83,3,0.04,12.35,12.6,12.6,12.0,4.86,60.0,1.71,,,,,
2175,2515,中工,市,10/01,,11.95,0.05,0.42,1882,22.4,11.9,11.9,12.0,11.85,1.26,26.0,0.83,,,,,
2176,00997A,主動群益美國增長,市,10/01,,11.93,0.21,1.79,11426,135.0,11.72,11.76,11.94,11.75,1.62,,1.0008,,,,,
2177,8411,福貞-KY,市,10/01,,11.9,0.0,0.0,82,0.97,11.9,11.8,11.9,11.75,1.26,34.0,0.42,,,,,
2178,2897B,王道銀乙特,市,10/01,,11.85,0.0,0.0,2,0.02,11.85,11.85,11.85,11.85,0.0,,,,,,,
2179,3419,譁裕,市,10/01,,11.85,-0.2,-1.66,242,2.89,12.05,12.05,12.3,11.85,3.73,,1.6,,,,,
2180,4714,永捷,櫃,10/01,,11.85,-0.2,-1.66,714,8.54,12.05,12.1,12.15,11.8,2.9,,0.99,,,,,
2181,6169,昱泉,櫃,10/01,,11.85,-0.15,-1.25,8,0.1,12.0,11.85,12.0,11.85,1.25,,1.37,,,,,
2182,020040,元大上櫃ESG龍頭N,櫃,10/01,,11.83,0.0,0.0,0,0.0,11.46,11.83,11.83,11.83,0.0,,0.9833,,,,,
2183,009801,中信美國創新科技,市,10/01,,11.82,0.18,1.55,1226,14.4,11.64,11.68,11.82,11.68,1.2,,1.0137,,,,,
2184,2724,藝舍-KY,櫃,10/01,,11.8,-0.95,-7.45,1,0.01,12.75,11.8,11.8,11.8,0.0,,1.59,,,,,
2185,8107,大億金茂,櫃,10/01,,11.8,-0.2,-1.67,58,0.69,12.0,12.1,12.1,11.8,2.5,9.37,0.56,,,,,
2186,3050,鈺德,市,10/01,,11.75,-0.2,-1.67,949,11.1,11.95,11.85,11.9,11.6,2.51,22.6,0.75,,,,,
2187,020031,統一IC設計臺灣N,市,10/01,,11.72,-0.07,-0.59,4,0.05,11.79,11.79,11.79,11.71,0.68,,0.9977,,,,,
2188,3259,鑫創,櫃,10/01,,11.7,1.05,9.86,52,0.61,10.65,11.6,11.7,11.55,1.41,,2.52,,,,,
2189,3325,旭品,櫃,10/01,,11.7,-0.2,-1.68,70,0.82,11.9,11.65,11.9,11.6,2.52,,1.32,,,,,
2190,1416,廣豐,市,10/01,,11.65,0.2,1.75,464,5.37,11.45,11.5,11.7,11.5,1.75,9.87,0.48,,,,,
2191,1465,偉全,市,10/01,,11.65,0.0,0.0,52,0.61,11.65,11.6,11.7,11.6,0.86,20.4,0.77,,,,,
2192,6988,威力暘-創,市,10/01,,11.65,-0.05,-0.43,94,1.08,11.7,11.55,11.65,11.4,2.14,,0.76,,,,,
2193,00981T,平衡凱基雙核收息,市,10/01,,11.64,0.0,0.0,1827,21.2,11.64,11.61,11.64,11.58,0.52,,1.0026,,,,,
2194,009813,貝萊德標普卓越50,市,10/01,,11.61,0.12,1.04,4971,57.5,11.49,11.5,11.61,11.5,0.96,,1.0026,,,,,
2195,1201,味全,市,10/01,,11.6,-0.05,-0.43,707,8.18,11.65,11.65,11.65,11.5,1.29,19.0,0.74,,,,,
2196,1531,高林股,市,10/01,,11.6,-0.05,-0.43,83,0.96,11.65,11.65,11.65,11.45,1.72,48.3,0.61,,,,,
2197,2514,龍邦,市,10/01,,11.6,-0.1,-0.85,51,0.59,11.7,11.65,11.7,11.5,1.71,29.7,0.34,,,,,
2198,3322,建舜電,櫃,10/01,,11.6,0.3,2.65,469,5.41,11.3,11.3,11.7,11.3,3.54,,1.01,,,,,
2199,2314,台揚,市,10/01,,11.5,0.3,2.68,212,2.43,11.2,11.4,11.8,11.3,4.46,,42.59,,,,,
2200,3593,力銘,市,10/01,,11.5,0.5,4.55,20,0.22,11.0,11.75,11.75,10.5,11.4,,3.36,,,,,
2201,4108,懷特,市,10/01,,11.5,0.0,0.0,51,0.58,11.5,11.5,11.55,11.4,1.3,,1.18,,,,,
2202,009814,富邦標普500,櫃,10/01,,11.46,0.04,0.35,1241,14.2,11.42,11.42,11.46,11.4,0.53,,1.0044,,,,,
2203,1219,福壽,市,10/01,,11.45,0.0,0.0,81,0.93,11.45,11.5,11.55,11.35,1.75,,0.98,,,,,
2204,1611,中電,市,10/01,,11.45,-0.1,-0.87,408,4.67,11.55,11.5,11.55,11.35,1.73,24.9,0.91,,,,,
2205,020036,元大金融配息N,市,10/01,,11.37,-0.28,-2.4,2,0.02,11.72,11.38,11.38,11.37,0.09,,0.9904,,,,,
2206,01007T,兆豐國泰R2,市,10/01,,11.32,0.01,0.09,57,0.64,11.31,11.31,11.32,11.26,0.53,,,,,,,
2207,00999A,主動野村臺灣高息,市,10/01,,11.3,0.02,0.18,4877,54.9,11.28,11.28,11.32,11.2,1.06,,0.9947,,,,,
2208,1813,寶利徠,櫃,10/01,,11.3,0.0,0.0,7,0.08,11.3,11.3,11.3,11.3,0.0,51.4,0.76,,,,,
2209,2736,富野,櫃,10/01,,11.3,-0.05,-0.44,17,0.19,11.35,11.3,11.35,11.3,0.44,,0.66,,,,,
2210,020032,元大綠能N,市,10/01,,11.25,0.04,0.36,10,0.11,11.21,11.25,11.25,11.25,0.0,,1.0012,,,,,
2211,3625,西勝,櫃,10/01,,11.2,0.05,0.45,236,2.59,11.15,11.05,11.5,10.2,11.7,,2.37,,,,,
2212,1108,幸福,市,10/01,,11.15,0.0,0.0,152,1.69,11.15,11.05,11.2,11.05,1.35,16.2,0.83,,,,,
2213,01001T,土銀富邦R1,市,10/01,,11.11,-0.02,-0.18,21,0.23,11.13,11.13,11.13,11.11,0.18,,,,,,,
2214,2537,聯上發,市,10/01,,11.1,-0.15,-1.33,1015,11.3,11.25,11.2,11.2,11.05,1.33,27.8,0.73,,,,,
2215,2913,農林,市,10/01,,11.1,-0.05,-0.45,345,3.82,11.15,11.1,11.1,11.0,0.9,,0.71,,,,,
2216,8443,阿瘦,市,10/01,,11.1,-0.05,-0.45,8,0.09,11.15,11.05,11.1,11.05,0.45,,1.18,,,,,
2217,9929,秋雨,市,10/01,,11.1,0.0,0.0,2503,27.8,11.1,11.15,11.15,11.05,0.9,22.7,1.32,,,,,
2218,8101,華冠,市,10/01,,11.05,0.0,0.0,6,0.06,11.05,11.0,11.05,11.0,0.45,,2.61,,,,,
2219,2104,國際中橡,市,10/01,,11.0,-0.15,-1.35,3126,34.7,11.15,11.05,11.35,10.95,3.59,,0.46,,,,,
2220,009829,大華韓國KOSPI50,市,10/01,,10.98,0.2,1.86,19173,208.0,10.78,10.77,10.99,10.72,2.5,,0.9991,,,,,
2221,00673R,期元大S&P原油反1,市,10/01,,10.97,0.11,1.01,16461,179.0,10.86,10.81,10.98,10.8,1.66,,1.0438,,,,,
2222,00403A,主動統一升級50,市,10/01,,10.92,0.13,1.2,202851,2205.0,10.79,10.8,10.93,10.78,1.39,,0.9927,,,,,
2223,1453,大將,市,10/01,,10.9,0.0,0.0,11,0.12,10.9,10.9,10.9,10.9,0.0,15.6,0.82,,,,,
2224,4109,加捷生醫,櫃,10/01,,10.9,-0.15,-1.36,158,1.73,11.05,11.0,11.05,10.9,1.36,363.0,0.8,,,,,
2225,1220,台榮,市,10/01,,10.85,0.0,0.0,51,0.55,10.85,10.85,10.85,10.75,0.92,155.0,0.84,,,,,
2226,1452,宏益,市,10/01,,10.8,0.0,0.0,19,0.21,10.8,10.8,10.8,10.75,0.46,,0.53,,,,,
2227,1906,寶隆,市,10/01,,10.8,-0.1,-0.92,29,0.32,10.9,10.85,10.85,10.75,0.92,17.7,0.6,,,,,
2228,2897,王道銀行,市,10/01,,10.8,-0.1,-0.92,8785,94.6,10.9,10.95,10.95,10.65,2.75,13.0,0.72,,,,,
2229,00411A,主動統一前沿科技,櫃,10/01,,10.75,0.19,1.8,21088,225.0,10.56,10.58,10.75,10.58,1.61,,1.0113,,,,,
2230,009824,群益美國科技巨頭,市,10/01,,10.75,0.19,1.8,6826,72.9,10.56,10.61,10.76,10.61,1.42,,1.0019,,,,,
2231,009820,元大納斯達克精選,市,10/01,,10.67,0.21,2.01,20706,219.0,10.46,10.53,10.67,10.53,1.34,,1.0085,,,,,
2232,1718,中纖,市,10/01,,10.65,-0.2,-1.84,10229,109.0,10.85,10.8,10.9,10.55,3.23,18.1,0.6,,,,,
2233,5521,工信,市,10/01,,10.65,0.05,0.47,942,9.97,10.6,10.6,10.65,10.5,1.42,11.1,0.9,,,,,
2234,8437,大地-KY,櫃,10/01,,10.6,0.4,3.92,52,0.54,10.2,10.1,10.65,10.1,5.39,,0.21,,,,,
2235,00408A,主動第一金優股息,市,10/01,,10.55,0.06,0.57,1121,11.8,10.49,10.51,10.55,10.45,0.95,,0.9953,,,,,
2236,3313,斐成,櫃,10/01,,10.55,0.1,0.96,52,0.55,10.45,10.45,10.7,10.45,2.39,,1.07,,,,,
2237,009823,群益S&P500,櫃,10/01,,10.52,0.05,0.48,4181,43.9,10.47,10.47,10.52,10.46,0.57,,1.0019,,,,,
2238,1316,上曜,市,10/01,,10.5,-0.2,-1.87,1238,13.2,10.7,10.7,10.8,10.5,2.8,,0.87,,,,,
2239,2349,錸德,市,10/01,,10.5,-0.2,-1.87,2277,23.9,10.7,10.65,10.75,10.35,3.74,,1.3,,,,,
2240,3052,夆典,市,10/01,,10.45,0.05,0.48,389,4.06,10.4,10.4,10.55,10.4,1.44,9.25,0.6,,,,,
2241,6109,亞元,櫃,10/01,,10.45,-0.1,-0.95,59,0.62,10.55,10.55,10.6,10.4,1.9,,1.22,,,,,
2242,009827,玉山未來全球算力,市,10/01,,10.42,0.13,1.26,2968,30.8,10.29,10.29,10.43,10.29,1.36,,1.0039,,,,,
2243,1517,利奇,市,10/01,,10.4,-0.1,-0.95,157,1.63,10.5,10.5,10.5,10.3,1.9,,0.68,,,,,
2244,009828,中信台日韓PCB,市,10/01,,10.38,0.26,2.57,35197,362.0,10.12,10.22,10.39,10.16,2.27,,0.9981,,,,,
2245,9962,有益,櫃,10/01,,10.35,0.0,0.0,101,1.05,10.35,10.45,10.5,10.3,1.93,45.0,0.87,,,,,
2246,00409A,主動復華全球50,市,10/01,,10.3,0.21,2.08,56866,579.0,10.09,10.09,10.31,10.09,2.18,,1.0029,,,,,
2247,2701,萬企,市,10/01,,10.3,0.0,0.0,53,0.54,10.3,10.35,10.35,10.2,1.46,17.5,0.55,,,,,
2248,5014,建錩,櫃,10/01,,10.3,0.05,0.49,169,1.72,10.25,10.25,10.3,10.05,2.44,,0.71,,,,,
2249,6167,久正,櫃,10/01,,10.25,-0.05,-0.49,194,2.0,10.3,10.35,10.4,10.25,1.46,,0.87,,,,,
2250,9950,萬國通,櫃,10/01,,10.25,0.05,0.49,22,0.23,10.2,10.3,10.3,10.15,1.47,,1.21,,,,,
2251,00402A,主動安聯美國科技,市,10/01,,10.22,0.2,2.0,29957,304.0,10.02,10.08,10.23,10.08,1.5,,1.0059,,,,,
2252,1909,榮成,市,10/01,,10.2,-0.1,-0.97,1189,12.1,10.3,10.25,10.35,10.1,2.43,44.3,0.63,,,,,
2253,4406,新昕纖,櫃,10/01,,10.2,-0.1,-0.97,11,0.11,10.3,10.0,10.2,10.0,1.94,,0.87,,,,,
2254,2390,云辰,市,10/01,,10.15,-0.15,-1.46,248,2.52,10.3,10.3,10.3,10.1,1.94,,0.83,,,,,
2255,2431,聯昌,市,10/01,,10.15,0.0,0.0,52,0.53,10.15,10.15,10.15,10.05,0.99,,1.04,,,,,
2256,00407A,主動凱基台灣,市,10/01,,10.12,0.06,0.6,26761,270.0,10.06,10.06,10.12,10.01,1.09,,0.9941,,,,,
2257,00981D,主動中信非投等債,櫃,10/01,,10.11,0.02,0.2,1563,15.8,10.09,10.1,10.11,10.08,0.3,,1.0018,,,,,
2258,00985B,群益ESG投等債0-5,市,10/01,,10.1,0.02,0.2,3895,39.3,10.08,10.06,10.1,10.06,0.4,,1.0055,,,,,
2259,1805,寶徠,市,10/01,,10.1,0.05,0.5,27,0.27,10.05,10.05,10.1,10.0,1.0,84.2,0.83,,,,,
2260,009826,貝萊德世界股票,市,10/01,,10.05,0.02,0.2,8274,83.0,10.03,10.05,10.05,10.02,0.3,,1.005,,,,,
2261,1324,地球,市,10/01,,10.05,0.06,0.6,33,0.33,9.99,9.99,10.05,9.94,1.1,,0.84,,,,,
2262,1474,弘裕,市,10/01,,10.05,0.0,0.0,81,0.81,10.05,10.05,10.1,9.93,1.69,38.7,0.6,,,,,
2263,3011,今皓,市,10/01,,10.05,-0.1,-0.99,291,2.93,10.15,10.2,10.2,9.96,2.36,,0.98,,,,,
2264,00406A,主動中信台灣收益,市,10/01,,10.0,0.09,0.91,308261,3064.0,9.91,9.95,10.01,9.89,1.21,,1.002,,,,,
2265,01010T,京城樂富R1,市,10/01,,10.0,0.0,0.0,82,0.82,10.0,9.99,10.0,9.99,0.1,,,,,,,
2266,1445,大宇,市,10/01,,10.0,-0.1,-0.99,49,0.5,10.1,10.1,10.1,10.0,0.99,,0.61,,,,,
2267,1464,得力,市,10/01,,10.0,0.02,0.2,328,3.28,9.98,9.98,10.0,9.96,0.4,12.2,0.78,,,,,
2268,01004T,土銀富邦R2,市,10/01,,9.99,-0.02,-0.2,77,0.77,10.01,10.02,10.02,9.98,0.4,,,,,,,
2269,1781,合世,櫃,10/01,,9.99,0.0,0.0,30,0.3,9.99,9.99,9.99,9.91,0.8,,1.56,,,,,
2270,1217,愛之味,市,10/01,,9.96,0.01,0.1,204,2.02,9.95,9.95,9.96,9.91,0.5,14.9,0.64,,,,,
2271,00404A,主動聯博動能50,市,10/01,,9.88,0.03,0.3,5864,57.7,9.85,9.83,9.89,9.8,0.91,,0.9978,,,,,
2272,1441,大東,市,10/01,,9.87,-0.13,-1.3,39,0.39,10.0,9.92,9.93,9.87,0.6,,1.95,,,,,
2273,00989B,台新美國非投等債,櫃,10/01,,9.86,0.01,0.1,3545,34.9,9.85,9.84,9.86,9.84,0.2,,1.0051,,,,,
2274,5302,太欣,櫃,10/01,,9.86,0.05,0.51,89,0.87,9.81,9.8,9.87,9.8,0.71,,1.27,,,,,
2275,9934,成霖,市,10/01,,9.86,-0.01,-0.1,303,2.98,9.87,9.86,9.92,9.82,1.01,39.4,0.63,,,,,
2276,1455,集盛,市,10/01,,9.84,-0.1,-1.01,326,3.21,9.94,9.94,9.95,9.81,1.41,18.6,0.84,,,,,
2277,8488,吉源-KY,市,10/01,,9.84,-0.11,-1.11,13,0.13,9.95,9.82,9.86,9.82,0.4,,0.29,,,,,
2278,00990B,國泰收益非投等債,櫃,10/01,,9.82,0.0,0.0,2130,20.9,9.82,9.82,9.84,9.81,0.31,,1.0031,,,,,
2279,2547,日勝生,市,10/01,,9.78,-0.01,-0.1,725,7.1,9.79,9.8,9.82,9.78,0.41,122.0,0.75,,,,,
2280,00984D,主動聯博全球非投,市,10/01,,9.75,0.02,0.21,13002,127.0,9.73,9.72,9.75,9.71,0.41,,1.0025,,,,,
2281,009819,中信數據及電力,市,10/01,,9.74,0.07,0.72,2211,21.4,9.67,9.66,9.74,9.64,1.03,,1.0125,,,,,
2282,1626,艾美特-KY,市,10/01,,9.72,0.12,1.25,14,0.13,9.6,9.8,9.8,9.7,1.04,,0.54,,,,,
2283,8176,智捷,櫃,10/01,,9.71,-0.05,-0.51,34,0.33,9.76,9.73,9.77,9.67,1.02,,1.14,,,,,
2284,009825,聯邦美國金融創新,櫃,10/01,,9.7,-0.08,-0.82,413,3.99,9.78,9.77,9.77,9.6,1.74,,1.0062,,,,,
2285,00983D,主動富邦複合收益,市,10/01,,9.59,0.0,0.0,550,5.27,9.59,9.57,9.59,9.56,0.31,,0.9972,,,,,
2286,2887I,台新新光辛特,市,10/01,,9.53,0.0,0.0,2304,21.9,9.53,9.52,9.53,9.52,0.1,,,,,,,
2287,00953B,群益優選非投等債,市,10/01,,9.52,0.01,0.11,24498,233.0,9.51,9.5,9.52,9.5,0.21,,1.005,,,,,
2288,1506,正道,市,10/01,,9.5,-0.03,-0.31,376,3.56,9.53,9.53,9.55,9.44,1.15,190.0,1.02,,,,,
2289,1471,首利,市,10/01,,9.49,0.03,0.32,88,0.83,9.46,9.46,9.49,9.37,1.27,45.2,0.98,,,,,
2290,00987D,主動統一美債量化,櫃,10/01,,9.48,-0.02,-0.21,2862,27.0,9.5,9.45,9.48,9.43,0.53,,1.0053,,,,,
2291,00985D,主動貝萊德優投等,櫃,10/01,,9.45,-0.04,-0.42,676,6.38,9.49,9.42,9.46,9.42,0.42,,1.0043,,,,,
2292,00632R,元大台灣50反1,市,10/01,,9.41,-0.06,-0.63,71657,677.0,9.47,9.47,9.51,9.4,1.16,,1.0,,,,,
2293,00666R,富邦恒生國企反1,市,10/01,,9.33,0.0,0.0,0,0.0,9.33,9.33,9.33,9.33,0.0,,1.0,,,,,
2294,009822,華南永昌未來金融,櫃,10/01,,9.33,-0.13,-1.37,260,2.43,9.46,9.37,9.37,9.29,0.85,,1.013,,,,,
2295,00982D,主動富邦動態入息,市,10/01,,9.32,-0.02,-0.21,559,5.2,9.34,9.31,9.33,9.3,0.32,,0.9997,,,,,
2296,00405A,主動富邦台灣龍耀,市,10/01,,9.28,0.02,0.22,38275,355.0,9.26,9.26,9.32,9.19,1.4,,0.9936,,,,,
2297,4702,中美實,櫃,10/01,,9.28,-0.03,-0.32,71,0.66,9.31,9.45,9.45,9.25,2.15,4.16,0.51,,,,,
2298,1413,宏洲,市,10/01,,9.25,0.03,0.33,9,0.09,9.22,9.29,9.29,9.2,0.98,30.8,1.06,,,,,
2299,6142,友勁,市,10/01,,9.17,-0.27,-2.86,734,6.75,9.44,9.4,9.4,9.09,3.28,,1.08,,,,,
2300,00986B,FT金融債10+,櫃,10/01,,9.15,-0.11,-1.19,135,1.23,9.26,9.23,9.23,9.13,1.08,,0.9913,,,,,
2301,9136,巨騰-DR,市,10/01,,9.13,-0.01,-0.11,136,1.24,9.14,9.14,9.15,9.04,1.2,,,,,,,
2302,2017,官田鋼,市,10/01,,9.09,-0.04,-0.44,253,2.28,9.13,9.13,9.13,8.96,1.86,,0.6,,,,,
2303,00982B,FT投資級債20+,櫃,10/01,,9.04,-0.05,-0.55,19,0.17,9.09,9.07,9.07,9.04,0.33,,0.9912,,,,,
2304,1310,台苯,市,10/01,,9.02,-0.23,-2.49,2512,22.8,9.25,9.25,9.32,9.02,3.24,,0.76,,,,,
2305,00981B,第一金優選非投債,櫃,10/01,,8.97,0.0,0.0,5219,46.8,8.97,8.97,8.98,8.95,0.33,,0.9987,,,,,
2306,1314,中石化,市,10/01,,8.89,-0.11,-1.22,34798,311.0,9.0,9.09,9.14,8.86,3.11,,0.45,,,,,
2307,3664,安瑞-KY,櫃,10/01,,8.85,-0.01,-0.11,41,0.36,8.86,8.86,8.87,8.85,0.23,,6.76,,,,,
2308,00665L,富邦恒生國企正2,市,10/01,,8.84,0.0,0.0,1184,10.4,8.84,8.84,8.84,8.8,0.45,,0.9899,,,,,
2309,2538,基泰,市,10/01,,8.83,-0.09,-1.01,251,2.22,8.92,8.95,8.95,8.8,1.68,15.2,0.72,,,,,
2310,00980B,台新特選IG債10+,櫃,10/01,,8.81,-0.04,-0.45,711,6.25,8.85,8.79,8.81,8.77,0.45,,1.0046,,,,,
2311,00948B,中信優息投資級債,櫃,10/01,,8.78,-0.02,-0.23,3746,32.8,8.8,8.76,8.78,8.74,0.45,,1.0101,,,,,
2312,00959B,大華投等美債15Y+,櫃,10/01,,8.75,-0.02,-0.23,2214,19.3,8.77,8.74,8.76,8.71,0.57,,1.0,,,,,
2313,4157,太景*-KY,櫃,10/01,,8.73,-0.16,-1.8,486,4.26,8.89,8.87,8.87,8.72,1.69,39.7,6.06,,,,,
2314,2883B,凱基金乙特,市,10/01,,8.7,0.14,1.64,4958,42.8,8.56,8.57,8.71,8.57,1.64,,,,,,,
2315,00970B,台新BBB投等債20+,櫃,10/01,,8.69,-0.02,-0.23,4213,36.5,8.71,8.68,8.69,8.65,0.46,,1.0046,,,,,
2316,009817,國泰日本不動產,市,10/01,,8.69,-0.11,-1.25,1489,13.0,8.8,8.76,8.76,8.68,0.91,,1.0023,,,,,
2317,00687C,國泰20年美債+櫃U,櫃,10/01,,8.64,-0.07,-0.8,25,0.22,8.71,8.64,8.64,8.64,0.0,,1.0075,,,,,
2318,00753L,中信中國50正2,市,10/01,,8.64,0.0,0.0,3996,34.4,8.64,8.6,8.64,8.57,0.81,,1.0177,,,,,
2319,00968B,元大優息投等債,櫃,10/01,,8.63,-0.03,-0.35,1038,8.93,8.66,8.64,8.64,8.59,0.58,,1.0041,,,,,
2320,00958B,永豐ESG銀行債15+,櫃,10/01,,8.62,-0.02,-0.23,464,4.0,8.64,8.63,8.63,8.59,0.46,,1.0,,,,,
2321,00967B,元大優息美債,櫃,10/01,,8.51,-0.02,-0.23,334,2.83,8.53,8.5,8.51,8.45,0.7,,1.0091,,,,,
2322,9105,泰金寶-DR,市,10/01,,8.45,-0.08,-0.94,10909,92.4,8.53,8.54,8.56,8.43,1.52,,,,,,,
2323,2506,太設,市,10/01,,8.43,0.0,0.0,293,2.46,8.43,8.43,8.43,8.37,0.71,22.8,0.38,,,,,
2324,5364,力麗店,櫃,10/01,,8.38,-0.01,-0.12,14,0.11,8.39,8.39,8.39,8.3,1.07,,0.77,,,,,
2325,00636K,國泰中國A50+U,市,10/01,,8.36,0.2,2.45,0,0.0,8.16,8.36,8.36,8.36,0.0,,1.0048,,,,,
2326,2511,太子,市,10/01,,8.32,-0.02,-0.24,413,3.43,8.34,8.34,8.34,8.29,0.6,23.8,0.53,,,,,
2327,00625K,富邦上証+R,市,10/01,,8.26,0.0,0.0,0,0.0,8.37,8.26,8.26,8.26,0.0,,0.9928,,,,,
2328,6616,特昇-KY,櫃,10/01,,8.26,0.08,0.98,14,0.11,8.18,8.18,8.27,8.08,2.32,,0.69,,,,,
2329,3115,富榮綱,櫃,10/01,,8.2,-0.3,-3.53,8,0.07,8.5,8.3,8.3,8.18,1.41,,1.09,,,,,
2330,2424,隴華,市,10/01,,8.16,-0.14,-1.69,29,0.24,8.3,8.02,8.43,8.02,4.94,,1.93,,,,,
2331,3058,立德,市,10/01,,8.15,-0.05,-0.61,281,2.3,8.2,8.2,8.21,8.14,0.85,,1.04,,,,,
2332,1417,嘉裕,市,10/01,,8.13,-0.01,-0.12,169,1.36,8.14,8.1,8.15,8.05,1.23,16.3,0.65,,,,,
2333,4414,如興,市,10/01,,8.11,-0.03,-0.37,146,1.18,8.14,8.14,8.16,8.07,1.11,47.7,0.56,,,,,
2334,3710,連展投控,櫃,10/01,,8.08,-0.24,-2.88,242,1.95,8.32,8.32,8.32,7.93,4.69,,2.23,,,,,
2335,2726,雅茗-KY,櫃,10/01,,8.0,0.0,0.0,7,0.06,8.0,8.08,8.08,8.0,1.0,,0.86,,,,,
2336,1467,南緯,市,10/01,,7.94,-0.09,-1.12,372,2.93,8.03,8.02,8.02,7.7,3.99,31.8,0.65,,,,,
2337,1806,冠軍,市,10/01,,7.92,-0.08,-1.0,345,2.73,8.0,7.99,7.99,7.88,1.38,44.0,0.58,,,,,
2338,1538,正峰,市,10/01,,7.83,0.35,4.68,16,0.12,7.48,7.48,7.83,7.48,4.68,,2.16,,,,,
2339,5512,力麒,櫃,10/01,,7.7,-0.01,-0.13,253,1.95,7.71,7.73,7.73,7.66,0.91,55.0,0.43,,,,,
2340,4426,利勤,市,10/01,,7.66,0.05,0.66,70,0.53,7.61,7.61,7.73,7.53,2.63,,0.76,,,,,
2341,00969B,元大零息超長美債,櫃,10/01,,7.4,-0.1,-1.33,1699,12.5,7.5,7.42,7.42,7.33,1.2,,1.0115,,,,,
2342,5905,南仁湖,櫃,10/01,,7.4,0.08,1.09,227,1.68,7.32,7.36,7.43,7.35,1.09,,0.74,,,,,
2343,2022,聚亨,市,10/01,,7.34,0.01,0.14,209,1.52,7.33,7.33,7.36,7.21,2.05,,0.74,,,,,
2344,00712,復華富時不動產,市,10/01,,7.31,-0.23,-3.05,118917,869.0,7.54,7.33,7.33,7.29,0.53,,1.0027,,,,,
2345,00654R,富邦印度反1,市,10/01,,7.19,0.06,0.84,8,0.06,7.13,7.2,7.2,7.19,0.14,,0.9822,,,,,
2346,5355,佳總,櫃,10/01,,7.1,0.05,0.71,76,0.54,7.05,6.98,7.1,6.96,1.99,,1.63,,,,,
2347,3494,誠研,市,10/01,,7.09,-0.01,-0.14,44,0.31,7.1,7.08,7.09,7.02,0.99,,1.28,,,,,
2348,3632,研勤,櫃,10/01,,7.08,-0.07,-0.98,11,0.08,7.15,7.06,7.1,7.06,0.56,,2.5,,,,,
2349,1213,大飲,市,10/01,,7.0,-0.47,-6.29,6,0.04,7.47,7.18,7.18,7.0,2.41,,0.64,,,,,
2350,2007,燁興,市,10/01,,7.0,0.0,0.0,231,1.62,7.0,7.01,7.05,6.91,2.0,,0.95,,,,,
2351,00638R,元大滬深300反1,市,10/01,,6.94,-0.01,-0.14,25,0.17,6.95,6.94,6.94,6.94,0.0,,0.9914,,,,,
2352,5531,鄉林,市,10/01,,6.91,-0.01,-0.14,423,2.91,6.92,6.93,6.93,6.86,1.01,62.8,0.69,,,,,
2353,1444,力麗,市,10/01,,6.9,-0.22,-3.09,1233,8.61,7.12,7.13,7.16,6.9,3.65,,0.68,,,,,
2354,4943,康控-KY,市,10/01,,6.67,-0.24,-3.47,51,0.34,6.91,6.93,6.93,6.6,4.78,,20.21,,,,,
2355,1447,力鵬,市,10/01,,6.51,-0.26,-3.84,1029,6.75,6.77,6.78,6.78,6.5,4.14,,0.68,,,,,
2356,1460,宏遠,市,10/01,,6.23,-0.03,-0.48,170,1.06,6.26,6.25,6.25,6.22,0.48,,0.75,,,,,
2357,1512,瑞利,市,10/01,,6.2,0.09,1.47,55,0.34,6.11,6.11,6.29,6.1,3.11,34.4,0.91,,,,,
2358,2911,麗嬰房,市,10/01,,6.14,0.06,0.99,91,0.55,6.08,6.08,6.24,6.0,3.95,1.51,0.47,,,,,
2359,00656R,國泰中國A50反1,市,10/01,,6.12,-0.01,-0.16,211,1.29,6.13,6.14,6.14,6.12,0.33,,0.9919,,,,,
2360,6264,富裔,櫃,10/01,,6.03,0.0,0.0,12,0.07,6.03,6.06,6.06,6.0,1.0,,0.89,,,,,
2361,8429,金麗-KY,市,10/01,,5.91,0.0,0.0,97,0.57,5.91,5.91,5.91,5.87,0.68,59.1,0.16,,,,,
2362,2929,淘帝-KY,市,10/01,,5.81,-0.02,-0.34,35,0.2,5.83,5.83,5.83,5.77,1.03,,0.23,,,,,
2363,00680L,元大美債20正2,市,10/01,,5.72,-0.11,-1.89,28045,160.0,5.83,5.76,5.76,5.65,1.89,,1.0167,,,,,
2364,00688L,國泰20年美債正2,市,10/01,,5.71,-0.09,-1.55,8413,47.7,5.8,5.72,5.72,5.64,1.38,,1.0181,,,,,
2365,01009T,王道圓滿R1,市,10/01,,5.58,-0.01,-0.18,5190,26.2,5.59,5.57,5.59,5.57,0.36,,,,,,,
2366,00669R,國泰美國道瓊反1,市,10/01,,5.43,0.06,1.12,1362,7.4,5.37,5.42,5.44,5.42,0.37,,0.9927,,,,,
2367,00651R,復華香港反1,市,10/01,,5.33,-0.02,-0.37,190,1.01,5.35,5.35,5.35,5.33,0.37,,0.9889,,,,,
2368,1340,勝悅-KY,市,10/01,,5.23,-0.01,-0.19,63,0.33,5.24,5.24,5.24,5.19,0.95,,0.3,,,,,
2369,00676R,富邦臺灣加權反1,市,10/01,,5.2,-0.04,-0.76,4796,25.0,5.24,5.24,5.25,5.2,0.95,,1.0019,,,,,
2370,9103,美德醫療-DR,市,10/01,,4.94,-0.04,-0.8,433,2.15,4.98,4.97,4.98,4.94,0.8,,,,,,,
2371,2067,嘉鋼,櫃,10/01,,4.91,0.0,0.0,108,0.54,4.91,4.91,5.1,4.71,7.94,,1.15,,,,,
2372,5907,大洋-KY,市,10/01,,4.8,-0.01,-0.21,233,1.12,4.81,4.81,4.85,4.76,1.87,,0.26,,,,,
2373,910861,神州-DR,市,10/01,,4.69,-0.01,-0.21,85,0.4,4.7,4.81,4.81,4.69,2.55,,,,,,,
2374,8933,愛地雅,櫃,10/01,,4.6,0.1,2.22,91,0.41,4.5,4.5,4.6,4.41,4.22,,0.98,,,,,
2375,4609,唐鋒,櫃,10/01,,4.49,0.34,8.19,2,0.01,4.15,4.15,4.49,4.15,8.19,23.6,1.64,,,,,
2376,1337,再生-KY,市,10/01,,4.47,0.0,0.0,196,0.87,4.47,4.47,4.48,4.44,0.89,,0.34,,,,,
2377,8444,綠河-KY,櫃,10/01,,4.35,0.0,0.0,0,0.0,4.35,4.35,4.35,4.35,0.0,,3.72,,,,,
2378,5701,劍湖山,櫃,10/01,,4.07,0.01,0.25,41,0.17,4.06,4.08,4.08,4.03,1.23,,1.32,,,,,
2379,00648R,元大S&P500反1,市,10/01,,3.92,0.01,0.26,506,1.98,3.91,3.92,3.94,3.92,0.51,,0.9949,,,,,
2380,00643K,群益深証中小+R,市,10/01,,3.63,0.0,0.0,0,0.0,3.74,3.63,3.63,3.63,0.0,,1.0,,,,,
2381,00641R,富邦日本反1,市,10/01,,3.62,-0.01,-0.28,1173,4.26,3.63,3.64,3.66,3.62,1.1,,0.9972,,,,,
2382,911622,泰聚亨-DR,市,10/01,,3.6,0.0,0.0,0,0.0,3.6,3.6,3.6,3.6,0.0,,,,,,,
2383,020033,統一恒生科期N,櫃,10/01,,3.42,0.05,1.48,1,0.0,3.37,3.42,3.42,3.42,0.0,,1.018,,,,,
2384,4529,淳紳,櫃,10/01,,3.33,0.0,0.0,3,0.01,3.33,3.33,3.33,3.33,0.0,,1.33,,,,,
2385,00634R,富邦上証反1,市,10/01,,3.26,-0.01,-0.31,74,0.24,3.27,3.26,3.26,3.25,0.31,,0.9909,,,,,
2386,9110,越南控-DR,市,10/01,,2.98,-0.01,-0.33,7,0.02,2.99,3.08,3.08,2.98,3.34,,,,,,,
2387,911608,明輝-DR,市,10/01,,2.7,0.0,0.0,26,0.07,2.7,2.7,2.71,2.69,0.74,,,,,,,
2388,912000,晨訊科-DR,市,10/01,,2.48,-0.01,-0.4,112,0.28,2.49,2.49,2.5,2.45,2.01,,,,,,,
2389,00671R,富邦NASDAQ反1,市,10/01,,2.33,-0.03,-1.27,1197,2.79,2.36,2.35,2.35,2.33,0.85,,0.9915,,,,,
2390,00664R,國泰臺灣加權反1,市,10/01,,1.53,0.0,0.0,6713,10.3,1.53,1.53,1.54,1.52,1.31,,1.0,,,,,
2391,911868,同方友友-DR,市,10/01,,1.15,-0.01,-0.86,116,0.13,1.16,1.17,1.18,1.15,2.59,,,,,,,
2392,00686R,群益臺灣加權反1,市,10/01,,0.92,-0.02,-2.13,3238,3.01,0.94,0.94,0.94,0.92,2.13,,0.9892,,,,,
