契約,到期月份 (週別),契約到期日,履約價,買賣權,開盤價,最高價,最低價,最後 成交價,結算價,漲跌價,漲跌%,*盤後交易時段成交量,*一般交易時段成交量,*合計成交量,*未沖銷 契約量,最後 最佳買價,最後 最佳賣價,歷史 最高價,歷史 最低價
TXO,202609,20260916.0,21800.0,Call,-,-,-,-,23980.0,-,-,0,0,0,4,23930,24100,25330,12370
TXO,202609,20260916.0,21800.0,Put,0.7,0.7,0.1,0.1,0.1,0,-,10,15,25,1793,-,0.3,650,0.1
TXO,202609,20260916.0,22000.0,Call,-,-,-,-,23780.0,-,-,0,0,0,6,23680,24080,23430,5990
TXO,202609,20260916.0,22000.0,Put,-,-,-,-,0.1,-,-,0,0,0,321,-,101,565,0.3
TXO,202609,20260916.0,22200.0,Call,-,-,-,-,23580.0,-,-,0,0,0,0,23520,23620,-,-
TXO,202609,20260916.0,22200.0,Put,-,-,-,-,0.1,-,-,0,0,0,256,-,101,580,0.3
TXO,202609,20260916.0,22400.0,Call,-,-,-,-,23380.0,-,-,0,0,0,0,23330,23420,-,-
TXO,202609,20260916.0,22400.0,Put,-,-,-,-,0.1,-,-,0,0,0,253,-,100,605,0.3
TXO,202609,20260916.0,22600.0,Call,-,-,-,-,23180.0,-,-,0,0,0,0,23130,23220,-,-
TXO,202609,20260916.0,22600.0,Put,-,-,-,-,0.1,-,-,0,0,0,311,-,64,650,0.3
TXO,202609,20260916.0,22800.0,Call,-,-,-,-,22980.0,-,-,0,0,0,0,22930,23020,-,-
TXO,202609,20260916.0,22800.0,Put,-,-,-,-,0.1,-,-,0,0,0,83,-,101,675,0.3
TXO,202609,20260916.0,23000.0,Call,-,-,-,-,22780.0,-,-,0,0,0,0,22730,22820,-,-
TXO,202609,20260916.0,23000.0,Put,-,-,-,-,0.1,-,-,0,0,0,144,-,9,700,0.3
TXO,202609,20260916.0,23200.0,Call,-,-,-,-,22580.0,-,-,0,0,0,0,22530,22610,-,-
TXO,202609,20260916.0,23200.0,Put,-,-,-,-,0.1,-,-,0,0,0,242,-,565,730,0.3
TXO,202609,20260916.0,23400.0,Call,-,-,-,-,22380.0,-,-,0,0,0,0,22330,22410,-,-
TXO,202609,20260916.0,23400.0,Put,-,-,-,-,0.1,-,-,0,0,0,11,-,565,700,2.5
TXO,202609,20260916.0,23600.0,Call,-,-,-,-,22180.0,-,-,0,0,0,0,22120,22210,-,-
TXO,202609,20260916.0,23600.0,Put,-,-,-,-,0.1,-,-,0,0,0,11,-,101,700,0.5
TXO,202609,20260916.0,23800.0,Call,-,-,-,-,21980.0,-,-,0,0,0,0,21930,22010,-,-
TXO,202609,20260916.0,23800.0,Put,-,-,-,-,0.1,-,-,0,0,0,14,-,565,520,0.5
TXO,202609,20260916.0,24000.0,Call,-,-,-,-,21780.0,-,-,0,0,0,0,21730,21810,-,-
TXO,202609,20260916.0,24000.0,Put,-,-,-,-,0.1,-,-,0,0,0,108,-,565,665,0.3
TXO,202609,20260916.0,24200.0,Call,-,-,-,-,21580.0,-,-,0,0,0,0,21530,21610,-,-
TXO,202609,20260916.0,24200.0,Put,-,-,-,-,0.1,-,-,0,0,0,82,-,565,1000,0.6
TXO,202609,20260916.0,24400.0,Call,-,-,-,-,21380.0,-,-,0,0,0,0,21330,21410,-,-
TXO,202609,20260916.0,24400.0,Put,-,-,-,-,0.1,-,-,0,0,0,112,-,565,1010,0.5
TXO,202609,20260916.0,24600.0,Call,-,-,-,-,21180.0,-,-,0,0,0,0,21130,21210,-,-
TXO,202609,20260916.0,24600.0,Put,-,-,-,-,0.1,-,-,0,0,0,52,-,565,1020,0.6
TXO,202609,20260916.0,24800.0,Call,-,-,-,-,20980.0,-,-,0,0,0,0,20930,21010,-,-
TXO,202609,20260916.0,24800.0,Put,-,-,-,-,0.1,-,-,0,0,0,85,-,101,1100,0.6
TXO,202609,20260916.0,25000.0,Call,-,-,-,-,20780.0,-,-,0,0,0,0,20730,20810,-,-
TXO,202609,20260916.0,25000.0,Put,-,-,-,-,0.1,-,-,0,0,0,118,-,30,1050,0.3
TXO,202609,20260916.0,25200.0,Call,-,-,-,-,20580.0,-,-,0,0,0,0,20530,20610,-,-
TXO,202609,20260916.0,25200.0,Put,-,-,-,-,0.1,-,-,0,0,0,29,-,10,1200,0.5
TXO,202609,20260916.0,25400.0,Call,-,-,-,-,20380.0,-,-,0,0,0,0,20330,20410,-,-
TXO,202609,20260916.0,25400.0,Put,-,-,-,-,0.1,-,-,0,0,0,43,-,565,1250,0.3
TXO,202609,20260916.0,25600.0,Call,-,-,-,-,20180.0,-,-,0,0,0,0,20130,20210,-,-
TXO,202609,20260916.0,25600.0,Put,-,-,-,-,0.1,-,-,0,0,0,23,-,60,1210,0.3
TXO,202609,20260916.0,25800.0,Call,-,-,-,-,19980.0,-,-,0,0,0,164,19710,20080,20840,14370
TXO,202609,20260916.0,25800.0,Put,-,-,-,-,0.1,-,-,0,0,0,33,-,101,1270,0.3
TXO,202609,20260916.0,26000.0,Call,-,-,-,-,19780.0,-,-,0,0,0,0,19730,19810,-,-
TXO,202609,20260916.0,26000.0,Put,-,-,-,-,0.1,-,-,0,0,0,104,-,10,1090,0.3
TXO,202609,20260916.0,26200.0,Call,-,-,-,-,19580.0,-,-,0,0,0,0,19530,19610,-,-
TXO,202609,20260916.0,26200.0,Put,-,-,-,-,0.1,-,-,1,0,1,24,-,0.7,1420,0.6
TXO,202609,20260916.0,26400.0,Call,-,-,-,-,19380.0,-,-,0,0,0,0,19330,19410,13900,5820
TXO,202609,20260916.0,26400.0,Put,-,-,-,-,0.1,-,-,0,0,0,15,-,565,1180,0.5
TXO,202609,20260916.0,26600.0,Call,-,-,-,-,19180.0,-,-,0,0,0,0,19130,19210,-,-
TXO,202609,20260916.0,26600.0,Put,-,-,-,-,0.1,-,-,0,0,0,24,-,101,1000,0.2
TXO,202609,20260916.0,26800.0,Call,-,-,-,-,18980.0,-,-,0,0,0,25,18890,19030,18950,5510
TXO,202609,20260916.0,26800.0,Put,-,-,-,-,0.1,-,-,0,0,0,31,-,565,1130,0.3
TXO,202609,20260916.0,27000.0,Call,-,-,-,-,18780.0,-,-,0,0,0,3,18670,18860,20110,6220
TXO,202609,20260916.0,27000.0,Put,-,-,-,-,0.1,-,-,1,0,1,16,-,565,1750,0.1
TXO,202609,20260916.0,27200.0,Call,-,-,-,-,18580.0,-,-,0,0,0,0,18530,18610,-,-
TXO,202609,20260916.0,27200.0,Put,-,-,-,-,0.1,-,-,2,0,2,6,-,565,750,0.2
TXO,202609,20260916.0,27400.0,Call,-,-,-,-,18380.0,-,-,0,0,0,2,18340,18680,5890,2380
TXO,202609,20260916.0,27400.0,Put,-,-,-,-,0.1,-,-,2,0,2,11,-,565,1270,0.2
TXO,202609,20260916.0,27600.0,Call,-,-,-,-,18180.0,-,-,0,0,0,2,18090,18480,10800,2020
TXO,202609,20260916.0,27600.0,Put,-,-,-,-,0.1,-,-,9,0,9,8,-,565,1120,0.2
TXO,202609,20260916.0,27800.0,Call,-,-,-,-,17980.0,-,-,0,0,0,7,17680,18120,19160,16360
TXO,202609,20260916.0,27800.0,Put,-,-,-,-,0.1,-,-,5,0,5,22,-,101,1460,0.3
TXO,202609,20260916.0,28000.0,Call,-,-,-,-,17780.0,-,-,0,0,0,1,17740,17830,7880,1910
TXO,202609,20260916.0,28000.0,Put,-,-,-,-,0.1,-,-,2,0,2,60,-,101,2180,0.3
TXO,202609,20260916.0,28200.0,Call,-,-,-,-,17580.0,-,-,0,0,0,2,17490,17880,5250,1730
TXO,202609,20260916.0,28200.0,Put,-,-,-,-,0.1,-,-,3,0,3,7,-,565,1180,0.3
TXO,202609,20260916.0,28400.0,Call,-,-,-,-,17380.0,-,-,0,0,0,21,17280,17680,15910,1630
TXO,202609,20260916.0,28400.0,Put,-,-,-,-,0.1,-,-,0,0,0,18,-,565,1550,4
TXO,202609,20260916.0,28600.0,Call,-,-,-,-,17180.0,-,-,0,0,0,0,17130,17210,-,-
TXO,202609,20260916.0,28600.0,Put,-,-,-,-,0.1,-,-,0,0,0,19,-,565,1250,4.1
TXO,202609,20260916.0,28800.0,Call,-,-,-,-,16980.0,-,-,0,0,0,0,16940,17010,5200,3230
TXO,202609,20260916.0,28800.0,Put,-,-,-,-,0.1,-,-,0,0,0,26,-,101,775,2.5
TXO,202609,20260916.0,29000.0,Call,-,-,-,-,16780.0,-,-,0,0,0,2,16690,16850,4570,4570
TXO,202609,20260916.0,29000.0,Put,-,-,-,-,0.1,-,-,0,0,0,48,-,30,1920,0.3
TXO,202609,20260916.0,29200.0,Call,-,-,-,-,16580.0,-,-,0,0,0,4,16490,16880,6310,1310
TXO,202609,20260916.0,29200.0,Put,-,-,-,-,0.1,-,-,4,0,4,19,-,565,1320,0.3
TXO,202609,20260916.0,29400.0,Call,-,-,-,-,16380.0,-,-,0,0,0,1,16350,16440,6990,1290
TXO,202609,20260916.0,29400.0,Put,-,-,-,-,0.1,-,-,0,0,0,53,-,565,2010,2
TXO,202609,20260916.0,29600.0,Call,-,-,-,-,16180.0,-,-,0,0,0,2,16080,16480,5690,1370
TXO,202609,20260916.0,29600.0,Put,-,-,-,-,0.1,-,-,0,0,0,27,-,565,1780,1.2
TXO,202609,20260916.0,29800.0,Call,-,-,-,-,15980.0,-,-,0,0,0,4,15890,16020,16280,1210
TXO,202609,20260916.0,29800.0,Put,-,-,-,-,0.1,-,-,0,0,0,23,-,101,2400,2.2
TXO,202609,20260916.0,30000.0,Call,-,-,-,-,15780.0,-,-,0,0,0,24,15750,15820,14350,1210
TXO,202609,20260916.0,30000.0,Put,-,-,-,-,0.1,-,-,0,0,0,794,-,5,2400,0.3
TXO,202609,20260916.0,30200.0,Call,-,-,-,-,15580.0,-,-,0,0,0,4,15550,15880,10020,1320
TXO,202609,20260916.0,30200.0,Put,-,-,-,-,0.1,-,-,0,0,0,10,-,0.6,2050,4.6
TXO,202609,20260916.0,30400.0,Call,-,-,-,-,15380.0,-,-,0,0,0,0,15340,15410,5390,1430
TXO,202609,20260916.0,30400.0,Put,-,-,-,-,0.1,-,-,0,0,0,37,-,0.6,2030,1
TXO,202609,20260916.0,30600.0,Call,-,-,-,-,15180.0,-,-,0,0,0,6,15060,15220,5520,1000
TXO,202609,20260916.0,30600.0,Put,-,-,-,-,0.1,-,-,0,0,0,8,-,0.6,2090,14
TXO,202609,20260916.0,30800.0,Call,-,-,-,-,14980.0,-,-,0,0,0,7,14860,15020,10110,940
TXO,202609,20260916.0,30800.0,Put,-,-,-,-,0.1,-,-,0,0,0,20,-,0.6,2200,7
TXO,202609,20260916.0,31000.0,Call,-,-,-,-,14780.0,-,-,0,0,0,1,14740,14810,15990,1300
TXO,202609,20260916.0,31000.0,Put,-,-,-,-,0.1,-,-,0,0,0,83,-,0.6,2410,0.5
TXO,202609,20260916.0,31200.0,Call,-,-,-,-,14580.0,-,-,0,0,0,0,14540,14610,5680,2350
TXO,202609,20260916.0,31200.0,Put,-,-,-,-,0.1,-,-,0,0,0,33,-,0.6,4320,1
TXO,202609,20260916.0,31400.0,Call,-,-,-,-,14380.0,-,-,0,0,0,1,14350,14430,14330,1430
TXO,202609,20260916.0,31400.0,Put,-,-,-,-,0.1,-,-,0,0,0,27,-,0.6,2750,0.6
TXO,202609,20260916.0,31600.0,Call,-,-,-,-,14180.0,-,-,0,0,0,0,14140,14210,3970,2920
TXO,202609,20260916.0,31600.0,Put,0.3,0.3,0.3,0.3,0.1,▼-0.1,▼-25.00%,0,1,1,51,-,0.6,2510,0.3
TXO,202609,20260916.0,31800.0,Call,-,-,-,-,13980.0,-,-,0,0,0,1,13950,14030,14100,1370
TXO,202609,20260916.0,31800.0,Put,-,-,-,-,0.1,-,-,0,0,0,43,-,0.6,2990,4.1
TXO,202609,20260916.0,32000.0,Call,-,-,-,-,13780.0,-,-,0,0,0,21,13680,13820,16670,1310
TXO,202609,20260916.0,32000.0,Put,-,-,-,-,0.1,-,-,0,0,0,99,-,0.6,2700,0.7
TXO,202609,20260916.0,32200.0,Call,-,-,-,-,13580.0,-,-,0,0,0,19,13550,13880,13750,1380
TXO,202609,20260916.0,32200.0,Put,-,-,-,-,0.1,-,-,0,0,0,20,-,0.6,2670,1.5
TXO,202609,20260916.0,32400.0,Call,-,-,-,-,13380.0,-,-,0,0,0,0,13340,13410,4680,1440
TXO,202609,20260916.0,32400.0,Put,-,-,-,-,0.1,-,-,0,0,0,19,-,0.6,2300,3.6
TXO,202609,20260916.0,32600.0,Call,-,-,-,-,13180.0,-,-,0,0,0,0,13140,13210,9580,1680
TXO,202609,20260916.0,32600.0,Put,-,-,-,-,0.1,-,-,0,0,0,37,-,0.6,2900,0.8
TXO,202609,20260916.0,32800.0,Call,-,-,-,-,12980.0,-,-,0,0,0,2,12720,13110,8380,1420
TXO,202609,20260916.0,32800.0,Put,-,-,-,-,0.1,-,-,0,0,0,30,-,0.6,3280,0.7
TXO,202609,20260916.0,33000.0,Call,-,-,-,-,12780.0,-,-,0,0,0,35,12490,12910,12330,399
TXO,202609,20260916.0,33000.0,Put,0.5,0.5,0.5,0.5,0.1,0,0%,6,1,7,112,-,0.6,3000,0.3
TXO,202609,20260916.0,33200.0,Call,-,-,-,-,12580.0,-,-,0,0,0,4,12320,12710,11640,344
TXO,202609,20260916.0,33200.0,Put,-,-,-,-,0.1,-,-,0,0,0,9,-,101,2730,1
TXO,202609,20260916.0,33400.0,Call,-,-,-,-,12380.0,-,-,0,0,0,2,12350,12680,12040,1470
TXO,202609,20260916.0,33400.0,Put,-,-,-,-,0.1,-,-,0,0,0,26,-,250,2780,3.6
TXO,202609,20260916.0,33600.0,Call,-,-,-,-,12180.0,-,-,0,0,0,1,12140,12200,13690,372
TXO,202609,20260916.0,33600.0,Put,0.4,0.4,0.3,0.3,0.1,▼-0.3,▼-50.00%,0,5,5,22,-,565,3860,0.3
TXO,202609,20260916.0,33800.0,Call,-,-,-,-,11980.0,-,-,0,0,0,1,11940,12000,7340,328
TXO,202609,20260916.0,33800.0,Put,-,-,-,-,0.1,-,-,0,0,0,61,-,565,3000,1
TXO,202609,20260916.0,33900.0,Call,-,-,-,-,11880.0,-,-,0,0,0,0,11840,11900,-,-
TXO,202609,20260916.0,33900.0,Put,-,-,-,-,0.1,-,-,0,0,0,4,-,565,30.5,1.7
TXO,202609,20260916.0,34000.0,Call,-,-,-,-,11780.0,-,-,0,0,0,115,11690,12080,12980,325
TXO,202609,20260916.0,34000.0,Put,0.3,0.3,0.3,0.3,0.1,▼-0.4,▼-57.14%,0,1,1,152,-,11,3990,0.3
TXO,202609,20260916.0,34100.0,Call,-,-,-,-,11680.0,-,-,0,0,0,0,11640,11710,-,-
TXO,202609,20260916.0,34100.0,Put,-,-,-,-,0.1,-,-,0,0,0,2,-,101,410,8.4
TXO,202609,20260916.0,34200.0,Call,-,-,-,-,11580.0,-,-,0,0,0,1,11540,11600,9340,299
TXO,202609,20260916.0,34200.0,Put,-,-,-,-,0.1,-,-,0,0,0,20,-,565,1130,2
TXO,202609,20260916.0,34300.0,Call,-,-,-,-,11480.0,-,-,0,0,0,0,11450,11500,-,-
TXO,202609,20260916.0,34300.0,Put,-,-,-,-,0.1,-,-,0,0,0,7,-,101,112,1
TXO,202609,20260916.0,34400.0,Call,-,-,-,-,11380.0,-,-,0,0,0,0,11350,11400,6600,305
TXO,202609,20260916.0,34400.0,Put,-,-,-,-,0.2,-,-,0,0,0,10,-,565,3660,1.3
TXO,202609,20260916.0,34500.0,Call,-,-,-,-,11280.0,-,-,0,0,0,0,11250,11300,-,-
TXO,202609,20260916.0,34500.0,Put,0.4,0.4,0.2,0.2,0.2,▼-0.6,▼-75.00%,0,7,7,12,-,565,199,0.2
TXO,202609,20260916.0,34600.0,Call,-,-,-,-,11180.0,-,-,0,0,0,3,10920,11200,11000,306
TXO,202609,20260916.0,34600.0,Put,-,-,-,-,0.2,-,-,0,0,0,7,-,101,4530,10
TXO,202609,20260916.0,34700.0,Call,-,-,-,-,11080.0,-,-,0,0,0,0,11050,11100,-,-
TXO,202609,20260916.0,34700.0,Put,-,-,-,-,0.2,-,-,0,0,0,1,-,-,31.5,1.3
TXO,202609,20260916.0,34800.0,Call,-,-,-,-,10980.0,-,-,0,0,0,3,10870,11280,3130,370
TXO,202609,20260916.0,34800.0,Put,-,-,-,-,0.2,-,-,0,0,0,24,-,101,3320,1.5
TXO,202609,20260916.0,34900.0,Call,-,-,-,-,10880.0,-,-,0,0,0,0,10850,10900,-,-
TXO,202609,20260916.0,34900.0,Put,-,-,-,-,0.2,-,-,0,0,0,4,-,101,50,1.8
TXO,202609,20260916.0,35000.0,Call,-,-,-,-,10780.0,-,-,0,0,0,6,10520,10880,14340,510
TXO,202609,20260916.0,35000.0,Put,0.6,0.6,0.6,0.6,0.2,▼-0.3,▼-33.33%,4,1,5,406,-,0.6,3320,0.4
TXO,202609,20260916.0,35100.0,Call,-,-,-,-,10680.0,-,-,0,0,0,0,10650,10700,-,-
TXO,202609,20260916.0,35100.0,Put,-,-,-,-,0.2,-,-,0,0,0,11,-,565,47,11.5
TXO,202609,20260916.0,35200.0,Call,-,-,-,-,10580.0,-,-,0,0,0,1,10550,10600,9760,850
TXO,202609,20260916.0,35200.0,Put,-,-,-,-,0.2,-,-,0,0,0,42,-,60,1150,2.8
TXO,202609,20260916.0,35300.0,Call,-,-,-,-,10480.0,-,-,0,0,0,0,10450,10500,-,-
TXO,202609,20260916.0,35300.0,Put,-,-,-,-,0.2,-,-,0,0,0,23,-,101,143,3
TXO,202609,20260916.0,35400.0,Call,-,-,-,-,10380.0,-,-,0,0,0,0,10350,10400,8330,373
TXO,202609,20260916.0,35400.0,Put,-,-,-,-,0.2,-,-,0,0,0,14,-,101,3430,3
TXO,202609,20260916.0,35500.0,Call,-,-,-,-,10280.0,-,-,0,0,0,0,10250,10300,-,-
TXO,202609,20260916.0,35500.0,Put,0.5,0.5,0.3,0.3,0.2,▼-0.7,▼-70.00%,4,3,7,50,-,0.6,499,0.3
TXO,202609,20260916.0,35600.0,Call,-,-,-,-,10180.0,-,-,0,0,0,0,10150,10200,7680,1220
TXO,202609,20260916.0,35600.0,Put,0.3,0.3,0.3,0.3,0.2,▼-0.8,▼-72.73%,0,4,4,9,-,101,4020,0.3
TXO,202609,20260916.0,35700.0,Call,-,-,-,-,10080.0,-,-,0,0,0,0,10050,10100,-,-
TXO,202609,20260916.0,35700.0,Put,0.7,0.7,0.7,0.7,0.2,▼-0.4,▼-36.36%,1,2,3,2,-,0.6,165,0.6
TXO,202609,20260916.0,35800.0,Call,-,-,-,-,9980.0,-,-,0,0,0,3,9700,10080,5820,450
TXO,202609,20260916.0,35800.0,Put,0.3,0.3,0.3,0.3,0.2,▼-0.8,▼-72.73%,0,1,1,21,-,0.6,2000,0.3
TXO,202609,20260916.0,35900.0,Call,-,-,-,-,9880.0,-,-,0,0,0,0,9850,9900,-,-
TXO,202609,20260916.0,35900.0,Put,0.7,0.7,0.7,0.7,0.2,▼-0.5,▼-41.67%,0,1,1,29,-,0.7,348,0.7
TXO,202609,20260916.0,36000.0,Call,-,-,-,-,9780.0,-,-,0,0,0,41,9520,9880,11770,595
TXO,202609,20260916.0,36000.0,Put,0.9,0.9,0.3,0.3,0.2,▼-0.9,▼-75.00%,68,24,92,842,-,0.6,4200,0.3
TXO,202609,20260916.0,36100.0,Call,-,-,-,-,9680.0,-,-,0,0,0,0,9650,9700,-,-
TXO,202609,20260916.0,36100.0,Put,0.2,0.2,0.2,0.2,0.2,▼-1,▼-83.33%,0,1,1,16,-,0.6,685,0.2
TXO,202609,20260916.0,36200.0,Call,-,-,-,-,9580.0,-,-,0,0,0,0,9550,9600,8750,282
TXO,202609,20260916.0,36200.0,Put,0.5,0.5,0.5,0.5,0.2,▼-0.8,▼-61.54%,0,51,51,63,-,0.6,1400,0.5
TXO,202609,20260916.0,36300.0,Call,-,-,-,-,9480.0,-,-,0,0,0,0,9450,9500,-,-
TXO,202609,20260916.0,36300.0,Put,0.5,0.5,0.5,0.5,0.2,▼-0.8,▼-61.54%,0,51,51,55,-,101,990,0.5
TXO,202609,20260916.0,36400.0,Call,-,-,-,-,9380.0,-,-,0,0,0,0,9350,9400,7540,499
TXO,202609,20260916.0,36400.0,Put,-,-,-,-,0.2,-,-,0,0,0,7,-,565,4830,2.9
TXO,202609,20260916.0,36500.0,Call,-,-,-,-,9280.0,-,-,0,0,0,0,9250,9300,-,-
TXO,202609,20260916.0,36500.0,Put,1,1,1,1,0.3,▼-0.5,▼-33.33%,3,1,4,60,-,0.9,880,0.9
TXO,202609,20260916.0,36600.0,Call,-,-,-,-,9180.0,-,-,0,0,0,0,9150,9200,7400,480
TXO,202609,20260916.0,36600.0,Put,0.6,0.6,0.6,0.6,0.3,▼-0.9,▼-60.00%,0,50,50,81,0.1,0.4,1860,0.6
TXO,202609,20260916.0,36700.0,Call,-,-,-,-,9080.0,-,-,0,0,0,0,9050,9100,-,-
TXO,202609,20260916.0,36700.0,Put,0.6,0.6,0.6,0.6,0.3,▼-1,▼-62.50%,0,50,50,64,0.1,0.4,488,0.6
TXO,202609,20260916.0,36800.0,Call,-,-,-,-,8980.0,-,-,0,0,0,19,8890,9280,2830,310
TXO,202609,20260916.0,36800.0,Put,1,1,0.4,0.4,0.3,▼-1.2,▼-75.00%,0,25,25,29,0.1,0.4,4910,0.4
TXO,202609,20260916.0,36900.0,Call,-,-,-,-,8880.0,-,-,0,0,0,0,8850,8900,-,-
TXO,202609,20260916.0,36900.0,Put,1,1,0.4,0.4,0.3,▼-1.3,▼-76.47%,0,131,131,136,0.1,0.4,1240,0.4
TXO,202609,20260916.0,37000.0,Call,-,-,-,-,8780.0,-,-,0,0,0,29,8520,8900,9270,540
TXO,202609,20260916.0,37000.0,Put,1.1,1.1,0.2,0.4,0.3,▼-1.3,▼-76.47%,2,374,376,512,0.2,0.4,2520,0.2
TXO,202609,20260916.0,37100.0,Call,-,-,-,-,8680.0,-,-,0,0,0,0,8650,8700,-,-
TXO,202609,20260916.0,37100.0,Put,0.7,0.7,0.7,0.7,0.3,▼-1.1,▼-61.11%,0,3,3,19,0.1,0.4,400,0.7
TXO,202609,20260916.0,37200.0,Call,-,-,-,-,8580.0,-,-,0,0,0,5,8480,8880,10420,375
TXO,202609,20260916.0,37200.0,Put,0.4,0.4,0.3,0.3,0.3,▼-1.5,▼-83.33%,189,11,200,76,0.1,0.4,2390,0.3
TXO,202609,20260916.0,37300.0,Call,-,-,-,-,8480.0,-,-,0,0,0,0,8450,8500,-,-
TXO,202609,20260916.0,37300.0,Put,-,-,-,-,0.4,-,-,2,0,2,19,0.2,0.5,720,1.7
TXO,202609,20260916.0,37400.0,Call,-,-,-,-,8380.0,-,-,0,0,0,1,8360,8410,1370,456
TXO,202609,20260916.0,37400.0,Put,1,1,0.3,0.3,0.4,▼-1.6,▼-84.21%,0,4,4,28,0.2,0.5,2530,0.3
TXO,202609,20260916.0,37500.0,Call,-,-,-,-,8280.0,-,-,0,0,0,0,8250,8300,-,-
TXO,202609,20260916.0,37500.0,Put,1,1,1,1,0.4,▼-1.1,▼-52.38%,2,1,3,39,0.2,0.5,1110,1
TXO,202609,20260916.0,37600.0,Call,-,-,-,-,8180.0,-,-,0,0,0,0,8150,8200,5920,430
TXO,202609,20260916.0,37600.0,Put,-,-,-,-,0.4,-,-,4,0,4,37,0.2,0.5,2660,1.7
TXO,202609,20260916.0,37700.0,Call,-,-,-,-,8080.0,-,-,0,0,0,0,8050,8100,-,-
TXO,202609,20260916.0,37700.0,Put,2,2,1,1,0.4,▼-1.2,▼-54.55%,0,5,5,25,0.2,0.5,1080,1
TXO,202609,20260916.0,37800.0,Call,-,-,-,-,7980.0,-,-,0,0,0,2,7880,8280,3680,390
TXO,202609,20260916.0,37800.0,Put,2.2,2.2,0.4,0.4,0.4,▼-1.8,▼-81.82%,0,7,7,42,0.3,0.6,1110,0.4
TXO,202609,20260916.0,37900.0,Call,-,-,-,-,7880.0,-,-,0,0,0,0,7850,7900,-,-
TXO,202609,20260916.0,37900.0,Put,-,-,-,-,0.5,-,-,6,0,6,50,0.3,0.6,580,2
TXO,202609,20260916.0,38000.0,Call,-,-,-,-,7780.0,-,-,0,0,0,17,7690,8080,9000,350
TXO,202609,20260916.0,38000.0,Put,1.8,2.5,0.3,0.5,0.5,▼-1.8,▼-78.26%,53,25,78,445,0.3,0.6,6640,0.3
TXO,202609,20260916.0,38100.0,Call,-,-,-,-,7680.0,-,-,0,0,0,0,7650,7700,-,-
TXO,202609,20260916.0,38100.0,Put,1,1,1,1,0.5,▼-1.5,▼-60.00%,1,4,5,14,0.3,0.6,1680,1
TXO,202609,20260916.0,38200.0,Call,-,-,-,-,7580.0,-,-,0,0,0,0,7550,7600,1030,370
TXO,202609,20260916.0,38200.0,Put,-,-,-,-,0.5,-,-,3,0,3,31,0.4,0.7,2770,1.9
TXO,202609,20260916.0,38300.0,Call,-,-,-,-,7480.0,-,-,0,0,0,0,7460,7500,-,-
TXO,202609,20260916.0,38300.0,Put,1,1,0.4,0.4,0.6,▼-2.2,▼-84.62%,1,19,20,20,0.5,0.7,1740,0.4
TXO,202609,20260916.0,38400.0,Call,-,-,-,-,7380.0,-,-,0,0,0,0,7360,7400,6200,340
TXO,202609,20260916.0,38400.0,Put,0.4,0.4,0.4,0.4,0.6,▼-2.3,▼-85.19%,0,4,4,19,0.5,0.7,2080,0.4
TXO,202609,20260916.0,38500.0,Call,-,-,-,-,7280.0,-,-,0,0,0,0,7260,7300,7900,6410
TXO,202609,20260916.0,38500.0,Put,1.5,1.8,0.5,0.5,0.6,▼-2.3,▼-82.14%,11,25,36,62,0.5,0.7,1500,0.5
TXO,202609,20260916.0,38600.0,Call,-,-,-,-,7180.0,-,-,0,0,0,0,7160,7200,7500,371
TXO,202609,20260916.0,38600.0,Put,1,1,1,1,0.7,▼-1.9,▼-65.52%,0,1,1,16,0.6,0.8,2850,1
TXO,202609,20260916.0,38700.0,Call,-,-,-,-,7080.0,-,-,0,0,0,0,7060,7100,-,-
TXO,202609,20260916.0,38700.0,Put,0.6,0.6,0.6,0.6,0.7,▼-2.4,▼-80.00%,0,1,1,12,0.5,0.8,950,0.6
TXO,202609,20260916.0,38800.0,Call,-,-,-,-,6980.0,-,-,1,0,1,19,6870,7280,10410,270
TXO,202609,20260916.0,38800.0,Put,-,-,-,-,0.7,-,-,0,0,0,13,0.5,0.9,2100,3.5
TXO,202609,20260916.0,38900.0,Call,-,-,-,-,6880.0,-,-,0,0,0,0,6860,6900,-,-
TXO,202609,20260916.0,38900.0,Put,1,1,0.5,0.5,0.8,▼-2.7,▼-84.38%,0,89,89,91,0.6,0.9,1990,0.5
TXO,202609,20260916.0,39000.0,Call,-,-,-,-,6780.0,-,-,0,0,0,50,6520,6910,8810,273
TXO,202609,20260916.0,39000.0,Put,2.2,2.5,0.5,0.9,0.9,▼-2.4,▼-72.73%,122,56,178,627,0.7,0.9,2820,0.5
TXO,202609,20260916.0,39100.0,Call,-,-,-,-,6680.0,-,-,0,0,0,1,6660,6710,3840,3840
TXO,202609,20260916.0,39100.0,Put,-,-,-,-,0.9,-,-,5,0,5,48,0.7,1,2100,2.9
TXO,202609,20260916.0,39200.0,Call,-,-,-,-,6580.0,-,-,0,0,0,1,6560,6610,6340,249
TXO,202609,20260916.0,39200.0,Put,1.7,1.7,1.1,1.3,0.9,▼-2.3,▼-63.89%,0,5,5,42,0.7,1,2750,1.1
TXO,202609,20260916.0,39300.0,Call,-,-,-,-,6480.0,-,-,0,0,0,1,6460,6510,7100,2740
TXO,202609,20260916.0,39300.0,Put,3.5,3.5,0.5,0.5,0.9,▼-3.3,▼-86.84%,0,14,14,50,0.8,1.1,1930,0.5
TXO,202609,20260916.0,39400.0,Call,-,-,-,-,6380.0,-,-,1,0,1,6,6290,6680,8270,223
TXO,202609,20260916.0,39400.0,Put,3,3,1,1,1.0,▼-2.8,▼-73.68%,0,4,4,46,0.8,1.1,2390,1
TXO,202609,20260916.0,39500.0,Call,-,-,-,-,6280.0,-,-,0,0,0,0,6260,6300,3220,3150
TXO,202609,20260916.0,39500.0,Put,3.6,5,0.6,0.6,1.1,▼-3.2,▼-84.21%,10,18,28,118,0.9,1.2,1320,0.6
TXO,202609,20260916.0,39600.0,Call,-,-,-,-,6180.0,-,-,0,0,0,2,6090,6480,5910,394
TXO,202609,20260916.0,39600.0,Put,-,-,-,-,1.1,-,-,11,0,11,103,0.9,1.2,2870,3.1
TXO,202609,20260916.0,39700.0,Call,-,-,-,-,6080.0,-,-,0,0,0,23,5820,6210,6150,2400
TXO,202609,20260916.0,39700.0,Put,-,-,-,-,1.2,-,-,9,0,9,76,1,1.3,1330,3.5
TXO,202609,20260916.0,39800.0,Call,-,-,-,-,5980.0,-,-,0,0,0,0,5960,6000,6170,417
TXO,202609,20260916.0,39800.0,Put,3.8,3.8,1.1,1.1,1.2,▼-3.3,▼-75.00%,24,20,44,131,1.1,1.4,2020,1.1
TXO,202609,20260916.0,39900.0,Call,-,-,-,-,5880.0,-,-,0,0,0,5,5620,6010,4450,2550
TXO,202609,20260916.0,39900.0,Put,3,3,0.8,0.8,1.3,▼-3.6,▼-81.82%,1,11,12,120,1.1,1.4,2270,0.8
TXO,202609,20260916.0,40000.0,Call,-,-,-,-,5780.0,-,-,0,0,0,67,5500,5920,8030,380
TXO,202609,20260916.0,40000.0,Put,9.9,9.9,0.7,1.2,1.4,▼-3.4,▼-73.91%,148,186,334,1856,1.2,1.5,3040,0.4
TXO,202609,20260916.0,40100.0,Call,-,-,-,-,5680.0,-,-,0,0,0,0,5660,5700,6430,2480
TXO,202609,20260916.0,40100.0,Put,3.3,3.3,2,2,1.5,▼-2.7,▼-57.45%,10,6,16,53,1.3,1.6,2350,0.2
TXO,202609,20260916.0,40200.0,Call,-,-,-,-,5580.0,-,-,0,0,0,4,5300,5710,7670,250
TXO,202609,20260916.0,40200.0,Put,-,-,-,-,1.5,-,-,15,0,15,31,1.4,1.7,2310,3
TXO,202609,20260916.0,40300.0,Call,-,-,-,-,5480.0,-,-,0,0,0,0,5460,5500,5090,2720
TXO,202609,20260916.0,40300.0,Put,1,1,1,1,1.6,▼-3.9,▼-79.59%,18,2,20,39,1.5,1.8,2430,1
TXO,202609,20260916.0,40400.0,Call,-,-,-,-,5380.0,-,-,0,0,0,8,5270,5680,4590,388
TXO,202609,20260916.0,40400.0,Put,4.3,4.3,2.4,2.4,1.7,▼-2.6,▼-52.00%,20,52,72,184,1.5,1.9,3260,2.4
TXO,202609,20260916.0,40500.0,Call,-,-,-,-,5280.0,-,-,0,0,0,1,5260,5300,6650,2260
TXO,202609,20260916.0,40500.0,Put,4.5,6,0.9,0.9,1.8,▼-4.4,▼-83.02%,34,54,88,127,1.6,2,2460,0.9
TXO,202609,20260916.0,40600.0,Call,-,-,-,-,5180.0,-,-,0,0,0,3,4900,5310,6500,345
TXO,202609,20260916.0,40600.0,Put,5,5,1.1,1.1,1.9,▼-4.5,▼-80.36%,7,22,29,57,1.7,2.1,4360,1.1
TXO,202609,20260916.0,40700.0,Call,-,-,-,-,5080.0,-,-,0,0,0,18,4830,5220,5710,2330
TXO,202609,20260916.0,40700.0,Put,4.2,4.3,1.2,1.5,2.0,▼-4.2,▼-73.68%,4,23,27,366,1.8,2.2,2520,1.2
TXO,202609,20260916.0,40800.0,Call,-,-,-,-,4980.0,-,-,0,0,0,7,4870,5030,6870,530
TXO,202609,20260916.0,40800.0,Put,3.9,4,2.5,2.5,2.2,▼-3.3,▼-56.90%,22,9,31,128,2,2.3,4480,2.5
TXO,202609,20260916.0,40900.0,Call,-,-,-,-,4880.0,-,-,0,0,0,0,4860,4900,4500,3090
TXO,202609,20260916.0,40900.0,Put,4.6,4.6,3.5,3.5,2.3,▼-2.5,▼-41.67%,16,5,21,69,2.1,2.5,2000,3.1
TXO,202609,20260916.0,41000.0,Call,4920,4920,4920,4920,4780.0,▼-300,▼-5.75%,0,1,1,9,4500,4910,7580,320
TXO,202609,20260916.0,41000.0,Put,3.6,8,1.3,2.6,2.6,▼-3.5,▼-57.38%,76,49,125,572,2.2,2.6,4640,1.3
TXO,202609,20260916.0,41100.0,Call,-,-,-,-,4680.0,-,-,0,0,0,5,4590,4980,5260,2720
TXO,202609,20260916.0,41100.0,Put,3.5,6,3.5,3.9,2.7,▼-2.6,▼-40.00%,17,10,27,62,2.4,2.8,3010,3.5
TXO,202609,20260916.0,41200.0,Call,-,-,-,-,4580.0,-,-,0,0,0,5,4470,4880,4320,2240
TXO,202609,20260916.0,41200.0,Put,7,7,1.8,2.4,2.9,▼-4.6,▼-65.71%,22,28,50,534,2.6,3,7750,1.8
TXO,202609,20260916.0,41300.0,Call,-,-,-,-,4480.0,-,-,0,0,0,20,4200,4610,4200,1820
TXO,202609,20260916.0,41300.0,Put,4.5,8.7,2.8,2.8,3.0,▼-4.5,▼-61.64%,25,10,35,106,2.7,3.1,2980,1.2
TXO,202609,20260916.0,41400.0,Call,-,-,-,-,4380.0,-,-,0,0,0,2,4290,4680,5680,1820
TXO,202609,20260916.0,41400.0,Put,6.3,6.3,2,2.6,3.3,▼-4.9,▼-65.33%,30,30,60,54,2.9,3.3,3480,2
TXO,202609,20260916.0,41500.0,Call,-,-,-,-,4280.0,-,-,0,0,0,3,4180,4580,4910,1750
TXO,202609,20260916.0,41500.0,Put,6.9,9,2.2,3.2,3.4,▼-4.5,▼-58.44%,40,60,100,215,3.1,3.5,1680,2.2
TXO,202609,20260916.0,41600.0,Call,-,-,-,-,4190.0,-,-,0,0,0,5,4100,4480,4470,2070
TXO,202609,20260916.0,41600.0,Put,8.3,9.3,2.9,2.9,3.6,▼-5.1,▼-63.75%,38,35,73,145,3.3,3.7,3420,2.9
TXO,202609,20260916.0,41700.0,Call,-,-,-,-,4090.0,-,-,0,0,0,2,4000,4380,5020,4120
TXO,202609,20260916.0,41700.0,Put,5.2,6,2.5,2.5,3.7,▼-5.9,▼-70.24%,38,39,77,193,3.5,3.9,3110,1.2
TXO,202609,20260916.0,41800.0,Call,-,-,-,-,3990.0,-,-,0,0,0,2,3900,4280,4910,264
TXO,202609,20260916.0,41800.0,Put,8.7,11,2.5,3.9,3.9,▼-4.8,▼-55.17%,54,158,212,132,3.8,4.4,6470,2.5
TXO,202609,20260916.0,41900.0,Call,-,-,-,-,3890.0,-,-,0,0,0,2,3800,3900,4500,1660
TXO,202609,20260916.0,41900.0,Put,9.1,12.5,2.6,4,4.5,▼-5.1,▼-56.04%,50,191,241,149,4,4.5,3180,1.4
TXO,202609,20260916.0,42000.0,Call,-,-,-,-,3790.0,-,-,0,0,0,605,3700,3800,6680,161
TXO,202609,20260916.0,42000.0,Put,6.6,14,2.6,4.8,4.8,▼-5.2,▼-52.00%,321,450,771,1780,4.3,4.8,7310,2.2
TXO,202609,20260916.0,42100.0,Call,-,-,-,-,3690.0,-,-,0,0,0,1,3670,3700,4100,3740
TXO,202609,20260916.0,42100.0,Put,13,14.5,3.8,5.2,5.2,▼-4.8,▼-48.00%,38,95,133,303,4.7,5.3,2830,3
TXO,202609,20260916.0,42200.0,Call,-,-,-,-,3590.0,-,-,0,0,0,3,3500,3890,4590,269
TXO,202609,20260916.0,42200.0,Put,49.5,49.5,3.6,3.6,5.4,▼-6.4,▼-64.00%,10,119,129,130,5.1,5.4,3410,3.6
TXO,202609,20260916.0,42300.0,Call,-,-,-,-,3490.0,-,-,0,0,0,100,3390,3500,4190,2620
TXO,202609,20260916.0,42300.0,Put,13.5,16.5,3.7,6.1,6.1,▼-5.4,▼-46.96%,31,51,82,154,5.5,6.1,2460,3.7
TXO,202609,20260916.0,42400.0,Call,-,-,-,-,3390.0,-,-,0,0,0,1,3370,3400,4400,1180
TXO,202609,20260916.0,42400.0,Put,13,18,4,6.6,6.6,▼-5.4,▼-45.00%,63,106,169,154,5.9,6.5,3470,4
TXO,202609,20260916.0,42500.0,Call,-,-,-,-,3290.0,-,-,1,0,1,501,3200,3590,4130,1520
TXO,202609,20260916.0,42500.0,Put,10,18.5,4.3,7,7.0,▼-6,▼-46.15%,241,338,579,909,6.4,7,2580,3.6
TXO,202609,20260916.0,42600.0,Call,-,-,-,-,3190.0,-,-,0,0,0,6,2930,3320,6330,101
TXO,202609,20260916.0,42600.0,Put,9.9,21,4.7,7.4,7.4,▼-6.1,▼-45.19%,59,290,349,296,6.8,7.3,8970,3.8
TXO,202609,20260916.0,42700.0,Call,-,-,-,-,3090.0,-,-,0,0,0,0,3070,3100,2900,2240
TXO,202609,20260916.0,42700.0,Put,11,23.5,4.3,8.1,8.1,▼-6.4,▼-44.14%,38,214,252,134,7.5,8.2,2400,3.7
TXO,202609,20260916.0,42800.0,Call,-,-,-,-,2990.0,-,-,0,0,0,402,2910,3290,7760,800
TXO,202609,20260916.0,42800.0,Put,7,24,5.4,8.8,8.8,▼-7.7,▼-46.67%,58,495,553,636,8,8.7,4270,5.2
TXO,202609,20260916.0,42900.0,Call,-,-,-,-,2890.0,-,-,0,0,0,2,2800,3010,3810,2360
TXO,202609,20260916.0,42900.0,Put,10,26,5.2,7.6,9.6,▼-9.4,▼-55.29%,63,641,704,514,8.9,9.6,2980,4
TXO,202609,20260916.0,43000.0,Call,-,-,-,-,2790.0,-,-,0,0,0,19,2700,3090,7050,580
TXO,202609,20260916.0,43000.0,Put,15,31.5,6.3,10,10.0,▼-8,▼-44.44%,823,1637,2460,3088,8.6,10,4540,5.2
TXO,202609,20260916.0,43100.0,Call,-,-,-,-,2690.0,-,-,0,0,0,3,2400,2800,3920,2450
TXO,202609,20260916.0,43100.0,Put,14,30.5,7.4,11,11.0,▼-7.5,▼-40.54%,112,199,311,360,10.5,11,2000,4.1
TXO,202609,20260916.0,43200.0,Call,-,-,-,-,2590.0,-,-,0,0,0,3,2510,2900,5810,790
TXO,202609,20260916.0,43200.0,Put,19.5,39.5,7.8,12,12.0,▼-8,▼-40.00%,188,288,476,307,11.5,12.5,3670,7.1
TXO,202609,20260916.0,43300.0,Call,-,-,-,-,2500.0,-,-,0,0,0,9,2400,2790,5360,1280
TXO,202609,20260916.0,43300.0,Put,18,45,9.1,13,13.0,▼-10,▼-43.48%,213,430,643,450,12.5,13.5,1830,6.4
TXO,202609,20260916.0,43400.0,Call,-,-,-,-,2400.0,-,-,0,0,0,52,2310,2410,4900,750
TXO,202609,20260916.0,43400.0,Put,25.5,47.5,9,15.5,15.5,▼-10,▼-39.22%,231,601,832,651,14,15,3460,8
TXO,202609,20260916.0,43500.0,Call,1910,1910,1910,1910,2300.0,▼-830,▼-30.29%,0,1,1,265,2200,2600,3900,1220
TXO,202609,20260916.0,43500.0,Put,17,57,10.5,16.5,16.5,▼-11,▼-40.00%,297,1342,1639,1554,15.5,16.5,3220,9
TXO,202609,20260916.0,43600.0,Call,2120,2300,2120,2300,2200.0,▼-340,▼-12.88%,0,2,2,24,2080,2210,6660,545
TXO,202609,20260916.0,43600.0,Put,27,62,11,17.5,17.5,▼-12,▼-40.68%,127,921,1048,485,17.5,18.5,4720,10
TXO,202609,20260916.0,43700.0,Call,-,-,-,-,2100.0,-,-,0,0,0,6,2010,2400,3150,985
TXO,202609,20260916.0,43700.0,Put,33,66,13,20,20.0,▼-11.5,▼-36.51%,177,795,972,312,19.5,20.5,2400,8.8
TXO,202609,20260916.0,43800.0,Call,2150,2150,2150,2150,2000.0,▼-300,▼-12.24%,0,1,1,5,1800,2300,5000,1000
TXO,202609,20260916.0,43800.0,Put,36,76,15,23,23.0,▼-12.5,▼-35.21%,310,1003,1313,580,22,23,3250,2.5
TXO,202609,20260916.0,43900.0,Call,2050,2050,2050,2050,1910.0,▼-300,▼-12.77%,0,1,1,23,1770,2210,3000,1150
TXO,202609,20260916.0,43900.0,Put,43,85,17.5,25,25.0,▼-15,▼-37.50%,292,746,1038,710,24.5,26,2230,10
TXO,202609,20260916.0,44000.0,Call,1500,1960,1430,1870,1810.0,▼-380,▼-16.89%,0,19,19,41,1790,1820,6080,331
TXO,202609,20260916.0,44000.0,Put,30,101,19,29,29.0,▼-14,▼-32.56%,1246,4149,5395,2909,28.5,29,4150,11
TXO,202609,20260916.0,44100.0,Call,1650,1650,1650,1650,1710.0,▼-510,▼-23.61%,0,1,1,6,1620,1810,3020,975
TXO,202609,20260916.0,44100.0,Put,53,109,21,32.5,32.5,▼-15,▼-31.58%,397,887,1284,234,31.5,32.5,3780,11.5
TXO,202609,20260916.0,44200.0,Call,1270,1300,1270,1300,1620.0,▼-760,▼-36.89%,1,2,3,12,1590,1740,4830,930
TXO,202609,20260916.0,44200.0,Put,52,117,24.5,37,37.0,▼-18,▼-32.73%,547,1314,1861,543,35.5,37,5100,12.5
TXO,202609,20260916.0,44300.0,Call,1180,1640,1160,1640,1520.0,▼-330,▼-16.75%,28,4,32,33,1510,1530,2850,910
TXO,202609,20260916.0,44300.0,Put,77,137,26.5,41.5,41.5,▼-19.5,▼-31.97%,574,1524,2098,531,40.5,42,3720,15.5
TXO,202609,20260916.0,44400.0,Call,1150,1200,1070,1070,1430.0,▼-810,▼-43.09%,0,3,3,16,1410,1730,4130,860
TXO,202609,20260916.0,44400.0,Put,80,156,32,46.5,46.5,▼-21.5,▼-31.62%,476,1688,2164,424,46.5,47,3980,19
TXO,202609,20260916.0,44500.0,Call,1000,1460,1000,1330,1330.0,▼-450,▼-25.28%,1,488,489,820,1320,1350,5080,945
TXO,202609,20260916.0,44500.0,Put,73,174,37,54,54.0,▼-19,▼-26.03%,968,3526,4494,994,52,55,3300,19
TXO,202609,20260916.0,44550.0,Call,1060,1060,1040,1040,1290.0,▼-700,▼-40.23%,0,2,2,0,1270,1300,1060,1040
TXO,202609,20260916.0,44550.0,Put,82,184,40,57,57.0,▼-23,▼-28.75%,138,637,775,102,55,59,199,20
TXO,202609,20260916.0,44600.0,Call,1250,1250,935,1080,1240.0,▼-610,▼-36.09%,1,51,52,137,1230,1250,4550,337
TXO,202609,20260916.0,44600.0,Put,82,197,40,60,60.0,▼-22,▼-26.83%,747,1867,2614,452,59,63,5580,22.5
TXO,202609,20260916.0,44650.0,Call,1000,1000,1000,1000,1200.0,▼-650,▼-39.39%,0,1,1,1,1180,1210,1000,1000
TXO,202609,20260916.0,44650.0,Put,94,197,27.5,65,65.0,▼-23,▼-26.14%,232,722,954,204,64,67,197,24
TXO,202609,20260916.0,44700.0,Call,970,1200,840,1170,1150.0,▼-430,▼-26.88%,0,11,11,806,1140,1160,2790,835
TXO,202609,20260916.0,44700.0,Put,100,220,47.5,72,72.0,▼-19,▼-20.88%,625,2006,2631,720,68,72,3520,25
TXO,202609,20260916.0,44750.0,Call,950,1040,895,1040,1100.0,▼-520,▼-33.33%,0,8,8,1,1090,1120,1040,895
TXO,202609,20260916.0,44750.0,Put,115,236,51,78,78.0,▼-22,▼-22.00%,369,999,1368,243,73,77,236,27
TXO,202609,20260916.0,44800.0,Call,845,1230,750,1050,1050.0,▼-460,▼-30.46%,7,354,361,400,1050,1070,4950,600
TXO,202609,20260916.0,44800.0,Put,103,252,56,80,80.0,▼-23,▼-22.33%,892,2870,3762,722,80,83,3700,29.5
TXO,202609,20260916.0,44850.0,Call,850,1020,725,1020,1020.0,▼-450,▼-30.61%,0,6,6,0,1000,1030,1020,725
TXO,202609,20260916.0,44850.0,Put,142,263,61,86,86.0,▼-21,▼-19.63%,679,973,1652,494,85,89,312,29.5
TXO,202609,20260916.0,44900.0,Call,790,1120,680,975,975.0,▼-455,▼-31.82%,1,25,26,29,965,980,2700,680
TXO,202609,20260916.0,44900.0,Put,103,276,64,96,96.0,▼-25,▼-20.66%,522,1963,2485,457,92,95,3650,28.5
TXO,202609,20260916.0,44950.0,Call,755,945,640,945,945.0,▼-435,▼-31.52%,0,33,33,22,920,940,1300,640
TXO,202609,20260916.0,44950.0,Put,199,284,70,101,101.0,▼-22,▼-17.89%,414,1236,1650,335,100,101,411,30
TXO,202609,20260916.0,45000.0,Call,660,1040,600,910,910.0,▼-430,▼-32.09%,21,229,250,738,880,895,5750,550
TXO,202609,20260916.0,45000.0,Put,130,318,73,108,108.0,▼-22,▼-16.92%,3698,7475,11173,2453,107,110,5600,35.5
TXO,202609,20260916.0,45050.0,Call,685,855,580,855,860.0,▼-445,▼-34.23%,0,14,14,1,840,850,855,580
TXO,202609,20260916.0,45050.0,Put,135,324,82,116,116.0,▼-19,▼-14.07%,267,1179,1446,132,115,119,492,38
TXO,202609,20260916.0,45100.0,Call,630,800,540,800,810.0,▼-460,▼-36.51%,2,31,33,44,795,810,2450,540
TXO,202609,20260916.0,45100.0,Put,148,350,89,129,129.0,▼-19,▼-12.84%,684,2022,2706,493,124,128,3780,35.5
TXO,202609,20260916.0,45150.0,Call,620,930,494,930,765.0,▼-290,▼-23.77%,2,147,149,19,760,770,1310,494
TXO,202609,20260916.0,45150.0,Put,159,366,94,129,129.0,▼-27,▼-17.31%,306,1071,1377,103,134,136,366,46
TXO,202609,20260916.0,45200.0,Call,530,890,465,780,725.0,▼-390,▼-33.33%,9,259,268,657,720,730,6110,465
TXO,202609,20260916.0,45200.0,Put,164,391,100,146,146.0,▼-18,▼-10.98%,1227,2886,4113,572,144,148,3850,48
TXO,202609,20260916.0,45250.0,Call,540,795,450,690,690.0,▼-440,▼-38.94%,2,149,151,30,680,690,1460,450
TXO,202609,20260916.0,45250.0,Put,187,414,111,158,158.0,▼-18,▼-10.23%,461,1247,1708,243,156,159,565,55
TXO,202609,20260916.0,45300.0,Call,540,800,420,645,645.0,▼-445,▼-40.83%,100,371,471,122,640,655,2420,420
TXO,202609,20260916.0,45300.0,Put,188,431,119,168,168.0,▼-17,▼-9.19%,1321,3345,4666,765,168,171,1810,56
TXO,202609,20260916.0,45350.0,Call,515,750,391,605,605.0,▼-445,▼-42.38%,3,309,312,32,605,615,1210,391
TXO,202609,20260916.0,45350.0,Put,309,453,123,183,183.0,▼-15,▼-7.58%,499,1461,1960,208,181,185,453,61
TXO,202609,20260916.0,45400.0,Call,480,750,359,585,585.0,▼-435,▼-42.65%,9,610,619,136,570,580,3530,359
TXO,202609,20260916.0,45400.0,Put,199,496,136,196,196.0,▼-9,▼-4.39%,1058,3081,4139,630,195,197,3980,68
TXO,202609,20260916.0,45450.0,Call,431,680,335,540,540.0,▼-440,▼-44.90%,3,274,277,26,535,545,1550,335
TXO,202609,20260916.0,45450.0,Put,222,500,147,208,208.0,▼-9,▼-4.15%,279,1805,2084,232,210,214,550,71
TXO,202609,20260916.0,45500.0,Call,491,655,310,505,505.0,▼-435,▼-46.28%,8,1712,1720,218,500,510,2480,310
TXO,202609,20260916.0,45500.0,Put,227,535,160,227,227.0,▼-6,▼-2.58%,2509,4641,7150,1281,226,227,3750,76
TXO,202609,20260916.0,45550.0,Call,343,610,288,482,482.0,▼-423,▼-46.74%,4,538,542,46,470,477,1250,288
TXO,202609,20260916.0,45550.0,Put,250,535,170,243,243.0,▼-7,▼-2.80%,652,1419,2071,187,243,248,750,87
TXO,202609,20260916.0,45600.0,Call,344,595,268,440,440.0,▼-430,▼-49.43%,102,1657,1759,522,439,445,5400,268
TXO,202609,20260916.0,45600.0,Put,259,570,184,260,260.0,▲+1,▲+0.39%,1602,2412,4014,424,262,266,3320,88
TXO,202609,20260916.0,45650.0,Call,319,560,248,409,409.0,▼-421,▼-50.72%,2,575,577,55,409,415,1190,248
TXO,202609,20260916.0,45650.0,Put,275,620,200,285,285.0,▲+10,▲+3.64%,786,1186,1972,195,282,286,620,99
TXO,202609,20260916.0,45700.0,Call,488,525,227,381,381.0,▼-414,▼-52.08%,11,3368,3379,1620,380,385,4250,227
TXO,202609,20260916.0,45700.0,Put,300,620,216,302,302.0,0,0%,1453,2523,3976,627,302,305,3000,102
TXO,202609,20260916.0,45750.0,Call,311,480,210,354,354.0,▼-411,▼-53.73%,0,951,951,206,352,357,1490,210
TXO,202609,20260916.0,45750.0,Put,500,675,232,328,328.0,▲+17,▲+5.47%,593,1056,1649,126,323,329,675,114
TXO,202609,20260916.0,45800.0,Call,400,462,191,330,330.0,▼-400,▼-54.79%,107,2590,2697,724,326,331,3830,191
TXO,202609,20260916.0,45800.0,Put,366,715,248,348,348.0,▲+27,▲+8.41%,1609,2494,4103,454,347,352,4150,120
TXO,202609,20260916.0,45850.0,Call,255,423,178,308,308.0,▼-387,▼-55.68%,141,2439,2580,278,300,305,810,178
TXO,202609,20260916.0,45850.0,Put,500,760,268,372,372.0,▲+37,▲+11.04%,829,1001,1830,244,371,377,825,129
TXO,202609,20260916.0,45900.0,Call,400,400,164,279,279.0,▼-386,▼-58.05%,151,2179,2330,292,277,281,2030,164
TXO,202609,20260916.0,45900.0,Put,356,780,288,400,400.0,▲+44,▲+12.36%,1284,1878,3162,557,398,403,3530,136
TXO,202609,20260916.0,45950.0,Call,207,372,149,259,259.0,▼-376,▼-59.21%,23,1859,1882,92,254,258,1760,149
TXO,202609,20260916.0,45950.0,Put,600,795,314,430,430.0,▲+55,▲+14.67%,686,589,1275,96,425,431,795,150
TXO,202609,20260916.0,46000.0,Call,410,410,135,237,237.0,▼-363,▼-60.50%,763,7515,8278,1216,234,237,5040,135
TXO,202609,20260916.0,46000.0,Put,393,850,330,456,456.0,▲+61,▲+15.44%,4128,3140,7268,1151,454,458,5600,159
TXO,202609,20260916.0,46050.0,Call,180,318,123,215,215.0,▼-360,▼-62.61%,69,1020,1089,131,212,216,1430,123
TXO,202609,20260916.0,46050.0,Put,453,885,358,485,485.0,▲+55,▲+12.79%,750,413,1163,191,483,489,885,172
TXO,202609,20260916.0,46100.0,Call,151,293,113,193,193.0,▼-337,▼-63.58%,233,1785,2018,768,194,198,3120,113
TXO,202609,20260916.0,46100.0,Put,500,920,381,520,520.0,▲+86,▲+19.82%,1261,693,1954,315,510,520,3760,183
TXO,202609,20260916.0,46150.0,Call,134,270,102,180,180.0,▼-340,▼-65.38%,200,1283,1483,153,177,181,910,102
TXO,202609,20260916.0,46150.0,Put,720,950,407,540,540.0,▲+82,▲+17.90%,569,201,770,80,545,555,980,200
TXO,202609,20260916.0,46200.0,Call,208,248,92,162,162.0,▼-326,▼-66.80%,797,3706,4503,1128,161,164,5360,92
TXO,202609,20260916.0,46200.0,Put,500,1000,438,585,585.0,▲+109,▲+22.90%,2181,548,2729,256,580,590,6310,199
TXO,202609,20260916.0,46250.0,Call,200,228,84,146,146.0,▼-316,▼-68.40%,336,984,1320,157,146,149,1260,84
TXO,202609,20260916.0,46250.0,Put,560,1020,471,625,625.0,▲+126,▲+25.25%,415,173,588,86,615,625,1020,210
TXO,202609,20260916.0,46300.0,Call,199,208,75,135,135.0,▼-298,▼-68.82%,1002,3196,4198,823,132,135,1810,75
TXO,202609,20260916.0,46300.0,Put,540,1080,495,640,640.0,▲+100,▲+18.52%,1304,428,1732,190,650,660,2520,217
TXO,202609,20260916.0,46350.0,Call,106,190,67,118,118.0,▼-282,▼-70.50%,499,992,1491,345,120,123,1340,67
TXO,202609,20260916.0,46350.0,Put,755,1100,535,680,680.0,▲+115,▲+20.35%,558,121,679,74,685,700,1100,245
TXO,202609,20260916.0,46400.0,Call,195,195,61,110,110.0,▼-271,▼-71.13%,1314,2613,3927,784,108,111,4700,61
TXO,202609,20260916.0,46400.0,Put,700,1120,560,730,730.0,▲+150,▲+25.86%,797,678,1475,437,725,740,4360,245
TXO,202609,20260916.0,46450.0,Call,185,185,54,96,96.0,▼-265,▼-73.41%,372,860,1232,145,99,100,1290,54
TXO,202609,20260916.0,46450.0,Put,950,1200,630,760,760.0,▲+150,▲+24.59%,345,69,414,62,765,775,1200,263
TXO,202609,20260916.0,46500.0,Call,122,150,48.5,90,90.0,▼-240,▼-72.73%,2402,4657,7059,2078,90,91,3900,48.5
TXO,202609,20260916.0,46500.0,Put,865,1230,630,810,810.0,▲+170,▲+26.56%,1601,677,2278,670,805,820,6610,240
TXO,202609,20260916.0,46550.0,Call,60,127,43.5,80,80.0,▼-231,▼-74.28%,510,1156,1666,223,79,82,1210,43.5
TXO,202609,20260916.0,46550.0,Put,1000,1270,760,820,845.0,▲+150,▲+22.39%,366,30,396,65,845,860,1270,278
TXO,202609,20260916.0,46600.0,Call,55,116,40,71,71.0,▼-214,▼-75.09%,1565,3154,4719,1195,71,73,3760,40
TXO,202609,20260916.0,46600.0,Put,965,1270,710,875,890.0,▲+175,▲+25.00%,356,75,431,157,885,900,6230,280
TXO,202609,20260916.0,46650.0,Call,140,140,34.5,66,66.0,▼-217,▼-76.68%,811,1020,1831,225,64,66,970,34.5
TXO,202609,20260916.0,46650.0,Put,1200,1290,850,850,930.0,▲+130,▲+18.06%,325,46,371,85,930,945,1290,368
TXO,202609,20260916.0,46700.0,Call,150,150,31.5,58,58.0,▼-202,▼-77.69%,1481,2679,4160,1220,59,60,5130,31.5
TXO,202609,20260916.0,46700.0,Put,755,1400,755,970,970.0,▲+215,▲+28.48%,389,134,523,149,975,990,2350,304
TXO,202609,20260916.0,46750.0,Call,60,82,29.5,53,53.0,▼-187,▼-77.92%,484,784,1268,323,52,53,1000,29.5
TXO,202609,20260916.0,46750.0,Put,1230,1450,890,890,1020.0,▲+105,▲+13.38%,148,7,155,30,1010,1040,1450,320
TXO,202609,20260916.0,46800.0,Call,96,97,25.5,46.5,46.5,▼-180.5,▼-79.52%,1877,3600,5477,1742,46.5,48,3180,25.5
TXO,202609,20260916.0,46800.0,Put,1020,1460,865,1060,1060.0,▲+240,▲+29.27%,530,75,605,263,1060,1080,7400,335
TXO,202609,20260916.0,46850.0,Call,80,80,23.5,42,42.0,▼-168,▼-80.00%,554,784,1338,263,41.5,43,1030,23.5
TXO,202609,20260916.0,46850.0,Put,1300,1450,935,1090,1110.0,▲+240,▲+28.24%,25,9,34,19,1100,1130,1450,367
TXO,202609,20260916.0,46900.0,Call,66,66,21,38.5,38.5,▼-159.5,▼-80.56%,1269,1278,2547,766,37,38.5,3630,21
TXO,202609,20260916.0,46900.0,Put,1440,1560,960,1120,1150.0,▲+230,▲+25.84%,57,44,101,127,1150,1170,3700,353
TXO,202609,20260916.0,46950.0,Call,77,77,14.5,35,35.0,▼-151,▼-81.18%,819,657,1476,176,33.5,35,940,14.5
TXO,202609,20260916.0,46950.0,Put,1140,1140,1140,1140,1200.0,▲+215,▲+23.24%,24,1,25,30,1190,1230,1140,413
TXO,202609,20260916.0,47000.0,Call,76,76,17,29.5,29.5,▼-142.5,▼-82.85%,4673,3693,8366,2028,30,31.5,5010,17
TXO,202609,20260916.0,47000.0,Put,1000,1690,1000,1240,1240.0,▲+280,▲+29.17%,357,159,516,553,1240,1270,6680,383
TXO,202609,20260916.0,47050.0,Call,51,51,16,28.5,28.5,▼-118.5,▼-80.61%,663,442,1105,188,27,28,850,16
TXO,202609,20260916.0,47050.0,Put,1500,1500,1500,1500,1290.0,▲+505,▲+50.75%,16,1,17,15,1280,1400,1500,410
TXO,202609,20260916.0,47100.0,Call,45,45,12.5,25.5,25.5,▼-115.5,▼-81.91%,1454,835,2289,591,25,25.5,3480,12.5
TXO,202609,20260916.0,47100.0,Put,1460,1800,1200,1200,1340.0,▲+160,▲+15.38%,29,9,38,47,1330,1360,2860,377
TXO,202609,20260916.0,47150.0,Call,51,51,12,22,22.0,▼-106,▼-82.81%,532,362,894,140,22,23,850,12
TXO,202609,20260916.0,47150.0,Put,-,-,-,-,1390.0,-,-,3,0,3,31,1270,1490,1310,451
TXO,202609,20260916.0,47200.0,Call,35,35,11.5,20,20.0,▼-103,▼-83.74%,1669,1209,2878,797,20,21,3600,11.5
TXO,202609,20260916.0,47200.0,Put,1480,1480,1320,1330,1440.0,▲+220,▲+19.82%,38,7,45,66,1430,1760,6660,460
TXO,202609,20260916.0,47250.0,Call,51,51,10,18,18.0,▼-87,▼-82.86%,439,381,820,218,18,19,790,10
TXO,202609,20260916.0,47250.0,Put,1300,1300,1300,1300,1490.0,▲+150,▲+13.04%,11,1,12,27,1260,1670,1300,535
TXO,202609,20260916.0,47300.0,Call,16,22.5,9.2,16.5,16.5,▼-85.5,▼-83.82%,1461,1268,2729,830,16,17,3600,9.2
TXO,202609,20260916.0,47300.0,Put,1850,2000,1790,1850,1530.0,▲+660,▲+55.46%,26,10,36,51,1520,1550,2830,500
TXO,202609,20260916.0,47350.0,Call,49.5,49.5,8.8,15,15.0,▼-81,▼-84.38%,572,274,846,165,14.5,15.5,745,8.8
TXO,202609,20260916.0,47350.0,Put,-,-,-,-,1580.0,-,-,5,0,5,7,1460,1870,1120,520
TXO,202609,20260916.0,47400.0,Call,25,25.5,5.1,14,14.0,▼-72,▼-83.72%,1460,916,2376,706,13.5,14.5,4760,5.1
TXO,202609,20260916.0,47400.0,Put,1740,1740,1560,1560,1630.0,▲+280,▲+21.88%,12,2,14,26,1340,1720,6660,560
TXO,202609,20260916.0,47450.0,Call,9.4,16.5,5.2,13,13.0,▼-66,▼-83.54%,455,288,743,196,12,13,705,5.2
TXO,202609,20260916.0,47450.0,Put,1620,1620,1620,1620,1680.0,▲+300,▲+22.73%,2,2,4,3,1670,1700,1620,645
TXO,202609,20260916.0,47500.0,Call,15,15,7.1,11.5,11.5,▼-58.5,▼-83.57%,2072,1772,3844,1845,11,12,2240,7.1
TXO,202609,20260916.0,47500.0,Put,2150,2150,1500,1710,1730.0,▲+350,▲+25.74%,76,41,117,34,1720,1850,2730,580
TXO,202609,20260916.0,47550.0,Call,16,16,3.1,11,11.0,▼-53,▼-82.81%,413,328,741,206,10,11,650,3.1
TXO,202609,20260916.0,47550.0,Put,2000,2050,2000,2050,1780.0,▲+650,▲+46.43%,7,6,13,5,1550,1860,2050,685
TXO,202609,20260916.0,47600.0,Call,17,17,3.1,10,10.0,▼-48,▼-82.76%,1368,505,1873,544,9.6,10.5,2000,3.1
TXO,202609,20260916.0,47600.0,Put,1740,1740,1740,1740,1830.0,▲+290,▲+20.00%,0,1,1,15,1530,1920,6960,640
TXO,202609,20260916.0,47650.0,Call,18,18,3.1,8.4,8.8,▼-43.6,▼-83.85%,959,743,1702,183,8.8,9.3,590,3.1
TXO,202609,20260916.0,47650.0,Put,-,-,-,-,1880.0,-,-,0,0,0,0,1870,1890,1150,970
TXO,202609,20260916.0,47700.0,Call,10,10,0.5,8.5,8.5,▼-39.5,▼-82.29%,1731,922,2653,998,8.1,8.6,1730,0.5
TXO,202609,20260916.0,47700.0,Put,1730,1730,1730,1730,1930.0,▲+190,▲+12.34%,0,10,10,45,1910,1940,1880,700
TXO,202609,20260916.0,47750.0,Call,3.1,9.6,3.1,8.2,8.2,▼-34.8,▼-80.93%,466,252,718,235,7.4,8,555,3.1
TXO,202609,20260916.0,47750.0,Put,-,-,-,-,1980.0,-,-,0,0,0,1,1970,1990,1300,825
TXO,202609,20260916.0,47800.0,Call,6,8.6,3,7.1,7.1,▼-31.4,▼-81.56%,1221,500,1721,1087,7.1,7.5,2000,3
TXO,202609,20260916.0,47800.0,Put,2090,2090,2020,2020,2020.0,▲+390,▲+23.93%,7,2,9,17,2010,2040,6790,720
TXO,202609,20260916.0,47850.0,Call,3,17.5,3,6.6,6.6,▼-24.9,▼-79.05%,428,503,931,338,6.5,7.1,510,3
TXO,202609,20260916.0,47850.0,Put,-,-,-,-,2070.0,-,-,0,0,0,0,2060,2090,-,-
TXO,202609,20260916.0,47900.0,Call,1.1,7.2,1.1,6,6.0,▼-25.5,▼-80.95%,761,451,1212,554,6,6.3,1000,1.1
TXO,202609,20260916.0,47900.0,Put,-,-,-,-,2120.0,-,-,0,0,0,2,1830,2410,2830,1280
TXO,202609,20260916.0,47950.0,Call,9.7,9.7,1.1,5.6,5.6,▼-22.9,▼-80.35%,122,99,221,88,5.6,6,445,1.1
TXO,202609,20260916.0,47950.0,Put,-,-,-,-,2170.0,-,-,1,0,1,32,2070,2460,2370,855
TXO,202609,20260916.0,48000.0,Call,7,9,2.9,5.2,5.2,▼-20.3,▼-79.61%,1856,935,2791,2331,5.3,5.7,3130,2.9
TXO,202609,20260916.0,48000.0,Put,2130,2140,2130,2140,2220.0,▲+330,▲+18.23%,0,7,7,40,2210,2240,7110,865
TXO,202609,20260916.0,48050.0,Call,3.2,5.3,3.2,4.4,5.0,▼-17.6,▼-80.00%,119,184,303,164,4.8,5.3,424,3.2
TXO,202609,20260916.0,48050.0,Put,-,-,-,-,2270.0,-,-,0,0,0,1,2260,2290,1310,1310
TXO,202609,20260916.0,48100.0,Call,3,5.8,3,5.1,4.6,▼-15.9,▼-75.71%,254,492,746,463,4.6,5,2800,1.1
TXO,202609,20260916.0,48100.0,Put,2190,2200,2190,2200,2320.0,▲+290,▲+15.18%,0,2,2,2,2030,2580,4850,1050
TXO,202609,20260916.0,48150.0,Call,2,4.8,2,4.2,4.3,▼-13.8,▼-76.67%,70,79,149,51,4.2,4.7,370,2
TXO,202609,20260916.0,48150.0,Put,-,-,-,-,2370.0,-,-,0,0,0,1,2360,2390,1180,1060
TXO,202609,20260916.0,48200.0,Call,4.5,5,0.7,4.2,4.2,▼-12.3,▼-74.55%,344,257,601,810,4.3,4.4,2850,0.7
TXO,202609,20260916.0,48200.0,Put,-,-,-,-,2420.0,-,-,0,0,0,2,2320,2710,7310,1170
TXO,202609,20260916.0,48250.0,Call,2.1,4.4,2.1,4.2,4.0,▼-10.8,▼-72.00%,80,29,109,715,3.9,4.3,369,2.1
TXO,202609,20260916.0,48250.0,Put,-,-,-,-,2470.0,-,-,0,0,0,1,2460,2490,1520,1260
TXO,202609,20260916.0,48300.0,Call,2,4.7,1,3.8,3.8,▼-9.7,▼-71.85%,324,191,515,534,3.8,4,815,1
TXO,202609,20260916.0,48300.0,Put,-,-,-,-,2520.0,-,-,1,0,1,4,2420,2780,2520,1020
TXO,202609,20260916.0,48350.0,Call,1.1,3.6,1,3.4,3.4,▼-9.1,▼-72.80%,123,132,255,202,3.4,3.5,333,1
TXO,202609,20260916.0,48350.0,Put,-,-,-,-,2570.0,-,-,0,0,0,1,2560,2590,2160,2160
TXO,202609,20260916.0,48400.0,Call,2.3,9.9,0.6,3.2,3.2,▼-8.3,▼-72.17%,299,252,551,493,3.1,3.3,1980,0.6
TXO,202609,20260916.0,48400.0,Put,-,-,-,-,2620.0,-,-,0,0,0,10,2520,2880,7590,1340
TXO,202609,20260916.0,48450.0,Call,2.6,3.1,2.4,3.1,3.1,▼-7.9,▼-71.82%,32,74,106,178,3,3.3,244,2.4
TXO,202609,20260916.0,48450.0,Put,-,-,-,-,2670.0,-,-,0,0,0,1,2660,2690,1530,1530
TXO,202609,20260916.0,48500.0,Call,1.6,4,0.3,2.8,2.8,▼-7.7,▼-73.33%,642,225,867,1169,2.9,3,990,0.3
TXO,202609,20260916.0,48500.0,Put,2920,2920,2920,2920,2720.0,▲+620,▲+26.96%,1,1,2,5,2420,2830,3500,1260
TXO,202609,20260916.0,48550.0,Call,4.5,4.9,2.1,3,2.7,▼-6.7,▼-69.07%,56,29,85,65,2.5,3,157,2.1
TXO,202609,20260916.0,48550.0,Put,-,-,-,-,2770.0,-,-,0,0,0,0,2760,2790,-,-
TXO,202609,20260916.0,48600.0,Call,0.2,3,0.2,2.8,2.5,▼-5.9,▼-67.82%,125,175,300,340,2.4,3,750,0.2
TXO,202609,20260916.0,48600.0,Put,-,-,-,-,2820.0,-,-,0,0,0,8,2690,2840,7740,1360
TXO,202609,20260916.0,48650.0,Call,0.5,2.5,0.2,2.4,2.4,▼-5.2,▼-68.42%,11,37,48,52,2.3,2.8,188,0.2
TXO,202609,20260916.0,48650.0,Put,-,-,-,-,2870.0,-,-,0,0,0,1,2860,2890,2020,1990
TXO,202609,20260916.0,48700.0,Call,2.9,3,0.2,2.2,2.2,▼-4.8,▼-68.57%,87,212,299,385,2.2,2.5,1770,0.2
TXO,202609,20260916.0,48700.0,Put,-,-,-,-,2920.0,-,-,0,0,0,2,2620,3180,2600,1600
TXO,202609,20260916.0,48800.0,Call,3,3.2,1.5,2.1,2.1,▼-4.4,▼-67.69%,82,118,200,245,2,2.3,2200,1.5
TXO,202609,20260916.0,48800.0,Put,-,-,-,-,3020.0,-,-,0,0,0,3,2890,3310,4910,1700
TXO,202609,20260916.0,48900.0,Call,1.6,1.9,1.4,1.9,1.9,▼-3.6,▼-65.45%,20,22,42,520,1.8,2.1,3930,1.4
TXO,202609,20260916.0,48900.0,Put,-,-,-,-,3120.0,-,-,0,0,0,1,3110,3140,2950,1660
TXO,202609,20260916.0,49000.0,Call,0.3,2,0.3,1.5,1.5,▼-3.9,▼-72.22%,129,101,230,1950,1.5,2,3880,0.3
TXO,202609,20260916.0,49000.0,Put,-,-,-,-,3220.0,-,-,0,0,0,7,3090,3300,8740,1630
TXO,202609,20260916.0,49100.0,Call,2,2,1.2,1.7,1.5,▼-3.4,▼-66.67%,94,20,114,577,1.4,2,3500,1.2
TXO,202609,20260916.0,49100.0,Put,-,-,-,-,3320.0,-,-,0,0,0,2,3020,3570,4510,1780
TXO,202609,20260916.0,49200.0,Call,0.1,2.9,0.1,1.4,1.4,▼-2.7,▼-65.85%,338,33,371,420,1.3,1.5,2080,0.1
TXO,202609,20260916.0,49200.0,Put,-,-,-,-,3420.0,-,-,0,0,0,5,3300,3670,5160,1920
TXO,202609,20260916.0,49300.0,Call,1.3,1.3,1.1,1.2,1.2,▼-2.6,▼-68.42%,71,6,77,277,1.1,1.4,1560,1.1
TXO,202609,20260916.0,49300.0,Put,-,-,-,-,3520.0,-,-,3,0,3,2,3400,3780,4670,2000
TXO,202609,20260916.0,49400.0,Call,0.1,1.2,0.1,1,1.2,▼-2.6,▼-72.22%,25,9,34,194,1,1.6,2710,0.1
TXO,202609,20260916.0,49400.0,Put,-,-,-,-,3620.0,-,-,0,0,0,0,3610,3640,3200,3150
TXO,202609,20260916.0,49500.0,Call,2,2,0.7,1,1.0,▼-2.2,▼-68.75%,68,249,317,547,0.9,1.5,1060,0.7
TXO,202609,20260916.0,49500.0,Put,-,-,-,-,3720.0,-,-,0,0,0,1,3710,3740,4780,4780
TXO,202609,20260916.0,49600.0,Call,2,2,0.4,0.9,0.9,▼-2.1,▼-70.00%,15,6,21,115,0.8,1.4,1160,0.4
TXO,202609,20260916.0,49600.0,Put,-,-,-,-,3820.0,-,-,0,0,0,2,3690,4100,4850,2920
TXO,202609,20260916.0,49700.0,Call,0.9,0.9,0.7,0.7,0.9,▼-1.9,▼-73.08%,22,9,31,90,0.7,1.2,505,0.7
TXO,202609,20260916.0,49700.0,Put,-,-,-,-,3920.0,-,-,0,0,0,3,3790,4200,4920,4920
TXO,202609,20260916.0,49800.0,Call,0.5,0.7,0.5,0.7,0.8,▼-1.7,▼-70.83%,28,254,282,285,0.6,1.2,1760,0.5
TXO,202609,20260916.0,49800.0,Put,-,-,-,-,4020.0,-,-,0,0,0,1,4010,4040,3100,2530
TXO,202609,20260916.0,49900.0,Call,0.7,0.7,0.6,0.6,0.6,▼-1.6,▼-72.73%,13,3,16,155,0.6,1,2050,0.6
TXO,202609,20260916.0,49900.0,Put,-,-,-,-,4120.0,-,-,0,0,0,0,4110,4140,-,-
TXO,202609,20260916.0,50000.0,Call,0.4,0.8,0.2,0.6,0.6,▼-1.4,▼-70.00%,291,1583,1874,3360,0.4,0.6,3370,0.2
TXO,202609,20260916.0,50000.0,Put,-,-,-,-,4220.0,-,-,0,0,0,2,4090,4300,5300,3130
TXO,202609,20260916.0,50100.0,Call,0.8,0.8,0.4,0.5,0.5,▼-1.5,▼-75.00%,11,200,211,256,0.4,0.6,3360,0.4
TXO,202609,20260916.0,50100.0,Put,-,-,-,-,4320.0,-,-,0,0,0,0,4300,-,-,-
TXO,202609,20260916.0,50200.0,Call,1.1,1.1,0.5,0.5,0.5,▼-1.2,▼-70.59%,7,2,9,61,0.4,0.5,1800,0.5
TXO,202609,20260916.0,50200.0,Put,-,-,-,-,4420.0,-,-,0,0,0,0,4400,-,-,-
TXO,202609,20260916.0,50300.0,Call,1,1,1,1,0.4,▼-0.7,▼-41.18%,5,1,6,18,0.2,0.7,1200,1
TXO,202609,20260916.0,50300.0,Put,-,-,-,-,4520.0,-,-,0,0,0,0,4500,-,-,-
TXO,202609,20260916.0,50400.0,Call,-,-,-,-,0.3,-,-,5,0,5,45,0.2,0.7,3140,1.1
TXO,202609,20260916.0,50400.0,Put,-,-,-,-,4620.0,-,-,0,0,0,0,4600,4640,7650,5430
TXO,202609,20260916.0,50500.0,Call,1,1,0.2,0.4,0.3,▼-1,▼-71.43%,63,43,106,1583,0.2,0.4,1080,0.2
TXO,202609,20260916.0,50500.0,Put,-,-,-,-,4720.0,-,-,0,0,0,0,4700,4740,-,-
TXO,202609,20260916.0,50600.0,Call,0.2,0.2,0.2,0.2,0.3,▼-1,▼-83.33%,17,1,18,759,0.2,0.6,1760,0.2
TXO,202609,20260916.0,50600.0,Put,-,-,-,-,4820.0,-,-,0,0,0,0,4800,4840,3330,3240
TXO,202609,20260916.0,50700.0,Call,-,-,-,-,0.3,-,-,0,0,0,228,0.1,0.5,1490,0.9
TXO,202609,20260916.0,50700.0,Put,-,-,-,-,4920.0,-,-,0,0,0,0,4900,4940,-,-
TXO,202609,20260916.0,50800.0,Call,-,-,-,-,0.3,-,-,10,0,10,803,0.1,0.5,2580,0.9
TXO,202609,20260916.0,50800.0,Put,-,-,-,-,5020.0,-,-,0,0,0,0,4720,5040,3520,3280
TXO,202609,20260916.0,50900.0,Call,-,-,-,-,0.3,-,-,8,0,8,232,0.1,0.5,1050,0.8
TXO,202609,20260916.0,50900.0,Put,-,-,-,-,5120.0,-,-,0,0,0,0,5100,5140,-,-
TXO,202609,20260916.0,51000.0,Call,-,-,-,-,0.3,-,-,30,0,30,2808,0.3,0.5,2360,0.6
TXO,202609,20260916.0,51000.0,Put,-,-,-,-,5220.0,-,-,0,0,0,1,5200,5240,5060,3670
TXO,202609,20260916.0,51100.0,Call,-,-,-,-,0.2,-,-,8,0,8,345,0.1,0.5,1820,0.6
TXO,202609,20260916.0,51100.0,Put,-,-,-,-,5320.0,-,-,0,0,0,0,5300,5340,-,-
TXO,202609,20260916.0,51200.0,Call,0.5,0.5,0.3,0.3,0.2,▼-0.4,▼-57.14%,0,7,7,255,0.3,0.4,2430,0.3
TXO,202609,20260916.0,51200.0,Put,-,-,-,-,5420.0,-,-,0,0,0,0,5400,5440,-,-
TXO,202609,20260916.0,51300.0,Call,0.3,0.3,0.3,0.3,0.2,▼-0.3,▼-50.00%,0,1,1,333,0.2,44,840,0.3
TXO,202609,20260916.0,51300.0,Put,-,-,-,-,5520.0,-,-,0,0,0,0,5500,5540,-,-
TXO,202609,20260916.0,51400.0,Call,-,-,-,-,0.2,-,-,3,0,3,10,-,101,1830,0.3
TXO,202609,20260916.0,51400.0,Put,-,-,-,-,5620.0,-,-,0,0,0,0,5600,5640,-,-
TXO,202609,20260916.0,51500.0,Call,0.3,0.3,0.3,0.3,0.2,▼-0.3,▼-50.00%,12,3,15,98,-,101,920,0.2
TXO,202609,20260916.0,51500.0,Put,-,-,-,-,5720.0,-,-,0,0,0,0,5700,5740,-,-
TXO,202609,20260916.0,51600.0,Call,0.3,0.3,0.3,0.3,0.2,▼-0.2,▼-40.00%,5,8,13,9,-,565,810,0.2
TXO,202609,20260916.0,51600.0,Put,-,-,-,-,5820.0,-,-,0,0,0,0,5800,5840,-,-
TXO,202609,20260916.0,51700.0,Call,0.4,0.4,0.3,0.4,0.2,0,0%,3,10,13,16,-,0.4,550,0.2
TXO,202609,20260916.0,51700.0,Put,-,-,-,-,5920.0,-,-,0,0,0,0,5900,5940,-,-
TXO,202609,20260916.0,51800.0,Call,-,-,-,-,0.2,-,-,0,0,0,9,-,565,1850,3
TXO,202609,20260916.0,51800.0,Put,-,-,-,-,6020.0,-,-,0,0,0,0,6000,6040,-,-
TXO,202609,20260916.0,51900.0,Call,-,-,-,-,0.2,-,-,0,0,0,11,-,565,590,0.1
TXO,202609,20260916.0,51900.0,Put,-,-,-,-,6120.0,-,-,0,0,0,0,6100,6140,-,-
TXO,202609,20260916.0,52000.0,Call,0.2,0.2,0.2,0.2,0.2,▼-0.1,▼-33.33%,0,4,4,1158,-,0.3,2210,0.2
TXO,202609,20260916.0,52000.0,Put,-,-,-,-,6220.0,-,-,0,0,0,0,6200,6240,-,-
TXO,202609,20260916.0,52100.0,Call,-,-,-,-,0.2,-,-,0,0,0,19,-,0.7,590,0.8
TXO,202609,20260916.0,52100.0,Put,-,-,-,-,6320.0,-,-,0,0,0,0,6300,6340,-,-
TXO,202609,20260916.0,52200.0,Call,-,-,-,-,0.2,-,-,0,0,0,14,-,101,2340,1.5
TXO,202609,20260916.0,52200.0,Put,-,-,-,-,6420.0,-,-,0,0,0,0,6400,6440,-,-
TXO,202609,20260916.0,52300.0,Call,-,-,-,-,0.2,-,-,0,0,0,9,-,88,1880,7.7
TXO,202609,20260916.0,52300.0,Put,-,-,-,-,6520.0,-,-,0,0,0,0,6500,6540,-,-
TXO,202609,20260916.0,52400.0,Call,-,-,-,-,0.2,-,-,0,0,0,15,-,565,1880,0.8
TXO,202609,20260916.0,52400.0,Put,-,-,-,-,6620.0,-,-,0,0,0,0,6590,6640,-,-
TXO,202609,20260916.0,52500.0,Call,0.3,0.3,0.3,0.3,0.2,0,0%,0,1,1,83,-,565,550,0.3
TXO,202609,20260916.0,52500.0,Put,-,-,-,-,6720.0,-,-,0,0,0,0,6690,6740,-,-
TXO,202609,20260916.0,52600.0,Call,-,-,-,-,0.2,-,-,0,0,0,82,-,565,1390,0.6
TXO,202609,20260916.0,52600.0,Put,-,-,-,-,6820.0,-,-,0,0,0,0,6790,6840,-,-
TXO,202609,20260916.0,52700.0,Call,-,-,-,-,0.2,-,-,20,0,20,18,-,565,1890,0.2
TXO,202609,20260916.0,52700.0,Put,-,-,-,-,6920.0,-,-,0,0,0,0,6890,6940,-,-
TXO,202609,20260916.0,52800.0,Call,-,-,-,-,0.2,-,-,0,0,0,16,-,565,1930,8.5
TXO,202609,20260916.0,52800.0,Put,-,-,-,-,7020.0,-,-,0,0,0,0,6990,7040,-,-
TXO,202609,20260916.0,52900.0,Call,-,-,-,-,0.1,-,-,45,0,45,28,-,95,580,0.2
TXO,202609,20260916.0,52900.0,Put,-,-,-,-,7120.0,-,-,0,0,0,0,7090,7140,-,-
TXO,202609,20260916.0,53000.0,Call,-,-,-,-,0.1,-,-,30,0,30,1046,-,31,1240,0.2
TXO,202609,20260916.0,53000.0,Put,-,-,-,-,7220.0,-,-,0,0,0,0,7190,7240,-,-
TXO,202609,20260916.0,53100.0,Call,-,-,-,-,0.1,-,-,40,0,40,32,-,565,580,0.2
TXO,202609,20260916.0,53100.0,Put,-,-,-,-,7320.0,-,-,0,0,0,0,7290,7340,-,-
TXO,202609,20260916.0,53200.0,Call,-,-,-,-,0.1,-,-,0,0,0,10,-,50,1500,5.2
TXO,202609,20260916.0,53200.0,Put,-,-,-,-,7420.0,-,-,0,0,0,0,7390,7440,-,-
TXO,202609,20260916.0,53300.0,Call,-,-,-,-,0.1,-,-,30,0,30,4,-,565,580,0.2
TXO,202609,20260916.0,53300.0,Put,-,-,-,-,7520.0,-,-,0,0,0,0,7490,7540,-,-
TXO,202609,20260916.0,53400.0,Call,-,-,-,-,0.1,-,-,0,0,0,6,-,565,1000,0.3
TXO,202609,20260916.0,53400.0,Put,-,-,-,-,7620.0,-,-,0,0,0,0,7590,7640,-,-
TXO,202609,20260916.0,53500.0,Call,-,-,-,-,0.1,-,-,0,0,0,101,-,31,600,0.3
TXO,202609,20260916.0,53500.0,Put,-,-,-,-,7720.0,-,-,0,0,0,0,7690,7740,-,-
TXO,202609,20260916.0,53600.0,Call,-,-,-,-,0.1,-,-,0,0,0,5,-,88,1340,1.2
TXO,202609,20260916.0,53600.0,Put,-,-,-,-,7820.0,-,-,0,0,0,0,7790,7840,-,-
TXO,202609,20260916.0,53700.0,Call,-,-,-,-,0.1,-,-,0,0,0,21,-,565,550,11.5
TXO,202609,20260916.0,53700.0,Put,-,-,-,-,7920.0,-,-,0,0,0,0,7890,7940,-,-
TXO,202609,20260916.0,53800.0,Call,-,-,-,-,0.1,-,-,0,0,0,12,-,565,1240,5.4
TXO,202609,20260916.0,53800.0,Put,-,-,-,-,8020.0,-,-,0,0,0,0,7990,8040,-,-
TXO,202609,20260916.0,53900.0,Call,-,-,-,-,0.1,-,-,0,0,0,22,-,565,99,0.9
TXO,202609,20260916.0,53900.0,Put,-,-,-,-,8120.0,-,-,0,0,0,0,8090,8140,-,-
TXO,202609,20260916.0,54000.0,Call,-,-,-,-,0.1,-,-,0,0,0,175,-,10,1400,0.3
TXO,202609,20260916.0,54000.0,Put,-,-,-,-,8220.0,-,-,0,0,0,1,8200,8250,9240,9240
TXO,202609,20260916.0,54100.0,Call,-,-,-,-,0.1,-,-,0,0,0,28,-,8.8,100,4.7
TXO,202609,20260916.0,54100.0,Put,-,-,-,-,8320.0,-,-,0,0,0,0,8290,8340,-,-
TXO,202609,20260916.0,54200.0,Call,-,-,-,-,0.1,-,-,0,0,0,31,-,565,250,0.6
TXO,202609,20260916.0,54200.0,Put,-,-,-,-,8420.0,-,-,0,0,0,0,8390,8440,-,-
TXO,202609,20260916.0,54300.0,Call,-,-,-,-,0.1,-,-,0,0,0,24,-,565,195,0.6
TXO,202609,20260916.0,54300.0,Put,-,-,-,-,8520.0,-,-,0,0,0,0,8490,8540,-,-
TXO,202609,20260916.0,54400.0,Call,-,-,-,-,0.1,-,-,0,0,0,27,-,565,1040,9.5
TXO,202609,20260916.0,54400.0,Put,-,-,-,-,8620.0,-,-,0,0,0,0,8590,8640,-,-
TXO,202609,20260916.0,54500.0,Call,-,-,-,-,0.1,-,-,0,0,0,134,-,565,300,3.5
TXO,202609,20260916.0,54500.0,Put,-,-,-,-,8720.0,-,-,0,0,0,0,8690,8740,-,-
TXO,202609,20260916.0,54600.0,Call,-,-,-,-,0.1,-,-,0,0,0,48,-,101,1680,3.4
TXO,202609,20260916.0,54600.0,Put,-,-,-,-,8820.0,-,-,0,0,0,0,8790,8840,-,-
TXO,202609,20260916.0,54700.0,Call,-,-,-,-,0.1,-,-,0,0,0,40,-,565,382,2.9
TXO,202609,20260916.0,54700.0,Put,-,-,-,-,8920.0,-,-,0,0,0,0,8890,8940,-,-
TXO,202609,20260916.0,54800.0,Call,-,-,-,-,0.1,-,-,0,0,0,25,-,0.1,370,0.5
TXO,202609,20260916.0,54800.0,Put,-,-,-,-,9020.0,-,-,0,0,0,0,8990,9040,-,-
TXO,202609,20260916.0,54900.0,Call,-,-,-,-,0.1,-,-,0,0,0,9,-,565,205,3
TXO,202609,20260916.0,54900.0,Put,-,-,-,-,9120.0,-,-,0,0,0,0,9090,9140,-,-
TXO,202609,20260916.0,55000.0,Call,-,-,-,-,0.1,-,-,0,0,0,335,-,10,1240,0.3
TXO,202609,20260916.0,55000.0,Put,-,-,-,-,9220.0,-,-,0,0,0,1,9190,9250,10230,10230
TXO,202609,20260916.0,55200.0,Call,-,-,-,-,0.1,-,-,0,0,0,9,-,565,350,0.3
TXO,202609,20260916.0,55200.0,Put,-,-,-,-,9420.0,-,-,0,0,0,0,9390,9440,-,-
TXO,202609,20260916.0,55400.0,Call,-,-,-,-,0.1,-,-,0,0,0,33,-,101,800,2.8
TXO,202609,20260916.0,55400.0,Put,-,-,-,-,9620.0,-,-,0,0,0,176,9320,9710,12880,9200
TXO,202609,20260916.0,55600.0,Call,-,-,-,-,0.1,-,-,0,0,0,19,-,0.1,1400,1
TXO,202609,20260916.0,55600.0,Put,-,-,-,-,9820.0,-,-,0,0,0,0,9760,9880,-,-
TXO,202609,20260916.0,55800.0,Call,1.8,1.8,0.1,0.2,0.1,▲+0.1,-,8,16,24,923,-,1.4,1350,0.1
TXO,202609,20260916.0,55800.0,Put,-,-,-,-,10020.0,-,-,0,0,0,0,9960,10070,-,-
TXO,202609F3,20260918.0,41200.0,Call,-,-,-,-,4560.0,-,-,0,0,0,0,-,4580,-,-
TXO,202609F3,20260918.0,41200.0,Put,16.5,23,13,15,15.0,▼-2.5,▼-14.29%,111,101,212,295,14.5,15.5,44,8.5
TXO,202609F3,20260918.0,41300.0,Call,-,-,-,-,4460.0,-,-,0,0,0,0,-,4480,-,-
TXO,202609F3,20260918.0,41300.0,Put,17,22,14.5,14.5,15.5,▼-4.5,▼-23.68%,4,15,19,20,15.5,16.5,34,14.5
TXO,202609F3,20260918.0,41400.0,Call,-,-,-,-,4370.0,-,-,0,0,0,0,4350,4380,-,-
TXO,202609F3,20260918.0,41400.0,Put,16,16,16,16,16.0,▼-3.5,▼-17.95%,1,1,2,6,16,17,46,16
TXO,202609F3,20260918.0,41500.0,Call,-,-,-,-,4270.0,-,-,0,0,0,0,4250,4280,-,-
TXO,202609F3,20260918.0,41500.0,Put,25.5,25.5,17,17,17.0,▼-3,▼-15.00%,0,3,3,17,17,18,44.5,17
TXO,202609F3,20260918.0,41600.0,Call,-,-,-,-,4170.0,-,-,0,0,0,0,4150,4180,-,-
TXO,202609F3,20260918.0,41600.0,Put,18.5,18.5,16.5,16.5,18.5,▼-5,▼-23.26%,0,13,13,11,18,19,46.5,16.5
TXO,202609F3,20260918.0,41700.0,Call,-,-,-,-,4070.0,-,-,0,0,0,0,4050,4080,-,-
TXO,202609F3,20260918.0,41700.0,Put,26,26,19,19,19.0,▼-3.5,▼-15.56%,1,2,3,4,19,20,30.5,14.5
TXO,202609F3,20260918.0,41800.0,Call,-,-,-,-,3970.0,-,-,0,0,0,0,3950,3980,-,-
TXO,202609F3,20260918.0,41800.0,Put,27,30.5,18.5,18.5,20.5,▼-5.5,▼-22.92%,2,36,38,7,20,21,30.5,16
TXO,202609F3,20260918.0,41900.0,Call,-,-,-,-,3870.0,-,-,0,0,0,0,3780,3880,-,-
TXO,202609F3,20260918.0,41900.0,Put,28,28,28,28,21.5,▲+3,▲+12.00%,1,2,3,11,21,22,53,16
TXO,202609F3,20260918.0,42000.0,Call,-,-,-,-,3770.0,-,-,0,0,0,0,3680,3790,-,-
TXO,202609F3,20260918.0,42000.0,Put,28.5,33.5,18.5,20,23.0,▼-7.5,▼-27.27%,18,22,40,31,22,23.5,63,17.5
TXO,202609F3,20260918.0,42100.0,Call,-,-,-,-,3670.0,-,-,0,0,0,0,3580,3690,-,-
TXO,202609F3,20260918.0,42100.0,Put,23.5,24,22.5,22.5,24.0,▼-6,▼-21.05%,0,28,28,29,23.5,24.5,61,22.5
TXO,202609F3,20260918.0,42200.0,Call,-,-,-,-,3570.0,-,-,0,0,0,0,3480,3590,-,-
TXO,202609F3,20260918.0,42200.0,Put,17,37,17,24.5,24.5,▼-5,▼-16.95%,15,17,32,17,25,26,69,17
TXO,202609F3,20260918.0,42300.0,Call,-,-,-,-,3480.0,-,-,0,0,0,0,3380,3490,-,-
TXO,202609F3,20260918.0,42300.0,Put,40,40,23.5,23.5,27.5,▼-8,▼-25.40%,12,8,20,14,26.5,27.5,66,18.5
TXO,202609F3,20260918.0,42400.0,Call,-,-,-,-,3380.0,-,-,0,0,0,0,3280,3390,-,-
TXO,202609F3,20260918.0,42400.0,Put,29.5,29.5,24,29,29.0,▼-4,▼-12.12%,20,4,24,14,28.5,29.5,70,19
TXO,202609F3,20260918.0,42500.0,Call,-,-,-,-,3280.0,-,-,0,0,0,0,3180,3290,-,-
TXO,202609F3,20260918.0,42500.0,Put,38,46.5,28,29,31.5,▼-6,▼-17.14%,22,22,44,40,30.5,32,74,20
TXO,202609F3,20260918.0,42600.0,Call,-,-,-,-,3180.0,-,-,0,0,0,0,3080,3200,-,-
TXO,202609F3,20260918.0,42600.0,Put,49,49,31,32.5,32.5,▼-4.5,▼-12.16%,51,5,56,59,32.5,34,78,26
TXO,202609F3,20260918.0,42700.0,Call,-,-,-,-,3090.0,-,-,0,0,0,0,2990,3100,-,-
TXO,202609F3,20260918.0,42700.0,Put,50,50,32,32,36.0,▼-8,▼-20.00%,12,5,17,20,35,36.5,69,27.5
TXO,202609F3,20260918.0,42800.0,Call,-,-,-,-,2990.0,-,-,0,0,0,0,2890,3000,-,-
TXO,202609F3,20260918.0,42800.0,Put,38,38,30.5,30.5,38.5,▼-12,▼-28.24%,9,10,19,20,37.5,39,58,29.5
TXO,202609F3,20260918.0,42900.0,Call,-,-,-,-,2890.0,-,-,0,0,0,0,2790,2900,-,-
TXO,202609F3,20260918.0,42900.0,Put,43,43,41,42,42.0,▼-1,▼-2.33%,0,5,5,22,40.5,42,97,35
TXO,202609F3,20260918.0,43000.0,Call,-,-,-,-,2790.0,-,-,0,0,0,0,2690,2810,-,-
TXO,202609F3,20260918.0,43000.0,Put,61,74,37,44.5,44.5,▼-4.5,▼-9.18%,48,35,83,61,43.5,45,100,28.5
TXO,202609F3,20260918.0,43100.0,Call,-,-,-,-,2700.0,-,-,0,0,0,0,2600,2710,-,-
TXO,202609F3,20260918.0,43100.0,Put,56,56,40,49.5,48.5,▼-1.5,▼-2.94%,0,16,16,16,47,48.5,77,39
TXO,202609F3,20260918.0,43200.0,Call,-,-,-,-,2600.0,-,-,0,0,0,0,2500,2610,-,-
TXO,202609F3,20260918.0,43200.0,Put,53,53,45.5,49,49.0,▼-6,▼-10.91%,3,3,6,5,51,53,107,38
TXO,202609F3,20260918.0,43300.0,Call,-,-,-,-,2510.0,-,-,0,0,0,0,2400,2520,-,-
TXO,202609F3,20260918.0,43300.0,Put,88,91,52,56,56.0,▼-3,▼-5.08%,1,8,9,15,55,57,91,45.5
TXO,202609F3,20260918.0,43400.0,Call,-,-,-,-,2410.0,-,-,0,0,0,0,2310,2420,-,-
TXO,202609F3,20260918.0,43400.0,Put,90,103,52,62,62.0,▼-1,▼-1.59%,11,12,23,14,60,62,104,42.5
TXO,202609F3,20260918.0,43500.0,Call,-,-,-,-,2320.0,-,-,0,0,0,0,2210,2330,-,-
TXO,202609F3,20260918.0,43500.0,Put,114,114,54,69,69.0,▲+1,▲+1.47%,5,17,22,79,66,68,132,44
TXO,202609F3,20260918.0,43600.0,Call,-,-,-,-,2220.0,-,-,0,0,0,0,2120,2240,-,-
TXO,202609F3,20260918.0,43600.0,Put,119,119,64,72,72.0,▼-4,▼-5.26%,10,5,15,87,72,74,119,38.5
TXO,202609F3,20260918.0,43700.0,Call,-,-,-,-,2130.0,-,-,0,0,0,0,2020,2140,-,-
TXO,202609F3,20260918.0,43700.0,Put,111,111,70,79,79.0,0,0%,2,65,67,155,78,83,111,52
TXO,202609F3,20260918.0,43800.0,Call,-,-,-,-,2040.0,-,-,0,0,0,0,1930,2050,-,-
TXO,202609F3,20260918.0,43800.0,Put,132,154,71,86,86.0,0,0%,7,37,44,19,86,89,154,46
TXO,202609F3,20260918.0,43900.0,Call,-,-,-,-,1950.0,-,-,0,0,0,0,1830,1960,-,-
TXO,202609F3,20260918.0,43900.0,Put,85,85,83,85,96.0,▼-8,▼-8.60%,8,7,15,17,94,97,88,75
TXO,202609F3,20260918.0,44000.0,Call,-,-,-,-,1860.0,-,-,0,0,0,0,1740,1870,-,-
TXO,202609F3,20260918.0,44000.0,Put,146,180,90,105,105.0,0,0%,46,32,78,43,104,107,180,52
TXO,202609F3,20260918.0,44100.0,Call,-,-,-,-,1760.0,-,-,0,0,0,0,1650,1780,-,-
TXO,202609F3,20260918.0,44100.0,Put,190,194,102,102,115.0,▼-7,▼-6.42%,1,23,24,17,114,117,194,69
TXO,202609F3,20260918.0,44200.0,Call,1780,1780,1780,1780,1680.0,▼-350,▼-16.43%,0,1,1,1,1390,1690,1780,1780
TXO,202609F3,20260918.0,44200.0,Put,116,189,105,128,128.0,▲+6,▲+4.92%,5,20,25,14,125,130,189,70
TXO,202609F3,20260918.0,44300.0,Call,1500,1500,1500,1500,1590.0,▼-540,▼-26.47%,0,1,1,1,1280,1600,1500,1500
TXO,202609F3,20260918.0,44300.0,Put,169,230,110,139,139.0,▲+9,▲+6.92%,2,43,45,32,138,143,230,80
TXO,202609F3,20260918.0,44400.0,Call,1270,1270,1270,1270,1510.0,▼-680,▼-34.87%,0,1,1,1,1470,1520,1270,1270
TXO,202609F3,20260918.0,44400.0,Put,195,284,136,152,152.0,▲+10,▲+7.04%,11,20,31,19,153,157,284,81
TXO,202609F3,20260918.0,44500.0,Call,1170,1170,1170,1170,1420.0,▼-690,▼-37.10%,0,1,1,1,1390,1430,1170,1170
TXO,202609F3,20260918.0,44500.0,Put,180,334,133,170,170.0,▲+16,▲+10.39%,37,33,70,63,169,173,334,90
TXO,202609F3,20260918.0,44550.0,Call,-,-,-,-,1380.0,-,-,0,0,0,0,1150,1390,-,-
TXO,202609F3,20260918.0,44550.0,Put,149,178,149,178,178.0,▲+17,▲+10.56%,1,4,5,8,176,181,181,102
TXO,202609F3,20260918.0,44600.0,Call,1070,1070,1070,1070,1340.0,▼-710,▼-39.89%,0,1,1,1,1320,1350,1070,1070
TXO,202609F3,20260918.0,44600.0,Put,240,308,164,170,188.0,▲+2,▲+1.19%,1,14,15,11,186,190,308,93
TXO,202609F3,20260918.0,44650.0,Call,-,-,-,-,1300.0,-,-,0,0,0,0,1160,1310,-,-
TXO,202609F3,20260918.0,44650.0,Put,178,178,178,178,199.0,▲+4,▲+2.30%,0,5,5,5,195,200,231,148
TXO,202609F3,20260918.0,44700.0,Call,1000,1000,1000,1000,1260.0,▼-690,▼-40.83%,0,1,1,1,1240,1270,1000,1000
TXO,202609F3,20260918.0,44700.0,Put,344,344,184,187,209.0,▲+4,▲+2.19%,9,10,19,16,205,210,344,102
TXO,202609F3,20260918.0,44750.0,Call,980,980,980,980,1220.0,▼-670,▼-40.61%,1,2,3,2,1200,1230,1700,980
TXO,202609F3,20260918.0,44750.0,Put,350,350,350,350,218.0,▲+159,▲+83.25%,0,2,2,2,216,220,350,350
TXO,202609F3,20260918.0,44800.0,Call,955,1000,915,1000,1180.0,▼-610,▼-37.89%,1,3,4,471,1160,1200,1640,915
TXO,202609F3,20260918.0,44800.0,Put,384,384,201,207,230.0,▲+5,▲+2.48%,1,9,10,159,226,231,384,108
TXO,202609F3,20260918.0,44850.0,Call,1030,1030,1030,1030,1140.0,▼-540,▼-34.39%,1,2,3,2,1120,1150,1600,1030
TXO,202609F3,20260918.0,44850.0,Put,304,304,216,216,242.0,▲+7,▲+3.35%,1,3,4,5,238,243,304,175
TXO,202609F3,20260918.0,44900.0,Call,855,1060,855,1060,1100.0,▼-470,▼-30.72%,1,2,3,1,1090,1120,1560,855
TXO,202609F3,20260918.0,44900.0,Put,300,465,226,251,251.0,▲+32,▲+14.61%,1,16,17,14,249,255,465,179
TXO,202609F3,20260918.0,44950.0,Call,1030,1030,1030,1030,1060.0,▼-460,▼-30.87%,1,2,3,2,1050,1080,1520,1030
TXO,202609F3,20260918.0,44950.0,Put,303,304,303,304,265.0,▲+76,▲+33.33%,0,3,3,2,261,266,304,303
TXO,202609F3,20260918.0,45000.0,Call,820,1000,820,985,1030.0,▼-465,▼-32.07%,1,10,11,411,1010,1040,1480,820
TXO,202609F3,20260918.0,45000.0,Put,350,450,227,270,270.0,▲+35,▲+14.89%,59,108,167,140,274,280,450,117
TXO,202609F3,20260918.0,45050.0,Call,790,1010,790,1010,1010.0,▼-400,▼-28.37%,1,4,5,4,985,1000,2550,790
TXO,202609F3,20260918.0,45050.0,Put,441,441,281,281,281.0,▲+34,▲+13.77%,0,4,4,8,287,293,441,156
TXO,202609F3,20260918.0,45100.0,Call,750,975,750,975,975.0,▼-395,▼-28.83%,1,4,5,3,950,960,1400,750
TXO,202609F3,20260918.0,45100.0,Put,480,480,245,296,296.0,▲+38,▲+14.73%,0,8,8,15,302,310,480,152
TXO,202609F3,20260918.0,45150.0,Call,890,910,880,910,925.0,▼-420,▼-31.58%,0,5,5,5,815,-,910,880
TXO,202609F3,20260918.0,45150.0,Put,365,370,256,325,325.0,▲+54,▲+19.93%,0,21,21,17,317,322,370,256
TXO,202609F3,20260918.0,45200.0,Call,675,965,675,965,885.0,▼-325,▼-25.19%,0,5,5,4,880,890,965,675
TXO,202609F3,20260918.0,45200.0,Put,1020,1020,280,280,337.0,▼-14,▼-4.76%,7,17,24,43,331,337,1020,137
TXO,202609F3,20260918.0,45250.0,Call,745,930,745,860,860.0,▼-400,▼-31.75%,0,4,4,4,835,860,930,745
TXO,202609F3,20260918.0,45250.0,Put,448,448,319,347,347.0,▲+50,▲+16.84%,0,9,9,6,349,356,448,147
TXO,202609F3,20260918.0,45300.0,Call,625,790,625,790,815.0,▼-430,▼-35.25%,0,10,10,10,810,825,1130,625
TXO,202609F3,20260918.0,45300.0,Put,429,575,350,350,367.0,▲+33,▲+10.41%,22,35,57,28,364,371,575,160
TXO,202609F3,20260918.0,45350.0,Call,765,800,755,800,800.0,▼-380,▼-32.20%,0,10,10,12,775,790,1110,755
TXO,202609F3,20260918.0,45350.0,Put,605,605,373,375,375.0,▲+54,▲+16.82%,0,15,15,12,382,389,605,373
TXO,202609F3,20260918.0,45400.0,Call,560,775,560,775,775.0,▼-375,▼-32.61%,0,10,10,8,745,760,1100,560
TXO,202609F3,20260918.0,45400.0,Put,605,620,352,412,412.0,▲+65,▲+18.73%,0,14,14,43,399,406,620,207
TXO,202609F3,20260918.0,45450.0,Call,550,875,545,875,725.0,▼-235,▼-21.17%,0,13,13,6,710,725,875,545
TXO,202609F3,20260918.0,45450.0,Put,635,635,337,337,421.0,▼-12,▼-3.44%,0,12,12,12,419,426,635,337
TXO,202609F3,20260918.0,45500.0,Call,540,840,515,840,690.0,▼-240,▼-22.22%,0,19,19,18,685,695,995,515
TXO,202609F3,20260918.0,45500.0,Put,360,650,353,444,444.0,▲+79,▲+21.64%,59,45,104,36,437,444,650,200
TXO,202609F3,20260918.0,45550.0,Call,555,775,555,670,670.0,▼-370,▼-35.58%,0,11,11,14,655,665,965,555
TXO,202609F3,20260918.0,45550.0,Put,395,458,395,458,458.0,▲+77,▲+20.21%,0,9,9,14,457,465,458,395
TXO,202609F3,20260918.0,45600.0,Call,530,775,466,640,640.0,▼-370,▼-36.63%,0,34,34,417,625,635,975,466
TXO,202609F3,20260918.0,45600.0,Put,680,705,387,478,478.0,▲+82,▲+20.71%,5,30,35,70,478,485,705,181
TXO,202609F3,20260918.0,45650.0,Call,600,705,590,670,605.0,▼-305,▼-31.28%,0,10,10,14,595,605,2030,590
TXO,202609F3,20260918.0,45650.0,Put,555,555,464,464,505.0,▲+51,▲+12.35%,0,6,6,13,498,505,555,440
TXO,202609F3,20260918.0,45700.0,Call,460,640,460,595,595.0,▼-350,▼-37.04%,0,5,5,8,570,580,865,460
TXO,202609F3,20260918.0,45700.0,Put,715,715,484,510,510.0,▲+79,▲+18.33%,6,7,13,49,520,535,715,248
TXO,202609F3,20260918.0,45750.0,Call,401,645,401,580,545.0,▼-330,▼-36.26%,0,8,8,7,540,550,1950,401
TXO,202609F3,20260918.0,45750.0,Put,477,520,445,520,545.0,▲+72,▲+16.07%,0,6,6,9,540,555,520,245
TXO,202609F3,20260918.0,45800.0,Call,412,615,376,535,535.0,▼-345,▼-39.20%,0,19,19,17,510,525,800,376
TXO,202609F3,20260918.0,45800.0,Put,795,820,489,560,560.0,▲+94,▲+20.17%,12,24,36,25,565,575,820,242
TXO,202609F3,20260918.0,45850.0,Call,555,555,555,555,494.0,▼-295,▼-34.71%,0,1,1,4,491,498,805,555
TXO,202609F3,20260918.0,45850.0,Put,550,550,550,550,595.0,▲+64,▲+13.17%,1,1,2,4,590,600,665,417
TXO,202609F3,20260918.0,45900.0,Call,375,560,348,483,483.0,▼-332,▼-40.74%,0,16,16,12,465,472,740,348
TXO,202609F3,20260918.0,45900.0,Put,820,880,580,605,605.0,▲+100,▲+19.80%,20,14,34,17,615,625,880,298
TXO,202609F3,20260918.0,45950.0,Call,338,525,325,525,445.0,▼-260,▼-33.12%,0,12,12,10,442,449,715,325
TXO,202609F3,20260918.0,45950.0,Put,790,790,570,570,645.0,▲+45,▲+8.57%,10,9,19,10,640,650,790,318
TXO,202609F3,20260918.0,46000.0,Call,350,530,300,424,424.0,▼-331,▼-43.84%,0,57,57,20,418,425,1220,300
TXO,202609F3,20260918.0,46000.0,Put,725,915,580,670,670.0,▲+125,▲+22.94%,24,31,55,21,665,675,915,258
TXO,202609F3,20260918.0,46050.0,Call,319,410,319,410,410.0,▼-320,▼-43.84%,0,4,4,9,394,401,1440,319
TXO,202609F3,20260918.0,46050.0,Put,765,765,685,685,685.0,▲+120,▲+21.24%,10,3,13,10,695,705,765,349
TXO,202609F3,20260918.0,46100.0,Call,292,459,268,379,379.0,▼-321,▼-45.86%,0,23,23,16,371,379,1510,268
TXO,202609F3,20260918.0,46100.0,Put,1030,1030,635,725,725.0,▲+135,▲+22.88%,16,80,96,38,720,735,1030,366
TXO,202609F3,20260918.0,46150.0,Call,314,407,314,364,364.0,▼-311,▼-46.07%,0,14,14,16,310,920,1050,314
TXO,202609F3,20260918.0,46150.0,Put,970,975,700,740,740.0,▲+130,▲+21.31%,14,17,31,17,750,760,975,382
TXO,202609F3,20260918.0,46200.0,Call,300,376,243,347,347.0,▼-298,▼-46.20%,5,18,23,15,331,337,780,243
TXO,202609F3,20260918.0,46200.0,Put,710,770,710,770,770.0,▲+125,▲+19.38%,17,3,20,8,775,800,770,400
TXO,202609F3,20260918.0,46250.0,Call,230,387,230,315,315.0,▼-305,▼-49.19%,5,16,21,15,220,-,695,230
TXO,202609F3,20260918.0,46250.0,Put,830,895,720,815,815.0,▲+155,▲+23.48%,11,15,26,14,810,820,895,418
TXO,202609F3,20260918.0,46300.0,Call,229,369,205,293,293.0,▼-292,▼-49.91%,1,20,21,24,294,300,1290,205
TXO,202609F3,20260918.0,46300.0,Put,910,910,760,845,845.0,▲+160,▲+23.36%,7,9,16,15,489,900,910,332
TXO,202609F3,20260918.0,46350.0,Call,276,345,276,287,287.0,▼-283,▼-49.65%,2,10,12,11,276,281,655,276
TXO,202609F3,20260918.0,46350.0,Put,1240,1240,860,860,860.0,▲+150,▲+21.13%,6,6,12,7,870,885,1240,378
TXO,202609F3,20260918.0,46400.0,Call,259,384,254,263,263.0,▼-282,▼-51.74%,7,11,18,16,258,263,1420,254
TXO,202609F3,20260918.0,46400.0,Put,760,910,760,910,910.0,▲+175,▲+23.81%,10,6,16,15,463,1030,910,364
TXO,202609F3,20260918.0,46450.0,Call,307,328,254,254,254.0,▼-271,▼-51.62%,2,7,9,14,241,247,1140,254
TXO,202609F3,20260918.0,46450.0,Put,880,925,790,925,925.0,▲+160,▲+20.92%,7,5,12,12,895,1040,925,442
TXO,202609F3,20260918.0,46500.0,Call,210,295,165,227,227.0,▼-273,▼-54.60%,4,127,131,47,225,231,860,165
TXO,202609F3,20260918.0,46500.0,Put,1200,1200,890,890,975.0,▲+100,▲+12.66%,7,6,13,7,890,1270,1200,435
TXO,202609F3,20260918.0,46550.0,Call,275,290,211,211,211.0,▼-267,▼-55.86%,1,6,7,16,210,215,1120,211
TXO,202609F3,20260918.0,46550.0,Put,850,850,850,850,1010.0,▲+45,▲+5.59%,0,1,1,14,1000,1100,850,466
TXO,202609F3,20260918.0,46600.0,Call,200,265,152,260,198.0,▼-202,▼-43.72%,5,23,28,17,196,201,1310,152
TXO,202609F3,20260918.0,46600.0,Put,925,925,925,925,1050.0,▲+80,▲+9.47%,0,4,4,8,1040,1120,925,486
TXO,202609F3,20260918.0,46650.0,Call,114,114,114,114,185.0,▼-322,▼-73.85%,2,1,3,1,183,187,505,114
TXO,202609F3,20260918.0,46650.0,Put,-,-,-,-,1090.0,-,-,0,0,0,1,1070,1100,655,540
TXO,202609F3,20260918.0,46700.0,Call,103,231,100,175,175.0,▼-228,▼-56.58%,2,30,32,23,170,175,1230,100
TXO,202609F3,20260918.0,46700.0,Put,1380,1380,1380,1380,1120.0,▲+475,▲+52.49%,0,1,1,2,1110,1210,1380,520
TXO,202609F3,20260918.0,46750.0,Call,122,212,122,212,160.0,▼-188,▼-47.00%,0,3,3,2,156,162,1250,122
TXO,202609F3,20260918.0,46750.0,Put,-,-,-,-,1160.0,-,-,0,0,0,1,1050,1180,825,492
TXO,202609F3,20260918.0,46800.0,Call,120,187,111,187,149.0,▼-195,▼-51.05%,0,23,23,20,147,151,1190,111
TXO,202609F3,20260918.0,46800.0,Put,-,-,-,-,1200.0,-,-,0,0,0,2,880,1290,805,510
TXO,202609F3,20260918.0,46850.0,Call,145,145,145,145,145.0,▼-212,▼-59.38%,0,2,2,6,136,140,930,145
TXO,202609F3,20260918.0,46850.0,Put,-,-,-,-,1240.0,-,-,0,0,0,8,1220,1350,745,498
TXO,202609F3,20260918.0,46900.0,Call,125,172,38.5,126,126.0,▼-201,▼-61.47%,3,21,24,11,126,131,1110,38.5
TXO,202609F3,20260918.0,46900.0,Put,-,-,-,-,1280.0,-,-,0,0,0,5,995,1380,1270,515
TXO,202609F3,20260918.0,46950.0,Call,119,119,119,119,119.0,▼-204,▼-63.16%,15,1,16,9,116,120,725,119
TXO,202609F3,20260918.0,46950.0,Put,-,-,-,-,1320.0,-,-,0,0,0,1,1300,1330,860,860
TXO,202609F3,20260918.0,47000.0,Call,104,158,80,110,110.0,▼-194,▼-63.82%,6,77,83,35,107,112,980,80
TXO,202609F3,20260918.0,47000.0,Put,1300,1300,1300,1300,1360.0,▲+190,▲+17.12%,3,1,4,3,1220,1500,1300,550
TXO,202609F3,20260918.0,47050.0,Call,108,110,100,100,100.0,▼-190,▼-65.52%,0,4,4,7,98,103,885,100
TXO,202609F3,20260918.0,47050.0,Put,-,-,-,-,1400.0,-,-,0,0,0,0,1390,1420,780,570
TXO,202609F3,20260918.0,47100.0,Call,80,134,69,96,96.0,▼-179,▼-65.09%,11,27,38,21,92,95,985,69
TXO,202609F3,20260918.0,47100.0,Put,-,-,-,-,1440.0,-,-,0,0,0,3,1150,1550,945,675
TXO,202609F3,20260918.0,47150.0,Call,-,-,-,-,85.0,-,-,5,0,5,9,84,87,880,334
TXO,202609F3,20260918.0,47150.0,Put,-,-,-,-,1480.0,-,-,0,0,0,5,1190,1610,655,630
TXO,202609F3,20260918.0,47200.0,Call,60,109,60,82,82.0,▼-165,▼-66.80%,7,21,28,11,77,80,905,60
TXO,202609F3,20260918.0,47200.0,Put,-,-,-,-,1530.0,-,-,0,0,0,3,1230,1630,735,630
TXO,202609F3,20260918.0,47250.0,Call,-,-,-,-,72.0,-,-,5,0,5,3,71,74,620,298
TXO,202609F3,20260918.0,47250.0,Put,-,-,-,-,1570.0,-,-,0,0,0,1,1560,1590,650,650
TXO,202609F3,20260918.0,47300.0,Call,64,90,55,68,68.0,▼-151,▼-68.95%,6,45,51,20,65,68,810,55
TXO,202609F3,20260918.0,47300.0,Put,-,-,-,-,1620.0,-,-,0,0,0,1,1600,1630,760,660
TXO,202609F3,20260918.0,47350.0,Call,77,78,77,78,60.0,▼-131,▼-62.68%,7,2,9,8,59,62,264,77
TXO,202609F3,20260918.0,47350.0,Put,-,-,-,-,1660.0,-,-,0,0,0,1,1650,1680,785,785
TXO,202609F3,20260918.0,47400.0,Call,118,118,46.5,55,55.0,▼-139,▼-71.65%,0,21,21,10,54,57,815,46.5
TXO,202609F3,20260918.0,47400.0,Put,-,-,-,-,1700.0,-,-,0,0,0,4,1410,1830,1130,705
TXO,202609F3,20260918.0,47450.0,Call,65,74,65,74,52.0,▼-112,▼-60.22%,1,2,3,3,50,52,670,65
TXO,202609F3,20260918.0,47450.0,Put,-,-,-,-,1750.0,-,-,0,0,0,0,1740,1770,830,740
TXO,202609F3,20260918.0,47500.0,Call,50,66,37,50,50.0,▼-121,▼-70.76%,15,29,44,20,45.5,47.5,795,37
TXO,202609F3,20260918.0,47500.0,Put,-,-,-,-,1800.0,-,-,0,0,0,1,1780,1810,1030,780
TXO,202609F3,20260918.0,47550.0,Call,62,62,39,55,42.5,▼-109,▼-66.46%,2,6,8,5,41.5,44,496,39
TXO,202609F3,20260918.0,47550.0,Put,-,-,-,-,1840.0,-,-,0,0,0,0,1830,1860,-,-
TXO,202609F3,20260918.0,47600.0,Call,50,58,30.5,51,39.0,▼-98,▼-65.77%,7,15,22,14,38.5,40,600,30.5
TXO,202609F3,20260918.0,47600.0,Put,-,-,-,-,1890.0,-,-,0,0,0,1,1880,2000,1500,750
TXO,202609F3,20260918.0,47650.0,Call,30,52,30,37,37.0,▼-108,▼-74.48%,2,8,10,7,35.5,37,316,30
TXO,202609F3,20260918.0,47650.0,Put,-,-,-,-,1940.0,-,-,0,0,0,2,1830,2220,925,910
TXO,202609F3,20260918.0,47700.0,Call,40,46.5,28,46.5,33.0,▼-89.5,▼-65.81%,6,17,23,10,32.5,34,555,28
TXO,202609F3,20260918.0,47700.0,Put,-,-,-,-,1980.0,-,-,0,0,0,1,1970,2000,945,850
TXO,202609F3,20260918.0,47750.0,Call,31,37.5,31,37.5,30.5,▼-95.5,▼-71.80%,0,7,7,7,29.5,31,300,31
TXO,202609F3,20260918.0,47750.0,Put,-,-,-,-,2030.0,-,-,0,0,0,0,2020,2050,-,-
TXO,202609F3,20260918.0,47800.0,Call,28,38.5,26.5,29,29.0,▼-91,▼-75.83%,7,28,35,22,27,28.5,600,26.5
TXO,202609F3,20260918.0,47800.0,Put,-,-,-,-,2080.0,-,-,0,0,0,1,2060,2090,1000,925
TXO,202609F3,20260918.0,47850.0,Call,27,35.5,27,35.5,26.0,▼-76.5,▼-68.30%,1,4,5,4,25,26.5,142,27
TXO,202609F3,20260918.0,47850.0,Put,-,-,-,-,2130.0,-,-,0,0,0,0,2110,2140,-,-
TXO,202609F3,20260918.0,47900.0,Call,87,87,21.5,28,23.5,▼-76,▼-73.08%,1,14,15,9,23,24.5,600,21.5
TXO,202609F3,20260918.0,47900.0,Put,-,-,-,-,2170.0,-,-,0,0,0,1,2160,2190,980,980
TXO,202609F3,20260918.0,47950.0,Call,28,32,26.5,26.5,21.5,▼-65.5,▼-71.20%,3,5,8,3,21.5,22.5,110,26.5
TXO,202609F3,20260918.0,47950.0,Put,-,-,-,-,2220.0,-,-,0,0,0,0,2210,2240,-,-
TXO,202609F3,20260918.0,48000.0,Call,32,201,17,20.5,20.5,▼-70.5,▼-77.47%,24,124,148,73,20,21,555,17
TXO,202609F3,20260918.0,48000.0,Put,-,-,-,-,2270.0,-,-,0,0,0,0,2260,2290,1940,970
TXO,202609F3,20260918.0,48050.0,Call,-,-,-,-,19.0,-,-,0,0,0,0,18.5,19.5,-,-
TXO,202609F3,20260918.0,48050.0,Put,-,-,-,-,2320.0,-,-,0,0,0,0,2310,-,-,-
TXO,202609F3,20260918.0,48100.0,Call,25,25,25,25,17.5,▼-59,▼-70.24%,4,1,5,3,17,18,208,25
TXO,202609F3,20260918.0,48100.0,Put,-,-,-,-,2370.0,-,-,0,0,0,0,2350,2380,2000,1830
TXO,202609F3,20260918.0,48150.0,Call,17.5,22,17.5,22,17.0,▼-53,▼-70.67%,0,2,2,2,15.5,17,205,17.5
TXO,202609F3,20260918.0,48150.0,Put,-,-,-,-,2420.0,-,-,0,0,0,0,2400,2430,-,-
TXO,202609F3,20260918.0,48200.0,Call,71,71,15,16,16.0,▼-53,▼-76.81%,1,9,10,6,14.5,16,449,15
TXO,202609F3,20260918.0,48200.0,Put,-,-,-,-,2460.0,-,-,0,0,0,0,2450,2480,-,-
TXO,202609F3,20260918.0,48250.0,Call,-,-,-,-,14.0,-,-,0,0,0,0,13.5,15,-,-
TXO,202609F3,20260918.0,48250.0,Put,-,-,-,-,2510.0,-,-,0,0,0,0,2500,2530,-,-
TXO,202609F3,20260918.0,48300.0,Call,15,16,15,16,13.5,▼-41,▼-71.93%,1,4,5,6,12.5,14,419,15
TXO,202609F3,20260918.0,48300.0,Put,-,-,-,-,2560.0,-,-,0,0,0,0,2550,2580,-,-
TXO,202609F3,20260918.0,48350.0,Call,13,13,13,13,13.0,▼-43,▼-76.79%,1,1,2,0,12,13,58,13
TXO,202609F3,20260918.0,48350.0,Put,-,-,-,-,2610.0,-,-,0,0,0,0,2600,2630,-,-
TXO,202609F3,20260918.0,48400.0,Call,12,13.5,12,13.5,11.5,▼-37.5,▼-73.53%,0,6,6,6,11,12.5,407,12
TXO,202609F3,20260918.0,48400.0,Put,-,-,-,-,2660.0,-,-,0,0,0,0,2650,2680,2060,1280
TXO,202609F3,20260918.0,48450.0,Call,11.5,12.5,11.5,12.5,11.0,▼-36,▼-74.23%,1,2,3,0,10.5,11.5,58,11.5
TXO,202609F3,20260918.0,48450.0,Put,-,-,-,-,2710.0,-,-,0,0,0,2,2580,2990,1510,1510
TXO,202609F3,20260918.0,48500.0,Call,0.4,14,0.4,10,10.0,▼-35,▼-77.78%,20,15,35,28,10,11,400,0.4
TXO,202609F3,20260918.0,48500.0,Put,-,-,-,-,2760.0,-,-,0,0,0,0,-,2780,2300,1360
TXO,202609F3,20260918.0,48550.0,Call,-,-,-,-,9.9,-,-,0,0,0,0,9.3,10.5,-,-
TXO,202609F3,20260918.0,48550.0,Put,-,-,-,-,2810.0,-,-,0,0,0,0,2800,-,-,-
TXO,202609F3,20260918.0,48600.0,Call,9.4,11.5,9.4,11.5,9.4,▼-30.5,▼-72.62%,13,3,16,10,9,9.9,351,9.4
TXO,202609F3,20260918.0,48600.0,Put,-,-,-,-,2860.0,-,-,0,0,0,0,2850,-,-,-
TXO,202609F3,20260918.0,48650.0,Call,9.9,9.9,9.9,9.9,8.7,▼-26.6,▼-72.88%,5,1,6,5,8.3,9.2,38,9.9
TXO,202609F3,20260918.0,48650.0,Put,-,-,-,-,2910.0,-,-,0,0,0,0,2900,-,-,-
TXO,202609F3,20260918.0,48700.0,Call,8.8,11,8,11,8.5,▼-23,▼-67.65%,13,6,19,11,8.1,8.9,306,8
TXO,202609F3,20260918.0,48700.0,Put,-,-,-,-,2960.0,-,-,0,0,0,0,2940,-,-,-
TXO,202609F3,20260918.0,48800.0,Call,8.2,9.8,7.4,9.8,7.6,▼-19.7,▼-66.78%,13,20,33,23,7.2,8,300,7.4
TXO,202609F3,20260918.0,48800.0,Put,-,-,-,-,3060.0,-,-,0,0,0,0,3040,3070,-,-
TXO,202609F3,20260918.0,48900.0,Call,-,-,-,-,7.1,-,-,2,0,2,3,6.7,7.5,255,24.5
TXO,202609F3,20260918.0,48900.0,Put,-,-,-,-,3160.0,-,-,0,0,0,0,3140,3170,-,-
TXO,202609F3,20260918.0,49000.0,Call,9.8,9.8,6,6.7,6.7,▼-16.3,▼-70.87%,27,17,44,28,6,6.8,260,6
TXO,202609F3,20260918.0,49000.0,Put,-,-,-,-,3260.0,-,-,0,0,0,0,3240,3270,-,-
TXO,202609F3,20260918.0,49100.0,Call,6.3,6.3,6.3,6.3,6.3,▼-16.7,▼-72.61%,7,1,8,7,5.6,6.3,207,6.3
TXO,202609F3,20260918.0,49100.0,Put,-,-,-,-,3360.0,-,-,0,0,0,0,3340,3370,-,-
TXO,202609F3,20260918.0,49200.0,Call,9,9,5.8,6.6,5.5,▼-11.4,▼-63.33%,5,4,9,5,5.2,5.8,132,5.8
TXO,202609F3,20260918.0,49200.0,Put,-,-,-,-,3450.0,-,-,0,0,0,0,3440,3470,-,-
TXO,202609F3,20260918.0,49300.0,Call,5.5,5.5,5.4,5.4,5.4,▼-11.1,▼-67.27%,0,4,4,3,4.7,5.3,171,5.4
TXO,202609F3,20260918.0,49300.0,Put,-,-,-,-,3550.0,-,-,0,0,0,0,3540,3570,-,-
TXO,202609F3,20260918.0,49400.0,Call,-,-,-,-,4.7,-,-,0,0,0,0,4.4,5,156,13
TXO,202609F3,20260918.0,49400.0,Put,-,-,-,-,3650.0,-,-,0,0,0,0,3640,3670,-,-
TXO,202609F3,20260918.0,49500.0,Call,8,8,4.5,4.8,4.4,▼-8.2,▼-63.08%,4,5,9,14,4.2,4.6,164,4.5
TXO,202609F3,20260918.0,49500.0,Put,-,-,-,-,3750.0,-,-,0,0,0,0,3740,3770,-,-
TXO,202609F3,20260918.0,49600.0,Call,-,-,-,-,4.2,-,-,9,0,9,21,4,4.4,102,11
TXO,202609F3,20260918.0,49600.0,Put,-,-,-,-,3850.0,-,-,0,0,0,0,3840,3870,-,-
TXO,202609F3,20260918.0,49700.0,Call,4.6,4.6,4.2,4.2,4.2,▼-6.3,▼-60.00%,13,9,22,8,3.8,4.2,111,4.2
TXO,202609F3,20260918.0,49700.0,Put,-,-,-,-,3950.0,-,-,0,0,0,0,3940,3970,-,-
TXO,202609F3,20260918.0,49800.0,Call,-,-,-,-,3.8,-,-,0,0,0,4,3.6,4,79,10
TXO,202609F3,20260918.0,49800.0,Put,-,-,-,-,4050.0,-,-,0,0,0,0,4040,4070,-,-
TXO,202609F3,20260918.0,49900.0,Call,7.7,7.7,3.4,3.4,3.4,▼-6.4,▼-65.31%,2,4,6,4,3.4,3.8,110,3.4
TXO,202609F3,20260918.0,49900.0,Put,-,-,-,-,4150.0,-,-,0,0,0,0,4140,4170,-,-
TXO,202609F3,20260918.0,50000.0,Call,3.6,3.6,3.2,3.2,3.4,▼-5,▼-60.98%,0,10,10,35,3.2,3.6,104,3.2
TXO,202609F3,20260918.0,50000.0,Put,-,-,-,-,4250.0,-,-,0,0,0,0,4240,4270,-,-
TXO,202609F3,20260918.0,50100.0,Call,-,-,-,-,3.3,-,-,0,0,0,3,3.1,3.5,62,9
TXO,202609F3,20260918.0,50100.0,Put,-,-,-,-,4350.0,-,-,0,0,0,0,-,4370,-,-
TXO,202609F3,20260918.0,50200.0,Call,-,-,-,-,3.1,-,-,0,0,0,0,2.9,3.3,-,-
TXO,202609F3,20260918.0,50200.0,Put,-,-,-,-,4450.0,-,-,0,0,0,0,4430,4470,-,-
TXO,202609F3,20260918.0,50300.0,Call,-,-,-,-,3.0,-,-,0,0,0,11,2.8,3.2,75,6.5
TXO,202609F3,20260918.0,50300.0,Put,-,-,-,-,4550.0,-,-,0,0,0,0,4530,4570,-,-
TXO,202609F3,20260918.0,50400.0,Call,-,-,-,-,2.8,-,-,0,0,0,0,2.6,3,31,14.5
TXO,202609F3,20260918.0,50400.0,Put,-,-,-,-,4650.0,-,-,0,0,0,0,4630,4670,-,-
TXO,202609F3,20260918.0,50500.0,Call,-,-,-,-,2.7,-,-,19,0,19,19,2.5,2.9,41,5.5
TXO,202609F3,20260918.0,50500.0,Put,-,-,-,-,4750.0,-,-,0,0,0,0,4730,4770,-,-
TXO,202609F3,20260918.0,50600.0,Call,-,-,-,-,2.5,-,-,0,0,0,1,2.3,2.7,31.5,5.4
TXO,202609F3,20260918.0,50600.0,Put,-,-,-,-,4850.0,-,-,0,0,0,0,4830,4870,-,-
TXO,202609F3,20260918.0,50700.0,Call,-,-,-,-,2.4,-,-,7,0,7,9,2.2,2.6,11.5,4.1
TXO,202609F3,20260918.0,50700.0,Put,-,-,-,-,4950.0,-,-,0,0,0,0,4930,4970,-,-
TXO,202609F3,20260918.0,50800.0,Call,-,-,-,-,2.3,-,-,0,0,0,3,2.1,2.5,32.5,10.5
TXO,202609F3,20260918.0,50800.0,Put,-,-,-,-,5050.0,-,-,0,0,0,0,5030,5070,-,-
TXO,202609F3,20260918.0,50900.0,Call,-,-,-,-,2.1,-,-,0,0,0,3,1.9,2.3,25,25
TXO,202609F3,20260918.0,50900.0,Put,-,-,-,-,5150.0,-,-,0,0,0,0,5130,5170,-,-
TXO,202609F3,20260918.0,51000.0,Call,2.2,2.2,2.2,2.2,2.0,▼-2.3,▼-51.11%,0,1,1,1,1.8,2.2,2.2,2.2
TXO,202609F3,20260918.0,51000.0,Put,-,-,-,-,5250.0,-,-,0,0,0,0,5230,5270,-,-
TXO,202609F3,20260918.0,51100.0,Call,2,2,2,2,2.0,▼-2.3,▼-53.49%,9,2,11,10,1.7,2.1,32.5,2
TXO,202609F3,20260918.0,51100.0,Put,-,-,-,-,5350.0,-,-,0,0,0,0,5330,5370,-,-
TXO,202609F3,20260918.0,51200.0,Call,-,-,-,-,1.8,-,-,0,0,0,1,1.6,2,3.9,3.9
TXO,202609F3,20260918.0,51200.0,Put,-,-,-,-,5450.0,-,-,0,0,0,0,5430,5470,-,-
TXO,202609F3,20260918.0,51300.0,Call,2.2,2.2,2.2,2.2,1.7,▼-1.6,▼-42.11%,3,13,16,13,1.5,1.9,30.5,2.2
TXO,202609F3,20260918.0,51300.0,Put,-,-,-,-,5550.0,-,-,0,0,0,0,5530,5570,-,-
TXO,202609F3,20260918.0,51400.0,Call,-,-,-,-,1.6,-,-,0,0,0,1,1.4,1.8,11,11
TXO,202609F3,20260918.0,51400.0,Put,-,-,-,-,5650.0,-,-,0,0,0,0,5630,5670,-,-
TXO,202609F3,20260918.0,51500.0,Call,-,-,-,-,1.5,-,-,0,0,0,1,1.3,1.7,16,16
TXO,202609F3,20260918.0,51500.0,Put,-,-,-,-,5750.0,-,-,0,0,0,0,5730,5770,-,-
TXO,202609F3,20260918.0,51600.0,Call,-,-,-,-,1.3,-,-,3,0,3,3,1.2,1.5,2.6,2.6
TXO,202609F3,20260918.0,51600.0,Put,-,-,-,-,5850.0,-,-,0,0,0,0,5830,5870,-,-
TXO,202609F3,20260918.0,51700.0,Call,1.4,1.4,1.4,1.4,1.3,▼-1.9,▼-57.58%,0,1,1,1,1.1,1.5,1.4,1.4
TXO,202609F3,20260918.0,51700.0,Put,-,-,-,-,5950.0,-,-,0,0,0,0,5930,5970,-,-
TXO,202609F3,20260918.0,51800.0,Call,-,-,-,-,1.2,-,-,0,0,0,0,1.1,1.4,-,-
TXO,202609F3,20260918.0,51800.0,Put,-,-,-,-,6050.0,-,-,0,0,0,0,6030,6070,-,-
TXO,202609F3,20260918.0,51900.0,Call,-,-,-,-,1.1,-,-,0,0,0,0,1,1.3,-,-
TXO,202609F3,20260918.0,51900.0,Put,-,-,-,-,6150.0,-,-,0,0,0,0,6130,6170,-,-
TXO,202609F3,20260918.0,52000.0,Call,-,-,-,-,1.0,-,-,35,0,35,35,0.9,1.2,14.5,2.1
TXO,202609F3,20260918.0,52000.0,Put,-,-,-,-,6250.0,-,-,0,0,0,0,6230,6270,-,-
TXO,202609F3,20260918.0,52100.0,Call,1.1,1.1,1.1,1.1,1.0,▼-1.7,▼-60.71%,8,1,9,15,0.8,1.2,16.5,1.1
TXO,202609F3,20260918.0,52100.0,Put,-,-,-,-,6350.0,-,-,0,0,0,0,6330,6370,-,-
TXO,202609W4,20260923.0,41500.0,Call,-,-,-,-,4300.0,-,-,0,0,0,0,4290,4320,-,-
TXO,202609W4,20260923.0,41500.0,Put,51,57,41,48.5,48.5,▲+11,▲+29.33%,0,111,111,73,48,49,57,41
TXO,202609W4,20260923.0,41600.0,Call,-,-,-,-,4210.0,-,-,0,0,0,0,4190,4220,-,-
TXO,202609W4,20260923.0,41600.0,Put,-,-,-,-,51.0,-,-,0,0,0,0,51,53,-,-
TXO,202609W4,20260923.0,41700.0,Call,-,-,-,-,4110.0,-,-,0,0,0,0,4090,4130,-,-
TXO,202609W4,20260923.0,41700.0,Put,49.5,55,49.5,55,53.0,▲+13.5,▲+32.53%,0,60,60,60,53,55,55,49.5
TXO,202609W4,20260923.0,41800.0,Call,-,-,-,-,4010.0,-,-,0,0,0,0,4000,4030,-,-
TXO,202609W4,20260923.0,41800.0,Put,-,-,-,-,56.0,-,-,0,0,0,0,56,58,-,-
TXO,202609W4,20260923.0,41900.0,Call,-,-,-,-,3910.0,-,-,0,0,0,0,3900,3930,-,-
TXO,202609W4,20260923.0,41900.0,Put,66,66,54,54,59.0,▲+8,▲+17.39%,0,7,7,5,59,64,66,54
TXO,202609W4,20260923.0,42000.0,Call,-,-,-,-,3820.0,-,-,0,0,0,0,3720,3840,-,-
TXO,202609W4,20260923.0,42000.0,Put,70,76,62,63,63.0,▲+14.5,▲+29.90%,0,46,46,41,62,64,76,62
TXO,202609W4,20260923.0,42100.0,Call,-,-,-,-,3720.0,-,-,0,0,0,0,3620,3740,-,-
TXO,202609W4,20260923.0,42100.0,Put,73,73,73,73,65.0,▲+19,▲+35.19%,0,5,5,5,65,68,73,73
TXO,202609W4,20260923.0,42200.0,Call,-,-,-,-,3620.0,-,-,0,0,0,0,3520,3640,-,-
TXO,202609W4,20260923.0,42200.0,Put,85,85,60,70,69.0,▲+10,▲+16.67%,47,34,81,120,69,71,85,36
TXO,202609W4,20260923.0,42300.0,Call,-,-,-,-,3530.0,-,-,0,0,0,0,3430,3550,-,-
TXO,202609W4,20260923.0,42300.0,Put,91,97,64,67,73.0,▲+4,▲+6.35%,74,21,95,332,73,76,97,37
TXO,202609W4,20260923.0,42400.0,Call,-,-,-,-,3430.0,-,-,0,0,0,0,3330,3450,-,-
TXO,202609W4,20260923.0,42400.0,Put,75,75,70,70,77.0,▲+3,▲+4.48%,0,2,2,2,77,80,75,44.5
TXO,202609W4,20260923.0,42500.0,Call,-,-,-,-,3340.0,-,-,0,0,0,0,3230,3350,-,-
TXO,202609W4,20260923.0,42500.0,Put,90,105,69,83,82.0,▲+11,▲+15.28%,7,21,28,42,82,85,105,42.5
TXO,202609W4,20260923.0,42600.0,Call,-,-,-,-,3240.0,-,-,0,0,0,0,3140,3260,-,-
TXO,202609W4,20260923.0,42600.0,Put,117,117,80,80,87.0,▲+5,▲+6.67%,0,3,3,18,87,90,117,47.5
TXO,202609W4,20260923.0,42700.0,Call,-,-,-,-,3150.0,-,-,0,0,0,0,3040,3170,-,-
TXO,202609W4,20260923.0,42700.0,Put,117,117,117,117,93.0,▲+37,▲+46.25%,2,1,3,19,93,96,117,51
TXO,202609W4,20260923.0,42800.0,Call,-,-,-,-,3050.0,-,-,0,0,0,0,2950,3070,-,-
TXO,202609W4,20260923.0,42800.0,Put,129,130,129,130,98.0,▲+45,▲+52.94%,8,2,10,23,98,101,130,57
TXO,202609W4,20260923.0,42900.0,Call,-,-,-,-,2960.0,-,-,0,0,0,0,2850,2980,-,-
TXO,202609W4,20260923.0,42900.0,Put,150,153,103,103,103.0,▲+12,▲+13.19%,3,7,10,22,105,108,153,60
TXO,202609W4,20260923.0,43000.0,Call,-,-,-,-,2860.0,-,-,0,0,0,0,2760,2880,-,-
TXO,202609W4,20260923.0,43000.0,Put,120,149,90,111,111.0,▲+12,▲+12.12%,75,97,172,89,112,115,149,58
TXO,202609W4,20260923.0,43100.0,Call,-,-,-,-,2770.0,-,-,0,0,0,0,2660,2790,-,-
TXO,202609W4,20260923.0,43100.0,Put,-,-,-,-,119.0,-,-,2,0,2,10,119,122,90,69
TXO,202609W4,20260923.0,43200.0,Call,-,-,-,-,2680.0,-,-,0,0,0,0,2570,2700,-,-
TXO,202609W4,20260923.0,43200.0,Put,-,-,-,-,127.0,-,-,0,0,0,10,127,130,90,76
TXO,202609W4,20260923.0,43300.0,Call,-,-,-,-,2590.0,-,-,0,0,0,0,2480,2610,-,-
TXO,202609W4,20260923.0,43300.0,Put,158,163,120,138,138.0,▲+22,▲+18.97%,9,10,19,8,135,140,163,67
TXO,202609W4,20260923.0,43400.0,Call,-,-,-,-,2500.0,-,-,0,0,0,0,2390,2520,-,-
TXO,202609W4,20260923.0,43400.0,Put,193,193,139,139,139.0,▲+16,▲+13.01%,0,3,3,6,144,149,193,72
TXO,202609W4,20260923.0,43500.0,Call,-,-,-,-,2410.0,-,-,0,0,0,0,2290,2430,-,-
TXO,202609W4,20260923.0,43500.0,Put,190,210,129,157,157.0,▲+25,▲+18.94%,2,39,41,28,154,159,210,81
TXO,202609W4,20260923.0,43600.0,Call,-,-,-,-,2320.0,-,-,0,0,0,0,2200,2340,-,-
TXO,202609W4,20260923.0,43600.0,Put,-,-,-,-,165.0,-,-,0,0,0,4,165,170,183,91
TXO,202609W4,20260923.0,43700.0,Call,-,-,-,-,2230.0,-,-,0,0,0,0,2110,2250,-,-
TXO,202609W4,20260923.0,43700.0,Put,173,173,168,168,168.0,▲+17,▲+11.26%,4,2,6,9,178,182,207,87
TXO,202609W4,20260923.0,43800.0,Call,-,-,-,-,2140.0,-,-,0,0,0,0,2020,2160,-,-
TXO,202609W4,20260923.0,43800.0,Put,181,181,168,171,191.0,▲+10,▲+6.21%,4,5,9,13,191,195,217,95
TXO,202609W4,20260923.0,43900.0,Call,-,-,-,-,2060.0,-,-,0,0,0,0,1940,2340,-,-
TXO,202609W4,20260923.0,43900.0,Put,268,290,171,171,204.0,▼-2,▼-1.16%,0,5,5,8,204,210,290,132
TXO,202609W4,20260923.0,44000.0,Call,-,-,-,-,1970.0,-,-,0,0,0,0,1850,1990,-,-
TXO,202609W4,20260923.0,44000.0,Put,223,312,181,223,223.0,▲+30,▲+15.54%,110,142,252,148,219,224,312,99
TXO,202609W4,20260923.0,44100.0,Call,-,-,-,-,1880.0,-,-,0,0,0,0,1760,1910,-,-
TXO,202609W4,20260923.0,44100.0,Put,205,330,205,232,228.0,▲+22,▲+10.48%,3,6,9,2,235,241,330,113
TXO,202609W4,20260923.0,44200.0,Call,-,-,-,-,1800.0,-,-,0,0,0,0,1680,1830,-,-
TXO,202609W4,20260923.0,44200.0,Put,232,232,229,229,229.0,▲+17,▲+8.02%,25,20,45,5,253,259,245,133
TXO,202609W4,20260923.0,44300.0,Call,-,-,-,-,1720.0,-,-,0,0,0,0,1590,1750,-,-
TXO,202609W4,20260923.0,44300.0,Put,250,250,250,250,250.0,▲+23,▲+10.13%,0,1,1,16,272,277,250,120
TXO,202609W4,20260923.0,44400.0,Call,-,-,-,-,1640.0,-,-,1,0,1,0,1510,1670,2130,2130
TXO,202609W4,20260923.0,44400.0,Put,289,289,253,253,292.0,▲+9,▲+3.69%,2,6,8,8,292,299,303,144
TXO,202609W4,20260923.0,44500.0,Call,-,-,-,-,1560.0,-,-,0,0,0,0,1550,1590,-,-
TXO,202609W4,20260923.0,44500.0,Put,400,437,281,313,313.0,▲+52,▲+19.92%,3,7,10,13,313,320,437,135
TXO,202609W4,20260923.0,44600.0,Call,-,-,-,-,1480.0,-,-,1,0,1,1,1350,1510,2050,2050
TXO,202609W4,20260923.0,44600.0,Put,445,445,307,315,315.0,▲+35,▲+12.50%,3,6,9,4,335,342,445,147
TXO,202609W4,20260923.0,44700.0,Call,-,-,-,-,1410.0,-,-,0,0,0,0,1380,1440,-,-
TXO,202609W4,20260923.0,44700.0,Put,489,499,330,344,344.0,▲+43,▲+14.29%,1,4,5,7,360,366,499,180
TXO,202609W4,20260923.0,44800.0,Call,-,-,-,-,1340.0,-,-,0,0,0,0,1340,1360,-,-
TXO,202609W4,20260923.0,44800.0,Put,510,510,373,373,373.0,▲+40,▲+12.01%,1,6,7,12,386,393,510,12
TXO,202609W4,20260923.0,44850.0,Call,-,-,-,-,1300.0,-,-,0,0,0,0,1300,1320,-,-
TXO,202609W4,20260923.0,44850.0,Put,-,-,-,-,399.0,-,-,0,0,0,0,399,406,-,-
TXO,202609W4,20260923.0,44900.0,Call,-,-,-,-,1260.0,-,-,0,0,0,0,1260,1280,-,-
TXO,202609W4,20260923.0,44900.0,Put,510,510,510,510,414.0,▲+166,▲+48.26%,2,1,3,7,414,421,510,174
TXO,202609W4,20260923.0,44950.0,Call,-,-,-,-,1230.0,-,-,0,0,0,0,1230,1250,-,-
TXO,202609W4,20260923.0,44950.0,Put,-,-,-,-,428.0,-,-,0,0,0,0,428,435,-,-
TXO,202609W4,20260923.0,45000.0,Call,-,-,-,-,1190.0,-,-,0,0,0,0,1190,1210,-,-
TXO,202609W4,20260923.0,45000.0,Put,450,630,400,414,445.0,▲+49,▲+13.42%,36,103,139,84,445,452,630,210
TXO,202609W4,20260923.0,45050.0,Call,-,-,-,-,1160.0,-,-,0,0,0,0,1160,1180,-,-
TXO,202609W4,20260923.0,45050.0,Put,-,-,-,-,459.0,-,-,0,0,0,0,459,466,-,-
TXO,202609W4,20260923.0,45100.0,Call,-,-,-,-,1130.0,-,-,0,0,0,0,1130,1150,-,-
TXO,202609W4,20260923.0,45100.0,Put,620,620,445,445,474.0,▲+52,▲+13.23%,0,4,4,27,474,481,620,248
TXO,202609W4,20260923.0,45150.0,Call,-,-,-,-,1100.0,-,-,0,0,0,0,1090,1110,-,-
TXO,202609W4,20260923.0,45150.0,Put,-,-,-,-,492.0,-,-,0,0,0,0,490,497,-,-
TXO,202609W4,20260923.0,45200.0,Call,-,-,-,-,1070.0,-,-,0,0,0,0,1060,1080,-,-
TXO,202609W4,20260923.0,45200.0,Put,680,680,680,680,510.0,▲+243,▲+55.61%,6,1,7,24,505,515,680,205
TXO,202609W4,20260923.0,45250.0,Call,-,-,-,-,1040.0,-,-,0,0,0,0,1030,1050,-,-
TXO,202609W4,20260923.0,45250.0,Put,-,-,-,-,530.0,-,-,0,0,0,0,525,535,-,-
TXO,202609W4,20260923.0,45300.0,Call,-,-,-,-,1010.0,-,-,0,0,0,1,1000,1010,1350,1350
TXO,202609W4,20260923.0,45300.0,Put,600,600,525,525,550.0,▲+74,▲+16.41%,1,3,4,32,540,550,600,259
TXO,202609W4,20260923.0,45350.0,Call,-,-,-,-,980.0,-,-,0,0,0,0,965,980,-,-
TXO,202609W4,20260923.0,45350.0,Put,-,-,-,-,570.0,-,-,0,0,0,0,560,570,-,-
TXO,202609W4,20260923.0,45400.0,Call,750,750,750,750,950.0,▼-570,▼-43.18%,0,1,1,1,935,950,1180,750
TXO,202609W4,20260923.0,45400.0,Put,780,780,500,550,590.0,▲+71,▲+14.82%,0,13,13,56,580,590,780,242
TXO,202609W4,20260923.0,45450.0,Call,-,-,-,-,920.0,-,-,0,0,0,0,905,920,-,-
TXO,202609W4,20260923.0,45450.0,Put,-,-,-,-,610.0,-,-,0,0,0,0,600,610,-,-
TXO,202609W4,20260923.0,45500.0,Call,710,710,710,710,885.0,▼-550,▼-43.65%,0,1,1,1,875,885,710,710
TXO,202609W4,20260923.0,45500.0,Put,-,-,-,-,630.0,-,-,0,0,0,67,620,630,615,250
TXO,202609W4,20260923.0,45550.0,Call,-,-,-,-,860.0,-,-,0,0,0,0,845,860,-,-
TXO,202609W4,20260923.0,45550.0,Put,850,850,850,850,650.0,▲+320,▲+60.38%,1,1,2,0,640,650,850,490
TXO,202609W4,20260923.0,45600.0,Call,750,900,650,885,830.0,▼-305,▼-25.63%,70,28,98,2,815,830,1290,650
TXO,202609W4,20260923.0,45600.0,Put,810,810,725,725,670.0,▲+180,▲+33.03%,1,2,3,6,660,670,810,278
TXO,202609W4,20260923.0,45650.0,Call,-,-,-,-,800.0,-,-,0,0,0,0,790,800,-,-
TXO,202609W4,20260923.0,45650.0,Put,770,770,770,770,690.0,▲+205,▲+36.28%,0,1,1,0,680,690,770,650
TXO,202609W4,20260923.0,45700.0,Call,-,-,-,-,775.0,-,-,0,0,0,1,760,775,1230,1230
TXO,202609W4,20260923.0,45700.0,Put,-,-,-,-,715.0,-,-,0,0,0,36,700,715,695,393
TXO,202609W4,20260923.0,45750.0,Call,755,755,755,755,755.0,▼-345,▼-31.36%,0,1,1,1,735,745,755,755
TXO,202609W4,20260923.0,45750.0,Put,720,720,720,720,735.0,▲+115,▲+19.01%,0,1,1,2,725,735,720,427
TXO,202609W4,20260923.0,45800.0,Call,-,-,-,-,720.0,-,-,0,0,0,1,705,720,1070,1070
TXO,202609W4,20260923.0,45800.0,Put,-,-,-,-,760.0,-,-,0,0,0,13,750,760,740,315
TXO,202609W4,20260923.0,45850.0,Call,-,-,-,-,690.0,-,-,0,0,0,0,680,690,-,-
TXO,202609W4,20260923.0,45850.0,Put,-,-,-,-,785.0,-,-,0,0,0,5,770,785,373,373
TXO,202609W4,20260923.0,45900.0,Call,540,760,540,665,665.0,▼-345,▼-34.16%,0,12,12,9,650,665,760,540
TXO,202609W4,20260923.0,45900.0,Put,935,935,740,795,805.0,▲+135,▲+20.45%,2,8,10,8,795,805,935,384
TXO,202609W4,20260923.0,45950.0,Call,640,640,630,630,640.0,▼-345,▼-35.38%,0,6,6,6,625,640,640,630
TXO,202609W4,20260923.0,45950.0,Put,820,830,820,830,830.0,▲+150,▲+22.06%,0,6,6,6,820,830,830,397
TXO,202609W4,20260923.0,46000.0,Call,505,705,505,610,615.0,▼-320,▼-34.41%,7,13,20,12,605,615,1140,505
TXO,202609W4,20260923.0,46000.0,Put,1000,1000,765,845,855.0,▲+130,▲+18.18%,15,12,27,27,845,855,1000,343
TXO,202609W4,20260923.0,46050.0,Call,448,650,448,650,590.0,▼-270,▼-29.35%,0,2,2,1,580,590,1520,448
TXO,202609W4,20260923.0,46050.0,Put,-,-,-,-,885.0,-,-,0,0,0,29,870,885,670,510
TXO,202609W4,20260923.0,46100.0,Call,-,-,-,-,570.0,-,-,0,0,0,4,555,570,1750,820
TXO,202609W4,20260923.0,46100.0,Put,-,-,-,-,910.0,-,-,0,0,0,0,895,910,-,-
TXO,202609W4,20260923.0,46150.0,Call,540,540,540,540,540.0,▼-310,▼-36.47%,0,2,2,2,535,545,850,540
TXO,202609W4,20260923.0,46150.0,Put,930,930,930,930,935.0,▲+160,▲+20.78%,0,2,2,6,925,935,930,450
TXO,202609W4,20260923.0,46200.0,Call,408,530,408,515,520.0,▼-310,▼-37.58%,0,4,4,4,510,520,1700,408
TXO,202609W4,20260923.0,46200.0,Put,1180,1180,870,955,965.0,▲+165,▲+20.89%,2,5,7,7,950,965,1180,600
TXO,202609W4,20260923.0,46250.0,Call,393,498,393,498,498.0,▼-312,▼-38.52%,0,2,2,1,492,500,885,393
TXO,202609W4,20260923.0,46250.0,Put,1260,1260,1260,1260,990.0,▲+445,▲+54.60%,0,2,2,0,980,990,1260,840
TXO,202609W4,20260923.0,46300.0,Call,425,500,380,500,477.0,▼-275,▼-35.48%,11,7,18,12,470,477,1600,380
TXO,202609W4,20260923.0,46300.0,Put,-,-,-,-,1030.0,-,-,2,0,2,7,1010,1030,950,555
TXO,202609W4,20260923.0,46350.0,Call,-,-,-,-,456.0,-,-,0,0,0,1,449,456,675,675
TXO,202609W4,20260923.0,46350.0,Put,-,-,-,-,1050.0,-,-,0,0,0,5,1030,1050,1020,443
TXO,202609W4,20260923.0,46400.0,Call,-,-,-,-,436.0,-,-,0,0,0,1,428,436,1080,705
TXO,202609W4,20260923.0,46400.0,Put,950,1020,950,1020,1080.0,▲+140,▲+15.91%,0,65,65,5,1060,1080,1020,950
TXO,202609W4,20260923.0,46450.0,Call,410,410,410,410,416.0,▼-290,▼-41.43%,0,2,2,2,409,416,410,410
TXO,202609W4,20260923.0,46450.0,Put,1110,1110,1110,1110,1110.0,▲+205,▲+22.65%,0,2,2,2,1100,1110,1110,1110
TXO,202609W4,20260923.0,46500.0,Call,356,455,346,455,397.0,▼-220,▼-32.59%,6,6,12,11,390,397,985,346
TXO,202609W4,20260923.0,46500.0,Put,1070,1070,1070,1070,1150.0,▲+140,▲+15.05%,2,1,3,7,1130,1150,1070,565
TXO,202609W4,20260923.0,46550.0,Call,-,-,-,-,380.0,-,-,10,0,10,10,373,380,775,695
TXO,202609W4,20260923.0,46550.0,Put,-,-,-,-,1180.0,-,-,0,0,0,6,1160,1180,575,530
TXO,202609W4,20260923.0,46600.0,Call,320,432,320,426,361.0,▼-204,▼-32.38%,10,6,16,14,354,361,950,320
TXO,202609W4,20260923.0,46600.0,Put,1250,1270,1250,1270,1210.0,▲+285,▲+28.93%,2,2,4,5,1190,1210,1270,585
TXO,202609W4,20260923.0,46650.0,Call,-,-,-,-,345.0,-,-,10,0,10,11,339,345,720,540
TXO,202609W4,20260923.0,46650.0,Put,-,-,-,-,1240.0,-,-,0,0,0,6,1220,1240,610,565
TXO,202609W4,20260923.0,46700.0,Call,320,320,320,320,327.0,▼-265,▼-45.30%,14,1,15,11,320,327,895,320
TXO,202609W4,20260923.0,46700.0,Put,1250,1250,1250,1250,1280.0,▲+210,▲+20.19%,2,5,7,12,1260,1280,1250,630
TXO,202609W4,20260923.0,46750.0,Call,305,371,305,371,311.0,▼-194,▼-34.34%,10,5,15,15,304,311,840,305
TXO,202609W4,20260923.0,46750.0,Put,-,-,-,-,1310.0,-,-,0,0,0,10,1290,1310,840,645
TXO,202609W4,20260923.0,46800.0,Call,253,333,253,302,302.0,▼-243,▼-44.59%,5,3,8,9,290,296,825,253
TXO,202609W4,20260923.0,46800.0,Put,1300,1300,1220,1220,1350.0,▲+120,▲+10.91%,3,2,5,21,1190,1520,1300,665
TXO,202609W4,20260923.0,46850.0,Call,260,271,221,271,282.0,▼-249,▼-47.88%,12,8,20,10,276,282,800,221
TXO,202609W4,20260923.0,46850.0,Put,-,-,-,-,1380.0,-,-,0,0,0,5,1360,1380,685,685
TXO,202609W4,20260923.0,46900.0,Call,300,317,215,301,267.0,▼-199,▼-39.80%,17,9,26,18,261,267,850,215
TXO,202609W4,20260923.0,46900.0,Put,-,-,-,-,1420.0,-,-,0,0,0,8,1190,1420,1350,705
TXO,202609W4,20260923.0,46950.0,Call,205,205,205,205,254.0,▼-281,▼-57.82%,5,1,6,6,248,254,575,205
TXO,202609W4,20260923.0,46950.0,Put,-,-,-,-,1460.0,-,-,0,0,0,6,1430,1460,725,650
TXO,202609W4,20260923.0,47000.0,Call,208,296,180,238,238.0,▼-227,▼-48.82%,9,39,48,43,235,241,1190,180
TXO,202609W4,20260923.0,47000.0,Put,-,-,-,-,1490.0,-,-,0,0,0,5,1220,1490,960,640
TXO,202609W4,20260923.0,47050.0,Call,234,234,228,228,228.0,▼-219,▼-48.99%,5,2,7,5,222,227,530,228
TXO,202609W4,20260923.0,47050.0,Put,-,-,-,-,1530.0,-,-,0,0,0,0,1500,1530,-,-
TXO,202609W4,20260923.0,47100.0,Call,190,256,163,256,216.0,▼-174,▼-40.47%,8,6,14,7,211,216,690,163
TXO,202609W4,20260923.0,47100.0,Put,-,-,-,-,1570.0,-,-,0,0,0,1,1290,1570,1360,1020
TXO,202609W4,20260923.0,47150.0,Call,252,252,252,252,205.0,▼-161,▼-38.98%,6,1,7,5,199,205,487,252
TXO,202609W4,20260923.0,47150.0,Put,-,-,-,-,1600.0,-,-,0,0,0,5,1580,1610,810,810
TXO,202609W4,20260923.0,47200.0,Call,162,201,162,200,200.0,▼-197,▼-49.62%,5,12,17,11,186,193,890,162
TXO,202609W4,20260923.0,47200.0,Put,1550,1550,1550,1550,1640.0,▲+200,▲+14.81%,0,1,1,6,1330,1650,1550,835
TXO,202609W4,20260923.0,47250.0,Call,-,-,-,-,182.0,-,-,5,0,5,0,177,182,915,449
TXO,202609W4,20260923.0,47250.0,Put,-,-,-,-,1680.0,-,-,0,0,0,5,1660,-,1020,855
TXO,202609W4,20260923.0,47300.0,Call,210,210,177,177,177.0,▼-187,▼-51.37%,5,2,7,5,166,172,910,177
TXO,202609W4,20260923.0,47300.0,Put,-,-,-,-,1720.0,-,-,0,0,0,2,1700,-,995,740
TXO,202609W4,20260923.0,47350.0,Call,136,195,136,195,163.0,▼-154,▼-44.13%,5,3,8,7,158,163,900,136
TXO,202609W4,20260923.0,47350.0,Put,-,-,-,-,1760.0,-,-,0,0,0,5,1740,1770,905,765
TXO,202609W4,20260923.0,47400.0,Call,160,160,160,160,160.0,▼-174,▼-52.10%,2,1,3,7,150,155,910,160
TXO,202609W4,20260923.0,47400.0,Put,-,-,-,-,1800.0,-,-,0,0,0,0,1780,1810,-,-
TXO,202609W4,20260923.0,47450.0,Call,-,-,-,-,145.0,-,-,0,0,0,0,141,145,-,-
TXO,202609W4,20260923.0,47450.0,Put,-,-,-,-,1840.0,-,-,0,0,0,0,1820,1850,-,-
TXO,202609W4,20260923.0,47500.0,Call,120,174,106,172,137.0,▼-133,▼-43.61%,2,77,79,38,133,137,328,106
TXO,202609W4,20260923.0,47500.0,Put,-,-,-,-,1880.0,-,-,4,0,4,0,1620,1890,1400,1300
TXO,202609W4,20260923.0,47550.0,Call,131,131,131,131,131.0,▼-161,▼-55.14%,0,1,1,1,125,129,131,131
TXO,202609W4,20260923.0,47550.0,Put,-,-,-,-,1930.0,-,-,0,0,0,0,1900,1930,-,-
TXO,202609W4,20260923.0,47600.0,Call,108,153,96,137,121.0,▼-141,▼-50.72%,2,7,9,2,117,121,333,96
TXO,202609W4,20260923.0,47600.0,Put,-,-,-,-,1970.0,-,-,0,0,0,0,1950,-,-,-
TXO,202609W4,20260923.0,47650.0,Call,100,150,100,113,113.0,▼-153,▼-57.52%,1,6,7,2,109,114,319,100
TXO,202609W4,20260923.0,47650.0,Put,-,-,-,-,2010.0,-,-,0,0,0,0,1990,2020,-,-
TXO,202609W4,20260923.0,47700.0,Call,108,127,108,127,108.0,▼-128,▼-50.20%,0,3,3,3,103,108,127,108
TXO,202609W4,20260923.0,47700.0,Put,-,-,-,-,2050.0,-,-,0,0,0,0,2030,2060,-,-
TXO,202609W4,20260923.0,47750.0,Call,-,-,-,-,102.0,-,-,1,0,1,3,97,102,410,272
TXO,202609W4,20260923.0,47750.0,Put,-,-,-,-,2100.0,-,-,0,0,0,0,2080,-,-,-
TXO,202609W4,20260923.0,47800.0,Call,-,-,-,-,97.0,-,-,2,0,2,3,92,97,400,216
TXO,202609W4,20260923.0,47800.0,Put,-,-,-,-,2140.0,-,-,0,0,0,0,2120,2150,-,-
TXO,202609W4,20260923.0,47850.0,Call,-,-,-,-,90.0,-,-,0,0,0,2,87,90,555,555
TXO,202609W4,20260923.0,47850.0,Put,-,-,-,-,2190.0,-,-,0,0,0,0,2160,2190,-,-
TXO,202609W4,20260923.0,47900.0,Call,100,100,100,100,85.0,▼-110,▼-52.38%,0,2,2,3,82,85,535,100
TXO,202609W4,20260923.0,47900.0,Put,-,-,-,-,2230.0,-,-,0,0,0,0,2210,2240,-,-
TXO,202609W4,20260923.0,47950.0,Call,-,-,-,-,79.0,-,-,1,0,1,1,76,79,214,214
TXO,202609W4,20260923.0,47950.0,Put,-,-,-,-,2270.0,-,-,0,0,0,0,2250,2280,-,-
TXO,202609W4,20260923.0,48000.0,Call,111,111,61,74,74.0,▼-112,▼-60.22%,19,82,101,84,72,75,605,61
TXO,202609W4,20260923.0,48000.0,Put,-,-,-,-,2320.0,-,-,0,0,0,0,2060,2330,-,-
TXO,202609W4,20260923.0,48050.0,Call,90,90,78,78,70.0,▼-104,▼-57.14%,0,2,2,3,67,70,142,78
TXO,202609W4,20260923.0,48050.0,Put,-,-,-,-,2360.0,-,-,0,0,0,0,2350,-,-,-
TXO,202609W4,20260923.0,48100.0,Call,57,57,57,57,66.0,▼-115,▼-66.86%,0,2,2,0,64,66,394,57
TXO,202609W4,20260923.0,48100.0,Put,-,-,-,-,2410.0,-,-,0,0,0,0,2390,2420,-,-
TXO,202609W4,20260923.0,48150.0,Call,-,-,-,-,62.0,-,-,0,0,0,1,59,62,590,133
TXO,202609W4,20260923.0,48150.0,Put,-,-,-,-,2460.0,-,-,0,0,0,0,2440,2470,-,-
TXO,202609W4,20260923.0,48200.0,Call,61,61,59,59,59.0,▼-97,▼-62.18%,1,2,3,50,56,59,461,59
TXO,202609W4,20260923.0,48200.0,Put,-,-,-,-,2500.0,-,-,0,0,0,0,2480,2510,-,-
TXO,202609W4,20260923.0,48250.0,Call,60,69,60,69,55.0,▼-79,▼-53.38%,0,3,3,7,52,55,475,60
TXO,202609W4,20260923.0,48250.0,Put,-,-,-,-,2550.0,-,-,0,0,0,0,2530,2560,-,-
TXO,202609W4,20260923.0,48300.0,Call,54,62,54,62,52.0,▼-79,▼-56.03%,0,18,18,5,50,52,159,54
TXO,202609W4,20260923.0,48300.0,Put,-,-,-,-,2600.0,-,-,0,0,0,0,2580,2610,-,-
TXO,202609W4,20260923.0,48350.0,Call,58,63,58,63,49.0,▼-74,▼-54.01%,2,29,31,29,47,49,450,58
TXO,202609W4,20260923.0,48350.0,Put,-,-,-,-,2640.0,-,-,0,0,0,0,2620,-,-,-
TXO,202609W4,20260923.0,48400.0,Call,46.5,56,46,46,47.0,▼-88,▼-65.67%,1,9,10,10,44.5,47,425,46
TXO,202609W4,20260923.0,48400.0,Put,-,-,-,-,2690.0,-,-,0,0,0,0,2670,2700,-,-
TXO,202609W4,20260923.0,48450.0,Call,52,52,52,52,44.0,▼-69,▼-57.02%,1,1,2,5,41.5,44,450,52
TXO,202609W4,20260923.0,48450.0,Put,-,-,-,-,2740.0,-,-,0,0,0,0,2720,2750,-,-
TXO,202609W4,20260923.0,48500.0,Call,90,90,37,40,41.5,▼-75,▼-65.22%,10,53,63,54,40,41.5,441,37
TXO,202609W4,20260923.0,48500.0,Put,-,-,-,-,2780.0,-,-,0,0,0,0,2770,2800,-,-
TXO,202609W4,20260923.0,48550.0,Call,-,-,-,-,39.0,-,-,0,0,0,0,37.5,39,-,-
TXO,202609W4,20260923.0,48550.0,Put,-,-,-,-,2830.0,-,-,0,0,0,0,2810,-,-,-
TXO,202609W4,20260923.0,48600.0,Call,35,41,35,41,37.0,▼-61,▼-59.80%,0,4,4,0,35.5,37,331,35
TXO,202609W4,20260923.0,48600.0,Put,-,-,-,-,2880.0,-,-,0,0,0,0,2860,2890,-,-
TXO,202609W4,20260923.0,48700.0,Call,32.5,34,32,34,34.0,▼-62,▼-64.58%,14,3,17,14,32,33.5,365,32
TXO,202609W4,20260923.0,48700.0,Put,-,-,-,-,2980.0,-,-,0,0,0,0,2960,2990,-,-
TXO,202609W4,20260923.0,48800.0,Call,29.5,34.5,29.5,32.5,32.5,▼-49.5,▼-60.37%,0,6,6,11,29,30.5,188,29.5
TXO,202609W4,20260923.0,48800.0,Put,-,-,-,-,3070.0,-,-,0,0,0,0,3050,-,-,-
TXO,202609W4,20260923.0,48900.0,Call,27,27,27,27,27.0,▼-51,▼-65.38%,1,1,2,2,26.5,27.5,250,27
TXO,202609W4,20260923.0,48900.0,Put,-,-,-,-,3170.0,-,-,0,0,0,0,3150,3180,-,-
TXO,202609W4,20260923.0,49000.0,Call,51,51,23,30,25.0,▼-36,▼-54.55%,44,13,57,20,24,25,291,23
TXO,202609W4,20260923.0,49000.0,Put,-,-,-,-,3270.0,-,-,0,0,0,0,3250,3280,-,-
TXO,202609W4,20260923.0,49100.0,Call,22.5,25,22.5,25,23.0,▼-36,▼-59.02%,5,4,9,5,22,23,134,22.5
TXO,202609W4,20260923.0,49100.0,Put,-,-,-,-,3360.0,-,-,0,0,0,0,3350,3380,-,-
TXO,202609W4,20260923.0,49200.0,Call,-,-,-,-,21.0,-,-,0,0,0,2,20,21,75,54
TXO,202609W4,20260923.0,49200.0,Put,-,-,-,-,3460.0,-,-,0,0,0,0,3440,3480,-,-
TXO,202609W4,20260923.0,49300.0,Call,20.5,21.5,20.5,21.5,19.5,▼-27,▼-55.67%,6,2,8,6,18.5,19.5,243,20.5
TXO,202609W4,20260923.0,49300.0,Put,-,-,-,-,3560.0,-,-,0,0,0,0,3540,-,-,-
TXO,202609W4,20260923.0,49400.0,Call,19,20,19,20,18.5,▼-24,▼-54.55%,0,2,2,6,17,18.5,225,19
TXO,202609W4,20260923.0,49400.0,Put,-,-,-,-,3660.0,-,-,0,0,0,0,3640,-,-,-
TXO,202609W4,20260923.0,49500.0,Call,16,17.5,16,16,17.0,▼-24.5,▼-60.49%,60,5,65,60,16,17,206,16
TXO,202609W4,20260923.0,49500.0,Put,-,-,-,-,3760.0,-,-,0,0,0,0,3740,3770,-,-
TXO,202609W4,20260923.0,49600.0,Call,16,18.5,14.5,18.5,16.0,▼-17.5,▼-48.61%,4,15,19,10,15,16,189,14.5
TXO,202609W4,20260923.0,49600.0,Put,-,-,-,-,3860.0,-,-,0,0,0,0,3840,3870,-,-
TXO,202609W4,20260923.0,49700.0,Call,14,14,14,14,15.0,▼-17.5,▼-55.56%,0,1,1,4,14,15,180,14
TXO,202609W4,20260923.0,49700.0,Put,-,-,-,-,3960.0,-,-,0,0,0,0,3940,3970,-,-
TXO,202609W4,20260923.0,49800.0,Call,-,-,-,-,14.0,-,-,0,0,0,3,13,14,165,29
TXO,202609W4,20260923.0,49800.0,Put,-,-,-,-,4050.0,-,-,0,0,0,0,-,4070,-,-
TXO,202609W4,20260923.0,49900.0,Call,14.5,14.5,13,13,13.0,▼-15,▼-53.57%,0,115,115,178,12,13.5,58,13
TXO,202609W4,20260923.0,49900.0,Put,-,-,-,-,4150.0,-,-,0,0,0,0,4130,4170,-,-
TXO,202609W4,20260923.0,50000.0,Call,13,14,10.5,13,13.0,▼-12,▼-48.00%,9,43,52,38,11.5,12.5,126,10.5
TXO,202609W4,20260923.0,50000.0,Put,-,-,-,-,4250.0,-,-,0,0,0,0,4230,4270,-,-
TXO,202609W4,20260923.0,50100.0,Call,13,13,13,13,13.0,▼-10,▼-43.48%,0,10,10,1,11,12,103,13
TXO,202609W4,20260923.0,50100.0,Put,-,-,-,-,4350.0,-,-,0,0,0,0,4330,4370,-,-
TXO,202609W4,20260923.0,50200.0,Call,-,-,-,-,11.5,-,-,2,0,2,1,10,11.5,22.5,21
TXO,202609W4,20260923.0,50200.0,Put,-,-,-,-,4450.0,-,-,0,0,0,0,4430,4470,-,-
TXO,202609W4,20260923.0,50300.0,Call,11.5,11.5,11.5,11.5,11.5,▼-8.5,▼-42.50%,1,2,3,8,9.7,11,72,11.5
TXO,202609W4,20260923.0,50300.0,Put,-,-,-,-,4550.0,-,-,0,0,0,0,4530,4570,-,-
TXO,202609W4,20260923.0,50400.0,Call,-,-,-,-,10.5,-,-,0,0,0,2,9.3,10.5,71,28.5
TXO,202609W4,20260923.0,50400.0,Put,-,-,-,-,4650.0,-,-,0,0,0,0,4630,4670,-,-
TXO,202609W4,20260923.0,50500.0,Call,-,-,-,-,9.7,-,-,0,0,0,7,8.9,9.7,79,24
TXO,202609W4,20260923.0,50500.0,Put,-,-,-,-,4750.0,-,-,0,0,0,0,4730,4770,-,-
TXO,202609W4,20260923.0,50600.0,Call,-,-,-,-,9.3,-,-,0,0,0,4,8.5,9.3,72,28
TXO,202609W4,20260923.0,50600.0,Put,-,-,-,-,4850.0,-,-,0,0,0,0,4830,4870,-,-
TXO,202609W4,20260923.0,50700.0,Call,-,-,-,-,8.9,-,-,1,0,1,2,8.1,8.9,66,14
TXO,202609W4,20260923.0,50700.0,Put,-,-,-,-,4950.0,-,-,0,0,0,0,4930,4970,-,-
TXO,202609W4,20260923.0,50800.0,Call,8.3,8.3,8.3,8.3,8.6,▼-5.2,▼-38.52%,0,1,1,2,7.8,8.6,40,8.3
TXO,202609W4,20260923.0,50800.0,Put,-,-,-,-,5050.0,-,-,0,0,0,0,5030,5070,-,-
TXO,202609W4,20260923.0,50900.0,Call,-,-,-,-,8.5,-,-,0,0,0,0,7.6,8.2,-,-
TXO,202609W4,20260923.0,50900.0,Put,-,-,-,-,5150.0,-,-,0,0,0,0,5130,5170,-,-
TXO,202609W4,20260923.0,51000.0,Call,7.2,8.2,7.2,8.2,8.2,▼-3.8,▼-31.67%,0,2,2,1,7.4,8,39,7.2
TXO,202609W4,20260923.0,51000.0,Put,-,-,-,-,5250.0,-,-,0,0,0,0,5230,5270,-,-
TXO,202609W4,20260923.0,51100.0,Call,-,-,-,-,7.7,-,-,0,0,0,1,7,7.7,35,35
TXO,202609W4,20260923.0,51100.0,Put,-,-,-,-,5350.0,-,-,0,0,0,0,5330,5370,-,-
TXO,202609W4,20260923.0,51200.0,Call,-,-,-,-,7.4,-,-,0,0,0,3,6.7,7.4,33,31.5
TXO,202609W4,20260923.0,51200.0,Put,-,-,-,-,5450.0,-,-,0,0,0,0,5420,5470,-,-
TXO,202609W4,20260923.0,51300.0,Call,-,-,-,-,7.2,-,-,0,0,0,2,6.5,7.2,21.5,13
TXO,202609W4,20260923.0,51300.0,Put,-,-,-,-,5550.0,-,-,0,0,0,0,5520,5570,-,-
TXO,202609W4,20260923.0,51400.0,Call,-,-,-,-,7.0,-,-,0,0,0,1,6.3,7,13,13
TXO,202609W4,20260923.0,51400.0,Put,-,-,-,-,5650.0,-,-,0,0,0,0,5620,5670,-,-
TXO,202609W4,20260923.0,51500.0,Call,-,-,-,-,6.8,-,-,0,0,0,0,6.2,6.8,-,-
TXO,202609W4,20260923.0,51500.0,Put,-,-,-,-,5750.0,-,-,0,0,0,0,5720,5770,-,-
TXO,202609W4,20260923.0,51600.0,Call,-,-,-,-,6.6,-,-,0,0,0,0,6.2,6.6,-,-
TXO,202609W4,20260923.0,51600.0,Put,-,-,-,-,5850.0,-,-,0,0,0,0,5820,5870,-,-
TXO,202609W4,20260923.0,51700.0,Call,-,-,-,-,6.4,-,-,0,0,0,0,5.9,6.4,-,-
TXO,202609W4,20260923.0,51700.0,Put,-,-,-,-,5950.0,-,-,0,0,0,0,5920,5970,-,-
TXO,202609W4,20260923.0,51800.0,Call,-,-,-,-,6.2,-,-,0,0,0,3,5.8,6.2,20,13
TXO,202609W4,20260923.0,51800.0,Put,-,-,-,-,6050.0,-,-,0,0,0,0,6020,6070,-,-
TXO,202609W4,20260923.0,51900.0,Call,-,-,-,-,6.1,-,-,0,0,0,5,5.7,6.1,24,12
TXO,202609W4,20260923.0,51900.0,Put,-,-,-,-,6150.0,-,-,0,0,0,0,6120,6170,-,-
TXO,202609W4,20260923.0,52000.0,Call,7,7,5.6,5.8,5.8,▼-1.6,▼-21.62%,1,345,346,345,5.5,5.9,12.5,5.6
TXO,202609W4,20260923.0,52000.0,Put,-,-,-,-,6250.0,-,-,0,0,0,0,6220,6270,-,-
TXO,202609F4,20260929.0,41500.0,Call,-,-,-,-,4380.0,-,-,0,0,0,0,4360,4400,-,-
TXO,202609F4,20260929.0,41500.0,Put,100,106,71,82,82.0,▲+17,▲+26.15%,0,19,19,19,81,84,106,71
TXO,202609F4,20260929.0,41600.0,Call,-,-,-,-,4280.0,-,-,0,0,0,0,4260,4300,-,-
TXO,202609F4,20260929.0,41600.0,Put,-,-,-,-,87.0,-,-,0,0,0,0,85,88,-,-
TXO,202609F4,20260929.0,41700.0,Call,-,-,-,-,4190.0,-,-,0,0,0,0,4170,4200,-,-
TXO,202609F4,20260929.0,41700.0,Put,100,100,100,100,92.0,▲+28,▲+38.89%,0,1,1,1,90,93,100,100
TXO,202609F4,20260929.0,41800.0,Call,-,-,-,-,4090.0,-,-,0,0,0,0,4070,4110,-,-
TXO,202609F4,20260929.0,41800.0,Put,-,-,-,-,97.0,-,-,0,0,0,0,95,98,-,-
TXO,202609F4,20260929.0,41900.0,Call,-,-,-,-,4000.0,-,-,0,0,0,0,3980,4010,-,-
TXO,202609F4,20260929.0,41900.0,Put,-,-,-,-,101.0,-,-,0,0,0,0,100,103,-,-
TXO,202609F4,20260929.0,42000.0,Call,-,-,-,-,3900.0,-,-,0,0,0,0,-,3920,-,-
TXO,202609F4,20260929.0,42000.0,Put,99,99,99,99,107.0,▲+14,▲+16.47%,0,1,1,1,105,110,99,99
TXO,202609F4,20260929.0,42100.0,Call,-,-,-,-,3810.0,-,-,0,0,0,0,3790,3830,-,-
TXO,202609F4,20260929.0,42100.0,Put,143,150,104,104,113.0,▲+4,▲+4.00%,0,9,9,1,111,116,150,104
TXO,202609F4,20260929.0,42200.0,Call,-,-,-,-,3710.0,-,-,0,0,0,0,3700,3730,-,-
TXO,202609F4,20260929.0,42200.0,Put,210,210,109,109,119.0,0,0%,10,4,14,54,118,121,210,78
TXO,202609F4,20260929.0,42300.0,Call,-,-,-,-,3620.0,-,-,0,0,0,0,-,3640,-,-
TXO,202609F4,20260929.0,42300.0,Put,112,118,112,118,126.0,▲+3,▲+2.61%,0,2,2,14,124,129,122,112
TXO,202609F4,20260929.0,42400.0,Call,-,-,-,-,3530.0,-,-,0,0,0,0,3510,3550,-,-
TXO,202609F4,20260929.0,42400.0,Put,158,158,158,158,135.0,▲+38,▲+31.67%,2,5,7,19,131,136,158,104
TXO,202609F4,20260929.0,42500.0,Call,-,-,-,-,3440.0,-,-,0,0,0,0,3420,3450,-,-
TXO,202609F4,20260929.0,42500.0,Put,-,-,-,-,141.0,-,-,23,0,23,30,139,144,150,80
TXO,202609F4,20260929.0,42600.0,Call,-,-,-,-,3350.0,-,-,0,0,0,0,3330,3360,-,-
TXO,202609F4,20260929.0,42600.0,Put,-,-,-,-,151.0,-,-,0,0,0,6,147,152,136,136
TXO,202609F4,20260929.0,42700.0,Call,-,-,-,-,3250.0,-,-,0,0,0,0,3240,3270,-,-
TXO,202609F4,20260929.0,42700.0,Put,-,-,-,-,159.0,-,-,1,0,1,7,157,162,142,100
TXO,202609F4,20260929.0,42800.0,Call,-,-,-,-,3160.0,-,-,1,0,1,0,3150,3180,3670,3670
TXO,202609F4,20260929.0,42800.0,Put,150,150,150,150,168.0,▲+4,▲+2.74%,0,2,2,2,167,172,150,150
TXO,202609F4,20260929.0,42900.0,Call,-,-,-,-,3070.0,-,-,0,0,0,0,3060,3090,-,-
TXO,202609F4,20260929.0,42900.0,Put,-,-,-,-,178.0,-,-,5,0,5,1,176,180,186,131
TXO,202609F4,20260929.0,43000.0,Call,-,-,-,-,2980.0,-,-,0,0,0,0,2970,3000,-,-
TXO,202609F4,20260929.0,43000.0,Put,298,298,164,188,188.0,▲+16,▲+9.30%,9,11,20,11,186,192,298,137
TXO,202609F4,20260929.0,43100.0,Call,-,-,-,-,2900.0,-,-,0,0,0,0,2880,2910,-,-
TXO,202609F4,20260929.0,43100.0,Put,246,246,246,246,200.0,▲+72,▲+41.38%,0,5,5,5,199,204,246,246
TXO,202609F4,20260929.0,43200.0,Call,-,-,-,-,2810.0,-,-,0,0,0,0,2790,2830,-,-
TXO,202609F4,20260929.0,43200.0,Put,256,256,256,256,212.0,▲+71,▲+38.38%,0,5,5,5,210,216,256,256
TXO,202609F4,20260929.0,43300.0,Call,-,-,-,-,2720.0,-,-,0,0,0,0,2710,2740,-,-
TXO,202609F4,20260929.0,43300.0,Put,-,-,-,-,226.0,-,-,1,0,1,1,223,228,175,175
TXO,202609F4,20260929.0,43400.0,Call,-,-,-,-,2630.0,-,-,0,0,0,0,2620,2650,-,-
TXO,202609F4,20260929.0,43400.0,Put,289,289,202,202,239.0,▼-5,▼-2.42%,0,2,2,2,237,242,289,202
TXO,202609F4,20260929.0,43500.0,Call,-,-,-,-,2550.0,-,-,0,0,0,0,-,2570,-,-
TXO,202609F4,20260929.0,43500.0,Put,209,259,209,259,259.0,▲+41,▲+18.81%,2,11,13,13,252,258,267,187
TXO,202609F4,20260929.0,43600.0,Call,-,-,-,-,2460.0,-,-,0,0,0,0,2450,2480,-,-
TXO,202609F4,20260929.0,43600.0,Put,326,354,326,354,269.0,▲+122,▲+52.59%,1,2,3,2,267,273,354,200
TXO,202609F4,20260929.0,43700.0,Call,-,-,-,-,2380.0,-,-,0,0,0,0,2370,2400,-,-
TXO,202609F4,20260929.0,43700.0,Put,-,-,-,-,286.0,-,-,0,0,0,0,284,290,-,-
TXO,202609F4,20260929.0,43800.0,Call,-,-,-,-,2300.0,-,-,0,0,0,0,-,2320,-,-
TXO,202609F4,20260929.0,43800.0,Put,-,-,-,-,305.0,-,-,0,0,0,0,301,307,-,-
TXO,202609F4,20260929.0,43900.0,Call,-,-,-,-,2220.0,-,-,0,0,0,0,2200,2240,-,-
TXO,202609F4,20260929.0,43900.0,Put,-,-,-,-,322.0,-,-,0,0,0,0,319,325,-,-
TXO,202609F4,20260929.0,44000.0,Call,-,-,-,-,2140.0,-,-,0,0,0,0,2120,2160,-,-
TXO,202609F4,20260929.0,44000.0,Put,510,555,316,330,330.0,▲+38,▲+13.01%,0,43,43,38,338,344,555,316
TXO,202609F4,20260929.0,44100.0,Call,-,-,-,-,2060.0,-,-,0,0,0,0,2040,2080,-,-
TXO,202609F4,20260929.0,44100.0,Put,-,-,-,-,363.0,-,-,0,0,0,0,359,366,-,-
TXO,202609F4,20260929.0,44200.0,Call,-,-,-,-,1980.0,-,-,0,0,0,0,-,2000,-,-
TXO,202609F4,20260929.0,44200.0,Put,-,-,-,-,383.0,-,-,0,0,0,0,381,388,-,-
TXO,202609F4,20260929.0,44300.0,Call,-,-,-,-,1900.0,-,-,0,0,0,0,1890,1920,-,-
TXO,202609F4,20260929.0,44300.0,Put,-,-,-,-,408.0,-,-,0,0,0,0,403,410,-,-
TXO,202609F4,20260929.0,44400.0,Call,-,-,-,-,1830.0,-,-,0,0,0,0,1810,1840,-,-
TXO,202609F4,20260929.0,44400.0,Put,-,-,-,-,431.0,-,-,0,0,0,0,427,434,-,-
TXO,202609F4,20260929.0,44500.0,Call,-,-,-,-,1750.0,-,-,0,0,0,0,1740,1770,-,-
TXO,202609F4,20260929.0,44500.0,Put,-,-,-,-,456.0,-,-,2,0,2,1,451,461,352,296
TXO,202609F4,20260929.0,44600.0,Call,-,-,-,-,1680.0,-,-,0,0,0,0,1670,1690,-,-
TXO,202609F4,20260929.0,44600.0,Put,-,-,-,-,485.0,-,-,0,0,0,0,480,490,-,-
TXO,202609F4,20260929.0,44700.0,Call,-,-,-,-,1610.0,-,-,0,0,0,0,1600,1620,-,-
TXO,202609F4,20260929.0,44700.0,Put,500,500,500,500,500.0,▲+64,▲+14.68%,30,1,31,30,505,515,500,283
TXO,202609F4,20260929.0,44800.0,Call,-,-,-,-,1530.0,-,-,0,0,0,0,1530,1550,-,-
TXO,202609F4,20260929.0,44800.0,Put,505,530,497,530,530.0,▲+69,▲+14.97%,1,6,7,6,535,545,530,395
TXO,202609F4,20260929.0,44850.0,Call,-,-,-,-,1500.0,-,-,0,0,0,0,1490,1510,-,-
TXO,202609F4,20260929.0,44850.0,Put,-,-,-,-,555.0,-,-,0,0,0,0,550,560,-,-
TXO,202609F4,20260929.0,44900.0,Call,-,-,-,-,1470.0,-,-,0,0,0,0,1460,1480,-,-
TXO,202609F4,20260929.0,44900.0,Put,-,-,-,-,575.0,-,-,2,0,2,1,565,575,443,375
TXO,202609F4,20260929.0,44950.0,Call,-,-,-,-,1430.0,-,-,0,0,0,0,1420,1450,-,-
TXO,202609F4,20260929.0,44950.0,Put,-,-,-,-,590.0,-,-,0,0,0,0,580,595,-,-
TXO,202609F4,20260929.0,45000.0,Call,-,-,-,-,1400.0,-,-,0,0,0,0,1390,1410,-,-
TXO,202609F4,20260929.0,45000.0,Put,680,750,545,600,600.0,▲+65,▲+12.15%,24,22,46,29,600,610,750,348
TXO,202609F4,20260929.0,45050.0,Call,-,-,-,-,1370.0,-,-,0,0,0,0,1360,1380,-,-
TXO,202609F4,20260929.0,45050.0,Put,-,-,-,-,620.0,-,-,0,0,0,0,615,625,-,-
TXO,202609F4,20260929.0,45100.0,Call,-,-,-,-,1330.0,-,-,0,0,0,0,1330,1350,-,-
TXO,202609F4,20260929.0,45100.0,Put,-,-,-,-,640.0,-,-,2,0,2,2,630,645,425,425
TXO,202609F4,20260929.0,45150.0,Call,-,-,-,-,1300.0,-,-,0,0,0,0,1290,1310,-,-
TXO,202609F4,20260929.0,45150.0,Put,810,810,810,810,655.0,▲+250,▲+44.64%,0,1,1,1,650,660,810,810
TXO,202609F4,20260929.0,45200.0,Call,-,-,-,-,1270.0,-,-,0,0,0,0,1260,1280,-,-
TXO,202609F4,20260929.0,45200.0,Put,-,-,-,-,675.0,-,-,0,0,0,0,670,680,-,-
TXO,202609F4,20260929.0,45250.0,Call,-,-,-,-,1240.0,-,-,0,0,0,0,1230,1250,-,-
TXO,202609F4,20260929.0,45250.0,Put,-,-,-,-,695.0,-,-,0,0,0,0,685,695,-,-
TXO,202609F4,20260929.0,45300.0,Call,-,-,-,-,1210.0,-,-,0,0,0,0,1200,1220,-,-
TXO,202609F4,20260929.0,45300.0,Put,690,720,690,720,720.0,▲+115,▲+19.01%,30,2,32,31,705,715,720,412
TXO,202609F4,20260929.0,45350.0,Call,-,-,-,-,1180.0,-,-,0,0,0,0,1170,1190,-,-
TXO,202609F4,20260929.0,45350.0,Put,-,-,-,-,730.0,-,-,0,0,0,0,725,735,-,-
TXO,202609F4,20260929.0,45400.0,Call,-,-,-,-,1150.0,-,-,0,0,0,0,1140,1160,-,-
TXO,202609F4,20260929.0,45400.0,Put,-,-,-,-,750.0,-,-,0,0,0,0,745,755,-,-
TXO,202609F4,20260929.0,45450.0,Call,-,-,-,-,1120.0,-,-,0,0,0,0,1110,1130,-,-
TXO,202609F4,20260929.0,45450.0,Put,-,-,-,-,770.0,-,-,0,0,0,0,765,775,-,-
TXO,202609F4,20260929.0,45500.0,Call,900,900,900,900,1090.0,▼-540,▼-37.50%,0,1,1,1,1080,1100,900,900
TXO,202609F4,20260929.0,45500.0,Put,-,-,-,-,790.0,-,-,0,0,0,0,785,795,-,-
TXO,202609F4,20260929.0,45550.0,Call,-,-,-,-,1060.0,-,-,0,0,0,0,1050,1070,-,-
TXO,202609F4,20260929.0,45550.0,Put,-,-,-,-,810.0,-,-,1,0,1,1,805,815,570,570
TXO,202609F4,20260929.0,45600.0,Call,-,-,-,-,1030.0,-,-,0,0,0,0,1020,1040,-,-
TXO,202609F4,20260929.0,45600.0,Put,-,-,-,-,830.0,-,-,0,0,0,0,825,835,-,-
TXO,202609F4,20260929.0,45650.0,Call,-,-,-,-,1000.0,-,-,0,0,0,0,995,1010,-,-
TXO,202609F4,20260929.0,45650.0,Put,-,-,-,-,855.0,-,-,0,0,0,0,845,860,-,-
TXO,202609F4,20260929.0,45700.0,Call,-,-,-,-,970.0,-,-,0,0,0,0,965,980,-,-
TXO,202609F4,20260929.0,45700.0,Put,-,-,-,-,875.0,-,-,0,0,0,0,870,880,-,-
TXO,202609F4,20260929.0,45750.0,Call,-,-,-,-,945.0,-,-,0,0,0,0,935,950,-,-
TXO,202609F4,20260929.0,45750.0,Put,-,-,-,-,900.0,-,-,0,0,0,0,890,905,-,-
TXO,202609F4,20260929.0,45800.0,Call,-,-,-,-,915.0,-,-,0,0,0,0,910,925,-,-
TXO,202609F4,20260929.0,45800.0,Put,-,-,-,-,920.0,-,-,2,0,2,2,915,930,565,565
TXO,202609F4,20260929.0,45850.0,Call,-,-,-,-,890.0,-,-,0,0,0,0,885,900,-,-
TXO,202609F4,20260929.0,45850.0,Put,-,-,-,-,945.0,-,-,0,0,0,0,935,950,-,-
TXO,202609F4,20260929.0,45900.0,Call,960,960,960,960,865.0,▼-240,▼-20.00%,0,1,1,1,855,870,960,960
TXO,202609F4,20260929.0,45900.0,Put,-,-,-,-,970.0,-,-,0,0,0,1,960,975,910,910
TXO,202609F4,20260929.0,45950.0,Call,915,915,915,915,840.0,▼-255,▼-21.79%,0,1,1,1,830,845,915,915
TXO,202609F4,20260929.0,45950.0,Put,-,-,-,-,995.0,-,-,0,0,0,0,985,1000,-,-
TXO,202609F4,20260929.0,46000.0,Call,-,-,-,-,815.0,-,-,0,0,0,0,810,820,-,-
TXO,202609F4,20260929.0,46000.0,Put,-,-,-,-,1020.0,-,-,0,0,0,0,1010,1030,-,-
TXO,202609F4,20260929.0,46050.0,Call,-,-,-,-,790.0,-,-,0,0,0,0,785,795,-,-
TXO,202609F4,20260929.0,46050.0,Put,-,-,-,-,1040.0,-,-,0,0,0,0,1030,1050,-,-
TXO,202609F4,20260929.0,46100.0,Call,-,-,-,-,765.0,-,-,0,0,0,0,760,770,-,-
TXO,202609F4,20260929.0,46100.0,Put,-,-,-,-,1070.0,-,-,0,0,0,0,1060,1080,-,-
TXO,202609F4,20260929.0,46150.0,Call,-,-,-,-,740.0,-,-,0,0,0,0,735,745,-,-
TXO,202609F4,20260929.0,46150.0,Put,-,-,-,-,1090.0,-,-,0,0,0,0,1080,1100,-,-
TXO,202609F4,20260929.0,46200.0,Call,-,-,-,-,715.0,-,-,0,0,0,0,710,725,-,-
TXO,202609F4,20260929.0,46200.0,Put,1120,1120,1090,1090,1120.0,▲+130,▲+13.54%,1,2,3,1,1110,1130,1120,770
TXO,202609F4,20260929.0,46250.0,Call,700,700,700,700,700.0,▼-285,▼-28.93%,0,1,1,0,690,700,985,700
TXO,202609F4,20260929.0,46250.0,Put,1150,1150,1150,1150,1150.0,▲+165,▲+16.75%,0,1,1,0,1140,1160,1150,985
TXO,202609F4,20260929.0,46300.0,Call,-,-,-,-,670.0,-,-,1,0,1,2,665,675,1030,970
TXO,202609F4,20260929.0,46300.0,Put,1300,1300,1300,1300,1170.0,▲+290,▲+28.71%,3,1,4,1,1160,1180,1300,925
TXO,202609F4,20260929.0,46350.0,Call,-,-,-,-,645.0,-,-,0,0,0,0,645,655,-,-
TXO,202609F4,20260929.0,46350.0,Put,-,-,-,-,1200.0,-,-,0,0,0,0,1190,1210,-,-
TXO,202609F4,20260929.0,46400.0,Call,-,-,-,-,625.0,-,-,0,0,0,0,620,635,-,-
TXO,202609F4,20260929.0,46400.0,Put,-,-,-,-,1230.0,-,-,0,0,0,0,1220,1240,-,-
TXO,202609F4,20260929.0,46450.0,Call,-,-,-,-,605.0,-,-,0,0,0,0,600,610,-,-
TXO,202609F4,20260929.0,46450.0,Put,-,-,-,-,1260.0,-,-,0,0,0,0,1250,1270,-,-
TXO,202609F4,20260929.0,46500.0,Call,-,-,-,-,585.0,-,-,0,0,0,2,580,590,800,800
TXO,202609F4,20260929.0,46500.0,Put,-,-,-,-,1290.0,-,-,0,0,0,2,1280,1300,1280,1280
TXO,202609F4,20260929.0,46550.0,Call,-,-,-,-,565.0,-,-,0,0,0,0,560,570,-,-
TXO,202609F4,20260929.0,46550.0,Put,-,-,-,-,1320.0,-,-,0,0,0,0,1310,1330,-,-
TXO,202609F4,20260929.0,46600.0,Call,452,452,452,452,545.0,▼-373,▼-45.21%,1,2,3,3,540,550,880,452
TXO,202609F4,20260929.0,46600.0,Put,-,-,-,-,1350.0,-,-,0,0,0,0,1340,1360,-,-
TXO,202609F4,20260929.0,46650.0,Call,-,-,-,-,525.0,-,-,2,0,2,1,520,530,905,855
TXO,202609F4,20260929.0,46650.0,Put,-,-,-,-,1380.0,-,-,0,0,0,0,1370,1390,-,-
TXO,202609F4,20260929.0,46700.0,Call,420,420,420,420,505.0,▼-360,▼-46.15%,2,1,3,1,500,510,880,420
TXO,202609F4,20260929.0,46700.0,Put,-,-,-,-,1410.0,-,-,0,0,0,0,1400,1420,-,-
TXO,202609F4,20260929.0,46750.0,Call,-,-,-,-,489.0,-,-,1,0,1,1,482,491,805,805
TXO,202609F4,20260929.0,46750.0,Put,-,-,-,-,1440.0,-,-,0,0,0,0,1430,1450,-,-
TXO,202609F4,20260929.0,46800.0,Call,-,-,-,-,468.0,-,-,2,0,2,2,466,475,810,780
TXO,202609F4,20260929.0,46800.0,Put,-,-,-,-,1470.0,-,-,0,0,0,0,1460,1480,-,-
TXO,202609F4,20260929.0,46850.0,Call,-,-,-,-,451.0,-,-,0,0,0,0,446,455,-,-
TXO,202609F4,20260929.0,46850.0,Put,-,-,-,-,1500.0,-,-,0,0,0,0,1490,1510,-,-
TXO,202609F4,20260929.0,46900.0,Call,-,-,-,-,435.0,-,-,1,0,1,1,430,438,735,735
TXO,202609F4,20260929.0,46900.0,Put,-,-,-,-,1540.0,-,-,0,0,0,0,1530,1550,-,-
TXO,202609F4,20260929.0,46950.0,Call,-,-,-,-,416.0,-,-,0,0,0,0,414,423,-,-
TXO,202609F4,20260929.0,46950.0,Put,-,-,-,-,1570.0,-,-,0,0,0,0,1560,1580,-,-
TXO,202609F4,20260929.0,47000.0,Call,351,465,351,465,401.0,▼-185,▼-28.46%,5,3,8,2,399,407,735,351
TXO,202609F4,20260929.0,47000.0,Put,1800,1800,1450,1450,1600.0,▲+70,▲+5.07%,1,2,3,1,1590,1620,1800,1070
TXO,202609F4,20260929.0,47050.0,Call,-,-,-,-,387.0,-,-,0,0,0,0,383,390,-,-
TXO,202609F4,20260929.0,47050.0,Put,-,-,-,-,1640.0,-,-,0,0,0,0,1620,1650,-,-
TXO,202609F4,20260929.0,47100.0,Call,-,-,-,-,370.0,-,-,0,0,0,0,368,375,-,-
TXO,202609F4,20260929.0,47100.0,Put,-,-,-,-,1670.0,-,-,0,0,0,0,1660,1690,-,-
TXO,202609F4,20260929.0,47150.0,Call,-,-,-,-,356.0,-,-,0,0,0,0,352,359,-,-
TXO,202609F4,20260929.0,47150.0,Put,-,-,-,-,1710.0,-,-,0,0,0,0,1690,1720,-,-
TXO,202609F4,20260929.0,47200.0,Call,-,-,-,-,343.0,-,-,5,0,5,0,338,345,635,483
TXO,202609F4,20260929.0,47200.0,Put,-,-,-,-,1740.0,-,-,0,0,0,0,1730,1760,-,-
TXO,202609F4,20260929.0,47250.0,Call,-,-,-,-,327.0,-,-,0,0,0,0,324,331,-,-
TXO,202609F4,20260929.0,47250.0,Put,1820,1820,1670,1670,1780.0,▲+140,▲+9.15%,5,7,12,13,1760,1800,1820,1330
TXO,202609F4,20260929.0,47300.0,Call,-,-,-,-,315.0,-,-,0,0,0,0,310,317,-,-
TXO,202609F4,20260929.0,47300.0,Put,-,-,-,-,1820.0,-,-,0,0,0,0,1800,1830,-,-
TXO,202609F4,20260929.0,47350.0,Call,-,-,-,-,301.0,-,-,0,0,0,0,297,304,-,-
TXO,202609F4,20260929.0,47350.0,Put,-,-,-,-,1850.0,-,-,0,0,0,0,1840,1870,-,-
TXO,202609F4,20260929.0,47400.0,Call,-,-,-,-,288.0,-,-,0,0,0,0,285,292,-,-
TXO,202609F4,20260929.0,47400.0,Put,-,-,-,-,1890.0,-,-,0,0,0,0,1870,1910,-,-
TXO,202609F4,20260929.0,47450.0,Call,-,-,-,-,276.0,-,-,0,0,0,0,272,279,-,-
TXO,202609F4,20260929.0,47450.0,Put,-,-,-,-,1930.0,-,-,0,0,0,0,1910,1940,-,-
TXO,202609F4,20260929.0,47500.0,Call,250,300,250,300,265.0,▼-168,▼-35.90%,2,2,4,8,261,268,485,250
TXO,202609F4,20260929.0,47500.0,Put,-,-,-,-,1970.0,-,-,0,0,0,0,1950,1980,-,-
TXO,202609F4,20260929.0,47550.0,Call,-,-,-,-,254.0,-,-,0,0,0,0,250,256,-,-
TXO,202609F4,20260929.0,47550.0,Put,-,-,-,-,2010.0,-,-,0,0,0,0,1990,2020,-,-
TXO,202609F4,20260929.0,47600.0,Call,-,-,-,-,242.0,-,-,1,0,1,1,239,245,494,494
TXO,202609F4,20260929.0,47600.0,Put,-,-,-,-,2040.0,-,-,0,0,0,0,2030,2060,-,-
TXO,202609F4,20260929.0,47650.0,Call,-,-,-,-,232.0,-,-,1,0,1,1,229,235,476,476
TXO,202609F4,20260929.0,47650.0,Put,-,-,-,-,2080.0,-,-,0,0,0,0,2070,2100,-,-
TXO,202609F4,20260929.0,47700.0,Call,-,-,-,-,222.0,-,-,1,0,1,1,219,225,458,458
TXO,202609F4,20260929.0,47700.0,Put,-,-,-,-,2120.0,-,-,0,0,0,0,2110,2140,-,-
TXO,202609F4,20260929.0,47750.0,Call,-,-,-,-,212.0,-,-,1,0,1,1,209,215,442,442
TXO,202609F4,20260929.0,47750.0,Put,-,-,-,-,2160.0,-,-,0,0,0,0,2150,2180,-,-
TXO,202609F4,20260929.0,47800.0,Call,-,-,-,-,203.0,-,-,3,0,3,3,200,207,426,409
TXO,202609F4,20260929.0,47800.0,Put,-,-,-,-,2200.0,-,-,0,0,0,0,2190,2220,-,-
TXO,202609F4,20260929.0,47850.0,Call,-,-,-,-,194.0,-,-,1,0,1,1,191,196,410,410
TXO,202609F4,20260929.0,47850.0,Put,-,-,-,-,2250.0,-,-,0,0,0,0,2230,2260,-,-
TXO,202609F4,20260929.0,47900.0,Call,204,204,204,204,185.0,▼-147,▼-41.88%,1,1,2,1,181,187,395,204
TXO,202609F4,20260929.0,47900.0,Put,-,-,-,-,2290.0,-,-,0,0,0,0,2270,2300,-,-
TXO,202609F4,20260929.0,47950.0,Call,-,-,-,-,176.0,-,-,1,0,1,1,173,179,379,333
TXO,202609F4,20260929.0,47950.0,Put,-,-,-,-,2330.0,-,-,0,0,0,0,2310,2340,-,-
TXO,202609F4,20260929.0,48000.0,Call,-,-,-,-,168.0,-,-,3,0,3,4,165,171,368,320
TXO,202609F4,20260929.0,48000.0,Put,-,-,-,-,2370.0,-,-,0,0,0,0,2350,-,-,-
TXO,202609F4,20260929.0,48050.0,Call,-,-,-,-,161.0,-,-,1,0,1,1,158,164,350,350
TXO,202609F4,20260929.0,48050.0,Put,-,-,-,-,2410.0,-,-,0,0,0,0,2390,2430,-,-
TXO,202609F4,20260929.0,48100.0,Call,162,162,162,162,153.0,▼-145,▼-47.23%,2,1,3,3,149,155,353,162
TXO,202609F4,20260929.0,48100.0,Put,-,-,-,-,2450.0,-,-,0,0,0,0,2440,2470,-,-
TXO,202609F4,20260929.0,48150.0,Call,-,-,-,-,146.0,-,-,2,0,2,2,142,148,324,295
TXO,202609F4,20260929.0,48150.0,Put,-,-,-,-,2500.0,-,-,0,0,0,0,2480,2510,-,-
TXO,202609F4,20260929.0,48200.0,Call,163,163,163,163,139.0,▼-117,▼-41.79%,0,1,1,1,137,141,163,163
TXO,202609F4,20260929.0,48200.0,Put,-,-,-,-,2540.0,-,-,0,0,0,0,2520,2560,-,-
TXO,202609F4,20260929.0,48250.0,Call,152,152,152,152,132.0,▼-118,▼-43.70%,1,1,2,1,129,134,298,152
TXO,202609F4,20260929.0,48250.0,Put,-,-,-,-,2580.0,-,-,0,0,0,0,2570,2600,-,-
TXO,202609F4,20260929.0,48300.0,Call,-,-,-,-,126.0,-,-,1,0,1,1,124,129,286,286
TXO,202609F4,20260929.0,48300.0,Put,-,-,-,-,2630.0,-,-,0,0,0,0,2610,2640,-,-
TXO,202609F4,20260929.0,48400.0,Call,105,135,105,135,114.0,▼-107,▼-44.21%,1,3,4,4,111,116,274,105
TXO,202609F4,20260929.0,48400.0,Put,-,-,-,-,2720.0,-,-,0,0,0,0,2700,2730,-,-
TXO,202609F4,20260929.0,48500.0,Call,102,120,102,120,103.0,▼-86,▼-41.75%,10,4,14,13,102,107,261,102
TXO,202609F4,20260929.0,48500.0,Put,-,-,-,-,2800.0,-,-,0,0,0,0,2790,2820,-,-
TXO,202609F4,20260929.0,48600.0,Call,92,116,92,100,100.0,▼-103,▼-50.74%,9,3,12,9,93,96,215,92
TXO,202609F4,20260929.0,48600.0,Put,-,-,-,-,2900.0,-,-,0,0,0,0,2880,2910,-,-
TXO,202609F4,20260929.0,48700.0,Call,108,108,84,84,84.0,▼-116,▼-58.00%,0,3,3,5,84,87,200,84
TXO,202609F4,20260929.0,48700.0,Put,-,-,-,-,2990.0,-,-,0,0,0,0,2970,3000,-,-
TXO,202609F4,20260929.0,48800.0,Call,88,100,88,100,77.0,▼-86,▼-46.24%,0,2,2,3,76,79,186,88
TXO,202609F4,20260929.0,48800.0,Put,-,-,-,-,3080.0,-,-,0,0,0,0,3060,-,-,-
TXO,202609F4,20260929.0,48900.0,Call,-,-,-,-,69.0,-,-,0,0,0,1,69,72,151,151
TXO,202609F4,20260929.0,48900.0,Put,-,-,-,-,3170.0,-,-,0,0,0,0,3150,3190,-,-
TXO,202609F4,20260929.0,49000.0,Call,70,83,50,72,63.0,▼-75,▼-51.02%,15,10,25,22,62,65,168,50
TXO,202609F4,20260929.0,49000.0,Put,-,-,-,-,3260.0,-,-,0,0,0,0,3250,3280,-,-
TXO,202609F4,20260929.0,49100.0,Call,-,-,-,-,57.0,-,-,0,0,0,1,56,59,130,130
TXO,202609F4,20260929.0,49100.0,Put,-,-,-,-,3360.0,-,-,0,0,0,0,3340,-,-,-
TXO,202609F4,20260929.0,49200.0,Call,-,-,-,-,53.0,-,-,0,0,0,0,51,54,-,-
TXO,202609F4,20260929.0,49200.0,Put,-,-,-,-,3450.0,-,-,0,0,0,0,-,3470,-,-
TXO,202609F4,20260929.0,49300.0,Call,-,-,-,-,47.5,-,-,0,0,0,1,47,49.5,115,115
TXO,202609F4,20260929.0,49300.0,Put,-,-,-,-,3550.0,-,-,0,0,0,0,3530,-,-,-
TXO,202609F4,20260929.0,49400.0,Call,-,-,-,-,43.0,-,-,0,0,0,2,42.5,45,105,100
TXO,202609F4,20260929.0,49400.0,Put,-,-,-,-,3640.0,-,-,0,0,0,0,-,3660,-,-
TXO,202609F4,20260929.0,49500.0,Call,40.5,40.5,40.5,40.5,40.5,▼-53.5,▼-56.91%,1,1,2,6,38.5,41,100,40.5
TXO,202609F4,20260929.0,49500.0,Put,-,-,-,-,3740.0,-,-,0,0,0,0,3720,3760,-,-
TXO,202609F4,20260929.0,49600.0,Call,-,-,-,-,36.0,-,-,5,0,5,1,35.5,38,99,81
TXO,202609F4,20260929.0,49600.0,Put,-,-,-,-,3840.0,-,-,0,0,0,0,3820,3850,-,-
TXO,202609F4,20260929.0,49700.0,Call,-,-,-,-,33.5,-,-,1,0,1,1,32.5,34,85,85
TXO,202609F4,20260929.0,49700.0,Put,-,-,-,-,3930.0,-,-,0,0,0,0,3910,3950,-,-
TXO,202609F4,20260929.0,49800.0,Call,-,-,-,-,30.5,-,-,0,0,0,7,30,31.5,82,76
TXO,202609F4,20260929.0,49800.0,Put,-,-,-,-,4030.0,-,-,0,0,0,0,4010,4050,-,-
TXO,202609F4,20260929.0,49900.0,Call,-,-,-,-,28.0,-,-,1,0,1,1,27.5,29,73,73
TXO,202609F4,20260929.0,49900.0,Put,-,-,-,-,4130.0,-,-,0,0,0,0,4110,-,-,-
TXO,202609F4,20260929.0,50000.0,Call,20,33.5,20,30,26.0,▼-35,▼-53.85%,11,18,29,21,25.5,27,71,20
TXO,202609F4,20260929.0,50000.0,Put,-,-,-,-,4230.0,-,-,0,0,0,0,4210,4240,-,-
TXO,202609F4,20260929.0,50100.0,Call,29.5,29.5,29.5,29.5,24.0,▼-26.5,▼-47.32%,0,1,1,1,23.5,25,29.5,29.5
TXO,202609F4,20260929.0,50100.0,Put,-,-,-,-,4320.0,-,-,0,0,0,0,4300,4340,-,-
TXO,202609F4,20260929.0,50200.0,Call,-,-,-,-,22.5,-,-,0,0,0,0,21.5,23,-,-
TXO,202609F4,20260929.0,50200.0,Put,-,-,-,-,4420.0,-,-,0,0,0,0,4400,4440,-,-
TXO,202609F4,20260929.0,50300.0,Call,-,-,-,-,20.5,-,-,0,0,0,0,20,21.5,-,-
TXO,202609F4,20260929.0,50300.0,Put,-,-,-,-,4520.0,-,-,0,0,0,0,4500,4540,-,-
TXO,202609F4,20260929.0,50400.0,Call,-,-,-,-,19.0,-,-,0,0,0,0,19,20,-,-
TXO,202609F4,20260929.0,50400.0,Put,-,-,-,-,4620.0,-,-,0,0,0,0,4600,4640,-,-
TXO,202609F4,20260929.0,50500.0,Call,-,-,-,-,18.0,-,-,0,0,0,0,17.5,18.5,-,-
TXO,202609F4,20260929.0,50500.0,Put,-,-,-,-,4720.0,-,-,0,0,0,0,4700,-,-,-
TXO,202609F4,20260929.0,50600.0,Call,-,-,-,-,16.5,-,-,0,0,0,0,16.5,17.5,-,-
TXO,202609F4,20260929.0,50600.0,Put,-,-,-,-,4820.0,-,-,0,0,0,0,-,-,-,-
TXO,202609F4,20260929.0,50700.0,Call,-,-,-,-,15.5,-,-,0,0,0,0,15.5,16.5,-,-
TXO,202609F4,20260929.0,50700.0,Put,-,-,-,-,4920.0,-,-,0,0,0,0,4890,4930,-,-
TXO,202609F4,20260929.0,50800.0,Call,-,-,-,-,14.5,-,-,0,0,0,0,14.5,15.5,-,-
TXO,202609F4,20260929.0,50800.0,Put,-,-,-,-,5010.0,-,-,0,0,0,0,4990,5030,-,-
TXO,202609F4,20260929.0,50900.0,Call,-,-,-,-,13.5,-,-,0,0,0,2,13.5,14.5,29,29
TXO,202609F4,20260929.0,50900.0,Put,-,-,-,-,5110.0,-,-,0,0,0,0,5090,5130,-,-
TXO,202609F4,20260929.0,51000.0,Call,-,-,-,-,13.0,-,-,1,0,1,2,12.5,13.5,29.5,29
TXO,202609F4,20260929.0,51000.0,Put,-,-,-,-,5210.0,-,-,0,0,0,0,5190,5230,-,-
TXO,202609F4,20260929.0,51100.0,Call,-,-,-,-,12.5,-,-,0,0,0,0,12,13,-,-
TXO,202609F4,20260929.0,51100.0,Put,-,-,-,-,5310.0,-,-,0,0,0,0,5290,5330,-,-
TXO,202609F4,20260929.0,51200.0,Call,-,-,-,-,12.0,-,-,0,0,0,0,11.5,12.5,-,-
TXO,202609F4,20260929.0,51200.0,Put,-,-,-,-,5410.0,-,-,0,0,0,0,5390,5430,-,-
TXO,202609F4,20260929.0,51300.0,Call,-,-,-,-,11.5,-,-,0,0,0,0,11,12,-,-
TXO,202609F4,20260929.0,51300.0,Put,-,-,-,-,5510.0,-,-,0,0,0,0,5490,5530,-,-
TXO,202609F4,20260929.0,51400.0,Call,-,-,-,-,11.0,-,-,0,0,0,0,10.5,11.5,-,-
TXO,202609F4,20260929.0,51400.0,Put,-,-,-,-,5610.0,-,-,0,0,0,0,5590,5630,-,-
TXO,202609F4,20260929.0,51500.0,Call,-,-,-,-,10.0,-,-,0,0,0,2,9.9,10.5,18,18
TXO,202609F4,20260929.0,51500.0,Put,-,-,-,-,5710.0,-,-,0,0,0,0,5680,5730,-,-
TXO,202609F4,20260929.0,51600.0,Call,-,-,-,-,9.8,-,-,0,0,0,0,9.5,10.5,-,-
TXO,202609F4,20260929.0,51600.0,Put,-,-,-,-,5810.0,-,-,0,0,0,0,5780,5830,-,-
TXO,202609F4,20260929.0,51700.0,Call,10,10,10,10,9.2,▼-7.5,▼-42.86%,1,1,2,2,9.1,9.7,17,10
TXO,202609F4,20260929.0,51700.0,Put,-,-,-,-,5910.0,-,-,0,0,0,0,5880,5930,-,-
TXO,202610,20261021.0,33900.0,Call,-,-,-,-,12020.0,-,-,0,0,0,0,11980,12070,-,-
TXO,202610,20261021.0,33900.0,Put,60,60,31,35,35.0,▼-0.5,▼-1.41%,9,80,89,269,35.5,37,400,20
TXO,202610,20261021.0,34000.0,Call,-,-,-,-,11920.0,-,-,0,0,0,0,11870,11970,-,-
TXO,202610,20261021.0,34000.0,Put,38,46.5,35.5,37.5,37.0,▲+1,▲+2.74%,47,9,56,116,35,38,780,28.5
TXO,202610,20261021.0,34100.0,Call,-,-,-,-,11820.0,-,-,0,0,0,0,11780,11870,-,-
TXO,202610,20261021.0,34100.0,Put,-,-,-,-,37.5,-,-,0,0,0,9,35.5,38.5,105,34
TXO,202610,20261021.0,34200.0,Call,-,-,-,-,11720.0,-,-,0,0,0,0,11680,11770,-,-
TXO,202610,20261021.0,34200.0,Put,48,50,47.5,47.5,38.0,▲+9.5,▲+25.00%,93,6,99,95,36,39,810,32
TXO,202610,20261021.0,34300.0,Call,-,-,-,-,11620.0,-,-,0,0,0,0,11580,11670,-,-
TXO,202610,20261021.0,34300.0,Put,-,-,-,-,38.5,-,-,0,0,0,0,36.5,39.5,-,-
TXO,202610,20261021.0,34400.0,Call,-,-,-,-,11530.0,-,-,0,0,0,0,11490,11570,-,-
TXO,202610,20261021.0,34400.0,Put,-,-,-,-,39.0,-,-,0,0,0,3,37.5,40.5,200,112
TXO,202610,20261021.0,34500.0,Call,-,-,-,-,11430.0,-,-,0,0,0,0,11390,11470,-,-
TXO,202610,20261021.0,34500.0,Put,-,-,-,-,39.5,-,-,0,0,0,24,38,41,116,37.5
TXO,202610,20261021.0,34600.0,Call,-,-,-,-,11330.0,-,-,0,0,0,0,11280,11370,-,-
TXO,202610,20261021.0,34600.0,Put,-,-,-,-,40.5,-,-,0,0,0,8,39,42,299,34
TXO,202610,20261021.0,34700.0,Call,-,-,-,-,11230.0,-,-,0,0,0,0,11180,11270,-,-
TXO,202610,20261021.0,34700.0,Put,-,-,-,-,41.0,-,-,0,0,0,0,39.5,42.5,805,30
TXO,202610,20261021.0,34800.0,Call,-,-,-,-,11130.0,-,-,0,0,0,0,11080,11180,-,-
TXO,202610,20261021.0,34800.0,Put,-,-,-,-,42.0,-,-,0,0,0,10,40.5,43.5,314,36.5
TXO,202610,20261021.0,34900.0,Call,-,-,-,-,11030.0,-,-,0,0,0,0,10990,11080,-,-
TXO,202610,20261021.0,34900.0,Put,-,-,-,-,43.0,-,-,0,0,0,2,41.5,44.5,488,35
TXO,202610,20261021.0,35000.0,Call,-,-,-,-,10930.0,-,-,0,0,0,0,10890,10980,-,-
TXO,202610,20261021.0,35000.0,Put,49.5,52,43,44.5,44.5,▲+1,▲+2.30%,17,85,102,199,42.5,45.5,1060,33
TXO,202610,20261021.0,35100.0,Call,-,-,-,-,10830.0,-,-,0,0,0,0,10790,10880,-,-
TXO,202610,20261021.0,35100.0,Put,-,-,-,-,45.0,-,-,0,0,0,11,43,46.5,505,40
TXO,202610,20261021.0,35200.0,Call,-,-,-,-,10730.0,-,-,0,0,0,0,10690,10780,-,-
TXO,202610,20261021.0,35200.0,Put,-,-,-,-,46.0,-,-,0,0,0,8,44,47.5,151,39
TXO,202610,20261021.0,35300.0,Call,-,-,-,-,10640.0,-,-,0,0,0,0,10600,10680,-,-
TXO,202610,20261021.0,35300.0,Put,-,-,-,-,46.5,-,-,0,0,0,21,45,48,1070,37
TXO,202610,20261021.0,35400.0,Call,-,-,-,-,10540.0,-,-,0,0,0,0,10490,10590,-,-
TXO,202610,20261021.0,35400.0,Put,47.5,47.5,47.5,47.5,47.5,▲+1,▲+2.15%,0,1,1,10,46.5,50,1000,38
TXO,202610,20261021.0,35500.0,Call,-,-,-,-,10440.0,-,-,0,0,0,0,10390,10490,-,-
TXO,202610,20261021.0,35500.0,Put,60,60,48,48,48.0,▲+0.5,▲+1.05%,20,6,26,40,47.5,51,550,37
TXO,202610,20261021.0,35600.0,Call,-,-,-,-,10340.0,-,-,0,0,0,0,10300,10380,-,-
TXO,202610,20261021.0,35600.0,Put,61,61,61,61,49.5,▲+12,▲+24.49%,0,1,1,15,48,51,150,39
TXO,202610,20261021.0,35700.0,Call,-,-,-,-,10240.0,-,-,0,0,0,0,10200,10280,-,-
TXO,202610,20261021.0,35700.0,Put,58,58,58,58,52.0,▲+8,▲+16.00%,0,1,1,8,50,53,300,40.5
TXO,202610,20261021.0,35800.0,Call,-,-,-,-,10140.0,-,-,0,0,0,0,10100,10190,-,-
TXO,202610,20261021.0,35800.0,Put,-,-,-,-,53.0,-,-,2,0,2,8,51,54,405,40
TXO,202610,20261021.0,35900.0,Call,-,-,-,-,10040.0,-,-,0,0,0,0,10000,10090,-,-
TXO,202610,20261021.0,35900.0,Put,-,-,-,-,54.0,-,-,0,0,0,5,52,55,182,41
TXO,202610,20261021.0,36000.0,Call,-,-,-,-,9940.0,-,-,0,0,0,0,9900,9990,-,-
TXO,202610,20261021.0,36000.0,Put,70,70,53,53,55.0,0,0%,2,88,90,156,53,56,1380,39
TXO,202610,20261021.0,36100.0,Call,-,-,-,-,9850.0,-,-,0,0,0,0,9800,9890,-,-
TXO,202610,20261021.0,36100.0,Put,-,-,-,-,56.0,-,-,0,0,0,4,54,57,690,55
TXO,202610,20261021.0,36200.0,Call,-,-,-,-,9750.0,-,-,0,0,0,0,9710,9800,-,-
TXO,202610,20261021.0,36200.0,Put,-,-,-,-,58.0,-,-,0,0,0,11,56,59,1120,44
TXO,202610,20261021.0,36300.0,Call,-,-,-,-,9650.0,-,-,0,0,0,0,9610,9700,-,-
TXO,202610,20261021.0,36300.0,Put,-,-,-,-,59.0,-,-,0,0,0,2,57,60,915,50
TXO,202610,20261021.0,36400.0,Call,-,-,-,-,9550.0,-,-,0,0,0,0,9510,9590,-,-
TXO,202610,20261021.0,36400.0,Put,54,72,54,72,60.0,▲+14,▲+24.14%,5,4,9,33,59,62,401,50
TXO,202610,20261021.0,36500.0,Call,-,-,-,-,9450.0,-,-,0,0,0,0,9420,9490,-,-
TXO,202610,20261021.0,36500.0,Put,71,71,63,63,63.0,▲+4,▲+6.78%,15,6,21,32,60,63,1510,47
TXO,202610,20261021.0,36600.0,Call,-,-,-,-,9350.0,-,-,0,0,0,0,9310,9400,-,-
TXO,202610,20261021.0,36600.0,Put,-,-,-,-,63.0,-,-,0,0,0,20,62,65,1110,50
TXO,202610,20261021.0,36700.0,Call,-,-,-,-,9260.0,-,-,0,0,0,0,9220,9300,-,-
TXO,202610,20261021.0,36700.0,Put,63,63,63,63,63.0,▲+1,▲+1.61%,0,1,1,2,62,66,710,53
TXO,202610,20261021.0,36800.0,Call,-,-,-,-,9160.0,-,-,0,0,0,0,9120,9200,-,-
TXO,202610,20261021.0,36800.0,Put,-,-,-,-,66.0,-,-,0,0,0,5,65,68,497,50
TXO,202610,20261021.0,36900.0,Call,-,-,-,-,9060.0,-,-,0,0,0,0,9020,9110,-,-
TXO,202610,20261021.0,36900.0,Put,-,-,-,-,67.0,-,-,0,0,0,15,66,70,1620,47.5
TXO,202610,20261021.0,37000.0,Call,-,-,-,-,8960.0,-,-,0,0,0,0,8920,9000,-,-
TXO,202610,20261021.0,37000.0,Put,80,84,68,68,68.0,▲+2,▲+3.03%,10,41,51,115,68,72,1010,45
TXO,202610,20261021.0,37100.0,Call,-,-,-,-,8860.0,-,-,0,0,0,0,8820,8900,-,-
TXO,202610,20261021.0,37100.0,Put,-,-,-,-,72.0,-,-,0,0,0,18,69,74,750,53
TXO,202610,20261021.0,37200.0,Call,-,-,-,-,8770.0,-,-,0,0,0,0,8730,8810,-,-
TXO,202610,20261021.0,37200.0,Put,-,-,-,-,74.0,-,-,0,0,0,35,72,76,1460,50
TXO,202610,20261021.0,37300.0,Call,-,-,-,-,8670.0,-,-,0,0,0,0,8630,8710,-,-
TXO,202610,20261021.0,37300.0,Put,-,-,-,-,76.0,-,-,0,0,0,3,73,78,575,54
TXO,202610,20261021.0,37400.0,Call,-,-,-,-,8570.0,-,-,0,0,0,0,8530,8620,-,-
TXO,202610,20261021.0,37400.0,Put,-,-,-,-,79.0,-,-,0,0,0,13,76,81,815,50
TXO,202610,20261021.0,37500.0,Call,-,-,-,-,8470.0,-,-,0,0,0,0,8440,8510,-,-
TXO,202610,20261021.0,37500.0,Put,76,76,76,76,80.0,▲+1,▲+1.33%,0,1,1,28,79,84,445,53
TXO,202610,20261021.0,37600.0,Call,-,-,-,-,8380.0,-,-,0,0,0,0,8340,8410,-,-
TXO,202610,20261021.0,37600.0,Put,78,78,78,78,83.0,▲+1,▲+1.30%,0,1,1,7,80,85,850,66
TXO,202610,20261021.0,37700.0,Call,-,-,-,-,8280.0,-,-,0,0,0,0,8240,8320,-,-
TXO,202610,20261021.0,37700.0,Put,-,-,-,-,86.0,-,-,0,0,0,20,83,88,300,52
TXO,202610,20261021.0,37800.0,Call,-,-,-,-,8180.0,-,-,0,0,0,0,8150,8220,-,-
TXO,202610,20261021.0,37800.0,Put,106,106,94,94,88.0,▲+12,▲+14.63%,0,2,2,6,85,90,945,59
TXO,202610,20261021.0,37900.0,Call,-,-,-,-,8080.0,-,-,0,0,0,0,8050,8120,-,-
TXO,202610,20261021.0,37900.0,Put,-,-,-,-,91.0,-,-,0,0,0,49,88,93,900,58
TXO,202610,20261021.0,38000.0,Call,-,-,-,-,7990.0,-,-,0,0,0,0,7950,8020,-,-
TXO,202610,20261021.0,38000.0,Put,90,114,88,93,93.0,▲+7,▲+8.14%,17,43,60,192,91,95,2000,56
TXO,202610,20261021.0,38100.0,Call,-,-,-,-,7890.0,-,-,0,0,0,0,7860,7930,-,-
TXO,202610,20261021.0,38100.0,Put,-,-,-,-,96.0,-,-,0,0,0,41,95,100,1380,76
TXO,202610,20261021.0,38200.0,Call,-,-,-,-,7790.0,-,-,0,0,0,0,7760,7830,-,-
TXO,202610,20261021.0,38200.0,Put,97,97,97,97,97.0,▲+7,▲+7.78%,0,4,4,6,97,102,1020,64
TXO,202610,20261021.0,38300.0,Call,-,-,-,-,7700.0,-,-,0,0,0,0,7660,7730,-,-
TXO,202610,20261021.0,38300.0,Put,-,-,-,-,103.0,-,-,0,0,0,0,102,107,-,-
TXO,202610,20261021.0,38400.0,Call,-,-,-,-,7600.0,-,-,0,0,0,0,7570,7640,-,-
TXO,202610,20261021.0,38400.0,Put,104,104,104,104,104.0,▲+10,▲+10.64%,0,1,1,3,104,110,1930,9.6
TXO,202610,20261021.0,38500.0,Call,-,-,-,-,7500.0,-,-,0,0,0,0,7470,7540,-,-
TXO,202610,20261021.0,38500.0,Put,133,136,102,104,109.0,▲+5,▲+5.05%,4,9,13,112,108,113,2100,63
TXO,202610,20261021.0,38600.0,Call,-,-,-,-,7410.0,-,-,0,0,0,0,7380,7440,-,-
TXO,202610,20261021.0,38600.0,Put,-,-,-,-,114.0,-,-,0,0,0,7,111,117,422,95
TXO,202610,20261021.0,38700.0,Call,-,-,-,-,7310.0,-,-,0,0,0,0,7280,7350,-,-
TXO,202610,20261021.0,38700.0,Put,-,-,-,-,117.0,-,-,0,0,0,11,116,122,2230,76
TXO,202610,20261021.0,38800.0,Call,-,-,-,-,7220.0,-,-,0,0,0,0,7180,7250,-,-
TXO,202610,20261021.0,38800.0,Put,140,140,140,140,121.0,▲+31,▲+28.44%,0,3,3,6,120,126,610,75
TXO,202610,20261021.0,38900.0,Call,-,-,-,-,7120.0,-,-,1,0,1,1,7090,7150,8230,7900
TXO,202610,20261021.0,38900.0,Put,154,154,120,120,126.0,▲+8,▲+7.14%,0,2,2,13,125,131,690,73
TXO,202610,20261021.0,39000.0,Call,-,-,-,-,7030.0,-,-,0,0,0,0,6990,7060,-,-
TXO,202610,20261021.0,39000.0,Put,140,163,122,130,130.0,▲+11,▲+9.24%,12,60,72,160,128,134,1790,67
TXO,202610,20261021.0,39100.0,Call,-,-,-,-,6930.0,-,-,0,0,0,0,6900,6970,-,-
TXO,202610,20261021.0,39100.0,Put,164,164,164,164,137.0,▲+40,▲+32.26%,1,1,2,8,133,140,820,80
TXO,202610,20261021.0,39200.0,Call,-,-,-,-,6840.0,-,-,0,0,0,0,6810,6870,-,-
TXO,202610,20261021.0,39200.0,Put,162,162,130,130,142.0,▲+4,▲+3.17%,1,12,13,18,138,144,162,81
TXO,202610,20261021.0,39300.0,Call,-,-,-,-,6740.0,-,-,0,0,0,0,6710,6780,-,-
TXO,202610,20261021.0,39300.0,Put,-,-,-,-,146.0,-,-,0,0,0,5,145,151,525,78
TXO,202610,20261021.0,39400.0,Call,-,-,-,-,6650.0,-,-,0,0,0,0,6620,6680,-,-
TXO,202610,20261021.0,39400.0,Put,-,-,-,-,151.0,-,-,0,0,0,36,150,156,545,78
TXO,202610,20261021.0,39500.0,Call,-,-,-,-,6550.0,-,-,1,0,1,1,6520,6580,7030,7030
TXO,202610,20261021.0,39500.0,Put,188,195,147,147,158.0,▲+4,▲+2.80%,0,15,15,39,154,161,995,81
TXO,202610,20261021.0,39600.0,Call,-,-,-,-,6460.0,-,-,0,0,0,0,6430,6490,-,-
TXO,202610,20261021.0,39600.0,Put,188,188,152,153,164.0,▲+9,▲+6.25%,1,4,5,14,160,167,1300,87
TXO,202610,20261021.0,39700.0,Call,-,-,-,-,6370.0,-,-,0,0,0,0,6340,6400,-,-
TXO,202610,20261021.0,39700.0,Put,-,-,-,-,171.0,-,-,0,0,0,2,167,173,665,90
TXO,202610,20261021.0,39800.0,Call,-,-,-,-,6270.0,-,-,0,0,0,0,6240,6310,-,-
TXO,202610,20261021.0,39800.0,Put,-,-,-,-,177.0,-,-,0,0,0,9,174,180,585,93
TXO,202610,20261021.0,39900.0,Call,-,-,-,-,6180.0,-,-,0,0,0,3,6150,6210,6680,3150
TXO,202610,20261021.0,39900.0,Put,190,203,190,203,182.0,▲+44,▲+27.67%,0,2,2,14,180,188,2760,95
TXO,202610,20261021.0,40000.0,Call,-,-,-,-,6090.0,-,-,0,0,0,0,6060,6120,-,-
TXO,202610,20261021.0,40000.0,Put,185,245,172,194,194.0,▲+26,▲+15.48%,42,95,137,578,187,194,2490,92
TXO,202610,20261021.0,40100.0,Call,-,-,-,-,5990.0,-,-,0,0,0,0,5970,6030,-,-
TXO,202610,20261021.0,40100.0,Put,236,236,236,236,197.0,▲+61,▲+34.86%,0,1,1,33,195,203,660,99
TXO,202610,20261021.0,40200.0,Call,-,-,-,-,5900.0,-,-,0,0,0,0,5880,5930,-,-
TXO,202610,20261021.0,40200.0,Put,226,255,190,202,202.0,▲+19,▲+10.38%,2,9,11,16,203,211,630,125
TXO,202610,20261021.0,40300.0,Call,-,-,-,-,5810.0,-,-,0,0,0,0,5780,5840,-,-
TXO,202610,20261021.0,40300.0,Put,207,207,198,198,213.0,▲+14,▲+7.61%,0,4,4,17,211,219,2940,107
TXO,202610,20261021.0,40400.0,Call,-,-,-,-,5720.0,-,-,0,0,0,0,5690,5750,-,-
TXO,202610,20261021.0,40400.0,Put,220,220,220,220,220.0,▲+26,▲+13.40%,0,1,1,12,220,229,300,116
TXO,202610,20261021.0,40500.0,Call,-,-,-,-,5630.0,-,-,0,0,0,0,5600,5660,-,-
TXO,202610,20261021.0,40500.0,Put,250,250,225,225,225.0,▲+22,▲+10.84%,15,4,19,38,228,235,2730,112
TXO,202610,20261021.0,40600.0,Call,-,-,-,-,5540.0,-,-,0,0,0,0,5510,5570,-,-
TXO,202610,20261021.0,40600.0,Put,233,233,233,233,233.0,▲+25,▲+12.02%,0,1,1,25,237,244,1260,130
TXO,202610,20261021.0,40700.0,Call,-,-,-,-,5450.0,-,-,0,0,0,0,5420,5480,-,-
TXO,202610,20261021.0,40700.0,Put,294,302,236,250,250.0,▲+36,▲+16.82%,2,8,10,7,247,254,1540,133
TXO,202610,20261021.0,40800.0,Call,-,-,-,-,5360.0,-,-,0,0,0,1,5330,5390,5680,3010
TXO,202610,20261021.0,40800.0,Put,-,-,-,-,258.0,-,-,3,0,3,4,256,265,2920,135
TXO,202610,20261021.0,40900.0,Call,-,-,-,-,5270.0,-,-,0,0,0,0,5240,5300,-,-
TXO,202610,20261021.0,40900.0,Put,263,263,263,263,263.0,▲+28,▲+11.91%,0,1,1,11,267,276,3100,158
TXO,202610,20261021.0,41000.0,Call,-,-,-,-,5180.0,-,-,0,0,0,0,5150,5210,4060,2930
TXO,202610,20261021.0,41000.0,Put,320,345,258,278,278.0,▲+33,▲+13.47%,8,55,63,220,278,287,3020,133
TXO,202610,20261021.0,41100.0,Call,-,-,-,-,5090.0,-,-,0,0,0,0,5070,5120,-,-
TXO,202610,20261021.0,41100.0,Put,358,358,272,272,290.0,▲+18,▲+7.09%,0,4,4,12,288,298,2590,183
TXO,202610,20261021.0,41200.0,Call,-,-,-,-,5000.0,-,-,0,0,0,0,4980,5030,4840,3580
TXO,202610,20261021.0,41200.0,Put,298,298,298,298,298.0,▲+35,▲+13.31%,0,1,1,12,299,308,2540,145
TXO,202610,20261021.0,41300.0,Call,-,-,-,-,4910.0,-,-,0,0,0,0,4890,4940,-,-
TXO,202610,20261021.0,41300.0,Put,300,306,300,306,306.0,▲+31,▲+11.27%,0,3,3,32,311,320,760,162
TXO,202610,20261021.0,41400.0,Call,-,-,-,-,4830.0,-,-,0,0,0,0,4800,4860,-,-
TXO,202610,20261021.0,41400.0,Put,390,390,357,357,326.0,▲+73,▲+25.70%,1,2,3,7,324,334,800,156
TXO,202610,20261021.0,41500.0,Call,-,-,-,-,4740.0,-,-,0,0,0,0,4710,4770,-,-
TXO,202610,20261021.0,41500.0,Put,378,419,317,325,338.0,▲+27,▲+9.06%,6,36,42,64,337,347,2280,168
TXO,202610,20261021.0,41600.0,Call,-,-,-,-,4650.0,-,-,0,0,0,1,4630,4680,3210,3210
TXO,202610,20261021.0,41600.0,Put,387,387,338,352,352.0,▲+42,▲+13.55%,4,12,16,14,349,359,2550,192
TXO,202610,20261021.0,41700.0,Call,-,-,-,-,4560.0,-,-,0,0,0,0,4540,4600,-,-
TXO,202610,20261021.0,41700.0,Put,-,-,-,-,365.0,-,-,0,0,0,9,361,372,975,185
TXO,202610,20261021.0,41800.0,Call,-,-,-,-,4480.0,-,-,0,0,0,0,4460,4510,-,-
TXO,202610,20261021.0,41800.0,Put,428,428,359,359,378.0,▲+25,▲+7.49%,3,4,7,25,375,386,2140,198
TXO,202610,20261021.0,41900.0,Call,-,-,-,-,4390.0,-,-,0,0,0,0,4370,4420,-,-
TXO,202610,20261021.0,41900.0,Put,407,407,407,407,394.0,▲+52,▲+14.65%,1,1,2,8,391,402,2830,240
TXO,202610,20261021.0,42000.0,Call,-,-,-,-,4310.0,-,-,0,0,0,0,4290,4340,-,-
TXO,202610,20261021.0,42000.0,Put,460,500,384,402,402.0,▲+35,▲+9.54%,61,52,113,168,407,417,3500,186
TXO,202610,20261021.0,42100.0,Call,-,-,-,-,4220.0,-,-,0,0,0,0,4200,4260,-,-
TXO,202610,20261021.0,42100.0,Put,480,480,407,407,424.0,▲+34,▲+9.12%,1,4,5,10,422,433,640,207
TXO,202610,20261021.0,42200.0,Call,-,-,-,-,4140.0,-,-,0,0,0,2,4120,4170,4200,2000
TXO,202610,20261021.0,42200.0,Put,-,-,-,-,441.0,-,-,5,0,5,13,438,449,2120,210
TXO,202610,20261021.0,42300.0,Call,-,-,-,-,4060.0,-,-,0,0,0,0,4040,4090,-,-
TXO,202610,20261021.0,42300.0,Put,427,427,427,427,457.0,▲+23,▲+5.69%,8,1,9,17,454,466,985,223
TXO,202610,20261021.0,42400.0,Call,-,-,-,-,3980.0,-,-,0,0,0,2,3950,4010,5310,2960
TXO,202610,20261021.0,42400.0,Put,520,525,455,455,475.0,▲+24,▲+5.57%,1,7,8,12,472,483,3760,246
TXO,202610,20261021.0,42500.0,Call,-,-,-,-,3890.0,-,-,0,0,0,0,3750,3920,5210,2120
TXO,202610,20261021.0,42500.0,Put,545,575,475,475,494.0,▲+37,▲+8.45%,25,26,51,111,490,500,1850,242
TXO,202610,20261021.0,42600.0,Call,-,-,-,-,3810.0,-,-,0,0,0,0,3790,3840,-,-
TXO,202610,20261021.0,42600.0,Put,590,590,499,499,499.0,▲+52,▲+11.63%,0,5,5,27,505,520,1150,244
TXO,202610,20261021.0,42700.0,Call,-,-,-,-,3730.0,-,-,1,0,1,1,3710,3760,4190,4190
TXO,202610,20261021.0,42700.0,Put,515,515,515,515,515.0,▲+50,▲+10.75%,3,2,5,19,525,540,1870,251
TXO,202610,20261021.0,42800.0,Call,-,-,-,-,3650.0,-,-,0,0,0,0,3510,3680,-,-
TXO,202610,20261021.0,42800.0,Put,500,500,500,500,550.0,▲+12,▲+2.46%,11,2,13,110,545,560,3100,275
TXO,202610,20261021.0,42900.0,Call,-,-,-,-,3570.0,-,-,0,0,0,0,3550,3600,4410,3070
TXO,202610,20261021.0,42900.0,Put,620,620,575,575,575.0,▲+65,▲+12.75%,0,56,56,59,565,580,3050,298
TXO,202610,20261021.0,43000.0,Call,3230,3520,3180,3520,3490.0,▼-370,▼-9.51%,0,5,5,2,3460,3520,3520,3180
TXO,202610,20261021.0,43000.0,Put,610,705,550,595,595.0,▲+65,▲+12.26%,46,141,187,363,585,600,4200,280
TXO,202610,20261021.0,43100.0,Call,-,-,-,-,3420.0,-,-,0,0,0,0,3390,3440,-,-
TXO,202610,20261021.0,43100.0,Put,-,-,-,-,615.0,-,-,0,0,0,13,610,625,1390,340
TXO,202610,20261021.0,43200.0,Call,-,-,-,-,3340.0,-,-,0,0,0,2,3310,3550,3750,2950
TXO,202610,20261021.0,43200.0,Put,770,770,610,630,630.0,▲+50,▲+8.62%,1,21,22,48,630,645,1000,326
TXO,202610,20261021.0,43300.0,Call,-,-,-,-,3260.0,-,-,0,0,0,0,3240,3290,-,-
TXO,202610,20261021.0,43300.0,Put,740,740,625,625,655.0,▲+40,▲+6.84%,2,3,5,19,655,670,1470,341
TXO,202610,20261021.0,43400.0,Call,3310,3310,3310,3310,3180.0,▼-270,▼-7.54%,0,2,2,1,3160,3210,3610,2880
TXO,202610,20261021.0,43400.0,Put,790,790,715,715,680.0,▲+125,▲+21.19%,1,11,12,29,675,690,2890,337
TXO,202610,20261021.0,43500.0,Call,2880,2940,2850,2940,3110.0,▼-560,▼-16.00%,0,60,60,60,3090,3140,3100,1570
TXO,202610,20261021.0,43500.0,Put,770,850,690,715,715.0,▲+65,▲+10.00%,30,18,48,300,700,715,3050,374
TXO,202610,20261021.0,43600.0,Call,2800,2940,2770,2940,3040.0,▼-490,▼-14.29%,0,70,70,70,3010,3060,3300,2770
TXO,202610,20261021.0,43600.0,Put,-,-,-,-,730.0,-,-,2,0,2,25,725,740,2850,385
TXO,202610,20261021.0,43700.0,Call,2730,2870,2710,2870,2960.0,▼-480,▼-14.33%,0,35,35,35,2940,2990,4280,2710
TXO,202610,20261021.0,43700.0,Put,900,900,725,725,755.0,▲+60,▲+9.02%,0,13,13,36,750,765,2920,390
TXO,202610,20261021.0,43800.0,Call,2660,2770,2640,2770,2890.0,▼-500,▼-15.29%,0,25,25,25,2860,2920,3740,1650
TXO,202610,20261021.0,43800.0,Put,745,745,745,745,780.0,▲+40,▲+5.67%,1,1,2,13,780,795,3100,401
TXO,202610,20261021.0,43900.0,Call,2590,2700,2590,2700,2810.0,▼-500,▼-15.63%,0,20,20,20,2800,2830,3660,2590
TXO,202610,20261021.0,43900.0,Put,935,965,750,750,810.0,▲+10,▲+1.35%,1,4,5,65,805,820,3140,446
TXO,202610,20261021.0,44000.0,Call,2520,2540,2520,2540,2740.0,▼-580,▼-18.59%,1,15,16,18,2730,2760,3460,1520
TXO,202610,20261021.0,44000.0,Put,950,1010,780,810,840.0,▲+40,▲+5.19%,31,56,87,461,835,850,2770,420
TXO,202610,20261021.0,44100.0,Call,2460,2460,2460,2460,2670.0,▼-590,▼-19.34%,0,5,5,5,2660,2690,2750,1540
TXO,202610,20261021.0,44100.0,Put,940,940,810,810,865.0,▲+25,▲+3.18%,0,7,7,44,865,880,3230,496
TXO,202610,20261021.0,44200.0,Call,2390,2390,2390,2390,2600.0,▼-590,▼-19.80%,0,5,5,5,2590,2620,3680,2390
TXO,202610,20261021.0,44200.0,Put,1080,1080,850,850,900.0,▲+35,▲+4.29%,0,14,14,27,890,905,2730,472
TXO,202610,20261021.0,44300.0,Call,-,-,-,-,2530.0,-,-,0,0,0,0,2520,2550,3340,3340
TXO,202610,20261021.0,44300.0,Put,935,935,920,920,920.0,▲+80,▲+9.52%,0,2,2,44,925,940,2040,500
TXO,202610,20261021.0,44400.0,Call,2250,2260,2250,2260,2460.0,▼-580,▼-20.42%,0,20,20,20,2380,2480,3360,1410
TXO,202610,20261021.0,44400.0,Put,1090,1100,915,915,960.0,▲+55,▲+6.40%,2,11,13,18,955,970,2180,505
TXO,202610,20261021.0,44500.0,Call,2200,2200,2200,2200,2390.0,▼-570,▼-20.58%,0,19,19,22,2380,2410,3070,1900
TXO,202610,20261021.0,44500.0,Put,1120,1120,960,960,990.0,▲+50,▲+5.49%,2,7,9,52,985,1000,4990,505
TXO,202610,20261021.0,44600.0,Call,2130,2140,2130,2140,2330.0,▼-560,▼-20.74%,0,15,15,15,2320,2350,3110,2130
TXO,202610,20261021.0,44600.0,Put,1220,1220,1010,1010,1010.0,▲+75,▲+8.02%,0,4,4,86,1020,1040,1220,515
TXO,202610,20261021.0,44700.0,Call,2070,2380,2070,2380,2260.0,▼-260,▼-9.85%,0,17,17,25,2260,2280,3380,1350
TXO,202610,20261021.0,44700.0,Put,1210,1210,1010,1010,1060.0,▲+40,▲+4.12%,0,3,3,23,1050,1070,2050,575
TXO,202610,20261021.0,44800.0,Call,2010,2270,2000,2270,2200.0,▼-300,▼-11.67%,0,7,7,139,2200,2220,2950,1830
TXO,202610,20261021.0,44800.0,Put,1090,1100,1090,1100,1100.0,▲+90,▲+8.91%,2,10,12,132,1090,1110,2220,575
TXO,202610,20261021.0,44900.0,Call,2120,2120,2120,2120,2120.0,▼-380,▼-15.20%,0,1,1,1,2130,2150,2870,1950
TXO,202610,20261021.0,44900.0,Put,-,-,-,-,1130.0,-,-,0,0,0,54,1120,1140,1390,595
TXO,202610,20261021.0,45000.0,Call,1960,2160,1930,2160,2070.0,▼-280,▼-11.48%,1,4,5,11,2070,2090,3300,1600
TXO,202610,20261021.0,45000.0,Put,1300,1380,1100,1160,1160.0,▲+90,▲+8.41%,36,29,65,159,1160,1180,2760,605
TXO,202610,20261021.0,45100.0,Call,-,-,-,-,2010.0,-,-,0,0,0,1,2000,2030,3100,2020
TXO,202610,20261021.0,45100.0,Put,1180,1180,1180,1180,1180.0,▲+70,▲+6.31%,4,4,8,48,1200,1220,2640,650
TXO,202610,20261021.0,45200.0,Call,-,-,-,-,1950.0,-,-,1,0,1,1,1940,1970,2910,1670
TXO,202610,20261021.0,45200.0,Put,-,-,-,-,1240.0,-,-,1,0,1,49,1240,1260,3950,680
TXO,202610,20261021.0,45300.0,Call,-,-,-,-,1890.0,-,-,0,0,0,3,1880,1910,2700,1130
TXO,202610,20261021.0,45300.0,Put,1440,1500,1440,1500,1280.0,▲+330,▲+28.21%,0,2,2,10,1270,1300,2510,710
TXO,202610,20261021.0,45400.0,Call,-,-,-,-,1830.0,-,-,0,0,0,1,1820,1840,3120,1820
TXO,202610,20261021.0,45400.0,Put,-,-,-,-,1320.0,-,-,1,0,1,30,1320,1340,1370,735
TXO,202610,20261021.0,45500.0,Call,1620,1820,1610,1820,1770.0,▼-310,▼-14.55%,0,12,12,16,1760,1780,2840,1160
TXO,202610,20261021.0,45500.0,Put,1570,1570,1350,1350,1350.0,▲+90,▲+7.14%,0,16,16,70,1360,1380,1780,740
TXO,202610,20261021.0,45600.0,Call,1580,1770,1540,1770,1710.0,▼-290,▼-14.08%,0,7,7,5,1700,1730,2800,1540
TXO,202610,20261021.0,45600.0,Put,1390,1390,1330,1330,1400.0,▲+30,▲+2.31%,0,2,2,41,1400,1420,2470,825
TXO,202610,20261021.0,45700.0,Call,1530,1740,1530,1680,1680.0,▼-320,▼-16.00%,1,19,20,17,1650,1670,2180,1530
TXO,202610,20261021.0,45700.0,Put,1610,1610,1400,1410,1450.0,▲+60,▲+4.44%,3,3,6,21,1440,1460,1610,810
TXO,202610,20261021.0,45800.0,Call,1460,1690,1420,1620,1620.0,▼-320,▼-16.49%,1,47,48,41,1590,1620,2800,1420
TXO,202610,20261021.0,45800.0,Put,1440,1480,1440,1480,1480.0,▲+110,▲+8.03%,1,2,3,34,1490,1510,2230,875
TXO,202610,20261021.0,45900.0,Call,1470,1660,1470,1550,1550.0,▼-330,▼-17.55%,0,10,10,18,1540,1560,2730,1160
TXO,202610,20261021.0,45900.0,Put,1600,1600,1550,1550,1550.0,▲+140,▲+9.93%,0,2,2,41,1530,1550,1600,905
TXO,202610,20261021.0,46000.0,Call,1390,1620,1350,1550,1500.0,▼-280,▼-15.30%,35,69,104,79,1480,1510,2680,970
TXO,202610,20261021.0,46000.0,Put,1770,1770,1500,1570,1570.0,▲+100,▲+6.80%,14,24,38,94,1580,1600,3660,890
TXO,202610,20261021.0,46100.0,Call,1390,1520,1390,1510,1450.0,▼-270,▼-15.17%,6,10,16,62,1430,1450,2520,1390
TXO,202610,20261021.0,46100.0,Put,1580,1580,1580,1580,1640.0,▲+70,▲+4.64%,0,8,8,23,1620,1650,2260,975
TXO,202610,20261021.0,46200.0,Call,1520,1520,1270,1480,1400.0,▼-240,▼-13.95%,3,10,13,15,1380,1400,2520,1270
TXO,202610,20261021.0,46200.0,Put,1660,1660,1660,1660,1690.0,▲+110,▲+7.10%,9,1,10,24,1670,1690,2690,970
TXO,202610,20261021.0,46300.0,Call,1410,1410,1410,1410,1350.0,▼-240,▼-14.55%,4,1,5,42,1330,1350,2420,1410
TXO,202610,20261021.0,46300.0,Put,-,-,-,-,1740.0,-,-,8,0,8,31,1720,1740,2900,1040
TXO,202610,20261021.0,46400.0,Call,1380,1380,1370,1370,1300.0,▼-240,▼-14.91%,5,4,9,16,1280,1300,2400,790
TXO,202610,20261021.0,46400.0,Put,1970,1970,1970,1970,1790.0,▲+340,▲+20.86%,1,1,2,9,1770,1790,1970,1060
TXO,202610,20261021.0,46500.0,Call,1220,1300,1120,1250,1250.0,▼-310,▼-19.87%,5,33,38,116,1230,1250,2310,980
TXO,202610,20261021.0,46500.0,Put,2080,2080,1780,1780,1840.0,▲+80,▲+4.71%,15,6,21,168,1820,1840,2080,1040
TXO,202610,20261021.0,46600.0,Call,1240,1300,1240,1260,1200.0,▼-250,▼-16.56%,1,5,6,71,1190,1210,2240,1240
TXO,202610,20261021.0,46600.0,Put,1840,1840,1840,1840,1890.0,▲+90,▲+5.14%,1,1,2,5,1870,1900,1840,1130
TXO,202610,20261021.0,46700.0,Call,1240,1240,1220,1220,1150.0,▼-230,▼-15.86%,0,3,3,64,1140,1160,1980,1220
TXO,202610,20261021.0,46700.0,Put,1870,1870,1870,1870,1940.0,▲+90,▲+5.06%,0,1,1,17,1930,1950,1870,1200
TXO,202610,20261021.0,46800.0,Call,1020,1210,1010,1210,1110.0,▼-190,▼-13.57%,1,4,5,32,1090,1110,2150,905
TXO,202610,20261021.0,46800.0,Put,-,-,-,-,2000.0,-,-,0,0,0,7,1980,2000,2420,1330
TXO,202610,20261021.0,46900.0,Call,-,-,-,-,1060.0,-,-,0,0,0,17,1050,1070,2080,1300
TXO,202610,20261021.0,46900.0,Put,-,-,-,-,2050.0,-,-,0,0,0,15,2040,2060,4010,1310
TXO,202610,20261021.0,47000.0,Call,960,1080,895,1020,1020.0,▼-300,▼-22.73%,7,25,32,272,1000,1020,2260,865
TXO,202610,20261021.0,47000.0,Put,2400,2400,2030,2030,2110.0,▲+70,▲+3.57%,9,3,12,88,2090,2120,4240,1250
TXO,202610,20261021.0,47100.0,Call,1030,1030,1030,1030,975.0,▼-240,▼-18.90%,2,3,5,11,965,980,1920,1030
TXO,202610,20261021.0,47100.0,Put,-,-,-,-,2170.0,-,-,0,0,0,2,2150,2170,1600,1450
TXO,202610,20261021.0,47200.0,Call,985,985,985,985,935.0,▼-235,▼-19.26%,0,3,3,17,925,940,2250,985
TXO,202610,20261021.0,47200.0,Put,-,-,-,-,2230.0,-,-,0,0,0,10,2210,2240,2060,1430
TXO,202610,20261021.0,47300.0,Call,820,990,820,915,915.0,▼-265,▼-22.46%,3,12,15,19,885,900,1820,775
TXO,202610,20261021.0,47300.0,Put,2630,2640,2630,2640,2280.0,▲+540,▲+25.71%,0,3,3,10,2270,2290,2640,1430
TXO,202610,20261021.0,47400.0,Call,780,905,780,905,860.0,▼-225,▼-19.91%,18,4,22,28,845,860,2030,780
TXO,202610,20261021.0,47400.0,Put,2500,2500,2500,2500,2350.0,▲+340,▲+15.74%,0,1,1,13,2330,2350,2500,1480
TXO,202610,20261021.0,47500.0,Call,780,890,750,820,820.0,▼-250,▼-23.36%,8,35,43,137,810,825,2040,745
TXO,202610,20261021.0,47500.0,Put,2410,2410,2410,2410,2410.0,▲+200,▲+9.05%,1,2,3,17,2390,2420,2410,1440
TXO,202610,20261021.0,47600.0,Call,750,840,720,780,780.0,▼-260,▼-25.00%,1,9,10,31,770,785,1650,720
TXO,202610,20261021.0,47600.0,Put,-,-,-,-,2470.0,-,-,0,0,0,24,2460,2480,2040,1560
TXO,202610,20261021.0,47700.0,Call,800,800,800,800,745.0,▼-200,▼-20.00%,1,2,3,40,735,750,2100,655
TXO,202610,20261021.0,47700.0,Put,-,-,-,-,2530.0,-,-,2,0,2,14,2520,2540,2550,1610
TXO,202610,20261021.0,47800.0,Call,705,785,670,745,710.0,▼-220,▼-22.80%,0,14,14,27,700,715,1740,635
TXO,202610,20261021.0,47800.0,Put,-,-,-,-,2600.0,-,-,0,0,0,6,2590,2610,1740,1740
TXO,202610,20261021.0,47900.0,Call,705,725,685,685,685.0,▼-250,▼-26.74%,4,4,8,25,670,685,1410,685
TXO,202610,20261021.0,47900.0,Put,-,-,-,-,2670.0,-,-,0,0,0,6,2650,2680,1790,1790
TXO,202610,20261021.0,48000.0,Call,600,730,565,655,655.0,▼-235,▼-26.40%,17,186,203,313,635,650,1780,565
TXO,202610,20261021.0,48000.0,Put,-,-,-,-,2740.0,-,-,0,0,0,16,2720,2750,4790,1720
TXO,202610,20261021.0,48100.0,Call,600,665,600,650,615.0,▼-200,▼-23.53%,5,9,14,20,605,620,1630,600
TXO,202610,20261021.0,48100.0,Put,-,-,-,-,2800.0,-,-,0,0,0,1,2780,2830,1880,1880
TXO,202610,20261021.0,48200.0,Call,605,650,590,650,590.0,▼-180,▼-21.69%,0,16,16,23,575,590,1550,590
TXO,202610,20261021.0,48200.0,Put,-,-,-,-,2880.0,-,-,0,0,0,2,2850,2900,2260,1930
TXO,202610,20261021.0,48300.0,Call,515,580,515,565,565.0,▼-230,▼-28.93%,1,58,59,71,550,565,1290,515
TXO,202610,20261021.0,48300.0,Put,-,-,-,-,2950.0,-,-,0,0,0,1,2920,2970,1990,1990
TXO,202610,20261021.0,48400.0,Call,570,590,535,535,535.0,▼-230,▼-30.07%,2,12,14,22,520,535,1270,535
TXO,202610,20261021.0,48400.0,Put,-,-,-,-,3020.0,-,-,0,0,0,4,2990,3050,2050,2040
TXO,202610,20261021.0,48500.0,Call,495,550,477,500,500.0,▼-220,▼-30.56%,3,18,21,124,499,510,1510,477
TXO,202610,20261021.0,48500.0,Put,-,-,-,-,3090.0,-,-,0,0,0,8,3060,3120,2950,2070
TXO,202610,20261021.0,48600.0,Call,453,545,453,482,482.0,▼-223,▼-31.63%,0,30,30,28,472,484,1180,453
TXO,202610,20261021.0,48600.0,Put,-,-,-,-,3170.0,-,-,0,0,0,0,3140,3190,-,-
TXO,202610,20261021.0,48700.0,Call,430,505,430,480,455.0,▼-195,▼-28.89%,1,21,22,31,447,459,1100,430
TXO,202610,20261021.0,48700.0,Put,-,-,-,-,3240.0,-,-,0,0,0,0,3210,3270,2420,2420
TXO,202610,20261021.0,48800.0,Call,416,475,416,464,431.0,▼-181,▼-28.06%,1,25,26,21,425,436,1240,416
TXO,202610,20261021.0,48800.0,Put,-,-,-,-,3320.0,-,-,0,0,0,0,3290,3350,-,-
TXO,202610,20261021.0,48900.0,Call,432,469,412,412,412.0,▼-198,▼-32.46%,3,14,17,84,403,413,1060,387
TXO,202610,20261021.0,48900.0,Put,-,-,-,-,3400.0,-,-,0,0,0,0,3370,3420,-,-
TXO,202610,20261021.0,49000.0,Call,400,431,372,385,385.0,▼-200,▼-34.19%,20,65,85,136,380,391,1300,372
TXO,202610,20261021.0,49000.0,Put,-,-,-,-,3470.0,-,-,0,0,0,5,3450,3500,5700,2350
TXO,202610,20261021.0,49100.0,Call,400,421,365,379,379.0,▼-201,▼-34.66%,8,8,16,68,361,371,975,365
TXO,202610,20261021.0,49100.0,Put,-,-,-,-,3550.0,-,-,0,0,0,0,3530,3580,-,-
TXO,202610,20261021.0,49200.0,Call,394,394,394,394,346.0,▼-146,▼-27.04%,1,12,13,21,340,351,1390,346
TXO,202610,20261021.0,49200.0,Put,-,-,-,-,3630.0,-,-,0,0,0,0,3610,3660,-,-
TXO,202610,20261021.0,49300.0,Call,345,376,330,333,333.0,▼-165,▼-33.13%,4,13,17,37,322,332,1010,330
TXO,202610,20261021.0,49300.0,Put,-,-,-,-,3720.0,-,-,0,0,0,0,3690,3740,-,-
TXO,202610,20261021.0,49400.0,Call,-,-,-,-,311.0,-,-,0,0,0,43,304,315,990,389
TXO,202610,20261021.0,49400.0,Put,-,-,-,-,3800.0,-,-,0,0,0,0,3770,3820,-,-
TXO,202610,20261021.0,49500.0,Call,300,333,266,300,300.0,▼-170,▼-36.17%,12,19,31,435,288,297,1410,266
TXO,202610,20261021.0,49500.0,Put,-,-,-,-,3880.0,-,-,0,0,0,0,3850,3910,-,-
TXO,202610,20261021.0,49600.0,Call,291,305,275,275,275.0,▼-186,▼-40.35%,0,8,8,42,271,281,760,275
TXO,202610,20261021.0,49600.0,Put,-,-,-,-,3960.0,-,-,0,0,0,0,3940,3990,-,-
TXO,202610,20261021.0,49700.0,Call,260,309,260,295,261.0,▼-148,▼-33.41%,1,11,12,26,256,265,940,260
TXO,202610,20261021.0,49700.0,Put,-,-,-,-,4050.0,-,-,0,0,0,0,4020,4080,-,-
TXO,202610,20261021.0,49800.0,Call,250,273,250,262,247.0,▼-155,▼-37.17%,2,21,23,23,242,251,695,250
TXO,202610,20261021.0,49800.0,Put,-,-,-,-,4130.0,-,-,0,0,0,0,4110,4160,-,-
TXO,202610,20261021.0,49900.0,Call,222,253,222,253,233.0,▼-157,▼-38.29%,0,2,2,21,227,236,850,222
TXO,202610,20261021.0,49900.0,Put,-,-,-,-,4220.0,-,-,0,0,0,1,4190,4250,2880,2880
TXO,202610,20261021.0,50000.0,Call,263,264,204,220,220.0,▼-144,▼-39.56%,32,103,135,327,215,223,1180,204
TXO,202610,20261021.0,50000.0,Put,4700,4700,4700,4700,4300.0,▲+710,▲+17.79%,0,1,1,1,4280,4330,4700,4700
TXO,202610,20261021.0,50100.0,Call,205,205,205,205,205.0,▼-149,▼-42.09%,0,1,1,13,204,211,840,205
TXO,202610,20261021.0,50100.0,Put,-,-,-,-,4390.0,-,-,0,0,0,0,4370,4420,-,-
TXO,202610,20261021.0,50200.0,Call,205,211,199,199,199.0,▼-139,▼-41.12%,0,4,4,53,191,199,740,199
TXO,202610,20261021.0,50200.0,Put,-,-,-,-,4480.0,-,-,0,0,0,0,4450,4510,3280,3200
TXO,202610,20261021.0,50300.0,Call,-,-,-,-,185.0,-,-,1,0,1,57,179,187,750,260
TXO,202610,20261021.0,50300.0,Put,-,-,-,-,4570.0,-,-,0,0,0,0,4540,4600,-,-
TXO,202610,20261021.0,50400.0,Call,190,195,182,182,182.0,▼-124,▼-40.52%,2,6,8,12,169,177,560,182
TXO,202610,20261021.0,50400.0,Put,-,-,-,-,4660.0,-,-,0,0,0,0,4630,4690,3350,3280
TXO,202610,20261021.0,50500.0,Call,200,200,166,166,166.0,▼-114,▼-40.71%,10,17,27,77,161,167,890,166
TXO,202610,20261021.0,50500.0,Put,-,-,-,-,4750.0,-,-,0,0,0,0,4720,4780,-,-
TXO,202610,20261021.0,50600.0,Call,156,156,156,156,156.0,▼-123,▼-44.09%,1,1,2,6,153,158,705,156
TXO,202610,20261021.0,50600.0,Put,-,-,-,-,4840.0,-,-,0,0,0,0,4810,4870,-,-
TXO,202610,20261021.0,50700.0,Call,-,-,-,-,146.0,-,-,0,0,0,6,141,148,500,237
TXO,202610,20261021.0,50700.0,Put,-,-,-,-,4930.0,-,-,0,0,0,0,4900,4960,-,-
TXO,202610,20261021.0,50800.0,Call,-,-,-,-,136.0,-,-,2,0,2,10,134,140,615,210
TXO,202610,20261021.0,50800.0,Put,-,-,-,-,5020.0,-,-,0,0,0,0,4990,5050,-,-
TXO,202610,20261021.0,50900.0,Call,140,143,140,140,128.0,▼-101,▼-41.91%,1,4,5,14,125,132,795,140
TXO,202610,20261021.0,50900.0,Put,-,-,-,-,5110.0,-,-,0,0,0,0,5090,5140,-,-
TXO,202610,20261021.0,51000.0,Call,130,150,124,124,124.0,▼-103,▼-45.37%,23,92,115,251,117,120,800,124
TXO,202610,20261021.0,51000.0,Put,-,-,-,-,5200.0,-,-,0,0,0,0,5180,5230,-,-
TXO,202610,20261021.0,51100.0,Call,126,130,119,119,119.0,▼-89,▼-42.79%,0,7,7,17,111,117,810,119
TXO,202610,20261021.0,51100.0,Put,-,-,-,-,5300.0,-,-,0,0,0,0,5270,5330,-,-
TXO,202610,20261021.0,51200.0,Call,121,122,106,106,106.0,▼-97,▼-47.78%,0,12,12,14,103,110,650,106
TXO,202610,20261021.0,51200.0,Put,-,-,-,-,5390.0,-,-,0,0,0,0,5360,5420,-,-
TXO,202610,20261021.0,51300.0,Call,-,-,-,-,100.0,-,-,0,0,0,4,98,103,291,206
TXO,202610,20261021.0,51300.0,Put,-,-,-,-,5480.0,-,-,0,0,0,0,5460,5510,-,-
TXO,202610,20261021.0,51400.0,Call,115,115,106,115,94.0,▼-73,▼-38.83%,0,26,26,6,91,97,515,106
TXO,202610,20261021.0,51400.0,Put,-,-,-,-,5580.0,-,-,0,0,0,0,5550,5610,-,-
TXO,202610,20261021.0,51500.0,Call,127,127,99,99,88.0,▼-81,▼-45.00%,7,9,16,85,85,91,630,99
TXO,202610,20261021.0,51500.0,Put,-,-,-,-,5670.0,-,-,0,0,0,0,5640,5700,-,-
TXO,202610,20261021.0,51600.0,Call,-,-,-,-,82.0,-,-,0,0,0,7,79,85,520,124
TXO,202610,20261021.0,51600.0,Put,-,-,-,-,5770.0,-,-,0,0,0,0,5740,5800,-,-
TXO,202610,20261021.0,51700.0,Call,90,90,89,89,77.0,▼-73,▼-45.06%,0,2,2,4,74,80,610,89
TXO,202610,20261021.0,51700.0,Put,-,-,-,-,5860.0,-,-,0,0,0,0,5830,5890,-,-
TXO,202610,20261021.0,51800.0,Call,-,-,-,-,75.0,-,-,0,0,0,6,69,75,445,103
TXO,202610,20261021.0,51800.0,Put,-,-,-,-,5960.0,-,-,0,0,0,0,5930,5990,-,-
TXO,202610,20261021.0,51900.0,Call,78,78,72,72,72.0,▼-74,▼-50.68%,0,2,2,3,66,71,1080,72
TXO,202610,20261021.0,51900.0,Put,-,-,-,-,6050.0,-,-,0,0,0,0,6020,6080,-,-
TXO,202610,20261021.0,52000.0,Call,80,89,64,64,64.0,▼-69,▼-51.88%,64,64,128,424,61,64,1020,64
TXO,202610,20261021.0,52000.0,Put,-,-,-,-,6150.0,-,-,0,0,0,0,6120,6180,-,-
TXO,202610,20261021.0,52100.0,Call,86,86,70,70,59.0,▼-61,▼-46.56%,0,2,2,5,56,61,495,70
TXO,202610,20261021.0,52100.0,Put,-,-,-,-,6240.0,-,-,0,0,0,0,6210,6270,-,-
TXO,202610,20261021.0,52200.0,Call,70,70,65,65,56.0,▼-56,▼-46.28%,0,5,5,13,52,57,412,65
TXO,202610,20261021.0,52200.0,Put,-,-,-,-,6340.0,-,-,0,0,0,0,6310,6370,-,-
TXO,202610,20261021.0,52300.0,Call,88,88,62,62,52.0,▼-56,▼-47.46%,0,2,2,2,50,55,1000,62
TXO,202610,20261021.0,52300.0,Put,-,-,-,-,6430.0,-,-,0,0,0,0,6400,6470,-,-
TXO,202610,20261021.0,52400.0,Call,63,63,63,63,47.5,▼-49,▼-43.75%,1,1,2,5,45.5,50,865,63
TXO,202610,20261021.0,52400.0,Put,-,-,-,-,6530.0,-,-,0,0,0,0,6500,6560,-,-
TXO,202610,20261021.0,52500.0,Call,62,66,50,50,44.5,▼-56,▼-52.83%,1,60,61,114,8.8,56,940,50
TXO,202610,20261021.0,52500.0,Put,-,-,-,-,6630.0,-,-,0,0,0,0,6600,6660,-,-
TXO,202610,20261021.0,52600.0,Call,-,-,-,-,41.5,-,-,3,0,3,15,39.5,44,250,7.7
TXO,202610,20261021.0,52600.0,Put,-,-,-,-,6720.0,-,-,0,0,0,0,6690,6760,-,-
TXO,202610,20261021.0,52700.0,Call,38.5,38.5,38,38,38.0,▼-50,▼-56.82%,0,9,9,12,37.5,39,310,38
TXO,202610,20261021.0,52700.0,Put,-,-,-,-,6820.0,-,-,0,0,0,0,6790,6860,-,-
TXO,202610,20261021.0,52800.0,Call,49,49,36.5,36.5,36.5,▼-51.5,▼-58.52%,2,22,24,18,35,36,275,36.5
TXO,202610,20261021.0,52800.0,Put,-,-,-,-,6920.0,-,-,0,0,0,0,6890,6950,-,-
TXO,202610,20261021.0,52900.0,Call,-,-,-,-,35.0,-,-,2,0,2,2,33,37,139,58
TXO,202610,20261021.0,52900.0,Put,-,-,-,-,7020.0,-,-,0,0,0,0,6980,7050,-,-
TXO,202610,20261021.0,53000.0,Call,43,46.5,33,33,33.0,▼-44,▼-57.14%,18,142,160,274,31.5,34,379,33
TXO,202610,20261021.0,53000.0,Put,-,-,-,-,7110.0,-,-,0,0,0,0,7080,7150,-,-
TXO,202610,20261021.0,53100.0,Call,-,-,-,-,30.5,-,-,0,0,0,3,29,32.5,100,50
TXO,202610,20261021.0,53100.0,Put,-,-,-,-,7210.0,-,-,0,0,0,0,7180,7250,-,-
TXO,202610,20261021.0,53200.0,Call,53,53,34.5,34.5,28.5,▼-35.5,▼-50.71%,1,6,7,16,26.5,29.5,130,34.5
TXO,202610,20261021.0,53200.0,Put,-,-,-,-,7310.0,-,-,0,0,0,0,7280,7350,-,-
TXO,202610,20261021.0,53300.0,Call,40,40,34,34,27.0,▼-28,▼-45.16%,8,2,10,21,25.5,28.5,122,34
TXO,202610,20261021.0,53300.0,Put,-,-,-,-,7410.0,-,-,0,0,0,0,7370,7440,-,-
TXO,202610,20261021.0,53400.0,Call,24,24,24,24,24.0,▼-37,▼-60.66%,5,1,6,0,23.5,27,65,24
TXO,202610,20261021.0,53400.0,Put,-,-,-,-,7510.0,-,-,0,0,0,0,7470,7540,-,-
TXO,202610,20261021.0,53500.0,Call,34,34,24.5,24.5,23.0,▼-33.5,▼-57.76%,20,101,121,114,22.5,25.5,112,24.5
TXO,202610,20261021.0,53500.0,Put,-,-,-,-,7600.0,-,-,0,0,0,0,7570,7640,-,-
TXO,202610,20261021.0,53600.0,Call,-,-,-,-,22.5,-,-,0,0,0,5,21,24,95,50
TXO,202610,20261021.0,53600.0,Put,-,-,-,-,7700.0,-,-,0,0,0,0,7670,7740,-,-
TXO,202610,20261021.0,53700.0,Call,28.5,29,28.5,29,21.0,▼-21,▼-42.00%,0,6,6,15,20,22.5,98,28.5
TXO,202610,20261021.0,53700.0,Put,-,-,-,-,7800.0,-,-,0,0,0,0,7770,7840,-,-
TXO,202610,20261021.0,53800.0,Call,-,-,-,-,20.5,-,-,2,0,2,7,19,21.5,68,38
TXO,202610,20261021.0,53800.0,Put,-,-,-,-,7900.0,-,-,0,0,0,0,7870,7940,-,-
TXO,202610,20261021.0,53900.0,Call,21,21,20,20,20.0,▼-27,▼-57.45%,0,2,2,17,18,20.5,82,20
TXO,202610,20261021.0,53900.0,Put,-,-,-,-,8000.0,-,-,0,0,0,0,7960,8040,-,-
TXO,202610,20261021.0,54000.0,Call,25.5,27,19.5,19.5,18.0,▼-25,▼-56.18%,17,28,45,128,17,19,85,19.5
TXO,202610,20261021.0,54000.0,Put,-,-,-,-,8100.0,-,-,0,0,0,0,8060,8140,-,-
TXO,202610,20261021.0,54100.0,Call,-,-,-,-,17.0,-,-,0,0,0,0,16,18.5,-,-
TXO,202610,20261021.0,54100.0,Put,-,-,-,-,8200.0,-,-,0,0,0,0,8160,8240,-,-
TXO,202610,20261021.0,54200.0,Call,-,-,-,-,16.0,-,-,1,0,1,1,15,17.5,34.5,34.5
TXO,202610,20261021.0,54200.0,Put,-,-,-,-,8290.0,-,-,0,0,0,0,8260,8340,-,-
TXO,202610,20261021.0,54300.0,Call,-,-,-,-,15.5,-,-,0,0,0,2,14.5,16.5,45.5,32
TXO,202610,20261021.0,54300.0,Put,-,-,-,-,8390.0,-,-,0,0,0,0,8360,8440,-,-
TXO,202610,20261021.0,54400.0,Call,17.5,17.5,17.5,17.5,15.0,▼-18,▼-50.70%,0,1,1,1,14,16,56,17.5
TXO,202610,20261021.0,54400.0,Put,-,-,-,-,8490.0,-,-,0,0,0,0,8450,8530,-,-
TXO,202610,20261021.0,54500.0,Call,18,21,14.5,15,15.0,▼-17,▼-53.13%,28,138,166,126,14.5,15,61,14.5
TXO,202610,20261021.0,54500.0,Put,-,-,-,-,8590.0,-,-,0,0,0,0,8560,8630,-,-
TXO,202611,20261118.0,38000.0,Call,-,-,-,-,8260.0,-,-,0,0,0,0,8220,8310,-,-
TXO,202611,20261118.0,38000.0,Put,220,245,220,222,222.0,▲+8,▲+3.74%,0,17,17,53,230,244,595,124
TXO,202611,20261118.0,38100.0,Call,-,-,-,-,8170.0,-,-,0,0,0,0,8120,8210,-,-
TXO,202611,20261118.0,38100.0,Put,260,260,248,248,248.0,▲+32,▲+14.81%,0,2,2,3,238,253,525,192
TXO,202611,20261118.0,38200.0,Call,-,-,-,-,8080.0,-,-,0,0,0,0,8030,8120,-,-
TXO,202611,20261118.0,38200.0,Put,-,-,-,-,256.0,-,-,0,0,0,7,246,261,273,123
TXO,202611,20261118.0,38300.0,Call,-,-,-,-,7980.0,-,-,0,0,0,0,7940,8030,-,-
TXO,202611,20261118.0,38300.0,Put,-,-,-,-,263.0,-,-,0,0,0,5,253,268,555,125
TXO,202611,20261118.0,38400.0,Call,-,-,-,-,7890.0,-,-,0,0,0,0,7850,7940,-,-
TXO,202611,20261118.0,38400.0,Put,-,-,-,-,271.0,-,-,3,0,3,5,261,277,299,123
TXO,202611,20261118.0,38500.0,Call,-,-,-,-,7800.0,-,-,0,0,0,0,7750,7850,-,-
TXO,202611,20261118.0,38500.0,Put,282,282,277,280,280.0,▲+37,▲+15.23%,2,3,5,27,269,285,585,165
TXO,202611,20261118.0,38600.0,Call,-,-,-,-,7710.0,-,-,0,0,0,0,7670,7760,8730,8630
TXO,202611,20261118.0,38600.0,Put,-,-,-,-,288.0,-,-,0,0,0,8,278,294,317,193
TXO,202611,20261118.0,38700.0,Call,-,-,-,-,7620.0,-,-,0,0,0,0,7570,7660,-,-
TXO,202611,20261118.0,38700.0,Put,-,-,-,-,296.0,-,-,0,0,0,2,286,302,370,164
TXO,202611,20261118.0,38800.0,Call,-,-,-,-,7530.0,-,-,0,0,0,0,7490,7570,-,-
TXO,202611,20261118.0,38800.0,Put,-,-,-,-,306.0,-,-,0,0,0,1,295,312,204,204
TXO,202611,20261118.0,38900.0,Call,-,-,-,-,7440.0,-,-,0,0,0,0,7390,7480,-,-
TXO,202611,20261118.0,38900.0,Put,290,290,290,290,315.0,▲+15,▲+5.45%,0,1,1,4,304,321,335,172
TXO,202611,20261118.0,39000.0,Call,-,-,-,-,7350.0,-,-,0,0,0,0,7310,7390,8420,8260
TXO,202611,20261118.0,39000.0,Put,353,353,306,316,316.0,▲+36,▲+12.86%,0,8,8,14,316,333,402,165
TXO,202611,20261118.0,39100.0,Call,-,-,-,-,7260.0,-,-,0,0,0,0,7220,7300,-,-
TXO,202611,20261118.0,39100.0,Put,-,-,-,-,335.0,-,-,0,0,0,4,324,341,234,227
TXO,202611,20261118.0,39200.0,Call,-,-,-,-,7170.0,-,-,0,0,0,0,7120,7210,-,-
TXO,202611,20261118.0,39200.0,Put,-,-,-,-,345.0,-,-,0,0,0,2,334,351,303,206
TXO,202611,20261118.0,39300.0,Call,-,-,-,-,7080.0,-,-,0,0,0,0,7030,7120,-,-
TXO,202611,20261118.0,39300.0,Put,-,-,-,-,356.0,-,-,0,0,0,5,344,362,650,610
TXO,202611,20261118.0,39400.0,Call,-,-,-,-,6990.0,-,-,0,0,0,0,6950,7040,-,-
TXO,202611,20261118.0,39400.0,Put,-,-,-,-,367.0,-,-,0,0,0,0,355,373,-,-
TXO,202611,20261118.0,39500.0,Call,-,-,-,-,6900.0,-,-,0,0,0,0,6860,6950,-,-
TXO,202611,20261118.0,39500.0,Put,-,-,-,-,379.0,-,-,5,0,5,46,366,385,555,208
TXO,202611,20261118.0,39600.0,Call,-,-,-,-,6820.0,-,-,0,0,0,0,6770,6860,-,-
TXO,202611,20261118.0,39600.0,Put,-,-,-,-,390.0,-,-,0,0,0,1,377,396,469,469
TXO,202611,20261118.0,39700.0,Call,-,-,-,-,6730.0,-,-,0,0,0,0,6680,6770,-,-
TXO,202611,20261118.0,39700.0,Put,-,-,-,-,401.0,-,-,0,0,0,1,389,407,420,413
TXO,202611,20261118.0,39800.0,Call,-,-,-,-,6640.0,-,-,0,0,0,0,6590,6680,-,-
TXO,202611,20261118.0,39800.0,Put,-,-,-,-,414.0,-,-,0,0,0,2,401,420,283,208
TXO,202611,20261118.0,39900.0,Call,-,-,-,-,6550.0,-,-,0,0,0,0,6510,6590,-,-
TXO,202611,20261118.0,39900.0,Put,-,-,-,-,426.0,-,-,0,0,0,2,413,432,210,205
TXO,202611,20261118.0,40000.0,Call,-,-,-,-,6470.0,-,-,0,0,0,0,6420,6510,-,-
TXO,202611,20261118.0,40000.0,Put,460,485,460,485,438.0,▲+101,▲+26.30%,3,4,7,29,425,445,785,214
TXO,202611,20261118.0,40100.0,Call,-,-,-,-,6380.0,-,-,0,0,0,0,6330,6420,-,-
TXO,202611,20261118.0,40100.0,Put,-,-,-,-,452.0,-,-,0,0,0,0,439,458,-,-
TXO,202611,20261118.0,40200.0,Call,-,-,-,-,6290.0,-,-,0,0,0,0,6250,6330,-,-
TXO,202611,20261118.0,40200.0,Put,-,-,-,-,466.0,-,-,0,0,0,0,452,472,-,-
TXO,202611,20261118.0,40300.0,Call,-,-,-,-,6210.0,-,-,0,0,0,0,6160,6250,-,-
TXO,202611,20261118.0,40300.0,Put,468,469,468,469,469.0,▲+47,▲+11.14%,0,5,5,5,466,486,469,468
TXO,202611,20261118.0,40400.0,Call,-,-,-,-,6130.0,-,-,0,0,0,0,6070,6160,-,-
TXO,202611,20261118.0,40400.0,Put,480,485,480,485,485.0,▲+50,▲+11.49%,0,5,5,5,482,505,485,480
TXO,202611,20261118.0,40500.0,Call,-,-,-,-,6040.0,-,-,0,0,0,0,5990,6070,-,-
TXO,202611,20261118.0,40500.0,Put,505,505,498,498,498.0,▲+48,▲+10.67%,0,10,10,16,496,520,505,259
TXO,202611,20261118.0,40600.0,Call,-,-,-,-,5960.0,-,-,0,0,0,0,5900,5990,-,-
TXO,202611,20261118.0,40600.0,Put,500,500,500,500,525.0,▲+43,▲+9.41%,0,1,1,1,505,530,500,500
TXO,202611,20261118.0,40700.0,Call,-,-,-,-,5870.0,-,-,0,0,0,0,5820,5910,-,-
TXO,202611,20261118.0,40700.0,Put,-,-,-,-,540.0,-,-,0,0,0,4,525,550,930,270
TXO,202611,20261118.0,40800.0,Call,-,-,-,-,5790.0,-,-,0,0,0,0,5740,5820,-,-
TXO,202611,20261118.0,40800.0,Put,-,-,-,-,555.0,-,-,0,0,0,1,540,565,610,610
TXO,202611,20261118.0,40900.0,Call,-,-,-,-,5700.0,-,-,0,0,0,0,5650,5740,-,-
TXO,202611,20261118.0,40900.0,Put,-,-,-,-,570.0,-,-,0,0,0,0,555,580,-,-
TXO,202611,20261118.0,41000.0,Call,-,-,-,-,5620.0,-,-,0,0,0,0,5570,5650,-,-
TXO,202611,20261118.0,41000.0,Put,580,650,580,650,585.0,▲+130,▲+25.00%,1,2,3,14,570,595,990,311
TXO,202611,20261118.0,41100.0,Call,-,-,-,-,5540.0,-,-,0,0,0,0,5490,5570,-,-
TXO,202611,20261118.0,41100.0,Put,-,-,-,-,605.0,-,-,0,0,0,6,585,615,425,411
TXO,202611,20261118.0,41200.0,Call,-,-,-,-,5450.0,-,-,0,0,0,0,5400,5490,-,-
TXO,202611,20261118.0,41200.0,Put,-,-,-,-,620.0,-,-,0,0,0,5,605,630,425,425
TXO,202611,20261118.0,41300.0,Call,-,-,-,-,5370.0,-,-,0,0,0,0,5320,5410,-,-
TXO,202611,20261118.0,41300.0,Put,-,-,-,-,640.0,-,-,0,0,0,5,620,650,437,437
TXO,202611,20261118.0,41400.0,Call,-,-,-,-,5290.0,-,-,0,0,0,0,5240,5320,-,-
TXO,202611,20261118.0,41400.0,Put,-,-,-,-,655.0,-,-,0,0,0,5,640,665,451,451
TXO,202611,20261118.0,41500.0,Call,-,-,-,-,5210.0,-,-,0,0,0,0,5160,5240,-,-
TXO,202611,20261118.0,41500.0,Put,-,-,-,-,680.0,-,-,1,0,1,10,660,685,1040,465
TXO,202611,20261118.0,41600.0,Call,-,-,-,-,5130.0,-,-,0,0,0,0,5080,5160,-,-
TXO,202611,20261118.0,41600.0,Put,-,-,-,-,695.0,-,-,0,0,0,5,675,705,479,479
TXO,202611,20261118.0,41700.0,Call,-,-,-,-,5040.0,-,-,0,0,0,0,5000,5080,-,-
TXO,202611,20261118.0,41700.0,Put,-,-,-,-,710.0,-,-,0,0,0,5,700,730,494,494
TXO,202611,20261118.0,41800.0,Call,-,-,-,-,4960.0,-,-,0,0,0,0,4920,5000,-,-
TXO,202611,20261118.0,41800.0,Put,-,-,-,-,730.0,-,-,0,0,0,5,720,750,510,510
TXO,202611,20261118.0,41900.0,Call,-,-,-,-,4880.0,-,-,0,0,0,0,4840,4920,-,-
TXO,202611,20261118.0,41900.0,Put,-,-,-,-,750.0,-,-,0,0,0,6,740,770,560,525
TXO,202611,20261118.0,42000.0,Call,-,-,-,-,4810.0,-,-,0,0,0,0,4760,4840,-,-
TXO,202611,20261118.0,42000.0,Put,-,-,-,-,775.0,-,-,0,0,0,17,755,785,750,435
TXO,202611,20261118.0,42100.0,Call,-,-,-,-,4740.0,-,-,0,0,0,0,4680,4760,-,-
TXO,202611,20261118.0,42100.0,Put,-,-,-,-,800.0,-,-,0,0,0,10,780,810,725,515
TXO,202611,20261118.0,42200.0,Call,-,-,-,-,4660.0,-,-,0,0,0,0,4600,4690,-,-
TXO,202611,20261118.0,42200.0,Put,-,-,-,-,820.0,-,-,0,0,0,5,800,830,745,575
TXO,202611,20261118.0,42300.0,Call,-,-,-,-,4580.0,-,-,0,0,0,0,4520,4610,-,-
TXO,202611,20261118.0,42300.0,Put,-,-,-,-,840.0,-,-,0,0,0,5,820,850,595,595
TXO,202611,20261118.0,42400.0,Call,-,-,-,-,4500.0,-,-,0,0,0,0,4450,4530,-,-
TXO,202611,20261118.0,42400.0,Put,-,-,-,-,865.0,-,-,0,0,0,5,845,875,790,610
TXO,202611,20261118.0,42500.0,Call,-,-,-,-,4420.0,-,-,0,0,0,0,4370,4460,-,-
TXO,202611,20261118.0,42500.0,Put,-,-,-,-,885.0,-,-,0,0,0,14,865,895,810,475
TXO,202611,20261118.0,42600.0,Call,-,-,-,-,4350.0,-,-,0,0,0,0,4290,4380,-,-
TXO,202611,20261118.0,42600.0,Put,-,-,-,-,915.0,-,-,5,0,5,10,895,920,830,605
TXO,202611,20261118.0,42700.0,Call,-,-,-,-,4270.0,-,-,0,0,0,0,4220,4300,-,-
TXO,202611,20261118.0,42700.0,Put,-,-,-,-,935.0,-,-,0,0,0,0,910,945,1620,915
TXO,202611,20261118.0,42800.0,Call,-,-,-,-,4200.0,-,-,0,0,0,0,4140,4230,-,-
TXO,202611,20261118.0,42800.0,Put,-,-,-,-,960.0,-,-,0,0,0,0,940,970,-,-
TXO,202611,20261118.0,42900.0,Call,-,-,-,-,4120.0,-,-,0,0,0,0,4070,4150,-,-
TXO,202611,20261118.0,42900.0,Put,935,935,935,935,985.0,▲+45,▲+5.06%,0,1,1,1,965,995,935,935
TXO,202611,20261118.0,43000.0,Call,-,-,-,-,4050.0,-,-,0,0,0,0,4000,4080,-,-
TXO,202611,20261118.0,43000.0,Put,-,-,-,-,1010.0,-,-,0,0,0,5,985,1020,745,545
TXO,202611,20261118.0,43100.0,Call,-,-,-,-,3970.0,-,-,0,0,0,0,3920,4020,-,-
TXO,202611,20261118.0,43100.0,Put,-,-,-,-,1030.0,-,-,0,0,0,5,1020,1050,780,750
TXO,202611,20261118.0,43200.0,Call,-,-,-,-,3900.0,-,-,0,0,0,0,3850,3930,-,-
TXO,202611,20261118.0,43200.0,Put,-,-,-,-,1060.0,-,-,0,0,0,10,1050,1080,790,785
TXO,202611,20261118.0,43300.0,Call,-,-,-,-,3830.0,-,-,0,0,0,0,3780,3860,-,-
TXO,202611,20261118.0,43300.0,Put,-,-,-,-,1090.0,-,-,5,0,5,12,1080,1110,1040,670
TXO,202611,20261118.0,43400.0,Call,-,-,-,-,3760.0,-,-,0,0,0,0,3710,3790,-,-
TXO,202611,20261118.0,43400.0,Put,-,-,-,-,1120.0,-,-,0,0,0,5,1100,1130,835,835
TXO,202611,20261118.0,43500.0,Call,-,-,-,-,3680.0,-,-,0,0,0,0,3650,3710,-,-
TXO,202611,20261118.0,43500.0,Put,-,-,-,-,1140.0,-,-,2,0,2,7,1130,1160,1070,780
TXO,202611,20261118.0,43600.0,Call,-,-,-,-,3610.0,-,-,0,0,0,0,3580,3640,-,-
TXO,202611,20261118.0,43600.0,Put,-,-,-,-,1170.0,-,-,0,0,0,6,1160,1190,1070,865
TXO,202611,20261118.0,43700.0,Call,-,-,-,-,3540.0,-,-,0,0,0,0,3500,3560,-,-
TXO,202611,20261118.0,43700.0,Put,-,-,-,-,1200.0,-,-,0,0,0,5,1190,1220,890,890
TXO,202611,20261118.0,43800.0,Call,-,-,-,-,3470.0,-,-,0,0,0,0,3440,3500,-,-
TXO,202611,20261118.0,43800.0,Put,-,-,-,-,1230.0,-,-,0,0,0,5,1220,1250,920,850
TXO,202611,20261118.0,43900.0,Call,-,-,-,-,3410.0,-,-,0,0,0,0,3370,3430,-,-
TXO,202611,20261118.0,43900.0,Put,-,-,-,-,1270.0,-,-,0,0,0,6,1250,1280,1930,830
TXO,202611,20261118.0,44000.0,Call,-,-,-,-,3340.0,-,-,0,0,0,0,3310,3370,-,-
TXO,202611,20261118.0,44000.0,Put,-,-,-,-,1300.0,-,-,0,0,0,1,1280,1310,2100,775
TXO,202611,20261118.0,44100.0,Call,-,-,-,-,3280.0,-,-,0,0,0,0,3240,3300,-,-
TXO,202611,20261118.0,44100.0,Put,-,-,-,-,1340.0,-,-,0,0,0,0,1310,1350,910,815
TXO,202611,20261118.0,44200.0,Call,-,-,-,-,3210.0,-,-,0,0,0,0,3170,3230,-,-
TXO,202611,20261118.0,44200.0,Put,-,-,-,-,1360.0,-,-,0,0,0,6,1350,1380,1280,1020
TXO,202611,20261118.0,44300.0,Call,-,-,-,-,3140.0,-,-,0,0,0,0,3110,3170,-,-
TXO,202611,20261118.0,44300.0,Put,-,-,-,-,1400.0,-,-,0,0,0,2,1380,1410,1870,970
TXO,202611,20261118.0,44400.0,Call,-,-,-,-,3080.0,-,-,0,0,0,0,3040,3100,-,-
TXO,202611,20261118.0,44400.0,Put,-,-,-,-,1440.0,-,-,0,0,0,0,1410,1450,-,-
TXO,202611,20261118.0,44500.0,Call,-,-,-,-,3010.0,-,-,0,0,0,0,2980,3040,-,-
TXO,202611,20261118.0,44500.0,Put,-,-,-,-,1470.0,-,-,0,0,0,0,1450,1480,1230,920
TXO,202611,20261118.0,44600.0,Call,-,-,-,-,2950.0,-,-,0,0,0,0,2910,2970,-,-
TXO,202611,20261118.0,44600.0,Put,-,-,-,-,1510.0,-,-,1,0,1,2,1480,1520,1330,1050
TXO,202611,20261118.0,44700.0,Call,-,-,-,-,2890.0,-,-,0,0,0,0,2850,2910,-,-
TXO,202611,20261118.0,44700.0,Put,-,-,-,-,1550.0,-,-,0,0,0,0,1520,1560,2040,1090
TXO,202611,20261118.0,44800.0,Call,-,-,-,-,2820.0,-,-,0,0,0,0,2800,2840,-,-
TXO,202611,20261118.0,44800.0,Put,-,-,-,-,1580.0,-,-,0,0,0,0,1560,1590,-,-
TXO,202611,20261118.0,44900.0,Call,-,-,-,-,2760.0,-,-,0,0,0,0,2740,2780,-,-
TXO,202611,20261118.0,44900.0,Put,-,-,-,-,1620.0,-,-,0,0,0,0,1600,1650,-,-
TXO,202611,20261118.0,45000.0,Call,-,-,-,-,2700.0,-,-,0,0,0,5,2680,2720,3740,2760
TXO,202611,20261118.0,45000.0,Put,-,-,-,-,1660.0,-,-,1,0,1,10,1630,1670,2580,1030
TXO,202611,20261118.0,45100.0,Call,-,-,-,-,2640.0,-,-,0,0,0,0,2600,2660,-,-
TXO,202611,20261118.0,45100.0,Put,-,-,-,-,1700.0,-,-,0,0,0,6,1670,1710,1630,1290
TXO,202611,20261118.0,45200.0,Call,-,-,-,-,2590.0,-,-,0,0,0,0,2560,2600,-,-
TXO,202611,20261118.0,45200.0,Put,-,-,-,-,1740.0,-,-,0,0,0,0,1720,1760,-,-
TXO,202611,20261118.0,45300.0,Call,-,-,-,-,2530.0,-,-,0,0,0,0,2500,2550,-,-
TXO,202611,20261118.0,45300.0,Put,-,-,-,-,1790.0,-,-,0,0,0,15,1750,1800,1360,1160
TXO,202611,20261118.0,45400.0,Call,-,-,-,-,2470.0,-,-,0,0,0,0,2440,2480,-,-
TXO,202611,20261118.0,45400.0,Put,-,-,-,-,1830.0,-,-,0,0,0,10,1800,1850,2790,1190
TXO,202611,20261118.0,45500.0,Call,2320,2320,2320,2320,2410.0,▼-430,▼-15.64%,0,1,1,1,2380,2430,3240,2320
TXO,202611,20261118.0,45500.0,Put,-,-,-,-,1870.0,-,-,0,0,0,20,1830,1880,2800,1220
TXO,202611,20261118.0,45600.0,Call,-,-,-,-,2350.0,-,-,0,0,0,0,2310,2360,-,-
TXO,202611,20261118.0,45600.0,Put,-,-,-,-,1910.0,-,-,0,0,0,7,1880,1920,1760,1200
TXO,202611,20261118.0,45700.0,Call,-,-,-,-,2300.0,-,-,0,0,0,0,2270,2320,-,-
TXO,202611,20261118.0,45700.0,Put,-,-,-,-,1950.0,-,-,0,0,0,20,1930,1980,1880,1370
TXO,202611,20261118.0,45800.0,Call,-,-,-,-,2240.0,-,-,0,0,0,0,2210,2260,-,-
TXO,202611,20261118.0,45800.0,Put,-,-,-,-,2000.0,-,-,0,0,0,20,1960,2010,1540,1350
TXO,202611,20261118.0,45900.0,Call,-,-,-,-,2180.0,-,-,0,0,0,0,2150,2200,-,-
TXO,202611,20261118.0,45900.0,Put,-,-,-,-,2040.0,-,-,0,0,0,20,2020,2070,1810,1280
TXO,202611,20261118.0,46000.0,Call,2130,2130,2130,2130,2130.0,▼-330,▼-13.41%,0,1,1,4,2100,2150,3130,2130
TXO,202611,20261118.0,46000.0,Put,-,-,-,-,2080.0,-,-,0,0,0,11,2060,2100,2800,1300
TXO,202611,20261118.0,46100.0,Call,2160,2160,2160,2160,2060.0,▼-240,▼-10.00%,1,1,2,1,2050,2100,2540,2160
TXO,202611,20261118.0,46100.0,Put,-,-,-,-,2110.0,-,-,0,0,0,5,2110,2150,1660,1660
TXO,202611,20261118.0,46200.0,Call,-,-,-,-,2010.0,-,-,0,0,0,1,1980,2030,2680,2680
TXO,202611,20261118.0,46200.0,Put,-,-,-,-,2160.0,-,-,0,0,0,5,2150,2190,1700,1700
TXO,202611,20261118.0,46300.0,Call,-,-,-,-,1960.0,-,-,1,0,1,1,1930,1980,2350,2350
TXO,202611,20261118.0,46300.0,Put,-,-,-,-,2210.0,-,-,1,0,1,6,2200,2240,1970,1740
TXO,202611,20261118.0,46400.0,Call,-,-,-,-,1910.0,-,-,0,0,0,0,1890,1940,-,-
TXO,202611,20261118.0,46400.0,Put,-,-,-,-,2260.0,-,-,0,0,0,5,2250,2290,1780,1780
TXO,202611,20261118.0,46500.0,Call,1880,1880,1840,1840,1840.0,▼-350,▼-15.98%,0,2,2,12,1840,1880,2220,1840
TXO,202611,20261118.0,46500.0,Put,-,-,-,-,2310.0,-,-,0,0,0,12,2300,2350,1870,1830
TXO,202611,20261118.0,46600.0,Call,-,-,-,-,1810.0,-,-,0,0,0,0,1790,1840,2250,2230
TXO,202611,20261118.0,46600.0,Put,-,-,-,-,2360.0,-,-,0,0,0,5,2350,2390,1870,1870
TXO,202611,20261118.0,46700.0,Call,-,-,-,-,1760.0,-,-,0,0,0,5,1750,1780,2310,2310
TXO,202611,20261118.0,46700.0,Put,-,-,-,-,2410.0,-,-,0,0,0,5,2400,2440,1910,1910
TXO,202611,20261118.0,46800.0,Call,-,-,-,-,1710.0,-,-,0,0,0,1,1690,1740,2620,1620
TXO,202611,20261118.0,46800.0,Put,-,-,-,-,2470.0,-,-,0,0,0,6,2450,2500,2520,1840
TXO,202611,20261118.0,46900.0,Call,-,-,-,-,1670.0,-,-,0,0,0,6,1640,1690,2200,2200
TXO,202611,20261118.0,46900.0,Put,-,-,-,-,2520.0,-,-,1,0,1,6,2510,2550,2300,1690
TXO,202611,20261118.0,47000.0,Call,-,-,-,-,1620.0,-,-,0,0,0,3,1590,1640,2180,1620
TXO,202611,20261118.0,47000.0,Put,-,-,-,-,2570.0,-,-,0,0,0,13,2550,2600,3820,2040
TXO,202611,20261118.0,47100.0,Call,-,-,-,-,1570.0,-,-,0,0,0,1,1550,1600,2330,2330
TXO,202611,20261118.0,47100.0,Put,-,-,-,-,2620.0,-,-,0,0,0,6,2600,2650,2100,1900
TXO,202611,20261118.0,47200.0,Call,-,-,-,-,1520.0,-,-,0,0,0,6,1520,1550,2340,2040
TXO,202611,20261118.0,47200.0,Put,-,-,-,-,2670.0,-,-,0,0,0,4,2660,2710,1980,1810
TXO,202611,20261118.0,47300.0,Call,-,-,-,-,1480.0,-,-,0,0,0,6,1470,1510,2300,1990
TXO,202611,20261118.0,47300.0,Put,-,-,-,-,2730.0,-,-,0,0,0,6,2710,2760,2190,1900
TXO,202611,20261118.0,47400.0,Call,-,-,-,-,1440.0,-,-,0,0,0,6,1430,1470,2240,1940
TXO,202611,20261118.0,47400.0,Put,-,-,-,-,2790.0,-,-,0,0,0,6,2770,2820,2240,2020
TXO,202611,20261118.0,47500.0,Call,-,-,-,-,1400.0,-,-,0,0,0,20,1390,1420,2310,1780
TXO,202611,20261118.0,47500.0,Put,-,-,-,-,2850.0,-,-,0,0,0,10,2840,2890,2730,1980
TXO,202611,20261118.0,47600.0,Call,-,-,-,-,1360.0,-,-,0,0,0,5,1350,1380,1840,1840
TXO,202611,20261118.0,47600.0,Put,-,-,-,-,2910.0,-,-,0,0,0,0,2890,2950,-,-
TXO,202611,20261118.0,47700.0,Call,-,-,-,-,1320.0,-,-,0,0,0,0,1310,1340,2140,1950
TXO,202611,20261118.0,47700.0,Put,-,-,-,-,2970.0,-,-,0,0,0,5,2950,3000,2400,2400
TXO,202611,20261118.0,47800.0,Call,-,-,-,-,1280.0,-,-,0,0,0,5,1270,1300,1750,1750
TXO,202611,20261118.0,47800.0,Put,-,-,-,-,3030.0,-,-,0,0,0,5,3010,3060,2450,2450
TXO,202611,20261118.0,47900.0,Call,-,-,-,-,1240.0,-,-,0,0,0,10,1230,1260,1700,1600
TXO,202611,20261118.0,47900.0,Put,-,-,-,-,3090.0,-,-,0,0,0,5,3070,3120,2500,2500
TXO,202611,20261118.0,48000.0,Call,1100,1300,1100,1250,1210.0,▼-220,▼-14.97%,5,5,10,37,1190,1220,1950,1100
TXO,202611,20261118.0,48000.0,Put,-,-,-,-,3150.0,-,-,0,0,0,4,3130,3180,4280,2400
TXO,202611,20261118.0,48100.0,Call,-,-,-,-,1170.0,-,-,0,0,0,5,1150,1180,1610,1610
TXO,202611,20261118.0,48100.0,Put,-,-,-,-,3210.0,-,-,0,0,0,5,3200,3250,2610,2610
TXO,202611,20261118.0,48200.0,Call,-,-,-,-,1130.0,-,-,0,0,0,5,1120,1150,1570,1570
TXO,202611,20261118.0,48200.0,Put,-,-,-,-,3280.0,-,-,0,0,0,0,3250,3310,-,-
TXO,202611,20261118.0,48300.0,Call,1160,1160,1160,1160,1100.0,▼-190,▼-14.07%,0,1,1,6,1080,1110,1520,1160
TXO,202611,20261118.0,48300.0,Put,-,-,-,-,3340.0,-,-,0,0,0,0,3320,3380,-,-
TXO,202611,20261118.0,48400.0,Call,-,-,-,-,1060.0,-,-,0,0,0,5,1040,1070,1790,1480
TXO,202611,20261118.0,48400.0,Put,-,-,-,-,3400.0,-,-,0,0,0,0,3380,3440,-,-
TXO,202611,20261118.0,48500.0,Call,-,-,-,-,1030.0,-,-,0,0,0,5,1010,1040,1440,1140
TXO,202611,20261118.0,48500.0,Put,-,-,-,-,3470.0,-,-,0,0,0,0,3450,3510,-,-
TXO,202611,20261118.0,48600.0,Call,-,-,-,-,990.0,-,-,0,0,0,5,980,1010,1400,1400
TXO,202611,20261118.0,48600.0,Put,-,-,-,-,3540.0,-,-,0,0,0,0,3510,3570,-,-
TXO,202611,20261118.0,48700.0,Call,-,-,-,-,960.0,-,-,0,0,0,0,940,970,-,-
TXO,202611,20261118.0,48700.0,Put,-,-,-,-,3600.0,-,-,0,0,0,0,3580,3640,-,-
TXO,202611,20261118.0,48800.0,Call,-,-,-,-,925.0,-,-,0,0,0,2,915,950,1500,1040
TXO,202611,20261118.0,48800.0,Put,-,-,-,-,3670.0,-,-,0,0,0,0,3650,3710,-,-
TXO,202611,20261118.0,48900.0,Call,-,-,-,-,895.0,-,-,0,0,0,5,880,910,1280,1280
TXO,202611,20261118.0,48900.0,Put,-,-,-,-,3740.0,-,-,0,0,0,0,3720,3780,-,-
TXO,202611,20261118.0,49000.0,Call,-,-,-,-,865.0,-,-,0,0,0,1,850,880,1150,950
TXO,202611,20261118.0,49000.0,Put,-,-,-,-,3810.0,-,-,0,0,0,4,3790,3860,4900,3640
TXO,202611,20261118.0,49100.0,Call,-,-,-,-,835.0,-,-,0,0,0,0,820,850,1410,1080
TXO,202611,20261118.0,49100.0,Put,-,-,-,-,3880.0,-,-,0,0,0,0,3850,3930,-,-
TXO,202611,20261118.0,49200.0,Call,-,-,-,-,810.0,-,-,0,0,0,5,790,820,1170,920
TXO,202611,20261118.0,49200.0,Put,-,-,-,-,3950.0,-,-,0,0,0,0,3920,4000,-,-
TXO,202611,20261118.0,49300.0,Call,-,-,-,-,780.0,-,-,0,0,0,0,770,795,-,-
TXO,202611,20261118.0,49300.0,Put,-,-,-,-,4020.0,-,-,0,0,0,0,3990,4070,-,-
TXO,202611,20261118.0,49400.0,Call,-,-,-,-,755.0,-,-,0,0,0,0,735,765,-,-
TXO,202611,20261118.0,49400.0,Put,-,-,-,-,4100.0,-,-,0,0,0,0,4050,4150,-,-
TXO,202611,20261118.0,49500.0,Call,-,-,-,-,730.0,-,-,1,0,1,1,710,740,1160,930
TXO,202611,20261118.0,49500.0,Put,-,-,-,-,4170.0,-,-,0,0,0,0,4140,4220,-,-
TXO,202611,20261118.0,49600.0,Call,-,-,-,-,705.0,-,-,0,0,0,0,685,715,-,-
TXO,202611,20261118.0,49600.0,Put,-,-,-,-,4240.0,-,-,0,0,0,0,4210,4290,-,-
TXO,202611,20261118.0,49700.0,Call,-,-,-,-,680.0,-,-,0,0,0,0,660,690,1220,1190
TXO,202611,20261118.0,49700.0,Put,-,-,-,-,4320.0,-,-,0,0,0,0,4290,4360,-,-
TXO,202611,20261118.0,49800.0,Call,-,-,-,-,655.0,-,-,0,0,0,0,635,665,-,-
TXO,202611,20261118.0,49800.0,Put,-,-,-,-,4390.0,-,-,0,0,0,0,4360,4450,-,-
TXO,202611,20261118.0,49900.0,Call,-,-,-,-,630.0,-,-,0,0,0,7,620,650,940,815
TXO,202611,20261118.0,49900.0,Put,-,-,-,-,4470.0,-,-,0,0,0,0,4440,4520,-,-
TXO,202611,20261118.0,50000.0,Call,575,620,575,610,610.0,▼-195,▼-24.22%,0,5,5,22,595,625,1050,575
TXO,202611,20261118.0,50000.0,Put,-,-,-,-,4540.0,-,-,0,0,0,0,4510,4600,5850,4670
TXO,202611,20261118.0,50100.0,Call,-,-,-,-,585.0,-,-,0,0,0,5,575,605,880,880
TXO,202611,20261118.0,50100.0,Put,-,-,-,-,4620.0,-,-,0,0,0,0,4590,4680,-,-
TXO,202611,20261118.0,50200.0,Call,600,600,600,600,565.0,▼-150,▼-20.00%,0,1,1,1,555,585,600,600
TXO,202611,20261118.0,50200.0,Put,-,-,-,-,4700.0,-,-,0,0,0,0,4670,4750,-,-
TXO,202611,20261118.0,50300.0,Call,-,-,-,-,540.0,-,-,0,0,0,6,525,555,895,605
TXO,202611,20261118.0,50300.0,Put,-,-,-,-,4780.0,-,-,0,0,0,0,4750,4830,-,-
TXO,202611,20261118.0,50400.0,Call,-,-,-,-,520.0,-,-,0,0,0,19,505,530,820,580
TXO,202611,20261118.0,50400.0,Put,-,-,-,-,4860.0,-,-,0,0,0,0,4810,4910,-,-
TXO,202611,20261118.0,50500.0,Call,-,-,-,-,497.0,-,-,0,0,0,5,490,515,770,550
TXO,202611,20261118.0,50500.0,Put,-,-,-,-,4940.0,-,-,0,0,0,0,4910,4990,-,-
TXO,202611,20261118.0,50600.0,Call,515,515,515,515,479.0,▼-140,▼-21.37%,0,1,1,5,473,495,810,515
TXO,202611,20261118.0,50600.0,Put,-,-,-,-,5020.0,-,-,0,0,0,0,4990,5070,-,-
TXO,202611,20261118.0,50700.0,Call,-,-,-,-,462.0,-,-,0,0,0,5,456,477,820,625
TXO,202611,20261118.0,50700.0,Put,-,-,-,-,5100.0,-,-,0,0,0,0,5070,5160,-,-
TXO,202611,20261118.0,50800.0,Call,-,-,-,-,446.0,-,-,0,0,0,5,438,459,690,585
TXO,202611,20261118.0,50800.0,Put,-,-,-,-,5180.0,-,-,0,0,0,0,5150,5240,-,-
TXO,202611,20261118.0,50900.0,Call,-,-,-,-,431.0,-,-,0,0,0,5,421,442,800,620
TXO,202611,20261118.0,50900.0,Put,-,-,-,-,5270.0,-,-,0,0,0,0,5240,5310,-,-
TXO,202611,20261118.0,51000.0,Call,441,441,410,410,410.0,▼-165,▼-28.70%,0,9,9,9,404,424,780,410
TXO,202611,20261118.0,51000.0,Put,-,-,-,-,5350.0,-,-,0,0,0,0,5320,5400,-,-
TXO,202611,20261118.0,51100.0,Call,-,-,-,-,395.0,-,-,0,0,0,5,389,409,630,400
TXO,202611,20261118.0,51100.0,Put,-,-,-,-,5430.0,-,-,0,0,0,0,5400,5490,-,-
TXO,202611,20261118.0,51200.0,Call,-,-,-,-,380.0,-,-,0,0,0,5,374,394,610,610
TXO,202611,20261118.0,51200.0,Put,-,-,-,-,5520.0,-,-,0,0,0,0,5470,5560,-,-
TXO,202611,20261118.0,51300.0,Call,-,-,-,-,367.0,-,-,0,0,0,5,359,378,590,590
TXO,202611,20261118.0,51300.0,Put,-,-,-,-,5600.0,-,-,0,0,0,0,5570,5650,-,-
TXO,202611,20261118.0,51400.0,Call,-,-,-,-,353.0,-,-,0,0,0,5,345,364,580,560
TXO,202611,20261118.0,51400.0,Put,-,-,-,-,5690.0,-,-,0,0,0,0,5650,5740,-,-
TXO,202611,20261118.0,51500.0,Call,350,350,350,350,350.0,▼-134,▼-27.69%,0,1,1,6,335,354,750,350
TXO,202611,20261118.0,51500.0,Put,-,-,-,-,5780.0,-,-,0,0,0,0,5740,5820,-,-
TXO,202611,20261118.0,51600.0,Call,-,-,-,-,328.0,-,-,0,0,0,5,320,337,540,540
TXO,202611,20261118.0,51600.0,Put,-,-,-,-,5860.0,-,-,0,0,0,0,5820,5910,-,-
TXO,202611,20261118.0,51700.0,Call,-,-,-,-,316.0,-,-,0,0,0,4,307,324,555,311
TXO,202611,20261118.0,51700.0,Put,-,-,-,-,5950.0,-,-,0,0,0,0,5910,5990,-,-
TXO,202611,20261118.0,51800.0,Call,-,-,-,-,304.0,-,-,0,0,0,2,295,312,515,316
TXO,202611,20261118.0,51800.0,Put,-,-,-,-,6040.0,-,-,0,0,0,0,6000,6080,-,-
TXO,202611,20261118.0,51900.0,Call,-,-,-,-,292.0,-,-,0,0,0,2,287,304,510,310
TXO,202611,20261118.0,51900.0,Put,-,-,-,-,6130.0,-,-,0,0,0,0,6090,6180,-,-
TXO,202611,20261118.0,52000.0,Call,284,304,284,304,281.0,▼-98,▼-24.38%,0,3,3,7,272,288,560,272
TXO,202611,20261118.0,52000.0,Put,-,-,-,-,6210.0,-,-,0,0,0,0,6170,6260,-,-
TXO,202611,20261118.0,52100.0,Call,-,-,-,-,270.0,-,-,0,0,0,14,261,277,475,272
TXO,202611,20261118.0,52100.0,Put,-,-,-,-,6300.0,-,-,0,0,0,0,6270,6350,-,-
TXO,202611,20261118.0,52200.0,Call,268,268,268,268,268.0,▼-108,▼-28.72%,0,1,1,0,250,266,387,268
TXO,202611,20261118.0,52200.0,Put,-,-,-,-,6390.0,-,-,0,0,0,0,6360,6440,-,-
TXO,202611,20261118.0,52300.0,Call,-,-,-,-,249.0,-,-,0,0,0,2,241,257,343,318
TXO,202611,20261118.0,52300.0,Put,-,-,-,-,6480.0,-,-,0,0,0,0,6450,6540,-,-
TXO,202611,20261118.0,52400.0,Call,-,-,-,-,239.0,-,-,0,0,0,0,231,247,-,-
TXO,202611,20261118.0,52400.0,Put,-,-,-,-,6570.0,-,-,0,0,0,0,6540,6630,-,-
TXO,202611,20261118.0,52500.0,Call,244,244,242,242,230.0,▼-95,▼-28.19%,0,5,5,11,225,240,400,242
TXO,202611,20261118.0,52500.0,Put,-,-,-,-,6660.0,-,-,0,0,0,0,6630,6710,-,-
TXO,202611,20261118.0,52600.0,Call,-,-,-,-,218.0,-,-,0,0,0,0,213,228,-,-
TXO,202611,20261118.0,52600.0,Put,-,-,-,-,6750.0,-,-,0,0,0,0,6700,6810,-,-
TXO,202611,20261118.0,52700.0,Call,-,-,-,-,214.0,-,-,0,0,0,0,209,224,373,373
TXO,202611,20261118.0,52700.0,Put,-,-,-,-,6850.0,-,-,0,0,0,0,6800,6890,-,-
TXO,202611,20261118.0,52800.0,Call,-,-,-,-,206.0,-,-,0,0,0,4,197,211,450,285
TXO,202611,20261118.0,52800.0,Put,-,-,-,-,6940.0,-,-,0,0,0,0,6900,6980,-,-
TXO,202611,20261118.0,52900.0,Call,-,-,-,-,198.0,-,-,0,0,0,4,193,207,389,222
TXO,202611,20261118.0,52900.0,Put,-,-,-,-,7030.0,-,-,0,0,0,0,6990,7070,-,-
TXO,202611,20261118.0,53000.0,Call,200,200,200,200,190.0,▼-83,▼-29.33%,0,5,5,11,185,199,420,200
TXO,202611,20261118.0,53000.0,Put,-,-,-,-,7120.0,-,-,0,0,0,0,7080,7170,-,-
TXO,202611,20261118.0,53100.0,Call,200,200,200,200,183.0,▼-73,▼-26.74%,0,1,1,1,178,192,200,200
TXO,202611,20261118.0,53100.0,Put,-,-,-,-,7210.0,-,-,0,0,0,0,7180,7270,-,-
TXO,202611,20261118.0,53200.0,Call,-,-,-,-,176.0,-,-,0,0,0,2,171,184,246,246
TXO,202611,20261118.0,53200.0,Put,-,-,-,-,7310.0,-,-,0,0,0,0,7250,7350,-,-
TXO,202611,20261118.0,53300.0,Call,180,180,180,180,170.0,▼-74,▼-29.13%,0,2,2,4,164,177,335,180
TXO,202611,20261118.0,53300.0,Put,-,-,-,-,7400.0,-,-,0,0,0,0,7360,7440,-,-
TXO,202611,20261118.0,53400.0,Call,-,-,-,-,163.0,-,-,0,0,0,0,157,170,-,-
TXO,202611,20261118.0,53400.0,Put,-,-,-,-,7490.0,-,-,0,0,0,0,7450,7550,-,-
TXO,202611,20261118.0,53500.0,Call,157,173,157,161,161.0,▼-75,▼-31.78%,0,3,3,2,155,164,173,157
TXO,202611,20261118.0,53500.0,Put,-,-,-,-,7590.0,-,-,0,0,0,0,7540,7630,-,-
TXO,202611,20261118.0,53600.0,Call,-,-,-,-,152.0,-,-,0,0,0,1,145,158,238,238
TXO,202611,20261118.0,53600.0,Put,-,-,-,-,7680.0,-,-,0,0,0,0,7640,7740,-,-
TXO,202611,20261118.0,53700.0,Call,-,-,-,-,146.0,-,-,0,0,0,0,139,151,-,-
TXO,202611,20261118.0,53700.0,Put,-,-,-,-,7770.0,-,-,0,0,0,0,7740,7820,-,-
TXO,202611,20261118.0,53800.0,Call,-,-,-,-,141.0,-,-,0,0,0,0,134,146,-,-
TXO,202611,20261118.0,53800.0,Put,-,-,-,-,7870.0,-,-,0,0,0,0,7830,7910,-,-
TXO,202611,20261118.0,53900.0,Call,-,-,-,-,136.0,-,-,0,0,0,0,128,140,-,-
TXO,202611,20261118.0,53900.0,Put,-,-,-,-,7960.0,-,-,0,0,0,0,7920,8010,-,-
TXO,202611,20261118.0,54000.0,Call,128,147,125,125,131.0,▼-71,▼-36.22%,0,6,6,15,122,133,299,125
TXO,202611,20261118.0,54000.0,Put,-,-,-,-,8060.0,-,-,0,0,0,0,8020,8100,-,-
TXO,202611,20261118.0,54100.0,Call,-,-,-,-,126.0,-,-,0,0,0,0,118,130,-,-
TXO,202611,20261118.0,54100.0,Put,-,-,-,-,8150.0,-,-,0,0,0,0,8110,8200,-,-
TXO,202611,20261118.0,54200.0,Call,127,127,127,127,122.0,▼-55,▼-30.22%,0,1,1,0,113,124,235,127
TXO,202611,20261118.0,54200.0,Put,-,-,-,-,8250.0,-,-,0,0,0,0,8210,8290,-,-
TXO,202611,20261118.0,54300.0,Call,-,-,-,-,117.0,-,-,0,0,0,4,108,120,240,238
TXO,202611,20261118.0,54300.0,Put,-,-,-,-,8340.0,-,-,0,0,0,0,8300,8400,-,-
TXO,202611,20261118.0,54400.0,Call,-,-,-,-,113.0,-,-,0,0,0,0,104,115,-,-
TXO,202611,20261118.0,54400.0,Put,-,-,-,-,8440.0,-,-,0,0,0,0,8400,8480,-,-
TXO,202611,20261118.0,54500.0,Call,107,119,107,109,109.0,▼-54,▼-33.13%,0,3,3,15,100,111,230,107
TXO,202611,20261118.0,54500.0,Put,-,-,-,-,8530.0,-,-,0,0,0,0,8490,8580,-,-
TXO,202612,20261216.0,25200.0,Call,-,-,-,-,20920.0,-,-,0,0,0,2,20880,21220,22620,13580
TXO,202612,20261216.0,25200.0,Put,40,41,40,41,35.0,▲+3,▲+7.89%,1,3,4,174,28,41.5,985,28.5
TXO,202612,20261216.0,25400.0,Call,-,-,-,-,20720.0,-,-,0,0,0,0,20650,20910,-,-
TXO,202612,20261216.0,25400.0,Put,-,-,-,-,36.5,-,-,0,0,0,6,21,-,610,84
TXO,202612,20261216.0,25600.0,Call,-,-,-,-,20530.0,-,-,0,0,0,0,20440,20740,-,-
TXO,202612,20261216.0,25600.0,Put,-,-,-,-,38.5,-,-,0,0,0,12,-,-,750,86
TXO,202612,20261216.0,25800.0,Call,-,-,-,-,20330.0,-,-,0,0,0,0,20250,20540,-,-
TXO,202612,20261216.0,25800.0,Put,-,-,-,-,40.0,-,-,0,0,0,6,-,-,505,75
TXO,202612,20261216.0,26000.0,Call,-,-,-,-,20130.0,-,-,0,0,0,1,20060,20340,17230,7550
TXO,202612,20261216.0,26000.0,Put,-,-,-,-,42.0,-,-,0,0,0,87,3.3,-,1390,38
TXO,202612,20261216.0,26200.0,Call,-,-,-,-,19930.0,-,-,0,0,0,0,19850,20140,-,-
TXO,202612,20261216.0,26200.0,Put,-,-,-,-,44.0,-,-,0,0,0,7,-,-,1430,49
TXO,202612,20261216.0,26400.0,Call,-,-,-,-,19740.0,-,-,0,0,0,0,19660,19940,-,-
TXO,202612,20261216.0,26400.0,Put,-,-,-,-,46.0,-,-,0,0,0,13,-,150,1250,68
TXO,202612,20261216.0,26600.0,Call,-,-,-,-,19540.0,-,-,0,0,0,0,19470,19750,-,-
TXO,202612,20261216.0,26600.0,Put,-,-,-,-,48.5,-,-,0,0,0,1,-,-,765,64
TXO,202612,20261216.0,26800.0,Call,-,-,-,-,19340.0,-,-,0,0,0,0,19270,19550,-,-
TXO,202612,20261216.0,26800.0,Put,-,-,-,-,50.0,-,-,0,0,0,3,-,-,1500,57
TXO,202612,20261216.0,27000.0,Call,-,-,-,-,19150.0,-,-,0,0,0,1,19100,19420,18990,7500
TXO,202612,20261216.0,27000.0,Put,-,-,-,-,53.0,-,-,0,0,0,7,-,-,1590,88
TXO,202612,20261216.0,27200.0,Call,-,-,-,-,18950.0,-,-,0,0,0,0,18870,19150,-,-
TXO,202612,20261216.0,27200.0,Put,-,-,-,-,55.0,-,-,0,0,0,1,-,156,710,215
TXO,202612,20261216.0,27400.0,Call,-,-,-,-,18750.0,-,-,0,0,0,0,18680,18950,-,-
TXO,202612,20261216.0,27400.0,Put,-,-,-,-,58.0,-,-,0,0,0,16,-,-,1580,60
TXO,202612,20261216.0,27600.0,Call,-,-,-,-,18560.0,-,-,0,0,0,0,18480,18720,-,-
TXO,202612,20261216.0,27600.0,Put,-,-,-,-,59.0,-,-,0,0,0,2,-,159,1300,44.5
TXO,202612,20261216.0,27800.0,Call,-,-,-,-,18360.0,-,-,0,0,0,0,18280,18550,-,-
TXO,202612,20261216.0,27800.0,Put,-,-,-,-,61.0,-,-,0,0,0,12,56,66,1550,46
TXO,202612,20261216.0,28000.0,Call,-,-,-,-,18160.0,-,-,0,0,0,0,18080,18320,-,-
TXO,202612,20261216.0,28000.0,Put,-,-,-,-,62.0,-,-,0,0,0,18,57,67,1680,47
TXO,202612,20261216.0,28200.0,Call,-,-,-,-,17960.0,-,-,0,0,0,0,17890,18140,-,-
TXO,202612,20261216.0,28200.0,Put,-,-,-,-,63.0,-,-,0,0,0,8,58,68,1820,60
TXO,202612,20261216.0,28400.0,Call,-,-,-,-,17770.0,-,-,0,0,0,0,17690,17950,-,-
TXO,202612,20261216.0,28400.0,Put,-,-,-,-,65.0,-,-,0,0,0,4,60,70,1400,60
TXO,202612,20261216.0,28600.0,Call,-,-,-,-,17570.0,-,-,0,0,0,0,17490,17770,-,-
TXO,202612,20261216.0,28600.0,Put,-,-,-,-,68.0,-,-,0,0,0,7,62,73,1500,51
TXO,202612,20261216.0,28800.0,Call,-,-,-,-,17370.0,-,-,0,0,0,0,17300,17560,-,-
TXO,202612,20261216.0,28800.0,Put,-,-,-,-,69.0,-,-,0,0,0,6,63,74,1550,60
TXO,202612,20261216.0,29000.0,Call,-,-,-,-,17170.0,-,-,0,0,0,0,17090,17370,-,-
TXO,202612,20261216.0,29000.0,Put,-,-,-,-,70.0,-,-,0,0,0,3,64,75,1860,50
TXO,202612,20261216.0,29200.0,Call,-,-,-,-,16980.0,-,-,0,0,0,0,16900,17160,-,-
TXO,202612,20261216.0,29200.0,Put,-,-,-,-,72.0,-,-,0,0,0,3,66,77,1860,260
TXO,202612,20261216.0,29400.0,Call,-,-,-,-,16780.0,-,-,0,0,0,0,16710,16960,-,-
TXO,202612,20261216.0,29400.0,Put,-,-,-,-,74.0,-,-,2,0,2,4,68,79,1700,62
TXO,202612,20261216.0,29600.0,Call,-,-,-,-,16580.0,-,-,0,0,0,0,16500,16760,-,-
TXO,202612,20261216.0,29600.0,Put,-,-,-,-,75.0,-,-,0,0,0,1,69,80,1650,241
TXO,202612,20261216.0,29800.0,Call,-,-,-,-,16380.0,-,-,0,0,0,0,16310,16560,11600,5120
TXO,202612,20261216.0,29800.0,Put,-,-,-,-,77.0,-,-,0,0,0,3,71,82,1700,128
TXO,202612,20261216.0,30000.0,Call,-,-,-,-,16190.0,-,-,0,0,0,0,16120,16360,11910,4660
TXO,202612,20261216.0,30000.0,Put,-,-,-,-,77.0,-,-,0,0,0,67,73,84,1880,56
TXO,202612,20261216.0,30200.0,Call,-,-,-,-,15990.0,-,-,0,0,0,0,15920,16160,14870,4700
TXO,202612,20261216.0,30200.0,Put,-,-,-,-,78.0,-,-,0,0,0,2,75,80,715,98
TXO,202612,20261216.0,30400.0,Call,-,-,-,-,15790.0,-,-,0,0,0,0,15730,15950,-,-
TXO,202612,20261216.0,30400.0,Put,-,-,-,-,83.0,-,-,0,0,0,3,77,88,510,70
TXO,202612,20261216.0,30600.0,Call,-,-,-,-,15600.0,-,-,0,0,0,0,15530,15750,-,-
TXO,202612,20261216.0,30600.0,Put,-,-,-,-,85.0,-,-,0,0,0,2,79,90,2010,67
TXO,202612,20261216.0,30800.0,Call,-,-,-,-,15400.0,-,-,0,0,0,0,15330,15580,-,-
TXO,202612,20261216.0,30800.0,Put,-,-,-,-,85.0,-,-,0,0,0,10,81,92,2700,107
TXO,202612,20261216.0,31000.0,Call,-,-,-,-,15200.0,-,-,0,0,0,0,15140,15370,-,-
TXO,202612,20261216.0,31000.0,Put,-,-,-,-,86.0,-,-,0,0,0,26,83,88,1220,71
TXO,202612,20261216.0,31200.0,Call,-,-,-,-,15010.0,-,-,0,0,0,0,14930,15150,4700,3750
TXO,202612,20261216.0,31200.0,Put,-,-,-,-,92.0,-,-,0,0,0,4,86,97,730,180
TXO,202612,20261216.0,31400.0,Call,-,-,-,-,14810.0,-,-,0,0,0,0,14740,14950,-,-
TXO,202612,20261216.0,31400.0,Put,-,-,-,-,94.0,-,-,0,0,0,2,88,99,198,84
TXO,202612,20261216.0,31600.0,Call,-,-,-,-,14610.0,-,-,0,0,0,0,14550,14780,7950,5480
TXO,202612,20261216.0,31600.0,Put,-,-,-,-,97.0,-,-,0,0,0,1,91,102,1870,86
TXO,202612,20261216.0,31800.0,Call,-,-,-,-,14420.0,-,-,0,0,0,0,14350,14560,10560,5580
TXO,202612,20261216.0,31800.0,Put,-,-,-,-,99.0,-,-,0,0,0,1,93,104,200,150
TXO,202612,20261216.0,32000.0,Call,-,-,-,-,14220.0,-,-,0,0,0,0,14150,14390,9600,3560
TXO,202612,20261216.0,32000.0,Put,-,-,-,-,102.0,-,-,0,0,0,6,96,107,3270,86
TXO,202612,20261216.0,32200.0,Call,-,-,-,-,14020.0,-,-,0,0,0,0,13960,14160,-,-
TXO,202612,20261216.0,32200.0,Put,-,-,-,-,104.0,-,-,0,0,0,2,98,109,3130,82
TXO,202612,20261216.0,32400.0,Call,-,-,-,-,13830.0,-,-,0,0,0,0,13760,13970,11650,3460
TXO,202612,20261216.0,32400.0,Put,-,-,-,-,109.0,-,-,0,0,0,4,100,117,3250,97
TXO,202612,20261216.0,32600.0,Call,-,-,-,-,13630.0,-,-,0,0,0,0,13560,13790,-,-
TXO,202612,20261216.0,32600.0,Put,-,-,-,-,112.0,-,-,0,0,0,11,102,121,1160,101
TXO,202612,20261216.0,32800.0,Call,-,-,-,-,13440.0,-,-,0,0,0,0,13380,13600,-,-
TXO,202612,20261216.0,32800.0,Put,113,122,113,122,115.0,▲+12,▲+10.91%,0,2,2,8,105,125,1920,100
TXO,202612,20261216.0,33000.0,Call,-,-,-,-,13240.0,-,-,0,0,0,0,13170,13370,13520,3000
TXO,202612,20261216.0,33000.0,Put,-,-,-,-,119.0,-,-,0,0,0,62,109,128,3280,77
TXO,202612,20261216.0,33200.0,Call,-,-,-,-,13050.0,-,-,0,0,0,0,12990,13200,4180,3280
TXO,202612,20261216.0,33200.0,Put,-,-,-,-,123.0,-,-,0,0,0,1,113,133,780,95
TXO,202612,20261216.0,33400.0,Call,-,-,-,-,12850.0,-,-,0,0,0,0,12790,13010,10800,2780
TXO,202612,20261216.0,33400.0,Put,-,-,-,-,128.0,-,-,0,0,0,2,117,138,3450,500
TXO,202612,20261216.0,33600.0,Call,-,-,-,-,12660.0,-,-,0,0,0,0,12590,12790,10850,2640
TXO,202612,20261216.0,33600.0,Put,-,-,-,-,132.0,-,-,0,0,0,6,121,143,4010,101
TXO,202612,20261216.0,33800.0,Call,-,-,-,-,12460.0,-,-,0,0,0,0,12400,12590,-,-
TXO,202612,20261216.0,33800.0,Put,-,-,-,-,137.0,-,-,0,0,0,0,125,149,1670,995
TXO,202612,20261216.0,34000.0,Call,-,-,-,-,12270.0,-,-,0,0,0,0,12210,12400,12700,3130
TXO,202612,20261216.0,34000.0,Put,-,-,-,-,143.0,-,-,0,0,0,141,130,155,3620,96
TXO,202612,20261216.0,34200.0,Call,-,-,-,-,12080.0,-,-,0,0,0,0,12010,12200,8850,5200
TXO,202612,20261216.0,34200.0,Put,-,-,-,-,148.0,-,-,0,0,0,1,135,161,1780,91
TXO,202612,20261216.0,34400.0,Call,-,-,-,-,11880.0,-,-,0,0,0,0,11820,12000,-,-
TXO,202612,20261216.0,34400.0,Put,-,-,-,-,155.0,-,-,0,0,0,2,141,168,2600,438
TXO,202612,20261216.0,34600.0,Call,-,-,-,-,11690.0,-,-,0,0,0,0,11630,11820,-,-
TXO,202612,20261216.0,34600.0,Put,-,-,-,-,162.0,-,-,0,0,0,3,147,176,2670,102
TXO,202612,20261216.0,34800.0,Call,-,-,-,-,11500.0,-,-,0,0,0,0,11440,11620,4830,3240
TXO,202612,20261216.0,34800.0,Put,-,-,-,-,169.0,-,-,0,0,0,1,153,184,3120,330
TXO,202612,20261216.0,35000.0,Call,-,-,-,-,11300.0,-,-,0,0,0,0,11250,11430,12910,2200
TXO,202612,20261216.0,35000.0,Put,177,180,174,180,180.0,▲+20,▲+12.50%,2,15,17,66,161,184,2100,120
TXO,202612,20261216.0,35200.0,Call,-,-,-,-,11120.0,-,-,0,0,0,0,11060,11260,4590,3370
TXO,202612,20261216.0,35200.0,Put,-,-,-,-,186.0,-,-,0,0,0,2,168,202,3000,400
TXO,202612,20261216.0,35400.0,Call,-,-,-,-,10930.0,-,-,0,0,0,0,10870,11020,9450,3340
TXO,202612,20261216.0,35400.0,Put,-,-,-,-,195.0,-,-,0,0,0,0,177,212,1300,350
TXO,202612,20261216.0,35600.0,Call,-,-,-,-,10740.0,-,-,0,0,0,0,10680,10860,12870,2380
TXO,202612,20261216.0,35600.0,Put,-,-,-,-,204.0,-,-,0,0,0,1,186,221,4020,193
TXO,202612,20261216.0,35800.0,Call,-,-,-,-,10550.0,-,-,0,0,0,0,10490,10660,7020,6410
TXO,202612,20261216.0,35800.0,Put,-,-,-,-,215.0,-,-,0,0,0,1,197,232,2000,1020
TXO,202612,20261216.0,36000.0,Call,-,-,-,-,10360.0,-,-,0,0,0,0,10300,10470,10860,1950
TXO,202612,20261216.0,36000.0,Put,242,242,242,242,226.0,▲+45,▲+22.84%,0,1,1,107,207,230,3300,130
TXO,202612,20261216.0,36200.0,Call,-,-,-,-,10180.0,-,-,0,0,0,0,10120,10280,7130,1470
TXO,202612,20261216.0,36200.0,Put,-,-,-,-,238.0,-,-,0,0,0,0,220,255,-,-
TXO,202612,20261216.0,36400.0,Call,-,-,-,-,9990.0,-,-,0,0,0,0,9930,10120,10490,1390
TXO,202612,20261216.0,36400.0,Put,-,-,-,-,248.0,-,-,0,0,0,1,230,265,2020,189
TXO,202612,20261216.0,36600.0,Call,-,-,-,-,9800.0,-,-,0,0,0,0,9740,9910,6880,1320
TXO,202612,20261216.0,36600.0,Put,-,-,-,-,261.0,-,-,0,0,0,5,243,278,2130,171
TXO,202612,20261216.0,36800.0,Call,-,-,-,-,9620.0,-,-,0,0,0,0,9560,9720,11890,1260
TXO,202612,20261216.0,36800.0,Put,-,-,-,-,276.0,-,-,0,0,0,50,258,293,2670,197
TXO,202612,20261216.0,37000.0,Call,-,-,-,-,9440.0,-,-,0,0,0,4,9370,9490,12020,1350
TXO,202612,20261216.0,37000.0,Put,286,286,286,286,286.0,▲+26,▲+10.00%,0,2,2,100,274,309,3150,160
TXO,202612,20261216.0,37200.0,Call,-,-,-,-,9250.0,-,-,0,0,0,0,9200,9350,9030,1740
TXO,202612,20261216.0,37200.0,Put,-,-,-,-,307.0,-,-,0,0,0,9,289,324,1070,231
TXO,202612,20261216.0,37400.0,Call,-,-,-,-,9070.0,-,-,0,0,0,0,9010,9170,10760,1280
TXO,202612,20261216.0,37400.0,Put,-,-,-,-,324.0,-,-,0,0,0,11,306,341,1540,195
TXO,202612,20261216.0,37600.0,Call,-,-,-,-,8890.0,-,-,0,0,0,2,8830,8950,1260,1260
TXO,202612,20261216.0,37600.0,Put,-,-,-,-,342.0,-,-,0,0,0,7,324,359,2950,399
TXO,202612,20261216.0,37800.0,Call,-,-,-,-,8710.0,-,-,0,0,0,0,8650,8800,11540,1240
TXO,202612,20261216.0,37800.0,Put,-,-,-,-,363.0,-,-,0,0,0,14,338,373,2900,197
TXO,202612,20261216.0,38000.0,Call,-,-,-,-,8530.0,-,-,0,0,0,18,8480,8630,8700,1230
TXO,202612,20261216.0,38000.0,Put,383,383,370,370,370.0,▲+20,▲+5.71%,0,6,6,183,363,398,3430,215
TXO,202612,20261216.0,38200.0,Call,-,-,-,-,8350.0,-,-,0,0,0,0,8290,8440,7280,1200
TXO,202612,20261216.0,38200.0,Put,-,-,-,-,403.0,-,-,0,0,0,6,377,412,1900,494
TXO,202612,20261216.0,38400.0,Call,-,-,-,-,8170.0,-,-,0,0,0,0,8110,8260,7140,1270
TXO,202612,20261216.0,38400.0,Put,-,-,-,-,424.0,-,-,0,0,0,4,400,445,835,247
TXO,202612,20261216.0,38600.0,Call,-,-,-,-,7990.0,-,-,0,0,0,3,7940,8060,10540,1080
TXO,202612,20261216.0,38600.0,Put,-,-,-,-,442.0,-,-,1,0,1,11,418,463,3100,262
TXO,202612,20261216.0,38800.0,Call,-,-,-,-,7820.0,-,-,0,0,0,0,7770,7910,10770,775
TXO,202612,20261216.0,38800.0,Put,447,447,447,447,447.0,▲+32,▲+7.71%,0,1,1,2,446,491,1510,275
TXO,202612,20261216.0,39000.0,Call,-,-,-,-,7650.0,-,-,0,0,0,4,7590,7700,9290,1100
TXO,202612,20261216.0,39000.0,Put,-,-,-,-,499.0,-,-,0,0,0,118,475,520,3690,300
TXO,202612,20261216.0,39200.0,Call,-,-,-,-,7480.0,-,-,0,0,0,0,7410,7560,10280,1290
TXO,202612,20261216.0,39200.0,Put,-,-,-,-,525.0,-,-,0,0,0,2,500,545,3680,306
TXO,202612,20261216.0,39400.0,Call,-,-,-,-,7310.0,-,-,0,0,0,0,7250,7370,11070,1300
TXO,202612,20261216.0,39400.0,Put,-,-,-,-,555.0,-,-,0,0,0,1,525,570,3380,500
TXO,202612,20261216.0,39600.0,Call,-,-,-,-,7140.0,-,-,0,0,0,0,7080,7200,11070,750
TXO,202612,20261216.0,39600.0,Put,-,-,-,-,585.0,-,-,0,0,0,3,560,610,3660,505
TXO,202612,20261216.0,39800.0,Call,-,-,-,-,6970.0,-,-,0,0,0,0,6910,7060,11350,1250
TXO,202612,20261216.0,39800.0,Put,-,-,-,-,610.0,-,-,0,0,0,1,585,635,4080,780
TXO,202612,20261216.0,40000.0,Call,-,-,-,-,6800.0,-,-,0,0,0,12,6740,6850,9010,705
TXO,202612,20261216.0,40000.0,Put,685,710,685,710,640.0,▲+115,▲+19.33%,0,4,4,115,615,640,3960,340
TXO,202612,20261216.0,40200.0,Call,-,-,-,-,6630.0,-,-,0,0,0,0,6580,6710,6970,2200
TXO,202612,20261216.0,40200.0,Put,-,-,-,-,675.0,-,-,0,0,0,1,645,700,3430,990
TXO,202612,20261216.0,40400.0,Call,-,-,-,-,6470.0,-,-,0,0,0,1,6410,6520,8140,695
TXO,202612,20261216.0,40400.0,Put,-,-,-,-,705.0,-,-,0,0,0,1,675,735,2820,425
TXO,202612,20261216.0,40600.0,Call,-,-,-,-,6310.0,-,-,0,0,0,0,6250,6380,6630,740
TXO,202612,20261216.0,40600.0,Put,-,-,-,-,745.0,-,-,0,0,0,1,715,775,2750,1930
TXO,202612,20261216.0,40800.0,Call,-,-,-,-,6150.0,-,-,0,0,0,16,6080,6190,9640,1410
TXO,202612,20261216.0,40800.0,Put,-,-,-,-,790.0,-,-,0,0,0,300,750,815,3980,468
TXO,202612,20261216.0,41000.0,Call,-,-,-,-,5980.0,-,-,0,0,0,5,5920,6030,9160,675
TXO,202612,20261216.0,41000.0,Put,-,-,-,-,815.0,-,-,0,0,0,7,780,850,4390,580
TXO,202612,20261216.0,41200.0,Call,-,-,-,-,5820.0,-,-,0,0,0,0,5760,5890,5620,3150
TXO,202612,20261216.0,41200.0,Put,-,-,-,-,860.0,-,-,0,0,0,31,825,895,4410,490
TXO,202612,20261216.0,41400.0,Call,-,-,-,-,5670.0,-,-,0,0,0,30,5600,5730,10000,360
TXO,202612,20261216.0,41400.0,Put,-,-,-,-,900.0,-,-,0,0,0,20,865,935,4540,525
TXO,202612,20261216.0,41600.0,Call,-,-,-,-,5510.0,-,-,0,0,0,11,5450,5570,6550,1450
TXO,202612,20261216.0,41600.0,Put,-,-,-,-,945.0,-,-,0,0,0,12,910,980,4290,670
TXO,202612,20261216.0,41800.0,Call,-,-,-,-,5360.0,-,-,0,0,0,15,5290,5420,8490,710
TXO,202612,20261216.0,41800.0,Put,-,-,-,-,995.0,-,-,0,0,0,10,950,1020,4390,925
TXO,202612,20261216.0,42000.0,Call,-,-,-,-,5210.0,-,-,0,0,0,71,5140,5250,8720,800
TXO,202612,20261216.0,42000.0,Put,-,-,-,-,1050.0,-,-,0,0,0,108,1000,1090,4950,645
TXO,202612,20261216.0,42200.0,Call,-,-,-,-,5050.0,-,-,0,0,0,2,4990,5100,8040,1500
TXO,202612,20261216.0,42200.0,Put,-,-,-,-,1090.0,-,-,0,0,0,100,1040,1130,3610,1660
TXO,202612,20261216.0,42400.0,Call,-,-,-,-,4900.0,-,-,0,0,0,0,4840,4950,5850,1260
TXO,202612,20261216.0,42400.0,Put,-,-,-,-,1130.0,-,-,0,0,0,0,1080,1170,4790,1100
TXO,202612,20261216.0,42600.0,Call,-,-,-,-,4760.0,-,-,0,0,0,2,4690,4820,7280,965
TXO,202612,20261216.0,42600.0,Put,-,-,-,-,1190.0,-,-,0,0,0,0,1140,1230,4770,3040
TXO,202612,20261216.0,42800.0,Call,-,-,-,-,4610.0,-,-,0,0,0,1,4550,4670,4950,2510
TXO,202612,20261216.0,42800.0,Put,-,-,-,-,1240.0,-,-,0,0,0,0,1190,1280,1190,900
TXO,202612,20261216.0,43000.0,Call,-,-,-,-,4470.0,-,-,0,0,0,65,4410,4530,9700,1130
TXO,202612,20261216.0,43000.0,Put,-,-,-,-,1300.0,-,-,0,0,0,70,1250,1340,5020,800
TXO,202612,20261216.0,43200.0,Call,-,-,-,-,4330.0,-,-,0,0,0,0,4240,4420,4670,1400
TXO,202612,20261216.0,43200.0,Put,-,-,-,-,1360.0,-,-,0,0,0,0,1310,1400,-,-
TXO,202612,20261216.0,43400.0,Call,-,-,-,-,4190.0,-,-,0,0,0,0,4110,4280,7410,4950
TXO,202612,20261216.0,43400.0,Put,-,-,-,-,1420.0,-,-,0,0,0,2,1370,1460,5280,2010
TXO,202612,20261216.0,43600.0,Call,-,-,-,-,4050.0,-,-,0,0,0,1,3970,4140,5510,950
TXO,202612,20261216.0,43600.0,Put,1630,1630,1630,1630,1480.0,▲+240,▲+17.27%,0,1,1,1,1430,1520,4780,1630
TXO,202612,20261216.0,43800.0,Call,-,-,-,-,3920.0,-,-,0,0,0,1,3850,4010,8340,1020
TXO,202612,20261216.0,43800.0,Put,1700,1700,1700,1700,1550.0,▲+260,▲+18.06%,0,1,1,12,1500,1590,4460,930
TXO,202612,20261216.0,44000.0,Call,-,-,-,-,3780.0,-,-,0,0,0,4,3690,3870,8350,2260
TXO,202612,20261216.0,44000.0,Put,-,-,-,-,1610.0,-,-,0,0,0,103,1560,1650,4770,1060
TXO,202612,20261216.0,44200.0,Call,-,-,-,-,3660.0,-,-,0,0,0,2,3590,3740,5630,600
TXO,202612,20261216.0,44200.0,Put,-,-,-,-,1680.0,-,-,0,0,0,65,1630,1720,4890,1030
TXO,202612,20261216.0,44400.0,Call,-,-,-,-,3530.0,-,-,0,0,0,1,3460,3620,6730,930
TXO,202612,20261216.0,44400.0,Put,-,-,-,-,1750.0,-,-,0,0,0,106,1700,1800,4660,1090
TXO,202612,20261216.0,44600.0,Call,-,-,-,-,3400.0,-,-,0,0,0,11,3340,3490,5770,890
TXO,202612,20261216.0,44600.0,Put,-,-,-,-,1820.0,-,-,0,0,0,12,1770,1870,6030,1140
TXO,202612,20261216.0,44800.0,Call,3100,3100,3100,3100,3280.0,▼-510,▼-14.13%,0,1,1,2,3210,3360,3190,2320
TXO,202612,20261216.0,44800.0,Put,-,-,-,-,1900.0,-,-,0,0,0,8,1840,1950,5600,1190
TXO,202612,20261216.0,45000.0,Call,-,-,-,-,3160.0,-,-,0,0,0,3,3130,3230,6790,2600
TXO,202612,20261216.0,45000.0,Put,-,-,-,-,1980.0,-,-,0,0,0,111,1920,2030,6200,1250
TXO,202612,20261216.0,45200.0,Call,-,-,-,-,3050.0,-,-,0,0,0,1,2980,3120,6620,925
TXO,202612,20261216.0,45200.0,Put,-,-,-,-,2060.0,-,-,0,0,0,6,2000,2120,6690,1310
TXO,202612,20261216.0,45400.0,Call,-,-,-,-,2920.0,-,-,0,0,0,1,2850,2990,6500,2250
TXO,202612,20261216.0,45400.0,Put,-,-,-,-,2130.0,-,-,0,0,0,5,2070,2190,6540,1380
TXO,202612,20261216.0,45600.0,Call,-,-,-,-,2810.0,-,-,0,0,0,3,2750,2890,6160,1070
TXO,202612,20261216.0,45600.0,Put,-,-,-,-,2220.0,-,-,0,0,0,3,2160,2280,7000,1450
TXO,202612,20261216.0,45800.0,Call,-,-,-,-,2700.0,-,-,0,0,0,2,2650,2780,3200,1980
TXO,202612,20261216.0,45800.0,Put,-,-,-,-,2310.0,-,-,0,0,0,2,2250,2370,1550,1510
TXO,202612,20261216.0,46000.0,Call,-,-,-,-,2600.0,-,-,0,0,0,259,2540,2660,5560,1640
TXO,202612,20261216.0,46000.0,Put,-,-,-,-,2420.0,-,-,0,0,0,192,2350,2470,7060,1580
TXO,202612,20261216.0,46200.0,Call,-,-,-,-,2490.0,-,-,0,0,0,1,2430,2560,2620,2450
TXO,202612,20261216.0,46200.0,Put,-,-,-,-,2500.0,-,-,0,0,0,2,2430,2560,7260,1650
TXO,202612,20261216.0,46400.0,Call,-,-,-,-,2380.0,-,-,0,0,0,3,2330,2440,5700,1560
TXO,202612,20261216.0,46400.0,Put,-,-,-,-,2590.0,-,-,0,0,0,2,2520,2660,5970,1720
TXO,202612,20261216.0,46600.0,Call,-,-,-,-,2280.0,-,-,0,0,0,52,2210,2330,6500,1500
TXO,202612,20261216.0,46600.0,Put,-,-,-,-,2700.0,-,-,0,0,0,7,2620,2750,2550,1800
TXO,202612,20261216.0,46800.0,Call,-,-,-,-,2180.0,-,-,0,0,0,11,2120,2240,5870,1500
TXO,202612,20261216.0,46800.0,Put,-,-,-,-,2800.0,-,-,0,0,0,5,2720,2850,7770,2120
TXO,202612,20261216.0,47000.0,Call,-,-,-,-,2080.0,-,-,4,0,4,236,2030,2140,6430,1420
TXO,202612,20261216.0,47000.0,Put,-,-,-,-,2890.0,-,-,0,0,0,18,2820,2960,7620,1980
TXO,202612,20261216.0,47200.0,Call,-,-,-,-,1990.0,-,-,2,0,2,62,1930,2040,4830,1680
TXO,202612,20261216.0,47200.0,Put,-,-,-,-,3000.0,-,-,0,0,0,1,2930,3060,2150,2150
TXO,202612,20261216.0,47400.0,Call,1990,1990,1940,1940,1900.0,▼-210,▼-9.77%,0,2,2,68,1850,1960,5670,1940
TXO,202612,20261216.0,47400.0,Put,-,-,-,-,3110.0,-,-,0,0,0,1,3040,3170,6210,2250
TXO,202612,20261216.0,47600.0,Call,-,-,-,-,1810.0,-,-,0,0,0,48,1760,1860,5180,1100
TXO,202612,20261216.0,47600.0,Put,-,-,-,-,3210.0,-,-,0,0,0,5,3150,3290,6310,2720
TXO,202612,20261216.0,47800.0,Call,-,-,-,-,1730.0,-,-,0,0,0,9,1680,1780,5050,1290
TXO,202612,20261216.0,47800.0,Put,-,-,-,-,3330.0,-,-,0,0,0,2,3260,3390,5750,4890
TXO,202612,20261216.0,48000.0,Call,1740,1740,1710,1710,1640.0,▼-170,▼-9.04%,9,10,19,69,1600,1690,5100,1330
TXO,202612,20261216.0,48000.0,Put,-,-,-,-,3450.0,-,-,0,0,0,8,3380,3520,8030,2620
TXO,202612,20261216.0,48200.0,Call,-,-,-,-,1560.0,-,-,6,0,6,6,1520,1610,3960,1880
TXO,202612,20261216.0,48200.0,Put,-,-,-,-,3560.0,-,-,0,0,0,5,3500,3660,5860,2570
TXO,202612,20261216.0,48400.0,Call,-,-,-,-,1480.0,-,-,5,0,5,5,1440,1530,5700,1520
TXO,202612,20261216.0,48400.0,Put,-,-,-,-,3680.0,-,-,0,0,0,4,3630,3770,5920,5910
TXO,202612,20261216.0,48600.0,Call,-,-,-,-,1410.0,-,-,5,0,5,5,1360,1450,4880,1710
TXO,202612,20261216.0,48600.0,Put,-,-,-,-,3810.0,-,-,0,0,0,0,3750,3900,6090,4600
TXO,202612,20261216.0,48800.0,Call,-,-,-,-,1340.0,-,-,0,0,0,0,1300,1390,-,-
TXO,202612,20261216.0,48800.0,Put,-,-,-,-,3940.0,-,-,0,0,0,1,3880,4020,8920,4350
TXO,202612,20261216.0,49000.0,Call,-,-,-,-,1270.0,-,-,0,200,200,420,1230,1320,5280,1070
TXO,202612,20261216.0,49000.0,Put,-,-,-,-,4070.0,-,-,0,0,0,5,4000,4140,6900,3080
TXO,202612,20261216.0,49200.0,Call,-,-,-,-,1200.0,-,-,0,0,0,16,1160,1250,4080,995
TXO,202612,20261216.0,49200.0,Put,-,-,-,-,4200.0,-,-,0,0,0,1,4140,4290,4800,4800
TXO,202612,20261216.0,49400.0,Call,1270,1270,1270,1270,1140.0,▼-70,▼-5.22%,0,1,1,5,1100,1190,3760,1240
TXO,202612,20261216.0,49400.0,Put,-,-,-,-,4340.0,-,-,0,0,0,3,4270,4410,8650,4900
TXO,202612,20261216.0,49600.0,Call,-,-,-,-,1090.0,-,-,0,0,0,10,1040,1130,4800,1160
TXO,202612,20261216.0,49600.0,Put,-,-,-,-,4490.0,-,-,0,0,0,0,4400,4570,6900,5500
TXO,202612,20261216.0,49800.0,Call,-,-,-,-,1040.0,-,-,0,0,0,0,1000,1080,2780,960
TXO,202612,20261216.0,49800.0,Put,-,-,-,-,4630.0,-,-,0,0,0,0,4540,4670,-,-
TXO,202612,20261216.0,50000.0,Call,910,995,910,990,990.0,▼-140,▼-12.39%,0,8,8,94,960,1000,5000,900
TXO,202612,20261216.0,50000.0,Put,-,-,-,-,4770.0,-,-,0,0,0,12,4700,4810,9900,4000
TXO,202612,20261216.0,50200.0,Call,-,-,-,-,910.0,-,-,0,0,0,5,880,950,4800,945
TXO,202612,20261216.0,50200.0,Put,-,-,-,-,4910.0,-,-,0,0,0,2,4850,4960,5420,5400
TXO,202612,20261216.0,50400.0,Call,-,-,-,-,855.0,-,-,0,0,0,40,825,895,5200,840
TXO,202612,20261216.0,50400.0,Put,-,-,-,-,5050.0,-,-,0,0,0,4,4980,5120,9460,5540
TXO,202612,20261216.0,50600.0,Call,-,-,-,-,810.0,-,-,0,0,0,0,780,850,3640,705
TXO,202612,20261216.0,50600.0,Put,-,-,-,-,5210.0,-,-,0,0,0,2,5130,5270,5690,5670
TXO,202612,20261216.0,50800.0,Call,-,-,-,-,765.0,-,-,0,0,0,13,730,795,3620,955
TXO,202612,20261216.0,50800.0,Put,-,-,-,-,5360.0,-,-,0,0,0,0,5310,5420,-,-
TXO,202612,20261216.0,51000.0,Call,710,710,710,710,710.0,▼-180,▼-20.22%,1,1,2,10,695,755,4420,710
TXO,202612,20261216.0,51000.0,Put,-,-,-,-,5510.0,-,-,0,0,0,0,5450,5570,-,-
TXO,202612,20261216.0,51200.0,Call,-,-,-,-,675.0,-,-,0,0,0,5,650,705,950,950
TXO,202612,20261216.0,51200.0,Put,-,-,-,-,5660.0,-,-,0,0,0,0,5600,5730,-,-
TXO,202612,20261216.0,51400.0,Call,-,-,-,-,640.0,-,-,0,0,0,2,615,665,1950,970
TXO,202612,20261216.0,51400.0,Put,-,-,-,-,5830.0,-,-,0,0,0,0,5770,5890,-,-
TXO,202612,20261216.0,51600.0,Call,-,-,-,-,600.0,-,-,0,0,0,0,575,625,3280,2950
TXO,202612,20261216.0,51600.0,Put,-,-,-,-,5990.0,-,-,0,0,0,0,5930,6050,-,-
TXO,202612,20261216.0,51800.0,Call,-,-,-,-,565.0,-,-,0,0,0,13,545,590,2550,810
TXO,202612,20261216.0,51800.0,Put,-,-,-,-,6150.0,-,-,0,0,0,0,6090,6220,-,-
TXO,202612,20261216.0,52000.0,Call,530,530,530,530,530.0,▼-145,▼-21.48%,0,5,5,247,505,540,3380,505
TXO,202612,20261216.0,52000.0,Put,-,-,-,-,6320.0,-,-,0,0,0,0,6260,6380,-,-
TXO,202612,20261216.0,52200.0,Call,-,-,-,-,500.0,-,-,0,0,0,0,480,525,1150,570
TXO,202612,20261216.0,52200.0,Put,-,-,-,-,6490.0,-,-,0,0,0,0,6440,6550,-,-
TXO,202612,20261216.0,52400.0,Call,-,-,-,-,470.0,-,-,0,0,0,15,449,494,3950,600
TXO,202612,20261216.0,52400.0,Put,-,-,-,-,6650.0,-,-,0,0,0,0,6610,6720,8790,6780
TXO,202612,20261216.0,52600.0,Call,-,-,-,-,442.0,-,-,0,0,0,2,421,466,1820,690
TXO,202612,20261216.0,52600.0,Put,-,-,-,-,6820.0,-,-,0,0,0,0,6780,6890,-,-
TXO,202612,20261216.0,52800.0,Call,425,425,425,425,425.0,▼-110,▼-20.56%,0,1,1,6,395,430,2770,425
TXO,202612,20261216.0,52800.0,Put,-,-,-,-,6990.0,-,-,0,0,0,0,6940,7070,-,-
TXO,202612,20261216.0,53000.0,Call,282,282,282,282,390.0,▼-203,▼-41.86%,0,301,301,400,371,406,2970,282
TXO,202612,20261216.0,53000.0,Put,-,-,-,-,7170.0,-,-,0,0,0,0,-,7240,-,-
TXO,202612,20261216.0,53200.0,Call,-,-,-,-,367.0,-,-,0,0,0,12,351,386,3950,479
TXO,202612,20261216.0,53200.0,Put,-,-,-,-,7350.0,-,-,0,0,0,0,7290,7420,-,-
TXO,202612,20261216.0,53400.0,Call,-,-,-,-,346.0,-,-,0,0,0,4,329,364,2870,895
TXO,202612,20261216.0,53400.0,Put,-,-,-,-,7520.0,-,-,0,0,0,0,7480,7600,-,-
TXO,202612,20261216.0,53600.0,Call,-,-,-,-,325.0,-,-,0,0,0,3,308,343,900,825
TXO,202612,20261216.0,53600.0,Put,-,-,-,-,7700.0,-,-,0,0,0,0,7660,7780,-,-
TXO,202612,20261216.0,53800.0,Call,-,-,-,-,306.0,-,-,0,0,0,2,289,324,2640,329
TXO,202612,20261216.0,53800.0,Put,-,-,-,-,7880.0,-,-,0,0,0,0,7840,7960,-,-
TXO,202612,20261216.0,54000.0,Call,310,310,310,310,288.0,▼-66,▼-17.55%,0,5,5,314,270,305,3360,306
TXO,202612,20261216.0,54000.0,Put,-,-,-,-,8060.0,-,-,0,0,0,0,8020,8150,-,-
TXO,202612,20261216.0,54200.0,Call,-,-,-,-,270.0,-,-,0,0,0,2,253,288,840,380
TXO,202612,20261216.0,54200.0,Put,-,-,-,-,8250.0,-,-,0,0,0,0,8190,8330,-,-
TXO,202612,20261216.0,54400.0,Call,-,-,-,-,254.0,-,-,0,0,0,3,237,272,2050,373
TXO,202612,20261216.0,54400.0,Put,-,-,-,-,8430.0,-,-,0,0,0,0,8380,8510,-,-
TXO,202612,20261216.0,54600.0,Call,243,243,243,243,243.0,▼-72,▼-22.86%,0,1,1,0,221,256,1420,243
TXO,202612,20261216.0,54600.0,Put,-,-,-,-,8610.0,-,-,0,0,0,0,8570,8700,-,-
TXO,202612,20261216.0,54800.0,Call,-,-,-,-,224.0,-,-,0,0,0,10,207,242,3060,480
TXO,202612,20261216.0,54800.0,Put,-,-,-,-,8800.0,-,-,0,0,0,0,8750,8890,-,-
TXO,202612,20261216.0,55000.0,Call,222,222,219,219,219.0,▼-63,▼-22.34%,0,4,4,38,201,233,2920,217
TXO,202612,20261216.0,55000.0,Put,-,-,-,-,8990.0,-,-,0,0,0,0,8910,9070,-,-
TXO,202612,20261216.0,55200.0,Call,215,215,215,215,215.0,▼-36,▼-14.34%,0,1,1,2,182,217,1980,207
TXO,202612,20261216.0,55200.0,Put,-,-,-,-,9170.0,-,-,0,0,0,0,9110,9260,-,-
TXO,202612,20261216.0,55400.0,Call,-,-,-,-,190.0,-,-,0,0,0,5,170,205,2930,370
TXO,202612,20261216.0,55400.0,Put,-,-,-,-,9360.0,-,-,0,0,0,0,9290,9460,-,-
TXO,202612,20261216.0,55600.0,Call,-,-,-,-,178.0,-,-,0,0,0,6,158,193,2150,273
TXO,202612,20261216.0,55600.0,Put,-,-,-,-,9550.0,-,-,0,0,0,0,9490,9650,-,-
TXO,202612,20261216.0,55800.0,Call,-,-,-,-,167.0,-,-,0,0,0,18,148,183,3020,188
TXO,202612,20261216.0,55800.0,Put,-,-,-,-,9730.0,-,-,0,0,0,0,9680,9840,-,-
TXO,202612,20261216.0,56000.0,Call,-,-,-,-,156.0,-,-,0,0,0,10,138,173,2170,165
TXO,202612,20261216.0,56000.0,Put,-,-,-,-,9920.0,-,-,0,0,0,0,9850,10020,-,-
TXO,202612,20261216.0,56200.0,Call,155,155,155,155,155.0,▼-43,▼-21.72%,0,2,2,2,129,163,1900,155
TXO,202612,20261216.0,56200.0,Put,-,-,-,-,10110.0,-,-,0,0,0,0,10040,10210,-,-
TXO,202612,20261216.0,56400.0,Call,-,-,-,-,137.0,-,-,0,0,0,1,121,154,1770,187
TXO,202612,20261216.0,56400.0,Put,-,-,-,-,10300.0,-,-,0,0,0,0,10230,10400,-,-
TXO,202612,20261216.0,56600.0,Call,-,-,-,-,128.0,-,-,0,0,0,5,113,145,495,375
TXO,202612,20261216.0,56600.0,Put,-,-,-,-,10490.0,-,-,0,0,0,0,10420,10610,-,-
TXO,202612,20261216.0,56800.0,Call,-,-,-,-,121.0,-,-,0,0,0,1,106,137,1830,178
TXO,202612,20261216.0,56800.0,Put,-,-,-,-,10680.0,-,-,0,0,0,0,10630,10800,-,-
TXO,202612,20261216.0,57000.0,Call,-,-,-,-,114.0,-,-,0,0,0,498,100,129,2500,110
TXO,202612,20261216.0,57000.0,Put,-,-,-,-,10880.0,-,-,0,0,0,0,10820,10990,-,-
TXO,202612,20261216.0,57200.0,Call,-,-,-,-,110.0,-,-,0,0,0,8,100,120,1880,130
TXO,202612,20261216.0,57200.0,Put,-,-,-,-,11070.0,-,-,0,0,0,0,11000,11180,-,-
TXO,202612,20261216.0,57400.0,Call,124,124,124,124,103.0,▼-15,▼-10.79%,0,2,2,259,30,167,1870,21
TXO,202612,20261216.0,57400.0,Put,-,-,-,-,11260.0,-,-,0,0,0,0,11210,11360,-,-
TXO,202703,20270317.0,31800.0,Call,-,-,-,-,14940.0,-,-,0,0,0,0,14870,15150,-,-
TXO,202703,20270317.0,31800.0,Put,190,190,190,190,190.0,▲+7,▲+3.83%,0,2,2,105,181,200,1020,102
TXO,202703,20270317.0,32000.0,Call,-,-,-,-,14740.0,-,-,0,0,0,0,14680,14950,-,-
TXO,202703,20270317.0,32000.0,Put,-,-,-,-,193.0,-,-,0,0,0,19,176,209,1360,138
TXO,202703,20270317.0,32200.0,Call,-,-,-,-,14560.0,-,-,0,0,0,0,14490,14740,-,-
TXO,202703,20270317.0,32200.0,Put,210,210,210,210,210.0,▲+13,▲+6.60%,0,1,1,1,187,222,265,210
TXO,202703,20270317.0,32400.0,Call,-,-,-,-,14370.0,-,-,0,0,0,0,14290,14570,-,-
TXO,202703,20270317.0,32400.0,Put,-,-,-,-,213.0,-,-,0,0,0,0,195,230,331,290
TXO,202703,20270317.0,32600.0,Call,-,-,-,-,14180.0,-,-,0,0,0,0,14100,14390,-,-
TXO,202703,20270317.0,32600.0,Put,-,-,-,-,222.0,-,-,0,0,0,0,204,239,375,356
TXO,202703,20270317.0,32800.0,Call,-,-,-,-,13990.0,-,-,0,0,0,0,13920,14190,-,-
TXO,202703,20270317.0,32800.0,Put,-,-,-,-,231.0,-,-,0,0,0,1,213,248,415,195
TXO,202703,20270317.0,33000.0,Call,-,-,-,-,13800.0,-,-,0,0,0,0,13730,14060,-,-
TXO,202703,20270317.0,33000.0,Put,-,-,-,-,240.0,-,-,0,0,0,11,222,257,469,178
TXO,202703,20270317.0,33200.0,Call,-,-,-,-,13610.0,-,-,0,0,0,0,13540,13870,-,-
TXO,202703,20270317.0,33200.0,Put,-,-,-,-,250.0,-,-,0,0,0,8,232,267,1690,488
TXO,202703,20270317.0,33400.0,Call,-,-,-,-,13420.0,-,-,0,0,0,0,13360,13600,-,-
TXO,202703,20270317.0,33400.0,Put,-,-,-,-,261.0,-,-,0,0,0,0,243,278,-,-
TXO,202703,20270317.0,33600.0,Call,-,-,-,-,13240.0,-,-,0,0,0,0,13160,13410,-,-
TXO,202703,20270317.0,33600.0,Put,-,-,-,-,273.0,-,-,0,0,0,1,255,290,935,184
TXO,202703,20270317.0,33800.0,Call,-,-,-,-,13050.0,-,-,0,0,0,0,12980,13250,-,-
TXO,202703,20270317.0,33800.0,Put,-,-,-,-,285.0,-,-,0,0,0,21,267,302,1850,178
TXO,202703,20270317.0,34000.0,Call,-,-,-,-,12870.0,-,-,0,0,0,0,12800,13060,-,-
TXO,202703,20270317.0,34000.0,Put,310,310,295,295,295.0,▲+14,▲+4.98%,0,2,2,5,280,315,1420,184
TXO,202703,20270317.0,34200.0,Call,-,-,-,-,12680.0,-,-,0,0,0,0,12610,12880,-,-
TXO,202703,20270317.0,34200.0,Put,-,-,-,-,312.0,-,-,0,0,0,1,294,329,1390,243
TXO,202703,20270317.0,34400.0,Call,-,-,-,-,12500.0,-,-,0,0,0,0,12430,12720,-,-
TXO,202703,20270317.0,34400.0,Put,-,-,-,-,326.0,-,-,0,0,0,0,308,343,-,-
TXO,202703,20270317.0,34600.0,Call,-,-,-,-,12320.0,-,-,0,0,0,0,12240,12540,13810,12940
TXO,202703,20270317.0,34600.0,Put,366,366,366,366,341.0,▲+45,▲+14.02%,2,2,4,2,323,358,915,316
TXO,202703,20270317.0,34800.0,Call,-,-,-,-,12130.0,-,-,0,0,0,0,12070,12290,-,-
TXO,202703,20270317.0,34800.0,Put,-,-,-,-,357.0,-,-,0,0,0,1,339,374,1000,515
TXO,202703,20270317.0,35000.0,Call,-,-,-,-,11950.0,-,-,0,0,0,0,11880,12140,-,-
TXO,202703,20270317.0,35000.0,Put,-,-,-,-,375.0,-,-,20,0,20,49,357,392,1600,256
TXO,202703,20270317.0,35200.0,Call,-,-,-,-,11770.0,-,-,0,0,0,0,11710,11930,-,-
TXO,202703,20270317.0,35200.0,Put,-,-,-,-,391.0,-,-,0,0,0,7,373,408,515,495
TXO,202703,20270317.0,35400.0,Call,-,-,-,-,11590.0,-,-,0,0,0,0,11530,11770,-,-
TXO,202703,20270317.0,35400.0,Put,-,-,-,-,410.0,-,-,0,0,0,25,392,427,695,535
TXO,202703,20270317.0,35600.0,Call,-,-,-,-,11420.0,-,-,0,0,0,0,11340,11590,-,-
TXO,202703,20270317.0,35600.0,Put,-,-,-,-,430.0,-,-,0,0,0,28,407,452,2340,277
TXO,202703,20270317.0,35800.0,Call,-,-,-,-,11240.0,-,-,0,0,0,0,11160,11410,-,-
TXO,202703,20270317.0,35800.0,Put,-,-,-,-,449.0,-,-,0,0,0,15,426,471,2050,301
TXO,202703,20270317.0,36000.0,Call,-,-,-,-,11060.0,-,-,0,0,0,0,10980,11230,-,-
TXO,202703,20270317.0,36000.0,Put,485,500,482,500,471.0,▲+60,▲+13.64%,0,11,11,79,448,493,2380,266
TXO,202703,20270317.0,36200.0,Call,-,-,-,-,10880.0,-,-,0,0,0,0,10810,11060,-,-
TXO,202703,20270317.0,36200.0,Put,-,-,-,-,494.0,-,-,0,0,0,1,471,515,2050,289
TXO,202703,20270317.0,36400.0,Call,-,-,-,-,10710.0,-,-,0,0,0,0,10630,10880,-,-
TXO,202703,20270317.0,36400.0,Put,-,-,-,-,520.0,-,-,0,0,0,2,495,540,1800,520
TXO,202703,20270317.0,36600.0,Call,-,-,-,-,10530.0,-,-,0,0,0,4,10470,10710,13790,11300
TXO,202703,20270317.0,36600.0,Put,-,-,-,-,540.0,-,-,0,0,0,19,515,560,2780,360
TXO,202703,20270317.0,36800.0,Call,-,-,-,-,10360.0,-,-,0,0,0,0,10290,10520,-,-
TXO,202703,20270317.0,36800.0,Put,-,-,-,-,565.0,-,-,0,0,0,2,540,585,1990,391
TXO,202703,20270317.0,37000.0,Call,-,-,-,-,10190.0,-,-,0,0,0,0,10110,10350,-,-
TXO,202703,20270317.0,37000.0,Put,-,-,-,-,590.0,-,-,0,0,0,32,565,615,2340,340
TXO,202703,20270317.0,37200.0,Call,-,-,-,-,10020.0,-,-,0,0,0,0,9940,10150,-,-
TXO,202703,20270317.0,37200.0,Put,-,-,-,-,620.0,-,-,0,0,0,3,595,645,1160,460
TXO,202703,20270317.0,37400.0,Call,-,-,-,-,9850.0,-,-,0,0,0,0,9780,10000,-,-
TXO,202703,20270317.0,37400.0,Put,-,-,-,-,650.0,-,-,0,0,0,6,620,675,2000,480
TXO,202703,20270317.0,37600.0,Call,-,-,-,-,9680.0,-,-,0,0,0,0,9600,9830,-,-
TXO,202703,20270317.0,37600.0,Put,-,-,-,-,675.0,-,-,0,0,0,5,645,700,3020,480
TXO,202703,20270317.0,37800.0,Call,-,-,-,-,9510.0,-,-,0,0,0,0,9430,9660,-,-
TXO,202703,20270317.0,37800.0,Put,-,-,-,-,705.0,-,-,0,0,0,5,675,735,1150,510
TXO,202703,20270317.0,38000.0,Call,-,-,-,-,9350.0,-,-,0,0,0,1,9270,9500,11830,11830
TXO,202703,20270317.0,38000.0,Put,795,795,795,795,740.0,▲+100,▲+14.39%,2,5,7,18,710,770,2600,432
TXO,202703,20270317.0,38200.0,Call,-,-,-,-,9180.0,-,-,0,0,0,0,9110,9330,-,-
TXO,202703,20270317.0,38200.0,Put,-,-,-,-,770.0,-,-,0,0,0,1,735,800,1230,482
TXO,202703,20270317.0,38400.0,Call,-,-,-,-,9020.0,-,-,0,0,0,1,8940,9170,10180,10180
TXO,202703,20270317.0,38400.0,Put,-,-,-,-,805.0,-,-,1,0,1,1,770,835,1270,700
TXO,202703,20270317.0,38600.0,Call,-,-,-,-,8850.0,-,-,0,0,0,0,8780,8970,-,-
TXO,202703,20270317.0,38600.0,Put,-,-,-,-,835.0,-,-,0,0,0,3,800,870,2090,480
TXO,202703,20270317.0,38800.0,Call,-,-,-,-,8690.0,-,-,0,0,0,0,8610,8830,-,-
TXO,202703,20270317.0,38800.0,Put,-,-,-,-,870.0,-,-,0,0,0,1,835,905,2560,680
TXO,202703,20270317.0,39000.0,Call,-,-,-,-,8520.0,-,-,0,0,0,0,8450,8670,-,-
TXO,202703,20270317.0,39000.0,Put,-,-,-,-,905.0,-,-,0,0,0,7,870,940,3400,580
TXO,202703,20270317.0,39200.0,Call,-,-,-,-,8370.0,-,-,0,0,0,0,8290,8510,-,-
TXO,202703,20270317.0,39200.0,Put,-,-,-,-,945.0,-,-,0,0,0,1,910,980,2680,1450
TXO,202703,20270317.0,39400.0,Call,-,-,-,-,8210.0,-,-,0,0,0,0,8130,8340,-,-
TXO,202703,20270317.0,39400.0,Put,-,-,-,-,985.0,-,-,0,0,0,2,950,1020,2740,1500
TXO,202703,20270317.0,39600.0,Call,-,-,-,-,8050.0,-,-,0,0,0,0,7970,8170,-,-
TXO,202703,20270317.0,39600.0,Put,-,-,-,-,1030.0,-,-,0,0,0,4,990,1060,2830,1000
TXO,202703,20270317.0,39800.0,Call,-,-,-,-,7890.0,-,-,0,0,0,0,7820,8020,-,-
TXO,202703,20270317.0,39800.0,Put,-,-,-,-,1070.0,-,-,0,0,0,11,1020,1110,3000,810
TXO,202703,20270317.0,40000.0,Call,-,-,-,-,7730.0,-,-,0,0,0,1,7660,7850,11530,6000
TXO,202703,20270317.0,40000.0,Put,1080,1080,1080,1080,1110.0,▲+20,▲+1.89%,3,1,4,36,1060,1150,4200,810
TXO,202703,20270317.0,40200.0,Call,-,-,-,-,7580.0,-,-,0,0,0,0,7510,7690,-,-
TXO,202703,20270317.0,40200.0,Put,-,-,-,-,1150.0,-,-,0,0,0,6,1100,1190,2460,785
TXO,202703,20270317.0,40400.0,Call,-,-,-,-,7430.0,-,-,0,0,0,0,7350,7550,6450,5300
TXO,202703,20270317.0,40400.0,Put,-,-,-,-,1200.0,-,-,0,0,0,1,1150,1240,1760,1760
TXO,202703,20270317.0,40600.0,Call,-,-,-,-,7280.0,-,-,0,0,0,0,7200,7380,6950,5530
TXO,202703,20270317.0,40600.0,Put,-,-,-,-,1250.0,-,-,0,0,0,0,1200,1290,-,-
TXO,202703,20270317.0,40800.0,Call,-,-,-,-,7130.0,-,-,0,0,0,0,7060,7250,-,-
TXO,202703,20270317.0,40800.0,Put,-,-,-,-,1300.0,-,-,0,0,0,2,1250,1340,4650,1100
TXO,202703,20270317.0,41000.0,Call,-,-,-,-,6970.0,-,-,0,0,0,0,6910,7090,8000,5380
TXO,202703,20270317.0,41000.0,Put,-,-,-,-,1340.0,-,-,0,0,0,1,1290,1380,4540,945
TXO,202703,20270317.0,41200.0,Call,-,-,-,-,6820.0,-,-,0,0,0,0,6750,6950,-,-
TXO,202703,20270317.0,41200.0,Put,-,-,-,-,1390.0,-,-,0,0,0,2,1340,1430,3000,1010
TXO,202703,20270317.0,41400.0,Call,-,-,-,-,6680.0,-,-,0,0,0,0,6600,6800,-,-
TXO,202703,20270317.0,41400.0,Put,-,-,-,-,1440.0,-,-,0,0,0,4,1390,1480,2050,1340
TXO,202703,20270317.0,41600.0,Call,-,-,-,-,6540.0,-,-,0,0,0,0,6470,6630,-,-
TXO,202703,20270317.0,41600.0,Put,-,-,-,-,1500.0,-,-,0,0,0,11,1450,1540,3390,1120
TXO,202703,20270317.0,41800.0,Call,-,-,-,-,6390.0,-,-,0,0,0,0,6310,6500,-,-
TXO,202703,20270317.0,41800.0,Put,-,-,-,-,1550.0,-,-,0,0,0,1,1500,1590,3200,2180
TXO,202703,20270317.0,42000.0,Call,-,-,-,-,6250.0,-,-,0,0,0,2,6170,6370,11500,4800
TXO,202703,20270317.0,42000.0,Put,-,-,-,-,1600.0,-,-,0,0,0,10,1560,1600,4320,1040
TXO,202703,20270317.0,42200.0,Call,-,-,-,-,6100.0,-,-,0,0,0,0,6030,6200,-,-
TXO,202703,20270317.0,42200.0,Put,-,-,-,-,1660.0,-,-,0,0,0,1,1610,1700,2260,2260
TXO,202703,20270317.0,42400.0,Call,-,-,-,-,5970.0,-,-,0,0,0,0,5900,6060,-,-
TXO,202703,20270317.0,42400.0,Put,-,-,-,-,1720.0,-,-,0,0,0,1,1670,1770,2370,2370
TXO,202703,20270317.0,42600.0,Call,-,-,-,-,5830.0,-,-,0,0,0,1,5750,5930,6610,6610
TXO,202703,20270317.0,42600.0,Put,-,-,-,-,1780.0,-,-,0,0,0,1,1730,1830,2440,2440
TXO,202703,20270317.0,42800.0,Call,-,-,-,-,5700.0,-,-,0,0,0,1,5590,5890,6480,6480
TXO,202703,20270317.0,42800.0,Put,-,-,-,-,1840.0,-,-,0,0,0,1,1790,1890,2690,2510
TXO,202703,20270317.0,43000.0,Call,-,-,-,-,5560.0,-,-,0,0,0,0,5420,5740,-,-
TXO,202703,20270317.0,43000.0,Put,-,-,-,-,1910.0,-,-,0,0,0,3,1850,1960,4720,1340
TXO,202703,20270317.0,43200.0,Call,-,-,-,-,5430.0,-,-,0,0,0,1,5320,5590,6230,6230
TXO,202703,20270317.0,43200.0,Put,-,-,-,-,1980.0,-,-,0,0,0,1,1920,2030,2660,2660
TXO,202703,20270317.0,43400.0,Call,-,-,-,-,5310.0,-,-,0,0,0,1,5200,5470,6110,6110
TXO,202703,20270317.0,43400.0,Put,-,-,-,-,2050.0,-,-,0,0,0,1,1990,2100,3730,3730
TXO,202703,20270317.0,43600.0,Call,-,-,-,-,5160.0,-,-,0,0,0,1,5090,5340,5980,5980
TXO,202703,20270317.0,43600.0,Put,-,-,-,-,2100.0,-,-,0,0,0,0,2040,2160,6100,3200
TXO,202703,20270317.0,43800.0,Call,-,-,-,-,5040.0,-,-,0,0,0,0,4920,5200,-,-
TXO,202703,20270317.0,43800.0,Put,-,-,-,-,2170.0,-,-,0,0,0,1,2110,2230,5820,5820
TXO,202703,20270317.0,44000.0,Call,-,-,-,-,4920.0,-,-,0,0,0,13,4820,5080,9500,5370
TXO,202703,20270317.0,44000.0,Put,2330,2330,2330,2330,2250.0,▲+210,▲+9.91%,1,1,2,18,2190,2310,5230,1560
TXO,202703,20270317.0,44200.0,Call,-,-,-,-,4800.0,-,-,0,0,0,2,4690,4940,6100,3340
TXO,202703,20270317.0,44200.0,Put,-,-,-,-,2330.0,-,-,0,0,0,1,2260,2380,3040,3040
TXO,202703,20270317.0,44400.0,Call,-,-,-,-,4680.0,-,-,0,0,0,2,4580,4820,5500,5140
TXO,202703,20270317.0,44400.0,Put,-,-,-,-,2410.0,-,-,0,0,0,1,2340,2480,3130,1920
TXO,202703,20270317.0,44600.0,Call,-,-,-,-,4540.0,-,-,0,0,0,2,4470,4690,5300,3600
TXO,202703,20270317.0,44600.0,Put,-,-,-,-,2470.0,-,-,0,0,0,1,2400,2540,3210,1990
TXO,202703,20270317.0,44800.0,Call,-,-,-,-,4420.0,-,-,0,0,0,1,4330,4570,4880,4470
TXO,202703,20270317.0,44800.0,Put,-,-,-,-,2550.0,-,-,0,0,0,4,2480,2620,5330,1970
TXO,202703,20270317.0,45000.0,Call,-,-,-,-,4310.0,-,-,0,0,0,21,4200,4440,5180,3280
TXO,202703,20270317.0,45000.0,Put,-,-,-,-,2630.0,-,-,0,0,0,1,2560,2700,5500,2080
TXO,202703,20270317.0,45200.0,Call,-,-,-,-,4190.0,-,-,0,0,0,3,4100,4340,5400,4800
TXO,202703,20270317.0,45200.0,Put,-,-,-,-,2720.0,-,-,0,0,0,1,2610,2750,3470,3470
TXO,202703,20270317.0,45400.0,Call,-,-,-,-,4080.0,-,-,0,0,0,1,3990,4210,4940,4000
TXO,202703,20270317.0,45400.0,Put,-,-,-,-,2800.0,-,-,0,0,0,2,2720,2880,3560,2900
TXO,202703,20270317.0,45600.0,Call,-,-,-,-,3960.0,-,-,0,0,0,1,3880,4100,4850,4850
TXO,202703,20270317.0,45600.0,Put,-,-,-,-,2880.0,-,-,0,0,0,1,2800,2960,3650,3650
TXO,202703,20270317.0,45800.0,Call,-,-,-,-,3860.0,-,-,0,0,0,1,3810,3990,4720,4720
TXO,202703,20270317.0,45800.0,Put,-,-,-,-,2980.0,-,-,0,0,0,1,2890,3050,3740,3740
TXO,202703,20270317.0,46000.0,Call,-,-,-,-,3760.0,-,-,0,0,0,14,3690,3870,8000,3110
TXO,202703,20270317.0,46000.0,Put,-,-,-,-,3070.0,-,-,0,0,0,4,2990,3150,5700,3830
TXO,202703,20270317.0,46200.0,Call,-,-,-,-,3640.0,-,-,0,0,0,1,3530,3730,4510,4510
TXO,202703,20270317.0,46200.0,Put,-,-,-,-,3150.0,-,-,0,0,0,1,3060,3240,3930,3930
TXO,202703,20270317.0,46400.0,Call,-,-,-,-,3530.0,-,-,0,0,0,1,3430,3630,4410,4410
TXO,202703,20270317.0,46400.0,Put,-,-,-,-,3240.0,-,-,0,0,0,1,3150,3330,4020,4020
TXO,202703,20270317.0,46600.0,Call,-,-,-,-,3410.0,-,-,0,0,0,2,3340,3540,7460,7430
TXO,202703,20270317.0,46600.0,Put,-,-,-,-,3320.0,-,-,0,0,0,1,3230,3410,4120,4120
TXO,202703,20270317.0,46800.0,Call,-,-,-,-,3320.0,-,-,0,0,0,8,3230,3410,4200,3240
TXO,202703,20270317.0,46800.0,Put,-,-,-,-,3430.0,-,-,0,0,0,1,3320,3500,4220,4220
TXO,202703,20270317.0,47000.0,Call,3170,3170,3170,3170,3230.0,▼-350,▼-9.94%,0,1,1,8,3130,3310,7200,3150
TXO,202703,20270317.0,47000.0,Put,-,-,-,-,3530.0,-,-,0,0,0,52,3430,3630,4780,2680
TXO,202703,20270317.0,47200.0,Call,-,-,-,-,3140.0,-,-,0,0,0,1,3050,3230,4010,4010
TXO,202703,20270317.0,47200.0,Put,-,-,-,-,3640.0,-,-,0,0,0,1,3540,3740,4420,4420
TXO,202703,20270317.0,47400.0,Call,-,-,-,-,3020.0,-,-,0,0,0,1,2940,3100,3910,3910
TXO,202703,20270317.0,47400.0,Put,-,-,-,-,3720.0,-,-,0,0,0,3,3620,3820,4430,4430
TXO,202703,20270317.0,47600.0,Call,-,-,-,-,2930.0,-,-,0,0,0,1,2850,3010,3510,3510
TXO,202703,20270317.0,47600.0,Put,-,-,-,-,3830.0,-,-,0,0,0,3,3740,3960,4630,4530
TXO,202703,20270317.0,47800.0,Call,-,-,-,-,2850.0,-,-,0,0,0,1,2750,2910,3720,3720
TXO,202703,20270317.0,47800.0,Put,-,-,-,-,3950.0,-,-,0,0,0,3,3840,4060,4740,4640
TXO,202703,20270317.0,48000.0,Call,-,-,-,-,2770.0,-,-,0,0,0,2,2690,2850,3920,2960
TXO,202703,20270317.0,48000.0,Put,4200,4250,4200,4250,4060.0,▲+420,▲+10.97%,0,4,4,6,3930,4150,8820,3460
TXO,202703,20270317.0,48200.0,Call,-,-,-,-,2660.0,-,-,0,0,0,3,2590,2730,3530,3530
TXO,202703,20270317.0,48200.0,Put,-,-,-,-,4150.0,-,-,0,0,0,1,4060,4290,4870,4870
TXO,202703,20270317.0,48400.0,Call,-,-,-,-,2580.0,-,-,0,0,0,3,2510,2650,7100,2350
TXO,202703,20270317.0,48400.0,Put,-,-,-,-,4270.0,-,-,0,0,0,1,4160,4400,4980,4980
TXO,202703,20270317.0,48600.0,Call,-,-,-,-,2500.0,-,-,0,0,0,5,2430,2570,6300,2140
TXO,202703,20270317.0,48600.0,Put,-,-,-,-,4390.0,-,-,0,0,0,1,4270,4510,5100,4100
TXO,202703,20270317.0,48800.0,Call,-,-,-,-,2410.0,-,-,0,0,0,1,2340,2480,2260,2260
TXO,202703,20270317.0,48800.0,Put,-,-,-,-,4500.0,-,-,0,0,0,1,4390,4650,5210,5210
TXO,202703,20270317.0,49000.0,Call,-,-,-,-,2330.0,-,-,0,0,0,32,2270,2390,6150,2040
TXO,202703,20270317.0,49000.0,Put,-,-,-,-,4620.0,-,-,0,0,0,5,4500,4690,6880,5330
TXO,202703,20270317.0,49200.0,Call,-,-,-,-,2260.0,-,-,0,0,0,5,2200,2320,6280,2000
TXO,202703,20270317.0,49200.0,Put,-,-,-,-,4740.0,-,-,0,0,0,2,4630,4880,5440,5340
TXO,202703,20270317.0,49400.0,Call,-,-,-,-,2180.0,-,-,0,0,0,5,2120,2240,5760,2950
TXO,202703,20270317.0,49400.0,Put,-,-,-,-,4860.0,-,-,0,0,0,1,4750,5020,5560,5560
TXO,202703,20270317.0,49600.0,Call,-,-,-,-,2110.0,-,-,0,0,0,1,2050,2170,3030,3030
TXO,202703,20270317.0,49600.0,Put,-,-,-,-,4990.0,-,-,0,0,0,1,4870,5150,5680,5680
TXO,202703,20270317.0,49800.0,Call,-,-,-,-,2040.0,-,-,0,0,0,1,1970,2080,2950,2950
TXO,202703,20270317.0,49800.0,Put,-,-,-,-,5120.0,-,-,0,0,0,1,5000,5270,5800,5800
TXO,202703,20270317.0,50000.0,Call,1950,1950,1950,1950,1950.0,▼-240,▼-10.96%,0,1,1,29,1920,2030,7300,1800
TXO,202703,20270317.0,50000.0,Put,-,-,-,-,5250.0,-,-,0,0,0,20,5110,5340,10120,5930
TXO,202703,20270317.0,50200.0,Call,1910,1910,1910,1910,1910.0,▼-210,▼-9.91%,0,1,1,2,1840,1950,5650,1610
TXO,202703,20270317.0,50200.0,Put,-,-,-,-,5390.0,-,-,0,0,0,1,5250,5540,6050,6050
TXO,202703,20270317.0,50400.0,Call,1750,1750,1750,1750,1840.0,▼-300,▼-14.63%,0,1,1,5,1780,1880,2860,1750
TXO,202703,20270317.0,50400.0,Put,-,-,-,-,5520.0,-,-,0,0,0,1,5380,5680,6200,6200
TXO,202703,20270317.0,50600.0,Call,-,-,-,-,1780.0,-,-,0,0,0,1,1720,1820,2800,2240
TXO,202703,20270317.0,50600.0,Put,-,-,-,-,5650.0,-,-,0,0,0,1,5520,5810,6300,6300
TXO,202703,20270317.0,50800.0,Call,-,-,-,-,1720.0,-,-,0,0,0,2,1670,1770,2580,1770
TXO,202703,20270317.0,50800.0,Put,-,-,-,-,5790.0,-,-,0,0,0,1,5650,5950,6430,6430
TXO,202703,20270317.0,51000.0,Call,-,-,-,-,1640.0,-,-,0,0,0,7,1600,1690,6190,1480
TXO,202703,20270317.0,51000.0,Put,-,-,-,-,5910.0,-,-,0,0,0,4,5780,5990,6560,5680
TXO,202703,20270317.0,51200.0,Call,-,-,-,-,1590.0,-,-,0,0,0,2,1540,1630,3190,1560
TXO,202703,20270317.0,51200.0,Put,-,-,-,-,6050.0,-,-,0,0,0,1,6000,6220,6690,6690
TXO,202703,20270317.0,51400.0,Call,-,-,-,-,1530.0,-,-,0,0,0,0,1490,1580,5950,1480
TXO,202703,20270317.0,51400.0,Put,-,-,-,-,6200.0,-,-,0,0,0,1,6060,6370,6830,6830
TXO,202703,20270317.0,51600.0,Call,-,-,-,-,1470.0,-,-,0,0,0,5,1430,1520,5400,1490
TXO,202703,20270317.0,51600.0,Put,-,-,-,-,6340.0,-,-,0,0,0,1,6200,6520,6960,6960
TXO,202703,20270317.0,51800.0,Call,-,-,-,-,1420.0,-,-,0,0,0,1,1380,1470,4720,4600
TXO,202703,20270317.0,51800.0,Put,-,-,-,-,6480.0,-,-,0,0,0,1,6330,6680,7090,7090
TXO,202703,20270317.0,52000.0,Call,1340,1340,1340,1340,1370.0,▼-200,▼-12.99%,0,1,1,11,1330,1420,5800,1340
TXO,202703,20270317.0,52000.0,Put,-,-,-,-,6630.0,-,-,0,0,0,1,6500,6780,7230,7230
TXO,202703,20270317.0,52200.0,Call,-,-,-,-,1310.0,-,-,0,0,0,1,1270,1360,2120,2120
TXO,202703,20270317.0,52200.0,Put,-,-,-,-,6770.0,-,-,0,0,0,1,6690,6870,7370,7370
TXO,202703,20270317.0,52400.0,Call,-,-,-,-,1260.0,-,-,0,0,0,10,1220,1310,4900,1440
TXO,202703,20270317.0,52400.0,Put,-,-,-,-,6920.0,-,-,0,0,0,1,6820,7020,7510,7510
TXO,202703,20270317.0,52600.0,Call,-,-,-,-,1220.0,-,-,0,0,0,2,1170,1260,2230,1520
TXO,202703,20270317.0,52600.0,Put,-,-,-,-,7070.0,-,-,0,0,0,1,6990,7170,7650,7650
TXO,202703,20270317.0,52800.0,Call,1190,1190,1190,1190,1190.0,▼-150,▼-11.19%,0,1,1,1,1130,1220,4470,1190
TXO,202703,20270317.0,52800.0,Put,-,-,-,-,7230.0,-,-,0,0,0,1,7140,7330,7790,7790
TXO,202703,20270317.0,53000.0,Call,-,-,-,-,1130.0,-,-,0,0,0,11,1090,1180,4850,1160
TXO,202703,20270317.0,53000.0,Put,-,-,-,-,7380.0,-,-,0,0,0,0,7300,7480,-,-
TXO,202703,20270317.0,53200.0,Call,-,-,-,-,1080.0,-,-,0,0,0,2,1040,1130,4700,1280
TXO,202703,20270317.0,53200.0,Put,-,-,-,-,7530.0,-,-,0,0,0,1,7450,7640,8070,8070
TXO,202703,20270317.0,53400.0,Call,-,-,-,-,1040.0,-,-,0,0,0,6,1000,1090,1860,1430
TXO,202703,20270317.0,53400.0,Put,-,-,-,-,7690.0,-,-,0,0,0,1,7590,7790,8400,8220
TXO,202703,20270317.0,53600.0,Call,-,-,-,-,1000.0,-,-,0,0,0,2,970,1040,1890,1120
TXO,202703,20270317.0,53600.0,Put,-,-,-,-,7850.0,-,-,0,0,0,0,7770,7950,-,-
TXO,202703,20270317.0,53800.0,Call,-,-,-,-,965.0,-,-,0,0,0,2,930,1000,4600,1000
TXO,202703,20270317.0,53800.0,Put,-,-,-,-,8010.0,-,-,0,0,0,0,7930,8100,-,-
TXO,202703,20270317.0,54000.0,Call,950,950,900,900,930.0,▼-180,▼-16.67%,0,2,2,17,895,965,4820,900
TXO,202703,20270317.0,54000.0,Put,-,-,-,-,8170.0,-,-,0,0,0,0,8090,8260,-,-
TXO,202703,20270317.0,54200.0,Call,880,880,880,880,880.0,▼-160,▼-15.38%,0,1,1,4,860,930,1770,880
TXO,202703,20270317.0,54200.0,Put,-,-,-,-,8330.0,-,-,0,0,0,0,8250,8430,-,-
TXO,202703,20270317.0,54400.0,Call,-,-,-,-,860.0,-,-,0,0,0,11,825,895,1810,910
TXO,202703,20270317.0,54400.0,Put,-,-,-,-,8490.0,-,-,0,0,0,0,8410,8600,-,-
TXO,202703,20270317.0,54600.0,Call,-,-,-,-,825.0,-,-,0,0,0,3,790,860,1740,870
TXO,202703,20270317.0,54600.0,Put,-,-,-,-,8660.0,-,-,0,0,0,0,8580,8770,-,-
TXO,202703,20270317.0,54800.0,Call,770,780,770,780,780.0,▼-150,▼-16.13%,0,2,2,3,760,825,1450,770
TXO,202703,20270317.0,54800.0,Put,-,-,-,-,8820.0,-,-,0,0,0,0,8750,8940,-,-
TXO,202703,20270317.0,55000.0,Call,-,-,-,-,765.0,-,-,0,0,0,23,725,790,3600,805
TXO,202703,20270317.0,55000.0,Put,-,-,-,-,8990.0,-,-,0,0,0,0,8910,9090,-,-
TXO,202703,20270317.0,55200.0,Call,-,-,-,-,735.0,-,-,0,0,0,18,705,765,4510,950
TXO,202703,20270317.0,55200.0,Put,-,-,-,-,9160.0,-,-,0,0,0,0,9080,9260,-,-
TXO,202703,20270317.0,55400.0,Call,-,-,-,-,705.0,-,-,0,0,0,6,675,735,1320,970
TXO,202703,20270317.0,55400.0,Put,-,-,-,-,9330.0,-,-,0,0,0,0,9250,9450,-,-
TXO,202703,20270317.0,55600.0,Call,-,-,-,-,680.0,-,-,0,0,0,1,650,705,1730,1730
TXO,202703,20270317.0,55600.0,Put,-,-,-,-,9500.0,-,-,0,0,0,0,9420,9610,-,-
TXO,202703,20270317.0,55800.0,Call,-,-,-,-,655.0,-,-,0,0,0,4,625,680,4340,715
TXO,202703,20270317.0,55800.0,Put,-,-,-,-,9670.0,-,-,0,0,0,0,9590,9780,-,-
TXO,202703,20270317.0,56000.0,Call,-,-,-,-,625.0,-,-,0,0,0,19,600,650,2570,610
TXO,202703,20270317.0,56000.0,Put,-,-,-,-,9850.0,-,-,0,0,0,0,9770,9970,14710,10440
TXO,202703,20270317.0,56200.0,Call,-,-,-,-,605.0,-,-,0,0,0,4,575,625,1370,660
TXO,202703,20270317.0,56200.0,Put,-,-,-,-,10020.0,-,-,0,0,0,0,9940,10140,-,-
TXO,202703,20270317.0,56400.0,Call,-,-,-,-,580.0,-,-,0,0,0,12,555,600,1140,710
TXO,202703,20270317.0,56400.0,Put,-,-,-,-,10200.0,-,-,0,0,0,0,10100,10330,-,-
TXO,202703,20270317.0,56600.0,Call,-,-,-,-,555.0,-,-,0,0,0,8,535,580,1760,700
TXO,202703,20270317.0,56600.0,Put,-,-,-,-,10370.0,-,-,0,0,0,0,10290,10480,-,-
TXO,202703,20270317.0,56800.0,Call,-,-,-,-,535.0,-,-,0,0,0,1,510,555,1070,615
TXO,202703,20270317.0,56800.0,Put,-,-,-,-,10550.0,-,-,0,0,0,0,10470,10660,-,-
TXO,202703,20270317.0,57000.0,Call,-,-,-,-,515.0,-,-,1,0,1,14,490,535,2950,535
TXO,202703,20270317.0,57000.0,Put,-,-,-,-,10720.0,-,-,0,0,0,0,10630,10860,-,-
TXO,202703,20270317.0,57200.0,Call,510,510,510,510,510.0,▼-85,▼-14.29%,0,1,1,17,470,515,3450,498
TXO,202703,20270317.0,57200.0,Put,-,-,-,-,10900.0,-,-,0,0,0,0,10810,11020,-,-
TXO,202703,20270317.0,57400.0,Call,480,480,480,480,480.0,▼-75,▼-13.51%,1,1,2,250,448,493,3760,385
TXO,202703,20270317.0,57400.0,Put,-,-,-,-,11080.0,-,-,0,0,0,0,11000,11200,-,-
