契約,到期月份 (週別),契約到期日,履約價,買賣權,開盤價,最高價,最低價,最後 成交價,結算價,漲跌價,漲跌%,*盤後交易時段成交量,*一般交易時段成交量,*合計成交量,*未沖銷 契約量,最後 最佳買價,最後 最佳賣價,歷史 最高價,歷史 最低價
TXO,202610W1,20261007.0,42800.0,Call,-,-,-,-,-,-,-,0,0,0,0,-,-,-,-
TXO,202610W1,20261007.0,42800.0,Put,0.1,0.1,0.1,0.1,-,0,-,2,5,7,119,-,0.4,5.6,0.1
TXO,202610W1,20261007.0,42900.0,Call,-,-,-,-,-,-,-,0,0,0,0,-,-,-,-
TXO,202610W1,20261007.0,42900.0,Put,-,-,-,-,-,-,-,0,0,0,39,-,-,5.8,0.2
TXO,202610W1,20261007.0,43000.0,Call,-,-,-,-,-,-,-,0,0,0,0,-,-,-,-
TXO,202610W1,20261007.0,43000.0,Put,-,-,-,-,-,-,-,0,0,0,195,-,-,29,0.2
TXO,202610W1,20261007.0,43100.0,Call,-,-,-,-,-,-,-,0,0,0,0,-,-,-,-
TXO,202610W1,20261007.0,43100.0,Put,-,-,-,-,-,-,-,0,0,0,20,-,-,29.5,0.7
TXO,202610W1,20261007.0,43200.0,Call,-,-,-,-,-,-,-,0,0,0,0,-,-,-,-
TXO,202610W1,20261007.0,43200.0,Put,-,-,-,-,-,-,-,0,0,0,22,-,-,28.5,0.7
TXO,202610W1,20261007.0,43300.0,Call,-,-,-,-,-,-,-,0,0,0,0,-,-,-,-
TXO,202610W1,20261007.0,43300.0,Put,-,-,-,-,-,-,-,0,0,0,13,-,0.6,20.5,0.3
TXO,202610W1,20261007.0,43400.0,Call,-,-,-,-,-,-,-,0,0,0,0,-,-,-,-
TXO,202610W1,20261007.0,43400.0,Put,-,-,-,-,-,-,-,0,0,0,11,-,0.6,20,0.3
TXO,202610W1,20261007.0,43500.0,Call,-,-,-,-,-,-,-,0,0,0,0,-,-,-,-
TXO,202610W1,20261007.0,43500.0,Put,0.2,0.2,0.2,0.2,-,▲+0.1,-,0,2,2,12,-,0.6,36,0.2
TXO,202610W1,20261007.0,43600.0,Call,-,-,-,-,-,-,-,0,0,0,0,-,-,-,-
TXO,202610W1,20261007.0,43600.0,Put,-,-,-,-,-,-,-,0,0,0,11,-,0.6,30.5,1.3
TXO,202610W1,20261007.0,43700.0,Call,-,-,-,-,-,-,-,0,0,0,0,-,-,-,-
TXO,202610W1,20261007.0,43700.0,Put,-,-,-,-,-,-,-,3,0,3,27,-,0.5,24.5,0.1
TXO,202610W1,20261007.0,43800.0,Call,-,-,-,-,-,-,-,0,0,0,0,-,-,-,-
TXO,202610W1,20261007.0,43800.0,Put,-,-,-,-,-,-,-,0,0,0,816,-,0.5,42,0.3
TXO,202610W1,20261007.0,43900.0,Call,-,-,-,-,-,-,-,0,0,0,6,-,-,4510,4130
TXO,202610W1,20261007.0,43900.0,Put,-,-,-,-,-,-,-,0,0,0,219,-,0.6,45,0.3
TXO,202610W1,20261007.0,44000.0,Call,-,-,-,-,-,-,-,0,0,0,0,-,-,4640,4030
TXO,202610W1,20261007.0,44000.0,Put,-,-,-,-,-,-,-,0,0,0,336,-,0.6,47.5,0.1
TXO,202610W1,20261007.0,44100.0,Call,-,-,-,-,-,-,-,0,0,0,0,-,-,-,-
TXO,202610W1,20261007.0,44100.0,Put,-,-,-,-,-,-,-,1,0,1,15,-,0.6,42.5,0.3
TXO,202610W1,20261007.0,44200.0,Call,-,-,-,-,-,-,-,0,0,0,0,-,-,-,-
TXO,202610W1,20261007.0,44200.0,Put,-,-,-,-,-,-,-,0,0,0,19,-,0.6,43,0.3
TXO,202610W1,20261007.0,44300.0,Call,-,-,-,-,-,-,-,0,0,0,0,-,-,-,-
TXO,202610W1,20261007.0,44300.0,Put,-,-,-,-,-,-,-,1,0,1,333,-,0.6,51,0.3
TXO,202610W1,20261007.0,44400.0,Call,-,-,-,-,-,-,-,0,0,0,0,-,-,-,-
TXO,202610W1,20261007.0,44400.0,Put,-,-,-,-,-,-,-,0,0,0,24,-,0.6,15.5,0.4
TXO,202610W1,20261007.0,44500.0,Call,-,-,-,-,-,-,-,0,0,0,0,-,-,-,-
TXO,202610W1,20261007.0,44500.0,Put,-,-,-,-,-,-,-,0,0,0,169,-,0.6,60,0.4
TXO,202610W1,20261007.0,44600.0,Call,-,-,-,-,-,-,-,0,0,0,0,-,-,-,-
TXO,202610W1,20261007.0,44600.0,Put,0.1,0.1,0.1,0.1,-,▼-0.3,▼-75.00%,0,7,7,21,-,0.6,59,0.1
TXO,202610W1,20261007.0,44700.0,Call,-,-,-,-,-,-,-,0,0,0,0,-,-,-,-
TXO,202610W1,20261007.0,44700.0,Put,0.4,0.4,0.4,0.4,-,0,0%,7,1,8,370,-,0.6,57,0.1
TXO,202610W1,20261007.0,44800.0,Call,-,-,-,-,-,-,-,0,0,0,0,-,-,-,-
TXO,202610W1,20261007.0,44800.0,Put,0.4,0.6,0.2,0.2,-,▼-0.2,▼-50.00%,2,4,6,30,-,-,74,0.1
TXO,202610W1,20261007.0,44900.0,Call,-,-,-,-,-,-,-,0,0,0,0,0.2,-,-,-
TXO,202610W1,20261007.0,44900.0,Put,0.1,0.2,0.1,0.2,-,▼-0.2,▼-50.00%,0,6,6,18,-,0.5,71,0.1
TXO,202610W1,20261007.0,45000.0,Call,-,-,-,-,-,-,-,0,0,0,0,0.2,-,-,-
TXO,202610W1,20261007.0,45000.0,Put,0.5,0.5,0.1,0.1,-,▼-0.3,▼-75.00%,3,34,37,190,-,0.6,93,0.1
TXO,202610W1,20261007.0,45100.0,Call,-,-,-,-,-,-,-,0,0,0,0,0.2,-,-,-
TXO,202610W1,20261007.0,45100.0,Put,0.2,0.2,0.2,0.2,-,▼-0.2,▼-50.00%,0,10,10,33,-,0.6,95,0.2
TXO,202610W1,20261007.0,45200.0,Call,-,-,-,-,-,-,-,0,0,0,0,0.2,-,-,-
TXO,202610W1,20261007.0,45200.0,Put,0.2,0.3,0.1,0.2,-,▼-0.2,▼-50.00%,0,54,54,78,-,0.6,108,0.1
TXO,202610W1,20261007.0,45300.0,Call,-,-,-,-,-,-,-,0,0,0,0,0.2,-,-,-
TXO,202610W1,20261007.0,45300.0,Put,0.2,0.2,0.1,0.1,-,▼-0.3,▼-75.00%,0,10,10,131,-,0.6,104,0.1
TXO,202610W1,20261007.0,45400.0,Call,-,-,-,-,-,-,-,0,0,0,1,0.2,-,3890,3890
TXO,202610W1,20261007.0,45400.0,Put,0.2,0.2,0.2,0.2,-,▼-0.3,▼-60.00%,0,3,3,79,-,0.6,110,0.2
TXO,202610W1,20261007.0,45500.0,Call,-,-,-,-,-,-,-,0,0,0,3,0.2,-,3830,2620
TXO,202610W1,20261007.0,45500.0,Put,0.3,0.3,0.1,0.1,-,▼-0.6,▼-85.71%,2,5,7,207,-,1,119,0.1
TXO,202610W1,20261007.0,45600.0,Call,-,-,-,-,-,-,-,0,0,0,2,0.2,-,2840,2360
TXO,202610W1,20261007.0,45600.0,Put,0.2,0.2,0.2,0.2,-,▼-0.5,▼-71.43%,1,6,7,84,-,15,137,0.2
TXO,202610W1,20261007.0,45700.0,Call,-,-,-,-,-,-,-,0,0,0,0,0.2,-,-,-
TXO,202610W1,20261007.0,45700.0,Put,0.1,0.1,0.1,0.1,-,▼-0.6,▼-85.71%,20,1,21,32,-,-,137,0.1
TXO,202610W1,20261007.0,45800.0,Call,-,-,-,-,-,-,-,0,0,0,0,0.2,-,-,-
TXO,202610W1,20261007.0,45800.0,Put,0.2,0.2,0.2,0.2,-,▼-0.6,▼-75.00%,2,8,10,125,-,1,124,0.2
TXO,202610W1,20261007.0,45900.0,Call,-,-,-,-,-,-,-,0,0,0,0,0.2,-,-,-
TXO,202610W1,20261007.0,45900.0,Put,-,-,-,-,-,-,-,10,0,10,259,-,-,127,0.9
TXO,202610W1,20261007.0,46000.0,Call,-,-,-,-,-,-,-,0,0,0,6,0.2,-,2700,2340
TXO,202610W1,20261007.0,46000.0,Put,0.4,0.4,0.1,0.2,-,▼-0.7,▼-77.78%,6,38,44,482,-,1,196,0.1
TXO,202610W1,20261007.0,46100.0,Call,-,-,-,-,-,-,-,0,0,0,0,0.2,-,-,-
TXO,202610W1,20261007.0,46100.0,Put,0.1,0.1,0.1,0.1,-,▼-0.8,▼-88.89%,0,1,1,48,-,-,199,0.1
TXO,202610W1,20261007.0,46200.0,Call,-,-,-,-,-,-,-,0,0,0,0,0.2,-,-,-
TXO,202610W1,20261007.0,46200.0,Put,0.3,0.5,0.2,0.5,-,▼-0.5,▼-50.00%,6,15,21,118,-,0.5,223,0.2
TXO,202610W1,20261007.0,46250.0,Call,-,-,-,-,-,-,-,0,0,0,0,0.2,-,-,-
TXO,202610W1,20261007.0,46250.0,Put,-,-,-,-,-,-,-,1,0,1,28,-,20,55,0.7
TXO,202610W1,20261007.0,46300.0,Call,-,-,-,-,-,-,-,0,0,0,0,0.2,-,-,-
TXO,202610W1,20261007.0,46300.0,Put,0.3,0.3,0.1,0.1,-,▼-1,▼-90.91%,0,10,10,228,-,100,232,0.1
TXO,202610W1,20261007.0,46350.0,Call,-,-,-,-,-,-,-,0,0,0,0,0.2,-,-,-
TXO,202610W1,20261007.0,46350.0,Put,-,-,-,-,-,-,-,1,0,1,17,-,1.1,61,0.7
TXO,202610W1,20261007.0,46400.0,Call,-,-,-,-,-,-,-,0,0,0,0,0.2,-,-,-
TXO,202610W1,20261007.0,46400.0,Put,0.3,0.3,0.1,0.1,-,▼-1,▼-90.91%,0,14,14,69,-,100,277,0.1
TXO,202610W1,20261007.0,46450.0,Call,-,-,-,-,-,-,-,0,0,0,0,0.2,-,-,-
TXO,202610W1,20261007.0,46450.0,Put,0.3,1,0.2,0.2,-,▼-0.9,▼-81.82%,0,52,52,107,-,-,169,0.1
TXO,202610W1,20261007.0,46500.0,Call,-,-,-,-,-,-,-,0,0,0,298,2,3250,2220,1900
TXO,202610W1,20261007.0,46500.0,Put,0.3,0.3,0.2,0.2,-,▼-1,▼-83.33%,12,40,52,379,-,0.4,300,0.2
TXO,202610W1,20261007.0,46550.0,Call,-,-,-,-,-,-,-,0,0,0,0,0.2,-,-,-
TXO,202610W1,20261007.0,46550.0,Put,-,-,-,-,-,-,-,0,0,0,46,-,-,146,0.2
TXO,202610W1,20261007.0,46600.0,Call,-,-,-,-,-,-,-,0,0,0,950,2,3150,1870,1600
TXO,202610W1,20261007.0,46600.0,Put,0.3,0.3,0.2,0.2,-,▼-1,▼-83.33%,4,31,35,256,-,9,315,0.2
TXO,202610W1,20261007.0,46650.0,Call,-,-,-,-,-,-,-,0,0,0,0,0.2,-,-,-
TXO,202610W1,20261007.0,46650.0,Put,0.2,0.2,0.2,0.2,-,▼-1.1,▼-84.62%,0,18,18,26,-,25,113,0.2
TXO,202610W1,20261007.0,46700.0,Call,-,-,-,-,-,-,-,0,0,0,950,0.2,3050,2860,1430
TXO,202610W1,20261007.0,46700.0,Put,0.3,0.4,0.1,0.1,-,▼-1.2,▼-92.31%,25,149,174,526,-,20,341,0.1
TXO,202610W1,20261007.0,46750.0,Call,-,-,-,-,-,-,-,0,0,0,0,0.2,-,1960,1960
TXO,202610W1,20261007.0,46750.0,Put,0.2,0.2,0.1,0.1,-,▼-1.2,▼-92.31%,1,44,45,45,-,-,135,0.1
TXO,202610W1,20261007.0,46800.0,Call,3090,3090,3090,3090,-,▲+100,▲+3.34%,0,1,1,450,0.2,-,3090,1300
TXO,202610W1,20261007.0,46800.0,Put,0.3,0.3,0.1,0.2,-,▼-1.2,▼-85.71%,7,102,109,316,-,11.5,350,0.1
TXO,202610W1,20261007.0,46850.0,Call,-,-,-,-,-,-,-,0,0,0,0,0.2,-,-,-
TXO,202610W1,20261007.0,46850.0,Put,0.2,0.2,0.1,0.1,-,▼-1.3,▼-92.86%,2,11,13,29,-,4.9,325,0.1
TXO,202610W1,20261007.0,46900.0,Call,-,-,-,-,-,-,-,0,0,0,219,0.2,-,1510,975
TXO,202610W1,20261007.0,46900.0,Put,0.3,0.4,0.2,0.2,-,▼-1.3,▼-86.67%,4,247,251,250,-,4.9,316,0.2
TXO,202610W1,20261007.0,46950.0,Call,-,-,-,-,-,-,-,0,0,0,0,0.2,-,2710,1740
TXO,202610W1,20261007.0,46950.0,Put,0.3,0.3,0.3,0.3,-,▼-1.2,▼-80.00%,35,95,130,75,-,0.5,330,0.3
TXO,202610W1,20261007.0,47000.0,Call,-,-,-,-,-,-,-,0,0,0,6,0.2,3050,2680,940
TXO,202610W1,20261007.0,47000.0,Put,0.4,0.4,0.2,0.2,-,▼-1.4,▼-87.50%,22,484,506,1078,-,1.9,426,0.2
TXO,202610W1,20261007.0,47050.0,Call,-,-,-,-,-,-,-,0,0,0,0,0.2,-,-,-
TXO,202610W1,20261007.0,47050.0,Put,0.4,0.6,0.1,0.2,-,▼-1.4,▼-87.50%,1,13,14,45,-,4.9,352,0.1
TXO,202610W1,20261007.0,47100.0,Call,-,-,-,-,-,-,-,1,0,1,631,0.2,-,2700,880
TXO,202610W1,20261007.0,47100.0,Put,0.3,0.3,0.1,0.2,-,▼-1.4,▼-87.50%,18,22,40,448,-,1.5,296,0.1
TXO,202610W1,20261007.0,47150.0,Call,-,-,-,-,-,-,-,0,0,0,0,0.2,-,1570,915
TXO,202610W1,20261007.0,47150.0,Put,0.7,0.7,0.1,0.2,-,▼-1.5,▼-88.24%,2,138,140,58,-,11,483,0.1
TXO,202610W1,20261007.0,47200.0,Call,2660,2660,2660,2660,-,▲+70,▲+2.70%,0,1,1,1,0.2,-,2660,970
TXO,202610W1,20261007.0,47200.0,Put,0.3,0.6,0.2,0.2,-,▼-1.5,▼-88.24%,40,34,74,436,-,0.5,437,0.2
TXO,202610W1,20261007.0,47250.0,Call,-,-,-,-,-,-,-,0,0,0,1,0.2,-,1200,1200
TXO,202610W1,20261007.0,47250.0,Put,0.5,0.5,0.5,0.5,-,▼-1.3,▼-72.22%,13,1,14,51,-,13.5,492,0.5
TXO,202610W1,20261007.0,47300.0,Call,-,-,-,-,-,-,-,0,0,0,1,0.2,-,1560,815
TXO,202610W1,20261007.0,47300.0,Put,0.5,0.7,0.1,0.2,-,▼-1.7,▼-89.47%,3,74,77,271,-,0.3,520,0.1
TXO,202610W1,20261007.0,47350.0,Call,-,-,-,-,-,-,-,0,0,0,1,0.2,-,2130,1180
TXO,202610W1,20261007.0,47350.0,Put,0.5,0.5,0.1,0.1,-,▼-1.8,▼-94.74%,9,7,16,54,-,10,540,0.1
TXO,202610W1,20261007.0,47400.0,Call,-,-,-,-,-,-,-,0,0,0,1,0.2,-,2340,745
TXO,202610W1,20261007.0,47400.0,Put,0.5,0.5,0.1,0.2,-,▼-1.8,▼-90.00%,6,30,36,175,-,0.5,560,0.1
TXO,202610W1,20261007.0,47450.0,Call,-,-,-,-,-,-,-,0,0,0,0,0.2,-,2010,1050
TXO,202610W1,20261007.0,47450.0,Put,0.4,0.4,0.1,0.1,-,▼-1.9,▼-95.00%,3,28,31,47,-,6.9,580,0.1
TXO,202610W1,20261007.0,47500.0,Call,2310,2310,2310,2310,-,▲+20,▲+0.87%,0,1,1,635,0.2,2250,2310,630
TXO,202610W1,20261007.0,47500.0,Put,0.7,0.7,0.1,0.2,-,▼-1.8,▼-90.00%,40,74,114,552,-,0.2,600,0.1
TXO,202610W1,20261007.0,47550.0,Call,-,-,-,-,-,-,-,0,0,0,2,0.2,-,2030,560
TXO,202610W1,20261007.0,47550.0,Put,0.3,0.3,0.1,0.1,-,▼-1.9,▼-95.00%,1,15,16,60,-,4.9,620,0.1
TXO,202610W1,20261007.0,47600.0,Call,-,-,-,-,-,-,-,0,0,0,7,0.2,-,2120,535
TXO,202610W1,20261007.0,47600.0,Put,0.7,0.7,0.1,0.1,-,▼-2,▼-95.24%,60,122,182,567,-,1,630,0.1
TXO,202610W1,20261007.0,47650.0,Call,2170,2170,2170,2170,-,▲+30,▲+1.40%,2,1,3,12,0.2,-,2270,575
TXO,202610W1,20261007.0,47650.0,Put,0.3,0.3,0.1,0.1,-,▼-2.1,▼-95.45%,16,62,78,200,-,2.2,665,0.1
TXO,202610W1,20261007.0,47700.0,Call,2080,2080,2050,2050,-,▼-40,▼-1.91%,0,22,22,34,200,-,2080,530
TXO,202610W1,20261007.0,47700.0,Put,0.8,1,0.1,0.1,-,▼-2.3,▼-95.83%,36,57,93,222,-,2.9,550,0.1
TXO,202610W1,20261007.0,47750.0,Call,-,-,-,-,-,-,-,0,0,0,9,0.2,-,1920,515
TXO,202610W1,20261007.0,47750.0,Put,0.8,0.8,0.1,0.5,-,▼-1.9,▼-79.17%,66,68,134,128,-,0.5,695,0.1
TXO,202610W1,20261007.0,47800.0,Call,1890,1980,1890,1960,-,▼-30,▼-1.51%,0,23,23,51,0.2,-,1980,480
TXO,202610W1,20261007.0,47800.0,Put,0.7,0.9,0.1,0.4,-,▼-2.2,▼-84.62%,52,80,132,522,-,0.4,720,0.1
TXO,202610W1,20261007.0,47850.0,Call,-,-,-,-,-,-,-,0,0,0,5,0.2,-,1850,438
TXO,202610W1,20261007.0,47850.0,Put,0.7,0.9,0.1,0.1,-,▼-2.6,▼-96.30%,33,40,73,161,-,4.9,635,0.1
TXO,202610W1,20261007.0,47900.0,Call,1880,1880,1840,1840,-,▼-50,▼-2.65%,0,42,42,18,1500,2340,2140,400
TXO,202610W1,20261007.0,47900.0,Put,1.6,2,0.1,0.9,-,▼-2,▼-68.97%,48,284,332,321,-,2.4,780,0.1
TXO,202610W1,20261007.0,47950.0,Call,-,-,-,-,-,-,-,1,0,1,21,1,2190,2060,375
TXO,202610W1,20261007.0,47950.0,Put,0.8,1.4,0.1,0.1,-,▼-2.9,▼-96.67%,47,131,178,204,-,0.9,785,0.1
TXO,202610W1,20261007.0,48000.0,Call,1680,1850,1680,1740,-,▼-50,▼-2.79%,7,50,57,701,1740,1750,1950,375
TXO,202610W1,20261007.0,48000.0,Put,0.8,1.1,0.1,0.4,-,▼-2.7,▼-87.10%,189,353,542,1700,-,0.5,800,0.1
TXO,202610W1,20261007.0,48050.0,Call,1650,1650,1650,1650,-,▼-90,▼-5.17%,0,1,1,73,1690,1700,1750,335
TXO,202610W1,20261007.0,48050.0,Put,0.9,1.1,0.1,0.1,-,▼-3.2,▼-96.97%,42,55,97,233,-,1.9,845,0.1
TXO,202610W1,20261007.0,48100.0,Call,1690,1690,1690,1690,-,0,0%,0,1,1,33,1640,2000,1690,336
TXO,202610W1,20261007.0,48100.0,Put,1,1.1,0.1,0.1,-,▼-3.4,▼-97.14%,69,194,263,416,-,0.4,800,0.1
TXO,202610W1,20261007.0,48150.0,Call,-,-,-,-,-,-,-,0,0,0,20,0.2,-,1640,308
TXO,202610W1,20261007.0,48150.0,Put,0.9,1.8,0.1,0.1,-,▼-3.5,▼-97.22%,34,113,147,295,-,4.8,525,0.1
TXO,202610W1,20261007.0,48200.0,Call,1420,1470,1420,1470,-,▼-120,▼-7.55%,4,2,6,630,1540,1550,1630,290
TXO,202610W1,20261007.0,48200.0,Put,1.5,1.5,0.1,0.2,-,▼-3.6,▼-94.74%,111,107,218,757,-,0.2,670,0.1
TXO,202610W1,20261007.0,48250.0,Call,-,-,-,-,-,-,-,0,0,0,21,0.2,-,1560,279
TXO,202610W1,20261007.0,48250.0,Put,1,1.2,0.1,0.2,-,▼-3.8,▼-95.00%,45,55,100,130,-,1.4,590,0.1
TXO,202610W1,20261007.0,48300.0,Call,1400,1480,1400,1450,-,▼-40,▼-2.68%,4,9,13,276,1440,1450,1530,250
TXO,202610W1,20261007.0,48300.0,Put,1.7,1.7,0.1,0.2,-,▼-4,▼-95.24%,173,161,334,1402,-,0.6,970,0.1
TXO,202610W1,20261007.0,48350.0,Call,-,-,-,-,-,-,-,0,0,0,77,1390,1400,1470,238
TXO,202610W1,20261007.0,48350.0,Put,1.7,1.7,0.1,0.1,-,▼-4.4,▼-97.78%,41,153,194,315,-,0.2,680,0.1
TXO,202610W1,20261007.0,48400.0,Call,1470,1470,1260,1340,-,▼-50,▼-3.60%,15,31,46,450,1340,1350,1520,214
TXO,202610W1,20261007.0,48400.0,Put,1.3,1.6,0.1,0.2,-,▼-4.6,▼-95.83%,250,123,373,679,-,1.9,660,0.1
TXO,202610W1,20261007.0,48450.0,Call,-,-,-,-,-,-,-,4,0,4,63,1290,1300,1480,208
TXO,202610W1,20261007.0,48450.0,Put,1.7,1.7,0.1,0.1,-,▼-5,▼-98.04%,58,165,223,373,-,4.9,695,0.1
TXO,202610W1,20261007.0,48500.0,Call,1320,1380,1160,1240,-,▼-50,▼-3.88%,27,95,122,521,1240,1250,1420,185
TXO,202610W1,20261007.0,48500.0,Put,1.1,1.8,0.1,0.5,-,▼-5,▼-90.91%,1110,500,1610,1691,-,0.5,730,0.1
TXO,202610W1,20261007.0,48550.0,Call,1290,1290,1210,1210,-,▼-30,▼-2.42%,2,2,4,78,1190,1200,1350,176
TXO,202610W1,20261007.0,48550.0,Put,1.4,1.7,0.1,0.1,-,▼-5.8,▼-98.31%,80,463,543,348,-,4.8,760,0.1
TXO,202610W1,20261007.0,48600.0,Call,1160,1240,1090,1170,-,▼-20,▼-1.68%,10,43,53,275,1140,1150,1320,158
TXO,202610W1,20261007.0,48600.0,Put,1.6,2,0.1,0.2,-,▼-6.2,▼-96.88%,201,234,435,879,-,0.3,750,0.1
TXO,202610W1,20261007.0,48650.0,Call,1190,1240,1040,1120,-,▼-20,▼-1.75%,5,19,24,154,1090,1100,1240,169
TXO,202610W1,20261007.0,48650.0,Put,1.6,1.9,0.1,0.2,-,▼-6.8,▼-97.14%,67,186,253,219,-,2.4,645,0.1
TXO,202610W1,20261007.0,48700.0,Call,975,1130,955,1070,-,▼-20,▼-1.83%,9,92,101,169,1040,1050,1200,136
TXO,202610W1,20261007.0,48700.0,Put,1.5,2.4,0.1,1.4,-,▼-6.3,▼-81.82%,345,725,1070,1637,-,1.8,840,0.1
TXO,202610W1,20261007.0,48750.0,Call,995,1120,995,1000,-,▼-40,▼-3.85%,12,61,73,167,990,995,1180,146
TXO,202610W1,20261007.0,48750.0,Put,1.2,2.7,0.1,0.2,-,▼-8.1,▼-97.59%,190,371,561,310,-,1.2,965,0.1
TXO,202610W1,20261007.0,48800.0,Call,980,1170,875,940,-,▼-55,▼-5.53%,88,130,218,537,940,945,1170,114
TXO,202610W1,20261007.0,48800.0,Put,3.8,3.8,0.1,1,-,▼-8.3,▼-89.25%,458,734,1192,2089,-,1.1,900,0.1
TXO,202610W1,20261007.0,48850.0,Call,940,955,850,895,-,▼-50,▼-5.29%,8,29,37,94,890,895,1100,120
TXO,202610W1,20261007.0,48850.0,Put,2.1,2.9,0.1,0.1,-,▼-10.4,▼-99.05%,337,390,727,374,-,5,1080,0.1
TXO,202610W1,20261007.0,48900.0,Call,890,940,765,840,-,▼-60,▼-6.67%,18,119,137,167,840,845,1040,98
TXO,202610W1,20261007.0,48900.0,Put,0.6,3.5,0.1,0.1,-,▼-11.4,▼-99.13%,552,591,1143,1590,-,0.1,995,0.1
TXO,202610W1,20261007.0,48950.0,Call,780,935,715,790,-,▼-60,▼-7.06%,22,110,132,96,790,795,985,92
TXO,202610W1,20261007.0,48950.0,Put,2,3.6,0.1,0.3,-,▼-12.7,▼-97.69%,337,528,865,540,-,0.5,770,0.1
TXO,202610W1,20261007.0,49000.0,Call,795,875,645,745,-,▼-55,▼-6.88%,192,454,646,761,740,745,960,74
TXO,202610W1,20261007.0,49000.0,Put,4,4.2,0.1,0.5,-,▼-14.5,▼-96.67%,1737,1101,2838,2979,-,0.5,1500,0.1
TXO,202610W1,20261007.0,49050.0,Call,695,850,685,730,-,▼-20,▼-2.67%,12,24,36,132,690,695,895,78
TXO,202610W1,20261007.0,49050.0,Put,2.9,4.8,0.1,0.1,-,▼-16.9,▼-99.41%,675,428,1103,521,-,0.3,770,0.1
TXO,202610W1,20261007.0,49100.0,Call,685,775,555,645,-,▼-55,▼-7.86%,26,897,923,238,640,645,835,70
TXO,202610W1,20261007.0,49100.0,Put,4,6.5,0.1,0.1,-,▼-19.4,▼-99.49%,1361,1220,2581,983,-,0.1,810,0.1
TXO,202610W1,20261007.0,49150.0,Call,630,710,520,630,-,▼-20,▼-3.08%,14,24,38,84,590,595,815,64
TXO,202610W1,20261007.0,49150.0,Put,2.8,6.7,0.1,0.1,-,▼-22.9,▼-99.57%,642,1261,1903,589,-,0.6,800,0.1
TXO,202610W1,20261007.0,49200.0,Call,595,690,455,540,-,▼-65,▼-10.74%,91,355,446,354,540,545,770,60
TXO,202610W1,20261007.0,49200.0,Put,2.3,13.5,0.1,0.2,-,▼-26.8,▼-99.26%,2511,2951,5462,1223,-,0.5,1320,0.1
TXO,202610W1,20261007.0,49250.0,Call,424,620,424,493,-,▼-67,▼-11.96%,13,70,83,85,491,495,700,57
TXO,202610W1,20261007.0,49250.0,Put,21.5,21.5,0.1,0.4,-,▼-31.6,▼-98.75%,1220,1303,2523,652,-,0.2,965,0.1
TXO,202610W1,20261007.0,49300.0,Call,488,595,356,443,-,▼-67,▼-13.14%,239,781,1020,325,442,443,680,48
TXO,202610W1,20261007.0,49300.0,Put,8.4,13.5,0.1,0.2,-,▼-37.8,▼-99.47%,2819,3353,6172,1685,-,0.4,1010,0.1
TXO,202610W1,20261007.0,49350.0,Call,330,500,315,393,-,▼-91,▼-18.80%,46,98,144,86,392,395,640,44
TXO,202610W1,20261007.0,49350.0,Put,10.5,18,0.1,0.1,-,▼-45.4,▼-99.78%,1826,2008,3834,1156,-,0.4,1040,0.1
TXO,202610W1,20261007.0,49400.0,Call,410,497,260,342,-,▼-102,▼-22.97%,484,1276,1760,532,342,343,620,40
TXO,202610W1,20261007.0,49400.0,Put,11,24.5,0.1,0.2,-,▼-52.8,▼-99.62%,3495,5860,9355,2042,-,0.3,1000,0.1
TXO,202610W1,20261007.0,49450.0,Call,353,445,215,292,-,▼-113,▼-27.90%,341,562,903,150,291,295,570,36
TXO,202610W1,20261007.0,49450.0,Put,17.5,34,0.1,0.1,-,▼-65.9,▼-99.85%,1946,4841,6787,966,0.1,0.3,1050,0.1
TXO,202610W1,20261007.0,49500.0,Call,337,400,170,243,-,▼-125,▼-33.97%,1292,3924,5216,729,243,244,540,30
TXO,202610W1,20261007.0,49500.0,Put,21.5,45,0.1,0.2,-,▼-78.8,▼-99.75%,5917,11995,17912,2993,0.1,0.3,1610,0.1
TXO,202610W1,20261007.0,49550.0,Call,273,346,131,192,-,▼-141,▼-42.34%,377,1416,1793,146,192,194,494,31
TXO,202610W1,20261007.0,49550.0,Put,35,63,0.1,0.1,-,▼-91.9,▼-99.89%,2437,6171,8608,1233,-,0.3,1050,0.1
TXO,202610W1,20261007.0,49600.0,Call,220,300,97,143,-,▼-157,▼-52.33%,1489,6390,7879,720,142,143,470,25
TXO,202610W1,20261007.0,49600.0,Put,48,82,0.1,0.3,-,▼-110.7,▼-99.73%,5072,16273,21345,3353,0.1,0.2,1260,0.1
TXO,202610W1,20261007.0,49650.0,Call,198,251,55,93,-,▼-175,▼-65.30%,679,5191,5870,365,93,94,429,31
TXO,202610W1,20261007.0,49650.0,Put,46,105,0.1,0.1,-,▼-128.9,▼-99.92%,2966,13926,16892,1969,-,0.3,1050,0.1
TXO,202610W1,20261007.0,49700.0,Call,161,200,20.5,42.5,-,▼-195.5,▼-82.14%,4006,24845,28851,2609,42,42.5,410,10
TXO,202610W1,20261007.0,49700.0,Put,62,135,0.1,0.3,-,▼-150.7,▼-99.80%,4274,25351,29625,2868,-,0.2,1100,0.1
TXO,202610W1,20261007.0,49750.0,Call,130,160,0.1,0.1,-,▼-210.9,▼-99.95%,2139,21122,23261,2757,-,0.3,379,0.1
TXO,202610W1,20261007.0,49750.0,Put,90,167,0.5,7,-,▼-167,▼-95.98%,2688,25638,28326,2310,7,7.2,1100,0.5
TXO,202610W1,20261007.0,49800.0,Call,111,127,0.1,0.2,-,▼-173.8,▼-99.89%,7391,37542,44933,5405,-,0.3,353,0.1
TXO,202610W1,20261007.0,49800.0,Put,137,202,9.1,57,-,▼-142,▼-71.36%,6087,35888,41975,2734,56,57,995,9.1
TXO,202610W1,20261007.0,49850.0,Call,90,99,0.1,0.1,-,▼-152.9,▼-99.93%,2556,18280,20836,3393,-,0.2,326,0.1
TXO,202610W1,20261007.0,49850.0,Put,148,236,22,106,-,▼-122,▼-53.51%,2323,14239,16562,835,105,106,690,22
TXO,202610W1,20261007.0,49900.0,Call,84,84,0.1,0.1,-,▼-132.9,▼-99.92%,5152,21173,26325,3681,-,0.2,297,0.1
TXO,202610W1,20261007.0,49900.0,Put,185,283,43,155,-,▼-103,▼-39.92%,3518,12179,15697,1174,155,156,995,43
TXO,202610W1,20261007.0,49950.0,Call,80,80,0.1,0.1,-,▼-115.9,▼-99.91%,1743,9799,11542,1731,-,0.2,188,0.1
TXO,202610W1,20261007.0,49950.0,Put,201,318,75,206,-,▼-85,▼-29.21%,1205,2830,4035,223,206,207,505,75
TXO,202610W1,20261007.0,50000.0,Call,50,52,0.1,0.3,-,▼-100.7,▼-99.70%,11205,20767,31972,6574,0.1,0.3,253,0.1
TXO,202610W1,20261007.0,50000.0,Put,238,366,115,256,-,▼-70,▼-21.47%,3128,6462,9590,623,255,257,2040,115
TXO,202610W1,20261007.0,50050.0,Call,31.5,33.5,0.2,0.2,-,▼-86.8,▼-99.77%,2371,5865,8236,1115,0.1,0.3,158,0.2
TXO,202610W1,20261007.0,50050.0,Put,295,402,159,305,-,▼-57,▼-15.75%,477,888,1365,103,305,307,570,159
TXO,202610W1,20261007.0,50100.0,Call,26,26,0.1,0.2,-,▼-74.8,▼-99.73%,4661,6989,11650,1946,-,0.3,214,0.1
TXO,202610W1,20261007.0,50100.0,Put,337,450,206,355,-,▼-45,▼-11.25%,1094,1328,2422,120,355,356,1220,206
TXO,202610W1,20261007.0,50150.0,Call,26,26,0.2,0.2,-,▼-63.8,▼-99.69%,2105,4443,6548,822,-,0.4,128,0.2
TXO,202610W1,20261007.0,50150.0,Put,388,497,258,405,-,▼-33,▼-7.53%,363,432,795,34,405,409,635,258
TXO,202610W1,20261007.0,50200.0,Call,20,20,0.1,0.3,-,▼-55.7,▼-99.46%,4770,5025,9795,2248,-,0.3,178,0.1
TXO,202610W1,20261007.0,50200.0,Put,431,550,301,458,-,▼-20,▼-4.18%,441,639,1080,122,455,459,975,301
TXO,202610W1,20261007.0,50250.0,Call,9.6,10.5,0.1,0.2,-,▼-47.8,▼-99.58%,1839,1518,3357,724,-,1.9,102,0.1
TXO,202610W1,20261007.0,50250.0,Put,480,590,380,505,-,▼-15,▼-2.88%,117,134,251,34,505,510,680,369
TXO,202610W1,20261007.0,50300.0,Call,8,10.5,0.1,0.2,-,▼-40.3,▼-99.51%,3157,2814,5971,2099,-,0.1,150,0.1
TXO,202610W1,20261007.0,50300.0,Put,570,650,400,560,-,0,0%,207,107,314,41,555,560,1930,400
TXO,202610W1,20261007.0,50350.0,Call,5,9.1,0.1,0.2,-,▼-34.3,▼-99.42%,1609,918,2527,582,-,0.9,81,0.1
TXO,202610W1,20261007.0,50350.0,Put,630,670,491,605,-,0,0%,21,34,55,15,605,610,795,459
TXO,202610W1,20261007.0,50400.0,Call,5.8,9,0.1,0.1,-,▼-29.4,▼-99.66%,2234,1890,4124,1358,-,0.1,122,0.1
TXO,202610W1,20261007.0,50400.0,Put,585,730,505,655,-,▲+5,▲+0.77%,48,153,201,37,655,660,2030,498
TXO,202610W1,20261007.0,50450.0,Call,1.2,3.1,0.1,0.1,-,▼-25.4,▼-99.61%,913,646,1559,243,-,0.5,65,0.1
TXO,202610W1,20261007.0,50450.0,Put,675,740,575,705,-,▲+10,▲+1.44%,6,7,13,2,705,710,790,575
TXO,202610W1,20261007.0,50500.0,Call,3,3,0.1,0.1,-,▼-21.4,▼-99.53%,2643,1133,3776,2062,-,0.5,117,0.1
TXO,202610W1,20261007.0,50500.0,Put,700,800,670,755,-,▲+10,▲+1.34%,76,42,118,30,750,760,1190,580
TXO,202610W1,20261007.0,50550.0,Call,2.9,2.9,0.1,0.1,-,▼-18.9,▼-99.47%,585,269,854,244,-,1.1,53,0.1
TXO,202610W1,20261007.0,50550.0,Put,845,845,785,785,-,▼-5,▼-0.63%,1,13,14,3,800,810,995,685
TXO,202610W1,20261007.0,50600.0,Call,2,2,0.1,0.2,-,▼-15.3,▼-98.71%,942,1007,1949,1079,-,0.6,83,0.1
TXO,202610W1,20261007.0,50600.0,Put,815,895,760,855,-,▲+20,▲+2.40%,168,25,193,24,850,860,1280,690
TXO,202610W1,20261007.0,50650.0,Call,1,1.5,0.1,0.1,-,▼-13.4,▼-99.26%,414,751,1165,418,-,9.9,39,0.1
TXO,202610W1,20261007.0,50650.0,Put,890,960,775,780,-,▼-105,▼-11.86%,34,5,39,10,900,910,960,710
TXO,202610W1,20261007.0,50700.0,Call,2.5,2.5,0.1,0.1,-,▼-11.9,▼-99.17%,856,1607,2463,2754,-,0.2,88,0.1
TXO,202610W1,20261007.0,50700.0,Put,910,1010,910,955,-,▲+20,▲+2.14%,8,20,28,14,950,960,1410,800
TXO,202610W1,20261007.0,50750.0,Call,1,1,0.3,0.4,-,▼-10.1,▼-96.19%,122,184,306,98,-,0.4,31.5,0.3
TXO,202610W1,20261007.0,50750.0,Put,965,965,965,965,-,▼-15,▼-1.53%,4,1,5,1,1000,1010,1160,805
TXO,202610W1,20261007.0,50800.0,Call,1.9,1.9,0.1,0.1,-,▼-8.8,▼-98.88%,353,317,670,600,-,0.3,55,0.1
TXO,202610W1,20261007.0,50800.0,Put,1050,1050,1050,1050,-,▲+30,▲+2.94%,4,1,5,10,1050,1060,1400,875
TXO,202610W1,20261007.0,50850.0,Call,0.8,0.8,0.2,0.2,-,▼-7.8,▼-97.50%,40,142,182,86,-,2,22.5,0.2
TXO,202610W1,20261007.0,50850.0,Put,-,-,-,-,-,-,-,0,0,0,0,1100,1110,-,-
TXO,202610W1,20261007.0,50900.0,Call,0.3,0.8,0.1,0.1,-,▼-6.7,▼-98.53%,228,285,513,400,-,0.5,61,0.1
TXO,202610W1,20261007.0,50900.0,Put,-,-,-,-,-,-,-,3,0,3,3,1150,1160,1350,985
TXO,202610W1,20261007.0,50950.0,Call,0.6,0.7,0.1,0.3,-,▼-5.6,▼-94.92%,46,54,100,49,-,31.5,18,0.1
TXO,202610W1,20261007.0,50950.0,Put,-,-,-,-,-,-,-,1,0,1,1,8.5,1210,1150,1150
TXO,202610W1,20261007.0,51000.0,Call,0.6,0.7,0.1,0.1,-,▼-5.1,▼-98.08%,335,373,708,1457,-,0.2,58,0.1
TXO,202610W1,20261007.0,51000.0,Put,1220,1220,1220,1220,-,0,0%,9,1,10,5,1250,1260,1730,1140
TXO,202610W1,20261007.0,51050.0,Call,2,2,0.2,0.2,-,▼-4.4,▼-95.65%,33,26,59,15,-,0.5,14,0.2
TXO,202610W1,20261007.0,51050.0,Put,-,-,-,-,-,-,-,1,0,1,1,8.8,1310,1250,1250
TXO,202610W1,20261007.0,51100.0,Call,0.3,0.5,0.1,0.4,-,▼-3.7,▼-90.24%,59,106,165,543,-,0.4,58,0.1
TXO,202610W1,20261007.0,51100.0,Put,-,-,-,-,-,-,-,1,0,1,3,5.8,1360,1570,1300
TXO,202610W1,20261007.0,51150.0,Call,0.3,0.3,0.2,0.2,-,▼-3.3,▼-94.29%,13,64,77,58,-,1,10.5,0.2
TXO,202610W1,20261007.0,51150.0,Put,-,-,-,-,-,-,-,1,0,1,1,5.3,1410,1350,1350
TXO,202610W1,20261007.0,51200.0,Call,0.3,21.5,0.1,19,-,▲+15.5,▲+442.86%,164,135,299,581,-,3,55,0.1
TXO,202610W1,20261007.0,51200.0,Put,1490,1490,1490,1490,-,▲+70,▲+4.93%,8,1,9,8,1450,1460,1670,1250
TXO,202610W1,20261007.0,51250.0,Call,0.3,0.3,0.1,0.2,-,▼-3,▼-93.75%,0,238,238,18,-,-,0.3,0.1
TXO,202610W1,20261007.0,51250.0,Put,-,-,-,-,-,-,-,0,0,0,0,3.3,-,-,-
TXO,202610W1,20261007.0,51300.0,Call,0.4,0.4,0.1,0.1,-,▼-2.5,▼-96.15%,60,98,158,421,-,0.4,36,0.1
TXO,202610W1,20261007.0,51300.0,Put,-,-,-,-,-,-,-,0,0,0,1,3.3,-,1720,1530
TXO,202610W1,20261007.0,51400.0,Call,0.2,4.9,0.1,4.9,-,▲+2.9,▲+145.00%,32,147,179,215,-,5,20,0.1
TXO,202610W1,20261007.0,51400.0,Put,-,-,-,-,-,-,-,0,0,0,1,-,-,1760,1740
TXO,202610W1,20261007.0,51500.0,Call,0.2,0.2,0.1,0.2,-,▼-1.6,▼-88.89%,149,106,255,2065,-,3,30.5,0.1
TXO,202610W1,20261007.0,51500.0,Put,1780,1780,1780,1780,-,▲+70,▲+4.09%,0,4,4,1,1750,1770,2100,1780
TXO,202610W1,20261007.0,51600.0,Call,0.2,0.2,0.1,0.1,-,▼-1.4,▼-93.33%,51,10,61,406,-,3.4,35.5,0.1
TXO,202610W1,20261007.0,51600.0,Put,1910,1910,1910,1910,-,▲+100,▲+5.52%,0,1,1,1,-,-,2890,1770
TXO,202610W1,20261007.0,51700.0,Call,0.1,0.1,0.1,0.1,-,▼-1,▼-90.91%,17,5,22,489,-,14.5,25,0.1
TXO,202610W1,20261007.0,51700.0,Put,-,-,-,-,-,-,-,0,0,0,1,-,2080,1890,1890
TXO,202610W1,20261007.0,51800.0,Call,0.2,0.2,0.1,0.1,-,▼-0.8,▼-88.89%,39,22,61,438,-,0.1,24.5,0.1
TXO,202610W1,20261007.0,51800.0,Put,-,-,-,-,-,-,-,0,0,0,0,-,-,2200,2200
TXO,202610W1,20261007.0,51900.0,Call,0.1,0.1,0.1,0.1,-,▼-0.6,▼-85.71%,12,14,26,40,-,0.5,21,0.1
TXO,202610W1,20261007.0,51900.0,Put,-,-,-,-,-,-,-,0,0,0,0,-,-,-,-
TXO,202610W1,20261007.0,52000.0,Call,0.1,10,0.1,10,-,▲+9.4,"▲+1,566.67%",57,29,86,2847,-,4,13.5,0.1
TXO,202610W1,20261007.0,52000.0,Put,-,-,-,-,-,-,-,0,0,0,0,-,-,-,-
TXO,202610W1,20261007.0,52100.0,Call,0.1,0.2,0.1,0.1,-,▼-0.4,▼-80.00%,14,27,41,30,-,5.7,69,0.1
TXO,202610W1,20261007.0,52100.0,Put,-,-,-,-,-,-,-,0,0,0,0,-,-,-,-
TXO,202610W1,20261007.0,52200.0,Call,0.1,0.1,0.1,0.1,-,▼-0.3,▼-75.00%,2,7,9,48,-,0.5,17.5,0.1
TXO,202610W1,20261007.0,52200.0,Put,-,-,-,-,-,-,-,0,0,0,0,-,-,-,-
TXO,202610W1,20261007.0,52300.0,Call,0.1,0.2,0.1,0.1,-,▼-0.2,▼-66.67%,5,26,31,32,-,9.7,4.2,0.1
TXO,202610W1,20261007.0,52300.0,Put,-,-,-,-,-,-,-,0,0,0,0,-,-,-,-
TXO,202610W1,20261007.0,52400.0,Call,0.1,0.1,0.1,0.1,-,▼-0.1,▼-50.00%,0,2,2,19,-,-,3.4,0.1
TXO,202610W1,20261007.0,52400.0,Put,-,-,-,-,-,-,-,0,0,0,0,-,-,-,-
TXO,202610W1,20261007.0,52500.0,Call,0.1,0.2,0.1,0.2,-,▲+0.1,-,2,11,13,2871,-,1.1,3,0.1
TXO,202610W1,20261007.0,52500.0,Put,-,-,-,-,-,-,-,0,0,0,0,-,-,-,-
TXO,202610W1,20261007.0,52600.0,Call,-,-,-,-,-,-,-,0,0,0,34,-,39,12,0.3
TXO,202610W1,20261007.0,52600.0,Put,-,-,-,-,-,-,-,0,0,0,0,-,-,-,-
TXO,202610W1,20261007.0,52700.0,Call,-,-,-,-,-,-,-,0,0,0,69,-,-,2,0.3
TXO,202610W1,20261007.0,52700.0,Put,-,-,-,-,-,-,-,0,0,0,0,2.1,-,-,-
TXO,202610W1,20261007.0,52800.0,Call,-,-,-,-,-,-,-,0,0,0,9,-,39,3,0.6
TXO,202610W1,20261007.0,52800.0,Put,-,-,-,-,-,-,-,0,0,0,0,2.2,-,-,-
TXO,202610W1,20261007.0,52900.0,Call,-,-,-,-,-,-,-,0,0,0,3,-,-,2.1,0.9
TXO,202610W1,20261007.0,52900.0,Put,-,-,-,-,-,-,-,0,0,0,0,-,-,-,-
TXO,202610W1,20261007.0,53000.0,Call,-,-,-,-,-,-,-,0,0,0,644,-,2,6.5,0.2
TXO,202610W1,20261007.0,53000.0,Put,-,-,-,-,-,-,-,0,0,0,0,-,-,-,-
TXO,202610W1,20261007.0,53100.0,Call,-,-,-,-,-,-,-,0,0,0,1,-,-,0.7,0.7
TXO,202610W1,20261007.0,53100.0,Put,-,-,-,-,-,-,-,0,0,0,0,-,-,-,-
TXO,202610W1,20261007.0,53200.0,Call,0.1,0.1,0.1,0.1,-,0,-,0,1,1,17,-,39,1.3,0.1
TXO,202610W1,20261007.0,53200.0,Put,-,-,-,-,-,-,-,0,0,0,0,-,-,-,-
TXO,202610W1,20261007.0,53300.0,Call,-,-,-,-,-,-,-,0,0,0,1,-,96,0.8,0.1
TXO,202610W1,20261007.0,53300.0,Put,-,-,-,-,-,-,-,0,0,0,0,-,-,-,-
TXO,202610W1,20261007.0,53400.0,Call,-,-,-,-,-,-,-,0,0,0,0,-,-,-,-
TXO,202610W1,20261007.0,53400.0,Put,-,-,-,-,-,-,-,0,0,0,0,-,-,-,-
TXO,202610W1,20261007.0,53500.0,Call,-,-,-,-,-,-,-,0,0,0,0,-,-,-,-
TXO,202610W1,20261007.0,53500.0,Put,-,-,-,-,-,-,-,0,0,0,0,-,-,-,-
TXO,202610W1,20261007.0,53600.0,Call,-,-,-,-,-,-,-,0,0,0,0,-,-,-,-
TXO,202610W1,20261007.0,53600.0,Put,-,-,-,-,-,-,-,0,0,0,0,-,-,-,-
TXO,202610W1,20261007.0,53700.0,Call,-,-,-,-,-,-,-,0,0,0,0,-,-,-,-
TXO,202610W1,20261007.0,53700.0,Put,-,-,-,-,-,-,-,0,0,0,0,-,-,-,-
TXO,202610W1,20261007.0,53800.0,Call,-,-,-,-,-,-,-,0,0,0,0,-,-,-,-
TXO,202610W1,20261007.0,53800.0,Put,-,-,-,-,-,-,-,0,0,0,0,-,-,-,-
TXO,202610W1,20261007.0,53900.0,Call,-,-,-,-,-,-,-,0,0,0,0,-,-,-,-
TXO,202610W1,20261007.0,53900.0,Put,-,-,-,-,-,-,-,0,0,0,0,-,-,-,-
TXO,202610W1,20261007.0,54000.0,Call,-,-,-,-,-,-,-,0,0,0,0,-,-,-,-
TXO,202610W1,20261007.0,54000.0,Put,-,-,-,-,-,-,-,0,0,0,0,-,-,-,-
TXO,202610W1,20261007.0,54100.0,Call,-,-,-,-,-,-,-,0,0,0,0,-,-,-,-
TXO,202610W1,20261007.0,54100.0,Put,-,-,-,-,-,-,-,0,0,0,0,-,-,-,-
TXO,202610W1,20261007.0,54200.0,Call,-,-,-,-,-,-,-,0,0,0,0,-,-,-,-
TXO,202610W1,20261007.0,54200.0,Put,-,-,-,-,-,-,-,0,0,0,0,-,-,-,-
TXO,202610W1,20261007.0,54300.0,Call,-,-,-,-,-,-,-,0,0,0,0,-,-,-,-
TXO,202610W1,20261007.0,54300.0,Put,-,-,-,-,-,-,-,0,0,0,0,-,-,-,-
TXO,202610W1,20261007.0,54400.0,Call,-,-,-,-,-,-,-,0,0,0,0,-,-,-,-
TXO,202610W1,20261007.0,54400.0,Put,-,-,-,-,-,-,-,0,0,0,0,-,-,-,-
TXO,202610W1,20261007.0,54500.0,Call,-,-,-,-,-,-,-,0,0,0,0,-,-,-,-
TXO,202610W1,20261007.0,54500.0,Put,-,-,-,-,-,-,-,0,0,0,0,-,-,-,-
TXO,202610W1,20261007.0,54600.0,Call,-,-,-,-,-,-,-,0,0,0,0,-,-,-,-
TXO,202610W1,20261007.0,54600.0,Put,-,-,-,-,-,-,-,0,0,0,0,-,-,-,-
TXO,202610W1,20261007.0,54700.0,Call,-,-,-,-,-,-,-,0,0,0,0,-,-,-,-
TXO,202610W1,20261007.0,54700.0,Put,-,-,-,-,-,-,-,0,0,0,0,-,-,-,-
TXO,202610W1,20261007.0,54800.0,Call,-,-,-,-,-,-,-,0,0,0,0,-,-,-,-
TXO,202610W1,20261007.0,54800.0,Put,-,-,-,-,-,-,-,0,0,0,0,-,-,-,-
TXO,202610W1,20261007.0,54900.0,Call,0.1,0.1,0.1,0.1,-,0,-,0,5,5,5,-,4500,0.1,0.1
TXO,202610W1,20261007.0,54900.0,Put,-,-,-,-,-,-,-,0,0,0,0,-,-,-,-
TXO,202610F2,20261012.0,42800.0,Call,-,-,-,-,6910,-,-,0,0,0,0,-,6940,-,-
TXO,202610F2,20261012.0,42800.0,Put,0.7,0.7,0.3,0.3,0.3,▼-0.4,▼-57.14%,6,35,41,59,0.1,0.3,17,0.3
TXO,202610F2,20261012.0,42900.0,Call,-,-,-,-,6810,-,-,0,0,0,0,-,6840,-,-
TXO,202610F2,20261012.0,42900.0,Put,0.7,0.7,0.7,0.7,0.3,▼-0.1,▼-12.50%,0,5,5,20,0.2,0.3,16.5,0.7
TXO,202610F2,20261012.0,43000.0,Call,-,-,-,-,6710,-,-,0,0,0,0,-,6740,-,-
TXO,202610F2,20261012.0,43000.0,Put,0.8,0.8,0.5,0.5,0.3,▼-0.3,▼-37.50%,0,10,10,15,0.2,0.4,11.5,0.5
TXO,202610F2,20261012.0,43100.0,Call,-,-,-,-,6610,-,-,0,0,0,0,-,6640,-,-
TXO,202610F2,20261012.0,43100.0,Put,0.8,0.8,0.8,0.8,0.3,▼-0.1,▼-11.11%,1,5,6,11,0.2,0.4,12.5,0.8
TXO,202610F2,20261012.0,43200.0,Call,-,-,-,-,6510,-,-,0,0,0,0,-,6540,-,-
TXO,202610F2,20261012.0,43200.0,Put,0.9,1,0.8,0.8,0.3,▼-0.1,▼-11.11%,0,12,12,28,0.2,0.4,35,0.8
TXO,202610F2,20261012.0,43300.0,Call,-,-,-,-,6410,-,-,0,0,0,0,-,6440,-,-
TXO,202610F2,20261012.0,43300.0,Put,0.9,1,0.5,0.5,0.3,▼-0.5,▼-50.00%,0,25,25,30,0.2,0.4,26.5,0.5
TXO,202610F2,20261012.0,43400.0,Call,-,-,-,-,6310,-,-,0,0,0,0,-,6340,-,-
TXO,202610F2,20261012.0,43400.0,Put,0.9,0.9,0.9,0.9,0.3,▼-0.1,▼-10.00%,1,5,6,6,0.2,0.4,14,0.9
TXO,202610F2,20261012.0,43500.0,Call,-,-,-,-,6210,-,-,0,0,0,0,-,6240,-,-
TXO,202610F2,20261012.0,43500.0,Put,1,1,0.8,0.8,0.4,▼-0.3,▼-27.27%,0,6,6,10,0.3,0.4,42,0.8
TXO,202610F2,20261012.0,43600.0,Call,-,-,-,-,6110,-,-,0,0,0,0,-,6140,-,-
TXO,202610F2,20261012.0,43600.0,Put,1,1,0.5,0.5,0.4,▼-0.6,▼-54.55%,0,10,10,15,0.3,0.5,34,0.5
TXO,202610F2,20261012.0,43700.0,Call,-,-,-,-,6010,-,-,0,0,0,0,-,6040,-,-
TXO,202610F2,20261012.0,43700.0,Put,1.1,1.1,1.1,1.1,0.4,▼-0.1,▼-8.33%,0,5,5,5,0.3,0.5,21,1.1
TXO,202610F2,20261012.0,43800.0,Call,-,-,-,-,5910,-,-,0,0,0,0,-,5940,-,-
TXO,202610F2,20261012.0,43800.0,Put,1.1,1.1,1.1,1.1,0.4,▼-0.2,▼-15.38%,0,5,5,7,0.3,0.5,37.5,1.1
TXO,202610F2,20261012.0,43900.0,Call,-,-,-,-,5810,-,-,0,0,0,0,5800,5840,-,-
TXO,202610F2,20261012.0,43900.0,Put,1.2,1.2,0.5,0.5,0.5,▼-0.8,▼-61.54%,0,10,10,12,0.4,0.5,42,0.5
TXO,202610F2,20261012.0,44000.0,Call,-,-,-,-,5710,-,-,0,0,0,0,5700,5740,-,-
TXO,202610F2,20261012.0,44000.0,Put,1.3,1.3,1.3,1.3,0.5,▼-0.1,▼-7.14%,0,5,5,77,0.4,0.6,47.5,1.3
TXO,202610F2,20261012.0,44100.0,Call,-,-,-,-,5610,-,-,0,0,0,0,5600,5640,-,-
TXO,202610F2,20261012.0,44100.0,Put,1.3,1.3,1.3,1.3,0.5,▼-0.3,▼-18.75%,0,5,5,8,0.4,0.6,50,1.3
TXO,202610F2,20261012.0,44200.0,Call,-,-,-,-,5510,-,-,0,0,0,0,5500,5540,-,-
TXO,202610F2,20261012.0,44200.0,Put,1.4,1.4,1.4,1.4,0.5,▼-0.2,▼-12.50%,0,5,5,33,0.4,0.6,28.5,1.4
TXO,202610F2,20261012.0,44300.0,Call,-,-,-,-,5410,-,-,0,0,0,0,5400,5440,-,-
TXO,202610F2,20261012.0,44300.0,Put,1.5,1.5,1.5,1.5,0.6,▼-0.2,▼-11.76%,1,5,6,167,0.6,0.7,65,1.1
TXO,202610F2,20261012.0,44400.0,Call,-,-,-,-,5310,-,-,0,0,0,0,-,-,-,-
TXO,202610F2,20261012.0,44400.0,Put,1.5,1.7,1.2,1.3,0.6,▼-0.5,▼-27.78%,1,102,103,411,0.5,0.7,59,1.2
TXO,202610F2,20261012.0,44500.0,Call,-,-,-,-,5210,-,-,0,0,0,0,-,-,-,-
TXO,202610F2,20261012.0,44500.0,Put,1.6,1.8,1.6,1.8,0.7,▼-0.1,▼-5.26%,0,6,6,60,0.6,0.8,73,1.6
TXO,202610F2,20261012.0,44600.0,Call,-,-,-,-,5110,-,-,0,0,0,0,-,-,-,-
TXO,202610F2,20261012.0,44600.0,Put,1.7,1.7,1.7,1.7,0.7,▼-0.3,▼-15.00%,0,5,5,16,0.6,0.8,77,1.7
TXO,202610F2,20261012.0,44700.0,Call,-,-,-,-,5010,-,-,0,0,0,0,-,-,-,-
TXO,202610F2,20261012.0,44700.0,Put,1.8,1.8,1.8,1.8,0.8,▼-0.3,▼-14.29%,0,10,10,24,0.7,0.9,89,1.8
TXO,202610F2,20261012.0,44800.0,Call,-,-,-,-,4910,-,-,0,0,0,0,-,-,-,-
TXO,202610F2,20261012.0,44800.0,Put,1.9,1.9,1.6,1.6,0.8,▼-0.7,▼-30.43%,0,6,6,15,0.7,0.9,92,1.6
TXO,202610F2,20261012.0,44900.0,Call,-,-,-,-,4810,-,-,0,0,0,0,0.2,-,-,-
TXO,202610F2,20261012.0,44900.0,Put,2.1,2.1,2.1,2.1,0.9,▼-0.2,▼-8.70%,0,5,5,11,0.8,1,89,2.1
TXO,202610F2,20261012.0,45000.0,Call,-,-,-,-,4710,-,-,0,0,0,0,0.2,-,-,-
TXO,202610F2,20261012.0,45000.0,Put,2.2,2.2,1,1.1,1.1,▼-1.5,▼-57.69%,0,18,18,26,0.9,1.1,115,1
TXO,202610F2,20261012.0,45100.0,Call,-,-,-,-,4610,-,-,0,0,0,0,0.2,-,-,-
TXO,202610F2,20261012.0,45100.0,Put,2.3,2.3,2.3,2.3,1.1,▼-0.3,▼-11.54%,0,5,5,9,1,1.2,109,2.3
TXO,202610F2,20261012.0,45200.0,Call,-,-,-,-,4510,-,-,0,0,0,0,0.2,-,-,-
TXO,202610F2,20261012.0,45200.0,Put,2.4,2.4,2.4,2.4,1.2,▼-0.4,▼-14.29%,0,5,5,28,1.1,1.3,115,2.4
TXO,202610F2,20261012.0,45300.0,Call,-,-,-,-,4410,-,-,0,0,0,0,4390,-,-,-
TXO,202610F2,20261012.0,45300.0,Put,2.6,2.6,2.6,2.6,1.3,▼-0.5,▼-16.13%,0,5,5,8,1.1,1.4,128,2.6
TXO,202610F2,20261012.0,45400.0,Call,-,-,-,-,4310,-,-,0,0,0,0,4300,4340,-,-
TXO,202610F2,20261012.0,45400.0,Put,2.7,2.7,2.7,2.7,1.3,▼-0.6,▼-18.18%,3,5,8,10,1.2,1.5,126,1.1
TXO,202610F2,20261012.0,45500.0,Call,-,-,-,-,4210,-,-,0,0,0,0,4200,4240,-,-
TXO,202610F2,20261012.0,45500.0,Put,3,3,1.6,1.6,1.3,▼-2,▼-55.56%,0,10,10,58,1,1.6,154,1.6
TXO,202610F2,20261012.0,45600.0,Call,-,-,-,-,4110,-,-,0,0,0,0,4100,4140,-,-
TXO,202610F2,20261012.0,45600.0,Put,3.1,3.1,1.3,1.3,1.3,▼-2.4,▼-64.86%,0,17,17,19,1.1,1.7,145,1.3
TXO,202610F2,20261012.0,45700.0,Call,-,-,-,-,4020,-,-,0,0,0,0,3990,-,-,-
TXO,202610F2,20261012.0,45700.0,Put,3.2,3.2,3.1,3.1,1.7,▼-0.9,▼-22.50%,0,6,6,13,1.6,1.8,53,3.1
TXO,202610F2,20261012.0,45800.0,Call,-,-,-,-,3920,-,-,0,0,0,0,3890,-,-,-
TXO,202610F2,20261012.0,45800.0,Put,3.4,3.4,3,3,1.8,▼-1.3,▼-30.23%,1,6,7,18,1.7,1.9,80,2.4
TXO,202610F2,20261012.0,45900.0,Call,-,-,-,-,3820,-,-,0,0,0,0,3790,-,-,-
TXO,202610F2,20261012.0,45900.0,Put,3.6,3.6,3.6,3.6,1.9,▼-0.9,▼-20.00%,0,5,5,7,1.8,2,128,3.6
TXO,202610F2,20261012.0,46000.0,Call,-,-,-,-,3720,-,-,0,0,0,0,3700,-,-,-
TXO,202610F2,20261012.0,46000.0,Put,3.9,3.9,1.8,2.1,2,▼-2.7,▼-56.25%,15,14,29,27,1.9,2.2,204,1.8
TXO,202610F2,20261012.0,46100.0,Call,-,-,-,-,3620,-,-,0,0,0,0,3610,3640,-,-
TXO,202610F2,20261012.0,46100.0,Put,28,28,2.7,2.7,2,▼-2.5,▼-48.08%,0,18,18,21,1.7,2.3,205,2.7
TXO,202610F2,20261012.0,46200.0,Call,-,-,-,-,3520,-,-,0,0,0,0,3510,3540,-,-
TXO,202610F2,20261012.0,46200.0,Put,4.1,4.5,2.2,2.2,2.2,▼-3.4,▼-60.71%,0,44,44,28,2.2,2.4,251,2.2
TXO,202610F2,20261012.0,46250.0,Call,-,-,-,-,3470,-,-,0,0,0,0,3460,3490,-,-
TXO,202610F2,20261012.0,46250.0,Put,4.6,4.6,4,4,2.2,▼-1.8,▼-31.03%,0,11,11,9,1.9,2.5,124,4
TXO,202610F2,20261012.0,46300.0,Call,-,-,-,-,3420,-,-,0,0,0,0,3390,-,-,-
TXO,202610F2,20261012.0,46300.0,Put,4.9,4.9,3.9,4.2,2.4,▼-1.8,▼-30.00%,0,50,50,40,2.3,2.5,206,3.9
TXO,202610F2,20261012.0,46350.0,Call,-,-,-,-,3370,-,-,0,0,0,0,3340,-,-,-
TXO,202610F2,20261012.0,46350.0,Put,4.9,4.9,4.4,4.4,2.5,▼-1.8,▼-29.03%,0,10,10,6,2.4,2.6,64,4.4
TXO,202610F2,20261012.0,46400.0,Call,-,-,-,-,3320,-,-,0,0,0,0,3310,3340,-,-
TXO,202610F2,20261012.0,46400.0,Put,5,5,4.5,4.7,2.5,▼-1.7,▼-26.56%,19,12,31,30,2.2,2.7,286,4.1
TXO,202610F2,20261012.0,46450.0,Call,-,-,-,-,3270,-,-,0,0,0,0,3260,3290,-,-
TXO,202610F2,20261012.0,46450.0,Put,5,5,2.7,2.7,2.6,▼-4,▼-59.70%,8,8,16,15,2.5,2.8,32.5,2.7
TXO,202610F2,20261012.0,46500.0,Call,-,-,-,-,3220,-,-,0,0,0,126,3210,3310,2070,2000
TXO,202610F2,20261012.0,46500.0,Put,5.7,5.7,4.5,4.5,2.6,▼-2.6,▼-36.62%,12,31,43,72,2.4,2.8,252,4.5
TXO,202610F2,20261012.0,46550.0,Call,-,-,-,-,3170,-,-,0,0,0,0,3160,3190,-,-
TXO,202610F2,20261012.0,46550.0,Put,5.2,5.2,4.9,4.9,2.7,▼-2.5,▼-33.78%,0,30,30,28,2.7,2.9,121,4.9
TXO,202610F2,20261012.0,46600.0,Call,-,-,-,-,3120,-,-,0,0,0,0,3090,-,-,-
TXO,202610F2,20261012.0,46600.0,Put,5.9,6.4,4.9,5,2.8,▼-2.6,▼-34.21%,0,35,35,41,2.5,3,340,4.9
TXO,202610F2,20261012.0,46650.0,Call,-,-,-,-,3070,-,-,0,0,0,0,3040,-,-,-
TXO,202610F2,20261012.0,46650.0,Put,6,6,2.9,2.9,2.9,▼-5,▼-63.29%,8,10,18,40,2.6,3.1,23,2.9
TXO,202610F2,20261012.0,46700.0,Call,-,-,-,-,3020,-,-,0,0,0,198,2990,3090,1840,1350
TXO,202610F2,20261012.0,46700.0,Put,6.6,6.6,3,3,3,▼-5.3,▼-63.86%,4,34,38,187,2.1,3.3,383,3
TXO,202610F2,20261012.0,46750.0,Call,-,-,-,-,2970,-,-,0,0,0,6,2960,2990,1330,1240
TXO,202610F2,20261012.0,46750.0,Put,6.3,6.4,5,5,3.2,▼-3.6,▼-41.86%,0,8,8,25,2.8,3.4,422,5
TXO,202610F2,20261012.0,46800.0,Call,-,-,-,-,2920,-,-,0,0,0,0,2890,-,-,-
TXO,202610F2,20261012.0,46800.0,Put,7.1,7.2,5.4,5.4,3.5,▼-3.6,▼-40.00%,1,51,52,36,3.3,3.5,302,5.4
TXO,202610F2,20261012.0,46850.0,Call,-,-,-,-,2870,-,-,0,0,0,3,2860,2890,1260,1260
TXO,202610F2,20261012.0,46850.0,Put,7,7,3.3,3.6,3.6,▼-6,▼-62.50%,0,13,13,24,3.4,3.6,412,3.3
TXO,202610F2,20261012.0,46900.0,Call,-,-,-,-,2820,-,-,0,0,0,3,2810,2840,1120,1120
TXO,202610F2,20261012.0,46900.0,Put,7.1,7.3,4.1,4.1,3.8,▼-5.5,▼-57.29%,0,19,19,36,3.5,4,475,4.1
TXO,202610F2,20261012.0,46950.0,Call,-,-,-,-,2770,-,-,0,0,0,2,2760,2790,1850,1150
TXO,202610F2,20261012.0,46950.0,Put,5.6,5.6,3.6,3.6,3.9,▼-6.4,▼-64.00%,0,6,6,5,3.6,4,448,3.6
TXO,202610F2,20261012.0,47000.0,Call,-,-,-,-,2720,-,-,0,0,0,3,2710,2740,1150,1150
TXO,202610F2,20261012.0,47000.0,Put,7.2,8.3,3.7,4,4,▼-6,▼-60.00%,9,45,54,235,3.8,4.2,473,3.7
TXO,202610F2,20261012.0,47050.0,Call,-,-,-,-,2670,-,-,0,0,0,3,2660,2690,1080,1080
TXO,202610F2,20261012.0,47050.0,Put,6,6,4.2,4.2,4.2,▼-6.8,▼-61.82%,0,6,6,7,4,4.5,486,4.2
TXO,202610F2,20261012.0,47100.0,Call,-,-,-,-,2620,-,-,0,0,0,3,2610,2640,1070,975
TXO,202610F2,20261012.0,47100.0,Put,8,8.8,4.1,4.1,4.4,▼-7.4,▼-64.35%,8,24,32,28,4.1,4.6,550,4.1
TXO,202610F2,20261012.0,47150.0,Call,-,-,-,-,2570,-,-,0,0,0,2,2540,2670,1040,1030
TXO,202610F2,20261012.0,47150.0,Put,6.1,6.1,4,4,4.5,▼-8,▼-66.67%,0,6,6,9,4.2,4.7,510,4
TXO,202610F2,20261012.0,47200.0,Call,-,-,-,-,2520,-,-,0,0,0,0,2510,2540,1520,1520
TXO,202610F2,20261012.0,47200.0,Put,8.6,9.7,6.4,6.4,4.9,▼-6.1,▼-48.80%,6,44,50,29,4.6,5.1,253,6.4
TXO,202610F2,20261012.0,47250.0,Call,-,-,-,-,2470,-,-,0,0,0,3,2460,2490,955,955
TXO,202610F2,20261012.0,47250.0,Put,9.4,9.9,5.1,5.1,5.1,▼-7.9,▼-60.77%,12,10,22,15,4.7,5.2,560,5.1
TXO,202610F2,20261012.0,47300.0,Call,-,-,-,-,2420,-,-,0,0,0,1,2410,2440,945,870
TXO,202610F2,20261012.0,47300.0,Put,10,10.5,5.4,5.4,5.4,▼-8.1,▼-60.00%,10,54,64,56,5.1,5.7,625,5.4
TXO,202610F2,20261012.0,47350.0,Call,-,-,-,-,2370,-,-,0,0,0,0,2360,2390,915,905
TXO,202610F2,20261012.0,47350.0,Put,10,10.5,6.6,6.6,5.6,▼-7.4,▼-52.86%,1,38,39,34,5.2,5.8,585,6.6
TXO,202610F2,20261012.0,47400.0,Call,-,-,-,-,2320,-,-,0,0,0,2,2310,2340,1130,815
TXO,202610F2,20261012.0,47400.0,Put,11,11.5,6,6,6,▼-9,▼-60.00%,0,141,141,86,5.7,6.3,670,6
TXO,202610F2,20261012.0,47450.0,Call,-,-,-,-,2270,-,-,0,0,0,0,2260,2290,-,-
TXO,202610F2,20261012.0,47450.0,Put,11.5,11.5,5.7,5.7,6.6,▼-9.8,▼-63.23%,4,29,33,21,6.1,6.8,520,5.7
TXO,202610F2,20261012.0,47500.0,Call,-,-,-,-,2220,-,-,0,0,0,3,2210,2240,1180,760
TXO,202610F2,20261012.0,47500.0,Put,13.5,13.5,6,7,7,▼-9,▼-56.25%,14,226,240,171,6.4,7.1,715,6
TXO,202610F2,20261012.0,47550.0,Call,-,-,-,-,2170,-,-,0,0,0,3,2160,2190,780,780
TXO,202610F2,20261012.0,47550.0,Put,12.5,13,7.5,7.5,7.5,▼-8.5,▼-53.13%,0,14,14,18,7,7.7,685,7.5
TXO,202610F2,20261012.0,47600.0,Call,-,-,-,-,2120,-,-,0,0,0,3,2070,2380,1440,785
TXO,202610F2,20261012.0,47600.0,Put,13.5,14,7.1,8,8,▼-11,▼-57.89%,19,63,82,98,7.5,8.2,665,7.1
TXO,202610F2,20261012.0,47650.0,Call,-,-,-,-,2070,-,-,0,0,0,4,2020,2090,1020,755
TXO,202610F2,20261012.0,47650.0,Put,11.5,14,7.3,8.4,8.4,▼-11.1,▼-56.92%,10,28,38,33,8,8.7,690,7.3
TXO,202610F2,20261012.0,47700.0,Call,-,-,-,-,2020,-,-,0,0,0,3,1970,2040,1590,710
TXO,202610F2,20261012.0,47700.0,Put,15.5,16,7.7,9.3,9.3,▼-11.2,▼-54.63%,42,61,103,87,8.7,9.4,480,7.7
TXO,202610F2,20261012.0,47750.0,Call,-,-,-,-,1970,-,-,0,0,0,3,1920,1990,2000,675
TXO,202610F2,20261012.0,47750.0,Put,16.5,17,8,9.6,9.6,▼-10.9,▼-53.17%,3,56,59,60,9.3,10,780,8
TXO,202610F2,20261012.0,47800.0,Call,1860,1870,1860,1870,1920,▼-150,▼-7.43%,0,4,4,4,1810,-,1870,650
TXO,202610F2,20261012.0,47800.0,Put,16,18,8.4,11,11,▼-13,▼-54.17%,8,93,101,83,9.3,11,805,8.4
TXO,202610F2,20261012.0,47850.0,Call,1830,1830,1830,1830,1880,▼-140,▼-7.11%,0,2,2,4,1840,-,1830,1040
TXO,202610F2,20261012.0,47850.0,Put,18.5,18.5,9.9,11,11,▼-13,▼-54.17%,7,54,61,33,11,12,775,9.9
TXO,202610F2,20261012.0,47900.0,Call,1780,1780,1740,1770,1830,▼-150,▼-7.81%,0,502,502,500,1780,1920,1920,565
TXO,202610F2,20261012.0,47900.0,Put,20,20.5,9.7,12,12,▼-12,▼-50.00%,7,282,289,184,11.5,13,920,9.7
TXO,202610F2,20261012.0,47950.0,Call,-,-,-,-,1780,-,-,0,0,0,2,1610,2040,1900,585
TXO,202610F2,20261012.0,47950.0,Put,18.5,21,12.5,13,13,▼-14.5,▼-52.73%,5,107,112,65,13,14,860,12.5
TXO,202610F2,20261012.0,48000.0,Call,1730,1730,1650,1680,1730,▼-140,▼-7.69%,1,501,502,1001,1430,1770,1930,665
TXO,202610F2,20261012.0,48000.0,Put,22,24.5,10,14,14,▼-14,▼-50.00%,56,1001,1057,874,14,15,780,10
TXO,202610F2,20261012.0,48050.0,Call,1610,1630,1610,1630,1680,▼-150,▼-8.43%,0,12,12,9,1670,1700,1800,535
TXO,202610F2,20261012.0,48050.0,Put,26,26,15.5,15.5,15.5,▼-15.5,▼-50.00%,0,40,40,26,15.5,17,940,15.5
TXO,202610F2,20261012.0,48100.0,Call,1570,1580,1540,1570,1630,▼-160,▼-9.25%,0,500,500,501,1620,1650,1730,520
TXO,202610F2,20261012.0,48100.0,Put,25.5,26,9,17,17,▼-16,▼-48.48%,1,353,354,326,17,18.5,955,9
TXO,202610F2,20261012.0,48150.0,Call,1530,1540,1530,1540,1580,▼-140,▼-8.33%,0,3,3,6,1580,1600,1690,580
TXO,202610F2,20261012.0,48150.0,Put,30,30,18,19,19,▼-16.5,▼-46.48%,11,58,69,44,19,20,605,18
TXO,202610F2,20261012.0,48200.0,Call,1490,1490,1450,1480,1540,▼-160,▼-9.76%,0,505,505,679,1530,1640,1670,525
TXO,202610F2,20261012.0,48200.0,Put,31.5,31.5,8.9,22,22,▼-14.5,▼-39.73%,16,322,338,377,21.5,22,805,8.9
TXO,202610F2,20261012.0,48250.0,Call,1420,1420,1420,1420,1490,▼-170,▼-10.69%,0,5,5,13,1480,1510,1620,570
TXO,202610F2,20261012.0,48250.0,Put,29.5,32.5,18,22,22,▼-19,▼-46.34%,1,24,25,25,23,25,710,18
TXO,202610F2,20261012.0,48300.0,Call,1370,1390,1370,1380,1440,▼-160,▼-10.39%,1,506,507,502,1430,1460,1650,515
TXO,202610F2,20261012.0,48300.0,Put,34,35.5,14,24,27.5,▼-20,▼-45.45%,14,146,160,123,26.5,27.5,635,14
TXO,202610F2,20261012.0,48350.0,Call,-,-,-,-,1390,-,-,0,0,0,2,1380,1410,1450,565
TXO,202610F2,20261012.0,48350.0,Put,30,38.5,26.5,26.5,30,▼-18.5,▼-41.11%,8,65,73,71,28.5,30.5,565,26.5
TXO,202610F2,20261012.0,48400.0,Call,1280,1320,1280,1320,1350,▼-130,▼-8.97%,0,3,3,6,1340,1420,1450,405
TXO,202610F2,20261012.0,48400.0,Put,41,44,28.5,28.5,33,▼-22.5,▼-44.12%,50,207,257,136,31.5,33,750,28.5
TXO,202610F2,20261012.0,48450.0,Call,-,-,-,-,1300,-,-,0,0,0,0,1290,1320,1350,498
TXO,202610F2,20261012.0,48450.0,Put,46,46,32.5,32.5,36.5,▼-23.5,▼-41.96%,1,130,131,47,35,37,750,32.5
TXO,202610F2,20261012.0,48500.0,Call,1320,1340,1200,1200,1250,▼-160,▼-11.76%,0,532,532,532,1250,1270,1340,440
TXO,202610F2,20261012.0,48500.0,Put,51,52,25,40.5,40.5,▼-18.5,▼-31.36%,95,749,844,539,39,41,730,25
TXO,202610F2,20261012.0,48550.0,Call,-,-,-,-,1210,-,-,0,0,0,5,1200,1230,575,350
TXO,202610F2,20261012.0,48550.0,Put,52,58,38,44.5,44.5,▼-22.5,▼-33.58%,6,152,158,75,43.5,45.5,725,38
TXO,202610F2,20261012.0,48600.0,Call,1250,1260,1110,1110,1160,▼-160,▼-12.60%,0,4,4,7,1150,1180,1340,348
TXO,202610F2,20261012.0,48600.0,Put,60,60,42,49.5,49.5,▼-19.5,▼-28.26%,47,221,268,137,47.5,49.5,790,42
TXO,202610F2,20261012.0,48650.0,Call,-,-,-,-,1120,-,-,0,0,0,1,1110,1140,1120,398
TXO,202610F2,20261012.0,48650.0,Put,55,65,46.5,54,54,▼-22,▼-28.95%,4,57,61,29,53,55,480,46.5
TXO,202610F2,20261012.0,48700.0,Call,1200,1200,1150,1150,1080,▼-30,▼-2.54%,0,2,2,7,1070,1130,1240,364
TXO,202610F2,20261012.0,48700.0,Put,76,79,51,61,61,▼-19,▼-23.75%,10,484,494,390,60,62,750,51
TXO,202610F2,20261012.0,48750.0,Call,-,-,-,-,1030,-,-,0,0,0,1,1020,1050,855,405
TXO,202610F2,20261012.0,48750.0,Put,78,81,56,65,65,▼-21,▼-24.42%,3,90,93,49,65,68,540,56
TXO,202610F2,20261012.0,48800.0,Call,1100,1100,1030,1060,990,▼-40,▼-3.64%,1,86,87,88,980,1020,1180,260
TXO,202610F2,20261012.0,48800.0,Put,88,92,60,75,75,▼-20,▼-21.05%,20,353,373,275,72,75,870,60
TXO,202610F2,20261012.0,48850.0,Call,905,910,905,910,950,▼-140,▼-13.33%,0,2,2,4,940,965,995,360
TXO,202610F2,20261012.0,48850.0,Put,83,95,69,81,81,▼-25,▼-23.58%,3,99,102,63,80,83,845,68
TXO,202610F2,20261012.0,48900.0,Call,985,985,985,985,905,▼-25,▼-2.48%,0,110,110,112,900,-,985,308
TXO,202610F2,20261012.0,48900.0,Put,104,111,74,91,91,▼-24,▼-20.87%,27,671,698,561,91,92,625,74
TXO,202610F2,20261012.0,48950.0,Call,-,-,-,-,865,-,-,0,0,0,8,855,-,945,535
TXO,202610F2,20261012.0,48950.0,Put,120,120,84,99,99,▼-21,▼-17.50%,0,69,69,60,98,101,1110,84
TXO,202610F2,20261012.0,49000.0,Call,900,910,760,835,835,▼-100,▼-10.70%,0,117,117,115,820,840,1030,217
TXO,202610F2,20261012.0,49000.0,Put,107,138,88,110,110,▼-25,▼-18.52%,111,755,866,474,108,109,1000,88
TXO,202610F2,20261012.0,49050.0,Call,-,-,-,-,785,-,-,0,0,0,5,775,890,795,246
TXO,202610F2,20261012.0,49050.0,Put,134,138,99,117,117,▼-32,▼-21.48%,18,98,116,55,119,123,975,99
TXO,202610F2,20261012.0,49100.0,Call,740,830,705,705,750,▼-155,▼-18.02%,0,102,102,103,740,765,830,216
TXO,202610F2,20261012.0,49100.0,Put,154,154,108,135,135,▼-16,▼-10.60%,19,270,289,161,131,134,1010,108
TXO,202610F2,20261012.0,49150.0,Call,655,665,650,660,710,▼-160,▼-19.51%,0,12,12,15,700,725,1090,200
TXO,202610F2,20261012.0,49150.0,Put,144,170,117,147,147,▼-23,▼-13.53%,10,94,104,93,143,147,520,75
TXO,202610F2,20261012.0,49200.0,Call,635,740,610,660,660,▼-125,▼-15.92%,3,163,166,155,675,685,895,173
TXO,202610F2,20261012.0,49200.0,Put,155,188,130,160,160,▼-15,▼-8.57%,164,322,486,233,157,161,900,111
TXO,202610F2,20261012.0,49250.0,Call,660,660,580,595,640,▼-155,▼-20.67%,0,15,15,13,640,650,810,172
TXO,202610F2,20261012.0,49250.0,Put,192,210,152,173,173,▼-27,▼-13.50%,7,86,93,43,170,175,510,152
TXO,202610F2,20261012.0,49300.0,Call,620,680,530,605,605,▼-100,▼-14.18%,10,78,88,68,605,615,825,173
TXO,202610F2,20261012.0,49300.0,Put,197,221,152,187,187,▼-25,▼-11.79%,90,734,824,595,187,188,1000,150
TXO,202610F2,20261012.0,49350.0,Call,600,610,520,530,570,▼-140,▼-20.90%,6,26,32,17,570,580,770,185
TXO,202610F2,20261012.0,49350.0,Put,200,234,167,207,207,▼-25,▼-10.78%,1,242,243,134,202,208,700,167
TXO,202610F2,20261012.0,49400.0,Call,535,610,480,540,540,▼-110,▼-16.92%,0,238,238,212,540,550,685,150
TXO,202610F2,20261012.0,49400.0,Put,216,252,177,225,225,▼-17,▼-7.02%,102,362,464,251,220,225,1010,177
TXO,202610F2,20261012.0,49450.0,Call,510,555,460,497,497,▼-118,▼-19.19%,2,33,35,20,505,515,690,131
TXO,202610F2,20261012.0,49450.0,Put,201,271,200,250,250,▼-16,▼-6.02%,1,131,132,63,238,244,423,200
TXO,202610F2,20261012.0,49500.0,Call,500,550,413,476,476,▼-124,▼-20.67%,2,64,66,43,478,485,675,117
TXO,202610F2,20261012.0,49500.0,Put,298,299,213,263,263,▼-22,▼-7.72%,31,499,530,246,259,264,705,206
TXO,202610F2,20261012.0,49550.0,Call,520,520,390,441,441,▼-114,▼-20.54%,5,83,88,38,450,456,580,158
TXO,202610F2,20261012.0,49550.0,Put,250,329,249,290,290,▼-15,▼-4.92%,11,85,96,40,280,285,472,244
TXO,202610F2,20261012.0,49600.0,Call,453,487,357,420,420,▼-100,▼-19.23%,0,186,186,158,422,428,600,114
TXO,202610F2,20261012.0,49600.0,Put,291,350,248,310,310,▼-4,▼-1.27%,19,466,485,256,302,308,495,248
TXO,202610F2,20261012.0,49650.0,Call,435,439,355,384,384,▼-106,▼-21.63%,0,50,50,43,395,401,479,117
TXO,202610F2,20261012.0,49650.0,Put,326,368,280,339,339,▼-6,▼-1.74%,12,134,146,64,325,331,530,280
TXO,202610F2,20261012.0,49700.0,Call,427,427,316,367,367,▼-94,▼-20.39%,8,335,343,255,369,377,570,94
TXO,202610F2,20261012.0,49700.0,Put,363,400,290,361,361,▼-25,▼-6.48%,50,337,387,196,349,356,610,290
TXO,202610F2,20261012.0,49750.0,Call,368,390,294,339,339,▼-100,▼-22.78%,12,132,144,94,345,351,520,121
TXO,202610F2,20261012.0,49750.0,Put,402,421,316,388,388,▼-4,▼-1.02%,11,130,141,55,356,-,575,316
TXO,202610F2,20261012.0,49800.0,Call,335,400,272,320,320,▼-111,▼-25.75%,53,443,496,257,322,329,490,83
TXO,202610F2,20261012.0,49800.0,Put,440,465,348,408,408,▼-12,▼-2.86%,20,307,327,175,402,409,1050,320
TXO,202610F2,20261012.0,49850.0,Call,336,349,261,298,298,▼-101,▼-25.31%,3,87,90,56,300,305,446,261
TXO,202610F2,20261012.0,49850.0,Put,410,480,364,444,444,▼-5,▼-1.11%,6,42,48,19,355,510,640,364
TXO,202610F2,20261012.0,49900.0,Call,288,338,230,280,280,▼-95,▼-25.33%,53,319,372,204,280,282,460,92
TXO,202610F2,20261012.0,49900.0,Put,478,505,383,460,460,▼-13,▼-2.75%,12,59,71,39,456,474,655,361
TXO,202610F2,20261012.0,49950.0,Call,220,292,220,255,255,▼-97,▼-27.56%,9,102,111,82,260,262,385,220
TXO,202610F2,20261012.0,49950.0,Put,500,510,451,495,495,▼-5,▼-1.00%,12,11,23,14,482,505,510,420
TXO,202610F2,20261012.0,50000.0,Call,290,308,180,243,243,▼-89,▼-26.81%,104,559,663,415,241,244,447,62
TXO,202610F2,20261012.0,50000.0,Put,550,580,445,525,525,▲+10,▲+1.94%,27,128,155,70,515,540,650,445
TXO,202610F2,20261012.0,50050.0,Call,236,268,182,219,219,▼-84,▼-27.72%,10,146,156,58,224,228,345,182
TXO,202610F2,20261012.0,50050.0,Put,580,580,525,555,555,▼-5,▼-0.89%,5,6,11,7,545,-,580,479
TXO,202610F2,20261012.0,50100.0,Call,239,256,126,206,206,▼-86,▼-29.45%,21,206,227,126,207,211,340,57
TXO,202610F2,20261012.0,50100.0,Put,590,605,500,585,585,▼-5,▼-0.85%,0,134,134,52,580,600,725,500
TXO,202610F2,20261012.0,50150.0,Call,200,218,160,196,196,▼-69,▼-26.04%,6,228,234,156,192,197,301,160
TXO,202610F2,20261012.0,50150.0,Put,650,670,635,635,635,▲+15,▲+2.42%,0,9,9,9,615,635,670,635
TXO,202610F2,20261012.0,50200.0,Call,181,220,140,178,178,▼-72,▼-28.80%,30,604,634,219,178,179,347,46
TXO,202610F2,20261012.0,50200.0,Put,700,700,650,650,650,0,0%,2,11,13,10,650,670,1030,585
TXO,202610F2,20261012.0,50250.0,Call,204,204,132,165,165,▼-69,▼-29.49%,1,97,98,35,164,168,236,132
TXO,202610F2,20261012.0,50250.0,Put,635,750,635,750,700,▲+65,▲+9.49%,0,3,3,2,685,-,750,635
TXO,202610F2,20261012.0,50300.0,Call,181,192,121,152,152,▼-77,▼-33.62%,15,393,408,141,151,152,284,45
TXO,202610F2,20261012.0,50300.0,Put,-,-,-,-,740,-,-,0,0,0,1,720,755,855,855
TXO,202610F2,20261012.0,50350.0,Call,139,177,69,140,140,▼-67,▼-32.37%,8,152,160,102,139,144,229,69
TXO,202610F2,20261012.0,50350.0,Put,685,795,685,790,790,▲+35,▲+4.64%,0,3,3,3,760,795,795,685
TXO,202610F2,20261012.0,50400.0,Call,140,161,100,129,129,▼-71,▼-35.50%,26,290,316,168,128,132,282,38.5
TXO,202610F2,20261012.0,50400.0,Put,780,780,780,780,815,▼-10,▼-1.27%,0,1,1,1,800,820,780,780
TXO,202610F2,20261012.0,50450.0,Call,147,147,95,116,116,▼-64,▼-35.56%,2,59,61,36,117,121,206,95
TXO,202610F2,20261012.0,50450.0,Put,-,-,-,-,855,-,-,0,0,0,0,790,860,-,-
TXO,202610F2,20261012.0,50500.0,Call,143,143,82,110,110,▼-62,▼-36.05%,42,605,647,346,108,111,359,31
TXO,202610F2,20261012.0,50500.0,Put,880,935,835,895,895,▲+30,▲+3.47%,9,219,228,216,880,900,935,760
TXO,202610F2,20261012.0,50550.0,Call,104,127,81,99,99,▼-63,▼-38.89%,3,149,152,86,99,100,167,81
TXO,202610F2,20261012.0,50550.0,Put,-,-,-,-,935,-,-,0,0,0,0,915,940,-,-
TXO,202610F2,20261012.0,50600.0,Call,120,121,70,90,90,▼-63,▼-41.18%,35,422,457,264,90,93,228,28.5
TXO,202610F2,20261012.0,50600.0,Put,925,1010,900,1010,975,▲+65,▲+6.88%,2,5,7,4,960,-,1010,900
TXO,202610F2,20261012.0,50650.0,Call,84,105,63,80,80,▼-57,▼-41.61%,0,88,88,49,83,86,137,63
TXO,202610F2,20261012.0,50650.0,Put,-,-,-,-,1020,-,-,0,0,0,0,965,1040,-,-
TXO,202610F2,20261012.0,50700.0,Call,97,103,60,75,75,▼-48,▼-39.02%,21,303,324,179,74,78,196,25.5
TXO,202610F2,20261012.0,50700.0,Put,-,-,-,-,1060,-,-,0,0,0,1,1040,1070,1090,1090
TXO,202610F2,20261012.0,50750.0,Call,78,91,62,68,68,▼-47,▼-40.87%,2,102,104,68,69,71,135,62
TXO,202610F2,20261012.0,50750.0,Put,-,-,-,-,1100,-,-,0,0,0,0,935,1130,-,-
TXO,202610F2,20261012.0,50800.0,Call,85,85,46.5,61,61,▼-49,▼-44.55%,82,500,582,272,62,64,178,23
TXO,202610F2,20261012.0,50800.0,Put,-,-,-,-,1150,-,-,0,0,0,0,870,1170,-,-
TXO,202610F2,20261012.0,50850.0,Call,65,68,41,58,58,▼-42,▼-42.00%,16,106,122,91,57,59,113,41
TXO,202610F2,20261012.0,50850.0,Put,1240,1240,1240,1240,1190,▲+90,▲+7.83%,0,1,1,1,915,1220,1240,1240
TXO,202610F2,20261012.0,50900.0,Call,66,70,39.5,49.5,49.5,▼-47.5,▼-48.97%,18,261,279,226,51,52,158,20
TXO,202610F2,20261012.0,50900.0,Put,-,-,-,-,1240,-,-,0,0,0,0,1220,1250,-,-
TXO,202610F2,20261012.0,50950.0,Call,54,59,37,44.5,44.5,▼-38.5,▼-46.39%,17,139,156,118,46,48,90,37
TXO,202610F2,20261012.0,50950.0,Put,1230,1230,1230,1230,1280,0,0%,0,1,1,1,1060,1310,1230,1230
TXO,202610F2,20261012.0,51000.0,Call,57,59,32,43,43,▼-40,▼-48.19%,114,1124,1238,743,41.5,44.5,134,18
TXO,202610F2,20261012.0,51000.0,Put,1310,1380,1280,1380,1330,▲+100,▲+7.81%,0,8,8,6,1230,1360,1380,1280
TXO,202610F2,20261012.0,51050.0,Call,52,54,31.5,37.5,37.5,▼-38.5,▼-50.66%,15,300,315,274,37.5,39,76,31.5
TXO,202610F2,20261012.0,51050.0,Put,1450,1450,1450,1450,1370,▲+130,▲+9.85%,0,1,1,1,1040,1400,1450,1450
TXO,202610F2,20261012.0,51100.0,Call,39.5,47,27,35.5,35.5,▼-36.5,▼-50.69%,19,627,646,609,34,36.5,124,18
TXO,202610F2,20261012.0,51100.0,Put,-,-,-,-,1420,-,-,0,0,0,0,1400,1430,-,-
TXO,202610F2,20261012.0,51150.0,Call,37,44,24,30,30,▼-31,▼-50.82%,17,287,304,210,30.5,32,75,24
TXO,202610F2,20261012.0,51150.0,Put,-,-,-,-,1470,-,-,0,0,0,0,1120,1480,-,-
TXO,202610F2,20261012.0,51200.0,Call,44,44,24,28,28,▼-27,▼-49.09%,215,498,713,344,27.5,29,108,14.5
TXO,202610F2,20261012.0,51200.0,Put,-,-,-,-,1510,-,-,0,0,0,0,1180,1540,-,-
TXO,202610F2,20261012.0,51250.0,Call,32.5,35,22,26,26,▼-29,▼-52.73%,0,139,139,75,25,27,35,22
TXO,202610F2,20261012.0,51250.0,Put,-,-,-,-,1560,-,-,0,0,0,0,-,1590,-,-
TXO,202610F2,20261012.0,51300.0,Call,27.5,30,20,22,22,▼-29,▼-56.86%,19,192,211,127,22.5,24,97,12.5
TXO,202610F2,20261012.0,51300.0,Put,-,-,-,-,1610,-,-,0,0,0,0,1270,1630,-,-
TXO,202610F2,20261012.0,51400.0,Call,23,27,17,18.5,18.5,▼-24,▼-56.47%,37,211,248,204,18.5,20,72,10.5
TXO,202610F2,20261012.0,51400.0,Put,1730,1730,1730,1730,1700,▲+90,▲+5.49%,0,1,1,1,1600,1710,1730,1730
TXO,202610F2,20261012.0,51500.0,Call,19,22.5,13.5,15.5,15.5,▼-20.5,▼-56.94%,18,321,339,269,15.5,16,69,9.5
TXO,202610F2,20261012.0,51500.0,Put,1840,1840,1840,1840,1800,▲+100,▲+5.75%,0,5,5,4,-,1840,1840,1840
TXO,202610F2,20261012.0,51600.0,Call,19,21,11.5,13,13,▼-17,▼-56.67%,11,82,93,90,12.5,13.5,62,9.5
TXO,202610F2,20261012.0,51600.0,Put,-,-,-,-,1900,-,-,0,0,0,0,1880,1910,-,-
TXO,202610F2,20261012.0,51700.0,Call,16,16,9.9,10.5,10.5,▼-15,▼-58.82%,3,266,269,206,10.5,11.5,44,8
TXO,202610F2,20261012.0,51700.0,Put,-,-,-,-,2000,-,-,0,0,0,0,1980,2010,-,-
TXO,202610F2,20261012.0,51800.0,Call,12.5,12.5,8,9.8,9.8,▼-12.7,▼-56.44%,9,691,700,581,9.2,10,46.5,8
TXO,202610F2,20261012.0,51800.0,Put,2020,2020,2020,2020,2100,0,0%,0,1,1,1,1990,2100,2020,2020
TXO,202610F2,20261012.0,51900.0,Call,13.5,13.5,6.8,7.1,8,▼-12.4,▼-63.59%,29,50,79,63,7.8,8.6,43,6.8
TXO,202610F2,20261012.0,51900.0,Put,-,-,-,-,2190,-,-,0,0,0,0,-,2220,-,-
TXO,202610F2,20261012.0,52000.0,Call,9,12.5,5.6,7.7,7.7,▼-8.3,▼-51.88%,37,371,408,736,6.7,7.9,42,5
TXO,202610F2,20261012.0,52000.0,Put,-,-,-,-,2290,-,-,0,0,0,0,2060,-,-,-
TXO,202610F2,20261012.0,52100.0,Call,8,9.2,5.2,5.2,5.2,▼-8.8,▼-62.86%,3,56,59,54,5.7,6.4,28.5,5.2
TXO,202610F2,20261012.0,52100.0,Put,-,-,-,-,2390,-,-,0,0,0,0,2370,2400,-,-
TXO,202610F2,20261012.0,52200.0,Call,7.4,7.4,4.4,5.5,5.1,▼-6.5,▼-54.17%,3,64,67,68,4.9,5.5,26,4.4
TXO,202610F2,20261012.0,52200.0,Put,-,-,-,-,2490,-,-,0,0,0,0,2470,2500,-,-
TXO,202610F2,20261012.0,52300.0,Call,5.1,6.8,4.2,4.4,4.4,▼-6.1,▼-58.10%,0,515,515,505,4.2,4.9,19,4.2
TXO,202610F2,20261012.0,52300.0,Put,-,-,-,-,2590,-,-,0,0,0,0,2570,2600,-,-
TXO,202610F2,20261012.0,52400.0,Call,4.4,4.4,4.4,4.4,4.4,▼-4.6,▼-51.11%,0,5,5,8,3.8,4.6,19.5,4.4
TXO,202610F2,20261012.0,52400.0,Put,-,-,-,-,2690,-,-,0,0,0,0,2670,2700,-,-
TXO,202610F2,20261012.0,52500.0,Call,4.5,4.5,2.7,3.4,3.4,▼-4.1,▼-54.67%,4,280,284,247,3.4,4.1,17,2.7
TXO,202610F2,20261012.0,52500.0,Put,-,-,-,-,2790,-,-,0,0,0,0,2770,2800,-,-
TXO,202610F2,20261012.0,52600.0,Call,2.7,2.8,2.2,2.8,3.2,▼-3.1,▼-52.54%,2,21,23,24,2.9,3.7,12.5,2.2
TXO,202610F2,20261012.0,52600.0,Put,-,-,-,-,2890,-,-,0,0,0,0,2870,2900,-,-
TXO,202610F2,20261012.0,52700.0,Call,4.5,4.5,2,2.7,2.7,▼-3.2,▼-54.24%,0,20,20,22,2.6,3.3,11,2
TXO,202610F2,20261012.0,52700.0,Put,-,-,-,-,2990,-,-,0,0,0,0,2970,3000,-,-
TXO,202610F2,20261012.0,52800.0,Call,1.8,2.5,1.7,2.5,2.5,▼-2.2,▼-46.81%,0,4,4,13,2.1,3,13,1.7
TXO,202610F2,20261012.0,52800.0,Put,-,-,-,-,3090,-,-,0,0,0,0,3070,3100,-,-
TXO,202610F2,20261012.0,52900.0,Call,2.8,2.8,2.8,2.8,2.1,▼-1.7,▼-37.78%,0,2,2,9,1.8,2.5,11,1.3
TXO,202610F2,20261012.0,52900.0,Put,-,-,-,-,3190,-,-,0,0,0,0,3170,3200,-,-
TXO,202610F2,20261012.0,53000.0,Call,3.6,3.6,1.3,1.9,1.9,▼-2,▼-51.28%,0,1701,1701,1696,1.9,2,5.9,1.3
TXO,202610F2,20261012.0,53000.0,Put,-,-,-,-,3290,-,-,0,0,0,0,-,3300,-,-
TXO,202610F2,20261012.0,53100.0,Call,2.9,2.9,2.9,2.9,1.6,▼-0.6,▼-17.14%,0,2,2,2,1.3,2,2.9,2.9
TXO,202610F2,20261012.0,53100.0,Put,-,-,-,-,3390,-,-,0,0,0,0,-,3400,-,-
TXO,202610F2,20261012.0,53200.0,Call,2.5,2.5,2.2,2.2,1.5,▼-0.8,▼-26.67%,0,10,10,68,1.2,1.9,4.8,1.5
TXO,202610F2,20261012.0,53200.0,Put,-,-,-,-,3490,-,-,0,0,0,0,-,3500,-,-
TXO,202610F2,20261012.0,53300.0,Call,-,-,-,-,1.3,-,-,0,0,0,2,1,1.7,1.9,1.8
TXO,202610F2,20261012.0,53300.0,Put,-,-,-,-,3590,-,-,0,0,0,0,-,3600,3560,3550
TXO,202610F2,20261012.0,53400.0,Call,1.1,1.2,1.1,1.2,1.2,▼-1.1,▼-47.83%,181,22,203,3632,0.9,1.2,3.7,0.9
TXO,202610F2,20261012.0,53400.0,Put,-,-,-,-,3690,-,-,0,0,0,0,-,3700,3680,3630
TXO,202610F2,20261012.0,53500.0,Call,-,-,-,-,1,-,-,0,0,0,0,0.8,1.3,-,-
TXO,202610F2,20261012.0,53500.0,Put,-,-,-,-,3790,-,-,0,0,0,0,-,3810,-,-
TXO,202610F2,20261012.0,53600.0,Call,-,-,-,-,0.9,-,-,0,0,0,0,0.7,1.2,-,-
TXO,202610F2,20261012.0,53600.0,Put,-,-,-,-,3890,-,-,0,0,0,0,-,3910,-,-
TXO,202610F2,20261012.0,53700.0,Call,-,-,-,-,0.7,-,-,5,0,5,5,0.5,1,2.8,2.8
TXO,202610F2,20261012.0,53700.0,Put,-,-,-,-,3990,-,-,0,0,0,0,-,4010,-,-
TXO,202610F2,20261012.0,53800.0,Call,-,-,-,-,0.7,-,-,0,0,0,0,0.6,1,-,-
TXO,202610F2,20261012.0,53800.0,Put,-,-,-,-,4090,-,-,0,0,0,0,-,4110,-,-
TXO,202610F2,20261012.0,53900.0,Call,-,-,-,-,0.6,-,-,0,0,0,0,0.4,0.9,-,-
TXO,202610F2,20261012.0,53900.0,Put,-,-,-,-,4190,-,-,0,0,0,0,-,4210,-,-
TXO,202610F2,20261012.0,54000.0,Call,-,-,-,-,0.6,-,-,0,0,0,28,0.4,0.8,1,0.6
TXO,202610F2,20261012.0,54000.0,Put,-,-,-,-,4290,-,-,0,0,0,0,-,4310,-,-
TXO,202610F2,20261012.0,54100.0,Call,0.9,0.9,0.9,0.9,0.5,▲+0.1,▲+12.50%,0,5,5,5,0.4,0.7,0.9,0.9
TXO,202610F2,20261012.0,54100.0,Put,-,-,-,-,4390,-,-,0,0,0,0,4360,4400,-,-
TXO,202610F2,20261012.0,54200.0,Call,-,-,-,-,0.5,-,-,0,0,0,0,0.3,0.7,-,-
TXO,202610F2,20261012.0,54200.0,Put,-,-,-,-,4490,-,-,0,0,0,0,4460,4500,-,-
TXO,202610F2,20261012.0,54300.0,Call,-,-,-,-,0.4,-,-,0,0,0,0,0.2,0.5,-,-
TXO,202610F2,20261012.0,54300.0,Put,-,-,-,-,4590,-,-,0,0,0,0,4560,4600,-,-
TXO,202610F2,20261012.0,54400.0,Call,-,-,-,-,0.3,-,-,0,0,0,0,0.2,0.5,-,-
TXO,202610F2,20261012.0,54400.0,Put,-,-,-,-,4690,-,-,0,0,0,0,4660,4700,-,-
TXO,202610F2,20261012.0,54500.0,Call,-,-,-,-,0.3,-,-,0,0,0,0,0.2,0.5,-,-
TXO,202610F2,20261012.0,54500.0,Put,-,-,-,-,4790,-,-,0,0,0,0,4760,4800,-,-
TXO,202610F2,20261012.0,54600.0,Call,-,-,-,-,0.3,-,-,0,0,0,0,0.1,0.4,-,-
TXO,202610F2,20261012.0,54600.0,Put,-,-,-,-,4890,-,-,0,0,0,0,4860,4900,-,-
TXO,202610F2,20261012.0,54700.0,Call,-,-,-,-,0.2,-,-,0,0,0,0,0.1,0.4,-,-
TXO,202610F2,20261012.0,54700.0,Put,-,-,-,-,4990,-,-,0,0,0,0,4960,5000,-,-
TXO,202610F2,20261012.0,54800.0,Call,-,-,-,-,0.2,-,-,0,0,0,0,0.1,0.3,-,-
TXO,202610F2,20261012.0,54800.0,Put,-,-,-,-,5090,-,-,0,0,0,0,-,5120,-,-
TXO,202610F2,20261012.0,54900.0,Call,-,-,-,-,0.2,-,-,0,0,0,0,0.1,0.4,-,-
TXO,202610F2,20261012.0,54900.0,Put,-,-,-,-,5190,-,-,0,0,0,0,-,5220,-,-
TXO,202610W2,20261014.0,42800.0,Call,-,-,-,-,6910,-,-,0,0,0,0,-,-,-,-
TXO,202610W2,20261014.0,42800.0,Put,2.7,2.9,2.5,2.9,2,▼-1.1,▼-27.50%,0,17,17,26,2,2.2,24,2.5
TXO,202610W2,20261014.0,42900.0,Call,-,-,-,-,6810,-,-,0,0,0,0,-,-,-,-
TXO,202610W2,20261014.0,42900.0,Put,3.2,3.2,3.1,3.1,2.1,▼-1,▼-24.39%,0,2,2,1,2,2.3,16,3.1
TXO,202610W2,20261014.0,43000.0,Call,-,-,-,-,6710,-,-,0,0,0,0,-,-,-,-
TXO,202610W2,20261014.0,43000.0,Put,3.2,3.3,2.2,2.2,2.2,▼-2.1,▼-48.84%,0,18,18,7,2.1,2.3,18,2.2
TXO,202610W2,20261014.0,43100.0,Call,-,-,-,-,6610,-,-,0,0,0,0,-,-,-,-
TXO,202610W2,20261014.0,43100.0,Put,3.2,3.8,3.2,3.8,2.3,▼-0.7,▼-15.56%,0,11,11,5,2.2,2.4,18.5,3.2
TXO,202610W2,20261014.0,43200.0,Call,-,-,-,-,6510,-,-,0,0,0,0,-,-,-,-
TXO,202610W2,20261014.0,43200.0,Put,-,-,-,-,2.4,-,-,0,0,0,6,2.3,2.5,32.5,5.4
TXO,202610W2,20261014.0,43300.0,Call,-,-,-,-,6410,-,-,0,0,0,0,-,-,-,-
TXO,202610W2,20261014.0,43300.0,Put,-,-,-,-,2.5,-,-,0,0,0,1,0.7,2.6,20.5,5.9
TXO,202610W2,20261014.0,43400.0,Call,-,-,-,-,6310,-,-,0,0,0,0,-,-,-,-
TXO,202610W2,20261014.0,43400.0,Put,-,-,-,-,2.6,-,-,0,0,0,0,0.7,2.7,-,-
TXO,202610W2,20261014.0,43500.0,Call,-,-,-,-,6210,-,-,0,0,0,0,-,-,-,-
TXO,202610W2,20261014.0,43500.0,Put,4.2,4.2,4.2,4.2,2.7,▼-1.1,▼-20.75%,0,1,1,52,2.6,2.8,22.5,4.2
TXO,202610W2,20261014.0,43600.0,Call,-,-,-,-,6110,-,-,0,0,0,0,-,-,-,-
TXO,202610W2,20261014.0,43600.0,Put,-,-,-,-,2.8,-,-,0,0,0,6,2.7,2.9,6.7,6.6
TXO,202610W2,20261014.0,43700.0,Call,-,-,-,-,6010,-,-,0,0,0,0,-,-,-,-
TXO,202610W2,20261014.0,43700.0,Put,4.2,4.2,4.2,4.2,2.9,▼-1.6,▼-27.59%,0,3,3,4,2.8,3.1,26,4.2
TXO,202610W2,20261014.0,43800.0,Call,-,-,-,-,5910,-,-,0,0,0,0,-,-,-,-
TXO,202610W2,20261014.0,43800.0,Put,4.1,4.4,4.1,4.4,3,▼-1.7,▼-27.87%,0,3,3,1,2.9,3.2,10,4.1
TXO,202610W2,20261014.0,43900.0,Call,-,-,-,-,5810,-,-,6,0,6,0,-,-,6090,4630
TXO,202610W2,20261014.0,43900.0,Put,-,-,-,-,3.1,-,-,1,0,1,2,3.1,3.3,31,6
TXO,202610W2,20261014.0,44000.0,Call,-,-,-,-,5710,-,-,5,0,5,0,-,-,5960,4770
TXO,202610W2,20261014.0,44000.0,Put,-,-,-,-,3.2,-,-,2,0,2,5,3.2,3.5,24,5.5
TXO,202610W2,20261014.0,44100.0,Call,-,-,-,-,5610,-,-,0,0,0,0,-,-,-,-
TXO,202610W2,20261014.0,44100.0,Put,5.1,5.1,3.3,3.3,3.3,▼-3.7,▼-52.86%,0,3,3,3,3.3,3.6,24,3.3
TXO,202610W2,20261014.0,44200.0,Call,-,-,-,-,5510,-,-,0,0,0,0,-,-,-,-
TXO,202610W2,20261014.0,44200.0,Put,-,-,-,-,3.6,-,-,0,0,0,30,3.5,3.8,36,7.3
TXO,202610W2,20261014.0,44300.0,Call,-,-,-,-,5410,-,-,0,0,0,0,-,-,-,-
TXO,202610W2,20261014.0,44300.0,Put,-,-,-,-,3.8,-,-,3,0,3,5,3.7,4,26.5,5.5
TXO,202610W2,20261014.0,44400.0,Call,-,-,-,-,5310,-,-,0,0,0,0,-,-,-,-
TXO,202610W2,20261014.0,44400.0,Put,-,-,-,-,3.9,-,-,0,0,0,1,3.8,4.1,27.5,14.5
TXO,202610W2,20261014.0,44500.0,Call,-,-,-,-,5210,-,-,0,0,0,0,-,-,-,-
TXO,202610W2,20261014.0,44500.0,Put,6.3,6.3,5.6,5.7,4.1,▼-2.6,▼-31.33%,0,114,114,306,4,4.3,28,5.6
TXO,202610W2,20261014.0,44600.0,Call,-,-,-,-,5110,-,-,0,0,0,0,5090,-,-,-
TXO,202610W2,20261014.0,44600.0,Put,6.7,6.7,6,6.7,4.4,▼-2.3,▼-25.56%,0,5,5,7,4.3,4.6,43,6
TXO,202610W2,20261014.0,44700.0,Call,-,-,-,-,5010,-,-,0,0,0,0,4990,-,-,-
TXO,202610W2,20261014.0,44700.0,Put,-,-,-,-,4.6,-,-,0,0,0,0,4.5,4.8,-,-
TXO,202610W2,20261014.0,44800.0,Call,-,-,-,-,4910,-,-,0,0,0,0,4890,-,-,-
TXO,202610W2,20261014.0,44800.0,Put,-,-,-,-,4.8,-,-,0,0,0,226,4.7,5,51,10
TXO,202610W2,20261014.0,44900.0,Call,-,-,-,-,4810,-,-,0,0,0,0,-,-,-,-
TXO,202610W2,20261014.0,44900.0,Put,6.7,6.7,5.2,5.2,5.2,▼-5.3,▼-50.48%,0,2,2,6,5,5.3,22,5.2
TXO,202610W2,20261014.0,45000.0,Call,-,-,-,-,4710,-,-,0,0,0,0,-,-,-,-
TXO,202610W2,20261014.0,45000.0,Put,7.5,8.5,5.3,5.3,5.3,▼-5.7,▼-51.82%,1,14,15,64,4.9,5.6,51,5.3
TXO,202610W2,20261014.0,45100.0,Call,-,-,-,-,4610,-,-,0,0,0,0,-,-,-,-
TXO,202610W2,20261014.0,45100.0,Put,-,-,-,-,5.7,-,-,0,0,0,5,5.6,5.9,20.5,13
TXO,202610W2,20261014.0,45200.0,Call,-,-,-,-,4510,-,-,0,0,0,0,-,-,-,-
TXO,202610W2,20261014.0,45200.0,Put,-,-,-,-,5.9,-,-,0,0,0,16,5.9,6.2,57,21.5
TXO,202610W2,20261014.0,45300.0,Call,-,-,-,-,4420,-,-,0,0,0,0,-,-,-,-
TXO,202610W2,20261014.0,45300.0,Put,9.3,9.3,9.3,9.3,6.2,▼-3.2,▼-25.60%,1,1,2,16,6.2,6.5,62,9.3
TXO,202610W2,20261014.0,45400.0,Call,-,-,-,-,4320,-,-,0,0,0,0,-,-,-,-
TXO,202610W2,20261014.0,45400.0,Put,9,9,9,9,6.6,▼-4,▼-30.77%,0,1,1,19,6.5,6.9,205,9
TXO,202610W2,20261014.0,45500.0,Call,-,-,-,-,4220,-,-,0,0,0,0,-,-,-,-
TXO,202610W2,20261014.0,45500.0,Put,11,11,11,11,6.9,▼-2.5,▼-18.52%,10,10,20,70,6.9,7.2,76,10.5
TXO,202610W2,20261014.0,45600.0,Call,-,-,-,-,4120,-,-,2,0,2,0,-,-,4350,2970
TXO,202610W2,20261014.0,45600.0,Put,11,11,8.8,8.8,7.3,▼-5.2,▼-37.14%,0,17,17,49,7.2,7.6,80,8.8
TXO,202610W2,20261014.0,45700.0,Call,-,-,-,-,4020,-,-,0,0,0,0,-,-,-,-
TXO,202610W2,20261014.0,45700.0,Put,10.5,10.5,10.5,10.5,7.8,▼-4.5,▼-30.00%,0,1,1,19,7.7,8.1,110,10.5
TXO,202610W2,20261014.0,45800.0,Call,-,-,-,-,3920,-,-,0,0,0,0,-,-,-,-
TXO,202610W2,20261014.0,45800.0,Put,11,11,11,11,8.1,▼-4.5,▼-29.03%,0,2,2,26,8.1,8.5,114,11
TXO,202610W2,20261014.0,45900.0,Call,-,-,-,-,3820,-,-,0,0,0,0,-,-,-,-
TXO,202610W2,20261014.0,45900.0,Put,-,-,-,-,8.6,-,-,0,0,0,14,8.5,9,120,19.5
TXO,202610W2,20261014.0,46000.0,Call,-,-,-,-,3720,-,-,0,0,0,0,3710,3740,-,-
TXO,202610W2,20261014.0,46000.0,Put,13.5,15,9.3,9.4,9.4,▼-8.1,▼-46.29%,34,91,125,214,9.1,9.5,145,9.3
TXO,202610W2,20261014.0,46100.0,Call,-,-,-,-,3620,-,-,0,0,0,0,3610,3640,-,-
TXO,202610W2,20261014.0,46100.0,Put,13.5,13.5,9.7,9.7,9.7,▼-8.3,▼-46.11%,3,4,7,14,9.6,10,132,9.7
TXO,202610W2,20261014.0,46200.0,Call,-,-,-,-,3520,-,-,0,0,0,0,3510,3540,-,-
TXO,202610W2,20261014.0,46200.0,Put,14,14.5,13,14.5,10.5,▼-4.5,▼-23.68%,0,6,6,7,10,11,124,13
TXO,202610W2,20261014.0,46250.0,Call,-,-,-,-,3470,-,-,0,0,0,0,3460,3490,-,-
TXO,202610W2,20261014.0,46250.0,Put,-,-,-,-,10.5,-,-,2,0,2,15,10.5,11,110,16
TXO,202610W2,20261014.0,46300.0,Call,-,-,-,-,3420,-,-,0,0,0,1,3410,3440,2200,2200
TXO,202610W2,20261014.0,46300.0,Put,15.5,15.5,15.5,15.5,11,▼-4.5,▼-22.50%,0,1,1,14,10.5,11.5,190,15.5
TXO,202610W2,20261014.0,46350.0,Call,-,-,-,-,3370,-,-,0,0,0,0,3360,3390,-,-
TXO,202610W2,20261014.0,46350.0,Put,-,-,-,-,11.5,-,-,0,0,0,39,11,12,118,20
TXO,202610W2,20261014.0,46400.0,Call,-,-,-,-,3320,-,-,0,0,0,1,-,3440,2130,2130
TXO,202610W2,20261014.0,46400.0,Put,15.5,16.5,15.5,16.5,11.5,▼-5.5,▼-25.00%,0,3,3,20,11.5,12,205,15.5
TXO,202610W2,20261014.0,46450.0,Call,-,-,-,-,3270,-,-,0,0,0,0,3260,-,-,-
TXO,202610W2,20261014.0,46450.0,Put,-,-,-,-,12,-,-,0,0,0,2,11.5,12.5,157,31
TXO,202610W2,20261014.0,46500.0,Call,-,-,-,-,3220,-,-,0,0,0,0,3210,-,-,-
TXO,202610W2,20261014.0,46500.0,Put,17.5,19,16,16,12.5,▼-6.5,▼-28.89%,0,19,19,196,12,13,163,16
TXO,202610W2,20261014.0,46550.0,Call,-,-,-,-,3170,-,-,0,0,0,0,3160,-,-,-
TXO,202610W2,20261014.0,46550.0,Put,16.5,16.5,16.5,16.5,12.5,▼-6.5,▼-28.26%,1,1,2,2,12.5,13,26,16.5
TXO,202610W2,20261014.0,46600.0,Call,-,-,-,-,3120,-,-,0,0,0,1,3120,3210,1950,1950
TXO,202610W2,20261014.0,46600.0,Put,20.5,20.5,15,15,13,▼-9,▼-37.50%,0,6,6,8,13,13.5,235,15
TXO,202610W2,20261014.0,46650.0,Call,-,-,-,-,3070,-,-,0,0,0,0,3070,-,-,-
TXO,202610W2,20261014.0,46650.0,Put,-,-,-,-,13,-,-,0,0,0,1,13,14,55,40.5
TXO,202610W2,20261014.0,46700.0,Call,3080,3080,3080,3080,3020,▼-80,▼-2.53%,0,1,1,1,3020,-,3080,3080
TXO,202610W2,20261014.0,46700.0,Put,18.5,19.5,17.5,17.5,13.5,▼-8,▼-31.37%,0,13,13,2,13.5,14.5,208,17.5
TXO,202610W2,20261014.0,46750.0,Call,-,-,-,-,2970,-,-,0,0,0,0,2970,3000,-,-
TXO,202610W2,20261014.0,46750.0,Put,-,-,-,-,14,-,-,0,0,0,4,14,15,190,26.5
TXO,202610W2,20261014.0,46800.0,Call,-,-,-,-,2920,-,-,0,0,0,1,2900,3020,1790,1790
TXO,202610W2,20261014.0,46800.0,Put,22,22.5,19,20,14.5,▼-7,▼-25.93%,0,32,32,27,14.5,15.5,272,19
TXO,202610W2,20261014.0,46850.0,Call,-,-,-,-,2870,-,-,0,0,0,0,2850,-,-,-
TXO,202610W2,20261014.0,46850.0,Put,22.5,22.5,19,19,15,▼-8.5,▼-30.91%,1,106,107,104,15,16,91,19
TXO,202610W2,20261014.0,46900.0,Call,-,-,-,-,2820,-,-,0,0,0,0,2800,-,-,-
TXO,202610W2,20261014.0,46900.0,Put,21.5,21.5,19.5,19.5,15.5,▼-9.5,▼-32.76%,0,2,2,13,15.5,16.5,245,19.5
TXO,202610W2,20261014.0,46950.0,Call,-,-,-,-,2780,-,-,0,0,0,1,2770,2800,1670,1670
TXO,202610W2,20261014.0,46950.0,Put,22.5,22.5,22.5,22.5,16,▼-7.5,▼-25.00%,0,2,2,8,16,17,303,22.5
TXO,202610W2,20261014.0,47000.0,Call,-,-,-,-,2730,-,-,0,0,0,0,2720,2750,-,-
TXO,202610W2,20261014.0,47000.0,Put,25,26.5,16.5,17,17,▼-14,▼-45.16%,10,254,264,338,16.5,17.5,288,16.5
TXO,202610W2,20261014.0,47050.0,Call,-,-,-,-,2680,-,-,0,0,0,0,2670,2700,-,-
TXO,202610W2,20261014.0,47050.0,Put,-,-,-,-,17.5,-,-,0,0,0,1,17.5,18,100,31
TXO,202610W2,20261014.0,47100.0,Call,-,-,-,-,2630,-,-,0,0,0,1,2600,2750,1560,1560
TXO,202610W2,20261014.0,47100.0,Put,27.5,29,20,20,18,▼-12.5,▼-38.46%,4,31,35,102,18,19,335,20
TXO,202610W2,20261014.0,47150.0,Call,-,-,-,-,2580,-,-,0,0,0,1,-,2700,1520,1520
TXO,202610W2,20261014.0,47150.0,Put,-,-,-,-,19,-,-,0,0,0,3,19,19.5,346,54
TXO,202610W2,20261014.0,47200.0,Call,2660,2660,2660,2660,2530,▼-10,▼-0.37%,0,1,1,1,2410,2830,2660,2660
TXO,202610W2,20261014.0,47200.0,Put,28,29.5,21.5,21.5,19.5,▼-14,▼-39.44%,0,117,117,116,19.5,20.5,328,21.5
TXO,202610W2,20261014.0,47250.0,Call,-,-,-,-,2480,-,-,0,0,0,0,2470,2500,-,-
TXO,202610W2,20261014.0,47250.0,Put,28.5,28.5,28.5,28.5,20.5,▼-8.5,▼-22.97%,1,1,2,17,20.5,21,170,28.5
TXO,202610W2,20261014.0,47300.0,Call,-,-,-,-,2430,-,-,0,0,0,0,2430,2450,-,-
TXO,202610W2,20261014.0,47300.0,Put,30,30,28.5,29,21.5,▼-9,▼-23.68%,2,5,7,6,21.5,22.5,341,28.5
TXO,202610W2,20261014.0,47350.0,Call,-,-,-,-,2380,-,-,0,0,0,0,2380,-,-,-
TXO,202610W2,20261014.0,47350.0,Put,-,-,-,-,22,-,-,0,0,0,6,22,23,364,43.5
TXO,202610W2,20261014.0,47400.0,Call,-,-,-,-,2330,-,-,0,0,0,0,2330,-,1810,1150
TXO,202610W2,20261014.0,47400.0,Put,29,34,29,34,23.5,▼-8,▼-19.05%,1,2,3,21,23.5,24.5,382,29
TXO,202610W2,20261014.0,47450.0,Call,-,-,-,-,2280,-,-,0,0,0,0,2260,-,-,-
TXO,202610W2,20261014.0,47450.0,Put,-,-,-,-,24.5,-,-,0,0,0,4,24.5,25.5,159,48.5
TXO,202610W2,20261014.0,47500.0,Call,-,-,-,-,2230,-,-,0,0,0,0,2210,-,-,-
TXO,202610W2,20261014.0,47500.0,Put,35,37.5,23,24.5,24.5,▼-20,▼-44.94%,0,149,149,125,25.5,26.5,463,23
TXO,202610W2,20261014.0,47550.0,Call,-,-,-,-,2190,-,-,0,0,0,0,2180,2210,-,-
TXO,202610W2,20261014.0,47550.0,Put,35.5,35.5,25.5,25.5,25.5,▼-21.5,▼-45.74%,6,10,16,19,27,28,111,25.5
TXO,202610W2,20261014.0,47600.0,Call,-,-,-,-,2140,-,-,0,0,0,0,-,-,-,-
TXO,202610W2,20261014.0,47600.0,Put,38,42.5,27,27,27,▼-21.5,▼-44.33%,1,18,19,18,28.5,29.5,306,27
TXO,202610W2,20261014.0,47650.0,Call,-,-,-,-,2090,-,-,0,0,0,0,2080,2110,-,-
TXO,202610W2,20261014.0,47650.0,Put,38.5,42.5,38.5,42.5,30,▼-8.5,▼-16.67%,2,21,23,23,30,31,202,38.5
TXO,202610W2,20261014.0,47700.0,Call,-,-,-,-,2040,-,-,0,0,0,2,2040,-,1080,1080
TXO,202610W2,20261014.0,47700.0,Put,39,47,29.5,31,31,▼-22,▼-41.51%,3,16,19,14,31.5,33,356,29.5
TXO,202610W2,20261014.0,47750.0,Call,-,-,-,-,1990,-,-,0,0,0,0,1970,-,-,-
TXO,202610W2,20261014.0,47750.0,Put,48,48,30.5,30.5,33.5,▼-25.5,▼-45.54%,0,6,6,4,33.5,34.5,498,30.5
TXO,202610W2,20261014.0,47800.0,Call,1950,1950,1950,1950,1950,▼-140,▼-6.70%,0,1,1,0,1940,1970,1950,1010
TXO,202610W2,20261014.0,47800.0,Put,40,50,33,36,35.5,▼-22,▼-37.93%,0,31,31,31,35.5,36.5,500,33
TXO,202610W2,20261014.0,47850.0,Call,-,-,-,-,1900,-,-,0,0,0,4,1870,-,980,900
TXO,202610W2,20261014.0,47850.0,Put,50,52,34,35.5,35.5,▼-25.5,▼-41.80%,5,8,13,10,37.5,38.5,490,34
TXO,202610W2,20261014.0,47900.0,Call,1820,1820,1820,1820,1850,▼-180,▼-9.00%,0,3,3,3,1850,1870,1890,760
TXO,202610W2,20261014.0,47900.0,Put,56,57,36.5,36.5,40,▼-27.5,▼-42.97%,1,25,26,15,40,41,530,36.5
TXO,202610W2,20261014.0,47950.0,Call,-,-,-,-,1800,-,-,0,0,0,2,1800,1830,1850,840
TXO,202610W2,20261014.0,47950.0,Put,51,51,50,50,42.5,▼-17,▼-25.37%,0,2,2,4,42.5,44,550,50
TXO,202610W2,20261014.0,48000.0,Call,1750,1760,1720,1750,1750,▼-160,▼-8.38%,0,620,620,600,1740,1780,1920,780
TXO,202610W2,20261014.0,48000.0,Put,62,63,40,43,43,▼-25,▼-36.76%,17,156,173,108,44.5,47,620,40
TXO,202610W2,20261014.0,48050.0,Call,1670,1670,1670,1670,1710,▼-190,▼-10.22%,0,5,5,7,1710,1730,1860,780
TXO,202610W2,20261014.0,48050.0,Put,58,58,43.5,43.5,48,▼-30.5,▼-41.22%,1,7,8,9,48,49.5,595,43.5
TXO,202610W2,20261014.0,48100.0,Call,1630,1630,1630,1630,1660,▼-190,▼-10.44%,0,4,4,4,1660,1680,1630,1630
TXO,202610W2,20261014.0,48100.0,Put,68,71,46.5,46.5,51,▼-31.5,▼-40.38%,8,19,27,128,51,53,590,46.5
TXO,202610W2,20261014.0,48150.0,Call,1580,1580,1580,1580,1610,▼-190,▼-10.73%,0,4,4,3,1610,1640,1800,650
TXO,202610W2,20261014.0,48150.0,Put,68,68,50,50,54,▼-33,▼-39.76%,0,15,15,4,54,56,640,50
TXO,202610W2,20261014.0,48200.0,Call,1560,1560,1520,1530,1570,▼-190,▼-11.05%,0,570,570,570,1560,1590,1750,660
TXO,202610W2,20261014.0,48200.0,Put,79,79,41,51,58,▼-32,▼-38.55%,9,380,389,362,58,60,675,41
TXO,202610W2,20261014.0,48250.0,Call,1490,1490,1490,1490,1520,▼-190,▼-11.31%,0,4,4,6,1520,-,1490,655
TXO,202610W2,20261014.0,48250.0,Put,79,84,56,59,59,▼-33,▼-35.87%,2,9,11,9,62,64,765,56
TXO,202610W2,20261014.0,48300.0,Call,1470,1470,1420,1420,1480,▼-210,▼-12.88%,0,600,600,601,1240,1580,1470,680
TXO,202610W2,20261014.0,48300.0,Put,78,84,59,68,68,▼-28,▼-29.17%,4,301,305,305,67,69,740,59
TXO,202610W2,20261014.0,48350.0,Call,1390,1390,1390,1390,1430,▼-200,▼-12.58%,0,5,5,5,1430,-,1390,755
TXO,202610W2,20261014.0,48350.0,Put,65,70,65,70,70,▼-32,▼-31.37%,0,6,6,7,72,74,575,65
TXO,202610W2,20261014.0,48400.0,Call,1350,1350,1350,1350,1390,▼-200,▼-12.90%,0,4,4,6,1380,1410,1350,570
TXO,202610W2,20261014.0,48400.0,Put,100,103,70,74,74,▼-35,▼-32.11%,6,40,46,38,77,79,805,70
TXO,202610W2,20261014.0,48450.0,Call,-,-,-,-,1340,-,-,1,0,1,2,1320,-,1550,565
TXO,202610W2,20261014.0,48450.0,Put,92,92,79,83,83,▼-32,▼-27.83%,0,10,10,8,83,85,805,79
TXO,202610W2,20261014.0,48500.0,Call,-,-,-,-,1300,-,-,0,0,0,11,1180,-,1460,595
TXO,202610W2,20261014.0,48500.0,Put,108,115,80,93,93,▼-24,▼-20.51%,22,305,327,234,89,92,835,80
TXO,202610W2,20261014.0,48550.0,Call,-,-,-,-,1260,-,-,0,0,0,2,1250,1280,1350,525
TXO,202610W2,20261014.0,48550.0,Put,-,-,-,-,96,-,-,0,0,0,3,96,99,780,780
TXO,202610W2,20261014.0,48600.0,Call,-,-,-,-,1210,-,-,0,0,0,0,1190,-,-,-
TXO,202610W2,20261014.0,48600.0,Put,120,132,95,105,105,▼-32,▼-23.36%,4,44,48,47,103,106,222,95
TXO,202610W2,20261014.0,48650.0,Call,-,-,-,-,1170,-,-,0,0,0,1,1170,1190,1270,1270
TXO,202610W2,20261014.0,48650.0,Put,129,129,102,109,109,▼-37,▼-25.34%,0,5,5,6,111,114,413,102
TXO,202610W2,20261014.0,48700.0,Call,-,-,-,-,1130,-,-,0,0,0,1,1130,1150,750,450
TXO,202610W2,20261014.0,48700.0,Put,128,133,108,108,120,▼-45,▼-29.41%,0,25,25,24,120,123,278,108
TXO,202610W2,20261014.0,48750.0,Call,-,-,-,-,1090,-,-,0,0,0,4,960,-,1180,440
TXO,202610W2,20261014.0,48750.0,Put,138,138,120,120,129,▼-44,▼-26.83%,0,3,3,5,129,132,895,120
TXO,202610W2,20261014.0,48800.0,Call,-,-,-,-,1050,-,-,0,0,0,4,905,-,1180,463
TXO,202610W2,20261014.0,48800.0,Put,142,166,137,141,141,▼-24,▼-14.55%,4,20,24,23,139,142,253,137
TXO,202610W2,20261014.0,48850.0,Call,-,-,-,-,1010,-,-,0,0,0,0,765,-,-,-
TXO,202610W2,20261014.0,48850.0,Put,166,166,142,142,142,▼-42,▼-22.83%,0,2,2,3,149,153,250,142
TXO,202610W2,20261014.0,48900.0,Call,-,-,-,-,970,-,-,0,0,0,7,940,-,975,439
TXO,202610W2,20261014.0,48900.0,Put,181,199,149,167,167,▼-29,▼-14.80%,13,31,44,22,160,164,346,149
TXO,202610W2,20261014.0,48950.0,Call,-,-,-,-,930,-,-,0,0,0,2,920,1050,325,325
TXO,202610W2,20261014.0,48950.0,Put,183,183,152,168,168,▼-39,▼-18.84%,0,4,4,23,173,178,370,152
TXO,202610W2,20261014.0,49000.0,Call,900,1000,870,905,905,▼-135,▼-12.98%,0,73,73,31,890,915,1120,350
TXO,202610W2,20261014.0,49000.0,Put,195,218,166,181,181,▼-42,▼-18.83%,10,69,79,67,185,190,690,166
TXO,202610W2,20261014.0,49050.0,Call,-,-,-,-,860,-,-,0,0,0,3,850,-,1060,1060
TXO,202610W2,20261014.0,49050.0,Put,199,199,191,191,191,▼-51,▼-21.07%,4,4,8,6,198,203,242,191
TXO,202610W2,20261014.0,49100.0,Call,830,830,785,785,825,▼-185,▼-19.07%,0,3,3,6,825,840,1010,308
TXO,202610W2,20261014.0,49100.0,Put,215,243,198,211,211,▼-36,▼-14.57%,3,16,19,13,213,218,342,198
TXO,202610W2,20261014.0,49150.0,Call,840,840,750,750,790,▼-200,▼-21.05%,0,3,3,5,790,805,920,750
TXO,202610W2,20261014.0,49150.0,Put,229,229,229,229,229,▼-35,▼-13.26%,0,2,2,3,228,233,313,229
TXO,202610W2,20261014.0,49200.0,Call,880,880,720,750,750,▼-165,▼-18.03%,0,7,7,6,760,770,970,280
TXO,202610W2,20261014.0,49200.0,Put,254,274,225,244,244,▼-33,▼-11.91%,4,27,31,31,243,249,530,225
TXO,202610W2,20261014.0,49250.0,Call,810,810,695,695,725,▼-185,▼-21.02%,0,7,7,1,725,735,810,695
TXO,202610W2,20261014.0,49250.0,Put,272,280,240,259,259,▼-34,▼-11.60%,2,11,13,5,261,266,470,240
TXO,202610W2,20261014.0,49300.0,Call,730,780,670,670,695,▼-180,▼-21.18%,0,15,15,15,695,705,890,263
TXO,202610W2,20261014.0,49300.0,Put,270,301,260,279,279,▼-30,▼-9.71%,11,19,30,24,278,284,660,250
TXO,202610W2,20261014.0,49350.0,Call,795,795,640,735,660,▼-80,▼-9.82%,0,8,8,2,660,675,795,344
TXO,202610W2,20261014.0,49350.0,Put,326,326,256,293,293,▼-34,▼-10.40%,0,12,12,6,286,302,435,256
TXO,202610W2,20261014.0,49400.0,Call,630,700,590,625,625,▼-155,▼-19.87%,1,13,14,5,625,640,840,210
TXO,202610W2,20261014.0,49400.0,Put,340,340,280,305,305,▼-31,▼-9.23%,8,27,35,29,316,322,815,274
TXO,202610W2,20261014.0,49450.0,Call,680,680,560,560,600,▼-190,▼-25.33%,0,13,13,1,600,610,680,315
TXO,202610W2,20261014.0,49450.0,Put,316,340,316,333,333,▼-31,▼-8.52%,0,12,12,1,336,343,580,316
TXO,202610W2,20261014.0,49500.0,Call,650,670,560,570,570,▼-130,▼-18.57%,0,28,28,30,570,585,780,178
TXO,202610W2,20261014.0,49500.0,Put,390,401,320,363,363,▼-21,▼-5.47%,7,57,64,44,357,364,620,320
TXO,202610W2,20261014.0,49550.0,Call,660,660,505,505,545,▼-185,▼-26.81%,0,7,7,7,545,555,660,505
TXO,202610W2,20261014.0,49550.0,Put,336,410,336,377,377,▼-28,▼-6.91%,2,8,10,10,379,385,520,336
TXO,202610W2,20261014.0,49600.0,Call,580,620,476,505,505,▼-160,▼-24.06%,0,32,32,16,515,530,720,212
TXO,202610W2,20261014.0,49600.0,Put,390,431,348,410,410,▼-20,▼-4.65%,6,49,55,29,402,409,580,340
TXO,202610W2,20261014.0,49650.0,Call,481,481,456,456,494,▼-179,▼-28.19%,0,7,7,7,493,500,481,456
TXO,202610W2,20261014.0,49650.0,Put,396,434,388,434,434,▼-15,▼-3.34%,0,17,17,10,322,456,600,388
TXO,202610W2,20261014.0,49700.0,Call,460,550,428,465,465,▼-145,▼-23.77%,0,119,119,110,468,475,600,185
TXO,202610W2,20261014.0,49700.0,Put,453,472,418,455,455,▼-16,▼-3.40%,0,99,99,52,450,-,555,418
TXO,202610W2,20261014.0,49750.0,Call,515,550,408,408,451,▼-167,▼-29.04%,0,38,38,28,444,451,575,408
TXO,202610W2,20261014.0,49750.0,Put,460,515,411,487,487,▼-7,▼-1.42%,0,27,27,11,475,483,600,411
TXO,202610W2,20261014.0,49800.0,Call,490,520,384,422,422,▼-123,▼-22.57%,3,116,119,120,420,427,610,126
TXO,202610W2,20261014.0,49800.0,Put,454,545,449,515,515,▲+5,▲+0.98%,10,58,68,30,500,510,655,420
TXO,202610W2,20261014.0,49850.0,Call,452,497,369,390,390,▼-140,▼-26.42%,0,62,62,28,397,404,585,369
TXO,202610W2,20261014.0,49850.0,Put,477,540,458,540,540,▲+20,▲+3.85%,0,36,36,11,530,540,655,458
TXO,202610W2,20261014.0,49900.0,Call,428,470,345,374,374,▼-125,▼-25.05%,0,45,45,26,376,383,540,154
TXO,202610W2,20261014.0,49900.0,Put,580,580,493,575,575,▲+15,▲+2.68%,0,49,49,38,550,575,630,493
TXO,202610W2,20261014.0,49950.0,Call,448,448,316,316,362,▼-162,▼-33.89%,0,8,8,5,355,362,478,316
TXO,202610W2,20261014.0,49950.0,Put,510,615,510,615,615,▲+30,▲+5.13%,0,5,5,4,580,605,615,510
TXO,202610W2,20261014.0,50000.0,Call,392,425,302,330,330,▼-123,▼-27.15%,8,109,117,68,336,342,550,100
TXO,202610W2,20261014.0,50000.0,Put,560,560,560,560,635,▼-50,▼-8.20%,3,2,5,9,610,650,760,525
TXO,202610W2,20261014.0,50050.0,Call,310,370,310,310,310,▼-121,▼-28.07%,1,6,7,3,316,323,458,310
TXO,202610W2,20261014.0,50050.0,Put,-,-,-,-,665,-,-,1,0,1,1,545,-,630,630
TXO,202610W2,20261014.0,50100.0,Call,329,363,273,300,300,▼-110,▼-26.83%,4,102,106,48,298,304,478,104
TXO,202610W2,20261014.0,50100.0,Put,670,670,670,670,695,0,0%,1,1,2,1,590,695,690,630
TXO,202610W2,20261014.0,50150.0,Call,326,326,310,310,287,▼-80,▼-20.51%,0,5,5,4,281,287,326,310
TXO,202610W2,20261014.0,50150.0,Put,-,-,-,-,730,-,-,0,0,0,0,705,-,-,-
TXO,202610W2,20261014.0,50200.0,Call,298,311,236,266,266,▼-105,▼-28.30%,5,36,41,49,265,271,425,77
TXO,202610W2,20261014.0,50200.0,Put,-,-,-,-,760,-,-,0,0,0,2,720,760,880,710
TXO,202610W2,20261014.0,50250.0,Call,278,278,248,248,248,▼-102,▼-29.14%,0,3,3,2,249,255,278,248
TXO,202610W2,20261014.0,50250.0,Put,-,-,-,-,795,-,-,0,0,0,0,690,-,-,-
TXO,202610W2,20261014.0,50300.0,Call,271,300,209,229,229,▼-105,▼-31.44%,3,91,94,77,234,237,420,101
TXO,202610W2,20261014.0,50300.0,Put,-,-,-,-,830,-,-,0,0,0,0,790,-,-,-
TXO,202610W2,20261014.0,50350.0,Call,207,207,207,207,226,▼-109,▼-34.49%,0,4,4,4,221,226,207,207
TXO,202610W2,20261014.0,50350.0,Put,-,-,-,-,865,-,-,0,0,0,0,815,865,-,-
TXO,202610W2,20261014.0,50400.0,Call,269,269,187,206,206,▼-94,▼-31.33%,0,17,17,12,208,213,345,63
TXO,202610W2,20261014.0,50400.0,Put,-,-,-,-,905,-,-,0,0,0,0,850,-,-,-
TXO,202610W2,20261014.0,50450.0,Call,195,217,195,217,199,▼-67,▼-23.59%,0,4,4,0,194,199,217,195
TXO,202610W2,20261014.0,50450.0,Put,-,-,-,-,940,-,-,0,0,0,0,890,-,-,-
TXO,202610W2,20261014.0,50500.0,Call,218,238,160,184,184,▼-84,▼-31.34%,49,71,120,101,183,187,374,52
TXO,202610W2,20261014.0,50500.0,Put,-,-,-,-,980,-,-,0,0,0,1,925,-,950,950
TXO,202610W2,20261014.0,50550.0,Call,199,199,165,169,169,▼-84,▼-33.20%,0,7,7,5,172,176,199,165
TXO,202610W2,20261014.0,50550.0,Put,-,-,-,-,1020,-,-,0,0,0,1,965,-,950,950
TXO,202610W2,20261014.0,50600.0,Call,205,205,150,155,155,▼-75,▼-32.61%,1,21,22,15,161,165,284,50
TXO,202610W2,20261014.0,50600.0,Put,930,930,930,930,1060,▼-70,▼-7.00%,0,1,1,1,1010,-,1070,930
TXO,202610W2,20261014.0,50650.0,Call,-,-,-,-,154,-,-,2,0,2,2,150,154,285,237
TXO,202610W2,20261014.0,50650.0,Put,-,-,-,-,1090,-,-,0,0,0,0,1060,1100,-,-
TXO,202610W2,20261014.0,50700.0,Call,183,183,126,126,145,▼-89,▼-41.40%,2,25,27,12,141,145,255,43
TXO,202610W2,20261014.0,50700.0,Put,1100,1160,1100,1160,1140,▲+90,▲+8.41%,0,2,2,2,1100,1140,1160,1100
TXO,202610W2,20261014.0,50750.0,Call,165,165,165,165,136,▼-37,▼-18.32%,0,1,1,1,132,136,165,165
TXO,202610W2,20261014.0,50750.0,Put,-,-,-,-,1180,-,-,0,0,0,0,1140,1180,-,-
TXO,202610W2,20261014.0,50800.0,Call,147,157,110,124,124,▼-72,▼-36.73%,6,55,61,52,124,127,259,70
TXO,202610W2,20261014.0,50800.0,Put,1130,1130,1130,1130,1220,▼-20,▼-1.74%,0,1,1,1,1190,1220,1130,1130
TXO,202610W2,20261014.0,50850.0,Call,100,110,100,110,119,▼-70,▼-38.89%,0,6,6,4,116,119,110,100
TXO,202610W2,20261014.0,50850.0,Put,-,-,-,-,1260,-,-,0,0,0,0,-,1260,-,-
TXO,202610W2,20261014.0,50900.0,Call,129,145,96,104,104,▼-69,▼-39.88%,0,41,41,35,108,111,239,48.5
TXO,202610W2,20261014.0,50900.0,Put,-,-,-,-,1300,-,-,0,0,0,0,1280,1310,-,-
TXO,202610W2,20261014.0,50950.0,Call,-,-,-,-,103,-,-,0,0,0,0,101,104,-,-
TXO,202610W2,20261014.0,50950.0,Put,-,-,-,-,1340,-,-,0,0,0,0,1320,1350,-,-
TXO,202610W2,20261014.0,51000.0,Call,140,140,81,94,94,▼-57,▼-37.75%,31,141,172,109,95,97,201,40
TXO,202610W2,20261014.0,51000.0,Put,-,-,-,-,1390,-,-,2,0,2,0,1360,1390,1300,1250
TXO,202610W2,20261014.0,51050.0,Call,107,109,80,86,86,▼-56,▼-39.44%,0,15,15,9,87,90,109,80
TXO,202610W2,20261014.0,51050.0,Put,-,-,-,-,1430,-,-,0,0,0,0,1410,1430,-,-
TXO,202610W2,20261014.0,51100.0,Call,114,114,77,82,82,▼-58,▼-41.43%,0,36,36,36,81,84,159,32
TXO,202610W2,20261014.0,51100.0,Put,-,-,-,-,1470,-,-,0,0,0,0,1440,1480,-,-
TXO,202610W2,20261014.0,51150.0,Call,-,-,-,-,79,-,-,0,0,0,1,76,79,117,117
TXO,202610W2,20261014.0,51150.0,Put,-,-,-,-,1520,-,-,0,0,0,0,-,1520,-,-
TXO,202610W2,20261014.0,51200.0,Call,89,96,68,68,68,▼-48,▼-41.38%,4,33,37,15,70,73,136,28.5
TXO,202610W2,20261014.0,51200.0,Put,-,-,-,-,1560,-,-,0,0,0,0,1530,1570,-,-
TXO,202610W2,20261014.0,51250.0,Call,-,-,-,-,67,-,-,0,0,0,0,66,68,-,-
TXO,202610W2,20261014.0,51250.0,Put,-,-,-,-,1610,-,-,0,0,0,0,-,1630,-,-
TXO,202610W2,20261014.0,51300.0,Call,76,78,51,51,63,▼-55,▼-51.89%,3,15,18,12,61,63,125,51
TXO,202610W2,20261014.0,51300.0,Put,-,-,-,-,1650,-,-,0,0,0,0,1620,1660,-,-
TXO,202610W2,20261014.0,51400.0,Call,68,73,49,53,53,▼-39,▼-42.39%,6,34,40,28,53,55,120,49
TXO,202610W2,20261014.0,51400.0,Put,-,-,-,-,1740,-,-,0,0,0,0,1710,1750,-,-
TXO,202610W2,20261014.0,51500.0,Call,52,63,42.5,42.5,42.5,▼-45.5,▼-51.70%,3,54,57,47,45.5,47,107,22
TXO,202610W2,20261014.0,51500.0,Put,-,-,-,-,1840,-,-,0,0,0,0,995,1860,-,-
TXO,202610W2,20261014.0,51600.0,Call,53,55,37,44.5,41,▼-30.5,▼-40.67%,2,32,34,22,39.5,41,94,19.5
TXO,202610W2,20261014.0,51600.0,Put,-,-,-,-,1930,-,-,0,0,0,0,1910,1940,-,-
TXO,202610W2,20261014.0,51700.0,Call,45,45,29.5,34,34,▼-29,▼-46.03%,1,24,25,13,34,35.5,73,25.5
TXO,202610W2,20261014.0,51700.0,Put,-,-,-,-,2020,-,-,0,0,0,0,2000,2030,-,-
TXO,202610W2,20261014.0,51800.0,Call,40,40,26,26,30.5,▼-28,▼-51.85%,2,6,8,13,29.5,30.5,71,15.5
TXO,202610W2,20261014.0,51800.0,Put,-,-,-,-,2120,-,-,0,0,0,0,2100,2130,-,-
TXO,202610W2,20261014.0,51900.0,Call,31.5,34.5,23.5,23.5,23.5,▼-23.5,▼-50.00%,5,16,21,14,25.5,26.5,73,15.5
TXO,202610W2,20261014.0,51900.0,Put,-,-,-,-,2220,-,-,0,0,0,0,-,2240,-,-
TXO,202610W2,20261014.0,52000.0,Call,28.5,31,19,22.5,22.5,▼-18.5,▼-45.12%,41,78,119,76,22,23,57,13
TXO,202610W2,20261014.0,52000.0,Put,-,-,-,-,2310,-,-,0,0,0,0,-,-,-,-
TXO,202610W2,20261014.0,52100.0,Call,22,24.5,16.5,16.5,20,▼-19.5,▼-54.17%,1,18,19,12,19,20,48,13
TXO,202610W2,20261014.0,52100.0,Put,-,-,-,-,2410,-,-,0,0,0,0,2390,2410,-,-
TXO,202610W2,20261014.0,52200.0,Call,17,17,15.5,15.5,15.5,▼-16,▼-50.79%,0,6,6,7,16.5,17.5,44,10
TXO,202610W2,20261014.0,52200.0,Put,-,-,-,-,2510,-,-,0,0,0,0,-,2530,-,-
TXO,202610W2,20261014.0,52300.0,Call,18,20,13,13,14.5,▼-14,▼-51.85%,0,18,18,38,14.5,15.5,33,10
TXO,202610W2,20261014.0,52300.0,Put,-,-,-,-,2600,-,-,0,0,0,0,2580,2610,-,-
TXO,202610W2,20261014.0,52400.0,Call,14.5,14.5,11.5,12,12,▼-13,▼-52.00%,0,8,8,7,12.5,13.5,32,9.7
TXO,202610W2,20261014.0,52400.0,Put,-,-,-,-,2700,-,-,0,0,0,0,-,2730,-,-
TXO,202610W2,20261014.0,52500.0,Call,15,15,9.9,9.9,11.5,▼-10.6,▼-51.71%,15,34,49,26,11,12,28.5,8.9
TXO,202610W2,20261014.0,52500.0,Put,-,-,-,-,2800,-,-,0,0,0,0,2780,2810,-,-
TXO,202610W2,20261014.0,52600.0,Call,10.5,10.5,9.6,10,10,▼-10,▼-50.00%,0,16,16,14,10,10.5,23,9.6
TXO,202610W2,20261014.0,52600.0,Put,-,-,-,-,2900,-,-,0,0,0,0,2880,2910,-,-
TXO,202610W2,20261014.0,52700.0,Call,-,-,-,-,9.2,-,-,0,0,0,1,8.7,9.3,18.5,8.1
TXO,202610W2,20261014.0,52700.0,Put,-,-,-,-,3000,-,-,0,0,0,0,-,3000,-,-
TXO,202610W2,20261014.0,52800.0,Call,11.5,11.5,7.6,7.6,7.6,▼-6.9,▼-47.59%,1,2,3,7,7.9,8.3,19,6
TXO,202610W2,20261014.0,52800.0,Put,-,-,-,-,3100,-,-,0,0,0,0,-,3120,-,-
TXO,202610W2,20261014.0,52900.0,Call,-,-,-,-,7.3,-,-,35,0,35,36,6.9,7.4,18,11.5
TXO,202610W2,20261014.0,52900.0,Put,-,-,-,-,3200,-,-,0,0,0,0,-,3220,-,-
TXO,202610W2,20261014.0,53000.0,Call,6.3,6.5,5.5,5.5,6.7,▼-6,▼-52.17%,17,34,51,42,6.3,6.7,18,5.5
TXO,202610W2,20261014.0,53000.0,Put,-,-,-,-,3300,-,-,0,0,0,0,3270,3300,-,-
TXO,202610W2,20261014.0,53100.0,Call,-,-,-,-,5.9,-,-,0,0,0,0,5.6,6,11.5,9.9
TXO,202610W2,20261014.0,53100.0,Put,-,-,-,-,3390,-,-,0,0,0,0,-,3420,-,-
TXO,202610W2,20261014.0,53200.0,Call,6.5,6.5,6.1,6.1,5.6,▼-3,▼-32.97%,0,2,2,8,4.9,6,10.5,6.1
TXO,202610W2,20261014.0,53200.0,Put,-,-,-,-,3490,-,-,0,0,0,0,-,-,-,-
TXO,202610W2,20261014.0,53300.0,Call,-,-,-,-,5.2,-,-,0,0,0,0,4.5,5.6,-,-
TXO,202610W2,20261014.0,53300.0,Put,-,-,-,-,3590,-,-,0,0,0,0,-,-,-,-
TXO,202610W2,20261014.0,53400.0,Call,3.4,3.4,3.4,3.4,4.8,▼-4.3,▼-55.84%,0,3,3,2,4.1,5.2,9.5,3.4
TXO,202610W2,20261014.0,53400.0,Put,-,-,-,-,3690,-,-,0,0,0,0,3670,3700,-,-
TXO,202610W2,20261014.0,53500.0,Call,-,-,-,-,4.2,-,-,0,0,0,0,3.3,4.4,-,-
TXO,202610W2,20261014.0,53500.0,Put,-,-,-,-,3790,-,-,0,0,0,0,-,3820,-,-
TXO,202610W2,20261014.0,53600.0,Call,5.5,5.5,5.3,5.3,3.6,▼-1,▼-15.87%,0,14,14,14,3,4.1,5.5,5.3
TXO,202610W2,20261014.0,53600.0,Put,-,-,-,-,3890,-,-,0,0,0,0,-,3920,-,-
TXO,202610W2,20261014.0,53700.0,Call,-,-,-,-,3.3,-,-,0,0,0,3,2.7,3.8,6.8,6.8
TXO,202610W2,20261014.0,53700.0,Put,-,-,-,-,3990,-,-,0,0,0,0,3970,4000,-,-
TXO,202610W2,20261014.0,53800.0,Call,-,-,-,-,3,-,-,0,0,0,0,2.4,3.5,-,-
TXO,202610W2,20261014.0,53800.0,Put,-,-,-,-,4090,-,-,0,0,0,0,-,4100,-,-
TXO,202610W2,20261014.0,53900.0,Call,-,-,-,-,2.7,-,-,0,0,0,1,2.1,3.2,5,5
TXO,202610W2,20261014.0,53900.0,Put,-,-,-,-,4190,-,-,0,0,0,0,-,4200,-,-
TXO,202610W2,20261014.0,54000.0,Call,-,-,-,-,2.5,-,-,0,0,0,1,1.9,2.9,4.7,4.7
TXO,202610W2,20261014.0,54000.0,Put,-,-,-,-,4290,-,-,0,0,0,0,-,4320,-,-
TXO,202610W2,20261014.0,54100.0,Call,-,-,-,-,2.3,-,-,0,0,0,1,1.7,2.7,4.2,4.2
TXO,202610W2,20261014.0,54100.0,Put,-,-,-,-,4390,-,-,0,0,0,0,-,4400,-,-
TXO,202610W2,20261014.0,54200.0,Call,-,-,-,-,2.1,-,-,0,0,0,1,1.6,2.5,3.7,3.7
TXO,202610W2,20261014.0,54200.0,Put,-,-,-,-,4490,-,-,0,0,0,0,-,-,-,-
TXO,202610W2,20261014.0,54300.0,Call,1.5,1.5,1.5,1.5,1.9,▼-2.2,▼-59.46%,0,3,3,4,1.4,2.4,3.3,1.5
TXO,202610W2,20261014.0,54300.0,Put,-,-,-,-,4590,-,-,0,0,0,0,-,-,-,-
TXO,202610W2,20261014.0,54400.0,Call,-,-,-,-,1.8,-,-,0,0,0,1,1.3,2.2,4,3
TXO,202610W2,20261014.0,54400.0,Put,-,-,-,-,4690,-,-,0,0,0,0,-,-,-,-
TXO,202610W2,20261014.0,54500.0,Call,-,-,-,-,1.6,-,-,0,0,0,0,1.2,2,-,-
TXO,202610W2,20261014.0,54500.0,Put,-,-,-,-,4790,-,-,0,0,0,0,-,-,-,-
TXO,202610W2,20261014.0,54600.0,Call,-,-,-,-,1.5,-,-,0,0,0,0,1,1.9,-,-
TXO,202610W2,20261014.0,54600.0,Put,-,-,-,-,4890,-,-,0,0,0,0,-,-,-,-
TXO,202610W2,20261014.0,54700.0,Call,2.1,2.1,2.1,2.1,1.3,▼-0.6,▼-22.22%,0,1,1,8,0.9,1.7,3.5,2.1
TXO,202610W2,20261014.0,54700.0,Put,-,-,-,-,4990,-,-,0,0,0,0,-,-,-,-
TXO,202610W2,20261014.0,54800.0,Call,-,-,-,-,1,-,-,0,0,0,0,0.9,1.6,-,-
TXO,202610W2,20261014.0,54800.0,Put,-,-,-,-,5090,-,-,0,0,0,0,-,-,-,-
TXO,202610W2,20261014.0,54900.0,Call,1.1,1.1,0.9,0.9,0.9,▲+0.8,-,0,288,288,288,0.8,1,1.1,0.9
TXO,202610W2,20261014.0,54900.0,Put,-,-,-,-,5190,-,-,0,0,0,0,-,-,-,-
TXO,202610F3,20261016.0,43500.0,Call,-,-,-,-,6290,-,-,0,0,0,0,-,6320,-,-
TXO,202610F3,20261016.0,43500.0,Put,12,14,10.5,10.5,10.5,▼-5,▼-32.26%,5,26,31,73,10,11,26,10.5
TXO,202610F3,20261016.0,43600.0,Call,-,-,-,-,6190,-,-,0,0,0,0,-,6220,-,-
TXO,202610F3,20261016.0,43600.0,Put,-,-,-,-,11,-,-,0,0,0,0,10.5,11.5,-,-
TXO,202610F3,20261016.0,43700.0,Call,-,-,-,-,6090,-,-,0,0,0,0,-,6120,-,-
TXO,202610F3,20261016.0,43700.0,Put,-,-,-,-,11,-,-,0,0,0,1,11,11.5,26.5,19
TXO,202610F3,20261016.0,43800.0,Call,-,-,-,-,5990,-,-,0,0,0,0,-,6020,-,-
TXO,202610F3,20261016.0,43800.0,Put,-,-,-,-,11.5,-,-,0,0,0,6,11.5,12,21,17
TXO,202610F3,20261016.0,43900.0,Call,-,-,-,-,5890,-,-,0,0,0,0,-,5920,-,-
TXO,202610F3,20261016.0,43900.0,Put,14.5,14.5,14.5,14.5,12,▼-2.5,▼-14.71%,0,7,7,3,11.5,12.5,30.5,14.5
TXO,202610F3,20261016.0,44000.0,Call,-,-,-,-,5790,-,-,0,0,0,0,-,5820,-,-
TXO,202610F3,20261016.0,44000.0,Put,13.5,13.5,13.5,13.5,12.5,▼-4.5,▼-25.00%,0,1,1,46,12,13,22,13.5
TXO,202610F3,20261016.0,44100.0,Call,-,-,-,-,5690,-,-,0,0,0,0,-,5720,-,-
TXO,202610F3,20261016.0,44100.0,Put,-,-,-,-,13,-,-,0,0,0,1,12.5,13.5,19,19
TXO,202610F3,20261016.0,44200.0,Call,-,-,-,-,5590,-,-,0,0,0,0,5570,5620,-,-
TXO,202610F3,20261016.0,44200.0,Put,-,-,-,-,13,-,-,0,0,0,1,13,13.5,24,24
TXO,202610F3,20261016.0,44300.0,Call,-,-,-,-,5490,-,-,0,0,0,0,-,5520,-,-
TXO,202610F3,20261016.0,44300.0,Put,-,-,-,-,13.5,-,-,0,0,0,1,13.5,14,26,26
TXO,202610F3,20261016.0,44400.0,Call,-,-,-,-,5390,-,-,0,0,0,0,-,5420,-,-
TXO,202610F3,20261016.0,44400.0,Put,-,-,-,-,14,-,-,0,0,0,1,14,14.5,31,21
TXO,202610F3,20261016.0,44500.0,Call,-,-,-,-,5290,-,-,0,0,0,0,-,5320,-,-
TXO,202610F3,20261016.0,44500.0,Put,-,-,-,-,14.5,-,-,0,0,0,3,14.5,15,38,20
TXO,202610F3,20261016.0,44600.0,Call,-,-,-,-,5190,-,-,0,0,0,0,-,5220,-,-
TXO,202610F3,20261016.0,44600.0,Put,-,-,-,-,15,-,-,0,0,0,0,15,15.5,-,-
TXO,202610F3,20261016.0,44700.0,Call,-,-,-,-,5090,-,-,0,0,0,0,-,5120,-,-
TXO,202610F3,20261016.0,44700.0,Put,-,-,-,-,15.5,-,-,0,0,0,1,15.5,16,23,23
TXO,202610F3,20261016.0,44800.0,Call,-,-,-,-,4990,-,-,0,0,0,0,-,5020,-,-
TXO,202610F3,20261016.0,44800.0,Put,-,-,-,-,16,-,-,0,0,0,4,16,16.5,30,23
TXO,202610F3,20261016.0,44900.0,Call,-,-,-,-,4890,-,-,0,0,0,0,-,4920,-,-
TXO,202610F3,20261016.0,44900.0,Put,-,-,-,-,16.5,-,-,1,0,1,0,16.5,17,28,21
TXO,202610F3,20261016.0,45000.0,Call,-,-,-,-,4790,-,-,0,0,0,0,-,4820,-,-
TXO,202610F3,20261016.0,45000.0,Put,21,21,21,21,17.5,▼-3.5,▼-14.29%,0,1,1,128,17,18,51,21
TXO,202610F3,20261016.0,45100.0,Call,-,-,-,-,4690,-,-,0,0,0,0,-,4720,-,-
TXO,202610F3,20261016.0,45100.0,Put,-,-,-,-,18,-,-,0,0,0,0,17.5,18.5,-,-
TXO,202610F3,20261016.0,45200.0,Call,-,-,-,-,4590,-,-,0,0,0,0,-,4620,-,-
TXO,202610F3,20261016.0,45200.0,Put,-,-,-,-,18.5,-,-,0,0,0,0,18,19,-,-
TXO,202610F3,20261016.0,45300.0,Call,-,-,-,-,4500,-,-,0,0,0,0,4480,4520,-,-
TXO,202610F3,20261016.0,45300.0,Put,21.5,21.5,21.5,21.5,19,▼-5,▼-18.87%,0,1,1,6,19,19.5,65,21.5
TXO,202610F3,20261016.0,45400.0,Call,-,-,-,-,4400,-,-,0,0,0,0,-,4430,-,-
TXO,202610F3,20261016.0,45400.0,Put,-,-,-,-,20,-,-,0,0,0,4,19.5,20.5,67,65
TXO,202610F3,20261016.0,45500.0,Call,-,-,-,-,4300,-,-,0,0,0,0,-,4330,-,-
TXO,202610F3,20261016.0,45500.0,Put,25,25,25,25,21,▼-4,▼-13.79%,2,1,3,23,20.5,21.5,72,25
TXO,202610F3,20261016.0,45600.0,Call,-,-,-,-,4200,-,-,0,0,0,0,-,4230,-,-
TXO,202610F3,20261016.0,45600.0,Put,-,-,-,-,21.5,-,-,1,0,1,18,21.5,22,61,28
TXO,202610F3,20261016.0,45700.0,Call,-,-,-,-,4100,-,-,0,0,0,0,-,4130,-,-
TXO,202610F3,20261016.0,45700.0,Put,26.5,26.5,26.5,26.5,22.5,▼-5.5,▼-17.19%,0,1,1,15,22,23,77,26.5
TXO,202610F3,20261016.0,45800.0,Call,-,-,-,-,4000,-,-,0,0,0,0,-,4030,-,-
TXO,202610F3,20261016.0,45800.0,Put,29,29,29,29,23.5,▼-3.5,▼-10.77%,0,1,1,12,23,24,71,29
TXO,202610F3,20261016.0,45900.0,Call,-,-,-,-,3900,-,-,0,0,0,0,-,3930,-,-
TXO,202610F3,20261016.0,45900.0,Put,-,-,-,-,24.5,-,-,0,0,0,24,24,25,102,32.5
TXO,202610F3,20261016.0,46000.0,Call,-,-,-,-,3800,-,-,0,0,0,0,-,3830,-,-
TXO,202610F3,20261016.0,46000.0,Put,30,30,23.5,24.5,24.5,▼-11.5,▼-31.94%,8,17,25,24,25,26,112,23.5
TXO,202610F3,20261016.0,46100.0,Call,-,-,-,-,3700,-,-,0,0,0,0,3690,3720,-,-
TXO,202610F3,20261016.0,46100.0,Put,-,-,-,-,27,-,-,0,0,0,6,26.5,27.5,85,85
TXO,202610F3,20261016.0,46200.0,Call,-,-,-,-,3600,-,-,0,0,0,0,3590,3620,-,-
TXO,202610F3,20261016.0,46200.0,Put,30.5,30.5,30.5,30.5,28.5,▼-8.5,▼-21.79%,0,1,1,1,28,29,30.5,30.5
TXO,202610F3,20261016.0,46300.0,Call,-,-,-,-,3510,-,-,0,0,0,0,3490,3520,-,-
TXO,202610F3,20261016.0,46300.0,Put,33.5,33.5,33.5,33.5,30,▼-7.5,▼-18.29%,0,1,1,0,29.5,30.5,42,33.5
TXO,202610F3,20261016.0,46400.0,Call,-,-,-,-,3410,-,-,0,0,0,0,3390,-,-,-
TXO,202610F3,20261016.0,46400.0,Put,-,-,-,-,31.5,-,-,0,0,0,1,31,32,44,44
TXO,202610F3,20261016.0,46500.0,Call,-,-,-,-,3310,-,-,0,0,0,0,-,3340,-,-
TXO,202610F3,20261016.0,46500.0,Put,41.5,41.5,41,41,33.5,▼-4,▼-8.89%,5,2,7,13,33,34,165,41
TXO,202610F3,20261016.0,46600.0,Call,-,-,-,-,3210,-,-,0,0,0,0,3200,3230,-,-
TXO,202610F3,20261016.0,46600.0,Put,-,-,-,-,35.5,-,-,0,0,0,0,35,36,185,48
TXO,202610F3,20261016.0,46700.0,Call,-,-,-,-,3110,-,-,0,0,0,0,3100,3130,-,-
TXO,202610F3,20261016.0,46700.0,Put,41.5,41.5,40,40,40,▼-10,▼-20.00%,2,2,4,0,37.5,38.5,57,40
TXO,202610F3,20261016.0,46800.0,Call,-,-,-,-,3020,-,-,0,0,0,0,3000,3030,-,-
TXO,202610F3,20261016.0,46800.0,Put,-,-,-,-,40.5,-,-,0,0,0,4,40,41,165,52
TXO,202610F3,20261016.0,46900.0,Call,-,-,-,-,2920,-,-,0,0,0,0,-,2950,-,-
TXO,202610F3,20261016.0,46900.0,Put,41,41,41,41,41,▼-16,▼-28.07%,0,1,1,2,43,44,193,41
TXO,202610F3,20261016.0,46950.0,Call,-,-,-,-,2870,-,-,0,0,0,0,2860,2890,-,-
TXO,202610F3,20261016.0,46950.0,Put,-,-,-,-,45,-,-,1,0,1,1,44.5,45.5,57,57
TXO,202610F3,20261016.0,47000.0,Call,-,-,-,-,2820,-,-,0,0,0,0,2810,2840,-,-
TXO,202610F3,20261016.0,47000.0,Put,56,56,49.5,49.5,46.5,▼-10.5,▼-17.50%,0,4,4,4,46,47.5,100,49.5
TXO,202610F3,20261016.0,47050.0,Call,-,-,-,-,2780,-,-,0,0,0,0,2760,2790,-,-
TXO,202610F3,20261016.0,47050.0,Put,-,-,-,-,48,-,-,0,0,0,0,47.5,49,-,-
TXO,202610F3,20261016.0,47100.0,Call,-,-,-,-,2730,-,-,0,0,0,0,2710,2740,-,-
TXO,202610F3,20261016.0,47100.0,Put,-,-,-,-,50,-,-,0,0,0,2,49.5,51,74,71
TXO,202610F3,20261016.0,47150.0,Call,-,-,-,-,2680,-,-,0,0,0,0,2670,-,-,-
TXO,202610F3,20261016.0,47150.0,Put,-,-,-,-,52,-,-,0,0,0,30,51,53,254,250
TXO,202610F3,20261016.0,47200.0,Call,-,-,-,-,2630,-,-,0,0,0,0,2620,-,-,-
TXO,202610F3,20261016.0,47200.0,Put,60,60,60,60,54,▼-8,▼-11.76%,0,1,1,11,53,55,249,60
TXO,202610F3,20261016.0,47250.0,Call,-,-,-,-,2580,-,-,0,0,0,0,2570,2600,-,-
TXO,202610F3,20261016.0,47250.0,Put,-,-,-,-,57,-,-,0,0,0,1,56,58,305,72
TXO,202610F3,20261016.0,47300.0,Call,-,-,-,-,2540,-,-,0,0,0,0,2520,2550,-,-
TXO,202610F3,20261016.0,47300.0,Put,-,-,-,-,59,-,-,0,0,0,1,58,60,195,75
TXO,202610F3,20261016.0,47350.0,Call,-,-,-,-,2490,-,-,0,0,0,0,2470,2500,-,-
TXO,202610F3,20261016.0,47350.0,Put,-,-,-,-,61,-,-,0,0,0,0,60,62,302,207
TXO,202610F3,20261016.0,47400.0,Call,-,-,-,-,2440,-,-,0,0,0,0,2430,2460,-,-
TXO,202610F3,20261016.0,47400.0,Put,67,67,67,67,67,▼-13,▼-16.25%,0,1,1,2,63,65,350,67
TXO,202610F3,20261016.0,47450.0,Call,-,-,-,-,2390,-,-,0,0,0,0,2380,2410,-,-
TXO,202610F3,20261016.0,47450.0,Put,-,-,-,-,67,-,-,0,0,0,5,66,68,358,101
TXO,202610F3,20261016.0,47500.0,Call,-,-,-,-,2350,-,-,0,0,0,0,2330,2360,-,-
TXO,202610F3,20261016.0,47500.0,Put,-,-,-,-,70,-,-,1,0,1,8,69,71,193,77
TXO,202610F3,20261016.0,47550.0,Call,-,-,-,-,2300,-,-,0,0,0,0,2290,-,-,-
TXO,202610F3,20261016.0,47550.0,Put,-,-,-,-,73,-,-,0,0,0,0,72,74,118,98
TXO,202610F3,20261016.0,47600.0,Call,-,-,-,-,2250,-,-,0,0,0,0,2240,2270,-,-
TXO,202610F3,20261016.0,47600.0,Put,-,-,-,-,76,-,-,0,0,0,3,75,77,107,102
TXO,202610F3,20261016.0,47650.0,Call,-,-,-,-,2210,-,-,0,0,0,0,2190,2220,-,-
TXO,202610F3,20261016.0,47650.0,Put,-,-,-,-,79,-,-,0,0,0,3,78,81,132,100
TXO,202610F3,20261016.0,47700.0,Call,-,-,-,-,2160,-,-,0,0,0,0,2150,-,-,-
TXO,202610F3,20261016.0,47700.0,Put,-,-,-,-,83,-,-,0,0,0,0,82,84,-,-
TXO,202610F3,20261016.0,47750.0,Call,-,-,-,-,2110,-,-,0,0,0,0,2100,2130,-,-
TXO,202610F3,20261016.0,47750.0,Put,-,-,-,-,87,-,-,0,0,0,0,86,88,-,-
TXO,202610F3,20261016.0,47800.0,Call,-,-,-,-,2070,-,-,0,0,0,0,2050,2080,-,-
TXO,202610F3,20261016.0,47800.0,Put,-,-,-,-,91,-,-,0,0,0,0,90,92,296,190
TXO,202610F3,20261016.0,47850.0,Call,-,-,-,-,2020,-,-,0,0,0,0,2010,2040,-,-
TXO,202610F3,20261016.0,47850.0,Put,104,105,97,97,97,▼-15,▼-13.39%,0,5,5,6,95,98,488,97
TXO,202610F3,20261016.0,47900.0,Call,-,-,-,-,1980,-,-,0,0,0,0,1960,1990,-,-
TXO,202610F3,20261016.0,47900.0,Put,104,104,104,104,104,▼-12,▼-10.34%,0,1,1,1,99,102,338,104
TXO,202610F3,20261016.0,47950.0,Call,-,-,-,-,1930,-,-,0,0,0,0,1920,1950,-,-
TXO,202610F3,20261016.0,47950.0,Put,-,-,-,-,105,-,-,0,0,0,0,104,107,-,-
TXO,202610F3,20261016.0,48000.0,Call,-,-,-,-,1890,-,-,0,0,0,0,1870,1900,1380,1080
TXO,202610F3,20261016.0,48000.0,Put,109,129,109,129,111,▲+3,▲+2.38%,0,6,6,8,110,113,299,109
TXO,202610F3,20261016.0,48050.0,Call,-,-,-,-,1840,-,-,0,0,0,0,1830,1860,-,-
TXO,202610F3,20261016.0,48050.0,Put,-,-,-,-,116,-,-,0,0,0,0,115,118,-,-
TXO,202610F3,20261016.0,48100.0,Call,-,-,-,-,1800,-,-,0,0,0,1,1790,-,1990,1990
TXO,202610F3,20261016.0,48100.0,Put,147,147,147,147,122,▲+9,▲+6.52%,6,1,7,2,121,124,147,134
TXO,202610F3,20261016.0,48150.0,Call,-,-,-,-,1760,-,-,0,0,0,0,1740,1770,-,-
TXO,202610F3,20261016.0,48150.0,Put,-,-,-,-,129,-,-,0,0,0,2,128,131,326,326
TXO,202610F3,20261016.0,48200.0,Call,-,-,-,-,1710,-,-,0,0,0,0,1700,1730,-,-
TXO,202610F3,20261016.0,48200.0,Put,146,161,143,152,135,▲+1,▲+0.66%,0,7,7,5,134,137,161,143
TXO,202610F3,20261016.0,48250.0,Call,-,-,-,-,1670,-,-,0,0,0,0,1660,-,-,-
TXO,202610F3,20261016.0,48250.0,Put,152,168,152,152,143,▼-6,▼-3.80%,0,3,3,3,141,145,168,152
TXO,202610F3,20261016.0,48300.0,Call,-,-,-,-,1630,-,-,0,0,0,0,1610,1640,-,-
TXO,202610F3,20261016.0,48300.0,Put,150,171,150,171,150,▲+1,▲+0.59%,0,5,5,4,149,152,237,150
TXO,202610F3,20261016.0,48350.0,Call,-,-,-,-,1590,-,-,0,0,0,0,1570,1600,-,-
TXO,202610F3,20261016.0,48350.0,Put,-,-,-,-,158,-,-,0,0,0,0,157,160,-,-
TXO,202610F3,20261016.0,48400.0,Call,-,-,-,-,1540,-,-,0,0,0,0,1530,1560,-,-
TXO,202610F3,20261016.0,48400.0,Put,161,187,154,157,167,▼-24,▼-13.26%,0,8,8,7,165,169,540,154
TXO,202610F3,20261016.0,48450.0,Call,-,-,-,-,1500,-,-,0,0,0,0,1490,1520,-,-
TXO,202610F3,20261016.0,48450.0,Put,179,195,179,195,175,▲+5,▲+2.63%,0,2,2,2,173,178,195,179
TXO,202610F3,20261016.0,48500.0,Call,1460,1460,1460,1460,1460,▼-130,▼-8.18%,0,1,1,3,1450,1480,1600,1460
TXO,202610F3,20261016.0,48500.0,Put,188,192,182,182,182,▼-20,▼-9.90%,0,5,5,6,183,188,740,182
TXO,202610F3,20261016.0,48550.0,Call,-,-,-,-,1420,-,-,0,0,0,0,1410,1440,-,-
TXO,202610F3,20261016.0,48550.0,Put,202,202,202,202,202,▼-8,▼-3.81%,0,1,1,1,193,198,273,202
TXO,202610F3,20261016.0,48600.0,Call,1380,1380,1380,1380,1380,▼-120,▼-8.00%,2,1,3,1,1370,1400,1610,1380
TXO,202610F3,20261016.0,48600.0,Put,188,208,188,208,208,▼-12,▼-5.45%,0,3,3,7,203,208,325,188
TXO,202610F3,20261016.0,48650.0,Call,-,-,-,-,1340,-,-,0,0,0,0,1330,1360,-,-
TXO,202610F3,20261016.0,48650.0,Put,-,-,-,-,216,-,-,0,0,0,0,214,219,-,-
TXO,202610F3,20261016.0,48700.0,Call,-,-,-,-,1310,-,-,0,0,0,1,1290,1320,685,685
TXO,202610F3,20261016.0,48700.0,Put,229,229,229,229,229,▼-14,▼-5.76%,0,1,1,3,226,231,422,229
TXO,202610F3,20261016.0,48750.0,Call,-,-,-,-,1270,-,-,0,0,0,0,1250,1280,-,-
TXO,202610F3,20261016.0,48750.0,Put,-,-,-,-,240,-,-,0,0,0,0,237,242,-,-
TXO,202610F3,20261016.0,48800.0,Call,-,-,-,-,1230,-,-,0,0,0,2,1220,1240,1180,1180
TXO,202610F3,20261016.0,48800.0,Put,240,254,240,253,253,▼-12,▼-4.53%,0,3,3,4,250,256,331,240
TXO,202610F3,20261016.0,48850.0,Call,-,-,-,-,1190,-,-,0,0,0,0,1180,1210,-,-
TXO,202610F3,20261016.0,48850.0,Put,-,-,-,-,266,-,-,0,0,0,5,262,267,350,290
TXO,202610F3,20261016.0,48900.0,Call,-,-,-,-,1160,-,-,0,0,0,0,1140,1170,-,-
TXO,202610F3,20261016.0,48900.0,Put,-,-,-,-,280,-,-,2,0,2,2,275,281,486,271
TXO,202610F3,20261016.0,48950.0,Call,-,-,-,-,1120,-,-,0,0,0,0,1110,1130,-,-
TXO,202610F3,20261016.0,48950.0,Put,-,-,-,-,294,-,-,0,0,0,0,291,297,-,-
TXO,202610F3,20261016.0,49000.0,Call,1210,1210,1090,1090,1090,▼-120,▼-9.92%,0,13,13,13,1070,1090,1260,510
TXO,202610F3,20261016.0,49000.0,Put,-,-,-,-,308,-,-,15,0,15,16,304,310,660,318
TXO,202610F3,20261016.0,49050.0,Call,-,-,-,-,1050,-,-,0,0,0,0,1040,1060,-,-
TXO,202610F3,20261016.0,49050.0,Put,-,-,-,-,323,-,-,0,0,0,0,320,326,-,-
TXO,202610F3,20261016.0,49100.0,Call,-,-,-,-,1020,-,-,0,0,0,0,-,-,-,-
TXO,202610F3,20261016.0,49100.0,Put,312,312,312,312,339,▼-38,▼-10.86%,0,4,4,4,336,342,312,312
TXO,202610F3,20261016.0,49150.0,Call,-,-,-,-,985,-,-,0,0,0,1,975,990,493,493
TXO,202610F3,20261016.0,49150.0,Put,-,-,-,-,356,-,-,0,0,0,1,353,360,463,463
TXO,202610F3,20261016.0,49200.0,Call,-,-,-,-,950,-,-,0,0,0,0,945,955,-,-
TXO,202610F3,20261016.0,49200.0,Put,-,-,-,-,373,-,-,0,0,0,1,369,375,446,446
TXO,202610F3,20261016.0,49250.0,Call,-,-,-,-,920,-,-,0,0,0,2,910,925,890,890
TXO,202610F3,20261016.0,49250.0,Put,-,-,-,-,390,-,-,0,0,0,2,387,394,491,491
TXO,202610F3,20261016.0,49300.0,Call,-,-,-,-,885,-,-,0,0,0,1,880,890,404,404
TXO,202610F3,20261016.0,49300.0,Put,-,-,-,-,408,-,-,0,0,0,2,405,412,497,400
TXO,202610F3,20261016.0,49350.0,Call,-,-,-,-,855,-,-,0,0,0,1,850,860,401,401
TXO,202610F3,20261016.0,49350.0,Put,-,-,-,-,428,-,-,0,0,0,0,423,431,-,-
TXO,202610F3,20261016.0,49400.0,Call,895,920,795,920,825,▼-25,▼-2.65%,0,9,9,3,820,830,920,374
TXO,202610F3,20261016.0,49400.0,Put,419,419,419,419,448,▼-36,▼-7.91%,0,1,1,1,444,450,540,419
TXO,202610F3,20261016.0,49450.0,Call,895,895,895,895,795,▼-20,▼-2.19%,0,1,1,0,790,800,895,865
TXO,202610F3,20261016.0,49450.0,Put,-,-,-,-,469,-,-,0,0,0,0,463,471,510,510
TXO,202610F3,20261016.0,49500.0,Call,-,-,-,-,770,-,-,0,0,0,1,760,770,895,356
TXO,202610F3,20261016.0,49500.0,Put,477,477,477,477,477,▼-17,▼-3.44%,1,1,2,3,485,493,605,444
TXO,202610F3,20261016.0,49550.0,Call,-,-,-,-,740,-,-,0,0,0,2,735,745,350,350
TXO,202610F3,20261016.0,49550.0,Put,-,-,-,-,510,-,-,0,0,0,0,505,515,-,-
TXO,202610F3,20261016.0,49600.0,Call,-,-,-,-,715,-,-,0,0,0,0,705,715,-,-
TXO,202610F3,20261016.0,49600.0,Put,-,-,-,-,535,-,-,0,0,0,0,530,540,575,555
TXO,202610F3,20261016.0,49650.0,Call,-,-,-,-,685,-,-,0,0,0,0,680,690,-,-
TXO,202610F3,20261016.0,49650.0,Put,-,-,-,-,555,-,-,0,0,0,0,550,560,595,585
TXO,202610F3,20261016.0,49700.0,Call,-,-,-,-,660,-,-,0,0,0,3,655,665,306,289
TXO,202610F3,20261016.0,49700.0,Put,-,-,-,-,580,-,-,0,0,0,1,575,585,580,580
TXO,202610F3,20261016.0,49750.0,Call,-,-,-,-,635,-,-,0,0,0,1,625,640,710,710
TXO,202610F3,20261016.0,49750.0,Put,-,-,-,-,605,-,-,0,0,0,0,600,610,-,-
TXO,202610F3,20261016.0,49800.0,Call,645,645,645,645,610,▼-70,▼-9.79%,0,1,1,1,605,615,665,328
TXO,202610F3,20261016.0,49800.0,Put,625,625,625,625,625,0,0%,0,1,1,2,625,635,725,625
TXO,202610F3,20261016.0,49850.0,Call,-,-,-,-,585,-,-,0,0,0,1,580,590,645,645
TXO,202610F3,20261016.0,49850.0,Put,-,-,-,-,660,-,-,0,0,0,0,650,660,-,-
TXO,202610F3,20261016.0,49900.0,Call,-,-,-,-,565,-,-,0,0,0,1,555,565,286,286
TXO,202610F3,20261016.0,49900.0,Put,615,625,615,625,685,▼-50,▼-7.41%,0,3,3,3,560,-,670,615
TXO,202610F3,20261016.0,49950.0,Call,-,-,-,-,540,-,-,0,0,0,0,535,545,-,-
TXO,202610F3,20261016.0,49950.0,Put,-,-,-,-,710,-,-,0,0,0,0,705,715,-,-
TXO,202610F3,20261016.0,50000.0,Call,595,595,510,515,515,▼-110,▼-17.60%,1,12,13,14,510,520,715,209
TXO,202610F3,20261016.0,50000.0,Put,755,755,755,755,755,▲+25,▲+3.42%,1,1,2,0,680,-,755,630
TXO,202610F3,20261016.0,50050.0,Call,-,-,-,-,496,-,-,0,0,0,0,490,497,-,-
TXO,202610F3,20261016.0,50050.0,Put,-,-,-,-,770,-,-,0,0,0,0,705,785,-,-
TXO,202610F3,20261016.0,50100.0,Call,470,470,470,470,470,▼-105,▼-18.26%,2,1,3,3,470,478,635,207
TXO,202610F3,20261016.0,50100.0,Put,-,-,-,-,795,-,-,0,0,0,0,740,-,-,-
TXO,202610F3,20261016.0,50150.0,Call,-,-,-,-,455,-,-,0,0,0,0,450,457,-,-
TXO,202610F3,20261016.0,50150.0,Put,-,-,-,-,825,-,-,0,0,0,0,770,-,-,-
TXO,202610F3,20261016.0,50200.0,Call,-,-,-,-,436,-,-,0,0,0,1,431,438,510,510
TXO,202610F3,20261016.0,50200.0,Put,-,-,-,-,855,-,-,0,0,0,0,800,-,-,-
TXO,202610F3,20261016.0,50250.0,Call,-,-,-,-,417,-,-,0,0,0,0,411,418,-,-
TXO,202610F3,20261016.0,50250.0,Put,-,-,-,-,890,-,-,0,0,0,0,830,-,-,-
TXO,202610F3,20261016.0,50300.0,Call,-,-,-,-,398,-,-,0,0,0,2,395,401,180,180
TXO,202610F3,20261016.0,50300.0,Put,-,-,-,-,920,-,-,0,0,0,0,865,-,-,-
TXO,202610F3,20261016.0,50350.0,Call,-,-,-,-,380,-,-,0,0,0,0,376,383,-,-
TXO,202610F3,20261016.0,50350.0,Put,-,-,-,-,950,-,-,0,0,0,0,895,-,-,-
TXO,202610F3,20261016.0,50400.0,Call,428,435,366,366,366,▼-89,▼-19.56%,4,3,7,6,360,366,500,366
TXO,202610F3,20261016.0,50400.0,Put,1020,1060,1020,1020,985,▲+55,▲+5.70%,0,6,6,0,930,995,1060,965
TXO,202610F3,20261016.0,50450.0,Call,-,-,-,-,347,-,-,0,0,0,0,343,349,-,-
TXO,202610F3,20261016.0,50450.0,Put,-,-,-,-,1020,-,-,0,0,0,0,965,1040,-,-
TXO,202610F3,20261016.0,50500.0,Call,375,400,325,328,328,▼-74,▼-18.41%,11,13,24,14,329,335,499,197
TXO,202610F3,20261016.0,50500.0,Put,1060,1110,1060,1080,1050,▲+50,▲+4.85%,5,7,12,10,1000,-,1110,925
TXO,202610F3,20261016.0,50550.0,Call,368,368,368,368,317,▼-33,▼-8.23%,0,1,1,1,312,318,368,368
TXO,202610F3,20261016.0,50550.0,Put,-,-,-,-,1090,-,-,0,0,0,0,1050,1110,-,-
TXO,202610F3,20261016.0,50600.0,Call,-,-,-,-,302,-,-,4,0,4,4,298,304,425,134
TXO,202610F3,20261016.0,50600.0,Put,-,-,-,-,1120,-,-,0,0,0,0,1080,-,-,-
TXO,202610F3,20261016.0,50650.0,Call,-,-,-,-,287,-,-,0,0,0,0,284,290,-,-
TXO,202610F3,20261016.0,50650.0,Put,-,-,-,-,1160,-,-,0,0,0,0,-,1170,-,-
TXO,202610F3,20261016.0,50700.0,Call,-,-,-,-,275,-,-,0,0,0,1,272,277,119,119
TXO,202610F3,20261016.0,50700.0,Put,-,-,-,-,1200,-,-,0,0,0,0,1180,1210,-,-
TXO,202610F3,20261016.0,50750.0,Call,-,-,-,-,262,-,-,0,0,0,0,259,264,-,-
TXO,202610F3,20261016.0,50750.0,Put,-,-,-,-,1230,-,-,0,0,0,0,1220,1250,-,-
TXO,202610F3,20261016.0,50800.0,Call,258,258,258,258,258,▼-64,▼-19.88%,0,1,1,6,247,252,258,107
TXO,202610F3,20261016.0,50800.0,Put,-,-,-,-,1270,-,-,0,0,0,0,1260,1280,-,-
TXO,202610F3,20261016.0,50850.0,Call,-,-,-,-,238,-,-,0,0,0,0,235,240,-,-
TXO,202610F3,20261016.0,50850.0,Put,-,-,-,-,1310,-,-,0,0,0,0,-,1320,-,-
TXO,202610F3,20261016.0,50900.0,Call,-,-,-,-,226,-,-,0,0,0,2,223,228,161,100
TXO,202610F3,20261016.0,50900.0,Put,-,-,-,-,1350,-,-,0,0,0,0,1330,1360,-,-
TXO,202610F3,20261016.0,50950.0,Call,-,-,-,-,215,-,-,0,0,0,0,211,216,-,-
TXO,202610F3,20261016.0,50950.0,Put,-,-,-,-,1390,-,-,0,0,0,0,1370,1400,-,-
TXO,202610F3,20261016.0,51000.0,Call,-,-,-,-,205,-,-,0,0,0,1,202,207,120,120
TXO,202610F3,20261016.0,51000.0,Put,-,-,-,-,1430,-,-,0,0,0,0,1410,1440,-,-
TXO,202610F3,20261016.0,51050.0,Call,-,-,-,-,195,-,-,0,0,0,0,192,197,-,-
TXO,202610F3,20261016.0,51050.0,Put,-,-,-,-,1470,-,-,0,0,0,0,1450,1480,-,-
TXO,202610F3,20261016.0,51100.0,Call,-,-,-,-,185,-,-,0,0,0,2,182,187,89,76
TXO,202610F3,20261016.0,51100.0,Put,-,-,-,-,1510,-,-,0,0,0,0,1490,1520,-,-
TXO,202610F3,20261016.0,51150.0,Call,-,-,-,-,176,-,-,0,0,0,0,173,178,-,-
TXO,202610F3,20261016.0,51150.0,Put,-,-,-,-,1550,-,-,0,0,0,0,1530,1560,-,-
TXO,202610F3,20261016.0,51200.0,Call,-,-,-,-,167,-,-,0,0,0,1,164,169,250,249
TXO,202610F3,20261016.0,51200.0,Put,-,-,-,-,1590,-,-,0,0,0,0,1570,1600,-,-
TXO,202610F3,20261016.0,51250.0,Call,-,-,-,-,158,-,-,0,0,0,0,155,160,-,-
TXO,202610F3,20261016.0,51250.0,Put,-,-,-,-,1630,-,-,0,0,0,0,-,1640,-,-
TXO,202610F3,20261016.0,51300.0,Call,-,-,-,-,150,-,-,0,0,0,5,147,152,207,62
TXO,202610F3,20261016.0,51300.0,Put,-,-,-,-,1670,-,-,0,0,0,0,1660,1690,-,-
TXO,202610F3,20261016.0,51400.0,Call,-,-,-,-,135,-,-,0,0,0,0,133,136,-,-
TXO,202610F3,20261016.0,51400.0,Put,-,-,-,-,1760,-,-,0,0,0,0,1740,1770,-,-
TXO,202610F3,20261016.0,51500.0,Call,141,147,141,145,121,▼-25,▼-14.71%,0,4,4,3,119,122,164,55
TXO,202610F3,20261016.0,51500.0,Put,-,-,-,-,1840,-,-,0,0,0,0,1830,1860,-,-
TXO,202610F3,20261016.0,51600.0,Call,136,136,136,136,109,▼-9,▼-6.21%,1,2,3,7,107,110,182,61
TXO,202610F3,20261016.0,51600.0,Put,-,-,-,-,1930,-,-,0,0,0,0,-,1940,-,-
TXO,202610F3,20261016.0,51700.0,Call,-,-,-,-,97,-,-,0,0,0,0,95,98,-,-
TXO,202610F3,20261016.0,51700.0,Put,-,-,-,-,2020,-,-,0,0,0,0,2000,2030,-,-
TXO,202610F3,20261016.0,51800.0,Call,-,-,-,-,87,-,-,0,0,0,7,85,88,125,40.5
TXO,202610F3,20261016.0,51800.0,Put,-,-,-,-,2110,-,-,0,0,0,0,2090,2120,-,-
TXO,202610F3,20261016.0,51900.0,Call,-,-,-,-,77,-,-,1,0,1,1,76,78,128,92
TXO,202610F3,20261016.0,51900.0,Put,-,-,-,-,2200,-,-,0,0,0,0,2180,2210,-,-
TXO,202610F3,20261016.0,52000.0,Call,87,87,84,84,69,▼-9,▼-9.68%,5,3,8,13,67,70,114,84
TXO,202610F3,20261016.0,52000.0,Put,-,-,-,-,2290,-,-,0,0,0,0,-,2300,-,-
TXO,202610F3,20261016.0,52100.0,Call,-,-,-,-,61,-,-,0,0,0,1,60,62,45.5,31
TXO,202610F3,20261016.0,52100.0,Put,-,-,-,-,2380,-,-,0,0,0,0,2370,2400,-,-
TXO,202610F3,20261016.0,52200.0,Call,-,-,-,-,54,-,-,0,0,0,0,53,55,-,-
TXO,202610F3,20261016.0,52200.0,Put,-,-,-,-,2480,-,-,0,0,0,0,2460,2490,-,-
TXO,202610F3,20261016.0,52300.0,Call,-,-,-,-,49,-,-,0,0,0,0,48,49.5,-,-
TXO,202610F3,20261016.0,52300.0,Put,-,-,-,-,2570,-,-,0,0,0,0,-,2580,-,-
TXO,202610F3,20261016.0,52400.0,Call,52,52,52,52,43.5,▼-14,▼-21.21%,0,1,1,1,42.5,44,52,52
TXO,202610F3,20261016.0,52400.0,Put,-,-,-,-,2660,-,-,0,0,0,0,2650,2680,-,-
TXO,202610F3,20261016.0,52500.0,Call,51,51,39,39,39,▼-19,▼-32.76%,0,2,2,4,38,39.5,63,39
TXO,202610F3,20261016.0,52500.0,Put,-,-,-,-,2760,-,-,0,0,0,0,-,2770,-,-
TXO,202610F3,20261016.0,52600.0,Call,-,-,-,-,35,-,-,0,0,0,0,34,35.5,-,-
TXO,202610F3,20261016.0,52600.0,Put,-,-,-,-,2860,-,-,0,0,0,0,2840,2870,-,-
TXO,202610F3,20261016.0,52700.0,Call,-,-,-,-,31,-,-,0,0,0,1,30.5,31.5,52,23
TXO,202610F3,20261016.0,52700.0,Put,-,-,-,-,2950,-,-,0,0,0,0,2940,2970,-,-
TXO,202610F3,20261016.0,52800.0,Call,-,-,-,-,28,-,-,0,0,0,0,27.5,28.5,-,-
TXO,202610F3,20261016.0,52800.0,Put,-,-,-,-,3050,-,-,0,0,0,0,3030,3060,-,-
TXO,202610F3,20261016.0,52900.0,Call,-,-,-,-,25.5,-,-,1,0,1,4,24.5,26,48,18
TXO,202610F3,20261016.0,52900.0,Put,-,-,-,-,3150,-,-,0,0,0,0,3130,3160,-,-
TXO,202610F3,20261016.0,53000.0,Call,25.5,25.5,25.5,25.5,25.5,▼-9.5,▼-27.14%,0,5,5,5,22.5,23.5,25.5,25.5
TXO,202610F3,20261016.0,53000.0,Put,-,-,-,-,3240,-,-,0,0,0,0,3230,3260,-,-
TXO,202610F3,20261016.0,53100.0,Call,-,-,-,-,20.5,-,-,0,0,0,0,20,21,25,18.5
TXO,202610F3,20261016.0,53100.0,Put,-,-,-,-,3340,-,-,0,0,0,0,3310,-,-,-
TXO,202610F3,20261016.0,53200.0,Call,-,-,-,-,19,-,-,0,0,0,5,18.5,19.5,32,12
TXO,202610F3,20261016.0,53200.0,Put,-,-,-,-,3440,-,-,0,0,0,0,3420,3450,-,-
TXO,202610F3,20261016.0,53300.0,Call,-,-,-,-,17,-,-,0,0,0,0,16.5,17.5,-,-
TXO,202610F3,20261016.0,53300.0,Put,-,-,-,-,3540,-,-,0,0,0,0,3520,3550,-,-
TXO,202610F3,20261016.0,53400.0,Call,-,-,-,-,15.5,-,-,0,0,0,11,15,16,29,19.5
TXO,202610F3,20261016.0,53400.0,Put,-,-,-,-,3640,-,-,0,0,0,0,3620,3650,-,-
TXO,202610F3,20261016.0,53500.0,Call,-,-,-,-,14.5,-,-,0,0,0,0,14,15,-,-
TXO,202610F3,20261016.0,53500.0,Put,-,-,-,-,3730,-,-,0,0,0,0,3720,3750,-,-
TXO,202610F3,20261016.0,53600.0,Call,-,-,-,-,13,-,-,0,0,0,0,12.5,13.5,-,-
TXO,202610F3,20261016.0,53600.0,Put,-,-,-,-,3830,-,-,0,0,0,0,3820,3850,-,-
TXO,202610F3,20261016.0,53700.0,Call,-,-,-,-,12,-,-,0,0,0,3,11.5,12.5,17.5,17
TXO,202610F3,20261016.0,53700.0,Put,-,-,-,-,3930,-,-,0,0,0,0,3900,-,-,-
TXO,202610F3,20261016.0,53800.0,Call,-,-,-,-,11,-,-,0,0,0,0,10.5,11.5,-,-
TXO,202610F3,20261016.0,53800.0,Put,-,-,-,-,4030,-,-,0,0,0,0,4000,-,-,-
TXO,202610F3,20261016.0,53900.0,Call,11,11,10,10,10,▼-5,▼-33.33%,0,3,3,2,10,11,15,10
TXO,202610F3,20261016.0,53900.0,Put,-,-,-,-,4130,-,-,0,0,0,0,-,4160,-,-
TXO,202610F3,20261016.0,54000.0,Call,-,-,-,-,9.5,-,-,0,0,0,0,9.2,9.8,-,-
TXO,202610F3,20261016.0,54000.0,Put,-,-,-,-,4230,-,-,0,0,0,0,4200,-,-,-
TXO,202610F3,20261016.0,54100.0,Call,-,-,-,-,8.9,-,-,0,0,0,0,8.6,9.1,-,-
TXO,202610F3,20261016.0,54100.0,Put,-,-,-,-,4330,-,-,0,0,0,0,4300,-,-,-
TXO,202610F3,20261016.0,54200.0,Call,-,-,-,-,8.3,-,-,0,0,0,0,8,8.5,-,-
TXO,202610F3,20261016.0,54200.0,Put,-,-,-,-,4430,-,-,0,0,0,0,4400,-,-,-
TXO,202610F3,20261016.0,54300.0,Call,-,-,-,-,7.8,-,-,0,0,0,1,7.6,8,12,12
TXO,202610F3,20261016.0,54300.0,Put,-,-,-,-,4530,-,-,0,0,0,0,4500,-,-,-
TXO,202610F3,20261016.0,54400.0,Call,-,-,-,-,7.3,-,-,0,0,0,0,7.1,7.5,-,-
TXO,202610F3,20261016.0,54400.0,Put,-,-,-,-,4630,-,-,0,0,0,0,4600,-,-,-
TXO,202610F3,20261016.0,54500.0,Call,-,-,-,-,6.8,-,-,0,0,0,0,6.6,7,-,-
TXO,202610F3,20261016.0,54500.0,Put,-,-,-,-,4730,-,-,0,0,0,0,4700,-,-,-
TXO,202610F3,20261016.0,54600.0,Call,-,-,-,-,6.6,-,-,0,0,0,0,6.3,6.9,-,-
TXO,202610F3,20261016.0,54600.0,Put,-,-,-,-,4830,-,-,0,0,0,0,4800,-,-,-
TXO,202610F3,20261016.0,54700.0,Call,-,-,-,-,6.1,-,-,0,0,0,1,5.7,6.4,7,7
TXO,202610F3,20261016.0,54700.0,Put,-,-,-,-,4930,-,-,0,0,0,0,4910,4950,-,-
TXO,202610F3,20261016.0,54800.0,Call,-,-,-,-,6,-,-,0,0,0,0,5.6,6.3,-,-
TXO,202610F3,20261016.0,54800.0,Put,-,-,-,-,5030,-,-,0,0,0,0,-,5060,-,-
TXO,202610F3,20261016.0,54900.0,Call,-,-,-,-,5.4,-,-,0,0,0,0,5,5.7,-,-
TXO,202610F3,20261016.0,54900.0,Put,-,-,-,-,5130,-,-,0,0,0,0,5090,-,-,-
TXO,202610,20261021.0,33900.0,Call,-,-,-,-,16070,-,-,0,0,0,0,16030,-,-,-
TXO,202610,20261021.0,33900.0,Put,4,4.6,4,4.4,4.4,▼-0.2,▼-4.35%,11,56,67,362,4.3,4.6,400,3.6
TXO,202610,20261021.0,34000.0,Call,-,-,-,-,15970,-,-,0,0,0,0,15930,-,-,-
TXO,202610,20261021.0,34000.0,Put,-,-,-,-,4.7,-,-,0,0,0,135,4.4,4.9,780,3.6
TXO,202610,20261021.0,34100.0,Call,-,-,-,-,15870,-,-,0,0,0,0,15830,-,-,-
TXO,202610,20261021.0,34100.0,Put,-,-,-,-,4.7,-,-,0,0,0,12,4.5,4.8,105,8
TXO,202610,20261021.0,34200.0,Call,-,-,-,-,15770,-,-,0,0,0,0,15730,-,-,-
TXO,202610,20261021.0,34200.0,Put,-,-,-,-,4.8,-,-,0,0,0,119,4.6,4.9,810,8
TXO,202610,20261021.0,34300.0,Call,-,-,-,-,15670,-,-,0,0,0,0,15630,-,-,-
TXO,202610,20261021.0,34300.0,Put,-,-,-,-,4.8,-,-,0,0,0,6,4.6,5,26.5,7.2
TXO,202610,20261021.0,34400.0,Call,-,-,-,-,15570,-,-,0,0,0,0,15530,-,-,-
TXO,202610,20261021.0,34400.0,Put,-,-,-,-,4.9,-,-,0,0,0,2,4.7,5.1,200,8.5
TXO,202610,20261021.0,34500.0,Call,-,-,-,-,15470,-,-,0,0,0,0,15430,-,-,-
TXO,202610,20261021.0,34500.0,Put,5,5,5,5,5,▼-0.8,▼-13.79%,0,1,1,11,4.8,5.1,116,5
TXO,202610,20261021.0,34600.0,Call,-,-,-,-,15370,-,-,0,0,0,0,15330,-,-,-
TXO,202610,20261021.0,34600.0,Put,4.9,4.9,4.9,4.9,5,▼-0.9,▼-15.52%,0,1,1,8,4.8,5.2,299,4.9
TXO,202610,20261021.0,34700.0,Call,-,-,-,-,15270,-,-,0,0,0,0,15230,-,-,-
TXO,202610,20261021.0,34700.0,Put,-,-,-,-,5.1,-,-,0,0,0,0,4.9,5.2,805,8.5
TXO,202610,20261021.0,34800.0,Call,-,-,-,-,15170,-,-,0,0,0,0,15130,-,-,-
TXO,202610,20261021.0,34800.0,Put,4.5,4.5,4.5,4.5,5.1,▼-1.5,▼-25.00%,0,1,1,41,4.9,5.3,314,4.5
TXO,202610,20261021.0,34900.0,Call,-,-,-,-,15070,-,-,0,0,0,0,15030,-,-,-
TXO,202610,20261021.0,34900.0,Put,-,-,-,-,5.2,-,-,0,0,0,15,5,5.3,488,7.9
TXO,202610,20261021.0,35000.0,Call,-,-,-,-,14970,-,-,0,0,0,0,14930,-,-,-
TXO,202610,20261021.0,35000.0,Put,5,5,4.7,4.7,5.3,▼-1.4,▼-22.95%,0,5,5,161,5.1,5.5,1060,4.7
TXO,202610,20261021.0,35100.0,Call,-,-,-,-,14870,-,-,0,0,0,0,14830,-,-,-
TXO,202610,20261021.0,35100.0,Put,-,-,-,-,5.3,-,-,0,0,0,13,5.2,5.5,505,10
TXO,202610,20261021.0,35200.0,Call,-,-,-,-,14770,-,-,0,0,0,0,14730,-,-,-
TXO,202610,20261021.0,35200.0,Put,-,-,-,-,5.3,-,-,0,0,0,10,5.1,5.5,151,10
TXO,202610,20261021.0,35300.0,Call,-,-,-,-,14670,-,-,0,0,0,0,14630,-,-,-
TXO,202610,20261021.0,35300.0,Put,-,-,-,-,5.5,-,-,0,0,0,14,5.3,5.6,1070,0.1
TXO,202610,20261021.0,35400.0,Call,-,-,-,-,14570,-,-,0,0,0,0,14530,-,-,-
TXO,202610,20261021.0,35400.0,Put,-,-,-,-,5.6,-,-,0,0,0,4,5.4,5.7,1000,6.3
TXO,202610,20261021.0,35500.0,Call,-,-,-,-,14470,-,-,0,0,0,0,14430,-,-,-
TXO,202610,20261021.0,35500.0,Put,-,-,-,-,5.6,-,-,0,0,0,32,5.4,5.7,550,7
TXO,202610,20261021.0,35600.0,Call,-,-,-,-,14370,-,-,0,0,0,0,14340,-,-,-
TXO,202610,20261021.0,35600.0,Put,-,-,-,-,5.6,-,-,0,0,0,10,5.4,5.8,150,7.7
TXO,202610,20261021.0,35700.0,Call,-,-,-,-,14270,-,-,0,0,0,0,14240,-,-,-
TXO,202610,20261021.0,35700.0,Put,5.6,6.1,5.6,6.1,5.8,▼-0.6,▼-8.96%,0,4,4,3,5.6,5.9,300,5.6
TXO,202610,20261021.0,35800.0,Call,-,-,-,-,14170,-,-,0,0,0,0,14140,-,-,-
TXO,202610,20261021.0,35800.0,Put,-,-,-,-,5.8,-,-,0,0,0,6,5.6,5.9,405,6.7
TXO,202610,20261021.0,35900.0,Call,-,-,-,-,14070,-,-,0,0,0,0,14040,-,-,-
TXO,202610,20261021.0,35900.0,Put,-,-,-,-,5.8,-,-,0,0,0,8,5.6,6,182,5.7
TXO,202610,20261021.0,36000.0,Call,-,-,-,-,13980,-,-,0,0,0,0,13940,-,-,-
TXO,202610,20261021.0,36000.0,Put,5.8,6,5.6,6,6,▼-1.1,▼-15.49%,2,11,13,157,5.7,6.1,1380,5.6
TXO,202610,20261021.0,36100.0,Call,-,-,-,-,13880,-,-,0,0,0,0,13840,-,-,-
TXO,202610,20261021.0,36100.0,Put,6.1,6.1,6.1,6.1,6.1,▼-1.1,▼-15.28%,0,1,1,14,5.8,6.1,690,5.5
TXO,202610,20261021.0,36200.0,Call,-,-,-,-,13780,-,-,0,0,0,0,13740,-,-,-
TXO,202610,20261021.0,36200.0,Put,-,-,-,-,6.1,-,-,0,0,0,47,5.9,6.2,1120,6.4
TXO,202610,20261021.0,36300.0,Call,-,-,-,-,13680,-,-,0,0,0,0,13640,-,-,-
TXO,202610,20261021.0,36300.0,Put,-,-,-,-,6.1,-,-,0,0,0,13,5.9,6.3,915,16.5
TXO,202610,20261021.0,36400.0,Call,-,-,-,-,13580,-,-,0,0,0,0,13540,-,-,-
TXO,202610,20261021.0,36400.0,Put,-,-,-,-,6.3,-,-,0,0,0,63,6.1,6.4,401,6.1
TXO,202610,20261021.0,36500.0,Call,-,-,-,-,13480,-,-,0,0,0,0,13440,-,-,-
TXO,202610,20261021.0,36500.0,Put,-,-,-,-,6.3,-,-,0,0,0,31,6.1,6.5,1510,14.5
TXO,202610,20261021.0,36600.0,Call,-,-,-,-,13380,-,-,0,0,0,0,13340,-,-,-
TXO,202610,20261021.0,36600.0,Put,-,-,-,-,6.4,-,-,0,0,0,18,6.2,6.5,1110,6.8
TXO,202610,20261021.0,36700.0,Call,-,-,-,-,13280,-,-,0,0,0,0,13240,-,-,-
TXO,202610,20261021.0,36700.0,Put,-,-,-,-,6.5,-,-,0,0,0,2,6.3,6.6,710,7
TXO,202610,20261021.0,36800.0,Call,-,-,-,-,13180,-,-,0,0,0,0,13140,-,-,-
TXO,202610,20261021.0,36800.0,Put,-,-,-,-,6.5,-,-,0,0,0,5,6.3,6.7,497,10.5
TXO,202610,20261021.0,36900.0,Call,-,-,-,-,13080,-,-,0,0,0,0,13040,-,-,-
TXO,202610,20261021.0,36900.0,Put,6.7,6.7,6.7,6.7,6.7,▼-1.5,▼-18.29%,0,1,1,18,6.5,6.8,1620,6.7
TXO,202610,20261021.0,37000.0,Call,-,-,-,-,12980,-,-,0,0,0,0,12940,-,-,-
TXO,202610,20261021.0,37000.0,Put,6.5,6.5,6.2,6.2,6.8,▼-2.2,▼-26.19%,4,3,7,220,6.6,6.9,1010,6.2
TXO,202610,20261021.0,37100.0,Call,-,-,-,-,12880,-,-,0,0,0,0,12840,-,-,-
TXO,202610,20261021.0,37100.0,Put,-,-,-,-,6.8,-,-,0,0,0,18,6.6,7,750,7.2
TXO,202610,20261021.0,37200.0,Call,-,-,-,-,12780,-,-,0,0,0,0,12740,-,-,-
TXO,202610,20261021.0,37200.0,Put,-,-,-,-,6.9,-,-,0,0,0,4,6.7,7.1,1460,9
TXO,202610,20261021.0,37300.0,Call,-,-,-,-,12680,-,-,0,0,0,0,12640,-,-,-
TXO,202610,20261021.0,37300.0,Put,7.1,7.1,7.1,7.1,7.1,▼-1.7,▼-19.32%,0,1,1,4,6.8,7.2,575,7.1
TXO,202610,20261021.0,37400.0,Call,-,-,-,-,12580,-,-,0,0,0,0,12540,-,-,-
TXO,202610,20261021.0,37400.0,Put,7.2,7.2,7.2,7.2,7.2,▼-1.8,▼-20.00%,0,2,2,9,6.8,7.3,815,7.2
TXO,202610,20261021.0,37500.0,Call,-,-,-,-,12480,-,-,0,0,0,0,12440,-,-,-
TXO,202610,20261021.0,37500.0,Put,-,-,-,-,7.2,-,-,1,0,1,82,7,7.4,445,7.7
TXO,202610,20261021.0,37600.0,Call,-,-,-,-,12380,-,-,0,0,0,0,12340,-,-,-
TXO,202610,20261021.0,37600.0,Put,7.4,7.4,7.4,7.4,7.4,▼-1.9,▼-20.43%,0,2,2,14,7.1,7.5,850,7.4
TXO,202610,20261021.0,37700.0,Call,-,-,-,-,12280,-,-,0,0,0,0,12240,-,-,-
TXO,202610,20261021.0,37700.0,Put,7.5,7.5,7.5,7.5,7.5,▼-2,▼-21.05%,0,1,1,63,7.1,7.6,300,7.5
TXO,202610,20261021.0,37800.0,Call,-,-,-,-,12180,-,-,0,0,0,0,12140,-,-,-
TXO,202610,20261021.0,37800.0,Put,-,-,-,-,7.5,-,-,0,0,0,17,7.3,7.7,945,8.2
TXO,202610,20261021.0,37900.0,Call,-,-,-,-,12080,-,-,0,0,0,0,12040,-,-,-
TXO,202610,20261021.0,37900.0,Put,7.5,7.6,7.5,7.6,7.6,▼-2,▼-20.83%,0,52,52,32,7.4,7.9,900,7.5
TXO,202610,20261021.0,38000.0,Call,-,-,-,-,11980,-,-,0,0,0,0,11940,-,-,-
TXO,202610,20261021.0,38000.0,Put,7.7,7.9,7.6,7.9,7.9,▼-2.1,▼-21.00%,4,100,104,181,7.6,8,2000,5.3
TXO,202610,20261021.0,38100.0,Call,-,-,-,-,11880,-,-,0,0,0,0,11840,11910,-,-
TXO,202610,20261021.0,38100.0,Put,-,-,-,-,7.9,-,-,0,0,0,77,7.7,8.1,1380,8.7
TXO,202610,20261021.0,38200.0,Call,-,-,-,-,11780,-,-,0,0,0,0,11740,11810,-,-
TXO,202610,20261021.0,38200.0,Put,-,-,-,-,8.1,-,-,0,0,0,9,7.8,8.3,1020,9
TXO,202610,20261021.0,38300.0,Call,-,-,-,-,11680,-,-,0,0,0,0,11650,11710,-,-
TXO,202610,20261021.0,38300.0,Put,-,-,-,-,8.2,-,-,0,0,0,5,7.9,8.4,57,9.2
TXO,202610,20261021.0,38400.0,Call,-,-,-,-,11580,-,-,0,0,0,0,11550,11610,-,-
TXO,202610,20261021.0,38400.0,Put,-,-,-,-,8.4,-,-,0,0,0,25,8.1,8.6,1930,9.3
TXO,202610,20261021.0,38500.0,Call,-,-,-,-,11480,-,-,0,0,0,0,11450,11510,-,-
TXO,202610,20261021.0,38500.0,Put,-,-,-,-,8.4,-,-,0,0,0,150,8.2,8.6,2100,8.6
TXO,202610,20261021.0,38600.0,Call,-,-,-,-,11380,-,-,0,0,0,0,11350,11410,-,-
TXO,202610,20261021.0,38600.0,Put,-,-,-,-,8.5,-,-,0,0,0,28,8.2,8.7,422,10.5
TXO,202610,20261021.0,38700.0,Call,-,-,-,-,11280,-,-,0,0,0,0,11250,11310,-,-
TXO,202610,20261021.0,38700.0,Put,-,-,-,-,8.8,-,-,0,0,0,31,8.5,9,2230,10.5
TXO,202610,20261021.0,38800.0,Call,-,-,-,-,11180,-,-,0,0,0,0,11150,11210,9420,9420
TXO,202610,20261021.0,38800.0,Put,10.5,10.5,8.1,8.1,8.9,▼-3.9,▼-32.50%,0,4,4,67,8.7,9.1,610,8.1
TXO,202610,20261021.0,38900.0,Call,-,-,-,-,11080,-,-,0,0,0,1,11050,11110,9320,7900
TXO,202610,20261021.0,38900.0,Put,-,-,-,-,8.9,-,-,0,0,0,428,8.6,9.2,690,11.5
TXO,202610,20261021.0,39000.0,Call,-,-,-,-,10980,-,-,0,0,0,1,10950,11010,9300,9300
TXO,202610,20261021.0,39000.0,Put,9.9,10.5,9.9,9.9,9.3,▼-2.6,▼-20.80%,0,6,6,691,9,9.5,1790,9.9
TXO,202610,20261021.0,39100.0,Call,-,-,-,-,10880,-,-,0,0,0,1,10860,-,9260,9260
TXO,202610,20261021.0,39100.0,Put,10,10.5,10,10,9.3,▼-3,▼-23.08%,0,3,3,34,9,9.5,820,10
TXO,202610,20261021.0,39200.0,Call,-,-,-,-,10780,-,-,0,0,0,0,10750,10810,-,-
TXO,202610,20261021.0,39200.0,Put,9.2,9.2,9.2,9.2,9.4,▼-3.8,▼-29.23%,0,1,1,20,9.1,9.7,162,9.2
TXO,202610,20261021.0,39300.0,Call,-,-,-,-,10680,-,-,0,0,0,0,10650,10710,-,-
TXO,202610,20261021.0,39300.0,Put,11,11,11,11,9.7,▼-2.5,▼-18.52%,0,1,1,37,9.4,10,525,11
TXO,202610,20261021.0,39400.0,Call,-,-,-,-,10580,-,-,0,0,0,0,10550,10610,-,-
TXO,202610,20261021.0,39400.0,Put,10.5,11,10.5,11,10,▼-2.5,▼-18.52%,0,7,7,16,9.6,10.5,545,10.5
TXO,202610,20261021.0,39500.0,Call,-,-,-,-,10480,-,-,1,0,1,0,10450,10510,10670,7030
TXO,202610,20261021.0,39500.0,Put,9.8,9.8,9.8,9.8,10,▼-3.7,▼-27.41%,4,3,7,254,9.9,10.5,995,5
TXO,202610,20261021.0,39600.0,Call,-,-,-,-,10380,-,-,0,0,0,0,10350,10410,-,-
TXO,202610,20261021.0,39600.0,Put,9.9,10,9.9,10,10,▼-4,▼-28.57%,0,3,3,35,9.9,10.5,1300,9.9
TXO,202610,20261021.0,39700.0,Call,-,-,-,-,10280,-,-,0,0,0,0,10250,10310,-,-
TXO,202610,20261021.0,39700.0,Put,10.5,10.5,10,10,10,▼-4.5,▼-31.03%,0,10,10,42,10,11,665,10
TXO,202610,20261021.0,39800.0,Call,-,-,-,-,10180,-,-,0,0,0,0,10150,10210,8430,8430
TXO,202610,20261021.0,39800.0,Put,11,11,10,10,11,▼-5,▼-33.33%,0,2,2,52,10.5,11,585,10
TXO,202610,20261021.0,39900.0,Call,-,-,-,-,10080,-,-,0,0,0,3,10050,10110,9940,3150
TXO,202610,20261021.0,39900.0,Put,10,10.5,10,10.5,11,▼-4.5,▼-30.00%,1,7,8,52,10.5,11.5,2760,9
TXO,202610,20261021.0,40000.0,Call,-,-,-,-,9980,-,-,0,0,0,1,9960,-,8350,6080
TXO,202610,20261021.0,40000.0,Put,13,13,10.5,11.5,11.5,▼-3.5,▼-23.33%,20,28,48,1111,10.5,11.5,2490,0.3
TXO,202610,20261021.0,40100.0,Call,-,-,-,-,9880,-,-,0,0,0,0,9850,9910,-,-
TXO,202610,20261021.0,40100.0,Put,-,-,-,-,11.5,-,-,0,0,0,52,11,12,660,28
TXO,202610,20261021.0,40200.0,Call,-,-,-,-,9780,-,-,0,0,0,0,9750,9810,-,-
TXO,202610,20261021.0,40200.0,Put,12,12,11.5,11.5,11.5,▼-4.5,▼-28.13%,0,3,3,95,11,12,630,11.5
TXO,202610,20261021.0,40300.0,Call,-,-,-,-,9680,-,-,0,0,0,0,9650,9710,-,-
TXO,202610,20261021.0,40300.0,Put,-,-,-,-,12,-,-,1,0,1,33,11.5,12.5,2940,14
TXO,202610,20261021.0,40400.0,Call,-,-,-,-,9580,-,-,0,0,0,0,9550,9610,-,-
TXO,202610,20261021.0,40400.0,Put,12.5,12.5,12,12,12,▼-5,▼-29.41%,0,2,2,24,11.5,12.5,300,12
TXO,202610,20261021.0,40500.0,Call,-,-,-,-,9480,-,-,0,0,0,0,9460,9510,-,-
TXO,202610,20261021.0,40500.0,Put,13,13,12,12,12,▼-5,▼-29.41%,3,2,5,82,12,13,2730,12
TXO,202610,20261021.0,40600.0,Call,-,-,-,-,9380,-,-,0,0,0,0,9360,9410,7640,7640
TXO,202610,20261021.0,40600.0,Put,-,-,-,-,12.5,-,-,0,0,0,41,12,13,1260,16.5
TXO,202610,20261021.0,40700.0,Call,-,-,-,-,9290,-,-,0,0,0,0,9260,9310,7540,7540
TXO,202610,20261021.0,40700.0,Put,-,-,-,-,13,-,-,0,0,0,27,12.5,13.5,1540,16.5
TXO,202610,20261021.0,40800.0,Call,-,-,-,-,9190,-,-,0,0,0,0,9160,9210,9340,3010
TXO,202610,20261021.0,40800.0,Put,12.5,12.5,12.5,12.5,13,▼-6,▼-32.43%,0,1,1,32,12.5,13.5,2920,12.5
TXO,202610,20261021.0,40900.0,Call,-,-,-,-,9090,-,-,0,0,0,0,9060,9110,-,-
TXO,202610,20261021.0,40900.0,Put,16,16,12.5,12.5,13.5,▼-6,▼-32.43%,1,2,3,39,13,14,3100,12.5
TXO,202610,20261021.0,41000.0,Call,-,-,-,-,8990,-,-,0,0,0,0,8960,9010,4060,2930
TXO,202610,20261021.0,41000.0,Put,15,16.5,13.5,14,14,▼-5,▼-26.32%,11,24,35,386,13,14,3020,13.5
TXO,202610,20261021.0,41100.0,Call,-,-,-,-,8890,-,-,0,0,0,0,8860,8910,-,-
TXO,202610,20261021.0,41100.0,Put,-,-,-,-,14,-,-,0,0,0,33,13.5,14.5,2590,16.5
TXO,202610,20261021.0,41200.0,Call,-,-,-,-,8790,-,-,0,0,0,0,8760,8810,7050,3580
TXO,202610,20261021.0,41200.0,Put,-,-,-,-,14,-,-,0,0,0,30,13.5,14.5,2540,17
TXO,202610,20261021.0,41300.0,Call,-,-,-,-,8690,-,-,0,0,0,5,8670,8720,5550,5550
TXO,202610,20261021.0,41300.0,Put,-,-,-,-,14.5,-,-,1,0,1,24,14,15,760,18.5
TXO,202610,20261021.0,41400.0,Call,-,-,-,-,8590,-,-,0,0,0,0,8560,8610,-,-
TXO,202610,20261021.0,41400.0,Put,15,15,15,15,15,▼-5.5,▼-26.83%,2,5,7,21,14,15,800,15
TXO,202610,20261021.0,41500.0,Call,-,-,-,-,8490,-,-,0,0,0,0,8460,8510,5050,4460
TXO,202610,20261021.0,41500.0,Put,-,-,-,-,15,-,-,3,0,3,177,14.5,15.5,2280,19
TXO,202610,20261021.0,41600.0,Call,-,-,-,-,8390,-,-,0,0,0,6,8370,8420,5280,3210
TXO,202610,20261021.0,41600.0,Put,-,-,-,-,15.5,-,-,0,0,0,30,15,16,2550,20.5
TXO,202610,20261021.0,41700.0,Call,-,-,-,-,8290,-,-,0,0,0,2,8270,8320,5210,5190
TXO,202610,20261021.0,41700.0,Put,-,-,-,-,16,-,-,0,0,0,21,15.5,16,975,19.5
TXO,202610,20261021.0,41800.0,Call,-,-,-,-,8190,-,-,0,0,0,4,8170,8220,5090,5090
TXO,202610,20261021.0,41800.0,Put,-,-,-,-,16,-,-,0,0,0,21,15.5,16.5,2140,19.5
TXO,202610,20261021.0,41900.0,Call,-,-,-,-,8090,-,-,0,0,0,0,8060,8110,-,-
TXO,202610,20261021.0,41900.0,Put,17,17,17,17,16.5,▼-5.5,▼-24.44%,0,1,1,19,16,17,2830,17
TXO,202610,20261021.0,42000.0,Call,-,-,-,-,7990,-,-,0,0,0,1,7960,8010,5140,5140
TXO,202610,20261021.0,42000.0,Put,18.5,20,16,16.5,16.5,▼-6.5,▼-28.26%,38,143,181,686,16,17,3500,16
TXO,202610,20261021.0,42100.0,Call,-,-,-,-,7890,-,-,0,0,0,0,7870,7910,-,-
TXO,202610,20261021.0,42100.0,Put,-,-,-,-,17,-,-,0,0,0,30,16.5,17.5,640,22
TXO,202610,20261021.0,42200.0,Call,-,-,-,-,7790,-,-,0,0,0,2,7770,7810,4200,2000
TXO,202610,20261021.0,42200.0,Put,-,-,-,-,17.5,-,-,0,0,0,50,17,18,2120,21
TXO,202610,20261021.0,42300.0,Call,-,-,-,-,7690,-,-,0,0,0,0,7670,7710,-,-
TXO,202610,20261021.0,42300.0,Put,18.5,18.5,18.5,18.5,17.5,▼-5.5,▼-22.92%,0,1,1,25,17,18,985,18.5
TXO,202610,20261021.0,42400.0,Call,-,-,-,-,7590,-,-,0,0,0,2,7570,7610,7200,2960
TXO,202610,20261021.0,42400.0,Put,19.5,20,19.5,20,18,▼-4.5,▼-18.37%,0,3,3,33,17.5,18.5,3760,19.5
TXO,202610,20261021.0,42500.0,Call,-,-,-,-,7490,-,-,0,0,0,0,7470,-,5210,2120
TXO,202610,20261021.0,42500.0,Put,21,22,19,19,18.5,▼-6,▼-24.00%,1,17,18,225,18,19,1850,19
TXO,202610,20261021.0,42600.0,Call,-,-,-,-,7390,-,-,0,0,0,1,7370,7420,4560,3610
TXO,202610,20261021.0,42600.0,Put,21.5,21.5,21.5,21.5,18.5,▼-4,▼-15.69%,0,2,2,30,18,19,1150,21.5
TXO,202610,20261021.0,42700.0,Call,7420,7420,7420,7420,7290,▲+30,▲+0.41%,0,1,1,0,7270,-,7420,4190
TXO,202610,20261021.0,42700.0,Put,20,20,20,20,19,▼-6,▼-23.08%,0,1,1,23,18.5,19.5,1870,20
TXO,202610,20261021.0,42800.0,Call,-,-,-,-,7190,-,-,0,0,0,5,7170,7220,4380,3580
TXO,202610,20261021.0,42800.0,Put,-,-,-,-,19.5,-,-,0,0,0,144,19,20,3100,23.5
TXO,202610,20261021.0,42900.0,Call,-,-,-,-,7090,-,-,0,0,0,5,7070,7120,5870,3070
TXO,202610,20261021.0,42900.0,Put,20,20,20,20,20,▼-7.5,▼-27.27%,0,2,2,76,19.5,20.5,3050,20
TXO,202610,20261021.0,43000.0,Call,-,-,-,-,6990,-,-,0,0,0,3,6970,7020,5300,3180
TXO,202610,20261021.0,43000.0,Put,20,24.5,20,20.5,20.5,▼-7.5,▼-26.79%,6,12,18,803,20,20.5,4200,20
TXO,202610,20261021.0,43100.0,Call,-,-,-,-,6890,-,-,0,0,0,0,6870,6920,-,-
TXO,202610,20261021.0,43100.0,Put,24.5,24.5,23.5,23.5,20.5,▼-4.5,▼-16.07%,0,5,5,39,20,21,1390,23.5
TXO,202610,20261021.0,43200.0,Call,-,-,-,-,6790,-,-,0,0,0,0,6770,6820,4100,2950
TXO,202610,20261021.0,43200.0,Put,26,26,26,26,21,▼-3,▼-10.34%,5,1,6,38,20.5,21.5,1000,25
TXO,202610,20261021.0,43300.0,Call,-,-,-,-,6700,-,-,0,0,0,0,6670,6720,-,-
TXO,202610,20261021.0,43300.0,Put,-,-,-,-,21.5,-,-,0,0,0,74,21,22,1470,29
TXO,202610,20261021.0,43400.0,Call,-,-,-,-,6600,-,-,0,0,0,0,6570,6620,4400,2880
TXO,202610,20261021.0,43400.0,Put,25,27,24.5,24.5,22,▼-5.5,▼-18.33%,5,4,9,55,21.5,22.5,2890,24.5
TXO,202610,20261021.0,43500.0,Call,-,-,-,-,6500,-,-,0,0,0,210,6360,6540,6660,1570
TXO,202610,20261021.0,43500.0,Put,26.5,27.5,26.5,27.5,22.5,▼-3,▼-9.84%,31,7,38,248,22,23,3050,26.5
TXO,202610,20261021.0,43600.0,Call,-,-,-,-,6400,-,-,0,0,0,70,6260,6440,6560,2770
TXO,202610,20261021.0,43600.0,Put,23.5,24,23.5,24,23,▼-7.5,▼-23.81%,0,9,9,79,22.5,23.5,2850,23.5
TXO,202610,20261021.0,43700.0,Call,-,-,-,-,6300,-,-,0,0,0,35,6180,6340,6270,2710
TXO,202610,20261021.0,43700.0,Put,-,-,-,-,23,-,-,0,0,0,35,22.5,23.5,2920,30.5
TXO,202610,20261021.0,43800.0,Call,-,-,-,-,6200,-,-,0,0,0,225,6070,6240,6300,1650
TXO,202610,20261021.0,43800.0,Put,-,-,-,-,23.5,-,-,0,0,0,40,23,24,3100,30.5
TXO,202610,20261021.0,43900.0,Call,-,-,-,-,6100,-,-,0,0,0,70,5960,6140,3660,2590
TXO,202610,20261021.0,43900.0,Put,-,-,-,-,24.5,-,-,0,0,0,68,24,24.5,3140,34
TXO,202610,20261021.0,44000.0,Call,6090,6090,6090,6090,6000,▼-10,▼-0.16%,1,1,2,224,5860,6040,6150,1520
TXO,202610,20261021.0,44000.0,Put,28,30.5,24,24,25,▼-10.5,▼-30.43%,64,51,115,804,24.5,25.5,2770,24
TXO,202610,20261021.0,44100.0,Call,-,-,-,-,5900,-,-,0,0,0,55,5760,5940,4270,1540
TXO,202610,20261021.0,44100.0,Put,31,31.5,25.5,25.5,25.5,▼-9.5,▼-27.14%,0,19,19,128,25,26,3230,25.5
TXO,202610,20261021.0,44200.0,Call,-,-,-,-,5800,-,-,0,0,0,5,5780,-,4230,2390
TXO,202610,20261021.0,44200.0,Put,29,32.5,26,26,26,▼-9.5,▼-26.76%,0,32,32,78,25.5,26.5,2730,26
TXO,202610,20261021.0,44300.0,Call,-,-,-,-,5700,-,-,0,0,0,1,5680,5720,3340,2440
TXO,202610,20261021.0,44300.0,Put,-,-,-,-,26.5,-,-,0,0,0,41,26,27,2040,34
TXO,202610,20261021.0,44400.0,Call,-,-,-,-,5600,-,-,0,0,0,20,5590,-,5710,1410
TXO,202610,20261021.0,44400.0,Put,-,-,-,-,27.5,-,-,0,0,0,112,27,27.5,2180,36
TXO,202610,20261021.0,44500.0,Call,-,-,-,-,5500,-,-,0,0,0,71,5370,5540,5600,1900
TXO,202610,20261021.0,44500.0,Put,34.5,35,28,29,28,▼-9.5,▼-24.68%,6,44,50,301,27.5,28.5,4990,28
TXO,202610,20261021.0,44600.0,Call,-,-,-,-,5400,-,-,0,0,0,165,5280,5440,3600,2130
TXO,202610,20261021.0,44600.0,Put,33,33,28.5,30,28.5,▼-9,▼-23.08%,1,24,25,258,28,29,1220,28.5
TXO,202610,20261021.0,44700.0,Call,-,-,-,-,5300,-,-,0,0,0,74,5180,5340,3720,1350
TXO,202610,20261021.0,44700.0,Put,37.5,37.5,30,31,29.5,▼-10.5,▼-25.30%,2,13,15,65,29,30,2050,30
TXO,202610,20261021.0,44800.0,Call,-,-,-,-,5210,-,-,0,0,0,340,5060,5240,3680,1830
TXO,202610,20261021.0,44800.0,Put,36,36,30.5,31,31,▼-12,▼-27.91%,2,25,27,204,30,31,2220,30.5
TXO,202610,20261021.0,44900.0,Call,-,-,-,-,5110,-,-,1,0,1,203,4970,5140,5300,1950
TXO,202610,20261021.0,44900.0,Put,36.5,36.5,31,31,31,▼-13,▼-29.55%,2,30,32,258,31,32,1390,31
TXO,202610,20261021.0,45000.0,Call,-,-,-,-,5010,-,-,1,0,1,565,4870,5040,5200,1600
TXO,202610,20261021.0,45000.0,Put,40,42.5,31,32,32,▼-12.5,▼-28.09%,40,199,239,1120,32,33,2760,31
TXO,202610,20261021.0,45100.0,Call,-,-,-,-,4910,-,-,0,0,0,1,4900,4930,3100,2020
TXO,202610,20261021.0,45100.0,Put,40,44,32.5,32.5,32.5,▼-14.5,▼-30.85%,2,89,91,146,33,34,2640,32.5
TXO,202610,20261021.0,45200.0,Call,4870,4870,4870,4870,4810,▼-40,▼-0.81%,0,1,1,1,4790,4830,4870,1670
TXO,202610,20261021.0,45200.0,Put,43,43,34,34,34,▼-14.5,▼-29.90%,13,13,26,111,34,35,3950,34
TXO,202610,20261021.0,45300.0,Call,-,-,-,-,4710,-,-,0,0,0,8,4700,4730,2990,1130
TXO,202610,20261021.0,45300.0,Put,40,41,37,37,37,▼-12,▼-24.49%,0,3,3,57,35,36.5,2510,37
TXO,202610,20261021.0,45400.0,Call,4680,4680,4680,4680,4610,▼-40,▼-0.85%,0,10,10,11,4600,4630,4680,1820
TXO,202610,20261021.0,45400.0,Put,41.5,41.5,37.5,38.5,38.5,▼-12.5,▼-24.51%,25,11,36,42,36.5,37.5,1400,37.5
TXO,202610,20261021.0,45500.0,Call,-,-,-,-,4510,-,-,0,0,0,61,4310,4550,4640,1160
TXO,202610,20261021.0,45500.0,Put,46,46,37,38.5,38.5,▼-13.5,▼-25.96%,16,50,66,208,38,39,1780,0.5
TXO,202610,20261021.0,45600.0,Call,-,-,-,-,4420,-,-,0,0,0,47,4090,4440,4460,1480
TXO,202610,20261021.0,45600.0,Put,50,50,50,50,40.5,▼-6,▼-10.71%,0,1,1,78,39.5,41,2470,50
TXO,202610,20261021.0,45700.0,Call,-,-,-,-,4320,-,-,10,0,10,57,4200,4350,4420,1390
TXO,202610,20261021.0,45700.0,Put,48,48,40,41,41,▼-16,▼-28.07%,12,15,27,317,41,42.5,1640,40
TXO,202610,20261021.0,45800.0,Call,-,-,-,-,4220,-,-,0,0,0,64,4010,4250,4240,1350
TXO,202610,20261021.0,45800.0,Put,53,55,44,44,44,▼-16,▼-26.67%,1,5,6,120,43,44.5,2230,44
TXO,202610,20261021.0,45900.0,Call,-,-,-,-,4120,-,-,0,0,0,16,4110,4140,2930,1160
TXO,202610,20261021.0,45900.0,Put,51,57,45,45,45,▼-16,▼-26.23%,0,11,11,74,45,46.5,1620,45
TXO,202610,20261021.0,46000.0,Call,-,-,-,-,4020,-,-,4,0,4,116,3690,4230,4310,970
TXO,202610,20261021.0,46000.0,Put,60,61,48,48,48,▼-15,▼-23.81%,26,533,559,1332,47.5,49,3660,48
TXO,202610,20261021.0,46100.0,Call,-,-,-,-,3930,-,-,47,0,47,75,3600,3950,4150,1190
TXO,202610,20261021.0,46100.0,Put,61,61,50,50,50,▼-17,▼-25.37%,31,23,54,124,49.5,52,2260,50
TXO,202610,20261021.0,46200.0,Call,-,-,-,-,3830,-,-,0,0,0,29,3490,3920,3960,1130
TXO,202610,20261021.0,46200.0,Put,64,64,54,57,53,▼-13,▼-18.57%,8,15,23,141,52,54,2690,54
TXO,202610,20261021.0,46300.0,Call,-,-,-,-,3730,-,-,0,0,0,39,3610,3760,3740,1080
TXO,202610,20261021.0,46300.0,Put,67,68,57,57,57,▼-17,▼-22.97%,4,21,25,107,55,57,2900,57
TXO,202610,20261021.0,46400.0,Call,-,-,-,-,3630,-,-,0,0,0,346,3290,3660,3740,790
TXO,202610,20261021.0,46400.0,Put,66,66,60,60,60,▼-17,▼-22.08%,1,26,27,61,58,60,1970,60
TXO,202610,20261021.0,46500.0,Call,3680,3680,3680,3680,3540,▲+30,▲+0.82%,10,1,11,109,3200,3570,3700,980
TXO,202610,20261021.0,46500.0,Put,69,76,61,62,62,▼-16,▼-20.51%,13,97,110,523,62,64,2080,61
TXO,202610,20261021.0,46600.0,Call,-,-,-,-,3440,-,-,30,0,30,192,3400,3500,3580,940
TXO,202610,20261021.0,46600.0,Put,78,78,69,69,69,▼-16,▼-18.82%,5,35,40,124,66,68,2010,69
TXO,202610,20261021.0,46700.0,Call,-,-,-,-,3350,-,-,1,0,1,92,3000,3380,3550,920
TXO,202610,20261021.0,46700.0,Put,85,85,69,69,69,▼-20,▼-22.47%,4,20,24,87,70,72,2080,69
TXO,202610,20261021.0,46800.0,Call,3170,3300,3170,3300,3250,▼-60,▼-1.79%,1,2,3,116,3220,3280,3330,850
TXO,202610,20261021.0,46800.0,Put,80,91,78,80,80,▼-12,▼-13.04%,21,16,37,155,74,77,2420,78
TXO,202610,20261021.0,46900.0,Call,-,-,-,-,3160,-,-,0,0,0,108,3020,3200,2520,845
TXO,202610,20261021.0,46900.0,Put,86,98,82,85,85,▼-12,▼-12.37%,7,12,19,117,79,82,4010,82
TXO,202610,20261021.0,47000.0,Call,3070,3070,3070,3070,3070,▼-100,▼-3.15%,30,2,32,879,2720,3180,3200,755
TXO,202610,20261021.0,47000.0,Put,95,103,83,86,86,▼-16,▼-15.69%,109,90,199,794,85,87,4240,83
TXO,202610,20261021.0,47100.0,Call,2940,3010,2940,3010,2970,▼-60,▼-1.95%,0,2,2,381,2620,3000,3030,710
TXO,202610,20261021.0,47100.0,Put,105,112,90,90,90,▼-19,▼-17.43%,4,12,16,142,91,93,1600,90
TXO,202610,20261021.0,47200.0,Call,2980,2990,2910,2910,2870,▼-70,▼-2.35%,1,3,4,390,2530,2900,3060,670
TXO,202610,20261021.0,47200.0,Put,105,115,94,97,97,▼-21,▼-17.80%,50,39,89,215,97,99,2430,94
TXO,202610,20261021.0,47300.0,Call,-,-,-,-,2780,-,-,0,0,0,64,2440,2820,2930,550
TXO,202610,20261021.0,47300.0,Put,114,123,103,103,103,▼-20,▼-16.26%,21,11,32,113,104,107,2640,103
TXO,202610,20261021.0,47400.0,Call,-,-,-,-,2690,-,-,0,0,0,71,2590,2720,2470,630
TXO,202610,20261021.0,47400.0,Put,121,136,117,117,117,▼-7,▼-5.65%,23,7,30,131,112,114,2500,117
TXO,202610,20261021.0,47500.0,Call,2590,2590,2590,2590,2590,▼-120,▼-4.43%,14,1,15,179,2250,2630,2870,585
TXO,202610,20261021.0,47500.0,Put,132,145,116,117,117,▼-17,▼-12.69%,33,49,82,301,121,123,2670,111
TXO,202610,20261021.0,47600.0,Call,-,-,-,-,2510,-,-,0,0,0,43,2160,2540,2660,605
TXO,202610,20261021.0,47600.0,Put,132,136,132,134,134,▼-15,▼-10.07%,6,3,9,83,130,133,2040,132
TXO,202610,20261021.0,47700.0,Call,-,-,-,-,2420,-,-,8,0,8,68,2070,2440,2570,520
TXO,202610,20261021.0,47700.0,Put,160,168,140,140,140,▼-15,▼-9.68%,25,20,45,100,140,143,2550,140
TXO,202610,20261021.0,47800.0,Call,2320,2320,2280,2280,2330,▼-170,▼-6.94%,0,2,2,90,1990,2360,2460,488
TXO,202610,20261021.0,47800.0,Put,177,182,150,158,158,▼-15,▼-8.67%,4,17,21,129,152,155,2130,150
TXO,202610,20261021.0,47900.0,Call,-,-,-,-,2240,-,-,0,0,0,25,1900,2270,2390,454
TXO,202610,20261021.0,47900.0,Put,180,196,163,167,167,▼-18,▼-9.73%,14,16,30,140,164,168,1790,163
TXO,202610,20261021.0,48000.0,Call,2100,2250,2100,2150,2150,▼-100,▼-4.44%,11,23,34,722,2140,2170,2410,421
TXO,202610,20261021.0,48000.0,Put,198,212,168,178,178,▼-18,▼-9.18%,106,382,488,1100,177,181,4790,168
TXO,202610,20261021.0,48100.0,Call,2130,2130,2130,2130,2070,▼-40,▼-1.84%,1,1,2,93,1730,2180,2290,403
TXO,202610,20261021.0,48100.0,Put,217,226,192,202,202,▼-9,▼-4.27%,16,35,51,117,192,195,1880,191
TXO,202610,20261021.0,48200.0,Call,1930,2040,1920,1970,1970,▼-120,▼-5.74%,7,7,14,201,1970,2000,2190,374
TXO,202610,20261021.0,48200.0,Put,231,239,200,220,220,▼-15,▼-6.38%,15,33,48,145,208,211,2260,200
TXO,202610,20261021.0,48300.0,Call,1920,1920,1830,1890,1890,▼-100,▼-5.03%,0,4,4,217,1730,1930,2010,354
TXO,202610,20261021.0,48300.0,Put,245,267,223,232,232,▼-10,▼-4.13%,21,46,67,156,224,229,1990,223
TXO,202610,20261021.0,48350.0,Call,-,-,-,-,1860,-,-,0,0,0,0,1850,1880,-,-
TXO,202610,20261021.0,48350.0,Put,263,263,253,263,238,▲+11,▲+4.37%,0,3,3,3,235,240,263,253
TXO,202610,20261021.0,48400.0,Call,1930,1930,1930,1930,1820,0,0%,8,1,9,207,1480,1850,2100,338
TXO,202610,20261021.0,48400.0,Put,269,270,233,240,240,▼-12,▼-4.76%,14,30,44,98,243,248,2050,233
TXO,202610,20261021.0,48450.0,Call,-,-,-,-,1780,-,-,0,0,0,0,1770,1800,-,-
TXO,202610,20261021.0,48450.0,Put,-,-,-,-,257,-,-,0,0,0,0,253,258,-,-
TXO,202610,20261021.0,48500.0,Call,1800,1860,1800,1840,1740,▼-10,▼-0.54%,6,3,9,317,1730,1760,2000,320
TXO,202610,20261021.0,48500.0,Put,297,304,257,260,260,▼-24,▼-8.45%,37,432,469,609,265,270,3060,257
TXO,202610,20261021.0,48550.0,Call,-,-,-,-,1700,-,-,0,0,0,0,1690,1720,-,-
TXO,202610,20261021.0,48550.0,Put,290,291,286,286,286,▼-9,▼-3.05%,0,7,7,7,275,280,291,286
TXO,202610,20261021.0,48600.0,Call,-,-,-,-,1670,-,-,7,0,7,291,1320,1690,1850,307
TXO,202610,20261021.0,48600.0,Put,320,330,282,287,287,▼-8,▼-2.71%,20,15,35,113,286,291,1450,275
TXO,202610,20261021.0,48650.0,Call,-,-,-,-,1630,-,-,0,0,0,0,1610,1640,-,-
TXO,202610,20261021.0,48650.0,Put,-,-,-,-,300,-,-,0,0,0,0,297,302,-,-
TXO,202610,20261021.0,48700.0,Call,1580,1620,1580,1620,1590,▼-80,▼-4.71%,2,4,6,226,1570,1600,1810,285
TXO,202610,20261021.0,48700.0,Put,356,356,303,308,308,▼-26,▼-7.78%,4,24,28,100,309,314,2420,303
TXO,202610,20261021.0,48750.0,Call,-,-,-,-,1550,-,-,0,0,0,0,1540,1570,-,-
TXO,202610,20261021.0,48750.0,Put,353,373,319,319,319,▼-28,▼-8.07%,0,12,12,6,321,326,373,319
TXO,202610,20261021.0,48800.0,Call,-,-,-,-,1520,-,-,19,0,19,128,1170,1520,1790,269
TXO,202610,20261021.0,48800.0,Put,390,390,333,340,340,▼-20,▼-5.56%,4,15,19,96,335,340,2170,333
TXO,202610,20261021.0,48850.0,Call,-,-,-,-,1480,-,-,0,0,0,0,1460,1490,-,-
TXO,202610,20261021.0,48850.0,Put,395,404,395,404,350,▲+30,▲+8.02%,0,2,2,2,347,352,404,395
TXO,202610,20261021.0,48900.0,Call,-,-,-,-,1440,-,-,0,0,0,103,1100,1460,1560,246
TXO,202610,20261021.0,48900.0,Put,392,406,354,354,354,▼-20,▼-5.35%,7,23,30,42,361,366,2050,354
TXO,202610,20261021.0,48950.0,Call,-,-,-,-,1410,-,-,0,0,0,0,1390,1420,-,-
TXO,202610,20261021.0,48950.0,Put,-,-,-,-,379,-,-,0,0,0,0,375,380,-,-
TXO,202610,20261021.0,49000.0,Call,1390,1470,1320,1370,1370,▼-110,▼-7.43%,16,7,23,596,1360,1380,1630,224
TXO,202610,20261021.0,49000.0,Put,421,450,373,383,383,▼-15,▼-3.77%,74,94,168,300,390,396,5700,337
TXO,202610,20261021.0,49050.0,Call,-,-,-,-,1340,-,-,0,0,0,0,1330,1340,-,-
TXO,202610,20261021.0,49050.0,Put,-,-,-,-,410,-,-,0,0,0,0,405,410,-,-
TXO,202610,20261021.0,49100.0,Call,1400,1400,1240,1330,1300,▼-80,▼-5.67%,16,197,213,601,1290,1310,1490,233
TXO,202610,20261021.0,49100.0,Put,407,450,407,419,419,▼-26,▼-5.84%,42,56,98,129,420,426,1890,396
TXO,202610,20261021.0,49150.0,Call,1240,1240,1240,1240,1270,▼-120,▼-8.82%,0,1,1,1,1260,1280,1240,1240
TXO,202610,20261021.0,49150.0,Put,-,-,-,-,442,-,-,0,0,0,0,436,442,-,-
TXO,202610,20261021.0,49200.0,Call,1180,1290,1180,1250,1250,▼-80,▼-6.02%,19,8,27,229,1220,1240,1470,221
TXO,202610,20261021.0,49200.0,Put,494,500,440,457,457,▼-28,▼-5.77%,7,14,21,70,433,530,3370,433
TXO,202610,20261021.0,49250.0,Call,1270,1270,1270,1270,1210,▼-50,▼-3.79%,0,1,1,1,1190,1210,1270,1270
TXO,202610,20261021.0,49250.0,Put,-,-,-,-,476,-,-,0,0,0,0,470,476,-,-
TXO,202610,20261021.0,49300.0,Call,1220,1220,1190,1190,1190,▼-100,▼-7.75%,2,2,4,88,1160,1180,1410,182
TXO,202610,20261021.0,49300.0,Put,535,540,470,480,480,▼-35,▼-6.80%,44,51,95,157,486,493,1650,470
TXO,202610,20261021.0,49350.0,Call,-,-,-,-,1140,-,-,0,0,0,0,1130,1140,-,-
TXO,202610,20261021.0,49350.0,Put,550,550,550,550,515,▲+20,▲+3.77%,0,1,1,1,505,515,550,550
TXO,202610,20261021.0,49400.0,Call,1080,1090,1050,1090,1090,▼-110,▼-9.17%,4,199,203,216,1090,1110,1340,180
TXO,202610,20261021.0,49400.0,Put,545,585,500,530,530,▼-10,▼-1.85%,26,53,79,74,525,535,3110,482
TXO,202610,20261021.0,49450.0,Call,-,-,-,-,1080,-,-,0,0,0,0,1070,1080,-,-
TXO,202610,20261021.0,49450.0,Put,535,540,535,540,540,▼-15,▼-2.70%,0,9,9,9,540,550,540,535
TXO,202610,20261021.0,49500.0,Call,1120,1130,990,1040,1040,▼-110,▼-9.57%,12,26,38,608,1030,1050,1410,165
TXO,202610,20261021.0,49500.0,Put,605,635,540,555,555,▼-5,▼-0.89%,100,127,227,287,560,570,2100,520
TXO,202610,20261021.0,49550.0,Call,-,-,-,-,1020,-,-,0,0,0,0,1010,1020,-,-
TXO,202610,20261021.0,49550.0,Put,610,610,590,590,590,▲+10,▲+1.72%,0,6,6,6,580,590,610,590
TXO,202610,20261021.0,49600.0,Call,1080,1080,940,1050,990,▼-30,▼-2.78%,11,26,37,116,980,990,1200,200
TXO,202610,20261021.0,49600.0,Put,650,680,600,600,600,▼-25,▼-4.00%,13,22,35,32,600,610,2240,550
TXO,202610,20261021.0,49650.0,Call,995,995,995,995,960,▼-65,▼-6.13%,0,5,5,0,950,960,995,995
TXO,202610,20261021.0,49650.0,Put,-,-,-,-,635,-,-,0,0,0,0,625,635,-,-
TXO,202610,20261021.0,49700.0,Call,1010,1010,880,930,930,▼-110,▼-10.58%,5,5,10,102,925,935,1170,162
TXO,202610,20261021.0,49700.0,Put,690,720,620,635,665,▼-35,▼-5.22%,9,19,28,37,645,680,2000,600
TXO,202610,20261021.0,49750.0,Call,945,965,900,965,905,▼-55,▼-5.39%,0,7,7,2,895,905,965,900
TXO,202610,20261021.0,49750.0,Put,670,670,670,670,670,▼-20,▼-2.90%,0,2,2,2,665,680,670,670
TXO,202610,20261021.0,49800.0,Call,945,955,830,955,875,▼-45,▼-4.50%,14,10,24,130,870,880,1110,176
TXO,202610,20261021.0,49800.0,Put,725,770,665,695,695,▲+5,▲+0.72%,23,28,51,40,690,705,2470,640
TXO,202610,20261021.0,49850.0,Call,-,-,-,-,850,-,-,0,0,0,0,840,850,-,-
TXO,202610,20261021.0,49850.0,Put,-,-,-,-,720,-,-,0,0,0,0,715,725,-,-
TXO,202610,20261021.0,49900.0,Call,810,905,780,815,815,▼-110,▼-11.89%,9,27,36,106,810,825,1050,165
TXO,202610,20261021.0,49900.0,Put,750,810,745,760,760,▲+5,▲+0.66%,44,12,56,64,735,745,3000,685
TXO,202610,20261021.0,49950.0,Call,805,805,805,805,805,▼-100,▼-11.05%,0,1,1,1,790,800,805,805
TXO,202610,20261021.0,49950.0,Put,-,-,-,-,765,-,-,0,0,0,0,760,770,-,-
TXO,202610,20261021.0,50000.0,Call,800,860,725,760,760,▼-120,▼-13.64%,122,122,244,1428,760,770,1180,118
TXO,202610,20261021.0,50000.0,Put,800,875,745,785,785,▲+5,▲+0.64%,107,102,209,182,755,800,4700,725
TXO,202610,20261021.0,50050.0,Call,-,-,-,-,745,-,-,0,0,0,0,740,750,-,-
TXO,202610,20261021.0,50050.0,Put,-,-,-,-,815,-,-,0,0,0,0,810,825,-,-
TXO,202610,20261021.0,50100.0,Call,800,810,700,710,710,▼-120,▼-14.46%,11,27,38,108,715,725,940,160
TXO,202610,20261021.0,50100.0,Put,905,905,810,860,860,▲+25,▲+2.99%,12,20,32,24,840,850,2570,800
TXO,202610,20261021.0,50150.0,Call,745,745,705,705,705,▼-100,▼-12.42%,0,2,2,2,695,705,745,705
TXO,202610,20261021.0,50150.0,Put,-,-,-,-,870,-,-,0,0,0,0,865,875,-,-
TXO,202610,20261021.0,50200.0,Call,690,745,640,660,660,▼-125,▼-15.92%,40,85,125,195,670,680,885,119
TXO,202610,20261021.0,50200.0,Put,950,975,865,920,920,▲+25,▲+2.79%,47,29,76,38,860,995,4270,820
TXO,202610,20261021.0,50250.0,Call,-,-,-,-,655,-,-,0,0,0,0,650,660,-,-
TXO,202610,20261021.0,50250.0,Put,-,-,-,-,930,-,-,0,0,0,0,915,940,-,-
TXO,202610,20261021.0,50300.0,Call,695,695,600,635,635,▼-105,▼-14.19%,2,25,27,132,625,635,845,123
TXO,202610,20261021.0,50300.0,Put,-,-,-,-,955,-,-,6,0,6,12,935,970,2620,885
TXO,202610,20261021.0,50350.0,Call,-,-,-,-,615,-,-,0,0,0,0,605,615,-,-
TXO,202610,20261021.0,50350.0,Put,-,-,-,-,985,-,-,0,0,0,0,970,995,-,-
TXO,202610,20261021.0,50400.0,Call,620,660,560,580,580,▼-110,▼-15.94%,10,24,34,81,580,600,800,106
TXO,202610,20261021.0,50400.0,Put,1010,1010,1010,1010,1010,0,0%,0,1,1,10,1000,1030,3470,965
TXO,202610,20261021.0,50450.0,Call,-,-,-,-,575,-,-,0,0,0,0,565,575,-,-
TXO,202610,20261021.0,50450.0,Put,-,-,-,-,1050,-,-,0,0,0,0,1030,1060,-,-
TXO,202610,20261021.0,50500.0,Call,620,625,525,550,550,▼-100,▼-15.38%,43,86,129,327,540,570,890,88
TXO,202610,20261021.0,50500.0,Put,1160,1160,1020,1040,1080,▼-20,▼-1.89%,37,26,63,16,1060,1090,2370,970
TXO,202610,20261021.0,50550.0,Call,-,-,-,-,535,-,-,0,0,0,0,525,535,-,-
TXO,202610,20261021.0,50550.0,Put,-,-,-,-,1110,-,-,0,0,0,0,1090,1120,-,-
TXO,202610,20261021.0,50600.0,Call,550,565,515,515,515,▼-115,▼-18.25%,15,8,23,111,505,515,705,88
TXO,202610,20261021.0,50600.0,Put,1120,1140,1070,1130,1130,▼-30,▼-2.59%,14,15,29,34,1120,1480,2720,1030
TXO,202610,20261021.0,50650.0,Call,-,-,-,-,497,-,-,0,0,0,0,491,497,-,-
TXO,202610,20261021.0,50650.0,Put,-,-,-,-,1170,-,-,0,0,0,0,1150,1180,-,-
TXO,202610,20261021.0,50700.0,Call,520,540,451,481,481,▼-84,▼-14.87%,35,51,86,72,475,481,650,91
TXO,202610,20261021.0,50700.0,Put,-,-,-,-,1200,-,-,2,0,2,4,1180,1210,2650,1140
TXO,202610,20261021.0,50750.0,Call,489,510,489,510,463,▼-30,▼-5.56%,0,8,8,6,457,463,510,489
TXO,202610,20261021.0,50750.0,Put,-,-,-,-,1240,-,-,0,0,0,0,1220,1250,-,-
TXO,202610,20261021.0,50800.0,Call,492,500,427,441,441,▼-84,▼-16.00%,14,41,55,363,442,447,615,71
TXO,202610,20261021.0,50800.0,Put,1300,1300,1300,1300,1270,▲+40,▲+3.17%,0,1,1,9,1250,1280,3090,1290
TXO,202610,20261021.0,50850.0,Call,408,430,408,430,430,▼-95,▼-18.10%,0,2,2,0,425,431,430,408
TXO,202610,20261021.0,50850.0,Put,-,-,-,-,1300,-,-,0,0,0,0,1280,1310,-,-
TXO,202610,20261021.0,50900.0,Call,468,470,402,417,417,▼-93,▼-18.24%,7,11,18,173,409,414,795,69
TXO,202610,20261021.0,50900.0,Put,-,-,-,-,1340,-,-,0,0,0,1,1320,1350,1360,1360
TXO,202610,20261021.0,50950.0,Call,-,-,-,-,399,-,-,0,0,0,0,394,400,-,-
TXO,202610,20261021.0,50950.0,Put,-,-,-,-,1370,-,-,0,0,0,0,1350,1380,-,-
TXO,202610,20261021.0,51000.0,Call,412,440,365,382,382,▼-98,▼-20.42%,51,188,239,837,379,384,800,63
TXO,202610,20261021.0,51000.0,Put,1500,1500,1380,1410,1410,▲+20,▲+1.44%,2,8,10,17,1390,1420,4300,1300
TXO,202610,20261021.0,51050.0,Call,397,397,397,397,370,▼-58,▼-12.75%,0,1,1,1,365,370,397,397
TXO,202610,20261021.0,51050.0,Put,-,-,-,-,1440,-,-,0,0,0,0,1420,1450,-,-
TXO,202610,20261021.0,51100.0,Call,385,413,340,357,357,▼-83,▼-18.86%,36,54,90,108,351,356,810,67
TXO,202610,20261021.0,51100.0,Put,-,-,-,-,1480,-,-,0,0,0,0,1460,1490,-,-
TXO,202610,20261021.0,51150.0,Call,-,-,-,-,342,-,-,0,0,0,0,338,343,-,-
TXO,202610,20261021.0,51150.0,Put,-,-,-,-,1510,-,-,0,0,0,0,1500,1530,-,-
TXO,202610,20261021.0,51200.0,Call,349,385,312,324,324,▼-71,▼-17.97%,16,47,63,104,325,330,650,56
TXO,202610,20261021.0,51200.0,Put,-,-,-,-,1550,-,-,0,0,0,1,1530,1560,3310,1630
TXO,202610,20261021.0,51250.0,Call,-,-,-,-,316,-,-,0,0,0,0,219,-,-,-
TXO,202610,20261021.0,51250.0,Put,-,-,-,-,1590,-,-,0,0,0,0,1570,1600,-,-
TXO,202610,20261021.0,51300.0,Call,335,337,291,337,303,▼-39,▼-10.37%,5,10,15,51,300,305,444,60
TXO,202610,20261021.0,51300.0,Put,-,-,-,-,1620,-,-,0,0,0,1,1610,1640,3110,1730
TXO,202610,20261021.0,51400.0,Call,318,318,277,279,279,▼-83,▼-22.93%,17,15,32,55,277,282,515,48
TXO,202610,20261021.0,51400.0,Put,-,-,-,-,1700,-,-,0,0,0,0,-,1720,-,-
TXO,202610,20261021.0,51500.0,Call,288,304,249,262,262,▼-82,▼-23.84%,36,75,111,292,255,260,630,44
TXO,202610,20261021.0,51500.0,Put,-,-,-,-,1780,-,-,0,0,0,1,1760,1790,1910,1870
TXO,202610,20261021.0,51600.0,Call,262,282,234,234,234,▼-68,▼-22.52%,9,22,31,75,236,240,520,40
TXO,202610,20261021.0,51600.0,Put,1880,1880,1880,1880,1880,▲+50,▲+2.73%,0,1,1,1,1840,1870,3390,1880
TXO,202610,20261021.0,51700.0,Call,246,258,211,211,211,▼-59,▼-21.85%,4,25,29,43,217,221,610,40.5
TXO,202610,20261021.0,51700.0,Put,-,-,-,-,1940,-,-,0,0,0,1,1920,1950,3390,3390
TXO,202610,20261021.0,51800.0,Call,213,240,196,198,198,▼-71,▼-26.39%,4,75,79,84,199,203,445,36.5
TXO,202610,20261021.0,51800.0,Put,-,-,-,-,2020,-,-,0,0,0,0,2010,2040,3460,3160
TXO,202610,20261021.0,51900.0,Call,221,221,178,196,196,▼-34,▼-14.78%,24,18,42,67,182,186,1080,41.5
TXO,202610,20261021.0,51900.0,Put,-,-,-,-,2100,-,-,0,0,0,0,2090,2120,-,-
TXO,202610,20261021.0,52000.0,Call,177,206,162,168,168,▼-55,▼-24.66%,107,367,474,1071,168,171,1020,32
TXO,202610,20261021.0,52000.0,Put,2120,2120,2120,2120,2190,▼-30,▼-1.40%,0,1,1,10,2080,2210,2400,2120
TXO,202610,20261021.0,52100.0,Call,152,192,149,149,149,▼-65,▼-30.37%,11,11,22,45,153,156,495,32
TXO,202610,20261021.0,52100.0,Put,-,-,-,-,2280,-,-,0,0,0,0,2260,2290,-,-
TXO,202610,20261021.0,52200.0,Call,164,175,136,141,141,▼-58,▼-29.15%,9,30,39,99,139,143,412,28
TXO,202610,20261021.0,52200.0,Put,-,-,-,-,2360,-,-,0,0,0,6,2250,2490,4910,2300
TXO,202610,20261021.0,52300.0,Call,132,162,132,148,128,▼-36,▼-19.57%,7,8,15,38,127,130,1000,30
TXO,202610,20261021.0,52300.0,Put,-,-,-,-,2450,-,-,0,0,0,2,2430,2460,2610,2400
TXO,202610,20261021.0,52400.0,Call,126,143,119,119,119,▼-50,▼-29.59%,1,11,12,99,116,119,865,26
TXO,202610,20261021.0,52400.0,Put,-,-,-,-,2540,-,-,0,0,0,1,2520,2550,2670,2460
TXO,202610,20261021.0,52500.0,Call,134,134,105,106,106,▼-49,▼-31.61%,47,45,92,324,105,108,940,22.5
TXO,202610,20261021.0,52500.0,Put,-,-,-,-,2630,-,-,0,0,0,1,2610,2640,2600,2560
TXO,202610,20261021.0,52600.0,Call,107,117,103,117,97,▼-26,▼-18.18%,13,9,22,98,95,98,250,7.7
TXO,202610,20261021.0,52600.0,Put,-,-,-,-,2720,-,-,0,0,0,0,2700,2730,-,-
TXO,202610,20261021.0,52700.0,Call,100,106,90,102,88,▼-29,▼-22.14%,1,9,10,45,87,90,310,19
TXO,202610,20261021.0,52700.0,Put,-,-,-,-,2810,-,-,0,0,0,0,2790,2820,-,-
TXO,202610,20261021.0,52800.0,Call,93,98,80,98,80,▼-15,▼-13.27%,7,7,14,37,79,81,275,17.5
TXO,202610,20261021.0,52800.0,Put,-,-,-,-,2900,-,-,0,0,0,0,-,2920,-,-
TXO,202610,20261021.0,52900.0,Call,75,75,75,75,75,▼-31,▼-29.25%,16,1,17,34,72,74,139,16.5
TXO,202610,20261021.0,52900.0,Put,-,-,-,-,2990,-,-,0,0,0,0,2980,3010,-,-
TXO,202610,20261021.0,53000.0,Call,85,87,64,65,65,▼-34,▼-34.34%,79,256,335,1006,65,67,379,15.5
TXO,202610,20261021.0,53000.0,Put,-,-,-,-,3090,-,-,0,0,0,0,3070,3100,-,-
TXO,202610,20261021.0,53100.0,Call,67,67,67,67,60,▼-22,▼-24.72%,4,1,5,28,59,61,102,15
TXO,202610,20261021.0,53100.0,Put,-,-,-,-,3180,-,-,0,0,0,0,3160,3200,-,-
TXO,202610,20261021.0,53200.0,Call,68,69,57,69,55,▼-13,▼-15.85%,4,5,9,33,54,56,130,14
TXO,202610,20261021.0,53200.0,Put,-,-,-,-,3270,-,-,0,0,0,0,3260,3290,-,-
TXO,202610,20261021.0,53300.0,Call,60,61,50,50,50,▼-25,▼-33.33%,1,4,5,43,49,51,122,13.5
TXO,202610,20261021.0,53300.0,Put,-,-,-,-,3370,-,-,0,0,0,0,3350,3390,-,-
TXO,202610,20261021.0,53400.0,Call,50,58,50,56,45,▼-7,▼-11.11%,4,4,8,32,44.5,46,80,15
TXO,202610,20261021.0,53400.0,Put,-,-,-,-,3470,-,-,0,0,0,0,3450,3480,-,-
TXO,202610,20261021.0,53500.0,Call,50,52,41.5,41.5,41.5,▼-19.5,▼-31.97%,42,11,53,94,40.5,42,112,13.5
TXO,202610,20261021.0,53500.0,Put,-,-,-,-,3560,-,-,0,0,0,0,-,3580,-,-
TXO,202610,20261021.0,53600.0,Call,-,-,-,-,38,-,-,2,0,2,36,37.5,39,95,15
TXO,202610,20261021.0,53600.0,Put,-,-,-,-,3660,-,-,0,0,0,0,3640,3670,-,-
TXO,202610,20261021.0,53700.0,Call,38.5,38.5,38.5,38.5,35,▼-14.5,▼-27.36%,2,1,3,36,34.5,35.5,98,10.5
TXO,202610,20261021.0,53700.0,Put,-,-,-,-,3750,-,-,0,0,0,0,3740,3770,-,-
TXO,202610,20261021.0,53800.0,Call,38,38,37.5,37.5,32,▼-11,▼-22.68%,2,2,4,441,31.5,32.5,68,9.8
TXO,202610,20261021.0,53800.0,Put,-,-,-,-,3850,-,-,0,0,0,0,-,3870,-,-
TXO,202610,20261021.0,53900.0,Call,29.5,29.5,29.5,29.5,29.5,▼-12.5,▼-29.76%,2,10,12,274,29,30,82,9.5
TXO,202610,20261021.0,53900.0,Put,-,-,-,-,3950,-,-,0,0,0,0,3930,3960,-,-
TXO,202610,20261021.0,54000.0,Call,33,35,27,27.5,27.5,▼-14.5,▼-34.52%,39,21,60,292,27,27.5,85,8.6
TXO,202610,20261021.0,54000.0,Put,-,-,-,-,4050,-,-,0,0,0,0,4030,4060,-,-
TXO,202610,20261021.0,54100.0,Call,28,28,26,26,26,▼-11.5,▼-30.67%,6,4,10,424,25,26,43,8.6
TXO,202610,20261021.0,54100.0,Put,-,-,-,-,4140,-,-,0,0,0,0,4130,4160,-,-
TXO,202610,20261021.0,54200.0,Call,27.5,27.5,27.5,27.5,23.5,▼-7,▼-20.29%,0,1,1,411,23,24,39.5,8.4
TXO,202610,20261021.0,54200.0,Put,-,-,-,-,4240,-,-,0,0,0,0,-,4260,-,-
TXO,202610,20261021.0,54300.0,Call,-,-,-,-,22,-,-,1,0,1,415,21.5,22.5,45.5,7.8
TXO,202610,20261021.0,54300.0,Put,-,-,-,-,4340,-,-,0,0,0,0,4320,4360,-,-
TXO,202610,20261021.0,54400.0,Call,-,-,-,-,20.5,-,-,1,0,1,452,20,21,56,7.6
TXO,202610,20261021.0,54400.0,Put,-,-,-,-,4440,-,-,0,0,0,0,4420,4450,-,-
TXO,202610,20261021.0,54500.0,Call,22,24,20,24,19,▼-3.5,▼-12.73%,14,9,23,585,18.5,19.5,61,1
TXO,202610,20261021.0,54500.0,Put,-,-,-,-,4540,-,-,0,0,0,0,4520,4550,-,-
TXO,202610,20261021.0,54600.0,Call,21,21,18,18,18,▼-7.5,▼-29.41%,0,2,2,11,17,18,26.5,8
TXO,202610,20261021.0,54600.0,Put,-,-,-,-,4640,-,-,0,0,0,0,4620,4650,-,-
TXO,202610,20261021.0,54700.0,Call,20,20,17,19,17,▼-5,▼-20.83%,0,5,5,19,16,17,25,6.4
TXO,202610,20261021.0,54700.0,Put,-,-,-,-,4740,-,-,0,0,0,0,4720,4750,-,-
TXO,202610,20261021.0,54800.0,Call,16.5,16.5,16.5,16.5,16.5,▼-5,▼-23.26%,0,1,1,3,15,16,26,16.5
TXO,202610,20261021.0,54800.0,Put,-,-,-,-,4830,-,-,0,0,0,0,4820,4850,-,-
TXO,202610,20261021.0,54900.0,Call,15.5,17,15.5,17,14.5,▼-3.5,▼-17.07%,0,2,2,20,14,15,24.5,7.2
TXO,202610,20261021.0,54900.0,Put,-,-,-,-,4930,-,-,0,0,0,0,-,4950,-,-
TXO,202610,20261021.0,55000.0,Call,16,17,13.5,14,14,▼-6,▼-30.00%,25,109,134,242,13.5,14.5,27,5.8
TXO,202610,20261021.0,55000.0,Put,-,-,-,-,5030,-,-,0,0,0,0,5010,5050,-,-
TXO,202610,20261021.0,55100.0,Call,-,-,-,-,13,-,-,0,0,0,7,12.5,13.5,21.5,6.5
TXO,202610,20261021.0,55100.0,Put,-,-,-,-,5130,-,-,0,0,0,0,5110,5150,-,-
TXO,202610,20261021.0,55200.0,Call,-,-,-,-,12,-,-,0,0,0,3,11.5,12.5,18.5,8
TXO,202610,20261021.0,55200.0,Put,-,-,-,-,5230,-,-,0,0,0,0,5210,5250,-,-
TXO,202610,20261021.0,55300.0,Call,-,-,-,-,11.5,-,-,1,0,1,9,11.5,12,17,6
TXO,202610,20261021.0,55300.0,Put,-,-,-,-,5330,-,-,0,0,0,0,5310,5350,-,-
TXO,202610,20261021.0,55400.0,Call,-,-,-,-,11,-,-,0,0,0,108,10.5,11.5,16.5,2.6
TXO,202610,20261021.0,55400.0,Put,-,-,-,-,5430,-,-,0,0,0,0,5410,5450,-,-
TXO,202610,20261021.0,55500.0,Call,13,13,11.5,12,10.5,▼-2,▼-14.29%,0,4,4,2,10,11,14,11.5
TXO,202610,20261021.0,55500.0,Put,-,-,-,-,5530,-,-,0,0,0,0,5510,5550,-,-
TXO,202610,20261021.0,55600.0,Call,-,-,-,-,10,-,-,0,0,0,1,9.8,10.5,13,8
TXO,202610,20261021.0,55600.0,Put,-,-,-,-,5630,-,-,0,0,0,0,5610,5650,-,-
TXO,202610,20261021.0,55700.0,Call,-,-,-,-,9.5,-,-,0,0,0,17,9.3,9.8,12,6.3
TXO,202610,20261021.0,55700.0,Put,-,-,-,-,5730,-,-,0,0,0,0,5710,5750,-,-
TXO,202610,20261021.0,55800.0,Call,12,12,9.7,10.5,9.1,▼-1.5,▼-12.50%,0,10,10,45,8.9,9.4,13.5,9
TXO,202610,20261021.0,55800.0,Put,-,-,-,-,5830,-,-,0,0,0,0,5810,5850,-,-
TXO,202610,20261021.0,55900.0,Call,9.8,9.8,9.8,9.8,8.9,▼-1.2,▼-10.91%,1,1,2,0,8.5,8.9,11,9.8
TXO,202610,20261021.0,55900.0,Put,-,-,-,-,5930,-,-,0,0,0,0,5910,5950,-,-
TXO,202610,20261021.0,56000.0,Call,9,9.2,8.5,8.7,8.7,▼-1.8,▼-17.14%,0,12,12,10,8.2,8.6,9.2,8.5
TXO,202610,20261021.0,56000.0,Put,-,-,-,-,6030,-,-,0,0,0,0,-,6050,-,-
TXO,202610,20261021.0,56100.0,Call,-,-,-,-,8,-,-,0,0,0,0,7.8,8.3,-,-
TXO,202610,20261021.0,56100.0,Put,-,-,-,-,6130,-,-,0,0,0,0,-,6150,-,-
TXO,202610,20261021.0,56200.0,Call,-,-,-,-,7.8,-,-,0,0,0,0,7.6,8,-,-
TXO,202610,20261021.0,56200.0,Put,-,-,-,-,6230,-,-,0,0,0,0,-,6250,-,-
TXO,202610,20261021.0,56300.0,Call,-,-,-,-,7.4,-,-,0,0,0,0,7.2,7.6,-,-
TXO,202610,20261021.0,56300.0,Put,-,-,-,-,6330,-,-,0,0,0,0,6300,6350,-,-
TXO,202610,20261021.0,56400.0,Call,-,-,-,-,7.2,-,-,0,0,0,0,7,7.4,-,-
TXO,202610,20261021.0,56400.0,Put,-,-,-,-,6430,-,-,0,0,0,0,6400,6450,-,-
TXO,202610,20261021.0,56500.0,Call,-,-,-,-,6.9,-,-,0,0,0,0,6.7,7.1,-,-
TXO,202610,20261021.0,56500.0,Put,-,-,-,-,6520,-,-,0,0,0,0,6500,6550,-,-
TXO,202610,20261021.0,56600.0,Call,-,-,-,-,6.7,-,-,0,0,0,0,6.6,6.9,-,-
TXO,202610,20261021.0,56600.0,Put,-,-,-,-,6620,-,-,0,0,0,0,6600,6650,-,-
TXO,202610,20261021.0,56700.0,Call,-,-,-,-,6.5,-,-,0,0,0,0,6.3,6.7,-,-
TXO,202610,20261021.0,56700.0,Put,-,-,-,-,6720,-,-,0,0,0,0,6700,6750,-,-
TXO,202610,20261021.0,56800.0,Call,-,-,-,-,6.2,-,-,0,0,0,0,6.1,6.4,-,-
TXO,202610,20261021.0,56800.0,Put,-,-,-,-,6820,-,-,0,0,0,0,6800,6840,-,-
TXO,202610,20261021.0,56900.0,Call,-,-,-,-,6,-,-,0,0,0,0,5.9,6.2,-,-
TXO,202610,20261021.0,56900.0,Put,-,-,-,-,6920,-,-,0,0,0,0,6900,6940,-,-
TXO,202610,20261021.0,57000.0,Call,-,-,-,-,5.9,-,-,0,0,0,1,5.7,6.1,5.9,5.9
TXO,202610,20261021.0,57000.0,Put,-,-,-,-,7020,-,-,0,0,0,0,7000,7040,-,-
TXO,202610,20261021.0,57100.0,Call,-,-,-,-,5.7,-,-,0,0,0,0,5.6,5.9,-,-
TXO,202610,20261021.0,57100.0,Put,-,-,-,-,7120,-,-,0,0,0,0,7100,7140,-,-
TXO,202610,20261021.0,57200.0,Call,5.8,6.2,5.8,6.2,5.5,▼-0.8,▼-11.43%,7,3,10,44,5.4,5.7,7.5,5.8
TXO,202610,20261021.0,57200.0,Put,-,-,-,-,7220,-,-,0,0,0,0,7200,7240,-,-
TXO,202610,20261021.0,57300.0,Call,5.8,6.2,5.8,6.2,5.3,▼-0.1,▼-1.59%,0,5,5,3,5.2,5.5,6.2,5.8
TXO,202610,20261021.0,57300.0,Put,-,-,-,-,7320,-,-,0,0,0,0,7300,7340,-,-
TXO,202611,20261118.0,38000.0,Call,-,-,-,-,12190,-,-,0,0,0,0,-,12250,-,-
TXO,202611,20261118.0,38000.0,Put,43.5,43.5,39.5,40,40,▼-2,▼-4.76%,10,42,52,234,39.5,41.5,595,39.5
TXO,202611,20261118.0,38100.0,Call,-,-,-,-,12090,-,-,0,0,0,0,-,12150,-,-
TXO,202611,20261118.0,38100.0,Put,40,40.5,40,40.5,40.5,▼-4.5,▼-10.00%,0,3,3,23,40,42.5,525,40
TXO,202611,20261118.0,38200.0,Call,-,-,-,-,11990,-,-,0,0,0,0,11930,12050,-,-
TXO,202611,20261118.0,38200.0,Put,42.5,42.5,42.5,42.5,41.5,▼-3,▼-6.59%,0,1,1,4,40.5,43,273,42.5
TXO,202611,20261118.0,38300.0,Call,-,-,-,-,11890,-,-,0,0,0,0,-,11950,-,-
TXO,202611,20261118.0,38300.0,Put,42.5,42.5,42.5,42.5,42.5,▼-3.5,▼-7.61%,0,1,1,4,41,43.5,555,42.5
TXO,202611,20261118.0,38400.0,Call,-,-,-,-,11790,-,-,0,0,0,0,11730,11850,-,-
TXO,202611,20261118.0,38400.0,Put,43.5,43.5,43.5,43.5,43.5,▼-3,▼-6.45%,0,3,3,0,42,44,299,43.5
TXO,202611,20261118.0,38500.0,Call,-,-,-,-,11690,-,-,0,0,0,0,-,11740,-,-
TXO,202611,20261118.0,38500.0,Put,44.5,44.5,44.5,44.5,43.5,▼-2.5,▼-5.32%,0,3,3,28,42.5,44.5,585,44.5
TXO,202611,20261118.0,38600.0,Call,-,-,-,-,11590,-,-,0,0,0,0,-,11640,8730,8630
TXO,202611,20261118.0,38600.0,Put,-,-,-,-,43.5,-,-,0,0,0,10,43,44.5,317,68
TXO,202611,20261118.0,38700.0,Call,-,-,-,-,11490,-,-,0,0,0,0,-,11540,-,-
TXO,202611,20261118.0,38700.0,Put,46,46,46,46,44.5,▼-2,▼-4.17%,0,2,2,5,43.5,46,370,46
TXO,202611,20261118.0,38800.0,Call,-,-,-,-,11390,-,-,0,0,0,0,-,11460,-,-
TXO,202611,20261118.0,38800.0,Put,46,46,46,46,46,▼-3,▼-6.12%,0,1,1,1,44,46.5,204,46
TXO,202611,20261118.0,38900.0,Call,-,-,-,-,11290,-,-,0,0,0,0,-,11360,-,-
TXO,202611,20261118.0,38900.0,Put,47,47,47,47,46,▼-2.5,▼-5.05%,0,1,1,12,45,47,335,47
TXO,202611,20261118.0,39000.0,Call,-,-,-,-,11190,-,-,0,0,0,0,-,11260,8420,8260
TXO,202611,20261118.0,39000.0,Put,46.5,48,46.5,48,46.5,▼-3,▼-5.88%,1,3,4,92,45.5,47.5,402,46.5
TXO,202611,20261118.0,39100.0,Call,-,-,-,-,11090,-,-,0,0,0,0,-,11160,-,-
TXO,202611,20261118.0,39100.0,Put,-,-,-,-,47,-,-,0,0,0,5,46,48.5,234,85
TXO,202611,20261118.0,39200.0,Call,-,-,-,-,11000,-,-,0,0,0,0,10940,11060,-,-
TXO,202611,20261118.0,39200.0,Put,-,-,-,-,48,-,-,1,0,1,1,47,49,303,47
TXO,202611,20261118.0,39300.0,Call,-,-,-,-,10900,-,-,0,0,0,0,-,10950,-,-
TXO,202611,20261118.0,39300.0,Put,-,-,-,-,48.5,-,-,0,0,0,3,47.5,49.5,650,56
TXO,202611,20261118.0,39400.0,Call,-,-,-,-,10800,-,-,0,0,0,0,-,10850,-,-
TXO,202611,20261118.0,39400.0,Put,-,-,-,-,49,-,-,0,0,0,20,48,50,108,68
TXO,202611,20261118.0,39500.0,Call,-,-,-,-,10700,-,-,0,0,0,0,-,10750,-,-
TXO,202611,20261118.0,39500.0,Put,51,51,51,51,51,▼-3,▼-5.56%,0,1,1,53,49,51,555,50
TXO,202611,20261118.0,39600.0,Call,-,-,-,-,10600,-,-,0,0,0,0,-,10660,-,-
TXO,202611,20261118.0,39600.0,Put,-,-,-,-,51,-,-,0,0,0,1,49.5,52,469,79
TXO,202611,20261118.0,39700.0,Call,-,-,-,-,10500,-,-,1,0,1,1,-,10540,10650,10650
TXO,202611,20261118.0,39700.0,Put,-,-,-,-,51,-,-,0,0,0,3,50,52,420,79
TXO,202611,20261118.0,39800.0,Call,-,-,-,-,10400,-,-,0,0,0,0,-,10460,-,-
TXO,202611,20261118.0,39800.0,Put,54,54,54,54,52,▼-2,▼-3.57%,0,2,2,4,51,53,283,54
TXO,202611,20261118.0,39900.0,Call,-,-,-,-,10300,-,-,0,0,0,0,-,10350,-,-
TXO,202611,20261118.0,39900.0,Put,-,-,-,-,52,-,-,0,0,0,7,51,54,293,68
TXO,202611,20261118.0,40000.0,Call,-,-,-,-,10200,-,-,0,0,0,0,-,10250,-,-
TXO,202611,20261118.0,40000.0,Put,53,56,53,55,53,▼-4,▼-6.78%,7,7,14,534,52,55,785,53
TXO,202611,20261118.0,40100.0,Call,-,-,-,-,10100,-,-,0,0,0,0,-,10150,-,-
TXO,202611,20261118.0,40100.0,Put,-,-,-,-,54,-,-,0,0,0,7,53,55,330,85
TXO,202611,20261118.0,40200.0,Call,-,-,-,-,10000,-,-,0,0,0,0,-,10050,-,-
TXO,202611,20261118.0,40200.0,Put,-,-,-,-,55,-,-,0,0,0,19,54,56,202,60
TXO,202611,20261118.0,40300.0,Call,-,-,-,-,9910,-,-,0,0,0,0,-,9960,-,-
TXO,202611,20261118.0,40300.0,Put,-,-,-,-,56,-,-,0,0,0,6,55,57,469,119
TXO,202611,20261118.0,40400.0,Call,-,-,-,-,9810,-,-,0,0,0,0,-,9870,-,-
TXO,202611,20261118.0,40400.0,Put,58,58,58,58,58,▼-4,▼-6.45%,0,4,4,7,56,58,485,58
TXO,202611,20261118.0,40500.0,Call,-,-,-,-,9710,-,-,0,0,0,0,-,9770,-,-
TXO,202611,20261118.0,40500.0,Put,-,-,-,-,58,-,-,0,0,0,28,57,59,505,63
TXO,202611,20261118.0,40600.0,Call,-,-,-,-,9610,-,-,0,0,0,0,-,9670,-,-
TXO,202611,20261118.0,40600.0,Put,-,-,-,-,58,-,-,0,0,0,3,57,60,500,122
TXO,202611,20261118.0,40700.0,Call,-,-,-,-,9510,-,-,0,0,0,0,-,9570,-,-
TXO,202611,20261118.0,40700.0,Put,-,-,-,-,59,-,-,0,0,0,2,58,61,930,67
TXO,202611,20261118.0,40800.0,Call,-,-,-,-,9410,-,-,0,0,0,0,-,9470,-,-
TXO,202611,20261118.0,40800.0,Put,62,62,62,62,60,▼-4,▼-6.06%,0,4,4,2,59,62,610,62
TXO,202611,20261118.0,40900.0,Call,-,-,-,-,9310,-,-,0,0,0,0,-,9370,-,-
TXO,202611,20261118.0,40900.0,Put,-,-,-,-,61,-,-,0,0,0,7,60,63,164,84
TXO,202611,20261118.0,41000.0,Call,-,-,-,-,9210,-,-,0,0,0,0,-,9270,-,-
TXO,202611,20261118.0,41000.0,Put,66,66,66,66,63,▼-2,▼-2.94%,6,1,7,46,62,64,990,62
TXO,202611,20261118.0,41100.0,Call,-,-,-,-,9120,-,-,0,0,0,0,-,9160,-,-
TXO,202611,20261118.0,41100.0,Put,-,-,-,-,64,-,-,0,0,0,10,63,65,425,104
TXO,202611,20261118.0,41200.0,Call,-,-,-,-,9020,-,-,0,0,0,0,-,9070,-,-
TXO,202611,20261118.0,41200.0,Put,-,-,-,-,65,-,-,0,0,0,5,64,66,465,226
TXO,202611,20261118.0,41300.0,Call,-,-,-,-,8920,-,-,0,0,0,0,-,8960,-,-
TXO,202611,20261118.0,41300.0,Put,-,-,-,-,66,-,-,0,0,0,6,65,67,437,81
TXO,202611,20261118.0,41400.0,Call,-,-,-,-,8820,-,-,0,0,0,0,-,8870,-,-
TXO,202611,20261118.0,41400.0,Put,-,-,-,-,67,-,-,0,0,0,11,66,69,451,74
TXO,202611,20261118.0,41500.0,Call,-,-,-,-,8720,-,-,0,0,0,0,-,8780,-,-
TXO,202611,20261118.0,41500.0,Put,-,-,-,-,69,-,-,0,0,0,22,68,70,1040,62
TXO,202611,20261118.0,41600.0,Call,-,-,-,-,8620,-,-,0,0,0,0,-,8670,-,-
TXO,202611,20261118.0,41600.0,Put,-,-,-,-,70,-,-,0,0,0,19,69,71,479,77
TXO,202611,20261118.0,41700.0,Call,-,-,-,-,8520,-,-,0,0,0,0,-,8580,-,-
TXO,202611,20261118.0,41700.0,Put,-,-,-,-,71,-,-,0,0,0,11,70,73,505,81
TXO,202611,20261118.0,41800.0,Call,-,-,-,-,8430,-,-,0,0,0,0,-,8470,-,-
TXO,202611,20261118.0,41800.0,Put,-,-,-,-,73,-,-,0,0,0,14,72,74,510,83
TXO,202611,20261118.0,41900.0,Call,-,-,-,-,8330,-,-,0,0,0,0,-,8370,-,-
TXO,202611,20261118.0,41900.0,Put,77,77,77,77,74,▼-4,▼-4.94%,0,1,1,11,73,76,560,77
TXO,202611,20261118.0,42000.0,Call,-,-,-,-,8230,-,-,0,0,0,0,-,8270,-,-
TXO,202611,20261118.0,42000.0,Put,81,81,80,80,76,▼-4,▼-4.76%,6,3,9,206,75,78,750,75
TXO,202611,20261118.0,42100.0,Call,-,-,-,-,8130,-,-,0,0,0,0,-,8190,-,-
TXO,202611,20261118.0,42100.0,Put,79,79,79,79,79,▼-6,▼-7.06%,0,2,2,16,77,80,725,79
TXO,202611,20261118.0,42200.0,Call,-,-,-,-,8030,-,-,0,0,0,0,-,8090,-,-
TXO,202611,20261118.0,42200.0,Put,-,-,-,-,80,-,-,0,0,0,10,79,82,745,93
TXO,202611,20261118.0,42300.0,Call,-,-,-,-,7940,-,-,0,0,0,0,-,7990,-,-
TXO,202611,20261118.0,42300.0,Put,-,-,-,-,82,-,-,0,0,0,13,81,84,595,90
TXO,202611,20261118.0,42400.0,Call,-,-,-,-,7840,-,-,0,0,0,0,-,7880,-,-
TXO,202611,20261118.0,42400.0,Put,-,-,-,-,83,-,-,0,0,0,8,82,85,790,98
TXO,202611,20261118.0,42500.0,Call,-,-,-,-,7740,-,-,0,0,0,0,-,7780,-,-
TXO,202611,20261118.0,42500.0,Put,85,85,85,85,85,▼-8,▼-8.60%,0,1,1,48,85,88,940,80
TXO,202611,20261118.0,42600.0,Call,-,-,-,-,7640,-,-,0,0,0,0,-,7690,-,-
TXO,202611,20261118.0,42600.0,Put,94,94,92,92,88,▼-3,▼-3.16%,0,2,2,11,87,90,830,92
TXO,202611,20261118.0,42700.0,Call,-,-,-,-,7540,-,-,0,0,0,0,-,7600,-,-
TXO,202611,20261118.0,42700.0,Put,-,-,-,-,90,-,-,0,0,0,1,89,92,1620,280
TXO,202611,20261118.0,42800.0,Call,-,-,-,-,7450,-,-,0,0,0,0,-,7500,-,-
TXO,202611,20261118.0,42800.0,Put,-,-,-,-,92,-,-,0,0,0,3,91,94,315,196
TXO,202611,20261118.0,42900.0,Call,7400,7400,7400,7400,7350,▼-40,▼-0.54%,0,1,1,1,-,7380,7400,7400
TXO,202611,20261118.0,42900.0,Put,-,-,-,-,95,-,-,0,0,0,3,94,97,1000,183
TXO,202611,20261118.0,43000.0,Call,-,-,-,-,7250,-,-,0,0,0,1,-,7290,4700,4150
TXO,202611,20261118.0,43000.0,Put,100,106,97,97,97,▼-8,▼-7.62%,5,10,15,192,96,99,1050,97
TXO,202611,20261118.0,43100.0,Call,-,-,-,-,7160,-,-,0,0,0,0,-,7210,-,-
TXO,202611,20261118.0,43100.0,Put,100,100,100,100,100,▼-8,▼-7.41%,0,2,2,10,99,102,780,100
TXO,202611,20261118.0,43200.0,Call,-,-,-,-,7060,-,-,0,0,0,0,-,7100,6950,4270
TXO,202611,20261118.0,43200.0,Put,103,103,103,103,103,▼-8,▼-7.21%,0,1,1,12,102,105,790,103
TXO,202611,20261118.0,43300.0,Call,-,-,-,-,6960,-,-,0,0,0,0,-,7000,-,-
TXO,202611,20261118.0,43300.0,Put,109,109,109,109,109,▼-5,▼-4.39%,0,2,2,16,105,108,1040,109
TXO,202611,20261118.0,43400.0,Call,-,-,-,-,6870,-,-,0,0,0,0,-,6910,-,-
TXO,202611,20261118.0,43400.0,Put,-,-,-,-,109,-,-,0,0,0,10,108,111,870,835
TXO,202611,20261118.0,43500.0,Call,-,-,-,-,6770,-,-,0,0,0,0,-,6820,3980,3750
TXO,202611,20261118.0,43500.0,Put,117,117,117,117,112,▼-4,▼-3.31%,0,1,1,20,111,114,1130,117
TXO,202611,20261118.0,43600.0,Call,-,-,-,-,6670,-,-,0,0,0,0,-,6710,-,-
TXO,202611,20261118.0,43600.0,Put,-,-,-,-,116,-,-,0,0,0,2,115,118,1160,255
TXO,202611,20261118.0,43700.0,Call,-,-,-,-,6580,-,-,0,0,0,0,-,6620,-,-
TXO,202611,20261118.0,43700.0,Put,-,-,-,-,119,-,-,0,0,0,6,117,121,890,128
TXO,202611,20261118.0,43800.0,Call,-,-,-,-,6480,-,-,0,0,0,0,-,6530,6450,3750
TXO,202611,20261118.0,43800.0,Put,-,-,-,-,123,-,-,0,0,0,7,122,125,970,145
TXO,202611,20261118.0,43900.0,Call,-,-,-,-,6390,-,-,0,0,0,0,-,6420,-,-
TXO,202611,20261118.0,43900.0,Put,-,-,-,-,128,-,-,1,0,1,2,126,131,1930,135
TXO,202611,20261118.0,44000.0,Call,-,-,-,-,6290,-,-,0,0,0,0,-,6330,5330,3190
TXO,202611,20261118.0,44000.0,Put,138,143,130,131,131,▼-10,▼-7.09%,0,18,18,123,129,133,2100,130
TXO,202611,20261118.0,44100.0,Call,-,-,-,-,6190,-,-,0,0,0,0,-,6240,-,-
TXO,202611,20261118.0,44100.0,Put,-,-,-,-,135,-,-,0,0,0,1,133,138,910,292
TXO,202611,20261118.0,44200.0,Call,-,-,-,-,6100,-,-,0,0,0,0,-,6140,-,-
TXO,202611,20261118.0,44200.0,Put,-,-,-,-,141,-,-,0,0,0,1,139,144,1280,300
TXO,202611,20261118.0,44300.0,Call,-,-,-,-,6000,-,-,0,0,0,0,-,6050,-,-
TXO,202611,20261118.0,44300.0,Put,143,143,143,143,143,▼-12,▼-7.74%,1,1,2,49,142,147,1870,136
TXO,202611,20261118.0,44400.0,Call,-,-,-,-,5910,-,-,0,0,0,0,-,5950,5960,3240
TXO,202611,20261118.0,44400.0,Put,-,-,-,-,149,-,-,0,0,0,10,147,152,1190,180
TXO,202611,20261118.0,44500.0,Call,-,-,-,-,5810,-,-,0,0,0,0,5590,5860,5450,3060
TXO,202611,20261118.0,44500.0,Put,166,166,153,153,153,▼-12,▼-7.27%,0,6,6,53,154,159,1230,153
TXO,202611,20261118.0,44600.0,Call,-,-,-,-,5720,-,-,0,0,0,0,-,5760,-,-
TXO,202611,20261118.0,44600.0,Put,-,-,-,-,160,-,-,0,0,0,4,158,163,1330,172
TXO,202611,20261118.0,44700.0,Call,-,-,-,-,5620,-,-,0,0,0,0,-,5660,-,-
TXO,202611,20261118.0,44700.0,Put,-,-,-,-,166,-,-,0,0,0,30,164,169,2040,188
TXO,202611,20261118.0,44800.0,Call,-,-,-,-,5530,-,-,0,0,0,0,5310,5570,-,-
TXO,202611,20261118.0,44800.0,Put,-,-,-,-,174,-,-,0,0,0,5,172,177,1270,187
TXO,202611,20261118.0,44900.0,Call,-,-,-,-,5440,-,-,0,0,0,0,-,5470,-,-
TXO,202611,20261118.0,44900.0,Put,-,-,-,-,179,-,-,0,0,0,3,178,182,565,190
TXO,202611,20261118.0,45000.0,Call,-,-,-,-,5350,-,-,0,0,0,5,5120,5380,5430,2570
TXO,202611,20261118.0,45000.0,Put,196,203,181,189,189,▼-5,▼-2.58%,20,86,106,319,185,191,2580,181
TXO,202611,20261118.0,45100.0,Call,-,-,-,-,5250,-,-,0,0,0,0,5030,5290,-,-
TXO,202611,20261118.0,45100.0,Put,-,-,-,-,192,-,-,0,0,0,9,190,196,1630,216
TXO,202611,20261118.0,45200.0,Call,-,-,-,-,5160,-,-,0,0,0,0,4940,5190,-,-
TXO,202611,20261118.0,45200.0,Put,-,-,-,-,200,-,-,0,0,0,10,198,204,760,324
TXO,202611,20261118.0,45300.0,Call,-,-,-,-,5070,-,-,0,0,0,0,4850,5100,-,-
TXO,202611,20261118.0,45300.0,Put,205,209,205,209,209,▼-10,▼-4.57%,1,19,20,51,206,212,1360,205
TXO,202611,20261118.0,45400.0,Call,-,-,-,-,4980,-,-,0,0,0,0,4750,5010,-,-
TXO,202611,20261118.0,45400.0,Put,232,232,213,218,218,▼-10,▼-4.39%,0,11,11,34,216,222,2790,213
TXO,202611,20261118.0,45500.0,Call,-,-,-,-,4890,-,-,0,0,0,1,-,4920,3880,2320
TXO,202611,20261118.0,45500.0,Put,229,229,222,222,222,▼-14,▼-5.93%,0,11,11,45,225,231,2800,222
TXO,202611,20261118.0,45600.0,Call,-,-,-,-,4800,-,-,0,0,0,1,-,4830,2330,2330
TXO,202611,20261118.0,45600.0,Put,231,236,231,236,236,▼-14,▼-5.60%,0,17,17,74,235,241,1760,231
TXO,202611,20261118.0,45700.0,Call,-,-,-,-,4710,-,-,0,0,0,0,-,4740,-,-
TXO,202611,20261118.0,45700.0,Put,-,-,-,-,247,-,-,0,0,0,20,244,251,1880,300
TXO,202611,20261118.0,45800.0,Call,-,-,-,-,4620,-,-,0,0,0,0,-,4650,-,-
TXO,202611,20261118.0,45800.0,Put,257,257,257,257,257,▼-9,▼-3.38%,0,5,5,84,255,261,1960,257
TXO,202611,20261118.0,45900.0,Call,-,-,-,-,4530,-,-,0,0,0,0,4300,4560,-,-
TXO,202611,20261118.0,45900.0,Put,-,-,-,-,270,-,-,0,0,0,23,267,274,1810,310
TXO,202611,20261118.0,46000.0,Call,4400,4400,4400,4400,4440,▼-130,▼-2.87%,1,1,2,4,4310,4480,4650,2020
TXO,202611,20261118.0,46000.0,Put,282,295,279,279,279,▼-7,▼-2.45%,1,13,14,160,278,285,2800,279
TXO,202611,20261118.0,46100.0,Call,-,-,-,-,4350,-,-,0,0,0,1,4220,4390,3410,2160
TXO,202611,20261118.0,46100.0,Put,291,291,291,291,291,▼-5,▼-1.69%,0,10,10,43,290,297,1730,291
TXO,202611,20261118.0,46200.0,Call,-,-,-,-,4270,-,-,0,0,0,2,-,4300,2680,2010
TXO,202611,20261118.0,46200.0,Put,304,306,304,306,306,▼-8,▼-2.55%,50,11,61,59,303,310,1790,291
TXO,202611,20261118.0,46300.0,Call,-,-,-,-,4180,-,-,0,0,0,1,-,4210,2350,2350
TXO,202611,20261118.0,46300.0,Put,308,318,308,318,318,▼-10,▼-3.05%,0,6,6,7,317,325,1970,308
TXO,202611,20261118.0,46400.0,Call,-,-,-,-,4100,-,-,0,0,0,1,-,4130,2750,2000
TXO,202611,20261118.0,46400.0,Put,333,333,333,333,333,▼-9,▼-2.63%,4,5,9,75,331,339,1780,314
TXO,202611,20261118.0,46500.0,Call,-,-,-,-,4010,-,-,0,0,0,2,3910,4040,3700,1840
TXO,202611,20261118.0,46500.0,Put,345,349,345,349,349,▼-8,▼-2.24%,0,6,6,16,347,354,2050,345
TXO,202611,20261118.0,46600.0,Call,-,-,-,-,3930,-,-,0,0,0,0,-,3960,3460,2230
TXO,202611,20261118.0,46600.0,Put,361,361,361,361,361,▼-23,▼-5.99%,0,1,1,11,361,370,1970,355
TXO,202611,20261118.0,46700.0,Call,-,-,-,-,3850,-,-,0,0,0,5,-,3880,3380,1580
TXO,202611,20261118.0,46700.0,Put,381,381,381,381,381,▼-9,▼-2.31%,0,5,5,42,379,388,2030,381
TXO,202611,20261118.0,46800.0,Call,-,-,-,-,3760,-,-,0,0,0,2,-,3790,3300,1620
TXO,202611,20261118.0,46800.0,Put,-,-,-,-,401,-,-,0,0,0,5,398,407,2520,447
TXO,202611,20261118.0,46900.0,Call,-,-,-,-,3680,-,-,0,0,0,6,-,3710,3250,2200
TXO,202611,20261118.0,46900.0,Put,417,417,417,417,417,▼-9,▼-2.11%,1,5,6,7,415,424,2300,412
TXO,202611,20261118.0,47000.0,Call,-,-,-,-,3600,-,-,1,0,1,12,3370,3630,3750,1620
TXO,202611,20261118.0,47000.0,Put,436,470,436,439,439,▲+4,▲+0.92%,5,53,58,258,434,443,3820,350
TXO,202611,20261118.0,47100.0,Call,-,-,-,-,3520,-,-,0,0,0,1,3490,3550,2720,2300
TXO,202611,20261118.0,47100.0,Put,-,-,-,-,459,-,-,0,0,0,8,454,464,2100,489
TXO,202611,20261118.0,47200.0,Call,-,-,-,-,3450,-,-,0,0,0,1,-,3470,2670,1570
TXO,202611,20261118.0,47200.0,Put,465,487,465,479,479,▼-16,▼-3.23%,0,9,9,13,477,488,1980,465
TXO,202611,20261118.0,47300.0,Call,-,-,-,-,3360,-,-,0,0,0,1,-,3400,2300,1520
TXO,202611,20261118.0,47300.0,Put,495,500,495,500,500,▼-15,▼-2.91%,0,6,6,42,496,505,2190,495
TXO,202611,20261118.0,47400.0,Call,-,-,-,-,3290,-,-,0,0,0,1,-,3320,2530,1470
TXO,202611,20261118.0,47400.0,Put,-,-,-,-,525,-,-,16,0,16,12,520,530,2240,505
TXO,202611,20261118.0,47500.0,Call,-,-,-,-,3210,-,-,0,0,0,25,2970,3240,3260,1320
TXO,202611,20261118.0,47500.0,Put,550,585,535,545,545,▼-5,▼-0.91%,27,23,50,42,545,555,2730,505
TXO,202611,20261118.0,47600.0,Call,-,-,-,-,3140,-,-,0,0,0,3,2900,3170,2070,1380
TXO,202611,20261118.0,47600.0,Put,560,570,560,570,570,▼-5,▼-0.87%,0,13,13,11,565,580,915,560
TXO,202611,20261118.0,47700.0,Call,-,-,-,-,3060,-,-,0,0,0,6,2840,3090,2140,1180
TXO,202611,20261118.0,47700.0,Put,595,595,595,595,595,▼-5,▼-0.83%,1,5,6,11,590,605,2400,595
TXO,202611,20261118.0,47800.0,Call,-,-,-,-,2990,-,-,0,0,0,7,-,3020,2350,1110
TXO,202611,20261118.0,47800.0,Put,-,-,-,-,625,-,-,0,0,0,12,620,635,2640,790
TXO,202611,20261118.0,47900.0,Call,-,-,-,-,2920,-,-,0,0,0,16,-,2950,2520,1070
TXO,202611,20261118.0,47900.0,Put,655,655,655,655,655,▲+5,▲+0.77%,1,5,6,21,645,660,2500,630
TXO,202611,20261118.0,48000.0,Call,-,-,-,-,2850,-,-,0,0,0,49,2600,2870,2900,1030
TXO,202611,20261118.0,48000.0,Put,665,680,660,680,680,▼-5,▼-0.73%,4,8,12,70,675,690,4280,645
TXO,202611,20261118.0,48100.0,Call,-,-,-,-,2780,-,-,0,0,0,8,-,2800,2390,1610
TXO,202611,20261118.0,48100.0,Put,720,720,705,710,710,0,0%,0,10,10,11,705,720,2610,660
TXO,202611,20261118.0,48200.0,Call,2600,2600,2600,2600,2710,▼-190,▼-6.81%,0,2,2,23,2610,2730,2840,920
TXO,202611,20261118.0,48200.0,Put,735,745,735,740,740,0,0%,0,12,12,28,735,750,1660,735
TXO,202611,20261118.0,48300.0,Call,-,-,-,-,2640,-,-,0,0,0,11,2600,2660,2260,925
TXO,202611,20261118.0,48300.0,Put,770,775,770,775,775,▲+5,▲+0.65%,0,13,13,9,765,780,945,770
TXO,202611,20261118.0,48400.0,Call,-,-,-,-,2570,-,-,2,0,2,6,2540,2570,2660,1480
TXO,202611,20261118.0,48400.0,Put,800,805,800,805,805,▲+5,▲+0.63%,0,9,9,11,795,810,1620,800
TXO,202611,20261118.0,48500.0,Call,-,-,-,-,2500,-,-,0,0,0,12,2480,2510,2470,1130
TXO,202611,20261118.0,48500.0,Put,835,840,835,840,840,▼-5,▼-0.59%,0,8,8,20,830,845,3210,835
TXO,202611,20261118.0,48600.0,Call,-,-,-,-,2440,-,-,2,0,2,38,2410,2440,2610,920
TXO,202611,20261118.0,48600.0,Put,870,875,870,875,875,▲+10,▲+1.16%,0,8,8,9,860,875,2750,865
TXO,202611,20261118.0,48700.0,Call,2390,2390,2350,2350,2350,▼-100,▼-4.08%,0,3,3,6,2350,2380,2390,1370
TXO,202611,20261118.0,48700.0,Put,910,910,905,910,910,▲+10,▲+1.11%,0,9,9,12,900,915,1770,905
TXO,202611,20261118.0,48800.0,Call,2340,2340,2290,2290,2290,▼-90,▼-3.78%,0,2,2,5,2220,2320,2340,990
TXO,202611,20261118.0,48800.0,Put,935,940,935,940,940,▲+5,▲+0.53%,0,9,9,10,935,950,1720,925
TXO,202611,20261118.0,48900.0,Call,-,-,-,-,2240,-,-,0,0,0,8,2220,2250,1810,1280
TXO,202611,20261118.0,48900.0,Put,975,975,975,975,975,▲+5,▲+0.52%,1,8,9,10,970,985,1310,940
TXO,202611,20261118.0,49000.0,Call,2160,2160,2160,2160,2160,▼-100,▼-4.42%,0,1,1,74,2160,2190,2220,720
TXO,202611,20261118.0,49000.0,Put,990,1020,985,1010,1010,▲+10,▲+1.00%,1,25,26,142,1000,1020,4900,970
TXO,202611,20261118.0,49100.0,Call,2090,2090,2090,2090,2120,▼-110,▼-5.00%,0,2,2,13,2100,2120,2250,810
TXO,202611,20261118.0,49100.0,Put,1020,1050,1020,1050,1050,0,0%,8,10,18,15,1040,1060,1570,1020
TXO,202611,20261118.0,49200.0,Call,-,-,-,-,2060,-,-,0,0,0,10,2040,2060,2180,795
TXO,202611,20261118.0,49200.0,Put,1090,1090,1090,1090,1090,0,0%,0,8,8,8,1080,1100,1450,1090
TXO,202611,20261118.0,49300.0,Call,2090,2090,2090,2090,2000,▲+10,▲+0.48%,1,1,2,7,1980,2010,2100,790
TXO,202611,20261118.0,49300.0,Put,1110,1140,1110,1140,1140,▲+10,▲+0.88%,0,8,8,8,1120,1150,2550,1080
TXO,202611,20261118.0,49400.0,Call,1980,2000,1980,2000,1950,▼-20,▼-0.99%,0,50,50,50,1930,1950,2000,865
TXO,202611,20261118.0,49400.0,Put,1170,1180,1170,1180,1180,▲+10,▲+0.85%,0,8,8,8,1170,1190,1230,1170
TXO,202611,20261118.0,49500.0,Call,-,-,-,-,1890,-,-,0,0,0,19,1870,1890,1970,705
TXO,202611,20261118.0,49500.0,Put,1200,1220,1200,1220,1220,▲+10,▲+0.83%,0,9,9,9,1210,1230,1590,1200
TXO,202611,20261118.0,49600.0,Call,-,-,-,-,1810,-,-,0,0,0,31,1810,1830,1220,705
TXO,202611,20261118.0,49600.0,Put,1260,1320,1260,1260,1230,▲+10,▲+0.80%,0,9,9,10,1190,1270,1620,1260
TXO,202611,20261118.0,49700.0,Call,-,-,-,-,1780,-,-,0,0,0,27,1760,1780,1900,1070
TXO,202611,20261118.0,49700.0,Put,1310,1310,1310,1310,1310,▲+10,▲+0.77%,0,8,8,8,1300,1320,1360,1310
TXO,202611,20261118.0,49800.0,Call,-,-,-,-,1720,-,-,0,0,0,6,1710,1730,1820,590
TXO,202611,20261118.0,49800.0,Put,1350,1350,1340,1350,1350,0,0%,0,78,78,82,1340,1360,1530,1330
TXO,202611,20261118.0,49900.0,Call,1730,1730,1730,1730,1670,▼-10,▼-0.57%,30,20,50,86,1660,1680,1850,815
TXO,202611,20261118.0,49900.0,Put,1380,1400,1380,1400,1400,▲+10,▲+0.72%,0,73,73,70,1390,1400,1520,1380
TXO,202611,20261118.0,50000.0,Call,1650,1700,1570,1700,1620,▲+10,▲+0.59%,29,58,87,343,1580,1630,1820,468
TXO,202611,20261118.0,50000.0,Put,1500,1500,1420,1440,1440,0,0%,25,45,70,82,1440,1450,5850,1360
TXO,202611,20261118.0,50100.0,Call,-,-,-,-,1570,-,-,1,0,1,11,1550,1570,1690,496
TXO,202611,20261118.0,50100.0,Put,1490,1490,1490,1490,1490,▲+10,▲+0.68%,0,23,23,23,1490,1500,1540,1490
TXO,202611,20261118.0,50200.0,Call,1580,1580,1560,1560,1520,▼-40,▼-2.50%,20,6,26,22,1500,1520,1610,600
TXO,202611,20261118.0,50200.0,Put,1550,1550,1530,1540,1540,▲+10,▲+0.65%,0,25,25,23,1540,1550,1550,1530
TXO,202611,20261118.0,50300.0,Call,1510,1540,1450,1490,1490,▼-50,▼-3.25%,4,13,17,27,1450,1470,1580,474
TXO,202611,20261118.0,50300.0,Put,1610,1610,1600,1600,1600,▲+20,▲+1.27%,0,8,8,8,1590,1610,1610,1600
TXO,202611,20261118.0,50400.0,Call,1450,1450,1420,1420,1420,▼-70,▼-4.70%,0,9,9,17,1410,1430,1550,515
TXO,202611,20261118.0,50400.0,Put,-,-,-,-,1660,-,-,0,0,0,0,1640,1660,-,-
TXO,202611,20261118.0,50500.0,Call,1380,1420,1350,1410,1380,▼-30,▼-2.08%,2,8,10,26,1360,1380,1480,411
TXO,202611,20261118.0,50500.0,Put,-,-,-,-,1710,-,-,0,0,0,6,1700,1720,2510,1780
TXO,202611,20261118.0,50600.0,Call,-,-,-,-,1340,-,-,1,0,1,18,1320,1340,1420,500
TXO,202611,20261118.0,50600.0,Put,-,-,-,-,1770,-,-,0,0,0,0,1750,1770,-,-
TXO,202611,20261118.0,50700.0,Call,-,-,-,-,1290,-,-,0,0,0,6,1270,1290,1330,625
TXO,202611,20261118.0,50700.0,Put,-,-,-,-,1830,-,-,0,0,0,0,1790,1850,-,-
TXO,202611,20261118.0,50800.0,Call,1270,1270,1270,1270,1270,▼-40,▼-3.05%,0,4,4,32,1230,1250,1310,397
TXO,202611,20261118.0,50800.0,Put,-,-,-,-,1880,-,-,0,0,0,0,1840,1900,-,-
TXO,202611,20261118.0,50900.0,Call,1220,1220,1200,1200,1200,▼-60,▼-4.76%,0,20,20,16,1190,1210,1260,305
TXO,202611,20261118.0,50900.0,Put,-,-,-,-,1940,-,-,0,0,0,0,1900,1960,-,-
TXO,202611,20261118.0,51000.0,Call,1180,1190,1150,1150,1150,▼-70,▼-5.74%,2,43,45,82,1140,1160,1260,296
TXO,202611,20261118.0,51000.0,Put,-,-,-,-,2000,-,-,0,0,0,0,1960,2020,-,-
TXO,202611,20261118.0,51100.0,Call,1140,1140,1130,1130,1130,▼-50,▼-4.24%,0,60,60,18,1110,1130,1140,344
TXO,202611,20261118.0,51100.0,Put,-,-,-,-,2060,-,-,0,0,0,0,2020,2080,-,-
TXO,202611,20261118.0,51200.0,Call,1080,1080,1080,1080,1080,▼-60,▼-5.26%,0,5,5,16,1070,1090,1120,610
TXO,202611,20261118.0,51200.0,Put,-,-,-,-,2120,-,-,0,0,0,0,2080,2140,-,-
TXO,202611,20261118.0,51300.0,Call,1070,1070,1040,1040,1040,▼-60,▼-5.45%,0,8,8,14,1030,1050,1070,590
TXO,202611,20261118.0,51300.0,Put,-,-,-,-,2180,-,-,0,0,0,0,2140,2210,-,-
TXO,202611,20261118.0,51400.0,Call,1030,1030,1030,1030,1030,▼-30,▼-2.83%,0,5,5,16,995,1010,1030,312
TXO,202611,20261118.0,51400.0,Put,-,-,-,-,2250,-,-,0,0,0,0,2210,2270,-,-
TXO,202611,20261118.0,51500.0,Call,970,980,940,980,980,▼-40,▼-3.92%,13,15,28,55,960,975,1100,240
TXO,202611,20261118.0,51500.0,Put,-,-,-,-,2310,-,-,0,0,0,0,2270,2330,-,-
TXO,202611,20261118.0,51600.0,Call,945,945,935,935,935,▼-35,▼-3.61%,1,8,9,48,925,940,1020,316
TXO,202611,20261118.0,51600.0,Put,-,-,-,-,2380,-,-,0,0,0,0,2330,2400,-,-
TXO,202611,20261118.0,51700.0,Call,885,935,885,910,910,▼-45,▼-4.71%,0,9,9,46,875,910,960,276
TXO,202611,20261118.0,51700.0,Put,-,-,-,-,2440,-,-,0,0,0,0,2400,2470,-,-
TXO,202611,20261118.0,51800.0,Call,890,890,880,880,880,▼-40,▼-4.35%,0,8,8,24,860,875,960,247
TXO,202611,20261118.0,51800.0,Put,-,-,-,-,2510,-,-,0,0,0,0,2470,-,-,-
TXO,202611,20261118.0,51900.0,Call,855,855,840,840,840,▼-45,▼-5.08%,0,9,9,23,825,840,885,259
TXO,202611,20261118.0,51900.0,Put,-,-,-,-,2580,-,-,0,0,0,0,2530,2600,-,-
TXO,202611,20261118.0,52000.0,Call,825,845,810,845,810,0,0%,3,22,25,73,795,810,900,200
TXO,202611,20261118.0,52000.0,Put,2590,2590,2590,2590,2650,▼-10,▼-0.38%,0,4,4,4,2520,2670,2590,2590
TXO,202611,20261118.0,52100.0,Call,775,800,775,800,800,▼-25,▼-3.03%,0,9,9,26,765,780,810,213
TXO,202611,20261118.0,52100.0,Put,-,-,-,-,2720,-,-,0,0,0,0,-,2740,-,-
TXO,202611,20261118.0,52200.0,Call,770,770,765,765,765,▼-30,▼-3.77%,0,8,8,40,735,750,810,211
TXO,202611,20261118.0,52200.0,Put,-,-,-,-,2790,-,-,0,0,0,0,-,2810,-,-
TXO,202611,20261118.0,52300.0,Call,740,760,690,720,720,▼-45,▼-5.88%,0,179,179,192,705,720,760,200
TXO,202611,20261118.0,52300.0,Put,-,-,-,-,2860,-,-,0,0,0,0,2820,-,-,-
TXO,202611,20261118.0,52400.0,Call,730,730,720,720,720,▼-15,▼-2.04%,0,9,9,14,680,695,730,183
TXO,202611,20261118.0,52400.0,Put,-,-,-,-,2930,-,-,0,0,0,0,2890,-,-,-
TXO,202611,20261118.0,52500.0,Call,690,690,685,685,685,▼-20,▼-2.84%,1,9,10,46,655,670,760,154
TXO,202611,20261118.0,52500.0,Put,-,-,-,-,3000,-,-,0,0,0,0,2960,3020,-,-
TXO,202611,20261118.0,52600.0,Call,665,665,665,665,665,0,0%,0,9,9,17,630,645,690,207
TXO,202611,20261118.0,52600.0,Put,-,-,-,-,3080,-,-,0,0,0,0,3040,-,-,-
TXO,202611,20261118.0,52700.0,Call,640,650,640,650,650,▼-5,▼-0.76%,0,9,9,16,605,620,650,172
TXO,202611,20261118.0,52700.0,Put,-,-,-,-,3150,-,-,0,0,0,0,3110,3180,-,-
TXO,202611,20261118.0,52800.0,Call,615,615,615,615,615,▼-10,▼-1.60%,0,9,9,14,585,595,650,190
TXO,202611,20261118.0,52800.0,Put,-,-,-,-,3230,-,-,0,0,0,0,3190,-,-,-
TXO,202611,20261118.0,52900.0,Call,580,590,580,590,590,▼-10,▼-1.67%,0,9,9,13,555,570,590,200
TXO,202611,20261118.0,52900.0,Put,-,-,-,-,3300,-,-,0,0,0,0,3260,3330,-,-
TXO,202611,20261118.0,53000.0,Call,540,570,530,555,555,▼-10,▼-1.77%,3,71,74,128,540,550,605,134
TXO,202611,20261118.0,53000.0,Put,-,-,-,-,3380,-,-,0,0,0,0,3340,3400,-,-
TXO,202611,20261118.0,53100.0,Call,510,545,510,545,545,▼-10,▼-1.80%,0,14,14,10,515,525,545,162
TXO,202611,20261118.0,53100.0,Put,-,-,-,-,3460,-,-,0,0,0,0,3420,-,-,-
TXO,202611,20261118.0,53200.0,Call,500,520,500,510,510,▼-25,▼-4.67%,0,11,11,10,495,505,520,206
TXO,202611,20261118.0,53200.0,Put,-,-,-,-,3540,-,-,0,0,0,0,3500,-,-,-
TXO,202611,20261118.0,53300.0,Call,510,510,490,490,490,▼-25,▼-4.85%,0,11,11,10,476,485,510,120
TXO,202611,20261118.0,53300.0,Put,-,-,-,-,3610,-,-,0,0,0,0,3580,-,-,-
TXO,202611,20261118.0,53400.0,Call,464,466,464,466,466,▼-28,▼-5.67%,0,10,10,33,456,467,515,120
TXO,202611,20261118.0,53400.0,Put,-,-,-,-,3690,-,-,0,0,0,0,3660,-,-,-
TXO,202611,20261118.0,53500.0,Call,449,460,441,447,447,▼-15,▼-3.25%,1,12,13,40,435,445,495,97
TXO,202611,20261118.0,53500.0,Put,-,-,-,-,3770,-,-,0,0,0,0,3740,3810,-,-
TXO,202611,20261118.0,53600.0,Call,426,428,424,424,424,▼-30,▼-6.61%,0,11,11,13,419,430,455,91
TXO,202611,20261118.0,53600.0,Put,-,-,-,-,3860,-,-,0,0,0,0,3810,-,-,-
TXO,202611,20261118.0,53700.0,Call,400,439,400,407,407,▼-29,▼-6.65%,0,14,14,11,400,410,439,87
TXO,202611,20261118.0,53700.0,Put,-,-,-,-,3940,-,-,0,0,0,0,3900,3970,-,-
TXO,202611,20261118.0,53800.0,Call,405,405,390,390,390,▼-27,▼-6.47%,0,10,10,11,386,395,405,100
TXO,202611,20261118.0,53800.0,Put,-,-,-,-,4020,-,-,0,0,0,0,3980,-,-,-
TXO,202611,20261118.0,53900.0,Call,386,386,372,372,372,▼-28,▼-7.00%,0,11,11,11,368,377,386,150
TXO,202611,20261118.0,53900.0,Put,-,-,-,-,4100,-,-,0,0,0,0,4070,-,-,-
TXO,202611,20261118.0,54000.0,Call,379,379,362,379,363,▲+5,▲+1.34%,0,7,7,110,353,363,400,88
TXO,202611,20261118.0,54000.0,Put,-,-,-,-,4190,-,-,0,0,0,0,4150,4220,-,-
TXO,202611,20261118.0,54100.0,Call,-,-,-,-,347,-,-,0,0,0,0,338,347,197,78
TXO,202611,20261118.0,54100.0,Put,-,-,-,-,4270,-,-,0,0,0,0,4240,-,-,-
TXO,202611,20261118.0,54200.0,Call,340,340,332,332,332,▼-19,▼-5.41%,0,10,10,10,323,333,340,70
TXO,202611,20261118.0,54200.0,Put,-,-,-,-,4350,-,-,0,0,0,0,4320,4390,-,-
TXO,202611,20261118.0,54300.0,Call,-,-,-,-,318,-,-,0,0,0,5,309,319,240,182
TXO,202611,20261118.0,54300.0,Put,-,-,-,-,4440,-,-,0,0,0,0,4410,-,-,-
TXO,202611,20261118.0,54400.0,Call,-,-,-,-,303,-,-,0,0,0,0,296,303,-,-
TXO,202611,20261118.0,54400.0,Put,-,-,-,-,4530,-,-,0,0,0,0,4490,-,-,-
TXO,202611,20261118.0,54500.0,Call,295,310,281,286,286,▼-22,▼-7.14%,2,25,27,38,283,290,318,61
TXO,202611,20261118.0,54500.0,Put,-,-,-,-,4610,-,-,0,0,0,0,4580,-,-,-
TXO,202611,20261118.0,54600.0,Call,274,274,274,274,274,▼-20,▼-6.80%,0,5,5,6,271,279,297,126
TXO,202611,20261118.0,54600.0,Put,-,-,-,-,4700,-,-,0,0,0,0,4670,4740,-,-
TXO,202611,20261118.0,54700.0,Call,261,261,261,261,261,▼-20,▼-7.12%,0,5,5,6,259,267,264,246
TXO,202611,20261118.0,54700.0,Put,-,-,-,-,4790,-,-,0,0,0,0,4750,-,-,-
TXO,202611,20261118.0,54800.0,Call,-,-,-,-,253,-,-,1,0,1,5,247,255,286,102
TXO,202611,20261118.0,54800.0,Put,-,-,-,-,4870,-,-,0,0,0,0,4840,-,-,-
TXO,202611,20261118.0,54900.0,Call,240,249,240,249,249,▲+1,▲+0.40%,1,6,7,13,234,242,260,101
TXO,202611,20261118.0,54900.0,Put,-,-,-,-,4960,-,-,0,0,0,0,4930,-,-,-
TXO,202611,20261118.0,55000.0,Call,223,246,223,230,230,▼-16,▼-6.50%,0,10,10,81,226,233,260,87
TXO,202611,20261118.0,55000.0,Put,-,-,-,-,5050,-,-,0,0,0,0,5020,-,-,-
TXO,202611,20261118.0,55100.0,Call,-,-,-,-,220,-,-,0,0,0,2,215,221,228,112
TXO,202611,20261118.0,55100.0,Put,-,-,-,-,5140,-,-,0,0,0,0,5110,-,-,-
TXO,202611,20261118.0,55200.0,Call,205,205,205,205,205,▼-20,▼-8.89%,6,1,7,6,205,211,250,111
TXO,202611,20261118.0,55200.0,Put,-,-,-,-,5230,-,-,0,0,0,0,5200,-,-,-
TXO,202611,20261118.0,55300.0,Call,200,200,200,200,200,▼-16,▼-7.41%,0,1,1,1,196,203,216,99
TXO,202611,20261118.0,55300.0,Put,-,-,-,-,5320,-,-,0,0,0,0,5290,-,-,-
TXO,202611,20261118.0,55400.0,Call,190,200,187,187,187,▼-21,▼-10.10%,1,4,5,35,188,192,228,77
TXO,202611,20261118.0,55400.0,Put,-,-,-,-,5410,-,-,0,0,0,0,5380,5460,-,-
TXO,202611,20261118.0,55500.0,Call,-,-,-,-,182,-,-,0,0,0,3,178,185,198,104
TXO,202611,20261118.0,55500.0,Put,-,-,-,-,5500,-,-,0,0,0,0,5470,-,-,-
TXO,202611,20261118.0,55600.0,Call,-,-,-,-,174,-,-,0,0,0,14,170,177,198,100
TXO,202611,20261118.0,55600.0,Put,-,-,-,-,5590,-,-,0,0,0,0,5560,-,-,-
TXO,202611,20261118.0,55700.0,Call,167,173,167,173,173,▼-5,▼-2.81%,2,3,5,14,163,168,211,87
TXO,202611,20261118.0,55700.0,Put,-,-,-,-,5680,-,-,0,0,0,0,5650,-,-,-
TXO,202611,20261118.0,55800.0,Call,-,-,-,-,158,-,-,0,0,0,14,155,160,179,138
TXO,202611,20261118.0,55800.0,Put,-,-,-,-,5780,-,-,0,0,0,0,5750,-,-,-
TXO,202611,20261118.0,55900.0,Call,-,-,-,-,151,-,-,0,0,0,0,147,152,-,-
TXO,202611,20261118.0,55900.0,Put,-,-,-,-,5870,-,-,0,0,0,0,-,-,-,-
TXO,202611,20261118.0,56000.0,Call,-,-,-,-,144,-,-,3,0,3,3,140,146,175,165
TXO,202611,20261118.0,56000.0,Put,-,-,-,-,5960,-,-,0,0,0,0,5930,6010,-,-
TXO,202611,20261118.0,56100.0,Call,-,-,-,-,137,-,-,0,0,0,0,134,140,-,-
TXO,202611,20261118.0,56100.0,Put,-,-,-,-,6060,-,-,0,0,0,0,6020,-,-,-
TXO,202611,20261118.0,56200.0,Call,130,130,130,130,130,▼-11,▼-7.80%,0,1,1,0,127,133,149,130
TXO,202611,20261118.0,56200.0,Put,-,-,-,-,6150,-,-,0,0,0,0,6120,-,-,-
TXO,202611,20261118.0,56300.0,Call,-,-,-,-,124,-,-,0,0,0,0,121,127,-,-
TXO,202611,20261118.0,56300.0,Put,-,-,-,-,6240,-,-,0,0,0,0,6220,6290,-,-
TXO,202611,20261118.0,56400.0,Call,-,-,-,-,119,-,-,0,0,0,0,116,121,128,107
TXO,202611,20261118.0,56400.0,Put,-,-,-,-,6340,-,-,0,0,0,0,6300,-,-,-
TXO,202611,20261118.0,56500.0,Call,-,-,-,-,113,-,-,0,0,0,0,110,116,-,-
TXO,202611,20261118.0,56500.0,Put,-,-,-,-,6430,-,-,0,0,0,0,6400,-,-,-
TXO,202611,20261118.0,56600.0,Call,-,-,-,-,108,-,-,0,0,0,1,105,110,126,126
TXO,202611,20261118.0,56600.0,Put,-,-,-,-,6520,-,-,0,0,0,0,6490,-,-,-
TXO,202611,20261118.0,56700.0,Call,-,-,-,-,103,-,-,0,0,0,0,100,105,-,-
TXO,202611,20261118.0,56700.0,Put,-,-,-,-,6620,-,-,0,0,0,0,6590,-,-,-
TXO,202611,20261118.0,56800.0,Call,102,102,102,102,102,▼-4,▼-3.77%,0,2,2,2,95,100,102,102
TXO,202611,20261118.0,56800.0,Put,-,-,-,-,6710,-,-,0,0,0,0,6680,-,-,-
TXO,202611,20261118.0,56900.0,Call,-,-,-,-,94,-,-,1,0,1,1,91,96,99,99
TXO,202611,20261118.0,56900.0,Put,-,-,-,-,6810,-,-,0,0,0,0,6780,-,-,-
TXO,202611,20261118.0,57000.0,Call,90,90,87,87,87,▼-12,▼-12.12%,3,2,5,13,86,91,109,87
TXO,202611,20261118.0,57000.0,Put,-,-,-,-,6910,-,-,0,0,0,0,6870,-,-,-
TXO,202611,20261118.0,57100.0,Call,-,-,-,-,85,-,-,0,0,0,25,82,87,97,79
TXO,202611,20261118.0,57100.0,Put,-,-,-,-,7000,-,-,0,0,0,0,6970,-,-,-
TXO,202611,20261118.0,57200.0,Call,83,86,80,80,80,▼-10,▼-11.11%,1,4,5,49,78,83,100,76
TXO,202611,20261118.0,57200.0,Put,-,-,-,-,7100,-,-,0,0,0,0,7060,-,-,-
TXO,202611,20261118.0,57300.0,Call,77,81,74,81,77,▼-4,▼-4.71%,0,5,5,3,74,78,81,74
TXO,202611,20261118.0,57300.0,Put,-,-,-,-,7190,-,-,0,0,0,0,-,-,-,-
TXO,202612,20261216.0,25200.0,Call,-,-,-,-,25070,-,-,0,0,0,0,-,25270,25050,13580
TXO,202612,20261216.0,25200.0,Put,-,-,-,-,21.5,-,-,0,0,0,244,18.5,24.5,985,17
TXO,202612,20261216.0,25400.0,Call,-,-,-,-,24870,-,-,0,0,0,0,24760,25070,-,-
TXO,202612,20261216.0,25400.0,Put,-,-,-,-,22.5,-,-,0,0,0,7,19,26,610,23
TXO,202612,20261216.0,25600.0,Call,-,-,-,-,24670,-,-,0,0,0,0,24570,24840,-,-
TXO,202612,20261216.0,25600.0,Put,-,-,-,-,23,-,-,0,0,0,15,19.5,26.5,750,24
TXO,202612,20261216.0,25800.0,Call,-,-,-,-,24470,-,-,0,0,0,0,-,24640,-,-
TXO,202612,20261216.0,25800.0,Put,-,-,-,-,23.5,-,-,0,0,0,10,20,27,505,45
TXO,202612,20261216.0,26000.0,Call,-,-,-,-,24270,-,-,0,0,0,1,24150,24530,17230,7550
TXO,202612,20261216.0,26000.0,Put,21,27,21,26,24,▲+1.5,▲+6.12%,0,19,19,53,20.5,27.5,1390,21
TXO,202612,20261216.0,26200.0,Call,-,-,-,-,24070,-,-,0,0,0,0,23950,24240,-,-
TXO,202612,20261216.0,26200.0,Put,-,-,-,-,24.5,-,-,0,0,0,7,21,28,1430,49
TXO,202612,20261216.0,26400.0,Call,-,-,-,-,23870,-,-,0,0,0,0,23750,24100,-,-
TXO,202612,20261216.0,26400.0,Put,-,-,-,-,25,-,-,0,0,0,13,21.5,28.5,1250,68
TXO,202612,20261216.0,26600.0,Call,-,-,-,-,23670,-,-,0,0,0,0,23580,23890,-,-
TXO,202612,20261216.0,26600.0,Put,-,-,-,-,26,-,-,0,0,0,1,22.5,29.5,765,64
TXO,202612,20261216.0,26800.0,Call,-,-,-,-,23480,-,-,0,0,0,118,-,23520,23380,19280
TXO,202612,20261216.0,26800.0,Put,-,-,-,-,26.5,-,-,0,0,0,43,23,30,1500,28
TXO,202612,20261216.0,27000.0,Call,-,-,-,-,23280,-,-,0,0,0,1,23140,23560,18990,7500
TXO,202612,20261216.0,27000.0,Put,-,-,-,-,27,-,-,0,0,0,7,23.5,30.5,1590,51
TXO,202612,20261216.0,27200.0,Call,-,-,-,-,23080,-,-,0,0,0,0,22960,23300,-,-
TXO,202612,20261216.0,27200.0,Put,-,-,-,-,28,-,-,0,0,0,1,24.5,31.5,710,215
TXO,202612,20261216.0,27400.0,Call,-,-,-,-,22880,-,-,0,0,0,0,-,23060,-,-
TXO,202612,20261216.0,27400.0,Put,-,-,-,-,28.5,-,-,0,0,0,10,25,32,1580,21
TXO,202612,20261216.0,27600.0,Call,-,-,-,-,22680,-,-,0,0,0,0,22590,22930,-,-
TXO,202612,20261216.0,27600.0,Put,-,-,-,-,29,-,-,0,0,0,2,25.5,32.5,1300,44.5
TXO,202612,20261216.0,27800.0,Call,-,-,-,-,22480,-,-,0,0,0,0,22390,22670,-,-
TXO,202612,20261216.0,27800.0,Put,-,-,-,-,30,-,-,0,0,0,10,26.5,33.5,1550,25.5
TXO,202612,20261216.0,28000.0,Call,-,-,-,-,22290,-,-,0,0,0,0,22170,22440,-,-
TXO,202612,20261216.0,28000.0,Put,-,-,-,-,31,-,-,0,0,0,44,27.5,34.5,1680,28
TXO,202612,20261216.0,28200.0,Call,-,-,-,-,22090,-,-,0,0,0,0,21970,22240,-,-
TXO,202612,20261216.0,28200.0,Put,-,-,-,-,31.5,-,-,0,0,0,7,28,35,1820,28
TXO,202612,20261216.0,28400.0,Call,-,-,-,-,21890,-,-,0,0,0,0,-,22070,-,-
TXO,202612,20261216.0,28400.0,Put,-,-,-,-,32.5,-,-,0,0,0,3,29,36,1400,38
TXO,202612,20261216.0,28600.0,Call,-,-,-,-,21690,-,-,0,0,0,0,-,21870,-,-
TXO,202612,20261216.0,28600.0,Put,-,-,-,-,33,-,-,0,0,0,7,29.5,36.5,1500,51
TXO,202612,20261216.0,28800.0,Call,-,-,-,-,21490,-,-,0,0,0,0,21400,21700,-,-
TXO,202612,20261216.0,28800.0,Put,-,-,-,-,34,-,-,0,0,0,6,30.5,37.5,1550,60
TXO,202612,20261216.0,29000.0,Call,-,-,-,-,21290,-,-,0,0,0,0,21180,21470,-,-
TXO,202612,20261216.0,29000.0,Put,-,-,-,-,35,-,-,0,0,0,3,31.5,38.5,1860,50
TXO,202612,20261216.0,29200.0,Call,-,-,-,-,21090,-,-,0,0,0,0,20980,21270,-,-
TXO,202612,20261216.0,29200.0,Put,-,-,-,-,36,-,-,0,0,0,3,32.5,39.5,1860,260
TXO,202612,20261216.0,29400.0,Call,-,-,-,-,20900,-,-,0,0,0,0,-,21120,-,-
TXO,202612,20261216.0,29400.0,Put,-,-,-,-,36.5,-,-,0,0,0,5,33,40,1700,62
TXO,202612,20261216.0,29600.0,Call,-,-,-,-,20700,-,-,0,0,0,0,-,20860,-,-
TXO,202612,20261216.0,29600.0,Put,-,-,-,-,37.5,-,-,0,0,0,1,34,41,1650,241
TXO,202612,20261216.0,29800.0,Call,-,-,-,-,20500,-,-,0,0,0,0,20410,20720,11600,5120
TXO,202612,20261216.0,29800.0,Put,-,-,-,-,38.5,-,-,0,0,0,6,35,42,1700,45.5
TXO,202612,20261216.0,30000.0,Call,-,-,-,-,20300,-,-,0,0,0,0,20190,20520,11910,4660
TXO,202612,20261216.0,30000.0,Put,-,-,-,-,39.5,-,-,0,0,0,93,38.5,43,1880,37
TXO,202612,20261216.0,30200.0,Call,-,-,-,-,20100,-,-,0,0,0,0,-,20260,14870,4700
TXO,202612,20261216.0,30200.0,Put,-,-,-,-,40.5,-,-,0,0,0,2,37,44,715,79
TXO,202612,20261216.0,30400.0,Call,-,-,-,-,19900,-,-,0,0,0,0,-,20060,-,-
TXO,202612,20261216.0,30400.0,Put,-,-,-,-,41.5,-,-,0,0,0,3,38,45,510,70
TXO,202612,20261216.0,30600.0,Call,-,-,-,-,19710,-,-,0,0,0,0,-,19900,-,-
TXO,202612,20261216.0,30600.0,Put,-,-,-,-,42.5,-,-,0,0,0,2,39,46,2010,67
TXO,202612,20261216.0,30800.0,Call,-,-,-,-,19510,-,-,0,0,0,1,19420,19550,15660,15660
TXO,202612,20261216.0,30800.0,Put,-,-,-,-,43.5,-,-,0,0,0,10,40,47,2700,45
TXO,202612,20261216.0,31000.0,Call,-,-,-,-,19310,-,-,0,0,0,0,-,19460,-,-
TXO,202612,20261216.0,31000.0,Put,47.5,47.5,41,41,44.5,▼-4,▼-8.89%,0,21,21,15,41,48,1220,41
TXO,202612,20261216.0,31200.0,Call,-,-,-,-,19110,-,-,0,0,0,0,-,19240,4700,3750
TXO,202612,20261216.0,31200.0,Put,-,-,-,-,45.5,-,-,0,0,0,4,42,49,730,180
TXO,202612,20261216.0,31400.0,Call,-,-,-,-,18910,-,-,0,0,0,0,-,19060,-,-
TXO,202612,20261216.0,31400.0,Put,-,-,-,-,46.5,-,-,0,0,0,3,43,50,198,84
TXO,202612,20261216.0,31600.0,Call,-,-,-,-,18710,-,-,0,0,0,0,-,18920,7950,5480
TXO,202612,20261216.0,31600.0,Put,-,-,-,-,47.5,-,-,0,0,0,2,44,51,1870,86
TXO,202612,20261216.0,31800.0,Call,-,-,-,-,18520,-,-,0,0,0,0,-,18720,10560,5580
TXO,202612,20261216.0,31800.0,Put,-,-,-,-,48.5,-,-,0,0,0,1,45,52,200,150
TXO,202612,20261216.0,32000.0,Call,-,-,-,-,18320,-,-,0,0,0,0,-,18440,9600,3560
TXO,202612,20261216.0,32000.0,Put,-,-,-,-,49.5,-,-,0,0,0,14,46,53,3270,70
TXO,202612,20261216.0,32200.0,Call,-,-,-,-,18120,-,-,0,0,0,0,-,18260,-,-
TXO,202612,20261216.0,32200.0,Put,-,-,-,-,50,-,-,0,0,0,2,47,54,3130,82
TXO,202612,20261216.0,32400.0,Call,-,-,-,-,17920,-,-,0,0,0,0,-,18060,11650,3460
TXO,202612,20261216.0,32400.0,Put,-,-,-,-,51,-,-,0,0,0,3,48,55,3250,77
TXO,202612,20261216.0,32600.0,Call,-,-,-,-,17720,-,-,0,0,0,0,17640,17860,-,-
TXO,202612,20261216.0,32600.0,Put,-,-,-,-,52,-,-,0,0,0,12,50,58,1160,50
TXO,202612,20261216.0,32800.0,Call,-,-,-,-,17520,-,-,0,0,0,0,-,17660,-,-
TXO,202612,20261216.0,32800.0,Put,-,-,-,-,53,-,-,0,0,0,8,50,58,1920,57
TXO,202612,20261216.0,33000.0,Call,-,-,-,-,17330,-,-,0,0,0,0,-,17460,13520,3000
TXO,202612,20261216.0,33000.0,Put,-,-,-,-,54,-,-,0,0,0,21,51,57,3280,45
TXO,202612,20261216.0,33200.0,Call,-,-,-,-,17130,-,-,0,0,0,0,-,17260,4180,3280
TXO,202612,20261216.0,33200.0,Put,-,-,-,-,56,-,-,0,0,0,1,52,60,780,95
TXO,202612,20261216.0,33400.0,Call,-,-,-,-,16930,-,-,0,0,0,0,-,17060,10800,2780
TXO,202612,20261216.0,33400.0,Put,-,-,-,-,57,-,-,0,0,0,2,53,61,3450,49.5
TXO,202612,20261216.0,33600.0,Call,-,-,-,-,16730,-,-,0,0,0,0,-,16860,10850,2640
TXO,202612,20261216.0,33600.0,Put,-,-,-,-,58,-,-,0,0,0,7,54,62,4010,52
TXO,202612,20261216.0,33800.0,Call,-,-,-,-,16530,-,-,0,0,0,0,-,16660,-,-
TXO,202612,20261216.0,33800.0,Put,-,-,-,-,59,-,-,0,0,0,0,55,63,1670,995
TXO,202612,20261216.0,34000.0,Call,-,-,-,-,16340,-,-,0,0,0,0,-,16460,12700,3130
TXO,202612,20261216.0,34000.0,Put,-,-,-,-,60,-,-,0,0,0,11,56,64,3620,53
TXO,202612,20261216.0,34200.0,Call,-,-,-,-,16140,-,-,0,0,0,0,16040,16260,8850,5200
TXO,202612,20261216.0,34200.0,Put,-,-,-,-,61,-,-,0,0,0,1,57,65,1780,91
TXO,202612,20261216.0,34400.0,Call,-,-,-,-,15940,-,-,0,0,0,0,-,16090,-,-
TXO,202612,20261216.0,34400.0,Put,-,-,-,-,62,-,-,0,0,0,1,58,66,2600,60
TXO,202612,20261216.0,34600.0,Call,-,-,-,-,15740,-,-,0,0,0,0,-,15860,-,-
TXO,202612,20261216.0,34600.0,Put,-,-,-,-,63,-,-,0,0,0,2,59,67,2670,57
TXO,202612,20261216.0,34800.0,Call,-,-,-,-,15540,-,-,0,0,0,0,-,15660,4830,3240
TXO,202612,20261216.0,34800.0,Put,-,-,-,-,65,-,-,0,0,0,1,61,69,3120,65
TXO,202612,20261216.0,35000.0,Call,-,-,-,-,15350,-,-,0,0,0,0,-,15460,12910,2200
TXO,202612,20261216.0,35000.0,Put,-,-,-,-,66,-,-,0,0,0,90,63,70,2100,60
TXO,202612,20261216.0,35200.0,Call,-,-,-,-,15150,-,-,0,0,0,0,-,15260,4590,3370
TXO,202612,20261216.0,35200.0,Put,-,-,-,-,67,-,-,0,0,0,2,63,71,3000,147
TXO,202612,20261216.0,35400.0,Call,-,-,-,-,14950,-,-,0,0,0,0,14870,15060,9450,3340
TXO,202612,20261216.0,35400.0,Put,-,-,-,-,68,-,-,0,0,0,0,63,72,1300,350
TXO,202612,20261216.0,35600.0,Call,-,-,-,-,14750,-,-,0,0,0,0,-,14860,12870,2380
TXO,202612,20261216.0,35600.0,Put,-,-,-,-,69,-,-,0,0,0,2,65,73,4020,78
TXO,202612,20261216.0,35800.0,Call,-,-,-,-,14550,-,-,0,0,0,1,-,14590,10820,6410
TXO,202612,20261216.0,35800.0,Put,-,-,-,-,70,-,-,0,0,0,1,66,74,2000,86
TXO,202612,20261216.0,36000.0,Call,-,-,-,-,14350,-,-,0,0,0,0,14270,14460,10860,1950
TXO,202612,20261216.0,36000.0,Put,-,-,-,-,71,-,-,0,0,0,68,67,75,3300,65
TXO,202612,20261216.0,36200.0,Call,-,-,-,-,14160,-,-,0,0,0,0,-,14260,7130,1470
TXO,202612,20261216.0,36200.0,Put,-,-,-,-,72,-,-,0,0,0,0,68,76,-,-
TXO,202612,20261216.0,36400.0,Call,-,-,-,-,13960,-,-,0,0,0,0,-,14070,10490,1390
TXO,202612,20261216.0,36400.0,Put,-,-,-,-,74,-,-,0,0,0,1,70,78,2020,189
TXO,202612,20261216.0,36600.0,Call,-,-,-,-,13760,-,-,0,0,0,0,13680,13870,6880,1320
TXO,202612,20261216.0,36600.0,Put,-,-,-,-,75,-,-,0,0,0,8,71,79,2130,80
TXO,202612,20261216.0,36800.0,Call,-,-,-,-,13560,-,-,0,0,0,0,13480,13690,11890,1260
TXO,202612,20261216.0,36800.0,Put,-,-,-,-,76,-,-,0,0,0,44,72,80,2670,82
TXO,202612,20261216.0,37000.0,Call,-,-,-,-,13360,-,-,0,0,0,4,13290,13400,12020,1350
TXO,202612,20261216.0,37000.0,Put,86,87,86,87,78,▲+7,▲+8.75%,0,14,14,100,74,82,3150,73
TXO,202612,20261216.0,37200.0,Call,-,-,-,-,13170,-,-,0,0,0,0,-,13270,9030,1740
TXO,202612,20261216.0,37200.0,Put,-,-,-,-,79,-,-,0,0,0,6,75,83,1070,83
TXO,202612,20261216.0,37400.0,Call,-,-,-,-,12970,-,-,0,0,0,0,-,13070,10760,1280
TXO,202612,20261216.0,37400.0,Put,-,-,-,-,81,-,-,0,0,0,11,77,85,1540,195
TXO,202612,20261216.0,37600.0,Call,-,-,-,-,12770,-,-,0,0,0,2,-,12810,1260,1260
TXO,202612,20261216.0,37600.0,Put,-,-,-,-,82,-,-,0,0,0,6,78,86,2950,88
TXO,202612,20261216.0,37800.0,Call,-,-,-,-,12570,-,-,0,0,0,0,-,12680,11540,1240
TXO,202612,20261216.0,37800.0,Put,-,-,-,-,84,-,-,0,0,0,15,80,88,2900,100
TXO,202612,20261216.0,38000.0,Call,-,-,-,-,12380,-,-,0,0,0,18,12260,12510,8700,1230
TXO,202612,20261216.0,38000.0,Put,-,-,-,-,86,-,-,0,0,0,148,82,90,3430,86
TXO,202612,20261216.0,38200.0,Call,-,-,-,-,12180,-,-,0,0,0,0,-,12290,7280,1200
TXO,202612,20261216.0,38200.0,Put,90,90,90,90,90,▼-1,▼-1.10%,0,1,1,12,83,93,1900,90
TXO,202612,20261216.0,38400.0,Call,-,-,-,-,11980,-,-,0,0,0,0,-,12080,7140,1270
TXO,202612,20261216.0,38400.0,Put,-,-,-,-,91,-,-,0,0,0,4,85,95,835,130
TXO,202612,20261216.0,38600.0,Call,-,-,-,-,11780,-,-,0,0,0,3,11710,11820,10540,1080
TXO,202612,20261216.0,38600.0,Put,-,-,-,-,92,-,-,0,0,0,12,88,97,3100,103
TXO,202612,20261216.0,38800.0,Call,-,-,-,-,11590,-,-,0,0,0,0,-,11680,10770,775
TXO,202612,20261216.0,38800.0,Put,-,-,-,-,95,-,-,0,0,0,2,90,100,1510,108
TXO,202612,20261216.0,38900.0,Call,-,-,-,-,11490,-,-,0,0,0,0,-,11600,-,-
TXO,202612,20261216.0,38900.0,Put,-,-,-,-,96,-,-,0,0,0,0,91,101,-,-
TXO,202612,20261216.0,39000.0,Call,-,-,-,-,11390,-,-,0,0,0,4,-,11430,9290,1100
TXO,202612,20261216.0,39000.0,Put,-,-,-,-,97,-,-,0,0,0,75,92,103,3690,101
TXO,202612,20261216.0,39100.0,Call,-,-,-,-,11290,-,-,0,0,0,0,11220,11390,-,-
TXO,202612,20261216.0,39100.0,Put,-,-,-,-,98,-,-,0,0,0,1,94,104,192,192
TXO,202612,20261216.0,39200.0,Call,-,-,-,-,11190,-,-,0,0,0,0,11120,11290,10280,1290
TXO,202612,20261216.0,39200.0,Put,-,-,-,-,100,-,-,0,0,0,1,95,106,3680,165
TXO,202612,20261216.0,39300.0,Call,-,-,-,-,11100,-,-,0,0,0,0,-,11200,-,-
TXO,202612,20261216.0,39300.0,Put,-,-,-,-,101,-,-,0,0,0,0,96,107,-,-
TXO,202612,20261216.0,39400.0,Call,-,-,-,-,11000,-,-,0,0,0,0,-,11100,11070,1300
TXO,202612,20261216.0,39400.0,Put,-,-,-,-,103,-,-,0,0,0,1,100,108,3380,121
TXO,202612,20261216.0,39500.0,Call,-,-,-,-,10900,-,-,0,0,0,0,10830,11010,-,-
TXO,202612,20261216.0,39500.0,Put,-,-,-,-,104,-,-,0,0,0,1,99,111,288,288
TXO,202612,20261216.0,39600.0,Call,-,-,-,-,10800,-,-,0,0,0,0,10730,10890,11070,750
TXO,202612,20261216.0,39600.0,Put,-,-,-,-,106,-,-,0,0,0,3,101,113,3660,505
TXO,202612,20261216.0,39700.0,Call,-,-,-,-,10700,-,-,0,0,0,0,-,10810,-,-
TXO,202612,20261216.0,39700.0,Put,-,-,-,-,107,-,-,0,0,0,0,102,114,-,-
TXO,202612,20261216.0,39800.0,Call,-,-,-,-,10600,-,-,0,0,0,0,-,10710,11350,1250
TXO,202612,20261216.0,39800.0,Put,-,-,-,-,108,-,-,0,0,0,7,104,113,4080,165
TXO,202612,20261216.0,39900.0,Call,-,-,-,-,10510,-,-,0,0,0,0,-,10600,-,-
TXO,202612,20261216.0,39900.0,Put,-,-,-,-,112,-,-,0,0,0,2,106,119,170,169
TXO,202612,20261216.0,40000.0,Call,-,-,-,-,10410,-,-,0,0,0,12,10340,10460,10400,705
TXO,202612,20261216.0,40000.0,Put,115,117,115,117,115,▼-2,▼-1.68%,0,3,3,96,111,120,3960,115
TXO,202612,20261216.0,40100.0,Call,-,-,-,-,10310,-,-,0,0,0,0,-,10400,-,-
TXO,202612,20261216.0,40100.0,Put,-,-,-,-,115,-,-,0,0,0,5,109,123,177,177
TXO,202612,20261216.0,40200.0,Call,-,-,-,-,10210,-,-,0,0,0,0,-,10300,6970,2200
TXO,202612,20261216.0,40200.0,Put,-,-,-,-,116,-,-,0,0,0,1,111,122,3430,990
TXO,202612,20261216.0,40300.0,Call,-,-,-,-,10120,-,-,0,0,0,0,10050,10200,-,-
TXO,202612,20261216.0,40300.0,Put,-,-,-,-,118,-,-,0,0,0,0,113,127,-,-
TXO,202612,20261216.0,40400.0,Call,-,-,-,-,10020,-,-,0,0,0,1,9950,10070,8140,695
TXO,202612,20261216.0,40400.0,Put,-,-,-,-,119,-,-,0,0,0,4,115,125,2820,143
TXO,202612,20261216.0,40500.0,Call,-,-,-,-,9920,-,-,0,0,0,0,-,10010,-,-
TXO,202612,20261216.0,40500.0,Put,-,-,-,-,124,-,-,0,0,0,1,118,132,490,238
TXO,202612,20261216.0,40600.0,Call,-,-,-,-,9830,-,-,0,0,0,0,-,9910,6630,740
TXO,202612,20261216.0,40600.0,Put,-,-,-,-,127,-,-,0,0,0,1,120,135,2750,213
TXO,202612,20261216.0,40700.0,Call,-,-,-,-,9730,-,-,0,0,0,0,9660,9810,-,-
TXO,202612,20261216.0,40700.0,Put,-,-,-,-,129,-,-,0,0,0,1,122,138,200,200
TXO,202612,20261216.0,40800.0,Call,-,-,-,-,9630,-,-,0,0,0,15,-,9680,9640,1410
TXO,202612,20261216.0,40800.0,Put,-,-,-,-,132,-,-,0,0,0,302,125,140,3980,140
TXO,202612,20261216.0,40900.0,Call,-,-,-,-,9540,-,-,0,0,0,0,-,9630,-,-
TXO,202612,20261216.0,40900.0,Put,-,-,-,-,134,-,-,0,0,0,3,127,143,252,205
TXO,202612,20261216.0,41000.0,Call,-,-,-,-,9440,-,-,0,0,0,5,9370,9470,9160,675
TXO,202612,20261216.0,41000.0,Put,-,-,-,-,137,-,-,1,0,1,17,129,140,4390,146
TXO,202612,20261216.0,41100.0,Call,-,-,-,-,9340,-,-,0,0,0,0,-,9440,-,-
TXO,202612,20261216.0,41100.0,Put,-,-,-,-,140,-,-,0,0,0,0,133,149,-,-
TXO,202612,20261216.0,41200.0,Call,-,-,-,-,9250,-,-,0,0,0,0,-,9340,5620,3150
TXO,202612,20261216.0,41200.0,Put,-,-,-,-,143,-,-,0,0,0,31,136,152,4410,400
TXO,202612,20261216.0,41300.0,Call,-,-,-,-,9150,-,-,0,0,0,0,-,9230,-,-
TXO,202612,20261216.0,41300.0,Put,-,-,-,-,146,-,-,0,0,0,0,138,155,-,-
TXO,202612,20261216.0,41400.0,Call,-,-,-,-,9050,-,-,0,0,0,30,-,9080,10000,360
TXO,202612,20261216.0,41400.0,Put,-,-,-,-,150,-,-,0,0,0,20,142,159,4540,168
TXO,202612,20261216.0,41500.0,Call,-,-,-,-,8960,-,-,0,0,0,0,-,9030,-,-
TXO,202612,20261216.0,41500.0,Put,-,-,-,-,153,-,-,0,0,0,2,145,162,226,153
TXO,202612,20261216.0,41600.0,Call,-,-,-,-,8860,-,-,0,0,0,11,-,8900,6550,1450
TXO,202612,20261216.0,41600.0,Put,-,-,-,-,156,-,-,0,0,0,13,148,166,4290,200
TXO,202612,20261216.0,41700.0,Call,-,-,-,-,8760,-,-,0,0,0,0,-,8850,-,-
TXO,202612,20261216.0,41700.0,Put,-,-,-,-,160,-,-,0,0,0,10,152,170,303,247
TXO,202612,20261216.0,41800.0,Call,-,-,-,-,8670,-,-,0,0,0,15,-,8700,8490,710
TXO,202612,20261216.0,41800.0,Put,-,-,-,-,164,-,-,0,0,0,11,155,174,4390,279
TXO,202612,20261216.0,41900.0,Call,-,-,-,-,8570,-,-,0,0,0,0,-,8660,-,-
TXO,202612,20261216.0,41900.0,Put,-,-,-,-,168,-,-,0,0,0,1,159,178,316,316
TXO,202612,20261216.0,42000.0,Call,-,-,-,-,8480,-,-,0,0,0,71,-,8520,8720,800
TXO,202612,20261216.0,42000.0,Put,-,-,-,-,171,-,-,0,0,0,99,162,181,4950,190
TXO,202612,20261216.0,42100.0,Call,-,-,-,-,8380,-,-,0,0,0,0,-,8470,-,-
TXO,202612,20261216.0,42100.0,Put,-,-,-,-,176,-,-,0,0,0,0,167,187,-,-
TXO,202612,20261216.0,42200.0,Call,-,-,-,-,8290,-,-,0,0,0,2,-,8330,8040,1500
TXO,202612,20261216.0,42200.0,Put,-,-,-,-,180,-,-,0,0,0,19,171,192,3610,710
TXO,202612,20261216.0,42300.0,Call,-,-,-,-,8190,-,-,0,0,0,0,-,8260,-,-
TXO,202612,20261216.0,42300.0,Put,-,-,-,-,185,-,-,0,0,0,0,176,196,-,-
TXO,202612,20261216.0,42400.0,Call,-,-,-,-,8100,-,-,0,0,0,0,-,8180,5850,1260
TXO,202612,20261216.0,42400.0,Put,-,-,-,-,189,-,-,0,0,0,1,180,201,4790,520
TXO,202612,20261216.0,42500.0,Call,-,-,-,-,8000,-,-,0,0,0,0,-,8080,-,-
TXO,202612,20261216.0,42500.0,Put,-,-,-,-,194,-,-,0,0,0,5,185,206,422,199
TXO,202612,20261216.0,42600.0,Call,-,-,-,-,7910,-,-,0,0,0,2,7790,8000,7280,965
TXO,202612,20261216.0,42600.0,Put,-,-,-,-,200,-,-,0,0,0,2,190,212,4770,370
TXO,202612,20261216.0,42700.0,Call,-,-,-,-,7810,-,-,0,0,0,0,-,7890,-,-
TXO,202612,20261216.0,42700.0,Put,-,-,-,-,205,-,-,0,0,0,0,195,217,-,-
TXO,202612,20261216.0,42800.0,Call,-,-,-,-,7720,-,-,0,0,0,1,7600,7790,4950,2510
TXO,202612,20261216.0,42800.0,Put,-,-,-,-,210,-,-,0,0,0,5,200,223,1190,520
TXO,202612,20261216.0,42900.0,Call,-,-,-,-,7620,-,-,0,0,0,0,-,7690,-,-
TXO,202612,20261216.0,42900.0,Put,-,-,-,-,216,-,-,0,0,0,0,206,229,-,-
TXO,202612,20261216.0,43000.0,Call,-,-,-,-,7530,-,-,0,0,0,65,-,7560,9700,1130
TXO,202612,20261216.0,43000.0,Put,-,-,-,-,222,-,-,0,0,0,77,212,235,5020,250
TXO,202612,20261216.0,43100.0,Call,-,-,-,-,7440,-,-,0,0,0,0,-,7500,-,-
TXO,202612,20261216.0,43100.0,Put,-,-,-,-,229,-,-,0,0,0,6,218,242,560,254
TXO,202612,20261216.0,43200.0,Call,-,-,-,-,7340,-,-,0,0,0,0,-,7410,4670,1400
TXO,202612,20261216.0,43200.0,Put,-,-,-,-,235,-,-,0,0,0,5,224,249,575,575
TXO,202612,20261216.0,43300.0,Call,-,-,-,-,7250,-,-,0,0,0,0,-,7320,-,-
TXO,202612,20261216.0,43300.0,Put,-,-,-,-,242,-,-,0,0,0,0,231,256,-,-
TXO,202612,20261216.0,43400.0,Call,-,-,-,-,7160,-,-,0,0,0,0,-,7220,7410,4950
TXO,202612,20261216.0,43400.0,Put,-,-,-,-,249,-,-,0,0,0,2,238,263,5280,2010
TXO,202612,20261216.0,43500.0,Call,-,-,-,-,7070,-,-,0,0,0,0,-,7130,-,-
TXO,202612,20261216.0,43500.0,Put,-,-,-,-,256,-,-,0,0,0,0,245,270,-,-
TXO,202612,20261216.0,43600.0,Call,-,-,-,-,6970,-,-,0,0,0,1,-,7030,5510,950
TXO,202612,20261216.0,43600.0,Put,-,-,-,-,264,-,-,0,0,0,3,253,278,4780,310
TXO,202612,20261216.0,43700.0,Call,-,-,-,-,6880,-,-,0,0,0,0,-,6940,-,-
TXO,202612,20261216.0,43700.0,Put,-,-,-,-,272,-,-,0,0,0,0,261,286,505,380
TXO,202612,20261216.0,43800.0,Call,-,-,-,-,6790,-,-,0,0,0,1,-,6850,8340,1020
TXO,202612,20261216.0,43800.0,Put,-,-,-,-,280,-,-,0,0,0,12,269,294,4460,300
TXO,202612,20261216.0,43900.0,Call,-,-,-,-,6700,-,-,0,0,0,0,-,6770,-,-
TXO,202612,20261216.0,43900.0,Put,296,296,296,296,296,▼-2,▼-0.67%,0,1,1,6,277,302,980,296
TXO,202612,20261216.0,44000.0,Call,-,-,-,-,6610,-,-,0,0,0,4,6490,6680,8350,2260
TXO,202612,20261216.0,44000.0,Put,330,330,330,330,297,▲+22,▲+7.14%,0,1,1,21,286,311,4770,330
TXO,202612,20261216.0,44100.0,Call,-,-,-,-,6520,-,-,0,0,0,0,-,6590,-,-
TXO,202612,20261216.0,44100.0,Put,-,-,-,-,305,-,-,0,0,0,0,294,319,-,-
TXO,202612,20261216.0,44200.0,Call,-,-,-,-,6430,-,-,0,0,0,2,6310,6500,5630,600
TXO,202612,20261216.0,44200.0,Put,331,331,310,310,310,▼-17,▼-5.20%,0,2,2,64,305,332,4890,310
TXO,202612,20261216.0,44300.0,Call,-,-,-,-,6340,-,-,0,0,0,0,-,6390,-,-
TXO,202612,20261216.0,44300.0,Put,-,-,-,-,324,-,-,0,0,0,0,312,339,-,-
TXO,202612,20261216.0,44400.0,Call,-,-,-,-,6250,-,-,0,0,0,1,6130,6310,6730,930
TXO,202612,20261216.0,44400.0,Put,-,-,-,-,337,-,-,0,0,0,38,322,349,4660,910
TXO,202612,20261216.0,44500.0,Call,-,-,-,-,6160,-,-,0,0,0,0,-,6220,-,-
TXO,202612,20261216.0,44500.0,Put,-,-,-,-,350,-,-,0,0,0,0,332,359,-,-
TXO,202612,20261216.0,44600.0,Call,6100,6100,6100,6100,6100,▼-120,▼-1.93%,0,1,1,11,5960,6130,6100,890
TXO,202612,20261216.0,44600.0,Put,-,-,-,-,364,-,-,0,0,0,13,356,376,6030,380
TXO,202612,20261216.0,44700.0,Call,-,-,-,-,6000,-,-,0,0,0,0,5930,6020,-,-
TXO,202612,20261216.0,44700.0,Put,-,-,-,-,371,-,-,0,0,0,1,358,388,1190,1190
TXO,202612,20261216.0,44800.0,Call,-,-,-,-,5900,-,-,0,0,0,2,5780,5960,3190,2320
TXO,202612,20261216.0,44800.0,Put,-,-,-,-,381,-,-,0,0,0,8,367,400,5600,740
TXO,202612,20261216.0,44900.0,Call,-,-,-,-,5810,-,-,0,0,0,0,-,5870,-,-
TXO,202612,20261216.0,44900.0,Put,-,-,-,-,396,-,-,0,0,0,0,379,412,-,-
TXO,202612,20261216.0,45000.0,Call,-,-,-,-,5730,-,-,0,0,0,6,5590,5790,6790,2600
TXO,202612,20261216.0,45000.0,Put,415,415,415,415,415,▼-4,▼-0.95%,0,1,1,40,396,429,6200,415
TXO,202612,20261216.0,45100.0,Call,-,-,-,-,5630,-,-,0,0,0,0,-,5690,-,-
TXO,202612,20261216.0,45100.0,Put,-,-,-,-,418,-,-,0,0,0,10,400,440,461,461
TXO,202612,20261216.0,45200.0,Call,-,-,-,-,5550,-,-,0,0,0,1,-,5590,6620,925
TXO,202612,20261216.0,45200.0,Put,-,-,-,-,435,-,-,0,0,0,11,417,457,6690,1010
TXO,202612,20261216.0,45300.0,Call,-,-,-,-,5470,-,-,0,0,0,0,-,5510,-,-
TXO,202612,20261216.0,45300.0,Put,-,-,-,-,450,-,-,0,0,0,5,432,472,1060,920
TXO,202612,20261216.0,45400.0,Call,-,-,-,-,5380,-,-,0,0,0,1,-,5410,6500,2250
TXO,202612,20261216.0,45400.0,Put,-,-,-,-,463,-,-,0,0,0,10,445,485,6540,495
TXO,202612,20261216.0,45500.0,Call,-,-,-,-,5300,-,-,0,0,0,0,-,5350,-,-
TXO,202612,20261216.0,45500.0,Put,-,-,-,-,480,-,-,0,0,0,5,462,500,990,505
TXO,202612,20261216.0,45600.0,Call,-,-,-,-,5220,-,-,0,0,0,3,5090,5250,6160,1070
TXO,202612,20261216.0,45600.0,Put,-,-,-,-,499,-,-,0,0,0,3,480,520,7000,1000
TXO,202612,20261216.0,45700.0,Call,-,-,-,-,5140,-,-,0,0,0,0,-,5170,-,-
TXO,202612,20261216.0,45700.0,Put,-,-,-,-,515,-,-,0,0,0,0,500,540,-,-
TXO,202612,20261216.0,45800.0,Call,-,-,-,-,5050,-,-,0,0,0,7,4920,5100,3200,1980
TXO,202612,20261216.0,45800.0,Put,-,-,-,-,530,-,-,0,0,0,2,515,555,1550,1510
TXO,202612,20261216.0,45900.0,Call,-,-,-,-,4970,-,-,0,0,0,0,-,5010,-,-
TXO,202612,20261216.0,45900.0,Put,-,-,-,-,550,-,-,0,0,0,4,535,575,965,550
TXO,202612,20261216.0,46000.0,Call,-,-,-,-,4890,-,-,0,0,0,256,-,4930,5560,1640
TXO,202612,20261216.0,46000.0,Put,565,575,550,570,570,▼-10,▼-1.72%,0,8,8,36,555,595,7060,1
TXO,202612,20261216.0,46100.0,Call,-,-,-,-,4810,-,-,0,0,0,0,-,4850,-,-
TXO,202612,20261216.0,46100.0,Put,-,-,-,-,590,-,-,0,0,0,0,570,615,-,-
TXO,202612,20261216.0,46200.0,Call,-,-,-,-,4730,-,-,0,0,0,2,4600,4780,2620,2300
TXO,202612,20261216.0,46200.0,Put,-,-,-,-,610,-,-,0,0,0,2,590,635,7260,1090
TXO,202612,20261216.0,46300.0,Call,-,-,-,-,4650,-,-,0,0,0,0,-,4680,-,-
TXO,202612,20261216.0,46300.0,Put,-,-,-,-,630,-,-,0,0,0,4,610,655,1200,1170
TXO,202612,20261216.0,46400.0,Call,-,-,-,-,4570,-,-,0,0,0,3,-,4610,5700,1560
TXO,202612,20261216.0,46400.0,Put,-,-,-,-,655,-,-,0,0,0,2,630,680,5970,1720
TXO,202612,20261216.0,46500.0,Call,-,-,-,-,4500,-,-,0,0,0,0,-,4520,-,-
TXO,202612,20261216.0,46500.0,Put,-,-,-,-,675,-,-,0,0,0,1,655,705,1370,1370
TXO,202612,20261216.0,46600.0,Call,4510,4510,4510,4510,4420,▼-50,▼-1.10%,0,1,1,50,-,4440,6500,1500
TXO,202612,20261216.0,46600.0,Put,-,-,-,-,700,-,-,0,0,0,12,675,725,2550,700
TXO,202612,20261216.0,46700.0,Call,-,-,-,-,4350,-,-,0,0,0,0,-,4380,-,-
TXO,202612,20261216.0,46700.0,Put,740,740,740,740,725,▲+15,▲+2.07%,0,1,1,1,690,745,740,740
TXO,202612,20261216.0,46800.0,Call,-,-,-,-,4270,-,-,0,0,0,12,-,4290,5870,1500
TXO,202612,20261216.0,46800.0,Put,740,740,740,740,740,▼-10,▼-1.33%,0,2,2,11,715,770,7770,740
TXO,202612,20261216.0,46900.0,Call,-,-,-,-,4200,-,-,0,0,0,0,-,4220,-,-
TXO,202612,20261216.0,46900.0,Put,-,-,-,-,775,-,-,1,0,1,5,750,810,1420,770
TXO,202612,20261216.0,47000.0,Call,-,-,-,-,4120,-,-,0,0,0,236,0.1,4140,6430,1420
TXO,202612,20261216.0,47000.0,Put,-,-,-,-,800,-,-,0,0,0,46,765,825,7620,800
TXO,202612,20261216.0,47100.0,Call,-,-,-,-,4050,-,-,0,0,0,0,-,4070,-,-
TXO,202612,20261216.0,47100.0,Put,-,-,-,-,825,-,-,0,0,0,5,800,860,1490,1490
TXO,202612,20261216.0,47200.0,Call,-,-,-,-,3970,-,-,0,0,0,62,-,4010,4830,1680
TXO,202612,20261216.0,47200.0,Put,-,-,-,-,845,-,-,0,0,0,5,815,880,2150,1530
TXO,202612,20261216.0,47300.0,Call,-,-,-,-,3900,-,-,0,0,0,0,-,3940,-,-
TXO,202612,20261216.0,47300.0,Put,-,-,-,-,870,-,-,0,0,0,0,840,905,-,-
TXO,202612,20261216.0,47400.0,Call,-,-,-,-,3830,-,-,0,0,0,68,3760,3850,5670,1700
TXO,202612,20261216.0,47400.0,Put,-,-,-,-,900,-,-,0,0,0,1,865,930,6210,2250
TXO,202612,20261216.0,47500.0,Call,-,-,-,-,3760,-,-,0,0,0,0,-,3780,-,-
TXO,202612,20261216.0,47500.0,Put,-,-,-,-,930,-,-,0,0,0,0,900,965,-,-
TXO,202612,20261216.0,47600.0,Call,-,-,-,-,3690,-,-,0,0,0,52,417,3710,5180,1100
TXO,202612,20261216.0,47600.0,Put,-,-,-,-,960,-,-,5,0,5,7,930,995,6310,915
TXO,202612,20261216.0,47700.0,Call,-,-,-,-,3620,-,-,0,0,0,0,-,3640,2580,2030
TXO,202612,20261216.0,47700.0,Put,-,-,-,-,995,-,-,6,0,6,8,955,1020,1740,935
TXO,202612,20261216.0,47800.0,Call,-,-,-,-,3550,-,-,0,0,0,9,-,3570,5050,1290
TXO,202612,20261216.0,47800.0,Put,1020,1080,1020,1050,1050,▲+20,▲+1.94%,5,11,16,18,1000,1060,5750,970
TXO,202612,20261216.0,47900.0,Call,-,-,-,-,3480,-,-,0,0,0,1,3390,3550,2430,2430
TXO,202612,20261216.0,47900.0,Put,1110,1110,1110,1110,1060,▲+50,▲+4.72%,0,1,1,10,1010,1090,1780,1110
TXO,202612,20261216.0,48000.0,Call,-,-,-,-,3410,-,-,0,0,0,63,3340,3460,5100,1330
TXO,202612,20261216.0,48000.0,Put,-,-,-,-,1090,-,-,0,0,0,83,1050,1130,8030,1490
TXO,202612,20261216.0,48100.0,Call,-,-,-,-,3340,-,-,0,0,0,1,3270,3390,2460,2460
TXO,202612,20261216.0,48100.0,Put,-,-,-,-,1120,-,-,0,0,0,10,1080,1160,1860,1740
TXO,202612,20261216.0,48200.0,Call,-,-,-,-,3280,-,-,0,0,0,7,3210,3320,3960,1880
TXO,202612,20261216.0,48200.0,Put,-,-,-,-,1150,-,-,0,0,0,15,1110,1190,5860,1780
TXO,202612,20261216.0,48300.0,Call,-,-,-,-,3210,-,-,0,0,0,1,3140,3250,3110,2130
TXO,202612,20261216.0,48300.0,Put,-,-,-,-,1180,-,-,0,0,0,10,1150,1230,1830,1790
TXO,202612,20261216.0,48400.0,Call,-,-,-,-,3150,-,-,0,0,0,6,3080,3190,5700,1520
TXO,202612,20261216.0,48400.0,Put,-,-,-,-,1220,-,-,0,0,0,10,1180,1260,5920,1860
TXO,202612,20261216.0,48500.0,Call,-,-,-,-,3090,-,-,0,0,0,3,3010,3120,2200,1360
TXO,202612,20261216.0,48500.0,Put,-,-,-,-,1260,-,-,1,0,1,6,1220,1300,2240,1230
TXO,202612,20261216.0,48600.0,Call,-,-,-,-,3020,-,-,0,0,0,5,2950,3060,4880,1710
TXO,202612,20261216.0,48600.0,Put,-,-,-,-,1300,-,-,0,0,0,5,1260,1340,6090,1970
TXO,202612,20261216.0,48700.0,Call,-,-,-,-,2960,-,-,0,0,0,0,2890,3010,-,-
TXO,202612,20261216.0,48700.0,Put,-,-,-,-,1330,-,-,0,0,0,7,1290,1370,2040,2010
TXO,202612,20261216.0,48800.0,Call,-,-,-,-,2900,-,-,0,0,0,0,2830,2950,-,-
TXO,202612,20261216.0,48800.0,Put,-,-,-,-,1370,-,-,0,0,0,2,1330,1410,8920,2030
TXO,202612,20261216.0,48900.0,Call,-,-,-,-,2840,-,-,0,0,0,2,2790,2890,3070,3060
TXO,202612,20261216.0,48900.0,Put,-,-,-,-,1410,-,-,0,0,0,7,1380,1460,2140,1420
TXO,202612,20261216.0,49000.0,Call,-,-,-,-,2780,-,-,0,0,0,428,2720,2830,5280,1070
TXO,202612,20261216.0,49000.0,Put,-,-,-,-,1450,-,-,0,0,0,9,1410,1490,6900,1510
TXO,202612,20261216.0,49100.0,Call,-,-,-,-,2720,-,-,0,0,0,0,2650,2770,1310,1170
TXO,202612,20261216.0,49100.0,Put,-,-,-,-,1490,-,-,0,0,0,0,1450,1530,-,-
TXO,202612,20261216.0,49200.0,Call,-,-,-,-,2660,-,-,0,0,0,16,2600,2700,4080,995
TXO,202612,20261216.0,49200.0,Put,-,-,-,-,1530,-,-,0,0,0,1,1500,1580,4800,2330
TXO,202612,20261216.0,49300.0,Call,-,-,-,-,2610,-,-,0,0,0,0,2540,2650,-,-
TXO,202612,20261216.0,49300.0,Put,-,-,-,-,1580,-,-,0,0,0,0,1540,1620,-,-
TXO,202612,20261216.0,49400.0,Call,-,-,-,-,2550,-,-,0,0,0,5,2480,2580,3760,1240
TXO,202612,20261216.0,49400.0,Put,-,-,-,-,1620,-,-,0,0,0,3,1570,1650,8650,4900
TXO,202612,20261216.0,49500.0,Call,-,-,-,-,2500,-,-,0,0,0,0,2420,2540,-,-
TXO,202612,20261216.0,49500.0,Put,-,-,-,-,1660,-,-,0,0,0,1,1630,1710,1970,1970
TXO,202612,20261216.0,49600.0,Call,-,-,-,-,2440,-,-,0,0,0,10,2390,2480,4800,1160
TXO,202612,20261216.0,49600.0,Put,-,-,-,-,1700,-,-,0,0,0,0,1670,1750,6900,5500
TXO,202612,20261216.0,49700.0,Call,-,-,-,-,2380,-,-,0,0,0,0,2310,2410,1570,1430
TXO,202612,20261216.0,49700.0,Put,-,-,-,-,1750,-,-,0,0,0,0,1710,1790,-,-
TXO,202612,20261216.0,49800.0,Call,-,-,-,-,2330,-,-,0,0,0,21,2260,2360,2780,960
TXO,202612,20261216.0,49800.0,Put,1800,1830,1800,1830,1790,▲+50,▲+2.81%,0,2,2,3400,1760,1840,1830,1800
TXO,202612,20261216.0,49900.0,Call,-,-,-,-,2270,-,-,0,0,0,0,2210,2310,-,-
TXO,202612,20261216.0,49900.0,Put,-,-,-,-,1840,-,-,0,0,0,0,1800,1890,-,-
TXO,202612,20261216.0,50000.0,Call,2200,2210,2190,2200,2200,▼-130,▼-5.58%,3,31,34,175,2150,2250,5000,810
TXO,202612,20261216.0,50000.0,Put,1880,1900,1870,1880,1880,▲+10,▲+0.53%,0,60,60,76,1840,1890,9900,1850
TXO,202612,20261216.0,50100.0,Call,-,-,-,-,2170,-,-,0,0,0,0,2100,2200,-,-
TXO,202612,20261216.0,50100.0,Put,-,-,-,-,1940,-,-,0,0,0,0,1890,1980,-,-
TXO,202612,20261216.0,50200.0,Call,-,-,-,-,2120,-,-,0,0,0,5,2060,2160,4800,945
TXO,202612,20261216.0,50200.0,Put,-,-,-,-,1990,-,-,0,0,0,2,1940,2030,5420,5400
TXO,202612,20261216.0,50300.0,Call,-,-,-,-,2070,-,-,0,0,0,0,2000,2100,-,-
TXO,202612,20261216.0,50300.0,Put,-,-,-,-,2040,-,-,0,0,0,0,2000,2090,-,-
TXO,202612,20261216.0,50400.0,Call,2030,2030,2030,2030,2030,▼-100,▼-4.69%,0,1,1,41,1930,2020,5200,840
TXO,202612,20261216.0,50400.0,Put,-,-,-,-,2080,-,-,0,0,0,4,2040,2130,9460,5540
TXO,202612,20261216.0,50500.0,Call,-,-,-,-,1960,-,-,0,0,0,50,1910,2000,1360,900
TXO,202612,20261216.0,50500.0,Put,-,-,-,-,2130,-,-,0,0,0,0,2080,2180,-,-
TXO,202612,20261216.0,50600.0,Call,-,-,-,-,1920,-,-,0,0,0,1,1860,1950,3640,705
TXO,202612,20261216.0,50600.0,Put,-,-,-,-,2180,-,-,0,0,0,2,2130,2230,5690,5670
TXO,202612,20261216.0,50700.0,Call,-,-,-,-,1870,-,-,0,0,0,0,1810,1900,-,-
TXO,202612,20261216.0,50700.0,Put,-,-,-,-,2230,-,-,0,0,0,0,2190,2290,-,-
TXO,202612,20261216.0,50800.0,Call,-,-,-,-,1830,-,-,0,0,0,8,1770,1850,3620,720
TXO,202612,20261216.0,50800.0,Put,-,-,-,-,2290,-,-,0,0,0,0,2250,2350,-,-
TXO,202612,20261216.0,50900.0,Call,-,-,-,-,1780,-,-,0,0,0,0,1720,1800,-,-
TXO,202612,20261216.0,50900.0,Put,-,-,-,-,2340,-,-,0,0,0,0,2300,2400,-,-
TXO,202612,20261216.0,51000.0,Call,1730,1730,1730,1730,1730,▼-120,▼-6.49%,0,1,1,34,1690,1770,4420,670
TXO,202612,20261216.0,51000.0,Put,-,-,-,-,2400,-,-,0,0,0,0,2360,2460,-,-
TXO,202612,20261216.0,51100.0,Call,1720,1720,1690,1690,1690,▼-120,▼-6.63%,0,2,2,2,1640,1720,1800,1040
TXO,202612,20261216.0,51100.0,Put,-,-,-,-,2450,-,-,0,0,0,0,2420,2510,-,-
TXO,202612,20261216.0,51200.0,Call,1670,1670,1670,1670,1670,▼-90,▼-5.11%,0,1,1,1,1600,1680,1670,950
TXO,202612,20261216.0,51200.0,Put,-,-,-,-,2510,-,-,0,0,0,0,2470,2560,-,-
TXO,202612,20261216.0,51300.0,Call,1600,1600,1600,1600,1600,▼-120,▼-6.98%,0,1,1,1,1560,1640,1600,1600
TXO,202612,20261216.0,51300.0,Put,-,-,-,-,2570,-,-,0,0,0,0,2540,2620,-,-
TXO,202612,20261216.0,51400.0,Call,1560,1560,1560,1560,1560,▼-120,▼-7.14%,0,1,1,3,1510,1590,1950,680
TXO,202612,20261216.0,51400.0,Put,-,-,-,-,2630,-,-,0,0,0,0,2590,2680,-,-
TXO,202612,20261216.0,51500.0,Call,1560,1560,1520,1520,1520,▼-120,▼-7.32%,0,6,6,5,1470,1550,1560,1520
TXO,202612,20261216.0,51500.0,Put,-,-,-,-,2690,-,-,0,0,0,0,2650,2740,-,-
TXO,202612,20261216.0,51600.0,Call,1510,1510,1480,1480,1480,▼-120,▼-7.50%,0,4,4,4,1430,1510,3280,1480
TXO,202612,20261216.0,51600.0,Put,-,-,-,-,2750,-,-,0,0,0,0,2710,2800,-,-
TXO,202612,20261216.0,51700.0,Call,1470,1470,1440,1440,1440,▼-120,▼-7.69%,0,3,3,3,1400,1480,1470,1440
TXO,202612,20261216.0,51700.0,Put,-,-,-,-,2810,-,-,0,0,0,0,2770,2860,-,-
TXO,202612,20261216.0,51800.0,Call,1430,1430,1430,1430,1430,▼-90,▼-5.92%,0,1,1,5,1360,1440,2550,510
TXO,202612,20261216.0,51800.0,Put,-,-,-,-,2870,-,-,0,0,0,0,2830,2920,-,-
TXO,202612,20261216.0,51900.0,Call,-,-,-,-,1380,-,-,0,0,0,2,1330,1410,1500,685
TXO,202612,20261216.0,51900.0,Put,-,-,-,-,2940,-,-,0,0,0,0,2890,2980,-,-
TXO,202612,20261216.0,52000.0,Call,1330,1360,1330,1360,1360,▼-80,▼-5.56%,0,9,9,568,1290,1370,3380,478
TXO,202612,20261216.0,52000.0,Put,-,-,-,-,3000,-,-,0,0,0,0,2950,3050,-,-
TXO,202612,20261216.0,52100.0,Call,-,-,-,-,1300,-,-,0,0,0,5,1250,1330,1450,500
TXO,202612,20261216.0,52100.0,Put,-,-,-,-,3060,-,-,0,0,0,0,3030,3110,-,-
TXO,202612,20261216.0,52200.0,Call,-,-,-,-,1270,-,-,0,0,0,0,1220,1300,1150,570
TXO,202612,20261216.0,52200.0,Put,-,-,-,-,3130,-,-,0,0,0,0,3080,3180,-,-
TXO,202612,20261216.0,52300.0,Call,-,-,-,-,1240,-,-,0,0,0,0,1190,1270,-,-
TXO,202612,20261216.0,52300.0,Put,-,-,-,-,3190,-,-,0,0,0,0,3160,3240,-,-
TXO,202612,20261216.0,52400.0,Call,-,-,-,-,1200,-,-,0,0,0,15,1150,1230,3950,450
TXO,202612,20261216.0,52400.0,Put,-,-,-,-,3260,-,-,0,0,0,0,3220,3310,8790,6780
TXO,202612,20261216.0,52500.0,Call,-,-,-,-,1170,-,-,0,0,0,1,1110,1190,555,555
TXO,202612,20261216.0,52500.0,Put,-,-,-,-,3330,-,-,0,0,0,0,3280,3380,-,-
TXO,202612,20261216.0,52600.0,Call,-,-,-,-,1140,-,-,0,0,0,1,1080,1160,1820,390
TXO,202612,20261216.0,52600.0,Put,-,-,-,-,3390,-,-,0,0,0,0,3360,3440,-,-
TXO,202612,20261216.0,52700.0,Call,-,-,-,-,1110,-,-,0,0,0,0,1060,1140,-,-
TXO,202612,20261216.0,52700.0,Put,-,-,-,-,3460,-,-,0,0,0,0,3420,3510,-,-
TXO,202612,20261216.0,52800.0,Call,1080,1080,1080,1080,1080,▼-80,▼-6.90%,0,1,1,6,1030,1110,2770,425
TXO,202612,20261216.0,52800.0,Put,-,-,-,-,3530,-,-,0,0,0,0,3490,-,-,-
TXO,202612,20261216.0,52900.0,Call,-,-,-,-,1050,-,-,0,0,0,0,1000,1080,-,-
TXO,202612,20261216.0,52900.0,Put,-,-,-,-,3600,-,-,0,0,0,0,3560,-,-,-
TXO,202612,20261216.0,53000.0,Call,1010,1010,1010,1010,1010,▼-90,▼-8.18%,0,5,5,398,975,1040,2970,282
TXO,202612,20261216.0,53000.0,Put,-,-,-,-,3670,-,-,0,0,0,0,3630,3720,-,-
TXO,202612,20261216.0,53100.0,Call,-,-,-,-,985,-,-,0,0,0,2,945,1010,570,565
TXO,202612,20261216.0,53100.0,Put,-,-,-,-,3740,-,-,0,0,0,0,3700,3790,-,-
TXO,202612,20261216.0,53200.0,Call,-,-,-,-,960,-,-,0,0,0,29,920,985,3950,479
TXO,202612,20261216.0,53200.0,Put,-,-,-,-,3810,-,-,0,0,0,0,3780,-,-,-
TXO,202612,20261216.0,53300.0,Call,965,965,910,945,945,▼-65,▼-6.44%,0,10,10,11,890,955,965,404
TXO,202612,20261216.0,53300.0,Put,-,-,-,-,3890,-,-,0,0,0,0,3850,3940,-,-
TXO,202612,20261216.0,53400.0,Call,-,-,-,-,905,-,-,0,0,0,2,865,930,2870,550
TXO,202612,20261216.0,53400.0,Put,-,-,-,-,3960,-,-,0,0,0,0,3920,-,-,-
TXO,202612,20261216.0,53500.0,Call,925,925,925,925,880,▼-25,▼-2.63%,0,1,1,0,840,905,925,870
TXO,202612,20261216.0,53500.0,Put,-,-,-,-,4030,-,-,0,0,0,0,3990,-,-,-
TXO,202612,20261216.0,53600.0,Call,-,-,-,-,855,-,-,0,0,0,3,810,875,900,590
TXO,202612,20261216.0,53600.0,Put,-,-,-,-,4110,-,-,0,0,0,0,4070,4160,-,-
TXO,202612,20261216.0,53700.0,Call,-,-,-,-,830,-,-,0,0,0,0,795,855,-,-
TXO,202612,20261216.0,53700.0,Put,-,-,-,-,4180,-,-,0,0,0,0,4140,4230,-,-
TXO,202612,20261216.0,53800.0,Call,-,-,-,-,805,-,-,0,0,0,2,765,825,2640,329
TXO,202612,20261216.0,53800.0,Put,-,-,-,-,4260,-,-,0,0,0,0,4220,4310,-,-
TXO,202612,20261216.0,53900.0,Call,-,-,-,-,780,-,-,0,0,0,0,745,800,-,-
TXO,202612,20261216.0,53900.0,Put,-,-,-,-,4330,-,-,0,0,0,0,4300,4390,-,-
TXO,202612,20261216.0,54000.0,Call,-,-,-,-,755,-,-,0,0,0,321,720,775,3360,210
TXO,202612,20261216.0,54000.0,Put,-,-,-,-,4410,-,-,0,0,0,0,4390,-,-,-
TXO,202612,20261216.0,54100.0,Call,-,-,-,-,735,-,-,0,0,0,0,700,755,-,-
TXO,202612,20261216.0,54100.0,Put,-,-,-,-,4490,-,-,0,0,0,0,4450,4540,-,-
TXO,202612,20261216.0,54200.0,Call,-,-,-,-,710,-,-,0,0,0,1,675,725,840,380
TXO,202612,20261216.0,54200.0,Put,-,-,-,-,4560,-,-,0,0,0,0,4530,4620,-,-
TXO,202612,20261216.0,54300.0,Call,-,-,-,-,690,-,-,0,0,0,1,660,710,407,407
TXO,202612,20261216.0,54300.0,Put,-,-,-,-,4640,-,-,0,0,0,0,4610,4700,-,-
TXO,202612,20261216.0,54400.0,Call,-,-,-,-,670,-,-,0,0,0,4,640,690,2050,220
TXO,202612,20261216.0,54400.0,Put,-,-,-,-,4720,-,-,0,0,0,0,4680,4780,-,-
TXO,202612,20261216.0,54500.0,Call,-,-,-,-,640,-,-,0,0,0,1,615,660,430,311
TXO,202612,20261216.0,54500.0,Put,-,-,-,-,4790,-,-,0,0,0,0,4760,4860,-,-
TXO,202612,20261216.0,54600.0,Call,-,-,-,-,625,-,-,0,0,0,1,600,645,1420,243
TXO,202612,20261216.0,54600.0,Put,-,-,-,-,4880,-,-,0,0,0,0,4840,4940,-,-
TXO,202612,20261216.0,54700.0,Call,-,-,-,-,610,-,-,0,0,0,0,580,625,-,-
TXO,202612,20261216.0,54700.0,Put,-,-,-,-,4960,-,-,0,0,0,0,4930,-,-,-
TXO,202612,20261216.0,54800.0,Call,-,-,-,-,590,-,-,0,0,0,12,565,610,3060,184
TXO,202612,20261216.0,54800.0,Put,-,-,-,-,5040,-,-,0,0,0,0,5010,-,-,-
TXO,202612,20261216.0,54900.0,Call,-,-,-,-,580,-,-,0,0,0,0,550,590,-,-
TXO,202612,20261216.0,54900.0,Put,-,-,-,-,5120,-,-,0,0,0,0,5090,-,-,-
TXO,202612,20261216.0,55000.0,Call,565,575,565,575,575,▼-35,▼-5.74%,0,2,2,48,530,570,2920,153
TXO,202612,20261216.0,55000.0,Put,-,-,-,-,5200,-,-,0,0,0,0,5170,5270,-,-
TXO,202612,20261216.0,55100.0,Call,-,-,-,-,540,-,-,0,0,0,0,515,555,-,-
TXO,202612,20261216.0,55100.0,Put,-,-,-,-,5290,-,-,0,0,0,0,5260,5350,-,-
TXO,202612,20261216.0,55200.0,Call,-,-,-,-,520,-,-,0,0,0,1,497,535,1980,207
TXO,202612,20261216.0,55200.0,Put,-,-,-,-,5370,-,-,0,0,0,0,5340,-,-,-
TXO,202612,20261216.0,55300.0,Call,-,-,-,-,505,-,-,0,0,0,0,481,520,-,-
TXO,202612,20261216.0,55300.0,Put,-,-,-,-,5450,-,-,0,0,0,0,-,5520,-,-
TXO,202612,20261216.0,55400.0,Call,-,-,-,-,489,-,-,0,0,0,5,466,505,2930,228
TXO,202612,20261216.0,55400.0,Put,-,-,-,-,5540,-,-,0,0,0,0,5500,-,-,-
TXO,202612,20261216.0,55500.0,Call,-,-,-,-,474,-,-,0,0,0,0,451,491,-,-
TXO,202612,20261216.0,55500.0,Put,-,-,-,-,5620,-,-,0,0,0,0,5590,5690,-,-
TXO,202612,20261216.0,55600.0,Call,-,-,-,-,462,-,-,0,0,0,40,439,479,2150,120
TXO,202612,20261216.0,55600.0,Put,-,-,-,-,5710,-,-,0,0,0,0,5680,-,-,-
TXO,202612,20261216.0,55700.0,Call,-,-,-,-,448,-,-,0,0,0,2,422,462,400,400
TXO,202612,20261216.0,55700.0,Put,-,-,-,-,5790,-,-,0,0,0,0,5760,-,-,-
TXO,202612,20261216.0,55800.0,Call,-,-,-,-,435,-,-,0,0,0,17,408,448,3020,140
TXO,202612,20261216.0,55800.0,Put,-,-,-,-,5880,-,-,0,0,0,0,5840,5950,-,-
TXO,202612,20261216.0,55900.0,Call,-,-,-,-,422,-,-,0,0,0,0,400,439,-,-
TXO,202612,20261216.0,55900.0,Put,-,-,-,-,5970,-,-,0,0,0,0,5930,-,-,-
TXO,202612,20261216.0,56000.0,Call,-,-,-,-,408,-,-,0,0,0,11,386,419,2170,130
TXO,202612,20261216.0,56000.0,Put,-,-,-,-,6050,-,-,0,0,0,0,6020,-,-,-
TXO,202612,20261216.0,56100.0,Call,-,-,-,-,395,-,-,0,0,0,0,373,406,-,-
TXO,202612,20261216.0,56100.0,Put,-,-,-,-,6140,-,-,0,0,0,0,6100,6210,-,-
TXO,202612,20261216.0,56200.0,Call,-,-,-,-,382,-,-,0,0,0,9,364,394,1900,101
TXO,202612,20261216.0,56200.0,Put,-,-,-,-,6230,-,-,0,0,0,0,6190,6300,-,-
TXO,202612,20261216.0,56300.0,Call,-,-,-,-,370,-,-,0,0,0,0,350,380,-,-
TXO,202612,20261216.0,56300.0,Put,-,-,-,-,6310,-,-,0,0,0,0,6280,6400,-,-
TXO,202612,20261216.0,56400.0,Call,-,-,-,-,358,-,-,0,0,0,1,339,369,1770,105
TXO,202612,20261216.0,56400.0,Put,-,-,-,-,6400,-,-,0,0,0,0,-,-,-,-
TXO,202612,20261216.0,56500.0,Call,-,-,-,-,346,-,-,0,0,0,0,328,355,-,-
TXO,202612,20261216.0,56500.0,Put,-,-,-,-,6490,-,-,0,0,0,0,6450,6570,-,-
TXO,202612,20261216.0,56600.0,Call,-,-,-,-,335,-,-,0,0,0,1,318,345,495,97
TXO,202612,20261216.0,56600.0,Put,-,-,-,-,6580,-,-,0,0,0,0,6540,6660,-,-
TXO,202612,20261216.0,56700.0,Call,-,-,-,-,324,-,-,0,0,0,0,308,335,-,-
TXO,202612,20261216.0,56700.0,Put,-,-,-,-,6670,-,-,0,0,0,0,6640,6750,-,-
TXO,202612,20261216.0,56800.0,Call,-,-,-,-,315,-,-,0,0,0,1,300,327,1830,178
TXO,202612,20261216.0,56800.0,Put,-,-,-,-,6760,-,-,0,0,0,0,6720,6840,-,-
TXO,202612,20261216.0,56900.0,Call,-,-,-,-,305,-,-,0,0,0,0,289,314,-,-
TXO,202612,20261216.0,56900.0,Put,-,-,-,-,6850,-,-,0,0,0,0,6820,6930,-,-
TXO,202612,20261216.0,57000.0,Call,-,-,-,-,295,-,-,1,0,1,610,280,305,2500,110
TXO,202612,20261216.0,57000.0,Put,-,-,-,-,6940,-,-,0,0,0,0,6900,-,-,-
TXO,202612,20261216.0,57100.0,Call,-,-,-,-,286,-,-,0,0,0,0,270,295,-,-
TXO,202612,20261216.0,57100.0,Put,-,-,-,-,7030,-,-,0,0,0,0,7000,7110,-,-
TXO,202612,20261216.0,57200.0,Call,-,-,-,-,276,-,-,0,0,0,5,262,287,1880,130
TXO,202612,20261216.0,57200.0,Put,-,-,-,-,7120,-,-,0,0,0,120,7080,7270,11110,7300
TXO,202612,20261216.0,57300.0,Call,-,-,-,-,267,-,-,0,0,0,0,253,278,-,-
TXO,202612,20261216.0,57300.0,Put,-,-,-,-,7210,-,-,0,0,0,0,7170,7290,-,-
TXO,202612,20261216.0,57400.0,Call,260,261,260,261,261,▼-19,▼-6.79%,0,2,2,276,245,255,1870,21
TXO,202612,20261216.0,57400.0,Put,-,-,-,-,7300,-,-,0,0,0,0,7270,-,-,-
TXO,202703,20270317.0,31800.0,Call,-,-,-,-,19000,-,-,0,0,0,5,18850,19340,19260,15660
TXO,202703,20270317.0,31800.0,Put,107,107,107,107,103,▲+9,▲+9.18%,1,23,24,78,98,108,1020,100
TXO,202703,20270317.0,32000.0,Call,-,-,-,-,18800,-,-,0,0,0,0,-,19090,-,-
TXO,202703,20270317.0,32000.0,Put,-,-,-,-,106,-,-,0,0,0,19,100,113,1360,103
TXO,202703,20270317.0,32200.0,Call,-,-,-,-,18600,-,-,0,0,0,0,-,18800,-,-
TXO,202703,20270317.0,32200.0,Put,-,-,-,-,107,-,-,0,0,0,2,100,115,265,100
TXO,202703,20270317.0,32400.0,Call,-,-,-,-,18410,-,-,0,0,0,0,-,18600,-,-
TXO,202703,20270317.0,32400.0,Put,-,-,-,-,108,-,-,0,0,0,0,100,117,331,290
TXO,202703,20270317.0,32600.0,Call,-,-,-,-,18210,-,-,0,0,0,0,-,18420,-,-
TXO,202703,20270317.0,32600.0,Put,-,-,-,-,111,-,-,0,0,0,1,103,120,375,137
TXO,202703,20270317.0,32800.0,Call,-,-,-,-,18010,-,-,0,0,0,0,-,18200,-,-
TXO,202703,20270317.0,32800.0,Put,-,-,-,-,113,-,-,0,0,0,1,105,122,415,120
TXO,202703,20270317.0,33000.0,Call,-,-,-,-,17820,-,-,0,0,0,0,-,18120,-,-
TXO,202703,20270317.0,33000.0,Put,-,-,-,-,116,-,-,0,0,0,11,108,124,469,110
TXO,202703,20270317.0,33200.0,Call,-,-,-,-,17620,-,-,0,0,0,0,-,17810,-,-
TXO,202703,20270317.0,33200.0,Put,-,-,-,-,118,-,-,0,0,0,2,110,127,1690,154
TXO,202703,20270317.0,33400.0,Call,-,-,-,-,17430,-,-,0,0,0,0,17350,17690,-,-
TXO,202703,20270317.0,33400.0,Put,-,-,-,-,121,-,-,0,0,0,0,113,130,-,-
TXO,202703,20270317.0,33600.0,Call,-,-,-,-,17230,-,-,0,0,0,0,-,17530,-,-
TXO,202703,20270317.0,33600.0,Put,-,-,-,-,124,-,-,0,0,0,1,116,133,935,184
TXO,202703,20270317.0,33800.0,Call,-,-,-,-,17040,-,-,0,0,0,0,-,17250,-,-
TXO,202703,20270317.0,33800.0,Put,138,138,138,138,126,▲+15,▲+12.20%,0,10,10,11,118,135,1850,120
TXO,202703,20270317.0,34000.0,Call,-,-,-,-,16840,-,-,0,0,0,0,-,17110,-,-
TXO,202703,20270317.0,34000.0,Put,-,-,-,-,130,-,-,0,0,0,7,121,139,1420,149
TXO,202703,20270317.0,34200.0,Call,-,-,-,-,16650,-,-,0,0,0,0,-,16900,-,-
TXO,202703,20270317.0,34200.0,Put,-,-,-,-,133,-,-,0,0,0,1,124,142,1390,243
TXO,202703,20270317.0,34400.0,Call,-,-,-,-,16450,-,-,0,0,0,0,-,16640,-,-
TXO,202703,20270317.0,34400.0,Put,-,-,-,-,136,-,-,0,0,0,0,127,145,-,-
TXO,202703,20270317.0,34600.0,Call,-,-,-,-,16260,-,-,0,0,0,0,-,16440,13810,12940
TXO,202703,20270317.0,34600.0,Put,-,-,-,-,140,-,-,0,0,0,3,131,149,915,190
TXO,202703,20270317.0,34800.0,Call,-,-,-,-,16060,-,-,0,0,0,0,-,16220,-,-
TXO,202703,20270317.0,34800.0,Put,-,-,-,-,143,-,-,0,0,0,2,134,153,1000,144
TXO,202703,20270317.0,35000.0,Call,-,-,-,-,15870,-,-,0,0,0,0,-,16050,-,-
TXO,202703,20270317.0,35000.0,Put,-,-,-,-,146,-,-,0,0,0,39,137,157,1600,148
TXO,202703,20270317.0,35200.0,Call,-,-,-,-,15670,-,-,0,0,0,0,-,15850,-,-
TXO,202703,20270317.0,35200.0,Put,-,-,-,-,150,-,-,0,0,0,3,141,161,515,290
TXO,202703,20270317.0,35400.0,Call,-,-,-,-,15480,-,-,0,0,0,0,-,15660,-,-
TXO,202703,20270317.0,35400.0,Put,-,-,-,-,155,-,-,0,0,0,10,145,166,695,193
TXO,202703,20270317.0,35600.0,Call,-,-,-,-,15290,-,-,0,0,0,0,-,15460,-,-
TXO,202703,20270317.0,35600.0,Put,-,-,-,-,161,-,-,0,0,0,27,151,173,2340,155
TXO,202703,20270317.0,35800.0,Call,-,-,-,-,15090,-,-,0,0,0,0,-,15260,-,-
TXO,202703,20270317.0,35800.0,Put,-,-,-,-,164,-,-,0,0,0,0,153,176,2050,201
TXO,202703,20270317.0,36000.0,Call,-,-,-,-,14900,-,-,0,0,0,0,-,15140,-,-
TXO,202703,20270317.0,36000.0,Put,-,-,-,-,169,-,-,0,0,0,59,158,181,2380,165
TXO,202703,20270317.0,36200.0,Call,-,-,-,-,14700,-,-,0,0,0,0,-,14870,-,-
TXO,202703,20270317.0,36200.0,Put,-,-,-,-,174,-,-,0,0,0,1,163,187,2050,173
TXO,202703,20270317.0,36400.0,Call,-,-,-,-,14510,-,-,0,0,0,0,-,14660,-,-
TXO,202703,20270317.0,36400.0,Put,-,-,-,-,180,-,-,0,0,0,2,168,194,1800,199
TXO,202703,20270317.0,36600.0,Call,-,-,-,-,14320,-,-,0,0,0,4,14180,14520,13790,11300
TXO,202703,20270317.0,36600.0,Put,-,-,-,-,186,-,-,0,0,0,15,173,200,2780,204
TXO,202703,20270317.0,36800.0,Call,-,-,-,-,14130,-,-,0,0,0,0,-,14330,-,-
TXO,202703,20270317.0,36800.0,Put,-,-,-,-,192,-,-,0,0,0,1,179,207,1990,284
TXO,202703,20270317.0,37000.0,Call,-,-,-,-,13940,-,-,0,0,0,0,-,14100,-,-
TXO,202703,20270317.0,37000.0,Put,-,-,-,-,199,-,-,20,0,20,12,185,215,2340,215
TXO,202703,20270317.0,37200.0,Call,-,-,-,-,13740,-,-,0,0,0,0,-,13900,-,-
TXO,202703,20270317.0,37200.0,Put,-,-,-,-,206,-,-,0,0,0,2,192,222,1160,256
TXO,202703,20270317.0,37400.0,Call,-,-,-,-,13560,-,-,0,0,0,0,-,13690,-,-
TXO,202703,20270317.0,37400.0,Put,-,-,-,-,216,-,-,0,0,0,2,201,232,2000,231
TXO,202703,20270317.0,37600.0,Call,-,-,-,-,13360,-,-,0,0,0,0,-,13520,-,-
TXO,202703,20270317.0,37600.0,Put,-,-,-,-,222,-,-,0,0,0,4,206,239,3020,293
TXO,202703,20270317.0,37800.0,Call,-,-,-,-,13170,-,-,0,0,0,0,-,13330,-,-
TXO,202703,20270317.0,37800.0,Put,-,-,-,-,231,-,-,0,0,0,3,214,249,1150,241
TXO,202703,20270317.0,38000.0,Call,-,-,-,-,12990,-,-,0,0,0,1,12900,13130,11830,11830
TXO,202703,20270317.0,38000.0,Put,-,-,-,-,245,-,-,1,0,1,47,228,263,2600,239
TXO,202703,20270317.0,38200.0,Call,-,-,-,-,12790,-,-,0,0,0,0,12710,12920,-,-
TXO,202703,20270317.0,38200.0,Put,-,-,-,-,249,-,-,0,0,0,1,232,267,1230,482
TXO,202703,20270317.0,38400.0,Call,-,-,-,-,12610,-,-,0,0,0,0,-,12780,12380,10180
TXO,202703,20270317.0,38400.0,Put,-,-,-,-,259,-,-,0,0,0,2,242,277,1270,695
TXO,202703,20270317.0,38600.0,Call,-,-,-,-,12420,-,-,0,0,0,0,12340,12600,-,-
TXO,202703,20270317.0,38600.0,Put,-,-,-,-,275,-,-,0,0,0,3,259,292,2090,480
TXO,202703,20270317.0,38800.0,Call,-,-,-,-,12230,-,-,0,0,0,0,-,12410,-,-
TXO,202703,20270317.0,38800.0,Put,-,-,-,-,279,-,-,0,0,0,1,263,298,2560,680
TXO,202703,20270317.0,39000.0,Call,-,-,-,-,12040,-,-,0,0,0,0,11960,12230,-,-
TXO,202703,20270317.0,39000.0,Put,-,-,-,-,291,-,-,0,0,0,7,275,310,3400,380
TXO,202703,20270317.0,39200.0,Call,-,-,-,-,11860,-,-,0,0,0,0,11780,12030,-,-
TXO,202703,20270317.0,39200.0,Put,-,-,-,-,304,-,-,0,0,0,1,288,323,2680,1450
TXO,202703,20270317.0,39400.0,Call,-,-,-,-,11670,-,-,0,0,0,0,11590,11810,-,-
TXO,202703,20270317.0,39400.0,Put,-,-,-,-,317,-,-,0,0,0,4,301,336,2740,640
TXO,202703,20270317.0,39600.0,Call,-,-,-,-,11490,-,-,0,0,0,0,11390,11600,-,-
TXO,202703,20270317.0,39600.0,Put,-,-,-,-,330,-,-,0,0,0,6,314,349,2830,840
TXO,202703,20270317.0,39800.0,Call,-,-,-,-,11300,-,-,0,0,0,0,11220,11430,-,-
TXO,202703,20270317.0,39800.0,Put,-,-,-,-,345,-,-,0,0,0,3,329,364,3000,605
TXO,202703,20270317.0,40000.0,Call,-,-,-,-,11120,-,-,0,0,0,2,10970,11300,11530,6000
TXO,202703,20270317.0,40000.0,Put,-,-,-,-,360,-,-,0,0,0,42,344,379,4200,375
TXO,202703,20270317.0,40200.0,Call,-,-,-,-,10940,-,-,0,0,0,0,10840,11060,-,-
TXO,202703,20270317.0,40200.0,Put,-,-,-,-,377,-,-,0,0,0,5,361,396,2460,381
TXO,202703,20270317.0,40400.0,Call,-,-,-,-,10760,-,-,0,0,0,0,-,10870,6450,5300
TXO,202703,20270317.0,40400.0,Put,-,-,-,-,394,-,-,0,0,0,3,378,413,1760,477
TXO,202703,20270317.0,40600.0,Call,-,-,-,-,10580,-,-,0,0,0,0,-,10710,6950,5530
TXO,202703,20270317.0,40600.0,Put,-,-,-,-,412,-,-,0,0,0,0,389,424,-,-
TXO,202703,20270317.0,40800.0,Call,-,-,-,-,10400,-,-,0,0,0,1,10260,10510,10400,10400
TXO,202703,20270317.0,40800.0,Put,-,-,-,-,430,-,-,0,0,0,3,409,454,4650,525
TXO,202703,20270317.0,41000.0,Call,-,-,-,-,10220,-,-,0,0,0,0,10120,10330,8000,5380
TXO,202703,20270317.0,41000.0,Put,-,-,-,-,450,-,-,0,0,0,2,429,474,4540,477
TXO,202703,20270317.0,41200.0,Call,-,-,-,-,10040,-,-,0,0,0,0,9960,10150,-,-
TXO,202703,20270317.0,41200.0,Put,-,-,-,-,470,-,-,0,0,0,2,449,494,3000,640
TXO,202703,20270317.0,41400.0,Call,-,-,-,-,9860,-,-,0,0,0,0,9780,10000,-,-
TXO,202703,20270317.0,41400.0,Put,-,-,-,-,491,-,-,0,0,0,3,470,515,2050,980
TXO,202703,20270317.0,41600.0,Call,-,-,-,-,9690,-,-,0,0,0,0,9590,9800,-,-
TXO,202703,20270317.0,41600.0,Put,-,-,-,-,515,-,-,0,0,0,0,495,540,3390,1120
TXO,202703,20270317.0,41800.0,Call,-,-,-,-,9510,-,-,0,0,0,0,-,9610,-,-
TXO,202703,20270317.0,41800.0,Put,-,-,-,-,535,-,-,0,0,0,1,515,560,3200,2180
TXO,202703,20270317.0,42000.0,Call,-,-,-,-,9340,-,-,0,0,0,1,9240,9460,11500,4800
TXO,202703,20270317.0,42000.0,Put,-,-,-,-,565,-,-,0,0,0,10,545,590,4320,590
TXO,202703,20270317.0,42200.0,Call,-,-,-,-,9170,-,-,0,0,0,0,-,9260,-,-
TXO,202703,20270317.0,42200.0,Put,-,-,-,-,590,-,-,0,0,0,1,565,615,2260,2260
TXO,202703,20270317.0,42400.0,Call,-,-,-,-,9000,-,-,0,0,0,0,-,9120,-,-
TXO,202703,20270317.0,42400.0,Put,-,-,-,-,620,-,-,0,0,0,1,595,645,2370,2370
TXO,202703,20270317.0,42600.0,Call,-,-,-,-,8830,-,-,0,0,0,1,8720,8940,6610,6610
TXO,202703,20270317.0,42600.0,Put,-,-,-,-,645,-,-,0,0,0,1,620,675,2440,2440
TXO,202703,20270317.0,42800.0,Call,-,-,-,-,8660,-,-,0,0,0,1,8560,8770,6480,6480
TXO,202703,20270317.0,42800.0,Put,-,-,-,-,675,-,-,0,0,0,1,650,705,2690,2510
TXO,202703,20270317.0,43000.0,Call,-,-,-,-,8490,-,-,0,0,0,0,8390,8590,-,-
TXO,202703,20270317.0,43000.0,Put,-,-,-,-,710,-,-,0,0,0,2,675,735,4720,980
TXO,202703,20270317.0,43200.0,Call,-,-,-,-,8330,-,-,0,0,0,1,8240,8430,6230,6230
TXO,202703,20270317.0,43200.0,Put,-,-,-,-,745,-,-,0,0,0,1,715,775,2660,2660
TXO,202703,20270317.0,43400.0,Call,-,-,-,-,8170,-,-,0,0,0,1,8080,8250,6110,6110
TXO,202703,20270317.0,43400.0,Put,-,-,-,-,775,-,-,0,0,0,1,740,805,3730,3730
TXO,202703,20270317.0,43600.0,Call,-,-,-,-,8000,-,-,0,0,0,1,7870,8080,5980,5980
TXO,202703,20270317.0,43600.0,Put,-,-,-,-,810,-,-,0,0,0,0,780,850,6100,3200
TXO,202703,20270317.0,43800.0,Call,-,-,-,-,7830,-,-,0,0,0,0,-,7920,-,-
TXO,202703,20270317.0,43800.0,Put,-,-,-,-,840,-,-,0,0,0,2,810,880,5820,830
TXO,202703,20270317.0,44000.0,Call,-,-,-,-,7680,-,-,0,0,0,13,7540,7780,9500,5370
TXO,202703,20270317.0,44000.0,Put,-,-,-,-,880,-,-,0,0,0,21,845,915,5230,900
TXO,202703,20270317.0,44200.0,Call,-,-,-,-,7520,-,-,0,0,0,2,7410,7600,6100,3340
TXO,202703,20270317.0,44200.0,Put,-,-,-,-,920,-,-,0,0,0,1,890,960,3040,3040
TXO,202703,20270317.0,44400.0,Call,-,-,-,-,7360,-,-,0,0,0,1,7280,7460,5740,5140
TXO,202703,20270317.0,44400.0,Put,-,-,-,-,960,-,-,0,0,0,1,930,1000,3130,1920
TXO,202703,20270317.0,44600.0,Call,-,-,-,-,7200,-,-,0,0,0,2,7120,7300,5300,3600
TXO,202703,20270317.0,44600.0,Put,-,-,-,-,1000,-,-,0,0,0,1,975,1040,3210,1990
TXO,202703,20270317.0,44800.0,Call,-,-,-,-,7050,-,-,0,0,0,1,6970,7150,4880,4470
TXO,202703,20270317.0,44800.0,Put,-,-,-,-,1050,-,-,0,0,0,6,1010,1100,5330,1100
TXO,202703,20270317.0,45000.0,Call,-,-,-,-,6890,-,-,0,0,0,1,6780,7000,5850,3280
TXO,202703,20270317.0,45000.0,Put,1060,1060,1060,1060,1090,▼-60,▼-5.36%,0,1,1,4,1050,1140,5500,1060
TXO,202703,20270317.0,45200.0,Call,-,-,-,-,6750,-,-,0,0,0,2,6620,6830,5400,4800
TXO,202703,20270317.0,45200.0,Put,-,-,-,-,1140,-,-,0,0,0,1,1100,1190,3470,3470
TXO,202703,20270317.0,45400.0,Call,-,-,-,-,6600,-,-,0,0,0,1,6480,6680,4940,4000
TXO,202703,20270317.0,45400.0,Put,-,-,-,-,1190,-,-,0,0,0,2,1150,1240,3560,2900
TXO,202703,20270317.0,45600.0,Call,-,-,-,-,6450,-,-,0,0,0,1,6370,6530,4850,4850
TXO,202703,20270317.0,45600.0,Put,-,-,-,-,1250,-,-,0,0,0,1,1200,1290,3650,3650
TXO,202703,20270317.0,45800.0,Call,-,-,-,-,6310,-,-,0,0,0,2,6200,6390,4720,3880
TXO,202703,20270317.0,45800.0,Put,-,-,-,-,1300,-,-,0,0,0,1,1260,1350,3740,3740
TXO,202703,20270317.0,46000.0,Call,-,-,-,-,6170,-,-,0,0,0,5,6080,6240,8000,3110
TXO,202703,20270317.0,46000.0,Put,-,-,-,-,1360,-,-,0,0,0,9,1300,1390,5700,1360
TXO,202703,20270317.0,46200.0,Call,-,-,-,-,6020,-,-,0,0,0,1,5910,6100,4510,4510
TXO,202703,20270317.0,46200.0,Put,-,-,-,-,1410,-,-,0,0,0,1,1370,1460,3930,3930
TXO,202703,20270317.0,46400.0,Call,-,-,-,-,5870,-,-,0,0,0,1,5770,5960,4410,4410
TXO,202703,20270317.0,46400.0,Put,-,-,-,-,1460,-,-,0,0,0,1,1420,1510,4020,4020
TXO,202703,20270317.0,46600.0,Call,-,-,-,-,5740,-,-,0,0,0,2,5630,5820,7460,7430
TXO,202703,20270317.0,46600.0,Put,-,-,-,-,1520,-,-,0,0,0,1,1480,1570,4120,4120
TXO,202703,20270317.0,46800.0,Call,-,-,-,-,5600,-,-,0,0,0,8,5500,5680,4200,3240
TXO,202703,20270317.0,46800.0,Put,-,-,-,-,1580,-,-,0,0,0,1,1540,1630,4220,4220
TXO,202703,20270317.0,47000.0,Call,-,-,-,-,5470,-,-,0,0,0,150,5390,5550,7200,3150
TXO,202703,20270317.0,47000.0,Put,-,-,-,-,1650,-,-,0,0,0,52,1610,1700,4780,2680
TXO,202703,20270317.0,47200.0,Call,-,-,-,-,5340,-,-,0,0,0,1,5250,5410,4010,4010
TXO,202703,20270317.0,47200.0,Put,-,-,-,-,1720,-,-,0,0,0,1,1670,1770,4420,4420
TXO,202703,20270317.0,47400.0,Call,-,-,-,-,5200,-,-,0,0,0,1,5100,5340,3910,3910
TXO,202703,20270317.0,47400.0,Put,-,-,-,-,1780,-,-,0,0,0,4,1730,1830,4430,2000
TXO,202703,20270317.0,47600.0,Call,-,-,-,-,5070,-,-,0,0,0,1,4970,5200,3510,3510
TXO,202703,20270317.0,47600.0,Put,-,-,-,-,1850,-,-,0,0,0,3,1800,1900,4630,4530
TXO,202703,20270317.0,47800.0,Call,-,-,-,-,4940,-,-,0,0,0,1,4830,5070,3720,3720
TXO,202703,20270317.0,47800.0,Put,-,-,-,-,1910,-,-,0,0,0,3,1860,1970,4740,4640
TXO,202703,20270317.0,48000.0,Call,-,-,-,-,4810,-,-,0,0,0,53,4690,4940,4790,2960
TXO,202703,20270317.0,48000.0,Put,-,-,-,-,1980,-,-,0,0,0,62,1930,2040,8820,2460
TXO,202703,20270317.0,48200.0,Call,-,-,-,-,4680,-,-,0,0,0,3,4590,4810,3860,3530
TXO,202703,20270317.0,48200.0,Put,-,-,-,-,2050,-,-,0,0,0,4,2000,2120,4870,2680
TXO,202703,20270317.0,48400.0,Call,-,-,-,-,4570,-,-,0,0,0,3,4470,4690,7100,2350
TXO,202703,20270317.0,48400.0,Put,-,-,-,-,2130,-,-,0,0,0,1,2080,2200,4980,4980
TXO,202703,20270317.0,48600.0,Call,-,-,-,-,4450,-,-,0,0,0,5,4350,4570,6300,2140
TXO,202703,20270317.0,48600.0,Put,-,-,-,-,2210,-,-,0,0,0,2,2160,2280,5100,2400
TXO,202703,20270317.0,48800.0,Call,4300,4300,4270,4270,4320,▼-140,▼-3.17%,0,20,20,11,4200,4380,4300,2260
TXO,202703,20270317.0,48800.0,Put,-,-,-,-,2280,-,-,0,0,0,1,2230,2350,5210,5210
TXO,202703,20270317.0,49000.0,Call,4150,4150,4150,4150,4200,▼-150,▼-3.49%,0,10,10,12,4090,4320,6150,2040
TXO,202703,20270317.0,49000.0,Put,-,-,-,-,2370,-,-,0,0,0,6,2300,2420,6880,3700
TXO,202703,20270317.0,49200.0,Call,-,-,-,-,4090,-,-,0,0,0,5,3960,4150,6280,2000
TXO,202703,20270317.0,49200.0,Put,-,-,-,-,2450,-,-,0,0,0,1,2380,2520,5440,4610
TXO,202703,20270317.0,49400.0,Call,-,-,-,-,3980,-,-,2,0,2,1,3860,4080,5760,2950
TXO,202703,20270317.0,49400.0,Put,-,-,-,-,2540,-,-,0,0,0,1,2460,2600,5560,5560
TXO,202703,20270317.0,49600.0,Call,-,-,-,-,3870,-,-,0,0,0,1,3770,3970,3030,3030
TXO,202703,20270317.0,49600.0,Put,-,-,-,-,2630,-,-,0,0,0,1,2550,2690,5680,5680
TXO,202703,20270317.0,49800.0,Call,-,-,-,-,3770,-,-,0,0,0,2,3660,3860,2950,2770
TXO,202703,20270317.0,49800.0,Put,-,-,-,-,2720,-,-,0,0,0,1,2660,2800,5800,5800
TXO,202703,20270317.0,50000.0,Call,-,-,-,-,3650,-,-,0,0,0,72,3550,3730,7300,1800
TXO,202703,20270317.0,50000.0,Put,-,-,-,-,2800,-,-,0,0,0,21,2710,2870,10120,4100
TXO,202703,20270317.0,50200.0,Call,-,-,-,-,3530,-,-,0,0,0,2,3430,3630,5650,1610
TXO,202703,20270317.0,50200.0,Put,-,-,-,-,2880,-,-,0,0,0,1,2810,2970,6050,6050
TXO,202703,20270317.0,50400.0,Call,-,-,-,-,3430,-,-,0,0,0,0,3340,3530,2880,1750
TXO,202703,20270317.0,50400.0,Put,-,-,-,-,2980,-,-,0,0,0,1,2910,3070,6200,6200
TXO,202703,20270317.0,50600.0,Call,3250,3360,3250,3360,3330,▼-70,▼-2.04%,0,2,2,0,3230,3410,3360,2240
TXO,202703,20270317.0,50600.0,Put,-,-,-,-,3080,-,-,0,0,0,1,3000,3180,6300,6300
TXO,202703,20270317.0,50800.0,Call,-,-,-,-,3230,-,-,0,0,0,2,3130,3310,2580,1770
TXO,202703,20270317.0,50800.0,Put,-,-,-,-,3180,-,-,0,0,0,1,3100,3280,6430,6430
TXO,202703,20270317.0,51000.0,Call,-,-,-,-,3130,-,-,0,0,0,1426,3020,3200,6190,1480
TXO,202703,20270317.0,51000.0,Put,-,-,-,-,3280,-,-,0,0,0,4,3180,3350,6560,5680
TXO,202703,20270317.0,51200.0,Call,-,-,-,-,3030,-,-,0,0,0,2,2940,3100,3190,1560
TXO,202703,20270317.0,51200.0,Put,-,-,-,-,3370,-,-,0,0,0,1,3280,3460,6690,6690
TXO,202703,20270317.0,51400.0,Call,-,-,-,-,2940,-,-,0,0,0,0,2850,3010,5950,1480
TXO,202703,20270317.0,51400.0,Put,-,-,-,-,3480,-,-,0,0,0,1,3390,3580,6830,6830
TXO,202703,20270317.0,51600.0,Call,-,-,-,-,2850,-,-,0,0,0,3,2750,2910,5400,1490
TXO,202703,20270317.0,51600.0,Put,-,-,-,-,3590,-,-,0,0,0,1,3490,3690,6960,6960
TXO,202703,20270317.0,51800.0,Call,-,-,-,-,2760,-,-,0,0,0,1,2670,2830,4720,4600
TXO,202703,20270317.0,51800.0,Put,-,-,-,-,3700,-,-,0,0,0,1,3600,3800,7090,7090
TXO,202703,20270317.0,52000.0,Call,2600,2600,2600,2600,2670,▼-160,▼-5.80%,0,1,1,11,2580,2720,5800,1340
TXO,202703,20270317.0,52000.0,Put,-,-,-,-,3810,-,-,0,0,0,1,3710,3870,7230,7230
TXO,202703,20270317.0,52200.0,Call,-,-,-,-,2580,-,-,0,0,0,1,2500,2640,2120,2120
TXO,202703,20270317.0,52200.0,Put,-,-,-,-,3920,-,-,0,0,0,1,3840,4040,7370,7370
TXO,202703,20270317.0,52400.0,Call,-,-,-,-,2500,-,-,0,0,0,11,2410,2550,4900,1280
TXO,202703,20270317.0,52400.0,Put,-,-,-,-,4030,-,-,0,0,0,1,3960,4130,7510,7510
TXO,202703,20270317.0,52600.0,Call,-,-,-,-,2420,-,-,0,0,0,1,2340,2480,2230,1330
TXO,202703,20270317.0,52600.0,Put,-,-,-,-,4150,-,-,0,0,0,1,4060,4250,7650,7650
TXO,202703,20270317.0,52800.0,Call,-,-,-,-,2330,-,-,0,0,0,0,2260,2380,4470,1190
TXO,202703,20270317.0,52800.0,Put,-,-,-,-,4260,-,-,0,0,0,1,4180,4370,7790,7790
TXO,202703,20270317.0,53000.0,Call,-,-,-,-,2250,-,-,0,0,0,13,2180,2300,4850,1050
TXO,202703,20270317.0,53000.0,Put,-,-,-,-,4380,-,-,0,0,0,0,4320,4490,-,-
TXO,202703,20270317.0,53200.0,Call,-,-,-,-,2180,-,-,0,0,0,3,2110,2230,4700,1210
TXO,202703,20270317.0,53200.0,Put,-,-,-,-,4510,-,-,0,0,0,1,4440,4620,8070,8070
TXO,202703,20270317.0,53400.0,Call,-,-,-,-,2110,-,-,0,0,0,6,2040,2160,1860,980
TXO,202703,20270317.0,53400.0,Put,-,-,-,-,4630,-,-,0,0,0,1,4570,4740,8400,8220
TXO,202703,20270317.0,53600.0,Call,2030,2030,2030,2030,2030,▼-90,▼-4.25%,0,1,1,2,1970,2080,2030,1120
TXO,202703,20270317.0,53600.0,Put,-,-,-,-,4760,-,-,0,0,0,0,4700,4870,-,-
TXO,202703,20270317.0,53800.0,Call,-,-,-,-,1970,-,-,0,0,0,1,1910,2020,4600,880
TXO,202703,20270317.0,53800.0,Put,-,-,-,-,4900,-,-,0,0,0,0,4810,5000,-,-
TXO,202703,20270317.0,54000.0,Call,-,-,-,-,1900,-,-,0,0,0,11,1840,1950,4820,800
TXO,202703,20270317.0,54000.0,Put,-,-,-,-,5020,-,-,0,0,0,0,4950,5130,-,-
TXO,202703,20270317.0,54200.0,Call,-,-,-,-,1840,-,-,0,0,0,3,1780,1880,1770,855
TXO,202703,20270317.0,54200.0,Put,-,-,-,-,5160,-,-,0,0,0,0,5090,5260,-,-
TXO,202703,20270317.0,54400.0,Call,1770,1770,1770,1770,1770,▼-90,▼-4.84%,0,1,1,11,1710,1810,1810,885
TXO,202703,20270317.0,54400.0,Put,-,-,-,-,5290,-,-,0,0,0,1,5240,5400,5400,5400
TXO,202703,20270317.0,54600.0,Call,1710,1710,1710,1710,1710,▼-80,▼-4.47%,0,1,1,2,1660,1750,1740,705
TXO,202703,20270317.0,54600.0,Put,-,-,-,-,5430,-,-,0,0,0,0,5360,5530,-,-
TXO,202703,20270317.0,54800.0,Call,-,-,-,-,1650,-,-,1475,0,1475,1478,1600,1690,1450,695
TXO,202703,20270317.0,54800.0,Put,-,-,-,-,5570,-,-,0,0,0,0,5510,5660,-,-
TXO,202703,20270317.0,55000.0,Call,-,-,-,-,1600,-,-,0,0,0,25,1540,1630,3600,705
TXO,202703,20270317.0,55000.0,Put,-,-,-,-,5710,-,-,0,0,0,0,5630,5800,-,-
TXO,202703,20270317.0,55200.0,Call,-,-,-,-,1540,-,-,0,0,0,7,1490,1580,4510,600
TXO,202703,20270317.0,55200.0,Put,-,-,-,-,5850,-,-,0,0,0,0,5770,5940,-,-
TXO,202703,20270317.0,55400.0,Call,-,-,-,-,1480,-,-,0,0,0,6,1430,1520,1320,900
TXO,202703,20270317.0,55400.0,Put,-,-,-,-,5990,-,-,0,0,0,0,5920,6100,-,-
TXO,202703,20270317.0,55600.0,Call,-,-,-,-,1430,-,-,0,0,0,6,1370,1460,1730,860
TXO,202703,20270317.0,55600.0,Put,-,-,-,-,6140,-,-,0,0,0,0,6060,6230,-,-
TXO,202703,20270317.0,55800.0,Call,1420,1420,1420,1420,1380,▼-40,▼-2.74%,0,1,1,3,1320,1410,4340,600
TXO,202703,20270317.0,55800.0,Put,-,-,-,-,6290,-,-,0,0,0,0,6220,6370,-,-
TXO,202703,20270317.0,56000.0,Call,-,-,-,-,1330,-,-,0,0,0,1441,1270,1360,2570,570
TXO,202703,20270317.0,56000.0,Put,-,-,-,-,6430,-,-,0,0,0,0,6380,6540,14710,10440
TXO,202703,20270317.0,56200.0,Call,-,-,-,-,1280,-,-,0,0,0,6,1230,1320,1370,530
TXO,202703,20270317.0,56200.0,Put,-,-,-,-,6590,-,-,0,0,0,0,6530,6680,-,-
TXO,202703,20270317.0,56400.0,Call,-,-,-,-,1230,-,-,0,0,0,12,1180,1270,1140,710
TXO,202703,20270317.0,56400.0,Put,-,-,-,-,6740,-,-,0,0,0,0,6680,6830,-,-
TXO,202703,20270317.0,56600.0,Call,-,-,-,-,1190,-,-,0,0,0,6,1140,1230,1760,700
TXO,202703,20270317.0,56600.0,Put,-,-,-,-,6890,-,-,0,0,0,0,6820,7000,-,-
TXO,202703,20270317.0,56800.0,Call,-,-,-,-,1150,-,-,0,0,0,2,1090,1180,1130,615
TXO,202703,20270317.0,56800.0,Put,-,-,-,-,7050,-,-,0,0,0,0,6990,7160,-,-
TXO,202703,20270317.0,57000.0,Call,1170,1170,1170,1170,1100,▼-10,▼-0.85%,0,1,1,13,1050,1140,2950,470
TXO,202703,20270317.0,57000.0,Put,-,-,-,-,7200,-,-,0,0,0,0,7130,7300,-,-
TXO,202703,20270317.0,57200.0,Call,-,-,-,-,1060,-,-,0,0,0,17,1010,1100,3450,430
TXO,202703,20270317.0,57200.0,Put,-,-,-,-,7360,-,-,0,0,0,0,7290,7460,-,-
TXO,202703,20270317.0,57400.0,Call,1030,1030,1030,1030,1030,▼-60,▼-5.50%,0,1,1,222,980,1050,3760,385
TXO,202703,20270317.0,57400.0,Put,-,-,-,-,7520,-,-,0,0,0,0,7460,7620,-,-
TXO,202703,20270317.0,57600.0,Call,-,-,-,-,985,-,-,0,0,0,0,940,1010,-,-
TXO,202703,20270317.0,57600.0,Put,-,-,-,-,7680,-,-,0,0,0,0,7620,7780,-,-
TXO,202703,20270317.0,57800.0,Call,-,-,-,-,950,-,-,0,0,0,6,905,975,980,620
TXO,202703,20270317.0,57800.0,Put,-,-,-,-,7840,-,-,0,0,0,0,7770,7960,-,-
TXO,202703,20270317.0,58000.0,Call,-,-,-,-,910,-,-,0,0,0,0,870,940,-,-
TXO,202703,20270317.0,58000.0,Put,-,-,-,-,8000,-,-,0,0,0,0,7950,8110,-,-
TXO,202703,20270317.0,58200.0,Call,-,-,-,-,875,-,-,0,0,0,10,835,905,870,630
TXO,202703,20270317.0,58200.0,Put,-,-,-,-,8160,-,-,0,0,0,0,8110,8270,-,-
TXO,202703,20270317.0,58400.0,Call,-,-,-,-,845,-,-,0,0,0,0,800,870,-,-
TXO,202703,20270317.0,58400.0,Put,-,-,-,-,8330,-,-,0,0,0,0,8270,8450,-,-
TXO,202703,20270317.0,58600.0,Call,-,-,-,-,810,-,-,0,0,0,0,775,840,-,-
TXO,202703,20270317.0,58600.0,Put,-,-,-,-,8500,-,-,0,0,0,0,8440,8630,-,-
TXO,202703,20270317.0,58800.0,Call,-,-,-,-,780,-,-,0,0,0,0,740,805,-,-
TXO,202703,20270317.0,58800.0,Put,-,-,-,-,8660,-,-,0,0,0,0,8600,8770,-,-
TXO,202703,20270317.0,59000.0,Call,-,-,-,-,750,-,-,0,0,0,0,715,775,-,-
TXO,202703,20270317.0,59000.0,Put,-,-,-,-,8830,-,-,0,0,0,0,8780,8970,-,-
TXO,202703,20270317.0,59200.0,Call,-,-,-,-,720,-,-,0,0,0,0,685,745,-,-
TXO,202703,20270317.0,59200.0,Put,-,-,-,-,9000,-,-,0,0,0,0,8950,9160,-,-
TXO,202703,20270317.0,59400.0,Call,-,-,-,-,685,-,-,0,0,0,0,655,710,-,-
TXO,202703,20270317.0,59400.0,Put,-,-,-,-,9160,-,-,0,0,0,0,9110,9330,-,-
TXO,202703,20270317.0,59600.0,Call,-,-,-,-,660,-,-,0,0,0,0,630,685,-,-
TXO,202703,20270317.0,59600.0,Put,-,-,-,-,9340,-,-,0,0,0,0,9290,9480,-,-
TXO,202703,20270317.0,59800.0,Call,-,-,-,-,635,-,-,1475,0,1475,1479,610,650,620,605
TXO,202703,20270317.0,59800.0,Put,-,-,-,-,9510,-,-,0,0,0,0,9450,9640,-,-
TXO,202706,20270616.0,36600.0,Call,-,-,-,-,14940,-,-,0,0,0,4,14820,15130,15250,12200
TXO,202706,20270616.0,36600.0,Put,-,-,-,-,361,-,-,0,0,0,37,353,372,715,355
TXO,202706,20270616.0,36800.0,Call,-,-,-,-,14760,-,-,0,0,0,0,-,14950,-,-
TXO,202706,20270616.0,36800.0,Put,-,-,-,-,378,-,-,0,0,0,3,374,386,605,399
TXO,202706,20270616.0,37000.0,Call,-,-,-,-,14580,-,-,0,0,0,0,-,14760,-,-
TXO,202706,20270616.0,37000.0,Put,-,-,-,-,389,-,-,0,0,0,13,381,401,750,370
TXO,202706,20270616.0,37200.0,Call,-,-,-,-,14400,-,-,0,0,0,0,-,14560,-,-
TXO,202706,20270616.0,37200.0,Put,-,-,-,-,405,-,-,0,0,0,5,396,417,715,715
TXO,202706,20270616.0,37400.0,Call,-,-,-,-,14210,-,-,0,0,0,0,-,14390,-,-
TXO,202706,20270616.0,37400.0,Put,-,-,-,-,421,-,-,0,0,0,5,412,433,740,461
TXO,202706,20270616.0,37600.0,Call,-,-,-,-,14030,-,-,0,0,0,0,-,14190,-,-
TXO,202706,20270616.0,37600.0,Put,-,-,-,-,438,-,-,0,0,0,9,429,450,755,479
TXO,202706,20270616.0,37800.0,Call,-,-,-,-,13850,-,-,0,0,0,0,-,14010,-,-
TXO,202706,20270616.0,37800.0,Put,-,-,-,-,455,-,-,0,0,0,7,446,468,800,625
TXO,202706,20270616.0,38000.0,Call,-,-,-,-,13680,-,-,0,0,0,0,13590,13850,-,-
TXO,202706,20270616.0,38000.0,Put,-,-,-,-,474,-,-,0,0,0,18,464,487,715,496
TXO,202706,20270616.0,38200.0,Call,-,-,-,-,13500,-,-,0,0,0,0,-,13660,-,-
TXO,202706,20270616.0,38200.0,Put,-,-,-,-,495,-,-,0,0,0,11,484,510,670,488
TXO,202706,20270616.0,38400.0,Call,-,-,-,-,13320,-,-,0,0,0,0,-,13470,-,-
TXO,202706,20270616.0,38400.0,Put,-,-,-,-,515,-,-,0,0,0,20,500,530,695,555
TXO,202706,20270616.0,38600.0,Call,-,-,-,-,13140,-,-,0,0,0,0,-,13360,-,-
TXO,202706,20270616.0,38600.0,Put,-,-,-,-,535,-,-,0,0,0,19,520,550,720,555
TXO,202706,20270616.0,38800.0,Call,-,-,-,-,12970,-,-,0,0,0,0,-,13180,-,-
TXO,202706,20270616.0,38800.0,Put,-,-,-,-,555,-,-,0,0,0,15,545,570,1020,605
TXO,202706,20270616.0,39000.0,Call,-,-,-,-,12790,-,-,0,0,0,0,-,12950,-,-
TXO,202706,20270616.0,39000.0,Put,-,-,-,-,580,-,-,0,0,0,2,565,595,815,600
TXO,202706,20270616.0,39200.0,Call,-,-,-,-,12620,-,-,0,0,0,0,12550,12770,-,-
TXO,202706,20270616.0,39200.0,Put,-,-,-,-,605,-,-,0,0,0,1,590,620,695,695
TXO,202706,20270616.0,39400.0,Call,-,-,-,-,12460,-,-,0,0,0,0,-,12630,-,-
TXO,202706,20270616.0,39400.0,Put,-,-,-,-,635,-,-,0,0,0,8,630,645,810,715
TXO,202706,20270616.0,39600.0,Call,-,-,-,-,12280,-,-,0,0,0,0,-,12470,-,-
TXO,202706,20270616.0,39600.0,Put,-,-,-,-,655,-,-,1,0,1,10,650,670,835,625
TXO,202706,20270616.0,39800.0,Call,-,-,-,-,12100,-,-,0,0,0,0,-,12230,-,-
TXO,202706,20270616.0,39800.0,Put,-,-,-,-,675,-,-,0,0,0,13,665,695,900,700
TXO,202706,20270616.0,40000.0,Call,-,-,-,-,11930,-,-,0,0,0,1,11860,12100,10660,10660
TXO,202706,20270616.0,40000.0,Put,-,-,-,-,705,-,-,0,0,0,11,690,725,980,700
TXO,202706,20270616.0,40200.0,Call,-,-,-,-,11760,-,-,0,0,0,0,-,11890,-,-
TXO,202706,20270616.0,40200.0,Put,-,-,-,-,730,-,-,1,0,1,3,720,750,755,715
TXO,202706,20270616.0,40400.0,Call,-,-,-,-,11590,-,-,0,0,0,0,-,11730,-,-
TXO,202706,20270616.0,40400.0,Put,-,-,-,-,760,-,-,0,0,0,0,745,780,-,-
TXO,202706,20270616.0,40600.0,Call,-,-,-,-,11430,-,-,0,0,0,0,11340,11560,-,-
TXO,202706,20270616.0,40600.0,Put,-,-,-,-,790,-,-,0,0,0,6,775,810,1030,790
TXO,202706,20270616.0,40800.0,Call,-,-,-,-,11260,-,-,0,0,0,0,11190,11410,-,-
TXO,202706,20270616.0,40800.0,Put,-,-,-,-,820,-,-,0,0,0,1,805,840,1020,1020
TXO,202706,20270616.0,41000.0,Call,-,-,-,-,11100,-,-,0,0,0,2,10990,11240,9900,8750
TXO,202706,20270616.0,41000.0,Put,-,-,-,-,855,-,-,0,0,0,1,840,875,1460,1460
TXO,202706,20270616.0,41200.0,Call,-,-,-,-,10930,-,-,0,0,0,0,10860,11060,-,-
TXO,202706,20270616.0,41200.0,Put,-,-,-,-,885,-,-,0,0,0,1,870,905,1150,1150
TXO,202706,20270616.0,41400.0,Call,-,-,-,-,10770,-,-,0,0,0,0,10680,10880,-,-
TXO,202706,20270616.0,41400.0,Put,-,-,-,-,920,-,-,0,0,0,0,905,945,-,-
TXO,202706,20270616.0,41600.0,Call,-,-,-,-,10600,-,-,0,0,0,0,-,10730,-,-
TXO,202706,20270616.0,41600.0,Put,-,-,-,-,955,-,-,0,0,0,5,940,975,1220,980
TXO,202706,20270616.0,41800.0,Call,-,-,-,-,10440,-,-,0,0,0,0,10370,10570,-,-
TXO,202706,20270616.0,41800.0,Put,-,-,-,-,990,-,-,0,0,0,4,975,1010,1700,1230
TXO,202706,20270616.0,42000.0,Call,-,-,-,-,10280,-,-,0,0,0,1,10210,10420,9050,9050
TXO,202706,20270616.0,42000.0,Put,-,-,-,-,1030,-,-,0,0,0,23,1010,1050,1760,1030
TXO,202706,20270616.0,42200.0,Call,-,-,-,-,10130,-,-,0,0,0,0,10050,10260,-,-
TXO,202706,20270616.0,42200.0,Put,-,-,-,-,1070,-,-,0,0,0,0,1050,1090,-,-
TXO,202706,20270616.0,42400.0,Call,-,-,-,-,9970,-,-,0,0,0,0,9880,10090,-,-
TXO,202706,20270616.0,42400.0,Put,-,-,-,-,1110,-,-,0,0,0,0,1090,1140,-,-
TXO,202706,20270616.0,42600.0,Call,-,-,-,-,9810,-,-,0,0,0,0,9740,9910,-,-
TXO,202706,20270616.0,42600.0,Put,-,-,-,-,1150,-,-,0,0,0,0,1130,1180,-,-
TXO,202706,20270616.0,42800.0,Call,-,-,-,-,9660,-,-,0,0,0,0,9580,9770,-,-
TXO,202706,20270616.0,42800.0,Put,-,-,-,-,1190,-,-,0,0,0,0,1170,1220,-,-
TXO,202706,20270616.0,43000.0,Call,9350,9350,9350,9350,9500,▼-250,▼-2.60%,0,1,1,1,9430,9620,9350,7280
TXO,202706,20270616.0,43000.0,Put,-,-,-,-,1240,-,-,0,0,0,1,1210,1260,1770,1290
TXO,202706,20270616.0,43200.0,Call,-,-,-,-,9350,-,-,0,0,0,0,9260,9460,-,-
TXO,202706,20270616.0,43200.0,Put,-,-,-,-,1280,-,-,0,0,0,0,1260,1310,-,-
TXO,202706,20270616.0,43400.0,Call,-,-,-,-,9190,-,-,0,0,0,0,9120,9300,-,-
TXO,202706,20270616.0,43400.0,Put,-,-,-,-,1320,-,-,0,0,0,2,1300,1350,1870,1870
TXO,202706,20270616.0,43600.0,Call,-,-,-,-,9050,-,-,0,0,0,0,8970,9150,-,-
TXO,202706,20270616.0,43600.0,Put,-,-,-,-,1370,-,-,0,0,0,2,1350,1400,1930,1930
TXO,202706,20270616.0,43800.0,Call,-,-,-,-,8900,-,-,0,0,0,0,8820,8990,-,-
TXO,202706,20270616.0,43800.0,Put,-,-,-,-,1420,-,-,0,0,0,0,1400,1450,-,-
TXO,202706,20270616.0,44000.0,Call,-,-,-,-,8750,-,-,0,0,0,1,8660,8850,6350,6350
TXO,202706,20270616.0,44000.0,Put,-,-,-,-,1470,-,-,0,0,0,2,1450,1500,2070,2070
TXO,202706,20270616.0,44200.0,Call,-,-,-,-,8610,-,-,0,0,0,0,8530,8710,-,-
TXO,202706,20270616.0,44200.0,Put,-,-,-,-,1520,-,-,0,0,0,0,1500,1550,-,-
TXO,202706,20270616.0,44400.0,Call,-,-,-,-,8460,-,-,0,0,0,0,8380,8560,-,-
TXO,202706,20270616.0,44400.0,Put,-,-,-,-,1570,-,-,0,0,0,4,1550,1600,2510,2050
TXO,202706,20270616.0,44600.0,Call,-,-,-,-,8310,-,-,0,0,0,0,8230,8410,-,-
TXO,202706,20270616.0,44600.0,Put,-,-,-,-,1620,-,-,0,0,0,5,1600,1650,2580,1770
TXO,202706,20270616.0,44800.0,Call,-,-,-,-,8170,-,-,0,0,0,0,-,8260,-,-
TXO,202706,20270616.0,44800.0,Put,-,-,-,-,1670,-,-,0,0,0,2,1650,1710,2650,1740
TXO,202706,20270616.0,45000.0,Call,-,-,-,-,8030,-,-,0,0,0,1,7930,8120,6920,6920
TXO,202706,20270616.0,45000.0,Put,-,-,-,-,1730,-,-,0,0,0,5,1710,1760,2600,1720
TXO,202706,20270616.0,45200.0,Call,-,-,-,-,7890,-,-,0,0,0,0,7790,7980,-,-
TXO,202706,20270616.0,45200.0,Put,-,-,-,-,1790,-,-,0,0,0,1,1770,1830,1950,1950
TXO,202706,20270616.0,45400.0,Call,-,-,-,-,7750,-,-,0,0,0,0,7650,7850,-,-
TXO,202706,20270616.0,45400.0,Put,-,-,-,-,1840,-,-,0,0,0,0,1820,1880,-,-
TXO,202706,20270616.0,45600.0,Call,-,-,-,-,7610,-,-,0,0,0,0,-,7700,-,-
TXO,202706,20270616.0,45600.0,Put,-,-,-,-,1910,-,-,0,0,0,0,1880,1940,-,-
TXO,202706,20270616.0,45800.0,Call,-,-,-,-,7480,-,-,0,0,0,0,-,7570,-,-
TXO,202706,20270616.0,45800.0,Put,-,-,-,-,1970,-,-,0,0,0,0,1940,2000,-,-
TXO,202706,20270616.0,46000.0,Call,-,-,-,-,7350,-,-,0,0,0,1,7240,7440,5350,5350
TXO,202706,20270616.0,46000.0,Put,2040,2040,2040,2040,2040,▲+10,▲+0.49%,0,1,1,18,2020,2070,2580,2040
TXO,202706,20270616.0,46200.0,Call,-,-,-,-,7210,-,-,0,0,0,1,-,7290,5750,4710
TXO,202706,20270616.0,46200.0,Put,-,-,-,-,2090,-,-,0,0,0,0,2070,2130,-,-
TXO,202706,20270616.0,46400.0,Call,-,-,-,-,7070,-,-,0,0,0,0,6970,7160,-,-
TXO,202706,20270616.0,46400.0,Put,-,-,-,-,2160,-,-,0,0,0,0,2130,2200,-,-
TXO,202706,20270616.0,46600.0,Call,-,-,-,-,6940,-,-,0,0,0,0,6840,7040,-,-
TXO,202706,20270616.0,46600.0,Put,-,-,-,-,2220,-,-,0,0,0,1,2200,2250,2210,2210
TXO,202706,20270616.0,46800.0,Call,-,-,-,-,6810,-,-,0,0,0,0,6720,6900,-,-
TXO,202706,20270616.0,46800.0,Put,-,-,-,-,2290,-,-,0,0,0,0,2260,2330,-,-
TXO,202706,20270616.0,47000.0,Call,-,-,-,-,6680,-,-,0,0,0,0,6600,6770,-,-
TXO,202706,20270616.0,47000.0,Put,-,-,-,-,2360,-,-,0,0,0,70,2330,2400,3280,2380
TXO,202706,20270616.0,47200.0,Call,-,-,-,-,6550,-,-,0,0,0,0,6470,6640,-,-
TXO,202706,20270616.0,47200.0,Put,-,-,-,-,2430,-,-,0,0,0,0,2400,2470,-,-
TXO,202706,20270616.0,47400.0,Call,-,-,-,-,6430,-,-,0,0,0,0,6350,6500,-,-
TXO,202706,20270616.0,47400.0,Put,-,-,-,-,2500,-,-,0,0,0,0,2470,2540,3280,3210
TXO,202706,20270616.0,47600.0,Call,-,-,-,-,6300,-,-,0,0,0,0,6230,6370,-,-
TXO,202706,20270616.0,47600.0,Put,-,-,-,-,2570,-,-,0,0,0,0,2540,2610,-,-
TXO,202706,20270616.0,47800.0,Call,-,-,-,-,6180,-,-,0,0,0,0,6100,6250,-,-
TXO,202706,20270616.0,47800.0,Put,-,-,-,-,2650,-,-,0,0,0,1,2620,2690,2690,2690
TXO,202706,20270616.0,48000.0,Call,-,-,-,-,6050,-,-,0,0,0,1,6000,6130,5100,4200
TXO,202706,20270616.0,48000.0,Put,-,-,-,-,2720,-,-,0,0,0,22,2690,2760,3460,3270
TXO,202706,20270616.0,48200.0,Call,-,-,-,-,5930,-,-,0,0,0,0,5860,6000,-,-
TXO,202706,20270616.0,48200.0,Put,-,-,-,-,2790,-,-,0,0,0,0,2760,2840,-,-
TXO,202706,20270616.0,48400.0,Call,-,-,-,-,5810,-,-,0,0,0,0,5740,5880,-,-
TXO,202706,20270616.0,48400.0,Put,-,-,-,-,2870,-,-,0,0,0,4,2840,2920,3520,3060
TXO,202706,20270616.0,48600.0,Call,-,-,-,-,5690,-,-,0,0,0,0,5620,5760,-,-
TXO,202706,20270616.0,48600.0,Put,-,-,-,-,2950,-,-,0,0,0,1,2920,2990,3200,3200
TXO,202706,20270616.0,48800.0,Call,-,-,-,-,5580,-,-,0,0,0,0,5500,5640,-,-
TXO,202706,20270616.0,48800.0,Put,-,-,-,-,3030,-,-,0,0,0,0,3000,3080,-,-
TXO,202706,20270616.0,49000.0,Call,5540,5540,5540,5540,5470,▼-10,▼-0.18%,0,2,2,48,5410,5530,5600,3520
TXO,202706,20270616.0,49000.0,Put,-,-,-,-,3120,-,-,0,0,0,22,3090,3160,4200,3140
TXO,202706,20270616.0,49200.0,Call,-,-,-,-,5340,-,-,0,0,0,0,5280,5410,-,-
TXO,202706,20270616.0,49200.0,Put,-,-,-,-,3190,-,-,0,0,0,0,3160,3240,-,-
TXO,202706,20270616.0,49400.0,Call,-,-,-,-,5240,-,-,0,0,0,0,5170,5290,-,-
TXO,202706,20270616.0,49400.0,Put,-,-,-,-,3280,-,-,0,0,0,0,3250,3330,-,-
TXO,202706,20270616.0,49600.0,Call,-,-,-,-,5130,-,-,0,0,0,0,5050,5180,-,-
TXO,202706,20270616.0,49600.0,Put,-,-,-,-,3370,-,-,0,0,0,0,3340,3420,-,-
TXO,202706,20270616.0,49800.0,Call,-,-,-,-,5010,-,-,0,0,0,15,4960,5070,4010,3920
TXO,202706,20270616.0,49800.0,Put,-,-,-,-,3450,-,-,0,0,0,1,3420,3490,3500,3500
TXO,202706,20270616.0,50000.0,Call,-,-,-,-,4900,-,-,0,0,0,63,4850,4960,4870,3520
TXO,202706,20270616.0,50000.0,Put,-,-,-,-,3540,-,-,0,0,0,13,3510,3580,4170,3560
TXO,202706,20270616.0,50200.0,Call,-,-,-,-,4800,-,-,0,0,0,22,4750,4850,3930,3730
TXO,202706,20270616.0,50200.0,Put,-,-,-,-,3630,-,-,0,0,0,0,3600,3680,5160,4260
TXO,202706,20270616.0,50400.0,Call,-,-,-,-,4690,-,-,0,0,0,24,4640,4750,3810,2910
TXO,202706,20270616.0,50400.0,Put,-,-,-,-,3730,-,-,0,0,0,0,3690,3780,-,-
TXO,202706,20270616.0,50600.0,Call,-,-,-,-,4590,-,-,0,0,0,0,4530,4640,3620,3550
TXO,202706,20270616.0,50600.0,Put,-,-,-,-,3810,-,-,0,0,0,0,3780,3870,-,-
TXO,202706,20270616.0,50800.0,Call,-,-,-,-,4490,-,-,0,0,0,11,4440,4540,4500,3530
TXO,202706,20270616.0,50800.0,Put,-,-,-,-,3910,-,-,0,0,0,0,3880,3970,-,-
TXO,202706,20270616.0,51000.0,Call,-,-,-,-,4390,-,-,0,0,0,16,4330,4440,4420,4400
TXO,202706,20270616.0,51000.0,Put,-,-,-,-,4010,-,-,0,0,0,4,3980,4050,4800,4800
TXO,202706,20270616.0,51200.0,Call,-,-,-,-,4290,-,-,0,0,0,2,4230,4340,4300,4300
TXO,202706,20270616.0,51200.0,Put,-,-,-,-,4110,-,-,0,0,0,0,4070,4170,-,-
TXO,202706,20270616.0,51400.0,Call,-,-,-,-,4200,-,-,0,0,0,0,4130,4230,-,-
TXO,202706,20270616.0,51400.0,Put,-,-,-,-,4220,-,-,0,0,0,0,4170,4260,-,-
TXO,202706,20270616.0,51600.0,Call,-,-,-,-,4110,-,-,0,0,0,0,4030,4140,-,-
TXO,202706,20270616.0,51600.0,Put,-,-,-,-,4320,-,-,0,0,0,0,4270,4370,-,-
TXO,202706,20270616.0,51800.0,Call,-,-,-,-,4020,-,-,0,0,0,0,3930,4040,-,-
TXO,202706,20270616.0,51800.0,Put,-,-,-,-,4430,-,-,0,0,0,0,4380,4470,-,-
TXO,202706,20270616.0,52000.0,Call,-,-,-,-,3930,-,-,0,0,0,9,3890,3950,3880,2650
TXO,202706,20270616.0,52000.0,Put,4500,4500,4500,4500,4540,0,0%,0,4,4,4,4480,4560,4500,4500
TXO,202706,20270616.0,52200.0,Call,-,-,-,-,3840,-,-,0,0,0,1,3760,3860,2580,2580
TXO,202706,20270616.0,52200.0,Put,-,-,-,-,4650,-,-,0,0,0,0,4590,4690,-,-
TXO,202706,20270616.0,52400.0,Call,-,-,-,-,3750,-,-,0,0,0,1,3670,3760,3210,2040
TXO,202706,20270616.0,52400.0,Put,-,-,-,-,4760,-,-,0,0,0,0,4690,4790,-,-
TXO,202706,20270616.0,52600.0,Call,3640,3640,3640,3640,3670,▼-60,▼-1.62%,0,1,1,1,3630,3680,3640,3640
TXO,202706,20270616.0,52600.0,Put,-,-,-,-,4870,-,-,0,0,0,0,4810,4910,-,-
TXO,202706,20270616.0,52800.0,Call,3580,3590,3550,3550,3580,▼-70,▼-1.93%,0,13,13,14,3540,3590,3590,3070
TXO,202706,20270616.0,52800.0,Put,-,-,-,-,4980,-,-,0,0,0,0,4910,5020,-,-
TXO,202706,20270616.0,53000.0,Call,3460,3460,3460,3460,3490,▼-50,▼-1.42%,0,2,2,3,3450,3500,3460,1920
TXO,202706,20270616.0,53000.0,Put,-,-,-,-,5080,-,-,0,0,0,0,5030,5130,-,-
TXO,202706,20270616.0,53200.0,Call,-,-,-,-,3390,-,-,0,0,0,0,3320,3410,-,-
TXO,202706,20270616.0,53200.0,Put,-,-,-,-,5190,-,-,0,0,0,0,5140,5250,-,-
TXO,202706,20270616.0,53400.0,Call,-,-,-,-,3300,-,-,0,0,0,0,3250,3330,-,-
TXO,202706,20270616.0,53400.0,Put,-,-,-,-,5290,-,-,0,0,0,0,5260,5370,-,-
TXO,202706,20270616.0,53600.0,Call,-,-,-,-,3220,-,-,0,0,0,1,3170,3250,2800,2800
TXO,202706,20270616.0,53600.0,Put,-,-,-,-,5410,-,-,0,0,0,0,5350,5480,-,-
TXO,202706,20270616.0,53800.0,Call,-,-,-,-,3140,-,-,0,0,0,0,3090,3170,-,-
TXO,202706,20270616.0,53800.0,Put,-,-,-,-,5530,-,-,0,0,0,0,5470,5600,-,-
TXO,202706,20270616.0,54000.0,Call,-,-,-,-,3060,-,-,0,0,0,0,3010,3090,-,-
TXO,202706,20270616.0,54000.0,Put,-,-,-,-,5640,-,-,0,0,0,0,5570,5720,-,-
TXO,202706,20270616.0,54200.0,Call,-,-,-,-,2990,-,-,0,0,0,0,2940,3010,-,-
TXO,202706,20270616.0,54200.0,Put,-,-,-,-,5770,-,-,0,0,0,0,5710,5850,-,-
TXO,202706,20270616.0,54400.0,Call,-,-,-,-,2910,-,-,0,0,0,0,2860,2940,-,-
TXO,202706,20270616.0,54400.0,Put,-,-,-,-,5890,-,-,0,0,0,0,5830,5990,-,-
TXO,202706,20270616.0,54600.0,Call,-,-,-,-,2840,-,-,0,0,0,0,2800,2870,-,-
TXO,202706,20270616.0,54600.0,Put,-,-,-,-,6020,-,-,0,0,0,0,5950,6120,-,-
TXO,202706,20270616.0,54800.0,Call,-,-,-,-,2770,-,-,0,0,0,0,2730,2800,-,-
TXO,202706,20270616.0,54800.0,Put,-,-,-,-,6150,-,-,0,0,0,0,6080,6240,-,-
TXO,202706,20270616.0,55000.0,Call,-,-,-,-,2690,-,-,0,0,0,13,2650,2720,1800,1360
TXO,202706,20270616.0,55000.0,Put,-,-,-,-,6260,-,-,0,0,0,0,6210,6360,-,-
TXO,202706,20270616.0,55200.0,Call,-,-,-,-,2630,-,-,0,0,0,21,2580,2650,2600,1280
TXO,202706,20270616.0,55200.0,Put,-,-,-,-,6400,-,-,0,0,0,0,6340,6500,-,-
TXO,202706,20270616.0,55400.0,Call,-,-,-,-,2560,-,-,0,0,0,0,2520,2590,-,-
TXO,202706,20270616.0,55400.0,Put,-,-,-,-,6530,-,-,0,0,0,0,6470,6620,-,-
TXO,202706,20270616.0,55600.0,Call,-,-,-,-,2500,-,-,0,0,0,16,2450,2510,1950,1230
TXO,202706,20270616.0,55600.0,Put,-,-,-,-,6660,-,-,0,0,0,0,6600,6760,-,-
TXO,202706,20270616.0,55800.0,Call,-,-,-,-,2430,-,-,0,0,0,1,2390,2460,1600,1600
TXO,202706,20270616.0,55800.0,Put,-,-,-,-,6790,-,-,0,0,0,0,6730,6900,-,-
TXO,202706,20270616.0,56000.0,Call,-,-,-,-,2370,-,-,0,0,0,4,2320,2390,1730,1470
TXO,202706,20270616.0,56000.0,Put,-,-,-,-,6930,-,-,0,0,0,0,6870,7030,-,-
TXO,202706,20270616.0,56200.0,Call,-,-,-,-,2310,-,-,0,0,0,2,2270,2330,1520,1440
TXO,202706,20270616.0,56200.0,Put,-,-,-,-,7060,-,-,0,0,0,0,7000,7170,-,-
TXO,202706,20270616.0,56400.0,Call,-,-,-,-,2250,-,-,0,0,0,1,2210,2270,1430,1430
TXO,202706,20270616.0,56400.0,Put,-,-,-,-,7200,-,-,0,0,0,0,7150,7290,-,-
TXO,202706,20270616.0,56600.0,Call,-,-,-,-,2190,-,-,0,0,0,2,2150,2200,1460,1350
TXO,202706,20270616.0,56600.0,Put,-,-,-,-,7340,-,-,0,0,0,0,7280,7430,-,-
TXO,202706,20270616.0,56800.0,Call,-,-,-,-,2130,-,-,0,0,0,13,2090,2140,1960,1090
TXO,202706,20270616.0,56800.0,Put,-,-,-,-,7480,-,-,0,0,0,0,7410,7590,-,-
TXO,202706,20270616.0,57000.0,Call,2120,2120,2110,2120,2080,0,0%,1,3,4,4,2040,2100,2160,2080
TXO,202706,20270616.0,57000.0,Put,-,-,-,-,7620,-,-,0,0,0,0,7570,7730,-,-
TXO,202706,20270616.0,57200.0,Call,-,-,-,-,2020,-,-,0,0,0,0,1980,2050,-,-
TXO,202706,20270616.0,57200.0,Put,-,-,-,-,7760,-,-,0,0,0,0,7710,7860,-,-
TXO,202706,20270616.0,57400.0,Call,-,-,-,-,1970,-,-,0,0,0,12,1930,1990,1490,1160
TXO,202706,20270616.0,57400.0,Put,-,-,-,-,7900,-,-,0,0,0,0,7850,8020,-,-
TXO,202706,20270616.0,57600.0,Call,-,-,-,-,1920,-,-,0,0,0,2,1880,1930,1410,1330
TXO,202706,20270616.0,57600.0,Put,-,-,-,-,8050,-,-,0,0,0,0,8000,8140,-,-
TXO,202706,20270616.0,57800.0,Call,-,-,-,-,1870,-,-,0,0,0,8,1830,1890,1770,1280
TXO,202706,20270616.0,57800.0,Put,-,-,-,-,8200,-,-,0,0,0,0,8130,8300,-,-
TXO,202706,20270616.0,58000.0,Call,-,-,-,-,1820,-,-,0,0,0,18,1780,1840,1840,1430
TXO,202706,20270616.0,58000.0,Put,-,-,-,-,8350,-,-,0,0,0,0,8290,8480,-,-
TXO,202706,20270616.0,58200.0,Call,-,-,-,-,1770,-,-,0,0,0,14,1730,1790,1720,1390
TXO,202706,20270616.0,58200.0,Put,-,-,-,-,8490,-,-,0,0,0,0,8440,8620,-,-
TXO,202706,20270616.0,58400.0,Call,-,-,-,-,1720,-,-,0,0,0,0,1680,1740,-,-
TXO,202706,20270616.0,58400.0,Put,-,-,-,-,8640,-,-,0,0,0,0,8590,8770,-,-
TXO,202706,20270616.0,58600.0,Call,-,-,-,-,1670,-,-,0,0,0,0,1630,1690,-,-
TXO,202706,20270616.0,58600.0,Put,-,-,-,-,8790,-,-,0,0,0,0,8730,8910,-,-
TXO,202706,20270616.0,58800.0,Call,-,-,-,-,1630,-,-,0,0,0,0,1590,1650,-,-
TXO,202706,20270616.0,58800.0,Put,-,-,-,-,8940,-,-,0,0,0,0,8880,9060,-,-
TXO,202706,20270616.0,59000.0,Call,-,-,-,-,1580,-,-,0,0,0,4,1540,1600,1600,1540
TXO,202706,20270616.0,59000.0,Put,-,-,-,-,9100,-,-,0,0,0,0,9050,9240,-,-
TXO,202706,20270616.0,59200.0,Call,-,-,-,-,1540,-,-,0,0,0,0,1500,1560,-,-
TXO,202706,20270616.0,59200.0,Put,-,-,-,-,9250,-,-,0,0,0,0,9190,9370,-,-
TXO,202706,20270616.0,59400.0,Call,-,-,-,-,1500,-,-,0,0,0,0,1460,1520,-,-
TXO,202706,20270616.0,59400.0,Put,-,-,-,-,9410,-,-,0,0,0,0,9360,9530,-,-
TXO,202706,20270616.0,59600.0,Call,-,-,-,-,1460,-,-,0,0,0,0,1420,1480,-,-
TXO,202706,20270616.0,59600.0,Put,-,-,-,-,9560,-,-,0,0,0,0,9500,9700,-,-
TXO,202706,20270616.0,59800.0,Call,1400,1450,1400,1450,1410,0,0%,0,4,4,14,1380,1430,1450,1320
TXO,202706,20270616.0,59800.0,Put,-,-,-,-,9720,-,-,0,0,0,0,9660,9870,-,-
