契約,到期月份 (週別),契約到期日,履約價,買賣權,開盤價,最高價,最低價,最後 成交價,結算價,漲跌價,漲跌%,*盤後交易時段成交量,*一般交易時段成交量,*合計成交量,*未沖銷 契約量,最後 最佳買價,最後 最佳賣價,歷史 最高價,歷史 最低價
TXO,202609W2,20260909.0,40600.0,Call,-,-,-,-,-,-,-,0,0,0,0,-,-,-,-
TXO,202609W2,20260909.0,40600.0,Put,0.2,0.2,0.2,0.2,-,▲+0.1,-,0,5,5,1095,-,0.3,93,0.2
TXO,202609W2,20260909.0,40700.0,Call,-,-,-,-,-,-,-,0,0,0,0,-,-,-,-
TXO,202609W2,20260909.0,40700.0,Put,-,-,-,-,-,-,-,3,0,3,258,-,0.6,96,0.2
TXO,202609W2,20260909.0,40800.0,Call,-,-,-,-,-,-,-,0,0,0,0,-,-,-,-
TXO,202609W2,20260909.0,40800.0,Put,0.2,0.2,0.2,0.2,-,▲+0.1,-,0,21,21,40,-,0.2,102,0.2
TXO,202609W2,20260909.0,40900.0,Call,-,-,-,-,-,-,-,0,0,0,0,-,-,-,-
TXO,202609W2,20260909.0,40900.0,Put,-,-,-,-,-,-,-,0,0,0,24,-,0.6,104,0.5
TXO,202609W2,20260909.0,41000.0,Call,-,-,-,-,-,-,-,0,0,0,0,-,-,-,-
TXO,202609W2,20260909.0,41000.0,Put,-,-,-,-,-,-,-,0,0,0,78,-,0.6,108,0.2
TXO,202609W2,20260909.0,41100.0,Call,-,-,-,-,-,-,-,0,0,0,0,-,-,-,-
TXO,202609W2,20260909.0,41100.0,Put,-,-,-,-,-,-,-,0,0,0,28,-,0.6,112,0.5
TXO,202609W2,20260909.0,41200.0,Call,-,-,-,-,-,-,-,0,0,0,0,-,-,-,-
TXO,202609W2,20260909.0,41200.0,Put,-,-,-,-,-,-,-,1,0,1,53,-,0.6,120,0.2
TXO,202609W2,20260909.0,41300.0,Call,-,-,-,-,-,-,-,0,0,0,0,-,-,-,-
TXO,202609W2,20260909.0,41300.0,Put,-,-,-,-,-,-,-,1,0,1,52,-,0.6,104,0.2
TXO,202609W2,20260909.0,41400.0,Call,-,-,-,-,-,-,-,0,0,0,0,-,-,-,-
TXO,202609W2,20260909.0,41400.0,Put,-,-,-,-,-,-,-,2,0,2,23,-,0.6,139,0.2
TXO,202609W2,20260909.0,41500.0,Call,-,-,-,-,-,-,-,0,0,0,0,-,-,-,-
TXO,202609W2,20260909.0,41500.0,Put,0.2,0.2,0.2,0.2,-,▲+0.1,-,0,2,2,181,-,0.6,140,0.2
TXO,202609W2,20260909.0,41600.0,Call,-,-,-,-,-,-,-,0,0,0,0,-,-,-,-
TXO,202609W2,20260909.0,41600.0,Put,-,-,-,-,-,-,-,0,0,0,22,-,0.6,72,0.2
TXO,202609W2,20260909.0,41700.0,Call,-,-,-,-,-,-,-,0,0,0,0,-,-,-,-
TXO,202609W2,20260909.0,41700.0,Put,-,-,-,-,-,-,-,0,0,0,83,-,0.6,80,0.2
TXO,202609W2,20260909.0,41800.0,Call,-,-,-,-,-,-,-,0,0,0,0,-,-,-,-
TXO,202609W2,20260909.0,41800.0,Put,-,-,-,-,-,-,-,0,0,0,35,-,0.6,49,0.2
TXO,202609W2,20260909.0,41900.0,Call,-,-,-,-,-,-,-,0,0,0,0,-,-,-,-
TXO,202609W2,20260909.0,41900.0,Put,0.2,0.2,0.2,0.2,-,▲+0.1,-,1,3,4,26,-,0.6,120,0.2
TXO,202609W2,20260909.0,42000.0,Call,-,-,-,-,-,-,-,0,0,0,0,-,-,-,-
TXO,202609W2,20260909.0,42000.0,Put,0.2,0.2,0.2,0.2,-,▲+0.1,-,0,3,3,471,-,0.3,200,0.2
TXO,202609W2,20260909.0,42100.0,Call,-,-,-,-,-,-,-,0,0,0,0,-,-,-,-
TXO,202609W2,20260909.0,42100.0,Put,-,-,-,-,-,-,-,0,0,0,32,-,0.6,203,0.4
TXO,202609W2,20260909.0,42200.0,Call,-,-,-,-,-,-,-,0,0,0,0,71,-,-,-
TXO,202609W2,20260909.0,42200.0,Put,-,-,-,-,-,-,-,0,0,0,249,-,0.6,139,0.2
TXO,202609W2,20260909.0,42300.0,Call,-,-,-,-,-,-,-,0,0,0,0,0.2,-,-,-
TXO,202609W2,20260909.0,42300.0,Put,0.2,0.2,0.2,0.2,-,▲+0.1,-,0,2,2,45,-,0.6,154,0.2
TXO,202609W2,20260909.0,42400.0,Call,-,-,-,-,-,-,-,0,0,0,0,0.2,-,-,-
TXO,202609W2,20260909.0,42400.0,Put,-,-,-,-,-,-,-,0,0,0,24,-,0.6,79,0.3
TXO,202609W2,20260909.0,42500.0,Call,-,-,-,-,-,-,-,0,0,0,0,0.2,-,3370,3370
TXO,202609W2,20260909.0,42500.0,Put,0.2,0.2,0.2,0.2,-,▲+0.1,-,1,4,5,133,-,0.3,144,0.2
TXO,202609W2,20260909.0,42600.0,Call,-,-,-,-,-,-,-,0,0,0,0,0.2,-,-,-
TXO,202609W2,20260909.0,42600.0,Put,-,-,-,-,-,-,-,0,0,0,136,-,0.1,208,0.2
TXO,202609W2,20260909.0,42700.0,Call,-,-,-,-,-,-,-,0,0,0,0,0.2,-,-,-
TXO,202609W2,20260909.0,42700.0,Put,-,-,-,-,-,-,-,0,0,0,34,-,0.1,37.5,0.2
TXO,202609W2,20260909.0,42800.0,Call,-,-,-,-,-,-,-,0,0,0,0,0.2,-,-,-
TXO,202609W2,20260909.0,42800.0,Put,-,-,-,-,-,-,-,0,0,0,112,-,0.6,146,0.2
TXO,202609W2,20260909.0,42900.0,Call,-,-,-,-,-,-,-,0,0,0,0,0.2,-,-,-
TXO,202609W2,20260909.0,42900.0,Put,0.2,0.2,0.2,0.2,-,▲+0.1,-,0,1,1,173,-,0.6,242,0.2
TXO,202609W2,20260909.0,43000.0,Call,-,-,-,-,-,-,-,0,0,0,0,0.2,-,-,-
TXO,202609W2,20260909.0,43000.0,Put,0.2,0.5,0.2,0.5,-,▲+0.3,▲+150.00%,8,4,12,225,-,0.6,207,0.2
TXO,202609W2,20260909.0,43100.0,Call,-,-,-,-,-,-,-,0,0,0,0,0.2,-,-,-
TXO,202609W2,20260909.0,43100.0,Put,-,-,-,-,-,-,-,0,0,0,59,-,0.6,167,0.1
TXO,202609W2,20260909.0,43200.0,Call,-,-,-,-,-,-,-,0,0,0,0,0.2,-,-,-
TXO,202609W2,20260909.0,43200.0,Put,0.2,0.2,0.2,0.2,-,0,0%,0,4,4,71,-,3.9,251,0.2
TXO,202609W2,20260909.0,43300.0,Call,-,-,-,-,-,-,-,0,0,0,0,0.2,-,-,-
TXO,202609W2,20260909.0,43300.0,Put,0.2,0.2,0.2,0.2,-,0,0%,0,1,1,148,-,12,175,0.2
TXO,202609W2,20260909.0,43400.0,Call,-,-,-,-,-,-,-,0,0,0,1,0.2,-,3130,2480
TXO,202609W2,20260909.0,43400.0,Put,-,-,-,-,-,-,-,6,0,6,80,-,3.8,160,0.1
TXO,202609W2,20260909.0,43500.0,Call,-,-,-,-,-,-,-,0,0,0,0,0.3,-,-,-
TXO,202609W2,20260909.0,43500.0,Put,0.2,0.3,0.2,0.2,-,▼-0.1,▼-33.33%,11,41,52,212,-,13,422,0.2
TXO,202609W2,20260909.0,43600.0,Call,-,-,-,-,-,-,-,0,0,0,0,5.1,-,2500,2200
TXO,202609W2,20260909.0,43600.0,Put,-,-,-,-,-,-,-,12,0,12,306,0.1,20,459,0.3
TXO,202609W2,20260909.0,43700.0,Call,-,-,-,-,-,-,-,0,0,0,1,5.1,-,2830,2830
TXO,202609W2,20260909.0,43700.0,Put,0.2,0.2,0.2,0.2,-,▼-0.2,▼-50.00%,6,17,23,145,-,10,229,0.2
TXO,202609W2,20260909.0,43800.0,Call,-,-,-,-,-,-,-,0,0,0,11,0.3,-,3530,2600
TXO,202609W2,20260909.0,43800.0,Put,0.2,0.2,0.2,0.2,-,▼-0.2,▼-50.00%,4,29,33,144,-,16.5,237,0.2
TXO,202609W2,20260909.0,43850.0,Call,-,-,-,-,-,-,-,0,0,0,0,5,-,-,-
TXO,202609W2,20260909.0,43850.0,Put,9.6,9.9,0.2,0.2,-,▼-0.2,▼-50.00%,1,10,11,123,-,9.8,96,0.2
TXO,202609W2,20260909.0,43900.0,Call,-,-,-,-,-,-,-,0,0,0,0,5,-,-,-
TXO,202609W2,20260909.0,43900.0,Put,0.3,9.5,0.2,0.2,-,▼-0.2,▼-50.00%,8,124,132,282,-,10,196,0.2
TXO,202609W2,20260909.0,43950.0,Call,-,-,-,-,-,-,-,0,0,0,0,5,-,-,-
TXO,202609W2,20260909.0,43950.0,Put,0.2,0.2,0.2,0.2,-,▼-0.3,▼-60.00%,0,2,2,187,-,39,196,0.2
TXO,202609W2,20260909.0,44000.0,Call,-,-,-,-,-,-,-,0,0,0,0,5,-,-,-
TXO,202609W2,20260909.0,44000.0,Put,0.3,0.3,0.2,0.2,-,▼-0.3,▼-60.00%,83,620,703,1468,-,1,530,0.2
TXO,202609W2,20260909.0,44050.0,Call,-,-,-,-,-,-,-,0,0,0,0,5,-,1870,1870
TXO,202609W2,20260909.0,44050.0,Put,0.2,0.2,0.2,0.2,-,▼-0.3,▼-60.00%,2,32,34,69,-,1.8,121,0.2
TXO,202609W2,20260909.0,44100.0,Call,-,-,-,-,-,-,-,0,0,0,1,5,-,2450,2450
TXO,202609W2,20260909.0,44100.0,Put,0.3,0.3,0.2,0.2,-,▼-0.3,▼-60.00%,31,47,78,219,-,38.5,204,0.2
TXO,202609W2,20260909.0,44150.0,Call,-,-,-,-,-,-,-,0,0,0,1,5,3990,1800,1800
TXO,202609W2,20260909.0,44150.0,Put,0.2,0.2,0.2,0.2,-,▼-0.4,▼-66.67%,3,2,5,63,-,0.5,129,0.2
TXO,202609W2,20260909.0,44200.0,Call,-,-,-,-,-,-,-,0,0,0,1,5,-,2350,2350
TXO,202609W2,20260909.0,44200.0,Put,0.2,0.2,0.2,0.2,-,▼-0.4,▼-66.67%,10,9,19,123,-,1,249,0.2
TXO,202609W2,20260909.0,44250.0,Call,-,-,-,-,-,-,-,0,0,0,0,5,-,-,-
TXO,202609W2,20260909.0,44250.0,Put,1,1,0.2,0.2,-,▼-0.4,▼-66.67%,10,43,53,46,-,19.5,450,0.2
TXO,202609W2,20260909.0,44300.0,Call,-,-,-,-,-,-,-,0,0,0,0,5,-,2310,2000
TXO,202609W2,20260909.0,44300.0,Put,0.3,0.3,0.2,0.2,-,▼-0.5,▼-71.43%,9,286,295,210,0.1,1.7,259,0.2
TXO,202609W2,20260909.0,44350.0,Call,-,-,-,-,-,-,-,0,0,0,0,5,-,-,-
TXO,202609W2,20260909.0,44350.0,Put,0.2,0.2,0.2,0.2,-,▼-0.5,▼-71.43%,4,34,38,70,-,2.9,120,0.2
TXO,202609W2,20260909.0,44400.0,Call,-,-,-,-,-,-,-,0,0,0,0,5,-,1550,1550
TXO,202609W2,20260909.0,44400.0,Put,0.4,0.4,0.2,0.2,-,▼-0.6,▼-75.00%,13,107,120,231,0.1,10,293,0.2
TXO,202609W2,20260909.0,44450.0,Call,-,-,-,-,-,-,-,0,0,0,0,5,-,-,-
TXO,202609W2,20260909.0,44450.0,Put,0.2,0.2,0.2,0.2,-,▼-0.7,▼-77.78%,8,25,33,54,-,10,452,0.2
TXO,202609W2,20260909.0,44500.0,Call,-,-,-,-,-,-,-,0,0,0,0,5,-,-,-
TXO,202609W2,20260909.0,44500.0,Put,0.5,0.5,0.1,0.2,-,▼-0.7,▼-77.78%,160,42,202,342,0.1,4.8,720,0.1
TXO,202609W2,20260909.0,44550.0,Call,-,-,-,-,-,-,-,0,0,0,0,5,-,-,-
TXO,202609W2,20260909.0,44550.0,Put,0.5,0.7,0.2,0.2,-,▼-0.8,▼-80.00%,4,13,17,89,-,1,505,0.2
TXO,202609W2,20260909.0,44600.0,Call,-,-,-,-,-,-,-,0,0,0,0,5,-,1380,1380
TXO,202609W2,20260909.0,44600.0,Put,0.4,0.4,0.1,0.2,-,▼-0.8,▼-80.00%,23,81,104,207,0.1,1.9,775,0.1
TXO,202609W2,20260909.0,44650.0,Call,-,-,-,-,-,-,-,0,0,0,0,5,-,2120,2120
TXO,202609W2,20260909.0,44650.0,Put,0.4,0.4,0.2,0.2,-,▼-1,▼-83.33%,14,8,22,230,-,1,356,0.2
TXO,202609W2,20260909.0,44700.0,Call,-,-,-,-,-,-,-,0,0,0,0,5,-,1600,1300
TXO,202609W2,20260909.0,44700.0,Put,0.2,0.2,0.2,0.2,-,▼-1.2,▼-85.71%,18,15,33,267,0.1,11.5,380,0.2
TXO,202609W2,20260909.0,44750.0,Call,-,-,-,-,-,-,-,0,0,0,0,5,-,2030,2030
TXO,202609W2,20260909.0,44750.0,Put,0.2,0.2,0.2,0.2,-,▼-1.2,▼-85.71%,49,2,51,135,-,10,247,0.2
TXO,202609W2,20260909.0,44800.0,Call,-,-,-,-,-,-,-,2,0,2,400,5,-,2390,1460
TXO,202609W2,20260909.0,44800.0,Put,0.2,0.2,0.1,0.2,-,▼-1.3,▼-86.67%,57,41,98,289,0.1,1.9,305,0.1
TXO,202609W2,20260909.0,44850.0,Call,-,-,-,-,-,-,-,0,0,0,0,5,-,1940,1080
TXO,202609W2,20260909.0,44850.0,Put,0.5,0.5,0.2,0.2,-,▼-1.3,▼-86.67%,23,41,64,79,-,1,256,0.2
TXO,202609W2,20260909.0,44900.0,Call,-,-,-,-,-,-,-,0,0,0,1,5,-,1900,1670
TXO,202609W2,20260909.0,44900.0,Put,0.2,0.2,0.2,0.2,-,▼-1.6,▼-88.89%,75,29,104,210,0.1,3.6,530,0.2
TXO,202609W2,20260909.0,44950.0,Call,-,-,-,-,-,-,-,0,0,0,1,5,-,1900,1410
TXO,202609W2,20260909.0,44950.0,Put,0.2,0.3,0.2,0.2,-,▼-1.6,▼-88.89%,64,11,75,73,-,3.9,445,0.2
TXO,202609W2,20260909.0,45000.0,Call,2180,2180,2180,2180,-,▲+200,▲+10.10%,0,1,1,5,5,-,2180,970
TXO,202609W2,20260909.0,45000.0,Put,0.6,0.6,0.1,0.2,-,▼-1.7,▼-89.47%,504,316,820,1483,-,0.4,890,0.1
TXO,202609W2,20260909.0,45050.0,Call,-,-,-,-,-,-,-,0,0,0,0,5,-,1760,1760
TXO,202609W2,20260909.0,45050.0,Put,0.4,0.4,0.2,0.2,-,▼-1.8,▼-90.00%,122,56,178,110,-,9.8,440,0.2
TXO,202609W2,20260909.0,45100.0,Call,-,-,-,-,-,-,-,0,0,0,401,5,-,2110,905
TXO,202609W2,20260909.0,45100.0,Put,0.6,7.9,0.2,0.2,-,▼-2.1,▼-91.30%,139,26,165,268,-,4.9,406,0.2
TXO,202609W2,20260909.0,45150.0,Call,-,-,-,-,-,-,-,0,0,0,0,5,-,1680,950
TXO,202609W2,20260909.0,45150.0,Put,0.2,0.2,0.2,0.2,-,▼-2.3,▼-92.00%,119,6,125,138,-,12,360,0.2
TXO,202609W2,20260909.0,45200.0,Call,-,-,-,-,-,-,-,0,0,0,414,1840,-,2000,815
TXO,202609W2,20260909.0,45200.0,Put,0.9,0.9,0.1,0.1,-,▼-2.8,▼-96.55%,186,127,313,418,0.1,1.1,695,0.1
TXO,202609W2,20260909.0,45250.0,Call,-,-,-,-,-,-,-,0,0,0,1,5,-,1570,830
TXO,202609W2,20260909.0,45250.0,Put,2.3,2.3,0.3,0.3,-,▼-2.6,▼-89.66%,73,21,94,131,-,1,345,0.3
TXO,202609W2,20260909.0,45300.0,Call,2120,2120,2120,2120,-,▲+440,▲+26.19%,0,1,1,5,5,-,2120,830
TXO,202609W2,20260909.0,45300.0,Put,1,1,0.2,0.2,-,▼-3,▼-93.75%,124,357,481,353,-,3.9,585,0.2
TXO,202609W2,20260909.0,45350.0,Call,-,-,-,-,-,-,-,0,0,0,5,5,-,1520,745
TXO,202609W2,20260909.0,45350.0,Put,0.7,0.9,0.1,0.2,-,▼-3.2,▼-94.12%,53,45,98,142,-,11.5,500,0.1
TXO,202609W2,20260909.0,45400.0,Call,-,-,-,-,-,-,-,0,0,0,2,5,-,1460,700
TXO,202609W2,20260909.0,45400.0,Put,1,9.5,0.1,0.1,-,▼-3.8,▼-97.44%,163,566,729,492,-,1,417,0.1
TXO,202609W2,20260909.0,45450.0,Call,1750,1750,1750,1750,-,▲+210,▲+13.64%,1,1,2,7,5,-,1750,650
TXO,202609W2,20260909.0,45450.0,Put,1.1,1.3,0.1,0.2,-,▼-4.1,▼-95.35%,100,74,174,237,-,9.8,635,0.1
TXO,202609W2,20260909.0,45500.0,Call,-,-,-,-,-,-,-,6,0,6,407,5,-,1830,640
TXO,202609W2,20260909.0,45500.0,Put,1,2.4,0.1,0.1,-,▼-4.9,▼-98.00%,657,444,1101,1000,-,0.3,800,0.1
TXO,202609W2,20260909.0,45550.0,Call,-,-,-,-,-,-,-,0,0,0,10,5,-,885,600
TXO,202609W2,20260909.0,45550.0,Put,3.5,3.5,0.2,0.2,-,▼-5.3,▼-96.36%,164,42,206,269,0.1,0.5,675,0.2
TXO,202609W2,20260909.0,45600.0,Call,1630,1830,1580,1580,-,▲+190,▲+13.67%,3,6,9,402,5,1950,1830,570
TXO,202609W2,20260909.0,45600.0,Put,0.6,1.7,0.1,0.2,-,▼-5.3,▼-96.36%,458,217,675,416,-,4.4,900,0.1
TXO,202609W2,20260909.0,45650.0,Call,-,-,-,-,-,-,-,50,0,50,14,5,-,1370,590
TXO,202609W2,20260909.0,45650.0,Put,1.8,1.8,0.2,0.2,-,▼-5.8,▼-96.67%,379,247,626,168,0.1,1,710,0.2
TXO,202609W2,20260909.0,45700.0,Call,1610,1610,1520,1520,-,▲+230,▲+17.83%,13,2,15,379,5,1690,1610,530
TXO,202609W2,20260909.0,45700.0,Put,1.8,2,0.1,0.2,-,▼-6.7,▼-97.10%,482,315,797,460,-,0.3,790,0.1
TXO,202609W2,20260909.0,45750.0,Call,1440,1440,1440,1440,-,▲+200,▲+16.13%,4,1,5,14,22,-,1440,500
TXO,202609W2,20260909.0,45750.0,Put,1.8,2.3,0.2,0.2,-,▼-7.3,▼-97.33%,935,88,1023,467,-,1.6,845,0.2
TXO,202609W2,20260909.0,45800.0,Call,1390,1390,1380,1380,-,▲+190,▲+15.97%,81,10,91,27,1380,1400,1570,450
TXO,202609W2,20260909.0,45800.0,Put,1.5,2.5,0.1,0.2,-,▼-8.3,▼-97.65%,1575,405,1980,1628,-,1,770,0.1
TXO,202609W2,20260909.0,45850.0,Call,1340,1340,1340,1340,-,▲+200,▲+17.54%,319,2,321,35,83,-,1480,430
TXO,202609W2,20260909.0,45850.0,Put,1.9,2.7,0.2,0.2,-,▼-9.6,▼-97.96%,1162,211,1373,359,-,1,890,0.2
TXO,202609W2,20260909.0,45900.0,Call,-,-,-,-,-,-,-,15,0,15,22,1280,1300,1520,396
TXO,202609W2,20260909.0,45900.0,Put,2.8,2.8,0.2,0.2,-,▼-11.8,▼-98.33%,1893,425,2318,2608,-,0.7,820,0.2
TXO,202609W2,20260909.0,45950.0,Call,1450,1450,1240,1240,-,▲+200,▲+19.23%,2,2,4,32,74,-,1530,383
TXO,202609W2,20260909.0,45950.0,Put,3.3,3.5,0.2,0.2,-,▼-14.3,▼-98.62%,1325,333,1658,251,-,3,885,0.2
TXO,202609W2,20260909.0,46000.0,Call,1160,1470,1160,1220,-,▲+225,▲+22.61%,39,18,57,108,1180,1200,1470,350
TXO,202609W2,20260909.0,46000.0,Put,5.9,6.6,0.1,0.2,-,▼-15.8,▼-98.75%,6858,1011,7869,3857,-,0.3,960,0.1
TXO,202609W2,20260909.0,46050.0,Call,1290,1320,1290,1320,-,▲+375,▲+39.68%,20,2,22,40,73,-,1440,341
TXO,202609W2,20260909.0,46050.0,Put,3,3.9,0.1,0.2,-,▼-15.8,▼-98.75%,1516,255,1771,357,-,8,935,0.1
TXO,202609W2,20260909.0,46100.0,Call,1060,1370,1020,1080,-,▲+180,▲+20.00%,240,382,622,684,1080,1100,1410,321
TXO,202609W2,20260909.0,46100.0,Put,6.8,6.8,0.1,0.6,-,▼-20.4,▼-97.14%,3108,509,3617,1065,-,0.6,900,0.1
TXO,202609W2,20260909.0,46150.0,Call,950,950,950,950,-,▲+95,▲+11.11%,10,1,11,51,22,-,1220,305
TXO,202609W2,20260909.0,46150.0,Put,3.6,4.7,0.2,0.2,-,▼-24.3,▼-99.18%,2059,393,2452,408,-,0.6,810,0.2
TXO,202609W2,20260909.0,46200.0,Call,935,1270,890,995,-,▲+190,▲+23.60%,176,28,204,133,985,995,1270,278
TXO,202609W2,20260909.0,46200.0,Put,8.2,10,0.1,0.1,-,▼-27.9,▼-99.64%,4779,541,5320,1691,-,0.1,930,0.1
TXO,202609W2,20260909.0,46250.0,Call,905,1200,840,930,-,▲+170,▲+22.37%,70,19,89,61,69,-,1200,273
TXO,202609W2,20260909.0,46250.0,Put,6.5,6.7,0.2,0.2,-,▼-30.8,▼-99.35%,3050,498,3548,879,-,0.1,875,0.2
TXO,202609W2,20260909.0,46300.0,Call,890,1120,800,895,-,▲+180,▲+25.17%,185,25,210,114,885,895,1160,240
TXO,202609W2,20260909.0,46300.0,Put,11,11,0.1,0.2,-,▼-37.3,▼-99.47%,4955,948,5903,1682,-,0.4,975,0.1
TXO,202609W2,20260909.0,46350.0,Call,800,1120,765,870,-,▲+200,▲+29.85%,139,19,158,68,47,-,1140,210
TXO,202609W2,20260909.0,46350.0,Put,10,10,0.1,0.2,-,▼-43.3,▼-99.54%,2325,828,3153,454,-,0.6,1150,0.1
TXO,202609W2,20260909.0,46400.0,Call,745,1010,745,790,-,▲+155,▲+24.41%,353,77,430,138,785,-,1070,215
TXO,202609W2,20260909.0,46400.0,Put,12.5,14,0.1,0.2,-,▼-49.3,▼-99.60%,5889,1509,7398,1583,-,0.5,845,0.1
TXO,202609W2,20260909.0,46450.0,Call,685,1010,685,795,-,▲+210,▲+35.90%,89,16,105,60,37,745,1030,206
TXO,202609W2,20260909.0,46450.0,Put,14,15,0.2,0.2,-,▼-56.8,▼-99.65%,2718,671,3389,478,-,2.5,850,0.2
TXO,202609W2,20260909.0,46500.0,Call,615,1010,595,690,-,▲+155,▲+28.97%,998,222,1220,262,685,695,1020,184
TXO,202609W2,20260909.0,46500.0,Put,20,20.5,0.1,0.2,-,▼-65.8,▼-99.70%,10154,2387,12541,2502,-,0.4,970,0.1
TXO,202609W2,20260909.0,46550.0,Call,685,900,575,645,-,▲+160,▲+32.99%,475,51,526,68,63,645,955,120
TXO,202609W2,20260909.0,46550.0,Put,20,22,0.1,0.2,-,▼-69.8,▼-99.71%,2684,929,3613,539,-,0.8,925,0.1
TXO,202609W2,20260909.0,46600.0,Call,515,895,487,590,-,▲+120,▲+25.53%,1184,281,1465,319,590,600,930,158
TXO,202609W2,20260909.0,46600.0,Put,27.5,27.5,0.1,0.6,-,▼-79.4,▼-99.25%,6087,3286,9373,1713,0.1,0.3,1130,0.1
TXO,202609W2,20260909.0,46650.0,Call,495,860,455,540,-,▲+120,▲+28.57%,849,62,911,72,535,1200,860,152
TXO,202609W2,20260909.0,46650.0,Put,20,32.5,0.1,0.2,-,▼-99.8,▼-99.80%,2813,1451,4264,632,-,0.3,750,0.1
TXO,202609W2,20260909.0,46700.0,Call,433,810,390,491,-,▲+117,▲+31.28%,2483,432,2915,400,490,491,810,140
TXO,202609W2,20260909.0,46700.0,Put,38,38,0.1,0.1,-,▼-114.9,▼-99.91%,6478,3380,9858,1417,-,0.5,1000,0.1
TXO,202609W2,20260909.0,46750.0,Call,407,760,347,437,-,▲+78,▲+21.73%,1295,182,1477,150,440,-,760,144
TXO,202609W2,20260909.0,46750.0,Put,36,41,0.2,0.2,-,▼-128.8,▼-99.84%,3047,2027,5074,1052,-,0.5,920,0.2
TXO,202609W2,20260909.0,46800.0,Call,325,700,300,390,-,▲+65,▲+20.00%,3522,788,4310,435,390,391,750,122
TXO,202609W2,20260909.0,46800.0,Put,55,55,0.1,0.1,-,▼-149.9,▼-99.93%,7800,5269,13069,1986,-,0.1,1000,0.1
TXO,202609W2,20260909.0,46850.0,Call,286,655,247,341,-,▲+47,▲+15.99%,1407,266,1673,116,158,341,670,95
TXO,202609W2,20260909.0,46850.0,Put,75,75,0.1,0.2,-,▼-165.8,▼-99.88%,2258,3571,5829,673,-,0.3,1040,0.1
TXO,202609W2,20260909.0,46900.0,Call,239,600,192,289,-,▲+25,▲+9.47%,4173,996,5169,373,289,290,660,100
TXO,202609W2,20260909.0,46900.0,Put,81,81,0.1,0.2,-,▼-186.8,▼-99.89%,5449,6390,11839,1639,-,0.3,1140,0.1
TXO,202609W2,20260909.0,46950.0,Call,237,550,146,240,-,▼-7,▼-2.83%,2390,611,3001,133,239,261,615,98
TXO,202609W2,20260909.0,46950.0,Put,81,84,0.1,0.3,-,▼-211.7,▼-99.86%,2515,5169,7684,946,-,0.3,700,0.1
TXO,202609W2,20260909.0,47000.0,Call,165,520,104,189,-,▼-28,▼-12.90%,12901,6941,19842,879,189,190,605,85
TXO,202609W2,20260909.0,47000.0,Put,120,120,0.1,0.1,-,▼-235.9,▼-99.96%,7662,21320,28982,4287,-,0.1,1330,0.1
TXO,202609W2,20260909.0,47050.0,Call,173,464,71,139,-,▼-49,▼-26.06%,2144,2059,4203,258,139,140,705,71
TXO,202609W2,20260909.0,47050.0,Put,117,125,0.1,0.1,-,▼-257.9,▼-99.96%,1527,8198,9725,1160,-,0.3,940,0.1
TXO,202609W2,20260909.0,47100.0,Call,128,419,45.5,90,-,▼-79,▼-46.75%,7157,8837,15994,994,89,90,520,45.5
TXO,202609W2,20260909.0,47100.0,Put,141,146,0.1,0.1,-,▼-294.9,▼-99.97%,3674,18575,22249,3584,-,0.1,1080,0.1
TXO,202609W2,20260909.0,47150.0,Call,107,370,25,39,-,▼-112,▼-74.17%,3533,8219,11752,468,39,39.5,481,25
TXO,202609W2,20260909.0,47150.0,Put,156,173,0.1,0.3,-,▼-311.7,▼-99.90%,1136,13939,15075,3130,-,0.3,815,0.1
TXO,202609W2,20260909.0,47200.0,Call,87,326,0.1,0.1,-,▼-131.9,▼-99.92%,7463,27713,35176,4108,-,0.1,505,0.1
TXO,202609W2,20260909.0,47200.0,Put,203,203,0.7,11,-,▼-337,▼-96.84%,3981,35709,39690,4005,11,11.5,1420,0.7
TXO,202609W2,20260909.0,47250.0,Call,71,280,0.1,0.5,-,▼-111.5,▼-99.55%,3552,16158,19710,3237,-,0.5,417,0.1
TXO,202609W2,20260909.0,47250.0,Put,222,222,11.5,60,-,▼-320,▼-84.21%,668,16614,17282,1052,60,61,815,11.5
TXO,202609W2,20260909.0,47300.0,Call,53,235,0.1,0.2,-,▼-98.8,▼-99.80%,7939,23501,31440,4557,-,0.2,409,0.1
TXO,202609W2,20260909.0,47300.0,Put,296,296,17,111,-,▼-308,▼-73.51%,1142,26213,27355,1215,110,111,1490,17
TXO,202609W2,20260909.0,47350.0,Call,46.5,191,0.1,0.1,-,▼-84.9,▼-99.88%,3533,12143,15676,2176,-,0.2,361,0.1
TXO,202609W2,20260909.0,47350.0,Put,297,298,24,159,-,▼-303,▼-65.58%,370,9892,10262,867,159,163,850,24
TXO,202609W2,20260909.0,47400.0,Call,37,153,0.1,0.1,-,▼-72.9,▼-99.86%,5524,19212,24736,2834,0.1,0.3,468,0.1
TXO,202609W2,20260909.0,47400.0,Put,330,346,34.5,210,-,▼-295,▼-58.42%,494,15123,15617,1172,208,210,1530,34.5
TXO,202609W2,20260909.0,47450.0,Call,33,118,0.1,0.1,-,▼-61.9,▼-99.84%,2490,9926,12416,1989,-,0.1,309,0.1
TXO,202609W2,20260909.0,47450.0,Put,384,388,49,261,-,▼-269,▼-50.75%,216,5667,5883,395,259,261,970,49
TXO,202609W2,20260909.0,47500.0,Call,21.5,89,0.1,0.9,-,▼-52.1,▼-98.30%,7513,20691,28204,4175,-,0.9,421,0.1
TXO,202609W2,20260909.0,47500.0,Put,400,424,60,308,-,▼-267,▼-46.43%,611,10160,10771,894,309,310,1200,60
TXO,202609W2,20260909.0,47550.0,Call,22,66,0.1,0.1,-,▼-45.4,▼-99.78%,2236,8818,11054,1373,-,0.4,260,0.1
TXO,202609W2,20260909.0,47550.0,Put,420,452,91,358,-,▼-267,▼-42.72%,293,2138,2431,165,358,362,975,91
TXO,202609W2,20260909.0,47600.0,Call,14,50,0.1,0.1,-,▼-37.9,▼-99.74%,4419,10182,14601,2773,-,0.3,370,0.1
TXO,202609W2,20260909.0,47600.0,Put,520,525,124,408,-,▼-247,▼-37.71%,138,2657,2795,226,408,410,1210,124
TXO,202609W2,20260909.0,47650.0,Call,10,38.5,0.1,0.2,-,▼-33.8,▼-99.41%,1966,4440,6406,861,0.1,0.3,404,0.1
TXO,202609W2,20260909.0,47650.0,Put,555,580,165,461,-,▼-244,▼-34.61%,38,785,823,33,458,463,1850,165
TXO,202609W2,20260909.0,47700.0,Call,10,29,0.2,0.3,-,▼-28.7,▼-98.97%,2653,6530,9183,2096,0.1,0.3,391,0.2
TXO,202609W2,20260909.0,47700.0,Put,605,605,200,510,-,▼-240,▼-32.00%,21,1024,1045,98,510,515,1430,200
TXO,202609W2,20260909.0,47750.0,Call,7.9,21.5,0.1,0.1,-,▼-21.9,▼-99.55%,960,2218,3178,780,-,0.1,182,0.1
TXO,202609W2,20260909.0,47750.0,Put,680,680,247,555,-,▼-245,▼-30.63%,62,241,303,42,555,565,965,247
TXO,202609W2,20260909.0,47800.0,Call,6.2,17.5,0.1,0.2,-,▼-18.8,▼-98.95%,2369,4501,6870,2298,-,0.4,345,0.1
TXO,202609W2,20260909.0,47800.0,Put,725,735,297,610,-,▼-235,▼-27.81%,18,312,330,48,605,610,1120,297
TXO,202609W2,20260909.0,47850.0,Call,3.3,13,0.1,0.5,-,▼-15,▼-96.77%,435,885,1320,418,-,12,150,0.1
TXO,202609W2,20260909.0,47850.0,Put,775,775,345,665,-,▼-225,▼-25.28%,5,95,100,26,655,665,1200,345
TXO,202609W2,20260909.0,47900.0,Call,4.7,9.4,0.1,0.2,-,▼-13.3,▼-98.52%,1407,2130,3537,1104,-,0.5,265,0.1
TXO,202609W2,20260909.0,47900.0,Put,755,755,388,715,-,▼-220,▼-23.53%,5,79,84,32,705,715,2100,388
TXO,202609W2,20260909.0,47950.0,Call,4.5,6.8,0.1,0.1,-,▼-11.4,▼-99.13%,278,462,740,280,-,3,120,0.1
TXO,202609W2,20260909.0,47950.0,Put,820,820,456,755,-,▼-225,▼-22.96%,5,99,104,16,755,765,1070,456
TXO,202609W2,20260909.0,48000.0,Call,2.5,6,0.1,0.1,-,▼-9.8,▼-98.99%,2305,3132,5437,4011,-,0.1,284,0.1
TXO,202609W2,20260909.0,48000.0,Put,925,925,489,810,-,▼-220,▼-21.36%,6,126,132,22,805,815,1520,489
TXO,202609W2,20260909.0,48050.0,Call,2.4,4.5,0.1,0.2,-,▼-8.8,▼-97.78%,209,442,651,525,-,1,100,0.1
TXO,202609W2,20260909.0,48050.0,Put,935,955,575,855,-,▼-225,▼-20.83%,6,58,64,13,855,865,1370,575
TXO,202609W2,20260909.0,48100.0,Call,3,3.6,0.1,0.2,-,▼-7,▼-97.22%,453,793,1246,714,0.1,7.6,203,0.1
TXO,202609W2,20260909.0,48100.0,Put,950,950,865,890,-,▼-240,▼-21.24%,2,18,20,12,905,915,2280,670
TXO,202609W2,20260909.0,48150.0,Call,2.3,2.8,0.1,0.3,-,▼-6.3,▼-95.45%,161,125,286,167,-,6,82,0.1
TXO,202609W2,20260909.0,48150.0,Put,1000,1000,815,955,-,▼-225,▼-19.07%,8,33,41,2,955,965,1510,745
TXO,202609W2,20260909.0,48200.0,Call,1.6,2.7,0.1,0.2,-,▼-5.2,▼-96.30%,399,2150,2549,1626,-,0.5,222,0.1
TXO,202609W2,20260909.0,48200.0,Put,1070,1070,690,1000,-,▼-230,▼-18.70%,13,14,27,22,1000,1020,1980,690
TXO,202609W2,20260909.0,48250.0,Call,1,2.4,0.1,0.2,-,▼-4.3,▼-95.56%,110,213,323,238,-,1.1,62,0.1
TXO,202609W2,20260909.0,48250.0,Put,915,1060,765,1060,-,▼-210,▼-16.54%,9,23,32,12,1050,1070,1520,765
TXO,202609W2,20260909.0,48300.0,Call,1,1.9,0.1,0.2,-,▼-3.8,▼-95.00%,381,999,1380,783,-,1,198,0.1
TXO,202609W2,20260909.0,48300.0,Put,1030,1100,1030,1100,-,▼-220,▼-16.67%,5,2,7,14,1100,1120,1570,860
TXO,202609W2,20260909.0,48350.0,Call,1,1.9,0.1,0.5,-,▼-3.4,▼-87.18%,117,356,473,383,0.1,0.9,50,0.1
TXO,202609W2,20260909.0,48350.0,Put,955,1170,910,1170,-,▼-200,▼-14.60%,0,46,46,13,1150,1170,1510,745
TXO,202609W2,20260909.0,48400.0,Call,1,1.5,0.1,0.2,-,▼-3,▼-93.75%,268,478,746,444,-,0.1,163,0.1
TXO,202609W2,20260909.0,48400.0,Put,-,-,-,-,-,-,-,0,0,0,5,1200,1220,1620,1000
TXO,202609W2,20260909.0,48450.0,Call,1.5,1.6,0.2,0.2,-,▼-2.9,▼-93.55%,44,131,175,54,-,11,21,0.2
TXO,202609W2,20260909.0,48450.0,Put,-,-,-,-,-,-,-,0,0,0,0,1250,1270,-,-
TXO,202609W2,20260909.0,48500.0,Call,1.3,1.5,0.2,0.2,-,▼-2.8,▼-93.33%,336,516,852,802,-,0.5,145,0.2
TXO,202609W2,20260909.0,48500.0,Put,-,-,-,-,-,-,-,1,0,1,5,1300,1320,1690,1000
TXO,202609W2,20260909.0,48550.0,Call,0.8,1,0.1,0.2,-,▼-2.5,▼-92.59%,204,40,244,193,-,3.8,14.5,0.1
TXO,202609W2,20260909.0,48550.0,Put,-,-,-,-,-,-,-,0,0,0,0,1350,1370,-,-
TXO,202609W2,20260909.0,48600.0,Call,1.1,1.2,0.1,0.2,-,▼-2.1,▼-91.30%,156,742,898,655,-,1.1,111,0.1
TXO,202609W2,20260909.0,48600.0,Put,1260,1260,1100,1100,-,▼-520,▼-32.10%,0,4,4,5,1400,1420,1810,1100
TXO,202609W2,20260909.0,48650.0,Call,0.2,0.2,0.2,0.2,-,▼-1.8,▼-90.00%,27,18,45,28,-,1.8,12,0.2
TXO,202609W2,20260909.0,48650.0,Put,-,-,-,-,-,-,-,0,0,0,0,1450,1470,-,-
TXO,202609W2,20260909.0,48700.0,Call,0.8,0.8,0.2,0.2,-,▼-1.8,▼-90.00%,132,108,240,566,-,1,108,0.2
TXO,202609W2,20260909.0,48700.0,Put,-,-,-,-,-,-,-,0,0,0,2,1500,1520,1980,1410
TXO,202609W2,20260909.0,48800.0,Call,0.5,0.5,0.1,0.2,-,▼-1.3,▼-86.67%,43,190,233,981,-,0.3,101,0.1
TXO,202609W2,20260909.0,48800.0,Put,-,-,-,-,-,-,-,0,0,0,1,1600,1620,1560,1560
TXO,202609W2,20260909.0,48900.0,Call,0.8,0.9,0.1,0.2,-,▼-0.9,▼-81.82%,91,55,146,825,-,7,77,0.1
TXO,202609W2,20260909.0,48900.0,Put,-,-,-,-,-,-,-,0,0,0,1,1700,1720,1610,1610
TXO,202609W2,20260909.0,49000.0,Call,0.5,0.5,0.1,0.2,-,▼-0.8,▼-80.00%,107,67,174,4097,-,0.5,77,0.1
TXO,202609W2,20260909.0,49000.0,Put,-,-,-,-,-,-,-,0,0,0,1,1800,1820,1770,1770
TXO,202609W2,20260909.0,49100.0,Call,0.3,0.3,0.2,0.2,-,▼-0.7,▼-77.78%,3,32,35,629,-,59,78,0.2
TXO,202609W2,20260909.0,49100.0,Put,-,-,-,-,-,-,-,0,0,0,1,1900,1920,1910,1910
TXO,202609W2,20260909.0,49200.0,Call,0.2,9.8,0.2,0.2,-,▼-0.5,▼-71.43%,7,9,16,272,-,9,69,0.2
TXO,202609W2,20260909.0,49200.0,Put,-,-,-,-,-,-,-,0,0,0,2,2000,2020,2170,2170
TXO,202609W2,20260909.0,49300.0,Call,0.5,0.5,0.2,0.3,-,▼-0.3,▼-50.00%,10,11,21,251,-,3.6,45,0.2
TXO,202609W2,20260909.0,49300.0,Put,-,-,-,-,-,-,-,0,0,0,0,2100,2120,-,-
TXO,202609W2,20260909.0,49400.0,Call,0.2,0.2,0.2,0.2,-,▼-0.4,▼-66.67%,33,4,37,180,-,1,45.5,0.2
TXO,202609W2,20260909.0,49400.0,Put,-,-,-,-,-,-,-,0,0,0,0,2200,-,-,-
TXO,202609W2,20260909.0,49500.0,Call,0.3,0.3,0.1,0.2,-,▼-0.2,▼-50.00%,3,9,12,524,-,-,50,0.1
TXO,202609W2,20260909.0,49500.0,Put,-,-,-,-,-,-,-,0,0,0,0,-,-,-,-
TXO,202609W2,20260909.0,49600.0,Call,0.2,0.2,0.2,0.2,-,▼-0.1,▼-33.33%,4,6,10,34,-,98,48,0.2
TXO,202609W2,20260909.0,49600.0,Put,-,-,-,-,-,-,-,0,0,0,0,-,-,-,-
TXO,202609W2,20260909.0,49700.0,Call,0.2,0.2,0.2,0.2,-,▼-0.1,▼-33.33%,11,25,36,29,-,0.2,41.5,0.1
TXO,202609W2,20260909.0,49700.0,Put,-,-,-,-,-,-,-,0,0,0,0,-,-,-,-
TXO,202609W2,20260909.0,49800.0,Call,0.2,0.2,0.2,0.2,-,0,0%,0,18,18,86,-,29,28.5,0.1
TXO,202609W2,20260909.0,49800.0,Put,-,-,-,-,-,-,-,0,0,0,1,-,-,3680,3680
TXO,202609W2,20260909.0,49900.0,Call,0.2,0.2,0.2,0.2,-,0,0%,1,21,22,26,-,-,46,0.2
TXO,202609W2,20260909.0,49900.0,Put,-,-,-,-,-,-,-,0,0,0,1,-,-,3780,3780
TXO,202609W2,20260909.0,50000.0,Call,0.2,0.2,0.2,0.2,-,0,0%,0,2,2,2227,-,1.5,16,0.1
TXO,202609W2,20260909.0,50000.0,Put,-,-,-,-,-,-,-,0,0,0,0,-,-,-,-
TXO,202609W2,20260909.0,50100.0,Call,-,-,-,-,-,-,-,0,0,0,73,-,-,7.9,1
TXO,202609W2,20260909.0,50100.0,Put,-,-,-,-,-,-,-,0,0,0,0,-,-,-,-
TXO,202609W2,20260909.0,50200.0,Call,0.2,0.2,0.2,0.2,-,0,0%,0,2,2,7,-,-,13.5,0.2
TXO,202609W2,20260909.0,50200.0,Put,-,-,-,-,-,-,-,0,0,0,0,-,-,-,-
TXO,202609W2,20260909.0,50300.0,Call,0.2,0.2,0.2,0.2,-,0,0%,0,1,1,2,-,-,25.5,0.2
TXO,202609W2,20260909.0,50300.0,Put,-,-,-,-,-,-,-,0,0,0,0,-,-,-,-
TXO,202609W2,20260909.0,50400.0,Call,-,-,-,-,-,-,-,0,0,0,27,-,2,24,0.5
TXO,202609W2,20260909.0,50400.0,Put,-,-,-,-,-,-,-,0,0,0,0,-,-,-,-
TXO,202609W2,20260909.0,50500.0,Call,-,-,-,-,-,-,-,0,0,0,80,-,-,22,0.5
TXO,202609W2,20260909.0,50500.0,Put,-,-,-,-,-,-,-,0,0,0,0,-,-,-,-
TXO,202609W2,20260909.0,50600.0,Call,-,-,-,-,-,-,-,0,0,0,27,-,50,9.2,0.9
TXO,202609W2,20260909.0,50600.0,Put,-,-,-,-,-,-,-,0,0,0,0,-,-,-,-
TXO,202609W2,20260909.0,50700.0,Call,-,-,-,-,-,-,-,0,0,0,1,-,48.5,0.3,0.3
TXO,202609W2,20260909.0,50700.0,Put,-,-,-,-,-,-,-,0,0,0,0,-,-,-,-
TXO,202609W2,20260909.0,50800.0,Call,-,-,-,-,-,-,-,0,0,0,0,-,-,-,-
TXO,202609W2,20260909.0,50800.0,Put,-,-,-,-,-,-,-,0,0,0,0,-,-,-,-
TXO,202609W2,20260909.0,50900.0,Call,-,-,-,-,-,-,-,0,0,0,5,-,31,1,1
TXO,202609W2,20260909.0,50900.0,Put,-,-,-,-,-,-,-,0,0,0,0,-,-,-,-
TXO,202609W2,20260909.0,51000.0,Call,-,-,-,-,-,-,-,6,0,6,928,-,2.9,6.6,0.2
TXO,202609W2,20260909.0,51000.0,Put,-,-,-,-,-,-,-,0,0,0,0,-,-,-,-
TXO,202609W2,20260909.0,51100.0,Call,-,-,-,-,-,-,-,0,0,0,0,-,-,-,-
TXO,202609W2,20260909.0,51100.0,Put,-,-,-,-,-,-,-,0,0,0,0,-,-,-,-
TXO,202609W2,20260909.0,51200.0,Call,-,-,-,-,-,-,-,0,0,0,0,-,-,-,-
TXO,202609W2,20260909.0,51200.0,Put,-,-,-,-,-,-,-,0,0,0,0,-,-,-,-
TXO,202609W2,20260909.0,51300.0,Call,-,-,-,-,-,-,-,0,0,0,0,-,-,-,-
TXO,202609W2,20260909.0,51300.0,Put,-,-,-,-,-,-,-,0,0,0,0,-,-,-,-
TXO,202609W2,20260909.0,51400.0,Call,-,-,-,-,-,-,-,0,0,0,10,-,56,0.7,0.7
TXO,202609W2,20260909.0,51400.0,Put,-,-,-,-,-,-,-,0,0,0,0,-,-,-,-
TXO,202609W2,20260909.0,51500.0,Call,-,-,-,-,-,-,-,0,0,0,3,-,56,0.2,0.2
TXO,202609W2,20260909.0,51500.0,Put,-,-,-,-,-,-,-,0,0,0,0,-,-,-,-
TXO,202609W2,20260909.0,51600.0,Call,-,-,-,-,-,-,-,0,0,0,0,-,-,-,-
TXO,202609W2,20260909.0,51600.0,Put,-,-,-,-,-,-,-,0,0,0,0,-,-,-,-
TXO,202609W2,20260909.0,51700.0,Call,-,-,-,-,-,-,-,0,0,0,1,-,-,3.8,0.2
TXO,202609W2,20260909.0,51700.0,Put,-,-,-,-,-,-,-,0,0,0,0,-,-,-,-
TXO,202609W2,20260909.0,51800.0,Call,-,-,-,-,-,-,-,0,0,0,0,-,-,-,-
TXO,202609W2,20260909.0,51800.0,Put,-,-,-,-,-,-,-,0,0,0,0,-,-,-,-
TXO,202609W2,20260909.0,51900.0,Call,-,-,-,-,-,-,-,0,0,0,0,-,-,-,-
TXO,202609W2,20260909.0,51900.0,Put,-,-,-,-,-,-,-,0,0,0,0,-,-,-,-
TXO,202609W2,20260909.0,52000.0,Call,-,-,-,-,-,-,-,0,0,0,0,-,-,-,-
TXO,202609W2,20260909.0,52000.0,Put,-,-,-,-,-,-,-,0,0,0,0,-,-,-,-
TXO,202609W2,20260909.0,52100.0,Call,-,-,-,-,-,-,-,0,0,0,0,-,-,-,-
TXO,202609W2,20260909.0,52100.0,Put,-,-,-,-,-,-,-,0,0,0,0,-,-,-,-
TXO,202609F2,20260911.0,41200.0,Call,-,-,-,-,5930,-,-,0,0,0,0,5900,5950,-,-
TXO,202609F2,20260911.0,41200.0,Put,2.9,2.9,1.3,1.3,0.8,▼-1.7,▼-56.67%,9,36,45,51,0.4,1.1,11.5,1.3
TXO,202609F2,20260911.0,41300.0,Call,-,-,-,-,5830,-,-,0,0,0,0,5800,5850,-,-
TXO,202609F2,20260911.0,41300.0,Put,2.6,2.7,1.4,1.4,0.9,▼-2.2,▼-61.11%,3,42,45,60,0.6,1.3,49,1.4
TXO,202609F2,20260911.0,41400.0,Call,-,-,-,-,5730,-,-,0,0,0,0,5700,5750,-,-
TXO,202609F2,20260911.0,41400.0,Put,1.5,1.5,1.5,1.5,0.9,▼-2.1,▼-58.33%,0,5,5,6,0.5,1.1,26,1.5
TXO,202609F2,20260911.0,41500.0,Call,-,-,-,-,5630,-,-,0,0,0,0,5600,5650,-,-
TXO,202609F2,20260911.0,41500.0,Put,1.5,1.5,1.5,1.5,0.9,▼-2.3,▼-60.53%,0,5,5,8,0.6,1.2,41.5,1.5
TXO,202609F2,20260911.0,41600.0,Call,-,-,-,-,5530,-,-,0,0,0,0,5500,5550,-,-
TXO,202609F2,20260911.0,41600.0,Put,2.4,2.4,1.6,1.6,1,▼-2.5,▼-60.98%,0,7,7,14,0.6,1.2,51,1.6
TXO,202609F2,20260911.0,41700.0,Call,-,-,-,-,5430,-,-,0,0,0,0,-,5450,-,-
TXO,202609F2,20260911.0,41700.0,Put,1.7,1.7,1.7,1.7,1.1,▼-2.7,▼-61.36%,0,5,5,6,0.7,1.4,5.1,1.7
TXO,202609F2,20260911.0,41800.0,Call,-,-,-,-,5330,-,-,0,0,0,0,5300,5350,-,-
TXO,202609F2,20260911.0,41800.0,Put,3.3,3.3,1.7,1.7,1.1,▼-2.8,▼-62.22%,0,12,12,14,0.8,1.4,58,1.7
TXO,202609F2,20260911.0,41900.0,Call,-,-,-,-,5230,-,-,0,0,0,0,-,5250,-,-
TXO,202609F2,20260911.0,41900.0,Put,1.8,1.8,1.8,1.8,1.3,▼-2.9,▼-61.70%,1,5,6,6,0.8,1.5,47,1.8
TXO,202609F2,20260911.0,42000.0,Call,-,-,-,-,5130,-,-,0,0,0,0,5100,5150,-,-
TXO,202609F2,20260911.0,42000.0,Put,2.8,2.8,1.9,1.9,1.3,▼-3,▼-61.22%,2,24,26,22,1.3,1.6,50,1.9
TXO,202609F2,20260911.0,42100.0,Call,-,-,-,-,5030,-,-,0,0,0,0,5000,5050,-,-
TXO,202609F2,20260911.0,42100.0,Put,1.8,1.8,1.8,1.8,1.4,▼-3.5,▼-66.04%,0,5,5,11,0.9,1.6,72,1.8
TXO,202609F2,20260911.0,42200.0,Call,-,-,-,-,4930,-,-,0,0,0,0,4900,4950,-,-
TXO,202609F2,20260911.0,42200.0,Put,1.8,1.9,1.8,1.9,1.5,▼-3.5,▼-64.81%,0,6,6,21,1.1,1.7,69,1.8
TXO,202609F2,20260911.0,42300.0,Call,-,-,-,-,4830,-,-,0,0,0,0,4800,4850,-,-
TXO,202609F2,20260911.0,42300.0,Put,2,2,2,2,1.6,▼-3.8,▼-65.52%,0,5,5,13,1.2,1.9,41.5,2
TXO,202609F2,20260911.0,42400.0,Call,-,-,-,-,4730,-,-,0,0,0,0,4700,4770,-,-
TXO,202609F2,20260911.0,42400.0,Put,3.9,3.9,2.2,2.2,1.7,▼-3.9,▼-63.93%,0,9,9,9,1.3,1.9,52,2.2
TXO,202609F2,20260911.0,42500.0,Call,-,-,-,-,4630,-,-,0,0,0,0,4600,4650,-,-
TXO,202609F2,20260911.0,42500.0,Put,2.3,2.3,2.3,2.3,1.8,▼-4.1,▼-64.06%,0,5,5,30,1.4,2,88,2.3
TXO,202609F2,20260911.0,42600.0,Call,-,-,-,-,4530,-,-,0,0,0,0,0.2,4550,-,-
TXO,202609F2,20260911.0,42600.0,Put,3.3,3.3,2.4,2.4,1.9,▼-4.3,▼-64.18%,0,6,6,21,1.5,2.2,95,2.4
TXO,202609F2,20260911.0,42700.0,Call,-,-,-,-,4430,-,-,0,0,0,0,0.2,4450,-,-
TXO,202609F2,20260911.0,42700.0,Put,5.2,5.2,2.5,2.5,2,▼-4.3,▼-63.24%,0,6,6,15,1.6,2.2,102,2.5
TXO,202609F2,20260911.0,42800.0,Call,-,-,-,-,4330,-,-,0,0,0,0,0.2,4350,-,-
TXO,202609F2,20260911.0,42800.0,Put,4.8,5.2,2.5,2.6,2.1,▼-4.8,▼-64.86%,3,11,14,46,1.7,2.3,108,2.5
TXO,202609F2,20260911.0,42900.0,Call,-,-,-,-,4230,-,-,0,0,0,0,0.2,4250,-,-
TXO,202609F2,20260911.0,42900.0,Put,4.9,4.9,2.7,2.7,2.3,▼-4.8,▼-64.00%,0,6,6,24,1.9,2.5,117,2.7
TXO,202609F2,20260911.0,43000.0,Call,-,-,-,-,4130,-,-,0,0,0,0,0.2,4150,-,-
TXO,202609F2,20260911.0,43000.0,Put,6,6.3,2.7,2.8,2.3,▼-4.8,▼-63.16%,1,16,17,27,2,2.6,126,2.7
TXO,202609F2,20260911.0,43100.0,Call,-,-,-,-,4030,-,-,0,0,0,0,4000,-,-,-
TXO,202609F2,20260911.0,43100.0,Put,2.8,2.8,2.1,2.1,2.4,▼-5.7,▼-73.08%,0,13,13,13,2.1,2.7,136,2.1
TXO,202609F2,20260911.0,43200.0,Call,-,-,-,-,3930,-,-,0,0,0,0,3900,-,-,-
TXO,202609F2,20260911.0,43200.0,Put,5.2,5.2,3.1,3.1,2.6,▼-5.9,▼-65.56%,2,11,13,25,2.2,2.8,130,3.1
TXO,202609F2,20260911.0,43300.0,Call,-,-,-,-,3830,-,-,0,0,0,0,3800,-,-,-
TXO,202609F2,20260911.0,43300.0,Put,6.1,6.1,3.3,3.3,2.7,▼-6,▼-64.52%,1,32,33,33,2.3,2.9,80,3.3
TXO,202609F2,20260911.0,43400.0,Call,-,-,-,-,3730,-,-,0,0,0,0,3710,-,-,-
TXO,202609F2,20260911.0,43400.0,Put,6.3,6.3,3.4,3.4,2.8,▼-6.5,▼-65.66%,2,53,55,62,2.4,3,163,3.4
TXO,202609F2,20260911.0,43500.0,Call,-,-,-,-,3630,-,-,0,0,0,0,3610,-,2440,2440
TXO,202609F2,20260911.0,43500.0,Put,7.8,7.8,3.1,3.6,2.9,▼-6.9,▼-65.71%,8,34,42,60,2.5,3.1,147,3.1
TXO,202609F2,20260911.0,43600.0,Call,-,-,-,-,3530,-,-,0,0,0,0,3510,-,-,-
TXO,202609F2,20260911.0,43600.0,Put,5.5,5.5,3.8,3.8,3,▼-7.2,▼-65.45%,0,10,10,8,2.5,3.2,164,3.8
TXO,202609F2,20260911.0,43700.0,Call,-,-,-,-,3430,-,-,0,0,0,0,3410,-,-,-
TXO,202609F2,20260911.0,43700.0,Put,6.6,6.6,2.8,3.5,3.2,▼-8,▼-69.57%,0,41,41,48,2.7,3.3,208,2.8
TXO,202609F2,20260911.0,43800.0,Call,-,-,-,-,3330,-,-,0,0,0,0,3310,-,-,-
TXO,202609F2,20260911.0,43800.0,Put,9.3,9.3,2.9,2.9,3.3,▼-9.1,▼-75.83%,2,51,53,44,2.8,3,181,2.9
TXO,202609F2,20260911.0,43900.0,Call,-,-,-,-,3230,-,-,0,0,0,0,3210,-,-,-
TXO,202609F2,20260911.0,43900.0,Put,6,6,3,3,3.4,▼-10.5,▼-77.78%,2,13,15,20,2.9,3,174,3
TXO,202609F2,20260911.0,44000.0,Call,-,-,-,-,3130,-,-,0,0,0,0,3110,-,-,-
TXO,202609F2,20260911.0,44000.0,Put,9.4,9.4,3.2,3.2,3.6,▼-11.3,▼-77.93%,26,146,172,137,3.1,3.6,257,3.2
TXO,202609F2,20260911.0,44100.0,Call,-,-,-,-,3030,-,-,0,0,0,0,2810,-,-,-
TXO,202609F2,20260911.0,44100.0,Put,9.4,9.4,4.3,4.8,4,▼-10.2,▼-68.00%,0,14,14,37,3.5,4.2,246,4.3
TXO,202609F2,20260911.0,44200.0,Call,-,-,-,-,2930,-,-,0,0,0,0,2710,-,-,-
TXO,202609F2,20260911.0,44200.0,Put,10,10,4,4,4,▼-12,▼-75.00%,0,29,29,36,3.5,4.2,163,4
TXO,202609F2,20260911.0,44300.0,Call,-,-,-,-,2830,-,-,0,0,0,0,2610,2860,-,-
TXO,202609F2,20260911.0,44300.0,Put,12.5,12.5,4.8,4.8,4.5,▼-12.7,▼-72.57%,2,35,37,112,3.8,5,264,4.8
TXO,202609F2,20260911.0,44400.0,Call,-,-,-,-,2730,-,-,0,0,0,0,2510,-,-,-
TXO,202609F2,20260911.0,44400.0,Put,10.5,10.5,5.6,5.6,4.7,▼-12.9,▼-69.73%,4,46,50,38,4.1,5.6,250,5.6
TXO,202609F2,20260911.0,44500.0,Call,-,-,-,-,2630,-,-,0,0,0,0,2410,-,-,-
TXO,202609F2,20260911.0,44500.0,Put,14.5,14.5,5,5,5,▼-14.5,▼-74.36%,24,58,82,58,4.4,5.8,325,5
TXO,202609F2,20260911.0,44550.0,Call,-,-,-,-,2580,-,-,0,0,0,0,2360,-,-,-
TXO,202609F2,20260911.0,44550.0,Put,13.5,13.5,6.6,6.6,5.3,▼-14.4,▼-68.57%,2,10,12,8,4.6,6.4,64,6.6
TXO,202609F2,20260911.0,44600.0,Call,-,-,-,-,2540,-,-,0,0,0,0,2310,-,-,-
TXO,202609F2,20260911.0,44600.0,Put,15.5,15.5,5.9,5.9,5.9,▼-16.1,▼-73.18%,1,46,47,26,4.8,6.7,239,5.9
TXO,202609F2,20260911.0,44650.0,Call,-,-,-,-,2490,-,-,0,0,0,0,2260,-,-,-
TXO,202609F2,20260911.0,44650.0,Put,16.5,16.5,6.9,7,5.9,▼-16,▼-69.57%,1,28,29,11,5.5,7.1,201,6.9
TXO,202609F2,20260911.0,44700.0,Call,-,-,-,-,2440,-,-,0,0,0,0,2210,2470,-,-
TXO,202609F2,20260911.0,44700.0,Put,17.5,17.5,7.2,7.3,6.2,▼-16.2,▼-68.94%,1,59,60,39,5.3,7.4,366,7.2
TXO,202609F2,20260911.0,44750.0,Call,-,-,-,-,2390,-,-,0,0,0,0,2160,2400,-,-
TXO,202609F2,20260911.0,44750.0,Put,16,16,7.6,7.6,6.4,▼-16.4,▼-68.33%,1,12,13,8,5.6,7.8,203,7.6
TXO,202609F2,20260911.0,44800.0,Call,-,-,-,-,2340,-,-,0,0,0,0,2110,2350,2070,2070
TXO,202609F2,20260911.0,44800.0,Put,17.5,17.5,7.7,7.7,6.9,▼-18.3,▼-70.38%,16,50,66,60,6,8.2,308,7.7
TXO,202609F2,20260911.0,44850.0,Call,-,-,-,-,2290,-,-,0,0,0,0,2060,-,1170,1170
TXO,202609F2,20260911.0,44850.0,Put,15.5,15.5,7.8,7.8,7.8,▼-19.7,▼-71.64%,1,11,12,17,6.4,8.6,272,7.8
TXO,202609F2,20260911.0,44900.0,Call,-,-,-,-,2240,-,-,0,0,0,0,2010,-,-,-
TXO,202609F2,20260911.0,44900.0,Put,18,18,7.9,8,8,▼-21,▼-72.41%,4,73,77,45,6.8,9.1,306,7.9
TXO,202609F2,20260911.0,44950.0,Call,-,-,-,-,2190,-,-,0,0,0,0,1960,-,-,-
TXO,202609F2,20260911.0,44950.0,Put,17,17,8.5,8.5,8.3,▼-22,▼-72.13%,5,30,35,42,7.2,9.6,390,8.5
TXO,202609F2,20260911.0,45000.0,Call,-,-,-,-,2140,-,-,0,0,0,351,1920,2150,2310,1670
TXO,202609F2,20260911.0,45000.0,Put,23,23,8.1,8.3,8.3,▼-24.2,▼-74.46%,72,1183,1255,1225,8.3,9.1,490,8.1
TXO,202609F2,20260911.0,45050.0,Call,-,-,-,-,2090,-,-,0,0,0,0,1870,2100,1860,1860
TXO,202609F2,20260911.0,45050.0,Put,18.5,18.5,9.6,9.7,9.7,▼-23.8,▼-71.04%,8,190,198,184,8.3,10.5,359,9.6
TXO,202609F2,20260911.0,45100.0,Call,-,-,-,-,2040,-,-,0,0,0,0,1820,2050,1820,1820
TXO,202609F2,20260911.0,45100.0,Put,23,23,10.5,10.5,10.5,▼-26,▼-71.23%,7,101,108,83,9.3,10,342,10.5
TXO,202609F2,20260911.0,45150.0,Call,-,-,-,-,1990,-,-,0,0,0,0,1770,2000,2150,995
TXO,202609F2,20260911.0,45150.0,Put,21.5,21.5,11,12,12,▼-25.5,▼-68.00%,5,56,61,52,10.5,11,65,11
TXO,202609F2,20260911.0,45200.0,Call,-,-,-,-,1940,-,-,0,0,0,1,1720,1970,1200,955
TXO,202609F2,20260911.0,45200.0,Put,27,27,11,12,12,▼-26,▼-68.42%,23,101,124,90,10.5,13.5,500,11
TXO,202609F2,20260911.0,45250.0,Call,-,-,-,-,1890,-,-,0,0,0,0,1670,-,-,-
TXO,202609F2,20260911.0,45250.0,Put,20,21.5,13,14,14,▼-28.5,▼-67.06%,13,82,95,71,12,14.5,362,13
TXO,202609F2,20260911.0,45300.0,Call,-,-,-,-,1840,-,-,0,0,0,2,1620,1870,1210,995
TXO,202609F2,20260911.0,45300.0,Put,31.5,31.5,13.5,14.5,14.5,▼-30.5,▼-67.78%,9,130,139,97,12.5,14,381,13.5
TXO,202609F2,20260911.0,45350.0,Call,-,-,-,-,1800,-,-,0,0,0,0,1570,-,1620,1620
TXO,202609F2,20260911.0,45350.0,Put,33,33,14.5,14.5,14.5,▼-33,▼-69.47%,19,69,88,56,14.5,17,245,14.5
TXO,202609F2,20260911.0,45400.0,Call,-,-,-,-,1750,-,-,0,0,0,371,1520,1770,1910,1000
TXO,202609F2,20260911.0,45400.0,Put,34,34,15.5,15.5,16,▼-34.5,▼-69.00%,73,132,205,272,8.8,39.5,271,15.5
TXO,202609F2,20260911.0,45450.0,Call,-,-,-,-,1700,-,-,0,0,0,0,1480,-,-,-
TXO,202609F2,20260911.0,45450.0,Put,31.5,32.5,16.5,18,18,▼-36,▼-66.67%,7,112,119,67,5.2,21.5,197,16.5
TXO,202609F2,20260911.0,45500.0,Call,-,-,-,-,1650,-,-,0,0,0,1,1430,1660,875,875
TXO,202609F2,20260911.0,45500.0,Put,41,41,17,19.5,19.5,▼-37.5,▼-65.79%,141,518,659,226,17.5,19.5,510,17
TXO,202609F2,20260911.0,45550.0,Call,-,-,-,-,1600,-,-,0,0,0,0,1380,1610,1410,1410
TXO,202609F2,20260911.0,45550.0,Put,40.5,40.5,20.5,20.5,20.5,▼-38.5,▼-65.25%,5,94,99,71,18,28,174,20.5
TXO,202609F2,20260911.0,45600.0,Call,-,-,-,-,1550,-,-,0,0,0,1,1330,1650,1430,730
TXO,202609F2,20260911.0,45600.0,Put,40,42,21,36.5,23.5,▼-29.5,▼-44.70%,25,164,189,125,20,58,457,21
TXO,202609F2,20260911.0,45650.0,Call,-,-,-,-,1510,-,-,0,0,0,1,1290,1720,785,705
TXO,202609F2,20260911.0,45650.0,Put,30.5,43,24,24,24,▼-48,▼-66.67%,6,46,52,24,15.5,123,236,24
TXO,202609F2,20260911.0,45700.0,Call,-,-,-,-,1460,-,-,0,0,0,304,1240,1570,1630,695
TXO,202609F2,20260911.0,45700.0,Put,50,50,27,29.5,29.5,▼-43.5,▼-59.59%,27,134,161,131,28.5,30,740,27
TXO,202609F2,20260911.0,45750.0,Call,-,-,-,-,1410,-,-,0,0,0,0,1390,1420,1240,635
TXO,202609F2,20260911.0,45750.0,Put,54,54,28.5,28.5,31,▼-50.5,▼-63.92%,2,53,55,14,11,100,349,28.5
TXO,202609F2,20260911.0,45800.0,Call,1330,1350,1250,1260,1360,▲+20,▲+1.61%,0,450,450,451,1340,1380,1350,550
TXO,202609F2,20260911.0,45800.0,Put,60,60,29.5,37,37,▼-54,▼-59.34%,96,492,588,389,28,37,665,29.5
TXO,202609F2,20260911.0,45850.0,Call,-,-,-,-,1320,-,-,0,0,0,3,1300,-,1160,615
TXO,202609F2,20260911.0,45850.0,Put,53,61,35,37,37,▼-55,▼-59.78%,5,157,162,24,34,50,410,35
TXO,202609F2,20260911.0,45900.0,Call,-,-,-,-,1270,-,-,0,0,0,3,1250,1280,1120,570
TXO,202609F2,20260911.0,45900.0,Put,50,65,34,39.5,39.5,▼-53.5,▼-57.53%,7,368,375,283,31,44.5,720,34
TXO,202609F2,20260911.0,45950.0,Call,-,-,-,-,1220,-,-,0,0,0,8,1210,1240,1450,905
TXO,202609F2,20260911.0,45950.0,Put,69,69,38.5,44,44,▼-61,▼-58.10%,7,79,86,49,43,48,442,38.5
TXO,202609F2,20260911.0,46000.0,Call,1100,1170,1060,1170,1170,▲+110,▲+10.38%,0,453,453,479,1160,1190,1170,505
TXO,202609F2,20260911.0,46000.0,Put,74,77,38.5,50,50,▼-65,▼-56.52%,112,856,968,435,48.5,52,760,38.5
TXO,202609F2,20260911.0,46050.0,Call,-,-,-,-,1140,-,-,0,0,0,15,1120,-,1000,525
TXO,202609F2,20260911.0,46050.0,Put,60,80,46,54,54,▼-68,▼-55.74%,64,51,115,57,53,56,710,46
TXO,202609F2,20260911.0,46100.0,Call,1380,1380,1380,1380,1090,▲+400,▲+40.82%,0,1,1,11,1070,1100,1380,505
TXO,202609F2,20260911.0,46100.0,Put,81,87,44.5,62,62,▼-70,▼-53.03%,21,181,202,159,59,62,665,44.5
TXO,202609F2,20260911.0,46150.0,Call,1090,1090,1090,1090,1050,▲+150,▲+15.96%,0,2,2,16,1030,1060,1090,500
TXO,202609F2,20260911.0,46150.0,Put,80,91,50,66,66,▼-79,▼-54.48%,51,35,86,54,65,68,790,50
TXO,202609F2,20260911.0,46200.0,Call,1340,1340,1040,1040,1000,▲+140,▲+15.56%,0,2,2,22,985,1020,1340,515
TXO,202609F2,20260911.0,46200.0,Put,94,102,52,72,72,▼-78,▼-52.00%,78,252,330,284,71,74,730,52
TXO,202609F2,20260911.0,46250.0,Call,1040,1040,1040,1040,960,▲+180,▲+20.93%,0,2,2,2,945,975,1190,454
TXO,202609F2,20260911.0,46250.0,Put,100,110,60,82,82,▼-71,▼-46.41%,5,60,65,45,79,83,555,60
TXO,202609F2,20260911.0,46300.0,Call,985,985,985,985,920,▲+160,▲+19.39%,0,1,1,7,900,-,1210,405
TXO,202609F2,20260911.0,46300.0,Put,120,120,60,90,90,▼-79,▼-46.75%,24,443,467,183,85,91,765,60
TXO,202609F2,20260911.0,46350.0,Call,-,-,-,-,880,-,-,2,0,2,2,860,995,915,575
TXO,202609F2,20260911.0,46350.0,Put,126,129,68,98,98,▼-81,▼-45.25%,7,110,117,54,96,99,448,68
TXO,202609F2,20260911.0,46400.0,Call,1010,1010,1010,1010,835,▲+260,▲+34.67%,2,2,4,6,820,930,1010,399
TXO,202609F2,20260911.0,46400.0,Put,136,136,68,109,109,▼-87,▼-44.39%,26,317,343,190,103,108,700,68
TXO,202609F2,20260911.0,46450.0,Call,-,-,-,-,800,-,-,2,0,2,2,780,890,755,384
TXO,202609F2,20260911.0,46450.0,Put,133,151,79,115,115,▼-101,▼-46.76%,7,64,71,42,113,119,496,79
TXO,202609F2,20260911.0,46500.0,Call,890,950,810,810,760,▲+130,▲+19.12%,8,4,12,9,745,770,950,319
TXO,202609F2,20260911.0,46500.0,Put,128,162,79,126,126,▼-106,▼-45.69%,113,1031,1144,526,126,130,965,79
TXO,202609F2,20260911.0,46550.0,Call,-,-,-,-,720,-,-,0,0,0,2,710,730,760,510
TXO,202609F2,20260911.0,46550.0,Put,120,171,89,140,140,▼-105,▼-42.86%,10,126,136,82,135,141,1130,4.1
TXO,202609F2,20260911.0,46600.0,Call,640,700,590,680,680,▲+70,▲+11.48%,6,486,492,457,670,685,895,325
TXO,202609F2,20260911.0,46600.0,Put,174,188,94,153,153,▼-113,▼-42.48%,19,294,313,166,149,154,960,94
TXO,202609F2,20260911.0,46650.0,Call,760,835,565,640,640,▲+65,▲+11.30%,8,9,17,5,635,650,835,426
TXO,202609F2,20260911.0,46650.0,Put,190,196,104,168,168,▼-116,▼-40.85%,3,86,89,36,161,168,700,104
TXO,202609F2,20260911.0,46700.0,Call,715,715,530,625,625,▲+85,▲+15.74%,11,36,47,31,600,615,845,202
TXO,202609F2,20260911.0,46700.0,Put,202,215,109,178,178,▼-128,▼-41.83%,48,793,841,447,178,184,1080,109
TXO,202609F2,20260911.0,46750.0,Call,630,630,535,575,575,▲+65,▲+12.75%,15,5,20,14,565,580,790,309
TXO,202609F2,20260911.0,46750.0,Put,132,229,131,190,190,▼-121,▼-38.91%,10,49,59,31,192,199,1040,131
TXO,202609F2,20260911.0,46800.0,Call,580,790,469,540,540,▲+58,▲+12.03%,63,461,524,434,530,545,800,220
TXO,202609F2,20260911.0,46800.0,Put,300,300,128,215,215,▼-101,▼-31.96%,27,427,454,252,207,214,760,128
TXO,202609F2,20260911.0,46850.0,Call,590,710,442,494,494,▲+39,▲+8.57%,4,26,30,15,500,515,745,367
TXO,202609F2,20260911.0,46850.0,Put,168,250,141,220,220,▼-135,▼-38.03%,0,49,49,31,224,229,770,141
TXO,202609F2,20260911.0,46900.0,Call,540,685,410,468,468,▲+31,▲+7.09%,25,70,95,38,473,483,720,240
TXO,202609F2,20260911.0,46900.0,Put,262,288,145,243,243,▼-131,▼-35.03%,33,297,330,154,245,252,880,145
TXO,202609F2,20260911.0,46950.0,Call,540,705,380,432,432,▲+30,▲+7.46%,21,36,57,21,441,450,705,314
TXO,202609F2,20260911.0,46950.0,Put,252,310,171,273,273,▼-147,▼-35.00%,12,86,98,49,263,271,650,171
TXO,202609F2,20260911.0,47000.0,Call,480,685,352,415,415,▲+45,▲+12.16%,64,151,215,102,414,423,780,190
TXO,202609F2,20260911.0,47000.0,Put,298,335,168,293,293,▼-155,▼-34.60%,65,921,986,491,285,290,1270,168
TXO,202609F2,20260911.0,47050.0,Call,585,620,326,383,383,▲+29,▲+8.19%,9,72,81,46,383,392,620,170
TXO,202609F2,20260911.0,47050.0,Put,211,360,182,310,310,▼-144,▼-31.72%,5,127,132,87,307,315,1200,182
TXO,202609F2,20260911.0,47100.0,Call,405,610,301,365,365,▲+45,▲+14.06%,30,230,260,126,358,367,700,159
TXO,202609F2,20260911.0,47100.0,Put,286,395,195,330,330,▼-154,▼-31.82%,16,369,385,190,331,341,1000,195
TXO,202609F2,20260911.0,47150.0,Call,482,575,282,346,346,▲+37,▲+11.97%,8,124,132,70,330,342,575,168
TXO,202609F2,20260911.0,47150.0,Put,286,390,222,350,350,▼-155,▼-30.69%,16,55,71,20,339,-,750,222
TXO,202609F2,20260911.0,47200.0,Call,329,540,257,310,310,▲+30,▲+10.71%,39,350,389,175,309,317,585,160
TXO,202609F2,20260911.0,47200.0,Put,370,430,228,382,382,▼-163,▼-29.91%,1,293,294,81,374,395,1080,228
TXO,202609F2,20260911.0,47250.0,Call,414,510,249,283,283,▲+7,▲+2.54%,10,93,103,48,285,293,545,152
TXO,202609F2,20260911.0,47250.0,Put,292,453,255,402,402,▼-168,▼-29.47%,0,59,59,18,399,426,1340,255
TXO,202609F2,20260911.0,47300.0,Call,260,460,218,261,261,▲+12,▲+4.82%,38,255,293,159,263,265,535,127
TXO,202609F2,20260911.0,47300.0,Put,368,500,257,440,440,▼-160,▼-26.67%,18,196,214,69,416,452,995,257
TXO,202609F2,20260911.0,47350.0,Call,291,420,202,239,239,▲+7,▲+3.02%,12,116,128,97,240,247,510,119
TXO,202609F2,20260911.0,47350.0,Put,381,505,302,483,483,▼-147,▼-23.33%,0,120,120,70,454,484,505,302
TXO,202609F2,20260911.0,47400.0,Call,274,394,187,220,220,0,0%,31,314,345,168,222,230,466,120
TXO,202609F2,20260911.0,47400.0,Put,500,565,299,497,497,▼-168,▼-25.26%,13,203,216,39,488,510,995,299
TXO,202609F2,20260911.0,47450.0,Call,258,372,168,208,208,▲+8,▲+4.00%,12,113,125,48,202,211,394,137
TXO,202609F2,20260911.0,47450.0,Put,545,580,324,580,525,▼-120,▼-17.14%,4,32,36,20,505,545,925,324
TXO,202609F2,20260911.0,47500.0,Call,222,351,149,189,189,▲+7,▲+3.85%,140,629,769,364,187,193,600,103
TXO,202609F2,20260911.0,47500.0,Put,448,655,342,560,560,▼-175,▼-23.81%,3,187,190,59,550,575,1050,342
TXO,202609F2,20260911.0,47550.0,Call,230,331,140,175,175,▲+1,▲+0.57%,23,92,115,38,169,175,408,88
TXO,202609F2,20260911.0,47550.0,Put,423,635,409,635,590,▼-135,▼-17.53%,0,5,5,6,585,610,635,409
TXO,202609F2,20260911.0,47600.0,Call,203,303,121,154,154,▼-2,▼-1.28%,61,523,584,213,153,159,350,88
TXO,202609F2,20260911.0,47600.0,Put,476,700,400,650,625,▼-155,▼-19.25%,2,63,65,30,545,645,1050,400
TXO,202609F2,20260911.0,47650.0,Call,199,271,113,145,145,▲+2,▲+1.40%,18,147,165,76,140,147,360,88
TXO,202609F2,20260911.0,47650.0,Put,487,487,450,450,660,▼-395,▼-46.75%,0,5,5,1,650,-,487,450
TXO,202609F2,20260911.0,47700.0,Call,171,248,100,132,132,▲+7,▲+5.60%,34,379,413,150,126,132,343,72
TXO,202609F2,20260911.0,47700.0,Put,685,685,444,670,695,▼-215,▼-24.29%,8,14,22,4,685,-,1150,444
TXO,202609F2,20260911.0,47750.0,Call,148,272,92,114,114,▼-8,▼-6.56%,3,137,140,61,113,119,272,83
TXO,202609F2,20260911.0,47750.0,Put,520,750,520,750,735,▼-170,▼-18.48%,0,2,2,0,535,-,750,520
TXO,202609F2,20260911.0,47800.0,Call,131,215,78,103,103,▼-3,▼-2.83%,58,627,685,275,103,105,326,59
TXO,202609F2,20260911.0,47800.0,Put,750,860,535,805,775,▼-155,▼-16.15%,0,7,7,2,765,795,995,535
TXO,202609F2,20260911.0,47850.0,Call,135,162,73,99,99,▼-5,▼-4.81%,11,118,129,69,91,97,260,67
TXO,202609F2,20260911.0,47850.0,Put,820,820,820,820,820,▼-180,▼-18.00%,0,1,1,1,725,-,2050,820
TXO,202609F2,20260911.0,47900.0,Call,110,161,61,85,85,▼-10,▼-10.53%,44,334,378,136,83,87,240,57
TXO,202609F2,20260911.0,47900.0,Put,800,800,800,800,855,▼-240,▼-23.08%,0,1,1,3,845,980,1000,800
TXO,202609F2,20260911.0,47950.0,Call,93,149,56,78,78,▼-7,▼-8.24%,33,132,165,97,73,79,222,52
TXO,202609F2,20260911.0,47950.0,Put,700,800,650,800,895,▼-280,▼-25.93%,0,4,4,0,570,-,800,650
TXO,202609F2,20260911.0,48000.0,Call,90,141,44.5,70,70,▼-10,▼-12.50%,192,1169,1361,462,68,70,314,44.5
TXO,202609F2,20260911.0,48000.0,Put,920,950,680,880,935,▼-240,▼-21.43%,6,15,21,14,845,955,1400,680
TXO,202609F2,20260911.0,48050.0,Call,98,113,40,61,61,▼-11,▼-15.28%,37,253,290,140,60,61,202,40
TXO,202609F2,20260911.0,48050.0,Put,800,1010,800,1010,980,▼-160,▼-13.68%,0,2,2,0,970,-,1010,800
TXO,202609F2,20260911.0,48100.0,Call,78,112,35,54,54,▼-12,▼-18.18%,35,480,515,234,54,55,208,35
TXO,202609F2,20260911.0,48100.0,Put,800,800,800,800,1020,▼-410,▼-33.88%,0,1,1,2,1010,1040,1060,800
TXO,202609F2,20260911.0,48150.0,Call,76,96,29.5,48,48,▼-10,▼-17.24%,31,154,185,112,48,48.5,154,29.5
TXO,202609F2,20260911.0,48150.0,Put,820,820,800,800,1070,▼-460,▼-36.51%,0,2,2,2,950,1090,820,800
TXO,202609F2,20260911.0,48200.0,Call,58,88,28,42,42,▼-11,▼-20.75%,57,392,449,240,39,41,205,28
TXO,202609F2,20260911.0,48200.0,Put,950,950,800,800,1110,▼-500,▼-38.46%,0,8,8,5,1100,1130,1850,800
TXO,202609F2,20260911.0,48250.0,Call,50,76,23,36.5,36.5,▼-11,▼-23.16%,2,216,218,164,34,38,140,23
TXO,202609F2,20260911.0,48250.0,Put,950,1140,850,1140,1150,▼-210,▼-15.56%,0,5,5,5,1070,1180,1140,850
TXO,202609F2,20260911.0,48300.0,Call,41,72,20,31.5,31.5,▼-13.5,▼-30.00%,158,552,710,259,32,32.5,201,20
TXO,202609F2,20260911.0,48300.0,Put,950,1190,900,1150,1200,▼-240,▼-17.27%,0,9,9,6,1190,1220,1200,900
TXO,202609F2,20260911.0,48350.0,Call,43.5,59,18,28.5,28.5,▼-10.5,▼-26.92%,17,224,241,200,26.5,27,146,18
TXO,202609F2,20260911.0,48350.0,Put,950,950,920,920,1250,▼-520,▼-36.11%,0,3,3,3,1160,1270,950,920
TXO,202609F2,20260911.0,48400.0,Call,34,58,15,26,26,▼-13,▼-33.33%,47,469,516,460,22.5,25.5,190,15
TXO,202609F2,20260911.0,48400.0,Put,970,990,950,950,1290,▼-530,▼-35.81%,0,3,3,3,950,1310,2010,950
TXO,202609F2,20260911.0,48450.0,Call,34,48.5,16,23,19.5,▼-8,▼-25.81%,7,97,104,119,19.5,22.5,99,16
TXO,202609F2,20260911.0,48450.0,Put,1410,1410,1410,1410,1340,▼-120,▼-7.84%,0,1,1,1,1330,1360,1410,1410
TXO,202609F2,20260911.0,48500.0,Call,25,44.5,12,18,18,▼-10,▼-35.71%,70,1087,1157,722,17,18,121,12
TXO,202609F2,20260911.0,48500.0,Put,1110,1110,1110,1110,1390,▼-470,▼-29.75%,0,1,1,1,-,1410,1110,1110
TXO,202609F2,20260911.0,48550.0,Call,32,34,13.5,15.5,15.5,▼-10.5,▼-40.38%,5,46,51,98,15,17.5,71,13.5
TXO,202609F2,20260911.0,48550.0,Put,-,-,-,-,1430,-,-,0,0,0,0,-,1460,-,-
TXO,202609F2,20260911.0,48600.0,Call,24,33,9.5,14.5,14.5,▼-10.5,▼-42.00%,29,528,557,474,14,15,159,9.5
TXO,202609F2,20260911.0,48600.0,Put,1200,1200,1200,1200,1480,▼-470,▼-28.14%,0,1,1,1,-,1500,1200,1200
TXO,202609F2,20260911.0,48650.0,Call,21,26,9.9,12,12,▼-8.5,▼-41.46%,12,29,41,67,12.5,13,61,9.9
TXO,202609F2,20260911.0,48650.0,Put,-,-,-,-,1530,-,-,0,0,0,0,1520,1550,-,-
TXO,202609F2,20260911.0,48700.0,Call,20.5,27.5,7.7,11,11,▼-9,▼-45.00%,9,240,249,167,10.5,11,112,7.7
TXO,202609F2,20260911.0,48700.0,Put,1260,1260,1260,1260,1580,▼-510,▼-28.81%,0,1,1,1,1570,1600,1260,1260
TXO,202609F2,20260911.0,48800.0,Call,17.5,20.5,7,9.4,9.4,▼-9.1,▼-49.19%,19,156,175,125,7.8,9,99,7
TXO,202609F2,20260911.0,48800.0,Put,1600,1600,1600,1600,1680,▼-270,▼-14.44%,0,1,1,1,-,1700,1600,1600
TXO,202609F2,20260911.0,48900.0,Call,12.5,17.5,6.1,7,7,▼-8.5,▼-54.84%,12,62,74,66,6.2,7.3,106,6.1
TXO,202609F2,20260911.0,48900.0,Put,-,-,-,-,1780,-,-,0,0,0,0,-,1800,-,-
TXO,202609F2,20260911.0,49000.0,Call,11.5,13.5,4.2,5.4,5.4,▼-6.6,▼-55.00%,20,182,202,179,4.9,6,134,4.2
TXO,202609F2,20260911.0,49000.0,Put,-,-,-,-,1870,-,-,0,0,0,1,1780,1900,1990,1640
TXO,202609F2,20260911.0,49100.0,Call,9.8,11,4.7,5.5,4.3,▼-4.5,▼-45.00%,3,77,80,55,4.1,4.9,74,4.7
TXO,202609F2,20260911.0,49100.0,Put,-,-,-,-,1970,-,-,0,0,0,0,-,1990,-,-
TXO,202609F2,20260911.0,49200.0,Call,7.6,7.6,3.5,4.2,4.2,▼-5.1,▼-54.84%,1,515,516,528,3.4,4.2,53,3.5
TXO,202609F2,20260911.0,49200.0,Put,-,-,-,-,2070,-,-,0,0,0,0,-,2090,-,-
TXO,202609F2,20260911.0,49300.0,Call,6.9,7.5,2.7,3,3,▼-4.7,▼-61.04%,0,133,133,121,2.8,3.6,71,2.7
TXO,202609F2,20260911.0,49300.0,Put,-,-,-,-,2170,-,-,0,0,0,0,-,2190,-,-
TXO,202609F2,20260911.0,49400.0,Call,5.9,6.6,2.6,3.8,2.6,▼-3.5,▼-47.95%,3,180,183,249,2.5,3.6,43,2.6
TXO,202609F2,20260911.0,49400.0,Put,-,-,-,-,2270,-,-,0,0,0,0,-,2300,-,-
TXO,202609F2,20260911.0,49500.0,Call,5.4,5.6,2.7,3.3,2.1,▼-2.7,▼-45.00%,8,669,677,671,2.1,2.5,60,2.7
TXO,202609F2,20260911.0,49500.0,Put,-,-,-,-,2370,-,-,0,0,0,0,-,2400,-,-
TXO,202609F2,20260911.0,49600.0,Call,4.6,4.7,2,2,2,▼-3.5,▼-63.64%,0,44,44,24,1.8,2.1,17.5,2
TXO,202609F2,20260911.0,49600.0,Put,-,-,-,-,2470,-,-,0,0,0,0,2460,2490,-,-
TXO,202609F2,20260911.0,49700.0,Call,4,4.3,2.5,2.5,1.6,▼-2.4,▼-48.98%,0,29,29,18,1.5,2,18.5,2.5
TXO,202609F2,20260911.0,49700.0,Put,-,-,-,-,2570,-,-,0,0,0,0,2560,2590,-,-
TXO,202609F2,20260911.0,49800.0,Call,3.7,4,1.9,1.9,1.5,▼-2.6,▼-57.78%,0,87,87,93,1.3,2,25.5,1.9
TXO,202609F2,20260911.0,49800.0,Put,-,-,-,-,2670,-,-,0,0,0,0,2660,2690,-,-
TXO,202609F2,20260911.0,49900.0,Call,3.2,3.2,2,2,1.3,▼-2.1,▼-51.22%,2,12,14,23,1,2.2,26.5,2
TXO,202609F2,20260911.0,49900.0,Put,-,-,-,-,2770,-,-,0,0,0,0,2760,2790,-,-
TXO,202609F2,20260911.0,50000.0,Call,2.9,3.3,0.9,1,1,▼-2.7,▼-72.97%,5,1477,1482,1493,0.8,1.1,33,0.9
TXO,202609F2,20260911.0,50000.0,Put,-,-,-,-,2870,-,-,0,0,0,0,-,-,-,-
TXO,202609F2,20260911.0,50100.0,Call,0.9,0.9,0.9,0.9,0.9,▼-2.6,▼-74.29%,0,2,2,2,0.7,1.9,25,0.9
TXO,202609F2,20260911.0,50100.0,Put,-,-,-,-,2970,-,-,0,0,0,0,-,-,-,-
TXO,202609F2,20260911.0,50200.0,Call,2,2.3,2,2.3,0.9,▼-1,▼-30.30%,5,6,11,11,0.7,1.8,19,2
TXO,202609F2,20260911.0,50200.0,Put,-,-,-,-,3070,-,-,0,0,0,0,-,-,-,-
TXO,202609F2,20260911.0,50300.0,Call,2.2,2.2,0.7,0.7,0.7,▼-2.4,▼-77.42%,0,3,3,5,0.5,1.6,22,0.7
TXO,202609F2,20260911.0,50300.0,Put,-,-,-,-,3170,-,-,0,0,0,0,-,-,-,-
TXO,202609F2,20260911.0,50400.0,Call,2.1,2.1,2,2,0.6,▼-1,▼-33.33%,0,25,25,25,0.3,1.4,6.5,2
TXO,202609F2,20260911.0,50400.0,Put,-,-,-,-,3270,-,-,0,0,0,0,-,-,-,-
TXO,202609F2,20260911.0,50500.0,Call,2.5,2.5,1.7,1.7,0.5,▼-1.1,▼-39.29%,0,20,20,24,0.3,1.3,6.5,1.7
TXO,202609F2,20260911.0,50500.0,Put,-,-,-,-,3370,-,-,0,0,0,0,-,3400,-,-
TXO,202609F2,20260911.0,50600.0,Call,-,-,-,-,0.5,-,-,0,0,0,5,0.2,0.9,10.5,4.5
TXO,202609F2,20260911.0,50600.0,Put,-,-,-,-,3470,-,-,0,0,0,0,-,3500,-,-
TXO,202609F2,20260911.0,50700.0,Call,1.7,1.7,1.7,1.7,0.5,▼-0.8,▼-32.00%,1,1,2,4,0.1,1,16,1.7
TXO,202609F2,20260911.0,50700.0,Put,-,-,-,-,3570,-,-,0,0,0,0,-,3600,-,-
TXO,202609F2,20260911.0,50800.0,Call,-,-,-,-,0.5,-,-,0,0,0,1,-,102,4.5,4.5
TXO,202609F2,20260911.0,50800.0,Put,-,-,-,-,3670,-,-,0,0,0,0,-,-,-,-
TXO,202609F2,20260911.0,50900.0,Call,1.4,1.5,1.4,1.5,0.4,▼-0.7,▼-31.82%,0,3,3,4,-,102,15,1.4
TXO,202609F2,20260911.0,50900.0,Put,-,-,-,-,3770,-,-,0,0,0,0,-,-,-,-
TXO,202609F2,20260911.0,51000.0,Call,-,-,-,-,0.4,-,-,0,0,0,1,-,-,16.5,3.9
TXO,202609F2,20260911.0,51000.0,Put,-,-,-,-,3870,-,-,0,0,0,0,-,3900,-,-
TXO,202609F2,20260911.0,51100.0,Call,1.2,1.2,1.2,1.2,0.4,▼-0.8,▼-40.00%,0,1,1,3,-,102,5,1.2
TXO,202609F2,20260911.0,51100.0,Put,-,-,-,-,3970,-,-,0,0,0,0,-,4000,-,-
TXO,202609F2,20260911.0,51200.0,Call,-,-,-,-,0.3,-,-,0,0,0,0,-,-,-,-
TXO,202609F2,20260911.0,51200.0,Put,-,-,-,-,4070,-,-,0,0,0,0,4050,-,-,-
TXO,202609F2,20260911.0,51300.0,Call,-,-,-,-,0.3,-,-,1,0,1,1,-,-,2,2
TXO,202609F2,20260911.0,51300.0,Put,-,-,-,-,4170,-,-,0,0,0,0,4150,-,-,-
TXO,202609F2,20260911.0,51400.0,Call,-,-,-,-,0.3,-,-,0,0,0,1,-,-,3.5,3.5
TXO,202609F2,20260911.0,51400.0,Put,-,-,-,-,4270,-,-,0,0,0,0,4250,-,-,-
TXO,202609F2,20260911.0,51500.0,Call,-,-,-,-,0.3,-,-,0,0,0,2,-,-,8.4,2
TXO,202609F2,20260911.0,51500.0,Put,-,-,-,-,4370,-,-,0,0,0,0,4350,-,-,-
TXO,202609F2,20260911.0,51600.0,Call,-,-,-,-,0.3,-,-,0,0,0,0,-,-,-,-
TXO,202609F2,20260911.0,51600.0,Put,-,-,-,-,4470,-,-,0,0,0,0,4450,-,-,-
TXO,202609F2,20260911.0,51700.0,Call,-,-,-,-,0.2,-,-,0,0,0,51,-,-,6.6,2.4
TXO,202609F2,20260911.0,51700.0,Put,-,-,-,-,4570,-,-,0,0,0,0,4550,-,-,-
TXO,202609F2,20260911.0,51800.0,Call,-,-,-,-,0.2,-,-,0,0,0,0,-,-,-,-
TXO,202609F2,20260911.0,51800.0,Put,-,-,-,-,4670,-,-,0,0,0,0,4650,-,-,-
TXO,202609F2,20260911.0,51900.0,Call,-,-,-,-,0.2,-,-,0,0,0,0,-,-,-,-
TXO,202609F2,20260911.0,51900.0,Put,-,-,-,-,4770,-,-,0,0,0,0,4750,-,-,-
TXO,202609F2,20260911.0,52000.0,Call,0.2,0.2,0.2,0.2,0.2,▼-0.9,▼-81.82%,0,1,1,1,-,99,0.2,0.2
TXO,202609F2,20260911.0,52000.0,Put,-,-,-,-,4870,-,-,0,0,0,0,4850,4900,-,-
TXO,202609F2,20260911.0,52100.0,Call,-,-,-,-,0.2,-,-,0,0,0,6,-,101,1.8,1.7
TXO,202609F2,20260911.0,52100.0,Put,-,-,-,-,4970,-,-,0,0,0,0,4950,5000,-,-
TXO,202609,20260916.0,21800.0,Call,-,-,-,-,25370,-,-,0,0,0,4,25320,25640,25330,12370
TXO,202609,20260916.0,21800.0,Put,0.5,0.5,0.5,0.5,0.1,▲+0.3,▲+150.00%,3,2,5,1784,-,0.6,650,0.1
TXO,202609,20260916.0,22000.0,Call,-,-,-,-,25170,-,-,0,0,0,6,25120,25420,23430,5990
TXO,202609,20260916.0,22000.0,Put,-,-,-,-,0.1,-,-,0,0,0,321,-,101,565,0.3
TXO,202609,20260916.0,22200.0,Call,-,-,-,-,24970,-,-,0,0,0,0,24900,25020,-,-
TXO,202609,20260916.0,22200.0,Put,-,-,-,-,0.1,-,-,0,0,0,256,-,101,580,0.3
TXO,202609,20260916.0,22400.0,Call,-,-,-,-,24770,-,-,0,0,0,0,24710,24820,-,-
TXO,202609,20260916.0,22400.0,Put,-,-,-,-,0.1,-,-,0,0,0,253,-,101,605,0.3
TXO,202609,20260916.0,22600.0,Call,-,-,-,-,24570,-,-,0,0,0,0,24510,24620,-,-
TXO,202609,20260916.0,22600.0,Put,-,-,-,-,0.1,-,-,0,0,0,311,-,98,650,0.3
TXO,202609,20260916.0,22800.0,Call,-,-,-,-,24370,-,-,0,0,0,0,24310,24420,-,-
TXO,202609,20260916.0,22800.0,Put,-,-,-,-,0.1,-,-,0,0,0,83,-,101,675,0.3
TXO,202609,20260916.0,23000.0,Call,-,-,-,-,24170,-,-,0,0,0,0,24110,24220,-,-
TXO,202609,20260916.0,23000.0,Put,0.4,0.4,0.4,0.4,0.1,▲+0.1,▲+33.33%,0,5,5,144,-,10.5,700,0.3
TXO,202609,20260916.0,23200.0,Call,-,-,-,-,23970,-,-,0,0,0,0,23910,24020,-,-
TXO,202609,20260916.0,23200.0,Put,-,-,-,-,0.1,-,-,0,0,0,237,-,570,730,0.4
TXO,202609,20260916.0,23400.0,Call,-,-,-,-,23770,-,-,0,0,0,0,23710,23820,-,-
TXO,202609,20260916.0,23400.0,Put,-,-,-,-,0.1,-,-,0,0,0,11,-,570,700,2.5
TXO,202609,20260916.0,23600.0,Call,-,-,-,-,23570,-,-,0,0,0,0,23510,23620,-,-
TXO,202609,20260916.0,23600.0,Put,-,-,-,-,0.1,-,-,0,0,0,11,-,101,700,0.5
TXO,202609,20260916.0,23800.0,Call,-,-,-,-,23370,-,-,0,0,0,0,23310,23420,-,-
TXO,202609,20260916.0,23800.0,Put,-,-,-,-,0.1,-,-,0,0,0,14,-,570,520,0.5
TXO,202609,20260916.0,24000.0,Call,-,-,-,-,23170,-,-,0,0,0,0,23110,23220,-,-
TXO,202609,20260916.0,24000.0,Put,-,-,-,-,0.1,-,-,0,0,0,108,-,570,665,0.3
TXO,202609,20260916.0,24200.0,Call,-,-,-,-,22970,-,-,0,0,0,0,22910,23020,-,-
TXO,202609,20260916.0,24200.0,Put,-,-,-,-,0.1,-,-,0,0,0,82,-,570,1000,0.6
TXO,202609,20260916.0,24400.0,Call,-,-,-,-,22770,-,-,0,0,0,0,22710,22820,-,-
TXO,202609,20260916.0,24400.0,Put,-,-,-,-,0.1,-,-,0,0,0,112,-,570,1010,0.5
TXO,202609,20260916.0,24600.0,Call,-,-,-,-,22570,-,-,0,0,0,0,22510,22620,-,-
TXO,202609,20260916.0,24600.0,Put,-,-,-,-,0.1,-,-,0,0,0,52,-,570,1020,0.6
TXO,202609,20260916.0,24800.0,Call,-,-,-,-,22370,-,-,0,0,0,0,22310,22420,-,-
TXO,202609,20260916.0,24800.0,Put,-,-,-,-,0.1,-,-,0,0,0,85,0.3,101,1100,0.6
TXO,202609,20260916.0,25000.0,Call,-,-,-,-,22170,-,-,0,0,0,0,22100,22220,-,-
TXO,202609,20260916.0,25000.0,Put,-,-,-,-,0.1,-,-,0,0,0,118,-,120,1050,0.3
TXO,202609,20260916.0,25200.0,Call,-,-,-,-,21970,-,-,0,0,0,0,21900,22020,-,-
TXO,202609,20260916.0,25200.0,Put,-,-,-,-,0.1,-,-,0,0,0,30,-,14,1200,0.9
TXO,202609,20260916.0,25400.0,Call,-,-,-,-,21770,-,-,0,0,0,0,21710,21820,-,-
TXO,202609,20260916.0,25400.0,Put,-,-,-,-,0.1,-,-,0,0,0,40,-,570,1250,0.3
TXO,202609,20260916.0,25600.0,Call,-,-,-,-,21570,-,-,0,0,0,0,21520,21620,-,-
TXO,202609,20260916.0,25600.0,Put,-,-,-,-,0.1,-,-,0,0,0,23,0.1,0.7,1210,0.3
TXO,202609,20260916.0,25800.0,Call,-,-,-,-,21370,-,-,0,0,0,163,21310,21470,20840,14370
TXO,202609,20260916.0,25800.0,Put,-,-,-,-,0.1,-,-,3,0,3,36,0.1,0.7,1270,0.3
TXO,202609,20260916.0,26000.0,Call,-,-,-,-,21170,-,-,0,0,0,0,21120,21220,-,-
TXO,202609,20260916.0,26000.0,Put,-,-,-,-,0.2,-,-,0,0,0,109,0.1,0.7,1090,0.3
TXO,202609,20260916.0,26200.0,Call,-,-,-,-,20970,-,-,0,0,0,0,20920,21020,-,-
TXO,202609,20260916.0,26200.0,Put,-,-,-,-,0.2,-,-,0,0,0,22,0.1,0.7,1420,16
TXO,202609,20260916.0,26400.0,Call,-,-,-,-,20770,-,-,0,0,0,0,20720,20820,13900,5820
TXO,202609,20260916.0,26400.0,Put,-,-,-,-,0.2,-,-,0,0,0,9,0.1,0.7,1180,3.9
TXO,202609,20260916.0,26600.0,Call,-,-,-,-,20570,-,-,0,0,0,0,20520,20620,-,-
TXO,202609,20260916.0,26600.0,Put,0.6,0.6,0.6,0.6,0.3,▲+0.1,▲+20.00%,0,1,1,25,0.4,0.7,1000,0.6
TXO,202609,20260916.0,26800.0,Call,-,-,-,-,20370,-,-,0,0,0,25,20330,20500,18950,5510
TXO,202609,20260916.0,26800.0,Put,-,-,-,-,0.3,-,-,0,0,0,36,0.1,0.8,1130,0.5
TXO,202609,20260916.0,27000.0,Call,-,-,-,-,20170,-,-,0,0,0,3,20120,20430,20110,6220
TXO,202609,20260916.0,27000.0,Put,-,-,-,-,0.4,-,-,0,0,0,19,0.1,0.7,1750,3.2
TXO,202609,20260916.0,27200.0,Call,-,-,-,-,19970,-,-,0,0,0,0,19920,20020,-,-
TXO,202609,20260916.0,27200.0,Put,-,-,-,-,0.4,-,-,0,0,0,6,0.1,0.7,750,0.5
TXO,202609,20260916.0,27400.0,Call,-,-,-,-,19770,-,-,0,0,0,2,19720,20040,5890,2380
TXO,202609,20260916.0,27400.0,Put,-,-,-,-,0.4,-,-,0,0,0,7,0.1,0.7,1270,1.7
TXO,202609,20260916.0,27600.0,Call,-,-,-,-,19570,-,-,0,0,0,2,19520,19840,10800,2020
TXO,202609,20260916.0,27600.0,Put,0.9,0.9,0.9,0.9,0.4,▲+0.3,▲+50.00%,0,2,2,10,0.1,0.7,1120,0.9
TXO,202609,20260916.0,27800.0,Call,-,-,-,-,19370,-,-,0,0,0,7,19320,19500,19160,16360
TXO,202609,20260916.0,27800.0,Put,-,-,-,-,0.4,-,-,0,0,0,27,0.2,0.8,1460,3.1
TXO,202609,20260916.0,28000.0,Call,-,-,-,-,19170,-,-,0,0,0,1,19130,19230,7880,1910
TXO,202609,20260916.0,28000.0,Put,-,-,-,-,0.4,-,-,0,0,0,62,0.1,0.7,2180,0.4
TXO,202609,20260916.0,28200.0,Call,-,-,-,-,18970,-,-,0,0,0,2,18930,19230,5250,1730
TXO,202609,20260916.0,28200.0,Put,-,-,-,-,0.4,-,-,0,0,0,7,0.1,0.9,1180,1.9
TXO,202609,20260916.0,28400.0,Call,-,-,-,-,18770,-,-,0,0,0,21,18730,19040,15910,1630
TXO,202609,20260916.0,28400.0,Put,-,-,-,-,0.4,-,-,0,0,0,18,0.1,0.8,1550,4
TXO,202609,20260916.0,28600.0,Call,-,-,-,-,18570,-,-,0,0,0,0,18520,18620,-,-
TXO,202609,20260916.0,28600.0,Put,-,-,-,-,0.4,-,-,0,0,0,19,0.1,0.8,1250,4.1
TXO,202609,20260916.0,28800.0,Call,-,-,-,-,18370,-,-,0,0,0,0,18320,18420,5200,3230
TXO,202609,20260916.0,28800.0,Put,-,-,-,-,0.5,-,-,0,0,0,26,0.2,0.8,775,2.5
TXO,202609,20260916.0,29000.0,Call,-,-,-,-,18170,-,-,0,0,0,2,18130,18300,4570,4570
TXO,202609,20260916.0,29000.0,Put,0.8,0.8,0.8,0.8,0.5,0,0%,0,1,1,48,0.3,1,1920,0.8
TXO,202609,20260916.0,29200.0,Call,-,-,-,-,17970,-,-,0,0,0,4,17930,18080,6310,1310
TXO,202609,20260916.0,29200.0,Put,-,-,-,-,0.5,-,-,0,0,0,17,0.2,0.9,1320,0.7
TXO,202609,20260916.0,29400.0,Call,-,-,-,-,17770,-,-,0,0,0,1,17730,17850,6990,1290
TXO,202609,20260916.0,29400.0,Put,-,-,-,-,0.5,-,-,0,0,0,53,0.2,0.9,2010,2
TXO,202609,20260916.0,29600.0,Call,-,-,-,-,17570,-,-,0,0,0,2,17530,17670,5690,1370
TXO,202609,20260916.0,29600.0,Put,1.2,1.2,1.2,1.2,0.6,▲+0.3,▲+33.33%,0,1,1,27,0.4,1.1,1780,1.2
TXO,202609,20260916.0,29800.0,Call,-,-,-,-,17370,-,-,0,0,0,4,17330,17500,16240,1210
TXO,202609,20260916.0,29800.0,Put,-,-,-,-,0.6,-,-,0,0,0,23,0.3,1,2400,2.2
TXO,202609,20260916.0,30000.0,Call,-,-,-,-,17170,-,-,0,0,0,24,17130,17280,14350,1210
TXO,202609,20260916.0,30000.0,Put,1.1,1.1,1.1,1.1,0.6,▲+0.1,▲+10.00%,3,5,8,813,0.8,1.1,2400,0.4
TXO,202609,20260916.0,30200.0,Call,-,-,-,-,16970,-,-,0,0,0,4,16930,17090,10020,1320
TXO,202609,20260916.0,30200.0,Put,-,-,-,-,0.6,-,-,0,0,0,10,0.3,1,2050,4.6
TXO,202609,20260916.0,30400.0,Call,-,-,-,-,16770,-,-,0,0,0,0,16720,16810,5390,1430
TXO,202609,20260916.0,30400.0,Put,-,-,-,-,0.6,-,-,1,0,1,37,0.3,1,2030,1
TXO,202609,20260916.0,30600.0,Call,-,-,-,-,16570,-,-,0,0,0,6,16530,16690,5520,1000
TXO,202609,20260916.0,30600.0,Put,-,-,-,-,0.7,-,-,0,0,0,8,0.6,1.2,2090,14
TXO,202609,20260916.0,30800.0,Call,-,-,-,-,16370,-,-,0,0,0,7,16330,16490,10110,940
TXO,202609,20260916.0,30800.0,Put,-,-,-,-,0.7,-,-,0,0,0,20,0.5,1.2,2200,7
TXO,202609,20260916.0,31000.0,Call,-,-,-,-,16170,-,-,0,0,0,1,16130,16210,15990,1300
TXO,202609,20260916.0,31000.0,Put,1.3,1.3,1.3,1.3,0.7,▲+0.1,▲+8.33%,0,1,1,83,0.7,1.3,2410,0.7
TXO,202609,20260916.0,31200.0,Call,-,-,-,-,15970,-,-,0,0,0,0,15920,16010,5680,2350
TXO,202609,20260916.0,31200.0,Put,-,-,-,-,0.8,-,-,0,0,0,33,0.7,1.3,4320,1
TXO,202609,20260916.0,31400.0,Call,-,-,-,-,15770,-,-,0,0,0,1,15730,15830,14330,1430
TXO,202609,20260916.0,31400.0,Put,-,-,-,-,0.8,-,-,0,0,0,26,0.7,1.3,2750,1.8
TXO,202609,20260916.0,31600.0,Call,-,-,-,-,15570,-,-,0,0,0,0,15530,15610,3970,2920
TXO,202609,20260916.0,31600.0,Put,-,-,-,-,0.8,-,-,0,0,0,51,0.8,1.4,2510,0.8
TXO,202609,20260916.0,31800.0,Call,-,-,-,-,15370,-,-,0,0,0,1,15330,15430,14100,1370
TXO,202609,20260916.0,31800.0,Put,-,-,-,-,0.9,-,-,0,0,0,43,0.8,1.4,2990,4.1
TXO,202609,20260916.0,32000.0,Call,-,-,-,-,15170,-,-,0,0,0,21,15100,15440,16670,1310
TXO,202609,20260916.0,32000.0,Put,-,-,-,-,1,-,-,0,0,0,97,1,1.4,2700,0.7
TXO,202609,20260916.0,32200.0,Call,-,-,-,-,14970,-,-,0,0,0,19,14930,15290,13750,1380
TXO,202609,20260916.0,32200.0,Put,-,-,-,-,1.1,-,-,0,0,0,20,0.9,1.5,2670,2.4
TXO,202609,20260916.0,32400.0,Call,-,-,-,-,14770,-,-,0,0,0,0,14730,14810,4680,1440
TXO,202609,20260916.0,32400.0,Put,-,-,-,-,1.2,-,-,0,0,0,19,0.9,1.5,2300,3.6
TXO,202609,20260916.0,32600.0,Call,-,-,-,-,14570,-,-,0,0,0,0,14530,14610,9580,1680
TXO,202609,20260916.0,32600.0,Put,-,-,-,-,1.2,-,-,0,0,0,36,0.9,1.6,2900,1.4
TXO,202609,20260916.0,32800.0,Call,-,-,-,-,14370,-,-,0,0,0,2,14330,14510,8380,1420
TXO,202609,20260916.0,32800.0,Put,-,-,-,-,1.2,-,-,0,0,0,30,0.9,1.6,3280,5
TXO,202609,20260916.0,33000.0,Call,-,-,-,-,14170,-,-,0,0,0,35,14130,14300,12330,399
TXO,202609,20260916.0,33000.0,Put,1.9,1.9,1.9,1.9,1.3,▲+0.1,▲+5.56%,0,1,1,112,1,1.6,3000,1
TXO,202609,20260916.0,33200.0,Call,-,-,-,-,13970,-,-,0,0,0,4,13930,14110,11640,344
TXO,202609,20260916.0,33200.0,Put,-,-,-,-,1.3,-,-,1,0,1,9,1.2,1.8,2730,1
TXO,202609,20260916.0,33400.0,Call,-,-,-,-,13770,-,-,0,0,0,2,13730,13830,12040,1470
TXO,202609,20260916.0,33400.0,Put,-,-,-,-,1.4,-,-,0,0,0,26,1.1,1.7,2780,3.6
TXO,202609,20260916.0,33600.0,Call,-,-,-,-,13570,-,-,0,0,0,1,13530,13610,13690,372
TXO,202609,20260916.0,33600.0,Put,-,-,-,-,1.5,-,-,1,0,1,22,1.2,1.8,3860,0.3
TXO,202609,20260916.0,33800.0,Call,-,-,-,-,13370,-,-,0,0,0,1,13330,13410,7340,328
TXO,202609,20260916.0,33800.0,Put,-,-,-,-,1.5,-,-,0,0,0,61,1.3,1.9,3000,1.3
TXO,202609,20260916.0,33900.0,Call,-,-,-,-,13270,-,-,0,0,0,0,13230,13310,-,-
TXO,202609,20260916.0,33900.0,Put,-,-,-,-,1.5,-,-,0,0,0,4,1.2,1.9,30.5,1.7
TXO,202609,20260916.0,34000.0,Call,-,-,-,-,13180,-,-,0,0,0,115,12890,13440,12980,325
TXO,202609,20260916.0,34000.0,Put,-,-,-,-,1.6,-,-,0,0,0,150,1.3,2,3990,1.8
TXO,202609,20260916.0,34100.0,Call,-,-,-,-,13080,-,-,0,0,0,0,13030,13110,-,-
TXO,202609,20260916.0,34100.0,Put,-,-,-,-,1.7,-,-,0,0,0,2,1.4,2,410,8.4
TXO,202609,20260916.0,34200.0,Call,-,-,-,-,12980,-,-,0,0,0,1,12930,13010,9340,299
TXO,202609,20260916.0,34200.0,Put,2,2,2,2,1.7,▼-0.4,▼-16.67%,0,3,3,20,1.5,2.2,1130,2
TXO,202609,20260916.0,34300.0,Call,-,-,-,-,12880,-,-,0,0,0,0,12830,12910,-,-
TXO,202609,20260916.0,34300.0,Put,-,-,-,-,1.7,-,-,0,0,0,5,1.5,2.1,112,10
TXO,202609,20260916.0,34400.0,Call,-,-,-,-,12780,-,-,0,0,0,0,12730,12810,6600,305
TXO,202609,20260916.0,34400.0,Put,-,-,-,-,1.7,-,-,0,0,0,10,1.4,2.1,3660,13
TXO,202609,20260916.0,34500.0,Call,-,-,-,-,12680,-,-,0,0,0,0,12630,12710,-,-
TXO,202609,20260916.0,34500.0,Put,2.2,2.2,2.2,2.2,1.8,▼-0.4,▼-15.38%,0,1,1,9,1.6,2.3,199,2.2
TXO,202609,20260916.0,34600.0,Call,-,-,-,-,12580,-,-,0,0,0,3,12470,12680,11000,306
TXO,202609,20260916.0,34600.0,Put,-,-,-,-,1.8,-,-,0,0,0,7,1.5,2.2,4530,10
TXO,202609,20260916.0,34700.0,Call,-,-,-,-,12480,-,-,0,0,0,0,12430,12510,-,-
TXO,202609,20260916.0,34700.0,Put,-,-,-,-,1.8,-,-,0,0,0,1,1.7,2.4,31.5,5.6
TXO,202609,20260916.0,34800.0,Call,-,-,-,-,12380,-,-,0,0,0,3,12300,12630,3130,370
TXO,202609,20260916.0,34800.0,Put,-,-,-,-,1.9,-,-,0,0,0,25,1.6,2.4,3320,2
TXO,202609,20260916.0,34900.0,Call,-,-,-,-,12280,-,-,0,0,0,0,12230,12310,-,-
TXO,202609,20260916.0,34900.0,Put,-,-,-,-,1.9,-,-,0,0,0,4,1.8,2.6,50,1.8
TXO,202609,20260916.0,35000.0,Call,-,-,-,-,12180,-,-,0,0,0,6,11900,12280,14340,510
TXO,202609,20260916.0,35000.0,Put,-,-,-,-,2,-,-,50,0,50,407,1.9,2.6,3320,0.4
TXO,202609,20260916.0,35100.0,Call,-,-,-,-,12080,-,-,0,0,0,0,12030,12110,-,-
TXO,202609,20260916.0,35100.0,Put,-,-,-,-,2.1,-,-,0,0,0,11,1.8,2.5,47,11.5
TXO,202609,20260916.0,35200.0,Call,-,-,-,-,11980,-,-,0,0,0,1,11940,12010,9760,850
TXO,202609,20260916.0,35200.0,Put,-,-,-,-,2.2,-,-,1,0,1,42,1.8,2.6,1150,2.8
TXO,202609,20260916.0,35300.0,Call,-,-,-,-,11880,-,-,0,0,0,0,11840,11910,-,-
TXO,202609,20260916.0,35300.0,Put,-,-,-,-,2.2,-,-,0,0,0,23,1.8,2.6,143,3
TXO,202609,20260916.0,35400.0,Call,-,-,-,-,11780,-,-,0,0,0,0,11740,11810,8330,373
TXO,202609,20260916.0,35400.0,Put,-,-,-,-,2.2,-,-,0,0,0,14,2.1,2.9,3430,3
TXO,202609,20260916.0,35500.0,Call,-,-,-,-,11680,-,-,0,0,0,0,11640,11710,-,-
TXO,202609,20260916.0,35500.0,Put,-,-,-,-,2.3,-,-,0,0,0,38,2.2,2.9,499,2.5
TXO,202609,20260916.0,35600.0,Call,-,-,-,-,11580,-,-,0,0,0,0,11540,11610,7680,1220
TXO,202609,20260916.0,35600.0,Put,-,-,-,-,2.4,-,-,0,0,0,13,2.1,2.8,4020,2.3
TXO,202609,20260916.0,35700.0,Call,-,-,-,-,11480,-,-,0,0,0,0,11440,11510,-,-
TXO,202609,20260916.0,35700.0,Put,-,-,-,-,2.5,-,-,0,0,0,0,2.1,2.9,165,9.2
TXO,202609,20260916.0,35800.0,Call,-,-,-,-,11380,-,-,0,0,0,3,11090,11450,5820,450
TXO,202609,20260916.0,35800.0,Put,-,-,-,-,2.5,-,-,0,0,0,21,2.2,3,2000,2.8
TXO,202609,20260916.0,35900.0,Call,-,-,-,-,11280,-,-,0,0,0,0,11240,11310,-,-
TXO,202609,20260916.0,35900.0,Put,-,-,-,-,2.6,-,-,0,0,0,29,2.2,3,348,2.4
TXO,202609,20260916.0,36000.0,Call,-,-,-,-,11180,-,-,0,0,0,41,10930,11290,11770,595
TXO,202609,20260916.0,36000.0,Put,3,3,2.9,2.9,2.6,▼-0.7,▼-19.44%,0,2,2,977,2.4,3.1,4200,2.4
TXO,202609,20260916.0,36100.0,Call,-,-,-,-,11080,-,-,0,0,0,0,11040,11110,-,-
TXO,202609,20260916.0,36100.0,Put,-,-,-,-,2.7,-,-,0,0,0,13,2.6,3.4,685,3
TXO,202609,20260916.0,36200.0,Call,-,-,-,-,10980,-,-,0,0,0,0,10940,11010,8750,282
TXO,202609,20260916.0,36200.0,Put,-,-,-,-,2.8,-,-,0,0,0,9,2.4,3.2,1400,2.8
TXO,202609,20260916.0,36300.0,Call,-,-,-,-,10880,-,-,0,0,0,0,10840,10910,-,-
TXO,202609,20260916.0,36300.0,Put,-,-,-,-,2.9,-,-,0,0,0,19,2.7,3.5,990,2.9
TXO,202609,20260916.0,36400.0,Call,-,-,-,-,10780,-,-,0,0,0,0,10740,10810,7540,499
TXO,202609,20260916.0,36400.0,Put,-,-,-,-,2.9,-,-,0,0,0,7,2.7,3.5,4830,2.9
TXO,202609,20260916.0,36500.0,Call,-,-,-,-,10680,-,-,0,0,0,0,10640,10710,-,-
TXO,202609,20260916.0,36500.0,Put,-,-,-,-,3,-,-,0,0,0,58,2.7,3.5,880,3
TXO,202609,20260916.0,36600.0,Call,-,-,-,-,10580,-,-,0,0,0,0,10540,10610,7400,480
TXO,202609,20260916.0,36600.0,Put,3,3,3,3,3,▼-1.2,▼-28.57%,0,1,1,31,2.7,3.5,1860,2.6
TXO,202609,20260916.0,36700.0,Call,-,-,-,-,10480,-,-,0,0,0,0,10440,10510,-,-
TXO,202609,20260916.0,36700.0,Put,-,-,-,-,3.1,-,-,0,0,0,12,2.7,3.6,488,3.1
TXO,202609,20260916.0,36800.0,Call,-,-,-,-,10380,-,-,0,0,0,19,10230,10460,2830,310
TXO,202609,20260916.0,36800.0,Put,-,-,-,-,3.2,-,-,0,0,0,29,2.9,3.7,4910,3.3
TXO,202609,20260916.0,36900.0,Call,-,-,-,-,10280,-,-,0,0,0,0,10240,10310,-,-
TXO,202609,20260916.0,36900.0,Put,4,4,3.9,3.9,3.3,▼-0.5,▼-11.36%,0,2,2,14,3.7,4,1240,3.9
TXO,202609,20260916.0,37000.0,Call,-,-,-,-,10180,-,-,0,0,0,29,9930,10280,9270,540
TXO,202609,20260916.0,37000.0,Put,5,5,4.4,4.4,3.4,▼-0.1,▼-2.22%,0,2,2,319,3.2,4.1,2520,3.3
TXO,202609,20260916.0,37100.0,Call,-,-,-,-,10080,-,-,0,0,0,0,10040,10110,-,-
TXO,202609,20260916.0,37100.0,Put,-,-,-,-,3.5,-,-,0,0,0,25,3.1,3.9,400,7
TXO,202609,20260916.0,37200.0,Call,-,-,-,-,9980,-,-,0,0,0,5,9830,10300,10420,375
TXO,202609,20260916.0,37200.0,Put,5.2,5.2,5,5,3.5,▲+0.3,▲+6.38%,6,2,8,464,3.1,4,2390,1.2
TXO,202609,20260916.0,37300.0,Call,-,-,-,-,9880,-,-,0,0,0,0,9840,9910,-,-
TXO,202609,20260916.0,37300.0,Put,-,-,-,-,3.6,-,-,0,0,0,19,3.2,4.1,720,12
TXO,202609,20260916.0,37400.0,Call,-,-,-,-,9780,-,-,0,0,0,1,9740,9830,1370,456
TXO,202609,20260916.0,37400.0,Put,-,-,-,-,3.8,-,-,0,0,0,23,3.4,4.2,2530,4.2
TXO,202609,20260916.0,37500.0,Call,-,-,-,-,9680,-,-,0,0,0,0,9640,9710,-,-
TXO,202609,20260916.0,37500.0,Put,-,-,-,-,3.9,-,-,15,0,15,39,3.5,4.3,1110,4.1
TXO,202609,20260916.0,37600.0,Call,-,-,-,-,9580,-,-,0,0,0,0,9540,9610,5920,430
TXO,202609,20260916.0,37600.0,Put,-,-,-,-,3.9,-,-,0,0,0,37,3.5,4.4,2660,3.6
TXO,202609,20260916.0,37700.0,Call,-,-,-,-,9480,-,-,0,0,0,0,9440,9510,-,-
TXO,202609,20260916.0,37700.0,Put,4,4,4,4,4,▼-1.4,▼-25.93%,0,14,14,28,3.6,4.5,1080,4
TXO,202609,20260916.0,37800.0,Call,-,-,-,-,9380,-,-,0,0,0,2,9240,9620,3680,390
TXO,202609,20260916.0,37800.0,Put,-,-,-,-,4.1,-,-,0,0,0,37,3.9,4.8,1110,4.2
TXO,202609,20260916.0,37900.0,Call,-,-,-,-,9280,-,-,0,0,0,0,9240,9310,-,-
TXO,202609,20260916.0,37900.0,Put,-,-,-,-,4.3,-,-,0,0,0,43,4.1,4.8,580,3
TXO,202609,20260916.0,38000.0,Call,-,-,-,-,9180,-,-,0,0,0,17,9030,9260,9000,350
TXO,202609,20260916.0,38000.0,Put,4.3,4.3,4.3,4.3,4.3,▼-1.7,▼-28.33%,17,1,18,478,4,4.8,6640,4
TXO,202609,20260916.0,38100.0,Call,-,-,-,-,9080,-,-,0,0,0,0,9040,9110,-,-
TXO,202609,20260916.0,38100.0,Put,-,-,-,-,4.5,-,-,0,0,0,18,4.1,4.9,1680,4
TXO,202609,20260916.0,38200.0,Call,-,-,-,-,8980,-,-,0,0,0,0,8940,9010,1030,370
TXO,202609,20260916.0,38200.0,Put,-,-,-,-,4.5,-,-,0,0,0,30,4.1,5,2770,4.6
TXO,202609,20260916.0,38300.0,Call,-,-,-,-,8880,-,-,0,0,0,0,8840,8910,-,-
TXO,202609,20260916.0,38300.0,Put,6.2,6.2,6.1,6.1,4.5,▲+0.1,▲+1.67%,0,3,3,39,4.3,5.3,1740,4.5
TXO,202609,20260916.0,38400.0,Call,-,-,-,-,8780,-,-,0,0,0,0,8750,8810,6200,340
TXO,202609,20260916.0,38400.0,Put,-,-,-,-,4.7,-,-,0,0,0,22,4.3,5.2,2080,4.7
TXO,202609,20260916.0,38500.0,Call,-,-,-,-,8680,-,-,0,0,0,1,8640,8710,6410,6410
TXO,202609,20260916.0,38500.0,Put,5.5,5.5,5,5,5,▼-1.5,▼-23.08%,3,2,5,99,4.4,5.4,1500,4
TXO,202609,20260916.0,38600.0,Call,-,-,-,-,8580,-,-,0,0,0,2,8310,8710,6350,371
TXO,202609,20260916.0,38600.0,Put,-,-,-,-,5,-,-,0,0,0,17,4.6,5.5,2850,4.6
TXO,202609,20260916.0,38700.0,Call,-,-,-,-,8480,-,-,0,0,0,0,8440,8510,-,-
TXO,202609,20260916.0,38700.0,Put,-,-,-,-,5.1,-,-,0,0,0,12,4.8,5.6,950,6.2
TXO,202609,20260916.0,38800.0,Call,-,-,-,-,8380,-,-,0,0,0,20,8240,8490,10410,270
TXO,202609,20260916.0,38800.0,Put,5.5,5.5,5.5,5.5,5.5,▼-1.6,▼-22.54%,1,1,2,12,5,5.9,2100,5.5
TXO,202609,20260916.0,38900.0,Call,-,-,-,-,8280,-,-,0,0,0,0,8250,8310,-,-
TXO,202609,20260916.0,38900.0,Put,7,7,5.5,5.5,5.5,▼-1.8,▼-24.66%,0,5,5,174,5,5.9,1990,5.5
TXO,202609,20260916.0,39000.0,Call,-,-,-,-,8180,-,-,0,0,0,50,7890,8280,8810,273
TXO,202609,20260916.0,39000.0,Put,8.3,8.3,5.5,5.5,5.5,▼-1.9,▼-25.68%,5,7,12,738,5.1,6,2820,5
TXO,202609,20260916.0,39100.0,Call,-,-,-,-,8080,-,-,0,0,0,1,8050,8130,3840,3840
TXO,202609,20260916.0,39100.0,Put,6,6,6,6,5.5,▼-1.6,▼-21.05%,0,1,1,48,5.1,6,2100,6
TXO,202609,20260916.0,39200.0,Call,-,-,-,-,7980,-,-,0,0,0,1,7950,8030,6340,249
TXO,202609,20260916.0,39200.0,Put,7.3,7.3,6,6,5.7,▼-1.9,▼-24.05%,0,3,3,43,5.4,6.3,2750,6
TXO,202609,20260916.0,39300.0,Call,-,-,-,-,7880,-,-,0,0,0,1,7850,7910,5220,2740
TXO,202609,20260916.0,39300.0,Put,6,6,6,6,6,▼-2.1,▼-25.93%,0,1,1,31,5.4,6.3,1930,6
TXO,202609,20260916.0,39400.0,Call,-,-,-,-,7780,-,-,0,0,0,6,7710,7890,8270,223
TXO,202609,20260916.0,39400.0,Put,-,-,-,-,6.1,-,-,0,0,0,46,5.6,6.4,2390,6.2
TXO,202609,20260916.0,39500.0,Call,-,-,-,-,7680,-,-,0,0,0,0,7650,7710,3220,3150
TXO,202609,20260916.0,39500.0,Put,6.5,6.5,6.5,6.5,6.2,▼-1.9,▼-22.62%,0,1,1,77,5.9,6.8,1320,6
TXO,202609,20260916.0,39600.0,Call,-,-,-,-,7580,-,-,0,0,0,2,7550,7840,5910,394
TXO,202609,20260916.0,39600.0,Put,7,7,6.5,6.7,6.4,▼-2,▼-22.99%,2,4,6,39,6.1,7,2870,6.4
TXO,202609,20260916.0,39700.0,Call,-,-,-,-,7480,-,-,0,0,0,23,7440,7580,6150,2400
TXO,202609,20260916.0,39700.0,Put,7,7,7,7,6.5,▼-1.7,▼-19.54%,0,1,1,26,6.1,6.9,1330,7
TXO,202609,20260916.0,39800.0,Call,-,-,-,-,7380,-,-,0,0,0,0,7350,7410,6170,417
TXO,202609,20260916.0,39800.0,Put,9,9,6.7,7.2,6.8,▼-2,▼-21.74%,0,9,9,47,6.4,7.3,2020,6.7
TXO,202609,20260916.0,39900.0,Call,-,-,-,-,7280,-,-,0,0,0,5,7250,7380,4450,2550
TXO,202609,20260916.0,39900.0,Put,7.5,7.5,7,7,7,▼-2.4,▼-25.53%,5,2,7,110,6.6,7.5,2270,7
TXO,202609,20260916.0,40000.0,Call,-,-,-,-,7180,-,-,0,0,0,67,7150,7290,8030,380
TXO,202609,20260916.0,40000.0,Put,10,10.5,6.9,7,7,▼-2.7,▼-27.84%,140,65,205,1940,6.8,7.7,3040,0.4
TXO,202609,20260916.0,40100.0,Call,-,-,-,-,7080,-,-,0,0,0,0,7050,7110,6430,2480
TXO,202609,20260916.0,40100.0,Put,7,8,7,7.5,7.5,▼-2.5,▼-25.00%,18,3,21,42,7,7.8,2350,0.2
TXO,202609,20260916.0,40200.0,Call,-,-,-,-,6980,-,-,0,0,0,4,6690,7090,7670,250
TXO,202609,20260916.0,40200.0,Put,8,8,7.5,7.5,7.5,▼-3,▼-28.57%,1,2,3,14,7.1,8,2310,7.4
TXO,202609,20260916.0,40300.0,Call,-,-,-,-,6880,-,-,0,0,0,0,6850,6910,5090,2720
TXO,202609,20260916.0,40300.0,Put,8,8,8,8,7.7,▼-2.5,▼-23.81%,0,1,1,42,7.5,8,2430,7.7
TXO,202609,20260916.0,40400.0,Call,-,-,-,-,6780,-,-,0,0,0,8,6700,7020,4590,388
TXO,202609,20260916.0,40400.0,Put,8.5,8.5,8,8,8,▼-3,▼-27.27%,1,2,3,75,7.4,8.4,3260,7.8
TXO,202609,20260916.0,40500.0,Call,-,-,-,-,6680,-,-,0,0,0,1,6650,6730,6650,2260
TXO,202609,20260916.0,40500.0,Put,11,11,7.6,7.6,8.2,▼-3.9,▼-33.91%,12,11,23,127,7.7,8.7,2460,7.6
TXO,202609,20260916.0,40600.0,Call,-,-,-,-,6580,-,-,0,0,0,3,6340,6720,6500,345
TXO,202609,20260916.0,40600.0,Put,12.5,12.5,8.5,8.5,8.5,▼-3,▼-26.09%,1,4,5,51,8,8.9,4360,8.5
TXO,202609,20260916.0,40700.0,Call,-,-,-,-,6480,-,-,0,0,0,18,6390,6610,5710,2330
TXO,202609,20260916.0,40700.0,Put,9,9,8.5,8.5,8.5,▼-3,▼-26.09%,1,2,3,373,8.2,9.1,2520,8.5
TXO,202609,20260916.0,40800.0,Call,-,-,-,-,6380,-,-,0,0,0,7,6240,6630,6870,530
TXO,202609,20260916.0,40800.0,Put,9.5,9.5,9,9,9,▼-3.5,▼-28.00%,0,2,2,109,8.3,9.4,4480,8
TXO,202609,20260916.0,40900.0,Call,-,-,-,-,6280,-,-,0,0,0,0,6250,6320,4500,3090
TXO,202609,20260916.0,40900.0,Put,9.5,9.5,9,9,9,▼-4,▼-30.77%,1,2,3,40,8.5,9.6,2000,9
TXO,202609,20260916.0,41000.0,Call,-,-,-,-,6190,-,-,0,0,0,10,5910,6300,7580,320
TXO,202609,20260916.0,41000.0,Put,13.5,13.5,9,9.7,9.1,▼-3.8,▼-28.15%,6,144,150,546,8.8,9.9,4640,9
TXO,202609,20260916.0,41100.0,Call,-,-,-,-,6090,-,-,0,0,0,5,6040,6340,5260,2720
TXO,202609,20260916.0,41100.0,Put,13.5,13.5,13.5,13.5,9.3,0,0%,1,1,2,64,8.7,9.9,3010,11
TXO,202609,20260916.0,41200.0,Call,-,-,-,-,5990,-,-,0,0,0,5,5910,6240,4320,2240
TXO,202609,20260916.0,41200.0,Put,-,-,-,-,9.5,-,-,4,0,4,509,9.3,10.5,7750,10.5
TXO,202609,20260916.0,41300.0,Call,-,-,-,-,5890,-,-,0,0,0,20,5640,5990,4200,1820
TXO,202609,20260916.0,41300.0,Put,-,-,-,-,9.8,-,-,0,0,0,76,9.3,10.5,2980,11
TXO,202609,20260916.0,41400.0,Call,-,-,-,-,5790,-,-,0,0,0,2,5650,6040,5680,1820
TXO,202609,20260916.0,41400.0,Put,10,10,10,10,10,▼-5,▼-33.33%,1,1,2,16,9.6,11,3480,10
TXO,202609,20260916.0,41500.0,Call,-,-,-,-,5690,-,-,0,0,0,3,5550,5940,4910,1750
TXO,202609,20260916.0,41500.0,Put,15.5,16,10.5,10.5,10.5,▼-4.5,▼-30.00%,44,45,89,114,10.5,11.5,1680,10.5
TXO,202609,20260916.0,41600.0,Call,-,-,-,-,5590,-,-,0,0,0,5,5510,5840,4470,2070
TXO,202609,20260916.0,41600.0,Put,14,14,11,11,11,▼-5,▼-31.25%,0,2,2,106,10.5,12,3420,11
TXO,202609,20260916.0,41700.0,Call,-,-,-,-,5490,-,-,0,0,0,2,5350,5740,5020,4120
TXO,202609,20260916.0,41700.0,Put,15.5,16,13.5,13.5,11.5,▼-3,▼-18.18%,31,12,43,163,10.5,12,3110,13.5
TXO,202609,20260916.0,41800.0,Call,-,-,-,-,5390,-,-,0,0,0,2,5310,5470,4910,264
TXO,202609,20260916.0,41800.0,Put,14,14,11.5,11.5,11.5,▼-6,▼-34.29%,0,7,7,47,11,12,6470,11.5
TXO,202609,20260916.0,41900.0,Call,-,-,-,-,5290,-,-,0,0,0,2,5130,5610,4500,1660
TXO,202609,20260916.0,41900.0,Put,12,12,12,12,12,▼-6,▼-33.33%,0,2,2,119,11.5,13.5,3180,12
TXO,202609,20260916.0,42000.0,Call,-,-,-,-,5190,-,-,0,0,0,605,5150,5270,6680,161
TXO,202609,20260916.0,42000.0,Put,23,23,12,13.5,13,▼-5.5,▼-28.95%,62,141,203,1577,12.5,13.5,7310,12
TXO,202609,20260916.0,42100.0,Call,-,-,-,-,5090,-,-,0,0,0,1,5070,5120,4100,3740
TXO,202609,20260916.0,42100.0,Put,18,18,18,18,13.5,▼-1,▼-5.26%,0,5,5,102,12.5,14,2830,15.5
TXO,202609,20260916.0,42200.0,Call,-,-,-,-,4990,-,-,0,0,0,3,4740,5250,4590,269
TXO,202609,20260916.0,42200.0,Put,18.5,18.5,14,16,14,▼-4,▼-20.00%,6,15,21,111,13,14.5,3410,14
TXO,202609,20260916.0,42300.0,Call,-,-,-,-,4890,-,-,0,0,0,100,4820,5140,4190,2620
TXO,202609,20260916.0,42300.0,Put,-,-,-,-,14.5,-,-,1,0,1,169,13.5,15,2460,17
TXO,202609,20260916.0,42400.0,Call,-,-,-,-,4790,-,-,0,0,0,1,4770,4820,4400,1180
TXO,202609,20260916.0,42400.0,Put,20.5,20.5,15,15.5,15.5,▼-6,▼-27.91%,13,8,21,92,14,16,3470,15
TXO,202609,20260916.0,42500.0,Call,-,-,-,-,4690,-,-,0,0,0,501,4490,4790,4130,1520
TXO,202609,20260916.0,42500.0,Put,23,23,16.5,16.5,16.5,▼-6,▼-26.67%,6,19,25,510,15,16.5,2580,16.5
TXO,202609,20260916.0,42600.0,Call,-,-,-,-,4590,-,-,0,0,0,6,4300,4700,6330,101
TXO,202609,20260916.0,42600.0,Put,22,22,15,15,16.5,▼-8.5,▼-36.17%,5,9,14,157,15.5,17.5,8970,15
TXO,202609,20260916.0,42700.0,Call,-,-,-,-,4490,-,-,0,0,0,0,4470,4520,2900,2240
TXO,202609,20260916.0,42700.0,Put,24,24,20,20,17,▼-4,▼-16.67%,14,18,32,198,16.5,18,2400,18.5
TXO,202609,20260916.0,42800.0,Call,-,-,-,-,4390,-,-,0,0,0,402,4260,4650,7760,800
TXO,202609,20260916.0,42800.0,Put,23,23.5,18.5,18.5,18.5,▼-7,▼-27.45%,4,22,26,247,17,19,4270,18.5
TXO,202609,20260916.0,42900.0,Call,-,-,-,-,4300,-,-,0,0,0,2,3980,4410,3810,2360
TXO,202609,20260916.0,42900.0,Put,25.5,25.5,25.5,25.5,19,▼-1.5,▼-5.56%,6,5,11,29,18,19.5,2980,22.5
TXO,202609,20260916.0,43000.0,Call,-,-,-,-,4200,-,-,0,0,0,20,4120,4440,7050,580
TXO,202609,20260916.0,43000.0,Put,28.5,28.5,18,19,19,▼-10,▼-34.48%,71,930,1001,1816,19,20,4540,18
TXO,202609,20260916.0,43100.0,Call,-,-,-,-,4100,-,-,0,0,0,3,3830,4340,3920,2450
TXO,202609,20260916.0,43100.0,Put,27,27,24,25.5,21,▼-4.5,▼-15.00%,4,128,132,122,18.5,21,2000,24
TXO,202609,20260916.0,43200.0,Call,-,-,-,-,4000,-,-,0,0,0,3,3930,4250,5810,790
TXO,202609,20260916.0,43200.0,Put,26.5,26.5,26.5,26.5,21.5,▼-5,▼-15.87%,7,2,9,83,20.5,23,3670,23.5
TXO,202609,20260916.0,43300.0,Call,-,-,-,-,3900,-,-,0,0,0,9,3830,4160,5360,1280
TXO,202609,20260916.0,43300.0,Put,30,30,21.5,22,22,▼-10,▼-31.25%,3,15,18,263,22,24,1830,21.5
TXO,202609,20260916.0,43400.0,Call,3800,3800,3800,3800,3800,▲+180,▲+4.97%,1,1,2,52,3600,4070,4900,750
TXO,202609,20260916.0,43400.0,Put,31,31,26.5,26.5,24,▼-9,▼-25.35%,9,4,13,168,23,25.5,3460,26.5
TXO,202609,20260916.0,43500.0,Call,3900,3900,3850,3850,3700,▲+330,▲+9.38%,0,2,2,266,3460,3960,3900,1220
TXO,202609,20260916.0,43500.0,Put,37,37,25,25,25,▼-12,▼-32.43%,40,123,163,950,24.5,27,3220,25
TXO,202609,20260916.0,43600.0,Call,3600,3600,3600,3600,3600,▲+180,▲+5.26%,0,1,1,25,3430,3860,6660,545
TXO,202609,20260916.0,43600.0,Put,39,39,26.5,28,28,▼-11.5,▼-29.11%,9,113,122,271,26,28,4720,26.5
TXO,202609,20260916.0,43700.0,Call,-,-,-,-,3510,-,-,0,0,0,6,3300,3760,3150,985
TXO,202609,20260916.0,43700.0,Put,39,39,30,30,30,▼-13.5,▼-31.03%,15,42,57,99,27,29.5,2400,30
TXO,202609,20260916.0,43800.0,Call,-,-,-,-,3410,-,-,0,0,0,6,3330,3660,5000,1000
TXO,202609,20260916.0,43800.0,Put,39,39,29,29,31.5,▼-16.5,▼-36.26%,5,66,71,103,29,31.5,3250,29
TXO,202609,20260916.0,43900.0,Call,-,-,-,-,3310,-,-,0,0,0,24,3230,3330,3000,1150
TXO,202609,20260916.0,43900.0,Put,41.5,41.5,34.5,34.5,34.5,▼-15,▼-30.30%,11,124,135,176,31.5,34,2230,34
TXO,202609,20260916.0,44000.0,Call,-,-,-,-,3210,-,-,0,0,0,48,2920,3260,6080,331
TXO,202609,20260916.0,44000.0,Put,50,51,33,35,35,▼-17,▼-32.69%,277,228,505,945,34,36,4150,33
TXO,202609,20260916.0,44100.0,Call,-,-,-,-,3120,-,-,0,0,0,6,2820,3160,3020,975
TXO,202609,20260916.0,44100.0,Put,41.5,45.5,41,45,38.5,▼-8,▼-15.09%,6,7,13,69,36.5,39.5,3780,40.5
TXO,202609,20260916.0,44200.0,Call,-,-,-,-,3020,-,-,0,0,0,12,2730,3070,4830,930
TXO,202609,20260916.0,44200.0,Put,52,52,39,39,39,▼-21,▼-35.00%,153,6,159,204,39.5,42.5,5100,39
TXO,202609,20260916.0,44300.0,Call,-,-,-,-,2920,-,-,0,0,0,33,2800,3250,2850,910
TXO,202609,20260916.0,44300.0,Put,53,53,43.5,43.5,43.5,▼-21.5,▼-33.08%,13,17,30,132,41.5,45,3720,43.5
TXO,202609,20260916.0,44400.0,Call,-,-,-,-,2830,-,-,0,0,0,15,2680,2870,4130,860
TXO,202609,20260916.0,44400.0,Put,54,56,45,45,45,▼-22,▼-32.84%,5,18,23,100,46,49,3980,45
TXO,202609,20260916.0,44500.0,Call,-,-,-,-,2730,-,-,1,0,1,340,2410,2750,5080,945
TXO,202609,20260916.0,44500.0,Put,64,71,50,50,50,▼-26,▼-34.21%,47,128,175,248,49.5,53,3300,50
TXO,202609,20260916.0,44550.0,Call,-,-,-,-,2680,-,-,0,0,0,0,2670,2700,-,-
TXO,202609,20260916.0,44550.0,Put,60,60,53,53,53,▼-26,▼-32.91%,0,4,4,5,52,56,199,53
TXO,202609,20260916.0,44600.0,Call,-,-,-,-,2630,-,-,0,0,0,125,2560,2680,4550,337
TXO,202609,20260916.0,44600.0,Put,71,71,54,56,56,▼-26,▼-31.71%,20,53,73,62,53,58,5580,54
TXO,202609,20260916.0,44650.0,Call,-,-,-,-,2590,-,-,0,0,0,0,2570,-,-,-
TXO,202609,20260916.0,44650.0,Put,62,75,59,59,59,▼-27,▼-31.40%,0,5,5,9,56,61,148,59
TXO,202609,20260916.0,44700.0,Call,-,-,-,-,2540,-,-,0,0,0,354,2240,2580,2790,835
TXO,202609,20260916.0,44700.0,Put,66,107,57,60,60,▼-30,▼-33.33%,14,91,105,488,58,63,3520,57
TXO,202609,20260916.0,44750.0,Call,-,-,-,-,2490,-,-,0,0,0,0,2480,2510,-,-
TXO,202609,20260916.0,44750.0,Put,81,81,81,81,65,▼-13,▼-13.83%,1,4,5,5,62,65,216,77
TXO,202609,20260916.0,44800.0,Call,2650,2650,2650,2650,2440,▲+350,▲+15.22%,6,1,7,84,2150,2460,4950,600
TXO,202609,20260916.0,44800.0,Put,88,88,63,69,69,▼-29,▼-29.59%,5,41,46,178,63,68,3700,63
TXO,202609,20260916.0,44850.0,Call,-,-,-,-,2400,-,-,0,0,0,0,2390,2420,-,-
TXO,202609,20260916.0,44850.0,Put,67,67,67,67,70,▼-35,▼-34.31%,1,1,2,29,67,72,312,67
TXO,202609,20260916.0,44900.0,Call,-,-,-,-,2350,-,-,0,0,0,27,2060,2400,2700,750
TXO,202609,20260916.0,44900.0,Put,76,85,72,72,72,▼-34,▼-32.08%,18,11,29,95,70,74,3650,72
TXO,202609,20260916.0,44950.0,Call,-,-,-,-,2300,-,-,0,0,0,0,2290,2320,-,-
TXO,202609,20260916.0,44950.0,Put,78,92,72,74,74,▼-37,▼-33.33%,5,8,13,51,75,79,411,72
TXO,202609,20260916.0,45000.0,Call,2360,2600,2180,2200,2260,▲+100,▲+4.76%,10,15,25,304,2250,2380,5750,550
TXO,202609,20260916.0,45000.0,Put,105,105,74,81,81,▼-37,▼-31.36%,339,294,633,1129,78,83,5600,74
TXO,202609,20260916.0,45050.0,Call,-,-,-,-,2210,-,-,0,0,0,0,2200,2230,-,-
TXO,202609,20260916.0,45050.0,Put,93,95,92,93,84,▼-29,▼-23.77%,2,7,9,23,81,85,492,92
TXO,202609,20260916.0,45100.0,Call,-,-,-,-,2170,-,-,0,0,0,41,2090,2210,2450,710
TXO,202609,20260916.0,45100.0,Put,86,99,85,85,85,▼-43,▼-33.59%,21,12,33,61,85,89,3780,85
TXO,202609,20260916.0,45150.0,Call,-,-,-,-,2120,-,-,0,0,0,0,2110,2140,-,-
TXO,202609,20260916.0,45150.0,Put,88,97,88,88,88,▼-45,▼-33.83%,0,6,6,4,89,95,114,88
TXO,202609,20260916.0,45200.0,Call,-,-,-,-,2070,-,-,0,0,0,119,1780,2120,6110,550
TXO,202609,20260916.0,45200.0,Put,123,123,87,94,94,▼-44,▼-31.88%,10,53,63,87,93,98,3850,87
TXO,202609,20260916.0,45250.0,Call,-,-,-,-,2030,-,-,0,0,0,2,1930,2070,1460,1460
TXO,202609,20260916.0,45250.0,Put,95,100,95,100,100,▼-45,▼-31.03%,2,14,16,17,98,104,565,95
TXO,202609,20260916.0,45300.0,Call,-,-,-,-,1980,-,-,0,0,0,47,1690,2030,2420,680
TXO,202609,20260916.0,45300.0,Put,140,140,96,108,108,▼-40,▼-27.03%,6,62,68,77,103,109,1810,96
TXO,202609,20260916.0,45350.0,Call,-,-,-,-,1940,-,-,0,0,0,1,1930,1960,1190,1190
TXO,202609,20260916.0,45350.0,Put,132,132,109,109,109,▼-49,▼-31.01%,0,4,4,7,108,115,314,105
TXO,202609,20260916.0,45400.0,Call,-,-,-,-,1890,-,-,0,0,0,99,1600,1910,3530,645
TXO,202609,20260916.0,45400.0,Put,130,140,101,118,118,▼-49,▼-29.34%,17,32,49,60,114,119,3980,101
TXO,202609,20260916.0,45450.0,Call,-,-,-,-,1850,-,-,0,0,0,4,1780,1890,1550,1180
TXO,202609,20260916.0,45450.0,Put,136,136,119,120,120,▼-54,▼-31.03%,2,10,12,11,120,127,550,116
TXO,202609,20260916.0,45500.0,Call,2100,2100,1870,1870,1810,▲+210,▲+12.65%,2,2,4,151,1800,1850,2480,600
TXO,202609,20260916.0,45500.0,Put,154,157,108,131,131,▼-49,▼-27.22%,195,380,575,461,125,130,3750,108
TXO,202609,20260916.0,45550.0,Call,-,-,-,-,1760,-,-,0,0,0,3,1470,1810,1250,925
TXO,202609,20260916.0,45550.0,Put,136,136,123,131,131,▼-55,▼-29.57%,0,8,8,29,133,140,750,116
TXO,202609,20260916.0,45600.0,Call,-,-,-,-,1720,-,-,1,0,1,416,1410,1760,5400,585
TXO,202609,20260916.0,45600.0,Put,168,168,119,139,139,▼-61,▼-30.50%,13,51,64,73,138,144,3320,119
TXO,202609,20260916.0,45650.0,Call,-,-,-,-,1680,-,-,0,0,0,0,1670,-,-,-
TXO,202609,20260916.0,45650.0,Put,130,156,129,146,146,▼-62,▼-29.81%,6,12,18,6,147,154,610,129
TXO,202609,20260916.0,45700.0,Call,1940,2000,1580,1580,1640,▲+80,▲+5.33%,5,454,459,846,1610,1660,4250,565
TXO,202609,20260916.0,45700.0,Put,157,189,138,151,151,▼-71,▼-31.98%,40,61,101,96,152,159,3000,135
TXO,202609,20260916.0,45750.0,Call,-,-,-,-,1590,-,-,0,0,0,2,1510,1630,1450,1120
TXO,202609,20260916.0,45750.0,Put,162,162,144,161,161,▼-68,▼-29.69%,0,9,9,17,160,167,640,144
TXO,202609,20260916.0,45800.0,Call,1630,1630,1600,1600,1550,▲+180,▲+12.68%,1,2,3,425,1540,1570,3830,500
TXO,202609,20260916.0,45800.0,Put,190,190,138,169,169,▼-70,▼-29.29%,5,49,54,100,168,177,4150,138
TXO,202609,20260916.0,45850.0,Call,-,-,-,-,1510,-,-,0,0,0,0,1500,1530,-,-
TXO,202609,20260916.0,45850.0,Put,176,186,157,178,178,▼-73,▼-29.08%,2,11,13,28,176,186,825,157
TXO,202609,20260916.0,45900.0,Call,1560,1560,1560,1560,1470,▲+220,▲+16.42%,0,1,1,38,1380,1510,2030,471
TXO,202609,20260916.0,45900.0,Put,218,218,165,184,184,▼-78,▼-29.77%,3,46,49,99,187,195,3530,164
TXO,202609,20260916.0,45950.0,Call,-,-,-,-,1430,-,-,0,0,0,5,1340,1470,1760,735
TXO,202609,20260916.0,45950.0,Put,196,220,181,196,196,▼-78,▼-28.47%,16,11,27,22,195,205,780,181
TXO,202609,20260916.0,46000.0,Call,1630,1730,1420,1490,1390,▲+230,▲+18.25%,28,14,42,299,1380,1410,5040,438
TXO,202609,20260916.0,46000.0,Put,238,245,167,206,206,▼-85,▼-29.21%,402,681,1083,904,208,216,5600,167
TXO,202609,20260916.0,46050.0,Call,1430,1430,1390,1390,1350,▲+160,▲+13.01%,1,2,3,1,1340,1370,1430,1050
TXO,202609,20260916.0,46050.0,Put,221,224,214,214,214,▼-85,▼-28.43%,1,7,8,19,216,225,885,214
TXO,202609,20260916.0,46100.0,Call,1460,1460,1240,1240,1310,▲+50,▲+4.20%,3,401,404,455,1300,1330,3120,417
TXO,202609,20260916.0,46100.0,Put,255,265,187,227,227,▼-91,▼-28.62%,25,124,149,135,229,235,3760,187
TXO,202609,20260916.0,46150.0,Call,-,-,-,-,1270,-,-,0,0,0,40,1260,1290,910,630
TXO,202609,20260916.0,46150.0,Put,215,229,207,229,246,▼-102,▼-30.82%,25,6,31,20,237,248,980,207
TXO,202609,20260916.0,46200.0,Call,1250,1550,1120,1210,1240,▲+90,▲+8.04%,5,25,30,247,1220,1250,5360,390
TXO,202609,20260916.0,46200.0,Put,258,274,199,255,255,▼-79,▼-23.65%,24,52,76,105,251,260,6310,199
TXO,202609,20260916.0,46250.0,Call,1250,1260,1250,1260,1200,▲+180,▲+16.67%,0,5,5,18,1190,1210,1260,590
TXO,202609,20260916.0,46250.0,Put,300,300,210,266,266,▼-84,▼-24.00%,33,17,50,20,262,272,915,210
TXO,202609,20260916.0,46300.0,Call,1480,1480,1230,1230,1160,▲+190,▲+18.27%,3,12,15,142,1150,1180,1810,400
TXO,202609,20260916.0,46300.0,Put,313,320,217,270,270,▼-112,▼-29.32%,179,73,252,124,276,285,2520,217
TXO,202609,20260916.0,46350.0,Call,-,-,-,-,1120,-,-,0,0,0,29,1110,1140,1340,605
TXO,202609,20260916.0,46350.0,Put,245,304,245,290,290,▼-95,▼-24.68%,20,33,53,42,289,299,1070,245
TXO,202609,20260916.0,46400.0,Call,1210,1210,1060,1060,1090,▲+90,▲+9.28%,2,3,5,201,1070,1100,4700,334
TXO,202609,20260916.0,46400.0,Put,331,345,245,308,308,▼-97,▼-23.95%,27,75,102,92,302,314,4360,245
TXO,202609,20260916.0,46450.0,Call,-,-,-,-,1050,-,-,0,0,0,33,1040,1060,1290,530
TXO,202609,20260916.0,46450.0,Put,351,351,263,308,324,▼-114,▼-27.01%,19,14,33,17,320,328,910,263
TXO,202609,20260916.0,46500.0,Call,1050,1330,960,960,1020,▲+30,▲+3.23%,292,35,327,514,1010,1030,3900,315
TXO,202609,20260916.0,46500.0,Put,372,375,261,326,326,▼-115,▼-26.08%,185,173,358,300,334,345,6610,240
TXO,202609,20260916.0,46550.0,Call,-,-,-,-,985,-,-,0,0,0,15,975,995,1210,505
TXO,202609,20260916.0,46550.0,Put,355,363,278,363,363,▼-97,▼-21.09%,16,11,27,20,351,362,905,278
TXO,202609,20260916.0,46600.0,Call,1110,1170,890,890,950,▲+30,▲+3.49%,21,358,379,470,945,960,3760,307
TXO,202609,20260916.0,46600.0,Put,390,390,280,377,377,▼-109,▼-22.43%,33,88,121,69,367,376,6230,280
TXO,202609,20260916.0,46650.0,Call,-,-,-,-,920,-,-,0,0,0,15,910,925,970,498
TXO,202609,20260916.0,46650.0,Put,388,426,368,387,387,▼-112,▼-22.44%,19,14,33,23,383,395,970,368
TXO,202609,20260916.0,46700.0,Call,955,1100,830,830,885,▲+35,▲+4.40%,8,12,20,74,880,895,5130,270
TXO,202609,20260916.0,46700.0,Put,435,447,304,403,403,▼-112,▼-21.75%,39,142,181,92,401,412,2350,304
TXO,202609,20260916.0,46750.0,Call,1000,1000,1000,1000,855,▲+230,▲+29.87%,0,2,2,6,845,860,1000,398
TXO,202609,20260916.0,46750.0,Put,320,463,320,430,430,▼-110,▼-20.37%,22,8,30,18,419,432,1290,320
TXO,202609,20260916.0,46800.0,Call,880,1100,815,815,815,▲+65,▲+8.67%,21,14,35,368,815,830,3180,293
TXO,202609,20260916.0,46800.0,Put,470,481,335,435,435,▼-135,▼-23.68%,30,57,87,112,439,450,7400,335
TXO,202609,20260916.0,46850.0,Call,1000,1000,900,900,795,▲+185,▲+25.87%,14,3,17,14,785,800,1030,351
TXO,202609,20260916.0,46850.0,Put,493,493,367,434,466,▼-161,▼-27.06%,8,8,16,12,457,470,830,367
TXO,202609,20260916.0,46900.0,Call,805,950,805,950,765,▲+265,▲+38.69%,16,2,18,173,755,770,3630,240
TXO,202609,20260916.0,46900.0,Put,505,515,353,487,487,▼-118,▼-19.50%,34,96,130,132,475,490,3700,353
TXO,202609,20260916.0,46950.0,Call,940,940,690,730,730,▲+70,▲+10.61%,19,4,23,12,725,740,940,375
TXO,202609,20260916.0,46950.0,Put,453,505,413,505,505,▼-130,▼-20.47%,16,18,34,15,498,510,710,413
TXO,202609,20260916.0,47000.0,Call,760,960,655,715,715,▲+90,▲+14.40%,236,280,516,803,700,715,5010,220
TXO,202609,20260916.0,47000.0,Put,540,570,383,520,520,▼-145,▼-21.80%,499,421,920,670,520,535,6680,383
TXO,202609,20260916.0,47050.0,Call,850,850,660,660,680,▲+50,▲+8.20%,27,2,29,15,670,685,850,330
TXO,202609,20260916.0,47050.0,Put,555,580,410,540,540,▼-165,▼-23.40%,15,26,41,10,540,555,820,410
TXO,202609,20260916.0,47100.0,Call,735,820,600,650,650,▲+80,▲+14.04%,49,13,62,249,645,660,3480,201
TXO,202609,20260916.0,47100.0,Put,595,605,377,575,575,▼-135,▼-19.01%,16,40,56,40,565,580,2860,377
TXO,202609,20260916.0,47150.0,Call,750,830,580,625,625,▲+60,▲+10.62%,27,15,42,12,615,630,850,269
TXO,202609,20260916.0,47150.0,Put,451,590,451,585,585,▼-150,▼-20.41%,15,14,29,16,585,600,985,451
TXO,202609,20260916.0,47200.0,Call,640,820,555,600,600,▲+70,▲+13.21%,71,145,216,615,590,605,3600,194
TXO,202609,20260916.0,47200.0,Put,635,635,460,625,625,▼-145,▼-18.83%,11,63,74,68,605,940,6660,460
TXO,202609,20260916.0,47250.0,Call,585,630,560,575,575,▲+60,▲+11.65%,29,27,56,34,565,580,790,240
TXO,202609,20260916.0,47250.0,Put,655,660,535,660,660,▼-130,▼-16.46%,4,34,38,19,580,655,1040,535
TXO,202609,20260916.0,47300.0,Call,570,770,510,560,560,▲+66,▲+13.36%,38,97,135,162,540,555,3600,178
TXO,202609,20260916.0,47300.0,Put,650,710,500,670,670,▼-145,▼-17.79%,15,92,107,88,640,680,2830,500
TXO,202609,20260916.0,47350.0,Call,565,640,484,525,525,▲+60,▲+12.90%,23,21,44,39,520,535,745,246
TXO,202609,20260916.0,47350.0,Put,520,725,520,700,700,▼-145,▼-17.16%,1,8,9,8,685,1020,1080,520
TXO,202609,20260916.0,47400.0,Call,555,710,473,500,500,▲+50,▲+11.11%,32,276,308,121,499,510,4760,168
TXO,202609,20260916.0,47400.0,Put,655,755,560,725,725,▼-150,▼-17.14%,22,34,56,52,700,735,6660,560
TXO,202609,20260916.0,47450.0,Call,525,575,487,500,478,▲+64,▲+14.68%,9,10,19,30,472,485,705,210
TXO,202609,20260916.0,47450.0,Put,645,760,645,760,760,▼-145,▼-16.02%,0,2,2,2,730,1060,860,645
TXO,202609,20260916.0,47500.0,Call,505,660,419,469,469,▲+69,▲+17.25%,107,233,340,686,451,463,2240,155
TXO,202609,20260916.0,47500.0,Put,900,900,580,770,770,▼-170,▼-18.09%,31,52,83,63,765,790,2730,580
TXO,202609,20260916.0,47550.0,Call,471,471,406,437,437,▲+38,▲+9.52%,14,6,20,10,434,446,650,188
TXO,202609,20260916.0,47550.0,Put,685,790,685,790,790,▼-180,▼-18.56%,5,3,8,6,790,1130,855,685
TXO,202609,20260916.0,47600.0,Call,445,600,378,415,415,▲+34,▲+8.92%,30,151,181,243,411,421,2000,140
TXO,202609,20260916.0,47600.0,Put,980,980,640,800,835,▼-200,▼-20.00%,18,18,36,18,550,845,6960,640
TXO,202609,20260916.0,47650.0,Call,408,420,397,398,398,▲+21,▲+5.57%,3,11,14,15,393,401,590,176
TXO,202609,20260916.0,47650.0,Put,-,-,-,-,865,-,-,0,0,0,0,855,880,-,-
TXO,202609,20260916.0,47700.0,Call,423,545,355,378,378,▲+31,▲+8.93%,11,61,72,338,374,384,1730,133
TXO,202609,20260916.0,47700.0,Put,765,840,700,840,900,▼-230,▼-21.50%,4,30,34,22,885,1220,1880,700
TXO,202609,20260916.0,47750.0,Call,480,510,359,360,360,▲+22,▲+6.51%,1,8,9,111,357,368,555,153
TXO,202609,20260916.0,47750.0,Put,825,825,825,825,930,▼-275,▼-25.00%,0,1,1,1,915,940,825,825
TXO,202609,20260916.0,47800.0,Call,373,485,307,338,338,▲+31,▲+10.10%,59,54,113,192,338,346,2000,124
TXO,202609,20260916.0,47800.0,Put,755,960,720,955,955,▼-185,▼-16.23%,2,66,68,71,930,970,6790,720
TXO,202609,20260916.0,47850.0,Call,436,436,300,322,322,▲+22,▲+7.33%,1,9,10,23,321,331,510,140
TXO,202609,20260916.0,47850.0,Put,-,-,-,-,995,-,-,0,0,0,0,980,1010,-,-
TXO,202609,20260916.0,47900.0,Call,390,449,290,308,308,▲+22,▲+7.69%,9,17,26,114,304,314,1000,114
TXO,202609,20260916.0,47900.0,Put,-,-,-,-,1030,-,-,0,0,0,1,1010,1040,2830,1310
TXO,202609,20260916.0,47950.0,Call,297,297,297,297,297,▲+25,▲+9.19%,0,5,5,23,290,299,445,154
TXO,202609,20260916.0,47950.0,Put,855,905,855,905,1060,▼-335,▼-27.02%,0,9,9,32,1050,1380,2370,855
TXO,202609,20260916.0,48000.0,Call,300,412,249,280,280,▲+30,▲+12.00%,357,367,724,1264,276,286,3130,104
TXO,202609,20260916.0,48000.0,Put,1000,1070,865,1070,1100,▼-210,▼-16.41%,22,45,67,66,1080,1110,7110,865
TXO,202609,20260916.0,48050.0,Call,285,350,246,264,264,▲+18,▲+7.32%,10,40,50,23,258,268,424,138
TXO,202609,20260916.0,48050.0,Put,-,-,-,-,1130,-,-,0,0,0,0,1120,1150,-,-
TXO,202609,20260916.0,48100.0,Call,238,362,226,260,260,▲+27,▲+11.59%,28,60,88,235,246,255,2800,1.1
TXO,202609,20260916.0,48100.0,Put,-,-,-,-,1170,-,-,0,0,0,3,1150,1260,4850,1050
TXO,202609,20260916.0,48150.0,Call,235,240,235,240,240,▲+19,▲+8.60%,0,10,10,1,233,242,370,102
TXO,202609,20260916.0,48150.0,Put,-,-,-,-,1210,-,-,0,0,0,1,1190,1220,1180,1060
TXO,202609,20260916.0,48200.0,Call,288,333,200,224,224,▲+18,▲+8.74%,19,46,65,264,221,230,2850,88
TXO,202609,20260916.0,48200.0,Put,1200,1290,1170,1170,1250,▼-260,▼-18.18%,10,5,15,9,1230,1260,7310,1170
TXO,202609,20260916.0,48250.0,Call,260,291,186,213,213,▲+14,▲+7.04%,1,708,709,697,210,218,369,90
TXO,202609,20260916.0,48250.0,Put,1260,1260,1260,1260,1280,▼-210,▼-14.29%,0,5,5,5,1270,1290,1260,1260
TXO,202609,20260916.0,48300.0,Call,201,300,178,200,200,▲+12,▲+6.38%,30,57,87,187,195,204,815,82
TXO,202609,20260916.0,48300.0,Put,1040,1250,1020,1250,1320,▼-260,▼-17.22%,0,12,12,10,1300,1380,2520,1020
TXO,202609,20260916.0,48350.0,Call,209,281,167,190,190,▲+13,▲+7.34%,20,35,55,13,187,197,333,100
TXO,202609,20260916.0,48350.0,Put,-,-,-,-,1360,-,-,0,0,0,0,1340,1370,-,-
TXO,202609,20260916.0,48400.0,Call,193,260,154,180,180,▲+11,▲+6.51%,28,60,88,170,177,187,1980,68
TXO,202609,20260916.0,48400.0,Put,-,-,-,-,1400,-,-,2,0,2,11,1310,1720,7590,1340
TXO,202609,20260916.0,48450.0,Call,217,244,147,172,172,▲+13,▲+8.18%,12,51,63,19,165,173,244,116
TXO,202609,20260916.0,48450.0,Put,-,-,-,-,1440,-,-,1,0,1,1,1420,1450,1530,1530
TXO,202609,20260916.0,48500.0,Call,159,241,10,158,158,▲+11,▲+7.48%,177,477,654,853,155,163,990,10
TXO,202609,20260916.0,48500.0,Put,1270,1420,1260,1420,1480,▼-250,▼-14.97%,0,3,3,5,1150,1800,3500,1260
TXO,202609,20260916.0,48550.0,Call,150,150,130,150,150,▲+8,▲+5.63%,7,24,31,18,149,156,157,95
TXO,202609,20260916.0,48550.0,Put,-,-,-,-,1520,-,-,0,0,0,0,1500,1530,-,-
TXO,202609,20260916.0,48600.0,Call,145,210,122,140,140,▲+10,▲+7.69%,27,69,96,155,139,146,750,59
TXO,202609,20260916.0,48600.0,Put,-,-,-,-,1560,-,-,0,0,0,9,1460,1870,7740,1360
TXO,202609,20260916.0,48650.0,Call,185,188,112,133,133,▲+6,▲+4.72%,9,35,44,20,130,138,188,112
TXO,202609,20260916.0,48650.0,Put,-,-,-,-,1600,-,-,1,0,1,1,1590,1610,1990,1990
TXO,202609,20260916.0,48700.0,Call,135,189,107,127,127,▲+9,▲+7.63%,27,102,129,137,123,129,1770,51
TXO,202609,20260916.0,48700.0,Put,-,-,-,-,1650,-,-,0,0,0,2,1600,1940,2600,1600
TXO,202609,20260916.0,48800.0,Call,127,166,94,110,110,0,0%,18,126,144,155,107,113,2200,47
TXO,202609,20260916.0,48800.0,Put,-,-,-,-,1730,-,-,0,0,0,3,1690,2030,4910,1700
TXO,202609,20260916.0,48900.0,Call,133,143,81,100,100,▲+4,▲+4.17%,9,46,55,193,95,100,3930,3.1
TXO,202609,20260916.0,48900.0,Put,-,-,-,-,1820,-,-,0,0,0,6,1770,1940,2250,1660
TXO,202609,20260916.0,49000.0,Call,100,130,69,84,84,▲+1,▲+1.20%,167,456,623,1531,82,88,3880,39.5
TXO,202609,20260916.0,49000.0,Put,1780,1920,1630,1840,1910,▼-260,▼-12.38%,1,5,6,8,1890,1920,8740,1630
TXO,202609,20260916.0,49100.0,Call,78,109,60,74,74,▲+2,▲+2.78%,8,35,43,122,71,77,3500,36.5
TXO,202609,20260916.0,49100.0,Put,-,-,-,-,2000,-,-,0,0,0,2,1950,2290,4510,1780
TXO,202609,20260916.0,49200.0,Call,70,98,54,62,62,▼-3,▼-4.62%,26,40,66,107,63,69,2080,35
TXO,202609,20260916.0,49200.0,Put,-,-,-,-,2090,-,-,0,0,0,5,1980,2380,5160,1920
TXO,202609,20260916.0,49300.0,Call,70,85,45,59,59,0,0%,10,168,178,227,53,58,1560,30
TXO,202609,20260916.0,49300.0,Put,2000,2210,2000,2210,2180,▼-170,▼-7.14%,0,2,2,3,2160,2190,4670,2000
TXO,202609,20260916.0,49400.0,Call,53,70,38,42,42,▼-6.5,▼-13.40%,167,103,270,361,47,50,2710,31.5
TXO,202609,20260916.0,49400.0,Put,-,-,-,-,2270,-,-,0,0,0,0,2250,2280,3200,3150
TXO,202609,20260916.0,49500.0,Call,51,65,33,37.5,37.5,▼-6.5,▼-14.77%,114,159,273,321,40.5,44.5,1060,27
TXO,202609,20260916.0,49500.0,Put,-,-,-,-,2360,-,-,0,0,0,1,2340,2370,4780,4780
TXO,202609,20260916.0,49600.0,Call,40.5,56,28,37,37,▼-2,▼-5.13%,6,152,158,520,35,38,1160,23
TXO,202609,20260916.0,49600.0,Put,-,-,-,-,2460,-,-,0,0,0,2,2410,2750,4850,2920
TXO,202609,20260916.0,49700.0,Call,35.5,48.5,27,30,30,▼-4.5,▼-13.04%,10,47,57,68,29.5,32.5,505,22.5
TXO,202609,20260916.0,49700.0,Put,-,-,-,-,2550,-,-,0,0,0,3,2450,2590,4920,4920
TXO,202609,20260916.0,49800.0,Call,40,42.5,21.5,26.5,26.5,▼-6.5,▼-19.70%,0,10,10,106,26,29,1760,21
TXO,202609,20260916.0,49800.0,Put,-,-,-,-,2650,-,-,0,0,0,1,2630,2660,3100,2530
TXO,202609,20260916.0,49900.0,Call,29,29,20,20,23,▼-10,▼-33.33%,2,4,6,97,21.5,24.5,2050,20
TXO,202609,20260916.0,49900.0,Put,-,-,-,-,2740,-,-,0,0,0,0,2720,2750,-,-
TXO,202609,20260916.0,50000.0,Call,25.5,35,16,20.5,20.5,▼-6,▼-22.64%,506,643,1149,2729,19,21,3370,16
TXO,202609,20260916.0,50000.0,Put,-,-,-,-,2840,-,-,0,0,0,2,2710,3130,5300,3130
TXO,202609,20260916.0,50100.0,Call,29.5,31,13.5,13.5,18.5,▼-9,▼-40.00%,3,50,53,119,16.5,19,3360,0.6
TXO,202609,20260916.0,50100.0,Put,-,-,-,-,2940,-,-,0,0,0,0,2920,2950,-,-
TXO,202609,20260916.0,50200.0,Call,21,26,21,25,16,▲+4.5,▲+21.95%,9,3,12,148,14,16,1800,16
TXO,202609,20260916.0,50200.0,Put,-,-,-,-,3040,-,-,0,0,0,0,3010,3050,-,-
TXO,202609,20260916.0,50300.0,Call,23.5,23.5,11,11,14,▼-8,▼-42.11%,0,5,5,47,12.5,14.5,1200,11
TXO,202609,20260916.0,50300.0,Put,-,-,-,-,3130,-,-,0,0,0,0,3110,3150,-,-
TXO,202609,20260916.0,50400.0,Call,17.5,20,11,11,11,▼-6,▼-35.29%,2,11,13,68,10.5,13,3140,11
TXO,202609,20260916.0,50400.0,Put,-,-,-,-,3230,-,-,0,0,0,0,3210,3240,7650,5430
TXO,202609,20260916.0,50500.0,Call,16,18.5,8.3,10,10,▼-6,▼-37.50%,21,214,235,231,9.4,11,1080,8.3
TXO,202609,20260916.0,50500.0,Put,-,-,-,-,3330,-,-,0,0,0,0,3310,3340,-,-
TXO,202609,20260916.0,50600.0,Call,16,17,7.8,7.8,9.4,▼-7.2,▼-48.00%,0,85,85,43,8.6,10,1760,7.8
TXO,202609,20260916.0,50600.0,Put,-,-,-,-,3430,-,-,0,0,0,0,3400,3440,3330,3240
TXO,202609,20260916.0,50700.0,Call,14,14,13.5,13.5,8.4,▼-1,▼-6.90%,5,2,7,53,7.7,9,1490,12.5
TXO,202609,20260916.0,50700.0,Put,-,-,-,-,3530,-,-,0,0,0,0,3500,3540,-,-
TXO,202609,20260916.0,50800.0,Call,13,13,6.8,6.8,7.7,▼-6.7,▼-49.63%,3,3,6,455,6.7,7.9,2580,6.8
TXO,202609,20260916.0,50800.0,Put,-,-,-,-,3630,-,-,0,0,0,0,3600,3640,3520,3280
TXO,202609,20260916.0,50900.0,Call,8.7,8.7,5.7,7,7,▼-5,▼-41.67%,0,18,18,31,6,7.1,1050,5.7
TXO,202609,20260916.0,50900.0,Put,-,-,-,-,3730,-,-,0,0,0,0,3700,3740,-,-
TXO,202609,20260916.0,51000.0,Call,12.5,12.5,5.8,6.4,6.4,▼-5.1,▼-44.35%,53,100,153,695,5.4,6.3,2360,5.8
TXO,202609,20260916.0,51000.0,Put,3770,3780,3670,3780,3830,▼-250,▼-6.20%,0,4,4,1,3800,3840,5060,3670
TXO,202609,20260916.0,51100.0,Call,8,8,8,8,5.9,▼-2.5,▼-23.81%,0,4,4,235,5.2,6.1,1820,8
TXO,202609,20260916.0,51100.0,Put,-,-,-,-,3930,-,-,0,0,0,0,3900,3940,-,-
TXO,202609,20260916.0,51200.0,Call,-,-,-,-,5.5,-,-,1,0,1,235,4.6,6,2430,8
TXO,202609,20260916.0,51200.0,Put,-,-,-,-,4030,-,-,0,0,0,0,3880,4040,-,-
TXO,202609,20260916.0,51300.0,Call,9.7,9.7,5.3,5.3,5.3,▼-4,▼-43.01%,0,4,4,332,4.2,5.4,840,5.3
TXO,202609,20260916.0,51300.0,Put,-,-,-,-,4130,-,-,0,0,0,0,4100,4140,-,-
TXO,202609,20260916.0,51400.0,Call,4.9,4.9,4.9,4.9,4.7,▼-3.9,▼-44.32%,0,4,4,10,3.8,5.2,1830,4.9
TXO,202609,20260916.0,51400.0,Put,-,-,-,-,4230,-,-,0,0,0,0,4200,4240,-,-
TXO,202609,20260916.0,51500.0,Call,3.7,3.7,3.7,3.7,4.2,▼-4.5,▼-54.88%,0,2,2,97,3.5,4.2,920,3.7
TXO,202609,20260916.0,51500.0,Put,-,-,-,-,4320,-,-,0,0,0,0,4300,4340,-,-
TXO,202609,20260916.0,51600.0,Call,6.9,7.8,6.9,7.8,4,▼-0.1,▼-1.27%,0,2,2,13,3.1,4.3,810,6.9
TXO,202609,20260916.0,51600.0,Put,-,-,-,-,4420,-,-,0,0,0,0,4400,4440,-,-
TXO,202609,20260916.0,51700.0,Call,3,4.4,3,4.4,3.8,▼-3.2,▼-42.11%,0,5,5,19,2.8,4.1,550,3
TXO,202609,20260916.0,51700.0,Put,-,-,-,-,4520,-,-,0,0,0,0,4490,4540,-,-
TXO,202609,20260916.0,51800.0,Call,3,3,3,3,3.4,▼-4.3,▼-58.90%,2,1,3,9,2.7,4,1850,3
TXO,202609,20260916.0,51800.0,Put,-,-,-,-,4620,-,-,0,0,0,0,4590,4640,-,-
TXO,202609,20260916.0,51900.0,Call,3,3.7,3,3.7,3.3,▼-3.3,▼-47.14%,0,3,3,13,2.3,3.8,590,3
TXO,202609,20260916.0,51900.0,Put,-,-,-,-,4720,-,-,0,0,0,0,4690,4740,-,-
TXO,202609,20260916.0,52000.0,Call,5.5,5.5,2.1,2.1,3.1,▼-4.6,▼-68.66%,2,937,939,1186,2,2.3,2210,2.1
TXO,202609,20260916.0,52000.0,Put,-,-,-,-,4820,-,-,0,0,0,0,4790,4840,-,-
TXO,202609,20260916.0,52100.0,Call,-,-,-,-,2.9,-,-,0,0,0,19,1.9,3.2,590,10
TXO,202609,20260916.0,52100.0,Put,-,-,-,-,4920,-,-,0,0,0,0,4890,4940,-,-
TXO,202609,20260916.0,52200.0,Call,3,3,2.9,3,2.7,▼-3.3,▼-52.38%,0,14,14,12,1.7,3,2340,2.9
TXO,202609,20260916.0,52200.0,Put,-,-,-,-,5020,-,-,0,0,0,0,4990,5040,-,-
TXO,202609,20260916.0,52300.0,Call,-,-,-,-,2.4,-,-,0,0,0,9,1.7,3,1880,7.7
TXO,202609,20260916.0,52300.0,Put,-,-,-,-,5120,-,-,0,0,0,0,5090,5150,-,-
TXO,202609,20260916.0,52400.0,Call,-,-,-,-,2.2,-,-,0,0,0,15,1.3,2.8,1880,7.2
TXO,202609,20260916.0,52400.0,Put,-,-,-,-,5220,-,-,0,0,0,0,5190,5250,-,-
TXO,202609,20260916.0,52500.0,Call,-,-,-,-,2,-,-,1,0,1,133,1.4,2.6,550,6.3
TXO,202609,20260916.0,52500.0,Put,-,-,-,-,5320,-,-,0,0,0,0,5290,5350,-,-
TXO,202609,20260916.0,52600.0,Call,-,-,-,-,1.9,-,-,0,0,0,82,1.2,2.4,1390,6.6
TXO,202609,20260916.0,52600.0,Put,-,-,-,-,5420,-,-,0,0,0,0,5390,5450,-,-
TXO,202609,20260916.0,52700.0,Call,-,-,-,-,1.7,-,-,0,0,0,24,1.1,2.2,1890,6.6
TXO,202609,20260916.0,52700.0,Put,-,-,-,-,5520,-,-,0,0,0,0,5490,5550,-,-
TXO,202609,20260916.0,52800.0,Call,-,-,-,-,1.5,-,-,0,0,0,16,1,2,1930,8.5
TXO,202609,20260916.0,52800.0,Put,-,-,-,-,5620,-,-,0,0,0,0,5590,5650,-,-
TXO,202609,20260916.0,52900.0,Call,-,-,-,-,1.4,-,-,0,0,0,46,0.8,2,580,7.3
TXO,202609,20260916.0,52900.0,Put,-,-,-,-,5720,-,-,0,0,0,0,5690,5750,-,-
TXO,202609,20260916.0,53000.0,Call,4.9,4.9,1,1,1.3,▼-4,▼-80.00%,0,841,841,1091,0.7,1,1240,1
TXO,202609,20260916.0,53000.0,Put,-,-,-,-,5820,-,-,0,0,0,0,5790,5840,-,-
TXO,202609,20260916.0,53100.0,Call,-,-,-,-,1.2,-,-,0,0,0,44,0.7,1.7,580,5.9
TXO,202609,20260916.0,53100.0,Put,-,-,-,-,5920,-,-,0,0,0,0,5890,5950,-,-
TXO,202609,20260916.0,53200.0,Call,-,-,-,-,1.1,-,-,0,0,0,10,0.6,1.6,1500,5.2
TXO,202609,20260916.0,53200.0,Put,-,-,-,-,6020,-,-,0,0,0,0,5990,6050,-,-
TXO,202609,20260916.0,53300.0,Call,-,-,-,-,1,-,-,0,0,0,34,0.5,1.5,580,5.7
TXO,202609,20260916.0,53300.0,Put,-,-,-,-,6120,-,-,0,0,0,0,6090,6150,-,-
TXO,202609,20260916.0,53400.0,Call,4.1,4.1,4.1,4.1,1,▼-0.5,▼-10.87%,0,1,1,6,0.5,1.4,1000,4.1
TXO,202609,20260916.0,53400.0,Put,-,-,-,-,6220,-,-,0,0,0,0,6190,6250,-,-
TXO,202609,20260916.0,53500.0,Call,4.5,4.5,4.5,4.5,0.9,0,0%,2,1,3,104,0.4,1.3,600,4.5
TXO,202609,20260916.0,53500.0,Put,-,-,-,-,6320,-,-,0,0,0,0,6280,6350,-,-
TXO,202609,20260916.0,53600.0,Call,1.2,1.2,1.2,1.2,0.9,▼-3.2,▼-72.73%,1,1,2,5,0.4,1.2,1340,1.2
TXO,202609,20260916.0,53600.0,Put,-,-,-,-,6420,-,-,0,0,0,0,6380,6450,-,-
TXO,202609,20260916.0,53700.0,Call,-,-,-,-,0.8,-,-,0,0,0,21,0.3,1.1,550,11.5
TXO,202609,20260916.0,53700.0,Put,-,-,-,-,6520,-,-,0,0,0,0,6480,6550,-,-
TXO,202609,20260916.0,53800.0,Call,-,-,-,-,0.7,-,-,0,0,0,12,0.2,1.1,1240,5.4
TXO,202609,20260916.0,53800.0,Put,-,-,-,-,6620,-,-,0,0,0,0,6580,6650,-,-
TXO,202609,20260916.0,53900.0,Call,1,1,0.9,0.9,0.7,▼-3.2,▼-78.05%,0,6,6,22,0.1,1,99,0.9
TXO,202609,20260916.0,53900.0,Put,-,-,-,-,6720,-,-,0,0,0,0,6680,6750,-,-
TXO,202609,20260916.0,54000.0,Call,3.5,3.5,0.9,0.9,0.7,▼-3.1,▼-77.50%,0,7,7,180,0.7,1,1400,0.9
TXO,202609,20260916.0,54000.0,Put,-,-,-,-,6820,-,-,0,0,0,1,6790,6850,9240,9240
TXO,202609,20260916.0,54100.0,Call,-,-,-,-,0.6,-,-,0,0,0,28,-,13,100,4.7
TXO,202609,20260916.0,54100.0,Put,-,-,-,-,6920,-,-,0,0,0,0,6880,6950,-,-
TXO,202609,20260916.0,54200.0,Call,-,-,-,-,0.6,-,-,0,0,0,31,-,570,250,5
TXO,202609,20260916.0,54200.0,Put,-,-,-,-,7020,-,-,0,0,0,0,6980,7050,-,-
TXO,202609,20260916.0,54300.0,Call,3,3,3,3,0.6,▼-0.7,▼-18.92%,0,1,1,24,-,43.5,195,3
TXO,202609,20260916.0,54300.0,Put,-,-,-,-,7120,-,-,0,0,0,0,7080,7150,-,-
TXO,202609,20260916.0,54400.0,Call,-,-,-,-,0.5,-,-,0,0,0,27,-,570,1040,9.5
TXO,202609,20260916.0,54400.0,Put,-,-,-,-,7220,-,-,0,0,0,0,7180,7250,-,-
TXO,202609,20260916.0,54500.0,Call,-,-,-,-,0.5,-,-,0,0,0,134,-,570,300,3.5
TXO,202609,20260916.0,54500.0,Put,-,-,-,-,7320,-,-,0,0,0,0,7280,7350,-,-
TXO,202609,20260916.0,54600.0,Call,-,-,-,-,0.4,-,-,0,0,0,48,-,104,1680,3.4
TXO,202609,20260916.0,54600.0,Put,-,-,-,-,7420,-,-,0,0,0,0,7380,7450,-,-
TXO,202609,20260916.0,54700.0,Call,3.3,3.3,2.9,2.9,0.4,▼-0.5,▼-14.71%,1,9,10,40,-,570,382,2.9
TXO,202609,20260916.0,54700.0,Put,-,-,-,-,7520,-,-,0,0,0,0,7480,7550,-,-
TXO,202609,20260916.0,54800.0,Call,2.8,2.8,2.5,2.5,0.4,▼-0.5,▼-16.67%,0,2,2,25,-,570,370,2.5
TXO,202609,20260916.0,54800.0,Put,-,-,-,-,7620,-,-,0,0,0,0,7580,7650,-,-
TXO,202609,20260916.0,54900.0,Call,-,-,-,-,0.4,-,-,0,0,0,9,-,570,205,3
TXO,202609,20260916.0,54900.0,Put,-,-,-,-,7720,-,-,0,0,0,0,7680,7750,-,-
TXO,202609,20260916.0,55000.0,Call,1,1,1,1,0.3,▼-1.9,▼-65.52%,5,1,6,335,-,3.2,1240,0.5
TXO,202609,20260916.0,55000.0,Put,-,-,-,-,7820,-,-,0,0,0,1,7780,7850,10230,10230
TXO,202609,20260916.0,55200.0,Call,-,-,-,-,0.3,-,-,6,0,6,9,-,570,350,3
TXO,202609,20260916.0,55200.0,Put,-,-,-,-,8020,-,-,0,0,0,0,7980,8050,-,-
TXO,202609,20260916.0,55400.0,Call,-,-,-,-,0.3,-,-,0,0,0,33,0.1,103,800,2.8
TXO,202609,20260916.0,55400.0,Put,-,-,-,-,8220,-,-,0,0,0,176,7900,8290,12880,9200
TXO,202609,20260916.0,55600.0,Call,1,1,1,1,0.2,▼-1.7,▼-62.96%,0,2,2,19,-,570,1400,1
TXO,202609,20260916.0,55600.0,Put,-,-,-,-,8420,-,-,0,0,0,0,8310,8490,-,-
TXO,202609,20260916.0,55800.0,Call,2.2,2.2,0.4,0.4,0.2,▼-2,▼-83.33%,0,11,11,913,0.2,1.8,1350,0.4
TXO,202609,20260916.0,55800.0,Put,-,-,-,-,8620,-,-,0,0,0,0,8500,8700,-,-
TXO,202609F3,20260918.0,41200.0,Call,-,-,-,-,6020,-,-,0,0,0,0,-,6060,-,-
TXO,202609F3,20260918.0,41200.0,Put,19.5,20,17.5,17.5,17.5,▼-4.5,▼-20.45%,26,9,35,69,16,17.5,44,17.5
TXO,202609F3,20260918.0,41300.0,Call,-,-,-,-,5920,-,-,0,0,0,0,-,5940,-,-
TXO,202609F3,20260918.0,41300.0,Put,20.5,20.5,20.5,20.5,17.5,▼-2,▼-8.89%,0,1,1,8,16.5,18,34,17.5
TXO,202609F3,20260918.0,41400.0,Call,-,-,-,-,5820,-,-,0,0,0,0,5800,5840,-,-
TXO,202609F3,20260918.0,41400.0,Put,-,-,-,-,18,-,-,0,0,0,4,17,18.5,46,22.5
TXO,202609F3,20260918.0,41500.0,Call,-,-,-,-,5720,-,-,0,0,0,0,5700,-,-,-
TXO,202609F3,20260918.0,41500.0,Put,20,20,20,20,18.5,▼-4,▼-16.67%,0,1,1,14,17.5,19,44.5,20
TXO,202609F3,20260918.0,41600.0,Call,-,-,-,-,5620,-,-,0,0,0,0,5600,-,-,-
TXO,202609F3,20260918.0,41600.0,Put,-,-,-,-,19.5,-,-,0,0,0,1,18.5,20,46.5,46.5
TXO,202609F3,20260918.0,41700.0,Call,-,-,-,-,5520,-,-,0,0,0,0,5500,-,-,-
TXO,202609F3,20260918.0,41700.0,Put,-,-,-,-,20,-,-,0,0,0,0,19,20.5,-,-
TXO,202609F3,20260918.0,41800.0,Call,-,-,-,-,5430,-,-,0,0,0,0,5400,-,-,-
TXO,202609F3,20260918.0,41800.0,Put,-,-,-,-,21,-,-,0,0,0,0,19.5,21,-,-
TXO,202609F3,20260918.0,41900.0,Call,-,-,-,-,5330,-,-,0,0,0,0,5300,-,-,-
TXO,202609F3,20260918.0,41900.0,Put,-,-,-,-,22,-,-,0,0,0,10,20.5,22,53,25
TXO,202609F3,20260918.0,42000.0,Call,-,-,-,-,5230,-,-,0,0,0,0,5200,-,-,-
TXO,202609F3,20260918.0,42000.0,Put,25.5,25.5,23,23,23,▼-6,▼-20.69%,0,4,4,12,21.5,23,63,23
TXO,202609F3,20260918.0,42100.0,Call,-,-,-,-,5130,-,-,0,0,0,0,5100,-,-,-
TXO,202609F3,20260918.0,42100.0,Put,-,-,-,-,24,-,-,0,0,0,12,22.5,24,61,57
TXO,202609F3,20260918.0,42200.0,Call,-,-,-,-,5030,-,-,0,0,0,0,5010,-,-,-
TXO,202609F3,20260918.0,42200.0,Put,24,24,24,24,24,▼-6.5,▼-21.31%,0,1,1,15,23,24.5,69,24
TXO,202609F3,20260918.0,42300.0,Call,-,-,-,-,4930,-,-,0,0,0,0,4910,-,-,-
TXO,202609F3,20260918.0,42300.0,Put,-,-,-,-,26,-,-,0,0,0,12,24.5,26,66,63
TXO,202609F3,20260918.0,42400.0,Call,-,-,-,-,4830,-,-,0,0,0,0,4810,-,-,-
TXO,202609F3,20260918.0,42400.0,Put,-,-,-,-,27,-,-,0,0,0,12,25.5,27,70,66
TXO,202609F3,20260918.0,42500.0,Call,-,-,-,-,4730,-,-,0,0,0,0,4710,-,-,-
TXO,202609F3,20260918.0,42500.0,Put,30,30.5,26.5,26.5,28,▼-9.5,▼-26.39%,0,3,3,17,26.5,28,74,25
TXO,202609F3,20260918.0,42600.0,Call,-,-,-,-,4630,-,-,0,0,0,0,4610,4650,-,-
TXO,202609F3,20260918.0,42600.0,Put,-,-,-,-,29.5,-,-,0,0,0,6,28,29.5,78,78
TXO,202609F3,20260918.0,42700.0,Call,-,-,-,-,4540,-,-,0,0,0,0,4520,4550,-,-
TXO,202609F3,20260918.0,42700.0,Put,-,-,-,-,31,-,-,1,0,1,8,29.5,31,69,44
TXO,202609F3,20260918.0,42800.0,Call,-,-,-,-,4440,-,-,0,0,0,0,4420,-,-,-
TXO,202609F3,20260918.0,42800.0,Put,-,-,-,-,32.5,-,-,5,0,5,3,31,32.5,58,40.5
TXO,202609F3,20260918.0,42900.0,Call,-,-,-,-,4340,-,-,0,0,0,0,4320,-,-,-
TXO,202609F3,20260918.0,42900.0,Put,-,-,-,-,34,-,-,0,0,0,6,32.5,34,97,35
TXO,202609F3,20260918.0,43000.0,Call,-,-,-,-,4240,-,-,0,0,0,0,4220,-,-,-
TXO,202609F3,20260918.0,43000.0,Put,43,45.5,36,38.5,36,▼-7.5,▼-16.30%,1,28,29,30,33.5,36,100,36
TXO,202609F3,20260918.0,43100.0,Call,-,-,-,-,4140,-,-,0,0,0,0,4120,-,-,-
TXO,202609F3,20260918.0,43100.0,Put,40,40,40,40,40,▼-7,▼-14.89%,0,1,1,1,35,37.5,47,40
TXO,202609F3,20260918.0,43200.0,Call,-,-,-,-,4050,-,-,0,0,0,0,4020,-,-,-
TXO,202609F3,20260918.0,43200.0,Put,43,43,43,43,40,▼-8,▼-15.69%,4,1,5,6,37.5,40,107,41
TXO,202609F3,20260918.0,43300.0,Call,-,-,-,-,3950,-,-,0,0,0,0,3930,3960,-,-
TXO,202609F3,20260918.0,43300.0,Put,-,-,-,-,42.5,-,-,0,0,0,2,40,42.5,52,45.5
TXO,202609F3,20260918.0,43400.0,Call,-,-,-,-,3850,-,-,0,0,0,0,3830,-,-,-
TXO,202609F3,20260918.0,43400.0,Put,46.5,46.5,42.5,42.5,42.5,▼-14.5,▼-25.44%,3,6,9,3,42.5,45,104,42.5
TXO,202609F3,20260918.0,43500.0,Call,-,-,-,-,3750,-,-,0,0,0,0,3730,-,-,-
TXO,202609F3,20260918.0,43500.0,Put,-,-,-,-,47.5,-,-,1,0,1,13,45,47.5,132,46
TXO,202609F3,20260918.0,43600.0,Call,-,-,-,-,3660,-,-,0,0,0,0,3630,-,-,-
TXO,202609F3,20260918.0,43600.0,Put,49.5,49.5,49.5,49.5,49.5,▼-16.5,▼-25.00%,1,1,2,4,48,51,104,49.5
TXO,202609F3,20260918.0,43700.0,Call,-,-,-,-,3560,-,-,0,0,0,0,3540,-,-,-
TXO,202609F3,20260918.0,43700.0,Put,-,-,-,-,54,-,-,1,0,1,3,51,54,84,54
TXO,202609F3,20260918.0,43800.0,Call,-,-,-,-,3460,-,-,0,0,0,0,3440,-,-,-
TXO,202609F3,20260918.0,43800.0,Put,-,-,-,-,57,-,-,0,0,0,2,54,57,72,56
TXO,202609F3,20260918.0,43900.0,Call,-,-,-,-,3370,-,-,0,0,0,0,3350,3380,-,-
TXO,202609F3,20260918.0,43900.0,Put,-,-,-,-,61,-,-,0,0,0,7,59,62,88,83
TXO,202609F3,20260918.0,44000.0,Call,-,-,-,-,3270,-,-,0,0,0,0,3250,-,-,-
TXO,202609F3,20260918.0,44000.0,Put,73,73,70,70,70,▼-15,▼-17.65%,7,3,10,8,63,66,130,67
TXO,202609F3,20260918.0,44100.0,Call,-,-,-,-,3180,-,-,0,0,0,0,3150,-,-,-
TXO,202609F3,20260918.0,44100.0,Put,-,-,-,-,70,-,-,0,0,0,5,67,71,156,69
TXO,202609F3,20260918.0,44200.0,Call,-,-,-,-,3080,-,-,0,0,0,0,3070,-,-,-
TXO,202609F3,20260918.0,44200.0,Put,-,-,-,-,75,-,-,0,0,0,0,70,75,186,79
TXO,202609F3,20260918.0,44300.0,Call,-,-,-,-,2990,-,-,0,0,0,0,2970,3000,-,-
TXO,202609F3,20260918.0,44300.0,Put,88,88,80,80,80,▼-26,▼-24.53%,0,2,2,3,77,82,108,80
TXO,202609F3,20260918.0,44400.0,Call,-,-,-,-,2890,-,-,0,0,0,0,2870,-,-,-
TXO,202609F3,20260918.0,44400.0,Put,103,103,81,81,88,▼-33,▼-28.95%,3,2,5,3,83,88,170,81
TXO,202609F3,20260918.0,44500.0,Call,-,-,-,-,2800,-,-,0,0,0,0,2780,-,-,-
TXO,202609F3,20260918.0,44500.0,Put,108,108,93,100,95,▼-23,▼-18.70%,1,3,4,12,90,95,258,93
TXO,202609F3,20260918.0,44550.0,Call,-,-,-,-,2750,-,-,0,0,0,0,2740,2770,-,-
TXO,202609F3,20260918.0,44550.0,Put,-,-,-,-,98,-,-,1,0,1,4,93,98,175,108
TXO,202609F3,20260918.0,44600.0,Call,-,-,-,-,2710,-,-,0,0,0,0,2690,2720,-,-
TXO,202609F3,20260918.0,44600.0,Put,98,98,95,95,102,▼-37,▼-28.03%,2,2,4,2,97,102,199,93
TXO,202609F3,20260918.0,44650.0,Call,-,-,-,-,2660,-,-,0,0,0,0,2650,-,-,-
TXO,202609F3,20260918.0,44650.0,Put,-,-,-,-,104,-,-,0,0,0,0,101,106,195,148
TXO,202609F3,20260918.0,44700.0,Call,-,-,-,-,2610,-,-,0,0,0,0,2600,2630,-,-
TXO,202609F3,20260918.0,44700.0,Put,-,-,-,-,108,-,-,1,0,1,1,105,110,137,102
TXO,202609F3,20260918.0,44750.0,Call,-,-,-,-,2570,-,-,0,0,0,0,2550,2580,-,-
TXO,202609F3,20260918.0,44750.0,Put,-,-,-,-,112,-,-,0,0,0,0,109,114,-,-
TXO,202609F3,20260918.0,44800.0,Call,-,-,-,-,2520,-,-,0,0,0,0,2510,2540,-,-
TXO,202609F3,20260918.0,44800.0,Put,118,119,108,108,117,▼-41,▼-27.52%,6,7,13,2,113,119,220,108
TXO,202609F3,20260918.0,44850.0,Call,-,-,-,-,2480,-,-,0,0,0,0,2460,2490,-,-
TXO,202609F3,20260918.0,44850.0,Put,-,-,-,-,121,-,-,0,0,0,0,118,124,-,-
TXO,202609F3,20260918.0,44900.0,Call,-,-,-,-,2430,-,-,0,0,0,0,2420,2450,-,-
TXO,202609F3,20260918.0,44900.0,Put,-,-,-,-,127,-,-,0,0,0,0,123,129,-,-
TXO,202609F3,20260918.0,44950.0,Call,-,-,-,-,2390,-,-,0,0,0,0,2370,2400,-,-
TXO,202609F3,20260918.0,44950.0,Put,-,-,-,-,132,-,-,0,0,0,0,128,134,-,-
TXO,202609F3,20260918.0,45000.0,Call,-,-,-,-,2340,-,-,0,0,0,0,2330,2360,-,-
TXO,202609F3,20260918.0,45000.0,Put,117,153,117,153,137,▼-26,▼-14.53%,13,14,27,21,134,139,370,117
TXO,202609F3,20260918.0,45050.0,Call,-,-,-,-,2300,-,-,0,0,0,0,2280,2310,2550,2550
TXO,202609F3,20260918.0,45050.0,Put,-,-,-,-,142,-,-,0,0,0,3,140,145,280,156
TXO,202609F3,20260918.0,45100.0,Call,-,-,-,-,2250,-,-,0,0,0,0,2240,2270,-,-
TXO,202609F3,20260918.0,45100.0,Put,152,152,152,152,152,▼-42,▼-21.65%,2,1,3,2,144,151,242,152
TXO,202609F3,20260918.0,45150.0,Call,-,-,-,-,2210,-,-,0,0,0,0,2200,-,-,-
TXO,202609F3,20260918.0,45150.0,Put,-,-,-,-,154,-,-,0,0,0,0,150,157,-,-
TXO,202609F3,20260918.0,45200.0,Call,-,-,-,-,2170,-,-,0,0,0,0,2150,2180,-,-
TXO,202609F3,20260918.0,45200.0,Put,137,137,137,137,161,▼-71,▼-34.13%,2,1,3,32,157,164,255,137
TXO,202609F3,20260918.0,45250.0,Call,-,-,-,-,2120,-,-,0,0,0,0,2110,2140,-,-
TXO,202609F3,20260918.0,45250.0,Put,148,151,147,151,168,▼-67,▼-30.73%,0,3,3,2,164,171,151,147
TXO,202609F3,20260918.0,45300.0,Call,-,-,-,-,2080,-,-,0,0,0,0,2070,2090,-,-
TXO,202609F3,20260918.0,45300.0,Put,163,199,163,199,176,▼-28,▼-12.33%,41,2,43,1,171,177,309,160
TXO,202609F3,20260918.0,45350.0,Call,-,-,-,-,2040,-,-,0,0,0,0,2020,2050,-,-
TXO,202609F3,20260918.0,45350.0,Put,-,-,-,-,183,-,-,0,0,0,0,178,184,-,-
TXO,202609F3,20260918.0,45400.0,Call,-,-,-,-,2000,-,-,0,0,0,0,1980,2010,-,-
TXO,202609F3,20260918.0,45400.0,Put,208,208,208,208,189,▼-36,▼-14.75%,10,1,11,24,186,192,525,208
TXO,202609F3,20260918.0,45450.0,Call,-,-,-,-,1950,-,-,0,0,0,0,1940,1970,-,-
TXO,202609F3,20260918.0,45450.0,Put,-,-,-,-,197,-,-,0,0,0,0,192,200,-,-
TXO,202609F3,20260918.0,45500.0,Call,-,-,-,-,1910,-,-,0,0,0,0,1890,-,-,-
TXO,202609F3,20260918.0,45500.0,Put,-,-,-,-,205,-,-,0,0,0,4,200,207,382,382
TXO,202609F3,20260918.0,45550.0,Call,-,-,-,-,1870,-,-,0,0,0,0,1860,1880,-,-
TXO,202609F3,20260918.0,45550.0,Put,-,-,-,-,214,-,-,0,0,0,0,208,216,-,-
TXO,202609F3,20260918.0,45600.0,Call,-,-,-,-,1830,-,-,0,0,0,0,1810,1840,-,-
TXO,202609F3,20260918.0,45600.0,Put,198,235,181,228,228,▼-57,▼-20.00%,0,6,6,2,217,225,293,181
TXO,202609F3,20260918.0,45650.0,Call,-,-,-,-,1790,-,-,0,0,0,0,1770,1800,2030,2030
TXO,202609F3,20260918.0,45650.0,Put,-,-,-,-,233,-,-,0,0,0,0,227,234,-,-
TXO,202609F3,20260918.0,45700.0,Call,-,-,-,-,1750,-,-,0,0,0,0,1730,1760,-,-
TXO,202609F3,20260918.0,45700.0,Put,-,-,-,-,242,-,-,0,0,0,33,237,245,307,294
TXO,202609F3,20260918.0,45750.0,Call,-,-,-,-,1710,-,-,0,0,0,1,1690,1720,1950,1950
TXO,202609F3,20260918.0,45750.0,Put,255,255,245,252,252,▼-67,▼-21.00%,0,3,3,1,247,254,255,245
TXO,202609F3,20260918.0,45800.0,Call,-,-,-,-,1670,-,-,0,0,0,0,1650,1680,-,-
TXO,202609F3,20260918.0,45800.0,Put,-,-,-,-,262,-,-,0,0,0,2,256,265,290,242
TXO,202609F3,20260918.0,45850.0,Call,-,-,-,-,1630,-,-,0,0,0,0,1610,1640,-,-
TXO,202609F3,20260918.0,45850.0,Put,-,-,-,-,273,-,-,0,0,0,0,266,276,-,-
TXO,202609F3,20260918.0,45900.0,Call,-,-,-,-,1590,-,-,0,0,0,0,1570,1600,-,-
TXO,202609F3,20260918.0,45900.0,Put,-,-,-,-,283,-,-,0,0,0,0,276,286,-,-
TXO,202609F3,20260918.0,45950.0,Call,-,-,-,-,1550,-,-,0,0,0,0,1540,1560,-,-
TXO,202609F3,20260918.0,45950.0,Put,-,-,-,-,295,-,-,0,0,0,0,288,298,-,-
TXO,202609F3,20260918.0,46000.0,Call,-,-,-,-,1510,-,-,1,0,1,1,1490,1610,1110,1110
TXO,202609F3,20260918.0,46000.0,Put,258,258,258,258,303,▼-126,▼-32.81%,0,1,1,4,300,310,695,258
TXO,202609F3,20260918.0,46050.0,Call,1440,1440,1440,1440,1470,▲+90,▲+6.67%,0,1,1,1,1460,1490,1440,1440
TXO,202609F3,20260918.0,46050.0,Put,-,-,-,-,316,-,-,0,0,0,0,312,322,-,-
TXO,202609F3,20260918.0,46100.0,Call,-,-,-,-,1440,-,-,1,0,1,1,1420,1450,1510,1510
TXO,202609F3,20260918.0,46100.0,Put,-,-,-,-,329,-,-,0,0,0,0,327,335,-,-
TXO,202609F3,20260918.0,46150.0,Call,-,-,-,-,1400,-,-,0,0,0,0,-,-,-,-
TXO,202609F3,20260918.0,46150.0,Put,-,-,-,-,343,-,-,0,0,0,0,335,346,-,-
TXO,202609F3,20260918.0,46200.0,Call,-,-,-,-,1360,-,-,0,0,0,0,1350,1380,-,-
TXO,202609F3,20260918.0,46200.0,Put,-,-,-,-,356,-,-,0,0,0,0,351,362,-,-
TXO,202609F3,20260918.0,46250.0,Call,-,-,-,-,1330,-,-,0,0,0,0,1310,1340,-,-
TXO,202609F3,20260918.0,46250.0,Put,-,-,-,-,371,-,-,0,0,0,0,364,374,-,-
TXO,202609F3,20260918.0,46300.0,Call,1290,1290,1260,1260,1290,▲+80,▲+6.78%,0,5,5,5,1280,1300,1290,1260
TXO,202609F3,20260918.0,46300.0,Put,404,404,404,404,386,▼-73,▼-15.30%,0,4,4,5,381,392,404,332
TXO,202609F3,20260918.0,46350.0,Call,-,-,-,-,1260,-,-,0,0,0,0,1250,1270,-,-
TXO,202609F3,20260918.0,46350.0,Put,-,-,-,-,399,-,-,1,0,1,3,394,405,540,378
TXO,202609F3,20260918.0,46400.0,Call,1220,1220,1220,1220,1220,▲+110,▲+9.91%,0,3,3,3,1210,1230,1420,1220
TXO,202609F3,20260918.0,46400.0,Put,427,427,427,427,427,▼-83,▼-16.27%,1,3,4,5,411,420,515,364
TXO,202609F3,20260918.0,46450.0,Call,1140,1140,1140,1140,1190,▲+60,▲+5.56%,0,3,3,3,1180,1200,1140,1140
TXO,202609F3,20260918.0,46450.0,Put,442,442,442,442,442,▼-88,▼-16.60%,0,3,3,4,428,437,770,442
TXO,202609F3,20260918.0,46500.0,Call,-,-,-,-,1150,-,-,0,0,0,0,1140,1160,-,-
TXO,202609F3,20260918.0,46500.0,Put,468,468,468,468,446,▼-82,▼-14.91%,4,1,5,3,442,452,700,435
TXO,202609F3,20260918.0,46550.0,Call,1120,1120,1080,1080,1120,▲+60,▲+5.88%,0,11,11,11,1110,1130,1120,1080
TXO,202609F3,20260918.0,46550.0,Put,476,476,466,476,476,▼-94,▼-16.49%,0,11,11,12,459,471,570,466
TXO,202609F3,20260918.0,46600.0,Call,-,-,-,-,1090,-,-,2,0,2,2,1080,1100,1310,790
TXO,202609F3,20260918.0,46600.0,Put,-,-,-,-,481,-,-,0,0,0,2,476,486,840,486
TXO,202609F3,20260918.0,46650.0,Call,-,-,-,-,1060,-,-,0,0,0,0,1050,1070,-,-
TXO,202609F3,20260918.0,46650.0,Put,-,-,-,-,499,-,-,0,0,0,0,495,505,-,-
TXO,202609F3,20260918.0,46700.0,Call,-,-,-,-,1020,-,-,0,0,0,1,1010,1030,1230,1230
TXO,202609F3,20260918.0,46700.0,Put,-,-,-,-,515,-,-,0,0,0,1,510,525,520,520
TXO,202609F3,20260918.0,46750.0,Call,-,-,-,-,995,-,-,0,0,0,1,985,1000,1250,800
TXO,202609F3,20260918.0,46750.0,Put,-,-,-,-,535,-,-,1,0,1,1,530,545,825,492
TXO,202609F3,20260918.0,46800.0,Call,-,-,-,-,965,-,-,0,0,0,1,955,970,1190,1190
TXO,202609F3,20260918.0,46800.0,Put,-,-,-,-,560,-,-,1,0,1,2,550,565,805,510
TXO,202609F3,20260918.0,46850.0,Call,930,930,915,915,915,▲+70,▲+8.28%,0,6,6,6,925,940,930,915
TXO,202609F3,20260918.0,46850.0,Put,585,585,580,580,580,▼-115,▼-16.55%,1,6,7,8,570,585,745,498
TXO,202609F3,20260918.0,46900.0,Call,885,885,885,885,885,▲+65,▲+7.93%,0,3,3,3,895,910,1110,885
TXO,202609F3,20260918.0,46900.0,Put,600,600,600,600,600,▼-115,▼-16.08%,0,3,3,5,590,605,600,515
TXO,202609F3,20260918.0,46950.0,Call,-,-,-,-,875,-,-,0,0,0,0,865,880,-,-
TXO,202609F3,20260918.0,46950.0,Put,-,-,-,-,620,-,-,0,0,0,0,610,625,-,-
TXO,202609F3,20260918.0,47000.0,Call,850,850,850,850,850,▲+85,▲+11.11%,2,1,3,5,840,855,980,735
TXO,202609F3,20260918.0,47000.0,Put,625,640,625,640,640,▼-115,▼-15.23%,0,2,2,2,635,650,755,550
TXO,202609F3,20260918.0,47050.0,Call,815,815,815,815,815,▲+75,▲+10.14%,4,1,5,3,810,825,885,680
TXO,202609F3,20260918.0,47050.0,Put,665,665,665,665,665,▼-115,▼-14.74%,0,1,1,0,655,670,780,570
TXO,202609F3,20260918.0,47100.0,Call,-,-,-,-,795,-,-,2,0,2,10,785,800,985,690
TXO,202609F3,20260918.0,47100.0,Put,680,680,680,680,680,▼-135,▼-16.56%,0,1,1,2,680,695,780,675
TXO,202609F3,20260918.0,47150.0,Call,880,880,800,800,765,▲+110,▲+15.94%,0,5,5,4,755,770,880,800
TXO,202609F3,20260918.0,47150.0,Put,630,630,630,630,710,▼-210,▼-25.00%,0,4,4,5,700,715,655,630
TXO,202609F3,20260918.0,47200.0,Call,720,720,720,720,720,▲+50,▲+7.46%,1,1,2,3,730,745,905,640
TXO,202609F3,20260918.0,47200.0,Put,-,-,-,-,730,-,-,0,0,0,2,725,740,735,630
TXO,202609F3,20260918.0,47250.0,Call,-,-,-,-,710,-,-,2,0,2,2,705,720,620,620
TXO,202609F3,20260918.0,47250.0,Put,-,-,-,-,755,-,-,0,0,0,1,735,855,650,650
TXO,202609F3,20260918.0,47300.0,Call,720,720,720,720,685,▲+100,▲+16.13%,1,1,2,2,680,695,810,600
TXO,202609F3,20260918.0,47300.0,Put,-,-,-,-,780,-,-,0,0,0,1,760,795,760,660
TXO,202609F3,20260918.0,47350.0,Call,-,-,-,-,660,-,-,0,0,0,0,655,670,-,-
TXO,202609F3,20260918.0,47350.0,Put,-,-,-,-,805,-,-,0,0,0,1,795,820,785,785
TXO,202609F3,20260918.0,47400.0,Call,815,815,660,660,660,▲+85,▲+14.78%,1,2,3,3,630,645,815,555
TXO,202609F3,20260918.0,47400.0,Put,-,-,-,-,830,-,-,0,0,0,2,-,845,780,705
TXO,202609F3,20260918.0,47450.0,Call,635,670,580,620,620,▲+65,▲+11.71%,1,5,6,1,610,625,670,535
TXO,202609F3,20260918.0,47450.0,Put,-,-,-,-,860,-,-,0,0,0,0,850,-,830,740
TXO,202609F3,20260918.0,47500.0,Call,650,650,650,650,595,▲+105,▲+19.27%,2,1,3,3,585,600,795,515
TXO,202609F3,20260918.0,47500.0,Put,-,-,-,-,885,-,-,0,0,0,1,875,900,1030,780
TXO,202609F3,20260918.0,47550.0,Call,-,-,-,-,570,-,-,1,0,1,1,565,580,496,496
TXO,202609F3,20260918.0,47550.0,Put,-,-,-,-,915,-,-,0,0,0,0,-,-,-,-
TXO,202609F3,20260918.0,47600.0,Call,600,600,600,600,550,▲+105,▲+21.21%,1,1,2,2,540,555,600,417
TXO,202609F3,20260918.0,47600.0,Put,800,800,750,750,940,▼-340,▼-31.19%,0,2,2,1,-,960,800,750
TXO,202609F3,20260918.0,47650.0,Call,-,-,-,-,525,-,-,0,0,0,0,520,535,-,-
TXO,202609F3,20260918.0,47650.0,Put,-,-,-,-,970,-,-,0,0,0,2,855,985,925,910
TXO,202609F3,20260918.0,47700.0,Call,555,555,555,555,505,▲+98,▲+21.44%,1,1,2,2,500,515,555,458
TXO,202609F3,20260918.0,47700.0,Put,850,850,850,850,1000,▼-300,▼-26.09%,0,1,1,1,990,1020,945,850
TXO,202609F3,20260918.0,47750.0,Call,-,-,-,-,488,-,-,0,0,0,0,480,492,-,-
TXO,202609F3,20260918.0,47750.0,Put,-,-,-,-,1030,-,-,0,0,0,0,1020,1050,-,-
TXO,202609F3,20260918.0,47800.0,Call,515,515,515,515,468,▲+94,▲+22.33%,1,1,2,6,462,474,600,319
TXO,202609F3,20260918.0,47800.0,Put,925,925,925,925,1060,▼-295,▼-24.18%,0,1,1,1,1030,1170,1000,925
TXO,202609F3,20260918.0,47850.0,Call,-,-,-,-,448,-,-,0,0,0,0,445,455,-,-
TXO,202609F3,20260918.0,47850.0,Put,-,-,-,-,1090,-,-,0,0,0,0,1080,1110,-,-
TXO,202609F3,20260918.0,47900.0,Call,494,494,494,494,430,▲+107,▲+27.65%,0,1,1,2,426,436,600,459
TXO,202609F3,20260918.0,47900.0,Put,980,980,980,980,1120,▼-300,▼-23.44%,0,1,1,1,1110,1140,980,980
TXO,202609F3,20260918.0,47950.0,Call,-,-,-,-,413,-,-,0,0,0,0,407,416,-,-
TXO,202609F3,20260918.0,47950.0,Put,-,-,-,-,1160,-,-,0,0,0,0,-,1170,-,-
TXO,202609F3,20260918.0,48000.0,Call,505,510,415,415,396,▲+60,▲+16.90%,3,16,19,19,389,400,555,203
TXO,202609F3,20260918.0,48000.0,Put,1250,1250,970,1200,1200,▼-150,▼-11.11%,8,23,31,11,1090,1210,1610,970
TXO,202609F3,20260918.0,48050.0,Call,-,-,-,-,380,-,-,0,0,0,0,374,385,-,-
TXO,202609F3,20260918.0,48050.0,Put,-,-,-,-,1220,-,-,0,0,0,0,1210,1240,-,-
TXO,202609F3,20260918.0,48100.0,Call,-,-,-,-,362,-,-,0,0,0,0,358,369,-,-
TXO,202609F3,20260918.0,48100.0,Put,-,-,-,-,1250,-,-,0,0,0,0,-,1270,2000,1830
TXO,202609F3,20260918.0,48150.0,Call,-,-,-,-,347,-,-,0,0,0,0,343,352,-,-
TXO,202609F3,20260918.0,48150.0,Put,-,-,-,-,1290,-,-,0,0,0,0,1280,1310,-,-
TXO,202609F3,20260918.0,48200.0,Call,-,-,-,-,332,-,-,0,0,0,1,328,339,449,449
TXO,202609F3,20260918.0,48200.0,Put,-,-,-,-,1320,-,-,0,0,0,0,1310,1340,-,-
TXO,202609F3,20260918.0,48250.0,Call,-,-,-,-,317,-,-,0,0,0,0,311,321,-,-
TXO,202609F3,20260918.0,48250.0,Put,-,-,-,-,1360,-,-,0,0,0,0,1350,1380,-,-
TXO,202609F3,20260918.0,48300.0,Call,383,383,300,303,303,▲+28,▲+10.18%,1,5,6,4,299,307,419,170
TXO,202609F3,20260918.0,48300.0,Put,-,-,-,-,1400,-,-,0,0,0,0,-,1410,-,-
TXO,202609F3,20260918.0,48350.0,Call,-,-,-,-,290,-,-,0,0,0,0,286,294,-,-
TXO,202609F3,20260918.0,48350.0,Put,-,-,-,-,1430,-,-,0,0,0,0,1420,1450,-,-
TXO,202609F3,20260918.0,48400.0,Call,274,274,274,274,274,▲+22,▲+8.73%,0,1,1,6,272,281,407,218
TXO,202609F3,20260918.0,48400.0,Put,-,-,-,-,1470,-,-,3,0,3,15,1460,1490,1980,1280
TXO,202609F3,20260918.0,48450.0,Call,-,-,-,-,265,-,-,0,0,0,0,262,272,-,-
TXO,202609F3,20260918.0,48450.0,Put,-,-,-,-,1510,-,-,2,0,2,2,1380,1520,1510,1510
TXO,202609F3,20260918.0,48500.0,Call,266,301,249,249,249,▲+19,▲+8.26%,14,9,23,26,249,259,400,126
TXO,202609F3,20260918.0,48500.0,Put,-,-,-,-,1550,-,-,3,0,3,7,1530,1560,1720,1360
TXO,202609F3,20260918.0,48550.0,Call,-,-,-,-,241,-,-,0,0,0,0,235,244,-,-
TXO,202609F3,20260918.0,48550.0,Put,-,-,-,-,1580,-,-,0,0,0,0,1570,1600,-,-
TXO,202609F3,20260918.0,48600.0,Call,270,270,224,224,224,▲+14,▲+6.67%,1,2,3,2,225,232,351,112
TXO,202609F3,20260918.0,48600.0,Put,-,-,-,-,1620,-,-,0,0,0,0,1610,1640,-,-
TXO,202609F3,20260918.0,48650.0,Call,-,-,-,-,219,-,-,0,0,0,0,214,222,-,-
TXO,202609F3,20260918.0,48650.0,Put,-,-,-,-,1660,-,-,0,0,0,0,1650,1680,-,-
TXO,202609F3,20260918.0,48700.0,Call,-,-,-,-,209,-,-,3,0,3,4,205,212,306,114
TXO,202609F3,20260918.0,48700.0,Put,-,-,-,-,1700,-,-,0,0,0,0,1690,1720,-,-
TXO,202609F3,20260918.0,48800.0,Call,200,269,171,171,171,▼-2,▼-1.16%,1,4,5,14,184,192,300,95
TXO,202609F3,20260918.0,48800.0,Put,-,-,-,-,1780,-,-,0,0,0,0,1770,1800,-,-
TXO,202609F3,20260918.0,48900.0,Call,219,233,174,174,171,▲+17,▲+10.83%,0,5,5,2,168,174,255,105
TXO,202609F3,20260918.0,48900.0,Put,-,-,-,-,1860,-,-,0,0,0,0,1850,1880,-,-
TXO,202609F3,20260918.0,49000.0,Call,217,217,156,156,156,▲+3,▲+1.96%,0,7,7,32,151,157,260,74
TXO,202609F3,20260918.0,49000.0,Put,-,-,-,-,1950,-,-,0,0,0,0,-,1960,-,-
TXO,202609F3,20260918.0,49100.0,Call,-,-,-,-,139,-,-,1,0,1,6,136,143,207,104
TXO,202609F3,20260918.0,49100.0,Put,-,-,-,-,2030,-,-,0,0,0,0,2000,-,-,-
TXO,202609F3,20260918.0,49200.0,Call,120,120,120,120,120,▲+4,▲+3.45%,2,1,3,2,121,128,132,90
TXO,202609F3,20260918.0,49200.0,Put,-,-,-,-,2120,-,-,0,0,0,0,-,2130,-,-
TXO,202609F3,20260918.0,49300.0,Call,133,133,133,133,111,▲+29,▲+27.88%,0,1,1,2,109,115,171,62
TXO,202609F3,20260918.0,49300.0,Put,-,-,-,-,2200,-,-,0,0,0,0,2190,2220,-,-
TXO,202609F3,20260918.0,49400.0,Call,-,-,-,-,99,-,-,0,0,0,2,98,103,156,100
TXO,202609F3,20260918.0,49400.0,Put,-,-,-,-,2290,-,-,0,0,0,0,2280,2310,-,-
TXO,202609F3,20260918.0,49500.0,Call,97,122,89,91,91,▲+6,▲+7.06%,16,17,33,14,87,92,164,63
TXO,202609F3,20260918.0,49500.0,Put,-,-,-,-,2380,-,-,0,0,0,0,2370,2400,-,-
TXO,202609F3,20260918.0,49600.0,Call,102,102,78,78,78,▲+2,▲+2.63%,0,12,12,11,79,84,102,78
TXO,202609F3,20260918.0,49600.0,Put,-,-,-,-,2470,-,-,0,0,0,0,2460,2490,-,-
TXO,202609F3,20260918.0,49700.0,Call,101,101,101,101,69,▲+32,▲+46.38%,3,1,4,6,69,74,111,76
TXO,202609F3,20260918.0,49700.0,Put,-,-,-,-,2560,-,-,0,0,0,0,2550,2580,-,-
TXO,202609F3,20260918.0,49800.0,Call,70,70,70,70,61,▲+8,▲+12.90%,1,2,3,2,61,66,79,70
TXO,202609F3,20260918.0,49800.0,Put,-,-,-,-,2650,-,-,0,0,0,0,-,2670,-,-
TXO,202609F3,20260918.0,49900.0,Call,84,84,84,84,56,▲+28,▲+50.00%,3,1,4,4,56,61,110,66
TXO,202609F3,20260918.0,49900.0,Put,-,-,-,-,2750,-,-,0,0,0,0,-,2770,-,-
TXO,202609F3,20260918.0,50000.0,Call,68,70,50,50,50,▼-5,▼-9.09%,12,7,19,16,49,52,104,36.5
TXO,202609F3,20260918.0,50000.0,Put,-,-,-,-,2840,-,-,0,0,0,0,2830,2860,-,-
TXO,202609F3,20260918.0,50100.0,Call,62,62,62,62,44.5,▲+16.5,▲+36.26%,0,1,1,2,44,46.5,62,44
TXO,202609F3,20260918.0,50100.0,Put,-,-,-,-,2940,-,-,0,0,0,0,-,2960,-,-
TXO,202609F3,20260918.0,50200.0,Call,-,-,-,-,40,-,-,0,0,0,0,39.5,42,-,-
TXO,202609F3,20260918.0,50200.0,Put,-,-,-,-,3030,-,-,0,0,0,0,3020,3050,-,-
TXO,202609F3,20260918.0,50300.0,Call,53,53,53,53,35.5,▲+15.5,▲+41.33%,0,2,2,2,35.5,38,75,53
TXO,202609F3,20260918.0,50300.0,Put,-,-,-,-,3130,-,-,0,0,0,0,-,3150,-,-
TXO,202609F3,20260918.0,50400.0,Call,-,-,-,-,31.5,-,-,0,0,0,1,31.5,34,31,31
TXO,202609F3,20260918.0,50400.0,Put,-,-,-,-,3220,-,-,0,0,0,0,3210,3240,-,-
TXO,202609F3,20260918.0,50500.0,Call,30,30,30,30,30,▼-1.5,▼-4.76%,0,1,1,3,28.5,31,41,29
TXO,202609F3,20260918.0,50500.0,Put,-,-,-,-,3320,-,-,0,0,0,0,-,3340,-,-
TXO,202609F3,20260918.0,50600.0,Call,31.5,31.5,31.5,31.5,26,▲+3,▲+10.53%,0,1,1,1,25.5,28,31.5,31.5
TXO,202609F3,20260918.0,50600.0,Put,-,-,-,-,3420,-,-,0,0,0,0,-,3440,-,-
TXO,202609F3,20260918.0,50700.0,Call,-,-,-,-,23.5,-,-,0,0,0,0,23,25.5,-,-
TXO,202609F3,20260918.0,50700.0,Put,-,-,-,-,3510,-,-,0,0,0,0,-,3540,-,-
TXO,202609F3,20260918.0,50800.0,Call,25,25,25,25,21.5,▲+0.5,▲+2.04%,0,1,1,2,21.5,23,32.5,25
TXO,202609F3,20260918.0,50800.0,Put,-,-,-,-,3610,-,-,0,0,0,0,3600,3630,-,-
TXO,202609F3,20260918.0,50900.0,Call,25,25,25,25,19.5,▲+2,▲+8.70%,2,1,3,3,19.5,21,25,25
TXO,202609F3,20260918.0,50900.0,Put,-,-,-,-,3710,-,-,0,0,0,0,-,3730,-,-
TXO,202609F3,20260918.0,51000.0,Call,-,-,-,-,17.5,-,-,0,0,0,0,17.5,19,-,-
TXO,202609F3,20260918.0,51000.0,Put,-,-,-,-,3810,-,-,0,0,0,0,-,3830,-,-
TXO,202609F3,20260918.0,51100.0,Call,-,-,-,-,16,-,-,0,0,0,3,16,17.5,32.5,32.5
TXO,202609F3,20260918.0,51100.0,Put,-,-,-,-,3910,-,-,0,0,0,0,-,3930,-,-
TXO,202609F3,20260918.0,51200.0,Call,-,-,-,-,15,-,-,0,0,0,0,15,16.5,-,-
TXO,202609F3,20260918.0,51200.0,Put,-,-,-,-,4010,-,-,0,0,0,0,-,4030,-,-
TXO,202609F3,20260918.0,51300.0,Call,-,-,-,-,13.5,-,-,0,0,0,3,13.5,15,30.5,25
TXO,202609F3,20260918.0,51300.0,Put,-,-,-,-,4100,-,-,0,0,0,0,4090,4130,-,-
TXO,202609F3,20260918.0,51400.0,Call,-,-,-,-,13,-,-,0,0,0,0,12.5,13.5,-,-
TXO,202609F3,20260918.0,51400.0,Put,-,-,-,-,4200,-,-,0,0,0,0,-,4230,-,-
TXO,202609F3,20260918.0,51500.0,Call,16,16,16,16,12,▲+0.5,▲+3.23%,0,1,1,1,11.5,13,16,16
TXO,202609F3,20260918.0,51500.0,Put,-,-,-,-,4300,-,-,0,0,0,0,-,4330,-,-
TXO,202609F3,20260918.0,51600.0,Call,-,-,-,-,11,-,-,0,0,0,0,11,12,-,-
TXO,202609F3,20260918.0,51600.0,Put,-,-,-,-,4400,-,-,0,0,0,0,-,4420,-,-
TXO,202609F3,20260918.0,51700.0,Call,-,-,-,-,10,-,-,0,0,0,0,10,11,-,-
TXO,202609F3,20260918.0,51700.0,Put,-,-,-,-,4500,-,-,0,0,0,0,-,4520,-,-
TXO,202609F3,20260918.0,51800.0,Call,-,-,-,-,9.6,-,-,0,0,0,0,9.5,10.5,-,-
TXO,202609F3,20260918.0,51800.0,Put,-,-,-,-,4600,-,-,0,0,0,0,-,4620,-,-
TXO,202609F3,20260918.0,51900.0,Call,-,-,-,-,9,-,-,0,0,0,0,8.9,9.7,-,-
TXO,202609F3,20260918.0,51900.0,Put,-,-,-,-,4700,-,-,0,0,0,0,-,4720,-,-
TXO,202609F3,20260918.0,52000.0,Call,-,-,-,-,8.5,-,-,1,0,1,1,8.4,9.2,14.5,14.5
TXO,202609F3,20260918.0,52000.0,Put,-,-,-,-,4800,-,-,0,0,0,0,-,4820,-,-
TXO,202609F3,20260918.0,52100.0,Call,12,12,8.4,8.4,8.4,▼-2.6,▼-23.64%,1,4,5,9,7.9,8.6,16.5,8.4
TXO,202609F3,20260918.0,52100.0,Put,-,-,-,-,4900,-,-,0,0,0,0,-,4920,-,-
TXO,202609W4,20260923.0,42300.0,Call,-,-,-,-,4970,-,-,0,0,0,0,4950,4990,-,-
TXO,202609W4,20260923.0,42300.0,Put,46,49,43.5,47.5,45,▼-4.5,▼-8.65%,0,54,54,41,43.5,46,49,43.5
TXO,202609W4,20260923.0,42400.0,Call,-,-,-,-,4870,-,-,0,0,0,0,4850,-,-,-
TXO,202609W4,20260923.0,42400.0,Put,44.5,44.5,44.5,44.5,47,▼-10.5,▼-19.09%,0,1,1,1,45.5,48,44.5,44.5
TXO,202609W4,20260923.0,42500.0,Call,-,-,-,-,4780,-,-,0,0,0,0,4760,-,-,-
TXO,202609W4,20260923.0,42500.0,Put,53,53,45.5,53,49,▼-5,▼-8.62%,0,8,8,7,47.5,50,53,45.5
TXO,202609W4,20260923.0,42600.0,Call,-,-,-,-,4680,-,-,0,0,0,0,4660,-,-,-
TXO,202609W4,20260923.0,42600.0,Put,55,55,48,52,52,▼-9,▼-14.75%,0,18,18,17,50,53,55,48
TXO,202609W4,20260923.0,42700.0,Call,-,-,-,-,4580,-,-,0,0,0,0,4560,4600,-,-
TXO,202609W4,20260923.0,42700.0,Put,57,57,51,56,56,▼-8,▼-12.50%,0,19,19,18,52,55,57,51
TXO,202609W4,20260923.0,42800.0,Call,-,-,-,-,4480,-,-,0,0,0,0,4460,-,-,-
TXO,202609W4,20260923.0,42800.0,Put,61,61,57,57,57,▼-11,▼-16.18%,0,12,12,12,55,58,61,57
TXO,202609W4,20260923.0,42900.0,Call,-,-,-,-,4390,-,-,0,0,0,0,4370,-,-,-
TXO,202609W4,20260923.0,42900.0,Put,64,64,60,60,60,▼-12,▼-16.67%,0,12,12,12,58,61,64,60
TXO,202609W4,20260923.0,43000.0,Call,-,-,-,-,4290,-,-,0,0,0,0,4270,-,-,-
TXO,202609W4,20260923.0,43000.0,Put,70,70,60,65,65,▼-11,▼-14.47%,0,17,17,12,61,64,70,60
TXO,202609W4,20260923.0,43100.0,Call,-,-,-,-,4200,-,-,0,0,0,0,4170,-,-,-
TXO,202609W4,20260923.0,43100.0,Put,69,71,69,71,67,▼-10,▼-12.35%,0,8,8,6,65,68,71,69
TXO,202609W4,20260923.0,43200.0,Call,-,-,-,-,4100,-,-,0,0,0,0,4080,-,-,-
TXO,202609W4,20260923.0,43200.0,Put,-,-,-,-,70,-,-,0,0,0,0,69,72,-,-
TXO,202609W4,20260923.0,43300.0,Call,-,-,-,-,4000,-,-,0,0,0,0,3990,4020,-,-
TXO,202609W4,20260923.0,43300.0,Put,-,-,-,-,74,-,-,0,0,0,0,72,76,-,-
TXO,202609W4,20260923.0,43400.0,Call,-,-,-,-,3910,-,-,0,0,0,0,3890,-,-,-
TXO,202609W4,20260923.0,43400.0,Put,72,86,72,83,79,▼-13,▼-13.54%,0,3,3,2,76,81,86,72
TXO,202609W4,20260923.0,43500.0,Call,-,-,-,-,3810,-,-,0,0,0,0,3790,-,-,-
TXO,202609W4,20260923.0,43500.0,Put,88,92,81,81,81,▼-21,▼-20.59%,0,5,5,3,82,86,92,81
TXO,202609W4,20260923.0,43600.0,Call,-,-,-,-,3720,-,-,0,0,0,0,3700,-,-,-
TXO,202609W4,20260923.0,43600.0,Put,93,93,93,93,93,▼-16,▼-14.68%,0,1,1,1,86,91,93,93
TXO,202609W4,20260923.0,43700.0,Call,-,-,-,-,3620,-,-,0,0,0,0,3610,3640,-,-
TXO,202609W4,20260923.0,43700.0,Put,102,102,88,88,94,▼-28,▼-24.14%,0,4,4,4,91,96,102,88
TXO,202609W4,20260923.0,43800.0,Call,-,-,-,-,3530,-,-,0,0,0,0,3510,-,-,-
TXO,202609W4,20260923.0,43800.0,Put,104,106,97,106,106,▼-17,▼-13.82%,0,8,8,8,97,102,106,97
TXO,202609W4,20260923.0,43900.0,Call,-,-,-,-,3440,-,-,0,0,0,0,3420,-,-,-
TXO,202609W4,20260923.0,43900.0,Put,-,-,-,-,109,-,-,0,0,0,0,103,109,-,-
TXO,202609W4,20260923.0,44000.0,Call,-,-,-,-,3340,-,-,0,0,0,0,3330,3360,-,-
TXO,202609W4,20260923.0,44000.0,Put,120,124,99,113,113,▼-26,▼-18.71%,0,18,18,12,111,116,124,99
TXO,202609W4,20260923.0,44100.0,Call,-,-,-,-,3250,-,-,0,0,0,0,3230,-,-,-
TXO,202609W4,20260923.0,44100.0,Put,113,113,113,113,117,▼-35,▼-23.65%,0,1,1,1,117,123,113,113
TXO,202609W4,20260923.0,44200.0,Call,-,-,-,-,3160,-,-,0,0,0,0,3140,-,-,-
TXO,202609W4,20260923.0,44200.0,Put,-,-,-,-,128,-,-,0,0,0,0,125,131,-,-
TXO,202609W4,20260923.0,44300.0,Call,-,-,-,-,3070,-,-,0,0,0,0,3050,3080,-,-
TXO,202609W4,20260923.0,44300.0,Put,120,142,120,140,140,▼-28,▼-16.67%,0,16,16,15,134,141,142,120
TXO,202609W4,20260923.0,44400.0,Call,-,-,-,-,2980,-,-,0,0,0,0,2960,2990,-,-
TXO,202609W4,20260923.0,44400.0,Put,-,-,-,-,147,-,-,0,0,0,0,143,150,-,-
TXO,202609W4,20260923.0,44500.0,Call,-,-,-,-,2890,-,-,0,0,0,0,2870,-,-,-
TXO,202609W4,20260923.0,44500.0,Put,135,138,135,137,156,▼-54,▼-28.27%,0,3,3,2,152,159,138,135
TXO,202609W4,20260923.0,44600.0,Call,-,-,-,-,2800,-,-,0,0,0,0,2780,2810,-,-
TXO,202609W4,20260923.0,44600.0,Put,147,147,147,147,167,▼-56,▼-27.59%,0,1,1,1,163,170,147,147
TXO,202609W4,20260923.0,44700.0,Call,-,-,-,-,2710,-,-,0,0,0,0,2690,-,-,-
TXO,202609W4,20260923.0,44700.0,Put,-,-,-,-,179,-,-,0,0,0,0,174,182,-,-
TXO,202609W4,20260923.0,44800.0,Call,-,-,-,-,2620,-,-,0,0,0,0,2600,-,-,-
TXO,202609W4,20260923.0,44800.0,Put,-,-,-,-,191,-,-,0,0,0,0,186,194,-,-
TXO,202609W4,20260923.0,44900.0,Call,-,-,-,-,2530,-,-,0,0,0,0,2520,2550,-,-
TXO,202609W4,20260923.0,44900.0,Put,174,174,174,174,204,▼-72,▼-29.27%,0,3,3,3,200,207,174,174
TXO,202609W4,20260923.0,45000.0,Call,-,-,-,-,2450,-,-,0,0,0,0,2430,-,-,-
TXO,202609W4,20260923.0,45000.0,Put,221,230,221,230,230,▼-32,▼-12.21%,0,4,4,3,214,223,230,221
TXO,202609W4,20260923.0,45100.0,Call,-,-,-,-,2360,-,-,0,0,0,0,2350,2380,-,-
TXO,202609W4,20260923.0,45100.0,Put,-,-,-,-,233,-,-,0,0,0,0,228,237,-,-
TXO,202609W4,20260923.0,45200.0,Call,-,-,-,-,2280,-,-,0,0,0,0,2260,-,-,-
TXO,202609W4,20260923.0,45200.0,Put,205,211,205,211,247,▼-87,▼-29.19%,0,4,4,4,245,254,211,205
TXO,202609W4,20260923.0,45300.0,Call,-,-,-,-,2200,-,-,0,0,0,0,2180,2210,-,-
TXO,202609W4,20260923.0,45300.0,Put,259,259,259,259,259,▼-59,▼-18.55%,0,5,5,5,261,271,259,259
TXO,202609W4,20260923.0,45400.0,Call,-,-,-,-,2110,-,-,0,0,0,0,2100,2130,-,-
TXO,202609W4,20260923.0,45400.0,Put,277,277,242,242,284,▼-96,▼-28.40%,0,6,6,6,278,289,277,242
TXO,202609W4,20260923.0,45500.0,Call,-,-,-,-,2030,-,-,0,0,0,0,2020,2050,-,-
TXO,202609W4,20260923.0,45500.0,Put,311,311,250,301,301,▼-59,▼-16.39%,0,46,46,22,299,308,311,250
TXO,202609W4,20260923.0,45600.0,Call,-,-,-,-,1960,-,-,0,0,0,0,1940,1970,-,-
TXO,202609W4,20260923.0,45600.0,Put,278,326,278,326,326,▼-57,▼-14.88%,0,2,2,2,320,331,326,278
TXO,202609W4,20260923.0,45700.0,Call,-,-,-,-,1880,-,-,0,0,0,0,1860,1890,-,-
TXO,202609W4,20260923.0,45700.0,Put,-,-,-,-,348,-,-,0,0,0,0,339,350,-,-
TXO,202609W4,20260923.0,45750.0,Call,-,-,-,-,1840,-,-,0,0,0,0,1820,-,-,-
TXO,202609W4,20260923.0,45750.0,Put,-,-,-,-,360,-,-,0,0,0,0,353,364,-,-
TXO,202609W4,20260923.0,45800.0,Call,-,-,-,-,1800,-,-,0,0,0,0,1780,-,-,-
TXO,202609W4,20260923.0,45800.0,Put,360,394,315,394,369,▼-40,▼-9.22%,0,13,13,7,364,374,394,315
TXO,202609W4,20260923.0,45850.0,Call,-,-,-,-,1760,-,-,0,0,0,0,1750,1780,-,-
TXO,202609W4,20260923.0,45850.0,Put,373,373,373,373,373,▼-75,▼-16.74%,0,5,5,5,378,389,373,373
TXO,202609W4,20260923.0,45900.0,Call,-,-,-,-,1720,-,-,0,0,0,0,1710,1740,-,-
TXO,202609W4,20260923.0,45900.0,Put,384,384,384,384,384,▼-78,▼-16.88%,0,5,5,5,390,401,384,384
TXO,202609W4,20260923.0,45950.0,Call,-,-,-,-,1690,-,-,0,0,0,0,1670,-,-,-
TXO,202609W4,20260923.0,45950.0,Put,397,397,397,397,397,▼-79,▼-16.60%,0,5,5,5,404,414,397,397
TXO,202609W4,20260923.0,46000.0,Call,-,-,-,-,1650,-,-,0,0,0,0,1630,-,-,-
TXO,202609W4,20260923.0,46000.0,Put,409,439,343,439,421,▼-52,▼-10.59%,0,17,17,14,416,426,439,343
TXO,202609W4,20260923.0,46050.0,Call,-,-,-,-,1620,-,-,0,0,0,0,-,-,-,-
TXO,202609W4,20260923.0,46050.0,Put,-,-,-,-,436,-,-,0,0,0,0,430,440,-,-
TXO,202609W4,20260923.0,46100.0,Call,1720,1750,1720,1750,1580,▲+340,▲+24.11%,0,2,2,2,1560,1590,1750,1720
TXO,202609W4,20260923.0,46100.0,Put,-,-,-,-,450,-,-,0,0,0,0,444,454,-,-
TXO,202609W4,20260923.0,46150.0,Call,-,-,-,-,1540,-,-,0,0,0,0,1530,1560,-,-
TXO,202609W4,20260923.0,46150.0,Put,451,451,450,450,454,▼-85,▼-15.89%,0,9,9,5,454,467,451,450
TXO,202609W4,20260923.0,46200.0,Call,1700,1700,1700,1700,1510,▲+360,▲+26.87%,0,1,1,1,1490,1520,1700,1700
TXO,202609W4,20260923.0,46200.0,Put,-,-,-,-,479,-,-,0,0,0,0,471,484,-,-
TXO,202609W4,20260923.0,46250.0,Call,-,-,-,-,1470,-,-,0,0,0,0,1460,1480,-,-
TXO,202609W4,20260923.0,46250.0,Put,-,-,-,-,493,-,-,0,0,0,0,486,497,-,-
TXO,202609W4,20260923.0,46300.0,Call,1600,1600,1570,1570,1440,▲+300,▲+23.62%,0,2,2,0,1430,1450,1600,1570
TXO,202609W4,20260923.0,46300.0,Put,-,-,-,-,510,-,-,0,0,0,0,500,515,-,-
TXO,202609W4,20260923.0,46350.0,Call,-,-,-,-,1400,-,-,0,0,0,0,1390,1420,-,-
TXO,202609W4,20260923.0,46350.0,Put,505,505,443,443,525,▼-162,▼-26.78%,0,6,6,6,515,530,505,443
TXO,202609W4,20260923.0,46400.0,Call,-,-,-,-,1370,-,-,0,0,0,0,1360,1380,-,-
TXO,202609W4,20260923.0,46400.0,Put,-,-,-,-,540,-,-,0,0,0,0,530,545,-,-
TXO,202609W4,20260923.0,46450.0,Call,-,-,-,-,1340,-,-,0,0,0,0,1330,1350,-,-
TXO,202609W4,20260923.0,46450.0,Put,-,-,-,-,560,-,-,0,0,0,0,550,565,-,-
TXO,202609W4,20260923.0,46500.0,Call,-,-,-,-,1310,-,-,0,0,0,0,1290,1320,-,-
TXO,202609W4,20260923.0,46500.0,Put,570,575,565,565,565,▼-95,▼-14.39%,0,4,4,4,565,580,575,565
TXO,202609W4,20260923.0,46550.0,Call,-,-,-,-,1270,-,-,0,0,0,0,1260,1280,-,-
TXO,202609W4,20260923.0,46550.0,Put,575,575,530,530,595,▼-150,▼-22.06%,0,6,6,6,585,600,575,530
TXO,202609W4,20260923.0,46600.0,Call,-,-,-,-,1240,-,-,0,0,0,0,1230,1250,-,-
TXO,202609W4,20260923.0,46600.0,Put,595,595,585,585,610,▼-115,▼-16.43%,0,6,6,5,605,620,595,585
TXO,202609W4,20260923.0,46650.0,Call,-,-,-,-,1210,-,-,0,0,0,0,1200,1220,-,-
TXO,202609W4,20260923.0,46650.0,Put,610,610,565,565,630,▼-155,▼-21.53%,0,6,6,6,620,635,610,565
TXO,202609W4,20260923.0,46700.0,Call,-,-,-,-,1180,-,-,0,0,0,0,1170,1190,-,-
TXO,202609W4,20260923.0,46700.0,Put,630,630,630,630,640,▼-110,▼-14.86%,0,5,5,5,640,655,630,630
TXO,202609W4,20260923.0,46750.0,Call,-,-,-,-,1150,-,-,0,0,0,0,1140,1160,-,-
TXO,202609W4,20260923.0,46750.0,Put,645,645,645,645,670,▼-115,▼-15.13%,0,5,5,5,660,675,645,645
TXO,202609W4,20260923.0,46800.0,Call,-,-,-,-,1120,-,-,0,0,0,0,1110,1130,-,-
TXO,202609W4,20260923.0,46800.0,Put,665,685,665,680,680,▼-105,▼-13.38%,0,11,11,11,680,695,685,665
TXO,202609W4,20260923.0,46850.0,Call,-,-,-,-,1090,-,-,0,0,0,0,1080,1100,-,-
TXO,202609W4,20260923.0,46850.0,Put,685,685,685,685,705,▼-120,▼-14.91%,0,6,6,5,700,715,685,685
TXO,202609W4,20260923.0,46900.0,Call,-,-,-,-,1060,-,-,0,0,0,0,1050,1070,-,-
TXO,202609W4,20260923.0,46900.0,Put,705,705,705,705,720,▼-125,▼-15.06%,0,5,5,5,720,735,705,705
TXO,202609W4,20260923.0,46950.0,Call,-,-,-,-,1030,-,-,0,0,0,0,1020,1040,-,-
TXO,202609W4,20260923.0,46950.0,Put,725,725,650,650,750,▼-200,▼-23.53%,0,6,6,6,740,755,725,650
TXO,202609W4,20260923.0,47000.0,Call,1150,1190,1000,1000,1000,▲+135,▲+15.61%,0,6,6,2,990,1010,1190,1000
TXO,202609W4,20260923.0,47000.0,Put,745,745,640,740,770,▼-135,▼-15.43%,0,11,11,5,765,780,745,640
TXO,202609W4,20260923.0,47050.0,Call,-,-,-,-,975,-,-,0,0,0,0,965,980,-,-
TXO,202609W4,20260923.0,47050.0,Put,-,-,-,-,795,-,-,0,0,0,0,785,800,-,-
TXO,202609W4,20260923.0,47100.0,Call,-,-,-,-,945,-,-,0,0,0,0,935,950,-,-
TXO,202609W4,20260923.0,47100.0,Put,-,-,-,-,815,-,-,0,0,0,0,805,820,-,-
TXO,202609W4,20260923.0,47150.0,Call,-,-,-,-,920,-,-,0,0,0,0,910,925,-,-
TXO,202609W4,20260923.0,47150.0,Put,810,810,810,810,840,▼-140,▼-14.74%,0,5,5,5,830,845,810,810
TXO,202609W4,20260923.0,47200.0,Call,875,875,875,875,875,▲+110,▲+14.38%,0,1,1,1,885,900,875,875
TXO,202609W4,20260923.0,47200.0,Put,835,860,835,860,860,▼-115,▼-11.79%,0,7,7,6,855,870,860,835
TXO,202609W4,20260923.0,47250.0,Call,915,915,855,855,855,▲+115,▲+15.54%,0,6,6,5,860,875,915,855
TXO,202609W4,20260923.0,47250.0,Put,855,880,855,880,880,▼-120,▼-12.00%,0,6,6,5,880,895,880,855
TXO,202609W4,20260923.0,47300.0,Call,910,910,910,910,840,▲+190,▲+26.39%,0,1,1,1,830,845,910,910
TXO,202609W4,20260923.0,47300.0,Put,890,890,740,740,910,▼-290,▼-28.16%,0,3,3,2,895,-,890,740
TXO,202609W4,20260923.0,47350.0,Call,900,900,900,900,815,▲+205,▲+29.50%,0,1,1,1,805,820,900,900
TXO,202609W4,20260923.0,47350.0,Put,905,905,765,765,935,▼-285,▼-27.14%,0,6,6,5,905,-,905,765
TXO,202609W4,20260923.0,47400.0,Call,910,910,910,910,790,▲+235,▲+34.81%,0,1,1,1,780,795,910,910
TXO,202609W4,20260923.0,47400.0,Put,-,-,-,-,960,-,-,0,0,0,0,945,-,-,-
TXO,202609W4,20260923.0,47450.0,Call,-,-,-,-,765,-,-,0,0,0,0,755,770,-,-
TXO,202609W4,20260923.0,47450.0,Put,-,-,-,-,985,-,-,0,0,0,0,970,1000,-,-
TXO,202609W4,20260923.0,47500.0,Call,-,-,-,-,745,-,-,0,0,0,0,735,750,-,-
TXO,202609W4,20260923.0,47500.0,Put,-,-,-,-,1010,-,-,0,0,0,0,-,1030,-,-
TXO,202609W4,20260923.0,47550.0,Call,-,-,-,-,720,-,-,0,0,0,0,710,725,-,-
TXO,202609W4,20260923.0,47550.0,Put,-,-,-,-,1040,-,-,0,0,0,0,1020,1050,-,-
TXO,202609W4,20260923.0,47600.0,Call,-,-,-,-,695,-,-,0,0,0,0,690,705,-,-
TXO,202609W4,20260923.0,47600.0,Put,-,-,-,-,1060,-,-,0,0,0,0,1050,1080,-,-
TXO,202609W4,20260923.0,47650.0,Call,-,-,-,-,675,-,-,0,0,0,0,665,680,-,-
TXO,202609W4,20260923.0,47650.0,Put,-,-,-,-,1090,-,-,0,0,0,0,1080,1110,-,-
TXO,202609W4,20260923.0,47700.0,Call,-,-,-,-,650,-,-,0,0,0,0,645,660,-,-
TXO,202609W4,20260923.0,47700.0,Put,-,-,-,-,1120,-,-,0,0,0,0,-,1140,-,-
TXO,202609W4,20260923.0,47750.0,Call,-,-,-,-,630,-,-,0,0,0,0,620,635,-,-
TXO,202609W4,20260923.0,47750.0,Put,-,-,-,-,1150,-,-,0,0,0,0,1130,1170,-,-
TXO,202609W4,20260923.0,47800.0,Call,-,-,-,-,610,-,-,0,0,0,0,600,615,-,-
TXO,202609W4,20260923.0,47800.0,Put,-,-,-,-,1180,-,-,0,0,0,0,1160,-,-,-
TXO,202609W4,20260923.0,47850.0,Call,555,555,555,555,590,▲+57,▲+11.45%,0,2,2,2,580,595,555,555
TXO,202609W4,20260923.0,47850.0,Put,-,-,-,-,1210,-,-,0,0,0,0,1190,1220,-,-
TXO,202609W4,20260923.0,47900.0,Call,535,535,535,535,570,▲+55,▲+11.46%,0,1,1,1,560,575,535,535
TXO,202609W4,20260923.0,47900.0,Put,-,-,-,-,1240,-,-,0,0,0,0,1220,1250,-,-
TXO,202609W4,20260923.0,47950.0,Call,-,-,-,-,550,-,-,0,0,0,0,540,555,-,-
TXO,202609W4,20260923.0,47950.0,Put,-,-,-,-,1270,-,-,0,0,0,0,1250,-,-,-
TXO,202609W4,20260923.0,48000.0,Call,605,605,499,545,545,▲+99,▲+22.20%,0,32,32,30,525,540,605,499
TXO,202609W4,20260923.0,48000.0,Put,-,-,-,-,1300,-,-,0,0,0,0,1280,-,-,-
TXO,202609W4,20260923.0,48050.0,Call,-,-,-,-,515,-,-,0,0,0,0,505,520,-,-
TXO,202609W4,20260923.0,48050.0,Put,-,-,-,-,1330,-,-,0,0,0,0,-,1350,-,-
TXO,202609W4,20260923.0,48100.0,Call,-,-,-,-,496,-,-,0,0,0,0,485,498,-,-
TXO,202609W4,20260923.0,48100.0,Put,-,-,-,-,1360,-,-,0,0,0,0,-,1380,-,-
TXO,202609W4,20260923.0,48150.0,Call,590,590,590,590,477,▲+191,▲+47.87%,0,1,1,1,469,480,590,590
TXO,202609W4,20260923.0,48150.0,Put,-,-,-,-,1400,-,-,0,0,0,0,1380,1410,-,-
TXO,202609W4,20260923.0,48200.0,Call,444,461,441,461,461,▲+76,▲+19.74%,0,30,30,30,454,464,461,441
TXO,202609W4,20260923.0,48200.0,Put,-,-,-,-,1430,-,-,0,0,0,0,1410,-,-,-
TXO,202609W4,20260923.0,48250.0,Call,475,475,475,475,445,▲+105,▲+28.38%,0,5,5,5,435,447,475,475
TXO,202609W4,20260923.0,48250.0,Put,-,-,-,-,1460,-,-,0,0,0,0,-,1480,-,-
TXO,202609W4,20260923.0,48300.0,Call,-,-,-,-,428,-,-,0,0,0,0,417,430,-,-
TXO,202609W4,20260923.0,48300.0,Put,-,-,-,-,1500,-,-,0,0,0,0,1480,1510,-,-
TXO,202609W4,20260923.0,48350.0,Call,450,450,450,450,412,▲+107,▲+31.20%,0,2,2,2,403,413,450,450
TXO,202609W4,20260923.0,48350.0,Put,-,-,-,-,1530,-,-,0,0,0,0,1510,-,-,-
TXO,202609W4,20260923.0,48400.0,Call,425,425,370,370,397,▲+40,▲+12.12%,0,7,7,4,387,399,425,370
TXO,202609W4,20260923.0,48400.0,Put,-,-,-,-,1570,-,-,0,0,0,0,1550,1580,-,-
TXO,202609W4,20260923.0,48450.0,Call,409,450,409,450,381,▲+133,▲+41.96%,0,7,7,5,372,384,450,409
TXO,202609W4,20260923.0,48450.0,Put,-,-,-,-,1600,-,-,0,0,0,0,1580,1620,-,-
TXO,202609W4,20260923.0,48500.0,Call,371,441,348,386,366,▲+81,▲+26.56%,0,6,6,4,361,371,441,348
TXO,202609W4,20260923.0,48500.0,Put,-,-,-,-,1630,-,-,0,0,0,0,1620,1650,-,-
TXO,202609W4,20260923.0,48600.0,Call,331,331,331,331,331,▲+50,▲+17.79%,0,1,1,1,332,341,331,331
TXO,202609W4,20260923.0,48600.0,Put,-,-,-,-,1710,-,-,0,0,0,0,1690,1720,-,-
TXO,202609W4,20260923.0,48700.0,Call,336,365,330,330,330,▲+70,▲+26.92%,0,7,7,5,307,317,365,330
TXO,202609W4,20260923.0,48700.0,Put,-,-,-,-,1780,-,-,0,0,0,0,-,1800,-,-
TXO,202609W4,20260923.0,48800.0,Call,-,-,-,-,289,-,-,0,0,0,0,282,293,-,-
TXO,202609W4,20260923.0,48800.0,Put,-,-,-,-,1860,-,-,0,0,0,0,1840,1870,-,-
TXO,202609W4,20260923.0,48900.0,Call,250,250,250,250,250,▲+30,▲+13.64%,0,2,2,2,259,268,250,250
TXO,202609W4,20260923.0,48900.0,Put,-,-,-,-,1930,-,-,0,0,0,0,-,1950,-,-
TXO,202609W4,20260923.0,49000.0,Call,248,291,248,291,245,▲+89,▲+44.06%,0,2,2,2,237,247,291,248
TXO,202609W4,20260923.0,49000.0,Put,-,-,-,-,2010,-,-,0,0,0,0,-,2030,-,-
TXO,202609W4,20260923.0,49100.0,Call,-,-,-,-,225,-,-,0,0,0,0,217,227,-,-
TXO,202609W4,20260923.0,49100.0,Put,-,-,-,-,2090,-,-,0,0,0,0,-,2110,-,-
TXO,202609W4,20260923.0,49200.0,Call,-,-,-,-,206,-,-,0,0,0,0,199,209,-,-
TXO,202609W4,20260923.0,49200.0,Put,-,-,-,-,2170,-,-,0,0,0,0,-,2190,-,-
TXO,202609W4,20260923.0,49300.0,Call,243,243,215,215,189,▲+59,▲+37.82%,0,2,2,1,183,190,243,215
TXO,202609W4,20260923.0,49300.0,Put,-,-,-,-,2260,-,-,0,0,0,0,2240,2270,-,-
TXO,202609W4,20260923.0,49400.0,Call,196,225,196,225,172,▲+82,▲+57.34%,0,5,5,3,166,174,225,196
TXO,202609W4,20260923.0,49400.0,Put,-,-,-,-,2340,-,-,0,0,0,0,-,2360,-,-
TXO,202609W4,20260923.0,49500.0,Call,179,206,179,183,158,▲+52,▲+39.69%,0,6,6,6,152,160,206,179
TXO,202609W4,20260923.0,49500.0,Put,-,-,-,-,2430,-,-,0,0,0,0,2410,2440,-,-
TXO,202609W4,20260923.0,49600.0,Call,189,189,152,152,152,▲+32,▲+26.67%,0,5,5,3,139,145,189,152
TXO,202609W4,20260923.0,49600.0,Put,-,-,-,-,2510,-,-,0,0,0,0,-,2530,-,-
TXO,202609W4,20260923.0,49700.0,Call,31.5,180,31.5,172,130,▲+63,▲+57.80%,0,5,5,3,126,132,180,31.5
TXO,202609W4,20260923.0,49700.0,Put,-,-,-,-,2600,-,-,0,0,0,0,2580,2620,-,-
TXO,202609W4,20260923.0,49800.0,Call,29,165,29,157,118,▲+57,▲+57.00%,0,5,5,3,115,122,165,29
TXO,202609W4,20260923.0,49800.0,Put,-,-,-,-,2690,-,-,0,0,0,0,2670,-,-,-
TXO,202609W4,20260923.0,49900.0,Call,-,-,-,-,107,-,-,0,0,0,0,104,109,-,-
TXO,202609W4,20260923.0,49900.0,Put,-,-,-,-,2770,-,-,0,0,0,0,2760,2790,-,-
TXO,202609W4,20260923.0,50000.0,Call,102,126,94,94,94,▲+11,▲+13.25%,0,24,24,20,94,99,126,94
TXO,202609W4,20260923.0,50000.0,Put,-,-,-,-,2860,-,-,0,0,0,0,2850,2880,-,-
TXO,202609W4,20260923.0,50100.0,Call,103,103,87,90,90,▲+14,▲+18.42%,0,11,11,11,86,92,103,87
TXO,202609W4,20260923.0,50100.0,Put,-,-,-,-,2960,-,-,0,0,0,0,2940,2980,-,-
TXO,202609W4,20260923.0,50200.0,Call,-,-,-,-,81,-,-,0,0,0,0,78,83,-,-
TXO,202609W4,20260923.0,50200.0,Put,-,-,-,-,3050,-,-,0,0,0,0,-,3070,-,-
TXO,202609W4,20260923.0,50300.0,Call,68,72,68,72,72,▲+9,▲+14.29%,0,3,3,2,71,76,72,68
TXO,202609W4,20260923.0,50300.0,Put,-,-,-,-,3140,-,-,0,0,0,0,-,3160,-,-
TXO,202609W4,20260923.0,50400.0,Call,-,-,-,-,66,-,-,0,0,0,0,64,69,-,-
TXO,202609W4,20260923.0,50400.0,Put,-,-,-,-,3230,-,-,0,0,0,0,-,3250,-,-
TXO,202609W4,20260923.0,50500.0,Call,74,79,74,79,60,▲+27,▲+51.92%,0,3,3,3,58,63,79,74
TXO,202609W4,20260923.0,50500.0,Put,-,-,-,-,3330,-,-,0,0,0,0,-,3350,-,-
TXO,202609W4,20260923.0,50600.0,Call,72,72,72,72,55,▲+24,▲+50.00%,0,4,4,4,53,56,72,72
TXO,202609W4,20260923.0,50600.0,Put,-,-,-,-,3420,-,-,0,0,0,0,-,3440,-,-
TXO,202609W4,20260923.0,50700.0,Call,60,66,60,66,50,▲+22,▲+50.00%,0,2,2,0,48,51,66,60
TXO,202609W4,20260923.0,50700.0,Put,-,-,-,-,3520,-,-,0,0,0,0,3500,3540,-,-
TXO,202609W4,20260923.0,50800.0,Call,-,-,-,-,45.5,-,-,0,0,0,0,44,47,-,-
TXO,202609W4,20260923.0,50800.0,Put,-,-,-,-,3610,-,-,0,0,0,0,-,3630,-,-
TXO,202609W4,20260923.0,50900.0,Call,-,-,-,-,41.5,-,-,0,0,0,0,40,43,-,-
TXO,202609W4,20260923.0,50900.0,Put,-,-,-,-,3710,-,-,0,0,0,0,-,3730,-,-
TXO,202609W4,20260923.0,51000.0,Call,39,39,39,39,39,▲+6,▲+18.18%,0,1,1,1,37,39.5,39,39
TXO,202609W4,20260923.0,51000.0,Put,-,-,-,-,3800,-,-,0,0,0,0,-,3830,-,-
TXO,202609W4,20260923.0,51100.0,Call,35,35,35,35,35,▲+4.5,▲+14.75%,0,1,1,1,34,36.5,35,35
TXO,202609W4,20260923.0,51100.0,Put,-,-,-,-,3900,-,-,0,0,0,0,-,3920,-,-
TXO,202609W4,20260923.0,51200.0,Call,-,-,-,-,32,-,-,0,0,0,0,31,33.5,-,-
TXO,202609W4,20260923.0,51200.0,Put,-,-,-,-,4000,-,-,0,0,0,0,-,4020,-,-
TXO,202609W4,20260923.0,51300.0,Call,-,-,-,-,29.5,-,-,0,0,0,0,28.5,31,-,-
TXO,202609W4,20260923.0,51300.0,Put,-,-,-,-,4100,-,-,0,0,0,0,4080,4120,-,-
TXO,202609W4,20260923.0,51400.0,Call,-,-,-,-,27.5,-,-,0,0,0,0,26.5,29,-,-
TXO,202609W4,20260923.0,51400.0,Put,-,-,-,-,4190,-,-,0,0,0,0,-,4210,-,-
TXO,202609W4,20260923.0,51500.0,Call,-,-,-,-,25.5,-,-,0,0,0,0,24.5,27,-,-
TXO,202609W4,20260923.0,51500.0,Put,-,-,-,-,4290,-,-,0,0,0,0,-,4310,-,-
TXO,202609W4,20260923.0,51600.0,Call,-,-,-,-,24,-,-,0,0,0,0,23,25,-,-
TXO,202609W4,20260923.0,51600.0,Put,-,-,-,-,4390,-,-,0,0,0,0,-,4410,-,-
TXO,202609W4,20260923.0,51700.0,Call,-,-,-,-,21.5,-,-,0,0,0,0,21,22.5,-,-
TXO,202609W4,20260923.0,51700.0,Put,-,-,-,-,4490,-,-,0,0,0,0,4470,4510,-,-
TXO,202609W4,20260923.0,51800.0,Call,-,-,-,-,20,-,-,0,0,0,0,19.5,21,-,-
TXO,202609W4,20260923.0,51800.0,Put,-,-,-,-,4590,-,-,0,0,0,0,-,4610,-,-
TXO,202609W4,20260923.0,51900.0,Call,24,24,24,24,19,▲+9,▲+60.00%,0,1,1,1,18.5,20,24,24
TXO,202609W4,20260923.0,51900.0,Put,-,-,-,-,4680,-,-,0,0,0,0,-,4710,-,-
TXO,202610,20261021.0,33900.0,Call,-,-,-,-,13480,-,-,0,0,0,0,-,13530,-,-
TXO,202610,20261021.0,33900.0,Put,30.5,35,30.5,32.5,32.5,▲+2,▲+6.56%,13,24,37,233,31.5,33,400,20
TXO,202610,20261021.0,34000.0,Call,-,-,-,-,13380,-,-,0,0,0,0,13330,13420,-,-
TXO,202610,20261021.0,34000.0,Put,-,-,-,-,33,-,-,0,0,0,33,31.5,36,780,28.5
TXO,202610,20261021.0,34100.0,Call,-,-,-,-,13280,-,-,0,0,0,0,13230,13350,-,-
TXO,202610,20261021.0,34100.0,Put,34,34,34,34,34,▲+1.5,▲+4.62%,0,1,1,9,32.5,36.5,105,34
TXO,202610,20261021.0,34200.0,Call,-,-,-,-,13180,-,-,0,0,0,0,13130,13230,-,-
TXO,202610,20261021.0,34200.0,Put,-,-,-,-,35.5,-,-,0,0,0,4,33,37.5,810,32
TXO,202610,20261021.0,34300.0,Call,-,-,-,-,13080,-,-,0,0,0,0,13030,13150,-,-
TXO,202610,20261021.0,34300.0,Put,-,-,-,-,36,-,-,0,0,0,0,33.5,38,-,-
TXO,202610,20261021.0,34400.0,Call,-,-,-,-,12980,-,-,0,0,0,0,12930,13050,-,-
TXO,202610,20261021.0,34400.0,Put,-,-,-,-,36.5,-,-,0,0,0,3,34,38.5,200,112
TXO,202610,20261021.0,34500.0,Call,-,-,-,-,12880,-,-,0,0,0,0,12830,12950,-,-
TXO,202610,20261021.0,34500.0,Put,-,-,-,-,37.5,-,-,0,0,0,24,35,39,116,54
TXO,202610,20261021.0,34600.0,Call,-,-,-,-,12780,-,-,0,0,0,0,-,12830,-,-
TXO,202610,20261021.0,34600.0,Put,-,-,-,-,38,-,-,0,0,0,8,35.5,39.5,299,34
TXO,202610,20261021.0,34700.0,Call,-,-,-,-,12680,-,-,0,0,0,0,12640,12730,-,-
TXO,202610,20261021.0,34700.0,Put,-,-,-,-,38.5,-,-,0,0,0,0,36,40.5,805,30
TXO,202610,20261021.0,34800.0,Call,-,-,-,-,12580,-,-,0,0,0,0,12540,12660,-,-
TXO,202610,20261021.0,34800.0,Put,-,-,-,-,39,-,-,0,0,0,6,36.5,41,314,36.5
TXO,202610,20261021.0,34900.0,Call,-,-,-,-,12490,-,-,0,0,0,0,12440,12530,-,-
TXO,202610,20261021.0,34900.0,Put,-,-,-,-,39.5,-,-,0,0,0,2,37.5,41.5,488,35
TXO,202610,20261021.0,35000.0,Call,-,-,-,-,12390,-,-,0,0,0,0,12340,12430,-,-
TXO,202610,20261021.0,35000.0,Put,40,40,40,40,40,▲+3,▲+8.11%,4,2,6,125,38,42.5,1060,33
TXO,202610,20261021.0,35100.0,Call,-,-,-,-,12290,-,-,0,0,0,0,12240,12360,-,-
TXO,202610,20261021.0,35100.0,Put,-,-,-,-,41.5,-,-,0,0,0,11,39,43,505,40
TXO,202610,20261021.0,35200.0,Call,-,-,-,-,12190,-,-,0,0,0,0,12140,12260,-,-
TXO,202610,20261021.0,35200.0,Put,-,-,-,-,42,-,-,0,0,0,8,39.5,44,151,39
TXO,202610,20261021.0,35300.0,Call,-,-,-,-,12090,-,-,0,0,0,0,12040,12130,-,-
TXO,202610,20261021.0,35300.0,Put,42,42,40,40,42.5,▲+0.5,▲+1.27%,0,2,2,21,40,44.5,1070,37
TXO,202610,20261021.0,35400.0,Call,-,-,-,-,11990,-,-,0,0,0,0,-,12060,-,-
TXO,202610,20261021.0,35400.0,Put,42.5,42.5,41.5,41.5,43.5,▲+1.5,▲+3.75%,0,2,2,11,41,45,1000,38
TXO,202610,20261021.0,35500.0,Call,-,-,-,-,11890,-,-,0,0,0,0,11850,11930,-,-
TXO,202610,20261021.0,35500.0,Put,42,42,42,42,44,▲+1,▲+2.44%,0,3,3,38,41.5,46,550,37
TXO,202610,20261021.0,35600.0,Call,-,-,-,-,11790,-,-,0,0,0,0,11750,11860,-,-
TXO,202610,20261021.0,35600.0,Put,40,40,40,40,45,▼-1.5,▼-3.61%,1,4,5,17,42.5,46.5,150,39
TXO,202610,20261021.0,35700.0,Call,-,-,-,-,11690,-,-,0,0,0,0,-,11730,-,-
TXO,202610,20261021.0,35700.0,Put,-,-,-,-,45.5,-,-,0,0,0,10,43,47.5,300,40.5
TXO,202610,20261021.0,35800.0,Call,-,-,-,-,11590,-,-,0,0,0,0,11550,11640,-,-
TXO,202610,20261021.0,35800.0,Put,-,-,-,-,46.5,-,-,0,0,0,6,44,48,405,40
TXO,202610,20261021.0,35900.0,Call,-,-,-,-,11500,-,-,0,0,0,0,11450,11540,-,-
TXO,202610,20261021.0,35900.0,Put,44,44,44,44,47.5,▲+0.5,▲+1.15%,0,1,1,5,45,49,182,41
TXO,202610,20261021.0,36000.0,Call,-,-,-,-,11400,-,-,0,0,0,0,11350,11460,-,-
TXO,202610,20261021.0,36000.0,Put,43,47,43,47,48,▲+3,▲+6.82%,0,5,5,56,47,50,1380,39
TXO,202610,20261021.0,36100.0,Call,-,-,-,-,11300,-,-,0,0,0,0,11250,11340,-,-
TXO,202610,20261021.0,36100.0,Put,-,-,-,-,49,-,-,0,0,0,2,46.5,51,690,61
TXO,202610,20261021.0,36200.0,Call,-,-,-,-,11200,-,-,0,0,0,0,11150,11240,-,-
TXO,202610,20261021.0,36200.0,Put,-,-,-,-,50,-,-,0,0,0,12,47.5,52,1120,44
TXO,202610,20261021.0,36300.0,Call,-,-,-,-,11100,-,-,0,0,0,0,-,11140,-,-
TXO,202610,20261021.0,36300.0,Put,-,-,-,-,51,-,-,0,0,0,2,48,53,915,50
TXO,202610,20261021.0,36400.0,Call,-,-,-,-,11000,-,-,0,0,0,0,10960,11070,-,-
TXO,202610,20261021.0,36400.0,Put,53,53,50,50,52,▲+2.5,▲+5.26%,0,2,2,32,49,54,401,50
TXO,202610,20261021.0,36500.0,Call,-,-,-,-,10900,-,-,0,0,0,0,-,10940,-,-
TXO,202610,20261021.0,36500.0,Put,-,-,-,-,53,-,-,1,0,1,21,50,55,1510,47
TXO,202610,20261021.0,36600.0,Call,-,-,-,-,10800,-,-,0,0,0,0,-,10870,-,-
TXO,202610,20261021.0,36600.0,Put,55,55,55,55,55,▲+5.5,▲+11.11%,0,1,1,20,51,56,1110,50
TXO,202610,20261021.0,36700.0,Call,-,-,-,-,10700,-,-,0,0,0,0,10660,10770,-,-
TXO,202610,20261021.0,36700.0,Put,53,53,53,53,55,▲+3,▲+6.00%,0,1,1,1,52,57,710,53
TXO,202610,20261021.0,36800.0,Call,-,-,-,-,10610,-,-,0,0,0,0,10560,10650,-,-
TXO,202610,20261021.0,36800.0,Put,55,55,55,55,55,▲+4,▲+7.84%,0,1,1,5,53,58,497,50
TXO,202610,20261021.0,36900.0,Call,-,-,-,-,10510,-,-,0,0,0,0,10460,10570,-,-
TXO,202610,20261021.0,36900.0,Put,-,-,-,-,56,-,-,0,0,0,15,54,59,1620,47.5
TXO,202610,20261021.0,37000.0,Call,-,-,-,-,10410,-,-,0,0,0,0,-,10470,-,-
TXO,202610,20261021.0,37000.0,Put,60,60,57,57,57,▲+5,▲+9.62%,17,5,22,75,55,60,1010,45
TXO,202610,20261021.0,37100.0,Call,-,-,-,-,10310,-,-,0,0,0,0,10270,10370,-,-
TXO,202610,20261021.0,37100.0,Put,58,58,58,58,58,▲+5,▲+9.43%,0,1,1,18,56,60,750,53
TXO,202610,20261021.0,37200.0,Call,-,-,-,-,10210,-,-,0,0,0,0,10170,10250,-,-
TXO,202610,20261021.0,37200.0,Put,-,-,-,-,60,-,-,0,0,0,34,57,62,1460,50
TXO,202610,20261021.0,37300.0,Call,-,-,-,-,10110,-,-,0,0,0,0,-,10150,-,-
TXO,202610,20261021.0,37300.0,Put,-,-,-,-,62,-,-,0,0,0,3,59,63,575,54
TXO,202610,20261021.0,37400.0,Call,-,-,-,-,10010,-,-,0,0,0,0,9970,10050,-,-
TXO,202610,20261021.0,37400.0,Put,-,-,-,-,63,-,-,0,0,0,13,60,65,815,50
TXO,202610,20261021.0,37500.0,Call,-,-,-,-,9910,-,-,0,0,0,0,9870,9980,-,-
TXO,202610,20261021.0,37500.0,Put,-,-,-,-,64,-,-,0,0,0,28,61,66,445,53
TXO,202610,20261021.0,37600.0,Call,-,-,-,-,9820,-,-,0,0,0,0,-,9880,-,-
TXO,202610,20261021.0,37600.0,Put,-,-,-,-,65,-,-,1,0,1,7,62,67,850,66
TXO,202610,20261021.0,37700.0,Call,-,-,-,-,9720,-,-,0,0,0,0,-,9760,-,-
TXO,202610,20261021.0,37700.0,Put,-,-,-,-,67,-,-,0,0,0,20,64,69,300,52
TXO,202610,20261021.0,37800.0,Call,-,-,-,-,9620,-,-,0,0,0,0,-,9660,-,-
TXO,202610,20261021.0,37800.0,Put,-,-,-,-,68,-,-,0,0,0,5,65,71,945,59
TXO,202610,20261021.0,37900.0,Call,-,-,-,-,9520,-,-,0,0,0,0,9480,9560,-,-
TXO,202610,20261021.0,37900.0,Put,71,71,71,71,69,▲+8,▲+12.70%,0,7,7,49,67,72,900,58
TXO,202610,20261021.0,38000.0,Call,-,-,-,-,9420,-,-,0,0,0,0,9380,9460,-,-
TXO,202610,20261021.0,38000.0,Put,64,70,64,70,70,▲+6,▲+9.38%,7,22,29,108,69,74,2000,56
TXO,202610,20261021.0,38100.0,Call,-,-,-,-,9330,-,-,0,0,0,0,-,9360,-,-
TXO,202610,20261021.0,38100.0,Put,-,-,-,-,73,-,-,0,0,0,41,70,75,1380,76
TXO,202610,20261021.0,38200.0,Call,-,-,-,-,9230,-,-,0,0,0,0,-,9260,-,-
TXO,202610,20261021.0,38200.0,Put,-,-,-,-,75,-,-,0,0,0,3,72,77,1020,64
TXO,202610,20261021.0,38300.0,Call,-,-,-,-,9130,-,-,0,0,0,0,-,9170,-,-
TXO,202610,20261021.0,38300.0,Put,-,-,-,-,77,-,-,0,0,0,0,73,79,-,-
TXO,202610,20261021.0,38400.0,Call,-,-,-,-,9030,-,-,0,0,0,0,8990,9070,-,-
TXO,202610,20261021.0,38400.0,Put,-,-,-,-,78,-,-,0,0,0,2,75,81,1930,9.6
TXO,202610,20261021.0,38500.0,Call,-,-,-,-,8930,-,-,0,0,0,0,-,8970,-,-
TXO,202610,20261021.0,38500.0,Put,74,79,74,79,79,▲+5,▲+6.76%,0,5,5,69,77,80,2100,63
TXO,202610,20261021.0,38600.0,Call,-,-,-,-,8840,-,-,0,0,0,0,8800,8870,-,-
TXO,202610,20261021.0,38600.0,Put,-,-,-,-,83,-,-,0,0,0,7,79,85,422,95
TXO,202610,20261021.0,38700.0,Call,-,-,-,-,8740,-,-,0,0,0,0,8700,8770,-,-
TXO,202610,20261021.0,38700.0,Put,-,-,-,-,84,-,-,1,0,1,9,81,87,2230,76
TXO,202610,20261021.0,38800.0,Call,-,-,-,-,8640,-,-,0,0,0,0,8600,8680,-,-
TXO,202610,20261021.0,38800.0,Put,79,85,79,85,85,▲+5,▲+6.25%,0,3,3,7,83,90,610,75
TXO,202610,20261021.0,38900.0,Call,-,-,-,-,8540,-,-,0,0,0,0,-,8580,8230,8230
TXO,202610,20261021.0,38900.0,Put,89,89,89,89,89,▲+7,▲+8.54%,0,1,1,11,86,92,690,73
TXO,202610,20261021.0,39000.0,Call,-,-,-,-,8450,-,-,0,0,0,0,-,8480,-,-
TXO,202610,20261021.0,39000.0,Put,85,90,79,89,92,▲+6,▲+7.23%,18,13,31,114,88,94,1790,67
TXO,202610,20261021.0,39100.0,Call,-,-,-,-,8350,-,-,0,0,0,0,8310,8380,-,-
TXO,202610,20261021.0,39100.0,Put,82,97,82,97,94,▲+10,▲+11.49%,0,7,7,9,90,97,820,80
TXO,202610,20261021.0,39200.0,Call,-,-,-,-,8250,-,-,0,0,0,0,8210,8290,-,-
TXO,202610,20261021.0,39200.0,Put,90,95,90,95,95,▲+5,▲+5.56%,0,7,7,6,93,100,140,81
TXO,202610,20261021.0,39300.0,Call,-,-,-,-,8150,-,-,0,0,0,0,8120,8220,-,-
TXO,202610,20261021.0,39300.0,Put,-,-,-,-,98,-,-,2,0,2,5,96,103,525,78
TXO,202610,20261021.0,39400.0,Call,-,-,-,-,8060,-,-,0,0,0,0,-,8090,-,-
TXO,202610,20261021.0,39400.0,Put,100,100,100,100,100,▲+5,▲+5.26%,0,1,1,36,99,106,545,78
TXO,202610,20261021.0,39500.0,Call,-,-,-,-,7960,-,-,0,0,0,0,7920,8020,-,-
TXO,202610,20261021.0,39500.0,Put,93,105,93,105,105,▲+6,▲+6.06%,1,2,3,35,102,109,995,81
TXO,202610,20261021.0,39600.0,Call,-,-,-,-,7860,-,-,0,0,0,0,-,7900,-,-
TXO,202610,20261021.0,39600.0,Put,96,97,96,97,110,▼-4,▼-3.96%,1,2,3,8,106,112,1300,87
TXO,202610,20261021.0,39700.0,Call,-,-,-,-,7770,-,-,0,0,0,0,7730,7800,-,-
TXO,202610,20261021.0,39700.0,Put,114,114,114,114,114,▲+8,▲+7.55%,0,1,1,2,108,116,665,90
TXO,202610,20261021.0,39800.0,Call,-,-,-,-,7670,-,-,0,0,0,0,-,7730,-,-
TXO,202610,20261021.0,39800.0,Put,-,-,-,-,117,-,-,0,0,0,6,112,119,585,93
TXO,202610,20261021.0,39900.0,Call,-,-,-,-,7580,-,-,0,0,0,3,-,7600,6680,3150
TXO,202610,20261021.0,39900.0,Put,113,113,113,113,120,0,0%,6,1,7,13,115,123,2760,95
TXO,202610,20261021.0,40000.0,Call,-,-,-,-,7480,-,-,0,0,0,0,7440,7540,-,-
TXO,202610,20261021.0,40000.0,Put,103,128,103,125,125,▲+8,▲+6.84%,57,65,122,430,121,127,2490,92
TXO,202610,20261021.0,40100.0,Call,-,-,-,-,7380,-,-,0,0,0,0,7350,7420,-,-
TXO,202610,20261021.0,40100.0,Put,112,112,112,112,128,▼-9,▼-7.44%,19,1,20,33,123,131,660,99
TXO,202610,20261021.0,40200.0,Call,-,-,-,-,7290,-,-,0,0,0,0,7250,7350,-,-
TXO,202610,20261021.0,40200.0,Put,133,133,133,133,133,▲+8,▲+6.40%,10,1,11,14,127,136,630,125
TXO,202610,20261021.0,40300.0,Call,-,-,-,-,7190,-,-,0,0,0,0,7160,7220,-,-
TXO,202610,20261021.0,40300.0,Put,-,-,-,-,137,-,-,10,0,10,13,131,140,2940,107
TXO,202610,20261021.0,40400.0,Call,-,-,-,-,7100,-,-,0,0,0,0,7060,7130,-,-
TXO,202610,20261021.0,40400.0,Put,-,-,-,-,141,-,-,10,0,10,11,136,145,300,116
TXO,202610,20261021.0,40500.0,Call,-,-,-,-,7000,-,-,0,0,0,0,-,7030,-,-
TXO,202610,20261021.0,40500.0,Put,129,144,129,142,142,▲+7,▲+5.19%,2,8,10,30,140,149,2730,112
TXO,202610,20261021.0,40600.0,Call,-,-,-,-,6910,-,-,0,0,0,0,6870,6940,-,-
TXO,202610,20261021.0,40600.0,Put,-,-,-,-,151,-,-,0,0,0,22,145,155,1260,130
TXO,202610,20261021.0,40700.0,Call,-,-,-,-,6810,-,-,0,0,0,0,6780,6840,-,-
TXO,202610,20261021.0,40700.0,Put,135,135,135,135,157,▼-15,▼-10.00%,1,1,2,5,151,160,1540,133
TXO,202610,20261021.0,40800.0,Call,-,-,-,-,6720,-,-,0,0,0,1,-,6770,5680,3010
TXO,202610,20261021.0,40800.0,Put,-,-,-,-,163,-,-,0,0,0,3,156,166,2920,135
TXO,202610,20261021.0,40900.0,Call,-,-,-,-,6630,-,-,0,0,0,0,6590,6680,-,-
TXO,202610,20261021.0,40900.0,Put,-,-,-,-,169,-,-,0,0,0,9,162,172,3100,158
TXO,202610,20261021.0,41000.0,Call,-,-,-,-,6530,-,-,0,0,0,0,-,6560,4060,2930
TXO,202610,20261021.0,41000.0,Put,168,178,150,174,174,▲+6,▲+3.57%,14,13,27,153,168,178,3020,133
TXO,202610,20261021.0,41100.0,Call,-,-,-,-,6440,-,-,0,0,0,0,-,6470,-,-
TXO,202610,20261021.0,41100.0,Put,-,-,-,-,181,-,-,0,0,0,6,174,184,2590,238
TXO,202610,20261021.0,41200.0,Call,-,-,-,-,6350,-,-,0,0,0,0,6310,6370,4840,3580
TXO,202610,20261021.0,41200.0,Put,176,182,176,182,182,▲+1,▲+0.55%,0,2,2,12,180,191,2540,145
TXO,202610,20261021.0,41300.0,Call,-,-,-,-,6250,-,-,0,0,0,0,6220,6280,-,-
TXO,202610,20261021.0,41300.0,Put,178,178,178,178,194,▼-10,▼-5.32%,0,1,1,29,187,197,760,162
TXO,202610,20261021.0,41400.0,Call,-,-,-,-,6160,-,-,0,0,0,0,-,6190,-,-
TXO,202610,20261021.0,41400.0,Put,-,-,-,-,201,-,-,2,0,2,4,194,205,800,156
TXO,202610,20261021.0,41500.0,Call,-,-,-,-,6070,-,-,0,0,0,0,-,6090,-,-
TXO,202610,20261021.0,41500.0,Put,204,205,202,202,202,▼-2,▼-0.98%,3,3,6,30,202,212,2280,168
TXO,202610,20261021.0,41600.0,Call,-,-,-,-,5980,-,-,0,0,0,1,5940,6010,3210,3210
TXO,202610,20261021.0,41600.0,Put,192,192,192,192,217,▼-19,▼-9.00%,0,1,1,11,209,221,2550,192
TXO,202610,20261021.0,41700.0,Call,-,-,-,-,5880,-,-,0,0,0,0,5850,5930,-,-
TXO,202610,20261021.0,41700.0,Put,219,219,219,219,219,▼-2,▼-0.90%,0,1,1,9,217,229,975,185
TXO,202610,20261021.0,41800.0,Call,-,-,-,-,5790,-,-,0,0,0,0,5760,5820,-,-
TXO,202610,20261021.0,41800.0,Put,200,200,200,200,231,▼-26,▼-11.50%,1,2,3,19,224,234,2140,198
TXO,202610,20261021.0,41900.0,Call,-,-,-,-,5700,-,-,0,0,0,0,5670,5730,-,-
TXO,202610,20261021.0,41900.0,Put,-,-,-,-,242,-,-,1,0,1,5,233,246,2830,240
TXO,202610,20261021.0,42000.0,Call,-,-,-,-,5610,-,-,0,0,0,0,-,5630,-,-
TXO,202610,20261021.0,42000.0,Put,231,257,215,236,251,▼-12,▼-4.84%,7,21,28,135,245,256,3500,186
TXO,202610,20261021.0,42100.0,Call,-,-,-,-,5520,-,-,0,0,0,0,-,5540,-,-
TXO,202610,20261021.0,42100.0,Put,255,255,255,255,255,▼-4,▼-1.54%,2,1,3,4,254,263,640,207
TXO,202610,20261021.0,42200.0,Call,-,-,-,-,5430,-,-,0,0,0,2,-,5480,4200,2000
TXO,202610,20261021.0,42200.0,Put,250,250,230,233,271,▼-38,▼-14.02%,0,3,3,9,261,275,2120,210
TXO,202610,20261021.0,42300.0,Call,-,-,-,-,5340,-,-,0,0,0,0,-,5390,-,-
TXO,202610,20261021.0,42300.0,Put,241,249,241,249,281,▼-30,▼-10.75%,1,3,4,13,272,285,985,223
TXO,202610,20261021.0,42400.0,Call,-,-,-,-,5250,-,-,0,0,0,2,5220,5280,5310,2960
TXO,202610,20261021.0,42400.0,Put,263,263,263,263,292,▼-27,▼-9.31%,2,1,3,5,282,296,3760,246
TXO,202610,20261021.0,42500.0,Call,-,-,-,-,5160,-,-,0,0,0,0,5130,5190,5210,2120
TXO,202610,20261021.0,42500.0,Put,270,299,265,299,299,▼-5,▼-1.64%,1,10,11,100,293,307,1850,242
TXO,202610,20261021.0,42600.0,Call,-,-,-,-,5080,-,-,0,0,0,0,5040,5100,-,-
TXO,202610,20261021.0,42600.0,Put,-,-,-,-,314,-,-,0,0,0,23,304,319,1150,244
TXO,202610,20261021.0,42700.0,Call,-,-,-,-,4990,-,-,0,0,0,0,4950,5010,-,-
TXO,202610,20261021.0,42700.0,Put,284,317,280,317,317,▼-13,▼-3.94%,1,5,6,12,317,332,1870,251
TXO,202610,20261021.0,42800.0,Call,-,-,-,-,4900,-,-,0,0,0,0,-,4920,-,-
TXO,202610,20261021.0,42800.0,Put,300,300,300,300,340,▼-40,▼-11.76%,1,1,2,7,329,344,3100,275
TXO,202610,20261021.0,42900.0,Call,-,-,-,-,4810,-,-,0,0,0,0,4780,4840,4410,3070
TXO,202610,20261021.0,42900.0,Put,-,-,-,-,353,-,-,3,0,3,3,342,358,3050,298
TXO,202610,20261021.0,43000.0,Call,-,-,-,-,4730,-,-,0,0,0,1,4690,4750,3230,3230
TXO,202610,20261021.0,43000.0,Put,319,375,319,368,368,▼-1,▼-0.27%,11,21,32,241,353,369,4200,280
TXO,202610,20261021.0,43100.0,Call,-,-,-,-,4640,-,-,0,0,0,0,4610,4690,-,-
TXO,202610,20261021.0,43100.0,Put,-,-,-,-,380,-,-,0,0,0,12,369,385,1390,340
TXO,202610,20261021.0,43200.0,Call,-,-,-,-,4560,-,-,0,0,0,0,4520,4580,3750,2950
TXO,202610,20261021.0,43200.0,Put,-,-,-,-,394,-,-,0,0,0,36,382,399,1000,326
TXO,202610,20261021.0,43300.0,Call,-,-,-,-,4470,-,-,0,0,0,0,-,4490,-,-
TXO,202610,20261021.0,43300.0,Put,-,-,-,-,410,-,-,0,0,0,6,393,410,1470,341
TXO,202610,20261021.0,43400.0,Call,-,-,-,-,4390,-,-,0,0,0,0,4350,4430,3610,2880
TXO,202610,20261021.0,43400.0,Put,370,370,370,370,426,▼-63,▼-14.55%,2,1,3,6,413,430,2890,337
TXO,202610,20261021.0,43500.0,Call,-,-,-,-,4300,-,-,0,0,0,0,4270,4330,3100,1570
TXO,202610,20261021.0,43500.0,Put,-,-,-,-,441,-,-,1,0,1,198,430,446,3050,374
TXO,202610,20261021.0,43600.0,Call,-,-,-,-,4220,-,-,0,0,0,1,-,4240,2840,2840
TXO,202610,20261021.0,43600.0,Put,385,385,385,385,453,▼-83,▼-17.74%,0,1,1,20,440,458,2850,385
TXO,202610,20261021.0,43700.0,Call,-,-,-,-,4130,-,-,0,0,0,1,4100,4160,4280,2940
TXO,202610,20261021.0,43700.0,Put,417,424,417,424,471,▼-64,▼-13.11%,0,11,11,36,459,478,2920,390
TXO,202610,20261021.0,43800.0,Call,-,-,-,-,4050,-,-,0,0,0,3,3830,4080,3740,1650
TXO,202610,20261021.0,43800.0,Put,437,475,437,475,475,▼-25,▼-5.00%,0,13,13,9,478,497,3100,401
TXO,202610,20261021.0,43900.0,Call,-,-,-,-,3970,-,-,0,0,0,1,3940,4000,3660,2720
TXO,202610,20261021.0,43900.0,Put,500,500,446,446,510,▼-74,▼-14.23%,4,2,6,60,497,515,3140,446
TXO,202610,20261021.0,44000.0,Call,-,-,-,-,3890,-,-,0,0,0,6,3860,3920,3460,1520
TXO,202610,20261021.0,44000.0,Put,500,515,460,515,515,▼-25,▼-4.63%,13,17,30,401,515,535,2770,420
TXO,202610,20261021.0,44100.0,Call,-,-,-,-,3810,-,-,0,0,0,1,3780,3840,2750,1540
TXO,202610,20261021.0,44100.0,Put,496,496,496,496,550,▼-69,▼-12.21%,1,6,7,47,535,555,3230,496
TXO,202610,20261021.0,44200.0,Call,-,-,-,-,3740,-,-,0,0,0,0,3700,3760,3680,2730
TXO,202610,20261021.0,44200.0,Put,565,565,505,515,570,▼-70,▼-11.97%,13,4,17,19,555,580,2730,472
TXO,202610,20261021.0,44300.0,Call,-,-,-,-,3660,-,-,0,0,0,0,3620,3680,3340,3340
TXO,202610,20261021.0,44300.0,Put,530,530,520,520,590,▼-85,▼-14.05%,4,7,11,11,570,595,2040,500
TXO,202610,20261021.0,44400.0,Call,-,-,-,-,3580,-,-,1,0,1,5,3540,3600,3360,1410
TXO,202610,20261021.0,44400.0,Put,530,565,530,565,615,▼-65,▼-10.32%,0,18,18,7,600,620,2180,505
TXO,202610,20261021.0,44500.0,Call,-,-,-,-,3500,-,-,0,0,0,1,3460,3520,3070,1900
TXO,202610,20261021.0,44500.0,Put,645,645,645,645,645,▼-10,▼-1.53%,2,5,7,46,620,645,4990,505
TXO,202610,20261021.0,44600.0,Call,-,-,-,-,3430,-,-,0,0,0,0,3390,3460,3110,3110
TXO,202610,20261021.0,44600.0,Put,595,595,595,595,660,▼-80,▼-11.85%,4,1,5,63,645,665,1190,515
TXO,202610,20261021.0,44700.0,Call,-,-,-,-,3350,-,-,0,0,0,9,3310,3370,3380,1350
TXO,202610,20261021.0,44700.0,Put,600,695,600,695,695,▼-10,▼-1.42%,12,3,15,27,665,690,2050,575
TXO,202610,20261021.0,44800.0,Call,-,-,-,-,3270,-,-,0,0,0,133,3240,3300,2950,1830
TXO,202610,20261021.0,44800.0,Put,665,710,610,710,710,▼-20,▼-2.74%,0,56,56,123,690,715,2220,575
TXO,202610,20261021.0,44900.0,Call,-,-,-,-,3200,-,-,0,0,0,0,3160,3220,2870,1950
TXO,202610,20261021.0,44900.0,Put,690,715,625,715,715,▼-40,▼-5.30%,1,10,11,47,710,735,1390,595
TXO,202610,20261021.0,45000.0,Call,3180,3180,3180,3180,3120,▲+240,▲+8.16%,0,1,1,4,3090,3140,3300,1600
TXO,202610,20261021.0,45000.0,Put,735,770,645,755,755,▼-15,▼-1.95%,6,26,32,117,740,765,2760,605
TXO,202610,20261021.0,45100.0,Call,3080,3080,3080,3080,3040,▲+210,▲+7.32%,0,1,1,1,3010,3070,3100,2020
TXO,202610,20261021.0,45100.0,Put,-,-,-,-,780,-,-,0,0,0,22,770,795,2640,650
TXO,202610,20261021.0,45200.0,Call,-,-,-,-,2970,-,-,0,0,0,1,2940,3000,2910,1670
TXO,202610,20261021.0,45200.0,Put,780,780,705,705,805,▼-135,▼-16.07%,1,2,3,10,795,820,3950,680
TXO,202610,20261021.0,45300.0,Call,-,-,-,-,2900,-,-,0,0,0,1,2870,2930,2700,1130
TXO,202610,20261021.0,45300.0,Put,-,-,-,-,835,-,-,0,0,0,4,825,850,2510,710
TXO,202610,20261021.0,45400.0,Call,-,-,-,-,2830,-,-,0,0,0,1,2800,2850,3120,1820
TXO,202610,20261021.0,45400.0,Put,-,-,-,-,865,-,-,0,0,0,20,855,880,1370,735
TXO,202610,20261021.0,45500.0,Call,2750,2750,2750,2750,2750,▲+150,▲+5.77%,0,1,1,8,2740,2790,2840,1160
TXO,202610,20261021.0,45500.0,Put,870,870,865,865,895,▼-75,▼-7.98%,6,2,8,42,885,910,1780,740
TXO,202610,20261021.0,45600.0,Call,2710,2710,2710,2710,2710,▲+180,▲+7.11%,0,1,1,3,2660,2710,2800,1700
TXO,202610,20261021.0,45600.0,Put,-,-,-,-,925,-,-,1,0,1,20,905,935,2470,825
TXO,202610,20261021.0,45700.0,Call,-,-,-,-,2620,-,-,0,0,0,15,2600,2650,2180,1550
TXO,202610,20261021.0,45700.0,Put,-,-,-,-,955,-,-,0,0,0,20,935,965,1310,810
TXO,202610,20261021.0,45800.0,Call,2680,2800,2680,2690,2560,▲+290,▲+12.08%,1,19,20,35,2530,2580,2800,1600
TXO,202610,20261021.0,45800.0,Put,-,-,-,-,995,-,-,0,0,0,32,970,1000,2230,875
TXO,202610,20261021.0,45900.0,Call,2730,2730,2730,2730,2490,▲+400,▲+17.17%,0,9,9,15,2470,2510,2730,1160
TXO,202610,20261021.0,45900.0,Put,915,1040,915,1040,1040,▼-30,▼-2.80%,0,5,5,40,1010,1040,1410,905
TXO,202610,20261021.0,46000.0,Call,2450,2450,2450,2450,2450,▲+180,▲+7.93%,0,1,1,23,2400,2450,2680,970
TXO,202610,20261021.0,46000.0,Put,1000,1070,940,1070,1070,▼-40,▼-3.60%,3,12,15,81,1040,1070,3660,890
TXO,202610,20261021.0,46100.0,Call,-,-,-,-,2370,-,-,2,0,2,46,2340,2390,2520,1510
TXO,202610,20261021.0,46100.0,Put,975,1060,975,1060,1100,▼-80,▼-7.02%,0,9,9,26,1080,1110,2260,975
TXO,202610,20261021.0,46200.0,Call,2520,2520,2520,2520,2300,▲+370,▲+17.21%,0,3,3,7,2270,2320,2520,1340
TXO,202610,20261021.0,46200.0,Put,-,-,-,-,1130,-,-,1,0,1,23,1110,1140,2690,970
TXO,202610,20261021.0,46300.0,Call,-,-,-,-,2230,-,-,0,0,0,38,2210,2260,2420,1460
TXO,202610,20261021.0,46300.0,Put,1060,1060,1040,1050,1160,▼-170,▼-13.93%,1,9,10,24,1150,1180,2900,1040
TXO,202610,20261021.0,46400.0,Call,2280,2300,2150,2150,2150,▲+130,▲+6.44%,0,5,5,11,2150,2190,2400,790
TXO,202610,20261021.0,46400.0,Put,-,-,-,-,1200,-,-,0,0,0,6,1190,1220,1840,1060
TXO,202610,20261021.0,46500.0,Call,2310,2310,2310,2310,2110,▲+350,▲+17.86%,4,12,16,19,2090,2130,2310,980
TXO,202610,20261021.0,46500.0,Put,1200,1260,1100,1260,1260,▼-40,▼-3.08%,7,41,48,160,1220,1250,1930,1040
TXO,202610,20261021.0,46600.0,Call,2240,2240,2240,2240,2050,▲+330,▲+17.28%,0,9,9,55,2030,2070,2240,1280
TXO,202610,20261021.0,46600.0,Put,-,-,-,-,1280,-,-,0,0,0,3,1270,1300,1460,1130
TXO,202610,20261021.0,46700.0,Call,1970,1980,1970,1980,1980,▲+130,▲+7.03%,0,20,20,51,1970,2010,1980,1330
TXO,202610,20261021.0,46700.0,Put,-,-,-,-,1320,-,-,10,0,10,16,1310,1340,1830,1200
TXO,202610,20261021.0,46800.0,Call,2090,2140,1870,1870,1930,▲+80,▲+4.47%,0,4,4,10,1910,1950,2150,905
TXO,202610,20261021.0,46800.0,Put,1360,1370,1360,1370,1370,▼-60,▼-4.20%,0,2,2,4,1350,1380,2420,1330
TXO,202610,20261021.0,46900.0,Call,1950,2080,1830,1900,1900,▲+160,▲+9.20%,2,5,7,15,1860,1900,2080,1300
TXO,202610,20261021.0,46900.0,Put,-,-,-,-,1410,-,-,11,0,11,11,1390,1420,4010,1310
TXO,202610,20261021.0,47000.0,Call,1780,2010,1770,1780,1820,▲+100,▲+5.95%,8,12,20,254,1800,1830,2260,865
TXO,202610,20261021.0,47000.0,Put,1370,1470,1280,1460,1460,▼-60,▼-3.95%,9,37,46,77,1430,1460,4240,1250
TXO,202610,20261021.0,47100.0,Call,1920,1920,1740,1740,1740,▲+110,▲+6.75%,0,9,9,8,1740,1770,1920,1030
TXO,202610,20261021.0,47100.0,Put,1470,1470,1460,1460,1500,▼-110,▼-7.01%,0,3,3,3,1480,1510,1600,1450
TXO,202610,20261021.0,47200.0,Call,1870,1870,1760,1760,1710,▲+180,▲+11.39%,2,9,11,9,1690,1720,2250,1000
TXO,202610,20261021.0,47200.0,Put,1500,1500,1500,1500,1540,▼-120,▼-7.41%,0,1,1,5,1520,1550,1630,1430
TXO,202610,20261021.0,47300.0,Call,1820,1820,1710,1710,1660,▲+170,▲+11.04%,0,9,9,14,1640,1670,1820,775
TXO,202610,20261021.0,47300.0,Put,-,-,-,-,1590,-,-,0,0,0,12,1570,1600,2130,1430
TXO,202610,20261021.0,47400.0,Call,1620,1700,1620,1700,1600,▲+220,▲+14.86%,0,2,2,18,1580,1610,2030,880
TXO,202610,20261021.0,47400.0,Put,1480,1640,1480,1640,1640,▼-90,▼-5.20%,2,6,8,11,1620,1650,1900,1480
TXO,202610,20261021.0,47500.0,Call,1570,1690,1570,1570,1540,▲+140,▲+9.79%,4,5,9,115,1530,1560,2040,745
TXO,202610,20261021.0,47500.0,Put,1540,1670,1540,1640,1670,▼-130,▼-7.34%,4,3,7,14,1670,1700,2300,1440
TXO,202610,20261021.0,47600.0,Call,1650,1650,1470,1500,1500,▲+100,▲+7.14%,3,6,9,20,1480,1510,1650,835
TXO,202610,20261021.0,47600.0,Put,1610,1610,1570,1590,1720,▼-230,▼-12.64%,0,3,3,26,1690,1860,1650,1560
TXO,202610,20261021.0,47700.0,Call,1560,1560,1560,1560,1440,▲+200,▲+14.71%,0,6,6,34,1430,1460,2100,655
TXO,202610,20261021.0,47700.0,Put,1610,1610,1610,1610,1770,▼-280,▼-14.81%,0,1,1,6,1740,1900,1750,1610
TXO,202610,20261021.0,47800.0,Call,-,-,-,-,1390,-,-,2,0,2,15,1380,1410,1740,635
TXO,202610,20261021.0,47800.0,Put,-,-,-,-,1820,-,-,0,0,0,6,1790,1940,1740,1740
TXO,202610,20261021.0,47900.0,Call,1410,1410,1410,1410,1350,▲+140,▲+11.02%,0,2,2,19,1340,1370,1410,800
TXO,202610,20261021.0,47900.0,Put,-,-,-,-,1880,-,-,0,0,0,6,1850,1910,1790,1790
TXO,202610,20261021.0,48000.0,Call,1400,1410,1270,1270,1300,▲+80,▲+6.72%,9,12,21,149,1290,1320,1780,580
TXO,202610,20261021.0,48000.0,Put,1880,1880,1880,1880,1930,▼-150,▼-7.39%,0,1,1,16,1890,1960,4790,1720
TXO,202610,20261021.0,48100.0,Call,-,-,-,-,1260,-,-,0,0,0,12,1240,1270,1630,705
TXO,202610,20261021.0,48100.0,Put,-,-,-,-,1980,-,-,0,0,0,1,1940,2020,1880,1880
TXO,202610,20261021.0,48200.0,Call,-,-,-,-,1210,-,-,5,0,5,10,1200,1230,1550,680
TXO,202610,20261021.0,48200.0,Put,-,-,-,-,2030,-,-,0,0,0,1,2010,2070,1930,1930
TXO,202610,20261021.0,48300.0,Call,-,-,-,-,1170,-,-,0,0,0,14,1150,1180,1290,720
TXO,202610,20261021.0,48300.0,Put,-,-,-,-,2090,-,-,0,0,0,1,2070,2130,1990,1990
TXO,202610,20261021.0,48400.0,Call,1270,1270,1270,1270,1130,▲+240,▲+23.30%,0,1,1,11,1110,1140,1270,685
TXO,202610,20261021.0,48400.0,Put,-,-,-,-,2150,-,-,0,0,0,4,2110,2180,2050,2040
TXO,202610,20261021.0,48500.0,Call,1080,1200,1080,1190,1080,▲+190,▲+19.00%,6,3,9,105,1070,1100,1510,610
TXO,202610,20261021.0,48500.0,Put,-,-,-,-,2200,-,-,0,0,0,2,2180,2240,2070,2070
TXO,202610,20261021.0,48600.0,Call,1180,1180,1180,1180,1040,▲+225,▲+23.56%,0,1,1,4,1030,1060,1180,600
TXO,202610,20261021.0,48600.0,Put,-,-,-,-,2260,-,-,0,0,0,0,2240,2300,-,-
TXO,202610,20261021.0,48700.0,Call,1040,1090,965,995,995,▲+75,▲+8.15%,0,8,8,14,985,1010,1100,540
TXO,202610,20261021.0,48700.0,Put,-,-,-,-,2320,-,-,0,0,0,0,2300,2360,2420,2420
TXO,202610,20261021.0,48800.0,Call,-,-,-,-,960,-,-,1,0,1,58,945,970,1240,500
TXO,202610,20261021.0,48800.0,Put,-,-,-,-,2390,-,-,0,0,0,0,2360,2420,-,-
TXO,202610,20261021.0,48900.0,Call,1060,1060,935,935,935,▲+105,▲+12.65%,0,10,10,13,910,940,1060,387
TXO,202610,20261021.0,48900.0,Put,-,-,-,-,2450,-,-,0,0,0,0,2410,2480,-,-
TXO,202610,20261021.0,49000.0,Call,890,1000,855,855,885,▲+55,▲+6.88%,2,90,92,91,875,900,1300,412
TXO,202610,20261021.0,49000.0,Put,2350,2350,2350,2350,2510,▼-280,▼-10.65%,0,1,1,5,2490,2550,5700,2350
TXO,202610,20261021.0,49100.0,Call,975,975,900,925,850,▲+155,▲+20.13%,0,14,14,69,835,860,975,458
TXO,202610,20261021.0,49100.0,Put,-,-,-,-,2580,-,-,0,0,0,0,2550,2610,-,-
TXO,202610,20261021.0,49200.0,Call,-,-,-,-,820,-,-,0,0,0,8,805,835,1390,346
TXO,202610,20261021.0,49200.0,Put,-,-,-,-,2650,-,-,0,0,0,0,2600,2680,-,-
TXO,202610,20261021.0,49300.0,Call,925,925,890,890,780,▲+190,▲+27.14%,5,2,7,10,775,800,1010,475
TXO,202610,20261021.0,49300.0,Put,-,-,-,-,2710,-,-,0,0,0,0,2680,2740,-,-
TXO,202610,20261021.0,49400.0,Call,-,-,-,-,750,-,-,0,0,0,16,740,765,990,389
TXO,202610,20261021.0,49400.0,Put,-,-,-,-,2780,-,-,0,0,0,0,2750,2810,-,-
TXO,202610,20261021.0,49500.0,Call,700,805,700,735,735,▲+90,▲+13.95%,6,7,13,55,705,730,1410,380
TXO,202610,20261021.0,49500.0,Put,-,-,-,-,2850,-,-,0,0,0,0,2820,2880,-,-
TXO,202610,20261021.0,49600.0,Call,730,730,730,730,685,▲+95,▲+14.96%,0,1,1,14,680,705,760,283
TXO,202610,20261021.0,49600.0,Put,-,-,-,-,2910,-,-,0,0,0,0,2870,2950,-,-
TXO,202610,20261021.0,49700.0,Call,-,-,-,-,655,-,-,2,0,2,15,650,675,940,267
TXO,202610,20261021.0,49700.0,Put,-,-,-,-,2980,-,-,0,0,0,0,2960,3020,-,-
TXO,202610,20261021.0,49800.0,Call,640,640,640,640,640,▲+75,▲+13.27%,0,1,1,7,620,645,695,265
TXO,202610,20261021.0,49800.0,Put,-,-,-,-,3050,-,-,0,0,0,0,3030,3090,-,-
TXO,202610,20261021.0,49900.0,Call,590,590,590,590,590,▲+50,▲+9.26%,0,1,1,12,590,615,850,265
TXO,202610,20261021.0,49900.0,Put,-,-,-,-,3130,-,-,0,0,0,1,3100,3160,2880,2880
TXO,202610,20261021.0,50000.0,Call,560,695,550,570,570,▲+40,▲+7.55%,8,51,59,261,560,585,1180,233
TXO,202610,20261021.0,50000.0,Put,-,-,-,-,3200,-,-,0,0,0,0,3170,3230,-,-
TXO,202610,20261021.0,50100.0,Call,615,625,615,625,545,▲+137,▲+28.07%,1,2,3,14,540,565,840,258
TXO,202610,20261021.0,50100.0,Put,-,-,-,-,3270,-,-,0,0,0,0,3230,-,-,-
TXO,202610,20261021.0,50200.0,Call,580,580,580,580,520,▲+110,▲+23.40%,0,2,2,36,515,540,740,272
TXO,202610,20261021.0,50200.0,Put,3280,3280,3200,3260,3350,▼-240,▼-6.86%,0,4,4,0,3300,3470,3280,3200
TXO,202610,20261021.0,50300.0,Call,585,585,496,496,496,▲+52,▲+11.71%,1,32,33,55,491,510,750,260
TXO,202610,20261021.0,50300.0,Put,-,-,-,-,3420,-,-,0,0,0,0,3400,3460,-,-
TXO,202610,20261021.0,50400.0,Call,560,560,478,478,478,▲+46,▲+10.65%,1,3,4,7,467,487,560,254
TXO,202610,20261021.0,50400.0,Put,3280,3350,3280,3350,3500,▼-300,▼-8.22%,0,2,2,0,3360,-,3350,3280
TXO,202610,20261021.0,50500.0,Call,500,545,470,470,470,▲+51,▲+12.17%,0,38,38,66,445,467,890,190
TXO,202610,20261021.0,50500.0,Put,-,-,-,-,3580,-,-,0,0,0,0,3550,3610,-,-
TXO,202610,20261021.0,50600.0,Call,515,515,433,433,433,▲+35,▲+8.79%,0,2,2,7,424,443,705,245
TXO,202610,20261021.0,50600.0,Put,-,-,-,-,3650,-,-,0,0,0,0,3610,3690,-,-
TXO,202610,20261021.0,50700.0,Call,-,-,-,-,409,-,-,0,0,0,5,404,423,500,237
TXO,202610,20261021.0,50700.0,Put,-,-,-,-,3730,-,-,0,0,0,0,3710,3770,-,-
TXO,202610,20261021.0,50800.0,Call,-,-,-,-,390,-,-,2,0,2,13,385,404,615,210
TXO,202610,20261021.0,50800.0,Put,-,-,-,-,3810,-,-,0,0,0,0,3790,3850,-,-
TXO,202610,20261021.0,50900.0,Call,396,396,360,376,376,▲+46,▲+13.94%,1,3,4,12,364,383,795,187
TXO,202610,20261021.0,50900.0,Put,-,-,-,-,3890,-,-,0,0,0,0,3870,3930,-,-
TXO,202610,20261021.0,51000.0,Call,356,420,332,353,353,▲+38,▲+12.06%,5,56,61,161,346,365,800,155
TXO,202610,20261021.0,51000.0,Put,-,-,-,-,3980,-,-,0,0,0,0,3950,4010,-,-
TXO,202610,20261021.0,51100.0,Call,377,406,346,346,346,▲+35,▲+11.25%,0,7,7,11,329,347,810,169
TXO,202610,20261021.0,51100.0,Put,-,-,-,-,4060,-,-,0,0,0,0,4030,4090,-,-
TXO,202610,20261021.0,51200.0,Call,-,-,-,-,318,-,-,2,0,2,11,313,330,650,151
TXO,202610,20261021.0,51200.0,Put,-,-,-,-,4140,-,-,0,0,0,0,4120,-,-,-
TXO,202610,20261021.0,51300.0,Call,-,-,-,-,301,-,-,0,0,0,4,297,313,291,206
TXO,202610,20261021.0,51300.0,Put,-,-,-,-,4220,-,-,0,0,0,0,4200,4260,-,-
TXO,202610,20261021.0,51400.0,Call,-,-,-,-,287,-,-,5,0,5,25,282,298,515,130
TXO,202610,20261021.0,51400.0,Put,-,-,-,-,4310,-,-,0,0,0,0,4280,4340,-,-
TXO,202610,20261021.0,51500.0,Call,270,324,252,254,272,▲+13,▲+5.39%,2,10,12,75,266,281,630,126
TXO,202610,20261021.0,51500.0,Put,-,-,-,-,4390,-,-,0,0,0,0,4370,4430,-,-
TXO,202610,20261021.0,51600.0,Call,-,-,-,-,258,-,-,0,0,0,7,253,269,520,124
TXO,202610,20261021.0,51600.0,Put,-,-,-,-,4480,-,-,0,0,0,0,4430,-,-,-
TXO,202610,20261021.0,51700.0,Call,-,-,-,-,244,-,-,1,0,1,4,240,254,610,126
TXO,202610,20261021.0,51700.0,Put,-,-,-,-,4570,-,-,0,0,0,0,4540,4600,-,-
TXO,202610,20261021.0,51800.0,Call,-,-,-,-,231,-,-,0,0,0,6,227,241,445,103
TXO,202610,20261021.0,51800.0,Put,-,-,-,-,4650,-,-,0,0,0,0,4600,-,-,-
TXO,202610,20261021.0,51900.0,Call,-,-,-,-,219,-,-,0,0,0,3,215,229,1080,107
TXO,202610,20261021.0,51900.0,Put,-,-,-,-,4740,-,-,0,0,0,0,4690,-,-,-
TXO,202610,20261021.0,52000.0,Call,205,256,192,206,206,▲+22,▲+11.96%,9,50,59,246,203,209,1020,90
TXO,202610,20261021.0,52000.0,Put,-,-,-,-,4830,-,-,0,0,0,0,4810,4860,-,-
TXO,202610,20261021.0,52100.0,Call,200,200,200,200,200,▲+26,▲+14.94%,0,1,1,6,193,206,495,99
TXO,202610,20261021.0,52100.0,Put,-,-,-,-,4920,-,-,0,0,0,0,4890,-,-,-
TXO,202610,20261021.0,52200.0,Call,-,-,-,-,186,-,-,0,0,0,9,182,195,412,95
TXO,202610,20261021.0,52200.0,Put,-,-,-,-,5010,-,-,0,0,0,0,4980,5040,-,-
TXO,202610,20261021.0,52300.0,Call,188,188,188,188,176,▲+31,▲+19.75%,0,1,1,1,172,185,1000,85
TXO,202610,20261021.0,52300.0,Put,-,-,-,-,5100,-,-,0,0,0,0,5070,5130,-,-
TXO,202610,20261021.0,52400.0,Call,184,193,184,193,166,▲+41,▲+26.97%,1,8,9,6,162,174,865,80
TXO,202610,20261021.0,52400.0,Put,-,-,-,-,5190,-,-,0,0,0,0,5160,5220,-,-
TXO,202610,20261021.0,52500.0,Call,175,177,171,171,157,▲+30,▲+21.28%,3,3,6,62,149,167,940,62
TXO,202610,20261021.0,52500.0,Put,-,-,-,-,5280,-,-,0,0,0,0,5250,5310,-,-
TXO,202610,20261021.0,52600.0,Call,145,250,145,150,150,▲+20,▲+15.38%,0,8,8,14,144,156,250,7.7
TXO,202610,20261021.0,52600.0,Put,-,-,-,-,5370,-,-,0,0,0,0,5340,5400,-,-
TXO,202610,20261021.0,52700.0,Call,-,-,-,-,139,-,-,0,0,0,4,133,139,310,76
TXO,202610,20261021.0,52700.0,Put,-,-,-,-,5460,-,-,0,0,0,0,5440,5490,-,-
TXO,202610,20261021.0,52800.0,Call,146,146,132,132,132,▲+15,▲+12.82%,5,2,7,3,128,139,275,64
TXO,202610,20261021.0,52800.0,Put,-,-,-,-,5550,-,-,0,0,0,0,5500,-,-,-
TXO,202610,20261021.0,52900.0,Call,-,-,-,-,125,-,-,1,0,1,3,121,127,139,58
TXO,202610,20261021.0,52900.0,Put,-,-,-,-,5640,-,-,0,0,0,0,5620,5680,-,-
TXO,202610,20261021.0,53000.0,Call,118,146,107,107,117,▼-3,▼-2.73%,13,38,51,134,113,121,379,46
TXO,202610,20261021.0,53000.0,Put,-,-,-,-,5740,-,-,0,0,0,0,5710,-,-,-
TXO,202610,20261021.0,53100.0,Call,100,100,100,100,110,▲+1,▲+1.01%,0,1,1,3,105,115,100,50
TXO,202610,20261021.0,53100.0,Put,-,-,-,-,5830,-,-,0,0,0,0,5810,-,-,-
TXO,202610,20261021.0,53200.0,Call,119,130,100,100,100,▲+6,▲+6.38%,1,7,8,15,101,111,130,67
TXO,202610,20261021.0,53200.0,Put,-,-,-,-,5920,-,-,0,0,0,0,5900,5960,-,-
TXO,202610,20261021.0,53300.0,Call,100,100,100,100,98,▲+13,▲+14.94%,3,1,4,23,94,102,122,47
TXO,202610,20261021.0,53300.0,Put,-,-,-,-,6010,-,-,0,0,0,0,5990,6050,-,-
TXO,202610,20261021.0,53400.0,Call,-,-,-,-,91,-,-,0,0,0,0,88,97,-,-
TXO,202610,20261021.0,53400.0,Put,-,-,-,-,6110,-,-,0,0,0,0,6060,-,-,-
TXO,202610,20261021.0,53500.0,Call,89,112,89,95,86,▲+15,▲+18.75%,1,5,6,17,83,92,112,46
TXO,202610,20261021.0,53500.0,Put,-,-,-,-,6200,-,-,0,0,0,0,6180,6240,-,-
TXO,202610,20261021.0,53600.0,Call,-,-,-,-,81,-,-,0,0,0,1,78,87,95,50
TXO,202610,20261021.0,53600.0,Put,-,-,-,-,6300,-,-,0,0,0,0,6250,6340,-,-
TXO,202610,20261021.0,53700.0,Call,84,84,84,84,77,▲+11,▲+15.07%,1,2,3,20,74,82,98,48
TXO,202610,20261021.0,53700.0,Put,-,-,-,-,6390,-,-,0,0,0,0,6370,6430,-,-
TXO,202610,20261021.0,53800.0,Call,-,-,-,-,73,-,-,0,0,0,1,70,77,68,44.5
TXO,202610,20261021.0,53800.0,Put,-,-,-,-,6490,-,-,0,0,0,0,6440,6530,-,-
TXO,202610,20261021.0,53900.0,Call,82,82,68,68,68,▲+5,▲+7.94%,1,5,6,6,66,73,82,39
TXO,202610,20261021.0,53900.0,Put,-,-,-,-,6590,-,-,0,0,0,0,6560,-,-,-
TXO,202610,20261021.0,54000.0,Call,72,85,64,64,64,▲+6,▲+10.34%,6,23,29,107,63,69,85,34
TXO,202610,20261021.0,54000.0,Put,-,-,-,-,6680,-,-,0,0,0,0,6660,6720,-,-
TXO,202610,20261021.0,54100.0,Call,-,-,-,-,62,-,-,0,0,0,0,58,65,-,-
TXO,202610,20261021.0,54100.0,Put,-,-,-,-,6780,-,-,0,0,0,0,6750,6820,-,-
TXO,202610,20261021.0,54200.0,Call,-,-,-,-,59,-,-,0,0,0,0,55,62,-,-
TXO,202610,20261021.0,54200.0,Put,-,-,-,-,6880,-,-,0,0,0,0,6820,-,-,-
TXO,202610,20261021.0,54300.0,Call,-,-,-,-,55,-,-,0,0,0,0,52,58,-,-
TXO,202610,20261021.0,54300.0,Put,-,-,-,-,6970,-,-,0,0,0,0,6920,7010,-,-
TXO,202610,20261021.0,54400.0,Call,-,-,-,-,52,-,-,2,0,2,0,49,55,56,53
TXO,202610,20261021.0,54400.0,Put,-,-,-,-,7070,-,-,0,0,0,0,7040,7110,-,-
TXO,202610,20261021.0,54500.0,Call,50,61,47,47.5,47.5,▲+3,▲+6.74%,1,24,25,65,47.5,51,61,44
TXO,202610,20261021.0,54500.0,Put,-,-,-,-,7160,-,-,0,0,0,0,7140,-,-,-
TXO,202611,20261118.0,38000.0,Call,-,-,-,-,9650,-,-,0,0,0,0,9600,9690,-,-
TXO,202611,20261118.0,38000.0,Put,-,-,-,-,158,-,-,2,0,2,38,155,162,595,124
TXO,202611,20261118.0,38100.0,Call,-,-,-,-,9550,-,-,0,0,0,0,9510,9620,-,-
TXO,202611,20261118.0,38100.0,Put,-,-,-,-,158,-,-,0,0,0,3,152,166,525,192
TXO,202611,20261118.0,38200.0,Call,-,-,-,-,9460,-,-,0,0,0,0,9410,9500,-,-
TXO,202611,20261118.0,38200.0,Put,-,-,-,-,162,-,-,2,0,2,5,156,170,273,123
TXO,202611,20261118.0,38300.0,Call,-,-,-,-,9360,-,-,0,0,0,0,9320,9410,-,-
TXO,202611,20261118.0,38300.0,Put,-,-,-,-,167,-,-,0,0,0,4,160,175,555,125
TXO,202611,20261118.0,38400.0,Call,-,-,-,-,9270,-,-,0,0,0,0,9220,9310,-,-
TXO,202611,20261118.0,38400.0,Put,-,-,-,-,172,-,-,1,0,1,3,165,180,299,123
TXO,202611,20261118.0,38500.0,Call,-,-,-,-,9170,-,-,0,0,0,0,-,9220,-,-
TXO,202611,20261118.0,38500.0,Put,165,170,165,170,177,▼-5,▼-2.86%,0,10,10,20,170,185,585,165
TXO,202611,20261118.0,38600.0,Call,-,-,-,-,9080,-,-,0,0,0,0,-,9150,-,-
TXO,202611,20261118.0,38600.0,Put,-,-,-,-,181,-,-,0,0,0,2,174,190,317,193
TXO,202611,20261118.0,38700.0,Call,-,-,-,-,8980,-,-,0,0,0,0,-,9060,-,-
TXO,202611,20261118.0,38700.0,Put,164,164,164,164,186,▼-19,▼-10.38%,0,1,1,2,179,195,370,164
TXO,202611,20261118.0,38800.0,Call,-,-,-,-,8890,-,-,0,0,0,0,8840,8930,-,-
TXO,202611,20261118.0,38800.0,Put,-,-,-,-,192,-,-,0,0,0,1,185,201,204,204
TXO,202611,20261118.0,38900.0,Call,-,-,-,-,8790,-,-,0,0,0,0,8750,8870,-,-
TXO,202611,20261118.0,38900.0,Put,-,-,-,-,197,-,-,0,0,0,3,190,206,335,172
TXO,202611,20261118.0,39000.0,Call,-,-,-,-,8700,-,-,0,0,0,0,8660,8740,-,-
TXO,202611,20261118.0,39000.0,Put,188,212,186,212,204,▲+9,▲+4.43%,1,4,5,9,194,211,402,165
TXO,202611,20261118.0,39100.0,Call,-,-,-,-,8610,-,-,0,0,0,0,8560,8670,-,-
TXO,202611,20261118.0,39100.0,Put,-,-,-,-,210,-,-,0,0,0,4,202,219,234,227
TXO,202611,20261118.0,39200.0,Call,-,-,-,-,8510,-,-,0,0,0,0,-,8580,-,-
TXO,202611,20261118.0,39200.0,Put,-,-,-,-,216,-,-,0,0,0,2,208,225,303,206
TXO,202611,20261118.0,39300.0,Call,-,-,-,-,8420,-,-,0,0,0,0,8380,8460,-,-
TXO,202611,20261118.0,39300.0,Put,-,-,-,-,222,-,-,0,0,0,5,214,231,650,610
TXO,202611,20261118.0,39400.0,Call,-,-,-,-,8330,-,-,0,0,0,0,8280,8370,-,-
TXO,202611,20261118.0,39400.0,Put,-,-,-,-,228,-,-,0,0,0,0,220,238,-,-
TXO,202611,20261118.0,39500.0,Call,-,-,-,-,8230,-,-,0,0,0,0,8190,8300,-,-
TXO,202611,20261118.0,39500.0,Put,237,239,237,239,239,▲+3,▲+1.27%,0,10,10,31,227,239,555,208
TXO,202611,20261118.0,39600.0,Call,-,-,-,-,8140,-,-,0,0,0,0,-,8180,-,-
TXO,202611,20261118.0,39600.0,Put,-,-,-,-,242,-,-,0,0,0,1,234,253,469,469
TXO,202611,20261118.0,39700.0,Call,-,-,-,-,8050,-,-,0,0,0,0,-,8090,-,-
TXO,202611,20261118.0,39700.0,Put,-,-,-,-,249,-,-,0,0,0,1,241,260,420,413
TXO,202611,20261118.0,39800.0,Call,-,-,-,-,7960,-,-,0,0,0,0,7910,8000,-,-
TXO,202611,20261118.0,39800.0,Put,-,-,-,-,257,-,-,0,0,0,2,249,268,283,208
TXO,202611,20261118.0,39900.0,Call,-,-,-,-,7870,-,-,0,0,0,0,7820,7910,-,-
TXO,202611,20261118.0,39900.0,Put,-,-,-,-,265,-,-,0,0,0,2,256,276,210,205
TXO,202611,20261118.0,40000.0,Call,-,-,-,-,7780,-,-,0,0,0,0,7730,7820,-,-
TXO,202611,20261118.0,40000.0,Put,257,285,257,267,267,▼-9,▼-3.26%,1,8,9,28,261,281,785,214
TXO,202611,20261118.0,40100.0,Call,-,-,-,-,7680,-,-,0,0,0,0,7640,7720,-,-
TXO,202611,20261118.0,40100.0,Put,-,-,-,-,282,-,-,0,0,0,0,273,293,-,-
TXO,202611,20261118.0,40200.0,Call,-,-,-,-,7590,-,-,0,0,0,0,7550,7630,-,-
TXO,202611,20261118.0,40200.0,Put,-,-,-,-,290,-,-,0,0,0,0,281,302,-,-
TXO,202611,20261118.0,40300.0,Call,-,-,-,-,7500,-,-,0,0,0,0,7460,7560,-,-
TXO,202611,20261118.0,40300.0,Put,-,-,-,-,299,-,-,0,0,0,0,290,311,-,-
TXO,202611,20261118.0,40400.0,Call,-,-,-,-,7410,-,-,0,0,0,0,-,7450,-,-
TXO,202611,20261118.0,40400.0,Put,-,-,-,-,310,-,-,0,0,0,0,299,320,-,-
TXO,202611,20261118.0,40500.0,Call,-,-,-,-,7320,-,-,0,0,0,0,7280,7380,-,-
TXO,202611,20261118.0,40500.0,Put,-,-,-,-,321,-,-,0,0,0,8,315,330,417,259
TXO,202611,20261118.0,40600.0,Call,-,-,-,-,7230,-,-,0,0,0,0,-,7270,-,-
TXO,202611,20261118.0,40600.0,Put,-,-,-,-,328,-,-,0,0,0,0,318,340,-,-
TXO,202611,20261118.0,40700.0,Call,-,-,-,-,7140,-,-,0,0,0,0,7100,7180,-,-
TXO,202611,20261118.0,40700.0,Put,-,-,-,-,338,-,-,1,0,1,4,328,350,930,270
TXO,202611,20261118.0,40800.0,Call,-,-,-,-,7050,-,-,0,0,0,0,7010,7090,-,-
TXO,202611,20261118.0,40800.0,Put,-,-,-,-,348,-,-,0,0,0,1,338,361,610,610
TXO,202611,20261118.0,40900.0,Call,-,-,-,-,6960,-,-,0,0,0,0,6920,7000,-,-
TXO,202611,20261118.0,40900.0,Put,-,-,-,-,359,-,-,0,0,0,0,349,372,-,-
TXO,202611,20261118.0,41000.0,Call,-,-,-,-,6880,-,-,0,0,0,0,6830,6940,-,-
TXO,202611,20261118.0,41000.0,Put,-,-,-,-,371,-,-,0,0,0,6,356,379,990,311
TXO,202611,20261118.0,41100.0,Call,-,-,-,-,6790,-,-,0,0,0,0,-,6820,-,-
TXO,202611,20261118.0,41100.0,Put,-,-,-,-,381,-,-,0,0,0,1,371,395,425,425
TXO,202611,20261118.0,41200.0,Call,-,-,-,-,6700,-,-,0,0,0,0,6650,6740,-,-
TXO,202611,20261118.0,41200.0,Put,-,-,-,-,393,-,-,0,0,0,0,383,407,-,-
TXO,202611,20261118.0,41300.0,Call,-,-,-,-,6610,-,-,0,0,0,0,6570,6650,-,-
TXO,202611,20261118.0,41300.0,Put,-,-,-,-,406,-,-,0,0,0,0,395,420,-,-
TXO,202611,20261118.0,41400.0,Call,-,-,-,-,6520,-,-,0,0,0,0,6480,6560,-,-
TXO,202611,20261118.0,41400.0,Put,-,-,-,-,418,-,-,0,0,0,0,407,432,-,-
TXO,202611,20261118.0,41500.0,Call,-,-,-,-,6440,-,-,0,0,0,0,6390,6480,-,-
TXO,202611,20261118.0,41500.0,Put,-,-,-,-,431,-,-,0,0,0,5,420,446,1040,595
TXO,202611,20261118.0,41600.0,Call,-,-,-,-,6350,-,-,0,0,0,0,-,6410,-,-
TXO,202611,20261118.0,41600.0,Put,-,-,-,-,444,-,-,0,0,0,0,433,459,-,-
TXO,202611,20261118.0,41700.0,Call,-,-,-,-,6260,-,-,0,0,0,0,-,6320,-,-
TXO,202611,20261118.0,41700.0,Put,-,-,-,-,457,-,-,0,0,0,0,446,472,-,-
TXO,202611,20261118.0,41800.0,Call,-,-,-,-,6180,-,-,0,0,0,0,6130,6220,-,-
TXO,202611,20261118.0,41800.0,Put,-,-,-,-,471,-,-,0,0,0,0,460,486,-,-
TXO,202611,20261118.0,41900.0,Call,-,-,-,-,6100,-,-,0,0,0,0,6050,6130,-,-
TXO,202611,20261118.0,41900.0,Put,-,-,-,-,488,-,-,0,0,0,1,474,505,560,560
TXO,202611,20261118.0,42000.0,Call,-,-,-,-,6010,-,-,0,0,0,0,5960,6050,-,-
TXO,202611,20261118.0,42000.0,Put,-,-,-,-,505,-,-,1,0,1,9,489,520,750,435
TXO,202611,20261118.0,42100.0,Call,-,-,-,-,5920,-,-,0,0,0,0,5880,5960,-,-
TXO,202611,20261118.0,42100.0,Put,-,-,-,-,515,-,-,0,0,0,1,500,530,515,515
TXO,202611,20261118.0,42200.0,Call,-,-,-,-,5840,-,-,0,0,0,0,5790,5880,-,-
TXO,202611,20261118.0,42200.0,Put,-,-,-,-,530,-,-,0,0,0,0,515,550,-,-
TXO,202611,20261118.0,42300.0,Call,-,-,-,-,5750,-,-,0,0,0,0,5710,5790,-,-
TXO,202611,20261118.0,42300.0,Put,-,-,-,-,545,-,-,0,0,0,0,530,565,-,-
TXO,202611,20261118.0,42400.0,Call,-,-,-,-,5670,-,-,0,0,0,0,5630,5710,-,-
TXO,202611,20261118.0,42400.0,Put,-,-,-,-,565,-,-,0,0,0,0,550,580,-,-
TXO,202611,20261118.0,42500.0,Call,-,-,-,-,5590,-,-,0,0,0,0,5540,5630,-,-
TXO,202611,20261118.0,42500.0,Put,545,545,545,545,580,▼-55,▼-9.17%,0,5,5,6,565,600,610,475
TXO,202611,20261118.0,42600.0,Call,-,-,-,-,5510,-,-,0,0,0,0,5460,5540,-,-
TXO,202611,20261118.0,42600.0,Put,-,-,-,-,595,-,-,0,0,0,0,580,615,605,605
TXO,202611,20261118.0,42700.0,Call,-,-,-,-,5430,-,-,0,0,0,0,-,5460,-,-
TXO,202611,20261118.0,42700.0,Put,-,-,-,-,615,-,-,0,0,0,0,600,635,1620,915
TXO,202611,20261118.0,42800.0,Call,-,-,-,-,5340,-,-,0,0,0,0,5300,5380,-,-
TXO,202611,20261118.0,42800.0,Put,-,-,-,-,630,-,-,0,0,0,0,615,650,-,-
TXO,202611,20261118.0,42900.0,Call,-,-,-,-,5260,-,-,0,0,0,0,5220,5300,-,-
TXO,202611,20261118.0,42900.0,Put,-,-,-,-,650,-,-,0,0,0,0,635,670,-,-
TXO,202611,20261118.0,43000.0,Call,-,-,-,-,5180,-,-,0,0,0,0,5130,5220,-,-
TXO,202611,20261118.0,43000.0,Put,-,-,-,-,670,-,-,0,0,0,0,655,690,730,545
TXO,202611,20261118.0,43100.0,Call,-,-,-,-,5100,-,-,0,0,0,0,5050,5140,-,-
TXO,202611,20261118.0,43100.0,Put,-,-,-,-,690,-,-,0,0,0,0,675,710,-,-
TXO,202611,20261118.0,43200.0,Call,-,-,-,-,5020,-,-,0,0,0,0,4970,5060,-,-
TXO,202611,20261118.0,43200.0,Put,-,-,-,-,710,-,-,0,0,0,0,695,730,-,-
TXO,202611,20261118.0,43300.0,Call,-,-,-,-,4940,-,-,0,0,0,0,-,4980,-,-
TXO,202611,20261118.0,43300.0,Put,-,-,-,-,730,-,-,0,0,0,2,715,750,1040,670
TXO,202611,20261118.0,43400.0,Call,-,-,-,-,4860,-,-,0,0,0,0,4820,4900,-,-
TXO,202611,20261118.0,43400.0,Put,-,-,-,-,750,-,-,0,0,0,0,735,770,-,-
TXO,202611,20261118.0,43500.0,Call,-,-,-,-,4790,-,-,0,0,0,0,4740,4820,-,-
TXO,202611,20261118.0,43500.0,Put,-,-,-,-,770,-,-,0,0,0,0,755,795,1070,780
TXO,202611,20261118.0,43600.0,Call,-,-,-,-,4710,-,-,0,0,0,0,-,4740,-,-
TXO,202611,20261118.0,43600.0,Put,-,-,-,-,790,-,-,0,0,0,1,775,815,1070,1070
TXO,202611,20261118.0,43700.0,Call,-,-,-,-,4630,-,-,0,0,0,0,4580,4670,-,-
TXO,202611,20261118.0,43700.0,Put,-,-,-,-,815,-,-,0,0,0,0,800,840,-,-
TXO,202611,20261118.0,43800.0,Call,-,-,-,-,4550,-,-,0,0,0,0,4510,4590,-,-
TXO,202611,20261118.0,43800.0,Put,-,-,-,-,840,-,-,0,0,0,0,825,860,920,850
TXO,202611,20261118.0,43900.0,Call,-,-,-,-,4480,-,-,0,0,0,0,4430,4530,-,-
TXO,202611,20261118.0,43900.0,Put,-,-,-,-,860,-,-,0,0,0,5,845,885,1930,830
TXO,202611,20261118.0,44000.0,Call,-,-,-,-,4400,-,-,0,0,0,0,4350,4440,-,-
TXO,202611,20261118.0,44000.0,Put,-,-,-,-,885,-,-,0,0,0,1,870,910,2100,775
TXO,202611,20261118.0,44100.0,Call,-,-,-,-,4330,-,-,0,0,0,0,4280,4360,-,-
TXO,202611,20261118.0,44100.0,Put,-,-,-,-,910,-,-,0,0,0,0,895,935,910,815
TXO,202611,20261118.0,44200.0,Call,-,-,-,-,4250,-,-,0,0,0,0,4200,4290,-,-
TXO,202611,20261118.0,44200.0,Put,-,-,-,-,935,-,-,0,0,0,1,920,960,1280,1280
TXO,202611,20261118.0,44300.0,Call,-,-,-,-,4180,-,-,0,0,0,0,4130,4220,-,-
TXO,202611,20261118.0,44300.0,Put,-,-,-,-,960,-,-,1,0,1,2,945,985,1870,970
TXO,202611,20261118.0,44400.0,Call,-,-,-,-,4100,-,-,0,0,0,0,4060,4140,-,-
TXO,202611,20261118.0,44400.0,Put,-,-,-,-,985,-,-,0,0,0,0,970,1010,-,-
TXO,202611,20261118.0,44500.0,Call,-,-,-,-,4030,-,-,0,0,0,0,3980,4070,-,-
TXO,202611,20261118.0,44500.0,Put,-,-,-,-,1020,-,-,0,0,0,0,985,1030,1230,920
TXO,202611,20261118.0,44600.0,Call,-,-,-,-,3960,-,-,0,0,0,0,3910,4000,-,-
TXO,202611,20261118.0,44600.0,Put,-,-,-,-,1040,-,-,0,0,0,2,1020,1070,1200,1050
TXO,202611,20261118.0,44700.0,Call,-,-,-,-,3890,-,-,0,0,0,0,3840,3930,-,-
TXO,202611,20261118.0,44700.0,Put,-,-,-,-,1070,-,-,0,0,0,0,1040,1090,2040,1090
TXO,202611,20261118.0,44800.0,Call,-,-,-,-,3820,-,-,0,0,0,0,-,3880,-,-
TXO,202611,20261118.0,44800.0,Put,-,-,-,-,1100,-,-,0,0,0,0,1070,1120,-,-
TXO,202611,20261118.0,44900.0,Call,-,-,-,-,3750,-,-,0,0,0,0,3720,3800,-,-
TXO,202611,20261118.0,44900.0,Put,-,-,-,-,1130,-,-,0,0,0,0,1100,1140,-,-
TXO,202611,20261118.0,45000.0,Call,-,-,-,-,3680,-,-,0,0,0,2,3640,3710,3740,2760
TXO,202611,20261118.0,45000.0,Put,1150,1150,1150,1150,1150,▼-60,▼-4.96%,0,1,1,5,1140,1180,2580,1030
TXO,202611,20261118.0,45100.0,Call,-,-,-,-,3610,-,-,0,0,0,0,3570,3640,-,-
TXO,202611,20261118.0,45100.0,Put,-,-,-,-,1190,-,-,0,0,0,0,1160,1200,-,-
TXO,202611,20261118.0,45200.0,Call,-,-,-,-,3540,-,-,0,0,0,0,3500,3570,-,-
TXO,202611,20261118.0,45200.0,Put,-,-,-,-,1220,-,-,0,0,0,0,1190,1230,-,-
TXO,202611,20261118.0,45300.0,Call,-,-,-,-,3470,-,-,0,0,0,0,3430,3500,-,-
TXO,202611,20261118.0,45300.0,Put,-,-,-,-,1250,-,-,0,0,0,15,1220,1270,1260,1160
TXO,202611,20261118.0,45400.0,Call,-,-,-,-,3410,-,-,0,0,0,0,3380,3450,-,-
TXO,202611,20261118.0,45400.0,Put,-,-,-,-,1290,-,-,0,0,0,10,1250,1300,2790,1190
TXO,202611,20261118.0,45500.0,Call,-,-,-,-,3340,-,-,0,0,0,1,3300,3360,3240,3240
TXO,202611,20261118.0,45500.0,Put,-,-,-,-,1320,-,-,0,0,0,20,1290,1330,2800,1220
TXO,202611,20261118.0,45600.0,Call,-,-,-,-,3280,-,-,0,0,0,0,3230,3290,-,-
TXO,202611,20261118.0,45600.0,Put,-,-,-,-,1360,-,-,0,0,0,2,1330,1380,1760,1200
TXO,202611,20261118.0,45700.0,Call,-,-,-,-,3210,-,-,0,0,0,0,3180,3240,-,-
TXO,202611,20261118.0,45700.0,Put,-,-,-,-,1390,-,-,0,0,0,21,1350,1400,1880,1370
TXO,202611,20261118.0,45800.0,Call,-,-,-,-,3140,-,-,0,0,0,0,3110,3170,-,-
TXO,202611,20261118.0,45800.0,Put,-,-,-,-,1420,-,-,0,0,0,20,1390,1440,1430,1350
TXO,202611,20261118.0,45900.0,Call,-,-,-,-,3080,-,-,0,0,0,0,3050,3110,-,-
TXO,202611,20261118.0,45900.0,Put,-,-,-,-,1460,-,-,0,0,0,21,1420,1470,1810,1280
TXO,202611,20261118.0,46000.0,Call,-,-,-,-,3010,-,-,0,0,0,3,2990,3050,3130,2210
TXO,202611,20261118.0,46000.0,Put,-,-,-,-,1490,-,-,0,0,0,6,1460,1510,2800,1300
TXO,202611,20261118.0,46100.0,Call,-,-,-,-,2950,-,-,0,0,0,1,2920,2980,2540,2540
TXO,202611,20261118.0,46100.0,Put,-,-,-,-,1530,-,-,0,0,0,0,1510,1550,-,-
TXO,202611,20261118.0,46200.0,Call,-,-,-,-,2890,-,-,0,0,0,1,2860,2920,2680,2680
TXO,202611,20261118.0,46200.0,Put,-,-,-,-,1570,-,-,0,0,0,0,1530,1580,-,-
TXO,202611,20261118.0,46300.0,Call,-,-,-,-,2830,-,-,0,0,0,0,2800,2860,-,-
TXO,202611,20261118.0,46300.0,Put,-,-,-,-,1610,-,-,0,0,0,0,1570,1620,-,-
TXO,202611,20261118.0,46400.0,Call,-,-,-,-,2770,-,-,0,0,0,0,2740,2800,-,-
TXO,202611,20261118.0,46400.0,Put,-,-,-,-,1650,-,-,0,0,0,0,1610,1660,-,-
TXO,202611,20261118.0,46500.0,Call,-,-,-,-,2710,-,-,0,0,0,13,2680,2740,2220,1960
TXO,202611,20261118.0,46500.0,Put,-,-,-,-,1690,-,-,0,0,0,12,1650,1700,1870,1840
TXO,202611,20261118.0,46600.0,Call,-,-,-,-,2650,-,-,0,0,0,0,2620,2680,2250,2230
TXO,202611,20261118.0,46600.0,Put,-,-,-,-,1730,-,-,0,0,0,0,1690,1740,-,-
TXO,202611,20261118.0,46700.0,Call,-,-,-,-,2590,-,-,0,0,0,0,2560,2620,-,-
TXO,202611,20261118.0,46700.0,Put,-,-,-,-,1770,-,-,0,0,0,0,1730,1780,-,-
TXO,202611,20261118.0,46800.0,Call,-,-,-,-,2530,-,-,0,0,0,2,2500,2560,2620,1620
TXO,202611,20261118.0,46800.0,Put,-,-,-,-,1810,-,-,0,0,0,6,1770,1830,2520,1840
TXO,202611,20261118.0,46900.0,Call,-,-,-,-,2470,-,-,0,0,0,0,2440,2500,-,-
TXO,202611,20261118.0,46900.0,Put,-,-,-,-,1850,-,-,0,0,0,1,1830,1880,1840,1690
TXO,202611,20261118.0,47000.0,Call,-,-,-,-,2420,-,-,0,0,0,3,2390,2450,2110,1620
TXO,202611,20261118.0,47000.0,Put,-,-,-,-,1890,-,-,0,0,0,5,1850,1910,3820,2040
TXO,202611,20261118.0,47100.0,Call,2330,2330,2330,2330,2360,▲+100,▲+4.48%,0,1,1,1,2330,2390,2330,2330
TXO,202611,20261118.0,47100.0,Put,1900,1900,1900,1900,1940,▼-120,▼-5.94%,0,1,1,1,1900,1950,1900,1900
TXO,202611,20261118.0,47200.0,Call,2340,2340,2340,2340,2310,▲+170,▲+7.83%,0,1,1,1,2270,2330,2340,2340
TXO,202611,20261118.0,47200.0,Put,1840,1840,1840,1840,1980,▼-220,▼-10.68%,0,1,1,4,1940,2000,1980,1810
TXO,202611,20261118.0,47300.0,Call,2300,2300,2300,2300,2260,▲+180,▲+8.49%,0,1,1,1,2220,2280,2300,2300
TXO,202611,20261118.0,47300.0,Put,1900,1900,1900,1900,2030,▼-210,▼-9.95%,0,1,1,1,1990,2040,1900,1900
TXO,202611,20261118.0,47400.0,Call,-,-,-,-,2210,-,-,0,0,0,1,2170,2230,2240,2240
TXO,202611,20261118.0,47400.0,Put,2020,2020,2020,2020,2080,▼-130,▼-6.05%,0,1,1,1,2040,2090,2020,2020
TXO,202611,20261118.0,47500.0,Call,2310,2310,2310,2310,2150,▲+300,▲+14.93%,0,1,1,18,2110,2170,2310,1780
TXO,202611,20261118.0,47500.0,Put,1980,1980,1980,1980,2120,▼-220,▼-10.00%,0,1,1,5,2090,2150,2730,1980
TXO,202611,20261118.0,47600.0,Call,-,-,-,-,2100,-,-,0,0,0,0,2060,2120,-,-
TXO,202611,20261118.0,47600.0,Put,-,-,-,-,2170,-,-,0,0,0,0,2130,2190,-,-
TXO,202611,20261118.0,47700.0,Call,-,-,-,-,2030,-,-,0,0,0,0,2010,2070,2140,1950
TXO,202611,20261118.0,47700.0,Put,-,-,-,-,2200,-,-,0,0,0,0,2180,2240,-,-
TXO,202611,20261118.0,47800.0,Call,-,-,-,-,1980,-,-,0,0,0,0,1960,2020,-,-
TXO,202611,20261118.0,47800.0,Put,-,-,-,-,2250,-,-,0,0,0,0,2230,2290,-,-
TXO,202611,20261118.0,47900.0,Call,-,-,-,-,1940,-,-,0,0,0,5,1920,1970,1600,1600
TXO,202611,20261118.0,47900.0,Put,-,-,-,-,2310,-,-,0,0,0,0,2260,2360,-,-
TXO,202611,20261118.0,48000.0,Call,1870,1870,1850,1850,1890,▲+70,▲+3.93%,4,2,6,38,1870,1920,1950,1250
TXO,202611,20261118.0,48000.0,Put,-,-,-,-,2360,-,-,0,0,0,4,2320,2410,4280,2400
TXO,202611,20261118.0,48100.0,Call,-,-,-,-,1850,-,-,0,0,0,0,1810,1870,-,-
TXO,202611,20261118.0,48100.0,Put,-,-,-,-,2420,-,-,0,0,0,0,2370,2450,-,-
TXO,202611,20261118.0,48200.0,Call,-,-,-,-,1790,-,-,0,0,0,0,1770,1830,-,-
TXO,202611,20261118.0,48200.0,Put,-,-,-,-,2460,-,-,0,0,0,0,2400,2500,-,-
TXO,202611,20261118.0,48300.0,Call,-,-,-,-,1740,-,-,0,0,0,0,1730,1780,-,-
TXO,202611,20261118.0,48300.0,Put,-,-,-,-,2510,-,-,0,0,0,0,2480,2570,-,-
TXO,202611,20261118.0,48400.0,Call,-,-,-,-,1700,-,-,0,0,0,4,1670,1720,1790,1700
TXO,202611,20261118.0,48400.0,Put,-,-,-,-,2570,-,-,0,0,0,0,2530,2610,-,-
TXO,202611,20261118.0,48500.0,Call,-,-,-,-,1660,-,-,0,0,0,0,1640,1690,1280,1140
TXO,202611,20261118.0,48500.0,Put,-,-,-,-,2630,-,-,0,0,0,0,2590,2670,-,-
TXO,202611,20261118.0,48600.0,Call,-,-,-,-,1620,-,-,0,0,0,0,1590,1640,-,-
TXO,202611,20261118.0,48600.0,Put,-,-,-,-,2690,-,-,0,0,0,0,2640,2730,-,-
TXO,202611,20261118.0,48700.0,Call,-,-,-,-,1560,-,-,0,0,0,0,1550,1600,-,-
TXO,202611,20261118.0,48700.0,Put,-,-,-,-,2730,-,-,0,0,0,0,2700,2780,-,-
TXO,202611,20261118.0,48800.0,Call,-,-,-,-,1520,-,-,0,0,0,2,1510,1560,1500,1040
TXO,202611,20261118.0,48800.0,Put,-,-,-,-,2790,-,-,0,0,0,0,2760,2830,-,-
TXO,202611,20261118.0,48900.0,Call,-,-,-,-,1480,-,-,0,0,0,0,1470,1520,-,-
TXO,202611,20261118.0,48900.0,Put,-,-,-,-,2840,-,-,0,0,0,0,2810,2900,-,-
TXO,202611,20261118.0,49000.0,Call,-,-,-,-,1440,-,-,0,0,0,2,1420,1470,970,950
TXO,202611,20261118.0,49000.0,Put,-,-,-,-,2900,-,-,0,0,0,4,2870,2950,4900,3640
TXO,202611,20261118.0,49100.0,Call,1410,1410,1410,1410,1410,▲+110,▲+8.46%,0,1,1,1,1380,1430,1410,1410
TXO,202611,20261118.0,49100.0,Put,-,-,-,-,2970,-,-,0,0,0,0,2930,3020,-,-
TXO,202611,20261118.0,49200.0,Call,-,-,-,-,1360,-,-,0,0,0,2,1330,1380,1050,920
TXO,202611,20261118.0,49200.0,Put,-,-,-,-,3030,-,-,0,0,0,0,2990,3080,-,-
TXO,202611,20261118.0,49300.0,Call,-,-,-,-,1320,-,-,0,0,0,0,1290,1340,-,-
TXO,202611,20261118.0,49300.0,Put,-,-,-,-,3080,-,-,0,0,0,0,3050,3140,-,-
TXO,202611,20261118.0,49400.0,Call,-,-,-,-,1280,-,-,0,0,0,0,1270,1320,-,-
TXO,202611,20261118.0,49400.0,Put,-,-,-,-,3150,-,-,0,0,0,0,3100,3200,-,-
TXO,202611,20261118.0,49500.0,Call,-,-,-,-,1240,-,-,0,0,0,0,1230,1280,1160,1120
TXO,202611,20261118.0,49500.0,Put,-,-,-,-,3210,-,-,0,0,0,0,3170,3250,-,-
TXO,202611,20261118.0,49600.0,Call,-,-,-,-,1200,-,-,0,0,0,0,1190,1240,-,-
TXO,202611,20261118.0,49600.0,Put,-,-,-,-,3270,-,-,0,0,0,0,3220,-,-,-
TXO,202611,20261118.0,49700.0,Call,-,-,-,-,1170,-,-,0,0,0,0,1160,1210,1220,1190
TXO,202611,20261118.0,49700.0,Put,-,-,-,-,3340,-,-,0,0,0,0,3300,3390,-,-
TXO,202611,20261118.0,49800.0,Call,-,-,-,-,1130,-,-,0,0,0,0,1120,1170,-,-
TXO,202611,20261118.0,49800.0,Put,-,-,-,-,3400,-,-,0,0,0,0,3360,3440,-,-
TXO,202611,20261118.0,49900.0,Call,-,-,-,-,1100,-,-,0,0,0,0,1070,1120,-,-
TXO,202611,20261118.0,49900.0,Put,-,-,-,-,3460,-,-,0,0,0,0,3430,3520,-,-
TXO,202611,20261118.0,50000.0,Call,-,-,-,-,1060,-,-,0,0,0,22,1050,1100,1050,655
TXO,202611,20261118.0,50000.0,Put,-,-,-,-,3530,-,-,0,0,0,0,3470,-,5850,4670
TXO,202611,20261118.0,50100.0,Call,-,-,-,-,1030,-,-,0,0,0,0,1020,1070,-,-
TXO,202611,20261118.0,50100.0,Put,-,-,-,-,3600,-,-,0,0,0,0,3560,3650,-,-
TXO,202611,20261118.0,50200.0,Call,-,-,-,-,1000,-,-,0,0,0,0,975,1020,-,-
TXO,202611,20261118.0,50200.0,Put,-,-,-,-,3670,-,-,0,0,0,0,3630,3720,-,-
TXO,202611,20261118.0,50300.0,Call,-,-,-,-,965,-,-,0,0,0,6,960,1000,895,605
TXO,202611,20261118.0,50300.0,Put,-,-,-,-,3730,-,-,0,0,0,0,3700,-,-,-
TXO,202611,20261118.0,50400.0,Call,-,-,-,-,935,-,-,0,0,0,0,930,970,610,580
TXO,202611,20261118.0,50400.0,Put,-,-,-,-,3800,-,-,0,0,0,0,3770,3850,-,-
TXO,202611,20261118.0,50500.0,Call,-,-,-,-,910,-,-,0,0,0,5,900,940,770,550
TXO,202611,20261118.0,50500.0,Put,-,-,-,-,3870,-,-,0,0,0,0,3840,3920,-,-
TXO,202611,20261118.0,50600.0,Call,-,-,-,-,880,-,-,0,0,0,5,870,910,810,745
TXO,202611,20261118.0,50600.0,Put,-,-,-,-,3940,-,-,0,0,0,0,3910,3990,-,-
TXO,202611,20261118.0,50700.0,Call,-,-,-,-,850,-,-,0,0,0,5,840,880,820,625
TXO,202611,20261118.0,50700.0,Put,-,-,-,-,4010,-,-,0,0,0,0,3960,4070,-,-
TXO,202611,20261118.0,50800.0,Call,-,-,-,-,825,-,-,0,0,0,5,815,855,690,585
TXO,202611,20261118.0,50800.0,Put,-,-,-,-,4090,-,-,0,0,0,0,4050,4140,-,-
TXO,202611,20261118.0,50900.0,Call,-,-,-,-,795,-,-,0,0,0,5,785,825,800,620
TXO,202611,20261118.0,50900.0,Put,-,-,-,-,4160,-,-,0,0,0,0,4130,4210,-,-
TXO,202611,20261118.0,51000.0,Call,-,-,-,-,770,-,-,0,0,0,12,760,800,780,443
TXO,202611,20261118.0,51000.0,Put,-,-,-,-,4230,-,-,0,0,0,0,4200,4280,-,-
TXO,202611,20261118.0,51100.0,Call,-,-,-,-,745,-,-,1,0,1,5,735,775,630,400
TXO,202611,20261118.0,51100.0,Put,-,-,-,-,4300,-,-,0,0,0,0,4270,4360,-,-
TXO,202611,20261118.0,51200.0,Call,-,-,-,-,720,-,-,0,0,0,5,710,750,610,610
TXO,202611,20261118.0,51200.0,Put,-,-,-,-,4380,-,-,0,0,0,0,4330,4430,-,-
TXO,202611,20261118.0,51300.0,Call,-,-,-,-,695,-,-,0,0,0,5,685,725,590,590
TXO,202611,20261118.0,51300.0,Put,-,-,-,-,4460,-,-,0,0,0,0,4420,4510,-,-
TXO,202611,20261118.0,51400.0,Call,-,-,-,-,670,-,-,1,0,1,6,660,700,580,575
TXO,202611,20261118.0,51400.0,Put,-,-,-,-,4530,-,-,0,0,0,0,4500,4580,-,-
TXO,202611,20261118.0,51500.0,Call,750,750,640,640,640,▲+40,▲+6.67%,0,3,3,9,625,665,750,421
TXO,202611,20261118.0,51500.0,Put,-,-,-,-,4610,-,-,0,0,0,0,4580,4660,-,-
TXO,202611,20261118.0,51600.0,Call,-,-,-,-,625,-,-,0,0,0,5,615,655,540,540
TXO,202611,20261118.0,51600.0,Put,-,-,-,-,4680,-,-,0,0,0,0,4650,4740,-,-
TXO,202611,20261118.0,51700.0,Call,-,-,-,-,605,-,-,0,0,0,4,590,620,555,311
TXO,202611,20261118.0,51700.0,Put,-,-,-,-,4760,-,-,0,0,0,0,4730,4820,-,-
TXO,202611,20261118.0,51800.0,Call,-,-,-,-,580,-,-,0,0,0,2,570,600,515,316
TXO,202611,20261118.0,51800.0,Put,-,-,-,-,4840,-,-,0,0,0,0,4810,4890,-,-
TXO,202611,20261118.0,51900.0,Call,-,-,-,-,560,-,-,0,0,0,3,555,590,510,310
TXO,202611,20261118.0,51900.0,Put,-,-,-,-,4920,-,-,0,0,0,0,4890,-,-,-
TXO,202611,20261118.0,52000.0,Call,-,-,-,-,545,-,-,0,0,0,9,535,565,560,272
TXO,202611,20261118.0,52000.0,Put,-,-,-,-,5000,-,-,0,0,0,0,4940,-,-,-
TXO,202611,20261118.0,52100.0,Call,-,-,-,-,525,-,-,0,0,0,16,515,545,475,272
TXO,202611,20261118.0,52100.0,Put,-,-,-,-,5080,-,-,0,0,0,0,5020,5130,-,-
TXO,202611,20261118.0,52200.0,Call,-,-,-,-,505,-,-,0,0,0,1,487,520,387,387
TXO,202611,20261118.0,52200.0,Put,-,-,-,-,5160,-,-,0,0,0,0,5130,5210,-,-
TXO,202611,20261118.0,52300.0,Call,-,-,-,-,486,-,-,0,0,0,2,479,510,343,318
TXO,202611,20261118.0,52300.0,Put,-,-,-,-,5240,-,-,0,0,0,0,5210,5300,-,-
TXO,202611,20261118.0,52400.0,Call,-,-,-,-,469,-,-,0,0,0,0,462,491,-,-
TXO,202611,20261118.0,52400.0,Put,-,-,-,-,5330,-,-,0,0,0,0,5290,5380,-,-
TXO,202611,20261118.0,52500.0,Call,-,-,-,-,452,-,-,0,0,0,7,436,464,400,252
TXO,202611,20261118.0,52500.0,Put,-,-,-,-,5410,-,-,0,0,0,0,5360,5460,-,-
TXO,202611,20261118.0,52600.0,Call,-,-,-,-,436,-,-,0,0,0,0,429,456,-,-
TXO,202611,20261118.0,52600.0,Put,-,-,-,-,5490,-,-,0,0,0,0,5460,5540,-,-
TXO,202611,20261118.0,52700.0,Call,-,-,-,-,421,-,-,0,0,0,0,413,440,373,373
TXO,202611,20261118.0,52700.0,Put,-,-,-,-,5580,-,-,0,0,0,0,5540,5630,-,-
TXO,202611,20261118.0,52800.0,Call,426,426,426,426,407,▲+56,▲+15.14%,0,1,1,4,398,424,450,285
TXO,202611,20261118.0,52800.0,Put,-,-,-,-,5660,-,-,0,0,0,0,5630,-,-,-
TXO,202611,20261118.0,52900.0,Call,-,-,-,-,393,-,-,0,0,0,4,375,401,389,222
TXO,202611,20261118.0,52900.0,Put,-,-,-,-,5750,-,-,0,0,0,0,5710,5800,-,-
TXO,202611,20261118.0,53000.0,Call,392,420,392,420,380,▲+76,▲+22.09%,1,6,7,6,365,391,420,358
TXO,202611,20261118.0,53000.0,Put,-,-,-,-,5830,-,-,0,0,0,0,5800,-,-,-
TXO,202611,20261118.0,53100.0,Call,-,-,-,-,362,-,-,0,0,0,0,348,372,-,-
TXO,202611,20261118.0,53100.0,Put,-,-,-,-,5920,-,-,0,0,0,0,5880,5970,-,-
TXO,202611,20261118.0,53200.0,Call,-,-,-,-,348,-,-,0,0,0,2,334,359,246,246
TXO,202611,20261118.0,53200.0,Put,-,-,-,-,6000,-,-,0,0,0,0,5970,-,-,-
TXO,202611,20261118.0,53300.0,Call,-,-,-,-,336,-,-,0,0,0,5,322,346,335,187
TXO,202611,20261118.0,53300.0,Put,-,-,-,-,6090,-,-,0,0,0,0,6040,6140,-,-
TXO,202611,20261118.0,53400.0,Call,-,-,-,-,324,-,-,0,0,0,0,310,333,-,-
TXO,202611,20261118.0,53400.0,Put,-,-,-,-,6180,-,-,0,0,0,0,6140,6230,-,-
TXO,202611,20261118.0,53500.0,Call,-,-,-,-,312,-,-,0,0,0,0,298,321,-,-
TXO,202611,20261118.0,53500.0,Put,-,-,-,-,6260,-,-,0,0,0,0,6230,6320,-,-
TXO,202611,20261118.0,53600.0,Call,-,-,-,-,301,-,-,0,0,0,1,287,309,238,238
TXO,202611,20261118.0,53600.0,Put,-,-,-,-,6350,-,-,0,0,0,0,6320,-,-,-
TXO,202611,20261118.0,53700.0,Call,-,-,-,-,290,-,-,0,0,0,0,276,298,-,-
TXO,202611,20261118.0,53700.0,Put,-,-,-,-,6440,-,-,0,0,0,0,6380,6490,-,-
TXO,202611,20261118.0,53800.0,Call,-,-,-,-,280,-,-,0,0,0,0,265,287,-,-
TXO,202611,20261118.0,53800.0,Put,-,-,-,-,6530,-,-,0,0,0,0,6480,6580,-,-
TXO,202611,20261118.0,53900.0,Call,-,-,-,-,270,-,-,0,0,0,0,255,276,-,-
TXO,202611,20261118.0,53900.0,Put,-,-,-,-,6620,-,-,0,0,0,0,6590,6670,-,-
TXO,202611,20261118.0,54000.0,Call,271,299,271,299,260,▲+64,▲+27.23%,2,4,6,12,250,271,299,161
TXO,202611,20261118.0,54000.0,Put,-,-,-,-,6710,-,-,0,0,0,0,6650,6760,-,-
TXO,202611,20261118.0,54100.0,Call,-,-,-,-,249,-,-,0,0,0,0,236,256,-,-
TXO,202611,20261118.0,54100.0,Put,-,-,-,-,6800,-,-,0,0,0,0,6740,6850,-,-
TXO,202611,20261118.0,54200.0,Call,-,-,-,-,238,-,-,1,0,1,1,227,247,235,235
TXO,202611,20261118.0,54200.0,Put,-,-,-,-,6890,-,-,0,0,0,0,6860,6940,-,-
TXO,202611,20261118.0,54300.0,Call,-,-,-,-,229,-,-,0,0,0,4,218,238,240,238
TXO,202611,20261118.0,54300.0,Put,-,-,-,-,6980,-,-,0,0,0,0,6920,7030,-,-
TXO,202611,20261118.0,54400.0,Call,-,-,-,-,221,-,-,0,0,0,0,210,229,-,-
TXO,202611,20261118.0,54400.0,Put,-,-,-,-,7070,-,-,0,0,0,0,7040,7120,-,-
TXO,202611,20261118.0,54500.0,Call,228,230,220,220,220,0,0%,1,6,7,10,203,221,230,200
TXO,202611,20261118.0,54500.0,Put,-,-,-,-,7160,-,-,0,0,0,0,7130,7210,-,-
TXO,202612,20261216.0,25200.0,Call,-,-,-,-,22370,-,-,0,0,0,2,22320,22630,22620,13580
TXO,202612,20261216.0,25200.0,Put,32,36.5,32,36.5,36.5,▲+1.5,▲+4.29%,4,2,6,166,32,37,985,28.5
TXO,202612,20261216.0,25400.0,Call,-,-,-,-,22170,-,-,0,0,0,0,22080,22400,-,-
TXO,202612,20261216.0,25400.0,Put,-,-,-,-,38,-,-,0,0,0,6,18.5,-,610,84
TXO,202612,20261216.0,25600.0,Call,-,-,-,-,21980,-,-,0,0,0,0,21890,22170,-,-
TXO,202612,20261216.0,25600.0,Put,-,-,-,-,39,-,-,0,0,0,12,-,-,750,86
TXO,202612,20261216.0,25800.0,Call,-,-,-,-,21780,-,-,0,0,0,0,21690,21980,-,-
TXO,202612,20261216.0,25800.0,Put,-,-,-,-,40.5,-,-,0,0,0,6,-,-,505,75
TXO,202612,20261216.0,26000.0,Call,-,-,-,-,21580,-,-,0,0,0,1,21490,21810,17230,7550
TXO,202612,20261216.0,26000.0,Put,-,-,-,-,41.5,-,-,0,0,0,87,0.7,-,1390,38
TXO,202612,20261216.0,26200.0,Call,-,-,-,-,21380,-,-,0,0,0,0,21290,21550,-,-
TXO,202612,20261216.0,26200.0,Put,-,-,-,-,42.5,-,-,0,0,0,7,-,-,1430,49
TXO,202612,20261216.0,26400.0,Call,-,-,-,-,21180,-,-,0,0,0,0,21100,21410,-,-
TXO,202612,20261216.0,26400.0,Put,-,-,-,-,43.5,-,-,0,0,0,13,-,143,1250,80
TXO,202612,20261216.0,26600.0,Call,-,-,-,-,20990,-,-,0,0,0,0,20900,21150,-,-
TXO,202612,20261216.0,26600.0,Put,-,-,-,-,44.5,-,-,0,0,0,1,-,-,765,64
TXO,202612,20261216.0,26800.0,Call,-,-,-,-,20790,-,-,0,0,0,0,20700,20950,-,-
TXO,202612,20261216.0,26800.0,Put,-,-,-,-,46,-,-,0,0,0,3,-,-,1500,57
TXO,202612,20261216.0,27000.0,Call,-,-,-,-,20590,-,-,0,0,0,1,20540,20830,18990,7500
TXO,202612,20261216.0,27000.0,Put,-,-,-,-,47,-,-,0,0,0,7,-,-,1590,88
TXO,202612,20261216.0,27200.0,Call,-,-,-,-,20390,-,-,0,0,0,0,20300,20600,-,-
TXO,202612,20261216.0,27200.0,Put,-,-,-,-,48,-,-,0,0,0,1,-,147,710,215
TXO,202612,20261216.0,27400.0,Call,-,-,-,-,20200,-,-,0,0,0,0,20110,20410,-,-
TXO,202612,20261216.0,27400.0,Put,-,-,-,-,49.5,-,-,0,0,0,16,-,-,1580,60
TXO,202612,20261216.0,27600.0,Call,-,-,-,-,20000,-,-,0,0,0,0,19910,20150,-,-
TXO,202612,20261216.0,27600.0,Put,-,-,-,-,51,-,-,0,0,0,2,-,150,1300,44.5
TXO,202612,20261216.0,27800.0,Call,-,-,-,-,19800,-,-,0,0,0,0,19710,19980,-,-
TXO,202612,20261216.0,27800.0,Put,-,-,-,-,52,-,-,0,0,0,11,-,-,1550,46
TXO,202612,20261216.0,28000.0,Call,-,-,-,-,19600,-,-,0,0,0,0,19520,19780,-,-
TXO,202612,20261216.0,28000.0,Put,-,-,-,-,53,-,-,0,0,0,18,-,152,1680,47
TXO,202612,20261216.0,28200.0,Call,-,-,-,-,19400,-,-,0,0,0,0,19320,19580,-,-
TXO,202612,20261216.0,28200.0,Put,-,-,-,-,54,-,-,0,0,0,8,-,153,1820,60
TXO,202612,20261216.0,28400.0,Call,-,-,-,-,19210,-,-,0,0,0,0,19120,19410,-,-
TXO,202612,20261216.0,28400.0,Put,-,-,-,-,56,-,-,0,0,0,4,-,155,1400,60
TXO,202612,20261216.0,28600.0,Call,-,-,-,-,19010,-,-,0,0,0,0,18930,19160,-,-
TXO,202612,20261216.0,28600.0,Put,-,-,-,-,57,-,-,0,0,0,4,-,-,1500,51
TXO,202612,20261216.0,28800.0,Call,-,-,-,-,18810,-,-,0,0,0,0,18730,18960,-,-
TXO,202612,20261216.0,28800.0,Put,-,-,-,-,58,-,-,0,0,0,6,-,157,1550,60
TXO,202612,20261216.0,29000.0,Call,-,-,-,-,18610,-,-,0,0,0,0,18530,18760,-,-
TXO,202612,20261216.0,29000.0,Put,-,-,-,-,60,-,-,0,0,0,3,-,-,1860,50
TXO,202612,20261216.0,29200.0,Call,-,-,-,-,18420,-,-,0,0,0,0,-,18610,-,-
TXO,202612,20261216.0,29200.0,Put,-,-,-,-,61,-,-,0,0,0,3,-,160,1860,260
TXO,202612,20261216.0,29400.0,Call,-,-,-,-,18220,-,-,0,0,0,0,18140,18380,-,-
TXO,202612,20261216.0,29400.0,Put,-,-,-,-,62,-,-,0,0,0,2,57,67,1700,146
TXO,202612,20261216.0,29600.0,Call,-,-,-,-,18020,-,-,0,0,0,0,17940,18180,-,-
TXO,202612,20261216.0,29600.0,Put,-,-,-,-,63,-,-,0,0,0,1,-,163,1650,241
TXO,202612,20261216.0,29800.0,Call,-,-,-,-,17820,-,-,0,0,0,0,17750,17980,11600,5120
TXO,202612,20261216.0,29800.0,Put,-,-,-,-,65,-,-,0,0,0,3,60,70,1700,128
TXO,202612,20261216.0,30000.0,Call,-,-,-,-,17630,-,-,0,0,0,0,-,17810,11910,4660
TXO,202612,20261216.0,30000.0,Put,-,-,-,-,66,-,-,0,0,0,67,61,71,1880,56
TXO,202612,20261216.0,30200.0,Call,-,-,-,-,17430,-,-,0,0,0,0,17350,17620,14870,4700
TXO,202612,20261216.0,30200.0,Put,-,-,-,-,68,-,-,0,0,0,2,62,73,715,98
TXO,202612,20261216.0,30400.0,Call,-,-,-,-,17230,-,-,0,0,0,0,17160,17420,-,-
TXO,202612,20261216.0,30400.0,Put,-,-,-,-,70,-,-,0,0,0,3,64,75,510,70
TXO,202612,20261216.0,30600.0,Call,-,-,-,-,17030,-,-,0,0,0,0,-,17180,-,-
TXO,202612,20261216.0,30600.0,Put,-,-,-,-,72,-,-,0,0,0,2,66,77,2010,67
TXO,202612,20261216.0,30800.0,Call,-,-,-,-,16840,-,-,0,0,0,0,16760,17020,-,-
TXO,202612,20261216.0,30800.0,Put,-,-,-,-,73,-,-,0,0,0,10,67,78,2700,107
TXO,202612,20261216.0,31000.0,Call,-,-,-,-,16640,-,-,0,0,0,0,16570,16770,-,-
TXO,202612,20261216.0,31000.0,Put,-,-,-,-,75,-,-,0,0,0,25,69,80,1220,71
TXO,202612,20261216.0,31200.0,Call,-,-,-,-,16440,-,-,0,0,0,0,16370,16620,4700,3750
TXO,202612,20261216.0,31200.0,Put,-,-,-,-,77,-,-,0,0,0,4,71,82,730,180
TXO,202612,20261216.0,31400.0,Call,-,-,-,-,16240,-,-,0,0,0,0,16170,16420,-,-
TXO,202612,20261216.0,31400.0,Put,-,-,-,-,78,-,-,0,0,0,1,72,83,198,198
TXO,202612,20261216.0,31600.0,Call,-,-,-,-,16050,-,-,0,0,0,0,-,16190,7950,5480
TXO,202612,20261216.0,31600.0,Put,-,-,-,-,80,-,-,0,0,0,1,74,85,1870,125
TXO,202612,20261216.0,31800.0,Call,-,-,-,-,15850,-,-,0,0,0,0,15780,15990,10560,5580
TXO,202612,20261216.0,31800.0,Put,-,-,-,-,82,-,-,0,0,0,1,76,87,200,150
TXO,202612,20261216.0,32000.0,Call,-,-,-,-,15650,-,-,0,0,0,0,15580,15820,9600,3560
TXO,202612,20261216.0,32000.0,Put,-,-,-,-,84,-,-,0,0,0,5,78,89,3270,86
TXO,202612,20261216.0,32200.0,Call,-,-,-,-,15460,-,-,0,0,0,0,15390,15630,-,-
TXO,202612,20261216.0,32200.0,Put,-,-,-,-,86,-,-,0,0,0,2,80,91,3130,82
TXO,202612,20261216.0,32400.0,Call,-,-,-,-,15260,-,-,0,0,0,0,15190,15400,11650,3460
TXO,202612,20261216.0,32400.0,Put,-,-,-,-,88,-,-,0,0,0,3,82,93,3250,144
TXO,202612,20261216.0,32600.0,Call,-,-,-,-,15060,-,-,0,0,0,0,-,15230,-,-
TXO,202612,20261216.0,32600.0,Put,-,-,-,-,90,-,-,0,0,0,11,84,95,1160,101
TXO,202612,20261216.0,32800.0,Call,-,-,-,-,14870,-,-,0,0,0,0,14800,15030,-,-
TXO,202612,20261216.0,32800.0,Put,-,-,-,-,93,-,-,0,0,0,7,87,98,1920,199
TXO,202612,20261216.0,33000.0,Call,-,-,-,-,14670,-,-,0,0,0,0,14600,14800,13520,3000
TXO,202612,20261216.0,33000.0,Put,-,-,-,-,94,-,-,0,0,0,61,88,99,3280,77
TXO,202612,20261216.0,33200.0,Call,-,-,-,-,14470,-,-,0,0,0,0,-,14630,4180,3280
TXO,202612,20261216.0,33200.0,Put,-,-,-,-,97,-,-,0,0,0,1,91,102,780,95
TXO,202612,20261216.0,33400.0,Call,-,-,-,-,14280,-,-,0,0,0,0,-,14440,10800,2780
TXO,202612,20261216.0,33400.0,Put,-,-,-,-,100,-,-,0,0,0,2,94,105,3450,500
TXO,202612,20261216.0,33600.0,Call,-,-,-,-,14080,-,-,0,0,0,0,14020,14240,10850,2640
TXO,202612,20261216.0,33600.0,Put,-,-,-,-,103,-,-,0,0,0,5,97,108,4010,101
TXO,202612,20261216.0,33800.0,Call,-,-,-,-,13890,-,-,0,0,0,0,13820,14030,-,-
TXO,202612,20261216.0,33800.0,Put,-,-,-,-,109,-,-,0,0,0,0,100,117,1670,995
TXO,202612,20261216.0,34000.0,Call,-,-,-,-,13690,-,-,0,0,0,0,-,13840,12700,3130
TXO,202612,20261216.0,34000.0,Put,-,-,-,-,111,-,-,0,0,0,141,100,120,3620,96
TXO,202612,20261216.0,34200.0,Call,-,-,-,-,13490,-,-,0,0,0,0,13430,13640,8850,5200
TXO,202612,20261216.0,34200.0,Put,-,-,-,-,113,-,-,0,0,0,1,100,124,1780,91
TXO,202612,20261216.0,34400.0,Call,-,-,-,-,13300,-,-,0,0,0,0,-,13420,-,-
TXO,202612,20261216.0,34400.0,Put,-,-,-,-,116,-,-,0,0,0,2,102,128,2600,438
TXO,202612,20261216.0,34600.0,Call,-,-,-,-,13100,-,-,0,0,0,0,13040,13250,-,-
TXO,202612,20261216.0,34600.0,Put,-,-,-,-,120,-,-,1,0,1,3,105,133,2670,102
TXO,202612,20261216.0,34800.0,Call,-,-,-,-,12910,-,-,0,0,0,0,-,13050,4830,3240
TXO,202612,20261216.0,34800.0,Put,-,-,-,-,124,-,-,0,0,0,1,109,138,3120,330
TXO,202612,20261216.0,35000.0,Call,-,-,-,-,12720,-,-,0,0,0,0,12650,12830,12910,2200
TXO,202612,20261216.0,35000.0,Put,-,-,-,-,132,-,-,0,0,0,38,112,142,2100,120
TXO,202612,20261216.0,35200.0,Call,-,-,-,-,12520,-,-,0,0,0,0,-,12630,4590,3370
TXO,202612,20261216.0,35200.0,Put,-,-,-,-,133,-,-,0,0,0,2,116,148,3000,400
TXO,202612,20261216.0,35400.0,Call,-,-,-,-,12320,-,-,0,0,0,0,-,12440,9450,3340
TXO,202612,20261216.0,35400.0,Put,-,-,-,-,138,-,-,0,0,0,0,120,154,1300,350
TXO,202612,20261216.0,35600.0,Call,-,-,-,-,12130,-,-,0,0,0,0,12070,12270,12870,2380
TXO,202612,20261216.0,35600.0,Put,-,-,-,-,143,-,-,0,0,0,1,125,160,4020,193
TXO,202612,20261216.0,35800.0,Call,-,-,-,-,11940,-,-,0,0,0,0,-,12050,7020,6410
TXO,202612,20261216.0,35800.0,Put,-,-,-,-,149,-,-,0,0,0,1,131,166,2000,1020
TXO,202612,20261216.0,36000.0,Call,-,-,-,-,11750,-,-,0,0,0,1,11670,11890,8050,1950
TXO,202612,20261216.0,36000.0,Put,-,-,-,-,161,-,-,0,0,0,105,142,174,3300,130
TXO,202612,20261216.0,36200.0,Call,-,-,-,-,11550,-,-,0,0,0,0,-,11660,7130,1470
TXO,202612,20261216.0,36200.0,Put,-,-,-,-,162,-,-,0,0,0,0,144,179,-,-
TXO,202612,20261216.0,36400.0,Call,-,-,-,-,11360,-,-,0,0,0,0,11300,11460,10490,1390
TXO,202612,20261216.0,36400.0,Put,-,-,-,-,169,-,-,1,0,1,2,151,186,2020,189
TXO,202612,20261216.0,36600.0,Call,-,-,-,-,11170,-,-,0,0,0,0,11110,11270,6880,1320
TXO,202612,20261216.0,36600.0,Put,-,-,-,-,177,-,-,0,0,0,5,157,192,2130,171
TXO,202612,20261216.0,36800.0,Call,-,-,-,-,10980,-,-,0,0,0,0,10920,11080,11890,1260
TXO,202612,20261216.0,36800.0,Put,-,-,-,-,185,-,-,0,0,0,50,167,202,2670,197
TXO,202612,20261216.0,37000.0,Call,-,-,-,-,10790,-,-,0,0,0,4,10730,10840,12020,1350
TXO,202612,20261216.0,37000.0,Put,185,185,185,185,196,▼-7,▼-3.65%,0,1,1,98,175,210,3150,160
TXO,202612,20261216.0,37200.0,Call,-,-,-,-,10600,-,-,0,0,0,0,10540,10700,9030,1740
TXO,202612,20261216.0,37200.0,Put,-,-,-,-,204,-,-,0,0,0,9,185,220,1070,231
TXO,202612,20261216.0,37400.0,Call,-,-,-,-,10410,-,-,0,0,0,0,10350,10510,10760,1280
TXO,202612,20261216.0,37400.0,Put,-,-,-,-,214,-,-,0,0,0,11,195,230,1540,195
TXO,202612,20261216.0,37600.0,Call,-,-,-,-,10220,-,-,0,0,0,2,10160,10270,1260,1260
TXO,202612,20261216.0,37600.0,Put,-,-,-,-,225,-,-,0,0,0,7,206,241,2950,399
TXO,202612,20261216.0,37800.0,Call,-,-,-,-,10040,-,-,0,0,0,0,9980,10130,11540,1240
TXO,202612,20261216.0,37800.0,Put,230,230,230,230,230,▼-3,▼-1.29%,0,1,1,14,218,253,2900,197
TXO,202612,20261216.0,38000.0,Call,-,-,-,-,9850,-,-,0,0,0,18,9790,9970,8700,1230
TXO,202612,20261216.0,38000.0,Put,-,-,-,-,253,-,-,0,0,0,177,229,264,3430,215
TXO,202612,20261216.0,38200.0,Call,-,-,-,-,9670,-,-,0,0,0,0,9600,9750,7280,1200
TXO,202612,20261216.0,38200.0,Put,-,-,-,-,268,-,-,0,0,0,6,254,279,1900,494
TXO,202612,20261216.0,38400.0,Call,-,-,-,-,9480,-,-,0,0,0,0,9420,9590,7140,1270
TXO,202612,20261216.0,38400.0,Put,-,-,-,-,283,-,-,0,0,0,3,258,293,835,247
TXO,202612,20261216.0,38600.0,Call,-,-,-,-,9300,-,-,0,0,0,3,9230,9340,10540,1080
TXO,202612,20261216.0,38600.0,Put,-,-,-,-,298,-,-,0,0,0,11,285,308,3100,262
TXO,202612,20261216.0,38800.0,Call,-,-,-,-,9110,-,-,0,0,0,0,9050,9220,10770,775
TXO,202612,20261216.0,38800.0,Put,-,-,-,-,308,-,-,0,0,0,2,289,324,1510,275
TXO,202612,20261216.0,39000.0,Call,-,-,-,-,8930,-,-,0,0,0,4,8870,9000,9290,1100
TXO,202612,20261216.0,39000.0,Put,315,315,315,315,315,▼-9,▼-2.78%,2,1,3,118,306,341,3690,300
TXO,202612,20261216.0,39200.0,Call,-,-,-,-,8750,-,-,0,0,0,0,8690,8830,10280,1290
TXO,202612,20261216.0,39200.0,Put,-,-,-,-,342,-,-,0,0,0,2,323,358,3680,306
TXO,202612,20261216.0,39400.0,Call,-,-,-,-,8570,-,-,0,0,0,0,8510,8650,11070,1300
TXO,202612,20261216.0,39400.0,Put,-,-,-,-,361,-,-,0,0,0,1,342,377,3380,500
TXO,202612,20261216.0,39600.0,Call,-,-,-,-,8390,-,-,0,0,0,0,8330,8490,11070,750
TXO,202612,20261216.0,39600.0,Put,-,-,-,-,381,-,-,0,0,0,3,362,397,3660,505
TXO,202612,20261216.0,39800.0,Call,-,-,-,-,8210,-,-,0,0,0,0,-,8310,11350,1250
TXO,202612,20261216.0,39800.0,Put,-,-,-,-,402,-,-,0,0,0,1,383,418,4080,780
TXO,202612,20261216.0,40000.0,Call,-,-,-,-,8030,-,-,0,0,0,12,7970,8080,9010,705
TXO,202612,20261216.0,40000.0,Put,-,-,-,-,426,-,-,0,0,0,110,401,446,3960,340
TXO,202612,20261216.0,40200.0,Call,-,-,-,-,7860,-,-,0,0,0,0,7800,7960,6970,2200
TXO,202612,20261216.0,40200.0,Put,-,-,-,-,449,-,-,0,0,0,1,424,469,3430,990
TXO,202612,20261216.0,40400.0,Call,-,-,-,-,7680,-,-,0,0,0,1,7620,7730,8140,695
TXO,202612,20261216.0,40400.0,Put,425,425,425,425,473,▼-48,▼-10.15%,0,1,1,1,448,493,2820,425
TXO,202612,20261216.0,40600.0,Call,-,-,-,-,7510,-,-,0,0,0,0,7450,7600,6630,740
TXO,202612,20261216.0,40600.0,Put,-,-,-,-,500,-,-,0,0,0,1,475,520,2750,1930
TXO,202612,20261216.0,40800.0,Call,-,-,-,-,7340,-,-,0,0,0,16,-,7410,9640,1410
TXO,202612,20261216.0,40800.0,Put,-,-,-,-,525,-,-,0,0,0,300,500,545,3980,468
TXO,202612,20261216.0,41000.0,Call,-,-,-,-,7170,-,-,0,0,0,5,7110,7240,9160,675
TXO,202612,20261216.0,41000.0,Put,-,-,-,-,555,-,-,0,0,0,56,530,575,4390,580
TXO,202612,20261216.0,41200.0,Call,-,-,-,-,7000,-,-,0,0,0,0,6940,7090,5620,3150
TXO,202612,20261216.0,41200.0,Put,-,-,-,-,590,-,-,0,0,0,2,560,610,4410,490
TXO,202612,20261216.0,41400.0,Call,-,-,-,-,6830,-,-,0,0,0,30,6770,6900,10000,360
TXO,202612,20261216.0,41400.0,Put,-,-,-,-,615,-,-,0,0,0,1,585,635,4540,525
TXO,202612,20261216.0,41600.0,Call,-,-,-,-,6670,-,-,0,0,0,11,6600,6730,6550,1450
TXO,202612,20261216.0,41600.0,Put,-,-,-,-,650,-,-,3,0,3,5,620,675,4290,670
TXO,202612,20261216.0,41800.0,Call,-,-,-,-,6500,-,-,0,0,0,15,-,6570,8490,710
TXO,202612,20261216.0,41800.0,Put,-,-,-,-,680,-,-,0,0,0,0,650,705,4390,2000
TXO,202612,20261216.0,42000.0,Call,-,-,-,-,6340,-,-,0,0,0,71,-,6380,8720,800
TXO,202612,20261216.0,42000.0,Put,680,680,680,680,720,▼-50,▼-6.85%,2,2,4,109,685,745,4950,645
TXO,202612,20261216.0,42200.0,Call,-,-,-,-,6170,-,-,0,0,0,2,-,6240,8040,1500
TXO,202612,20261216.0,42200.0,Put,-,-,-,-,755,-,-,0,0,0,100,720,780,3610,1660
TXO,202612,20261216.0,42400.0,Call,-,-,-,-,6010,-,-,0,0,0,0,5950,6060,5850,1260
TXO,202612,20261216.0,42400.0,Put,-,-,-,-,790,-,-,0,0,0,0,755,820,4790,1100
TXO,202612,20261216.0,42600.0,Call,-,-,-,-,5860,-,-,0,0,0,2,5790,5940,7280,965
TXO,202612,20261216.0,42600.0,Put,-,-,-,-,835,-,-,0,0,0,0,795,865,4770,3040
TXO,202612,20261216.0,42800.0,Call,-,-,-,-,5700,-,-,0,0,0,1,5630,5770,4950,2510
TXO,202612,20261216.0,42800.0,Put,-,-,-,-,875,-,-,0,0,0,0,835,905,1190,900
TXO,202612,20261216.0,43000.0,Call,-,-,-,-,5540,-,-,2,0,2,65,-,5610,9700,1130
TXO,202612,20261216.0,43000.0,Put,850,900,850,900,900,▼-30,▼-3.23%,0,3,3,69,880,950,5020,800
TXO,202612,20261216.0,43200.0,Call,-,-,-,-,5390,-,-,0,0,0,0,5320,5430,4670,1400
TXO,202612,20261216.0,43200.0,Put,-,-,-,-,965,-,-,0,0,0,0,925,995,-,-
TXO,202612,20261216.0,43400.0,Call,-,-,-,-,5240,-,-,0,0,0,0,5170,5300,7410,4950
TXO,202612,20261216.0,43400.0,Put,-,-,-,-,1010,-,-,0,0,0,2,970,1040,5280,2010
TXO,202612,20261216.0,43600.0,Call,-,-,-,-,5090,-,-,0,0,0,1,5020,5150,5510,950
TXO,202612,20261216.0,43600.0,Put,-,-,-,-,1060,-,-,0,0,0,0,1010,1100,4780,1960
TXO,202612,20261216.0,43800.0,Call,-,-,-,-,4950,-,-,0,0,0,1,4870,5000,8340,1020
TXO,202612,20261216.0,43800.0,Put,-,-,-,-,1120,-,-,0,0,0,12,1060,1150,4460,930
TXO,202612,20261216.0,44000.0,Call,-,-,-,-,4810,-,-,0,0,0,4,4630,4830,8350,2260
TXO,202612,20261216.0,44000.0,Put,-,-,-,-,1180,-,-,0,0,0,103,1110,1200,4770,1060
TXO,202612,20261216.0,44200.0,Call,-,-,-,-,4650,-,-,0,0,0,2,4580,4710,5630,600
TXO,202612,20261216.0,44200.0,Put,-,-,-,-,1220,-,-,0,0,0,65,1170,1260,4890,1030
TXO,202612,20261216.0,44400.0,Call,-,-,-,-,4510,-,-,0,0,0,1,4440,4570,6730,930
TXO,202612,20261216.0,44400.0,Put,-,-,-,-,1280,-,-,0,0,0,106,1230,1320,4660,1090
TXO,202612,20261216.0,44600.0,Call,4460,4470,4460,4470,4370,▲+290,▲+6.94%,0,2,2,11,4310,4490,5770,890
TXO,202612,20261216.0,44600.0,Put,-,-,-,-,1340,-,-,0,0,0,12,1290,1380,6030,1140
TXO,202612,20261216.0,44800.0,Call,-,-,-,-,4230,-,-,0,0,0,2,4120,4360,3190,2320
TXO,202612,20261216.0,44800.0,Put,-,-,-,-,1400,-,-,0,0,0,8,1350,1440,5600,1190
TXO,202612,20261216.0,45000.0,Call,-,-,-,-,4100,-,-,0,0,0,2,3990,4210,6790,2600
TXO,202612,20261216.0,45000.0,Put,1400,1400,1400,1400,1460,▼-90,▼-6.04%,0,1,1,111,1410,1500,6200,1250
TXO,202612,20261216.0,45200.0,Call,-,-,-,-,3970,-,-,0,0,0,1,3850,4020,6620,925
TXO,202612,20261216.0,45200.0,Put,-,-,-,-,1530,-,-,0,0,0,6,1480,1570,6690,1310
TXO,202612,20261216.0,45400.0,Call,-,-,-,-,3830,-,-,0,0,0,1,3700,3910,6500,2250
TXO,202612,20261216.0,45400.0,Put,-,-,-,-,1590,-,-,0,0,0,5,1540,1630,6540,1380
TXO,202612,20261216.0,45600.0,Call,-,-,-,-,3700,-,-,0,0,0,3,3580,3780,6160,1070
TXO,202612,20261216.0,45600.0,Put,-,-,-,-,1660,-,-,0,0,0,3,1610,1700,7000,1450
TXO,202612,20261216.0,45800.0,Call,-,-,-,-,3580,-,-,0,0,0,2,3480,3680,3200,1980
TXO,202612,20261216.0,45800.0,Put,-,-,-,-,1740,-,-,0,0,0,2,1680,1780,1550,1510
TXO,202612,20261216.0,46000.0,Call,3600,3600,3550,3550,3460,▲+260,▲+7.90%,0,3,3,259,3340,3540,5560,1640
TXO,202612,20261216.0,46000.0,Put,-,-,-,-,1820,-,-,0,0,0,192,1740,1840,7060,1580
TXO,202612,20261216.0,46200.0,Call,-,-,-,-,3340,-,-,0,0,0,1,3240,3420,2620,2450
TXO,202612,20261216.0,46200.0,Put,-,-,-,-,1900,-,-,0,0,0,2,1820,1920,7260,1650
TXO,202612,20261216.0,46400.0,Call,-,-,-,-,3210,-,-,0,0,0,3,3090,3270,5700,1560
TXO,202612,20261216.0,46400.0,Put,-,-,-,-,1970,-,-,0,0,0,2,1890,2000,5970,1720
TXO,202612,20261216.0,46600.0,Call,-,-,-,-,3100,-,-,0,0,0,52,2980,3140,6500,1500
TXO,202612,20261216.0,46600.0,Put,-,-,-,-,2050,-,-,0,0,0,7,1960,2070,2550,1800
TXO,202612,20261216.0,46800.0,Call,-,-,-,-,2970,-,-,0,0,0,11,2870,3030,5870,1500
TXO,202612,20261216.0,46800.0,Put,-,-,-,-,2130,-,-,0,0,0,5,2040,2160,7770,2120
TXO,202612,20261216.0,47000.0,Call,-,-,-,-,2860,-,-,0,0,0,239,2770,2930,6430,1420
TXO,202612,20261216.0,47000.0,Put,-,-,-,-,2220,-,-,0,0,0,18,2130,2250,7620,1980
TXO,202612,20261216.0,47200.0,Call,-,-,-,-,2740,-,-,0,0,0,62,2670,2830,4830,1680
TXO,202612,20261216.0,47200.0,Put,2150,2150,2150,2150,2300,▼-210,▼-8.90%,0,1,1,1,2230,2350,2150,2150
TXO,202612,20261216.0,47400.0,Call,2720,2720,2720,2720,2640,▲+230,▲+9.24%,0,1,1,63,2560,2700,5670,2070
TXO,202612,20261216.0,47400.0,Put,-,-,-,-,2390,-,-,0,0,0,1,2310,2430,6210,2250
TXO,202612,20261216.0,47600.0,Call,-,-,-,-,2540,-,-,0,0,0,48,2450,2590,5180,1100
TXO,202612,20261216.0,47600.0,Put,-,-,-,-,2490,-,-,0,0,0,0,2390,2530,6310,4920
TXO,202612,20261216.0,47800.0,Call,-,-,-,-,2400,-,-,0,0,0,9,2350,2490,5050,1290
TXO,202612,20261216.0,47800.0,Put,-,-,-,-,2550,-,-,0,0,0,2,2490,2630,5750,4890
TXO,202612,20261216.0,48000.0,Call,-,-,-,-,2290,-,-,0,0,0,73,2270,2390,5100,1330
TXO,202612,20261216.0,48000.0,Put,-,-,-,-,2640,-,-,2,0,2,8,2580,2720,8030,2620
TXO,202612,20261216.0,48200.0,Call,-,-,-,-,2190,-,-,0,0,0,1,2170,2290,3960,2090
TXO,202612,20261216.0,48200.0,Put,-,-,-,-,2740,-,-,0,0,0,5,2720,2830,5860,2570
TXO,202612,20261216.0,48400.0,Call,-,-,-,-,2100,-,-,0,0,0,0,2070,2190,5700,1520
TXO,202612,20261216.0,48400.0,Put,-,-,-,-,2850,-,-,0,0,0,4,2800,2920,5920,5910
TXO,202612,20261216.0,48600.0,Call,-,-,-,-,2010,-,-,0,0,0,0,1980,2090,4880,3450
TXO,202612,20261216.0,48600.0,Put,-,-,-,-,2950,-,-,0,0,0,0,2910,3040,6090,4600
TXO,202612,20261216.0,48800.0,Call,-,-,-,-,1920,-,-,0,0,0,0,1890,2000,-,-
TXO,202612,20261216.0,48800.0,Put,-,-,-,-,3060,-,-,0,0,0,1,3010,3150,8920,4350
TXO,202612,20261216.0,49000.0,Call,-,-,-,-,1830,-,-,0,0,0,420,1790,1890,5280,1070
TXO,202612,20261216.0,49000.0,Put,-,-,-,-,3180,-,-,0,0,0,5,3130,3260,6900,3080
TXO,202612,20261216.0,49200.0,Call,-,-,-,-,1740,-,-,0,0,0,16,1730,1830,4080,995
TXO,202612,20261216.0,49200.0,Put,-,-,-,-,3290,-,-,0,0,0,1,3240,3360,4800,4800
TXO,202612,20261216.0,49400.0,Call,-,-,-,-,1660,-,-,0,0,0,5,1650,1740,3760,1240
TXO,202612,20261216.0,49400.0,Put,-,-,-,-,3410,-,-,0,0,0,3,3370,3490,8650,4900
TXO,202612,20261216.0,49600.0,Call,-,-,-,-,1590,-,-,0,0,0,10,1550,1640,4800,1160
TXO,202612,20261216.0,49600.0,Put,-,-,-,-,3530,-,-,0,0,0,0,3490,3610,6900,5500
TXO,202612,20261216.0,49800.0,Call,-,-,-,-,1520,-,-,0,0,0,0,1470,1560,2780,960
TXO,202612,20261216.0,49800.0,Put,-,-,-,-,3660,-,-,0,0,0,0,3600,3730,-,-
TXO,202612,20261216.0,50000.0,Call,1450,1450,1450,1450,1450,▲+80,▲+5.84%,8,1,9,81,1410,1500,5000,900
TXO,202612,20261216.0,50000.0,Put,-,-,-,-,3790,-,-,0,0,0,12,3740,3860,9900,4000
TXO,202612,20261216.0,50200.0,Call,-,-,-,-,1370,-,-,0,0,0,5,1350,1440,4800,945
TXO,202612,20261216.0,50200.0,Put,-,-,-,-,3910,-,-,0,0,0,2,3870,3970,5420,5400
TXO,202612,20261216.0,50400.0,Call,-,-,-,-,1300,-,-,0,0,0,40,1260,1350,5200,840
TXO,202612,20261216.0,50400.0,Put,-,-,-,-,4040,-,-,0,0,0,4,3990,4100,9460,5540
TXO,202612,20261216.0,50600.0,Call,-,-,-,-,1230,-,-,0,0,0,0,1190,1280,3640,705
TXO,202612,20261216.0,50600.0,Put,-,-,-,-,4170,-,-,0,0,0,2,4130,4320,5690,5670
TXO,202612,20261216.0,50800.0,Call,-,-,-,-,1170,-,-,0,0,0,13,1130,1220,3620,955
TXO,202612,20261216.0,50800.0,Put,-,-,-,-,4310,-,-,0,0,0,0,4250,4380,-,-
TXO,202612,20261216.0,51000.0,Call,-,-,-,-,1110,-,-,0,0,0,10,1070,1160,4420,710
TXO,202612,20261216.0,51000.0,Put,-,-,-,-,4440,-,-,0,0,0,0,4390,4520,-,-
TXO,202612,20261216.0,51200.0,Call,-,-,-,-,1050,-,-,0,0,0,5,1010,1100,950,950
TXO,202612,20261216.0,51200.0,Put,-,-,-,-,4580,-,-,0,0,0,0,4550,4660,-,-
TXO,202612,20261216.0,51400.0,Call,-,-,-,-,990,-,-,0,0,0,2,960,1030,1950,970
TXO,202612,20261216.0,51400.0,Put,-,-,-,-,4720,-,-,0,0,0,0,4670,4800,-,-
TXO,202612,20261216.0,51600.0,Call,-,-,-,-,940,-,-,0,0,0,0,910,980,3280,2950
TXO,202612,20261216.0,51600.0,Put,-,-,-,-,4870,-,-,0,0,0,0,4830,4950,-,-
TXO,202612,20261216.0,51800.0,Call,-,-,-,-,885,-,-,0,0,0,13,855,925,2550,810
TXO,202612,20261216.0,51800.0,Put,-,-,-,-,5020,-,-,0,0,0,0,4980,-,-,-
TXO,202612,20261216.0,52000.0,Call,-,-,-,-,840,-,-,0,0,0,227,810,880,3380,505
TXO,202612,20261216.0,52000.0,Put,-,-,-,-,5170,-,-,0,0,0,0,5110,-,-,-
TXO,202612,20261216.0,52200.0,Call,-,-,-,-,795,-,-,0,0,0,0,765,830,1150,570
TXO,202612,20261216.0,52200.0,Put,-,-,-,-,5320,-,-,0,0,0,0,5280,5400,-,-
TXO,202612,20261216.0,52400.0,Call,-,-,-,-,755,-,-,0,0,0,15,725,790,3950,1020
TXO,202612,20261216.0,52400.0,Put,-,-,-,-,5480,-,-,0,0,0,0,5420,5550,8790,6780
TXO,202612,20261216.0,52600.0,Call,-,-,-,-,715,-,-,0,0,0,2,680,740,1820,690
TXO,202612,20261216.0,52600.0,Put,-,-,-,-,5640,-,-,0,0,0,0,5580,5710,-,-
TXO,202612,20261216.0,52800.0,Call,-,-,-,-,675,-,-,0,0,0,7,640,695,2770,476
TXO,202612,20261216.0,52800.0,Put,-,-,-,-,5800,-,-,0,0,0,0,5760,5870,-,-
TXO,202612,20261216.0,53000.0,Call,-,-,-,-,640,-,-,1,0,1,400,615,665,2970,383
TXO,202612,20261216.0,53000.0,Put,-,-,-,-,5960,-,-,0,0,0,0,5920,6030,-,-
TXO,202612,20261216.0,53200.0,Call,-,-,-,-,590,-,-,0,0,0,12,570,620,3950,479
TXO,202612,20261216.0,53200.0,Put,-,-,-,-,6120,-,-,0,0,0,0,6050,6200,-,-
TXO,202612,20261216.0,53400.0,Call,-,-,-,-,560,-,-,0,0,0,4,540,585,2870,895
TXO,202612,20261216.0,53400.0,Put,-,-,-,-,6280,-,-,0,0,0,0,6240,-,-,-
TXO,202612,20261216.0,53600.0,Call,-,-,-,-,525,-,-,0,0,0,3,505,550,900,825
TXO,202612,20261216.0,53600.0,Put,-,-,-,-,6450,-,-,0,0,0,0,6380,6530,-,-
TXO,202612,20261216.0,53800.0,Call,-,-,-,-,494,-,-,0,0,0,2,475,520,2640,329
TXO,202612,20261216.0,53800.0,Put,-,-,-,-,6620,-,-,0,0,0,0,6550,6700,-,-
TXO,202612,20261216.0,54000.0,Call,500,500,480,480,480,▲+33,▲+7.38%,0,6,6,319,444,489,3360,306
TXO,202612,20261216.0,54000.0,Put,-,-,-,-,6780,-,-,0,0,0,0,6730,-,-,-
TXO,202612,20261216.0,54200.0,Call,-,-,-,-,437,-,-,0,0,0,0,417,462,840,380
TXO,202612,20261216.0,54200.0,Put,-,-,-,-,6960,-,-,0,0,0,0,6920,7040,-,-
TXO,202612,20261216.0,54400.0,Call,-,-,-,-,411,-,-,0,0,0,3,396,431,2050,421
TXO,202612,20261216.0,54400.0,Put,-,-,-,-,7130,-,-,0,0,0,0,7070,7220,-,-
TXO,202612,20261216.0,54600.0,Call,392,392,392,392,392,▲+24,▲+6.52%,0,1,1,1,372,407,1420,298
TXO,202612,20261216.0,54600.0,Put,-,-,-,-,7300,-,-,0,0,0,0,7270,7390,-,-
TXO,202612,20261216.0,54800.0,Call,-,-,-,-,365,-,-,0,0,0,10,349,384,3060,480
TXO,202612,20261216.0,54800.0,Put,-,-,-,-,7480,-,-,0,0,0,0,7440,-,-,-
TXO,202612,20261216.0,55000.0,Call,380,380,380,380,343,▲+53,▲+16.21%,2,1,3,35,328,363,2920,217
TXO,202612,20261216.0,55000.0,Put,-,-,-,-,7660,-,-,0,0,0,0,7600,-,-,-
TXO,202612,20261216.0,55200.0,Call,-,-,-,-,322,-,-,0,0,0,2,307,342,1980,207
TXO,202612,20261216.0,55200.0,Put,-,-,-,-,7840,-,-,0,0,0,0,7770,-,-,-
TXO,202612,20261216.0,55400.0,Call,-,-,-,-,303,-,-,0,0,0,5,288,323,2930,370
TXO,202612,20261216.0,55400.0,Put,-,-,-,-,8020,-,-,0,0,0,0,7980,8090,-,-
TXO,202612,20261216.0,55600.0,Call,300,300,300,300,300,▲+29,▲+10.70%,0,1,1,6,270,305,2150,273
TXO,202612,20261216.0,55600.0,Put,-,-,-,-,8200,-,-,0,0,0,0,8140,8300,-,-
TXO,202612,20261216.0,55800.0,Call,-,-,-,-,269,-,-,0,0,0,18,253,288,3020,188
TXO,202612,20261216.0,55800.0,Put,-,-,-,-,8380,-,-,0,0,0,0,8320,8460,-,-
TXO,202612,20261216.0,56000.0,Call,-,-,-,-,253,-,-,6,0,6,11,237,272,2170,165
TXO,202612,20261216.0,56000.0,Put,-,-,-,-,8560,-,-,0,0,0,0,8500,8670,-,-
TXO,202612,20261216.0,56200.0,Call,-,-,-,-,238,-,-,0,0,0,0,222,257,1900,319
TXO,202612,20261216.0,56200.0,Put,-,-,-,-,8750,-,-,0,0,0,0,8680,8850,-,-
TXO,202612,20261216.0,56400.0,Call,-,-,-,-,224,-,-,0,0,0,1,208,243,1770,187
TXO,202612,20261216.0,56400.0,Put,-,-,-,-,8930,-,-,0,0,0,0,8860,9040,-,-
TXO,202612,20261216.0,56600.0,Call,-,-,-,-,211,-,-,0,0,0,5,195,230,495,375
TXO,202612,20261216.0,56600.0,Put,-,-,-,-,9120,-,-,0,0,0,0,9080,9230,-,-
TXO,202612,20261216.0,56800.0,Call,-,-,-,-,198,-,-,0,0,0,0,182,217,1830,342
TXO,202612,20261216.0,56800.0,Put,-,-,-,-,9300,-,-,0,0,0,0,9270,9420,-,-
TXO,202612,20261216.0,57000.0,Call,-,-,-,-,197,-,-,0,0,0,496,181,216,2500,110
TXO,202612,20261216.0,57000.0,Put,-,-,-,-,9500,-,-,0,0,0,0,9430,9600,-,-
TXO,202612,20261216.0,57200.0,Call,-,-,-,-,185,-,-,0,0,0,6,160,195,1880,130
TXO,202612,20261216.0,57200.0,Put,-,-,-,-,9690,-,-,0,0,0,0,9620,9790,-,-
TXO,202612,20261216.0,57400.0,Call,171,188,171,188,173,▲+20,▲+11.90%,0,2,2,259,144,179,1870,21
TXO,202612,20261216.0,57400.0,Put,-,-,-,-,9880,-,-,0,0,0,0,9830,9980,-,-
TXO,202703,20270317.0,31800.0,Call,-,-,-,-,16330,-,-,0,0,0,0,16250,16560,-,-
TXO,202703,20270317.0,31800.0,Put,-,-,-,-,152,-,-,0,0,0,99,136,169,1020,102
TXO,202703,20270317.0,32000.0,Call,-,-,-,-,16140,-,-,0,0,0,0,16060,16380,-,-
TXO,202703,20270317.0,32000.0,Put,-,-,-,-,161,-,-,0,0,0,19,144,179,1360,138
TXO,202703,20270317.0,32200.0,Call,-,-,-,-,15950,-,-,0,0,0,0,15870,16170,-,-
TXO,202703,20270317.0,32200.0,Put,-,-,-,-,166,-,-,0,0,0,1,149,184,265,225
TXO,202703,20270317.0,32400.0,Call,-,-,-,-,15750,-,-,0,0,0,0,15670,15970,-,-
TXO,202703,20270317.0,32400.0,Put,-,-,-,-,172,-,-,0,0,0,0,155,190,331,290
TXO,202703,20270317.0,32600.0,Call,-,-,-,-,15560,-,-,0,0,0,0,-,15780,-,-
TXO,202703,20270317.0,32600.0,Put,-,-,-,-,177,-,-,0,0,0,0,160,195,375,356
TXO,202703,20270317.0,32800.0,Call,-,-,-,-,15370,-,-,0,0,0,0,15290,15540,-,-
TXO,202703,20270317.0,32800.0,Put,-,-,-,-,184,-,-,0,0,0,1,167,202,415,195
TXO,202703,20270317.0,33000.0,Call,-,-,-,-,15180,-,-,0,0,0,0,15100,15370,-,-
TXO,202703,20270317.0,33000.0,Put,-,-,-,-,190,-,-,0,0,0,10,173,208,469,178
TXO,202703,20270317.0,33200.0,Call,-,-,-,-,14990,-,-,0,0,0,0,14910,15190,-,-
TXO,202703,20270317.0,33200.0,Put,-,-,-,-,197,-,-,0,0,0,8,180,215,1690,488
TXO,202703,20270317.0,33400.0,Call,-,-,-,-,14800,-,-,0,0,0,0,14720,15010,-,-
TXO,202703,20270317.0,33400.0,Put,-,-,-,-,204,-,-,0,0,0,0,187,222,-,-
TXO,202703,20270317.0,33600.0,Call,-,-,-,-,14610,-,-,0,0,0,0,14530,14820,-,-
TXO,202703,20270317.0,33600.0,Put,-,-,-,-,212,-,-,0,0,0,1,195,230,935,184
TXO,202703,20270317.0,33800.0,Call,-,-,-,-,14420,-,-,0,0,0,0,14340,14600,-,-
TXO,202703,20270317.0,33800.0,Put,-,-,-,-,220,-,-,0,0,0,21,203,238,1850,178
TXO,202703,20270317.0,34000.0,Call,-,-,-,-,14230,-,-,0,0,0,0,14150,14380,-,-
TXO,202703,20270317.0,34000.0,Put,-,-,-,-,229,-,-,0,0,0,4,212,247,1420,184
TXO,202703,20270317.0,34200.0,Call,-,-,-,-,14040,-,-,0,0,0,0,13960,14210,-,-
TXO,202703,20270317.0,34200.0,Put,-,-,-,-,237,-,-,0,0,0,1,220,255,1390,243
TXO,202703,20270317.0,34400.0,Call,-,-,-,-,13850,-,-,0,0,0,0,13770,14020,-,-
TXO,202703,20270317.0,34400.0,Put,-,-,-,-,247,-,-,0,0,0,0,230,265,-,-
TXO,202703,20270317.0,34600.0,Call,-,-,-,-,13660,-,-,2,0,2,0,13580,13830,13810,12940
TXO,202703,20270317.0,34600.0,Put,-,-,-,-,259,-,-,0,0,0,0,242,277,915,830
TXO,202703,20270317.0,34800.0,Call,-,-,-,-,13480,-,-,0,0,0,0,13390,13640,-,-
TXO,202703,20270317.0,34800.0,Put,-,-,-,-,270,-,-,0,0,0,1,253,288,1000,515
TXO,202703,20270317.0,35000.0,Call,-,-,-,-,13290,-,-,0,0,0,0,13210,13470,-,-
TXO,202703,20270317.0,35000.0,Put,-,-,-,-,280,-,-,0,0,0,22,263,298,1600,256
TXO,202703,20270317.0,35200.0,Call,-,-,-,-,13100,-,-,0,0,0,0,13020,13250,-,-
TXO,202703,20270317.0,35200.0,Put,-,-,-,-,293,-,-,0,0,0,7,276,311,515,495
TXO,202703,20270317.0,35400.0,Call,-,-,-,-,12920,-,-,0,0,0,0,12830,13100,-,-
TXO,202703,20270317.0,35400.0,Put,-,-,-,-,305,-,-,0,0,0,25,289,324,695,535
TXO,202703,20270317.0,35600.0,Call,-,-,-,-,12730,-,-,0,0,0,0,12670,12890,-,-
TXO,202703,20270317.0,35600.0,Put,-,-,-,-,320,-,-,0,0,0,28,304,339,2340,277
TXO,202703,20270317.0,35800.0,Call,-,-,-,-,12550,-,-,0,0,0,0,-,12680,-,-
TXO,202703,20270317.0,35800.0,Put,-,-,-,-,334,-,-,0,0,0,15,318,353,2050,301
TXO,202703,20270317.0,36000.0,Call,-,-,-,-,12370,-,-,0,0,0,0,12280,12520,-,-
TXO,202703,20270317.0,36000.0,Put,-,-,-,-,349,-,-,0,0,0,43,333,368,2380,266
TXO,202703,20270317.0,36200.0,Call,-,-,-,-,12180,-,-,0,0,0,0,12100,12310,-,-
TXO,202703,20270317.0,36200.0,Put,-,-,-,-,365,-,-,0,0,0,1,349,384,2050,289
TXO,202703,20270317.0,36400.0,Call,-,-,-,-,12000,-,-,0,0,0,0,11920,12180,-,-
TXO,202703,20270317.0,36400.0,Put,-,-,-,-,382,-,-,0,0,0,2,366,401,1800,520
TXO,202703,20270317.0,36600.0,Call,-,-,-,-,11820,-,-,0,0,0,4,11740,11980,13790,11300
TXO,202703,20270317.0,36600.0,Put,-,-,-,-,398,-,-,0,0,0,19,382,417,2780,360
TXO,202703,20270317.0,36800.0,Call,-,-,-,-,11650,-,-,0,0,0,0,11560,11770,-,-
TXO,202703,20270317.0,36800.0,Put,-,-,-,-,421,-,-,0,0,0,2,400,445,1990,391
TXO,202703,20270317.0,37000.0,Call,-,-,-,-,11460,-,-,0,0,0,0,11380,11580,-,-
TXO,202703,20270317.0,37000.0,Put,-,-,-,-,434,-,-,0,0,0,32,413,458,2340,340
TXO,202703,20270317.0,37200.0,Call,-,-,-,-,11290,-,-,0,0,0,0,11200,11420,-,-
TXO,202703,20270317.0,37200.0,Put,-,-,-,-,457,-,-,0,0,0,3,436,481,1160,460
TXO,202703,20270317.0,37400.0,Call,-,-,-,-,11110,-,-,0,0,0,0,11020,11270,-,-
TXO,202703,20270317.0,37400.0,Put,-,-,-,-,477,-,-,0,0,0,6,457,500,2000,480
TXO,202703,20270317.0,37600.0,Call,-,-,-,-,10930,-,-,0,0,0,0,10850,11090,-,-
TXO,202703,20270317.0,37600.0,Put,-,-,-,-,500,-,-,0,0,0,5,480,525,3020,480
TXO,202703,20270317.0,37800.0,Call,-,-,-,-,10760,-,-,0,0,0,0,10680,10870,-,-
TXO,202703,20270317.0,37800.0,Put,-,-,-,-,520,-,-,1,0,1,5,500,545,1150,510
TXO,202703,20270317.0,38000.0,Call,-,-,-,-,10580,-,-,0,0,0,1,10500,10720,11830,11830
TXO,202703,20270317.0,38000.0,Put,-,-,-,-,545,-,-,0,0,0,13,525,570,2600,432
TXO,202703,20270317.0,38200.0,Call,-,-,-,-,10410,-,-,0,0,0,0,10320,10560,-,-
TXO,202703,20270317.0,38200.0,Put,-,-,-,-,570,-,-,0,0,0,1,550,595,1230,482
TXO,202703,20270317.0,38400.0,Call,-,-,-,-,10240,-,-,0,0,0,1,10150,10380,10180,10180
TXO,202703,20270317.0,38400.0,Put,-,-,-,-,600,-,-,0,0,0,1,575,625,1270,700
TXO,202703,20270317.0,38600.0,Call,-,-,-,-,10070,-,-,0,0,0,0,9980,10170,-,-
TXO,202703,20270317.0,38600.0,Put,-,-,-,-,625,-,-,0,0,0,3,600,650,2090,480
TXO,202703,20270317.0,38800.0,Call,-,-,-,-,9900,-,-,0,0,0,0,9810,10030,-,-
TXO,202703,20270317.0,38800.0,Put,-,-,-,-,650,-,-,0,0,0,1,625,680,2560,680
TXO,202703,20270317.0,39000.0,Call,-,-,-,-,9730,-,-,0,0,0,0,9640,9830,-,-
TXO,202703,20270317.0,39000.0,Put,645,645,645,645,680,▼-45,▼-6.52%,0,3,3,9,655,710,3400,580
TXO,202703,20270317.0,39200.0,Call,-,-,-,-,9560,-,-,0,0,0,0,-,9700,-,-
TXO,202703,20270317.0,39200.0,Put,-,-,-,-,715,-,-,0,0,0,1,685,745,2680,1450
TXO,202703,20270317.0,39400.0,Call,-,-,-,-,9390,-,-,0,0,0,0,9300,9500,-,-
TXO,202703,20270317.0,39400.0,Put,-,-,-,-,745,-,-,0,0,0,2,715,775,2740,1500
TXO,202703,20270317.0,39600.0,Call,-,-,-,-,9230,-,-,0,0,0,0,9160,9360,-,-
TXO,202703,20270317.0,39600.0,Put,-,-,-,-,775,-,-,0,0,0,4,745,810,2830,1000
TXO,202703,20270317.0,39800.0,Call,-,-,-,-,9070,-,-,0,0,0,0,8970,9190,-,-
TXO,202703,20270317.0,39800.0,Put,-,-,-,-,815,-,-,0,0,0,11,780,850,3000,810
TXO,202703,20270317.0,40000.0,Call,-,-,-,-,8900,-,-,0,0,0,1,8830,9040,11530,6000
TXO,202703,20270317.0,40000.0,Put,-,-,-,-,840,-,-,0,0,0,33,810,880,4200,810
TXO,202703,20270317.0,40200.0,Call,-,-,-,-,8740,-,-,0,0,0,0,8640,8860,-,-
TXO,202703,20270317.0,40200.0,Put,-,-,-,-,875,-,-,0,0,0,6,845,915,2460,785
TXO,202703,20270317.0,40400.0,Call,-,-,-,-,8570,-,-,0,0,0,0,8480,8700,6450,5300
TXO,202703,20270317.0,40400.0,Put,-,-,-,-,910,-,-,0,0,0,1,880,950,1760,1760
TXO,202703,20270317.0,40600.0,Call,-,-,-,-,8410,-,-,0,0,0,0,8320,8530,6950,5530
TXO,202703,20270317.0,40600.0,Put,-,-,-,-,950,-,-,0,0,0,0,920,990,-,-
TXO,202703,20270317.0,40800.0,Call,-,-,-,-,8260,-,-,0,0,0,0,8160,8370,-,-
TXO,202703,20270317.0,40800.0,Put,-,-,-,-,990,-,-,1,0,1,2,960,1030,4650,1100
TXO,202703,20270317.0,41000.0,Call,-,-,-,-,8090,-,-,0,0,0,0,8000,8210,8000,5380
TXO,202703,20270317.0,41000.0,Put,-,-,-,-,1020,-,-,0,0,0,1,995,1060,4540,945
TXO,202703,20270317.0,41200.0,Call,-,-,-,-,7940,-,-,0,0,0,0,7840,8050,-,-
TXO,202703,20270317.0,41200.0,Put,-,-,-,-,1070,-,-,0,0,0,2,1030,1120,3000,1010
TXO,202703,20270317.0,41400.0,Call,-,-,-,-,7780,-,-,0,0,0,0,7710,7900,-,-
TXO,202703,20270317.0,41400.0,Put,-,-,-,-,1110,-,-,0,0,0,4,1070,1160,2050,1340
TXO,202703,20270317.0,41600.0,Call,-,-,-,-,7630,-,-,0,0,0,0,7530,7730,-,-
TXO,202703,20270317.0,41600.0,Put,-,-,-,-,1160,-,-,3,0,3,11,1120,1210,3390,1120
TXO,202703,20270317.0,41800.0,Call,-,-,-,-,7480,-,-,0,0,0,0,7380,7580,-,-
TXO,202703,20270317.0,41800.0,Put,-,-,-,-,1200,-,-,0,0,0,1,1160,1250,3200,2180
TXO,202703,20270317.0,42000.0,Call,-,-,-,-,7330,-,-,0,0,0,2,7230,7430,11500,4800
TXO,202703,20270317.0,42000.0,Put,-,-,-,-,1250,-,-,0,0,0,10,1210,1300,4320,1040
TXO,202703,20270317.0,42200.0,Call,-,-,-,-,7170,-,-,0,0,0,0,7100,7280,-,-
TXO,202703,20270317.0,42200.0,Put,-,-,-,-,1290,-,-,0,0,0,1,1250,1340,2260,2260
TXO,202703,20270317.0,42400.0,Call,-,-,-,-,7030,-,-,0,0,0,0,6930,7130,-,-
TXO,202703,20270317.0,42400.0,Put,-,-,-,-,1350,-,-,0,0,0,1,1300,1390,2370,2370
TXO,202703,20270317.0,42600.0,Call,-,-,-,-,6880,-,-,0,0,0,1,6780,6980,6610,6610
TXO,202703,20270317.0,42600.0,Put,-,-,-,-,1400,-,-,0,0,0,1,1360,1450,2440,2440
TXO,202703,20270317.0,42800.0,Call,-,-,-,-,6730,-,-,0,0,0,1,6630,6830,6480,6480
TXO,202703,20270317.0,42800.0,Put,-,-,-,-,1450,-,-,0,0,0,1,1410,1500,2690,2510
TXO,202703,20270317.0,43000.0,Call,-,-,-,-,6590,-,-,0,0,0,0,6510,6670,-,-
TXO,202703,20270317.0,43000.0,Put,-,-,-,-,1500,-,-,0,0,0,3,1460,1550,4720,1340
TXO,202703,20270317.0,43200.0,Call,-,-,-,-,6450,-,-,0,0,0,1,6350,6540,6230,6230
TXO,202703,20270317.0,43200.0,Put,-,-,-,-,1560,-,-,0,0,0,1,1520,1610,2660,2660
TXO,202703,20270317.0,43400.0,Call,-,-,-,-,6300,-,-,0,0,0,1,6200,6390,6110,6110
TXO,202703,20270317.0,43400.0,Put,-,-,-,-,1610,-,-,0,0,0,1,1570,1660,3730,3730
TXO,202703,20270317.0,43600.0,Call,-,-,-,-,6160,-,-,0,0,0,1,6060,6250,5980,5980
TXO,202703,20270317.0,43600.0,Put,-,-,-,-,1670,-,-,0,0,0,0,1630,1720,6100,3200
TXO,202703,20270317.0,43800.0,Call,-,-,-,-,6020,-,-,0,0,0,0,5920,6100,-,-
TXO,202703,20270317.0,43800.0,Put,-,-,-,-,1730,-,-,0,0,0,1,1680,1780,5820,5820
TXO,202703,20270317.0,44000.0,Call,-,-,-,-,5880,-,-,0,0,0,13,5790,5970,9500,5370
TXO,202703,20270317.0,44000.0,Put,1720,1720,1700,1700,1790,▼-120,▼-6.59%,1,3,4,17,1740,1840,5230,1560
TXO,202703,20270317.0,44200.0,Call,-,-,-,-,5750,-,-,0,0,0,2,5600,5920,6100,3340
TXO,202703,20270317.0,44200.0,Put,-,-,-,-,1860,-,-,0,0,0,1,1810,1910,3040,3040
TXO,202703,20270317.0,44400.0,Call,-,-,-,-,5620,-,-,0,0,0,2,5490,5810,5500,5140
TXO,202703,20270317.0,44400.0,Put,-,-,-,-,1920,-,-,0,0,0,1,1870,1980,3130,1920
TXO,202703,20270317.0,44600.0,Call,-,-,-,-,5480,-,-,1,0,1,2,5330,5630,5300,3600
TXO,202703,20270317.0,44600.0,Put,-,-,-,-,1980,-,-,0,0,0,1,1930,2040,3210,1990
TXO,202703,20270317.0,44800.0,Call,-,-,-,-,5360,-,-,0,0,0,1,5210,5510,4880,4470
TXO,202703,20270317.0,44800.0,Put,-,-,-,-,2050,-,-,0,0,0,5,2000,2120,5330,1970
TXO,202703,20270317.0,45000.0,Call,-,-,-,-,5220,-,-,0,0,0,21,5090,5390,5180,3280
TXO,202703,20270317.0,45000.0,Put,-,-,-,-,2110,-,-,0,0,0,1,2060,2180,5500,2080
TXO,202703,20270317.0,45200.0,Call,-,-,-,-,5090,-,-,0,0,0,3,4960,5240,5400,4800
TXO,202703,20270317.0,45200.0,Put,-,-,-,-,2180,-,-,0,0,0,1,2130,2250,3470,3470
TXO,202703,20270317.0,45400.0,Call,-,-,-,-,4970,-,-,0,0,0,1,4820,5100,4940,4000
TXO,202703,20270317.0,45400.0,Put,-,-,-,-,2260,-,-,0,0,0,2,2210,2330,3560,2900
TXO,202703,20270317.0,45600.0,Call,-,-,-,-,4850,-,-,0,0,0,1,4720,5000,4850,4850
TXO,202703,20270317.0,45600.0,Put,-,-,-,-,2330,-,-,0,0,0,1,2280,2400,3650,3650
TXO,202703,20270317.0,45800.0,Call,-,-,-,-,4720,-,-,0,0,0,1,4590,4850,4720,4720
TXO,202703,20270317.0,45800.0,Put,-,-,-,-,2400,-,-,0,0,0,1,2340,2480,3740,3740
TXO,202703,20270317.0,46000.0,Call,4580,4580,4580,4580,4580,▲+140,▲+3.15%,0,1,1,14,4490,4750,8000,3110
TXO,202703,20270317.0,46000.0,Put,-,-,-,-,2480,-,-,0,0,0,4,2420,2560,5700,3830
TXO,202703,20270317.0,46200.0,Call,-,-,-,-,4480,-,-,0,0,0,1,4370,4630,4510,4510
TXO,202703,20270317.0,46200.0,Put,-,-,-,-,2560,-,-,0,0,0,1,2500,2640,3930,3930
TXO,202703,20270317.0,46400.0,Call,-,-,-,-,4360,-,-,0,0,0,1,4260,4500,4410,4410
TXO,202703,20270317.0,46400.0,Put,-,-,-,-,2640,-,-,0,0,0,1,2580,2720,4020,4020
TXO,202703,20270317.0,46600.0,Call,-,-,-,-,4240,-,-,0,0,0,2,4140,4380,7460,7430
TXO,202703,20270317.0,46600.0,Put,-,-,-,-,2720,-,-,0,0,0,1,2660,2800,4120,4120
TXO,202703,20270317.0,46800.0,Call,-,-,-,-,4120,-,-,0,0,0,8,4010,4250,4200,3240
TXO,202703,20270317.0,46800.0,Put,-,-,-,-,2790,-,-,0,0,0,1,2720,2880,4220,4220
TXO,202703,20270317.0,47000.0,Call,-,-,-,-,4010,-,-,0,0,0,7,3920,4140,7200,3150
TXO,202703,20270317.0,47000.0,Put,-,-,-,-,2880,-,-,0,0,0,52,2810,2970,4780,2680
TXO,202703,20270317.0,47200.0,Call,-,-,-,-,3900,-,-,0,0,0,1,3810,4030,4010,4010
TXO,202703,20270317.0,47200.0,Put,-,-,-,-,2970,-,-,0,0,0,1,2900,3060,4420,4420
TXO,202703,20270317.0,47400.0,Call,-,-,-,-,3790,-,-,0,0,0,1,3700,3920,3910,3910
TXO,202703,20270317.0,47400.0,Put,-,-,-,-,3060,-,-,0,0,0,3,2970,3130,4430,4430
TXO,202703,20270317.0,47600.0,Call,-,-,-,-,3680,-,-,0,0,0,1,3600,3800,3510,3510
TXO,202703,20270317.0,47600.0,Put,-,-,-,-,3150,-,-,0,0,0,3,3070,3250,4630,4530
TXO,202703,20270317.0,47800.0,Call,-,-,-,-,3580,-,-,0,0,0,1,3490,3690,3720,3720
TXO,202703,20270317.0,47800.0,Put,-,-,-,-,3240,-,-,0,0,0,3,3160,3340,4740,4640
TXO,202703,20270317.0,48000.0,Call,-,-,-,-,3480,-,-,0,0,0,2,3390,3590,3920,3150
TXO,202703,20270317.0,48000.0,Put,-,-,-,-,3340,-,-,0,0,0,10,3260,3440,8820,3460
TXO,202703,20270317.0,48200.0,Call,-,-,-,-,3380,-,-,0,0,0,3,3240,3420,3530,3530
TXO,202703,20270317.0,48200.0,Put,-,-,-,-,3440,-,-,0,0,0,1,3340,3540,4870,4870
TXO,202703,20270317.0,48400.0,Call,-,-,-,-,3280,-,-,0,0,0,3,3140,3320,7100,2350
TXO,202703,20270317.0,48400.0,Put,-,-,-,-,3550,-,-,0,0,0,1,3440,3640,4980,4980
TXO,202703,20270317.0,48600.0,Call,-,-,-,-,3190,-,-,0,0,0,5,3040,3220,6300,2140
TXO,202703,20270317.0,48600.0,Put,-,-,-,-,3650,-,-,0,0,0,1,3540,3740,5100,5100
TXO,202703,20270317.0,48800.0,Call,-,-,-,-,3100,-,-,0,0,0,1,3000,3180,2260,2260
TXO,202703,20270317.0,48800.0,Put,-,-,-,-,3760,-,-,0,0,0,1,3660,3860,5210,5210
TXO,202703,20270317.0,49000.0,Call,-,-,-,-,2990,-,-,0,0,0,32,2900,3060,6150,2040
TXO,202703,20270317.0,49000.0,Put,-,-,-,-,3840,-,-,0,0,0,5,3760,3940,6880,5330
TXO,202703,20270317.0,49200.0,Call,-,-,-,-,2900,-,-,0,0,0,5,2790,2950,6280,2000
TXO,202703,20270317.0,49200.0,Put,-,-,-,-,3950,-,-,0,0,0,2,3880,4050,5440,5340
TXO,202703,20270317.0,49400.0,Call,-,-,-,-,2810,-,-,0,0,0,5,2700,2860,5760,2950
TXO,202703,20270317.0,49400.0,Put,-,-,-,-,4060,-,-,0,0,0,1,4000,4160,5560,5560
TXO,202703,20270317.0,49600.0,Call,-,-,-,-,2720,-,-,0,0,0,1,2640,2780,3030,3030
TXO,202703,20270317.0,49600.0,Put,-,-,-,-,4170,-,-,0,0,0,1,4090,4270,5680,5680
TXO,202703,20270317.0,49800.0,Call,-,-,-,-,2630,-,-,0,0,0,1,2550,2690,2950,2950
TXO,202703,20270317.0,49800.0,Put,-,-,-,-,4280,-,-,0,0,0,1,4210,4380,5800,5800
TXO,202703,20270317.0,50000.0,Call,-,-,-,-,2550,-,-,0,0,0,28,2470,2610,7300,1800
TXO,202703,20270317.0,50000.0,Put,-,-,-,-,4390,-,-,0,0,0,20,4330,4490,10120,5930
TXO,202703,20270317.0,50200.0,Call,-,-,-,-,2460,-,-,0,0,0,1,2380,2520,5650,1610
TXO,202703,20270317.0,50200.0,Put,-,-,-,-,4500,-,-,0,0,0,1,4430,4610,6050,6050
TXO,202703,20270317.0,50400.0,Call,-,-,-,-,2380,-,-,0,0,0,5,2310,2430,2860,1750
TXO,202703,20270317.0,50400.0,Put,-,-,-,-,4620,-,-,0,0,0,1,4560,4730,6200,6200
TXO,202703,20270317.0,50600.0,Call,-,-,-,-,2310,-,-,0,0,0,1,2240,2360,2800,2240
TXO,202703,20270317.0,50600.0,Put,-,-,-,-,4750,-,-,0,0,0,1,4690,4850,6300,6300
TXO,202703,20270317.0,50800.0,Call,-,-,-,-,2230,-,-,0,0,0,2,2160,2280,2580,1770
TXO,202703,20270317.0,50800.0,Put,-,-,-,-,4860,-,-,0,0,0,1,4810,4970,6430,6430
TXO,202703,20270317.0,51000.0,Call,-,-,-,-,2160,-,-,0,0,0,6,2090,2210,6190,1480
TXO,202703,20270317.0,51000.0,Put,-,-,-,-,4990,-,-,0,0,0,1,4920,5070,6560,6560
TXO,202703,20270317.0,51200.0,Call,-,-,-,-,2080,-,-,0,0,0,2,2010,2130,3190,1560
TXO,202703,20270317.0,51200.0,Put,-,-,-,-,5110,-,-,0,0,0,1,5050,5210,6690,6690
TXO,202703,20270317.0,51400.0,Call,-,-,-,-,2010,-,-,0,0,0,0,1950,2060,5950,1480
TXO,202703,20270317.0,51400.0,Put,-,-,-,-,5240,-,-,0,0,0,1,5170,5350,6830,6830
TXO,202703,20270317.0,51600.0,Call,-,-,-,-,1940,-,-,0,0,0,5,1880,1990,5400,1490
TXO,202703,20270317.0,51600.0,Put,-,-,-,-,5370,-,-,0,0,0,1,5300,5470,6960,6960
TXO,202703,20270317.0,51800.0,Call,-,-,-,-,1880,-,-,0,0,0,1,1820,1920,4720,4600
TXO,202703,20270317.0,51800.0,Put,-,-,-,-,5500,-,-,0,0,0,1,5450,5610,7090,7090
TXO,202703,20270317.0,52000.0,Call,-,-,-,-,1810,-,-,0,0,0,11,1750,1850,5800,1370
TXO,202703,20270317.0,52000.0,Put,-,-,-,-,5630,-,-,0,0,0,1,5580,5740,7230,7230
TXO,202703,20270317.0,52200.0,Call,-,-,-,-,1750,-,-,0,0,0,1,1690,1790,2120,2120
TXO,202703,20270317.0,52200.0,Put,-,-,-,-,5770,-,-,0,0,0,1,5700,5880,7370,7370
TXO,202703,20270317.0,52400.0,Call,-,-,-,-,1690,-,-,0,0,0,1,1640,1730,4900,1440
TXO,202703,20270317.0,52400.0,Put,-,-,-,-,5910,-,-,0,0,0,1,5840,6010,7510,7510
TXO,202703,20270317.0,52600.0,Call,-,-,-,-,1630,-,-,0,0,0,2,1580,1670,2230,1520
TXO,202703,20270317.0,52600.0,Put,-,-,-,-,6050,-,-,0,0,0,1,5990,6130,7650,7650
TXO,202703,20270317.0,52800.0,Call,-,-,-,-,1570,-,-,0,0,0,1,1520,1610,4470,1340
TXO,202703,20270317.0,52800.0,Put,-,-,-,-,6190,-,-,0,0,0,1,6120,6290,7790,7790
TXO,202703,20270317.0,53000.0,Call,-,-,-,-,1510,-,-,0,0,0,11,1460,1550,4850,1160
TXO,202703,20270317.0,53000.0,Put,-,-,-,-,6330,-,-,0,0,0,0,6260,6410,-,-
TXO,202703,20270317.0,53200.0,Call,-,-,-,-,1460,-,-,0,0,0,2,1410,1500,4700,1280
TXO,202703,20270317.0,53200.0,Put,-,-,-,-,6470,-,-,0,0,0,1,6420,-,8070,8070
TXO,202703,20270317.0,53400.0,Call,-,-,-,-,1400,-,-,0,0,0,6,1350,1440,1860,1430
TXO,202703,20270317.0,53400.0,Put,-,-,-,-,6610,-,-,0,0,0,1,6540,6710,8400,8220
TXO,202703,20270317.0,53600.0,Call,-,-,-,-,1350,-,-,0,0,0,2,1300,1390,1890,1120
TXO,202703,20270317.0,53600.0,Put,-,-,-,-,6760,-,-,0,0,0,0,6690,6860,-,-
TXO,202703,20270317.0,53800.0,Call,-,-,-,-,1300,-,-,0,0,0,2,1250,1340,4600,1000
TXO,202703,20270317.0,53800.0,Put,-,-,-,-,6910,-,-,0,0,0,0,6860,7010,-,-
TXO,202703,20270317.0,54000.0,Call,-,-,-,-,1260,-,-,0,0,0,17,1210,1300,4820,905
TXO,202703,20270317.0,54000.0,Put,-,-,-,-,7070,-,-,0,0,0,0,7010,7160,-,-
TXO,202703,20270317.0,54200.0,Call,-,-,-,-,1210,-,-,0,0,0,4,1160,1250,1770,920
TXO,202703,20270317.0,54200.0,Put,-,-,-,-,7220,-,-,0,0,0,0,7160,7310,-,-
TXO,202703,20270317.0,54400.0,Call,-,-,-,-,1170,-,-,0,0,0,11,1110,1200,1810,910
TXO,202703,20270317.0,54400.0,Put,-,-,-,-,7370,-,-,0,0,0,0,7290,7470,-,-
TXO,202703,20270317.0,54600.0,Call,-,-,-,-,1130,-,-,0,0,0,3,1070,1160,1740,870
TXO,202703,20270317.0,54600.0,Put,-,-,-,-,7530,-,-,0,0,0,0,7470,7620,-,-
TXO,202703,20270317.0,54800.0,Call,-,-,-,-,1090,-,-,0,0,0,5,1030,1120,1450,820
TXO,202703,20270317.0,54800.0,Put,-,-,-,-,7690,-,-,0,0,0,0,7620,7780,-,-
TXO,202703,20270317.0,55000.0,Call,-,-,-,-,1050,-,-,2,0,2,26,1000,1090,3600,805
TXO,202703,20270317.0,55000.0,Put,-,-,-,-,7850,-,-,0,0,0,0,7760,7940,-,-
TXO,202703,20270317.0,55200.0,Call,-,-,-,-,1010,-,-,3,0,3,18,960,1030,4510,950
TXO,202703,20270317.0,55200.0,Put,-,-,-,-,8000,-,-,0,0,0,0,7920,8100,-,-
TXO,202703,20270317.0,55400.0,Call,-,-,-,-,970,-,-,0,0,0,6,925,995,1320,970
TXO,202703,20270317.0,55400.0,Put,-,-,-,-,8170,-,-,0,0,0,0,8080,8260,-,-
TXO,202703,20270317.0,55600.0,Call,-,-,-,-,935,-,-,0,0,0,1,885,955,1730,1730
TXO,202703,20270317.0,55600.0,Put,-,-,-,-,8330,-,-,0,0,0,0,8260,8430,-,-
TXO,202703,20270317.0,55800.0,Call,-,-,-,-,900,-,-,0,0,0,4,850,920,4340,715
TXO,202703,20270317.0,55800.0,Put,-,-,-,-,8490,-,-,0,0,0,0,8410,8590,-,-
TXO,202703,20270317.0,56000.0,Call,-,-,-,-,865,-,-,0,0,0,19,815,885,2570,610
TXO,202703,20270317.0,56000.0,Put,-,-,-,-,8650,-,-,0,0,0,0,8570,8800,14710,10440
TXO,202703,20270317.0,56200.0,Call,-,-,-,-,835,-,-,0,0,0,4,780,850,1370,690
TXO,202703,20270317.0,56200.0,Put,-,-,-,-,8820,-,-,0,0,0,0,8740,8920,-,-
TXO,202703,20270317.0,56400.0,Call,-,-,-,-,800,-,-,0,0,0,12,765,830,1140,710
TXO,202703,20270317.0,56400.0,Put,-,-,-,-,8980,-,-,0,0,0,0,8920,9090,-,-
TXO,202703,20270317.0,56600.0,Call,765,765,765,765,765,▲+25,▲+3.38%,0,2,2,8,730,795,1760,700
TXO,202703,20270317.0,56600.0,Put,-,-,-,-,9150,-,-,0,0,0,0,9070,9260,-,-
TXO,202703,20270317.0,56800.0,Call,-,-,-,-,735,-,-,4,0,4,1,700,760,1070,615
TXO,202703,20270317.0,56800.0,Put,-,-,-,-,9310,-,-,0,0,0,0,9260,9430,-,-
TXO,202703,20270317.0,57000.0,Call,720,720,720,720,720,▲+45,▲+6.67%,0,1,1,12,670,730,2950,535
TXO,202703,20270317.0,57000.0,Put,-,-,-,-,9480,-,-,0,0,0,0,9410,9610,-,-
TXO,202703,20270317.0,57200.0,Call,680,680,680,680,680,▲+30,▲+4.62%,0,1,1,18,645,700,3450,498
TXO,202703,20270317.0,57200.0,Put,-,-,-,-,9650,-,-,0,0,0,0,9580,9830,-,-
TXO,202703,20270317.0,57400.0,Call,655,700,655,695,655,▲+50,▲+7.75%,1,25,26,231,625,680,3760,385
TXO,202703,20270317.0,57400.0,Put,-,-,-,-,9830,-,-,0,0,0,0,9750,9950,-,-
