契約,到期月份 (週別),契約到期日,履約價,買賣權,開盤價,最高價,最低價,最後 成交價,結算價,漲跌價,漲跌%,*盤後交易時段成交量,*一般交易時段成交量,*合計成交量,*未沖銷 契約量,最後 最佳買價,最後 最佳賣價,歷史 最高價,歷史 最低價
TXO,202610F2,20261012.0,42800.0,Call,-,-,-,-,6350.0,-,-,0,0,0,0,6330,6380,-,-
TXO,202610F2,20261012.0,42800.0,Put,0.4,0.4,0.1,0.1,0.1,▼-0.2,▼-66.67%,0,3,3,60,-,0.5,17,0.1
TXO,202610F2,20261012.0,42900.0,Call,-,-,-,-,6250.0,-,-,0,0,0,0,6230,6280,-,-
TXO,202610F2,20261012.0,42900.0,Put,0.7,0.7,0.7,0.7,0.1,▲+0.4,▲+133.33%,0,5,5,25,-,0.5,16.5,0.7
TXO,202610F2,20261012.0,43000.0,Call,-,-,-,-,6150.0,-,-,0,0,0,0,6130,6180,-,-
TXO,202610F2,20261012.0,43000.0,Put,-,-,-,-,0.1,-,-,0,0,0,15,-,0.5,11.5,0.5
TXO,202610F2,20261012.0,43100.0,Call,-,-,-,-,6050.0,-,-,0,0,0,0,6030,6080,-,-
TXO,202610F2,20261012.0,43100.0,Put,0.7,0.7,0.7,0.7,0.1,▲+0.4,▲+133.33%,0,5,5,16,-,0.6,12.5,0.7
TXO,202610F2,20261012.0,43200.0,Call,-,-,-,-,5950.0,-,-,0,0,0,0,5930,5980,-,-
TXO,202610F2,20261012.0,43200.0,Put,0.8,0.8,0.3,0.3,0.1,0,0%,0,6,6,34,-,0.6,35,0.3
TXO,202610F2,20261012.0,43300.0,Call,-,-,-,-,5850.0,-,-,0,0,0,0,5830,5880,-,-
TXO,202610F2,20261012.0,43300.0,Put,0.8,0.8,0.8,0.8,0.1,▲+0.5,▲+166.67%,0,5,5,35,-,0.6,26.5,0.5
TXO,202610F2,20261012.0,43400.0,Call,-,-,-,-,5750.0,-,-,0,0,0,0,5730,5780,-,-
TXO,202610F2,20261012.0,43400.0,Put,0.9,0.9,0.9,0.9,0.1,▲+0.6,▲+200.00%,0,5,5,11,-,0.6,14,0.9
TXO,202610F2,20261012.0,43500.0,Call,-,-,-,-,5650.0,-,-,0,0,0,0,5630,5680,-,-
TXO,202610F2,20261012.0,43500.0,Put,0.9,0.9,0.9,0.9,0.1,▲+0.5,▲+125.00%,0,5,5,15,-,0.6,42,0.8
TXO,202610F2,20261012.0,43600.0,Call,-,-,-,-,5550.0,-,-,0,0,0,0,5530,5580,-,-
TXO,202610F2,20261012.0,43600.0,Put,0.9,0.9,0.9,0.9,0.1,▲+0.5,▲+125.00%,0,5,5,20,-,0.6,34,0.5
TXO,202610F2,20261012.0,43700.0,Call,-,-,-,-,5450.0,-,-,0,0,0,0,5430,5480,-,-
TXO,202610F2,20261012.0,43700.0,Put,1,1,0.3,0.3,0.1,▼-0.1,▼-25.00%,0,7,7,11,-,0.6,21,0.3
TXO,202610F2,20261012.0,43800.0,Call,-,-,-,-,5350.0,-,-,0,0,0,0,5330,5380,-,-
TXO,202610F2,20261012.0,43800.0,Put,1.1,1.1,1.1,1.1,0.1,▲+0.7,▲+175.00%,0,5,5,12,-,0.6,37.5,1.1
TXO,202610F2,20261012.0,43900.0,Call,-,-,-,-,5250.0,-,-,0,0,0,0,5230,5280,-,-
TXO,202610F2,20261012.0,43900.0,Put,1.1,1.1,1.1,1.1,0.1,▲+0.6,▲+120.00%,1,6,7,18,-,0.6,42,0.5
TXO,202610F2,20261012.0,44000.0,Call,-,-,-,-,5150.0,-,-,0,0,0,0,5130,5180,-,-
TXO,202610F2,20261012.0,44000.0,Put,1.2,1.2,0.2,0.2,0.2,▼-0.3,▼-60.00%,0,6,6,76,0.1,0.2,47.5,0.2
TXO,202610F2,20261012.0,44100.0,Call,-,-,-,-,5050.0,-,-,0,0,0,0,5030,5080,-,-
TXO,202610F2,20261012.0,44100.0,Put,1.2,1.2,1.2,1.2,0.2,▲+0.7,▲+140.00%,0,5,5,13,0.1,0.2,50,1.2
TXO,202610F2,20261012.0,44200.0,Call,-,-,-,-,4950.0,-,-,0,0,0,0,4930,4980,-,-
TXO,202610F2,20261012.0,44200.0,Put,1.3,1.3,0.3,0.3,0.2,▼-0.2,▼-40.00%,1,37,38,22,0.1,0.3,28.5,0.3
TXO,202610F2,20261012.0,44300.0,Call,-,-,-,-,4850.0,-,-,0,0,0,0,4830,4880,-,-
TXO,202610F2,20261012.0,44300.0,Put,1.3,1.3,0.4,0.4,0.2,▼-0.2,▼-33.33%,1,6,7,167,0.1,0.3,65,0.4
TXO,202610F2,20261012.0,44400.0,Call,-,-,-,-,4750.0,-,-,0,0,0,0,4730,4780,-,-
TXO,202610F2,20261012.0,44400.0,Put,1.4,1.4,0.2,0.2,0.2,▼-0.4,▼-66.67%,63,12,75,474,0.1,0.3,59,0.2
TXO,202610F2,20261012.0,44500.0,Call,-,-,-,-,4650.0,-,-,0,0,0,0,4630,4680,-,-
TXO,202610F2,20261012.0,44500.0,Put,1.5,1.5,0.7,0.7,0.2,0,0%,1,6,7,65,0.1,0.3,73,0.6
TXO,202610F2,20261012.0,44600.0,Call,-,-,-,-,4550.0,-,-,0,0,0,0,4530,4580,-,-
TXO,202610F2,20261012.0,44600.0,Put,1.5,1.5,1.5,1.5,0.3,▲+0.8,▲+114.29%,0,5,5,19,0.2,0.3,77,1.5
TXO,202610F2,20261012.0,44700.0,Call,-,-,-,-,4450.0,-,-,0,0,0,0,4440,4480,-,-
TXO,202610F2,20261012.0,44700.0,Put,1.6,1.6,1.2,1.2,0.3,▲+0.4,▲+50.00%,2,6,8,22,0.2,0.4,89,1.2
TXO,202610F2,20261012.0,44800.0,Call,-,-,-,-,4350.0,-,-,0,0,0,0,4340,4380,-,-
TXO,202610F2,20261012.0,44800.0,Put,1.7,1.7,1.7,1.7,0.3,▲+0.9,▲+112.50%,0,5,5,15,0.2,0.4,92,1.6
TXO,202610F2,20261012.0,44900.0,Call,-,-,-,-,4250.0,-,-,0,0,0,0,4240,4270,-,-
TXO,202610F2,20261012.0,44900.0,Put,1.8,1.8,1.8,1.8,0.3,▲+0.9,▲+100.00%,0,5,5,11,0.2,0.4,89,1.8
TXO,202610F2,20261012.0,45000.0,Call,-,-,-,-,4150.0,-,-,0,0,0,0,4140,4170,-,-
TXO,202610F2,20261012.0,45000.0,Put,2,2,0.8,0.8,0.4,▼-0.3,▼-27.27%,9,18,27,48,0.3,0.5,115,0.8
TXO,202610F2,20261012.0,45100.0,Call,-,-,-,-,4050.0,-,-,0,0,0,0,4040,4070,-,-
TXO,202610F2,20261012.0,45100.0,Put,2,2,2,2,0.4,▲+0.9,▲+81.82%,0,5,5,14,0.3,0.5,109,2
TXO,202610F2,20261012.0,45200.0,Call,-,-,-,-,3950.0,-,-,0,0,0,0,3940,3970,-,-
TXO,202610F2,20261012.0,45200.0,Put,2.1,2.1,0.6,0.6,0.5,▼-0.6,▼-50.00%,0,31,31,38,0.4,0.6,115,0.6
TXO,202610F2,20261012.0,45300.0,Call,-,-,-,-,3850.0,-,-,0,0,0,0,3840,3870,-,-
TXO,202610F2,20261012.0,45300.0,Put,2.2,2.2,1.4,1.4,0.5,▲+0.1,▲+7.69%,0,6,6,13,0.4,0.6,128,1.4
TXO,202610F2,20261012.0,45400.0,Call,-,-,-,-,3750.0,-,-,0,0,0,0,3740,3770,-,-
TXO,202610F2,20261012.0,45400.0,Put,2.3,2.3,0.4,0.4,0.6,▼-0.9,▼-69.23%,0,16,16,19,0.5,0.7,126,0.4
TXO,202610F2,20261012.0,45500.0,Call,-,-,-,-,3650.0,-,-,0,0,0,0,3640,3670,-,-
TXO,202610F2,20261012.0,45500.0,Put,2.5,2.5,0.4,0.4,0.7,▼-0.9,▼-69.23%,7,12,19,63,0.6,0.8,154,0.4
TXO,202610F2,20261012.0,45600.0,Call,-,-,-,-,3550.0,-,-,0,0,0,0,3540,3570,-,-
TXO,202610F2,20261012.0,45600.0,Put,2.6,2.6,1.4,1.4,0.8,▲+0.1,▲+7.69%,3,8,11,24,0.7,0.9,145,1
TXO,202610F2,20261012.0,45700.0,Call,-,-,-,-,3450.0,-,-,0,0,0,0,3440,3470,-,-
TXO,202610F2,20261012.0,45700.0,Put,2.7,2.7,1.6,1.8,0.9,▲+0.1,▲+5.88%,1,16,17,11,0.8,1,53,1.3
TXO,202610F2,20261012.0,45800.0,Call,-,-,-,-,3350.0,-,-,0,0,0,0,3340,3370,-,-
TXO,202610F2,20261012.0,45800.0,Put,2.8,2.8,1.7,1.7,1.0,▼-0.1,▼-5.56%,1,16,17,23,0.9,1.1,80,1.4
TXO,202610F2,20261012.0,45900.0,Call,-,-,-,-,3250.0,-,-,0,0,0,0,3240,3270,-,-
TXO,202610F2,20261012.0,45900.0,Put,3,3,1.8,1.8,1.1,▼-0.1,▼-5.26%,10,17,27,28,1,1.2,128,1.4
TXO,202610F2,20261012.0,46000.0,Call,-,-,-,-,3150.0,-,-,0,0,0,0,3140,3170,-,-
TXO,202610F2,20261012.0,46000.0,Put,3.2,3.3,1.2,1.2,1.2,▼-0.8,▼-40.00%,3,38,41,44,1.1,1.3,204,1.2
TXO,202610F2,20261012.0,46100.0,Call,-,-,-,-,3050.0,-,-,0,0,0,0,3040,3070,-,-
TXO,202610F2,20261012.0,46100.0,Put,3.4,3.4,0.7,0.7,1.3,▼-1.3,▼-65.00%,1,9,10,22,1.1,1.4,205,0.7
TXO,202610F2,20261012.0,46200.0,Call,3030,3030,3030,3030,2950.0,▼-490,▼-13.92%,0,1,1,1,2940,2980,3030,3030
TXO,202610F2,20261012.0,46200.0,Put,3.6,3.6,0.6,0.9,1.5,▼-1.3,▼-59.09%,1,27,28,34,1.4,1.6,251,0.6
TXO,202610F2,20261012.0,46250.0,Call,-,-,-,-,2900.0,-,-,0,0,0,0,2890,2920,-,-
TXO,202610F2,20261012.0,46250.0,Put,3.3,3.8,0.8,0.8,1.6,▼-1.4,▼-63.64%,6,12,18,16,1.5,1.7,124,0.8
TXO,202610F2,20261012.0,46300.0,Call,-,-,-,-,2850.0,-,-,0,0,0,0,2840,2870,-,-
TXO,202610F2,20261012.0,46300.0,Put,3.8,3.8,0.4,0.9,1.7,▼-1.5,▼-62.50%,0,18,18,41,1.6,1.8,206,0.4
TXO,202610F2,20261012.0,46350.0,Call,-,-,-,-,2800.0,-,-,0,0,0,0,2790,2820,-,-
TXO,202610F2,20261012.0,46350.0,Put,2.9,2.9,1.5,1.5,1.8,▼-1,▼-40.00%,7,8,15,13,1.6,1.9,64,1.5
TXO,202610F2,20261012.0,46400.0,Call,-,-,-,-,2750.0,-,-,0,0,0,0,2740,2770,-,-
TXO,202610F2,20261012.0,46400.0,Put,3,3,1.4,1.4,1.8,▼-1.1,▼-44.00%,2,19,21,21,1.7,1.9,286,1.4
TXO,202610F2,20261012.0,46450.0,Call,-,-,-,-,2700.0,-,-,0,0,0,0,2690,2720,-,-
TXO,202610F2,20261012.0,46450.0,Put,3.3,3.3,1.6,1.6,1.9,▼-1,▼-38.46%,0,7,7,20,1.8,2,32.5,1.6
TXO,202610F2,20261012.0,46500.0,Call,-,-,-,-,2650.0,-,-,0,0,0,126,2590,2800,2070,2000
TXO,202610F2,20261012.0,46500.0,Put,4,4.1,1.5,1.5,2.0,▼-1.1,▼-42.31%,200,39,239,296,1.9,2.1,252,1.5
TXO,202610F2,20261012.0,46550.0,Call,-,-,-,-,2600.0,-,-,0,0,0,0,2590,2620,-,-
TXO,202610F2,20261012.0,46550.0,Put,3.3,3.3,1.7,1.7,2.1,▼-1,▼-37.04%,1,9,10,26,2,2.2,121,1.7
TXO,202610F2,20261012.0,46600.0,Call,-,-,-,-,2550.0,-,-,0,0,0,0,2540,2570,-,-
TXO,202610F2,20261012.0,46600.0,Put,3.7,3.7,0.3,0.3,2.2,▼-2.5,▼-89.29%,5,20,25,46,2.1,2.3,340,0.3
TXO,202610F2,20261012.0,46650.0,Call,-,-,-,-,2500.0,-,-,0,0,0,0,2490,2520,-,-
TXO,202610F2,20261012.0,46650.0,Put,4.9,4.9,1.9,1.9,2.3,▼-1,▼-34.48%,0,10,10,45,2.2,2.4,23,1.9
TXO,202610F2,20261012.0,46700.0,Call,2620,2620,2580,2580,2450.0,▼-440,▼-14.57%,0,15,15,198,2430,2480,2620,1350
TXO,202610F2,20261012.0,46700.0,Put,4.8,5.2,1.6,1.8,2.4,▼-1.2,▼-40.00%,20,138,158,266,2.3,2.5,383,1.6
TXO,202610F2,20261012.0,46750.0,Call,-,-,-,-,2400.0,-,-,0,0,0,6,2390,2430,1330,1240
TXO,202610F2,20261012.0,46750.0,Put,5,5.3,1.9,1.9,2.5,▼-1.3,▼-40.63%,7,41,48,65,2.4,2.6,422,1.9
TXO,202610F2,20261012.0,46800.0,Call,-,-,-,-,2350.0,-,-,0,0,0,0,2340,2370,-,-
TXO,202610F2,20261012.0,46800.0,Put,4.8,5.4,1.9,2.7,2.7,▼-0.8,▼-22.86%,30,483,513,470,2.5,2.7,302,1.9
TXO,202610F2,20261012.0,46850.0,Call,2520,2520,2520,2520,2300.0,▼-350,▼-12.20%,1,1,2,3,2290,2330,2520,1260
TXO,202610F2,20261012.0,46850.0,Put,5.3,5.9,2,2,2.8,▼-1.6,▼-44.44%,25,140,165,145,2.6,2.9,412,2
TXO,202610F2,20261012.0,46900.0,Call,-,-,-,-,2250.0,-,-,0,0,0,3,2240,2280,1120,1120
TXO,202610F2,20261012.0,46900.0,Put,5,6.6,2,2,3.1,▼-1.8,▼-47.37%,15,318,333,333,2.7,3.4,475,2
TXO,202610F2,20261012.0,46950.0,Call,-,-,-,-,2200.0,-,-,0,0,0,2,2190,2230,1850,1150
TXO,202610F2,20261012.0,46950.0,Put,4.1,4.1,2,2,3.1,▼-1.9,▼-48.72%,7,83,90,88,2.8,3.4,448,2
TXO,202610F2,20261012.0,47000.0,Call,-,-,-,-,2150.0,-,-,0,0,0,3,2140,2180,1150,1150
TXO,202610F2,20261012.0,47000.0,Put,6.3,6.3,2.1,2.5,3.5,▼-1.5,▼-37.50%,113,160,273,350,3.2,3.8,473,2.1
TXO,202610F2,20261012.0,47050.0,Call,-,-,-,-,2100.0,-,-,0,0,0,3,2090,2130,1080,1080
TXO,202610F2,20261012.0,47050.0,Put,4.6,4.6,2.5,2.5,3.6,▼-1.7,▼-40.48%,1,14,15,16,3.2,4,486,2.5
TXO,202610F2,20261012.0,47100.0,Call,-,-,-,-,2050.0,-,-,0,0,0,3,2040,2070,1070,975
TXO,202610F2,20261012.0,47100.0,Put,7.1,7.3,2.4,3.2,4.0,▼-1.2,▼-27.27%,6,80,86,71,3.5,4.4,550,2.4
TXO,202610F2,20261012.0,47150.0,Call,-,-,-,-,2010.0,-,-,0,0,0,2,1990,2020,1040,1030
TXO,202610F2,20261012.0,47150.0,Put,8,8.7,2.5,2.5,4.2,▼-2,▼-44.44%,10,20,30,24,3.7,4.6,510,2.5
TXO,202610F2,20261012.0,47200.0,Call,-,-,-,-,1960.0,-,-,0,0,0,0,1940,1970,1520,1520
TXO,202610F2,20261012.0,47200.0,Put,7.9,7.9,3,3.3,4.7,▼-1.6,▼-32.65%,41,12,53,47,4.1,5.3,253,3
TXO,202610F2,20261012.0,47250.0,Call,-,-,-,-,1910.0,-,-,0,0,0,3,1890,1920,955,955
TXO,202610F2,20261012.0,47250.0,Put,9.4,9.4,3,5,5.0,▼-0.1,▼-1.96%,31,38,69,41,4.5,5.7,560,3
TXO,202610F2,20261012.0,47300.0,Call,-,-,-,-,1860.0,-,-,0,0,0,1,1840,1880,945,870
TXO,202610F2,20261012.0,47300.0,Put,8.2,8.2,5.3,5.4,5.4,0,0%,34,136,170,146,4.9,6.3,625,5.3
TXO,202610F2,20261012.0,47350.0,Call,-,-,-,-,1810.0,-,-,0,0,0,0,1790,1830,915,905
TXO,202610F2,20261012.0,47350.0,Put,7.7,10.5,4.8,5.9,5.9,▲+0.3,▲+5.36%,35,74,109,46,5,6.3,585,4.8
TXO,202610F2,20261012.0,47400.0,Call,1920,1920,1920,1920,1760.0,▼-400,▼-17.24%,0,1,1,2,1740,2090,1920,815
TXO,202610F2,20261012.0,47400.0,Put,9.3,11,4,4.9,6.8,▼-1.1,▼-18.33%,53,126,179,105,6.1,7.5,670,4
TXO,202610F2,20261012.0,47450.0,Call,-,-,-,-,1710.0,-,-,0,0,0,0,1700,1730,-,-
TXO,202610F2,20261012.0,47450.0,Put,11.5,11.5,3.5,5,7.5,▼-1.6,▼-24.24%,45,47,92,35,6.8,8.2,520,3.5
TXO,202610F2,20261012.0,47500.0,Call,-,-,-,-,1660.0,-,-,0,0,0,3,1650,1680,1180,760
TXO,202610F2,20261012.0,47500.0,Put,10,12,4.6,6.8,8.2,▼-0.2,▼-2.86%,258,157,415,340,7.5,8.9,715,4.6
TXO,202610F2,20261012.0,47550.0,Call,-,-,-,-,1610.0,-,-,0,0,0,3,1600,1630,780,780
TXO,202610F2,20261012.0,47550.0,Put,10.5,13,5,7.6,9.2,▲+0.1,▲+1.33%,51,159,210,49,7.9,9.5,685,5
TXO,202610F2,20261012.0,47600.0,Call,-,-,-,-,1560.0,-,-,0,0,0,3,1550,1580,1440,785
TXO,202610F2,20261012.0,47600.0,Put,14,15,5.9,6,10.5,▼-2,▼-25.00%,288,133,421,215,9.5,11,665,5.9
TXO,202610F2,20261012.0,47650.0,Call,-,-,-,-,1510.0,-,-,0,0,0,4,1500,1530,1020,755
TXO,202610F2,20261012.0,47650.0,Put,15.5,16,4,8.8,11.5,▲+0.4,▲+4.76%,43,92,135,63,10.5,12,690,4
TXO,202610F2,20261012.0,47700.0,Call,-,-,-,-,1460.0,-,-,0,0,0,3,1450,1480,1590,710
TXO,202610F2,20261012.0,47700.0,Put,17,18,7,12,12.0,▲+2.7,▲+29.03%,89,144,233,180,12,13.5,480,7
TXO,202610F2,20261012.0,47750.0,Call,1480,1480,1480,1480,1420.0,▼-490,▼-24.87%,0,1,1,3,1400,1430,2000,675
TXO,202610F2,20261012.0,47750.0,Put,18,19.5,5.3,14,14.0,▲+4.4,▲+45.83%,137,87,224,108,14,15,780,5.3
TXO,202610F2,20261012.0,47800.0,Call,1540,1550,1500,1500,1370.0,▼-420,▼-21.88%,0,180,180,180,1350,1380,1870,650
TXO,202610F2,20261012.0,47800.0,Put,11,22,4.1,16,16.0,▲+5,▲+45.45%,434,294,728,329,15.5,16.5,805,4.1
TXO,202610F2,20261012.0,47850.0,Call,1390,1390,1390,1390,1320.0,▼-490,▼-26.06%,0,1,1,5,1310,1340,1830,1040
TXO,202610F2,20261012.0,47850.0,Put,19.5,23,9.8,15.5,18.5,▲+4.5,▲+40.91%,215,124,339,114,17.5,19,775,9.8
TXO,202610F2,20261012.0,47900.0,Call,1440,1450,1400,1400,1270.0,▼-430,▼-23.50%,3,500,503,1000,1260,1290,1920,565
TXO,202610F2,20261012.0,47900.0,Put,22.5,27,9,21.5,21.5,▲+9.5,▲+79.17%,274,304,578,355,20,21.5,920,9
TXO,202610F2,20261012.0,47950.0,Call,1290,1290,1290,1290,1220.0,▼-490,▼-27.53%,0,1,1,3,1210,1240,1900,585
TXO,202610F2,20261012.0,47950.0,Put,24,27.5,10.5,22.5,22.5,▲+9.5,▲+73.08%,310,207,517,288,23,24,860,10.5
TXO,202610F2,20261012.0,48000.0,Call,1250,1330,1250,1300,1180.0,▼-430,▼-24.86%,3,401,404,1401,1170,1190,1930,665
TXO,202610F2,20261012.0,48000.0,Put,25,31,12,26,26.0,▲+12,▲+85.71%,1630,1231,2861,1337,26,27,780,10
TXO,202610F2,20261012.0,48050.0,Call,1200,1200,1200,1200,1130.0,▼-480,▼-28.57%,0,1,1,10,1120,1150,1800,535
TXO,202610F2,20261012.0,48050.0,Put,29,35,14.5,29.5,29.5,▲+14,▲+90.32%,361,346,707,190,29,30.5,940,14.5
TXO,202610F2,20261012.0,48100.0,Call,1190,1200,1190,1200,1090.0,▼-430,▼-26.38%,0,10,10,501,1070,1100,1730,520
TXO,202610F2,20261012.0,48100.0,Put,32,38.5,16.5,34.5,34.5,▲+17.5,▲+102.94%,737,560,1297,572,34,34.5,955,9
TXO,202610F2,20261012.0,48150.0,Call,-,-,-,-,1040.0,-,-,0,0,0,6,1030,1060,1690,580
TXO,202610F2,20261012.0,48150.0,Put,35.5,41.5,18,37,37.0,▲+18,▲+94.74%,342,646,988,209,37,38.5,605,18
TXO,202610F2,20261012.0,48200.0,Call,1130,1270,1030,1030,995.0,▼-510,▼-33.12%,16,57,73,681,985,1010,1670,525
TXO,202610F2,20261012.0,48200.0,Put,39,48,20.5,41.5,41.5,▲+19.5,▲+88.64%,892,1029,1921,816,42,43,805,8.9
TXO,202610F2,20261012.0,48250.0,Call,1000,1000,1000,1000,950.0,▼-490,▼-32.89%,3,10,13,20,940,960,1620,570
TXO,202610F2,20261012.0,48250.0,Put,43.5,52,22.5,46.5,46.5,▲+24.5,▲+111.36%,776,943,1719,396,46.5,48.5,710,18
TXO,202610F2,20261012.0,48300.0,Call,1070,1160,940,940,905.0,▼-500,▼-34.72%,24,46,70,502,900,915,1650,515
TXO,202610F2,20261012.0,48300.0,Put,49,59,24.5,52,52.0,▲+24.5,▲+89.09%,1306,1428,2734,569,52,55,635,14
TXO,202610F2,20261012.0,48350.0,Call,990,990,990,990,860.0,▼-400,▼-28.78%,0,1,1,2,850,870,1450,565
TXO,202610F2,20261012.0,48350.0,Put,53,65,28,59,59.0,▲+29,▲+96.67%,925,923,1848,461,58,61,565,26.5
TXO,202610F2,20261012.0,48400.0,Call,940,1040,870,870,820.0,▼-480,▼-35.56%,6,22,28,14,810,1140,1450,405
TXO,202610F2,20261012.0,48400.0,Put,60,74,31,68,68.0,▲+35,▲+106.06%,1313,1264,2577,586,67,68,750,28.5
TXO,202610F2,20261012.0,48450.0,Call,955,980,875,875,775.0,▼-425,▼-32.69%,1,3,4,1,770,785,1350,498
TXO,202610F2,20261012.0,48450.0,Put,66,80,34,76,76.0,▲+39.5,▲+108.22%,813,869,1682,462,75,76,750,32.5
TXO,202610F2,20261012.0,48500.0,Call,860,940,780,780,735.0,▼-470,▼-37.60%,32,39,71,532,730,740,1340,440
TXO,202610F2,20261012.0,48500.0,Put,68,90,38,84,84.0,▲+43.5,▲+107.41%,3283,2872,6155,1187,81,84,730,25
TXO,202610F2,20261012.0,48550.0,Call,810,895,810,895,695.0,▼-315,▼-26.03%,2,2,4,7,685,700,990,350
TXO,202610F2,20261012.0,48550.0,Put,75,99,43.5,93,93.0,▲+48.5,▲+108.99%,1266,855,2121,236,92,94,725,38
TXO,202610F2,20261012.0,48600.0,Call,775,895,715,750,655.0,▼-410,▼-35.34%,13,26,39,7,650,660,1340,348
TXO,202610F2,20261012.0,48600.0,Put,89,109,48.5,102,102.0,▲+52.5,▲+106.06%,1932,1546,3478,542,103,104,790,42
TXO,202610F2,20261012.0,48650.0,Call,800,800,715,715,615.0,▼-405,▼-36.16%,2,3,5,4,610,620,1120,398
TXO,202610F2,20261012.0,48650.0,Put,97,120,54,115,115.0,▲+61,▲+112.96%,1296,1046,2342,423,112,116,480,46.5
TXO,202610F2,20261012.0,48700.0,Call,715,840,585,585,585.0,▼-495,▼-45.83%,20,44,64,25,570,585,1240,364
TXO,202610F2,20261012.0,48700.0,Put,100,134,60,128,128.0,▲+67,▲+109.84%,1874,1763,3637,651,125,128,750,51
TXO,202610F2,20261012.0,48750.0,Call,595,595,595,595,540.0,▼-435,▼-42.23%,6,5,11,6,535,545,855,405
TXO,202610F2,20261012.0,48750.0,Put,114,145,68,139,139.0,▲+74,▲+113.85%,1189,886,2075,275,138,141,540,56
TXO,202610F2,20261012.0,48800.0,Call,675,750,505,505,505.0,▼-485,▼-48.99%,249,114,363,140,500,515,1180,260
TXO,202610F2,20261012.0,48800.0,Put,134,159,75,156,156.0,▲+81,▲+108.00%,2679,2669,5348,747,153,156,870,60
TXO,202610F2,20261012.0,48850.0,Call,570,710,487,487,487.0,▼-463,▼-48.74%,28,45,73,28,469,475,995,360
TXO,202610F2,20261012.0,48850.0,Put,140,177,84,171,171.0,▲+90,▲+111.11%,1448,1296,2744,187,168,172,845,68
TXO,202610F2,20261012.0,48900.0,Call,570,670,439,439,439.0,▼-466,▼-51.49%,295,149,444,127,436,444,985,308
TXO,202610F2,20261012.0,48900.0,Put,154,195,94,188,188.0,▲+97,▲+106.59%,2480,2413,4893,692,185,189,625,74
TXO,202610F2,20261012.0,48950.0,Call,535,630,405,405,405.0,▼-460,▼-53.18%,30,58,88,18,404,409,945,405
TXO,202610F2,20261012.0,48950.0,Put,170,210,104,206,206.0,▲+107,▲+108.08%,1137,1189,2326,182,202,207,1110,84
TXO,202610F2,20261012.0,49000.0,Call,499,590,371,371,371.0,▼-464,▼-55.57%,757,631,1388,373,374,381,1030,217
TXO,202610F2,20261012.0,49000.0,Put,180,231,112,223,223.0,▲+113,▲+102.73%,4647,4453,9100,1544,224,226,1000,88
TXO,202610F2,20261012.0,49050.0,Call,477,550,374,380,347.0,▼-405,▼-51.59%,193,166,359,27,344,352,795,246
TXO,202610F2,20261012.0,49050.0,Put,197,249,131,246,246.0,▲+129,▲+110.26%,1067,1433,2500,261,243,248,975,99
TXO,202610F2,20261012.0,49100.0,Call,431,510,316,318,320.0,▼-432,▼-57.60%,446,431,877,288,317,324,830,216
TXO,202610F2,20261012.0,49100.0,Put,215,272,143,267,267.0,▲+132,▲+97.78%,1888,2518,4406,577,266,270,1010,108
TXO,202610F2,20261012.0,49150.0,Call,406,482,319,319,293.0,▼-391,▼-55.07%,264,372,636,83,291,293,1090,200
TXO,202610F2,20261012.0,49150.0,Put,242,292,159,288,288.0,▲+141,▲+95.92%,1026,1366,2392,221,288,294,520,75
TXO,202610F2,20261012.0,49200.0,Call,377,447,268,268,268.0,▼-392,▼-59.39%,642,893,1535,375,268,272,895,173
TXO,202610F2,20261012.0,49200.0,Put,250,321,177,314,314.0,▲+154,▲+96.25%,2202,3067,5269,736,314,319,900,111
TXO,202610F2,20261012.0,49250.0,Call,350,414,246,246,246.0,▼-394,▼-61.56%,356,489,845,105,243,248,810,172
TXO,202610F2,20261012.0,49250.0,Put,290,348,193,343,343.0,▲+170,▲+98.27%,1186,2142,3328,310,339,346,510,152
TXO,202610F2,20261012.0,49300.0,Call,313,385,221,222,222.0,▼-383,▼-63.31%,1197,2159,3356,413,222,224,825,173
TXO,202610F2,20261012.0,49300.0,Put,305,376,213,370,370.0,▲+183,▲+97.86%,2221,2648,4869,1121,370,373,1000,150
TXO,202610F2,20261012.0,49350.0,Call,302,353,201,201,201.0,▼-369,▼-64.74%,564,966,1530,222,201,205,770,185
TXO,202610F2,20261012.0,49350.0,Put,346,409,234,409,409.0,▲+202,▲+97.58%,1131,1637,2768,238,397,403,700,167
TXO,202610F2,20261012.0,49400.0,Call,256,325,183,184,184.0,▼-356,▼-65.93%,1347,2715,4062,616,182,185,685,150
TXO,202610F2,20261012.0,49400.0,Put,379,436,257,436,436.0,▲+211,▲+93.78%,3023,2777,5800,1517,428,436,1010,177
TXO,202610F2,20261012.0,49450.0,Call,246,302,165,165,165.0,▼-332,▼-66.80%,581,1184,1765,163,163,167,690,131
TXO,202610F2,20261012.0,49450.0,Put,390,480,280,467,467.0,▲+217,▲+86.80%,615,1039,1654,165,459,467,550,200
TXO,202610F2,20261012.0,49500.0,Call,223,277,146,147,147.0,▼-329,▼-69.12%,3231,5915,9146,866,147,150,675,117
TXO,202610F2,20261012.0,49500.0,Put,408,500,304,491,491.0,▲+228,▲+86.69%,3651,2710,6361,1360,490,499,705,206
TXO,202610F2,20261012.0,49550.0,Call,200,251,135,135,135.0,▼-306,▼-69.39%,950,1438,2388,209,132,136,580,135
TXO,202610F2,20261012.0,49550.0,Put,440,530,330,530,530.0,▲+240,▲+82.76%,426,762,1188,74,525,535,650,244
TXO,202610F2,20261012.0,49600.0,Call,191,232,118,120,120.0,▼-300,▼-71.43%,2786,3254,6040,743,118,121,600,114
TXO,202610F2,20261012.0,49600.0,Put,450,575,360,575,575.0,▲+265,▲+85.48%,1274,1270,2544,444,560,575,680,248
TXO,202610F2,20261012.0,49650.0,Call,162,209,107,107,107.0,▼-277,▼-72.14%,1074,1440,2514,218,105,108,479,107
TXO,202610F2,20261012.0,49650.0,Put,510,600,391,600,600.0,▲+261,▲+76.99%,342,460,802,75,595,610,695,280
TXO,202610F2,20261012.0,49700.0,Call,146,190,92,92,92.0,▼-275,▼-74.93%,2794,2751,5545,800,94,96,570,92
TXO,202610F2,20261012.0,49700.0,Put,565,650,420,650,650.0,▲+289,▲+80.06%,686,791,1477,173,640,650,755,290
TXO,202610F2,20261012.0,49750.0,Call,135,170,83,83,83.0,▼-256,▼-75.52%,1996,1246,3242,423,83,86,520,83
TXO,202610F2,20261012.0,49750.0,Put,570,665,452,665,680.0,▲+277,▲+71.39%,172,229,401,70,675,690,775,316
TXO,202610F2,20261012.0,49800.0,Call,122,154,74,75,75.0,▼-245,▼-76.56%,4121,3404,7525,977,75,76,490,74
TXO,202610F2,20261012.0,49800.0,Put,500,730,486,730,730.0,▲+322,▲+78.92%,710,716,1426,215,720,730,1050,320
TXO,202610F2,20261012.0,49850.0,Call,108,138,34,67,67.0,▼-231,▼-77.52%,1624,1591,3215,361,65,68,446,34
TXO,202610F2,20261012.0,49850.0,Put,630,715,525,705,765.0,▲+261,▲+58.78%,57,85,142,40,760,770,835,364
TXO,202610F2,20261012.0,49900.0,Call,115,125,57,58,58.0,▼-222,▼-79.29%,2242,2229,4471,738,57,60,460,57
TXO,202610F2,20261012.0,49900.0,Put,645,795,560,795,795.0,▲+335,▲+72.83%,269,273,542,66,800,815,845,361
TXO,202610F2,20261012.0,49950.0,Call,90,112,51,52,52.0,▼-203,▼-79.61%,1265,1402,2667,390,50,52,385,51
TXO,202610F2,20261012.0,49950.0,Put,710,835,595,815,845.0,▲+320,▲+64.65%,34,53,87,26,845,855,835,420
TXO,202610F2,20261012.0,50000.0,Call,86,99,45,45.5,45.5,▼-197.5,▼-81.28%,6204,5877,12081,2080,45,46,447,45
TXO,202610F2,20261012.0,50000.0,Put,775,880,630,880,880.0,▲+355,▲+67.62%,282,490,772,82,885,900,1000,445
TXO,202610F2,20261012.0,50050.0,Call,64,88,40,40,40.0,▼-179,▼-81.74%,1168,1674,2842,691,38.5,40.5,345,40
TXO,202610F2,20261012.0,50050.0,Put,820,850,730,850,930.0,▲+295,▲+53.15%,15,11,26,12,930,945,850,479
TXO,202610F2,20261012.0,50100.0,Call,61,80,33.5,34,34.0,▼-172,▼-83.50%,1869,2374,4243,794,33.5,34.5,340,33.5
TXO,202610F2,20261012.0,50100.0,Put,840,955,750,955,980.0,▲+370,▲+63.25%,22,13,35,60,975,990,955,500
TXO,202610F2,20261012.0,50150.0,Call,53,68,31.5,31.5,31.5,▼-164.5,▼-83.93%,1194,890,2084,433,29.5,30.5,301,31.5
TXO,202610F2,20261012.0,50150.0,Put,890,910,835,910,1030.0,▲+275,▲+43.31%,3,6,9,14,1010,1040,1150,635
TXO,202610F2,20261012.0,50200.0,Call,51,61,25.5,26,26.0,▼-152,▼-85.39%,2659,2771,5430,1372,25.5,26.5,347,25.5
TXO,202610F2,20261012.0,50200.0,Put,950,1000,795,965,1070.0,▲+315,▲+48.46%,19,26,45,13,1060,1090,1030,585
TXO,202610F2,20261012.0,50250.0,Call,42.5,54,22.5,22.5,22.5,▼-142.5,▼-86.36%,867,1096,1963,344,22.5,23.5,236,22.5
TXO,202610F2,20261012.0,50250.0,Put,995,995,955,955,1120.0,▲+255,▲+36.43%,3,7,10,6,1110,1130,995,635
TXO,202610F2,20261012.0,50300.0,Call,40.5,48,20,20,20.0,▼-132,▼-86.84%,2336,1510,3846,767,19.5,20.5,284,20
TXO,202610F2,20261012.0,50300.0,Put,1010,1100,870,1100,1170.0,▲+360,▲+48.65%,3,8,11,5,1150,1180,1100,805
TXO,202610F2,20261012.0,50350.0,Call,34,41,17.5,17.5,17.5,▼-122.5,▼-87.50%,1358,909,2267,441,18,18.5,229,17.5
TXO,202610F2,20261012.0,50350.0,Put,985,985,985,985,1220.0,▲+195,▲+24.68%,1,1,2,2,1200,1230,985,685
TXO,202610F2,20261012.0,50400.0,Call,31,36.5,15.5,16,16.0,▼-113,▼-87.60%,2265,2202,4467,1439,15,16,282,15.5
TXO,202610F2,20261012.0,50400.0,Put,1040,1040,1010,1010,1260.0,▲+195,▲+23.93%,13,2,15,6,1250,1280,1140,780
TXO,202610F2,20261012.0,50450.0,Call,26.5,32,14.5,14.5,14.5,▼-101.5,▼-87.50%,792,427,1219,249,13.5,14.5,206,14.5
TXO,202610F2,20261012.0,50450.0,Put,-,-,-,-,1310.0,-,-,17,0,17,8,1300,1320,1240,900
TXO,202610F2,20261012.0,50500.0,Call,21.5,27.5,12,12,12.0,▼-98,▼-89.09%,2173,1570,3743,1409,12,13,359,12
TXO,202610F2,20261012.0,50500.0,Put,1220,1320,1140,1140,1360.0,▲+245,▲+27.37%,24,5,29,223,1340,1370,1330,760
TXO,202610F2,20261012.0,50550.0,Call,23,24.5,12.5,12.5,11.0,▼-86.5,▼-87.37%,765,407,1172,319,10.5,11.5,167,12.5
TXO,202610F2,20261012.0,50550.0,Put,-,-,-,-,1410.0,-,-,0,0,0,0,1390,1420,-,-
TXO,202610F2,20261012.0,50600.0,Call,19,21.5,10,10,10.0,▼-80,▼-88.89%,1691,838,2529,640,9.1,11,228,10
TXO,202610F2,20261012.0,50600.0,Put,1250,1270,1250,1270,1460.0,▲+295,▲+30.26%,3,2,5,4,1440,1470,1270,900
TXO,202610F2,20261012.0,50650.0,Call,15,19,9.5,9.5,9.5,▼-70.5,▼-88.13%,478,381,859,127,7.5,10.5,137,9.5
TXO,202610F2,20261012.0,50650.0,Put,-,-,-,-,1510.0,-,-,0,0,0,0,1490,1520,-,-
TXO,202610F2,20261012.0,50700.0,Call,13,16,8.2,8.2,8.2,▼-66.8,▼-89.07%,1428,947,2375,861,8,8.4,196,8.2
TXO,202610F2,20261012.0,50700.0,Put,-,-,-,-,1560.0,-,-,0,0,0,1,1540,1570,1090,1090
TXO,202610F2,20261012.0,50750.0,Call,14,14,8,9.1,7.3,▼-58.9,▼-86.62%,377,226,603,123,6.9,7.7,135,8
TXO,202610F2,20261012.0,50750.0,Put,-,-,-,-,1610.0,-,-,1,0,1,1,1590,1620,1390,1390
TXO,202610F2,20261012.0,50800.0,Call,10.5,13,6.3,6.3,6.3,▼-54.7,▼-89.67%,1735,951,2686,686,6.6,7,178,6.3
TXO,202610F2,20261012.0,50800.0,Put,1590,1590,1490,1580,1660.0,▲+430,▲+37.39%,11,3,14,5,1640,1670,1590,1190
TXO,202610F2,20261012.0,50850.0,Call,10.5,11.5,6,6,6.0,▼-52,▼-89.66%,281,189,470,124,5.7,6.5,113,6
TXO,202610F2,20261012.0,50850.0,Put,-,-,-,-,1700.0,-,-,0,0,0,1,1690,1720,1240,1240
TXO,202610F2,20261012.0,50900.0,Call,8.1,10.5,5.8,6,6.0,▼-43.5,▼-87.88%,564,1058,1622,705,5.9,6,158,5.8
TXO,202610F2,20261012.0,50900.0,Put,-,-,-,-,1750.0,-,-,0,0,0,0,1730,1770,-,-
TXO,202610F2,20261012.0,50950.0,Call,8.1,8.5,4.9,4.9,4.9,▼-39.6,▼-88.99%,465,116,581,179,4.8,5.5,90,4.9
TXO,202610F2,20261012.0,50950.0,Put,-,-,-,-,1800.0,-,-,1,0,1,2,1790,1820,1580,1230
TXO,202610F2,20261012.0,51000.0,Call,7,7.9,4.1,4.1,4.7,▼-38.9,▼-90.47%,2203,786,2989,1172,4.4,5.1,134,4.1
TXO,202610F2,20261012.0,51000.0,Put,-,-,-,-,1850.0,-,-,1,0,1,6,1830,1870,1700,1280
TXO,202610F2,20261012.0,51050.0,Call,6.3,6.7,4.7,4.9,4.3,▼-32.6,▼-86.93%,457,233,690,125,4,4.7,76,4.7
TXO,202610F2,20261012.0,51050.0,Put,-,-,-,-,1900.0,-,-,0,0,0,1,1880,1920,1450,1450
TXO,202610F2,20261012.0,51100.0,Call,5.7,6.9,3.7,3.7,3.7,▼-31.8,▼-89.58%,459,401,860,470,3.7,4.4,124,3.7
TXO,202610F2,20261012.0,51100.0,Put,-,-,-,-,1950.0,-,-,0,0,0,0,1930,1970,-,-
TXO,202610F2,20261012.0,51150.0,Call,1,8,1,4.5,3.7,▼-25.5,▼-85.00%,288,296,584,242,3.4,4.1,75,1
TXO,202610F2,20261012.0,51150.0,Put,-,-,-,-,2000.0,-,-,0,0,0,0,1980,2010,-,-
TXO,202610F2,20261012.0,51200.0,Call,5.3,5.5,3.3,3.3,3.3,▼-24.7,▼-88.21%,414,1774,2188,1666,3.2,3.9,108,3.3
TXO,202610F2,20261012.0,51200.0,Put,-,-,-,-,2050.0,-,-,0,0,0,0,2030,2060,-,-
TXO,202610F2,20261012.0,51250.0,Call,4.4,4.6,3.4,3.8,3.3,▼-22.2,▼-85.38%,138,40,178,66,3,3.7,35,3.4
TXO,202610F2,20261012.0,51250.0,Put,-,-,-,-,2100.0,-,-,0,0,0,0,2080,2110,-,-
TXO,202610F2,20261012.0,51300.0,Call,6,6,2.9,3.2,3.2,▼-18.8,▼-85.45%,218,436,654,361,3.1,3.3,97,2.9
TXO,202610F2,20261012.0,51300.0,Put,-,-,-,-,2150.0,-,-,0,0,0,0,2130,2160,-,-
TXO,202610F2,20261012.0,51400.0,Call,3.2,3.9,2.6,2.9,2.9,▼-15.6,▼-84.32%,170,150,320,165,2.7,2.9,72,1.7
TXO,202610F2,20261012.0,51400.0,Put,-,-,-,-,2250.0,-,-,1,0,1,1,2230,2260,1920,1730
TXO,202610F2,20261012.0,51500.0,Call,2.5,4.7,2.4,2.8,2.8,▼-12.7,▼-81.94%,284,429,713,452,2.4,2.6,69,2.4
TXO,202610F2,20261012.0,51500.0,Put,-,-,-,-,2350.0,-,-,1,0,1,4,2330,2360,2310,1840
TXO,202610F2,20261012.0,51600.0,Call,2.4,3,2,2.4,2.4,▼-10.6,▼-81.54%,118,222,340,259,2.1,2.3,62,2
TXO,202610F2,20261012.0,51600.0,Put,-,-,-,-,2450.0,-,-,0,0,0,0,2430,2460,-,-
TXO,202610F2,20261012.0,51700.0,Call,3.6,3.6,1.8,2,2.0,▼-8.5,▼-80.95%,57,208,265,283,1.7,2,44,1.8
TXO,202610F2,20261012.0,51700.0,Put,-,-,-,-,2550.0,-,-,0,0,0,0,2530,2560,-,-
TXO,202610F2,20261012.0,51800.0,Call,1.8,2.3,1.6,1.6,1.6,▼-8.2,▼-83.67%,208,113,321,644,1.6,1.8,46.5,1.6
TXO,202610F2,20261012.0,51800.0,Put,-,-,-,-,2650.0,-,-,0,0,0,1,2630,2660,2020,2020
TXO,202610F2,20261012.0,51900.0,Call,1.4,2.1,1.2,2,1.5,▼-6,▼-75.00%,31,169,200,153,1.4,1.6,43,1.2
TXO,202610F2,20261012.0,51900.0,Put,-,-,-,-,2750.0,-,-,0,0,0,0,2730,2760,-,-
TXO,202610F2,20261012.0,52000.0,Call,2.1,2.1,0.9,1.5,1.5,▼-6.2,▼-80.52%,198,237,435,604,1.2,1.7,42,0.9
TXO,202610F2,20261012.0,52000.0,Put,-,-,-,-,2850.0,-,-,0,0,0,0,2830,2860,-,-
TXO,202610F2,20261012.0,52100.0,Call,1.2,1.7,0.9,1.7,1.2,▼-3.5,▼-67.31%,9,8,17,63,1.1,1.3,28.5,0.9
TXO,202610F2,20261012.0,52100.0,Put,-,-,-,-,2950.0,-,-,0,0,0,0,2930,2960,-,-
TXO,202610F2,20261012.0,52200.0,Call,0.9,1.3,0.9,1.1,1.1,▼-4,▼-78.43%,8,16,24,77,1,1.2,26,0.9
TXO,202610F2,20261012.0,52200.0,Put,-,-,-,-,3050.0,-,-,0,0,0,0,3030,3060,-,-
TXO,202610F2,20261012.0,52300.0,Call,0.9,1.3,0.7,1.2,1.0,▼-3.2,▼-72.73%,12,25,37,509,0.9,1.1,19,0.7
TXO,202610F2,20261012.0,52300.0,Put,-,-,-,-,3150.0,-,-,0,0,0,0,3130,3160,-,-
TXO,202610F2,20261012.0,52400.0,Call,0.8,0.9,0.8,0.9,0.9,▼-3.5,▼-79.55%,214,3,217,221,0.8,0.9,19.5,0.8
TXO,202610F2,20261012.0,52400.0,Put,-,-,-,-,3250.0,-,-,0,0,0,0,3230,3260,-,-
TXO,202610F2,20261012.0,52500.0,Call,0.6,1.1,0.2,0.7,0.7,▼-2.7,▼-79.41%,200,1298,1498,1381,0.6,0.7,17,0.2
TXO,202610F2,20261012.0,52500.0,Put,-,-,-,-,3350.0,-,-,0,0,0,0,3330,3360,-,-
TXO,202610F2,20261012.0,52600.0,Call,0.5,0.8,0.5,0.8,0.6,▼-2.4,▼-75.00%,1,4,5,24,0.6,0.8,12.5,0.5
TXO,202610F2,20261012.0,52600.0,Put,-,-,-,-,3450.0,-,-,0,0,0,0,3430,3460,-,-
TXO,202610F2,20261012.0,52700.0,Call,0.7,0.9,0.3,0.9,0.6,▼-1.8,▼-66.67%,7,28,35,34,0.5,0.7,11,0.3
TXO,202610F2,20261012.0,52700.0,Put,-,-,-,-,3550.0,-,-,0,0,0,0,3530,3560,-,-
TXO,202610F2,20261012.0,52800.0,Call,0.4,0.4,0.4,0.4,0.5,▼-2.1,▼-84.00%,17,2,19,17,0.4,0.6,13,0.4
TXO,202610F2,20261012.0,52800.0,Put,-,-,-,-,3650.0,-,-,0,0,0,0,3620,3660,-,-
TXO,202610F2,20261012.0,52900.0,Call,-,-,-,-,0.5,-,-,0,0,0,9,0.4,0.6,11,1.3
TXO,202610F2,20261012.0,52900.0,Put,-,-,-,-,3750.0,-,-,0,0,0,0,3720,3760,-,-
TXO,202610F2,20261012.0,53000.0,Call,0.5,0.5,0.5,0.5,0.5,▼-1.4,▼-73.68%,69,2,71,1757,0.3,0.5,5.9,0.5
TXO,202610F2,20261012.0,53000.0,Put,-,-,-,-,3850.0,-,-,0,0,0,0,3820,3860,-,-
TXO,202610F2,20261012.0,53100.0,Call,-,-,-,-,0.4,-,-,0,0,0,2,0.3,0.5,2.9,2.9
TXO,202610F2,20261012.0,53100.0,Put,-,-,-,-,3950.0,-,-,0,0,0,0,3920,3960,-,-
TXO,202610F2,20261012.0,53200.0,Call,-,-,-,-,0.3,-,-,0,0,0,68,0.3,0.4,4.8,1.5
TXO,202610F2,20261012.0,53200.0,Put,-,-,-,-,4050.0,-,-,0,0,0,0,4020,4060,-,-
TXO,202610F2,20261012.0,53300.0,Call,-,-,-,-,0.3,-,-,0,0,0,2,0.2,0.4,1.9,1.8
TXO,202610F2,20261012.0,53300.0,Put,-,-,-,-,4150.0,-,-,0,0,0,0,4120,4160,3560,3550
TXO,202610F2,20261012.0,53400.0,Call,-,-,-,-,0.2,-,-,1,0,1,3632,0.2,0.3,3.7,0.2
TXO,202610F2,20261012.0,53400.0,Put,-,-,-,-,4250.0,-,-,0,0,0,0,4220,4260,3680,3630
TXO,202610F2,20261012.0,53500.0,Call,-,-,-,-,0.2,-,-,0,0,0,0,0.2,0.3,-,-
TXO,202610F2,20261012.0,53500.0,Put,-,-,-,-,4350.0,-,-,0,0,0,0,4320,4360,-,-
TXO,202610F2,20261012.0,53600.0,Call,-,-,-,-,0.2,-,-,0,0,0,0,0.1,0.3,-,-
TXO,202610F2,20261012.0,53600.0,Put,-,-,-,-,4450.0,-,-,0,0,0,0,4420,4460,-,-
TXO,202610F2,20261012.0,53700.0,Call,-,-,-,-,0.2,-,-,0,0,0,5,0.1,0.3,2.8,2.8
TXO,202610F2,20261012.0,53700.0,Put,-,-,-,-,4550.0,-,-,0,0,0,0,4520,4560,-,-
TXO,202610F2,20261012.0,53800.0,Call,-,-,-,-,0.2,-,-,0,0,0,0,0.1,0.3,-,-
TXO,202610F2,20261012.0,53800.0,Put,-,-,-,-,4650.0,-,-,0,0,0,0,4620,4660,-,-
TXO,202610F2,20261012.0,53900.0,Call,-,-,-,-,0.2,-,-,0,0,0,0,0.1,0.3,-,-
TXO,202610F2,20261012.0,53900.0,Put,-,-,-,-,4750.0,-,-,0,0,0,0,4720,4760,-,-
TXO,202610F2,20261012.0,54000.0,Call,-,-,-,-,0.2,-,-,0,0,0,28,0.1,0.2,1,0.6
TXO,202610F2,20261012.0,54000.0,Put,-,-,-,-,4850.0,-,-,0,0,0,0,4820,4860,-,-
TXO,202610F2,20261012.0,54100.0,Call,-,-,-,-,0.1,-,-,0,0,0,5,0.1,0.2,0.9,0.9
TXO,202610F2,20261012.0,54100.0,Put,-,-,-,-,4950.0,-,-,0,0,0,0,4920,4960,-,-
TXO,202610F2,20261012.0,54200.0,Call,-,-,-,-,0.1,-,-,0,0,0,0,-,22,-,-
TXO,202610F2,20261012.0,54200.0,Put,-,-,-,-,5050.0,-,-,0,0,0,0,5020,5060,-,-
TXO,202610F2,20261012.0,54300.0,Call,-,-,-,-,0.1,-,-,0,0,0,0,-,22,-,-
TXO,202610F2,20261012.0,54300.0,Put,-,-,-,-,5150.0,-,-,0,0,0,0,5120,5160,-,-
TXO,202610F2,20261012.0,54400.0,Call,-,-,-,-,0.1,-,-,0,0,0,0,-,22,-,-
TXO,202610F2,20261012.0,54400.0,Put,-,-,-,-,5250.0,-,-,0,0,0,0,5220,5260,-,-
TXO,202610F2,20261012.0,54500.0,Call,-,-,-,-,0.1,-,-,1,0,1,1,-,0.6,0.2,0.2
TXO,202610F2,20261012.0,54500.0,Put,-,-,-,-,5350.0,-,-,0,0,0,0,5320,5360,-,-
TXO,202610F2,20261012.0,54600.0,Call,-,-,-,-,0.1,-,-,0,0,0,0,-,0.6,-,-
TXO,202610F2,20261012.0,54600.0,Put,-,-,-,-,5450.0,-,-,0,0,0,0,5420,5460,-,-
TXO,202610F2,20261012.0,54700.0,Call,-,-,-,-,0.1,-,-,0,0,0,0,-,0.6,-,-
TXO,202610F2,20261012.0,54700.0,Put,-,-,-,-,5550.0,-,-,0,0,0,0,5520,5560,-,-
TXO,202610F2,20261012.0,54800.0,Call,-,-,-,-,0.1,-,-,0,0,0,0,-,0.6,-,-
TXO,202610F2,20261012.0,54800.0,Put,-,-,-,-,5650.0,-,-,0,0,0,0,5620,5660,-,-
TXO,202610F2,20261012.0,54900.0,Call,0.1,0.1,0.1,0.1,0.1,▼-0.1,▼-50.00%,0,3,3,3,-,0.6,0.1,0.1
TXO,202610F2,20261012.0,54900.0,Put,-,-,-,-,5750.0,-,-,0,0,0,0,5720,5760,-,-
TXO,202610W2,20261014.0,42800.0,Call,-,-,-,-,6350.0,-,-,0,0,0,0,-,-,-,-
TXO,202610W2,20261014.0,42800.0,Put,2.3,2.4,2,2.4,2.4,▲+0.4,▲+20.00%,6,8,14,32,2.3,2.6,24,2
TXO,202610W2,20261014.0,42900.0,Call,-,-,-,-,6250.0,-,-,0,0,0,0,-,-,-,-
TXO,202610W2,20261014.0,42900.0,Put,2.5,2.5,2.5,2.5,2.5,▲+0.4,▲+19.05%,0,1,1,2,2.4,2.7,16,2.5
TXO,202610W2,20261014.0,43000.0,Call,-,-,-,-,6150.0,-,-,0,0,0,0,-,-,-,-
TXO,202610W2,20261014.0,43000.0,Put,2.1,2.1,2.1,2.1,2.7,▼-0.1,▼-4.55%,2,1,3,8,2.5,2.8,18,2.1
TXO,202610W2,20261014.0,43100.0,Call,-,-,-,-,6050.0,-,-,0,0,0,0,-,6130,-,-
TXO,202610W2,20261014.0,43100.0,Put,-,-,-,-,2.8,-,-,0,0,0,5,2.6,2.9,18.5,3.2
TXO,202610W2,20261014.0,43200.0,Call,-,-,-,-,5950.0,-,-,0,0,0,0,-,-,-,-
TXO,202610W2,20261014.0,43200.0,Put,-,-,-,-,2.9,-,-,0,0,0,6,2.8,3.1,32.5,5.4
TXO,202610W2,20261014.0,43300.0,Call,-,-,-,-,5850.0,-,-,0,0,0,0,-,-,-,-
TXO,202610W2,20261014.0,43300.0,Put,2.9,3,2.9,3,3.0,▲+0.5,▲+20.00%,1,10,11,11,2.9,3.2,20.5,2.9
TXO,202610W2,20261014.0,43400.0,Call,-,-,-,-,5750.0,-,-,0,0,0,0,-,5830,-,-
TXO,202610W2,20261014.0,43400.0,Put,-,-,-,-,3.2,-,-,1,0,1,1,3,3.3,3,3
TXO,202610W2,20261014.0,43500.0,Call,-,-,-,-,5650.0,-,-,0,0,0,0,-,5730,-,-
TXO,202610W2,20261014.0,43500.0,Put,-,-,-,-,3.4,-,-,1,0,1,52,3.2,3.5,22.5,3
TXO,202610W2,20261014.0,43600.0,Call,-,-,-,-,5550.0,-,-,0,0,0,0,-,5630,-,-
TXO,202610W2,20261014.0,43600.0,Put,-,-,-,-,3.6,-,-,1,0,1,7,3.4,3.7,6.7,3
TXO,202610W2,20261014.0,43700.0,Call,-,-,-,-,5450.0,-,-,0,0,0,0,-,5530,-,-
TXO,202610W2,20261014.0,43700.0,Put,-,-,-,-,3.7,-,-,0,0,0,4,3.5,3.8,26,4.2
TXO,202610W2,20261014.0,43800.0,Call,-,-,-,-,5350.0,-,-,0,0,0,0,-,-,-,-
TXO,202610W2,20261014.0,43800.0,Put,3.6,3.6,3.6,3.6,4.0,▲+0.6,▲+20.00%,0,1,1,2,3.7,4.1,10,3.6
TXO,202610W2,20261014.0,43900.0,Call,-,-,-,-,5250.0,-,-,0,0,0,0,-,5330,6090,4630
TXO,202610W2,20261014.0,43900.0,Put,4,4,4,4,4.2,▲+0.9,▲+29.03%,0,1,1,2,3.9,4.3,31,4
TXO,202610W2,20261014.0,44000.0,Call,-,-,-,-,5150.0,-,-,0,0,0,0,-,5230,5960,4770
TXO,202610W2,20261014.0,44000.0,Put,3.3,4,3.3,4,4.3,▲+0.8,▲+25.00%,3,2,5,5,4.1,4.4,24,3.2
TXO,202610W2,20261014.0,44100.0,Call,-,-,-,-,5050.0,-,-,0,0,0,0,-,5130,-,-
TXO,202610W2,20261014.0,44100.0,Put,3.8,3.8,3.8,3.8,4.6,▲+0.5,▲+15.15%,0,1,1,4,4.4,4.7,24,3.3
TXO,202610W2,20261014.0,44200.0,Call,-,-,-,-,4950.0,-,-,0,0,0,0,4940,4980,-,-
TXO,202610W2,20261014.0,44200.0,Put,4.7,4.7,4.7,4.7,4.7,▲+1.1,▲+30.56%,1,5,6,35,4.6,5,36,4.7
TXO,202610W2,20261014.0,44300.0,Call,-,-,-,-,4860.0,-,-,0,0,0,0,-,4960,-,-
TXO,202610W2,20261014.0,44300.0,Put,4.5,4.5,4.5,4.5,5.2,▲+0.7,▲+18.42%,5,4,9,6,4.9,5.3,26.5,3.8
TXO,202610W2,20261014.0,44400.0,Call,-,-,-,-,4760.0,-,-,0,0,0,0,-,4830,-,-
TXO,202610W2,20261014.0,44400.0,Put,4.5,4.5,4.5,4.5,5.3,▲+0.6,▲+15.38%,0,1,1,1,5.1,5.5,27.5,4.5
TXO,202610W2,20261014.0,44500.0,Call,-,-,-,-,4660.0,-,-,0,0,0,0,4640,4680,-,-
TXO,202610W2,20261014.0,44500.0,Put,4.9,5.5,4.4,5.4,5.4,▲+1.3,▲+31.71%,71,120,191,494,5.4,5.5,28,4.4
TXO,202610W2,20261014.0,44600.0,Call,-,-,-,-,4560.0,-,-,0,0,0,0,-,4630,-,-
TXO,202610W2,20261014.0,44600.0,Put,-,-,-,-,6.1,-,-,2,0,2,7,5.8,6.2,43,5
TXO,202610W2,20261014.0,44700.0,Call,-,-,-,-,4460.0,-,-,0,0,0,0,-,-,-,-
TXO,202610W2,20261014.0,44700.0,Put,6,6,6,6,6.4,▲+1.4,▲+30.43%,0,1,1,1,6.1,6.5,6,6
TXO,202610W2,20261014.0,44800.0,Call,-,-,-,-,4360.0,-,-,0,0,0,0,0.2,4430,-,-
TXO,202610W2,20261014.0,44800.0,Put,6,6,6,6,6.8,▲+1.2,▲+25.00%,0,5,5,231,6.5,6.9,51,6
TXO,202610W2,20261014.0,44900.0,Call,-,-,-,-,4260.0,-,-,0,0,0,0,0.2,-,-,-
TXO,202610W2,20261014.0,44900.0,Put,5.1,5.5,5.1,5.5,7.2,▲+0.3,▲+5.77%,0,2,2,6,6.8,7.3,22,5.1
TXO,202610W2,20261014.0,45000.0,Call,-,-,-,-,4160.0,-,-,0,0,0,0,0.2,-,-,-
TXO,202610W2,20261014.0,45000.0,Put,7.2,7.4,6,6.7,7.6,▲+1.4,▲+26.42%,12,75,87,132,7.3,7.7,51,4.7
TXO,202610W2,20261014.0,45100.0,Call,-,-,-,-,4060.0,-,-,0,0,0,0,0.2,4130,-,-
TXO,202610W2,20261014.0,45100.0,Put,-,-,-,-,7.9,-,-,0,0,0,5,7.6,8,20.5,13
TXO,202610W2,20261014.0,45200.0,Call,-,-,-,-,3960.0,-,-,0,0,0,0,0.2,-,-,-
TXO,202610W2,20261014.0,45200.0,Put,-,-,-,-,8.4,-,-,0,0,0,16,8,8.5,57,21.5
TXO,202610W2,20261014.0,45300.0,Call,-,-,-,-,3860.0,-,-,0,0,0,0,0.2,-,-,-
TXO,202610W2,20261014.0,45300.0,Put,7.3,7.3,7.3,7.3,9.0,▲+1.1,▲+17.74%,8,1,9,24,8.6,9.1,62,6
TXO,202610W2,20261014.0,45400.0,Call,-,-,-,-,3760.0,-,-,0,0,0,0,0.2,-,-,-
TXO,202610W2,20261014.0,45400.0,Put,8.5,8.5,8.5,8.5,9.5,▲+1.9,▲+28.79%,0,2,2,19,9.1,9.5,205,8.5
TXO,202610W2,20261014.0,45500.0,Call,-,-,-,-,3660.0,-,-,0,0,0,0,0.2,-,-,-
TXO,202610W2,20261014.0,45500.0,Put,9.8,9.8,9,9,10.5,▲+2.1,▲+30.43%,2,2,4,70,9.7,10.5,76,7
TXO,202610W2,20261014.0,45600.0,Call,-,-,-,-,3560.0,-,-,0,0,0,0,3550,3580,4350,2970
TXO,202610W2,20261014.0,45600.0,Put,9,9,9,9,11.0,▲+1.7,▲+23.29%,4,1,5,52,10,11,80,8.6
TXO,202610W2,20261014.0,45700.0,Call,-,-,-,-,3460.0,-,-,0,0,0,0,0.2,-,-,-
TXO,202610W2,20261014.0,45700.0,Put,10.5,10.5,9,9,11.5,▲+1.2,▲+15.38%,0,4,4,22,11,11.5,110,9
TXO,202610W2,20261014.0,45800.0,Call,-,-,-,-,3360.0,-,-,0,0,0,0,0.2,-,-,-
TXO,202610W2,20261014.0,45800.0,Put,-,-,-,-,12.0,-,-,0,0,0,26,11.5,12,114,11
TXO,202610W2,20261014.0,45900.0,Call,-,-,-,-,3260.0,-,-,0,0,0,0,0.2,-,-,-
TXO,202610W2,20261014.0,45900.0,Put,11,11,11,11,12.5,▲+2.4,▲+27.91%,0,2,2,16,12,13,120,11
TXO,202610W2,20261014.0,46000.0,Call,3400,3400,3400,3400,3160.0,▼-320,▼-8.60%,1,1,2,0,0.2,-,3460,3400
TXO,202610W2,20261014.0,46000.0,Put,11.5,13.5,10,13.5,13.5,▲+4.1,▲+43.62%,29,106,135,319,13.5,14,145,9.3
TXO,202610W2,20261014.0,46100.0,Call,-,-,-,-,3060.0,-,-,0,0,0,0,3030,3170,-,-
TXO,202610W2,20261014.0,46100.0,Put,11.5,11.5,11.5,11.5,14.5,▲+1.8,▲+18.56%,1,1,2,15,14,14.5,132,9.7
TXO,202610W2,20261014.0,46200.0,Call,-,-,-,-,2970.0,-,-,0,0,0,0,2930,3040,-,-
TXO,202610W2,20261014.0,46200.0,Put,13,13,13,13,15.0,▲+2.5,▲+23.81%,7,2,9,12,14.5,15.5,124,10.5
TXO,202610W2,20261014.0,46250.0,Call,-,-,-,-,2920.0,-,-,0,0,0,0,0.2,-,-,-
TXO,202610W2,20261014.0,46250.0,Put,-,-,-,-,15.5,-,-,1,0,1,16,15,16,110,10
TXO,202610W2,20261014.0,46300.0,Call,-,-,-,-,2870.0,-,-,0,0,0,1,0.2,3000,2200,2200
TXO,202610W2,20261014.0,46300.0,Put,13,14.5,13,13.5,16.0,▲+2.5,▲+22.73%,1,16,17,20,15.5,16.5,190,10
TXO,202610W2,20261014.0,46350.0,Call,-,-,-,-,2820.0,-,-,0,0,0,0,0.2,-,-,-
TXO,202610W2,20261014.0,46350.0,Put,16.5,16.5,13.5,16.5,16.5,▲+5,▲+43.48%,0,7,7,45,16.5,17,118,13.5
TXO,202610W2,20261014.0,46400.0,Call,-,-,-,-,2770.0,-,-,0,0,0,1,0.2,2900,2130,2130
TXO,202610W2,20261014.0,46400.0,Put,15,16.5,15,16,17.5,▲+4.5,▲+39.13%,5,7,12,25,16.5,17.5,205,14.5
TXO,202610W2,20261014.0,46450.0,Call,-,-,-,-,2720.0,-,-,0,0,0,0,2710,2740,-,-
TXO,202610W2,20261014.0,46450.0,Put,16.5,16.5,16.5,16.5,18.0,▲+4.5,▲+37.50%,1,1,2,1,17.5,18.5,157,16.5
TXO,202610W2,20261014.0,46500.0,Call,-,-,-,-,2670.0,-,-,0,0,0,0,0.2,-,-,-
TXO,202610W2,20261014.0,46500.0,Put,16.5,17.5,14.5,16,18.5,▲+3.5,▲+28.00%,15,14,29,209,18,19,163,13.5
TXO,202610W2,20261014.0,46550.0,Call,-,-,-,-,2620.0,-,-,0,0,0,0,2610,2640,-,-
TXO,202610W2,20261014.0,46550.0,Put,-,-,-,-,19.0,-,-,0,0,0,2,19,19.5,26,16.5
TXO,202610W2,20261014.0,46600.0,Call,-,-,-,-,2570.0,-,-,0,0,0,1,0.2,2720,1950,1950
TXO,202610W2,20261014.0,46600.0,Put,15,19.5,15,19.5,19.5,▲+6.5,▲+50.00%,0,3,3,11,19.5,20.5,235,15
TXO,202610W2,20261014.0,46650.0,Call,-,-,-,-,2520.0,-,-,0,0,0,0,0.2,-,-,-
TXO,202610W2,20261014.0,46650.0,Put,-,-,-,-,21.0,-,-,0,0,0,1,20,21,55,40.5
TXO,202610W2,20261014.0,46700.0,Call,-,-,-,-,2470.0,-,-,0,0,0,1,0.2,-,3080,3080
TXO,202610W2,20261014.0,46700.0,Put,19.5,21.5,19,21.5,21.5,▲+8,▲+59.26%,0,7,7,7,21,22,208,17.5
TXO,202610W2,20261014.0,46750.0,Call,-,-,-,-,2420.0,-,-,0,0,0,0,0.2,-,-,-
TXO,202610W2,20261014.0,46750.0,Put,-,-,-,-,23.0,-,-,0,0,0,4,22,23,190,26.5
TXO,202610W2,20261014.0,46800.0,Call,-,-,-,-,2370.0,-,-,0,0,0,1,0.2,2510,1790,1790
TXO,202610W2,20261014.0,46800.0,Put,17.5,19.5,17.5,19.5,24.0,▲+5,▲+34.48%,28,6,34,51,23,24,272,16.5
TXO,202610W2,20261014.0,46850.0,Call,-,-,-,-,2330.0,-,-,0,0,0,0,0.2,-,-,-
TXO,202610W2,20261014.0,46850.0,Put,18,19,18,19,25.0,▲+4,▲+26.67%,0,3,3,105,24,25,91,18
TXO,202610W2,20261014.0,46900.0,Call,-,-,-,-,2280.0,-,-,0,0,0,0,0.2,-,-,-
TXO,202610W2,20261014.0,46900.0,Put,18,19.5,18,19.5,26.0,▲+4,▲+25.81%,15,3,18,7,25,26,245,15.5
TXO,202610W2,20261014.0,46950.0,Call,-,-,-,-,2230.0,-,-,0,0,0,1,0.2,2360,1670,1670
TXO,202610W2,20261014.0,46950.0,Put,21,22,19,22,27.5,▲+6,▲+37.50%,1,7,8,8,26.5,27.5,303,19
TXO,202610W2,20261014.0,47000.0,Call,-,-,-,-,2180.0,-,-,0,0,0,0,2170,2190,-,-
TXO,202610W2,20261014.0,47000.0,Put,23.5,28,20,25.5,29.0,▲+8.5,▲+50.00%,152,66,218,487,28,29,288,16.5
TXO,202610W2,20261014.0,47050.0,Call,-,-,-,-,2130.0,-,-,0,0,0,0,0.2,2200,-,-
TXO,202610W2,20261014.0,47050.0,Put,24.5,24.5,24.5,24.5,30.0,▲+7,▲+40.00%,19,1,20,14,29,30,100,18
TXO,202610W2,20261014.0,47100.0,Call,-,-,-,-,2080.0,-,-,0,0,0,1,0.2,2210,1560,1560
TXO,202610W2,20261014.0,47100.0,Put,24,31,22,31,31.0,▲+13,▲+72.22%,36,15,51,136,30.5,31.5,335,20
TXO,202610W2,20261014.0,47150.0,Call,-,-,-,-,2030.0,-,-,0,0,0,1,0.2,2160,1520,1520
TXO,202610W2,20261014.0,47150.0,Put,-,-,-,-,33.0,-,-,0,0,0,3,32,33,346,54
TXO,202610W2,20261014.0,47200.0,Call,-,-,-,-,1990.0,-,-,0,0,0,1,1910,-,2660,2660
TXO,202610W2,20261014.0,47200.0,Put,27,31.5,24,28.5,35.0,▲+9,▲+46.15%,23,60,83,174,34,35,328,19
TXO,202610W2,20261014.0,47250.0,Call,-,-,-,-,1940.0,-,-,0,0,0,0,0.2,-,-,-
TXO,202610W2,20261014.0,47250.0,Put,27,28,27,28,37.0,▲+7.5,▲+36.59%,5,5,10,24,36,37,170,22
TXO,202610W2,20261014.0,47300.0,Call,-,-,-,-,1890.0,-,-,0,0,0,0,0.2,-,-,-
TXO,202610W2,20261014.0,47300.0,Put,36,36,25.5,28.5,39.0,▲+7,▲+32.56%,4,23,27,26,38,39,341,25.5
TXO,202610W2,20261014.0,47350.0,Call,-,-,-,-,1840.0,-,-,0,0,0,0,0.2,1940,-,-
TXO,202610W2,20261014.0,47350.0,Put,37.5,37.5,30,30,41.0,▲+8,▲+36.36%,3,6,9,12,40,41,364,30
TXO,202610W2,20261014.0,47400.0,Call,-,-,-,-,1790.0,-,-,0,0,0,0,0.2,-,1810,1150
TXO,202610W2,20261014.0,47400.0,Put,36.5,36.5,29,35,43.5,▲+11.5,▲+48.94%,8,10,18,32,42.5,43.5,382,29
TXO,202610W2,20261014.0,47450.0,Call,-,-,-,-,1750.0,-,-,0,0,0,0,0.2,-,-,-
TXO,202610W2,20261014.0,47450.0,Put,39,39,29,30,46.0,▲+5.5,▲+22.45%,3,10,13,5,44.5,46,159,29
TXO,202610W2,20261014.0,47500.0,Call,-,-,-,-,1700.0,-,-,0,0,0,0,1650,-,-,-
TXO,202610W2,20261014.0,47500.0,Put,41,55,30.5,55,49.0,▲+30.5,▲+124.49%,86,135,221,240,47.5,49,463,23
TXO,202610W2,20261014.0,47550.0,Call,-,-,-,-,1650.0,-,-,0,0,0,0,0.2,1750,-,-
TXO,202610W2,20261014.0,47550.0,Put,40,45,33,33,52.0,▲+7.5,▲+29.41%,3,6,9,23,50,52,111,25.5
TXO,202610W2,20261014.0,47600.0,Call,-,-,-,-,1610.0,-,-,0,0,0,0,1560,-,-,-
TXO,202610W2,20261014.0,47600.0,Put,47,47,40,44,55.0,▲+17,▲+62.96%,9,11,20,17,53,55,306,27
TXO,202610W2,20261014.0,47650.0,Call,-,-,-,-,1560.0,-,-,2,0,2,2,1470,1900,1960,1950
TXO,202610W2,20261014.0,47650.0,Put,39.5,48,39,48,59.0,▲+18,▲+60.00%,10,5,15,24,57,59,202,38.5
TXO,202610W2,20261014.0,47700.0,Call,-,-,-,-,1510.0,-,-,0,0,0,2,1430,-,1080,1080
TXO,202610W2,20261014.0,47700.0,Put,39.5,50,39,50,63.0,▲+19,▲+61.29%,32,8,40,26,61,63,356,29.5
TXO,202610W2,20261014.0,47750.0,Call,-,-,-,-,1470.0,-,-,0,0,0,0,1130,-,-,-
TXO,202610W2,20261014.0,47750.0,Put,51,51,45.5,45.5,67.0,▲+12,▲+35.82%,2,2,4,6,65,67,498,30.5
TXO,202610W2,20261014.0,47800.0,Call,-,-,-,-,1420.0,-,-,0,0,0,0,1280,-,1950,1010
TXO,202610W2,20261014.0,47800.0,Put,51,68,42,68,68.0,▲+32.5,▲+91.55%,12,39,51,67,69,71,500,33
TXO,202610W2,20261014.0,47850.0,Call,-,-,-,-,1380.0,-,-,0,0,0,4,1290,-,980,900
TXO,202610W2,20261014.0,47850.0,Put,45,45,45,45,76.0,▲+9.5,▲+26.76%,2,1,3,12,74,76,490,34
TXO,202610W2,20261014.0,47900.0,Call,-,-,-,-,1330.0,-,-,0,0,0,3,1260,-,1890,760
TXO,202610W2,20261014.0,47900.0,Put,65,65,51,63,82.0,▲+23,▲+57.50%,19,20,39,37,79,82,530,36.5
TXO,202610W2,20261014.0,47950.0,Call,-,-,-,-,1290.0,-,-,0,0,0,2,1220,-,1850,840
TXO,202610W2,20261014.0,47950.0,Put,60,79,55,68,87.0,▲+25.5,▲+60.00%,4,22,26,24,84,87,550,50
TXO,202610W2,20261014.0,48000.0,Call,-,-,-,-,1240.0,-,-,1,0,1,600,1180,1380,1920,780
TXO,202610W2,20261014.0,48000.0,Put,66,93,53,92,92.0,▲+49,▲+113.95%,154,118,272,211,90,94,620,40
TXO,202610W2,20261014.0,48050.0,Call,-,-,-,-,1200.0,-,-,0,0,0,7,1120,-,1860,780
TXO,202610W2,20261014.0,48050.0,Put,65,69,61,63,100.0,▲+15,▲+31.25%,4,6,10,9,97,100,595,43.5
TXO,202610W2,20261014.0,48100.0,Call,-,-,-,-,1160.0,-,-,0,0,0,4,1070,-,1630,1630
TXO,202610W2,20261014.0,48100.0,Put,114,114,64,102,102.0,▲+51,▲+100.00%,6,53,59,159,105,108,590,46.5
TXO,202610W2,20261014.0,48150.0,Call,-,-,-,-,1120.0,-,-,0,0,0,3,1030,-,1800,650
TXO,202610W2,20261014.0,48150.0,Put,89,110,66,110,110.0,▲+56,▲+103.70%,5,45,50,34,112,115,640,50
TXO,202610W2,20261014.0,48200.0,Call,1100,1100,1100,1100,1070.0,▼-470,▼-29.94%,0,5,5,570,0.2,1200,1750,660
TXO,202610W2,20261014.0,48200.0,Put,95,114,71,114,123.0,▲+56,▲+96.55%,108,102,210,392,119,123,675,41
TXO,202610W2,20261014.0,48250.0,Call,-,-,-,-,1030.0,-,-,0,0,0,6,990,-,1490,655
TXO,202610W2,20261014.0,48250.0,Put,96,121,87,121,132.0,▲+62,▲+105.08%,3,46,49,29,128,132,765,56
TXO,202610W2,20261014.0,48300.0,Call,1170,1170,1170,1170,995.0,▼-310,▼-20.95%,1,5,6,601,0.2,1010,1470,680
TXO,202610W2,20261014.0,48300.0,Put,110,120,81,115,142.0,▲+47,▲+69.12%,35,88,123,325,139,142,740,59
TXO,202610W2,20261014.0,48350.0,Call,-,-,-,-,955.0,-,-,0,0,0,5,930,1010,1390,755
TXO,202610W2,20261014.0,48350.0,Put,114,119,101,101,152.0,▲+31,▲+44.29%,12,14,26,24,148,152,575,65
TXO,202610W2,20261014.0,48400.0,Call,-,-,-,-,915.0,-,-,0,0,0,6,835,925,1350,570
TXO,202610W2,20261014.0,48400.0,Put,112,144,93,141,163.0,▲+67,▲+90.54%,24,34,58,62,158,163,805,70
TXO,202610W2,20261014.0,48450.0,Call,-,-,-,-,875.0,-,-,0,0,0,2,860,-,1550,565
TXO,202610W2,20261014.0,48450.0,Put,128,154,106,154,176.0,▲+71,▲+85.54%,7,23,30,21,171,176,805,79
TXO,202610W2,20261014.0,48500.0,Call,985,985,985,985,840.0,▼-315,▼-24.23%,2,1,3,14,760,960,1460,595
TXO,202610W2,20261014.0,48500.0,Put,141,175,108,168,188.0,▲+75,▲+80.65%,36,267,303,405,183,188,835,80
TXO,202610W2,20261014.0,48550.0,Call,-,-,-,-,800.0,-,-,0,0,0,2,790,810,1350,525
TXO,202610W2,20261014.0,48550.0,Put,153,190,135,190,190.0,▲+94,▲+97.92%,8,26,34,18,195,201,780,135
TXO,202610W2,20261014.0,48600.0,Call,-,-,-,-,765.0,-,-,0,0,0,0,760,770,-,-
TXO,202610W2,20261014.0,48600.0,Put,249,249,121,203,203.0,▲+98,▲+93.33%,46,82,128,82,209,214,249,95
TXO,202610W2,20261014.0,48650.0,Call,-,-,-,-,735.0,-,-,0,0,0,1,725,735,1270,1270
TXO,202610W2,20261014.0,48650.0,Put,183,198,135,196,231.0,▲+87,▲+79.82%,30,46,76,42,225,231,413,102
TXO,202610W2,20261014.0,48700.0,Call,780,780,780,780,700.0,▼-350,▼-30.97%,0,1,1,1,690,700,780,450
TXO,202610W2,20261014.0,48700.0,Put,191,212,160,177,246.0,▲+57,▲+47.50%,28,25,53,42,240,246,278,108
TXO,202610W2,20261014.0,48750.0,Call,-,-,-,-,665.0,-,-,0,0,0,4,655,670,1180,440
TXO,202610W2,20261014.0,48750.0,Put,202,226,172,195,263.0,▲+66,▲+51.16%,14,15,29,17,257,263,895,120
TXO,202610W2,20261014.0,48800.0,Call,770,770,710,750,630.0,▼-300,▼-28.57%,7,4,11,14,625,635,1180,463
TXO,202610W2,20261014.0,48800.0,Put,228,272,170,272,272.0,▲+131,▲+92.91%,36,37,73,46,274,280,313,137
TXO,202610W2,20261014.0,48850.0,Call,-,-,-,-,600.0,-,-,0,0,0,0,590,605,-,-
TXO,202610W2,20261014.0,48850.0,Put,225,260,184,206,297.0,▲+64,▲+45.07%,19,19,38,29,291,297,288,142
TXO,202610W2,20261014.0,48900.0,Call,685,685,595,670,570.0,▼-300,▼-30.93%,0,8,8,10,560,575,975,439
TXO,202610W2,20261014.0,48900.0,Put,241,316,197,316,316.0,▲+149,▲+89.22%,27,27,54,43,310,317,346,149
TXO,202610W2,20261014.0,48950.0,Call,-,-,-,-,540.0,-,-,0,0,0,2,530,545,325,325
TXO,202610W2,20261014.0,48950.0,Put,294,296,239,239,338.0,▲+71,▲+42.26%,16,13,29,23,331,338,413,152
TXO,202610W2,20261014.0,49000.0,Call,580,675,510,510,510.0,▼-395,▼-43.65%,34,48,82,87,505,515,1120,350
TXO,202610W2,20261014.0,49000.0,Put,285,358,225,358,358.0,▲+177,▲+97.79%,103,176,279,147,352,360,690,158
TXO,202610W2,20261014.0,49050.0,Call,545,545,545,545,485.0,▼-315,▼-36.63%,1,1,2,4,476,485,1060,465
TXO,202610W2,20261014.0,49050.0,Put,308,379,249,379,379.0,▲+188,▲+98.43%,15,33,48,21,378,383,395,191
TXO,202610W2,20261014.0,49100.0,Call,491,580,491,545,456.0,▼-280,▼-33.94%,10,10,20,16,451,460,1010,308
TXO,202610W2,20261014.0,49100.0,Put,335,366,269,366,404.0,▲+155,▲+73.46%,24,27,51,33,396,404,450,198
TXO,202610W2,20261014.0,49150.0,Call,470,470,470,470,431.0,▼-320,▼-40.51%,5,1,6,6,425,434,920,463
TXO,202610W2,20261014.0,49150.0,Put,350,385,278,385,428.0,▲+156,▲+68.12%,10,23,33,14,420,428,498,229
TXO,202610W2,20261014.0,49200.0,Call,428,545,420,420,420.0,▼-330,▼-44.00%,19,23,42,34,401,409,970,280
TXO,202610W2,20261014.0,49200.0,Put,374,429,297,424,448.0,▲+180,▲+73.77%,29,43,72,47,445,454,535,225
TXO,202610W2,20261014.0,49250.0,Call,515,515,354,416,377.0,▼-309,▼-42.62%,11,9,20,10,377,385,810,354
TXO,202610W2,20261014.0,49250.0,Put,392,451,319,448,475.0,▲+189,▲+72.97%,23,28,51,36,473,482,555,240
TXO,202610W2,20261014.0,49300.0,Call,409,491,372,372,372.0,▼-323,▼-46.47%,41,66,107,49,353,360,890,263
TXO,202610W2,20261014.0,49300.0,Put,449,510,339,510,510.0,▲+231,▲+82.80%,35,112,147,88,505,510,660,250
TXO,202610W2,20261014.0,49350.0,Call,387,409,364,405,333.0,▼-255,▼-38.64%,5,19,24,11,333,340,795,344
TXO,202610W2,20261014.0,49350.0,Put,483,483,383,402,530.0,▲+109,▲+37.20%,3,20,23,17,525,535,483,256
TXO,202610W2,20261014.0,49400.0,Call,410,442,320,320,320.0,▼-305,▼-48.80%,96,130,226,89,311,317,840,210
TXO,202610W2,20261014.0,49400.0,Put,451,535,375,535,535.0,▲+230,▲+75.41%,20,44,64,35,555,565,815,274
TXO,202610W2,20261014.0,49450.0,Call,357,401,326,345,291.0,▼-255,▼-42.50%,14,33,47,33,291,297,680,315
TXO,202610W2,20261014.0,49450.0,Put,422,500,422,499,585.0,▲+166,▲+49.85%,5,55,60,7,585,595,580,316
TXO,202610W2,20261014.0,49500.0,Call,350,399,273,273,273.0,▼-297,▼-52.11%,146,287,433,191,272,278,780,178
TXO,202610W2,20261014.0,49500.0,Put,540,605,421,605,605.0,▲+242,▲+66.67%,49,127,176,113,620,630,680,320
TXO,202610W2,20261014.0,49550.0,Call,287,350,257,257,257.0,▼-288,▼-52.84%,16,20,36,24,254,260,660,257
TXO,202610W2,20261014.0,49550.0,Put,600,600,540,585,650.0,▲+208,▲+55.17%,4,10,14,9,650,665,720,336
TXO,202610W2,20261014.0,49600.0,Call,322,345,245,245,245.0,▼-260,▼-51.49%,63,74,137,63,238,244,720,212
TXO,202610W2,20261014.0,49600.0,Put,575,605,525,605,685.0,▲+195,▲+47.56%,40,9,49,19,680,695,675,310
TXO,202610W2,20261014.0,49650.0,Call,296,330,276,305,221.0,▼-189,▼-38.26%,7,7,14,16,221,227,481,258
TXO,202610W2,20261014.0,49650.0,Put,550,550,545,545,720.0,▲+111,▲+25.58%,2,2,4,10,715,730,600,388
TXO,202610W2,20261014.0,49700.0,Call,266,300,207,207,207.0,▼-258,▼-55.48%,74,62,136,130,207,212,600,185
TXO,202610W2,20261014.0,49700.0,Put,570,610,570,590,755.0,▲+135,▲+29.67%,22,6,28,43,750,765,725,418
TXO,202610W2,20261014.0,49750.0,Call,250,270,235,270,193.0,▼-181,▼-40.13%,14,3,17,34,193,198,575,222
TXO,202610W2,20261014.0,49750.0,Put,680,680,600,600,790.0,▲+113,▲+23.20%,2,2,4,9,785,800,750,411
TXO,202610W2,20261014.0,49800.0,Call,240,270,181,181,181.0,▼-241,▼-57.11%,160,117,277,200,179,184,610,126
TXO,202610W2,20261014.0,49800.0,Put,690,730,605,720,830.0,▲+205,▲+39.81%,28,10,38,39,770,905,830,400
TXO,202610W2,20261014.0,49850.0,Call,215,250,176,176,176.0,▼-214,▼-54.87%,19,22,41,49,167,172,585,170
TXO,202610W2,20261014.0,49850.0,Put,630,755,630,755,865.0,▲+215,▲+39.81%,10,5,15,20,452,960,790,458
TXO,202610W2,20261014.0,49900.0,Call,288,288,171,188,154.0,▼-186,▼-49.73%,31,61,92,49,154,159,540,154
TXO,202610W2,20261014.0,49900.0,Put,745,885,685,885,885.0,▲+310,▲+53.91%,14,6,20,41,785,1070,940,493
TXO,202610W2,20261014.0,49950.0,Call,173,206,173,200,143.0,▼-162,▼-44.75%,12,26,38,9,143,148,478,173
TXO,202610W2,20261014.0,49950.0,Put,835,890,705,705,930.0,▲+90,▲+14.63%,5,5,10,10,680,1030,900,510
TXO,202610W2,20261014.0,50000.0,Call,180,207,138,138,138.0,▼-192,▼-58.18%,256,575,831,513,134,137,550,100
TXO,202610W2,20261014.0,50000.0,Put,730,730,730,730,980.0,▲+95,▲+14.96%,11,2,13,12,800,1030,925,525
TXO,202610W2,20261014.0,50050.0,Call,177,183,139,146,124.0,▼-164,▼-52.90%,31,26,57,19,124,127,458,139
TXO,202610W2,20261014.0,50050.0,Put,-,-,-,-,1020.0,-,-,1,0,1,1,680,-,720,630
TXO,202610W2,20261014.0,50100.0,Call,153,170,124,126,114.0,▼-174,▼-58.00%,32,43,75,45,114,118,478,104
TXO,202610W2,20261014.0,50100.0,Put,825,825,825,825,1060.0,▲+130,▲+18.71%,1,1,2,1,725,-,940,630
TXO,202610W2,20261014.0,50150.0,Call,143,146,134,135,106.0,▼-152,▼-52.96%,27,12,39,34,106,109,326,134
TXO,202610W2,20261014.0,50150.0,Put,-,-,-,-,1100.0,-,-,0,0,0,0,765,1160,-,-
TXO,202610W2,20261014.0,50200.0,Call,139,157,104,104,104.0,▼-162,▼-60.90%,35,146,181,88,98,101,425,77
TXO,202610W2,20261014.0,50200.0,Put,980,1080,980,980,1150.0,▲+220,▲+28.95%,4,3,7,5,995,1180,1080,710
TXO,202610W2,20261014.0,50250.0,Call,132,138,97,97,97.0,▼-151,▼-60.89%,14,42,56,22,90,93,278,97
TXO,202610W2,20261014.0,50250.0,Put,-,-,-,-,1190.0,-,-,0,0,0,0,850,1200,-,-
TXO,202610W2,20261014.0,50300.0,Call,118,129,92,94,83.0,▼-135,▼-58.95%,39,125,164,106,83,86,420,92
TXO,202610W2,20261014.0,50300.0,Put,1170,1170,1170,1170,1230.0,▲+340,▲+40.96%,1,1,2,0,890,1290,1170,1050
TXO,202610W2,20261014.0,50350.0,Call,111,115,85,85,77.0,▼-141,▼-62.39%,28,17,45,37,77,80,207,85
TXO,202610W2,20261014.0,50350.0,Put,-,-,-,-,1280.0,-,-,0,0,0,0,935,1340,-,-
TXO,202610W2,20261014.0,50400.0,Call,102,112,82,82,71.0,▼-124,▼-60.19%,31,37,68,39,71,73,345,63
TXO,202610W2,20261014.0,50400.0,Put,-,-,-,-,1320.0,-,-,0,0,0,0,980,1330,-,-
TXO,202610W2,20261014.0,50450.0,Call,100,102,78,78,68.0,▼-121,▼-60.80%,20,26,46,16,65,68,217,78
TXO,202610W2,20261014.0,50450.0,Put,-,-,-,-,1360.0,-,-,0,0,0,0,1030,1430,-,-
TXO,202610W2,20261014.0,50500.0,Call,90,97,65,65,65.0,▼-119,▼-64.67%,135,199,334,152,60,62,374,52
TXO,202610W2,20261014.0,50500.0,Put,-,-,-,-,1410.0,-,-,1,0,1,0,1070,1420,1250,950
TXO,202610W2,20261014.0,50550.0,Call,68,81,68,68,55.0,▼-101,▼-59.76%,17,10,27,8,55,57,199,68
TXO,202610W2,20261014.0,50550.0,Put,-,-,-,-,1450.0,-,-,1,0,1,0,1120,1520,1350,950
TXO,202610W2,20261014.0,50600.0,Call,72,81,51,51,51.0,▼-104,▼-67.10%,35,112,147,69,51,52,284,50
TXO,202610W2,20261014.0,50600.0,Put,-,-,-,-,1500.0,-,-,0,0,0,1,1350,1530,1070,930
TXO,202610W2,20261014.0,50650.0,Call,66,70,50,50,50.0,▼-104,▼-67.53%,4,14,18,14,46.5,48,285,50
TXO,202610W2,20261014.0,50650.0,Put,-,-,-,-,1540.0,-,-,0,0,0,0,1210,1610,-,-
TXO,202610W2,20261014.0,50700.0,Call,63,69,45.5,45.5,45.5,▼-99.5,▼-68.62%,37,53,90,37,43,44.5,255,9
TXO,202610W2,20261014.0,50700.0,Put,-,-,-,-,1590.0,-,-,2,0,2,0,1250,1600,1360,1100
TXO,202610W2,20261014.0,50750.0,Call,60,62,51,51,39.5,▼-85,▼-62.50%,6,8,14,8,39.5,41,165,51
TXO,202610W2,20261014.0,50750.0,Put,-,-,-,-,1640.0,-,-,0,0,0,0,1300,1700,-,-
TXO,202610W2,20261014.0,50800.0,Call,47.5,57,40,40,36.0,▼-84,▼-67.74%,55,213,268,204,36,37.5,259,40
TXO,202610W2,20261014.0,50800.0,Put,1550,1660,1550,1660,1680.0,▲+440,▲+36.07%,1,2,3,0,1620,1700,1660,1130
TXO,202610W2,20261014.0,50850.0,Call,51,52,39.5,45,33.5,▼-74,▼-62.18%,19,21,40,24,33.5,35,110,39.5
TXO,202610W2,20261014.0,50850.0,Put,-,-,-,-,1730.0,-,-,0,0,0,0,1390,-,-,-
TXO,202610W2,20261014.0,50900.0,Call,45.5,49,32.5,32.5,32.5,▼-71.5,▼-68.75%,27,12,39,45,30.5,32,239,32.5
TXO,202610W2,20261014.0,50900.0,Put,-,-,-,-,1780.0,-,-,0,0,0,0,1440,1790,-,-
TXO,202610W2,20261014.0,50950.0,Call,40,45,39,45,28.5,▼-58,▼-56.31%,5,14,19,14,28.5,29.5,63,39
TXO,202610W2,20261014.0,50950.0,Put,-,-,-,-,1830.0,-,-,0,0,0,0,1490,-,-,-
TXO,202610W2,20261014.0,51000.0,Call,37.5,43,26,26,26.0,▼-68,▼-72.34%,215,216,431,279,26,27.5,201,26
TXO,202610W2,20261014.0,51000.0,Put,-,-,-,-,1870.0,-,-,0,0,0,0,1540,-,1300,1250
TXO,202610W2,20261014.0,51050.0,Call,34,38.5,32.5,38,24.0,▼-48,▼-55.81%,10,14,24,10,24,25,109,32.5
TXO,202610W2,20261014.0,51050.0,Put,-,-,-,-,1920.0,-,-,0,0,0,0,1580,-,-,-
TXO,202610W2,20261014.0,51100.0,Call,28.5,34,27,27,22.0,▼-55,▼-67.07%,19,36,55,42,21,24,159,27
TXO,202610W2,20261014.0,51100.0,Put,-,-,-,-,1970.0,-,-,0,0,0,0,1630,-,-,-
TXO,202610W2,20261014.0,51150.0,Call,-,-,-,-,20.5,-,-,0,0,0,1,20.5,21.5,117,117
TXO,202610W2,20261014.0,51150.0,Put,-,-,-,-,2020.0,-,-,0,0,0,0,1720,2030,-,-
TXO,202610W2,20261014.0,51200.0,Call,27.5,30.5,22,22,19.0,▼-46,▼-67.65%,34,9,43,28,19,20,136,22
TXO,202610W2,20261014.0,51200.0,Put,-,-,-,-,2070.0,-,-,0,0,0,0,-,-,-,-
TXO,202610W2,20261014.0,51250.0,Call,-,-,-,-,18.5,-,-,7,0,7,7,18,19,51,32.5
TXO,202610W2,20261014.0,51250.0,Put,-,-,-,-,2120.0,-,-,0,0,0,0,-,-,-,-
TXO,202610W2,20261014.0,51300.0,Call,24.5,25,18,18,18.0,▼-45,▼-71.43%,12,37,49,23,16.5,17.5,125,18
TXO,202610W2,20261014.0,51300.0,Put,-,-,-,-,2170.0,-,-,0,0,0,0,-,-,-,-
TXO,202610W2,20261014.0,51400.0,Call,17,20.5,17,20.5,16.0,▼-32.5,▼-61.32%,24,13,37,34,14,15,120,15.5
TXO,202610W2,20261014.0,51400.0,Put,-,-,-,-,2260.0,-,-,0,0,0,0,-,-,-,-
TXO,202610W2,20261014.0,51500.0,Call,19,19.5,14,14,14.0,▼-28.5,▼-67.06%,56,42,98,72,12.5,13.5,107,14
TXO,202610W2,20261014.0,51500.0,Put,-,-,-,-,2360.0,-,-,0,0,0,0,2340,2370,-,-
TXO,202610W2,20261014.0,51600.0,Call,15,16,13,15,11.0,▼-26,▼-63.41%,19,23,42,42,11,11.5,94,13
TXO,202610W2,20261014.0,51600.0,Put,-,-,-,-,2460.0,-,-,0,0,0,0,2440,2470,-,-
TXO,202610W2,20261014.0,51700.0,Call,13.5,15,11,11.5,9.7,▼-22.5,▼-66.18%,26,149,175,150,9.5,10.5,73,11
TXO,202610W2,20261014.0,51700.0,Put,-,-,-,-,2560.0,-,-,0,0,0,0,-,-,-,-
TXO,202610W2,20261014.0,51800.0,Call,10.5,12,9.3,9.3,9.3,▼-21.2,▼-69.51%,85,68,153,109,8.4,9,71,9.3
TXO,202610W2,20261014.0,51800.0,Put,-,-,-,-,2660.0,-,-,0,0,0,0,2,-,-,-
TXO,202610W2,20261014.0,51900.0,Call,10,10.5,9.5,9.5,7.3,▼-14,▼-59.57%,10,7,17,14,7.2,7.8,73,9.5
TXO,202610W2,20261014.0,51900.0,Put,-,-,-,-,2760.0,-,-,0,0,0,0,2,-,-,-
TXO,202610W2,20261014.0,52000.0,Call,9.8,10,7,7,7.0,▼-15.5,▼-68.89%,66,38,104,126,6.5,7.1,57,7
TXO,202610W2,20261014.0,52000.0,Put,-,-,-,-,2860.0,-,-,0,0,0,0,2,-,-,-
TXO,202610W2,20261014.0,52100.0,Call,8.3,8.3,8.3,8.3,5.8,▼-11.7,▼-58.50%,2,2,4,12,5.7,6.2,48,8.3
TXO,202610W2,20261014.0,52100.0,Put,-,-,-,-,2950.0,-,-,0,0,0,0,-,-,-,-
TXO,202610W2,20261014.0,52200.0,Call,7,7.7,6.5,7.7,5.6,▼-7.8,▼-50.32%,52,3,55,58,5.1,6.4,44,6.5
TXO,202610W2,20261014.0,52200.0,Put,-,-,-,-,3050.0,-,-,0,0,0,0,3040,3070,-,-
TXO,202610W2,20261014.0,52300.0,Call,-,-,-,-,5.0,-,-,4,0,4,38,4.5,5.8,33,7.4
TXO,202610W2,20261014.0,52300.0,Put,-,-,-,-,3150.0,-,-,0,0,0,0,3130,3170,-,-
TXO,202610W2,20261014.0,52400.0,Call,5.6,5.6,5.6,5.6,4.6,▼-6.4,▼-53.33%,2,2,4,7,4,5.4,32,5.6
TXO,202610W2,20261014.0,52400.0,Put,-,-,-,-,3250.0,-,-,0,0,0,0,3230,3270,-,-
TXO,202610W2,20261014.0,52500.0,Call,6.4,6.4,4.5,4.7,3.9,▼-6.8,▼-59.13%,13,7,20,41,3.1,5,28.5,4.5
TXO,202610W2,20261014.0,52500.0,Put,-,-,-,-,3350.0,-,-,0,0,0,0,3330,3370,-,-
TXO,202610W2,20261014.0,52600.0,Call,5.7,5.7,4,4,3.7,▼-6,▼-60.00%,13,9,22,20,3.1,4.5,23,4
TXO,202610W2,20261014.0,52600.0,Put,-,-,-,-,3450.0,-,-,0,0,0,0,-,-,-,-
TXO,202610W2,20261014.0,52700.0,Call,-,-,-,-,3.4,-,-,0,0,0,1,2.8,4.2,18.5,8.1
TXO,202610W2,20261014.0,52700.0,Put,-,-,-,-,3550.0,-,-,0,0,0,0,-,-,-,-
TXO,202610W2,20261014.0,52800.0,Call,2.8,4.4,2.8,4.4,3.2,▼-3.2,▼-42.11%,1,2,3,8,2.4,3.8,19,2.8
TXO,202610W2,20261014.0,52800.0,Put,-,-,-,-,3650.0,-,-,0,0,0,0,-,-,-,-
TXO,202610W2,20261014.0,52900.0,Call,3,3,3,3,3.0,▼-4.3,▼-58.90%,1,2,3,35,2.1,3,18,3
TXO,202610W2,20261014.0,52900.0,Put,-,-,-,-,3750.0,-,-,0,0,0,0,-,-,-,-
TXO,202610W2,20261014.0,53000.0,Call,3,3,3,3,2.4,▼-3.7,▼-55.22%,8,1,9,43,1.9,3.3,18,3
TXO,202610W2,20261014.0,53000.0,Put,-,-,-,-,3850.0,-,-,0,0,0,0,-,-,-,-
TXO,202610W2,20261014.0,53100.0,Call,-,-,-,-,2.3,-,-,2,0,2,2,1.7,3.1,11.5,3.3
TXO,202610W2,20261014.0,53100.0,Put,-,-,-,-,3950.0,-,-,0,0,0,0,-,-,-,-
TXO,202610W2,20261014.0,53200.0,Call,-,-,-,-,2.1,-,-,2,0,2,10,1.5,2.8,10.5,3
TXO,202610W2,20261014.0,53200.0,Put,-,-,-,-,4050.0,-,-,0,0,0,0,-,-,-,-
TXO,202610W2,20261014.0,53300.0,Call,2,2,2,2,2.0,▼-3.2,▼-61.54%,1,1,2,2,1.3,2.5,3,2
TXO,202610W2,20261014.0,53300.0,Put,-,-,-,-,4150.0,-,-,0,0,0,0,-,-,-,-
TXO,202610W2,20261014.0,53400.0,Call,2.4,2.4,2.4,2.4,1.6,▼-2.4,▼-50.00%,1,1,2,2,1.2,2,9.5,2.4
TXO,202610W2,20261014.0,53400.0,Put,-,-,-,-,4250.0,-,-,0,0,0,0,-,-,-,-
TXO,202610W2,20261014.0,53500.0,Call,-,-,-,-,1.5,-,-,1,0,1,1,1.1,2.3,3.7,3.7
TXO,202610W2,20261014.0,53500.0,Put,-,-,-,-,4350.0,-,-,0,0,0,0,-,-,-,-
TXO,202610W2,20261014.0,53600.0,Call,-,-,-,-,1.4,-,-,4,0,4,16,0.9,2,5.5,1.7
TXO,202610W2,20261014.0,53600.0,Put,-,-,-,-,4450.0,-,-,0,0,0,0,-,-,-,-
TXO,202610W2,20261014.0,53700.0,Call,-,-,-,-,1.3,-,-,1,0,1,4,0.8,1.9,6.8,3.3
TXO,202610W2,20261014.0,53700.0,Put,-,-,-,-,4550.0,-,-,0,0,0,0,-,-,-,-
TXO,202610W2,20261014.0,53800.0,Call,-,-,-,-,1.2,-,-,1,0,1,1,0.7,1.7,2,2
TXO,202610W2,20261014.0,53800.0,Put,-,-,-,-,4650.0,-,-,0,0,0,0,-,-,-,-
TXO,202610W2,20261014.0,53900.0,Call,-,-,-,-,1.1,-,-,0,0,0,1,1,1.5,5,5
TXO,202610W2,20261014.0,53900.0,Put,-,-,-,-,4750.0,-,-,0,0,0,0,4730,4760,-,-
TXO,202610W2,20261014.0,54000.0,Call,0.9,1,0.7,0.7,1.0,▼-1.8,▼-72.00%,155,692,847,847,0.6,0.7,4.7,0.7
TXO,202610W2,20261014.0,54000.0,Put,-,-,-,-,4850.0,-,-,0,0,0,0,4830,4870,-,-
TXO,202610W2,20261014.0,54100.0,Call,-,-,-,-,0.9,-,-,0,0,0,1,0.5,1.4,4.2,4.2
TXO,202610W2,20261014.0,54100.0,Put,-,-,-,-,4950.0,-,-,0,0,0,0,4930,4970,-,-
TXO,202610W2,20261014.0,54200.0,Call,-,-,-,-,0.8,-,-,0,0,0,1,0.4,1.2,3.7,3.7
TXO,202610W2,20261014.0,54200.0,Put,-,-,-,-,5050.0,-,-,0,0,0,0,5030,5070,-,-
TXO,202610W2,20261014.0,54300.0,Call,-,-,-,-,0.7,-,-,0,0,0,4,0.4,1.2,3.3,1.5
TXO,202610W2,20261014.0,54300.0,Put,-,-,-,-,5150.0,-,-,0,0,0,0,-,-,-,-
TXO,202610W2,20261014.0,54400.0,Call,-,-,-,-,0.7,-,-,0,0,0,1,0.3,1.1,4,3
TXO,202610W2,20261014.0,54400.0,Put,-,-,-,-,5250.0,-,-,0,0,0,0,5230,5270,-,-
TXO,202610W2,20261014.0,54500.0,Call,-,-,-,-,0.6,-,-,0,0,0,0,0.3,1,-,-
TXO,202610W2,20261014.0,54500.0,Put,-,-,-,-,5350.0,-,-,0,0,0,0,5330,5370,-,-
TXO,202610W2,20261014.0,54600.0,Call,-,-,-,-,0.6,-,-,0,0,0,0,0.3,1,-,-
TXO,202610W2,20261014.0,54600.0,Put,-,-,-,-,5450.0,-,-,0,0,0,0,-,-,-,-
TXO,202610W2,20261014.0,54700.0,Call,0.5,0.6,0.4,0.6,0.6,▼-0.7,▼-53.85%,6,3,9,8,0.2,0.6,3.5,0.2
TXO,202610W2,20261014.0,54700.0,Put,-,-,-,-,5550.0,-,-,0,0,0,0,-,-,-,-
TXO,202610W2,20261014.0,54800.0,Call,-,-,-,-,0.5,-,-,1,0,1,1,0.3,0.8,1.8,1.8
TXO,202610W2,20261014.0,54800.0,Put,-,-,-,-,5650.0,-,-,0,0,0,0,-,5670,-,-
TXO,202610W2,20261014.0,54900.0,Call,0.9,2,0.7,0.8,0.5,▼-0.1,▼-11.11%,3,46,49,289,0.2,0.8,2,0.7
TXO,202610W2,20261014.0,54900.0,Put,-,-,-,-,5750.0,-,-,0,0,0,0,-,-,-,-
TXO,202610F3,20261016.0,43500.0,Call,-,-,-,-,5700.0,-,-,0,0,0,0,-,-,-,-
TXO,202610F3,20261016.0,43500.0,Put,10.5,12,10,12,12.0,▲+1.5,▲+14.29%,9,15,24,92,12,13,26,10
TXO,202610F3,20261016.0,43600.0,Call,-,-,-,-,5600.0,-,-,0,0,0,0,-,-,-,-
TXO,202610F3,20261016.0,43600.0,Put,11,11.5,11,11.5,13.0,▲+0.5,▲+4.55%,2,2,4,4,12.5,13.5,12.5,10
TXO,202610F3,20261016.0,43700.0,Call,-,-,-,-,5500.0,-,-,0,0,0,0,-,-,-,-
TXO,202610F3,20261016.0,43700.0,Put,11.5,11.5,11.5,11.5,13.5,▲+0.5,▲+4.55%,0,1,1,2,13,14,26.5,11.5
TXO,202610F3,20261016.0,43800.0,Call,-,-,-,-,5400.0,-,-,0,0,0,0,-,-,-,-
TXO,202610F3,20261016.0,43800.0,Put,12.5,12.5,12.5,12.5,14.0,▲+1,▲+8.70%,0,2,2,6,13.5,14.5,21,12.5
TXO,202610F3,20261016.0,43900.0,Call,-,-,-,-,5300.0,-,-,0,0,0,0,-,-,-,-
TXO,202610F3,20261016.0,43900.0,Put,12.5,13,12.5,12.5,14.5,▲+0.5,▲+4.17%,2,5,7,3,14,15,30.5,11
TXO,202610F3,20261016.0,44000.0,Call,-,-,-,-,5200.0,-,-,0,0,0,0,5180,5220,-,-
TXO,202610F3,20261016.0,44000.0,Put,12.5,13,12.5,12.5,15.0,0,0%,4,32,36,75,14.5,15.5,22,11.5
TXO,202610F3,20261016.0,44100.0,Call,-,-,-,-,5100.0,-,-,0,0,0,0,5080,5120,-,-
TXO,202610F3,20261016.0,44100.0,Put,13.5,13.5,13.5,13.5,15.5,▲+0.5,▲+3.85%,0,1,1,2,15,16,19,13.5
TXO,202610F3,20261016.0,44200.0,Call,-,-,-,-,5000.0,-,-,0,0,0,0,-,-,-,-
TXO,202610F3,20261016.0,44200.0,Put,-,-,-,-,16.0,-,-,0,0,0,1,15.5,16.5,24,24
TXO,202610F3,20261016.0,44300.0,Call,-,-,-,-,4900.0,-,-,0,0,0,0,-,-,-,-
TXO,202610F3,20261016.0,44300.0,Put,-,-,-,-,16.5,-,-,0,0,0,1,16,17,26,26
TXO,202610F3,20261016.0,44400.0,Call,-,-,-,-,4800.0,-,-,0,0,0,0,-,-,-,-
TXO,202610F3,20261016.0,44400.0,Put,-,-,-,-,17.0,-,-,0,0,0,1,16.5,17.5,31,21
TXO,202610F3,20261016.0,44500.0,Call,-,-,-,-,4700.0,-,-,0,0,0,0,-,4780,-,-
TXO,202610F3,20261016.0,44500.0,Put,16,16,16,16,17.5,▲+1.5,▲+10.34%,0,1,1,2,17,18,38,16
TXO,202610F3,20261016.0,44600.0,Call,-,-,-,-,4600.0,-,-,0,0,0,0,-,-,-,-
TXO,202610F3,20261016.0,44600.0,Put,-,-,-,-,18.0,-,-,0,0,0,0,17.5,18.5,-,-
TXO,202610F3,20261016.0,44700.0,Call,-,-,-,-,4500.0,-,-,0,0,0,0,-,-,-,-
TXO,202610F3,20261016.0,44700.0,Put,-,-,-,-,19.0,-,-,0,0,0,1,18.5,19.5,23,23
TXO,202610F3,20261016.0,44800.0,Call,-,-,-,-,4400.0,-,-,0,0,0,0,-,-,-,-
TXO,202610F3,20261016.0,44800.0,Put,-,-,-,-,19.5,-,-,0,0,0,4,19,20,30,23
TXO,202610F3,20261016.0,44900.0,Call,-,-,-,-,4300.0,-,-,0,0,0,0,-,-,-,-
TXO,202610F3,20261016.0,44900.0,Put,-,-,-,-,20.0,-,-,0,0,0,0,19.5,20.5,28,21
TXO,202610F3,20261016.0,45000.0,Call,-,-,-,-,4200.0,-,-,0,0,0,0,-,4310,-,-
TXO,202610F3,20261016.0,45000.0,Put,20,20,20,20,21.0,▲+2.5,▲+14.29%,0,40,40,168,20.5,21.5,51,20
TXO,202610F3,20261016.0,45100.0,Call,-,-,-,-,4110.0,-,-,0,0,0,0,-,4210,-,-
TXO,202610F3,20261016.0,45100.0,Put,18,19,18,19,22.0,▲+1,▲+5.56%,0,2,2,2,21.5,22.5,19,18
TXO,202610F3,20261016.0,45200.0,Call,-,-,-,-,4010.0,-,-,0,0,0,0,-,-,-,-
TXO,202610F3,20261016.0,45200.0,Put,19.5,21,19.5,21,23.0,▲+2.5,▲+13.51%,0,2,2,1,22,23.5,21,19.5
TXO,202610F3,20261016.0,45300.0,Call,-,-,-,-,3910.0,-,-,0,0,0,0,3890,3930,-,-
TXO,202610F3,20261016.0,45300.0,Put,20.5,20.5,20.5,20.5,24.0,▲+1.5,▲+7.89%,2,1,3,9,23.5,24.5,65,20.5
TXO,202610F3,20261016.0,45400.0,Call,-,-,-,-,3810.0,-,-,0,0,0,0,-,-,-,-
TXO,202610F3,20261016.0,45400.0,Put,-,-,-,-,25.0,-,-,0,0,0,4,24.5,25.5,67,65
TXO,202610F3,20261016.0,45500.0,Call,-,-,-,-,3710.0,-,-,0,0,0,0,-,3780,-,-
TXO,202610F3,20261016.0,45500.0,Put,24,24,21,21,26.0,0,0%,1,3,4,25,25.5,26.5,72,21
TXO,202610F3,20261016.0,45600.0,Call,-,-,-,-,3610.0,-,-,0,0,0,0,-,-,-,-
TXO,202610F3,20261016.0,45600.0,Put,24.5,26.5,22,26.5,26.5,▲+5,▲+23.26%,1,8,9,21,27,28,61,22
TXO,202610F3,20261016.0,45700.0,Call,-,-,-,-,3510.0,-,-,0,0,0,0,-,-,-,-
TXO,202610F3,20261016.0,45700.0,Put,29.5,29.5,29.5,29.5,29.5,▲+7,▲+31.11%,0,1,1,15,28.5,29.5,77,26.5
TXO,202610F3,20261016.0,45800.0,Call,-,-,-,-,3410.0,-,-,0,0,0,0,-,-,-,-
TXO,202610F3,20261016.0,45800.0,Put,27,27,27,27,30.5,▲+3.5,▲+14.89%,1,26,27,33,30,31,71,27
TXO,202610F3,20261016.0,45900.0,Call,-,-,-,-,3320.0,-,-,0,0,0,0,-,-,-,-
TXO,202610F3,20261016.0,45900.0,Put,-,-,-,-,32.0,-,-,0,0,0,24,31.5,32.5,102,32.5
TXO,202610F3,20261016.0,46000.0,Call,-,-,-,-,3220.0,-,-,0,0,0,0,-,-,-,-
TXO,202610F3,20261016.0,46000.0,Put,28.5,29.5,26.5,29.5,34.0,▲+5,▲+20.41%,6,7,13,26,33.5,34.5,112,23.5
TXO,202610F3,20261016.0,46100.0,Call,-,-,-,-,3120.0,-,-,0,0,0,0,3110,3140,-,-
TXO,202610F3,20261016.0,46100.0,Put,-,-,-,-,36.5,-,-,0,0,0,6,36,37,85,85
TXO,202610F3,20261016.0,46200.0,Call,-,-,-,-,3020.0,-,-,0,0,0,0,-,-,-,-
TXO,202610F3,20261016.0,46200.0,Put,-,-,-,-,39.0,-,-,0,0,0,1,38,39.5,30.5,30.5
TXO,202610F3,20261016.0,46300.0,Call,-,-,-,-,2930.0,-,-,0,0,0,0,-,-,-,-
TXO,202610F3,20261016.0,46300.0,Put,32,40,32,40,40.0,▲+10,▲+33.33%,4,6,10,6,40.5,42,42,32
TXO,202610F3,20261016.0,46400.0,Call,-,-,-,-,2830.0,-,-,0,0,0,0,-,-,-,-
TXO,202610F3,20261016.0,46400.0,Put,36,40,36,40,44.5,▲+8.5,▲+26.98%,0,2,2,2,44,45,44,36
TXO,202610F3,20261016.0,46500.0,Call,-,-,-,-,2730.0,-,-,0,0,0,0,-,-,-,-
TXO,202610F3,20261016.0,46500.0,Put,40,46,37,46,46.0,▲+12.5,▲+37.31%,0,7,7,10,47,48.5,165,37
TXO,202610F3,20261016.0,46600.0,Call,-,-,-,-,2640.0,-,-,0,0,0,0,-,-,-,-
TXO,202610F3,20261016.0,46600.0,Put,-,-,-,-,51.0,-,-,19,0,19,17,50,52,185,37
TXO,202610F3,20261016.0,46700.0,Call,-,-,-,-,2540.0,-,-,0,0,0,0,2530,2550,-,-
TXO,202610F3,20261016.0,46700.0,Put,43,50,43,50,56.0,▲+10,▲+25.00%,0,2,2,1,55,57,57,40
TXO,202610F3,20261016.0,46800.0,Call,-,-,-,-,2440.0,-,-,0,0,0,0,-,-,-,-
TXO,202610F3,20261016.0,46800.0,Put,47.5,49,46,48.5,60.0,▲+8,▲+19.75%,2,28,30,30,59,61,165,46
TXO,202610F3,20261016.0,46900.0,Call,-,-,-,-,2350.0,-,-,0,0,0,0,2340,2370,-,-
TXO,202610F3,20261016.0,46900.0,Put,57,64,56,64,64.0,▲+23,▲+56.10%,14,3,17,18,65,67,193,41
TXO,202610F3,20261016.0,46950.0,Call,-,-,-,-,2300.0,-,-,0,0,0,0,-,2400,-,-
TXO,202610F3,20261016.0,46950.0,Put,51,52,51,52,69.0,▲+7,▲+15.56%,0,2,2,2,68,70,57,51
TXO,202610F3,20261016.0,47000.0,Call,-,-,-,-,2260.0,-,-,0,0,0,0,-,-,-,-
TXO,202610F3,20261016.0,47000.0,Put,55,59,55,59,72.0,▲+12.5,▲+26.88%,31,5,36,9,71,73,100,49.5
TXO,202610F3,20261016.0,47050.0,Call,-,-,-,-,2210.0,-,-,0,0,0,0,-,-,-,-
TXO,202610F3,20261016.0,47050.0,Put,-,-,-,-,75.0,-,-,1,0,1,1,74,76,55,55
TXO,202610F3,20261016.0,47100.0,Call,-,-,-,-,2160.0,-,-,0,0,0,0,-,-,-,-
TXO,202610F3,20261016.0,47100.0,Put,69,69,69,69,78.0,▲+19,▲+38.00%,7,1,8,8,77,79,74,69
TXO,202610F3,20261016.0,47150.0,Call,-,-,-,-,2120.0,-,-,0,0,0,0,-,-,-,-
TXO,202610F3,20261016.0,47150.0,Put,-,-,-,-,82.0,-,-,1,0,1,30,81,83,254,72
TXO,202610F3,20261016.0,47200.0,Call,-,-,-,-,2070.0,-,-,0,0,0,0,2060,2080,-,-
TXO,202610F3,20261016.0,47200.0,Put,-,-,-,-,86.0,-,-,2,0,2,13,85,87,249,60
TXO,202610F3,20261016.0,47250.0,Call,-,-,-,-,2020.0,-,-,0,0,0,0,-,-,-,-
TXO,202610F3,20261016.0,47250.0,Put,-,-,-,-,90.0,-,-,0,0,0,1,89,91,305,72
TXO,202610F3,20261016.0,47300.0,Call,-,-,-,-,1980.0,-,-,0,0,0,0,-,-,-,-
TXO,202610F3,20261016.0,47300.0,Put,88,88,79,79,95.0,▲+20,▲+33.90%,0,3,3,4,93,96,195,75
TXO,202610F3,20261016.0,47350.0,Call,-,-,-,-,1930.0,-,-,0,0,0,0,-,-,-,-
TXO,202610F3,20261016.0,47350.0,Put,-,-,-,-,99.0,-,-,1,0,1,1,97,100,302,78
TXO,202610F3,20261016.0,47400.0,Call,-,-,-,-,1890.0,-,-,0,0,0,0,-,-,-,-
TXO,202610F3,20261016.0,47400.0,Put,80,89,78,89,104.0,▲+22,▲+32.84%,0,9,9,10,102,105,350,67
TXO,202610F3,20261016.0,47450.0,Call,-,-,-,-,1840.0,-,-,0,0,0,0,-,-,-,-
TXO,202610F3,20261016.0,47450.0,Put,-,-,-,-,110.0,-,-,0,0,0,5,108,111,358,101
TXO,202610F3,20261016.0,47500.0,Call,-,-,-,-,1800.0,-,-,1,0,1,1,1720,-,1970,1970
TXO,202610F3,20261016.0,47500.0,Put,88,111,82,111,111.0,▲+41,▲+58.57%,3,32,35,23,113,116,193,75
TXO,202610F3,20261016.0,47550.0,Call,-,-,-,-,1750.0,-,-,0,0,0,0,-,-,-,-
TXO,202610F3,20261016.0,47550.0,Put,-,-,-,-,121.0,-,-,0,0,0,0,119,122,118,98
TXO,202610F3,20261016.0,47600.0,Call,-,-,-,-,1710.0,-,-,0,0,0,0,-,-,-,-
TXO,202610F3,20261016.0,47600.0,Put,117,128,92,128,128.0,▲+52,▲+68.42%,6,7,13,12,125,128,128,92
TXO,202610F3,20261016.0,47650.0,Call,-,-,-,-,1670.0,-,-,0,0,0,0,-,-,-,-
TXO,202610F3,20261016.0,47650.0,Put,123,123,123,123,134.0,▲+44,▲+55.70%,2,1,3,2,132,135,134,100
TXO,202610F3,20261016.0,47700.0,Call,-,-,-,-,1630.0,-,-,0,0,0,0,-,-,-,-
TXO,202610F3,20261016.0,47700.0,Put,123,139,123,139,139.0,▲+56,▲+67.47%,2,2,4,4,139,142,139,123
TXO,202610F3,20261016.0,47750.0,Call,-,-,-,-,1580.0,-,-,0,0,0,0,-,1670,-,-
TXO,202610F3,20261016.0,47750.0,Put,126,149,126,149,149.0,▲+62,▲+71.26%,1,2,3,3,146,151,149,126
TXO,202610F3,20261016.0,47800.0,Call,-,-,-,-,1540.0,-,-,0,0,0,0,-,-,-,-
TXO,202610F3,20261016.0,47800.0,Put,140,157,140,154,154.0,▲+63,▲+69.23%,8,3,11,6,154,158,296,120
TXO,202610F3,20261016.0,47850.0,Call,-,-,-,-,1500.0,-,-,0,0,0,0,-,-,-,-
TXO,202610F3,20261016.0,47850.0,Put,125,163,125,163,163.0,▲+66,▲+68.04%,2,8,10,7,161,166,488,97
TXO,202610F3,20261016.0,47900.0,Call,-,-,-,-,1460.0,-,-,0,0,0,0,-,-,-,-
TXO,202610F3,20261016.0,47900.0,Put,148,167,127,167,167.0,▲+63,▲+60.58%,6,12,18,16,171,176,338,104
TXO,202610F3,20261016.0,47950.0,Call,-,-,-,-,1420.0,-,-,0,0,0,0,-,-,-,-
TXO,202610F3,20261016.0,47950.0,Put,152,180,152,180,180.0,▲+75,▲+71.43%,3,2,5,3,180,185,180,134
TXO,202610F3,20261016.0,48000.0,Call,-,-,-,-,1380.0,-,-,0,0,0,0,-,-,1380,1080
TXO,202610F3,20261016.0,48000.0,Put,143,190,131,190,190.0,▲+79,▲+71.17%,8,14,22,17,190,195,299,109
TXO,202610F3,20261016.0,48050.0,Call,-,-,-,-,1340.0,-,-,0,0,0,0,-,-,-,-
TXO,202610F3,20261016.0,48050.0,Put,197,197,197,197,197.0,▲+81,▲+69.83%,1,1,2,2,199,204,197,194
TXO,202610F3,20261016.0,48100.0,Call,-,-,-,-,1300.0,-,-,0,0,0,1,1230,-,1990,1990
TXO,202610F3,20261016.0,48100.0,Put,162,164,162,164,214.0,▲+42,▲+34.43%,5,2,7,5,211,216,186,134
TXO,202610F3,20261016.0,48150.0,Call,-,-,-,-,1260.0,-,-,0,0,0,0,-,-,-,-
TXO,202610F3,20261016.0,48150.0,Put,-,-,-,-,225.0,-,-,4,0,4,2,222,227,326,157
TXO,202610F3,20261016.0,48200.0,Call,-,-,-,-,1220.0,-,-,0,0,0,0,1210,1240,-,-
TXO,202610F3,20261016.0,48200.0,Put,180,214,180,214,236.0,▲+79,▲+58.52%,3,3,6,6,233,239,214,143
TXO,202610F3,20261016.0,48250.0,Call,-,-,-,-,1180.0,-,-,0,0,0,0,-,-,-,-
TXO,202610F3,20261016.0,48250.0,Put,-,-,-,-,248.0,-,-,2,0,2,3,245,251,252,152
TXO,202610F3,20261016.0,48300.0,Call,-,-,-,-,1150.0,-,-,0,0,0,0,-,-,-,-
TXO,202610F3,20261016.0,48300.0,Put,207,207,207,207,261.0,▲+57,▲+38.00%,1,1,2,4,258,264,237,150
TXO,202610F3,20261016.0,48350.0,Call,-,-,-,-,1110.0,-,-,0,0,0,0,-,-,-,-
TXO,202610F3,20261016.0,48350.0,Put,-,-,-,-,275.0,-,-,0,0,0,0,272,278,-,-
TXO,202610F3,20261016.0,48400.0,Call,-,-,-,-,1070.0,-,-,0,0,0,0,1060,1080,-,-
TXO,202610F3,20261016.0,48400.0,Put,197,200,197,200,283.0,▲+33,▲+19.76%,0,3,3,10,286,292,540,154
TXO,202610F3,20261016.0,48450.0,Call,-,-,-,-,1040.0,-,-,0,0,0,0,1030,1050,-,-
TXO,202610F3,20261016.0,48450.0,Put,289,289,289,289,289.0,▲+114,▲+65.14%,0,1,1,2,300,306,289,179
TXO,202610F3,20261016.0,48500.0,Call,-,-,-,-,1000.0,-,-,0,0,0,3,995,1010,1600,1460
TXO,202610F3,20261016.0,48500.0,Put,-,-,-,-,319.0,-,-,2,0,2,6,315,322,740,182
TXO,202610F3,20261016.0,48550.0,Call,-,-,-,-,970.0,-,-,0,0,0,0,960,975,-,-
TXO,202610F3,20261016.0,48550.0,Put,239,277,239,277,336.0,▲+75,▲+37.13%,0,2,2,3,332,339,277,202
TXO,202610F3,20261016.0,48600.0,Call,-,-,-,-,935.0,-,-,0,0,0,1,925,940,1610,1380
TXO,202610F3,20261016.0,48600.0,Put,-,-,-,-,351.0,-,-,0,0,0,7,347,354,325,188
TXO,202610F3,20261016.0,48650.0,Call,1020,1020,1020,1020,900.0,▼-320,▼-23.88%,0,3,3,3,895,910,1020,1020
TXO,202610F3,20261016.0,48650.0,Put,283,283,283,283,368.0,▲+67,▲+31.02%,1,3,4,3,364,371,336,283
TXO,202610F3,20261016.0,48700.0,Call,-,-,-,-,870.0,-,-,0,0,0,1,860,875,685,685
TXO,202610F3,20261016.0,48700.0,Put,-,-,-,-,386.0,-,-,0,0,0,3,382,389,422,229
TXO,202610F3,20261016.0,48750.0,Call,-,-,-,-,840.0,-,-,0,0,0,0,830,845,-,-
TXO,202610F3,20261016.0,48750.0,Put,-,-,-,-,405.0,-,-,11,0,11,10,401,409,454,347
TXO,202610F3,20261016.0,48800.0,Call,900,900,900,900,810.0,▼-330,▼-26.83%,0,3,3,5,800,815,1180,900
TXO,202610F3,20261016.0,48800.0,Put,341,348,341,348,424.0,▲+95,▲+37.55%,10,4,14,12,420,428,475,240
TXO,202610F3,20261016.0,48850.0,Call,885,885,885,885,780.0,▼-305,▼-25.63%,0,3,3,3,770,785,885,885
TXO,202610F3,20261016.0,48850.0,Put,348,348,345,345,444.0,▲+79,▲+29.70%,7,4,11,9,440,448,447,290
TXO,202610F3,20261016.0,48900.0,Call,-,-,-,-,750.0,-,-,1,0,1,1,740,755,1090,1090
TXO,202610F3,20261016.0,48900.0,Put,-,-,-,-,465.0,-,-,4,0,4,5,461,468,486,271
TXO,202610F3,20261016.0,48950.0,Call,-,-,-,-,720.0,-,-,1,0,1,1,715,725,1060,1060
TXO,202610F3,20261016.0,48950.0,Put,-,-,-,-,486.0,-,-,0,0,0,0,481,489,-,-
TXO,202610F3,20261016.0,49000.0,Call,790,790,790,790,695.0,▼-300,▼-27.52%,3,3,6,19,685,700,1260,510
TXO,202610F3,20261016.0,49000.0,Put,403,403,396,400,510.0,▲+92,▲+29.87%,2,35,37,21,500,510,660,318
TXO,202610F3,20261016.0,49050.0,Call,760,760,760,760,665.0,▼-290,▼-27.62%,0,3,3,3,660,670,760,760
TXO,202610F3,20261016.0,49050.0,Put,423,423,423,423,530.0,▲+100,▲+30.96%,0,3,3,3,525,535,423,423
TXO,202610F3,20261016.0,49100.0,Call,730,730,730,730,640.0,▼-290,▼-28.43%,1,3,4,3,630,645,730,625
TXO,202610F3,20261016.0,49100.0,Put,443,443,443,443,555.0,▲+104,▲+30.68%,2,3,5,9,550,560,565,312
TXO,202610F3,20261016.0,49150.0,Call,-,-,-,-,615.0,-,-,0,0,0,1,605,620,493,493
TXO,202610F3,20261016.0,49150.0,Put,430,430,430,430,580.0,▲+74,▲+20.79%,0,1,1,2,570,580,463,430
TXO,202610F3,20261016.0,49200.0,Call,-,-,-,-,590.0,-,-,4,0,4,4,580,595,645,635
TXO,202610F3,20261016.0,49200.0,Put,-,-,-,-,605.0,-,-,2,0,2,3,595,605,455,432
TXO,202610F3,20261016.0,49250.0,Call,-,-,-,-,565.0,-,-,2,0,2,3,555,570,890,585
TXO,202610F3,20261016.0,49250.0,Put,-,-,-,-,630.0,-,-,1,0,1,3,620,635,600,491
TXO,202610F3,20261016.0,49300.0,Call,-,-,-,-,540.0,-,-,2,0,2,2,535,545,585,404
TXO,202610F3,20261016.0,49300.0,Put,-,-,-,-,655.0,-,-,1,0,1,3,650,660,500,400
TXO,202610F3,20261016.0,49350.0,Call,-,-,-,-,535.0,-,-,0,0,0,1,510,520,401,401
TXO,202610F3,20261016.0,49350.0,Put,580,580,580,580,680.0,▲+152,▲+35.51%,0,1,1,1,675,685,580,580
TXO,202610F3,20261016.0,49400.0,Call,530,530,530,530,530.0,▼-295,▼-35.76%,0,2,2,1,488,496,920,374
TXO,202610F3,20261016.0,49400.0,Put,-,-,-,-,710.0,-,-,2,0,2,2,700,715,780,419
TXO,202610F3,20261016.0,49450.0,Call,-,-,-,-,480.0,-,-,0,0,0,0,468,476,895,865
TXO,202610F3,20261016.0,49450.0,Put,-,-,-,-,735.0,-,-,0,0,0,0,730,740,510,510
TXO,202610F3,20261016.0,49500.0,Call,495,560,495,500,451.0,▼-270,▼-35.06%,2,8,10,6,447,455,895,356
TXO,202610F3,20261016.0,49500.0,Put,645,645,645,645,765.0,▲+168,▲+35.22%,4,3,7,5,760,770,805,444
TXO,202610F3,20261016.0,49550.0,Call,-,-,-,-,429.0,-,-,0,0,0,2,425,433,350,350
TXO,202610F3,20261016.0,49550.0,Put,-,-,-,-,795.0,-,-,0,0,0,0,790,800,-,-
TXO,202610F3,20261016.0,49600.0,Call,-,-,-,-,411.0,-,-,3,0,3,1,407,415,480,410
TXO,202610F3,20261016.0,49600.0,Put,-,-,-,-,825.0,-,-,1,0,1,1,820,830,655,555
TXO,202610F3,20261016.0,49650.0,Call,415,415,415,415,392.0,▼-270,▼-39.42%,0,1,1,1,387,395,415,415
TXO,202610F3,20261016.0,49650.0,Put,-,-,-,-,855.0,-,-,0,0,0,0,850,865,595,585
TXO,202610F3,20261016.0,49700.0,Call,457,457,457,457,374.0,▼-203,▼-30.76%,0,1,1,2,369,376,457,289
TXO,202610F3,20261016.0,49700.0,Put,-,-,-,-,890.0,-,-,1,0,1,2,880,895,710,580
TXO,202610F3,20261016.0,49750.0,Call,438,440,353,353,353.0,▼-282,▼-44.41%,0,4,4,1,352,360,710,353
TXO,202610F3,20261016.0,49750.0,Put,-,-,-,-,920.0,-,-,0,0,0,0,915,925,-,-
TXO,202610F3,20261016.0,49800.0,Call,412,412,368,368,339.0,▼-242,▼-39.67%,8,6,14,5,335,341,665,328
TXO,202610F3,20261016.0,49800.0,Put,-,-,-,-,955.0,-,-,3,0,3,3,945,960,835,625
TXO,202610F3,20261016.0,49850.0,Call,417,417,350,350,323.0,▼-235,▼-40.17%,0,2,2,1,319,325,645,350
TXO,202610F3,20261016.0,49850.0,Put,-,-,-,-,985.0,-,-,0,0,0,0,980,995,-,-
TXO,202610F3,20261016.0,49900.0,Call,-,-,-,-,307.0,-,-,0,0,0,1,302,309,286,286
TXO,202610F3,20261016.0,49900.0,Put,-,-,-,-,1020.0,-,-,0,0,0,3,1010,1030,670,615
TXO,202610F3,20261016.0,49950.0,Call,342,352,300,309,292.0,▼-231,▼-42.78%,2,7,9,3,288,294,352,300
TXO,202610F3,20261016.0,49950.0,Put,905,905,905,905,1060.0,▲+195,▲+27.46%,0,3,3,3,1050,1070,905,905
TXO,202610F3,20261016.0,50000.0,Call,285,356,218,281,281.0,▼-234,▼-45.44%,34,16,50,29,274,280,715,209
TXO,202610F3,20261016.0,50000.0,Put,-,-,-,-,1090.0,-,-,0,0,0,0,1080,1100,755,630
TXO,202610F3,20261016.0,50050.0,Call,-,-,-,-,263.0,-,-,0,0,0,0,260,266,-,-
TXO,202610F3,20261016.0,50050.0,Put,-,-,-,-,1130.0,-,-,0,0,0,0,1120,1140,-,-
TXO,202610F3,20261016.0,50100.0,Call,-,-,-,-,250.0,-,-,0,0,0,3,247,253,635,207
TXO,202610F3,20261016.0,50100.0,Put,-,-,-,-,1160.0,-,-,0,0,0,0,-,-,-,-
TXO,202610F3,20261016.0,50150.0,Call,295,295,295,295,238.0,▼-160,▼-35.16%,0,1,1,1,235,241,295,295
TXO,202610F3,20261016.0,50150.0,Put,-,-,-,-,1200.0,-,-,0,0,0,0,-,-,-,-
TXO,202610F3,20261016.0,50200.0,Call,251,272,251,272,225.0,▼-164,▼-37.61%,4,6,10,1,222,228,510,251
TXO,202610F3,20261016.0,50200.0,Put,-,-,-,-,1240.0,-,-,0,0,0,0,1230,1250,-,-
TXO,202610F3,20261016.0,50250.0,Call,256,256,256,256,213.0,▼-161,▼-38.61%,0,5,5,5,210,215,256,256
TXO,202610F3,20261016.0,50250.0,Put,-,-,-,-,1280.0,-,-,0,0,0,0,-,-,-,-
TXO,202610F3,20261016.0,50300.0,Call,215,272,215,244,202.0,▼-154,▼-38.69%,1,5,6,6,199,204,272,180
TXO,202610F3,20261016.0,50300.0,Put,-,-,-,-,1320.0,-,-,0,0,0,0,-,-,-,-
TXO,202610F3,20261016.0,50350.0,Call,203,231,199,199,199.0,▼-181,▼-47.63%,0,8,8,8,188,193,231,199
TXO,202610F3,20261016.0,50350.0,Put,-,-,-,-,1360.0,-,-,0,0,0,0,-,-,-,-
TXO,202610F3,20261016.0,50400.0,Call,177,219,177,200,180.0,▼-166,▼-45.36%,0,6,6,7,178,183,500,177
TXO,202610F3,20261016.0,50400.0,Put,-,-,-,-,1390.0,-,-,0,0,0,0,-,-,1060,965
TXO,202610F3,20261016.0,50450.0,Call,208,208,208,208,171.0,▼-139,▼-40.06%,0,3,3,3,169,174,208,208
TXO,202610F3,20261016.0,50450.0,Put,-,-,-,-,1440.0,-,-,0,0,0,0,-,-,-,-
TXO,202610F3,20261016.0,50500.0,Call,180,212,180,199,163.0,▼-129,▼-39.33%,36,11,47,51,161,166,499,166
TXO,202610F3,20261016.0,50500.0,Put,-,-,-,-,1480.0,-,-,2,0,2,8,1330,-,1190,925
TXO,202610F3,20261016.0,50550.0,Call,186,186,186,186,154.0,▼-131,▼-41.32%,0,3,3,4,152,157,368,186
TXO,202610F3,20261016.0,50550.0,Put,-,-,-,-,1520.0,-,-,0,0,0,0,-,-,-,-
TXO,202610F3,20261016.0,50600.0,Call,176,187,176,187,146.0,▼-115,▼-38.08%,9,5,14,12,143,147,425,134
TXO,202610F3,20261016.0,50600.0,Put,-,-,-,-,1560.0,-,-,0,0,0,0,1540,1570,-,-
TXO,202610F3,20261016.0,50650.0,Call,166,166,158,158,137.0,▼-129,▼-44.95%,2,4,6,6,135,140,250,158
TXO,202610F3,20261016.0,50650.0,Put,-,-,-,-,1600.0,-,-,0,0,0,0,-,-,-,-
TXO,202610F3,20261016.0,50700.0,Call,154,156,154,156,130.0,▼-119,▼-43.27%,0,4,4,5,128,133,156,119
TXO,202610F3,20261016.0,50700.0,Put,-,-,-,-,1640.0,-,-,0,0,0,0,-,-,-,-
TXO,202610F3,20261016.0,50750.0,Call,148,148,148,148,123.0,▼-114,▼-43.51%,0,3,3,3,120,125,148,148
TXO,202610F3,20261016.0,50750.0,Put,-,-,-,-,1690.0,-,-,0,0,0,0,-,-,-,-
TXO,202610F3,20261016.0,50800.0,Call,123,140,123,126,115.0,▼-132,▼-51.16%,0,7,7,7,113,118,258,107
TXO,202610F3,20261016.0,50800.0,Put,-,-,-,-,1730.0,-,-,0,0,0,0,1710,1740,-,-
TXO,202610F3,20261016.0,50850.0,Call,-,-,-,-,109.0,-,-,0,0,0,0,107,110,-,-
TXO,202610F3,20261016.0,50850.0,Put,-,-,-,-,1770.0,-,-,0,0,0,0,-,-,-,-
TXO,202610F3,20261016.0,50900.0,Call,-,-,-,-,103.0,-,-,0,0,0,2,101,105,161,100
TXO,202610F3,20261016.0,50900.0,Put,-,-,-,-,1820.0,-,-,0,0,0,0,-,-,-,-
TXO,202610F3,20261016.0,50950.0,Call,-,-,-,-,97.0,-,-,0,0,0,0,95,98,-,-
TXO,202610F3,20261016.0,50950.0,Put,-,-,-,-,1860.0,-,-,0,0,0,0,1850,1870,-,-
TXO,202610F3,20261016.0,51000.0,Call,102,111,98,98,91.0,▼-107,▼-52.20%,1,7,8,3,89,92,120,98
TXO,202610F3,20261016.0,51000.0,Put,-,-,-,-,1910.0,-,-,0,0,0,0,-,-,-,-
TXO,202610F3,20261016.0,51050.0,Call,-,-,-,-,85.0,-,-,1,0,1,1,84,87,149,149
TXO,202610F3,20261016.0,51050.0,Put,-,-,-,-,1950.0,-,-,0,0,0,0,1930,1960,-,-
TXO,202610F3,20261016.0,51100.0,Call,87,103,87,103,80.0,▼-82,▼-44.32%,0,3,3,5,79,82,103,76
TXO,202610F3,20261016.0,51100.0,Put,-,-,-,-,1990.0,-,-,0,0,0,0,-,-,-,-
TXO,202610F3,20261016.0,51150.0,Call,95,95,76,76,76.0,▼-100,▼-56.82%,2,3,5,2,76,77,145,76
TXO,202610F3,20261016.0,51150.0,Put,-,-,-,-,2040.0,-,-,0,0,0,0,2020,2050,-,-
TXO,202610F3,20261016.0,51200.0,Call,88,88,88,88,72.0,▼-79,▼-47.31%,1,1,2,2,69,72,250,88
TXO,202610F3,20261016.0,51200.0,Put,-,-,-,-,2090.0,-,-,0,0,0,0,-,-,-,-
TXO,202610F3,20261016.0,51250.0,Call,-,-,-,-,67.0,-,-,0,0,0,0,65,68,-,-
TXO,202610F3,20261016.0,51250.0,Put,-,-,-,-,2130.0,-,-,0,0,0,0,2120,2140,-,-
TXO,202610F3,20261016.0,51300.0,Call,84,84,84,84,63.0,▼-66,▼-44.00%,1,1,2,5,61,64,207,62
TXO,202610F3,20261016.0,51300.0,Put,-,-,-,-,2180.0,-,-,0,0,0,0,-,-,-,-
TXO,202610F3,20261016.0,51400.0,Call,74,74,74,74,55.0,▼-61,▼-45.19%,0,1,1,1,54,56,74,74
TXO,202610F3,20261016.0,51400.0,Put,-,-,-,-,2270.0,-,-,0,0,0,0,2260,2280,-,-
TXO,202610F3,20261016.0,51500.0,Call,52,64,52,60,48.5,▼-61,▼-50.41%,20,16,36,19,48,49.5,164,50
TXO,202610F3,20261016.0,51500.0,Put,-,-,-,-,2360.0,-,-,0,0,0,0,-,-,-,-
TXO,202610F3,20261016.0,51600.0,Call,48.5,56,48.5,53,43.0,▼-56,▼-51.38%,2,5,7,10,42.5,44,182,48.5
TXO,202610F3,20261016.0,51600.0,Put,-,-,-,-,2460.0,-,-,0,0,0,0,-,-,-,-
TXO,202610F3,20261016.0,51700.0,Call,42,49,42,42.5,42.5,▼-54.5,▼-56.19%,0,7,7,6,38,39.5,49,42
TXO,202610F3,20261016.0,51700.0,Put,-,-,-,-,2550.0,-,-,0,0,0,0,-,-,-,-
TXO,202610F3,20261016.0,51800.0,Call,43,43,43,43,34.0,▼-44,▼-50.57%,1,1,2,8,33.5,35,125,40.5
TXO,202610F3,20261016.0,51800.0,Put,-,-,-,-,2650.0,-,-,0,0,0,0,-,-,-,-
TXO,202610F3,20261016.0,51900.0,Call,33.5,33.5,33.5,33.5,33.5,▼-43.5,▼-56.49%,0,1,1,1,30,31,128,33.5
TXO,202610F3,20261016.0,51900.0,Put,-,-,-,-,2740.0,-,-,0,0,0,0,-,-,-,-
TXO,202610F3,20261016.0,52000.0,Call,35,35,31,33,27.5,▼-36,▼-52.17%,3,7,10,18,27,28,114,31
TXO,202610F3,20261016.0,52000.0,Put,-,-,-,-,2840.0,-,-,0,0,0,0,-,-,-,-
TXO,202610F3,20261016.0,52100.0,Call,30.5,30.5,26,26,26.0,▼-35,▼-57.38%,6,2,8,8,24,25,49,26
TXO,202610F3,20261016.0,52100.0,Put,-,-,-,-,2940.0,-,-,0,0,0,0,2920,2950,-,-
TXO,202610F3,20261016.0,52200.0,Call,-,-,-,-,22.0,-,-,0,0,0,0,21.5,22.5,-,-
TXO,202610F3,20261016.0,52200.0,Put,-,-,-,-,3040.0,-,-,0,0,0,0,-,-,-,-
TXO,202610F3,20261016.0,52300.0,Call,-,-,-,-,20.0,-,-,0,0,0,0,19.5,20.5,-,-
TXO,202610F3,20261016.0,52300.0,Put,-,-,-,-,3130.0,-,-,0,0,0,0,-,-,-,-
TXO,202610F3,20261016.0,52400.0,Call,18.5,22.5,18,21,18.0,▼-22.5,▼-51.72%,0,5,5,2,17.5,18.5,52,18
TXO,202610F3,20261016.0,52400.0,Put,-,-,-,-,3230.0,-,-,0,0,0,0,3220,3250,-,-
TXO,202610F3,20261016.0,52500.0,Call,-,-,-,-,16.5,-,-,4,0,4,5,16,17,63,20
TXO,202610F3,20261016.0,52500.0,Put,-,-,-,-,3330.0,-,-,0,0,0,0,-,-,-,-
TXO,202610F3,20261016.0,52600.0,Call,-,-,-,-,15.0,-,-,0,0,0,0,14.5,15.5,-,-
TXO,202610F3,20261016.0,52600.0,Put,-,-,-,-,3430.0,-,-,0,0,0,0,-,-,-,-
TXO,202610F3,20261016.0,52700.0,Call,17,17,15.5,15.5,14.0,▼-15.5,▼-50.00%,0,4,4,3,13.5,14.5,52,15.5
TXO,202610F3,20261016.0,52700.0,Put,-,-,-,-,3530.0,-,-,0,0,0,0,3510,3540,-,-
TXO,202610F3,20261016.0,52800.0,Call,-,-,-,-,12.5,-,-,0,0,0,0,12,13,-,-
TXO,202610F3,20261016.0,52800.0,Put,-,-,-,-,3630.0,-,-,0,0,0,0,-,-,-,-
TXO,202610F3,20261016.0,52900.0,Call,12,12,12,12,12.0,▼-13.5,▼-52.94%,1,1,2,3,11,12,48,12
TXO,202610F3,20261016.0,52900.0,Put,-,-,-,-,3730.0,-,-,0,0,0,0,-,-,-,-
TXO,202610F3,20261016.0,53000.0,Call,10.5,11.5,9.9,9.9,11.0,▼-15.6,▼-61.18%,1,6,7,8,10.5,11.5,25.5,9.9
TXO,202610F3,20261016.0,53000.0,Put,-,-,-,-,3820.0,-,-,0,0,0,0,-,-,-,-
TXO,202610F3,20261016.0,53100.0,Call,11,11,11,11,10.0,▼-9.5,▼-46.34%,0,1,1,1,9.5,10.5,25,11
TXO,202610F3,20261016.0,53100.0,Put,-,-,-,-,3920.0,-,-,0,0,0,0,-,-,-,-
TXO,202610F3,20261016.0,53200.0,Call,10.5,10.5,10.5,10.5,9.4,▼-8.5,▼-44.74%,0,1,1,6,9.1,9.7,32,10.5
TXO,202610F3,20261016.0,53200.0,Put,-,-,-,-,4020.0,-,-,0,0,0,0,4000,4040,-,-
TXO,202610F3,20261016.0,53300.0,Call,9.9,9.9,9.9,9.9,8.5,▼-7.1,▼-41.76%,0,1,1,1,8.3,8.8,9.9,9.9
TXO,202610F3,20261016.0,53300.0,Put,-,-,-,-,4120.0,-,-,0,0,0,0,4100,4140,-,-
TXO,202610F3,20261016.0,53400.0,Call,-,-,-,-,8.1,-,-,0,0,0,11,7.8,8.5,29,19.5
TXO,202610F3,20261016.0,53400.0,Put,-,-,-,-,4220.0,-,-,0,0,0,0,-,-,-,-
TXO,202610F3,20261016.0,53500.0,Call,-,-,-,-,7.6,-,-,1,0,1,1,7.3,7.9,9,9
TXO,202610F3,20261016.0,53500.0,Put,-,-,-,-,4320.0,-,-,0,0,0,0,-,-,-,-
TXO,202610F3,20261016.0,53600.0,Call,-,-,-,-,6.9,-,-,0,0,0,0,6.7,7.2,-,-
TXO,202610F3,20261016.0,53600.0,Put,-,-,-,-,4420.0,-,-,0,0,0,0,-,-,-,-
TXO,202610F3,20261016.0,53700.0,Call,-,-,-,-,6.5,-,-,0,0,0,3,6.3,6.8,17.5,17
TXO,202610F3,20261016.0,53700.0,Put,-,-,-,-,4520.0,-,-,0,0,0,0,-,-,-,-
TXO,202610F3,20261016.0,53800.0,Call,-,-,-,-,6.2,-,-,0,0,0,0,6,6.5,-,-
TXO,202610F3,20261016.0,53800.0,Put,-,-,-,-,4620.0,-,-,0,0,0,0,-,-,-,-
TXO,202610F3,20261016.0,53900.0,Call,5.6,6,5.6,6,6.0,▼-4,▼-40.00%,0,3,3,4,5.7,6.2,15,5.6
TXO,202610F3,20261016.0,53900.0,Put,-,-,-,-,4720.0,-,-,0,0,0,0,-,-,-,-
TXO,202610F3,20261016.0,54000.0,Call,-,-,-,-,5.5,-,-,0,0,0,0,5.3,5.8,-,-
TXO,202610F3,20261016.0,54000.0,Put,-,-,-,-,4820.0,-,-,0,0,0,0,-,-,-,-
TXO,202610F3,20261016.0,54100.0,Call,-,-,-,-,5.3,-,-,0,0,0,0,5.1,5.6,-,-
TXO,202610F3,20261016.0,54100.0,Put,-,-,-,-,4920.0,-,-,0,0,0,0,-,-,-,-
TXO,202610F3,20261016.0,54200.0,Call,-,-,-,-,5.0,-,-,0,0,0,0,4.8,5.3,-,-
TXO,202610F3,20261016.0,54200.0,Put,-,-,-,-,5020.0,-,-,0,0,0,0,-,-,-,-
TXO,202610F3,20261016.0,54300.0,Call,-,-,-,-,4.7,-,-,1,0,1,0,4.5,5,12,5.7
TXO,202610F3,20261016.0,54300.0,Put,-,-,-,-,5120.0,-,-,0,0,0,0,5100,5140,-,-
TXO,202610F3,20261016.0,54400.0,Call,4,4,4,4,4.5,▼-3.3,▼-45.21%,0,1,1,1,4.3,4.8,4,4
TXO,202610F3,20261016.0,54400.0,Put,-,-,-,-,5220.0,-,-,0,0,0,0,5200,5240,-,-
TXO,202610F3,20261016.0,54500.0,Call,-,-,-,-,4.2,-,-,0,0,0,0,4,4.5,-,-
TXO,202610F3,20261016.0,54500.0,Put,-,-,-,-,5320.0,-,-,0,0,0,0,-,-,-,-
TXO,202610F3,20261016.0,54600.0,Call,-,-,-,-,4.0,-,-,1,0,1,1,3.8,4.3,7.1,7.1
TXO,202610F3,20261016.0,54600.0,Put,-,-,-,-,5420.0,-,-,0,0,0,0,5400,5440,-,-
TXO,202610F3,20261016.0,54700.0,Call,-,-,-,-,3.8,-,-,0,0,0,1,3.6,4.1,7,7
TXO,202610F3,20261016.0,54700.0,Put,-,-,-,-,5520.0,-,-,0,0,0,0,-,-,-,-
TXO,202610F3,20261016.0,54800.0,Call,-,-,-,-,3.6,-,-,0,0,0,0,3.4,3.9,-,-
TXO,202610F3,20261016.0,54800.0,Put,-,-,-,-,5620.0,-,-,0,0,0,0,-,5640,-,-
TXO,202610F3,20261016.0,54900.0,Call,-,-,-,-,3.6,-,-,4,0,4,4,3.3,3.9,6.2,5
TXO,202610F3,20261016.0,54900.0,Put,-,-,-,-,5720.0,-,-,0,0,0,0,-,-,-,-
TXO,202610,20261021.0,33900.0,Call,-,-,-,-,15440.0,-,-,0,0,0,0,15400,15470,-,-
TXO,202610,20261021.0,33900.0,Put,4.5,4.6,4.1,4.6,4.6,▲+0.2,▲+4.55%,13,16,29,384,4.6,4.9,400,3.6
TXO,202610,20261021.0,34000.0,Call,-,-,-,-,15340.0,-,-,0,0,0,0,15300,15370,-,-
TXO,202610,20261021.0,34000.0,Put,4.4,4.4,4.4,4.4,4.8,▼-0.3,▼-6.38%,0,4,4,131,4.6,5,780,3.6
TXO,202610,20261021.0,34100.0,Call,-,-,-,-,15240.0,-,-,0,0,0,0,15200,15270,-,-
TXO,202610,20261021.0,34100.0,Put,-,-,-,-,5.0,-,-,0,0,0,12,4.8,5.1,105,8
TXO,202610,20261021.0,34200.0,Call,-,-,-,-,15140.0,-,-,0,0,0,0,15100,15170,-,-
TXO,202610,20261021.0,34200.0,Put,-,-,-,-,5.0,-,-,0,0,0,119,4.8,5.1,810,8
TXO,202610,20261021.0,34300.0,Call,-,-,-,-,15040.0,-,-,0,0,0,0,15000,15070,-,-
TXO,202610,20261021.0,34300.0,Put,-,-,-,-,5.0,-,-,0,0,0,6,4.8,5.2,26.5,7.2
TXO,202610,20261021.0,34400.0,Call,-,-,-,-,14940.0,-,-,0,0,0,0,14910,14970,-,-
TXO,202610,20261021.0,34400.0,Put,-,-,-,-,5.1,-,-,0,0,0,2,4.9,5.3,200,8.5
TXO,202610,20261021.0,34500.0,Call,-,-,-,-,14840.0,-,-,0,0,0,0,14810,14870,-,-
TXO,202610,20261021.0,34500.0,Put,-,-,-,-,5.2,-,-,0,0,0,11,5,5.3,116,5
TXO,202610,20261021.0,34600.0,Call,-,-,-,-,14740.0,-,-,0,0,0,0,14710,14770,-,-
TXO,202610,20261021.0,34600.0,Put,-,-,-,-,5.3,-,-,0,0,0,8,5.1,5.4,299,4.9
TXO,202610,20261021.0,34700.0,Call,-,-,-,-,14640.0,-,-,0,0,0,0,14610,14670,-,-
TXO,202610,20261021.0,34700.0,Put,-,-,-,-,5.3,-,-,0,0,0,0,5.1,5.5,805,8.5
TXO,202610,20261021.0,34800.0,Call,-,-,-,-,14540.0,-,-,0,0,0,0,14510,14570,-,-
TXO,202610,20261021.0,34800.0,Put,-,-,-,-,5.4,-,-,0,0,0,41,5.2,5.6,314,4.5
TXO,202610,20261021.0,34900.0,Call,-,-,-,-,14440.0,-,-,0,0,0,0,14410,14470,-,-
TXO,202610,20261021.0,34900.0,Put,-,-,-,-,5.5,-,-,0,0,0,15,5.3,5.6,488,7.9
TXO,202610,20261021.0,35000.0,Call,-,-,-,-,14340.0,-,-,0,0,0,0,14310,14370,-,-
TXO,202610,20261021.0,35000.0,Put,5.2,5.2,5.2,5.2,5.5,▼-0.1,▼-1.89%,1,1,2,163,5.3,5.7,1060,4.7
TXO,202610,20261021.0,35100.0,Call,-,-,-,-,14240.0,-,-,0,0,0,0,14210,14270,-,-
TXO,202610,20261021.0,35100.0,Put,-,-,-,-,5.6,-,-,0,0,0,13,5.4,5.7,505,10
TXO,202610,20261021.0,35200.0,Call,-,-,-,-,14140.0,-,-,0,0,0,0,14110,14170,-,-
TXO,202610,20261021.0,35200.0,Put,-,-,-,-,5.6,-,-,0,0,0,10,5.4,5.8,151,10
TXO,202610,20261021.0,35300.0,Call,-,-,-,-,14040.0,-,-,0,0,0,0,14010,14070,-,-
TXO,202610,20261021.0,35300.0,Put,-,-,-,-,5.7,-,-,0,0,0,14,5.5,5.9,1070,0.1
TXO,202610,20261021.0,35400.0,Call,-,-,-,-,13940.0,-,-,0,0,0,0,13910,13970,-,-
TXO,202610,20261021.0,35400.0,Put,-,-,-,-,5.8,-,-,0,0,0,4,5.6,5.9,1000,6.3
TXO,202610,20261021.0,35500.0,Call,-,-,-,-,13840.0,-,-,0,0,0,0,13810,13870,-,-
TXO,202610,20261021.0,35500.0,Put,-,-,-,-,5.9,-,-,0,0,0,32,5.7,6,550,7
TXO,202610,20261021.0,35600.0,Call,-,-,-,-,13740.0,-,-,0,0,0,0,13710,13770,-,-
TXO,202610,20261021.0,35600.0,Put,5.9,5.9,5.9,5.9,5.9,▲+0.3,▲+5.36%,0,1,1,10,5.7,6.1,150,5.9
TXO,202610,20261021.0,35700.0,Call,-,-,-,-,13640.0,-,-,0,0,0,0,13610,13670,-,-
TXO,202610,20261021.0,35700.0,Put,-,-,-,-,6.0,-,-,0,0,0,3,5.8,6.1,300,5.6
TXO,202610,20261021.0,35800.0,Call,-,-,-,-,13540.0,-,-,0,0,0,0,13510,13570,-,-
TXO,202610,20261021.0,35800.0,Put,-,-,-,-,6.1,-,-,0,0,0,6,5.9,6.3,405,6.7
TXO,202610,20261021.0,35900.0,Call,-,-,-,-,13440.0,-,-,0,0,0,0,13410,13470,-,-
TXO,202610,20261021.0,35900.0,Put,-,-,-,-,6.1,-,-,0,0,0,8,5.9,6.3,182,5.7
TXO,202610,20261021.0,36000.0,Call,-,-,-,-,13340.0,-,-,0,0,0,0,13310,13370,-,-
TXO,202610,20261021.0,36000.0,Put,5.8,5.8,5.8,5.8,6.2,▼-0.2,▼-3.33%,0,1,1,156,6,6.4,1380,5.6
TXO,202610,20261021.0,36100.0,Call,-,-,-,-,13240.0,-,-,0,0,0,0,13210,13270,-,-
TXO,202610,20261021.0,36100.0,Put,-,-,-,-,6.3,-,-,0,0,0,14,6.1,6.5,690,5.5
TXO,202610,20261021.0,36200.0,Call,-,-,-,-,13140.0,-,-,0,0,0,0,13110,13170,-,-
TXO,202610,20261021.0,36200.0,Put,-,-,-,-,6.4,-,-,0,0,0,47,6.2,6.5,1120,6.4
TXO,202610,20261021.0,36300.0,Call,-,-,-,-,13040.0,-,-,0,0,0,0,13010,13070,-,-
TXO,202610,20261021.0,36300.0,Put,-,-,-,-,6.5,-,-,0,0,0,13,6.3,6.7,915,16.5
TXO,202610,20261021.0,36400.0,Call,-,-,-,-,12940.0,-,-,0,0,0,0,12910,12970,-,-
TXO,202610,20261021.0,36400.0,Put,-,-,-,-,6.6,-,-,0,0,0,63,6.4,6.7,401,6.1
TXO,202610,20261021.0,36500.0,Call,-,-,-,-,12840.0,-,-,0,0,0,0,12810,12870,-,-
TXO,202610,20261021.0,36500.0,Put,-,-,-,-,6.6,-,-,0,0,0,31,6.4,6.8,1510,14.5
TXO,202610,20261021.0,36600.0,Call,-,-,-,-,12740.0,-,-,0,0,0,0,12710,12770,-,-
TXO,202610,20261021.0,36600.0,Put,-,-,-,-,6.7,-,-,0,0,0,18,6.5,6.9,1110,6.8
TXO,202610,20261021.0,36700.0,Call,-,-,-,-,12640.0,-,-,0,0,0,0,12610,12670,-,-
TXO,202610,20261021.0,36700.0,Put,-,-,-,-,6.8,-,-,0,0,0,2,6.6,7,710,7
TXO,202610,20261021.0,36800.0,Call,-,-,-,-,12540.0,-,-,0,0,0,0,12510,12570,-,-
TXO,202610,20261021.0,36800.0,Put,-,-,-,-,6.9,-,-,0,0,0,5,6.7,7.1,497,10.5
TXO,202610,20261021.0,36900.0,Call,-,-,-,-,12440.0,-,-,0,0,0,0,12410,12470,-,-
TXO,202610,20261021.0,36900.0,Put,-,-,-,-,7.0,-,-,0,0,0,18,6.8,7.2,1620,6.7
TXO,202610,20261021.0,37000.0,Call,-,-,-,-,12340.0,-,-,0,0,0,0,12310,12370,-,-
TXO,202610,20261021.0,37000.0,Put,-,-,-,-,7.1,-,-,1,0,1,220,6.9,7.3,1010,6.1
TXO,202610,20261021.0,37100.0,Call,-,-,-,-,12240.0,-,-,0,0,0,0,12210,12270,-,-
TXO,202610,20261021.0,37100.0,Put,6.6,6.6,6.6,6.6,7.2,▼-0.2,▼-2.94%,0,1,1,19,7,7.4,750,6.6
TXO,202610,20261021.0,37200.0,Call,-,-,-,-,12140.0,-,-,0,0,0,0,12110,12170,-,-
TXO,202610,20261021.0,37200.0,Put,-,-,-,-,7.3,-,-,0,0,0,4,7.1,7.5,1460,9
TXO,202610,20261021.0,37300.0,Call,-,-,-,-,12040.0,-,-,0,0,0,0,12010,12070,-,-
TXO,202610,20261021.0,37300.0,Put,-,-,-,-,7.5,-,-,0,0,0,4,7.3,7.7,575,7.1
TXO,202610,20261021.0,37400.0,Call,-,-,-,-,11940.0,-,-,0,0,0,0,11910,11970,-,-
TXO,202610,20261021.0,37400.0,Put,-,-,-,-,7.5,-,-,0,0,0,9,7.3,7.7,815,7.2
TXO,202610,20261021.0,37500.0,Call,-,-,-,-,11850.0,-,-,0,0,0,0,11810,11870,-,-
TXO,202610,20261021.0,37500.0,Put,-,-,-,-,7.7,-,-,0,0,0,82,7.5,7.9,445,7.7
TXO,202610,20261021.0,37600.0,Call,-,-,-,-,11750.0,-,-,0,0,0,0,11710,11770,-,-
TXO,202610,20261021.0,37600.0,Put,-,-,-,-,7.8,-,-,0,0,0,14,7.6,8,850,7.4
TXO,202610,20261021.0,37700.0,Call,-,-,-,-,11650.0,-,-,0,0,0,0,11610,11670,-,-
TXO,202610,20261021.0,37700.0,Put,-,-,-,-,7.9,-,-,0,0,0,63,7.7,8.1,300,7.5
TXO,202610,20261021.0,37800.0,Call,-,-,-,-,11550.0,-,-,0,0,0,0,11510,11570,-,-
TXO,202610,20261021.0,37800.0,Put,-,-,-,-,8.1,-,-,0,0,0,17,7.8,8.3,945,8.2
TXO,202610,20261021.0,37900.0,Call,-,-,-,-,11450.0,-,-,0,0,0,0,11420,11470,-,-
TXO,202610,20261021.0,37900.0,Put,-,-,-,-,8.3,-,-,0,0,0,32,8,8.5,900,7.5
TXO,202610,20261021.0,38000.0,Call,-,-,-,-,11350.0,-,-,0,0,0,0,11320,11370,-,-
TXO,202610,20261021.0,38000.0,Put,-,-,-,-,8.3,-,-,3,0,3,181,8.2,8.3,2000,5.3
TXO,202610,20261021.0,38100.0,Call,-,-,-,-,11250.0,-,-,0,0,0,0,11220,11270,-,-
TXO,202610,20261021.0,38100.0,Put,-,-,-,-,8.5,-,-,0,0,0,77,8.2,8.7,1380,8.7
TXO,202610,20261021.0,38200.0,Call,-,-,-,-,11150.0,-,-,0,0,0,0,11120,11170,-,-
TXO,202610,20261021.0,38200.0,Put,-,-,-,-,8.7,-,-,0,0,0,9,8.4,8.9,1020,9
TXO,202610,20261021.0,38300.0,Call,-,-,-,-,11050.0,-,-,0,0,0,0,11020,11070,-,-
TXO,202610,20261021.0,38300.0,Put,-,-,-,-,8.8,-,-,0,0,0,5,8.5,9,57,9.2
TXO,202610,20261021.0,38400.0,Call,-,-,-,-,10950.0,-,-,0,0,0,0,10920,10970,-,-
TXO,202610,20261021.0,38400.0,Put,-,-,-,-,9.0,-,-,0,0,0,25,8.7,9.2,1930,9.3
TXO,202610,20261021.0,38500.0,Call,-,-,-,-,10850.0,-,-,0,0,0,0,10820,10870,-,-
TXO,202610,20261021.0,38500.0,Put,8.9,8.9,8.9,8.9,9.2,▲+0.5,▲+5.95%,0,6,6,149,8.9,9.4,2100,8.6
TXO,202610,20261021.0,38600.0,Call,-,-,-,-,10750.0,-,-,0,0,0,0,10720,10770,-,-
TXO,202610,20261021.0,38600.0,Put,8.6,8.6,8.2,8.2,9.3,▼-0.3,▼-3.53%,0,14,14,22,9,9.5,422,8.2
TXO,202610,20261021.0,38700.0,Call,-,-,-,-,10650.0,-,-,0,0,0,0,10620,10670,-,-
TXO,202610,20261021.0,38700.0,Put,9,9,9,9,9.5,▲+0.2,▲+2.27%,0,2,2,29,9.2,9.7,2230,9
TXO,202610,20261021.0,38800.0,Call,-,-,-,-,10550.0,-,-,0,0,0,0,10520,10570,9420,9420
TXO,202610,20261021.0,38800.0,Put,-,-,-,-,9.7,-,-,0,0,0,67,9.4,9.9,610,8.1
TXO,202610,20261021.0,38900.0,Call,-,-,-,-,10450.0,-,-,0,0,0,1,10420,10480,9320,7900
TXO,202610,20261021.0,38900.0,Put,-,-,-,-,9.8,-,-,0,0,0,428,9.5,10,690,11.5
TXO,202610,20261021.0,39000.0,Call,-,-,-,-,10350.0,-,-,0,0,0,1,10320,10380,9300,9300
TXO,202610,20261021.0,39000.0,Put,10,10,9.7,9.7,9.9,▲+0.4,▲+4.30%,1,4,5,691,9.7,10,1790,9.7
TXO,202610,20261021.0,39100.0,Call,-,-,-,-,10250.0,-,-,0,0,0,1,10230,10280,9260,9260
TXO,202610,20261021.0,39100.0,Put,-,-,-,-,10.0,-,-,0,0,0,34,9.9,10.5,820,10
TXO,202610,20261021.0,39200.0,Call,-,-,-,-,10150.0,-,-,0,0,0,0,10120,10180,-,-
TXO,202610,20261021.0,39200.0,Put,-,-,-,-,10.5,-,-,0,0,0,20,10,11,162,9.2
TXO,202610,20261021.0,39300.0,Call,-,-,-,-,10050.0,-,-,0,0,0,0,10020,10080,-,-
TXO,202610,20261021.0,39300.0,Put,-,-,-,-,10.5,-,-,0,0,0,37,10,11,525,11
TXO,202610,20261021.0,39400.0,Call,-,-,-,-,9950.0,-,-,0,0,0,0,9920,9980,-,-
TXO,202610,20261021.0,39400.0,Put,-,-,-,-,11.0,-,-,0,0,0,16,10.5,11.5,545,10.5
TXO,202610,20261021.0,39500.0,Call,-,-,-,-,9850.0,-,-,0,0,0,0,9820,9880,10670,7030
TXO,202610,20261021.0,39500.0,Put,10.5,11.5,10,10.5,11.0,▲+0.5,▲+5.00%,0,8,8,261,10.5,11.5,995,5
TXO,202610,20261021.0,39600.0,Call,-,-,-,-,9750.0,-,-,0,0,0,0,9720,9780,-,-
TXO,202610,20261021.0,39600.0,Put,-,-,-,-,11.5,-,-,1,0,1,34,11,12,1300,9.9
TXO,202610,20261021.0,39700.0,Call,-,-,-,-,9650.0,-,-,0,0,0,0,9620,9680,-,-
TXO,202610,20261021.0,39700.0,Put,11,11,11,11,11.5,▲+1,▲+10.00%,0,1,1,42,11,12,665,10
TXO,202610,20261021.0,39800.0,Call,-,-,-,-,9550.0,-,-,0,0,0,0,9520,9580,8430,8430
TXO,202610,20261021.0,39800.0,Put,11.5,11.5,11.5,11.5,11.5,▲+0.5,▲+4.55%,0,1,1,52,11,12,585,10
TXO,202610,20261021.0,39900.0,Call,-,-,-,-,9450.0,-,-,0,0,0,3,9420,9480,9940,3150
TXO,202610,20261021.0,39900.0,Put,-,-,-,-,12.0,-,-,0,0,0,52,11.5,12.5,2760,9
TXO,202610,20261021.0,40000.0,Call,-,-,-,-,9350.0,-,-,0,0,0,1,9330,9380,8350,6080
TXO,202610,20261021.0,40000.0,Put,12,12,10.5,12,12.0,▲+0.5,▲+4.35%,38,16,54,1069,12,13,2490,0.3
TXO,202610,20261021.0,40100.0,Call,-,-,-,-,9250.0,-,-,0,0,0,0,9220,9280,-,-
TXO,202610,20261021.0,40100.0,Put,11,11,11,11,12.5,▼-0.5,▼-4.35%,0,2,2,52,12,13,660,11
TXO,202610,20261021.0,40200.0,Call,-,-,-,-,9150.0,-,-,0,0,0,0,9120,9180,-,-
TXO,202610,20261021.0,40200.0,Put,-,-,-,-,13.0,-,-,0,0,0,95,12.5,13.5,630,11.5
TXO,202610,20261021.0,40300.0,Call,-,-,-,-,9050.0,-,-,0,0,0,0,9030,9080,-,-
TXO,202610,20261021.0,40300.0,Put,12.5,12.5,12,12,13.0,0,0%,0,2,2,32,12.5,13.5,2940,12
TXO,202610,20261021.0,40400.0,Call,-,-,-,-,8950.0,-,-,0,0,0,0,8930,8980,-,-
TXO,202610,20261021.0,40400.0,Put,-,-,-,-,13.5,-,-,0,0,0,24,13,14,300,12
TXO,202610,20261021.0,40500.0,Call,-,-,-,-,8850.0,-,-,0,0,0,0,8830,8880,-,-
TXO,202610,20261021.0,40500.0,Put,-,-,-,-,13.5,-,-,1,0,1,83,13,14,2730,12
TXO,202610,20261021.0,40600.0,Call,-,-,-,-,8750.0,-,-,0,0,0,0,8730,8780,7640,7640
TXO,202610,20261021.0,40600.0,Put,13.5,13.5,13.5,13.5,13.5,▲+1,▲+8.00%,0,2,2,39,13.5,14.5,1260,13.5
TXO,202610,20261021.0,40700.0,Call,-,-,-,-,8650.0,-,-,0,0,0,0,8630,8680,7540,7540
TXO,202610,20261021.0,40700.0,Put,-,-,-,-,14.0,-,-,1,0,1,27,13.5,14.5,1540,13
TXO,202610,20261021.0,40800.0,Call,-,-,-,-,8550.0,-,-,0,0,0,0,8530,8580,9340,3010
TXO,202610,20261021.0,40800.0,Put,13,13,13,13,14.5,0,0%,1,1,2,32,14,15,2920,12.5
TXO,202610,20261021.0,40900.0,Call,-,-,-,-,8450.0,-,-,0,0,0,0,8430,8480,-,-
TXO,202610,20261021.0,40900.0,Put,-,-,-,-,15.0,-,-,0,0,0,39,14.5,15.5,3100,12.5
TXO,202610,20261021.0,41000.0,Call,-,-,-,-,8350.0,-,-,0,0,0,0,8330,8380,4060,2930
TXO,202610,20261021.0,41000.0,Put,14.5,14.5,13,14.5,15.0,▲+0.5,▲+3.57%,4,64,68,384,14.5,15.5,3020,13
TXO,202610,20261021.0,41100.0,Call,-,-,-,-,8250.0,-,-,0,0,0,0,8230,8280,-,-
TXO,202610,20261021.0,41100.0,Put,14.5,14.5,14.5,14.5,15.5,▲+0.5,▲+3.57%,0,1,1,34,15,16,2590,14.5
TXO,202610,20261021.0,41200.0,Call,-,-,-,-,8150.0,-,-,0,0,0,0,8130,8180,7050,3580
TXO,202610,20261021.0,41200.0,Put,-,-,-,-,15.5,-,-,0,0,0,30,15,16,2540,17
TXO,202610,20261021.0,41300.0,Call,-,-,-,-,8060.0,-,-,0,0,0,5,8040,8090,5550,5550
TXO,202610,20261021.0,41300.0,Put,15,15.5,15,15.5,15.5,▲+1,▲+6.90%,2,25,27,51,15.5,16.5,760,14.5
TXO,202610,20261021.0,41400.0,Call,-,-,-,-,7960.0,-,-,0,0,0,0,7930,7980,-,-
TXO,202610,20261021.0,41400.0,Put,15,15,15,15,16.5,0,0%,0,1,1,21,16,17,800,15
TXO,202610,20261021.0,41500.0,Call,-,-,-,-,7860.0,-,-,0,0,0,0,7830,7880,5050,4460
TXO,202610,20261021.0,41500.0,Put,17,17,17,17,17.0,▲+2,▲+13.33%,1,30,31,185,16.5,17.5,2280,14.5
TXO,202610,20261021.0,41600.0,Call,-,-,-,-,7760.0,-,-,0,0,0,6,7740,7790,5280,3210
TXO,202610,20261021.0,41600.0,Put,-,-,-,-,17.0,-,-,3,0,3,30,16.5,17.5,2550,15.5
TXO,202610,20261021.0,41700.0,Call,-,-,-,-,7660.0,-,-,0,0,0,2,7640,7690,5210,5190
TXO,202610,20261021.0,41700.0,Put,-,-,-,-,17.5,-,-,0,0,0,21,17,18,975,19.5
TXO,202610,20261021.0,41800.0,Call,-,-,-,-,7560.0,-,-,0,0,0,4,7540,7590,5090,5090
TXO,202610,20261021.0,41800.0,Put,17.5,17.5,17.5,17.5,17.5,▲+1.5,▲+9.38%,0,1,1,21,17.5,18.5,2140,17.5
TXO,202610,20261021.0,41900.0,Call,-,-,-,-,7460.0,-,-,0,0,0,0,7430,7480,-,-
TXO,202610,20261021.0,41900.0,Put,-,-,-,-,18.0,-,-,0,0,0,19,17.5,18.5,2830,17
TXO,202610,20261021.0,42000.0,Call,-,-,-,-,7360.0,-,-,0,0,0,1,7340,7380,5140,5140
TXO,202610,20261021.0,42000.0,Put,17.5,19,16,19,19.0,▲+2.5,▲+15.15%,51,82,133,795,18,19,3500,16
TXO,202610,20261021.0,42100.0,Call,-,-,-,-,7260.0,-,-,0,0,0,0,7240,7280,-,-
TXO,202610,20261021.0,42100.0,Put,17,17,17,17,19.0,0,0%,0,1,1,29,18.5,19.5,640,17
TXO,202610,20261021.0,42200.0,Call,-,-,-,-,7160.0,-,-,0,0,0,2,7140,7180,4200,2000
TXO,202610,20261021.0,42200.0,Put,18,18,18,18,19.0,▲+0.5,▲+2.86%,1,1,2,50,18.5,19.5,2120,18
TXO,202610,20261021.0,42300.0,Call,-,-,-,-,7060.0,-,-,0,0,0,0,7040,7080,-,-
TXO,202610,20261021.0,42300.0,Put,-,-,-,-,19.5,-,-,0,0,0,25,19,20,985,18.5
TXO,202610,20261021.0,42400.0,Call,-,-,-,-,6960.0,-,-,0,0,0,2,6940,6980,7200,2960
TXO,202610,20261021.0,42400.0,Put,-,-,-,-,20.0,-,-,0,0,0,33,19.5,20.5,3760,19.5
TXO,202610,20261021.0,42500.0,Call,-,-,-,-,6860.0,-,-,0,0,0,0,6840,6880,5210,2120
TXO,202610,20261021.0,42500.0,Put,18.5,20,18.5,20,20.0,▲+1.5,▲+8.11%,1,3,4,224,20,21,1850,18.5
TXO,202610,20261021.0,42600.0,Call,-,-,-,-,6760.0,-,-,0,0,0,1,6740,6790,4560,3610
TXO,202610,20261021.0,42600.0,Put,19,19,19,19,20.5,▲+0.5,▲+2.70%,2,1,3,30,20,21,1150,16.5
TXO,202610,20261021.0,42700.0,Call,-,-,-,-,6660.0,-,-,0,0,0,0,6640,6680,7420,4190
TXO,202610,20261021.0,42700.0,Put,-,-,-,-,21.0,-,-,5,0,5,23,20.5,21.5,1870,20
TXO,202610,20261021.0,42800.0,Call,-,-,-,-,6560.0,-,-,0,0,0,5,6540,6590,4380,3580
TXO,202610,20261021.0,42800.0,Put,20,21,20,21,21.0,▲+1.5,▲+7.69%,0,9,9,143,21,22,3100,20
TXO,202610,20261021.0,42900.0,Call,-,-,-,-,6460.0,-,-,0,0,0,5,6450,6490,5870,3070
TXO,202610,20261021.0,42900.0,Put,22,22,19,21,22.0,▲+1,▲+5.00%,2,7,9,84,21.5,22,3050,19
TXO,202610,20261021.0,43000.0,Call,-,-,-,-,6360.0,-,-,0,0,0,3,6350,6390,5300,3180
TXO,202610,20261021.0,43000.0,Put,21,23,20,22,22.0,▲+1.5,▲+7.32%,32,26,58,825,22,22.5,4200,19.5
TXO,202610,20261021.0,43100.0,Call,-,-,-,-,6260.0,-,-,0,0,0,0,6240,6290,-,-
TXO,202610,20261021.0,43100.0,Put,22,22,22,22,23.0,▲+1.5,▲+7.32%,2,2,4,39,22.5,23,1390,19
TXO,202610,20261021.0,43200.0,Call,-,-,-,-,6160.0,-,-,0,0,0,0,6140,6190,4100,2950
TXO,202610,20261021.0,43200.0,Put,21.5,22,21.5,21.5,23.5,▲+0.5,▲+2.38%,0,12,12,37,23,24,1000,21.5
TXO,202610,20261021.0,43300.0,Call,-,-,-,-,6060.0,-,-,0,0,0,0,6050,6090,-,-
TXO,202610,20261021.0,43300.0,Put,-,-,-,-,24.0,-,-,0,0,0,74,23.5,24.5,1470,29
TXO,202610,20261021.0,43400.0,Call,-,-,-,-,5970.0,-,-,0,0,0,0,5950,5990,4400,2880
TXO,202610,20261021.0,43400.0,Put,22.5,22.5,22.5,22.5,24.5,▲+0.5,▲+2.27%,2,10,12,52,24,25,2890,22
TXO,202610,20261021.0,43500.0,Call,-,-,-,-,5870.0,-,-,0,0,0,210,5770,6210,6660,1570
TXO,202610,20261021.0,43500.0,Put,23,25.5,22,25.5,25.5,▲+3,▲+13.33%,47,88,135,221,24.5,25.5,3050,22
TXO,202610,20261021.0,43600.0,Call,-,-,-,-,5770.0,-,-,0,0,0,70,5690,6100,6560,2770
TXO,202610,20261021.0,43600.0,Put,23.5,23.5,23.5,23.5,25.5,▲+0.5,▲+2.17%,6,1,7,79,25,26,2850,23.5
TXO,202610,20261021.0,43700.0,Call,-,-,-,-,5670.0,-,-,0,0,0,35,5570,6000,6270,2710
TXO,202610,20261021.0,43700.0,Put,23.5,23.5,23.5,23.5,26.0,▲+0.5,▲+2.17%,0,1,1,35,25.5,26.5,2920,23.5
TXO,202610,20261021.0,43800.0,Call,-,-,-,-,5570.0,-,-,0,0,0,225,5380,5910,6300,1650
TXO,202610,20261021.0,43800.0,Put,-,-,-,-,27.0,-,-,0,0,0,40,26.5,27.5,3100,30.5
TXO,202610,20261021.0,43900.0,Call,-,-,-,-,5470.0,-,-,0,0,0,70,5390,5800,3660,2590
TXO,202610,20261021.0,43900.0,Put,26.5,26.5,26.5,26.5,27.5,▲+2,▲+8.16%,1,1,2,68,27,28,3140,23.5
TXO,202610,20261021.0,44000.0,Call,-,-,-,-,5370.0,-,-,0,0,0,224,5290,5710,6150,1520
TXO,202610,20261021.0,44000.0,Put,26,28,24.5,28,28.0,▲+3,▲+12.00%,63,44,107,842,27.5,28.5,2770,24
TXO,202610,20261021.0,44100.0,Call,-,-,-,-,5270.0,-,-,0,0,0,55,5180,5610,4270,1540
TXO,202610,20261021.0,44100.0,Put,29,29,29,29,29.0,▲+3.5,▲+13.73%,1,1,2,129,28.5,29,3230,25.5
TXO,202610,20261021.0,44200.0,Call,-,-,-,-,5170.0,-,-,0,0,0,5,5160,5190,4230,2390
TXO,202610,20261021.0,44200.0,Put,27.5,28.5,27.5,28.5,30.0,▲+2.5,▲+9.62%,1,28,29,76,29.5,30.5,2730,26
TXO,202610,20261021.0,44300.0,Call,-,-,-,-,5070.0,-,-,0,0,0,1,5060,5090,3340,2440
TXO,202610,20261021.0,44300.0,Put,-,-,-,-,30.5,-,-,0,0,0,41,30,31,2040,34
TXO,202610,20261021.0,44400.0,Call,-,-,-,-,4970.0,-,-,0,0,0,20,4960,5000,5710,1410
TXO,202610,20261021.0,44400.0,Put,29.5,31.5,29,29,31.5,▲+1.5,▲+5.45%,0,7,7,108,31,32,2180,29
TXO,202610,20261021.0,44500.0,Call,-,-,-,-,4870.0,-,-,1,0,1,70,4790,5210,5600,1900
TXO,202610,20261021.0,44500.0,Put,30,31,28.5,30,33.0,▲+2,▲+7.14%,19,26,45,301,32.5,33.5,4990,28
TXO,202610,20261021.0,44600.0,Call,-,-,-,-,4780.0,-,-,0,0,0,165,4700,5110,3600,2130
TXO,202610,20261021.0,44600.0,Put,30.5,32,28.5,32,34.0,▲+3.5,▲+12.28%,0,37,37,221,33.5,34.5,1220,28.5
TXO,202610,20261021.0,44700.0,Call,-,-,-,-,4680.0,-,-,0,0,0,74,4590,5010,3720,1350
TXO,202610,20261021.0,44700.0,Put,32,32,31,31,35.0,▲+1.5,▲+5.08%,3,2,5,65,34.5,35.5,2050,30
TXO,202610,20261021.0,44800.0,Call,-,-,-,-,4580.0,-,-,0,0,0,340,4380,4920,3680,1830
TXO,202610,20261021.0,44800.0,Put,30.5,34,30,34,36.5,▲+3,▲+9.68%,2,7,9,206,36,37,2220,30
TXO,202610,20261021.0,44900.0,Call,-,-,-,-,4480.0,-,-,0,0,0,203,4400,4820,5300,1950
TXO,202610,20261021.0,44900.0,Put,36,36.5,31.5,36,38.0,▲+5,▲+16.13%,1,43,44,278,37.5,38.5,1390,31
TXO,202610,20261021.0,45000.0,Call,-,-,-,-,4380.0,-,-,0,0,0,565,4290,4720,5200,1600
TXO,202610,20261021.0,45000.0,Put,36,40,32,39.5,39.5,▲+7.5,▲+23.44%,135,233,368,1240,39,40,2760,31
TXO,202610,20261021.0,45100.0,Call,-,-,-,-,4280.0,-,-,0,0,0,1,4130,4300,3100,2020
TXO,202610,20261021.0,45100.0,Put,39.5,39.5,33,35.5,41.0,▲+3,▲+9.23%,26,21,47,189,40,41.5,2640,32.5
TXO,202610,20261021.0,45200.0,Call,-,-,-,-,4180.0,-,-,0,0,0,1,4170,4200,4870,1670
TXO,202610,20261021.0,45200.0,Put,34.5,34.5,34.5,34.5,43.0,▲+0.5,▲+1.47%,17,1,18,94,42,43.5,3950,34
TXO,202610,20261021.0,45300.0,Call,-,-,-,-,4090.0,-,-,0,0,0,8,4070,4100,2990,1130
TXO,202610,20261021.0,45300.0,Put,-,-,-,-,45.0,-,-,2,0,2,57,44,45.5,2510,37
TXO,202610,20261021.0,45400.0,Call,-,-,-,-,3990.0,-,-,0,0,0,11,3980,4010,4680,1820
TXO,202610,20261021.0,45400.0,Put,39,42.5,39,42.5,47.5,▲+4,▲+10.39%,2,5,7,40,46.5,48,1400,37.5
TXO,202610,20261021.0,45500.0,Call,-,-,-,-,3890.0,-,-,0,0,0,61,3880,4230,4640,1160
TXO,202610,20261021.0,45500.0,Put,44,48,39.5,48,48.0,▲+9.5,▲+24.68%,71,112,183,287,48.5,50,1780,0.5
TXO,202610,20261021.0,45600.0,Call,-,-,-,-,3790.0,-,-,0,0,0,47,3710,4110,4460,1480
TXO,202610,20261021.0,45600.0,Put,42.5,42.5,41,41,52.0,▲+0.5,▲+1.23%,2,2,4,76,51,53,2470,41
TXO,202610,20261021.0,45700.0,Call,-,-,-,-,3700.0,-,-,2,0,2,57,3620,4030,4420,1390
TXO,202610,20261021.0,45700.0,Put,43.5,53,43.5,53,53.0,▲+12,▲+29.27%,1,35,36,346,54,56,1640,40
TXO,202610,20261021.0,45800.0,Call,-,-,-,-,3600.0,-,-,0,0,0,64,3560,3940,4240,1350
TXO,202610,20261021.0,45800.0,Put,52,55,47.5,53,58.0,▲+9,▲+20.45%,22,18,40,118,57,59,2230,44
TXO,202610,20261021.0,45900.0,Call,-,-,-,-,3500.0,-,-,0,0,0,16,3490,3520,2930,1160
TXO,202610,20261021.0,45900.0,Put,56,56,56,56,61.0,▲+11,▲+24.44%,1,1,2,75,60,62,1620,45
TXO,202610,20261021.0,46000.0,Call,3620,3650,3620,3650,3410.0,▼-370,▼-9.20%,4,2,6,116,3170,3530,4310,970
TXO,202610,20261021.0,46000.0,Put,57,63,52,62,62.0,▲+14,▲+29.17%,55,94,149,1376,64,66,3660,48
TXO,202610,20261021.0,46100.0,Call,-,-,-,-,3310.0,-,-,0,0,0,75,2970,3440,4150,1190
TXO,202610,20261021.0,46100.0,Put,59,62,59,60,69.0,▲+10,▲+20.00%,10,5,15,124,68,70,2260,50
TXO,202610,20261021.0,46200.0,Call,-,-,-,-,3220.0,-,-,0,0,0,29,3150,3440,3960,1130
TXO,202610,20261021.0,46200.0,Put,59,65,59,65,73.0,▲+12,▲+22.64%,8,4,12,146,72,74,2690,52
TXO,202610,20261021.0,46300.0,Call,-,-,-,-,3120.0,-,-,1,0,1,39,3040,3460,3740,1080
TXO,202610,20261021.0,46300.0,Put,60,67,60,67,78.0,▲+10,▲+17.54%,11,15,26,117,77,79,2900,56
TXO,202610,20261021.0,46400.0,Call,-,-,-,-,3030.0,-,-,0,0,0,346,3010,3110,3740,790
TXO,202610,20261021.0,46400.0,Put,71,78,69,75,84.0,▲+15,▲+25.00%,28,18,46,73,82,85,1970,59
TXO,202610,20261021.0,46500.0,Call,-,-,-,-,2930.0,-,-,1,0,1,108,2590,3010,3700,980
TXO,202610,20261021.0,46500.0,Put,78,87,68,87,87.0,▲+25,▲+40.32%,58,95,153,547,88,90,2080,61
TXO,202610,20261021.0,46600.0,Call,2970,2970,2970,2970,2840.0,▼-470,▼-13.66%,0,1,1,192,2510,2920,3580,940
TXO,202610,20261021.0,46600.0,Put,79,86,72,86,96.0,▲+17,▲+24.64%,38,33,71,111,94,97,2010,69
TXO,202610,20261021.0,46700.0,Call,2930,2930,2930,2930,2750.0,▼-420,▼-12.54%,1,1,2,92,2710,2820,3550,920
TXO,202610,20261021.0,46700.0,Put,84,100,82,100,100.0,▲+31,▲+44.93%,4,16,20,93,101,104,2080,69
TXO,202610,20261021.0,46800.0,Call,2770,2850,2770,2790,2650.0,▼-460,▼-14.15%,3,4,7,116,2630,2680,3330,850
TXO,202610,20261021.0,46800.0,Put,94,109,85,109,109.0,▲+29,▲+36.25%,22,37,59,156,109,111,2420,78
TXO,202610,20261021.0,46900.0,Call,-,-,-,-,2560.0,-,-,4,0,4,106,2530,2630,2970,845
TXO,202610,20261021.0,46900.0,Put,96,112,96,112,112.0,▲+27,▲+31.76%,15,16,31,120,115,120,4010,82
TXO,202610,20261021.0,47000.0,Call,2560,2600,2530,2530,2470.0,▼-540,▼-17.59%,10,3,13,879,2460,2500,3200,755
TXO,202610,20261021.0,47000.0,Put,106,129,93,129,129.0,▲+43,▲+50.00%,177,346,523,779,126,129,4240,83
TXO,202610,20261021.0,47100.0,Call,-,-,-,-,2380.0,-,-,5,0,5,380,2350,2450,3030,710
TXO,202610,20261021.0,47100.0,Put,113,130,102,130,130.0,▲+40,▲+44.44%,16,26,42,143,136,139,1600,90
TXO,202610,20261021.0,47200.0,Call,2510,2510,2490,2490,2290.0,▼-380,▼-13.24%,4,3,7,390,2270,2320,3060,670
TXO,202610,20261021.0,47200.0,Put,121,141,115,135,149.0,▲+38,▲+39.18%,27,12,39,235,147,150,2430,94
TXO,202610,20261021.0,47300.0,Call,2430,2430,2210,2210,2210.0,▼-570,▼-20.50%,9,5,14,64,2180,2230,2930,550
TXO,202610,20261021.0,47300.0,Put,138,140,132,140,162.0,▲+37,▲+35.92%,11,8,19,115,160,163,2640,103
TXO,202610,20261021.0,47400.0,Call,2220,2220,2220,2220,2120.0,▼-470,▼-17.47%,7,3,10,61,2100,2270,2530,630
TXO,202610,20261021.0,47400.0,Put,147,166,129,166,166.0,▲+49,▲+41.88%,13,7,20,134,173,176,2500,117
TXO,202610,20261021.0,47500.0,Call,2270,2270,2170,2170,2030.0,▼-420,▼-16.22%,8,3,11,176,2010,2060,2870,585
TXO,202610,20261021.0,47500.0,Put,143,179,139,179,179.0,▲+62,▲+52.99%,64,36,100,317,187,190,2670,111
TXO,202610,20261021.0,47600.0,Call,2010,2010,2010,2010,1950.0,▼-500,▼-19.92%,3,3,6,43,1930,2050,2660,605
TXO,202610,20261021.0,47600.0,Put,180,201,160,201,201.0,▲+67,▲+50.00%,16,9,25,84,203,206,2040,132
TXO,202610,20261021.0,47700.0,Call,2000,2050,1910,1910,1870.0,▼-510,▼-21.07%,3,10,13,69,1850,1890,2570,520
TXO,202610,20261021.0,47700.0,Put,188,216,166,216,216.0,▲+76,▲+54.29%,40,15,55,104,220,224,2550,140
TXO,202610,20261021.0,47800.0,Call,1860,1860,1860,1860,1780.0,▼-470,▼-20.17%,1,5,6,90,1770,1800,2460,488
TXO,202610,20261021.0,47800.0,Put,195,233,175,233,233.0,▲+75,▲+47.47%,25,74,99,156,237,242,2130,150
TXO,202610,20261021.0,47900.0,Call,1910,1910,1760,1760,1700.0,▼-480,▼-21.43%,0,8,8,24,1690,1720,2390,454
TXO,202610,20261021.0,47900.0,Put,220,252,190,252,252.0,▲+85,▲+50.90%,49,50,99,162,258,263,1790,163
TXO,202610,20261021.0,48000.0,Call,1800,1850,1690,1690,1630.0,▼-460,▼-21.40%,18,9,27,719,1610,1630,2410,421
TXO,202610,20261021.0,48000.0,Put,233,280,206,280,280.0,▲+102,▲+57.30%,189,291,480,1167,280,284,4790,168
TXO,202610,20261021.0,48100.0,Call,1740,1740,1540,1540,1540.0,▼-530,▼-25.60%,0,12,12,90,1420,1630,2290,403
TXO,202610,20261021.0,48100.0,Put,258,270,226,270,306.0,▲+68,▲+33.66%,30,21,51,122,303,308,1880,191
TXO,202610,20261021.0,48200.0,Call,1630,1630,1490,1490,1490.0,▼-480,▼-24.37%,5,8,13,202,1460,1490,2190,374
TXO,202610,20261021.0,48200.0,Put,296,296,240,276,331.0,▲+56,▲+25.45%,16,9,25,144,327,333,2260,200
TXO,202610,20261021.0,48300.0,Call,1530,1530,1460,1460,1400.0,▼-430,▼-22.75%,0,8,8,217,1390,1420,2010,354
TXO,202610,20261021.0,48300.0,Put,294,350,272,339,339.0,▲+107,▲+46.12%,50,89,139,187,354,359,1990,223
TXO,202610,20261021.0,48350.0,Call,-,-,-,-,1370.0,-,-,0,0,0,0,1350,1380,-,-
TXO,202610,20261021.0,48350.0,Put,307,312,283,310,372.0,▲+72,▲+30.25%,0,8,8,10,368,374,312,253
TXO,202610,20261021.0,48400.0,Call,1570,1570,1330,1330,1330.0,▼-490,▼-26.92%,3,7,10,207,1320,1340,2100,338
TXO,202610,20261021.0,48400.0,Put,298,326,298,326,387.0,▲+86,▲+35.83%,9,2,11,96,383,389,2050,233
TXO,202610,20261021.0,48450.0,Call,-,-,-,-,1300.0,-,-,0,0,0,0,1290,1300,-,-
TXO,202610,20261021.0,48450.0,Put,361,361,361,361,402.0,▲+104,▲+40.47%,0,5,5,5,398,404,361,361
TXO,202610,20261021.0,48500.0,Call,1420,1560,1260,1260,1260.0,▼-480,▼-27.59%,8,10,18,311,1250,1270,2000,320
TXO,202610,20261021.0,48500.0,Put,350,401,310,401,418.0,▲+141,▲+54.23%,22,184,206,718,414,420,3060,257
TXO,202610,20261021.0,48550.0,Call,-,-,-,-,1230.0,-,-,0,0,0,0,1220,1240,-,-
TXO,202610,20261021.0,48550.0,Put,-,-,-,-,433.0,-,-,0,0,0,7,430,435,291,286
TXO,202610,20261021.0,48600.0,Call,1280,1360,1220,1260,1190.0,▼-410,▼-24.55%,5,32,37,292,1180,1200,1850,307
TXO,202610,20261021.0,48600.0,Put,360,425,335,404,449.0,▲+117,▲+40.77%,4,18,22,116,445,451,1450,275
TXO,202610,20261021.0,48650.0,Call,-,-,-,-,1160.0,-,-,0,0,0,0,1150,1170,-,-
TXO,202610,20261021.0,48650.0,Put,405,434,360,434,466.0,▲+134,▲+44.67%,2,18,20,16,461,468,434,360
TXO,202610,20261021.0,48700.0,Call,1250,1280,1250,1280,1130.0,▼-310,▼-19.50%,9,2,11,226,1120,1140,1810,285
TXO,202610,20261021.0,48700.0,Put,401,468,369,468,468.0,▲+160,▲+51.95%,27,18,45,111,480,486,2420,303
TXO,202610,20261021.0,48750.0,Call,-,-,-,-,1100.0,-,-,0,0,0,0,1090,1100,-,-
TXO,202610,20261021.0,48750.0,Put,414,423,414,423,505.0,▲+104,▲+32.60%,1,12,13,19,499,505,445,319
TXO,202610,20261021.0,48800.0,Call,1170,1220,1140,1140,1070.0,▼-380,▼-25.00%,9,3,12,130,1060,1070,1790,269
TXO,202610,20261021.0,48800.0,Put,429,480,404,480,520.0,▲+140,▲+41.18%,18,60,78,146,515,525,2170,333
TXO,202610,20261021.0,48850.0,Call,-,-,-,-,1030.0,-,-,0,0,0,0,1030,1040,-,-
TXO,202610,20261021.0,48850.0,Put,424,505,424,505,540.0,▲+155,▲+44.29%,8,2,10,9,535,545,550,395
TXO,202610,20261021.0,48900.0,Call,-,-,-,-,1000.0,-,-,2,0,2,103,1000,1010,1560,246
TXO,202610,20261021.0,48900.0,Put,480,520,448,520,560.0,▲+166,▲+46.89%,10,10,20,42,555,565,2050,354
TXO,202610,20261021.0,48950.0,Call,-,-,-,-,975.0,-,-,0,0,0,0,970,980,-,-
TXO,202610,20261021.0,48950.0,Put,493,520,481,481,580.0,▲+102,▲+26.91%,7,3,10,7,575,585,520,410
TXO,202610,20261021.0,49000.0,Call,1040,1110,980,980,945.0,▼-390,▼-28.47%,102,62,164,601,940,950,1630,224
TXO,202610,20261021.0,49000.0,Put,500,605,455,605,605.0,▲+222,▲+57.96%,202,145,347,311,595,605,5700,337
TXO,202610,20261021.0,49050.0,Call,990,990,990,990,920.0,▼-350,▼-26.12%,2,1,3,3,910,925,995,930
TXO,202610,20261021.0,49050.0,Put,505,620,489,620,620.0,▲+210,▲+51.22%,2,8,10,7,615,625,620,482
TXO,202610,20261021.0,49100.0,Call,965,1040,940,940,890.0,▼-360,▼-27.69%,12,19,31,603,885,895,1490,233
TXO,202610,20261021.0,49100.0,Put,570,570,570,570,645.0,▲+151,▲+36.04%,25,1,26,127,640,650,1890,396
TXO,202610,20261021.0,49150.0,Call,935,1020,895,915,860.0,▼-355,▼-27.95%,41,62,103,40,855,870,1240,895
TXO,202610,20261021.0,49150.0,Put,-,-,-,-,670.0,-,-,1,0,1,1,660,670,610,610
TXO,202610,20261021.0,49200.0,Call,940,940,830,830,830.0,▼-420,▼-33.60%,16,9,25,232,830,840,1470,221
TXO,202610,20261021.0,49200.0,Put,630,660,560,625,690.0,▲+168,▲+36.76%,16,134,150,57,685,695,3370,433
TXO,202610,20261021.0,49250.0,Call,-,-,-,-,810.0,-,-,9,0,9,6,805,815,1270,810
TXO,202610,20261021.0,49250.0,Put,595,595,595,595,715.0,▲+119,▲+25.00%,6,1,7,6,705,715,725,595
TXO,202610,20261021.0,49300.0,Call,860,860,775,775,775.0,▼-415,▼-34.87%,13,5,18,96,775,785,1410,182
TXO,202610,20261021.0,49300.0,Put,635,730,580,730,730.0,▲+250,▲+52.08%,13,19,32,164,730,740,1650,470
TXO,202610,20261021.0,49350.0,Call,-,-,-,-,760.0,-,-,7,0,7,5,750,760,835,770
TXO,202610,20261021.0,49350.0,Put,-,-,-,-,765.0,-,-,7,0,7,6,755,765,775,550
TXO,202610,20261021.0,49400.0,Call,835,860,790,790,735.0,▼-300,▼-27.52%,24,118,142,115,725,735,1340,180
TXO,202610,20261021.0,49400.0,Put,675,730,640,695,790.0,▲+165,▲+31.13%,6,10,16,74,780,790,3110,482
TXO,202610,20261021.0,49450.0,Call,740,740,740,740,710.0,▼-340,▼-31.48%,9,1,10,5,705,715,895,715
TXO,202610,20261021.0,49450.0,Put,720,720,720,720,815.0,▲+180,▲+33.33%,0,1,1,8,805,815,720,535
TXO,202610,20261021.0,49500.0,Call,785,830,690,690,690.0,▼-350,▼-33.65%,115,147,262,656,680,685,1410,165
TXO,202610,20261021.0,49500.0,Put,730,785,660,785,840.0,▲+230,▲+41.44%,43,29,72,299,835,845,2100,520
TXO,202610,20261021.0,49550.0,Call,750,775,750,775,660.0,▼-245,▼-24.02%,6,7,13,7,655,665,775,665
TXO,202610,20261021.0,49550.0,Put,770,770,740,740,870.0,▲+150,▲+25.42%,1,2,3,6,860,870,770,590
TXO,202610,20261021.0,49600.0,Call,690,755,645,645,645.0,▼-345,▼-34.85%,32,22,54,133,635,645,1200,200
TXO,202610,20261021.0,49600.0,Put,825,860,700,860,895.0,▲+260,▲+43.33%,18,38,56,40,890,900,2240,550
TXO,202610,20261021.0,49650.0,Call,745,745,745,745,615.0,▼-215,▼-22.40%,9,1,10,9,610,620,995,610
TXO,202610,20261021.0,49650.0,Put,-,-,-,-,925.0,-,-,0,0,0,0,915,925,-,-
TXO,202610,20261021.0,49700.0,Call,650,720,620,620,595.0,▼-310,▼-33.33%,20,41,61,120,590,600,1170,162
TXO,202610,20261021.0,49700.0,Put,800,915,760,915,950.0,▲+250,▲+37.59%,39,13,52,50,945,955,2000,600
TXO,202610,20261021.0,49750.0,Call,610,700,610,665,575.0,▼-240,▼-26.52%,74,20,94,8,570,580,965,600
TXO,202610,20261021.0,49750.0,Put,835,835,825,830,980.0,▲+160,▲+23.88%,16,11,27,3,975,985,910,670
TXO,202610,20261021.0,49800.0,Call,640,660,560,560,560.0,▼-315,▼-36.00%,52,40,92,144,550,560,1110,176
TXO,202610,20261021.0,49800.0,Put,870,965,805,950,1010.0,▲+255,▲+36.69%,74,50,124,120,1000,1020,2470,640
TXO,202610,20261021.0,49850.0,Call,585,585,585,585,535.0,▼-265,▼-31.18%,0,5,5,5,530,540,585,585
TXO,202610,20261021.0,49850.0,Put,-,-,-,-,1040.0,-,-,0,0,0,0,1030,1050,-,-
TXO,202610,20261021.0,49900.0,Call,575,600,535,540,515.0,▼-275,▼-33.74%,31,15,46,100,510,520,1050,165
TXO,202610,20261021.0,49900.0,Put,890,890,890,890,1070.0,▲+130,▲+17.11%,7,1,8,65,1060,1080,3000,685
TXO,202610,20261021.0,49950.0,Call,520,595,505,525,494.0,▼-280,▼-34.78%,1,6,7,6,491,498,805,505
TXO,202610,20261021.0,49950.0,Put,-,-,-,-,1100.0,-,-,4,0,4,3,1090,1110,1010,915
TXO,202610,20261021.0,50000.0,Call,550,590,474,474,474.0,▼-286,▼-37.63%,478,423,901,1455,474,480,1180,118
TXO,202610,20261021.0,50000.0,Put,1020,1130,920,1130,1130.0,▲+345,▲+43.95%,156,129,285,188,1120,1140,4700,725
TXO,202610,20261021.0,50050.0,Call,520,545,468,492,459.0,▼-253,▼-33.96%,11,9,20,10,457,463,610,468
TXO,202610,20261021.0,50050.0,Put,-,-,-,-,1160.0,-,-,2,0,2,1,1160,1170,1090,1000
TXO,202610,20261021.0,50100.0,Call,510,545,469,490,442.0,▼-220,▼-30.99%,36,16,52,116,439,447,940,160
TXO,202610,20261021.0,50100.0,Put,1050,1050,1050,1050,1200.0,▲+190,▲+22.09%,0,9,9,24,1190,1200,2570,800
TXO,202610,20261021.0,50150.0,Call,-,-,-,-,425.0,-,-,1,0,1,1,423,429,745,465
TXO,202610,20261021.0,50150.0,Put,-,-,-,-,1230.0,-,-,0,0,0,0,1220,1240,-,-
TXO,202610,20261021.0,50200.0,Call,461,500,431,431,409.0,▼-229,▼-34.70%,47,10,57,203,406,412,885,119
TXO,202610,20261021.0,50200.0,Put,1200,1200,1200,1200,1260.0,▲+280,▲+30.43%,31,1,32,37,1260,1270,4270,820
TXO,202610,20261021.0,50250.0,Call,417,452,417,452,394.0,▼-203,▼-30.99%,1,2,3,2,391,397,550,417
TXO,202610,20261021.0,50250.0,Put,-,-,-,-,1300.0,-,-,0,0,0,0,1290,1310,-,-
TXO,202610,20261021.0,50300.0,Call,448,460,410,460,378.0,▼-175,▼-27.56%,10,11,21,134,375,381,845,123
TXO,202610,20261021.0,50300.0,Put,-,-,-,-,1330.0,-,-,2,0,2,12,1320,1340,2620,885
TXO,202610,20261021.0,50350.0,Call,392,439,366,366,366.0,▼-249,▼-40.49%,0,6,6,3,360,366,439,366
TXO,202610,20261021.0,50350.0,Put,-,-,-,-,1370.0,-,-,0,0,0,0,1360,1380,-,-
TXO,202610,20261021.0,50400.0,Call,385,430,349,361,361.0,▼-219,▼-37.76%,10,42,52,64,346,352,800,106
TXO,202610,20261021.0,50400.0,Put,-,-,-,-,1400.0,-,-,8,0,8,9,-,1510,3470,965
TXO,202610,20261021.0,50450.0,Call,409,409,353,353,335.0,▼-222,▼-38.61%,1,2,3,3,332,338,492,353
TXO,202610,20261021.0,50450.0,Put,-,-,-,-,1440.0,-,-,0,0,0,0,-,-,-,-
TXO,202610,20261021.0,50500.0,Call,376,409,328,328,328.0,▼-222,▼-40.36%,104,73,177,357,319,325,890,88
TXO,202610,20261021.0,50500.0,Put,1350,1460,1230,1460,1460.0,▲+380,▲+35.19%,2,9,11,17,1460,1490,2370,970
TXO,202610,20261021.0,50550.0,Call,306,310,306,310,310.0,▼-225,▼-42.06%,0,2,2,1,306,311,310,306
TXO,202610,20261021.0,50550.0,Put,-,-,-,-,1510.0,-,-,0,0,0,0,1500,1530,-,-
TXO,202610,20261021.0,50600.0,Call,358,366,297,297,297.0,▼-218,▼-42.33%,18,23,41,111,293,299,705,88
TXO,202610,20261021.0,50600.0,Put,1400,1400,1400,1400,1550.0,▲+270,▲+23.89%,3,1,4,31,1420,1890,2720,1030
TXO,202610,20261021.0,50650.0,Call,352,352,310,310,284.0,▼-187,▼-37.63%,1,2,3,2,282,287,386,310
TXO,202610,20261021.0,50650.0,Put,-,-,-,-,1590.0,-,-,0,0,0,0,1570,1600,-,-
TXO,202610,20261021.0,50700.0,Call,317,334,288,289,272.0,▼-192,▼-39.92%,4,13,17,74,270,275,650,91
TXO,202610,20261021.0,50700.0,Put,1530,1530,1450,1510,1630.0,▲+310,▲+25.83%,1,4,5,5,1610,1640,2650,1140
TXO,202610,20261021.0,50750.0,Call,-,-,-,-,261.0,-,-,3,0,3,3,259,264,510,405
TXO,202610,20261021.0,50750.0,Put,-,-,-,-,1670.0,-,-,0,0,0,0,1650,1680,-,-
TXO,202610,20261021.0,50800.0,Call,290,310,252,258,258.0,▼-183,▼-41.50%,22,45,67,350,248,253,615,71
TXO,202610,20261021.0,50800.0,Put,1490,1590,1450,1590,1710.0,▲+320,▲+25.20%,4,4,8,14,1690,1720,3090,1290
TXO,202610,20261021.0,50850.0,Call,246,246,246,246,246.0,▼-184,▼-42.79%,1,5,6,5,237,242,430,246
TXO,202610,20261021.0,50850.0,Put,-,-,-,-,1740.0,-,-,0,0,0,0,1730,1760,-,-
TXO,202610,20261021.0,50900.0,Call,270,291,243,271,229.0,▼-146,▼-35.01%,90,18,108,103,227,232,795,69
TXO,202610,20261021.0,50900.0,Put,-,-,-,-,1780.0,-,-,0,0,0,1,1770,1800,1360,1360
TXO,202610,20261021.0,50950.0,Call,241,241,241,241,219.0,▼-158,▼-39.60%,0,5,5,5,217,222,241,241
TXO,202610,20261021.0,50950.0,Put,-,-,-,-,1820.0,-,-,0,0,0,0,1810,1840,-,-
TXO,202610,20261021.0,51000.0,Call,269,269,210,220,210.0,▼-162,▼-42.41%,121,189,310,919,210,212,800,63
TXO,202610,20261021.0,51000.0,Put,1750,1750,1750,1750,1870.0,▲+340,▲+24.11%,10,1,11,12,1850,1880,4300,1300
TXO,202610,20261021.0,51050.0,Call,238,238,213,213,202.0,▼-157,▼-42.43%,0,8,8,6,198,203,397,213
TXO,202610,20261021.0,51050.0,Put,-,-,-,-,1910.0,-,-,0,0,0,0,1890,1920,-,-
TXO,202610,20261021.0,51100.0,Call,229,238,192,193,193.0,▼-164,▼-45.94%,22,14,36,113,190,195,810,67
TXO,202610,20261021.0,51100.0,Put,-,-,-,-,1950.0,-,-,0,0,0,0,1930,1960,-,-
TXO,202610,20261021.0,51150.0,Call,209,209,187,196,184.0,▼-146,▼-42.69%,0,7,7,7,181,186,209,187
TXO,202610,20261021.0,51150.0,Put,-,-,-,-,1990.0,-,-,0,0,0,0,1970,2000,-,-
TXO,202610,20261021.0,51200.0,Call,208,225,174,184,184.0,▼-140,▼-43.21%,38,24,62,131,174,179,650,56
TXO,202610,20261021.0,51200.0,Put,1810,1810,1810,1810,2030.0,▲+260,▲+16.77%,0,1,1,2,2010,2040,3310,1630
TXO,202610,20261021.0,51250.0,Call,-,-,-,-,168.0,-,-,0,0,0,0,165,170,-,-
TXO,202610,20261021.0,51250.0,Put,-,-,-,-,2070.0,-,-,0,0,0,0,2060,2090,-,-
TXO,202610,20261021.0,51300.0,Call,179,202,158,175,161.0,▼-128,▼-42.24%,11,29,40,77,160,163,444,60
TXO,202610,20261021.0,51300.0,Put,-,-,-,-,2120.0,-,-,0,0,0,1,2100,2130,3110,1730
TXO,202610,20261021.0,51400.0,Call,173,173,173,173,147.0,▼-106,▼-37.99%,26,2,28,57,144,149,515,48
TXO,202610,20261021.0,51400.0,Put,-,-,-,-,2200.0,-,-,0,0,0,0,2180,2210,-,-
TXO,202610,20261021.0,51500.0,Call,161,166,125,142,142.0,▼-120,▼-45.80%,97,72,169,307,131,134,630,44
TXO,202610,20261021.0,51500.0,Put,2030,2030,2030,2030,2290.0,▲+250,▲+14.04%,0,1,1,0,2270,2300,2030,1870
TXO,202610,20261021.0,51600.0,Call,143,154,115,130,130.0,▼-104,▼-44.44%,47,39,86,78,119,122,520,40
TXO,202610,20261021.0,51600.0,Put,-,-,-,-,2380.0,-,-,0,0,0,1,2240,2390,3390,1880
TXO,202610,20261021.0,51700.0,Call,126,140,118,118,118.0,▼-93,▼-44.08%,17,9,26,48,108,111,610,40.5
TXO,202610,20261021.0,51700.0,Put,-,-,-,-,2460.0,-,-,0,0,0,1,2450,2480,3390,3390
TXO,202610,20261021.0,51800.0,Call,105,128,100,108,108.0,▼-90,▼-45.45%,25,20,45,78,98,101,445,36.5
TXO,202610,20261021.0,51800.0,Put,-,-,-,-,2550.0,-,-,1,0,1,1,2540,2570,3460,2420
TXO,202610,20261021.0,51900.0,Call,106,115,106,114,90.0,▼-82,▼-41.84%,8,8,16,70,89,92,1080,41.5
TXO,202610,20261021.0,51900.0,Put,-,-,-,-,2640.0,-,-,0,0,0,0,2630,2660,-,-
TXO,202610,20261021.0,52000.0,Call,90,110,77,81,81.0,▼-87,▼-51.79%,339,447,786,1214,80,83,1020,32
TXO,202610,20261021.0,52000.0,Put,2480,2670,2480,2670,2740.0,▲+480,▲+21.92%,1,7,8,6,2720,2750,2670,2120
TXO,202610,20261021.0,52100.0,Call,93,96,79,79,79.0,▼-70,▼-46.98%,13,18,31,55,73,75,495,32
TXO,202610,20261021.0,52100.0,Put,-,-,-,-,2830.0,-,-,0,0,0,0,2810,2840,-,-
TXO,202610,20261021.0,52200.0,Call,80,84,65,72,72.0,▼-69,▼-48.94%,31,40,71,93,66,68,412,28
TXO,202610,20261021.0,52200.0,Put,2760,2760,2760,2760,2920.0,▲+400,▲+16.95%,0,5,5,1,2900,2940,4910,2300
TXO,202610,20261021.0,52300.0,Call,72,73,60,65,65.0,▼-63,▼-49.22%,44,24,68,82,60,62,1000,30
TXO,202610,20261021.0,52300.0,Put,-,-,-,-,3020.0,-,-,1,0,1,1,3000,3030,2780,2400
TXO,202610,20261021.0,52400.0,Call,65,65,60,60,60.0,▼-59,▼-49.58%,5,5,10,103,54,57,865,26
TXO,202610,20261021.0,52400.0,Put,2820,2930,2820,2930,3110.0,▲+390,▲+15.35%,0,2,2,1,2840,3120,2930,2460
TXO,202610,20261021.0,52500.0,Call,60,63,45,51,51.0,▼-55,▼-51.89%,35,332,367,607,49,52,940,22.5
TXO,202610,20261021.0,52500.0,Put,-,-,-,-,3200.0,-,-,0,0,0,1,3190,3220,2600,2560
TXO,202610,20261021.0,52600.0,Call,50,51,48,48,48.0,▼-49,▼-50.52%,9,6,15,94,45.5,47,250,7.7
TXO,202610,20261021.0,52600.0,Put,-,-,-,-,3300.0,-,-,0,0,0,0,3280,3310,-,-
TXO,202610,20261021.0,52700.0,Call,50,52,42.5,42.5,42.5,▼-45.5,▼-51.70%,6,7,13,49,41.5,43,310,19
TXO,202610,20261021.0,52700.0,Put,-,-,-,-,3400.0,-,-,0,0,0,0,3380,3410,-,-
TXO,202610,20261021.0,52800.0,Call,46,47.5,35.5,41,41.0,▼-39,▼-48.75%,20,13,33,45,38,39.5,275,17.5
TXO,202610,20261021.0,52800.0,Put,-,-,-,-,3490.0,-,-,0,0,0,0,3480,3510,-,-
TXO,202610,20261021.0,52900.0,Call,40,40,34,39,35.5,▼-36,▼-48.00%,13,5,18,34,35,36.5,139,16.5
TXO,202610,20261021.0,52900.0,Put,-,-,-,-,3590.0,-,-,0,0,0,0,3570,3600,-,-
TXO,202610,20261021.0,53000.0,Call,38,40.5,30,33.5,33.5,▼-31.5,▼-48.46%,123,452,575,695,32.5,33.5,379,15.5
TXO,202610,20261021.0,53000.0,Put,-,-,-,-,3690.0,-,-,0,0,0,0,3670,3700,-,-
TXO,202610,20261021.0,53100.0,Call,36,37.5,30.5,30.5,30.5,▼-29.5,▼-49.17%,1,22,23,37,30,31,102,15
TXO,202610,20261021.0,53100.0,Put,-,-,-,-,3780.0,-,-,0,0,0,0,3770,3800,-,-
TXO,202610,20261021.0,53200.0,Call,32,32,32,32,28.0,▼-23,▼-41.82%,1,1,2,34,27.5,28.5,130,14
TXO,202610,20261021.0,53200.0,Put,-,-,-,-,3880.0,-,-,0,0,0,0,3860,3900,-,-
TXO,202610,20261021.0,53300.0,Call,27.5,28,26.5,28,28.0,▼-22,▼-44.00%,8,3,11,45,25.5,27,122,13.5
TXO,202610,20261021.0,53300.0,Put,-,-,-,-,3980.0,-,-,0,0,0,0,3960,3990,-,-
TXO,202610,20261021.0,53400.0,Call,27,27,27,27,24.0,▼-18,▼-40.00%,2,2,4,32,23.5,25,80,15
TXO,202610,20261021.0,53400.0,Put,-,-,-,-,4080.0,-,-,0,0,0,0,4060,4090,-,-
TXO,202610,20261021.0,53500.0,Call,39,39,21.5,23,23.0,▼-18.5,▼-44.58%,38,12,50,88,22,23.5,112,13.5
TXO,202610,20261021.0,53500.0,Put,-,-,-,-,4180.0,-,-,0,0,0,0,4160,4190,-,-
TXO,202610,20261021.0,53600.0,Call,-,-,-,-,21.0,-,-,0,0,0,36,20.5,22,95,15
TXO,202610,20261021.0,53600.0,Put,-,-,-,-,4270.0,-,-,0,0,0,0,4260,4290,-,-
TXO,202610,20261021.0,53700.0,Call,21,21.5,21,21.5,20.0,▼-13.5,▼-38.57%,1,2,3,37,19.5,20.5,98,10.5
TXO,202610,20261021.0,53700.0,Put,-,-,-,-,4370.0,-,-,0,0,0,0,4350,4390,-,-
TXO,202610,20261021.0,53800.0,Call,21,21,19,19,19.0,▼-13,▼-40.63%,6,8,14,452,18,19.5,68,9.8
TXO,202610,20261021.0,53800.0,Put,-,-,-,-,4470.0,-,-,0,0,0,0,4450,4490,-,-
TXO,202610,20261021.0,53900.0,Call,-,-,-,-,17.5,-,-,2,0,2,273,17,18,82,9.5
TXO,202610,20261021.0,53900.0,Put,-,-,-,-,4570.0,-,-,0,0,0,0,4550,4580,-,-
TXO,202610,20261021.0,54000.0,Call,16.5,17.5,16,16.5,16.5,▼-11,▼-40.00%,33,11,44,268,16,17.5,85,8.6
TXO,202610,20261021.0,54000.0,Put,-,-,-,-,4670.0,-,-,0,0,0,0,4650,4680,-,-
TXO,202610,20261021.0,54100.0,Call,-,-,-,-,16.0,-,-,0,0,0,424,15.5,16.5,43,8.6
TXO,202610,20261021.0,54100.0,Put,-,-,-,-,4770.0,-,-,0,0,0,0,4750,4780,-,-
TXO,202610,20261021.0,54200.0,Call,15.5,15.5,15.5,15.5,15.5,▼-8,▼-34.04%,1,1,2,411,14.5,15.5,39.5,8.4
TXO,202610,20261021.0,54200.0,Put,-,-,-,-,4870.0,-,-,0,0,0,0,4850,4880,-,-
TXO,202610,20261021.0,54300.0,Call,12.5,12.5,12.5,12.5,14.0,▼-9.5,▼-43.18%,1,3,4,414,13.5,15,45.5,7.8
TXO,202610,20261021.0,54300.0,Put,-,-,-,-,4970.0,-,-,0,0,0,0,4950,4980,-,-
TXO,202610,20261021.0,54400.0,Call,13,13,13,13,13.0,▼-7.5,▼-36.59%,0,2,2,454,13,14,56,7.6
TXO,202610,20261021.0,54400.0,Put,-,-,-,-,5070.0,-,-,0,0,0,0,5050,5080,-,-
TXO,202610,20261021.0,54500.0,Call,13,13.5,13,13.5,13.0,▼-5.5,▼-28.95%,2,2,4,584,12.5,13.5,61,1
TXO,202610,20261021.0,54500.0,Put,-,-,-,-,5170.0,-,-,0,0,0,0,5140,5180,-,-
TXO,202610,20261021.0,54600.0,Call,14,14,10.5,12.5,12.5,▼-5.5,▼-30.56%,2,7,9,15,11.5,12.5,26.5,8
TXO,202610,20261021.0,54600.0,Put,-,-,-,-,5270.0,-,-,0,0,0,0,5240,5280,-,-
TXO,202610,20261021.0,54700.0,Call,10,10.5,10,10.5,11.5,▼-6.5,▼-38.24%,3,6,9,27,11,12,25,6
TXO,202610,20261021.0,54700.0,Put,-,-,-,-,5360.0,-,-,0,0,0,0,5340,5380,-,-
TXO,202610,20261021.0,54800.0,Call,10,11,9.7,11,11.0,▼-5.5,▼-33.33%,1,9,10,11,10.5,11.5,26,9.7
TXO,202610,20261021.0,54800.0,Put,-,-,-,-,5460.0,-,-,0,0,0,0,5440,5480,-,-
TXO,202610,20261021.0,54900.0,Call,-,-,-,-,10.5,-,-,8,0,8,20,10,11,24.5,7.2
TXO,202610,20261021.0,54900.0,Put,-,-,-,-,5560.0,-,-,0,0,0,0,5540,5580,-,-
TXO,202610,20261021.0,55000.0,Call,9.4,11,9,10.5,10.5,▼-3.5,▼-25.00%,22,152,174,380,10,11,27,5.8
TXO,202610,20261021.0,55000.0,Put,-,-,-,-,5660.0,-,-,0,0,0,0,5640,5680,-,-
TXO,202610,20261021.0,55100.0,Call,9.2,9.6,9.2,9.5,9.5,▼-3.5,▼-26.92%,0,5,5,3,9.5,10.5,21.5,6.5
TXO,202610,20261021.0,55100.0,Put,-,-,-,-,5760.0,-,-,0,0,0,0,5740,5780,-,-
TXO,202610,20261021.0,55200.0,Call,-,-,-,-,9.5,-,-,0,0,0,3,9.1,9.9,18.5,8
TXO,202610,20261021.0,55200.0,Put,-,-,-,-,5860.0,-,-,0,0,0,0,5840,5880,-,-
TXO,202610,20261021.0,55300.0,Call,-,-,-,-,9.1,-,-,0,0,0,9,8.7,9.5,17,6
TXO,202610,20261021.0,55300.0,Put,-,-,-,-,5960.0,-,-,0,0,0,0,5940,5980,-,-
TXO,202610,20261021.0,55400.0,Call,8,8.7,8,8.5,8.5,▼-2.5,▼-22.73%,1,6,7,111,8.4,9.2,16.5,2.6
TXO,202610,20261021.0,55400.0,Put,-,-,-,-,6060.0,-,-,0,0,0,0,6040,6080,-,-
TXO,202610,20261021.0,55500.0,Call,-,-,-,-,8.4,-,-,0,0,0,2,8.1,8.8,14,11.5
TXO,202610,20261021.0,55500.0,Put,-,-,-,-,6160.0,-,-,0,0,0,0,6140,6180,-,-
TXO,202610,20261021.0,55600.0,Call,-,-,-,-,8.1,-,-,0,0,0,1,7.8,8.5,13,8
TXO,202610,20261021.0,55600.0,Put,-,-,-,-,6260.0,-,-,0,0,0,0,6240,6280,-,-
TXO,202610,20261021.0,55700.0,Call,-,-,-,-,7.8,-,-,0,0,0,17,7.6,8.1,12,6.3
TXO,202610,20261021.0,55700.0,Put,-,-,-,-,6360.0,-,-,0,0,0,0,6340,6380,-,-
TXO,202610,20261021.0,55800.0,Call,-,-,-,-,7.7,-,-,0,0,0,45,7.5,7.9,13.5,9
TXO,202610,20261021.0,55800.0,Put,-,-,-,-,6460.0,-,-,0,0,0,0,6440,6480,-,-
TXO,202610,20261021.0,55900.0,Call,-,-,-,-,7.4,-,-,0,0,0,0,7.2,7.6,11,9.8
TXO,202610,20261021.0,55900.0,Put,-,-,-,-,6560.0,-,-,0,0,0,0,6540,6580,-,-
TXO,202610,20261021.0,56000.0,Call,-,-,-,-,7.2,-,-,0,0,0,10,7,7.5,9.2,8.5
TXO,202610,20261021.0,56000.0,Put,-,-,-,-,6660.0,-,-,0,0,0,0,6640,6680,-,-
TXO,202610,20261021.0,56100.0,Call,-,-,-,-,6.9,-,-,0,0,0,0,6.8,7.1,-,-
TXO,202610,20261021.0,56100.0,Put,-,-,-,-,6760.0,-,-,0,0,0,0,6740,6780,-,-
TXO,202610,20261021.0,56200.0,Call,-,-,-,-,6.7,-,-,0,0,0,0,6.6,6.9,-,-
TXO,202610,20261021.0,56200.0,Put,-,-,-,-,6860.0,-,-,0,0,0,0,6830,6880,-,-
TXO,202610,20261021.0,56300.0,Call,-,-,-,-,6.5,-,-,0,0,0,0,6.4,6.7,-,-
TXO,202610,20261021.0,56300.0,Put,-,-,-,-,6960.0,-,-,0,0,0,0,6930,6980,-,-
TXO,202610,20261021.0,56400.0,Call,-,-,-,-,6.3,-,-,0,0,0,0,6.2,6.5,-,-
TXO,202610,20261021.0,56400.0,Put,-,-,-,-,7060.0,-,-,0,0,0,0,7030,7080,-,-
TXO,202610,20261021.0,56500.0,Call,-,-,-,-,6.1,-,-,0,0,0,0,6,6.3,-,-
TXO,202610,20261021.0,56500.0,Put,-,-,-,-,7160.0,-,-,0,0,0,0,7130,7180,-,-
TXO,202610,20261021.0,56600.0,Call,-,-,-,-,6.0,-,-,0,0,0,0,5.9,6.2,-,-
TXO,202610,20261021.0,56600.0,Put,-,-,-,-,7260.0,-,-,0,0,0,0,7230,7280,-,-
TXO,202610,20261021.0,56700.0,Call,-,-,-,-,5.8,-,-,0,0,0,0,5.7,6,-,-
TXO,202610,20261021.0,56700.0,Put,-,-,-,-,7360.0,-,-,0,0,0,0,7330,7380,-,-
TXO,202610,20261021.0,56800.0,Call,-,-,-,-,5.6,-,-,0,0,0,0,5.5,5.8,-,-
TXO,202610,20261021.0,56800.0,Put,-,-,-,-,7460.0,-,-,0,0,0,0,7430,7480,-,-
TXO,202610,20261021.0,56900.0,Call,5.4,5.4,5.4,5.4,5.4,▼-0.6,▼-10.00%,0,1,1,1,5.4,5.7,5.4,5.4
TXO,202610,20261021.0,56900.0,Put,-,-,-,-,7560.0,-,-,0,0,0,0,7530,7580,-,-
TXO,202610,20261021.0,57000.0,Call,-,-,-,-,5.3,-,-,0,0,0,1,5.2,5.5,5.9,5.9
TXO,202610,20261021.0,57000.0,Put,-,-,-,-,7660.0,-,-,0,0,0,0,7630,7680,-,-
TXO,202610,20261021.0,57100.0,Call,-,-,-,-,5.2,-,-,0,0,0,0,5.1,5.4,-,-
TXO,202610,20261021.0,57100.0,Put,-,-,-,-,7760.0,-,-,0,0,0,0,7730,7780,-,-
TXO,202610,20261021.0,57200.0,Call,-,-,-,-,5.0,-,-,0,0,0,44,4.9,5.2,7.5,5.8
TXO,202610,20261021.0,57200.0,Put,-,-,-,-,7860.0,-,-,0,0,0,0,7830,7880,-,-
TXO,202610,20261021.0,57300.0,Call,4.4,5,4.4,5,5.0,▼-0.3,▼-5.66%,16,72,88,77,4.8,5.1,6.2,4
TXO,202610,20261021.0,57300.0,Put,-,-,-,-,7960.0,-,-,0,0,0,0,7930,7980,-,-
TXO,202611,20261118.0,38000.0,Call,-,-,-,-,11570.0,-,-,0,0,0,0,-,11690,-,-
TXO,202611,20261118.0,38000.0,Put,45,49.5,44,49,49.0,▲+9,▲+22.50%,3,10,13,244,48.5,51,595,39.5
TXO,202611,20261118.0,38100.0,Call,-,-,-,-,11480.0,-,-,0,0,0,0,-,11620,-,-
TXO,202611,20261118.0,38100.0,Put,-,-,-,-,51.0,-,-,0,0,0,23,49.5,52,525,40
TXO,202611,20261118.0,38200.0,Call,-,-,-,-,11380.0,-,-,0,0,0,0,-,-,-,-
TXO,202611,20261118.0,38200.0,Put,-,-,-,-,53.0,-,-,0,0,0,4,51,53,273,42.5
TXO,202611,20261118.0,38300.0,Call,-,-,-,-,11280.0,-,-,0,0,0,0,-,11400,-,-
TXO,202611,20261118.0,38300.0,Put,-,-,-,-,53.0,-,-,0,0,0,4,51,54,555,42.5
TXO,202611,20261118.0,38400.0,Call,-,-,-,-,11180.0,-,-,0,0,0,0,-,11300,-,-
TXO,202611,20261118.0,38400.0,Put,-,-,-,-,54.0,-,-,0,0,0,0,52,54,299,43.5
TXO,202611,20261118.0,38500.0,Call,-,-,-,-,11080.0,-,-,0,0,0,0,-,11230,-,-
TXO,202611,20261118.0,38500.0,Put,-,-,-,-,55.0,-,-,0,0,0,28,53,55,585,44.5
TXO,202611,20261118.0,38600.0,Call,-,-,-,-,10980.0,-,-,0,0,0,0,-,11100,8730,8630
TXO,202611,20261118.0,38600.0,Put,49.5,49.5,49.5,49.5,55.0,▲+6,▲+13.79%,0,2,2,8,54,56,317,49.5
TXO,202611,20261118.0,38700.0,Call,-,-,-,-,10880.0,-,-,0,0,0,0,-,11030,-,-
TXO,202611,20261118.0,38700.0,Put,-,-,-,-,56.0,-,-,0,0,0,5,54,56,370,46
TXO,202611,20261118.0,38800.0,Call,-,-,-,-,10780.0,-,-,0,0,0,0,-,10890,-,-
TXO,202611,20261118.0,38800.0,Put,50,50,50,50,57.0,▲+4,▲+8.70%,0,3,3,4,55,57,204,46
TXO,202611,20261118.0,38900.0,Call,-,-,-,-,10680.0,-,-,0,0,0,0,-,10790,-,-
TXO,202611,20261118.0,38900.0,Put,-,-,-,-,58.0,-,-,0,0,0,12,56,58,335,47
TXO,202611,20261118.0,39000.0,Call,-,-,-,-,10580.0,-,-,0,0,0,0,-,10690,8420,8260
TXO,202611,20261118.0,39000.0,Put,54,58,54,58,58.0,▲+11.5,▲+24.73%,1,11,12,104,57,59,402,46.5
TXO,202611,20261118.0,39100.0,Call,-,-,-,-,10490.0,-,-,0,0,0,0,-,-,-,-
TXO,202611,20261118.0,39100.0,Put,-,-,-,-,59.0,-,-,0,0,0,5,58,60,234,85
TXO,202611,20261118.0,39200.0,Call,-,-,-,-,10390.0,-,-,0,0,0,0,10350,10500,-,-
TXO,202611,20261118.0,39200.0,Put,-,-,-,-,60.0,-,-,0,0,0,1,58,61,303,47
TXO,202611,20261118.0,39300.0,Call,-,-,-,-,10290.0,-,-,0,0,0,0,-,10460,-,-
TXO,202611,20261118.0,39300.0,Put,-,-,-,-,61.0,-,-,0,0,0,3,59,62,650,56
TXO,202611,20261118.0,39400.0,Call,-,-,-,-,10190.0,-,-,0,0,0,0,-,10300,-,-
TXO,202611,20261118.0,39400.0,Put,56,59,56,59,62.0,▲+10,▲+20.41%,0,4,4,18,60,62,108,56
TXO,202611,20261118.0,39500.0,Call,-,-,-,-,10090.0,-,-,0,0,0,0,-,10200,-,-
TXO,202611,20261118.0,39500.0,Put,-,-,-,-,63.0,-,-,0,0,0,53,61,63,555,50
TXO,202611,20261118.0,39600.0,Call,-,-,-,-,9990.0,-,-,0,0,0,0,-,10100,-,-
TXO,202611,20261118.0,39600.0,Put,-,-,-,-,64.0,-,-,0,0,0,1,62,64,469,79
TXO,202611,20261118.0,39700.0,Call,-,-,-,-,9890.0,-,-,0,0,0,1,-,10060,10650,10650
TXO,202611,20261118.0,39700.0,Put,-,-,-,-,65.0,-,-,0,0,0,3,63,65,420,79
TXO,202611,20261118.0,39800.0,Call,-,-,-,-,9790.0,-,-,0,0,0,0,-,9910,-,-
TXO,202611,20261118.0,39800.0,Put,-,-,-,-,66.0,-,-,1,0,1,4,64,67,283,54
TXO,202611,20261118.0,39900.0,Call,-,-,-,-,9690.0,-,-,0,0,0,0,-,9810,-,-
TXO,202611,20261118.0,39900.0,Put,67,67,67,67,67.0,▲+15,▲+28.85%,0,1,1,7,65,68,293,67
TXO,202611,20261118.0,40000.0,Call,-,-,-,-,9600.0,-,-,0,0,0,0,-,9740,-,-
TXO,202611,20261118.0,40000.0,Put,60,66,58,66,69.0,▲+13,▲+24.53%,13,43,56,562,67,69,785,53
TXO,202611,20261118.0,40100.0,Call,-,-,-,-,9500.0,-,-,0,0,0,0,-,9600,-,-
TXO,202611,20261118.0,40100.0,Put,-,-,-,-,70.0,-,-,0,0,0,7,68,70,330,85
TXO,202611,20261118.0,40200.0,Call,-,-,-,-,9400.0,-,-,0,0,0,0,-,9500,-,-
TXO,202611,20261118.0,40200.0,Put,60,60,60,60,71.0,▲+5,▲+9.09%,3,3,6,22,69,71,202,60
TXO,202611,20261118.0,40300.0,Call,-,-,-,-,9300.0,-,-,0,0,0,0,-,9410,-,-
TXO,202611,20261118.0,40300.0,Put,-,-,-,-,71.0,-,-,0,0,0,6,70,73,469,119
TXO,202611,20261118.0,40400.0,Call,-,-,-,-,9200.0,-,-,0,0,0,0,-,9370,-,-
TXO,202611,20261118.0,40400.0,Put,-,-,-,-,73.0,-,-,0,0,0,7,72,74,485,58
TXO,202611,20261118.0,40500.0,Call,-,-,-,-,9100.0,-,-,0,0,0,0,-,9210,-,-
TXO,202611,20261118.0,40500.0,Put,-,-,-,-,74.0,-,-,0,0,0,28,72,75,505,63
TXO,202611,20261118.0,40600.0,Call,-,-,-,-,9010.0,-,-,0,0,0,0,-,9110,-,-
TXO,202611,20261118.0,40600.0,Put,-,-,-,-,76.0,-,-,0,0,0,3,74,77,500,122
TXO,202611,20261118.0,40700.0,Call,-,-,-,-,8910.0,-,-,0,0,0,0,-,9020,-,-
TXO,202611,20261118.0,40700.0,Put,-,-,-,-,77.0,-,-,0,0,0,2,75,78,930,67
TXO,202611,20261118.0,40800.0,Call,-,-,-,-,8810.0,-,-,0,0,0,0,-,8920,-,-
TXO,202611,20261118.0,40800.0,Put,-,-,-,-,79.0,-,-,0,0,0,2,77,80,610,62
TXO,202611,20261118.0,40900.0,Call,-,-,-,-,8710.0,-,-,0,0,0,0,-,8850,-,-
TXO,202611,20261118.0,40900.0,Put,80,80,80,80,80.0,▲+19,▲+31.15%,0,1,1,7,78,81,164,80
TXO,202611,20261118.0,41000.0,Call,-,-,-,-,8610.0,-,-,0,0,0,0,-,8710,-,-
TXO,202611,20261118.0,41000.0,Put,73,73,73,73,82.0,▲+10,▲+15.87%,0,1,1,46,80,83,990,62
TXO,202611,20261118.0,41100.0,Call,-,-,-,-,8510.0,-,-,0,0,0,0,-,-,-,-
TXO,202611,20261118.0,41100.0,Put,-,-,-,-,84.0,-,-,0,0,0,10,82,85,425,104
TXO,202611,20261118.0,41200.0,Call,-,-,-,-,8420.0,-,-,0,0,0,0,-,8520,-,-
TXO,202611,20261118.0,41200.0,Put,-,-,-,-,87.0,-,-,0,0,0,5,84,87,465,226
TXO,202611,20261118.0,41300.0,Call,-,-,-,-,8320.0,-,-,0,0,0,0,-,8420,-,-
TXO,202611,20261118.0,41300.0,Put,-,-,-,-,89.0,-,-,0,0,0,6,86,89,437,81
TXO,202611,20261118.0,41400.0,Call,-,-,-,-,8220.0,-,-,0,0,0,0,8190,8330,-,-
TXO,202611,20261118.0,41400.0,Put,79,79,79,79,91.0,▲+12,▲+17.91%,1,2,3,10,88,91,451,74
TXO,202611,20261118.0,41500.0,Call,-,-,-,-,8120.0,-,-,0,0,0,0,-,8170,-,-
TXO,202611,20261118.0,41500.0,Put,-,-,-,-,93.0,-,-,0,0,0,22,90,93,1040,62
TXO,202611,20261118.0,41600.0,Call,-,-,-,-,8030.0,-,-,0,0,0,0,-,8200,-,-
TXO,202611,20261118.0,41600.0,Put,-,-,-,-,95.0,-,-,0,0,0,19,92,95,479,77
TXO,202611,20261118.0,41700.0,Call,-,-,-,-,7930.0,-,-,0,0,0,0,-,8030,-,-
TXO,202611,20261118.0,41700.0,Put,-,-,-,-,97.0,-,-,0,0,0,11,94,97,505,81
TXO,202611,20261118.0,41800.0,Call,-,-,-,-,7830.0,-,-,0,0,0,0,-,7940,-,-
TXO,202611,20261118.0,41800.0,Put,-,-,-,-,100.0,-,-,0,0,0,14,97,100,510,83
TXO,202611,20261118.0,41900.0,Call,-,-,-,-,7730.0,-,-,0,0,0,0,-,7840,-,-
TXO,202611,20261118.0,41900.0,Put,-,-,-,-,102.0,-,-,0,0,0,11,99,102,560,77
TXO,202611,20261118.0,42000.0,Call,-,-,-,-,7640.0,-,-,0,0,0,0,-,7730,-,-
TXO,202611,20261118.0,42000.0,Put,87,101,85,101,105.0,▲+25,▲+32.89%,7,30,37,225,102,105,750,75
TXO,202611,20261118.0,42100.0,Call,-,-,-,-,7540.0,-,-,0,0,0,0,-,7680,-,-
TXO,202611,20261118.0,42100.0,Put,102,102,102,102,107.0,▲+23,▲+29.11%,0,2,2,17,105,108,725,79
TXO,202611,20261118.0,42200.0,Call,-,-,-,-,7440.0,-,-,0,0,0,0,-,7540,-,-
TXO,202611,20261118.0,42200.0,Put,-,-,-,-,110.0,-,-,0,0,0,10,108,111,745,93
TXO,202611,20261118.0,42300.0,Call,-,-,-,-,7350.0,-,-,0,0,0,0,-,7450,-,-
TXO,202611,20261118.0,42300.0,Put,92,92,92,92,113.0,▲+10,▲+12.20%,0,6,6,12,111,114,595,90
TXO,202611,20261118.0,42400.0,Call,-,-,-,-,7250.0,-,-,0,0,0,0,-,7340,-,-
TXO,202611,20261118.0,42400.0,Put,-,-,-,-,116.0,-,-,0,0,0,8,114,117,790,98
TXO,202611,20261118.0,42500.0,Call,-,-,-,-,7150.0,-,-,0,0,0,0,-,7250,-,-
TXO,202611,20261118.0,42500.0,Put,102,102,102,102,119.0,▲+17,▲+20.00%,0,2,2,48,115,120,940,80
TXO,202611,20261118.0,42600.0,Call,-,-,-,-,7060.0,-,-,0,0,0,0,-,7160,-,-
TXO,202611,20261118.0,42600.0,Put,106,120,106,120,120.0,▲+32,▲+36.36%,0,2,2,11,120,124,830,92
TXO,202611,20261118.0,42700.0,Call,-,-,-,-,6960.0,-,-,0,0,0,0,-,7050,-,-
TXO,202611,20261118.0,42700.0,Put,103,103,103,103,126.0,▲+13,▲+14.44%,1,1,2,3,122,127,1620,103
TXO,202611,20261118.0,42800.0,Call,7000,7000,7000,7000,6860.0,▼-450,▼-6.04%,0,1,1,1,6760,6970,7000,7000
TXO,202611,20261118.0,42800.0,Put,114,114,106,114,129.0,▲+22,▲+23.91%,1,3,4,5,127,131,315,102
TXO,202611,20261118.0,42900.0,Call,7000,7000,7000,7000,6770.0,▼-350,▼-4.76%,0,1,1,1,-,6870,7400,7000
TXO,202611,20261118.0,42900.0,Put,111,111,111,111,134.0,▲+16,▲+16.84%,0,1,1,4,130,135,1000,111
TXO,202611,20261118.0,43000.0,Call,-,-,-,-,6670.0,-,-,0,0,0,1,-,6810,4700,4150
TXO,202611,20261118.0,43000.0,Put,114,133,114,132,138.0,▲+35,▲+36.08%,14,14,28,199,134,139,1050,97
TXO,202611,20261118.0,43100.0,Call,-,-,-,-,6580.0,-,-,0,0,0,0,-,-,-,-
TXO,202611,20261118.0,43100.0,Put,-,-,-,-,142.0,-,-,0,0,0,10,138,143,780,100
TXO,202611,20261118.0,43200.0,Call,-,-,-,-,6480.0,-,-,0,0,0,0,-,6520,6950,4270
TXO,202611,20261118.0,43200.0,Put,-,-,-,-,147.0,-,-,0,0,0,12,143,148,790,103
TXO,202611,20261118.0,43300.0,Call,-,-,-,-,6390.0,-,-,0,0,0,0,-,-,-,-
TXO,202611,20261118.0,43300.0,Put,120,120,120,120,152.0,▲+11,▲+10.09%,0,2,2,18,148,153,1040,109
TXO,202611,20261118.0,43400.0,Call,-,-,-,-,6290.0,-,-,0,0,0,0,-,6390,-,-
TXO,202611,20261118.0,43400.0,Put,-,-,-,-,156.0,-,-,0,0,0,10,152,157,870,835
TXO,202611,20261118.0,43500.0,Call,-,-,-,-,6200.0,-,-,0,0,0,0,-,-,3980,3750
TXO,202611,20261118.0,43500.0,Put,150,150,150,150,161.0,▲+38,▲+33.93%,0,1,1,20,157,162,1130,117
TXO,202611,20261118.0,43600.0,Call,-,-,-,-,6100.0,-,-,0,0,0,0,-,6200,-,-
TXO,202611,20261118.0,43600.0,Put,-,-,-,-,166.0,-,-,0,0,0,2,164,169,1160,255
TXO,202611,20261118.0,43700.0,Call,-,-,-,-,6010.0,-,-,0,0,0,0,-,-,-,-
TXO,202611,20261118.0,43700.0,Put,147,161,147,161,173.0,▲+42,▲+35.29%,0,2,2,6,168,173,890,128
TXO,202611,20261118.0,43800.0,Call,-,-,-,-,5910.0,-,-,0,0,0,0,-,5950,6450,3750
TXO,202611,20261118.0,43800.0,Put,-,-,-,-,178.0,-,-,0,0,0,7,175,180,970,145
TXO,202611,20261118.0,43900.0,Call,-,-,-,-,5820.0,-,-,0,0,0,0,-,-,-,-
TXO,202611,20261118.0,43900.0,Put,151,176,151,176,184.0,▲+48,▲+37.50%,1,3,4,5,181,186,1930,135
TXO,202611,20261118.0,44000.0,Call,-,-,-,-,5730.0,-,-,0,0,0,0,-,5810,5330,3190
TXO,202611,20261118.0,44000.0,Put,153,184,153,184,191.0,▲+53,▲+40.46%,34,15,49,136,188,193,2100,130
TXO,202611,20261118.0,44100.0,Call,-,-,-,-,5630.0,-,-,0,0,0,0,-,-,-,-
TXO,202611,20261118.0,44100.0,Put,162,162,162,162,198.0,▲+27,▲+20.00%,0,1,1,2,193,199,910,162
TXO,202611,20261118.0,44200.0,Call,-,-,-,-,5540.0,-,-,0,0,0,0,5520,5660,-,-
TXO,202611,20261118.0,44200.0,Put,-,-,-,-,206.0,-,-,0,0,0,1,200,206,1280,300
TXO,202611,20261118.0,44300.0,Call,-,-,-,-,5450.0,-,-,0,0,0,0,-,5530,-,-
TXO,202611,20261118.0,44300.0,Put,166,168,166,168,213.0,▲+25,▲+17.48%,0,2,2,51,207,213,1870,136
TXO,202611,20261118.0,44400.0,Call,-,-,-,-,5360.0,-,-,0,0,0,0,-,5450,5960,3240
TXO,202611,20261118.0,44400.0,Put,205,205,205,205,221.0,▲+56,▲+37.58%,0,1,1,10,215,221,1190,180
TXO,202611,20261118.0,44500.0,Call,-,-,-,-,5260.0,-,-,0,0,0,0,5210,5350,5450,3060
TXO,202611,20261118.0,44500.0,Put,181,181,181,181,228.0,▲+28,▲+18.30%,3,1,4,57,224,230,1230,153
TXO,202611,20261118.0,44600.0,Call,-,-,-,-,5170.0,-,-,0,0,0,0,-,5260,-,-
TXO,202611,20261118.0,44600.0,Put,213,223,213,223,237.0,▲+63,▲+39.38%,1,3,4,4,233,239,1330,172
TXO,202611,20261118.0,44700.0,Call,-,-,-,-,5080.0,-,-,0,0,0,0,-,5170,-,-
TXO,202611,20261118.0,44700.0,Put,210,210,199,199,247.0,▲+33,▲+19.88%,1,4,5,33,243,249,2040,186
TXO,202611,20261118.0,44800.0,Call,-,-,-,-,5000.0,-,-,0,0,0,0,4930,-,-,-
TXO,202611,20261118.0,44800.0,Put,207,236,207,236,258.0,▲+62,▲+35.63%,0,6,6,5,253,259,1270,187
TXO,202611,20261118.0,44900.0,Call,-,-,-,-,4900.0,-,-,0,0,0,0,-,-,-,-
TXO,202611,20261118.0,44900.0,Put,-,-,-,-,267.0,-,-,0,0,0,3,263,269,565,190
TXO,202611,20261118.0,45000.0,Call,-,-,-,-,4810.0,-,-,2,0,2,5,4750,4910,5430,2570
TXO,202611,20261118.0,45000.0,Put,216,270,216,270,270.0,▲+81,▲+42.86%,56,42,98,374,273,280,2580,181
TXO,202611,20261118.0,45100.0,Call,-,-,-,-,4730.0,-,-,0,0,0,0,4640,4840,-,-
TXO,202611,20261118.0,45100.0,Put,244,268,244,267,288.0,▲+75,▲+39.06%,1,5,6,10,281,289,1630,213
TXO,202611,20261118.0,45200.0,Call,-,-,-,-,4640.0,-,-,0,0,0,0,4550,4720,-,-
TXO,202611,20261118.0,45200.0,Put,-,-,-,-,301.0,-,-,0,0,0,10,295,302,760,324
TXO,202611,20261118.0,45300.0,Call,-,-,-,-,4550.0,-,-,0,0,0,0,4460,4630,-,-
TXO,202611,20261118.0,45300.0,Put,-,-,-,-,314.0,-,-,5,0,5,51,308,315,1360,205
TXO,202611,20261118.0,45400.0,Call,-,-,-,-,4460.0,-,-,0,0,0,0,4370,4550,-,-
TXO,202611,20261118.0,45400.0,Put,283,307,283,307,324.0,▲+89,▲+40.83%,5,2,7,34,319,327,2790,213
TXO,202611,20261118.0,45500.0,Call,-,-,-,-,4380.0,-,-,0,0,0,1,4280,4520,3880,2320
TXO,202611,20261118.0,45500.0,Put,300,316,300,316,337.0,▲+94,▲+42.34%,6,2,8,47,333,341,2800,222
TXO,202611,20261118.0,45600.0,Call,-,-,-,-,4290.0,-,-,0,0,0,1,4190,4370,2330,2330
TXO,202611,20261118.0,45600.0,Put,-,-,-,-,351.0,-,-,6,0,6,75,347,355,1760,231
TXO,202611,20261118.0,45700.0,Call,-,-,-,-,4210.0,-,-,0,0,0,0,4100,4290,-,-
TXO,202611,20261118.0,45700.0,Put,-,-,-,-,367.0,-,-,11,0,11,31,362,370,1880,281
TXO,202611,20261118.0,45800.0,Call,-,-,-,-,4120.0,-,-,0,0,0,0,4010,4200,-,-
TXO,202611,20261118.0,45800.0,Put,355,355,355,355,383.0,▲+98,▲+38.13%,0,1,1,85,378,386,1960,257
TXO,202611,20261118.0,45900.0,Call,-,-,-,-,4040.0,-,-,0,0,0,0,3930,-,-,-
TXO,202611,20261118.0,45900.0,Put,-,-,-,-,401.0,-,-,8,0,8,31,394,403,1810,306
TXO,202611,20261118.0,46000.0,Call,-,-,-,-,3960.0,-,-,0,0,0,4,3840,4040,4650,2020
TXO,202611,20261118.0,46000.0,Put,340,412,327,412,412.0,▲+133,▲+47.67%,6,40,46,180,411,420,2800,279
TXO,202611,20261118.0,46100.0,Call,-,-,-,-,3880.0,-,-,0,0,0,1,3790,-,3410,2160
TXO,202611,20261118.0,46100.0,Put,394,394,394,394,436.0,▲+103,▲+35.40%,1,1,2,45,429,438,1730,291
TXO,202611,20261118.0,46200.0,Call,-,-,-,-,3790.0,-,-,0,0,0,2,3770,3870,2680,2010
TXO,202611,20261118.0,46200.0,Put,403,404,403,404,454.0,▲+98,▲+32.03%,5,2,7,62,447,456,1790,291
TXO,202611,20261118.0,46300.0,Call,-,-,-,-,3710.0,-,-,0,0,0,1,-,3790,2350,2350
TXO,202611,20261118.0,46300.0,Put,-,-,-,-,474.0,-,-,12,0,12,12,467,476,1970,308
TXO,202611,20261118.0,46400.0,Call,-,-,-,-,3630.0,-,-,0,0,0,1,-,3710,2750,2000
TXO,202611,20261118.0,46400.0,Put,460,460,460,460,494.0,▲+127,▲+38.14%,0,1,1,76,486,495,1780,314
TXO,202611,20261118.0,46500.0,Call,-,-,-,-,3550.0,-,-,0,0,0,2,3430,3630,3700,1840
TXO,202611,20261118.0,46500.0,Put,438,444,429,440,515.0,▲+91,▲+26.07%,6,6,12,25,505,520,2050,345
TXO,202611,20261118.0,46600.0,Call,-,-,-,-,3480.0,-,-,0,0,0,0,-,3550,3460,2230
TXO,202611,20261118.0,46600.0,Put,-,-,-,-,535.0,-,-,0,0,0,11,530,540,1970,355
TXO,202611,20261118.0,46700.0,Call,-,-,-,-,3400.0,-,-,0,0,0,5,3370,3480,3380,1580
TXO,202611,20261118.0,46700.0,Put,505,505,505,505,560.0,▲+124,▲+32.55%,0,4,4,46,550,560,2030,381
TXO,202611,20261118.0,46800.0,Call,-,-,-,-,3320.0,-,-,0,0,0,2,3300,3400,3300,1620
TXO,202611,20261118.0,46800.0,Put,-,-,-,-,580.0,-,-,0,0,0,5,575,585,2520,447
TXO,202611,20261118.0,46900.0,Call,-,-,-,-,3250.0,-,-,0,0,0,6,-,3320,3250,2200
TXO,202611,20261118.0,46900.0,Put,510,565,510,565,605.0,▲+148,▲+35.49%,0,131,131,135,600,610,2300,412
TXO,202611,20261118.0,47000.0,Call,3250,3250,3250,3250,3170.0,▼-350,▼-9.72%,0,1,1,12,2830,3250,3750,1620
TXO,202611,20261118.0,47000.0,Put,520,590,495,590,630.0,▲+151,▲+34.40%,12,21,33,272,620,635,3820,350
TXO,202611,20261118.0,47100.0,Call,-,-,-,-,3100.0,-,-,0,0,0,1,-,3130,2720,2300
TXO,202611,20261118.0,47100.0,Put,-,-,-,-,655.0,-,-,1,0,1,8,645,660,2100,489
TXO,202611,20261118.0,47200.0,Call,-,-,-,-,3030.0,-,-,0,0,0,1,-,3100,2670,1570
TXO,202611,20261118.0,47200.0,Put,585,585,585,585,685.0,▲+106,▲+22.13%,1,1,2,12,670,685,1980,465
TXO,202611,20261118.0,47300.0,Call,-,-,-,-,2950.0,-,-,0,0,0,1,2930,3030,2300,1520
TXO,202611,20261118.0,47300.0,Put,-,-,-,-,710.0,-,-,10,0,10,42,700,715,2190,495
TXO,202611,20261118.0,47400.0,Call,-,-,-,-,2880.0,-,-,0,0,0,1,2730,2960,2530,1470
TXO,202611,20261118.0,47400.0,Put,-,-,-,-,740.0,-,-,0,0,0,12,725,740,2240,505
TXO,202611,20261118.0,47500.0,Call,2990,3010,2900,2900,2810.0,▼-310,▼-9.66%,0,3,3,25,2570,2880,3260,1320
TXO,202611,20261118.0,47500.0,Put,650,710,625,710,770.0,▲+165,▲+30.28%,4,5,9,42,755,770,2730,505
TXO,202611,20261118.0,47600.0,Call,-,-,-,-,2740.0,-,-,0,0,0,3,-,2810,2070,1380
TXO,202611,20261118.0,47600.0,Put,675,690,675,690,800.0,▲+120,▲+21.05%,0,2,2,11,785,800,915,560
TXO,202611,20261118.0,47700.0,Call,-,-,-,-,2670.0,-,-,1,0,1,6,2660,2690,2610,1180
TXO,202611,20261118.0,47700.0,Put,-,-,-,-,830.0,-,-,8,0,8,19,820,835,2400,595
TXO,202611,20261118.0,47800.0,Call,-,-,-,-,2600.0,-,-,0,0,0,7,2590,2620,2350,1110
TXO,202611,20261118.0,47800.0,Put,-,-,-,-,860.0,-,-,0,0,0,12,850,865,2640,790
TXO,202611,20261118.0,47900.0,Call,-,-,-,-,2540.0,-,-,0,0,0,16,2520,2550,2520,1070
TXO,202611,20261118.0,47900.0,Put,800,855,800,855,895.0,▲+200,▲+30.53%,5,11,16,17,885,900,2500,630
TXO,202611,20261118.0,48000.0,Call,2620,2620,2620,2620,2470.0,▼-230,▼-8.07%,0,1,1,50,2460,2480,2900,1030
TXO,202611,20261118.0,48000.0,Put,800,840,780,820,930.0,▲+140,▲+20.59%,11,42,53,85,920,935,4280,645
TXO,202611,20261118.0,48100.0,Call,-,-,-,-,2410.0,-,-,0,0,0,8,2390,2420,2390,1610
TXO,202611,20261118.0,48100.0,Put,-,-,-,-,965.0,-,-,0,0,0,11,950,965,2610,660
TXO,202611,20261118.0,48200.0,Call,-,-,-,-,2340.0,-,-,0,0,0,23,2290,2380,2840,920
TXO,202611,20261118.0,48200.0,Put,-,-,-,-,995.0,-,-,0,0,0,28,990,1010,1660,735
TXO,202611,20261118.0,48300.0,Call,-,-,-,-,2280.0,-,-,0,0,0,11,2270,2300,2260,925
TXO,202611,20261118.0,48300.0,Put,-,-,-,-,1030.0,-,-,1,0,1,9,1020,1040,945,770
TXO,202611,20261118.0,48400.0,Call,-,-,-,-,2210.0,-,-,1,0,1,5,2200,2230,2660,1480
TXO,202611,20261118.0,48400.0,Put,-,-,-,-,1070.0,-,-,0,0,0,11,1060,1080,1620,800
TXO,202611,20261118.0,48500.0,Call,-,-,-,-,2150.0,-,-,0,0,0,12,2140,2170,2470,1130
TXO,202611,20261118.0,48500.0,Put,985,1050,965,1050,1110.0,▲+210,▲+25.00%,2,61,63,71,1100,1120,3210,835
TXO,202611,20261118.0,48600.0,Call,2160,2250,2130,2130,2100.0,▼-310,▼-12.70%,0,4,4,38,2080,2110,2610,920
TXO,202611,20261118.0,48600.0,Put,1040,1040,1040,1040,1150.0,▲+165,▲+18.86%,2,2,4,11,1140,1160,2750,865
TXO,202611,20261118.0,48700.0,Call,2160,2160,2160,2160,2040.0,▼-190,▼-8.09%,0,2,2,4,1980,2070,2390,1370
TXO,202611,20261118.0,48700.0,Put,1090,1090,1030,1080,1190.0,▲+170,▲+18.68%,1,3,4,13,1180,1200,1770,905
TXO,202611,20261118.0,48800.0,Call,-,-,-,-,1980.0,-,-,1,0,1,6,1970,2000,2340,990
TXO,202611,20261118.0,48800.0,Put,-,-,-,-,1230.0,-,-,5,0,5,15,1220,1240,1720,925
TXO,202611,20261118.0,48900.0,Call,-,-,-,-,1920.0,-,-,0,0,0,8,1910,1940,1810,1280
TXO,202611,20261118.0,48900.0,Put,-,-,-,-,1270.0,-,-,25,0,25,25,1260,1280,1310,940
TXO,202611,20261118.0,49000.0,Call,1920,2010,1910,2010,1870.0,▼-150,▼-6.94%,2,11,13,70,1850,1870,2220,720
TXO,202611,20261118.0,49000.0,Put,1160,1290,1160,1290,1320.0,▲+280,▲+27.72%,6,24,30,154,1300,1320,4900,970
TXO,202611,20261118.0,49100.0,Call,1950,1950,1950,1950,1810.0,▼-170,▼-8.02%,0,2,2,11,1800,1820,2250,810
TXO,202611,20261118.0,49100.0,Put,-,-,-,-,1360.0,-,-,0,0,0,15,1350,1370,1570,1020
TXO,202611,20261118.0,49200.0,Call,1800,1800,1760,1760,1760.0,▼-300,▼-14.56%,0,2,2,10,1740,1770,2180,795
TXO,202611,20261118.0,49200.0,Put,1260,1320,1260,1320,1410.0,▲+230,▲+21.10%,5,3,8,14,1400,1420,1450,1090
TXO,202611,20261118.0,49300.0,Call,-,-,-,-,1700.0,-,-,3,0,3,6,1690,1720,2100,790
TXO,202611,20261118.0,49300.0,Put,1320,1320,1320,1320,1460.0,▲+180,▲+15.79%,0,1,1,8,1440,1460,2550,1080
TXO,202611,20261118.0,49400.0,Call,1780,1800,1780,1780,1650.0,▼-170,▼-8.72%,0,15,15,60,1640,1660,2000,865
TXO,202611,20261118.0,49400.0,Put,-,-,-,-,1500.0,-,-,5,0,5,13,1490,1510,1330,1170
TXO,202611,20261118.0,49500.0,Call,1660,1660,1660,1660,1600.0,▼-230,▼-12.17%,16,1,17,36,1590,1610,1970,705
TXO,202611,20261118.0,49500.0,Put,1440,1440,1440,1440,1550.0,▲+220,▲+18.03%,5,1,6,14,1540,1560,1590,1200
TXO,202611,20261118.0,49600.0,Call,-,-,-,-,1550.0,-,-,0,0,0,31,1540,1560,1220,705
TXO,202611,20261118.0,49600.0,Put,1520,1550,1520,1550,1600.0,▲+320,▲+26.02%,0,2,2,9,1590,1610,1620,1260
TXO,202611,20261118.0,49700.0,Call,-,-,-,-,1500.0,-,-,1,0,1,27,1490,1510,1900,1070
TXO,202611,20261118.0,49700.0,Put,-,-,-,-,1650.0,-,-,6,0,6,14,1640,1660,1520,1310
TXO,202611,20261118.0,49800.0,Call,1470,1540,1470,1540,1450.0,▼-180,▼-10.47%,3,4,7,8,1440,1470,1820,590
TXO,202611,20261118.0,49800.0,Put,-,-,-,-,1710.0,-,-,6,0,6,82,1690,1710,1560,1330
TXO,202611,20261118.0,49900.0,Call,1430,1460,1430,1460,1410.0,▼-210,▼-12.57%,1,2,3,87,1400,1420,1850,815
TXO,202611,20261118.0,49900.0,Put,-,-,-,-,1760.0,-,-,6,0,6,70,1740,1770,1590,1380
TXO,202611,20261118.0,50000.0,Call,1400,1470,1350,1470,1360.0,▼-150,▼-9.26%,233,35,268,189,1310,1390,1820,468
TXO,202611,20261118.0,50000.0,Put,1630,1690,1600,1690,1810.0,▲+250,▲+17.36%,8,5,13,88,1800,1820,5850,1360
TXO,202611,20261118.0,50100.0,Call,-,-,-,-,1320.0,-,-,1,0,1,11,1310,1330,1690,496
TXO,202611,20261118.0,50100.0,Put,-,-,-,-,1870.0,-,-,0,0,0,23,1850,1880,1540,1490
TXO,202611,20261118.0,50200.0,Call,-,-,-,-,1280.0,-,-,1,0,1,22,1260,1280,1610,600
TXO,202611,20261118.0,50200.0,Put,1800,1800,1710,1770,1930.0,▲+230,▲+14.94%,0,5,5,24,1890,1980,1800,1530
TXO,202611,20261118.0,50300.0,Call,-,-,-,-,1230.0,-,-,2,0,2,27,1220,1240,1580,474
TXO,202611,20261118.0,50300.0,Put,-,-,-,-,1990.0,-,-,0,0,0,8,1960,1990,1610,1600
TXO,202611,20261118.0,50400.0,Call,1250,1280,1210,1240,1190.0,▼-180,▼-12.68%,3,8,11,20,1180,1200,1550,515
TXO,202611,20261118.0,50400.0,Put,-,-,-,-,2050.0,-,-,0,0,0,0,2020,2050,-,-
TXO,202611,20261118.0,50500.0,Call,1210,1240,1210,1240,1150.0,▼-140,▼-10.14%,1,2,3,28,1080,1160,1480,411
TXO,202611,20261118.0,50500.0,Put,1920,1920,1920,1920,2100.0,▲+210,▲+12.28%,0,1,1,7,2080,2110,2510,1780
TXO,202611,20261118.0,50600.0,Call,1160,1160,1160,1160,1110.0,▼-180,▼-13.43%,6,1,7,25,1100,1120,1420,500
TXO,202611,20261118.0,50600.0,Put,-,-,-,-,2170.0,-,-,0,0,0,0,2140,2170,-,-
TXO,202611,20261118.0,50700.0,Call,1130,1130,1120,1120,1080.0,▼-170,▼-13.18%,0,2,2,7,1060,1080,1330,625
TXO,202611,20261118.0,50700.0,Put,-,-,-,-,2230.0,-,-,0,0,0,0,2200,2230,-,-
TXO,202611,20261118.0,50800.0,Call,1060,1100,1020,1080,1040.0,▼-190,▼-14.96%,5,14,19,37,1020,1040,1310,397
TXO,202611,20261118.0,50800.0,Put,-,-,-,-,2290.0,-,-,0,0,0,0,2260,2290,-,-
TXO,202611,20261118.0,50900.0,Call,-,-,-,-,1000.0,-,-,6,0,6,22,990,1010,1260,305
TXO,202611,20261118.0,50900.0,Put,-,-,-,-,2350.0,-,-,0,0,0,0,2330,2360,-,-
TXO,202611,20261118.0,51000.0,Call,970,1040,960,990,990.0,▼-160,▼-13.91%,20,5,25,78,955,970,1260,296
TXO,202611,20261118.0,51000.0,Put,-,-,-,-,2420.0,-,-,0,0,0,0,2390,2420,-,-
TXO,202611,20261118.0,51100.0,Call,-,-,-,-,935.0,-,-,0,0,0,18,920,935,1140,344
TXO,202611,20261118.0,51100.0,Put,-,-,-,-,2480.0,-,-,0,0,0,0,2460,2490,-,-
TXO,202611,20261118.0,51200.0,Call,-,-,-,-,900.0,-,-,0,0,0,16,885,900,1120,610
TXO,202611,20261118.0,51200.0,Put,-,-,-,-,2550.0,-,-,0,0,0,0,2520,2550,-,-
TXO,202611,20261118.0,51300.0,Call,885,885,885,885,885.0,▼-155,▼-14.90%,6,1,7,20,855,870,1070,590
TXO,202611,20261118.0,51300.0,Put,-,-,-,-,2620.0,-,-,0,0,0,0,2590,2620,-,-
TXO,202611,20261118.0,51400.0,Call,-,-,-,-,840.0,-,-,0,0,0,16,825,840,1030,312
TXO,202611,20261118.0,51400.0,Put,-,-,-,-,2690.0,-,-,0,0,0,0,2660,2690,-,-
TXO,202611,20261118.0,51500.0,Call,840,870,810,810,810.0,▼-170,▼-17.35%,3,3,6,58,795,810,1100,240
TXO,202611,20261118.0,51500.0,Put,-,-,-,-,2760.0,-,-,0,0,0,0,2730,2760,-,-
TXO,202611,20261118.0,51600.0,Call,830,830,820,820,780.0,▼-115,▼-12.30%,7,12,19,66,765,780,1020,316
TXO,202611,20261118.0,51600.0,Put,-,-,-,-,2830.0,-,-,0,0,0,0,2800,2830,-,-
TXO,202611,20261118.0,51700.0,Call,770,800,740,800,750.0,▼-110,▼-12.09%,0,6,6,46,735,750,960,276
TXO,202611,20261118.0,51700.0,Put,-,-,-,-,2900.0,-,-,0,0,0,0,2860,2910,-,-
TXO,202611,20261118.0,51800.0,Call,720,720,720,720,720.0,▼-160,▼-18.18%,6,1,7,29,705,720,960,247
TXO,202611,20261118.0,51800.0,Put,-,-,-,-,2970.0,-,-,0,0,0,0,2940,2980,-,-
TXO,202611,20261118.0,51900.0,Call,-,-,-,-,695.0,-,-,7,0,7,30,680,695,885,259
TXO,202611,20261118.0,51900.0,Put,-,-,-,-,3040.0,-,-,0,0,0,0,-,-,-,-
TXO,202611,20261118.0,52000.0,Call,680,730,680,710,665.0,▼-100,▼-12.35%,16,7,23,79,650,665,900,200
TXO,202611,20261118.0,52000.0,Put,-,-,-,-,3120.0,-,-,1,0,1,4,3040,-,3000,2590
TXO,202611,20261118.0,52100.0,Call,645,680,640,640,640.0,▼-160,▼-20.00%,9,5,14,33,630,645,810,213
TXO,202611,20261118.0,52100.0,Put,-,-,-,-,3190.0,-,-,0,0,0,0,3150,3210,-,-
TXO,202611,20261118.0,52200.0,Call,610,665,610,665,615.0,▼-100,▼-13.07%,0,3,3,40,605,615,810,211
TXO,202611,20261118.0,52200.0,Put,-,-,-,-,3260.0,-,-,0,0,0,0,3190,3280,-,-
TXO,202611,20261118.0,52300.0,Call,-,-,-,-,590.0,-,-,7,0,7,192,580,590,760,200
TXO,202611,20261118.0,52300.0,Put,-,-,-,-,3340.0,-,-,0,0,0,0,3300,-,-,-
TXO,202611,20261118.0,52400.0,Call,-,-,-,-,565.0,-,-,8,0,8,21,555,570,730,183
TXO,202611,20261118.0,52400.0,Put,-,-,-,-,3410.0,-,-,0,0,0,0,3340,-,-,-
TXO,202611,20261118.0,52500.0,Call,-,-,-,-,545.0,-,-,23,0,23,24,535,545,760,154
TXO,202611,20261118.0,52500.0,Put,-,-,-,-,3490.0,-,-,0,0,0,0,-,3510,-,-
TXO,202611,20261118.0,52600.0,Call,565,565,565,565,520.0,▼-100,▼-15.04%,8,1,9,25,515,530,690,207
TXO,202611,20261118.0,52600.0,Put,-,-,-,-,3570.0,-,-,0,0,0,0,-,-,-,-
TXO,202611,20261118.0,52700.0,Call,-,-,-,-,500.0,-,-,15,0,15,24,495,505,650,172
TXO,202611,20261118.0,52700.0,Put,-,-,-,-,3650.0,-,-,0,0,0,0,-,-,-,-
TXO,202611,20261118.0,52800.0,Call,-,-,-,-,480.0,-,-,0,0,0,14,472,482,650,190
TXO,202611,20261118.0,52800.0,Put,-,-,-,-,3730.0,-,-,0,0,0,0,-,-,-,-
TXO,202611,20261118.0,52900.0,Call,-,-,-,-,460.0,-,-,0,0,0,13,452,462,590,200
TXO,202611,20261118.0,52900.0,Put,-,-,-,-,3810.0,-,-,0,0,0,0,-,-,-,-
TXO,202611,20261118.0,53000.0,Call,449,472,449,452,452.0,▼-103,▼-18.56%,32,12,44,146,434,443,605,134
TXO,202611,20261118.0,53000.0,Put,-,-,-,-,3890.0,-,-,0,0,0,0,-,-,-,-
TXO,202611,20261118.0,53100.0,Call,408,408,408,408,408.0,▼-137,▼-25.14%,0,1,1,10,416,426,545,162
TXO,202611,20261118.0,53100.0,Put,-,-,-,-,3970.0,-,-,0,0,0,0,-,3990,-,-
TXO,202611,20261118.0,53200.0,Call,-,-,-,-,404.0,-,-,1,0,1,10,398,407,520,206
TXO,202611,20261118.0,53200.0,Put,-,-,-,-,4050.0,-,-,0,0,0,0,-,-,-,-
TXO,202611,20261118.0,53300.0,Call,-,-,-,-,388.0,-,-,5,0,5,15,381,390,510,120
TXO,202611,20261118.0,53300.0,Put,-,-,-,-,4130.0,-,-,0,0,0,0,4100,-,-,-
TXO,202611,20261118.0,53400.0,Call,-,-,-,-,371.0,-,-,0,0,0,33,365,374,515,120
TXO,202611,20261118.0,53400.0,Put,-,-,-,-,4220.0,-,-,0,0,0,0,-,4240,-,-
TXO,202611,20261118.0,53500.0,Call,385,385,385,385,355.0,▼-62,▼-13.87%,14,7,21,61,349,358,495,97
TXO,202611,20261118.0,53500.0,Put,-,-,-,-,4300.0,-,-,0,0,0,0,-,-,-,-
TXO,202611,20261118.0,53600.0,Call,-,-,-,-,341.0,-,-,0,0,0,13,335,344,455,91
TXO,202611,20261118.0,53600.0,Put,-,-,-,-,4390.0,-,-,0,0,0,0,0.1,-,-,-
TXO,202611,20261118.0,53700.0,Call,-,-,-,-,326.0,-,-,1,0,1,12,320,329,439,87
TXO,202611,20261118.0,53700.0,Put,-,-,-,-,4470.0,-,-,0,0,0,0,-,-,-,-
TXO,202611,20261118.0,53800.0,Call,-,-,-,-,312.0,-,-,5,0,5,16,306,314,405,100
TXO,202611,20261118.0,53800.0,Put,-,-,-,-,4560.0,-,-,0,0,0,0,-,4580,-,-
TXO,202611,20261118.0,53900.0,Call,299,299,299,299,299.0,▼-73,▼-19.62%,0,1,1,11,292,300,386,150
TXO,202611,20261118.0,53900.0,Put,-,-,-,-,4640.0,-,-,0,0,0,0,4610,-,-,-
TXO,202611,20261118.0,54000.0,Call,288,305,288,303,286.0,▼-60,▼-16.53%,4,7,11,112,275,292,400,88
TXO,202611,20261118.0,54000.0,Put,-,-,-,-,4730.0,-,-,0,0,0,0,4700,4750,-,-
TXO,202611,20261118.0,54100.0,Call,-,-,-,-,273.0,-,-,5,0,5,5,269,277,277,78
TXO,202611,20261118.0,54100.0,Put,-,-,-,-,4820.0,-,-,0,0,0,0,-,4840,-,-
TXO,202611,20261118.0,54200.0,Call,-,-,-,-,261.0,-,-,0,0,0,10,257,264,340,70
TXO,202611,20261118.0,54200.0,Put,-,-,-,-,4900.0,-,-,0,0,0,0,4830,-,-,-
TXO,202611,20261118.0,54300.0,Call,-,-,-,-,249.0,-,-,5,0,5,10,245,253,253,182
TXO,202611,20261118.0,54300.0,Put,-,-,-,-,4990.0,-,-,0,0,0,0,-,-,-,-
TXO,202611,20261118.0,54400.0,Call,-,-,-,-,238.0,-,-,10,0,10,10,234,242,249,242
TXO,202611,20261118.0,54400.0,Put,-,-,-,-,5080.0,-,-,0,0,0,0,-,-,-,-
TXO,202611,20261118.0,54500.0,Call,-,-,-,-,227.0,-,-,5,0,5,42,224,231,318,61
TXO,202611,20261118.0,54500.0,Put,-,-,-,-,5170.0,-,-,0,0,0,0,-,-,-,-
TXO,202611,20261118.0,54600.0,Call,236,236,236,236,217.0,▼-38,▼-13.87%,0,1,1,6,213,220,297,126
TXO,202611,20261118.0,54600.0,Put,-,-,-,-,5260.0,-,-,0,0,0,0,-,-,-,-
TXO,202611,20261118.0,54700.0,Call,-,-,-,-,207.0,-,-,0,0,0,6,204,211,264,246
TXO,202611,20261118.0,54700.0,Put,-,-,-,-,5350.0,-,-,0,0,0,0,-,-,-,-
TXO,202611,20261118.0,54800.0,Call,212,212,212,212,198.0,▼-41,▼-16.21%,0,1,1,6,194,200,286,102
TXO,202611,20261118.0,54800.0,Put,-,-,-,-,5440.0,-,-,0,0,0,0,-,-,-,-
TXO,202611,20261118.0,54900.0,Call,-,-,-,-,189.0,-,-,0,0,0,13,185,191,260,101
TXO,202611,20261118.0,54900.0,Put,-,-,-,-,5530.0,-,-,0,0,0,0,5450,-,-,-
TXO,202611,20261118.0,55000.0,Call,190,201,180,188,188.0,▼-42,▼-18.26%,6,79,85,58,177,183,260,87
TXO,202611,20261118.0,55000.0,Put,-,-,-,-,5620.0,-,-,0,0,0,0,-,5650,-,-
TXO,202611,20261118.0,55100.0,Call,-,-,-,-,172.0,-,-,0,0,0,2,168,174,228,112
TXO,202611,20261118.0,55100.0,Put,-,-,-,-,5710.0,-,-,0,0,0,0,-,-,-,-
TXO,202611,20261118.0,55200.0,Call,-,-,-,-,164.0,-,-,0,0,0,6,161,167,250,111
TXO,202611,20261118.0,55200.0,Put,-,-,-,-,5810.0,-,-,0,0,0,0,-,-,-,-
TXO,202611,20261118.0,55300.0,Call,-,-,-,-,156.0,-,-,0,0,0,1,153,159,216,99
TXO,202611,20261118.0,55300.0,Put,-,-,-,-,5900.0,-,-,0,0,0,0,-,-,-,-
TXO,202611,20261118.0,55400.0,Call,162,162,162,162,149.0,▼-25,▼-13.37%,4,2,6,32,146,151,228,77
TXO,202611,20261118.0,55400.0,Put,-,-,-,-,5990.0,-,-,0,0,0,0,5910,6020,-,-
TXO,202611,20261118.0,55500.0,Call,138,155,138,155,142.0,▼-27,▼-14.84%,1,6,7,10,138,144,198,104
TXO,202611,20261118.0,55500.0,Put,-,-,-,-,6080.0,-,-,0,0,0,0,-,-,-,-
TXO,202611,20261118.0,55600.0,Call,-,-,-,-,135.0,-,-,0,0,0,14,133,139,198,100
TXO,202611,20261118.0,55600.0,Put,-,-,-,-,6180.0,-,-,0,0,0,0,-,-,-,-
TXO,202611,20261118.0,55700.0,Call,148,148,148,148,129.0,▼-25,▼-14.45%,0,3,3,11,126,132,211,87
TXO,202611,20261118.0,55700.0,Put,-,-,-,-,6270.0,-,-,0,0,0,0,-,6300,-,-
TXO,202611,20261118.0,55800.0,Call,124,142,124,142,123.0,▼-16,▼-10.13%,3,4,7,14,119,124,179,124
TXO,202611,20261118.0,55800.0,Put,-,-,-,-,6360.0,-,-,0,0,0,0,6330,-,-,-
TXO,202611,20261118.0,55900.0,Call,-,-,-,-,117.0,-,-,0,0,0,0,114,119,-,-
TXO,202611,20261118.0,55900.0,Put,-,-,-,-,6460.0,-,-,0,0,0,0,-,6490,-,-
TXO,202611,20261118.0,56000.0,Call,-,-,-,-,111.0,-,-,1,0,1,4,109,115,175,116
TXO,202611,20261118.0,56000.0,Put,-,-,-,-,6550.0,-,-,0,0,0,0,-,-,-,-
TXO,202611,20261118.0,56100.0,Call,-,-,-,-,106.0,-,-,0,0,0,0,103,108,-,-
TXO,202611,20261118.0,56100.0,Put,-,-,-,-,6650.0,-,-,0,0,0,0,-,6680,-,-
TXO,202611,20261118.0,56200.0,Call,-,-,-,-,101.0,-,-,0,0,0,0,98,103,149,130
TXO,202611,20261118.0,56200.0,Put,-,-,-,-,6740.0,-,-,0,0,0,0,-,-,-,-
TXO,202611,20261118.0,56300.0,Call,-,-,-,-,96.0,-,-,0,0,0,0,93,98,-,-
TXO,202611,20261118.0,56300.0,Put,-,-,-,-,6840.0,-,-,0,0,0,0,6750,6870,-,-
TXO,202611,20261118.0,56400.0,Call,-,-,-,-,91.0,-,-,0,0,0,0,90,95,128,107
TXO,202611,20261118.0,56400.0,Put,-,-,-,-,6930.0,-,-,0,0,0,0,-,-,-,-
TXO,202611,20261118.0,56500.0,Call,-,-,-,-,87.0,-,-,0,0,0,0,86,91,-,-
TXO,202611,20261118.0,56500.0,Put,-,-,-,-,7030.0,-,-,0,0,0,0,6940,-,-,-
TXO,202611,20261118.0,56600.0,Call,-,-,-,-,84.0,-,-,0,0,0,1,81,86,126,126
TXO,202611,20261118.0,56600.0,Put,-,-,-,-,7120.0,-,-,0,0,0,0,-,-,-,-
TXO,202611,20261118.0,56700.0,Call,89,89,79,79,79.0,▼-24,▼-23.30%,1,8,9,1,77,81,93,79
TXO,202611,20261118.0,56700.0,Put,-,-,-,-,7220.0,-,-,0,0,0,0,7130,-,-,-
TXO,202611,20261118.0,56800.0,Call,-,-,-,-,77.0,-,-,0,0,0,2,73,78,102,102
TXO,202611,20261118.0,56800.0,Put,-,-,-,-,7320.0,-,-,0,0,0,0,7280,7350,-,-
TXO,202611,20261118.0,56900.0,Call,-,-,-,-,73.0,-,-,0,0,0,1,70,75,99,99
TXO,202611,20261118.0,56900.0,Put,-,-,-,-,7410.0,-,-,0,0,0,0,-,-,-,-
TXO,202611,20261118.0,57000.0,Call,66,78,66,72,72.0,▼-15,▼-17.24%,0,7,7,15,66,71,109,66
TXO,202611,20261118.0,57000.0,Put,-,-,-,-,7510.0,-,-,0,0,0,0,-,-,-,-
TXO,202611,20261118.0,57100.0,Call,68,68,68,68,68.0,▼-17,▼-20.00%,0,1,1,25,63,68,97,68
TXO,202611,20261118.0,57100.0,Put,-,-,-,-,7600.0,-,-,0,0,0,0,-,-,-,-
TXO,202611,20261118.0,57200.0,Call,65,65,65,65,65.0,▼-15,▼-18.75%,0,2,2,49,60,65,100,65
TXO,202611,20261118.0,57200.0,Put,-,-,-,-,7700.0,-,-,0,0,0,0,7610,-,-,-
TXO,202611,20261118.0,57300.0,Call,68,68,60,62,62.0,▼-15,▼-19.48%,1,3,4,7,57,62,81,60
TXO,202611,20261118.0,57300.0,Put,-,-,-,-,7800.0,-,-,0,0,0,0,7760,-,-,-
TXO,202612,20261216.0,25200.0,Call,-,-,-,-,24460.0,-,-,0,0,0,0,-,24770,25050,13580
TXO,202612,20261216.0,25200.0,Put,26,26,22,22,22.0,▲+0.5,▲+2.33%,0,12,12,244,24,29.5,985,17
TXO,202612,20261216.0,25400.0,Call,-,-,-,-,24270.0,-,-,0,0,0,0,-,24570,-,-
TXO,202612,20261216.0,25400.0,Put,-,-,-,-,26.5,-,-,0,0,0,7,23,30,610,23
TXO,202612,20261216.0,25600.0,Call,-,-,-,-,24070.0,-,-,0,0,0,0,-,24330,-,-
TXO,202612,20261216.0,25600.0,Put,-,-,-,-,27.0,-,-,0,0,0,15,23.5,30.5,750,24
TXO,202612,20261216.0,25800.0,Call,-,-,-,-,23870.0,-,-,0,0,0,0,-,24160,-,-
TXO,202612,20261216.0,25800.0,Put,-,-,-,-,28.0,-,-,0,0,0,10,24.5,31.5,505,45
TXO,202612,20261216.0,26000.0,Call,-,-,-,-,23670.0,-,-,0,0,0,1,-,23960,17230,7550
TXO,202612,20261216.0,26000.0,Put,-,-,-,-,28.5,-,-,0,0,0,53,25,32,1390,21
TXO,202612,20261216.0,26200.0,Call,-,-,-,-,23470.0,-,-,0,0,0,0,-,23790,-,-
TXO,202612,20261216.0,26200.0,Put,-,-,-,-,29.0,-,-,0,0,0,7,25.5,32.5,1430,49
TXO,202612,20261216.0,26400.0,Call,-,-,-,-,23270.0,-,-,0,0,0,0,-,23590,-,-
TXO,202612,20261216.0,26400.0,Put,-,-,-,-,30.0,-,-,0,0,0,13,26.5,33.5,1250,68
TXO,202612,20261216.0,26600.0,Call,-,-,-,-,23070.0,-,-,0,0,0,0,-,23390,-,-
TXO,202612,20261216.0,26600.0,Put,-,-,-,-,30.5,-,-,0,0,0,1,27,34,765,64
TXO,202612,20261216.0,26800.0,Call,-,-,-,-,22880.0,-,-,0,0,0,118,-,22970,23380,19280
TXO,202612,20261216.0,26800.0,Put,-,-,-,-,31.5,-,-,0,0,0,43,28,35,1500,28
TXO,202612,20261216.0,27000.0,Call,-,-,-,-,22680.0,-,-,0,0,0,1,22640,22990,18990,7500
TXO,202612,20261216.0,27000.0,Put,-,-,-,-,32.0,-,-,0,0,0,7,28.5,35.5,1590,51
TXO,202612,20261216.0,27200.0,Call,-,-,-,-,22480.0,-,-,0,0,0,0,-,-,-,-
TXO,202612,20261216.0,27200.0,Put,-,-,-,-,33.0,-,-,0,0,0,1,29.5,36.5,710,215
TXO,202612,20261216.0,27400.0,Call,-,-,-,-,22280.0,-,-,0,0,0,0,-,22590,-,-
TXO,202612,20261216.0,27400.0,Put,-,-,-,-,34.0,-,-,0,0,0,10,30.5,37.5,1580,21
TXO,202612,20261216.0,27600.0,Call,-,-,-,-,22080.0,-,-,0,0,0,0,-,22390,-,-
TXO,202612,20261216.0,27600.0,Put,-,-,-,-,34.5,-,-,0,0,0,2,31,38,1300,44.5
TXO,202612,20261216.0,27800.0,Call,-,-,-,-,21880.0,-,-,0,0,0,0,-,22190,-,-
TXO,202612,20261216.0,27800.0,Put,-,-,-,-,35.5,-,-,0,0,0,10,32,39,1550,25.5
TXO,202612,20261216.0,28000.0,Call,-,-,-,-,21680.0,-,-,0,0,0,0,-,21990,-,-
TXO,202612,20261216.0,28000.0,Put,-,-,-,-,36.5,-,-,0,0,0,44,33,40,1680,28
TXO,202612,20261216.0,28200.0,Call,-,-,-,-,21490.0,-,-,0,0,0,0,-,21790,-,-
TXO,202612,20261216.0,28200.0,Put,-,-,-,-,37.5,-,-,0,0,0,7,34,41,1820,28
TXO,202612,20261216.0,28400.0,Call,-,-,-,-,21290.0,-,-,0,0,0,0,-,21590,-,-
TXO,202612,20261216.0,28400.0,Put,-,-,-,-,38.5,-,-,0,0,0,3,35,42,1400,38
TXO,202612,20261216.0,28600.0,Call,-,-,-,-,21090.0,-,-,0,0,0,0,-,21390,-,-
TXO,202612,20261216.0,28600.0,Put,-,-,-,-,39.0,-,-,0,0,0,7,35.5,42.5,1500,51
TXO,202612,20261216.0,28800.0,Call,-,-,-,-,20890.0,-,-,0,0,0,0,-,21190,-,-
TXO,202612,20261216.0,28800.0,Put,-,-,-,-,40.0,-,-,0,0,0,6,36.5,43.5,1550,60
TXO,202612,20261216.0,29000.0,Call,-,-,-,-,20690.0,-,-,0,0,0,0,20610,20990,-,-
TXO,202612,20261216.0,29000.0,Put,-,-,-,-,41.0,-,-,0,0,0,3,37.5,44.5,1860,50
TXO,202612,20261216.0,29200.0,Call,-,-,-,-,20490.0,-,-,0,0,0,0,-,20790,-,-
TXO,202612,20261216.0,29200.0,Put,-,-,-,-,42.0,-,-,0,0,0,3,38.5,45.5,1860,260
TXO,202612,20261216.0,29400.0,Call,-,-,-,-,20300.0,-,-,0,0,0,0,-,20590,-,-
TXO,202612,20261216.0,29400.0,Put,-,-,-,-,43.0,-,-,0,0,0,5,39.5,46.5,1700,62
TXO,202612,20261216.0,29600.0,Call,-,-,-,-,20100.0,-,-,0,0,0,0,-,20390,-,-
TXO,202612,20261216.0,29600.0,Put,-,-,-,-,44.0,-,-,0,0,0,1,40.5,47.5,1650,241
TXO,202612,20261216.0,29800.0,Call,-,-,-,-,19900.0,-,-,0,0,0,0,-,20190,11600,5120
TXO,202612,20261216.0,29800.0,Put,-,-,-,-,45.5,-,-,0,0,0,6,42,49,1700,45.5
TXO,202612,20261216.0,30000.0,Call,-,-,-,-,19700.0,-,-,0,0,0,0,-,19990,11910,4660
TXO,202612,20261216.0,30000.0,Put,-,-,-,-,46.5,-,-,0,0,0,93,43,50,1880,37
TXO,202612,20261216.0,30200.0,Call,-,-,-,-,19500.0,-,-,0,0,0,0,-,19790,14870,4700
TXO,202612,20261216.0,30200.0,Put,-,-,-,-,47.5,-,-,0,0,0,2,44,51,715,79
TXO,202612,20261216.0,30400.0,Call,-,-,-,-,19310.0,-,-,0,0,0,0,-,19560,-,-
TXO,202612,20261216.0,30400.0,Put,-,-,-,-,48.5,-,-,0,0,0,3,45,52,510,70
TXO,202612,20261216.0,30600.0,Call,-,-,-,-,19110.0,-,-,0,0,0,0,-,19360,-,-
TXO,202612,20261216.0,30600.0,Put,-,-,-,-,49.5,-,-,0,0,0,2,46,53,2010,67
TXO,202612,20261216.0,30800.0,Call,-,-,-,-,18910.0,-,-,0,0,0,1,-,19040,15660,15660
TXO,202612,20261216.0,30800.0,Put,-,-,-,-,51.0,-,-,0,0,0,10,47,54,2700,45
TXO,202612,20261216.0,31000.0,Call,-,-,-,-,18710.0,-,-,0,0,0,0,-,18970,-,-
TXO,202612,20261216.0,31000.0,Put,-,-,-,-,52.0,-,-,0,0,0,15,48,55,1220,41
TXO,202612,20261216.0,31200.0,Call,-,-,-,-,18510.0,-,-,0,0,0,0,-,18760,4700,3750
TXO,202612,20261216.0,31200.0,Put,-,-,-,-,54.0,-,-,0,0,0,4,50,58,730,180
TXO,202612,20261216.0,31400.0,Call,-,-,-,-,18310.0,-,-,0,0,0,0,-,18540,-,-
TXO,202612,20261216.0,31400.0,Put,-,-,-,-,54.0,-,-,0,0,0,3,50,58,198,84
TXO,202612,20261216.0,31600.0,Call,-,-,-,-,18120.0,-,-,0,0,0,0,-,18360,7950,5480
TXO,202612,20261216.0,31600.0,Put,-,-,-,-,55.0,-,-,0,0,0,2,51,59,1870,86
TXO,202612,20261216.0,31800.0,Call,-,-,-,-,17920.0,-,-,0,0,0,0,-,18160,10560,5580
TXO,202612,20261216.0,31800.0,Put,-,-,-,-,56.0,-,-,0,0,0,1,52,60,200,150
TXO,202612,20261216.0,32000.0,Call,-,-,-,-,17720.0,-,-,0,0,0,0,-,17970,9600,3560
TXO,202612,20261216.0,32000.0,Put,-,-,-,-,57.0,-,-,0,0,0,14,53,61,3270,70
TXO,202612,20261216.0,32200.0,Call,-,-,-,-,17520.0,-,-,0,0,0,0,-,17770,-,-
TXO,202612,20261216.0,32200.0,Put,-,-,-,-,58.0,-,-,0,0,0,2,54,62,3130,82
TXO,202612,20261216.0,32400.0,Call,-,-,-,-,17320.0,-,-,0,0,0,0,-,17530,11650,3460
TXO,202612,20261216.0,32400.0,Put,-,-,-,-,59.0,-,-,0,0,0,3,55,63,3250,77
TXO,202612,20261216.0,32600.0,Call,-,-,-,-,17120.0,-,-,0,0,0,0,17050,17340,-,-
TXO,202612,20261216.0,32600.0,Put,-,-,-,-,60.0,-,-,0,0,0,12,56,64,1160,50
TXO,202612,20261216.0,32800.0,Call,-,-,-,-,16930.0,-,-,0,0,0,0,-,17130,-,-
TXO,202612,20261216.0,32800.0,Put,-,-,-,-,62.0,-,-,0,0,0,8,58,66,1920,57
TXO,202612,20261216.0,33000.0,Call,-,-,-,-,16730.0,-,-,0,0,0,0,-,16970,13520,3000
TXO,202612,20261216.0,33000.0,Put,-,-,-,-,63.0,-,-,0,0,0,21,59,67,3280,45
TXO,202612,20261216.0,33200.0,Call,-,-,-,-,16530.0,-,-,0,0,0,0,-,16760,4180,3280
TXO,202612,20261216.0,33200.0,Put,-,-,-,-,64.0,-,-,0,0,0,1,60,68,780,95
TXO,202612,20261216.0,33400.0,Call,-,-,-,-,16330.0,-,-,0,0,0,0,-,-,10800,2780
TXO,202612,20261216.0,33400.0,Put,-,-,-,-,65.0,-,-,0,0,0,2,61,69,3450,49.5
TXO,202612,20261216.0,33600.0,Call,-,-,-,-,16140.0,-,-,0,0,0,0,-,16370,10850,2640
TXO,202612,20261216.0,33600.0,Put,-,-,-,-,67.0,-,-,0,0,0,7,63,71,4010,52
TXO,202612,20261216.0,33800.0,Call,-,-,-,-,15940.0,-,-,0,0,0,0,-,16170,-,-
TXO,202612,20261216.0,33800.0,Put,-,-,-,-,68.0,-,-,0,0,0,0,63,72,1670,995
TXO,202612,20261216.0,34000.0,Call,-,-,-,-,15740.0,-,-,0,0,0,0,-,15970,12700,3130
TXO,202612,20261216.0,34000.0,Put,60,66,60,66,68.0,▲+6,▲+10.00%,0,3,3,11,63,73,3620,53
TXO,202612,20261216.0,34200.0,Call,-,-,-,-,15540.0,-,-,0,0,0,0,15470,15760,8850,5200
TXO,202612,20261216.0,34200.0,Put,-,-,-,-,69.0,-,-,0,0,0,1,64,74,1780,91
TXO,202612,20261216.0,34400.0,Call,-,-,-,-,15340.0,-,-,0,0,0,0,-,15570,-,-
TXO,202612,20261216.0,34400.0,Put,-,-,-,-,71.0,-,-,0,0,0,1,66,75,2600,60
TXO,202612,20261216.0,34600.0,Call,-,-,-,-,15140.0,-,-,0,0,0,0,-,15370,-,-
TXO,202612,20261216.0,34600.0,Put,-,-,-,-,72.0,-,-,0,0,0,2,67,76,2670,57
TXO,202612,20261216.0,34800.0,Call,-,-,-,-,14940.0,-,-,0,0,0,0,-,15170,4830,3240
TXO,202612,20261216.0,34800.0,Put,-,-,-,-,73.0,-,-,0,0,0,1,68,77,3120,65
TXO,202612,20261216.0,35000.0,Call,-,-,-,-,14750.0,-,-,0,0,0,0,-,14970,12910,2200
TXO,202612,20261216.0,35000.0,Put,-,-,-,-,74.0,-,-,0,0,0,90,69,78,2100,60
TXO,202612,20261216.0,35200.0,Call,-,-,-,-,14550.0,-,-,0,0,0,0,-,14770,4590,3370
TXO,202612,20261216.0,35200.0,Put,-,-,-,-,75.0,-,-,0,0,0,2,71,79,3000,147
TXO,202612,20261216.0,35400.0,Call,-,-,-,-,14350.0,-,-,0,0,0,0,-,14570,9450,3340
TXO,202612,20261216.0,35400.0,Put,-,-,-,-,77.0,-,-,0,0,0,0,72,81,1300,350
TXO,202612,20261216.0,35600.0,Call,-,-,-,-,14150.0,-,-,0,0,0,0,-,14370,12870,2380
TXO,202612,20261216.0,35600.0,Put,-,-,-,-,78.0,-,-,0,0,0,2,74,82,4020,78
TXO,202612,20261216.0,35800.0,Call,-,-,-,-,13950.0,-,-,0,0,0,1,-,14050,10820,6410
TXO,202612,20261216.0,35800.0,Put,-,-,-,-,79.0,-,-,0,0,0,1,75,83,2000,86
TXO,202612,20261216.0,36000.0,Call,-,-,-,-,13760.0,-,-,0,0,0,0,-,13970,10860,1950
TXO,202612,20261216.0,36000.0,Put,77,77,77,77,81.0,▲+6,▲+8.45%,0,1,1,68,76,85,3300,65
TXO,202612,20261216.0,36200.0,Call,-,-,-,-,13560.0,-,-,0,0,0,0,-,-,7130,1470
TXO,202612,20261216.0,36200.0,Put,-,-,-,-,82.0,-,-,0,0,0,0,77,86,-,-
TXO,202612,20261216.0,36400.0,Call,-,-,-,-,13360.0,-,-,0,0,0,0,-,13570,10490,1390
TXO,202612,20261216.0,36400.0,Put,-,-,-,-,84.0,-,-,0,0,0,1,79,88,2020,189
TXO,202612,20261216.0,36600.0,Call,-,-,-,-,13160.0,-,-,0,0,0,0,-,13330,6880,1320
TXO,202612,20261216.0,36600.0,Put,-,-,-,-,85.0,-,-,0,0,0,8,81,89,2130,80
TXO,202612,20261216.0,36800.0,Call,-,-,-,-,12970.0,-,-,0,0,0,0,-,13130,11890,1260
TXO,202612,20261216.0,36800.0,Put,-,-,-,-,87.0,-,-,0,0,0,44,82,91,2670,82
TXO,202612,20261216.0,37000.0,Call,-,-,-,-,12770.0,-,-,0,0,0,4,-,12860,12020,1350
TXO,202612,20261216.0,37000.0,Put,78,78,78,78,89.0,0,0%,0,2,2,98,84,93,3150,73
TXO,202612,20261216.0,37200.0,Call,-,-,-,-,12570.0,-,-,0,0,0,0,-,12800,9030,1740
TXO,202612,20261216.0,37200.0,Put,-,-,-,-,91.0,-,-,0,0,0,6,86,95,1070,83
TXO,202612,20261216.0,37400.0,Call,-,-,-,-,12370.0,-,-,0,0,0,0,-,12540,10760,1280
TXO,202612,20261216.0,37400.0,Put,-,-,-,-,93.0,-,-,0,0,0,11,88,97,1540,195
TXO,202612,20261216.0,37600.0,Call,-,-,-,-,12180.0,-,-,0,0,0,2,-,12320,1260,1260
TXO,202612,20261216.0,37600.0,Put,-,-,-,-,95.0,-,-,0,0,0,6,90,100,2950,88
TXO,202612,20261216.0,37800.0,Call,-,-,-,-,11980.0,-,-,0,0,0,0,-,12180,11540,1240
TXO,202612,20261216.0,37800.0,Put,-,-,-,-,97.0,-,-,0,0,0,15,92,102,2900,100
TXO,202612,20261216.0,38000.0,Call,-,-,-,-,11780.0,-,-,0,0,0,18,11710,12000,8700,1230
TXO,202612,20261216.0,38000.0,Put,-,-,-,-,98.0,-,-,1,0,1,148,94,102,3430,86
TXO,202612,20261216.0,38200.0,Call,-,-,-,-,11590.0,-,-,0,0,0,0,-,11740,7280,1200
TXO,202612,20261216.0,38200.0,Put,-,-,-,-,104.0,-,-,0,0,0,12,100,108,1900,90
TXO,202612,20261216.0,38400.0,Call,-,-,-,-,11390.0,-,-,0,0,0,0,-,11530,7140,1270
TXO,202612,20261216.0,38400.0,Put,-,-,-,-,105.0,-,-,0,0,0,4,99,111,835,130
TXO,202612,20261216.0,38600.0,Call,-,-,-,-,11190.0,-,-,0,0,0,3,-,11320,10540,1080
TXO,202612,20261216.0,38600.0,Put,-,-,-,-,108.0,-,-,4,0,4,12,102,114,3100,102
TXO,202612,20261216.0,38800.0,Call,-,-,-,-,11000.0,-,-,0,0,0,0,-,11190,10770,775
TXO,202612,20261216.0,38800.0,Put,-,-,-,-,112.0,-,-,0,0,0,2,105,118,1510,108
TXO,202612,20261216.0,38900.0,Call,-,-,-,-,10900.0,-,-,0,0,0,0,-,11090,-,-
TXO,202612,20261216.0,38900.0,Put,102,102,100,100,114.0,▲+4,▲+4.17%,0,2,2,2,107,120,102,100
TXO,202612,20261216.0,39000.0,Call,-,-,-,-,10800.0,-,-,0,0,0,4,10750,10930,9290,1100
TXO,202612,20261216.0,39000.0,Put,104,109,104,109,116.0,▲+12,▲+12.37%,0,13,13,63,109,122,3690,101
TXO,202612,20261216.0,39100.0,Call,-,-,-,-,10700.0,-,-,0,0,0,0,-,10890,-,-
TXO,202612,20261216.0,39100.0,Put,-,-,-,-,117.0,-,-,0,0,0,1,110,124,192,192
TXO,202612,20261216.0,39200.0,Call,-,-,-,-,10610.0,-,-,0,0,0,0,-,10760,10280,1290
TXO,202612,20261216.0,39200.0,Put,-,-,-,-,119.0,-,-,0,0,0,1,112,126,3680,165
TXO,202612,20261216.0,39300.0,Call,-,-,-,-,10510.0,-,-,0,0,0,0,-,10660,-,-
TXO,202612,20261216.0,39300.0,Put,-,-,-,-,121.0,-,-,0,0,0,0,114,128,-,-
TXO,202612,20261216.0,39400.0,Call,-,-,-,-,10410.0,-,-,0,0,0,0,-,10560,11070,1300
TXO,202612,20261216.0,39400.0,Put,-,-,-,-,124.0,-,-,0,0,0,1,116,131,3380,121
TXO,202612,20261216.0,39500.0,Call,-,-,-,-,10310.0,-,-,0,0,0,0,-,10500,-,-
TXO,202612,20261216.0,39500.0,Put,-,-,-,-,126.0,-,-,0,0,0,1,118,133,288,288
TXO,202612,20261216.0,39600.0,Call,-,-,-,-,10220.0,-,-,0,0,0,0,-,10400,11070,750
TXO,202612,20261216.0,39600.0,Put,122,122,122,122,128.0,▲+16,▲+15.09%,0,1,1,3,120,136,3660,122
TXO,202612,20261216.0,39700.0,Call,-,-,-,-,10120.0,-,-,0,0,0,0,-,10300,-,-
TXO,202612,20261216.0,39700.0,Put,-,-,-,-,131.0,-,-,0,0,0,0,122,138,-,-
TXO,202612,20261216.0,39800.0,Call,-,-,-,-,10020.0,-,-,0,0,0,0,-,10150,11350,1250
TXO,202612,20261216.0,39800.0,Put,127,127,127,127,134.0,▲+19,▲+17.59%,0,1,1,7,125,141,4080,127
TXO,202612,20261216.0,39900.0,Call,-,-,-,-,9930.0,-,-,0,0,0,0,-,10100,-,-
TXO,202612,20261216.0,39900.0,Put,-,-,-,-,136.0,-,-,0,0,0,2,127,143,170,169
TXO,202612,20261216.0,40000.0,Call,-,-,-,-,9830.0,-,-,0,0,0,12,-,9920,10400,705
TXO,202612,20261216.0,40000.0,Put,131,131,131,131,140.0,▲+16,▲+13.91%,9,1,10,97,132,144,3960,115
TXO,202612,20261216.0,40100.0,Call,-,-,-,-,9730.0,-,-,0,0,0,0,-,9910,-,-
TXO,202612,20261216.0,40100.0,Put,-,-,-,-,141.0,-,-,0,0,0,5,132,149,177,177
TXO,202612,20261216.0,40200.0,Call,-,-,-,-,9640.0,-,-,0,0,0,0,-,9760,6970,2200
TXO,202612,20261216.0,40200.0,Put,139,139,139,139,144.0,▲+23,▲+19.83%,0,1,1,1,135,152,3430,139
TXO,202612,20261216.0,40300.0,Call,-,-,-,-,9540.0,-,-,0,0,0,0,9490,9680,-,-
TXO,202612,20261216.0,40300.0,Put,-,-,-,-,147.0,-,-,0,0,0,0,138,155,-,-
TXO,202612,20261216.0,40400.0,Call,-,-,-,-,9440.0,-,-,0,0,0,1,-,9540,8140,695
TXO,202612,20261216.0,40400.0,Put,142,142,142,142,151.0,▲+23,▲+19.33%,0,1,1,4,141,159,2820,142
TXO,202612,20261216.0,40500.0,Call,-,-,-,-,9350.0,-,-,0,0,0,0,-,9520,-,-
TXO,202612,20261216.0,40500.0,Put,-,-,-,-,153.0,-,-,0,0,0,1,143,162,490,238
TXO,202612,20261216.0,40600.0,Call,-,-,-,-,9250.0,-,-,0,0,0,0,-,9490,6630,740
TXO,202612,20261216.0,40600.0,Put,-,-,-,-,157.0,-,-,0,0,0,1,147,165,2750,213
TXO,202612,20261216.0,40700.0,Call,-,-,-,-,9150.0,-,-,0,0,0,0,-,9390,-,-
TXO,202612,20261216.0,40700.0,Put,-,-,-,-,160.0,-,-,0,0,0,1,150,169,200,200
TXO,202612,20261216.0,40800.0,Call,-,-,-,-,9060.0,-,-,0,0,0,15,-,9150,9640,1410
TXO,202612,20261216.0,40800.0,Put,-,-,-,-,164.0,-,-,0,0,0,302,154,173,3980,140
TXO,202612,20261216.0,40900.0,Call,-,-,-,-,8960.0,-,-,0,0,0,0,-,9160,-,-
TXO,202612,20261216.0,40900.0,Put,-,-,-,-,168.0,-,-,2,0,2,1,157,176,252,159
TXO,202612,20261216.0,41000.0,Call,-,-,-,-,8870.0,-,-,0,0,0,5,-,9000,9160,675
TXO,202612,20261216.0,41000.0,Put,143,143,143,143,171.0,▲+6,▲+4.38%,1,1,2,17,164,184,4390,140
TXO,202612,20261216.0,41100.0,Call,-,-,-,-,8770.0,-,-,0,0,0,0,-,8940,-,-
TXO,202612,20261216.0,41100.0,Put,-,-,-,-,175.0,-,-,0,0,0,0,164,184,-,-
TXO,202612,20261216.0,41200.0,Call,-,-,-,-,8670.0,-,-,0,0,0,0,-,8910,5620,3150
TXO,202612,20261216.0,41200.0,Put,-,-,-,-,179.0,-,-,0,0,0,31,168,189,4410,400
TXO,202612,20261216.0,41300.0,Call,-,-,-,-,8580.0,-,-,0,0,0,0,-,8740,-,-
TXO,202612,20261216.0,41300.0,Put,-,-,-,-,183.0,-,-,0,0,0,0,172,193,-,-
TXO,202612,20261216.0,41400.0,Call,-,-,-,-,8480.0,-,-,0,0,0,30,-,8580,10000,360
TXO,202612,20261216.0,41400.0,Put,160,160,160,160,188.0,▲+10,▲+6.67%,0,1,1,20,177,198,4540,160
TXO,202612,20261216.0,41500.0,Call,-,-,-,-,8390.0,-,-,0,0,0,0,-,8520,-,-
TXO,202612,20261216.0,41500.0,Put,-,-,-,-,193.0,-,-,0,0,0,2,181,203,226,153
TXO,202612,20261216.0,41600.0,Call,-,-,-,-,8290.0,-,-,0,0,0,11,-,8420,6550,1450
TXO,202612,20261216.0,41600.0,Put,-,-,-,-,197.0,-,-,0,0,0,13,185,208,4290,200
TXO,202612,20261216.0,41700.0,Call,-,-,-,-,8200.0,-,-,0,0,0,0,-,8360,-,-
TXO,202612,20261216.0,41700.0,Put,-,-,-,-,202.0,-,-,0,0,0,10,190,212,303,247
TXO,202612,20261216.0,41800.0,Call,-,-,-,-,8100.0,-,-,0,0,0,15,8060,8230,8490,710
TXO,202612,20261216.0,41800.0,Put,-,-,-,-,207.0,-,-,0,0,0,11,195,218,4390,279
TXO,202612,20261216.0,41900.0,Call,-,-,-,-,8010.0,-,-,0,0,0,0,-,8140,-,-
TXO,202612,20261216.0,41900.0,Put,177,177,177,177,215.0,▲+9,▲+5.36%,0,1,1,2,199,223,316,177
TXO,202612,20261216.0,42000.0,Call,-,-,-,-,7920.0,-,-,0,0,0,71,-,8040,8720,800
TXO,202612,20261216.0,42000.0,Put,-,-,-,-,219.0,-,-,1,0,1,98,210,234,4950,188
TXO,202612,20261216.0,42100.0,Call,-,-,-,-,7820.0,-,-,0,0,0,0,-,7980,-,-
TXO,202612,20261216.0,42100.0,Put,-,-,-,-,223.0,-,-,0,0,0,0,210,235,-,-
TXO,202612,20261216.0,42200.0,Call,-,-,-,-,7730.0,-,-,0,0,0,2,-,7820,8040,1500
TXO,202612,20261216.0,42200.0,Put,-,-,-,-,230.0,-,-,0,0,0,19,217,242,3610,710
TXO,202612,20261216.0,42300.0,Call,-,-,-,-,7630.0,-,-,0,0,0,0,-,7760,-,-
TXO,202612,20261216.0,42300.0,Put,-,-,-,-,235.0,-,-,0,0,0,0,222,247,-,-
TXO,202612,20261216.0,42400.0,Call,-,-,-,-,7540.0,-,-,0,0,0,0,7500,7660,5850,1260
TXO,202612,20261216.0,42400.0,Put,-,-,-,-,242.0,-,-,0,0,0,1,229,254,4790,520
TXO,202612,20261216.0,42500.0,Call,-,-,-,-,7450.0,-,-,0,0,0,0,-,7600,-,-
TXO,202612,20261216.0,42500.0,Put,-,-,-,-,248.0,-,-,1,0,1,6,235,260,422,194
TXO,202612,20261216.0,42600.0,Call,-,-,-,-,7360.0,-,-,0,0,0,2,7280,7490,7280,965
TXO,202612,20261216.0,42600.0,Put,-,-,-,-,256.0,-,-,0,0,0,2,242,267,4770,370
TXO,202612,20261216.0,42700.0,Call,-,-,-,-,7260.0,-,-,0,0,0,0,-,7420,-,-
TXO,202612,20261216.0,42700.0,Put,-,-,-,-,263.0,-,-,0,0,0,0,249,274,-,-
TXO,202612,20261216.0,42800.0,Call,-,-,-,-,7170.0,-,-,1,0,1,0,-,7300,7220,2510
TXO,202612,20261216.0,42800.0,Put,-,-,-,-,271.0,-,-,0,0,0,5,257,282,1190,520
TXO,202612,20261216.0,42900.0,Call,-,-,-,-,7080.0,-,-,0,0,0,0,7040,7200,-,-
TXO,202612,20261216.0,42900.0,Put,-,-,-,-,278.0,-,-,0,0,0,0,264,289,-,-
TXO,202612,20261216.0,43000.0,Call,-,-,-,-,6990.0,-,-,0,0,0,65,-,7120,9700,1130
TXO,202612,20261216.0,43000.0,Put,-,-,-,-,286.0,-,-,0,0,0,77,272,297,5020,250
TXO,202612,20261216.0,43100.0,Call,-,-,-,-,6900.0,-,-,0,0,0,0,-,7010,-,-
TXO,202612,20261216.0,43100.0,Put,-,-,-,-,295.0,-,-,0,0,0,6,281,306,560,254
TXO,202612,20261216.0,43200.0,Call,-,-,-,-,6800.0,-,-,0,0,0,0,-,6930,4670,1400
TXO,202612,20261216.0,43200.0,Put,-,-,-,-,303.0,-,-,0,0,0,5,289,314,575,575
TXO,202612,20261216.0,43300.0,Call,-,-,-,-,6710.0,-,-,0,0,0,0,-,6860,-,-
TXO,202612,20261216.0,43300.0,Put,-,-,-,-,311.0,-,-,0,0,0,0,306,333,-,-
TXO,202612,20261216.0,43400.0,Call,-,-,-,-,6620.0,-,-,0,0,0,0,-,6780,7410,4950
TXO,202612,20261216.0,43400.0,Put,-,-,-,-,321.0,-,-,0,0,0,2,306,333,5280,2010
TXO,202612,20261216.0,43500.0,Call,-,-,-,-,6530.0,-,-,0,0,0,0,-,6650,-,-
TXO,202612,20261216.0,43500.0,Put,-,-,-,-,331.0,-,-,0,0,0,0,316,343,-,-
TXO,202612,20261216.0,43600.0,Call,-,-,-,-,6440.0,-,-,0,0,0,1,-,6560,5510,950
TXO,202612,20261216.0,43600.0,Put,-,-,-,-,341.0,-,-,0,0,0,3,326,353,4780,310
TXO,202612,20261216.0,43700.0,Call,-,-,-,-,6360.0,-,-,0,0,0,0,-,6470,-,-
TXO,202612,20261216.0,43700.0,Put,-,-,-,-,351.0,-,-,0,0,0,0,335,365,505,380
TXO,202612,20261216.0,43800.0,Call,-,-,-,-,6270.0,-,-,0,0,0,1,-,6330,8340,1020
TXO,202612,20261216.0,43800.0,Put,-,-,-,-,362.0,-,-,1,0,1,12,346,376,4460,300
TXO,202612,20261216.0,43900.0,Call,-,-,-,-,6180.0,-,-,0,0,0,0,-,6390,-,-
TXO,202612,20261216.0,43900.0,Put,335,366,335,366,366.0,▲+70,▲+23.65%,2,3,5,11,357,387,980,296
TXO,202612,20261216.0,44000.0,Call,-,-,-,-,6100.0,-,-,0,0,0,4,6000,6160,8350,2260
TXO,202612,20261216.0,44000.0,Put,333,350,333,350,391.0,▲+53,▲+17.85%,0,3,3,24,367,400,4770,330
TXO,202612,20261216.0,44100.0,Call,-,-,-,-,6010.0,-,-,0,0,0,0,-,6140,-,-
TXO,202612,20261216.0,44100.0,Put,370,370,370,370,406.0,▲+65,▲+21.31%,0,1,1,1,379,412,370,370
TXO,202612,20261216.0,44200.0,Call,-,-,-,-,5930.0,-,-,1,0,1,2,5820,6040,6080,600
TXO,202612,20261216.0,44200.0,Put,385,385,385,385,422.0,▲+75,▲+24.19%,0,1,1,64,400,440,4890,310
TXO,202612,20261216.0,44300.0,Call,-,-,-,-,5830.0,-,-,0,0,0,0,-,5890,-,-
TXO,202612,20261216.0,44300.0,Put,-,-,-,-,423.0,-,-,0,0,0,0,401,441,-,-
TXO,202612,20261216.0,44400.0,Call,-,-,-,-,5740.0,-,-,0,0,0,1,5650,5860,6730,930
TXO,202612,20261216.0,44400.0,Put,-,-,-,-,436.0,-,-,0,0,0,38,414,454,4660,910
TXO,202612,20261216.0,44500.0,Call,-,-,-,-,5660.0,-,-,0,0,0,0,-,5760,-,-
TXO,202612,20261216.0,44500.0,Put,415,420,415,420,450.0,▲+70,▲+20.00%,0,2,2,2,428,468,420,415
TXO,202612,20261216.0,44600.0,Call,5720,5720,5720,5720,5570.0,▼-380,▼-6.23%,0,1,1,10,5490,5680,6100,890
TXO,202612,20261216.0,44600.0,Put,-,-,-,-,465.0,-,-,0,0,0,13,443,483,6030,380
TXO,202612,20261216.0,44700.0,Call,-,-,-,-,5490.0,-,-,0,0,0,0,-,5620,-,-
TXO,202612,20261216.0,44700.0,Put,-,-,-,-,483.0,-,-,0,0,0,1,475,515,1190,1190
TXO,202612,20261216.0,44800.0,Call,-,-,-,-,5410.0,-,-,0,0,0,2,5320,-,3190,2320
TXO,202612,20261216.0,44800.0,Put,-,-,-,-,500.0,-,-,0,0,0,8,475,515,5600,740
TXO,202612,20261216.0,44900.0,Call,-,-,-,-,5330.0,-,-,0,0,0,0,-,5420,-,-
TXO,202612,20261216.0,44900.0,Put,-,-,-,-,520.0,-,-,0,0,0,0,490,530,-,-
TXO,202612,20261216.0,45000.0,Call,-,-,-,-,5250.0,-,-,0,0,0,6,5140,5350,6790,2600
TXO,202612,20261216.0,45000.0,Put,450,520,450,520,525.0,▲+105,▲+25.30%,0,7,7,44,510,540,6200,415
TXO,202612,20261216.0,45100.0,Call,-,-,-,-,5170.0,-,-,0,0,0,0,-,5260,-,-
TXO,202612,20261216.0,45100.0,Put,489,489,489,489,560.0,▲+71,▲+16.99%,0,5,5,15,540,580,489,461
TXO,202612,20261216.0,45200.0,Call,-,-,-,-,5090.0,-,-,0,0,0,1,-,5120,6620,925
TXO,202612,20261216.0,45200.0,Put,505,505,505,505,580.0,▲+70,▲+16.09%,0,5,5,16,560,600,6690,505
TXO,202612,20261216.0,45300.0,Call,-,-,-,-,5000.0,-,-,0,0,0,0,-,5120,-,-
TXO,202612,20261216.0,45300.0,Put,520,520,520,520,595.0,▲+70,▲+15.56%,0,5,5,10,570,615,1060,520
TXO,202612,20261216.0,45400.0,Call,-,-,-,-,4910.0,-,-,0,0,0,1,-,4960,6500,2250
TXO,202612,20261216.0,45400.0,Put,-,-,-,-,600.0,-,-,0,0,0,10,595,640,6540,495
TXO,202612,20261216.0,45500.0,Call,-,-,-,-,4830.0,-,-,0,0,0,0,-,4960,-,-
TXO,202612,20261216.0,45500.0,Put,555,555,555,555,620.0,▲+75,▲+15.63%,0,5,5,10,610,655,990,505
TXO,202612,20261216.0,45600.0,Call,-,-,-,-,4760.0,-,-,0,0,0,3,4690,4860,6160,1070
TXO,202612,20261216.0,45600.0,Put,575,575,575,575,645.0,▲+76,▲+15.23%,0,5,5,8,620,665,7000,575
TXO,202612,20261216.0,45700.0,Call,-,-,-,-,4670.0,-,-,0,0,0,0,-,4780,-,-
TXO,202612,20261216.0,45700.0,Put,-,-,-,-,660.0,-,-,0,0,0,0,635,685,-,-
TXO,202612,20261216.0,45800.0,Call,-,-,-,-,4590.0,-,-,0,0,0,7,4530,4690,3200,1980
TXO,202612,20261216.0,45800.0,Put,-,-,-,-,680.0,-,-,0,0,0,2,680,730,1550,1510
TXO,202612,20261216.0,45900.0,Call,-,-,-,-,4510.0,-,-,0,0,0,0,-,4610,-,-
TXO,202612,20261216.0,45900.0,Put,-,-,-,-,700.0,-,-,0,0,0,4,695,750,965,550
TXO,202612,20261216.0,46000.0,Call,-,-,-,-,4440.0,-,-,0,0,0,256,0.1,4540,5560,1640
TXO,202612,20261216.0,46000.0,Put,-,-,-,-,725.0,-,-,0,0,0,36,720,750,7060,1
TXO,202612,20261216.0,46100.0,Call,-,-,-,-,4360.0,-,-,0,0,0,0,-,4460,-,-
TXO,202612,20261216.0,46100.0,Put,-,-,-,-,750.0,-,-,0,0,0,0,745,800,-,-
TXO,202612,20261216.0,46200.0,Call,-,-,-,-,4290.0,-,-,0,0,0,2,4210,4410,2620,2300
TXO,202612,20261216.0,46200.0,Put,-,-,-,-,775.0,-,-,0,0,0,2,765,825,7260,1090
TXO,202612,20261216.0,46300.0,Call,-,-,-,-,4210.0,-,-,0,0,0,0,-,4310,-,-
TXO,202612,20261216.0,46300.0,Put,-,-,-,-,800.0,-,-,0,0,0,4,795,855,1200,1170
TXO,202612,20261216.0,46400.0,Call,-,-,-,-,4140.0,-,-,0,0,0,3,-,4240,5700,1560
TXO,202612,20261216.0,46400.0,Put,-,-,-,-,830.0,-,-,0,0,0,2,795,855,5970,1720
TXO,202612,20261216.0,46500.0,Call,-,-,-,-,4060.0,-,-,0,0,0,0,-,4160,-,-
TXO,202612,20261216.0,46500.0,Put,-,-,-,-,850.0,-,-,0,0,0,1,815,880,1370,1370
TXO,202612,20261216.0,46600.0,Call,-,-,-,-,3990.0,-,-,0,0,0,50,-,4090,6500,1500
TXO,202612,20261216.0,46600.0,Put,-,-,-,-,880.0,-,-,0,0,0,12,840,905,2550,700
TXO,202612,20261216.0,46700.0,Call,-,-,-,-,3920.0,-,-,0,0,0,0,-,4020,-,-
TXO,202612,20261216.0,46700.0,Put,-,-,-,-,910.0,-,-,0,0,0,1,890,955,740,740
TXO,202612,20261216.0,46800.0,Call,-,-,-,-,3850.0,-,-,0,0,0,12,-,3950,5870,1500
TXO,202612,20261216.0,46800.0,Put,-,-,-,-,940.0,-,-,0,0,0,11,920,985,7770,740
TXO,202612,20261216.0,46900.0,Call,-,-,-,-,3780.0,-,-,0,0,0,0,-,3870,-,-
TXO,202612,20261216.0,46900.0,Put,-,-,-,-,970.0,-,-,0,0,0,5,955,1020,1420,770
TXO,202612,20261216.0,47000.0,Call,-,-,-,-,3720.0,-,-,0,0,0,236,3680,3800,6430,1420
TXO,202612,20261216.0,47000.0,Put,930,930,930,930,1000.0,▲+130,▲+16.25%,1,1,2,47,980,1040,7620,800
TXO,202612,20261216.0,47100.0,Call,-,-,-,-,3650.0,-,-,0,0,0,0,-,3690,-,-
TXO,202612,20261216.0,47100.0,Put,-,-,-,-,1030.0,-,-,0,0,0,5,1010,1080,1490,1490
TXO,202612,20261216.0,47200.0,Call,-,-,-,-,3580.0,-,-,0,0,0,62,-,3660,4830,1680
TXO,202612,20261216.0,47200.0,Put,-,-,-,-,1060.0,-,-,0,0,0,5,1040,1120,2150,1530
TXO,202612,20261216.0,47300.0,Call,-,-,-,-,3510.0,-,-,0,0,0,0,3460,3610,-,-
TXO,202612,20261216.0,47300.0,Put,-,-,-,-,1100.0,-,-,0,0,0,0,1060,1140,-,-
TXO,202612,20261216.0,47400.0,Call,-,-,-,-,3450.0,-,-,0,0,0,68,3410,3520,5670,1700
TXO,202612,20261216.0,47400.0,Put,-,-,-,-,1130.0,-,-,0,0,0,1,1100,1170,6210,2250
TXO,202612,20261216.0,47500.0,Call,-,-,-,-,3380.0,-,-,0,0,0,0,3350,3480,-,-
TXO,202612,20261216.0,47500.0,Put,-,-,-,-,1170.0,-,-,0,0,0,0,1100,1180,-,-
TXO,202612,20261216.0,47600.0,Call,-,-,-,-,3320.0,-,-,0,0,0,52,3280,3400,5180,1100
TXO,202612,20261216.0,47600.0,Put,-,-,-,-,1200.0,-,-,0,0,0,7,1160,1240,6310,915
TXO,202612,20261216.0,47700.0,Call,-,-,-,-,3260.0,-,-,0,0,0,0,3210,3340,2580,2030
TXO,202612,20261216.0,47700.0,Put,-,-,-,-,1240.0,-,-,0,0,0,8,1190,1270,1740,935
TXO,202612,20261216.0,47800.0,Call,-,-,-,-,3190.0,-,-,0,0,0,9,3150,3270,5050,1290
TXO,202612,20261216.0,47800.0,Put,-,-,-,-,1280.0,-,-,0,0,0,18,1200,1280,5750,970
TXO,202612,20261216.0,47900.0,Call,-,-,-,-,3130.0,-,-,0,0,0,1,3080,3200,2430,2430
TXO,202612,20261216.0,47900.0,Put,-,-,-,-,1310.0,-,-,0,0,0,10,1270,1350,1780,1110
TXO,202612,20261216.0,48000.0,Call,3050,3050,3050,3050,3050.0,▼-360,▼-10.56%,2,1,3,62,3050,3120,5100,1330
TXO,202612,20261216.0,48000.0,Put,1340,1340,1340,1340,1340.0,▲+250,▲+22.94%,0,1,1,82,1310,1390,8030,1340
TXO,202612,20261216.0,48100.0,Call,-,-,-,-,3010.0,-,-,0,0,0,1,2950,3060,2460,2460
TXO,202612,20261216.0,48100.0,Put,-,-,-,-,1390.0,-,-,0,0,0,10,1340,1420,1860,1740
TXO,202612,20261216.0,48200.0,Call,-,-,-,-,2950.0,-,-,0,0,0,7,2870,2980,3960,1880
TXO,202612,20261216.0,48200.0,Put,1330,1330,1330,1330,1430.0,▲+180,▲+15.65%,0,1,1,15,1370,1450,5860,1330
TXO,202612,20261216.0,48300.0,Call,-,-,-,-,2880.0,-,-,0,0,0,1,2820,2930,3110,2130
TXO,202612,20261216.0,48300.0,Put,1390,1390,1390,1390,1460.0,▲+210,▲+17.80%,0,1,1,10,1420,1500,1830,1390
TXO,202612,20261216.0,48400.0,Call,-,-,-,-,2820.0,-,-,0,0,0,6,2750,2860,5700,1520
TXO,202612,20261216.0,48400.0,Put,-,-,-,-,1500.0,-,-,0,0,0,10,1450,1530,5920,1860
TXO,202612,20261216.0,48500.0,Call,-,-,-,-,2760.0,-,-,0,0,0,3,2700,2800,2200,1360
TXO,202612,20261216.0,48500.0,Put,-,-,-,-,1540.0,-,-,0,0,0,6,1490,1570,2240,1230
TXO,202612,20261216.0,48600.0,Call,-,-,-,-,2700.0,-,-,0,0,0,5,2650,2760,4880,1710
TXO,202612,20261216.0,48600.0,Put,-,-,-,-,1580.0,-,-,0,0,0,5,1530,1610,6090,1970
TXO,202612,20261216.0,48700.0,Call,-,-,-,-,2650.0,-,-,0,0,0,0,2580,2690,-,-
TXO,202612,20261216.0,48700.0,Put,-,-,-,-,1620.0,-,-,0,0,0,7,1580,1660,2040,2010
TXO,202612,20261216.0,48800.0,Call,-,-,-,-,2580.0,-,-,0,0,0,0,2530,2640,-,-
TXO,202612,20261216.0,48800.0,Put,-,-,-,-,1650.0,-,-,0,0,0,2,1610,1690,8920,2030
TXO,202612,20261216.0,48900.0,Call,-,-,-,-,2520.0,-,-,0,0,0,2,2480,2590,3070,3060
TXO,202612,20261216.0,48900.0,Put,-,-,-,-,1700.0,-,-,0,0,0,7,1650,1730,2140,1420
TXO,202612,20261216.0,49000.0,Call,-,-,-,-,2470.0,-,-,0,0,0,428,2410,2520,5280,1070
TXO,202612,20261216.0,49000.0,Put,-,-,-,-,1750.0,-,-,0,0,0,9,1690,1770,6900,1510
TXO,202612,20261216.0,49100.0,Call,-,-,-,-,2410.0,-,-,0,0,0,0,2370,2470,1310,1170
TXO,202612,20261216.0,49100.0,Put,-,-,-,-,1790.0,-,-,0,0,0,0,1740,1820,-,-
TXO,202612,20261216.0,49200.0,Call,-,-,-,-,2360.0,-,-,0,0,0,16,2300,2400,4080,995
TXO,202612,20261216.0,49200.0,Put,-,-,-,-,1840.0,-,-,0,0,0,1,1790,1870,4800,2330
TXO,202612,20261216.0,49300.0,Call,-,-,-,-,2310.0,-,-,0,0,0,0,2260,2360,-,-
TXO,202612,20261216.0,49300.0,Put,-,-,-,-,1890.0,-,-,0,0,0,0,1830,1920,-,-
TXO,202612,20261216.0,49400.0,Call,-,-,-,-,2260.0,-,-,0,0,0,5,2190,2290,3760,1240
TXO,202612,20261216.0,49400.0,Put,1800,1800,1800,1800,1940.0,▲+180,▲+11.11%,0,7,7,7,1880,1970,8650,1800
TXO,202612,20261216.0,49500.0,Call,-,-,-,-,2210.0,-,-,0,0,0,0,2170,2270,-,-
TXO,202612,20261216.0,49500.0,Put,-,-,-,-,1980.0,-,-,0,0,0,1,1930,2020,1970,1970
TXO,202612,20261216.0,49600.0,Call,-,-,-,-,2160.0,-,-,0,0,0,10,2100,2200,4800,1160
TXO,202612,20261216.0,49600.0,Put,-,-,-,-,2030.0,-,-,0,0,0,0,1970,2060,6900,5500
TXO,202612,20261216.0,49700.0,Call,-,-,-,-,2110.0,-,-,0,0,0,0,2040,2140,1570,1430
TXO,202612,20261216.0,49700.0,Put,-,-,-,-,2090.0,-,-,0,0,0,0,2020,2120,-,-
TXO,202612,20261216.0,49800.0,Call,2100,2100,2100,2100,2060.0,▼-230,▼-9.87%,1,1,2,23,2000,2100,2780,960
TXO,202612,20261216.0,49800.0,Put,-,-,-,-,2140.0,-,-,0,0,0,3400,2070,2170,1830,1800
TXO,202612,20261216.0,49900.0,Call,-,-,-,-,2020.0,-,-,0,0,0,0,1970,2060,-,-
TXO,202612,20261216.0,49900.0,Put,-,-,-,-,2190.0,-,-,0,0,0,0,2120,2220,-,-
TXO,202612,20261216.0,50000.0,Call,-,-,-,-,1970.0,-,-,13,0,13,178,1930,2020,5000,810
TXO,202612,20261216.0,50000.0,Put,2010,2150,2010,2150,2240.0,▲+270,▲+14.36%,1,2,3,79,2160,2260,9900,1850
TXO,202612,20261216.0,50100.0,Call,-,-,-,-,1920.0,-,-,0,0,0,0,1880,1970,-,-
TXO,202612,20261216.0,50100.0,Put,-,-,-,-,2290.0,-,-,0,0,0,0,2220,2320,-,-
TXO,202612,20261216.0,50200.0,Call,-,-,-,-,1870.0,-,-,0,0,0,5,1810,1900,4800,945
TXO,202612,20261216.0,50200.0,Put,-,-,-,-,2350.0,-,-,0,0,0,2,2260,2360,5420,5400
TXO,202612,20261216.0,50300.0,Call,1840,1850,1840,1850,1850.0,▼-220,▼-10.63%,0,7,7,6,1770,1850,1850,1840
TXO,202612,20261216.0,50300.0,Put,-,-,-,-,2400.0,-,-,0,0,0,0,2330,2430,-,-
TXO,202612,20261216.0,50400.0,Call,-,-,-,-,1790.0,-,-,3,0,3,42,1750,1830,5200,840
TXO,202612,20261216.0,50400.0,Put,-,-,-,-,2460.0,-,-,1,0,1,4,2390,2480,9460,2130
TXO,202612,20261216.0,50500.0,Call,-,-,-,-,1740.0,-,-,0,0,0,50,1710,1790,1360,900
TXO,202612,20261216.0,50500.0,Put,-,-,-,-,2520.0,-,-,0,0,0,0,2410,2520,-,-
TXO,202612,20261216.0,50600.0,Call,1700,1720,1700,1720,1720.0,▼-200,▼-10.42%,0,7,7,7,1640,1720,3640,705
TXO,202612,20261216.0,50600.0,Put,-,-,-,-,2570.0,-,-,0,0,0,2,2510,2610,5690,5670
TXO,202612,20261216.0,50700.0,Call,1660,1750,1660,1750,1650.0,▼-120,▼-6.42%,0,7,7,6,1620,1700,1750,1660
TXO,202612,20261216.0,50700.0,Put,-,-,-,-,2630.0,-,-,0,0,0,0,2550,2660,-,-
TXO,202612,20261216.0,50800.0,Call,1620,1700,1620,1700,1610.0,▼-130,▼-7.10%,0,7,7,12,1570,1650,3620,720
TXO,202612,20261216.0,50800.0,Put,-,-,-,-,2690.0,-,-,0,0,0,0,2590,2710,-,-
TXO,202612,20261216.0,50900.0,Call,1580,1630,1580,1630,1570.0,▼-150,▼-8.43%,0,9,9,7,1530,1610,1630,1580
TXO,202612,20261216.0,50900.0,Put,-,-,-,-,2750.0,-,-,0,0,0,0,2650,2770,-,-
TXO,202612,20261216.0,51000.0,Call,1590,1590,1590,1590,1540.0,▼-140,▼-8.09%,1,1,2,36,1500,1580,4420,670
TXO,202612,20261216.0,51000.0,Put,-,-,-,-,2810.0,-,-,4,0,4,4,2710,2810,2610,2610
TXO,202612,20261216.0,51100.0,Call,-,-,-,-,1500.0,-,-,0,0,0,2,1460,1540,1800,1040
TXO,202612,20261216.0,51100.0,Put,-,-,-,-,2870.0,-,-,0,0,0,0,2770,2880,-,-
TXO,202612,20261216.0,51200.0,Call,1460,1460,1460,1460,1460.0,▼-210,▼-12.57%,0,5,5,6,1410,1490,1670,950
TXO,202612,20261216.0,51200.0,Put,-,-,-,-,2930.0,-,-,0,0,0,0,2830,2950,-,-
TXO,202612,20261216.0,51300.0,Call,-,-,-,-,1420.0,-,-,0,0,0,1,1380,1460,1600,1600
TXO,202612,20261216.0,51300.0,Put,-,-,-,-,2990.0,-,-,0,0,0,0,2890,3010,-,-
TXO,202612,20261216.0,51400.0,Call,-,-,-,-,1380.0,-,-,0,0,0,3,1340,1420,1950,680
TXO,202612,20261216.0,51400.0,Put,-,-,-,-,3050.0,-,-,0,0,0,0,2950,3070,-,-
TXO,202612,20261216.0,51500.0,Call,-,-,-,-,1350.0,-,-,0,0,0,5,1310,1390,1560,1520
TXO,202612,20261216.0,51500.0,Put,-,-,-,-,3110.0,-,-,0,0,0,0,3010,3140,-,-
TXO,202612,20261216.0,51600.0,Call,-,-,-,-,1310.0,-,-,0,0,0,4,1260,1340,3280,1480
TXO,202612,20261216.0,51600.0,Put,-,-,-,-,3180.0,-,-,0,0,0,0,3110,3230,-,-
TXO,202612,20261216.0,51700.0,Call,-,-,-,-,1280.0,-,-,0,0,0,3,1240,1320,1470,1440
TXO,202612,20261216.0,51700.0,Put,-,-,-,-,3250.0,-,-,0,0,0,0,3140,3260,-,-
TXO,202612,20261216.0,51800.0,Call,-,-,-,-,1240.0,-,-,0,0,0,5,1190,1270,2550,510
TXO,202612,20261216.0,51800.0,Put,-,-,-,-,3310.0,-,-,0,0,0,0,3240,3370,-,-
TXO,202612,20261216.0,51900.0,Call,-,-,-,-,1210.0,-,-,0,0,0,2,1170,1250,1500,685
TXO,202612,20261216.0,51900.0,Put,-,-,-,-,3380.0,-,-,0,0,0,0,3280,3400,-,-
TXO,202612,20261216.0,52000.0,Call,-,-,-,-,1180.0,-,-,0,0,0,568,1140,1220,3380,478
TXO,202612,20261216.0,52000.0,Put,-,-,-,-,3450.0,-,-,0,0,0,0,3360,3490,-,-
TXO,202612,20261216.0,52100.0,Call,1210,1210,1210,1210,1150.0,▼-90,▼-6.92%,0,1,1,5,1090,1170,1450,500
TXO,202612,20261216.0,52100.0,Put,-,-,-,-,3510.0,-,-,0,0,0,0,3410,3540,-,-
TXO,202612,20261216.0,52200.0,Call,-,-,-,-,1120.0,-,-,0,0,0,0,1060,1140,1150,570
TXO,202612,20261216.0,52200.0,Put,-,-,-,-,3580.0,-,-,0,0,0,0,3490,3620,-,-
TXO,202612,20261216.0,52300.0,Call,-,-,-,-,1090.0,-,-,0,0,0,0,1040,1120,-,-
TXO,202612,20261216.0,52300.0,Put,-,-,-,-,3650.0,-,-,0,0,0,0,3560,3690,-,-
TXO,202612,20261216.0,52400.0,Call,1110,1110,1080,1080,1080.0,▼-120,▼-10.00%,2,2,4,17,1000,1080,3950,450
TXO,202612,20261216.0,52400.0,Put,-,-,-,-,3720.0,-,-,0,0,0,0,3630,3760,8790,6780
TXO,202612,20261216.0,52500.0,Call,-,-,-,-,1030.0,-,-,0,0,0,1,975,1040,555,555
TXO,202612,20261216.0,52500.0,Put,-,-,-,-,3790.0,-,-,0,0,0,0,3700,3840,-,-
TXO,202612,20261216.0,52600.0,Call,-,-,-,-,1000.0,-,-,0,0,0,1,965,1030,1820,390
TXO,202612,20261216.0,52600.0,Put,-,-,-,-,3870.0,-,-,0,0,0,0,3770,3910,-,-
TXO,202612,20261216.0,52700.0,Call,-,-,-,-,975.0,-,-,0,0,0,0,920,985,-,-
TXO,202612,20261216.0,52700.0,Put,-,-,-,-,3940.0,-,-,0,0,0,0,3830,3980,-,-
TXO,202612,20261216.0,52800.0,Call,965,975,965,975,945.0,▼-105,▼-9.72%,3,2,5,6,890,955,2770,425
TXO,202612,20261216.0,52800.0,Put,-,-,-,-,4010.0,-,-,0,0,0,0,-,-,-,-
TXO,202612,20261216.0,52900.0,Call,-,-,-,-,920.0,-,-,0,0,0,0,860,925,-,-
TXO,202612,20261216.0,52900.0,Put,-,-,-,-,4080.0,-,-,0,0,0,0,4030,4110,-,-
TXO,202612,20261216.0,53000.0,Call,-,-,-,-,895.0,-,-,0,0,0,398,870,915,2970,282
TXO,202612,20261216.0,53000.0,Put,-,-,-,-,4160.0,-,-,0,0,0,0,4100,-,-,-
TXO,202612,20261216.0,53100.0,Call,-,-,-,-,870.0,-,-,1,0,1,2,810,875,850,565
TXO,202612,20261216.0,53100.0,Put,-,-,-,-,4230.0,-,-,0,0,0,0,4140,-,-,-
TXO,202612,20261216.0,53200.0,Call,-,-,-,-,845.0,-,-,0,0,0,29,795,855,3950,479
TXO,202612,20261216.0,53200.0,Put,-,-,-,-,4310.0,-,-,0,0,0,0,4250,-,-,-
TXO,202612,20261216.0,53300.0,Call,-,-,-,-,820.0,-,-,0,0,0,11,765,825,965,404
TXO,202612,20261216.0,53300.0,Put,-,-,-,-,4380.0,-,-,0,0,0,0,4330,4410,-,-
TXO,202612,20261216.0,53400.0,Call,-,-,-,-,795.0,-,-,0,0,0,2,750,810,2870,550
TXO,202612,20261216.0,53400.0,Put,-,-,-,-,4460.0,-,-,0,0,0,0,4360,-,-,-
TXO,202612,20261216.0,53500.0,Call,-,-,-,-,775.0,-,-,1,0,1,1,730,785,925,800
TXO,202612,20261216.0,53500.0,Put,-,-,-,-,4540.0,-,-,0,0,0,0,4450,-,-,-
TXO,202612,20261216.0,53600.0,Call,-,-,-,-,750.0,-,-,0,0,0,3,700,755,900,590
TXO,202612,20261216.0,53600.0,Put,-,-,-,-,4610.0,-,-,0,0,0,0,4560,-,-,-
TXO,202612,20261216.0,53700.0,Call,-,-,-,-,730.0,-,-,0,0,0,0,680,730,-,-
TXO,202612,20261216.0,53700.0,Put,-,-,-,-,4690.0,-,-,0,0,0,0,4590,4720,-,-
TXO,202612,20261216.0,53800.0,Call,-,-,-,-,705.0,-,-,0,0,0,2,660,710,2640,329
TXO,202612,20261216.0,53800.0,Put,-,-,-,-,4770.0,-,-,0,0,0,0,-,-,-,-
TXO,202612,20261216.0,53900.0,Call,-,-,-,-,685.0,-,-,0,0,0,0,645,695,-,-
TXO,202612,20261216.0,53900.0,Put,-,-,-,-,4840.0,-,-,0,0,0,0,4750,4880,-,-
TXO,202612,20261216.0,54000.0,Call,-,-,-,-,660.0,-,-,1,0,1,320,625,675,3360,210
TXO,202612,20261216.0,54000.0,Put,-,-,-,-,4920.0,-,-,0,0,0,0,4830,4960,-,-
TXO,202612,20261216.0,54100.0,Call,-,-,-,-,625.0,-,-,0,0,0,0,605,650,-,-
TXO,202612,20261216.0,54100.0,Put,-,-,-,-,4980.0,-,-,0,0,0,0,4920,-,-,-
TXO,202612,20261216.0,54200.0,Call,-,-,-,-,605.0,-,-,0,0,0,1,585,630,840,380
TXO,202612,20261216.0,54200.0,Put,-,-,-,-,5060.0,-,-,0,0,0,0,4990,-,-,-
TXO,202612,20261216.0,54300.0,Call,-,-,-,-,590.0,-,-,0,0,0,1,565,610,407,407
TXO,202612,20261216.0,54300.0,Put,-,-,-,-,5150.0,-,-,0,0,0,0,-,-,-,-
TXO,202612,20261216.0,54400.0,Call,575,575,575,575,575.0,▼-95,▼-14.18%,0,5,5,9,555,595,2050,220
TXO,202612,20261216.0,54400.0,Put,-,-,-,-,5230.0,-,-,0,0,0,0,5200,-,-,-
TXO,202612,20261216.0,54500.0,Call,-,-,-,-,560.0,-,-,0,0,0,1,535,575,430,311
TXO,202612,20261216.0,54500.0,Put,-,-,-,-,5320.0,-,-,0,0,0,0,-,5370,-,-
TXO,202612,20261216.0,54600.0,Call,540,540,540,540,540.0,▼-85,▼-13.60%,0,5,5,5,520,560,1420,243
TXO,202612,20261216.0,54600.0,Put,-,-,-,-,5400.0,-,-,0,0,0,0,5320,-,-,-
TXO,202612,20261216.0,54700.0,Call,-,-,-,-,530.0,-,-,0,0,0,0,505,545,-,-
TXO,202612,20261216.0,54700.0,Put,-,-,-,-,5490.0,-,-,0,0,0,0,5400,-,-,-
TXO,202612,20261216.0,54800.0,Call,-,-,-,-,515.0,-,-,0,0,0,12,485,525,3060,184
TXO,202612,20261216.0,54800.0,Put,-,-,-,-,5570.0,-,-,0,0,0,0,-,-,-,-
TXO,202612,20261216.0,54900.0,Call,500,500,500,500,500.0,▼-80,▼-13.79%,0,1,1,1,470,510,500,500
TXO,202612,20261216.0,54900.0,Put,-,-,-,-,5660.0,-,-,0,0,0,0,5570,-,-,-
TXO,202612,20261216.0,55000.0,Call,475,510,470,492,492.0,▼-83,▼-14.43%,3,15,18,65,459,499,2920,153
TXO,202612,20261216.0,55000.0,Put,-,-,-,-,5740.0,-,-,0,0,0,0,5700,-,-,-
TXO,202612,20261216.0,55100.0,Call,-,-,-,-,474.0,-,-,0,0,0,0,438,478,-,-
TXO,202612,20261216.0,55100.0,Put,-,-,-,-,5830.0,-,-,0,0,0,0,5740,5880,-,-
TXO,202612,20261216.0,55200.0,Call,-,-,-,-,459.0,-,-,0,0,0,1,421,461,1980,207
TXO,202612,20261216.0,55200.0,Put,-,-,-,-,5910.0,-,-,0,0,0,0,5870,-,-,-
TXO,202612,20261216.0,55300.0,Call,-,-,-,-,445.0,-,-,0,0,0,0,424,464,-,-
TXO,202612,20261216.0,55300.0,Put,-,-,-,-,6000.0,-,-,0,0,0,0,5910,-,-,-
TXO,202612,20261216.0,55400.0,Call,-,-,-,-,431.0,-,-,0,0,0,5,400,438,2930,228
TXO,202612,20261216.0,55400.0,Put,-,-,-,-,6090.0,-,-,0,0,0,0,-,6140,-,-
TXO,202612,20261216.0,55500.0,Call,444,444,444,444,418.0,▼-30,▼-6.33%,0,2,2,2,387,420,444,444
TXO,202612,20261216.0,55500.0,Put,-,-,-,-,6170.0,-,-,0,0,0,0,6130,-,-,-
TXO,202612,20261216.0,55600.0,Call,-,-,-,-,405.0,-,-,0,0,0,40,381,414,2150,120
TXO,202612,20261216.0,55600.0,Put,-,-,-,-,6260.0,-,-,0,0,0,0,6170,-,-,-
TXO,202612,20261216.0,55700.0,Call,-,-,-,-,392.0,-,-,0,0,0,2,365,395,400,400
TXO,202612,20261216.0,55700.0,Put,-,-,-,-,6350.0,-,-,0,0,0,0,-,-,-,-
TXO,202612,20261216.0,55800.0,Call,-,-,-,-,379.0,-,-,0,0,0,17,351,381,3020,140
TXO,202612,20261216.0,55800.0,Put,-,-,-,-,6430.0,-,-,0,0,0,0,-,-,-,-
TXO,202612,20261216.0,55900.0,Call,-,-,-,-,367.0,-,-,0,0,0,0,341,371,-,-
TXO,202612,20261216.0,55900.0,Put,-,-,-,-,6520.0,-,-,0,0,0,0,6480,-,-,-
TXO,202612,20261216.0,56000.0,Call,355,355,355,355,355.0,▼-53,▼-12.99%,0,1,1,12,329,356,2170,130
TXO,202612,20261216.0,56000.0,Put,-,-,-,-,6610.0,-,-,0,0,0,0,6520,-,-,-
TXO,202612,20261216.0,56100.0,Call,-,-,-,-,344.0,-,-,0,0,0,0,321,348,-,-
TXO,202612,20261216.0,56100.0,Put,-,-,-,-,6700.0,-,-,0,0,0,0,6610,6760,-,-
TXO,202612,20261216.0,56200.0,Call,-,-,-,-,333.0,-,-,0,0,0,9,311,338,1900,101
TXO,202612,20261216.0,56200.0,Put,-,-,-,-,6790.0,-,-,0,0,0,0,6700,-,-,-
TXO,202612,20261216.0,56300.0,Call,-,-,-,-,322.0,-,-,0,0,0,0,300,327,-,-
TXO,202612,20261216.0,56300.0,Put,-,-,-,-,6870.0,-,-,0,0,0,0,6790,6940,-,-
TXO,202612,20261216.0,56400.0,Call,-,-,-,-,312.0,-,-,0,0,0,1,290,315,1770,105
TXO,202612,20261216.0,56400.0,Put,-,-,-,-,6960.0,-,-,0,0,0,0,-,-,-,-
TXO,202612,20261216.0,56500.0,Call,-,-,-,-,302.0,-,-,0,0,0,0,281,306,-,-
TXO,202612,20261216.0,56500.0,Put,-,-,-,-,7050.0,-,-,0,0,0,0,-,-,-,-
TXO,202612,20261216.0,56600.0,Call,292,292,292,292,292.0,▼-43,▼-12.84%,0,1,1,1,271,296,495,97
TXO,202612,20261216.0,56600.0,Put,-,-,-,-,7140.0,-,-,0,0,0,0,7060,-,-,-
TXO,202612,20261216.0,56700.0,Call,-,-,-,-,284.0,-,-,0,0,0,0,263,288,-,-
TXO,202612,20261216.0,56700.0,Put,-,-,-,-,7230.0,-,-,0,0,0,0,7150,-,-,-
TXO,202612,20261216.0,56800.0,Call,-,-,-,-,275.0,-,-,0,0,0,1,253,278,1830,178
TXO,202612,20261216.0,56800.0,Put,-,-,-,-,7320.0,-,-,0,0,0,0,7240,-,-,-
TXO,202612,20261216.0,56900.0,Call,-,-,-,-,266.0,-,-,0,0,0,0,245,270,-,-
TXO,202612,20261216.0,56900.0,Put,-,-,-,-,7420.0,-,-,0,0,0,0,7380,-,-,-
TXO,202612,20261216.0,57000.0,Call,-,-,-,-,258.0,-,-,0,0,0,610,237,262,2500,110
TXO,202612,20261216.0,57000.0,Put,-,-,-,-,7510.0,-,-,0,0,0,0,-,7580,-,-
TXO,202612,20261216.0,57100.0,Call,-,-,-,-,250.0,-,-,0,0,0,0,238,263,-,-
TXO,202612,20261216.0,57100.0,Put,-,-,-,-,7600.0,-,-,0,0,0,0,-,-,-,-
TXO,202612,20261216.0,57200.0,Call,-,-,-,-,241.0,-,-,0,0,0,5,230,255,1880,130
TXO,202612,20261216.0,57200.0,Put,-,-,-,-,7690.0,-,-,0,0,0,120,-,7790,11110,7300
TXO,202612,20261216.0,57300.0,Call,-,-,-,-,234.0,-,-,0,0,0,0,223,248,-,-
TXO,202612,20261216.0,57300.0,Put,-,-,-,-,7780.0,-,-,0,0,0,0,-,-,-,-
TXO,202612,20261216.0,57400.0,Call,227,227,226,226,226.0,▼-35,▼-13.41%,0,2,2,277,213,238,1870,21
TXO,202612,20261216.0,57400.0,Put,-,-,-,-,7870.0,-,-,0,0,0,0,7840,-,-,-
TXO,202703,20270317.0,31800.0,Call,-,-,-,-,18440.0,-,-,0,0,0,5,18340,18780,19260,15660
TXO,202703,20270317.0,31800.0,Put,110,110,105,110,110.0,▲+7,▲+6.80%,1,6,7,84,103,120,1020,100
TXO,202703,20270317.0,32000.0,Call,-,-,-,-,18250.0,-,-,0,0,0,0,-,18560,-,-
TXO,202703,20270317.0,32000.0,Put,-,-,-,-,114.0,-,-,0,0,0,19,105,123,1360,103
TXO,202703,20270317.0,32200.0,Call,-,-,-,-,18050.0,-,-,0,0,0,0,-,18330,-,-
TXO,202703,20270317.0,32200.0,Put,-,-,-,-,117.0,-,-,0,0,0,2,108,125,265,100
TXO,202703,20270317.0,32400.0,Call,-,-,-,-,17860.0,-,-,0,0,0,0,-,18130,-,-
TXO,202703,20270317.0,32400.0,Put,-,-,-,-,120.0,-,-,0,0,0,0,111,128,331,290
TXO,202703,20270317.0,32600.0,Call,-,-,-,-,17660.0,-,-,0,0,0,0,-,17960,-,-
TXO,202703,20270317.0,32600.0,Put,-,-,-,-,122.0,-,-,0,0,0,1,113,131,375,137
TXO,202703,20270317.0,32800.0,Call,-,-,-,-,17470.0,-,-,0,0,0,0,-,17770,-,-
TXO,202703,20270317.0,32800.0,Put,-,-,-,-,125.0,-,-,0,0,0,1,116,134,415,120
TXO,202703,20270317.0,33000.0,Call,-,-,-,-,17270.0,-,-,0,0,0,0,-,17570,-,-
TXO,202703,20270317.0,33000.0,Put,-,-,-,-,128.0,-,-,0,0,0,11,119,136,469,110
TXO,202703,20270317.0,33200.0,Call,-,-,-,-,17070.0,-,-,0,0,0,0,-,17330,-,-
TXO,202703,20270317.0,33200.0,Put,-,-,-,-,130.0,-,-,0,0,0,2,121,139,1690,154
TXO,202703,20270317.0,33400.0,Call,-,-,-,-,16880.0,-,-,0,0,0,0,-,17170,-,-
TXO,202703,20270317.0,33400.0,Put,-,-,-,-,134.0,-,-,0,0,0,0,124,143,-,-
TXO,202703,20270317.0,33600.0,Call,-,-,-,-,16680.0,-,-,0,0,0,0,-,16950,-,-
TXO,202703,20270317.0,33600.0,Put,-,-,-,-,137.0,-,-,0,0,0,1,127,146,935,184
TXO,202703,20270317.0,33800.0,Call,-,-,-,-,16490.0,-,-,0,0,0,0,16420,16780,-,-
TXO,202703,20270317.0,33800.0,Put,-,-,-,-,141.0,-,-,0,0,0,11,131,150,1850,120
TXO,202703,20270317.0,34000.0,Call,-,-,-,-,16290.0,-,-,0,0,0,0,-,-,-,-
TXO,202703,20270317.0,34000.0,Put,-,-,-,-,144.0,-,-,0,0,0,7,134,153,1420,149
TXO,202703,20270317.0,34200.0,Call,-,-,-,-,16100.0,-,-,0,0,0,0,-,16410,-,-
TXO,202703,20270317.0,34200.0,Put,-,-,-,-,148.0,-,-,0,0,0,1,138,157,1390,243
TXO,202703,20270317.0,34400.0,Call,-,-,-,-,15910.0,-,-,0,0,0,0,-,16180,-,-
TXO,202703,20270317.0,34400.0,Put,-,-,-,-,152.0,-,-,0,0,0,0,141,162,-,-
TXO,202703,20270317.0,34600.0,Call,-,-,-,-,15710.0,-,-,0,0,0,0,15640,15950,13810,12940
TXO,202703,20270317.0,34600.0,Put,-,-,-,-,156.0,-,-,0,0,0,3,145,166,915,190
TXO,202703,20270317.0,34800.0,Call,-,-,-,-,15520.0,-,-,0,0,0,0,-,15760,-,-
TXO,202703,20270317.0,34800.0,Put,-,-,-,-,160.0,-,-,0,0,0,2,149,171,1000,144
TXO,202703,20270317.0,35000.0,Call,-,-,-,-,15320.0,-,-,0,0,0,0,-,15600,-,-
TXO,202703,20270317.0,35000.0,Put,-,-,-,-,165.0,-,-,2,0,2,39,153,176,1600,146
TXO,202703,20270317.0,35200.0,Call,-,-,-,-,15130.0,-,-,0,0,0,0,-,15370,-,-
TXO,202703,20270317.0,35200.0,Put,-,-,-,-,170.0,-,-,0,0,0,3,158,181,515,290
TXO,202703,20270317.0,35400.0,Call,-,-,-,-,14940.0,-,-,0,0,0,0,-,15200,-,-
TXO,202703,20270317.0,35400.0,Put,-,-,-,-,175.0,-,-,0,0,0,10,162,187,695,193
TXO,202703,20270317.0,35600.0,Call,-,-,-,-,14740.0,-,-,0,0,0,0,-,15010,-,-
TXO,202703,20270317.0,35600.0,Put,-,-,-,-,180.0,-,-,0,0,0,27,167,193,2340,155
TXO,202703,20270317.0,35800.0,Call,-,-,-,-,14550.0,-,-,0,0,0,0,-,14770,-,-
TXO,202703,20270317.0,35800.0,Put,-,-,-,-,186.0,-,-,0,0,0,0,172,199,2050,201
TXO,202703,20270317.0,36000.0,Call,-,-,-,-,14360.0,-,-,0,0,0,0,-,14620,-,-
TXO,202703,20270317.0,36000.0,Put,-,-,-,-,196.0,-,-,0,0,0,59,180,208,2380,165
TXO,202703,20270317.0,36200.0,Call,-,-,-,-,14170.0,-,-,0,0,0,0,-,14400,-,-
TXO,202703,20270317.0,36200.0,Put,-,-,-,-,199.0,-,-,0,0,0,1,184,213,2050,173
TXO,202703,20270317.0,36400.0,Call,-,-,-,-,13980.0,-,-,0,0,0,0,-,14260,-,-
TXO,202703,20270317.0,36400.0,Put,-,-,-,-,206.0,-,-,0,0,0,2,190,221,1800,199
TXO,202703,20270317.0,36600.0,Call,-,-,-,-,13790.0,-,-,0,0,0,4,13690,14050,13790,11300
TXO,202703,20270317.0,36600.0,Put,-,-,-,-,213.0,-,-,0,0,0,15,197,228,2780,204
TXO,202703,20270317.0,36800.0,Call,-,-,-,-,13590.0,-,-,0,0,0,0,-,13820,-,-
TXO,202703,20270317.0,36800.0,Put,-,-,-,-,221.0,-,-,0,0,0,1,204,237,1990,284
TXO,202703,20270317.0,37000.0,Call,-,-,-,-,13410.0,-,-,0,0,0,0,-,13680,-,-
TXO,202703,20270317.0,37000.0,Put,-,-,-,-,234.0,-,-,0,0,0,12,214,249,2340,215
TXO,202703,20270317.0,37200.0,Call,-,-,-,-,13220.0,-,-,0,0,0,0,-,13430,-,-
TXO,202703,20270317.0,37200.0,Put,-,-,-,-,238.0,-,-,0,0,0,2,220,255,1160,256
TXO,202703,20270317.0,37400.0,Call,-,-,-,-,13030.0,-,-,0,0,0,0,-,13270,-,-
TXO,202703,20270317.0,37400.0,Put,-,-,-,-,247.0,-,-,0,0,0,2,229,264,2000,231
TXO,202703,20270317.0,37600.0,Call,-,-,-,-,12840.0,-,-,0,0,0,0,-,13080,-,-
TXO,202703,20270317.0,37600.0,Put,-,-,-,-,256.0,-,-,0,0,0,4,238,273,3020,293
TXO,202703,20270317.0,37800.0,Call,-,-,-,-,12650.0,-,-,0,0,0,0,-,12890,-,-
TXO,202703,20270317.0,37800.0,Put,-,-,-,-,270.0,-,-,0,0,0,3,249,271,1150,241
TXO,202703,20270317.0,38000.0,Call,-,-,-,-,12470.0,-,-,0,0,0,1,12360,12700,11830,11830
TXO,202703,20270317.0,38000.0,Put,250,250,250,250,285.0,▲+5,▲+2.04%,0,1,1,46,264,299,2600,239
TXO,202703,20270317.0,38200.0,Call,-,-,-,-,12270.0,-,-,0,0,0,0,-,12470,-,-
TXO,202703,20270317.0,38200.0,Put,-,-,-,-,289.0,-,-,0,0,0,1,271,306,1230,482
TXO,202703,20270317.0,38400.0,Call,-,-,-,-,12090.0,-,-,0,0,0,0,-,12380,12380,10180
TXO,202703,20270317.0,38400.0,Put,281,281,281,281,301.0,▲+22,▲+8.49%,0,1,1,3,283,318,1270,281
TXO,202703,20270317.0,38600.0,Call,-,-,-,-,11900.0,-,-,0,0,0,0,-,12100,-,-
TXO,202703,20270317.0,38600.0,Put,-,-,-,-,313.0,-,-,0,0,0,3,295,330,2090,480
TXO,202703,20270317.0,38800.0,Call,-,-,-,-,11720.0,-,-,0,0,0,0,-,11870,-,-
TXO,202703,20270317.0,38800.0,Put,-,-,-,-,327.0,-,-,0,0,0,1,309,344,2560,680
TXO,202703,20270317.0,39000.0,Call,-,-,-,-,11540.0,-,-,0,0,0,0,-,11720,-,-
TXO,202703,20270317.0,39000.0,Put,-,-,-,-,347.0,-,-,0,0,0,7,329,364,3400,380
TXO,202703,20270317.0,39200.0,Call,-,-,-,-,11350.0,-,-,0,0,0,0,-,11580,-,-
TXO,202703,20270317.0,39200.0,Put,-,-,-,-,356.0,-,-,0,0,0,1,338,373,2680,1450
TXO,202703,20270317.0,39400.0,Call,-,-,-,-,11170.0,-,-,0,0,0,0,-,11360,-,-
TXO,202703,20270317.0,39400.0,Put,-,-,-,-,371.0,-,-,0,0,0,4,353,388,2740,640
TXO,202703,20270317.0,39600.0,Call,-,-,-,-,10980.0,-,-,0,0,0,0,-,11170,-,-
TXO,202703,20270317.0,39600.0,Put,-,-,-,-,387.0,-,-,0,0,0,6,369,404,2830,840
TXO,202703,20270317.0,39800.0,Call,-,-,-,-,10810.0,-,-,0,0,0,0,-,11020,-,-
TXO,202703,20270317.0,39800.0,Put,-,-,-,-,408.0,-,-,0,0,0,3,387,422,3000,605
TXO,202703,20270317.0,40000.0,Call,-,-,-,-,10630.0,-,-,0,0,0,2,10520,10850,11530,6000
TXO,202703,20270317.0,40000.0,Put,-,-,-,-,430.0,-,-,0,0,0,42,408,453,4200,375
TXO,202703,20270317.0,40200.0,Call,-,-,-,-,10440.0,-,-,0,0,0,0,-,10620,-,-
TXO,202703,20270317.0,40200.0,Put,-,-,-,-,442.0,-,-,0,0,0,5,419,464,2460,381
TXO,202703,20270317.0,40400.0,Call,-,-,-,-,10270.0,-,-,0,0,0,0,-,10440,6450,5300
TXO,202703,20270317.0,40400.0,Put,-,-,-,-,462.0,-,-,0,0,0,3,439,484,1760,477
TXO,202703,20270317.0,40600.0,Call,-,-,-,-,10090.0,-,-,0,0,0,0,-,10260,6950,5530
TXO,202703,20270317.0,40600.0,Put,-,-,-,-,483.0,-,-,0,0,0,0,460,505,-,-
TXO,202703,20270317.0,40800.0,Call,-,-,-,-,9910.0,-,-,0,0,0,1,9820,10100,10400,10400
TXO,202703,20270317.0,40800.0,Put,-,-,-,-,505.0,-,-,0,0,0,3,481,525,4650,525
TXO,202703,20270317.0,41000.0,Call,-,-,-,-,9740.0,-,-,0,0,0,0,-,9900,8000,5380
TXO,202703,20270317.0,41000.0,Put,-,-,-,-,530.0,-,-,0,0,0,2,505,550,4540,477
TXO,202703,20270317.0,41200.0,Call,-,-,-,-,9560.0,-,-,0,0,0,0,-,9730,-,-
TXO,202703,20270317.0,41200.0,Put,-,-,-,-,550.0,-,-,0,0,0,2,525,570,3000,640
TXO,202703,20270317.0,41400.0,Call,-,-,-,-,9380.0,-,-,0,0,0,0,9320,9560,-,-
TXO,202703,20270317.0,41400.0,Put,-,-,-,-,575.0,-,-,0,0,0,3,550,595,2050,980
TXO,202703,20270317.0,41600.0,Call,-,-,-,-,9210.0,-,-,0,0,0,0,-,9410,-,-
TXO,202703,20270317.0,41600.0,Put,-,-,-,-,600.0,-,-,0,0,0,0,575,625,3390,1120
TXO,202703,20270317.0,41800.0,Call,-,-,-,-,9050.0,-,-,0,0,0,0,-,9200,-,-
TXO,202703,20270317.0,41800.0,Put,-,-,-,-,630.0,-,-,0,0,0,1,605,655,3200,2180
TXO,202703,20270317.0,42000.0,Call,-,-,-,-,8870.0,-,-,0,0,0,1,8780,9050,11500,4800
TXO,202703,20270317.0,42000.0,Put,-,-,-,-,660.0,-,-,0,0,0,10,630,685,4320,590
TXO,202703,20270317.0,42200.0,Call,-,-,-,-,8710.0,-,-,0,0,0,0,-,8890,-,-
TXO,202703,20270317.0,42200.0,Put,-,-,-,-,690.0,-,-,0,0,0,1,655,710,2260,2260
TXO,202703,20270317.0,42400.0,Call,-,-,-,-,8540.0,-,-,0,0,0,0,-,8700,-,-
TXO,202703,20270317.0,42400.0,Put,-,-,-,-,720.0,-,-,0,0,0,1,690,750,2370,2370
TXO,202703,20270317.0,42600.0,Call,-,-,-,-,8370.0,-,-,0,0,0,1,8290,8530,6610,6610
TXO,202703,20270317.0,42600.0,Put,-,-,-,-,750.0,-,-,0,0,0,1,720,780,2440,2440
TXO,202703,20270317.0,42800.0,Call,-,-,-,-,8210.0,-,-,0,0,0,1,8120,8330,6480,6480
TXO,202703,20270317.0,42800.0,Put,-,-,-,-,785.0,-,-,0,0,0,1,750,815,2690,2510
TXO,202703,20270317.0,43000.0,Call,-,-,-,-,8050.0,-,-,0,0,0,0,-,8230,-,-
TXO,202703,20270317.0,43000.0,Put,-,-,-,-,820.0,-,-,0,0,0,2,785,855,4720,980
TXO,202703,20270317.0,43200.0,Call,-,-,-,-,7880.0,-,-,0,0,0,1,7800,8040,6230,6230
TXO,202703,20270317.0,43200.0,Put,-,-,-,-,855.0,-,-,0,0,0,1,820,890,2660,2660
TXO,202703,20270317.0,43400.0,Call,-,-,-,-,7720.0,-,-,0,0,0,1,7630,7840,6110,6110
TXO,202703,20270317.0,43400.0,Put,-,-,-,-,895.0,-,-,0,0,0,1,860,930,3730,3730
TXO,202703,20270317.0,43600.0,Call,-,-,-,-,7570.0,-,-,0,0,0,1,7480,7750,5980,5980
TXO,202703,20270317.0,43600.0,Put,-,-,-,-,935.0,-,-,0,0,0,0,900,970,6100,3200
TXO,202703,20270317.0,43800.0,Call,-,-,-,-,7410.0,-,-,0,0,0,0,-,7580,-,-
TXO,202703,20270317.0,43800.0,Put,-,-,-,-,975.0,-,-,0,0,0,2,940,1010,5820,830
TXO,202703,20270317.0,44000.0,Call,-,-,-,-,7250.0,-,-,0,0,0,13,7160,7400,9500,5370
TXO,202703,20270317.0,44000.0,Put,-,-,-,-,1020.0,-,-,0,0,0,21,980,1050,5230,900
TXO,202703,20270317.0,44200.0,Call,-,-,-,-,7100.0,-,-,0,0,0,2,7010,7270,6100,3340
TXO,202703,20270317.0,44200.0,Put,-,-,-,-,1070.0,-,-,0,0,0,1,1020,1110,3040,3040
TXO,202703,20270317.0,44400.0,Call,-,-,-,-,6940.0,-,-,0,0,0,1,6850,7110,5740,5140
TXO,202703,20270317.0,44400.0,Put,-,-,-,-,1110.0,-,-,0,0,0,1,1060,1150,3130,1920
TXO,202703,20270317.0,44600.0,Call,-,-,-,-,6790.0,-,-,0,0,0,2,6700,6940,5300,3600
TXO,202703,20270317.0,44600.0,Put,-,-,-,-,1160.0,-,-,0,0,0,1,1110,1200,3210,1990
TXO,202703,20270317.0,44800.0,Call,-,-,-,-,6650.0,-,-,0,0,0,1,-,6800,4880,4470
TXO,202703,20270317.0,44800.0,Put,-,-,-,-,1210.0,-,-,0,0,0,6,1160,1250,5330,1100
TXO,202703,20270317.0,45000.0,Call,-,-,-,-,6500.0,-,-,0,0,0,1,6440,6660,5850,3280
TXO,202703,20270317.0,45000.0,Put,-,-,-,-,1260.0,-,-,0,0,0,4,1210,1300,5500,1060
TXO,202703,20270317.0,45200.0,Call,-,-,-,-,6350.0,-,-,0,0,0,2,6290,6510,5400,4800
TXO,202703,20270317.0,45200.0,Put,-,-,-,-,1310.0,-,-,0,0,0,1,1260,1350,3470,3470
TXO,202703,20270317.0,45400.0,Call,-,-,-,-,6210.0,-,-,0,0,0,1,6150,6340,4940,4000
TXO,202703,20270317.0,45400.0,Put,-,-,-,-,1370.0,-,-,0,0,0,2,1320,1410,3560,2900
TXO,202703,20270317.0,45600.0,Call,-,-,-,-,6060.0,-,-,0,0,0,1,5990,6230,4850,4850
TXO,202703,20270317.0,45600.0,Put,-,-,-,-,1420.0,-,-,0,0,0,1,1370,1460,3650,3650
TXO,202703,20270317.0,45800.0,Call,-,-,-,-,5920.0,-,-,0,0,0,2,5860,6020,4720,3880
TXO,202703,20270317.0,45800.0,Put,-,-,-,-,1480.0,-,-,0,0,0,1,1430,1520,3740,3740
TXO,202703,20270317.0,46000.0,Call,-,-,-,-,5790.0,-,-,0,0,0,5,5710,5930,8000,3110
TXO,202703,20270317.0,46000.0,Put,-,-,-,-,1540.0,-,-,0,0,0,9,1490,1580,5700,1360
TXO,202703,20270317.0,46200.0,Call,-,-,-,-,5650.0,-,-,0,0,0,1,5560,5800,4510,4510
TXO,202703,20270317.0,46200.0,Put,-,-,-,-,1600.0,-,-,0,0,0,1,1550,1640,3930,3930
TXO,202703,20270317.0,46400.0,Call,-,-,-,-,5510.0,-,-,0,0,0,1,5440,5650,4410,4410
TXO,202703,20270317.0,46400.0,Put,-,-,-,-,1660.0,-,-,0,0,0,1,1610,1700,4020,4020
TXO,202703,20270317.0,46600.0,Call,-,-,-,-,5380.0,-,-,0,0,0,2,5320,5530,7460,7430
TXO,202703,20270317.0,46600.0,Put,-,-,-,-,1720.0,-,-,0,0,0,1,1670,1770,4120,4120
TXO,202703,20270317.0,46800.0,Call,-,-,-,-,5240.0,-,-,0,0,0,8,5170,5410,4200,3240
TXO,202703,20270317.0,46800.0,Put,-,-,-,-,1780.0,-,-,0,0,0,1,1730,1830,4220,4220
TXO,202703,20270317.0,47000.0,Call,-,-,-,-,5110.0,-,-,0,0,0,150,5070,5310,7200,3150
TXO,202703,20270317.0,47000.0,Put,-,-,-,-,1850.0,-,-,0,0,0,52,1800,1900,4780,2680
TXO,202703,20270317.0,47200.0,Call,-,-,-,-,4980.0,-,-,0,0,0,1,4910,5150,4010,4010
TXO,202703,20270317.0,47200.0,Put,-,-,-,-,1920.0,-,-,0,0,0,1,1860,1970,4420,4420
TXO,202703,20270317.0,47400.0,Call,-,-,-,-,4850.0,-,-,0,0,0,1,4800,5040,3910,3910
TXO,202703,20270317.0,47400.0,Put,-,-,-,-,1990.0,-,-,0,0,0,4,1930,2040,4430,2000
TXO,202703,20270317.0,47600.0,Call,-,-,-,-,4730.0,-,-,0,0,0,1,4640,4880,3510,3510
TXO,202703,20270317.0,47600.0,Put,-,-,-,-,2070.0,-,-,0,0,0,3,2000,2120,4630,4530
TXO,202703,20270317.0,47800.0,Call,-,-,-,-,4620.0,-,-,0,0,0,1,4520,4780,3720,3720
TXO,202703,20270317.0,47800.0,Put,-,-,-,-,2150.0,-,-,0,0,0,3,2070,2190,4740,4640
TXO,202703,20270317.0,48000.0,Call,-,-,-,-,4500.0,-,-,0,0,0,53,4440,4640,4790,2960
TXO,202703,20270317.0,48000.0,Put,-,-,-,-,2240.0,-,-,0,0,0,62,2150,2270,8820,2460
TXO,202703,20270317.0,48200.0,Call,-,-,-,-,4390.0,-,-,0,0,0,3,4280,4510,3860,3530
TXO,202703,20270317.0,48200.0,Put,-,-,-,-,2320.0,-,-,0,0,0,4,2230,2350,4870,2680
TXO,202703,20270317.0,48400.0,Call,-,-,-,-,4280.0,-,-,0,0,0,3,4200,4390,7100,2350
TXO,202703,20270317.0,48400.0,Put,-,-,-,-,2410.0,-,-,0,0,0,1,2340,2470,4980,4980
TXO,202703,20270317.0,48600.0,Call,-,-,-,-,4140.0,-,-,0,0,0,5,4050,4280,6300,2140
TXO,202703,20270317.0,48600.0,Put,-,-,-,-,2470.0,-,-,0,0,0,2,2400,2540,5100,2400
TXO,202703,20270317.0,48800.0,Call,-,-,-,-,4020.0,-,-,0,0,0,11,3930,4130,4300,2260
TXO,202703,20270317.0,48800.0,Put,-,-,-,-,2550.0,-,-,0,0,0,1,2500,2640,5210,5210
TXO,202703,20270317.0,49000.0,Call,-,-,-,-,3910.0,-,-,0,0,0,12,3840,4040,6150,2040
TXO,202703,20270317.0,49000.0,Put,-,-,-,-,2640.0,-,-,0,0,0,6,2580,2720,6880,3700
TXO,202703,20270317.0,49200.0,Call,-,-,-,-,3810.0,-,-,0,0,0,5,3700,3890,6280,2000
TXO,202703,20270317.0,49200.0,Put,-,-,-,-,2730.0,-,-,0,0,0,1,2670,2830,5440,4610
TXO,202703,20270317.0,49400.0,Call,-,-,-,-,3700.0,-,-,0,0,0,1,3640,3820,5760,2950
TXO,202703,20270317.0,49400.0,Put,-,-,-,-,2820.0,-,-,0,0,0,1,2700,2860,5560,5560
TXO,202703,20270317.0,49600.0,Call,-,-,-,-,3590.0,-,-,0,0,0,1,3520,3710,3030,3030
TXO,202703,20270317.0,49600.0,Put,-,-,-,-,2910.0,-,-,0,0,0,1,2790,2950,5680,5680
TXO,202703,20270317.0,49800.0,Call,-,-,-,-,3490.0,-,-,0,0,0,2,3420,3600,2950,2770
TXO,202703,20270317.0,49800.0,Put,-,-,-,-,3010.0,-,-,0,0,0,1,2880,3040,5800,5800
TXO,202703,20270317.0,50000.0,Call,3480,3480,3480,3480,3390.0,▼-170,▼-4.66%,0,1,1,72,3300,3480,7300,1800
TXO,202703,20270317.0,50000.0,Put,-,-,-,-,3100.0,-,-,1,0,1,22,3030,3180,10120,3000
TXO,202703,20270317.0,50200.0,Call,-,-,-,-,3290.0,-,-,0,0,0,2,3200,3380,5650,1610
TXO,202703,20270317.0,50200.0,Put,-,-,-,-,3200.0,-,-,0,0,0,1,3070,3250,6050,6050
TXO,202703,20270317.0,50400.0,Call,3200,3200,3200,3200,3200.0,▼-230,▼-6.71%,0,1,1,1,3110,3290,3200,1750
TXO,202703,20270317.0,50400.0,Put,-,-,-,-,3300.0,-,-,0,0,0,1,3160,3340,6200,6200
TXO,202703,20270317.0,50600.0,Call,-,-,-,-,3090.0,-,-,0,0,0,0,3010,3190,3360,2240
TXO,202703,20270317.0,50600.0,Put,-,-,-,-,3410.0,-,-,0,0,0,1,3320,3490,6300,6300
TXO,202703,20270317.0,50800.0,Call,-,-,-,-,3000.0,-,-,0,0,0,2,2910,3070,2580,1770
TXO,202703,20270317.0,50800.0,Put,-,-,-,-,3510.0,-,-,0,0,0,1,3380,3570,6430,6430
TXO,202703,20270317.0,51000.0,Call,-,-,-,-,2910.0,-,-,0,0,0,1426,2830,2990,6190,1480
TXO,202703,20270317.0,51000.0,Put,-,-,-,-,3620.0,-,-,0,0,0,4,3460,3640,6560,5680
TXO,202703,20270317.0,51200.0,Call,-,-,-,-,2820.0,-,-,0,0,0,2,2750,2910,3190,1560
TXO,202703,20270317.0,51200.0,Put,-,-,-,-,3730.0,-,-,0,0,0,1,3620,3810,6690,6690
TXO,202703,20270317.0,51400.0,Call,-,-,-,-,2740.0,-,-,0,0,0,0,2640,2780,5950,1480
TXO,202703,20270317.0,51400.0,Put,-,-,-,-,3840.0,-,-,0,0,0,1,3740,3950,6830,6830
TXO,202703,20270317.0,51600.0,Call,-,-,-,-,2650.0,-,-,0,0,0,3,2570,2710,5400,1490
TXO,202703,20270317.0,51600.0,Put,-,-,-,-,3950.0,-,-,0,0,0,1,3850,4060,6960,6960
TXO,202703,20270317.0,51800.0,Call,-,-,-,-,2570.0,-,-,0,0,0,1,2480,2620,4720,4600
TXO,202703,20270317.0,51800.0,Put,-,-,-,-,4070.0,-,-,0,0,0,1,3940,4140,7090,7090
TXO,202703,20270317.0,52000.0,Call,-,-,-,-,2490.0,-,-,0,0,0,11,2410,2550,5800,1340
TXO,202703,20270317.0,52000.0,Put,-,-,-,-,4190.0,-,-,4,0,4,4,4080,4270,7230,3900
TXO,202703,20270317.0,52200.0,Call,-,-,-,-,2410.0,-,-,0,0,0,1,2340,2480,2120,2120
TXO,202703,20270317.0,52200.0,Put,-,-,-,-,4310.0,-,-,0,0,0,1,4190,4410,7370,7370
TXO,202703,20270317.0,52400.0,Call,-,-,-,-,2330.0,-,-,0,0,0,11,2250,2370,4900,1280
TXO,202703,20270317.0,52400.0,Put,-,-,-,-,4430.0,-,-,0,0,0,1,4330,4550,7510,7510
TXO,202703,20270317.0,52600.0,Call,-,-,-,-,2260.0,-,-,0,0,0,1,2170,2290,2230,1330
TXO,202703,20270317.0,52600.0,Put,-,-,-,-,4560.0,-,-,0,0,0,1,4450,4670,7650,7650
TXO,202703,20270317.0,52800.0,Call,-,-,-,-,2190.0,-,-,0,0,0,0,2100,2220,4470,1190
TXO,202703,20270317.0,52800.0,Put,-,-,-,-,4680.0,-,-,0,0,0,1,4580,4800,7790,7790
TXO,202703,20270317.0,53000.0,Call,-,-,-,-,2120.0,-,-,0,0,0,13,2060,2180,4850,1050
TXO,202703,20270317.0,53000.0,Put,-,-,-,-,4810.0,-,-,0,0,0,0,4670,4910,-,-
TXO,202703,20270317.0,53200.0,Call,-,-,-,-,2050.0,-,-,0,0,0,3,1960,2070,4700,1210
TXO,202703,20270317.0,53200.0,Put,-,-,-,-,4940.0,-,-,0,0,0,1,4810,5050,8070,8070
TXO,202703,20270317.0,53400.0,Call,-,-,-,-,1990.0,-,-,0,0,0,6,1900,2010,1860,980
TXO,202703,20270317.0,53400.0,Put,-,-,-,-,5070.0,-,-,0,0,0,1,4930,5180,8400,8220
TXO,202703,20270317.0,53600.0,Call,-,-,-,-,1920.0,-,-,0,0,0,2,1840,1950,2030,1120
TXO,202703,20270317.0,53600.0,Put,-,-,-,-,5210.0,-,-,0,0,0,0,5070,5320,-,-
TXO,202703,20270317.0,53800.0,Call,-,-,-,-,1860.0,-,-,0,0,0,1,1770,1870,4600,880
TXO,202703,20270317.0,53800.0,Put,-,-,-,-,5340.0,-,-,0,0,0,0,5200,5450,-,-
TXO,202703,20270317.0,54000.0,Call,-,-,-,-,1790.0,-,-,0,0,0,11,1740,1840,4820,800
TXO,202703,20270317.0,54000.0,Put,-,-,-,-,5470.0,-,-,0,0,0,0,5340,5600,-,-
TXO,202703,20270317.0,54200.0,Call,-,-,-,-,1730.0,-,-,0,0,0,3,1680,1780,1770,855
TXO,202703,20270317.0,54200.0,Put,-,-,-,-,5610.0,-,-,0,0,0,0,5410,5670,-,-
TXO,202703,20270317.0,54400.0,Call,-,-,-,-,1670.0,-,-,0,0,0,11,1620,1710,1810,885
TXO,202703,20270317.0,54400.0,Put,-,-,-,-,5750.0,-,-,0,0,0,1,5610,5830,5400,5400
TXO,202703,20270317.0,54600.0,Call,-,-,-,-,1610.0,-,-,0,0,0,2,1530,1620,1740,705
TXO,202703,20270317.0,54600.0,Put,-,-,-,-,5890.0,-,-,0,0,0,0,5690,5960,-,-
TXO,202703,20270317.0,54800.0,Call,-,-,-,-,1560.0,-,-,0,0,0,1478,1510,1600,1450,695
TXO,202703,20270317.0,54800.0,Put,-,-,-,-,6040.0,-,-,0,0,0,0,5830,6100,-,-
TXO,202703,20270317.0,55000.0,Call,-,-,-,-,1510.0,-,-,0,0,0,25,1460,1550,3600,705
TXO,202703,20270317.0,55000.0,Put,-,-,-,-,6180.0,-,-,0,0,0,0,5970,6250,-,-
TXO,202703,20270317.0,55200.0,Call,-,-,-,-,1450.0,-,-,0,0,0,7,1380,1470,4510,600
TXO,202703,20270317.0,55200.0,Put,-,-,-,-,6330.0,-,-,0,0,0,0,6110,6410,-,-
TXO,202703,20270317.0,55400.0,Call,-,-,-,-,1390.0,-,-,0,0,0,6,1350,1440,1320,900
TXO,202703,20270317.0,55400.0,Put,-,-,-,-,6470.0,-,-,0,0,0,0,6360,-,-,-
TXO,202703,20270317.0,55600.0,Call,-,-,-,-,1350.0,-,-,0,0,0,6,1300,1390,1730,860
TXO,202703,20270317.0,55600.0,Put,-,-,-,-,6620.0,-,-,0,0,0,0,6500,-,-,-
TXO,202703,20270317.0,55800.0,Call,1280,1280,1280,1280,1280.0,▼-100,▼-7.25%,0,1,1,3,1250,1340,4340,600
TXO,202703,20270317.0,55800.0,Put,-,-,-,-,6770.0,-,-,0,0,0,0,6650,-,-,-
TXO,202703,20270317.0,56000.0,Call,-,-,-,-,1250.0,-,-,0,0,0,1441,1200,1290,2570,570
TXO,202703,20270317.0,56000.0,Put,-,-,-,-,6920.0,-,-,0,0,0,0,6800,6990,14710,10440
TXO,202703,20270317.0,56200.0,Call,-,-,-,-,1210.0,-,-,0,0,0,6,1160,1250,1370,530
TXO,202703,20270317.0,56200.0,Put,-,-,-,-,7080.0,-,-,0,0,0,0,6990,-,-,-
TXO,202703,20270317.0,56400.0,Call,-,-,-,-,1170.0,-,-,0,0,0,12,1120,1210,1140,710
TXO,202703,20270317.0,56400.0,Put,-,-,-,-,7230.0,-,-,0,0,0,0,7110,-,-,-
TXO,202703,20270317.0,56600.0,Call,-,-,-,-,1120.0,-,-,0,0,0,6,1080,1170,1760,700
TXO,202703,20270317.0,56600.0,Put,-,-,-,-,7390.0,-,-,0,0,0,0,7300,7440,-,-
TXO,202703,20270317.0,56800.0,Call,-,-,-,-,1070.0,-,-,0,0,0,2,1030,1120,1130,615
TXO,202703,20270317.0,56800.0,Put,-,-,-,-,7540.0,-,-,0,0,0,0,7420,7600,-,-
TXO,202703,20270317.0,57000.0,Call,-,-,-,-,1000.0,-,-,1,0,1,12,970,1040,2950,470
TXO,202703,20270317.0,57000.0,Put,-,-,-,-,7660.0,-,-,0,0,0,0,7620,7760,-,-
TXO,202703,20270317.0,57200.0,Call,995,995,995,995,995.0,▼-65,▼-6.13%,0,3,3,14,965,1030,3450,430
TXO,202703,20270317.0,57200.0,Put,-,-,-,-,7850.0,-,-,0,0,0,0,7780,-,-,-
TXO,202703,20270317.0,57400.0,Call,-,-,-,-,965.0,-,-,0,0,0,222,930,1000,3760,385
TXO,202703,20270317.0,57400.0,Put,-,-,-,-,8020.0,-,-,0,0,0,0,7940,8110,-,-
TXO,202703,20270317.0,57600.0,Call,-,-,-,-,930.0,-,-,0,0,0,0,890,960,-,-
TXO,202703,20270317.0,57600.0,Put,-,-,-,-,8180.0,-,-,0,0,0,0,8080,-,-,-
TXO,202703,20270317.0,57800.0,Call,-,-,-,-,895.0,-,-,0,0,0,6,855,925,980,620
TXO,202703,20270317.0,57800.0,Put,-,-,-,-,8350.0,-,-,0,0,0,0,8270,8440,-,-
TXO,202703,20270317.0,58000.0,Call,-,-,-,-,860.0,-,-,0,0,0,0,825,895,-,-
TXO,202703,20270317.0,58000.0,Put,-,-,-,-,8510.0,-,-,0,0,0,0,8410,8590,-,-
TXO,202703,20270317.0,58200.0,Call,795,795,795,795,830.0,▼-80,▼-9.14%,0,1,1,9,790,860,870,630
TXO,202703,20270317.0,58200.0,Put,-,-,-,-,8680.0,-,-,0,0,0,0,8600,8760,-,-
TXO,202703,20270317.0,58400.0,Call,-,-,-,-,800.0,-,-,0,0,0,0,765,830,-,-
TXO,202703,20270317.0,58400.0,Put,-,-,-,-,8850.0,-,-,0,0,0,0,8770,8950,-,-
TXO,202703,20270317.0,58600.0,Call,-,-,-,-,770.0,-,-,0,0,0,0,735,800,-,-
TXO,202703,20270317.0,58600.0,Put,-,-,-,-,9010.0,-,-,0,0,0,0,8890,9100,-,-
TXO,202703,20270317.0,58800.0,Call,-,-,-,-,740.0,-,-,0,0,0,0,705,765,-,-
TXO,202703,20270317.0,58800.0,Put,-,-,-,-,9180.0,-,-,0,0,0,0,9060,-,-,-
TXO,202703,20270317.0,59000.0,Call,-,-,-,-,710.0,-,-,0,0,0,0,680,740,-,-
TXO,202703,20270317.0,59000.0,Put,-,-,-,-,9350.0,-,-,0,0,0,0,9280,-,-,-
TXO,202703,20270317.0,59200.0,Call,-,-,-,-,685.0,-,-,0,0,0,0,655,710,-,-
TXO,202703,20270317.0,59200.0,Put,-,-,-,-,9530.0,-,-,0,0,0,0,9410,-,-,-
TXO,202703,20270317.0,59400.0,Call,-,-,-,-,655.0,-,-,0,0,0,0,630,685,-,-
TXO,202703,20270317.0,59400.0,Put,-,-,-,-,9700.0,-,-,0,0,0,0,9560,-,-,-
TXO,202703,20270317.0,59600.0,Call,-,-,-,-,630.0,-,-,0,0,0,0,605,655,-,-
TXO,202703,20270317.0,59600.0,Put,-,-,-,-,9870.0,-,-,0,0,0,0,9800,9960,-,-
TXO,202703,20270317.0,59800.0,Call,580,605,580,605,605.0,▼-30,▼-4.72%,0,3,3,1482,570,620,620,580
TXO,202703,20270317.0,59800.0,Put,-,-,-,-,10040.0,-,-,0,0,0,0,9910,10170,-,-
TXO,202706,20270616.0,36600.0,Call,-,-,-,-,14480.0,-,-,0,0,0,4,14370,14730,15250,12200
TXO,202706,20270616.0,36600.0,Put,405,405,405,405,405.0,▲+44,▲+12.19%,0,2,2,39,410,431,715,355
TXO,202706,20270616.0,36800.0,Call,-,-,-,-,14300.0,-,-,0,0,0,0,-,14560,-,-
TXO,202706,20270616.0,36800.0,Put,413,413,413,413,432.0,▲+35,▲+9.26%,0,1,1,2,420,441,605,399
TXO,202706,20270616.0,37000.0,Call,-,-,-,-,14120.0,-,-,0,0,0,0,-,14360,-,-
TXO,202706,20270616.0,37000.0,Put,-,-,-,-,449.0,-,-,0,0,0,13,443,465,750,370
TXO,202706,20270616.0,37200.0,Call,-,-,-,-,13940.0,-,-,0,0,0,0,-,14170,-,-
TXO,202706,20270616.0,37200.0,Put,-,-,-,-,467.0,-,-,0,0,0,5,454,477,715,715
TXO,202706,20270616.0,37400.0,Call,-,-,-,-,13760.0,-,-,0,0,0,0,-,13950,-,-
TXO,202706,20270616.0,37400.0,Put,-,-,-,-,485.0,-,-,0,0,0,5,480,505,740,461
TXO,202706,20270616.0,37600.0,Call,-,-,-,-,13580.0,-,-,0,0,0,0,-,13810,-,-
TXO,202706,20270616.0,37600.0,Put,-,-,-,-,505.0,-,-,0,0,0,9,499,525,755,479
TXO,202706,20270616.0,37800.0,Call,-,-,-,-,13400.0,-,-,0,0,0,0,-,13630,-,-
TXO,202706,20270616.0,37800.0,Put,-,-,-,-,525.0,-,-,0,0,0,7,515,545,800,625
TXO,202706,20270616.0,38000.0,Call,-,-,-,-,13230.0,-,-,0,0,0,0,-,13450,-,-
TXO,202706,20270616.0,38000.0,Put,-,-,-,-,545.0,-,-,0,0,0,18,530,560,715,496
TXO,202706,20270616.0,38200.0,Call,-,-,-,-,13050.0,-,-,0,0,0,0,-,13280,-,-
TXO,202706,20270616.0,38200.0,Put,-,-,-,-,565.0,-,-,0,0,0,11,550,580,670,488
TXO,202706,20270616.0,38400.0,Call,-,-,-,-,12880.0,-,-,0,0,0,0,-,13090,-,-
TXO,202706,20270616.0,38400.0,Put,-,-,-,-,590.0,-,-,0,0,0,20,575,605,695,555
TXO,202706,20270616.0,38600.0,Call,-,-,-,-,12700.0,-,-,0,0,0,0,-,12920,-,-
TXO,202706,20270616.0,38600.0,Put,-,-,-,-,610.0,-,-,0,0,0,19,605,635,720,555
TXO,202706,20270616.0,38800.0,Call,-,-,-,-,12530.0,-,-,0,0,0,0,-,12710,-,-
TXO,202706,20270616.0,38800.0,Put,-,-,-,-,640.0,-,-,0,0,0,15,630,660,1020,605
TXO,202706,20270616.0,39000.0,Call,-,-,-,-,12360.0,-,-,0,0,0,0,-,12530,-,-
TXO,202706,20270616.0,39000.0,Put,-,-,-,-,665.0,-,-,0,0,0,2,655,685,815,600
TXO,202706,20270616.0,39200.0,Call,-,-,-,-,12190.0,-,-,0,0,0,0,-,12420,-,-
TXO,202706,20270616.0,39200.0,Put,-,-,-,-,690.0,-,-,0,0,0,1,670,705,695,695
TXO,202706,20270616.0,39400.0,Call,-,-,-,-,12020.0,-,-,0,0,0,0,-,12280,-,-
TXO,202706,20270616.0,39400.0,Put,690,690,685,685,720.0,▲+50,▲+7.87%,2,4,6,2,710,740,810,685
TXO,202706,20270616.0,39600.0,Call,-,-,-,-,11850.0,-,-,0,0,0,0,11760,12050,-,-
TXO,202706,20270616.0,39600.0,Put,-,-,-,-,745.0,-,-,0,0,0,10,740,770,835,625
TXO,202706,20270616.0,39800.0,Call,-,-,-,-,11680.0,-,-,0,0,0,0,-,11880,-,-
TXO,202706,20270616.0,39800.0,Put,-,-,-,-,775.0,-,-,0,0,0,13,770,800,900,700
TXO,202706,20270616.0,40000.0,Call,-,-,-,-,11510.0,-,-,0,0,0,1,11390,11700,10660,10660
TXO,202706,20270616.0,40000.0,Put,760,770,760,770,805.0,▲+65,▲+9.22%,0,3,3,13,800,830,980,700
TXO,202706,20270616.0,40200.0,Call,-,-,-,-,11350.0,-,-,0,0,0,0,-,11550,-,-
TXO,202706,20270616.0,40200.0,Put,800,800,800,800,835.0,▲+70,▲+9.59%,0,2,2,5,825,860,800,715
TXO,202706,20270616.0,40400.0,Call,-,-,-,-,11180.0,-,-,0,0,0,0,-,11350,-,-
TXO,202706,20270616.0,40400.0,Put,-,-,-,-,870.0,-,-,0,0,0,0,860,900,-,-
TXO,202706,20270616.0,40600.0,Call,-,-,-,-,11020.0,-,-,0,0,0,0,-,11220,-,-
TXO,202706,20270616.0,40600.0,Put,-,-,-,-,900.0,-,-,0,0,0,6,890,930,1030,790
TXO,202706,20270616.0,40800.0,Call,-,-,-,-,10850.0,-,-,0,0,0,0,-,11050,-,-
TXO,202706,20270616.0,40800.0,Put,-,-,-,-,935.0,-,-,0,0,0,1,925,965,1020,1020
TXO,202706,20270616.0,41000.0,Call,-,-,-,-,10690.0,-,-,0,0,0,2,10580,10890,9900,8750
TXO,202706,20270616.0,41000.0,Put,-,-,-,-,970.0,-,-,0,0,0,1,960,1000,1460,1460
TXO,202706,20270616.0,41200.0,Call,-,-,-,-,10530.0,-,-,0,0,0,0,-,10710,-,-
TXO,202706,20270616.0,41200.0,Put,-,-,-,-,1010.0,-,-,0,0,0,1,995,1030,1150,1150
TXO,202706,20270616.0,41400.0,Call,-,-,-,-,10370.0,-,-,0,0,0,0,-,10550,-,-
TXO,202706,20270616.0,41400.0,Put,-,-,-,-,1040.0,-,-,0,0,0,0,1030,1080,-,-
TXO,202706,20270616.0,41600.0,Call,-,-,-,-,10210.0,-,-,0,0,0,0,-,10390,-,-
TXO,202706,20270616.0,41600.0,Put,-,-,-,-,1080.0,-,-,0,0,0,5,1070,1120,1220,980
TXO,202706,20270616.0,41800.0,Call,-,-,-,-,10060.0,-,-,0,0,0,0,-,10230,-,-
TXO,202706,20270616.0,41800.0,Put,-,-,-,-,1120.0,-,-,0,0,0,4,1110,1160,1700,1230
TXO,202706,20270616.0,42000.0,Call,-,-,-,-,9900.0,-,-,0,0,0,1,9810,10090,9050,9050
TXO,202706,20270616.0,42000.0,Put,-,-,-,-,1160.0,-,-,0,0,0,23,1150,1200,1760,1030
TXO,202706,20270616.0,42200.0,Call,-,-,-,-,9750.0,-,-,0,0,0,0,-,9850,-,-
TXO,202706,20270616.0,42200.0,Put,-,-,-,-,1210.0,-,-,0,0,0,0,1180,1230,-,-
TXO,202706,20270616.0,42400.0,Call,-,-,-,-,9590.0,-,-,0,0,0,0,-,9770,-,-
TXO,202706,20270616.0,42400.0,Put,-,-,-,-,1250.0,-,-,0,0,0,0,1240,1290,-,-
TXO,202706,20270616.0,42600.0,Call,-,-,-,-,9440.0,-,-,0,0,0,0,-,9580,-,-
TXO,202706,20270616.0,42600.0,Put,-,-,-,-,1290.0,-,-,0,0,0,0,1260,1320,-,-
TXO,202706,20270616.0,42800.0,Call,-,-,-,-,9280.0,-,-,0,0,0,0,-,9460,-,-
TXO,202706,20270616.0,42800.0,Put,-,-,-,-,1340.0,-,-,0,0,0,0,1330,1380,-,-
TXO,202706,20270616.0,43000.0,Call,-,-,-,-,9140.0,-,-,0,0,0,1,-,9320,9350,7280
TXO,202706,20270616.0,43000.0,Put,-,-,-,-,1390.0,-,-,0,0,0,1,1360,1410,1770,1290
TXO,202706,20270616.0,43200.0,Call,-,-,-,-,8980.0,-,-,0,0,0,0,-,9110,-,-
TXO,202706,20270616.0,43200.0,Put,-,-,-,-,1430.0,-,-,0,0,0,0,1420,1470,-,-
TXO,202706,20270616.0,43400.0,Call,-,-,-,-,8830.0,-,-,0,0,0,0,-,8970,-,-
TXO,202706,20270616.0,43400.0,Put,-,-,-,-,1480.0,-,-,0,0,0,2,1470,1520,1870,1870
TXO,202706,20270616.0,43600.0,Call,-,-,-,-,8690.0,-,-,0,0,0,0,-,8820,-,-
TXO,202706,20270616.0,43600.0,Put,-,-,-,-,1530.0,-,-,0,0,0,2,1520,1570,1930,1930
TXO,202706,20270616.0,43800.0,Call,-,-,-,-,8540.0,-,-,0,0,0,0,-,8690,-,-
TXO,202706,20270616.0,43800.0,Put,-,-,-,-,1590.0,-,-,0,0,0,0,1570,1630,-,-
TXO,202706,20270616.0,44000.0,Call,-,-,-,-,8400.0,-,-,0,0,0,1,8310,8540,6350,6350
TXO,202706,20270616.0,44000.0,Put,-,-,-,-,1640.0,-,-,0,0,0,2,1630,1680,2070,2070
TXO,202706,20270616.0,44200.0,Call,-,-,-,-,8250.0,-,-,0,0,0,0,-,8380,-,-
TXO,202706,20270616.0,44200.0,Put,-,-,-,-,1690.0,-,-,0,0,0,0,1670,1730,-,-
TXO,202706,20270616.0,44400.0,Call,-,-,-,-,8110.0,-,-,0,0,0,0,-,8260,-,-
TXO,202706,20270616.0,44400.0,Put,-,-,-,-,1750.0,-,-,0,0,0,4,1740,1790,2510,2050
TXO,202706,20270616.0,44600.0,Call,-,-,-,-,7970.0,-,-,0,0,0,0,-,8120,-,-
TXO,202706,20270616.0,44600.0,Put,-,-,-,-,1810.0,-,-,0,0,0,5,1780,1840,2580,1770
TXO,202706,20270616.0,44800.0,Call,-,-,-,-,7840.0,-,-,0,0,0,0,-,7980,-,-
TXO,202706,20270616.0,44800.0,Put,-,-,-,-,1870.0,-,-,0,0,0,2,1850,1910,2650,1740
TXO,202706,20270616.0,45000.0,Call,-,-,-,-,7700.0,-,-,0,0,0,1,7600,7820,6920,6920
TXO,202706,20270616.0,45000.0,Put,-,-,-,-,1930.0,-,-,0,0,0,5,1900,1960,2600,1720
TXO,202706,20270616.0,45200.0,Call,-,-,-,-,7560.0,-,-,0,0,0,0,7470,7700,-,-
TXO,202706,20270616.0,45200.0,Put,-,-,-,-,1990.0,-,-,0,0,0,1,1970,2030,1950,1950
TXO,202706,20270616.0,45400.0,Call,-,-,-,-,7420.0,-,-,0,0,0,0,-,7570,-,-
TXO,202706,20270616.0,45400.0,Put,-,-,-,-,2040.0,-,-,0,0,0,0,2030,2090,-,-
TXO,202706,20270616.0,45600.0,Call,-,-,-,-,7290.0,-,-,0,0,0,0,-,7400,-,-
TXO,202706,20270616.0,45600.0,Put,-,-,-,-,2110.0,-,-,0,0,0,0,2090,2150,-,-
TXO,202706,20270616.0,45800.0,Call,-,-,-,-,7150.0,-,-,0,0,0,0,-,7230,-,-
TXO,202706,20270616.0,45800.0,Put,-,-,-,-,2170.0,-,-,0,0,0,0,2150,2210,-,-
TXO,202706,20270616.0,46000.0,Call,-,-,-,-,7030.0,-,-,0,0,0,1,6920,7160,5350,5350
TXO,202706,20270616.0,46000.0,Put,2220,2260,2220,2260,2260.0,▲+220,▲+10.78%,0,2,2,18,2220,2280,2580,2040
TXO,202706,20270616.0,46200.0,Call,-,-,-,-,6890.0,-,-,0,0,0,1,-,7020,5750,4710
TXO,202706,20270616.0,46200.0,Put,-,-,-,-,2300.0,-,-,0,0,0,0,2290,2360,-,-
TXO,202706,20270616.0,46400.0,Call,-,-,-,-,6760.0,-,-,0,0,0,0,-,6900,-,-
TXO,202706,20270616.0,46400.0,Put,-,-,-,-,2370.0,-,-,0,0,0,0,2350,2410,-,-
TXO,202706,20270616.0,46600.0,Call,-,-,-,-,6630.0,-,-,0,0,0,0,6560,6730,-,-
TXO,202706,20270616.0,46600.0,Put,-,-,-,-,2440.0,-,-,0,0,0,1,2420,2480,2210,2210
TXO,202706,20270616.0,46800.0,Call,-,-,-,-,6510.0,-,-,0,0,0,0,6450,6590,-,-
TXO,202706,20270616.0,46800.0,Put,-,-,-,-,2510.0,-,-,0,0,0,0,2500,2560,-,-
TXO,202706,20270616.0,47000.0,Call,-,-,-,-,6380.0,-,-,0,0,0,0,6320,6460,-,-
TXO,202706,20270616.0,47000.0,Put,-,-,-,-,2580.0,-,-,0,0,0,70,2570,2630,3280,2380
TXO,202706,20270616.0,47200.0,Call,-,-,-,-,6260.0,-,-,0,0,0,0,6200,6330,-,-
TXO,202706,20270616.0,47200.0,Put,-,-,-,-,2650.0,-,-,0,0,0,0,2650,2710,-,-
TXO,202706,20270616.0,47400.0,Call,-,-,-,-,6140.0,-,-,0,0,0,0,6080,6210,-,-
TXO,202706,20270616.0,47400.0,Put,-,-,-,-,2730.0,-,-,0,0,0,0,2710,2790,3280,3210
TXO,202706,20270616.0,47600.0,Call,-,-,-,-,6010.0,-,-,0,0,0,0,5950,6080,-,-
TXO,202706,20270616.0,47600.0,Put,-,-,-,-,2800.0,-,-,0,0,0,0,2780,2860,-,-
TXO,202706,20270616.0,47800.0,Call,-,-,-,-,5900.0,-,-,0,0,0,0,5830,5960,-,-
TXO,202706,20270616.0,47800.0,Put,-,-,-,-,2880.0,-,-,0,0,0,1,2860,2940,2690,2690
TXO,202706,20270616.0,48000.0,Call,-,-,-,-,5780.0,-,-,0,0,0,1,5730,5860,5100,4200
TXO,202706,20270616.0,48000.0,Put,-,-,-,-,2960.0,-,-,0,0,0,22,2940,3020,3460,3270
TXO,202706,20270616.0,48200.0,Call,-,-,-,-,5660.0,-,-,0,0,0,0,5600,5730,-,-
TXO,202706,20270616.0,48200.0,Put,-,-,-,-,3040.0,-,-,0,0,0,0,3020,3100,-,-
TXO,202706,20270616.0,48400.0,Call,-,-,-,-,5540.0,-,-,0,0,0,0,5480,5600,-,-
TXO,202706,20270616.0,48400.0,Put,-,-,-,-,3120.0,-,-,0,0,0,4,3100,3180,3520,3060
TXO,202706,20270616.0,48600.0,Call,-,-,-,-,5430.0,-,-,0,0,0,0,5370,5490,-,-
TXO,202706,20270616.0,48600.0,Put,-,-,-,-,3210.0,-,-,0,0,0,1,3170,3240,3200,3200
TXO,202706,20270616.0,48800.0,Call,-,-,-,-,5310.0,-,-,0,0,0,0,5250,5370,-,-
TXO,202706,20270616.0,48800.0,Put,-,-,-,-,3290.0,-,-,0,0,0,0,3270,3350,-,-
TXO,202706,20270616.0,49000.0,Call,-,-,-,-,5210.0,-,-,0,0,0,48,5170,5280,5600,3520
TXO,202706,20270616.0,49000.0,Put,-,-,-,-,3380.0,-,-,0,0,0,22,3360,3440,4200,3140
TXO,202706,20270616.0,49200.0,Call,-,-,-,-,5090.0,-,-,0,0,0,0,5030,5150,-,-
TXO,202706,20270616.0,49200.0,Put,-,-,-,-,3460.0,-,-,0,0,0,0,3440,3520,-,-
TXO,202706,20270616.0,49400.0,Call,-,-,-,-,4980.0,-,-,0,0,0,0,4920,5040,-,-
TXO,202706,20270616.0,49400.0,Put,-,-,-,-,3550.0,-,-,0,0,0,0,3520,3610,-,-
TXO,202706,20270616.0,49600.0,Call,-,-,-,-,4870.0,-,-,0,0,0,0,4840,4960,-,-
TXO,202706,20270616.0,49600.0,Put,-,-,-,-,3640.0,-,-,0,0,0,0,3610,3700,-,-
TXO,202706,20270616.0,49800.0,Call,4810,4810,4810,4810,4770.0,▼-200,▼-3.99%,0,9,9,6,4740,4850,4810,3920
TXO,202706,20270616.0,49800.0,Put,-,-,-,-,3730.0,-,-,0,0,0,1,3700,3770,3500,3500
TXO,202706,20270616.0,50000.0,Call,-,-,-,-,4670.0,-,-,0,0,0,63,4630,4730,4870,3520
TXO,202706,20270616.0,50000.0,Put,-,-,-,-,3830.0,-,-,0,0,0,13,3810,3880,4170,3560
TXO,202706,20270616.0,50200.0,Call,-,-,-,-,4580.0,-,-,0,0,0,22,4520,4620,3930,3730
TXO,202706,20270616.0,50200.0,Put,-,-,-,-,3930.0,-,-,0,0,0,0,3890,3980,5160,4260
TXO,202706,20270616.0,50400.0,Call,4520,4520,4500,4500,4500.0,▼-190,▼-4.05%,0,7,7,17,4420,4520,4520,2910
TXO,202706,20270616.0,50400.0,Put,-,-,-,-,4040.0,-,-,0,0,0,0,3990,4080,-,-
TXO,202706,20270616.0,50600.0,Call,-,-,-,-,4390.0,-,-,0,0,0,0,4330,4440,3620,3550
TXO,202706,20270616.0,50600.0,Put,-,-,-,-,4140.0,-,-,0,0,0,0,4090,4180,-,-
TXO,202706,20270616.0,50800.0,Call,4290,4290,4290,4290,4290.0,▼-200,▼-4.45%,0,1,1,10,4230,4330,4500,3530
TXO,202706,20270616.0,50800.0,Put,-,-,-,-,4250.0,-,-,0,0,0,0,4190,4280,-,-
TXO,202706,20270616.0,51000.0,Call,4250,4250,4250,4250,4210.0,▼-140,▼-3.19%,0,6,6,10,4130,4220,4420,4250
TXO,202706,20270616.0,51000.0,Put,-,-,-,-,4350.0,-,-,0,0,0,4,4300,4370,4800,4800
TXO,202706,20270616.0,51200.0,Call,4110,4110,4110,4110,4110.0,▼-180,▼-4.20%,0,2,2,0,4040,4140,4300,4110
TXO,202706,20270616.0,51200.0,Put,-,-,-,-,4450.0,-,-,0,0,0,0,4390,4480,-,-
TXO,202706,20270616.0,51400.0,Call,-,-,-,-,4010.0,-,-,0,0,0,0,3940,4040,-,-
TXO,202706,20270616.0,51400.0,Put,-,-,-,-,4550.0,-,-,0,0,0,0,4500,4600,-,-
TXO,202706,20270616.0,51600.0,Call,-,-,-,-,3920.0,-,-,0,0,0,0,3850,3950,-,-
TXO,202706,20270616.0,51600.0,Put,-,-,-,-,4650.0,-,-,0,0,0,0,4590,4690,-,-
TXO,202706,20270616.0,51800.0,Call,-,-,-,-,3830.0,-,-,0,0,0,0,3760,3860,-,-
TXO,202706,20270616.0,51800.0,Put,-,-,-,-,4760.0,-,-,0,0,0,0,4700,4800,-,-
TXO,202706,20270616.0,52000.0,Call,3810,3810,3810,3810,3740.0,▼-120,▼-3.05%,0,1,1,10,3670,3760,3880,2650
TXO,202706,20270616.0,52000.0,Put,-,-,-,-,4870.0,-,-,0,0,0,4,4810,4890,4500,4500
TXO,202706,20270616.0,52200.0,Call,-,-,-,-,3650.0,-,-,0,0,0,1,3580,3670,2580,2580
TXO,202706,20270616.0,52200.0,Put,-,-,-,-,4980.0,-,-,0,0,0,0,4920,5030,-,-
TXO,202706,20270616.0,52400.0,Call,-,-,-,-,3560.0,-,-,0,0,0,1,3500,3600,3210,2040
TXO,202706,20270616.0,52400.0,Put,-,-,-,-,5090.0,-,-,0,0,0,0,5040,5150,-,-
TXO,202706,20270616.0,52600.0,Call,3550,3570,3550,3570,3480.0,▼-100,▼-2.72%,7,18,25,26,3410,3490,3640,3550
TXO,202706,20270616.0,52600.0,Put,-,-,-,-,5210.0,-,-,0,0,0,0,5150,5260,-,-
TXO,202706,20270616.0,52800.0,Call,-,-,-,-,3400.0,-,-,7,0,7,21,3330,3410,3590,3070
TXO,202706,20270616.0,52800.0,Put,-,-,-,-,5320.0,-,-,0,0,0,0,5270,5380,-,-
TXO,202706,20270616.0,53000.0,Call,3420,3420,3420,3420,3320.0,▼-70,▼-2.01%,6,8,14,17,3250,3330,3460,1920
TXO,202706,20270616.0,53000.0,Put,-,-,-,-,5440.0,-,-,0,0,0,0,5370,5490,-,-
TXO,202706,20270616.0,53200.0,Call,3290,3290,3290,3290,3240.0,▼-100,▼-2.95%,0,7,7,7,3170,3250,3290,3290
TXO,202706,20270616.0,53200.0,Put,-,-,-,-,5550.0,-,-,0,0,0,0,5490,5610,-,-
TXO,202706,20270616.0,53400.0,Call,-,-,-,-,3160.0,-,-,0,0,0,0,3090,3170,-,-
TXO,202706,20270616.0,53400.0,Put,-,-,-,-,5670.0,-,-,0,0,0,0,5610,5730,-,-
TXO,202706,20270616.0,53600.0,Call,-,-,-,-,3080.0,-,-,0,0,0,1,3030,3110,2800,2800
TXO,202706,20270616.0,53600.0,Put,-,-,-,-,5790.0,-,-,0,0,0,0,5740,5860,-,-
TXO,202706,20270616.0,53800.0,Call,-,-,-,-,3000.0,-,-,0,0,0,0,2950,3030,-,-
TXO,202706,20270616.0,53800.0,Put,-,-,-,-,5910.0,-,-,0,0,0,0,5860,5980,-,-
TXO,202706,20270616.0,54000.0,Call,-,-,-,-,2930.0,-,-,0,0,0,0,2880,2960,-,-
TXO,202706,20270616.0,54000.0,Put,-,-,-,-,6030.0,-,-,0,0,0,0,5980,6100,-,-
TXO,202706,20270616.0,54200.0,Call,-,-,-,-,2860.0,-,-,0,0,0,0,2790,2860,-,-
TXO,202706,20270616.0,54200.0,Put,-,-,-,-,6160.0,-,-,0,0,0,0,6110,6230,-,-
TXO,202706,20270616.0,54400.0,Call,-,-,-,-,2790.0,-,-,0,0,0,0,2720,2790,-,-
TXO,202706,20270616.0,54400.0,Put,-,-,-,-,6290.0,-,-,0,0,0,0,6230,6350,-,-
TXO,202706,20270616.0,54600.0,Call,-,-,-,-,2720.0,-,-,0,0,0,0,2670,2740,-,-
TXO,202706,20270616.0,54600.0,Put,-,-,-,-,6420.0,-,-,0,0,0,0,6370,6500,-,-
TXO,202706,20270616.0,54800.0,Call,-,-,-,-,2650.0,-,-,0,0,0,0,2600,2670,-,-
TXO,202706,20270616.0,54800.0,Put,-,-,-,-,6540.0,-,-,0,0,0,0,6490,6630,-,-
TXO,202706,20270616.0,55000.0,Call,2550,2550,2550,2550,2580.0,▼-140,▼-5.20%,0,1,1,14,2530,2590,2550,1360
TXO,202706,20270616.0,55000.0,Put,-,-,-,-,6680.0,-,-,0,0,0,0,6620,6760,-,-
TXO,202706,20270616.0,55200.0,Call,-,-,-,-,2520.0,-,-,0,0,0,21,2470,2530,2600,1280
TXO,202706,20270616.0,55200.0,Put,-,-,-,-,6810.0,-,-,0,0,0,0,6760,6900,-,-
TXO,202706,20270616.0,55400.0,Call,-,-,-,-,2460.0,-,-,0,0,0,0,2410,2480,-,-
TXO,202706,20270616.0,55400.0,Put,-,-,-,-,6940.0,-,-,0,0,0,0,6890,7030,-,-
TXO,202706,20270616.0,55600.0,Call,-,-,-,-,2400.0,-,-,0,0,0,16,2340,2400,1950,1230
TXO,202706,20270616.0,55600.0,Put,-,-,-,-,7080.0,-,-,0,0,0,0,7030,7170,-,-
TXO,202706,20270616.0,55800.0,Call,-,-,-,-,2340.0,-,-,0,0,0,1,2290,2360,1600,1600
TXO,202706,20270616.0,55800.0,Put,-,-,-,-,7220.0,-,-,0,0,0,0,7170,7310,-,-
TXO,202706,20270616.0,56000.0,Call,-,-,-,-,2280.0,-,-,0,0,0,4,2220,2280,1730,1470
TXO,202706,20270616.0,56000.0,Put,-,-,-,-,7350.0,-,-,0,0,0,0,7310,7450,-,-
TXO,202706,20270616.0,56200.0,Call,-,-,-,-,2220.0,-,-,0,0,0,2,2170,2240,1520,1440
TXO,202706,20270616.0,56200.0,Put,-,-,-,-,7490.0,-,-,0,0,0,0,7440,7590,-,-
TXO,202706,20270616.0,56400.0,Call,-,-,-,-,2160.0,-,-,0,0,0,1,2110,2180,1430,1430
TXO,202706,20270616.0,56400.0,Put,-,-,-,-,7630.0,-,-,0,0,0,0,7580,7730,-,-
TXO,202706,20270616.0,56600.0,Call,-,-,-,-,2100.0,-,-,0,0,0,2,2050,2110,1460,1350
TXO,202706,20270616.0,56600.0,Put,-,-,-,-,7770.0,-,-,0,0,0,0,7730,7880,-,-
TXO,202706,20270616.0,56800.0,Call,-,-,-,-,2050.0,-,-,0,0,0,13,2000,2060,1960,1090
TXO,202706,20270616.0,56800.0,Put,-,-,-,-,7910.0,-,-,0,0,0,0,7870,8020,-,-
TXO,202706,20270616.0,57000.0,Call,2020,2020,2020,2020,1990.0,▼-60,▼-2.88%,0,1,1,5,1950,2020,2160,2020
TXO,202706,20270616.0,57000.0,Put,-,-,-,-,8060.0,-,-,0,0,0,0,8020,8180,-,-
TXO,202706,20270616.0,57200.0,Call,-,-,-,-,1940.0,-,-,0,0,0,0,1890,1950,-,-
TXO,202706,20270616.0,57200.0,Put,-,-,-,-,8200.0,-,-,0,0,0,0,8160,8320,-,-
TXO,202706,20270616.0,57400.0,Call,-,-,-,-,1890.0,-,-,0,0,0,12,1840,1900,1490,1160
TXO,202706,20270616.0,57400.0,Put,-,-,-,-,8350.0,-,-,0,0,0,0,8300,8480,-,-
TXO,202706,20270616.0,57600.0,Call,-,-,-,-,1840.0,-,-,0,0,0,2,1790,1850,1410,1330
TXO,202706,20270616.0,57600.0,Put,-,-,-,-,8490.0,-,-,0,0,0,0,8450,8630,-,-
TXO,202706,20270616.0,57800.0,Call,-,-,-,-,1790.0,-,-,0,0,0,8,1740,1800,1770,1280
TXO,202706,20270616.0,57800.0,Put,-,-,-,-,8640.0,-,-,0,0,0,0,8560,8750,-,-
TXO,202706,20270616.0,58000.0,Call,-,-,-,-,1740.0,-,-,0,0,0,18,1700,1760,1840,1430
TXO,202706,20270616.0,58000.0,Put,-,-,-,-,8790.0,-,-,0,0,0,0,8690,8900,-,-
TXO,202706,20270616.0,58200.0,Call,-,-,-,-,1690.0,-,-,1,0,1,15,1650,1710,1720,1390
TXO,202706,20270616.0,58200.0,Put,-,-,-,-,8940.0,-,-,0,0,0,0,8870,-,-,-
TXO,202706,20270616.0,58400.0,Call,-,-,-,-,1650.0,-,-,0,0,0,0,1600,1660,-,-
TXO,202706,20270616.0,58400.0,Put,-,-,-,-,9090.0,-,-,0,0,0,0,9050,9210,-,-
TXO,202706,20270616.0,58600.0,Call,-,-,-,-,1610.0,-,-,0,0,0,0,1560,1620,-,-
TXO,202706,20270616.0,58600.0,Put,-,-,-,-,9250.0,-,-,0,0,0,0,9200,-,-,-
TXO,202706,20270616.0,58800.0,Call,-,-,-,-,1560.0,-,-,0,0,0,0,1520,1580,-,-
TXO,202706,20270616.0,58800.0,Put,-,-,-,-,9400.0,-,-,0,0,0,0,9330,9520,-,-
TXO,202706,20270616.0,59000.0,Call,-,-,-,-,1520.0,-,-,0,0,0,4,1470,1520,1600,1540
TXO,202706,20270616.0,59000.0,Put,-,-,-,-,9560.0,-,-,0,0,0,0,9460,9680,-,-
TXO,202706,20270616.0,59200.0,Call,-,-,-,-,1480.0,-,-,0,0,0,0,1430,1490,-,-
TXO,202706,20270616.0,59200.0,Put,-,-,-,-,9710.0,-,-,0,0,0,0,9640,9830,-,-
TXO,202706,20270616.0,59400.0,Call,-,-,-,-,1440.0,-,-,0,0,0,0,1390,1450,-,-
TXO,202706,20270616.0,59400.0,Put,-,-,-,-,9870.0,-,-,0,0,0,0,9800,9990,-,-
TXO,202706,20270616.0,59600.0,Call,-,-,-,-,1400.0,-,-,0,0,0,0,1360,1420,-,-
TXO,202706,20270616.0,59600.0,Put,-,-,-,-,10030.0,-,-,0,0,0,0,9960,10150,-,-
TXO,202706,20270616.0,59800.0,Call,1300,1370,1300,1370,1370.0,▼-40,▼-2.84%,4,8,12,25,1320,1370,1450,1300
TXO,202706,20270616.0,59800.0,Put,-,-,-,-,10180.0,-,-,0,0,0,0,10150,-,-,-
