契約,到期月份 (週別),契約到期日,履約價,買賣權,開盤價,最高價,最低價,最後 成交價,結算價,漲跌價,漲跌%,*盤後交易時段成交量,*一般交易時段成交量,*合計成交量,*未沖銷 契約量,最後 最佳買價,最後 最佳賣價,歷史 最高價,歷史 最低價
TXO,202609F1,20260904.0,40200.0,Call,-,-,-,-,5590.0,-,-,0,0,0,0,5570,5610,-,-
TXO,202609F1,20260904.0,40200.0,Put,0.2,0.3,0.1,0.3,0.2,▼-0.2,▼-40.00%,16,45,61,167,0.1,0.3,63,0.1
TXO,202609F1,20260904.0,40300.0,Call,-,-,-,-,5490.0,-,-,0,0,0,0,5470,5510,-,-
TXO,202609F1,20260904.0,40300.0,Put,-,-,-,-,0.2,-,-,0,0,0,23,-,0.6,50,0.7
TXO,202609F1,20260904.0,40400.0,Call,-,-,-,-,5390.0,-,-,0,0,0,0,5370,5410,-,-
TXO,202609F1,20260904.0,40400.0,Put,-,-,-,-,0.2,-,-,0,0,0,38,-,0.5,106,0.8
TXO,202609F1,20260904.0,40500.0,Call,-,-,-,-,5290.0,-,-,0,0,0,0,5270,5310,-,-
TXO,202609F1,20260904.0,40500.0,Put,-,-,-,-,0.2,-,-,34,0,34,85,-,0.5,106,0.5
TXO,202609F1,20260904.0,40600.0,Call,-,-,-,-,5190.0,-,-,0,0,0,0,5170,5210,-,-
TXO,202609F1,20260904.0,40600.0,Put,-,-,-,-,0.2,-,-,0,0,0,20,-,0.5,116,0.8
TXO,202609F1,20260904.0,40700.0,Call,-,-,-,-,5090.0,-,-,0,0,0,0,5070,5110,-,-
TXO,202609F1,20260904.0,40700.0,Put,-,-,-,-,0.2,-,-,0,0,0,8,-,0.5,107,0.9
TXO,202609F1,20260904.0,40800.0,Call,-,-,-,-,4990.0,-,-,0,0,0,0,4980,5010,-,-
TXO,202609F1,20260904.0,40800.0,Put,-,-,-,-,0.2,-,-,1,0,1,10,-,0.5,125,0.7
TXO,202609F1,20260904.0,40900.0,Call,-,-,-,-,4890.0,-,-,0,0,0,0,4880,4910,-,-
TXO,202609F1,20260904.0,40900.0,Put,-,-,-,-,0.3,-,-,0,0,0,32,-,0.5,122,1
TXO,202609F1,20260904.0,41000.0,Call,-,-,-,-,4790.0,-,-,0,0,0,0,4780,4810,-,-
TXO,202609F1,20260904.0,41000.0,Put,1,1,1,1,0.3,▼-0.1,▼-9.09%,0,4,4,32,-,0.5,130,1
TXO,202609F1,20260904.0,41100.0,Call,-,-,-,-,4690.0,-,-,0,0,0,0,4680,4710,-,-
TXO,202609F1,20260904.0,41100.0,Put,0.5,0.5,0.5,0.5,0.3,▼-0.6,▼-54.55%,0,20,20,22,-,0.5,107,0.5
TXO,202609F1,20260904.0,41200.0,Call,-,-,-,-,4590.0,-,-,0,0,0,0,4580,4610,-,-
TXO,202609F1,20260904.0,41200.0,Put,0.5,0.5,0.5,0.5,0.3,▼-0.7,▼-58.33%,0,20,20,27,-,0.5,108,0.5
TXO,202609F1,20260904.0,41300.0,Call,-,-,-,-,4490.0,-,-,0,0,0,0,4480,4510,-,-
TXO,202609F1,20260904.0,41300.0,Put,0.5,0.5,0.5,0.5,0.3,▼-0.8,▼-61.54%,4,10,14,41,-,0.6,105,0.5
TXO,202609F1,20260904.0,41400.0,Call,-,-,-,-,4390.0,-,-,0,0,0,0,4380,4410,-,-
TXO,202609F1,20260904.0,41400.0,Put,0.3,0.3,0.3,0.3,0.3,▼-1.1,▼-78.57%,0,1,1,3,-,0.6,99,0.3
TXO,202609F1,20260904.0,41500.0,Call,-,-,-,-,4290.0,-,-,0,0,0,0,4010,4310,-,-
TXO,202609F1,20260904.0,41500.0,Put,1,1,0.2,0.3,0.3,▼-1.1,▼-78.57%,69,3,72,473,-,0.6,165,0.2
TXO,202609F1,20260904.0,41600.0,Call,-,-,-,-,4190.0,-,-,0,0,0,0,3910,4210,-,-
TXO,202609F1,20260904.0,41600.0,Put,0.3,0.3,0.3,0.3,0.3,▼-1.4,▼-82.35%,12,1,13,16,-,0.6,152,0.3
TXO,202609F1,20260904.0,41700.0,Call,-,-,-,-,4090.0,-,-,0,0,0,0,3810,4110,-,-
TXO,202609F1,20260904.0,41700.0,Put,-,-,-,-,0.4,-,-,4,0,4,6,-,0.6,132,1.5
TXO,202609F1,20260904.0,41800.0,Call,-,-,-,-,3990.0,-,-,0,0,0,0,3710,4010,-,-
TXO,202609F1,20260904.0,41800.0,Put,0.2,0.4,0.2,0.4,0.4,▼-1.5,▼-78.95%,2,8,10,24,0.3,0.6,184,0.2
TXO,202609F1,20260904.0,41900.0,Call,-,-,-,-,3890.0,-,-,0,0,0,0,3610,3910,-,-
TXO,202609F1,20260904.0,41900.0,Put,0.7,0.7,0.2,0.2,0.5,▼-1.9,▼-90.48%,4,6,10,8,0.3,0.6,146,0.2
TXO,202609F1,20260904.0,42000.0,Call,-,-,-,-,3790.0,-,-,0,0,0,0,3560,3810,-,-
TXO,202609F1,20260904.0,42000.0,Put,0.4,0.6,0.2,0.6,0.6,▼-1.6,▼-72.73%,35,36,71,62,0.3,0.7,230,0.2
TXO,202609F1,20260904.0,42100.0,Call,-,-,-,-,3690.0,-,-,0,0,0,0,3680,3710,-,-
TXO,202609F1,20260904.0,42100.0,Put,0.4,0.4,0.2,0.2,0.7,▼-2.1,▼-91.30%,1,6,7,21,0.4,0.9,23,0.2
TXO,202609F1,20260904.0,42200.0,Call,-,-,-,-,3590.0,-,-,0,0,0,0,3580,3610,-,-
TXO,202609F1,20260904.0,42200.0,Put,0.9,0.9,0.2,0.4,0.7,▼-2.1,▼-84.00%,4,31,35,38,0.5,0.9,200,0.2
TXO,202609F1,20260904.0,42300.0,Call,-,-,-,-,3490.0,-,-,0,0,0,0,3480,3510,-,-
TXO,202609F1,20260904.0,42300.0,Put,0.7,1,0.2,0.2,0.8,▼-2.5,▼-92.59%,22,16,38,41,0.6,1,34,0.2
TXO,202609F1,20260904.0,42400.0,Call,-,-,-,-,3390.0,-,-,0,0,0,0,3380,3410,-,-
TXO,202609F1,20260904.0,42400.0,Put,0.5,1.5,0.2,1.5,0.9,▼-1.5,▼-50.00%,20,18,38,19,0.6,1.1,252,0.2
TXO,202609F1,20260904.0,42500.0,Call,-,-,-,-,3290.0,-,-,0,0,0,0,3030,3310,-,-
TXO,202609F1,20260904.0,42500.0,Put,0.9,0.9,0.2,0.5,1.0,▼-3,▼-85.71%,59,36,95,78,0.8,1.2,252,0.2
TXO,202609F1,20260904.0,42600.0,Call,-,-,-,-,3190.0,-,-,0,0,0,0,3180,3210,-,-
TXO,202609F1,20260904.0,42600.0,Put,1.4,1.4,0.3,0.7,1.3,▼-3,▼-81.08%,27,33,60,35,1,1.5,253,0.3
TXO,202609F1,20260904.0,42700.0,Call,-,-,-,-,3090.0,-,-,0,0,0,0,2860,3110,-,-
TXO,202609F1,20260904.0,42700.0,Put,0.7,1.1,0.5,1,1.4,▼-2.9,▼-74.36%,10,41,51,48,1.2,1.6,201,0.5
TXO,202609F1,20260904.0,42800.0,Call,-,-,-,-,2990.0,-,-,0,0,0,0,2980,3010,-,-
TXO,202609F1,20260904.0,42800.0,Put,1.5,1.5,0.4,1.5,1.5,▼-2.9,▼-65.91%,20,20,40,34,1.2,1.7,320,0.4
TXO,202609F1,20260904.0,42900.0,Call,-,-,-,-,2890.0,-,-,0,0,0,0,2880,2910,-,-
TXO,202609F1,20260904.0,42900.0,Put,1.5,1.7,0.9,1.5,1.5,▼-3.1,▼-67.39%,34,13,47,53,1.4,1.9,334,0.9
TXO,202609F1,20260904.0,43000.0,Call,-,-,-,-,2790.0,-,-,0,0,0,0,2560,2810,-,-
TXO,202609F1,20260904.0,43000.0,Put,1.5,2.5,0.5,2,2.0,▼-3.1,▼-60.78%,118,58,176,153,1.8,2.3,380,0.5
TXO,202609F1,20260904.0,43100.0,Call,-,-,-,-,2690.0,-,-,0,0,0,1,2460,2710,2180,2180
TXO,202609F1,20260904.0,43100.0,Put,1.7,3.1,0.5,1.7,2.3,▼-3.7,▼-68.52%,53,16,69,77,2,2.5,314,0.5
TXO,202609F1,20260904.0,43200.0,Call,-,-,-,-,2590.0,-,-,0,0,0,1,2580,2610,2120,2120
TXO,202609F1,20260904.0,43200.0,Put,2,2.7,0.5,2.3,2.3,▼-3.9,▼-62.90%,113,47,160,117,2.2,2.8,336,0.5
TXO,202609F1,20260904.0,43300.0,Call,-,-,-,-,2490.0,-,-,0,0,0,1,2480,2510,1990,1990
TXO,202609F1,20260904.0,43300.0,Put,1.8,3.4,0.7,2.8,2.8,▼-4,▼-58.82%,60,21,81,71,2.6,3.2,297,0.7
TXO,202609F1,20260904.0,43400.0,Call,-,-,-,-,2400.0,-,-,0,0,0,2,2290,2490,1910,1890
TXO,202609F1,20260904.0,43400.0,Put,2.1,4,0.9,4,3.3,▼-3.2,▼-44.44%,99,78,177,105,3,3.6,318,0.9
TXO,202609F1,20260904.0,43450.0,Call,-,-,-,-,2350.0,-,-,0,0,0,0,2330,2360,-,-
TXO,202609F1,20260904.0,43450.0,Put,2.2,3.4,0.5,2.6,3.6,▼-4.9,▼-65.33%,13,38,51,43,3.3,3.9,116,0.5
TXO,202609F1,20260904.0,43500.0,Call,-,-,-,-,2300.0,-,-,0,0,0,1,2030,2310,1990,1990
TXO,202609F1,20260904.0,43500.0,Put,1.5,4.8,0.7,3.6,3.6,▼-4.7,▼-56.63%,327,269,596,290,3.7,4,550,0.7
TXO,202609F1,20260904.0,43550.0,Call,-,-,-,-,2250.0,-,-,0,0,0,0,2230,2260,-,-
TXO,202609F1,20260904.0,43550.0,Put,3,4.5,1,4.5,4.3,▼-4.3,▼-48.86%,18,40,58,38,3.9,4.6,325,1
TXO,202609F1,20260904.0,43600.0,Call,-,-,-,-,2200.0,-,-,0,0,0,1,2180,2210,1920,1920
TXO,202609F1,20260904.0,43600.0,Put,1.8,4.6,1.6,4,4.3,▼-5.7,▼-58.76%,47,116,163,128,3.7,4.9,332,1.6
TXO,202609F1,20260904.0,43650.0,Call,-,-,-,-,2150.0,-,-,0,0,0,0,2140,2160,2360,1800
TXO,202609F1,20260904.0,43650.0,Put,1.8,5.6,0.9,4.3,4.3,▼-5.7,▼-57.00%,60,50,110,67,4.6,5.2,343,0.9
TXO,202609F1,20260904.0,43700.0,Call,-,-,-,-,2100.0,-,-,0,0,0,0,2090,2110,-,-
TXO,202609F1,20260904.0,43700.0,Put,2.7,5.3,1,5.3,5.3,▼-5.7,▼-51.82%,54,52,106,81,4.9,5.5,369,1
TXO,202609F1,20260904.0,43750.0,Call,-,-,-,-,2050.0,-,-,0,0,0,0,2040,2060,-,-
TXO,202609F1,20260904.0,43750.0,Put,3,6.4,1.3,6.2,5.6,▼-5.3,▼-46.09%,42,54,96,49,5.3,5.9,369,1.3
TXO,202609F1,20260904.0,43800.0,Call,-,-,-,-,2000.0,-,-,0,0,0,0,1990,2010,-,-
TXO,202609F1,20260904.0,43800.0,Put,2.7,6.8,1.2,5.3,6.0,▼-6.2,▼-53.91%,175,152,327,137,5.7,6.3,440,1.2
TXO,202609F1,20260904.0,43850.0,Call,-,-,-,-,1950.0,-,-,0,0,0,0,1940,1960,-,-
TXO,202609F1,20260904.0,43850.0,Put,5.3,7.8,1,7.8,6.5,▼-4.2,▼-35.00%,96,43,139,59,6.2,6.8,406,1
TXO,202609F1,20260904.0,43900.0,Call,-,-,-,-,1900.0,-,-,0,0,0,0,1890,1910,-,-
TXO,202609F1,20260904.0,43900.0,Put,2.8,7.9,1.7,6.8,6.8,▼-6.7,▼-49.63%,158,90,248,111,6.6,7.3,417,1.7
TXO,202609F1,20260904.0,43950.0,Call,-,-,-,-,1850.0,-,-,0,0,0,0,1840,1870,-,-
TXO,202609F1,20260904.0,43950.0,Put,3.5,8.7,1.9,6.8,7.5,▼-6.7,▼-49.63%,75,83,158,73,7.2,7.8,430,1.9
TXO,202609F1,20260904.0,44000.0,Call,-,-,-,-,1800.0,-,-,0,0,0,0,1680,1820,-,-
TXO,202609F1,20260904.0,44000.0,Put,4.4,10,1.5,7.6,7.6,▼-7.9,▼-50.97%,946,772,1718,935,7.9,8.5,670,1.5
TXO,202609F1,20260904.0,44050.0,Call,-,-,-,-,1750.0,-,-,0,0,0,5,1540,1980,2630,1220
TXO,202609F1,20260904.0,44050.0,Put,5.4,11,1.8,7.9,8.7,▼-8.1,▼-50.63%,103,172,275,119,8.4,9,640,1.8
TXO,202609F1,20260904.0,44100.0,Call,-,-,-,-,1700.0,-,-,1,0,1,1,1690,1720,2130,1990
TXO,202609F1,20260904.0,44100.0,Put,7,11,1.4,8.4,9.4,▼-9.6,▼-53.33%,106,337,443,168,9.1,9.7,472,1.4
TXO,202609F1,20260904.0,44150.0,Call,-,-,-,-,1650.0,-,-,0,0,0,0,1640,1670,-,-
TXO,202609F1,20260904.0,44150.0,Put,4.7,12.5,1.9,9.8,9.8,▼-9.2,▼-48.42%,85,114,199,56,9.8,10.5,489,1.9
TXO,202609F1,20260904.0,44200.0,Call,-,-,-,-,1600.0,-,-,0,0,0,0,1330,1620,990,920
TXO,202609F1,20260904.0,44200.0,Put,7.4,13.5,1.6,10.5,10.5,▼-9,▼-46.15%,281,539,820,474,9.1,12,488,1.6
TXO,202609F1,20260904.0,44250.0,Call,-,-,-,-,1550.0,-,-,0,0,0,0,1280,1570,-,-
TXO,202609F1,20260904.0,44250.0,Put,7.3,14,1.8,12,12.0,▼-9.5,▼-44.19%,156,126,282,117,11,12.5,720,1.8
TXO,202609F1,20260904.0,44300.0,Call,-,-,-,-,1500.0,-,-,0,0,0,0,1490,1520,-,-
TXO,202609F1,20260904.0,44300.0,Put,18,18,2,13,13.0,▼-10,▼-43.48%,305,749,1054,445,12,13,815,2
TXO,202609F1,20260904.0,44350.0,Call,-,-,-,-,1460.0,-,-,0,0,0,0,1440,1470,1350,820
TXO,202609F1,20260904.0,44350.0,Put,8,16.5,2.4,14,14.0,▼-10.5,▼-42.86%,151,115,266,207,13,14,825,2.4
TXO,202609F1,20260904.0,44400.0,Call,1420,1420,1410,1410,1410.0,▼-320,▼-18.50%,0,4,4,4,1400,1420,1420,1370
TXO,202609F1,20260904.0,44400.0,Put,8.5,18.5,2.4,15,15.0,▼-11.5,▼-43.40%,514,604,1118,482,14.5,15.5,900,2.4
TXO,202609F1,20260904.0,44450.0,Call,-,-,-,-,1360.0,-,-,0,0,0,0,1350,1370,2240,715
TXO,202609F1,20260904.0,44450.0,Put,28.5,28.5,2.9,15,15.0,▼-13.5,▼-47.37%,213,115,328,70,16,17,895,2.9
TXO,202609F1,20260904.0,44500.0,Call,-,-,-,-,1310.0,-,-,0,0,0,1,1090,1330,1200,755
TXO,202609F1,20260904.0,44500.0,Put,11.5,22,2.9,18,18.0,▼-12.5,▼-40.98%,1424,1186,2610,662,17.5,18,900,2.9
TXO,202609F1,20260904.0,44550.0,Call,-,-,-,-,1260.0,-,-,0,0,0,2,1240,1570,1040,1040
TXO,202609F1,20260904.0,44550.0,Put,14,24,3.1,19,19.0,▼-14,▼-42.42%,262,264,526,113,18.5,20,745,3.1
TXO,202609F1,20260904.0,44600.0,Call,-,-,-,-,1210.0,-,-,5,0,5,2,1200,1230,1620,900
TXO,202609F1,20260904.0,44600.0,Put,15,27,1.2,20,20.0,▼-15.5,▼-43.66%,542,457,999,224,21,22,855,1.2
TXO,202609F1,20260904.0,44650.0,Call,-,-,-,-,1170.0,-,-,0,0,0,0,1150,1180,1070,875
TXO,202609F1,20260904.0,44650.0,Put,16,29.5,4,22.5,22.5,▼-15,▼-40.00%,308,467,775,131,23,24,860,0.5
TXO,202609F1,20260904.0,44700.0,Call,1080,1080,1080,1080,1120.0,▼-360,▼-25.00%,4,1,5,5,1110,1410,2000,1010
TXO,202609F1,20260904.0,44700.0,Put,16,32,2.1,26,26.0,▼-16.5,▼-38.82%,774,687,1461,362,25.5,26.5,675,2.1
TXO,202609F1,20260904.0,44750.0,Call,1000,1050,1000,1040,1070.0,▼-360,▼-25.71%,0,20,20,1,1060,1090,1680,590
TXO,202609F1,20260904.0,44750.0,Put,18.5,36,4.5,28.5,28.5,▼-15.5,▼-35.23%,328,343,671,141,28,29.5,695,4.5
TXO,202609F1,20260904.0,44800.0,Call,1520,1520,990,990,1020.0,▼-360,▼-26.67%,8,12,20,15,1010,1320,1520,970
TXO,202609F1,20260904.0,44800.0,Put,27,39,5,32,32.0,▼-16,▼-33.33%,1321,1073,2394,360,31,32.5,940,5
TXO,202609F1,20260904.0,44850.0,Call,1200,1300,955,955,970.0,▼-345,▼-26.54%,7,20,27,23,970,1260,1500,935
TXO,202609F1,20260904.0,44850.0,Put,21.5,42.5,5.4,34.5,34.5,▼-18.5,▼-34.91%,347,509,856,154,34.5,36,990,5.4
TXO,202609F1,20260904.0,44900.0,Call,1370,1510,910,935,935.0,▼-325,▼-25.79%,10,24,34,9,925,940,1510,890
TXO,202609F1,20260904.0,44900.0,Put,24.5,48.5,5.5,38,38.0,▼-20,▼-34.48%,1163,998,2161,399,38,40,900,5.5
TXO,202609F1,20260904.0,44950.0,Call,-,-,-,-,885.0,-,-,0,0,0,1,875,895,935,935
TXO,202609F1,20260904.0,44950.0,Put,27,53,1.1,43.5,43.5,▼-18.5,▼-29.84%,414,796,1210,155,42.5,44,780,1.1
TXO,202609F1,20260904.0,45000.0,Call,1060,1100,785,785,840.0,▼-385,▼-32.91%,7,16,23,15,835,1120,1940,575
TXO,202609F1,20260904.0,45000.0,Put,28.5,60,5.8,48.5,48.5,▼-17.5,▼-26.52%,6061,6295,12356,2645,47.5,48.5,940,5.8
TXO,202609F1,20260904.0,45050.0,Call,965,975,760,760,795.0,▼-360,▼-32.14%,11,9,20,11,790,810,1280,665
TXO,202609F1,20260904.0,45050.0,Put,33,66,7.6,54,54.0,▼-18,▼-25.00%,613,1055,1668,210,52,55,1080,7.6
TXO,202609F1,20260904.0,45100.0,Call,965,965,705,745,745.0,▼-345,▼-31.65%,43,18,61,23,750,760,1220,488
TXO,202609F1,20260904.0,45100.0,Put,34,73,7.6,59,59.0,▼-19,▼-24.36%,1738,1472,3210,520,60,61,1080,7.6
TXO,202609F1,20260904.0,45150.0,Call,975,975,880,880,710.0,▼-160,▼-15.38%,4,7,11,10,705,715,1760,595
TXO,202609F1,20260904.0,45150.0,Put,40,83,8.5,66,66.0,▼-18,▼-21.43%,843,1140,1983,181,66,67,875,8.5
TXO,202609F1,20260904.0,45200.0,Call,1120,1140,600,670,670.0,▼-325,▼-32.66%,19,14,33,14,660,670,1140,475
TXO,202609F1,20260904.0,45200.0,Put,43.5,93,9.3,73,73.0,▼-21,▼-22.34%,2546,3284,5830,538,73,75,1090,9.3
TXO,202609F1,20260904.0,45250.0,Call,940,1140,595,595,625.0,▼-355,▼-37.37%,3,11,14,3,620,630,1140,595
TXO,202609F1,20260904.0,45250.0,Put,7,103,6.8,83,83.0,▼-15,▼-15.31%,1302,1301,2603,237,80,83,920,6.8
TXO,202609F1,20260904.0,45300.0,Call,910,985,520,585,585.0,▼-325,▼-35.71%,97,27,124,430,580,590,1630,488
TXO,202609F1,20260904.0,45300.0,Put,46,114,11.5,92,92.0,▼-17,▼-15.60%,2447,3332,5779,645,90,93,980,11.5
TXO,202609F1,20260904.0,45350.0,Call,885,910,488,535,535.0,▼-330,▼-38.15%,19,36,55,15,540,550,1400,488
TXO,202609F1,20260904.0,45350.0,Put,55,126,13,104,104.0,▼-11,▼-9.57%,1339,1724,3063,303,100,103,1020,13
TXO,202609F1,20260904.0,45400.0,Call,910,1030,450,456,505.0,▼-364,▼-44.39%,69,40,109,470,505,510,1740,450
TXO,202609F1,20260904.0,45400.0,Put,60,142,16,115,115.0,▼-10,▼-8.00%,2400,4065,6465,783,112,114,1200,16
TXO,202609F1,20260904.0,45450.0,Call,820,855,455,457,457.0,▼-333,▼-42.15%,46,44,90,17,467,472,1150,455
TXO,202609F1,20260904.0,45450.0,Put,67,153,17,127,127.0,▼-10,▼-7.30%,1023,1651,2674,131,123,127,400,17
TXO,202609F1,20260904.0,45500.0,Call,770,865,395,424,424.0,▼-326,▼-43.47%,233,123,356,501,430,436,1500,368
TXO,202609F1,20260904.0,45500.0,Put,76,175,19.5,139,139.0,▼-8,▼-5.44%,3948,7934,11882,1062,138,140,1260,19.5
TXO,202609F1,20260904.0,45550.0,Call,755,895,354,394,394.0,▼-316,▼-44.51%,122,107,229,46,395,401,960,354
TXO,202609F1,20260904.0,45550.0,Put,90,191,22.5,152,152.0,▼-13,▼-7.88%,1179,2128,3307,268,152,156,580,22.5
TXO,202609F1,20260904.0,45600.0,Call,665,800,326,364,364.0,▼-296,▼-44.85%,332,163,495,502,363,367,1040,326
TXO,202609F1,20260904.0,45600.0,Put,96,212,26,171,171.0,▼-6,▼-3.39%,2580,5140,7720,725,170,173,1320,26
TXO,202609F1,20260904.0,45650.0,Call,630,760,297,325,325.0,▼-315,▼-49.22%,111,140,251,28,329,335,1140,297
TXO,202609F1,20260904.0,45650.0,Put,107,234,29.5,190,190.0,▲+1,▲+0.53%,1244,2822,4066,676,186,191,660,29.5
TXO,202609F1,20260904.0,45700.0,Call,600,750,266,301,301.0,▼-289,▼-48.98%,659,404,1063,128,301,304,1340,266
TXO,202609F1,20260904.0,45700.0,Put,118,256,34.5,210,210.0,▲+9,▲+4.48%,3334,5027,8361,590,206,210,625,34.5
TXO,202609F1,20260904.0,45750.0,Call,540,710,247,269,269.0,▼-301,▼-52.81%,342,258,600,51,271,276,1420,247
TXO,202609F1,20260904.0,45750.0,Put,130,277,38.5,235,235.0,▲+11,▲+4.91%,1336,2604,3940,306,228,232,1420,38.5
TXO,202609F1,20260904.0,45800.0,Call,520,680,208,243,243.0,▼-297,▼-55.00%,870,1613,2483,967,244,247,1190,208
TXO,202609F1,20260904.0,45800.0,Put,146,307,45.5,253,253.0,▲+19,▲+8.12%,2871,6898,9769,873,251,254,810,45.5
TXO,202609F1,20260904.0,45850.0,Call,477,620,194,217,217.0,▼-288,▼-57.03%,480,464,944,82,219,224,1180,194
TXO,202609F1,20260904.0,45850.0,Put,159,333,53,282,282.0,▲+21,▲+8.05%,1130,2754,3884,302,274,280,785,53
TXO,202609F1,20260904.0,45900.0,Call,452,580,174,197,197.0,▼-271,▼-57.91%,981,1298,2279,613,195,199,945,174
TXO,202609F1,20260904.0,45900.0,Put,180,362,61,306,306.0,▲+30,▲+10.87%,2845,5141,7986,1549,300,306,1710,61
TXO,202609F1,20260904.0,45950.0,Call,406,550,156,174,174.0,▼-249,▼-58.87%,467,881,1348,216,173,178,825,156
TXO,202609F1,20260904.0,45950.0,Put,191,387,70,334,334.0,▲+35,▲+11.71%,1091,2308,3399,173,329,334,720,70
TXO,202609F1,20260904.0,46000.0,Call,413,515,137,153,153.0,▼-262,▼-63.13%,3591,3839,7430,882,153,155,1120,137
TXO,202609F1,20260904.0,46000.0,Put,156,428,79,359,359.0,▲+35,▲+10.80%,5497,9825,15322,1829,359,362,1780,79
TXO,202609F1,20260904.0,46050.0,Call,364,458,121,135,135.0,▼-245,▼-64.47%,757,961,1718,106,134,137,785,121
TXO,202609F1,20260904.0,46050.0,Put,231,458,91,394,394.0,▲+53,▲+15.54%,960,2414,3374,125,387,394,820,91
TXO,202609F1,20260904.0,46100.0,Call,310,433,106,118,118.0,▼-244,▼-67.40%,2556,3011,5567,540,117,119,820,106
TXO,202609F1,20260904.0,46100.0,Put,249,496,102,425,425.0,▲+63,▲+17.40%,1518,4141,5659,335,421,429,1830,102
TXO,202609F1,20260904.0,46150.0,Call,285,399,90,102,102.0,▼-226,▼-68.90%,1907,2417,4324,456,102,105,995,90
TXO,202609F1,20260904.0,46150.0,Put,239,530,120,463,463.0,▲+68,▲+17.22%,1220,2831,4051,262,458,462,1350,114
TXO,202609F1,20260904.0,46200.0,Call,262,367,79,90,90.0,▼-221,▼-71.06%,3371,6751,10122,771,88,90,1130,79
TXO,202609F1,20260904.0,46200.0,Put,315,570,133,494,494.0,▲+74,▲+17.62%,1617,4742,6359,395,493,498,2120,117
TXO,202609F1,20260904.0,46250.0,Call,223,333,69,77,77.0,▼-202,▼-72.40%,1187,2178,3365,254,76,77,775,69
TXO,202609F1,20260904.0,46250.0,Put,330,600,151,530,530.0,▲+92,▲+21.00%,439,2293,2732,159,530,540,670,130
TXO,202609F1,20260904.0,46300.0,Call,236,304,59,66,66.0,▼-203,▼-75.46%,3753,6163,9916,828,66,67,810,59
TXO,202609F1,20260904.0,46300.0,Put,366,640,168,580,580.0,▲+114,▲+24.46%,770,3154,3924,230,565,860,1800,133
TXO,202609F1,20260904.0,46350.0,Call,227,273,49.5,56,56.0,▼-185,▼-76.76%,1471,2519,3990,265,55,58,675,49.5
TXO,202609F1,20260904.0,46350.0,Put,396,660,197,620,620.0,▲+120,▲+24.00%,312,1275,1587,82,610,620,700,190
TXO,202609F1,20260904.0,46400.0,Call,165,247,43,48.5,48.5,▼-181.5,▼-78.91%,2763,5450,8213,769,47,49,945,43
TXO,202609F1,20260904.0,46400.0,Put,431,710,213,660,660.0,▲+120,▲+22.22%,420,2181,2601,293,655,660,935,150
TXO,202609F1,20260904.0,46450.0,Call,177,221,36,41,41.0,▼-162,▼-79.80%,1495,2648,4143,325,40,41,755,36
TXO,202609F1,20260904.0,46450.0,Put,444,770,239,720,710.0,▲+140,▲+24.14%,205,663,868,65,690,705,830,162
TXO,202609F1,20260904.0,46500.0,Call,134,196,30.5,35,35.0,▼-158,▼-81.87%,5205,8812,14017,1670,33.5,35,870,30.5
TXO,202609F1,20260904.0,46500.0,Put,520,800,264,745,750.0,▲+155,▲+26.27%,335,1268,1603,205,735,750,1120,174
TXO,202609F1,20260904.0,46550.0,Call,130,175,25,28.5,28.5,▼-141.5,▼-83.24%,1312,1872,3184,377,29,29.5,685,25
TXO,202609F1,20260904.0,46550.0,Put,499,845,297,800,800.0,▲+190,▲+31.15%,86,549,635,50,780,790,855,193
TXO,202609F1,20260904.0,46600.0,Call,102,153,21.5,24,24.0,▼-129,▼-84.31%,3305,4532,7837,1011,23.5,25,790,21.5
TXO,202609F1,20260904.0,46600.0,Put,530,895,325,845,845.0,▲+195,▲+30.00%,83,469,552,177,825,835,940,200
TXO,202609F1,20260904.0,46650.0,Call,101,136,18,20,20.0,▼-122,▼-85.92%,1133,1931,3064,274,20.5,21,595,18
TXO,202609F1,20260904.0,46650.0,Put,600,930,362,845,880.0,▲+150,▲+21.58%,40,147,187,39,870,885,930,289
TXO,202609F1,20260904.0,46700.0,Call,105,118,12.5,16.5,16.5,▼-113.5,▼-87.31%,3081,4912,7993,1150,16.5,17,735,12.5
TXO,202609F1,20260904.0,46700.0,Put,630,965,386,950,930.0,▲+225,▲+31.03%,23,341,364,147,915,930,965,231
TXO,202609F1,20260904.0,46750.0,Call,98,101,12,13.5,13.5,▼-102.5,▼-88.36%,1391,2085,3476,353,13.5,14.5,680,12
TXO,202609F1,20260904.0,46750.0,Put,625,1020,432,965,980.0,▲+195,▲+25.32%,11,79,90,22,960,975,1020,283
TXO,202609F1,20260904.0,46800.0,Call,80,88,10,12,12.0,▼-97,▼-88.99%,3625,5634,9259,1477,11.5,12.5,580,10
TXO,202609F1,20260904.0,46800.0,Put,675,1080,468,1030,1030.0,▲+220,▲+27.16%,113,260,373,340,1010,1030,1110,259
TXO,202609F1,20260904.0,46850.0,Call,55,78,8.6,9.3,9.3,▼-87.7,▼-90.41%,1000,1540,2540,544,9.4,10,590,8.6
TXO,202609F1,20260904.0,46850.0,Put,720,770,500,770,1080.0,▼-70,▼-8.33%,14,28,42,12,1050,1080,875,325
TXO,202609F1,20260904.0,46900.0,Call,51,67,7,8.5,8.5,▼-76.5,▼-90.00%,3173,3767,6940,1674,8,10.5,565,7
TXO,202609F1,20260904.0,46900.0,Put,695,1130,560,1130,1130.0,▲+245,▲+27.68%,60,31,91,55,1100,1130,1130,291
TXO,202609F1,20260904.0,46950.0,Call,44,58,6.5,6.6,6.6,▼-72.4,▼-91.65%,1248,1518,2766,469,6.4,7,491,6.5
TXO,202609F1,20260904.0,46950.0,Put,845,1140,700,1140,1170.0,▲+215,▲+23.24%,15,17,32,14,1150,1180,1140,316
TXO,202609F1,20260904.0,47000.0,Call,32,49.5,5,5.8,5.8,▼-66.2,▼-91.94%,5415,7609,13024,2072,5.4,6,530,5
TXO,202609F1,20260904.0,47000.0,Put,865,1250,635,1240,1210.0,▲+265,▲+27.18%,122,160,282,144,1200,1530,1390,340
TXO,202609F1,20260904.0,47050.0,Call,37.5,42,3.1,4.5,4.5,▼-54.5,▼-92.37%,760,1370,2130,319,4.4,5,500,3.1
TXO,202609F1,20260904.0,47050.0,Put,925,1320,920,1320,1260.0,▲+310,▲+30.69%,8,5,13,11,1250,1270,1320,360
TXO,202609F1,20260904.0,47100.0,Call,27.5,35.5,3.5,3.5,3.5,▼-51.5,▼-93.64%,1213,2134,3347,896,3.5,3.9,472,3.5
TXO,202609F1,20260904.0,47100.0,Put,890,1340,890,1340,1310.0,▲+290,▲+27.62%,16,4,20,16,1300,1320,1510,370
TXO,202609F1,20260904.0,47150.0,Call,25.5,30,2.8,3,3.0,▼-42.5,▼-93.41%,809,1033,1842,294,3,3.4,447,2.8
TXO,202609F1,20260904.0,47150.0,Put,880,1110,790,1110,1360.0,▲+10,▲+0.91%,1,6,7,15,1340,1380,1190,385
TXO,202609F1,20260904.0,47200.0,Call,20,25,2.6,2.9,2.9,▼-39.6,▼-93.18%,2188,2842,5030,1284,2.6,3,426,2.6
TXO,202609F1,20260904.0,47200.0,Put,855,855,850,855,1410.0,▼-285,▼-25.00%,0,5,5,31,1390,1420,1200,408
TXO,202609F1,20260904.0,47250.0,Call,16.5,21.5,2.3,2.7,2.7,▼-31.8,▼-92.17%,436,681,1117,319,2,2.7,291,2.3
TXO,202609F1,20260904.0,47250.0,Put,1150,1400,845,1400,1460.0,▲+220,▲+18.64%,1,7,8,2,1440,1470,1400,545
TXO,202609F1,20260904.0,47300.0,Call,14,18.5,1.7,1.8,1.8,▼-29.7,▼-94.29%,1407,1277,2684,686,1.7,2.3,367,1.7
TXO,202609F1,20260904.0,47300.0,Put,885,890,885,890,1510.0,▼-340,▼-27.64%,1,3,4,21,1490,1620,1260,484
TXO,202609F1,20260904.0,47350.0,Call,14,15.5,1.2,1.2,1.7,▼-27.3,▼-95.79%,420,420,840,285,1.4,2.1,341,1.2
TXO,202609F1,20260904.0,47350.0,Put,1210,1390,1210,1390,1560.0,▲+110,▲+8.59%,0,2,2,0,1540,1570,1390,860
TXO,202609F1,20260904.0,47400.0,Call,10,12,0.4,2,1.4,▼-22,▼-91.67%,925,1484,2409,1081,1.1,1.8,320,0.4
TXO,202609F1,20260904.0,47400.0,Put,1260,1440,1260,1440,1610.0,▲+120,▲+9.09%,13,2,15,1,1590,1620,1690,670
TXO,202609F1,20260904.0,47450.0,Call,8.7,10,1.4,1.8,1.3,▼-18.7,▼-91.22%,258,247,505,246,1,1.7,300,1.4
TXO,202609F1,20260904.0,47450.0,Put,1550,1550,1550,1550,1660.0,▲+180,▲+13.14%,0,1,1,11,1560,1940,1550,565
TXO,202609F1,20260904.0,47500.0,Call,6,8.8,0.8,1,1.0,▼-18,▼-94.74%,5421,5822,11243,8970,0.8,1,285,0.8
TXO,202609F1,20260904.0,47500.0,Put,1400,1400,1130,1130,1710.0,▼-290,▼-20.42%,4,2,6,23,1610,1770,2820,570
TXO,202609F1,20260904.0,47550.0,Call,5,6.6,0.7,0.9,0.9,▼-14.1,▼-94.00%,213,615,828,589,0.6,0.9,258,0.7
TXO,202609F1,20260904.0,47550.0,Put,-,-,-,-,1760.0,-,-,0,0,0,0,1740,1770,1020,950
TXO,202609F1,20260904.0,47600.0,Call,3.9,6.1,0.6,1.2,0.9,▼-12.8,▼-91.43%,521,970,1491,922,1.1,1.2,245,0.6
TXO,202609F1,20260904.0,47600.0,Put,-,-,-,-,1810.0,-,-,0,0,0,0,1790,1820,1060,900
TXO,202609F1,20260904.0,47650.0,Call,3,5.5,0.3,0.3,0.9,▼-11.7,▼-97.50%,141,188,329,168,0.4,0.9,191,0.3
TXO,202609F1,20260904.0,47650.0,Put,-,-,-,-,1860.0,-,-,0,0,0,0,1840,1870,1150,920
TXO,202609F1,20260904.0,47700.0,Call,4.3,4.4,0.2,0.9,0.9,▼-11.1,▼-92.50%,225,376,601,392,0.3,0.8,209,0.2
TXO,202609F1,20260904.0,47700.0,Put,1340,1410,1340,1410,1910.0,▼-200,▼-12.42%,0,2,2,1,1810,2030,1410,900
TXO,202609F1,20260904.0,47750.0,Call,3.8,4.4,0.2,0.3,0.8,▼-9.3,▼-96.88%,82,70,152,87,0.2,0.7,37.5,0.2
TXO,202609F1,20260904.0,47750.0,Put,-,-,-,-,1960.0,-,-,0,0,0,0,1940,1970,-,-
TXO,202609F1,20260904.0,47800.0,Call,1.6,3.6,0.1,0.1,0.8,▼-9,▼-98.90%,360,2289,2649,1890,0.1,0.6,164,0.1
TXO,202609F1,20260904.0,47800.0,Put,-,-,-,-,2010.0,-,-,0,0,0,0,1990,2020,1260,900
TXO,202609F1,20260904.0,47850.0,Call,2.1,2.3,0.5,0.5,0.7,▼-8.1,▼-94.19%,92,18,110,37,0.1,1.4,52,0.5
TXO,202609F1,20260904.0,47850.0,Put,-,-,-,-,2060.0,-,-,0,0,0,0,2040,2070,-,-
TXO,202609F1,20260904.0,47900.0,Call,3,3,0.3,0.4,0.7,▼-6.9,▼-94.52%,324,172,496,336,0.2,1,140,0.3
TXO,202609F1,20260904.0,47900.0,Put,-,-,-,-,2110.0,-,-,0,0,0,2,1830,2220,1130,965
TXO,202609F1,20260904.0,47950.0,Call,1.9,1.9,0.2,0.2,0.6,▼-6.5,▼-97.01%,81,14,95,104,0.2,27,36,0.2
TXO,202609F1,20260904.0,47950.0,Put,-,-,-,-,2160.0,-,-,0,0,0,0,1930,2170,-,-
TXO,202609F1,20260904.0,48000.0,Call,2.2,2.3,0.1,0.3,0.5,▼-6.1,▼-95.31%,1071,744,1815,827,0.2,0.4,125,0.1
TXO,202609F1,20260904.0,48000.0,Put,-,-,-,-,2210.0,-,-,0,0,0,1,2190,2220,1540,920
TXO,202609F1,20260904.0,48050.0,Call,1.6,2.2,0.2,0.2,0.5,▼-5.5,▼-96.49%,64,45,109,76,-,1.2,21,0.2
TXO,202609F1,20260904.0,48050.0,Put,-,-,-,-,2260.0,-,-,0,0,0,0,2240,2270,-,-
TXO,202609F1,20260904.0,48100.0,Call,2.1,2.1,0.2,0.3,0.4,▼-5.3,▼-94.64%,80,26,106,284,0.2,0.6,103,0.2
TXO,202609F1,20260904.0,48100.0,Put,-,-,-,-,2310.0,-,-,0,0,0,0,2290,2320,1260,995
TXO,202609F1,20260904.0,48150.0,Call,1.8,2.1,1.4,1.5,0.4,▼-3.3,▼-68.75%,30,8,38,32,-,1.4,15.5,0.9
TXO,202609F1,20260904.0,48150.0,Put,-,-,-,-,2360.0,-,-,0,0,0,0,2340,2370,-,-
TXO,202609F1,20260904.0,48200.0,Call,0.7,1.4,0.1,0.1,0.4,▼-4.6,▼-97.87%,65,150,215,208,-,1.1,105,0.1
TXO,202609F1,20260904.0,48200.0,Put,-,-,-,-,2410.0,-,-,0,0,0,0,2180,2420,-,-
TXO,202609F1,20260904.0,48250.0,Call,-,-,-,-,0.3,-,-,1,0,1,10,-,1.5,20,1.2
TXO,202609F1,20260904.0,48250.0,Put,-,-,-,-,2460.0,-,-,0,0,0,0,2440,2470,-,-
TXO,202609F1,20260904.0,48300.0,Call,0.9,0.9,0.9,0.9,0.3,▼-3,▼-76.92%,50,1,51,745,-,0.5,73,0.4
TXO,202609F1,20260904.0,48300.0,Put,-,-,-,-,2510.0,-,-,0,0,0,0,2490,2520,-,-
TXO,202609F1,20260904.0,48350.0,Call,0.5,0.5,0.5,0.5,0.3,▼-3.2,▼-86.49%,10,1,11,35,-,35.5,7.8,0.5
TXO,202609F1,20260904.0,48350.0,Put,-,-,-,-,2560.0,-,-,0,0,0,0,2540,2570,-,-
TXO,202609F1,20260904.0,48400.0,Call,1.4,1.4,0.2,0.3,0.3,▼-3,▼-90.91%,35,37,72,59,-,4,73,0.2
TXO,202609F1,20260904.0,48400.0,Put,-,-,-,-,2610.0,-,-,0,0,0,0,2590,2620,-,-
TXO,202609F1,20260904.0,48500.0,Call,1.5,1.5,0.2,0.2,0.2,▼-3,▼-93.75%,551,22,573,1041,-,4.7,53,0.2
TXO,202609F1,20260904.0,48500.0,Put,-,-,-,-,2710.0,-,-,0,0,0,1,2690,2760,2000,2000
TXO,202609F1,20260904.0,48600.0,Call,-,-,-,-,0.2,-,-,35,0,35,209,-,1.5,49.5,0.3
TXO,202609F1,20260904.0,48600.0,Put,-,-,-,-,2810.0,-,-,0,0,0,0,2790,2820,-,-
TXO,202609F1,20260904.0,48700.0,Call,0.5,0.5,0.2,0.2,0.2,▼-2.3,▼-92.00%,14,47,61,306,-,5.9,57,0.2
TXO,202609F1,20260904.0,48700.0,Put,-,-,-,-,2910.0,-,-,0,0,0,0,2890,2920,-,-
TXO,202609F1,20260904.0,48800.0,Call,0.3,0.3,0.2,0.2,0.2,▼-1.9,▼-90.48%,46,53,99,105,-,14.5,51,0.2
TXO,202609F1,20260904.0,48800.0,Put,-,-,-,-,3010.0,-,-,0,0,0,0,2990,3020,-,-
TXO,202609F1,20260904.0,48900.0,Call,0.4,0.4,0.2,0.2,0.2,▼-1.7,▼-89.47%,9,29,38,43,-,1.6,30,0.2
TXO,202609F1,20260904.0,48900.0,Put,-,-,-,-,3110.0,-,-,0,0,0,0,3090,3120,-,-
TXO,202609F1,20260904.0,49000.0,Call,0.5,0.5,0.3,0.3,0.2,▼-1.5,▼-83.33%,18,15,33,201,-,530,31,0.1
TXO,202609F1,20260904.0,49000.0,Put,-,-,-,-,3210.0,-,-,0,0,0,0,3190,3220,-,-
TXO,202609F1,20260904.0,49100.0,Call,0.3,0.3,0.3,0.3,0.2,▼-1.4,▼-82.35%,2,1,3,135,-,565,29,0.3
TXO,202609F1,20260904.0,49100.0,Put,-,-,-,-,3310.0,-,-,0,0,0,0,3290,3320,-,-
TXO,202609F1,20260904.0,49200.0,Call,0.2,0.2,0.2,0.2,0.2,▼-1.2,▼-85.71%,1,1,2,223,-,0.6,29,0.2
TXO,202609F1,20260904.0,49200.0,Put,-,-,-,-,3410.0,-,-,0,0,0,0,3390,3420,-,-
TXO,202609F1,20260904.0,49300.0,Call,0.2,0.2,0.2,0.2,0.2,▼-1.1,▼-84.62%,14,2,16,12,-,565,30.5,0.2
TXO,202609F1,20260904.0,49300.0,Put,-,-,-,-,3510.0,-,-,0,0,0,0,3490,3520,-,-
TXO,202609F1,20260904.0,49400.0,Call,0.2,0.2,0.2,0.2,0.2,▼-0.9,▼-81.82%,4,1,5,5,-,0.9,21,0.2
TXO,202609F1,20260904.0,49400.0,Put,-,-,-,-,3610.0,-,-,0,0,0,0,3590,3620,-,-
TXO,202609F1,20260904.0,49500.0,Call,-,-,-,-,0.2,-,-,5,0,5,2434,-,101,27.5,0.3
TXO,202609F1,20260904.0,49500.0,Put,-,-,-,-,3710.0,-,-,0,0,0,0,3690,3720,-,-
TXO,202609F1,20260904.0,49600.0,Call,-,-,-,-,0.2,-,-,0,0,0,84,-,0.9,18.5,0.6
TXO,202609F1,20260904.0,49600.0,Put,-,-,-,-,3810.0,-,-,0,0,0,0,3790,3820,-,-
TXO,202609F1,20260904.0,49700.0,Call,-,-,-,-,0.2,-,-,0,0,0,25,-,101,17,0.9
TXO,202609F1,20260904.0,49700.0,Put,-,-,-,-,3910.0,-,-,0,0,0,0,3890,3920,-,-
TXO,202609F1,20260904.0,49800.0,Call,101,101,0.2,0.2,0.2,▼-0.6,▼-75.00%,0,6,6,12,-,101,101,0.2
TXO,202609F1,20260904.0,49800.0,Put,-,-,-,-,4010.0,-,-,0,0,0,0,3990,4020,-,-
TXO,202609F1,20260904.0,49900.0,Call,-,-,-,-,0.2,-,-,0,0,0,39,-,101,17,0.7
TXO,202609F1,20260904.0,49900.0,Put,-,-,-,-,4110.0,-,-,0,0,0,0,4090,4120,-,-
TXO,202609F1,20260904.0,50000.0,Call,-,-,-,-,0.2,-,-,0,0,0,1377,-,0.5,12,0.6
TXO,202609F1,20260904.0,50000.0,Put,-,-,-,-,4210.0,-,-,0,0,0,0,3980,4220,-,-
TXO,202609F1,20260904.0,50100.0,Call,-,-,-,-,0.2,-,-,0,0,0,3,-,101,11.5,1.3
TXO,202609F1,20260904.0,50100.0,Put,-,-,-,-,4310.0,-,-,0,0,0,0,4290,4320,-,-
TXO,202609F1,20260904.0,50200.0,Call,-,-,-,-,0.2,-,-,0,0,0,3,-,25,13.5,4.2
TXO,202609F1,20260904.0,50200.0,Put,-,-,-,-,4410.0,-,-,0,0,0,0,4390,4420,-,-
TXO,202609F1,20260904.0,50300.0,Call,-,-,-,-,0.2,-,-,0,0,0,0,-,-,-,-
TXO,202609F1,20260904.0,50300.0,Put,-,-,-,-,4510.0,-,-,0,0,0,0,4490,4520,-,-
TXO,202609F1,20260904.0,50400.0,Call,-,-,-,-,0.1,-,-,0,0,0,1,-,-,1.6,1.6
TXO,202609F1,20260904.0,50400.0,Put,-,-,-,-,4610.0,-,-,0,0,0,0,4590,4620,-,-
TXO,202609F1,20260904.0,50500.0,Call,-,-,-,-,0.1,-,-,0,0,0,3,-,25,8.2,0.4
TXO,202609F1,20260904.0,50500.0,Put,-,-,-,-,4710.0,-,-,0,0,0,0,4690,4720,-,-
TXO,202609F1,20260904.0,50600.0,Call,-,-,-,-,0.1,-,-,0,0,0,123,-,25,6.6,0.3
TXO,202609F1,20260904.0,50600.0,Put,-,-,-,-,4810.0,-,-,0,0,0,0,4790,4820,-,-
TXO,202609F1,20260904.0,50700.0,Call,-,-,-,-,0.1,-,-,0,0,0,0,-,-,-,-
TXO,202609F1,20260904.0,50700.0,Put,-,-,-,-,4910.0,-,-,0,0,0,0,4890,4920,-,-
TXO,202609F1,20260904.0,50800.0,Call,-,-,-,-,0.1,-,-,0,0,0,1,-,101,1,1
TXO,202609F1,20260904.0,50800.0,Put,-,-,-,-,5010.0,-,-,0,0,0,0,4990,5020,-,-
TXO,202609F1,20260904.0,50900.0,Call,-,-,-,-,0.1,-,-,0,0,0,0,-,-,-,-
TXO,202609F1,20260904.0,50900.0,Put,-,-,-,-,5110.0,-,-,0,0,0,0,5090,5120,-,-
TXO,202609F1,20260904.0,51000.0,Call,0.3,0.3,0.3,0.3,0.1,▲+0.1,▲+50.00%,2,1,3,6,-,565,1,0.2
TXO,202609F1,20260904.0,51000.0,Put,-,-,-,-,5210.0,-,-,0,0,0,0,5190,5220,-,-
TXO,202609F1,20260904.0,51100.0,Call,-,-,-,-,0.1,-,-,0,0,0,0,-,-,-,-
TXO,202609F1,20260904.0,51100.0,Put,-,-,-,-,5310.0,-,-,0,0,0,0,5290,5320,-,-
TXO,202609F1,20260904.0,51200.0,Call,-,-,-,-,0.1,-,-,0,0,0,0,-,-,-,-
TXO,202609F1,20260904.0,51200.0,Put,-,-,-,-,5410.0,-,-,0,0,0,0,5390,5420,-,-
TXO,202609F1,20260904.0,51300.0,Call,-,-,-,-,0.1,-,-,0,0,0,0,-,-,-,-
TXO,202609F1,20260904.0,51300.0,Put,-,-,-,-,5510.0,-,-,0,0,0,0,5490,5520,-,-
TXO,202609F1,20260904.0,51400.0,Call,-,-,-,-,0.1,-,-,0,0,0,0,-,-,-,-
TXO,202609F1,20260904.0,51400.0,Put,-,-,-,-,5610.0,-,-,0,0,0,0,5580,5630,-,-
TXO,202609F1,20260904.0,51500.0,Call,-,-,-,-,0.1,-,-,0,0,0,0,-,-,-,-
TXO,202609F1,20260904.0,51500.0,Put,-,-,-,-,5710.0,-,-,0,0,0,0,5680,5720,-,-
TXO,202609F1,20260904.0,51600.0,Call,-,-,-,-,0.1,-,-,0,0,0,0,-,-,-,-
TXO,202609F1,20260904.0,51600.0,Put,-,-,-,-,5810.0,-,-,0,0,0,0,5780,5820,-,-
TXO,202609F1,20260904.0,51700.0,Call,-,-,-,-,0.1,-,-,0,0,0,0,0.1,-,-,-
TXO,202609F1,20260904.0,51700.0,Put,-,-,-,-,5910.0,-,-,0,0,0,0,5880,5920,-,-
TXO,202609W2,20260909.0,40600.0,Call,-,-,-,-,5170.0,-,-,0,0,0,0,5160,-,-,-
TXO,202609W2,20260909.0,40600.0,Put,5.7,7,3,5.4,5.4,▼-3.1,▼-36.47%,85,496,581,1176,3.6,5.4,93,3
TXO,202609W2,20260909.0,40700.0,Call,-,-,-,-,5070.0,-,-,0,0,0,0,5070,-,-,-
TXO,202609W2,20260909.0,40700.0,Put,6.9,6.9,3.8,6.2,5.5,▼-2.6,▼-29.55%,63,12,75,242,4.8,6.1,96,3.8
TXO,202609W2,20260909.0,40800.0,Call,-,-,-,-,4970.0,-,-,0,0,0,0,4970,-,-,-
TXO,202609W2,20260909.0,40800.0,Put,7.3,7.3,7.3,7.3,5.8,▼-2,▼-21.51%,0,1,1,18,5.2,6.5,102,7.3
TXO,202609W2,20260909.0,40900.0,Call,-,-,-,-,4870.0,-,-,0,0,0,0,4870,-,-,-
TXO,202609W2,20260909.0,40900.0,Put,-,-,-,-,6.2,-,-,3,0,3,12,5.6,6.9,104,9.8
TXO,202609W2,20260909.0,41000.0,Call,-,-,-,-,4770.0,-,-,0,0,0,0,4770,-,-,-
TXO,202609W2,20260909.0,41000.0,Put,7.8,8.4,5.7,7.5,7.5,▼-2.5,▼-25.00%,7,17,24,37,7.2,7.6,108,5.7
TXO,202609W2,20260909.0,41100.0,Call,-,-,-,-,4670.0,-,-,0,0,0,0,4670,-,-,-
TXO,202609W2,20260909.0,41100.0,Put,8.2,8.2,8.2,8.2,7.6,▼-2.3,▼-21.90%,18,2,20,26,6.5,7.8,112,8.2
TXO,202609W2,20260909.0,41200.0,Call,-,-,-,-,4570.0,-,-,0,0,0,0,4570,-,-,-
TXO,202609W2,20260909.0,41200.0,Put,7.8,8.3,5,5,7.7,▼-6,▼-54.55%,4,9,13,25,7.1,8.4,120,5
TXO,202609W2,20260909.0,41300.0,Call,-,-,-,-,4470.0,-,-,0,0,0,0,4470,-,-,-
TXO,202609W2,20260909.0,41300.0,Put,8.3,8.9,8.3,8.9,8.9,▼-2.6,▼-22.61%,2,2,4,12,7.8,9.2,104,8.3
TXO,202609W2,20260909.0,41400.0,Call,-,-,-,-,4370.0,-,-,0,0,0,0,4070,-,-,-
TXO,202609W2,20260909.0,41400.0,Put,9.9,9.9,9.6,9.6,9.2,▼-2.9,▼-23.20%,1,2,3,9,8.5,9.9,139,9.6
TXO,202609W2,20260909.0,41500.0,Call,-,-,-,-,4270.0,-,-,0,0,0,0,3980,-,-,-
TXO,202609W2,20260909.0,41500.0,Put,7,9.7,6,9.7,9.7,▼-3.3,▼-25.38%,14,3,17,28,9.3,10.5,140,6
TXO,202609W2,20260909.0,41600.0,Call,-,-,-,-,4180.0,-,-,0,0,0,0,3880,-,-,-
TXO,202609W2,20260909.0,41600.0,Put,9.8,10,5.9,10,10.0,▼-3.5,▼-25.93%,11,95,106,20,9.9,11,72,5.9
TXO,202609W2,20260909.0,41700.0,Call,-,-,-,-,4080.0,-,-,0,0,0,0,3780,-,-,-
TXO,202609W2,20260909.0,41700.0,Put,9.9,11,9.1,11,11.0,▼-3,▼-21.43%,0,104,104,65,10.5,11.5,80,9.1
TXO,202609W2,20260909.0,41800.0,Call,-,-,-,-,3980.0,-,-,0,0,0,0,3680,-,-,-
TXO,202609W2,20260909.0,41800.0,Put,10,13,7.8,11,11.0,▼-4,▼-26.67%,7,12,19,9,11.5,12.5,49,7.8
TXO,202609W2,20260909.0,41900.0,Call,-,-,-,-,3880.0,-,-,0,0,0,0,3580,3910,-,-
TXO,202609W2,20260909.0,41900.0,Put,7.3,7.6,7.3,7.6,13.0,▼-8.4,▼-52.50%,0,2,2,7,12.5,13.5,120,7.3
TXO,202609W2,20260909.0,42000.0,Call,-,-,-,-,3780.0,-,-,0,0,0,0,3780,-,-,-
TXO,202609W2,20260909.0,42000.0,Put,12.5,14.5,7.8,14,14.0,▼-3,▼-17.65%,185,123,308,385,13.5,14.5,200,7.8
TXO,202609W2,20260909.0,42100.0,Call,-,-,-,-,3680.0,-,-,0,0,0,0,3680,-,-,-
TXO,202609W2,20260909.0,42100.0,Put,10,10,8.1,8.1,15.0,▼-9.9,▼-55.00%,2,2,4,5,14.5,15.5,203,8.1
TXO,202609W2,20260909.0,42200.0,Call,-,-,-,-,3580.0,-,-,0,0,0,0,3580,-,-,-
TXO,202609W2,20260909.0,42200.0,Put,15.5,15.5,9.3,15.5,15.5,▼-3.5,▼-18.42%,14,16,30,16,16,17,139,9.3
TXO,202609W2,20260909.0,42300.0,Call,-,-,-,-,3480.0,-,-,0,0,0,0,3180,-,-,-
TXO,202609W2,20260909.0,42300.0,Put,15,15.5,9.6,9.6,17.0,▼-10.4,▼-52.00%,21,6,27,29,16.5,18,154,9.6
TXO,202609W2,20260909.0,42400.0,Call,-,-,-,-,3380.0,-,-,0,0,0,0,3080,-,-,-
TXO,202609W2,20260909.0,42400.0,Put,11,14,11,14,18.5,▼-7.5,▼-34.88%,3,4,7,13,18.5,19.5,79,11
TXO,202609W2,20260909.0,42500.0,Call,-,-,-,-,3290.0,-,-,0,0,0,0,2990,-,-,-
TXO,202609W2,20260909.0,42500.0,Put,17.5,22,12.5,20.5,20.5,▼-2,▼-8.89%,12,11,23,100,19.5,21,144,12.5
TXO,202609W2,20260909.0,42600.0,Call,-,-,-,-,3190.0,-,-,0,0,0,0,2890,-,-,-
TXO,202609W2,20260909.0,42600.0,Put,19.5,23,12,22,22.0,▼-2.5,▼-10.20%,31,61,92,108,21.5,23,208,12
TXO,202609W2,20260909.0,42700.0,Call,-,-,-,-,3090.0,-,-,0,0,0,0,2790,-,-,-
TXO,202609W2,20260909.0,42700.0,Put,18,25.5,11,25.5,25.5,▼-1,▼-3.77%,11,8,19,17,23,24.5,37.5,11
TXO,202609W2,20260909.0,42800.0,Call,-,-,-,-,2990.0,-,-,0,0,0,0,2690,-,-,-
TXO,202609W2,20260909.0,42800.0,Put,19.5,28,14,28,28.0,▼-0.5,▼-1.75%,20,18,38,20,25.5,26.5,146,14
TXO,202609W2,20260909.0,42900.0,Call,-,-,-,-,2890.0,-,-,0,0,0,0,2590,-,-,-
TXO,202609W2,20260909.0,42900.0,Put,16,30,16,29,29.0,▼-2.5,▼-7.94%,8,44,52,63,27.5,29,242,16
TXO,202609W2,20260909.0,43000.0,Call,-,-,-,-,2800.0,-,-,0,0,0,0,2500,-,-,-
TXO,202609W2,20260909.0,43000.0,Put,23,34.5,15.5,31,31.0,▼-2,▼-6.06%,51,93,144,127,30.5,31.5,207,15.5
TXO,202609W2,20260909.0,43100.0,Call,-,-,-,-,2700.0,-,-,0,0,0,0,2400,2730,-,-
TXO,202609W2,20260909.0,43100.0,Put,25.5,34,18,32,32.0,▼-3,▼-8.57%,6,42,48,16,32,34,167,18
TXO,202609W2,20260909.0,43200.0,Call,-,-,-,-,2600.0,-,-,0,0,0,0,2300,-,-,-
TXO,202609W2,20260909.0,43200.0,Put,20.5,37.5,20.5,37.5,37.5,▼-0.5,▼-1.32%,9,7,16,16,35.5,37,251,20.5
TXO,202609W2,20260909.0,43300.0,Call,-,-,-,-,2500.0,-,-,0,0,0,0,2200,-,-,-
TXO,202609W2,20260909.0,43300.0,Put,30,40.5,22,40.5,40.5,▼-0.5,▼-1.22%,5,19,24,127,39,40.5,175,22
TXO,202609W2,20260909.0,43400.0,Call,-,-,-,-,2410.0,-,-,0,0,0,0,2110,2440,-,-
TXO,202609W2,20260909.0,43400.0,Put,35,46.5,23.5,46,46.0,▼-2,▼-4.17%,22,28,50,27,42.5,44,160,23.5
TXO,202609W2,20260909.0,43500.0,Call,-,-,-,-,2310.0,-,-,0,0,0,0,2010,-,-,-
TXO,202609W2,20260909.0,43500.0,Put,35,50,25.5,48,48.0,▼-0.5,▼-1.03%,32,38,70,123,46.5,48,422,25.5
TXO,202609W2,20260909.0,43600.0,Call,-,-,-,-,2220.0,-,-,0,0,0,11,2000,2340,2500,2500
TXO,202609W2,20260909.0,43600.0,Put,36,52,28.5,52,52.0,▲+1,▲+1.96%,44,59,103,160,50,52,459,28.5
TXO,202609W2,20260909.0,43700.0,Call,-,-,-,-,2120.0,-,-,0,0,0,0,1820,-,-,-
TXO,202609W2,20260909.0,43700.0,Put,40.5,59,29,59,59.0,▲+2,▲+3.51%,6,25,31,17,55,57,229,29
TXO,202609W2,20260909.0,43800.0,Call,-,-,-,-,2030.0,-,-,0,0,0,0,1730,-,-,-
TXO,202609W2,20260909.0,43800.0,Put,40,68,32,66,63.0,▲+4,▲+6.45%,16,25,41,42,61,66,237,32
TXO,202609W2,20260909.0,43850.0,Call,-,-,-,-,1980.0,-,-,0,0,0,0,1680,-,-,-
TXO,202609W2,20260909.0,43850.0,Put,41,43,41,43,65.0,▼-22,▼-33.85%,10,5,15,8,64,66,96,41
TXO,202609W2,20260909.0,43900.0,Call,-,-,-,-,1930.0,-,-,0,0,0,0,1630,-,-,-
TXO,202609W2,20260909.0,43900.0,Put,40.5,71,35,70,70.0,▲+2,▲+2.94%,4,124,128,97,67,69,196,23
TXO,202609W2,20260909.0,43950.0,Call,-,-,-,-,1890.0,-,-,0,0,0,0,1590,-,-,-
TXO,202609W2,20260909.0,43950.0,Put,49.5,77,45,73,73.0,▲+1,▲+1.39%,16,12,28,18,7,-,196,39.5
TXO,202609W2,20260909.0,44000.0,Call,-,-,-,-,1840.0,-,-,0,0,0,0,1540,-,-,-
TXO,202609W2,20260909.0,44000.0,Put,57,153,38.5,153,76.0,▲+79,▲+106.76%,126,302,428,418,74,76,530,38.5
TXO,202609W2,20260909.0,44050.0,Call,-,-,-,-,1790.0,-,-,0,0,0,0,1490,-,-,-
TXO,202609W2,20260909.0,44050.0,Put,52,52,52,52,79.0,▼-25,▼-32.47%,13,4,17,6,30,-,121,52
TXO,202609W2,20260909.0,44100.0,Call,-,-,-,-,1750.0,-,-,0,0,0,0,1450,1780,-,-
TXO,202609W2,20260909.0,44100.0,Put,51,84,43,84,84.0,▲+7,▲+9.09%,20,30,50,45,78,95,204,43
TXO,202609W2,20260909.0,44150.0,Call,-,-,-,-,1700.0,-,-,1,0,1,1,1560,2000,1800,1800
TXO,202609W2,20260909.0,44150.0,Put,57,57,50,50,88.0,▼-35,▼-41.18%,4,4,8,7,86,88,129,50
TXO,202609W2,20260909.0,44200.0,Call,-,-,-,-,1660.0,-,-,0,0,0,0,1360,-,-,-
TXO,202609W2,20260909.0,44200.0,Put,64,98,48,94,94.0,▲+5,▲+5.62%,16,22,38,49,89,92,249,48
TXO,202609W2,20260909.0,44250.0,Call,-,-,-,-,1610.0,-,-,0,0,0,0,1310,-,-,-
TXO,202609W2,20260909.0,44250.0,Put,63,63,63,63,97.0,▼-29,▼-31.52%,10,3,13,17,95,98,450,62
TXO,202609W2,20260909.0,44300.0,Call,-,-,-,-,1570.0,-,-,0,0,0,0,1270,-,2310,2000
TXO,202609W2,20260909.0,44300.0,Put,73,102,50,102,102.0,▲+5,▲+5.15%,26,35,61,31,100,103,259,50
TXO,202609W2,20260909.0,44350.0,Call,-,-,-,-,1520.0,-,-,0,0,0,0,1220,-,-,-
TXO,202609W2,20260909.0,44350.0,Put,73,108,53,108,108.0,▲+5,▲+4.85%,11,9,20,14,6.9,192,120,53
TXO,202609W2,20260909.0,44400.0,Call,-,-,-,-,1480.0,-,-,0,0,0,0,1180,-,-,-
TXO,202609W2,20260909.0,44400.0,Put,65,125,55,116,116.0,▲+11,▲+10.48%,26,60,86,67,44,130,293,54
TXO,202609W2,20260909.0,44450.0,Call,-,-,-,-,1440.0,-,-,0,0,0,0,1140,-,-,-
TXO,202609W2,20260909.0,44450.0,Put,77,120,60,120,120.0,▲+5,▲+4.35%,2,5,7,9,20.5,233,452,60
TXO,202609W2,20260909.0,44500.0,Call,-,-,-,-,1390.0,-,-,0,0,0,0,1090,-,-,-
TXO,202609W2,20260909.0,44500.0,Put,92,138,62,124,124.0,▲+5,▲+4.20%,46,123,169,88,123,126,720,59
TXO,202609W2,20260909.0,44550.0,Call,-,-,-,-,1350.0,-,-,0,0,0,0,1050,-,-,-
TXO,202609W2,20260909.0,44550.0,Put,88,150,65,136,136.0,▲+12,▲+9.68%,20,28,48,16,17,182,505,62
TXO,202609W2,20260909.0,44600.0,Call,-,-,-,-,1310.0,-,-,0,0,0,0,1010,-,-,-
TXO,202609W2,20260909.0,44600.0,Put,80,156,68,141,141.0,▲+11,▲+8.46%,66,59,125,58,137,140,775,64
TXO,202609W2,20260909.0,44650.0,Call,-,-,-,-,1270.0,-,-,0,0,0,0,1260,-,2120,2120
TXO,202609W2,20260909.0,44650.0,Put,94,127,76,84,150.0,▼-54,▼-39.13%,0,11,11,23,3.3,-,356,76
TXO,202609W2,20260909.0,44700.0,Call,1530,1580,1530,1580,1220.0,▲+20,▲+1.28%,0,2,2,0,1220,-,1580,1530
TXO,202609W2,20260909.0,44700.0,Put,89,175,78,151,151.0,▲+7,▲+4.86%,34,46,80,103,153,157,380,68
TXO,202609W2,20260909.0,44750.0,Call,-,-,-,-,1180.0,-,-,0,0,0,0,1180,1210,2030,2030
TXO,202609W2,20260909.0,44750.0,Put,96,96,87,91,167.0,▼-59,▼-39.33%,9,7,16,110,89,300,247,74
TXO,202609W2,20260909.0,44800.0,Call,-,-,-,-,1140.0,-,-,0,0,0,400,1140,1170,1570,1460
TXO,202609W2,20260909.0,44800.0,Put,118,175,85,174,174.0,▲+14,▲+8.75%,21,110,131,84,170,174,305,76
TXO,202609W2,20260909.0,44850.0,Call,-,-,-,-,1100.0,-,-,0,0,0,0,1100,1130,1940,1080
TXO,202609W2,20260909.0,44850.0,Put,132,194,100,186,186.0,▲+18,▲+10.71%,2,13,15,8,181,185,256,100
TXO,202609W2,20260909.0,44900.0,Call,-,-,-,-,1060.0,-,-,0,0,0,0,1060,1090,-,-
TXO,202609W2,20260909.0,44900.0,Put,120,200,93,195,195.0,▲+20,▲+11.43%,7,23,30,27,125,292,530,90
TXO,202609W2,20260909.0,44950.0,Call,-,-,-,-,1020.0,-,-,0,0,0,0,1020,1050,1410,1410
TXO,202609W2,20260909.0,44950.0,Put,134,134,101,101,208.0,▼-86,▼-45.99%,5,5,10,9,117,337,445,85
TXO,202609W2,20260909.0,45000.0,Call,1180,1460,1180,1300,985.0,▼-10,▼-0.76%,2,4,6,6,985,1300,2050,970
TXO,202609W2,20260909.0,45000.0,Put,150,253,102,217,217.0,▲+20,▲+10.15%,156,261,417,224,154,280,890,89
TXO,202609W2,20260909.0,45050.0,Call,-,-,-,-,955.0,-,-,0,0,0,0,955,970,-,-
TXO,202609W2,20260909.0,45050.0,Put,151,202,108,144,233.0,▼-54,▼-27.27%,20,23,43,11,130,321,440,108
TXO,202609W2,20260909.0,45100.0,Call,905,905,905,905,905.0,▼-325,▼-26.42%,0,1,1,400,915,930,1220,905
TXO,202609W2,20260909.0,45100.0,Put,156,245,114,245,245.0,▲+35,▲+16.67%,18,12,30,103,152,328,406,95
TXO,202609W2,20260909.0,45150.0,Call,-,-,-,-,885.0,-,-,0,0,0,0,885,895,1680,950
TXO,202609W2,20260909.0,45150.0,Put,183,222,165,165,259.0,▼-67,▼-28.88%,8,3,11,7,148,325,360,165
TXO,202609W2,20260909.0,45200.0,Call,840,840,815,815,850.0,▼-335,▼-29.13%,0,2,2,4,850,860,1640,815
TXO,202609W2,20260909.0,45200.0,Put,157,309,129,272,272.0,▲+31,▲+12.86%,73,58,131,45,172,298,695,110
TXO,202609W2,20260909.0,45250.0,Call,895,895,895,895,805.0,▼-225,▼-20.09%,0,1,1,1,22,895,895,830
TXO,202609W2,20260909.0,45250.0,Put,245,245,177,189,289.0,▼-62,▼-24.70%,6,7,13,10,120,398,345,144
TXO,202609W2,20260909.0,45300.0,Call,910,1010,910,1010,780.0,▼-70,▼-6.48%,0,3,3,3,780,790,1500,910
TXO,202609W2,20260909.0,45300.0,Put,190,329,151,299,299.0,▲+45,▲+17.72%,22,61,83,24,204,500,585,120
TXO,202609W2,20260909.0,45350.0,Call,900,970,900,910,745.0,▼-120,▼-11.65%,0,5,5,6,745,755,1470,745
TXO,202609W2,20260909.0,45350.0,Put,198,360,162,360,323.0,▲+80,▲+28.57%,4,13,17,10,312,407,500,127
TXO,202609W2,20260909.0,45400.0,Call,920,920,700,715,715.0,▼-285,▼-28.50%,2,4,6,2,715,725,1000,700
TXO,202609W2,20260909.0,45400.0,Put,200,370,164,332,332.0,▲+39,▲+13.31%,7,59,66,47,249,-,417,118
TXO,202609W2,20260909.0,45450.0,Call,655,655,650,650,680.0,▼-305,▼-31.94%,5,2,7,8,680,690,1400,650
TXO,202609W2,20260909.0,45450.0,Put,230,300,183,300,357.0,▼-7,▼-2.28%,4,15,19,12,227,1220,635,141
TXO,202609W2,20260909.0,45500.0,Call,845,1000,845,1000,650.0,▲+60,▲+6.38%,3,3,6,12,650,660,1650,640
TXO,202609W2,20260909.0,45500.0,Put,245,449,157,372,372.0,▲+48,▲+14.81%,26,63,89,79,293,389,800,131
TXO,202609W2,20260909.0,45550.0,Call,600,600,600,600,600.0,▼-290,▼-32.58%,0,5,5,10,620,630,885,600
TXO,202609W2,20260909.0,45550.0,Put,269,293,208,293,395.0,▼-47,▼-13.82%,0,5,5,10,284,525,675,208
TXO,202609W2,20260909.0,45600.0,Call,850,850,570,570,570.0,▼-280,▼-32.94%,0,12,12,7,590,600,850,570
TXO,202609W2,20260909.0,45600.0,Put,276,435,202,426,426.0,▲+71,▲+20.00%,39,193,232,59,397,479,900,161
TXO,202609W2,20260909.0,45650.0,Call,-,-,-,-,560.0,-,-,6,0,6,4,560,570,1280,590
TXO,202609W2,20260909.0,45650.0,Put,300,493,228,493,437.0,▲+133,▲+36.94%,14,34,48,21,349,-,710,166
TXO,202609W2,20260909.0,45700.0,Call,890,890,890,890,525.0,▲+90,▲+11.25%,9,1,10,376,525,540,890,555
TXO,202609W2,20260909.0,45700.0,Put,350,350,260,260,461.0,▼-125,▼-32.47%,32,27,59,65,296,590,790,158
TXO,202609W2,20260909.0,45750.0,Call,565,565,500,500,500.0,▼-265,▼-34.64%,6,3,9,3,505,515,845,500
TXO,202609W2,20260909.0,45750.0,Put,326,420,273,325,485.0,▼-92,▼-22.06%,4,6,10,13,398,-,845,183
TXO,202609W2,20260909.0,45800.0,Call,780,825,460,470,470.0,▼-265,▼-36.05%,118,96,214,24,420,-,1170,460
TXO,202609W2,20260909.0,45800.0,Put,306,545,265,500,500.0,▲+75,▲+17.65%,19,39,58,50,460,545,770,199
TXO,202609W2,20260909.0,45850.0,Call,580,655,430,452,452.0,▼-263,▼-36.78%,3,6,9,12,454,460,765,430
TXO,202609W2,20260909.0,45850.0,Put,367,545,270,520,520.0,▲+70,▲+15.56%,0,16,16,18,515,525,890,211
TXO,202609W2,20260909.0,45900.0,Call,680,680,396,425,425.0,▼-240,▼-36.09%,15,15,30,14,351,-,1020,396
TXO,202609W2,20260909.0,45900.0,Put,379,600,302,540,540.0,▲+86,▲+18.94%,12,59,71,38,540,550,820,205
TXO,202609W2,20260909.0,45950.0,Call,620,645,383,383,383.0,▼-277,▼-41.97%,6,8,14,12,294,490,1030,383
TXO,202609W2,20260909.0,45950.0,Put,430,600,314,600,575.0,▲+106,▲+21.46%,22,39,61,34,565,575,885,210
TXO,202609W2,20260909.0,46000.0,Call,635,660,350,362,362.0,▼-248,▼-40.66%,48,47,95,36,274,1280,1070,350
TXO,202609W2,20260909.0,46000.0,Put,449,660,312,615,615.0,▲+90,▲+17.14%,192,112,304,121,595,605,960,196
TXO,202609W2,20260909.0,46050.0,Call,550,605,341,341,341.0,▼-264,▼-43.64%,9,13,22,22,260,815,880,341
TXO,202609W2,20260909.0,46050.0,Put,441,555,356,555,630.0,▲+10,▲+1.83%,5,9,14,65,620,630,935,151
TXO,202609W2,20260909.0,46100.0,Call,580,610,321,321,321.0,▼-249,▼-43.68%,67,42,109,49,334,400,1070,321
TXO,202609W2,20260909.0,46100.0,Put,453,700,350,700,660.0,▲+140,▲+25.00%,12,37,49,37,650,660,900,250
TXO,202609W2,20260909.0,46150.0,Call,570,600,305,305,305.0,▼-240,▼-44.04%,17,12,29,27,218,-,1150,305
TXO,202609W2,20260909.0,46150.0,Put,430,730,430,690,690.0,▲+100,▲+16.95%,20,52,72,30,680,690,810,290
TXO,202609W2,20260909.0,46200.0,Call,520,580,278,286,286.0,▼-229,▼-44.47%,42,44,86,42,230,-,920,278
TXO,202609W2,20260909.0,46200.0,Put,441,795,400,730,730.0,▲+115,▲+18.70%,32,93,125,94,705,720,930,277
TXO,202609W2,20260909.0,46250.0,Call,515,525,273,282,282.0,▼-200,▼-41.49%,5,16,21,26,179,-,770,273
TXO,202609W2,20260909.0,46250.0,Put,685,815,575,810,750.0,▲+170,▲+26.56%,7,17,24,14,740,750,875,279
TXO,202609W2,20260909.0,46300.0,Call,470,525,240,262,262.0,▼-208,▼-44.26%,49,65,114,61,261,265,745,240
TXO,202609W2,20260909.0,46300.0,Put,560,795,458,790,790.0,▲+140,▲+21.54%,10,79,89,98,770,780,975,300
TXO,202609W2,20260909.0,46350.0,Call,438,491,210,240,240.0,▼-216,▼-47.37%,1,30,31,13,156,-,720,210
TXO,202609W2,20260909.0,46350.0,Put,492,815,484,815,815.0,▲+135,▲+19.85%,0,21,21,5,805,815,1150,294
TXO,202609W2,20260909.0,46400.0,Call,428,530,215,215,215.0,▼-219,▼-50.46%,35,35,70,24,130,530,880,215
TXO,202609W2,20260909.0,46400.0,Put,605,810,500,810,860.0,▲+90,▲+12.50%,6,19,25,4,770,-,810,321
TXO,202609W2,20260909.0,46450.0,Call,318,362,206,206,206.0,▼-204,▼-49.76%,6,13,19,17,212,216,795,206
TXO,202609W2,20260909.0,46450.0,Put,575,830,575,830,895.0,▲+80,▲+10.67%,5,2,7,10,800,-,850,323
TXO,202609W2,20260909.0,46500.0,Call,350,415,184,196,196.0,▼-184,▼-48.42%,44,109,153,111,197,201,935,184
TXO,202609W2,20260909.0,46500.0,Put,585,940,530,940,940.0,▲+165,▲+21.29%,8,19,27,13,685,935,970,366
TXO,202609W2,20260909.0,46550.0,Call,313,314,168,180,180.0,▼-174,▼-49.15%,3,21,24,20,168,-,740,120
TXO,202609W2,20260909.0,46550.0,Put,750,840,750,840,965.0,▲+35,▲+4.35%,7,2,9,12,870,970,915,515
TXO,202609W2,20260909.0,46600.0,Call,317,342,158,168,168.0,▼-177,▼-51.30%,33,63,96,57,171,175,620,158
TXO,202609W2,20260909.0,46600.0,Put,700,1000,700,1000,1000.0,▲+165,▲+19.76%,3,3,6,9,965,1000,1130,402
TXO,202609W2,20260909.0,46650.0,Call,317,333,152,152,152.0,▼-180,▼-54.22%,21,9,30,5,158,161,680,152
TXO,202609W2,20260909.0,46650.0,Put,-,-,-,-,1040.0,-,-,0,0,0,6,1010,1040,750,630
TXO,202609W2,20260909.0,46700.0,Call,284,305,140,141,141.0,▼-164,▼-53.77%,42,48,90,35,147,150,760,140
TXO,202609W2,20260909.0,46700.0,Put,845,845,795,795,1080.0,▼-85,▼-9.66%,2,7,9,3,980,1090,1000,453
TXO,202609W2,20260909.0,46750.0,Call,302,302,228,256,135.0,▼-29,▼-10.18%,7,7,14,6,134,138,640,177
TXO,202609W2,20260909.0,46750.0,Put,-,-,-,-,1120.0,-,-,0,0,0,0,790,1120,920,494
TXO,202609W2,20260909.0,46800.0,Call,263,286,122,123,123.0,▼-145,▼-54.10%,44,49,93,77,125,131,720,122
TXO,202609W2,20260909.0,46800.0,Put,920,930,770,770,1160.0,▼-195,▼-20.21%,6,14,20,15,825,1170,1000,480
TXO,202609W2,20260909.0,46850.0,Call,209,242,95,116,116.0,▼-148,▼-56.06%,15,13,28,8,95,400,615,95
TXO,202609W2,20260909.0,46850.0,Put,825,825,825,825,1200.0,▼-175,▼-17.50%,0,1,1,2,870,1200,825,488
TXO,202609W2,20260909.0,46900.0,Call,247,247,100,107,107.0,▼-139,▼-56.50%,29,42,71,33,105,109,615,100
TXO,202609W2,20260909.0,46900.0,Put,885,980,780,780,1240.0,▼-250,▼-24.27%,0,6,6,3,930,1240,980,530
TXO,202609W2,20260909.0,46950.0,Call,216,216,98,100,100.0,▼-136,▼-57.63%,4,19,23,16,97,100,575,98
TXO,202609W2,20260909.0,46950.0,Put,-,-,-,-,1280.0,-,-,0,0,0,1,950,1290,580,550
TXO,202609W2,20260909.0,47000.0,Call,189,220,85,90,90.0,▼-127,▼-58.53%,113,248,361,151,60,110,605,85
TXO,202609W2,20260909.0,47000.0,Put,1020,1070,900,1070,1320.0,▼-40,▼-3.60%,5,22,27,50,1210,1350,1330,510
TXO,202609W2,20260909.0,47050.0,Call,160,182,80,82,82.0,▼-115,▼-58.38%,2,25,27,41,76,4800,705,80
TXO,202609W2,20260909.0,47050.0,Put,850,940,850,940,1370.0,▼-200,▼-17.54%,0,2,2,2,1.3,1370,940,850
TXO,202609W2,20260909.0,47100.0,Call,165,187,72,75,75.0,▼-117,▼-60.94%,24,36,60,27,73,92,399,72
TXO,202609W2,20260909.0,47100.0,Put,1080,1080,1020,1050,1410.0,▼-130,▼-11.02%,0,7,7,1,1350,1460,1080,700
TXO,202609W2,20260909.0,47150.0,Call,129,159,69,71,71.0,▼-115,▼-61.83%,8,19,27,14,69,72,333,69
TXO,202609W2,20260909.0,47150.0,Put,-,-,-,-,1450.0,-,-,0,0,0,0,1380,1460,-,-
TXO,202609W2,20260909.0,47200.0,Call,146,163,60,64,64.0,▼-106,▼-62.35%,52,139,191,79,63,66,505,60
TXO,202609W2,20260909.0,47200.0,Put,1210,1210,1010,1110,1500.0,▼-150,▼-11.90%,0,7,7,1,1430,1560,1420,730
TXO,202609W2,20260909.0,47250.0,Call,146,146,56,59,59.0,▼-105,▼-64.02%,25,36,61,33,57,60,300,56
TXO,202609W2,20260909.0,47250.0,Put,-,-,-,-,1540.0,-,-,0,0,0,0,1470,1550,-,-
TXO,202609W2,20260909.0,47300.0,Call,136,138,50,50,50.0,▼-104,▼-67.53%,57,78,135,43,53,55,409,50
TXO,202609W2,20260909.0,47300.0,Put,1190,1200,1050,1200,1590.0,▼-140,▼-10.45%,0,7,7,1,1520,1650,1200,1050
TXO,202609W2,20260909.0,47350.0,Call,121,136,49,53,48.0,▼-84,▼-61.31%,4,24,28,17,47.5,50,265,49
TXO,202609W2,20260909.0,47350.0,Put,-,-,-,-,1630.0,-,-,0,0,0,1,1510,1640,850,780
TXO,202609W2,20260909.0,47400.0,Call,117,119,42,45.5,45.5,▼-89.5,▼-66.30%,106,96,202,73,44,46,468,42
TXO,202609W2,20260909.0,47400.0,Put,-,-,-,-,1680.0,-,-,0,0,0,0,1370,-,-,-
TXO,202609W2,20260909.0,47450.0,Call,62,104,40.5,41.5,41.5,▼-78.5,▼-65.42%,15,68,83,45,39.5,41.5,252,40.5
TXO,202609W2,20260909.0,47450.0,Put,-,-,-,-,1720.0,-,-,0,0,0,0,-,-,970,905
TXO,202609W2,20260909.0,47500.0,Call,100,108,35,38,38.0,▼-81,▼-68.07%,128,175,303,160,28,50,421,35
TXO,202609W2,20260909.0,47500.0,Put,-,-,-,-,1770.0,-,-,0,0,0,2,1470,1770,850,800
TXO,202609W2,20260909.0,47550.0,Call,79,81,44.5,44.5,33.5,▼-57.5,▼-56.37%,5,39,44,39,33,34.5,104,44.5
TXO,202609W2,20260909.0,47550.0,Put,-,-,-,-,1820.0,-,-,0,0,0,0,-,1820,-,-
TXO,202609W2,20260909.0,47600.0,Call,74,86,30,30,30.0,▼-70,▼-70.00%,70,106,176,89,30,31.5,370,30
TXO,202609W2,20260909.0,47600.0,Put,-,-,-,-,1860.0,-,-,0,0,0,1,1560,-,1030,945
TXO,202609W2,20260909.0,47650.0,Call,74,75,26,26,26.0,▼-68,▼-72.34%,4,38,42,28,27.5,28.5,404,26
TXO,202609W2,20260909.0,47650.0,Put,-,-,-,-,1910.0,-,-,0,0,0,0,1880,1910,-,-
TXO,202609W2,20260909.0,47700.0,Call,72,72,24.5,26,26.0,▼-60,▼-69.77%,40,119,159,72,24.5,26,391,24.5
TXO,202609W2,20260909.0,47700.0,Put,1400,1430,1400,1430,1960.0,▼-240,▼-14.37%,0,2,2,2,1650,1960,1430,1400
TXO,202609W2,20260909.0,47750.0,Call,54,61,22.5,23,23.0,▼-55,▼-70.51%,4,44,48,52,22,23.5,133,22.5
TXO,202609W2,20260909.0,47750.0,Put,-,-,-,-,2010.0,-,-,0,0,0,0,-,2010,-,-
TXO,202609W2,20260909.0,47800.0,Call,59,65,20,21.5,21.5,▼-52.5,▼-70.95%,59,201,260,244,20.5,21.5,345,20
TXO,202609W2,20260909.0,47800.0,Put,-,-,-,-,2050.0,-,-,0,0,0,0,1630,-,-,-
TXO,202609W2,20260909.0,47850.0,Call,55,55,18.5,19,19.0,▼-53,▼-73.61%,7,45,52,45,18.5,19.5,100,18.5
TXO,202609W2,20260909.0,47850.0,Put,-,-,-,-,2100.0,-,-,0,0,0,0,-,2110,-,-
TXO,202609W2,20260909.0,47900.0,Call,41.5,46.5,19,19,19.0,▼-48,▼-71.64%,35,37,72,30,17,18,265,19
TXO,202609W2,20260909.0,47900.0,Put,-,-,-,-,2150.0,-,-,0,0,0,0,2120,2150,-,-
TXO,202609W2,20260909.0,47950.0,Call,44,44,16,16,16.0,▼-46,▼-74.19%,7,26,33,14,15.5,16.5,55,16
TXO,202609W2,20260909.0,47950.0,Put,-,-,-,-,2200.0,-,-,0,0,0,0,-,2200,-,-
TXO,202609W2,20260909.0,48000.0,Call,30,44,13,14,14.0,▼-42,▼-75.00%,178,247,425,146,14,15,284,13
TXO,202609W2,20260909.0,48000.0,Put,-,-,-,-,2250.0,-,-,0,0,0,0,1940,2250,-,-
TXO,202609W2,20260909.0,48050.0,Call,41.5,41.5,14,14,14.0,▼-40,▼-74.07%,59,46,105,66,12.5,13.5,55,14
TXO,202609W2,20260909.0,48050.0,Put,-,-,-,-,2300.0,-,-,0,0,0,0,-,2300,-,-
TXO,202609W2,20260909.0,48100.0,Call,36,36,12,12,12.0,▼-38,▼-76.00%,27,24,51,32,12,12.5,203,12
TXO,202609W2,20260909.0,48100.0,Put,-,-,-,-,2350.0,-,-,0,0,0,0,2040,2360,-,-
TXO,202609W2,20260909.0,48150.0,Call,28,31.5,10.5,11,11.0,▼-35,▼-76.09%,6,21,27,7,10.5,11.5,66,10.5
TXO,202609W2,20260909.0,48150.0,Put,-,-,-,-,2390.0,-,-,0,0,0,0,2060,-,-,-
TXO,202609W2,20260909.0,48200.0,Call,28.5,33,10,10,10.0,▼-32.5,▼-76.47%,32,59,91,44,9.7,10.5,222,10
TXO,202609W2,20260909.0,48200.0,Put,-,-,-,-,2440.0,-,-,0,0,0,19,2140,2740,1600,1200
TXO,202609W2,20260909.0,48250.0,Call,25,25,9.3,9.3,9.3,▼-30.2,▼-76.46%,13,10,23,11,8.8,9.5,58,9.3
TXO,202609W2,20260909.0,48250.0,Put,-,-,-,-,2490.0,-,-,0,0,0,0,-,2500,-,-
TXO,202609W2,20260909.0,48300.0,Call,23,25,8.5,8.5,8.5,▼-28,▼-76.71%,75,48,123,37,8.1,8.8,198,8.5
TXO,202609W2,20260909.0,48300.0,Put,-,-,-,-,2540.0,-,-,0,0,0,0,-,2550,-,-
TXO,202609W2,20260909.0,48350.0,Call,17,21,9.6,9.6,7.8,▼-23.9,▼-71.34%,15,14,29,6,7.4,8.1,50,9.6
TXO,202609W2,20260909.0,48350.0,Put,-,-,-,-,2590.0,-,-,0,0,0,0,2560,2590,-,-
TXO,202609W2,20260909.0,48400.0,Call,22,22,6.9,6.9,6.9,▼-22.1,▼-76.21%,17,57,74,49,6.8,7.5,163,6.9
TXO,202609W2,20260909.0,48400.0,Put,-,-,-,-,2640.0,-,-,0,0,0,0,-,2640,-,-
TXO,202609W2,20260909.0,48500.0,Call,19,19,5.4,5.4,5.4,▼-17.6,▼-76.52%,182,222,404,94,5.9,6.4,145,5.4
TXO,202609W2,20260909.0,48500.0,Put,-,-,-,-,2740.0,-,-,0,0,0,0,-,2740,-,-
TXO,202609W2,20260909.0,48600.0,Call,13.5,13.5,5,5.5,5.2,▼-16.5,▼-75.00%,10,34,44,19,4.6,5.5,111,1.2
TXO,202609W2,20260909.0,48600.0,Put,-,-,-,-,2840.0,-,-,0,0,0,0,2530,2840,-,-
TXO,202609W2,20260909.0,48700.0,Call,9.3,10.5,8,8,4.8,▼-10,▼-55.56%,11,6,17,14,4.3,5.4,108,8
TXO,202609W2,20260909.0,48700.0,Put,-,-,-,-,2940.0,-,-,0,0,0,0,-,2940,-,-
TXO,202609W2,20260909.0,48800.0,Call,11,11,3.5,3.5,4.1,▼-13,▼-78.79%,8,25,33,21,3.5,4.7,101,3.5
TXO,202609W2,20260909.0,48800.0,Put,-,-,-,-,3040.0,-,-,0,0,0,0,-,3040,-,-
TXO,202609W2,20260909.0,48900.0,Call,6,6.5,6,6.5,3.8,▼-7.5,▼-53.57%,3,2,5,86,3.2,4.4,77,6
TXO,202609W2,20260909.0,48900.0,Put,-,-,-,-,3140.0,-,-,0,0,0,0,-,3140,-,-
TXO,202609W2,20260909.0,49000.0,Call,8,8,3.1,3.1,3.1,▼-9.4,▼-75.20%,35,22,57,110,3,4,77,3.1
TXO,202609W2,20260909.0,49000.0,Put,-,-,-,-,3240.0,-,-,0,0,0,0,-,3240,-,-
TXO,202609W2,20260909.0,49100.0,Call,4.1,4.3,4.1,4.3,2.9,▼-6.2,▼-59.05%,4,2,6,16,2.2,3.5,78,4.1
TXO,202609W2,20260909.0,49100.0,Put,-,-,-,-,3340.0,-,-,0,0,0,0,-,3330,-,-
TXO,202609W2,20260909.0,49200.0,Call,-,-,-,-,2.5,-,-,7,0,7,15,2,3,69,6
TXO,202609W2,20260909.0,49200.0,Put,-,-,-,-,3440.0,-,-,0,0,0,0,-,-,-,-
TXO,202609W2,20260909.0,49300.0,Call,-,-,-,-,2.3,-,-,8,0,8,5,1.7,2.9,45,1.3
TXO,202609W2,20260909.0,49300.0,Put,-,-,-,-,3540.0,-,-,0,0,0,0,-,3540,-,-
TXO,202609W2,20260909.0,49400.0,Call,4,4,3.5,3.5,2.0,▼-4.5,▼-56.25%,1,2,3,23,1.4,2.6,45.5,3.5
TXO,202609W2,20260909.0,49400.0,Put,-,-,-,-,3630.0,-,-,0,0,0,0,3600,3630,-,-
TXO,202609W2,20260909.0,49500.0,Call,-,-,-,-,1.8,-,-,20,0,20,22,1.2,2.4,50,3.5
TXO,202609W2,20260909.0,49500.0,Put,-,-,-,-,3730.0,-,-,0,0,0,0,-,-,-,-
TXO,202609W2,20260909.0,49600.0,Call,-,-,-,-,1.6,-,-,0,0,0,24,1,2.1,48,9
TXO,202609W2,20260909.0,49600.0,Put,-,-,-,-,3830.0,-,-,0,0,0,0,-,3840,-,-
TXO,202609W2,20260909.0,49700.0,Call,-,-,-,-,1.4,-,-,2,0,2,8,0.9,1.9,41.5,3
TXO,202609W2,20260909.0,49700.0,Put,-,-,-,-,3930.0,-,-,0,0,0,0,-,-,-,-
TXO,202609W2,20260909.0,49800.0,Call,1.6,1.6,1.6,1.6,1.2,▼-3.2,▼-66.67%,7,1,8,6,0.7,1.7,28.5,1.6
TXO,202609W2,20260909.0,49800.0,Put,-,-,-,-,4030.0,-,-,0,0,0,1,3900,4040,3680,3680
TXO,202609W2,20260909.0,49900.0,Call,1.4,1.4,1.4,1.4,1.1,▼-2.6,▼-65.00%,1,1,2,2,0.6,1.5,17,1.4
TXO,202609W2,20260909.0,49900.0,Put,-,-,-,-,4130.0,-,-,0,0,0,1,4000,-,3780,3780
TXO,202609W2,20260909.0,50000.0,Call,2.3,2.3,0.7,0.7,0.9,▼-3.1,▼-81.58%,598,114,712,690,0.6,1.1,16,0.7
TXO,202609W2,20260909.0,50000.0,Put,-,-,-,-,4230.0,-,-,0,0,0,0,-,4240,-,-
TXO,202609W2,20260909.0,50100.0,Call,-,-,-,-,0.8,-,-,3,0,3,7,0.4,1.2,7.9,1.1
TXO,202609W2,20260909.0,50100.0,Put,-,-,-,-,4330.0,-,-,0,0,0,0,-,4340,-,-
TXO,202609W2,20260909.0,50200.0,Call,-,-,-,-,0.7,-,-,0,0,0,1,0.3,1.1,13.5,5.2
TXO,202609W2,20260909.0,50200.0,Put,-,-,-,-,4430.0,-,-,0,0,0,0,-,-,-,-
TXO,202609W2,20260909.0,50300.0,Call,-,-,-,-,0.6,-,-,0,0,0,0,0.2,1,25.5,6.3
TXO,202609W2,20260909.0,50300.0,Put,-,-,-,-,4530.0,-,-,0,0,0,0,-,-,-,-
TXO,202609W2,20260909.0,50400.0,Call,-,-,-,-,0.6,-,-,1,0,1,2,0.2,0.9,24,1
TXO,202609W2,20260909.0,50400.0,Put,-,-,-,-,4630.0,-,-,0,0,0,0,-,-,-,-
TXO,202609W2,20260909.0,50500.0,Call,-,-,-,-,0.5,-,-,0,0,0,3,0.1,0.8,22,3.9
TXO,202609W2,20260909.0,50500.0,Put,-,-,-,-,4730.0,-,-,0,0,0,0,-,4740,-,-
TXO,202609W2,20260909.0,50600.0,Call,-,-,-,-,0.5,-,-,0,0,0,8,0.1,0.8,9.2,3.7
TXO,202609W2,20260909.0,50600.0,Put,-,-,-,-,4830.0,-,-,0,0,0,0,-,4840,-,-
TXO,202609W2,20260909.0,50700.0,Call,-,-,-,-,0.4,-,-,0,0,0,0,0.1,0.7,-,-
TXO,202609W2,20260909.0,50700.0,Put,-,-,-,-,4930.0,-,-,0,0,0,0,-,4940,-,-
TXO,202609W2,20260909.0,50800.0,Call,-,-,-,-,0.3,-,-,0,0,0,0,-,-,-,-
TXO,202609W2,20260909.0,50800.0,Put,-,-,-,-,5030.0,-,-,0,0,0,0,-,5040,-,-
TXO,202609W2,20260909.0,50900.0,Call,-,-,-,-,0.3,-,-,0,0,0,0,-,-,-,-
TXO,202609W2,20260909.0,50900.0,Put,-,-,-,-,5130.0,-,-,0,0,0,0,-,5140,-,-
TXO,202609W2,20260909.0,51000.0,Call,0.2,0.7,0.2,0.5,0.2,▼-1,▼-66.67%,3,99,102,873,-,101,6.6,0.2
TXO,202609W2,20260909.0,51000.0,Put,-,-,-,-,5230.0,-,-,0,0,0,0,-,5240,-,-
TXO,202609W2,20260909.0,51100.0,Call,-,-,-,-,0.2,-,-,0,0,0,0,-,-,-,-
TXO,202609W2,20260909.0,51100.0,Put,-,-,-,-,5330.0,-,-,0,0,0,0,-,5350,-,-
TXO,202609W2,20260909.0,51200.0,Call,-,-,-,-,0.1,-,-,0,0,0,0,-,-,-,-
TXO,202609W2,20260909.0,51200.0,Put,-,-,-,-,5430.0,-,-,0,0,0,0,-,5450,-,-
TXO,202609W2,20260909.0,51300.0,Call,-,-,-,-,0.1,-,-,0,0,0,0,-,-,-,-
TXO,202609W2,20260909.0,51300.0,Put,-,-,-,-,5530.0,-,-,0,0,0,0,-,5550,-,-
TXO,202609W2,20260909.0,51400.0,Call,-,-,-,-,0.1,-,-,10,0,10,10,-,-,0.7,0.7
TXO,202609W2,20260909.0,51400.0,Put,-,-,-,-,5630.0,-,-,0,0,0,0,-,5650,-,-
TXO,202609W2,20260909.0,51500.0,Call,-,-,-,-,0.1,-,-,0,0,0,0,-,-,-,-
TXO,202609W2,20260909.0,51500.0,Put,-,-,-,-,5730.0,-,-,0,0,0,0,-,-,-,-
TXO,202609W2,20260909.0,51600.0,Call,-,-,-,-,0.1,-,-,0,0,0,0,-,-,-,-
TXO,202609W2,20260909.0,51600.0,Put,-,-,-,-,5830.0,-,-,0,0,0,0,-,-,-,-
TXO,202609W2,20260909.0,51700.0,Call,-,-,-,-,0.1,-,-,1,0,1,4,-,5,3.8,0.7
TXO,202609W2,20260909.0,51700.0,Put,-,-,-,-,5930.0,-,-,0,0,0,0,-,-,-,-
TXO,202609F2,20260911.0,41300.0,Call,-,-,-,-,4540.0,-,-,0,0,0,0,4510,4550,-,-
TXO,202609F2,20260911.0,41300.0,Put,18.5,20.5,14,20.5,20.5,▼-3.5,▼-14.58%,42,29,71,112,22,23,49,14
TXO,202609F2,20260911.0,41400.0,Call,-,-,-,-,4440.0,-,-,0,0,0,0,4420,-,-,-
TXO,202609F2,20260911.0,41400.0,Put,15.5,15.5,15.5,15.5,23.0,▼-9.5,▼-38.00%,1,1,2,0,23,24,26,15.5
TXO,202609F2,20260911.0,41500.0,Call,-,-,-,-,4340.0,-,-,0,0,0,0,4320,-,-,-
TXO,202609F2,20260911.0,41500.0,Put,16.5,16.5,16.5,16.5,24.5,▼-11,▼-40.00%,2,2,4,4,24,25,41.5,16.5
TXO,202609F2,20260911.0,41600.0,Call,-,-,-,-,4240.0,-,-,0,0,0,0,4220,-,-,-
TXO,202609F2,20260911.0,41600.0,Put,-,-,-,-,25.5,-,-,3,0,3,10,25.5,26.5,51,27
TXO,202609F2,20260911.0,41700.0,Call,-,-,-,-,4140.0,-,-,0,0,0,0,4120,-,-,-
TXO,202609F2,20260911.0,41700.0,Put,-,-,-,-,27.0,-,-,0,0,0,0,27,28,-,-
TXO,202609F2,20260911.0,41800.0,Call,-,-,-,-,4040.0,-,-,0,0,0,0,4020,-,-,-
TXO,202609F2,20260911.0,41800.0,Put,-,-,-,-,28.5,-,-,0,0,0,3,28.5,29.5,58,30
TXO,202609F2,20260911.0,41900.0,Call,-,-,-,-,3940.0,-,-,0,0,0,0,3920,-,-,-
TXO,202609F2,20260911.0,41900.0,Put,-,-,-,-,30.0,-,-,0,0,0,1,30,31,47,47
TXO,202609F2,20260911.0,42000.0,Call,-,-,-,-,3850.0,-,-,0,0,0,0,3830,3860,-,-
TXO,202609F2,20260911.0,42000.0,Put,24,24,20,20,32.0,▼-15,▼-42.86%,6,2,8,9,32,33,50,20
TXO,202609F2,20260911.0,42100.0,Call,-,-,-,-,3750.0,-,-,0,0,0,0,3730,-,-,-
TXO,202609F2,20260911.0,42100.0,Put,25.5,33.5,25.5,33.5,33.5,▼-1.5,▼-4.29%,1,3,4,5,33.5,35,72,25.5
TXO,202609F2,20260911.0,42200.0,Call,-,-,-,-,3650.0,-,-,0,0,0,0,3630,-,-,-
TXO,202609F2,20260911.0,42200.0,Put,-,-,-,-,35.5,-,-,1,0,1,2,35.5,37,69,27
TXO,202609F2,20260911.0,42300.0,Call,-,-,-,-,3550.0,-,-,0,0,0,0,3530,-,-,-
TXO,202609F2,20260911.0,42300.0,Put,29,29,29,29,38.0,▼-12,▼-29.27%,0,1,1,3,38,39.5,41.5,29
TXO,202609F2,20260911.0,42400.0,Call,-,-,-,-,3450.0,-,-,0,0,0,0,3440,3470,-,-
TXO,202609F2,20260911.0,42400.0,Put,25,40,25,40,40.0,▼-2,▼-4.76%,0,3,3,10,40.5,42,52,25
TXO,202609F2,20260911.0,42500.0,Call,-,-,-,-,3360.0,-,-,0,0,0,0,3340,3370,-,-
TXO,202609F2,20260911.0,42500.0,Put,25.5,27.5,25.5,25.5,43.0,▼-19.5,▼-43.33%,0,13,13,24,43,44.5,88,25.5
TXO,202609F2,20260911.0,42600.0,Call,-,-,-,-,3260.0,-,-,0,0,0,0,3240,-,-,-
TXO,202609F2,20260911.0,42600.0,Put,-,-,-,-,46.0,-,-,0,0,0,14,46,47.5,95,56
TXO,202609F2,20260911.0,42700.0,Call,-,-,-,-,3160.0,-,-,0,0,0,0,3150,-,-,-
TXO,202609F2,20260911.0,42700.0,Put,30,41,30,41,49.0,▼-8.5,▼-17.17%,0,2,2,15,49,51,102,30
TXO,202609F2,20260911.0,42800.0,Call,-,-,-,-,3070.0,-,-,0,0,0,0,3050,3080,-,-
TXO,202609F2,20260911.0,42800.0,Put,31,57,31,57,53.0,▲+4,▲+7.55%,0,2,2,19,52,54,108,31
TXO,202609F2,20260911.0,42900.0,Call,-,-,-,-,2970.0,-,-,0,0,0,0,2950,-,-,-
TXO,202609F2,20260911.0,42900.0,Put,40,40,34,34,56.0,▼-22,▼-39.29%,0,7,7,19,56,58,117,34
TXO,202609F2,20260911.0,43000.0,Call,-,-,-,-,2880.0,-,-,0,0,0,0,2860,2890,-,-
TXO,202609F2,20260911.0,43000.0,Put,37,64,37,64,64.0,▲+1,▲+1.59%,6,9,15,22,60,62,126,37
TXO,202609F2,20260911.0,43100.0,Call,-,-,-,-,2780.0,-,-,0,0,0,0,2760,-,-,-
TXO,202609F2,20260911.0,43100.0,Put,39,39,39,39,64.0,▼-25,▼-39.06%,1,1,2,9,64,66,136,39
TXO,202609F2,20260911.0,43200.0,Call,-,-,-,-,2680.0,-,-,0,0,0,0,2670,-,-,-
TXO,202609F2,20260911.0,43200.0,Put,40,58,40,58,69.0,▼-14,▼-19.44%,14,7,21,27,69,71,130,40
TXO,202609F2,20260911.0,43300.0,Call,-,-,-,-,2590.0,-,-,0,0,0,0,2570,-,-,-
TXO,202609F2,20260911.0,43300.0,Put,53,80,45,80,80.0,▲+6,▲+8.11%,1,10,11,6,75,77,80,44
TXO,202609F2,20260911.0,43400.0,Call,-,-,-,-,2500.0,-,-,0,0,0,0,2480,2510,-,-
TXO,202609F2,20260911.0,43400.0,Put,49.5,83,49.5,82,82.0,▲+3,▲+3.80%,0,3,3,4,80,82,163,49.5
TXO,202609F2,20260911.0,43500.0,Call,-,-,-,-,2400.0,-,-,0,0,0,0,2380,-,-,-
TXO,202609F2,20260911.0,43500.0,Put,59,80,49,80,87.0,▼-3,▼-3.61%,7,11,18,26,87,90,147,49
TXO,202609F2,20260911.0,43600.0,Call,-,-,-,-,2310.0,-,-,0,0,0,0,2290,-,-,-
TXO,202609F2,20260911.0,43600.0,Put,-,-,-,-,94.0,-,-,0,0,0,2,94,97,164,52
TXO,202609F2,20260911.0,43700.0,Call,-,-,-,-,2220.0,-,-,0,0,0,0,2200,2230,-,-
TXO,202609F2,20260911.0,43700.0,Put,-,-,-,-,102.0,-,-,1,0,1,20,102,105,208,94
TXO,202609F2,20260911.0,43800.0,Call,-,-,-,-,2130.0,-,-,0,0,0,0,2110,2140,-,-
TXO,202609F2,20260911.0,43800.0,Put,74,112,59,112,112.0,▲+8,▲+7.69%,0,13,13,7,111,114,181,59
TXO,202609F2,20260911.0,43900.0,Call,-,-,-,-,2040.0,-,-,0,0,0,0,2020,2050,-,-
TXO,202609F2,20260911.0,43900.0,Put,94,129,68,129,129.0,▲+12,▲+10.26%,6,5,11,9,120,123,174,68
TXO,202609F2,20260911.0,44000.0,Call,-,-,-,-,1950.0,-,-,0,0,0,0,1930,1960,-,-
TXO,202609F2,20260911.0,44000.0,Put,95,137,90,130,130.0,▲+1,▲+0.78%,4,12,16,39,130,134,257,65
TXO,202609F2,20260911.0,44100.0,Call,-,-,-,-,1860.0,-,-,0,0,0,0,1840,1870,-,-
TXO,202609F2,20260911.0,44100.0,Put,-,-,-,-,144.0,-,-,2,0,2,1,143,146,246,71
TXO,202609F2,20260911.0,44200.0,Call,-,-,-,-,1770.0,-,-,0,0,0,0,1750,-,-,-
TXO,202609F2,20260911.0,44200.0,Put,-,-,-,-,156.0,-,-,0,0,0,6,156,159,163,81
TXO,202609F2,20260911.0,44300.0,Call,-,-,-,-,1690.0,-,-,0,0,0,0,1670,1700,-,-
TXO,202609F2,20260911.0,44300.0,Put,-,-,-,-,172.0,-,-,0,0,0,7,169,173,264,104
TXO,202609F2,20260911.0,44400.0,Call,-,-,-,-,1600.0,-,-,0,0,0,0,1580,-,-,-
TXO,202609F2,20260911.0,44400.0,Put,205,205,205,205,187.0,▲+25,▲+13.89%,1,1,2,11,185,189,250,104
TXO,202609F2,20260911.0,44500.0,Call,-,-,-,-,1520.0,-,-,0,0,0,0,1500,1530,-,-
TXO,202609F2,20260911.0,44500.0,Put,193,229,193,210,210.0,▲+18,▲+9.38%,1,5,6,7,202,206,325,95
TXO,202609F2,20260911.0,44600.0,Call,-,-,-,-,1440.0,-,-,0,0,0,0,1420,1450,-,-
TXO,202609F2,20260911.0,44600.0,Put,150,150,150,150,223.0,▼-66,▼-30.56%,2,1,3,4,221,225,239,98
TXO,202609F2,20260911.0,44650.0,Call,-,-,-,-,1400.0,-,-,0,0,0,0,1380,1410,-,-
TXO,202609F2,20260911.0,44650.0,Put,-,-,-,-,233.0,-,-,0,0,0,1,231,235,201,201
TXO,202609F2,20260911.0,44700.0,Call,-,-,-,-,1360.0,-,-,0,0,0,0,1340,1370,-,-
TXO,202609F2,20260911.0,44700.0,Put,161,161,161,161,243.0,▼-66,▼-29.07%,6,1,7,6,98,351,366,115
TXO,202609F2,20260911.0,44750.0,Call,-,-,-,-,1320.0,-,-,0,0,0,0,1300,1330,-,-
TXO,202609F2,20260911.0,44750.0,Put,154,154,154,154,255.0,▼-83,▼-35.02%,2,1,3,1,110,349,203,154
TXO,202609F2,20260911.0,44800.0,Call,-,-,-,-,1280.0,-,-,0,0,0,0,1260,-,2070,2070
TXO,202609F2,20260911.0,44800.0,Put,206,209,184,184,266.0,▼-63,▼-25.51%,6,7,13,5,123,395,308,184
TXO,202609F2,20260911.0,44850.0,Call,-,-,-,-,1240.0,-,-,0,0,0,0,1230,-,1170,1170
TXO,202609F2,20260911.0,44850.0,Put,-,-,-,-,278.0,-,-,5,0,5,6,275,280,272,224
TXO,202609F2,20260911.0,44900.0,Call,-,-,-,-,1210.0,-,-,0,0,0,0,1190,1220,-,-
TXO,202609F2,20260911.0,44900.0,Put,198,208,198,208,290.0,▼-59,▼-22.10%,1,32,33,33,289,294,306,198
TXO,202609F2,20260911.0,44950.0,Call,-,-,-,-,1170.0,-,-,0,0,0,0,1160,1180,-,-
TXO,202609F2,20260911.0,44950.0,Put,-,-,-,-,304.0,-,-,1,0,1,3,300,305,390,312
TXO,202609F2,20260911.0,45000.0,Call,-,-,-,-,1130.0,-,-,0,0,0,0,1120,1140,-,-
TXO,202609F2,20260911.0,45000.0,Put,265,320,265,320,320.0,▲+30,▲+10.34%,9,3,12,15,229,451,490,134
TXO,202609F2,20260911.0,45050.0,Call,-,-,-,-,1100.0,-,-,0,0,0,0,1090,1110,1860,1860
TXO,202609F2,20260911.0,45050.0,Put,-,-,-,-,332.0,-,-,1,0,1,1,329,334,359,359
TXO,202609F2,20260911.0,45100.0,Call,-,-,-,-,1060.0,-,-,0,0,0,0,1050,1070,1820,1820
TXO,202609F2,20260911.0,45100.0,Put,-,-,-,-,346.0,-,-,0,0,0,0,212,-,-,-
TXO,202609F2,20260911.0,45150.0,Call,995,995,995,995,1030.0,▼-325,▼-24.62%,0,5,5,0,1020,1040,1780,995
TXO,202609F2,20260911.0,45150.0,Put,-,-,-,-,360.0,-,-,0,0,0,0,230,-,-,-
TXO,202609F2,20260911.0,45200.0,Call,-,-,-,-,995.0,-,-,0,0,0,0,990,1000,955,955
TXO,202609F2,20260911.0,45200.0,Put,269,386,269,386,386.0,▲+45,▲+13.20%,0,2,2,2,273,492,500,181
TXO,202609F2,20260911.0,45250.0,Call,-,-,-,-,960.0,-,-,0,0,0,0,955,965,-,-
TXO,202609F2,20260911.0,45250.0,Put,-,-,-,-,394.0,-,-,0,0,0,2,390,395,362,362
TXO,202609F2,20260911.0,45300.0,Call,-,-,-,-,925.0,-,-,5,0,5,1,920,930,1210,995
TXO,202609F2,20260911.0,45300.0,Put,-,-,-,-,410.0,-,-,1,0,1,0,284,-,381,371
TXO,202609F2,20260911.0,45350.0,Call,-,-,-,-,895.0,-,-,0,0,0,0,890,900,1620,1620
TXO,202609F2,20260911.0,45350.0,Put,235,235,235,235,427.0,▼-151,▼-39.12%,0,1,1,0,302,-,235,218
TXO,202609F2,20260911.0,45400.0,Call,-,-,-,-,860.0,-,-,0,0,0,0,855,865,-,-
TXO,202609F2,20260911.0,45400.0,Put,250,250,250,250,445.0,▼-151,▼-37.66%,0,1,1,1,323,-,250,250
TXO,202609F2,20260911.0,45450.0,Call,-,-,-,-,830.0,-,-,0,0,0,0,825,835,-,-
TXO,202609F2,20260911.0,45450.0,Put,-,-,-,-,464.0,-,-,0,0,0,0,460,466,-,-
TXO,202609F2,20260911.0,45500.0,Call,-,-,-,-,800.0,-,-,0,0,0,0,795,805,-,-
TXO,202609F2,20260911.0,45500.0,Put,-,-,-,-,484.0,-,-,2,0,2,1,363,575,510,234
TXO,202609F2,20260911.0,45550.0,Call,-,-,-,-,770.0,-,-,0,0,0,0,765,775,-,-
TXO,202609F2,20260911.0,45550.0,Put,-,-,-,-,505.0,-,-,0,0,0,0,500,510,-,-
TXO,202609F2,20260911.0,45600.0,Call,-,-,-,-,740.0,-,-,0,0,0,0,735,745,1430,730
TXO,202609F2,20260911.0,45600.0,Put,-,-,-,-,525.0,-,-,0,0,0,1,520,530,457,457
TXO,202609F2,20260911.0,45650.0,Call,-,-,-,-,710.0,-,-,6,0,6,1,705,715,785,705
TXO,202609F2,20260911.0,45650.0,Put,-,-,-,-,545.0,-,-,0,0,0,0,540,550,-,-
TXO,202609F2,20260911.0,45700.0,Call,-,-,-,-,685.0,-,-,0,0,0,3,675,685,1200,705
TXO,202609F2,20260911.0,45700.0,Put,-,-,-,-,570.0,-,-,0,0,0,0,560,570,740,257
TXO,202609F2,20260911.0,45750.0,Call,635,635,635,635,635.0,▼-285,▼-30.98%,0,5,5,0,650,660,635,635
TXO,202609F2,20260911.0,45750.0,Put,-,-,-,-,590.0,-,-,0,0,0,0,585,595,-,-
TXO,202609F2,20260911.0,45800.0,Call,585,585,585,585,630.0,▼-305,▼-34.27%,1,1,2,1,620,630,1240,550
TXO,202609F2,20260911.0,45800.0,Put,665,665,665,665,615.0,▲+120,▲+22.02%,0,1,1,1,605,615,665,260
TXO,202609F2,20260911.0,45850.0,Call,-,-,-,-,605.0,-,-,0,0,0,0,595,605,615,615
TXO,202609F2,20260911.0,45850.0,Put,-,-,-,-,640.0,-,-,0,0,0,0,630,640,-,-
TXO,202609F2,20260911.0,45900.0,Call,570,570,570,570,570.0,▼-260,▼-31.33%,2,1,3,2,570,580,1000,570
TXO,202609F2,20260911.0,45900.0,Put,555,655,480,655,655.0,▲+70,▲+11.97%,0,3,3,21,655,665,720,342
TXO,202609F2,20260911.0,45950.0,Call,-,-,-,-,550.0,-,-,0,0,0,0,545,555,-,-
TXO,202609F2,20260911.0,45950.0,Put,-,-,-,-,685.0,-,-,0,0,0,0,680,690,-,-
TXO,202609F2,20260911.0,46000.0,Call,660,700,505,505,530.0,▼-270,▼-34.84%,2,4,6,4,520,530,920,505
TXO,202609F2,20260911.0,46000.0,Put,468,760,468,760,715.0,▲+125,▲+19.69%,1,10,11,6,705,715,760,375
TXO,202609F2,20260911.0,46050.0,Call,-,-,-,-,505.0,-,-,5,0,5,0,499,505,580,525
TXO,202609F2,20260911.0,46050.0,Put,-,-,-,-,740.0,-,-,2,0,2,0,730,740,710,650
TXO,202609F2,20260911.0,46100.0,Call,625,755,625,745,481.0,▲+20,▲+2.76%,6,6,12,3,476,482,755,505
TXO,202609F2,20260911.0,46100.0,Put,497,635,497,635,765.0,▼-30,▼-4.51%,0,3,3,3,755,765,665,497
TXO,202609F2,20260911.0,46150.0,Call,-,-,-,-,458.0,-,-,1,0,1,1,342,540,500,500
TXO,202609F2,20260911.0,46150.0,Put,-,-,-,-,790.0,-,-,1,0,1,2,785,795,790,710
TXO,202609F2,20260911.0,46200.0,Call,700,700,555,555,437.0,▼-115,▼-17.16%,1,2,3,1,432,437,700,555
TXO,202609F2,20260911.0,46200.0,Put,605,605,605,605,820.0,▼-115,▼-15.97%,4,1,5,3,815,825,730,398
TXO,202609F2,20260911.0,46250.0,Call,680,680,670,670,416.0,▲+45,▲+7.20%,0,2,2,7,411,417,710,625
TXO,202609F2,20260911.0,46250.0,Put,-,-,-,-,850.0,-,-,0,0,0,1,840,850,429,361
TXO,202609F2,20260911.0,46300.0,Call,645,645,405,405,405.0,▼-195,▼-32.50%,1,5,6,19,391,397,740,405
TXO,202609F2,20260911.0,46300.0,Put,645,765,625,765,880.0,▲+10,▲+1.32%,0,3,3,1,870,880,765,540
TXO,202609F2,20260911.0,46350.0,Call,-,-,-,-,376.0,-,-,0,0,0,2,371,377,575,575
TXO,202609F2,20260911.0,46350.0,Put,-,-,-,-,910.0,-,-,0,0,0,0,900,910,-,-
TXO,202609F2,20260911.0,46400.0,Call,590,590,590,590,357.0,▲+20,▲+3.51%,6,2,8,2,352,357,900,399
TXO,202609F2,20260911.0,46400.0,Put,700,700,700,700,940.0,▼-130,▼-15.66%,0,1,1,1,930,945,700,700
TXO,202609F2,20260911.0,46450.0,Call,475,475,420,420,339.0,▼-135,▼-24.32%,2,2,4,0,334,339,475,384
TXO,202609F2,20260911.0,46450.0,Put,-,-,-,-,975.0,-,-,0,0,0,1,965,975,496,496
TXO,202609F2,20260911.0,46500.0,Call,500,500,500,500,321.0,▼-30,▼-5.66%,1,1,2,2,317,322,510,319
TXO,202609F2,20260911.0,46500.0,Put,700,715,690,715,1000.0,▼-170,▼-19.21%,1,5,6,2,995,1010,965,465
TXO,202609F2,20260911.0,46550.0,Call,-,-,-,-,303.0,-,-,0,0,0,0,300,305,-,-
TXO,202609F2,20260911.0,46550.0,Put,-,-,-,-,1040.0,-,-,2,0,2,0,1030,1040,1130,820
TXO,202609F2,20260911.0,46600.0,Call,-,-,-,-,288.0,-,-,0,0,0,0,283,288,325,325
TXO,202609F2,20260911.0,46600.0,Put,-,-,-,-,1070.0,-,-,0,0,0,0,1060,1080,-,-
TXO,202609F2,20260911.0,46650.0,Call,-,-,-,-,273.0,-,-,0,0,0,0,268,273,-,-
TXO,202609F2,20260911.0,46650.0,Put,-,-,-,-,1110.0,-,-,0,0,0,1,1090,1110,700,700
TXO,202609F2,20260911.0,46700.0,Call,400,400,202,202,259.0,▼-245,▼-54.81%,0,4,4,3,90,-,770,202
TXO,202609F2,20260911.0,46700.0,Put,-,-,-,-,1140.0,-,-,0,0,0,0,845,1160,-,-
TXO,202609F2,20260911.0,46750.0,Call,-,-,-,-,243.0,-,-,1,0,1,1,239,243,309,309
TXO,202609F2,20260911.0,46750.0,Put,1040,1040,1040,1040,1180.0,▲+10,▲+0.97%,0,5,5,0,880,1190,1040,1040
TXO,202609F2,20260911.0,46800.0,Call,220,220,220,220,220.0,▼-189,▼-46.21%,0,1,1,2,225,230,730,220
TXO,202609F2,20260911.0,46800.0,Put,-,-,-,-,1210.0,-,-,0,0,0,1,920,1230,625,625
TXO,202609F2,20260911.0,46850.0,Call,-,-,-,-,217.0,-,-,0,0,0,0,212,217,-,-
TXO,202609F2,20260911.0,46850.0,Put,-,-,-,-,1250.0,-,-,0,0,0,1,955,1280,770,770
TXO,202609F2,20260911.0,46900.0,Call,328,328,328,328,204.0,▼-45,▼-12.06%,0,1,1,1,200,204,530,328
TXO,202609F2,20260911.0,46900.0,Put,880,880,880,880,1290.0,▼-240,▼-21.43%,0,1,1,0,1000,1300,880,715
TXO,202609F2,20260911.0,46950.0,Call,-,-,-,-,193.0,-,-,2,0,2,1,62,-,339,314
TXO,202609F2,20260911.0,46950.0,Put,-,-,-,-,1330.0,-,-,0,0,0,1,1040,1340,650,650
TXO,202609F2,20260911.0,47000.0,Call,313,313,251,300,180.0,▼-40,▼-11.76%,1,9,10,6,175,180,780,190
TXO,202609F2,20260911.0,47000.0,Put,-,-,-,-,1370.0,-,-,0,0,0,1,1080,1390,1270,1270
TXO,202609F2,20260911.0,47050.0,Call,248,268,170,170,170.0,▼-155,▼-47.69%,3,5,8,3,167,171,314,170
TXO,202609F2,20260911.0,47050.0,Put,-,-,-,-,1400.0,-,-,0,0,0,0,1110,1430,1200,900
TXO,202609F2,20260911.0,47100.0,Call,250,250,250,250,159.0,▼-60,▼-19.35%,2,4,6,6,154,159,700,200
TXO,202609F2,20260911.0,47100.0,Put,-,-,-,-,1440.0,-,-,0,0,0,0,1160,1460,-,-
TXO,202609F2,20260911.0,47150.0,Call,-,-,-,-,151.0,-,-,1,0,1,1,147,151,310,310
TXO,202609F2,20260911.0,47150.0,Put,-,-,-,-,1480.0,-,-,0,0,0,0,1470,1500,-,-
TXO,202609F2,20260911.0,47200.0,Call,-,-,-,-,141.0,-,-,0,0,0,1,138,141,446,352
TXO,202609F2,20260911.0,47200.0,Put,-,-,-,-,1530.0,-,-,0,0,0,0,-,1550,-,-
TXO,202609F2,20260911.0,47250.0,Call,-,-,-,-,132.0,-,-,0,0,0,1,127,132,480,183
TXO,202609F2,20260911.0,47250.0,Put,-,-,-,-,1570.0,-,-,0,0,0,1,1280,1590,1340,1340
TXO,202609F2,20260911.0,47300.0,Call,-,-,-,-,124.0,-,-,3,0,3,1,121,124,380,148
TXO,202609F2,20260911.0,47300.0,Put,-,-,-,-,1610.0,-,-,0,0,0,0,-,1620,-,-
TXO,202609F2,20260911.0,47350.0,Call,-,-,-,-,117.0,-,-,0,0,0,0,113,117,-,-
TXO,202609F2,20260911.0,47350.0,Put,-,-,-,-,1650.0,-,-,0,0,0,0,-,1670,-,-
TXO,202609F2,20260911.0,47400.0,Call,152,152,123,123,108.0,▼-109,▼-46.98%,3,2,5,2,105,108,214,123
TXO,202609F2,20260911.0,47400.0,Put,-,-,-,-,1690.0,-,-,0,0,0,0,1680,1710,-,-
TXO,202609F2,20260911.0,47450.0,Call,-,-,-,-,101.0,-,-,0,0,0,0,98,101,-,-
TXO,202609F2,20260911.0,47450.0,Put,-,-,-,-,1740.0,-,-,0,0,0,0,-,1750,-,-
TXO,202609F2,20260911.0,47500.0,Call,-,-,-,-,95.0,-,-,0,0,0,1,92,95,600,126
TXO,202609F2,20260911.0,47500.0,Put,-,-,-,-,1780.0,-,-,0,0,0,0,-,1800,1050,970
TXO,202609F2,20260911.0,47550.0,Call,88,88,88,88,88.0,▼-110,▼-55.56%,0,1,1,0,86,89,366,88
TXO,202609F2,20260911.0,47550.0,Put,-,-,-,-,1820.0,-,-,0,0,0,0,1540,1840,-,-
TXO,202609F2,20260911.0,47600.0,Call,172,172,94,94,83.0,▼-94,▼-50.00%,1,5,6,1,80,83,172,94
TXO,202609F2,20260911.0,47600.0,Put,-,-,-,-,1870.0,-,-,0,0,0,3,1750,1880,1050,1020
TXO,202609F2,20260911.0,47650.0,Call,88,88,88,88,78.0,▼-91,▼-50.84%,0,1,1,1,75,78,88,88
TXO,202609F2,20260911.0,47650.0,Put,-,-,-,-,1910.0,-,-,0,0,0,0,-,1930,-,-
TXO,202609F2,20260911.0,47700.0,Call,125,137,72,72,72.0,▼-97,▼-57.40%,4,4,8,4,70,73,279,72
TXO,202609F2,20260911.0,47700.0,Put,-,-,-,-,1960.0,-,-,0,0,0,0,-,1970,1150,935
TXO,202609F2,20260911.0,47750.0,Call,-,-,-,-,68.0,-,-,0,0,0,0,65,68,-,-
TXO,202609F2,20260911.0,47750.0,Put,-,-,-,-,2000.0,-,-,0,0,0,0,-,2020,-,-
TXO,202609F2,20260911.0,47800.0,Call,66,66,66,66,66.0,▼-86,▼-56.58%,0,1,1,2,61,63,326,66
TXO,202609F2,20260911.0,47800.0,Put,-,-,-,-,2050.0,-,-,0,0,0,0,-,2060,-,-
TXO,202609F2,20260911.0,47850.0,Call,-,-,-,-,59.0,-,-,0,0,0,0,57,59,-,-
TXO,202609F2,20260911.0,47850.0,Put,-,-,-,-,2090.0,-,-,0,0,0,0,2080,2110,-,-
TXO,202609F2,20260911.0,47900.0,Call,100,100,100,100,55.0,▼-36,▼-26.47%,1,1,2,2,53,55,200,100
TXO,202609F2,20260911.0,47900.0,Put,-,-,-,-,2140.0,-,-,0,0,0,0,-,2160,-,-
TXO,202609F2,20260911.0,47950.0,Call,-,-,-,-,51.0,-,-,0,0,0,0,49.5,51,-,-
TXO,202609F2,20260911.0,47950.0,Put,-,-,-,-,2190.0,-,-,0,0,0,0,-,-,-,-
TXO,202609F2,20260911.0,48000.0,Call,100,101,47,47,47.0,▼-75,▼-61.48%,11,8,19,18,46.5,48.5,314,47
TXO,202609F2,20260911.0,48000.0,Put,-,-,-,-,2230.0,-,-,0,0,0,0,-,2250,-,-
TXO,202609F2,20260911.0,48050.0,Call,43,44,43,44,44.0,▼-71,▼-61.74%,0,12,12,12,43,44.5,44,43
TXO,202609F2,20260911.0,48050.0,Put,-,-,-,-,2280.0,-,-,0,0,0,0,-,2300,-,-
TXO,202609F2,20260911.0,48100.0,Call,-,-,-,-,42.0,-,-,1,0,1,2,40.5,42,203,96
TXO,202609F2,20260911.0,48100.0,Put,-,-,-,-,2330.0,-,-,0,0,0,0,-,-,-,-
TXO,202609F2,20260911.0,48150.0,Call,-,-,-,-,39.0,-,-,0,0,0,0,37.5,39,-,-
TXO,202609F2,20260911.0,48150.0,Put,-,-,-,-,2370.0,-,-,0,0,0,0,-,2400,-,-
TXO,202609F2,20260911.0,48200.0,Call,60,60,50,50,37.0,▼-46,▼-47.92%,3,2,5,0,35.5,37,205,50
TXO,202609F2,20260911.0,48200.0,Put,-,-,-,-,2420.0,-,-,0,0,0,0,-,2440,-,-
TXO,202609F2,20260911.0,48250.0,Call,-,-,-,-,34.5,-,-,0,0,0,0,33,34.5,-,-
TXO,202609F2,20260911.0,48250.0,Put,-,-,-,-,2470.0,-,-,0,0,0,0,-,2490,-,-
TXO,202609F2,20260911.0,48300.0,Call,51,66,31,31,31.0,▼-54,▼-63.53%,6,5,11,6,31,32.5,201,31
TXO,202609F2,20260911.0,48300.0,Put,-,-,-,-,2520.0,-,-,0,0,0,0,-,2530,-,-
TXO,202609F2,20260911.0,48350.0,Call,53,53,53,53,30.5,▼-27,▼-33.75%,1,1,2,2,29,30.5,75,53
TXO,202609F2,20260911.0,48350.0,Put,-,-,-,-,2560.0,-,-,0,0,0,0,-,2590,-,-
TXO,202609F2,20260911.0,48400.0,Call,41,41,29,29,29.0,▼-47,▼-61.84%,1,3,4,5,27.5,28.5,190,29
TXO,202609F2,20260911.0,48400.0,Put,-,-,-,-,2610.0,-,-,0,0,0,1,2600,2630,1820,1820
TXO,202609F2,20260911.0,48500.0,Call,45.5,45.5,45.5,45.5,25.5,▼-21.5,▼-32.09%,1,2,3,5,24,25.5,120,43
TXO,202609F2,20260911.0,48500.0,Put,-,-,-,-,2710.0,-,-,0,0,0,0,-,2730,-,-
TXO,202609F2,20260911.0,48600.0,Call,33,33,33,33,22.5,▼-27,▼-45.00%,2,1,3,0,21.5,22.5,159,33
TXO,202609F2,20260911.0,48600.0,Put,-,-,-,-,2810.0,-,-,0,0,0,0,-,-,-,-
TXO,202609F2,20260911.0,48700.0,Call,35.5,35.5,35.5,35.5,20.0,▼-17.5,▼-33.02%,0,1,1,11,19,20,112,30.5
TXO,202609F2,20260911.0,48700.0,Put,-,-,-,-,2900.0,-,-,0,0,0,0,-,2930,-,-
TXO,202609F2,20260911.0,48800.0,Call,27,33,27,32,18.0,▼-14.5,▼-31.18%,3,3,6,5,17,18,99,25
TXO,202609F2,20260911.0,48800.0,Put,-,-,-,-,3000.0,-,-,0,0,0,0,-,-,-,-
TXO,202609F2,20260911.0,48900.0,Call,-,-,-,-,16.5,-,-,3,0,3,3,15.5,16.5,106,22.5
TXO,202609F2,20260911.0,48900.0,Put,-,-,-,-,3100.0,-,-,0,0,0,0,-,3120,-,-
TXO,202609F2,20260911.0,49000.0,Call,15.5,15.5,15.5,15.5,15.5,▼-21.5,▼-58.11%,15,1,16,10,14,15,134,15.5
TXO,202609F2,20260911.0,49000.0,Put,-,-,-,-,3200.0,-,-,0,0,0,0,-,3220,-,-
TXO,202609F2,20260911.0,49100.0,Call,19,19,19,19,13.5,▼-14,▼-42.42%,0,1,1,1,12.5,13.5,74,19
TXO,202609F2,20260911.0,49100.0,Put,-,-,-,-,3300.0,-,-,0,0,0,0,-,3320,-,-
TXO,202609F2,20260911.0,49200.0,Call,12.5,12.5,12.5,12.5,12.5,▼-17,▼-57.63%,2,2,4,2,11.5,12.5,53,12.5
TXO,202609F2,20260911.0,49200.0,Put,-,-,-,-,3400.0,-,-,0,0,0,0,-,3420,-,-
TXO,202609F2,20260911.0,49300.0,Call,15,15,15,15,11.5,▼-11,▼-42.31%,0,1,1,2,10.5,11.5,71,15
TXO,202609F2,20260911.0,49300.0,Put,-,-,-,-,3490.0,-,-,0,0,0,0,-,-,-,-
TXO,202609F2,20260911.0,49400.0,Call,17.5,17.5,17.5,17.5,10.5,▼-6,▼-25.53%,0,1,1,2,9.6,10.5,43,16
TXO,202609F2,20260911.0,49400.0,Put,-,-,-,-,3590.0,-,-,0,0,0,0,-,3620,-,-
TXO,202609F2,20260911.0,49500.0,Call,18,18,18,18,9.5,▼-2.5,▼-12.20%,1,1,2,4,8.8,9.5,60,14
TXO,202609F2,20260911.0,49500.0,Put,-,-,-,-,3690.0,-,-,0,0,0,0,-,3720,-,-
TXO,202609F2,20260911.0,49600.0,Call,9,9,9,9,9.0,▼-10,▼-52.63%,2,2,4,2,8.5,8.8,17.5,9
TXO,202609F2,20260911.0,49600.0,Put,-,-,-,-,3790.0,-,-,0,0,0,0,-,3810,-,-
TXO,202609F2,20260911.0,49700.0,Call,-,-,-,-,8.3,-,-,0,0,0,3,7.7,8.3,18.5,12.5
TXO,202609F2,20260911.0,49700.0,Put,-,-,-,-,3890.0,-,-,0,0,0,0,-,3910,-,-
TXO,202609F2,20260911.0,49800.0,Call,-,-,-,-,7.6,-,-,0,0,0,3,7.1,7.6,25.5,16
TXO,202609F2,20260911.0,49800.0,Put,-,-,-,-,3990.0,-,-,0,0,0,0,-,4010,-,-
TXO,202609F2,20260911.0,49900.0,Call,-,-,-,-,7.1,-,-,0,0,0,3,6.6,7.1,26.5,15
TXO,202609F2,20260911.0,49900.0,Put,-,-,-,-,4090.0,-,-,0,0,0,0,-,4110,-,-
TXO,202609F2,20260911.0,50000.0,Call,9.2,10,9.1,9.1,6.7,▼-3.9,▼-30.00%,13,3,16,1,6.3,6.7,33,9
TXO,202609F2,20260911.0,50000.0,Put,-,-,-,-,4190.0,-,-,0,0,0,0,-,4210,-,-
TXO,202609F2,20260911.0,50100.0,Call,-,-,-,-,6.3,-,-,0,0,0,2,5.9,6.3,25,9.9
TXO,202609F2,20260911.0,50100.0,Put,-,-,-,-,4290.0,-,-,0,0,0,0,-,4310,-,-
TXO,202609F2,20260911.0,50200.0,Call,-,-,-,-,6.0,-,-,4,0,4,4,5.6,6,19,9.5
TXO,202609F2,20260911.0,50200.0,Put,-,-,-,-,4390.0,-,-,0,0,0,0,-,-,-,-
TXO,202609F2,20260911.0,50300.0,Call,-,-,-,-,5.7,-,-,1,0,1,1,5.3,5.7,22,9.6
TXO,202609F2,20260911.0,50300.0,Put,-,-,-,-,4490.0,-,-,0,0,0,0,-,-,-,-
TXO,202609F2,20260911.0,50400.0,Call,-,-,-,-,5.4,-,-,0,0,0,0,5,5.4,-,-
TXO,202609F2,20260911.0,50400.0,Put,-,-,-,-,4590.0,-,-,0,0,0,0,-,-,-,-
TXO,202609F2,20260911.0,50500.0,Call,6.3,6.3,6.2,6.3,5.2,▼-2.7,▼-30.00%,0,3,3,3,4.8,5.2,6.3,6.2
TXO,202609F2,20260911.0,50500.0,Put,-,-,-,-,4690.0,-,-,0,0,0,0,-,-,-,-
TXO,202609F2,20260911.0,50600.0,Call,-,-,-,-,5.0,-,-,0,0,0,1,4.6,5,10.5,10.5
TXO,202609F2,20260911.0,50600.0,Put,-,-,-,-,4790.0,-,-,0,0,0,0,-,4810,-,-
TXO,202609F2,20260911.0,50700.0,Call,-,-,-,-,4.8,-,-,1,0,1,0,4.4,4.8,16,6.3
TXO,202609F2,20260911.0,50700.0,Put,-,-,-,-,4890.0,-,-,0,0,0,0,-,-,-,-
TXO,202609F2,20260911.0,50800.0,Call,-,-,-,-,4.5,-,-,0,0,0,0,4.2,4.6,-,-
TXO,202609F2,20260911.0,50800.0,Put,-,-,-,-,4990.0,-,-,0,0,0,0,-,-,-,-
TXO,202609F2,20260911.0,50900.0,Call,-,-,-,-,4.3,-,-,1,0,1,0,4,4.4,15,6
TXO,202609F2,20260911.0,50900.0,Put,-,-,-,-,5090.0,-,-,0,0,0,0,-,5110,-,-
TXO,202609F2,20260911.0,51000.0,Call,-,-,-,-,4.1,-,-,7,0,7,1,3.8,4.2,16.5,5.4
TXO,202609F2,20260911.0,51000.0,Put,-,-,-,-,5190.0,-,-,0,0,0,0,-,5210,-,-
TXO,202609F2,20260911.0,51100.0,Call,-,-,-,-,3.9,-,-,2,0,2,2,3.6,4,5,5
TXO,202609F2,20260911.0,51100.0,Put,-,-,-,-,5290.0,-,-,0,0,0,0,-,5310,-,-
TXO,202609F2,20260911.0,51200.0,Call,-,-,-,-,3.8,-,-,0,0,0,0,3.5,3.9,-,-
TXO,202609F2,20260911.0,51200.0,Put,-,-,-,-,5390.0,-,-,0,0,0,0,-,5410,-,-
TXO,202609F2,20260911.0,51300.0,Call,-,-,-,-,3.6,-,-,0,0,0,0,3.3,3.7,-,-
TXO,202609F2,20260911.0,51300.0,Put,-,-,-,-,5490.0,-,-,0,0,0,0,-,5510,-,-
TXO,202609F2,20260911.0,51400.0,Call,-,-,-,-,3.5,-,-,0,0,0,0,3.2,3.6,-,-
TXO,202609F2,20260911.0,51400.0,Put,-,-,-,-,5590.0,-,-,0,0,0,0,-,-,-,-
TXO,202609F2,20260911.0,51500.0,Call,-,-,-,-,3.3,-,-,1,0,1,0,3,3.4,8.4,4.3
TXO,202609F2,20260911.0,51500.0,Put,-,-,-,-,5680.0,-,-,0,0,0,0,-,-,-,-
TXO,202609F2,20260911.0,51600.0,Call,-,-,-,-,3.2,-,-,0,0,0,0,2.9,3.3,-,-
TXO,202609F2,20260911.0,51600.0,Put,-,-,-,-,5780.0,-,-,0,0,0,0,-,5810,-,-
TXO,202609F2,20260911.0,51700.0,Call,-,-,-,-,3.0,-,-,3,0,3,4,2.7,3.1,6.6,4.5
TXO,202609F2,20260911.0,51700.0,Put,-,-,-,-,5880.0,-,-,0,0,0,0,-,5910,-,-
TXO,202609,20260916.0,21800.0,Call,-,-,-,-,24000.0,-,-,0,0,0,4,23840,24210,25330,12370
TXO,202609,20260916.0,21800.0,Put,1.1,1.1,0.3,0.4,0.4,▼-1.1,▼-73.33%,7,721,728,1564,0.3,0.5,650,0.3
TXO,202609,20260916.0,22000.0,Call,-,-,-,-,23800.0,-,-,0,0,0,6,23640,24010,23430,5990
TXO,202609,20260916.0,22000.0,Put,0.5,0.5,0.4,0.4,0.4,▼-1.2,▼-75.00%,0,25,25,307,0.3,0.6,565,0.4
TXO,202609,20260916.0,22200.0,Call,-,-,-,-,23600.0,-,-,0,0,0,0,23530,-,-,-
TXO,202609,20260916.0,22200.0,Put,-,-,-,-,0.6,-,-,0,0,0,130,0.4,0.8,580,2.9
TXO,202609,20260916.0,22400.0,Call,-,-,-,-,23400.0,-,-,0,0,0,0,23330,-,-,-
TXO,202609,20260916.0,22400.0,Put,-,-,-,-,0.6,-,-,0,0,0,214,0.4,0.8,605,2
TXO,202609,20260916.0,22600.0,Call,-,-,-,-,23200.0,-,-,0,0,0,0,23130,-,-,-
TXO,202609,20260916.0,22600.0,Put,0.8,0.8,0.8,0.8,0.7,▼-0.9,▼-52.94%,0,5,5,252,0.5,0.8,650,0.8
TXO,202609,20260916.0,22800.0,Call,-,-,-,-,23000.0,-,-,0,0,0,0,22930,-,-,-
TXO,202609,20260916.0,22800.0,Put,-,-,-,-,0.7,-,-,0,0,0,19,0.5,0.9,675,3.5
TXO,202609,20260916.0,23000.0,Call,-,-,-,-,22800.0,-,-,0,0,0,0,22730,-,-,-
TXO,202609,20260916.0,23000.0,Put,1.2,1.2,0.7,0.8,0.7,▼-1.1,▼-57.89%,0,23,23,121,0.6,0.9,700,0.7
TXO,202609,20260916.0,23200.0,Call,-,-,-,-,22600.0,-,-,0,0,0,0,22530,-,-,-
TXO,202609,20260916.0,23200.0,Put,-,-,-,-,0.7,-,-,0,0,0,237,0.5,0.9,730,2.3
TXO,202609,20260916.0,23400.0,Call,-,-,-,-,22400.0,-,-,0,0,0,0,22360,-,-,-
TXO,202609,20260916.0,23400.0,Put,-,-,-,-,0.7,-,-,0,0,0,11,0.5,0.9,700,2.5
TXO,202609,20260916.0,23600.0,Call,-,-,-,-,22200.0,-,-,0,0,0,0,22150,-,-,-
TXO,202609,20260916.0,23600.0,Put,-,-,-,-,0.8,-,-,0,0,0,10,0.6,0.9,700,2.4
TXO,202609,20260916.0,23800.0,Call,-,-,-,-,22000.0,-,-,0,0,0,0,21950,-,-,-
TXO,202609,20260916.0,23800.0,Put,-,-,-,-,0.8,-,-,0,0,0,14,0.6,1,520,2.5
TXO,202609,20260916.0,24000.0,Call,-,-,-,-,21800.0,-,-,0,0,0,0,21750,-,-,-
TXO,202609,20260916.0,24000.0,Put,-,-,-,-,0.8,-,-,0,0,0,98,0.6,1,665,2.3
TXO,202609,20260916.0,24200.0,Call,-,-,-,-,21600.0,-,-,0,0,0,0,21550,-,-,-
TXO,202609,20260916.0,24200.0,Put,-,-,-,-,0.9,-,-,0,0,0,52,0.7,1.1,1000,2.5
TXO,202609,20260916.0,24400.0,Call,-,-,-,-,21400.0,-,-,0,0,0,0,21340,-,-,-
TXO,202609,20260916.0,24400.0,Put,-,-,-,-,0.9,-,-,0,0,0,82,0.7,1.1,1010,2.8
TXO,202609,20260916.0,24600.0,Call,-,-,-,-,21200.0,-,-,0,0,0,0,21150,-,-,-
TXO,202609,20260916.0,24600.0,Put,-,-,-,-,1.0,-,-,0,0,0,22,0.8,1.1,1020,2.6
TXO,202609,20260916.0,24800.0,Call,-,-,-,-,21000.0,-,-,0,0,0,0,20950,-,-,-
TXO,202609,20260916.0,24800.0,Put,-,-,-,-,1.0,-,-,0,0,0,55,0.8,1.2,1100,2.7
TXO,202609,20260916.0,25000.0,Call,-,-,-,-,20800.0,-,-,0,0,0,0,20740,-,-,-
TXO,202609,20260916.0,25000.0,Put,1.8,1.8,1.8,1.8,1.1,▼-0.7,▼-28.00%,0,1,1,93,0.9,1.2,1050,1.8
TXO,202609,20260916.0,25200.0,Call,-,-,-,-,20600.0,-,-,0,0,0,0,20540,-,-,-
TXO,202609,20260916.0,25200.0,Put,-,-,-,-,1.1,-,-,0,0,0,30,0.9,1.2,1200,6.5
TXO,202609,20260916.0,25400.0,Call,-,-,-,-,20400.0,-,-,0,0,0,0,20360,-,-,-
TXO,202609,20260916.0,25400.0,Put,-,-,-,-,1.1,-,-,0,0,0,24,0.9,1.3,1250,6
TXO,202609,20260916.0,25600.0,Call,-,-,-,-,20200.0,-,-,0,0,0,0,20160,-,-,-
TXO,202609,20260916.0,25600.0,Put,-,-,-,-,1.2,-,-,0,0,0,31,1,1.3,1210,2.7
TXO,202609,20260916.0,25800.0,Call,-,-,-,-,20000.0,-,-,0,0,0,163,19710,20100,20840,14370
TXO,202609,20260916.0,25800.0,Put,-,-,-,-,1.2,-,-,0,0,0,42,1,1.4,1270,2.4
TXO,202609,20260916.0,26000.0,Call,-,-,-,-,19800.0,-,-,0,0,0,0,19740,-,-,-
TXO,202609,20260916.0,26000.0,Put,-,-,-,-,1.3,-,-,0,0,0,110,1.1,1.4,1090,5
TXO,202609,20260916.0,26200.0,Call,-,-,-,-,19600.0,-,-,0,0,0,0,19560,-,-,-
TXO,202609,20260916.0,26200.0,Put,-,-,-,-,1.3,-,-,0,0,0,22,1.1,1.5,1420,16
TXO,202609,20260916.0,26400.0,Call,-,-,-,-,19400.0,-,-,0,0,0,0,19360,19450,13900,5820
TXO,202609,20260916.0,26400.0,Put,-,-,-,-,1.4,-,-,0,0,0,9,1.2,1.5,1180,3.9
TXO,202609,20260916.0,26600.0,Call,-,-,-,-,19200.0,-,-,0,0,0,0,19160,19250,-,-
TXO,202609,20260916.0,26600.0,Put,-,-,-,-,1.4,-,-,0,0,0,26,1.2,1.6,1000,6.7
TXO,202609,20260916.0,26800.0,Call,-,-,-,-,19000.0,-,-,0,0,0,25,18880,19220,18950,5510
TXO,202609,20260916.0,26800.0,Put,-,-,-,-,1.5,-,-,0,0,0,35,1.2,1.7,1130,6.1
TXO,202609,20260916.0,27000.0,Call,-,-,-,-,18800.0,-,-,0,0,0,3,18680,19020,20110,6220
TXO,202609,20260916.0,27000.0,Put,-,-,-,-,1.5,-,-,0,0,0,19,1.3,1.6,1750,3.2
TXO,202609,20260916.0,27200.0,Call,-,-,-,-,18600.0,-,-,0,0,0,0,18560,-,-,-
TXO,202609,20260916.0,27200.0,Put,-,-,-,-,1.6,-,-,0,0,0,5,1.4,1.7,750,5.1
TXO,202609,20260916.0,27400.0,Call,-,-,-,-,18400.0,-,-,0,0,0,2,18280,18620,5890,2380
TXO,202609,20260916.0,27400.0,Put,1.7,1.8,1.7,1.8,1.7,▼-1.8,▼-50.00%,0,25,25,7,1.5,1.8,1270,1.7
TXO,202609,20260916.0,27600.0,Call,-,-,-,-,18200.0,-,-,0,0,0,2,18080,18420,10800,2020
TXO,202609,20260916.0,27600.0,Put,-,-,-,-,1.7,-,-,0,0,0,10,1.5,1.9,1120,4.2
TXO,202609,20260916.0,27800.0,Call,-,-,-,-,18000.0,-,-,0,0,0,7,17720,18090,19160,16360
TXO,202609,20260916.0,27800.0,Put,-,-,-,-,1.7,-,-,4,0,4,27,1.5,1.9,1460,3.1
TXO,202609,20260916.0,28000.0,Call,-,-,-,-,17800.0,-,-,0,0,0,1,17770,17870,7880,1910
TXO,202609,20260916.0,28000.0,Put,2.2,2.2,2.2,2.2,1.8,▼-1.7,▼-43.59%,4,1,5,63,1.6,2,2180,2.2
TXO,202609,20260916.0,28200.0,Call,-,-,-,-,17600.0,-,-,0,0,0,2,17460,17820,5250,1730
TXO,202609,20260916.0,28200.0,Put,1.9,1.9,1.9,1.9,1.9,▼-2.2,▼-53.66%,0,60,60,7,1.7,2.1,1180,1.9
TXO,202609,20260916.0,28400.0,Call,-,-,-,-,17400.0,-,-,0,0,0,21,17290,17620,15910,1630
TXO,202609,20260916.0,28400.0,Put,-,-,-,-,2.0,-,-,0,0,0,18,1.8,2.1,1550,4
TXO,202609,20260916.0,28600.0,Call,-,-,-,-,17200.0,-,-,0,0,0,0,17170,17250,-,-
TXO,202609,20260916.0,28600.0,Put,-,-,-,-,2.1,-,-,1,0,1,19,1.9,2.2,1250,4.1
TXO,202609,20260916.0,28800.0,Call,-,-,-,-,17000.0,-,-,0,0,0,0,16970,17050,5200,3230
TXO,202609,20260916.0,28800.0,Put,2.5,2.5,2.5,2.5,2.1,▼-2,▼-44.44%,0,1,1,26,1.9,2.3,775,2.5
TXO,202609,20260916.0,29000.0,Call,-,-,-,-,16800.0,-,-,0,0,0,2,16680,17020,4570,4570
TXO,202609,20260916.0,29000.0,Put,2.5,2.7,2.1,2.1,2.1,▼-2.6,▼-55.32%,2,43,45,48,2,2.4,1920,2.1
TXO,202609,20260916.0,29200.0,Call,-,-,-,-,16600.0,-,-,0,0,0,4,16480,16820,6310,1310
TXO,202609,20260916.0,29200.0,Put,2,2,2,2,2.3,▼-2.8,▼-58.33%,0,40,40,17,2.1,2.5,1320,2
TXO,202609,20260916.0,29400.0,Call,-,-,-,-,16400.0,-,-,0,0,0,1,16380,16460,6990,1290
TXO,202609,20260916.0,29400.0,Put,3,3,2,2.1,2.4,▼-2.9,▼-58.00%,0,24,24,53,2.2,2.6,2010,2
TXO,202609,20260916.0,29600.0,Call,-,-,-,-,16200.0,-,-,0,0,0,2,16090,16420,5690,1370
TXO,202609,20260916.0,29600.0,Put,-,-,-,-,2.5,-,-,0,0,0,27,2.3,2.7,1780,4
TXO,202609,20260916.0,29800.0,Call,-,-,-,-,16000.0,-,-,0,0,0,4,15880,16220,16240,1210
TXO,202609,20260916.0,29800.0,Put,2.2,2.2,2.2,2.2,2.6,▼-3.1,▼-58.49%,0,20,20,23,2.4,2.8,2400,2.2
TXO,202609,20260916.0,30000.0,Call,-,-,-,-,15800.0,-,-,0,0,0,24,15710,16020,14350,1210
TXO,202609,20260916.0,30000.0,Put,3.5,3.5,2.1,2.7,2.7,▼-2.7,▼-50.00%,5,85,90,848,2.5,2.9,2400,2.1
TXO,202609,20260916.0,30200.0,Call,-,-,-,-,15610.0,-,-,0,0,0,4,15480,15820,10020,1320
TXO,202609,20260916.0,30200.0,Put,-,-,-,-,2.8,-,-,0,0,0,10,2.6,3,2050,4.6
TXO,202609,20260916.0,30400.0,Call,-,-,-,-,15410.0,-,-,0,0,0,0,15380,15450,5390,1430
TXO,202609,20260916.0,30400.0,Put,-,-,-,-,3.0,-,-,0,0,0,36,2.8,3.2,2030,1.1
TXO,202609,20260916.0,30600.0,Call,-,-,-,-,15210.0,-,-,0,0,0,6,15080,15420,5520,1000
TXO,202609,20260916.0,30600.0,Put,-,-,-,-,3.1,-,-,0,0,0,8,2.9,3.3,2090,14
TXO,202609,20260916.0,30800.0,Call,-,-,-,-,15010.0,-,-,0,0,0,7,14890,15220,10110,940
TXO,202609,20260916.0,30800.0,Put,-,-,-,-,3.3,-,-,0,0,0,20,3.1,3.5,2200,7
TXO,202609,20260916.0,31000.0,Call,-,-,-,-,14810.0,-,-,0,0,0,1,14770,14910,15990,1300
TXO,202609,20260916.0,31000.0,Put,3.1,3.6,2.6,3.6,3.4,▼-2.7,▼-42.86%,0,7,7,83,3.2,3.6,2410,2.6
TXO,202609,20260916.0,31200.0,Call,-,-,-,-,14610.0,-,-,0,0,0,0,14580,14650,5680,2350
TXO,202609,20260916.0,31200.0,Put,-,-,-,-,3.5,-,-,0,0,0,33,3.3,3.7,4320,5
TXO,202609,20260916.0,31400.0,Call,-,-,-,-,14410.0,-,-,0,0,0,1,14390,14460,14330,1430
TXO,202609,20260916.0,31400.0,Put,-,-,-,-,3.7,-,-,0,0,0,22,3.4,3.9,2750,17.5
TXO,202609,20260916.0,31600.0,Call,-,-,-,-,14210.0,-,-,0,0,0,0,14180,14250,3970,2920
TXO,202609,20260916.0,31600.0,Put,-,-,-,-,4.0,-,-,0,0,0,51,3.7,4.2,2510,6.4
TXO,202609,20260916.0,31800.0,Call,-,-,-,-,14010.0,-,-,0,0,0,1,13990,14060,14100,1370
TXO,202609,20260916.0,31800.0,Put,4.1,4.2,4.1,4.2,4.2,▼-3,▼-41.67%,0,4,4,43,3.8,4.4,2990,4.1
TXO,202609,20260916.0,32000.0,Call,-,-,-,-,13810.0,-,-,0,0,0,21,13670,14030,16670,1310
TXO,202609,20260916.0,32000.0,Put,4.6,4.6,3.2,3.6,4.2,▼-3.8,▼-51.35%,0,8,8,73,3.9,4.4,2700,3.2
TXO,202609,20260916.0,32200.0,Call,-,-,-,-,13610.0,-,-,0,0,0,19,13480,13830,13750,1380
TXO,202609,20260916.0,32200.0,Put,-,-,-,-,4.4,-,-,2,0,2,20,4.1,4.6,2670,6.9
TXO,202609,20260916.0,32400.0,Call,-,-,-,-,13410.0,-,-,0,0,0,0,13380,13450,4680,1440
TXO,202609,20260916.0,32400.0,Put,3.6,3.6,3.6,3.6,4.6,▼-4,▼-52.63%,0,20,20,19,4.2,4.8,2300,3.6
TXO,202609,20260916.0,32600.0,Call,-,-,-,-,13210.0,-,-,0,0,0,0,13180,13250,9580,1680
TXO,202609,20260916.0,32600.0,Put,-,-,-,-,4.8,-,-,0,0,0,37,4.4,5,2900,7
TXO,202609,20260916.0,32800.0,Call,-,-,-,-,13010.0,-,-,0,0,0,2,12730,13110,8380,1420
TXO,202609,20260916.0,32800.0,Put,5,5,5,5,5.0,▼-3.2,▼-39.02%,0,4,4,30,4.6,5.2,3280,5
TXO,202609,20260916.0,33000.0,Call,-,-,-,-,12810.0,-,-,0,0,0,35,12530,12900,12330,399
TXO,202609,20260916.0,33000.0,Put,5.6,5.6,5.3,5.3,5.2,▼-3.1,▼-36.90%,1,5,6,126,4.8,5.4,3000,5.3
TXO,202609,20260916.0,33200.0,Call,-,-,-,-,12610.0,-,-,0,0,0,4,12330,12720,11640,344
TXO,202609,20260916.0,33200.0,Put,5.2,5.2,5.2,5.2,5.2,▼-3.4,▼-39.53%,0,1,1,9,5,5.6,2730,5.2
TXO,202609,20260916.0,33400.0,Call,-,-,-,-,12410.0,-,-,0,0,0,2,12260,12630,12040,1470
TXO,202609,20260916.0,33400.0,Put,4.3,4.3,4.3,4.3,5.8,▼-4.9,▼-53.26%,41,40,81,26,5.4,6,2780,4.3
TXO,202609,20260916.0,33600.0,Call,-,-,-,-,12210.0,-,-,0,0,0,1,12180,12350,13690,372
TXO,202609,20260916.0,33600.0,Put,4.3,4.3,4.1,4.1,6.0,▼-5.1,▼-55.43%,44,60,104,23,5.6,6.2,3860,4.1
TXO,202609,20260916.0,33800.0,Call,-,-,-,-,12010.0,-,-,0,0,0,1,11980,12150,7340,328
TXO,202609,20260916.0,33800.0,Put,-,-,-,-,6.3,-,-,1,0,1,61,5.9,6.5,3000,9.5
TXO,202609,20260916.0,33900.0,Call,-,-,-,-,11910.0,-,-,0,0,0,0,11890,-,-,-
TXO,202609,20260916.0,33900.0,Put,-,-,-,-,6.4,-,-,0,0,0,4,6,6.6,30.5,8.4
TXO,202609,20260916.0,34000.0,Call,-,-,-,-,11810.0,-,-,0,0,0,115,11710,12030,12980,325
TXO,202609,20260916.0,34000.0,Put,6,6.8,6,6.8,6.4,▼-2.9,▼-29.90%,2,6,8,180,6,6.6,3990,6
TXO,202609,20260916.0,34100.0,Call,-,-,-,-,11710.0,-,-,0,0,0,0,11680,-,-,-
TXO,202609,20260916.0,34100.0,Put,-,-,-,-,6.7,-,-,0,0,0,2,6.3,6.9,410,8.4
TXO,202609,20260916.0,34200.0,Call,-,-,-,-,11610.0,-,-,0,0,0,1,11580,-,9340,299
TXO,202609,20260916.0,34200.0,Put,-,-,-,-,6.7,-,-,0,0,0,17,6.3,6.9,1130,10
TXO,202609,20260916.0,34300.0,Call,-,-,-,-,11510.0,-,-,0,0,0,0,11480,-,-,-
TXO,202609,20260916.0,34300.0,Put,-,-,-,-,7.0,-,-,0,0,0,5,6.6,7.2,112,10
TXO,202609,20260916.0,34400.0,Call,-,-,-,-,11410.0,-,-,0,0,0,0,11390,11460,6600,305
TXO,202609,20260916.0,34400.0,Put,-,-,-,-,7.0,-,-,0,0,0,10,6.6,7.2,3660,13
TXO,202609,20260916.0,34500.0,Call,-,-,-,-,11310.0,-,-,0,0,0,0,11300,11360,-,-
TXO,202609,20260916.0,34500.0,Put,-,-,-,-,7.1,-,-,0,0,0,8,6.9,7.5,199,9.2
TXO,202609,20260916.0,34600.0,Call,-,-,-,-,11210.0,-,-,0,0,0,3,10930,11320,11000,306
TXO,202609,20260916.0,34600.0,Put,-,-,-,-,7.2,-,-,0,0,0,7,6.8,7.5,4530,10
TXO,202609,20260916.0,34700.0,Call,-,-,-,-,11110.0,-,-,0,0,0,0,11100,11160,-,-
TXO,202609,20260916.0,34700.0,Put,5.6,5.6,5.6,5.6,7.6,▼-4.9,▼-46.67%,0,1,1,1,7.2,7.8,31.5,5.6
TXO,202609,20260916.0,34800.0,Call,-,-,-,-,11010.0,-,-,0,0,0,3,10890,11230,3130,370
TXO,202609,20260916.0,34800.0,Put,-,-,-,-,7.8,-,-,0,0,0,28,7.4,8,3320,10.5
TXO,202609,20260916.0,34900.0,Call,-,-,-,-,10910.0,-,-,0,0,0,0,10900,10960,-,-
TXO,202609,20260916.0,34900.0,Put,-,-,-,-,7.9,-,-,3,0,3,6,7.5,8.1,50,10.5
TXO,202609,20260916.0,35000.0,Call,-,-,-,-,10810.0,-,-,0,0,0,6,10530,10910,14340,510
TXO,202609,20260916.0,35000.0,Put,8.2,8.2,6,6,8.1,▼-5,▼-45.45%,13,8,21,361,7.7,8.3,3320,6
TXO,202609,20260916.0,35100.0,Call,-,-,-,-,10710.0,-,-,0,0,0,0,10690,10760,-,-
TXO,202609,20260916.0,35100.0,Put,-,-,-,-,8.3,-,-,3,0,3,11,7.9,8.5,47,11.5
TXO,202609,20260916.0,35200.0,Call,-,-,-,-,10610.0,-,-,0,0,0,1,10590,10650,9760,850
TXO,202609,20260916.0,35200.0,Put,6.6,6.6,6.4,6.4,8.5,▼-5.1,▼-44.35%,4,2,6,42,8,8.7,1150,6.4
TXO,202609,20260916.0,35300.0,Call,-,-,-,-,10510.0,-,-,0,0,0,0,10490,10560,-,-
TXO,202609,20260916.0,35300.0,Put,-,-,-,-,8.7,-,-,1,0,1,17,8.2,8.9,143,9.6
TXO,202609,20260916.0,35400.0,Call,-,-,-,-,10410.0,-,-,0,0,0,0,10390,10460,8330,373
TXO,202609,20260916.0,35400.0,Put,-,-,-,-,8.8,-,-,2,0,2,16,8.3,9,3430,10.5
TXO,202609,20260916.0,35500.0,Call,-,-,-,-,10310.0,-,-,0,0,0,0,10290,-,-,-
TXO,202609,20260916.0,35500.0,Put,9,9,6.5,6.5,9.0,▼-5.5,▼-45.83%,2,4,6,36,8.6,9.2,499,6.5
TXO,202609,20260916.0,35600.0,Call,-,-,-,-,10210.0,-,-,0,0,0,0,10190,-,7680,1220
TXO,202609,20260916.0,35600.0,Put,7.4,7.4,6.8,6.8,9.3,▼-5.7,▼-45.60%,0,5,5,14,8.8,9.5,4020,6.8
TXO,202609,20260916.0,35700.0,Call,-,-,-,-,10120.0,-,-,0,0,0,0,10090,10160,-,-
TXO,202609,20260916.0,35700.0,Put,-,-,-,-,9.5,-,-,0,0,0,4,9,9.7,165,13
TXO,202609,20260916.0,35800.0,Call,-,-,-,-,10020.0,-,-,0,0,0,3,9730,10150,5820,450
TXO,202609,20260916.0,35800.0,Put,9.9,9.9,9.9,9.9,9.9,▼-2.6,▼-20.80%,2,1,3,25,9.2,9.8,2000,9.9
TXO,202609,20260916.0,35900.0,Call,-,-,-,-,9920.0,-,-,0,0,0,0,9890,-,-,-
TXO,202609,20260916.0,35900.0,Put,-,-,-,-,10.0,-,-,5,0,5,39,9.4,10.5,348,10.5
TXO,202609,20260916.0,36000.0,Call,-,-,-,-,9820.0,-,-,0,0,0,41,9530,9930,11770,595
TXO,202609,20260916.0,36000.0,Put,10.5,10.5,7.1,9.9,10.0,▼-3.1,▼-23.85%,131,38,169,658,9.7,10.5,4200,7.1
TXO,202609,20260916.0,36100.0,Call,-,-,-,-,9720.0,-,-,0,0,0,0,9690,-,-,-
TXO,202609,20260916.0,36100.0,Put,10,10,10,10,10.0,▼-3,▼-23.08%,0,1,1,15,9.7,10.5,685,10
TXO,202609,20260916.0,36200.0,Call,-,-,-,-,9620.0,-,-,0,0,0,0,9600,9660,8750,282
TXO,202609,20260916.0,36200.0,Put,-,-,-,-,10.5,-,-,0,0,0,7,9.9,11,1400,14
TXO,202609,20260916.0,36300.0,Call,-,-,-,-,9520.0,-,-,0,0,0,0,9500,-,-,-
TXO,202609,20260916.0,36300.0,Put,-,-,-,-,11.0,-,-,3,0,3,10,10.5,11.5,990,13.5
TXO,202609,20260916.0,36400.0,Call,-,-,-,-,9420.0,-,-,0,0,0,0,9400,-,7540,499
TXO,202609,20260916.0,36400.0,Put,-,-,-,-,11.0,-,-,3,0,3,14,10.5,11.5,4830,13
TXO,202609,20260916.0,36500.0,Call,-,-,-,-,9320.0,-,-,0,0,0,0,9290,-,-,-
TXO,202609,20260916.0,36500.0,Put,-,-,-,-,11.5,-,-,0,0,0,60,11,12,880,11.5
TXO,202609,20260916.0,36600.0,Call,-,-,-,-,9220.0,-,-,0,0,0,0,9190,-,7400,480
TXO,202609,20260916.0,36600.0,Put,-,-,-,-,11.5,-,-,0,0,0,34,11,12,1860,11.5
TXO,202609,20260916.0,36700.0,Call,-,-,-,-,9120.0,-,-,0,0,0,0,9100,-,-,-
TXO,202609,20260916.0,36700.0,Put,11.5,11.5,11.5,11.5,11.5,▼-3.5,▼-23.33%,0,2,2,14,11.5,12.5,488,11.5
TXO,202609,20260916.0,36800.0,Call,-,-,-,-,9020.0,-,-,0,0,0,19,8900,9240,2830,310
TXO,202609,20260916.0,36800.0,Put,-,-,-,-,12.0,-,-,4,0,4,29,11.5,12.5,4910,12.5
TXO,202609,20260916.0,36900.0,Call,-,-,-,-,8920.0,-,-,0,0,0,0,8900,-,-,-
TXO,202609,20260916.0,36900.0,Put,11,11,11,11,12.5,▼-4.5,▼-29.03%,0,1,1,14,12,13,1240,11
TXO,202609,20260916.0,37000.0,Call,-,-,-,-,8820.0,-,-,0,0,0,29,8540,8910,9270,540
TXO,202609,20260916.0,37000.0,Put,10.5,12.5,9,9,13.0,▼-7,▼-43.75%,3,65,68,298,12.5,13.5,2520,9
TXO,202609,20260916.0,37100.0,Call,-,-,-,-,8720.0,-,-,0,0,0,0,8700,8760,-,-
TXO,202609,20260916.0,37100.0,Put,-,-,-,-,13.0,-,-,1,0,1,19,12.5,13.5,400,13
TXO,202609,20260916.0,37200.0,Call,-,-,-,-,8620.0,-,-,0,0,0,5,8500,8840,10420,375
TXO,202609,20260916.0,37200.0,Put,9.5,9.5,9.5,9.5,13.5,▼-6.5,▼-40.63%,17,1,18,448,13,14,2390,1.2
TXO,202609,20260916.0,37300.0,Call,-,-,-,-,8520.0,-,-,0,0,0,0,8500,8560,-,-
TXO,202609,20260916.0,37300.0,Put,-,-,-,-,14.0,-,-,0,0,0,19,13.5,14.5,720,12
TXO,202609,20260916.0,37400.0,Call,-,-,-,-,8420.0,-,-,0,0,0,1,8410,-,1370,456
TXO,202609,20260916.0,37400.0,Put,10,10,10,10,14.0,▼-7,▼-41.18%,0,3,3,24,13.5,14.5,2530,10
TXO,202609,20260916.0,37500.0,Call,-,-,-,-,8320.0,-,-,0,0,0,0,8310,8360,-,-
TXO,202609,20260916.0,37500.0,Put,10,12,10,12,14.5,▼-5,▼-29.41%,0,5,5,63,14,15,1110,10
TXO,202609,20260916.0,37600.0,Call,-,-,-,-,8220.0,-,-,0,0,0,0,8210,8260,5920,430
TXO,202609,20260916.0,37600.0,Put,-,-,-,-,15.0,-,-,0,0,0,38,14.5,15.5,2660,17.5
TXO,202609,20260916.0,37700.0,Call,-,-,-,-,8120.0,-,-,0,0,0,0,8110,8160,-,-
TXO,202609,20260916.0,37700.0,Put,11.5,11.5,11.5,11.5,15.5,▼-6.5,▼-36.11%,48,1,49,78,15,15.5,1080,11.5
TXO,202609,20260916.0,37800.0,Call,-,-,-,-,8020.0,-,-,0,0,0,2,7900,8240,3680,390
TXO,202609,20260916.0,37800.0,Put,11,11,11,11,16.0,▼-7.5,▼-40.54%,0,5,5,37,15.5,16.5,1110,11
TXO,202609,20260916.0,37900.0,Call,-,-,-,-,7920.0,-,-,0,0,0,0,7910,7960,-,-
TXO,202609,20260916.0,37900.0,Put,15,15,15,15,17.0,▼-4,▼-21.05%,0,1,1,40,16,17,580,14.5
TXO,202609,20260916.0,38000.0,Call,-,-,-,-,7820.0,-,-,0,0,0,17,7690,8040,9000,350
TXO,202609,20260916.0,38000.0,Put,14,16,10.5,16,17.0,▼-3,▼-15.79%,39,25,64,458,16,17.5,6640,10.5
TXO,202609,20260916.0,38100.0,Call,-,-,-,-,7720.0,-,-,0,0,0,0,7710,-,-,-
TXO,202609,20260916.0,38100.0,Put,-,-,-,-,17.5,-,-,6,0,6,18,16.5,17.5,1680,18
TXO,202609,20260916.0,38200.0,Call,-,-,-,-,7630.0,-,-,0,0,0,0,7610,-,1030,370
TXO,202609,20260916.0,38200.0,Put,-,-,-,-,18.0,-,-,0,0,0,29,17,18,2770,18
TXO,202609,20260916.0,38300.0,Call,-,-,-,-,7530.0,-,-,0,0,0,0,7520,7570,-,-
TXO,202609,20260916.0,38300.0,Put,14,17.5,14,17.5,18.5,▼-3,▼-14.63%,0,2,2,9,17.5,18.5,1740,14
TXO,202609,20260916.0,38400.0,Call,-,-,-,-,7430.0,-,-,0,0,0,0,7410,7470,6200,340
TXO,202609,20260916.0,38400.0,Put,-,-,-,-,19.0,-,-,0,0,0,13,18,19,2080,15
TXO,202609,20260916.0,38500.0,Call,-,-,-,-,7330.0,-,-,0,0,0,1,7310,7430,6410,6410
TXO,202609,20260916.0,38500.0,Put,15,19.5,15,19.5,19.5,▼-2,▼-9.30%,16,25,41,112,18.5,20,1500,15
TXO,202609,20260916.0,38600.0,Call,-,-,-,-,7230.0,-,-,0,0,0,2,6950,7360,6350,371
TXO,202609,20260916.0,38600.0,Put,-,-,-,-,20.0,-,-,0,0,0,15,19,20.5,2850,16
TXO,202609,20260916.0,38700.0,Call,-,-,-,-,7130.0,-,-,0,0,0,0,7110,-,-,-
TXO,202609,20260916.0,38700.0,Put,17.5,17.5,15.5,15.5,21.0,▼-6.5,▼-29.55%,10,11,21,24,20,21,950,15.5
TXO,202609,20260916.0,38800.0,Call,-,-,-,-,7030.0,-,-,0,0,0,20,6930,7070,10410,270
TXO,202609,20260916.0,38800.0,Put,15.5,15.5,15.5,15.5,21.5,▼-8,▼-34.04%,0,10,10,32,20.5,21.5,2100,15.5
TXO,202609,20260916.0,38900.0,Call,-,-,-,-,6930.0,-,-,0,0,0,0,6910,6970,-,-
TXO,202609,20260916.0,38900.0,Put,21,21,21,21,22.0,▼-2.5,▼-10.64%,1,1,2,70,21,22,1990,16.5
TXO,202609,20260916.0,39000.0,Call,-,-,-,-,6830.0,-,-,0,0,0,50,6550,6940,8810,273
TXO,202609,20260916.0,39000.0,Put,16,18,13.5,13.5,22.5,▼-10.5,▼-43.75%,15,43,58,779,21.5,23,2820,13.5
TXO,202609,20260916.0,39100.0,Call,-,-,-,-,6730.0,-,-,0,0,0,1,6720,-,3840,3840
TXO,202609,20260916.0,39100.0,Put,-,-,-,-,23.5,-,-,1,0,1,47,22.5,23.5,2100,18.5
TXO,202609,20260916.0,39200.0,Call,-,-,-,-,6630.0,-,-,0,0,0,1,6620,6680,6340,249
TXO,202609,20260916.0,39200.0,Put,-,-,-,-,24.0,-,-,0,0,0,42,23,24,2750,20
TXO,202609,20260916.0,39300.0,Call,-,-,-,-,6530.0,-,-,0,0,0,1,6530,6570,5220,2740
TXO,202609,20260916.0,39300.0,Put,-,-,-,-,25.0,-,-,1,0,1,30,24,25,1930,19
TXO,202609,20260916.0,39400.0,Call,-,-,-,-,6430.0,-,-,0,0,0,6,6320,6650,8270,223
TXO,202609,20260916.0,39400.0,Put,-,-,-,-,25.5,-,-,5,0,5,53,24.5,26,2390,19
TXO,202609,20260916.0,39500.0,Call,-,-,-,-,6330.0,-,-,0,0,0,0,6330,6370,3220,3150
TXO,202609,20260916.0,39500.0,Put,19,20.5,18,18.5,26.5,▼-8.5,▼-31.48%,0,7,7,86,25.5,26.5,1320,18
TXO,202609,20260916.0,39600.0,Call,-,-,-,-,6240.0,-,-,0,0,0,2,6110,6450,5910,394
TXO,202609,20260916.0,39600.0,Put,-,-,-,-,27.5,-,-,0,0,0,40,26.5,27.5,2870,20.5
TXO,202609,20260916.0,39700.0,Call,-,-,-,-,6140.0,-,-,0,0,0,23,5850,6250,6150,2400
TXO,202609,20260916.0,39700.0,Put,-,-,-,-,28.5,-,-,4,0,4,31,27.5,28.5,1330,19.5
TXO,202609,20260916.0,39800.0,Call,-,-,-,-,6040.0,-,-,0,0,0,0,6030,6080,6170,417
TXO,202609,20260916.0,39800.0,Put,23,23,23,23,29.5,▼-6,▼-20.69%,0,1,1,38,28.5,29.5,2020,21
TXO,202609,20260916.0,39900.0,Call,-,-,-,-,5940.0,-,-,0,0,0,5,5660,6050,4450,2550
TXO,202609,20260916.0,39900.0,Put,22.5,22.5,20,20,30.5,▼-9.5,▼-32.20%,0,3,3,112,29,30.5,2270,20
TXO,202609,20260916.0,40000.0,Call,-,-,-,-,5840.0,-,-,0,0,0,67,5560,5970,8030,380
TXO,202609,20260916.0,40000.0,Put,24,31.5,20.5,31,31.0,▼-0.5,▼-1.59%,161,185,346,1950,30.5,31.5,3040,20
TXO,202609,20260916.0,40100.0,Call,-,-,-,-,5740.0,-,-,0,0,0,0,5740,5780,6430,2480
TXO,202609,20260916.0,40100.0,Put,26,26,26,26,32.5,▼-5.5,▼-17.46%,1,1,2,46,31.5,32.5,2350,22
TXO,202609,20260916.0,40200.0,Call,-,-,-,-,5640.0,-,-,0,0,0,4,5360,5780,7670,250
TXO,202609,20260916.0,40200.0,Put,21,27.5,21,27.5,34.0,▼-5,▼-15.38%,10,3,13,18,32.5,34,2310,21
TXO,202609,20260916.0,40300.0,Call,-,-,-,-,5540.0,-,-,0,0,0,0,5530,-,5090,2720
TXO,202609,20260916.0,40300.0,Put,-,-,-,-,35.0,-,-,1,0,1,31,34,35,2430,15
TXO,202609,20260916.0,40400.0,Call,-,-,-,-,5450.0,-,-,0,0,0,8,5340,5660,4590,388
TXO,202609,20260916.0,40400.0,Put,26,35,26,35,35.0,0,0%,3,3,6,76,35,36.5,3260,16
TXO,202609,20260916.0,40500.0,Call,-,-,-,-,5350.0,-,-,0,0,0,2,5240,5570,4840,2260
TXO,202609,20260916.0,40500.0,Put,27,27,23.5,23.5,38.0,▼-12.5,▼-34.72%,3,11,14,126,36.5,38,2460,23.5
TXO,202609,20260916.0,40600.0,Call,-,-,-,-,5250.0,-,-,0,0,0,4,4970,5380,5840,345
TXO,202609,20260916.0,40600.0,Put,32.5,32.5,29,32,39.5,▼-6,▼-15.79%,0,4,4,45,38,39.5,4360,25
TXO,202609,20260916.0,40700.0,Call,-,-,-,-,5150.0,-,-,0,0,0,18,4870,5280,5710,2330
TXO,202609,20260916.0,40700.0,Put,26,26,26,26,41.0,▼-13,▼-33.33%,3,1,4,26,39.5,41,2520,25.5
TXO,202609,20260916.0,40800.0,Call,-,-,-,-,5050.0,-,-,0,0,0,7,4950,5270,6870,530
TXO,202609,20260916.0,40800.0,Put,26.5,26.5,26.5,26.5,42.5,▼-13.5,▼-33.75%,1,1,2,33,41,42.5,4480,26.5
TXO,202609,20260916.0,40900.0,Call,-,-,-,-,4950.0,-,-,0,0,0,0,4950,4990,4500,3090
TXO,202609,20260916.0,40900.0,Put,27.5,27.5,27.5,27.5,44.5,▼-14.5,▼-34.52%,2,1,3,30,43,44.5,2000,27.5
TXO,202609,20260916.0,41000.0,Call,-,-,-,-,4860.0,-,-,0,0,0,10,4570,4990,7580,320
TXO,202609,20260916.0,41000.0,Put,35,46,28.5,46,46.0,▲+3,▲+6.98%,78,156,234,633,45,46,4640,25
TXO,202609,20260916.0,41100.0,Call,-,-,-,-,4760.0,-,-,0,0,0,5,4620,4980,5260,2720
TXO,202609,20260916.0,41100.0,Put,30.5,30.5,30.5,30.5,48.5,▼-16.5,▼-35.11%,0,1,1,61,47,48.5,3010,30.5
TXO,202609,20260916.0,41200.0,Call,-,-,-,-,4660.0,-,-,0,0,0,5,4540,4990,4320,2240
TXO,202609,20260916.0,41200.0,Put,42.5,42.5,31,31,50.0,▼-16,▼-34.04%,6,14,20,101,48.5,50,7750,29
TXO,202609,20260916.0,41300.0,Call,-,-,-,-,4560.0,-,-,0,0,0,20,4280,4690,4200,1820
TXO,202609,20260916.0,41300.0,Put,38.5,44.5,34.5,44.5,53.0,▼-6.5,▼-12.75%,5,5,10,42,51,53,2980,30.5
TXO,202609,20260916.0,41400.0,Call,-,-,-,-,4460.0,-,-,0,0,0,2,4370,4680,5680,1820
TXO,202609,20260916.0,41400.0,Put,38.5,45,38.5,45,55.0,▼-8,▼-15.09%,5,11,16,42,53,55,3480,31.5
TXO,202609,20260916.0,41500.0,Call,-,-,-,-,4370.0,-,-,1,0,1,3,4250,4590,4910,1750
TXO,202609,20260916.0,41500.0,Put,41.5,46,34,46,58.0,▼-9,▼-16.36%,109,37,146,130,56,58,1680,32.5
TXO,202609,20260916.0,41600.0,Call,-,-,-,-,4270.0,-,-,0,0,0,5,4170,4490,4470,2070
TXO,202609,20260916.0,41600.0,Put,43,51,39,51,61.0,▼-5,▼-8.93%,14,28,42,135,59,61,3420,33
TXO,202609,20260916.0,41700.0,Call,-,-,-,-,4170.0,-,-,0,0,0,2,3990,4390,5020,4120
TXO,202609,20260916.0,41700.0,Put,38,62,38,62,62.0,▲+3,▲+5.08%,1,15,16,31,61,65,3110,35
TXO,202609,20260916.0,41800.0,Call,-,-,-,-,4080.0,-,-,0,0,0,2,3890,4300,4910,264
TXO,202609,20260916.0,41800.0,Put,40,40,40,40,67.0,▼-22,▼-35.48%,3,1,4,93,65,67,6470,36
TXO,202609,20260916.0,41900.0,Call,-,-,-,-,3980.0,-,-,0,0,0,2,3790,4310,4500,1660
TXO,202609,20260916.0,41900.0,Put,44.5,72,41.5,70,70.0,▲+6,▲+9.38%,8,117,125,126,68,70,3180,38
TXO,202609,20260916.0,42000.0,Call,4180,4180,4120,4120,3880.0,▼-130,▼-3.06%,0,2,2,605,3860,3990,6680,161
TXO,202609,20260916.0,42000.0,Put,57,74,42.5,73,73.0,▲+5,▲+7.35%,185,454,639,1706,72,74,7310,38
TXO,202609,20260916.0,42100.0,Call,-,-,-,-,3790.0,-,-,0,0,0,1,3600,3820,4100,3740
TXO,202609,20260916.0,42100.0,Put,51,68,45.5,68,77.0,▼-3,▼-4.23%,7,13,20,104,75,77,2830,40
TXO,202609,20260916.0,42200.0,Call,3670,3670,3670,3670,3690.0,▼-380,▼-9.38%,0,2,2,5,3690,3730,4590,269
TXO,202609,20260916.0,42200.0,Put,67,81,48.5,78,78.0,▲+3,▲+4.00%,7,27,34,127,79,81,3410,45
TXO,202609,20260916.0,42300.0,Call,-,-,-,-,3600.0,-,-,0,0,0,100,3400,3820,4190,2620
TXO,202609,20260916.0,42300.0,Put,64,84,51,84,84.0,▲+5,▲+6.33%,1,19,20,113,84,86,2460,45
TXO,202609,20260916.0,42400.0,Call,3830,4050,3690,4050,3500.0,▲+190,▲+4.92%,0,4,4,1,3210,3530,4400,1180
TXO,202609,20260916.0,42400.0,Put,54,54,54,54,90.0,▼-30,▼-35.71%,2,3,5,96,88,90,3470,45.5
TXO,202609,20260916.0,42500.0,Call,-,-,-,-,3410.0,-,-,0,0,0,501,3180,3630,4130,1520
TXO,202609,20260916.0,42500.0,Put,70,96,56,93,93.0,▲+4,▲+4.49%,51,78,129,494,93,101,2580,48
TXO,202609,20260916.0,42600.0,Call,3770,3770,3770,3770,3310.0,▲+80,▲+2.17%,0,3,3,6,3020,3430,6330,101
TXO,202609,20260916.0,42600.0,Put,64,100,58,96,101.0,▲+2,▲+2.13%,8,23,31,98,99,101,8970,52
TXO,202609,20260916.0,42700.0,Call,-,-,-,-,3220.0,-,-,0,0,0,0,3220,3250,2900,2240
TXO,202609,20260916.0,42700.0,Put,69,104,61,104,104.0,▲+9,▲+9.47%,3,13,16,108,105,107,2400,53
TXO,202609,20260916.0,42800.0,Call,-,-,-,-,3120.0,-,-,0,0,0,402,2890,3350,7760,800
TXO,202609,20260916.0,42800.0,Put,87,110,64,110,110.0,▲+9,▲+8.91%,27,52,79,264,111,114,4270,56
TXO,202609,20260916.0,42900.0,Call,-,-,-,-,3030.0,-,-,0,0,0,2,3010,3130,3810,2360
TXO,202609,20260916.0,42900.0,Put,85,123,69,118,118.0,▲+7,▲+6.31%,11,18,29,45,118,121,2980,61
TXO,202609,20260916.0,43000.0,Call,3280,3280,3280,3280,2940.0,▼-20,▼-0.61%,1,1,2,21,2920,3260,7050,580
TXO,202609,20260916.0,43000.0,Put,96,130,70,128,128.0,▲+10,▲+8.47%,328,230,558,905,125,128,4540,61
TXO,202609,20260916.0,43100.0,Call,-,-,-,-,2850.0,-,-,0,0,0,3,2830,2950,3730,2450
TXO,202609,20260916.0,43100.0,Put,112,135,74,132,132.0,▲+6,▲+4.76%,17,31,48,29,133,136,2000,69
TXO,202609,20260916.0,43200.0,Call,-,-,-,-,2760.0,-,-,0,0,0,3,2740,3090,5810,790
TXO,202609,20260916.0,43200.0,Put,90,146,78,143,143.0,▲+9,▲+6.72%,8,20,28,88,141,144,3670,68
TXO,202609,20260916.0,43300.0,Call,-,-,-,-,2670.0,-,-,0,0,0,9,2650,3000,5360,1280
TXO,202609,20260916.0,43300.0,Put,109,162,87,160,160.0,▲+17,▲+11.89%,15,33,48,252,151,154,1830,73
TXO,202609,20260916.0,43400.0,Call,-,-,-,-,2580.0,-,-,0,0,0,52,2560,2910,4900,750
TXO,202609,20260916.0,43400.0,Put,113,174,92,163,163.0,▲+17,▲+11.64%,7,18,25,184,161,164,3460,77
TXO,202609,20260916.0,43500.0,Call,-,-,-,-,2490.0,-,-,4,0,4,271,2470,2820,3420,1220
TXO,202609,20260916.0,43500.0,Put,128,180,95,177,177.0,▲+15,▲+9.26%,46,68,114,822,84,248,3220,82
TXO,202609,20260916.0,43600.0,Call,2330,2380,2330,2380,2400.0,▼-380,▼-13.77%,0,2,2,25,2400,2730,6660,545
TXO,202609,20260916.0,43600.0,Put,133,195,105,195,195.0,▲+31,▲+18.90%,17,15,32,79,182,186,4720,90
TXO,202609,20260916.0,43700.0,Call,-,-,-,-,2310.0,-,-,0,0,0,6,2290,2640,3150,985
TXO,202609,20260916.0,43700.0,Put,153,202,107,202,202.0,▲+26,▲+14.77%,40,52,92,102,196,199,2400,92
TXO,202609,20260916.0,43800.0,Call,-,-,-,-,2220.0,-,-,0,0,0,3,2170,2330,5000,1000
TXO,202609,20260916.0,43800.0,Put,197,218,114,212,212.0,▲+15,▲+7.61%,21,49,70,89,208,212,3250,98
TXO,202609,20260916.0,43900.0,Call,-,-,-,-,2140.0,-,-,1,0,1,24,2110,2470,3000,1150
TXO,202609,20260916.0,43900.0,Put,202,202,128,160,227.0,▼-42,▼-20.79%,15,51,66,57,223,227,2230,104
TXO,202609,20260916.0,44000.0,Call,-,-,-,-,2060.0,-,-,5,0,5,53,1910,2150,6080,331
TXO,202609,20260916.0,44000.0,Put,227,258,125,245,245.0,▲+18,▲+7.93%,392,328,720,771,239,243,4150,110
TXO,202609,20260916.0,44100.0,Call,1920,1920,1920,1920,1970.0,▼-400,▼-17.24%,1,1,2,6,1950,2100,3020,975
TXO,202609,20260916.0,44100.0,Put,184,260,147,260,260.0,▲+27,▲+11.59%,21,23,44,50,256,261,3780,127
TXO,202609,20260916.0,44200.0,Call,-,-,-,-,1890.0,-,-,10,0,10,12,1870,1950,4830,930
TXO,202609,20260916.0,44200.0,Put,202,285,158,272,272.0,▲+29,▲+11.93%,43,160,203,179,274,279,5100,125
TXO,202609,20260916.0,44300.0,Call,-,-,-,-,1810.0,-,-,0,0,0,33,1690,2120,2850,910
TXO,202609,20260916.0,44300.0,Put,220,220,169,174,297.0,▼-85,▼-32.82%,4,10,14,125,293,297,3720,133
TXO,202609,20260916.0,44400.0,Call,1740,1740,1740,1740,1740.0,▼-330,▼-15.94%,0,1,1,16,1730,1760,4130,860
TXO,202609,20260916.0,44400.0,Put,204,262,194,195,318.0,▼-96,▼-32.99%,5,18,23,93,313,318,3980,142
TXO,202609,20260916.0,44500.0,Call,-,-,-,-,1650.0,-,-,23,0,23,340,1510,1750,5080,945
TXO,202609,20260916.0,44500.0,Put,168,360,167,340,340.0,▲+29,▲+9.32%,51,59,110,183,335,340,3300,151
TXO,202609,20260916.0,44600.0,Call,1970,1970,1700,1960,1580.0,▲+50,▲+2.62%,0,4,4,123,1560,1750,4550,337
TXO,202609,20260916.0,44600.0,Put,264,366,209,366,366.0,▲+29,▲+8.61%,16,15,31,41,360,365,5580,161
TXO,202609,20260916.0,44700.0,Call,1830,1830,1830,1830,1500.0,▼-10,▼-0.54%,0,1,1,354,1420,1620,2780,835
TXO,202609,20260916.0,44700.0,Put,278,388,217,388,388.0,▲+29,▲+8.08%,3,31,34,448,292,459,3520,173
TXO,202609,20260916.0,44800.0,Call,1820,1820,1820,1820,1430.0,▲+60,▲+3.41%,2,1,3,92,1430,1450,4950,600
TXO,202609,20260916.0,44800.0,Put,303,420,261,407,407.0,▲+34,▲+9.12%,40,33,73,148,319,515,3700,185
TXO,202609,20260916.0,44850.0,Call,-,-,-,-,1400.0,-,-,0,0,0,0,1400,1420,-,-
TXO,202609,20260916.0,44850.0,Put,312,312,253,253,432.0,▼-134,▼-34.63%,0,29,29,28,290,565,312,253
TXO,202609,20260916.0,44900.0,Call,1630,1700,1630,1700,1360.0,▲+10,▲+0.59%,1,2,3,28,1360,1380,2700,750
TXO,202609,20260916.0,44900.0,Put,292,467,274,467,444.0,▲+80,▲+20.67%,5,7,12,81,438,444,3650,198
TXO,202609,20260916.0,44950.0,Call,-,-,-,-,1330.0,-,-,0,0,0,0,1330,1350,-,-
TXO,202609,20260916.0,44950.0,Put,302,304,291,291,463.0,▼-110,▼-27.43%,0,9,9,8,319,565,304,291
TXO,202609,20260916.0,45000.0,Call,1620,1710,1270,1300,1300.0,▼-310,▼-19.25%,22,16,38,307,1290,1310,5750,550
TXO,202609,20260916.0,45000.0,Put,380,515,270,479,479.0,▲+53,▲+12.44%,165,240,405,746,400,494,5600,211
TXO,202609,20260916.0,45050.0,Call,-,-,-,-,1260.0,-,-,0,0,0,0,1260,1280,-,-
TXO,202609,20260916.0,45050.0,Put,325,492,325,492,492.0,▲+51,▲+11.56%,0,12,12,12,352,595,492,325
TXO,202609,20260916.0,45100.0,Call,-,-,-,-,1220.0,-,-,6,0,6,42,1220,1240,2430,710
TXO,202609,20260916.0,45100.0,Put,298,324,298,324,510.0,▼-136,▼-29.57%,4,4,8,18,500,510,3780,233
TXO,202609,20260916.0,45150.0,Call,-,-,-,-,1190.0,-,-,0,0,0,0,1190,1210,-,-
TXO,202609,20260916.0,45150.0,Put,-,-,-,-,525.0,-,-,0,0,0,0,515,525,-,-
TXO,202609,20260916.0,45200.0,Call,1480,1480,1460,1460,1160.0,▼-10,▼-0.68%,2,2,4,121,700,1280,6110,550
TXO,202609,20260916.0,45200.0,Put,407,560,345,550,550.0,▲+77,▲+16.28%,10,24,34,37,535,545,3850,204
TXO,202609,20260916.0,45250.0,Call,1460,1460,1460,1460,1130.0,▲+30,▲+2.10%,0,2,2,2,1130,1140,1460,1460
TXO,202609,20260916.0,45250.0,Put,406,406,406,406,560.0,▼-84,▼-17.14%,0,1,1,1,550,560,406,406
TXO,202609,20260916.0,45300.0,Call,1360,1360,1360,1360,1090.0,▼-40,▼-2.86%,0,1,1,47,1090,1110,2420,680
TXO,202609,20260916.0,45300.0,Put,423,600,368,570,570.0,▲+50,▲+9.62%,7,21,28,92,570,580,1810,257
TXO,202609,20260916.0,45350.0,Call,1190,1190,1190,1190,1060.0,▼-160,▼-11.85%,0,1,1,1,1060,1080,1190,1190
TXO,202609,20260916.0,45350.0,Put,-,-,-,-,600.0,-,-,0,0,0,0,493,-,-,-
TXO,202609,20260916.0,45400.0,Call,1300,1360,1040,1040,1040.0,▼-280,▼-21.21%,2,8,10,101,1030,1050,3530,645
TXO,202609,20260916.0,45400.0,Put,454,650,361,650,615.0,▲+115,▲+21.50%,14,20,34,42,605,615,3980,279
TXO,202609,20260916.0,45450.0,Call,1320,1320,1320,1320,1000.0,▲+10,▲+0.76%,0,2,2,2,1000,1020,1320,1320
TXO,202609,20260916.0,45450.0,Put,420,470,420,470,635.0,▼-80,▼-14.55%,0,7,7,3,625,635,470,420
TXO,202609,20260916.0,45500.0,Call,1280,1300,950,955,955.0,▼-325,▼-25.39%,4,18,22,152,970,985,2480,600
TXO,202609,20260916.0,45500.0,Put,555,705,428,665,665.0,▲+80,▲+13.68%,67,131,198,257,645,655,3750,303
TXO,202609,20260916.0,45550.0,Call,1250,1250,925,925,925.0,▼-315,▼-25.40%,0,10,10,3,945,955,1250,925
TXO,202609,20260916.0,45550.0,Put,483,685,450,685,685.0,▲+80,▲+13.22%,1,4,5,13,665,675,750,450
TXO,202609,20260916.0,45600.0,Call,1030,1250,1020,1020,910.0,▼-180,▼-15.00%,4,6,10,423,352,1010,5400,585
TXO,202609,20260916.0,45600.0,Put,575,705,430,695,695.0,▲+70,▲+11.20%,16,33,49,71,685,695,3320,315
TXO,202609,20260916.0,45650.0,Call,-,-,-,-,890.0,-,-,0,0,0,0,890,900,-,-
TXO,202609,20260916.0,45650.0,Put,520,550,449,449,715.0,▼-196,▼-30.39%,0,14,14,15,705,715,610,449
TXO,202609,20260916.0,45700.0,Call,930,930,930,930,860.0,▼-210,▼-18.42%,11,1,12,412,860,870,4250,565
TXO,202609,20260916.0,45700.0,Put,590,780,464,730,730.0,▲+65,▲+9.77%,44,33,77,120,730,740,3000,340
TXO,202609,20260916.0,45750.0,Call,1120,1120,1120,1120,830.0,▲+10,▲+0.90%,0,2,2,2,745,-,1120,1120
TXO,202609,20260916.0,45750.0,Put,570,640,480,590,760.0,▼-95,▼-13.87%,0,24,24,13,750,760,640,480
TXO,202609,20260916.0,45800.0,Call,1080,1120,780,800,800.0,▼-280,▼-25.93%,21,38,59,441,805,815,3830,500
TXO,202609,20260916.0,45800.0,Put,605,835,478,790,790.0,▲+80,▲+11.27%,79,99,178,75,775,785,4150,370
TXO,202609,20260916.0,45850.0,Call,-,-,-,-,780.0,-,-,0,0,0,0,780,790,-,-
TXO,202609,20260916.0,45850.0,Put,600,820,515,820,820.0,▲+105,▲+14.69%,0,11,11,11,515,885,820,515
TXO,202609,20260916.0,45900.0,Call,830,1000,750,750,750.0,▼-270,▼-26.47%,5,7,12,34,755,765,2030,471
TXO,202609,20260916.0,45900.0,Put,645,830,530,830,830.0,▲+105,▲+14.48%,13,51,64,118,820,830,3530,393
TXO,202609,20260916.0,45950.0,Call,850,885,850,885,730.0,▼-110,▼-11.06%,0,6,6,5,730,740,1080,850
TXO,202609,20260916.0,45950.0,Put,640,735,550,735,855.0,▼-30,▼-3.92%,0,14,14,12,845,855,735,550
TXO,202609,20260916.0,46000.0,Call,950,1010,670,700,700.0,▼-270,▼-27.84%,134,139,273,353,705,715,5040,438
TXO,202609,20260916.0,46000.0,Put,720,935,560,890,890.0,▲+105,▲+13.38%,286,238,524,436,870,880,5600,400
TXO,202609,20260916.0,46050.0,Call,-,-,-,-,680.0,-,-,0,0,0,0,680,690,-,-
TXO,202609,20260916.0,46050.0,Put,675,790,590,790,905.0,▼-20,▼-2.47%,2,15,17,13,895,905,790,590
TXO,202609,20260916.0,46100.0,Call,800,940,630,630,630.0,▼-285,▼-31.15%,22,18,40,77,655,665,3120,417
TXO,202609,20260916.0,46100.0,Put,705,850,610,850,930.0,▲+25,▲+3.03%,52,32,84,104,920,930,3760,430
TXO,202609,20260916.0,46150.0,Call,770,910,630,630,630.0,▼-255,▼-28.81%,0,10,10,8,625,640,910,630
TXO,202609,20260916.0,46150.0,Put,720,980,630,975,975.0,▲+120,▲+14.04%,1,13,14,11,392,1110,980,630
TXO,202609,20260916.0,46200.0,Call,820,890,580,625,605.0,▼-235,▼-27.33%,27,73,100,255,605,615,5360,390
TXO,202609,20260916.0,46200.0,Put,800,990,640,990,990.0,▲+105,▲+11.86%,39,54,93,54,975,985,6310,480
TXO,202609,20260916.0,46250.0,Call,780,850,715,845,585.0,▲+25,▲+3.05%,0,19,19,18,585,595,850,715
TXO,202609,20260916.0,46250.0,Put,775,915,675,915,1020.0,▲+20,▲+2.23%,4,8,12,7,1000,1020,915,675
TXO,202609,20260916.0,46300.0,Call,785,825,550,565,565.0,▼-230,▼-28.93%,26,48,74,132,560,570,1810,400
TXO,202609,20260916.0,46300.0,Put,795,1110,695,1110,1040.0,▲+175,▲+18.72%,9,47,56,107,1030,1050,2520,505
TXO,202609,20260916.0,46350.0,Call,760,795,665,790,540.0,▲+15,▲+1.94%,5,28,33,34,540,550,890,665
TXO,202609,20260916.0,46350.0,Put,950,950,720,720,1070.0,▼-235,▼-24.61%,7,5,12,5,1060,1080,1070,720
TXO,202609,20260916.0,46400.0,Call,755,770,500,520,520.0,▼-235,▼-31.13%,60,115,175,225,520,525,4700,334
TXO,202609,20260916.0,46400.0,Put,845,950,740,950,1100.0,▼-50,▼-5.00%,13,12,25,56,1080,1100,4360,530
TXO,202609,20260916.0,46450.0,Call,725,745,595,735,500.0,▲+5,▲+0.68%,6,25,31,37,500,510,750,550
TXO,202609,20260916.0,46450.0,Put,825,870,765,820,1130.0,▼-190,▼-18.81%,0,9,9,2,1110,1130,870,765
TXO,202609,20260916.0,46500.0,Call,660,725,454,479,479.0,▼-236,▼-33.01%,68,630,698,641,483,488,3900,315
TXO,202609,20260916.0,46500.0,Put,910,1190,775,1140,1170.0,▲+100,▲+9.62%,15,101,116,189,1070,1730,6610,520
TXO,202609,20260916.0,46550.0,Call,600,695,570,630,463.0,▼-60,▼-8.70%,8,17,25,14,463,469,720,505
TXO,202609,20260916.0,46550.0,Put,-,-,-,-,1200.0,-,-,0,0,0,0,5,-,-,-
TXO,202609,20260916.0,46600.0,Call,620,670,428,430,430.0,▼-240,▼-35.82%,92,42,134,138,360,535,3760,307
TXO,202609,20260916.0,46600.0,Put,1030,1070,840,1070,1230.0,▼-20,▼-1.83%,11,26,37,46,1210,1230,6230,610
TXO,202609,20260916.0,46650.0,Call,565,645,530,645,426.0,▼-5,▼-0.77%,1,14,15,15,426,432,645,530
TXO,202609,20260916.0,46650.0,Put,970,970,970,970,1260.0,▼-150,▼-13.39%,0,2,2,2,1240,1260,970,970
TXO,202609,20260916.0,46700.0,Call,600,640,386,386,405.0,▼-239,▼-38.24%,9,86,95,88,311,485,5130,270
TXO,202609,20260916.0,46700.0,Put,1040,1330,1040,1330,1290.0,▲+190,▲+16.67%,2,2,4,33,1270,1290,2350,615
TXO,202609,20260916.0,46750.0,Call,560,595,560,595,389.0,▼-10,▼-1.65%,0,6,6,6,245,540,595,560
TXO,202609,20260916.0,46750.0,Put,-,-,-,-,1320.0,-,-,0,0,0,0,1300,1320,-,-
TXO,202609,20260916.0,46800.0,Call,442,575,356,373,373.0,▼-212,▼-36.24%,82,54,136,375,348,455,3180,293
TXO,202609,20260916.0,46800.0,Put,1060,1420,945,1350,1350.0,▲+150,▲+12.50%,7,13,20,68,1340,1360,7400,655
TXO,202609,20260916.0,46850.0,Call,540,545,351,351,351.0,▼-214,▼-37.88%,1,5,6,4,213,441,545,351
TXO,202609,20260916.0,46850.0,Put,-,-,-,-,1390.0,-,-,0,0,0,0,1370,1390,-,-
TXO,202609,20260916.0,46900.0,Call,515,530,400,407,344.0,▼-138,▼-25.32%,18,106,124,169,344,349,3630,240
TXO,202609,20260916.0,46900.0,Put,1070,1080,1000,1040,1430.0,▼-210,▼-16.80%,10,12,22,25,1400,1430,3700,700
TXO,202609,20260916.0,46950.0,Call,-,-,-,-,326.0,-,-,2,0,2,8,181,900,520,375
TXO,202609,20260916.0,46950.0,Put,-,-,-,-,1470.0,-,-,0,0,0,0,1.2,1470,-,-
TXO,202609,20260916.0,47000.0,Call,478,505,300,312,312.0,▼-184,▼-37.10%,312,178,490,833,305,395,5010,220
TXO,202609,20260916.0,47000.0,Put,1180,1520,1060,1520,1520.0,▲+200,▲+15.15%,12,45,57,461,1470,1500,6680,730
TXO,202609,20260916.0,47050.0,Call,-,-,-,-,297.0,-,-,2,0,2,11,214,875,645,435
TXO,202609,20260916.0,47050.0,Put,-,-,-,-,1530.0,-,-,0,0,0,0,1500,1540,-,-
TXO,202609,20260916.0,47100.0,Call,445,450,201,290,290.0,▼-181,▼-38.43%,18,21,39,272,285,290,3480,201
TXO,202609,20260916.0,47100.0,Put,1150,1150,1150,1150,1570.0,▼-240,▼-17.27%,0,190,190,203,1460,1580,2860,820
TXO,202609,20260916.0,47150.0,Call,377,377,269,269,269.0,▼-186,▼-40.88%,2,2,4,3,272,277,525,269
TXO,202609,20260916.0,47150.0,Put,-,-,-,-,1610.0,-,-,0,0,0,0,1580,1610,-,-
TXO,202609,20260916.0,47200.0,Call,411,411,260,260,260.0,▼-179,▼-40.77%,72,31,103,293,261,266,3600,194
TXO,202609,20260916.0,47200.0,Put,1300,1310,1300,1310,1650.0,▼-140,▼-9.66%,1,3,4,16,1520,1940,6660,895
TXO,202609,20260916.0,47250.0,Call,-,-,-,-,247.0,-,-,5,0,5,1,247,252,450,287
TXO,202609,20260916.0,47250.0,Put,-,-,-,-,1680.0,-,-,0,0,0,0,1650,1690,-,-
TXO,202609,20260916.0,47300.0,Call,323,353,232,232,232.0,▼-168,▼-42.00%,4,5,9,117,236,241,3600,178
TXO,202609,20260916.0,47300.0,Put,1370,1370,1330,1360,1720.0,▼-160,▼-10.53%,1,4,5,12,1690,1730,2830,885
TXO,202609,20260916.0,47350.0,Call,362,362,362,362,226.0,▼-30,▼-7.65%,4,3,7,4,226,231,362,359
TXO,202609,20260916.0,47350.0,Put,-,-,-,-,1760.0,-,-,0,0,0,0,1730,1760,-,-
TXO,202609,20260916.0,47400.0,Call,359,359,250,250,214.0,▼-127,▼-33.69%,12,15,27,95,214,219,4760,168
TXO,202609,20260916.0,47400.0,Put,1610,1610,1610,1610,1800.0,▲+10,▲+0.63%,1,1,2,3,1670,1820,6660,960
TXO,202609,20260916.0,47450.0,Call,288,333,284,313,203.0,▼-50,▼-13.77%,0,29,29,27,203,208,525,284
TXO,202609,20260916.0,47450.0,Put,-,-,-,-,1840.0,-,-,0,0,0,0,1810,1840,-,-
TXO,202609,20260916.0,47500.0,Call,318,330,190,195,195.0,▼-145,▼-42.65%,84,160,244,706,195,197,2240,155
TXO,202609,20260916.0,47500.0,Put,-,-,-,-,1880.0,-,-,2,0,2,20,1570,1900,2730,960
TXO,202609,20260916.0,47550.0,Call,193,193,188,188,188.0,▼-147,▼-43.88%,0,4,4,4,184,189,193,188
TXO,202609,20260916.0,47550.0,Put,-,-,-,-,1920.0,-,-,0,0,0,0,1890,1920,-,-
TXO,202609,20260916.0,47600.0,Call,298,298,176,179,179.0,▼-143,▼-44.41%,19,29,48,148,176,181,2000,140
TXO,202609,20260916.0,47600.0,Put,-,-,-,-,1960.0,-,-,0,0,0,1,1870,1960,6960,1240
TXO,202609,20260916.0,47650.0,Call,202,202,202,202,167.0,▼-107,▼-34.63%,1,2,3,3,167,172,202,201
TXO,202609,20260916.0,47650.0,Put,-,-,-,-,2000.0,-,-,0,0,0,0,1970,2000,-,-
TXO,202609,20260916.0,47700.0,Call,268,268,155,160,160.0,▼-134,▼-45.58%,24,69,93,146,159,161,1730,133
TXO,202609,20260916.0,47700.0,Put,-,-,-,-,2040.0,-,-,0,0,0,0,1740,2050,1880,1600
TXO,202609,20260916.0,47750.0,Call,197,248,153,153,153.0,▼-122,▼-44.36%,6,10,16,15,151,156,348,153
TXO,202609,20260916.0,47750.0,Put,-,-,-,-,2090.0,-,-,0,0,0,0,2050,2090,-,-
TXO,202609,20260916.0,47800.0,Call,251,251,146,146,146.0,▼-126,▼-46.32%,24,53,77,193,145,147,2000,124
TXO,202609,20260916.0,47800.0,Put,-,-,-,-,2130.0,-,-,0,0,0,5,1800,2150,6790,1320
TXO,202609,20260916.0,47850.0,Call,-,-,-,-,137.0,-,-,0,0,0,10,137,140,319,249
TXO,202609,20260916.0,47850.0,Put,-,-,-,-,2170.0,-,-,0,0,0,0,2140,2170,-,-
TXO,202609,20260916.0,47900.0,Call,227,227,133,133,133.0,▼-122,▼-47.84%,13,7,20,88,130,133,1000,114
TXO,202609,20260916.0,47900.0,Put,-,-,-,-,2220.0,-,-,0,0,0,1,1890,2220,2830,1310
TXO,202609,20260916.0,47950.0,Call,154,201,154,193,124.0,▼-49,▼-20.25%,1,12,13,22,124,127,348,154
TXO,202609,20260916.0,47950.0,Put,2070,2280,1790,2270,2270.0,▲+260,▲+12.94%,6,41,47,36,2210,2260,2370,1790
TXO,202609,20260916.0,48000.0,Call,219,219,117,118,118.0,▼-110,▼-48.25%,217,348,565,1524,117,120,3130,104
TXO,202609,20260916.0,48000.0,Put,1930,2050,1920,1920,2300.0,▼-130,▼-6.34%,1,3,4,18,1990,2380,7110,1380
TXO,202609,20260916.0,48050.0,Call,148,188,138,155,111.0,▼-71,▼-31.42%,2,7,9,11,111,114,272,138
TXO,202609,20260916.0,48050.0,Put,-,-,-,-,2350.0,-,-,0,0,0,0,1,2350,-,-
TXO,202609,20260916.0,48100.0,Call,153,177,110,110,110.0,▼-97,▼-46.86%,37,38,75,201,106,109,2800,1.1
TXO,202609,20260916.0,48100.0,Put,-,-,-,-,2390.0,-,-,0,0,0,3,2080,2420,4850,1380
TXO,202609,20260916.0,48150.0,Call,180,180,102,102,102.0,▼-95,▼-48.22%,0,2,2,1,101,104,247,102
TXO,202609,20260916.0,48150.0,Put,-,-,-,-,2440.0,-,-,0,0,0,0,1,2440,-,-
TXO,202609,20260916.0,48200.0,Call,169,169,94,94,94.0,▼-94,▼-50.00%,10,20,30,244,95,98,2850,88
TXO,202609,20260916.0,48200.0,Put,-,-,-,-,2480.0,-,-,0,0,0,3,2380,2750,7310,1520
TXO,202609,20260916.0,48250.0,Call,159,167,90,90,90.0,▼-96,▼-51.61%,9,20,29,11,91,94,230,90
TXO,202609,20260916.0,48250.0,Put,-,-,-,-,2530.0,-,-,0,0,0,0,2490,2530,-,-
TXO,202609,20260916.0,48300.0,Call,135,158,90,90,90.0,▼-88,▼-49.44%,10,61,71,136,86,88,815,82
TXO,202609,20260916.0,48300.0,Put,-,-,-,-,2570.0,-,-,0,0,0,3,2450,2840,2520,2130
TXO,202609,20260916.0,48350.0,Call,147,147,100,138,82.0,▼-32,▼-18.82%,0,10,10,3,82,84,200,100
TXO,202609,20260916.0,48350.0,Put,-,-,-,-,2620.0,-,-,0,0,0,0,1,2620,-,-
TXO,202609,20260916.0,48400.0,Call,137,142,97,124,78.0,▼-31,▼-20.00%,15,43,58,127,78,80,1980,68
TXO,202609,20260916.0,48400.0,Put,-,-,-,-,2660.0,-,-,0,0,0,9,2550,2930,7590,2240
TXO,202609,20260916.0,48500.0,Call,131,131,70,70,70.0,▼-78,▼-52.70%,115,183,298,433,70,74,990,65
TXO,202609,20260916.0,48500.0,Put,2780,2790,2760,2760,2760.0,▲+290,▲+11.74%,0,3,3,4,2600,2770,3500,1680
TXO,202609,20260916.0,48600.0,Call,113,122,64,64,64.0,▼-71,▼-52.59%,10,44,54,97,23.5,182,750,59
TXO,202609,20260916.0,48600.0,Put,-,-,-,-,2850.0,-,-,0,0,0,9,2740,3140,7740,2010
TXO,202609,20260916.0,48700.0,Call,105,111,59,59,59.0,▼-61,▼-50.83%,32,41,73,84,57,60,1770,51
TXO,202609,20260916.0,48700.0,Put,-,-,-,-,2940.0,-,-,0,0,0,1,2910,2940,2600,2080
TXO,202609,20260916.0,48800.0,Call,96,97,55,55,55.0,▼-57,▼-50.89%,52,79,131,82,52,54,2200,47
TXO,202609,20260916.0,48800.0,Put,-,-,-,-,3040.0,-,-,0,0,0,2,2940,3060,4910,3080
TXO,202609,20260916.0,48900.0,Call,88,88,54,66,47.5,▼-27,▼-29.03%,33,40,73,208,47.5,49.5,3930,42
TXO,202609,20260916.0,48900.0,Put,-,-,-,-,3130.0,-,-,0,0,0,0,3100,3130,2250,2240
TXO,202609,20260916.0,49000.0,Call,78,81,44,45,45.0,▼-45,▼-50.00%,142,175,317,1129,44,45,3880,39.5
TXO,202609,20260916.0,49000.0,Put,-,-,-,-,3230.0,-,-,0,0,0,10,3100,3520,8740,2100
TXO,202609,20260916.0,49100.0,Call,50,71,40,40,40.0,▼-45,▼-52.94%,7,35,42,95,39.5,41,3500,36.5
TXO,202609,20260916.0,49100.0,Put,-,-,-,-,3330.0,-,-,0,0,0,2,3230,3350,4510,2450
TXO,202609,20260916.0,49200.0,Call,65,65,37,37,37.0,▼-40,▼-51.95%,38,84,122,54,36.5,38,2080,35
TXO,202609,20260916.0,49200.0,Put,-,-,-,-,3420.0,-,-,0,0,0,5,3310,3450,5160,2500
TXO,202609,20260916.0,49300.0,Call,63,63,34,34,34.0,▼-30,▼-46.88%,33,38,71,76,33.5,35,1560,30
TXO,202609,20260916.0,49300.0,Put,-,-,-,-,3520.0,-,-,0,0,0,3,3400,3810,4670,3420
TXO,202609,20260916.0,49400.0,Call,55,55,35,35,30.5,▼-26,▼-42.62%,19,24,43,35,30.5,32,2710,31.5
TXO,202609,20260916.0,49400.0,Put,-,-,-,-,3610.0,-,-,0,0,0,0,3580,3610,3200,3150
TXO,202609,20260916.0,49500.0,Call,52,52,29,29.5,29.5,▼-27.5,▼-48.25%,129,155,284,179,28.5,29.5,1060,27
TXO,202609,20260916.0,49500.0,Put,-,-,-,-,3710.0,-,-,0,0,0,1,3680,3710,4780,4780
TXO,202609,20260916.0,49600.0,Call,44,44,26,26,26.0,▼-26,▼-50.00%,18,34,52,46,26.5,27.5,1160,23
TXO,202609,20260916.0,49600.0,Put,-,-,-,-,3810.0,-,-,0,0,0,2,3710,3840,4850,2920
TXO,202609,20260916.0,49700.0,Call,36,38.5,27,27,24.5,▼-20.5,▼-43.16%,20,7,27,44,24.5,25.5,505,22.5
TXO,202609,20260916.0,49700.0,Put,-,-,-,-,3910.0,-,-,0,0,0,3,3800,4190,4920,4920
TXO,202609,20260916.0,49800.0,Call,41,41,25.5,25.5,23.0,▼-18.5,▼-42.05%,26,30,56,88,23,24,1760,23.5
TXO,202609,20260916.0,49800.0,Put,-,-,-,-,4010.0,-,-,0,0,0,0,3970,4000,3100,2980
TXO,202609,20260916.0,49900.0,Call,30.5,35.5,28,35,21.5,▼-3,▼-7.89%,3,25,28,94,21.5,22.5,2050,23
TXO,202609,20260916.0,49900.0,Put,-,-,-,-,4110.0,-,-,0,0,0,0,4070,4100,-,-
TXO,202609,20260916.0,50000.0,Call,35,35,20,20.5,20.5,▼-16.5,▼-44.59%,468,484,952,2833,20,21,3370,18
TXO,202609,20260916.0,50000.0,Put,-,-,-,-,4210.0,-,-,0,0,0,2,4070,4480,5300,3130
TXO,202609,20260916.0,50100.0,Call,30,31,23,23,18.5,▼-8.5,▼-26.98%,6,8,14,156,18.5,19.5,3360,0.6
TXO,202609,20260916.0,50100.0,Put,-,-,-,-,4300.0,-,-,0,0,0,0,4260,4300,-,-
TXO,202609,20260916.0,50200.0,Call,22.5,27,18.5,18.5,18.5,▼-12.5,▼-40.32%,20,22,42,128,17.5,18.5,1800,16
TXO,202609,20260916.0,50200.0,Put,-,-,-,-,4400.0,-,-,0,0,0,0,4180,4400,-,-
TXO,202609,20260916.0,50300.0,Call,26,26,18,18,16.5,▼-10.5,▼-36.84%,6,8,14,35,16.5,17.5,1200,16
TXO,202609,20260916.0,50300.0,Put,-,-,-,-,4500.0,-,-,0,0,0,0,4460,4500,-,-
TXO,202609,20260916.0,50400.0,Call,24,24,16.5,17,16.0,▼-9.5,▼-35.85%,0,9,9,46,16,17,3140,13.5
TXO,202609,20260916.0,50400.0,Put,-,-,-,-,4600.0,-,-,0,0,0,0,4560,4600,7650,5430
TXO,202609,20260916.0,50500.0,Call,22,23,15.5,15.5,15.5,▼-9,▼-36.73%,18,142,160,311,15,16,1080,14.5
TXO,202609,20260916.0,50500.0,Put,-,-,-,-,4700.0,-,-,0,0,0,0,4660,4700,-,-
TXO,202609,20260916.0,50600.0,Call,16,21.5,16,16,14.0,▼-6.5,▼-28.89%,19,6,25,40,14,15,1760,15.5
TXO,202609,20260916.0,50600.0,Put,-,-,-,-,4800.0,-,-,0,0,0,0,4760,4800,-,-
TXO,202609,20260916.0,50700.0,Call,-,-,-,-,13.5,-,-,4,0,4,37,13.5,14.5,1490,14
TXO,202609,20260916.0,50700.0,Put,-,-,-,-,4900.0,-,-,0,0,0,0,4670,4900,-,-
TXO,202609,20260916.0,50800.0,Call,15.5,15.5,15.5,15.5,13.0,▼-4,▼-20.51%,0,1,1,450,13,14,2580,14
TXO,202609,20260916.0,50800.0,Put,-,-,-,-,5000.0,-,-,0,0,0,0,4960,4990,-,-
TXO,202609,20260916.0,50900.0,Call,-,-,-,-,12.5,-,-,2,0,2,70,12.5,13.5,1050,14
TXO,202609,20260916.0,50900.0,Put,-,-,-,-,5100.0,-,-,0,0,0,0,-,5100,-,-
TXO,202609,20260916.0,51000.0,Call,13.5,16,12.5,12.5,12.5,▼-3.5,▼-21.88%,82,159,241,795,11.5,12.5,2360,6.3
TXO,202609,20260916.0,51000.0,Put,-,-,-,-,5200.0,-,-,0,0,0,1,5160,5200,5060,5050
TXO,202609,20260916.0,51100.0,Call,17.5,17.5,12,15,11.0,▼-0.5,▼-3.23%,0,13,13,217,11,12,1820,11
TXO,202609,20260916.0,51100.0,Put,-,-,-,-,5300.0,-,-,0,0,0,0,-,5300,-,-
TXO,202609,20260916.0,51200.0,Call,17,17,12.5,12.5,11.0,▼-2.5,▼-16.67%,2,14,16,230,11,11.5,2430,10
TXO,202609,20260916.0,51200.0,Put,-,-,-,-,5400.0,-,-,0,0,0,0,-,5400,-,-
TXO,202609,20260916.0,51300.0,Call,12,12,10.5,10.5,10.5,▼-3.5,▼-25.00%,0,2,2,327,10.5,11,840,9.3
TXO,202609,20260916.0,51300.0,Put,-,-,-,-,5500.0,-,-,0,0,0,0,-,5500,-,-
TXO,202609,20260916.0,51400.0,Call,14,14,14,14,10.0,▲+1,▲+7.69%,0,10,10,9,10,10.5,1830,13
TXO,202609,20260916.0,51400.0,Put,-,-,-,-,5590.0,-,-,0,0,0,0,-,5600,-,-
TXO,202609,20260916.0,51500.0,Call,13.5,13.5,13.5,13.5,9.6,▲+1,▲+8.00%,4,10,14,90,9.6,10,920,9
TXO,202609,20260916.0,51500.0,Put,-,-,-,-,5690.0,-,-,0,0,0,0,-,5700,-,-
TXO,202609,20260916.0,51600.0,Call,10,11.5,10,11.5,9.5,▼-0.5,▼-4.17%,0,2,2,12,9.4,10,810,10
TXO,202609,20260916.0,51600.0,Put,-,-,-,-,5790.0,-,-,0,0,0,0,-,5800,-,-
TXO,202609,20260916.0,51700.0,Call,-,-,-,-,9.1,-,-,0,0,0,7,9,9.6,550,11
TXO,202609,20260916.0,51700.0,Put,-,-,-,-,5890.0,-,-,0,0,0,0,5850,5890,-,-
TXO,202609,20260916.0,51800.0,Call,-,-,-,-,8.9,-,-,0,0,0,8,8.8,9.4,1850,12.5
TXO,202609,20260916.0,51800.0,Put,-,-,-,-,5990.0,-,-,0,0,0,0,5950,5990,-,-
TXO,202609,20260916.0,51900.0,Call,8.8,8.8,8.8,8.8,8.8,▼-1.7,▼-16.19%,0,4,4,8,8.5,9.1,590,8.8
TXO,202609,20260916.0,51900.0,Put,-,-,-,-,6090.0,-,-,0,0,0,0,6050,6090,-,-
TXO,202609,20260916.0,52000.0,Call,9.4,10.5,8.5,10.5,8.2,▲+0.6,▲+6.06%,23,69,92,622,8.1,8.7,2210,8
TXO,202609,20260916.0,52000.0,Put,-,-,-,-,6190.0,-,-,0,0,0,0,6150,6190,-,-
TXO,202609,20260916.0,52100.0,Call,-,-,-,-,8.0,-,-,0,0,0,19,8,8.5,590,10
TXO,202609,20260916.0,52100.0,Put,-,-,-,-,6290.0,-,-,0,0,0,0,6250,6290,-,-
TXO,202609,20260916.0,52200.0,Call,-,-,-,-,7.7,-,-,0,0,0,20,7.7,8.1,2340,7.7
TXO,202609,20260916.0,52200.0,Put,-,-,-,-,6390.0,-,-,0,0,0,0,-,6400,-,-
TXO,202609,20260916.0,52300.0,Call,-,-,-,-,7.5,-,-,0,0,0,9,7.5,7.9,1880,9.5
TXO,202609,20260916.0,52300.0,Put,-,-,-,-,6490.0,-,-,0,0,0,0,-,6500,-,-
TXO,202609,20260916.0,52400.0,Call,-,-,-,-,7.4,-,-,0,0,0,16,7.3,7.8,1880,16.5
TXO,202609,20260916.0,52400.0,Put,-,-,-,-,6590.0,-,-,0,0,0,0,-,6600,-,-
TXO,202609,20260916.0,52500.0,Call,8,8,8,8,7.2,▼-0.5,▼-5.88%,0,1,1,124,7.1,7.6,550,7.6
TXO,202609,20260916.0,52500.0,Put,-,-,-,-,6690.0,-,-,0,0,0,0,-,6700,-,-
TXO,202609,20260916.0,52600.0,Call,-,-,-,-,7.0,-,-,0,0,0,62,7,7.4,1390,10
TXO,202609,20260916.0,52600.0,Put,-,-,-,-,6790.0,-,-,0,0,0,0,-,6800,-,-
TXO,202609,20260916.0,52700.0,Call,8.4,8.4,8.4,8.4,6.8,▲+0.4,▲+5.00%,0,1,1,18,6.8,7.2,1890,8.4
TXO,202609,20260916.0,52700.0,Put,-,-,-,-,6890.0,-,-,0,0,0,0,-,6900,-,-
TXO,202609,20260916.0,52800.0,Call,-,-,-,-,6.6,-,-,0,0,0,16,6.6,7,1930,8.5
TXO,202609,20260916.0,52800.0,Put,-,-,-,-,6990.0,-,-,0,0,0,0,-,7000,-,-
TXO,202609,20260916.0,52900.0,Call,-,-,-,-,6.5,-,-,0,0,0,27,6.4,6.9,580,13.5
TXO,202609,20260916.0,52900.0,Put,-,-,-,-,7090.0,-,-,0,0,0,0,-,7100,-,-
TXO,202609,20260916.0,53000.0,Call,6.2,6.4,6.2,6.4,6.4,▼-0.9,▼-12.33%,3,3,6,237,6.3,6.7,1240,1.1
TXO,202609,20260916.0,53000.0,Put,-,-,-,-,7190.0,-,-,0,0,0,0,-,7200,-,-
TXO,202609,20260916.0,53100.0,Call,-,-,-,-,6.2,-,-,0,0,0,31,6.1,6.5,580,7.5
TXO,202609,20260916.0,53100.0,Put,-,-,-,-,7290.0,-,-,0,0,0,0,-,7300,-,-
TXO,202609,20260916.0,53200.0,Call,-,-,-,-,6.1,-,-,0,0,0,12,6,6.5,1500,7.7
TXO,202609,20260916.0,53200.0,Put,-,-,-,-,7390.0,-,-,0,0,0,0,-,7400,-,-
TXO,202609,20260916.0,53300.0,Call,-,-,-,-,5.9,-,-,0,0,0,4,5.8,6.2,580,6.8
TXO,202609,20260916.0,53300.0,Put,-,-,-,-,7490.0,-,-,0,0,0,0,-,7500,-,-
TXO,202609,20260916.0,53400.0,Call,-,-,-,-,5.8,-,-,0,0,0,7,5.7,6.1,1000,7.9
TXO,202609,20260916.0,53400.0,Put,-,-,-,-,7590.0,-,-,0,0,0,0,-,7600,-,-
TXO,202609,20260916.0,53500.0,Call,6.2,6.2,6.2,6.2,5.7,▼-0.4,▼-6.06%,0,2,2,104,5.6,6,600,6.2
TXO,202609,20260916.0,53500.0,Put,-,-,-,-,7690.0,-,-,0,0,0,0,-,7700,-,-
TXO,202609,20260916.0,53600.0,Call,6.7,6.7,5.2,5.2,5.6,▼-1.3,▼-20.00%,0,4,4,6,5.5,5.9,1340,5.2
TXO,202609,20260916.0,53600.0,Put,-,-,-,-,7790.0,-,-,0,0,0,0,-,7800,-,-
TXO,202609,20260916.0,53700.0,Call,-,-,-,-,5.5,-,-,0,0,0,21,5.4,5.8,550,11.5
TXO,202609,20260916.0,53700.0,Put,-,-,-,-,7890.0,-,-,0,0,0,0,-,7900,-,-
TXO,202609,20260916.0,53800.0,Call,5.4,5.4,5.4,5.4,5.4,▼-0.9,▼-14.29%,0,3,3,12,5.2,5.6,1240,5.4
TXO,202609,20260916.0,53800.0,Put,-,-,-,-,7990.0,-,-,0,0,0,0,-,8000,-,-
TXO,202609,20260916.0,53900.0,Call,-,-,-,-,5.2,-,-,0,0,0,22,5.1,5.5,99,6.1
TXO,202609,20260916.0,53900.0,Put,-,-,-,-,8090.0,-,-,0,0,0,0,8040,8100,-,-
TXO,202609,20260916.0,54000.0,Call,-,-,-,-,5.1,-,-,0,0,0,186,5,5.4,1400,5.9
TXO,202609,20260916.0,54000.0,Put,-,-,-,-,8190.0,-,-,0,0,0,1,8040,8210,9240,9240
TXO,202609,20260916.0,54100.0,Call,-,-,-,-,5.0,-,-,2,0,2,28,4.9,5.4,100,5.6
TXO,202609,20260916.0,54100.0,Put,-,-,-,-,8290.0,-,-,0,0,0,0,8240,8300,-,-
TXO,202609,20260916.0,54200.0,Call,-,-,-,-,4.9,-,-,0,0,0,31,4.8,5.2,250,5.6
TXO,202609,20260916.0,54200.0,Put,-,-,-,-,8390.0,-,-,0,0,0,0,8340,8400,-,-
TXO,202609,20260916.0,54300.0,Call,-,-,-,-,4.8,-,-,0,0,0,24,4.7,5.2,195,9.6
TXO,202609,20260916.0,54300.0,Put,-,-,-,-,8490.0,-,-,0,0,0,0,8440,8490,-,-
TXO,202609,20260916.0,54400.0,Call,-,-,-,-,4.7,-,-,0,0,0,27,4.6,5,1040,9.5
TXO,202609,20260916.0,54400.0,Put,-,-,-,-,8590.0,-,-,0,0,0,0,8540,8590,-,-
TXO,202609,20260916.0,54500.0,Call,-,-,-,-,4.6,-,-,8,0,8,134,4.5,4.9,300,4.3
TXO,202609,20260916.0,54500.0,Put,-,-,-,-,8690.0,-,-,0,0,0,0,8640,8690,-,-
TXO,202609,20260916.0,54600.0,Call,-,-,-,-,4.5,-,-,10,0,10,58,4.4,4.8,1680,5
TXO,202609,20260916.0,54600.0,Put,-,-,-,-,8790.0,-,-,0,0,0,0,8740,8790,-,-
TXO,202609,20260916.0,54700.0,Call,-,-,-,-,4.4,-,-,23,0,23,40,4.3,4.7,382,4.9
TXO,202609,20260916.0,54700.0,Put,-,-,-,-,8890.0,-,-,0,0,0,0,-,8900,-,-
TXO,202609,20260916.0,54800.0,Call,-,-,-,-,4.4,-,-,0,0,0,26,4.2,4.7,370,8.6
TXO,202609,20260916.0,54800.0,Put,-,-,-,-,8990.0,-,-,0,0,0,0,-,9000,-,-
TXO,202609,20260916.0,54900.0,Call,4.9,4.9,4.9,4.9,4.2,▼-0.3,▼-5.77%,0,2,2,12,4.1,4.5,205,4.9
TXO,202609,20260916.0,54900.0,Put,-,-,-,-,9090.0,-,-,0,0,0,0,-,9100,-,-
TXO,202609,20260916.0,55000.0,Call,4.3,4.3,4.3,4.3,4.1,▼-0.7,▼-14.00%,2,5,7,322,4,4.4,1240,0.5
TXO,202609,20260916.0,55000.0,Put,-,-,-,-,9190.0,-,-,0,0,0,1,9140,9210,10230,10230
TXO,202609,20260916.0,55200.0,Call,-,-,-,-,4.0,-,-,0,0,0,9,3.9,4.3,350,7
TXO,202609,20260916.0,55200.0,Put,-,-,-,-,9390.0,-,-,0,0,0,0,-,9390,-,-
TXO,202609,20260916.0,55400.0,Call,-,-,-,-,3.8,-,-,0,0,0,32,3.7,4.1,800,5.6
TXO,202609,20260916.0,55400.0,Put,-,-,-,-,9590.0,-,-,0,0,0,176,9360,9700,12880,9200
TXO,202609,20260916.0,55600.0,Call,-,-,-,-,3.6,-,-,0,0,0,15,3.5,3.9,1400,4.4
TXO,202609,20260916.0,55600.0,Put,-,-,-,-,9790.0,-,-,0,0,0,0,-,9840,-,-
TXO,202609,20260916.0,55800.0,Call,3.5,3.9,3.4,3.4,3.4,▼-0.8,▼-19.05%,24,8,32,924,3.3,3.7,1350,2.5
TXO,202609,20260916.0,55800.0,Put,-,-,-,-,9990.0,-,-,0,0,0,0,9910,10040,-,-
TXO,202610,20261021.0,33900.0,Call,-,-,-,-,12120.0,-,-,0,0,0,0,12070,12180,-,-
TXO,202610,20261021.0,33900.0,Put,39,42.5,34,42.5,41.5,▲+5,▲+13.33%,18,20,38,192,39.5,43,400,30
TXO,202610,20261021.0,34000.0,Call,-,-,-,-,12020.0,-,-,0,0,0,0,11970,12080,-,-
TXO,202610,20261021.0,34000.0,Put,36,36,35,35,41.5,▼-5.5,▼-13.58%,0,5,5,33,39.5,43.5,780,35
TXO,202610,20261021.0,34100.0,Call,-,-,-,-,11920.0,-,-,0,0,0,0,11870,11980,-,-
TXO,202610,20261021.0,34100.0,Put,-,-,-,-,42.5,-,-,0,0,0,9,40.5,44,105,56
TXO,202610,20261021.0,34200.0,Call,-,-,-,-,11830.0,-,-,0,0,0,0,11770,11880,-,-
TXO,202610,20261021.0,34200.0,Put,-,-,-,-,43.0,-,-,0,0,0,4,41,45,810,32
TXO,202610,20261021.0,34300.0,Call,-,-,-,-,11730.0,-,-,0,0,0,0,11670,-,-,-
TXO,202610,20261021.0,34300.0,Put,-,-,-,-,44.0,-,-,0,0,0,0,42,45.5,-,-
TXO,202610,20261021.0,34400.0,Call,-,-,-,-,11630.0,-,-,0,0,0,0,11580,11680,-,-
TXO,202610,20261021.0,34400.0,Put,-,-,-,-,44.5,-,-,0,0,0,3,42.5,46.5,200,112
TXO,202610,20261021.0,34500.0,Call,-,-,-,-,11530.0,-,-,0,0,0,0,11480,-,-,-
TXO,202610,20261021.0,34500.0,Put,-,-,-,-,45.5,-,-,0,0,0,24,43.5,47,116,54
TXO,202610,20261021.0,34600.0,Call,-,-,-,-,11430.0,-,-,0,0,0,0,11380,-,-,-
TXO,202610,20261021.0,34600.0,Put,40,40,40,40,46.5,▼-6,▼-13.04%,0,2,2,8,44.5,48,299,34
TXO,202610,20261021.0,34700.0,Call,-,-,-,-,11330.0,-,-,0,0,0,0,11280,-,-,-
TXO,202610,20261021.0,34700.0,Put,-,-,-,-,47.0,-,-,0,0,0,1,45,49,805,36.5
TXO,202610,20261021.0,34800.0,Call,-,-,-,-,11230.0,-,-,0,0,0,0,11180,-,-,-
TXO,202610,20261021.0,34800.0,Put,-,-,-,-,48.0,-,-,2,0,2,6,46,49.5,314,36.5
TXO,202610,20261021.0,34900.0,Call,-,-,-,-,11130.0,-,-,0,0,0,0,11080,-,-,-
TXO,202610,20261021.0,34900.0,Put,-,-,-,-,49.0,-,-,0,0,0,1,47,51,488,38.5
TXO,202610,20261021.0,35000.0,Call,-,-,-,-,11030.0,-,-,0,0,0,0,10980,-,-,-
TXO,202610,20261021.0,35000.0,Put,50,50,45,45,50.0,▼-4.5,▼-9.09%,5,27,32,76,48,52,1060,35.5
TXO,202610,20261021.0,35100.0,Call,-,-,-,-,10940.0,-,-,0,0,0,0,10880,10990,-,-
TXO,202610,20261021.0,35100.0,Put,-,-,-,-,51.0,-,-,0,0,0,11,49,53,505,40
TXO,202610,20261021.0,35200.0,Call,-,-,-,-,10840.0,-,-,0,0,0,0,10790,10890,-,-
TXO,202610,20261021.0,35200.0,Put,-,-,-,-,52.0,-,-,0,0,0,8,50,54,151,39
TXO,202610,20261021.0,35300.0,Call,-,-,-,-,10740.0,-,-,0,0,0,0,10690,10790,-,-
TXO,202610,20261021.0,35300.0,Put,-,-,-,-,53.0,-,-,0,0,0,15,51,55,1070,40.5
TXO,202610,20261021.0,35400.0,Call,-,-,-,-,10640.0,-,-,0,0,0,0,10590,-,-,-
TXO,202610,20261021.0,35400.0,Put,-,-,-,-,54.0,-,-,0,0,0,4,52,56,1000,41
TXO,202610,20261021.0,35500.0,Call,-,-,-,-,10540.0,-,-,0,0,0,0,10500,-,-,-
TXO,202610,20261021.0,35500.0,Put,-,-,-,-,55.0,-,-,19,0,19,36,53,57,550,43
TXO,202610,20261021.0,35600.0,Call,-,-,-,-,10440.0,-,-,0,0,0,0,10390,-,-,-
TXO,202610,20261021.0,35600.0,Put,49,49,49,49,56.0,▼-7,▼-12.50%,0,4,4,11,54,58,150,44
TXO,202610,20261021.0,35700.0,Call,-,-,-,-,10340.0,-,-,0,0,0,0,10310,-,-,-
TXO,202610,20261021.0,35700.0,Put,-,-,-,-,57.0,-,-,0,0,0,5,55,59,300,44
TXO,202610,20261021.0,35800.0,Call,-,-,-,-,10240.0,-,-,0,0,0,0,10200,-,-,-
TXO,202610,20261021.0,35800.0,Put,52,52,52,52,58.0,▼-6,▼-10.34%,0,3,3,3,56,60,405,52
TXO,202610,20261021.0,35900.0,Call,-,-,-,-,10150.0,-,-,0,0,0,0,10100,-,-,-
TXO,202610,20261021.0,35900.0,Put,51,51,51,51,60.0,▼-8,▼-13.56%,0,4,4,4,57,62,182,51
TXO,202610,20261021.0,36000.0,Call,-,-,-,-,10050.0,-,-,0,0,0,0,10000,-,-,-
TXO,202610,20261021.0,36000.0,Put,54,62,53,60,60.0,▲+1,▲+1.69%,2,7,9,52,59,63,1380,45
TXO,202610,20261021.0,36100.0,Call,-,-,-,-,9950.0,-,-,0,0,0,0,9900,10000,-,-
TXO,202610,20261021.0,36100.0,Put,-,-,-,-,62.0,-,-,2,0,2,2,60,64,690,61
TXO,202610,20261021.0,36200.0,Call,-,-,-,-,9850.0,-,-,0,0,0,0,9820,9900,-,-
TXO,202610,20261021.0,36200.0,Put,56,56,56,56,65.0,▼-7,▼-11.11%,0,1,1,12,62,67,1120,47.5
TXO,202610,20261021.0,36300.0,Call,-,-,-,-,9750.0,-,-,0,0,0,0,9720,9800,-,-
TXO,202610,20261021.0,36300.0,Put,-,-,-,-,65.0,-,-,0,0,0,2,62,67,915,50
TXO,202610,20261021.0,36400.0,Call,-,-,-,-,9660.0,-,-,0,0,0,0,9610,-,-,-
TXO,202610,20261021.0,36400.0,Put,61,66,57,66,66.0,0,0%,0,16,16,22,65,70,401,51
TXO,202610,20261021.0,36500.0,Call,-,-,-,-,9560.0,-,-,0,0,0,0,9510,9600,-,-
TXO,202610,20261021.0,36500.0,Put,-,-,-,-,68.0,-,-,14,0,14,26,65,70,1510,53
TXO,202610,20261021.0,36600.0,Call,-,-,-,-,9460.0,-,-,0,0,0,0,9410,-,-,-
TXO,202610,20261021.0,36600.0,Put,-,-,-,-,70.0,-,-,0,0,0,20,67,72,1110,63
TXO,202610,20261021.0,36700.0,Call,-,-,-,-,9360.0,-,-,0,0,0,0,9330,9410,-,-
TXO,202610,20261021.0,36700.0,Put,-,-,-,-,71.0,-,-,0,0,0,2,69,73,710,138
TXO,202610,20261021.0,36800.0,Call,-,-,-,-,9260.0,-,-,0,0,0,0,9220,-,-,-
TXO,202610,20261021.0,36800.0,Put,-,-,-,-,73.0,-,-,0,0,0,1,70,75,497,111
TXO,202610,20261021.0,36900.0,Call,-,-,-,-,9160.0,-,-,0,0,0,0,9120,-,-,-
TXO,202610,20261021.0,36900.0,Put,-,-,-,-,75.0,-,-,0,0,0,6,72,77,1620,57
TXO,202610,20261021.0,37000.0,Call,-,-,-,-,9070.0,-,-,0,0,0,0,9020,-,-,-
TXO,202610,20261021.0,37000.0,Put,72,77,66,75,75.0,▲+1,▲+1.35%,0,19,19,70,74,79,1010,55
TXO,202610,20261021.0,37100.0,Call,-,-,-,-,8970.0,-,-,0,0,0,0,8920,-,-,-
TXO,202610,20261021.0,37100.0,Put,-,-,-,-,79.0,-,-,0,0,0,19,76,81,750,198
TXO,202610,20261021.0,37200.0,Call,-,-,-,-,8870.0,-,-,0,0,0,0,8830,-,-,-
TXO,202610,20261021.0,37200.0,Put,66,66,66,66,81.0,▼-14,▼-17.50%,0,1,1,32,78,83,1460,56
TXO,202610,20261021.0,37300.0,Call,-,-,-,-,8770.0,-,-,0,0,0,0,8730,-,-,-
TXO,202610,20261021.0,37300.0,Put,-,-,-,-,83.0,-,-,0,0,0,3,80,85,575,61
TXO,202610,20261021.0,37400.0,Call,-,-,-,-,8680.0,-,-,0,0,0,0,8630,-,-,-
TXO,202610,20261021.0,37400.0,Put,84,85,84,85,85.0,▲+1,▲+1.19%,0,2,2,4,84,89,815,61
TXO,202610,20261021.0,37500.0,Call,-,-,-,-,8580.0,-,-,0,0,0,0,8550,8620,-,-
TXO,202610,20261021.0,37500.0,Put,-,-,-,-,87.0,-,-,0,0,0,28,84,90,445,66
TXO,202610,20261021.0,37600.0,Call,-,-,-,-,8480.0,-,-,0,0,0,0,8440,-,-,-
TXO,202610,20261021.0,37600.0,Put,76,76,76,76,92.0,▼-12,▼-13.64%,0,1,1,9,89,94,850,76
TXO,202610,20261021.0,37700.0,Call,-,-,-,-,8380.0,-,-,0,0,0,0,8340,-,-,-
TXO,202610,20261021.0,37700.0,Put,-,-,-,-,92.0,-,-,0,0,0,1,89,95,300,84
TXO,202610,20261021.0,37800.0,Call,-,-,-,-,8290.0,-,-,0,0,0,0,8250,-,-,-
TXO,202610,20261021.0,37800.0,Put,79,86,79,80,96.0,▼-13,▼-13.98%,0,4,4,4,93,98,945,79
TXO,202610,20261021.0,37900.0,Call,-,-,-,-,8190.0,-,-,0,0,0,0,8150,-,-,-
TXO,202610,20261021.0,37900.0,Put,-,-,-,-,98.0,-,-,11,0,11,51,95,101,900,69
TXO,202610,20261021.0,38000.0,Call,-,-,-,-,8090.0,-,-,0,0,0,0,8050,8140,-,-
TXO,202610,20261021.0,38000.0,Put,86,99,86,99,99.0,▲+4,▲+4.21%,1,11,12,89,98,104,2000,70
TXO,202610,20261021.0,38100.0,Call,-,-,-,-,8000.0,-,-,0,0,0,0,7960,-,-,-
TXO,202610,20261021.0,38100.0,Put,-,-,-,-,104.0,-,-,0,0,0,40,101,107,1380,158
TXO,202610,20261021.0,38200.0,Call,-,-,-,-,7900.0,-,-,0,0,0,0,7860,7940,-,-
TXO,202610,20261021.0,38200.0,Put,97,97,90,90,109.0,▼-15,▼-14.29%,7,4,11,3,106,112,1020,81
TXO,202610,20261021.0,38300.0,Call,-,-,-,-,7810.0,-,-,0,0,0,0,7760,7850,-,-
TXO,202610,20261021.0,38300.0,Put,-,-,-,-,113.0,-,-,0,0,0,0,110,116,-,-
TXO,202610,20261021.0,38400.0,Call,-,-,-,-,7710.0,-,-,0,0,0,0,7670,-,-,-
TXO,202610,20261021.0,38400.0,Put,90,107,90,107,117.0,▼-2,▼-1.83%,4,2,6,3,113,120,1930,9.6
TXO,202610,20261021.0,38500.0,Call,-,-,-,-,7610.0,-,-,0,0,0,0,7570,7650,-,-
TXO,202610,20261021.0,38500.0,Put,98,120,96,120,120.0,▲+5,▲+4.35%,1,5,6,26,116,122,2100,79
TXO,202610,20261021.0,38600.0,Call,-,-,-,-,7520.0,-,-,0,0,0,0,7480,-,-,-
TXO,202610,20261021.0,38600.0,Put,-,-,-,-,123.0,-,-,0,0,0,11,120,126,422,99
TXO,202610,20261021.0,38700.0,Call,-,-,-,-,7420.0,-,-,0,0,0,0,7380,-,-,-
TXO,202610,20261021.0,38700.0,Put,104,115,104,115,127.0,▼-6,▼-4.96%,1,2,3,13,124,130,2230,88
TXO,202610,20261021.0,38800.0,Call,-,-,-,-,7330.0,-,-,0,0,0,0,7280,-,-,-
TXO,202610,20261021.0,38800.0,Put,119,130,100,130,130.0,▲+6,▲+4.84%,1,6,7,8,128,135,610,90
TXO,202610,20261021.0,38900.0,Call,-,-,-,-,7230.0,-,-,0,0,0,0,7190,-,-,-
TXO,202610,20261021.0,38900.0,Put,-,-,-,-,137.0,-,-,0,0,0,7,133,140,690,92
TXO,202610,20261021.0,39000.0,Call,-,-,-,-,7140.0,-,-,0,0,0,0,7110,7180,-,-
TXO,202610,20261021.0,39000.0,Put,117,139,108,139,139.0,▲+4,▲+2.96%,6,34,40,98,137,145,1790,90
TXO,202610,20261021.0,39100.0,Call,-,-,-,-,7040.0,-,-,0,0,0,0,7000,-,-,-
TXO,202610,20261021.0,39100.0,Put,-,-,-,-,149.0,-,-,0,0,0,2,144,152,820,167
TXO,202610,20261021.0,39200.0,Call,-,-,-,-,6950.0,-,-,0,0,0,0,6910,6990,-,-
TXO,202610,20261021.0,39200.0,Put,133,140,133,140,152.0,▼-5,▼-3.45%,0,2,2,2,148,155,140,100
TXO,202610,20261021.0,39300.0,Call,-,-,-,-,6850.0,-,-,0,0,0,0,6820,-,-,-
TXO,202610,20261021.0,39300.0,Put,-,-,-,-,158.0,-,-,0,0,0,7,153,161,525,101
TXO,202610,20261021.0,39400.0,Call,-,-,-,-,6760.0,-,-,0,0,0,0,6720,-,-,-
TXO,202610,20261021.0,39400.0,Put,-,-,-,-,164.0,-,-,0,0,0,30,159,167,545,106
TXO,202610,20261021.0,39500.0,Call,-,-,-,-,6660.0,-,-,0,0,0,0,6630,6700,-,-
TXO,202610,20261021.0,39500.0,Put,129,129,129,129,170.0,▼-27,▼-17.31%,0,1,1,25,165,173,995,105
TXO,202610,20261021.0,39600.0,Call,-,-,-,-,6570.0,-,-,0,0,0,0,6540,-,-,-
TXO,202610,20261021.0,39600.0,Put,-,-,-,-,177.0,-,-,1,0,1,2,172,180,1300,128
TXO,202610,20261021.0,39700.0,Call,-,-,-,-,6480.0,-,-,0,0,0,0,6440,-,-,-
TXO,202610,20261021.0,39700.0,Put,-,-,-,-,184.0,-,-,0,0,0,1,179,187,665,224
TXO,202610,20261021.0,39800.0,Call,-,-,-,-,6390.0,-,-,0,0,0,0,6350,6420,-,-
TXO,202610,20261021.0,39800.0,Put,-,-,-,-,190.0,-,-,0,0,0,5,185,194,585,127
TXO,202610,20261021.0,39900.0,Call,-,-,-,-,6290.0,-,-,0,0,0,3,6260,6400,6680,3150
TXO,202610,20261021.0,39900.0,Put,172,172,172,172,198.0,▼-13,▼-7.03%,6,1,7,9,193,202,2760,124
TXO,202610,20261021.0,40000.0,Call,-,-,-,-,6200.0,-,-,0,0,0,0,6160,-,-,-
TXO,202610,20261021.0,40000.0,Put,185,206,153,206,206.0,▲+15,▲+7.85%,26,19,45,222,202,206,2490,124
TXO,202610,20261021.0,40100.0,Call,-,-,-,-,6110.0,-,-,0,0,0,0,6070,-,-,-
TXO,202610,20261021.0,40100.0,Put,177,206,177,206,206.0,▲+7,▲+3.52%,0,7,7,10,209,219,660,132
TXO,202610,20261021.0,40200.0,Call,-,-,-,-,6020.0,-,-,0,0,0,0,5980,6050,-,-
TXO,202610,20261021.0,40200.0,Put,190,190,190,190,221.0,▼-17,▼-8.21%,1,1,2,7,216,225,630,142
TXO,202610,20261021.0,40300.0,Call,-,-,-,-,5930.0,-,-,0,0,0,0,5890,-,-,-
TXO,202610,20261021.0,40300.0,Put,178,178,178,178,231.0,▼-37,▼-17.21%,0,1,1,2,226,235,2940,139
TXO,202610,20261021.0,40400.0,Call,-,-,-,-,5840.0,-,-,0,0,0,0,5800,-,-,-
TXO,202610,20261021.0,40400.0,Put,202,236,201,231,231.0,▲+8,▲+3.59%,3,4,7,2,233,242,300,201
TXO,202610,20261021.0,40500.0,Call,-,-,-,-,5750.0,-,-,0,0,0,0,5710,-,-,-
TXO,202610,20261021.0,40500.0,Put,218,249,218,249,249.0,▲+18,▲+7.79%,1,4,5,27,243,252,2730,150
TXO,202610,20261021.0,40600.0,Call,-,-,-,-,5660.0,-,-,0,0,0,0,5620,-,-,-
TXO,202610,20261021.0,40600.0,Put,219,219,219,219,259.0,▼-21,▼-8.75%,3,1,4,23,254,263,1260,172
TXO,202610,20261021.0,40700.0,Call,-,-,-,-,5570.0,-,-,0,0,0,0,5530,-,-,-
TXO,202610,20261021.0,40700.0,Put,-,-,-,-,269.0,-,-,0,0,0,3,263,273,1540,265
TXO,202610,20261021.0,40800.0,Call,-,-,-,-,5480.0,-,-,0,0,0,1,5440,5600,5680,3010
TXO,202610,20261021.0,40800.0,Put,-,-,-,-,278.0,-,-,2,0,2,5,272,282,2920,206
TXO,202610,20261021.0,40900.0,Call,-,-,-,-,5390.0,-,-,0,0,0,0,5350,-,-,-
TXO,202610,20261021.0,40900.0,Put,-,-,-,-,288.0,-,-,0,0,0,7,282,293,3100,172
TXO,202610,20261021.0,41000.0,Call,-,-,-,-,5300.0,-,-,0,0,0,0,5260,-,4060,2930
TXO,202610,20261021.0,41000.0,Put,250,250,222,222,302.0,▼-61,▼-21.55%,13,3,16,117,296,307,3020,180
TXO,202610,20261021.0,41100.0,Call,-,-,-,-,5210.0,-,-,0,0,0,0,5170,5240,-,-
TXO,202610,20261021.0,41100.0,Put,-,-,-,-,314.0,-,-,4,0,4,4,307,318,2590,303
TXO,202610,20261021.0,41200.0,Call,-,-,-,-,5120.0,-,-,0,0,0,0,5090,-,4840,3580
TXO,202610,20261021.0,41200.0,Put,-,-,-,-,323.0,-,-,2,0,2,3,316,327,2540,208
TXO,202610,20261021.0,41300.0,Call,-,-,-,-,5030.0,-,-,0,0,0,0,5000,-,-,-
TXO,202610,20261021.0,41300.0,Put,-,-,-,-,336.0,-,-,3,0,3,29,329,340,760,240
TXO,202610,20261021.0,41400.0,Call,-,-,-,-,4950.0,-,-,0,0,0,0,4910,4980,-,-
TXO,202610,20261021.0,41400.0,Put,-,-,-,-,348.0,-,-,0,0,0,1,341,352,800,373
TXO,202610,20261021.0,41500.0,Call,-,-,-,-,4860.0,-,-,0,0,0,0,4820,-,-,-
TXO,202610,20261021.0,41500.0,Put,371,371,371,371,371.0,▲+35,▲+10.42%,1,5,6,27,355,367,2280,212
TXO,202610,20261021.0,41600.0,Call,-,-,-,-,4780.0,-,-,0,0,0,1,4740,-,3210,3210
TXO,202610,20261021.0,41600.0,Put,348,348,300,300,378.0,▼-48,▼-13.79%,0,4,4,5,371,383,2550,300
TXO,202610,20261021.0,41700.0,Call,-,-,-,-,4690.0,-,-,0,0,0,0,4650,4720,-,-
TXO,202610,20261021.0,41700.0,Put,-,-,-,-,392.0,-,-,0,0,0,5,385,397,975,238
TXO,202610,20261021.0,41800.0,Call,-,-,-,-,4610.0,-,-,0,0,0,0,4570,-,-,-
TXO,202610,20261021.0,41800.0,Put,-,-,-,-,405.0,-,-,0,0,0,7,397,410,2140,410
TXO,202610,20261021.0,41900.0,Call,-,-,-,-,4520.0,-,-,0,0,0,0,4480,-,-,-
TXO,202610,20261021.0,41900.0,Put,-,-,-,-,422.0,-,-,0,0,0,4,414,427,2830,405
TXO,202610,20261021.0,42000.0,Call,-,-,-,-,4440.0,-,-,0,0,0,0,4400,-,-,-
TXO,202610,20261021.0,42000.0,Put,355,441,322,441,441.0,▲+41,▲+10.25%,9,50,59,116,430,442,3500,263
TXO,202610,20261021.0,42100.0,Call,-,-,-,-,4350.0,-,-,0,0,0,0,4310,-,-,-
TXO,202610,20261021.0,42100.0,Put,-,-,-,-,451.0,-,-,0,0,0,1,443,456,640,470
TXO,202610,20261021.0,42200.0,Call,-,-,-,-,4270.0,-,-,0,0,0,2,3960,4300,4200,2000
TXO,202610,20261021.0,42200.0,Put,-,-,-,-,468.0,-,-,0,0,0,4,461,473,2120,293
TXO,202610,20261021.0,42300.0,Call,-,-,-,-,4190.0,-,-,0,0,0,0,4150,-,-,-
TXO,202610,20261021.0,42300.0,Put,381,381,381,381,485.0,▼-68,▼-15.14%,0,1,1,4,477,490,985,381
TXO,202610,20261021.0,42400.0,Call,-,-,-,-,4110.0,-,-,1,0,1,2,4070,-,5110,2960
TXO,202610,20261021.0,42400.0,Put,410,410,410,410,505.0,▼-45,▼-9.89%,0,1,1,4,496,510,3760,355
TXO,202610,20261021.0,42500.0,Call,-,-,-,-,4030.0,-,-,1,0,1,0,3980,-,5210,2120
TXO,202610,20261021.0,42500.0,Put,412,412,410,410,525.0,▼-60,▼-12.77%,10,2,12,82,515,530,1850,307
TXO,202610,20261021.0,42600.0,Call,-,-,-,-,3950.0,-,-,0,0,0,0,3900,-,-,-
TXO,202610,20261021.0,42600.0,Put,555,555,555,555,555.0,▲+56,▲+11.22%,1,1,2,12,535,550,1150,345
TXO,202610,20261021.0,42700.0,Call,-,-,-,-,3870.0,-,-,0,0,0,0,3820,-,-,-
TXO,202610,20261021.0,42700.0,Put,-,-,-,-,565.0,-,-,16,0,16,13,550,565,1870,356
TXO,202610,20261021.0,42800.0,Call,-,-,-,-,3790.0,-,-,0,0,0,0,3750,-,-,-
TXO,202610,20261021.0,42800.0,Put,-,-,-,-,585.0,-,-,0,0,0,0,575,590,3100,369
TXO,202610,20261021.0,42900.0,Call,-,-,-,-,3710.0,-,-,0,0,0,0,3660,-,4410,3070
TXO,202610,20261021.0,42900.0,Put,-,-,-,-,605.0,-,-,0,0,0,1,595,610,3050,361
TXO,202610,20261021.0,43000.0,Call,-,-,-,-,3630.0,-,-,0,0,0,1,3590,-,3230,3230
TXO,202610,20261021.0,43000.0,Put,570,630,500,625,625.0,▲+55,▲+9.65%,3,10,13,98,615,630,4200,372
TXO,202610,20261021.0,43100.0,Call,-,-,-,-,3550.0,-,-,0,0,0,0,3510,-,-,-
TXO,202610,20261021.0,43100.0,Put,-,-,-,-,645.0,-,-,0,0,0,10,630,650,1390,400
TXO,202610,20261021.0,43200.0,Call,-,-,-,-,3470.0,-,-,0,0,0,0,3430,3510,3750,2950
TXO,202610,20261021.0,43200.0,Put,-,-,-,-,670.0,-,-,2,0,2,4,660,675,1000,414
TXO,202610,20261021.0,43300.0,Call,-,-,-,-,3390.0,-,-,0,0,0,0,3360,-,-,-
TXO,202610,20261021.0,43300.0,Put,-,-,-,-,690.0,-,-,0,0,0,2,680,695,1470,421
TXO,202610,20261021.0,43400.0,Call,-,-,-,-,3320.0,-,-,0,0,0,0,3280,-,3610,2880
TXO,202610,20261021.0,43400.0,Put,600,675,565,565,715.0,▼-95,▼-14.39%,0,3,3,6,705,720,2890,461
TXO,202610,20261021.0,43500.0,Call,-,-,-,-,3240.0,-,-,0,0,0,0,3210,-,3100,1570
TXO,202610,20261021.0,43500.0,Put,620,635,565,565,735.0,▼-115,▼-16.91%,1,8,9,114,725,745,3050,467
TXO,202610,20261021.0,43600.0,Call,-,-,-,-,3170.0,-,-,0,0,0,1,3130,3250,2840,2840
TXO,202610,20261021.0,43600.0,Put,-,-,-,-,765.0,-,-,1,0,1,19,755,770,2850,484
TXO,202610,20261021.0,43700.0,Call,-,-,-,-,3100.0,-,-,0,0,0,0,3060,-,3580,2940
TXO,202610,20261021.0,43700.0,Put,-,-,-,-,795.0,-,-,0,0,0,18,785,800,2920,477
TXO,202610,20261021.0,43800.0,Call,-,-,-,-,3020.0,-,-,1,0,1,3,2980,3130,3000,1650
TXO,202610,20261021.0,43800.0,Put,-,-,-,-,820.0,-,-,0,0,0,16,810,825,3100,510
TXO,202610,20261021.0,43900.0,Call,-,-,-,-,2950.0,-,-,0,0,0,1,2910,2980,2720,2720
TXO,202610,20261021.0,43900.0,Put,-,-,-,-,850.0,-,-,1,0,1,5,840,855,3140,520
TXO,202610,20261021.0,44000.0,Call,-,-,-,-,2880.0,-,-,0,0,0,5,2870,2970,3370,1520
TXO,202610,20261021.0,44000.0,Put,765,890,705,890,890.0,▲+90,▲+11.25%,3,16,19,384,865,885,2770,535
TXO,202610,20261021.0,44100.0,Call,-,-,-,-,2810.0,-,-,0,0,0,1,2800,2880,2750,1540
TXO,202610,20261021.0,44100.0,Put,800,920,700,905,905.0,▲+85,▲+10.37%,0,39,39,46,895,915,3230,560
TXO,202610,20261021.0,44200.0,Call,-,-,-,-,2750.0,-,-,0,0,0,1,2730,2760,2730,2730
TXO,202610,20261021.0,44200.0,Put,790,790,790,790,940.0,▼-80,▼-9.20%,0,1,1,2,920,940,2730,580
TXO,202610,20261021.0,44300.0,Call,-,-,-,-,2680.0,-,-,0,0,0,0,2660,2690,-,-
TXO,202610,20261021.0,44300.0,Put,-,-,-,-,975.0,-,-,6,0,6,11,960,985,2040,660
TXO,202610,20261021.0,44400.0,Call,-,-,-,-,2610.0,-,-,0,0,0,4,2590,2680,2960,1410
TXO,202610,20261021.0,44400.0,Put,815,825,815,825,1000.0,▼-95,▼-10.33%,2,2,4,25,985,1010,2180,630
TXO,202610,20261021.0,44500.0,Call,-,-,-,-,2540.0,-,-,0,0,0,0,2520,2550,2920,1900
TXO,202610,20261021.0,44500.0,Put,-,-,-,-,1040.0,-,-,16,0,16,5,1020,1040,4990,660
TXO,202610,20261021.0,44600.0,Call,-,-,-,-,2480.0,-,-,0,0,0,0,2460,2490,-,-
TXO,202610,20261021.0,44600.0,Put,-,-,-,-,1070.0,-,-,2,0,2,61,1060,1080,1190,695
TXO,202610,20261021.0,44700.0,Call,-,-,-,-,2410.0,-,-,0,0,0,9,2390,2420,3380,1350
TXO,202610,20261021.0,44700.0,Put,890,890,890,890,1100.0,▼-130,▼-12.75%,1,1,2,7,1090,1110,2050,690
TXO,202610,20261021.0,44800.0,Call,-,-,-,-,2340.0,-,-,0,0,0,133,2330,2360,2950,1830
TXO,202610,20261021.0,44800.0,Put,940,940,940,940,1130.0,▼-110,▼-10.48%,0,1,1,5,1120,1140,2220,730
TXO,202610,20261021.0,44900.0,Call,-,-,-,-,2280.0,-,-,0,0,0,0,2260,2290,2850,1950
TXO,202610,20261021.0,44900.0,Put,1030,1030,970,970,1170.0,▼-110,▼-10.19%,0,6,6,6,1160,1180,1390,970
TXO,202610,20261021.0,45000.0,Call,-,-,-,-,2220.0,-,-,3,0,3,3,2200,2230,3220,1600
TXO,202610,20261021.0,45000.0,Put,1090,1220,990,1210,1210.0,▲+90,▲+8.04%,0,16,16,59,1200,1220,2760,770
TXO,202610,20261021.0,45100.0,Call,-,-,-,-,2160.0,-,-,0,0,0,34,2140,2170,3040,2020
TXO,202610,20261021.0,45100.0,Put,1100,1100,1000,1020,1250.0,▼-130,▼-11.30%,1,9,10,11,1240,1260,2640,1000
TXO,202610,20261021.0,45200.0,Call,2290,2290,2290,2290,2100.0,▼-70,▼-2.97%,1,1,2,1,2080,2110,2910,1670
TXO,202610,20261021.0,45200.0,Put,1120,1120,1020,1020,1290.0,▼-170,▼-14.29%,0,7,7,7,1270,1300,3950,1020
TXO,202610,20261021.0,45300.0,Call,-,-,-,-,2040.0,-,-,0,0,0,1,2020,2050,2540,1130
TXO,202610,20261021.0,45300.0,Put,1070,1070,1070,1070,1330.0,▼-160,▼-13.01%,0,3,3,3,1310,1330,2510,915
TXO,202610,20261021.0,45400.0,Call,2070,2070,2070,2070,1980.0,▼-170,▼-7.59%,0,1,1,1,1960,1990,3120,1820
TXO,202610,20261021.0,45400.0,Put,1210,1210,1210,1210,1370.0,▼-50,▼-3.97%,0,5,5,8,1360,1380,1370,925
TXO,202610,20261021.0,45500.0,Call,-,-,-,-,1920.0,-,-,4,0,4,6,1900,1930,2670,1160
TXO,202610,20261021.0,45500.0,Put,1250,1250,1140,1140,1410.0,▼-160,▼-12.31%,0,8,8,20,1400,1420,1780,900
TXO,202610,20261021.0,45600.0,Call,-,-,-,-,1860.0,-,-,1,0,1,3,1840,1870,2470,1700
TXO,202610,20261021.0,45600.0,Put,1270,1270,1270,1270,1450.0,▼-70,▼-5.22%,0,5,5,8,1440,1460,2470,830
TXO,202610,20261021.0,45700.0,Call,-,-,-,-,1810.0,-,-,4,0,4,14,1790,1820,2180,1550
TXO,202610,20261021.0,45700.0,Put,1310,1310,1310,1310,1500.0,▼-70,▼-5.07%,0,5,5,6,1480,1500,1310,1060
TXO,202610,20261021.0,45800.0,Call,1750,1750,1750,1750,1750.0,▼-240,▼-12.06%,4,10,14,35,1730,1760,2540,1600
TXO,202610,20261021.0,45800.0,Put,-,-,-,-,1550.0,-,-,1,0,1,13,1530,1560,2230,1020
TXO,202610,20261021.0,45900.0,Call,1690,1690,1660,1660,1700.0,▼-290,▼-14.87%,4,3,7,14,1680,1710,2250,1160
TXO,202610,20261021.0,45900.0,Put,1410,1410,1380,1380,1590.0,▼-90,▼-6.12%,0,6,6,8,1570,1600,1410,1020
TXO,202610,20261021.0,46000.0,Call,1800,1800,1620,1630,1630.0,▼-260,▼-13.76%,5,15,20,28,1620,1650,2680,970
TXO,202610,20261021.0,46000.0,Put,1470,1470,1310,1360,1630.0,▼-150,▼-9.93%,11,7,18,58,1620,1640,3660,1060
TXO,202610,20261021.0,46100.0,Call,-,-,-,-,1580.0,-,-,0,0,0,42,1570,1600,2520,1510
TXO,202610,20261021.0,46100.0,Put,1480,1500,1480,1500,1670.0,▼-50,▼-3.23%,0,10,10,12,1670,1690,2260,1290
TXO,202610,20261021.0,46200.0,Call,-,-,-,-,1530.0,-,-,8,0,8,10,1520,1550,2310,1340
TXO,202610,20261021.0,46200.0,Put,1530,1530,1410,1420,1720.0,▼-180,▼-11.25%,0,8,8,10,1710,1740,2690,1140
TXO,202610,20261021.0,46300.0,Call,1600,1600,1600,1600,1480.0,▼-130,▼-7.51%,39,1,40,38,1470,1500,2420,1460
TXO,202610,20261021.0,46300.0,Put,1640,1640,1450,1460,1770.0,▼-190,▼-11.52%,1,17,18,15,1760,1790,2900,1370
TXO,202610,20261021.0,46400.0,Call,1550,1720,1430,1430,1430.0,▼-230,▼-13.86%,2,8,10,15,1420,1450,2400,790
TXO,202610,20261021.0,46400.0,Put,-,-,-,-,1820.0,-,-,4,0,4,1,1810,1830,1840,1640
TXO,202610,20261021.0,46500.0,Call,1650,1660,1390,1390,1390.0,▼-220,▼-13.66%,16,18,34,44,1380,1400,2140,980
TXO,202610,20261021.0,46500.0,Put,1550,1550,1550,1550,1880.0,▼-180,▼-10.40%,0,2,2,4,1860,1890,1930,1400
TXO,202610,20261021.0,46600.0,Call,1500,1500,1460,1460,1340.0,▼-120,▼-7.59%,0,10,10,54,1330,1350,2110,1280
TXO,202610,20261021.0,46600.0,Put,-,-,-,-,1920.0,-,-,0,0,0,1,1920,1950,1460,1460
TXO,202610,20261021.0,46700.0,Call,1410,1560,1410,1560,1290.0,▲+50,▲+3.31%,0,6,6,11,1280,1300,1890,1330
TXO,202610,20261021.0,46700.0,Put,-,-,-,-,1980.0,-,-,0,0,0,3,1970,2000,1830,1830
TXO,202610,20261021.0,46800.0,Call,1360,1360,1360,1360,1250.0,▼-100,▼-6.85%,0,6,6,8,1240,1260,2150,905
TXO,202610,20261021.0,46800.0,Put,-,-,-,-,2030.0,-,-,0,0,0,2,2020,2050,2420,1390
TXO,202610,20261021.0,46900.0,Call,1340,1460,1340,1460,1200.0,▲+50,▲+3.55%,1,7,8,15,1190,1210,1940,1300
TXO,202610,20261021.0,46900.0,Put,-,-,-,-,2080.0,-,-,0,0,0,0,2080,2110,4010,3120
TXO,202610,20261021.0,47000.0,Call,1400,1420,1150,1150,1150.0,▼-220,▼-16.06%,40,18,58,242,1150,1170,2260,865
TXO,202610,20261021.0,47000.0,Put,2140,2150,2140,2150,2150.0,▲+160,▲+8.04%,0,2,2,13,2090,2160,4240,1450
TXO,202610,20261021.0,47100.0,Call,1310,1310,1090,1090,1090.0,▼-230,▼-17.42%,0,7,7,15,1100,1130,1780,1030
TXO,202610,20261021.0,47100.0,Put,-,-,-,-,2200.0,-,-,0,0,0,1,2190,2220,1600,1600
TXO,202610,20261021.0,47200.0,Call,1190,1190,1190,1190,1070.0,▼-80,▼-6.30%,0,5,5,17,1060,1080,2250,1000
TXO,202610,20261021.0,47200.0,Put,-,-,-,-,2250.0,-,-,0,0,0,3,2250,2280,1630,1580
TXO,202610,20261021.0,47300.0,Call,-,-,-,-,1030.0,-,-,0,0,0,15,1020,1040,1610,775
TXO,202610,20261021.0,47300.0,Put,-,-,-,-,2310.0,-,-,1,0,1,3,2300,2330,2130,1680
TXO,202610,20261021.0,47400.0,Call,1090,1220,1090,1220,985.0,▲+40,▲+3.39%,0,6,6,9,975,1000,2030,880
TXO,202610,20261021.0,47400.0,Put,-,-,-,-,2370.0,-,-,0,0,0,0,2370,2400,-,-
TXO,202610,20261021.0,47500.0,Call,1050,1050,1050,1050,950.0,▼-90,▼-7.89%,1,5,6,96,940,960,2040,745
TXO,202610,20261021.0,47500.0,Put,-,-,-,-,2440.0,-,-,0,0,0,0,2430,2460,-,-
TXO,202610,20261021.0,47600.0,Call,-,-,-,-,915.0,-,-,0,0,0,3,905,930,1570,835
TXO,202610,20261021.0,47600.0,Put,-,-,-,-,2500.0,-,-,0,0,0,0,2490,2520,-,-
TXO,202610,20261021.0,47700.0,Call,995,1090,970,1090,880.0,▲+50,▲+4.81%,13,10,23,30,875,895,2100,655
TXO,202610,20261021.0,47700.0,Put,-,-,-,-,2570.0,-,-,0,0,0,0,2550,2580,-,-
TXO,202610,20261021.0,47800.0,Call,930,930,820,820,820.0,▼-220,▼-21.15%,0,6,6,6,835,855,1740,635
TXO,202610,20261021.0,47800.0,Put,-,-,-,-,2630.0,-,-,0,0,0,0,2620,2650,-,-
TXO,202610,20261021.0,47900.0,Call,885,925,885,925,805.0,▼-65,▼-6.57%,2,7,9,8,800,820,1380,800
TXO,202610,20261021.0,47900.0,Put,-,-,-,-,2690.0,-,-,0,0,0,0,2680,2710,-,-
TXO,202610,20261021.0,48000.0,Call,940,955,770,770,770.0,▼-155,▼-16.76%,18,21,39,86,765,785,1780,580
TXO,202610,20261021.0,48000.0,Put,-,-,-,-,2760.0,-,-,1,0,1,5,2750,2780,4790,2520
TXO,202610,20261021.0,48100.0,Call,820,820,820,820,740.0,▼-95,▼-10.38%,0,5,5,12,735,750,1630,705
TXO,202610,20261021.0,48100.0,Put,-,-,-,-,2830.0,-,-,0,0,0,0,2810,2840,-,-
TXO,202610,20261021.0,48200.0,Call,810,900,770,900,710.0,▲+25,▲+2.86%,17,4,21,7,705,720,1550,680
TXO,202610,20261021.0,48200.0,Put,-,-,-,-,2900.0,-,-,0,0,0,0,2880,2930,-,-
TXO,202610,20261021.0,48300.0,Call,800,820,800,810,680.0,▼-30,▼-3.57%,6,6,12,13,675,690,1060,720
TXO,202610,20261021.0,48300.0,Put,-,-,-,-,2960.0,-,-,0,0,0,0,2940,3010,-,-
TXO,202610,20261021.0,48400.0,Call,700,795,700,795,650.0,▼-10,▼-1.24%,6,7,13,8,645,660,1220,700
TXO,202610,20261021.0,48400.0,Put,-,-,-,-,3030.0,-,-,0,0,0,0,3010,-,-,-
TXO,202610,20261021.0,48500.0,Call,-,-,-,-,620.0,-,-,0,0,0,9,615,630,1510,610
TXO,202610,20261021.0,48500.0,Put,-,-,-,-,3100.0,-,-,0,0,0,0,3080,3150,-,-
TXO,202610,20261021.0,48600.0,Call,770,770,635,635,595.0,▼-105,▼-14.19%,2,3,5,5,590,605,885,600
TXO,202610,20261021.0,48600.0,Put,-,-,-,-,3180.0,-,-,0,0,0,0,-,3220,-,-
TXO,202610,20261021.0,48700.0,Call,-,-,-,-,570.0,-,-,0,0,0,4,565,580,935,540
TXO,202610,20261021.0,48700.0,Put,-,-,-,-,3250.0,-,-,0,0,0,0,-,3300,2420,2420
TXO,202610,20261021.0,48800.0,Call,645,645,645,645,540.0,▼-40,▼-5.84%,1,1,2,57,535,550,1240,500
TXO,202610,20261021.0,48800.0,Put,-,-,-,-,3320.0,-,-,0,0,0,0,3300,3370,-,-
TXO,202610,20261021.0,48900.0,Call,680,680,680,680,520.0,▲+25,▲+3.82%,2,1,3,8,510,525,805,387
TXO,202610,20261021.0,48900.0,Put,-,-,-,-,3400.0,-,-,0,0,0,0,-,3450,-,-
TXO,202610,20261021.0,49000.0,Call,600,600,525,525,497.0,▼-105,▼-16.67%,12,4,16,44,492,505,1300,412
TXO,202610,20261021.0,49000.0,Put,-,-,-,-,3480.0,-,-,0,0,0,4,3090,3520,5700,3520
TXO,202610,20261021.0,49100.0,Call,-,-,-,-,474.0,-,-,0,0,0,1,464,478,458,458
TXO,202610,20261021.0,49100.0,Put,-,-,-,-,3560.0,-,-,0,0,0,0,-,3600,-,-
TXO,202610,20261021.0,49200.0,Call,505,510,466,466,466.0,▼-104,▼-18.25%,3,3,6,7,446,460,1390,346
TXO,202610,20261021.0,49200.0,Put,-,-,-,-,3630.0,-,-,0,0,0,0,-,3680,-,-
TXO,202610,20261021.0,49300.0,Call,487,487,487,487,427.0,▼-63,▼-11.45%,1,1,2,8,422,435,1010,487
TXO,202610,20261021.0,49300.0,Put,-,-,-,-,3710.0,-,-,0,0,0,0,-,3760,-,-
TXO,202610,20261021.0,49400.0,Call,540,540,490,490,406.0,▼-50,▼-9.26%,0,4,4,10,401,414,990,389
TXO,202610,20261021.0,49400.0,Put,-,-,-,-,3790.0,-,-,0,0,0,0,-,-,-,-
TXO,202610,20261021.0,49500.0,Call,480,480,480,480,387.0,▼-25,▼-4.95%,4,1,5,42,382,395,1410,380
TXO,202610,20261021.0,49500.0,Put,-,-,-,-,3870.0,-,-,0,0,0,0,-,-,-,-
TXO,202610,20261021.0,49600.0,Call,-,-,-,-,369.0,-,-,0,0,0,13,364,376,600,283
TXO,202610,20261021.0,49600.0,Put,-,-,-,-,3950.0,-,-,0,0,0,0,-,4000,-,-
TXO,202610,20261021.0,49700.0,Call,-,-,-,-,351.0,-,-,1,0,1,0,344,357,940,267
TXO,202610,20261021.0,49700.0,Put,-,-,-,-,4030.0,-,-,0,0,0,0,-,4080,-,-
TXO,202610,20261021.0,49800.0,Call,408,408,408,408,334.0,▼-29,▼-6.64%,0,1,1,1,329,341,575,265
TXO,202610,20261021.0,49800.0,Put,-,-,-,-,4110.0,-,-,0,0,0,0,-,4160,-,-
TXO,202610,20261021.0,49900.0,Call,434,434,434,434,318.0,▲+14,▲+3.33%,0,1,1,8,312,324,850,265
TXO,202610,20261021.0,49900.0,Put,-,-,-,-,4200.0,-,-,0,0,0,0,-,4240,-,-
TXO,202610,20261021.0,50000.0,Call,397,400,295,308,308.0,▼-78,▼-20.21%,11,39,50,151,299,310,1180,233
TXO,202610,20261021.0,50000.0,Put,-,-,-,-,4280.0,-,-,0,0,0,0,-,4330,-,-
TXO,202610,20261021.0,50100.0,Call,355,355,346,346,285.0,▼-34,▼-8.95%,3,2,5,9,281,292,840,258
TXO,202610,20261021.0,50100.0,Put,-,-,-,-,4370.0,-,-,0,0,0,0,4010,4410,-,-
TXO,202610,20261021.0,50200.0,Call,280,280,280,280,280.0,▼-82,▼-22.65%,0,1,1,8,268,278,740,272
TXO,202610,20261021.0,50200.0,Put,-,-,-,-,4450.0,-,-,0,0,0,0,-,4500,-,-
TXO,202610,20261021.0,50300.0,Call,-,-,-,-,258.0,-,-,0,0,0,11,254,265,750,260
TXO,202610,20261021.0,50300.0,Put,-,-,-,-,4540.0,-,-,0,0,0,0,4200,4580,-,-
TXO,202610,20261021.0,50400.0,Call,-,-,-,-,245.0,-,-,2,0,2,9,241,251,413,254
TXO,202610,20261021.0,50400.0,Put,-,-,-,-,4620.0,-,-,0,0,0,0,-,4670,-,-
TXO,202610,20261021.0,50500.0,Call,300,300,300,300,233.0,▼-13,▼-4.15%,4,1,5,33,229,239,890,190
TXO,202610,20261021.0,50500.0,Put,-,-,-,-,4710.0,-,-,0,0,0,0,-,4760,-,-
TXO,202610,20261021.0,50600.0,Call,266,266,266,266,221.0,▼-36,▼-11.92%,0,1,1,8,217,227,705,254
TXO,202610,20261021.0,50600.0,Put,-,-,-,-,4800.0,-,-,0,0,0,0,-,-,-,-
TXO,202610,20261021.0,50700.0,Call,-,-,-,-,209.0,-,-,0,0,0,5,205,214,365,242
TXO,202610,20261021.0,50700.0,Put,-,-,-,-,4890.0,-,-,0,0,0,0,-,4930,-,-
TXO,202610,20261021.0,50800.0,Call,245,245,213,213,198.0,▼-58,▼-21.40%,0,2,2,9,194,204,615,213
TXO,202610,20261021.0,50800.0,Put,-,-,-,-,4980.0,-,-,0,0,0,0,-,5020,-,-
TXO,202610,20261021.0,50900.0,Call,-,-,-,-,188.0,-,-,0,0,0,7,184,193,795,187
TXO,202610,20261021.0,50900.0,Put,-,-,-,-,5070.0,-,-,0,0,0,0,-,5110,-,-
TXO,202610,20261021.0,51000.0,Call,248,248,198,198,179.0,▼-58,▼-22.66%,12,24,36,119,175,184,800,155
TXO,202610,20261021.0,51000.0,Put,-,-,-,-,5160.0,-,-,0,0,0,0,-,5200,-,-
TXO,202610,20261021.0,51100.0,Call,-,-,-,-,169.0,-,-,0,0,0,5,165,174,810,174
TXO,202610,20261021.0,51100.0,Put,-,-,-,-,5250.0,-,-,0,0,0,0,4880,5290,-,-
TXO,202610,20261021.0,51200.0,Call,-,-,-,-,160.0,-,-,0,0,0,5,156,165,650,151
TXO,202610,20261021.0,51200.0,Put,-,-,-,-,5340.0,-,-,0,0,0,0,-,5380,-,-
TXO,202610,20261021.0,51300.0,Call,-,-,-,-,152.0,-,-,0,0,0,3,148,156,267,206
TXO,202610,20261021.0,51300.0,Put,-,-,-,-,5430.0,-,-,0,0,0,0,-,5470,-,-
TXO,202610,20261021.0,51400.0,Call,-,-,-,-,144.0,-,-,4,0,4,18,139,147,515,130
TXO,202610,20261021.0,51400.0,Put,-,-,-,-,5520.0,-,-,0,0,0,0,5490,5550,-,-
TXO,202610,20261021.0,51500.0,Call,178,178,143,143,143.0,▼-50,▼-25.91%,11,5,16,43,133,140,630,126
TXO,202610,20261021.0,51500.0,Put,-,-,-,-,5610.0,-,-,0,0,0,0,-,5660,-,-
TXO,202610,20261021.0,51600.0,Call,163,163,163,163,129.0,▼-29,▼-15.10%,0,1,1,7,126,134,520,124
TXO,202610,20261021.0,51600.0,Put,-,-,-,-,5710.0,-,-,0,0,0,0,-,5750,-,-
TXO,202610,20261021.0,51700.0,Call,161,161,161,161,123.0,▼-12,▼-6.94%,0,1,1,4,118,125,610,161
TXO,202610,20261021.0,51700.0,Put,-,-,-,-,5800.0,-,-,0,0,0,0,5770,5840,-,-
TXO,202610,20261021.0,51800.0,Call,-,-,-,-,116.0,-,-,0,0,0,6,112,119,445,103
TXO,202610,20261021.0,51800.0,Put,-,-,-,-,5890.0,-,-,0,0,0,0,5860,5940,-,-
TXO,202610,20261021.0,51900.0,Call,-,-,-,-,110.0,-,-,0,0,0,3,107,114,1080,107
TXO,202610,20261021.0,51900.0,Put,-,-,-,-,5990.0,-,-,0,0,0,0,-,6030,-,-
TXO,202610,20261021.0,52000.0,Call,121,132,100,107,107.0,▼-38,▼-26.21%,9,48,57,171,99,106,1020,90
TXO,202610,20261021.0,52000.0,Put,-,-,-,-,6080.0,-,-,0,0,0,0,-,6120,-,-
TXO,202610,20261021.0,52100.0,Call,100,100,100,100,100.0,▼-43,▼-30.07%,0,1,1,5,94,101,495,99
TXO,202610,20261021.0,52100.0,Put,-,-,-,-,6170.0,-,-,0,0,0,0,-,6220,-,-
TXO,202610,20261021.0,52200.0,Call,-,-,-,-,92.0,-,-,0,0,0,9,89,96,412,95
TXO,202610,20261021.0,52200.0,Put,-,-,-,-,6270.0,-,-,0,0,0,0,-,6310,-,-
TXO,202610,20261021.0,52300.0,Call,-,-,-,-,87.0,-,-,0,0,0,0,84,90,1000,85
TXO,202610,20261021.0,52300.0,Put,-,-,-,-,6360.0,-,-,0,0,0,0,5910,6400,-,-
TXO,202610,20261021.0,52400.0,Call,109,109,109,109,83.0,▼-13,▼-10.66%,0,1,1,12,79,85,865,80
TXO,202610,20261021.0,52400.0,Put,-,-,-,-,6460.0,-,-,0,0,0,0,-,6500,-,-
TXO,202610,20261021.0,52500.0,Call,104,104,80,80,80.0,▼-33,▼-29.20%,0,7,7,39,16,99,940,62
TXO,202610,20261021.0,52500.0,Put,-,-,-,-,6550.0,-,-,0,0,0,0,-,6600,-,-
TXO,202610,20261021.0,52600.0,Call,100,102,100,102,75.0,▼-5,▼-4.67%,2,2,4,5,72,78,149,7.7
TXO,202610,20261021.0,52600.0,Put,-,-,-,-,6650.0,-,-,0,0,0,0,6190,-,-,-
TXO,202610,20261021.0,52700.0,Call,-,-,-,-,71.0,-,-,0,0,0,4,67,73,310,76
TXO,202610,20261021.0,52700.0,Put,-,-,-,-,6750.0,-,-,0,0,0,0,-,6790,-,-
TXO,202610,20261021.0,52800.0,Call,-,-,-,-,67.0,-,-,0,0,0,1,63,69,275,64
TXO,202610,20261021.0,52800.0,Put,-,-,-,-,6840.0,-,-,0,0,0,0,-,6890,-,-
TXO,202610,20261021.0,52900.0,Call,-,-,-,-,63.0,-,-,0,0,0,2,60,66,139,58
TXO,202610,20261021.0,52900.0,Put,-,-,-,-,6940.0,-,-,0,0,0,0,-,6980,-,-
TXO,202610,20261021.0,53000.0,Call,87,87,60,60,60.0,▼-25,▼-29.41%,8,11,19,94,57,62,379,46
TXO,202610,20261021.0,53000.0,Put,-,-,-,-,7030.0,-,-,0,0,0,0,-,7080,-,-
TXO,202610,20261021.0,53100.0,Call,60,60,57,57,57.0,▼-26,▼-31.33%,0,11,11,3,53,59,100,50
TXO,202610,20261021.0,53100.0,Put,-,-,-,-,7130.0,-,-,0,0,0,0,6770,7180,-,-
TXO,202610,20261021.0,53200.0,Call,-,-,-,-,53.0,-,-,0,0,0,11,51,56,103,67
TXO,202610,20261021.0,53200.0,Put,-,-,-,-,7230.0,-,-,0,0,0,0,-,-,-,-
TXO,202610,20261021.0,53300.0,Call,60,60,50,51,51.0,▼-22,▼-30.14%,2,5,7,56,48,53,106,47
TXO,202610,20261021.0,53300.0,Put,-,-,-,-,7320.0,-,-,0,0,0,0,7290,7370,-,-
TXO,202610,20261021.0,53400.0,Call,-,-,-,-,48.0,-,-,0,0,0,0,45.5,51,-,-
TXO,202610,20261021.0,53400.0,Put,-,-,-,-,7420.0,-,-,0,0,0,0,7060,7460,-,-
TXO,202610,20261021.0,53500.0,Call,66,66,46,46,46.0,▼-21,▼-31.34%,1,16,17,12,43.5,48,68,46
TXO,202610,20261021.0,53500.0,Put,-,-,-,-,7520.0,-,-,0,0,0,0,7130,7570,-,-
TXO,202610,20261021.0,53600.0,Call,50,50,50,50,43.0,▼-13,▼-20.63%,0,1,1,1,41,45.5,50,50
TXO,202610,20261021.0,53600.0,Put,-,-,-,-,7620.0,-,-,0,0,0,0,-,7660,-,-
TXO,202610,20261021.0,53700.0,Call,48,48,48,48,41.0,▼-15,▼-23.81%,2,1,3,1,39,43.5,63,48
TXO,202610,20261021.0,53700.0,Put,-,-,-,-,7710.0,-,-,0,0,0,0,-,7760,-,-
TXO,202610,20261021.0,53800.0,Call,44.5,44.5,44.5,44.5,39.0,▼-13.5,▼-23.28%,0,1,1,2,36.5,41,58,44.5
TXO,202610,20261021.0,53800.0,Put,-,-,-,-,7810.0,-,-,0,0,0,0,-,7860,-,-
TXO,202610,20261021.0,53900.0,Call,39,39,39,39,39.0,▼-15,▼-27.78%,0,1,1,9,35,39,59,39
TXO,202610,20261021.0,53900.0,Put,-,-,-,-,7910.0,-,-,0,0,0,0,-,7960,-,-
TXO,202610,20261021.0,54000.0,Call,44.5,44.5,34,34,34.0,▼-17,▼-33.33%,10,12,22,50,33.5,37.5,57,34
TXO,202610,20261021.0,54000.0,Put,-,-,-,-,8010.0,-,-,0,0,0,0,-,8060,-,-
TXO,202611,20261118.0,38000.0,Call,-,-,-,-,8370.0,-,-,0,0,0,0,8320,-,-,-
TXO,202611,20261118.0,38000.0,Put,160,180,160,180,204.0,▼-10,▼-5.26%,3,3,6,37,197,210,595,143
TXO,202611,20261118.0,38100.0,Call,-,-,-,-,8280.0,-,-,0,0,0,0,8220,-,-,-
TXO,202611,20261118.0,38100.0,Put,-,-,-,-,212.0,-,-,0,0,0,3,205,218,525,192
TXO,202611,20261118.0,38200.0,Call,-,-,-,-,8180.0,-,-,0,0,0,0,8130,8240,-,-
TXO,202611,20261118.0,38200.0,Put,-,-,-,-,220.0,-,-,0,0,0,1,209,223,273,273
TXO,202611,20261118.0,38300.0,Call,-,-,-,-,8090.0,-,-,0,0,0,0,8040,-,-,-
TXO,202611,20261118.0,38300.0,Put,-,-,-,-,227.0,-,-,0,0,0,3,219,233,555,203
TXO,202611,20261118.0,38400.0,Call,-,-,-,-,8000.0,-,-,0,0,0,0,7950,-,-,-
TXO,202611,20261118.0,38400.0,Put,-,-,-,-,231.0,-,-,0,0,0,2,223,237,299,292
TXO,202611,20261118.0,38500.0,Call,-,-,-,-,7900.0,-,-,0,0,0,0,7860,7960,-,-
TXO,202611,20261118.0,38500.0,Put,-,-,-,-,239.0,-,-,0,0,0,10,231,245,585,171
TXO,202611,20261118.0,38600.0,Call,-,-,-,-,7810.0,-,-,0,0,0,0,7760,7870,-,-
TXO,202611,20261118.0,38600.0,Put,-,-,-,-,246.0,-,-,0,0,0,1,238,252,317,317
TXO,202611,20261118.0,38700.0,Call,-,-,-,-,7720.0,-,-,0,0,0,0,7670,-,-,-
TXO,202611,20261118.0,38700.0,Put,-,-,-,-,255.0,-,-,0,0,0,2,246,261,370,230
TXO,202611,20261118.0,38800.0,Call,-,-,-,-,7630.0,-,-,0,0,0,0,7580,-,-,-
TXO,202611,20261118.0,38800.0,Put,-,-,-,-,264.0,-,-,0,0,0,0,253,268,-,-
TXO,202611,20261118.0,38900.0,Call,-,-,-,-,7540.0,-,-,0,0,0,0,7490,-,-,-
TXO,202611,20261118.0,38900.0,Put,-,-,-,-,274.0,-,-,0,0,0,2,265,280,335,191
TXO,202611,20261118.0,39000.0,Call,-,-,-,-,7450.0,-,-,0,0,0,0,7390,-,-,-
TXO,202611,20261118.0,39000.0,Put,253,255,253,255,283.0,▼-11,▼-4.14%,0,2,2,10,274,289,402,200
TXO,202611,20261118.0,39100.0,Call,-,-,-,-,7360.0,-,-,0,0,0,0,7310,-,-,-
TXO,202611,20261118.0,39100.0,Put,-,-,-,-,292.0,-,-,0,0,0,0,280,295,-,-
TXO,202611,20261118.0,39200.0,Call,-,-,-,-,7270.0,-,-,0,0,0,0,7210,-,-,-
TXO,202611,20261118.0,39200.0,Put,243,243,243,243,301.0,▼-40,▼-14.13%,1,1,2,1,292,308,303,206
TXO,202611,20261118.0,39300.0,Call,-,-,-,-,7180.0,-,-,0,0,0,0,7120,-,-,-
TXO,202611,20261118.0,39300.0,Put,-,-,-,-,311.0,-,-,0,0,0,5,302,318,650,610
TXO,202611,20261118.0,39400.0,Call,-,-,-,-,7090.0,-,-,0,0,0,0,7040,-,-,-
TXO,202611,20261118.0,39400.0,Put,-,-,-,-,318.0,-,-,0,0,0,0,308,325,-,-
TXO,202611,20261118.0,39500.0,Call,-,-,-,-,7000.0,-,-,0,0,0,0,6940,-,-,-
TXO,202611,20261118.0,39500.0,Put,-,-,-,-,328.0,-,-,0,0,0,21,319,335,555,234
TXO,202611,20261118.0,39600.0,Call,-,-,-,-,6910.0,-,-,0,0,0,0,6870,-,-,-
TXO,202611,20261118.0,39600.0,Put,-,-,-,-,339.0,-,-,0,0,0,1,329,346,469,469
TXO,202611,20261118.0,39700.0,Call,-,-,-,-,6820.0,-,-,0,0,0,0,6770,-,-,-
TXO,202611,20261118.0,39700.0,Put,-,-,-,-,349.0,-,-,0,0,0,1,339,356,420,413
TXO,202611,20261118.0,39800.0,Call,-,-,-,-,6730.0,-,-,0,0,0,0,6680,-,-,-
TXO,202611,20261118.0,39800.0,Put,-,-,-,-,361.0,-,-,0,0,0,1,351,368,262,262
TXO,202611,20261118.0,39900.0,Call,-,-,-,-,6640.0,-,-,0,0,0,0,6590,6690,-,-
TXO,202611,20261118.0,39900.0,Put,-,-,-,-,374.0,-,-,0,0,0,0,362,379,-,-
TXO,202611,20261118.0,40000.0,Call,-,-,-,-,6560.0,-,-,0,0,0,0,6510,-,-,-
TXO,202611,20261118.0,40000.0,Put,-,-,-,-,388.0,-,-,0,0,0,20,378,396,785,269
TXO,202611,20261118.0,40100.0,Call,-,-,-,-,6470.0,-,-,0,0,0,0,6420,-,-,-
TXO,202611,20261118.0,40100.0,Put,-,-,-,-,397.0,-,-,0,0,0,0,387,405,-,-
TXO,202611,20261118.0,40200.0,Call,-,-,-,-,6380.0,-,-,0,0,0,0,6340,-,-,-
TXO,202611,20261118.0,40200.0,Put,-,-,-,-,411.0,-,-,0,0,0,0,400,418,-,-
TXO,202611,20261118.0,40300.0,Call,-,-,-,-,6300.0,-,-,0,0,0,0,6240,6340,-,-
TXO,202611,20261118.0,40300.0,Put,-,-,-,-,424.0,-,-,0,0,0,0,413,431,-,-
TXO,202611,20261118.0,40400.0,Call,-,-,-,-,6210.0,-,-,0,0,0,0,6160,-,-,-
TXO,202611,20261118.0,40400.0,Put,-,-,-,-,439.0,-,-,0,0,0,0,426,444,-,-
TXO,202611,20261118.0,40500.0,Call,-,-,-,-,6130.0,-,-,0,0,0,0,6070,-,-,-
TXO,202611,20261118.0,40500.0,Put,362,362,362,362,454.0,▼-55,▼-13.19%,0,2,2,5,443,462,417,310
TXO,202611,20261118.0,40600.0,Call,-,-,-,-,6040.0,-,-,0,0,0,0,5980,-,-,-
TXO,202611,20261118.0,40600.0,Put,-,-,-,-,468.0,-,-,0,0,0,0,453,472,-,-
TXO,202611,20261118.0,40700.0,Call,-,-,-,-,5960.0,-,-,0,0,0,0,5910,-,-,-
TXO,202611,20261118.0,40700.0,Put,-,-,-,-,482.0,-,-,0,0,0,4,471,490,930,710
TXO,202611,20261118.0,40800.0,Call,-,-,-,-,5870.0,-,-,0,0,0,0,5810,-,-,-
TXO,202611,20261118.0,40800.0,Put,-,-,-,-,496.0,-,-,0,0,0,1,484,505,610,610
TXO,202611,20261118.0,40900.0,Call,-,-,-,-,5790.0,-,-,0,0,0,0,5730,-,-,-
TXO,202611,20261118.0,40900.0,Put,-,-,-,-,510.0,-,-,0,0,0,0,499,520,-,-
TXO,202611,20261118.0,41000.0,Call,-,-,-,-,5700.0,-,-,0,0,0,0,5640,-,-,-
TXO,202611,20261118.0,41000.0,Put,-,-,-,-,525.0,-,-,1,0,1,5,515,535,990,375
TXO,202611,20261118.0,41100.0,Call,-,-,-,-,5620.0,-,-,0,0,0,0,5560,5660,-,-
TXO,202611,20261118.0,41100.0,Put,-,-,-,-,545.0,-,-,0,0,0,1,530,555,425,425
TXO,202611,20261118.0,41200.0,Call,-,-,-,-,5530.0,-,-,0,0,0,0,5490,-,-,-
TXO,202611,20261118.0,41200.0,Put,-,-,-,-,560.0,-,-,0,0,0,0,545,570,-,-
TXO,202611,20261118.0,41300.0,Call,-,-,-,-,5450.0,-,-,0,0,0,0,5400,-,-,-
TXO,202611,20261118.0,41300.0,Put,-,-,-,-,575.0,-,-,0,0,0,0,560,585,-,-
TXO,202611,20261118.0,41400.0,Call,-,-,-,-,5370.0,-,-,0,0,0,0,5310,-,-,-
TXO,202611,20261118.0,41400.0,Put,-,-,-,-,595.0,-,-,0,0,0,0,580,605,-,-
TXO,202611,20261118.0,41500.0,Call,-,-,-,-,5290.0,-,-,0,0,0,0,5230,5330,-,-
TXO,202611,20261118.0,41500.0,Put,595,600,595,600,600.0,▲+30,▲+5.26%,0,6,6,5,595,620,1040,595
TXO,202611,20261118.0,41600.0,Call,-,-,-,-,5210.0,-,-,0,0,0,0,5150,5250,-,-
TXO,202611,20261118.0,41600.0,Put,-,-,-,-,630.0,-,-,0,0,0,0,615,640,-,-
TXO,202611,20261118.0,41700.0,Call,-,-,-,-,5130.0,-,-,0,0,0,0,5070,5170,-,-
TXO,202611,20261118.0,41700.0,Put,-,-,-,-,650.0,-,-,0,0,0,0,635,660,-,-
TXO,202611,20261118.0,41800.0,Call,-,-,-,-,5040.0,-,-,0,0,0,0,5000,-,-,-
TXO,202611,20261118.0,41800.0,Put,-,-,-,-,665.0,-,-,0,0,0,0,650,680,-,-
TXO,202611,20261118.0,41900.0,Call,-,-,-,-,4970.0,-,-,0,0,0,0,4920,-,-,-
TXO,202611,20261118.0,41900.0,Put,-,-,-,-,690.0,-,-,0,0,0,1,675,700,560,560
TXO,202611,20261118.0,42000.0,Call,-,-,-,-,4890.0,-,-,0,0,0,0,4830,4930,-,-
TXO,202611,20261118.0,42000.0,Put,-,-,-,-,710.0,-,-,2,0,2,7,695,720,750,580
TXO,202611,20261118.0,42100.0,Call,-,-,-,-,4810.0,-,-,0,0,0,0,4750,4850,-,-
TXO,202611,20261118.0,42100.0,Put,-,-,-,-,730.0,-,-,0,0,0,0,710,740,-,-
TXO,202611,20261118.0,42200.0,Call,-,-,-,-,4730.0,-,-,0,0,0,0,4670,4770,-,-
TXO,202611,20261118.0,42200.0,Put,-,-,-,-,750.0,-,-,0,0,0,0,735,760,-,-
TXO,202611,20261118.0,42300.0,Call,-,-,-,-,4650.0,-,-,0,0,0,0,4590,4690,-,-
TXO,202611,20261118.0,42300.0,Put,-,-,-,-,770.0,-,-,0,0,0,0,755,780,-,-
TXO,202611,20261118.0,42400.0,Call,-,-,-,-,4570.0,-,-,0,0,0,0,4520,4620,-,-
TXO,202611,20261118.0,42400.0,Put,-,-,-,-,795.0,-,-,0,0,0,0,775,805,-,-
TXO,202611,20261118.0,42500.0,Call,-,-,-,-,4500.0,-,-,0,0,0,0,4440,4550,-,-
TXO,202611,20261118.0,42500.0,Put,-,-,-,-,815.0,-,-,0,0,0,0,800,825,-,-
TXO,202611,20261118.0,42600.0,Call,-,-,-,-,4420.0,-,-,0,0,0,0,4360,4460,-,-
TXO,202611,20261118.0,42600.0,Put,-,-,-,-,840.0,-,-,0,0,0,0,820,850,605,605
TXO,202611,20261118.0,42700.0,Call,-,-,-,-,4340.0,-,-,0,0,0,0,4290,-,-,-
TXO,202611,20261118.0,42700.0,Put,-,-,-,-,865.0,-,-,0,0,0,0,845,875,1620,915
TXO,202611,20261118.0,42800.0,Call,-,-,-,-,4270.0,-,-,0,0,0,0,4210,4310,-,-
TXO,202611,20261118.0,42800.0,Put,-,-,-,-,890.0,-,-,0,0,0,0,870,900,-,-
TXO,202611,20261118.0,42900.0,Call,-,-,-,-,4190.0,-,-,0,0,0,0,4140,-,-,-
TXO,202611,20261118.0,42900.0,Put,-,-,-,-,915.0,-,-,0,0,0,0,895,925,-,-
TXO,202611,20261118.0,43000.0,Call,-,-,-,-,4120.0,-,-,0,0,0,0,4060,-,-,-
TXO,202611,20261118.0,43000.0,Put,-,-,-,-,940.0,-,-,0,0,0,1,920,950,730,730
TXO,202611,20261118.0,43100.0,Call,-,-,-,-,4050.0,-,-,0,0,0,0,4000,-,-,-
TXO,202611,20261118.0,43100.0,Put,-,-,-,-,965.0,-,-,0,0,0,0,945,975,-,-
TXO,202611,20261118.0,43200.0,Call,-,-,-,-,3970.0,-,-,0,0,0,0,3930,4010,-,-
TXO,202611,20261118.0,43200.0,Put,-,-,-,-,990.0,-,-,0,0,0,0,975,1000,-,-
TXO,202611,20261118.0,43300.0,Call,-,-,-,-,3900.0,-,-,0,0,0,0,3840,3940,-,-
TXO,202611,20261118.0,43300.0,Put,-,-,-,-,1020.0,-,-,1,0,1,1,1000,1030,1040,1040
TXO,202611,20261118.0,43400.0,Call,-,-,-,-,3830.0,-,-,0,0,0,0,3770,-,-,-
TXO,202611,20261118.0,43400.0,Put,-,-,-,-,1050.0,-,-,0,0,0,0,1030,1060,-,-
TXO,202611,20261118.0,43500.0,Call,-,-,-,-,3750.0,-,-,0,0,0,0,3700,3810,-,-
TXO,202611,20261118.0,43500.0,Put,-,-,-,-,1070.0,-,-,0,0,0,2,1050,1080,1070,1070
TXO,202611,20261118.0,43600.0,Call,-,-,-,-,3680.0,-,-,0,0,0,0,3630,3730,-,-
TXO,202611,20261118.0,43600.0,Put,-,-,-,-,1100.0,-,-,0,0,0,1,1080,1110,1070,1070
TXO,202611,20261118.0,43700.0,Call,-,-,-,-,3620.0,-,-,0,0,0,0,3600,3650,-,-
TXO,202611,20261118.0,43700.0,Put,-,-,-,-,1130.0,-,-,0,0,0,0,1110,1140,-,-
TXO,202611,20261118.0,43800.0,Call,-,-,-,-,3550.0,-,-,0,0,0,0,3520,3570,-,-
TXO,202611,20261118.0,43800.0,Put,-,-,-,-,1160.0,-,-,0,0,0,1,1140,1170,920,920
TXO,202611,20261118.0,43900.0,Call,-,-,-,-,3480.0,-,-,0,0,0,0,3460,3510,-,-
TXO,202611,20261118.0,43900.0,Put,-,-,-,-,1200.0,-,-,4,0,4,4,1180,1210,1930,1150
TXO,202611,20261118.0,44000.0,Call,-,-,-,-,3410.0,-,-,0,0,0,0,3380,3440,-,-
TXO,202611,20261118.0,44000.0,Put,-,-,-,-,1230.0,-,-,0,0,0,2,1210,1240,2100,910
TXO,202611,20261118.0,44100.0,Call,-,-,-,-,3340.0,-,-,0,0,0,0,3310,3370,-,-
TXO,202611,20261118.0,44100.0,Put,-,-,-,-,1260.0,-,-,0,0,0,0,1240,1270,-,-
TXO,202611,20261118.0,44200.0,Call,-,-,-,-,3280.0,-,-,0,0,0,0,3240,3300,-,-
TXO,202611,20261118.0,44200.0,Put,-,-,-,-,1290.0,-,-,1,0,1,1,1270,1300,1280,1280
TXO,202611,20261118.0,44300.0,Call,-,-,-,-,3210.0,-,-,0,0,0,0,3180,3240,-,-
TXO,202611,20261118.0,44300.0,Put,-,-,-,-,1320.0,-,-,0,0,0,0,1300,1330,1870,970
TXO,202611,20261118.0,44400.0,Call,-,-,-,-,3150.0,-,-,0,0,0,0,3110,3160,-,-
TXO,202611,20261118.0,44400.0,Put,-,-,-,-,1360.0,-,-,0,0,0,0,1340,1370,-,-
TXO,202611,20261118.0,44500.0,Call,-,-,-,-,3080.0,-,-,0,0,0,0,3050,3100,-,-
TXO,202611,20261118.0,44500.0,Put,-,-,-,-,1390.0,-,-,0,0,0,0,1370,1410,-,-
TXO,202611,20261118.0,44600.0,Call,-,-,-,-,3020.0,-,-,0,0,0,0,2990,3040,-,-
TXO,202611,20261118.0,44600.0,Put,-,-,-,-,1430.0,-,-,0,0,0,0,1410,1440,-,-
TXO,202611,20261118.0,44700.0,Call,-,-,-,-,2950.0,-,-,0,0,0,0,2920,2970,-,-
TXO,202611,20261118.0,44700.0,Put,-,-,-,-,1470.0,-,-,0,0,0,1,1440,1470,2040,2040
TXO,202611,20261118.0,44800.0,Call,-,-,-,-,2890.0,-,-,0,0,0,0,2860,2910,-,-
TXO,202611,20261118.0,44800.0,Put,-,-,-,-,1500.0,-,-,0,0,0,0,1480,1520,-,-
TXO,202611,20261118.0,44900.0,Call,-,-,-,-,2830.0,-,-,0,0,0,0,2800,2850,-,-
TXO,202611,20261118.0,44900.0,Put,-,-,-,-,1540.0,-,-,0,0,0,0,1520,1550,-,-
TXO,202611,20261118.0,45000.0,Call,-,-,-,-,2770.0,-,-,0,0,0,0,2740,2790,-,-
TXO,202611,20261118.0,45000.0,Put,-,-,-,-,1580.0,-,-,1,0,1,2,1560,1590,2580,1190
TXO,202611,20261118.0,45100.0,Call,-,-,-,-,2710.0,-,-,0,0,0,0,2680,2730,-,-
TXO,202611,20261118.0,45100.0,Put,-,-,-,-,1620.0,-,-,0,0,0,0,1600,1640,-,-
TXO,202611,20261118.0,45200.0,Call,-,-,-,-,2660.0,-,-,0,0,0,0,2620,2670,-,-
TXO,202611,20261118.0,45200.0,Put,-,-,-,-,1660.0,-,-,0,0,0,0,1640,1680,-,-
TXO,202611,20261118.0,45300.0,Call,-,-,-,-,2600.0,-,-,0,0,0,0,2560,2610,-,-
TXO,202611,20261118.0,45300.0,Put,-,-,-,-,1700.0,-,-,0,0,0,0,1680,1720,-,-
TXO,202611,20261118.0,45400.0,Call,-,-,-,-,2530.0,-,-,0,0,0,0,2500,2550,-,-
TXO,202611,20261118.0,45400.0,Put,-,-,-,-,1730.0,-,-,0,0,0,4,1710,1750,2790,2740
TXO,202611,20261118.0,45500.0,Call,-,-,-,-,2470.0,-,-,0,0,0,1,2440,2490,3240,3240
TXO,202611,20261118.0,45500.0,Put,-,-,-,-,1780.0,-,-,0,0,0,5,1760,1790,2800,1340
TXO,202611,20261118.0,45600.0,Call,-,-,-,-,2420.0,-,-,0,0,0,0,2390,2440,-,-
TXO,202611,20261118.0,45600.0,Put,-,-,-,-,1820.0,-,-,1,0,1,1,1720,-,1760,1360
TXO,202611,20261118.0,45700.0,Call,-,-,-,-,2360.0,-,-,0,0,0,0,2330,2380,-,-
TXO,202611,20261118.0,45700.0,Put,-,-,-,-,1870.0,-,-,1,0,1,1,1840,1880,1880,1880
TXO,202611,20261118.0,45800.0,Call,-,-,-,-,2310.0,-,-,0,0,0,0,2280,2330,-,-
TXO,202611,20261118.0,45800.0,Put,-,-,-,-,1920.0,-,-,0,0,0,0,1890,1930,1430,1430
TXO,202611,20261118.0,45900.0,Call,-,-,-,-,2250.0,-,-,0,0,0,0,2220,2260,-,-
TXO,202611,20261118.0,45900.0,Put,1810,1810,1810,1810,1960.0,▼-30,▼-1.63%,0,1,1,1,1930,1970,1810,1810
TXO,202611,20261118.0,46000.0,Call,-,-,-,-,2190.0,-,-,0,0,0,1,2170,2220,2680,2680
TXO,202611,20261118.0,46000.0,Put,-,-,-,-,2000.0,-,-,0,0,0,4,1980,2010,2800,1890
TXO,202611,20261118.0,46100.0,Call,-,-,-,-,2140.0,-,-,0,0,0,1,2120,2170,2540,2540
TXO,202611,20261118.0,46100.0,Put,-,-,-,-,2050.0,-,-,0,0,0,0,2020,2070,-,-
TXO,202611,20261118.0,46200.0,Call,-,-,-,-,2090.0,-,-,0,0,0,1,2060,2100,2680,2680
TXO,202611,20261118.0,46200.0,Put,-,-,-,-,2100.0,-,-,0,0,0,0,2070,2120,-,-
TXO,202611,20261118.0,46300.0,Call,-,-,-,-,2030.0,-,-,0,0,0,0,2010,2060,-,-
TXO,202611,20261118.0,46300.0,Put,-,-,-,-,2130.0,-,-,0,0,0,0,2120,2160,-,-
TXO,202611,20261118.0,46400.0,Call,-,-,-,-,1970.0,-,-,0,0,0,0,1960,2000,-,-
TXO,202611,20261118.0,46400.0,Put,-,-,-,-,2180.0,-,-,0,0,0,0,2170,2210,-,-
TXO,202611,20261118.0,46500.0,Call,-,-,-,-,1920.0,-,-,0,0,0,1,1910,1950,2150,1960
TXO,202611,20261118.0,46500.0,Put,-,-,-,-,2230.0,-,-,0,0,0,0,2220,2270,-,-
TXO,202611,20261118.0,46600.0,Call,-,-,-,-,1880.0,-,-,0,0,0,1,1860,1910,2230,2230
TXO,202611,20261118.0,46600.0,Put,-,-,-,-,2280.0,-,-,0,0,0,0,2260,2310,-,-
TXO,202611,20261118.0,46700.0,Call,-,-,-,-,1820.0,-,-,0,0,0,0,1810,1850,-,-
TXO,202611,20261118.0,46700.0,Put,-,-,-,-,2330.0,-,-,0,0,0,0,2320,2360,-,-
TXO,202611,20261118.0,46800.0,Call,-,-,-,-,1780.0,-,-,1,0,1,2,1760,1810,2190,1620
TXO,202611,20261118.0,46800.0,Put,-,-,-,-,2380.0,-,-,2,0,2,6,2370,2410,2520,1840
TXO,202611,20261118.0,46900.0,Call,-,-,-,-,1730.0,-,-,0,0,0,0,1720,1760,-,-
TXO,202611,20261118.0,46900.0,Put,-,-,-,-,2440.0,-,-,0,0,0,1,2420,2470,1840,1840
TXO,202611,20261118.0,47000.0,Call,1910,1910,1900,1900,1680.0,▼-20,▼-1.04%,0,2,2,2,1670,1710,2090,1620
TXO,202611,20261118.0,47000.0,Put,-,-,-,-,2490.0,-,-,0,0,0,5,2470,2510,3820,2040
TXO,202611,20261118.0,47100.0,Call,-,-,-,-,1630.0,-,-,0,0,0,0,1620,1660,-,-
TXO,202611,20261118.0,47100.0,Put,-,-,-,-,2540.0,-,-,0,0,0,0,2530,2580,-,-
TXO,202611,20261118.0,47200.0,Call,-,-,-,-,1590.0,-,-,0,0,0,0,1570,1610,-,-
TXO,202611,20261118.0,47200.0,Put,-,-,-,-,2590.0,-,-,0,0,0,0,2580,2630,-,-
TXO,202611,20261118.0,47300.0,Call,-,-,-,-,1550.0,-,-,0,0,0,0,1530,1570,-,-
TXO,202611,20261118.0,47300.0,Put,-,-,-,-,2650.0,-,-,0,0,0,0,2640,2690,-,-
TXO,202611,20261118.0,47400.0,Call,-,-,-,-,1510.0,-,-,0,0,0,0,1500,1530,-,-
TXO,202611,20261118.0,47400.0,Put,-,-,-,-,2710.0,-,-,0,0,0,0,2690,2740,-,-
TXO,202611,20261118.0,47500.0,Call,-,-,-,-,1460.0,-,-,0,0,0,11,1450,1480,2020,1780
TXO,202611,20261118.0,47500.0,Put,-,-,-,-,2760.0,-,-,0,0,0,0,2750,2800,-,-
TXO,202611,20261118.0,47600.0,Call,-,-,-,-,1420.0,-,-,0,0,0,0,1410,1440,-,-
TXO,202611,20261118.0,47600.0,Put,-,-,-,-,2820.0,-,-,0,0,0,0,2810,2860,-,-
TXO,202611,20261118.0,47700.0,Call,-,-,-,-,1380.0,-,-,0,0,0,0,1370,1400,1950,1950
TXO,202611,20261118.0,47700.0,Put,-,-,-,-,2880.0,-,-,0,0,0,0,2850,2900,-,-
TXO,202611,20261118.0,47800.0,Call,-,-,-,-,1340.0,-,-,0,0,0,0,1330,1360,-,-
TXO,202611,20261118.0,47800.0,Put,-,-,-,-,2940.0,-,-,0,0,0,0,2920,2970,-,-
TXO,202611,20261118.0,47900.0,Call,-,-,-,-,1300.0,-,-,0,0,0,5,1290,1320,1600,1600
TXO,202611,20261118.0,47900.0,Put,-,-,-,-,3000.0,-,-,0,0,0,0,2980,3030,-,-
TXO,202611,20261118.0,48000.0,Call,1430,1430,1250,1250,1250.0,▼-210,▼-14.38%,1,2,3,37,1250,1280,1950,1250
TXO,202611,20261118.0,48000.0,Put,-,-,-,-,3060.0,-,-,0,0,0,4,3040,3090,4280,3040
TXO,202611,20261118.0,48100.0,Call,-,-,-,-,1220.0,-,-,0,0,0,0,1210,1240,-,-
TXO,202611,20261118.0,48100.0,Put,-,-,-,-,3120.0,-,-,0,0,0,0,3110,3160,-,-
TXO,202611,20261118.0,48200.0,Call,-,-,-,-,1190.0,-,-,0,0,0,0,1170,1210,-,-
TXO,202611,20261118.0,48200.0,Put,-,-,-,-,3180.0,-,-,0,0,0,0,3160,3220,-,-
TXO,202611,20261118.0,48300.0,Call,-,-,-,-,1150.0,-,-,0,0,0,0,1140,1170,-,-
TXO,202611,20261118.0,48300.0,Put,-,-,-,-,3250.0,-,-,0,0,0,0,3220,3270,-,-
TXO,202611,20261118.0,48400.0,Call,-,-,-,-,1120.0,-,-,0,0,0,0,1100,1130,-,-
TXO,202611,20261118.0,48400.0,Put,-,-,-,-,3310.0,-,-,0,0,0,0,3290,3350,-,-
TXO,202611,20261118.0,48500.0,Call,1280,1280,1140,1140,1080.0,▼-130,▼-10.24%,0,2,2,0,1070,1100,1280,1140
TXO,202611,20261118.0,48500.0,Put,-,-,-,-,3380.0,-,-,0,0,0,0,3360,3420,-,-
TXO,202611,20261118.0,48600.0,Call,-,-,-,-,1040.0,-,-,0,0,0,0,1030,1060,-,-
TXO,202611,20261118.0,48600.0,Put,-,-,-,-,3440.0,-,-,0,0,0,0,3420,3480,-,-
TXO,202611,20261118.0,48700.0,Call,-,-,-,-,1010.0,-,-,0,0,0,0,995,1030,-,-
TXO,202611,20261118.0,48700.0,Put,-,-,-,-,3510.0,-,-,0,0,0,0,3490,3550,-,-
TXO,202611,20261118.0,48800.0,Call,-,-,-,-,980.0,-,-,0,0,0,2,970,1000,1500,1040
TXO,202611,20261118.0,48800.0,Put,-,-,-,-,3580.0,-,-,0,0,0,0,3560,3620,-,-
TXO,202611,20261118.0,48900.0,Call,-,-,-,-,950.0,-,-,0,0,0,0,940,970,-,-
TXO,202611,20261118.0,48900.0,Put,-,-,-,-,3650.0,-,-,0,0,0,0,3630,3690,-,-
TXO,202611,20261118.0,49000.0,Call,-,-,-,-,920.0,-,-,2,0,2,2,900,930,970,950
TXO,202611,20261118.0,49000.0,Put,-,-,-,-,3720.0,-,-,0,0,0,4,3700,3740,4900,3640
TXO,202611,20261118.0,49100.0,Call,-,-,-,-,890.0,-,-,0,0,0,0,880,910,-,-
TXO,202611,20261118.0,49100.0,Put,-,-,-,-,3790.0,-,-,0,0,0,0,3750,3820,-,-
TXO,202611,20261118.0,49200.0,Call,-,-,-,-,860.0,-,-,2,0,2,2,850,880,1050,920
TXO,202611,20261118.0,49200.0,Put,-,-,-,-,3860.0,-,-,0,0,0,0,3820,3910,-,-
TXO,202611,20261118.0,49300.0,Call,-,-,-,-,830.0,-,-,0,0,0,0,820,850,-,-
TXO,202611,20261118.0,49300.0,Put,-,-,-,-,3930.0,-,-,0,0,0,0,3890,3980,-,-
TXO,202611,20261118.0,49400.0,Call,-,-,-,-,805.0,-,-,0,0,0,0,785,815,-,-
TXO,202611,20261118.0,49400.0,Put,-,-,-,-,4000.0,-,-,0,0,0,0,3960,-,-,-
TXO,202611,20261118.0,49500.0,Call,-,-,-,-,775.0,-,-,0,0,0,0,765,795,1160,1120
TXO,202611,20261118.0,49500.0,Put,-,-,-,-,4070.0,-,-,0,0,0,0,-,4130,-,-
TXO,202611,20261118.0,49600.0,Call,-,-,-,-,750.0,-,-,0,0,0,0,740,770,-,-
TXO,202611,20261118.0,49600.0,Put,-,-,-,-,4140.0,-,-,0,0,0,0,3800,4200,-,-
TXO,202611,20261118.0,49700.0,Call,-,-,-,-,725.0,-,-,0,0,0,0,715,745,-,-
TXO,202611,20261118.0,49700.0,Put,-,-,-,-,4220.0,-,-,0,0,0,0,4180,4260,-,-
TXO,202611,20261118.0,49800.0,Call,-,-,-,-,700.0,-,-,0,0,0,0,680,710,-,-
TXO,202611,20261118.0,49800.0,Put,-,-,-,-,4290.0,-,-,0,0,0,0,-,4340,-,-
TXO,202611,20261118.0,49900.0,Call,-,-,-,-,680.0,-,-,0,0,0,0,655,685,-,-
TXO,202611,20261118.0,49900.0,Put,-,-,-,-,4370.0,-,-,0,0,0,0,4330,-,-,-
TXO,202611,20261118.0,50000.0,Call,-,-,-,-,655.0,-,-,0,0,0,21,645,670,990,655
TXO,202611,20261118.0,50000.0,Put,-,-,-,-,4450.0,-,-,0,0,0,0,4100,4500,5850,4670
TXO,202611,20261118.0,50100.0,Call,-,-,-,-,630.0,-,-,0,0,0,0,620,650,-,-
TXO,202611,20261118.0,50100.0,Put,-,-,-,-,4520.0,-,-,0,0,0,0,-,4580,-,-
TXO,202611,20261118.0,50200.0,Call,-,-,-,-,610.0,-,-,0,0,0,0,600,625,-,-
TXO,202611,20261118.0,50200.0,Put,-,-,-,-,4600.0,-,-,0,0,0,0,4560,-,-,-
TXO,202611,20261118.0,50300.0,Call,-,-,-,-,580.0,-,-,0,0,0,6,570,600,895,605
TXO,202611,20261118.0,50300.0,Put,-,-,-,-,4670.0,-,-,0,0,0,0,4640,4740,-,-
TXO,202611,20261118.0,50400.0,Call,-,-,-,-,560.0,-,-,0,0,0,0,550,575,610,580
TXO,202611,20261118.0,50400.0,Put,-,-,-,-,4750.0,-,-,0,0,0,0,-,4810,-,-
TXO,202611,20261118.0,50500.0,Call,-,-,-,-,540.0,-,-,0,0,0,5,530,555,770,550
TXO,202611,20261118.0,50500.0,Put,-,-,-,-,4830.0,-,-,0,0,0,0,4480,4890,-,-
TXO,202611,20261118.0,50600.0,Call,-,-,-,-,520.0,-,-,0,0,0,5,510,535,810,745
TXO,202611,20261118.0,50600.0,Put,-,-,-,-,4910.0,-,-,0,0,0,0,4570,4970,-,-
TXO,202611,20261118.0,50700.0,Call,-,-,-,-,500.0,-,-,0,0,0,5,494,515,820,625
TXO,202611,20261118.0,50700.0,Put,-,-,-,-,4990.0,-,-,0,0,0,0,-,5050,-,-
TXO,202611,20261118.0,50800.0,Call,-,-,-,-,484.0,-,-,0,0,0,5,476,497,690,585
TXO,202611,20261118.0,50800.0,Put,-,-,-,-,5070.0,-,-,0,0,0,0,5040,5140,-,-
TXO,202611,20261118.0,50900.0,Call,-,-,-,-,468.0,-,-,0,0,0,5,459,479,675,620
TXO,202611,20261118.0,50900.0,Put,-,-,-,-,5160.0,-,-,0,0,0,0,4810,5220,-,-
TXO,202611,20261118.0,51000.0,Call,535,535,443,443,443.0,▼-117,▼-20.89%,0,2,2,12,441,461,725,443
TXO,202611,20261118.0,51000.0,Put,-,-,-,-,5240.0,-,-,0,0,0,0,5200,5300,-,-
TXO,202611,20261118.0,51100.0,Call,515,515,515,515,436.0,▼-40,▼-7.21%,0,1,1,5,424,444,630,400
TXO,202611,20261118.0,51100.0,Put,-,-,-,-,5320.0,-,-,0,0,0,0,4970,5380,-,-
TXO,202611,20261118.0,51200.0,Call,-,-,-,-,421.0,-,-,0,0,0,5,413,433,610,610
TXO,202611,20261118.0,51200.0,Put,-,-,-,-,5410.0,-,-,0,0,0,0,5370,5460,-,-
TXO,202611,20261118.0,51300.0,Call,-,-,-,-,406.0,-,-,0,0,0,5,394,413,590,590
TXO,202611,20261118.0,51300.0,Put,-,-,-,-,5490.0,-,-,0,0,0,0,5450,-,-,-
TXO,202611,20261118.0,51400.0,Call,-,-,-,-,391.0,-,-,0,0,0,5,377,396,580,580
TXO,202611,20261118.0,51400.0,Put,-,-,-,-,5580.0,-,-,0,0,0,0,-,5630,-,-
TXO,202611,20261118.0,51500.0,Call,-,-,-,-,376.0,-,-,0,0,0,5,364,383,555,421
TXO,202611,20261118.0,51500.0,Put,-,-,-,-,5660.0,-,-,0,0,0,0,5620,5720,-,-
TXO,202611,20261118.0,51600.0,Call,-,-,-,-,362.0,-,-,0,0,0,5,355,373,540,540
TXO,202611,20261118.0,51600.0,Put,-,-,-,-,5750.0,-,-,0,0,0,0,-,5800,-,-
TXO,202611,20261118.0,51700.0,Call,-,-,-,-,347.0,-,-,3,0,3,4,340,358,555,311
TXO,202611,20261118.0,51700.0,Put,-,-,-,-,5830.0,-,-,0,0,0,0,5790,5890,-,-
TXO,202611,20261118.0,51800.0,Call,-,-,-,-,335.0,-,-,0,0,0,2,328,345,515,316
TXO,202611,20261118.0,51800.0,Put,-,-,-,-,5920.0,-,-,0,0,0,0,-,5980,-,-
TXO,202611,20261118.0,51900.0,Call,-,-,-,-,322.0,-,-,0,0,0,3,315,332,510,310
TXO,202611,20261118.0,51900.0,Put,-,-,-,-,6010.0,-,-,0,0,0,0,-,6060,-,-
TXO,202611,20261118.0,52000.0,Call,-,-,-,-,309.0,-,-,22,0,22,8,303,319,500,272
TXO,202611,20261118.0,52000.0,Put,-,-,-,-,6090.0,-,-,0,0,0,0,5740,6150,-,-
TXO,202611,20261118.0,52100.0,Call,-,-,-,-,298.0,-,-,0,0,0,15,291,308,475,272
TXO,202611,20261118.0,52100.0,Put,-,-,-,-,6180.0,-,-,0,0,0,0,6140,6230,-,-
TXO,202611,20261118.0,52200.0,Call,-,-,-,-,287.0,-,-,0,0,0,0,278,294,-,-
TXO,202611,20261118.0,52200.0,Put,-,-,-,-,6270.0,-,-,0,0,0,0,5900,6330,-,-
TXO,202611,20261118.0,52300.0,Call,343,343,318,318,276.0,▼-35,▼-9.92%,0,2,2,2,270,285,343,318
TXO,202611,20261118.0,52300.0,Put,-,-,-,-,6360.0,-,-,0,0,0,0,-,6420,-,-
TXO,202611,20261118.0,52400.0,Call,-,-,-,-,262.0,-,-,0,0,0,0,256,271,-,-
TXO,202611,20261118.0,52400.0,Put,-,-,-,-,6440.0,-,-,0,0,0,0,6090,-,-,-
TXO,202611,20261118.0,52500.0,Call,315,315,252,252,252.0,▼-76,▼-23.17%,0,2,2,7,247,262,400,252
TXO,202611,20261118.0,52500.0,Put,-,-,-,-,6540.0,-,-,0,0,0,0,-,-,-,-
TXO,202611,20261118.0,52600.0,Call,-,-,-,-,244.0,-,-,0,0,0,0,237,252,-,-
TXO,202611,20261118.0,52600.0,Put,-,-,-,-,6630.0,-,-,0,0,0,0,6580,-,-,-
TXO,202611,20261118.0,52700.0,Call,-,-,-,-,235.0,-,-,0,0,0,0,229,244,373,373
TXO,202611,20261118.0,52700.0,Put,-,-,-,-,6720.0,-,-,0,0,0,0,6260,-,-,-
TXO,202611,20261118.0,52800.0,Call,-,-,-,-,228.0,-,-,0,0,0,4,222,236,371,352
TXO,202611,20261118.0,52800.0,Put,-,-,-,-,6810.0,-,-,0,0,0,0,-,6870,-,-
TXO,202611,20261118.0,52900.0,Call,-,-,-,-,219.0,-,-,0,0,0,1,213,227,325,236
TXO,202611,20261118.0,52900.0,Put,-,-,-,-,6900.0,-,-,0,0,0,0,-,6960,-,-
TXO,202611,20261118.0,53000.0,Call,-,-,-,-,211.0,-,-,0,0,0,0,203,217,-,-
TXO,202611,20261118.0,53000.0,Put,-,-,-,-,6990.0,-,-,0,0,0,0,6950,7040,-,-
TXO,202611,20261118.0,53100.0,Call,-,-,-,-,203.0,-,-,0,0,0,0,195,208,-,-
TXO,202611,20261118.0,53100.0,Put,-,-,-,-,7080.0,-,-,0,0,0,0,7040,7140,-,-
TXO,202611,20261118.0,53200.0,Call,-,-,-,-,196.0,-,-,0,0,0,2,189,203,246,246
TXO,202611,20261118.0,53200.0,Put,-,-,-,-,7170.0,-,-,0,0,0,0,6790,-,-,-
TXO,202611,20261118.0,53300.0,Call,225,230,225,230,188.0,▼-15,▼-6.12%,0,4,4,5,182,195,335,187
TXO,202611,20261118.0,53300.0,Put,-,-,-,-,7270.0,-,-,0,0,0,0,-,7320,-,-
TXO,202611,20261118.0,53400.0,Call,-,-,-,-,181.0,-,-,0,0,0,0,174,187,-,-
TXO,202611,20261118.0,53400.0,Put,-,-,-,-,7360.0,-,-,0,0,0,0,-,7420,-,-
TXO,202611,20261118.0,53500.0,Call,-,-,-,-,174.0,-,-,0,0,0,0,167,179,-,-
TXO,202611,20261118.0,53500.0,Put,-,-,-,-,7450.0,-,-,0,0,0,0,7080,7500,-,-
TXO,202611,20261118.0,53600.0,Call,-,-,-,-,168.0,-,-,0,0,0,0,160,172,-,-
TXO,202611,20261118.0,53600.0,Put,-,-,-,-,7550.0,-,-,0,0,0,0,7160,7600,-,-
TXO,202611,20261118.0,53700.0,Call,-,-,-,-,161.0,-,-,0,0,0,0,154,167,-,-
TXO,202611,20261118.0,53700.0,Put,-,-,-,-,7640.0,-,-,0,0,0,0,-,-,-,-
TXO,202611,20261118.0,53800.0,Call,-,-,-,-,155.0,-,-,0,0,0,0,148,160,-,-
TXO,202611,20261118.0,53800.0,Put,-,-,-,-,7730.0,-,-,0,0,0,0,7340,-,-,-
TXO,202611,20261118.0,53900.0,Call,-,-,-,-,149.0,-,-,0,0,0,0,141,153,-,-
TXO,202611,20261118.0,53900.0,Put,-,-,-,-,7830.0,-,-,0,0,0,0,-,7880,-,-
TXO,202611,20261118.0,54000.0,Call,-,-,-,-,143.0,-,-,1,0,1,2,138,150,178,161
TXO,202611,20261118.0,54000.0,Put,-,-,-,-,7920.0,-,-,0,0,0,0,-,7980,-,-
TXO,202612,20261216.0,25200.0,Call,-,-,-,-,21050.0,-,-,0,0,0,2,21000,21270,22620,13580
TXO,202612,20261216.0,25200.0,Put,38.5,38.5,38.5,38.5,35.0,▲+2,▲+5.48%,6,1,7,169,32.5,37,985,33
TXO,202612,20261216.0,25400.0,Call,-,-,-,-,20860.0,-,-,0,0,0,0,20770,21050,-,-
TXO,202612,20261216.0,25400.0,Put,-,-,-,-,37.5,-,-,0,0,0,6,33.5,41.5,610,84
TXO,202612,20261216.0,25600.0,Call,-,-,-,-,20660.0,-,-,0,0,0,0,20570,20850,-,-
TXO,202612,20261216.0,25600.0,Put,-,-,-,-,38.5,-,-,0,0,0,12,34.5,42.5,750,86
TXO,202612,20261216.0,25800.0,Call,-,-,-,-,20460.0,-,-,0,0,0,0,20380,20650,-,-
TXO,202612,20261216.0,25800.0,Put,-,-,-,-,39.5,-,-,0,0,0,6,35.5,43.5,505,75
TXO,202612,20261216.0,26000.0,Call,-,-,-,-,20260.0,-,-,0,0,0,1,20180,20450,17230,7550
TXO,202612,20261216.0,26000.0,Put,-,-,-,-,41.0,-,-,12,0,12,83,37,45,1390,45
TXO,202612,20261216.0,26200.0,Call,-,-,-,-,20070.0,-,-,0,0,0,0,19980,20250,-,-
TXO,202612,20261216.0,26200.0,Put,-,-,-,-,42.0,-,-,0,0,0,7,38,46,1430,49
TXO,202612,20261216.0,26400.0,Call,-,-,-,-,19870.0,-,-,0,0,0,0,19790,20050,-,-
TXO,202612,20261216.0,26400.0,Put,-,-,-,-,43.5,-,-,0,0,0,13,-,143,1250,80
TXO,202612,20261216.0,26600.0,Call,-,-,-,-,19670.0,-,-,0,0,0,0,19590,19850,-,-
TXO,202612,20261216.0,26600.0,Put,-,-,-,-,44.5,-,-,0,0,0,1,-,-,765,64
TXO,202612,20261216.0,26800.0,Call,-,-,-,-,19470.0,-,-,0,0,0,0,19390,19650,-,-
TXO,202612,20261216.0,26800.0,Put,-,-,-,-,45.5,-,-,0,0,0,3,-,-,1500,57
TXO,202612,20261216.0,27000.0,Call,-,-,-,-,19270.0,-,-,0,0,0,1,19220,19470,18990,7500
TXO,202612,20261216.0,27000.0,Put,-,-,-,-,47.0,-,-,0,0,0,7,-,-,1590,88
TXO,202612,20261216.0,27200.0,Call,-,-,-,-,19080.0,-,-,0,0,0,0,19000,19250,-,-
TXO,202612,20261216.0,27200.0,Put,-,-,-,-,48.0,-,-,0,0,0,1,-,148,710,215
TXO,202612,20261216.0,27400.0,Call,-,-,-,-,18880.0,-,-,0,0,0,0,18810,19070,-,-
TXO,202612,20261216.0,27400.0,Put,-,-,-,-,49.5,-,-,0,0,0,16,-,-,1580,60
TXO,202612,20261216.0,27600.0,Call,-,-,-,-,18680.0,-,-,0,0,0,0,18600,18870,-,-
TXO,202612,20261216.0,27600.0,Put,-,-,-,-,51.0,-,-,0,0,0,7,-,150,1300,61
TXO,202612,20261216.0,27800.0,Call,-,-,-,-,18480.0,-,-,0,0,0,0,18410,18650,-,-
TXO,202612,20261216.0,27800.0,Put,-,-,-,-,52.0,-,-,6,0,6,8,-,-,1550,56
TXO,202612,20261216.0,28000.0,Call,-,-,-,-,18290.0,-,-,0,0,0,0,18210,18450,-,-
TXO,202612,20261216.0,28000.0,Put,-,-,-,-,53.0,-,-,0,0,0,19,-,153,1680,52
TXO,202612,20261216.0,28200.0,Call,-,-,-,-,18090.0,-,-,0,0,0,0,18010,18240,-,-
TXO,202612,20261216.0,28200.0,Put,-,-,-,-,55.0,-,-,0,0,0,8,50,59,1820,60
TXO,202612,20261216.0,28400.0,Call,-,-,-,-,17890.0,-,-,0,0,0,0,17820,18050,-,-
TXO,202612,20261216.0,28400.0,Put,-,-,-,-,56.0,-,-,0,0,0,4,-,156,1400,60
TXO,202612,20261216.0,28600.0,Call,-,-,-,-,17690.0,-,-,0,0,0,0,17620,17860,-,-
TXO,202612,20261216.0,28600.0,Put,-,-,-,-,58.0,-,-,0,0,0,4,53,62,1500,60
TXO,202612,20261216.0,28800.0,Call,-,-,-,-,17500.0,-,-,0,0,0,0,17410,17650,-,-
TXO,202612,20261216.0,28800.0,Put,-,-,-,-,59.0,-,-,0,0,0,6,54,63,1550,60
TXO,202612,20261216.0,29000.0,Call,-,-,-,-,17300.0,-,-,0,0,0,0,17220,17460,-,-
TXO,202612,20261216.0,29000.0,Put,-,-,-,-,61.0,-,-,0,0,0,4,56,66,1860,119
TXO,202612,20261216.0,29200.0,Call,-,-,-,-,17100.0,-,-,0,0,0,0,17020,17260,-,-
TXO,202612,20261216.0,29200.0,Put,-,-,-,-,62.0,-,-,0,0,0,3,56,66,1860,260
TXO,202612,20261216.0,29400.0,Call,-,-,-,-,16900.0,-,-,0,0,0,0,16830,17060,-,-
TXO,202612,20261216.0,29400.0,Put,-,-,-,-,63.0,-,-,0,0,0,2,58,68,1700,146
TXO,202612,20261216.0,29600.0,Call,-,-,-,-,16710.0,-,-,0,0,0,0,16630,16860,-,-
TXO,202612,20261216.0,29600.0,Put,-,-,-,-,64.0,-,-,0,0,0,1,59,69,1650,241
TXO,202612,20261216.0,29800.0,Call,-,-,-,-,16510.0,-,-,0,0,0,0,16440,16660,11600,5120
TXO,202612,20261216.0,29800.0,Put,-,-,-,-,66.0,-,-,0,0,0,3,61,71,1700,128
TXO,202612,20261216.0,30000.0,Call,-,-,-,-,16310.0,-,-,0,0,0,0,16250,16460,11910,4660
TXO,202612,20261216.0,30000.0,Put,65,71,65,71,68.0,▲+3,▲+4.41%,0,4,4,68,62,73,1880,56
TXO,202612,20261216.0,30200.0,Call,-,-,-,-,16110.0,-,-,0,0,0,0,16040,16260,14870,4700
TXO,202612,20261216.0,30200.0,Put,-,-,-,-,70.0,-,-,0,0,0,2,64,75,715,98
TXO,202612,20261216.0,30400.0,Call,-,-,-,-,15920.0,-,-,0,0,0,0,15850,16060,-,-
TXO,202612,20261216.0,30400.0,Put,-,-,-,-,71.0,-,-,0,0,0,2,65,76,510,101
TXO,202612,20261216.0,30600.0,Call,-,-,-,-,15720.0,-,-,0,0,0,0,15650,15860,-,-
TXO,202612,20261216.0,30600.0,Put,-,-,-,-,73.0,-,-,0,0,0,2,67,78,2010,67
TXO,202612,20261216.0,30800.0,Call,-,-,-,-,15520.0,-,-,0,0,0,0,15460,15670,-,-
TXO,202612,20261216.0,30800.0,Put,-,-,-,-,75.0,-,-,0,0,0,10,69,80,2700,107
TXO,202612,20261216.0,31000.0,Call,-,-,-,-,15330.0,-,-,0,0,0,0,15260,15470,-,-
TXO,202612,20261216.0,31000.0,Put,-,-,-,-,77.0,-,-,0,0,0,25,71,82,1220,71
TXO,202612,20261216.0,31200.0,Call,-,-,-,-,15130.0,-,-,0,0,0,0,15060,15270,4700,3750
TXO,202612,20261216.0,31200.0,Put,-,-,-,-,79.0,-,-,0,0,0,4,73,84,730,180
TXO,202612,20261216.0,31400.0,Call,-,-,-,-,14930.0,-,-,0,0,0,0,14870,15070,-,-
TXO,202612,20261216.0,31400.0,Put,-,-,-,-,80.0,-,-,0,0,0,1,74,85,198,198
TXO,202612,20261216.0,31600.0,Call,-,-,-,-,14740.0,-,-,0,0,0,0,14670,14870,7950,5480
TXO,202612,20261216.0,31600.0,Put,-,-,-,-,83.0,-,-,0,0,0,1,77,88,1870,125
TXO,202612,20261216.0,31800.0,Call,-,-,-,-,14540.0,-,-,0,0,0,0,14470,14670,10560,5580
TXO,202612,20261216.0,31800.0,Put,-,-,-,-,85.0,-,-,0,0,0,1,79,90,200,150
TXO,202612,20261216.0,32000.0,Call,-,-,-,-,14340.0,-,-,0,0,0,0,14280,14460,9600,3560
TXO,202612,20261216.0,32000.0,Put,-,-,-,-,87.0,-,-,1,0,1,5,81,92,3270,86
TXO,202612,20261216.0,32200.0,Call,-,-,-,-,14140.0,-,-,0,0,0,0,14090,14280,-,-
TXO,202612,20261216.0,32200.0,Put,-,-,-,-,89.0,-,-,0,0,0,3,83,94,3130,430
TXO,202612,20261216.0,32400.0,Call,-,-,-,-,13950.0,-,-,0,0,0,0,13890,14080,11650,3460
TXO,202612,20261216.0,32400.0,Put,-,-,-,-,92.0,-,-,0,0,0,3,86,97,3250,144
TXO,202612,20261216.0,32600.0,Call,-,-,-,-,13750.0,-,-,0,0,0,0,13690,13880,-,-
TXO,202612,20261216.0,32600.0,Put,-,-,-,-,94.0,-,-,1,0,1,11,88,99,1160,101
TXO,202612,20261216.0,32800.0,Call,-,-,-,-,13560.0,-,-,0,0,0,0,13490,13680,-,-
TXO,202612,20261216.0,32800.0,Put,-,-,-,-,97.0,-,-,0,0,0,7,91,102,1920,199
TXO,202612,20261216.0,33000.0,Call,-,-,-,-,13360.0,-,-,0,0,0,0,13300,13470,13520,3000
TXO,202612,20261216.0,33000.0,Put,-,-,-,-,100.0,-,-,0,0,0,60,94,105,3280,136
TXO,202612,20261216.0,33200.0,Call,-,-,-,-,13160.0,-,-,0,0,0,0,13100,13290,4180,3280
TXO,202612,20261216.0,33200.0,Put,-,-,-,-,103.0,-,-,0,0,0,1,97,108,780,95
TXO,202612,20261216.0,33400.0,Call,-,-,-,-,12970.0,-,-,0,0,0,0,12910,13090,10800,2780
TXO,202612,20261216.0,33400.0,Put,-,-,-,-,107.0,-,-,0,0,0,2,100,114,3450,500
TXO,202612,20261216.0,33600.0,Call,-,-,-,-,12770.0,-,-,0,0,0,0,12710,12900,10850,2640
TXO,202612,20261216.0,33600.0,Put,101,101,101,101,110.0,▼-7,▼-6.48%,0,1,1,5,101,118,4010,101
TXO,202612,20261216.0,33800.0,Call,-,-,-,-,12580.0,-,-,0,0,0,0,12520,12680,-,-
TXO,202612,20261216.0,33800.0,Put,-,-,-,-,114.0,-,-,0,0,0,0,105,122,1670,995
TXO,202612,20261216.0,34000.0,Call,-,-,-,-,12380.0,-,-,0,0,0,0,12330,12500,12700,3130
TXO,202612,20261216.0,34000.0,Put,-,-,-,-,118.0,-,-,2,0,2,141,108,127,3620,100
TXO,202612,20261216.0,34200.0,Call,-,-,-,-,12190.0,-,-,0,0,0,0,12130,12300,8850,5200
TXO,202612,20261216.0,34200.0,Put,-,-,-,-,122.0,-,-,0,0,0,1,112,132,1780,620
TXO,202612,20261216.0,34400.0,Call,-,-,-,-,11990.0,-,-,0,0,0,0,11930,12110,-,-
TXO,202612,20261216.0,34400.0,Put,-,-,-,-,127.0,-,-,0,0,0,2,117,137,2600,438
TXO,202612,20261216.0,34600.0,Call,-,-,-,-,11800.0,-,-,0,0,0,0,11740,11910,-,-
TXO,202612,20261216.0,34600.0,Put,-,-,-,-,132.0,-,-,0,0,0,3,121,143,2670,116
TXO,202612,20261216.0,34800.0,Call,-,-,-,-,11610.0,-,-,0,0,0,0,11550,11720,4830,3240
TXO,202612,20261216.0,34800.0,Put,-,-,-,-,138.0,-,-,0,0,0,1,126,149,3120,330
TXO,202612,20261216.0,35000.0,Call,-,-,-,-,11420.0,-,-,0,0,0,0,11350,11520,12910,2200
TXO,202612,20261216.0,35000.0,Put,-,-,-,-,147.0,-,-,0,0,0,38,134,158,2100,120
TXO,202612,20261216.0,35200.0,Call,-,-,-,-,11220.0,-,-,0,0,0,0,11160,11330,4590,3370
TXO,202612,20261216.0,35200.0,Put,-,-,-,-,151.0,-,-,0,0,0,2,137,163,3000,400
TXO,202612,20261216.0,35400.0,Call,-,-,-,-,11030.0,-,-,0,0,0,0,10970,11130,9450,3340
TXO,202612,20261216.0,35400.0,Put,-,-,-,-,158.0,-,-,0,0,0,0,144,170,1300,350
TXO,202612,20261216.0,35600.0,Call,-,-,-,-,10840.0,-,-,0,0,0,0,10790,10940,12870,2380
TXO,202612,20261216.0,35600.0,Put,-,-,-,-,165.0,-,-,0,0,0,1,150,179,4020,193
TXO,202612,20261216.0,35800.0,Call,-,-,-,-,10650.0,-,-,0,0,0,0,10590,10750,7020,6410
TXO,202612,20261216.0,35800.0,Put,-,-,-,-,174.0,-,-,0,0,0,1,158,188,2000,1020
TXO,202612,20261216.0,36000.0,Call,-,-,-,-,10460.0,-,-,0,0,0,1,10400,10570,8050,1950
TXO,202612,20261216.0,36000.0,Put,190,190,190,190,190.0,▲+14,▲+7.95%,3,8,11,120,168,200,3300,145
TXO,202612,20261216.0,36200.0,Call,-,-,-,-,10270.0,-,-,0,0,0,0,10210,10360,7130,1470
TXO,202612,20261216.0,36200.0,Put,-,-,-,-,192.0,-,-,0,0,0,0,175,208,-,-
TXO,202612,20261216.0,36400.0,Call,-,-,-,-,10080.0,-,-,0,0,0,0,10020,10170,10490,1390
TXO,202612,20261216.0,36400.0,Put,-,-,-,-,202.0,-,-,0,0,0,1,184,219,2020,1450
TXO,202612,20261216.0,36600.0,Call,-,-,-,-,9890.0,-,-,0,0,0,0,9830,9980,6880,1320
TXO,202612,20261216.0,36600.0,Put,-,-,-,-,213.0,-,-,0,0,0,5,195,230,2130,171
TXO,202612,20261216.0,36800.0,Call,-,-,-,-,9700.0,-,-,0,0,0,0,9640,9800,11890,1260
TXO,202612,20261216.0,36800.0,Put,-,-,-,-,224.0,-,-,0,0,0,50,206,241,2670,197
TXO,202612,20261216.0,37000.0,Call,-,-,-,-,9520.0,-,-,0,0,0,4,9460,9640,12020,1350
TXO,202612,20261216.0,37000.0,Put,227,227,227,227,227.0,▲+2,▲+0.89%,1,1,2,99,222,257,3150,182
TXO,202612,20261216.0,37200.0,Call,-,-,-,-,9330.0,-,-,0,0,0,0,9270,9420,9030,1740
TXO,202612,20261216.0,37200.0,Put,-,-,-,-,251.0,-,-,0,0,0,9,233,268,1070,231
TXO,202612,20261216.0,37400.0,Call,-,-,-,-,9150.0,-,-,0,0,0,0,9080,9230,10760,1280
TXO,202612,20261216.0,37400.0,Put,-,-,-,-,265.0,-,-,0,0,0,12,247,282,1540,206
TXO,202612,20261216.0,37600.0,Call,-,-,-,-,8960.0,-,-,0,0,0,2,8900,9100,1260,1260
TXO,202612,20261216.0,37600.0,Put,-,-,-,-,280.0,-,-,0,0,0,7,262,297,2950,399
TXO,202612,20261216.0,37800.0,Call,-,-,-,-,8780.0,-,-,0,0,0,0,8720,8870,11540,1240
TXO,202612,20261216.0,37800.0,Put,-,-,-,-,298.0,-,-,0,0,0,14,279,314,2900,353
TXO,202612,20261216.0,38000.0,Call,-,-,-,-,8600.0,-,-,0,0,0,18,8530,8690,8700,1230
TXO,202612,20261216.0,38000.0,Put,-,-,-,-,318.0,-,-,8,0,8,177,299,334,3430,238
TXO,202612,20261216.0,38200.0,Call,-,-,-,-,8420.0,-,-,0,0,0,0,8360,8500,7280,1200
TXO,202612,20261216.0,38200.0,Put,-,-,-,-,333.0,-,-,0,0,0,6,314,349,1900,494
TXO,202612,20261216.0,38400.0,Call,-,-,-,-,8240.0,-,-,0,0,0,0,8170,8320,7140,1270
TXO,202612,20261216.0,38400.0,Put,-,-,-,-,353.0,-,-,0,0,0,2,334,369,835,300
TXO,202612,20261216.0,38600.0,Call,-,-,-,-,8060.0,-,-,0,0,0,3,8000,8200,10540,1080
TXO,202612,20261216.0,38600.0,Put,-,-,-,-,373.0,-,-,0,0,0,12,354,389,3100,505
TXO,202612,20261216.0,38800.0,Call,-,-,-,-,7890.0,-,-,0,0,0,0,7820,7960,10770,775
TXO,202612,20261216.0,38800.0,Put,-,-,-,-,395.0,-,-,0,0,0,2,376,411,1510,310
TXO,202612,20261216.0,39000.0,Call,-,-,-,-,7710.0,-,-,0,0,0,4,7640,7770,9290,1100
TXO,202612,20261216.0,39000.0,Put,411,411,411,411,411.0,▲+26,▲+6.75%,5,1,6,118,400,430,3690,315
TXO,202612,20261216.0,39200.0,Call,-,-,-,-,7530.0,-,-,0,0,0,0,7470,7610,10280,1290
TXO,202612,20261216.0,39200.0,Put,-,-,-,-,442.0,-,-,0,0,0,1,418,463,3680,1030
TXO,202612,20261216.0,39400.0,Call,-,-,-,-,7360.0,-,-,0,0,0,0,7290,7430,11070,1300
TXO,202612,20261216.0,39400.0,Put,-,-,-,-,467.0,-,-,0,0,0,1,443,488,3380,500
TXO,202612,20261216.0,39600.0,Call,-,-,-,-,7190.0,-,-,0,0,0,0,7120,-,11070,750
TXO,202612,20261216.0,39600.0,Put,-,-,-,-,495.0,-,-,0,0,0,3,471,515,3660,505
TXO,202612,20261216.0,39800.0,Call,-,-,-,-,7020.0,-,-,0,0,0,0,6960,7090,11350,1250
TXO,202612,20261216.0,39800.0,Put,-,-,-,-,525.0,-,-,0,0,0,1,500,545,4080,780
TXO,202612,20261216.0,40000.0,Call,-,-,-,-,6850.0,-,-,0,0,0,12,6790,6910,9010,705
TXO,202612,20261216.0,40000.0,Put,510,510,510,510,555.0,▼-30,▼-5.56%,6,1,7,109,530,575,3960,404
TXO,202612,20261216.0,40200.0,Call,-,-,-,-,6690.0,-,-,0,0,0,0,6610,6750,6970,2200
TXO,202612,20261216.0,40200.0,Put,-,-,-,-,585.0,-,-,0,0,0,1,560,610,3430,990
TXO,202612,20261216.0,40400.0,Call,-,-,-,-,6520.0,-,-,0,0,0,1,6440,6570,8140,695
TXO,202612,20261216.0,40400.0,Put,-,-,-,-,615.0,-,-,0,0,0,0,590,640,2820,2700
TXO,202612,20261216.0,40600.0,Call,-,-,-,-,6350.0,-,-,0,0,0,0,6280,6410,6630,740
TXO,202612,20261216.0,40600.0,Put,-,-,-,-,650.0,-,-,0,0,0,1,620,675,2750,1930
TXO,202612,20261216.0,40800.0,Call,-,-,-,-,6190.0,-,-,0,0,0,16,6110,6240,9640,1410
TXO,202612,20261216.0,40800.0,Put,-,-,-,-,685.0,-,-,0,0,0,300,655,710,3980,1140
TXO,202612,20261216.0,41000.0,Call,-,-,-,-,6020.0,-,-,0,0,0,5,5950,6080,9160,675
TXO,202612,20261216.0,41000.0,Put,-,-,-,-,715.0,-,-,0,0,0,56,685,745,4390,580
TXO,202612,20261216.0,41200.0,Call,-,-,-,-,5860.0,-,-,0,0,0,0,5790,5920,5620,3150
TXO,202612,20261216.0,41200.0,Put,-,-,-,-,760.0,-,-,0,0,0,2,725,790,4410,590
TXO,202612,20261216.0,41400.0,Call,-,-,-,-,5700.0,-,-,0,0,0,30,5640,5760,10000,360
TXO,202612,20261216.0,41400.0,Put,-,-,-,-,795.0,-,-,0,0,0,1,760,825,4540,1870
TXO,202612,20261216.0,41600.0,Call,-,-,-,-,5540.0,-,-,0,0,0,11,5480,5670,6550,1450
TXO,202612,20261216.0,41600.0,Put,-,-,-,-,835.0,-,-,0,0,0,2,800,870,4290,985
TXO,202612,20261216.0,41800.0,Call,-,-,-,-,5390.0,-,-,0,0,0,15,5320,5440,8490,710
TXO,202612,20261216.0,41800.0,Put,-,-,-,-,885.0,-,-,0,0,0,0,845,915,4390,2000
TXO,202612,20261216.0,42000.0,Call,-,-,-,-,5240.0,-,-,0,0,0,71,5160,5290,8720,800
TXO,202612,20261216.0,42000.0,Put,-,-,-,-,935.0,-,-,0,0,0,108,895,965,4950,760
TXO,202612,20261216.0,42200.0,Call,-,-,-,-,5090.0,-,-,0,0,0,1,5020,5180,8040,1500
TXO,202612,20261216.0,42200.0,Put,-,-,-,-,985.0,-,-,0,0,0,100,940,1010,3610,1660
TXO,202612,20261216.0,42400.0,Call,-,-,-,-,4950.0,-,-,0,0,0,0,4860,4990,5850,1260
TXO,202612,20261216.0,42400.0,Put,-,-,-,-,1040.0,-,-,0,0,0,0,1000,1070,4790,1100
TXO,202612,20261216.0,42600.0,Call,-,-,-,-,4780.0,-,-,0,0,0,2,4710,4840,7280,965
TXO,202612,20261216.0,42600.0,Put,-,-,-,-,1070.0,-,-,0,0,0,0,1020,1110,4770,3040
TXO,202612,20261216.0,42800.0,Call,-,-,-,-,4640.0,-,-,0,0,0,1,4570,4700,4950,2510
TXO,202612,20261216.0,42800.0,Put,-,-,-,-,1130.0,-,-,0,0,0,0,1080,1170,1190,900
TXO,202612,20261216.0,43000.0,Call,-,-,-,-,4500.0,-,-,0,0,0,62,4420,4560,9700,1130
TXO,202612,20261216.0,43000.0,Put,-,-,-,-,1190.0,-,-,0,0,0,71,1140,1230,5020,1040
TXO,202612,20261216.0,43200.0,Call,-,-,-,-,4350.0,-,-,0,0,0,0,4280,4400,4670,1400
TXO,202612,20261216.0,43200.0,Put,-,-,-,-,1240.0,-,-,0,0,0,0,1190,1280,-,-
TXO,202612,20261216.0,43400.0,Call,-,-,-,-,4210.0,-,-,0,0,0,0,4130,4290,7410,4950
TXO,202612,20261216.0,43400.0,Put,-,-,-,-,1300.0,-,-,0,0,0,2,1250,1340,5280,2010
TXO,202612,20261216.0,43600.0,Call,-,-,-,-,4080.0,-,-,0,0,0,1,3980,4140,5510,950
TXO,202612,20261216.0,43600.0,Put,-,-,-,-,1360.0,-,-,0,0,0,0,1310,1400,4780,1960
TXO,202612,20261216.0,43800.0,Call,-,-,-,-,3950.0,-,-,0,0,0,1,3840,4000,8340,1020
TXO,202612,20261216.0,43800.0,Put,-,-,-,-,1430.0,-,-,0,0,0,0,1380,1470,4460,1620
TXO,202612,20261216.0,44000.0,Call,-,-,-,-,3820.0,-,-,0,0,0,4,3720,3870,8350,2260
TXO,202612,20261216.0,44000.0,Put,-,-,-,-,1500.0,-,-,0,0,0,103,1450,1540,4770,1620
TXO,202612,20261216.0,44200.0,Call,-,-,-,-,3680.0,-,-,0,0,0,2,3590,3740,5630,600
TXO,202612,20261216.0,44200.0,Put,-,-,-,-,1560.0,-,-,0,0,0,59,1500,1590,4890,2560
TXO,202612,20261216.0,44400.0,Call,-,-,-,-,3550.0,-,-,0,0,0,1,3470,3620,6730,930
TXO,202612,20261216.0,44400.0,Put,-,-,-,-,1630.0,-,-,0,0,0,100,1580,1670,4660,3660
TXO,202612,20261216.0,44600.0,Call,3460,3460,3460,3460,3420.0,▼-230,▼-6.23%,2,1,3,11,3350,3490,5770,890
TXO,202612,20261216.0,44600.0,Put,-,-,-,-,1700.0,-,-,0,0,0,3,1640,1730,6030,2330
TXO,202612,20261216.0,44800.0,Call,-,-,-,-,3300.0,-,-,0,0,0,2,3220,3360,3190,2320
TXO,202612,20261216.0,44800.0,Put,-,-,-,-,1770.0,-,-,0,0,0,2,1720,1820,5600,2800
TXO,202612,20261216.0,45000.0,Call,-,-,-,-,3180.0,-,-,0,0,0,2,3090,3230,6790,2600
TXO,202612,20261216.0,45000.0,Put,-,-,-,-,1850.0,-,-,0,0,0,101,1800,1900,6200,2600
TXO,202612,20261216.0,45200.0,Call,-,-,-,-,3070.0,-,-,0,0,0,1,2980,3110,6620,925
TXO,202612,20261216.0,45200.0,Put,-,-,-,-,1940.0,-,-,0,0,0,0,1870,1980,6690,4500
TXO,202612,20261216.0,45400.0,Call,-,-,-,-,2960.0,-,-,0,0,0,1,2860,2990,6500,2250
TXO,202612,20261216.0,45400.0,Put,-,-,-,-,2030.0,-,-,0,0,0,1,1970,2080,6540,1770
TXO,202612,20261216.0,45600.0,Call,-,-,-,-,2820.0,-,-,0,0,0,3,2750,2890,6160,1070
TXO,202612,20261216.0,45600.0,Put,-,-,-,-,2100.0,-,-,0,0,0,0,2030,2150,7000,3920
TXO,202612,20261216.0,45800.0,Call,-,-,-,-,2720.0,-,-,0,0,0,2,2630,2760,3200,1980
TXO,202612,20261216.0,45800.0,Put,-,-,-,-,2190.0,-,-,0,0,0,0,2120,2240,-,-
TXO,202612,20261216.0,46000.0,Call,-,-,-,-,2610.0,-,-,0,0,0,259,2530,2650,5560,1640
TXO,202612,20261216.0,46000.0,Put,-,-,-,-,2290.0,-,-,0,0,0,190,2220,2340,7060,3500
TXO,202612,20261216.0,46200.0,Call,-,-,-,-,2500.0,-,-,1,0,1,1,2410,2550,2620,2450
TXO,202612,20261216.0,46200.0,Put,-,-,-,-,2370.0,-,-,0,0,0,1,2300,2420,7260,4400
TXO,202612,20261216.0,46400.0,Call,-,-,-,-,2380.0,-,-,0,0,0,3,2330,2440,5700,1560
TXO,202612,20261216.0,46400.0,Put,-,-,-,-,2450.0,-,-,0,0,0,0,2390,2520,5970,5150
TXO,202612,20261216.0,46600.0,Call,-,-,-,-,2260.0,-,-,1,0,1,51,2210,2330,6500,1500
TXO,202612,20261216.0,46600.0,Put,-,-,-,-,2530.0,-,-,0,0,0,6,2490,2610,2550,2150
TXO,202612,20261216.0,46800.0,Call,-,-,-,-,2170.0,-,-,0,0,0,11,2110,2220,5870,1500
TXO,202612,20261216.0,46800.0,Put,-,-,-,-,2630.0,-,-,0,0,0,5,2580,2710,7770,2120
TXO,202612,20261216.0,47000.0,Call,-,-,-,-,2070.0,-,-,0,0,0,239,2020,2140,6430,1420
TXO,202612,20261216.0,47000.0,Put,-,-,-,-,2740.0,-,-,0,0,0,8,2700,2840,7620,3470
TXO,202612,20261216.0,47200.0,Call,-,-,-,-,1980.0,-,-,0,0,0,61,1920,2030,4830,1680
TXO,202612,20261216.0,47200.0,Put,-,-,-,-,2840.0,-,-,0,0,0,0,2790,2930,-,-
TXO,202612,20261216.0,47400.0,Call,-,-,-,-,1890.0,-,-,0,0,0,62,1840,1950,5670,2070
TXO,202612,20261216.0,47400.0,Put,-,-,-,-,2950.0,-,-,0,0,0,0,2900,3040,6210,3550
TXO,202612,20261216.0,47600.0,Call,-,-,-,-,1810.0,-,-,0,0,0,48,1750,1850,5180,1100
TXO,202612,20261216.0,47600.0,Put,-,-,-,-,3070.0,-,-,0,0,0,0,3020,3170,6310,4920
TXO,202612,20261216.0,47800.0,Call,-,-,-,-,1720.0,-,-,0,0,0,9,1680,1780,5050,1290
TXO,202612,20261216.0,47800.0,Put,-,-,-,-,3190.0,-,-,0,0,0,2,3130,3270,5750,4890
TXO,202612,20261216.0,48000.0,Call,1840,1840,1750,1750,1640.0,▼-100,▼-5.41%,2,4,6,74,1600,1690,5100,1330
TXO,202612,20261216.0,48000.0,Put,-,-,-,-,3300.0,-,-,0,0,0,4,3250,3390,8030,4520
TXO,202612,20261216.0,48200.0,Call,-,-,-,-,1560.0,-,-,0,0,0,1,1520,1610,3960,2090
TXO,202612,20261216.0,48200.0,Put,-,-,-,-,3420.0,-,-,0,0,0,1,3360,3500,5860,5860
TXO,202612,20261216.0,48400.0,Call,-,-,-,-,1480.0,-,-,0,0,0,0,1440,1530,5700,1520
TXO,202612,20261216.0,48400.0,Put,-,-,-,-,3540.0,-,-,0,0,0,4,3480,3620,5920,5910
TXO,202612,20261216.0,48600.0,Call,-,-,-,-,1410.0,-,-,0,0,0,0,1370,1460,4880,3450
TXO,202612,20261216.0,48600.0,Put,-,-,-,-,3670.0,-,-,0,0,0,0,3610,3760,6090,4600
TXO,202612,20261216.0,48800.0,Call,-,-,-,-,1340.0,-,-,0,0,0,0,1300,1390,-,-
TXO,202612,20261216.0,48800.0,Put,-,-,-,-,3800.0,-,-,0,0,0,1,3730,3870,8920,4350
TXO,202612,20261216.0,49000.0,Call,-,-,-,-,1270.0,-,-,0,0,0,218,1230,1320,5280,1070
TXO,202612,20261216.0,49000.0,Put,-,-,-,-,3930.0,-,-,0,0,0,5,3860,4000,6900,4800
TXO,202612,20261216.0,49200.0,Call,-,-,-,-,1210.0,-,-,0,0,0,26,1150,1240,4080,995
TXO,202612,20261216.0,49200.0,Put,-,-,-,-,4060.0,-,-,0,0,0,1,4000,4140,4800,4800
TXO,202612,20261216.0,49400.0,Call,-,-,-,-,1150.0,-,-,0,0,0,5,1090,1180,3760,1240
TXO,202612,20261216.0,49400.0,Put,-,-,-,-,4200.0,-,-,0,0,0,3,4130,4270,8650,4900
TXO,202612,20261216.0,49600.0,Call,-,-,-,-,1090.0,-,-,0,0,0,10,1030,1120,4800,1160
TXO,202612,20261216.0,49600.0,Put,-,-,-,-,4340.0,-,-,0,0,0,0,4280,4440,6900,5500
TXO,202612,20261216.0,49800.0,Call,-,-,-,-,1030.0,-,-,0,0,0,0,980,1050,2780,960
TXO,202612,20261216.0,49800.0,Put,-,-,-,-,4490.0,-,-,0,0,0,0,4400,4580,-,-
TXO,202612,20261216.0,50000.0,Call,1130,1160,980,980,980.0,▼-130,▼-11.71%,0,17,17,77,950,1020,5000,900
TXO,202612,20261216.0,50000.0,Put,-,-,-,-,4630.0,-,-,0,0,0,12,4560,4690,9900,4000
TXO,202612,20261216.0,50200.0,Call,-,-,-,-,900.0,-,-,0,0,0,5,870,940,4800,945
TXO,202612,20261216.0,50200.0,Put,-,-,-,-,4750.0,-,-,0,0,0,2,4710,4830,5420,5400
TXO,202612,20261216.0,50400.0,Call,-,-,-,-,850.0,-,-,0,0,0,40,820,890,5200,840
TXO,202612,20261216.0,50400.0,Put,-,-,-,-,4900.0,-,-,0,0,0,4,4860,4970,9460,5540
TXO,202612,20261216.0,50600.0,Call,-,-,-,-,805.0,-,-,0,0,0,0,770,835,3640,705
TXO,202612,20261216.0,50600.0,Put,-,-,-,-,5050.0,-,-,0,0,0,2,5000,5130,5690,5670
TXO,202612,20261216.0,50800.0,Call,-,-,-,-,760.0,-,-,0,0,0,13,730,795,3620,955
TXO,202612,20261216.0,50800.0,Put,-,-,-,-,5200.0,-,-,0,0,0,0,5160,5280,-,-
TXO,202612,20261216.0,51000.0,Call,875,875,875,875,715.0,▲+35,▲+4.17%,0,1,1,11,685,745,4420,875
TXO,202612,20261216.0,51000.0,Put,-,-,-,-,5360.0,-,-,0,0,0,0,5310,-,-,-
TXO,202612,20261216.0,51200.0,Call,-,-,-,-,675.0,-,-,0,0,0,5,650,705,950,950
TXO,202612,20261216.0,51200.0,Put,-,-,-,-,5520.0,-,-,0,0,0,0,5470,5590,-,-
TXO,202612,20261216.0,51400.0,Call,-,-,-,-,635.0,-,-,0,0,0,2,615,665,1950,970
TXO,202612,20261216.0,51400.0,Put,-,-,-,-,5680.0,-,-,0,0,0,0,5630,5750,-,-
TXO,202612,20261216.0,51600.0,Call,-,-,-,-,600.0,-,-,0,0,0,0,570,620,3280,2950
TXO,202612,20261216.0,51600.0,Put,-,-,-,-,5840.0,-,-,0,0,0,0,5790,5910,-,-
TXO,202612,20261216.0,51800.0,Call,-,-,-,-,570.0,-,-,0,0,0,6,540,585,2550,810
TXO,202612,20261216.0,51800.0,Put,-,-,-,-,6010.0,-,-,0,0,0,0,5950,6080,-,-
TXO,202612,20261216.0,52000.0,Call,-,-,-,-,535.0,-,-,0,0,0,17,505,550,3380,505
TXO,202612,20261216.0,52000.0,Put,-,-,-,-,6170.0,-,-,0,0,0,0,6120,6240,-,-
TXO,202612,20261216.0,52200.0,Call,570,570,570,570,505.0,▼-20,▼-3.39%,0,1,1,0,475,520,1150,570
TXO,202612,20261216.0,52200.0,Put,-,-,-,-,6340.0,-,-,0,0,0,0,6280,6410,-,-
TXO,202612,20261216.0,52400.0,Call,-,-,-,-,475.0,-,-,0,0,0,15,447,492,3950,1020
TXO,202612,20261216.0,52400.0,Put,-,-,-,-,6510.0,-,-,0,0,0,0,6450,6580,8790,6780
TXO,202612,20261216.0,52600.0,Call,-,-,-,-,447.0,-,-,0,0,0,2,417,462,1820,690
TXO,202612,20261216.0,52600.0,Put,-,-,-,-,6680.0,-,-,0,0,0,0,6620,6750,-,-
TXO,202612,20261216.0,52800.0,Call,476,476,476,476,420.0,▼-14,▼-2.86%,0,1,1,7,400,444,2770,476
TXO,202612,20261216.0,52800.0,Put,-,-,-,-,6850.0,-,-,0,0,0,0,6480,6930,-,-
TXO,202612,20261216.0,53000.0,Call,460,460,383,383,383.0,▼-78,▼-16.92%,1,2,3,330,370,405,2970,383
TXO,202612,20261216.0,53000.0,Put,-,-,-,-,7030.0,-,-,0,0,0,0,6960,7100,-,-
TXO,202612,20261216.0,53200.0,Call,-,-,-,-,367.0,-,-,0,0,0,12,347,382,3950,479
TXO,202612,20261216.0,53200.0,Put,-,-,-,-,7200.0,-,-,0,0,0,0,7140,7280,-,-
TXO,202612,20261216.0,53400.0,Call,-,-,-,-,343.0,-,-,0,0,0,4,327,362,2870,895
TXO,202612,20261216.0,53400.0,Put,-,-,-,-,7370.0,-,-,0,0,0,0,6980,7450,-,-
TXO,202612,20261216.0,53600.0,Call,-,-,-,-,320.0,-,-,0,0,0,3,304,339,900,825
TXO,202612,20261216.0,53600.0,Put,-,-,-,-,7550.0,-,-,0,0,0,0,7500,7630,-,-
TXO,202612,20261216.0,53800.0,Call,-,-,-,-,298.0,-,-,0,0,0,3,282,317,2640,329
TXO,202612,20261216.0,53800.0,Put,-,-,-,-,7730.0,-,-,0,0,0,0,7680,7820,-,-
TXO,202612,20261216.0,54000.0,Call,-,-,-,-,282.0,-,-,0,0,0,11,266,301,3360,306
TXO,202612,20261216.0,54000.0,Put,-,-,-,-,7910.0,-,-,0,0,0,0,7860,8000,-,-
TXO,202612,20261216.0,54200.0,Call,-,-,-,-,265.0,-,-,0,0,0,2,249,284,840,840
TXO,202612,20261216.0,54200.0,Put,-,-,-,-,8090.0,-,-,0,0,0,0,-,-,-,-
TXO,202612,20261216.0,54400.0,Call,-,-,-,-,249.0,-,-,0,0,0,3,231,266,2050,421
TXO,202612,20261216.0,54400.0,Put,-,-,-,-,8270.0,-,-,0,0,0,0,8220,8370,-,-
TXO,202612,20261216.0,54600.0,Call,-,-,-,-,234.0,-,-,0,0,0,0,216,251,1420,298
TXO,202612,20261216.0,54600.0,Put,-,-,-,-,8460.0,-,-,0,0,0,0,8410,-,-,-
TXO,202612,20261216.0,54800.0,Call,-,-,-,-,219.0,-,-,0,0,0,10,203,238,3060,480
TXO,202612,20261216.0,54800.0,Put,-,-,-,-,8640.0,-,-,0,0,0,0,8590,-,-,-
TXO,202612,20261216.0,55000.0,Call,-,-,-,-,206.0,-,-,0,0,0,35,188,223,2920,217
TXO,202612,20261216.0,55000.0,Put,-,-,-,-,8830.0,-,-,0,0,0,0,8770,8920,-,-
TXO,202612,20261216.0,55200.0,Call,-,-,-,-,193.0,-,-,0,0,0,2,176,211,1980,207
TXO,202612,20261216.0,55200.0,Put,-,-,-,-,9010.0,-,-,0,0,0,0,8620,9120,-,-
TXO,202612,20261216.0,55400.0,Call,-,-,-,-,183.0,-,-,0,0,0,5,166,201,2930,370
TXO,202612,20261216.0,55400.0,Put,-,-,-,-,9200.0,-,-,0,0,0,0,9150,-,-,-
TXO,202612,20261216.0,55600.0,Call,-,-,-,-,172.0,-,-,0,0,0,5,154,189,2150,273
TXO,202612,20261216.0,55600.0,Put,-,-,-,-,9390.0,-,-,0,0,0,0,-,-,-,-
TXO,202612,20261216.0,55800.0,Call,188,188,188,188,161.0,▼-7,▼-3.59%,0,1,1,18,145,179,3020,188
TXO,202612,20261216.0,55800.0,Put,-,-,-,-,9580.0,-,-,0,0,0,0,9520,9680,-,-
TXO,202612,20261216.0,56000.0,Call,-,-,-,-,151.0,-,-,0,0,0,11,136,168,2170,165
TXO,202612,20261216.0,56000.0,Put,-,-,-,-,9770.0,-,-,0,0,0,0,9370,9880,-,-
TXO,202612,20261216.0,56200.0,Call,-,-,-,-,142.0,-,-,0,0,0,0,126,157,1900,319
TXO,202612,20261216.0,56200.0,Put,-,-,-,-,9960.0,-,-,0,0,0,0,9550,10070,-,-
TXO,202612,20261216.0,56400.0,Call,-,-,-,-,133.0,-,-,0,0,0,1,119,149,1770,187
TXO,202612,20261216.0,56400.0,Put,-,-,-,-,10150.0,-,-,0,0,0,0,9770,10250,-,-
TXO,202612,20261216.0,56600.0,Call,-,-,-,-,126.0,-,-,0,0,0,5,112,141,495,375
TXO,202612,20261216.0,56600.0,Put,-,-,-,-,10340.0,-,-,0,0,0,0,-,10450,-,-
TXO,202612,20261216.0,56800.0,Call,-,-,-,-,118.0,-,-,0,0,0,0,104,132,1830,342
TXO,202612,20261216.0,56800.0,Put,-,-,-,-,10530.0,-,-,0,0,0,0,-,-,-,-
TXO,202612,20261216.0,57000.0,Call,-,-,-,-,111.0,-,-,0,0,0,6,100,124,2500,140
TXO,202612,20261216.0,57000.0,Put,-,-,-,-,10720.0,-,-,0,0,0,0,10670,10830,-,-
TXO,202612,20261216.0,57200.0,Call,-,-,-,-,104.0,-,-,0,0,0,5,28.5,205,1880,130
TXO,202612,20261216.0,57200.0,Put,-,-,-,-,10910.0,-,-,0,0,0,0,-,11030,-,-
TXO,202612,20261216.0,57400.0,Call,113,115,113,115,97.0,▼-6,▼-4.96%,1,3,4,269,77,220,1870,21
TXO,202612,20261216.0,57400.0,Put,-,-,-,-,11110.0,-,-,0,0,0,0,11050,11230,-,-
TXO,202703,20270317.0,31800.0,Call,-,-,-,-,15040.0,-,-,0,0,0,0,14970,15240,-,-
TXO,202703,20270317.0,31800.0,Put,146,155,146,155,155.0,▲+2,▲+1.31%,0,2,2,70,142,167,1020,102
TXO,202703,20270317.0,32000.0,Call,-,-,-,-,14850.0,-,-,0,0,0,0,14770,15040,-,-
TXO,202703,20270317.0,32000.0,Put,138,138,138,138,163.0,▼-20,▼-12.66%,1,2,3,19,147,179,1360,138
TXO,202703,20270317.0,32200.0,Call,-,-,-,-,14650.0,-,-,0,0,0,0,14590,14850,-,-
TXO,202703,20270317.0,32200.0,Put,-,-,-,-,169.0,-,-,0,0,0,1,152,185,265,225
TXO,202703,20270317.0,32400.0,Call,-,-,-,-,14460.0,-,-,0,0,0,0,14390,14650,-,-
TXO,202703,20270317.0,32400.0,Put,-,-,-,-,175.0,-,-,0,0,0,0,157,192,331,290
TXO,202703,20270317.0,32600.0,Call,-,-,-,-,14270.0,-,-,0,0,0,0,14200,14460,-,-
TXO,202703,20270317.0,32600.0,Put,-,-,-,-,182.0,-,-,0,0,0,0,164,199,375,356
TXO,202703,20270317.0,32800.0,Call,-,-,-,-,14080.0,-,-,0,0,0,0,14010,14270,-,-
TXO,202703,20270317.0,32800.0,Put,195,195,195,195,195.0,▲+13,▲+7.14%,0,1,1,1,171,206,415,195
TXO,202703,20270317.0,33000.0,Call,-,-,-,-,13890.0,-,-,0,0,0,0,13820,14070,-,-
TXO,202703,20270317.0,33000.0,Put,-,-,-,-,197.0,-,-,0,0,0,12,179,214,469,235
TXO,202703,20270317.0,33200.0,Call,-,-,-,-,13700.0,-,-,0,0,0,0,13630,13880,-,-
TXO,202703,20270317.0,33200.0,Put,-,-,-,-,205.0,-,-,0,0,0,8,187,222,1690,488
TXO,202703,20270317.0,33400.0,Call,-,-,-,-,13510.0,-,-,0,0,0,0,13440,13690,-,-
TXO,202703,20270317.0,33400.0,Put,-,-,-,-,213.0,-,-,0,0,0,0,195,230,-,-
TXO,202703,20270317.0,33600.0,Call,-,-,-,-,13320.0,-,-,0,0,0,0,13250,13490,-,-
TXO,202703,20270317.0,33600.0,Put,-,-,-,-,218.0,-,-,0,0,0,0,200,235,935,565
TXO,202703,20270317.0,33800.0,Call,-,-,-,-,13130.0,-,-,0,0,0,0,13060,13300,-,-
TXO,202703,20270317.0,33800.0,Put,-,-,-,-,232.0,-,-,0,0,0,23,214,249,1850,585
TXO,202703,20270317.0,34000.0,Call,-,-,-,-,12950.0,-,-,0,0,0,0,12870,13110,-,-
TXO,202703,20270317.0,34000.0,Put,-,-,-,-,242.0,-,-,0,0,0,8,224,259,1420,225
TXO,202703,20270317.0,34200.0,Call,-,-,-,-,12760.0,-,-,0,0,0,0,12690,12940,-,-
TXO,202703,20270317.0,34200.0,Put,243,243,243,243,243.0,▲+2,▲+0.83%,0,1,1,1,235,270,1390,243
TXO,202703,20270317.0,34400.0,Call,-,-,-,-,12570.0,-,-,0,0,0,0,12500,12740,-,-
TXO,202703,20270317.0,34400.0,Put,-,-,-,-,265.0,-,-,0,0,0,0,247,282,-,-
TXO,202703,20270317.0,34600.0,Call,-,-,-,-,12390.0,-,-,0,0,0,0,12310,12550,-,-
TXO,202703,20270317.0,34600.0,Put,-,-,-,-,277.0,-,-,0,0,0,0,259,294,915,830
TXO,202703,20270317.0,34800.0,Call,-,-,-,-,12200.0,-,-,0,0,0,0,12130,12360,-,-
TXO,202703,20270317.0,34800.0,Put,-,-,-,-,291.0,-,-,0,0,0,1,273,308,1000,515
TXO,202703,20270317.0,35000.0,Call,-,-,-,-,12020.0,-,-,0,0,0,0,11940,12160,-,-
TXO,202703,20270317.0,35000.0,Put,-,-,-,-,306.0,-,-,0,0,0,25,288,323,1600,265
TXO,202703,20270317.0,35200.0,Call,-,-,-,-,11830.0,-,-,0,0,0,0,11760,11990,-,-
TXO,202703,20270317.0,35200.0,Put,-,-,-,-,319.0,-,-,0,0,0,7,301,336,515,495
TXO,202703,20270317.0,35400.0,Call,-,-,-,-,11650.0,-,-,0,0,0,0,11580,11790,-,-
TXO,202703,20270317.0,35400.0,Put,-,-,-,-,335.0,-,-,0,0,0,25,317,352,695,535
TXO,202703,20270317.0,35600.0,Call,-,-,-,-,11470.0,-,-,0,0,0,0,11400,11620,-,-
TXO,202703,20270317.0,35600.0,Put,-,-,-,-,350.0,-,-,0,0,0,28,332,367,2340,560
TXO,202703,20270317.0,35800.0,Call,-,-,-,-,11290.0,-,-,0,0,0,0,11210,11430,-,-
TXO,202703,20270317.0,35800.0,Put,-,-,-,-,368.0,-,-,0,0,0,15,350,385,2050,590
TXO,202703,20270317.0,36000.0,Call,-,-,-,-,11110.0,-,-,0,0,0,0,11030,11250,-,-
TXO,202703,20270317.0,36000.0,Put,-,-,-,-,388.0,-,-,0,0,0,41,370,405,2380,310
TXO,202703,20270317.0,36200.0,Call,-,-,-,-,10930.0,-,-,0,0,0,0,10850,11070,-,-
TXO,202703,20270317.0,36200.0,Put,-,-,-,-,406.0,-,-,0,0,0,1,388,423,2050,1070
TXO,202703,20270317.0,36400.0,Call,-,-,-,-,10760.0,-,-,0,0,0,0,10680,10890,-,-
TXO,202703,20270317.0,36400.0,Put,-,-,-,-,428.0,-,-,0,0,0,2,405,450,1800,520
TXO,202703,20270317.0,36600.0,Call,-,-,-,-,10580.0,-,-,0,0,0,4,10490,10730,13790,11300
TXO,202703,20270317.0,36600.0,Put,-,-,-,-,449.0,-,-,0,0,0,21,425,470,2780,366
TXO,202703,20270317.0,36800.0,Call,-,-,-,-,10400.0,-,-,0,0,0,0,10330,10530,-,-
TXO,202703,20270317.0,36800.0,Put,-,-,-,-,471.0,-,-,1,0,1,2,447,492,1990,391
TXO,202703,20270317.0,37000.0,Call,-,-,-,-,10230.0,-,-,0,0,0,0,10150,10360,-,-
TXO,202703,20270317.0,37000.0,Put,-,-,-,-,494.0,-,-,0,0,0,30,471,515,2340,427
TXO,202703,20270317.0,37200.0,Call,-,-,-,-,10050.0,-,-,0,0,0,0,9970,10180,-,-
TXO,202703,20270317.0,37200.0,Put,-,-,-,-,510.0,-,-,0,0,0,3,495,525,1160,460
TXO,202703,20270317.0,37400.0,Call,-,-,-,-,9880.0,-,-,0,0,0,0,9800,10000,-,-
TXO,202703,20270317.0,37400.0,Put,530,530,530,530,530.0,▲+25,▲+4.95%,1,1,2,6,515,560,2000,480
TXO,202703,20270317.0,37600.0,Call,-,-,-,-,9710.0,-,-,0,0,0,0,9630,9830,-,-
TXO,202703,20270317.0,37600.0,Put,-,-,-,-,570.0,-,-,0,0,0,5,545,590,3020,480
TXO,202703,20270317.0,37800.0,Call,-,-,-,-,9540.0,-,-,0,0,0,0,9460,9660,-,-
TXO,202703,20270317.0,37800.0,Put,-,-,-,-,595.0,-,-,1,0,1,4,570,620,1150,535
TXO,202703,20270317.0,38000.0,Call,-,-,-,-,9370.0,-,-,0,0,0,1,9290,9490,11830,11830
TXO,202703,20270317.0,38000.0,Put,-,-,-,-,620.0,-,-,0,0,0,8,595,645,2600,560
TXO,202703,20270317.0,38200.0,Call,-,-,-,-,9190.0,-,-,0,0,0,0,9120,9310,-,-
TXO,202703,20270317.0,38200.0,Put,-,-,-,-,650.0,-,-,0,0,0,1,620,675,1230,770
TXO,202703,20270317.0,38400.0,Call,-,-,-,-,9030.0,-,-,0,0,0,1,8950,9160,10180,10180
TXO,202703,20270317.0,38400.0,Put,-,-,-,-,685.0,-,-,0,0,0,1,655,710,1270,700
TXO,202703,20270317.0,38600.0,Call,-,-,-,-,8860.0,-,-,0,0,0,0,8780,8980,-,-
TXO,202703,20270317.0,38600.0,Put,-,-,-,-,710.0,-,-,0,0,0,2,680,740,2090,640
TXO,202703,20270317.0,38800.0,Call,-,-,-,-,8700.0,-,-,0,0,0,0,8620,8810,-,-
TXO,202703,20270317.0,38800.0,Put,-,-,-,-,745.0,-,-,0,0,0,1,715,775,2560,680
TXO,202703,20270317.0,39000.0,Call,-,-,-,-,8530.0,-,-,0,0,0,0,8450,8640,-,-
TXO,202703,20270317.0,39000.0,Put,-,-,-,-,780.0,-,-,0,0,0,8,745,810,3400,705
TXO,202703,20270317.0,39200.0,Call,-,-,-,-,8370.0,-,-,0,0,0,0,8290,8470,-,-
TXO,202703,20270317.0,39200.0,Put,-,-,-,-,815.0,-,-,0,0,0,1,780,850,2680,1450
TXO,202703,20270317.0,39400.0,Call,-,-,-,-,8210.0,-,-,0,0,0,0,8130,8300,-,-
TXO,202703,20270317.0,39400.0,Put,-,-,-,-,850.0,-,-,0,0,0,2,815,885,2740,1500
TXO,202703,20270317.0,39600.0,Call,-,-,-,-,8050.0,-,-,0,0,0,0,7970,8150,-,-
TXO,202703,20270317.0,39600.0,Put,-,-,-,-,885.0,-,-,0,0,0,4,850,920,2830,1000
TXO,202703,20270317.0,39800.0,Call,-,-,-,-,7890.0,-,-,0,0,0,0,7810,7990,-,-
TXO,202703,20270317.0,39800.0,Put,-,-,-,-,925.0,-,-,0,0,0,11,890,960,3000,810
TXO,202703,20270317.0,40000.0,Call,-,-,-,-,7730.0,-,-,0,0,0,1,7650,7840,11530,6000
TXO,202703,20270317.0,40000.0,Put,-,-,-,-,965.0,-,-,0,0,0,33,930,1000,4200,810
TXO,202703,20270317.0,40200.0,Call,-,-,-,-,7580.0,-,-,0,0,0,0,7490,7680,-,-
TXO,202703,20270317.0,40200.0,Put,-,-,-,-,1010.0,-,-,0,0,0,1,970,1040,2460,2460
TXO,202703,20270317.0,40400.0,Call,-,-,-,-,7430.0,-,-,0,0,0,0,7340,7510,6450,5300
TXO,202703,20270317.0,40400.0,Put,-,-,-,-,1060.0,-,-,0,0,0,1,1010,1100,1760,1760
TXO,202703,20270317.0,40600.0,Call,-,-,-,-,7270.0,-,-,0,0,0,0,7180,7350,6950,5530
TXO,202703,20270317.0,40600.0,Put,-,-,-,-,1100.0,-,-,0,0,0,0,1050,1140,-,-
TXO,202703,20270317.0,40800.0,Call,-,-,-,-,7110.0,-,-,0,0,0,0,7030,7200,-,-
TXO,202703,20270317.0,40800.0,Put,-,-,-,-,1140.0,-,-,0,0,0,1,1090,1180,4650,4650
TXO,202703,20270317.0,41000.0,Call,-,-,-,-,6960.0,-,-,0,0,0,0,6880,7050,8000,5380
TXO,202703,20270317.0,41000.0,Put,-,-,-,-,1190.0,-,-,0,0,0,1,1140,1230,4540,3040
TXO,202703,20270317.0,41200.0,Call,-,-,-,-,6810.0,-,-,0,0,0,0,6730,6890,-,-
TXO,202703,20270317.0,41200.0,Put,-,-,-,-,1240.0,-,-,0,0,0,1,1190,1280,3000,1450
TXO,202703,20270317.0,41400.0,Call,-,-,-,-,6670.0,-,-,0,0,0,0,6580,6740,-,-
TXO,202703,20270317.0,41400.0,Put,-,-,-,-,1290.0,-,-,0,0,0,4,1240,1330,2050,1340
TXO,202703,20270317.0,41600.0,Call,-,-,-,-,6520.0,-,-,0,0,0,0,6430,6590,-,-
TXO,202703,20270317.0,41600.0,Put,-,-,-,-,1340.0,-,-,0,0,0,0,1290,1380,3390,1170
TXO,202703,20270317.0,41800.0,Call,-,-,-,-,6370.0,-,-,0,0,0,0,6290,6460,-,-
TXO,202703,20270317.0,41800.0,Put,-,-,-,-,1390.0,-,-,0,0,0,1,1340,1430,3200,2180
TXO,202703,20270317.0,42000.0,Call,-,-,-,-,6230.0,-,-,0,0,0,1,6140,6310,11500,4800
TXO,202703,20270317.0,42000.0,Put,-,-,-,-,1450.0,-,-,0,0,0,44,1400,1490,4320,1550
TXO,202703,20270317.0,42200.0,Call,-,-,-,-,6080.0,-,-,0,0,0,0,6000,6160,-,-
TXO,202703,20270317.0,42200.0,Put,-,-,-,-,1500.0,-,-,0,0,0,1,1450,1540,2260,2260
TXO,202703,20270317.0,42400.0,Call,-,-,-,-,5950.0,-,-,0,0,0,0,5860,6010,-,-
TXO,202703,20270317.0,42400.0,Put,-,-,-,-,1560.0,-,-,0,0,0,1,1510,1600,2370,2370
TXO,202703,20270317.0,42600.0,Call,-,-,-,-,5810.0,-,-,0,0,0,1,5720,5880,6610,6610
TXO,202703,20270317.0,42600.0,Put,-,-,-,-,1620.0,-,-,0,0,0,1,1570,1660,2440,2440
TXO,202703,20270317.0,42800.0,Call,-,-,-,-,5670.0,-,-,0,0,0,1,5580,5740,6480,6480
TXO,202703,20270317.0,42800.0,Put,-,-,-,-,1680.0,-,-,0,0,0,1,1630,1720,2690,2510
TXO,202703,20270317.0,43000.0,Call,-,-,-,-,5540.0,-,-,0,0,0,0,5440,5600,-,-
TXO,202703,20270317.0,43000.0,Put,1680,1680,1680,1680,1740.0,▲+40,▲+2.44%,0,1,1,5,1690,1790,4720,1460
TXO,202703,20270317.0,43200.0,Call,-,-,-,-,5400.0,-,-,0,0,0,1,5260,5550,6230,6230
TXO,202703,20270317.0,43200.0,Put,-,-,-,-,1800.0,-,-,0,0,0,1,1750,1850,2660,2660
TXO,202703,20270317.0,43400.0,Call,-,-,-,-,5260.0,-,-,0,0,0,1,5150,5410,6110,6110
TXO,202703,20270317.0,43400.0,Put,-,-,-,-,1860.0,-,-,0,0,0,1,1810,1910,3730,3730
TXO,202703,20270317.0,43600.0,Call,-,-,-,-,5140.0,-,-,0,0,0,1,5020,5280,5980,5980
TXO,202703,20270317.0,43600.0,Put,-,-,-,-,1940.0,-,-,0,0,0,0,1880,1990,6100,3200
TXO,202703,20270317.0,43800.0,Call,-,-,-,-,5010.0,-,-,0,0,0,0,4870,5150,-,-
TXO,202703,20270317.0,43800.0,Put,-,-,-,-,2010.0,-,-,0,0,0,1,1950,2060,5820,5820
TXO,202703,20270317.0,44000.0,Call,-,-,-,-,4880.0,-,-,0,0,0,13,4730,5010,9500,5370
TXO,202703,20270317.0,44000.0,Put,1960,1960,1960,1960,2070.0,0,0%,0,1,1,11,2010,2130,5230,1850
TXO,202703,20270317.0,44200.0,Call,-,-,-,-,4750.0,-,-,0,0,0,2,4630,4890,6100,3340
TXO,202703,20270317.0,44200.0,Put,-,-,-,-,2140.0,-,-,0,0,0,1,2080,2200,3040,3040
TXO,202703,20270317.0,44400.0,Call,-,-,-,-,4630.0,-,-,0,0,0,2,4510,4770,5500,5140
TXO,202703,20270317.0,44400.0,Put,-,-,-,-,2220.0,-,-,0,0,0,1,2160,2280,3130,1920
TXO,202703,20270317.0,44600.0,Call,-,-,-,-,4510.0,-,-,0,0,0,2,4380,4640,5300,3600
TXO,202703,20270317.0,44600.0,Put,-,-,-,-,2300.0,-,-,0,0,0,1,2240,2360,3210,1990
TXO,202703,20270317.0,44800.0,Call,-,-,-,-,4390.0,-,-,0,0,0,1,4270,4510,4880,4470
TXO,202703,20270317.0,44800.0,Put,-,-,-,-,2380.0,-,-,0,0,0,5,2300,2420,5330,3290
TXO,202703,20270317.0,45000.0,Call,-,-,-,-,4280.0,-,-,0,0,0,21,4150,4390,5180,3280
TXO,202703,20270317.0,45000.0,Put,-,-,-,-,2460.0,-,-,0,0,0,2,2370,2510,5500,3300
TXO,202703,20270317.0,45200.0,Call,-,-,-,-,4160.0,-,-,0,0,0,3,4030,4270,5400,4800
TXO,202703,20270317.0,45200.0,Put,-,-,-,-,2540.0,-,-,0,0,0,1,2470,2610,3470,3470
TXO,202703,20270317.0,45400.0,Call,-,-,-,-,4040.0,-,-,0,0,0,1,3890,4110,4940,4000
TXO,202703,20270317.0,45400.0,Put,-,-,-,-,2620.0,-,-,0,0,0,2,2550,2690,3560,2900
TXO,202703,20270317.0,45600.0,Call,-,-,-,-,3940.0,-,-,0,0,0,1,3790,4010,4850,4850
TXO,202703,20270317.0,45600.0,Put,-,-,-,-,2710.0,-,-,0,0,0,1,2610,2750,3650,3650
TXO,202703,20270317.0,45800.0,Call,-,-,-,-,3830.0,-,-,0,0,0,1,3700,3920,4720,4720
TXO,202703,20270317.0,45800.0,Put,-,-,-,-,2810.0,-,-,0,0,0,1,2710,2870,3740,3740
TXO,202703,20270317.0,46000.0,Call,-,-,-,-,3730.0,-,-,0,0,0,12,3580,3780,8000,3110
TXO,202703,20270317.0,46000.0,Put,-,-,-,-,2900.0,-,-,0,0,0,4,2790,2950,5700,3830
TXO,202703,20270317.0,46200.0,Call,-,-,-,-,3620.0,-,-,0,0,0,1,3440,3640,4510,4510
TXO,202703,20270317.0,46200.0,Put,-,-,-,-,3000.0,-,-,0,0,0,1,2870,3030,3930,3930
TXO,202703,20270317.0,46400.0,Call,-,-,-,-,3520.0,-,-,0,0,0,1,3350,3550,4410,4410
TXO,202703,20270317.0,46400.0,Put,-,-,-,-,3090.0,-,-,0,0,0,1,3000,3180,4020,4020
TXO,202703,20270317.0,46600.0,Call,-,-,-,-,3400.0,-,-,0,0,0,2,3310,3490,7460,7430
TXO,202703,20270317.0,46600.0,Put,-,-,-,-,3160.0,-,-,0,0,0,1,3070,3250,4120,4120
TXO,202703,20270317.0,46800.0,Call,-,-,-,-,3290.0,-,-,0,0,0,8,3190,3370,4200,3240
TXO,202703,20270317.0,46800.0,Put,-,-,-,-,3250.0,-,-,0,0,0,1,3160,3340,4220,4220
TXO,202703,20270317.0,47000.0,Call,-,-,-,-,3170.0,-,-,1,0,1,7,3090,3270,7200,3150
TXO,202703,20270317.0,47000.0,Put,-,-,-,-,3340.0,-,-,4,0,4,4,3260,3440,4780,3390
TXO,202703,20270317.0,47200.0,Call,-,-,-,-,3080.0,-,-,0,0,0,1,2980,3140,4010,4010
TXO,202703,20270317.0,47200.0,Put,-,-,-,-,3440.0,-,-,0,0,0,1,3350,3550,4420,4420
TXO,202703,20270317.0,47400.0,Call,-,-,-,-,2990.0,-,-,0,0,0,1,2900,3060,3910,3910
TXO,202703,20270317.0,47400.0,Put,-,-,-,-,3550.0,-,-,0,0,0,3,3460,3660,4430,4430
TXO,202703,20270317.0,47600.0,Call,-,-,-,-,2890.0,-,-,0,0,0,1,2820,2980,3510,3510
TXO,202703,20270317.0,47600.0,Put,-,-,-,-,3650.0,-,-,0,0,0,3,3560,3760,4630,4530
TXO,202703,20270317.0,47800.0,Call,-,-,-,-,2790.0,-,-,0,0,0,1,2720,2880,3720,3720
TXO,202703,20270317.0,47800.0,Put,-,-,-,-,3750.0,-,-,0,0,0,3,3660,3860,4740,4640
TXO,202703,20270317.0,48000.0,Call,-,-,-,-,2700.0,-,-,0,0,0,4,2630,2770,3920,3150
TXO,202703,20270317.0,48000.0,Put,-,-,-,-,3860.0,-,-,0,0,0,10,3780,4000,8820,3460
TXO,202703,20270317.0,48200.0,Call,-,-,-,-,2610.0,-,-,0,0,0,3,2550,2690,3530,3530
TXO,202703,20270317.0,48200.0,Put,-,-,-,-,3970.0,-,-,0,0,0,1,3900,4120,4870,4870
TXO,202703,20270317.0,48400.0,Call,-,-,-,-,2520.0,-,-,0,0,0,3,2460,2600,7100,2350
TXO,202703,20270317.0,48400.0,Put,-,-,-,-,4080.0,-,-,0,0,0,1,4010,4240,4980,4980
TXO,202703,20270317.0,48600.0,Call,2590,2590,2590,2590,2450.0,▼-90,▼-3.36%,0,1,1,5,2350,2490,6300,2140
TXO,202703,20270317.0,48600.0,Put,-,-,-,-,4190.0,-,-,0,0,0,1,4120,4360,5100,5100
TXO,202703,20270317.0,48800.0,Call,-,-,-,-,2370.0,-,-,0,0,0,1,2300,2420,2260,2260
TXO,202703,20270317.0,48800.0,Put,-,-,-,-,4310.0,-,-,0,0,0,1,4230,4470,5210,5210
TXO,202703,20270317.0,49000.0,Call,-,-,-,-,2290.0,-,-,0,0,0,31,2230,2350,6150,2040
TXO,202703,20270317.0,49000.0,Put,-,-,-,-,4440.0,-,-,0,0,0,5,4330,4550,6880,5330
TXO,202703,20270317.0,49200.0,Call,-,-,-,-,2220.0,-,-,0,0,0,5,2140,2260,6280,2000
TXO,202703,20270317.0,49200.0,Put,-,-,-,-,4560.0,-,-,0,0,0,2,4460,4720,5440,5340
TXO,202703,20270317.0,49400.0,Call,-,-,-,-,2150.0,-,-,0,0,0,5,2090,2210,5760,2950
TXO,202703,20270317.0,49400.0,Put,-,-,-,-,4690.0,-,-,0,0,0,1,4590,4830,5560,5560
TXO,202703,20270317.0,49600.0,Call,-,-,-,-,2070.0,-,-,0,0,0,1,2000,2120,3030,3030
TXO,202703,20270317.0,49600.0,Put,-,-,-,-,4810.0,-,-,0,0,0,1,4700,4970,5680,5680
TXO,202703,20270317.0,49800.0,Call,-,-,-,-,1990.0,-,-,0,0,0,1,1940,2050,2950,2950
TXO,202703,20270317.0,49800.0,Put,-,-,-,-,4930.0,-,-,0,0,0,1,4850,5110,5800,5800
TXO,202703,20270317.0,50000.0,Call,-,-,-,-,1920.0,-,-,0,0,0,27,1870,1980,7300,1800
TXO,202703,20270317.0,50000.0,Put,-,-,-,-,5060.0,-,-,0,0,0,20,4950,5190,10120,5930
TXO,202703,20270317.0,50200.0,Call,-,-,-,-,1850.0,-,-,0,0,0,1,1800,1900,5650,1610
TXO,202703,20270317.0,50200.0,Put,-,-,-,-,5180.0,-,-,0,0,0,1,5100,5370,6050,6050
TXO,202703,20270317.0,50400.0,Call,-,-,-,-,1780.0,-,-,0,0,0,5,1730,1830,2860,1750
TXO,202703,20270317.0,50400.0,Put,-,-,-,-,5310.0,-,-,0,0,0,1,5230,5500,6200,6200
TXO,202703,20270317.0,50600.0,Call,-,-,-,-,1720.0,-,-,0,0,0,1,1670,1770,2800,2240
TXO,202703,20270317.0,50600.0,Put,-,-,-,-,5450.0,-,-,0,0,0,1,5350,5640,6300,6300
TXO,202703,20270317.0,50800.0,Call,-,-,-,-,1660.0,-,-,0,0,0,2,1620,1710,2580,1770
TXO,202703,20270317.0,50800.0,Put,-,-,-,-,5590.0,-,-,0,0,0,1,5480,5780,6430,6430
TXO,202703,20270317.0,51000.0,Call,-,-,-,-,1600.0,-,-,0,0,0,6,1560,1650,6190,1480
TXO,202703,20270317.0,51000.0,Put,-,-,-,-,5730.0,-,-,0,0,0,1,5630,5930,6560,6560
TXO,202703,20270317.0,51200.0,Call,-,-,-,-,1540.0,-,-,0,0,0,2,1500,1590,3190,1560
TXO,202703,20270317.0,51200.0,Put,-,-,-,-,5860.0,-,-,0,0,0,1,5790,6070,6690,6690
TXO,202703,20270317.0,51400.0,Call,-,-,-,-,1490.0,-,-,0,0,0,1,1440,1530,5950,1480
TXO,202703,20270317.0,51400.0,Put,-,-,-,-,6010.0,-,-,0,0,0,1,5930,6220,6830,6830
TXO,202703,20270317.0,51600.0,Call,-,-,-,-,1430.0,-,-,0,0,0,5,1390,1480,5400,1490
TXO,202703,20270317.0,51600.0,Put,-,-,-,-,6150.0,-,-,0,0,0,1,6070,6370,6960,6960
TXO,202703,20270317.0,51800.0,Call,-,-,-,-,1370.0,-,-,0,0,0,1,1330,1420,4720,4600
TXO,202703,20270317.0,51800.0,Put,-,-,-,-,6290.0,-,-,0,0,0,1,6200,6520,7090,7090
TXO,202703,20270317.0,52000.0,Call,-,-,-,-,1320.0,-,-,10,0,10,13,1280,1370,5800,1370
TXO,202703,20270317.0,52000.0,Put,-,-,-,-,6440.0,-,-,0,0,0,1,6350,6670,7230,7230
TXO,202703,20270317.0,52200.0,Call,-,-,-,-,1280.0,-,-,0,0,0,1,1230,1320,2120,2120
TXO,202703,20270317.0,52200.0,Put,-,-,-,-,6590.0,-,-,0,0,0,1,6530,6700,7370,7370
TXO,202703,20270317.0,52400.0,Call,-,-,-,-,1230.0,-,-,0,0,0,1,1180,1270,4900,1440
TXO,202703,20270317.0,52400.0,Put,-,-,-,-,6740.0,-,-,0,0,0,1,6680,-,7510,7510
TXO,202703,20270317.0,52600.0,Call,-,-,-,-,1190.0,-,-,0,0,0,2,1140,1230,2230,1520
TXO,202703,20270317.0,52600.0,Put,-,-,-,-,6900.0,-,-,0,0,0,1,6830,7010,7650,7650
TXO,202703,20270317.0,52800.0,Call,-,-,-,-,1140.0,-,-,0,0,0,1,1090,1180,4470,1340
TXO,202703,20270317.0,52800.0,Put,-,-,-,-,7050.0,-,-,0,0,0,1,6980,7170,7790,7790
TXO,202703,20270317.0,53000.0,Call,-,-,-,-,1100.0,-,-,0,0,0,8,1050,1140,4850,1160
TXO,202703,20270317.0,53000.0,Put,-,-,-,-,7210.0,-,-,0,0,0,0,7140,7310,-,-
TXO,202703,20270317.0,53200.0,Call,-,-,-,-,1060.0,-,-,0,0,0,2,1010,1100,4700,1280
TXO,202703,20270317.0,53200.0,Put,-,-,-,-,7370.0,-,-,0,0,0,1,7300,7480,8070,8070
TXO,202703,20270317.0,53400.0,Call,-,-,-,-,1020.0,-,-,0,0,0,1,970,1040,1860,1780
TXO,202703,20270317.0,53400.0,Put,-,-,-,-,7530.0,-,-,0,0,0,1,7450,7630,8400,8220
TXO,202703,20270317.0,53600.0,Call,-,-,-,-,985.0,-,-,0,0,0,2,940,1010,1890,1120
TXO,202703,20270317.0,53600.0,Put,-,-,-,-,7690.0,-,-,0,0,0,0,7300,7780,-,-
TXO,202703,20270317.0,53800.0,Call,-,-,-,-,950.0,-,-,0,0,0,2,900,970,4600,1000
TXO,202703,20270317.0,53800.0,Put,-,-,-,-,7850.0,-,-,0,0,0,0,7780,7950,-,-
TXO,202703,20270317.0,54000.0,Call,-,-,-,-,915.0,-,-,0,0,0,17,900,935,4820,905
TXO,202703,20270317.0,54000.0,Put,-,-,-,-,8010.0,-,-,0,0,0,0,7930,8120,-,-
TXO,202703,20270317.0,54200.0,Call,-,-,-,-,875.0,-,-,0,0,0,3,830,900,1770,920
TXO,202703,20270317.0,54200.0,Put,-,-,-,-,8170.0,-,-,0,0,0,0,7810,8280,-,-
TXO,202703,20270317.0,54400.0,Call,-,-,-,-,840.0,-,-,0,0,0,11,795,865,1810,910
TXO,202703,20270317.0,54400.0,Put,-,-,-,-,8330.0,-,-,0,0,0,0,7950,8450,-,-
TXO,202703,20270317.0,54600.0,Call,-,-,-,-,805.0,-,-,0,0,0,3,775,840,1740,870
TXO,202703,20270317.0,54600.0,Put,-,-,-,-,8490.0,-,-,0,0,0,0,8050,8600,-,-
TXO,202703,20270317.0,54800.0,Call,-,-,-,-,775.0,-,-,0,0,0,4,735,800,1450,845
TXO,202703,20270317.0,54800.0,Put,-,-,-,-,8660.0,-,-,0,0,0,0,8600,8790,-,-
TXO,202703,20270317.0,55000.0,Call,-,-,-,-,745.0,-,-,0,0,0,21,710,770,3600,805
TXO,202703,20270317.0,55000.0,Put,-,-,-,-,8830.0,-,-,0,0,0,0,8760,8950,-,-
TXO,202703,20270317.0,55200.0,Call,-,-,-,-,715.0,-,-,0,0,0,2,680,740,4510,1700
TXO,202703,20270317.0,55200.0,Put,-,-,-,-,9000.0,-,-,0,0,0,0,8930,9110,-,-
TXO,202703,20270317.0,55400.0,Call,-,-,-,-,685.0,-,-,0,0,0,1,655,710,1320,1320
TXO,202703,20270317.0,55400.0,Put,-,-,-,-,9170.0,-,-,0,0,0,0,9100,9300,-,-
TXO,202703,20270317.0,55600.0,Call,-,-,-,-,660.0,-,-,0,0,0,1,625,680,1730,1730
TXO,202703,20270317.0,55600.0,Put,-,-,-,-,9340.0,-,-,0,0,0,0,9280,9470,-,-
TXO,202703,20270317.0,55800.0,Call,-,-,-,-,635.0,-,-,0,0,0,2,605,655,4340,1240
TXO,202703,20270317.0,55800.0,Put,-,-,-,-,9510.0,-,-,0,0,0,0,9440,-,-,-
TXO,202703,20270317.0,56000.0,Call,-,-,-,-,610.0,-,-,4,0,4,12,580,630,2570,625
TXO,202703,20270317.0,56000.0,Put,-,-,-,-,9680.0,-,-,0,0,0,0,9620,9820,14710,10440
TXO,202703,20270317.0,56200.0,Call,-,-,-,-,585.0,-,-,0,0,0,2,560,610,1370,1000
TXO,202703,20270317.0,56200.0,Put,-,-,-,-,9860.0,-,-,0,0,0,0,9800,9990,-,-
TXO,202703,20270317.0,56400.0,Call,-,-,-,-,555.0,-,-,0,0,0,31,535,580,1140,710
TXO,202703,20270317.0,56400.0,Put,-,-,-,-,10030.0,-,-,0,0,0,0,9630,10160,-,-
TXO,202703,20270317.0,56600.0,Call,-,-,-,-,530.0,-,-,0,0,0,1,510,555,1760,700
TXO,202703,20270317.0,56600.0,Put,-,-,-,-,10200.0,-,-,0,0,0,0,10140,10350,-,-
TXO,202703,20270317.0,56800.0,Call,-,-,-,-,515.0,-,-,0,0,0,12,495,540,1070,615
TXO,202703,20270317.0,56800.0,Put,-,-,-,-,10380.0,-,-,0,0,0,0,10320,10530,-,-
TXO,202703,20270317.0,57000.0,Call,560,560,560,560,499.0,▼-5,▼-0.88%,0,1,1,10,473,515,2950,535
TXO,202703,20270317.0,57000.0,Put,-,-,-,-,10560.0,-,-,0,0,0,0,10500,10710,-,-
TXO,202703,20270317.0,57200.0,Call,498,498,498,498,498.0,▼-47,▼-8.62%,0,1,1,16,468,499,3450,498
TXO,202703,20270317.0,57200.0,Put,-,-,-,-,10740.0,-,-,0,0,0,0,10360,10890,-,-
TXO,202703,20270317.0,57400.0,Call,489,489,489,489,463.0,▼-31,▼-5.96%,0,1,1,210,435,480,3760,385
TXO,202703,20270317.0,57400.0,Put,-,-,-,-,10920.0,-,-,0,0,0,0,10520,11070,-,-
