契約,到期月份 (週別),契約到期日,履約價,買賣權,開盤價,最高價,最低價,最後 成交價,結算價,漲跌價,漲跌%,*盤後交易時段成交量,*一般交易時段成交量,*合計成交量,*未沖銷 契約量,最後 最佳買價,最後 最佳賣價,歷史 最高價,歷史 最低價
TXO,202609,20260916.0,21800.0,Call,-,-,-,-,-,-,-,0,0,0,4,23950,23970,25330,12370
TXO,202609,20260916.0,21800.0,Put,0.3,0.3,0.1,0.1,-,0,-,161,17,178,1731,-,0.2,650,0.1
TXO,202609,20260916.0,22000.0,Call,-,-,-,-,-,-,-,0,0,0,6,23750,23770,23430,5990
TXO,202609,20260916.0,22000.0,Put,-,-,-,-,-,-,-,0,0,0,121,-,565,565,0.3
TXO,202609,20260916.0,22200.0,Call,-,-,-,-,-,-,-,0,0,0,0,23550,23570,-,-
TXO,202609,20260916.0,22200.0,Put,-,-,-,-,-,-,-,0,0,0,156,-,565,580,0.3
TXO,202609,20260916.0,22400.0,Call,-,-,-,-,-,-,-,0,0,0,0,23350,23370,-,-
TXO,202609,20260916.0,22400.0,Put,-,-,-,-,-,-,-,0,0,0,53,-,101,605,0.3
TXO,202609,20260916.0,22600.0,Call,-,-,-,-,-,-,-,0,0,0,0,23150,23170,-,-
TXO,202609,20260916.0,22600.0,Put,-,-,-,-,-,-,-,0,0,0,111,-,50,650,0.3
TXO,202609,20260916.0,22800.0,Call,-,-,-,-,-,-,-,0,0,0,0,22950,22970,-,-
TXO,202609,20260916.0,22800.0,Put,-,-,-,-,-,-,-,0,0,0,83,-,565,675,0.3
TXO,202609,20260916.0,23000.0,Call,-,-,-,-,-,-,-,0,0,0,0,22750,22770,-,-
TXO,202609,20260916.0,23000.0,Put,-,-,-,-,-,-,-,0,0,0,144,-,555,700,0.3
TXO,202609,20260916.0,23200.0,Call,-,-,-,-,-,-,-,0,0,0,0,22550,22570,-,-
TXO,202609,20260916.0,23200.0,Put,-,-,-,-,-,-,-,0,0,0,42,-,565,730,0.3
TXO,202609,20260916.0,23400.0,Call,-,-,-,-,-,-,-,0,0,0,0,22350,22370,-,-
TXO,202609,20260916.0,23400.0,Put,-,-,-,-,-,-,-,0,0,0,11,-,99,700,2.5
TXO,202609,20260916.0,23600.0,Call,-,-,-,-,-,-,-,0,0,0,0,22150,22170,-,-
TXO,202609,20260916.0,23600.0,Put,-,-,-,-,-,-,-,0,0,0,11,-,565,700,0.5
TXO,202609,20260916.0,23800.0,Call,-,-,-,-,-,-,-,0,0,0,0,21950,21970,-,-
TXO,202609,20260916.0,23800.0,Put,-,-,-,-,-,-,-,0,0,0,14,-,565,520,0.5
TXO,202609,20260916.0,24000.0,Call,-,-,-,-,-,-,-,0,0,0,0,21750,21770,-,-
TXO,202609,20260916.0,24000.0,Put,-,-,-,-,-,-,-,0,0,0,108,-,565,665,0.3
TXO,202609,20260916.0,24200.0,Call,-,-,-,-,-,-,-,0,0,0,0,21550,21570,-,-
TXO,202609,20260916.0,24200.0,Put,-,-,-,-,-,-,-,0,0,0,82,-,565,1000,0.6
TXO,202609,20260916.0,24400.0,Call,-,-,-,-,-,-,-,0,0,0,0,21350,21370,-,-
TXO,202609,20260916.0,24400.0,Put,-,-,-,-,-,-,-,0,0,0,112,-,565,1010,0.5
TXO,202609,20260916.0,24600.0,Call,-,-,-,-,-,-,-,0,0,0,0,21150,21170,-,-
TXO,202609,20260916.0,24600.0,Put,-,-,-,-,-,-,-,0,0,0,52,-,565,1020,0.6
TXO,202609,20260916.0,24800.0,Call,-,-,-,-,-,-,-,0,0,0,0,20950,20970,-,-
TXO,202609,20260916.0,24800.0,Put,-,-,-,-,-,-,-,0,0,0,85,-,565,1100,0.6
TXO,202609,20260916.0,25000.0,Call,-,-,-,-,-,-,-,0,0,0,0,20750,20770,-,-
TXO,202609,20260916.0,25000.0,Put,-,-,-,-,-,-,-,0,0,0,118,-,30,1050,0.3
TXO,202609,20260916.0,25200.0,Call,-,-,-,-,-,-,-,0,0,0,0,20550,20570,-,-
TXO,202609,20260916.0,25200.0,Put,-,-,-,-,-,-,-,0,0,0,29,-,10,1200,0.5
TXO,202609,20260916.0,25400.0,Call,-,-,-,-,-,-,-,0,0,0,0,20350,20370,-,-
TXO,202609,20260916.0,25400.0,Put,-,-,-,-,-,-,-,0,0,0,43,-,565,1250,0.3
TXO,202609,20260916.0,25600.0,Call,-,-,-,-,-,-,-,0,0,0,0,20150,20170,-,-
TXO,202609,20260916.0,25600.0,Put,-,-,-,-,-,-,-,0,0,0,23,-,99,1210,0.3
TXO,202609,20260916.0,25800.0,Call,-,-,-,-,-,-,-,0,0,0,164,19950,19970,20840,14370
TXO,202609,20260916.0,25800.0,Put,-,-,-,-,-,-,-,0,0,0,33,-,565,1270,0.3
TXO,202609,20260916.0,26000.0,Call,-,-,-,-,-,-,-,0,0,0,0,19750,19770,-,-
TXO,202609,20260916.0,26000.0,Put,-,-,-,-,-,-,-,0,0,0,104,-,10,1090,0.3
TXO,202609,20260916.0,26200.0,Call,-,-,-,-,-,-,-,0,0,0,0,19550,19570,-,-
TXO,202609,20260916.0,26200.0,Put,-,-,-,-,-,-,-,0,0,0,24,-,450,1420,0.6
TXO,202609,20260916.0,26400.0,Call,-,-,-,-,-,-,-,0,0,0,0,19350,19370,13900,5820
TXO,202609,20260916.0,26400.0,Put,-,-,-,-,-,-,-,0,0,0,15,-,565,1180,0.5
TXO,202609,20260916.0,26600.0,Call,-,-,-,-,-,-,-,0,0,0,0,19150,19170,-,-
TXO,202609,20260916.0,26600.0,Put,-,-,-,-,-,-,-,0,0,0,24,-,565,1000,0.2
TXO,202609,20260916.0,26800.0,Call,-,-,-,-,-,-,-,0,0,0,25,18950,18970,18950,5510
TXO,202609,20260916.0,26800.0,Put,-,-,-,-,-,-,-,0,0,0,31,-,565,1130,0.3
TXO,202609,20260916.0,27000.0,Call,-,-,-,-,-,-,-,0,0,0,3,18750,18770,20110,6220
TXO,202609,20260916.0,27000.0,Put,-,-,-,-,-,-,-,0,0,0,16,-,565,1750,0.1
TXO,202609,20260916.0,27200.0,Call,-,-,-,-,-,-,-,0,0,0,0,18550,18570,-,-
TXO,202609,20260916.0,27200.0,Put,-,-,-,-,-,-,-,0,0,0,6,-,565,750,0.2
TXO,202609,20260916.0,27400.0,Call,-,-,-,-,-,-,-,0,0,0,2,18350,18370,5890,2380
TXO,202609,20260916.0,27400.0,Put,-,-,-,-,-,-,-,0,0,0,11,-,565,1270,0.2
TXO,202609,20260916.0,27600.0,Call,-,-,-,-,-,-,-,0,0,0,2,18150,18170,10800,2020
TXO,202609,20260916.0,27600.0,Put,-,-,-,-,-,-,-,0,0,0,8,-,565,1120,0.2
TXO,202609,20260916.0,27800.0,Call,-,-,-,-,-,-,-,0,0,0,7,17950,17970,19160,16360
TXO,202609,20260916.0,27800.0,Put,-,-,-,-,-,-,-,4,0,4,17,-,565,1460,0.2
TXO,202609,20260916.0,28000.0,Call,-,-,-,-,-,-,-,0,0,0,1,17750,17770,7880,1910
TXO,202609,20260916.0,28000.0,Put,-,-,-,-,-,-,-,0,0,0,60,-,565,2180,0.3
TXO,202609,20260916.0,28200.0,Call,-,-,-,-,-,-,-,0,0,0,2,17550,17570,5250,1730
TXO,202609,20260916.0,28200.0,Put,-,-,-,-,-,-,-,0,0,0,7,-,565,1180,0.3
TXO,202609,20260916.0,28400.0,Call,-,-,-,-,-,-,-,0,0,0,21,17350,17370,15910,1630
TXO,202609,20260916.0,28400.0,Put,-,-,-,-,-,-,-,3,0,3,18,-,565,1550,0.2
TXO,202609,20260916.0,28600.0,Call,-,-,-,-,-,-,-,0,0,0,0,17150,17170,-,-
TXO,202609,20260916.0,28600.0,Put,0.1,0.1,0.1,0.1,-,0,-,3,1,4,19,-,565,1250,0.1
TXO,202609,20260916.0,28800.0,Call,-,-,-,-,-,-,-,0,0,0,0,16950,16970,5200,3230
TXO,202609,20260916.0,28800.0,Put,-,-,-,-,-,-,-,3,0,3,23,-,565,775,0.2
TXO,202609,20260916.0,29000.0,Call,-,-,-,-,-,-,-,0,0,0,2,16750,16770,4570,4570
TXO,202609,20260916.0,29000.0,Put,-,-,-,-,-,-,-,3,0,3,38,-,30,1920,0.2
TXO,202609,20260916.0,29200.0,Call,-,-,-,-,-,-,-,0,0,0,4,16550,16570,6310,1310
TXO,202609,20260916.0,29200.0,Put,-,-,-,-,-,-,-,0,0,0,19,-,565,1320,0.3
TXO,202609,20260916.0,29400.0,Call,-,-,-,-,-,-,-,0,0,0,1,16350,16370,6990,1290
TXO,202609,20260916.0,29400.0,Put,-,-,-,-,-,-,-,0,0,0,53,-,565,2010,2
TXO,202609,20260916.0,29600.0,Call,-,-,-,-,-,-,-,0,0,0,2,16150,16170,5690,1370
TXO,202609,20260916.0,29600.0,Put,-,-,-,-,-,-,-,2,0,2,27,-,565,1780,0.2
TXO,202609,20260916.0,29800.0,Call,-,-,-,-,-,-,-,0,0,0,4,15950,15970,16280,1210
TXO,202609,20260916.0,29800.0,Put,-,-,-,-,-,-,-,1,0,1,22,-,565,2400,0.2
TXO,202609,20260916.0,30000.0,Call,-,-,-,-,-,-,-,0,0,0,24,15750,15770,14350,1210
TXO,202609,20260916.0,30000.0,Put,-,-,-,-,-,-,-,0,0,0,593,-,5,2400,0.1
TXO,202609,20260916.0,30200.0,Call,-,-,-,-,-,-,-,0,0,0,4,15550,15570,10020,1320
TXO,202609,20260916.0,30200.0,Put,-,-,-,-,-,-,-,0,0,0,10,-,565,2050,4.6
TXO,202609,20260916.0,30400.0,Call,-,-,-,-,-,-,-,0,0,0,0,15350,15370,5390,1430
TXO,202609,20260916.0,30400.0,Put,-,-,-,-,-,-,-,0,0,0,37,-,565,2030,1
TXO,202609,20260916.0,30600.0,Call,-,-,-,-,-,-,-,0,0,0,6,15150,15170,5520,1000
TXO,202609,20260916.0,30600.0,Put,-,-,-,-,-,-,-,0,0,0,8,-,565,2090,14
TXO,202609,20260916.0,30800.0,Call,-,-,-,-,-,-,-,0,0,0,7,14950,14970,10110,940
TXO,202609,20260916.0,30800.0,Put,-,-,-,-,-,-,-,0,0,0,20,-,565,2200,7
TXO,202609,20260916.0,31000.0,Call,14850,14850,14850,14850,-,▲+250,▲+1.71%,0,48,48,48,14750,14770,15990,1300
TXO,202609,20260916.0,31000.0,Put,-,-,-,-,-,-,-,0,0,0,83,-,565,2410,0.5
TXO,202609,20260916.0,31200.0,Call,-,-,-,-,-,-,-,0,0,0,0,14550,14570,5680,2350
TXO,202609,20260916.0,31200.0,Put,-,-,-,-,-,-,-,0,0,0,33,-,565,4320,1
TXO,202609,20260916.0,31400.0,Call,-,-,-,-,-,-,-,0,0,0,1,14350,14370,14330,1430
TXO,202609,20260916.0,31400.0,Put,-,-,-,-,-,-,-,0,0,0,27,-,565,2750,0.6
TXO,202609,20260916.0,31600.0,Call,-,-,-,-,-,-,-,0,0,0,0,14150,14170,3970,2920
TXO,202609,20260916.0,31600.0,Put,-,-,-,-,-,-,-,0,0,0,51,-,565,2510,0.3
TXO,202609,20260916.0,31800.0,Call,-,-,-,-,-,-,-,0,0,0,1,13950,13970,14100,1370
TXO,202609,20260916.0,31800.0,Put,0.2,0.2,0.2,0.2,-,▲+0.1,-,0,2,2,43,-,565,2990,0.2
TXO,202609,20260916.0,32000.0,Call,-,-,-,-,-,-,-,0,0,0,21,13750,13770,16670,1310
TXO,202609,20260916.0,32000.0,Put,-,-,-,-,-,-,-,0,0,0,99,-,0.1,2700,0.7
TXO,202609,20260916.0,32200.0,Call,-,-,-,-,-,-,-,0,0,0,19,13550,13570,13750,1380
TXO,202609,20260916.0,32200.0,Put,-,-,-,-,-,-,-,0,0,0,20,-,565,2670,0.3
TXO,202609,20260916.0,32400.0,Call,-,-,-,-,-,-,-,0,0,0,0,13350,13370,4680,1440
TXO,202609,20260916.0,32400.0,Put,-,-,-,-,-,-,-,0,0,0,19,-,565,2300,3.6
TXO,202609,20260916.0,32600.0,Call,-,-,-,-,-,-,-,0,0,0,0,13150,13170,9580,1680
TXO,202609,20260916.0,32600.0,Put,-,-,-,-,-,-,-,0,0,0,37,-,565,2900,0.8
TXO,202609,20260916.0,32800.0,Call,-,-,-,-,-,-,-,0,0,0,2,12950,12970,8380,1420
TXO,202609,20260916.0,32800.0,Put,0.2,0.2,0.2,0.2,-,▲+0.1,-,0,4,4,30,-,565,3280,0.2
TXO,202609,20260916.0,33000.0,Call,-,-,-,-,-,-,-,0,0,0,35,12750,12770,12330,399
TXO,202609,20260916.0,33000.0,Put,-,-,-,-,-,-,-,0,0,0,112,-,565,3000,0.1
TXO,202609,20260916.0,33200.0,Call,-,-,-,-,-,-,-,0,0,0,4,12550,12570,11640,344
TXO,202609,20260916.0,33200.0,Put,-,-,-,-,-,-,-,0,0,0,9,-,565,2730,1
TXO,202609,20260916.0,33400.0,Call,-,-,-,-,-,-,-,0,0,0,2,12350,12370,12040,1470
TXO,202609,20260916.0,33400.0,Put,-,-,-,-,-,-,-,0,0,0,26,-,565,2780,3.6
TXO,202609,20260916.0,33600.0,Call,12250,12250,12250,12250,-,▲+250,▲+2.08%,0,26,26,26,12150,12170,13690,372
TXO,202609,20260916.0,33600.0,Put,-,-,-,-,-,-,-,0,0,0,22,-,565,3860,0.2
TXO,202609,20260916.0,33800.0,Call,-,-,-,-,-,-,-,0,0,0,1,11950,11970,7340,328
TXO,202609,20260916.0,33800.0,Put,-,-,-,-,-,-,-,0,0,0,61,-,565,3000,0.2
TXO,202609,20260916.0,33900.0,Call,-,-,-,-,-,-,-,0,0,0,0,11850,11870,-,-
TXO,202609,20260916.0,33900.0,Put,-,-,-,-,-,-,-,0,0,0,4,-,565,30.5,1.7
TXO,202609,20260916.0,34000.0,Call,-,-,-,-,-,-,-,0,0,0,115,11750,11770,12980,325
TXO,202609,20260916.0,34000.0,Put,0.2,0.2,0.2,0.2,-,▲+0.1,-,0,6,6,142,-,565,3990,0.1
TXO,202609,20260916.0,34100.0,Call,-,-,-,-,-,-,-,0,0,0,0,11650,11670,-,-
TXO,202609,20260916.0,34100.0,Put,-,-,-,-,-,-,-,0,0,0,2,-,565,410,8.4
TXO,202609,20260916.0,34200.0,Call,-,-,-,-,-,-,-,1,0,1,1,11550,11570,11200,299
TXO,202609,20260916.0,34200.0,Put,-,-,-,-,-,-,-,0,0,0,20,-,565,1130,2
TXO,202609,20260916.0,34300.0,Call,-,-,-,-,-,-,-,0,0,0,0,11450,11470,-,-
TXO,202609,20260916.0,34300.0,Put,-,-,-,-,-,-,-,0,0,0,4,-,565,112,0.2
TXO,202609,20260916.0,34400.0,Call,-,-,-,-,-,-,-,0,0,0,0,11350,11370,6600,305
TXO,202609,20260916.0,34400.0,Put,-,-,-,-,-,-,-,0,0,0,10,-,565,3660,1.3
TXO,202609,20260916.0,34500.0,Call,-,-,-,-,-,-,-,0,0,0,0,11250,11270,-,-
TXO,202609,20260916.0,34500.0,Put,0.2,0.2,0.2,0.2,-,▲+0.1,-,0,1,1,12,-,565,199,0.2
TXO,202609,20260916.0,34600.0,Call,-,-,-,-,-,-,-,0,0,0,3,11150,11170,11000,306
TXO,202609,20260916.0,34600.0,Put,-,-,-,-,-,-,-,0,0,0,7,-,565,4530,10
TXO,202609,20260916.0,34700.0,Call,-,-,-,-,-,-,-,0,0,0,0,11050,11070,-,-
TXO,202609,20260916.0,34700.0,Put,-,-,-,-,-,-,-,0,0,0,1,-,-,31.5,1.3
TXO,202609,20260916.0,34800.0,Call,-,-,-,-,-,-,-,0,0,0,3,10950,10970,3130,370
TXO,202609,20260916.0,34800.0,Put,-,-,-,-,-,-,-,0,0,0,12,-,565,3320,0.2
TXO,202609,20260916.0,34900.0,Call,-,-,-,-,-,-,-,0,0,0,0,10850,10870,-,-
TXO,202609,20260916.0,34900.0,Put,-,-,-,-,-,-,-,0,0,0,4,-,565,50,1.8
TXO,202609,20260916.0,35000.0,Call,-,-,-,-,-,-,-,0,0,0,6,10750,10770,14340,510
TXO,202609,20260916.0,35000.0,Put,0.1,0.1,0.1,0.1,-,0,-,0,2,2,407,-,3,3320,0.1
TXO,202609,20260916.0,35100.0,Call,-,-,-,-,-,-,-,0,0,0,0,10650,10670,-,-
TXO,202609,20260916.0,35100.0,Put,-,-,-,-,-,-,-,0,0,0,11,-,565,47,11.5
TXO,202609,20260916.0,35200.0,Call,-,-,-,-,-,-,-,0,0,0,1,10550,10570,9760,850
TXO,202609,20260916.0,35200.0,Put,-,-,-,-,-,-,-,0,0,0,42,-,565,1150,2.8
TXO,202609,20260916.0,35300.0,Call,-,-,-,-,-,-,-,0,0,0,0,10450,10470,-,-
TXO,202609,20260916.0,35300.0,Put,-,-,-,-,-,-,-,0,0,0,14,-,565,143,0.2
TXO,202609,20260916.0,35400.0,Call,-,-,-,-,-,-,-,0,0,0,0,10350,10370,8330,373
TXO,202609,20260916.0,35400.0,Put,0.1,0.1,0.1,0.1,-,0,-,0,3,3,11,-,565,3430,0.1
TXO,202609,20260916.0,35500.0,Call,-,-,-,-,-,-,-,0,0,0,0,10250,10270,-,-
TXO,202609,20260916.0,35500.0,Put,-,-,-,-,-,-,-,0,0,0,50,-,565,499,0.3
TXO,202609,20260916.0,35600.0,Call,-,-,-,-,-,-,-,0,0,0,0,10150,10170,7680,1220
TXO,202609,20260916.0,35600.0,Put,-,-,-,-,-,-,-,0,0,0,9,-,565,4020,0.3
TXO,202609,20260916.0,35700.0,Call,-,-,-,-,-,-,-,0,0,0,0,10050,10070,-,-
TXO,202609,20260916.0,35700.0,Put,-,-,-,-,-,-,-,0,0,0,2,-,565,165,0.6
TXO,202609,20260916.0,35800.0,Call,-,-,-,-,-,-,-,0,0,0,3,9950,9970,5820,450
TXO,202609,20260916.0,35800.0,Put,-,-,-,-,-,-,-,0,0,0,21,-,565,2000,0.3
TXO,202609,20260916.0,35900.0,Call,-,-,-,-,-,-,-,0,0,0,0,9850,9870,-,-
TXO,202609,20260916.0,35900.0,Put,0.3,0.3,0.1,0.1,-,0,-,0,3,3,30,-,499,348,0.1
TXO,202609,20260916.0,36000.0,Call,-,-,-,-,-,-,-,0,0,0,41,9750,9770,11770,595
TXO,202609,20260916.0,36000.0,Put,0.2,0.2,0.1,0.1,-,0,-,0,5,5,842,-,10,4200,0.1
TXO,202609,20260916.0,36100.0,Call,-,-,-,-,-,-,-,0,0,0,0,9650,9670,-,-
TXO,202609,20260916.0,36100.0,Put,0.1,0.2,0.1,0.1,-,0,-,0,8,8,8,-,565,685,0.1
TXO,202609,20260916.0,36200.0,Call,-,-,-,-,-,-,-,0,0,0,0,9550,9570,8750,282
TXO,202609,20260916.0,36200.0,Put,-,-,-,-,-,-,-,0,0,0,63,-,565,1400,0.5
TXO,202609,20260916.0,36300.0,Call,-,-,-,-,-,-,-,0,0,0,0,9450,9470,-,-
TXO,202609,20260916.0,36300.0,Put,-,-,-,-,-,-,-,0,0,0,55,-,565,990,0.5
TXO,202609,20260916.0,36400.0,Call,-,-,-,-,-,-,-,0,0,0,0,9350,9370,7540,499
TXO,202609,20260916.0,36400.0,Put,0.1,0.1,0.1,0.1,-,0,-,0,1,1,7,-,565,4830,0.1
TXO,202609,20260916.0,36500.0,Call,-,-,-,-,-,-,-,0,0,0,0,9250,9270,-,-
TXO,202609,20260916.0,36500.0,Put,0.1,0.1,0.1,0.1,-,0,-,0,1,1,60,-,565,880,0.1
TXO,202609,20260916.0,36600.0,Call,-,-,-,-,-,-,-,0,0,0,0,9150,9170,7400,480
TXO,202609,20260916.0,36600.0,Put,-,-,-,-,-,-,-,0,0,0,81,-,565,1860,0.6
TXO,202609,20260916.0,36700.0,Call,-,-,-,-,-,-,-,0,0,0,0,9050,9070,-,-
TXO,202609,20260916.0,36700.0,Put,-,-,-,-,-,-,-,0,0,0,64,-,565,488,0.6
TXO,202609,20260916.0,36800.0,Call,-,-,-,-,-,-,-,0,0,0,19,8950,8970,2830,310
TXO,202609,20260916.0,36800.0,Put,-,-,-,-,-,-,-,0,0,0,29,-,565,4910,0.4
TXO,202609,20260916.0,36900.0,Call,-,-,-,-,-,-,-,0,0,0,0,8850,8870,-,-
TXO,202609,20260916.0,36900.0,Put,0.2,0.2,0.2,0.2,-,▲+0.1,-,0,2,2,134,-,565,1240,0.2
TXO,202609,20260916.0,37000.0,Call,-,-,-,-,-,-,-,0,0,0,29,8750,8770,9270,540
TXO,202609,20260916.0,37000.0,Put,0.1,0.1,0.1,0.1,-,0,-,0,1,1,506,-,0.1,2520,0.1
TXO,202609,20260916.0,37100.0,Call,-,-,-,-,-,-,-,0,0,0,0,8650,8670,-,-
TXO,202609,20260916.0,37100.0,Put,-,-,-,-,-,-,-,0,0,0,24,-,565,400,0.4
TXO,202609,20260916.0,37200.0,Call,-,-,-,-,-,-,-,0,0,0,5,8550,8570,10420,375
TXO,202609,20260916.0,37200.0,Put,-,-,-,-,-,-,-,0,0,0,76,-,565,2390,0.1
TXO,202609,20260916.0,37300.0,Call,-,-,-,-,-,-,-,0,0,0,0,8450,8470,-,-
TXO,202609,20260916.0,37300.0,Put,-,-,-,-,-,-,-,0,0,0,19,-,565,720,1.7
TXO,202609,20260916.0,37400.0,Call,-,-,-,-,-,-,-,0,0,0,1,8350,8370,1370,456
TXO,202609,20260916.0,37400.0,Put,0.1,0.1,0.1,0.1,-,0,-,0,4,4,28,-,565,2530,0.1
TXO,202609,20260916.0,37500.0,Call,-,-,-,-,-,-,-,0,0,0,0,8250,8270,-,-
TXO,202609,20260916.0,37500.0,Put,-,-,-,-,-,-,-,0,0,0,39,-,1,1110,1
TXO,202609,20260916.0,37600.0,Call,-,-,-,-,-,-,-,0,0,0,0,8150,8170,5920,430
TXO,202609,20260916.0,37600.0,Put,-,-,-,-,-,-,-,1,0,1,37,-,565,2660,0.2
TXO,202609,20260916.0,37700.0,Call,-,-,-,-,-,-,-,0,0,0,0,8050,8070,-,-
TXO,202609,20260916.0,37700.0,Put,-,-,-,-,-,-,-,0,0,0,24,-,565,1080,0.4
TXO,202609,20260916.0,37800.0,Call,-,-,-,-,-,-,-,0,0,0,2,7950,7970,3680,390
TXO,202609,20260916.0,37800.0,Put,-,-,-,-,-,-,-,0,0,0,42,-,565,1110,0.4
TXO,202609,20260916.0,37900.0,Call,-,-,-,-,-,-,-,0,0,0,0,7850,7870,-,-
TXO,202609,20260916.0,37900.0,Put,0.1,0.1,0.1,0.1,-,0,-,0,1,1,44,-,565,580,0.1
TXO,202609,20260916.0,38000.0,Call,-,-,-,-,-,-,-,0,0,0,17,7750,7770,9000,350
TXO,202609,20260916.0,38000.0,Put,0.2,0.2,0.1,0.1,-,0,-,1,13,14,441,-,0.2,6640,0.1
TXO,202609,20260916.0,38100.0,Call,-,-,-,-,-,-,-,0,0,0,0,7650,7670,-,-
TXO,202609,20260916.0,38100.0,Put,-,-,-,-,-,-,-,0,0,0,11,-,565,1680,0.6
TXO,202609,20260916.0,38200.0,Call,-,-,-,-,-,-,-,0,0,0,0,7550,7570,1030,370
TXO,202609,20260916.0,38200.0,Put,0.1,0.1,0.1,0.1,-,0,-,2,1,3,31,-,565,2770,0.1
TXO,202609,20260916.0,38300.0,Call,-,-,-,-,-,-,-,0,0,0,0,7450,7470,-,-
TXO,202609,20260916.0,38300.0,Put,-,-,-,-,-,-,-,1,0,1,14,-,565,1740,0.2
TXO,202609,20260916.0,38400.0,Call,-,-,-,-,-,-,-,0,0,0,0,7350,7370,6200,340
TXO,202609,20260916.0,38400.0,Put,-,-,-,-,-,-,-,1,0,1,12,-,565,2080,0.2
TXO,202609,20260916.0,38500.0,Call,-,-,-,-,-,-,-,0,0,0,0,7250,7270,7900,6410
TXO,202609,20260916.0,38500.0,Put,0.1,0.1,0.1,0.1,-,0,-,0,4,4,53,-,0.3,1500,0.1
TXO,202609,20260916.0,38600.0,Call,-,-,-,-,-,-,-,0,0,0,0,7150,7170,7500,371
TXO,202609,20260916.0,38600.0,Put,-,-,-,-,-,-,-,0,0,0,15,-,565,2850,0.1
TXO,202609,20260916.0,38700.0,Call,-,-,-,-,-,-,-,0,0,0,0,7050,7070,-,-
TXO,202609,20260916.0,38700.0,Put,0.3,0.3,0.3,0.3,-,▲+0.2,-,0,1,1,12,-,565,950,0.3
TXO,202609,20260916.0,38800.0,Call,-,-,-,-,-,-,-,0,0,0,19,6950,6970,10410,270
TXO,202609,20260916.0,38800.0,Put,0.2,0.2,0.2,0.2,-,▲+0.1,-,0,1,1,13,-,565,2100,0.2
TXO,202609,20260916.0,38900.0,Call,-,-,-,-,-,-,-,0,0,0,0,6850,6870,-,-
TXO,202609,20260916.0,38900.0,Put,0.2,0.2,0.2,0.2,-,0,0%,1,4,5,62,-,565,1990,0.2
TXO,202609,20260916.0,39000.0,Call,-,-,-,-,-,-,-,0,0,0,50,6750,6770,8810,273
TXO,202609,20260916.0,39000.0,Put,0.3,0.3,0.2,0.2,-,0,0%,11,14,25,572,-,565,2820,0.1
TXO,202609,20260916.0,39100.0,Call,-,-,-,-,-,-,-,0,0,0,1,6650,6670,3840,3840
TXO,202609,20260916.0,39100.0,Put,-,-,-,-,-,-,-,0,0,0,48,-,565,2100,0.2
TXO,202609,20260916.0,39200.0,Call,-,-,-,-,-,-,-,0,0,0,1,6550,6570,6340,249
TXO,202609,20260916.0,39200.0,Put,-,-,-,-,-,-,-,1,0,1,40,-,565,2750,0.2
TXO,202609,20260916.0,39300.0,Call,-,-,-,-,-,-,-,0,0,0,1,6450,6470,7100,2740
TXO,202609,20260916.0,39300.0,Put,-,-,-,-,-,-,-,0,0,0,31,-,565,1930,0.2
TXO,202609,20260916.0,39400.0,Call,-,-,-,-,-,-,-,0,0,0,6,6350,6370,8270,223
TXO,202609,20260916.0,39400.0,Put,-,-,-,-,-,-,-,0,0,0,46,-,565,2390,0.2
TXO,202609,20260916.0,39500.0,Call,-,-,-,-,-,-,-,0,0,0,0,6250,6270,3220,3150
TXO,202609,20260916.0,39500.0,Put,0.2,0.3,0.1,0.1,-,▼-0.1,▼-50.00%,8,9,17,88,-,0.5,1320,0.1
TXO,202609,20260916.0,39600.0,Call,-,-,-,-,-,-,-,0,0,0,2,6150,6170,5910,394
TXO,202609,20260916.0,39600.0,Put,0.4,0.4,0.4,0.4,-,▲+0.2,▲+100.00%,0,1,1,78,-,565,2870,0.2
TXO,202609,20260916.0,39700.0,Call,-,-,-,-,-,-,-,0,0,0,23,6050,6070,6150,2400
TXO,202609,20260916.0,39700.0,Put,-,-,-,-,-,-,-,1,0,1,28,-,565,1330,0.2
TXO,202609,20260916.0,39800.0,Call,-,-,-,-,-,-,-,0,0,0,0,5950,5970,6170,417
TXO,202609,20260916.0,39800.0,Put,0.1,0.1,0.1,0.1,-,▼-0.1,▼-50.00%,0,13,13,106,-,565,2020,0.1
TXO,202609,20260916.0,39900.0,Call,-,-,-,-,-,-,-,0,0,0,5,5850,5870,4450,2550
TXO,202609,20260916.0,39900.0,Put,0.2,0.2,0.2,0.2,-,0,0%,16,2,18,103,-,565,2270,0.2
TXO,202609,20260916.0,40000.0,Call,-,-,-,-,-,-,-,0,0,0,67,5750,5770,8030,380
TXO,202609,20260916.0,40000.0,Put,0.3,0.3,0.1,0.2,-,0,0%,33,43,76,1895,-,0.3,3040,0.1
TXO,202609,20260916.0,40100.0,Call,-,-,-,-,-,-,-,0,0,0,0,5650,5670,6430,2480
TXO,202609,20260916.0,40100.0,Put,-,-,-,-,-,-,-,0,0,0,42,-,9,2350,0.2
TXO,202609,20260916.0,40200.0,Call,-,-,-,-,-,-,-,0,0,0,4,5550,5570,7670,250
TXO,202609,20260916.0,40200.0,Put,-,-,-,-,-,-,-,10,0,10,15,-,565,2310,0.2
TXO,202609,20260916.0,40300.0,Call,-,-,-,-,-,-,-,0,0,0,0,5450,5470,5090,2720
TXO,202609,20260916.0,40300.0,Put,-,-,-,-,-,-,-,6,0,6,36,-,565,2430,0.4
TXO,202609,20260916.0,40400.0,Call,-,-,-,-,-,-,-,0,0,0,8,5350,5370,4590,388
TXO,202609,20260916.0,40400.0,Put,0.1,0.2,0.1,0.2,-,0,0%,97,3,100,87,-,565,3260,0.1
TXO,202609,20260916.0,40500.0,Call,-,-,-,-,-,-,-,0,0,0,1,5250,5270,6650,2260
TXO,202609,20260916.0,40500.0,Put,0.1,0.1,0.1,0.1,-,▼-0.2,▼-66.67%,22,4,26,107,-,565,2460,0.1
TXO,202609,20260916.0,40600.0,Call,-,-,-,-,-,-,-,0,0,0,3,5150,5170,6500,345
TXO,202609,20260916.0,40600.0,Put,0.1,0.1,0.1,0.1,-,▼-0.2,▼-66.67%,3,1,4,57,-,565,4360,0.1
TXO,202609,20260916.0,40700.0,Call,-,-,-,-,-,-,-,0,0,0,18,5050,5070,5710,2330
TXO,202609,20260916.0,40700.0,Put,-,-,-,-,-,-,-,3,0,3,370,-,565,2520,0.2
TXO,202609,20260916.0,40800.0,Call,-,-,-,-,-,-,-,0,0,0,7,4950,4970,6870,530
TXO,202609,20260916.0,40800.0,Put,0.2,0.4,0.1,0.2,-,▼-0.1,▼-33.33%,2,12,14,116,-,0.5,4480,0.1
TXO,202609,20260916.0,40900.0,Call,-,-,-,-,-,-,-,0,0,0,0,4850,4870,4500,3090
TXO,202609,20260916.0,40900.0,Put,0.2,0.2,0.1,0.1,-,▼-0.2,▼-66.67%,20,6,26,52,-,26,2000,0.1
TXO,202609,20260916.0,41000.0,Call,-,-,-,-,-,-,-,0,0,0,9,4750,4770,7580,320
TXO,202609,20260916.0,41000.0,Put,0.3,0.3,0.2,0.2,-,▼-0.1,▼-33.33%,19,13,32,659,-,0.8,4640,0.2
TXO,202609,20260916.0,41100.0,Call,-,-,-,-,-,-,-,0,0,0,5,4650,4670,5260,2720
TXO,202609,20260916.0,41100.0,Put,0.1,0.1,0.1,0.1,-,▼-0.3,▼-75.00%,0,1,1,62,-,565,3010,0.1
TXO,202609,20260916.0,41200.0,Call,-,-,-,-,-,-,-,0,0,0,5,4550,4570,4320,2240
TXO,202609,20260916.0,41200.0,Put,0.2,0.2,0.2,0.2,-,▼-0.2,▼-50.00%,0,2,2,543,-,565,7750,0.2
TXO,202609,20260916.0,41300.0,Call,-,-,-,-,-,-,-,0,0,0,20,4450,4470,4200,1820
TXO,202609,20260916.0,41300.0,Put,-,-,-,-,-,-,-,4,0,4,115,-,565,2980,0.2
TXO,202609,20260916.0,41400.0,Call,-,-,-,-,-,-,-,0,0,0,2,4350,4370,5680,1820
TXO,202609,20260916.0,41400.0,Put,0.3,0.3,0.1,0.1,-,▼-0.4,▼-80.00%,0,10,10,55,-,31,3480,0.1
TXO,202609,20260916.0,41500.0,Call,-,-,-,-,-,-,-,0,0,0,3,4250,4270,4910,1750
TXO,202609,20260916.0,41500.0,Put,0.2,0.2,0.1,0.2,-,▼-0.5,▼-71.43%,1,85,86,157,-,0.9,1680,0.1
TXO,202609,20260916.0,41600.0,Call,-,-,-,-,-,-,-,0,0,0,5,4150,4170,4470,2070
TXO,202609,20260916.0,41600.0,Put,0.3,0.3,0.2,0.2,-,▼-0.5,▼-71.43%,2,10,12,180,-,0.3,3420,0.2
TXO,202609,20260916.0,41700.0,Call,-,-,-,-,-,-,-,0,0,0,2,4050,4070,5020,4120
TXO,202609,20260916.0,41700.0,Put,0.3,0.3,0.1,0.1,-,▼-0.6,▼-85.71%,1,9,10,191,-,99,3110,0.1
TXO,202609,20260916.0,41800.0,Call,-,-,-,-,-,-,-,0,0,0,2,3950,3970,4910,264
TXO,202609,20260916.0,41800.0,Put,0.3,0.4,0.1,0.2,-,▼-0.7,▼-77.78%,3,21,24,99,-,15,6470,0.1
TXO,202609,20260916.0,41900.0,Call,-,-,-,-,-,-,-,0,0,0,2,3850,3870,4500,1660
TXO,202609,20260916.0,41900.0,Put,0.3,0.3,0.1,0.1,-,▼-0.8,▼-88.89%,5,16,21,123,-,10,3180,0.1
TXO,202609,20260916.0,42000.0,Call,-,-,-,-,-,-,-,0,0,0,605,3750,3770,6680,161
TXO,202609,20260916.0,42000.0,Put,0.3,0.3,0.1,0.1,-,▼-0.9,▼-90.00%,69,43,112,1844,-,1,7310,0.1
TXO,202609,20260916.0,42100.0,Call,-,-,-,-,-,-,-,0,0,0,1,3650,3670,4100,3740
TXO,202609,20260916.0,42100.0,Put,0.3,0.3,0.1,0.1,-,▼-0.9,▼-90.00%,16,6,22,305,-,9.9,2830,0.1
TXO,202609,20260916.0,42200.0,Call,-,-,-,-,-,-,-,0,0,0,3,3550,3570,4590,269
TXO,202609,20260916.0,42200.0,Put,0.2,0.2,0.2,0.2,-,▼-0.8,▼-80.00%,30,1,31,120,-,14.5,3410,0.2
TXO,202609,20260916.0,42300.0,Call,-,-,-,-,-,-,-,0,0,0,100,3450,3470,4190,2620
TXO,202609,20260916.0,42300.0,Put,1,1,0.1,0.2,-,▼-1,▼-83.33%,5,11,16,150,-,5,2460,0.1
TXO,202609,20260916.0,42400.0,Call,-,-,-,-,-,-,-,0,0,0,1,3350,3370,4400,1180
TXO,202609,20260916.0,42400.0,Put,0.2,0.3,0.2,0.2,-,▼-1.1,▼-84.62%,62,14,76,193,-,565,3470,0.2
TXO,202609,20260916.0,42500.0,Call,-,-,-,-,-,-,-,0,0,0,501,3250,3270,4130,1520
TXO,202609,20260916.0,42500.0,Put,1.9,1.9,0.1,0.2,-,▼-1.2,▼-85.71%,221,175,396,1432,-,0.5,2580,0.1
TXO,202609,20260916.0,42600.0,Call,-,-,-,-,-,-,-,0,0,0,6,3150,3170,6330,101
TXO,202609,20260916.0,42600.0,Put,0.5,0.5,0.1,0.1,-,▼-1.4,▼-93.33%,17,186,203,282,-,565,8970,0.1
TXO,202609,20260916.0,42700.0,Call,-,-,-,-,-,-,-,0,0,0,0,3050,3070,2900,2240
TXO,202609,20260916.0,42700.0,Put,0.3,0.3,0.1,0.1,-,▼-1.5,▼-93.75%,48,63,111,144,-,6.9,2400,0.1
TXO,202609,20260916.0,42800.0,Call,-,-,-,-,-,-,-,0,0,0,402,2950,2970,7760,800
TXO,202609,20260916.0,42800.0,Put,0.3,0.3,0.1,0.2,-,▼-1.6,▼-88.89%,11,414,425,389,-,4.9,4270,0.1
TXO,202609,20260916.0,42900.0,Call,-,-,-,-,-,-,-,0,0,0,2,2850,2870,3810,2360
TXO,202609,20260916.0,42900.0,Put,0.5,0.5,0.1,0.1,-,▼-2,▼-95.24%,15,471,486,82,-,2.8,2980,0.1
TXO,202609,20260916.0,43000.0,Call,-,-,-,-,-,-,-,0,0,0,19,2750,2770,7050,580
TXO,202609,20260916.0,43000.0,Put,1,1,0.1,0.2,-,▼-1.9,▼-90.48%,360,505,865,2351,-,0.2,4540,0.1
TXO,202609,20260916.0,43100.0,Call,-,-,-,-,-,-,-,0,0,0,3,2650,2670,3920,2450
TXO,202609,20260916.0,43100.0,Put,0.5,0.5,0.1,0.1,-,▼-2.3,▼-95.83%,25,42,67,379,-,0.8,2000,0.1
TXO,202609,20260916.0,43200.0,Call,-,-,-,-,-,-,-,0,0,0,3,2550,2570,5810,790
TXO,202609,20260916.0,43200.0,Put,0.7,0.7,0.1,0.2,-,▼-2.3,▼-92.00%,90,21,111,344,-,1.2,3670,0.1
TXO,202609,20260916.0,43300.0,Call,-,-,-,-,-,-,-,0,0,0,9,2450,2470,5360,1280
TXO,202609,20260916.0,43300.0,Put,0.8,0.8,0.1,0.1,-,▼-2.6,▼-96.30%,60,34,94,491,-,1.2,1830,0.1
TXO,202609,20260916.0,43400.0,Call,-,-,-,-,-,-,-,0,0,0,52,2350,2370,4900,750
TXO,202609,20260916.0,43400.0,Put,0.4,0.4,0.1,0.2,-,▼-3,▼-93.75%,89,41,130,628,-,1.8,3460,0.1
TXO,202609,20260916.0,43500.0,Call,-,-,-,-,-,-,-,0,0,0,264,2250,2270,3900,1220
TXO,202609,20260916.0,43500.0,Put,2,2,0.1,0.2,-,▼-3.5,▼-94.59%,324,299,623,1538,-,1.3,3220,0.1
TXO,202609,20260916.0,43600.0,Call,-,-,-,-,-,-,-,0,0,0,24,2150,2170,6660,545
TXO,202609,20260916.0,43600.0,Put,0.5,0.5,0.1,0.2,-,▼-3.5,▼-94.59%,331,86,417,759,-,1,4720,0.1
TXO,202609,20260916.0,43700.0,Call,-,-,-,-,-,-,-,0,0,0,6,2050,2070,3150,985
TXO,202609,20260916.0,43700.0,Put,0.7,1.2,0.1,0.2,-,▼-4.3,▼-95.56%,225,60,285,560,-,0.5,2400,0.1
TXO,202609,20260916.0,43800.0,Call,-,-,-,-,-,-,-,0,0,0,5,1950,1970,5000,1000
TXO,202609,20260916.0,43800.0,Put,1.5,1.5,0.1,0.2,-,▼-5,▼-96.15%,215,461,676,499,-,1.3,3250,0.1
TXO,202609,20260916.0,43900.0,Call,-,-,-,-,-,-,-,0,0,0,24,1850,1870,3000,1150
TXO,202609,20260916.0,43900.0,Put,0.7,0.8,0.1,0.1,-,▼-5.6,▼-98.25%,233,102,335,821,-,3.8,2230,0.1
TXO,202609,20260916.0,44000.0,Call,1760,1760,1660,1660,-,▲+50,▲+3.11%,6,2,8,41,1750,1770,6080,331
TXO,202609,20260916.0,44000.0,Put,1.5,1.5,0.1,0.2,-,▼-6.8,▼-97.14%,863,548,1411,2872,-,0.3,4150,0.1
TXO,202609,20260916.0,44100.0,Call,1930,1930,1930,1930,-,▲+420,▲+27.81%,0,1,1,6,1650,1670,3020,975
TXO,202609,20260916.0,44100.0,Put,1,1.1,0.1,0.2,-,▼-7.4,▼-97.37%,243,213,456,462,-,0.6,3780,0.1
TXO,202609,20260916.0,44150.0,Call,-,-,-,-,-,-,-,0,0,0,0,1600,1620,-,-
TXO,202609,20260916.0,44150.0,Put,0.9,0.9,0.2,0.2,-,▼-8.8,▼-97.78%,0,36,36,26,-,0.6,0.9,0.2
TXO,202609,20260916.0,44200.0,Call,-,-,-,-,-,-,-,0,0,0,12,1550,1570,4830,930
TXO,202609,20260916.0,44200.0,Put,1,2,0.1,0.3,-,▼-9,▼-96.77%,374,289,663,735,-,2,5100,0.1
TXO,202609,20260916.0,44250.0,Call,-,-,-,-,-,-,-,0,0,0,0,1500,1520,-,-
TXO,202609,20260916.0,44250.0,Put,1,1.8,0.2,0.2,-,▼-10.8,▼-98.18%,0,37,37,17,-,-,1.8,0.2
TXO,202609,20260916.0,44300.0,Call,1460,1460,1460,1460,-,▲+150,▲+11.45%,0,1,1,11,1450,1470,2850,910
TXO,202609,20260916.0,44300.0,Put,2.5,2.5,0.1,0.2,-,▼-10.8,▼-98.18%,475,315,790,554,0.1,1,3720,0.1
TXO,202609,20260916.0,44350.0,Call,-,-,-,-,-,-,-,0,0,0,0,1400,1420,-,-
TXO,202609,20260916.0,44350.0,Put,1.9,2.3,0.1,0.1,-,▼-11.9,▼-99.17%,0,145,145,36,-,3.7,2.3,0.1
TXO,202609,20260916.0,44400.0,Call,1340,1340,1340,1340,-,▲+120,▲+9.84%,0,1,1,13,1350,1370,4130,860
TXO,202609,20260916.0,44400.0,Put,2.2,3,0.1,0.1,-,▼-12.4,▼-99.20%,600,415,1015,650,0.1,1,3980,0.1
TXO,202609,20260916.0,44450.0,Call,-,-,-,-,-,-,-,0,0,0,0,1300,1320,-,-
TXO,202609,20260916.0,44450.0,Put,2.3,2.8,0.3,2.8,-,▼-11.7,▼-80.69%,0,205,205,50,-,2.9,2.8,0.3
TXO,202609,20260916.0,44500.0,Call,1230,1460,1120,1450,-,▲+330,▲+29.46%,7,19,26,824,1250,1270,5080,900
TXO,202609,20260916.0,44500.0,Put,4,4,0.1,0.2,-,▼-15.8,▼-98.75%,1793,1176,2969,1545,-,0.5,3300,0.1
TXO,202609,20260916.0,44550.0,Call,-,-,-,-,-,-,-,2,0,2,6,1200,1220,1300,950
TXO,202609,20260916.0,44550.0,Put,2.9,2.9,0.1,0.3,-,▼-16.7,▼-98.24%,297,660,957,202,-,6.8,199,0.1
TXO,202609,20260916.0,44600.0,Call,990,1350,990,1350,-,▲+330,▲+32.35%,7,93,100,559,1150,1170,4550,337
TXO,202609,20260916.0,44600.0,Put,1.6,4.9,0.1,0.2,-,▼-19.8,▼-99.00%,870,673,1543,907,-,2.6,5580,0.1
TXO,202609,20260916.0,44650.0,Call,905,1280,905,1280,-,▲+305,▲+31.28%,109,2,111,18,1100,1120,1280,790
TXO,202609,20260916.0,44650.0,Put,1.4,4.6,0.2,0.5,-,▼-22.5,▼-97.83%,331,769,1100,306,-,0.6,197,0.2
TXO,202609,20260916.0,44700.0,Call,855,1240,855,1240,-,▲+315,▲+34.05%,13,3,16,813,1050,1070,2790,690
TXO,202609,20260916.0,44700.0,Put,5,6.4,0.1,0.1,-,▼-23.9,▼-99.58%,1322,1381,2703,1045,-,0.8,3520,0.1
TXO,202609,20260916.0,44750.0,Call,840,1050,840,945,-,▲+65,▲+7.39%,1,5,6,23,1000,1020,1050,685
TXO,202609,20260916.0,44750.0,Put,6.9,6.9,0.1,0.3,-,▼-27.2,▼-98.91%,525,859,1384,329,-,1.2,236,0.1
TXO,202609,20260916.0,44800.0,Call,775,1210,770,960,-,▲+130,▲+15.66%,27,28,55,415,955,965,4950,600
TXO,202609,20260916.0,44800.0,Put,8.7,8.7,0.1,0.1,-,▼-29.4,▼-99.66%,1665,1409,3074,1363,-,0.2,3700,0.1
TXO,202609,20260916.0,44850.0,Call,725,1110,715,1090,-,▲+305,▲+38.85%,6,8,14,26,905,915,1110,680
TXO,202609,20260916.0,44850.0,Put,14,32.5,0.1,0.1,-,▼-34.9,▼-99.71%,833,1157,1990,268,-,0.3,312,0.1
TXO,202609,20260916.0,44900.0,Call,655,820,655,820,-,▲+80,▲+10.81%,26,7,33,350,855,860,2700,500
TXO,202609,20260916.0,44900.0,Put,11,13,0.1,0.1,-,▼-38.9,▼-99.74%,1754,1617,3371,699,0.1,0.8,3650,0.1
TXO,202609,20260916.0,44950.0,Call,650,925,635,925,-,▲+230,▲+33.09%,14,9,23,50,805,815,1300,498
TXO,202609,20260916.0,44950.0,Put,12,14.5,0.2,0.2,-,▼-45.8,▼-99.57%,1054,1817,2871,483,-,6.5,411,0.2
TXO,202609,20260916.0,45000.0,Call,575,1070,560,760,-,▲+115,▲+17.83%,342,246,588,878,755,760,5750,423
TXO,202609,20260916.0,45000.0,Put,23.5,23.5,0.1,0.2,-,▼-49.8,▼-99.60%,8057,5535,13592,4399,-,0.3,5600,0.1
TXO,202609,20260916.0,45050.0,Call,525,970,491,705,-,▲+95,▲+15.57%,63,33,96,33,705,710,970,390
TXO,202609,20260916.0,45050.0,Put,19.5,23,0.2,0.2,-,▼-54.8,▼-99.64%,1347,1577,2924,643,-,0.2,492,0.2
TXO,202609,20260916.0,45100.0,Call,505,895,453,880,-,▲+315,▲+55.75%,232,53,285,81,655,665,2450,345
TXO,202609,20260916.0,45100.0,Put,27,28.5,0.1,0.1,-,▼-63.9,▼-99.84%,2511,2762,5273,868,0.1,0.3,3780,0.1
TXO,202609,20260916.0,45150.0,Call,454,895,397,615,-,▲+100,▲+19.42%,205,47,252,45,605,610,1310,304
TXO,202609,20260916.0,45150.0,Put,28.5,33.5,0.2,0.2,-,▼-72.8,▼-99.73%,1551,1610,3161,624,0.1,0.3,366,0.2
TXO,202609,20260916.0,45200.0,Call,422,800,366,550,-,▲+77,▲+16.28%,477,159,636,664,555,560,6110,277
TXO,202609,20260916.0,45200.0,Put,36,42.5,0.1,0.2,-,▼-79.8,▼-99.75%,4248,5668,9916,1651,0.1,0.6,3850,0.1
TXO,202609,20260916.0,45250.0,Call,343,760,334,510,-,▲+80,▲+18.60%,272,54,326,68,505,510,1460,243
TXO,202609,20260916.0,45250.0,Put,51,54,0.1,0.1,-,▼-92.9,▼-99.89%,1798,2961,4759,744,-,0.6,565,0.1
TXO,202609,20260916.0,45300.0,Call,333,730,286,458,-,▲+61,▲+15.37%,1424,404,1828,179,457,460,2420,209
TXO,202609,20260916.0,45300.0,Put,70,70,0.3,0.3,-,▼-105.7,▼-99.72%,5270,7977,13247,2839,0.1,0.3,1810,0.3
TXO,202609,20260916.0,45350.0,Call,293,685,250,408,-,▲+51,▲+14.29%,496,266,762,94,407,410,1210,182
TXO,202609,20260916.0,45350.0,Put,66,77,0.2,0.5,-,▼-122.5,▼-99.59%,2024,3638,5662,921,-,0.5,453,0.2
TXO,202609,20260916.0,45400.0,Call,211,670,209,358,-,▲+26,▲+7.83%,2421,1787,4208,280,357,359,3530,158
TXO,202609,20260916.0,45400.0,Put,80,91,0.1,0.1,-,▼-132.9,▼-99.92%,5106,12149,17255,3076,-,0.1,3980,0.1
TXO,202609,20260916.0,45450.0,Call,192,600,178,309,-,▲+14,▲+4.75%,1506,940,2446,123,307,309,1550,135
TXO,202609,20260916.0,45450.0,Put,90,108,0.1,0.1,-,▼-148.9,▼-99.93%,2520,3734,6254,796,-,0.6,550,0.1
TXO,202609,20260916.0,45500.0,Call,171,580,147,258,-,▼-11,▼-4.09%,6296,5284,11580,409,257,258,2480,116
TXO,202609,20260916.0,45500.0,Put,150,150,0.1,0.1,-,▼-167.9,▼-99.94%,9642,16105,25747,4945,-,0.3,3750,0.1
TXO,202609,20260916.0,45550.0,Call,160,525,116,207,-,▼-27,▼-11.54%,1707,2159,3866,276,207,209,1250,96
TXO,202609,20260916.0,45550.0,Put,165,165,0.1,0.1,-,▼-193.9,▼-99.95%,2123,7117,9240,1490,-,0.7,750,0.1
TXO,202609,20260916.0,45600.0,Call,98,482,87,157,-,▼-56,▼-26.29%,5590,7825,13415,923,157,159,5400,80
TXO,202609,20260916.0,45600.0,Put,166,183,0.1,0.1,-,▼-210.9,▼-99.95%,4420,17211,21631,3267,0.1,0.2,3320,0.1
TXO,202609,20260916.0,45650.0,Call,106,427,55,109,-,▼-78,▼-41.71%,1846,5588,7434,601,107,109,1190,55
TXO,202609,20260916.0,45650.0,Put,191,209,0.1,0.1,-,▼-239.9,▼-99.96%,1358,11835,13193,1815,0.1,0.3,620,0.1
TXO,202609,20260916.0,45700.0,Call,69,381,17.5,58,-,▼-105,▼-64.42%,4944,19744,24688,2528,58,59,4250,17.5
TXO,202609,20260916.0,45700.0,Put,217,239,0.1,0.1,-,▼-261.9,▼-99.96%,3059,25483,28542,3860,-,0.1,3000,0.1
TXO,202609,20260916.0,45750.0,Call,66,338,2.1,9.9,-,▼-132.1,▼-93.03%,1946,18199,20145,2053,9.6,9.9,1490,2.1
TXO,202609,20260916.0,45750.0,Put,252,276,0.1,0.1,-,▼-290.9,▼-99.97%,979,20752,21731,3206,0.1,0.5,675,0.1
TXO,202609,20260916.0,45800.0,Call,55,292,0.1,0.3,-,▼-122.7,▼-99.76%,6155,25460,31615,3362,0.1,0.2,3830,0.1
TXO,202609,20260916.0,45800.0,Put,305,317,2.8,40,-,▼-282,▼-87.58%,2045,26855,28900,1531,40,40.5,4150,2.8
TXO,202609,20260916.0,45850.0,Call,38.5,246,0.1,0.5,-,▼-105.5,▼-99.53%,2205,18181,20386,2948,-,0.3,810,0.1
TXO,202609,20260916.0,45850.0,Put,316,347,5,92,-,▼-268,▼-74.44%,602,15772,16374,1158,91,92,825,5
TXO,202609,20260916.0,45900.0,Call,30,200,0.1,0.1,-,▼-91.9,▼-99.89%,4329,24885,29214,3807,-,0.3,2030,0.1
TXO,202609,20260916.0,45900.0,Put,341,361,10,141,-,▼-252,▼-64.12%,1204,19893,21097,1340,141,142,3530,10
TXO,202609,20260916.0,45950.0,Call,24.5,155,0.1,0.2,-,▼-74.8,▼-99.73%,2101,15864,17965,2294,-,0.3,1760,0.1
TXO,202609,20260916.0,45950.0,Put,404,440,18,190,-,▼-244,▼-56.22%,469,10271,10740,557,190,192,795,18
TXO,202609,20260916.0,46000.0,Call,13.5,122,0.1,0.8,-,▼-65.2,▼-98.79%,8025,32021,40046,5413,-,0.8,5040,0.1
TXO,202609,20260916.0,46000.0,Put,445,487,33.5,241,-,▼-231,▼-48.94%,1089,18199,19288,2697,240,241,5600,33.5
TXO,202609,20260916.0,46050.0,Call,8,88,0.1,0.2,-,▼-51.8,▼-99.62%,1882,12862,14744,2608,-,0.5,1430,0.1
TXO,202609,20260916.0,46050.0,Put,484,510,54,292,-,▼-208,▼-41.60%,146,3907,4053,233,290,291,885,54
TXO,202609,20260916.0,46100.0,Call,6.5,65,0.1,0.2,-,▼-45.3,▼-99.56%,3171,13609,16780,2083,0.1,0.4,3120,0.1
TXO,202609,20260916.0,46100.0,Put,540,625,78,341,-,▼-204,▼-37.43%,278,4500,4778,483,340,342,3760,78
TXO,202609,20260916.0,46150.0,Call,7.6,44.5,0.1,0.2,-,▼-37.8,▼-99.47%,1175,5110,6285,954,-,0.7,910,0.1
TXO,202609,20260916.0,46150.0,Put,590,590,111,391,-,▼-194,▼-33.16%,23,1115,1138,176,389,392,980,111
TXO,202609,20260916.0,46200.0,Call,6.5,32,0.1,1,-,▼-30.5,▼-96.83%,3096,6541,9637,1719,-,1,5360,0.1
TXO,202609,20260916.0,46200.0,Put,640,660,147,440,-,▼-190,▼-30.16%,73,1693,1766,284,439,442,6310,147
TXO,202609,20260916.0,46250.0,Call,5,21.5,0.1,0.2,-,▼-26.8,▼-99.26%,1204,2638,3842,722,-,0.9,1260,0.1
TXO,202609,20260916.0,46250.0,Put,730,740,195,491,-,▼-184,▼-27.26%,17,369,386,120,489,492,1020,195
TXO,202609,20260916.0,46300.0,Call,2.1,15.5,0.1,0.2,-,▼-21.8,▼-99.09%,2578,3971,6549,1106,-,0.1,1810,0.1
TXO,202609,20260916.0,46300.0,Put,730,785,232,540,-,▼-180,▼-25.00%,67,464,531,161,540,545,2520,217
TXO,202609,20260916.0,46350.0,Call,4,10.5,0.1,0.1,-,▼-18.4,▼-99.46%,1095,2116,3211,580,-,3.8,1340,0.1
TXO,202609,20260916.0,46350.0,Put,835,835,287,595,-,▼-170,▼-22.22%,19,68,87,100,585,595,1100,245
TXO,202609,20260916.0,46400.0,Call,2.8,7.7,0.2,0.2,-,▼-15.8,▼-98.75%,1802,2743,4545,1119,-,0.1,4700,0.2
TXO,202609,20260916.0,46400.0,Put,845,850,335,645,-,▼-170,▼-20.86%,24,72,96,267,640,645,4360,245
TXO,202609,20260916.0,46450.0,Call,3.5,5.7,0.2,3.6,-,▼-9.4,▼-72.31%,561,1856,2417,696,-,4,1290,0.2
TXO,202609,20260916.0,46450.0,Put,890,915,433,690,-,▼-170,▼-19.77%,3,60,63,97,690,695,1200,263
TXO,202609,20260916.0,46500.0,Call,1.7,4,0.1,1,-,▼-10.5,▼-91.30%,1431,2232,3663,1549,-,1.4,3900,0.1
TXO,202609,20260916.0,46500.0,Put,960,960,430,745,-,▼-165,▼-18.13%,128,285,413,516,740,745,6610,240
TXO,202609,20260916.0,46550.0,Call,1.6,2.6,0.1,0.3,-,▼-9.1,▼-96.81%,295,675,970,287,-,1.5,1210,0.1
TXO,202609,20260916.0,46550.0,Put,905,905,500,790,-,▼-170,▼-17.71%,5,33,38,78,790,795,1270,278
TXO,202609,20260916.0,46600.0,Call,1,3,0.1,0.2,-,▼-8.3,▼-97.65%,496,1373,1869,1378,-,1.1,3760,0.1
TXO,202609,20260916.0,46600.0,Put,935,950,580,845,-,▼-165,▼-16.34%,85,24,109,131,840,845,6230,280
TXO,202609,20260916.0,46650.0,Call,0.4,4.9,0.1,0.2,-,▼-6.9,▼-97.18%,196,992,1188,413,-,0.4,970,0.1
TXO,202609,20260916.0,46650.0,Put,985,985,660,895,-,▼-165,▼-15.57%,2,57,59,72,890,895,1290,368
TXO,202609,20260916.0,46700.0,Call,1,2,0.2,0.2,-,▼-6.2,▼-96.88%,444,793,1237,911,-,2,5130,0.2
TXO,202609,20260916.0,46700.0,Put,1060,1100,660,945,-,▼-155,▼-14.09%,11,42,53,161,935,945,2350,304
TXO,202609,20260916.0,46750.0,Call,1.5,1.6,0.2,0.2,-,▼-5.4,▼-96.43%,142,155,297,236,-,3,1000,0.2
TXO,202609,20260916.0,46750.0,Put,1030,1030,875,995,-,▼-155,▼-13.48%,0,6,6,27,985,995,1450,320
TXO,202609,20260916.0,46800.0,Call,1.5,1.5,0.2,1,-,▼-4,▼-80.00%,873,411,1284,1581,-,1.2,3180,0.2
TXO,202609,20260916.0,46800.0,Put,1170,1180,790,1040,-,▼-160,▼-13.33%,88,12,100,133,1040,1050,7400,335
TXO,202609,20260916.0,46850.0,Call,1.5,1.7,0.2,0.2,-,▼-4.2,▼-95.45%,54,97,151,202,-,4.2,1030,0.2
TXO,202609,20260916.0,46850.0,Put,1070,1070,850,850,-,▼-400,▼-32.00%,0,5,5,17,1080,1100,1450,367
TXO,202609,20260916.0,46900.0,Call,1.6,1.6,0.1,0.2,-,▼-3.8,▼-95.00%,160,181,341,549,-,0.3,3630,0.1
TXO,202609,20260916.0,46900.0,Put,1270,1270,880,1090,-,▼-210,▼-16.15%,3,59,62,82,1130,1150,3700,353
TXO,202609,20260916.0,46950.0,Call,1.5,1.5,0.1,0.2,-,▼-3.3,▼-94.29%,84,61,145,283,-,0.7,940,0.1
TXO,202609,20260916.0,46950.0,Put,-,-,-,-,-,-,-,0,0,0,29,1180,1200,1410,413
TXO,202609,20260916.0,47000.0,Call,1.5,1.5,0.1,0.1,-,▼-3.2,▼-96.97%,555,837,1392,2658,0.1,0.3,5010,0.1
TXO,202609,20260916.0,47000.0,Put,1340,1380,975,1180,-,▼-220,▼-15.71%,37,63,100,527,1230,1250,6680,383
TXO,202609,20260916.0,47050.0,Call,0.8,0.8,0.2,0.2,-,▼-2.7,▼-93.10%,83,32,115,167,-,2,850,0.2
TXO,202609,20260916.0,47050.0,Put,-,-,-,-,-,-,-,3,0,3,11,1280,1300,1580,410
TXO,202609,20260916.0,47100.0,Call,1,1,0.1,0.1,-,▼-2.8,▼-96.55%,244,161,405,870,-,1,3480,0.1
TXO,202609,20260916.0,47100.0,Put,1270,1340,1090,1340,-,▼-160,▼-10.67%,1,7,8,42,1330,1350,2860,377
TXO,202609,20260916.0,47150.0,Call,1.3,1.3,0.1,0.1,-,▼-2.5,▼-96.15%,55,54,109,129,-,0.5,850,0.1
TXO,202609,20260916.0,47150.0,Put,1450,1560,1450,1480,-,▼-70,▼-4.52%,0,11,11,21,1380,1400,1570,451
TXO,202609,20260916.0,47200.0,Call,1,1,0.1,0.2,-,▼-2.3,▼-92.00%,160,230,390,1340,-,0.2,3600,0.1
TXO,202609,20260916.0,47200.0,Put,1550,1550,1230,1490,-,▼-110,▼-6.88%,5,9,14,62,1430,1450,6660,460
TXO,202609,20260916.0,47250.0,Call,0.3,0.5,0.1,0.1,-,▼-2.1,▼-95.45%,54,58,112,257,-,14.5,790,0.1
TXO,202609,20260916.0,47250.0,Put,1510,1620,1510,1620,-,▼-30,▼-1.82%,0,6,6,21,1480,1500,1700,535
TXO,202609,20260916.0,47300.0,Call,0.6,1.9,0.1,0.1,-,▼-1.9,▼-95.00%,154,166,320,923,-,0.4,3600,0.1
TXO,202609,20260916.0,47300.0,Put,1550,1610,1470,1480,-,▼-220,▼-12.94%,0,7,7,45,1530,1550,2830,500
TXO,202609,20260916.0,47350.0,Call,0.5,0.5,0.1,0.2,-,▼-1.6,▼-88.89%,43,32,75,170,-,0.5,745,0.1
TXO,202609,20260916.0,47350.0,Put,1570,1570,1570,1570,-,▼-180,▼-10.29%,0,2,2,9,1580,1600,1570,520
TXO,202609,20260916.0,47400.0,Call,0.3,1.3,0.1,0.4,-,▼-1.2,▼-75.00%,182,113,295,520,-,1.9,4760,0.1
TXO,202609,20260916.0,47400.0,Put,1470,1470,1470,1470,-,▼-330,▼-18.33%,0,1,1,26,1630,1650,6660,560
TXO,202609,20260916.0,47450.0,Call,0.4,0.4,0.1,0.1,-,▼-1.5,▼-93.75%,56,114,170,151,-,4.4,705,0.1
TXO,202609,20260916.0,47450.0,Put,-,-,-,-,-,-,-,0,0,0,3,1680,1700,1850,645
TXO,202609,20260916.0,47500.0,Call,0.4,0.4,0.1,0.1,-,▼-1.3,▼-92.86%,506,96,602,1719,-,0.3,2240,0.1
TXO,202609,20260916.0,47500.0,Put,1880,1880,1480,1480,-,▼-420,▼-22.11%,0,6,6,35,1730,1740,2730,580
TXO,202609,20260916.0,47550.0,Call,0.9,0.9,0.1,0.2,-,▼-1,▼-83.33%,17,56,73,137,-,39,650,0.1
TXO,202609,20260916.0,47550.0,Put,-,-,-,-,-,-,-,0,0,0,6,1780,1800,2050,685
TXO,202609,20260916.0,47600.0,Call,0.4,0.8,0.1,0.2,-,▼-0.9,▼-81.82%,69,39,108,437,-,0.2,2000,0.1
TXO,202609,20260916.0,47600.0,Put,-,-,-,-,-,-,-,0,0,0,14,1830,1850,6960,640
TXO,202609,20260916.0,47650.0,Call,0.2,0.2,0.1,0.2,-,▼-0.9,▼-81.82%,28,21,49,197,-,0.5,590,0.1
TXO,202609,20260916.0,47650.0,Put,-,-,-,-,-,-,-,0,0,0,0,1880,1900,1150,970
TXO,202609,20260916.0,47700.0,Call,0.3,0.3,0.2,0.2,-,▼-0.8,▼-80.00%,106,25,131,1024,-,0.3,1730,0.2
TXO,202609,20260916.0,47700.0,Put,-,-,-,-,-,-,-,0,0,0,45,1930,1950,1880,700
TXO,202609,20260916.0,47750.0,Call,0.3,0.3,0.1,0.1,-,▼-0.9,▼-90.00%,11,9,20,216,-,15.5,555,0.1
TXO,202609,20260916.0,47750.0,Put,-,-,-,-,-,-,-,0,0,0,1,1980,2000,1300,825
TXO,202609,20260916.0,47800.0,Call,0.2,0.3,0.1,0.1,-,▼-0.8,▼-88.89%,26,17,43,564,-,4.7,2000,0.1
TXO,202609,20260916.0,47800.0,Put,-,-,-,-,-,-,-,0,0,0,17,2030,2050,6790,720
TXO,202609,20260916.0,47850.0,Call,0.4,0.4,0.1,0.2,-,▼-0.6,▼-75.00%,3,8,11,349,-,0.3,510,0.1
TXO,202609,20260916.0,47850.0,Put,-,-,-,-,-,-,-,0,0,0,0,2080,2100,-,-
TXO,202609,20260916.0,47900.0,Call,0.3,0.5,0.1,0.2,-,▼-0.6,▼-75.00%,30,13,43,338,0.1,0.5,1000,0.1
TXO,202609,20260916.0,47900.0,Put,-,-,-,-,-,-,-,0,0,0,2,2130,2150,2830,1280
TXO,202609,20260916.0,47950.0,Call,0.1,0.1,0.1,0.1,-,▼-0.7,▼-87.50%,0,3,3,129,-,1.9,445,0.1
TXO,202609,20260916.0,47950.0,Put,-,-,-,-,-,-,-,0,0,0,32,2180,2200,2370,855
TXO,202609,20260916.0,48000.0,Call,0.8,0.9,0.1,0.1,-,▼-0.5,▼-83.33%,30,125,155,2707,-,0.1,3130,0.1
TXO,202609,20260916.0,48000.0,Put,2000,2220,1950,2220,-,▼-180,▼-7.50%,1,32,33,14,2230,2250,7110,865
TXO,202609,20260916.0,48050.0,Call,0.3,0.3,0.1,0.1,-,▼-0.5,▼-83.33%,20,36,56,580,-,2.4,424,0.1
TXO,202609,20260916.0,48050.0,Put,-,-,-,-,-,-,-,0,0,0,1,2280,2300,1310,1310
TXO,202609,20260916.0,48100.0,Call,0.3,0.3,0.1,0.1,-,▼-0.4,▼-80.00%,3,41,44,860,-,0.9,2800,0.1
TXO,202609,20260916.0,48100.0,Put,-,-,-,-,-,-,-,0,0,0,2,2330,2350,4850,1050
TXO,202609,20260916.0,48150.0,Call,0.2,0.2,0.1,0.1,-,▼-0.4,▼-80.00%,4,10,14,187,-,0.1,370,0.1
TXO,202609,20260916.0,48150.0,Put,-,-,-,-,-,-,-,0,0,0,1,2380,2400,1180,1060
TXO,202609,20260916.0,48200.0,Call,0.8,0.8,0.1,0.1,-,▼-0.4,▼-80.00%,11,182,193,737,-,0.1,2850,0.1
TXO,202609,20260916.0,48200.0,Put,-,-,-,-,-,-,-,0,0,0,2,2430,2450,7310,1170
TXO,202609,20260916.0,48250.0,Call,0.2,0.2,0.1,0.1,-,▼-0.3,▼-75.00%,2,6,8,715,-,14,369,0.1
TXO,202609,20260916.0,48250.0,Put,-,-,-,-,-,-,-,0,0,0,1,2480,2500,1520,1260
TXO,202609,20260916.0,48300.0,Call,0.8,0.8,0.1,0.2,-,▼-0.2,▼-50.00%,5,102,107,362,-,0.7,815,0.1
TXO,202609,20260916.0,48300.0,Put,2530,2530,2370,2370,-,▼-330,▼-12.22%,0,2,2,3,2530,2550,2570,1020
TXO,202609,20260916.0,48350.0,Call,0.4,0.4,0.1,0.1,-,▼-0.3,▼-75.00%,16,92,108,105,-,0.3,333,0.1
TXO,202609,20260916.0,48350.0,Put,-,-,-,-,-,-,-,0,0,0,1,2580,2600,2160,2160
TXO,202609,20260916.0,48400.0,Call,0.4,0.4,0.1,0.2,-,▼-0.2,▼-50.00%,10,131,141,472,-,5.7,1980,0.1
TXO,202609,20260916.0,48400.0,Put,2740,2740,2740,2740,-,▼-60,▼-2.14%,0,1,1,9,2630,2650,7590,1340
TXO,202609,20260916.0,48450.0,Call,0.4,0.4,0.1,0.2,-,▼-0.1,▼-33.33%,1,77,78,31,-,99,244,0.1
TXO,202609,20260916.0,48450.0,Put,-,-,-,-,-,-,-,0,0,0,1,2680,2700,1530,1530
TXO,202609,20260916.0,48500.0,Call,0.2,0.3,0.1,0.1,-,▼-0.2,▼-66.67%,9,82,91,1106,-,0.3,990,0.1
TXO,202609,20260916.0,48500.0,Put,-,-,-,-,-,-,-,0,0,0,4,2730,2750,3500,1260
TXO,202609,20260916.0,48550.0,Call,0.3,0.3,0.1,0.1,-,▼-0.2,▼-66.67%,1,47,48,50,-,30,157,0.1
TXO,202609,20260916.0,48550.0,Put,-,-,-,-,-,-,-,0,0,0,0,2780,2800,-,-
TXO,202609,20260916.0,48600.0,Call,0.3,0.3,0.1,0.2,-,▼-0.1,▼-33.33%,2,96,98,294,-,33,750,0.1
TXO,202609,20260916.0,48600.0,Put,-,-,-,-,-,-,-,0,0,0,8,2830,2850,7740,1360
TXO,202609,20260916.0,48650.0,Call,0.2,0.2,0.1,0.1,-,▼-0.2,▼-66.67%,1,27,28,16,-,33,188,0.1
TXO,202609,20260916.0,48650.0,Put,-,-,-,-,-,-,-,0,0,0,1,2880,2900,2020,1990
TXO,202609,20260916.0,48700.0,Call,0.2,0.2,0.1,0.2,-,0,0%,3,20,23,396,-,9,1770,0.1
TXO,202609,20260916.0,48700.0,Put,-,-,-,-,-,-,-,0,0,0,2,2930,2950,2600,1600
TXO,202609,20260916.0,48800.0,Call,0.2,0.2,0.1,0.2,-,0,0%,17,33,50,164,-,2,2200,0.1
TXO,202609,20260916.0,48800.0,Put,-,-,-,-,-,-,-,0,0,0,3,3030,3050,4910,1700
TXO,202609,20260916.0,48900.0,Call,0.2,0.2,0.1,0.1,-,▼-0.1,▼-50.00%,13,14,27,511,-,0.2,3930,0.1
TXO,202609,20260916.0,48900.0,Put,-,-,-,-,-,-,-,0,0,0,1,3130,3150,2950,1660
TXO,202609,20260916.0,49000.0,Call,0.2,0.2,0.1,0.1,-,▼-0.1,▼-50.00%,35,90,125,1926,-,0.1,3880,0.1
TXO,202609,20260916.0,49000.0,Put,3400,3400,3400,3400,-,0,0%,0,1,1,7,3230,3250,8740,1630
TXO,202609,20260916.0,49100.0,Call,0.3,0.3,0.1,0.1,-,▼-0.1,▼-50.00%,12,9,21,577,-,9,3500,0.1
TXO,202609,20260916.0,49100.0,Put,-,-,-,-,-,-,-,0,0,0,2,3330,3350,4510,1780
TXO,202609,20260916.0,49200.0,Call,0.1,0.1,0.1,0.1,-,0,-,5,7,12,396,-,5.9,2080,0.1
TXO,202609,20260916.0,49200.0,Put,-,-,-,-,-,-,-,0,0,0,5,3430,3450,5160,1920
TXO,202609,20260916.0,49300.0,Call,0.1,0.1,0.1,0.1,-,0,-,1,1,2,275,-,9.9,1560,0.1
TXO,202609,20260916.0,49300.0,Put,-,-,-,-,-,-,-,0,0,0,2,3530,3550,4670,2000
TXO,202609,20260916.0,49400.0,Call,-,-,-,-,-,-,-,6,0,6,198,-,6.9,2710,0.1
TXO,202609,20260916.0,49400.0,Put,-,-,-,-,-,-,-,0,0,0,0,3630,3650,3200,3150
TXO,202609,20260916.0,49500.0,Call,0.3,0.3,0.2,0.2,-,▲+0.1,-,7,59,66,930,-,2.9,1060,0.1
TXO,202609,20260916.0,49500.0,Put,-,-,-,-,-,-,-,0,0,0,1,3730,3750,4780,4780
TXO,202609,20260916.0,49600.0,Call,0.1,0.1,0.1,0.1,-,0,-,0,3,3,112,-,8,1160,0.1
TXO,202609,20260916.0,49600.0,Put,-,-,-,-,-,-,-,0,0,0,2,3830,3850,4850,2920
TXO,202609,20260916.0,49700.0,Call,0.2,0.2,0.2,0.2,-,▲+0.1,-,0,3,3,93,-,2.9,505,0.1
TXO,202609,20260916.0,49700.0,Put,-,-,-,-,-,-,-,0,0,0,3,3930,3950,4920,4920
TXO,202609,20260916.0,49800.0,Call,0.2,0.2,0.1,0.1,-,0,-,0,5,5,280,-,19.5,1760,0.1
TXO,202609,20260916.0,49800.0,Put,-,-,-,-,-,-,-,0,0,0,1,4030,4050,3100,2530
TXO,202609,20260916.0,49900.0,Call,-,-,-,-,-,-,-,1,0,1,148,-,0.2,2050,0.2
TXO,202609,20260916.0,49900.0,Put,-,-,-,-,-,-,-,0,0,0,0,4130,4150,-,-
TXO,202609,20260916.0,50000.0,Call,0.2,0.3,0.1,0.1,-,0,-,4,63,67,3314,-,0.5,3370,0.1
TXO,202609,20260916.0,50000.0,Put,4400,4400,4400,4400,-,0,0%,0,1,1,2,4230,4250,5300,3130
TXO,202609,20260916.0,50100.0,Call,0.4,0.4,0.4,0.4,-,▲+0.3,-,16,1,17,239,-,30.5,3360,0.1
TXO,202609,20260916.0,50100.0,Put,-,-,-,-,-,-,-,0,0,0,0,4330,4350,-,-
TXO,202609,20260916.0,50200.0,Call,-,-,-,-,-,-,-,19,0,19,41,-,1,1800,0.2
TXO,202609,20260916.0,50200.0,Put,-,-,-,-,-,-,-,0,0,0,0,4430,4450,-,-
TXO,202609,20260916.0,50300.0,Call,-,-,-,-,-,-,-,5,0,5,11,-,565,1200,0.2
TXO,202609,20260916.0,50300.0,Put,-,-,-,-,-,-,-,0,0,0,0,4530,4550,-,-
TXO,202609,20260916.0,50400.0,Call,-,-,-,-,-,-,-,5,0,5,45,-,565,3140,0.2
TXO,202609,20260916.0,50400.0,Put,4200,4200,4200,4200,-,▼-600,▼-12.50%,0,10,10,10,4630,4650,7650,4200
TXO,202609,20260916.0,50500.0,Call,0.2,0.2,0.1,0.1,-,0,-,0,7,7,1574,-,1,1080,0.1
TXO,202609,20260916.0,50500.0,Put,-,-,-,-,-,-,-,0,0,0,0,4730,4750,-,-
TXO,202609,20260916.0,50600.0,Call,0.2,0.2,0.2,0.2,-,▲+0.1,-,1,2,3,755,-,565,1760,0.2
TXO,202609,20260916.0,50600.0,Put,-,-,-,-,-,-,-,0,0,0,0,4830,4850,3330,3240
TXO,202609,20260916.0,50700.0,Call,0.2,0.2,0.2,0.2,-,▲+0.1,-,3,2,5,220,-,30,1490,0.2
TXO,202609,20260916.0,50700.0,Put,-,-,-,-,-,-,-,0,0,0,0,4930,4950,-,-
TXO,202609,20260916.0,50800.0,Call,0.2,0.2,0.2,0.2,-,▲+0.1,-,0,4,4,398,-,565,2580,0.2
TXO,202609,20260916.0,50800.0,Put,-,-,-,-,-,-,-,0,0,0,0,5030,5050,3520,3280
TXO,202609,20260916.0,50900.0,Call,-,-,-,-,-,-,-,0,0,0,230,-,200,1050,0.3
TXO,202609,20260916.0,50900.0,Put,-,-,-,-,-,-,-,0,0,0,0,5130,5150,-,-
TXO,202609,20260916.0,51000.0,Call,0.2,0.2,0.1,0.1,-,0,-,33,11,44,2642,-,2.4,2360,0.1
TXO,202609,20260916.0,51000.0,Put,-,-,-,-,-,-,-,0,0,0,1,5230,5250,5060,3670
TXO,202609,20260916.0,51100.0,Call,0.2,0.2,0.2,0.2,-,▲+0.1,-,2,1,3,134,-,565,1820,0.2
TXO,202609,20260916.0,51100.0,Put,-,-,-,-,-,-,-,0,0,0,0,5330,5350,-,-
TXO,202609,20260916.0,51200.0,Call,-,-,-,-,-,-,-,0,0,0,46,-,565,2430,0.3
TXO,202609,20260916.0,51200.0,Put,-,-,-,-,-,-,-,0,0,0,0,5430,5450,-,-
TXO,202609,20260916.0,51300.0,Call,0.1,0.1,0.1,0.1,-,0,-,0,1,1,32,-,565,840,0.1
TXO,202609,20260916.0,51300.0,Put,-,-,-,-,-,-,-,0,0,0,0,5530,5550,-,-
TXO,202609,20260916.0,51400.0,Call,-,-,-,-,-,-,-,0,0,0,10,-,565,1830,0.3
TXO,202609,20260916.0,51400.0,Put,-,-,-,-,-,-,-,0,0,0,0,5630,5650,-,-
TXO,202609,20260916.0,51500.0,Call,0.3,0.3,0.1,0.1,-,0,-,1,62,63,35,-,565,920,0.1
TXO,202609,20260916.0,51500.0,Put,-,-,-,-,-,-,-,0,0,0,0,5730,5750,-,-
TXO,202609,20260916.0,51600.0,Call,0.1,0.1,0.1,0.1,-,0,-,0,2,2,9,-,565,810,0.1
TXO,202609,20260916.0,51600.0,Put,-,-,-,-,-,-,-,0,0,0,0,5830,5850,-,-
TXO,202609,20260916.0,51700.0,Call,-,-,-,-,-,-,-,3,0,3,12,-,565,550,0.2
TXO,202609,20260916.0,51700.0,Put,-,-,-,-,-,-,-,0,0,0,0,5930,5950,-,-
TXO,202609,20260916.0,51800.0,Call,-,-,-,-,-,-,-,0,0,0,9,-,565,1850,3
TXO,202609,20260916.0,51800.0,Put,-,-,-,-,-,-,-,0,0,0,0,6030,6050,-,-
TXO,202609,20260916.0,51900.0,Call,-,-,-,-,-,-,-,0,0,0,11,-,565,590,0.1
TXO,202609,20260916.0,51900.0,Put,-,-,-,-,-,-,-,0,0,0,0,6130,6150,-,-
TXO,202609,20260916.0,52000.0,Call,-,-,-,-,-,-,-,0,0,0,1146,-,60,2210,0.2
TXO,202609,20260916.0,52000.0,Put,-,-,-,-,-,-,-,0,0,0,0,6230,6250,-,-
TXO,202609,20260916.0,52100.0,Call,-,-,-,-,-,-,-,0,0,0,19,-,565,590,0.8
TXO,202609,20260916.0,52100.0,Put,-,-,-,-,-,-,-,0,0,0,0,6330,6350,-,-
TXO,202609,20260916.0,52200.0,Call,-,-,-,-,-,-,-,0,0,0,12,-,565,2340,0.2
TXO,202609,20260916.0,52200.0,Put,-,-,-,-,-,-,-,0,0,0,0,6430,6450,-,-
TXO,202609,20260916.0,52300.0,Call,-,-,-,-,-,-,-,0,0,0,9,-,565,1880,7.7
TXO,202609,20260916.0,52300.0,Put,-,-,-,-,-,-,-,0,0,0,0,6530,6550,-,-
TXO,202609,20260916.0,52400.0,Call,-,-,-,-,-,-,-,0,0,0,15,-,565,1880,0.8
TXO,202609,20260916.0,52400.0,Put,-,-,-,-,-,-,-,0,0,0,0,6630,6650,-,-
TXO,202609,20260916.0,52500.0,Call,0.1,0.1,0.1,0.1,-,0,-,0,1,1,83,-,565,550,0.1
TXO,202609,20260916.0,52500.0,Put,-,-,-,-,-,-,-,0,0,0,0,6730,6750,-,-
TXO,202609,20260916.0,52600.0,Call,-,-,-,-,-,-,-,0,0,0,82,-,565,1390,0.6
TXO,202609,20260916.0,52600.0,Put,-,-,-,-,-,-,-,0,0,0,0,6830,6850,-,-
TXO,202609,20260916.0,52700.0,Call,-,-,-,-,-,-,-,0,0,0,18,-,565,1890,0.2
TXO,202609,20260916.0,52700.0,Put,-,-,-,-,-,-,-,0,0,0,0,6930,6950,-,-
TXO,202609,20260916.0,52800.0,Call,-,-,-,-,-,-,-,0,0,0,16,-,565,1930,8.5
TXO,202609,20260916.0,52800.0,Put,-,-,-,-,-,-,-,0,0,0,0,7030,7050,-,-
TXO,202609,20260916.0,52900.0,Call,-,-,-,-,-,-,-,0,0,0,28,-,90,580,0.2
TXO,202609,20260916.0,52900.0,Put,-,-,-,-,-,-,-,0,0,0,0,7130,7150,-,-
TXO,202609,20260916.0,53000.0,Call,-,-,-,-,-,-,-,0,0,0,1043,-,565,1240,0.2
TXO,202609,20260916.0,53000.0,Put,-,-,-,-,-,-,-,0,0,0,0,7230,7250,-,-
TXO,202609,20260916.0,53100.0,Call,-,-,-,-,-,-,-,0,0,0,32,-,565,580,0.2
TXO,202609,20260916.0,53100.0,Put,-,-,-,-,-,-,-,0,0,0,0,7330,7350,-,-
TXO,202609,20260916.0,53200.0,Call,-,-,-,-,-,-,-,0,0,0,10,-,565,1500,5.2
TXO,202609,20260916.0,53200.0,Put,-,-,-,-,-,-,-,0,0,0,0,7430,7450,-,-
TXO,202609,20260916.0,53300.0,Call,-,-,-,-,-,-,-,0,0,0,4,-,565,580,0.2
TXO,202609,20260916.0,53300.0,Put,-,-,-,-,-,-,-,0,0,0,0,7530,7550,-,-
TXO,202609,20260916.0,53400.0,Call,-,-,-,-,-,-,-,0,0,0,6,-,565,1000,0.3
TXO,202609,20260916.0,53400.0,Put,-,-,-,-,-,-,-,0,0,0,0,7630,7650,-,-
TXO,202609,20260916.0,53500.0,Call,-,-,-,-,-,-,-,0,0,0,101,-,565,600,0.3
TXO,202609,20260916.0,53500.0,Put,-,-,-,-,-,-,-,0,0,0,0,7730,7750,-,-
TXO,202609,20260916.0,53600.0,Call,-,-,-,-,-,-,-,0,0,0,5,-,565,1340,1.2
TXO,202609,20260916.0,53600.0,Put,-,-,-,-,-,-,-,0,0,0,0,7830,7850,-,-
TXO,202609,20260916.0,53700.0,Call,-,-,-,-,-,-,-,0,0,0,21,-,565,550,11.5
TXO,202609,20260916.0,53700.0,Put,-,-,-,-,-,-,-,0,0,0,0,7930,7950,-,-
TXO,202609,20260916.0,53800.0,Call,-,-,-,-,-,-,-,0,0,0,12,-,565,1240,5.4
TXO,202609,20260916.0,53800.0,Put,-,-,-,-,-,-,-,0,0,0,0,8030,8050,-,-
TXO,202609,20260916.0,53900.0,Call,-,-,-,-,-,-,-,0,0,0,22,-,565,99,0.9
TXO,202609,20260916.0,53900.0,Put,-,-,-,-,-,-,-,0,0,0,0,8130,8150,-,-
TXO,202609,20260916.0,54000.0,Call,-,-,-,-,-,-,-,0,0,0,175,-,565,1400,0.3
TXO,202609,20260916.0,54000.0,Put,-,-,-,-,-,-,-,0,0,0,1,8230,8250,9240,9240
TXO,202609,20260916.0,54100.0,Call,-,-,-,-,-,-,-,0,0,0,28,-,3.6,100,4.7
TXO,202609,20260916.0,54100.0,Put,-,-,-,-,-,-,-,0,0,0,0,8330,8350,-,-
TXO,202609,20260916.0,54200.0,Call,-,-,-,-,-,-,-,0,0,0,31,-,565,250,0.6
TXO,202609,20260916.0,54200.0,Put,-,-,-,-,-,-,-,0,0,0,0,8430,8450,-,-
TXO,202609,20260916.0,54300.0,Call,-,-,-,-,-,-,-,0,0,0,24,-,565,195,0.6
TXO,202609,20260916.0,54300.0,Put,-,-,-,-,-,-,-,0,0,0,0,8530,8550,-,-
TXO,202609,20260916.0,54400.0,Call,-,-,-,-,-,-,-,0,0,0,27,-,565,1040,9.5
TXO,202609,20260916.0,54400.0,Put,-,-,-,-,-,-,-,0,0,0,0,8630,8650,-,-
TXO,202609,20260916.0,54500.0,Call,-,-,-,-,-,-,-,0,0,0,134,-,565,300,3.5
TXO,202609,20260916.0,54500.0,Put,-,-,-,-,-,-,-,0,0,0,0,8730,8750,-,-
TXO,202609,20260916.0,54600.0,Call,-,-,-,-,-,-,-,0,0,0,48,-,565,1680,3.4
TXO,202609,20260916.0,54600.0,Put,-,-,-,-,-,-,-,0,0,0,0,8830,8850,-,-
TXO,202609,20260916.0,54700.0,Call,-,-,-,-,-,-,-,0,0,0,40,-,565,382,2.9
TXO,202609,20260916.0,54700.0,Put,-,-,-,-,-,-,-,0,0,0,0,8930,8950,-,-
TXO,202609,20260916.0,54800.0,Call,-,-,-,-,-,-,-,0,0,0,25,-,565,370,0.5
TXO,202609,20260916.0,54800.0,Put,-,-,-,-,-,-,-,0,0,0,0,9030,9050,-,-
TXO,202609,20260916.0,54900.0,Call,-,-,-,-,-,-,-,0,0,0,9,-,565,205,3
TXO,202609,20260916.0,54900.0,Put,-,-,-,-,-,-,-,0,0,0,0,9130,9150,-,-
TXO,202609,20260916.0,55000.0,Call,-,-,-,-,-,-,-,0,0,0,335,-,0.3,1240,0.3
TXO,202609,20260916.0,55000.0,Put,-,-,-,-,-,-,-,0,0,0,1,9230,9250,10230,10230
TXO,202609,20260916.0,55200.0,Call,-,-,-,-,-,-,-,0,0,0,9,-,565,350,0.3
TXO,202609,20260916.0,55200.0,Put,-,-,-,-,-,-,-,0,0,0,0,9430,9450,-,-
TXO,202609,20260916.0,55400.0,Call,-,-,-,-,-,-,-,0,0,0,33,-,565,800,2.8
TXO,202609,20260916.0,55400.0,Put,-,-,-,-,-,-,-,0,0,0,176,9630,9650,12880,9200
TXO,202609,20260916.0,55600.0,Call,-,-,-,-,-,-,-,0,0,0,19,-,565,1400,1
TXO,202609,20260916.0,55600.0,Put,-,-,-,-,-,-,-,0,0,0,0,9830,9850,-,-
TXO,202609,20260916.0,55800.0,Call,0.1,0.1,0.1,0.1,-,0,-,5,2,7,924,-,1.7,1350,0.1
TXO,202609,20260916.0,55800.0,Put,-,-,-,-,-,-,-,0,0,0,0,10030,10050,-,-
TXO,202609F3,20260918.0,40900.0,Call,-,-,-,-,5030,-,-,0,0,0,0,-,-,-,-
TXO,202609F3,20260918.0,40900.0,Put,6,6.1,1.7,1.8,1.8,▼-1.3,▼-41.94%,0,107,107,95,1.8,2,6.1,1.7
TXO,202609F3,20260918.0,41000.0,Call,-,-,-,-,4930,-,-,0,0,0,0,4870,-,-,-
TXO,202609F3,20260918.0,41000.0,Put,5.3,5.3,1.9,2,2,▼-1.7,▼-45.95%,0,48,48,42,0.5,2.1,5.3,1.9
TXO,202609F3,20260918.0,41100.0,Call,-,-,-,-,4830,-,-,0,0,0,0,4810,-,-,-
TXO,202609F3,20260918.0,41100.0,Put,3.2,3.5,3.2,3.5,2.2,▼-3.6,▼-50.70%,0,2,2,1,-,-,3.5,3.2
TXO,202609F3,20260918.0,41200.0,Call,-,-,-,-,4730,-,-,0,0,0,0,4670,-,-,-
TXO,202609F3,20260918.0,41200.0,Put,8,8,1.9,2.7,2.3,▼-5.7,▼-67.86%,68,112,180,328,2,5.8,44,1.9
TXO,202609F3,20260918.0,41300.0,Call,-,-,-,-,4630,-,-,0,0,0,0,4570,-,-,-
TXO,202609F3,20260918.0,41300.0,Put,5,5,3.3,3.4,2.5,▼-5.4,▼-61.36%,0,17,17,20,-,104,34,3.3
TXO,202609F3,20260918.0,41400.0,Call,-,-,-,-,4530,-,-,0,0,0,0,-,-,-,-
TXO,202609F3,20260918.0,41400.0,Put,7.6,7.6,4.1,4.1,2.7,▼-4.7,▼-53.41%,1,8,9,10,2.6,2.9,46,4.1
TXO,202609F3,20260918.0,41500.0,Call,-,-,-,-,4430,-,-,0,0,0,0,4380,-,-,-
TXO,202609F3,20260918.0,41500.0,Put,8,8,3.9,4.1,2.9,▼-5.3,▼-56.38%,6,33,39,33,2.8,3.1,44.5,3.9
TXO,202609F3,20260918.0,41600.0,Call,-,-,-,-,4330,-,-,0,0,0,0,-,-,-,-
TXO,202609F3,20260918.0,41600.0,Put,8.6,8.6,5.5,5.5,3.1,▼-4.5,▼-45.00%,2,6,8,12,3,3.3,46.5,5.5
TXO,202609F3,20260918.0,41700.0,Call,-,-,-,-,4230,-,-,0,0,0,0,4180,-,-,-
TXO,202609F3,20260918.0,41700.0,Put,9.1,9.1,4.1,5.2,3.3,▼-5.3,▼-50.48%,5,10,15,10,3.1,3.6,30.5,4.1
TXO,202609F3,20260918.0,41800.0,Call,-,-,-,-,4130,-,-,0,0,0,0,4080,-,-,-
TXO,202609F3,20260918.0,41800.0,Put,11,11,5,5,3.7,▼-6,▼-54.55%,5,10,15,15,3.5,3.9,30.5,5
TXO,202609F3,20260918.0,41900.0,Call,-,-,-,-,4030,-,-,0,0,0,0,3980,-,-,-
TXO,202609F3,20260918.0,41900.0,Put,10,10,4.8,5,3.9,▼-6.5,▼-56.52%,8,15,23,24,0.3,10.5,53,4.8
TXO,202609F3,20260918.0,42000.0,Call,-,-,-,-,3930,-,-,0,0,0,0,3880,-,-,-
TXO,202609F3,20260918.0,42000.0,Put,11,11,4.3,4.3,4.3,▼-8.7,▼-66.92%,12,160,172,128,4.1,4.5,63,4.3
TXO,202609F3,20260918.0,42100.0,Call,-,-,-,-,3830,-,-,0,0,0,0,3810,-,-,-
TXO,202609F3,20260918.0,42100.0,Put,11.5,11.5,5.2,5.3,4.6,▼-7.7,▼-59.23%,4,23,27,19,4.4,4.9,61,5.2
TXO,202609F3,20260918.0,42200.0,Call,-,-,-,-,3730,-,-,0,0,0,0,0.2,-,-,-
TXO,202609F3,20260918.0,42200.0,Put,12.5,12.5,5.2,5.2,4.9,▼-8.8,▼-62.86%,2,12,14,25,4.7,5.2,69,5.2
TXO,202609F3,20260918.0,42300.0,Call,-,-,-,-,3630,-,-,0,0,0,0,3580,-,-,-
TXO,202609F3,20260918.0,42300.0,Put,13,13,4.3,5.2,5.2,▼-9.8,▼-65.33%,12,111,123,69,5,5.3,66,4.3
TXO,202609F3,20260918.0,42400.0,Call,-,-,-,-,3530,-,-,0,0,0,0,3520,3550,-,-
TXO,202609F3,20260918.0,42400.0,Put,14,14,5.2,5.7,5.7,▼-10.3,▼-64.38%,16,61,77,57,3.2,6.1,70,5.2
TXO,202609F3,20260918.0,42500.0,Call,-,-,-,-,3430,-,-,0,0,0,0,0.2,-,-,-
TXO,202609F3,20260918.0,42500.0,Put,15,15,4.5,6.4,6.4,▼-11.1,▼-63.43%,25,940,965,1116,3.8,6.6,74,4.5
TXO,202609F3,20260918.0,42600.0,Call,-,-,-,-,3330,-,-,0,0,0,0,0.2,-,-,-
TXO,202609F3,20260918.0,42600.0,Put,16.5,16.5,6,6,6.9,▼-12.5,▼-67.57%,6,62,68,122,6.7,7.2,78,6
TXO,202609F3,20260918.0,42700.0,Call,-,-,-,-,3230,-,-,0,0,0,0,0.2,-,-,-
TXO,202609F3,20260918.0,42700.0,Put,18.5,18.5,7.1,7.7,7.7,▼-13.8,▼-64.19%,41,33,74,81,7.2,7.7,69,7.1
TXO,202609F3,20260918.0,42800.0,Call,-,-,-,-,3130,-,-,0,0,0,0,3120,-,-,-
TXO,202609F3,20260918.0,42800.0,Put,22,22,6.4,8.5,8.5,▼-13.5,▼-61.36%,19,70,89,59,7.9,8.4,58,6.4
TXO,202609F3,20260918.0,42900.0,Call,-,-,-,-,3040,-,-,0,0,0,0,3020,3050,-,-
TXO,202609F3,20260918.0,42900.0,Put,20,20,6.4,9.1,9.1,▼-14.4,▼-61.28%,6,29,35,35,2,9.3,97,6.4
TXO,202609F3,20260918.0,43000.0,Call,-,-,-,-,2940,-,-,0,0,0,0,0.2,-,-,-
TXO,202609F3,20260918.0,43000.0,Put,23,23,6.8,10,10,▼-18,▼-64.29%,91,314,405,529,6,10.5,100,6.8
TXO,202609F3,20260918.0,43100.0,Call,-,-,-,-,2840,-,-,0,0,0,0,2820,2850,-,-
TXO,202609F3,20260918.0,43100.0,Put,19.5,20.5,7.5,11,11,▼-19,▼-63.33%,4,92,96,56,10,11,77,7.5
TXO,202609F3,20260918.0,43200.0,Call,-,-,-,-,2740,-,-,0,0,0,0,0.2,-,-,-
TXO,202609F3,20260918.0,43200.0,Put,20,20,9.2,12,12,▼-18.5,▼-60.66%,36,93,129,66,5.4,12.5,107,9.2
TXO,202609F3,20260918.0,43300.0,Call,-,-,-,-,2640,-,-,0,0,0,0,0.2,-,-,-
TXO,202609F3,20260918.0,43300.0,Put,29.5,29.5,9,13.5,13.5,▼-20,▼-59.70%,29,85,114,68,12.5,13.5,91,9
TXO,202609F3,20260918.0,43400.0,Call,-,-,-,-,2540,-,-,0,0,0,0,0.2,2560,-,-
TXO,202609F3,20260918.0,43400.0,Put,31.5,32.5,10,14.5,14.5,▼-22.5,▼-60.81%,28,130,158,85,9.4,15.5,104,10
TXO,202609F3,20260918.0,43500.0,Call,-,-,-,-,2440,-,-,0,0,0,0,0.2,-,-,-
TXO,202609F3,20260918.0,43500.0,Put,36.5,36.5,12,15.5,15.5,▼-25,▼-61.73%,27,163,190,160,10,17,132,12
TXO,202609F3,20260918.0,43600.0,Call,-,-,-,-,2340,-,-,0,0,0,0,2330,2360,-,-
TXO,202609F3,20260918.0,43600.0,Put,38,38,12.5,18,18,▼-30.5,▼-62.89%,8,315,323,363,13,17.5,119,12.5
TXO,202609F3,20260918.0,43700.0,Call,-,-,-,-,2250,-,-,0,0,0,0,2230,-,-,-
TXO,202609F3,20260918.0,43700.0,Put,33,33,15,19.5,19.5,▼-29.5,▼-60.20%,60,115,175,266,18.5,19.5,111,15
TXO,202609F3,20260918.0,43800.0,Call,-,-,-,-,2150,-,-,0,0,0,0,2130,-,-,-
TXO,202609F3,20260918.0,43800.0,Put,41.5,41.5,15,22,22,▼-33,▼-60.00%,86,179,265,90,13,26,154,15
TXO,202609F3,20260918.0,43900.0,Call,-,-,-,-,2050,-,-,0,0,0,0,2000,-,-,-
TXO,202609F3,20260918.0,43900.0,Put,48.5,48.5,18,24,24,▼-38,▼-61.29%,21,228,249,196,23.5,24.5,126,18
TXO,202609F3,20260918.0,44000.0,Call,-,-,-,-,1950,-,-,0,0,0,0,1940,1970,-,-
TXO,202609F3,20260918.0,44000.0,Put,63,63,19.5,28,28,▼-44,▼-61.11%,159,1699,1858,983,27,29,180,19.5
TXO,202609F3,20260918.0,44100.0,Call,-,-,-,-,1860,-,-,0,0,0,0,0.2,1870,-,-
TXO,202609F3,20260918.0,44100.0,Put,57,57,22.5,30.5,30.5,▼-52.5,▼-63.25%,26,314,340,168,23.5,50,194,22.5
TXO,202609F3,20260918.0,44150.0,Call,-,-,-,-,1810,-,-,0,0,0,0,0.2,1820,-,-
TXO,202609F3,20260918.0,44150.0,Put,61,61,26,33,33,▼-56,▼-62.92%,0,59,59,26,31,34,61,26
TXO,202609F3,20260918.0,44200.0,Call,-,-,-,-,1760,-,-,0,0,0,1,1750,1780,1780,1780
TXO,202609F3,20260918.0,44200.0,Put,70,70,26,35,35,▼-60,▼-63.16%,49,311,360,235,34,35,189,26
TXO,202609F3,20260918.0,44250.0,Call,-,-,-,-,1710,-,-,0,0,0,0,1700,1730,-,-
TXO,202609F3,20260918.0,44250.0,Put,52,52,29,37.5,37.5,▼-59.5,▼-61.34%,0,53,53,16,36.5,60,52,29
TXO,202609F3,20260918.0,44300.0,Call,1560,1580,1550,1550,1670,▲+150,▲+10.71%,0,471,471,471,1640,1680,1580,1500
TXO,202609F3,20260918.0,44300.0,Put,87,87,25,40,40,▼-58,▼-59.18%,30,603,633,441,38,40,230,25
TXO,202609F3,20260918.0,44350.0,Call,-,-,-,-,1620,-,-,0,0,0,0,1600,1630,-,-
TXO,202609F3,20260918.0,44350.0,Put,80,80,32,43,43,▼-62,▼-59.05%,0,137,137,75,11,60,80,32
TXO,202609F3,20260918.0,44400.0,Call,-,-,-,-,1570,-,-,0,0,0,1,0.2,1590,1270,1270
TXO,202609F3,20260918.0,44400.0,Put,105,105,34,46,46,▼-62,▼-57.41%,28,349,377,123,30.5,50,284,34
TXO,202609F3,20260918.0,44450.0,Call,-,-,-,-,1530,-,-,0,0,0,0,0.2,-,-,-
TXO,202609F3,20260918.0,44450.0,Put,112,112,36,48.5,48.5,▼-67.5,▼-58.19%,0,92,92,27,45,-,112,36
TXO,202609F3,20260918.0,44500.0,Call,1260,1370,1260,1350,1480,▲+130,▲+10.66%,0,421,421,421,1450,-,1370,1170
TXO,202609F3,20260918.0,44500.0,Put,120,120,38,52,52,▼-70,▼-57.38%,77,1416,1493,851,50,58,334,38
TXO,202609F3,20260918.0,44550.0,Call,-,-,-,-,1430,-,-,0,0,0,0,1420,1450,-,-
TXO,202609F3,20260918.0,44550.0,Put,96,96,41.5,56,56,▼-73,▼-56.59%,11,77,88,52,54,56,267,41.5
TXO,202609F3,20260918.0,44600.0,Call,1520,1520,1250,1260,1390,▲+120,▲+10.53%,1,471,472,471,1140,-,1520,1070
TXO,202609F3,20260918.0,44600.0,Put,139,139,45,60,60,▼-78,▼-56.52%,19,849,868,366,59,60,308,45
TXO,202609F3,20260918.0,44650.0,Call,-,-,-,-,1340,-,-,0,0,0,0,1320,-,-,-
TXO,202609F3,20260918.0,44650.0,Put,135,135,50,64,64,▼-82,▼-56.16%,8,55,63,27,62,65,231,50
TXO,202609F3,20260918.0,44700.0,Call,1100,1100,1100,1100,1290,▲+40,▲+3.77%,0,7,7,9,1160,1440,1100,980
TXO,202609F3,20260918.0,44700.0,Put,154,154,49.5,70,70,▼-85,▼-54.84%,18,277,295,156,67,69,344,49.5
TXO,202609F3,20260918.0,44750.0,Call,-,-,-,-,1250,-,-,0,0,0,2,1230,1550,1700,980
TXO,202609F3,20260918.0,44750.0,Put,103,104,54,76,76,▼-89,▼-53.94%,5,222,227,161,72,74,350,54
TXO,202609F3,20260918.0,44800.0,Call,-,-,-,-,1210,-,-,0,0,0,471,885,1290,1640,910
TXO,202609F3,20260918.0,44800.0,Put,204,204,60,81,81,▼-94,▼-53.71%,28,320,348,211,78,80,384,60
TXO,202609F3,20260918.0,44850.0,Call,-,-,-,-,1160,-,-,0,0,0,5,1000,1470,1600,915
TXO,202609F3,20260918.0,44850.0,Put,150,150,64,89,89,▼-98,▼-52.41%,1,116,117,47,71,92,321,64
TXO,202609F3,20260918.0,44900.0,Call,-,-,-,-,1120,-,-,0,0,0,4,1100,1670,1560,855
TXO,202609F3,20260918.0,44900.0,Put,130,135,69,93,93,▼-106,▼-53.27%,23,195,218,128,89,99,465,69
TXO,202609F3,20260918.0,44950.0,Call,-,-,-,-,1080,-,-,0,0,0,4,755,1630,1520,845
TXO,202609F3,20260918.0,44950.0,Put,202,202,74,105,105,▼-105,▼-50.00%,14,112,126,63,97,100,359,74
TXO,202609F3,20260918.0,45000.0,Call,790,1100,765,970,1030,▲+145,▲+17.58%,4,52,56,419,545,1060,1480,715
TXO,202609F3,20260918.0,45000.0,Put,220,220,79,107,107,▼-116,▼-52.02%,216,1185,1401,580,106,110,450,79
TXO,202609F3,20260918.0,45050.0,Call,735,1080,735,1080,980,▲+295,▲+37.58%,0,87,87,30,850,1440,2550,735
TXO,202609F3,20260918.0,45050.0,Put,231,231,90,121,121,▼-115,▼-48.73%,13,93,106,44,112,116,441,90
TXO,202609F3,20260918.0,45100.0,Call,700,930,700,930,930,▲+180,▲+24.00%,3,7,10,11,830,1510,1400,680
TXO,202609F3,20260918.0,45100.0,Put,251,251,92,128,128,▼-123,▼-49.00%,22,252,274,102,123,125,480,92
TXO,202609F3,20260918.0,45150.0,Call,660,660,660,660,910,▼-55,▼-7.69%,0,5,5,20,770,1470,910,660
TXO,202609F3,20260918.0,45150.0,Put,251,251,100,140,140,▼-115,▼-45.10%,7,62,69,29,132,135,393,100
TXO,202609F3,20260918.0,45200.0,Call,945,945,745,820,870,▲+140,▲+20.59%,3,471,474,451,655,985,965,635
TXO,202609F3,20260918.0,45200.0,Put,256,256,110,145,145,▼-137,▼-48.58%,15,613,628,376,142,145,1020,110
TXO,202609F3,20260918.0,45250.0,Call,775,775,775,775,830,▲+125,▲+19.23%,2,1,3,23,685,1390,930,625
TXO,202609F3,20260918.0,45250.0,Put,247,247,119,154,154,▼-145,▼-48.49%,8,91,99,61,153,156,500,119
TXO,202609F3,20260918.0,45300.0,Call,610,830,560,750,795,▲+135,▲+21.95%,0,359,359,364,655,1350,1130,560
TXO,202609F3,20260918.0,45300.0,Put,286,286,129,169,169,▼-147,▼-46.52%,25,674,699,388,161,200,575,129
TXO,202609F3,20260918.0,45350.0,Call,615,690,615,690,755,▲+105,▲+17.95%,2,18,20,34,745,765,1110,550
TXO,202609F3,20260918.0,45350.0,Put,105,305,105,188,188,▼-152,▼-44.71%,13,167,180,110,177,181,605,105
TXO,202609F3,20260918.0,45400.0,Call,515,770,515,680,720,▲+135,▲+24.77%,22,453,475,407,555,770,1100,422
TXO,202609F3,20260918.0,45400.0,Put,505,505,149,197,197,▼-157,▼-44.35%,46,385,431,238,191,194,620,149
TXO,202609F3,20260918.0,45450.0,Call,477,745,477,620,685,▲+95,▲+18.10%,3,42,45,35,680,690,875,477
TXO,202609F3,20260918.0,45450.0,Put,374,374,167,215,215,▼-157,▼-42.20%,0,82,82,69,204,209,635,167
TXO,202609F3,20260918.0,45500.0,Call,489,750,475,645,645,▲+149,▲+30.04%,28,215,243,103,645,655,995,362
TXO,202609F3,20260918.0,45500.0,Put,398,405,173,221,221,▼-183,▼-45.30%,109,700,809,387,220,226,650,173
TXO,202609F3,20260918.0,45550.0,Call,422,660,422,525,615,▲+57,▲+12.18%,7,36,43,34,138,1170,965,412
TXO,202609F3,20260918.0,45550.0,Put,419,419,195,243,243,▼-175,▼-41.87%,34,128,162,55,236,240,630,76
TXO,202609F3,20260918.0,45600.0,Call,390,690,382,545,585,▲+110,▲+25.29%,42,340,382,428,575,585,975,325
TXO,202609F3,20260918.0,45600.0,Put,441,441,200,258,258,▼-181,▼-41.23%,19,338,357,236,241,284,705,181
TXO,202609F3,20260918.0,45650.0,Call,395,655,357,535,535,▲+121,▲+29.23%,5,109,114,39,545,555,2030,300
TXO,202609F3,20260918.0,45650.0,Put,419,419,234,280,280,▼-195,▼-41.05%,31,138,169,75,263,343,685,234
TXO,202609F3,20260918.0,45700.0,Call,347,620,330,482,520,▲+93,▲+23.91%,44,201,245,121,515,525,865,317
TXO,202609F3,20260918.0,45700.0,Put,493,493,232,306,306,▼-204,▼-40.00%,34,404,438,201,290,299,720,232
TXO,202609F3,20260918.0,45750.0,Call,323,545,323,464,488,▲+101,▲+27.82%,13,163,176,86,390,530,1950,256
TXO,202609F3,20260918.0,45750.0,Put,520,520,255,322,322,▼-193,▼-37.48%,16,154,170,72,295,431,705,245
TXO,202609F3,20260918.0,45800.0,Call,302,520,300,439,439,▲+98,▲+28.74%,18,476,494,232,457,463,800,241
TXO,202609F3,20260918.0,45800.0,Put,545,545,255,340,340,▼-200,▼-37.04%,4,358,362,106,330,335,820,242
TXO,202609F3,20260918.0,45850.0,Call,311,515,280,428,428,▲+111,▲+35.02%,4,180,184,91,297,970,805,280
TXO,202609F3,20260918.0,45850.0,Put,453,459,290,378,355,▼-187,▼-33.10%,5,328,333,235,353,358,730,290
TXO,202609F3,20260918.0,45900.0,Call,268,490,246,399,399,▲+116,▲+40.99%,61,307,368,211,402,408,740,209
TXO,202609F3,20260918.0,45900.0,Put,580,580,310,378,378,▼-217,▼-36.47%,6,276,282,150,370,399,880,298
TXO,202609F3,20260918.0,45950.0,Call,298,430,222,377,377,▲+111,▲+41.73%,5,117,122,77,301,940,715,222
TXO,202609F3,20260918.0,45950.0,Put,359,463,330,418,418,▼-207,▼-33.12%,0,102,102,42,400,405,850,318
TXO,202609F3,20260918.0,46000.0,Call,212,440,210,342,342,▲+86,▲+33.59%,105,713,818,420,340,355,1220,178
TXO,202609F3,20260918.0,46000.0,Put,625,625,358,429,429,▼-226,▼-34.50%,26,562,588,270,409,429,915,258
TXO,202609F3,20260918.0,46050.0,Call,221,400,194,317,317,▲+94,▲+42.15%,16,108,124,78,328,333,1440,163
TXO,202609F3,20260918.0,46050.0,Put,580,580,382,445,445,▼-240,▼-35.04%,14,142,156,40,450,456,935,349
TXO,202609F3,20260918.0,46100.0,Call,185,390,178,298,298,▲+86,▲+40.57%,27,414,441,223,306,311,1510,163
TXO,202609F3,20260918.0,46100.0,Put,695,695,406,492,492,▼-228,▼-31.67%,15,178,193,65,450,520,1030,366
TXO,202609F3,20260918.0,46150.0,Call,175,338,163,284,284,▲+80,▲+39.22%,23,124,147,109,283,288,1050,138
TXO,202609F3,20260918.0,46150.0,Put,442,570,442,520,520,▼-225,▼-30.20%,0,70,70,31,505,515,975,382
TXO,202609F3,20260918.0,46200.0,Call,175,329,148,253,253,▲+52,▲+25.87%,44,564,608,351,253,295,780,125
TXO,202609F3,20260918.0,46200.0,Put,745,745,456,550,550,▼-225,▼-29.03%,2,73,75,40,535,545,975,400
TXO,202609F3,20260918.0,46250.0,Call,149,318,149,233,233,▲+63,▲+37.06%,9,176,185,145,244,247,695,117
TXO,202609F3,20260918.0,46250.0,Put,505,640,505,580,580,▼-240,▼-29.27%,0,122,122,31,565,575,950,418
TXO,202609F3,20260918.0,46300.0,Call,138,293,125,229,229,▲+79,▲+52.67%,90,945,1035,281,223,234,1290,103
TXO,202609F3,20260918.0,46300.0,Put,730,730,535,605,605,▼-255,▼-29.65%,0,65,65,37,520,750,950,332
TXO,202609F3,20260918.0,46350.0,Call,155,248,136,211,211,▲+62,▲+41.61%,10,118,128,67,208,213,655,101
TXO,202609F3,20260918.0,46350.0,Put,625,695,570,665,635,▼-230,▼-25.70%,0,14,14,14,630,640,1240,378
TXO,202609F3,20260918.0,46400.0,Call,115,249,103,196,196,▲+73,▲+59.35%,31,264,295,151,187,300,1420,92
TXO,202609F3,20260918.0,46400.0,Put,800,800,605,685,685,▼-250,▼-26.74%,0,16,16,26,660,670,910,364
TXO,202609F3,20260918.0,46450.0,Call,112,219,91,171,171,▲+49,▲+40.16%,11,102,113,50,178,182,1140,91
TXO,202609F3,20260918.0,46450.0,Put,745,770,730,730,705,▼-240,▼-24.74%,0,9,9,17,635,1200,925,442
TXO,202609F3,20260918.0,46500.0,Call,104,220,86,165,165,▲+56,▲+51.38%,137,1050,1187,731,163,169,860,76
TXO,202609F3,20260918.0,46500.0,Put,900,900,650,775,740,▼-245,▼-24.02%,1,27,28,25,645,770,1220,435
TXO,202609F3,20260918.0,46550.0,Call,112,202,91,146,146,▲+43,▲+41.75%,12,119,131,56,150,153,1120,82
TXO,202609F3,20260918.0,46550.0,Put,810,810,810,810,775,▼-240,▼-22.86%,0,1,1,15,690,780,850,466
TXO,202609F3,20260918.0,46600.0,Call,84,190,71,140,140,▲+47,▲+50.54%,89,574,663,234,126,140,1310,63
TXO,202609F3,20260918.0,46600.0,Put,825,855,825,855,815,▼-235,▼-21.56%,0,5,5,14,401,900,980,486
TXO,202609F3,20260918.0,46650.0,Call,73,162,63,120,120,▲+38,▲+46.34%,99,105,204,36,108,219,505,57
TXO,202609F3,20260918.0,46650.0,Put,920,920,880,880,855,▼-260,▼-22.81%,0,9,9,7,0.2,945,920,540
TXO,202609F3,20260918.0,46700.0,Call,69,165,63,117,117,▲+40,▲+51.95%,28,429,457,205,116,120,1230,53
TXO,202609F3,20260918.0,46700.0,Put,1040,1060,795,895,895,▼-285,▼-24.15%,0,29,29,25,845,990,1380,520
TXO,202609F3,20260918.0,46750.0,Call,66,150,64,108,108,▲+37,▲+52.11%,24,123,147,78,105,158,1250,48
TXO,202609F3,20260918.0,46750.0,Put,980,980,900,965,930,▼-255,▼-20.90%,0,12,12,9,925,940,980,492
TXO,202609F3,20260918.0,46800.0,Call,62,141,48,98,98,▲+34,▲+53.13%,67,904,971,610,98,100,1190,44
TXO,202609F3,20260918.0,46800.0,Put,1090,1090,920,980,980,▼-280,▼-22.22%,0,27,27,16,515,1120,1090,510
TXO,202609F3,20260918.0,46850.0,Call,61,127,53,90,90,▲+31,▲+52.54%,8,156,164,58,88,91,930,43
TXO,202609F3,20260918.0,46850.0,Put,950,950,910,910,1010,▼-400,▼-30.53%,0,10,10,14,990,1080,950,498
TXO,202609F3,20260918.0,46900.0,Call,45,109,39,81,81,▲+25,▲+44.64%,103,333,436,204,66,96,1110,38.5
TXO,202609F3,20260918.0,46900.0,Put,970,970,950,950,1060,▼-400,▼-29.63%,0,8,8,8,1000,1540,1270,515
TXO,202609F3,20260918.0,46950.0,Call,50,108,41.5,74,74,▲+24,▲+48.00%,10,127,137,82,73,75,725,35
TXO,202609F3,20260918.0,46950.0,Put,1270,1280,1000,1000,1110,▼-400,▼-28.57%,0,10,10,7,1080,1110,1280,860
TXO,202609F3,20260918.0,47000.0,Call,39,101,31.5,66,66,▲+22,▲+50.00%,240,1985,2225,869,66,67,980,31.5
TXO,202609F3,20260918.0,47000.0,Put,1060,1240,1060,1160,1160,▼-280,▼-19.44%,2,24,26,22,1050,1210,1480,550
TXO,202609F3,20260918.0,47050.0,Call,32,91,30.5,57,57,▲+17,▲+42.50%,11,169,180,65,58,61,885,29
TXO,202609F3,20260918.0,47050.0,Put,-,-,-,-,1180,-,-,0,0,0,0,-,-,780,570
TXO,202609F3,20260918.0,47100.0,Call,37,83,27,52,52,▲+15.5,▲+42.47%,32,707,739,564,53,139,985,27
TXO,202609F3,20260918.0,47100.0,Put,-,-,-,-,1230,-,-,0,0,0,3,1150,1540,945,675
TXO,202609F3,20260918.0,47150.0,Call,42,77,26.5,45,45,▲+10.5,▲+30.43%,6,138,144,60,46,50,880,26.5
TXO,202609F3,20260918.0,47150.0,Put,1450,1500,1450,1470,1270,▼-110,▼-6.96%,0,4,4,8,715,1400,1500,630
TXO,202609F3,20260918.0,47200.0,Call,31,72,4.1,43.5,43.5,▲+12.5,▲+40.32%,19,500,519,286,41.5,56,905,4.1
TXO,202609F3,20260918.0,47200.0,Put,-,-,-,-,1320,-,-,0,0,0,3,1140,1400,735,630
TXO,202609F3,20260918.0,47250.0,Call,26,56,20,39.5,39.5,▲+10.5,▲+36.21%,5,164,169,102,8.7,43,620,20
TXO,202609F3,20260918.0,47250.0,Put,1510,1610,1510,1610,1360,▼-70,▼-4.17%,0,5,5,6,-,1490,1610,650
TXO,202609F3,20260918.0,47300.0,Call,23,57,17.5,34.5,34.5,▲+8,▲+30.19%,35,377,412,259,34.5,41,810,17.5
TXO,202609F3,20260918.0,47300.0,Put,1660,1660,1660,1660,1410,▼-70,▼-4.05%,0,1,1,2,-,-,1660,660
TXO,202609F3,20260918.0,47350.0,Call,24.5,53,20,31,31,▲+7.5,▲+31.91%,11,232,243,78,31,32.5,264,20
TXO,202609F3,20260918.0,47350.0,Put,-,-,-,-,1450,-,-,0,0,0,1,1370,1470,785,785
TXO,202609F3,20260918.0,47400.0,Call,18.5,44,6,27,27,▲+4,▲+17.39%,25,296,321,145,26,29,815,6
TXO,202609F3,20260918.0,47400.0,Put,-,-,-,-,1500,-,-,0,0,0,4,940,1650,1130,705
TXO,202609F3,20260918.0,47450.0,Call,21,43,14.5,25,25,▲+5.5,▲+28.21%,4,136,140,43,22.5,30,670,14.5
TXO,202609F3,20260918.0,47450.0,Put,-,-,-,-,1550,-,-,0,0,0,0,1530,-,830,740
TXO,202609F3,20260918.0,47500.0,Call,17.5,40.5,12.5,23,23,▲+5,▲+27.78%,32,617,649,408,22.5,31,795,11
TXO,202609F3,20260918.0,47500.0,Put,1560,1720,1560,1720,1600,▼-200,▼-10.42%,0,2,2,2,1580,-,1720,780
TXO,202609F3,20260918.0,47550.0,Call,16,34,15,17,20.5,▲+0.5,▲+3.03%,2,91,93,55,19,44,496,14.5
TXO,202609F3,20260918.0,47550.0,Put,1800,1800,1800,1800,1640,▼-170,▼-8.63%,0,2,2,2,1630,1660,1800,1800
TXO,202609F3,20260918.0,47600.0,Call,14,32.5,13,18.5,18.5,▲+2.5,▲+15.63%,43,190,233,161,17.5,18.5,600,13
TXO,202609F3,20260918.0,47600.0,Put,-,-,-,-,1690,-,-,0,0,0,1,-,1740,1500,750
TXO,202609F3,20260918.0,47650.0,Call,14.5,30,11.5,11.5,16.5,▼-2.5,▼-17.86%,3,61,64,41,16,17,316,11.5
TXO,202609F3,20260918.0,47650.0,Put,-,-,-,-,1740,-,-,0,0,0,2,1440,1810,925,910
TXO,202609F3,20260918.0,47700.0,Call,10,27,9.6,14.5,14.5,▲+2,▲+16.00%,16,220,236,191,13.5,15,555,9.6
TXO,202609F3,20260918.0,47700.0,Put,-,-,-,-,1790,-,-,0,0,0,1,-,1840,945,850
TXO,202609F3,20260918.0,47750.0,Call,14,20.5,8.9,11.5,13,▼-1,▼-8.00%,6,83,89,76,11.5,580,300,8.9
TXO,202609F3,20260918.0,47750.0,Put,-,-,-,-,1840,-,-,0,0,0,0,1820,1850,-,-
TXO,202609F3,20260918.0,47800.0,Call,11,22,8.7,12,12,0,0%,17,516,533,530,10.5,12.5,600,8.7
TXO,202609F3,20260918.0,47800.0,Put,-,-,-,-,1880,-,-,0,0,0,1,-,2020,1000,925
TXO,202609F3,20260918.0,47850.0,Call,12,22,9.3,9.3,10.5,▼-2.2,▼-19.13%,0,12,12,15,8.9,30,142,9.3
TXO,202609F3,20260918.0,47850.0,Put,-,-,-,-,1930,-,-,0,0,0,0,-,-,-,-
TXO,202609F3,20260918.0,47900.0,Call,12.5,16,7.6,9.4,9.4,▼-0.6,▼-6.00%,2,73,75,45,6,9.5,600,7.6
TXO,202609F3,20260918.0,47900.0,Put,-,-,-,-,1980,-,-,0,0,0,1,1970,2120,980,980
TXO,202609F3,20260918.0,47950.0,Call,7,14,6.7,6.7,8.6,▼-2.5,▼-27.17%,0,19,19,21,8.2,8.9,110,6.7
TXO,202609F3,20260918.0,47950.0,Put,2010,2010,2010,2010,2030,▼-350,▼-14.83%,0,1,1,0,-,-,2010,2010
TXO,202609F3,20260918.0,48000.0,Call,8.2,16.5,5,7.6,7.6,▼-1.4,▼-15.56%,81,292,373,588,7.6,7.8,555,5
TXO,202609F3,20260918.0,48000.0,Put,-,-,-,-,2080,-,-,0,0,0,0,-,2290,1940,970
TXO,202609F3,20260918.0,48050.0,Call,10,12.5,5.3,6.7,6.7,▼-1.3,▼-16.25%,0,40,40,30,6.4,7,18.5,5.3
TXO,202609F3,20260918.0,48050.0,Put,-,-,-,-,2130,-,-,0,0,0,0,-,-,-,-
TXO,202609F3,20260918.0,48100.0,Call,5.6,11,5.5,6,6,▼-1.6,▼-21.05%,0,51,51,45,3.2,11,208,5.5
TXO,202609F3,20260918.0,48100.0,Put,-,-,-,-,2180,-,-,0,0,0,0,-,-,2000,1830
TXO,202609F3,20260918.0,48150.0,Call,6.2,11,6.2,11,5.3,▲+3.8,▲+52.78%,1,8,9,8,5,5.6,205,6.2
TXO,202609F3,20260918.0,48150.0,Put,-,-,-,-,2230,-,-,0,0,0,0,-,-,-,-
TXO,202609F3,20260918.0,48200.0,Call,5.8,9.9,4.8,4.9,4.9,▼-1.9,▼-27.94%,0,196,196,191,4.1,5.6,449,4.8
TXO,202609F3,20260918.0,48200.0,Put,-,-,-,-,2280,-,-,0,0,0,0,-,2330,-,-
TXO,202609F3,20260918.0,48250.0,Call,7.4,9,4.4,4.6,4.6,▼-1.6,▼-25.81%,4,27,31,79,3.5,5.5,17,4.4
TXO,202609F3,20260918.0,48250.0,Put,-,-,-,-,2330,-,-,0,0,0,0,-,-,-,-
TXO,202609F3,20260918.0,48300.0,Call,7.8,9.4,4,5,4.2,▼-1.1,▼-18.03%,6,54,60,37,0.7,15,419,4
TXO,202609F3,20260918.0,48300.0,Put,-,-,-,-,2380,-,-,0,0,0,0,-,2430,-,-
TXO,202609F3,20260918.0,48350.0,Call,6.6,7.9,4.1,4.9,3.9,▼-0.6,▼-10.91%,0,27,27,176,2.7,5,58,4.1
TXO,202609F3,20260918.0,48350.0,Put,-,-,-,-,2430,-,-,0,0,0,0,-,-,-,-
TXO,202609F3,20260918.0,48400.0,Call,6.4,7.4,3.5,3.5,3.5,▼-2,▼-36.36%,0,8,8,162,2.3,5,407,3.5
TXO,202609F3,20260918.0,48400.0,Put,-,-,-,-,2480,-,-,0,0,0,0,-,2490,2060,1280
TXO,202609F3,20260918.0,48450.0,Call,4.3,6.2,4,4.3,3.2,▼-0.8,▼-15.69%,0,8,8,4,2.1,4.1,58,4
TXO,202609F3,20260918.0,48450.0,Put,-,-,-,-,2530,-,-,0,0,0,2,1970,3020,1510,1510
TXO,202609F3,20260918.0,48500.0,Call,3.3,7.3,1.6,2.2,2.8,▼-2.5,▼-53.19%,4,1099,1103,1129,0.6,2.3,400,0.4
TXO,202609F3,20260918.0,48500.0,Put,-,-,-,-,2580,-,-,0,0,0,0,-,-,2300,1360
TXO,202609F3,20260918.0,48550.0,Call,-,-,-,-,2.5,-,-,0,0,0,1,0.5,-,5.3,5.3
TXO,202609F3,20260918.0,48550.0,Put,-,-,-,-,2630,-,-,0,0,0,0,-,-,-,-
TXO,202609F3,20260918.0,48600.0,Call,6.5,6.5,2.9,2.9,2.4,▼-1.5,▼-34.09%,0,5,5,10,1.5,3.6,351,2.9
TXO,202609F3,20260918.0,48600.0,Put,-,-,-,-,2680,-,-,0,0,0,0,-,-,-,-
TXO,202609F3,20260918.0,48650.0,Call,-,-,-,-,2.3,-,-,0,0,0,5,0.1,570,38,9.9
TXO,202609F3,20260918.0,48650.0,Put,-,-,-,-,2720,-,-,0,0,0,0,2710,-,-,-
TXO,202609F3,20260918.0,48700.0,Call,4.1,5.1,3.7,4.7,2.2,▲+0.7,▲+17.50%,4,8,12,15,0.3,3.3,306,3.7
TXO,202609F3,20260918.0,48700.0,Put,-,-,-,-,2770,-,-,0,0,0,0,2760,-,-,-
TXO,202609F3,20260918.0,48800.0,Call,4.3,4.7,2.9,3,1.8,▼-0.5,▼-14.29%,4,37,41,39,-,3.9,300,2.9
TXO,202609F3,20260918.0,48800.0,Put,-,-,-,-,2870,-,-,0,0,0,0,2860,-,-,-
TXO,202609F3,20260918.0,48900.0,Call,2.4,3.1,2.4,3.1,1.4,▼-0.1,▼-3.13%,0,5,5,4,0.6,2,255,2.4
TXO,202609F3,20260918.0,48900.0,Put,-,-,-,-,2970,-,-,0,0,0,0,-,2990,-,-
TXO,202609F3,20260918.0,49000.0,Call,3,3.9,2.2,2.3,1.1,▼-0.6,▼-20.69%,3,23,26,46,-,100,260,2.2
TXO,202609F3,20260918.0,49000.0,Put,-,-,-,-,3070,-,-,0,0,0,0,3060,3090,-,-
TXO,202609F3,20260918.0,49100.0,Call,3.7,3.7,3.7,3.7,0.8,▲+1,▲+37.04%,0,4,4,15,0.2,1.3,207,3.7
TXO,202609F3,20260918.0,49100.0,Put,-,-,-,-,3170,-,-,0,0,0,0,3160,-,-,-
TXO,202609F3,20260918.0,49200.0,Call,-,-,-,-,0.6,-,-,3,0,3,14,-,11.5,132,2.7
TXO,202609F3,20260918.0,49200.0,Put,-,-,-,-,3270,-,-,0,0,0,0,-,-,-,-
TXO,202609F3,20260918.0,49300.0,Call,-,-,-,-,0.5,-,-,0,0,0,3,-,570,171,5.4
TXO,202609F3,20260918.0,49300.0,Put,-,-,-,-,3370,-,-,0,0,0,0,-,3420,-,-
TXO,202609F3,20260918.0,49400.0,Call,-,-,-,-,0.5,-,-,0,0,0,0,-,-,156,13
TXO,202609F3,20260918.0,49400.0,Put,-,-,-,-,3470,-,-,0,0,0,0,-,3520,-,-
TXO,202609F3,20260918.0,49500.0,Call,2.2,2.2,1,1,0.4,▼-0.9,▼-47.37%,204,4,208,216,-,451,164,1
TXO,202609F3,20260918.0,49500.0,Put,-,-,-,-,3570,-,-,0,0,0,0,-,-,-,-
TXO,202609F3,20260918.0,49600.0,Call,2,2,2,2,0.4,▲+0.3,▲+17.65%,0,1,1,13,0.1,2,102,2
TXO,202609F3,20260918.0,49600.0,Put,-,-,-,-,3670,-,-,0,0,0,0,-,-,-,-
TXO,202609F3,20260918.0,49700.0,Call,0.6,0.6,0.6,0.6,0.4,▼-0.9,▼-60.00%,0,6,6,11,-,570,111,0.6
TXO,202609F3,20260918.0,49700.0,Put,-,-,-,-,3770,-,-,0,0,0,0,-,-,-,-
TXO,202609F3,20260918.0,49800.0,Call,1.7,1.7,1.4,1.4,0.4,0,0%,0,3,3,2,-,570,79,1.4
TXO,202609F3,20260918.0,49800.0,Put,-,-,-,-,3870,-,-,0,0,0,0,-,-,-,-
TXO,202609F3,20260918.0,49900.0,Call,1.3,1.3,1.3,1.3,0.4,0,0%,0,2,2,3,-,40,110,1.3
TXO,202609F3,20260918.0,49900.0,Put,-,-,-,-,3970,-,-,0,0,0,0,-,-,-,-
TXO,202609F3,20260918.0,50000.0,Call,1.5,1.7,0.7,0.7,0.4,▼-0.4,▼-36.36%,0,19,19,777,-,101,104,0.7
TXO,202609F3,20260918.0,50000.0,Put,-,-,-,-,4070,-,-,0,0,0,0,-,4120,-,-
TXO,202609F3,20260918.0,50100.0,Call,0.4,0.4,0.4,0.4,0.4,▼-0.6,▼-60.00%,0,2,2,1,-,570,62,0.4
TXO,202609F3,20260918.0,50100.0,Put,-,-,-,-,4170,-,-,0,0,0,0,-,4220,-,-
TXO,202609F3,20260918.0,50200.0,Call,-,-,-,-,0.4,-,-,0,0,0,2,-,570,3,2.8
TXO,202609F3,20260918.0,50200.0,Put,-,-,-,-,4270,-,-,0,0,0,0,-,-,-,-
TXO,202609F3,20260918.0,50300.0,Call,1.3,1.3,1.3,1.3,0.4,▲+0.5,▲+62.50%,0,10,10,1,-,570,75,1.3
TXO,202609F3,20260918.0,50300.0,Put,-,-,-,-,4370,-,-,0,0,0,0,-,-,-,-
TXO,202609F3,20260918.0,50400.0,Call,-,-,-,-,0.3,-,-,0,0,0,0,-,-,31,14.5
TXO,202609F3,20260918.0,50400.0,Put,-,-,-,-,4470,-,-,0,0,0,0,-,-,-,-
TXO,202609F3,20260918.0,50500.0,Call,-,-,-,-,0.3,-,-,0,0,0,19,-,570,41,3
TXO,202609F3,20260918.0,50500.0,Put,-,-,-,-,4570,-,-,0,0,0,0,-,-,-,-
TXO,202609F3,20260918.0,50600.0,Call,-,-,-,-,0.3,-,-,0,0,0,0,-,-,31.5,2.1
TXO,202609F3,20260918.0,50600.0,Put,-,-,-,-,4670,-,-,0,0,0,0,-,-,-,-
TXO,202609F3,20260918.0,50700.0,Call,-,-,-,-,0.3,-,-,0,0,0,7,-,101,11.5,2.2
TXO,202609F3,20260918.0,50700.0,Put,-,-,-,-,4770,-,-,0,0,0,0,-,-,-,-
TXO,202609F3,20260918.0,50800.0,Call,0.5,0.5,0.5,0.5,0.3,▼-0.1,▼-16.67%,0,1,1,4,-,570,32.5,0.5
TXO,202609F3,20260918.0,50800.0,Put,-,-,-,-,4870,-,-,0,0,0,0,-,-,-,-
TXO,202609F3,20260918.0,50900.0,Call,0.6,0.6,0.6,0.6,0.2,▲+0.1,▲+20.00%,0,3,3,3,-,570,25,0.6
TXO,202609F3,20260918.0,50900.0,Put,-,-,-,-,4970,-,-,0,0,0,0,-,-,-,-
TXO,202609F3,20260918.0,51000.0,Call,-,-,-,-,0.2,-,-,0,0,0,7,-,570,2.4,1.8
TXO,202609F3,20260918.0,51000.0,Put,-,-,-,-,5070,-,-,0,0,0,0,-,5130,-,-
TXO,202609F3,20260918.0,51100.0,Call,-,-,-,-,0.2,-,-,0,0,0,12,-,570,32.5,1.6
TXO,202609F3,20260918.0,51100.0,Put,-,-,-,-,5170,-,-,0,0,0,0,-,-,-,-
TXO,202609F3,20260918.0,51200.0,Call,-,-,-,-,0.2,-,-,0,0,0,1,-,-,3.9,3.9
TXO,202609F3,20260918.0,51200.0,Put,-,-,-,-,5270,-,-,0,0,0,0,-,-,-,-
TXO,202609F3,20260918.0,51300.0,Call,0.5,0.5,0.5,0.5,0.2,▲+0.1,▲+25.00%,0,1,1,13,-,570,30.5,0.5
TXO,202609F3,20260918.0,51300.0,Put,-,-,-,-,5370,-,-,0,0,0,0,-,5430,-,-
TXO,202609F3,20260918.0,51400.0,Call,0.5,0.5,0.5,0.5,0.2,▲+0.2,▲+66.67%,0,1,1,0,-,-,11,0.5
TXO,202609F3,20260918.0,51400.0,Put,-,-,-,-,5470,-,-,0,0,0,0,-,-,-,-
TXO,202609F3,20260918.0,51500.0,Call,-,-,-,-,0.2,-,-,0,0,0,1,-,50,16,16
TXO,202609F3,20260918.0,51500.0,Put,-,-,-,-,5570,-,-,0,0,0,0,-,-,-,-
TXO,202609F3,20260918.0,51600.0,Call,-,-,-,-,0.2,-,-,0,0,0,3,-,570,2.6,2.6
TXO,202609F3,20260918.0,51600.0,Put,-,-,-,-,5670,-,-,0,0,0,0,-,-,-,-
TXO,202609F3,20260918.0,51700.0,Call,-,-,-,-,0.2,-,-,0,0,0,1,-,-,1.4,1.4
TXO,202609F3,20260918.0,51700.0,Put,-,-,-,-,5770,-,-,0,0,0,0,-,-,-,-
TXO,202609F3,20260918.0,51800.0,Call,-,-,-,-,0.2,-,-,0,0,0,0,-,-,-,-
TXO,202609F3,20260918.0,51800.0,Put,-,-,-,-,5870,-,-,0,0,0,0,-,5930,-,-
TXO,202609F3,20260918.0,51900.0,Call,-,-,-,-,0.2,-,-,0,0,0,0,-,-,-,-
TXO,202609F3,20260918.0,51900.0,Put,-,-,-,-,5970,-,-,0,0,0,0,-,5990,-,-
TXO,202609F3,20260918.0,52000.0,Call,-,-,-,-,0.2,-,-,0,0,0,35,-,98,14.5,0.3
TXO,202609F3,20260918.0,52000.0,Put,-,-,-,-,6070,-,-,0,0,0,0,-,6130,-,-
TXO,202609F3,20260918.0,52100.0,Call,0.3,0.9,0.1,0.2,0.2,0,0%,0,24,24,25,0.1,0.2,16.5,0.1
TXO,202609F3,20260918.0,52100.0,Put,-,-,-,-,6170,-,-,0,0,0,0,6150,-,-,-
TXO,202609W4,20260923.0,40900.0,Call,-,-,-,-,5030,-,-,0,0,0,0,-,-,-,-
TXO,202609W4,20260923.0,40900.0,Put,24.5,24.5,12,14,14,▼-14,▼-50.00%,0,204,204,58,14,14.5,24.5,12
TXO,202609W4,20260923.0,41000.0,Call,-,-,-,-,4930,-,-,0,0,0,0,4870,-,-,-
TXO,202609W4,20260923.0,41000.0,Put,25,26,12.5,14.5,14.5,▼-15.5,▼-51.67%,0,70,70,43,14.5,15,26,12.5
TXO,202609W4,20260923.0,41100.0,Call,-,-,-,-,4830,-,-,0,0,0,0,0.2,-,-,-
TXO,202609W4,20260923.0,41100.0,Put,20,21,14.5,14.5,14.5,▼-17.5,▼-54.69%,0,26,26,14,15,15.5,21,14.5
TXO,202609W4,20260923.0,41200.0,Call,-,-,-,-,4730,-,-,0,0,0,0,0.2,-,-,-
TXO,202609W4,20260923.0,41200.0,Put,26,27.5,14.5,16,16,▼-19,▼-54.29%,40,50,90,111,10.5,19,38,14.5
TXO,202609W4,20260923.0,41300.0,Call,-,-,-,-,4630,-,-,0,0,0,0,4530,-,-,-
TXO,202609W4,20260923.0,41300.0,Put,25,25,19.5,19.5,16,▼-18.5,▼-48.68%,13,17,30,26,16,17,38,19.5
TXO,202609W4,20260923.0,41400.0,Call,-,-,-,-,4530,-,-,0,0,0,0,0.2,-,-,-
TXO,202609W4,20260923.0,41400.0,Put,22.5,23,14.5,14.5,16.5,▼-25.5,▼-63.75%,3,13,16,11,1.2,-,40,14.5
TXO,202609W4,20260923.0,41500.0,Call,-,-,-,-,4430,-,-,0,0,0,0,4120,-,-,-
TXO,202609W4,20260923.0,41500.0,Put,29.5,29.5,15.5,18,18,▼-23,▼-56.10%,2,48,50,220,17.5,18.5,58,15.5
TXO,202609W4,20260923.0,41600.0,Call,-,-,-,-,4330,-,-,0,0,0,0,4240,-,-,-
TXO,202609W4,20260923.0,41600.0,Put,-,-,-,-,18,-,-,0,0,0,1,18,19,52,38.5
TXO,202609W4,20260923.0,41700.0,Call,-,-,-,-,4240,-,-,0,0,0,0,0.2,-,-,-
TXO,202609W4,20260923.0,41700.0,Put,-,-,-,-,19,-,-,0,0,0,237,0.9,20,63,38.5
TXO,202609W4,20260923.0,41800.0,Call,-,-,-,-,4140,-,-,0,0,0,0,0.2,-,-,-
TXO,202609W4,20260923.0,41800.0,Put,30,30,19,19,19,▼-27.5,▼-59.14%,11,3,14,2,19.5,20.5,66,19
TXO,202609W4,20260923.0,41900.0,Call,-,-,-,-,4040,-,-,0,0,0,0,0.2,-,-,-
TXO,202609W4,20260923.0,41900.0,Put,31,31,25.5,25.5,20.5,▼-26.5,▼-50.96%,1,6,7,8,8.4,127,66,25.5
TXO,202609W4,20260923.0,42000.0,Call,-,-,-,-,3940,-,-,0,0,0,0,3850,-,-,-
TXO,202609W4,20260923.0,42000.0,Put,39.5,39.5,19.5,19.5,21.5,▼-34.5,▼-63.89%,8,53,61,120,8,28,76,19.5
TXO,202609W4,20260923.0,42100.0,Call,-,-,-,-,3840,-,-,0,0,0,0,0.2,-,-,-
TXO,202609W4,20260923.0,42100.0,Put,29,29.5,29,29.5,22.5,▼-24.5,▼-45.37%,1,2,3,1,22.5,23.5,73,29
TXO,202609W4,20260923.0,42200.0,Call,-,-,-,-,3740,-,-,0,0,0,0,3700,-,-,-
TXO,202609W4,20260923.0,42200.0,Put,39.5,39.5,23,23.5,23.5,▼-36.5,▼-60.83%,19,49,68,154,23.5,24.5,86,23
TXO,202609W4,20260923.0,42300.0,Call,-,-,-,-,3640,-,-,0,0,0,0,3590,-,-,-
TXO,202609W4,20260923.0,42300.0,Put,44,44,26,26,25,▼-37,▼-58.73%,8,80,88,420,24.5,25.5,97,26
TXO,202609W4,20260923.0,42400.0,Call,-,-,-,-,3540,-,-,0,0,0,0,3490,-,-,-
TXO,202609W4,20260923.0,42400.0,Put,44,44,32.5,33,26,▼-34,▼-50.75%,1,13,14,15,26,27,90,32.5
TXO,202609W4,20260923.0,42500.0,Call,-,-,-,-,3440,-,-,0,0,0,0,3390,-,-,-
TXO,202609W4,20260923.0,42500.0,Put,53,53,27,27,27,▼-46,▼-63.01%,1,210,211,309,8,94,105,27
TXO,202609W4,20260923.0,42600.0,Call,-,-,-,-,3350,-,-,0,0,0,0,3330,-,-,-
TXO,202609W4,20260923.0,42600.0,Put,57,57,26,30,30,▼-45,▼-60.00%,2,152,154,155,12,98,120,26
TXO,202609W4,20260923.0,42700.0,Call,-,-,-,-,3250,-,-,0,0,0,0,3230,3260,-,-
TXO,202609W4,20260923.0,42700.0,Put,60,60,30.5,30.5,30.5,▼-51.5,▼-62.80%,2,11,13,24,30.5,31.5,117,30.5
TXO,202609W4,20260923.0,42800.0,Call,-,-,-,-,3150,-,-,0,0,0,0,0.2,3160,-,-
TXO,202609W4,20260923.0,42800.0,Put,53,53,28,28,32,▼-57,▼-67.06%,0,12,12,20,1.5,142,130,28
TXO,202609W4,20260923.0,42900.0,Call,-,-,-,-,3050,-,-,0,0,0,0,3040,3070,-,-
TXO,202609W4,20260923.0,42900.0,Put,69,69,29.5,29.5,34,▼-56.5,▼-65.70%,5,8,13,24,1.5,144,153,29.5
TXO,202609W4,20260923.0,43000.0,Call,-,-,-,-,2950,-,-,0,0,0,0,2,-,-,-
TXO,202609W4,20260923.0,43000.0,Put,72,72,32,37.5,37.5,▼-55.5,▼-59.68%,29,89,118,136,36.5,37.5,149,32
TXO,202609W4,20260923.0,43100.0,Call,-,-,-,-,2860,-,-,0,0,0,0,2,-,-,-
TXO,202609W4,20260923.0,43100.0,Put,84,84,37,39.5,39,▼-60.5,▼-60.50%,6,24,30,24,11,90,108,37
TXO,202609W4,20260923.0,43200.0,Call,2660,2660,2660,2660,2760,▲+170,▲+6.83%,0,1,1,1,2440,-,2660,2660
TXO,202609W4,20260923.0,43200.0,Put,91,91,39,39,39,▼-71,▼-64.55%,0,24,24,23,40.5,154,160,39
TXO,202609W4,20260923.0,43300.0,Call,-,-,-,-,2660,-,-,0,0,0,0,2650,2680,-,-
TXO,202609W4,20260923.0,43300.0,Put,76,78,40,41.5,41.5,▼-76.5,▼-64.83%,4,15,19,10,44.5,45.5,176,40
TXO,202609W4,20260923.0,43400.0,Call,2470,2470,2470,2470,2560,▲+160,▲+6.93%,0,1,1,1,2530,-,2470,2470
TXO,202609W4,20260923.0,43400.0,Put,80,85,43,48,48,▼-75,▼-60.98%,3,24,27,13,2.4,-,193,43
TXO,202609W4,20260923.0,43500.0,Call,-,-,-,-,2470,-,-,0,0,0,1,2460,2480,2410,2410
TXO,202609W4,20260923.0,43500.0,Put,110,110,48,53,53,▼-84,▼-61.31%,1,39,40,76,51,53,210,48
TXO,202609W4,20260923.0,43600.0,Call,-,-,-,-,2370,-,-,0,0,0,1,2320,2480,2100,2100
TXO,202609W4,20260923.0,43600.0,Put,94,96,49.5,54,54,▼-88,▼-61.97%,3,16,19,12,55,57,209,49.5
TXO,202609W4,20260923.0,43700.0,Call,2190,2190,2190,2190,2280,▲+150,▲+7.35%,0,1,1,1,1820,-,2190,2190
TXO,202609W4,20260923.0,43700.0,Put,101,103,55,60,60,▼-98,▼-62.03%,4,17,21,17,59,61,207,55
TXO,202609W4,20260923.0,43800.0,Call,2100,2100,2100,2100,2180,▲+150,▲+7.69%,0,1,1,1,1870,-,2100,1920
TXO,202609W4,20260923.0,43800.0,Put,123,123,60,66,66,▼-98,▼-59.76%,7,25,32,31,23,140,279,60
TXO,202609W4,20260923.0,43900.0,Call,2010,2010,2010,2010,2090,▲+140,▲+7.49%,0,1,1,1,1770,3700,2010,2010
TXO,202609W4,20260923.0,43900.0,Put,128,128,73,73,73,▼-105,▼-58.99%,5,14,19,17,60,250,290,73
TXO,202609W4,20260923.0,44000.0,Call,-,-,-,-,2000,-,-,0,0,0,1,1680,2070,1740,1740
TXO,202609W4,20260923.0,44000.0,Put,162,167,70,79,79,▼-116,▼-59.49%,121,223,344,341,77,80,312,70
TXO,202609W4,20260923.0,44100.0,Call,-,-,-,-,1900,-,-,0,0,0,0,1590,-,-,-
TXO,202609W4,20260923.0,44100.0,Put,100,102,83,89,89,▼-121,▼-57.62%,0,14,14,10,11.5,112,330,83
TXO,202609W4,20260923.0,44150.0,Call,-,-,-,-,1860,-,-,0,0,0,0,1840,1870,-,-
TXO,202609W4,20260923.0,44150.0,Put,192,192,119,119,89,▼-101,▼-45.91%,0,3,3,2,23.5,181,192,119
TXO,202609W4,20260923.0,44200.0,Call,-,-,-,-,1810,-,-,0,0,0,1,1490,1880,1570,1570
TXO,202609W4,20260923.0,44200.0,Put,195,195,86,98,98,▼-124,▼-55.86%,16,18,34,17,5.7,204,330,86
TXO,202609W4,20260923.0,44250.0,Call,1700,1700,1700,1700,1770,▲+140,▲+8.97%,0,1,1,1,1750,1780,1700,1700
TXO,202609W4,20260923.0,44250.0,Put,160,160,100,100,100,▼-133,▼-57.08%,0,6,6,3,39,-,160,100
TXO,202609W4,20260923.0,44300.0,Call,1650,1660,1650,1650,1720,▲+120,▲+7.84%,0,490,490,490,995,1790,1660,1650
TXO,202609W4,20260923.0,44300.0,Put,193,193,100,106,106,▼-146,▼-57.94%,3,280,283,281,102,106,280,100
TXO,202609W4,20260923.0,44350.0,Call,-,-,-,-,1680,-,-,0,0,0,0,1660,1690,-,-
TXO,202609W4,20260923.0,44350.0,Put,228,228,111,111,111,▼-146,▼-56.81%,0,5,5,3,107,111,228,111
TXO,202609W4,20260923.0,44400.0,Call,-,-,-,-,1630,-,-,0,0,0,1,1580,-,2130,1440
TXO,202609W4,20260923.0,44400.0,Put,143,143,111,116,116,▼-146,▼-55.73%,3,21,24,24,112,116,365,111
TXO,202609W4,20260923.0,44450.0,Call,-,-,-,-,1590,-,-,0,0,0,0,0.2,-,-,-
TXO,202609W4,20260923.0,44450.0,Put,-,-,-,-,121,-,-,0,0,0,0,40.5,-,-,-
TXO,202609W4,20260923.0,44500.0,Call,1490,1490,1430,1430,1540,▲+50,▲+3.62%,0,501,501,500,0.5,1620,1490,1430
TXO,202609W4,20260923.0,44500.0,Put,238,250,122,128,128,▼-163,▼-56.01%,10,202,212,162,127,233,437,122
TXO,202609W4,20260923.0,44550.0,Call,1450,1450,1450,1450,1500,▲+110,▲+8.21%,0,1,1,1,1180,-,1450,1450
TXO,202609W4,20260923.0,44550.0,Put,210,219,140,140,140,▼-162,▼-53.64%,0,8,8,5,62,200,271,140
TXO,202609W4,20260923.0,44600.0,Call,-,-,-,-,1460,-,-,0,0,0,1,0.5,-,2050,1320
TXO,202609W4,20260923.0,44600.0,Put,266,266,135,146,146,▼-169,▼-53.65%,2,41,43,35,139,144,445,135
TXO,202609W4,20260923.0,44650.0,Call,-,-,-,-,1420,-,-,0,0,0,0,0.5,-,-,-
TXO,202609W4,20260923.0,44650.0,Put,178,178,148,148,148,▼-180,▼-54.88%,1,4,5,5,32.5,398,352,148
TXO,202609W4,20260923.0,44700.0,Call,-,-,-,-,1370,-,-,0,0,0,0,1300,-,-,-
TXO,202609W4,20260923.0,44700.0,Put,234,234,155,155,155,▼-185,▼-54.41%,1,19,20,13,100,294,499,155
TXO,202609W4,20260923.0,44750.0,Call,-,-,-,-,1330,-,-,0,0,0,0,1260,-,-,-
TXO,202609W4,20260923.0,44750.0,Put,254,262,166,166,166,▼-187,▼-52.97%,1,23,24,8,163,168,343,166
TXO,202609W4,20260923.0,44800.0,Call,-,-,-,-,1290,-,-,0,0,0,1,1220,-,1210,1210
TXO,202609W4,20260923.0,44800.0,Put,202,223,174,175,175,▼-205,▼-53.95%,1,25,26,21,172,175,510,12
TXO,202609W4,20260923.0,44850.0,Call,-,-,-,-,1250,-,-,0,0,0,0,1180,-,-,-
TXO,202609W4,20260923.0,44850.0,Put,198,198,185,188,188,▼-195,▼-50.91%,0,12,12,7,181,184,198,185
TXO,202609W4,20260923.0,44900.0,Call,-,-,-,-,1210,-,-,0,0,0,4,1010,1220,1190,1190
TXO,202609W4,20260923.0,44900.0,Put,290,290,195,195,195,▼-202,▼-50.88%,0,24,24,17,191,194,510,174
TXO,202609W4,20260923.0,44950.0,Call,-,-,-,-,1170,-,-,0,0,0,3,1100,-,1180,1140
TXO,202609W4,20260923.0,44950.0,Put,353,353,204,210,210,▼-203,▼-49.15%,2,44,46,24,200,204,401,204
TXO,202609W4,20260923.0,45000.0,Call,1010,1180,960,1030,1130,▲+30,▲+3.00%,2,525,527,518,810,1240,1180,910
TXO,202609W4,20260923.0,45000.0,Put,377,377,210,222,222,▼-198,▼-47.14%,129,547,676,456,208,216,630,210
TXO,202609W4,20260923.0,45050.0,Call,-,-,-,-,1100,-,-,0,0,0,0,1080,1110,-,-
TXO,202609W4,20260923.0,45050.0,Put,230,269,230,232,232,▼-214,▼-47.98%,1,22,23,6,224,228,560,230
TXO,202609W4,20260923.0,45100.0,Call,1030,1030,965,965,1060,▲+15,▲+1.58%,0,12,12,11,935,1070,1080,925
TXO,202609W4,20260923.0,45100.0,Put,339,353,246,246,246,▼-217,▼-46.87%,2,10,12,28,235,240,620,246
TXO,202609W4,20260923.0,45150.0,Call,930,950,930,950,1020,▲+35,▲+3.83%,0,7,7,8,1010,1030,1000,930
TXO,202609W4,20260923.0,45150.0,Put,301,301,253,257,257,▼-224,▼-46.57%,0,13,13,8,248,253,441,253
TXO,202609W4,20260923.0,45200.0,Call,960,1060,905,905,985,▲+35,▲+4.02%,0,10,10,14,860,-,1060,905
TXO,202609W4,20260923.0,45200.0,Put,471,471,271,278,278,▼-222,▼-44.40%,1,44,45,33,263,268,680,205
TXO,202609W4,20260923.0,45250.0,Call,925,930,860,880,950,▲+25,▲+2.92%,0,9,9,14,810,-,985,860
TXO,202609W4,20260923.0,45250.0,Put,386,399,283,286,286,▼-234,▼-45.00%,0,14,14,14,276,281,496,283
TXO,202609W4,20260923.0,45300.0,Call,870,870,835,835,915,▲+30,▲+3.73%,0,3,3,6,905,915,1350,835
TXO,202609W4,20260923.0,45300.0,Put,322,346,294,301,301,▼-234,▼-43.74%,4,26,30,40,292,297,625,259
TXO,202609W4,20260923.0,45350.0,Call,860,860,800,800,880,▲+5,▲+0.63%,0,10,10,8,870,880,905,800
TXO,202609W4,20260923.0,45350.0,Put,419,419,313,318,318,▼-247,▼-43.72%,0,23,23,9,224,420,565,313
TXO,202609W4,20260923.0,45400.0,Call,810,960,705,925,850,▲+180,▲+24.16%,0,14,14,10,720,-,1180,705
TXO,202609W4,20260923.0,45400.0,Put,444,500,325,337,337,▼-233,▼-40.88%,5,32,37,79,300,424,780,242
TXO,202609W4,20260923.0,45450.0,Call,795,800,730,730,815,▲+15,▲+2.10%,0,8,8,18,805,815,860,730
TXO,202609W4,20260923.0,45450.0,Put,456,468,353,353,353,▼-247,▼-41.17%,0,10,10,15,339,345,680,353
TXO,202609W4,20260923.0,45500.0,Call,680,895,660,760,780,▲+85,▲+12.59%,14,42,56,33,750,-,895,565
TXO,202609W4,20260923.0,45500.0,Put,550,560,360,370,370,▼-240,▼-39.34%,10,113,123,142,360,395,795,250
TXO,202609W4,20260923.0,45550.0,Call,735,850,615,680,750,▲+25,▲+3.82%,1,18,19,12,740,750,850,525
TXO,202609W4,20260923.0,45550.0,Put,495,510,389,390,390,▼-230,▼-37.10%,1,16,17,12,340,487,850,389
TXO,202609W4,20260923.0,45600.0,Call,630,810,630,650,720,▲+20,▲+3.17%,9,33,42,25,710,720,1290,565
TXO,202609W4,20260923.0,45600.0,Put,550,550,379,410,410,▼-215,▼-34.40%,96,121,217,31,394,400,810,278
TXO,202609W4,20260923.0,45650.0,Call,660,660,605,620,690,▲+40,▲+6.90%,2,9,11,15,525,-,720,540
TXO,202609W4,20260923.0,45650.0,Put,610,610,407,429,429,▼-206,▼-32.44%,0,46,46,15,415,421,770,407
TXO,202609W4,20260923.0,45700.0,Call,570,775,570,650,650,▲+80,▲+14.04%,1,35,36,28,650,660,1230,530
TXO,202609W4,20260923.0,45700.0,Put,560,585,430,454,454,▼-191,▼-29.61%,0,47,47,50,435,441,780,393
TXO,202609W4,20260923.0,45750.0,Call,505,725,505,565,630,▲+40,▲+7.62%,5,35,40,29,620,630,755,505
TXO,202609W4,20260923.0,45750.0,Put,580,605,461,476,476,▼-214,▼-31.01%,0,19,19,21,385,570,730,427
TXO,202609W4,20260923.0,45800.0,Call,520,710,520,525,605,▲+20,▲+3.96%,3,26,29,31,595,605,1070,490
TXO,202609W4,20260923.0,45800.0,Put,745,745,465,500,500,▼-210,▼-29.58%,7,32,39,23,477,484,845,315
TXO,202609W4,20260923.0,45850.0,Call,570,670,505,530,575,▲+55,▲+11.58%,4,13,17,14,565,575,670,456
TXO,202609W4,20260923.0,45850.0,Put,630,645,500,520,520,▼-235,▼-31.13%,2,31,33,16,5.8,615,990,373
TXO,202609W4,20260923.0,45900.0,Call,475,655,468,510,545,▲+70,▲+15.91%,9,40,49,34,540,550,760,396
TXO,202609W4,20260923.0,45900.0,Put,670,670,515,555,525,▼-210,▼-27.45%,1,12,13,15,520,530,970,384
TXO,202609W4,20260923.0,45950.0,Call,500,615,440,460,515,▲+32,▲+7.48%,1,20,21,27,515,525,640,440
TXO,202609W4,20260923.0,45950.0,Put,695,705,570,615,545,▼-180,▼-22.64%,3,22,25,23,545,555,870,397
TXO,202609W4,20260923.0,46000.0,Call,425,620,412,485,485,▲+86,▲+21.55%,23,129,152,96,492,496,1140,355
TXO,202609W4,20260923.0,46000.0,Put,790,795,550,590,590,▼-230,▼-28.05%,7,39,46,41,570,580,1000,343
TXO,202609W4,20260923.0,46050.0,Call,469,575,407,456,456,▲+71,▲+18.44%,0,39,39,27,466,473,1520,403
TXO,202609W4,20260923.0,46050.0,Put,730,740,570,625,595,▼-240,▼-27.75%,0,31,31,28,595,605,865,510
TXO,202609W4,20260923.0,46100.0,Call,446,530,388,430,430,▲+65,▲+17.81%,15,20,35,28,420,-,1750,300
TXO,202609W4,20260923.0,46100.0,Put,755,755,645,665,625,▼-230,▼-25.70%,0,7,7,9,625,635,795,645
TXO,202609W4,20260923.0,46150.0,Call,415,515,365,416,416,▲+53,▲+14.60%,1,22,23,15,420,426,850,365
TXO,202609W4,20260923.0,46150.0,Put,725,735,685,685,650,▼-240,▼-25.95%,0,10,10,16,650,660,930,450
TXO,202609W4,20260923.0,46200.0,Call,340,500,340,343,396,▲+7,▲+2.08%,4,18,22,20,300,-,1700,270
TXO,202609W4,20260923.0,46200.0,Put,735,765,645,705,680,▼-235,▼-25.00%,0,33,33,21,680,690,1180,600
TXO,202609W4,20260923.0,46250.0,Call,415,465,329,363,363,▲+38,▲+11.69%,0,15,15,10,376,382,885,329
TXO,202609W4,20260923.0,46250.0,Put,785,785,740,755,705,▼-230,▼-23.35%,0,15,15,6,705,715,1260,740
TXO,202609W4,20260923.0,46300.0,Call,312,442,303,350,350,▲+50,▲+16.67%,3,19,22,24,355,361,1600,297
TXO,202609W4,20260923.0,46300.0,Put,725,790,725,790,735,▼-230,▼-22.55%,0,3,3,7,660,-,950,555
TXO,202609W4,20260923.0,46350.0,Call,295,391,288,310,336,▲+35,▲+12.73%,0,11,11,7,336,342,675,288
TXO,202609W4,20260923.0,46350.0,Put,800,860,740,795,765,▼-255,▼-24.29%,0,13,13,7,765,775,1020,443
TXO,202609W4,20260923.0,46400.0,Call,284,427,272,311,311,▲+52,▲+20.08%,6,77,83,71,318,323,1080,225
TXO,202609W4,20260923.0,46400.0,Put,950,995,755,810,810,▼-260,▼-24.30%,0,93,93,67,715,-,1250,755
TXO,202609W4,20260923.0,46450.0,Call,259,259,259,259,300,▲+1,▲+0.39%,0,2,2,4,300,305,410,259
TXO,202609W4,20260923.0,46450.0,Put,915,915,895,895,830,▼-215,▼-19.37%,0,7,7,4,830,840,1110,895
TXO,202609W4,20260923.0,46500.0,Call,230,360,230,247,283,▲+19,▲+8.33%,19,42,61,48,283,288,985,191
TXO,202609W4,20260923.0,46500.0,Put,845,950,845,900,865,▼-240,▼-21.05%,0,10,10,9,860,870,1200,300
TXO,202609W4,20260923.0,46550.0,Call,350,350,228,244,267,▲+28,▲+12.96%,0,7,7,10,266,271,775,228
TXO,202609W4,20260923.0,46550.0,Put,930,930,930,930,900,▼-250,▼-21.19%,0,2,2,6,895,905,930,530
TXO,202609W4,20260923.0,46600.0,Call,209,321,209,242,242,▲+29,▲+13.62%,3,19,22,45,249,254,950,192
TXO,202609W4,20260923.0,46600.0,Put,885,1030,885,940,940,▼-280,▼-22.95%,0,3,3,6,930,940,1350,585
TXO,202609W4,20260923.0,46650.0,Call,202,304,199,225,225,▲+25,▲+12.50%,8,14,22,15,145,299,720,165
TXO,202609W4,20260923.0,46650.0,Put,-,-,-,-,970,-,-,0,0,0,6,-,-,610,565
TXO,202609W4,20260923.0,46700.0,Call,232,302,191,207,207,▲+28,▲+15.64%,7,17,24,21,3.6,325,895,163
TXO,202609W4,20260923.0,46700.0,Put,980,995,955,975,1000,▼-315,▼-24.42%,0,36,36,42,925,1020,1550,630
TXO,202609W4,20260923.0,46750.0,Call,190,271,185,206,206,▲+39,▲+23.35%,2,17,19,17,208,213,840,185
TXO,202609W4,20260923.0,46750.0,Put,1120,1120,1120,1120,1040,▼-210,▼-15.79%,0,2,2,10,-,-,1120,645
TXO,202609W4,20260923.0,46800.0,Call,165,270,165,190,190,▲+25,▲+15.15%,11,70,81,94,195,200,825,138
TXO,202609W4,20260923.0,46800.0,Put,1000,1160,1000,1120,1080,▼-250,▼-18.25%,0,4,4,21,1010,-,1620,665
TXO,202609W4,20260923.0,46850.0,Call,159,239,153,184,184,▲+31,▲+20.26%,0,15,15,14,84,-,800,153
TXO,202609W4,20260923.0,46850.0,Put,-,-,-,-,1110,-,-,0,0,0,5,1100,-,685,685
TXO,202609W4,20260923.0,46900.0,Call,173,226,145,150,172,▲+15,▲+11.11%,11,162,173,825,172,175,850,118
TXO,202609W4,20260923.0,46900.0,Put,-,-,-,-,1150,-,-,0,0,0,8,1140,-,1350,705
TXO,202609W4,20260923.0,46950.0,Call,170,205,151,151,151,▲+21,▲+16.15%,1,9,10,12,162,166,575,130
TXO,202609W4,20260923.0,46950.0,Put,-,-,-,-,1190,-,-,0,0,0,6,1110,-,725,650
TXO,202609W4,20260923.0,47000.0,Call,124,219,123,152,151,▲+34,▲+28.81%,32,329,361,280,144,160,1190,100
TXO,202609W4,20260923.0,47000.0,Put,1410,1410,1180,1320,1230,▼-210,▼-13.73%,0,4,4,7,1220,1360,1710,640
TXO,202609W4,20260923.0,47050.0,Call,118,198,117,130,142,▲+19,▲+17.12%,1,23,24,22,142,145,530,117
TXO,202609W4,20260923.0,47050.0,Put,-,-,-,-,1270,-,-,0,0,0,0,0.2,-,-,-
TXO,202609W4,20260923.0,47100.0,Call,110,186,110,133,133,▲+30,▲+29.13%,3,17,20,16,24.5,210,690,97
TXO,202609W4,20260923.0,47100.0,Put,-,-,-,-,1320,-,-,0,0,0,1,1110,1360,1360,1020
TXO,202609W4,20260923.0,47150.0,Call,162,162,108,108,125,▲+8,▲+8.00%,0,3,3,5,6.1,202,487,108
TXO,202609W4,20260923.0,47150.0,Put,-,-,-,-,1360,-,-,0,0,0,5,1290,-,810,810
TXO,202609W4,20260923.0,47200.0,Call,95,175,95,110,110,▲+13,▲+13.40%,11,129,140,145,107,480,890,80
TXO,202609W4,20260923.0,47200.0,Put,-,-,-,-,1400,-,-,0,0,0,6,1010,-,1640,835
TXO,202609W4,20260923.0,47250.0,Call,95,101,90,97,109,▲+13,▲+15.48%,3,20,23,22,1.7,189,915,82
TXO,202609W4,20260923.0,47250.0,Put,-,-,-,-,1440,-,-,0,0,0,5,1430,-,1020,855
TXO,202609W4,20260923.0,47300.0,Call,85,139,84,100,100,▲+22,▲+28.21%,6,29,35,23,80,-,910,72
TXO,202609W4,20260923.0,47300.0,Put,-,-,-,-,1480,-,-,0,0,0,2,1290,-,995,740
TXO,202609W4,20260923.0,47350.0,Call,100,130,78,82,96,▲+5,▲+6.49%,2,22,24,12,95,98,900,67
TXO,202609W4,20260923.0,47350.0,Put,-,-,-,-,1530,-,-,0,0,0,5,1430,-,905,765
TXO,202609W4,20260923.0,47400.0,Call,77,115,72,79,90,▲+10,▲+14.49%,9,21,30,26,71,-,910,62
TXO,202609W4,20260923.0,47400.0,Put,-,-,-,-,1570,-,-,0,0,0,0,1110,1590,-,-
TXO,202609W4,20260923.0,47450.0,Call,93,93,93,93,84,▲+26,▲+38.81%,0,1,1,1,2,167,93,93
TXO,202609W4,20260923.0,47450.0,Put,-,-,-,-,1620,-,-,0,0,0,0,-,-,-,-
TXO,202609W4,20260923.0,47500.0,Call,69,113,63,77,77,▲+14,▲+22.22%,124,71,195,183,62,120,328,57
TXO,202609W4,20260923.0,47500.0,Put,-,-,-,-,1660,-,-,0,0,0,0,1470,1710,1400,1300
TXO,202609W4,20260923.0,47550.0,Call,62,96,62,95,74,▲+36,▲+61.02%,0,6,6,7,2.8,159,131,59
TXO,202609W4,20260923.0,47550.0,Put,-,-,-,-,1710,-,-,0,0,0,0,1690,-,-,-
TXO,202609W4,20260923.0,47600.0,Call,70,72,56,62,69,▲+7,▲+12.73%,4,14,18,11,40,88,333,56
TXO,202609W4,20260923.0,47600.0,Put,-,-,-,-,1750,-,-,0,0,0,0,1740,-,-,-
TXO,202609W4,20260923.0,47650.0,Call,53,88,53,54,64,▲+4,▲+8.00%,0,12,12,3,63,65,319,52
TXO,202609W4,20260923.0,47650.0,Put,-,-,-,-,1800,-,-,0,0,0,0,1780,1810,-,-
TXO,202609W4,20260923.0,47700.0,Call,49.5,79,48.5,57,57,▲+9.5,▲+20.00%,21,22,43,25,1.7,99,127,44
TXO,202609W4,20260923.0,47700.0,Put,-,-,-,-,1840,-,-,0,0,0,0,-,-,-,-
TXO,202609W4,20260923.0,47750.0,Call,56,80,46.5,51,56,▲+6,▲+13.33%,0,8,8,4,55,57,410,46.5
TXO,202609W4,20260923.0,47750.0,Put,-,-,-,-,1890,-,-,0,0,0,0,-,-,-,-
TXO,202609W4,20260923.0,47800.0,Call,44.5,76,42.5,53,53,▲+11,▲+26.19%,5,17,22,16,52,54,400,42
TXO,202609W4,20260923.0,47800.0,Put,-,-,-,-,1930,-,-,0,0,0,0,1920,1950,-,-
TXO,202609W4,20260923.0,47850.0,Call,43,46.5,43,44,49,▲+7.5,▲+20.55%,2,19,21,20,0.8,-,555,36
TXO,202609W4,20260923.0,47850.0,Put,-,-,-,-,1980,-,-,0,0,0,0,-,-,-,-
TXO,202609W4,20260923.0,47900.0,Call,39,67,39,41.5,46,▲+7,▲+20.29%,2,10,12,22,19,-,535,39
TXO,202609W4,20260923.0,47900.0,Put,-,-,-,-,2030,-,-,0,0,0,0,-,-,-,-
TXO,202609W4,20260923.0,47950.0,Call,-,-,-,-,43,-,-,0,0,0,1,42,43.5,214,214
TXO,202609W4,20260923.0,47950.0,Put,-,-,-,-,2070,-,-,0,0,0,0,2060,2090,-,-
TXO,202609W4,20260923.0,48000.0,Call,34.5,60,32,36.5,40.5,▲+5,▲+15.87%,30,122,152,157,36.5,50,605,31
TXO,202609W4,20260923.0,48000.0,Put,2240,2240,2240,2240,2120,▼-200,▼-8.20%,0,1,1,1,2040,-,2240,2240
TXO,202609W4,20260923.0,48050.0,Call,32,48,31.5,31.5,38,▲+3,▲+10.53%,5,4,9,7,37,38,142,30
TXO,202609W4,20260923.0,48050.0,Put,-,-,-,-,2170,-,-,0,0,0,0,-,-,-,-
TXO,202609W4,20260923.0,48100.0,Call,30,48.5,28.5,33,33,▲+6,▲+22.22%,6,63,69,29,34.5,35.5,394,27
TXO,202609W4,20260923.0,48100.0,Put,-,-,-,-,2220,-,-,0,0,0,0,-,-,-,-
TXO,202609W4,20260923.0,48150.0,Call,30,30,30,30,33,▲+4.5,▲+17.65%,0,10,10,10,32.5,33.5,590,30
TXO,202609W4,20260923.0,48150.0,Put,-,-,-,-,2260,-,-,0,0,0,0,-,-,-,-
TXO,202609W4,20260923.0,48200.0,Call,28.5,43,25,28.5,31,▲+4.5,▲+18.75%,5,21,26,62,17.5,-,461,25
TXO,202609W4,20260923.0,48200.0,Put,-,-,-,-,2310,-,-,0,0,0,0,2300,-,-,-
TXO,202609W4,20260923.0,48250.0,Call,30.5,39,24.5,24.5,29,▲+0.5,▲+2.08%,1,8,9,10,28.5,29.5,475,24
TXO,202609W4,20260923.0,48250.0,Put,-,-,-,-,2360,-,-,0,0,0,0,-,2370,-,-
TXO,202609W4,20260923.0,48300.0,Call,28.5,36.5,22,23.5,27,▲+2,▲+9.30%,0,14,14,9,18,-,159,22
TXO,202609W4,20260923.0,48300.0,Put,-,-,-,-,2410,-,-,0,0,0,0,-,2420,-,-
TXO,202609W4,20260923.0,48350.0,Call,-,-,-,-,25.5,-,-,0,0,0,29,0.5,-,450,25.5
TXO,202609W4,20260923.0,48350.0,Put,-,-,-,-,2460,-,-,0,0,0,0,2440,-,-,-
TXO,202609W4,20260923.0,48400.0,Call,25.5,36.5,21,21,24,▲+1.5,▲+7.69%,0,9,9,15,23.5,24.5,425,21
TXO,202609W4,20260923.0,48400.0,Put,-,-,-,-,2510,-,-,0,0,0,0,2490,2520,-,-
TXO,202609W4,20260923.0,48450.0,Call,21.5,22,19.5,22,22,▲+3.5,▲+18.92%,2,4,6,8,22,23,450,19
TXO,202609W4,20260923.0,48450.0,Put,-,-,-,-,2550,-,-,0,0,0,0,2540,2570,-,-
TXO,202609W4,20260923.0,48500.0,Call,20,32,18,21,21,▲+3.5,▲+20.00%,4,214,218,208,20.5,21.5,441,18
TXO,202609W4,20260923.0,48500.0,Put,2700,2700,2700,2700,2600,▼-230,▼-7.85%,0,1,1,1,2590,2730,2700,2700
TXO,202609W4,20260923.0,48550.0,Call,18.5,18.5,17.5,17.5,20,0,0%,1,5,6,2,0.5,-,20.5,17.5
TXO,202609W4,20260923.0,48550.0,Put,-,-,-,-,2650,-,-,0,0,0,0,2640,-,-,-
TXO,202609W4,20260923.0,48600.0,Call,18,19,16.5,16.5,16.5,▲+0.5,▲+3.13%,2,16,18,14,0.5,117,331,16.5
TXO,202609W4,20260923.0,48600.0,Put,-,-,-,-,2700,-,-,0,0,0,0,2690,-,-,-
TXO,202609W4,20260923.0,48700.0,Call,18.5,25,14.5,15.5,15.5,0,0%,1,10,11,17,16,17,365,14.5
TXO,202609W4,20260923.0,48700.0,Put,-,-,-,-,2800,-,-,0,0,0,0,2,-,-,-
TXO,202609W4,20260923.0,48800.0,Call,15,18.5,13,13.5,13.5,▼-0.5,▼-3.57%,0,15,15,2,14,15,188,13
TXO,202609W4,20260923.0,48800.0,Put,-,-,-,-,2900,-,-,0,0,0,0,-,-,-,-
TXO,202609W4,20260923.0,48900.0,Call,19.5,19.5,19.5,19.5,13.5,▲+7,▲+56.00%,0,1,1,2,13,13.5,250,19.5
TXO,202609W4,20260923.0,48900.0,Put,-,-,-,-,2990,-,-,0,0,0,0,2,-,-,-
TXO,202609W4,20260923.0,49000.0,Call,14,16,10.5,10.5,12,▼-2,▼-16.00%,2,47,49,57,0.7,13.5,291,10.5
TXO,202609W4,20260923.0,49000.0,Put,-,-,-,-,3090,-,-,0,0,0,0,-,-,-,-
TXO,202609W4,20260923.0,49100.0,Call,13,13,9.5,9.5,11,▼-1,▼-9.52%,0,4,4,4,10.5,11,134,9.5
TXO,202609W4,20260923.0,49100.0,Put,-,-,-,-,3190,-,-,0,0,0,0,-,3240,-,-
TXO,202609W4,20260923.0,49200.0,Call,12.5,15.5,8.7,8.9,8.9,▼-1.6,▼-15.24%,0,7,7,6,0.6,-,75,8.7
TXO,202609W4,20260923.0,49200.0,Put,-,-,-,-,3290,-,-,0,0,0,0,3280,3300,-,-
TXO,202609W4,20260923.0,49300.0,Call,11.5,14,8,8,8.9,▼-1.6,▼-16.67%,0,10,10,5,8.5,9,243,8
TXO,202609W4,20260923.0,49300.0,Put,-,-,-,-,3390,-,-,0,0,0,0,-,3440,-,-
TXO,202609W4,20260923.0,49400.0,Call,-,-,-,-,8.2,-,-,0,0,0,6,7.8,8.2,225,15
TXO,202609W4,20260923.0,49400.0,Put,-,-,-,-,3490,-,-,0,0,0,0,-,-,-,-
TXO,202609W4,20260923.0,49500.0,Call,9,11,9,11,7.5,▲+2.7,▲+32.53%,63,3,66,13,7.1,7.5,206,9
TXO,202609W4,20260923.0,49500.0,Put,-,-,-,-,3590,-,-,0,0,0,0,3570,-,-,-
TXO,202609W4,20260923.0,49600.0,Call,-,-,-,-,7,-,-,0,0,0,16,0.7,-,189,8.5
TXO,202609W4,20260923.0,49600.0,Put,-,-,-,-,3690,-,-,0,0,0,0,-,-,-,-
TXO,202609W4,20260923.0,49700.0,Call,9,9,9,9,6.4,▲+1.5,▲+20.00%,1,4,5,4,0.6,-,180,9
TXO,202609W4,20260923.0,49700.0,Put,-,-,-,-,3790,-,-,0,0,0,0,-,-,-,-
TXO,202609W4,20260923.0,49800.0,Call,7,7,7,7,6,▼-0.2,▼-2.78%,0,2,2,4,0.8,107,165,7
TXO,202609W4,20260923.0,49800.0,Put,-,-,-,-,3890,-,-,0,0,0,0,-,3940,-,-
TXO,202609W4,20260923.0,49900.0,Call,9,9,9,9,5.6,▲+1.9,▲+26.76%,0,1,1,177,0.6,-,58,7.4
TXO,202609W4,20260923.0,49900.0,Put,-,-,-,-,3990,-,-,0,0,0,0,-,-,-,-
TXO,202609W4,20260923.0,50000.0,Call,7.7,9,6.5,6.5,5.2,▼-0.3,▼-4.41%,0,15,15,69,4.8,5.3,126,6.5
TXO,202609W4,20260923.0,50000.0,Put,-,-,-,-,4090,-,-,0,0,0,0,-,-,-,-
TXO,202609W4,20260923.0,50100.0,Call,5.9,5.9,5.9,5.9,4.8,▼-0.6,▼-9.23%,0,4,4,1,4.4,4.9,103,5.9
TXO,202609W4,20260923.0,50100.0,Put,-,-,-,-,4190,-,-,0,0,0,0,-,-,-,-
TXO,202609W4,20260923.0,50200.0,Call,-,-,-,-,4.5,-,-,0,0,0,1,4.1,4.6,22.5,10.5
TXO,202609W4,20260923.0,50200.0,Put,-,-,-,-,4290,-,-,0,0,0,0,-,4340,-,-
TXO,202609W4,20260923.0,50300.0,Call,6.4,6.4,6.4,6.4,4.3,▲+0.6,▲+10.34%,1,2,3,6,3.9,4.3,72,6.4
TXO,202609W4,20260923.0,50300.0,Put,-,-,-,-,4380,-,-,0,0,0,0,-,-,-,-
TXO,202609W4,20260923.0,50400.0,Call,5.3,5.3,5.3,5.3,4,▼-0.3,▼-5.36%,0,3,3,1,3.6,4.1,71,5.3
TXO,202609W4,20260923.0,50400.0,Put,-,-,-,-,4480,-,-,0,0,0,0,-,4500,-,-
TXO,202609W4,20260923.0,50500.0,Call,6,6,5.1,5.1,3.8,▼-0.3,▼-5.56%,0,4,4,10,3.4,3.9,79,5.1
TXO,202609W4,20260923.0,50500.0,Put,-,-,-,-,4580,-,-,0,0,0,0,-,4620,-,-
TXO,202609W4,20260923.0,50600.0,Call,5,5,5,5,3.6,▼-0.3,▼-5.66%,0,2,2,5,0.7,-,72,5
TXO,202609W4,20260923.0,50600.0,Put,-,-,-,-,4680,-,-,0,0,0,0,-,4740,-,-
TXO,202609W4,20260923.0,50700.0,Call,-,-,-,-,3.4,-,-,0,0,0,4,3,3.5,66,5.7
TXO,202609W4,20260923.0,50700.0,Put,-,-,-,-,4780,-,-,0,0,0,0,-,-,-,-
TXO,202609W4,20260923.0,50800.0,Call,5.2,5.6,5.1,5.1,3.2,▲+0.1,▲+2.00%,0,7,7,9,0.7,-,40,5.1
TXO,202609W4,20260923.0,50800.0,Put,-,-,-,-,4880,-,-,0,0,0,0,-,4920,-,-
TXO,202609W4,20260923.0,50900.0,Call,-,-,-,-,3.1,-,-,0,0,0,0,2.7,3.2,-,-
TXO,202609W4,20260923.0,50900.0,Put,-,-,-,-,4980,-,-,0,0,0,0,-,5040,-,-
TXO,202609W4,20260923.0,51000.0,Call,4.3,4.3,4.3,4.3,2.9,▼-0.3,▼-6.52%,0,1,1,1,2.5,3.1,39,4.3
TXO,202609W4,20260923.0,51000.0,Put,-,-,-,-,5080,-,-,0,0,0,0,-,-,-,-
TXO,202609W4,20260923.0,51100.0,Call,-,-,-,-,2.7,-,-,0,0,0,1,2.3,2.8,35,35
TXO,202609W4,20260923.0,51100.0,Put,-,-,-,-,5180,-,-,0,0,0,0,-,-,-,-
TXO,202609W4,20260923.0,51200.0,Call,4.1,4.1,4.1,4.1,2.4,▼-0.3,▼-6.82%,0,4,4,3,-,105,33,4.1
TXO,202609W4,20260923.0,51200.0,Put,-,-,-,-,5280,-,-,0,0,0,0,-,5340,-,-
TXO,202609W4,20260923.0,51300.0,Call,-,-,-,-,2.4,-,-,0,0,0,2,-,-,21.5,7
TXO,202609W4,20260923.0,51300.0,Put,-,-,-,-,5380,-,-,0,0,0,0,-,-,-,-
TXO,202609W4,20260923.0,51400.0,Call,4.5,4.5,4.5,4.5,2.2,▲+0.3,▲+7.14%,0,1,1,1,1.9,2.4,13,4.5
TXO,202609W4,20260923.0,51400.0,Put,-,-,-,-,5480,-,-,0,0,0,0,-,5540,-,-
TXO,202609W4,20260923.0,51500.0,Call,3.9,3.9,3.9,3.9,2.1,▼-0.2,▼-4.88%,0,1,1,1,1.7,2.3,3.9,3.9
TXO,202609W4,20260923.0,51500.0,Put,-,-,-,-,5580,-,-,0,0,0,0,-,-,-,-
TXO,202609W4,20260923.0,51600.0,Call,3.8,3.8,3.8,3.8,1.9,▼-0.2,▼-5.00%,0,1,1,1,1.6,2.1,3.8,3.8
TXO,202609W4,20260923.0,51600.0,Put,-,-,-,-,5680,-,-,0,0,0,0,-,-,-,-
TXO,202609W4,20260923.0,51700.0,Call,3.9,3.9,3.9,3.9,1.8,▲+0.1,▲+2.63%,0,1,1,4,0.3,104,6.1,3.9
TXO,202609W4,20260923.0,51700.0,Put,-,-,-,-,5780,-,-,0,0,0,0,-,5830,-,-
TXO,202609W4,20260923.0,51800.0,Call,3.7,3.7,3.7,3.7,1.7,0,0%,0,2,2,3,-,104,20,3.7
TXO,202609W4,20260923.0,51800.0,Put,-,-,-,-,5880,-,-,0,0,0,0,-,-,-,-
TXO,202609W4,20260923.0,51900.0,Call,3.6,3.6,3.6,3.6,1.6,▼-0.1,▼-2.70%,0,1,1,9,1.3,1.8,24,3.6
TXO,202609W4,20260923.0,51900.0,Put,-,-,-,-,5980,-,-,0,0,0,0,-,-,-,-
TXO,202609W4,20260923.0,52000.0,Call,4.6,4.7,1.2,1.3,1.3,▼-2.4,▼-64.86%,11,1032,1043,913,1.2,1.3,12.5,1.2
TXO,202609W4,20260923.0,52000.0,Put,-,-,-,-,6080,-,-,0,0,0,0,-,6140,-,-
TXO,202609F4,20260929.0,40900.0,Call,-,-,-,-,5130,-,-,0,0,0,0,5080,-,-,-
TXO,202609F4,20260929.0,40900.0,Put,43,43,30.5,31.5,31,▼-20.5,▼-39.42%,0,24,24,24,0.2,40,43,30.5
TXO,202609F4,20260929.0,41000.0,Call,-,-,-,-,5030,-,-,0,0,0,0,5010,5050,-,-
TXO,202609F4,20260929.0,41000.0,Put,38,38,31,31,32,▼-23,▼-42.59%,0,6,6,5,32,33,38,31
TXO,202609F4,20260929.0,41100.0,Call,-,-,-,-,4930,-,-,0,0,0,0,4880,-,-,-
TXO,202609F4,20260929.0,41100.0,Put,-,-,-,-,33.5,-,-,0,0,0,0,0.2,-,-,-
TXO,202609F4,20260929.0,41200.0,Call,-,-,-,-,4840,-,-,0,0,0,0,4820,-,-,-
TXO,202609F4,20260929.0,41200.0,Put,51,51,34.5,36,36,▼-26,▼-41.94%,30,32,62,40,35,36,65,34.5
TXO,202609F4,20260929.0,41300.0,Call,-,-,-,-,4740,-,-,0,0,0,0,4680,-,-,-
TXO,202609F4,20260929.0,41300.0,Put,41,41,41,41,37,▼-23,▼-35.94%,0,1,1,1,-,-,41,41
TXO,202609F4,20260929.0,41400.0,Call,-,-,-,-,4640,-,-,0,0,0,0,4610,-,-,-
TXO,202609F4,20260929.0,41400.0,Put,-,-,-,-,38,-,-,0,0,0,1,38,39,67,67
TXO,202609F4,20260929.0,41500.0,Call,-,-,-,-,4540,-,-,0,0,0,0,-,4560,-,-
TXO,202609F4,20260929.0,41500.0,Put,56,56,40,40,40,▼-31,▼-43.66%,0,9,9,21,39.5,40.5,106,40
TXO,202609F4,20260929.0,41600.0,Call,-,-,-,-,4440,-,-,0,0,0,0,-,-,-,-
TXO,202609F4,20260929.0,41600.0,Put,-,-,-,-,41,-,-,0,0,0,0,20,-,-,-
TXO,202609F4,20260929.0,41700.0,Call,-,-,-,-,4340,-,-,0,0,0,0,4330,4360,-,-
TXO,202609F4,20260929.0,41700.0,Put,-,-,-,-,43,-,-,0,0,0,1,43,44.5,100,100
TXO,202609F4,20260929.0,41800.0,Call,-,-,-,-,4250,-,-,0,0,0,0,4230,-,-,-
TXO,202609F4,20260929.0,41800.0,Put,-,-,-,-,44.5,-,-,0,0,0,0,20,-,-,-
TXO,202609F4,20260929.0,41900.0,Call,-,-,-,-,4150,-,-,0,0,0,0,-,-,-,-
TXO,202609F4,20260929.0,41900.0,Put,-,-,-,-,47.5,-,-,0,0,0,0,47.5,48.5,-,-
TXO,202609F4,20260929.0,42000.0,Call,-,-,-,-,4050,-,-,0,0,0,0,4000,-,-,-
TXO,202609F4,20260929.0,42000.0,Put,78,79,49.5,49.5,49.5,▼-47.5,▼-48.97%,1,13,14,14,44,66,112,49.5
TXO,202609F4,20260929.0,42100.0,Call,-,-,-,-,3950,-,-,0,0,0,0,3900,-,-,-
TXO,202609F4,20260929.0,42100.0,Put,-,-,-,-,52,-,-,2,0,2,6,40,158,150,89
TXO,202609F4,20260929.0,42200.0,Call,-,-,-,-,3860,-,-,0,0,0,0,-,-,-,-
TXO,202609F4,20260929.0,42200.0,Put,61,61,61,61,55,▼-42,▼-40.78%,2,2,4,39,40,61,210,61
TXO,202609F4,20260929.0,42300.0,Call,-,-,-,-,3760,-,-,0,0,0,0,3710,-,-,-
TXO,202609F4,20260929.0,42300.0,Put,-,-,-,-,58,-,-,1,0,1,16,40,-,142,104
TXO,202609F4,20260929.0,42400.0,Call,-,-,-,-,3660,-,-,0,0,0,0,3610,-,-,-
TXO,202609F4,20260929.0,42400.0,Put,84,84,84,84,62,▼-32,▼-27.59%,0,5,5,17,40,168,158,84
TXO,202609F4,20260929.0,42500.0,Call,-,-,-,-,3570,-,-,0,0,0,0,-,3590,-,-
TXO,202609F4,20260929.0,42500.0,Put,83,83,66,66,66,▼-61,▼-48.03%,3,13,16,25,-,-,161,66
TXO,202609F4,20260929.0,42600.0,Call,-,-,-,-,3470,-,-,0,0,0,0,3420,-,-,-
TXO,202609F4,20260929.0,42600.0,Put,70,70,70,70,70,▼-61,▼-46.56%,0,1,1,6,69,71,136,70
TXO,202609F4,20260929.0,42700.0,Call,-,-,-,-,3370,-,-,0,0,0,0,-,3390,-,-
TXO,202609F4,20260929.0,42700.0,Put,74,74,74,74,74,▼-70,▼-48.61%,0,1,1,8,73,75,180,74
TXO,202609F4,20260929.0,42800.0,Call,-,-,-,-,3280,-,-,0,0,0,0,-,3300,3670,3670
TXO,202609F4,20260929.0,42800.0,Put,-,-,-,-,78,-,-,0,0,0,2,78,80,150,150
TXO,202609F4,20260929.0,42900.0,Call,-,-,-,-,3180,-,-,0,0,0,0,3150,-,-,-
TXO,202609F4,20260929.0,42900.0,Put,-,-,-,-,83,-,-,0,0,0,3,83,85,198,131
TXO,202609F4,20260929.0,43000.0,Call,-,-,-,-,3090,-,-,0,0,0,0,-,-,-,-
TXO,202609F4,20260929.0,43000.0,Put,152,152,89,89,89,▼-79,▼-47.02%,1,15,16,13,50,-,298,89
TXO,202609F4,20260929.0,43100.0,Call,-,-,-,-,3000,-,-,0,0,0,0,-,-,-,-
TXO,202609F4,20260929.0,43100.0,Put,-,-,-,-,94,-,-,0,0,0,5,2.2,-,246,246
TXO,202609F4,20260929.0,43200.0,Call,-,-,-,-,2900,-,-,0,0,0,0,2890,2920,-,-
TXO,202609F4,20260929.0,43200.0,Put,133,133,133,133,101,▼-57,▼-30.00%,0,1,1,5,101,103,256,133
TXO,202609F4,20260929.0,43300.0,Call,-,-,-,-,2810,-,-,0,0,0,0,2760,-,-,-
TXO,202609F4,20260929.0,43300.0,Put,182,182,182,182,108,▼-21,▼-10.34%,0,1,1,2,-,-,182,175
TXO,202609F4,20260929.0,43400.0,Call,-,-,-,-,2720,-,-,0,0,0,0,-,2740,-,-
TXO,202609F4,20260929.0,43400.0,Put,159,159,122,122,122,▼-96,▼-44.04%,0,3,3,3,116,119,289,122
TXO,202609F4,20260929.0,43500.0,Call,-,-,-,-,2630,-,-,0,0,0,0,2590,-,-,-
TXO,202609F4,20260929.0,43500.0,Put,169,169,169,169,124,▼-61,▼-26.52%,0,1,1,15,5.4,176,267,169
TXO,202609F4,20260929.0,43600.0,Call,-,-,-,-,2530,-,-,0,0,0,0,2520,2550,-,-
TXO,202609F4,20260929.0,43600.0,Put,-,-,-,-,133,-,-,0,0,0,2,133,136,354,200
TXO,202609F4,20260929.0,43700.0,Call,-,-,-,-,2440,-,-,0,0,0,0,2430,2460,-,-
TXO,202609F4,20260929.0,43700.0,Put,-,-,-,-,143,-,-,0,0,0,0,14,-,-,-
TXO,202609F4,20260929.0,43800.0,Call,-,-,-,-,2360,-,-,0,0,0,0,-,-,-,-
TXO,202609F4,20260929.0,43800.0,Put,-,-,-,-,154,-,-,0,0,0,0,154,157,-,-
TXO,202609F4,20260929.0,43900.0,Call,-,-,-,-,2270,-,-,0,0,0,0,2220,-,-,-
TXO,202609F4,20260929.0,43900.0,Put,-,-,-,-,165,-,-,0,0,0,0,165,168,-,-
TXO,202609F4,20260929.0,44000.0,Call,-,-,-,-,2180,-,-,0,0,0,0,2170,2200,-,-
TXO,202609F4,20260929.0,44000.0,Put,276,277,180,180,180,▼-136,▼-43.04%,0,23,23,27,178,183,555,180
TXO,202609F4,20260929.0,44100.0,Call,-,-,-,-,2090,-,-,0,0,0,0,-,2110,-,-
TXO,202609F4,20260929.0,44100.0,Put,-,-,-,-,192,-,-,0,0,0,0,192,197,-,-
TXO,202609F4,20260929.0,44150.0,Call,-,-,-,-,2050,-,-,0,0,0,0,-,-,-,-
TXO,202609F4,20260929.0,44150.0,Put,-,-,-,-,199,-,-,0,0,0,0,199,203,-,-
TXO,202609F4,20260929.0,44200.0,Call,-,-,-,-,2010,-,-,0,0,0,0,-,2030,-,-
TXO,202609F4,20260929.0,44200.0,Put,-,-,-,-,207,-,-,1,0,1,4,205,210,387,325
TXO,202609F4,20260929.0,44250.0,Call,-,-,-,-,1970,-,-,0,0,0,0,-,-,-,-
TXO,202609F4,20260929.0,44250.0,Put,-,-,-,-,215,-,-,0,0,0,0,214,219,-,-
TXO,202609F4,20260929.0,44300.0,Call,-,-,-,-,1930,-,-,0,0,0,0,1910,-,1900,1800
TXO,202609F4,20260929.0,44300.0,Put,-,-,-,-,224,-,-,1,0,1,1,222,227,418,418
TXO,202609F4,20260929.0,44350.0,Call,-,-,-,-,1880,-,-,0,0,0,0,1850,-,-,-
TXO,202609F4,20260929.0,44350.0,Put,-,-,-,-,232,-,-,0,0,0,0,231,236,-,-
TXO,202609F4,20260929.0,44400.0,Call,1650,1650,1650,1650,1840,▲+20,▲+1.23%,0,1,1,1,-,1920,1650,1650
TXO,202609F4,20260929.0,44400.0,Put,326,326,262,262,241,▼-145,▼-35.63%,0,2,2,2,166,-,326,262
TXO,202609F4,20260929.0,44450.0,Call,-,-,-,-,1800,-,-,0,0,0,0,-,1820,-,-
TXO,202609F4,20260929.0,44450.0,Put,-,-,-,-,250,-,-,0,0,0,0,176,-,-,-
TXO,202609F4,20260929.0,44500.0,Call,-,-,-,-,1760,-,-,0,0,0,0,-,1780,-,-
TXO,202609F4,20260929.0,44500.0,Put,-,-,-,-,260,-,-,1,0,1,2,186,362,455,296
TXO,202609F4,20260929.0,44550.0,Call,-,-,-,-,1720,-,-,0,0,0,0,1710,1740,-,-
TXO,202609F4,20260929.0,44550.0,Put,-,-,-,-,270,-,-,0,0,0,0,197,-,-,-
TXO,202609F4,20260929.0,44600.0,Call,-,-,-,-,1680,-,-,0,0,0,0,1670,1700,-,-
TXO,202609F4,20260929.0,44600.0,Put,-,-,-,-,280,-,-,0,0,0,0,208,-,-,-
TXO,202609F4,20260929.0,44650.0,Call,-,-,-,-,1640,-,-,0,0,0,0,1630,-,-,-
TXO,202609F4,20260929.0,44650.0,Put,-,-,-,-,290,-,-,0,0,0,0,289,294,-,-
TXO,202609F4,20260929.0,44700.0,Call,-,-,-,-,1600,-,-,0,0,0,0,-,-,-,-
TXO,202609F4,20260929.0,44700.0,Put,390,400,297,310,310,▼-178,▼-36.48%,3,8,11,31,300,305,605,283
TXO,202609F4,20260929.0,44750.0,Call,-,-,-,-,1570,-,-,0,0,0,0,1550,-,-,-
TXO,202609F4,20260929.0,44750.0,Put,-,-,-,-,313,-,-,0,0,0,0,166,-,-,-
TXO,202609F4,20260929.0,44800.0,Call,-,-,-,-,1530,-,-,0,0,0,1,-,1540,1460,1460
TXO,202609F4,20260929.0,44800.0,Put,-,-,-,-,324,-,-,0,0,0,10,178,-,670,395
TXO,202609F4,20260929.0,44850.0,Call,-,-,-,-,1490,-,-,0,0,0,0,-,1510,-,-
TXO,202609F4,20260929.0,44850.0,Put,-,-,-,-,335,-,-,0,0,0,0,333,339,-,-
TXO,202609F4,20260929.0,44900.0,Call,-,-,-,-,1450,-,-,0,0,0,0,-,-,-,-
TXO,202609F4,20260929.0,44900.0,Put,-,-,-,-,348,-,-,0,0,0,1,347,353,443,375
TXO,202609F4,20260929.0,44950.0,Call,-,-,-,-,1410,-,-,0,0,0,0,-,-,-,-
TXO,202609F4,20260929.0,44950.0,Put,-,-,-,-,362,-,-,0,0,0,5,360,366,665,665
TXO,202609F4,20260929.0,45000.0,Call,1230,1230,1230,1230,1380,▲+20,▲+1.65%,0,1,1,1,1370,1390,1230,1230
TXO,202609F4,20260929.0,45000.0,Put,505,505,487,487,376,▼-98,▼-16.75%,12,2,14,41,373,379,750,348
TXO,202609F4,20260929.0,45050.0,Call,-,-,-,-,1340,-,-,0,0,0,0,1330,1350,-,-
TXO,202609F4,20260929.0,45050.0,Put,384,384,384,384,384,▼-216,▼-36.00%,0,1,1,5,387,394,700,384
TXO,202609F4,20260929.0,45100.0,Call,-,-,-,-,1310,-,-,0,0,0,0,1300,1320,-,-
TXO,202609F4,20260929.0,45100.0,Put,400,413,400,413,413,▼-207,▼-33.39%,0,2,2,5,400,407,720,400
TXO,202609F4,20260929.0,45150.0,Call,-,-,-,-,1270,-,-,0,0,0,0,-,-,-,-
TXO,202609F4,20260929.0,45150.0,Put,-,-,-,-,418,-,-,0,0,0,5,416,422,810,740
TXO,202609F4,20260929.0,45200.0,Call,-,-,-,-,1240,-,-,0,0,0,1,1230,1250,1210,1210
TXO,202609F4,20260929.0,45200.0,Put,-,-,-,-,434,-,-,0,0,0,6,431,438,760,590
TXO,202609F4,20260929.0,45250.0,Call,-,-,-,-,1200,-,-,0,0,0,0,1190,1210,-,-
TXO,202609F4,20260929.0,45250.0,Put,-,-,-,-,450,-,-,0,0,0,5,444,451,780,780
TXO,202609F4,20260929.0,45300.0,Call,1090,1090,1090,1090,1170,▲+70,▲+6.86%,0,1,1,1,1150,1210,1090,1090
TXO,202609F4,20260929.0,45300.0,Put,590,590,590,590,465,▼-105,▼-15.11%,0,1,1,35,460,467,805,412
TXO,202609F4,20260929.0,45350.0,Call,-,-,-,-,1130,-,-,0,0,0,0,-,-,-,-
TXO,202609F4,20260929.0,45350.0,Put,-,-,-,-,480,-,-,0,0,0,5,25.5,605,825,825
TXO,202609F4,20260929.0,45400.0,Call,-,-,-,-,1100,-,-,0,0,0,1,-,-,920,920
TXO,202609F4,20260929.0,45400.0,Put,-,-,-,-,498,-,-,0,0,0,5,43.5,-,845,845
TXO,202609F4,20260929.0,45450.0,Call,-,-,-,-,1070,-,-,0,0,0,0,1060,1080,-,-
TXO,202609F4,20260929.0,45450.0,Put,-,-,-,-,515,-,-,0,0,0,5,-,665,870,870
TXO,202609F4,20260929.0,45500.0,Call,-,-,-,-,1040,-,-,0,0,0,1,1030,1050,900,900
TXO,202609F4,20260929.0,45500.0,Put,540,540,540,540,540,▼-240,▼-30.77%,0,1,1,5,530,540,890,540
TXO,202609F4,20260929.0,45550.0,Call,-,-,-,-,1000,-,-,0,0,0,0,-,-,-,-
TXO,202609F4,20260929.0,45550.0,Put,-,-,-,-,550,-,-,0,0,0,4,550,560,915,570
TXO,202609F4,20260929.0,45600.0,Call,-,-,-,-,975,-,-,0,0,0,6,-,1070,945,885
TXO,202609F4,20260929.0,45600.0,Put,-,-,-,-,570,-,-,0,0,0,6,-,-,935,745
TXO,202609F4,20260929.0,45650.0,Call,825,825,825,825,945,0,0%,0,1,1,5,940,950,855,825
TXO,202609F4,20260929.0,45650.0,Put,575,575,575,575,590,▼-270,▼-31.95%,0,1,1,1,585,595,575,575
TXO,202609F4,20260929.0,45700.0,Call,785,790,785,790,915,▼-5,▼-0.63%,2,2,4,5,910,920,840,785
TXO,202609F4,20260929.0,45700.0,Put,805,805,630,630,630,▼-240,▼-27.59%,2,3,5,1,605,615,855,630
TXO,202609F4,20260929.0,45750.0,Call,-,-,-,-,885,-,-,0,0,0,7,880,890,805,730
TXO,202609F4,20260929.0,45750.0,Put,720,720,720,720,655,▼-175,▼-19.55%,0,1,1,1,-,-,720,720
TXO,202609F4,20260929.0,45800.0,Call,790,790,790,790,855,▲+45,▲+6.04%,0,1,1,6,850,860,790,780
TXO,202609F4,20260929.0,45800.0,Put,675,675,675,675,675,▼-240,▼-26.23%,0,1,1,3,565,-,675,565
TXO,202609F4,20260929.0,45850.0,Call,-,-,-,-,825,-,-,0,0,0,5,820,835,755,755
TXO,202609F4,20260929.0,45850.0,Put,-,-,-,-,685,-,-,0,0,0,0,670,680,-,-
TXO,202609F4,20260929.0,45900.0,Call,685,685,685,685,800,▼-10,▼-1.44%,0,1,1,6,795,805,960,685
TXO,202609F4,20260929.0,45900.0,Put,900,900,900,900,695,▼-65,▼-6.74%,0,1,1,2,690,700,910,900
TXO,202609F4,20260929.0,45950.0,Call,-,-,-,-,770,-,-,0,0,0,5,765,780,915,710
TXO,202609F4,20260929.0,45950.0,Put,-,-,-,-,720,-,-,0,0,0,0,-,-,-,-
TXO,202609F4,20260929.0,46000.0,Call,635,635,635,635,745,▲+5,▲+0.79%,0,1,1,9,740,750,750,630
TXO,202609F4,20260929.0,46000.0,Put,-,-,-,-,740,-,-,0,0,0,2,650,875,1030,900
TXO,202609F4,20260929.0,46050.0,Call,-,-,-,-,720,-,-,0,0,0,5,620,815,665,665
TXO,202609F4,20260929.0,46050.0,Put,-,-,-,-,765,-,-,0,0,0,0,760,770,-,-
TXO,202609F4,20260929.0,46100.0,Call,620,650,620,650,690,▲+50,▲+8.33%,0,3,3,8,690,700,650,620
TXO,202609F4,20260929.0,46100.0,Put,-,-,-,-,790,-,-,0,0,0,0,785,795,-,-
TXO,202609F4,20260929.0,46150.0,Call,605,655,605,655,655,▲+75,▲+12.93%,0,2,2,7,-,760,655,605
TXO,202609F4,20260929.0,46150.0,Put,950,950,835,835,835,▼-265,▼-24.09%,0,10,10,0,-,-,950,835
TXO,202609F4,20260929.0,46200.0,Call,565,565,565,565,640,▲+5,▲+0.89%,0,1,1,2,30,-,700,565
TXO,202609F4,20260929.0,46200.0,Put,1050,1050,1050,1050,840,▼-80,▼-7.08%,0,1,1,1,835,845,1120,770
TXO,202609F4,20260929.0,46250.0,Call,-,-,-,-,620,-,-,0,0,0,1,-,1300,985,680
TXO,202609F4,20260929.0,46250.0,Put,885,885,885,885,885,▼-275,▼-23.71%,0,5,5,0,-,-,1150,885
TXO,202609F4,20260929.0,46300.0,Call,485,485,485,485,595,▼-30,▼-5.83%,1,1,2,3,590,600,1030,479
TXO,202609F4,20260929.0,46300.0,Put,865,865,865,865,890,▼-325,▼-27.31%,0,1,1,2,-,1000,1300,865
TXO,202609F4,20260929.0,46350.0,Call,510,510,510,510,570,▲+14,▲+2.82%,0,5,5,0,-,-,510,510
TXO,202609F4,20260929.0,46350.0,Put,-,-,-,-,920,-,-,0,0,0,0,910,925,-,-
TXO,202609F4,20260929.0,46400.0,Call,-,-,-,-,550,-,-,0,0,0,1,384,-,520,490
TXO,202609F4,20260929.0,46400.0,Put,-,-,-,-,945,-,-,0,0,0,0,940,950,-,-
TXO,202609F4,20260929.0,46450.0,Call,-,-,-,-,530,-,-,0,0,0,0,-,-,-,-
TXO,202609F4,20260929.0,46450.0,Put,-,-,-,-,975,-,-,0,0,0,0,965,980,-,-
TXO,202609F4,20260929.0,46500.0,Call,464,570,464,570,505,▲+131,▲+29.84%,2,3,5,11,500,510,800,440
TXO,202609F4,20260929.0,46500.0,Put,1150,1150,1150,1150,1000,▼-160,▼-12.21%,0,1,1,3,995,1010,1280,1150
TXO,202609F4,20260929.0,46550.0,Call,410,466,410,466,466,▲+45,▲+10.69%,0,4,4,2,324,575,466,410
TXO,202609F4,20260929.0,46550.0,Put,-,-,-,-,1030,-,-,0,0,0,0,1020,1040,-,-
TXO,202609F4,20260929.0,46600.0,Call,450,455,450,455,455,▲+51,▲+12.62%,0,4,4,3,306,555,880,450
TXO,202609F4,20260929.0,46600.0,Put,-,-,-,-,1060,-,-,0,0,0,0,1050,1070,-,-
TXO,202609F4,20260929.0,46650.0,Call,458,520,458,520,444,▲+134,▲+34.72%,0,6,6,3,442,450,905,458
TXO,202609F4,20260929.0,46650.0,Put,-,-,-,-,1090,-,-,0,0,0,0,1080,1100,-,-
TXO,202609F4,20260929.0,46700.0,Call,-,-,-,-,426,-,-,0,0,0,0,274,-,880,420
TXO,202609F4,20260929.0,46700.0,Put,-,-,-,-,1120,-,-,0,0,0,0,1110,1130,-,-
TXO,202609F4,20260929.0,46750.0,Call,-,-,-,-,408,-,-,0,0,0,1,404,411,805,805
TXO,202609F4,20260929.0,46750.0,Put,-,-,-,-,1150,-,-,0,0,0,0,1140,1160,-,-
TXO,202609F4,20260929.0,46800.0,Call,-,-,-,-,390,-,-,0,0,0,3,387,394,810,403
TXO,202609F4,20260929.0,46800.0,Put,1200,1200,1150,1150,1190,▼-360,▼-23.84%,0,2,2,2,1180,1200,1370,1150
TXO,202609F4,20260929.0,46850.0,Call,-,-,-,-,371,-,-,0,0,0,0,367,374,-,-
TXO,202609F4,20260929.0,46850.0,Put,-,-,-,-,1220,-,-,0,0,0,0,1210,1230,-,-
TXO,202609F4,20260929.0,46900.0,Call,349,360,314,314,356,▲+4,▲+1.29%,0,3,3,2,-,-,735,314
TXO,202609F4,20260929.0,46900.0,Put,-,-,-,-,1250,-,-,0,0,0,0,-,-,-,-
TXO,202609F4,20260929.0,46950.0,Call,-,-,-,-,339,-,-,0,0,0,1,192,-,344,344
TXO,202609F4,20260929.0,46950.0,Put,-,-,-,-,1290,-,-,0,0,0,0,-,-,-,-
TXO,202609F4,20260929.0,47000.0,Call,283,283,283,283,324,▼-4,▼-1.39%,0,1,1,6,132,-,735,283
TXO,202609F4,20260929.0,47000.0,Put,-,-,-,-,1320,-,-,0,0,0,1,1090,-,1800,1070
TXO,202609F4,20260929.0,47050.0,Call,-,-,-,-,310,-,-,0,0,0,0,-,-,-,-
TXO,202609F4,20260929.0,47050.0,Put,-,-,-,-,1360,-,-,0,0,0,0,1340,1370,-,-
TXO,202609F4,20260929.0,47100.0,Call,-,-,-,-,296,-,-,0,0,0,1,-,-,301,301
TXO,202609F4,20260929.0,47100.0,Put,-,-,-,-,1390,-,-,0,0,0,0,1370,-,-,-
TXO,202609F4,20260929.0,47150.0,Call,-,-,-,-,282,-,-,0,0,0,1,277,283,288,288
TXO,202609F4,20260929.0,47150.0,Put,-,-,-,-,1430,-,-,0,0,0,0,-,-,-,-
TXO,202609F4,20260929.0,47200.0,Call,259,259,259,259,259,▲+25,▲+10.68%,0,1,1,1,263,269,635,259
TXO,202609F4,20260929.0,47200.0,Put,-,-,-,-,1470,-,-,0,0,0,0,1450,1480,-,-
TXO,202609F4,20260929.0,47250.0,Call,-,-,-,-,256,-,-,0,0,0,0,117,-,-,-
TXO,202609F4,20260929.0,47250.0,Put,1740,1740,1440,1440,1500,▼-400,▼-21.74%,0,21,21,29,1400,1700,1900,1330
TXO,202609F4,20260929.0,47300.0,Call,-,-,-,-,244,-,-,0,0,0,0,239,244,-,-
TXO,202609F4,20260929.0,47300.0,Put,-,-,-,-,1540,-,-,0,0,0,0,1520,1550,-,-
TXO,202609F4,20260929.0,47350.0,Call,-,-,-,-,233,-,-,0,0,0,0,4.1,-,-,-
TXO,202609F4,20260929.0,47350.0,Put,-,-,-,-,1580,-,-,0,0,0,0,-,-,-,-
TXO,202609F4,20260929.0,47400.0,Call,186,186,186,186,221,▼-5,▼-2.62%,0,1,1,1,217,222,186,186
TXO,202609F4,20260929.0,47400.0,Put,-,-,-,-,1620,-,-,0,0,0,0,-,-,-,-
TXO,202609F4,20260929.0,47450.0,Call,220,220,175,175,210,▼-7,▼-3.85%,0,4,4,2,206,211,220,175
TXO,202609F4,20260929.0,47450.0,Put,-,-,-,-,1660,-,-,0,0,0,0,-,1690,-,-
TXO,202609F4,20260929.0,47500.0,Call,175,238,175,238,200,▲+64,▲+36.78%,4,2,6,9,90,250,485,155
TXO,202609F4,20260929.0,47500.0,Put,-,-,-,-,1700,-,-,0,0,0,0,-,-,-,-
TXO,202609F4,20260929.0,47550.0,Call,-,-,-,-,189,-,-,0,0,0,0,3.6,-,-,-
TXO,202609F4,20260929.0,47550.0,Put,-,-,-,-,1740,-,-,0,0,0,0,-,1770,-,-
TXO,202609F4,20260929.0,47600.0,Call,-,-,-,-,180,-,-,0,0,0,1,3.5,-,494,494
TXO,202609F4,20260929.0,47600.0,Put,-,-,-,-,1780,-,-,0,0,0,0,-,1790,-,-
TXO,202609F4,20260929.0,47650.0,Call,-,-,-,-,171,-,-,0,0,0,1,168,173,476,476
TXO,202609F4,20260929.0,47650.0,Put,-,-,-,-,1820,-,-,0,0,0,0,-,1850,-,-
TXO,202609F4,20260929.0,47700.0,Call,140,140,140,140,162,▼-2,▼-1.41%,0,1,1,1,3,-,458,140
TXO,202609F4,20260929.0,47700.0,Put,-,-,-,-,1860,-,-,0,0,0,0,-,-,-,-
TXO,202609F4,20260929.0,47750.0,Call,-,-,-,-,154,-,-,0,0,0,1,151,156,442,442
TXO,202609F4,20260929.0,47750.0,Put,-,-,-,-,1900,-,-,0,0,0,0,-,1950,-,-
TXO,202609F4,20260929.0,47800.0,Call,178,178,119,119,146,▼-4,▼-3.25%,0,2,2,4,143,-,426,119
TXO,202609F4,20260929.0,47800.0,Put,-,-,-,-,1940,-,-,0,0,0,0,-,-,-,-
TXO,202609F4,20260929.0,47850.0,Call,-,-,-,-,139,-,-,0,0,0,1,2.6,-,410,410
TXO,202609F4,20260929.0,47850.0,Put,-,-,-,-,1990,-,-,0,0,0,0,-,2020,-,-
TXO,202609F4,20260929.0,47900.0,Call,145,145,145,145,131,▲+30,▲+26.09%,0,1,1,2,2.8,-,395,145
TXO,202609F4,20260929.0,47900.0,Put,-,-,-,-,2030,-,-,0,0,0,0,2010,2040,-,-
TXO,202609F4,20260929.0,47950.0,Call,-,-,-,-,125,-,-,0,0,0,2,2.6,203,379,132
TXO,202609F4,20260929.0,47950.0,Put,-,-,-,-,2070,-,-,0,0,0,0,2050,-,-,-
TXO,202609F4,20260929.0,48000.0,Call,110,125,97,100,119,▼-5,▼-4.76%,7,8,15,10,33,147,368,90
TXO,202609F4,20260929.0,48000.0,Put,-,-,-,-,2120,-,-,0,0,0,0,-,2150,-,-
TXO,202609F4,20260929.0,48050.0,Call,-,-,-,-,113,-,-,0,0,0,1,2.1,-,350,350
TXO,202609F4,20260929.0,48050.0,Put,-,-,-,-,2160,-,-,0,0,0,0,-,-,-,-
TXO,202609F4,20260929.0,48100.0,Call,113,113,102,102,102,▲+9,▲+9.68%,0,2,2,3,2,-,353,102
TXO,202609F4,20260929.0,48100.0,Put,-,-,-,-,2200,-,-,0,0,0,0,-,-,-,-
TXO,202609F4,20260929.0,48150.0,Call,-,-,-,-,99,-,-,0,0,0,3,99,102,324,110
TXO,202609F4,20260929.0,48150.0,Put,-,-,-,-,2250,-,-,0,0,0,0,-,2280,-,-
TXO,202609F4,20260929.0,48200.0,Call,-,-,-,-,96,-,-,0,0,0,2,-,100,163,100
TXO,202609F4,20260929.0,48200.0,Put,-,-,-,-,2290,-,-,0,0,0,0,-,-,-,-
TXO,202609F4,20260929.0,48250.0,Call,81,81,81,81,91,▲+1,▲+1.25%,0,1,1,1,0.1,-,298,81
TXO,202609F4,20260929.0,48250.0,Put,-,-,-,-,2340,-,-,0,0,0,0,-,-,-,-
TXO,202609F4,20260929.0,48300.0,Call,-,-,-,-,87,-,-,0,0,0,1,84,87,286,100
TXO,202609F4,20260929.0,48300.0,Put,-,-,-,-,2380,-,-,0,0,0,0,-,-,-,-
TXO,202609F4,20260929.0,48400.0,Call,89,89,89,89,78,▲+20,▲+28.99%,0,1,1,10,76,78,274,89
TXO,202609F4,20260929.0,48400.0,Put,-,-,-,-,2470,-,-,0,0,0,0,-,-,-,-
TXO,202609F4,20260929.0,48500.0,Call,64,80,63,69,69,▲+9,▲+15.00%,1,8,9,16,68,70,261,60
TXO,202609F4,20260929.0,48500.0,Put,-,-,-,-,2570,-,-,0,0,0,0,-,2580,-,-
TXO,202609F4,20260929.0,48600.0,Call,74,75,74,75,63,▲+19,▲+33.93%,0,2,2,11,61,63,215,67
TXO,202609F4,20260929.0,48600.0,Put,-,-,-,-,2660,-,-,0,0,0,0,-,-,-,-
TXO,202609F4,20260929.0,48700.0,Call,51,70,51,68,57,▲+18,▲+36.00%,0,8,8,8,2.9,147,200,51
TXO,202609F4,20260929.0,48700.0,Put,-,-,-,-,2750,-,-,0,0,0,0,-,-,-,-
TXO,202609F4,20260929.0,48800.0,Call,60,64,42,43.5,51,0,0%,0,22,22,23,49.5,51,186,42
TXO,202609F4,20260929.0,48800.0,Put,-,-,-,-,2850,-,-,0,0,0,0,-,-,-,-
TXO,202609F4,20260929.0,48900.0,Call,47.5,47.5,47.5,47.5,47.5,▲+6.5,▲+15.85%,0,2,2,3,44.5,46,151,41
TXO,202609F4,20260929.0,48900.0,Put,-,-,-,-,2940,-,-,0,0,0,0,-,-,-,-
TXO,202609F4,20260929.0,49000.0,Call,39,48,38,48,42,▲+8,▲+20.00%,4,7,11,14,0.1,135,168,35.5
TXO,202609F4,20260929.0,49000.0,Put,-,-,-,-,3040,-,-,0,0,0,0,-,-,-,-
TXO,202609F4,20260929.0,49100.0,Call,-,-,-,-,38,-,-,0,0,0,1,-,132,130,130
TXO,202609F4,20260929.0,49100.0,Put,-,-,-,-,3130,-,-,0,0,0,0,-,3150,-,-
TXO,202609F4,20260929.0,49200.0,Call,-,-,-,-,34.5,-,-,0,0,0,1,-,-,36,33.5
TXO,202609F4,20260929.0,49200.0,Put,-,-,-,-,3230,-,-,0,0,0,0,-,3280,-,-
TXO,202609F4,20260929.0,49300.0,Call,-,-,-,-,31,-,-,0,0,0,1,30,31,115,115
TXO,202609F4,20260929.0,49300.0,Put,-,-,-,-,3330,-,-,0,0,0,0,-,-,-,-
TXO,202609F4,20260929.0,49400.0,Call,-,-,-,-,28,-,-,0,0,0,2,27,28,105,100
TXO,202609F4,20260929.0,49400.0,Put,-,-,-,-,3420,-,-,0,0,0,0,-,-,-,-
TXO,202609F4,20260929.0,49500.0,Call,21.5,21.5,21.5,21.5,25.5,▼-4,▼-15.69%,0,3,3,6,24.5,25.5,100,21.5
TXO,202609F4,20260929.0,49500.0,Put,-,-,-,-,3520,-,-,0,0,0,0,3500,3530,-,-
TXO,202609F4,20260929.0,49600.0,Call,-,-,-,-,23.5,-,-,0,0,0,2,11.5,120,99,21.5
TXO,202609F4,20260929.0,49600.0,Put,-,-,-,-,3620,-,-,0,0,0,0,-,3670,-,-
TXO,202609F4,20260929.0,49700.0,Call,25,25,25,25,22,▲+4.5,▲+21.95%,0,2,2,3,0.4,-,85,25
TXO,202609F4,20260929.0,49700.0,Put,-,-,-,-,3720,-,-,0,0,0,0,-,3760,-,-
TXO,202609F4,20260929.0,49800.0,Call,17,17,17,17,20,▼-2,▼-10.53%,0,1,1,8,0.1,-,82,17
TXO,202609F4,20260929.0,49800.0,Put,-,-,-,-,3820,-,-,0,0,0,0,-,3830,-,-
TXO,202609F4,20260929.0,49900.0,Call,17.5,18,17.5,18,18,▲+0.5,▲+2.86%,0,2,2,1,17.5,18.5,73,17.5
TXO,202609F4,20260929.0,49900.0,Put,-,-,-,-,3910,-,-,0,0,0,0,-,3960,-,-
TXO,202609F4,20260929.0,50000.0,Call,17,19.5,16,16,17.5,0,0%,5,12,17,106,16,17,71,16
TXO,202609F4,20260929.0,50000.0,Put,-,-,-,-,4010,-,-,0,0,0,0,-,-,-,-
TXO,202609F4,20260929.0,50100.0,Call,-,-,-,-,16,-,-,0,0,0,1,-,-,29.5,29.5
TXO,202609F4,20260929.0,50100.0,Put,-,-,-,-,4110,-,-,0,0,0,0,-,-,-,-
TXO,202609F4,20260929.0,50200.0,Call,-,-,-,-,14.5,-,-,0,0,0,0,0.2,-,-,-
TXO,202609F4,20260929.0,50200.0,Put,-,-,-,-,4210,-,-,0,0,0,0,-,4220,-,-
TXO,202609F4,20260929.0,50300.0,Call,-,-,-,-,13.5,-,-,0,0,0,0,12.5,13.5,-,-
TXO,202609F4,20260929.0,50300.0,Put,-,-,-,-,4310,-,-,0,0,0,0,-,-,-,-
TXO,202609F4,20260929.0,50400.0,Call,-,-,-,-,12.5,-,-,0,0,0,0,0.3,-,-,-
TXO,202609F4,20260929.0,50400.0,Put,-,-,-,-,4410,-,-,0,0,0,0,4390,4420,-,-
TXO,202609F4,20260929.0,50500.0,Call,-,-,-,-,12,-,-,0,0,0,0,11,12,-,-
TXO,202609F4,20260929.0,50500.0,Put,-,-,-,-,4510,-,-,0,0,0,0,-,-,-,-
TXO,202609F4,20260929.0,50600.0,Call,-,-,-,-,11,-,-,0,0,0,0,10.5,11,-,-
TXO,202609F4,20260929.0,50600.0,Put,-,-,-,-,4610,-,-,0,0,0,0,-,4640,-,-
TXO,202609F4,20260929.0,50700.0,Call,-,-,-,-,10.5,-,-,0,0,0,1,-,-,10.5,10.5
TXO,202609F4,20260929.0,50700.0,Put,-,-,-,-,4710,-,-,0,0,0,0,-,4740,-,-
TXO,202609F4,20260929.0,50800.0,Call,-,-,-,-,9.8,-,-,0,0,0,1,9.3,9.8,10,10
TXO,202609F4,20260929.0,50800.0,Put,-,-,-,-,4800,-,-,0,0,0,0,-,-,-,-
TXO,202609F4,20260929.0,50900.0,Call,-,-,-,-,9.5,-,-,0,0,0,3,-,109,29,10
TXO,202609F4,20260929.0,50900.0,Put,-,-,-,-,4900,-,-,0,0,0,0,-,-,-,-
TXO,202609F4,20260929.0,51000.0,Call,9.2,9.2,9.2,9.2,9.2,▲+0.1,▲+1.10%,0,1,1,3,0.5,-,29.5,9.2
TXO,202609F4,20260929.0,51000.0,Put,-,-,-,-,5000,-,-,0,0,0,0,-,5040,-,-
TXO,202609F4,20260929.0,51100.0,Call,-,-,-,-,8.6,-,-,0,0,0,0,0.6,-,-,-
TXO,202609F4,20260929.0,51100.0,Put,-,-,-,-,5100,-,-,0,0,0,0,-,5160,-,-
TXO,202609F4,20260929.0,51200.0,Call,-,-,-,-,8.1,-,-,0,0,0,0,0.6,-,-,-
TXO,202609F4,20260929.0,51200.0,Put,-,-,-,-,5200,-,-,0,0,0,0,-,-,-,-
TXO,202609F4,20260929.0,51300.0,Call,-,-,-,-,7.5,-,-,0,0,0,0,7.2,7.5,-,-
TXO,202609F4,20260929.0,51300.0,Put,-,-,-,-,5300,-,-,0,0,0,0,-,-,-,-
TXO,202609F4,20260929.0,51400.0,Call,-,-,-,-,7.4,-,-,0,0,0,0,-,-,-,-
TXO,202609F4,20260929.0,51400.0,Put,-,-,-,-,5400,-,-,0,0,0,0,-,5460,-,-
TXO,202609F4,20260929.0,51500.0,Call,-,-,-,-,7.1,-,-,0,0,0,0,0.7,-,18,7.6
TXO,202609F4,20260929.0,51500.0,Put,-,-,-,-,5500,-,-,0,0,0,0,-,5520,-,-
TXO,202609F4,20260929.0,51600.0,Call,6.9,6.9,6.9,6.9,6.9,▼-0.5,▼-6.76%,0,1,1,2,6.3,6.7,7.4,6.9
TXO,202609F4,20260929.0,51600.0,Put,-,-,-,-,5600,-,-,0,0,0,0,-,5660,-,-
TXO,202609F4,20260929.0,51700.0,Call,6.9,7.3,6.5,6.9,6.5,▲+0.1,▲+1.47%,33,4,37,3,3.9,-,24.5,1.5
TXO,202609F4,20260929.0,51700.0,Put,-,-,-,-,5700,-,-,0,0,0,0,-,5760,-,-
TXO,202609W5,20260930.0,40900.0,Call,-,-,-,-,5130,-,-,0,0,0,0,-,-,-,-
TXO,202609W5,20260930.0,40900.0,Put,42,42,35,36.5,36.5,▼-20.5,▼-35.96%,0,10,10,8,2.9,45,42,35
TXO,202609W5,20260930.0,41000.0,Call,-,-,-,-,5030,-,-,0,0,0,0,4970,-,-,-
TXO,202609W5,20260930.0,41000.0,Put,-,-,-,-,37,-,-,0,0,0,0,37,38,-,-
TXO,202609W5,20260930.0,41100.0,Call,-,-,-,-,4930,-,-,0,0,0,0,-,-,-,-
TXO,202609W5,20260930.0,41100.0,Put,40,40,40,40,40,▼-23,▼-36.51%,0,1,1,1,38.5,39.5,40,40
TXO,202609W5,20260930.0,41200.0,Call,-,-,-,-,4830,-,-,0,0,0,0,4780,-,-,-
TXO,202609W5,20260930.0,41200.0,Put,41,43.5,39.5,41,41,▼-26,▼-38.81%,0,124,124,124,40.5,72,43.5,39.5
TXO,202609W5,20260930.0,41300.0,Call,-,-,-,-,4730,-,-,0,0,0,0,4720,4760,-,-
TXO,202609W5,20260930.0,41300.0,Put,42,45,41,41,41,▼-29,▼-41.43%,0,51,51,51,42.5,43,45,41
TXO,202609W5,20260930.0,41400.0,Call,-,-,-,-,4630,-,-,0,0,0,0,-,-,-,-
TXO,202609W5,20260930.0,41400.0,Put,51,51,51,51,43.5,▼-23,▼-31.08%,0,6,6,6,43.5,45,51,51
TXO,202609W5,20260930.0,41500.0,Call,-,-,-,-,4540,-,-,0,0,0,0,-,-,-,-
TXO,202609W5,20260930.0,41500.0,Put,63,63,48,48,45.5,▼-31,▼-39.24%,0,13,13,13,45.5,47,63,48
TXO,202609W5,20260930.0,41600.0,Call,-,-,-,-,4440,-,-,0,0,0,0,4390,-,-,-
TXO,202609W5,20260930.0,41600.0,Put,65,65,52,52,47.5,▼-31,▼-37.35%,0,13,13,12,0.1,152,65,52
TXO,202609W5,20260930.0,41700.0,Call,-,-,-,-,4340,-,-,0,0,0,0,-,-,-,-
TXO,202609W5,20260930.0,41700.0,Put,72,72,52,52,52,▼-36,▼-40.91%,0,14,14,13,49.5,51,72,52
TXO,202609W5,20260930.0,41800.0,Call,-,-,-,-,4240,-,-,0,0,0,0,4190,-,-,-
TXO,202609W5,20260930.0,41800.0,Put,73,73,55,55,55,▼-39,▼-41.49%,0,17,17,13,52,54,73,55
TXO,202609W5,20260930.0,41900.0,Call,-,-,-,-,4150,-,-,0,0,0,0,4090,-,-,-
TXO,202609W5,20260930.0,41900.0,Put,77,77,57,57,57,▼-42,▼-42.42%,0,14,14,12,55,57,77,57
TXO,202609W5,20260930.0,42000.0,Call,-,-,-,-,4050,-,-,0,0,0,0,4000,-,-,-
TXO,202609W5,20260930.0,42000.0,Put,88,88,59,60,60,▼-45,▼-42.86%,0,11,11,8,1.1,75,88,59
TXO,202609W5,20260930.0,42100.0,Call,-,-,-,-,3950,-,-,0,0,0,0,3900,-,-,-
TXO,202609W5,20260930.0,42100.0,Put,86,86,86,86,61,▼-26,▼-23.21%,0,6,6,6,61,63,86,86
TXO,202609W5,20260930.0,42200.0,Call,-,-,-,-,3860,-,-,0,0,0,0,3820,-,-,-
TXO,202609W5,20260930.0,42200.0,Put,-,-,-,-,64,-,-,0,0,0,0,64,66,-,-
TXO,202609W5,20260930.0,42300.0,Call,-,-,-,-,3760,-,-,0,0,0,0,3710,-,-,-
TXO,202609W5,20260930.0,42300.0,Put,87,87,87,87,68,▼-39,▼-30.95%,0,3,3,3,68,70,87,87
TXO,202609W5,20260930.0,42400.0,Call,-,-,-,-,3660,-,-,0,0,0,0,3650,-,-,-
TXO,202609W5,20260930.0,42400.0,Put,108,108,108,108,72,▼-26,▼-19.40%,0,1,1,1,18,171,108,108
TXO,202609W5,20260930.0,42500.0,Call,-,-,-,-,3570,-,-,0,0,0,0,3520,-,-,-
TXO,202609W5,20260930.0,42500.0,Put,122,123,93,93,76,▼-49,▼-34.51%,0,7,7,1,76,78,123,93
TXO,202609W5,20260930.0,42600.0,Call,-,-,-,-,3470,-,-,0,0,0,0,3440,-,-,-
TXO,202609W5,20260930.0,42600.0,Put,106,106,100,100,80,▼-51,▼-33.77%,0,6,6,6,80,82,106,100
TXO,202609W5,20260930.0,42700.0,Call,-,-,-,-,3380,-,-,0,0,0,0,3330,-,-,-
TXO,202609W5,20260930.0,42700.0,Put,-,-,-,-,85,-,-,0,0,0,0,85,87,-,-
TXO,202609W5,20260930.0,42800.0,Call,-,-,-,-,3280,-,-,0,0,0,0,3250,-,-,-
TXO,202609W5,20260930.0,42800.0,Put,94,100,94,100,91,▼-70,▼-41.18%,0,2,2,2,91,93,100,94
TXO,202609W5,20260930.0,42900.0,Call,-,-,-,-,3190,-,-,0,0,0,0,3180,3210,-,-
TXO,202609W5,20260930.0,42900.0,Put,-,-,-,-,96,-,-,0,0,0,0,96,99,-,-
TXO,202609W5,20260930.0,43000.0,Call,-,-,-,-,3090,-,-,0,0,0,0,-,-,-,-
TXO,202609W5,20260930.0,43000.0,Put,158,159,104,106,106,▼-86,▼-44.79%,0,60,60,9,103,105,159,104
TXO,202609W5,20260930.0,43100.0,Call,-,-,-,-,3000,-,-,0,0,0,0,2970,-,-,-
TXO,202609W5,20260930.0,43100.0,Put,-,-,-,-,109,-,-,0,0,0,0,109,112,-,-
TXO,202609W5,20260930.0,43200.0,Call,-,-,-,-,2910,-,-,0,0,0,0,2900,-,-,-
TXO,202609W5,20260930.0,43200.0,Put,-,-,-,-,117,-,-,0,0,0,0,117,120,-,-
TXO,202609W5,20260930.0,43300.0,Call,-,-,-,-,2820,-,-,0,0,0,0,-,-,-,-
TXO,202609W5,20260930.0,43300.0,Put,-,-,-,-,125,-,-,0,0,0,0,125,128,-,-
TXO,202609W5,20260930.0,43400.0,Call,-,-,-,-,2720,-,-,0,0,0,0,2710,-,-,-
TXO,202609W5,20260930.0,43400.0,Put,-,-,-,-,133,-,-,0,0,0,0,133,136,-,-
TXO,202609W5,20260930.0,43500.0,Call,-,-,-,-,2630,-,-,0,0,0,0,2620,-,-,-
TXO,202609W5,20260930.0,43500.0,Put,219,223,145,145,145,▼-116,▼-44.44%,0,51,51,51,142,145,223,145
TXO,202609W5,20260930.0,43600.0,Call,-,-,-,-,2540,-,-,0,0,0,0,2530,-,-,-
TXO,202609W5,20260930.0,43600.0,Put,194,194,156,163,163,▼-114,▼-41.16%,0,3,3,2,68,-,194,156
TXO,202609W5,20260930.0,43700.0,Call,-,-,-,-,2460,-,-,0,0,0,0,-,-,-,-
TXO,202609W5,20260930.0,43700.0,Put,-,-,-,-,163,-,-,0,0,0,0,-,-,-,-
TXO,202609W5,20260930.0,43800.0,Call,-,-,-,-,2370,-,-,0,0,0,0,2360,-,-,-
TXO,202609W5,20260930.0,43800.0,Put,-,-,-,-,174,-,-,0,0,0,0,174,179,-,-
TXO,202609W5,20260930.0,43900.0,Call,-,-,-,-,2280,-,-,0,0,0,0,2270,2300,-,-
TXO,202609W5,20260930.0,43900.0,Put,-,-,-,-,186,-,-,0,0,0,0,98,-,-,-
TXO,202609W5,20260930.0,44000.0,Call,-,-,-,-,2190,-,-,0,0,0,0,-,-,-,-
TXO,202609W5,20260930.0,44000.0,Put,280,288,205,205,205,▼-148,▼-41.93%,0,16,16,13,201,206,288,205
TXO,202609W5,20260930.0,44100.0,Call,-,-,-,-,2110,-,-,0,0,0,0,-,-,-,-
TXO,202609W5,20260930.0,44100.0,Put,-,-,-,-,217,-,-,0,0,0,0,217,222,-,-
TXO,202609W5,20260930.0,44150.0,Call,-,-,-,-,2070,-,-,0,0,0,0,2060,-,-,-
TXO,202609W5,20260930.0,44150.0,Put,-,-,-,-,223,-,-,0,0,0,0,-,-,-,-
TXO,202609W5,20260930.0,44200.0,Call,-,-,-,-,2020,-,-,0,0,0,0,1980,-,-,-
TXO,202609W5,20260930.0,44200.0,Put,-,-,-,-,232,-,-,0,0,0,0,232,237,-,-
TXO,202609W5,20260930.0,44250.0,Call,-,-,-,-,1980,-,-,0,0,0,0,-,-,-,-
TXO,202609W5,20260930.0,44250.0,Put,-,-,-,-,240,-,-,0,0,0,0,240,245,-,-
TXO,202609W5,20260930.0,44300.0,Call,-,-,-,-,1940,-,-,0,0,0,0,1930,1960,-,-
TXO,202609W5,20260930.0,44300.0,Put,-,-,-,-,247,-,-,0,0,0,0,-,-,-,-
TXO,202609W5,20260930.0,44350.0,Call,-,-,-,-,1900,-,-,0,0,0,0,1870,-,-,-
TXO,202609W5,20260930.0,44350.0,Put,-,-,-,-,258,-,-,0,0,0,0,258,264,-,-
TXO,202609W5,20260930.0,44400.0,Call,-,-,-,-,1860,-,-,0,0,0,0,1850,-,-,-
TXO,202609W5,20260930.0,44400.0,Put,-,-,-,-,266,-,-,0,0,0,0,169,-,-,-
TXO,202609W5,20260930.0,44450.0,Call,-,-,-,-,1820,-,-,0,0,0,0,1810,1840,-,-
TXO,202609W5,20260930.0,44450.0,Put,-,-,-,-,278,-,-,0,0,0,0,278,283,-,-
TXO,202609W5,20260930.0,44500.0,Call,-,-,-,-,1780,-,-,0,0,0,0,1770,1800,-,-
TXO,202609W5,20260930.0,44500.0,Put,-,-,-,-,288,-,-,0,0,0,0,288,293,-,-
TXO,202609W5,20260930.0,44550.0,Call,-,-,-,-,1740,-,-,0,0,0,0,-,1760,-,-
TXO,202609W5,20260930.0,44550.0,Put,-,-,-,-,297,-,-,0,0,0,0,297,303,-,-
TXO,202609W5,20260930.0,44600.0,Call,-,-,-,-,1700,-,-,0,0,0,0,1690,1720,-,-
TXO,202609W5,20260930.0,44600.0,Put,402,402,402,402,309,▼-98,▼-19.60%,0,2,2,2,309,315,402,402
TXO,202609W5,20260930.0,44650.0,Call,-,-,-,-,1660,-,-,0,0,0,0,1620,-,-,-
TXO,202609W5,20260930.0,44650.0,Put,-,-,-,-,319,-,-,0,0,0,0,319,325,-,-
TXO,202609W5,20260930.0,44700.0,Call,-,-,-,-,1620,-,-,0,0,0,0,1610,-,-,-
TXO,202609W5,20260930.0,44700.0,Put,-,-,-,-,331,-,-,0,0,0,0,331,337,-,-
TXO,202609W5,20260930.0,44750.0,Call,-,-,-,-,1580,-,-,0,0,0,0,1570,-,-,-
TXO,202609W5,20260930.0,44750.0,Put,433,433,433,433,341,▼-117,▼-21.27%,0,1,1,1,240,449,433,433
TXO,202609W5,20260930.0,44800.0,Call,-,-,-,-,1550,-,-,0,0,0,0,-,1570,-,-
TXO,202609W5,20260930.0,44800.0,Put,383,383,383,383,355,▼-182,▼-32.21%,0,2,2,0,355,361,383,383
TXO,202609W5,20260930.0,44850.0,Call,-,-,-,-,1510,-,-,0,0,0,0,1500,1530,-,-
TXO,202609W5,20260930.0,44850.0,Put,-,-,-,-,368,-,-,0,0,0,0,368,374,-,-
TXO,202609W5,20260930.0,44900.0,Call,-,-,-,-,1470,-,-,0,0,0,0,1460,1490,-,-
TXO,202609W5,20260930.0,44900.0,Put,-,-,-,-,378,-,-,0,0,0,0,237,-,-,-
TXO,202609W5,20260930.0,44950.0,Call,-,-,-,-,1430,-,-,0,0,0,0,1430,1450,-,-
TXO,202609W5,20260930.0,44950.0,Put,-,-,-,-,394,-,-,0,0,0,0,394,401,-,-
TXO,202609W5,20260930.0,45000.0,Call,-,-,-,-,1400,-,-,0,0,0,0,560,-,-,-
TXO,202609W5,20260930.0,45000.0,Put,430,435,404,430,407,▼-200,▼-31.75%,0,11,11,6,407,414,435,404
TXO,202609W5,20260930.0,45050.0,Call,-,-,-,-,1360,-,-,0,0,0,0,-,-,-,-
TXO,202609W5,20260930.0,45050.0,Put,-,-,-,-,419,-,-,0,0,0,0,3.8,-,-,-
TXO,202609W5,20260930.0,45100.0,Call,-,-,-,-,1330,-,-,0,0,0,0,1320,1340,-,-
TXO,202609W5,20260930.0,45100.0,Put,-,-,-,-,434,-,-,0,0,0,0,376,-,-,-
TXO,202609W5,20260930.0,45150.0,Call,-,-,-,-,1290,-,-,0,0,0,0,1290,1310,-,-
TXO,202609W5,20260930.0,45150.0,Put,-,-,-,-,449,-,-,0,0,0,0,353,-,-,-
TXO,202609W5,20260930.0,45200.0,Call,1330,1360,1330,1360,1260,▲+190,▲+16.24%,0,3,3,2,1090,-,1360,1330
TXO,202609W5,20260930.0,45200.0,Put,477,477,477,477,477,▼-228,▼-32.34%,0,1,1,1,468,475,477,477
TXO,202609W5,20260930.0,45250.0,Call,-,-,-,-,1220,-,-,0,0,0,0,1220,1240,-,-
TXO,202609W5,20260930.0,45250.0,Put,-,-,-,-,478,-,-,0,0,0,0,386,-,-,-
TXO,202609W5,20260930.0,45300.0,Call,-,-,-,-,1190,-,-,0,0,0,0,1190,1210,-,-
TXO,202609W5,20260930.0,45300.0,Put,-,-,-,-,494,-,-,0,0,0,0,404,-,-,-
TXO,202609W5,20260930.0,45350.0,Call,-,-,-,-,1160,-,-,0,0,0,0,-,-,-,-
TXO,202609W5,20260930.0,45350.0,Put,-,-,-,-,515,-,-,0,0,0,0,515,525,-,-
TXO,202609W5,20260930.0,45400.0,Call,-,-,-,-,1120,-,-,0,0,0,0,1120,1140,-,-
TXO,202609W5,20260930.0,45400.0,Put,-,-,-,-,530,-,-,0,0,0,0,440,-,-,-
TXO,202609W5,20260930.0,45450.0,Call,-,-,-,-,1090,-,-,0,0,0,0,1090,1110,-,-
TXO,202609W5,20260930.0,45450.0,Put,-,-,-,-,550,-,-,0,0,0,0,550,560,-,-
TXO,202609W5,20260930.0,45500.0,Call,1000,1000,1000,1000,1060,▲+5,▲+0.50%,0,1,1,1,-,1160,1000,1000
TXO,202609W5,20260930.0,45500.0,Put,650,650,590,590,565,▼-240,▼-28.92%,0,3,3,3,481,-,650,590
TXO,202609W5,20260930.0,45550.0,Call,-,-,-,-,1030,-,-,0,0,0,0,1030,1050,-,-
TXO,202609W5,20260930.0,45550.0,Put,-,-,-,-,585,-,-,0,0,0,0,489,-,-,-
TXO,202609W5,20260930.0,45600.0,Call,1050,1100,1050,1100,1000,▲+160,▲+17.02%,0,3,3,2,1000,1020,1100,1050
TXO,202609W5,20260930.0,45600.0,Put,750,750,590,660,610,▼-215,▼-24.57%,0,5,5,3,520,-,750,590
TXO,202609W5,20260930.0,45650.0,Call,870,870,870,870,975,▼-40,▼-4.40%,0,1,1,1,970,985,870,870
TXO,202609W5,20260930.0,45650.0,Put,-,-,-,-,630,-,-,0,0,0,0,625,635,-,-
TXO,202609W5,20260930.0,45700.0,Call,-,-,-,-,945,-,-,0,0,0,0,-,-,-,-
TXO,202609W5,20260930.0,45700.0,Put,650,650,650,650,650,▼-275,▼-29.73%,0,1,1,1,645,655,650,650
TXO,202609W5,20260930.0,45750.0,Call,-,-,-,-,920,-,-,0,0,0,0,-,-,-,-
TXO,202609W5,20260930.0,45750.0,Put,-,-,-,-,675,-,-,0,0,0,0,545,-,-,-
TXO,202609W5,20260930.0,45800.0,Call,810,810,810,810,890,▼-25,▼-2.99%,0,1,1,1,785,-,810,810
TXO,202609W5,20260930.0,45800.0,Put,690,735,690,735,695,▼-240,▼-24.62%,0,2,2,1,610,-,735,690
TXO,202609W5,20260930.0,45850.0,Call,-,-,-,-,865,-,-,0,0,0,0,855,865,-,-
TXO,202609W5,20260930.0,45850.0,Put,-,-,-,-,720,-,-,0,0,0,0,-,-,-,-
TXO,202609W5,20260930.0,45900.0,Call,-,-,-,-,835,-,-,0,0,0,0,825,835,-,-
TXO,202609W5,20260930.0,45900.0,Put,-,-,-,-,740,-,-,0,0,0,0,730,740,-,-
TXO,202609W5,20260930.0,45950.0,Call,-,-,-,-,815,-,-,0,0,0,0,705,-,-,-
TXO,202609W5,20260930.0,45950.0,Put,785,785,785,785,785,▼-265,▼-25.24%,0,2,2,2,-,-,785,785
TXO,202609W5,20260930.0,46000.0,Call,670,870,670,745,785,▲+5,▲+0.68%,0,6,6,5,770,785,870,670
TXO,202609W5,20260930.0,46000.0,Put,860,860,765,800,800,▼-270,▼-25.23%,0,8,8,5,-,-,860,765
TXO,202609W5,20260930.0,46050.0,Call,-,-,-,-,755,-,-,0,0,0,0,745,755,-,-
TXO,202609W5,20260930.0,46050.0,Put,-,-,-,-,815,-,-,0,0,0,0,-,-,-,-
TXO,202609W5,20260930.0,46100.0,Call,685,685,685,685,730,▼-10,▼-1.44%,0,1,1,1,720,730,685,685
TXO,202609W5,20260930.0,46100.0,Put,920,920,920,920,840,▼-210,▼-18.58%,0,1,1,1,-,-,920,920
TXO,202609W5,20260930.0,46150.0,Call,-,-,-,-,705,-,-,0,0,0,0,695,705,-,-
TXO,202609W5,20260930.0,46150.0,Put,-,-,-,-,860,-,-,0,0,0,0,850,860,-,-
TXO,202609W5,20260930.0,46200.0,Call,615,615,615,615,680,▼-35,▼-5.38%,0,1,1,1,670,680,615,615
TXO,202609W5,20260930.0,46200.0,Put,985,985,985,985,885,▼-195,▼-16.53%,0,1,1,1,875,885,985,985
TXO,202609W5,20260930.0,46250.0,Call,-,-,-,-,655,-,-,0,0,0,0,645,655,-,-
TXO,202609W5,20260930.0,46250.0,Put,-,-,-,-,910,-,-,0,0,0,0,900,910,-,-
TXO,202609W5,20260930.0,46300.0,Call,-,-,-,-,630,-,-,0,0,0,0,620,630,-,-
TXO,202609W5,20260930.0,46300.0,Put,-,-,-,-,935,-,-,0,0,0,0,925,935,-,-
TXO,202609W5,20260930.0,46350.0,Call,-,-,-,-,610,-,-,0,0,0,0,600,610,-,-
TXO,202609W5,20260930.0,46350.0,Put,-,-,-,-,965,-,-,0,0,0,0,950,965,-,-
TXO,202609W5,20260930.0,46400.0,Call,570,590,550,570,570,0,0%,0,6,6,4,555,-,590,550
TXO,202609W5,20260930.0,46400.0,Put,1050,1050,955,955,990,▼-345,▼-26.54%,0,3,3,2,980,990,1050,955
TXO,202609W5,20260930.0,46450.0,Call,-,-,-,-,565,-,-,0,0,0,0,555,565,-,-
TXO,202609W5,20260930.0,46450.0,Put,-,-,-,-,1020,-,-,0,0,0,0,1000,1020,-,-
TXO,202609W5,20260930.0,46500.0,Call,520,520,520,520,540,▼-10,▼-1.89%,0,1,1,1,530,540,520,520
TXO,202609W5,20260930.0,46500.0,Put,-,-,-,-,1050,-,-,0,0,0,0,1030,1050,-,-
TXO,202609W5,20260930.0,46550.0,Call,-,-,-,-,525,-,-,0,0,0,0,383,-,-,-
TXO,202609W5,20260930.0,46550.0,Put,-,-,-,-,1080,-,-,0,0,0,0,1060,1080,-,-
TXO,202609W5,20260930.0,46600.0,Call,424,424,424,424,500,▼-73,▼-14.69%,0,4,4,4,368,575,424,424
TXO,202609W5,20260930.0,46600.0,Put,-,-,-,-,1110,-,-,0,0,0,0,-,-,-,-
TXO,202609W5,20260930.0,46650.0,Call,-,-,-,-,482,-,-,0,0,0,0,-,-,-,-
TXO,202609W5,20260930.0,46650.0,Put,-,-,-,-,1140,-,-,0,0,0,0,1120,1140,-,-
TXO,202609W5,20260930.0,46700.0,Call,-,-,-,-,459,-,-,0,0,0,0,452,459,-,-
TXO,202609W5,20260930.0,46700.0,Put,-,-,-,-,1170,-,-,0,0,0,0,1150,1170,-,-
TXO,202609W5,20260930.0,46750.0,Call,-,-,-,-,439,-,-,0,0,0,0,432,439,-,-
TXO,202609W5,20260930.0,46750.0,Put,-,-,-,-,1200,-,-,0,0,0,0,1180,1200,-,-
TXO,202609W5,20260930.0,46800.0,Call,438,438,438,438,438,▲+8,▲+1.86%,0,1,1,1,236,496,438,438
TXO,202609W5,20260930.0,46800.0,Put,1270,1270,1200,1200,1230,▼-360,▼-23.08%,0,3,3,2,-,-,1270,1200
TXO,202609W5,20260930.0,46850.0,Call,-,-,-,-,408,-,-,0,0,0,0,216,-,-,-
TXO,202609W5,20260930.0,46850.0,Put,-,-,-,-,1260,-,-,0,0,0,0,-,-,-,-
TXO,202609W5,20260930.0,46900.0,Call,-,-,-,-,391,-,-,0,0,0,0,4.8,-,-,-
TXO,202609W5,20260930.0,46900.0,Put,-,-,-,-,1300,-,-,0,0,0,0,1280,1300,-,-
TXO,202609W5,20260930.0,47000.0,Call,292,292,292,292,354,▼-78,▼-21.08%,0,2,2,2,347,354,292,292
TXO,202609W5,20260930.0,47000.0,Put,-,-,-,-,1360,-,-,0,0,0,0,1350,1370,-,-
TXO,202609W5,20260930.0,47100.0,Call,-,-,-,-,326,-,-,0,0,0,0,140,-,-,-
TXO,202609W5,20260930.0,47100.0,Put,-,-,-,-,1430,-,-,0,0,0,0,1410,-,-,-
TXO,202609W5,20260930.0,47200.0,Call,-,-,-,-,297,-,-,0,0,0,0,110,-,-,-
TXO,202609W5,20260930.0,47200.0,Put,-,-,-,-,1500,-,-,0,0,0,0,-,-,-,-
TXO,202609W5,20260930.0,47300.0,Call,-,-,-,-,271,-,-,0,0,0,0,87,-,-,-
TXO,202609W5,20260930.0,47300.0,Put,-,-,-,-,1580,-,-,0,0,0,0,-,-,-,-
TXO,202609W5,20260930.0,47400.0,Call,-,-,-,-,244,-,-,0,0,0,0,239,244,-,-
TXO,202609W5,20260930.0,47400.0,Put,-,-,-,-,1650,-,-,0,0,0,0,-,-,-,-
TXO,202609W5,20260930.0,47500.0,Call,195,269,189,190,224,▼-58,▼-23.39%,0,36,36,32,3.1,287,269,189
TXO,202609W5,20260930.0,47500.0,Put,-,-,-,-,1730,-,-,0,0,0,0,-,1770,-,-
TXO,202609W5,20260930.0,47600.0,Call,-,-,-,-,204,-,-,0,0,0,0,18,-,-,-
TXO,202609W5,20260930.0,47600.0,Put,-,-,-,-,1810,-,-,0,0,0,0,-,1850,-,-
TXO,202609W5,20260930.0,47700.0,Call,-,-,-,-,185,-,-,0,0,0,0,3.3,-,-,-
TXO,202609W5,20260930.0,47700.0,Put,-,-,-,-,1890,-,-,0,0,0,0,-,1920,-,-
TXO,202609W5,20260930.0,47800.0,Call,-,-,-,-,166,-,-,0,0,0,0,162,166,-,-
TXO,202609W5,20260930.0,47800.0,Put,-,-,-,-,1970,-,-,0,0,0,0,-,-,-,-
TXO,202609W5,20260930.0,47900.0,Call,148,162,148,162,162,▼-14,▼-7.95%,0,2,2,2,2.9,-,162,148
TXO,202609W5,20260930.0,47900.0,Put,-,-,-,-,2060,-,-,0,0,0,0,2030,-,-,-
TXO,202609W5,20260930.0,48000.0,Call,118,172,118,172,136,▲+11,▲+6.83%,0,6,6,6,2.8,234,172,118
TXO,202609W5,20260930.0,48000.0,Put,-,-,-,-,2140,-,-,0,0,0,0,-,-,-,-
TXO,202609W5,20260930.0,48100.0,Call,152,152,152,152,122,▲+5,▲+3.40%,0,1,1,1,119,122,152,152
TXO,202609W5,20260930.0,48100.0,Put,-,-,-,-,2230,-,-,0,0,0,0,-,-,-,-
TXO,202609W5,20260930.0,48200.0,Call,102,105,102,105,105,▼-29,▼-21.64%,0,7,7,7,107,110,105,102
TXO,202609W5,20260930.0,48200.0,Put,-,-,-,-,2320,-,-,0,0,0,0,2300,-,-,-
TXO,202609W5,20260930.0,48300.0,Call,100,100,100,100,100,▼-23,▼-18.70%,0,1,1,1,97,100,100,100
TXO,202609W5,20260930.0,48300.0,Put,-,-,-,-,2410,-,-,0,0,0,0,-,2450,-,-
TXO,202609W5,20260930.0,48400.0,Call,86,100,82,82,82,▼-30,▼-26.79%,0,12,12,2,2.1,182,100,82
TXO,202609W5,20260930.0,48400.0,Put,-,-,-,-,2500,-,-,0,0,0,0,-,-,-,-
TXO,202609W5,20260930.0,48500.0,Call,74,99,73,73,81,▼-28,▼-27.72%,0,15,15,5,79,81,99,73
TXO,202609W5,20260930.0,48500.0,Put,-,-,-,-,2590,-,-,0,0,0,0,2570,2600,-,-
TXO,202609W5,20260930.0,48600.0,Call,73,93,73,93,74,▲+1,▲+1.09%,0,6,6,4,-,-,93,73
TXO,202609W5,20260930.0,48600.0,Put,-,-,-,-,2680,-,-,0,0,0,0,-,2730,-,-
TXO,202609W5,20260930.0,48700.0,Call,66,83,66,83,66,▼-1,▼-1.19%,0,4,4,4,64,66,83,66
TXO,202609W5,20260930.0,48700.0,Put,-,-,-,-,2770,-,-,0,0,0,0,2750,-,-,-
TXO,202609W5,20260930.0,48800.0,Call,48,48,48,48,61,▼-28,▼-36.84%,0,1,1,1,0.1,-,48,48
TXO,202609W5,20260930.0,48800.0,Put,-,-,-,-,2860,-,-,0,0,0,0,-,2910,-,-
TXO,202609W5,20260930.0,48900.0,Call,-,-,-,-,54,-,-,0,0,0,0,0.1,-,-,-
TXO,202609W5,20260930.0,48900.0,Put,-,-,-,-,2960,-,-,0,0,0,0,2940,2970,-,-
TXO,202609W5,20260930.0,49000.0,Call,49,61,39.5,39.5,49,▼-22.5,▼-36.29%,0,3,3,2,47.5,49,61,39.5
TXO,202609W5,20260930.0,49000.0,Put,-,-,-,-,3050,-,-,0,0,0,0,-,3100,-,-
TXO,202609W5,20260930.0,49100.0,Call,-,-,-,-,44.5,-,-,0,0,0,0,43,44.5,-,-
TXO,202609W5,20260930.0,49100.0,Put,-,-,-,-,3150,-,-,0,0,0,0,-,-,-,-
TXO,202609W5,20260930.0,49200.0,Call,-,-,-,-,41,-,-,0,0,0,0,0.1,-,-,-
TXO,202609W5,20260930.0,49200.0,Put,-,-,-,-,3250,-,-,0,0,0,0,-,3290,-,-
TXO,202609W5,20260930.0,49300.0,Call,-,-,-,-,37,-,-,0,0,0,0,4.7,-,-,-
TXO,202609W5,20260930.0,49300.0,Put,-,-,-,-,3340,-,-,0,0,0,0,3320,3350,-,-
TXO,202609W5,20260930.0,49400.0,Call,-,-,-,-,33.5,-,-,0,0,0,0,0.2,-,-,-
TXO,202609W5,20260930.0,49400.0,Put,-,-,-,-,3440,-,-,0,0,0,0,-,-,-,-
TXO,202609W5,20260930.0,49500.0,Call,-,-,-,-,31,-,-,0,0,0,0,0.3,-,-,-
TXO,202609W5,20260930.0,49500.0,Put,-,-,-,-,3530,-,-,0,0,0,0,-,-,-,-
TXO,202609W5,20260930.0,49600.0,Call,-,-,-,-,28,-,-,0,0,0,0,27,28,-,-
TXO,202609W5,20260930.0,49600.0,Put,-,-,-,-,3630,-,-,0,0,0,0,-,-,-,-
TXO,202609W5,20260930.0,49700.0,Call,-,-,-,-,25.5,-,-,0,0,0,0,24.5,25.5,-,-
TXO,202609W5,20260930.0,49700.0,Put,-,-,-,-,3730,-,-,0,0,0,0,-,3780,-,-
TXO,202609W5,20260930.0,49800.0,Call,-,-,-,-,23.5,-,-,0,0,0,0,22.5,23.5,-,-
TXO,202609W5,20260930.0,49800.0,Put,-,-,-,-,3830,-,-,0,0,0,0,-,-,-,-
TXO,202609W5,20260930.0,49900.0,Call,-,-,-,-,21.5,-,-,0,0,0,0,2.9,-,-,-
TXO,202609W5,20260930.0,49900.0,Put,-,-,-,-,3930,-,-,0,0,0,0,-,3980,-,-
TXO,202609W5,20260930.0,50000.0,Call,21,24,17,17,20,▼-5.5,▼-24.44%,0,24,24,16,2,37,24,17
TXO,202609W5,20260930.0,50000.0,Put,-,-,-,-,4020,-,-,0,0,0,0,-,-,-,-
TXO,202609W5,20260930.0,50100.0,Call,-,-,-,-,18.5,-,-,0,0,0,0,17.5,18.5,-,-
TXO,202609W5,20260930.0,50100.0,Put,-,-,-,-,4120,-,-,0,0,0,0,-,4170,-,-
TXO,202610,20261021.0,33900.0,Call,-,-,-,-,12180,-,-,0,0,0,0,12130,-,-,-
TXO,202610,20261021.0,33900.0,Put,28,28,24.5,26,26,▼-6.5,▼-20.00%,10,56,66,310,23.5,27,400,20
TXO,202610,20261021.0,34000.0,Call,-,-,-,-,12080,-,-,0,0,0,0,-,-,-,-
TXO,202610,20261021.0,34000.0,Put,26.5,27,25,27,27,▼-5.5,▼-16.92%,1,26,27,131,26.5,28,780,25
TXO,202610,20261021.0,34100.0,Call,-,-,-,-,11980,-,-,0,0,0,0,11940,-,-,-
TXO,202610,20261021.0,34100.0,Put,-,-,-,-,27.5,-,-,0,0,0,9,27,28.5,105,34
TXO,202610,20261021.0,34200.0,Call,-,-,-,-,11880,-,-,0,0,0,0,11840,11930,-,-
TXO,202610,20261021.0,34200.0,Put,26,26,26,26,28,▼-7.5,▼-22.39%,0,1,1,94,1.3,-,810,26
TXO,202610,20261021.0,34300.0,Call,-,-,-,-,11780,-,-,0,0,0,0,-,-,-,-
TXO,202610,20261021.0,34300.0,Put,26.5,26.5,26.5,26.5,28.5,▼-8,▼-23.19%,0,1,1,1,28,29.5,26.5,26.5
TXO,202610,20261021.0,34400.0,Call,-,-,-,-,11680,-,-,0,0,0,0,11640,11720,-,-
TXO,202610,20261021.0,34400.0,Put,-,-,-,-,29,-,-,0,0,0,6,28.5,30,200,36.5
TXO,202610,20261021.0,34500.0,Call,-,-,-,-,11580,-,-,0,0,0,0,11540,-,-,-
TXO,202610,20261021.0,34500.0,Put,29.5,30.5,28.5,30.5,29.5,▼-5,▼-14.08%,0,5,5,20,29,30.5,116,28.5
TXO,202610,20261021.0,34600.0,Call,-,-,-,-,11480,-,-,0,0,0,0,-,11520,-,-
TXO,202610,20261021.0,34600.0,Put,29.5,29.5,29.5,29.5,29.5,▼-7,▼-19.18%,0,1,1,10,29.5,31,299,29.5
TXO,202610,20261021.0,34700.0,Call,-,-,-,-,11380,-,-,0,0,0,0,11340,-,-,-
TXO,202610,20261021.0,34700.0,Put,-,-,-,-,30,-,-,0,0,0,0,30,31.5,805,30
TXO,202610,20261021.0,34800.0,Call,-,-,-,-,11280,-,-,0,0,0,0,-,11330,-,-
TXO,202610,20261021.0,34800.0,Put,34,34.5,28.5,30.5,30.5,▼-7,▼-18.67%,25,110,135,52,-,-,314,28.5
TXO,202610,20261021.0,34900.0,Call,-,-,-,-,11180,-,-,0,0,0,0,11140,-,-,-
TXO,202610,20261021.0,34900.0,Put,-,-,-,-,31.5,-,-,0,0,0,6,20,132,488,35
TXO,202610,20261021.0,35000.0,Call,-,-,-,-,11090,-,-,0,0,0,0,-,11130,-,-
TXO,202610,20261021.0,35000.0,Put,35,35,30.5,31,32,▼-8,▼-20.51%,3,93,96,160,-,100,1060,30.5
TXO,202610,20261021.0,35100.0,Call,-,-,-,-,10990,-,-,0,0,0,0,-,11030,-,-
TXO,202610,20261021.0,35100.0,Put,-,-,-,-,32.5,-,-,0,0,0,11,32,33.5,505,40
TXO,202610,20261021.0,35200.0,Call,-,-,-,-,10890,-,-,0,0,0,0,10840,-,-,-
TXO,202610,20261021.0,35200.0,Put,-,-,-,-,33,-,-,0,0,0,10,32.5,34.5,151,39
TXO,202610,20261021.0,35300.0,Call,-,-,-,-,10790,-,-,0,0,0,0,10750,10830,-,-
TXO,202610,20261021.0,35300.0,Put,33,33,33,33,33.5,▼-9,▼-21.43%,0,1,1,23,33.5,35,1070,33
TXO,202610,20261021.0,35400.0,Call,-,-,-,-,10690,-,-,0,0,0,0,10640,10730,-,-
TXO,202610,20261021.0,35400.0,Put,-,-,-,-,34,-,-,1,0,1,11,-,-,1000,38
TXO,202610,20261021.0,35500.0,Call,-,-,-,-,10590,-,-,0,0,0,0,-,10630,-,-
TXO,202610,20261021.0,35500.0,Put,36,37,33.5,33.5,34.5,▼-9,▼-21.18%,0,5,5,39,-,40,550,33.5
TXO,202610,20261021.0,35600.0,Call,-,-,-,-,10490,-,-,0,0,0,0,-,-,-,-
TXO,202610,20261021.0,35600.0,Put,-,-,-,-,35.5,-,-,0,0,0,15,35,36.5,150,39
TXO,202610,20261021.0,35700.0,Call,-,-,-,-,10390,-,-,0,0,0,0,-,10430,-,-
TXO,202610,20261021.0,35700.0,Put,-,-,-,-,36,-,-,0,0,0,8,36,37.5,300,40.5
TXO,202610,20261021.0,35800.0,Call,-,-,-,-,10290,-,-,0,0,0,0,-,10330,-,-
TXO,202610,20261021.0,35800.0,Put,-,-,-,-,36.5,-,-,0,0,0,9,36.5,38,405,40
TXO,202610,20261021.0,35900.0,Call,-,-,-,-,10190,-,-,0,0,0,0,10150,10230,-,-
TXO,202610,20261021.0,35900.0,Put,-,-,-,-,37.5,-,-,0,0,0,5,-,138,182,41
TXO,202610,20261021.0,36000.0,Call,-,-,-,-,10090,-,-,0,0,0,0,-,-,-,-
TXO,202610,20261021.0,36000.0,Put,40,41.5,36,39.5,38,▼-8.5,▼-17.71%,6,84,90,110,33,139,1380,36
TXO,202610,20261021.0,36100.0,Call,-,-,-,-,9990,-,-,0,0,0,0,9950,-,-,-
TXO,202610,20261021.0,36100.0,Put,-,-,-,-,38.5,-,-,0,0,0,5,-,139,690,49
TXO,202610,20261021.0,36200.0,Call,-,-,-,-,9890,-,-,0,0,0,0,9860,9940,-,-
TXO,202610,20261021.0,36200.0,Put,41,41,40,40,40,▼-11,▼-21.57%,0,2,2,13,39.5,41,1120,40
TXO,202610,20261021.0,36300.0,Call,-,-,-,-,9800,-,-,0,0,0,0,9750,-,-,-
TXO,202610,20261021.0,36300.0,Put,41,41,41,41,40,▼-12,▼-22.64%,6,6,12,19,3,-,915,41
TXO,202610,20261021.0,36400.0,Call,-,-,-,-,9700,-,-,0,0,0,0,9660,-,-,-
TXO,202610,20261021.0,36400.0,Put,40.5,40.5,40.5,40.5,41,▼-13.5,▼-25.00%,2,5,7,45,41,42.5,401,40.5
TXO,202610,20261021.0,36500.0,Call,-,-,-,-,9600,-,-,0,0,0,0,-,9640,-,-
TXO,202610,20261021.0,36500.0,Put,41,41,41,41,42,▼-13,▼-24.07%,3,1,4,35,-,142,1510,41
TXO,202610,20261021.0,36600.0,Call,-,-,-,-,9500,-,-,0,0,0,0,9460,-,-,-
TXO,202610,20261021.0,36600.0,Put,46,46,42,42.5,42.5,▼-13.5,▼-24.11%,0,22,22,36,42.5,44,1110,42
TXO,202610,20261021.0,36700.0,Call,-,-,-,-,9400,-,-,0,0,0,0,-,9440,-,-
TXO,202610,20261021.0,36700.0,Put,45.5,45.5,44,44,44,▼-13,▼-22.81%,0,5,5,7,0.1,-,710,44
TXO,202610,20261021.0,36800.0,Call,-,-,-,-,9300,-,-,0,0,0,0,-,9340,-,-
TXO,202610,20261021.0,36800.0,Put,47,47,47,47,44.5,▼-12,▼-20.34%,2,1,3,5,-,-,497,47
TXO,202610,20261021.0,36900.0,Call,-,-,-,-,9200,-,-,0,0,0,0,-,-,-,-
TXO,202610,20261021.0,36900.0,Put,47.5,47.5,47.5,47.5,45.5,▼-12.5,▼-20.83%,0,2,2,13,45.5,47,1620,47.5
TXO,202610,20261021.0,37000.0,Call,-,-,-,-,9100,-,-,0,0,0,0,9060,-,-,-
TXO,202610,20261021.0,37000.0,Put,53,57,44,46,46,▼-18,▼-28.13%,12,180,192,129,45.5,111,1010,44
TXO,202610,20261021.0,37100.0,Call,-,-,-,-,9000,-,-,0,0,0,0,-,-,-,-
TXO,202610,20261021.0,37100.0,Put,50,50,46,47,47,▼-17,▼-26.56%,0,3,3,18,47.5,49,750,46
TXO,202610,20261021.0,37200.0,Call,-,-,-,-,8910,-,-,0,0,0,0,-,-,-,-
TXO,202610,20261021.0,37200.0,Put,47,48.5,47,48.5,48.5,▼-17.5,▼-26.52%,0,4,4,39,48,50,1460,47
TXO,202610,20261021.0,37300.0,Call,-,-,-,-,8810,-,-,0,0,0,0,8770,-,-,-
TXO,202610,20261021.0,37300.0,Put,50,50,50,50,50,▼-18,▼-26.47%,0,1,1,4,49.5,51,575,50
TXO,202610,20261021.0,37400.0,Call,-,-,-,-,8710,-,-,0,0,0,0,8670,8740,-,-
TXO,202610,20261021.0,37400.0,Put,49,50,49,50,50,▼-20,▼-28.57%,0,2,2,14,50,52,815,49
TXO,202610,20261021.0,37500.0,Call,-,-,-,-,8610,-,-,0,0,0,0,-,8640,-,-
TXO,202610,20261021.0,37500.0,Put,51,51,50,50,50,▼-22,▼-30.56%,1,8,9,30,-,-,445,50
TXO,202610,20261021.0,37600.0,Call,-,-,-,-,8510,-,-,0,0,0,0,-,-,-,-
TXO,202610,20261021.0,37600.0,Put,-,-,-,-,53,-,-,0,0,0,7,53,55,850,66
TXO,202610,20261021.0,37700.0,Call,-,-,-,-,8410,-,-,0,0,0,0,8380,8450,-,-
TXO,202610,20261021.0,37700.0,Put,58,58,53,53,54,▼-25,▼-32.05%,0,2,2,21,-,155,300,52
TXO,202610,20261021.0,37800.0,Call,-,-,-,-,8310,-,-,0,0,0,0,-,8350,-,-
TXO,202610,20261021.0,37800.0,Put,-,-,-,-,56,-,-,0,0,0,6,0.1,-,945,59
TXO,202610,20261021.0,37900.0,Call,-,-,-,-,8220,-,-,0,0,0,0,8180,-,-,-
TXO,202610,20261021.0,37900.0,Put,64,64,54,54,57,▼-27,▼-33.33%,0,3,3,50,0.1,-,900,54
TXO,202610,20261021.0,38000.0,Call,-,-,-,-,8120,-,-,0,0,0,0,-,-,-,-
TXO,202610,20261021.0,38000.0,Put,78,78,55,59,59,▼-25,▼-29.76%,25,71,96,233,56,70,2000,55
TXO,202610,20261021.0,38100.0,Call,-,-,-,-,8020,-,-,0,0,0,0,7980,8050,-,-
TXO,202610,20261021.0,38100.0,Put,-,-,-,-,60,-,-,2,0,2,41,0.1,160,1380,76
TXO,202610,20261021.0,38200.0,Call,-,-,-,-,7920,-,-,0,0,0,0,7880,7950,-,-
TXO,202610,20261021.0,38200.0,Put,-,-,-,-,62,-,-,0,0,0,6,61,63,1020,64
TXO,202610,20261021.0,38300.0,Call,-,-,-,-,7820,-,-,0,0,0,0,-,7860,-,-
TXO,202610,20261021.0,38300.0,Put,-,-,-,-,63,-,-,0,0,0,0,63,65,-,-
TXO,202610,20261021.0,38400.0,Call,-,-,-,-,7720,-,-,0,0,0,0,7690,7760,-,-
TXO,202610,20261021.0,38400.0,Put,-,-,-,-,65,-,-,0,0,0,7,65,67,1930,9.6
TXO,202610,20261021.0,38500.0,Call,-,-,-,-,7630,-,-,0,0,0,0,-,-,-,-
TXO,202610,20261021.0,38500.0,Put,86,87,65,65,67,▼-35,▼-35.00%,0,43,43,129,67,69,2100,63
TXO,202610,20261021.0,38600.0,Call,-,-,-,-,7530,-,-,0,0,0,0,7490,-,-,-
TXO,202610,20261021.0,38600.0,Put,-,-,-,-,69,-,-,1,0,1,14,0.1,169,422,95
TXO,202610,20261021.0,38700.0,Call,-,-,-,-,7430,-,-,0,0,0,0,7400,7460,-,-
TXO,202610,20261021.0,38700.0,Put,70,70,70,70,70,▼-37,▼-34.58%,0,1,1,11,71,73,2230,70
TXO,202610,20261021.0,38800.0,Call,-,-,-,-,7330,-,-,0,0,0,0,-,7360,-,-
TXO,202610,20261021.0,38800.0,Put,85,87,77,77,73,▼-34,▼-30.63%,0,26,26,9,-,174,610,75
TXO,202610,20261021.0,38900.0,Call,-,-,-,-,7230,-,-,0,0,0,1,-,7260,8230,7900
TXO,202610,20261021.0,38900.0,Put,-,-,-,-,75,-,-,0,0,0,13,75,77,690,73
TXO,202610,20261021.0,39000.0,Call,-,-,-,-,7140,-,-,0,0,0,0,-,7170,-,-
TXO,202610,20261021.0,39000.0,Put,100,100,73,79,79,▼-42,▼-34.71%,10,29,39,221,77,80,1790,67
TXO,202610,20261021.0,39100.0,Call,-,-,-,-,7040,-,-,0,0,0,0,-,-,-,-
TXO,202610,20261021.0,39100.0,Put,96,96,80,80,80,▼-44,▼-35.48%,0,2,2,9,80,83,820,80
TXO,202610,20261021.0,39200.0,Call,-,-,-,-,6940,-,-,0,0,0,0,6910,-,-,-
TXO,202610,20261021.0,39200.0,Put,113,113,100,100,83,▼-29,▼-22.48%,0,2,2,17,-,259,162,81
TXO,202610,20261021.0,39300.0,Call,-,-,-,-,6850,-,-,0,0,0,0,6810,6880,-,-
TXO,202610,20261021.0,39300.0,Put,-,-,-,-,86,-,-,0,0,0,5,-,187,525,78
TXO,202610,20261021.0,39400.0,Call,-,-,-,-,6750,-,-,0,0,0,0,-,6780,-,-
TXO,202610,20261021.0,39400.0,Put,-,-,-,-,89,-,-,0,0,0,35,88,91,545,78
TXO,202610,20261021.0,39500.0,Call,-,-,-,-,6650,-,-,0,0,0,1,6620,6680,7030,7030
TXO,202610,20261021.0,39500.0,Put,106,106,90,93,93,▼-56,▼-37.58%,0,14,14,45,2,-,995,81
TXO,202610,20261021.0,39600.0,Call,-,-,-,-,6560,-,-,0,0,0,0,-,6590,-,-
TXO,202610,20261021.0,39600.0,Put,94,94,94,94,94,▼-55,▼-36.91%,2,1,3,16,-,198,1300,87
TXO,202610,20261021.0,39700.0,Call,-,-,-,-,6460,-,-,0,0,0,0,-,-,-,-
TXO,202610,20261021.0,39700.0,Put,-,-,-,-,99,-,-,0,0,0,2,98,101,665,90
TXO,202610,20261021.0,39800.0,Call,-,-,-,-,6360,-,-,0,0,0,0,6330,-,-,-
TXO,202610,20261021.0,39800.0,Put,106,106,104,104,104,▼-57,▼-35.40%,4,2,6,8,-,204,585,93
TXO,202610,20261021.0,39900.0,Call,-,-,-,-,6270,-,-,0,0,0,3,-,-,6680,3150
TXO,202610,20261021.0,39900.0,Put,-,-,-,-,107,-,-,1,0,1,13,106,109,2760,95
TXO,202610,20261021.0,40000.0,Call,6080,6080,6080,6080,6170,▲+180,▲+3.05%,0,1,1,1,6150,6210,6080,6080
TXO,202610,20261021.0,40000.0,Put,155,155,102,114,114,▼-68,▼-37.36%,21,219,240,653,110,180,2490,92
TXO,202610,20261021.0,40100.0,Call,-,-,-,-,6080,-,-,0,0,0,0,6050,6100,-,-
TXO,202610,20261021.0,40100.0,Put,160,160,144,144,115,▼-40,▼-21.74%,13,5,18,35,88,-,660,99
TXO,202610,20261021.0,40200.0,Call,-,-,-,-,5980,-,-,0,0,0,0,5960,6010,-,-
TXO,202610,20261021.0,40200.0,Put,139,139,125,125,120,▼-70,▼-35.90%,4,3,7,18,119,122,630,125
TXO,202610,20261021.0,40300.0,Call,-,-,-,-,5890,-,-,0,0,0,0,5860,5910,-,-
TXO,202610,20261021.0,40300.0,Put,165,165,153,153,124,▼-49,▼-24.26%,1,2,3,19,-,226,2940,107
TXO,202610,20261021.0,40400.0,Call,-,-,-,-,5790,-,-,0,0,0,0,-,5820,-,-
TXO,202610,20261021.0,40400.0,Put,171,171,128,128,128,▼-87,▼-40.47%,3,2,5,17,128,131,300,116
TXO,202610,20261021.0,40500.0,Call,-,-,-,-,5700,-,-,0,0,0,0,-,5720,-,-
TXO,202610,20261021.0,40500.0,Put,217,217,128,136,136,▼-81,▼-37.33%,0,39,39,70,133,137,2730,112
TXO,202610,20261021.0,40600.0,Call,-,-,-,-,5600,-,-,0,0,0,0,5580,-,-,-
TXO,202610,20261021.0,40600.0,Put,227,227,134,146,146,▼-81,▼-35.68%,0,32,32,20,139,144,1260,130
TXO,202610,20261021.0,40700.0,Call,-,-,-,-,5510,-,-,0,0,0,0,5480,5530,-,-
TXO,202610,20261021.0,40700.0,Put,194,194,170,170,147,▼-61,▼-26.41%,0,4,4,10,145,150,1540,133
TXO,202610,20261021.0,40800.0,Call,-,-,-,-,5420,-,-,0,0,0,1,5390,5500,5680,3010
TXO,202610,20261021.0,40800.0,Put,-,-,-,-,153,-,-,0,0,0,6,54,-,2920,135
TXO,202610,20261021.0,40900.0,Call,-,-,-,-,5320,-,-,0,0,0,0,-,5350,-,-
TXO,202610,20261021.0,40900.0,Put,215,215,150,150,160,▼-112,▼-42.75%,6,27,33,34,158,163,3100,150
TXO,202610,20261021.0,41000.0,Call,-,-,-,-,5230,-,-,0,0,0,0,-,-,4060,2930
TXO,202610,20261021.0,41000.0,Put,238,238,160,169,169,▼-96,▼-36.23%,11,56,67,260,68,179,3020,133
TXO,202610,20261021.0,41100.0,Call,-,-,-,-,5140,-,-,0,0,0,0,-,-,-,-
TXO,202610,20261021.0,41100.0,Put,-,-,-,-,174,-,-,0,0,0,12,-,-,2590,183
TXO,202610,20261021.0,41200.0,Call,4980,4980,4980,4980,5040,▲+160,▲+3.32%,0,1,1,1,5020,5070,4980,3580
TXO,202610,20261021.0,41200.0,Put,215,215,181,181,181,▼-108,▼-37.37%,1,6,7,16,53,284,2540,145
TXO,202610,20261021.0,41300.0,Call,-,-,-,-,4950,-,-,0,0,0,0,4930,4980,-,-
TXO,202610,20261021.0,41300.0,Put,215,215,189,189,189,▼-112,▼-37.21%,0,6,6,34,187,192,760,162
TXO,202610,20261021.0,41400.0,Call,-,-,-,-,4860,-,-,0,0,0,0,-,4890,-,-
TXO,202610,20261021.0,41400.0,Put,275,283,196,196,196,▼-113,▼-36.57%,0,7,7,11,99,300,800,156
TXO,202610,20261021.0,41500.0,Call,-,-,-,-,4770,-,-,0,0,0,1,4610,4800,4460,4460
TXO,202610,20261021.0,41500.0,Put,292,292,202,211,211,▼-118,▼-35.87%,3,35,38,97,203,208,2280,168
TXO,202610,20261021.0,41600.0,Call,-,-,-,-,4680,-,-,0,0,0,1,4360,4700,3210,3210
TXO,202610,20261021.0,41600.0,Put,230,230,219,219,219,▼-121,▼-35.59%,2,2,4,18,117,315,2550,192
TXO,202610,20261021.0,41700.0,Call,-,-,-,-,4590,-,-,0,0,0,0,-,4610,-,-
TXO,202610,20261021.0,41700.0,Put,309,309,230,230,230,▼-124,▼-35.03%,2,8,10,17,221,226,975,185
TXO,202610,20261021.0,41800.0,Call,-,-,-,-,4500,-,-,0,0,0,0,-,-,-,-
TXO,202610,20261021.0,41800.0,Put,310,310,239,239,239,▼-116,▼-32.68%,0,14,14,25,230,236,2140,198
TXO,202610,20261021.0,41900.0,Call,-,-,-,-,4410,-,-,0,0,0,0,-,4430,-,-
TXO,202610,20261021.0,41900.0,Put,298,298,242,250,250,▼-133,▼-34.73%,0,8,8,11,148,-,2830,240
TXO,202610,20261021.0,42000.0,Call,-,-,-,-,4320,-,-,0,0,0,0,4290,-,-,-
TXO,202610,20261021.0,42000.0,Put,350,351,248,259,259,▼-141,▼-35.25%,11,188,199,229,252,257,3500,186
TXO,202610,20261021.0,42100.0,Call,-,-,-,-,4230,-,-,0,0,0,0,-,4260,-,-
TXO,202610,20261021.0,42100.0,Put,328,328,272,272,272,▼-143,▼-34.46%,2,15,17,16,171,-,640,207
TXO,202610,20261021.0,42200.0,Call,-,-,-,-,4140,-,-,0,0,0,2,-,4170,4200,2000
TXO,202610,20261021.0,42200.0,Put,375,375,278,278,278,▼-157,▼-36.09%,2,125,127,171,275,281,2120,210
TXO,202610,20261021.0,42300.0,Call,-,-,-,-,4050,-,-,0,0,0,0,-,4080,-,-
TXO,202610,20261021.0,42300.0,Put,357,357,292,292,292,▼-154,▼-34.53%,0,12,12,22,286,292,985,223
TXO,202610,20261021.0,42400.0,Call,-,-,-,-,3970,-,-,0,0,0,2,-,3990,5310,2960
TXO,202610,20261021.0,42400.0,Put,372,375,304,304,304,▼-162,▼-34.76%,0,16,16,16,-,410,3760,246
TXO,202610,20261021.0,42500.0,Call,-,-,-,-,3880,-,-,0,0,0,0,3860,3910,5210,2120
TXO,202610,20261021.0,42500.0,Put,450,450,314,314,314,▼-181,▼-36.57%,0,51,51,135,314,320,1850,242
TXO,202610,20261021.0,42600.0,Call,3760,3760,3650,3650,3800,▲+10,▲+0.27%,0,6,6,1,3750,-,3760,3610
TXO,202610,20261021.0,42600.0,Put,445,445,332,332,332,▼-173,▼-34.26%,1,15,16,31,327,333,1150,244
TXO,202610,20261021.0,42700.0,Call,-,-,-,-,3710,-,-,0,0,0,1,-,3730,4190,4190
TXO,202610,20261021.0,42700.0,Put,431,448,348,348,348,▼-172,▼-33.08%,5,17,22,39,252,-,1870,251
TXO,202610,20261021.0,42800.0,Call,3620,3780,3600,3600,3630,▲+120,▲+3.45%,0,5,5,2,3600,3650,3780,3580
TXO,202610,20261021.0,42800.0,Put,442,464,362,365,365,▼-180,▼-33.03%,4,19,23,112,357,364,3100,275
TXO,202610,20261021.0,42900.0,Call,-,-,-,-,3540,-,-,0,0,0,0,-,3560,4410,3070
TXO,202610,20261021.0,42900.0,Put,439,439,380,380,380,▼-185,▼-32.74%,4,14,18,63,-,497,3050,298
TXO,202610,20261021.0,43000.0,Call,-,-,-,-,3460,-,-,0,0,0,2,3330,3480,3520,3180
TXO,202610,20261021.0,43000.0,Put,555,555,390,394,394,▼-196,▼-33.22%,24,202,226,464,379,410,4200,280
TXO,202610,20261021.0,43100.0,Call,-,-,-,-,3370,-,-,0,0,0,0,3350,-,-,-
TXO,202610,20261021.0,43100.0,Put,560,560,410,416,416,▼-189,▼-31.24%,1,23,24,29,404,411,1390,340
TXO,202610,20261021.0,43200.0,Call,-,-,-,-,3290,-,-,0,0,0,2,3140,3480,3750,2950
TXO,202610,20261021.0,43200.0,Put,520,520,416,432,432,▼-198,▼-31.43%,11,32,43,58,422,428,1000,326
TXO,202610,20261021.0,43300.0,Call,-,-,-,-,3210,-,-,0,0,0,0,3190,3230,-,-
TXO,202610,20261021.0,43300.0,Put,585,585,433,445,445,▼-205,▼-31.54%,2,18,20,76,440,447,1470,341
TXO,202610,20261021.0,43400.0,Call,-,-,-,-,3130,-,-,0,0,0,1,2980,3150,3610,2880
TXO,202610,20261021.0,43400.0,Put,620,620,471,477,477,▼-198,▼-29.33%,5,40,45,44,459,466,2890,337
TXO,202610,20261021.0,43500.0,Call,-,-,-,-,3050,-,-,0,0,0,60,-,3080,3100,1570
TXO,202610,20261021.0,43500.0,Put,600,610,477,481,481,▼-224,▼-31.77%,14,58,72,322,478,486,3050,374
TXO,202610,20261021.0,43600.0,Call,-,-,-,-,2970,-,-,0,0,0,70,2820,3000,3300,2770
TXO,202610,20261021.0,43600.0,Put,640,640,515,515,515,▼-210,▼-28.97%,0,65,65,82,420,505,2850,385
TXO,202610,20261021.0,43700.0,Call,-,-,-,-,2890,-,-,0,0,0,35,2870,2920,4280,2710
TXO,202610,20261021.0,43700.0,Put,625,625,545,545,545,▼-205,▼-27.33%,0,6,6,34,520,530,2920,390
TXO,202610,20261021.0,43800.0,Call,-,-,-,-,2810,-,-,0,0,0,25,2790,2840,3740,1650
TXO,202610,20261021.0,43800.0,Put,675,675,540,565,555,▼-215,▼-27.56%,3,16,19,22,465,-,3100,401
TXO,202610,20261021.0,43900.0,Call,-,-,-,-,2740,-,-,0,0,0,20,2710,-,3660,2590
TXO,202610,20261021.0,43900.0,Put,770,770,560,560,560,▼-250,▼-30.86%,2,11,13,67,565,575,3140,446
TXO,202610,20261021.0,44000.0,Call,-,-,-,-,2660,-,-,0,0,0,18,2640,-,3460,1520
TXO,202610,20261021.0,44000.0,Put,810,810,585,605,605,▼-230,▼-27.54%,58,166,224,503,515,610,2770,420
TXO,202610,20261021.0,44100.0,Call,-,-,-,-,2590,-,-,0,0,0,5,2560,2610,2750,1540
TXO,202610,20261021.0,44100.0,Put,655,655,655,655,620,▼-215,▼-24.71%,0,1,1,45,535,-,3230,496
TXO,202610,20261021.0,44200.0,Call,2450,2570,2450,2570,2510,▲+140,▲+5.76%,0,2,2,5,2370,-,3680,2390
TXO,202610,20261021.0,44200.0,Put,875,875,640,650,650,▼-250,▼-27.78%,3,19,22,28,565,750,2730,472
TXO,202610,20261021.0,44300.0,Call,-,-,-,-,2440,-,-,0,0,0,1,-,2460,3340,2440
TXO,202610,20261021.0,44300.0,Put,865,875,670,685,685,▼-260,▼-27.51%,5,22,27,38,590,740,2040,500
TXO,202610,20261021.0,44400.0,Call,-,-,-,-,2370,-,-,0,0,0,20,2350,2380,3360,1410
TXO,202610,20261021.0,44400.0,Put,865,865,705,705,705,▼-245,▼-25.79%,0,21,21,25,615,-,2180,505
TXO,202610,20261021.0,44500.0,Call,2270,2300,2180,2240,2290,▲+10,▲+0.45%,0,4,4,21,2150,-,3070,1900
TXO,202610,20261021.0,44500.0,Put,990,990,730,735,735,▼-255,▼-25.76%,13,34,47,51,690,-,4990,505
TXO,202610,20261021.0,44600.0,Call,-,-,-,-,2230,-,-,0,0,0,15,2220,2240,3110,2130
TXO,202610,20261021.0,44600.0,Put,855,855,760,760,760,▼-270,▼-26.21%,11,5,16,83,750,760,1220,515
TXO,202610,20261021.0,44700.0,Call,-,-,-,-,2160,-,-,0,0,0,24,-,-,3380,1350
TXO,202610,20261021.0,44700.0,Put,940,940,800,800,800,▼-270,▼-25.23%,0,9,9,26,785,790,2050,575
TXO,202610,20261021.0,44800.0,Call,2060,2060,2060,2060,2090,▲+20,▲+0.98%,2,1,3,141,2000,2100,2950,1830
TXO,202610,20261021.0,44800.0,Put,970,970,835,835,835,▼-265,▼-24.09%,9,20,29,138,745,-,2220,575
TXO,202610,20261021.0,44900.0,Call,2000,2000,1980,1980,2020,▲+10,▲+0.51%,0,4,4,5,-,-,2870,1950
TXO,202610,20261021.0,44900.0,Put,1070,1070,865,865,865,▼-275,▼-24.12%,6,17,23,55,845,855,1390,595
TXO,202610,20261021.0,45000.0,Call,1940,2100,1880,1930,1930,▲+40,▲+2.12%,0,22,22,32,1940,1960,3300,1600
TXO,202610,20261021.0,45000.0,Put,1130,1130,880,885,885,▼-305,▼-25.63%,32,125,157,239,850,995,2760,605
TXO,202610,20261021.0,45100.0,Call,-,-,-,-,1890,-,-,0,0,0,1,1880,1900,3100,2020
TXO,202610,20261021.0,45100.0,Put,1130,1130,955,955,920,▼-265,▼-21.72%,6,2,8,48,770,1100,2640,650
TXO,202610,20261021.0,45200.0,Call,-,-,-,-,1820,-,-,1,0,1,1,1810,1830,2910,1670
TXO,202610,20261021.0,45200.0,Put,1010,1010,970,970,970,▼-290,▼-23.02%,13,7,20,50,880,-,3950,680
TXO,202610,20261021.0,45300.0,Call,1810,1910,1640,1690,1760,▼-40,▼-2.31%,0,25,25,10,1630,1840,2700,1130
TXO,202610,20261021.0,45300.0,Put,1150,1160,980,1000,1000,▼-300,▼-23.08%,6,16,22,23,980,995,2510,710
TXO,202610,20261021.0,45400.0,Call,-,-,-,-,1700,-,-,0,0,0,1,-,-,3120,1820
TXO,202610,20261021.0,45400.0,Put,1250,1250,1050,1050,1050,▼-290,▼-21.64%,3,4,7,33,1020,1030,1400,735
TXO,202610,20261021.0,45500.0,Call,1630,1740,1530,1570,1640,▼-30,▼-1.88%,6,22,28,29,1620,1640,2840,1160
TXO,202610,20261021.0,45500.0,Put,1350,1350,1070,1090,1090,▼-300,▼-21.58%,33,32,65,86,1000,1400,1780,740
TXO,202610,20261021.0,45600.0,Call,1560,1650,1530,1530,1580,▼-10,▼-0.65%,1,51,52,76,1560,1580,2800,1480
TXO,202610,20261021.0,45600.0,Put,1190,1190,1100,1100,1100,▼-320,▼-22.54%,12,14,26,47,1040,-,2470,825
TXO,202610,20261021.0,45700.0,Call,1500,1660,1400,1430,1520,▼-80,▼-5.30%,4,69,73,70,1450,-,2180,1390
TXO,202610,20261021.0,45700.0,Put,1360,1360,1190,1190,1150,▼-290,▼-19.59%,9,10,19,22,1140,1160,1640,810
TXO,202610,20261021.0,45800.0,Call,1460,1510,1350,1450,1450,▼-30,▼-2.03%,2,35,37,52,1450,1470,2800,1350
TXO,202610,20261021.0,45800.0,Put,1470,1470,1210,1210,1210,▼-330,▼-21.43%,13,41,54,64,1140,1200,2230,875
TXO,202610,20261021.0,45900.0,Call,1440,1440,1300,1360,1410,▼-40,▼-2.86%,0,10,10,21,-,1660,2730,1160
TXO,202610,20261021.0,45900.0,Put,1400,1410,1260,1260,1230,▼-310,▼-19.75%,1,23,24,47,1220,1240,1620,905
TXO,202610,20261021.0,46000.0,Call,1320,1510,1220,1330,1330,0,0%,22,109,131,176,1320,-,2680,970
TXO,202610,20261021.0,46000.0,Put,1570,1570,1270,1270,1270,▼-350,▼-21.60%,12,165,177,225,1270,1280,3660,890
TXO,202610,20261021.0,46100.0,Call,1350,1350,1190,1260,1290,▼-40,▼-3.08%,4,38,42,72,1280,1300,2520,1190
TXO,202610,20261021.0,46100.0,Put,1370,1370,1330,1330,1330,▼-340,▼-20.36%,1,13,14,27,1310,1330,2260,975
TXO,202610,20261021.0,46200.0,Call,1210,1410,1130,1220,1220,▼-30,▼-2.40%,2,36,38,35,-,1300,2520,1130
TXO,202610,20261021.0,46200.0,Put,1650,1650,1400,1400,1360,▼-320,▼-18.60%,2,13,15,29,1350,1370,2690,970
TXO,202610,20261021.0,46300.0,Call,1210,1350,1080,1130,1190,▼-70,▼-5.83%,0,18,18,46,1170,1190,2420,1080
TXO,202610,20261021.0,46300.0,Put,1450,1450,1440,1440,1410,▼-330,▼-18.64%,0,8,8,23,1400,1420,2900,1040
TXO,202610,20261021.0,46400.0,Call,1190,1190,1040,1080,1130,▼-50,▼-4.42%,1,20,21,22,1000,1220,2400,790
TXO,202610,20261021.0,46400.0,Put,1640,1640,1480,1480,1450,▼-340,▼-18.68%,3,3,6,12,1450,1470,1970,1060
TXO,202610,20261021.0,46500.0,Call,1070,1240,990,1070,1070,▼-20,▼-1.83%,19,102,121,115,1070,1090,2310,980
TXO,202610,20261021.0,46500.0,Put,1800,1800,1530,1530,1530,▼-340,▼-18.18%,5,15,20,169,-,1620,2080,1040
TXO,202610,20261021.0,46600.0,Call,1050,1160,940,940,1030,▼-120,▼-11.32%,9,40,49,80,910,-,2240,940
TXO,202610,20261021.0,46600.0,Put,1600,1600,1600,1600,1560,▼-320,▼-16.67%,0,1,1,4,1550,1570,2010,1130
TXO,202610,20261021.0,46700.0,Call,1000,1080,920,945,980,▼-75,▼-7.35%,3,73,76,96,875,-,1980,920
TXO,202610,20261021.0,46700.0,Put,1880,1880,1650,1650,1610,▼-330,▼-16.67%,0,3,3,18,-,-,2080,1200
TXO,202610,20261021.0,46800.0,Call,975,1090,850,895,940,▼-80,▼-8.21%,0,94,94,102,930,940,2150,850
TXO,202610,20261021.0,46800.0,Put,1700,1700,1700,1700,1670,▼-340,▼-16.67%,0,1,1,6,-,1790,2420,1330
TXO,202610,20261021.0,46900.0,Call,930,1030,845,855,890,▼-65,▼-7.07%,1,87,88,93,850,960,2080,845
TXO,202610,20261021.0,46900.0,Put,-,-,-,-,1720,-,-,0,0,0,13,-,-,4010,1310
TXO,202610,20261021.0,47000.0,Call,860,1010,755,840,840,▼-50,▼-5.62%,25,583,608,760,810,870,2260,755
TXO,202610,20261021.0,47000.0,Put,2120,2120,1780,1830,1770,▼-320,▼-14.88%,28,24,52,140,1690,1940,4240,1250
TXO,202610,20261021.0,47100.0,Call,810,930,710,800,800,▼-55,▼-6.43%,1,388,389,370,2.2,875,1920,710
TXO,202610,20261021.0,47100.0,Put,-,-,-,-,1830,-,-,0,0,0,2,-,1960,1600,1450
TXO,202610,20261021.0,47200.0,Call,800,905,670,745,745,▼-55,▼-6.88%,2,406,408,393,755,795,2250,670
TXO,202610,20261021.0,47200.0,Put,1900,1900,1900,1900,1900,▼-380,▼-16.67%,0,1,1,10,1880,1900,2430,1430
TXO,202610,20261021.0,47300.0,Call,765,870,660,690,725,▼-90,▼-11.54%,10,24,34,28,690,800,1820,660
TXO,202610,20261021.0,47300.0,Put,1970,1970,1970,1970,1970,▼-370,▼-15.81%,0,1,1,10,1940,1960,2640,1430
TXO,202610,20261021.0,47400.0,Call,780,830,630,675,675,▼-65,▼-8.78%,2,41,43,42,680,690,2030,630
TXO,202610,20261021.0,47400.0,Put,-,-,-,-,2020,-,-,0,0,0,13,-,-,2500,1480
TXO,202610,20261021.0,47500.0,Call,720,795,585,630,630,▼-60,▼-8.70%,13,64,77,145,645,655,2040,585
TXO,202610,20261021.0,47500.0,Put,2160,2160,2160,2160,2080,▼-310,▼-12.55%,0,4,4,20,2070,2090,2670,1440
TXO,202610,20261021.0,47600.0,Call,660,690,605,605,605,▼-70,▼-10.37%,2,16,18,32,510,-,1650,605
TXO,202610,20261021.0,47600.0,Put,-,-,-,-,2140,-,-,0,0,0,24,2130,2150,2040,1560
TXO,202610,20261021.0,47700.0,Call,635,725,520,555,585,▼-90,▼-13.95%,4,39,43,48,525,610,2100,520
TXO,202610,20261021.0,47700.0,Put,-,-,-,-,2210,-,-,0,0,0,14,-,2310,2550,1610
TXO,202610,20261021.0,47800.0,Call,595,690,488,515,550,▼-75,▼-12.71%,8,35,43,45,545,555,1740,488
TXO,202610,20261021.0,47800.0,Put,-,-,-,-,2280,-,-,0,0,0,6,-,2380,1740,1740
TXO,202610,20261021.0,47900.0,Call,550,630,454,454,520,▼-131,▼-22.39%,1,8,9,35,362,595,1410,454
TXO,202610,20261021.0,47900.0,Put,-,-,-,-,2350,-,-,0,0,0,6,-,2370,1790,1790
TXO,202610,20261021.0,48000.0,Call,520,615,421,487,487,▼-53,▼-9.81%,44,198,242,417,488,530,1780,421
TXO,202610,20261021.0,48000.0,Put,-,-,-,-,2420,-,-,0,0,0,17,-,2530,4790,1720
TXO,202610,20261021.0,48100.0,Call,535,585,403,442,442,▼-78,▼-15.00%,1,54,55,72,458,465,1630,403
TXO,202610,20261021.0,48100.0,Put,-,-,-,-,2490,-,-,0,0,0,1,-,2600,1880,1880
TXO,202610,20261021.0,48200.0,Call,491,560,374,419,419,▼-71,▼-14.49%,10,110,120,114,333,530,1550,374
TXO,202610,20261021.0,48200.0,Put,-,-,-,-,2560,-,-,0,0,0,2,-,2720,2260,1930
TXO,202610,20261021.0,48300.0,Call,448,515,354,396,396,▼-65,▼-14.10%,3,28,31,89,406,412,1290,354
TXO,202610,20261021.0,48300.0,Put,-,-,-,-,2640,-,-,0,0,0,1,2610,2660,1990,1990
TXO,202610,20261021.0,48400.0,Call,437,489,338,366,366,▼-75,▼-17.01%,20,17,37,101,381,388,1270,338
TXO,202610,20261021.0,48400.0,Put,-,-,-,-,2710,-,-,0,0,0,4,2690,2740,2050,2040
TXO,202610,20261021.0,48500.0,Call,420,470,320,357,357,▼-61,▼-14.59%,11,40,51,132,357,362,1510,320
TXO,202610,20261021.0,48500.0,Put,3060,3060,3060,3060,2790,▼-120,▼-3.77%,0,1,1,8,2760,2810,3060,2070
TXO,202610,20261021.0,48600.0,Call,424,442,307,336,336,▼-57,▼-14.50%,1,27,28,39,337,344,1180,307
TXO,202610,20261021.0,48600.0,Put,-,-,-,-,2870,-,-,0,0,0,0,-,-,-,-
TXO,202610,20261021.0,48700.0,Call,375,425,285,313,313,▼-58,▼-15.63%,5,22,27,30,316,322,1100,285
TXO,202610,20261021.0,48700.0,Put,-,-,-,-,2950,-,-,0,0,0,0,2920,2970,2420,2420
TXO,202610,20261021.0,48800.0,Call,350,362,269,292,292,▼-57,▼-16.33%,12,19,31,42,-,690,1240,269
TXO,202610,20261021.0,48800.0,Put,-,-,-,-,3030,-,-,0,0,0,0,3000,3050,-,-
TXO,202610,20261021.0,48900.0,Call,313,375,246,268,268,▼-66,▼-19.76%,4,21,25,67,167,375,1060,246
TXO,202610,20261021.0,48900.0,Put,-,-,-,-,3110,-,-,0,0,0,0,3080,-,-,-
TXO,202610,20261021.0,49000.0,Call,319,364,224,262,262,▼-54,▼-17.09%,22,177,199,283,255,430,1300,224
TXO,202610,20261021.0,49000.0,Put,-,-,-,-,3190,-,-,0,0,0,5,3170,3360,5700,2350
TXO,202610,20261021.0,49100.0,Call,315,336,233,246,246,▼-59,▼-19.34%,4,35,39,84,244,250,975,233
TXO,202610,20261021.0,49100.0,Put,-,-,-,-,3270,-,-,0,0,0,0,3250,-,-,-
TXO,202610,20261021.0,49200.0,Call,319,325,221,221,231,▼-66,▼-23.00%,4,9,13,35,231,236,1390,221
TXO,202610,20261021.0,49200.0,Put,3370,3370,3370,3370,3370,▼-370,▼-9.89%,0,3,3,3,-,-,3370,3370
TXO,202610,20261021.0,49300.0,Call,270,306,182,201,221,▼-71,▼-26.10%,0,10,10,18,185,356,1010,182
TXO,202610,20261021.0,49300.0,Put,-,-,-,-,3450,-,-,0,0,0,0,-,3470,-,-
TXO,202610,20261021.0,49400.0,Call,255,261,180,180,208,▼-65,▼-26.53%,0,3,3,43,79,300,990,180
TXO,202610,20261021.0,49400.0,Put,-,-,-,-,3530,-,-,0,0,0,0,3510,3550,-,-
TXO,202610,20261021.0,49500.0,Call,254,268,165,194,194,▼-44,▼-18.49%,5,41,46,453,184,242,1410,165
TXO,202610,20261021.0,49500.0,Put,-,-,-,-,3620,-,-,0,0,0,0,3590,-,-,-
TXO,202610,20261021.0,49600.0,Call,220,230,218,230,184,▲+6,▲+2.68%,8,8,16,46,179,184,760,200
TXO,202610,20261021.0,49600.0,Put,-,-,-,-,3710,-,-,0,0,0,0,3680,3730,-,-
TXO,202610,20261021.0,49700.0,Call,228,231,162,162,162,▼-54,▼-25.00%,2,18,20,38,48,249,940,162
TXO,202610,20261021.0,49700.0,Put,-,-,-,-,3800,-,-,0,0,0,0,3770,-,-,-
TXO,202610,20261021.0,49800.0,Call,201,218,201,210,161,▲+10,▲+5.00%,4,7,11,26,156,161,695,200
TXO,202610,20261021.0,49800.0,Put,-,-,-,-,3890,-,-,0,0,0,0,-,3910,-,-
TXO,202610,20261021.0,49900.0,Call,-,-,-,-,151,-,-,2,0,2,17,146,151,850,172
TXO,202610,20261021.0,49900.0,Put,-,-,-,-,3980,-,-,0,0,0,1,-,-,2880,2880
TXO,202610,20261021.0,50000.0,Call,179,202,118,138,138,▼-41,▼-22.91%,29,310,339,475,138,140,1180,118
TXO,202610,20261021.0,50000.0,Put,-,-,-,-,4070,-,-,0,0,0,1,4040,-,4700,4700
TXO,202610,20261021.0,50100.0,Call,-,-,-,-,135,-,-,3,0,3,40,-,140,840,170
TXO,202610,20261021.0,50100.0,Put,-,-,-,-,4160,-,-,0,0,0,0,1,-,-,-
TXO,202610,20261021.0,50200.0,Call,160,171,119,119,119,▼-35,▼-22.73%,10,11,21,68,7.8,-,740,119
TXO,202610,20261021.0,50200.0,Put,4270,4270,4270,4270,4260,▼-350,▼-7.58%,0,1,1,1,4220,4400,4270,3200
TXO,202610,20261021.0,50300.0,Call,160,160,160,160,117,▲+13,▲+8.84%,4,2,6,59,114,117,750,145
TXO,202610,20261021.0,50300.0,Put,-,-,-,-,4340,-,-,0,0,0,0,4310,4360,-,-
TXO,202610,20261021.0,50400.0,Call,106,106,106,106,106,▼-35,▼-24.82%,7,1,8,20,107,110,560,106
TXO,202610,20261021.0,50400.0,Put,-,-,-,-,4430,-,-,0,0,0,0,-,-,3350,3280
TXO,202610,20261021.0,50500.0,Call,125,143,88,103,103,▼-36,▼-25.90%,11,35,46,88,100,103,890,88
TXO,202610,20261021.0,50500.0,Put,-,-,-,-,4530,-,-,0,0,0,0,4500,4550,-,-
TXO,202610,20261021.0,50600.0,Call,130,136,88,88,97,▼-39,▼-30.71%,10,7,17,13,94,97,705,88
TXO,202610,20261021.0,50600.0,Put,-,-,-,-,4620,-,-,0,0,0,0,4590,-,-,-
TXO,202610,20261021.0,50700.0,Call,-,-,-,-,91,-,-,0,0,0,6,88,91,500,121
TXO,202610,20261021.0,50700.0,Put,-,-,-,-,4710,-,-,0,0,0,0,4690,-,-,-
TXO,202610,20261021.0,50800.0,Call,77,82,71,81,81,▼-31,▼-27.68%,2,287,289,289,66,-,615,71
TXO,202610,20261021.0,50800.0,Put,-,-,-,-,4810,-,-,0,0,0,0,4780,4830,-,-
TXO,202610,20261021.0,50900.0,Call,108,113,69,78,78,▼-29,▼-27.10%,9,22,31,28,64,4640,795,69
TXO,202610,20261021.0,50900.0,Put,-,-,-,-,4900,-,-,0,0,0,0,4880,-,-,-
TXO,202610,20261021.0,51000.0,Call,97,106,63,73,73,▼-26,▼-26.26%,18,310,328,437,74,75,800,63
TXO,202610,20261021.0,51000.0,Put,-,-,-,-,5000,-,-,0,0,0,0,4970,-,-,-
TXO,202610,20261021.0,51100.0,Call,67,67,67,67,67,▼-27,▼-28.72%,0,8,8,7,-,-,810,67
TXO,202610,20261021.0,51100.0,Put,-,-,-,-,5090,-,-,0,0,0,0,-,-,-,-
TXO,202610,20261021.0,51200.0,Call,68,68,56,62,62,▼-26,▼-29.55%,2,4,6,10,5,-,650,56
TXO,202610,20261021.0,51200.0,Put,-,-,-,-,5190,-,-,0,0,0,0,-,5210,-,-
TXO,202610,20261021.0,51300.0,Call,-,-,-,-,59,-,-,1,0,1,7,16.5,83,291,79
TXO,202610,20261021.0,51300.0,Put,-,-,-,-,5280,-,-,0,0,0,0,-,-,-,-
TXO,202610,20261021.0,51400.0,Call,72,72,48,55,55,▼-21,▼-27.63%,0,3,3,7,55,58,515,48
TXO,202610,20261021.0,51400.0,Put,-,-,-,-,5380,-,-,0,0,0,0,5350,-,-,-
TXO,202610,20261021.0,51500.0,Call,67,75,44,51,51,▼-16,▼-23.88%,4,61,65,136,52,54,630,44
TXO,202610,20261021.0,51500.0,Put,-,-,-,-,5470,-,-,0,0,0,0,5450,-,-,-
TXO,202610,20261021.0,51600.0,Call,42,42,40,42,50,▼-20,▼-32.26%,0,40,40,41,47.5,50,520,40
TXO,202610,20261021.0,51600.0,Put,-,-,-,-,5570,-,-,0,0,0,0,-,5600,-,-
TXO,202610,20261021.0,51700.0,Call,62,62,62,62,46.5,▲+2,▲+3.33%,0,1,1,3,44,46.5,610,60
TXO,202610,20261021.0,51700.0,Put,-,-,-,-,5670,-,-,0,0,0,0,-,5690,-,-
TXO,202610,20261021.0,51800.0,Call,60,60,36.5,36.5,43.5,▼-22.5,▼-38.14%,7,35,42,19,41,43.5,445,36.5
TXO,202610,20261021.0,51800.0,Put,-,-,-,-,5760,-,-,0,0,0,0,-,-,-,-
TXO,202610,20261021.0,51900.0,Call,-,-,-,-,41,-,-,0,0,0,1,39,41,1080,54
TXO,202610,20261021.0,51900.0,Put,-,-,-,-,5860,-,-,0,0,0,0,5830,5890,-,-
TXO,202610,20261021.0,52000.0,Call,49,53,32,37,37,▼-12,▼-24.49%,11,255,266,479,35,37.5,1020,32
TXO,202610,20261021.0,52000.0,Put,-,-,-,-,5960,-,-,0,0,0,0,5930,-,-,-
TXO,202610,20261021.0,52100.0,Call,41,41,34,34,34,▼-13.5,▼-28.42%,0,31,31,33,34,36,495,34
TXO,202610,20261021.0,52100.0,Put,-,-,-,-,6060,-,-,0,0,0,0,-,-,-,-
TXO,202610,20261021.0,52200.0,Call,43,44,28,33.5,33.5,▼-11,▼-24.72%,3,8,11,16,31.5,33.5,412,28
TXO,202610,20261021.0,52200.0,Put,-,-,-,-,6150,-,-,0,0,0,0,6130,6180,-,-
TXO,202610,20261021.0,52300.0,Call,41,41,41,41,31,▲+1,▲+2.50%,2,4,6,7,-,39.5,1000,39
TXO,202610,20261021.0,52300.0,Put,-,-,-,-,6250,-,-,0,0,0,0,-,6280,-,-
TXO,202610,20261021.0,52400.0,Call,35.5,38,26,29.5,29.5,▼-8.5,▼-22.37%,1,61,62,66,0.1,-,865,26
TXO,202610,20261021.0,52400.0,Put,-,-,-,-,6350,-,-,0,0,0,0,6320,-,-,-
TXO,202610,20261021.0,52500.0,Call,34.5,39,25.5,25.5,27.5,▼-9.5,▼-27.14%,4,75,79,131,5,124,940,25.5
TXO,202610,20261021.0,52500.0,Put,-,-,-,-,6450,-,-,0,0,0,0,-,6480,-,-
TXO,202610,20261021.0,52600.0,Call,23,25,23,25,25,▼-7,▼-21.88%,1,3,4,26,24.5,26,250,7.7
TXO,202610,20261021.0,52600.0,Put,-,-,-,-,6540,-,-,0,0,0,0,6520,-,-,-
TXO,202610,20261021.0,52700.0,Call,23.5,23.5,23.5,23.5,23.5,▼-7,▼-22.95%,0,1,1,18,0.1,122,310,23.5
TXO,202610,20261021.0,52700.0,Put,-,-,-,-,6640,-,-,0,0,0,0,6610,6680,-,-
TXO,202610,20261021.0,52800.0,Call,21.5,22,21.5,22,22,▼-8,▼-26.67%,0,8,8,37,21.5,23,275,21.5
TXO,202610,20261021.0,52800.0,Put,-,-,-,-,6740,-,-,0,0,0,0,6710,6780,-,-
TXO,202610,20261021.0,52900.0,Call,27.5,27.5,19,20.5,20.5,▼-7,▼-25.45%,0,14,14,13,20,21.5,139,19
TXO,202610,20261021.0,52900.0,Put,-,-,-,-,6840,-,-,0,0,0,0,6810,-,-,-
TXO,202610,20261021.0,53000.0,Call,28,28,18.5,19.5,19.5,▼-5.5,▼-22.00%,14,179,193,204,19.5,20.5,379,18.5
TXO,202610,20261021.0,53000.0,Put,-,-,-,-,6940,-,-,0,0,0,0,6910,6970,-,-
TXO,202610,20261021.0,53100.0,Call,17,17,17,17,19,▼-8,▼-32.00%,0,2,2,3,0.1,117,100,17
TXO,202610,20261021.0,53100.0,Put,-,-,-,-,7040,-,-,0,0,0,0,7010,7070,-,-
TXO,202610,20261021.0,53200.0,Call,17,18.5,16.5,18.5,18.5,▼-4.5,▼-19.57%,4,10,14,10,0.1,118,130,16.5
TXO,202610,20261021.0,53200.0,Put,-,-,-,-,7140,-,-,0,0,0,0,-,7170,-,-
TXO,202610,20261021.0,53300.0,Call,22,22,17.5,17.5,17.5,▼-3.5,▼-16.67%,2,2,4,15,0.2,70,122,17.5
TXO,202610,20261021.0,53300.0,Put,-,-,-,-,7230,-,-,0,0,0,0,-,-,-,-
TXO,202610,20261021.0,53400.0,Call,-,-,-,-,16.5,-,-,0,0,0,1,15,16.5,65,24
TXO,202610,20261021.0,53400.0,Put,-,-,-,-,7330,-,-,0,0,0,0,7300,7370,-,-
TXO,202610,20261021.0,53500.0,Call,18.5,19.5,18.5,19.5,15.5,0,0%,3,62,65,35,14.5,19.5,112,18.5
TXO,202610,20261021.0,53500.0,Put,-,-,-,-,7430,-,-,0,0,0,0,-,-,-,-
TXO,202610,20261021.0,53600.0,Call,-,-,-,-,15,-,-,0,0,0,5,14,15,95,50
TXO,202610,20261021.0,53600.0,Put,-,-,-,-,7530,-,-,0,0,0,0,7500,7570,-,-
TXO,202610,20261021.0,53700.0,Call,16,16,16,16,14,▼-1,▼-5.88%,2,1,3,17,-,-,98,16
TXO,202610,20261021.0,53700.0,Put,-,-,-,-,7630,-,-,0,0,0,0,-,7670,-,-
TXO,202610,20261021.0,53800.0,Call,13.5,13.5,13.5,13.5,13.5,▼-3,▼-18.18%,0,3,3,7,-,29,68,13.5
TXO,202610,20261021.0,53800.0,Put,-,-,-,-,7730,-,-,0,0,0,0,-,-,-,-
TXO,202610,20261021.0,53900.0,Call,17,17,15,15.5,13,▲+0.5,▲+3.33%,3,9,12,6,0.2,-,82,15
TXO,202610,20261021.0,53900.0,Put,-,-,-,-,7830,-,-,0,0,0,0,-,-,-,-
TXO,202610,20261021.0,54000.0,Call,16,16,11.5,11.5,12.5,▼-3.5,▼-23.33%,3,59,62,116,5,30,85,11.5
TXO,202610,20261021.0,54000.0,Put,-,-,-,-,7930,-,-,0,0,0,0,7900,-,-,-
TXO,202610,20261021.0,54100.0,Call,-,-,-,-,12,-,-,0,0,0,0,0.2,-,-,-
TXO,202610,20261021.0,54100.0,Put,-,-,-,-,8030,-,-,0,0,0,0,8000,8070,-,-
TXO,202610,20261021.0,54200.0,Call,-,-,-,-,11.5,-,-,0,0,0,1,-,-,34.5,34.5
TXO,202610,20261021.0,54200.0,Put,-,-,-,-,8130,-,-,0,0,0,0,-,-,-,-
TXO,202610,20261021.0,54300.0,Call,-,-,-,-,11,-,-,0,0,0,2,0.3,-,45.5,32
TXO,202610,20261021.0,54300.0,Put,-,-,-,-,8230,-,-,0,0,0,0,-,8270,-,-
TXO,202610,20261021.0,54400.0,Call,-,-,-,-,10.5,-,-,0,0,0,1,9.7,10.5,56,12
TXO,202610,20261021.0,54400.0,Put,-,-,-,-,8330,-,-,0,0,0,0,8290,8370,-,-
TXO,202610,20261021.0,54500.0,Call,11.5,12,6,9.4,9.4,▼-2.1,▼-18.26%,27,44,71,136,9.2,10,61,6
TXO,202610,20261021.0,54500.0,Put,-,-,-,-,8430,-,-,0,0,0,0,8390,8470,-,-
TXO,202611,20261118.0,38000.0,Call,-,-,-,-,8360,-,-,0,0,0,0,8290,-,-,-
TXO,202611,20261118.0,38000.0,Put,200,200,177,177,177,▼-53,▼-23.04%,3,5,8,59,169,177,595,124
TXO,202611,20261118.0,38100.0,Call,-,-,-,-,8270,-,-,0,0,0,0,8200,-,-,-
TXO,202611,20261118.0,38100.0,Put,-,-,-,-,179,-,-,0,0,0,3,174,183,525,192
TXO,202611,20261118.0,38200.0,Call,-,-,-,-,8170,-,-,0,0,0,0,8100,8220,-,-
TXO,202611,20261118.0,38200.0,Put,-,-,-,-,182,-,-,0,0,0,7,83,297,273,123
TXO,202611,20261118.0,38300.0,Call,-,-,-,-,8080,-,-,0,0,0,0,8010,-,-,-
TXO,202611,20261118.0,38300.0,Put,-,-,-,-,188,-,-,0,0,0,5,88,289,555,125
TXO,202611,20261118.0,38400.0,Call,-,-,-,-,7990,-,-,0,0,0,0,-,-,-,-
TXO,202611,20261118.0,38400.0,Put,-,-,-,-,193,-,-,0,0,0,5,94,-,299,123
TXO,202611,20261118.0,38500.0,Call,-,-,-,-,7890,-,-,0,0,0,0,7820,-,-,-
TXO,202611,20261118.0,38500.0,Put,229,229,229,229,199,▼-43,▼-15.81%,0,2,2,25,24,318,585,165
TXO,202611,20261118.0,38600.0,Call,-,-,-,-,7800,-,-,0,0,0,0,-,-,8730,8630
TXO,202611,20261118.0,38600.0,Put,205,205,202,205,205,▼-76,▼-27.05%,0,3,3,8,201,210,317,193
TXO,202611,20261118.0,38700.0,Call,-,-,-,-,7710,-,-,0,0,0,0,-,-,-,-
TXO,202611,20261118.0,38700.0,Put,-,-,-,-,212,-,-,0,0,0,2,207,216,370,164
TXO,202611,20261118.0,38800.0,Call,-,-,-,-,7610,-,-,0,0,0,0,7540,-,-,-
TXO,202611,20261118.0,38800.0,Put,-,-,-,-,219,-,-,0,0,0,1,120,-,204,204
TXO,202611,20261118.0,38900.0,Call,-,-,-,-,7520,-,-,0,0,0,0,7450,-,-,-
TXO,202611,20261118.0,38900.0,Put,-,-,-,-,226,-,-,0,0,0,4,221,230,335,172
TXO,202611,20261118.0,39000.0,Call,-,-,-,-,7430,-,-,0,0,0,0,7360,-,8420,8260
TXO,202611,20261118.0,39000.0,Put,237,237,237,237,237,▼-82,▼-25.71%,2,5,7,23,228,237,402,165
TXO,202611,20261118.0,39100.0,Call,-,-,-,-,7340,-,-,0,0,0,0,7260,-,-,-
TXO,202611,20261118.0,39100.0,Put,-,-,-,-,241,-,-,0,0,0,4,-,-,234,227
TXO,202611,20261118.0,39200.0,Call,-,-,-,-,7240,-,-,0,0,0,0,7170,-,-,-
TXO,202611,20261118.0,39200.0,Put,-,-,-,-,248,-,-,0,0,0,2,243,252,303,206
TXO,202611,20261118.0,39300.0,Call,-,-,-,-,7150,-,-,0,0,0,0,7080,-,-,-
TXO,202611,20261118.0,39300.0,Put,-,-,-,-,256,-,-,0,0,0,5,251,260,650,610
TXO,202611,20261118.0,39400.0,Call,-,-,-,-,7060,-,-,0,0,0,0,6990,-,-,-
TXO,202611,20261118.0,39400.0,Put,-,-,-,-,265,-,-,0,0,0,0,259,269,-,-
TXO,202611,20261118.0,39500.0,Call,-,-,-,-,6970,-,-,0,0,0,0,6900,-,-,-
TXO,202611,20261118.0,39500.0,Put,350,350,275,275,275,▼-96,▼-25.88%,0,8,8,52,269,279,555,208
TXO,202611,20261118.0,39600.0,Call,-,-,-,-,6880,-,-,0,0,0,0,6810,-,-,-
TXO,202611,20261118.0,39600.0,Put,-,-,-,-,283,-,-,0,0,0,1,276,287,469,469
TXO,202611,20261118.0,39700.0,Call,-,-,-,-,6790,-,-,0,0,0,0,6720,-,-,-
TXO,202611,20261118.0,39700.0,Put,-,-,-,-,291,-,-,0,0,0,1,285,296,420,413
TXO,202611,20261118.0,39800.0,Call,-,-,-,-,6700,-,-,0,0,0,0,6630,-,-,-
TXO,202611,20261118.0,39800.0,Put,-,-,-,-,301,-,-,0,0,0,2,295,305,283,208
TXO,202611,20261118.0,39900.0,Call,-,-,-,-,6610,-,-,0,0,0,0,6540,-,-,-
TXO,202611,20261118.0,39900.0,Put,-,-,-,-,311,-,-,0,0,0,2,305,316,210,205
TXO,202611,20261118.0,40000.0,Call,-,-,-,-,6520,-,-,0,0,0,0,-,-,-,-
TXO,202611,20261118.0,40000.0,Put,361,361,317,325,325,▼-99,▼-23.35%,1,7,8,30,315,326,785,214
TXO,202611,20261118.0,40100.0,Call,-,-,-,-,6430,-,-,0,0,0,0,6360,-,-,-
TXO,202611,20261118.0,40100.0,Put,330,330,330,330,330,▼-114,▼-25.68%,0,6,6,6,235,-,330,330
TXO,202611,20261118.0,40200.0,Call,-,-,-,-,6340,-,-,0,0,0,0,-,-,-,-
TXO,202611,20261118.0,40200.0,Put,-,-,-,-,343,-,-,0,0,0,0,246,-,-,-
TXO,202611,20261118.0,40300.0,Call,-,-,-,-,6250,-,-,0,0,0,0,6180,-,-,-
TXO,202611,20261118.0,40300.0,Put,-,-,-,-,352,-,-,0,0,0,5,346,358,469,468
TXO,202611,20261118.0,40400.0,Call,-,-,-,-,6160,-,-,0,0,0,0,6130,-,-,-
TXO,202611,20261118.0,40400.0,Put,360,360,360,360,360,▼-127,▼-26.08%,0,1,1,5,359,371,485,360
TXO,202611,20261118.0,40500.0,Call,-,-,-,-,6070,-,-,0,0,0,0,-,-,-,-
TXO,202611,20261118.0,40500.0,Put,412,412,412,412,373,▼-84,▼-16.94%,0,1,1,21,371,383,505,259
TXO,202611,20261118.0,40600.0,Call,-,-,-,-,5990,-,-,0,0,0,0,5920,-,-,-
TXO,202611,20261118.0,40600.0,Put,-,-,-,-,388,-,-,0,0,0,1,381,393,500,500
TXO,202611,20261118.0,40700.0,Call,-,-,-,-,5900,-,-,0,0,0,0,5830,5940,-,-
TXO,202611,20261118.0,40700.0,Put,-,-,-,-,401,-,-,0,0,0,4,393,405,930,270
TXO,202611,20261118.0,40800.0,Call,-,-,-,-,5810,-,-,0,0,0,0,5740,-,-,-
TXO,202611,20261118.0,40800.0,Put,-,-,-,-,413,-,-,0,0,0,1,406,418,610,610
TXO,202611,20261118.0,40900.0,Call,-,-,-,-,5720,-,-,0,0,0,0,5660,-,-,-
TXO,202611,20261118.0,40900.0,Put,-,-,-,-,423,-,-,0,0,0,0,332,-,-,-
TXO,202611,20261118.0,41000.0,Call,-,-,-,-,5640,-,-,0,0,0,0,-,-,-,-
TXO,202611,20261118.0,41000.0,Put,515,515,460,460,439,▼-120,▼-20.69%,0,5,5,12,432,445,990,311
TXO,202611,20261118.0,41100.0,Call,-,-,-,-,5550,-,-,0,0,0,0,5480,-,-,-
TXO,202611,20261118.0,41100.0,Put,-,-,-,-,453,-,-,0,0,0,6,360,-,425,411
TXO,202611,20261118.0,41200.0,Call,-,-,-,-,5470,-,-,0,0,0,0,-,-,-,-
TXO,202611,20261118.0,41200.0,Put,465,465,465,465,465,▼-150,▼-24.39%,0,1,1,6,461,474,465,425
TXO,202611,20261118.0,41300.0,Call,-,-,-,-,5380,-,-,0,0,0,0,-,-,-,-
TXO,202611,20261118.0,41300.0,Put,-,-,-,-,482,-,-,0,0,0,5,389,590,437,437
TXO,202611,20261118.0,41400.0,Call,-,-,-,-,5300,-,-,0,0,0,0,5250,5340,-,-
TXO,202611,20261118.0,41400.0,Put,-,-,-,-,498,-,-,0,0,0,5,405,610,451,451
TXO,202611,20261118.0,41500.0,Call,-,-,-,-,5210,-,-,0,0,0,0,-,-,-,-
TXO,202611,20261118.0,41500.0,Put,605,605,575,575,515,▼-95,▼-14.18%,0,6,6,15,505,520,1040,465
TXO,202611,20261118.0,41600.0,Call,-,-,-,-,5130,-,-,0,0,0,0,-,-,-,-
TXO,202611,20261118.0,41600.0,Put,-,-,-,-,525,-,-,0,0,0,5,437,-,479,479
TXO,202611,20261118.0,41700.0,Call,-,-,-,-,5040,-,-,0,0,0,0,-,-,-,-
TXO,202611,20261118.0,41700.0,Put,-,-,-,-,540,-,-,0,0,0,5,535,550,494,494
TXO,202611,20261118.0,41800.0,Call,-,-,-,-,4960,-,-,0,0,0,0,4890,-,-,-
TXO,202611,20261118.0,41800.0,Put,-,-,-,-,560,-,-,0,0,0,5,470,675,510,510
TXO,202611,20261118.0,41900.0,Call,-,-,-,-,4880,-,-,0,0,0,0,4840,-,-,-
TXO,202611,20261118.0,41900.0,Put,-,-,-,-,575,-,-,0,0,0,6,570,585,560,525
TXO,202611,20261118.0,42000.0,Call,-,-,-,-,4800,-,-,0,0,0,0,4660,-,-,-
TXO,202611,20261118.0,42000.0,Put,-,-,-,-,595,-,-,0,0,0,17,590,605,750,435
TXO,202611,20261118.0,42100.0,Call,-,-,-,-,4720,-,-,0,0,0,0,4580,4760,-,-
TXO,202611,20261118.0,42100.0,Put,-,-,-,-,610,-,-,0,0,0,10,525,-,725,515
TXO,202611,20261118.0,42200.0,Call,-,-,-,-,4640,-,-,0,0,0,0,4500,-,-,-
TXO,202611,20261118.0,42200.0,Put,-,-,-,-,630,-,-,0,0,0,5,-,-,745,575
TXO,202611,20261118.0,42300.0,Call,-,-,-,-,4560,-,-,0,0,0,0,-,-,-,-
TXO,202611,20261118.0,42300.0,Put,-,-,-,-,650,-,-,0,0,0,5,560,765,595,595
TXO,202611,20261118.0,42400.0,Call,-,-,-,-,4480,-,-,0,0,0,0,4410,-,-,-
TXO,202611,20261118.0,42400.0,Put,-,-,-,-,670,-,-,0,0,0,5,660,680,790,610
TXO,202611,20261118.0,42500.0,Call,-,-,-,-,4400,-,-,0,0,0,0,4330,-,-,-
TXO,202611,20261118.0,42500.0,Put,840,840,690,690,690,▼-190,▼-21.59%,2,7,9,24,680,700,940,475
TXO,202611,20261118.0,42600.0,Call,-,-,-,-,4320,-,-,0,0,0,0,4250,-,-,-
TXO,202611,20261118.0,42600.0,Put,-,-,-,-,715,-,-,0,0,0,10,625,-,830,605
TXO,202611,20261118.0,42700.0,Call,-,-,-,-,4240,-,-,0,0,0,0,-,4280,-,-
TXO,202611,20261118.0,42700.0,Put,745,745,745,745,745,▼-185,▼-19.89%,0,1,1,1,-,840,1620,745
TXO,202611,20261118.0,42800.0,Call,-,-,-,-,4160,-,-,0,0,0,0,4120,-,-,-
TXO,202611,20261118.0,42800.0,Put,-,-,-,-,755,-,-,0,0,0,0,745,770,-,-
TXO,202611,20261118.0,42900.0,Call,-,-,-,-,4080,-,-,0,0,0,0,-,-,-,-
TXO,202611,20261118.0,42900.0,Put,815,815,815,815,780,▼-185,▼-18.50%,0,2,2,1,765,790,1000,815
TXO,202611,20261118.0,43000.0,Call,4150,4150,4150,4150,4000,▲+270,▲+6.96%,0,1,1,1,-,8430,4150,4150
TXO,202611,20261118.0,43000.0,Put,-,-,-,-,800,-,-,1,0,1,6,-,-,1050,545
TXO,202611,20261118.0,43100.0,Call,-,-,-,-,3930,-,-,0,0,0,0,3870,3970,-,-
TXO,202611,20261118.0,43100.0,Put,-,-,-,-,825,-,-,0,0,0,5,-,-,780,750
TXO,202611,20261118.0,43200.0,Call,-,-,-,-,3850,-,-,0,0,0,0,-,-,-,-
TXO,202611,20261118.0,43200.0,Put,-,-,-,-,845,-,-,0,0,0,10,760,-,790,785
TXO,202611,20261118.0,43300.0,Call,-,-,-,-,3780,-,-,0,0,0,0,3720,3820,-,-
TXO,202611,20261118.0,43300.0,Put,-,-,-,-,870,-,-,0,0,0,12,860,885,1040,670
TXO,202611,20261118.0,43400.0,Call,-,-,-,-,3700,-,-,0,0,0,0,-,-,-,-
TXO,202611,20261118.0,43400.0,Put,-,-,-,-,895,-,-,0,0,0,5,890,915,835,835
TXO,202611,20261118.0,43500.0,Call,3750,3750,3750,3750,3630,▲+220,▲+6.23%,0,1,1,1,3560,-,3750,3750
TXO,202611,20261118.0,43500.0,Put,-,-,-,-,920,-,-,0,0,0,8,-,1050,1130,780
TXO,202611,20261118.0,43600.0,Call,-,-,-,-,3550,-,-,0,0,0,0,-,-,-,-
TXO,202611,20261118.0,43600.0,Put,-,-,-,-,945,-,-,1,0,1,6,940,965,1160,865
TXO,202611,20261118.0,43700.0,Call,-,-,-,-,3480,-,-,0,0,0,0,3450,-,-,-
TXO,202611,20261118.0,43700.0,Put,-,-,-,-,975,-,-,0,0,0,5,960,985,890,890
TXO,202611,20261118.0,43800.0,Call,-,-,-,-,3410,-,-,0,0,0,0,3370,-,-,-
TXO,202611,20261118.0,43800.0,Put,-,-,-,-,1000,-,-,0,0,0,5,-,1130,920,850
TXO,202611,20261118.0,43900.0,Call,-,-,-,-,3340,-,-,0,0,0,0,3310,3370,-,-
TXO,202611,20261118.0,43900.0,Put,-,-,-,-,1030,-,-,0,0,0,6,1020,1040,1930,830
TXO,202611,20261118.0,44000.0,Call,3380,3380,3380,3380,3270,▲+200,▲+6.29%,0,1,1,2,3250,3290,3380,3190
TXO,202611,20261118.0,44000.0,Put,-,-,-,-,1060,-,-,0,0,0,1,1050,1070,2100,775
TXO,202611,20261118.0,44100.0,Call,-,-,-,-,3200,-,-,0,0,0,0,3180,3220,-,-
TXO,202611,20261118.0,44100.0,Put,-,-,-,-,1090,-,-,0,0,0,0,1080,1100,910,815
TXO,202611,20261118.0,44200.0,Call,-,-,-,-,3130,-,-,0,0,0,0,3110,3150,-,-
TXO,202611,20261118.0,44200.0,Put,-,-,-,-,1120,-,-,0,0,0,6,-,-,1280,1020
TXO,202611,20261118.0,44300.0,Call,-,-,-,-,3060,-,-,0,0,0,0,3040,3090,-,-
TXO,202611,20261118.0,44300.0,Put,-,-,-,-,1150,-,-,0,0,0,2,1140,1160,1870,970
TXO,202611,20261118.0,44400.0,Call,-,-,-,-,3000,-,-,0,0,0,0,-,-,-,-
TXO,202611,20261118.0,44400.0,Put,1190,1190,1190,1190,1190,▼-260,▼-17.93%,0,1,1,1,-,1300,1190,1190
TXO,202611,20261118.0,44500.0,Call,3070,3070,3060,3060,2930,▲+200,▲+6.99%,0,2,2,3,2890,2940,3070,3060
TXO,202611,20261118.0,44500.0,Put,-,-,-,-,1220,-,-,0,0,0,0,1200,1230,1230,920
TXO,202611,20261118.0,44600.0,Call,-,-,-,-,2860,-,-,0,0,0,0,-,-,-,-
TXO,202611,20261118.0,44600.0,Put,-,-,-,-,1250,-,-,0,0,0,2,1240,1260,1330,1050
TXO,202611,20261118.0,44700.0,Call,-,-,-,-,2800,-,-,0,0,0,0,-,-,-,-
TXO,202611,20261118.0,44700.0,Put,-,-,-,-,1280,-,-,0,0,0,0,1270,1290,2040,1090
TXO,202611,20261118.0,44800.0,Call,-,-,-,-,2730,-,-,0,0,0,0,2700,2740,-,-
TXO,202611,20261118.0,44800.0,Put,-,-,-,-,1310,-,-,0,0,0,0,1300,1330,-,-
TXO,202611,20261118.0,44900.0,Call,-,-,-,-,2670,-,-,0,0,0,0,2650,2680,-,-
TXO,202611,20261118.0,44900.0,Put,-,-,-,-,1350,-,-,0,0,0,0,-,-,-,-
TXO,202611,20261118.0,45000.0,Call,2700,2720,2700,2720,2600,▲+170,▲+6.67%,2,3,5,7,2440,-,3740,2570
TXO,202611,20261118.0,45000.0,Put,1560,1560,1550,1550,1390,▼-120,▼-7.19%,2,2,4,10,1380,1410,2580,1030
TXO,202611,20261118.0,45100.0,Call,-,-,-,-,2540,-,-,0,0,0,0,2520,2550,-,-
TXO,202611,20261118.0,45100.0,Put,-,-,-,-,1420,-,-,0,0,0,6,1410,1440,1630,1290
TXO,202611,20261118.0,45200.0,Call,-,-,-,-,2480,-,-,0,0,0,0,-,-,-,-
TXO,202611,20261118.0,45200.0,Put,-,-,-,-,1460,-,-,0,0,0,0,1450,1480,-,-
TXO,202611,20261118.0,45300.0,Call,-,-,-,-,2420,-,-,0,0,0,0,2400,2430,-,-
TXO,202611,20261118.0,45300.0,Put,-,-,-,-,1500,-,-,0,0,0,15,1490,1520,1360,1160
TXO,202611,20261118.0,45400.0,Call,-,-,-,-,2360,-,-,0,0,0,0,2340,2370,-,-
TXO,202611,20261118.0,45400.0,Put,-,-,-,-,1540,-,-,0,0,0,10,1470,-,2790,1190
TXO,202611,20261118.0,45500.0,Call,-,-,-,-,2300,-,-,0,0,0,1,2280,2310,3240,2320
TXO,202611,20261118.0,45500.0,Put,-,-,-,-,1580,-,-,0,0,0,20,1510,-,2800,1220
TXO,202611,20261118.0,45600.0,Call,-,-,-,-,2240,-,-,0,0,0,0,-,-,-,-
TXO,202611,20261118.0,45600.0,Put,-,-,-,-,1620,-,-,0,0,0,7,1610,1630,1760,1200
TXO,202611,20261118.0,45700.0,Call,-,-,-,-,2180,-,-,0,0,0,0,2160,2190,-,-
TXO,202611,20261118.0,45700.0,Put,-,-,-,-,1670,-,-,0,0,0,20,1650,1680,1880,1370
TXO,202611,20261118.0,45800.0,Call,-,-,-,-,2130,-,-,0,0,0,0,2100,2130,-,-
TXO,202611,20261118.0,45800.0,Put,-,-,-,-,1710,-,-,0,0,0,21,1650,1720,1960,1350
TXO,202611,20261118.0,45900.0,Call,-,-,-,-,2070,-,-,0,0,0,0,-,-,-,-
TXO,202611,20261118.0,45900.0,Put,-,-,-,-,1750,-,-,0,0,0,20,1740,1770,1810,1280
TXO,202611,20261118.0,46000.0,Call,2100,2100,2100,2100,2010,▲+110,▲+5.53%,0,3,3,4,1850,-,3130,2020
TXO,202611,20261118.0,46000.0,Put,-,-,-,-,1790,-,-,0,0,0,11,1780,1810,2800,1300
TXO,202611,20261118.0,46100.0,Call,-,-,-,-,1960,-,-,0,0,0,1,1820,-,2540,2160
TXO,202611,20261118.0,46100.0,Put,-,-,-,-,1840,-,-,0,0,0,5,-,1980,1660,1660
TXO,202611,20261118.0,46200.0,Call,-,-,-,-,1900,-,-,0,0,0,1,1880,1910,2680,2680
TXO,202611,20261118.0,46200.0,Put,-,-,-,-,1880,-,-,0,0,0,5,1870,1900,1700,1700
TXO,202611,20261118.0,46300.0,Call,-,-,-,-,1840,-,-,0,0,0,1,1830,1860,2350,2350
TXO,202611,20261118.0,46300.0,Put,-,-,-,-,1920,-,-,0,0,0,6,-,2080,1970,1740
TXO,202611,20261118.0,46400.0,Call,-,-,-,-,1790,-,-,0,0,0,0,1770,1800,-,-
TXO,202611,20261118.0,46400.0,Put,-,-,-,-,1970,-,-,0,0,0,5,-,2120,1780,1780
TXO,202611,20261118.0,46500.0,Call,-,-,-,-,1740,-,-,0,0,0,12,1630,2000,2220,1840
TXO,202611,20261118.0,46500.0,Put,2050,2050,2050,2050,2020,▼-300,▼-12.77%,0,4,4,12,2010,2040,2050,1830
TXO,202611,20261118.0,46600.0,Call,-,-,-,-,1690,-,-,0,0,0,0,-,-,2250,2230
TXO,202611,20261118.0,46600.0,Put,-,-,-,-,2070,-,-,0,0,0,5,2060,2090,1870,1870
TXO,202611,20261118.0,46700.0,Call,1750,1760,1580,1580,1640,▼-60,▼-3.66%,0,6,6,11,1620,1650,2310,1580
TXO,202611,20261118.0,46700.0,Put,-,-,-,-,2120,-,-,0,0,0,5,2100,2130,1910,1910
TXO,202611,20261118.0,46800.0,Call,-,-,-,-,1590,-,-,0,0,0,2,1570,1600,2620,1620
TXO,202611,20261118.0,46800.0,Put,2350,2350,2340,2340,2170,▼-170,▼-6.77%,0,2,2,5,2160,2190,2520,1840
TXO,202611,20261118.0,46900.0,Call,-,-,-,-,1540,-,-,0,0,0,6,-,1610,2200,2200
TXO,202611,20261118.0,46900.0,Put,-,-,-,-,2220,-,-,0,0,0,6,-,-,2300,1690
TXO,202611,20261118.0,47000.0,Call,1630,1630,1630,1630,1490,▲+130,▲+8.67%,0,10,10,12,1480,1500,2180,1620
TXO,202611,20261118.0,47000.0,Put,-,-,-,-,2270,-,-,0,0,0,13,2260,2290,3820,2040
TXO,202611,20261118.0,47100.0,Call,-,-,-,-,1450,-,-,0,0,0,1,1430,1460,2330,2330
TXO,202611,20261118.0,47100.0,Put,-,-,-,-,2330,-,-,0,0,0,6,-,2480,2100,1900
TXO,202611,20261118.0,47200.0,Call,-,-,-,-,1400,-,-,0,0,0,6,-,1470,2340,2040
TXO,202611,20261118.0,47200.0,Put,-,-,-,-,2380,-,-,0,0,0,4,-,2540,1980,1810
TXO,202611,20261118.0,47300.0,Call,-,-,-,-,1350,-,-,0,0,0,6,-,1440,2300,1990
TXO,202611,20261118.0,47300.0,Put,-,-,-,-,2430,-,-,0,0,0,6,2420,2450,2190,1900
TXO,202611,20261118.0,47400.0,Call,-,-,-,-,1310,-,-,0,0,0,6,1300,1320,2240,1940
TXO,202611,20261118.0,47400.0,Put,-,-,-,-,2490,-,-,0,0,0,6,-,2650,2240,2020
TXO,202611,20261118.0,47500.0,Call,1360,1360,1360,1360,1270,▲+70,▲+5.43%,1,4,5,24,1250,1330,2310,1320
TXO,202611,20261118.0,47500.0,Put,-,-,-,-,2550,-,-,0,0,0,10,-,2710,2730,1980
TXO,202611,20261118.0,47600.0,Call,-,-,-,-,1220,-,-,0,0,0,5,-,1300,1840,1840
TXO,202611,20261118.0,47600.0,Put,-,-,-,-,2600,-,-,0,0,0,0,-,-,-,-
TXO,202611,20261118.0,47700.0,Call,-,-,-,-,1180,-,-,0,0,0,1,1170,1190,2140,1180
TXO,202611,20261118.0,47700.0,Put,-,-,-,-,2660,-,-,0,0,0,5,-,2830,2400,2400
TXO,202611,20261118.0,47800.0,Call,-,-,-,-,1140,-,-,1,0,1,6,-,1220,1750,1110
TXO,202611,20261118.0,47800.0,Put,-,-,-,-,2720,-,-,0,0,0,5,2710,2740,2450,2450
TXO,202611,20261118.0,47900.0,Call,-,-,-,-,1100,-,-,1,0,1,11,-,1180,1700,1070
TXO,202611,20261118.0,47900.0,Put,-,-,-,-,2780,-,-,0,0,0,5,-,-,2500,2500
TXO,202611,20261118.0,48000.0,Call,1150,1200,1030,1030,1070,▼-80,▼-7.21%,0,13,13,43,0.1,1230,1950,1030
TXO,202611,20261118.0,48000.0,Put,-,-,-,-,2840,-,-,0,0,0,4,2830,2860,4280,2400
TXO,202611,20261118.0,48100.0,Call,-,-,-,-,1030,-,-,0,0,0,5,1020,1040,1610,1610
TXO,202611,20261118.0,48100.0,Put,-,-,-,-,2910,-,-,0,0,0,5,-,3080,2610,2610
TXO,202611,20261118.0,48200.0,Call,920,975,920,975,975,▼-55,▼-5.34%,0,4,4,9,980,1000,1570,920
TXO,202611,20261118.0,48200.0,Put,-,-,-,-,2970,-,-,0,0,0,0,-,-,-,-
TXO,202611,20261118.0,48300.0,Call,1000,1000,925,925,955,▼-70,▼-7.04%,0,2,2,9,-,1040,1520,925
TXO,202611,20261118.0,48300.0,Put,-,-,-,-,3040,-,-,0,0,0,0,3020,3060,-,-
TXO,202611,20261118.0,48400.0,Call,-,-,-,-,925,-,-,0,0,0,5,910,935,1790,1480
TXO,202611,20261118.0,48400.0,Put,-,-,-,-,3100,-,-,0,0,0,0,-,-,-,-
TXO,202611,20261118.0,48500.0,Call,-,-,-,-,890,-,-,0,0,0,5,870,895,1440,1140
TXO,202611,20261118.0,48500.0,Put,3210,3210,3210,3210,3170,▼-330,▼-9.32%,0,1,1,1,3150,3180,3210,3210
TXO,202611,20261118.0,48600.0,Call,-,-,-,-,855,-,-,0,0,0,5,835,860,1400,1400
TXO,202611,20261118.0,48600.0,Put,-,-,-,-,3230,-,-,0,0,0,0,3210,3260,-,-
TXO,202611,20261118.0,48700.0,Call,-,-,-,-,825,-,-,0,0,0,0,-,-,-,-
TXO,202611,20261118.0,48700.0,Put,-,-,-,-,3300,-,-,0,0,0,0,3270,3320,-,-
TXO,202611,20261118.0,48800.0,Call,-,-,-,-,795,-,-,0,0,0,2,-,880,1500,1040
TXO,202611,20261118.0,48800.0,Put,-,-,-,-,3370,-,-,0,0,0,0,-,3410,-,-
TXO,202611,20261118.0,48900.0,Call,-,-,-,-,765,-,-,0,0,0,5,-,860,1280,1280
TXO,202611,20261118.0,48900.0,Put,-,-,-,-,3440,-,-,0,0,0,0,-,-,-,-
TXO,202611,20261118.0,49000.0,Call,720,720,720,720,720,▼-60,▼-7.69%,0,1,1,2,580,-,1150,720
TXO,202611,20261118.0,49000.0,Put,-,-,-,-,3510,-,-,0,0,0,4,-,3550,4900,3640
TXO,202611,20261118.0,49100.0,Call,-,-,-,-,710,-,-,0,0,0,0,555,-,1410,1080
TXO,202611,20261118.0,49100.0,Put,-,-,-,-,3580,-,-,0,0,0,0,-,3640,-,-
TXO,202611,20261118.0,49200.0,Call,-,-,-,-,680,-,-,0,0,0,5,530,-,1170,920
TXO,202611,20261118.0,49200.0,Put,-,-,-,-,3650,-,-,0,0,0,0,-,-,-,-
TXO,202611,20261118.0,49300.0,Call,-,-,-,-,650,-,-,0,0,0,0,630,655,-,-
TXO,202611,20261118.0,49300.0,Put,-,-,-,-,3720,-,-,0,0,0,0,-,3760,-,-
TXO,202611,20261118.0,49400.0,Call,-,-,-,-,625,-,-,0,0,0,0,480,-,-,-
TXO,202611,20261118.0,49400.0,Put,-,-,-,-,3800,-,-,0,0,0,0,-,-,-,-
TXO,202611,20261118.0,49500.0,Call,-,-,-,-,600,-,-,0,0,0,1,590,605,1160,930
TXO,202611,20261118.0,49500.0,Put,-,-,-,-,3880,-,-,0,0,0,0,-,3940,-,-
TXO,202611,20261118.0,49600.0,Call,-,-,-,-,580,-,-,0,0,0,0,434,-,-,-
TXO,202611,20261118.0,49600.0,Put,-,-,-,-,3950,-,-,0,0,0,0,3910,-,-,-
TXO,202611,20261118.0,49700.0,Call,-,-,-,-,555,-,-,0,0,0,0,-,-,1220,1190
TXO,202611,20261118.0,49700.0,Put,-,-,-,-,4030,-,-,0,0,0,0,-,-,-,-
TXO,202611,20261118.0,49800.0,Call,-,-,-,-,535,-,-,1,0,1,0,520,535,645,590
TXO,202611,20261118.0,49800.0,Put,-,-,-,-,4110,-,-,0,0,0,0,-,-,-,-
TXO,202611,20261118.0,49900.0,Call,-,-,-,-,510,-,-,0,0,0,7,500,515,940,815
TXO,202611,20261118.0,49900.0,Put,-,-,-,-,4180,-,-,0,0,0,0,-,-,-,-
TXO,202611,20261118.0,50000.0,Call,545,590,468,478,490,▼-47,▼-8.95%,0,18,18,25,482,495,1050,468
TXO,202611,20261118.0,50000.0,Put,-,-,-,-,4260,-,-,0,0,0,0,-,-,5850,4670
TXO,202611,20261118.0,50100.0,Call,-,-,-,-,471,-,-,1,0,1,5,458,472,880,496
TXO,202611,20261118.0,50100.0,Put,-,-,-,-,4340,-,-,0,0,0,0,-,-,-,-
TXO,202611,20261118.0,50200.0,Call,-,-,-,-,452,-,-,0,0,0,1,-,-,600,600
TXO,202611,20261118.0,50200.0,Put,-,-,-,-,4420,-,-,0,0,0,0,-,4460,-,-
TXO,202611,20261118.0,50300.0,Call,-,-,-,-,434,-,-,0,0,0,5,421,435,895,474
TXO,202611,20261118.0,50300.0,Put,-,-,-,-,4510,-,-,0,0,0,0,-,4570,-,-
TXO,202611,20261118.0,50400.0,Call,-,-,-,-,416,-,-,0,0,0,19,281,555,820,580
TXO,202611,20261118.0,50400.0,Put,-,-,-,-,4590,-,-,0,0,0,0,-,4650,-,-
TXO,202611,20261118.0,50500.0,Call,-,-,-,-,399,-,-,0,0,0,5,265,-,770,550
TXO,202611,20261118.0,50500.0,Put,-,-,-,-,4670,-,-,0,0,0,0,-,-,-,-
TXO,202611,20261118.0,50600.0,Call,-,-,-,-,383,-,-,0,0,0,5,-,-,810,515
TXO,202611,20261118.0,50600.0,Put,-,-,-,-,4750,-,-,0,0,0,0,-,-,-,-
TXO,202611,20261118.0,50700.0,Call,-,-,-,-,367,-,-,0,0,0,5,356,368,820,625
TXO,202611,20261118.0,50700.0,Put,-,-,-,-,4840,-,-,0,0,0,0,-,4900,-,-
TXO,202611,20261118.0,50800.0,Call,-,-,-,-,352,-,-,0,0,0,5,341,353,690,585
TXO,202611,20261118.0,50800.0,Put,-,-,-,-,4920,-,-,0,0,0,0,-,-,-,-
TXO,202611,20261118.0,50900.0,Call,394,394,305,307,337,▼-75,▼-19.63%,0,5,5,7,207,413,800,305
TXO,202611,20261118.0,50900.0,Put,-,-,-,-,5010,-,-,0,0,0,0,-,-,-,-
TXO,202611,20261118.0,51000.0,Call,372,385,296,300,323,▼-60,▼-16.67%,1,10,11,16,-,395,780,296
TXO,202611,20261118.0,51000.0,Put,-,-,-,-,5090,-,-,0,0,0,0,-,-,-,-
TXO,202611,20261118.0,51100.0,Call,-,-,-,-,310,-,-,0,0,0,5,181,-,630,344
TXO,202611,20261118.0,51100.0,Put,-,-,-,-,5180,-,-,0,0,0,0,-,-,-,-
TXO,202611,20261118.0,51200.0,Call,-,-,-,-,298,-,-,0,0,0,5,-,-,610,610
TXO,202611,20261118.0,51200.0,Put,-,-,-,-,5270,-,-,0,0,0,0,-,-,-,-
TXO,202611,20261118.0,51300.0,Call,-,-,-,-,286,-,-,0,0,0,5,158,-,590,590
TXO,202611,20261118.0,51300.0,Put,-,-,-,-,5350,-,-,0,0,0,0,-,-,-,-
TXO,202611,20261118.0,51400.0,Call,-,-,-,-,273,-,-,0,0,0,5,-,-,580,560
TXO,202611,20261118.0,51400.0,Put,-,-,-,-,5440,-,-,0,0,0,0,-,-,-,-
TXO,202611,20261118.0,51500.0,Call,289,315,240,242,261,▼-60,▼-19.87%,0,6,6,6,251,261,750,240
TXO,202611,20261118.0,51500.0,Put,-,-,-,-,5530,-,-,0,0,0,0,-,-,-,-
TXO,202611,20261118.0,51600.0,Call,-,-,-,-,251,-,-,0,0,0,5,127,-,540,540
TXO,202611,20261118.0,51600.0,Put,-,-,-,-,5620,-,-,0,0,0,0,-,-,-,-
TXO,202611,20261118.0,51700.0,Call,-,-,-,-,237,-,-,0,0,0,6,229,239,555,276
TXO,202611,20261118.0,51700.0,Put,-,-,-,-,5700,-,-,0,0,0,0,-,5780,-,-
TXO,202611,20261118.0,51800.0,Call,-,-,-,-,228,-,-,0,0,0,3,-,367,515,263
TXO,202611,20261118.0,51800.0,Put,-,-,-,-,5790,-,-,0,0,0,0,-,-,-,-
TXO,202611,20261118.0,51900.0,Call,-,-,-,-,221,-,-,0,0,0,4,-,354,510,259
TXO,202611,20261118.0,51900.0,Put,-,-,-,-,5890,-,-,0,0,0,0,-,-,-,-
TXO,202611,20261118.0,52000.0,Call,236,262,206,206,206,▼-34,▼-14.17%,3,4,7,9,204,213,560,206
TXO,202611,20261118.0,52000.0,Put,-,-,-,-,5980,-,-,0,0,0,0,-,-,-,-
TXO,202611,20261118.0,52100.0,Call,-,-,-,-,204,-,-,0,0,0,14,196,205,475,272
TXO,202611,20261118.0,52100.0,Put,-,-,-,-,6070,-,-,0,0,0,0,-,-,-,-
TXO,202611,20261118.0,52200.0,Call,-,-,-,-,195,-,-,0,0,0,0,75,-,387,268
TXO,202611,20261118.0,52200.0,Put,-,-,-,-,6160,-,-,0,0,0,0,-,-,-,-
TXO,202611,20261118.0,52300.0,Call,-,-,-,-,186,-,-,4,0,4,6,177,186,343,200
TXO,202611,20261118.0,52300.0,Put,-,-,-,-,6250,-,-,0,0,0,0,-,6330,-,-
TXO,202611,20261118.0,52400.0,Call,208,217,188,188,179,▼-22,▼-10.48%,0,6,6,4,172,181,217,188
TXO,202611,20261118.0,52400.0,Put,-,-,-,-,6340,-,-,0,0,0,0,-,6420,-,-
TXO,202611,20261118.0,52500.0,Call,154,154,154,154,172,▼-48,▼-23.76%,0,1,1,12,-,284,400,154
TXO,202611,20261118.0,52500.0,Put,-,-,-,-,6440,-,-,0,0,0,0,-,6510,-,-
TXO,202611,20261118.0,52600.0,Call,-,-,-,-,164,-,-,0,0,0,1,156,164,207,207
TXO,202611,20261118.0,52600.0,Put,-,-,-,-,6530,-,-,0,0,0,0,-,-,-,-
TXO,202611,20261118.0,52700.0,Call,-,-,-,-,157,-,-,1,0,1,0,42,-,373,172
TXO,202611,20261118.0,52700.0,Put,-,-,-,-,6620,-,-,0,0,0,0,-,6700,-,-
TXO,202611,20261118.0,52800.0,Call,-,-,-,-,150,-,-,0,0,0,4,36,254,450,285
TXO,202611,20261118.0,52800.0,Put,-,-,-,-,6710,-,-,0,0,0,0,-,-,-,-
TXO,202611,20261118.0,52900.0,Call,-,-,-,-,144,-,-,0,0,0,4,-,-,389,222
TXO,202611,20261118.0,52900.0,Put,-,-,-,-,6810,-,-,0,0,0,0,-,-,-,-
TXO,202611,20261118.0,53000.0,Call,170,170,139,140,140,▼-25,▼-15.15%,0,10,10,18,131,139,420,139
TXO,202611,20261118.0,53000.0,Put,-,-,-,-,6900,-,-,0,0,0,0,-,-,-,-
TXO,202611,20261118.0,53100.0,Call,162,162,162,162,131,▲+3,▲+1.89%,0,1,1,0,125,133,200,162
TXO,202611,20261118.0,53100.0,Put,-,-,-,-,6990,-,-,0,0,0,0,-,-,-,-
TXO,202611,20261118.0,53200.0,Call,-,-,-,-,126,-,-,0,0,0,2,14.5,-,246,246
TXO,202611,20261118.0,53200.0,Put,-,-,-,-,7090,-,-,0,0,0,0,7050,7160,-,-
TXO,202611,20261118.0,53300.0,Call,-,-,-,-,120,-,-,0,0,0,3,115,122,335,150
TXO,202611,20261118.0,53300.0,Put,-,-,-,-,7180,-,-,0,0,0,0,-,-,-,-
TXO,202611,20261118.0,53400.0,Call,140,140,135,135,115,▼-6,▼-4.26%,0,2,2,2,4.9,206,140,135
TXO,202611,20261118.0,53400.0,Put,-,-,-,-,7280,-,-,0,0,0,0,-,7360,-,-
TXO,202611,20261118.0,53500.0,Call,-,-,-,-,110,-,-,0,0,0,2,0.5,-,173,142
TXO,202611,20261118.0,53500.0,Put,-,-,-,-,7370,-,-,0,0,0,0,-,7450,-,-
TXO,202611,20261118.0,53600.0,Call,97,97,97,97,108,▼-35,▼-26.52%,0,1,1,1,104,108,238,97
TXO,202611,20261118.0,53600.0,Put,-,-,-,-,7470,-,-,0,0,0,0,-,-,-,-
TXO,202611,20261118.0,53700.0,Call,87,87,87,87,103,▼-37,▼-29.84%,0,1,1,1,0.1,193,87,87
TXO,202611,20261118.0,53700.0,Put,-,-,-,-,7560,-,-,0,0,0,0,-,7600,-,-
TXO,202611,20261118.0,53800.0,Call,-,-,-,-,98,-,-,0,0,0,0,92,99,-,-
TXO,202611,20261118.0,53800.0,Put,-,-,-,-,7660,-,-,0,0,0,0,-,7730,-,-
TXO,202611,20261118.0,53900.0,Call,-,-,-,-,94,-,-,0,0,0,0,-,-,-,-
TXO,202611,20261118.0,53900.0,Put,-,-,-,-,7750,-,-,0,0,0,0,-,-,-,-
TXO,202611,20261118.0,54000.0,Call,108,110,88,88,88,▼-22,▼-20.00%,4,31,35,41,84,91,299,88
TXO,202611,20261118.0,54000.0,Put,-,-,-,-,7850,-,-,0,0,0,0,-,-,-,-
TXO,202611,20261118.0,54100.0,Call,78,78,78,78,85,▼-26,▼-25.00%,0,1,1,1,80,87,107,78
TXO,202611,20261118.0,54100.0,Put,-,-,-,-,7950,-,-,0,0,0,0,-,-,-,-
TXO,202611,20261118.0,54200.0,Call,70,70,70,70,81,▼-31,▼-30.69%,0,1,1,1,77,83,235,70
TXO,202611,20261118.0,54200.0,Put,-,-,-,-,8040,-,-,0,0,0,0,-,-,-,-
TXO,202611,20261118.0,54300.0,Call,-,-,-,-,78,-,-,0,0,0,4,74,80,240,238
TXO,202611,20261118.0,54300.0,Put,-,-,-,-,8140,-,-,0,0,0,0,-,-,-,-
TXO,202611,20261118.0,54400.0,Call,-,-,-,-,75,-,-,0,0,0,0,46,-,-,-
TXO,202611,20261118.0,54400.0,Put,-,-,-,-,8230,-,-,0,0,0,0,-,-,-,-
TXO,202611,20261118.0,54500.0,Call,88,88,88,88,71,▼-1,▼-1.12%,2,2,4,13,67,73,230,88
TXO,202611,20261118.0,54500.0,Put,-,-,-,-,8330,-,-,0,0,0,0,-,-,-,-
TXO,202612,20261216.0,25200.0,Call,-,-,-,-,21060,-,-,0,0,0,2,20980,-,22620,13580
TXO,202612,20261216.0,25200.0,Put,36,36,35,35,35,▼-6.5,▼-15.66%,12,2,14,183,34,39.5,985,23.5
TXO,202612,20261216.0,25400.0,Call,-,-,-,-,20860,-,-,0,0,0,0,20760,21020,-,-
TXO,202612,20261216.0,25400.0,Put,40,40,40,40,38,▼-3,▼-6.98%,0,1,1,6,34,42,610,40
TXO,202612,20261216.0,25600.0,Call,-,-,-,-,20660,-,-,0,0,0,0,-,20810,-,-
TXO,202612,20261216.0,25600.0,Put,42,42,42,42,39,▼-2,▼-4.55%,0,1,1,12,1.5,-,750,42
TXO,202612,20261216.0,25800.0,Call,-,-,-,-,20460,-,-,0,0,0,0,-,-,-,-
TXO,202612,20261216.0,25800.0,Put,45,45,45,45,40,0,0%,0,4,4,10,-,-,505,45
TXO,202612,20261216.0,26000.0,Call,-,-,-,-,20260,-,-,0,0,0,1,20170,20420,17230,7550
TXO,202612,20261216.0,26000.0,Put,-,-,-,-,41,-,-,0,0,0,87,-,-,1390,38
TXO,202612,20261216.0,26200.0,Call,-,-,-,-,20070,-,-,0,0,0,0,-,-,-,-
TXO,202612,20261216.0,26200.0,Put,-,-,-,-,42,-,-,0,0,0,7,-,-,1430,49
TXO,202612,20261216.0,26400.0,Call,-,-,-,-,19870,-,-,0,0,0,0,19740,20050,-,-
TXO,202612,20261216.0,26400.0,Put,-,-,-,-,43,-,-,0,0,0,13,39,47,1250,68
TXO,202612,20261216.0,26600.0,Call,-,-,-,-,19670,-,-,0,0,0,0,19580,-,-,-
TXO,202612,20261216.0,26600.0,Put,-,-,-,-,44,-,-,0,0,0,1,40,48,765,64
TXO,202612,20261216.0,26800.0,Call,-,-,-,-,19470,-,-,0,0,0,1,19350,19580,19280,19280
TXO,202612,20261216.0,26800.0,Put,46,46,46,46,46,▼-4,▼-8.00%,0,1,1,3,43,49,1500,46
TXO,202612,20261216.0,27000.0,Call,-,-,-,-,19270,-,-,0,0,0,1,19170,19440,18990,7500
TXO,202612,20261216.0,27000.0,Put,-,-,-,-,46.5,-,-,0,0,0,7,42.5,50,1590,51
TXO,202612,20261216.0,27200.0,Call,-,-,-,-,19080,-,-,0,0,0,0,18950,19220,-,-
TXO,202612,20261216.0,27200.0,Put,-,-,-,-,47.5,-,-,0,0,0,1,43.5,51,710,215
TXO,202612,20261216.0,27400.0,Call,-,-,-,-,18880,-,-,0,0,0,0,-,-,-,-
TXO,202612,20261216.0,27400.0,Put,-,-,-,-,49,-,-,0,0,0,16,-,-,1580,60
TXO,202612,20261216.0,27600.0,Call,-,-,-,-,18680,-,-,0,0,0,0,-,-,-,-
TXO,202612,20261216.0,27600.0,Put,-,-,-,-,50,-,-,0,0,0,2,46,54,1300,44.5
TXO,202612,20261216.0,27800.0,Call,-,-,-,-,18480,-,-,0,0,0,0,18390,-,-,-
TXO,202612,20261216.0,27800.0,Put,-,-,-,-,51,-,-,0,0,0,12,47,55,1550,46
TXO,202612,20261216.0,28000.0,Call,-,-,-,-,18280,-,-,0,0,0,0,-,-,-,-
TXO,202612,20261216.0,28000.0,Put,-,-,-,-,52,-,-,0,0,0,18,48.5,56,1680,47
TXO,202612,20261216.0,28200.0,Call,-,-,-,-,18090,-,-,0,0,0,0,17980,-,-,-
TXO,202612,20261216.0,28200.0,Put,-,-,-,-,55,-,-,0,0,0,8,50,59,1820,60
TXO,202612,20261216.0,28400.0,Call,-,-,-,-,17890,-,-,0,0,0,0,-,-,-,-
TXO,202612,20261216.0,28400.0,Put,-,-,-,-,56,-,-,0,0,0,4,-,155,1400,60
TXO,202612,20261216.0,28600.0,Call,-,-,-,-,17690,-,-,0,0,0,0,17600,-,-,-
TXO,202612,20261216.0,28600.0,Put,-,-,-,-,57,-,-,0,0,0,7,52,61,1500,51
TXO,202612,20261216.0,28800.0,Call,-,-,-,-,17490,-,-,0,0,0,0,17390,17630,-,-
TXO,202612,20261216.0,28800.0,Put,-,-,-,-,59,-,-,0,0,0,6,54,63,1550,60
TXO,202612,20261216.0,29000.0,Call,-,-,-,-,17300,-,-,0,0,0,0,-,17430,-,-
TXO,202612,20261216.0,29000.0,Put,-,-,-,-,60,-,-,0,0,0,3,55,64,1860,50
TXO,202612,20261216.0,29200.0,Call,-,-,-,-,17100,-,-,0,0,0,0,-,17230,-,-
TXO,202612,20261216.0,29200.0,Put,-,-,-,-,61,-,-,0,0,0,3,56,66,1860,260
TXO,202612,20261216.0,29400.0,Call,-,-,-,-,16900,-,-,0,0,0,0,16800,17040,-,-
TXO,202612,20261216.0,29400.0,Put,-,-,-,-,63,-,-,0,0,0,5,1.6,72,1700,62
TXO,202612,20261216.0,29600.0,Call,-,-,-,-,16700,-,-,0,0,0,0,16620,-,-,-
TXO,202612,20261216.0,29600.0,Put,-,-,-,-,64,-,-,0,0,0,1,59,69,1650,241
TXO,202612,20261216.0,29800.0,Call,-,-,-,-,16510,-,-,0,0,0,0,16420,16630,11600,5120
TXO,202612,20261216.0,29800.0,Put,-,-,-,-,65,-,-,0,0,0,3,60,70,1700,128
TXO,202612,20261216.0,30000.0,Call,-,-,-,-,16310,-,-,0,0,0,0,16210,-,11910,4660
TXO,202612,20261216.0,30000.0,Put,-,-,-,-,68,-,-,0,0,0,67,62,73,1880,56
TXO,202612,20261216.0,30200.0,Call,-,-,-,-,16110,-,-,0,0,0,0,16020,-,14870,4700
TXO,202612,20261216.0,30200.0,Put,-,-,-,-,70,-,-,0,0,0,2,64,75,715,79
TXO,202612,20261216.0,30400.0,Call,-,-,-,-,15910,-,-,0,0,0,0,-,-,-,-
TXO,202612,20261216.0,30400.0,Put,-,-,-,-,71,-,-,0,0,0,3,65,76,510,70
TXO,202612,20261216.0,30600.0,Call,-,-,-,-,15720,-,-,0,0,0,0,15630,-,-,-
TXO,202612,20261216.0,30600.0,Put,-,-,-,-,73,-,-,0,0,0,2,67,78,2010,67
TXO,202612,20261216.0,30800.0,Call,-,-,-,-,15520,-,-,0,0,0,0,15430,-,-,-
TXO,202612,20261216.0,30800.0,Put,-,-,-,-,75,-,-,0,0,0,10,-,-,2700,107
TXO,202612,20261216.0,31000.0,Call,-,-,-,-,15320,-,-,0,0,0,0,-,15450,-,-
TXO,202612,20261216.0,31000.0,Put,80,80,80,80,77,▼-4,▼-4.76%,0,1,1,27,-,176,1220,71
TXO,202612,20261216.0,31200.0,Call,-,-,-,-,15130,-,-,0,0,0,0,-,-,4700,3750
TXO,202612,20261216.0,31200.0,Put,-,-,-,-,79,-,-,0,0,0,4,-,-,730,180
TXO,202612,20261216.0,31400.0,Call,-,-,-,-,14930,-,-,0,0,0,0,-,15040,-,-
TXO,202612,20261216.0,31400.0,Put,-,-,-,-,81,-,-,0,0,0,3,75,86,198,84
TXO,202612,20261216.0,31600.0,Call,-,-,-,-,14730,-,-,0,0,0,0,-,14840,7950,5480
TXO,202612,20261216.0,31600.0,Put,-,-,-,-,83,-,-,0,0,0,2,77,88,1870,86
TXO,202612,20261216.0,31800.0,Call,-,-,-,-,14540,-,-,0,0,0,0,-,14640,10560,5580
TXO,202612,20261216.0,31800.0,Put,-,-,-,-,85,-,-,0,0,0,1,-,-,200,150
TXO,202612,20261216.0,32000.0,Call,-,-,-,-,14340,-,-,0,0,0,0,14250,-,9600,3560
TXO,202612,20261216.0,32000.0,Put,-,-,-,-,86,-,-,0,0,0,6,80,91,3270,86
TXO,202612,20261216.0,32200.0,Call,-,-,-,-,14140,-,-,0,0,0,0,-,-,-,-
TXO,202612,20261216.0,32200.0,Put,-,-,-,-,90,-,-,0,0,0,2,84,95,3130,82
TXO,202612,20261216.0,32400.0,Call,-,-,-,-,13940,-,-,0,0,0,0,-,14050,11650,3460
TXO,202612,20261216.0,32400.0,Put,-,-,-,-,92,-,-,0,0,0,4,-,191,3250,97
TXO,202612,20261216.0,32600.0,Call,-,-,-,-,13750,-,-,0,0,0,0,-,-,-,-
TXO,202612,20261216.0,32600.0,Put,-,-,-,-,95,-,-,0,0,0,11,-,-,1160,101
TXO,202612,20261216.0,32800.0,Call,-,-,-,-,13550,-,-,0,0,0,0,13460,13650,-,-
TXO,202612,20261216.0,32800.0,Put,-,-,-,-,98,-,-,0,0,0,8,-,-,1920,100
TXO,202612,20261216.0,33000.0,Call,-,-,-,-,13360,-,-,0,0,0,0,-,13460,13520,3000
TXO,202612,20261216.0,33000.0,Put,126,126,126,126,100,▲+10,▲+8.62%,0,1,1,62,0.1,200,3280,77
TXO,202612,20261216.0,33200.0,Call,-,-,-,-,13160,-,-,0,0,0,0,13080,13260,4180,3280
TXO,202612,20261216.0,33200.0,Put,-,-,-,-,104,-,-,0,0,0,1,2.2,-,780,95
TXO,202612,20261216.0,33400.0,Call,-,-,-,-,12970,-,-,0,0,0,0,-,13070,10800,2780
TXO,202612,20261216.0,33400.0,Put,-,-,-,-,107,-,-,0,0,0,2,100,114,3450,500
TXO,202612,20261216.0,33600.0,Call,-,-,-,-,12770,-,-,0,0,0,0,12690,12880,10850,2640
TXO,202612,20261216.0,33600.0,Put,-,-,-,-,110,-,-,0,0,0,6,102,118,4010,101
TXO,202612,20261216.0,33800.0,Call,-,-,-,-,12570,-,-,0,0,0,0,12480,-,-,-
TXO,202612,20261216.0,33800.0,Put,-,-,-,-,114,-,-,0,0,0,0,106,122,1670,995
TXO,202612,20261216.0,34000.0,Call,-,-,-,-,12380,-,-,0,0,0,0,12290,-,12700,3130
TXO,202612,20261216.0,34000.0,Put,-,-,-,-,115,-,-,0,0,0,141,-,120,3620,96
TXO,202612,20261216.0,34200.0,Call,-,-,-,-,12180,-,-,0,0,0,0,12100,12270,8850,5200
TXO,202612,20261216.0,34200.0,Put,-,-,-,-,122,-,-,0,0,0,1,-,-,1780,91
TXO,202612,20261216.0,34400.0,Call,-,-,-,-,11990,-,-,0,0,0,0,11900,12080,-,-
TXO,202612,20261216.0,34400.0,Put,-,-,-,-,127,-,-,0,0,0,0,25.5,-,2600,149
TXO,202612,20261216.0,34600.0,Call,-,-,-,-,11800,-,-,0,0,0,0,11720,-,-,-
TXO,202612,20261216.0,34600.0,Put,-,-,-,-,132,-,-,0,0,0,3,68,-,2670,102
TXO,202612,20261216.0,34800.0,Call,-,-,-,-,11600,-,-,0,0,0,0,11520,-,4830,3240
TXO,202612,20261216.0,34800.0,Put,-,-,-,-,138,-,-,0,0,0,1,127,148,3120,330
TXO,202612,20261216.0,35000.0,Call,-,-,-,-,11410,-,-,0,0,0,0,11330,-,12910,2200
TXO,202612,20261216.0,35000.0,Put,160,160,155,155,144,▼-20,▼-11.43%,0,16,16,87,0.2,-,2100,120
TXO,202612,20261216.0,35200.0,Call,-,-,-,-,11220,-,-,0,0,0,0,11130,-,4590,3370
TXO,202612,20261216.0,35200.0,Put,147,147,147,147,147,▼-35,▼-19.23%,0,2,2,2,0.2,-,3000,147
TXO,202612,20261216.0,35400.0,Call,-,-,-,-,11020,-,-,0,0,0,0,10950,-,9450,3340
TXO,202612,20261216.0,35400.0,Put,-,-,-,-,156,-,-,0,0,0,0,144,168,1300,350
TXO,202612,20261216.0,35600.0,Call,-,-,-,-,10830,-,-,0,0,0,0,10750,-,12870,2380
TXO,202612,20261216.0,35600.0,Put,-,-,-,-,164,-,-,0,0,0,1,0.6,-,4020,193
TXO,202612,20261216.0,35800.0,Call,-,-,-,-,10640,-,-,0,0,0,0,-,-,7020,6410
TXO,202612,20261216.0,35800.0,Put,-,-,-,-,171,-,-,0,0,0,1,158,184,2000,1020
TXO,202612,20261216.0,36000.0,Call,-,-,-,-,10450,-,-,0,0,0,0,10370,-,10860,1950
TXO,202612,20261216.0,36000.0,Put,194,194,194,194,180,▼-27,▼-12.22%,0,5,5,107,0.2,230,3300,130
TXO,202612,20261216.0,36200.0,Call,-,-,-,-,10260,-,-,0,0,0,0,10180,-,7130,1470
TXO,202612,20261216.0,36200.0,Put,-,-,-,-,189,-,-,0,0,0,0,87,-,-,-
TXO,202612,20261216.0,36400.0,Call,-,-,-,-,10070,-,-,0,0,0,0,-,10150,10490,1390
TXO,202612,20261216.0,36400.0,Put,-,-,-,-,199,-,-,0,0,0,1,97,-,2020,189
TXO,202612,20261216.0,36600.0,Call,-,-,-,-,9880,-,-,0,0,0,0,9800,9980,6880,1320
TXO,202612,20261216.0,36600.0,Put,-,-,-,-,209,-,-,0,0,0,5,107,379,2130,171
TXO,202612,20261216.0,36800.0,Call,-,-,-,-,9690,-,-,0,0,0,0,9650,9790,11890,1260
TXO,202612,20261216.0,36800.0,Put,-,-,-,-,220,-,-,0,0,0,50,203,236,2670,197
TXO,202612,20261216.0,37000.0,Call,-,-,-,-,9510,-,-,0,0,0,4,-,9610,12020,1350
TXO,202612,20261216.0,37000.0,Put,-,-,-,-,232,-,-,0,0,0,100,216,247,3150,160
TXO,202612,20261216.0,37200.0,Call,-,-,-,-,9320,-,-,0,0,0,0,-,-,9030,1740
TXO,202612,20261216.0,37200.0,Put,-,-,-,-,245,-,-,0,0,0,9,227,262,1070,231
TXO,202612,20261216.0,37400.0,Call,-,-,-,-,9130,-,-,0,0,0,0,9060,-,10760,1280
TXO,202612,20261216.0,37400.0,Put,-,-,-,-,258,-,-,0,0,0,11,0.2,358,1540,195
TXO,202612,20261216.0,37600.0,Call,-,-,-,-,8950,-,-,0,0,0,2,-,-,1260,1260
TXO,202612,20261216.0,37600.0,Put,-,-,-,-,272,-,-,0,0,0,7,254,289,2950,399
TXO,202612,20261216.0,37800.0,Call,-,-,-,-,8770,-,-,0,0,0,0,-,-,11540,1240
TXO,202612,20261216.0,37800.0,Put,297,297,297,297,297,▼-63,▼-17.50%,0,1,1,14,270,305,2900,197
TXO,202612,20261216.0,38000.0,Call,-,-,-,-,8580,-,-,0,0,0,18,8510,-,8700,1230
TXO,202612,20261216.0,38000.0,Put,350,350,320,320,320,▼-60,▼-15.79%,0,3,3,184,286,321,3430,215
TXO,202612,20261216.0,38200.0,Call,-,-,-,-,8400,-,-,0,0,0,0,8320,-,7280,1200
TXO,202612,20261216.0,38200.0,Put,334,334,334,334,334,▼-68,▼-16.92%,0,1,1,6,303,338,1900,334
TXO,202612,20261216.0,38400.0,Call,-,-,-,-,8220,-,-,0,0,0,0,-,-,7140,1270
TXO,202612,20261216.0,38400.0,Put,-,-,-,-,339,-,-,0,0,0,4,321,356,835,247
TXO,202612,20261216.0,38600.0,Call,-,-,-,-,8040,-,-,0,0,0,3,7950,-,10540,1080
TXO,202612,20261216.0,38600.0,Put,374,374,374,374,374,▼-73,▼-16.33%,0,1,1,11,257,458,3100,262
TXO,202612,20261216.0,38800.0,Call,-,-,-,-,7860,-,-,0,0,0,0,7780,-,10770,775
TXO,202612,20261216.0,38800.0,Put,-,-,-,-,379,-,-,0,0,0,2,361,396,1510,275
TXO,202612,20261216.0,39000.0,Call,-,-,-,-,7690,-,-,0,0,0,4,7610,7790,9290,1100
TXO,202612,20261216.0,39000.0,Put,429,429,419,419,419,▼-81,▼-16.20%,0,12,12,118,383,418,3690,300
TXO,202612,20261216.0,39200.0,Call,-,-,-,-,7510,-,-,0,0,0,0,-,-,10280,1290
TXO,202612,20261216.0,39200.0,Put,-,-,-,-,423,-,-,0,0,0,2,400,445,3680,306
TXO,202612,20261216.0,39400.0,Call,-,-,-,-,7330,-,-,0,0,0,0,7240,-,11070,1300
TXO,202612,20261216.0,39400.0,Put,-,-,-,-,446,-,-,0,0,0,1,423,468,3380,500
TXO,202612,20261216.0,39600.0,Call,-,-,-,-,7160,-,-,0,0,0,0,7080,-,11070,750
TXO,202612,20261216.0,39600.0,Put,-,-,-,-,473,-,-,0,0,0,3,371,-,3660,505
TXO,202612,20261216.0,39800.0,Call,-,-,-,-,6990,-,-,0,0,0,0,6910,-,11350,1250
TXO,202612,20261216.0,39800.0,Put,-,-,-,-,499,-,-,0,0,0,1,0.2,595,4080,780
TXO,202612,20261216.0,40000.0,Call,-,-,-,-,6810,-,-,0,0,0,12,6720,6850,9010,705
TXO,202612,20261216.0,40000.0,Put,545,545,545,545,545,▼-100,▼-15.50%,0,1,1,115,500,545,3960,340
TXO,202612,20261216.0,40200.0,Call,-,-,-,-,6640,-,-,0,0,0,0,-,-,6970,2200
TXO,202612,20261216.0,40200.0,Put,-,-,-,-,555,-,-,0,0,0,1,453,-,3430,990
TXO,202612,20261216.0,40400.0,Call,-,-,-,-,6480,-,-,0,0,0,1,-,-,8140,695
TXO,202612,20261216.0,40400.0,Put,-,-,-,-,585,-,-,0,0,0,1,560,610,2820,425
TXO,202612,20261216.0,40600.0,Call,-,-,-,-,6310,-,-,0,0,0,0,-,-,6630,740
TXO,202612,20261216.0,40600.0,Put,-,-,-,-,615,-,-,0,0,0,1,590,640,2750,1930
TXO,202612,20261216.0,40800.0,Call,-,-,-,-,6140,-,-,0,0,0,16,-,-,9640,1410
TXO,202612,20261216.0,40800.0,Put,-,-,-,-,650,-,-,0,0,0,300,620,675,3980,468
TXO,202612,20261216.0,41000.0,Call,-,-,-,-,5980,-,-,0,0,0,5,5880,6010,9160,675
TXO,202612,20261216.0,41000.0,Put,-,-,-,-,685,-,-,0,0,0,7,580,780,4390,580
TXO,202612,20261216.0,41200.0,Call,-,-,-,-,5820,-,-,0,0,0,0,5730,5850,5620,3150
TXO,202612,20261216.0,41200.0,Put,-,-,-,-,720,-,-,0,0,0,31,690,750,4410,490
TXO,202612,20261216.0,41400.0,Call,-,-,-,-,5650,-,-,0,0,0,30,5570,5750,10000,360
TXO,202612,20261216.0,41400.0,Put,-,-,-,-,760,-,-,0,0,0,20,725,790,4540,525
TXO,202612,20261216.0,41600.0,Call,-,-,-,-,5490,-,-,0,0,0,11,-,5590,6550,1450
TXO,202612,20261216.0,41600.0,Put,-,-,-,-,795,-,-,0,0,0,12,0.2,-,4290,670
TXO,202612,20261216.0,41800.0,Call,-,-,-,-,5330,-,-,0,0,0,15,5240,5430,8490,710
TXO,202612,20261216.0,41800.0,Put,-,-,-,-,835,-,-,0,0,0,10,800,870,4390,925
TXO,202612,20261216.0,42000.0,Call,-,-,-,-,5170,-,-,0,0,0,71,5080,5220,8720,800
TXO,202612,20261216.0,42000.0,Put,-,-,-,-,875,-,-,0,0,0,108,840,910,4950,645
TXO,202612,20261216.0,42200.0,Call,-,-,-,-,5020,-,-,0,0,0,2,-,5050,8040,1500
TXO,202612,20261216.0,42200.0,Put,-,-,-,-,920,-,-,0,0,0,100,885,955,3610,1660
TXO,202612,20261216.0,42400.0,Call,-,-,-,-,4870,-,-,0,0,0,0,4800,-,5850,1260
TXO,202612,20261216.0,42400.0,Put,-,-,-,-,965,-,-,0,0,0,0,930,1000,4790,1100
TXO,202612,20261216.0,42600.0,Call,-,-,-,-,4720,-,-,0,0,0,2,4650,-,7280,965
TXO,202612,20261216.0,42600.0,Put,-,-,-,-,1020,-,-,0,0,0,0,980,1050,4770,3040
TXO,202612,20261216.0,42800.0,Call,-,-,-,-,4570,-,-,0,0,0,1,0.3,4610,4950,2510
TXO,202612,20261216.0,42800.0,Put,-,-,-,-,1070,-,-,0,0,0,0,1020,1110,1190,900
TXO,202612,20261216.0,43000.0,Call,-,-,-,-,4420,-,-,0,0,0,65,4350,4490,9700,1130
TXO,202612,20261216.0,43000.0,Put,-,-,-,-,1120,-,-,0,0,0,70,1070,1160,5020,800
TXO,202612,20261216.0,43200.0,Call,-,-,-,-,4280,-,-,0,0,0,0,0.3,-,4670,1400
TXO,202612,20261216.0,43200.0,Put,-,-,-,-,1180,-,-,0,0,0,0,1130,1220,-,-
TXO,202612,20261216.0,43400.0,Call,-,-,-,-,4130,-,-,0,0,0,0,4040,-,7410,4950
TXO,202612,20261216.0,43400.0,Put,-,-,-,-,1230,-,-,0,0,0,2,0.2,1330,5280,2010
TXO,202612,20261216.0,43600.0,Call,-,-,-,-,3990,-,-,0,0,0,1,3870,4020,5510,950
TXO,202612,20261216.0,43600.0,Put,-,-,-,-,1290,-,-,0,0,0,1,1190,-,4780,1630
TXO,202612,20261216.0,43800.0,Call,-,-,-,-,3850,-,-,0,0,0,1,3740,3880,8340,1020
TXO,202612,20261216.0,43800.0,Put,-,-,-,-,1350,-,-,0,0,0,12,1250,-,4460,930
TXO,202612,20261216.0,44000.0,Call,-,-,-,-,3720,-,-,0,0,0,4,3610,3750,8350,2260
TXO,202612,20261216.0,44000.0,Put,-,-,-,-,1420,-,-,0,0,0,103,1370,1460,4770,1060
TXO,202612,20261216.0,44200.0,Call,-,-,-,-,3590,-,-,0,0,0,2,3400,-,5630,600
TXO,202612,20261216.0,44200.0,Put,-,-,-,-,1480,-,-,0,0,0,65,1380,-,4890,1030
TXO,202612,20261216.0,44400.0,Call,-,-,-,-,3460,-,-,0,0,0,1,3310,-,6730,930
TXO,202612,20261216.0,44400.0,Put,-,-,-,-,1550,-,-,0,0,0,106,1450,-,4660,1090
TXO,202612,20261216.0,44600.0,Call,-,-,-,-,3330,-,-,0,0,0,11,3230,3360,5770,890
TXO,202612,20261216.0,44600.0,Put,-,-,-,-,1620,-,-,0,0,0,12,1520,-,6030,1140
TXO,202612,20261216.0,44800.0,Call,-,-,-,-,3200,-,-,0,0,0,2,3040,-,3190,2320
TXO,202612,20261216.0,44800.0,Put,-,-,-,-,1690,-,-,0,0,0,8,1640,1730,5600,1190
TXO,202612,20261216.0,45000.0,Call,-,-,-,-,3070,-,-,0,0,0,5,2890,-,6790,2600
TXO,202612,20261216.0,45000.0,Put,-,-,-,-,1760,-,-,0,0,0,111,1710,1810,6200,1250
TXO,202612,20261216.0,45200.0,Call,-,-,-,-,2960,-,-,0,0,0,1,0.3,3020,6620,925
TXO,202612,20261216.0,45200.0,Put,-,-,-,-,1840,-,-,0,0,0,6,1790,1890,6690,1310
TXO,202612,20261216.0,45400.0,Call,-,-,-,-,2830,-,-,0,0,0,1,2720,2830,6500,2250
TXO,202612,20261216.0,45400.0,Put,-,-,-,-,1920,-,-,0,0,0,5,1870,1970,6540,1380
TXO,202612,20261216.0,45600.0,Call,-,-,-,-,2720,-,-,0,0,0,3,2580,-,6160,1070
TXO,202612,20261216.0,45600.0,Put,-,-,-,-,2010,-,-,0,0,0,3,1950,2060,7000,1450
TXO,202612,20261216.0,45800.0,Call,-,-,-,-,2610,-,-,0,0,0,7,2500,2620,3200,1980
TXO,202612,20261216.0,45800.0,Put,-,-,-,-,2090,-,-,0,0,0,2,2040,2140,1550,1510
TXO,202612,20261216.0,46000.0,Call,-,-,-,-,2500,-,-,0,0,0,259,0.3,2560,5560,1640
TXO,202612,20261216.0,46000.0,Put,-,-,-,-,2180,-,-,0,0,0,192,2130,2230,7060,1580
TXO,202612,20261216.0,46200.0,Call,-,-,-,-,2390,-,-,0,0,0,2,2200,-,2620,2300
TXO,202612,20261216.0,46200.0,Put,-,-,-,-,2270,-,-,0,0,0,2,2140,-,7260,1650
TXO,202612,20261216.0,46400.0,Call,-,-,-,-,2220,-,-,0,0,0,3,0.3,2350,5700,1560
TXO,202612,20261216.0,46400.0,Put,-,-,-,-,2310,-,-,0,0,0,2,2310,2420,5970,1720
TXO,202612,20261216.0,46600.0,Call,2330,2330,2330,2330,2120,▲+190,▲+8.88%,1,1,2,53,0.3,2230,6500,1500
TXO,202612,20261216.0,46600.0,Put,-,-,-,-,2400,-,-,0,0,0,7,0.2,2580,2550,1800
TXO,202612,20261216.0,46800.0,Call,-,-,-,-,2020,-,-,0,0,0,12,1970,2070,5870,1500
TXO,202612,20261216.0,46800.0,Put,-,-,-,-,2500,-,-,0,0,0,5,0.2,-,7770,2120
TXO,202612,20261216.0,47000.0,Call,-,-,-,-,1920,-,-,0,0,0,236,0.3,2050,6430,1420
TXO,202612,20261216.0,47000.0,Put,-,-,-,-,2600,-,-,0,0,0,18,2600,2720,7620,1980
TXO,202612,20261216.0,47200.0,Call,-,-,-,-,1830,-,-,0,0,0,62,0.3,1920,4830,1680
TXO,202612,20261216.0,47200.0,Put,-,-,-,-,2700,-,-,0,0,0,1,0.2,-,2150,2150
TXO,202612,20261216.0,47400.0,Call,-,-,-,-,1740,-,-,3,0,3,68,1690,1790,5670,1700
TXO,202612,20261216.0,47400.0,Put,-,-,-,-,2810,-,-,0,0,0,1,0.2,-,6210,2250
TXO,202612,20261216.0,47600.0,Call,-,-,-,-,1650,-,-,0,0,0,48,1360,1760,5180,1100
TXO,202612,20261216.0,47600.0,Put,-,-,-,-,2930,-,-,0,0,0,5,2920,3050,6310,2720
TXO,202612,20261216.0,47800.0,Call,-,-,-,-,1560,-,-,0,0,0,9,1520,1610,5050,1290
TXO,202612,20261216.0,47800.0,Put,-,-,-,-,3040,-,-,0,0,0,2,3030,3150,5750,4890
TXO,202612,20261216.0,48000.0,Call,1480,1480,1480,1480,1480,▼-40,▼-2.63%,0,2,2,66,1330,-,5100,1330
TXO,202612,20261216.0,48000.0,Put,-,-,-,-,3160,-,-,0,0,0,8,0.2,-,8030,2620
TXO,202612,20261216.0,48200.0,Call,-,-,-,-,1400,-,-,0,0,0,6,1360,1450,3960,1880
TXO,202612,20261216.0,48200.0,Put,-,-,-,-,3280,-,-,0,0,0,5,3270,3400,5860,2570
TXO,202612,20261216.0,48400.0,Call,-,-,-,-,1320,-,-,0,0,0,5,0.3,1430,5700,1520
TXO,202612,20261216.0,48400.0,Put,-,-,-,-,3390,-,-,0,0,0,4,3390,3510,5920,5910
TXO,202612,20261216.0,48600.0,Call,-,-,-,-,1250,-,-,0,0,0,5,1210,1300,4880,1710
TXO,202612,20261216.0,48600.0,Put,-,-,-,-,3520,-,-,0,0,0,0,3510,3650,6090,4600
TXO,202612,20261216.0,48800.0,Call,-,-,-,-,1180,-,-,0,0,0,0,0.3,-,-,-
TXO,202612,20261216.0,48800.0,Put,-,-,-,-,3650,-,-,0,0,0,1,3640,3760,8920,4350
TXO,202612,20261216.0,49000.0,Call,-,-,-,-,1110,-,-,0,0,0,420,0.3,-,5280,1070
TXO,202612,20261216.0,49000.0,Put,-,-,-,-,3780,-,-,0,0,0,5,3770,3900,6900,3080
TXO,202612,20261216.0,49200.0,Call,-,-,-,-,1050,-,-,0,0,0,16,1010,1090,4080,995
TXO,202612,20261216.0,49200.0,Put,-,-,-,-,3920,-,-,0,0,0,1,3910,4030,4800,4800
TXO,202612,20261216.0,49400.0,Call,-,-,-,-,990,-,-,0,0,0,5,0.3,-,3760,1240
TXO,202612,20261216.0,49400.0,Put,-,-,-,-,4060,-,-,0,0,0,3,0.2,4170,8650,4900
TXO,202612,20261216.0,49600.0,Call,-,-,-,-,935,-,-,0,0,0,10,900,970,4800,1160
TXO,202612,20261216.0,49600.0,Put,-,-,-,-,4200,-,-,0,0,0,0,20,-,6900,5500
TXO,202612,20261216.0,49800.0,Call,-,-,-,-,875,-,-,0,0,0,0,840,910,2780,960
TXO,202612,20261216.0,49800.0,Put,-,-,-,-,4340,-,-,0,0,0,0,4300,-,-,-
TXO,202612,20261216.0,50000.0,Call,810,810,810,810,810,▼-70,▼-7.95%,14,2,16,119,790,860,5000,810
TXO,202612,20261216.0,50000.0,Put,-,-,-,-,4490,-,-,0,0,0,12,-,4570,9900,4000
TXO,202612,20261216.0,50200.0,Call,-,-,-,-,770,-,-,0,0,0,5,740,805,4800,945
TXO,202612,20261216.0,50200.0,Put,-,-,-,-,4630,-,-,0,0,0,2,-,4720,5420,5400
TXO,202612,20261216.0,50400.0,Call,-,-,-,-,725,-,-,0,0,0,40,590,-,5200,840
TXO,202612,20261216.0,50400.0,Put,-,-,-,-,4790,-,-,0,0,0,4,-,4910,9460,5540
TXO,202612,20261216.0,50600.0,Call,-,-,-,-,680,-,-,0,0,0,0,545,-,3640,705
TXO,202612,20261216.0,50600.0,Put,-,-,-,-,4940,-,-,0,0,0,2,-,5040,5690,5670
TXO,202612,20261216.0,50800.0,Call,-,-,-,-,640,-,-,0,0,0,13,505,-,3620,955
TXO,202612,20261216.0,50800.0,Put,-,-,-,-,5100,-,-,0,0,0,0,-,5180,-,-
TXO,202612,20261216.0,51000.0,Call,-,-,-,-,595,-,-,0,0,0,10,468,-,4420,710
TXO,202612,20261216.0,51000.0,Put,-,-,-,-,5250,-,-,0,0,0,0,-,-,-,-
TXO,202612,20261216.0,51200.0,Call,-,-,-,-,555,-,-,0,0,0,5,535,580,950,950
TXO,202612,20261216.0,51200.0,Put,-,-,-,-,5420,-,-,0,0,0,0,5370,-,-,-
TXO,202612,20261216.0,51400.0,Call,-,-,-,-,520,-,-,0,0,0,2,500,545,1950,970
TXO,202612,20261216.0,51400.0,Put,-,-,-,-,5580,-,-,0,0,0,0,-,5670,-,-
TXO,202612,20261216.0,51600.0,Call,-,-,-,-,487,-,-,0,0,0,0,466,510,3280,2950
TXO,202612,20261216.0,51600.0,Put,-,-,-,-,5740,-,-,0,0,0,0,-,5840,-,-
TXO,202612,20261216.0,51800.0,Call,-,-,-,-,456,-,-,0,0,0,13,434,479,2550,810
TXO,202612,20261216.0,51800.0,Put,-,-,-,-,5910,-,-,0,0,0,0,-,-,-,-
TXO,202612,20261216.0,52000.0,Call,510,510,510,510,427,▲+32,▲+6.69%,0,5,5,247,306,-,3380,478
TXO,202612,20261216.0,52000.0,Put,-,-,-,-,6080,-,-,0,0,0,0,-,6190,-,-
TXO,202612,20261216.0,52200.0,Call,-,-,-,-,399,-,-,0,0,0,0,383,418,1150,570
TXO,202612,20261216.0,52200.0,Put,-,-,-,-,6250,-,-,0,0,0,0,-,-,-,-
TXO,202612,20261216.0,52400.0,Call,-,-,-,-,373,-,-,0,0,0,15,0.3,-,3950,600
TXO,202612,20261216.0,52400.0,Put,-,-,-,-,6430,-,-,0,0,0,0,-,-,8790,6780
TXO,202612,20261216.0,52600.0,Call,-,-,-,-,349,-,-,0,0,0,2,333,368,1820,690
TXO,202612,20261216.0,52600.0,Put,-,-,-,-,6600,-,-,0,0,0,0,-,-,-,-
TXO,202612,20261216.0,52800.0,Call,-,-,-,-,327,-,-,0,0,0,6,210,-,2770,425
TXO,202612,20261216.0,52800.0,Put,-,-,-,-,6780,-,-,0,0,0,0,-,6880,-,-
TXO,202612,20261216.0,53000.0,Call,375,375,375,375,308,▲+17,▲+4.75%,0,5,5,390,190,-,2970,282
TXO,202612,20261216.0,53000.0,Put,-,-,-,-,6960,-,-,0,0,0,0,6910,7050,-,-
TXO,202612,20261216.0,53200.0,Call,-,-,-,-,288,-,-,0,0,0,12,270,305,3950,479
TXO,202612,20261216.0,53200.0,Put,-,-,-,-,7140,-,-,0,0,0,0,-,7240,-,-
TXO,202612,20261216.0,53400.0,Call,-,-,-,-,269,-,-,0,0,0,4,154,-,2870,895
TXO,202612,20261216.0,53400.0,Put,-,-,-,-,7320,-,-,0,0,0,0,-,7420,-,-
TXO,202612,20261216.0,53600.0,Call,-,-,-,-,252,-,-,0,0,0,3,138,339,900,825
TXO,202612,20261216.0,53600.0,Put,-,-,-,-,7500,-,-,0,0,0,0,-,-,-,-
TXO,202612,20261216.0,53800.0,Call,-,-,-,-,236,-,-,0,0,0,2,123,-,2640,329
TXO,202612,20261216.0,53800.0,Put,-,-,-,-,7680,-,-,0,0,0,0,-,-,-,-
TXO,202612,20261216.0,54000.0,Call,266,266,266,266,220,▲+13,▲+5.14%,0,2,2,314,204,238,3360,266
TXO,202612,20261216.0,54000.0,Put,-,-,-,-,7870,-,-,0,0,0,0,-,7970,-,-
TXO,202612,20261216.0,54200.0,Call,-,-,-,-,206,-,-,0,0,0,2,191,223,840,380
TXO,202612,20261216.0,54200.0,Put,-,-,-,-,8050,-,-,0,0,0,0,-,8160,-,-
TXO,202612,20261216.0,54400.0,Call,-,-,-,-,194,-,-,0,0,0,3,179,210,2050,373
TXO,202612,20261216.0,54400.0,Put,-,-,-,-,8240,-,-,0,0,0,0,-,8350,-,-
TXO,202612,20261216.0,54600.0,Call,-,-,-,-,181,-,-,0,0,0,0,167,197,1420,243
TXO,202612,20261216.0,54600.0,Put,-,-,-,-,8420,-,-,0,0,0,0,-,-,-,-
TXO,202612,20261216.0,54800.0,Call,199,199,195,195,170,▼-3,▼-1.52%,0,10,10,11,156,185,3060,195
TXO,202612,20261216.0,54800.0,Put,-,-,-,-,8610,-,-,0,0,0,0,-,8720,-,-
TXO,202612,20261216.0,55000.0,Call,195,199,154,160,160,▼-34,▼-17.53%,0,6,6,46,160,174,2920,154
TXO,202612,20261216.0,55000.0,Put,-,-,-,-,8810,-,-,0,0,0,0,-,8910,-,-
TXO,202612,20261216.0,55200.0,Call,-,-,-,-,155,-,-,0,0,0,2,-,-,1980,207
TXO,202612,20261216.0,55200.0,Put,-,-,-,-,9000,-,-,0,0,0,0,-,9110,-,-
TXO,202612,20261216.0,55400.0,Call,-,-,-,-,145,-,-,0,0,0,5,127,153,2930,370
TXO,202612,20261216.0,55400.0,Put,-,-,-,-,9180,-,-,0,0,0,0,-,9290,-,-
TXO,202612,20261216.0,55600.0,Call,-,-,-,-,135,-,-,0,0,0,6,23.5,-,2150,273
TXO,202612,20261216.0,55600.0,Put,-,-,-,-,9370,-,-,0,0,0,0,-,-,-,-
TXO,202612,20261216.0,55800.0,Call,140,140,140,140,126,▼-5,▼-3.45%,0,1,1,17,2.6,216,3020,140
TXO,202612,20261216.0,55800.0,Put,-,-,-,-,9560,-,-,0,0,0,0,-,9680,-,-
TXO,202612,20261216.0,56000.0,Call,130,130,130,130,118,▼-11,▼-7.80%,0,1,1,9,103,127,2170,130
TXO,202612,20261216.0,56000.0,Put,-,-,-,-,9750,-,-,0,0,0,0,-,9870,-,-
TXO,202612,20261216.0,56200.0,Call,-,-,-,-,110,-,-,0,0,0,4,100,120,1900,140
TXO,202612,20261216.0,56200.0,Put,-,-,-,-,9950,-,-,0,0,0,0,-,10060,-,-
TXO,202612,20261216.0,56400.0,Call,-,-,-,-,102,-,-,0,0,0,1,0.1,-,1770,187
TXO,202612,20261216.0,56400.0,Put,-,-,-,-,10140,-,-,0,0,0,0,-,-,-,-
TXO,202612,20261216.0,56600.0,Call,-,-,-,-,95,-,-,0,0,0,3,89,100,495,118
TXO,202612,20261216.0,56600.0,Put,-,-,-,-,10330,-,-,0,0,0,0,-,-,-,-
TXO,202612,20261216.0,56800.0,Call,-,-,-,-,88,-,-,0,0,0,1,-,-,1830,178
TXO,202612,20261216.0,56800.0,Put,-,-,-,-,10520,-,-,0,0,0,0,-,10650,-,-
TXO,202612,20261216.0,57000.0,Call,-,-,-,-,83,-,-,0,0,0,498,78,89,2500,110
TXO,202612,20261216.0,57000.0,Put,-,-,-,-,10720,-,-,0,0,0,0,-,10840,-,-
TXO,202612,20261216.0,57200.0,Call,-,-,-,-,81,-,-,0,0,0,8,73,84,1880,130
TXO,202612,20261216.0,57200.0,Put,-,-,-,-,10910,-,-,0,0,0,1,-,-,11110,11110
TXO,202612,20261216.0,57400.0,Call,96,96,78,78,78,▼-15,▼-16.13%,3,2,5,260,1.6,97,1870,21
TXO,202612,20261216.0,57400.0,Put,-,-,-,-,11110,-,-,0,0,0,0,-,11230,-,-
TXO,202703,20270317.0,31800.0,Call,-,-,-,-,15020,-,-,0,0,0,0,14960,15210,-,-
TXO,202703,20270317.0,31800.0,Put,-,-,-,-,160,-,-,2,0,2,104,150,168,1020,102
TXO,202703,20270317.0,32000.0,Call,-,-,-,-,14830,-,-,0,0,0,0,-,15020,-,-
TXO,202703,20270317.0,32000.0,Put,-,-,-,-,171,-,-,0,0,0,21,155,186,1360,138
TXO,202703,20270317.0,32200.0,Call,-,-,-,-,14640,-,-,0,0,0,0,-,14820,-,-
TXO,202703,20270317.0,32200.0,Put,-,-,-,-,178,-,-,0,0,0,1,161,193,265,210
TXO,202703,20270317.0,32400.0,Call,-,-,-,-,14450,-,-,0,0,0,0,14380,14630,-,-
TXO,202703,20270317.0,32400.0,Put,-,-,-,-,184,-,-,0,0,0,0,0.2,-,331,290
TXO,202703,20270317.0,32600.0,Call,-,-,-,-,14260,-,-,0,0,0,0,-,-,-,-
TXO,202703,20270317.0,32600.0,Put,-,-,-,-,192,-,-,0,0,0,0,173,208,375,356
TXO,202703,20270317.0,32800.0,Call,-,-,-,-,14070,-,-,0,0,0,0,13980,14240,-,-
TXO,202703,20270317.0,32800.0,Put,-,-,-,-,200,-,-,0,0,0,1,181,216,415,195
TXO,202703,20270317.0,33000.0,Call,-,-,-,-,13880,-,-,0,0,0,0,13790,-,-,-
TXO,202703,20270317.0,33000.0,Put,-,-,-,-,207,-,-,0,0,0,11,0.2,306,469,178
TXO,202703,20270317.0,33200.0,Call,-,-,-,-,13690,-,-,0,0,0,0,-,-,-,-
TXO,202703,20270317.0,33200.0,Put,-,-,-,-,216,-,-,0,0,0,8,197,232,1690,488
TXO,202703,20270317.0,33400.0,Call,-,-,-,-,13500,-,-,0,0,0,0,13430,-,-,-
TXO,202703,20270317.0,33400.0,Put,-,-,-,-,225,-,-,0,0,0,0,206,241,-,-
TXO,202703,20270317.0,33600.0,Call,-,-,-,-,13310,-,-,0,0,0,0,-,13470,-,-
TXO,202703,20270317.0,33600.0,Put,-,-,-,-,235,-,-,0,0,0,1,216,251,935,184
TXO,202703,20270317.0,33800.0,Call,-,-,-,-,13120,-,-,0,0,0,0,13050,-,-,-
TXO,202703,20270317.0,33800.0,Put,-,-,-,-,245,-,-,0,0,0,21,143,-,1850,178
TXO,202703,20270317.0,34000.0,Call,-,-,-,-,12930,-,-,0,0,0,0,12860,13090,-,-
TXO,202703,20270317.0,34000.0,Put,-,-,-,-,256,-,-,0,0,0,6,237,272,1420,184
TXO,202703,20270317.0,34200.0,Call,-,-,-,-,12750,-,-,0,0,0,0,12660,-,-,-
TXO,202703,20270317.0,34200.0,Put,-,-,-,-,267,-,-,0,0,0,1,165,-,1390,243
TXO,202703,20270317.0,34400.0,Call,-,-,-,-,12560,-,-,0,0,0,0,12490,12730,-,-
TXO,202703,20270317.0,34400.0,Put,-,-,-,-,280,-,-,0,0,0,0,261,296,-,-
TXO,202703,20270317.0,34600.0,Call,-,-,-,-,12380,-,-,0,0,0,0,-,-,13810,12940
TXO,202703,20270317.0,34600.0,Put,-,-,-,-,293,-,-,0,0,0,2,190,-,915,316
TXO,202703,20270317.0,34800.0,Call,-,-,-,-,12190,-,-,0,0,0,0,-,-,-,-
TXO,202703,20270317.0,34800.0,Put,-,-,-,-,306,-,-,0,0,0,1,287,322,1000,515
TXO,202703,20270317.0,35000.0,Call,-,-,-,-,12010,-,-,0,0,0,0,11920,-,-,-
TXO,202703,20270317.0,35000.0,Put,330,330,330,330,330,▼-29,▼-8.08%,1,1,2,55,301,336,1600,256
TXO,202703,20270317.0,35200.0,Call,-,-,-,-,11820,-,-,0,0,0,0,-,-,-,-
TXO,202703,20270317.0,35200.0,Put,-,-,-,-,335,-,-,0,0,0,7,0.2,434,515,495
TXO,202703,20270317.0,35400.0,Call,-,-,-,-,11640,-,-,0,0,0,0,11540,11770,-,-
TXO,202703,20270317.0,35400.0,Put,-,-,-,-,351,-,-,0,0,0,25,249,450,695,535
TXO,202703,20270317.0,35600.0,Call,-,-,-,-,11460,-,-,0,0,0,0,-,11610,-,-
TXO,202703,20270317.0,35600.0,Put,-,-,-,-,369,-,-,0,0,0,28,350,385,2340,277
TXO,202703,20270317.0,35800.0,Call,-,-,-,-,11280,-,-,0,0,0,0,-,11410,-,-
TXO,202703,20270317.0,35800.0,Put,450,450,450,450,387,0,0%,0,1,1,15,367,402,2050,301
TXO,202703,20270317.0,36000.0,Call,-,-,-,-,11100,-,-,0,0,0,0,-,-,-,-
TXO,202703,20270317.0,36000.0,Put,419,419,419,419,419,▼-50,▼-10.66%,0,1,1,79,385,420,2380,266
TXO,202703,20270317.0,36200.0,Call,-,-,-,-,10920,-,-,0,0,0,0,10850,11060,-,-
TXO,202703,20270317.0,36200.0,Put,-,-,-,-,425,-,-,0,0,0,1,322,-,2050,289
TXO,202703,20270317.0,36400.0,Call,-,-,-,-,10750,-,-,0,0,0,0,10670,10880,-,-
TXO,202703,20270317.0,36400.0,Put,-,-,-,-,445,-,-,0,0,0,2,420,465,1800,520
TXO,202703,20270317.0,36600.0,Call,-,-,-,-,10570,-,-,0,0,0,4,10500,10700,13790,11300
TXO,202703,20270317.0,36600.0,Put,-,-,-,-,466,-,-,0,0,0,20,441,486,2780,360
TXO,202703,20270317.0,36800.0,Call,-,-,-,-,10390,-,-,0,0,0,0,10320,10510,-,-
TXO,202703,20270317.0,36800.0,Put,-,-,-,-,490,-,-,0,0,0,2,465,510,1990,391
TXO,202703,20270317.0,37000.0,Call,-,-,-,-,10220,-,-,0,0,0,0,-,10330,-,-
TXO,202703,20270317.0,37000.0,Put,-,-,-,-,510,-,-,0,0,0,32,409,-,2340,340
TXO,202703,20270317.0,37200.0,Call,-,-,-,-,10040,-,-,0,0,0,0,9970,-,-,-
TXO,202703,20270317.0,37200.0,Put,-,-,-,-,535,-,-,0,0,0,3,434,635,1160,460
TXO,202703,20270317.0,37400.0,Call,-,-,-,-,9870,-,-,0,0,0,0,9800,-,-,-
TXO,202703,20270317.0,37400.0,Put,-,-,-,-,560,-,-,0,0,0,6,459,660,2000,480
TXO,202703,20270317.0,37600.0,Call,-,-,-,-,9700,-,-,0,0,0,0,-,9820,-,-
TXO,202703,20270317.0,37600.0,Put,-,-,-,-,590,-,-,0,0,0,5,485,690,3020,480
TXO,202703,20270317.0,37800.0,Call,-,-,-,-,9530,-,-,0,0,0,0,9450,9650,-,-
TXO,202703,20270317.0,37800.0,Put,-,-,-,-,615,-,-,0,0,0,6,585,635,1150,510
TXO,202703,20270317.0,38000.0,Call,-,-,-,-,9360,-,-,0,0,0,1,9280,9480,11830,11830
TXO,202703,20270317.0,38000.0,Put,700,700,650,650,650,▼-90,▼-12.16%,0,21,21,39,0.2,1000,2600,432
TXO,202703,20270317.0,38200.0,Call,-,-,-,-,9190,-,-,0,0,0,0,-,9290,-,-
TXO,202703,20270317.0,38200.0,Put,-,-,-,-,670,-,-,0,0,0,1,640,695,1230,482
TXO,202703,20270317.0,38400.0,Call,-,-,-,-,9020,-,-,0,0,0,1,-,9130,10180,10180
TXO,202703,20270317.0,38400.0,Put,695,695,695,695,695,▼-115,▼-14.20%,0,1,1,2,670,730,1270,695
TXO,202703,20270317.0,38600.0,Call,-,-,-,-,8850,-,-,0,0,0,0,8780,-,-,-
TXO,202703,20270317.0,38600.0,Put,-,-,-,-,735,-,-,0,0,0,3,630,835,2090,480
TXO,202703,20270317.0,38800.0,Call,-,-,-,-,8690,-,-,0,0,0,0,8610,8800,-,-
TXO,202703,20270317.0,38800.0,Put,-,-,-,-,765,-,-,0,0,0,1,660,-,2560,680
TXO,202703,20270317.0,39000.0,Call,-,-,-,-,8530,-,-,0,0,0,0,-,8620,-,-
TXO,202703,20270317.0,39000.0,Put,790,790,790,790,790,▼-120,▼-13.19%,0,1,1,8,765,830,3400,580
TXO,202703,20270317.0,39200.0,Call,-,-,-,-,8360,-,-,0,0,0,0,8280,-,-,-
TXO,202703,20270317.0,39200.0,Put,-,-,-,-,835,-,-,0,0,0,1,0.2,-,2680,1450
TXO,202703,20270317.0,39400.0,Call,-,-,-,-,8200,-,-,0,0,0,0,8120,-,-,-
TXO,202703,20270317.0,39400.0,Put,-,-,-,-,870,-,-,0,0,0,2,0.2,-,2740,1500
TXO,202703,20270317.0,39600.0,Call,-,-,-,-,8040,-,-,0,0,0,0,-,-,-,-
TXO,202703,20270317.0,39600.0,Put,-,-,-,-,910,-,-,0,0,0,4,0.2,1010,2830,1000
TXO,202703,20270317.0,39800.0,Call,-,-,-,-,7890,-,-,0,0,0,0,7800,-,-,-
TXO,202703,20270317.0,39800.0,Put,-,-,-,-,955,-,-,0,0,0,11,610,-,3000,810
TXO,202703,20270317.0,40000.0,Call,7780,7780,7780,7780,7730,▲+200,▲+2.64%,0,1,1,2,7640,7810,11530,6000
TXO,202703,20270317.0,40000.0,Put,-,-,-,-,1000,-,-,0,0,0,36,950,1020,4200,810
TXO,202703,20270317.0,40200.0,Call,-,-,-,-,7580,-,-,0,0,0,0,7480,7640,-,-
TXO,202703,20270317.0,40200.0,Put,-,-,-,-,1040,-,-,0,0,0,6,590,1130,2460,785
TXO,202703,20270317.0,40400.0,Call,-,-,-,-,7410,-,-,0,0,0,0,7320,7480,6450,5300
TXO,202703,20270317.0,40400.0,Put,-,-,-,-,1070,-,-,0,0,0,1,965,-,1760,1760
TXO,202703,20270317.0,40600.0,Call,-,-,-,-,7250,-,-,0,0,0,0,-,-,6950,5530
TXO,202703,20270317.0,40600.0,Put,-,-,-,-,1110,-,-,0,0,0,0,1060,1150,-,-
TXO,202703,20270317.0,40800.0,Call,-,-,-,-,7100,-,-,0,0,0,0,-,7170,-,-
TXO,202703,20270317.0,40800.0,Put,-,-,-,-,1160,-,-,0,0,0,2,1110,1200,4650,1100
TXO,202703,20270317.0,41000.0,Call,-,-,-,-,6950,-,-,0,0,0,0,6860,7040,8000,5380
TXO,202703,20270317.0,41000.0,Put,-,-,-,-,1210,-,-,0,0,0,1,1130,1210,4540,945
TXO,202703,20270317.0,41200.0,Call,-,-,-,-,6800,-,-,0,0,0,0,6710,6890,-,-
TXO,202703,20270317.0,41200.0,Put,1210,1210,1210,1210,1250,▼-190,▼-13.57%,0,1,1,3,1180,1260,3000,1010
TXO,202703,20270317.0,41400.0,Call,-,-,-,-,6650,-,-,0,0,0,0,6550,-,-,-
TXO,202703,20270317.0,41400.0,Put,-,-,-,-,1300,-,-,0,0,0,4,1250,1340,2050,1340
TXO,202703,20270317.0,41600.0,Call,-,-,-,-,6500,-,-,0,0,0,0,-,6560,-,-
TXO,202703,20270317.0,41600.0,Put,1340,1340,1340,1340,1340,▼-170,▼-11.26%,0,11,11,0,0.2,-,3390,1120
TXO,202703,20270317.0,41800.0,Call,-,-,-,-,6350,-,-,0,0,0,0,-,-,-,-
TXO,202703,20270317.0,41800.0,Put,-,-,-,-,1400,-,-,0,0,0,1,0.2,-,3200,2180
TXO,202703,20270317.0,42000.0,Call,-,-,-,-,6200,-,-,0,0,0,2,-,-,11500,4800
TXO,202703,20270317.0,42000.0,Put,-,-,-,-,1450,-,-,0,0,0,10,0.2,-,4320,1040
TXO,202703,20270317.0,42200.0,Call,-,-,-,-,6070,-,-,0,0,0,0,5970,-,-,-
TXO,202703,20270317.0,42200.0,Put,-,-,-,-,1510,-,-,0,0,0,1,1460,1550,2260,2260
TXO,202703,20270317.0,42400.0,Call,-,-,-,-,5920,-,-,0,0,0,0,5830,-,-,-
TXO,202703,20270317.0,42400.0,Put,-,-,-,-,1560,-,-,0,0,0,1,1460,-,2370,2370
TXO,202703,20270317.0,42600.0,Call,-,-,-,-,5780,-,-,0,0,0,1,5650,-,6610,6610
TXO,202703,20270317.0,42600.0,Put,-,-,-,-,1620,-,-,0,0,0,1,1570,1660,2440,2440
TXO,202703,20270317.0,42800.0,Call,-,-,-,-,5640,-,-,0,0,0,1,5550,-,6480,6480
TXO,202703,20270317.0,42800.0,Put,-,-,-,-,1680,-,-,0,0,0,1,1630,1720,2690,2510
TXO,202703,20270317.0,43000.0,Call,-,-,-,-,5500,-,-,0,0,0,0,-,-,-,-
TXO,202703,20270317.0,43000.0,Put,-,-,-,-,1740,-,-,0,0,0,3,0.2,1850,4720,1340
TXO,202703,20270317.0,43200.0,Call,-,-,-,-,5370,-,-,0,0,0,1,5210,5500,6230,6230
TXO,202703,20270317.0,43200.0,Put,-,-,-,-,1810,-,-,0,0,0,1,0.2,-,2660,2660
TXO,202703,20270317.0,43400.0,Call,-,-,-,-,5230,-,-,0,0,0,1,5070,-,6110,6110
TXO,202703,20270317.0,43400.0,Put,-,-,-,-,1870,-,-,0,0,0,1,1810,1910,3730,3730
TXO,202703,20270317.0,43600.0,Call,-,-,-,-,5100,-,-,0,0,0,1,4970,-,5980,5980
TXO,202703,20270317.0,43600.0,Put,-,-,-,-,1930,-,-,0,0,0,0,0.2,-,6100,3200
TXO,202703,20270317.0,43800.0,Call,-,-,-,-,4970,-,-,0,0,0,0,4810,5080,-,-
TXO,202703,20270317.0,43800.0,Put,-,-,-,-,2000,-,-,0,0,0,1,0.2,-,5820,5820
TXO,202703,20270317.0,44000.0,Call,-,-,-,-,4840,-,-,0,0,0,13,-,-,9500,5370
TXO,202703,20270317.0,44000.0,Put,-,-,-,-,2070,-,-,0,0,0,18,0.2,2180,5230,1560
TXO,202703,20270317.0,44200.0,Call,-,-,-,-,4720,-,-,0,0,0,2,4550,-,6100,3340
TXO,202703,20270317.0,44200.0,Put,-,-,-,-,2140,-,-,0,0,0,1,2050,2170,3040,3040
TXO,202703,20270317.0,44400.0,Call,-,-,-,-,4590,-,-,0,0,0,2,4440,4690,5500,5140
TXO,202703,20270317.0,44400.0,Put,-,-,-,-,2220,-,-,0,0,0,1,2150,2270,3130,1920
TXO,202703,20270317.0,44600.0,Call,-,-,-,-,4470,-,-,0,0,0,2,4310,4550,5300,3600
TXO,202703,20270317.0,44600.0,Put,-,-,-,-,2290,-,-,0,0,0,1,2220,2340,3210,1990
TXO,202703,20270317.0,44800.0,Call,-,-,-,-,4350,-,-,0,0,0,1,4190,4430,4880,4470
TXO,202703,20270317.0,44800.0,Put,-,-,-,-,2370,-,-,0,0,0,4,2300,2420,5330,1970
TXO,202703,20270317.0,45000.0,Call,-,-,-,-,4220,-,-,0,0,0,21,4010,-,5180,3280
TXO,202703,20270317.0,45000.0,Put,-,-,-,-,2440,-,-,0,0,0,1,2360,2500,5500,2080
TXO,202703,20270317.0,45200.0,Call,-,-,-,-,4110,-,-,0,0,0,3,3940,-,5400,4800
TXO,202703,20270317.0,45200.0,Put,-,-,-,-,2530,-,-,0,0,0,1,2430,2570,3470,3470
TXO,202703,20270317.0,45400.0,Call,-,-,-,-,4000,-,-,0,0,0,1,3830,4050,4940,4000
TXO,202703,20270317.0,45400.0,Put,-,-,-,-,2610,-,-,0,0,0,2,0.2,-,3560,2900
TXO,202703,20270317.0,45600.0,Call,-,-,-,-,3890,-,-,0,0,0,1,3760,3980,4850,4850
TXO,202703,20270317.0,45600.0,Put,-,-,-,-,2700,-,-,0,0,0,1,2580,-,3650,3650
TXO,202703,20270317.0,45800.0,Call,3880,3880,3880,3880,3790,▲+170,▲+4.58%,0,1,1,2,3650,3850,4720,3880
TXO,202703,20270317.0,45800.0,Put,-,-,-,-,2800,-,-,0,0,0,1,2680,2840,3740,3740
TXO,202703,20270317.0,46000.0,Call,-,-,-,-,3680,-,-,0,0,0,14,3430,-,8000,3110
TXO,202703,20270317.0,46000.0,Put,-,-,-,-,2890,-,-,0,0,0,4,0.2,2970,5700,3830
TXO,202703,20270317.0,46200.0,Call,-,-,-,-,3540,-,-,0,0,0,1,3430,3630,4510,4510
TXO,202703,20270317.0,46200.0,Put,-,-,-,-,2950,-,-,0,0,0,1,2860,3020,3930,3930
TXO,202703,20270317.0,46400.0,Call,-,-,-,-,3440,-,-,0,0,0,1,0.2,-,4410,4410
TXO,202703,20270317.0,46400.0,Put,-,-,-,-,3040,-,-,0,0,0,1,2950,3110,4020,4020
TXO,202703,20270317.0,46600.0,Call,-,-,-,-,3340,-,-,0,0,0,2,0.2,-,7460,7430
TXO,202703,20270317.0,46600.0,Put,-,-,-,-,3140,-,-,0,0,0,1,3030,-,4120,4120
TXO,202703,20270317.0,46800.0,Call,-,-,-,-,3210,-,-,0,0,0,8,3110,3290,4200,3240
TXO,202703,20270317.0,46800.0,Put,-,-,-,-,3210,-,-,0,0,0,1,3110,3290,4220,4220
TXO,202703,20270317.0,47000.0,Call,-,-,-,-,3080,-,-,0,0,0,8,2910,-,7200,3150
TXO,202703,20270317.0,47000.0,Put,-,-,-,-,3280,-,-,0,0,0,52,3190,-,4780,2680
TXO,202703,20270317.0,47200.0,Call,-,-,-,-,2990,-,-,0,0,0,1,0.2,-,4010,4010
TXO,202703,20270317.0,47200.0,Put,-,-,-,-,3390,-,-,0,0,0,1,3290,-,4420,4420
TXO,202703,20270317.0,47400.0,Call,-,-,-,-,2890,-,-,0,0,0,1,2820,2980,3910,3910
TXO,202703,20270317.0,47400.0,Put,-,-,-,-,3480,-,-,0,0,0,3,3400,3600,4430,4430
TXO,202703,20270317.0,47600.0,Call,-,-,-,-,2790,-,-,0,0,0,1,2720,2880,3510,3510
TXO,202703,20270317.0,47600.0,Put,-,-,-,-,3580,-,-,0,0,0,3,3510,3710,4630,4530
TXO,202703,20270317.0,47800.0,Call,-,-,-,-,2700,-,-,0,0,0,1,0.2,-,3720,3720
TXO,202703,20270317.0,47800.0,Put,-,-,-,-,3690,-,-,0,0,0,3,3600,-,4740,4640
TXO,202703,20270317.0,48000.0,Call,-,-,-,-,2610,-,-,0,0,0,2,2430,-,3920,2960
TXO,202703,20270317.0,48000.0,Put,-,-,-,-,3800,-,-,0,0,0,4,3730,3950,8820,3460
TXO,202703,20270317.0,48200.0,Call,-,-,-,-,2520,-,-,0,0,0,3,2370,-,3530,3530
TXO,202703,20270317.0,48200.0,Put,-,-,-,-,3910,-,-,0,0,0,1,3820,-,4870,4870
TXO,202703,20270317.0,48400.0,Call,-,-,-,-,2430,-,-,0,0,0,3,2370,2510,7100,2350
TXO,202703,20270317.0,48400.0,Put,-,-,-,-,4020,-,-,0,0,0,1,3940,-,4980,4980
TXO,202703,20270317.0,48600.0,Call,-,-,-,-,2350,-,-,0,0,0,5,2300,2420,6300,2140
TXO,202703,20270317.0,48600.0,Put,-,-,-,-,4130,-,-,0,0,0,1,0.2,-,5100,4100
TXO,202703,20270317.0,48800.0,Call,-,-,-,-,2270,-,-,0,0,0,1,0.2,2380,2260,2260
TXO,202703,20270317.0,48800.0,Put,-,-,-,-,4260,-,-,0,0,0,1,4170,-,5210,5210
TXO,202703,20270317.0,49000.0,Call,2300,2300,2300,2300,2200,▲+80,▲+3.60%,0,1,1,32,2140,2260,6150,2040
TXO,202703,20270317.0,49000.0,Put,-,-,-,-,4380,-,-,0,0,0,5,4300,4510,6880,5330
TXO,202703,20270317.0,49200.0,Call,-,-,-,-,2130,-,-,0,0,0,5,2080,2200,6280,2000
TXO,202703,20270317.0,49200.0,Put,-,-,-,-,4510,-,-,0,0,0,1,4410,-,5440,4610
TXO,202703,20270317.0,49400.0,Call,-,-,-,-,2020,-,-,0,0,0,5,1980,2090,5760,2950
TXO,202703,20270317.0,49400.0,Put,-,-,-,-,4600,-,-,0,0,0,1,4530,-,5560,5560
TXO,202703,20270317.0,49600.0,Call,-,-,-,-,1960,-,-,0,0,0,1,0.2,-,3030,3030
TXO,202703,20270317.0,49600.0,Put,-,-,-,-,4730,-,-,0,0,0,1,4660,-,5680,5680
TXO,202703,20270317.0,49800.0,Call,-,-,-,-,1890,-,-,0,0,0,1,0.2,-,2950,2950
TXO,202703,20270317.0,49800.0,Put,-,-,-,-,4860,-,-,0,0,0,1,4790,5050,5800,5800
TXO,202703,20270317.0,50000.0,Call,1850,1850,1850,1850,1820,▼-10,▼-0.54%,0,1,1,29,1780,1880,7300,1800
TXO,202703,20270317.0,50000.0,Put,-,-,-,-,4990,-,-,0,0,0,20,-,-,10120,5930
TXO,202703,20270317.0,50200.0,Call,-,-,-,-,1740,-,-,0,0,0,2,0.2,-,5650,1610
TXO,202703,20270317.0,50200.0,Put,-,-,-,-,5110,-,-,0,0,0,1,5060,5310,6050,6050
TXO,202703,20270317.0,50400.0,Call,-,-,-,-,1680,-,-,0,0,0,5,1640,1730,2860,1750
TXO,202703,20270317.0,50400.0,Put,-,-,-,-,5240,-,-,0,0,0,1,5190,5440,6200,6200
TXO,202703,20270317.0,50600.0,Call,-,-,-,-,1620,-,-,0,0,0,1,1480,-,2800,2240
TXO,202703,20270317.0,50600.0,Put,-,-,-,-,5380,-,-,0,0,0,1,5320,5580,6300,6300
TXO,202703,20270317.0,50800.0,Call,-,-,-,-,1560,-,-,0,0,0,2,1520,1610,2580,1770
TXO,202703,20270317.0,50800.0,Put,-,-,-,-,5520,-,-,0,0,0,1,5450,-,6430,6430
TXO,202703,20270317.0,51000.0,Call,-,-,-,-,1500,-,-,0,0,0,7,1460,1550,6190,1480
TXO,202703,20270317.0,51000.0,Put,-,-,-,-,5660,-,-,0,0,0,4,5540,5750,6560,5680
TXO,202703,20270317.0,51200.0,Call,-,-,-,-,1440,-,-,0,0,0,2,0.2,-,3190,1560
TXO,202703,20270317.0,51200.0,Put,-,-,-,-,5800,-,-,0,0,0,1,5740,6010,6690,6690
TXO,202703,20270317.0,51400.0,Call,-,-,-,-,1390,-,-,0,0,0,0,1340,1430,5950,1480
TXO,202703,20270317.0,51400.0,Put,-,-,-,-,5940,-,-,0,0,0,1,5840,-,6830,6830
TXO,202703,20270317.0,51600.0,Call,-,-,-,-,1330,-,-,0,0,0,5,1290,1380,5400,1490
TXO,202703,20270317.0,51600.0,Put,-,-,-,-,6090,-,-,0,0,0,1,6030,6310,6960,6960
TXO,202703,20270317.0,51800.0,Call,-,-,-,-,1290,-,-,0,0,0,1,1240,1330,4720,4600
TXO,202703,20270317.0,51800.0,Put,-,-,-,-,6240,-,-,0,0,0,1,6130,-,7090,7090
TXO,202703,20270317.0,52000.0,Call,-,-,-,-,1240,-,-,0,0,0,11,1190,1280,5800,1340
TXO,202703,20270317.0,52000.0,Put,-,-,-,-,6390,-,-,0,0,0,1,6280,-,7230,7230
TXO,202703,20270317.0,52200.0,Call,-,-,-,-,1190,-,-,0,0,0,1,1140,1230,2120,2120
TXO,202703,20270317.0,52200.0,Put,-,-,-,-,6540,-,-,0,0,0,1,-,6620,7370,7370
TXO,202703,20270317.0,52400.0,Call,-,-,-,-,1150,-,-,0,0,0,10,0.2,-,4900,1440
TXO,202703,20270317.0,52400.0,Put,-,-,-,-,6700,-,-,0,0,0,1,6580,-,7510,7510
TXO,202703,20270317.0,52600.0,Call,-,-,-,-,1090,-,-,0,0,0,2,1050,1140,2230,1520
TXO,202703,20270317.0,52600.0,Put,-,-,-,-,6840,-,-,0,0,0,1,6730,6920,7650,7650
TXO,202703,20270317.0,52800.0,Call,-,-,-,-,1050,-,-,0,0,0,1,1000,1090,4470,1190
TXO,202703,20270317.0,52800.0,Put,-,-,-,-,6990,-,-,0,0,0,1,6890,7110,7790,7790
TXO,202703,20270317.0,53000.0,Call,1050,1050,1050,1050,1010,0,0%,0,1,1,11,970,1040,4850,1050
TXO,202703,20270317.0,53000.0,Put,-,-,-,-,7150,-,-,0,0,0,0,7090,7280,-,-
TXO,202703,20270317.0,53200.0,Call,-,-,-,-,970,-,-,0,0,0,2,830,-,4700,1280
TXO,202703,20270317.0,53200.0,Put,-,-,-,-,7310,-,-,0,0,0,1,7200,-,8070,8070
TXO,202703,20270317.0,53400.0,Call,-,-,-,-,930,-,-,0,0,0,6,890,960,1860,980
TXO,202703,20270317.0,53400.0,Put,-,-,-,-,7470,-,-,0,0,0,1,7380,-,8400,8220
TXO,202703,20270317.0,53600.0,Call,-,-,-,-,895,-,-,0,0,0,2,0.2,-,1890,1120
TXO,202703,20270317.0,53600.0,Put,-,-,-,-,7630,-,-,0,0,0,0,-,-,-,-
TXO,202703,20270317.0,53800.0,Call,-,-,-,-,860,-,-,1,0,1,1,200,-,4600,880
TXO,202703,20270317.0,53800.0,Put,-,-,-,-,7800,-,-,0,0,0,0,-,-,-,-
TXO,202703,20270317.0,54000.0,Call,870,870,800,800,825,▼-65,▼-7.51%,0,3,3,17,780,850,4820,800
TXO,202703,20270317.0,54000.0,Put,-,-,-,-,7960,-,-,0,0,0,0,-,8090,-,-
TXO,202703,20270317.0,54200.0,Call,-,-,-,-,795,-,-,0,0,0,4,750,815,1770,880
TXO,202703,20270317.0,54200.0,Put,-,-,-,-,8130,-,-,0,0,0,0,-,-,-,-
TXO,202703,20270317.0,54400.0,Call,-,-,-,-,760,-,-,0,0,0,11,720,780,1810,910
TXO,202703,20270317.0,54400.0,Put,-,-,-,-,8290,-,-,0,0,0,0,-,-,-,-
TXO,202703,20270317.0,54600.0,Call,705,705,705,705,730,▼-65,▼-8.44%,0,1,1,3,695,-,1740,705
TXO,202703,20270317.0,54600.0,Put,-,-,-,-,8460,-,-,0,0,0,0,-,8600,-,-
TXO,202703,20270317.0,54800.0,Call,695,695,695,695,695,▼-45,▼-6.08%,0,1,1,2,0.2,-,1450,695
TXO,202703,20270317.0,54800.0,Put,-,-,-,-,8630,-,-,0,0,0,0,-,-,-,-
TXO,202703,20270317.0,55000.0,Call,710,710,710,710,675,0,0%,0,1,1,25,535,-,3600,710
TXO,202703,20270317.0,55000.0,Put,-,-,-,-,8800,-,-,0,0,0,0,-,8910,-,-
TXO,202703,20270317.0,55200.0,Call,700,700,600,600,645,▼-80,▼-11.76%,0,11,11,7,640,660,4510,600
TXO,202703,20270317.0,55200.0,Put,-,-,-,-,8970,-,-,0,0,0,0,-,-,-,-
TXO,202703,20270317.0,55400.0,Call,-,-,-,-,600,-,-,0,0,0,6,580,630,1320,970
TXO,202703,20270317.0,55400.0,Put,-,-,-,-,9120,-,-,0,0,0,0,-,9230,-,-
TXO,202703,20270317.0,55600.0,Call,-,-,-,-,580,-,-,0,0,0,1,0.2,-,1730,1730
TXO,202703,20270317.0,55600.0,Put,-,-,-,-,9300,-,-,0,0,0,0,-,9470,-,-
TXO,202703,20270317.0,55800.0,Call,600,600,600,600,560,0,0%,0,1,1,4,535,580,4340,600
TXO,202703,20270317.0,55800.0,Put,-,-,-,-,9480,-,-,0,0,0,0,-,9580,-,-
TXO,202703,20270317.0,56000.0,Call,570,570,570,570,535,▼-20,▼-3.39%,0,1,1,22,525,685,2570,570
TXO,202703,20270317.0,56000.0,Put,-,-,-,-,9650,-,-,0,0,0,0,-,9800,14710,10440
TXO,202703,20270317.0,56200.0,Call,530,580,530,580,515,▲+30,▲+5.45%,0,3,3,6,394,595,1370,530
TXO,202703,20270317.0,56200.0,Put,-,-,-,-,9830,-,-,0,0,0,0,-,10000,-,-
TXO,202703,20270317.0,56400.0,Call,-,-,-,-,494,-,-,0,0,0,12,471,515,1140,710
TXO,202703,20270317.0,56400.0,Put,-,-,-,-,10010,-,-,0,0,0,0,-,10180,-,-
TXO,202703,20270317.0,56600.0,Call,-,-,-,-,475,-,-,0,0,0,8,448,493,1760,700
TXO,202703,20270317.0,56600.0,Put,-,-,-,-,10180,-,-,0,0,0,0,-,10360,-,-
TXO,202703,20270317.0,56800.0,Call,-,-,-,-,456,-,-,0,0,0,1,429,474,1070,615
TXO,202703,20270317.0,56800.0,Put,-,-,-,-,10360,-,-,0,0,0,0,-,-,-,-
TXO,202703,20270317.0,57000.0,Call,-,-,-,-,437,-,-,0,0,0,14,256,-,2950,535
TXO,202703,20270317.0,57000.0,Put,-,-,-,-,10540,-,-,0,0,0,0,-,10700,-,-
TXO,202703,20270317.0,57200.0,Call,-,-,-,-,419,-,-,0,0,0,17,400,445,3450,498
TXO,202703,20270317.0,57200.0,Put,-,-,-,-,10720,-,-,0,0,0,0,-,-,-,-
TXO,202703,20270317.0,57400.0,Call,396,396,396,396,396,▼-43,▼-9.79%,0,1,1,250,377,460,3760,385
TXO,202703,20270317.0,57400.0,Put,-,-,-,-,10900,-,-,0,0,0,0,-,-,-,-
