契約,到期月份 (週別),契約到期日,履約價,買賣權,開盤價,最高價,最低價,最後 成交價,結算價,漲跌價,漲跌%,*盤後交易時段成交量,*一般交易時段成交量,*合計成交量,*未沖銷 契約量,最後 最佳買價,最後 最佳賣價,歷史 最高價,歷史 最低價
TXO,202609,20260916.0,21800.0,Call,-,-,-,-,23800.0,-,-,0,0,0,4,23720,24100,25330,12370
TXO,202609,20260916.0,21800.0,Put,-,-,-,-,0.1,-,-,0,0,0,1793,-,0.5,650,0.1
TXO,202609,20260916.0,22000.0,Call,-,-,-,-,23600.0,-,-,0,0,0,6,23530,23890,23430,5990
TXO,202609,20260916.0,22000.0,Put,-,-,-,-,0.1,-,-,0,0,0,321,-,100,565,0.3
TXO,202609,20260916.0,22200.0,Call,-,-,-,-,23400.0,-,-,0,0,0,0,23340,23440,-,-
TXO,202609,20260916.0,22200.0,Put,-,-,-,-,0.1,-,-,0,0,0,256,-,101,580,0.3
TXO,202609,20260916.0,22400.0,Call,-,-,-,-,23200.0,-,-,0,0,0,0,23140,23240,-,-
TXO,202609,20260916.0,22400.0,Put,-,-,-,-,0.1,-,-,0,0,0,253,-,100,605,0.3
TXO,202609,20260916.0,22600.0,Call,-,-,-,-,23000.0,-,-,0,0,0,0,22940,23040,-,-
TXO,202609,20260916.0,22600.0,Put,-,-,-,-,0.1,-,-,0,0,0,311,-,59,650,0.3
TXO,202609,20260916.0,22800.0,Call,-,-,-,-,22800.0,-,-,0,0,0,0,22740,22840,-,-
TXO,202609,20260916.0,22800.0,Put,-,-,-,-,0.1,-,-,0,0,0,83,-,101,675,0.3
TXO,202609,20260916.0,23000.0,Call,-,-,-,-,22600.0,-,-,0,0,0,0,22540,22640,-,-
TXO,202609,20260916.0,23000.0,Put,-,-,-,-,0.1,-,-,0,0,0,144,-,555,700,0.3
TXO,202609,20260916.0,23200.0,Call,-,-,-,-,22400.0,-,-,0,0,0,0,22340,22440,-,-
TXO,202609,20260916.0,23200.0,Put,-,-,-,-,0.1,-,-,0,0,0,242,-,565,730,0.3
TXO,202609,20260916.0,23400.0,Call,-,-,-,-,22200.0,-,-,0,0,0,0,22150,22240,-,-
TXO,202609,20260916.0,23400.0,Put,-,-,-,-,0.1,-,-,0,0,0,11,-,565,700,2.5
TXO,202609,20260916.0,23600.0,Call,-,-,-,-,22000.0,-,-,0,0,0,0,21950,22040,-,-
TXO,202609,20260916.0,23600.0,Put,-,-,-,-,0.1,-,-,0,0,0,11,-,101,700,0.5
TXO,202609,20260916.0,23800.0,Call,-,-,-,-,21800.0,-,-,0,0,0,0,21740,21840,-,-
TXO,202609,20260916.0,23800.0,Put,-,-,-,-,0.1,-,-,0,0,0,14,-,565,520,0.5
TXO,202609,20260916.0,24000.0,Call,-,-,-,-,21600.0,-,-,0,0,0,0,21540,21640,-,-
TXO,202609,20260916.0,24000.0,Put,-,-,-,-,0.1,-,-,0,0,0,108,-,3,665,0.3
TXO,202609,20260916.0,24200.0,Call,-,-,-,-,21400.0,-,-,0,0,0,0,21340,21440,-,-
TXO,202609,20260916.0,24200.0,Put,-,-,-,-,0.1,-,-,0,0,0,82,-,565,1000,0.6
TXO,202609,20260916.0,24400.0,Call,-,-,-,-,21200.0,-,-,0,0,0,0,21140,21240,-,-
TXO,202609,20260916.0,24400.0,Put,-,-,-,-,0.1,-,-,0,0,0,112,-,565,1010,0.5
TXO,202609,20260916.0,24600.0,Call,-,-,-,-,21000.0,-,-,0,0,0,0,20940,21040,-,-
TXO,202609,20260916.0,24600.0,Put,-,-,-,-,0.1,-,-,0,0,0,52,-,565,1020,0.6
TXO,202609,20260916.0,24800.0,Call,-,-,-,-,20800.0,-,-,0,0,0,0,20750,20830,-,-
TXO,202609,20260916.0,24800.0,Put,-,-,-,-,0.1,-,-,0,0,0,85,-,101,1100,0.6
TXO,202609,20260916.0,25000.0,Call,-,-,-,-,20600.0,-,-,0,0,0,0,20550,20630,-,-
TXO,202609,20260916.0,25000.0,Put,1,1,1,1,0.1,▲+0.9,-,0,1,1,118,-,0.8,1050,0.3
TXO,202609,20260916.0,25200.0,Call,-,-,-,-,20400.0,-,-,0,0,0,0,20350,20430,-,-
TXO,202609,20260916.0,25200.0,Put,-,-,-,-,0.1,-,-,0,0,0,29,-,10,1200,0.5
TXO,202609,20260916.0,25400.0,Call,-,-,-,-,20200.0,-,-,0,0,0,0,20160,20230,-,-
TXO,202609,20260916.0,25400.0,Put,-,-,-,-,0.1,-,-,0,0,0,43,-,565,1250,0.3
TXO,202609,20260916.0,25600.0,Call,-,-,-,-,20000.0,-,-,0,0,0,0,19960,20030,-,-
TXO,202609,20260916.0,25600.0,Put,-,-,-,-,0.1,-,-,0,0,0,23,-,565,1210,0.3
TXO,202609,20260916.0,25800.0,Call,-,-,-,-,19800.0,-,-,0,0,0,164,19710,20070,20840,14370
TXO,202609,20260916.0,25800.0,Put,-,-,-,-,0.1,-,-,0,0,0,33,-,101,1270,0.3
TXO,202609,20260916.0,26000.0,Call,-,-,-,-,19600.0,-,-,0,0,0,0,19550,19630,-,-
TXO,202609,20260916.0,26000.0,Put,-,-,-,-,0.1,-,-,0,0,0,104,-,3,1090,0.3
TXO,202609,20260916.0,26200.0,Call,-,-,-,-,19400.0,-,-,0,0,0,0,19350,19430,-,-
TXO,202609,20260916.0,26200.0,Put,-,-,-,-,0.1,-,-,0,0,0,24,-,444,1420,0.6
TXO,202609,20260916.0,26400.0,Call,-,-,-,-,19200.0,-,-,0,0,0,0,19150,19230,13900,5820
TXO,202609,20260916.0,26400.0,Put,-,-,-,-,0.1,-,-,0,0,0,15,-,565,1180,0.5
TXO,202609,20260916.0,26600.0,Call,-,-,-,-,19000.0,-,-,0,0,0,0,18950,19030,-,-
TXO,202609,20260916.0,26600.0,Put,-,-,-,-,0.1,-,-,0,0,0,24,-,101,1000,0.2
TXO,202609,20260916.0,26800.0,Call,-,-,-,-,18800.0,-,-,0,0,0,25,18730,19080,18950,5510
TXO,202609,20260916.0,26800.0,Put,-,-,-,-,0.1,-,-,0,0,0,31,-,565,1130,0.3
TXO,202609,20260916.0,27000.0,Call,-,-,-,-,18600.0,-,-,0,0,0,3,18530,18860,20110,6220
TXO,202609,20260916.0,27000.0,Put,-,-,-,-,0.1,-,-,0,0,0,16,-,3,1750,0.1
TXO,202609,20260916.0,27200.0,Call,-,-,-,-,18400.0,-,-,0,0,0,0,18350,18430,-,-
TXO,202609,20260916.0,27200.0,Put,-,-,-,-,0.1,-,-,0,0,0,6,-,565,750,0.2
TXO,202609,20260916.0,27400.0,Call,-,-,-,-,18200.0,-,-,0,0,0,2,18130,18460,5890,2380
TXO,202609,20260916.0,27400.0,Put,-,-,-,-,0.1,-,-,0,0,0,11,-,565,1270,0.2
TXO,202609,20260916.0,27600.0,Call,-,-,-,-,18000.0,-,-,0,0,0,2,17820,18260,10800,2020
TXO,202609,20260916.0,27600.0,Put,0.2,0.2,0.2,0.2,0.1,▲+0.1,-,0,1,1,8,-,565,1120,0.2
TXO,202609,20260916.0,27800.0,Call,-,-,-,-,17800.0,-,-,0,0,0,7,17490,18060,19160,16360
TXO,202609,20260916.0,27800.0,Put,0.2,0.2,0.2,0.2,0.1,▲+0.1,-,0,1,1,21,-,101,1460,0.2
TXO,202609,20260916.0,28000.0,Call,-,-,-,-,17600.0,-,-,0,0,0,1,17570,17640,7880,1910
TXO,202609,20260916.0,28000.0,Put,-,-,-,-,0.1,-,-,0,0,0,60,-,3,2180,0.3
TXO,202609,20260916.0,28200.0,Call,-,-,-,-,17400.0,-,-,0,0,0,2,17240,17690,5250,1730
TXO,202609,20260916.0,28200.0,Put,-,-,-,-,0.1,-,-,0,0,0,7,-,565,1180,0.3
TXO,202609,20260916.0,28400.0,Call,-,-,-,-,17200.0,-,-,0,0,0,21,17040,17470,15910,1630
TXO,202609,20260916.0,28400.0,Put,0.2,0.2,0.2,0.2,0.1,▲+0.1,-,0,1,1,18,-,565,1550,0.2
TXO,202609,20260916.0,28600.0,Call,-,-,-,-,17000.0,-,-,0,0,0,0,16950,17030,-,-
TXO,202609,20260916.0,28600.0,Put,-,-,-,-,0.1,-,-,0,0,0,19,-,565,1250,4.1
TXO,202609,20260916.0,28800.0,Call,-,-,-,-,16800.0,-,-,0,0,0,0,16750,16830,5200,3230
TXO,202609,20260916.0,28800.0,Put,-,-,-,-,0.1,-,-,0,0,0,26,-,101,775,2.5
TXO,202609,20260916.0,29000.0,Call,-,-,-,-,16600.0,-,-,0,0,0,2,16410,16860,4570,4570
TXO,202609,20260916.0,29000.0,Put,0.2,0.2,0.2,0.2,0.1,▲+0.1,-,0,7,7,41,-,3,1920,0.2
TXO,202609,20260916.0,29200.0,Call,-,-,-,-,16400.0,-,-,0,0,0,4,16330,16660,6310,1310
TXO,202609,20260916.0,29200.0,Put,-,-,-,-,0.1,-,-,0,0,0,19,-,565,1320,0.3
TXO,202609,20260916.0,29400.0,Call,-,-,-,-,16200.0,-,-,0,0,0,1,16170,16240,6990,1290
TXO,202609,20260916.0,29400.0,Put,-,-,-,-,0.1,-,-,0,0,0,53,-,565,2010,2
TXO,202609,20260916.0,29600.0,Call,-,-,-,-,16000.0,-,-,0,0,0,2,15930,16270,5690,1370
TXO,202609,20260916.0,29600.0,Put,0.2,0.2,0.2,0.2,0.1,▲+0.1,-,0,2,2,27,-,450,1780,0.2
TXO,202609,20260916.0,29800.0,Call,-,-,-,-,15800.0,-,-,0,0,0,4,15730,16100,16280,1210
TXO,202609,20260916.0,29800.0,Put,0.2,0.2,0.2,0.2,0.1,▲+0.1,-,0,1,1,22,-,101,2400,0.2
TXO,202609,20260916.0,30000.0,Call,-,-,-,-,15600.0,-,-,0,0,0,24,15440,15890,14350,1210
TXO,202609,20260916.0,30000.0,Put,0.1,0.1,0.1,0.1,0.1,0,-,0,1,1,793,-,101,2400,0.1
TXO,202609,20260916.0,30200.0,Call,-,-,-,-,15400.0,-,-,0,0,0,4,15230,15690,10020,1320
TXO,202609,20260916.0,30200.0,Put,-,-,-,-,0.1,-,-,0,0,0,10,-,101,2050,4.6
TXO,202609,20260916.0,30400.0,Call,-,-,-,-,15200.0,-,-,0,0,0,0,15160,15230,5390,1430
TXO,202609,20260916.0,30400.0,Put,-,-,-,-,0.1,-,-,0,0,0,37,-,565,2030,1
TXO,202609,20260916.0,30600.0,Call,-,-,-,-,15000.0,-,-,0,0,0,6,14830,15300,5520,1000
TXO,202609,20260916.0,30600.0,Put,-,-,-,-,0.1,-,-,0,0,0,8,-,565,2090,14
TXO,202609,20260916.0,30800.0,Call,-,-,-,-,14800.0,-,-,0,0,0,7,14650,15100,10110,940
TXO,202609,20260916.0,30800.0,Put,-,-,-,-,0.1,-,-,0,0,0,20,-,101,2200,7
TXO,202609,20260916.0,31000.0,Call,-,-,-,-,14600.0,-,-,0,0,0,1,14560,14630,15990,1300
TXO,202609,20260916.0,31000.0,Put,-,-,-,-,0.1,-,-,0,0,0,83,-,499,2410,0.5
TXO,202609,20260916.0,31200.0,Call,-,-,-,-,14400.0,-,-,0,0,0,0,14360,14430,5680,2350
TXO,202609,20260916.0,31200.0,Put,-,-,-,-,0.1,-,-,0,0,0,33,-,565,4320,1
TXO,202609,20260916.0,31400.0,Call,-,-,-,-,14200.0,-,-,0,0,0,1,14170,14240,14330,1430
TXO,202609,20260916.0,31400.0,Put,-,-,-,-,0.1,-,-,0,0,0,27,-,565,2750,0.6
TXO,202609,20260916.0,31600.0,Call,-,-,-,-,14000.0,-,-,0,0,0,0,13960,14030,3970,2920
TXO,202609,20260916.0,31600.0,Put,-,-,-,-,0.1,-,-,0,0,0,51,-,565,2510,0.3
TXO,202609,20260916.0,31800.0,Call,-,-,-,-,13800.0,-,-,0,0,0,1,13770,13840,14100,1370
TXO,202609,20260916.0,31800.0,Put,-,-,-,-,0.1,-,-,0,0,0,43,-,565,2990,4.1
TXO,202609,20260916.0,32000.0,Call,-,-,-,-,13600.0,-,-,0,0,0,21,13420,13900,16670,1310
TXO,202609,20260916.0,32000.0,Put,-,-,-,-,0.1,-,-,0,0,0,99,-,565,2700,0.7
TXO,202609,20260916.0,32200.0,Call,-,-,-,-,13400.0,-,-,0,0,0,19,13230,13700,13750,1380
TXO,202609,20260916.0,32200.0,Put,-,-,-,-,0.1,-,-,2,0,2,20,-,565,2670,0.3
TXO,202609,20260916.0,32400.0,Call,-,-,-,-,13200.0,-,-,0,0,0,0,13160,13230,4680,1440
TXO,202609,20260916.0,32400.0,Put,-,-,-,-,0.1,-,-,0,0,0,19,-,101,2300,3.6
TXO,202609,20260916.0,32600.0,Call,-,-,-,-,13000.0,-,-,0,0,0,0,12960,13030,9580,1680
TXO,202609,20260916.0,32600.0,Put,-,-,-,-,0.1,-,-,0,0,0,37,-,565,2900,0.8
TXO,202609,20260916.0,32800.0,Call,-,-,-,-,12800.0,-,-,0,0,0,2,12730,12880,8380,1420
TXO,202609,20260916.0,32800.0,Put,-,-,-,-,0.1,-,-,0,0,0,30,-,565,3280,0.7
TXO,202609,20260916.0,33000.0,Call,-,-,-,-,12600.0,-,-,0,0,0,35,12530,12680,12330,399
TXO,202609,20260916.0,33000.0,Put,0.1,0.1,0.1,0.1,0.1,0,-,2,1,3,112,-,565,3000,0.1
TXO,202609,20260916.0,33200.0,Call,-,-,-,-,12400.0,-,-,0,0,0,4,12090,12500,11640,344
TXO,202609,20260916.0,33200.0,Put,-,-,-,-,0.1,-,-,0,0,0,9,-,101,2730,1
TXO,202609,20260916.0,33400.0,Call,-,-,-,-,12200.0,-,-,0,0,0,2,12030,12480,12040,1470
TXO,202609,20260916.0,33400.0,Put,-,-,-,-,0.1,-,-,0,0,0,26,-,565,2780,3.6
TXO,202609,20260916.0,33600.0,Call,-,-,-,-,12000.0,-,-,0,0,0,1,11970,12030,13690,372
TXO,202609,20260916.0,33600.0,Put,0.2,0.2,0.2,0.2,0.1,▲+0.1,-,0,2,2,22,-,565,3860,0.2
TXO,202609,20260916.0,33800.0,Call,-,-,-,-,11800.0,-,-,0,0,0,1,11770,11830,7340,328
TXO,202609,20260916.0,33800.0,Put,-,-,-,-,0.1,-,-,8,0,8,61,-,565,3000,0.2
TXO,202609,20260916.0,33900.0,Call,-,-,-,-,11700.0,-,-,0,0,0,0,11670,11730,-,-
TXO,202609,20260916.0,33900.0,Put,-,-,-,-,0.1,-,-,0,0,0,4,-,565,30.5,1.7
TXO,202609,20260916.0,34000.0,Call,-,-,-,-,11600.0,-,-,0,0,0,115,11540,11910,12980,325
TXO,202609,20260916.0,34000.0,Put,0.1,0.2,0.1,0.2,0.1,▲+0.1,-,0,4,4,148,-,101,3990,0.1
TXO,202609,20260916.0,34100.0,Call,-,-,-,-,11500.0,-,-,0,0,0,0,11470,11530,-,-
TXO,202609,20260916.0,34100.0,Put,-,-,-,-,0.1,-,-,0,0,0,2,-,101,410,8.4
TXO,202609,20260916.0,34200.0,Call,-,-,-,-,11400.0,-,-,0,0,0,1,11370,11430,9340,299
TXO,202609,20260916.0,34200.0,Put,-,-,-,-,0.1,-,-,0,0,0,20,-,565,1130,2
TXO,202609,20260916.0,34300.0,Call,-,-,-,-,11300.0,-,-,0,0,0,0,11270,11330,-,-
TXO,202609,20260916.0,34300.0,Put,0.2,0.2,0.2,0.2,0.1,▲+0.1,-,0,3,3,4,-,102,112,0.2
TXO,202609,20260916.0,34400.0,Call,-,-,-,-,11200.0,-,-,0,0,0,0,11170,11230,6600,305
TXO,202609,20260916.0,34400.0,Put,-,-,-,-,0.1,-,-,0,0,0,10,-,565,3660,1.3
TXO,202609,20260916.0,34500.0,Call,-,-,-,-,11100.0,-,-,0,0,0,0,11070,11130,-,-
TXO,202609,20260916.0,34500.0,Put,-,-,-,-,0.1,-,-,0,0,0,12,-,565,199,0.2
TXO,202609,20260916.0,34600.0,Call,-,-,-,-,11000.0,-,-,0,0,0,3,10930,11070,11000,306
TXO,202609,20260916.0,34600.0,Put,-,-,-,-,0.1,-,-,0,0,0,7,-,101,4530,10
TXO,202609,20260916.0,34700.0,Call,-,-,-,-,10900.0,-,-,0,0,0,0,10870,10930,-,-
TXO,202609,20260916.0,34700.0,Put,-,-,-,-,0.1,-,-,0,0,0,1,-,-,31.5,1.3
TXO,202609,20260916.0,34800.0,Call,-,-,-,-,10800.0,-,-,0,0,0,3,10650,11100,3130,370
TXO,202609,20260916.0,34800.0,Put,0.2,0.2,0.2,0.2,0.1,0,0%,0,12,12,12,-,102,3320,0.2
TXO,202609,20260916.0,34900.0,Call,-,-,-,-,10700.0,-,-,0,0,0,0,10670,10730,-,-
TXO,202609,20260916.0,34900.0,Put,-,-,-,-,0.1,-,-,0,0,0,4,-,101,50,1.8
TXO,202609,20260916.0,35000.0,Call,-,-,-,-,10600.0,-,-,0,0,0,6,10290,10700,14340,510
TXO,202609,20260916.0,35000.0,Put,0.1,0.2,0.1,0.2,0.1,0,0%,0,25,25,407,-,10,3320,0.1
TXO,202609,20260916.0,35100.0,Call,-,-,-,-,10500.0,-,-,0,0,0,0,10470,10530,-,-
TXO,202609,20260916.0,35100.0,Put,-,-,-,-,0.1,-,-,0,0,0,11,-,565,47,11.5
TXO,202609,20260916.0,35200.0,Call,-,-,-,-,10400.0,-,-,0,0,0,1,10370,10430,9760,850
TXO,202609,20260916.0,35200.0,Put,-,-,-,-,0.1,-,-,0,0,0,42,-,101,1150,2.8
TXO,202609,20260916.0,35300.0,Call,-,-,-,-,10300.0,-,-,0,0,0,0,10270,10320,-,-
TXO,202609,20260916.0,35300.0,Put,0.2,0.2,0.2,0.2,0.1,0,0%,0,9,9,14,-,101,143,0.2
TXO,202609,20260916.0,35400.0,Call,-,-,-,-,10200.0,-,-,0,0,0,0,10170,10230,8330,373
TXO,202609,20260916.0,35400.0,Put,-,-,-,-,0.1,-,-,0,0,0,14,-,35,3430,3
TXO,202609,20260916.0,35500.0,Call,-,-,-,-,10100.0,-,-,0,0,0,0,10070,10120,-,-
TXO,202609,20260916.0,35500.0,Put,-,-,-,-,0.1,-,-,0,0,0,50,-,0.6,499,0.3
TXO,202609,20260916.0,35600.0,Call,-,-,-,-,10000.0,-,-,0,0,0,0,9970,10020,7680,1220
TXO,202609,20260916.0,35600.0,Put,-,-,-,-,0.1,-,-,0,0,0,9,-,0.6,4020,0.3
TXO,202609,20260916.0,35700.0,Call,-,-,-,-,9900.0,-,-,0,0,0,0,9870,9920,-,-
TXO,202609,20260916.0,35700.0,Put,-,-,-,-,0.1,-,-,0,0,0,2,-,0.6,165,0.6
TXO,202609,20260916.0,35800.0,Call,-,-,-,-,9800.0,-,-,0,0,0,3,9730,10070,5820,450
TXO,202609,20260916.0,35800.0,Put,-,-,-,-,0.1,-,-,0,0,0,21,-,0.6,2000,0.3
TXO,202609,20260916.0,35900.0,Call,-,-,-,-,9700.0,-,-,0,0,0,0,9670,9720,-,-
TXO,202609,20260916.0,35900.0,Put,0.5,0.5,0.5,0.5,0.1,▲+0.3,▲+150.00%,0,1,1,29,-,0.6,348,0.5
TXO,202609,20260916.0,36000.0,Call,-,-,-,-,9600.0,-,-,0,0,0,41,9290,9670,11770,595
TXO,202609,20260916.0,36000.0,Put,0.2,0.6,0.1,0.1,0.1,▼-0.1,▼-50.00%,0,13,13,842,-,0.6,4200,0.1
TXO,202609,20260916.0,36100.0,Call,-,-,-,-,9500.0,-,-,0,0,0,0,9470,9520,-,-
TXO,202609,20260916.0,36100.0,Put,-,-,-,-,0.1,-,-,0,0,0,16,-,0.6,685,0.2
TXO,202609,20260916.0,36200.0,Call,-,-,-,-,9400.0,-,-,0,0,0,0,9370,9420,8750,282
TXO,202609,20260916.0,36200.0,Put,-,-,-,-,0.1,-,-,0,0,0,63,-,0.6,1400,0.5
TXO,202609,20260916.0,36300.0,Call,-,-,-,-,9300.0,-,-,0,0,0,0,9270,9320,-,-
TXO,202609,20260916.0,36300.0,Put,-,-,-,-,0.1,-,-,0,0,0,55,-,0.6,990,0.5
TXO,202609,20260916.0,36400.0,Call,-,-,-,-,9200.0,-,-,0,0,0,0,9170,9220,7540,499
TXO,202609,20260916.0,36400.0,Put,-,-,-,-,0.1,-,-,0,0,0,7,-,0.6,4830,2.9
TXO,202609,20260916.0,36500.0,Call,-,-,-,-,9100.0,-,-,0,0,0,0,9070,9120,-,-
TXO,202609,20260916.0,36500.0,Put,-,-,-,-,0.1,-,-,0,0,0,60,-,0.6,880,0.9
TXO,202609,20260916.0,36600.0,Call,-,-,-,-,9000.0,-,-,0,0,0,0,8970,9020,7400,480
TXO,202609,20260916.0,36600.0,Put,-,-,-,-,0.1,-,-,0,0,0,81,-,0.6,1860,0.6
TXO,202609,20260916.0,36700.0,Call,-,-,-,-,8900.0,-,-,0,0,0,0,8870,8920,-,-
TXO,202609,20260916.0,36700.0,Put,-,-,-,-,0.1,-,-,0,0,0,64,-,0.6,488,0.6
TXO,202609,20260916.0,36800.0,Call,-,-,-,-,8800.0,-,-,0,0,0,19,8620,9060,2830,310
TXO,202609,20260916.0,36800.0,Put,-,-,-,-,0.1,-,-,0,0,0,29,-,0.6,4910,0.4
TXO,202609,20260916.0,36900.0,Call,-,-,-,-,8700.0,-,-,0,0,0,0,8670,8720,-,-
TXO,202609,20260916.0,36900.0,Put,-,-,-,-,0.1,-,-,0,0,0,136,-,0.6,1240,0.4
TXO,202609,20260916.0,37000.0,Call,-,-,-,-,8600.0,-,-,0,0,0,29,8290,8680,9270,540
TXO,202609,20260916.0,37000.0,Put,0.5,0.5,0.2,0.2,0.1,▼-0.1,▼-33.33%,4,3,7,507,-,0.5,2520,0.2
TXO,202609,20260916.0,37100.0,Call,-,-,-,-,8500.0,-,-,0,0,0,0,8470,8520,-,-
TXO,202609,20260916.0,37100.0,Put,0.5,0.5,0.4,0.4,0.1,▲+0.1,▲+33.33%,2,3,5,24,-,0.6,400,0.4
TXO,202609,20260916.0,37200.0,Call,-,-,-,-,8400.0,-,-,0,0,0,5,8220,8660,10420,375
TXO,202609,20260916.0,37200.0,Put,0.1,0.1,0.1,0.1,0.1,▼-0.2,▼-66.67%,0,1,1,76,-,565,2390,0.1
TXO,202609,20260916.0,37300.0,Call,-,-,-,-,8300.0,-,-,0,0,0,0,8270,8320,-,-
TXO,202609,20260916.0,37300.0,Put,-,-,-,-,0.1,-,-,0,0,0,19,-,565,720,1.7
TXO,202609,20260916.0,37400.0,Call,-,-,-,-,8200.0,-,-,0,0,0,1,8180,8230,1370,456
TXO,202609,20260916.0,37400.0,Put,-,-,-,-,0.1,-,-,3,0,3,28,-,565,2530,0.3
TXO,202609,20260916.0,37500.0,Call,-,-,-,-,8100.0,-,-,0,0,0,0,8070,8120,-,-
TXO,202609,20260916.0,37500.0,Put,-,-,-,-,0.1,-,-,0,0,0,39,-,565,1110,1
TXO,202609,20260916.0,37600.0,Call,-,-,-,-,8000.0,-,-,0,0,0,0,7980,8020,5920,430
TXO,202609,20260916.0,37600.0,Put,-,-,-,-,0.1,-,-,0,0,0,37,-,565,2660,1.7
TXO,202609,20260916.0,37700.0,Call,-,-,-,-,7900.0,-,-,0,0,0,0,7880,7920,-,-
TXO,202609,20260916.0,37700.0,Put,0.4,0.4,0.4,0.4,0.1,0,0%,0,1,1,24,-,101,1080,0.4
TXO,202609,20260916.0,37800.0,Call,-,-,-,-,7800.0,-,-,0,0,0,2,7610,8060,3680,390
TXO,202609,20260916.0,37800.0,Put,-,-,-,-,0.1,-,-,0,0,0,42,-,565,1110,0.4
TXO,202609,20260916.0,37900.0,Call,-,-,-,-,7700.0,-,-,0,0,0,0,7680,7720,-,-
TXO,202609,20260916.0,37900.0,Put,-,-,-,-,0.1,-,-,5,0,5,45,-,101,580,0.6
TXO,202609,20260916.0,38000.0,Call,-,-,-,-,7600.0,-,-,0,0,0,17,7440,7860,9000,350
TXO,202609,20260916.0,38000.0,Put,0.2,0.2,0.2,0.2,0.1,▼-0.3,▼-60.00%,5,1,6,444,-,10,6640,0.2
TXO,202609,20260916.0,38100.0,Call,-,-,-,-,7500.0,-,-,0,0,0,0,7480,7520,-,-
TXO,202609,20260916.0,38100.0,Put,-,-,-,-,0.1,-,-,3,0,3,11,-,101,1680,0.6
TXO,202609,20260916.0,38200.0,Call,-,-,-,-,7400.0,-,-,0,0,0,0,7380,7420,1030,370
TXO,202609,20260916.0,38200.0,Put,-,-,-,-,0.1,-,-,2,0,2,31,-,565,2770,0.7
TXO,202609,20260916.0,38300.0,Call,-,-,-,-,7300.0,-,-,0,0,0,0,7280,7320,-,-
TXO,202609,20260916.0,38300.0,Put,0.7,0.7,0.7,0.7,0.1,▲+0.1,▲+16.67%,4,1,5,15,-,0.7,1740,0.4
TXO,202609,20260916.0,38400.0,Call,-,-,-,-,7200.0,-,-,0,0,0,0,7180,7220,6200,340
TXO,202609,20260916.0,38400.0,Put,0.2,0.2,0.2,0.2,0.1,▼-0.4,▼-66.67%,7,1,8,13,-,101,2080,0.2
TXO,202609,20260916.0,38500.0,Call,-,-,-,-,7100.0,-,-,0,0,0,0,7080,7120,7900,6410
TXO,202609,20260916.0,38500.0,Put,0.8,0.8,0.2,0.2,0.1,▼-0.4,▼-66.67%,19,11,30,53,-,0.6,1500,0.2
TXO,202609,20260916.0,38600.0,Call,-,-,-,-,7000.0,-,-,0,0,0,0,6980,7020,7500,371
TXO,202609,20260916.0,38600.0,Put,0.2,0.2,0.1,0.1,0.1,▼-0.6,▼-85.71%,2,2,4,15,-,565,2850,0.1
TXO,202609,20260916.0,38700.0,Call,-,-,-,-,6900.0,-,-,0,0,0,0,6880,6920,-,-
TXO,202609,20260916.0,38700.0,Put,-,-,-,-,0.1,-,-,0,0,0,12,-,101,950,0.6
TXO,202609,20260916.0,38800.0,Call,-,-,-,-,6800.0,-,-,0,0,0,19,6740,7080,10410,270
TXO,202609,20260916.0,38800.0,Put,-,-,-,-,0.1,-,-,0,0,0,13,-,565,2100,3.5
TXO,202609,20260916.0,38900.0,Call,-,-,-,-,6700.0,-,-,0,0,0,0,6680,6720,-,-
TXO,202609,20260916.0,38900.0,Put,0.2,0.2,0.2,0.2,0.2,▼-0.6,▼-75.00%,5,4,9,67,-,101,1990,0.2
TXO,202609,20260916.0,39000.0,Call,-,-,-,-,6600.0,-,-,0,0,0,50,6290,6680,8810,273
TXO,202609,20260916.0,39000.0,Put,0.4,0.6,0.1,0.2,0.2,▼-0.7,▼-77.78%,3,34,37,595,-,0.7,2820,0.1
TXO,202609,20260916.0,39100.0,Call,-,-,-,-,6500.0,-,-,0,0,0,1,6480,6530,3840,3840
TXO,202609,20260916.0,39100.0,Put,0.3,0.3,0.2,0.2,0.2,▼-0.7,▼-77.78%,0,9,9,48,-,44,2100,0.2
TXO,202609,20260916.0,39200.0,Call,-,-,-,-,6400.0,-,-,0,0,0,1,6380,6430,6340,249
TXO,202609,20260916.0,39200.0,Put,0.2,0.2,0.2,0.2,0.2,▼-0.7,▼-77.78%,0,1,1,41,-,101,2750,0.2
TXO,202609,20260916.0,39300.0,Call,-,-,-,-,6300.0,-,-,0,0,0,1,6280,6330,7100,2740
TXO,202609,20260916.0,39300.0,Put,0.4,0.4,0.2,0.2,0.2,▼-0.7,▼-77.78%,4,19,23,31,-,101,1930,0.2
TXO,202609,20260916.0,39400.0,Call,-,-,-,-,6200.0,-,-,0,0,0,6,6010,6480,8270,223
TXO,202609,20260916.0,39400.0,Put,0.4,0.4,0.2,0.2,0.2,▼-0.8,▼-80.00%,2,6,8,46,-,565,2390,0.2
TXO,202609,20260916.0,39500.0,Call,-,-,-,-,6100.0,-,-,0,0,0,0,6080,6120,3220,3150
TXO,202609,20260916.0,39500.0,Put,0.4,0.4,0.2,0.2,0.2,▼-0.9,▼-81.82%,32,25,57,105,-,7.8,1320,0.2
TXO,202609,20260916.0,39600.0,Call,-,-,-,-,6000.0,-,-,0,0,0,2,5840,6280,5910,394
TXO,202609,20260916.0,39600.0,Put,0.3,0.3,0.2,0.2,0.2,▼-0.9,▼-81.82%,3,27,30,78,-,5,2870,0.2
TXO,202609,20260916.0,39700.0,Call,-,-,-,-,5900.0,-,-,0,0,0,23,5590,5980,6150,2400
TXO,202609,20260916.0,39700.0,Put,0.3,0.3,0.2,0.2,0.2,▼-1,▼-83.33%,5,52,57,29,-,2.8,1330,0.2
TXO,202609,20260916.0,39800.0,Call,-,-,-,-,5800.0,-,-,0,0,0,0,5780,5820,6170,417
TXO,202609,20260916.0,39800.0,Put,0.2,0.2,0.2,0.2,0.2,▼-1,▼-83.33%,8,13,21,119,-,5,2020,0.2
TXO,202609,20260916.0,39900.0,Call,-,-,-,-,5700.0,-,-,0,0,0,5,5390,5780,4450,2550
TXO,202609,20260916.0,39900.0,Put,1,1,1,1,0.2,▼-0.3,▼-23.08%,8,1,9,121,-,0.9,2270,0.8
TXO,202609,20260916.0,40000.0,Call,-,-,-,-,5600.0,-,-,0,0,0,67,5540,5670,8030,380
TXO,202609,20260916.0,40000.0,Put,1,1,0.1,0.1,0.2,▼-1.3,▼-92.86%,55,196,251,1907,0.1,0.7,3040,0.1
TXO,202609,20260916.0,40100.0,Call,-,-,-,-,5500.0,-,-,0,0,0,0,5480,5520,6430,2480
TXO,202609,20260916.0,40100.0,Put,1,1,0.2,0.2,0.2,▼-1.3,▼-86.67%,0,11,11,42,-,5,2350,0.2
TXO,202609,20260916.0,40200.0,Call,-,-,-,-,5400.0,-,-,0,0,0,4,5090,5480,7670,250
TXO,202609,20260916.0,40200.0,Put,1,1,0.2,0.2,0.2,▼-1.3,▼-86.67%,0,6,6,25,-,5,2310,0.2
TXO,202609,20260916.0,40300.0,Call,-,-,-,-,5300.0,-,-,0,0,0,0,5280,5320,5090,2720
TXO,202609,20260916.0,40300.0,Put,1,1,0.4,0.4,0.2,▼-1.2,▼-75.00%,0,2,2,38,-,0.9,2430,0.4
TXO,202609,20260916.0,40400.0,Call,-,-,-,-,5200.0,-,-,0,0,0,8,5020,5490,4590,388
TXO,202609,20260916.0,40400.0,Put,-,-,-,-,0.2,-,-,12,0,12,186,-,5,3260,2
TXO,202609,20260916.0,40500.0,Call,-,-,-,-,5100.0,-,-,0,0,0,1,5090,5120,6650,2260
TXO,202609,20260916.0,40500.0,Put,1,1,0.5,0.5,0.3,▼-1.3,▼-72.22%,12,13,25,124,-,5,2460,0.5
TXO,202609,20260916.0,40600.0,Call,-,-,-,-,5000.0,-,-,0,0,0,3,4690,5080,6500,345
TXO,202609,20260916.0,40600.0,Put,1,1,1,1,0.3,▼-0.9,▼-47.37%,3,1,4,57,-,5,4360,1
TXO,202609,20260916.0,40700.0,Call,-,-,-,-,4900.0,-,-,0,0,0,18,4590,4980,5710,2330
TXO,202609,20260916.0,40700.0,Put,2.7,2.7,2.3,2.3,0.3,▲+0.3,▲+15.00%,30,2,32,371,0.1,1.3,2520,1.2
TXO,202609,20260916.0,40800.0,Call,-,-,-,-,4800.0,-,-,0,0,0,7,4620,5030,6870,530
TXO,202609,20260916.0,40800.0,Put,0.2,0.5,0.2,0.4,0.3,▼-1.8,▼-81.82%,9,7,16,129,0.2,7.9,4480,0.2
TXO,202609,20260916.0,40900.0,Call,-,-,-,-,4700.0,-,-,0,0,0,0,4680,4720,4500,3090
TXO,202609,20260916.0,40900.0,Put,2.4,2.4,2.4,2.4,0.3,▲+0.1,▲+4.35%,5,1,6,69,0.2,1.1,2000,2.1
TXO,202609,20260916.0,41000.0,Call,-,-,-,-,4600.0,-,-,0,0,0,9,4540,4680,7580,320
TXO,202609,20260916.0,41000.0,Put,1.6,1.7,0.3,0.3,0.3,▼-2.3,▼-88.46%,25,111,136,654,0.2,0.3,4640,0.3
TXO,202609,20260916.0,41100.0,Call,-,-,-,-,4500.0,-,-,0,0,0,5,4320,4730,5260,2720
TXO,202609,20260916.0,41100.0,Put,-,-,-,-,0.4,-,-,1,0,1,61,0.2,3,3010,3
TXO,202609,20260916.0,41200.0,Call,-,-,-,-,4400.0,-,-,0,0,0,5,4290,4630,4320,2240
TXO,202609,20260916.0,41200.0,Put,2.5,2.5,2.5,2.5,0.4,▼-0.4,▼-13.79%,17,1,18,545,-,3,7750,1.8
TXO,202609,20260916.0,41300.0,Call,-,-,-,-,4300.0,-,-,0,0,0,20,3990,4380,4200,1820
TXO,202609,20260916.0,41300.0,Put,0.7,0.9,0.5,0.6,0.5,▼-2.4,▼-80.00%,16,32,48,115,0.3,0.6,2980,0.5
TXO,202609,20260916.0,41400.0,Call,-,-,-,-,4200.0,-,-,0,0,0,2,4100,4490,5680,1820
TXO,202609,20260916.0,41400.0,Put,1.1,1.1,1.1,1.1,0.5,▼-2.2,▼-66.67%,21,27,48,61,0.1,0.7,3480,1.1
TXO,202609,20260916.0,41500.0,Call,-,-,-,-,4100.0,-,-,0,0,0,3,3920,4330,4910,1750
TXO,202609,20260916.0,41500.0,Put,1,1,0.7,0.7,0.7,▼-2.7,▼-79.41%,30,14,44,210,0.5,0.7,1680,0.7
TXO,202609,20260916.0,41600.0,Call,-,-,-,-,4000.0,-,-,0,0,0,5,3820,4230,4470,2070
TXO,202609,20260916.0,41600.0,Put,1.1,1.1,0.4,0.4,0.7,▼-3.2,▼-88.89%,102,14,116,189,0.6,0.7,3420,0.4
TXO,202609,20260916.0,41700.0,Call,-,-,-,-,3900.0,-,-,0,0,0,2,3720,4130,5020,4120
TXO,202609,20260916.0,41700.0,Put,0.6,1.2,0.6,0.7,0.7,▼-3,▼-81.08%,37,19,56,192,0.6,0.8,3110,0.6
TXO,202609,20260916.0,41800.0,Call,-,-,-,-,3800.0,-,-,0,0,0,2,3620,4080,4910,264
TXO,202609,20260916.0,41800.0,Put,3.2,3.2,0.7,0.9,0.9,▼-3,▼-76.92%,94,31,125,113,0.7,0.9,6470,0.7
TXO,202609,20260916.0,41900.0,Call,-,-,-,-,3700.0,-,-,0,0,0,2,3540,3930,4500,1660
TXO,202609,20260916.0,41900.0,Put,1.3,1.3,0.3,0.3,0.9,▼-4.2,▼-93.33%,63,12,75,130,0.8,1,3180,0.3
TXO,202609,20260916.0,42000.0,Call,-,-,-,-,3600.0,-,-,0,0,0,605,3490,3830,6680,161
TXO,202609,20260916.0,42000.0,Put,2.5,2.5,0.7,0.8,1.0,▼-4,▼-83.33%,102,113,215,1826,0.9,1.1,7310,0.7
TXO,202609,20260916.0,42100.0,Call,-,-,-,-,3500.0,-,-,0,0,0,1,3490,3520,4100,3740
TXO,202609,20260916.0,42100.0,Put,1.4,1.4,1,1.1,1.0,▼-4.1,▼-78.85%,7,19,26,307,0.9,1.1,2830,1
TXO,202609,20260916.0,42200.0,Call,-,-,-,-,3400.0,-,-,0,0,0,3,3090,3680,4590,269
TXO,202609,20260916.0,42200.0,Put,1.9,1.9,1,1,1.0,▼-4.4,▼-81.48%,29,31,60,148,1,1.2,3410,1
TXO,202609,20260916.0,42300.0,Call,-,-,-,-,3300.0,-,-,0,0,0,100,3140,3530,4190,2620
TXO,202609,20260916.0,42300.0,Put,2,2,1.3,1.7,1.2,▼-4.4,▼-72.13%,16,19,35,155,1.1,1.3,2460,1.3
TXO,202609,20260916.0,42400.0,Call,-,-,-,-,3200.0,-,-,0,0,0,1,3190,3220,4400,1180
TXO,202609,20260916.0,42400.0,Put,3.6,3.6,1.1,1.1,1.3,▼-5.5,▼-83.33%,38,40,78,145,1.2,1.4,3470,1.1
TXO,202609,20260916.0,42500.0,Call,-,-,-,-,3100.0,-,-,0,0,0,501,2940,3390,4130,1520
TXO,202609,20260916.0,42500.0,Put,2,3.5,1.2,1.2,1.4,▼-5.8,▼-82.86%,233,526,759,1282,1.3,1.5,2580,1.2
TXO,202609,20260916.0,42600.0,Call,-,-,-,-,3000.0,-,-,0,0,0,6,2690,3080,6330,101
TXO,202609,20260916.0,42600.0,Put,2,3,1.4,1.8,1.5,▼-5.6,▼-75.68%,51,148,199,287,1.4,1.6,8970,1.1
TXO,202609,20260916.0,42700.0,Call,-,-,-,-,2900.0,-,-,0,0,0,0,2890,2920,2900,2240
TXO,202609,20260916.0,42700.0,Put,3.1,3.5,1.4,1.4,1.6,▼-6.7,▼-82.72%,52,44,96,163,1.5,1.7,2400,0.7
TXO,202609,20260916.0,42800.0,Call,-,-,-,-,2800.0,-,-,0,0,0,402,2650,3050,7760,800
TXO,202609,20260916.0,42800.0,Put,3.1,4.6,1.5,1.8,1.8,▼-7,▼-79.55%,50,206,256,564,1.6,1.9,4270,1.5
TXO,202609,20260916.0,42900.0,Call,-,-,-,-,2700.0,-,-,0,0,0,2,2390,2790,3810,2360
TXO,202609,20260916.0,42900.0,Put,4.3,4.3,1.9,2.1,2.1,▼-7.5,▼-78.13%,82,47,129,531,1.9,2.1,2980,1.9
TXO,202609,20260916.0,43000.0,Call,-,-,-,-,2600.0,-,-,0,0,0,19,2440,2850,7050,580
TXO,202609,20260916.0,43000.0,Put,3.1,5.8,1.9,2.1,2.1,▼-7.9,▼-79.00%,484,666,1150,2962,2.1,2.3,4540,1.9
TXO,202609,20260916.0,43100.0,Call,-,-,-,-,2500.0,-,-,0,0,0,3,2190,2590,3920,2450
TXO,202609,20260916.0,43100.0,Put,1.4,5,1.4,2.1,2.4,▼-8.9,▼-80.91%,87,88,175,390,2.3,2.5,2000,1.4
TXO,202609,20260916.0,43200.0,Call,-,-,-,-,2400.0,-,-,0,0,0,3,2240,2650,5810,790
TXO,202609,20260916.0,43200.0,Put,1.5,5.2,1.5,2.5,2.5,▼-9.5,▼-79.17%,138,188,326,364,2.5,2.8,3670,1.4
TXO,202609,20260916.0,43300.0,Call,-,-,-,-,2300.0,-,-,0,0,0,9,2130,2570,5360,1280
TXO,202609,20260916.0,43300.0,Put,5,6.1,2.5,2.7,2.7,▼-10.3,▼-79.23%,190,114,304,485,2.8,3,1830,2.5
TXO,202609,20260916.0,43400.0,Call,-,-,-,-,2210.0,-,-,0,0,0,52,2030,2430,4900,750
TXO,202609,20260916.0,43400.0,Put,5.8,7.2,3.1,3.2,3.2,▼-12.3,▼-79.35%,253,77,330,676,3.1,3.3,3460,3.1
TXO,202609,20260916.0,43500.0,Call,2060,2060,2060,2060,2110.0,▼-240,▼-10.43%,1,1,2,264,1940,2390,3900,1220
TXO,202609,20260916.0,43500.0,Put,9.4,9.4,3.1,3.7,3.7,▼-12.8,▼-77.58%,515,429,944,1612,3.5,3.7,3220,3.1
TXO,202609,20260916.0,43600.0,Call,-,-,-,-,2010.0,-,-,0,0,0,24,1830,2240,6660,545
TXO,202609,20260916.0,43600.0,Put,10,10,3.5,3.7,3.7,▼-13.8,▼-78.86%,516,115,631,613,3.9,4.1,4720,3.5
TXO,202609,20260916.0,43700.0,Call,-,-,-,-,1910.0,-,-,0,0,0,6,1730,2140,3150,985
TXO,202609,20260916.0,43700.0,Put,8,9.4,4,4.5,4.5,▼-15.5,▼-77.50%,347,436,783,451,4.4,4.7,2400,4
TXO,202609,20260916.0,43800.0,Call,-,-,-,-,1810.0,-,-,0,0,0,5,1630,2040,5000,1000
TXO,202609,20260916.0,43800.0,Put,10,10.5,4.2,5.2,5.2,▼-17.8,▼-77.39%,566,489,1055,844,5,5.2,3250,2.5
TXO,202609,20260916.0,43900.0,Call,1910,1910,1640,1640,1710.0,▼-270,▼-14.14%,0,3,3,24,1690,1720,3000,1150
TXO,202609,20260916.0,43900.0,Put,19,19,5,5.7,5.7,▼-19.3,▼-77.20%,343,280,623,762,5.7,6,2230,5
TXO,202609,20260916.0,44000.0,Call,1800,1950,1800,1950,1610.0,▲+140,▲+7.73%,2,3,5,41,1460,1840,6080,331
TXO,202609,20260916.0,44000.0,Put,16.5,23.5,6,7,7.0,▼-22,▼-75.86%,2804,2057,4861,2914,6.8,6.9,4150,6
TXO,202609,20260916.0,44100.0,Call,-,-,-,-,1510.0,-,-,0,0,0,6,1330,1600,3020,975
TXO,202609,20260916.0,44100.0,Put,14.5,17.5,6.9,7.6,7.6,▼-24.9,▼-76.62%,558,493,1051,330,7.6,7.9,3780,6.9
TXO,202609,20260916.0,44200.0,Call,1600,1600,1600,1600,1410.0,▼-20,▼-1.23%,9,1,10,12,1360,1490,4830,930
TXO,202609,20260916.0,44200.0,Put,15.5,20.5,8,9.3,9.3,▼-27.7,▼-74.86%,957,611,1568,721,9,9.6,5100,8
TXO,202609,20260916.0,44300.0,Call,1510,1510,1240,1240,1310.0,▼-280,▼-18.42%,2,34,36,11,1300,1330,2850,910
TXO,202609,20260916.0,44300.0,Put,15,23,8,11,11.0,▼-30.5,▼-73.49%,1665,650,2315,576,9.8,12.5,3720,8
TXO,202609,20260916.0,44400.0,Call,1330,1490,1220,1220,1220.0,▼-210,▼-14.69%,8,7,15,14,1190,1230,4130,860
TXO,202609,20260916.0,44400.0,Put,20,27,10.5,12.5,12.5,▼-34,▼-73.12%,987,846,1833,577,11.5,13,3980,10.5
TXO,202609,20260916.0,44500.0,Call,1230,1400,1030,1090,1120.0,▼-240,▼-18.05%,29,40,69,826,1100,1130,5080,945
TXO,202609,20260916.0,44500.0,Put,45,45,13,16,16.0,▼-38,▼-70.37%,3416,2138,5554,1335,15.5,16,3300,13
TXO,202609,20260916.0,44550.0,Call,1300,1300,1180,1180,1070.0,▼-110,▼-8.53%,20,7,27,6,1050,1080,1300,950
TXO,202609,20260916.0,44550.0,Put,38.5,38.5,14,17,17.0,▼-40,▼-70.18%,608,396,1004,192,17,19,199,14
TXO,202609,20260916.0,44600.0,Call,1150,1300,935,935,1020.0,▼-305,▼-24.60%,16,509,525,557,1010,1030,4550,337
TXO,202609,20260916.0,44600.0,Put,40,40,15.5,20,20.0,▼-40,▼-66.67%,1094,872,1966,592,19,21,5580,15.5
TXO,202609,20260916.0,44650.0,Call,-,-,-,-,975.0,-,-,23,0,23,11,955,985,1100,900
TXO,202609,20260916.0,44650.0,Put,45,45,17.5,23,23.0,▼-42,▼-64.62%,571,475,1046,268,20,23,197,17.5
TXO,202609,20260916.0,44700.0,Call,1140,1200,880,880,925.0,▼-270,▼-23.48%,52,59,111,819,915,935,2790,835
TXO,202609,20260916.0,44700.0,Put,27.5,45,19,24,24.0,▼-48,▼-66.67%,1615,1591,3206,886,23,26,3520,19
TXO,202609,20260916.0,44750.0,Call,865,865,865,865,880.0,▼-235,▼-21.36%,35,1,36,22,865,890,1040,785
TXO,202609,20260916.0,44750.0,Put,46,47.5,21,27.5,27.5,▼-50.5,▼-64.74%,930,677,1607,348,27,29,236,21
TXO,202609,20260916.0,44800.0,Call,1030,1100,775,800,830.0,▼-250,▼-23.81%,52,13,65,415,820,845,4950,600
TXO,202609,20260916.0,44800.0,Put,58,58,23.5,29.5,29.5,▼-50.5,▼-63.13%,2887,2006,4893,1134,29.5,32.5,3700,23.5
TXO,202609,20260916.0,44850.0,Call,880,1050,880,905,785.0,▼-115,▼-11.27%,52,4,56,23,750,820,1050,680
TXO,202609,20260916.0,44850.0,Put,50,58,26,35,35.0,▼-51,▼-59.30%,796,704,1500,536,33,35,312,26
TXO,202609,20260916.0,44900.0,Call,1030,1030,660,730,740.0,▼-245,▼-25.13%,31,343,374,351,730,750,2700,660
TXO,202609,20260916.0,44900.0,Put,69,69,28,39,39.0,▼-57,▼-59.38%,1931,1756,3687,602,38,40.5,3650,28
TXO,202609,20260916.0,44950.0,Call,860,935,860,935,695.0,▼-10,▼-1.06%,54,10,64,44,685,705,1300,605
TXO,202609,20260916.0,44950.0,Put,82,82,30.5,46,46.0,▼-55,▼-54.46%,1130,1368,2498,962,42,44.5,411,30
TXO,202609,20260916.0,45000.0,Call,890,915,590,645,645.0,▼-265,▼-29.12%,353,125,478,885,640,660,5750,550
TXO,202609,20260916.0,45000.0,Put,80,80,33.5,50,50.0,▼-58,▼-53.70%,6711,7631,14342,3411,49,51,5600,33.5
TXO,202609,20260916.0,45050.0,Call,800,930,575,575,610.0,▼-285,▼-33.14%,53,17,70,32,595,845,930,555
TXO,202609,20260916.0,45050.0,Put,75,86,37.5,55,55.0,▼-61,▼-52.59%,1220,953,2173,242,55,57,492,37.5
TXO,202609,20260916.0,45100.0,Call,720,800,510,535,565.0,▼-275,▼-33.95%,89,60,149,63,463,600,2450,500
TXO,202609,20260916.0,45100.0,Put,95,97,41.5,64,64.0,▼-65,▼-50.39%,2096,3046,5142,694,62,66,3780,35.5
TXO,202609,20260916.0,45150.0,Call,715,855,467,515,515.0,▼-250,▼-32.68%,132,109,241,56,515,530,1310,467
TXO,202609,20260916.0,45150.0,Put,90,111,47.5,73,73.0,▼-56,▼-43.41%,1298,978,2276,247,71,73,366,46
TXO,202609,20260916.0,45200.0,Call,705,790,426,473,473.0,▼-252,▼-34.76%,255,81,336,657,479,487,6110,426
TXO,202609,20260916.0,45200.0,Put,95,192,51,80,80.0,▼-66,▼-45.21%,2532,3437,5969,740,80,84,3850,48
TXO,202609,20260916.0,45250.0,Call,610,750,388,430,430.0,▼-260,▼-37.68%,240,116,356,60,441,448,1460,388
TXO,202609,20260916.0,45250.0,Put,112,129,57,93,93.0,▼-65,▼-41.14%,1536,1397,2933,324,89,93,565,55
TXO,202609,20260916.0,45300.0,Call,600,720,350,397,397.0,▼-248,▼-38.45%,530,227,757,131,402,409,2420,350
TXO,202609,20260916.0,45300.0,Put,194,194,64,106,106.0,▼-62,▼-36.90%,3293,5146,8439,964,103,105,1810,56
TXO,202609,20260916.0,45350.0,Call,545,625,321,357,357.0,▼-248,▼-40.99%,259,134,393,79,365,372,1210,321
TXO,202609,20260916.0,45350.0,Put,140,155,71,123,123.0,▼-60,▼-32.79%,1086,1896,2982,339,115,120,453,61
TXO,202609,20260916.0,45400.0,Call,555,620,281,332,332.0,▼-253,▼-43.25%,979,476,1455,339,331,337,3530,281
TXO,202609,20260916.0,45400.0,Put,144,173,79,133,133.0,▼-63,▼-32.14%,3060,3848,6908,1257,131,135,3980,68
TXO,202609,20260916.0,45450.0,Call,496,590,260,295,295.0,▼-245,▼-45.37%,646,197,843,90,298,305,1550,260
TXO,202609,20260916.0,45450.0,Put,149,189,88,149,149.0,▼-59,▼-28.37%,1241,2064,3305,341,147,151,550,71
TXO,202609,20260916.0,45500.0,Call,443,555,223,269,269.0,▼-236,▼-46.73%,2168,1491,3659,403,269,273,2480,223
TXO,202609,20260916.0,45500.0,Put,199,211,88,168,168.0,▼-59,▼-25.99%,4222,10953,15175,2270,164,170,3750,76
TXO,202609,20260916.0,45550.0,Call,477,515,198,234,234.0,▼-248,▼-51.45%,703,809,1512,144,237,243,1250,198
TXO,202609,20260916.0,45550.0,Put,243,271,113,194,194.0,▼-49,▼-20.16%,1408,2479,3887,355,186,192,750,87
TXO,202609,20260916.0,45600.0,Call,358,485,174,213,213.0,▼-227,▼-51.59%,2127,2243,4370,707,210,215,5400,174
TXO,202609,20260916.0,45600.0,Put,201,261,125,211,211.0,▼-49,▼-18.85%,2555,4906,7461,998,209,214,3320,88
TXO,202609,20260916.0,45650.0,Call,386,449,154,187,187.0,▼-222,▼-54.28%,949,1033,1982,203,185,190,1190,154
TXO,202609,20260916.0,45650.0,Put,260,288,138,240,240.0,▼-45,▼-15.79%,1070,2157,3227,186,233,239,620,99
TXO,202609,20260916.0,45700.0,Call,299,414,132,163,163.0,▼-218,▼-57.22%,2168,3561,5729,1758,161,166,4250,132
TXO,202609,20260916.0,45700.0,Put,277,320,154,262,262.0,▼-40,▼-13.25%,1636,4415,6051,622,260,265,3000,102
TXO,202609,20260916.0,45750.0,Call,300,379,115,142,142.0,▼-212,▼-59.89%,997,2118,3115,243,142,145,1490,115
TXO,202609,20260916.0,45750.0,Put,258,350,169,291,291.0,▼-37,▼-11.28%,981,2478,3459,216,289,295,675,114
TXO,202609,20260916.0,45800.0,Call,278,349,100,123,123.0,▼-207,▼-62.73%,3806,5227,9033,1092,122,125,3830,100
TXO,202609,20260916.0,45800.0,Put,290,384,190,322,322.0,▼-26,▼-7.47%,1423,4489,5912,604,320,325,4150,120
TXO,202609,20260916.0,45850.0,Call,245,319,85,106,106.0,▼-202,▼-65.58%,1618,2094,3712,448,105,109,810,85
TXO,202609,20260916.0,45850.0,Put,323,420,211,360,360.0,▼-12,▼-3.23%,783,2094,2877,361,350,357,825,129
TXO,202609,20260916.0,45900.0,Call,237,288,73,92,92.0,▼-187,▼-67.03%,2482,3483,5965,767,89,92,2030,73
TXO,202609,20260916.0,45900.0,Put,362,456,232,393,393.0,▼-7,▼-1.75%,752,2760,3512,464,380,400,3530,136
TXO,202609,20260916.0,45950.0,Call,198,263,61,75,75.0,▼-184,▼-71.04%,1462,1684,3146,227,74,78,1760,61
TXO,202609,20260916.0,45950.0,Put,368,495,257,434,434.0,▲+4,▲+0.93%,326,1180,1506,126,416,438,795,150
TXO,202609,20260916.0,46000.0,Call,166,237,52,66,66.0,▼-171,▼-72.15%,8232,8583,16815,2382,65,67,5040,52
TXO,202609,20260916.0,46000.0,Put,422,530,278,472,472.0,▲+16,▲+3.51%,1237,2883,4120,857,454,475,5600,159
TXO,202609,20260916.0,46050.0,Call,150,215,45.5,52,52.0,▼-163,▼-75.81%,1248,1313,2561,337,53,55,1430,45.5
TXO,202609,20260916.0,46050.0,Put,412,540,310,540,500.0,▲+55,▲+11.34%,228,554,782,162,492,515,885,172
TXO,202609,20260916.0,46100.0,Call,159,189,36.5,45.5,45.5,▼-147.5,▼-76.42%,1784,3531,5315,1152,44,46,3120,36.5
TXO,202609,20260916.0,46100.0,Put,452,615,340,570,545.0,▲+50,▲+9.62%,221,655,876,367,535,555,3760,183
TXO,202609,20260916.0,46150.0,Call,133,172,32,38,38.0,▼-142,▼-78.89%,842,1306,2148,388,37.5,39,910,32
TXO,202609,20260916.0,46150.0,Put,492,670,366,645,585.0,▲+105,▲+19.44%,65,279,344,96,575,595,980,200
TXO,202609,20260916.0,46200.0,Call,108,152,25.5,31.5,31.5,▼-130.5,▼-80.56%,3449,4440,7889,1495,31.5,33,5360,25.5
TXO,202609,20260916.0,46200.0,Put,496,695,397,630,630.0,▲+45,▲+7.69%,119,438,557,186,620,640,6310,199
TXO,202609,20260916.0,46250.0,Call,109,138,22,27,27.0,▼-119,▼-81.51%,1104,1266,2370,431,25,27.5,1260,22
TXO,202609,20260916.0,46250.0,Put,675,720,435,710,675.0,▲+85,▲+13.60%,58,161,219,106,665,685,1020,210
TXO,202609,20260916.0,46300.0,Call,70,120,18.5,22,22.0,▼-113,▼-83.70%,2642,3668,6310,1358,21.5,23.5,1810,18.5
TXO,202609,20260916.0,46300.0,Put,605,790,465,735,720.0,▲+95,▲+14.84%,85,165,250,180,710,730,2520,217
TXO,202609,20260916.0,46350.0,Call,81,108,16,18.5,18.5,▼-99.5,▼-84.32%,1138,1472,2610,512,17.5,20,1340,16
TXO,202609,20260916.0,46350.0,Put,640,835,500,835,765.0,▲+155,▲+22.79%,33,80,113,90,755,780,1100,245
TXO,202609,20260916.0,46400.0,Call,70,96,13.5,16,16.0,▼-94,▼-85.45%,1943,2719,4662,1463,14.5,16,4700,13.5
TXO,202609,20260916.0,46400.0,Put,680,900,575,825,815.0,▲+95,▲+13.01%,176,291,467,275,800,825,4360,245
TXO,202609,20260916.0,46450.0,Call,50,83,12,13,13.0,▼-83,▼-86.46%,843,1070,1913,405,11,14,1290,12
TXO,202609,20260916.0,46450.0,Put,735,935,610,935,860.0,▲+175,▲+23.03%,13,62,75,71,850,870,1200,263
TXO,202609,20260916.0,46500.0,Call,50,75,9.9,11.5,11.5,▼-78.5,▼-87.22%,4164,5192,9356,2070,10.5,12,3900,9.9
TXO,202609,20260916.0,46500.0,Put,740,990,620,990,910.0,▲+180,▲+22.22%,155,103,258,582,900,920,6610,240
TXO,202609,20260916.0,46550.0,Call,46.5,68,8.8,9.4,9.4,▼-70.6,▼-88.25%,464,842,1306,303,9.4,9.9,1210,8.8
TXO,202609,20260916.0,46550.0,Put,815,900,685,800,960.0,▼-45,▼-5.33%,26,11,37,79,945,970,1270,278
TXO,202609,20260916.0,46600.0,Call,42,59,7.2,8.5,8.5,▼-62.5,▼-88.03%,1919,2930,4849,1382,8.3,8.6,3760,7.2
TXO,202609,20260916.0,46600.0,Put,875,1080,715,1080,1010.0,▲+190,▲+21.35%,54,84,138,174,995,1020,6230,280
TXO,202609,20260916.0,46650.0,Call,19,50,6.3,7.1,7.1,▼-58.9,▼-89.24%,507,777,1284,370,7.1,7.6,970,6.3
TXO,202609,20260916.0,46650.0,Put,915,950,760,950,1060.0,▲+20,▲+2.15%,52,3,55,108,1040,1070,1290,368
TXO,202609,20260916.0,46700.0,Call,39,46,5.7,6.4,6.4,▼-51.6,▼-88.97%,1346,2496,3842,1035,6.4,6.5,5130,5.7
TXO,202609,20260916.0,46700.0,Put,980,1140,835,1140,1100.0,▲+170,▲+17.53%,16,47,63,163,1090,1120,2350,304
TXO,202609,20260916.0,46750.0,Call,30.5,38.5,5.1,5.1,5.6,▼-47.9,▼-90.38%,503,671,1174,268,5.4,5.8,1000,5.1
TXO,202609,20260916.0,46750.0,Put,1070,1070,860,930,1150.0,▼-90,▼-8.82%,10,3,13,28,1140,1170,1450,320
TXO,202609,20260916.0,46800.0,Call,21,35,4.5,5,5.0,▼-41.5,▼-89.25%,1588,2199,3787,1555,5.1,5.3,3180,4.5
TXO,202609,20260916.0,46800.0,Put,1080,1130,900,1130,1200.0,▲+70,▲+6.60%,186,23,209,184,1190,1220,7400,335
TXO,202609,20260916.0,46850.0,Call,23.5,30.5,4.4,4.4,4.4,▼-37.6,▼-89.52%,505,431,936,200,4.4,4.8,1030,4.4
TXO,202609,20260916.0,46850.0,Put,1120,1120,1030,1090,1250.0,▼-20,▼-1.80%,4,3,7,18,1240,1560,1450,367
TXO,202609,20260916.0,46900.0,Call,15,27,3.8,4,4.0,▼-34.5,▼-89.61%,882,657,1539,694,3.9,4.2,3630,3.8
TXO,202609,20260916.0,46900.0,Put,1130,1350,1060,1350,1300.0,▲+200,▲+17.39%,17,10,27,114,1290,1470,3700,353
TXO,202609,20260916.0,46950.0,Call,17,24.5,3.5,3.5,3.5,▼-31.5,▼-90.00%,304,269,573,279,3.6,3.9,940,3.5
TXO,202609,20260916.0,46950.0,Put,1140,1140,1140,1140,1350.0,▼-60,▼-5.00%,7,1,8,29,1340,1520,1410,413
TXO,202609,20260916.0,47000.0,Call,11.5,23.5,3.1,3.3,3.3,▼-26.2,▼-88.81%,2249,1977,4226,2999,3.3,3.6,5010,3.1
TXO,202609,20260916.0,47000.0,Put,1220,1480,1070,1420,1400.0,▲+180,▲+14.52%,89,130,219,539,1390,1420,6680,383
TXO,202609,20260916.0,47050.0,Call,14,19,2.9,2.9,2.9,▼-25.6,▼-89.82%,202,202,404,190,2.9,3.2,850,2.9
TXO,202609,20260916.0,47050.0,Put,1410,1410,1410,1410,1450.0,▲+120,▲+9.30%,7,1,8,12,1230,1570,1500,410
TXO,202609,20260916.0,47100.0,Call,9.2,18.5,2.5,2.9,2.9,▼-22.6,▼-88.63%,523,902,1425,782,2.7,3,3480,2.5
TXO,202609,20260916.0,47100.0,Put,1290,1420,1290,1420,1500.0,▲+80,▲+5.97%,8,3,11,43,1210,1520,2860,377
TXO,202609,20260916.0,47150.0,Call,10,15,2.3,2.3,2.6,▼-19.7,▼-89.55%,116,121,237,122,2.4,2.7,850,2.3
TXO,202609,20260916.0,47150.0,Put,-,-,-,-,1550.0,-,-,2,0,2,29,1260,1610,1570,451
TXO,202609,20260916.0,47200.0,Call,8.5,15,2.1,2.5,2.5,▼-17.5,▼-87.50%,336,1245,1581,1453,2.3,2.5,3600,2.1
TXO,202609,20260916.0,47200.0,Put,1410,1640,1410,1630,1600.0,▲+190,▲+13.19%,2,11,13,61,1590,1620,6660,460
TXO,202609,20260916.0,47250.0,Call,7.5,13,2,2.6,2.2,▼-15.4,▼-85.56%,266,216,482,219,2.1,2.3,790,2
TXO,202609,20260916.0,47250.0,Put,-,-,-,-,1650.0,-,-,1,0,1,27,1430,1820,1700,535
TXO,202609,20260916.0,47300.0,Call,6.4,10.5,1.8,2,2.0,▼-14.5,▼-87.88%,534,971,1505,929,1.9,2,3600,1.8
TXO,202609,20260916.0,47300.0,Put,1650,1650,1650,1650,1700.0,▲+120,▲+7.84%,1,1,2,51,1630,1750,2830,500
TXO,202609,20260916.0,47350.0,Call,9,9.5,1.6,1.8,1.8,▼-13.2,▼-88.00%,110,133,243,156,1.7,1.9,745,1.6
TXO,202609,20260916.0,47350.0,Put,-,-,-,-,1750.0,-,-,0,0,0,7,1660,1810,1120,520
TXO,202609,20260916.0,47400.0,Call,6.8,11,1.5,1.6,1.6,▼-12.4,▼-88.57%,339,280,619,631,1.6,1.7,4760,1.5
TXO,202609,20260916.0,47400.0,Put,1610,1610,1610,1610,1800.0,▼-20,▼-1.23%,1,1,2,26,1710,1860,6660,560
TXO,202609,20260916.0,47450.0,Call,5.1,9.1,1.2,1.4,1.6,▼-11.6,▼-89.23%,88,133,221,165,1.5,1.7,705,1.2
TXO,202609,20260916.0,47450.0,Put,1610,1610,1610,1610,1850.0,▼-70,▼-4.17%,2,1,3,3,1760,1900,1850,645
TXO,202609,20260916.0,47500.0,Call,6,8.4,1.3,1.4,1.4,▼-10.1,▼-87.83%,753,1169,1922,1757,1.4,1.6,2240,1.3
TXO,202609,20260916.0,47500.0,Put,1770,1880,1680,1880,1900.0,▲+150,▲+8.67%,3,3,6,35,1810,1950,2730,580
TXO,202609,20260916.0,47550.0,Call,6.1,6.1,1.2,1.2,1.2,▼-9.8,▼-89.09%,109,170,279,172,1.2,1.4,650,1.2
TXO,202609,20260916.0,47550.0,Put,-,-,-,-,1950.0,-,-,2,0,2,6,1860,2010,2050,685
TXO,202609,20260916.0,47600.0,Call,4.5,7.7,0.9,1.1,1.1,▼-8.9,▼-89.00%,136,485,621,492,1.1,1.3,2000,0.9
TXO,202609,20260916.0,47600.0,Put,-,-,-,-,2000.0,-,-,1,0,1,14,1720,2060,6960,640
TXO,202609,20260916.0,47650.0,Call,3.4,3.5,1,1,1.1,▼-7.8,▼-88.64%,34,77,111,183,1,1.2,590,1
TXO,202609,20260916.0,47650.0,Put,-,-,-,-,2050.0,-,-,0,0,0,0,2040,2060,1150,970
TXO,202609,20260916.0,47700.0,Call,3.8,3.8,0.9,1,1.0,▼-7.5,▼-88.24%,100,124,224,1043,1,1.2,1730,0.5
TXO,202609,20260916.0,47700.0,Put,-,-,-,-,2100.0,-,-,0,0,0,45,2030,2160,1880,700
TXO,202609,20260916.0,47750.0,Call,5.9,5.9,0.9,1,1.0,▼-7.2,▼-87.80%,43,15,58,219,0.9,1.1,555,0.9
TXO,202609,20260916.0,47750.0,Put,-,-,-,-,2150.0,-,-,0,0,0,1,2140,2160,1300,825
TXO,202609,20260916.0,47800.0,Call,5,6,0.7,0.7,0.9,▼-6.4,▼-90.14%,103,665,768,603,0.8,1,2000,0.7
TXO,202609,20260916.0,47800.0,Put,2020,2020,2020,2020,2200.0,0,0%,0,1,1,17,1980,2370,6790,720
TXO,202609,20260916.0,47850.0,Call,3.9,4.1,0.8,0.8,0.8,▼-5.8,▼-87.88%,39,23,62,347,0.8,1,510,0.8
TXO,202609,20260916.0,47850.0,Put,-,-,-,-,2250.0,-,-,0,0,0,0,2240,2260,-,-
TXO,202609,20260916.0,47900.0,Call,3.2,3.2,0.6,0.8,0.8,▼-5.2,▼-86.67%,192,240,432,367,0.7,0.9,1000,0.6
TXO,202609,20260916.0,47900.0,Put,-,-,-,-,2300.0,-,-,0,0,0,2,2030,2360,2830,1280
TXO,202609,20260916.0,47950.0,Call,3.5,3.5,1.1,1.1,0.8,▼-4.5,▼-80.36%,63,74,137,129,0.7,0.9,445,1.1
TXO,202609,20260916.0,47950.0,Put,-,-,-,-,2350.0,-,-,0,0,0,32,2260,2660,2370,855
TXO,202609,20260916.0,48000.0,Call,3.5,4.6,0.5,0.6,0.6,▼-4.6,▼-88.46%,562,2494,3056,2849,0.6,0.7,3130,0.5
TXO,202609,20260916.0,48000.0,Put,1640,2320,1640,2290,2400.0,▲+70,▲+3.15%,0,5,5,38,2130,2460,7110,865
TXO,202609,20260916.0,48050.0,Call,2.1,3,0.5,0.6,0.6,▼-4.4,▼-88.00%,14,537,551,636,0.6,0.7,424,0.5
TXO,202609,20260916.0,48050.0,Put,-,-,-,-,2450.0,-,-,0,0,0,1,2440,2460,1310,1310
TXO,202609,20260916.0,48100.0,Call,2.6,3,0.4,0.5,0.5,▼-4.1,▼-89.13%,71,1024,1095,904,0.5,0.6,2800,0.4
TXO,202609,20260916.0,48100.0,Put,-,-,-,-,2500.0,-,-,0,0,0,2,2230,2560,4850,1050
TXO,202609,20260916.0,48150.0,Call,1.9,3,0.3,0.5,0.5,▼-3.8,▼-88.37%,15,179,194,201,0.5,0.6,370,0.3
TXO,202609,20260916.0,48150.0,Put,-,-,-,-,2550.0,-,-,0,0,0,1,2540,2560,1180,1060
TXO,202609,20260916.0,48200.0,Call,0.9,3,0.3,0.6,0.5,▼-3.6,▼-85.71%,98,240,338,924,0.4,0.5,2850,0.3
TXO,202609,20260916.0,48200.0,Put,-,-,-,-,2600.0,-,-,0,0,0,2,2520,2650,7310,1170
TXO,202609,20260916.0,48250.0,Call,2.4,3,0.6,0.6,0.4,▼-3.4,▼-85.00%,13,233,246,715,0.4,0.5,369,0.6
TXO,202609,20260916.0,48250.0,Put,-,-,-,-,2650.0,-,-,0,0,0,1,2640,2660,1520,1260
TXO,202609,20260916.0,48300.0,Call,1.6,1.8,0.4,0.4,0.4,▼-3.4,▼-89.47%,57,127,184,448,0.4,0.5,815,0.4
TXO,202609,20260916.0,48300.0,Put,2570,2570,2570,2570,2700.0,▲+50,▲+1.98%,0,1,1,3,2630,2760,2570,1020
TXO,202609,20260916.0,48350.0,Call,0.7,0.7,0.7,0.7,0.4,▼-2.7,▼-79.41%,28,1,29,202,0.3,0.5,333,0.7
TXO,202609,20260916.0,48350.0,Put,-,-,-,-,2750.0,-,-,0,0,0,1,2730,2760,2160,2160
TXO,202609,20260916.0,48400.0,Call,2.6,2.9,0.7,0.7,0.4,▼-2.5,▼-78.13%,130,112,242,472,0.3,0.5,1980,0.6
TXO,202609,20260916.0,48400.0,Put,-,-,-,-,2800.0,-,-,0,0,0,10,2720,2850,7590,1340
TXO,202609,20260916.0,48450.0,Call,1.5,1.5,0.3,0.3,0.3,▼-2.8,▼-90.32%,88,14,102,99,0.3,0.5,244,0.3
TXO,202609,20260916.0,48450.0,Put,-,-,-,-,2850.0,-,-,0,0,0,1,2830,2860,1530,1530
TXO,202609,20260916.0,48500.0,Call,2.5,2.8,0.3,0.4,0.3,▼-2.4,▼-85.71%,67,40,107,1105,0.3,0.5,990,0.3
TXO,202609,20260916.0,48500.0,Put,2820,2820,2820,2820,2900.0,▲+100,▲+3.68%,0,1,1,4,2630,2950,3500,1260
TXO,202609,20260916.0,48550.0,Call,0.5,0.7,0.1,0.2,0.3,▼-2.5,▼-92.59%,15,10,25,68,0.2,0.4,157,0.1
TXO,202609,20260916.0,48550.0,Put,-,-,-,-,2950.0,-,-,0,0,0,0,2930,2960,-,-
TXO,202609,20260916.0,48600.0,Call,2.4,2.4,0.2,0.3,0.3,▼-2.2,▼-88.00%,12,108,120,274,0.2,0.4,750,0.2
TXO,202609,20260916.0,48600.0,Put,-,-,-,-,3000.0,-,-,0,0,0,8,2920,3310,7740,1360
TXO,202609,20260916.0,48650.0,Call,1.7,1.7,0.2,0.5,0.3,▼-1.9,▼-79.17%,10,19,29,39,0.2,0.4,188,0.2
TXO,202609,20260916.0,48650.0,Put,-,-,-,-,3050.0,-,-,0,0,0,1,3030,3060,2020,1990
TXO,202609,20260916.0,48700.0,Call,2.2,2.2,0.2,0.2,0.2,▼-2,▼-90.91%,34,93,127,392,0.2,0.4,1770,0.2
TXO,202609,20260916.0,48700.0,Put,-,-,-,-,3100.0,-,-,0,0,0,2,2830,3150,2600,1600
TXO,202609,20260916.0,48800.0,Call,1.9,2.4,0.2,0.2,0.2,▼-1.9,▼-90.48%,21,66,87,192,0.2,0.3,2200,0.2
TXO,202609,20260916.0,48800.0,Put,-,-,-,-,3200.0,-,-,0,0,0,3,3120,3260,4910,1700
TXO,202609,20260916.0,48900.0,Call,1,1.2,0.2,0.4,0.2,▼-1.5,▼-78.95%,21,15,36,510,0.1,0.3,3930,0.2
TXO,202609,20260916.0,48900.0,Put,-,-,-,-,3300.0,-,-,0,0,0,1,3280,3310,2950,1660
TXO,202609,20260916.0,49000.0,Call,0.8,0.9,0.2,0.2,0.2,▼-1.3,▼-86.67%,46,43,89,1930,0.1,0.3,3880,0.2
TXO,202609,20260916.0,49000.0,Put,-,-,-,-,3400.0,-,-,0,0,0,7,3320,3710,8740,1630
TXO,202609,20260916.0,49100.0,Call,0.2,0.2,0.2,0.2,0.2,▼-1.3,▼-86.67%,4,7,11,577,0.1,0.2,3500,0.2
TXO,202609,20260916.0,49100.0,Put,-,-,-,-,3500.0,-,-,0,0,0,2,3230,3810,4510,1780
TXO,202609,20260916.0,49200.0,Call,1.6,1.6,0.1,0.1,0.1,▼-1.3,▼-92.86%,23,31,54,396,0.1,0.2,2080,0.1
TXO,202609,20260916.0,49200.0,Put,-,-,-,-,3600.0,-,-,0,0,0,5,3530,3660,5160,1920
TXO,202609,20260916.0,49300.0,Call,0.6,0.6,0.1,0.3,0.1,▼-0.9,▼-75.00%,6,25,31,275,-,39,1560,0.1
TXO,202609,20260916.0,49300.0,Put,-,-,-,-,3700.0,-,-,0,0,0,2,3620,4010,4670,2000
TXO,202609,20260916.0,49400.0,Call,0.3,0.4,0.1,0.2,0.1,▼-1,▼-83.33%,7,6,13,198,-,21,2710,0.1
TXO,202609,20260916.0,49400.0,Put,-,-,-,-,3800.0,-,-,0,0,0,0,3780,3810,3200,3150
TXO,202609,20260916.0,49500.0,Call,0.6,0.6,0.1,0.1,0.1,▼-0.9,▼-90.00%,7,501,508,994,-,0.5,1060,0.1
TXO,202609,20260916.0,49500.0,Put,-,-,-,-,3900.0,-,-,0,0,0,1,3880,3920,4780,4780
TXO,202609,20260916.0,49600.0,Call,0.6,0.6,0.1,0.2,0.1,▼-0.7,▼-77.78%,4,57,61,112,-,0.4,1160,0.1
TXO,202609,20260916.0,49600.0,Put,-,-,-,-,4000.0,-,-,0,0,0,2,3920,4310,4850,2920
TXO,202609,20260916.0,49700.0,Call,0.5,0.5,0.1,0.1,0.1,▼-0.8,▼-88.89%,7,61,68,93,-,65,505,0.1
TXO,202609,20260916.0,49700.0,Put,-,-,-,-,4100.0,-,-,0,0,0,3,4020,4410,4920,4920
TXO,202609,20260916.0,49800.0,Call,1.1,1.1,0.1,0.1,0.1,▼-0.7,▼-87.50%,0,7,7,285,-,30,1760,0.1
TXO,202609,20260916.0,49800.0,Put,-,-,-,-,4200.0,-,-,0,0,0,1,4180,4220,3100,2530
TXO,202609,20260916.0,49900.0,Call,0.4,0.4,0.2,0.3,0.1,▼-0.3,▼-50.00%,9,6,15,148,-,0.7,2050,0.2
TXO,202609,20260916.0,49900.0,Put,-,-,-,-,4300.0,-,-,0,0,0,0,4280,4310,-,-
TXO,202609,20260916.0,50000.0,Call,0.4,0.4,0.2,0.2,0.1,▼-0.4,▼-66.67%,9,185,194,3341,-,0.8,3370,0.2
TXO,202609,20260916.0,50000.0,Put,-,-,-,-,4400.0,-,-,0,0,0,2,4320,4710,5300,3130
TXO,202609,20260916.0,50100.0,Call,0.5,0.5,0.1,0.1,0.1,▼-0.4,▼-80.00%,0,3,3,253,-,10,3360,0.1
TXO,202609,20260916.0,50100.0,Put,-,-,-,-,4500.0,-,-,0,0,0,0,4480,4510,-,-
TXO,202609,20260916.0,50200.0,Call,-,-,-,-,0.1,-,-,1,0,1,60,-,101,1800,0.4
TXO,202609,20260916.0,50200.0,Put,-,-,-,-,4600.0,-,-,0,0,0,0,4580,4610,-,-
TXO,202609,20260916.0,50300.0,Call,0.2,0.2,0.2,0.2,0.1,▼-0.2,▼-50.00%,2,5,7,16,-,101,1200,0.2
TXO,202609,20260916.0,50300.0,Put,-,-,-,-,4700.0,-,-,0,0,0,0,4470,4710,-,-
TXO,202609,20260916.0,50400.0,Call,0.2,0.2,0.2,0.2,0.1,▼-0.1,▼-33.33%,0,1,1,45,-,565,3140,0.2
TXO,202609,20260916.0,50400.0,Put,-,-,-,-,4800.0,-,-,0,0,0,0,4780,4810,7650,5430
TXO,202609,20260916.0,50500.0,Call,0.2,0.2,0.2,0.2,0.1,▼-0.1,▼-33.33%,3,3,6,1581,-,2,1080,0.1
TXO,202609,20260916.0,50500.0,Put,-,-,-,-,4900.0,-,-,0,0,0,0,4880,4910,-,-
TXO,202609,20260916.0,50600.0,Call,-,-,-,-,0.1,-,-,3,0,3,758,-,101,1760,0.2
TXO,202609,20260916.0,50600.0,Put,-,-,-,-,5000.0,-,-,0,0,0,0,4980,5010,3330,3240
TXO,202609,20260916.0,50700.0,Call,-,-,-,-,0.1,-,-,3,0,3,225,-,39,1490,0.4
TXO,202609,20260916.0,50700.0,Put,-,-,-,-,5100.0,-,-,0,0,0,0,5080,5110,-,-
TXO,202609,20260916.0,50800.0,Call,0.2,0.2,0.2,0.2,0.1,▼-0.1,▼-33.33%,0,1,1,802,-,101,2580,0.2
TXO,202609,20260916.0,50800.0,Put,-,-,-,-,5200.0,-,-,0,0,0,0,5180,5210,3520,3280
TXO,202609,20260916.0,50900.0,Call,-,-,-,-,0.1,-,-,2,0,2,230,-,101,1050,0.3
TXO,202609,20260916.0,50900.0,Put,-,-,-,-,5300.0,-,-,0,0,0,0,5280,5310,-,-
TXO,202609,20260916.0,51000.0,Call,0.3,0.3,0.2,0.2,0.1,▼-0.1,▼-33.33%,5,26,31,2785,-,0.2,2360,0.2
TXO,202609,20260916.0,51000.0,Put,-,-,-,-,5400.0,-,-,0,0,0,1,5380,5420,5060,3670
TXO,202609,20260916.0,51100.0,Call,0.3,0.3,0.2,0.2,0.1,0,0%,1,7,8,337,-,10,1820,0.2
TXO,202609,20260916.0,51100.0,Put,-,-,-,-,5500.0,-,-,0,0,0,0,5480,5510,-,-
TXO,202609,20260916.0,51200.0,Call,-,-,-,-,0.1,-,-,9,0,9,246,-,101,2430,0.3
TXO,202609,20260916.0,51200.0,Put,-,-,-,-,5600.0,-,-,0,0,0,0,5580,5620,-,-
TXO,202609,20260916.0,51300.0,Call,-,-,-,-,0.1,-,-,1,0,1,332,-,565,840,0.2
TXO,202609,20260916.0,51300.0,Put,-,-,-,-,5700.0,-,-,0,0,0,0,5680,5720,-,-
TXO,202609,20260916.0,51400.0,Call,-,-,-,-,0.1,-,-,0,0,0,10,-,101,1830,0.3
TXO,202609,20260916.0,51400.0,Put,-,-,-,-,5800.0,-,-,0,0,0,0,5780,5820,-,-
TXO,202609,20260916.0,51500.0,Call,-,-,-,-,0.1,-,-,0,0,0,98,-,101,920,0.2
TXO,202609,20260916.0,51500.0,Put,-,-,-,-,5900.0,-,-,0,0,0,0,5880,5920,-,-
TXO,202609,20260916.0,51600.0,Call,-,-,-,-,0.1,-,-,0,0,0,9,-,565,810,0.2
TXO,202609,20260916.0,51600.0,Put,-,-,-,-,6000.0,-,-,0,0,0,0,5980,6020,-,-
TXO,202609,20260916.0,51700.0,Call,0.2,0.2,0.2,0.2,0.1,0,0%,0,1,1,15,-,3,550,0.2
TXO,202609,20260916.0,51700.0,Put,-,-,-,-,6100.0,-,-,0,0,0,0,6080,6120,-,-
TXO,202609,20260916.0,51800.0,Call,-,-,-,-,0.1,-,-,0,0,0,9,-,565,1850,3
TXO,202609,20260916.0,51800.0,Put,-,-,-,-,6200.0,-,-,0,0,0,0,6180,6220,-,-
TXO,202609,20260916.0,51900.0,Call,-,-,-,-,0.1,-,-,0,0,0,11,-,565,590,0.1
TXO,202609,20260916.0,51900.0,Put,-,-,-,-,6300.0,-,-,0,0,0,0,6280,6320,-,-
TXO,202609,20260916.0,52000.0,Call,0.2,0.2,0.2,0.2,0.1,0,0%,9,3,12,1146,-,0.3,2210,0.2
TXO,202609,20260916.0,52000.0,Put,-,-,-,-,6400.0,-,-,0,0,0,0,6380,6420,-,-
TXO,202609,20260916.0,52100.0,Call,-,-,-,-,0.1,-,-,0,0,0,19,-,565,590,0.8
TXO,202609,20260916.0,52100.0,Put,-,-,-,-,6500.0,-,-,0,0,0,0,6480,6520,-,-
TXO,202609,20260916.0,52200.0,Call,0.2,0.2,0.2,0.2,0.1,0,0%,0,3,3,12,-,565,2340,0.2
TXO,202609,20260916.0,52200.0,Put,-,-,-,-,6600.0,-,-,0,0,0,0,6580,6620,-,-
TXO,202609,20260916.0,52300.0,Call,-,-,-,-,0.1,-,-,0,0,0,9,-,88,1880,7.7
TXO,202609,20260916.0,52300.0,Put,-,-,-,-,6700.0,-,-,0,0,0,0,6670,6720,-,-
TXO,202609,20260916.0,52400.0,Call,-,-,-,-,0.1,-,-,0,0,0,15,-,565,1880,0.8
TXO,202609,20260916.0,52400.0,Put,-,-,-,-,6800.0,-,-,0,0,0,0,6770,6820,-,-
TXO,202609,20260916.0,52500.0,Call,-,-,-,-,0.1,-,-,0,0,0,83,-,565,550,0.3
TXO,202609,20260916.0,52500.0,Put,-,-,-,-,6900.0,-,-,0,0,0,0,6870,6920,-,-
TXO,202609,20260916.0,52600.0,Call,-,-,-,-,0.1,-,-,0,0,0,82,-,565,1390,0.6
TXO,202609,20260916.0,52600.0,Put,-,-,-,-,7000.0,-,-,0,0,0,0,6970,7020,-,-
TXO,202609,20260916.0,52700.0,Call,-,-,-,-,0.1,-,-,0,0,0,18,-,565,1890,0.2
TXO,202609,20260916.0,52700.0,Put,-,-,-,-,7100.0,-,-,0,0,0,0,7070,7120,-,-
TXO,202609,20260916.0,52800.0,Call,-,-,-,-,0.1,-,-,0,0,0,16,-,565,1930,8.5
TXO,202609,20260916.0,52800.0,Put,-,-,-,-,7200.0,-,-,0,0,0,0,7170,7220,-,-
TXO,202609,20260916.0,52900.0,Call,-,-,-,-,0.1,-,-,0,0,0,28,-,100,580,0.2
TXO,202609,20260916.0,52900.0,Put,-,-,-,-,7300.0,-,-,0,0,0,0,7270,7320,-,-
TXO,202609,20260916.0,53000.0,Call,-,-,-,-,0.1,-,-,3,0,3,1043,-,101,1240,0.2
TXO,202609,20260916.0,53000.0,Put,-,-,-,-,7400.0,-,-,0,0,0,0,7370,7420,-,-
TXO,202609,20260916.0,53100.0,Call,-,-,-,-,0.1,-,-,0,0,0,32,-,565,580,0.2
TXO,202609,20260916.0,53100.0,Put,-,-,-,-,7500.0,-,-,0,0,0,0,7470,7520,-,-
TXO,202609,20260916.0,53200.0,Call,-,-,-,-,0.1,-,-,0,0,0,10,-,565,1500,5.2
TXO,202609,20260916.0,53200.0,Put,-,-,-,-,7600.0,-,-,0,0,0,0,7570,7620,-,-
TXO,202609,20260916.0,53300.0,Call,-,-,-,-,0.1,-,-,0,0,0,4,-,565,580,0.2
TXO,202609,20260916.0,53300.0,Put,-,-,-,-,7700.0,-,-,0,0,0,0,7670,7720,-,-
TXO,202609,20260916.0,53400.0,Call,-,-,-,-,0.1,-,-,0,0,0,6,-,565,1000,0.3
TXO,202609,20260916.0,53400.0,Put,-,-,-,-,7800.0,-,-,0,0,0,0,7770,7820,-,-
TXO,202609,20260916.0,53500.0,Call,-,-,-,-,0.1,-,-,0,0,0,101,-,101,600,0.3
TXO,202609,20260916.0,53500.0,Put,-,-,-,-,7900.0,-,-,0,0,0,0,7870,7920,-,-
TXO,202609,20260916.0,53600.0,Call,-,-,-,-,0.1,-,-,0,0,0,5,-,88,1340,1.2
TXO,202609,20260916.0,53600.0,Put,-,-,-,-,8000.0,-,-,0,0,0,0,7970,8020,-,-
TXO,202609,20260916.0,53700.0,Call,-,-,-,-,0.1,-,-,0,0,0,21,-,565,550,11.5
TXO,202609,20260916.0,53700.0,Put,-,-,-,-,8100.0,-,-,0,0,0,0,8070,8120,-,-
TXO,202609,20260916.0,53800.0,Call,-,-,-,-,0.1,-,-,0,0,0,12,-,565,1240,5.4
TXO,202609,20260916.0,53800.0,Put,-,-,-,-,8200.0,-,-,0,0,0,0,8170,8220,-,-
TXO,202609,20260916.0,53900.0,Call,-,-,-,-,0.1,-,-,0,0,0,22,-,565,99,0.9
TXO,202609,20260916.0,53900.0,Put,-,-,-,-,8300.0,-,-,0,0,0,0,8270,8320,-,-
TXO,202609,20260916.0,54000.0,Call,-,-,-,-,0.1,-,-,0,0,0,175,-,101,1400,0.3
TXO,202609,20260916.0,54000.0,Put,-,-,-,-,8400.0,-,-,0,0,0,1,8380,8430,9240,9240
TXO,202609,20260916.0,54100.0,Call,-,-,-,-,0.1,-,-,0,0,0,28,-,3.6,100,4.7
TXO,202609,20260916.0,54100.0,Put,-,-,-,-,8500.0,-,-,0,0,0,0,8470,8520,-,-
TXO,202609,20260916.0,54200.0,Call,-,-,-,-,0.1,-,-,0,0,0,31,-,565,250,0.6
TXO,202609,20260916.0,54200.0,Put,-,-,-,-,8600.0,-,-,0,0,0,0,8570,8620,-,-
TXO,202609,20260916.0,54300.0,Call,-,-,-,-,0.1,-,-,0,0,0,24,-,565,195,0.6
TXO,202609,20260916.0,54300.0,Put,-,-,-,-,8700.0,-,-,0,0,0,0,8670,8720,-,-
TXO,202609,20260916.0,54400.0,Call,-,-,-,-,0.1,-,-,0,0,0,27,-,565,1040,9.5
TXO,202609,20260916.0,54400.0,Put,-,-,-,-,8800.0,-,-,0,0,0,0,8770,8820,-,-
TXO,202609,20260916.0,54500.0,Call,-,-,-,-,0.1,-,-,0,0,0,134,-,565,300,3.5
TXO,202609,20260916.0,54500.0,Put,-,-,-,-,8900.0,-,-,0,0,0,0,8870,8920,-,-
TXO,202609,20260916.0,54600.0,Call,-,-,-,-,0.1,-,-,0,0,0,48,-,101,1680,3.4
TXO,202609,20260916.0,54600.0,Put,-,-,-,-,9000.0,-,-,0,0,0,0,8970,9020,-,-
TXO,202609,20260916.0,54700.0,Call,-,-,-,-,0.1,-,-,0,0,0,40,-,565,382,2.9
TXO,202609,20260916.0,54700.0,Put,-,-,-,-,9100.0,-,-,0,0,0,0,9070,9120,-,-
TXO,202609,20260916.0,54800.0,Call,-,-,-,-,0.1,-,-,0,0,0,25,-,565,370,0.5
TXO,202609,20260916.0,54800.0,Put,-,-,-,-,9200.0,-,-,0,0,0,0,9170,9220,-,-
TXO,202609,20260916.0,54900.0,Call,-,-,-,-,0.1,-,-,0,0,0,9,-,565,205,3
TXO,202609,20260916.0,54900.0,Put,-,-,-,-,9300.0,-,-,0,0,0,0,9270,9320,-,-
TXO,202609,20260916.0,55000.0,Call,-,-,-,-,0.1,-,-,0,0,0,335,-,565,1240,0.3
TXO,202609,20260916.0,55000.0,Put,-,-,-,-,9400.0,-,-,0,0,0,1,9370,9440,10230,10230
TXO,202609,20260916.0,55200.0,Call,-,-,-,-,0.1,-,-,0,0,0,9,-,565,350,0.3
TXO,202609,20260916.0,55200.0,Put,-,-,-,-,9600.0,-,-,0,0,0,0,9570,9620,-,-
TXO,202609,20260916.0,55400.0,Call,-,-,-,-,0.1,-,-,0,0,0,33,-,101,800,2.8
TXO,202609,20260916.0,55400.0,Put,-,-,-,-,9800.0,-,-,0,0,0,176,9490,9860,12880,9200
TXO,202609,20260916.0,55600.0,Call,-,-,-,-,0.1,-,-,0,0,0,19,-,565,1400,1
TXO,202609,20260916.0,55600.0,Put,-,-,-,-,10000.0,-,-,0,0,0,0,9970,10020,-,-
TXO,202609,20260916.0,55800.0,Call,-,-,-,-,0.1,-,-,0,0,0,923,-,0.6,1350,0.1
TXO,202609,20260916.0,55800.0,Put,-,-,-,-,10200.0,-,-,0,0,0,0,10170,10220,-,-
TXO,202609F3,20260918.0,41200.0,Call,-,-,-,-,4410.0,-,-,0,0,0,0,4390,-,-,-
TXO,202609F3,20260918.0,41200.0,Put,10,10.5,7.9,8.4,8.4,▼-6.6,▼-44.00%,55,111,166,362,7.9,8.2,44,7.9
TXO,202609F3,20260918.0,41300.0,Call,-,-,-,-,4310.0,-,-,0,0,0,0,4290,4320,-,-
TXO,202609F3,20260918.0,41300.0,Put,10.5,10.5,8,8.8,8.8,▼-6.7,▼-43.23%,7,13,20,24,2.9,109,34,8
TXO,202609F3,20260918.0,41400.0,Call,-,-,-,-,4210.0,-,-,0,0,0,0,-,-,-,-
TXO,202609F3,20260918.0,41400.0,Put,11,11,9,10,8.8,▼-6,▼-37.50%,0,9,9,13,0.6,110,46,9
TXO,202609F3,20260918.0,41500.0,Call,-,-,-,-,4110.0,-,-,0,0,0,0,-,-,-,-
TXO,202609F3,20260918.0,41500.0,Put,12,12,10.5,10.5,9.4,▼-6.5,▼-38.24%,11,11,22,31,0.9,20,44.5,10.5
TXO,202609F3,20260918.0,41600.0,Call,-,-,-,-,4010.0,-,-,0,0,0,0,3960,-,-,-
TXO,202609F3,20260918.0,41600.0,Put,11.5,11.5,11,11,10.0,▼-7.5,▼-40.54%,2,2,4,13,9.7,10.5,46.5,11
TXO,202609F3,20260918.0,41700.0,Call,-,-,-,-,3910.0,-,-,0,0,0,0,3890,-,-,-
TXO,202609F3,20260918.0,41700.0,Put,-,-,-,-,10.5,-,-,5,0,5,5,0.5,18,30.5,14.5
TXO,202609F3,20260918.0,41800.0,Call,-,-,-,-,3810.0,-,-,0,0,0,0,-,-,-,-
TXO,202609F3,20260918.0,41800.0,Put,14,14,10.5,11,11.0,▼-9.5,▼-46.34%,3,6,9,9,0.7,570,30.5,10.5
TXO,202609F3,20260918.0,41900.0,Call,-,-,-,-,3710.0,-,-,0,0,0,0,-,-,-,-
TXO,202609F3,20260918.0,41900.0,Put,13.5,14,13.5,14,11.5,▼-7.5,▼-34.88%,2,8,10,11,1,454,53,13.5
TXO,202609F3,20260918.0,42000.0,Call,-,-,-,-,3610.0,-,-,0,0,0,0,0.5,-,-,-
TXO,202609F3,20260918.0,42000.0,Put,15,15.5,12.5,13,13.0,▼-10,▼-43.48%,37,18,55,56,12,13,63,12.5
TXO,202609F3,20260918.0,42100.0,Call,-,-,-,-,3510.0,-,-,0,0,0,0,0.5,-,-,-
TXO,202609F3,20260918.0,42100.0,Put,13,15,13,15,13.0,▼-9,▼-37.50%,3,5,8,32,4.7,102,61,13
TXO,202609F3,20260918.0,42200.0,Call,-,-,-,-,3410.0,-,-,0,0,0,0,3400,-,-,-
TXO,202609F3,20260918.0,42200.0,Put,17.5,17.5,14,16,14.0,▼-8.5,▼-34.69%,4,11,15,20,14,14.5,69,14
TXO,202609F3,20260918.0,42300.0,Call,-,-,-,-,3310.0,-,-,0,0,0,0,1350,-,-,-
TXO,202609F3,20260918.0,42300.0,Put,18,18,16,18,15.0,▼-9.5,▼-34.55%,0,5,5,15,8.9,96,66,16
TXO,202609F3,20260918.0,42400.0,Call,-,-,-,-,3220.0,-,-,0,0,0,0,3170,-,-,-
TXO,202609F3,20260918.0,42400.0,Put,19,19.5,19,19,16.0,▼-10,▼-34.48%,1,4,5,13,16,16.5,70,19
TXO,202609F3,20260918.0,42500.0,Call,-,-,-,-,3120.0,-,-,0,0,0,0,0.5,-,-,-
TXO,202609F3,20260918.0,42500.0,Put,22,22,14.5,20,17.5,▼-11.5,▼-36.51%,17,406,423,342,7.5,20,74,14.5
TXO,202609F3,20260918.0,42600.0,Call,-,-,-,-,3020.0,-,-,0,0,0,0,2970,-,-,-
TXO,202609F3,20260918.0,42600.0,Put,18.5,22.5,18,21,18.5,▼-11.5,▼-35.38%,1,54,55,108,3.1,88,78,18
TXO,202609F3,20260918.0,42700.0,Call,-,-,-,-,2920.0,-,-,0,0,0,0,2900,-,-,-
TXO,202609F3,20260918.0,42700.0,Put,22,23,19,21.5,21.5,▼-14.5,▼-40.28%,9,8,17,23,9.6,162,69,19
TXO,202609F3,20260918.0,42800.0,Call,-,-,-,-,2820.0,-,-,0,0,0,0,2780,-,-,-
TXO,202609F3,20260918.0,42800.0,Put,27,29.5,21.5,25,22.0,▼-13.5,▼-35.06%,4,13,17,24,21.5,22.5,58,21.5
TXO,202609F3,20260918.0,42900.0,Call,-,-,-,-,2720.0,-,-,0,0,0,0,2710,-,-,-
TXO,202609F3,20260918.0,42900.0,Put,27,27,24,26.5,23.5,▼-15.5,▼-36.90%,2,3,5,25,0.8,30,97,24
TXO,202609F3,20260918.0,43000.0,Call,-,-,-,-,2630.0,-,-,0,0,0,0,0.5,-,-,-
TXO,202609F3,20260918.0,43000.0,Put,28,31,24,28,28.0,▼-16.5,▼-37.08%,57,194,251,246,25.5,26.5,100,24
TXO,202609F3,20260918.0,43100.0,Call,-,-,-,-,2530.0,-,-,0,0,0,0,2480,-,-,-
TXO,202609F3,20260918.0,43100.0,Put,35,35,30,30,30.0,▼-18.5,▼-38.14%,6,7,13,17,0.8,70,77,30
TXO,202609F3,20260918.0,43200.0,Call,-,-,-,-,2430.0,-,-,0,0,0,0,2410,-,-,-
TXO,202609F3,20260918.0,43200.0,Put,40.5,40.5,31,35.5,30.5,▼-13.5,▼-27.55%,15,6,21,11,30,31,107,31
TXO,202609F3,20260918.0,43300.0,Call,-,-,-,-,2330.0,-,-,0,0,0,0,2320,-,-,-
TXO,202609F3,20260918.0,43300.0,Put,40,40,32.5,38.5,33.5,▼-17.5,▼-31.25%,8,10,18,12,6.4,476,91,32.5
TXO,202609F3,20260918.0,43400.0,Call,-,-,-,-,2240.0,-,-,0,0,0,0,2190,-,-,-
TXO,202609F3,20260918.0,43400.0,Put,40,44,35,41.5,37.0,▼-20.5,▼-33.06%,8,8,16,20,28,122,104,35
TXO,202609F3,20260918.0,43500.0,Call,-,-,-,-,2140.0,-,-,0,0,0,0,0.5,-,-,-
TXO,202609F3,20260918.0,43500.0,Put,49.5,55,37.5,49.5,40.5,▼-19.5,▼-28.26%,60,77,137,84,40,41,132,37.5
TXO,202609F3,20260918.0,43600.0,Call,-,-,-,-,2040.0,-,-,0,0,0,0,2030,2060,-,-
TXO,202609F3,20260918.0,43600.0,Put,58,58,41,48.5,48.5,▼-23.5,▼-32.64%,1,31,32,93,41.5,487,119,38.5
TXO,202609F3,20260918.0,43700.0,Call,-,-,-,-,1950.0,-,-,0,0,0,0,0.5,-,-,-
TXO,202609F3,20260918.0,43700.0,Put,56,60,45.5,58,49.0,▼-21,▼-26.58%,6,48,54,184,48.5,50,111,45.5
TXO,202609F3,20260918.0,43800.0,Call,-,-,-,-,1850.0,-,-,0,0,0,0,0.5,-,-,-
TXO,202609F3,20260918.0,43800.0,Put,54,65,49,62,55.0,▼-24,▼-27.91%,25,15,40,30,35,155,154,46
TXO,202609F3,20260918.0,43900.0,Call,-,-,-,-,1760.0,-,-,0,0,0,0,1720,-,-,-
TXO,202609F3,20260918.0,43900.0,Put,62,74,54,62,62.0,▼-34,▼-35.42%,2,23,25,36,10.5,170,126,54
TXO,202609F3,20260918.0,44000.0,Call,-,-,-,-,1670.0,-,-,0,0,0,0,1500,-,-,-
TXO,202609F3,20260918.0,44000.0,Put,88,93,60,72,72.0,▼-33,▼-31.43%,43,134,177,92,60,73,180,52
TXO,202609F3,20260918.0,44100.0,Call,-,-,-,-,1580.0,-,-,0,0,0,0,950,-,-,-
TXO,202609F3,20260918.0,44100.0,Put,95,96,69,83,83.0,▼-32,▼-27.83%,8,44,52,29,11,530,194,69
TXO,202609F3,20260918.0,44200.0,Call,-,-,-,-,1490.0,-,-,0,0,0,1,1310,1550,1780,1780
TXO,202609F3,20260918.0,44200.0,Put,107,108,73,95,95.0,▼-33,▼-25.78%,14,62,76,41,84,87,189,70
TXO,202609F3,20260918.0,44300.0,Call,-,-,-,-,1400.0,-,-,0,0,0,1,1220,1490,1500,1500
TXO,202609F3,20260918.0,44300.0,Put,87,115,87,98,98.0,▼-41,▼-29.50%,4,38,42,42,80,197,230,80
TXO,202609F3,20260918.0,44400.0,Call,-,-,-,-,1310.0,-,-,0,0,0,1,1130,1390,1270,1270
TXO,202609F3,20260918.0,44400.0,Put,125,140,96,125,108.0,▼-27,▼-17.76%,13,31,44,38,107,110,284,81
TXO,202609F3,20260918.0,44500.0,Call,-,-,-,-,1220.0,-,-,0,0,0,1,980,-,1170,1170
TXO,202609F3,20260918.0,44500.0,Put,130,155,107,132,122.0,▼-38,▼-22.35%,54,189,243,182,112,585,334,90
TXO,202609F3,20260918.0,44550.0,Call,-,-,-,-,1180.0,-,-,0,0,0,0,1160,-,-,-
TXO,202609F3,20260918.0,44550.0,Put,152,152,129,144,129.0,▼-34,▼-19.10%,2,7,9,9,56,585,267,102
TXO,202609F3,20260918.0,44600.0,Call,-,-,-,-,1140.0,-,-,0,0,0,1,850,1150,1070,1070
TXO,202609F3,20260918.0,44600.0,Put,140,146,126,126,138.0,▼-62,▼-32.98%,87,26,113,29,103,600,308,93
TXO,202609F3,20260918.0,44650.0,Call,-,-,-,-,1100.0,-,-,0,0,0,0,8,-,-,-
TXO,202609F3,20260918.0,44650.0,Put,145,158,135,158,146.0,▼-41,▼-20.60%,0,12,12,4,9.1,610,231,135
TXO,202609F3,20260918.0,44700.0,Call,-,-,-,-,1060.0,-,-,2,0,2,2,8,1070,1030,980
TXO,202609F3,20260918.0,44700.0,Put,193,193,138,178,155.0,▼-31,▼-14.83%,9,17,26,28,63,620,344,102
TXO,202609F3,20260918.0,44750.0,Call,-,-,-,-,1020.0,-,-,0,0,0,2,550,1460,1700,980
TXO,202609F3,20260918.0,44750.0,Put,167,176,167,176,165.0,▼-42,▼-19.27%,0,2,2,3,5.5,265,350,167
TXO,202609F3,20260918.0,44800.0,Call,-,-,-,-,975.0,-,-,3,0,3,471,960,1290,1640,910
TXO,202609F3,20260918.0,44800.0,Put,179,203,150,201,175.0,▼-29,▼-12.61%,29,36,65,170,174,177,384,108
TXO,202609F3,20260918.0,44850.0,Call,-,-,-,-,935.0,-,-,3,0,3,5,810,950,1600,915
TXO,202609F3,20260918.0,44850.0,Put,-,-,-,-,187.0,-,-,7,0,7,8,185,189,321,175
TXO,202609F3,20260918.0,44900.0,Call,-,-,-,-,900.0,-,-,3,0,3,4,765,-,1560,855
TXO,202609F3,20260918.0,44900.0,Put,200,240,167,214,199.0,▼-37,▼-14.74%,15,14,29,19,103,670,465,167
TXO,202609F3,20260918.0,44950.0,Call,-,-,-,-,860.0,-,-,2,0,2,4,845,1310,1520,845
TXO,202609F3,20260918.0,44950.0,Put,210,250,198,240,210.0,▼-25,▼-9.43%,5,7,12,6,208,212,359,198
TXO,202609F3,20260918.0,45000.0,Call,920,990,920,990,825.0,▼-40,▼-3.88%,12,5,17,413,815,830,1480,770
TXO,202609F3,20260918.0,45000.0,Put,251,275,193,262,223.0,▼-8,▼-2.96%,89,100,189,165,183,287,450,117
TXO,202609F3,20260918.0,45050.0,Call,940,940,940,940,785.0,▼-70,▼-6.93%,6,2,8,11,780,795,2550,765
TXO,202609F3,20260918.0,45050.0,Put,259,260,242,260,236.0,▼-21,▼-7.47%,6,4,10,16,234,239,441,156
TXO,202609F3,20260918.0,45100.0,Call,950,950,950,950,750.0,▼-25,▼-2.56%,7,1,8,9,745,755,1400,700
TXO,202609F3,20260918.0,45100.0,Put,285,292,274,274,251.0,▼-22,▼-7.43%,7,4,11,17,249,254,480,152
TXO,202609F3,20260918.0,45150.0,Call,875,875,790,790,715.0,▼-135,▼-14.59%,3,8,11,15,595,1270,910,790
TXO,202609F3,20260918.0,45150.0,Put,285,288,250,255,255.0,▼-70,▼-21.54%,3,10,13,19,265,270,393,250
TXO,202609F3,20260918.0,45200.0,Call,845,845,660,660,680.0,▼-225,▼-25.42%,2,8,10,13,680,690,965,660
TXO,202609F3,20260918.0,45200.0,Put,298,305,251,305,282.0,▼-32,▼-9.50%,13,15,28,57,240,342,1020,137
TXO,202609F3,20260918.0,45250.0,Call,810,810,765,770,650.0,▼-90,▼-10.47%,7,11,18,22,515,1100,930,625
TXO,202609F3,20260918.0,45250.0,Put,314,323,255,320,299.0,▼-27,▼-7.78%,9,21,30,23,236,447,500,147
TXO,202609F3,20260918.0,45300.0,Call,775,775,750,750,615.0,▼-65,▼-7.98%,3,7,10,20,610,620,1130,625
TXO,202609F3,20260918.0,45300.0,Put,333,355,295,355,316.0,▼-12,▼-3.27%,13,15,28,42,314,319,575,160
TXO,202609F3,20260918.0,45350.0,Call,745,745,620,620,585.0,▼-180,▼-22.50%,12,21,33,32,108,1040,1110,575
TXO,202609F3,20260918.0,45350.0,Put,348,373,339,340,340.0,▼-35,▼-9.33%,16,17,33,32,38.5,560,605,339
TXO,202609F3,20260918.0,45400.0,Call,710,710,545,545,545.0,▼-230,▼-29.68%,17,23,40,25,410,580,1100,545
TXO,202609F3,20260918.0,45400.0,Put,369,392,295,385,354.0,▼-27,▼-6.55%,18,15,33,58,350,454,620,207
TXO,202609F3,20260918.0,45450.0,Call,680,680,600,625,525.0,▼-100,▼-13.79%,4,9,13,16,49.5,975,875,545
TXO,202609F3,20260918.0,45450.0,Put,388,414,355,372,372.0,▼-49,▼-11.64%,3,22,25,27,371,377,635,337
TXO,202609F3,20260918.0,45500.0,Call,650,650,460,460,496.0,▼-230,▼-33.33%,20,22,42,48,493,500,995,460
TXO,202609F3,20260918.0,45500.0,Put,405,439,330,404,404.0,▼-40,▼-9.01%,12,125,137,143,336,515,650,200
TXO,202609F3,20260918.0,45550.0,Call,620,620,443,443,468.0,▼-227,▼-33.88%,6,21,27,30,463,470,965,443
TXO,202609F3,20260918.0,45550.0,Put,424,454,352,394,418.0,▼-64,▼-13.97%,10,17,27,30,415,421,630,76
TXO,202609F3,20260918.0,45600.0,Call,550,590,428,435,435.0,▼-205,▼-32.03%,14,43,57,423,436,442,975,428
TXO,202609F3,20260918.0,45600.0,Put,449,500,380,481,439.0,▲+3,▲+0.63%,17,30,47,100,46.5,545,705,181
TXO,202609F3,20260918.0,45650.0,Call,560,600,390,390,414.0,▼-215,▼-35.54%,4,18,22,26,66,865,2030,390
TXO,202609F3,20260918.0,45650.0,Put,466,481,398,475,475.0,▼-30,▼-5.94%,7,18,25,28,461,467,685,398
TXO,202609F3,20260918.0,45700.0,Call,540,555,360,361,389.0,▼-234,▼-39.33%,10,30,40,30,350,840,865,360
TXO,202609F3,20260918.0,45700.0,Put,540,550,403,510,510.0,0,0%,32,55,87,75,485,491,720,248
TXO,202609F3,20260918.0,45750.0,Call,520,550,358,363,363.0,▼-182,▼-33.39%,25,43,68,52,360,366,1950,358
TXO,202609F3,20260918.0,45750.0,Put,505,530,464,515,515.0,▼-30,▼-5.50%,74,75,149,46,510,520,705,245
TXO,202609F3,20260918.0,45800.0,Call,474,520,381,381,341.0,▼-154,▼-28.79%,23,15,38,38,338,344,800,357
TXO,202609F3,20260918.0,45800.0,Put,545,595,489,565,540.0,▲+5,▲+0.89%,45,41,86,45,535,545,820,242
TXO,202609F3,20260918.0,45850.0,Call,459,465,352,352,317.0,▼-142,▼-28.74%,12,25,37,30,315,320,805,333
TXO,202609F3,20260918.0,45850.0,Put,560,580,510,525,565.0,▼-70,▼-11.76%,8,14,22,23,520,1060,730,417
TXO,202609F3,20260918.0,45900.0,Call,425,436,278,283,283.0,▼-200,▼-41.41%,15,35,50,35,293,298,740,278
TXO,202609F3,20260918.0,45900.0,Put,595,660,525,660,595.0,▲+55,▲+9.09%,11,34,45,37,497,1060,880,298
TXO,202609F3,20260918.0,45950.0,Call,405,405,266,266,266.0,▼-179,▼-40.22%,1,13,14,22,20.5,725,715,266
TXO,202609F3,20260918.0,45950.0,Put,615,635,615,625,625.0,▼-20,▼-3.10%,1,6,7,17,525,1120,850,318
TXO,202609F3,20260918.0,46000.0,Call,377,410,236,256,256.0,▼-168,▼-39.62%,48,70,118,60,164,268,1220,236
TXO,202609F3,20260918.0,46000.0,Put,650,730,550,680,655.0,▲+10,▲+1.49%,14,38,52,39,650,660,915,258
TXO,202609F3,20260918.0,46050.0,Call,367,372,223,223,223.0,▼-187,▼-45.61%,16,36,52,33,234,239,1440,223
TXO,202609F3,20260918.0,46050.0,Put,675,690,620,620,685.0,▼-65,▼-9.49%,8,5,13,19,680,690,935,349
TXO,202609F3,20260918.0,46100.0,Call,299,375,199,212,212.0,▼-167,▼-44.06%,27,30,57,55,160,780,1510,199
TXO,202609F3,20260918.0,46100.0,Put,755,775,600,775,720.0,▲+50,▲+6.90%,28,58,86,34,645,900,1030,366
TXO,202609F3,20260918.0,46150.0,Call,320,325,204,204,204.0,▼-160,▼-43.96%,3,18,21,27,188,655,1050,204
TXO,202609F3,20260918.0,46150.0,Put,735,745,735,745,745.0,▲+5,▲+0.68%,1,4,5,21,740,905,975,382
TXO,202609F3,20260918.0,46200.0,Call,298,299,195,201,201.0,▼-146,▼-42.07%,24,45,69,54,186,190,780,195
TXO,202609F3,20260918.0,46200.0,Put,770,775,760,775,775.0,▲+5,▲+0.65%,4,4,8,14,259,1360,975,400
TXO,202609F3,20260918.0,46250.0,Call,280,293,166,170,170.0,▼-145,▼-46.03%,7,20,27,25,155,625,695,166
TXO,202609F3,20260918.0,46250.0,Put,800,800,790,800,820.0,▼-15,▼-1.84%,2,8,10,19,695,1320,950,418
TXO,202609F3,20260918.0,46300.0,Call,269,284,148,150,150.0,▼-143,▼-48.81%,35,85,120,58,144,220,1290,148
TXO,202609F3,20260918.0,46300.0,Put,820,875,820,875,860.0,▲+30,▲+3.55%,2,4,6,19,760,1030,950,332
TXO,202609F3,20260918.0,46350.0,Call,251,251,149,149,149.0,▼-138,▼-48.08%,15,11,26,14,144,147,655,149
TXO,202609F3,20260918.0,46350.0,Put,855,855,855,855,895.0,▼-5,▼-0.58%,0,3,3,10,368,1070,1240,378
TXO,202609F3,20260918.0,46400.0,Call,201,214,123,123,123.0,▼-140,▼-53.23%,2,29,31,24,117,585,1420,123
TXO,202609F3,20260918.0,46400.0,Put,-,-,-,-,935.0,-,-,0,0,0,15,640,1510,910,364
TXO,202609F3,20260918.0,46450.0,Call,169,169,128,128,122.0,▼-126,▼-49.61%,7,8,15,13,121,124,1140,128
TXO,202609F3,20260918.0,46450.0,Put,-,-,-,-,970.0,-,-,0,0,0,12,680,1130,925,442
TXO,202609F3,20260918.0,46500.0,Call,214,225,108,109,109.0,▼-118,▼-51.98%,66,169,235,64,111,114,860,108
TXO,202609F3,20260918.0,46500.0,Put,980,1020,980,1020,1020.0,▲+45,▲+4.62%,1,2,3,8,565,1330,1220,435
TXO,202609F3,20260918.0,46550.0,Call,170,185,99,103,103.0,▼-108,▼-51.18%,16,20,36,28,101,104,1120,99
TXO,202609F3,20260918.0,46550.0,Put,-,-,-,-,1050.0,-,-,0,0,0,14,605,1370,850,466
TXO,202609F3,20260918.0,46600.0,Call,153,160,86,93,93.0,▼-105,▼-53.03%,35,87,122,72,92,95,1310,86
TXO,202609F3,20260918.0,46600.0,Put,980,980,980,980,1090.0,▼-70,▼-6.67%,0,2,2,10,645,1260,980,486
TXO,202609F3,20260918.0,46650.0,Call,168,168,82,82,82.0,▼-103,▼-55.68%,4,16,20,15,61,-,505,82
TXO,202609F3,20260918.0,46650.0,Put,-,-,-,-,1140.0,-,-,0,0,0,1,1050,-,655,540
TXO,202609F3,20260918.0,46700.0,Call,141,151,75,77,77.0,▼-98,▼-56.00%,22,35,57,44,70,111,1230,75
TXO,202609F3,20260918.0,46700.0,Put,-,-,-,-,1180.0,-,-,0,0,0,2,655,1340,1380,520
TXO,202609F3,20260918.0,46750.0,Call,120,120,95,104,71.0,▼-56,▼-35.00%,0,14,14,8,60,111,1250,95
TXO,202609F3,20260918.0,46750.0,Put,-,-,-,-,1220.0,-,-,0,0,0,1,5.8,1330,825,492
TXO,202609F3,20260918.0,46800.0,Call,104,110,61,64,64.0,▼-85,▼-57.05%,23,72,95,59,56,102,1190,61
TXO,202609F3,20260918.0,46800.0,Put,-,-,-,-,1260.0,-,-,0,0,0,2,705,1440,805,510
TXO,202609F3,20260918.0,46850.0,Call,108,127,86,90,59.0,▼-55,▼-37.93%,12,16,28,27,31.5,151,930,86
TXO,202609F3,20260918.0,46850.0,Put,-,-,-,-,1310.0,-,-,0,0,0,8,860,1770,745,498
TXO,202609F3,20260918.0,46900.0,Call,106,106,52,56,56.0,▼-70,▼-55.56%,21,30,51,19,40.5,505,1110,38.5
TXO,202609F3,20260918.0,46900.0,Put,-,-,-,-,1350.0,-,-,0,0,0,5,795,1670,1270,515
TXO,202609F3,20260918.0,46950.0,Call,105,116,50,50,50.0,▼-69,▼-57.98%,3,20,23,18,47.5,49,725,50
TXO,202609F3,20260918.0,46950.0,Put,-,-,-,-,1400.0,-,-,0,0,0,1,1260,1510,860,860
TXO,202609F3,20260918.0,47000.0,Call,78,105,42,44,44.0,▼-66,▼-60.00%,41,203,244,122,40,44.5,980,42
TXO,202609F3,20260918.0,47000.0,Put,1300,1460,1300,1460,1440.0,▲+100,▲+7.35%,0,3,3,4,1340,1510,1460,550
TXO,202609F3,20260918.0,47050.0,Call,90,90,43.5,43.5,40.0,▼-56.5,▼-56.50%,4,9,13,9,39.5,41,885,43.5
TXO,202609F3,20260918.0,47050.0,Put,-,-,-,-,1490.0,-,-,0,0,0,0,-,-,780,570
TXO,202609F3,20260918.0,47100.0,Call,70,75,36.5,36.5,36.5,▼-59.5,▼-61.98%,19,28,47,27,36,37,985,36.5
TXO,202609F3,20260918.0,47100.0,Put,-,-,-,-,1540.0,-,-,0,0,0,3,1080,1710,945,675
TXO,202609F3,20260918.0,47150.0,Call,61,61,34.5,34.5,34.5,▼-50.5,▼-59.41%,1,13,14,12,3.4,595,880,34.5
TXO,202609F3,20260918.0,47150.0,Put,-,-,-,-,1580.0,-,-,0,0,0,5,1130,1900,655,630
TXO,202609F3,20260918.0,47200.0,Call,65,70,31,31,31.0,▼-51,▼-62.20%,21,48,69,34,6.8,32,905,31
TXO,202609F3,20260918.0,47200.0,Put,-,-,-,-,1630.0,-,-,0,0,0,3,1100,1800,735,630
TXO,202609F3,20260918.0,47250.0,Call,67,67,29,29,29.0,▼-43,▼-59.72%,5,10,15,13,7.8,45,620,29
TXO,202609F3,20260918.0,47250.0,Put,-,-,-,-,1680.0,-,-,0,0,0,1,-,1780,650,650
TXO,202609F3,20260918.0,47300.0,Call,56,56,26.5,26.5,26.5,▼-41.5,▼-61.03%,33,22,55,28,16.5,47.5,810,26.5
TXO,202609F3,20260918.0,47300.0,Put,-,-,-,-,1730.0,-,-,0,0,0,1,-,-,760,660
TXO,202609F3,20260918.0,47350.0,Call,41,41,33,33,23.5,▼-27,▼-45.00%,1,3,4,12,6,40,264,33
TXO,202609F3,20260918.0,47350.0,Put,-,-,-,-,1770.0,-,-,0,0,0,1,-,-,785,785
TXO,202609F3,20260918.0,47400.0,Call,46.5,46.5,23,23,23.0,▼-32,▼-58.18%,16,10,26,14,21,22,815,23
TXO,202609F3,20260918.0,47400.0,Put,-,-,-,-,1820.0,-,-,0,0,0,4,1600,2280,1130,705
TXO,202609F3,20260918.0,47450.0,Call,44.5,44.5,27,27,19.5,▼-25,▼-48.08%,4,16,20,14,1.6,133,670,27
TXO,202609F3,20260918.0,47450.0,Put,-,-,-,-,1870.0,-,-,0,0,0,0,-,-,830,740
TXO,202609F3,20260918.0,47500.0,Call,40.5,44.5,18,18,18.0,▼-32,▼-64.00%,24,79,103,75,16,49,795,18
TXO,202609F3,20260918.0,47500.0,Put,-,-,-,-,1920.0,-,-,0,0,0,1,-,1930,1030,780
TXO,202609F3,20260918.0,47550.0,Call,32.5,32.5,26.5,26.5,16.5,▼-16,▼-37.65%,3,2,5,8,1,65,496,26.5
TXO,202609F3,20260918.0,47550.0,Put,-,-,-,-,1970.0,-,-,0,0,0,0,-,1980,-,-
TXO,202609F3,20260918.0,47600.0,Call,37.5,37.5,15.5,16,16.0,▼-23,▼-58.97%,4,34,38,29,10,44,600,15.5
TXO,202609F3,20260918.0,47600.0,Put,-,-,-,-,2020.0,-,-,0,0,0,1,2000,2030,1500,750
TXO,202609F3,20260918.0,47650.0,Call,30,30,19.5,19.5,14.0,▼-17.5,▼-47.30%,3,3,6,6,1.2,129,316,19.5
TXO,202609F3,20260918.0,47650.0,Put,-,-,-,-,2060.0,-,-,0,0,0,2,1990,2530,925,910
TXO,202609F3,20260918.0,47700.0,Call,16.5,19,12.5,12.5,12.5,▼-20.5,▼-62.12%,5,6,11,11,3.5,114,555,12.5
TXO,202609F3,20260918.0,47700.0,Put,-,-,-,-,2110.0,-,-,0,0,0,1,-,-,945,850
TXO,202609F3,20260918.0,47750.0,Call,27,27,12.5,12.5,12.5,▼-18,▼-59.02%,8,6,14,13,3.5,570,300,12.5
TXO,202609F3,20260918.0,47750.0,Put,-,-,-,-,2160.0,-,-,0,0,0,0,-,2210,-,-
TXO,202609F3,20260918.0,47800.0,Call,27.5,27.5,12,12,12.0,▼-17,▼-58.62%,29,47,76,73,2.7,24,600,12
TXO,202609F3,20260918.0,47800.0,Put,-,-,-,-,2210.0,-,-,0,0,0,1,-,2260,1000,925
TXO,202609F3,20260918.0,47850.0,Call,19,20,10.5,11.5,11.5,▼-14.5,▼-55.77%,1,14,15,9,10,100,142,10.5
TXO,202609F3,20260918.0,47850.0,Put,-,-,-,-,2260.0,-,-,0,0,0,0,-,-,-,-
TXO,202609F3,20260918.0,47900.0,Call,24.5,24.5,10,10,10.0,▼-13.5,▼-57.45%,4,18,22,22,2.3,132,600,10
TXO,202609F3,20260918.0,47900.0,Put,-,-,-,-,2310.0,-,-,0,0,0,1,-,2360,980,980
TXO,202609F3,20260918.0,47950.0,Call,21.5,21.5,21.5,21.5,9.2,0,0%,2,1,3,2,0.6,570,110,17
TXO,202609F3,20260918.0,47950.0,Put,-,-,-,-,2360.0,-,-,0,0,0,0,-,-,-,-
TXO,202609F3,20260918.0,48000.0,Call,21,22,8.9,9,9.0,▼-11.5,▼-56.10%,45,285,330,353,8.5,12,555,8.9
TXO,202609F3,20260918.0,48000.0,Put,-,-,-,-,2410.0,-,-,0,0,0,0,-,-,1940,970
TXO,202609F3,20260918.0,48050.0,Call,15,15,8,8,8.0,▼-11,▼-57.89%,1,17,18,9,7.8,8,18.5,8
TXO,202609F3,20260918.0,48050.0,Put,-,-,-,-,2460.0,-,-,0,0,0,0,-,-,-,-
TXO,202609F3,20260918.0,48100.0,Call,10.5,10.5,9.5,9.5,7.6,▼-8,▼-45.71%,2,3,5,5,7.2,8,208,9.5
TXO,202609F3,20260918.0,48100.0,Put,-,-,-,-,2510.0,-,-,0,0,0,0,-,2520,2000,1830
TXO,202609F3,20260918.0,48150.0,Call,-,-,-,-,7.2,-,-,1,0,1,1,6.9,7.6,205,13
TXO,202609F3,20260918.0,48150.0,Put,-,-,-,-,2560.0,-,-,0,0,0,0,-,2570,-,-
TXO,202609F3,20260918.0,48200.0,Call,14,14,10.5,10.5,6.8,▼-5.5,▼-34.38%,3,121,124,123,6.5,7.2,449,10.5
TXO,202609F3,20260918.0,48200.0,Put,-,-,-,-,2610.0,-,-,0,0,0,0,-,-,-,-
TXO,202609F3,20260918.0,48250.0,Call,10.5,10.5,9.8,9.8,6.2,▼-4.2,▼-30.00%,6,53,59,53,0.5,-,17,9.8
TXO,202609F3,20260918.0,48250.0,Put,-,-,-,-,2660.0,-,-,0,0,0,0,-,2670,-,-
TXO,202609F3,20260918.0,48300.0,Call,-,-,-,-,6.1,-,-,0,0,0,6,0.5,565,419,15
TXO,202609F3,20260918.0,48300.0,Put,-,-,-,-,2710.0,-,-,0,0,0,0,-,2760,-,-
TXO,202609F3,20260918.0,48350.0,Call,11,11,9.3,9.3,5.5,▼-3.7,▼-28.46%,100,57,157,150,1.6,-,58,9.3
TXO,202609F3,20260918.0,48350.0,Put,-,-,-,-,2750.0,-,-,0,0,0,0,-,-,-,-
TXO,202609F3,20260918.0,48400.0,Call,10.5,10.5,10,10,5.5,▼-1.5,▼-13.04%,151,2,153,155,1.5,8,407,10
TXO,202609F3,20260918.0,48400.0,Put,-,-,-,-,2800.0,-,-,0,0,0,0,-,-,2060,1280
TXO,202609F3,20260918.0,48450.0,Call,-,-,-,-,5.1,-,-,0,0,0,0,2.9,-,58,11.5
TXO,202609F3,20260918.0,48450.0,Put,-,-,-,-,2850.0,-,-,0,0,0,2,2760,3170,1510,1510
TXO,202609F3,20260918.0,48500.0,Call,12.5,12.5,4.7,5.2,4.7,▼-4.8,▼-48.00%,3,46,49,38,0.4,18,400,0.4
TXO,202609F3,20260918.0,48500.0,Put,-,-,-,-,2900.0,-,-,0,0,0,0,-,2960,2300,1360
TXO,202609F3,20260918.0,48550.0,Call,5.3,5.3,5.3,5.3,4.6,▼-4.6,▼-46.46%,0,1,1,1,0.3,-,5.3,5.3
TXO,202609F3,20260918.0,48550.0,Put,-,-,-,-,2950.0,-,-,0,0,0,0,-,-,-,-
TXO,202609F3,20260918.0,48600.0,Call,-,-,-,-,4.4,-,-,1,0,1,9,0.3,565,351,8.6
TXO,202609F3,20260918.0,48600.0,Put,-,-,-,-,3000.0,-,-,0,0,0,0,-,-,-,-
TXO,202609F3,20260918.0,48650.0,Call,-,-,-,-,4.2,-,-,0,0,0,5,0.3,565,38,9.9
TXO,202609F3,20260918.0,48650.0,Put,-,-,-,-,3050.0,-,-,0,0,0,0,-,-,-,-
TXO,202609F3,20260918.0,48700.0,Call,6.8,6.8,6,6,4.0,▼-2.5,▼-29.41%,4,6,10,6,3.8,4.2,306,6
TXO,202609F3,20260918.0,48700.0,Put,-,-,-,-,3100.0,-,-,0,0,0,0,-,-,-,-
TXO,202609F3,20260918.0,48800.0,Call,8.7,8.7,6,6,3.5,▼-1.6,▼-21.05%,10,5,15,23,1,109,300,6
TXO,202609F3,20260918.0,48800.0,Put,-,-,-,-,3200.0,-,-,0,0,0,0,-,-,-,-
TXO,202609F3,20260918.0,48900.0,Call,-,-,-,-,3.2,-,-,3,0,3,1,3,3.4,255,6.5
TXO,202609F3,20260918.0,48900.0,Put,-,-,-,-,3300.0,-,-,0,0,0,0,-,3350,-,-
TXO,202609F3,20260918.0,49000.0,Call,5.8,5.8,5,5,2.9,▼-1.7,▼-25.37%,3,24,27,40,2.7,3.1,260,5
TXO,202609F3,20260918.0,49000.0,Put,-,-,-,-,3400.0,-,-,0,0,0,0,-,3450,-,-
TXO,202609F3,20260918.0,49100.0,Call,4.9,5,4.3,4.3,2.7,▼-2,▼-31.75%,0,14,14,11,1.2,451,207,4.3
TXO,202609F3,20260918.0,49100.0,Put,-,-,-,-,3500.0,-,-,0,0,0,0,-,-,-,-
TXO,202609F3,20260918.0,49200.0,Call,5.3,5.3,4.3,4.3,2.5,▼-1.2,▼-21.82%,0,11,11,11,2.3,2.7,132,4.3
TXO,202609F3,20260918.0,49200.0,Put,-,-,-,-,3600.0,-,-,0,0,0,0,-,-,-,-
TXO,202609F3,20260918.0,49300.0,Call,-,-,-,-,2.2,-,-,0,0,0,3,0.2,4.4,171,5.4
TXO,202609F3,20260918.0,49300.0,Put,-,-,-,-,3700.0,-,-,0,0,0,0,-,3750,-,-
TXO,202609F3,20260918.0,49400.0,Call,-,-,-,-,2.0,-,-,0,0,0,0,1.8,2.2,156,13
TXO,202609F3,20260918.0,49400.0,Put,-,-,-,-,3800.0,-,-,0,0,0,0,-,-,-,-
TXO,202609F3,20260918.0,49500.0,Call,-,-,-,-,1.9,-,-,0,0,0,14,0.3,106,164,4.5
TXO,202609F3,20260918.0,49500.0,Put,-,-,-,-,3900.0,-,-,0,0,0,0,-,-,-,-
TXO,202609F3,20260918.0,49600.0,Call,4.1,4.1,3.5,3.5,1.7,▼-0.7,▼-16.67%,1,10,11,13,1.5,1.9,102,3.5
TXO,202609F3,20260918.0,49600.0,Put,-,-,-,-,4000.0,-,-,0,0,0,0,-,4050,-,-
TXO,202609F3,20260918.0,49700.0,Call,-,-,-,-,1.5,-,-,0,0,0,8,-,105,111,4.2
TXO,202609F3,20260918.0,49700.0,Put,-,-,-,-,4100.0,-,-,0,0,0,0,-,-,-,-
TXO,202609F3,20260918.0,49800.0,Call,-,-,-,-,1.4,-,-,0,0,0,4,1.3,1.6,79,10
TXO,202609F3,20260918.0,49800.0,Put,-,-,-,-,4200.0,-,-,0,0,0,0,-,4220,-,-
TXO,202609F3,20260918.0,49900.0,Call,3.5,3.5,3.5,3.5,1.3,▲+0.1,▲+2.94%,0,1,1,5,0.1,105,110,3.4
TXO,202609F3,20260918.0,49900.0,Put,-,-,-,-,4300.0,-,-,0,0,0,0,-,-,-,-
TXO,202609F3,20260918.0,50000.0,Call,3.3,3.3,1.1,1.1,1.1,▼-2.3,▼-67.65%,4,776,780,787,1,1.1,104,1.1
TXO,202609F3,20260918.0,50000.0,Put,-,-,-,-,4400.0,-,-,0,0,0,0,-,4450,-,-
TXO,202609F3,20260918.0,50100.0,Call,-,-,-,-,1.0,-,-,0,0,0,3,-,104,62,9
TXO,202609F3,20260918.0,50100.0,Put,-,-,-,-,4500.0,-,-,0,0,0,0,-,4550,-,-
TXO,202609F3,20260918.0,50200.0,Call,3,3,2.8,2.8,0.9,▼-0.3,▼-9.68%,0,2,2,2,0.8,1.1,3,2.8
TXO,202609F3,20260918.0,50200.0,Put,-,-,-,-,4600.0,-,-,0,0,0,0,-,4660,-,-
TXO,202609F3,20260918.0,50300.0,Call,-,-,-,-,0.8,-,-,0,0,0,11,0.7,1,75,6.5
TXO,202609F3,20260918.0,50300.0,Put,-,-,-,-,4700.0,-,-,0,0,0,0,-,-,-,-
TXO,202609F3,20260918.0,50400.0,Call,-,-,-,-,0.8,-,-,0,0,0,0,-,-,31,14.5
TXO,202609F3,20260918.0,50400.0,Put,-,-,-,-,4800.0,-,-,0,0,0,0,-,-,-,-
TXO,202609F3,20260918.0,50500.0,Call,-,-,-,-,0.7,-,-,1,0,1,19,-,104,41,3
TXO,202609F3,20260918.0,50500.0,Put,-,-,-,-,4900.0,-,-,0,0,0,0,-,4960,-,-
TXO,202609F3,20260918.0,50600.0,Call,2.1,2.1,2.1,2.1,0.6,▼-0.4,▼-16.00%,0,1,1,0,0.5,0.8,31.5,2.1
TXO,202609F3,20260918.0,50600.0,Put,-,-,-,-,5000.0,-,-,0,0,0,0,-,-,-,-
TXO,202609F3,20260918.0,50700.0,Call,2.2,2.2,2.2,2.2,0.6,▼-0.2,▼-8.33%,0,2,2,7,0.5,0.7,11.5,2.2
TXO,202609F3,20260918.0,50700.0,Put,-,-,-,-,5100.0,-,-,0,0,0,0,-,5160,-,-
TXO,202609F3,20260918.0,50800.0,Call,2,2.1,2,2.1,0.6,▼-0.2,▼-8.70%,0,6,6,5,0.5,2.3,32.5,2
TXO,202609F3,20260918.0,50800.0,Put,-,-,-,-,5200.0,-,-,0,0,0,0,-,5260,-,-
TXO,202609F3,20260918.0,50900.0,Call,1.9,1.9,1.9,1.9,0.5,▼-0.2,▼-9.52%,0,3,3,6,0.5,0.6,25,1.9
TXO,202609F3,20260918.0,50900.0,Put,-,-,-,-,5300.0,-,-,0,0,0,0,-,-,-,-
TXO,202609F3,20260918.0,51000.0,Call,1.8,1.8,1.8,1.8,0.5,▼-0.2,▼-10.00%,5,1,6,7,0.4,0.6,2.4,1.8
TXO,202609F3,20260918.0,51000.0,Put,-,-,-,-,5400.0,-,-,0,0,0,0,-,-,-,-
TXO,202609F3,20260918.0,51100.0,Call,1.6,1.7,1.6,1.7,0.4,▼-0.3,▼-15.00%,0,2,2,12,0.3,0.5,32.5,1.6
TXO,202609F3,20260918.0,51100.0,Put,-,-,-,-,5500.0,-,-,0,0,0,0,-,-,-,-
TXO,202609F3,20260918.0,51200.0,Call,-,-,-,-,0.4,-,-,0,0,0,1,-,103,3.9,3.9
TXO,202609F3,20260918.0,51200.0,Put,-,-,-,-,5600.0,-,-,0,0,0,0,-,5660,-,-
TXO,202609F3,20260918.0,51300.0,Call,-,-,-,-,0.4,-,-,0,0,0,13,-,565,30.5,2.2
TXO,202609F3,20260918.0,51300.0,Put,-,-,-,-,5700.0,-,-,0,0,0,0,-,-,-,-
TXO,202609F3,20260918.0,51400.0,Call,-,-,-,-,0.3,-,-,0,0,0,1,-,103,11,11
TXO,202609F3,20260918.0,51400.0,Put,-,-,-,-,5800.0,-,-,0,0,0,0,-,5860,-,-
TXO,202609F3,20260918.0,51500.0,Call,-,-,-,-,0.3,-,-,0,0,0,1,-,100,16,16
TXO,202609F3,20260918.0,51500.0,Put,-,-,-,-,5900.0,-,-,0,0,0,0,-,5960,-,-
TXO,202609F3,20260918.0,51600.0,Call,-,-,-,-,0.3,-,-,0,0,0,3,0.2,0.4,2.6,2.6
TXO,202609F3,20260918.0,51600.0,Put,-,-,-,-,6000.0,-,-,0,0,0,0,-,-,-,-
TXO,202609F3,20260918.0,51700.0,Call,-,-,-,-,0.2,-,-,0,0,0,1,-,-,1.4,1.4
TXO,202609F3,20260918.0,51700.0,Put,-,-,-,-,6100.0,-,-,0,0,0,0,-,6160,-,-
TXO,202609F3,20260918.0,51800.0,Call,-,-,-,-,0.2,-,-,0,0,0,0,0.1,0.3,-,-
TXO,202609F3,20260918.0,51800.0,Put,-,-,-,-,6200.0,-,-,0,0,0,0,-,-,-,-
TXO,202609F3,20260918.0,51900.0,Call,-,-,-,-,0.2,-,-,0,0,0,0,0.1,0.3,-,-
TXO,202609F3,20260918.0,51900.0,Put,-,-,-,-,6300.0,-,-,0,0,0,0,-,-,-,-
TXO,202609F3,20260918.0,52000.0,Call,0.3,0.3,0.3,0.3,0.2,▼-0.7,▼-70.00%,0,1,1,35,0.1,0.3,14.5,0.3
TXO,202609F3,20260918.0,52000.0,Put,-,-,-,-,6400.0,-,-,0,0,0,0,-,-,-,-
TXO,202609F3,20260918.0,52100.0,Call,-,-,-,-,0.2,-,-,8,0,8,15,0.1,0.3,16.5,1.1
TXO,202609F3,20260918.0,52100.0,Put,-,-,-,-,6500.0,-,-,0,0,0,0,6480,-,-,-
TXO,202609W4,20260923.0,41200.0,Call,-,-,-,-,4420.0,-,-,0,0,0,0,-,-,-,-
TXO,202609W4,20260923.0,41200.0,Put,34.5,37,30,35,35.0,▼-4,▼-10.26%,0,102,102,84,30,37,37,30
TXO,202609W4,20260923.0,41300.0,Call,-,-,-,-,4320.0,-,-,0,0,0,0,-,-,-,-
TXO,202609W4,20260923.0,41300.0,Put,33,33.5,33,33,38.0,▼-9,▼-21.43%,0,9,9,5,1.4,-,33.5,33
TXO,202609W4,20260923.0,41400.0,Call,-,-,-,-,4220.0,-,-,0,0,0,0,4170,-,-,-
TXO,202609W4,20260923.0,41400.0,Put,39,40,39,40,40.0,▼-5,▼-11.11%,0,3,3,2,0.4,-,40,39
TXO,202609W4,20260923.0,41500.0,Call,-,-,-,-,4130.0,-,-,0,0,0,0,4100,4140,-,-
TXO,202609W4,20260923.0,41500.0,Put,41,43.5,34.5,41,41.0,▼-7.5,▼-15.46%,77,183,260,235,39,45,58,34.5
TXO,202609W4,20260923.0,41600.0,Call,-,-,-,-,4030.0,-,-,0,0,0,0,0.2,-,-,-
TXO,202609W4,20260923.0,41600.0,Put,39.5,39.5,38.5,38.5,44.0,▼-12.5,▼-24.51%,1,2,3,1,1.2,-,52,38.5
TXO,202609W4,20260923.0,41700.0,Call,-,-,-,-,3930.0,-,-,0,0,0,0,0.2,-,-,-
TXO,202609W4,20260923.0,41700.0,Put,45.5,47.5,38.5,45,45.0,▼-8,▼-15.09%,7,173,180,237,43,50,63,38.5
TXO,202609W4,20260923.0,41800.0,Call,-,-,-,-,3830.0,-,-,0,0,0,0,3810,-,-,-
TXO,202609W4,20260923.0,41800.0,Put,-,-,-,-,46.5,-,-,10,0,10,1,45,46.5,66,55
TXO,202609W4,20260923.0,41900.0,Call,-,-,-,-,3730.0,-,-,0,0,0,0,3710,-,-,-
TXO,202609W4,20260923.0,41900.0,Put,52,52,52,52,52.0,▼-7,▼-11.86%,1,1,2,6,8.5,149,66,52
TXO,202609W4,20260923.0,42000.0,Call,-,-,-,-,3640.0,-,-,0,0,0,0,3620,3650,-,-
TXO,202609W4,20260923.0,42000.0,Put,48,54,46,54,54.0,▼-9,▼-14.29%,13,34,47,73,1.5,995,76,46
TXO,202609W4,20260923.0,42100.0,Call,-,-,-,-,3540.0,-,-,0,0,0,0,3490,-,-,-
TXO,202609W4,20260923.0,42100.0,Put,54,54,54,54,54.0,▼-11,▼-16.92%,0,5,5,0,25,-,73,54
TXO,202609W4,20260923.0,42200.0,Call,-,-,-,-,3440.0,-,-,0,0,0,0,3420,-,-,-
TXO,202609W4,20260923.0,42200.0,Put,55,60,51,60,60.0,▼-9,▼-13.04%,31,25,56,120,56,57,86,36
TXO,202609W4,20260923.0,42300.0,Call,-,-,-,-,3350.0,-,-,0,0,0,0,3300,-,-,-
TXO,202609W4,20260923.0,42300.0,Put,60,63,56,63,63.0,▼-10,▼-13.70%,4,28,32,341,1.5,90,97,37
TXO,202609W4,20260923.0,42400.0,Call,-,-,-,-,3250.0,-,-,0,0,0,0,0.2,-,-,-
TXO,202609W4,20260923.0,42400.0,Put,62,62,62,62,67.0,▼-15,▼-19.48%,6,1,7,3,0.6,-,90,44.5
TXO,202609W4,20260923.0,42500.0,Call,-,-,-,-,3150.0,-,-,0,0,0,0,0.2,-,-,-
TXO,202609W4,20260923.0,42500.0,Put,70,73,59,73,73.0,▼-9,▼-10.98%,3,87,90,119,0.6,85,105,42.5
TXO,202609W4,20260923.0,42600.0,Call,-,-,-,-,3060.0,-,-,0,0,0,0,3040,3070,-,-
TXO,202609W4,20260923.0,42600.0,Put,75,77,63,66,75.0,▼-21,▼-24.14%,7,13,20,21,40,-,120,47.5
TXO,202609W4,20260923.0,42700.0,Call,-,-,-,-,2960.0,-,-,0,0,0,0,0.2,-,-,-
TXO,202609W4,20260923.0,42700.0,Put,73,82,72,82,82.0,▼-11,▼-11.83%,1,7,8,22,8.3,178,117,51
TXO,202609W4,20260923.0,42800.0,Call,-,-,-,-,2870.0,-,-,0,0,0,0,0.2,-,-,-
TXO,202609W4,20260923.0,42800.0,Put,85,85,85,85,85.0,▼-13,▼-13.27%,2,1,3,25,2.2,183,130,57
TXO,202609W4,20260923.0,42900.0,Call,-,-,-,-,2770.0,-,-,0,0,0,0,0.2,-,-,-
TXO,202609W4,20260923.0,42900.0,Put,79,86,79,86,86.0,▼-17,▼-16.50%,1,2,3,22,22,-,153,60
TXO,202609W4,20260923.0,43000.0,Call,-,-,-,-,2680.0,-,-,0,0,0,0,0.2,-,-,-
TXO,202609W4,20260923.0,43000.0,Put,100,101,81,93,93.0,▼-18,▼-16.22%,12,26,38,107,60,102,149,58
TXO,202609W4,20260923.0,43100.0,Call,-,-,-,-,2590.0,-,-,0,0,0,0,2570,-,-,-
TXO,202609W4,20260923.0,43100.0,Put,93,100,90,100,100.0,▼-19,▼-15.97%,0,12,12,20,81,188,100,69
TXO,202609W4,20260923.0,43200.0,Call,-,-,-,-,2490.0,-,-,0,0,0,0,2470,-,-,-
TXO,202609W4,20260923.0,43200.0,Put,110,110,96,101,110.0,▼-26,▼-20.47%,1,26,27,18,78,201,160,76
TXO,202609W4,20260923.0,43300.0,Call,-,-,-,-,2400.0,-,-,0,0,0,0,2350,-,-,-
TXO,202609W4,20260923.0,43300.0,Put,111,111,99,99,118.0,▼-39,▼-28.26%,2,4,6,9,34.5,-,176,67
TXO,202609W4,20260923.0,43400.0,Call,-,-,-,-,2310.0,-,-,0,0,0,0,0.2,-,-,-
TXO,202609W4,20260923.0,43400.0,Put,121,123,110,123,123.0,▼-16,▼-11.51%,5,4,9,7,118,121,193,72
TXO,202609W4,20260923.0,43500.0,Call,2410,2410,2410,2410,2220.0,0,0%,0,1,1,1,2,-,2410,2410
TXO,202609W4,20260923.0,43500.0,Put,135,147,100,137,137.0,▼-20,▼-12.74%,28,71,99,64,110,160,210,81
TXO,202609W4,20260923.0,43600.0,Call,-,-,-,-,2130.0,-,-,1,0,1,1,2,2190,2100,2100
TXO,202609W4,20260923.0,43600.0,Put,143,143,125,128,142.0,▼-37,▼-22.42%,5,4,9,8,137,142,209,91
TXO,202609W4,20260923.0,43700.0,Call,-,-,-,-,2040.0,-,-,0,0,0,0,1720,-,-,-
TXO,202609W4,20260923.0,43700.0,Put,149,149,133,139,158.0,▼-29,▼-17.26%,0,3,3,10,28.5,229,207,87
TXO,202609W4,20260923.0,43800.0,Call,-,-,-,-,1950.0,-,-,1,0,1,1,1900,2040,1920,1920
TXO,202609W4,20260923.0,43800.0,Put,-,-,-,-,164.0,-,-,5,0,5,15,159,164,279,95
TXO,202609W4,20260923.0,43900.0,Call,-,-,-,-,1870.0,-,-,0,0,0,0,1540,2100,-,-
TXO,202609W4,20260923.0,43900.0,Put,158,178,158,178,178.0,▼-26,▼-12.75%,3,4,7,11,172,177,290,132
TXO,202609W4,20260923.0,44000.0,Call,-,-,-,-,1780.0,-,-,1,0,1,1,995,1850,1740,1740
TXO,202609W4,20260923.0,44000.0,Put,197,216,165,195,195.0,▼-28,▼-12.56%,255,221,476,284,185,190,312,99
TXO,202609W4,20260923.0,44100.0,Call,-,-,-,-,1700.0,-,-,0,0,0,0,1650,-,-,-
TXO,202609W4,20260923.0,44100.0,Put,210,210,210,210,210.0,▼-18,▼-7.89%,0,1,1,2,54,-,330,113
TXO,202609W4,20260923.0,44200.0,Call,-,-,-,-,1620.0,-,-,1,0,1,1,995,1620,1570,1570
TXO,202609W4,20260923.0,44200.0,Put,245,245,200,200,222.0,▼-29,▼-12.66%,3,10,13,9,217,222,330,133
TXO,202609W4,20260923.0,44300.0,Call,-,-,-,-,1530.0,-,-,0,0,0,0,995,-,-,-
TXO,202609W4,20260923.0,44300.0,Put,228,255,228,252,252.0,▲+2,▲+0.80%,1,40,41,53,155,-,280,120
TXO,202609W4,20260923.0,44400.0,Call,-,-,-,-,1450.0,-,-,1,0,1,1,995,1550,2130,1440
TXO,202609W4,20260923.0,44400.0,Put,274,274,230,262,262.0,▼-30,▼-10.27%,3,13,16,14,3.3,-,365,144
TXO,202609W4,20260923.0,44500.0,Call,-,-,-,-,1380.0,-,-,0,0,0,0,1050,-,-,-
TXO,202609W4,20260923.0,44500.0,Put,236,306,236,305,291.0,▼-8,▼-2.56%,2,23,25,26,150,-,437,135
TXO,202609W4,20260923.0,44550.0,Call,-,-,-,-,1340.0,-,-,0,0,0,0,1280,-,-,-
TXO,202609W4,20260923.0,44550.0,Put,271,271,271,271,302.0,▼-43,▼-13.69%,0,5,5,0,285,290,271,271
TXO,202609W4,20260923.0,44600.0,Call,-,-,-,-,1300.0,-,-,1,0,1,1,1210,-,2050,1320
TXO,202609W4,20260923.0,44600.0,Put,296,315,262,315,315.0,0,0%,5,19,24,11,297,302,445,147
TXO,202609W4,20260923.0,44650.0,Call,-,-,-,-,1260.0,-,-,0,0,0,0,0.2,1260,-,-
TXO,202609W4,20260923.0,44650.0,Put,300,300,300,300,328.0,▼-28,▼-8.54%,0,1,1,1,310,314,300,300
TXO,202609W4,20260923.0,44700.0,Call,-,-,-,-,1220.0,-,-,0,0,0,0,0.2,-,-,-
TXO,202609W4,20260923.0,44700.0,Put,305,305,300,303,340.0,▼-41,▼-11.92%,0,7,7,9,3.8,457,499,180
TXO,202609W4,20260923.0,44750.0,Call,-,-,-,-,1180.0,-,-,0,0,0,0,1160,1180,-,-
TXO,202609W4,20260923.0,44750.0,Put,-,-,-,-,353.0,-,-,0,0,0,0,204,-,-,-
TXO,202609W4,20260923.0,44800.0,Call,-,-,-,-,1150.0,-,-,1,0,1,1,0.2,-,1210,1210
TXO,202609W4,20260923.0,44800.0,Put,369,380,309,380,380.0,▲+7,▲+1.88%,2,13,15,12,348,353,510,12
TXO,202609W4,20260923.0,44850.0,Call,-,-,-,-,1110.0,-,-,0,0,0,0,1090,1110,-,-
TXO,202609W4,20260923.0,44850.0,Put,-,-,-,-,383.0,-,-,0,0,0,0,234,-,-,-
TXO,202609W4,20260923.0,44900.0,Call,1190,1190,1190,1190,1070.0,▼-70,▼-5.56%,0,4,4,4,1060,1070,1190,1190
TXO,202609W4,20260923.0,44900.0,Put,394,394,346,350,397.0,▼-64,▼-15.46%,0,8,8,14,376,381,510,174
TXO,202609W4,20260923.0,44950.0,Call,1180,1180,1140,1140,1050.0,▼-90,▼-7.32%,0,3,3,3,890,-,1180,1140
TXO,202609W4,20260923.0,44950.0,Put,401,401,368,368,413.0,▼-60,▼-14.02%,0,14,14,13,391,397,401,368
TXO,202609W4,20260923.0,45000.0,Call,1150,1150,1000,1000,1000.0,▼-190,▼-15.97%,133,5,138,5,990,1000,1150,940
TXO,202609W4,20260923.0,45000.0,Put,417,447,360,420,420.0,▼-25,▼-5.62%,16,51,67,119,355,-,630,210
TXO,202609W4,20260923.0,45050.0,Call,-,-,-,-,980.0,-,-,0,0,0,0,0.2,-,-,-
TXO,202609W4,20260923.0,45050.0,Put,399,401,399,401,446.0,▼-58,▼-12.64%,2,7,9,2,306,-,560,399
TXO,202609W4,20260923.0,45100.0,Call,1080,1080,925,975,950.0,▼-155,▼-13.72%,0,7,7,5,800,-,1080,925
TXO,202609W4,20260923.0,45100.0,Put,449,449,391,412,463.0,▼-62,▼-13.08%,12,6,18,25,368,-,620,248
TXO,202609W4,20260923.0,45150.0,Call,1000,1000,1000,1000,915.0,▼-100,▼-9.09%,0,1,1,1,590,-,1000,1000
TXO,202609W4,20260923.0,45150.0,Put,441,441,441,441,481.0,▼-51,▼-10.37%,0,1,1,1,5.2,-,441,441
TXO,202609W4,20260923.0,45200.0,Call,1010,1010,975,1000,870.0,▼-70,▼-6.54%,1,6,7,6,855,870,1010,975
TXO,202609W4,20260923.0,45200.0,Put,484,484,422,457,500.0,▼-53,▼-10.39%,1,8,9,26,415,-,680,205
TXO,202609W4,20260923.0,45250.0,Call,985,985,985,985,855.0,▼-55,▼-5.29%,0,5,5,5,655,-,985,985
TXO,202609W4,20260923.0,45250.0,Put,496,496,496,496,520.0,▼-34,▼-6.42%,0,5,5,5,7,-,496,496
TXO,202609W4,20260923.0,45300.0,Call,905,935,860,860,805.0,▼-150,▼-14.85%,0,4,4,3,795,805,1350,860
TXO,202609W4,20260923.0,45300.0,Put,525,535,455,535,535.0,▼-15,▼-2.73%,1,10,11,35,510,520,625,259
TXO,202609W4,20260923.0,45350.0,Call,905,905,830,830,795.0,▼-150,▼-15.31%,0,4,4,3,10,-,905,830
TXO,202609W4,20260923.0,45350.0,Put,540,565,472,565,565.0,▼-5,▼-0.88%,0,5,5,3,452,650,565,472
TXO,202609W4,20260923.0,45400.0,Call,890,890,735,735,745.0,▼-215,▼-22.63%,1,5,6,5,735,745,1180,735
TXO,202609W4,20260923.0,45400.0,Put,555,570,490,570,570.0,▼-20,▼-3.39%,5,23,28,61,550,560,780,242
TXO,202609W4,20260923.0,45450.0,Call,860,860,795,795,715.0,▼-125,▼-13.59%,0,11,11,10,705,715,860,795
TXO,202609W4,20260923.0,45450.0,Put,570,580,510,510,600.0,▼-100,▼-16.39%,2,9,11,9,484,-,680,510
TXO,202609W4,20260923.0,45500.0,Call,805,805,675,675,675.0,▼-210,▼-23.73%,1,12,13,10,675,685,805,675
TXO,202609W4,20260923.0,45500.0,Put,605,615,510,610,610.0,▼-20,▼-3.17%,6,17,23,77,590,600,795,250
TXO,202609W4,20260923.0,45550.0,Call,800,800,765,765,655.0,▼-95,▼-11.05%,0,4,4,4,650,660,800,765
TXO,202609W4,20260923.0,45550.0,Put,625,625,570,595,620.0,▼-55,▼-8.46%,2,9,11,8,555,-,850,490
TXO,202609W4,20260923.0,45600.0,Call,785,785,630,630,630.0,▼-200,▼-24.10%,11,9,20,10,494,785,1290,630
TXO,202609W4,20260923.0,45600.0,Put,640,660,550,645,625.0,▼-25,▼-3.73%,7,8,15,11,550,-,810,278
TXO,202609W4,20260923.0,45650.0,Call,720,720,640,640,580.0,▼-160,▼-20.00%,7,5,12,7,493,-,720,620
TXO,202609W4,20260923.0,45650.0,Put,630,630,625,625,635.0,▼-65,▼-9.42%,3,4,7,4,7,775,770,625
TXO,202609W4,20260923.0,45700.0,Call,690,690,590,590,570.0,▼-185,▼-23.87%,7,4,11,5,570,580,1230,565
TXO,202609W4,20260923.0,45700.0,Put,695,695,645,645,645.0,▼-70,▼-9.79%,3,3,6,39,680,695,780,393
TXO,202609W4,20260923.0,45750.0,Call,690,690,525,525,525.0,▼-230,▼-30.46%,5,15,20,9,50,630,755,525
TXO,202609W4,20260923.0,45750.0,Put,700,730,675,730,690.0,▼-5,▼-0.68%,0,8,8,6,620,865,730,427
TXO,202609W4,20260923.0,45800.0,Call,660,680,490,505,505.0,▼-215,▼-29.86%,4,22,26,20,405,-,1070,490
TXO,202609W4,20260923.0,45800.0,Put,740,740,660,740,710.0,▼-20,▼-2.63%,3,12,15,15,645,-,835,315
TXO,202609W4,20260923.0,45850.0,Call,635,635,590,590,475.0,▼-100,▼-14.49%,0,4,4,4,364,-,635,590
TXO,202609W4,20260923.0,45850.0,Put,755,760,680,700,755.0,▼-85,▼-10.83%,1,10,11,8,755,770,990,373
TXO,202609W4,20260923.0,45900.0,Call,605,605,440,440,440.0,▼-225,▼-33.83%,12,7,19,10,50,-,760,440
TXO,202609W4,20260923.0,45900.0,Put,700,740,700,740,765.0,▼-65,▼-8.07%,2,3,5,8,640,-,970,384
TXO,202609W4,20260923.0,45950.0,Call,585,585,505,505,428.0,▼-135,▼-21.09%,3,4,7,10,448,454,640,473
TXO,202609W4,20260923.0,45950.0,Put,805,835,725,835,795.0,▲+5,▲+0.60%,0,3,3,8,6.6,955,835,397
TXO,202609W4,20260923.0,46000.0,Call,498,590,399,399,399.0,▼-216,▼-35.12%,28,52,80,55,426,432,1140,399
TXO,202609W4,20260923.0,46000.0,Put,740,880,740,860,820.0,▲+5,▲+0.58%,1,14,15,31,6,2000,1000,343
TXO,202609W4,20260923.0,46050.0,Call,525,530,403,403,385.0,▼-187,▼-31.69%,1,10,11,8,404,410,1520,403
TXO,202609W4,20260923.0,46050.0,Put,865,865,775,825,865.0,▼-60,▼-6.78%,0,8,8,28,865,880,865,510
TXO,202609W4,20260923.0,46100.0,Call,486,486,386,386,365.0,▼-184,▼-32.28%,3,5,8,6,267,393,1750,386
TXO,202609W4,20260923.0,46100.0,Put,795,795,795,795,895.0,▼-115,▼-12.64%,0,2,2,2,895,905,795,795
TXO,202609W4,20260923.0,46150.0,Call,474,474,459,459,363.0,▼-81,▼-15.00%,0,5,5,7,363,369,850,459
TXO,202609W4,20260923.0,46150.0,Put,925,925,830,830,925.0,▼-105,▼-11.23%,0,5,5,11,925,935,930,450
TXO,202609W4,20260923.0,46200.0,Call,453,490,335,336,336.0,▼-184,▼-35.38%,9,18,27,15,344,350,1700,335
TXO,202609W4,20260923.0,46200.0,Put,915,970,875,970,940.0,▲+5,▲+0.52%,4,6,10,4,6.6,-,1180,600
TXO,202609W4,20260923.0,46250.0,Call,443,443,335,335,325.0,▼-163,▼-32.73%,1,6,7,4,325,331,885,335
TXO,202609W4,20260923.0,46250.0,Put,980,980,885,885,985.0,▼-105,▼-10.61%,2,3,5,3,985,1000,1260,840
TXO,202609W4,20260923.0,46300.0,Call,385,385,300,300,300.0,▼-177,▼-37.11%,12,6,18,15,307,313,1600,300
TXO,202609W4,20260923.0,46300.0,Put,-,-,-,-,1020.0,-,-,0,0,0,7,1020,1040,950,555
TXO,202609W4,20260923.0,46350.0,Call,401,401,337,337,275.0,▼-119,▼-26.10%,1,2,3,1,119,380,675,332
TXO,202609W4,20260923.0,46350.0,Put,-,-,-,-,1050.0,-,-,0,0,0,5,1050,1070,1020,443
TXO,202609W4,20260923.0,46400.0,Call,340,360,321,321,259.0,▼-115,▼-26.38%,1,4,5,2,191,-,1080,321
TXO,202609W4,20260923.0,46400.0,Put,-,-,-,-,1070.0,-,-,6,0,6,1,5.5,1240,1250,950
TXO,202609W4,20260923.0,46450.0,Call,-,-,-,-,258.0,-,-,6,0,6,2,258,262,410,325
TXO,202609W4,20260923.0,46450.0,Put,-,-,-,-,1110.0,-,-,0,0,0,2,6.6,1160,1110,1110
TXO,202609W4,20260923.0,46500.0,Call,340,389,228,228,228.0,▼-169,▼-42.57%,14,59,73,46,233,436,985,228
TXO,202609W4,20260923.0,46500.0,Put,300,1200,300,1200,1140.0,▲+50,▲+4.35%,0,2,2,7,865,1320,1200,300
TXO,202609W4,20260923.0,46550.0,Call,345,345,345,345,216.0,▼-35,▼-9.21%,1,1,2,10,90,-,775,310
TXO,202609W4,20260923.0,46550.0,Put,-,-,-,-,1180.0,-,-,0,0,0,6,1130,1230,575,530
TXO,202609W4,20260923.0,46600.0,Call,213,218,205,213,213.0,▼-148,▼-41.00%,2,30,32,32,216,476,950,205
TXO,202609W4,20260923.0,46600.0,Put,-,-,-,-,1220.0,-,-,5,0,5,5,1140,-,1350,585
TXO,202609W4,20260923.0,46650.0,Call,330,330,200,200,200.0,▼-145,▼-42.03%,1,10,11,11,105,330,720,200
TXO,202609W4,20260923.0,46650.0,Put,-,-,-,-,1250.0,-,-,0,0,0,6,1180,-,610,565
TXO,202609W4,20260923.0,46700.0,Call,267,267,203,203,179.0,▼-124,▼-37.92%,0,7,7,12,74,321,895,203
TXO,202609W4,20260923.0,46700.0,Put,-,-,-,-,1290.0,-,-,6,0,6,6,-,-,1550,630
TXO,202609W4,20260923.0,46750.0,Call,-,-,-,-,167.0,-,-,0,0,0,15,6,292,840,305
TXO,202609W4,20260923.0,46750.0,Put,-,-,-,-,1330.0,-,-,0,0,0,10,-,1380,840,645
TXO,202609W4,20260923.0,46800.0,Call,266,266,181,181,165.0,▼-121,▼-40.07%,13,23,36,29,165,169,825,181
TXO,202609W4,20260923.0,46800.0,Put,-,-,-,-,1370.0,-,-,2,0,2,20,-,-,1620,665
TXO,202609W4,20260923.0,46850.0,Call,-,-,-,-,153.0,-,-,0,0,0,10,153,158,800,221
TXO,202609W4,20260923.0,46850.0,Put,-,-,-,-,1410.0,-,-,0,0,0,5,1350,1440,685,685
TXO,202609W4,20260923.0,46900.0,Call,225,250,158,160,135.0,▼-107,▼-40.07%,7,665,672,675,54,280,850,158
TXO,202609W4,20260923.0,46900.0,Put,-,-,-,-,1450.0,-,-,0,0,0,8,1370,1480,1350,705
TXO,202609W4,20260923.0,46950.0,Call,177,177,130,130,130.0,▼-124,▼-48.82%,1,7,8,6,5,255,575,130
TXO,202609W4,20260923.0,46950.0,Put,-,-,-,-,1490.0,-,-,0,0,0,6,1490,-,725,650
TXO,202609W4,20260923.0,47000.0,Call,187,220,122,128,118.0,▼-110,▼-46.22%,16,39,55,64,37,200,1190,122
TXO,202609W4,20260923.0,47000.0,Put,-,-,-,-,1530.0,-,-,2,0,2,5,1460,-,1710,640
TXO,202609W4,20260923.0,47050.0,Call,-,-,-,-,111.0,-,-,3,0,3,5,96,165,530,150
TXO,202609W4,20260923.0,47050.0,Put,-,-,-,-,1570.0,-,-,0,0,0,0,-,-,-,-
TXO,202609W4,20260923.0,47100.0,Call,175,175,111,112,103.0,▼-104,▼-48.15%,5,3,8,8,20,251,690,111
TXO,202609W4,20260923.0,47100.0,Put,-,-,-,-,1620.0,-,-,0,0,0,1,-,-,1360,1020
TXO,202609W4,20260923.0,47150.0,Call,-,-,-,-,100.0,-,-,0,0,0,5,9,-,487,252
TXO,202609W4,20260923.0,47150.0,Put,-,-,-,-,1660.0,-,-,0,0,0,5,1590,-,810,810
TXO,202609W4,20260923.0,47200.0,Call,135,139,97,97,97.0,▼-103,▼-51.50%,0,23,23,24,96,-,890,97
TXO,202609W4,20260923.0,47200.0,Put,1640,1640,1640,1640,1700.0,0,0%,0,1,1,6,1630,1750,1640,835
TXO,202609W4,20260923.0,47250.0,Call,-,-,-,-,84.0,-,-,2,0,2,2,5,-,915,165
TXO,202609W4,20260923.0,47250.0,Put,-,-,-,-,1750.0,-,-,0,0,0,5,1690,1800,1020,855
TXO,202609W4,20260923.0,47300.0,Call,144,144,86,86,78.0,▼-91,▼-51.41%,0,13,13,11,8,198,910,86
TXO,202609W4,20260923.0,47300.0,Put,-,-,-,-,1790.0,-,-,0,0,0,2,-,-,995,740
TXO,202609W4,20260923.0,47350.0,Call,-,-,-,-,77.0,-,-,1,0,1,6,77,80,900,133
TXO,202609W4,20260923.0,47350.0,Put,-,-,-,-,1840.0,-,-,0,0,0,5,1740,1890,905,765
TXO,202609W4,20260923.0,47400.0,Call,130,131,69,69,69.0,▼-91,▼-56.88%,1,25,26,15,72,75,910,69
TXO,202609W4,20260923.0,47400.0,Put,-,-,-,-,1880.0,-,-,0,0,0,0,-,1900,-,-
TXO,202609W4,20260923.0,47450.0,Call,-,-,-,-,67.0,-,-,0,0,0,0,67,70,-,-
TXO,202609W4,20260923.0,47450.0,Put,-,-,-,-,1930.0,-,-,0,0,0,0,-,1980,-,-
TXO,202609W4,20260923.0,47500.0,Call,113,123,65,65,63.0,▼-72,▼-52.55%,10,94,104,62,63,65,328,65
TXO,202609W4,20260923.0,47500.0,Put,-,-,-,-,1970.0,-,-,0,0,0,0,-,1990,1400,1300
TXO,202609W4,20260923.0,47550.0,Call,110,110,59,59,59.0,▼-72,▼-54.96%,0,2,2,1,59,61,131,59
TXO,202609W4,20260923.0,47550.0,Put,-,-,-,-,2020.0,-,-,0,0,0,0,-,-,-,-
TXO,202609W4,20260923.0,47600.0,Call,100,100,59,59,55.0,▼-62,▼-51.24%,8,3,11,6,55,57,333,59
TXO,202609W4,20260923.0,47600.0,Put,-,-,-,-,2070.0,-,-,0,0,0,0,-,-,-,-
TXO,202609W4,20260923.0,47650.0,Call,69,69,52,52,50.0,▼-61,▼-53.98%,1,3,4,2,3,-,319,52
TXO,202609W4,20260923.0,47650.0,Put,-,-,-,-,2110.0,-,-,0,0,0,0,-,2170,-,-
TXO,202609W4,20260923.0,47700.0,Call,55,55,47.5,47.5,47.5,▼-60.5,▼-56.02%,6,2,8,4,48,49.5,127,47.5
TXO,202609W4,20260923.0,47700.0,Put,-,-,-,-,2160.0,-,-,0,0,0,0,-,-,-,-
TXO,202609W4,20260923.0,47750.0,Call,54,54,54,54,45.0,▼-48,▼-47.06%,0,1,1,2,3,191,410,54
TXO,202609W4,20260923.0,47750.0,Put,-,-,-,-,2210.0,-,-,0,0,0,0,-,-,-,-
TXO,202609W4,20260923.0,47800.0,Call,78,87,42,42,42.0,▼-55,▼-56.70%,0,24,24,13,3,-,400,42
TXO,202609W4,20260923.0,47800.0,Put,-,-,-,-,2250.0,-,-,0,0,0,0,-,-,-,-
TXO,202609W4,20260923.0,47850.0,Call,40.5,40.5,40.5,40.5,36.5,▼-49.5,▼-55.00%,0,2,2,2,39.5,40.5,555,40.5
TXO,202609W4,20260923.0,47850.0,Put,-,-,-,-,2300.0,-,-,0,0,0,0,-,2350,-,-
TXO,202609W4,20260923.0,47900.0,Call,75,82,39,39,34.5,▼-46,▼-54.12%,2,30,32,22,37,38.5,535,39
TXO,202609W4,20260923.0,47900.0,Put,-,-,-,-,2350.0,-,-,0,0,0,0,-,-,-,-
TXO,202609W4,20260923.0,47950.0,Call,-,-,-,-,32.5,-,-,0,0,0,1,3,-,214,214
TXO,202609W4,20260923.0,47950.0,Put,-,-,-,-,2400.0,-,-,0,0,0,0,-,-,-,-
TXO,202609W4,20260923.0,48000.0,Call,59,68,31.5,31.5,31.5,▼-42.5,▼-57.43%,34,74,108,118,33,34,605,31.5
TXO,202609W4,20260923.0,48000.0,Put,-,-,-,-,2440.0,-,-,0,0,0,0,-,-,-,-
TXO,202609W4,20260923.0,48050.0,Call,-,-,-,-,28.5,-,-,0,0,0,3,3,-,142,78
TXO,202609W4,20260923.0,48050.0,Put,-,-,-,-,2490.0,-,-,0,0,0,0,-,2510,-,-
TXO,202609W4,20260923.0,48100.0,Call,33.5,33.5,33.5,33.5,27.0,▼-32.5,▼-49.24%,4,1,5,4,2,-,394,33.5
TXO,202609W4,20260923.0,48100.0,Put,-,-,-,-,2540.0,-,-,0,0,0,0,2,-,-,-
TXO,202609W4,20260923.0,48150.0,Call,-,-,-,-,25.5,-,-,0,0,0,1,27.5,28.5,590,133
TXO,202609W4,20260923.0,48150.0,Put,-,-,-,-,2590.0,-,-,0,0,0,0,-,-,-,-
TXO,202609W4,20260923.0,48200.0,Call,35.5,35.5,30.5,30.5,24.0,▼-28.5,▼-48.31%,0,6,6,55,2,76,461,30.5
TXO,202609W4,20260923.0,48200.0,Put,-,-,-,-,2640.0,-,-,0,0,0,0,2,-,-,-
TXO,202609W4,20260923.0,48250.0,Call,26.5,26.5,24,24,24.0,▼-31,▼-56.36%,1,2,3,6,2,-,475,24
TXO,202609W4,20260923.0,48250.0,Put,-,-,-,-,2690.0,-,-,0,0,0,0,-,-,-,-
TXO,202609W4,20260923.0,48300.0,Call,46,46,25.5,27,21.5,▼-25,▼-48.08%,10,12,22,13,18,66,159,25.5
TXO,202609W4,20260923.0,48300.0,Put,-,-,-,-,2740.0,-,-,0,0,0,0,2,2750,-,-
TXO,202609W4,20260923.0,48350.0,Call,25.5,25.5,25.5,25.5,20.5,▼-23.5,▼-47.96%,0,1,1,29,22,23,450,25.5
TXO,202609W4,20260923.0,48350.0,Put,-,-,-,-,2780.0,-,-,0,0,0,0,-,-,-,-
TXO,202609W4,20260923.0,48400.0,Call,-,-,-,-,19.5,-,-,6,0,6,10,2,140,425,34
TXO,202609W4,20260923.0,48400.0,Put,-,-,-,-,2830.0,-,-,0,0,0,0,-,-,-,-
TXO,202609W4,20260923.0,48450.0,Call,-,-,-,-,18.5,-,-,0,0,0,5,2,-,450,52
TXO,202609W4,20260923.0,48450.0,Put,-,-,-,-,2880.0,-,-,0,0,0,0,-,-,-,-
TXO,202609W4,20260923.0,48500.0,Call,37,37,22,22,17.5,▼-19.5,▼-46.99%,8,44,52,87,19,20,441,22
TXO,202609W4,20260923.0,48500.0,Put,-,-,-,-,2930.0,-,-,0,0,0,0,-,-,-,-
TXO,202609W4,20260923.0,48550.0,Call,-,-,-,-,17.5,-,-,0,0,0,0,17.5,19,-,-
TXO,202609W4,20260923.0,48550.0,Put,-,-,-,-,2980.0,-,-,0,0,0,0,-,-,-,-
TXO,202609W4,20260923.0,48600.0,Call,-,-,-,-,16.0,-,-,6,0,6,4,17,18,331,30
TXO,202609W4,20260923.0,48600.0,Put,-,-,-,-,3030.0,-,-,0,0,0,0,-,-,-,-
TXO,202609W4,20260923.0,48700.0,Call,20.5,20.5,20.5,20.5,15.5,▼-13.5,▼-39.71%,4,1,5,15,15.5,16.5,365,20.5
TXO,202609W4,20260923.0,48700.0,Put,-,-,-,-,3130.0,-,-,0,0,0,0,-,3150,-,-
TXO,202609W4,20260923.0,48800.0,Call,-,-,-,-,14.0,-,-,4,0,4,11,14,15,188,25.5
TXO,202609W4,20260923.0,48800.0,Put,-,-,-,-,3230.0,-,-,0,0,0,0,-,-,-,-
TXO,202609W4,20260923.0,48900.0,Call,-,-,-,-,12.5,-,-,1,0,1,2,0.5,-,250,22.5
TXO,202609W4,20260923.0,48900.0,Put,-,-,-,-,3330.0,-,-,0,0,0,0,-,3340,-,-
TXO,202609W4,20260923.0,49000.0,Call,15,15,12.5,12.5,12.5,▼-12.5,▼-50.00%,1,6,7,22,11.5,-,291,12.5
TXO,202609W4,20260923.0,49000.0,Put,-,-,-,-,3420.0,-,-,0,0,0,0,-,3480,-,-
TXO,202609W4,20260923.0,49100.0,Call,13.5,13.5,13.5,13.5,10.5,▼-9.5,▼-41.30%,2,1,3,4,4.8,13.5,134,13.5
TXO,202609W4,20260923.0,49100.0,Put,-,-,-,-,3520.0,-,-,0,0,0,0,-,-,-,-
TXO,202609W4,20260923.0,49200.0,Call,-,-,-,-,10.5,-,-,0,0,0,2,10.5,11.5,75,54
TXO,202609W4,20260923.0,49200.0,Put,-,-,-,-,3620.0,-,-,0,0,0,0,-,-,-,-
TXO,202609W4,20260923.0,49300.0,Call,11.5,11.5,11.5,11.5,9.6,▼-8,▼-41.03%,1,3,4,6,0.8,-,243,11.5
TXO,202609W4,20260923.0,49300.0,Put,-,-,-,-,3720.0,-,-,0,0,0,0,-,3780,-,-
TXO,202609W4,20260923.0,49400.0,Call,-,-,-,-,9.2,-,-,2,0,2,6,9.2,10,225,15
TXO,202609W4,20260923.0,49400.0,Put,-,-,-,-,3820.0,-,-,0,0,0,0,-,-,-,-
TXO,202609W4,20260923.0,49500.0,Call,15.5,15.5,9.6,9.6,8.3,▼-7.4,▼-43.53%,2,2,4,62,1,10,206,9.6
TXO,202609W4,20260923.0,49500.0,Put,-,-,-,-,3920.0,-,-,0,0,0,0,-,-,-,-
TXO,202609W4,20260923.0,49600.0,Call,10.5,10.5,8.5,8.5,7.8,▼-7.5,▼-46.88%,6,4,10,16,0.8,-,189,8.5
TXO,202609W4,20260923.0,49600.0,Put,-,-,-,-,4020.0,-,-,0,0,0,0,-,-,-,-
TXO,202609W4,20260923.0,49700.0,Call,-,-,-,-,7.5,-,-,0,0,0,4,7.9,8.6,180,14
TXO,202609W4,20260923.0,49700.0,Put,-,-,-,-,4120.0,-,-,0,0,0,0,-,-,-,-
TXO,202609W4,20260923.0,49800.0,Call,11.5,11.5,11.5,11.5,7.2,▼-2.5,▼-17.86%,2,1,3,4,0.8,108,165,11.5
TXO,202609W4,20260923.0,49800.0,Put,-,-,-,-,4220.0,-,-,0,0,0,0,-,-,-,-
TXO,202609W4,20260923.0,49900.0,Call,7.4,7.4,7.4,7.4,7.1,▼-5.6,▼-43.08%,0,1,1,177,7.1,7.8,58,7.4
TXO,202609W4,20260923.0,49900.0,Put,-,-,-,-,4320.0,-,-,0,0,0,0,-,-,-,-
TXO,202609W4,20260923.0,50000.0,Call,7.9,7.9,6.8,6.8,6.8,▼-6.2,▼-47.69%,12,25,37,62,6.8,7.4,126,6.8
TXO,202609W4,20260923.0,50000.0,Put,-,-,-,-,4420.0,-,-,0,0,0,0,-,-,-,-
TXO,202609W4,20260923.0,50100.0,Call,-,-,-,-,6.5,-,-,4,0,4,4,6.5,7.1,103,11
TXO,202609W4,20260923.0,50100.0,Put,-,-,-,-,4520.0,-,-,0,0,0,0,-,4570,-,-
TXO,202609W4,20260923.0,50200.0,Call,-,-,-,-,6.0,-,-,1,0,1,1,6.3,6.8,22.5,10.5
TXO,202609W4,20260923.0,50200.0,Put,-,-,-,-,4620.0,-,-,0,0,0,0,-,-,-,-
TXO,202609W4,20260923.0,50300.0,Call,-,-,-,-,5.8,-,-,0,0,0,8,2.4,110,72,11.5
TXO,202609W4,20260923.0,50300.0,Put,-,-,-,-,4720.0,-,-,0,0,0,0,-,4780,-,-
TXO,202609W4,20260923.0,50400.0,Call,-,-,-,-,5.6,-,-,4,0,4,4,0.7,-,71,9.1
TXO,202609W4,20260923.0,50400.0,Put,-,-,-,-,4820.0,-,-,0,0,0,0,-,-,-,-
TXO,202609W4,20260923.0,50500.0,Call,9,9,6.6,6.6,5.4,▼-3.1,▼-31.96%,3,7,10,14,0.7,-,79,6.6
TXO,202609W4,20260923.0,50500.0,Put,-,-,-,-,4920.0,-,-,0,0,0,0,-,4980,-,-
TXO,202609W4,20260923.0,50600.0,Call,-,-,-,-,5.3,-,-,0,0,0,4,0.7,-,72,28
TXO,202609W4,20260923.0,50600.0,Put,-,-,-,-,5020.0,-,-,0,0,0,0,-,-,-,-
TXO,202609W4,20260923.0,50700.0,Call,6.5,6.5,5.7,5.7,5.1,▼-3.2,▼-35.96%,0,4,4,4,0.7,106,66,5.7
TXO,202609W4,20260923.0,50700.0,Put,-,-,-,-,5120.0,-,-,0,0,0,0,-,-,-,-
TXO,202609W4,20260923.0,50800.0,Call,-,-,-,-,5.0,-,-,0,0,0,2,5.3,5.5,40,8.3
TXO,202609W4,20260923.0,50800.0,Put,-,-,-,-,5220.0,-,-,0,0,0,0,-,5280,-,-
TXO,202609W4,20260923.0,50900.0,Call,-,-,-,-,4.8,-,-,0,0,0,0,0.2,7,-,-
TXO,202609W4,20260923.0,50900.0,Put,-,-,-,-,5320.0,-,-,0,0,0,0,-,-,-,-
TXO,202609W4,20260923.0,51000.0,Call,-,-,-,-,4.6,-,-,1,0,1,2,4.9,5.2,39,7.2
TXO,202609W4,20260923.0,51000.0,Put,-,-,-,-,5420.0,-,-,0,0,0,0,-,-,-,-
TXO,202609W4,20260923.0,51100.0,Call,-,-,-,-,4.5,-,-,0,0,0,1,0.1,108,35,35
TXO,202609W4,20260923.0,51100.0,Put,-,-,-,-,5520.0,-,-,0,0,0,0,-,5580,-,-
TXO,202609W4,20260923.0,51200.0,Call,-,-,-,-,4.4,-,-,4,0,4,4,0.7,-,33,7.3
TXO,202609W4,20260923.0,51200.0,Put,-,-,-,-,5620.0,-,-,0,0,0,0,-,-,-,-
TXO,202609W4,20260923.0,51300.0,Call,-,-,-,-,4.2,-,-,3,0,3,2,0.1,-,21.5,7
TXO,202609W4,20260923.0,51300.0,Put,-,-,-,-,5720.0,-,-,0,0,0,0,-,5780,-,-
TXO,202609W4,20260923.0,51400.0,Call,-,-,-,-,4.2,-,-,0,0,0,1,0.7,99,13,13
TXO,202609W4,20260923.0,51400.0,Put,-,-,-,-,5820.0,-,-,0,0,0,0,-,5880,-,-
TXO,202609W4,20260923.0,51500.0,Call,-,-,-,-,4.1,-,-,0,0,0,0,0.7,-,-,-
TXO,202609W4,20260923.0,51500.0,Put,-,-,-,-,5920.0,-,-,0,0,0,0,-,-,-,-
TXO,202609W4,20260923.0,51600.0,Call,-,-,-,-,4.0,-,-,0,0,0,0,4.2,4.4,-,-
TXO,202609W4,20260923.0,51600.0,Put,-,-,-,-,6020.0,-,-,0,0,0,0,-,6080,-,-
TXO,202609W4,20260923.0,51700.0,Call,4.3,4.3,4.3,4.3,3.8,▼-2.1,▼-32.81%,2,1,3,3,0.1,4.4,6.1,4.3
TXO,202609W4,20260923.0,51700.0,Put,-,-,-,-,6120.0,-,-,0,0,0,0,-,-,-,-
TXO,202609W4,20260923.0,51800.0,Call,6.2,6.2,4.2,4.2,3.7,▼-2,▼-32.26%,0,2,2,4,0.8,4.3,20,4.2
TXO,202609W4,20260923.0,51800.0,Put,-,-,-,-,6220.0,-,-,0,0,0,0,-,-,-,-
TXO,202609W4,20260923.0,51900.0,Call,4,4.1,4,4.1,3.7,▼-2,▼-32.79%,0,3,3,8,3.8,4.1,24,4
TXO,202609W4,20260923.0,51900.0,Put,-,-,-,-,6320.0,-,-,0,0,0,0,-,-,-,-
TXO,202609W4,20260923.0,52000.0,Call,4.6,4.6,4,4,3.7,▼-1.8,▼-31.03%,2,2,4,346,3.7,4,12.5,4
TXO,202609W4,20260923.0,52000.0,Put,-,-,-,-,6420.0,-,-,0,0,0,0,-,-,-,-
TXO,202609F4,20260929.0,41200.0,Call,-,-,-,-,4490.0,-,-,0,0,0,0,-,-,-,-
TXO,202609F4,20260929.0,41200.0,Put,61,62,56,62,62.0,▼-6,▼-8.82%,0,12,12,7,2.9,62,62,56
TXO,202609F4,20260929.0,41300.0,Call,-,-,-,-,4390.0,-,-,0,0,0,0,-,-,-,-
TXO,202609F4,20260929.0,41300.0,Put,-,-,-,-,64.0,-,-,0,0,0,0,1,-,-,-
TXO,202609F4,20260929.0,41400.0,Call,-,-,-,-,4290.0,-,-,0,0,0,0,4270,4310,-,-
TXO,202609F4,20260929.0,41400.0,Put,67,67,67,67,67.0,▼-8,▼-10.67%,0,1,1,1,1.3,-,67,67
TXO,202609F4,20260929.0,41500.0,Call,-,-,-,-,4200.0,-,-,0,0,0,0,-,-,-,-
TXO,202609F4,20260929.0,41500.0,Put,63,71,63,71,71.0,▼-11,▼-13.41%,3,4,7,21,69,71,106,63
TXO,202609F4,20260929.0,41600.0,Call,-,-,-,-,4100.0,-,-,0,0,0,0,-,-,-,-
TXO,202609F4,20260929.0,41600.0,Put,-,-,-,-,74.0,-,-,0,0,0,0,73,75,-,-
TXO,202609F4,20260929.0,41700.0,Call,-,-,-,-,4000.0,-,-,0,0,0,0,3990,-,-,-
TXO,202609F4,20260929.0,41700.0,Put,-,-,-,-,78.0,-,-,0,0,0,1,77,79,100,100
TXO,202609F4,20260929.0,41800.0,Call,-,-,-,-,3910.0,-,-,0,0,0,0,3890,-,-,-
TXO,202609F4,20260929.0,41800.0,Put,-,-,-,-,82.0,-,-,0,0,0,0,1.3,-,-,-
TXO,202609F4,20260929.0,41900.0,Call,-,-,-,-,3810.0,-,-,0,0,0,0,3770,-,-,-
TXO,202609F4,20260929.0,41900.0,Put,-,-,-,-,87.0,-,-,0,0,0,0,86,88,-,-
TXO,202609F4,20260929.0,42000.0,Call,-,-,-,-,3720.0,-,-,0,0,0,0,-,-,-,-
TXO,202609F4,20260929.0,42000.0,Put,87,98,83,97,97.0,▼-10,▼-9.35%,2,7,9,6,91,93,112,83
TXO,202609F4,20260929.0,42100.0,Call,-,-,-,-,3620.0,-,-,0,0,0,0,3610,-,-,-
TXO,202609F4,20260929.0,42100.0,Put,100,101,100,101,101.0,▼-12,▼-10.62%,4,5,9,6,2.2,213,150,100
TXO,202609F4,20260929.0,42200.0,Call,-,-,-,-,3530.0,-,-,0,0,0,0,-,-,-,-
TXO,202609F4,20260929.0,42200.0,Put,105,107,96,107,103.0,▼-12,▼-10.08%,2,20,22,39,10,224,210,78
TXO,202609F4,20260929.0,42300.0,Call,-,-,-,-,3440.0,-,-,0,0,0,0,-,3450,-,-
TXO,202609F4,20260929.0,42300.0,Put,104,104,104,104,104.0,▼-22,▼-17.46%,2,1,3,16,2.4,236,142,104
TXO,202609F4,20260929.0,42400.0,Call,-,-,-,-,3340.0,-,-,0,0,0,0,-,-,-,-
TXO,202609F4,20260929.0,42400.0,Put,126,126,105,106,116.0,▼-29,▼-21.48%,0,7,7,22,115,117,158,104
TXO,202609F4,20260929.0,42500.0,Call,-,-,-,-,3250.0,-,-,0,0,0,0,-,-,-,-
TXO,202609F4,20260929.0,42500.0,Put,114,127,114,127,127.0,▼-14,▼-9.93%,2,2,4,33,2.4,262,161,80
TXO,202609F4,20260929.0,42600.0,Call,-,-,-,-,3160.0,-,-,0,0,0,0,3110,-,-,-
TXO,202609F4,20260929.0,42600.0,Put,-,-,-,-,131.0,-,-,0,0,0,6,2.9,276,136,136
TXO,202609F4,20260929.0,42700.0,Call,-,-,-,-,3070.0,-,-,0,0,0,0,3050,-,-,-
TXO,202609F4,20260929.0,42700.0,Put,130,144,130,144,144.0,▼-15,▼-9.43%,2,2,4,8,-,-,180,100
TXO,202609F4,20260929.0,42800.0,Call,-,-,-,-,2970.0,-,-,0,0,0,0,-,2990,3670,3670
TXO,202609F4,20260929.0,42800.0,Put,-,-,-,-,148.0,-,-,0,0,0,2,146,149,150,150
TXO,202609F4,20260929.0,42900.0,Call,-,-,-,-,2880.0,-,-,0,0,0,0,-,-,-,-
TXO,202609F4,20260929.0,42900.0,Put,162,162,160,160,160.0,▼-18,▼-10.11%,1,2,3,3,2.7,-,198,131
TXO,202609F4,20260929.0,43000.0,Call,-,-,-,-,2790.0,-,-,0,0,0,0,-,-,-,-
TXO,202609F4,20260929.0,43000.0,Put,150,150,145,145,168.0,▼-43,▼-22.87%,5,10,15,13,100,-,298,137
TXO,202609F4,20260929.0,43100.0,Call,-,-,-,-,2710.0,-,-,0,0,0,0,2690,2720,-,-
TXO,202609F4,20260929.0,43100.0,Put,-,-,-,-,179.0,-,-,0,0,0,5,84,-,246,246
TXO,202609F4,20260929.0,43200.0,Call,-,-,-,-,2620.0,-,-,0,0,0,0,-,2630,-,-
TXO,202609F4,20260929.0,43200.0,Put,-,-,-,-,190.0,-,-,2,0,2,5,61,-,256,241
TXO,202609F4,20260929.0,43300.0,Call,-,-,-,-,2530.0,-,-,0,0,0,0,-,-,-,-
TXO,202609F4,20260929.0,43300.0,Put,-,-,-,-,203.0,-,-,0,0,0,1,200,205,175,175
TXO,202609F4,20260929.0,43400.0,Call,-,-,-,-,2440.0,-,-,0,0,0,0,-,2460,-,-
TXO,202609F4,20260929.0,43400.0,Put,221,221,218,218,218.0,▼-21,▼-8.79%,0,2,2,2,90,306,289,202
TXO,202609F4,20260929.0,43500.0,Call,-,-,-,-,2360.0,-,-,0,0,0,0,-,-,-,-
TXO,202609F4,20260929.0,43500.0,Put,230,230,230,230,230.0,▼-29,▼-11.20%,1,1,2,14,105,-,267,187
TXO,202609F4,20260929.0,43600.0,Call,-,-,-,-,2270.0,-,-,0,0,0,0,-,-,-,-
TXO,202609F4,20260929.0,43600.0,Put,-,-,-,-,246.0,-,-,0,0,0,2,243,248,354,200
TXO,202609F4,20260929.0,43700.0,Call,-,-,-,-,2190.0,-,-,0,0,0,0,-,-,-,-
TXO,202609F4,20260929.0,43700.0,Put,-,-,-,-,261.0,-,-,0,0,0,0,259,263,-,-
TXO,202609F4,20260929.0,43800.0,Call,-,-,-,-,2110.0,-,-,0,0,0,0,2090,-,-,-
TXO,202609F4,20260929.0,43800.0,Put,-,-,-,-,278.0,-,-,0,0,0,0,276,280,-,-
TXO,202609F4,20260929.0,43900.0,Call,-,-,-,-,2020.0,-,-,0,0,0,0,-,2040,-,-
TXO,202609F4,20260929.0,43900.0,Put,-,-,-,-,297.0,-,-,0,0,0,0,294,300,-,-
TXO,202609F4,20260929.0,44000.0,Call,-,-,-,-,1940.0,-,-,0,0,0,0,-,1960,-,-
TXO,202609F4,20260929.0,44000.0,Put,-,-,-,-,316.0,-,-,0,0,0,38,313,319,555,316
TXO,202609F4,20260929.0,44100.0,Call,-,-,-,-,1860.0,-,-,0,0,0,0,1850,-,-,-
TXO,202609F4,20260929.0,44100.0,Put,-,-,-,-,337.0,-,-,0,0,0,0,334,340,-,-
TXO,202609F4,20260929.0,44200.0,Call,-,-,-,-,1780.0,-,-,0,0,0,0,-,-,-,-
TXO,202609F4,20260929.0,44200.0,Put,325,350,325,350,350.0,▼-33,▼-8.62%,0,3,3,3,354,360,350,325
TXO,202609F4,20260929.0,44300.0,Call,1900,1900,1800,1800,1710.0,▼-100,▼-5.26%,0,2,2,0,1690,1720,1900,1800
TXO,202609F4,20260929.0,44300.0,Put,-,-,-,-,381.0,-,-,0,0,0,0,-,-,-,-
TXO,202609F4,20260929.0,44400.0,Call,-,-,-,-,1630.0,-,-,0,0,0,0,1620,-,-,-
TXO,202609F4,20260929.0,44400.0,Put,-,-,-,-,407.0,-,-,0,0,0,0,327,-,-,-
TXO,202609F4,20260929.0,44500.0,Call,-,-,-,-,1560.0,-,-,0,0,0,0,-,-,-,-
TXO,202609F4,20260929.0,44500.0,Put,-,-,-,-,433.0,-,-,0,0,0,1,-,-,352,296
TXO,202609F4,20260929.0,44550.0,Call,-,-,-,-,1520.0,-,-,0,0,0,0,-,-,-,-
TXO,202609F4,20260929.0,44550.0,Put,-,-,-,-,446.0,-,-,0,0,0,0,442,449,-,-
TXO,202609F4,20260929.0,44600.0,Call,-,-,-,-,1490.0,-,-,0,0,0,0,1480,1500,-,-
TXO,202609F4,20260929.0,44600.0,Put,-,-,-,-,458.0,-,-,0,0,0,0,454,461,-,-
TXO,202609F4,20260929.0,44650.0,Call,-,-,-,-,1450.0,-,-,0,0,0,0,1440,1460,-,-
TXO,202609F4,20260929.0,44650.0,Put,-,-,-,-,473.0,-,-,0,0,0,0,-,-,-,-
TXO,202609F4,20260929.0,44700.0,Call,-,-,-,-,1420.0,-,-,0,0,0,0,-,-,-,-
TXO,202609F4,20260929.0,44700.0,Put,510,510,510,510,488.0,▲+10,▲+2.00%,0,1,1,31,411,600,510,283
TXO,202609F4,20260929.0,44750.0,Call,-,-,-,-,1380.0,-,-,0,0,0,0,1370,1390,-,-
TXO,202609F4,20260929.0,44750.0,Put,-,-,-,-,505.0,-,-,0,0,0,0,-,-,-,-
TXO,202609F4,20260929.0,44800.0,Call,1460,1460,1460,1460,1350.0,▼-70,▼-4.58%,0,1,1,1,1340,1360,1460,1460
TXO,202609F4,20260929.0,44800.0,Put,469,525,469,525,525.0,▼-5,▼-0.94%,11,5,16,10,444,-,670,395
TXO,202609F4,20260929.0,44850.0,Call,-,-,-,-,1310.0,-,-,0,0,0,0,-,-,-,-
TXO,202609F4,20260929.0,44850.0,Put,-,-,-,-,535.0,-,-,0,0,0,0,530,540,-,-
TXO,202609F4,20260929.0,44900.0,Call,-,-,-,-,1280.0,-,-,0,0,0,0,-,-,-,-
TXO,202609F4,20260929.0,44900.0,Put,-,-,-,-,550.0,-,-,0,0,0,1,545,555,443,375
TXO,202609F4,20260929.0,44950.0,Call,-,-,-,-,1250.0,-,-,0,0,0,0,1230,1250,-,-
TXO,202609F4,20260929.0,44950.0,Put,-,-,-,-,565.0,-,-,5,0,5,5,442,665,665,665
TXO,202609F4,20260929.0,45000.0,Call,-,-,-,-,1210.0,-,-,0,0,0,0,1200,1220,-,-
TXO,202609F4,20260929.0,45000.0,Put,610,610,515,605,585.0,▲+5,▲+0.83%,17,11,28,40,4,-,750,348
TXO,202609F4,20260929.0,45050.0,Call,-,-,-,-,1180.0,-,-,0,0,0,0,-,-,-,-
TXO,202609F4,20260929.0,45050.0,Put,-,-,-,-,600.0,-,-,5,0,5,5,3.8,700,700,700
TXO,202609F4,20260929.0,45100.0,Call,-,-,-,-,1150.0,-,-,0,0,0,0,-,-,-,-
TXO,202609F4,20260929.0,45100.0,Put,-,-,-,-,620.0,-,-,5,0,5,3,615,625,720,425
TXO,202609F4,20260929.0,45150.0,Call,-,-,-,-,1120.0,-,-,0,0,0,0,1110,1130,-,-
TXO,202609F4,20260929.0,45150.0,Put,-,-,-,-,640.0,-,-,5,0,5,5,565,750,810,740
TXO,202609F4,20260929.0,45200.0,Call,1210,1210,1210,1210,1080.0,▼-60,▼-4.72%,0,1,1,1,1070,1090,1210,1210
TXO,202609F4,20260929.0,45200.0,Put,590,590,590,590,655.0,▼-85,▼-12.59%,5,1,6,6,580,790,760,590
TXO,202609F4,20260929.0,45250.0,Call,-,-,-,-,1050.0,-,-,0,0,0,0,1040,1060,-,-
TXO,202609F4,20260929.0,45250.0,Put,-,-,-,-,675.0,-,-,5,0,5,5,3.8,800,780,780
TXO,202609F4,20260929.0,45300.0,Call,-,-,-,-,1020.0,-,-,0,0,0,0,-,-,-,-
TXO,202609F4,20260929.0,45300.0,Put,-,-,-,-,695.0,-,-,5,0,5,34,690,700,805,412
TXO,202609F4,20260929.0,45350.0,Call,-,-,-,-,995.0,-,-,0,0,0,0,990,1000,-,-
TXO,202609F4,20260929.0,45350.0,Put,-,-,-,-,715.0,-,-,5,0,5,5,650,840,825,825
TXO,202609F4,20260929.0,45400.0,Call,920,920,920,920,965.0,▼-230,▼-20.00%,0,1,1,1,-,-,920,920
TXO,202609F4,20260929.0,45400.0,Put,-,-,-,-,735.0,-,-,5,0,5,5,730,740,845,845
TXO,202609F4,20260929.0,45450.0,Call,-,-,-,-,935.0,-,-,0,0,0,0,930,940,-,-
TXO,202609F4,20260929.0,45450.0,Put,-,-,-,-,760.0,-,-,5,0,5,5,3.8,-,870,870
TXO,202609F4,20260929.0,45500.0,Call,-,-,-,-,910.0,-,-,0,0,0,1,-,-,900,900
TXO,202609F4,20260929.0,45500.0,Put,-,-,-,-,780.0,-,-,5,0,5,5,775,785,890,890
TXO,202609F4,20260929.0,45550.0,Call,-,-,-,-,880.0,-,-,0,0,0,0,-,-,-,-
TXO,202609F4,20260929.0,45550.0,Put,-,-,-,-,800.0,-,-,5,0,5,4,795,805,915,570
TXO,202609F4,20260929.0,45600.0,Call,945,945,945,945,855.0,▼-85,▼-8.25%,5,1,6,6,845,860,945,885
TXO,202609F4,20260929.0,45600.0,Put,745,745,745,745,825.0,▼-85,▼-10.24%,5,1,6,6,820,830,935,745
TXO,202609F4,20260929.0,45650.0,Call,-,-,-,-,825.0,-,-,5,0,5,5,690,900,855,855
TXO,202609F4,20260929.0,45650.0,Put,-,-,-,-,845.0,-,-,0,0,0,0,-,-,-,-
TXO,202609F4,20260929.0,45700.0,Call,840,840,840,840,795.0,▼-130,▼-13.40%,5,1,6,5,790,805,840,830
TXO,202609F4,20260929.0,45700.0,Put,-,-,-,-,870.0,-,-,0,0,0,0,865,875,-,-
TXO,202609F4,20260929.0,45750.0,Call,730,730,730,730,770.0,▼-215,▼-22.75%,5,2,7,7,765,780,805,730
TXO,202609F4,20260929.0,45750.0,Put,-,-,-,-,895.0,-,-,0,0,0,0,890,900,-,-
TXO,202609F4,20260929.0,45800.0,Call,-,-,-,-,745.0,-,-,5,0,5,5,615,870,780,780
TXO,202609F4,20260929.0,45800.0,Put,-,-,-,-,915.0,-,-,0,0,0,2,-,1030,565,565
TXO,202609F4,20260929.0,45850.0,Call,-,-,-,-,720.0,-,-,5,0,5,5,715,725,755,755
TXO,202609F4,20260929.0,45850.0,Put,-,-,-,-,940.0,-,-,0,0,0,0,-,-,-,-
TXO,202609F4,20260929.0,45900.0,Call,800,800,800,800,695.0,▼-65,▼-7.51%,5,1,6,5,690,700,960,735
TXO,202609F4,20260929.0,45900.0,Put,-,-,-,-,965.0,-,-,0,0,0,1,960,975,910,910
TXO,202609F4,20260929.0,45950.0,Call,745,745,745,745,670.0,▼-95,▼-11.31%,5,1,6,5,550,-,915,710
TXO,202609F4,20260929.0,45950.0,Put,-,-,-,-,995.0,-,-,0,0,0,0,-,-,-,-
TXO,202609F4,20260929.0,46000.0,Call,745,745,630,630,630.0,▼-185,▼-22.70%,8,6,14,9,645,655,750,630
TXO,202609F4,20260929.0,46000.0,Put,900,1030,900,1030,1030.0,▲+10,▲+0.98%,0,2,2,2,-,1150,1030,900
TXO,202609F4,20260929.0,46050.0,Call,-,-,-,-,625.0,-,-,5,0,5,5,620,630,665,665
TXO,202609F4,20260929.0,46050.0,Put,-,-,-,-,1050.0,-,-,0,0,0,0,1040,1060,-,-
TXO,202609F4,20260929.0,46100.0,Call,-,-,-,-,600.0,-,-,5,0,5,5,595,610,645,645
TXO,202609F4,20260929.0,46100.0,Put,-,-,-,-,1070.0,-,-,0,0,0,0,1070,1080,-,-
TXO,202609F4,20260929.0,46150.0,Call,-,-,-,-,580.0,-,-,5,0,5,5,471,-,620,620
TXO,202609F4,20260929.0,46150.0,Put,-,-,-,-,1100.0,-,-,0,0,0,0,-,-,-,-
TXO,202609F4,20260929.0,46200.0,Call,700,700,700,700,560.0,▼-15,▼-2.10%,1,1,2,2,424,-,700,630
TXO,202609F4,20260929.0,46200.0,Put,1030,1030,1030,1030,1130.0,▼-90,▼-8.04%,0,1,1,0,1120,1140,1120,770
TXO,202609F4,20260929.0,46250.0,Call,680,680,680,680,540.0,▼-20,▼-2.86%,0,1,1,1,535,545,985,680
TXO,202609F4,20260929.0,46250.0,Put,-,-,-,-,1160.0,-,-,0,0,0,0,1150,1170,1150,985
TXO,202609F4,20260929.0,46300.0,Call,-,-,-,-,515.0,-,-,0,0,0,2,510,520,1030,970
TXO,202609F4,20260929.0,46300.0,Put,-,-,-,-,1190.0,-,-,0,0,0,1,1180,1200,1300,925
TXO,202609F4,20260929.0,46350.0,Call,-,-,-,-,496.0,-,-,0,0,0,0,493,500,-,-
TXO,202609F4,20260929.0,46350.0,Put,-,-,-,-,1220.0,-,-,0,0,0,0,-,-,-,-
TXO,202609F4,20260929.0,46400.0,Call,-,-,-,-,478.0,-,-,4,0,4,1,361,-,520,490
TXO,202609F4,20260929.0,46400.0,Put,-,-,-,-,1250.0,-,-,0,0,0,0,1240,1260,-,-
TXO,202609F4,20260929.0,46450.0,Call,-,-,-,-,458.0,-,-,0,0,0,0,455,462,-,-
TXO,202609F4,20260929.0,46450.0,Put,-,-,-,-,1280.0,-,-,0,0,0,0,-,-,-,-
TXO,202609F4,20260929.0,46500.0,Call,-,-,-,-,439.0,-,-,6,0,6,6,436,443,800,486
TXO,202609F4,20260929.0,46500.0,Put,-,-,-,-,1310.0,-,-,0,0,0,2,-,-,1280,1280
TXO,202609F4,20260929.0,46550.0,Call,-,-,-,-,421.0,-,-,0,0,0,0,316,-,-,-
TXO,202609F4,20260929.0,46550.0,Put,-,-,-,-,1340.0,-,-,0,0,0,0,-,-,-,-
TXO,202609F4,20260929.0,46600.0,Call,-,-,-,-,404.0,-,-,0,0,0,3,297,-,880,452
TXO,202609F4,20260929.0,46600.0,Put,-,-,-,-,1380.0,-,-,0,0,0,0,1370,1390,-,-
TXO,202609F4,20260929.0,46650.0,Call,-,-,-,-,386.0,-,-,0,0,0,1,383,390,905,855
TXO,202609F4,20260929.0,46650.0,Put,-,-,-,-,1410.0,-,-,0,0,0,0,-,-,-,-
TXO,202609F4,20260929.0,46700.0,Call,426,426,426,426,370.0,▼-79,▼-15.64%,0,1,1,0,264,-,880,420
TXO,202609F4,20260929.0,46700.0,Put,-,-,-,-,1440.0,-,-,0,0,0,0,1430,1470,-,-
TXO,202609F4,20260929.0,46750.0,Call,-,-,-,-,354.0,-,-,0,0,0,1,351,358,805,805
TXO,202609F4,20260929.0,46750.0,Put,-,-,-,-,1480.0,-,-,0,0,0,0,-,1520,-,-
TXO,202609F4,20260929.0,46800.0,Call,403,403,403,403,339.0,▼-65,▼-13.89%,0,1,1,3,232,420,810,403
TXO,202609F4,20260929.0,46800.0,Put,1370,1370,1370,1370,1510.0,▼-100,▼-6.80%,0,1,1,1,-,1530,1370,1370
TXO,202609F4,20260929.0,46850.0,Call,-,-,-,-,324.0,-,-,0,0,0,0,4.3,-,-,-
TXO,202609F4,20260929.0,46850.0,Put,-,-,-,-,1550.0,-,-,0,0,0,0,-,1560,-,-
TXO,202609F4,20260929.0,46900.0,Call,360,360,360,360,310.0,▼-75,▼-17.24%,0,1,1,0,307,313,735,360
TXO,202609F4,20260929.0,46900.0,Put,-,-,-,-,1580.0,-,-,0,0,0,0,-,-,-,-
TXO,202609F4,20260929.0,46950.0,Call,344,344,344,344,297.0,▼-72,▼-17.31%,0,1,1,1,294,300,344,344
TXO,202609F4,20260929.0,46950.0,Put,-,-,-,-,1620.0,-,-,0,0,0,0,-,1630,-,-
TXO,202609F4,20260929.0,47000.0,Call,330,330,287,287,287.0,▼-114,▼-28.43%,2,2,4,5,3.6,-,735,287
TXO,202609F4,20260929.0,47000.0,Put,-,-,-,-,1650.0,-,-,0,0,0,1,-,-,1800,1070
TXO,202609F4,20260929.0,47050.0,Call,-,-,-,-,270.0,-,-,0,0,0,0,266,272,-,-
TXO,202609F4,20260929.0,47050.0,Put,-,-,-,-,1690.0,-,-,0,0,0,0,-,1710,-,-
TXO,202609F4,20260929.0,47100.0,Call,301,301,301,301,258.0,▼-69,▼-18.65%,0,1,1,1,256,261,301,301
TXO,202609F4,20260929.0,47100.0,Put,-,-,-,-,1730.0,-,-,0,0,0,0,-,-,-,-
TXO,202609F4,20260929.0,47150.0,Call,288,288,288,288,245.0,▼-68,▼-19.10%,0,1,1,1,158,-,288,288
TXO,202609F4,20260929.0,47150.0,Put,-,-,-,-,1770.0,-,-,0,0,0,0,-,1810,-,-
TXO,202609F4,20260929.0,47200.0,Call,275,275,275,275,234.0,▼-68,▼-19.83%,0,1,1,1,144,-,635,275
TXO,202609F4,20260929.0,47200.0,Put,-,-,-,-,1810.0,-,-,0,0,0,0,-,1850,-,-
TXO,202609F4,20260929.0,47250.0,Call,-,-,-,-,223.0,-,-,0,0,0,0,132,-,-,-
TXO,202609F4,20260929.0,47250.0,Put,1690,1900,1670,1900,1840.0,▲+120,▲+6.74%,0,7,7,10,1760,-,1900,1330
TXO,202609F4,20260929.0,47300.0,Call,-,-,-,-,211.0,-,-,0,0,0,0,121,-,-,-
TXO,202609F4,20260929.0,47300.0,Put,-,-,-,-,1880.0,-,-,0,0,0,0,-,-,-,-
TXO,202609F4,20260929.0,47350.0,Call,-,-,-,-,201.0,-,-,0,0,0,0,106,-,-,-
TXO,202609F4,20260929.0,47350.0,Put,-,-,-,-,1920.0,-,-,0,0,0,0,-,1970,-,-
TXO,202609F4,20260929.0,47400.0,Call,-,-,-,-,191.0,-,-,0,0,0,0,94,-,-,-
TXO,202609F4,20260929.0,47400.0,Put,-,-,-,-,1960.0,-,-,0,0,0,0,-,-,-,-
TXO,202609F4,20260929.0,47450.0,Call,-,-,-,-,182.0,-,-,2,0,2,2,180,185,215,215
TXO,202609F4,20260929.0,47450.0,Put,-,-,-,-,2000.0,-,-,0,0,0,0,-,-,-,-
TXO,202609F4,20260929.0,47500.0,Call,-,-,-,-,174.0,-,-,0,0,0,8,74,339,485,250
TXO,202609F4,20260929.0,47500.0,Put,-,-,-,-,2040.0,-,-,0,0,0,0,-,2090,-,-
TXO,202609F4,20260929.0,47550.0,Call,-,-,-,-,165.0,-,-,0,0,0,0,163,168,-,-
TXO,202609F4,20260929.0,47550.0,Put,-,-,-,-,2090.0,-,-,0,0,0,0,-,-,-,-
TXO,202609F4,20260929.0,47600.0,Call,-,-,-,-,157.0,-,-,0,0,0,1,156,159,494,494
TXO,202609F4,20260929.0,47600.0,Put,-,-,-,-,2130.0,-,-,0,0,0,0,-,-,-,-
TXO,202609F4,20260929.0,47650.0,Call,-,-,-,-,149.0,-,-,0,0,0,1,148,151,476,476
TXO,202609F4,20260929.0,47650.0,Put,-,-,-,-,2170.0,-,-,0,0,0,0,-,-,-,-
TXO,202609F4,20260929.0,47700.0,Call,-,-,-,-,142.0,-,-,0,0,0,1,69,-,458,458
TXO,202609F4,20260929.0,47700.0,Put,-,-,-,-,2210.0,-,-,0,0,0,0,-,2260,-,-
TXO,202609F4,20260929.0,47750.0,Call,-,-,-,-,134.0,-,-,0,0,0,1,133,136,442,442
TXO,202609F4,20260929.0,47750.0,Put,-,-,-,-,2260.0,-,-,0,0,0,0,-,-,-,-
TXO,202609F4,20260929.0,47800.0,Call,130,130,123,123,123.0,▼-80,▼-39.41%,0,4,4,3,105,-,426,123
TXO,202609F4,20260929.0,47800.0,Put,-,-,-,-,2300.0,-,-,0,0,0,0,2280,-,-,-
TXO,202609F4,20260929.0,47850.0,Call,-,-,-,-,121.0,-,-,0,0,0,1,120,123,410,410
TXO,202609F4,20260929.0,47850.0,Put,-,-,-,-,2340.0,-,-,0,0,0,0,-,2390,-,-
TXO,202609F4,20260929.0,47900.0,Call,-,-,-,-,115.0,-,-,0,0,0,1,3.3,-,395,204
TXO,202609F4,20260929.0,47900.0,Put,-,-,-,-,2390.0,-,-,0,0,0,0,-,2430,-,-
TXO,202609F4,20260929.0,47950.0,Call,132,132,132,132,109.0,▼-44,▼-25.00%,0,1,1,2,3.2,-,379,132
TXO,202609F4,20260929.0,47950.0,Put,-,-,-,-,2430.0,-,-,0,0,0,0,-,-,-,-
TXO,202609F4,20260929.0,48000.0,Call,164,164,105,105,105.0,▼-63,▼-37.50%,1,9,10,7,70,150,368,105
TXO,202609F4,20260929.0,48000.0,Put,-,-,-,-,2470.0,-,-,0,0,0,0,-,2520,-,-
TXO,202609F4,20260929.0,48050.0,Call,-,-,-,-,98.0,-,-,0,0,0,1,97,100,350,350
TXO,202609F4,20260929.0,48050.0,Put,-,-,-,-,2520.0,-,-,0,0,0,0,2500,-,-,-
TXO,202609F4,20260929.0,48100.0,Call,-,-,-,-,93.0,-,-,0,0,0,3,2.7,-,353,162
TXO,202609F4,20260929.0,48100.0,Put,-,-,-,-,2560.0,-,-,0,0,0,0,-,-,-,-
TXO,202609F4,20260929.0,48150.0,Call,110,110,110,110,89.0,▼-36,▼-24.66%,0,1,1,3,88,90,324,110
TXO,202609F4,20260929.0,48150.0,Put,-,-,-,-,2610.0,-,-,0,0,0,0,-,-,-,-
TXO,202609F4,20260929.0,48200.0,Call,100,100,100,100,84.0,▼-39,▼-28.06%,0,1,1,2,83,85,163,100
TXO,202609F4,20260929.0,48200.0,Put,-,-,-,-,2660.0,-,-,0,0,0,0,-,2700,-,-
TXO,202609F4,20260929.0,48250.0,Call,-,-,-,-,80.0,-,-,0,0,0,1,2.6,-,298,152
TXO,202609F4,20260929.0,48250.0,Put,-,-,-,-,2700.0,-,-,0,0,0,0,-,2720,-,-
TXO,202609F4,20260929.0,48300.0,Call,-,-,-,-,76.0,-,-,1,0,1,1,75,77,286,100
TXO,202609F4,20260929.0,48300.0,Put,-,-,-,-,2750.0,-,-,0,0,0,0,-,-,-,-
TXO,202609F4,20260929.0,48400.0,Call,101,101,101,101,69.0,▼-13,▼-11.40%,0,5,5,9,67,69,274,101
TXO,202609F4,20260929.0,48400.0,Put,-,-,-,-,2840.0,-,-,0,0,0,0,-,2890,-,-
TXO,202609F4,20260929.0,48500.0,Call,95,95,60,60,60.0,▼-43,▼-41.75%,1,10,11,18,61,63,261,60
TXO,202609F4,20260929.0,48500.0,Put,-,-,-,-,2930.0,-,-,0,0,0,0,-,-,-,-
TXO,202609F4,20260929.0,48600.0,Call,87,87,67,67,56.0,▼-33,▼-33.00%,1,5,6,10,1.5,167,215,67
TXO,202609F4,20260929.0,48600.0,Put,-,-,-,-,3030.0,-,-,0,0,0,0,-,-,-,-
TXO,202609F4,20260929.0,48700.0,Call,-,-,-,-,50.0,-,-,0,0,0,5,1.5,-,200,84
TXO,202609F4,20260929.0,48700.0,Put,-,-,-,-,3120.0,-,-,0,0,0,0,-,3140,-,-
TXO,202609F4,20260929.0,48800.0,Call,57,57,43.5,43.5,43.5,▼-33.5,▼-43.51%,2,2,4,5,44.5,46,186,43.5
TXO,202609F4,20260929.0,48800.0,Put,-,-,-,-,3220.0,-,-,0,0,0,0,-,3260,-,-
TXO,202609F4,20260929.0,48900.0,Call,41,41,41,41,41.0,▼-28,▼-40.58%,0,1,1,1,40.5,42,151,41
TXO,202609F4,20260929.0,48900.0,Put,-,-,-,-,3310.0,-,-,0,0,0,0,-,3330,-,-
TXO,202609F4,20260929.0,49000.0,Call,50,50,40,40,40.0,▼-23,▼-36.51%,0,13,13,11,30,138,168,40
TXO,202609F4,20260929.0,49000.0,Put,-,-,-,-,3410.0,-,-,0,0,0,0,-,3420,-,-
TXO,202609F4,20260929.0,49100.0,Call,-,-,-,-,34.0,-,-,0,0,0,1,33.5,34.5,130,130
TXO,202609F4,20260929.0,49100.0,Put,-,-,-,-,3500.0,-,-,0,0,0,0,-,-,-,-
TXO,202609F4,20260929.0,49200.0,Call,36,36,33.5,33.5,33.5,▼-19.5,▼-36.79%,0,2,2,1,30.5,31.5,36,33.5
TXO,202609F4,20260929.0,49200.0,Put,-,-,-,-,3600.0,-,-,0,0,0,0,-,-,-,-
TXO,202609F4,20260929.0,49300.0,Call,-,-,-,-,28.5,-,-,0,0,0,1,1.5,128,115,115
TXO,202609F4,20260929.0,49300.0,Put,-,-,-,-,3700.0,-,-,0,0,0,0,-,3750,-,-
TXO,202609F4,20260929.0,49400.0,Call,-,-,-,-,26.0,-,-,0,0,0,2,25.5,26.5,105,100
TXO,202609F4,20260929.0,49400.0,Put,-,-,-,-,3800.0,-,-,0,0,0,0,-,-,-,-
TXO,202609F4,20260929.0,49500.0,Call,25.5,25.5,25.5,25.5,25.5,▼-15,▼-37.04%,2,5,7,3,23.5,24.5,100,25.5
TXO,202609F4,20260929.0,49500.0,Put,-,-,-,-,3890.0,-,-,0,0,0,0,-,-,-,-
TXO,202609F4,20260929.0,49600.0,Call,23,23,21.5,21.5,21.5,▼-14.5,▼-40.28%,0,2,2,2,0.7,-,99,21.5
TXO,202609F4,20260929.0,49600.0,Put,-,-,-,-,3990.0,-,-,0,0,0,0,-,4040,-,-
TXO,202609F4,20260929.0,49700.0,Call,-,-,-,-,20.5,-,-,0,0,0,1,20,21,85,85
TXO,202609F4,20260929.0,49700.0,Put,-,-,-,-,4090.0,-,-,0,0,0,0,-,-,-,-
TXO,202609F4,20260929.0,49800.0,Call,-,-,-,-,19.0,-,-,0,0,0,7,18.5,19.5,82,76
TXO,202609F4,20260929.0,49800.0,Put,-,-,-,-,4190.0,-,-,0,0,0,0,-,4240,-,-
TXO,202609F4,20260929.0,49900.0,Call,17.5,17.5,17.5,17.5,17.5,▼-10.5,▼-37.50%,0,1,1,1,17,18,73,17.5
TXO,202609F4,20260929.0,49900.0,Put,-,-,-,-,4290.0,-,-,0,0,0,0,-,-,-,-
TXO,202609F4,20260929.0,50000.0,Call,24.5,24.5,16,16,16.0,▼-10,▼-38.46%,5,87,92,99,15.5,17,71,16
TXO,202609F4,20260929.0,50000.0,Put,-,-,-,-,4390.0,-,-,0,0,0,0,-,4400,-,-
TXO,202609F4,20260929.0,50100.0,Call,-,-,-,-,15.0,-,-,0,0,0,1,0.6,115,29.5,29.5
TXO,202609F4,20260929.0,50100.0,Put,-,-,-,-,4480.0,-,-,0,0,0,0,-,4500,-,-
TXO,202609F4,20260929.0,50200.0,Call,-,-,-,-,14.0,-,-,0,0,0,0,-,-,-,-
TXO,202609F4,20260929.0,50200.0,Put,-,-,-,-,4580.0,-,-,0,0,0,0,-,-,-,-
TXO,202609F4,20260929.0,50300.0,Call,-,-,-,-,13.5,-,-,0,0,0,0,13,14,-,-
TXO,202609F4,20260929.0,50300.0,Put,-,-,-,-,4680.0,-,-,0,0,0,0,-,4740,-,-
TXO,202609F4,20260929.0,50400.0,Call,-,-,-,-,12.5,-,-,0,0,0,0,12,13,-,-
TXO,202609F4,20260929.0,50400.0,Put,-,-,-,-,4780.0,-,-,0,0,0,0,-,-,-,-
TXO,202609F4,20260929.0,50500.0,Call,-,-,-,-,11.5,-,-,0,0,0,0,0.6,-,-,-
TXO,202609F4,20260929.0,50500.0,Put,-,-,-,-,4880.0,-,-,0,0,0,0,-,-,-,-
TXO,202609F4,20260929.0,50600.0,Call,-,-,-,-,11.0,-,-,0,0,0,0,11,11.5,-,-
TXO,202609F4,20260929.0,50600.0,Put,-,-,-,-,4980.0,-,-,0,0,0,0,-,-,-,-
TXO,202609F4,20260929.0,50700.0,Call,10.5,10.5,10.5,10.5,10.5,▼-5,▼-32.26%,0,1,1,1,0.6,111,10.5,10.5
TXO,202609F4,20260929.0,50700.0,Put,-,-,-,-,5080.0,-,-,0,0,0,0,-,5130,-,-
TXO,202609F4,20260929.0,50800.0,Call,10,10,10,10,10.0,▼-4.5,▼-31.03%,0,1,1,1,9.8,10.5,10,10
TXO,202609F4,20260929.0,50800.0,Put,-,-,-,-,5180.0,-,-,0,0,0,0,-,5230,-,-
TXO,202609F4,20260929.0,50900.0,Call,10,10,10,10,10.0,▼-3.5,▼-25.93%,0,1,1,3,9.4,9.8,29,10
TXO,202609F4,20260929.0,50900.0,Put,-,-,-,-,5280.0,-,-,0,0,0,0,-,5330,-,-
TXO,202609F4,20260929.0,51000.0,Call,-,-,-,-,9.1,-,-,0,0,0,2,-,-,29.5,29
TXO,202609F4,20260929.0,51000.0,Put,-,-,-,-,5380.0,-,-,0,0,0,0,-,5430,-,-
TXO,202609F4,20260929.0,51100.0,Call,-,-,-,-,8.7,-,-,0,0,0,0,8.6,8.9,-,-
TXO,202609F4,20260929.0,51100.0,Put,-,-,-,-,5480.0,-,-,0,0,0,0,-,5530,-,-
TXO,202609F4,20260929.0,51200.0,Call,-,-,-,-,8.3,-,-,0,0,0,0,0.6,-,-,-
TXO,202609F4,20260929.0,51200.0,Put,-,-,-,-,5580.0,-,-,0,0,0,0,-,-,-,-
TXO,202609F4,20260929.0,51300.0,Call,-,-,-,-,8.0,-,-,0,0,0,0,-,-,-,-
TXO,202609F4,20260929.0,51300.0,Put,-,-,-,-,5680.0,-,-,0,0,0,0,-,-,-,-
TXO,202609F4,20260929.0,51400.0,Call,-,-,-,-,7.7,-,-,0,0,0,0,0.6,-,-,-
TXO,202609F4,20260929.0,51400.0,Put,-,-,-,-,5780.0,-,-,0,0,0,0,-,-,-,-
TXO,202609F4,20260929.0,51500.0,Call,7.6,7.6,7.6,7.6,7.6,▼-2.4,▼-24.00%,0,2,2,0,7.3,7.6,18,7.6
TXO,202609F4,20260929.0,51500.0,Put,-,-,-,-,5880.0,-,-,0,0,0,0,-,-,-,-
TXO,202609F4,20260929.0,51600.0,Call,7.4,7.4,7.4,7.4,7.4,▼-2.4,▼-24.49%,0,2,2,2,7,7.3,7.4,7.4
TXO,202609F4,20260929.0,51600.0,Put,-,-,-,-,5980.0,-,-,0,0,0,0,-,-,-,-
TXO,202609F4,20260929.0,51700.0,Call,-,-,-,-,6.8,-,-,0,0,0,2,6.7,7,17,10
TXO,202609F4,20260929.0,51700.0,Put,-,-,-,-,6080.0,-,-,0,0,0,0,-,-,-,-
TXO,202610,20261021.0,33900.0,Call,-,-,-,-,11850.0,-,-,0,0,0,0,-,-,-,-
TXO,202610,20261021.0,33900.0,Put,33,33,30.5,32.5,32.5,▼-2.5,▼-7.14%,51,27,78,279,31,32.5,400,20
TXO,202610,20261021.0,34000.0,Call,-,-,-,-,11750.0,-,-,0,0,0,0,-,-,-,-
TXO,202610,20261021.0,34000.0,Put,32.5,33,31.5,31.5,32.5,▼-5.5,▼-14.86%,3,12,15,124,32,33.5,780,28.5
TXO,202610,20261021.0,34100.0,Call,-,-,-,-,11650.0,-,-,0,0,0,0,-,-,-,-
TXO,202610,20261021.0,34100.0,Put,-,-,-,-,33.0,-,-,0,0,0,9,32.5,34,105,34
TXO,202610,20261021.0,34200.0,Call,-,-,-,-,11550.0,-,-,0,0,0,0,-,11590,-,-
TXO,202610,20261021.0,34200.0,Put,-,-,-,-,33.5,-,-,0,0,0,95,-,-,810,32
TXO,202610,20261021.0,34300.0,Call,-,-,-,-,11450.0,-,-,0,0,0,0,-,-,-,-
TXO,202610,20261021.0,34300.0,Put,-,-,-,-,34.5,-,-,0,0,0,0,33.5,35,-,-
TXO,202610,20261021.0,34400.0,Call,-,-,-,-,11350.0,-,-,0,0,0,0,11310,11390,-,-
TXO,202610,20261021.0,34400.0,Put,-,-,-,-,35.0,-,-,3,0,3,6,34.5,36,200,36.5
TXO,202610,20261021.0,34500.0,Call,-,-,-,-,11250.0,-,-,0,0,0,0,-,11290,-,-
TXO,202610,20261021.0,34500.0,Put,-,-,-,-,35.5,-,-,0,0,0,24,-,135,116,37.5
TXO,202610,20261021.0,34600.0,Call,-,-,-,-,11150.0,-,-,0,0,0,0,11110,-,-,-
TXO,202610,20261021.0,34600.0,Put,36.5,36.5,36.5,36.5,36.5,▼-4,▼-9.88%,0,1,1,9,35.5,37,299,34
TXO,202610,20261021.0,34700.0,Call,-,-,-,-,11060.0,-,-,0,0,0,0,11010,-,-,-
TXO,202610,20261021.0,34700.0,Put,-,-,-,-,37.0,-,-,0,0,0,0,-,-,805,30
TXO,202610,20261021.0,34800.0,Call,-,-,-,-,10960.0,-,-,0,0,0,0,-,-,-,-
TXO,202610,20261021.0,34800.0,Put,-,-,-,-,37.5,-,-,2,0,2,10,37,38.5,314,36.5
TXO,202610,20261021.0,34900.0,Call,-,-,-,-,10860.0,-,-,0,0,0,0,-,-,-,-
TXO,202610,20261021.0,34900.0,Put,-,-,-,-,38.0,-,-,4,0,4,6,38,39.5,488,35
TXO,202610,20261021.0,35000.0,Call,-,-,-,-,10760.0,-,-,0,0,0,0,-,10800,-,-
TXO,202610,20261021.0,35000.0,Put,40,40.5,39,40.5,39.0,▼-4,▼-8.99%,5,25,30,199,38.5,40,1060,33
TXO,202610,20261021.0,35100.0,Call,-,-,-,-,10660.0,-,-,0,0,0,0,10620,-,-,-
TXO,202610,20261021.0,35100.0,Put,-,-,-,-,40.0,-,-,0,0,0,11,-,-,505,40
TXO,202610,20261021.0,35200.0,Call,-,-,-,-,10560.0,-,-,0,0,0,0,10520,10600,-,-
TXO,202610,20261021.0,35200.0,Put,42,42,42,42,40.5,▼-4,▼-8.70%,0,2,2,10,40.5,42,151,39
TXO,202610,20261021.0,35300.0,Call,-,-,-,-,10460.0,-,-,0,0,0,0,10420,-,-,-
TXO,202610,20261021.0,35300.0,Put,42,42,42,42,42.0,▼-4.5,▼-9.68%,0,1,1,22,-,-,1070,37
TXO,202610,20261021.0,35400.0,Call,-,-,-,-,10360.0,-,-,0,0,0,0,10320,10400,-,-
TXO,202610,20261021.0,35400.0,Put,-,-,-,-,42.5,-,-,0,0,0,10,-,-,1000,38
TXO,202610,20261021.0,35500.0,Call,-,-,-,-,10260.0,-,-,0,0,0,0,10220,-,-,-
TXO,202610,20261021.0,35500.0,Put,42.5,42.5,42.5,42.5,42.5,▼-5.5,▼-11.46%,9,1,10,41,40,50,550,37
TXO,202610,20261021.0,35600.0,Call,-,-,-,-,10160.0,-,-,0,0,0,0,10120,-,-,-
TXO,202610,20261021.0,35600.0,Put,-,-,-,-,44.5,-,-,0,0,0,15,44,45.5,150,39
TXO,202610,20261021.0,35700.0,Call,-,-,-,-,10070.0,-,-,0,0,0,0,10020,10100,-,-
TXO,202610,20261021.0,35700.0,Put,-,-,-,-,45.5,-,-,0,0,0,8,-,-,300,40.5
TXO,202610,20261021.0,35800.0,Call,-,-,-,-,9970.0,-,-,0,0,0,0,9920,10000,-,-
TXO,202610,20261021.0,35800.0,Put,47,47,47,47,47.0,▼-6,▼-11.32%,1,1,2,9,-,-,405,40
TXO,202610,20261021.0,35900.0,Call,-,-,-,-,9870.0,-,-,0,0,0,0,9830,-,-,-
TXO,202610,20261021.0,35900.0,Put,-,-,-,-,47.5,-,-,0,0,0,5,47,48.5,182,41
TXO,202610,20261021.0,36000.0,Call,-,-,-,-,9770.0,-,-,0,0,0,0,-,-,-,-
TXO,202610,20261021.0,36000.0,Put,46,49,45,48,48.0,▼-7,▼-12.73%,15,13,28,169,47,148,1380,39
TXO,202610,20261021.0,36100.0,Call,-,-,-,-,9670.0,-,-,0,0,0,0,9630,-,-,-
TXO,202610,20261021.0,36100.0,Put,49,49,49,49,49.0,▼-7,▼-12.50%,5,5,10,5,-,150,690,49
TXO,202610,20261021.0,36200.0,Call,-,-,-,-,9570.0,-,-,0,0,0,0,-,-,-,-
TXO,202610,20261021.0,36200.0,Put,-,-,-,-,51.0,-,-,2,0,2,13,48,-,1120,44
TXO,202610,20261021.0,36300.0,Call,-,-,-,-,9470.0,-,-,0,0,0,0,-,9510,-,-
TXO,202610,20261021.0,36300.0,Put,52,53,50,53,53.0,▼-6,▼-10.17%,2,5,7,7,-,151,915,50
TXO,202610,20261021.0,36400.0,Call,-,-,-,-,9370.0,-,-,0,0,0,0,-,9410,-,-
TXO,202610,20261021.0,36400.0,Put,54,54,54,54,54.0,▼-6,▼-10.00%,0,5,5,38,53,55,401,50
TXO,202610,20261021.0,36500.0,Call,-,-,-,-,9280.0,-,-,0,0,0,0,9240,-,-,-
TXO,202610,20261021.0,36500.0,Put,55,55,52,52,54.0,▼-11,▼-17.46%,0,11,11,33,54,56,1510,47
TXO,202610,20261021.0,36600.0,Call,-,-,-,-,9180.0,-,-,0,0,0,0,9140,-,-,-
TXO,202610,20261021.0,36600.0,Put,-,-,-,-,56.0,-,-,0,0,0,20,-,156,1110,50
TXO,202610,20261021.0,36700.0,Call,-,-,-,-,9080.0,-,-,0,0,0,0,9040,-,-,-
TXO,202610,20261021.0,36700.0,Put,-,-,-,-,57.0,-,-,0,0,0,2,-,-,710,53
TXO,202610,20261021.0,36800.0,Call,-,-,-,-,8980.0,-,-,0,0,0,0,-,9020,-,-
TXO,202610,20261021.0,36800.0,Put,-,-,-,-,59.0,-,-,0,0,0,5,49,-,497,50
TXO,202610,20261021.0,36900.0,Call,-,-,-,-,8880.0,-,-,0,0,0,0,-,8920,-,-
TXO,202610,20261021.0,36900.0,Put,-,-,-,-,60.0,-,-,0,0,0,15,0.1,-,1620,47.5
TXO,202610,20261021.0,37000.0,Call,-,-,-,-,8780.0,-,-,0,0,0,0,8750,-,-,-
TXO,202610,20261021.0,37000.0,Put,65,65,60,64,64.0,▼-4,▼-5.88%,3,20,23,121,62,64,1010,45
TXO,202610,20261021.0,37100.0,Call,-,-,-,-,8690.0,-,-,0,0,0,0,-,-,-,-
TXO,202610,20261021.0,37100.0,Put,-,-,-,-,64.0,-,-,0,0,0,18,0.1,-,750,53
TXO,202610,20261021.0,37200.0,Call,-,-,-,-,8590.0,-,-,0,0,0,0,-,-,-,-
TXO,202610,20261021.0,37200.0,Put,-,-,-,-,66.0,-,-,0,0,0,35,59,88,1460,50
TXO,202610,20261021.0,37300.0,Call,-,-,-,-,8490.0,-,-,0,0,0,0,-,8520,-,-
TXO,202610,20261021.0,37300.0,Put,-,-,-,-,68.0,-,-,0,0,0,3,67,69,575,54
TXO,202610,20261021.0,37400.0,Call,-,-,-,-,8390.0,-,-,0,0,0,0,-,8430,-,-
TXO,202610,20261021.0,37400.0,Put,-,-,-,-,70.0,-,-,0,0,0,13,0.1,169,815,50
TXO,202610,20261021.0,37500.0,Call,-,-,-,-,8300.0,-,-,0,0,0,0,-,8330,-,-
TXO,202610,20261021.0,37500.0,Put,-,-,-,-,72.0,-,-,3,0,3,29,60,-,445,53
TXO,202610,20261021.0,37600.0,Call,-,-,-,-,8200.0,-,-,0,0,0,0,-,8230,-,-
TXO,202610,20261021.0,37600.0,Put,-,-,-,-,74.0,-,-,0,0,0,7,-,83,850,66
TXO,202610,20261021.0,37700.0,Call,-,-,-,-,8100.0,-,-,0,0,0,0,-,8130,-,-
TXO,202610,20261021.0,37700.0,Put,78,78,78,78,78.0,▼-8,▼-9.30%,1,1,2,19,1,90,300,52
TXO,202610,20261021.0,37800.0,Call,-,-,-,-,8000.0,-,-,0,0,0,0,7960,-,-,-
TXO,202610,20261021.0,37800.0,Put,-,-,-,-,79.0,-,-,0,0,0,6,0.1,-,945,59
TXO,202610,20261021.0,37900.0,Call,-,-,-,-,7900.0,-,-,0,0,0,0,7870,-,-,-
TXO,202610,20261021.0,37900.0,Put,-,-,-,-,81.0,-,-,1,0,1,49,0.1,180,900,58
TXO,202610,20261021.0,38000.0,Call,-,-,-,-,7810.0,-,-,0,0,0,0,7770,-,-,-
TXO,202610,20261021.0,38000.0,Put,100,100,80,84,84.0,▼-9,▼-9.68%,35,48,83,220,78,98,2000,56
TXO,202610,20261021.0,38100.0,Call,-,-,-,-,7710.0,-,-,0,0,0,0,7670,7740,-,-
TXO,202610,20261021.0,38100.0,Put,90,90,90,90,90.0,▼-6,▼-6.25%,2,1,3,41,60,185,1380,76
TXO,202610,20261021.0,38200.0,Call,-,-,-,-,7610.0,-,-,0,0,0,0,-,-,-,-
TXO,202610,20261021.0,38200.0,Put,-,-,-,-,90.0,-,-,1,0,1,6,90,99,1020,64
TXO,202610,20261021.0,38300.0,Call,-,-,-,-,7520.0,-,-,0,0,0,0,-,7550,-,-
TXO,202610,20261021.0,38300.0,Put,-,-,-,-,93.0,-,-,0,0,0,0,0.1,-,-,-
TXO,202610,20261021.0,38400.0,Call,-,-,-,-,7420.0,-,-,0,0,0,0,-,7450,-,-
TXO,202610,20261021.0,38400.0,Put,89,89,89,89,96.0,▼-15,▼-14.42%,3,1,4,7,1,193,1930,9.6
TXO,202610,20261021.0,38500.0,Call,-,-,-,-,7320.0,-,-,0,0,0,0,7290,-,-,-
TXO,202610,20261021.0,38500.0,Put,96,102,95,100,100.0,▼-9,▼-8.26%,19,16,35,123,99,102,2100,63
TXO,202610,20261021.0,38600.0,Call,-,-,-,-,7230.0,-,-,0,0,0,0,-,-,-,-
TXO,202610,20261021.0,38600.0,Put,100,105,100,105,105.0,▼-9,▼-7.89%,1,5,6,13,0.2,198,422,95
TXO,202610,20261021.0,38700.0,Call,-,-,-,-,7130.0,-,-,0,0,0,0,7100,-,-,-
TXO,202610,20261021.0,38700.0,Put,-,-,-,-,107.0,-,-,0,0,0,11,106,109,2230,76
TXO,202610,20261021.0,38800.0,Call,-,-,-,-,7040.0,-,-,0,0,0,0,-,7070,-,-
TXO,202610,20261021.0,38800.0,Put,-,-,-,-,111.0,-,-,0,0,0,6,7.2,190,610,75
TXO,202610,20261021.0,38900.0,Call,-,-,-,-,6940.0,-,-,0,0,0,1,6910,6970,8230,7900
TXO,202610,20261021.0,38900.0,Put,116,116,116,116,116.0,▼-10,▼-7.94%,0,2,2,13,114,117,690,73
TXO,202610,20261021.0,39000.0,Call,-,-,-,-,6840.0,-,-,0,0,0,0,-,-,-,-
TXO,202610,20261021.0,39000.0,Put,122,122,116,121,121.0,▼-9,▼-6.92%,35,30,65,208,118,121,1790,67
TXO,202610,20261021.0,39100.0,Call,-,-,-,-,6750.0,-,-,0,0,0,0,-,6780,-,-
TXO,202610,20261021.0,39100.0,Put,-,-,-,-,124.0,-,-,0,0,0,8,80,-,820,80
TXO,202610,20261021.0,39200.0,Call,-,-,-,-,6650.0,-,-,0,0,0,0,-,6690,-,-
TXO,202610,20261021.0,39200.0,Put,121,121,121,121,129.0,▼-21,▼-14.79%,0,1,1,17,127,131,162,81
TXO,202610,20261021.0,39300.0,Call,-,-,-,-,6560.0,-,-,0,0,0,0,6530,-,-,-
TXO,202610,20261021.0,39300.0,Put,-,-,-,-,135.0,-,-,0,0,0,5,28.5,231,525,78
TXO,202610,20261021.0,39400.0,Call,-,-,-,-,6460.0,-,-,0,0,0,0,6430,6500,-,-
TXO,202610,20261021.0,39400.0,Put,138,138,138,138,138.0,▼-13,▼-8.61%,2,1,3,35,34.5,198,545,78
TXO,202610,20261021.0,39500.0,Call,-,-,-,-,6370.0,-,-,0,0,0,1,-,6460,7030,7030
TXO,202610,20261021.0,39500.0,Put,149,149,140,149,149.0,▼-9,▼-5.70%,5,21,26,41,144,149,995,81
TXO,202610,20261021.0,39600.0,Call,-,-,-,-,6280.0,-,-,0,0,0,0,6250,-,-,-
TXO,202610,20261021.0,39600.0,Put,149,149,147,149,149.0,▼-15,▼-9.15%,1,4,5,16,45.5,208,1300,87
TXO,202610,20261021.0,39700.0,Call,-,-,-,-,6180.0,-,-,0,0,0,0,6150,6210,-,-
TXO,202610,20261021.0,39700.0,Put,-,-,-,-,157.0,-,-,0,0,0,2,-,-,665,90
TXO,202610,20261021.0,39800.0,Call,-,-,-,-,6090.0,-,-,0,0,0,0,-,6120,-,-
TXO,202610,20261021.0,39800.0,Put,163,163,161,161,161.0,▼-16,▼-9.04%,4,3,7,10,162,167,585,93
TXO,202610,20261021.0,39900.0,Call,-,-,-,-,6000.0,-,-,0,0,0,3,5970,6020,6680,3150
TXO,202610,20261021.0,39900.0,Put,-,-,-,-,170.0,-,-,0,0,0,14,63,296,2760,95
TXO,202610,20261021.0,40000.0,Call,-,-,-,-,5900.0,-,-,0,0,0,0,-,-,-,-
TXO,202610,20261021.0,40000.0,Put,175,182,161,182,182.0,▼-12,▼-6.19%,74,61,135,580,174,190,2490,92
TXO,202610,20261021.0,40100.0,Call,-,-,-,-,5810.0,-,-,0,0,0,0,5780,-,-,-
TXO,202610,20261021.0,40100.0,Put,-,-,-,-,184.0,-,-,40,0,40,35,82,204,660,99
TXO,202610,20261021.0,40200.0,Call,-,-,-,-,5720.0,-,-,0,0,0,0,-,5750,-,-
TXO,202610,20261021.0,40200.0,Put,181,195,181,195,195.0,▼-7,▼-3.47%,0,3,3,16,85,1000,630,125
TXO,202610,20261021.0,40300.0,Call,-,-,-,-,5630.0,-,-,0,0,0,0,5600,5650,-,-
TXO,202610,20261021.0,40300.0,Put,196,202,193,202,202.0,▼-11,▼-5.16%,2,6,8,17,198,203,2940,107
TXO,202610,20261021.0,40400.0,Call,-,-,-,-,5540.0,-,-,0,0,0,0,5510,5560,-,-
TXO,202610,20261021.0,40400.0,Put,220,220,198,215,215.0,▼-5,▼-2.27%,0,4,4,14,100,-,300,116
TXO,202610,20261021.0,40500.0,Call,-,-,-,-,5450.0,-,-,0,0,0,0,5420,5470,-,-
TXO,202610,20261021.0,40500.0,Put,225,225,206,217,217.0,▼-8,▼-3.56%,6,24,30,47,216,221,2730,112
TXO,202610,20261021.0,40600.0,Call,-,-,-,-,5360.0,-,-,0,0,0,0,5330,-,-,-
TXO,202610,20261021.0,40600.0,Put,220,235,213,233,227.0,0,0%,0,7,7,27,225,230,1260,130
TXO,202610,20261021.0,40700.0,Call,-,-,-,-,5260.0,-,-,0,0,0,0,-,-,-,-
TXO,202610,20261021.0,40700.0,Put,215,235,215,231,231.0,▼-19,▼-7.60%,0,5,5,11,-,391,1540,133
TXO,202610,20261021.0,40800.0,Call,-,-,-,-,5170.0,-,-,0,0,0,1,-,5200,5680,3010
TXO,202610,20261021.0,40800.0,Put,235,240,235,240,240.0,▼-18,▼-6.98%,0,3,3,6,136,-,2920,135
TXO,202610,20261021.0,40900.0,Call,-,-,-,-,5090.0,-,-,0,0,0,0,-,-,-,-
TXO,202610,20261021.0,40900.0,Put,241,262,241,262,262.0,▼-1,▼-0.38%,0,3,3,14,254,260,3100,158
TXO,202610,20261021.0,41000.0,Call,-,-,-,-,5000.0,-,-,0,0,0,0,-,-,4060,2930
TXO,202610,20261021.0,41000.0,Put,255,269,255,265,265.0,▼-13,▼-4.68%,18,20,38,232,205,285,3020,133
TXO,202610,20261021.0,41100.0,Call,-,-,-,-,4910.0,-,-,0,0,0,0,-,4930,-,-
TXO,202610,20261021.0,41100.0,Put,-,-,-,-,279.0,-,-,0,0,0,12,275,281,2590,183
TXO,202610,20261021.0,41200.0,Call,-,-,-,-,4820.0,-,-,0,0,0,0,4790,4840,4840,3580
TXO,202610,20261021.0,41200.0,Put,274,274,274,274,289.0,▼-24,▼-8.05%,1,1,2,13,178,376,2540,145
TXO,202610,20261021.0,41300.0,Call,-,-,-,-,4730.0,-,-,0,0,0,0,-,4760,-,-
TXO,202610,20261021.0,41300.0,Put,-,-,-,-,301.0,-,-,3,0,3,32,300,306,760,162
TXO,202610,20261021.0,41400.0,Call,-,-,-,-,4640.0,-,-,0,0,0,0,4610,-,-,-
TXO,202610,20261021.0,41400.0,Put,309,309,309,309,309.0,▼-17,▼-5.21%,0,1,1,7,202,-,800,156
TXO,202610,20261021.0,41500.0,Call,-,-,-,-,4560.0,-,-,1,0,1,1,4530,-,4460,4460
TXO,202610,20261021.0,41500.0,Put,310,329,310,329,329.0,▼-9,▼-2.66%,12,31,43,91,325,331,2280,168
TXO,202610,20261021.0,41600.0,Call,-,-,-,-,4470.0,-,-,0,0,0,1,4440,-,3210,3210
TXO,202610,20261021.0,41600.0,Put,318,335,318,322,340.0,▼-30,▼-8.52%,3,7,10,17,338,344,2550,192
TXO,202610,20261021.0,41700.0,Call,-,-,-,-,4380.0,-,-,0,0,0,0,-,4410,-,-
TXO,202610,20261021.0,41700.0,Put,-,-,-,-,354.0,-,-,0,0,0,9,242,-,975,185
TXO,202610,20261021.0,41800.0,Call,-,-,-,-,4300.0,-,-,0,0,0,0,-,-,-,-
TXO,202610,20261021.0,41800.0,Put,360,360,355,355,355.0,▼-23,▼-6.08%,1,2,3,26,254,-,2140,198
TXO,202610,20261021.0,41900.0,Call,-,-,-,-,4210.0,-,-,0,0,0,0,4190,-,-,-
TXO,202610,20261021.0,41900.0,Put,-,-,-,-,383.0,-,-,1,0,1,9,380,386,2830,240
TXO,202610,20261021.0,42000.0,Call,-,-,-,-,4130.0,-,-,0,0,0,0,4100,4150,-,-
TXO,202610,20261021.0,42000.0,Put,388,414,365,400,400.0,▼-2,▼-0.50%,73,60,133,245,380,404,3500,186
TXO,202610,20261021.0,42100.0,Call,-,-,-,-,4050.0,-,-,0,0,0,0,-,4070,-,-
TXO,202610,20261021.0,42100.0,Put,-,-,-,-,415.0,-,-,9,0,9,5,299,-,640,207
TXO,202610,20261021.0,42200.0,Call,-,-,-,-,3960.0,-,-,0,0,0,2,8,3990,4200,2000
TXO,202610,20261021.0,42200.0,Put,406,435,397,435,435.0,▼-6,▼-1.36%,0,63,63,75,428,435,2120,210
TXO,202610,20261021.0,42300.0,Call,-,-,-,-,3880.0,-,-,0,0,0,0,-,-,-,-
TXO,202610,20261021.0,42300.0,Put,-,-,-,-,446.0,-,-,0,0,0,17,445,452,985,223
TXO,202610,20261021.0,42400.0,Call,-,-,-,-,3800.0,-,-,0,0,0,2,3770,-,5310,2960
TXO,202610,20261021.0,42400.0,Put,-,-,-,-,466.0,-,-,0,0,0,12,462,468,3760,246
TXO,202610,20261021.0,42500.0,Call,-,-,-,-,3720.0,-,-,0,0,0,0,-,-,5210,2120
TXO,202610,20261021.0,42500.0,Put,462,505,440,495,495.0,▲+1,▲+0.20%,26,54,80,115,400,-,1850,242
TXO,202610,20261021.0,42600.0,Call,3690,3690,3610,3610,3640.0,▼-200,▼-5.25%,0,2,2,2,3550,3660,3690,3610
TXO,202610,20261021.0,42600.0,Put,-,-,-,-,505.0,-,-,0,0,0,27,411,610,1150,244
TXO,202610,20261021.0,42700.0,Call,-,-,-,-,3560.0,-,-,0,0,0,1,3520,3580,4190,4190
TXO,202610,20261021.0,42700.0,Put,505,520,482,520,520.0,▲+5,▲+0.97%,2,15,17,30,515,525,1870,251
TXO,202610,20261021.0,42800.0,Call,3580,3680,3580,3600,3480.0,▼-50,▼-1.37%,0,7,7,3,-,3630,3680,3580
TXO,202610,20261021.0,42800.0,Put,520,530,510,510,545.0,▼-40,▼-7.27%,0,18,18,109,455,-,3100,275
TXO,202610,20261021.0,42900.0,Call,-,-,-,-,3400.0,-,-,0,0,0,0,-,3420,4410,3070
TXO,202610,20261021.0,42900.0,Put,540,540,540,540,565.0,▼-35,▼-6.09%,5,2,7,62,560,570,3050,298
TXO,202610,20261021.0,43000.0,Call,-,-,-,-,3320.0,-,-,0,0,0,2,-,3340,3520,3180
TXO,202610,20261021.0,43000.0,Put,510,605,505,590,590.0,▼-5,▼-0.84%,30,138,168,382,580,590,4200,280
TXO,202610,20261021.0,43100.0,Call,-,-,-,-,3240.0,-,-,0,0,0,0,-,3260,-,-
TXO,202610,20261021.0,43100.0,Put,590,590,575,575,605.0,▼-40,▼-6.50%,2,2,4,14,-,730,1390,340
TXO,202610,20261021.0,43200.0,Call,-,-,-,-,3160.0,-,-,0,0,0,2,3010,3820,3750,2950
TXO,202610,20261021.0,43200.0,Put,610,630,600,630,630.0,0,0%,8,11,19,44,625,635,1000,326
TXO,202610,20261021.0,43300.0,Call,-,-,-,-,3090.0,-,-,0,0,0,0,-,3110,-,-
TXO,202610,20261021.0,43300.0,Put,620,635,615,615,650.0,▼-40,▼-6.11%,0,68,68,73,550,-,1470,341
TXO,202610,20261021.0,43400.0,Call,-,-,-,-,3010.0,-,-,0,0,0,1,2850,-,3610,2880
TXO,202610,20261021.0,43400.0,Put,665,685,645,645,675.0,▼-35,▼-5.15%,9,9,18,19,-,765,2890,337
TXO,202610,20261021.0,43500.0,Call,-,-,-,-,2940.0,-,-,0,0,0,60,2790,-,3100,1570
TXO,202610,20261021.0,43500.0,Put,645,715,645,705,705.0,▼-10,▼-1.40%,7,31,38,317,695,705,3050,374
TXO,202610,20261021.0,43600.0,Call,-,-,-,-,2860.0,-,-,0,0,0,70,-,-,3300,2770
TXO,202610,20261021.0,43600.0,Put,725,725,670,670,725.0,▼-60,▼-8.22%,10,2,12,18,288,830,2850,385
TXO,202610,20261021.0,43700.0,Call,-,-,-,-,2780.0,-,-,0,0,0,35,2640,2810,4280,2710
TXO,202610,20261021.0,43700.0,Put,-,-,-,-,750.0,-,-,1,0,1,36,750,760,2920,390
TXO,202610,20261021.0,43800.0,Call,2890,2890,2890,2890,2710.0,0,0%,0,1,1,25,2710,2730,3740,1650
TXO,202610,20261021.0,43800.0,Put,760,760,750,750,780.0,▼-30,▼-3.85%,2,9,11,17,775,795,3100,401
TXO,202610,20261021.0,43900.0,Call,-,-,-,-,2640.0,-,-,0,0,0,20,2490,-,3660,2590
TXO,202610,20261021.0,43900.0,Put,760,810,760,810,810.0,0,0%,1,4,5,64,-,920,3140,446
TXO,202610,20261021.0,44000.0,Call,-,-,-,-,2570.0,-,-,0,0,0,18,2560,2590,3460,1520
TXO,202610,20261021.0,44000.0,Put,805,860,760,860,835.0,▲+20,▲+2.38%,12,60,72,469,830,845,2770,420
TXO,202610,20261021.0,44100.0,Call,-,-,-,-,2500.0,-,-,0,0,0,5,2490,2510,2750,1540
TXO,202610,20261021.0,44100.0,Put,850,850,815,835,870.0,▼-30,▼-3.47%,1,4,5,45,775,-,3230,496
TXO,202610,20261021.0,44200.0,Call,-,-,-,-,2430.0,-,-,0,0,0,5,2420,2450,3680,2390
TXO,202610,20261021.0,44200.0,Put,-,-,-,-,900.0,-,-,0,0,0,27,3.8,980,2730,472
TXO,202610,20261021.0,44300.0,Call,-,-,-,-,2360.0,-,-,1,0,1,1,-,-,3340,2440
TXO,202610,20261021.0,44300.0,Put,960,960,945,945,945.0,▲+25,▲+2.72%,1,12,13,44,3.8,-,2040,500
TXO,202610,20261021.0,44400.0,Call,-,-,-,-,2300.0,-,-,0,0,0,20,2150,-,3360,1410
TXO,202610,20261021.0,44400.0,Put,945,950,920,950,950.0,▼-10,▼-1.04%,3,3,6,18,855,1070,2180,505
TXO,202610,20261021.0,44500.0,Call,-,-,-,-,2230.0,-,-,4,0,4,20,2080,-,3070,1900
TXO,202610,20261021.0,44500.0,Put,920,965,920,965,990.0,▼-25,▼-2.53%,5,2,7,52,990,1000,4990,505
TXO,202610,20261021.0,44600.0,Call,-,-,-,-,2160.0,-,-,0,0,0,15,2030,-,3110,2130
TXO,202610,20261021.0,44600.0,Put,975,1030,940,1030,1030.0,▲+20,▲+1.98%,2,4,6,83,1020,1040,1220,515
TXO,202610,20261021.0,44700.0,Call,-,-,-,-,2100.0,-,-,1,0,1,24,-,-,3380,1350
TXO,202610,20261021.0,44700.0,Put,1020,1020,1020,1020,1070.0,▼-40,▼-3.77%,0,1,1,24,1060,1080,2050,575
TXO,202610,20261021.0,44800.0,Call,2170,2170,2120,2120,2040.0,▼-80,▼-3.64%,2,2,4,139,2030,2050,2950,1830
TXO,202610,20261021.0,44800.0,Put,1000,1100,1000,1100,1100.0,0,0%,0,15,15,132,1100,1110,2220,575
TXO,202610,20261021.0,44900.0,Call,-,-,-,-,1970.0,-,-,0,0,0,1,-,-,2870,1950
TXO,202610,20261021.0,44900.0,Put,1090,1090,1090,1090,1140.0,▼-40,▼-3.54%,5,6,11,43,3.8,-,1390,595
TXO,202610,20261021.0,45000.0,Call,2130,2130,1890,1890,1890.0,▼-180,▼-8.70%,1,7,8,19,7,-,3300,1600
TXO,202610,20261021.0,45000.0,Put,1150,1190,1070,1190,1190.0,▲+30,▲+2.59%,42,40,82,169,1170,1180,2760,605
TXO,202610,20261021.0,45100.0,Call,-,-,-,-,1850.0,-,-,0,0,0,1,1840,1860,3100,2020
TXO,202610,20261021.0,45100.0,Put,-,-,-,-,1220.0,-,-,1,0,1,47,3.8,-,2640,650
TXO,202610,20261021.0,45200.0,Call,1780,1780,1780,1780,1780.0,▼-170,▼-8.72%,0,1,1,2,1670,-,2910,1670
TXO,202610,20261021.0,45200.0,Put,-,-,-,-,1260.0,-,-,0,0,0,49,1190,-,3950,680
TXO,202610,20261021.0,45300.0,Call,1810,1890,1690,1690,1730.0,▼-200,▼-10.58%,18,17,35,11,1680,-,2700,1130
TXO,202610,20261021.0,45300.0,Put,1250,1250,1250,1250,1300.0,▼-30,▼-2.34%,0,1,1,11,3.8,-,2510,710
TXO,202610,20261021.0,45400.0,Call,-,-,-,-,1680.0,-,-,0,0,0,1,1660,1680,3120,1820
TXO,202610,20261021.0,45400.0,Put,1280,1330,1270,1270,1340.0,▼-50,▼-3.79%,0,7,7,30,1270,-,1370,735
TXO,202610,20261021.0,45500.0,Call,1670,1700,1590,1600,1600.0,▼-170,▼-9.60%,6,10,16,20,500,1720,2840,1160
TXO,202610,20261021.0,45500.0,Put,-,-,-,-,1390.0,-,-,5,0,5,75,50,-,1780,740
TXO,202610,20261021.0,45600.0,Call,1680,1680,1540,1540,1540.0,▼-170,▼-9.94%,6,28,34,28,-,-,2800,1510
TXO,202610,20261021.0,45600.0,Put,1360,1420,1320,1420,1420.0,▲+20,▲+1.43%,7,5,12,46,1360,-,2470,825
TXO,202610,20261021.0,45700.0,Call,-,-,-,-,1510.0,-,-,8,0,8,17,1500,1520,2180,1450
TXO,202610,20261021.0,45700.0,Put,1430,1480,1420,1420,1480.0,▼-30,▼-2.07%,4,3,7,21,1370,3500,1640,810
TXO,202610,20261021.0,45800.0,Call,1560,1570,1480,1480,1480.0,▼-140,▼-8.64%,6,3,9,41,1320,1660,2800,1420
TXO,202610,20261021.0,45800.0,Put,1420,1560,1400,1540,1540.0,▲+60,▲+4.05%,2,31,33,32,1450,1650,2230,875
TXO,202610,20261021.0,45900.0,Call,1490,1490,1490,1490,1400.0,▼-60,▼-3.87%,4,1,5,19,1390,1410,2730,1160
TXO,202610,20261021.0,45900.0,Put,-,-,-,-,1570.0,-,-,3,0,3,41,1500,-,1620,905
TXO,202610,20261021.0,46000.0,Call,1480,1500,1310,1330,1330.0,▼-170,▼-11.33%,55,37,92,97,1310,1540,2680,970
TXO,202610,20261021.0,46000.0,Put,1530,1580,1490,1580,1620.0,▲+10,▲+0.64%,44,33,77,102,1470,1680,3660,890
TXO,202610,20261021.0,46100.0,Call,1290,1290,1260,1260,1300.0,▼-190,▼-13.10%,5,5,10,64,1190,1310,2520,1260
TXO,202610,20261021.0,46100.0,Put,-,-,-,-,1670.0,-,-,0,0,0,23,1650,1670,2260,975
TXO,202610,20261021.0,46200.0,Call,-,-,-,-,1250.0,-,-,0,0,0,15,1140,-,2520,1270
TXO,202610,20261021.0,46200.0,Put,1600,1630,1600,1630,1720.0,▼-60,▼-3.55%,0,4,4,24,1630,-,2690,970
TXO,202610,20261021.0,46300.0,Call,1260,1260,1200,1200,1200.0,▼-150,▼-11.11%,0,11,11,43,1190,1210,2420,1200
TXO,202610,20261021.0,46300.0,Put,-,-,-,-,1770.0,-,-,0,0,0,31,-,1900,2900,1040
TXO,202610,20261021.0,46400.0,Call,1340,1340,1130,1130,1130.0,▼-170,▼-13.08%,3,7,10,19,-,-,2400,790
TXO,202610,20261021.0,46400.0,Put,1730,1730,1730,1730,1820.0,▼-60,▼-3.35%,2,1,3,9,1800,1820,1970,1060
TXO,202610,20261021.0,46500.0,Call,1170,1180,1080,1090,1090.0,▼-160,▼-12.80%,7,10,17,123,1100,1120,2310,980
TXO,202610,20261021.0,46500.0,Put,1870,1870,1870,1870,1870.0,▲+30,▲+1.63%,1,1,2,166,1580,2000,2080,1040
TXO,202610,20261021.0,46600.0,Call,-,-,-,-,1060.0,-,-,6,0,6,72,-,-,2240,1070
TXO,202610,20261021.0,46600.0,Put,-,-,-,-,1920.0,-,-,2,0,2,3,-,-,2010,1130
TXO,202610,20261021.0,46700.0,Call,1080,1080,1080,1080,1020.0,▼-70,▼-6.09%,2,1,3,64,1010,1030,1980,1020
TXO,202610,20261021.0,46700.0,Put,-,-,-,-,1980.0,-,-,2,0,2,17,1970,1990,2080,1200
TXO,202610,20261021.0,46800.0,Call,1050,1050,950,950,975.0,▼-160,▼-14.41%,3,2,5,34,-,1040,2150,905
TXO,202610,20261021.0,46800.0,Put,1980,1980,1980,1980,2040.0,▼-20,▼-1.00%,2,1,3,6,2020,2050,2420,1330
TXO,202610,20261021.0,46900.0,Call,1020,1020,920,920,920.0,▼-140,▼-13.21%,1,3,4,19,925,940,2080,920
TXO,202610,20261021.0,46900.0,Put,-,-,-,-,2100.0,-,-,2,0,2,13,2040,2110,4010,1310
TXO,202610,20261021.0,47000.0,Call,960,1040,860,860,890.0,▼-160,▼-15.69%,17,25,42,283,860,1020,2260,860
TXO,202610,20261021.0,47000.0,Put,2100,2200,2050,2200,2150.0,▲+90,▲+4.27%,3,35,38,124,2140,2160,4240,1250
TXO,202610,20261021.0,47100.0,Call,-,-,-,-,855.0,-,-,2,0,2,12,2.2,-,1920,870
TXO,202610,20261021.0,47100.0,Put,-,-,-,-,2210.0,-,-,0,0,0,2,-,2340,1600,1450
TXO,202610,20261021.0,47200.0,Call,910,910,800,800,800.0,▼-135,▼-14.44%,3,4,7,21,810,820,2250,800
TXO,202610,20261021.0,47200.0,Put,2150,2150,2150,2150,2280.0,▼-80,▼-3.59%,2,1,3,10,-,-,2430,1430
TXO,202610,20261021.0,47300.0,Call,875,880,750,750,780.0,▼-165,▼-18.03%,3,11,14,20,770,785,1820,750
TXO,202610,20261021.0,47300.0,Put,-,-,-,-,2340.0,-,-,0,0,0,10,2330,2350,2640,1430
TXO,202610,20261021.0,47400.0,Call,800,800,715,715,740.0,▼-145,▼-16.86%,8,5,13,28,730,745,2030,630
TXO,202610,20261021.0,47400.0,Put,-,-,-,-,2400.0,-,-,0,0,0,13,2390,2410,2500,1480
TXO,202610,20261021.0,47500.0,Call,825,825,680,690,690.0,▼-130,▼-15.85%,19,25,44,133,700,710,2040,680
TXO,202610,20261021.0,47500.0,Put,-,-,-,-,2470.0,-,-,3,0,3,16,2460,2480,2670,1440
TXO,202610,20261021.0,47600.0,Call,-,-,-,-,675.0,-,-,5,0,5,30,570,-,1650,670
TXO,202610,20261021.0,47600.0,Put,-,-,-,-,2530.0,-,-,0,0,0,24,2520,2540,2040,1560
TXO,202610,20261021.0,47700.0,Call,700,700,645,645,645.0,▼-100,▼-13.42%,4,5,9,40,500,655,2100,645
TXO,202610,20261021.0,47700.0,Put,-,-,-,-,2600.0,-,-,0,0,0,14,2590,2610,2550,1610
TXO,202610,20261021.0,47800.0,Call,680,680,590,590,590.0,▼-120,▼-16.90%,4,8,12,29,-,715,1740,590
TXO,202610,20261021.0,47800.0,Put,-,-,-,-,2670.0,-,-,0,0,0,6,-,-,1740,1740
TXO,202610,20261021.0,47900.0,Call,655,655,585,585,585.0,▼-100,▼-14.60%,4,3,7,27,490,715,1410,570
TXO,202610,20261021.0,47900.0,Put,-,-,-,-,2740.0,-,-,0,0,0,6,2720,2900,1790,1790
TXO,202610,20261021.0,48000.0,Call,630,650,530,540,540.0,▼-115,▼-17.56%,39,193,232,358,530,555,1780,530
TXO,202610,20261021.0,48000.0,Put,-,-,-,-,2810.0,-,-,1,0,1,17,2790,-,4790,1720
TXO,202610,20261021.0,48100.0,Call,615,615,515,520,520.0,▼-95,▼-15.45%,2,3,5,24,425,-,1630,515
TXO,202610,20261021.0,48100.0,Put,-,-,-,-,2880.0,-,-,0,0,0,1,2860,2910,1880,1880
TXO,202610,20261021.0,48200.0,Call,550,550,488,490,490.0,▼-100,▼-16.95%,4,14,18,28,398,575,1550,488
TXO,202610,20261021.0,48200.0,Put,-,-,-,-,2960.0,-,-,0,0,0,2,2930,3110,2260,1930
TXO,202610,20261021.0,48300.0,Call,570,570,461,461,461.0,▼-104,▼-18.41%,2,7,9,77,469,475,1290,461
TXO,202610,20261021.0,48300.0,Put,-,-,-,-,3030.0,-,-,0,0,0,1,3010,3200,1990,1990
TXO,202610,20261021.0,48400.0,Call,530,535,440,441,441.0,▼-94,▼-17.57%,1,97,98,110,347,530,1270,440
TXO,202610,20261021.0,48400.0,Put,-,-,-,-,3110.0,-,-,0,0,0,4,-,3140,2050,2040
TXO,202610,20261021.0,48500.0,Call,515,515,407,418,418.0,▼-82,▼-16.40%,16,25,41,117,-,670,1510,407
TXO,202610,20261021.0,48500.0,Put,-,-,-,-,3180.0,-,-,0,0,0,8,-,3320,2950,2070
TXO,202610,20261021.0,48600.0,Call,452,452,393,393,393.0,▼-89,▼-18.46%,9,12,21,37,-,555,1180,393
TXO,202610,20261021.0,48600.0,Put,-,-,-,-,3260.0,-,-,0,0,0,0,3240,-,-,-
TXO,202610,20261021.0,48700.0,Call,422,422,371,371,371.0,▼-84,▼-18.46%,13,8,21,37,375,380,1100,371
TXO,202610,20261021.0,48700.0,Put,-,-,-,-,3340.0,-,-,0,0,0,0,3310,3370,2420,2420
TXO,202610,20261021.0,48800.0,Call,425,440,349,349,349.0,▼-82,▼-19.03%,5,39,44,38,-,-,1240,349
TXO,202610,20261021.0,48800.0,Put,-,-,-,-,3420.0,-,-,0,0,0,0,3390,3450,-,-
TXO,202610,20261021.0,48900.0,Call,380,383,328,334,334.0,▼-78,▼-18.93%,15,13,28,73,338,343,1060,328
TXO,202610,20261021.0,48900.0,Put,-,-,-,-,3500.0,-,-,0,0,0,0,-,3530,-,-
TXO,202610,20261021.0,49000.0,Call,385,402,312,316,316.0,▼-69,▼-17.92%,26,120,146,199,320,325,1300,312
TXO,202610,20261021.0,49000.0,Put,-,-,-,-,3580.0,-,-,0,0,0,5,3560,3720,5700,2350
TXO,202610,20261021.0,49100.0,Call,335,336,312,320,305.0,▼-59,▼-15.57%,4,5,9,70,223,-,975,312
TXO,202610,20261021.0,49100.0,Put,-,-,-,-,3660.0,-,-,0,0,0,0,3640,3690,-,-
TXO,202610,20261021.0,49200.0,Call,322,324,287,287,287.0,▼-59,▼-17.05%,0,8,8,24,204,-,1390,287
TXO,202610,20261021.0,49200.0,Put,-,-,-,-,3740.0,-,-,0,0,0,0,-,3770,-,-
TXO,202610,20261021.0,49300.0,Call,310,325,276,288,272.0,▼-45,▼-13.51%,26,8,34,17,268,274,1010,272
TXO,202610,20261021.0,49300.0,Put,-,-,-,-,3830.0,-,-,0,0,0,0,-,-,-,-
TXO,202610,20261021.0,49400.0,Call,310,310,245,245,245.0,▼-66,▼-21.22%,1,2,3,43,168,340,990,245
TXO,202610,20261021.0,49400.0,Put,-,-,-,-,3910.0,-,-,0,0,0,0,-,3940,-,-
TXO,202610,20261021.0,49500.0,Call,282,282,236,238,238.0,▼-62,▼-20.67%,8,9,17,443,153,313,1410,236
TXO,202610,20261021.0,49500.0,Put,-,-,-,-,4000.0,-,-,0,0,0,0,-,-,-,-
TXO,202610,20261021.0,49600.0,Call,264,271,224,224,224.0,▼-51,▼-18.55%,1,10,11,46,221,-,760,224
TXO,202610,20261021.0,49600.0,Put,-,-,-,-,4090.0,-,-,0,0,0,0,-,4110,-,-
TXO,202610,20261021.0,49700.0,Call,240,240,240,240,216.0,▼-21,▼-8.05%,2,1,3,25,83,372,940,220
TXO,202610,20261021.0,49700.0,Put,-,-,-,-,4170.0,-,-,0,0,0,0,-,4200,-,-
TXO,202610,20261021.0,49800.0,Call,210,210,200,200,200.0,▼-47,▼-19.03%,10,3,13,28,105,350,695,200
TXO,202610,20261021.0,49800.0,Put,-,-,-,-,4260.0,-,-,0,0,0,0,-,-,-,-
TXO,202610,20261021.0,49900.0,Call,204,204,184,184,184.0,▼-49,▼-21.03%,3,6,9,16,189,193,850,184
TXO,202610,20261021.0,49900.0,Put,-,-,-,-,4350.0,-,-,0,0,0,1,-,4520,2880,2880
TXO,202610,20261021.0,50000.0,Call,218,237,172,179,179.0,▼-41,▼-18.64%,95,158,253,406,170,180,1180,172
TXO,202610,20261021.0,50000.0,Put,-,-,-,-,4440.0,-,-,0,0,0,1,-,4470,4700,4700
TXO,202610,20261021.0,50100.0,Call,204,224,204,214,170.0,▲+9,▲+4.39%,4,31,35,40,67,221,840,170
TXO,202610,20261021.0,50100.0,Put,-,-,-,-,4530.0,-,-,0,0,0,0,-,4560,-,-
TXO,202610,20261021.0,50200.0,Call,199,210,154,154,154.0,▼-45,▼-22.61%,3,21,24,53,55,-,740,154
TXO,202610,20261021.0,50200.0,Put,-,-,-,-,4620.0,-,-,0,0,0,0,-,-,3280,3200
TXO,202610,20261021.0,50300.0,Call,200,200,147,147,147.0,▼-38,▼-20.54%,2,2,4,57,149,153,750,147
TXO,202610,20261021.0,50300.0,Put,-,-,-,-,4710.0,-,-,0,0,0,0,-,-,-,-
TXO,202610,20261021.0,50400.0,Call,175,185,139,141,141.0,▼-41,▼-22.53%,4,10,14,16,36,242,560,139
TXO,202610,20261021.0,50400.0,Put,-,-,-,-,4800.0,-,-,0,0,0,0,4770,4830,3350,3280
TXO,202610,20261021.0,50500.0,Call,165,165,139,139,139.0,▼-27,▼-16.27%,13,12,25,79,132,135,890,134
TXO,202610,20261021.0,50500.0,Put,-,-,-,-,4890.0,-,-,0,0,0,0,-,-,-,-
TXO,202610,20261021.0,50600.0,Call,-,-,-,-,127.0,-,-,1,0,1,6,124,127,705,142
TXO,202610,20261021.0,50600.0,Put,-,-,-,-,4980.0,-,-,0,0,0,0,-,-,-,-
TXO,202610,20261021.0,50700.0,Call,121,121,121,121,121.0,▼-25,▼-17.12%,0,1,1,6,46.5,-,500,121
TXO,202610,20261021.0,50700.0,Put,-,-,-,-,5070.0,-,-,0,0,0,0,-,-,-,-
TXO,202610,20261021.0,50800.0,Call,126,126,126,126,112.0,▼-10,▼-7.35%,0,10,10,20,5,227,615,126
TXO,202610,20261021.0,50800.0,Put,-,-,-,-,5170.0,-,-,0,0,0,0,-,-,-,-
TXO,202610,20261021.0,50900.0,Call,112,112,106,107,107.0,▼-21,▼-16.41%,12,4,16,23,103,106,795,106
TXO,202610,20261021.0,50900.0,Put,-,-,-,-,5260.0,-,-,0,0,0,0,-,5290,-,-
TXO,202610,20261021.0,51000.0,Call,116,124,93,99,99.0,▼-25,▼-20.16%,30,51,81,283,90,103,800,93
TXO,202610,20261021.0,51000.0,Put,-,-,-,-,5350.0,-,-,0,0,0,0,5330,-,-,-
TXO,202610,20261021.0,51100.0,Call,102,102,94,94,94.0,▼-25,▼-21.01%,0,5,5,15,15,-,810,94
TXO,202610,20261021.0,51100.0,Put,-,-,-,-,5450.0,-,-,0,0,0,0,-,5480,-,-
TXO,202610,20261021.0,51200.0,Call,100,100,81,88,88.0,▼-18,▼-16.98%,8,11,19,10,80,200,650,81
TXO,202610,20261021.0,51200.0,Put,-,-,-,-,5540.0,-,-,0,0,0,0,-,-,-,-
TXO,202610,20261021.0,51300.0,Call,108,108,95,95,81.0,▼-5,▼-5.00%,3,2,5,6,2.3,220,291,88
TXO,202610,20261021.0,51300.0,Put,-,-,-,-,5630.0,-,-,0,0,0,0,5610,-,-,-
TXO,202610,20261021.0,51400.0,Call,-,-,-,-,76.0,-,-,0,0,0,6,74,77,515,106
TXO,202610,20261021.0,51400.0,Put,-,-,-,-,5730.0,-,-,0,0,0,0,-,-,-,-
TXO,202610,20261021.0,51500.0,Call,82,82,67,67,67.0,▼-21,▼-23.86%,4,3,7,85,2,188,630,67
TXO,202610,20261021.0,51500.0,Put,-,-,-,-,5820.0,-,-,0,0,0,0,5800,-,-,-
TXO,202610,20261021.0,51600.0,Call,85,85,62,62,62.0,▼-20,▼-24.39%,0,4,4,8,18,-,520,62
TXO,202610,20261021.0,51600.0,Put,-,-,-,-,5920.0,-,-,0,0,0,0,-,-,-,-
TXO,202610,20261021.0,51700.0,Call,80,80,60,60,60.0,▼-17,▼-22.08%,0,4,4,4,2,180,610,60
TXO,202610,20261021.0,51700.0,Put,-,-,-,-,6010.0,-,-,0,0,0,0,-,6050,-,-
TXO,202610,20261021.0,51800.0,Call,80,80,58,59,59.0,▼-16,▼-21.33%,1,3,4,5,56,59,445,58
TXO,202610,20261021.0,51800.0,Put,-,-,-,-,6110.0,-,-,0,0,0,0,-,6150,-,-
TXO,202610,20261021.0,51900.0,Call,54,56,54,56,56.0,▼-16,▼-22.22%,1,2,3,1,2,-,1080,54
TXO,202610,20261021.0,51900.0,Put,-,-,-,-,6210.0,-,-,0,0,0,0,6180,6240,-,-
TXO,202610,20261021.0,52000.0,Call,65,65,48.5,49,49.0,▼-15,▼-23.44%,14,62,76,441,49.5,50,1020,48.5
TXO,202610,20261021.0,52000.0,Put,-,-,-,-,6300.0,-,-,0,0,0,0,-,-,-,-
TXO,202610,20261021.0,52100.0,Call,-,-,-,-,47.5,-,-,0,0,0,5,45.5,48,495,70
TXO,202610,20261021.0,52100.0,Put,-,-,-,-,6400.0,-,-,0,0,0,0,-,-,-,-
TXO,202610,20261021.0,52200.0,Call,52,52,52,52,44.5,▼-4,▼-7.14%,1,2,3,12,38,-,412,49.5
TXO,202610,20261021.0,52200.0,Put,-,-,-,-,6500.0,-,-,0,0,0,0,-,6530,-,-
TXO,202610,20261021.0,52300.0,Call,40,40,40,40,40.0,▼-12,▼-23.08%,0,1,1,2,-,-,1000,40
TXO,202610,20261021.0,52300.0,Put,-,-,-,-,6590.0,-,-,0,0,0,0,6570,6630,-,-
TXO,202610,20261021.0,52400.0,Call,-,-,-,-,38.0,-,-,0,0,0,5,0.1,38,865,63
TXO,202610,20261021.0,52400.0,Put,-,-,-,-,6690.0,-,-,0,0,0,0,-,6730,-,-
TXO,202610,20261021.0,52500.0,Call,37,38.5,35,35,35.0,▼-9.5,▼-21.35%,1,6,7,118,34,36,940,35
TXO,202610,20261021.0,52500.0,Put,-,-,-,-,6790.0,-,-,0,0,0,0,6760,-,-,-
TXO,202610,20261021.0,52600.0,Call,36,36,32,32,32.0,▼-9.5,▼-22.89%,2,23,25,24,-,34,250,7.7
TXO,202610,20261021.0,52600.0,Put,-,-,-,-,6890.0,-,-,0,0,0,0,-,-,-,-
TXO,202610,20261021.0,52700.0,Call,34.5,34.5,30.5,30.5,30.5,▼-7.5,▼-19.74%,1,7,8,17,30.5,32,310,30.5
TXO,202610,20261021.0,52700.0,Put,-,-,-,-,6980.0,-,-,0,0,0,0,-,7020,-,-
TXO,202610,20261021.0,52800.0,Call,41,41,29,30,30.0,▼-6.5,▼-17.81%,0,31,31,29,28.5,30,275,29
TXO,202610,20261021.0,52800.0,Put,-,-,-,-,7080.0,-,-,0,0,0,0,-,7120,-,-
TXO,202610,20261021.0,52900.0,Call,31,31,31,31,27.5,▼-4,▼-11.43%,0,1,1,2,26.5,28,139,31
TXO,202610,20261021.0,52900.0,Put,-,-,-,-,7180.0,-,-,0,0,0,0,-,7220,-,-
TXO,202610,20261021.0,53000.0,Call,32,32,25,25,25.0,▼-8,▼-24.24%,36,14,50,281,24.5,26,379,25
TXO,202610,20261021.0,53000.0,Put,-,-,-,-,7280.0,-,-,0,0,0,0,-,7320,-,-
TXO,202610,20261021.0,53100.0,Call,25,25,25,25,25.0,▼-5.5,▼-18.03%,0,2,2,1,23,24.5,100,25
TXO,202610,20261021.0,53100.0,Put,-,-,-,-,7380.0,-,-,0,0,0,0,-,-,-,-
TXO,202610,20261021.0,53200.0,Call,32,32,21.5,21.5,23.0,▼-7,▼-24.56%,0,7,7,15,21.5,23,130,21.5
TXO,202610,20261021.0,53200.0,Put,-,-,-,-,7470.0,-,-,0,0,0,0,7440,-,-,-
TXO,202610,20261021.0,53300.0,Call,23.5,23.5,21,21,21.0,▼-6,▼-22.22%,1,3,4,19,20.5,22,122,21
TXO,202610,20261021.0,53300.0,Put,-,-,-,-,7570.0,-,-,0,0,0,0,-,-,-,-
TXO,202610,20261021.0,53400.0,Call,-,-,-,-,20.5,-,-,1,0,1,1,19.5,20.5,65,24
TXO,202610,20261021.0,53400.0,Put,-,-,-,-,7670.0,-,-,0,0,0,0,7640,-,-,-
TXO,202610,20261021.0,53500.0,Call,-,-,-,-,19.5,-,-,28,0,28,97,18.5,19.5,112,20.5
TXO,202610,20261021.0,53500.0,Put,-,-,-,-,7770.0,-,-,0,0,0,0,7740,7810,-,-
TXO,202610,20261021.0,53600.0,Call,-,-,-,-,18.5,-,-,0,0,0,5,17.5,18.5,95,50
TXO,202610,20261021.0,53600.0,Put,-,-,-,-,7870.0,-,-,0,0,0,0,7840,7910,-,-
TXO,202610,20261021.0,53700.0,Call,23,23,17,17,17.0,▼-4,▼-19.05%,0,6,6,19,16.5,17.5,98,17
TXO,202610,20261021.0,53700.0,Put,-,-,-,-,7970.0,-,-,0,0,0,0,7940,-,-,-
TXO,202610,20261021.0,53800.0,Call,-,-,-,-,16.5,-,-,1,0,1,7,-,32,68,21
TXO,202610,20261021.0,53800.0,Put,-,-,-,-,8070.0,-,-,0,0,0,0,-,8110,-,-
TXO,202610,20261021.0,53900.0,Call,16.5,16.5,15,15,15.0,▼-5,▼-25.00%,0,14,14,6,15,16,82,15
TXO,202610,20261021.0,53900.0,Put,-,-,-,-,8170.0,-,-,0,0,0,0,8130,-,-,-
TXO,202610,20261021.0,54000.0,Call,17.5,17.5,14,14,15.0,▼-4,▼-22.22%,1,46,47,86,14.5,15,85,14
TXO,202610,20261021.0,54000.0,Put,-,-,-,-,8260.0,-,-,0,0,0,0,-,8310,-,-
TXO,202610,20261021.0,54100.0,Call,-,-,-,-,14.5,-,-,0,0,0,0,0.2,-,-,-
TXO,202610,20261021.0,54100.0,Put,-,-,-,-,8360.0,-,-,0,0,0,0,-,8410,-,-
TXO,202610,20261021.0,54200.0,Call,-,-,-,-,14.0,-,-,0,0,0,1,0.2,-,34.5,34.5
TXO,202610,20261021.0,54200.0,Put,-,-,-,-,8460.0,-,-,0,0,0,0,8430,-,-,-
TXO,202610,20261021.0,54300.0,Call,-,-,-,-,13.5,-,-,0,0,0,2,12.5,13.5,45.5,32
TXO,202610,20261021.0,54300.0,Put,-,-,-,-,8560.0,-,-,0,0,0,0,-,8610,-,-
TXO,202610,20261021.0,54400.0,Call,12,12,12,12,12.0,▼-3,▼-20.00%,0,1,1,1,12,13,56,12
TXO,202610,20261021.0,54400.0,Put,-,-,-,-,8660.0,-,-,0,0,0,0,-,-,-,-
TXO,202610,20261021.0,54500.0,Call,13,13,11.5,11.5,11.5,▼-3.5,▼-23.33%,12,24,36,129,11.5,12.5,61,11.5
TXO,202610,20261021.0,54500.0,Put,-,-,-,-,8760.0,-,-,0,0,0,0,-,-,-,-
TXO,202611,20261118.0,38000.0,Call,-,-,-,-,8090.0,-,-,0,0,0,0,8030,-,-,-
TXO,202611,20261118.0,38000.0,Put,225,230,220,230,230.0,▲+8,▲+3.60%,2,7,9,59,227,235,595,124
TXO,202611,20261118.0,38100.0,Call,-,-,-,-,8000.0,-,-,0,0,0,0,-,-,-,-
TXO,202611,20261118.0,38100.0,Put,-,-,-,-,239.0,-,-,0,0,0,3,-,326,525,192
TXO,202611,20261118.0,38200.0,Call,-,-,-,-,7900.0,-,-,0,0,0,0,-,-,-,-
TXO,202611,20261118.0,38200.0,Put,-,-,-,-,246.0,-,-,0,0,0,7,244,252,273,123
TXO,202611,20261118.0,38300.0,Call,-,-,-,-,7810.0,-,-,0,0,0,0,7780,-,-,-
TXO,202611,20261118.0,38300.0,Put,-,-,-,-,256.0,-,-,0,0,0,5,250,258,555,125
TXO,202611,20261118.0,38400.0,Call,-,-,-,-,7720.0,-,-,0,0,0,0,-,-,-,-
TXO,202611,20261118.0,38400.0,Put,-,-,-,-,264.0,-,-,0,0,0,5,-,-,299,123
TXO,202611,20261118.0,38500.0,Call,-,-,-,-,7630.0,-,-,0,0,0,0,7570,-,-,-
TXO,202611,20261118.0,38500.0,Put,-,-,-,-,272.0,-,-,1,0,1,27,160,348,585,165
TXO,202611,20261118.0,38600.0,Call,-,-,-,-,7540.0,-,-,0,0,0,0,-,-,8730,8630
TXO,202611,20261118.0,38600.0,Put,-,-,-,-,281.0,-,-,0,0,0,8,275,284,317,193
TXO,202611,20261118.0,38700.0,Call,-,-,-,-,7450.0,-,-,0,0,0,0,-,-,-,-
TXO,202611,20261118.0,38700.0,Put,-,-,-,-,289.0,-,-,0,0,0,2,-,446,370,164
TXO,202611,20261118.0,38800.0,Call,-,-,-,-,7360.0,-,-,0,0,0,0,7300,-,-,-
TXO,202611,20261118.0,38800.0,Put,-,-,-,-,299.0,-,-,0,0,0,1,293,302,204,204
TXO,202611,20261118.0,38900.0,Call,-,-,-,-,7270.0,-,-,0,0,0,0,7210,7310,-,-
TXO,202611,20261118.0,38900.0,Put,-,-,-,-,308.0,-,-,0,0,0,4,302,311,335,172
TXO,202611,20261118.0,39000.0,Call,-,-,-,-,7180.0,-,-,0,0,0,0,-,7220,8420,8260
TXO,202611,20261118.0,39000.0,Put,307,307,301,301,319.0,▼-15,▼-4.75%,0,6,6,18,312,321,402,165
TXO,202611,20261118.0,39100.0,Call,-,-,-,-,7090.0,-,-,0,0,0,0,7030,7130,-,-
TXO,202611,20261118.0,39100.0,Put,-,-,-,-,327.0,-,-,0,0,0,4,324,334,234,227
TXO,202611,20261118.0,39200.0,Call,-,-,-,-,7000.0,-,-,0,0,0,0,-,-,-,-
TXO,202611,20261118.0,39200.0,Put,-,-,-,-,336.0,-,-,0,0,0,2,333,343,303,206
TXO,202611,20261118.0,39300.0,Call,-,-,-,-,6910.0,-,-,0,0,0,0,6850,-,-,-
TXO,202611,20261118.0,39300.0,Put,-,-,-,-,348.0,-,-,0,0,0,5,234,500,650,610
TXO,202611,20261118.0,39400.0,Call,-,-,-,-,6820.0,-,-,0,0,0,0,-,6860,-,-
TXO,202611,20261118.0,39400.0,Put,-,-,-,-,359.0,-,-,0,0,0,0,245,-,-,-
TXO,202611,20261118.0,39500.0,Call,-,-,-,-,6730.0,-,-,0,0,0,0,6690,6770,-,-
TXO,202611,20261118.0,39500.0,Put,-,-,-,-,371.0,-,-,0,0,0,46,365,375,555,208
TXO,202611,20261118.0,39600.0,Call,-,-,-,-,6640.0,-,-,0,0,0,0,6610,-,-,-
TXO,202611,20261118.0,39600.0,Put,-,-,-,-,381.0,-,-,0,0,0,1,375,385,469,469
TXO,202611,20261118.0,39700.0,Call,-,-,-,-,6560.0,-,-,0,0,0,0,6490,-,-,-
TXO,202611,20261118.0,39700.0,Put,-,-,-,-,395.0,-,-,0,0,0,1,-,-,420,413
TXO,202611,20261118.0,39800.0,Call,-,-,-,-,6470.0,-,-,0,0,0,0,-,-,-,-
TXO,202611,20261118.0,39800.0,Put,-,-,-,-,406.0,-,-,0,0,0,2,400,410,283,208
TXO,202611,20261118.0,39900.0,Call,-,-,-,-,6380.0,-,-,0,0,0,0,6340,-,-,-
TXO,202611,20261118.0,39900.0,Put,-,-,-,-,418.0,-,-,0,0,0,2,413,423,210,205
TXO,202611,20261118.0,40000.0,Call,-,-,-,-,6290.0,-,-,0,0,0,0,6260,-,-,-
TXO,202611,20261118.0,40000.0,Put,400,424,400,424,424.0,▼-14,▼-3.20%,0,2,2,30,330,499,785,214
TXO,202611,20261118.0,40100.0,Call,-,-,-,-,6210.0,-,-,0,0,0,0,6150,-,-,-
TXO,202611,20261118.0,40100.0,Put,-,-,-,-,444.0,-,-,0,0,0,0,-,-,-,-
TXO,202611,20261118.0,40200.0,Call,-,-,-,-,6120.0,-,-,0,0,0,0,-,6160,-,-
TXO,202611,20261118.0,40200.0,Put,-,-,-,-,459.0,-,-,0,0,0,0,-,-,-,-
TXO,202611,20261118.0,40300.0,Call,-,-,-,-,6040.0,-,-,0,0,0,0,5980,-,-,-
TXO,202611,20261118.0,40300.0,Put,-,-,-,-,474.0,-,-,0,0,0,5,352,-,469,468
TXO,202611,20261118.0,40400.0,Call,-,-,-,-,5950.0,-,-,0,0,0,0,5890,-,-,-
TXO,202611,20261118.0,40400.0,Put,-,-,-,-,487.0,-,-,0,0,0,5,369,-,485,480
TXO,202611,20261118.0,40500.0,Call,-,-,-,-,5870.0,-,-,0,0,0,0,5830,-,-,-
TXO,202611,20261118.0,40500.0,Put,496,496,496,496,496.0,▼-2,▼-0.40%,0,5,5,21,-,700,505,259
TXO,202611,20261118.0,40600.0,Call,-,-,-,-,5780.0,-,-,0,0,0,0,-,-,-,-
TXO,202611,20261118.0,40600.0,Put,-,-,-,-,520.0,-,-,0,0,0,1,393,620,500,500
TXO,202611,20261118.0,40700.0,Call,-,-,-,-,5700.0,-,-,0,0,0,0,5640,-,-,-
TXO,202611,20261118.0,40700.0,Put,-,-,-,-,535.0,-,-,0,0,0,4,525,535,930,270
TXO,202611,20261118.0,40800.0,Call,-,-,-,-,5610.0,-,-,0,0,0,0,5560,-,-,-
TXO,202611,20261118.0,40800.0,Put,-,-,-,-,550.0,-,-,0,0,0,1,540,555,610,610
TXO,202611,20261118.0,40900.0,Call,-,-,-,-,5530.0,-,-,0,0,0,0,-,-,-,-
TXO,202611,20261118.0,40900.0,Put,-,-,-,-,565.0,-,-,0,0,0,0,433,-,-,-
TXO,202611,20261118.0,41000.0,Call,-,-,-,-,5440.0,-,-,0,0,0,0,-,-,-,-
TXO,202611,20261118.0,41000.0,Put,560,560,560,560,580.0,▼-25,▼-4.27%,3,2,5,14,458,710,990,311
TXO,202611,20261118.0,41100.0,Call,-,-,-,-,5360.0,-,-,0,0,0,0,-,-,-,-
TXO,202611,20261118.0,41100.0,Put,-,-,-,-,600.0,-,-,0,0,0,6,590,605,425,411
TXO,202611,20261118.0,41200.0,Call,-,-,-,-,5280.0,-,-,0,0,0,0,-,-,-,-
TXO,202611,20261118.0,41200.0,Put,-,-,-,-,615.0,-,-,0,0,0,5,-,-,425,425
TXO,202611,20261118.0,41300.0,Call,-,-,-,-,5200.0,-,-,0,0,0,0,-,-,-,-
TXO,202611,20261118.0,41300.0,Put,-,-,-,-,635.0,-,-,0,0,0,5,487,740,437,437
TXO,202611,20261118.0,41400.0,Call,-,-,-,-,5120.0,-,-,0,0,0,0,-,5160,-,-
TXO,202611,20261118.0,41400.0,Put,-,-,-,-,655.0,-,-,0,0,0,5,640,655,451,451
TXO,202611,20261118.0,41500.0,Call,-,-,-,-,5040.0,-,-,0,0,0,0,4980,-,-,-
TXO,202611,20261118.0,41500.0,Put,-,-,-,-,670.0,-,-,0,0,0,10,530,-,1040,465
TXO,202611,20261118.0,41600.0,Call,-,-,-,-,4960.0,-,-,0,0,0,0,4900,-,-,-
TXO,202611,20261118.0,41600.0,Put,-,-,-,-,690.0,-,-,0,0,0,5,680,695,479,479
TXO,202611,20261118.0,41700.0,Call,-,-,-,-,4880.0,-,-,0,0,0,0,-,-,-,-
TXO,202611,20261118.0,41700.0,Put,-,-,-,-,710.0,-,-,0,0,0,5,565,810,494,494
TXO,202611,20261118.0,41800.0,Call,-,-,-,-,4800.0,-,-,0,0,0,0,4740,-,-,-
TXO,202611,20261118.0,41800.0,Put,-,-,-,-,730.0,-,-,0,0,0,5,720,735,510,510
TXO,202611,20261118.0,41900.0,Call,-,-,-,-,4720.0,-,-,0,0,0,0,4660,-,-,-
TXO,202611,20261118.0,41900.0,Put,-,-,-,-,750.0,-,-,0,0,0,6,-,-,560,525
TXO,202611,20261118.0,42000.0,Call,-,-,-,-,4640.0,-,-,0,0,0,0,-,-,-,-
TXO,202611,20261118.0,42000.0,Put,-,-,-,-,765.0,-,-,0,0,0,17,760,775,750,435
TXO,202611,20261118.0,42100.0,Call,-,-,-,-,4560.0,-,-,0,0,0,0,-,-,-,-
TXO,202611,20261118.0,42100.0,Put,-,-,-,-,790.0,-,-,0,0,0,10,785,800,725,515
TXO,202611,20261118.0,42200.0,Call,-,-,-,-,4480.0,-,-,0,0,0,0,4440,-,-,-
TXO,202611,20261118.0,42200.0,Put,-,-,-,-,810.0,-,-,0,0,0,5,-,-,745,575
TXO,202611,20261118.0,42300.0,Call,-,-,-,-,4410.0,-,-,0,0,0,0,4370,-,-,-
TXO,202611,20261118.0,42300.0,Put,-,-,-,-,835.0,-,-,0,0,0,5,825,840,595,595
TXO,202611,20261118.0,42400.0,Call,-,-,-,-,4320.0,-,-,0,0,0,0,-,-,-,-
TXO,202611,20261118.0,42400.0,Put,-,-,-,-,855.0,-,-,0,0,0,5,-,-,790,610
TXO,202611,20261118.0,42500.0,Call,-,-,-,-,4250.0,-,-,0,0,0,0,-,-,-,-
TXO,202611,20261118.0,42500.0,Put,855,855,855,855,880.0,▼-30,▼-3.39%,8,2,10,20,875,890,940,475
TXO,202611,20261118.0,42600.0,Call,-,-,-,-,4180.0,-,-,0,0,0,0,4120,4220,-,-
TXO,202611,20261118.0,42600.0,Put,-,-,-,-,905.0,-,-,0,0,0,10,-,-,830,605
TXO,202611,20261118.0,42700.0,Call,-,-,-,-,4100.0,-,-,0,0,0,0,4060,4140,-,-
TXO,202611,20261118.0,42700.0,Put,-,-,-,-,930.0,-,-,0,0,0,0,-,-,1620,915
TXO,202611,20261118.0,42800.0,Call,-,-,-,-,4030.0,-,-,0,0,0,0,3970,4070,-,-
TXO,202611,20261118.0,42800.0,Put,-,-,-,-,955.0,-,-,0,0,0,0,950,975,-,-
TXO,202611,20261118.0,42900.0,Call,-,-,-,-,3950.0,-,-,0,0,0,0,-,-,-,-
TXO,202611,20261118.0,42900.0,Put,905,1000,905,1000,1000.0,▲+15,▲+1.52%,0,2,2,2,-,-,1000,905
TXO,202611,20261118.0,43000.0,Call,-,-,-,-,3880.0,-,-,0,0,0,0,3840,-,-,-
TXO,202611,20261118.0,43000.0,Put,-,-,-,-,1010.0,-,-,0,0,0,5,1000,1020,745,545
TXO,202611,20261118.0,43100.0,Call,-,-,-,-,3810.0,-,-,0,0,0,0,3750,3850,-,-
TXO,202611,20261118.0,43100.0,Put,-,-,-,-,1030.0,-,-,0,0,0,5,1030,1050,780,750
TXO,202611,20261118.0,43200.0,Call,-,-,-,-,3740.0,-,-,0,0,0,0,3700,-,-,-
TXO,202611,20261118.0,43200.0,Put,-,-,-,-,1060.0,-,-,0,0,0,10,-,-,790,785
TXO,202611,20261118.0,43300.0,Call,-,-,-,-,3670.0,-,-,0,0,0,0,3630,-,-,-
TXO,202611,20261118.0,43300.0,Put,-,-,-,-,1090.0,-,-,0,0,0,12,1080,1100,1040,670
TXO,202611,20261118.0,43400.0,Call,-,-,-,-,3600.0,-,-,0,0,0,0,3560,3610,-,-
TXO,202611,20261118.0,43400.0,Put,-,-,-,-,1120.0,-,-,0,0,0,5,1110,1130,835,835
TXO,202611,20261118.0,43500.0,Call,-,-,-,-,3530.0,-,-,0,0,0,0,3490,3540,-,-
TXO,202611,20261118.0,43500.0,Put,1130,1130,1130,1130,1130.0,▼-10,▼-0.88%,0,1,1,8,1140,1160,1130,780
TXO,202611,20261118.0,43600.0,Call,-,-,-,-,3460.0,-,-,0,0,0,0,3420,3470,-,-
TXO,202611,20261118.0,43600.0,Put,-,-,-,-,1180.0,-,-,0,0,0,6,1170,1190,1070,865
TXO,202611,20261118.0,43700.0,Call,-,-,-,-,3390.0,-,-,0,0,0,0,3360,3410,-,-
TXO,202611,20261118.0,43700.0,Put,-,-,-,-,1210.0,-,-,0,0,0,5,1200,1220,890,890
TXO,202611,20261118.0,43800.0,Call,-,-,-,-,3320.0,-,-,0,0,0,0,3290,3340,-,-
TXO,202611,20261118.0,43800.0,Put,-,-,-,-,1240.0,-,-,0,0,0,5,-,-,920,850
TXO,202611,20261118.0,43900.0,Call,-,-,-,-,3250.0,-,-,0,0,0,0,-,-,-,-
TXO,202611,20261118.0,43900.0,Put,-,-,-,-,1270.0,-,-,0,0,0,6,-,-,1930,830
TXO,202611,20261118.0,44000.0,Call,3340,3350,3340,3350,3180.0,▲+10,▲+0.30%,5,2,7,3,3040,-,3350,3190
TXO,202611,20261118.0,44000.0,Put,-,-,-,-,1310.0,-,-,0,0,0,1,-,1410,2100,775
TXO,202611,20261118.0,44100.0,Call,-,-,-,-,3120.0,-,-,0,0,0,0,-,-,-,-
TXO,202611,20261118.0,44100.0,Put,-,-,-,-,1340.0,-,-,0,0,0,0,3.8,-,910,815
TXO,202611,20261118.0,44200.0,Call,-,-,-,-,3050.0,-,-,0,0,0,0,3030,3070,-,-
TXO,202611,20261118.0,44200.0,Put,-,-,-,-,1370.0,-,-,0,0,0,6,3.8,1500,1280,1020
TXO,202611,20261118.0,44300.0,Call,-,-,-,-,2990.0,-,-,0,0,0,0,-,-,-,-
TXO,202611,20261118.0,44300.0,Put,-,-,-,-,1410.0,-,-,0,0,0,2,3.8,-,1870,970
TXO,202611,20261118.0,44400.0,Call,-,-,-,-,2920.0,-,-,0,0,0,0,-,-,-,-
TXO,202611,20261118.0,44400.0,Put,-,-,-,-,1450.0,-,-,0,0,0,0,3.8,-,-,-
TXO,202611,20261118.0,44500.0,Call,3060,3060,3060,3060,2860.0,▲+50,▲+1.66%,0,1,1,1,2760,2880,3060,3060
TXO,202611,20261118.0,44500.0,Put,-,-,-,-,1480.0,-,-,0,0,0,0,1470,1490,1230,920
TXO,202611,20261118.0,44600.0,Call,-,-,-,-,2790.0,-,-,0,0,0,0,2780,2810,-,-
TXO,202611,20261118.0,44600.0,Put,-,-,-,-,1520.0,-,-,0,0,0,2,1500,1530,1330,1050
TXO,202611,20261118.0,44700.0,Call,-,-,-,-,2730.0,-,-,0,0,0,0,-,-,-,-
TXO,202611,20261118.0,44700.0,Put,-,-,-,-,1560.0,-,-,0,0,0,0,3.8,-,2040,1090
TXO,202611,20261118.0,44800.0,Call,-,-,-,-,2670.0,-,-,0,0,0,0,-,-,-,-
TXO,202611,20261118.0,44800.0,Put,-,-,-,-,1600.0,-,-,0,0,0,0,1580,1600,-,-
TXO,202611,20261118.0,44900.0,Call,-,-,-,-,2610.0,-,-,0,0,0,0,-,-,-,-
TXO,202611,20261118.0,44900.0,Put,-,-,-,-,1640.0,-,-,0,0,0,0,1620,1640,-,-
TXO,202611,20261118.0,45000.0,Call,-,-,-,-,2550.0,-,-,3,0,3,8,2540,2570,3740,2570
TXO,202611,20261118.0,45000.0,Put,-,-,-,-,1670.0,-,-,2,0,2,10,1660,1680,2580,1030
TXO,202611,20261118.0,45100.0,Call,-,-,-,-,2490.0,-,-,0,0,0,0,2470,2500,-,-
TXO,202611,20261118.0,45100.0,Put,-,-,-,-,1720.0,-,-,0,0,0,6,1700,1720,1630,1290
TXO,202611,20261118.0,45200.0,Call,-,-,-,-,2430.0,-,-,0,0,0,0,-,-,-,-
TXO,202611,20261118.0,45200.0,Put,-,-,-,-,1760.0,-,-,0,0,0,0,1740,1760,-,-
TXO,202611,20261118.0,45300.0,Call,-,-,-,-,2370.0,-,-,0,0,0,0,-,-,-,-
TXO,202611,20261118.0,45300.0,Put,-,-,-,-,1800.0,-,-,0,0,0,15,1780,1810,1360,1160
TXO,202611,20261118.0,45400.0,Call,-,-,-,-,2320.0,-,-,0,0,0,0,-,-,-,-
TXO,202611,20261118.0,45400.0,Put,-,-,-,-,1840.0,-,-,0,0,0,10,1770,-,2790,1190
TXO,202611,20261118.0,45500.0,Call,-,-,-,-,2260.0,-,-,0,0,0,1,-,-,3240,2320
TXO,202611,20261118.0,45500.0,Put,-,-,-,-,1880.0,-,-,0,0,0,20,3.8,-,2800,1220
TXO,202611,20261118.0,45600.0,Call,-,-,-,-,2200.0,-,-,0,0,0,0,2190,2220,-,-
TXO,202611,20261118.0,45600.0,Put,-,-,-,-,1920.0,-,-,0,0,0,7,-,-,1760,1200
TXO,202611,20261118.0,45700.0,Call,-,-,-,-,2150.0,-,-,0,0,0,0,-,-,-,-
TXO,202611,20261118.0,45700.0,Put,-,-,-,-,1970.0,-,-,0,0,0,20,1950,1980,1880,1370
TXO,202611,20261118.0,45800.0,Call,-,-,-,-,2090.0,-,-,0,0,0,0,2080,2110,-,-
TXO,202611,20261118.0,45800.0,Put,1960,1960,1960,1960,2010.0,▼-40,▼-2.00%,0,1,1,21,1940,2030,1960,1350
TXO,202611,20261118.0,45900.0,Call,-,-,-,-,2040.0,-,-,0,0,0,0,2020,2050,-,-
TXO,202611,20261118.0,45900.0,Put,-,-,-,-,2060.0,-,-,0,0,0,20,2050,2080,1810,1280
TXO,202611,20261118.0,46000.0,Call,-,-,-,-,1990.0,-,-,3,0,3,7,1870,-,3130,2020
TXO,202611,20261118.0,46000.0,Put,-,-,-,-,2110.0,-,-,0,0,0,11,-,2230,2800,1300
TXO,202611,20261118.0,46100.0,Call,-,-,-,-,1940.0,-,-,0,0,0,1,1920,1950,2540,2160
TXO,202611,20261118.0,46100.0,Put,-,-,-,-,2150.0,-,-,0,0,0,5,-,-,1660,1660
TXO,202611,20261118.0,46200.0,Call,-,-,-,-,1890.0,-,-,0,0,0,1,-,-,2680,2680
TXO,202611,20261118.0,46200.0,Put,-,-,-,-,2200.0,-,-,0,0,0,5,2190,2210,1700,1700
TXO,202611,20261118.0,46300.0,Call,-,-,-,-,1840.0,-,-,0,0,0,1,1820,1850,2350,2350
TXO,202611,20261118.0,46300.0,Put,-,-,-,-,2250.0,-,-,0,0,0,6,2240,2260,1970,1740
TXO,202611,20261118.0,46400.0,Call,-,-,-,-,1790.0,-,-,0,0,0,0,1770,1800,-,-
TXO,202611,20261118.0,46400.0,Put,-,-,-,-,2300.0,-,-,0,0,0,5,-,2420,1780,1780
TXO,202611,20261118.0,46500.0,Call,-,-,-,-,1740.0,-,-,0,0,0,12,1720,1750,2220,1840
TXO,202611,20261118.0,46500.0,Put,-,-,-,-,2350.0,-,-,0,0,0,12,2250,-,1870,1830
TXO,202611,20261118.0,46600.0,Call,-,-,-,-,1690.0,-,-,0,0,0,0,1670,1700,2250,2230
TXO,202611,20261118.0,46600.0,Put,-,-,-,-,2400.0,-,-,0,0,0,5,-,2520,1870,1870
TXO,202611,20261118.0,46700.0,Call,-,-,-,-,1640.0,-,-,0,0,0,5,1630,1650,2310,2310
TXO,202611,20261118.0,46700.0,Put,-,-,-,-,2460.0,-,-,0,0,0,5,2440,2470,1910,1910
TXO,202611,20261118.0,46800.0,Call,-,-,-,-,1600.0,-,-,1,0,1,2,-,1730,2620,1620
TXO,202611,20261118.0,46800.0,Put,-,-,-,-,2510.0,-,-,0,0,0,6,2440,-,2520,1840
TXO,202611,20261118.0,46900.0,Call,-,-,-,-,1550.0,-,-,0,0,0,6,-,1630,2200,2200
TXO,202611,20261118.0,46900.0,Put,-,-,-,-,2560.0,-,-,0,0,0,6,-,2680,2300,1690
TXO,202611,20261118.0,47000.0,Call,-,-,-,-,1500.0,-,-,0,0,0,3,1490,1520,2180,1620
TXO,202611,20261118.0,47000.0,Put,-,-,-,-,2620.0,-,-,0,0,0,13,-,2740,3820,2040
TXO,202611,20261118.0,47100.0,Call,-,-,-,-,1450.0,-,-,0,0,0,1,1450,1470,2330,2330
TXO,202611,20261118.0,47100.0,Put,-,-,-,-,2670.0,-,-,0,0,0,6,2660,2690,2100,1900
TXO,202611,20261118.0,47200.0,Call,-,-,-,-,1410.0,-,-,0,0,0,6,1400,1430,2340,2040
TXO,202611,20261118.0,47200.0,Put,-,-,-,-,2730.0,-,-,0,0,0,4,-,2870,1980,1810
TXO,202611,20261118.0,47300.0,Call,-,-,-,-,1370.0,-,-,0,0,0,6,-,-,2300,1990
TXO,202611,20261118.0,47300.0,Put,-,-,-,-,2780.0,-,-,0,0,0,6,2770,2890,2190,1900
TXO,202611,20261118.0,47400.0,Call,-,-,-,-,1330.0,-,-,0,0,0,6,-,-,2240,1940
TXO,202611,20261118.0,47400.0,Put,-,-,-,-,2840.0,-,-,0,0,0,6,-,-,2240,2020
TXO,202611,20261118.0,47500.0,Call,-,-,-,-,1290.0,-,-,0,0,0,20,-,1410,2310,1780
TXO,202611,20261118.0,47500.0,Put,-,-,-,-,2900.0,-,-,0,0,0,10,2890,2920,2730,1980
TXO,202611,20261118.0,47600.0,Call,-,-,-,-,1250.0,-,-,0,0,0,5,-,1370,1840,1840
TXO,202611,20261118.0,47600.0,Put,-,-,-,-,2960.0,-,-,0,0,0,0,-,-,-,-
TXO,202611,20261118.0,47700.0,Call,1180,1180,1180,1180,1210.0,▼-140,▼-10.61%,0,1,1,1,1200,1280,2140,1180
TXO,202611,20261118.0,47700.0,Put,-,-,-,-,3020.0,-,-,0,0,0,5,3010,3040,2400,2400
TXO,202611,20261118.0,47800.0,Call,-,-,-,-,1170.0,-,-,0,0,0,5,1150,1180,1750,1750
TXO,202611,20261118.0,47800.0,Put,-,-,-,-,3090.0,-,-,0,0,0,5,3070,3100,2450,2450
TXO,202611,20261118.0,47900.0,Call,-,-,-,-,1140.0,-,-,0,0,0,10,-,1220,1700,1600
TXO,202611,20261118.0,47900.0,Put,-,-,-,-,3150.0,-,-,0,0,0,5,-,-,2500,2500
TXO,202611,20261118.0,48000.0,Call,1130,1130,1110,1110,1110.0,▼-100,▼-8.26%,0,3,3,37,-,-,1950,1100
TXO,202611,20261118.0,48000.0,Put,-,-,-,-,3210.0,-,-,0,0,0,4,-,3330,4280,2400
TXO,202611,20261118.0,48100.0,Call,-,-,-,-,1060.0,-,-,0,0,0,5,-,1170,1610,1610
TXO,202611,20261118.0,48100.0,Put,-,-,-,-,3270.0,-,-,0,0,0,5,-,3400,2610,2610
TXO,202611,20261118.0,48200.0,Call,-,-,-,-,1030.0,-,-,0,0,0,5,-,-,1570,1570
TXO,202611,20261118.0,48200.0,Put,-,-,-,-,3340.0,-,-,0,0,0,0,3320,3370,-,-
TXO,202611,20261118.0,48300.0,Call,-,-,-,-,995.0,-,-,1,0,1,7,985,1010,1520,995
TXO,202611,20261118.0,48300.0,Put,-,-,-,-,3410.0,-,-,0,0,0,0,-,-,-,-
TXO,202611,20261118.0,48400.0,Call,-,-,-,-,965.0,-,-,0,0,0,5,955,970,1790,1480
TXO,202611,20261118.0,48400.0,Put,-,-,-,-,3480.0,-,-,0,0,0,0,3460,3510,-,-
TXO,202611,20261118.0,48500.0,Call,-,-,-,-,930.0,-,-,0,0,0,5,925,940,1440,1140
TXO,202611,20261118.0,48500.0,Put,-,-,-,-,3540.0,-,-,0,0,0,0,3520,3570,-,-
TXO,202611,20261118.0,48600.0,Call,-,-,-,-,895.0,-,-,0,0,0,5,890,905,1400,1400
TXO,202611,20261118.0,48600.0,Put,-,-,-,-,3610.0,-,-,0,0,0,0,3590,3640,-,-
TXO,202611,20261118.0,48700.0,Call,-,-,-,-,865.0,-,-,0,0,0,0,-,-,-,-
TXO,202611,20261118.0,48700.0,Put,-,-,-,-,3680.0,-,-,0,0,0,0,3650,3710,-,-
TXO,202611,20261118.0,48800.0,Call,-,-,-,-,835.0,-,-,0,0,0,2,-,950,1500,1040
TXO,202611,20261118.0,48800.0,Put,-,-,-,-,3750.0,-,-,0,0,0,0,3710,-,-,-
TXO,202611,20261118.0,48900.0,Call,-,-,-,-,810.0,-,-,0,0,0,5,695,915,1280,1280
TXO,202611,20261118.0,48900.0,Put,-,-,-,-,3820.0,-,-,0,0,0,0,-,-,-,-
TXO,202611,20261118.0,49000.0,Call,-,-,-,-,780.0,-,-,1,0,1,2,775,790,1150,830
TXO,202611,20261118.0,49000.0,Put,-,-,-,-,3890.0,-,-,0,0,0,4,-,-,4900,3640
TXO,202611,20261118.0,49100.0,Call,-,-,-,-,755.0,-,-,0,0,0,0,745,760,1410,1080
TXO,202611,20261118.0,49100.0,Put,-,-,-,-,3960.0,-,-,0,0,0,0,-,4000,-,-
TXO,202611,20261118.0,49200.0,Call,-,-,-,-,730.0,-,-,0,0,0,5,720,735,1170,920
TXO,202611,20261118.0,49200.0,Put,-,-,-,-,4040.0,-,-,0,0,0,0,-,4100,-,-
TXO,202611,20261118.0,49300.0,Call,-,-,-,-,700.0,-,-,0,0,0,0,610,-,-,-
TXO,202611,20261118.0,49300.0,Put,-,-,-,-,4110.0,-,-,0,0,0,0,-,-,-,-
TXO,202611,20261118.0,49400.0,Call,-,-,-,-,680.0,-,-,0,0,0,0,670,685,-,-
TXO,202611,20261118.0,49400.0,Put,-,-,-,-,4190.0,-,-,0,0,0,0,-,4220,-,-
TXO,202611,20261118.0,49500.0,Call,-,-,-,-,655.0,-,-,0,0,0,1,645,660,1160,930
TXO,202611,20261118.0,49500.0,Put,-,-,-,-,4260.0,-,-,0,0,0,0,-,-,-,-
TXO,202611,20261118.0,49600.0,Call,-,-,-,-,630.0,-,-,0,0,0,0,525,-,-,-
TXO,202611,20261118.0,49600.0,Put,-,-,-,-,4340.0,-,-,0,0,0,0,-,4380,-,-
TXO,202611,20261118.0,49700.0,Call,-,-,-,-,605.0,-,-,0,0,0,0,-,-,1220,1190
TXO,202611,20261118.0,49700.0,Put,-,-,-,-,4410.0,-,-,0,0,0,0,-,-,-,-
TXO,202611,20261118.0,49800.0,Call,645,645,645,645,585.0,▼-10,▼-1.53%,0,1,1,1,495,670,645,645
TXO,202611,20261118.0,49800.0,Put,-,-,-,-,4490.0,-,-,0,0,0,0,-,4550,-,-
TXO,202611,20261118.0,49900.0,Call,-,-,-,-,565.0,-,-,0,0,0,7,-,-,940,815
TXO,202611,20261118.0,49900.0,Put,-,-,-,-,4570.0,-,-,0,0,0,0,-,-,-,-
TXO,202611,20261118.0,50000.0,Call,595,595,525,525,525.0,▼-85,▼-13.93%,0,8,8,22,535,550,1050,525
TXO,202611,20261118.0,50000.0,Put,-,-,-,-,4640.0,-,-,0,0,0,0,-,-,5850,4670
TXO,202611,20261118.0,50100.0,Call,-,-,-,-,520.0,-,-,0,0,0,5,510,525,880,880
TXO,202611,20261118.0,50100.0,Put,-,-,-,-,4720.0,-,-,0,0,0,0,-,-,-,-
TXO,202611,20261118.0,50200.0,Call,-,-,-,-,500.0,-,-,0,0,0,1,388,-,600,600
TXO,202611,20261118.0,50200.0,Put,-,-,-,-,4810.0,-,-,0,0,0,0,-,4860,-,-
TXO,202611,20261118.0,50300.0,Call,474,474,474,474,474.0,▼-66,▼-12.22%,0,1,1,5,-,-,895,474
TXO,202611,20261118.0,50300.0,Put,-,-,-,-,4890.0,-,-,0,0,0,0,-,4930,-,-
TXO,202611,20261118.0,50400.0,Call,-,-,-,-,462.0,-,-,0,0,0,19,-,605,820,580
TXO,202611,20261118.0,50400.0,Put,-,-,-,-,4970.0,-,-,0,0,0,0,-,5030,-,-
TXO,202611,20261118.0,50500.0,Call,-,-,-,-,445.0,-,-,0,0,0,5,366,-,770,550
TXO,202611,20261118.0,50500.0,Put,-,-,-,-,5050.0,-,-,0,0,0,0,-,-,-,-
TXO,202611,20261118.0,50600.0,Call,-,-,-,-,429.0,-,-,0,0,0,5,424,435,810,515
TXO,202611,20261118.0,50600.0,Put,-,-,-,-,5130.0,-,-,0,0,0,0,-,-,-,-
TXO,202611,20261118.0,50700.0,Call,-,-,-,-,413.0,-,-,0,0,0,5,334,-,820,625
TXO,202611,20261118.0,50700.0,Put,-,-,-,-,5220.0,-,-,0,0,0,0,-,5260,-,-
TXO,202611,20261118.0,50800.0,Call,-,-,-,-,397.0,-,-,0,0,0,5,-,-,690,585
TXO,202611,20261118.0,50800.0,Put,-,-,-,-,5300.0,-,-,0,0,0,0,-,-,-,-
TXO,202611,20261118.0,50900.0,Call,-,-,-,-,382.0,-,-,0,0,0,5,269,-,800,620
TXO,202611,20261118.0,50900.0,Put,-,-,-,-,5390.0,-,-,0,0,0,0,-,5420,-,-
TXO,202611,20261118.0,51000.0,Call,400,400,354,360,360.0,▼-50,▼-12.20%,2,6,8,13,361,371,780,354
TXO,202611,20261118.0,51000.0,Put,-,-,-,-,5470.0,-,-,0,0,0,0,-,5530,-,-
TXO,202611,20261118.0,51100.0,Call,361,361,344,344,344.0,▼-51,▼-12.91%,0,3,3,5,-,-,630,344
TXO,202611,20261118.0,51100.0,Put,-,-,-,-,5550.0,-,-,0,0,0,0,-,5590,-,-
TXO,202611,20261118.0,51200.0,Call,-,-,-,-,339.0,-,-,0,0,0,5,227,-,610,610
TXO,202611,20261118.0,51200.0,Put,-,-,-,-,5640.0,-,-,0,0,0,0,-,5700,-,-
TXO,202611,20261118.0,51300.0,Call,-,-,-,-,325.0,-,-,0,0,0,5,321,330,590,590
TXO,202611,20261118.0,51300.0,Put,-,-,-,-,5730.0,-,-,0,0,0,0,5690,5790,-,-
TXO,202611,20261118.0,51400.0,Call,-,-,-,-,313.0,-,-,0,0,0,5,308,317,580,560
TXO,202611,20261118.0,51400.0,Put,-,-,-,-,5810.0,-,-,0,0,0,0,-,5850,-,-
TXO,202611,20261118.0,51500.0,Call,-,-,-,-,302.0,-,-,0,0,0,6,294,303,750,350
TXO,202611,20261118.0,51500.0,Put,-,-,-,-,5900.0,-,-,0,0,0,0,-,5940,-,-
TXO,202611,20261118.0,51600.0,Call,-,-,-,-,288.0,-,-,0,0,0,5,182,-,540,540
TXO,202611,20261118.0,51600.0,Put,-,-,-,-,5990.0,-,-,0,0,0,0,-,-,-,-
TXO,202611,20261118.0,51700.0,Call,276,283,276,283,283.0,▼-33,▼-10.44%,0,2,2,6,-,-,555,276
TXO,202611,20261118.0,51700.0,Put,-,-,-,-,6080.0,-,-,0,0,0,0,-,-,-,-
TXO,202611,20261118.0,51800.0,Call,263,263,263,263,263.0,▼-41,▼-13.49%,0,1,1,3,262,270,515,263
TXO,202611,20261118.0,51800.0,Put,-,-,-,-,6170.0,-,-,0,0,0,0,-,-,-,-
TXO,202611,20261118.0,51900.0,Call,259,260,259,260,260.0,▼-32,▼-10.96%,0,2,2,4,251,260,510,259
TXO,202611,20261118.0,51900.0,Put,-,-,-,-,6260.0,-,-,0,0,0,0,-,-,-,-
TXO,202611,20261118.0,52000.0,Call,240,240,240,240,240.0,▼-41,▼-14.59%,0,1,1,7,242,250,560,240
TXO,202611,20261118.0,52000.0,Put,-,-,-,-,6340.0,-,-,0,0,0,0,-,-,-,-
TXO,202611,20261118.0,52100.0,Call,-,-,-,-,236.0,-,-,0,0,0,14,232,240,475,272
TXO,202611,20261118.0,52100.0,Put,-,-,-,-,6440.0,-,-,0,0,0,0,-,-,-,-
TXO,202611,20261118.0,52200.0,Call,-,-,-,-,227.0,-,-,0,0,0,0,-,-,387,268
TXO,202611,20261118.0,52200.0,Put,-,-,-,-,6530.0,-,-,0,0,0,0,-,6590,-,-
TXO,202611,20261118.0,52300.0,Call,-,-,-,-,219.0,-,-,0,0,0,2,113,339,343,318
TXO,202611,20261118.0,52300.0,Put,-,-,-,-,6620.0,-,-,0,0,0,0,-,-,-,-
TXO,202611,20261118.0,52400.0,Call,-,-,-,-,210.0,-,-,0,0,0,0,204,212,-,-
TXO,202611,20261118.0,52400.0,Put,-,-,-,-,6710.0,-,-,0,0,0,0,-,-,-,-
TXO,202611,20261118.0,52500.0,Call,-,-,-,-,202.0,-,-,0,0,0,11,197,205,400,242
TXO,202611,20261118.0,52500.0,Put,-,-,-,-,6800.0,-,-,0,0,0,0,-,-,-,-
TXO,202611,20261118.0,52600.0,Call,-,-,-,-,194.0,-,-,1,0,1,1,-,289,207,207
TXO,202611,20261118.0,52600.0,Put,-,-,-,-,6890.0,-,-,0,0,0,0,-,6970,-,-
TXO,202611,20261118.0,52700.0,Call,206,206,206,206,186.0,▼-8,▼-3.74%,0,1,1,1,180,188,373,206
TXO,202611,20261118.0,52700.0,Put,-,-,-,-,6980.0,-,-,0,0,0,0,-,7020,-,-
TXO,202611,20261118.0,52800.0,Call,-,-,-,-,179.0,-,-,0,0,0,4,-,299,450,285
TXO,202611,20261118.0,52800.0,Put,-,-,-,-,7080.0,-,-,0,0,0,0,-,-,-,-
TXO,202611,20261118.0,52900.0,Call,-,-,-,-,172.0,-,-,0,0,0,4,99,-,389,222
TXO,202611,20261118.0,52900.0,Put,-,-,-,-,7170.0,-,-,0,0,0,0,-,-,-,-
TXO,202611,20261118.0,53000.0,Call,-,-,-,-,165.0,-,-,1,0,1,12,-,-,420,166
TXO,202611,20261118.0,53000.0,Put,-,-,-,-,7260.0,-,-,0,0,0,0,-,7340,-,-
TXO,202611,20261118.0,53100.0,Call,-,-,-,-,159.0,-,-,0,0,0,1,154,160,200,200
TXO,202611,20261118.0,53100.0,Put,-,-,-,-,7360.0,-,-,0,0,0,0,-,-,-,-
TXO,202611,20261118.0,53200.0,Call,-,-,-,-,153.0,-,-,0,0,0,2,148,154,246,246
TXO,202611,20261118.0,53200.0,Put,-,-,-,-,7450.0,-,-,0,0,0,0,-,7520,-,-
TXO,202611,20261118.0,53300.0,Call,-,-,-,-,147.0,-,-,4,0,4,3,142,148,335,150
TXO,202611,20261118.0,53300.0,Put,-,-,-,-,7540.0,-,-,0,0,0,0,-,7580,-,-
TXO,202611,20261118.0,53400.0,Call,-,-,-,-,141.0,-,-,0,0,0,0,-,-,-,-
TXO,202611,20261118.0,53400.0,Put,-,-,-,-,7640.0,-,-,0,0,0,0,-,-,-,-
TXO,202611,20261118.0,53500.0,Call,142,142,142,142,135.0,▼-19,▼-11.80%,0,1,1,2,131,138,173,142
TXO,202611,20261118.0,53500.0,Put,-,-,-,-,7730.0,-,-,0,0,0,0,-,-,-,-
TXO,202611,20261118.0,53600.0,Call,132,132,132,132,132.0,▼-20,▼-13.16%,0,1,1,2,51,-,238,132
TXO,202611,20261118.0,53600.0,Put,-,-,-,-,7820.0,-,-,0,0,0,0,-,7890,-,-
TXO,202611,20261118.0,53700.0,Call,-,-,-,-,124.0,-,-,0,0,0,0,45,-,-,-
TXO,202611,20261118.0,53700.0,Put,-,-,-,-,7920.0,-,-,0,0,0,0,-,-,-,-
TXO,202611,20261118.0,53800.0,Call,-,-,-,-,119.0,-,-,0,0,0,0,-,-,-,-
TXO,202611,20261118.0,53800.0,Put,-,-,-,-,8010.0,-,-,0,0,0,0,-,8080,-,-
TXO,202611,20261118.0,53900.0,Call,-,-,-,-,114.0,-,-,0,0,0,0,110,116,-,-
TXO,202611,20261118.0,53900.0,Put,-,-,-,-,8110.0,-,-,0,0,0,0,-,-,-,-
TXO,202611,20261118.0,54000.0,Call,117,117,117,117,110.0,▼-14,▼-10.69%,1,2,3,15,0.4,117,299,117
TXO,202611,20261118.0,54000.0,Put,-,-,-,-,8200.0,-,-,0,0,0,0,-,-,-,-
TXO,202611,20261118.0,54100.0,Call,107,107,104,104,104.0,▼-22,▼-17.46%,0,2,2,1,-,-,107,104
TXO,202611,20261118.0,54100.0,Put,-,-,-,-,8300.0,-,-,0,0,0,0,-,-,-,-
TXO,202611,20261118.0,54200.0,Call,-,-,-,-,101.0,-,-,0,0,0,0,96,102,235,127
TXO,202611,20261118.0,54200.0,Put,-,-,-,-,8390.0,-,-,0,0,0,0,-,8470,-,-
TXO,202611,20261118.0,54300.0,Call,-,-,-,-,97.0,-,-,0,0,0,4,92,98,240,238
TXO,202611,20261118.0,54300.0,Put,-,-,-,-,8490.0,-,-,0,0,0,0,-,8560,-,-
TXO,202611,20261118.0,54400.0,Call,-,-,-,-,93.0,-,-,0,0,0,0,88,94,-,-
TXO,202611,20261118.0,54400.0,Put,-,-,-,-,8590.0,-,-,0,0,0,0,-,8670,-,-
TXO,202611,20261118.0,54500.0,Call,109,115,95,95,89.0,▼-14,▼-12.84%,0,4,4,13,81,263,230,95
TXO,202611,20261118.0,54500.0,Put,-,-,-,-,8680.0,-,-,0,0,0,0,-,-,-,-
TXO,202612,20261216.0,25200.0,Call,-,-,-,-,20740.0,-,-,0,0,0,2,20670,20980,22620,13580
TXO,202612,20261216.0,25200.0,Put,45.5,45.5,45.5,45.5,41.5,▲+10.5,▲+30.00%,5,1,6,179,39.5,43,985,28.5
TXO,202612,20261216.0,25400.0,Call,-,-,-,-,20540.0,-,-,0,0,0,0,-,-,-,-
TXO,202612,20261216.0,25400.0,Put,-,-,-,-,43.0,-,-,0,0,0,6,18,-,610,84
TXO,202612,20261216.0,25600.0,Call,-,-,-,-,20340.0,-,-,0,0,0,0,20260,20490,-,-
TXO,202612,20261216.0,25600.0,Put,-,-,-,-,44.0,-,-,0,0,0,12,40,48,750,86
TXO,202612,20261216.0,25800.0,Call,-,-,-,-,20140.0,-,-,0,0,0,0,20060,20330,-,-
TXO,202612,20261216.0,25800.0,Put,-,-,-,-,45.0,-,-,0,0,0,6,41,49,505,75
TXO,202612,20261216.0,26000.0,Call,-,-,-,-,19950.0,-,-,0,0,0,1,19830,20130,17230,7550
TXO,202612,20261216.0,26000.0,Put,-,-,-,-,46.0,-,-,0,0,0,87,-,-,1390,38
TXO,202612,20261216.0,26200.0,Call,-,-,-,-,19750.0,-,-,0,0,0,0,19670,-,-,-
TXO,202612,20261216.0,26200.0,Put,-,-,-,-,48.0,-,-,0,0,0,7,-,-,1430,49
TXO,202612,20261216.0,26400.0,Call,-,-,-,-,19550.0,-,-,0,0,0,0,19470,-,-,-
TXO,202612,20261216.0,26400.0,Put,-,-,-,-,49.0,-,-,0,0,0,13,-,148,1250,68
TXO,202612,20261216.0,26600.0,Call,-,-,-,-,19350.0,-,-,0,0,0,0,19240,19540,-,-
TXO,202612,20261216.0,26600.0,Put,-,-,-,-,50.0,-,-,0,0,0,1,-,-,765,64
TXO,202612,20261216.0,26800.0,Call,19280,19280,19280,19280,19150.0,▼-60,▼-0.31%,0,1,1,1,19040,19230,19280,19280
TXO,202612,20261216.0,26800.0,Put,50,50,50,50,50.0,0,0%,1,2,3,4,47,55,1500,49
TXO,202612,20261216.0,27000.0,Call,-,-,-,-,18960.0,-,-,0,0,0,1,18810,-,18990,7500
TXO,202612,20261216.0,27000.0,Put,51,51,51,51,51.0,▼-2,▼-3.77%,0,2,2,7,49,57,1590,51
TXO,202612,20261216.0,27200.0,Call,-,-,-,-,18760.0,-,-,0,0,0,0,18680,-,-,-
TXO,202612,20261216.0,27200.0,Put,-,-,-,-,54.0,-,-,0,0,0,1,50,59,710,215
TXO,202612,20261216.0,27400.0,Call,-,-,-,-,18560.0,-,-,0,0,0,0,18480,-,-,-
TXO,202612,20261216.0,27400.0,Put,-,-,-,-,55.0,-,-,0,0,0,16,51,60,1580,60
TXO,202612,20261216.0,27600.0,Call,-,-,-,-,18360.0,-,-,0,0,0,0,18290,18560,-,-
TXO,202612,20261216.0,27600.0,Put,-,-,-,-,56.0,-,-,0,0,0,2,52,61,1300,44.5
TXO,202612,20261216.0,27800.0,Call,-,-,-,-,18170.0,-,-,0,0,0,0,18090,-,-,-
TXO,202612,20261216.0,27800.0,Put,-,-,-,-,57.0,-,-,0,0,0,12,54,63,1550,46
TXO,202612,20261216.0,28000.0,Call,-,-,-,-,17970.0,-,-,0,0,0,0,17910,18140,-,-
TXO,202612,20261216.0,28000.0,Put,-,-,-,-,57.0,-,-,0,0,0,18,-,60,1680,47
TXO,202612,20261216.0,28200.0,Call,-,-,-,-,17770.0,-,-,0,0,0,0,17700,-,-,-
TXO,202612,20261216.0,28200.0,Put,-,-,-,-,61.0,-,-,2,0,2,8,-,161,1820,60
TXO,202612,20261216.0,28400.0,Call,-,-,-,-,17570.0,-,-,0,0,0,0,-,17760,-,-
TXO,202612,20261216.0,28400.0,Put,-,-,-,-,61.0,-,-,0,0,0,4,-,-,1400,60
TXO,202612,20261216.0,28600.0,Call,-,-,-,-,17370.0,-,-,0,0,0,0,17300,17540,-,-
TXO,202612,20261216.0,28600.0,Put,-,-,-,-,61.0,-,-,0,0,0,7,-,64,1500,51
TXO,202612,20261216.0,28800.0,Call,-,-,-,-,17180.0,-,-,0,0,0,0,17110,-,-,-
TXO,202612,20261216.0,28800.0,Put,-,-,-,-,63.0,-,-,0,0,0,6,61,71,1550,60
TXO,202612,20261216.0,29000.0,Call,-,-,-,-,16980.0,-,-,0,0,0,0,-,17150,-,-
TXO,202612,20261216.0,29000.0,Put,-,-,-,-,65.0,-,-,0,0,0,3,-,68,1860,50
TXO,202612,20261216.0,29200.0,Call,-,-,-,-,16780.0,-,-,0,0,0,0,-,-,-,-
TXO,202612,20261216.0,29200.0,Put,-,-,-,-,69.0,-,-,0,0,0,3,-,168,1860,260
TXO,202612,20261216.0,29400.0,Call,-,-,-,-,16590.0,-,-,0,0,0,0,-,-,-,-
TXO,202612,20261216.0,29400.0,Put,70,70,70,70,70.0,▼-4,▼-5.41%,0,1,1,5,-,76,1700,62
TXO,202612,20261216.0,29600.0,Call,-,-,-,-,16390.0,-,-,0,0,0,0,16320,16560,-,-
TXO,202612,20261216.0,29600.0,Put,-,-,-,-,72.0,-,-,0,0,0,1,67,78,1650,241
TXO,202612,20261216.0,29800.0,Call,-,-,-,-,16190.0,-,-,0,0,0,0,-,16330,11600,5120
TXO,202612,20261216.0,29800.0,Put,-,-,-,-,74.0,-,-,0,0,0,3,-,-,1700,128
TXO,202612,20261216.0,30000.0,Call,-,-,-,-,16000.0,-,-,0,0,0,0,15920,16150,11910,4660
TXO,202612,20261216.0,30000.0,Put,-,-,-,-,76.0,-,-,0,0,0,67,71,82,1880,56
TXO,202612,20261216.0,30200.0,Call,-,-,-,-,15800.0,-,-,0,0,0,0,15730,15950,14870,4700
TXO,202612,20261216.0,30200.0,Put,-,-,-,-,78.0,-,-,1,0,1,2,-,-,715,79
TXO,202612,20261216.0,30400.0,Call,-,-,-,-,15600.0,-,-,0,0,0,0,15530,15750,-,-
TXO,202612,20261216.0,30400.0,Put,-,-,-,-,80.0,-,-,0,0,0,3,75,86,510,70
TXO,202612,20261216.0,30600.0,Call,-,-,-,-,15400.0,-,-,0,0,0,0,-,15550,-,-
TXO,202612,20261216.0,30600.0,Put,-,-,-,-,82.0,-,-,0,0,0,2,77,88,2010,67
TXO,202612,20261216.0,30800.0,Call,-,-,-,-,15210.0,-,-,0,0,0,0,-,15350,-,-
TXO,202612,20261216.0,30800.0,Put,-,-,-,-,84.0,-,-,0,0,0,10,79,90,2700,107
TXO,202612,20261216.0,31000.0,Call,-,-,-,-,15010.0,-,-,0,0,0,0,-,-,-,-
TXO,202612,20261216.0,31000.0,Put,84,84,84,84,84.0,▼-2,▼-2.33%,1,1,2,28,-,-,1220,71
TXO,202612,20261216.0,31200.0,Call,-,-,-,-,14810.0,-,-,0,0,0,0,-,-,4700,3750
TXO,202612,20261216.0,31200.0,Put,-,-,-,-,89.0,-,-,0,0,0,4,-,-,730,180
TXO,202612,20261216.0,31400.0,Call,-,-,-,-,14620.0,-,-,0,0,0,0,14550,14760,-,-
TXO,202612,20261216.0,31400.0,Put,-,-,-,-,91.0,-,-,1,0,1,3,86,97,198,84
TXO,202612,20261216.0,31600.0,Call,-,-,-,-,14420.0,-,-,0,0,0,0,14350,14560,7950,5480
TXO,202612,20261216.0,31600.0,Put,-,-,-,-,93.0,-,-,1,0,1,2,88,99,1870,86
TXO,202612,20261216.0,31800.0,Call,-,-,-,-,14220.0,-,-,0,0,0,0,-,14370,10560,5580
TXO,202612,20261216.0,31800.0,Put,-,-,-,-,96.0,-,-,0,0,0,1,91,102,200,150
TXO,202612,20261216.0,32000.0,Call,-,-,-,-,14030.0,-,-,0,0,0,0,13960,-,9600,3560
TXO,202612,20261216.0,32000.0,Put,-,-,-,-,99.0,-,-,0,0,0,6,94,105,3270,86
TXO,202612,20261216.0,32200.0,Call,-,-,-,-,13830.0,-,-,0,0,0,0,-,13970,-,-
TXO,202612,20261216.0,32200.0,Put,-,-,-,-,104.0,-,-,0,0,0,2,0.1,-,3130,82
TXO,202612,20261216.0,32400.0,Call,-,-,-,-,13640.0,-,-,0,0,0,0,13570,13770,11650,3460
TXO,202612,20261216.0,32400.0,Put,-,-,-,-,106.0,-,-,0,0,0,4,101,111,3250,97
TXO,202612,20261216.0,32600.0,Call,-,-,-,-,13440.0,-,-,0,0,0,0,-,-,-,-
TXO,202612,20261216.0,32600.0,Put,-,-,-,-,109.0,-,-,0,0,0,11,5.7,-,1160,101
TXO,202612,20261216.0,32800.0,Call,-,-,-,-,13240.0,-,-,0,0,0,0,13180,13360,-,-
TXO,202612,20261216.0,32800.0,Put,-,-,-,-,112.0,-,-,0,0,0,8,107,118,1920,100
TXO,202612,20261216.0,33000.0,Call,-,-,-,-,13050.0,-,-,0,0,0,0,-,-,13520,3000
TXO,202612,20261216.0,33000.0,Put,-,-,-,-,116.0,-,-,0,0,0,62,111,122,3280,77
TXO,202612,20261216.0,33200.0,Call,-,-,-,-,12850.0,-,-,0,0,0,0,-,-,4180,3280
TXO,202612,20261216.0,33200.0,Put,-,-,-,-,120.0,-,-,0,0,0,1,16.5,-,780,95
TXO,202612,20261216.0,33400.0,Call,-,-,-,-,12660.0,-,-,0,0,0,0,12590,-,10800,2780
TXO,202612,20261216.0,33400.0,Put,-,-,-,-,125.0,-,-,0,0,0,2,118,132,3450,500
TXO,202612,20261216.0,33600.0,Call,-,-,-,-,12470.0,-,-,0,0,0,0,12430,12590,10850,2640
TXO,202612,20261216.0,33600.0,Put,-,-,-,-,130.0,-,-,0,0,0,6,123,137,4010,101
TXO,202612,20261216.0,33800.0,Call,-,-,-,-,12270.0,-,-,0,0,0,0,12210,-,-,-
TXO,202612,20261216.0,33800.0,Put,-,-,-,-,135.0,-,-,0,0,0,0,128,142,1670,995
TXO,202612,20261216.0,34000.0,Call,-,-,-,-,12080.0,-,-,0,0,0,0,12020,-,12700,3130
TXO,202612,20261216.0,34000.0,Put,-,-,-,-,140.0,-,-,0,0,0,141,-,235,3620,96
TXO,202612,20261216.0,34200.0,Call,-,-,-,-,11880.0,-,-,0,0,0,0,-,-,8850,5200
TXO,202612,20261216.0,34200.0,Put,-,-,-,-,146.0,-,-,0,0,0,1,40,-,1780,91
TXO,202612,20261216.0,34400.0,Call,-,-,-,-,11690.0,-,-,0,0,0,0,-,11810,-,-
TXO,202612,20261216.0,34400.0,Put,149,149,149,149,149.0,▼-6,▼-3.87%,0,2,2,0,143,159,2600,149
TXO,202612,20261216.0,34600.0,Call,-,-,-,-,11500.0,-,-,0,0,0,0,11440,-,-,-
TXO,202612,20261216.0,34600.0,Put,-,-,-,-,158.0,-,-,0,0,0,3,68,-,2670,102
TXO,202612,20261216.0,34800.0,Call,-,-,-,-,11310.0,-,-,0,0,0,0,-,-,4830,3240
TXO,202612,20261216.0,34800.0,Put,-,-,-,-,166.0,-,-,0,0,0,1,59,257,3120,330
TXO,202612,20261216.0,35000.0,Call,-,-,-,-,11120.0,-,-,0,0,0,0,-,-,12910,2200
TXO,202612,20261216.0,35000.0,Put,175,175,170,175,175.0,▼-5,▼-2.78%,0,15,15,81,-,4760,2100,120
TXO,202612,20261216.0,35200.0,Call,-,-,-,-,10930.0,-,-,0,0,0,0,10870,-,4590,3370
TXO,202612,20261216.0,35200.0,Put,-,-,-,-,182.0,-,-,0,0,0,2,74,-,3000,400
TXO,202612,20261216.0,35400.0,Call,-,-,-,-,10740.0,-,-,0,0,0,0,10680,10830,9450,3340
TXO,202612,20261216.0,35400.0,Put,-,-,-,-,191.0,-,-,0,0,0,0,83,-,1300,350
TXO,202612,20261216.0,35600.0,Call,-,-,-,-,10550.0,-,-,0,0,0,0,10490,10640,12870,2380
TXO,202612,20261216.0,35600.0,Put,-,-,-,-,201.0,-,-,0,0,0,1,190,213,4020,193
TXO,202612,20261216.0,35800.0,Call,-,-,-,-,10360.0,-,-,0,0,0,0,-,10460,7020,6410
TXO,202612,20261216.0,35800.0,Put,-,-,-,-,211.0,-,-,0,0,0,1,101,-,2000,1020
TXO,202612,20261216.0,36000.0,Call,-,-,-,-,10170.0,-,-,0,0,0,0,-,10260,10860,1950
TXO,202612,20261216.0,36000.0,Put,-,-,-,-,221.0,-,-,0,0,0,107,209,235,3300,130
TXO,202612,20261216.0,36200.0,Call,-,-,-,-,9980.0,-,-,0,0,0,0,9930,10070,7130,1470
TXO,202612,20261216.0,36200.0,Put,-,-,-,-,234.0,-,-,0,0,0,0,221,248,-,-
TXO,202612,20261216.0,36400.0,Call,-,-,-,-,9800.0,-,-,0,0,0,0,9740,-,10490,1390
TXO,202612,20261216.0,36400.0,Put,-,-,-,-,247.0,-,-,0,0,0,1,230,265,2020,189
TXO,202612,20261216.0,36600.0,Call,-,-,-,-,9610.0,-,-,0,0,0,0,9550,-,6880,1320
TXO,202612,20261216.0,36600.0,Put,-,-,-,-,260.0,-,-,0,0,0,5,-,346,2130,171
TXO,202612,20261216.0,36800.0,Call,-,-,-,-,9430.0,-,-,0,0,0,0,-,9510,11890,1260
TXO,202612,20261216.0,36800.0,Put,-,-,-,-,275.0,-,-,0,0,0,50,258,293,2670,197
TXO,202612,20261216.0,37000.0,Call,-,-,-,-,9240.0,-,-,0,0,0,4,-,-,12020,1350
TXO,202612,20261216.0,37000.0,Put,-,-,-,-,289.0,-,-,0,0,0,100,194,488,3150,160
TXO,202612,20261216.0,37200.0,Call,-,-,-,-,9060.0,-,-,0,0,0,0,-,9140,9030,1740
TXO,202612,20261216.0,37200.0,Put,-,-,-,-,305.0,-,-,0,0,0,9,192,-,1070,231
TXO,202612,20261216.0,37400.0,Call,-,-,-,-,8880.0,-,-,0,0,0,0,8820,-,10760,1280
TXO,202612,20261216.0,37400.0,Put,-,-,-,-,323.0,-,-,0,0,0,11,307,342,1540,195
TXO,202612,20261216.0,37600.0,Call,-,-,-,-,8700.0,-,-,0,0,0,2,8630,-,1260,1260
TXO,202612,20261216.0,37600.0,Put,-,-,-,-,341.0,-,-,0,0,0,7,-,418,2950,399
TXO,202612,20261216.0,37800.0,Call,-,-,-,-,8520.0,-,-,0,0,0,0,-,-,11540,1240
TXO,202612,20261216.0,37800.0,Put,-,-,-,-,360.0,-,-,0,0,0,14,344,379,2900,197
TXO,202612,20261216.0,38000.0,Call,-,-,-,-,8340.0,-,-,0,0,0,18,-,8420,8700,1230
TXO,202612,20261216.0,38000.0,Put,350,380,350,380,380.0,▲+10,▲+2.70%,0,8,8,184,284,-,3430,215
TXO,202612,20261216.0,38200.0,Call,-,-,-,-,8160.0,-,-,0,0,0,0,8100,-,7280,1200
TXO,202612,20261216.0,38200.0,Put,-,-,-,-,402.0,-,-,0,0,0,6,370,-,1900,494
TXO,202612,20261216.0,38400.0,Call,-,-,-,-,7980.0,-,-,0,0,0,0,7930,-,7140,1270
TXO,202612,20261216.0,38400.0,Put,-,-,-,-,418.0,-,-,0,0,0,4,401,437,835,247
TXO,202612,20261216.0,38600.0,Call,-,-,-,-,7810.0,-,-,0,0,0,3,7740,7930,10540,1080
TXO,202612,20261216.0,38600.0,Put,-,-,-,-,447.0,-,-,0,0,0,11,412,525,3100,262
TXO,202612,20261216.0,38800.0,Call,-,-,-,-,7630.0,-,-,0,0,0,0,7570,-,10770,775
TXO,202612,20261216.0,38800.0,Put,-,-,-,-,472.0,-,-,0,0,0,2,345,545,1510,275
TXO,202612,20261216.0,39000.0,Call,-,-,-,-,7460.0,-,-,0,0,0,4,7400,-,9290,1100
TXO,202612,20261216.0,39000.0,Put,-,-,-,-,500.0,-,-,1,0,1,118,400,-,3690,300
TXO,202612,20261216.0,39200.0,Call,-,-,-,-,7290.0,-,-,0,0,0,0,7230,-,10280,1290
TXO,202612,20261216.0,39200.0,Put,-,-,-,-,525.0,-,-,0,0,0,2,505,550,3680,306
TXO,202612,20261216.0,39400.0,Call,-,-,-,-,7110.0,-,-,0,0,0,0,-,-,11070,1300
TXO,202612,20261216.0,39400.0,Put,-,-,-,-,550.0,-,-,0,0,0,1,-,660,3380,500
TXO,202612,20261216.0,39600.0,Call,-,-,-,-,6950.0,-,-,0,0,0,0,6910,-,11070,750
TXO,202612,20261216.0,39600.0,Put,-,-,-,-,585.0,-,-,0,0,0,3,440,-,3660,505
TXO,202612,20261216.0,39800.0,Call,-,-,-,-,6780.0,-,-,0,0,0,0,-,-,11350,1250
TXO,202612,20261216.0,39800.0,Put,-,-,-,-,615.0,-,-,0,0,0,1,-,-,4080,780
TXO,202612,20261216.0,40000.0,Call,-,-,-,-,6610.0,-,-,0,0,0,12,6550,6720,9010,705
TXO,202612,20261216.0,40000.0,Put,-,-,-,-,645.0,-,-,0,0,0,115,620,675,3960,340
TXO,202612,20261216.0,40200.0,Call,-,-,-,-,6450.0,-,-,0,0,0,0,-,-,6970,2200
TXO,202612,20261216.0,40200.0,Put,-,-,-,-,680.0,-,-,0,0,0,1,535,-,3430,990
TXO,202612,20261216.0,40400.0,Call,-,-,-,-,6280.0,-,-,0,0,0,1,-,-,8140,695
TXO,202612,20261216.0,40400.0,Put,-,-,-,-,715.0,-,-,0,0,0,1,685,745,2820,425
TXO,202612,20261216.0,40600.0,Call,-,-,-,-,6120.0,-,-,0,0,0,0,6060,-,6630,740
TXO,202612,20261216.0,40600.0,Put,-,-,-,-,750.0,-,-,0,0,0,1,590,-,2750,1930
TXO,202612,20261216.0,40800.0,Call,-,-,-,-,5960.0,-,-,0,0,0,16,5900,6010,9640,1410
TXO,202612,20261216.0,40800.0,Put,-,-,-,-,790.0,-,-,0,0,0,300,-,-,3980,468
TXO,202612,20261216.0,41000.0,Call,-,-,-,-,5800.0,-,-,0,0,0,5,5740,5900,9160,675
TXO,202612,20261216.0,41000.0,Put,-,-,-,-,830.0,-,-,0,0,0,7,800,860,4390,580
TXO,202612,20261216.0,41200.0,Call,-,-,-,-,5640.0,-,-,0,0,0,0,5580,-,5620,3150
TXO,202612,20261216.0,41200.0,Put,-,-,-,-,870.0,-,-,0,0,0,31,730,-,4410,490
TXO,202612,20261216.0,41400.0,Call,-,-,-,-,5490.0,-,-,0,0,0,30,5420,-,10000,360
TXO,202612,20261216.0,41400.0,Put,-,-,-,-,910.0,-,-,0,0,0,20,765,-,4540,525
TXO,202612,20261216.0,41600.0,Call,-,-,-,-,5330.0,-,-,0,0,0,11,5270,5380,6550,1450
TXO,202612,20261216.0,41600.0,Put,-,-,-,-,955.0,-,-,0,0,0,12,925,995,4290,670
TXO,202612,20261216.0,41800.0,Call,-,-,-,-,5180.0,-,-,0,0,0,15,-,-,8490,710
TXO,202612,20261216.0,41800.0,Put,-,-,-,-,1000.0,-,-,0,0,0,10,-,-,4390,925
TXO,202612,20261216.0,42000.0,Call,-,-,-,-,5020.0,-,-,0,0,0,71,4960,5070,8720,800
TXO,202612,20261216.0,42000.0,Put,-,-,-,-,1050.0,-,-,0,0,0,108,895,-,4950,645
TXO,202612,20261216.0,42200.0,Call,-,-,-,-,4870.0,-,-,0,0,0,2,-,4970,8040,1500
TXO,202612,20261216.0,42200.0,Put,-,-,-,-,1100.0,-,-,0,0,0,100,1060,1140,3610,1660
TXO,202612,20261216.0,42400.0,Call,-,-,-,-,4720.0,-,-,0,0,0,0,4660,-,5850,1260
TXO,202612,20261216.0,42400.0,Put,-,-,-,-,1150.0,-,-,0,0,0,0,-,-,4790,1100
TXO,202612,20261216.0,42600.0,Call,-,-,-,-,4570.0,-,-,0,0,0,2,4520,-,7280,965
TXO,202612,20261216.0,42600.0,Put,-,-,-,-,1190.0,-,-,0,0,0,0,-,-,4770,3040
TXO,202612,20261216.0,42800.0,Call,-,-,-,-,4440.0,-,-,0,0,0,1,4370,-,4950,2510
TXO,202612,20261216.0,42800.0,Put,-,-,-,-,1260.0,-,-,0,0,0,0,1220,1300,1190,900
TXO,202612,20261216.0,43000.0,Call,-,-,-,-,4300.0,-,-,0,0,0,65,-,-,9700,1130
TXO,202612,20261216.0,43000.0,Put,-,-,-,-,1320.0,-,-,0,0,0,70,1280,1360,5020,800
TXO,202612,20261216.0,43200.0,Call,-,-,-,-,4170.0,-,-,0,0,0,0,-,-,4670,1400
TXO,202612,20261216.0,43200.0,Put,-,-,-,-,1390.0,-,-,0,0,0,0,-,-,-,-
TXO,202612,20261216.0,43400.0,Call,-,-,-,-,4020.0,-,-,0,0,0,0,-,-,7410,4950
TXO,202612,20261216.0,43400.0,Put,-,-,-,-,1440.0,-,-,0,0,0,2,-,-,5280,2010
TXO,202612,20261216.0,43600.0,Call,-,-,-,-,3880.0,-,-,0,0,0,1,3790,3930,5510,950
TXO,202612,20261216.0,43600.0,Put,-,-,-,-,1500.0,-,-,0,0,0,1,1460,1550,4780,1630
TXO,202612,20261216.0,43800.0,Call,-,-,-,-,3760.0,-,-,0,0,0,1,-,-,8340,1020
TXO,202612,20261216.0,43800.0,Put,-,-,-,-,1570.0,-,-,0,0,0,12,1530,1620,4460,930
TXO,202612,20261216.0,44000.0,Call,-,-,-,-,3630.0,-,-,0,0,0,4,3540,3660,8350,2260
TXO,202612,20261216.0,44000.0,Put,-,-,-,-,1640.0,-,-,0,0,0,103,1600,1690,4770,1060
TXO,202612,20261216.0,44200.0,Call,-,-,-,-,3500.0,-,-,0,0,0,2,-,-,5630,600
TXO,202612,20261216.0,44200.0,Put,-,-,-,-,1710.0,-,-,0,0,0,65,-,-,4890,1030
TXO,202612,20261216.0,44400.0,Call,-,-,-,-,3380.0,-,-,0,0,0,1,-,-,6730,930
TXO,202612,20261216.0,44400.0,Put,-,-,-,-,1790.0,-,-,0,0,0,106,1680,-,4660,1090
TXO,202612,20261216.0,44600.0,Call,3350,3350,3350,3350,3250.0,▼-50,▼-1.47%,0,1,1,11,-,-,5770,890
TXO,202612,20261216.0,44600.0,Put,-,-,-,-,1860.0,-,-,0,0,0,12,1820,1910,6030,1140
TXO,202612,20261216.0,44800.0,Call,-,-,-,-,3130.0,-,-,0,0,0,2,3040,3150,3190,2320
TXO,202612,20261216.0,44800.0,Put,-,-,-,-,1940.0,-,-,0,0,0,8,1780,-,5600,1190
TXO,202612,20261216.0,45000.0,Call,-,-,-,-,3010.0,-,-,2,0,2,5,-,-,6790,2600
TXO,202612,20261216.0,45000.0,Put,-,-,-,-,2020.0,-,-,0,0,0,111,1980,2070,6200,1250
TXO,202612,20261216.0,45200.0,Call,-,-,-,-,2900.0,-,-,0,0,0,1,-,2960,6620,925
TXO,202612,20261216.0,45200.0,Put,-,-,-,-,2110.0,-,-,0,0,0,6,2070,2160,6690,1310
TXO,202612,20261216.0,45400.0,Call,-,-,-,-,2780.0,-,-,0,0,0,1,2710,2810,6500,2250
TXO,202612,20261216.0,45400.0,Put,-,-,-,-,2190.0,-,-,0,0,0,5,2150,2240,6540,1380
TXO,202612,20261216.0,45600.0,Call,-,-,-,-,2680.0,-,-,0,0,0,3,2580,2680,6160,1070
TXO,202612,20261216.0,45600.0,Put,-,-,-,-,2280.0,-,-,0,0,0,3,2240,2340,7000,1450
TXO,202612,20261216.0,45800.0,Call,2750,2750,2750,2750,2570.0,▲+50,▲+1.85%,1,4,5,7,-,-,3200,1980
TXO,202612,20261216.0,45800.0,Put,-,-,-,-,2370.0,-,-,0,0,0,2,2210,-,1550,1510
TXO,202612,20261216.0,46000.0,Call,-,-,-,-,2430.0,-,-,0,0,0,259,-,-,5560,1640
TXO,202612,20261216.0,46000.0,Put,-,-,-,-,2440.0,-,-,0,0,0,192,-,-,7060,1580
TXO,202612,20261216.0,46200.0,Call,-,-,-,-,2340.0,-,-,1,0,1,2,2220,-,2620,2300
TXO,202612,20261216.0,46200.0,Put,-,-,-,-,2540.0,-,-,0,0,0,2,2450,-,7260,1650
TXO,202612,20261216.0,46400.0,Call,-,-,-,-,2230.0,-,-,0,0,0,3,2180,2270,5700,1560
TXO,202612,20261216.0,46400.0,Put,-,-,-,-,2630.0,-,-,0,0,0,2,2580,2680,5970,1720
TXO,202612,20261216.0,46600.0,Call,-,-,-,-,2140.0,-,-,1,0,1,53,-,2220,6500,1500
TXO,202612,20261216.0,46600.0,Put,-,-,-,-,2740.0,-,-,0,0,0,7,-,2840,2550,1800
TXO,202612,20261216.0,46800.0,Call,-,-,-,-,2040.0,-,-,1,0,1,12,-,2160,5870,1500
TXO,202612,20261216.0,46800.0,Put,-,-,-,-,2840.0,-,-,0,0,0,5,-,-,7770,2120
TXO,202612,20261216.0,47000.0,Call,-,-,-,-,1940.0,-,-,0,0,0,236,1890,1980,6430,1420
TXO,202612,20261216.0,47000.0,Put,-,-,-,-,2940.0,-,-,0,0,0,18,2870,-,7620,1980
TXO,202612,20261216.0,47200.0,Call,-,-,-,-,1850.0,-,-,0,0,0,62,-,-,4830,1680
TXO,202612,20261216.0,47200.0,Put,-,-,-,-,3050.0,-,-,0,0,0,1,-,3190,2150,2150
TXO,202612,20261216.0,47400.0,Call,-,-,-,-,1770.0,-,-,0,0,0,68,-,1910,5670,1940
TXO,202612,20261216.0,47400.0,Put,-,-,-,-,3160.0,-,-,0,0,0,1,-,3270,6210,2250
TXO,202612,20261216.0,47600.0,Call,-,-,-,-,1680.0,-,-,0,0,0,48,258,-,5180,1100
TXO,202612,20261216.0,47600.0,Put,-,-,-,-,3270.0,-,-,0,0,0,5,-,-,6310,2720
TXO,202612,20261216.0,47800.0,Call,-,-,-,-,1590.0,-,-,0,0,0,9,-,-,5050,1290
TXO,202612,20261216.0,47800.0,Put,-,-,-,-,3390.0,-,-,0,0,0,2,-,3510,5750,4890
TXO,202612,20261216.0,48000.0,Call,1600,1600,1600,1600,1520.0,▼-40,▼-2.44%,0,1,1,68,1400,-,5100,1330
TXO,202612,20261216.0,48000.0,Put,-,-,-,-,3520.0,-,-,0,0,0,8,3490,3600,8030,2620
TXO,202612,20261216.0,48200.0,Call,-,-,-,-,1440.0,-,-,0,0,0,6,-,-,3960,1880
TXO,202612,20261216.0,48200.0,Put,-,-,-,-,3640.0,-,-,0,0,0,5,-,-,5860,2570
TXO,202612,20261216.0,48400.0,Call,-,-,-,-,1360.0,-,-,0,0,0,5,-,-,5700,1520
TXO,202612,20261216.0,48400.0,Put,-,-,-,-,3760.0,-,-,0,0,0,4,-,3890,5920,5910
TXO,202612,20261216.0,48600.0,Call,-,-,-,-,1300.0,-,-,0,0,0,5,1250,1330,4880,1710
TXO,202612,20261216.0,48600.0,Put,-,-,-,-,3890.0,-,-,0,0,0,0,-,-,6090,4600
TXO,202612,20261216.0,48800.0,Call,-,-,-,-,1230.0,-,-,0,0,0,0,1190,1270,-,-
TXO,202612,20261216.0,48800.0,Put,-,-,-,-,4030.0,-,-,0,0,0,1,3970,4080,8920,4350
TXO,202612,20261216.0,49000.0,Call,-,-,-,-,1160.0,-,-,0,0,0,420,-,-,5280,1070
TXO,202612,20261216.0,49000.0,Put,-,-,-,-,4150.0,-,-,0,0,0,5,4090,4190,6900,3080
TXO,202612,20261216.0,49200.0,Call,-,-,-,-,1090.0,-,-,0,0,0,16,1050,1130,4080,995
TXO,202612,20261216.0,49200.0,Put,-,-,-,-,4280.0,-,-,0,0,0,1,-,4420,4800,4800
TXO,202612,20261216.0,49400.0,Call,-,-,-,-,1040.0,-,-,0,0,0,5,1000,1070,3760,1240
TXO,202612,20261216.0,49400.0,Put,-,-,-,-,4430.0,-,-,0,0,0,3,4400,4530,8650,4900
TXO,202612,20261216.0,49600.0,Call,-,-,-,-,980.0,-,-,0,0,0,10,880,-,4800,1160
TXO,202612,20261216.0,49600.0,Put,-,-,-,-,4570.0,-,-,0,0,0,0,-,-,6900,5500
TXO,202612,20261216.0,49800.0,Call,-,-,-,-,930.0,-,-,0,0,0,0,-,-,2780,960
TXO,202612,20261216.0,49800.0,Put,-,-,-,-,4720.0,-,-,0,0,0,0,-,-,-,-
TXO,202612,20261216.0,50000.0,Call,950,950,880,880,880.0,▼-110,▼-11.11%,2,9,11,103,825,895,5000,880
TXO,202612,20261216.0,50000.0,Put,-,-,-,-,4850.0,-,-,0,0,0,12,4800,5010,9900,4000
TXO,202612,20261216.0,50200.0,Call,-,-,-,-,820.0,-,-,0,0,0,5,-,-,4800,945
TXO,202612,20261216.0,50200.0,Put,-,-,-,-,5000.0,-,-,0,0,0,2,-,5070,5420,5400
TXO,202612,20261216.0,50400.0,Call,-,-,-,-,775.0,-,-,0,0,0,40,740,805,5200,840
TXO,202612,20261216.0,50400.0,Put,-,-,-,-,5160.0,-,-,0,0,0,4,5100,-,9460,5540
TXO,202612,20261216.0,50600.0,Call,-,-,-,-,730.0,-,-,0,0,0,0,695,755,3640,705
TXO,202612,20261216.0,50600.0,Put,-,-,-,-,5310.0,-,-,0,0,0,2,-,5450,5690,5670
TXO,202612,20261216.0,50800.0,Call,-,-,-,-,685.0,-,-,0,0,0,13,590,795,3620,955
TXO,202612,20261216.0,50800.0,Put,-,-,-,-,5470.0,-,-,0,0,0,0,-,-,-,-
TXO,202612,20261216.0,51000.0,Call,-,-,-,-,645.0,-,-,0,0,0,10,615,665,4420,710
TXO,202612,20261216.0,51000.0,Put,-,-,-,-,5620.0,-,-,0,0,0,0,-,5700,-,-
TXO,202612,20261216.0,51200.0,Call,-,-,-,-,605.0,-,-,0,0,0,5,575,625,950,950
TXO,202612,20261216.0,51200.0,Put,-,-,-,-,5790.0,-,-,0,0,0,0,-,5850,-,-
TXO,202612,20261216.0,51400.0,Call,-,-,-,-,570.0,-,-,0,0,0,2,545,590,1950,970
TXO,202612,20261216.0,51400.0,Put,-,-,-,-,5950.0,-,-,0,0,0,0,-,6020,-,-
TXO,202612,20261216.0,51600.0,Call,-,-,-,-,540.0,-,-,0,0,0,0,510,555,3280,2950
TXO,202612,20261216.0,51600.0,Put,-,-,-,-,6120.0,-,-,0,0,0,0,-,-,-,-
TXO,202612,20261216.0,51800.0,Call,-,-,-,-,505.0,-,-,0,0,0,13,-,635,2550,810
TXO,202612,20261216.0,51800.0,Put,-,-,-,-,6280.0,-,-,0,0,0,0,-,6350,-,-
TXO,202612,20261216.0,52000.0,Call,478,478,478,478,478.0,▼-52,▼-9.81%,0,2,2,247,455,489,3380,478
TXO,202612,20261216.0,52000.0,Put,-,-,-,-,6450.0,-,-,0,0,0,0,-,6520,-,-
TXO,202612,20261216.0,52200.0,Call,-,-,-,-,449.0,-,-,0,0,0,0,418,463,1150,570
TXO,202612,20261216.0,52200.0,Put,-,-,-,-,6620.0,-,-,0,0,0,0,-,6700,-,-
TXO,202612,20261216.0,52400.0,Call,-,-,-,-,421.0,-,-,0,0,0,15,420,-,3950,600
TXO,202612,20261216.0,52400.0,Put,-,-,-,-,6800.0,-,-,0,0,0,0,-,-,8790,6780
TXO,202612,20261216.0,52600.0,Call,-,-,-,-,396.0,-,-,0,0,0,2,371,406,1820,690
TXO,202612,20261216.0,52600.0,Put,-,-,-,-,6970.0,-,-,0,0,0,0,-,-,-,-
TXO,202612,20261216.0,52800.0,Call,-,-,-,-,372.0,-,-,0,0,0,6,-,480,2770,425
TXO,202612,20261216.0,52800.0,Put,-,-,-,-,7140.0,-,-,0,0,0,0,-,7220,-,-
TXO,202612,20261216.0,53000.0,Call,358,358,358,358,358.0,▼-32,▼-8.21%,0,5,5,395,330,365,2970,282
TXO,202612,20261216.0,53000.0,Put,-,-,-,-,7320.0,-,-,0,0,0,0,-,-,-,-
TXO,202612,20261216.0,53200.0,Call,-,-,-,-,324.0,-,-,0,0,0,12,-,-,3950,479
TXO,202612,20261216.0,53200.0,Put,-,-,-,-,7490.0,-,-,0,0,0,0,-,-,-,-
TXO,202612,20261216.0,53400.0,Call,-,-,-,-,304.0,-,-,0,0,0,4,223,-,2870,895
TXO,202612,20261216.0,53400.0,Put,-,-,-,-,7670.0,-,-,0,0,0,0,-,7770,-,-
TXO,202612,20261216.0,53600.0,Call,-,-,-,-,285.0,-,-,0,0,0,3,209,407,900,825
TXO,202612,20261216.0,53600.0,Put,-,-,-,-,7850.0,-,-,0,0,0,0,-,7940,-,-
TXO,202612,20261216.0,53800.0,Call,-,-,-,-,269.0,-,-,0,0,0,2,191,-,2640,329
TXO,202612,20261216.0,53800.0,Put,-,-,-,-,8040.0,-,-,0,0,0,0,-,-,-,-
TXO,202612,20261216.0,54000.0,Call,-,-,-,-,253.0,-,-,0,0,0,314,2.9,375,3360,306
TXO,202612,20261216.0,54000.0,Put,-,-,-,-,8220.0,-,-,0,0,0,0,-,8320,-,-
TXO,202612,20261216.0,54200.0,Call,-,-,-,-,237.0,-,-,0,0,0,2,163,-,840,380
TXO,202612,20261216.0,54200.0,Put,-,-,-,-,8400.0,-,-,0,0,0,0,-,8530,-,-
TXO,202612,20261216.0,54400.0,Call,-,-,-,-,223.0,-,-,0,0,0,3,209,235,2050,373
TXO,202612,20261216.0,54400.0,Put,-,-,-,-,8590.0,-,-,0,0,0,0,-,-,-,-
TXO,202612,20261216.0,54600.0,Call,-,-,-,-,211.0,-,-,0,0,0,0,197,222,1420,243
TXO,202612,20261216.0,54600.0,Put,-,-,-,-,8770.0,-,-,0,0,0,0,-,-,-,-
TXO,202612,20261216.0,54800.0,Call,-,-,-,-,198.0,-,-,0,0,0,10,-,317,3060,480
TXO,202612,20261216.0,54800.0,Put,-,-,-,-,8960.0,-,-,0,0,0,0,-,-,-,-
TXO,202612,20261216.0,55000.0,Call,194,194,194,194,194.0,▼-25,▼-11.42%,3,1,4,41,174,197,2920,194
TXO,202612,20261216.0,55000.0,Put,-,-,-,-,9150.0,-,-,0,0,0,0,-,-,-,-
TXO,202612,20261216.0,55200.0,Call,-,-,-,-,175.0,-,-,0,0,0,2,-,-,1980,207
TXO,202612,20261216.0,55200.0,Put,-,-,-,-,9340.0,-,-,0,0,0,0,-,9470,-,-
TXO,202612,20261216.0,55400.0,Call,-,-,-,-,164.0,-,-,0,0,0,5,151,173,2930,370
TXO,202612,20261216.0,55400.0,Put,-,-,-,-,9520.0,-,-,0,0,0,0,-,-,-,-
TXO,202612,20261216.0,55600.0,Call,-,-,-,-,153.0,-,-,0,0,0,6,75,-,2150,273
TXO,202612,20261216.0,55600.0,Put,-,-,-,-,9710.0,-,-,0,0,0,0,-,9820,-,-
TXO,202612,20261216.0,55800.0,Call,-,-,-,-,145.0,-,-,0,0,0,18,65,260,3020,188
TXO,202612,20261216.0,55800.0,Put,-,-,-,-,9900.0,-,-,0,0,0,0,-,-,-,-
TXO,202612,20261216.0,56000.0,Call,-,-,-,-,141.0,-,-,0,0,0,10,135,-,2170,165
TXO,202612,20261216.0,56000.0,Put,-,-,-,-,10100.0,-,-,0,0,0,0,-,-,-,-
TXO,202612,20261216.0,56200.0,Call,-,-,-,-,132.0,-,-,2,0,2,4,46.5,4600,1900,140
TXO,202612,20261216.0,56200.0,Put,-,-,-,-,10290.0,-,-,0,0,0,0,-,-,-,-
TXO,202612,20261216.0,56400.0,Call,-,-,-,-,123.0,-,-,0,0,0,1,37.5,219,1770,187
TXO,202612,20261216.0,56400.0,Put,-,-,-,-,10480.0,-,-,0,0,0,0,-,-,-,-
TXO,202612,20261216.0,56600.0,Call,118,118,118,118,118.0,▼-10,▼-7.81%,0,2,2,3,103,121,495,118
TXO,202612,20261216.0,56600.0,Put,-,-,-,-,10670.0,-,-,0,0,0,0,-,10810,-,-
TXO,202612,20261216.0,56800.0,Call,-,-,-,-,108.0,-,-,0,0,0,1,21.5,-,1830,178
TXO,202612,20261216.0,56800.0,Put,-,-,-,-,10860.0,-,-,0,0,0,0,-,-,-,-
TXO,202612,20261216.0,57000.0,Call,-,-,-,-,102.0,-,-,0,0,0,498,93,104,2500,110
TXO,202612,20261216.0,57000.0,Put,-,-,-,-,11060.0,-,-,0,0,0,0,-,11200,-,-
TXO,202612,20261216.0,57200.0,Call,-,-,-,-,98.0,-,-,0,0,0,8,5.4,4500,1880,130
TXO,202612,20261216.0,57200.0,Put,11110,11110,11110,11110,11250.0,▲+40,▲+0.36%,0,1,1,1,-,11400,11110,11110
TXO,202612,20261216.0,57400.0,Call,102,102,93,93,93.0,▼-10,▼-9.71%,0,4,4,259,1,128,1870,21
TXO,202612,20261216.0,57400.0,Put,-,-,-,-,11440.0,-,-,0,0,0,0,-,11610,-,-
TXO,202703,20270317.0,31800.0,Call,-,-,-,-,14760.0,-,-,0,0,0,0,14700,-,-,-
TXO,202703,20270317.0,31800.0,Put,-,-,-,-,187.0,-,-,0,0,0,105,170,201,1020,102
TXO,202703,20270317.0,32000.0,Call,-,-,-,-,14560.0,-,-,0,0,0,0,14490,-,-,-
TXO,202703,20270317.0,32000.0,Put,190,190,185,185,194.0,▼-8,▼-4.15%,0,2,2,21,183,208,1360,138
TXO,202703,20270317.0,32200.0,Call,-,-,-,-,14370.0,-,-,0,0,0,0,-,14560,-,-
TXO,202703,20270317.0,32200.0,Put,-,-,-,-,202.0,-,-,0,0,0,1,-,-,265,210
TXO,202703,20270317.0,32400.0,Call,-,-,-,-,14180.0,-,-,0,0,0,0,-,14370,-,-
TXO,202703,20270317.0,32400.0,Put,-,-,-,-,210.0,-,-,0,0,0,0,197,226,331,290
TXO,202703,20270317.0,32600.0,Call,-,-,-,-,13990.0,-,-,0,0,0,0,-,14210,-,-
TXO,202703,20270317.0,32600.0,Put,-,-,-,-,219.0,-,-,0,0,0,0,205,235,375,356
TXO,202703,20270317.0,32800.0,Call,-,-,-,-,13810.0,-,-,0,0,0,0,-,-,-,-
TXO,202703,20270317.0,32800.0,Put,-,-,-,-,227.0,-,-,0,0,0,1,213,245,415,195
TXO,202703,20270317.0,33000.0,Call,-,-,-,-,13620.0,-,-,0,0,0,0,-,13790,-,-
TXO,202703,20270317.0,33000.0,Put,-,-,-,-,237.0,-,-,0,0,0,11,222,256,469,178
TXO,202703,20270317.0,33200.0,Call,-,-,-,-,13430.0,-,-,0,0,0,0,13350,13610,-,-
TXO,202703,20270317.0,33200.0,Put,-,-,-,-,248.0,-,-,0,0,0,8,232,267,1690,488
TXO,202703,20270317.0,33400.0,Call,-,-,-,-,13240.0,-,-,0,0,0,0,-,-,-,-
TXO,202703,20270317.0,33400.0,Put,-,-,-,-,259.0,-,-,0,0,0,0,243,278,-,-
TXO,202703,20270317.0,33600.0,Call,-,-,-,-,13060.0,-,-,0,0,0,0,-,13240,-,-
TXO,202703,20270317.0,33600.0,Put,-,-,-,-,271.0,-,-,0,0,0,1,-,-,935,184
TXO,202703,20270317.0,33800.0,Call,-,-,-,-,12870.0,-,-,0,0,0,0,-,-,-,-
TXO,202703,20270317.0,33800.0,Put,-,-,-,-,283.0,-,-,0,0,0,21,158,370,1850,178
TXO,202703,20270317.0,34000.0,Call,-,-,-,-,12690.0,-,-,0,0,0,0,12610,-,-,-
TXO,202703,20270317.0,34000.0,Put,292,292,292,292,292.0,▼-3,▼-1.02%,0,1,1,6,280,315,1420,184
TXO,202703,20270317.0,34200.0,Call,-,-,-,-,12500.0,-,-,0,0,0,0,-,12670,-,-
TXO,202703,20270317.0,34200.0,Put,-,-,-,-,309.0,-,-,0,0,0,1,294,329,1390,243
TXO,202703,20270317.0,34400.0,Call,-,-,-,-,12320.0,-,-,0,0,0,0,12240,-,-,-
TXO,202703,20270317.0,34400.0,Put,-,-,-,-,324.0,-,-,0,0,0,0,-,-,-,-
TXO,202703,20270317.0,34600.0,Call,-,-,-,-,12130.0,-,-,0,0,0,0,-,12300,13810,12940
TXO,202703,20270317.0,34600.0,Put,-,-,-,-,339.0,-,-,0,0,0,2,196,-,915,316
TXO,202703,20270317.0,34800.0,Call,-,-,-,-,11950.0,-,-,0,0,0,0,11880,-,-,-
TXO,202703,20270317.0,34800.0,Put,-,-,-,-,355.0,-,-,0,0,0,1,340,375,1000,515
TXO,202703,20270317.0,35000.0,Call,-,-,-,-,11770.0,-,-,0,0,0,0,-,-,-,-
TXO,202703,20270317.0,35000.0,Put,366,366,355,359,359.0,▼-16,▼-4.27%,2,7,9,55,349,384,1600,256
TXO,202703,20270317.0,35200.0,Call,-,-,-,-,11590.0,-,-,0,0,0,0,11510,11750,-,-
TXO,202703,20270317.0,35200.0,Put,-,-,-,-,390.0,-,-,0,0,0,7,-,-,515,495
TXO,202703,20270317.0,35400.0,Call,-,-,-,-,11410.0,-,-,0,0,0,0,-,11560,-,-
TXO,202703,20270317.0,35400.0,Put,-,-,-,-,404.0,-,-,0,0,0,25,-,-,695,535
TXO,202703,20270317.0,35600.0,Call,-,-,-,-,11230.0,-,-,0,0,0,0,11160,-,-,-
TXO,202703,20270317.0,35600.0,Put,-,-,-,-,426.0,-,-,0,0,0,28,335,444,2340,277
TXO,202703,20270317.0,35800.0,Call,-,-,-,-,11060.0,-,-,0,0,0,0,-,11210,-,-
TXO,202703,20270317.0,35800.0,Put,-,-,-,-,450.0,-,-,0,0,0,15,430,475,2050,301
TXO,202703,20270317.0,36000.0,Call,-,-,-,-,10880.0,-,-,0,0,0,0,-,-,-,-
TXO,202703,20270317.0,36000.0,Put,-,-,-,-,469.0,-,-,0,0,0,79,449,494,2380,266
TXO,202703,20270317.0,36200.0,Call,-,-,-,-,10700.0,-,-,0,0,0,0,10630,10840,-,-
TXO,202703,20270317.0,36200.0,Put,-,-,-,-,494.0,-,-,0,0,0,1,475,520,2050,289
TXO,202703,20270317.0,36400.0,Call,-,-,-,-,10530.0,-,-,0,0,0,0,10420,10670,-,-
TXO,202703,20270317.0,36400.0,Put,-,-,-,-,515.0,-,-,0,0,0,2,-,655,1800,520
TXO,202703,20270317.0,36600.0,Call,-,-,-,-,10350.0,-,-,0,0,0,4,10280,-,13790,11300
TXO,202703,20270317.0,36600.0,Put,535,535,535,535,535.0,▼-5,▼-0.93%,0,1,1,20,520,565,2780,360
TXO,202703,20270317.0,36800.0,Call,-,-,-,-,10180.0,-,-,0,0,0,0,10100,10320,-,-
TXO,202703,20270317.0,36800.0,Put,-,-,-,-,565.0,-,-,0,0,0,2,545,590,1990,391
TXO,202703,20270317.0,37000.0,Call,-,-,-,-,10010.0,-,-,0,0,0,0,-,10140,-,-
TXO,202703,20270317.0,37000.0,Put,-,-,-,-,595.0,-,-,0,0,0,32,575,625,2340,340
TXO,202703,20270317.0,37200.0,Call,-,-,-,-,9840.0,-,-,0,0,0,0,9730,9950,-,-
TXO,202703,20270317.0,37200.0,Put,-,-,-,-,620.0,-,-,0,0,0,3,600,650,1160,460
TXO,202703,20270317.0,37400.0,Call,-,-,-,-,9670.0,-,-,0,0,0,0,9560,9800,-,-
TXO,202703,20270317.0,37400.0,Put,-,-,-,-,650.0,-,-,0,0,0,6,625,680,2000,480
TXO,202703,20270317.0,37600.0,Call,-,-,-,-,9500.0,-,-,0,0,0,0,9390,9630,-,-
TXO,202703,20270317.0,37600.0,Put,-,-,-,-,680.0,-,-,0,0,0,5,655,710,3020,480
TXO,202703,20270317.0,37800.0,Call,-,-,-,-,9330.0,-,-,0,0,0,0,-,-,-,-
TXO,202703,20270317.0,37800.0,Put,700,700,700,700,700.0,▼-5,▼-0.71%,0,1,1,6,585,-,1150,510
TXO,202703,20270317.0,38000.0,Call,-,-,-,-,9170.0,-,-,0,0,0,1,9090,9290,11830,11830
TXO,202703,20270317.0,38000.0,Put,-,-,-,-,740.0,-,-,0,0,0,18,715,775,2600,432
TXO,202703,20270317.0,38200.0,Call,-,-,-,-,9000.0,-,-,0,0,0,0,-,-,-,-
TXO,202703,20270317.0,38200.0,Put,-,-,-,-,775.0,-,-,0,0,0,1,745,810,1230,482
TXO,202703,20270317.0,38400.0,Call,-,-,-,-,8840.0,-,-,0,0,0,1,8760,-,10180,10180
TXO,202703,20270317.0,38400.0,Put,-,-,-,-,810.0,-,-,0,0,0,1,780,850,1270,700
TXO,202703,20270317.0,38600.0,Call,-,-,-,-,8670.0,-,-,0,0,0,0,8560,-,-,-
TXO,202703,20270317.0,38600.0,Put,-,-,-,-,840.0,-,-,0,0,0,3,-,-,2090,480
TXO,202703,20270317.0,38800.0,Call,-,-,-,-,8510.0,-,-,0,0,0,0,8400,-,-,-
TXO,202703,20270317.0,38800.0,Put,-,-,-,-,875.0,-,-,0,0,0,1,-,-,2560,680
TXO,202703,20270317.0,39000.0,Call,-,-,-,-,8350.0,-,-,0,0,0,0,8240,8440,-,-
TXO,202703,20270317.0,39000.0,Put,-,-,-,-,910.0,-,-,0,0,0,7,-,990,3400,580
TXO,202703,20270317.0,39200.0,Call,-,-,-,-,8190.0,-,-,0,0,0,0,-,8290,-,-
TXO,202703,20270317.0,39200.0,Put,-,-,-,-,950.0,-,-,0,0,0,1,-,-,2680,1450
TXO,202703,20270317.0,39400.0,Call,-,-,-,-,8040.0,-,-,0,0,0,0,-,8130,-,-
TXO,202703,20270317.0,39400.0,Put,-,-,-,-,995.0,-,-,0,0,0,2,960,1030,2740,1500
TXO,202703,20270317.0,39600.0,Call,-,-,-,-,7880.0,-,-,0,0,0,0,-,-,-,-
TXO,202703,20270317.0,39600.0,Put,-,-,-,-,1040.0,-,-,0,0,0,4,-,1110,2830,1000
TXO,202703,20270317.0,39800.0,Call,-,-,-,-,7730.0,-,-,0,0,0,0,-,7800,-,-
TXO,202703,20270317.0,39800.0,Put,-,-,-,-,1090.0,-,-,0,0,0,11,610,1150,3000,810
TXO,202703,20270317.0,40000.0,Call,-,-,-,-,7580.0,-,-,0,0,0,1,7410,7660,11530,6000
TXO,202703,20270317.0,40000.0,Put,1110,1110,1110,1110,1110.0,0,0%,0,1,1,36,1080,1170,4200,810
TXO,202703,20270317.0,40200.0,Call,-,-,-,-,7430.0,-,-,0,0,0,0,-,7490,-,-
TXO,202703,20270317.0,40200.0,Put,-,-,-,-,1180.0,-,-,0,0,0,6,590,-,2460,785
TXO,202703,20270317.0,40400.0,Call,-,-,-,-,7260.0,-,-,0,0,0,0,7170,7330,6450,5300
TXO,202703,20270317.0,40400.0,Put,-,-,-,-,1210.0,-,-,0,0,0,1,1070,-,1760,1760
TXO,202703,20270317.0,40600.0,Call,-,-,-,-,7100.0,-,-,0,0,0,0,-,7180,6950,5530
TXO,202703,20270317.0,40600.0,Put,-,-,-,-,1250.0,-,-,0,0,0,0,1210,1300,-,-
TXO,202703,20270317.0,40800.0,Call,-,-,-,-,6950.0,-,-,0,0,0,0,6870,-,-,-
TXO,202703,20270317.0,40800.0,Put,-,-,-,-,1300.0,-,-,0,0,0,2,1260,1350,4650,1100
TXO,202703,20270317.0,41000.0,Call,-,-,-,-,6800.0,-,-,0,0,0,0,6690,6880,8000,5380
TXO,202703,20270317.0,41000.0,Put,-,-,-,-,1350.0,-,-,0,0,0,1,-,-,4540,945
TXO,202703,20270317.0,41200.0,Call,-,-,-,-,6660.0,-,-,0,0,0,0,6560,6730,-,-
TXO,202703,20270317.0,41200.0,Put,-,-,-,-,1400.0,-,-,0,0,0,2,1360,1450,3000,1010
TXO,202703,20270317.0,41400.0,Call,-,-,-,-,6510.0,-,-,0,0,0,0,6440,-,-,-
TXO,202703,20270317.0,41400.0,Put,-,-,-,-,1450.0,-,-,0,0,0,4,-,-,2050,1340
TXO,202703,20270317.0,41600.0,Call,-,-,-,-,6370.0,-,-,0,0,0,0,6270,6440,-,-
TXO,202703,20270317.0,41600.0,Put,-,-,-,-,1510.0,-,-,0,0,0,11,1470,1560,3390,1120
TXO,202703,20270317.0,41800.0,Call,-,-,-,-,6220.0,-,-,0,0,0,0,-,-,-,-
TXO,202703,20270317.0,41800.0,Put,-,-,-,-,1560.0,-,-,0,0,0,1,-,-,3200,2180
TXO,202703,20270317.0,42000.0,Call,-,-,-,-,6080.0,-,-,0,0,0,2,-,6150,11500,4800
TXO,202703,20270317.0,42000.0,Put,-,-,-,-,1620.0,-,-,1,0,1,10,1470,-,4320,1040
TXO,202703,20270317.0,42200.0,Call,-,-,-,-,5940.0,-,-,0,0,0,0,5870,6010,-,-
TXO,202703,20270317.0,42200.0,Put,-,-,-,-,1680.0,-,-,0,0,0,1,-,1780,2260,2260
TXO,202703,20270317.0,42400.0,Call,-,-,-,-,5810.0,-,-,0,0,0,0,5720,-,-,-
TXO,202703,20270317.0,42400.0,Put,-,-,-,-,1740.0,-,-,0,0,0,1,1700,1800,2370,2370
TXO,202703,20270317.0,42600.0,Call,-,-,-,-,5670.0,-,-,0,0,0,1,5560,5740,6610,6610
TXO,202703,20270317.0,42600.0,Put,-,-,-,-,1800.0,-,-,0,0,0,1,-,-,2440,2440
TXO,202703,20270317.0,42800.0,Call,-,-,-,-,5540.0,-,-,0,0,0,1,5420,5670,6480,6480
TXO,202703,20270317.0,42800.0,Put,-,-,-,-,1870.0,-,-,0,0,0,1,1820,1920,2690,2510
TXO,202703,20270317.0,43000.0,Call,-,-,-,-,5420.0,-,-,0,0,0,0,-,-,-,-
TXO,202703,20270317.0,43000.0,Put,-,-,-,-,1950.0,-,-,0,0,0,3,1900,2010,4720,1340
TXO,202703,20270317.0,43200.0,Call,-,-,-,-,5270.0,-,-,0,0,0,1,5130,5380,6230,6230
TXO,202703,20270317.0,43200.0,Put,-,-,-,-,1990.0,-,-,0,0,0,1,1840,-,2660,2660
TXO,202703,20270317.0,43400.0,Call,-,-,-,-,5150.0,-,-,0,0,0,1,5000,5250,6110,6110
TXO,202703,20270317.0,43400.0,Put,-,-,-,-,2070.0,-,-,0,0,0,1,-,2150,3730,3730
TXO,202703,20270317.0,43600.0,Call,-,-,-,-,5010.0,-,-,0,0,0,1,4890,-,5980,5980
TXO,202703,20270317.0,43600.0,Put,-,-,-,-,2130.0,-,-,0,0,0,0,-,-,6100,3200
TXO,202703,20270317.0,43800.0,Call,-,-,-,-,4880.0,-,-,0,0,0,0,-,-,-,-
TXO,202703,20270317.0,43800.0,Put,-,-,-,-,2200.0,-,-,0,0,0,1,-,-,5820,5820
TXO,202703,20270317.0,44000.0,Call,-,-,-,-,4760.0,-,-,0,0,0,13,4620,-,9500,5370
TXO,202703,20270317.0,44000.0,Put,-,-,-,-,2270.0,-,-,0,0,0,18,2200,2320,5230,1560
TXO,202703,20270317.0,44200.0,Call,-,-,-,-,4630.0,-,-,0,0,0,2,-,-,6100,3340
TXO,202703,20270317.0,44200.0,Put,-,-,-,-,2350.0,-,-,0,0,0,1,2300,2420,3040,3040
TXO,202703,20270317.0,44400.0,Call,-,-,-,-,4510.0,-,-,0,0,0,2,4390,-,5500,5140
TXO,202703,20270317.0,44400.0,Put,-,-,-,-,2420.0,-,-,0,0,0,1,2360,2500,3130,1920
TXO,202703,20270317.0,44600.0,Call,-,-,-,-,4390.0,-,-,0,0,0,2,4280,4500,5300,3600
TXO,202703,20270317.0,44600.0,Put,-,-,-,-,2500.0,-,-,0,0,0,1,-,-,3210,1990
TXO,202703,20270317.0,44800.0,Call,-,-,-,-,4260.0,-,-,0,0,0,1,-,-,4880,4470
TXO,202703,20270317.0,44800.0,Put,-,-,-,-,2570.0,-,-,0,0,0,4,2510,2650,5330,1970
TXO,202703,20270317.0,45000.0,Call,-,-,-,-,4150.0,-,-,0,0,0,21,4050,4240,5180,3280
TXO,202703,20270317.0,45000.0,Put,-,-,-,-,2660.0,-,-,0,0,0,1,2450,-,5500,2080
TXO,202703,20270317.0,45200.0,Call,-,-,-,-,4040.0,-,-,0,0,0,3,3910,4120,5400,4800
TXO,202703,20270317.0,45200.0,Put,-,-,-,-,2750.0,-,-,0,0,0,1,2680,2840,3470,3470
TXO,202703,20270317.0,45400.0,Call,-,-,-,-,3930.0,-,-,0,0,0,1,3780,-,4940,4000
TXO,202703,20270317.0,45400.0,Put,-,-,-,-,2840.0,-,-,0,0,0,2,2740,-,3560,2900
TXO,202703,20270317.0,45600.0,Call,-,-,-,-,3830.0,-,-,0,0,0,1,3680,-,4850,4850
TXO,202703,20270317.0,45600.0,Put,-,-,-,-,2930.0,-,-,0,0,0,1,2860,3020,3650,3650
TXO,202703,20270317.0,45800.0,Call,-,-,-,-,3710.0,-,-,0,0,0,1,3590,-,4720,4720
TXO,202703,20270317.0,45800.0,Put,-,-,-,-,3010.0,-,-,0,0,0,1,2910,-,3740,3740
TXO,202703,20270317.0,46000.0,Call,-,-,-,-,3610.0,-,-,0,0,0,14,3480,-,8000,3110
TXO,202703,20270317.0,46000.0,Put,-,-,-,-,3100.0,-,-,0,0,0,4,3030,3180,5700,3830
TXO,202703,20270317.0,46200.0,Call,-,-,-,-,3510.0,-,-,0,0,0,1,3380,-,4510,4510
TXO,202703,20270317.0,46200.0,Put,-,-,-,-,3200.0,-,-,0,0,0,1,-,-,3930,3930
TXO,202703,20270317.0,46400.0,Call,-,-,-,-,3410.0,-,-,0,0,0,1,3260,-,4410,4410
TXO,202703,20270317.0,46400.0,Put,-,-,-,-,3300.0,-,-,0,0,0,1,3230,3400,4020,4020
TXO,202703,20270317.0,46600.0,Call,-,-,-,-,3310.0,-,-,0,0,0,2,3200,3380,7460,7430
TXO,202703,20270317.0,46600.0,Put,-,-,-,-,3400.0,-,-,0,0,0,1,3330,3490,4120,4120
TXO,202703,20270317.0,46800.0,Call,-,-,-,-,3210.0,-,-,0,0,0,8,3060,-,4200,3240
TXO,202703,20270317.0,46800.0,Put,-,-,-,-,3500.0,-,-,0,0,0,1,3360,-,4220,4220
TXO,202703,20270317.0,47000.0,Call,-,-,-,-,3100.0,-,-,0,0,0,8,3000,3160,7200,3150
TXO,202703,20270317.0,47000.0,Put,-,-,-,-,3580.0,-,-,0,0,0,52,-,-,4780,2680
TXO,202703,20270317.0,47200.0,Call,-,-,-,-,3000.0,-,-,0,0,0,1,2890,3050,4010,4010
TXO,202703,20270317.0,47200.0,Put,-,-,-,-,3690.0,-,-,0,0,0,1,3620,3800,4420,4420
TXO,202703,20270317.0,47400.0,Call,-,-,-,-,2920.0,-,-,0,0,0,1,2760,-,3910,3910
TXO,202703,20270317.0,47400.0,Put,-,-,-,-,3800.0,-,-,0,0,0,3,-,-,4430,4430
TXO,202703,20270317.0,47600.0,Call,-,-,-,-,2800.0,-,-,0,0,0,1,2670,-,3510,3510
TXO,202703,20270317.0,47600.0,Put,-,-,-,-,3880.0,-,-,0,0,0,3,3830,4020,4630,4530
TXO,202703,20270317.0,47800.0,Call,-,-,-,-,2710.0,-,-,0,0,0,1,2620,2760,3720,3720
TXO,202703,20270317.0,47800.0,Put,-,-,-,-,3990.0,-,-,0,0,0,3,3920,-,4740,4640
TXO,202703,20270317.0,48000.0,Call,-,-,-,-,2630.0,-,-,0,0,0,2,2520,-,3920,2960
TXO,202703,20270317.0,48000.0,Put,-,-,-,-,4110.0,-,-,2,0,2,4,4040,4240,8820,3460
TXO,202703,20270317.0,48200.0,Call,-,-,-,-,2550.0,-,-,0,0,0,3,2450,2590,3530,3530
TXO,202703,20270317.0,48200.0,Put,-,-,-,-,4230.0,-,-,0,0,0,1,4090,-,4870,4870
TXO,202703,20270317.0,48400.0,Call,-,-,-,-,2470.0,-,-,0,0,0,3,2340,-,7100,2350
TXO,202703,20270317.0,48400.0,Put,-,-,-,-,4350.0,-,-,0,0,0,1,4250,-,4980,4980
TXO,202703,20270317.0,48600.0,Call,-,-,-,-,2380.0,-,-,0,0,0,5,-,-,6300,2140
TXO,202703,20270317.0,48600.0,Put,-,-,-,-,4460.0,-,-,0,0,0,1,-,-,5100,4100
TXO,202703,20270317.0,48800.0,Call,-,-,-,-,2290.0,-,-,0,0,0,1,-,-,2260,2260
TXO,202703,20270317.0,48800.0,Put,-,-,-,-,4560.0,-,-,0,0,0,1,4490,-,5210,5210
TXO,202703,20270317.0,49000.0,Call,-,-,-,-,2220.0,-,-,0,0,0,32,2120,-,6150,2040
TXO,202703,20270317.0,49000.0,Put,-,-,-,-,4690.0,-,-,0,0,0,5,4600,4790,6880,5330
TXO,202703,20270317.0,49200.0,Call,-,-,-,-,2150.0,-,-,0,0,0,5,-,2290,6280,2000
TXO,202703,20270317.0,49200.0,Put,4610,4610,4610,4610,4820.0,▼-130,▼-2.74%,0,1,1,1,4710,-,5440,4610
TXO,202703,20270317.0,49400.0,Call,-,-,-,-,2080.0,-,-,0,0,0,5,1970,-,5760,2950
TXO,202703,20270317.0,49400.0,Put,-,-,-,-,4940.0,-,-,0,0,0,1,4870,5090,5560,5560
TXO,202703,20270317.0,49600.0,Call,-,-,-,-,2000.0,-,-,0,0,0,1,-,-,3030,3030
TXO,202703,20270317.0,49600.0,Put,-,-,-,-,5060.0,-,-,0,0,0,1,4980,5210,5680,5680
TXO,202703,20270317.0,49800.0,Call,-,-,-,-,1930.0,-,-,0,0,0,1,1820,-,2950,2950
TXO,202703,20270317.0,49800.0,Put,-,-,-,-,5190.0,-,-,0,0,0,1,5110,5340,5800,5800
TXO,202703,20270317.0,50000.0,Call,1900,1900,1900,1900,1860.0,▼-50,▼-2.56%,0,1,1,29,1800,1900,7300,1800
TXO,202703,20270317.0,50000.0,Put,-,-,-,-,5320.0,-,-,0,0,0,20,5250,5430,10120,5930
TXO,202703,20270317.0,50200.0,Call,-,-,-,-,1790.0,-,-,0,0,0,2,1730,1830,5650,1610
TXO,202703,20270317.0,50200.0,Put,-,-,-,-,5450.0,-,-,0,0,0,1,5360,-,6050,6050
TXO,202703,20270317.0,50400.0,Call,-,-,-,-,1730.0,-,-,0,0,0,5,1670,1770,2860,1750
TXO,202703,20270317.0,50400.0,Put,-,-,-,-,5590.0,-,-,0,0,0,1,5480,-,6200,6200
TXO,202703,20270317.0,50600.0,Call,-,-,-,-,1670.0,-,-,0,0,0,1,-,-,2800,2240
TXO,202703,20270317.0,50600.0,Put,-,-,-,-,5720.0,-,-,0,0,0,1,-,-,6300,6300
TXO,202703,20270317.0,50800.0,Call,-,-,-,-,1610.0,-,-,0,0,0,2,-,-,2580,1770
TXO,202703,20270317.0,50800.0,Put,-,-,-,-,5860.0,-,-,0,0,0,1,-,-,6430,6430
TXO,202703,20270317.0,51000.0,Call,-,-,-,-,1550.0,-,-,0,0,0,7,1460,-,6190,1480
TXO,202703,20270317.0,51000.0,Put,-,-,-,-,6000.0,-,-,0,0,0,4,-,6120,6560,5680
TXO,202703,20270317.0,51200.0,Call,-,-,-,-,1500.0,-,-,0,0,0,2,1440,1530,3190,1560
TXO,202703,20270317.0,51200.0,Put,-,-,-,-,6140.0,-,-,0,0,0,1,6050,6330,6690,6690
TXO,202703,20270317.0,51400.0,Call,-,-,-,-,1430.0,-,-,0,0,0,0,-,-,5950,1480
TXO,202703,20270317.0,51400.0,Put,-,-,-,-,6280.0,-,-,0,0,0,1,6210,6490,6830,6830
TXO,202703,20270317.0,51600.0,Call,-,-,-,-,1380.0,-,-,0,0,0,5,-,-,5400,1490
TXO,202703,20270317.0,51600.0,Put,-,-,-,-,6430.0,-,-,0,0,0,1,-,-,6960,6960
TXO,202703,20270317.0,51800.0,Call,-,-,-,-,1330.0,-,-,0,0,0,1,1280,1370,4720,4600
TXO,202703,20270317.0,51800.0,Put,-,-,-,-,6580.0,-,-,0,0,0,1,6500,6700,7090,7090
TXO,202703,20270317.0,52000.0,Call,-,-,-,-,1280.0,-,-,0,0,0,11,1230,1320,5800,1340
TXO,202703,20270317.0,52000.0,Put,-,-,-,-,6720.0,-,-,0,0,0,1,-,6800,7230,7230
TXO,202703,20270317.0,52200.0,Call,-,-,-,-,1230.0,-,-,0,0,0,1,1180,1270,2120,2120
TXO,202703,20270317.0,52200.0,Put,-,-,-,-,6870.0,-,-,0,0,0,1,6810,-,7370,7370
TXO,202703,20270317.0,52400.0,Call,-,-,-,-,1190.0,-,-,0,0,0,10,1130,1220,4900,1440
TXO,202703,20270317.0,52400.0,Put,-,-,-,-,7020.0,-,-,0,0,0,1,6910,-,7510,7510
TXO,202703,20270317.0,52600.0,Call,-,-,-,-,1140.0,-,-,0,0,0,2,1030,-,2230,1520
TXO,202703,20270317.0,52600.0,Put,-,-,-,-,7180.0,-,-,0,0,0,1,7060,-,7650,7650
TXO,202703,20270317.0,52800.0,Call,-,-,-,-,1090.0,-,-,0,0,0,1,990,-,4470,1190
TXO,202703,20270317.0,52800.0,Put,-,-,-,-,7330.0,-,-,0,0,0,1,-,7470,7790,7790
TXO,202703,20270317.0,53000.0,Call,-,-,-,-,1050.0,-,-,0,0,0,11,1000,1090,4850,1160
TXO,202703,20270317.0,53000.0,Put,-,-,-,-,7480.0,-,-,0,0,0,0,-,7620,-,-
TXO,202703,20270317.0,53200.0,Call,-,-,-,-,1010.0,-,-,0,0,0,2,970,1040,4700,1280
TXO,202703,20270317.0,53200.0,Put,-,-,-,-,7640.0,-,-,0,0,0,1,7580,-,8070,8070
TXO,202703,20270317.0,53400.0,Call,980,980,980,980,980.0,▼-60,▼-5.77%,0,1,1,6,860,-,1860,980
TXO,202703,20270317.0,53400.0,Put,-,-,-,-,7800.0,-,-,0,0,0,1,7740,-,8400,8220
TXO,202703,20270317.0,53600.0,Call,-,-,-,-,930.0,-,-,0,0,0,2,-,-,1890,1120
TXO,202703,20270317.0,53600.0,Put,-,-,-,-,7960.0,-,-,0,0,0,0,7900,8100,-,-
TXO,202703,20270317.0,53800.0,Call,-,-,-,-,895.0,-,-,0,0,0,2,855,925,4600,1000
TXO,202703,20270317.0,53800.0,Put,-,-,-,-,8120.0,-,-,0,0,0,0,-,-,-,-
TXO,202703,20270317.0,54000.0,Call,-,-,-,-,865.0,-,-,0,0,0,17,800,-,4820,900
TXO,202703,20270317.0,54000.0,Put,-,-,-,-,8280.0,-,-,0,0,0,0,-,8430,-,-
TXO,202703,20270317.0,54200.0,Call,-,-,-,-,830.0,-,-,0,0,0,4,790,860,1770,880
TXO,202703,20270317.0,54200.0,Put,-,-,-,-,8450.0,-,-,0,0,0,0,-,-,-,-
TXO,202703,20270317.0,54400.0,Call,-,-,-,-,800.0,-,-,0,0,0,11,755,820,1810,910
TXO,202703,20270317.0,54400.0,Put,-,-,-,-,8620.0,-,-,0,0,0,0,-,-,-,-
TXO,202703,20270317.0,54600.0,Call,-,-,-,-,770.0,-,-,0,0,0,3,715,-,1740,870
TXO,202703,20270317.0,54600.0,Put,-,-,-,-,8780.0,-,-,0,0,0,0,8720,-,-,-
TXO,202703,20270317.0,54800.0,Call,-,-,-,-,740.0,-,-,0,0,0,3,660,-,1450,770
TXO,202703,20270317.0,54800.0,Put,-,-,-,-,8950.0,-,-,0,0,0,0,8890,9100,-,-
TXO,202703,20270317.0,55000.0,Call,-,-,-,-,710.0,-,-,1,0,1,24,675,735,3600,720
TXO,202703,20270317.0,55000.0,Put,-,-,-,-,9120.0,-,-,0,0,0,0,-,-,-,-
TXO,202703,20270317.0,55200.0,Call,-,-,-,-,680.0,-,-,0,0,0,18,645,700,4510,950
TXO,202703,20270317.0,55200.0,Put,-,-,-,-,9290.0,-,-,0,0,0,0,9230,-,-,-
TXO,202703,20270317.0,55400.0,Call,-,-,-,-,655.0,-,-,0,0,0,6,560,-,1320,970
TXO,202703,20270317.0,55400.0,Put,-,-,-,-,9460.0,-,-,0,0,0,0,9400,9570,-,-
TXO,202703,20270317.0,55600.0,Call,-,-,-,-,625.0,-,-,0,0,0,1,535,-,1730,1730
TXO,202703,20270317.0,55600.0,Put,-,-,-,-,9630.0,-,-,0,0,0,0,-,-,-,-
TXO,202703,20270317.0,55800.0,Call,-,-,-,-,600.0,-,-,2,0,2,4,570,620,4340,615
TXO,202703,20270317.0,55800.0,Put,-,-,-,-,9810.0,-,-,0,0,0,0,9750,9980,-,-
TXO,202703,20270317.0,56000.0,Call,595,595,590,590,590.0,▼-35,▼-5.60%,0,3,3,22,479,730,2570,590
TXO,202703,20270317.0,56000.0,Put,-,-,-,-,9980.0,-,-,0,0,0,0,-,-,14710,10440
TXO,202703,20270317.0,56200.0,Call,-,-,-,-,550.0,-,-,0,0,0,4,525,570,1370,660
TXO,202703,20270317.0,56200.0,Put,-,-,-,-,10150.0,-,-,0,0,0,0,10100,10330,-,-
TXO,202703,20270317.0,56400.0,Call,-,-,-,-,535.0,-,-,0,0,0,12,510,555,1140,710
TXO,202703,20270317.0,56400.0,Put,-,-,-,-,10340.0,-,-,0,0,0,0,10270,-,-,-
TXO,202703,20270317.0,56600.0,Call,-,-,-,-,515.0,-,-,0,0,0,8,-,-,1760,700
TXO,202703,20270317.0,56600.0,Put,-,-,-,-,10510.0,-,-,0,0,0,0,-,-,-,-
TXO,202703,20270317.0,56800.0,Call,-,-,-,-,495.0,-,-,0,0,0,1,392,-,1070,615
TXO,202703,20270317.0,56800.0,Put,-,-,-,-,10690.0,-,-,0,0,0,0,-,-,-,-
TXO,202703,20270317.0,57000.0,Call,-,-,-,-,476.0,-,-,0,0,0,14,444,489,2950,535
TXO,202703,20270317.0,57000.0,Put,-,-,-,-,10870.0,-,-,0,0,0,0,-,-,-,-
TXO,202703,20270317.0,57200.0,Call,-,-,-,-,457.0,-,-,0,0,0,17,44.5,595,3450,498
TXO,202703,20270317.0,57200.0,Put,-,-,-,-,11050.0,-,-,0,0,0,0,-,11230,-,-
TXO,202703,20270317.0,57400.0,Call,438,439,438,439,439.0,▼-41,▼-8.54%,0,2,2,250,412,457,3760,385
TXO,202703,20270317.0,57400.0,Put,-,-,-,-,11230.0,-,-,0,0,0,0,-,-,-,-
