契約,到期月份 (週別),契約到期日,履約價,買賣權,開盤價,最高價,最低價,最後 成交價,結算價,漲跌價,漲跌%,*盤後交易時段成交量,*一般交易時段成交量,*合計成交量,*未沖銷 契約量,最後 最佳買價,最後 最佳賣價,歷史 最高價,歷史 最低價
TXO,202609W4,20260923.0,40900.0,Call,-,-,-,-,6860.0,-,-,0,0,0,0,-,-,-,-
TXO,202609W4,20260923.0,40900.0,Put,0.8,1.1,0.5,0.5,0.5,▼-1.1,▼-68.75%,118,30,148,183,0.3,0.8,24.5,0.5
TXO,202609W4,20260923.0,41000.0,Call,-,-,-,-,6760.0,-,-,0,0,0,0,-,-,-,-
TXO,202609W4,20260923.0,41000.0,Put,1.2,1.2,0.5,0.5,0.6,▼-1.2,▼-70.59%,10,31,41,99,-,12,26,0.5
TXO,202609W4,20260923.0,41100.0,Call,-,-,-,-,6660.0,-,-,0,0,0,0,-,-,-,-
TXO,202609W4,20260923.0,41100.0,Put,1.1,1.1,0.5,0.5,0.7,▼-1.3,▼-72.22%,12,12,24,45,-,22,21,0.5
TXO,202609W4,20260923.0,41200.0,Call,-,-,-,-,6560.0,-,-,0,0,0,0,6580,-,-,-
TXO,202609W4,20260923.0,41200.0,Put,1.1,1.1,0.6,0.6,0.7,▼-1.2,▼-66.67%,14,32,46,89,0.2,451,38,0.6
TXO,202609W4,20260923.0,41300.0,Call,-,-,-,-,6460.0,-,-,0,0,0,0,6480,-,-,-
TXO,202609W4,20260923.0,41300.0,Put,1.2,1.2,1,1,0.7,▼-0.9,▼-47.37%,14,9,23,47,0.2,451,38,1
TXO,202609W4,20260923.0,41400.0,Call,-,-,-,-,6360.0,-,-,0,0,0,0,-,-,-,-
TXO,202609W4,20260923.0,41400.0,Put,1.2,1.2,1.2,1.2,0.8,▼-0.8,▼-40.00%,2,5,7,26,0.2,451,40,1.2
TXO,202609W4,20260923.0,41500.0,Call,-,-,-,-,6260.0,-,-,0,0,0,0,-,-,-,-
TXO,202609W4,20260923.0,41500.0,Put,1.3,1.3,0.6,0.6,0.8,▼-1.5,▼-71.43%,26,8,34,230,0.5,1.3,58,0.6
TXO,202609W4,20260923.0,41600.0,Call,-,-,-,-,6160.0,-,-,0,0,0,0,6180,-,-,-
TXO,202609W4,20260923.0,41600.0,Put,1.4,1.4,0.8,0.8,0.8,▼-1.4,▼-63.64%,0,7,7,11,-,575,52,0.8
TXO,202609W4,20260923.0,41700.0,Call,-,-,-,-,6060.0,-,-,0,0,0,0,-,-,-,-
TXO,202609W4,20260923.0,41700.0,Put,1.6,1.6,1.3,1.3,0.9,▼-1,▼-43.48%,2,6,8,379,-,451,63,1.3
TXO,202609W4,20260923.0,41800.0,Call,-,-,-,-,5960.0,-,-,0,0,0,0,-,-,-,-
TXO,202609W4,20260923.0,41800.0,Put,1.5,1.5,1.1,1.1,0.9,▼-1.3,▼-54.17%,3,7,10,20,-,575,66,1.1
TXO,202609W4,20260923.0,41900.0,Call,-,-,-,-,5860.0,-,-,0,0,0,0,5880,-,-,-
TXO,202609W4,20260923.0,41900.0,Put,1.6,1.6,1.4,1.4,1.0,▼-1.1,▼-44.00%,2,7,9,21,-,451,66,1.4
TXO,202609W4,20260923.0,42000.0,Call,-,-,-,-,5760.0,-,-,0,0,0,0,-,-,-,-
TXO,202609W4,20260923.0,42000.0,Put,1.1,1.8,0.9,1.3,1.0,▼-1.3,▼-50.00%,11,36,47,209,0.4,17.5,76,0.9
TXO,202609W4,20260923.0,42100.0,Call,-,-,-,-,5660.0,-,-,0,0,0,0,-,-,-,-
TXO,202609W4,20260923.0,42100.0,Put,1.9,1.9,1.9,1.9,1.1,▼-0.8,▼-29.63%,2,5,7,32,0.5,451,73,1.9
TXO,202609W4,20260923.0,42200.0,Call,-,-,-,-,5560.0,-,-,0,0,0,0,-,5630,-,-
TXO,202609W4,20260923.0,42200.0,Put,2,2,1.1,1.1,1.1,▼-1.7,▼-60.71%,13,8,21,108,0.5,451,86,1.1
TXO,202609W4,20260923.0,42300.0,Call,-,-,-,-,5460.0,-,-,0,0,0,0,-,-,-,-
TXO,202609W4,20260923.0,42300.0,Put,2.1,2.1,1,1,1.2,▼-2,▼-66.67%,1,8,9,437,-,32.5,97,1
TXO,202609W4,20260923.0,42400.0,Call,-,-,-,-,5360.0,-,-,0,0,0,0,-,-,-,-
TXO,202609W4,20260923.0,42400.0,Put,2.1,2.1,1.2,1.4,1.2,▼-1.6,▼-53.33%,3,9,12,46,0.1,20,90,1.2
TXO,202609W4,20260923.0,42500.0,Call,-,-,-,-,5260.0,-,-,0,0,0,0,0.2,-,-,-
TXO,202609W4,20260923.0,42500.0,Put,2.2,2.2,1.1,1.3,1.3,▼-2.1,▼-61.76%,3,184,187,789,0.5,1.4,105,1.1
TXO,202609W4,20260923.0,42600.0,Call,-,-,-,-,5160.0,-,-,0,0,0,0,51,-,-,-
TXO,202609W4,20260923.0,42600.0,Put,2.6,2.6,1.4,1.4,1.4,▼-2,▼-58.82%,8,29,37,173,-,99,120,1.4
TXO,202609W4,20260923.0,42700.0,Call,-,-,-,-,5060.0,-,-,0,0,0,0,0.2,-,-,-
TXO,202609W4,20260923.0,42700.0,Put,2.5,2.5,1.5,1.5,1.5,▼-2.1,▼-58.33%,2,11,13,28,-,451,117,1.5
TXO,202609W4,20260923.0,42800.0,Call,-,-,-,-,4960.0,-,-,0,0,0,0,0.2,-,-,-
TXO,202609W4,20260923.0,42800.0,Put,2.6,2.6,1.8,1.9,1.5,▼-1.8,▼-48.65%,11,11,22,72,0.7,102,130,1.8
TXO,202609W4,20260923.0,42900.0,Call,-,-,-,-,4860.0,-,-,0,0,0,0,4580,-,-,-
TXO,202609W4,20260923.0,42900.0,Put,2.4,2.4,1.8,1.8,1.5,▼-2,▼-52.63%,15,14,29,41,1.2,8,153,1.8
TXO,202609W4,20260923.0,43000.0,Call,-,-,-,-,4760.0,-,-,0,0,0,0,0.2,-,-,-
TXO,202609W4,20260923.0,43000.0,Put,2.5,2.7,1.4,1.6,1.6,▼-2.5,▼-60.98%,183,84,267,599,1.6,1.9,149,1.4
TXO,202609W4,20260923.0,43100.0,Call,-,-,-,-,4660.0,-,-,0,0,0,0,4380,-,-,-
TXO,202609W4,20260923.0,43100.0,Put,2.9,2.9,1.6,1.6,1.6,▼-2.7,▼-62.79%,11,15,26,234,0.3,2.6,108,1.6
TXO,202609W4,20260923.0,43200.0,Call,-,-,-,-,4560.0,-,-,0,0,0,1,4280,-,2660,2660
TXO,202609W4,20260923.0,43200.0,Put,2.9,2.9,1.5,1.6,1.8,▼-2.9,▼-64.44%,3,29,32,78,1,451,160,1.5
TXO,202609W4,20260923.0,43300.0,Call,-,-,-,-,4460.0,-,-,0,0,0,0,0.2,-,-,-
TXO,202609W4,20260923.0,43300.0,Put,3.1,3.1,2,2,2.0,▼-2.7,▼-57.45%,2,16,18,73,0.5,575,176,2
TXO,202609W4,20260923.0,43400.0,Call,-,-,-,-,4360.0,-,-,0,0,0,1,0.2,4430,2470,2470
TXO,202609W4,20260923.0,43400.0,Put,3.2,3.2,1.8,1.8,2.0,▼-3.3,▼-64.71%,6,16,22,155,0.2,451,193,1.8
TXO,202609W4,20260923.0,43500.0,Call,-,-,-,-,4260.0,-,-,0,0,0,1,3980,-,2410,2410
TXO,202609W4,20260923.0,43500.0,Put,3.8,3.8,1.8,2,2.0,▼-3.1,▼-60.78%,67,49,116,254,1.8,3.2,210,0.4
TXO,202609W4,20260923.0,43600.0,Call,-,-,-,-,4160.0,-,-,0,0,0,1,0.2,-,2100,2100
TXO,202609W4,20260923.0,43600.0,Put,3.6,3.6,2,2,2.2,▼-3.6,▼-64.29%,3,14,17,26,0.3,39,209,2
TXO,202609W4,20260923.0,43700.0,Call,-,-,-,-,4060.0,-,-,0,0,0,1,3780,-,2190,2190
TXO,202609W4,20260923.0,43700.0,Put,2.5,3.7,2,2,2.3,▼-4.2,▼-67.74%,41,22,63,135,1.3,62,207,2
TXO,202609W4,20260923.0,43800.0,Call,-,-,-,-,3960.0,-,-,0,0,0,1,3680,-,2100,1920
TXO,202609W4,20260923.0,43800.0,Put,3.9,3.9,1.8,2.5,2.5,▼-4.1,▼-62.12%,95,53,148,142,1.3,2.6,279,1.8
TXO,202609W4,20260923.0,43900.0,Call,-,-,-,-,3860.0,-,-,0,0,0,1,3440,-,2010,2010
TXO,202609W4,20260923.0,43900.0,Put,4.3,4.3,1.9,1.9,2.5,▼-4.9,▼-72.06%,14,37,51,56,0.5,2.8,290,1.9
TXO,202609W4,20260923.0,44000.0,Call,-,-,-,-,3760.0,-,-,0,0,0,1,3480,-,1740,1740
TXO,202609W4,20260923.0,44000.0,Put,2.9,4,2.2,2.8,2.8,▼-4.8,▼-63.16%,196,264,460,1045,1,2.9,312,2.1
TXO,202609W4,20260923.0,44100.0,Call,-,-,-,-,3660.0,-,-,0,0,0,0,0.2,-,-,-
TXO,202609W4,20260923.0,44100.0,Put,3,4,2.6,2.9,2.9,▼-4.7,▼-61.84%,24,35,59,47,1,4,330,2.6
TXO,202609W4,20260923.0,44150.0,Call,-,-,-,-,3610.0,-,-,0,0,0,0,0.2,-,-,-
TXO,202609W4,20260923.0,44150.0,Put,4.7,4.7,3.5,3.9,2.9,▼-4.1,▼-51.25%,0,14,14,13,-,88,192,3.5
TXO,202609W4,20260923.0,44200.0,Call,-,-,-,-,3560.0,-,-,0,0,0,1,0.2,3620,1570,1570
TXO,202609W4,20260923.0,44200.0,Put,5,5,2.4,2.7,3.0,▼-5.5,▼-67.07%,17,76,93,96,0.7,88,330,2.4
TXO,202609W4,20260923.0,44250.0,Call,-,-,-,-,3510.0,-,-,0,0,0,1,3450,-,1700,1700
TXO,202609W4,20260923.0,44250.0,Put,5.1,5.1,3.8,4.2,3.1,▼-4.4,▼-51.16%,12,12,24,16,-,451,160,3.8
TXO,202609W4,20260923.0,44300.0,Call,-,-,-,-,3460.0,-,-,0,0,0,490,3030,3950,1660,1650
TXO,202609W4,20260923.0,44300.0,Put,5.1,5.2,2.9,2.9,3.2,▼-6.2,▼-68.13%,35,133,168,387,0.8,21.5,280,2.9
TXO,202609W4,20260923.0,44350.0,Call,-,-,-,-,3410.0,-,-,0,0,0,0,0.2,-,-,-
TXO,202609W4,20260923.0,44350.0,Put,5.2,5.2,2.5,3.1,3.3,▼-6.2,▼-66.67%,4,12,16,20,2.2,98,228,2.5
TXO,202609W4,20260923.0,44400.0,Call,-,-,-,-,3360.0,-,-,0,0,0,1,0.2,-,2130,1440
TXO,202609W4,20260923.0,44400.0,Put,5,5,2.9,2.9,3.4,▼-6.6,▼-69.47%,69,215,284,232,1,12,365,2.9
TXO,202609W4,20260923.0,44450.0,Call,-,-,-,-,3310.0,-,-,0,0,0,0,0.2,-,-,-
TXO,202609W4,20260923.0,44450.0,Put,4.9,4.9,3.2,3.2,3.5,▼-6.7,▼-67.68%,7,35,42,30,0.4,5,91,3.2
TXO,202609W4,20260923.0,44500.0,Call,-,-,-,-,3260.0,-,-,0,0,0,500,2980,3750,1490,1430
TXO,202609W4,20260923.0,44500.0,Put,7,7,3,3.4,3.6,▼-7.1,▼-67.62%,97,390,487,426,2.7,4.4,437,3
TXO,202609W4,20260923.0,44550.0,Call,-,-,-,-,3210.0,-,-,0,0,0,1,3160,-,1450,1450
TXO,202609W4,20260923.0,44550.0,Put,5.7,5.7,3,3,3.7,▼-8,▼-72.73%,1,14,15,67,0.3,6,271,3
TXO,202609W4,20260923.0,44600.0,Call,-,-,-,-,3160.0,-,-,0,0,0,1,2.1,-,2050,1320
TXO,202609W4,20260923.0,44600.0,Put,5.8,6.2,0.5,3.5,3.8,▼-7.5,▼-68.18%,29,405,434,427,1,4.7,445,0.5
TXO,202609W4,20260923.0,44650.0,Call,-,-,-,-,3110.0,-,-,0,0,0,0,3140,3170,-,-
TXO,202609W4,20260923.0,44650.0,Put,6.5,6.5,3.6,4,4.0,▼-7.5,▼-65.22%,2,19,21,28,1.1,5.8,352,3.6
TXO,202609W4,20260923.0,44700.0,Call,-,-,-,-,3060.0,-,-,0,0,0,0,2.1,-,-,-
TXO,202609W4,20260923.0,44700.0,Put,3.5,6.8,3.4,3.6,4.1,▼-8.9,▼-71.20%,46,100,146,97,1.6,6,499,3.4
TXO,202609W4,20260923.0,44750.0,Call,-,-,-,-,3010.0,-,-,0,0,0,0,3040,3070,-,-
TXO,202609W4,20260923.0,44750.0,Put,7,7,4.7,4.7,4.2,▼-8.3,▼-63.85%,24,28,52,42,0.5,50,343,4.7
TXO,202609W4,20260923.0,44800.0,Call,-,-,-,-,2960.0,-,-,0,0,0,1,2990,-,1210,1210
TXO,202609W4,20260923.0,44800.0,Put,6,7.3,4,4.1,4.5,▼-9.4,▼-69.63%,104,103,207,109,4.5,4.8,510,4
TXO,202609W4,20260923.0,44850.0,Call,-,-,-,-,2910.0,-,-,0,0,0,0,0.2,-,-,-
TXO,202609W4,20260923.0,44850.0,Put,7.6,7.6,4,4,4.5,▼-9.5,▼-70.37%,20,12,32,37,0.7,12,198,4
TXO,202609W4,20260923.0,44900.0,Call,-,-,-,-,2860.0,-,-,0,0,0,4,2430,3350,1190,1190
TXO,202609W4,20260923.0,44900.0,Put,6.9,7.8,4,4.3,4.6,▼-9.7,▼-69.29%,312,163,475,411,4.8,5,510,4
TXO,202609W4,20260923.0,44950.0,Call,-,-,-,-,2810.0,-,-,0,0,0,3,2680,3140,1180,1140
TXO,202609W4,20260923.0,44950.0,Put,5,8.1,4.1,5.4,4.7,▼-9.6,▼-64.00%,52,72,124,56,4,5.3,401,4.1
TXO,202609W4,20260923.0,45000.0,Call,-,-,-,-,2760.0,-,-,2,0,2,517,2330,3250,2380,910
TXO,202609W4,20260923.0,45000.0,Put,7,8.3,4.1,5.4,5.1,▼-10.6,▼-66.25%,457,981,1438,1419,4.8,6.3,630,4.1
TXO,202609W4,20260923.0,45050.0,Call,-,-,-,-,2710.0,-,-,0,0,0,0,0.2,2780,-,-
TXO,202609W4,20260923.0,45050.0,Put,7.9,8.8,4.4,5.1,5.1,▼-11.9,▼-70.00%,32,38,70,63,2.9,16.5,560,4.4
TXO,202609W4,20260923.0,45100.0,Call,-,-,-,-,2670.0,-,-,0,0,0,11,2230,2780,1080,925
TXO,202609W4,20260923.0,45100.0,Put,11,11,4.7,5,5.5,▼-12.5,▼-71.43%,96,197,293,205,1.2,14,620,4.7
TXO,202609W4,20260923.0,45150.0,Call,-,-,-,-,2620.0,-,-,0,0,0,8,2180,3100,1000,930
TXO,202609W4,20260923.0,45150.0,Put,9.2,9.2,4.8,5.3,5.7,▼-13.2,▼-71.35%,53,20,73,34,1.8,18.5,441,4.8
TXO,202609W4,20260923.0,45200.0,Call,-,-,-,-,2570.0,-,-,0,0,0,14,2130,3050,1060,905
TXO,202609W4,20260923.0,45200.0,Put,9.5,9.5,5.1,6.1,6.1,▼-13.9,▼-69.50%,157,142,299,166,2.5,6.2,680,5.1
TXO,202609W4,20260923.0,45250.0,Call,-,-,-,-,2520.0,-,-,0,0,0,14,2080,2740,985,860
TXO,202609W4,20260923.0,45250.0,Put,9.5,9.5,5,5,6.1,▼-16,▼-76.19%,56,17,73,73,4.2,20,496,5
TXO,202609W4,20260923.0,45300.0,Call,-,-,-,-,2470.0,-,-,0,0,0,4,2450,2950,1700,835
TXO,202609W4,20260923.0,45300.0,Put,8,10.5,5.6,6.2,6.2,▼-15.8,▼-71.82%,262,330,592,329,4,10,625,5.6
TXO,202609W4,20260923.0,45350.0,Call,-,-,-,-,2420.0,-,-,0,0,0,8,2140,2900,905,800
TXO,202609W4,20260923.0,45350.0,Put,8.8,10.5,5.7,6.9,6.4,▼-17.1,▼-71.25%,115,46,161,59,4.5,24.5,565,5.7
TXO,202609W4,20260923.0,45400.0,Call,-,-,-,-,2370.0,-,-,0,0,0,10,1930,2630,1180,705
TXO,202609W4,20260923.0,45400.0,Put,10,11.5,5.6,6.2,6.7,▼-19.8,▼-76.15%,318,276,594,244,2.1,10,780,5.6
TXO,202609W4,20260923.0,45450.0,Call,-,-,-,-,2320.0,-,-,0,0,0,17,1880,2800,1030,730
TXO,202609W4,20260923.0,45450.0,Put,10,12,6.1,6.1,7.1,▼-21.4,▼-77.82%,62,64,126,164,2.2,10.5,680,6.1
TXO,202609W4,20260923.0,45500.0,Call,-,-,-,-,2270.0,-,-,3,0,3,47,1830,2750,1640,565
TXO,202609W4,20260923.0,45500.0,Put,10,13.5,6.2,7.7,7.3,▼-21.8,▼-73.90%,757,731,1488,666,4.6,8,795,6.2
TXO,202609W4,20260923.0,45550.0,Call,-,-,-,-,2220.0,-,-,0,0,0,12,2070,2700,945,525
TXO,202609W4,20260923.0,45550.0,Put,14.5,15,3.2,7.4,7.4,▼-22.6,▼-75.33%,197,276,473,179,3.1,12,850,3.2
TXO,202609W4,20260923.0,45600.0,Call,-,-,-,-,2170.0,-,-,8,0,8,501,1700,2770,1630,565
TXO,202609W4,20260923.0,45600.0,Put,12.5,15,6.6,8.5,7.5,▼-24.5,▼-74.24%,450,540,990,474,6.9,12,810,6.6
TXO,202609W4,20260923.0,45650.0,Call,-,-,-,-,2120.0,-,-,0,0,0,15,1680,2230,1040,540
TXO,202609W4,20260923.0,45650.0,Put,13.5,16,7.6,8.1,8.1,▼-28.9,▼-78.11%,134,149,283,87,3.3,9,770,7.6
TXO,202609W4,20260923.0,45700.0,Call,-,-,-,-,2070.0,-,-,0,0,0,33,1970,2170,1510,530
TXO,202609W4,20260923.0,45700.0,Put,14.5,17.5,6.1,9.1,9.1,▼-27.9,▼-75.41%,634,950,1584,915,9.1,11,780,6.1
TXO,202609W4,20260923.0,45750.0,Call,1840,2000,1840,2000,2020.0,▲+570,▲+39.86%,0,4,4,26,1810,2200,2000,505
TXO,202609W4,20260923.0,45750.0,Put,15.5,19.5,8.6,8.7,9.1,▼-32.8,▼-79.04%,350,169,519,183,3.1,14,730,8.6
TXO,202609W4,20260923.0,45800.0,Call,1500,1890,1500,1890,1970.0,▲+510,▲+36.96%,36,5,41,514,1530,2300,1890,490
TXO,202609W4,20260923.0,45800.0,Put,18,20.5,8,9.5,9.5,▼-35,▼-78.65%,710,417,1127,477,7.6,12.5,845,8
TXO,202609W4,20260923.0,45850.0,Call,1600,1600,1600,1600,1920.0,▲+270,▲+20.30%,12,2,14,28,1640,2210,1600,456
TXO,202609W4,20260923.0,45850.0,Put,19,21.5,9,9.4,10.0,▼-37.6,▼-80.00%,607,242,849,269,10,10.5,990,9
TXO,202609W4,20260923.0,45900.0,Call,1630,1630,1400,1400,1870.0,▲+120,▲+9.38%,6,11,17,27,1520,2230,1630,396
TXO,202609W4,20260923.0,45900.0,Put,20,23,9.1,10.5,10.5,▼-39.5,▼-79.00%,1208,368,1576,790,9,11,970,9.1
TXO,202609W4,20260923.0,45950.0,Call,1510,1510,1510,1510,1820.0,▲+270,▲+21.77%,2,1,3,23,1390,2160,1510,440
TXO,202609W4,20260923.0,45950.0,Put,32.5,32.5,10,11.5,11.5,▼-42.5,▼-78.70%,411,217,628,251,10,11.5,870,10
TXO,202609W4,20260923.0,46000.0,Call,1330,1680,1330,1670,1770.0,▲+480,▲+40.34%,20,27,47,78,1340,1830,1680,355
TXO,202609W4,20260923.0,46000.0,Put,24,29,10.5,12,12.0,▼-48,▼-80.00%,2952,2301,5253,1507,11,13,1000,10.5
TXO,202609W4,20260923.0,46050.0,Call,-,-,-,-,1720.0,-,-,0,0,0,27,1440,2220,1520,403
TXO,202609W4,20260923.0,46050.0,Put,25.5,30.5,12,12,12.0,▼-50,▼-80.65%,389,298,687,245,12,13.5,865,12
TXO,202609W4,20260923.0,46100.0,Call,1290,1310,1290,1310,1670.0,▲+200,▲+18.02%,1,2,3,503,1390,1860,1750,300
TXO,202609W4,20260923.0,46100.0,Put,30,34,11.5,13.5,13.5,▼-54.5,▼-80.15%,1178,1054,2232,612,10.5,13.5,795,11.5
TXO,202609W4,20260923.0,46150.0,Call,1250,1250,1250,1250,1620.0,▲+190,▲+17.92%,6,1,7,15,1340,1960,1250,365
TXO,202609W4,20260923.0,46150.0,Put,34.5,39,12.5,14.5,14.5,▼-64.5,▼-81.65%,1164,896,2060,537,12,18,930,12.5
TXO,202609W4,20260923.0,46200.0,Call,1220,1260,1220,1260,1570.0,▲+240,▲+23.53%,12,2,14,27,1140,2180,1700,270
TXO,202609W4,20260923.0,46200.0,Put,38,40.5,13.5,14.5,14.5,▼-69.5,▼-82.74%,1368,1863,3231,678,14,15,1180,13.5
TXO,202609W4,20260923.0,46250.0,Call,1110,1480,1110,1480,1530.0,▲+505,▲+51.79%,2,4,6,9,1060,1740,1480,329
TXO,202609W4,20260923.0,46250.0,Put,40.5,44.5,14,16,16.0,▼-71,▼-81.61%,503,1532,2035,451,14.5,20,1260,14
TXO,202609W4,20260923.0,46300.0,Call,1140,1350,1140,1340,1480.0,▲+410,▲+44.09%,17,7,24,30,1510,1980,1600,297
TXO,202609W4,20260923.0,46300.0,Put,41,49.5,15.5,17,17.0,▼-83,▼-83.00%,1328,1701,3029,669,16.5,17.5,950,15.5
TXO,202609W4,20260923.0,46350.0,Call,1010,1010,1010,1010,1430.0,▲+100,▲+10.99%,3,1,4,11,995,1750,1010,288
TXO,202609W4,20260923.0,46350.0,Put,39,54,16.5,17.5,17.5,▼-87.5,▼-83.33%,768,1340,2108,333,10.5,48,1020,16.5
TXO,202609W4,20260923.0,46400.0,Call,960,1290,960,1290,1380.0,▲+430,▲+50.00%,119,65,184,715,915,1530,1290,225
TXO,202609W4,20260923.0,46400.0,Put,50,59,17,18.5,18.5,▼-96.5,▼-83.91%,1540,2688,4228,1316,18.5,20,1250,17
TXO,202609W4,20260923.0,46450.0,Call,915,1240,915,1190,1330.0,▲+380,▲+46.91%,0,3,3,27,1050,1490,1240,259
TXO,202609W4,20260923.0,46450.0,Put,55,65,18.5,20,20.0,▼-105,▼-84.00%,884,1246,2130,231,19.5,20.5,1110,18.5
TXO,202609W4,20260923.0,46500.0,Call,875,1200,845,1170,1280.0,▲+400,▲+51.95%,66,29,95,184,1250,1340,1200,191
TXO,202609W4,20260923.0,46500.0,Put,68,74,20,22,22.0,▼-110,▼-83.33%,3030,4450,7480,1409,21,22.5,1200,20
TXO,202609W4,20260923.0,46550.0,Call,840,1130,840,1130,1230.0,▲+400,▲+54.79%,2,3,5,16,770,1290,1130,228
TXO,202609W4,20260923.0,46550.0,Put,72,80,22.5,25,25.0,▼-122,▼-82.99%,803,1045,1848,204,23,24.5,930,22.5
TXO,202609W4,20260923.0,46600.0,Call,800,1120,800,1120,1190.0,▲+430,▲+62.32%,92,55,147,90,945,1290,1120,192
TXO,202609W4,20260923.0,46600.0,Put,79,89,24,26.5,26.5,▼-132.5,▼-83.33%,1640,3056,4696,985,25,25.5,1350,24
TXO,202609W4,20260923.0,46650.0,Call,750,1060,730,1060,1140.0,▲+410,▲+63.08%,35,18,53,29,760,1200,1060,165
TXO,202609W4,20260923.0,46650.0,Put,83,95,26,28.5,28.5,▼-143.5,▼-83.43%,895,1094,1989,167,11,29,610,26
TXO,202609W4,20260923.0,46700.0,Call,660,1090,660,1090,1090.0,▲+470,▲+75.81%,109,54,163,104,1120,1570,1090,163
TXO,202609W4,20260923.0,46700.0,Put,92,108,28,30,30.0,▼-158,▼-84.04%,1648,3942,5590,970,28.5,33.5,1550,28
TXO,202609W4,20260923.0,46750.0,Call,700,910,655,910,1040.0,▲+325,▲+55.56%,81,88,169,50,980,1380,910,185
TXO,202609W4,20260923.0,46750.0,Put,101,119,31,33,33.0,▼-169,▼-83.66%,834,1350,2184,142,30.5,33,1120,31
TXO,202609W4,20260923.0,46800.0,Call,650,980,585,980,995.0,▲+425,▲+76.58%,363,165,528,185,985,1250,980,138
TXO,202609W4,20260923.0,46800.0,Put,120,131,33,36,36.0,▼-185,▼-83.71%,1731,3622,5353,931,34.5,35.5,1620,33
TXO,202609W4,20260923.0,46850.0,Call,570,875,555,875,950.0,▲+355,▲+68.27%,123,58,181,141,985,1420,875,64
TXO,202609W4,20260923.0,46850.0,Put,141,145,38,43.5,39.0,▼-187.5,▼-81.17%,719,1432,2151,158,36,39,685,38
TXO,202609W4,20260923.0,46900.0,Call,570,880,520,880,905.0,▲+397,▲+82.19%,328,73,401,912,500,1390,880,118
TXO,202609W4,20260923.0,46900.0,Put,139,170,41,41.5,41.5,▼-213.5,▼-83.73%,1050,3176,4226,581,41.5,48,1350,41
TXO,202609W4,20260923.0,46950.0,Call,550,760,499,760,860.0,▲+301,▲+65.58%,163,117,280,78,800,1340,760,130
TXO,202609W4,20260923.0,46950.0,Put,149,175,44.5,45.5,45.5,▼-226.5,▼-83.27%,662,1744,2406,212,45.5,50,725,44.5
TXO,202609W4,20260923.0,47000.0,Call,495,850,450,850,850.0,▲+423,▲+99.06%,1253,720,1973,435,835,1420,1190,100
TXO,202609W4,20260923.0,47000.0,Put,159,194,49.5,51,51.0,▼-243,▼-82.65%,2696,7027,9723,1760,50,51,1710,49.5
TXO,202609W4,20260923.0,47050.0,Call,467,770,425,770,800.0,▲+364,▲+89.66%,248,203,451,88,800,1100,770,117
TXO,202609W4,20260923.0,47050.0,Put,184,213,55,56,56.0,▼-263,▼-82.45%,542,1864,2406,338,55,57,765,55
TXO,202609W4,20260923.0,47100.0,Call,430,750,389,750,750.0,▲+376,▲+100.53%,815,468,1283,333,755,775,750,97
TXO,202609W4,20260923.0,47100.0,Put,205,229,61,61,61.0,▼-278,▼-82.01%,941,2967,3908,415,60,65,1360,61
TXO,202609W4,20260923.0,47150.0,Call,395,710,369,710,710.0,▲+363,▲+104.61%,547,425,972,222,710,795,710,108
TXO,202609W4,20260923.0,47150.0,Put,222,250,68,69,69.0,▼-291,▼-80.83%,636,2330,2966,268,66,76,810,68
TXO,202609W4,20260923.0,47200.0,Call,366,660,337,660,660.0,▲+340,▲+106.25%,2009,1384,3393,926,670,685,890,80
TXO,202609W4,20260923.0,47200.0,Put,255,276,75,75,75.0,▼-313,▼-80.67%,1324,4665,5989,814,74,77,1640,75
TXO,202609W4,20260923.0,47250.0,Call,313,600,311,595,610.0,▲+299,▲+101.01%,593,642,1235,212,630,645,915,82
TXO,202609W4,20260923.0,47250.0,Put,251,300,83,83,83.0,▼-328,▼-79.81%,312,2039,2351,179,66,86,1020,83
TXO,202609W4,20260923.0,47300.0,Call,310,585,280,585,585.0,▲+309,▲+111.96%,1546,1648,3194,491,585,900,910,72
TXO,202609W4,20260923.0,47300.0,Put,311,323,92,92,92.0,▼-353,▼-79.33%,553,4120,4673,539,91,93,995,92
TXO,202609W4,20260923.0,47350.0,Call,301,520,263,515,545.0,▲+260,▲+101.96%,799,1097,1896,169,545,1190,900,67
TXO,202609W4,20260923.0,47350.0,Put,325,350,103,103,103.0,▼-367,▼-78.09%,238,2346,2584,260,102,103,905,103
TXO,202609W4,20260923.0,47400.0,Call,252,500,236,500,500.0,▲+265,▲+112.77%,1709,2272,3981,571,515,530,910,62
TXO,202609W4,20260923.0,47400.0,Put,405,405,113,113,113.0,▼-377,▼-76.94%,364,4419,4783,594,113,116,990,113
TXO,202609W4,20260923.0,47450.0,Call,228,466,215,466,466.0,▲+251,▲+116.74%,780,1344,2124,177,457,491,466,84
TXO,202609W4,20260923.0,47450.0,Put,367,404,123,123,123.0,▼-417,▼-77.22%,115,2405,2520,401,122,130,600,123
TXO,202609W4,20260923.0,47500.0,Call,215,430,196,430,430.0,▲+230,▲+115.00%,3600,4826,8426,1163,432,449,430,57
TXO,202609W4,20260923.0,47500.0,Put,418,437,140,140,140.0,▼-420,▼-75.00%,492,5928,6420,844,139,153,1400,140
TXO,202609W4,20260923.0,47550.0,Call,207,388,178,388,388.0,▲+211,▲+119.21%,834,1496,2330,168,406,433,388,59
TXO,202609W4,20260923.0,47550.0,Put,418,492,146,153,153.0,▼-447,▼-74.50%,31,1777,1808,218,145,169,665,146
TXO,202609W4,20260923.0,47600.0,Call,180,376,162,376,368.0,▲+210,▲+126.51%,1965,3968,5933,476,368,379,376,56
TXO,202609W4,20260923.0,47600.0,Put,447,505,170,176,176.0,▼-469,▼-72.71%,99,2930,3029,309,171,177,1060,170
TXO,202609W4,20260923.0,47650.0,Call,170,356,145,343,340.0,▲+193,▲+128.67%,816,2429,3245,264,340,380,356,52
TXO,202609W4,20260923.0,47650.0,Put,525,525,190,190,190.0,▼-480,▼-71.64%,5,1892,1897,204,190,193,690,190
TXO,202609W4,20260923.0,47700.0,Call,147,315,132,315,312.0,▲+181,▲+135.07%,1636,3311,4947,508,312,315,315,44
TXO,202609W4,20260923.0,47700.0,Put,525,565,210,211,211.0,▼-489,▼-69.86%,66,2296,2362,291,206,232,1250,210
TXO,202609W4,20260923.0,47750.0,Call,133,281,121,280,280.0,▲+155,▲+124.00%,482,1490,1972,226,282,290,410,46.5
TXO,202609W4,20260923.0,47750.0,Put,575,595,238,252,252.0,▼-493,▼-66.17%,0,616,616,62,133,258,955,238
TXO,202609W4,20260923.0,47800.0,Call,117,260,105,260,256.0,▲+145,▲+126.09%,1599,4248,5847,637,256,260,400,42
TXO,202609W4,20260923.0,47800.0,Put,580,640,253,253,253.0,▼-532,▼-67.77%,17,1582,1599,233,252,258,1400,253
TXO,202609W4,20260923.0,47850.0,Call,112,235,96,235,235.0,▲+131,▲+125.96%,664,1737,2401,254,234,239,555,36
TXO,202609W4,20260923.0,47850.0,Put,600,675,272,272,284.0,▼-553,▼-67.03%,0,342,342,36,270,284,675,272
TXO,202609W4,20260923.0,47900.0,Call,98,211,85,211,188.0,▲+115,▲+119.79%,1251,3715,4966,501,184,210,535,38
TXO,202609W4,20260923.0,47900.0,Put,720,720,306,306,306.0,▼-559,▼-64.62%,8,643,651,71,209,312,1500,306
TXO,202609W4,20260923.0,47950.0,Call,85,190,76,190,175.0,▲+108,▲+131.71%,613,1528,2141,166,175,197,214,35
TXO,202609W4,20260923.0,47950.0,Put,755,755,338,338,338.0,▼-562,▼-62.44%,0,187,187,37,328,410,940,338
TXO,202609W4,20260923.0,48000.0,Call,84,170,66,170,167.0,▲+93,▲+120.78%,3409,7755,11164,1336,167,170,605,31
TXO,202609W4,20260923.0,48000.0,Put,790,795,367,367,367.0,▼-583,▼-61.37%,142,465,607,214,362,373,2240,367
TXO,202609W4,20260923.0,48050.0,Call,74,150,59,150,150.0,▲+80,▲+114.29%,490,1541,2031,207,147,198,150,29.5
TXO,202609W4,20260923.0,48050.0,Put,825,830,414,429,402.0,▼-561,▼-56.67%,6,20,26,12,328,402,935,414
TXO,202609W4,20260923.0,48100.0,Call,62,135,52,135,132.0,▲+73,▲+117.74%,1146,3476,4622,553,132,136,394,25.5
TXO,202609W4,20260923.0,48100.0,Put,820,850,444,444,444.0,▼-596,▼-57.31%,40,51,91,26,400,442,1140,444
TXO,202609W4,20260923.0,48150.0,Call,56,119,46.5,119,113.0,▲+63,▲+112.50%,659,1461,2120,252,113,122,590,23.5
TXO,202609W4,20260923.0,48150.0,Put,925,935,493,500,480.0,▼-570,▼-53.27%,6,24,30,15,453,478,1140,493
TXO,202609W4,20260923.0,48200.0,Call,51,106,40,106,100.0,▲+57.5,▲+118.56%,1293,3722,5015,753,100,109,461,20
TXO,202609W4,20260923.0,48200.0,Put,930,930,585,585,530.0,▼-535,▼-47.77%,2,9,11,9,499,505,1180,585
TXO,202609W4,20260923.0,48250.0,Call,39,95,36.5,93,92.0,▲+49,▲+111.36%,472,1343,1815,311,92,97,475,17
TXO,202609W4,20260923.0,48250.0,Put,975,975,640,640,570.0,▼-520,▼-44.83%,0,8,8,7,530,665,975,640
TXO,202609W4,20260923.0,48300.0,Call,39.5,84,31.5,83,83.0,▲+44,▲+112.82%,1007,2510,3517,544,82,83,159,16
TXO,202609W4,20260923.0,48300.0,Put,995,1020,700,700,610.0,▼-500,▼-41.67%,8,14,22,7,515,610,1250,700
TXO,202609W4,20260923.0,48350.0,Call,33,67,5.9,67,67.0,▲+32.5,▲+94.20%,350,960,1310,278,70,75,450,5.9
TXO,202609W4,20260923.0,48350.0,Put,975,975,795,800,655.0,▼-450,▼-36.00%,0,8,8,4,610,-,975,795
TXO,202609W4,20260923.0,48400.0,Call,31,64,23.5,63,63.0,▲+32.5,▲+106.56%,1414,1999,3413,837,63,65,425,12
TXO,202609W4,20260923.0,48400.0,Put,1120,1120,805,805,695.0,▼-485,▼-37.60%,6,31,37,8,0.4,-,1330,805
TXO,202609W4,20260923.0,48450.0,Call,27.5,55,21,55,55.0,▲+29,▲+111.54%,226,547,773,140,31,57,450,11
TXO,202609W4,20260923.0,48450.0,Put,950,990,920,920,740.0,▼-420,▼-31.34%,1,19,20,6,695,-,1320,920
TXO,202609W4,20260923.0,48500.0,Call,22.5,50,17,50,50.0,▲+27,▲+117.39%,1313,2728,4041,1485,49,50,441,9.7
TXO,202609W4,20260923.0,48500.0,Put,1180,1180,770,770,780.0,▼-620,▼-44.60%,0,77,77,14,93,-,2700,770
TXO,202609W4,20260923.0,48550.0,Call,19,43,16,43,43.0,▲+22,▲+104.76%,261,540,801,138,42,53,43,8.5
TXO,202609W4,20260923.0,48550.0,Put,1020,1020,890,890,825.0,▼-540,▼-37.76%,0,12,12,11,222,800,1530,890
TXO,202609W4,20260923.0,48600.0,Call,17,38,13,37.5,37.5,▲+20.5,▲+120.59%,515,1721,2236,1062,38,39.5,331,7.7
TXO,202609W4,20260923.0,48600.0,Put,1230,1230,935,955,870.0,▼-525,▼-35.47%,4,8,12,11,825,850,1350,935
TXO,202609W4,20260923.0,48700.0,Call,14,29,10,29,29.0,▲+15.5,▲+114.81%,344,1233,1577,801,28.5,35,365,6
TXO,202609W4,20260923.0,48700.0,Put,1270,1270,950,950,965.0,▼-630,▼-39.87%,0,46,46,15,915,970,1270,950
TXO,202609W4,20260923.0,48800.0,Call,14.5,22.5,7.8,22.5,22.5,▲+11,▲+95.65%,310,617,927,407,22,23,188,5.1
TXO,202609W4,20260923.0,48800.0,Put,1290,1290,1290,1290,1060.0,▼-390,▼-23.21%,0,1,1,1,890,-,1680,1290
TXO,202609W4,20260923.0,48900.0,Call,8,16.5,6,16,16.0,▲+7.5,▲+88.24%,108,344,452,224,16.5,17.5,250,0.5
TXO,202609W4,20260923.0,48900.0,Put,-,-,-,-,1150.0,-,-,0,0,0,0,1100,-,-,-
TXO,202609W4,20260923.0,49000.0,Call,7,13.5,2.1,13.5,13.5,▲+7.2,▲+114.29%,446,669,1115,739,12,13.5,291,2
TXO,202609W4,20260923.0,49000.0,Put,-,-,-,-,1250.0,-,-,0,0,0,0,2.1,-,2920,2890
TXO,202609W4,20260923.0,49100.0,Call,4.6,10.5,3.5,10.5,10.5,▲+4.7,▲+81.03%,64,231,295,325,10,10.5,134,3.3
TXO,202609W4,20260923.0,49100.0,Put,-,-,-,-,1350.0,-,-,0,0,0,0,1290,-,-,-
TXO,202609W4,20260923.0,49200.0,Call,3.4,6.5,3.1,5.7,5.7,▲+1.8,▲+46.15%,91,150,241,188,1.7,9.9,75,3
TXO,202609W4,20260923.0,49200.0,Put,-,-,-,-,1450.0,-,-,0,0,0,0,1390,-,-,-
TXO,202609W4,20260923.0,49300.0,Call,2.4,6.5,2.4,6.5,5.3,▲+3,▲+85.71%,35,871,906,768,1.1,9.9,243,2.4
TXO,202609W4,20260923.0,49300.0,Put,1700,1700,1700,1700,1550.0,▼-470,▼-21.66%,0,1,1,1,1490,1520,1700,1700
TXO,202609W4,20260923.0,49400.0,Call,2.3,4.5,2.3,4.5,4.5,▲+1.4,▲+45.16%,247,60,307,460,1.2,6.8,225,2.3
TXO,202609W4,20260923.0,49400.0,Put,-,-,-,-,1640.0,-,-,0,0,0,0,1520,-,-,-
TXO,202609W4,20260923.0,49500.0,Call,1.5,3.7,1.5,3.7,3.7,▲+1,▲+37.04%,11,492,503,361,0.7,4.8,206,1.5
TXO,202609W4,20260923.0,49500.0,Put,-,-,-,-,1740.0,-,-,0,0,0,0,-,-,-,-
TXO,202609W4,20260923.0,49600.0,Call,1.5,2.9,1.5,2.7,2.7,▲+0.3,▲+12.50%,10,25,35,420,0.7,5.5,189,1.5
TXO,202609W4,20260923.0,49600.0,Put,-,-,-,-,1840.0,-,-,0,0,0,0,-,-,-,-
TXO,202609W4,20260923.0,49700.0,Call,1.5,2.5,1.5,2.5,2.5,▲+0.4,▲+19.05%,28,17,45,40,0.2,2.9,180,1
TXO,202609W4,20260923.0,49700.0,Put,-,-,-,-,1940.0,-,-,0,0,0,0,-,-,-,-
TXO,202609W4,20260923.0,49800.0,Call,1.8,2.1,1,2.1,2.1,▲+0.5,▲+31.25%,8,87,95,73,-,3.9,165,1
TXO,202609W4,20260923.0,49800.0,Put,-,-,-,-,2040.0,-,-,0,0,0,0,-,-,-,-
TXO,202609W4,20260923.0,49900.0,Call,1.4,1.4,0.8,1.4,1.4,▼-0.1,▼-6.67%,22,8,30,85,0.2,455,58,0.8
TXO,202609W4,20260923.0,49900.0,Put,-,-,-,-,2140.0,-,-,0,0,0,0,-,-,-,-
TXO,202609W4,20260923.0,50000.0,Call,1.2,1.4,0.6,1.4,1.4,▲+0.2,▲+16.67%,17,1134,1151,1086,0.5,1.5,126,0.6
TXO,202609W4,20260923.0,50000.0,Put,-,-,-,-,2240.0,-,-,0,0,0,0,0.1,-,-,-
TXO,202609W4,20260923.0,50100.0,Call,0.7,0.7,0.7,0.7,1.0,▼-0.4,▼-36.36%,4,2,6,14,-,101,103,0.7
TXO,202609W4,20260923.0,50100.0,Put,-,-,-,-,2340.0,-,-,0,0,0,0,-,-,-,-
TXO,202609W4,20260923.0,50200.0,Call,0.7,0.7,0.7,0.7,0.9,▼-0.1,▼-12.50%,5,1,6,5,-,-,22.5,0.7
TXO,202609W4,20260923.0,50200.0,Put,-,-,-,-,2440.0,-,-,0,0,0,0,2.5,-,-,-
TXO,202609W4,20260923.0,50300.0,Call,0.8,0.8,0.8,0.8,0.8,0,0%,5,3,8,13,-,1.3,72,0.8
TXO,202609W4,20260923.0,50300.0,Put,-,-,-,-,2540.0,-,-,0,0,0,0,51,-,-,-
TXO,202609W4,20260923.0,50400.0,Call,0.4,0.4,0.4,0.4,0.4,▼-0.3,▼-42.86%,2,2,4,2,-,-,71,0.4
TXO,202609W4,20260923.0,50400.0,Put,-,-,-,-,2640.0,-,-,0,0,0,0,-,-,-,-
TXO,202609W4,20260923.0,50500.0,Call,0.3,0.3,0.3,0.3,0.4,▼-0.3,▼-50.00%,7,3,10,985,-,0.6,79,0.3
TXO,202609W4,20260923.0,50500.0,Put,-,-,-,-,2740.0,-,-,0,0,0,0,-,-,-,-
TXO,202609W4,20260923.0,50600.0,Call,0.3,0.5,0.2,0.5,0.4,0,0%,1,7,8,8,0.2,451,72,0.2
TXO,202609W4,20260923.0,50600.0,Put,-,-,-,-,2840.0,-,-,0,0,0,0,-,-,-,-
TXO,202609W4,20260923.0,50700.0,Call,-,-,-,-,0.3,-,-,0,0,0,1,-,-,66,0.6
TXO,202609W4,20260923.0,50700.0,Put,-,-,-,-,2940.0,-,-,0,0,0,0,2880,2910,-,-
TXO,202609W4,20260923.0,50800.0,Call,0.1,0.1,0.1,0.1,0.2,▼-0.3,▼-75.00%,0,1,1,8,-,0.3,40,0.1
TXO,202609W4,20260923.0,50800.0,Put,-,-,-,-,3040.0,-,-,0,0,0,0,-,-,-,-
TXO,202609W4,20260923.0,50900.0,Call,0.3,0.4,0.3,0.4,0.2,▲+0.1,▲+33.33%,31,21,52,52,0.2,0.5,0.5,0.3
TXO,202609W4,20260923.0,50900.0,Put,-,-,-,-,3140.0,-,-,0,0,0,0,13.5,-,-,-
TXO,202609W4,20260923.0,51000.0,Call,0.4,0.4,0.4,0.4,0.2,▲+0.2,▲+100.00%,0,2,2,464,-,28,39,0.4
TXO,202609W4,20260923.0,51000.0,Put,-,-,-,-,3240.0,-,-,0,0,0,0,-,-,-,-
TXO,202609W4,20260923.0,51100.0,Call,-,-,-,-,0.2,-,-,0,0,0,0,-,49.5,35,1
TXO,202609W4,20260923.0,51100.0,Put,-,-,-,-,3340.0,-,-,0,0,0,0,-,-,-,-
TXO,202609W4,20260923.0,51200.0,Call,-,-,-,-,0.1,-,-,0,0,0,1,-,49.5,33,1
TXO,202609W4,20260923.0,51200.0,Put,-,-,-,-,3440.0,-,-,0,0,0,0,-,-,-,-
TXO,202609W4,20260923.0,51300.0,Call,-,-,-,-,0.1,-,-,0,0,0,12,-,49,21.5,1
TXO,202609W4,20260923.0,51300.0,Put,-,-,-,-,3540.0,-,-,0,0,0,0,-,-,-,-
TXO,202609W4,20260923.0,51400.0,Call,0.2,0.2,0.2,0.2,0.1,▲+0.1,-,0,1,1,1,-,49,13,0.2
TXO,202609W4,20260923.0,51400.0,Put,-,-,-,-,3640.0,-,-,0,0,0,0,-,-,-,-
TXO,202609W4,20260923.0,51500.0,Call,-,-,-,-,0.1,-,-,0,0,0,4,-,33,3.9,1.8
TXO,202609W4,20260923.0,51500.0,Put,-,-,-,-,3740.0,-,-,0,0,0,0,-,3710,-,-
TXO,202609W4,20260923.0,51600.0,Call,-,-,-,-,0.1,-,-,0,0,0,1,-,23,3.8,3.8
TXO,202609W4,20260923.0,51600.0,Put,-,-,-,-,3840.0,-,-,0,0,0,0,-,-,-,-
TXO,202609W4,20260923.0,51700.0,Call,-,-,-,-,0.1,-,-,1,0,1,2,-,100,6.1,0.3
TXO,202609W4,20260923.0,51700.0,Put,-,-,-,-,3940.0,-,-,0,0,0,0,-,-,-,-
TXO,202609W4,20260923.0,51800.0,Call,0.2,0.2,0.2,0.2,0.1,▲+0.1,-,0,2,2,9,-,451,20,0.2
TXO,202609W4,20260923.0,51800.0,Put,-,-,-,-,4040.0,-,-,0,0,0,0,-,-,-,-
TXO,202609W4,20260923.0,51900.0,Call,0.2,0.2,0.2,0.2,0.1,▲+0.1,-,0,1,1,8,-,100,24,0.2
TXO,202609W4,20260923.0,51900.0,Put,-,-,-,-,4140.0,-,-,0,0,0,0,-,-,-,-
TXO,202609W4,20260923.0,52000.0,Call,0.3,0.3,0.1,0.3,0.1,▲+0.2,-,5,4,9,1049,-,0.5,12.5,0.1
TXO,202609W4,20260923.0,52000.0,Put,-,-,-,-,4240.0,-,-,0,0,0,0,-,-,-,-
TXO,202609F4,20260929.0,40900.0,Call,-,-,-,-,6930.0,-,-,0,0,0,0,6860,-,-,-
TXO,202609F4,20260929.0,40900.0,Put,5.1,5.8,4.8,4.9,4.9,▼-1,▼-16.95%,18,27,45,199,4.8,5,43,4.8
TXO,202609F4,20260929.0,41000.0,Call,-,-,-,-,6840.0,-,-,0,0,0,0,6760,-,-,-
TXO,202609F4,20260929.0,41000.0,Put,5.6,5.6,5.6,5.6,5.0,▼-0.6,▼-9.68%,2,10,12,5,5,5.4,38,5
TXO,202609F4,20260929.0,41100.0,Call,-,-,-,-,6740.0,-,-,0,0,0,0,6660,-,-,-
TXO,202609F4,20260929.0,41100.0,Put,6,6,6,6,5.2,▼-0.4,▼-6.25%,0,1,1,3,5.2,5.4,26,6
TXO,202609F4,20260929.0,41200.0,Call,-,-,-,-,6640.0,-,-,0,0,0,0,6560,-,-,-
TXO,202609F4,20260929.0,41200.0,Put,6.2,6.2,6.2,6.2,5.4,▼-0.5,▼-7.46%,1,1,2,7,5.4,5.7,65,6.2
TXO,202609F4,20260929.0,41300.0,Call,-,-,-,-,6540.0,-,-,0,0,0,0,6460,-,-,-
TXO,202609F4,20260929.0,41300.0,Put,-,-,-,-,5.6,-,-,0,0,0,3,5.6,5.9,41,25.5
TXO,202609F4,20260929.0,41400.0,Call,-,-,-,-,6440.0,-,-,0,0,0,0,6360,-,-,-
TXO,202609F4,20260929.0,41400.0,Put,-,-,-,-,5.8,-,-,0,0,0,1,5.8,6.2,67,67
TXO,202609F4,20260929.0,41500.0,Call,-,-,-,-,6340.0,-,-,0,0,0,0,6260,-,-,-
TXO,202609F4,20260929.0,41500.0,Put,-,-,-,-,5.8,-,-,2,0,2,35,4.5,6.3,106,7.7
TXO,202609F4,20260929.0,41600.0,Call,-,-,-,-,6240.0,-,-,0,0,0,0,6170,-,-,-
TXO,202609F4,20260929.0,41600.0,Put,-,-,-,-,6.2,-,-,0,0,0,0,6.2,6.6,-,-
TXO,202609F4,20260929.0,41700.0,Call,-,-,-,-,6140.0,-,-,0,0,0,0,6070,-,-,-
TXO,202609F4,20260929.0,41700.0,Put,-,-,-,-,6.5,-,-,0,0,0,1,6.5,6.9,100,10
TXO,202609F4,20260929.0,41800.0,Call,-,-,-,-,6040.0,-,-,0,0,0,0,5970,-,-,-
TXO,202609F4,20260929.0,41800.0,Put,-,-,-,-,6.7,-,-,4,0,4,3,6.7,7.1,11.5,8.2
TXO,202609F4,20260929.0,41900.0,Call,-,-,-,-,5940.0,-,-,0,0,0,0,5870,-,-,-
TXO,202609F4,20260929.0,41900.0,Put,-,-,-,-,7.0,-,-,1,0,1,2,7,7.5,30,8.2
TXO,202609F4,20260929.0,42000.0,Call,-,-,-,-,5840.0,-,-,0,0,0,0,5770,-,-,-
TXO,202609F4,20260929.0,42000.0,Put,8.5,8.5,7.1,7.7,7.3,▼-1.2,▼-13.48%,5,29,34,93,7.3,7.7,112,7.1
TXO,202609F4,20260929.0,42100.0,Call,-,-,-,-,5740.0,-,-,0,0,0,0,5670,-,-,-
TXO,202609F4,20260929.0,42100.0,Put,-,-,-,-,7.6,-,-,1,0,1,6,7.6,8,150,10.5
TXO,202609F4,20260929.0,42200.0,Call,-,-,-,-,5640.0,-,-,0,0,0,0,5570,-,-,-
TXO,202609F4,20260929.0,42200.0,Put,-,-,-,-,7.9,-,-,7,0,7,41,7.9,8.3,210,9.9
TXO,202609F4,20260929.0,42300.0,Call,-,-,-,-,5540.0,-,-,0,0,0,0,5470,-,-,-
TXO,202609F4,20260929.0,42300.0,Put,-,-,-,-,8.2,-,-,2,0,2,17,8.2,8.6,142,9.8
TXO,202609F4,20260929.0,42400.0,Call,-,-,-,-,5440.0,-,-,0,0,0,0,5370,-,-,-
TXO,202609F4,20260929.0,42400.0,Put,9.9,9.9,8.7,8.7,8.5,▼-1.8,▼-17.14%,0,6,6,14,8.5,9,158,8.7
TXO,202609F4,20260929.0,42500.0,Call,-,-,-,-,5340.0,-,-,0,0,0,0,5270,-,-,-
TXO,202609F4,20260929.0,42500.0,Put,9.8,10.5,9,9.1,8.8,▼-1.9,▼-17.27%,5,192,197,222,8.8,9.2,161,9
TXO,202609F4,20260929.0,42600.0,Call,-,-,-,-,5240.0,-,-,0,0,0,0,5170,-,-,-
TXO,202609F4,20260929.0,42600.0,Put,-,-,-,-,9.2,-,-,0,0,0,6,9.2,9.7,136,38
TXO,202609F4,20260929.0,42700.0,Call,-,-,-,-,5140.0,-,-,0,0,0,0,5070,-,-,-
TXO,202609F4,20260929.0,42700.0,Put,10,11.5,9.5,9.8,9.6,▼-2.2,▼-18.33%,2,217,219,207,9.8,10,180,9.5
TXO,202609F4,20260929.0,42800.0,Call,-,-,-,-,5040.0,-,-,0,0,0,0,4970,-,3670,3670
TXO,202609F4,20260929.0,42800.0,Put,11,11,11,11,10.0,▼-1.5,▼-12.00%,1,2,3,2,10,10.5,150,11
TXO,202609F4,20260929.0,42900.0,Call,-,-,-,-,4940.0,-,-,0,0,0,0,4870,-,-,-
TXO,202609F4,20260929.0,42900.0,Put,-,-,-,-,10.0,-,-,2,0,2,6,10,11,198,12
TXO,202609F4,20260929.0,43000.0,Call,-,-,-,-,4840.0,-,-,0,0,0,0,4770,-,-,-
TXO,202609F4,20260929.0,43000.0,Put,12,12.5,11.5,11.5,10.5,▼-2,▼-14.81%,2,8,10,27,10.5,11.5,298,11.5
TXO,202609F4,20260929.0,43100.0,Call,-,-,-,-,4740.0,-,-,0,0,0,0,4680,-,-,-
TXO,202609F4,20260929.0,43100.0,Put,11,11,11,11,11.0,▼-3.5,▼-24.14%,0,1,1,1,11,12,246,11
TXO,202609F4,20260929.0,43200.0,Call,-,-,-,-,4640.0,-,-,0,0,0,0,4580,-,-,-
TXO,202609F4,20260929.0,43200.0,Put,-,-,-,-,11.5,-,-,0,0,0,1,11.5,12.5,256,15.5
TXO,202609F4,20260929.0,43300.0,Call,-,-,-,-,4540.0,-,-,0,0,0,0,4480,-,-,-
TXO,202609F4,20260929.0,43300.0,Put,13.5,13.5,13,13,12.0,▼-3,▼-18.75%,7,3,10,6,12,13,182,13
TXO,202609F4,20260929.0,43400.0,Call,-,-,-,-,4440.0,-,-,0,0,0,0,4380,-,-,-
TXO,202609F4,20260929.0,43400.0,Put,14.5,14.5,13.5,13.5,12.5,▼-3,▼-18.18%,0,9,9,5,12.5,13.5,289,13.5
TXO,202609F4,20260929.0,43500.0,Call,-,-,-,-,4340.0,-,-,0,0,0,0,4280,-,-,-
TXO,202609F4,20260929.0,43500.0,Put,14.5,15.5,13,13.5,13.5,▼-3.5,▼-20.59%,7,16,23,12,13,14,267,13
TXO,202609F4,20260929.0,43600.0,Call,-,-,-,-,4240.0,-,-,0,0,0,0,4180,-,-,-
TXO,202609F4,20260929.0,43600.0,Put,-,-,-,-,13.5,-,-,0,0,0,2,13.5,14.5,354,41.5
TXO,202609F4,20260929.0,43700.0,Call,-,-,-,-,4140.0,-,-,0,0,0,0,4080,-,-,-
TXO,202609F4,20260929.0,43700.0,Put,16,16,16,16,14.5,▼-2.5,▼-13.51%,4,5,9,8,14.5,15,125,16
TXO,202609F4,20260929.0,43800.0,Call,-,-,-,-,4050.0,-,-,0,0,0,0,3980,-,-,-
TXO,202609F4,20260929.0,43800.0,Put,16.5,17,16.5,17,15.0,▼-3,▼-15.00%,7,3,10,9,15,16,134,16.5
TXO,202609F4,20260929.0,43900.0,Call,-,-,-,-,3950.0,-,-,0,0,0,0,3880,-,-,-
TXO,202609F4,20260929.0,43900.0,Put,17,18,16.5,16.5,15.5,▼-4,▼-19.51%,4,12,16,14,15.5,16.5,82,16.5
TXO,202609F4,20260929.0,44000.0,Call,-,-,-,-,3850.0,-,-,0,0,0,0,3780,-,-,-
TXO,202609F4,20260929.0,44000.0,Put,19.5,20,17,17,17.0,▼-5,▼-22.73%,24,40,64,23,16.5,17,555,17
TXO,202609F4,20260929.0,44100.0,Call,-,-,-,-,3750.0,-,-,0,0,0,0,3680,-,-,-
TXO,202609F4,20260929.0,44100.0,Put,20,20,20,20,17.0,▼-3.5,▼-14.89%,0,3,3,3,17,18,20,20
TXO,202609F4,20260929.0,44150.0,Call,-,-,-,-,3700.0,-,-,0,0,0,0,3640,-,-,-
TXO,202609F4,20260929.0,44150.0,Put,19,22,19,21,17.5,▼-3.5,▼-14.29%,1,11,12,2,17.5,18.5,125,19
TXO,202609F4,20260929.0,44200.0,Call,-,-,-,-,3650.0,-,-,0,0,0,0,3590,-,-,-
TXO,202609F4,20260929.0,44200.0,Put,21,21.5,19,19,18.0,▼-6.5,▼-25.49%,0,17,17,15,18,19,387,19
TXO,202609F4,20260929.0,44250.0,Call,-,-,-,-,3600.0,-,-,0,0,0,0,3540,-,-,-
TXO,202609F4,20260929.0,44250.0,Put,23,23,20.5,20.5,18.5,▼-6,▼-22.64%,0,8,8,5,18.5,19.5,102,20.5
TXO,202609F4,20260929.0,44300.0,Call,-,-,-,-,3550.0,-,-,0,0,0,0,3490,-,1900,1800
TXO,202609F4,20260929.0,44300.0,Put,23,23,22,22,19.0,▼-5,▼-18.52%,0,3,3,3,19,20,418,22
TXO,202609F4,20260929.0,44350.0,Call,-,-,-,-,3500.0,-,-,0,0,0,0,3440,-,-,-
TXO,202609F4,20260929.0,44350.0,Put,22,22.5,20.5,20.5,19.5,▼-7.5,▼-26.79%,2,83,85,80,19.5,20.5,32,20.5
TXO,202609F4,20260929.0,44400.0,Call,-,-,-,-,3450.0,-,-,0,0,0,2,3390,-,2740,1650
TXO,202609F4,20260929.0,44400.0,Put,-,-,-,-,20.0,-,-,1,0,1,11,20,21,326,29.5
TXO,202609F4,20260929.0,44450.0,Call,-,-,-,-,3400.0,-,-,0,0,0,1,3340,-,2650,2650
TXO,202609F4,20260929.0,44450.0,Put,-,-,-,-,20.5,-,-,0,0,0,1,20.5,21.5,33,33
TXO,202609F4,20260929.0,44500.0,Call,-,-,-,-,3350.0,-,-,0,0,0,0,3290,-,-,-
TXO,202609F4,20260929.0,44500.0,Put,26,27.5,22,22,21.0,▼-9.5,▼-30.16%,3,157,160,154,21,22,455,22
TXO,202609F4,20260929.0,44550.0,Call,-,-,-,-,3300.0,-,-,0,0,0,0,3240,-,-,-
TXO,202609F4,20260929.0,44550.0,Put,-,-,-,-,21.5,-,-,1,0,1,1,21.5,22.5,36,36
TXO,202609F4,20260929.0,44600.0,Call,-,-,-,-,3250.0,-,-,0,0,0,0,3190,-,-,-
TXO,202609F4,20260929.0,44600.0,Put,28,28,28,28,22.5,▼-6.5,▼-18.84%,0,2,2,8,22.5,23.5,206,28
TXO,202609F4,20260929.0,44650.0,Call,-,-,-,-,3200.0,-,-,0,0,0,0,3140,-,-,-
TXO,202609F4,20260929.0,44650.0,Put,26.5,26.5,26.5,26.5,23.0,▼-8.5,▼-24.29%,0,1,1,1,23,24,26.5,26.5
TXO,202609F4,20260929.0,44700.0,Call,-,-,-,-,3150.0,-,-,0,0,0,2,3090,-,2470,2410
TXO,202609F4,20260929.0,44700.0,Put,30,30,25,25,23.5,▼-11,▼-30.56%,6,32,38,10,23.5,24.5,605,25
TXO,202609F4,20260929.0,44750.0,Call,-,-,-,-,3100.0,-,-,0,0,0,1,3050,-,2400,2400
TXO,202609F4,20260929.0,44750.0,Put,28.5,29.5,28.5,29.5,24.5,▼-9.5,▼-24.36%,1,3,4,3,24.5,25.5,153,28.5
TXO,202609F4,20260929.0,44800.0,Call,-,-,-,-,3060.0,-,-,0,0,0,1,3000,3130,1460,1460
TXO,202609F4,20260929.0,44800.0,Put,33,33,29,31,25.0,▼-12,▼-27.91%,8,16,24,23,25,26,670,29
TXO,202609F4,20260929.0,44850.0,Call,-,-,-,-,3010.0,-,-,0,0,0,0,2950,-,-,-
TXO,202609F4,20260929.0,44850.0,Put,31,31,28,28,26.0,▼-16,▼-36.36%,3,7,10,4,26,27,48.5,28
TXO,202609F4,20260929.0,44900.0,Call,-,-,-,-,2960.0,-,-,0,0,0,0,2900,-,-,-
TXO,202609F4,20260929.0,44900.0,Put,33,34.5,28.5,29,27.0,▼-16,▼-35.56%,12,29,41,17,27,28,443,28.5
TXO,202609F4,20260929.0,44950.0,Call,-,-,-,-,2910.0,-,-,0,0,0,1,2850,-,2170,2170
TXO,202609F4,20260929.0,44950.0,Put,-,-,-,-,27.5,-,-,0,0,0,6,27.5,28.5,665,52
TXO,202609F4,20260929.0,45000.0,Call,-,-,-,-,2860.0,-,-,0,0,0,1,2800,2950,1230,1230
TXO,202609F4,20260929.0,45000.0,Put,33.5,38.5,29.5,29.5,28.5,▼-18.5,▼-38.54%,18,62,80,45,28.5,29.5,750,29.5
TXO,202609F4,20260929.0,45050.0,Call,-,-,-,-,2810.0,-,-,0,0,0,0,2750,-,-,-
TXO,202609F4,20260929.0,45050.0,Put,41.5,41.5,37.5,37.5,29.5,▼-13.5,▼-26.47%,4,4,8,10,29.5,30.5,700,37.5
TXO,202609F4,20260929.0,45100.0,Call,-,-,-,-,2760.0,-,-,0,0,0,1,2700,-,2030,2030
TXO,202609F4,20260929.0,45100.0,Put,46.5,46.5,37,37.5,30.5,▼-16.5,▼-30.56%,7,15,22,15,30.5,31.5,720,37
TXO,202609F4,20260929.0,45150.0,Call,-,-,-,-,2710.0,-,-,0,0,0,0,2650,-,-,-
TXO,202609F4,20260929.0,45150.0,Put,40.5,40.5,40.5,40.5,32.0,▼-16.5,▼-28.95%,2,1,3,9,32,33,810,40.5
TXO,202609F4,20260929.0,45200.0,Call,-,-,-,-,2660.0,-,-,0,0,0,1,2600,2740,1210,1210
TXO,202609F4,20260929.0,45200.0,Put,48,48,36,36,33.0,▼-24,▼-40.00%,0,12,12,20,33,34,760,36
TXO,202609F4,20260929.0,45250.0,Call,-,-,-,-,2610.0,-,-,0,0,0,0,2560,-,-,-
TXO,202609F4,20260929.0,45250.0,Put,50,50,50,50,34.5,▼-14,▼-21.88%,1,1,2,8,34.5,35.5,780,50
TXO,202609F4,20260929.0,45300.0,Call,-,-,-,-,2570.0,-,-,0,0,0,1,2510,2660,1090,1090
TXO,202609F4,20260929.0,45300.0,Put,55,55,40,40,35.5,▼-27,▼-40.30%,4,7,11,41,35.5,36.5,805,40
TXO,202609F4,20260929.0,45350.0,Call,-,-,-,-,2520.0,-,-,0,0,0,0,2460,-,-,-
TXO,202609F4,20260929.0,45350.0,Put,49.5,49.5,49.5,49.5,37.0,▼-22.5,▼-31.25%,0,1,1,5,37,38,825,49.5
TXO,202609F4,20260929.0,45400.0,Call,-,-,-,-,2470.0,-,-,0,0,0,551,2360,2560,1940,920
TXO,202609F4,20260929.0,45400.0,Put,57,57,42,43,38.5,▼-36,▼-45.57%,5,10,15,23,38.5,39.5,845,42
TXO,202609F4,20260929.0,45450.0,Call,-,-,-,-,2420.0,-,-,0,0,0,1,2360,-,1710,1710
TXO,202609F4,20260929.0,45450.0,Put,54,54,54,54,40.0,▼-28,▼-34.15%,0,1,1,7,40,41,870,54
TXO,202609F4,20260929.0,45500.0,Call,-,-,-,-,2370.0,-,-,0,0,0,1,2310,-,900,900
TXO,202609F4,20260929.0,45500.0,Put,58,62,45,46.5,41.5,▼-37.5,▼-44.64%,16,69,85,66,41.5,43,890,45
TXO,202609F4,20260929.0,45550.0,Call,-,-,-,-,2320.0,-,-,0,0,0,0,2270,-,-,-
TXO,202609F4,20260929.0,45550.0,Put,56,56,50,50,43.5,▼-39,▼-43.82%,3,5,8,10,43.5,44.5,915,50
TXO,202609F4,20260929.0,45600.0,Call,-,-,-,-,2270.0,-,-,0,0,0,551,2150,2350,1720,885
TXO,202609F4,20260929.0,45600.0,Put,72,72,53,54,44.0,▼-36,▼-40.00%,12,23,35,198,44,47.5,935,53
TXO,202609F4,20260929.0,45650.0,Call,-,-,-,-,2230.0,-,-,0,0,0,5,1870,2320,855,825
TXO,202609F4,20260929.0,45650.0,Put,70,70,70,70,47.5,▼-30,▼-30.00%,1,1,2,1,47.5,49,575,70
TXO,202609F4,20260929.0,45700.0,Call,-,-,-,-,2180.0,-,-,0,0,0,5,2120,2280,1300,785
TXO,202609F4,20260929.0,45700.0,Put,65,69,55,55,50.0,▼-51,▼-48.11%,4,6,10,10,50,51,855,55
TXO,202609F4,20260929.0,45750.0,Call,-,-,-,-,2130.0,-,-,0,0,0,7,2070,2220,805,730
TXO,202609F4,20260929.0,45750.0,Put,72,72,72,72,52.0,▼-41,▼-36.28%,1,1,2,1,52,54,720,72
TXO,202609F4,20260929.0,45800.0,Call,-,-,-,-,2080.0,-,-,0,0,0,5,2030,2160,985,780
TXO,202609F4,20260929.0,45800.0,Put,93,93,62,63,54.0,▼-56,▼-47.06%,1,28,29,18,54,56,675,62
TXO,202609F4,20260929.0,45850.0,Call,-,-,-,-,2040.0,-,-,0,0,0,5,1980,2110,755,755
TXO,202609F4,20260929.0,45850.0,Put,-,-,-,-,56.0,-,-,0,0,0,0,56,58,-,-
TXO,202609F4,20260929.0,45900.0,Call,-,-,-,-,1990.0,-,-,0,0,0,6,1930,2080,1270,685
TXO,202609F4,20260929.0,45900.0,Put,102,103,62,62,62.0,▼-73,▼-54.07%,2,17,19,11,59,61,910,62
TXO,202609F4,20260929.0,45950.0,Call,-,-,-,-,1940.0,-,-,0,0,0,5,1890,2040,915,710
TXO,202609F4,20260929.0,45950.0,Put,-,-,-,-,63.0,-,-,0,0,0,2,62,64,301,268
TXO,202609F4,20260929.0,46000.0,Call,1750,1750,1750,1750,1900.0,▲+470,▲+36.72%,2,2,4,8,1840,1990,1750,630
TXO,202609F4,20260929.0,46000.0,Put,118,118,67,67,67.0,▼-79,▼-54.11%,29,175,204,132,67,68,1030,67
TXO,202609F4,20260929.0,46050.0,Call,-,-,-,-,1850.0,-,-,2,0,2,5,1790,1920,1350,665
TXO,202609F4,20260929.0,46050.0,Put,72,72,72,72,72.0,▼-90,▼-55.56%,0,1,1,4,69,72,436,72
TXO,202609F4,20260929.0,46100.0,Call,-,-,-,-,1800.0,-,-,0,0,0,11,1750,1880,850,620
TXO,202609F4,20260929.0,46100.0,Put,103,110,82,85,74.0,▼-81,▼-48.80%,0,23,23,14,72,75,540,82
TXO,202609F4,20260929.0,46150.0,Call,-,-,-,-,1760.0,-,-,0,0,0,7,1700,1850,850,605
TXO,202609F4,20260929.0,46150.0,Put,96,103,84,84,76.0,▼-101,▼-54.59%,0,9,9,6,76,79,950,84
TXO,202609F4,20260929.0,46200.0,Call,-,-,-,-,1710.0,-,-,0,0,0,8,1570,-,1130,565
TXO,202609F4,20260929.0,46200.0,Put,142,142,85,85,80.0,▼-101,▼-54.30%,8,43,51,23,80,83,1120,85
TXO,202609F4,20260929.0,46250.0,Call,-,-,-,-,1660.0,-,-,0,0,0,3,1610,1750,985,680
TXO,202609F4,20260929.0,46250.0,Put,-,-,-,-,85.0,-,-,0,0,0,3,85,88,1150,495
TXO,202609F4,20260929.0,46300.0,Call,1310,1310,1310,1310,1620.0,▲+260,▲+24.76%,0,1,1,6,1560,1700,1310,479
TXO,202609F4,20260929.0,46300.0,Put,168,168,106,106,89.0,▼-115,▼-52.04%,5,26,31,17,89,93,1300,106
TXO,202609F4,20260929.0,46350.0,Call,-,-,-,-,1580.0,-,-,0,0,0,3,1520,1640,985,510
TXO,202609F4,20260929.0,46350.0,Put,178,178,115,115,94.0,▼-119,▼-50.85%,0,6,6,7,94,99,398,115
TXO,202609F4,20260929.0,46400.0,Call,1070,1250,1070,1250,1530.0,▲+295,▲+30.89%,5,4,9,4,1390,-,1250,490
TXO,202609F4,20260929.0,46400.0,Put,170,170,64,119,100.0,▼-120,▼-50.21%,5,27,32,21,100,104,625,64
TXO,202609F4,20260929.0,46450.0,Call,-,-,-,-,1490.0,-,-,0,0,0,8,1430,-,920,915
TXO,202609F4,20260929.0,46450.0,Put,150,150,150,150,105.0,▼-112,▼-42.75%,0,1,1,9,105,109,300,150
TXO,202609F4,20260929.0,46500.0,Call,1270,1310,1250,1310,1440.0,▲+395,▲+43.17%,0,14,14,16,1390,-,1310,440
TXO,202609F4,20260929.0,46500.0,Put,103,214,103,115,115.0,▼-156,▼-57.56%,1,35,36,20,112,116,1280,103
TXO,202609F4,20260929.0,46550.0,Call,-,-,-,-,1400.0,-,-,0,0,0,4,1260,-,875,410
TXO,202609F4,20260929.0,46550.0,Put,202,202,173,173,118.0,▼-120,▼-40.96%,0,11,11,11,117,122,317,173
TXO,202609F4,20260929.0,46600.0,Call,-,-,-,-,1360.0,-,-,0,0,0,8,1220,-,880,450
TXO,202609F4,20260929.0,46600.0,Put,238,238,133,133,133.0,▼-167,▼-55.67%,11,31,42,34,124,129,735,133
TXO,202609F4,20260929.0,46650.0,Call,-,-,-,-,1320.0,-,-,0,0,0,8,1260,-,905,458
TXO,202609F4,20260929.0,46650.0,Put,182,188,182,188,134.0,▼-138,▼-42.33%,1,6,7,11,132,137,505,182
TXO,202609F4,20260929.0,46700.0,Call,885,885,885,885,1270.0,▲+115,▲+14.94%,3,1,4,5,1220,2680,885,420
TXO,202609F4,20260929.0,46700.0,Put,270,270,120,155,142.0,▼-189,▼-54.94%,3,21,24,12,141,146,530,120
TXO,202609F4,20260929.0,46750.0,Call,-,-,-,-,1230.0,-,-,0,0,0,0,1180,-,805,515
TXO,202609F4,20260929.0,46750.0,Put,201,201,168,168,150.0,▼-195,▼-53.72%,0,10,10,11,148,153,540,168
TXO,202609F4,20260929.0,46800.0,Call,-,-,-,-,1190.0,-,-,0,0,0,7,1140,-,810,403
TXO,202609F4,20260929.0,46800.0,Put,298,298,164,170,158.0,▼-212,▼-55.50%,0,21,21,14,157,161,1370,164
TXO,202609F4,20260929.0,46850.0,Call,775,775,775,775,1150.0,▲+105,▲+15.67%,1,1,2,5,1100,-,775,471
TXO,202609F4,20260929.0,46850.0,Put,327,327,226,226,168.0,▼-176,▼-43.78%,2,6,8,7,168,172,452,226
TXO,202609F4,20260929.0,46900.0,Call,-,-,-,-,1110.0,-,-,2,0,2,4,1060,-,735,314
TXO,202609F4,20260929.0,46900.0,Put,238,250,238,250,178.0,▼-190,▼-43.18%,1,2,3,5,178,182,605,238
TXO,202609F4,20260929.0,46950.0,Call,710,710,710,710,1070.0,▲+90,▲+14.52%,1,1,2,1,1020,1150,710,344
TXO,202609F4,20260929.0,46950.0,Put,261,261,250,250,189.0,▼-194,▼-43.69%,0,2,2,5,187,192,480,250
TXO,202609F4,20260929.0,47000.0,Call,655,885,655,880,1030.0,▲+285,▲+47.90%,10,16,26,18,985,1130,885,283
TXO,202609F4,20260929.0,47000.0,Put,320,320,218,218,201.0,▼-267,▼-55.05%,1,66,67,44,200,205,1800,218
TXO,202609F4,20260929.0,47050.0,Call,775,775,775,775,995.0,▲+230,▲+42.20%,0,5,5,4,945,-,775,424
TXO,202609F4,20260929.0,47050.0,Put,291,300,221,221,221.0,▼-284,▼-56.24%,0,3,3,9,210,215,525,221
TXO,202609F4,20260929.0,47100.0,Call,805,805,800,800,955.0,▲+275,▲+52.38%,0,2,2,5,950,965,805,301
TXO,202609F4,20260929.0,47100.0,Put,355,355,280,280,224.0,▼-230,▼-45.10%,0,6,6,10,223,228,1250,280
TXO,202609F4,20260929.0,47150.0,Call,775,775,775,775,920.0,▲+281,▲+56.88%,0,1,1,4,910,925,775,288
TXO,202609F4,20260929.0,47150.0,Put,-,-,-,-,237.0,-,-,2,0,2,11,237,242,575,545
TXO,202609F4,20260929.0,47200.0,Call,555,775,555,765,885.0,▲+299,▲+64.16%,12,10,22,21,875,890,775,259
TXO,202609F4,20260929.0,47200.0,Put,466,466,280,280,252.0,▼-280,▼-50.00%,2,82,84,27,250,255,620,280
TXO,202609F4,20260929.0,47250.0,Call,710,755,710,755,850.0,▲+310,▲+69.66%,4,2,6,9,840,855,755,408
TXO,202609F4,20260929.0,47250.0,Put,336,360,336,360,266.0,▼-225,▼-38.46%,0,2,2,1,263,269,1900,336
TXO,202609F4,20260929.0,47300.0,Call,525,675,525,675,815.0,▲+254,▲+60.33%,5,2,7,553,805,820,675,415
TXO,202609F4,20260929.0,47300.0,Put,496,496,300,300,281.0,▼-310,▼-50.82%,0,25,25,23,278,284,640,300
TXO,202609F4,20260929.0,47350.0,Call,484,484,484,484,780.0,▲+85,▲+21.30%,0,2,2,9,775,790,484,397
TXO,202609F4,20260929.0,47350.0,Put,394,394,394,394,299.0,▼-246,▼-38.44%,2,1,3,3,296,302,665,394
TXO,202609F4,20260929.0,47400.0,Call,443,665,443,645,745.0,▲+250,▲+63.29%,5,15,20,9,740,750,665,186
TXO,202609F4,20260929.0,47400.0,Put,480,480,328,328,328.0,▼-342,▼-51.04%,0,10,10,8,312,318,1090,328
TXO,202609F4,20260929.0,47450.0,Call,-,-,-,-,715.0,-,-,0,0,0,11,705,720,418,175
TXO,202609F4,20260929.0,47450.0,Put,434,434,374,374,332.0,▼-321,▼-46.19%,0,2,2,5,328,334,720,374
TXO,202609F4,20260929.0,47500.0,Call,500,605,491,565,680.0,▲+224,▲+65.69%,11,11,22,16,675,685,605,155
TXO,202609F4,20260929.0,47500.0,Put,462,462,373,373,350.0,▼-352,▼-48.55%,1,15,16,8,277,446,855,373
TXO,202609F4,20260929.0,47550.0,Call,385,385,385,385,650.0,▲+65,▲+20.31%,4,1,5,12,645,655,385,301
TXO,202609F4,20260929.0,47550.0,Put,478,478,478,478,369.0,▼-277,▼-36.69%,4,1,5,3,270,505,815,478
TXO,202609F4,20260929.0,47600.0,Call,444,525,444,490,620.0,▲+176,▲+56.05%,2,17,19,15,615,625,525,273
TXO,202609F4,20260929.0,47600.0,Put,515,515,453,453,390.0,▼-332,▼-42.29%,1,13,14,11,385,392,1040,453
TXO,202609F4,20260929.0,47650.0,Call,353,530,353,530,590.0,▲+224,▲+73.20%,5,5,10,2,585,595,530,241
TXO,202609F4,20260929.0,47650.0,Put,590,590,444,444,410.0,▼-376,▼-45.85%,0,20,20,8,407,415,890,444
TXO,202609F4,20260929.0,47700.0,Call,440,505,440,505,565.0,▲+226,▲+81.00%,3,8,11,11,555,565,505,140
TXO,202609F4,20260929.0,47700.0,Put,510,510,510,510,431.0,▼-340,▼-40.00%,0,2,2,4,364,585,880,510
TXO,202609F4,20260929.0,47750.0,Call,-,-,-,-,535.0,-,-,0,0,0,2,530,540,442,219
TXO,202609F4,20260929.0,47750.0,Put,530,530,530,530,453.0,▼-355,▼-40.11%,0,1,1,1,447,455,530,530
TXO,202609F4,20260929.0,47800.0,Call,376,438,376,438,505.0,▲+190,▲+76.61%,8,3,11,8,500,510,438,119
TXO,202609F4,20260929.0,47800.0,Put,580,580,560,560,475.0,▼-360,▼-39.13%,1,2,3,2,394,580,830,560
TXO,202609F4,20260929.0,47850.0,Call,-,-,-,-,480.0,-,-,2,0,2,3,474,483,410,183
TXO,202609F4,20260929.0,47850.0,Put,570,570,570,570,498.0,▼-385,▼-40.31%,0,1,1,1,495,505,570,570
TXO,202609F4,20260929.0,47900.0,Call,360,360,360,360,455.0,▲+141,▲+64.38%,0,1,1,5,449,457,395,145
TXO,202609F4,20260929.0,47900.0,Put,680,680,680,680,525.0,▼-310,▼-31.31%,0,1,1,1,490,560,680,680
TXO,202609F4,20260929.0,47950.0,Call,236,236,236,236,431.0,▲+31,▲+15.12%,0,1,1,3,426,434,379,132
TXO,202609F4,20260929.0,47950.0,Put,680,700,565,565,565.0,▼-465,▼-45.15%,0,58,58,0,242,585,700,565
TXO,202609F4,20260929.0,48000.0,Call,226,389,218,389,389.0,▲+197,▲+102.60%,9,67,76,77,400,407,389,90
TXO,202609F4,20260929.0,48000.0,Put,775,775,775,775,575.0,▼-285,▼-26.89%,1,1,2,2,505,615,1630,775
TXO,202609F4,20260929.0,48050.0,Call,215,215,215,215,386.0,▲+35,▲+19.44%,1,6,7,8,378,386,350,169
TXO,202609F4,20260929.0,48050.0,Put,-,-,-,-,605.0,-,-,0,0,0,0,280,-,-,-
TXO,202609F4,20260929.0,48100.0,Call,188,312,188,298,361.0,▲+128,▲+75.29%,0,34,34,20,260,422,353,102
TXO,202609F4,20260929.0,48100.0,Put,740,740,740,740,630.0,▼-400,▼-35.09%,0,1,1,1,309,670,740,740
TXO,202609F4,20260929.0,48150.0,Call,-,-,-,-,340.0,-,-,0,0,0,3,336,343,324,110
TXO,202609F4,20260929.0,48150.0,Put,-,-,-,-,660.0,-,-,0,0,0,16,595,700,1670,1090
TXO,202609F4,20260929.0,48200.0,Call,164,266,164,266,321.0,▲+117,▲+78.52%,4,16,20,14,315,322,266,100
TXO,202609F4,20260929.0,48200.0,Put,810,865,810,865,690.0,▼-355,▼-29.10%,0,2,2,1,620,1020,865,810
TXO,202609F4,20260929.0,48250.0,Call,148,244,148,244,299.0,▲+104,▲+74.29%,0,8,8,6,295,301,298,81
TXO,202609F4,20260929.0,48250.0,Put,-,-,-,-,715.0,-,-,0,0,0,0,655,760,-,-
TXO,202609F4,20260929.0,48300.0,Call,147,262,146,262,281.0,▲+131,▲+100.00%,35,16,51,13,277,283,286,100
TXO,202609F4,20260929.0,48300.0,Put,-,-,-,-,750.0,-,-,0,0,0,0,650,790,-,-
TXO,202609F4,20260929.0,48350.0,Call,151,179,151,179,263.0,▲+57,▲+46.72%,0,7,7,6,257,263,179,151
TXO,202609F4,20260929.0,48350.0,Put,-,-,-,-,780.0,-,-,0,0,0,0,471,825,-,-
TXO,202609F4,20260929.0,48400.0,Call,115,232,115,232,232.0,▲+118,▲+103.51%,13,31,44,33,242,248,274,89
TXO,202609F4,20260929.0,48400.0,Put,-,-,-,-,815.0,-,-,0,0,0,0,625,865,-,-
TXO,202609F4,20260929.0,48450.0,Call,-,-,-,-,231.0,-,-,0,0,0,0,226,231,-,-
TXO,202609F4,20260929.0,48450.0,Put,-,-,-,-,850.0,-,-,0,0,0,0,570,895,-,-
TXO,202609F4,20260929.0,48500.0,Call,120,208,110,208,208.0,▲+115,▲+123.66%,21,86,107,77,210,215,261,60
TXO,202609F4,20260929.0,48500.0,Put,1280,1280,1000,1000,885.0,▼-470,▼-31.97%,0,2,2,2,800,1210,1280,1000
TXO,202609F4,20260929.0,48550.0,Call,164,164,164,164,200.0,▲+73,▲+80.22%,0,5,5,5,196,201,164,164
TXO,202609F4,20260929.0,48550.0,Put,-,-,-,-,920.0,-,-,0,0,0,0,590,965,-,-
TXO,202609F4,20260929.0,48600.0,Call,97,168,97,168,168.0,▲+83,▲+97.65%,10,99,109,46,181,186,215,67
TXO,202609F4,20260929.0,48600.0,Put,1180,1180,1080,1080,955.0,▼-480,▼-30.77%,0,2,2,2,770,1000,1180,1080
TXO,202609F4,20260929.0,48700.0,Call,80,146,80,140,140.0,▲+73,▲+108.96%,0,60,60,53,157,161,200,51
TXO,202609F4,20260929.0,48700.0,Put,-,-,-,-,1030.0,-,-,0,0,0,0,1010,1040,-,-
TXO,202609F4,20260929.0,48800.0,Call,71,127,71,127,127.0,▲+63,▲+98.44%,29,72,101,56,135,138,186,42
TXO,202609F4,20260929.0,48800.0,Put,-,-,-,-,1110.0,-,-,0,0,0,0,-,1160,-,-
TXO,202609F4,20260929.0,48900.0,Call,80,107,80,105,105.0,▲+50,▲+90.91%,4,34,38,32,115,118,151,40.5
TXO,202609F4,20260929.0,48900.0,Put,-,-,-,-,1190.0,-,-,0,0,0,0,-,1240,-,-
TXO,202609F4,20260929.0,49000.0,Call,52,99,52,99,99.0,▲+51,▲+106.25%,53,177,230,81,98,101,168,35.5
TXO,202609F4,20260929.0,49000.0,Put,-,-,-,-,1270.0,-,-,0,0,0,0,-,1320,-,-
TXO,202609F4,20260929.0,49100.0,Call,43.5,70,43.5,68,86.0,▲+26,▲+61.90%,7,17,24,20,83,86,130,39.5
TXO,202609F4,20260929.0,49100.0,Put,-,-,-,-,1350.0,-,-,0,0,0,0,-,1410,-,-
TXO,202609F4,20260929.0,49200.0,Call,53,68,50,68,68.0,▲+31.5,▲+86.30%,2,25,27,23,70,72,68,33.5
TXO,202609F4,20260929.0,49200.0,Put,-,-,-,-,1440.0,-,-,0,0,0,0,-,1500,-,-
TXO,202609F4,20260929.0,49300.0,Call,39,57,39,57,57.0,▲+25.5,▲+80.95%,4,20,24,13,59,61,115,27.5
TXO,202609F4,20260929.0,49300.0,Put,-,-,-,-,1530.0,-,-,0,0,0,0,-,1540,-,-
TXO,202609F4,20260929.0,49400.0,Call,32.5,49,32.5,41,51.0,▲+13,▲+46.43%,16,13,29,16,49,51,105,22
TXO,202609F4,20260929.0,49400.0,Put,-,-,-,-,1620.0,-,-,0,0,0,0,-,1680,-,-
TXO,202609F4,20260929.0,49500.0,Call,26,40,26,34,42.5,▲+9.5,▲+38.78%,22,26,48,43,41,42.5,100,19
TXO,202609F4,20260929.0,49500.0,Put,-,-,-,-,1710.0,-,-,0,0,0,0,-,1770,-,-
TXO,202609F4,20260929.0,49600.0,Call,26,34,24,29,35.5,▲+9,▲+45.00%,1,11,12,8,34,35.5,99,20
TXO,202609F4,20260929.0,49600.0,Put,-,-,-,-,1800.0,-,-,0,0,0,0,1760,1860,-,-
TXO,202609F4,20260929.0,49700.0,Call,26.5,27,24,27,27.0,▲+8.5,▲+45.95%,2,6,8,8,28.5,29.5,85,18
TXO,202609F4,20260929.0,49700.0,Put,-,-,-,-,1900.0,-,-,0,0,0,0,-,1960,-,-
TXO,202609F4,20260929.0,49800.0,Call,22,22,18.5,20,25.5,▲+3,▲+17.65%,0,14,14,14,1,25.5,82,14
TXO,202609F4,20260929.0,49800.0,Put,-,-,-,-,1990.0,-,-,0,0,0,0,1790,2050,-,-
TXO,202609F4,20260929.0,49900.0,Call,21,21,15.5,15.5,21.0,0,0%,2,8,10,8,20,21,73,15.5
TXO,202609F4,20260929.0,49900.0,Put,-,-,-,-,2090.0,-,-,0,0,0,0,-,2150,-,-
TXO,202609F4,20260929.0,50000.0,Call,13.5,19,13.5,16.5,16.5,▲+2.5,▲+17.86%,6,24,30,153,16.5,17.5,71,11.5
TXO,202609F4,20260929.0,50000.0,Put,-,-,-,-,2190.0,-,-,0,0,0,0,-,2240,-,-
TXO,202609F4,20260929.0,50100.0,Call,12,14.5,12,12.5,15.0,0,0%,2,18,20,7,14,15,29.5,10.5
TXO,202609F4,20260929.0,50100.0,Put,-,-,-,-,2280.0,-,-,0,0,0,0,-,2320,-,-
TXO,202609F4,20260929.0,50200.0,Call,10.5,12.5,10.5,12,12.0,▲+0.5,▲+4.35%,2,10,12,44,11.5,12.5,17.5,9.8
TXO,202609F4,20260929.0,50200.0,Put,-,-,-,-,2380.0,-,-,0,0,0,0,-,2440,-,-
TXO,202609F4,20260929.0,50300.0,Call,12,12,8.5,10.5,10.5,0,0%,3,11,14,10,10,11,14.5,8.5
TXO,202609F4,20260929.0,50300.0,Put,-,-,-,-,2480.0,-,-,0,0,0,0,-,2540,-,-
TXO,202609F4,20260929.0,50400.0,Call,-,-,-,-,9.1,-,-,0,0,0,1,8.6,9.1,11,11
TXO,202609F4,20260929.0,50400.0,Put,-,-,-,-,2580.0,-,-,0,0,0,0,-,2640,-,-
TXO,202609F4,20260929.0,50500.0,Call,7.8,8.2,6.7,6.7,8.3,▼-2,▼-22.99%,0,4,4,1,1,-,8.2,6.7
TXO,202609F4,20260929.0,50500.0,Put,-,-,-,-,2680.0,-,-,0,0,0,0,-,2740,-,-
TXO,202609F4,20260929.0,50600.0,Call,-,-,-,-,6.8,-,-,0,0,0,1,6.3,6.8,9.5,9.5
TXO,202609F4,20260929.0,50600.0,Put,-,-,-,-,2770.0,-,-,0,0,0,0,-,2830,-,-
TXO,202609F4,20260929.0,50700.0,Call,5.3,5.3,5.3,5.3,6.3,▼-2.2,▼-29.33%,0,2,2,3,0.3,108,10.5,5.3
TXO,202609F4,20260929.0,50700.0,Put,-,-,-,-,2870.0,-,-,0,0,0,0,-,2930,-,-
TXO,202609F4,20260929.0,50800.0,Call,-,-,-,-,5.3,-,-,0,0,0,2,5,5.3,10,9.7
TXO,202609F4,20260929.0,50800.0,Put,-,-,-,-,2970.0,-,-,0,0,0,0,-,3030,-,-
TXO,202609F4,20260929.0,50900.0,Call,4.2,4.2,4.2,4.2,4.8,▼-2.4,▼-36.36%,0,1,1,4,4.5,4.8,29,4.2
TXO,202609F4,20260929.0,50900.0,Put,-,-,-,-,3070.0,-,-,0,0,0,0,-,3110,-,-
TXO,202609F4,20260929.0,51000.0,Call,5.1,5.1,3.9,3.9,4.6,▼-2,▼-33.90%,2,2,4,4,3.9,4.6,29.5,3.9
TXO,202609F4,20260929.0,51000.0,Put,-,-,-,-,3170.0,-,-,0,0,0,0,-,3230,-,-
TXO,202609F4,20260929.0,51100.0,Call,2.9,2.9,2.9,2.9,4.2,▼-2.7,▼-48.21%,2,1,3,3,3.5,4.2,5.2,2.9
TXO,202609F4,20260929.0,51100.0,Put,-,-,-,-,3270.0,-,-,0,0,0,0,-,3330,-,-
TXO,202609F4,20260929.0,51200.0,Call,-,-,-,-,3.8,-,-,0,0,0,0,3.2,3.8,-,-
TXO,202609F4,20260929.0,51200.0,Put,-,-,-,-,3370.0,-,-,0,0,0,0,-,3430,-,-
TXO,202609F4,20260929.0,51300.0,Call,4,4,3.8,3.8,3.8,▼-1.3,▼-25.49%,8,6,14,2,2.9,3.5,5,3.8
TXO,202609F4,20260929.0,51300.0,Put,-,-,-,-,3470.0,-,-,0,0,0,0,-,3530,-,-
TXO,202609F4,20260929.0,51400.0,Call,-,-,-,-,3.2,-,-,0,0,0,0,1.8,3.3,-,-
TXO,202609F4,20260929.0,51400.0,Put,-,-,-,-,3570.0,-,-,0,0,0,0,-,3630,-,-
TXO,202609F4,20260929.0,51500.0,Call,-,-,-,-,2.7,-,-,0,0,0,0,0.3,2.9,18,7.6
TXO,202609F4,20260929.0,51500.0,Put,-,-,-,-,3670.0,-,-,0,0,0,0,-,3730,-,-
TXO,202609F4,20260929.0,51600.0,Call,-,-,-,-,2.5,-,-,4,0,4,11,0.3,2.5,7.5,4.4
TXO,202609F4,20260929.0,51600.0,Put,-,-,-,-,3770.0,-,-,0,0,0,0,-,3830,-,-
TXO,202609F4,20260929.0,51700.0,Call,2.5,2.5,2.3,2.3,2.3,▼-1.9,▼-45.24%,0,2,2,24,1.7,2.3,24.5,1.5
TXO,202609F4,20260929.0,51700.0,Put,-,-,-,-,3870.0,-,-,0,0,0,0,-,3930,-,-
TXO,202609F4,20260929.0,51800.0,Call,-,-,-,-,2.1,-,-,0,0,0,0,0.4,2.3,-,-
TXO,202609F4,20260929.0,51800.0,Put,-,-,-,-,3970.0,-,-,0,0,0,0,-,4030,-,-
TXO,202609F4,20260929.0,51900.0,Call,3.4,3.4,1.6,1.6,1.6,▼-2.2,▼-57.89%,0,869,869,869,0.2,1.6,3.4,1.6
TXO,202609F4,20260929.0,51900.0,Put,-,-,-,-,4070.0,-,-,0,0,0,0,-,4130,-,-
TXO,202609W5,20260930.0,40900.0,Call,-,-,-,-,6980.0,-,-,0,0,0,0,6920,-,-,-
TXO,202609W5,20260930.0,40900.0,Put,7.8,9.3,7.4,7.9,7.9,▼-0.3,▼-3.66%,8,73,81,199,7.7,8.1,42,7.4
TXO,202609W5,20260930.0,41000.0,Call,-,-,-,-,6880.0,-,-,0,0,0,0,6820,-,-,-
TXO,202609W5,20260930.0,41000.0,Put,-,-,-,-,8.0,-,-,0,0,0,12,8,8.5,36,29
TXO,202609W5,20260930.0,41100.0,Call,-,-,-,-,6780.0,-,-,0,0,0,0,6720,-,-,-
TXO,202609W5,20260930.0,41100.0,Put,-,-,-,-,8.3,-,-,1,0,1,10,8.3,8.8,40,8.5
TXO,202609W5,20260930.0,41200.0,Call,-,-,-,-,6680.0,-,-,0,0,0,0,6620,-,-,-
TXO,202609W5,20260930.0,41200.0,Put,10,10,10,10,8.6,▲+0.9,▲+9.89%,0,1,1,160,8.6,9.1,43.5,10
TXO,202609W5,20260930.0,41300.0,Call,-,-,-,-,6580.0,-,-,0,0,0,0,6520,-,-,-
TXO,202609W5,20260930.0,41300.0,Put,9.4,10,9.4,9.9,9.0,0,0%,5,11,16,123,8.9,9.4,45,9.4
TXO,202609W5,20260930.0,41400.0,Call,-,-,-,-,6480.0,-,-,0,0,0,0,6420,-,-,-
TXO,202609W5,20260930.0,41400.0,Put,10.5,10.5,10.5,10.5,9.2,▲+0.5,▲+5.00%,0,1,1,7,9.2,9.7,51,10.5
TXO,202609W5,20260930.0,41500.0,Call,-,-,-,-,6390.0,-,-,0,0,0,0,6320,-,-,-
TXO,202609W5,20260930.0,41500.0,Put,10,10.5,10,10,9.7,0,0%,6,7,13,26,9.5,10,63,10
TXO,202609W5,20260930.0,41600.0,Call,-,-,-,-,6290.0,-,-,0,0,0,0,6220,-,-,-
TXO,202609W5,20260930.0,41600.0,Put,-,-,-,-,9.9,-,-,0,0,0,12,9.9,10.5,65,24
TXO,202609W5,20260930.0,41700.0,Call,-,-,-,-,6190.0,-,-,0,0,0,0,6130,-,-,-
TXO,202609W5,20260930.0,41700.0,Put,11.5,11.5,11.5,11.5,10.0,▲+0.5,▲+4.55%,0,1,1,13,10,11,72,11.5
TXO,202609W5,20260930.0,41800.0,Call,-,-,-,-,6090.0,-,-,0,0,0,0,6030,-,-,-
TXO,202609W5,20260930.0,41800.0,Put,11,11,10.5,10.5,10.5,▼-0.5,▼-4.55%,8,4,12,20,10.5,11,73,10.5
TXO,202609W5,20260930.0,41900.0,Call,-,-,-,-,5990.0,-,-,0,0,0,0,5930,-,-,-
TXO,202609W5,20260930.0,41900.0,Put,-,-,-,-,11.0,-,-,0,0,0,13,10.5,11.5,77,18
TXO,202609W5,20260930.0,42000.0,Call,-,-,-,-,5890.0,-,-,0,0,0,0,5830,-,-,-
TXO,202609W5,20260930.0,42000.0,Put,12,13,12,13,11.0,▲+0.5,▲+4.00%,0,8,8,86,11,12,88,12
TXO,202609W5,20260930.0,42100.0,Call,-,-,-,-,5790.0,-,-,0,0,0,0,5730,-,-,-
TXO,202609W5,20260930.0,42100.0,Put,-,-,-,-,11.5,-,-,0,0,0,7,11.5,12.5,86,41.5
TXO,202609W5,20260930.0,42200.0,Call,-,-,-,-,5690.0,-,-,0,0,0,0,5630,-,-,-
TXO,202609W5,20260930.0,42200.0,Put,12,13,12,13,12.0,0,0%,7,5,12,204,12,13,55,12
TXO,202609W5,20260930.0,42300.0,Call,-,-,-,-,5590.0,-,-,0,0,0,0,5530,-,-,-
TXO,202609W5,20260930.0,42300.0,Put,12.5,12.5,12.5,12.5,12.5,▼-1,▼-7.41%,0,3,3,3,12.5,13,87,12.5
TXO,202609W5,20260930.0,42400.0,Call,-,-,-,-,5490.0,-,-,0,0,0,0,5430,-,-,-
TXO,202609W5,20260930.0,42400.0,Put,-,-,-,-,13.0,-,-,0,0,0,1,13,13.5,108,108
TXO,202609W5,20260930.0,42500.0,Call,-,-,-,-,5390.0,-,-,0,0,0,0,5330,-,-,-
TXO,202609W5,20260930.0,42500.0,Put,13,15,13,15,13.5,▲+0.5,▲+3.45%,0,12,12,6,13.5,14.5,123,13
TXO,202609W5,20260930.0,42600.0,Call,-,-,-,-,5290.0,-,-,0,0,0,0,5230,-,-,-
TXO,202609W5,20260930.0,42600.0,Put,14.5,14.5,14,14,14.0,▼-1,▼-6.67%,0,2,2,14,13.5,14.5,106,14
TXO,202609W5,20260930.0,42700.0,Call,-,-,-,-,5190.0,-,-,0,0,0,0,5130,-,-,-
TXO,202609W5,20260930.0,42700.0,Put,14.5,15.5,14.5,15.5,14.5,0,0%,0,3,3,2,14,15,79,14.5
TXO,202609W5,20260930.0,42800.0,Call,-,-,-,-,5090.0,-,-,0,0,0,0,5030,-,-,-
TXO,202609W5,20260930.0,42800.0,Put,15,15,15,15,15.0,▼-1.5,▼-9.09%,2,5,7,4,15,15.5,100,15
TXO,202609W5,20260930.0,42900.0,Call,-,-,-,-,4990.0,-,-,0,0,0,0,4940,-,-,-
TXO,202609W5,20260930.0,42900.0,Put,-,-,-,-,15.5,-,-,0,0,0,2,15.5,16,59,31
TXO,202609W5,20260930.0,43000.0,Call,-,-,-,-,4890.0,-,-,0,0,0,0,4840,-,-,-
TXO,202609W5,20260930.0,43000.0,Put,16.5,19.5,16.5,17,16.0,▼-0.5,▼-2.86%,4,8,12,17,16,16.5,159,16.5
TXO,202609W5,20260930.0,43100.0,Call,-,-,-,-,4790.0,-,-,0,0,0,0,4740,-,-,-
TXO,202609W5,20260930.0,43100.0,Put,-,-,-,-,16.5,-,-,2,0,2,9,16.5,17.5,102,21
TXO,202609W5,20260930.0,43200.0,Call,-,-,-,-,4690.0,-,-,0,0,0,0,4640,-,-,-
TXO,202609W5,20260930.0,43200.0,Put,-,-,-,-,17.0,-,-,0,0,0,6,17,18,99,30.5
TXO,202609W5,20260930.0,43300.0,Call,-,-,-,-,4590.0,-,-,0,0,0,0,4540,-,-,-
TXO,202609W5,20260930.0,43300.0,Put,-,-,-,-,18.0,-,-,1,0,1,5,18,18.5,103,22.5
TXO,202609W5,20260930.0,43400.0,Call,-,-,-,-,4490.0,-,-,0,0,0,0,4440,-,-,-
TXO,202609W5,20260930.0,43400.0,Put,-,-,-,-,18.5,-,-,0,0,0,7,18.5,19.5,94,79
TXO,202609W5,20260930.0,43500.0,Call,-,-,-,-,4400.0,-,-,0,0,0,0,4340,-,-,-
TXO,202609W5,20260930.0,43500.0,Put,20,22,20,22,19.5,▲+0.5,▲+2.33%,1,3,4,8,19.5,20,223,19
TXO,202609W5,20260930.0,43600.0,Call,-,-,-,-,4300.0,-,-,0,0,0,0,4240,-,-,-
TXO,202609W5,20260930.0,43600.0,Put,20.5,20.5,20.5,20.5,20.5,▼-2,▼-8.89%,5,1,6,7,20,21,194,20.5
TXO,202609W5,20260930.0,43700.0,Call,-,-,-,-,4200.0,-,-,0,0,0,0,4140,-,-,-
TXO,202609W5,20260930.0,43700.0,Put,21.5,22,21.5,22,21.0,▼-2,▼-8.33%,0,2,2,2,21,22,130,21.5
TXO,202609W5,20260930.0,43800.0,Call,-,-,-,-,4100.0,-,-,0,0,0,0,4050,-,-,-
TXO,202609W5,20260930.0,43800.0,Put,22,26,22,22,22.0,▼-4,▼-15.38%,0,8,8,6,22,23,146,22
TXO,202609W5,20260930.0,43900.0,Call,3800,3800,3800,3800,4000.0,▲+430,▲+12.76%,0,6,6,6,3660,4080,3800,3800
TXO,202609W5,20260930.0,43900.0,Put,24.5,24.5,24.5,24.5,23.0,▼-2,▼-7.55%,0,1,1,3,23,24,125,24.5
TXO,202609W5,20260930.0,44000.0,Call,-,-,-,-,3900.0,-,-,0,0,0,0,3560,3900,-,-
TXO,202609W5,20260930.0,44000.0,Put,26.5,28,23.5,24.5,24.5,▼-5,▼-16.95%,7,34,41,39,24,25,288,23.5
TXO,202609W5,20260930.0,44100.0,Call,-,-,-,-,3800.0,-,-,0,0,0,0,3750,-,-,-
TXO,202609W5,20260930.0,44100.0,Put,28,28,28,28,25.0,▼-2,▼-6.67%,0,2,2,3,25,26,125,28
TXO,202609W5,20260930.0,44150.0,Call,-,-,-,-,3750.0,-,-,0,0,0,0,3700,-,-,-
TXO,202609W5,20260930.0,44150.0,Put,28,28,28,28,26.0,▼-2.5,▼-8.20%,1,5,6,7,26,27,125,28
TXO,202609W5,20260930.0,44200.0,Call,-,-,-,-,3700.0,-,-,0,0,0,0,3650,-,-,-
TXO,202609W5,20260930.0,44200.0,Put,27,28,27,28,26.5,▼-4.5,▼-13.85%,0,11,11,12,26.5,27.5,250,27
TXO,202609W5,20260930.0,44250.0,Call,-,-,-,-,3650.0,-,-,0,0,0,0,3600,-,-,-
TXO,202609W5,20260930.0,44250.0,Put,27.5,27.5,27.5,27.5,27.5,▼-5.5,▼-16.67%,2,1,3,4,27,28,138,27.5
TXO,202609W5,20260930.0,44300.0,Call,-,-,-,-,3600.0,-,-,0,0,0,0,3550,-,-,-
TXO,202609W5,20260930.0,44300.0,Put,-,-,-,-,28.0,-,-,2,0,2,3,28,29,138,25
TXO,202609W5,20260930.0,44350.0,Call,-,-,-,-,3560.0,-,-,0,0,0,0,3500,-,-,-
TXO,202609W5,20260930.0,44350.0,Put,35.5,35.5,35.5,35.5,28.5,▼-0.5,▼-1.39%,0,1,1,1,28.5,29.5,35.5,35.5
TXO,202609W5,20260930.0,44400.0,Call,-,-,-,-,3510.0,-,-,0,0,0,0,3460,-,-,-
TXO,202609W5,20260930.0,44400.0,Put,32.5,34,29,34,29.5,▼-4,▼-10.53%,2,3,5,3,29.5,30.5,95,29
TXO,202609W5,20260930.0,44450.0,Call,-,-,-,-,3460.0,-,-,0,0,0,0,3410,-,-,-
TXO,202609W5,20260930.0,44450.0,Put,-,-,-,-,30.5,-,-,0,0,0,0,30,31,151,145
TXO,202609W5,20260930.0,44500.0,Call,-,-,-,-,3410.0,-,-,0,0,0,0,3360,-,-,-
TXO,202609W5,20260930.0,44500.0,Put,31,36.5,31,33,31.0,▼-6.5,▼-16.46%,7,9,16,21,31,32,249,31
TXO,202609W5,20260930.0,44550.0,Call,-,-,-,-,3360.0,-,-,0,0,0,0,3310,-,-,-
TXO,202609W5,20260930.0,44550.0,Put,-,-,-,-,32.0,-,-,0,0,0,1,32,33,209,209
TXO,202609W5,20260930.0,44600.0,Call,-,-,-,-,3310.0,-,-,0,0,0,0,3260,-,-,-
TXO,202609W5,20260930.0,44600.0,Put,36.5,41.5,34,41.5,33.0,▼-1.5,▼-3.49%,6,103,109,105,33,34,402,34
TXO,202609W5,20260930.0,44650.0,Call,-,-,-,-,3260.0,-,-,0,0,0,0,3210,-,-,-
TXO,202609W5,20260930.0,44650.0,Put,-,-,-,-,33.5,-,-,2,0,2,2,33.5,34.5,52,52
TXO,202609W5,20260930.0,44700.0,Call,-,-,-,-,3210.0,-,-,0,0,0,0,3160,-,-,-
TXO,202609W5,20260930.0,44700.0,Put,39.5,43.5,36.5,37,34.5,▼-9.5,▼-20.43%,0,105,105,100,34.5,35.5,224,36.5
TXO,202609W5,20260930.0,44750.0,Call,-,-,-,-,3160.0,-,-,0,0,0,0,3110,-,-,-
TXO,202609W5,20260930.0,44750.0,Put,44,44,44,44,36.0,▼-4.5,▼-9.28%,1,1,2,1,36,37,433,44
TXO,202609W5,20260930.0,44800.0,Call,-,-,-,-,3110.0,-,-,0,0,0,0,3060,-,-,-
TXO,202609W5,20260930.0,44800.0,Put,39.5,39.5,39.5,39.5,37.0,▼-11.5,▼-22.55%,7,2,9,5,37,38,383,39.5
TXO,202609W5,20260930.0,44850.0,Call,-,-,-,-,3060.0,-,-,0,0,0,0,3020,-,-,-
TXO,202609W5,20260930.0,44850.0,Put,-,-,-,-,38.0,-,-,0,0,0,0,38,39,-,-
TXO,202609W5,20260930.0,44900.0,Call,-,-,-,-,3020.0,-,-,0,0,0,0,2970,-,-,-
TXO,202609W5,20260930.0,44900.0,Put,47.5,50,40.5,45.5,39.0,▼-9.5,▼-17.27%,5,8,13,1,39,40,253,40.5
TXO,202609W5,20260930.0,44950.0,Call,-,-,-,-,2970.0,-,-,0,0,0,0,2920,-,-,-
TXO,202609W5,20260930.0,44950.0,Put,45.5,45.5,45.5,45.5,40.5,▼-11.5,▼-20.18%,0,2,2,0,40.5,41.5,242,45.5
TXO,202609W5,20260930.0,45000.0,Call,-,-,-,-,2920.0,-,-,0,0,0,0,2870,-,-,-
TXO,202609W5,20260930.0,45000.0,Put,50,54,43.5,44,42.0,▼-15,▼-25.42%,12,62,74,47,41.5,43,435,43.5
TXO,202609W5,20260930.0,45050.0,Call,-,-,-,-,2870.0,-,-,0,0,0,0,2820,-,-,-
TXO,202609W5,20260930.0,45050.0,Put,49,53,48,53,43.0,▼-7,▼-11.67%,0,9,9,3,43,44.5,355,48
TXO,202609W5,20260930.0,45100.0,Call,-,-,-,-,2820.0,-,-,0,0,0,0,2770,-,-,-
TXO,202609W5,20260930.0,45100.0,Put,49,52,47.5,50,44.5,▼-15,▼-23.08%,0,5,5,4,44.5,46,367,47.5
TXO,202609W5,20260930.0,45150.0,Call,-,-,-,-,2770.0,-,-,0,0,0,0,2730,-,-,-
TXO,202609W5,20260930.0,45150.0,Put,51,51,49.5,49.5,46.5,▼-19.5,▼-28.26%,0,6,6,6,46,47.5,355,49.5
TXO,202609W5,20260930.0,45200.0,Call,-,-,-,-,2730.0,-,-,0,0,0,2,2680,-,1360,1330
TXO,202609W5,20260930.0,45200.0,Put,60,60,49.5,49.5,49.5,▼-19.5,▼-28.26%,3,12,15,14,48,49,477,49.5
TXO,202609W5,20260930.0,45250.0,Call,-,-,-,-,2680.0,-,-,0,0,0,0,2630,-,-,-
TXO,202609W5,20260930.0,45250.0,Put,-,-,-,-,50.0,-,-,0,0,0,0,49.5,51,-,-
TXO,202609W5,20260930.0,45300.0,Call,-,-,-,-,2630.0,-,-,0,0,0,0,2580,-,-,-
TXO,202609W5,20260930.0,45300.0,Put,63,64,55,55,51.0,▼-24,▼-30.38%,0,19,19,4,51,53,358,55
TXO,202609W5,20260930.0,45350.0,Call,-,-,-,-,2580.0,-,-,0,0,0,0,2530,-,-,-
TXO,202609W5,20260930.0,45350.0,Put,-,-,-,-,53.0,-,-,0,0,0,0,53,55,-,-
TXO,202609W5,20260930.0,45400.0,Call,-,-,-,-,2530.0,-,-,0,0,0,0,2480,-,-,-
TXO,202609W5,20260930.0,45400.0,Put,78,78,59,59,56.0,▼-28,▼-32.18%,0,14,14,12,55,57,127,59
TXO,202609W5,20260930.0,45450.0,Call,-,-,-,-,2480.0,-,-,0,0,0,0,2440,-,-,-
TXO,202609W5,20260930.0,45450.0,Put,-,-,-,-,58.0,-,-,0,0,0,30,57,59,210,151
TXO,202609W5,20260930.0,45500.0,Call,-,-,-,-,2440.0,-,-,2,0,2,0,2090,-,1960,1000
TXO,202609W5,20260930.0,45500.0,Put,84,84,66,66,60.0,▼-31,▼-31.96%,6,10,16,14,59,61,650,66
TXO,202609W5,20260930.0,45550.0,Call,-,-,-,-,2390.0,-,-,0,0,0,0,2340,-,-,-
TXO,202609W5,20260930.0,45550.0,Put,-,-,-,-,62.0,-,-,0,0,0,0,61,63,-,-
TXO,202609W5,20260930.0,45600.0,Call,1900,1900,1900,1900,2340.0,▲+150,▲+8.57%,0,2,2,3,2000,2430,1900,1050
TXO,202609W5,20260930.0,45600.0,Put,76,76,67,67,67.0,▼-37,▼-35.58%,0,6,6,11,64,66,750,67
TXO,202609W5,20260930.0,45650.0,Call,-,-,-,-,2290.0,-,-,0,0,0,1,2250,-,870,870
TXO,202609W5,20260930.0,45650.0,Put,-,-,-,-,67.0,-,-,0,0,0,0,66,68,-,-
TXO,202609W5,20260930.0,45700.0,Call,-,-,-,-,2250.0,-,-,0,0,0,0,2200,-,-,-
TXO,202609W5,20260930.0,45700.0,Put,106,106,84,89,70.0,▼-31,▼-25.83%,0,4,4,5,69,71,650,84
TXO,202609W5,20260930.0,45750.0,Call,-,-,-,-,2200.0,-,-,0,0,0,0,2150,-,-,-
TXO,202609W5,20260930.0,45750.0,Put,85,85,83,83,73.0,▼-43,▼-34.13%,0,2,2,1,72,75,413,83
TXO,202609W5,20260930.0,45800.0,Call,-,-,-,-,2150.0,-,-,0,0,0,1,2110,-,810,810
TXO,202609W5,20260930.0,45800.0,Put,100,100,87,87,76.0,▼-46,▼-34.59%,1,8,9,8,75,78,735,87
TXO,202609W5,20260930.0,45850.0,Call,-,-,-,-,2110.0,-,-,0,0,0,0,2060,-,-,-
TXO,202609W5,20260930.0,45850.0,Put,94,94,94,94,80.0,▼-47,▼-33.33%,4,1,5,4,78,82,196,94
TXO,202609W5,20260930.0,45900.0,Call,-,-,-,-,2060.0,-,-,0,0,0,0,2010,-,-,-
TXO,202609W5,20260930.0,45900.0,Put,109,109,105,105,83.0,▼-45,▼-30.00%,2,3,5,8,82,86,600,105
TXO,202609W5,20260930.0,45950.0,Call,-,-,-,-,2010.0,-,-,0,0,0,0,1970,-,-,-
TXO,202609W5,20260930.0,45950.0,Put,-,-,-,-,87.0,-,-,0,0,0,4,86,89,785,238
TXO,202609W5,20260930.0,46000.0,Call,1620,1660,1620,1660,1970.0,▲+250,▲+17.73%,1,4,5,3,1920,-,1660,670
TXO,202609W5,20260930.0,46000.0,Put,124,130,92,92,92.0,▼-75,▼-44.91%,9,219,228,227,91,93,860,92
TXO,202609W5,20260930.0,46050.0,Call,-,-,-,-,1920.0,-,-,0,0,0,0,1880,-,-,-
TXO,202609W5,20260930.0,46050.0,Put,106,106,106,106,95.0,▼-69,▼-39.43%,0,1,1,1,94,98,715,106
TXO,202609W5,20260930.0,46100.0,Call,-,-,-,-,1880.0,-,-,0,0,0,1,1830,1970,1030,685
TXO,202609W5,20260930.0,46100.0,Put,118,119,118,119,99.0,▼-67,▼-36.02%,2,3,5,4,98,102,920,118
TXO,202609W5,20260930.0,46150.0,Call,-,-,-,-,1830.0,-,-,0,0,0,0,1790,-,-,-
TXO,202609W5,20260930.0,46150.0,Put,-,-,-,-,104.0,-,-,0,0,0,0,103,107,-,-
TXO,202609W5,20260930.0,46200.0,Call,-,-,-,-,1790.0,-,-,0,0,0,2,1740,1900,1170,615
TXO,202609W5,20260930.0,46200.0,Put,150,154,113,113,113.0,▼-100,▼-46.95%,9,17,26,19,108,112,985,113
TXO,202609W5,20260930.0,46250.0,Call,-,-,-,-,1740.0,-,-,0,0,0,0,1700,-,-,-
TXO,202609W5,20260930.0,46250.0,Put,-,-,-,-,115.0,-,-,0,0,0,0,113,118,-,-
TXO,202609W5,20260930.0,46300.0,Call,-,-,-,-,1700.0,-,-,0,0,0,2,1650,-,760,735
TXO,202609W5,20260930.0,46300.0,Put,144,152,130,130,121.0,▼-101,▼-43.72%,0,23,23,20,117,122,810,130
TXO,202609W5,20260930.0,46350.0,Call,-,-,-,-,1650.0,-,-,0,0,0,0,1610,-,-,-
TXO,202609W5,20260930.0,46350.0,Put,154,154,154,154,126.0,▼-90,▼-36.89%,10,1,11,1,124,129,455,154
TXO,202609W5,20260930.0,46400.0,Call,-,-,-,-,1610.0,-,-,0,0,0,4,1570,-,905,550
TXO,202609W5,20260930.0,46400.0,Put,185,188,135,135,135.0,▼-115,▼-46.00%,0,33,33,31,131,136,1050,135
TXO,202609W5,20260930.0,46450.0,Call,-,-,-,-,1570.0,-,-,0,0,0,0,1520,-,985,745
TXO,202609W5,20260930.0,46450.0,Put,156,156,156,156,140.0,▼-115,▼-42.44%,0,1,1,0,136,141,326,156
TXO,202609W5,20260930.0,46500.0,Call,1100,1370,1100,1370,1520.0,▲+340,▲+33.01%,104,21,125,1,1470,-,1370,520
TXO,202609W5,20260930.0,46500.0,Put,235,240,151,151,151.0,▼-134,▼-47.02%,2,30,32,21,143,148,760,151
TXO,202609W5,20260930.0,46550.0,Call,-,-,-,-,1480.0,-,-,0,0,0,0,1430,-,790,605
TXO,202609W5,20260930.0,46550.0,Put,189,189,189,189,155.0,▼-111,▼-37.00%,0,1,1,1,152,157,700,189
TXO,202609W5,20260930.0,46600.0,Call,1240,1240,1220,1220,1440.0,▲+265,▲+27.75%,0,3,3,6,1390,1530,1240,424
TXO,202609W5,20260930.0,46600.0,Put,225,229,161,161,161.0,▼-160,▼-49.84%,2,18,20,6,159,164,770,161
TXO,202609W5,20260930.0,46650.0,Call,-,-,-,-,1400.0,-,-,0,0,0,0,1350,-,615,540
TXO,202609W5,20260930.0,46650.0,Put,-,-,-,-,171.0,-,-,0,0,0,0,168,173,-,-
TXO,202609W5,20260930.0,46700.0,Call,-,-,-,-,1360.0,-,-,0,0,0,0,1310,-,835,605
TXO,202609W5,20260930.0,46700.0,Put,215,234,205,205,180.0,▼-143,▼-41.09%,4,16,20,5,175,181,740,183
TXO,202609W5,20260930.0,46750.0,Call,-,-,-,-,1320.0,-,-,0,0,0,0,1270,-,-,-
TXO,202609W5,20260930.0,46750.0,Put,-,-,-,-,190.0,-,-,0,0,0,0,178,191,-,-
TXO,202609W5,20260930.0,46800.0,Call,900,965,895,965,1280.0,▲+145,▲+17.68%,0,6,6,1,1230,1360,965,438
TXO,202609W5,20260930.0,46800.0,Put,277,281,225,225,199.0,▼-157,▼-41.10%,0,4,4,4,194,199,1270,225
TXO,202609W5,20260930.0,46850.0,Call,-,-,-,-,1240.0,-,-,0,0,0,1,1190,1330,635,635
TXO,202609W5,20260930.0,46850.0,Put,-,-,-,-,209.0,-,-,0,0,0,0,204,209,-,-
TXO,202609W5,20260930.0,46900.0,Call,1100,1100,1100,1100,1200.0,▲+340,▲+44.74%,0,1,1,2,1160,1280,1100,625
TXO,202609W5,20260930.0,46900.0,Put,276,276,276,276,221.0,▼-144,▼-34.29%,4,2,6,2,216,221,660,276
TXO,202609W5,20260930.0,46950.0,Call,-,-,-,-,1160.0,-,-,0,0,0,0,1120,-,-,-
TXO,202609W5,20260930.0,46950.0,Put,-,-,-,-,232.0,-,-,0,0,0,0,227,232,-,-
TXO,202609W5,20260930.0,47000.0,Call,765,900,765,900,1120.0,▲+215,▲+31.39%,13,2,15,10,1080,2000,900,292
TXO,202609W5,20260930.0,47000.0,Put,394,394,251,251,251.0,▼-211,▼-45.67%,4,18,22,12,239,245,1160,251
TXO,202609W5,20260930.0,47050.0,Call,-,-,-,-,1090.0,-,-,0,0,0,0,1040,-,-,-
TXO,202609W5,20260930.0,47050.0,Put,359,362,295,295,255.0,▼-188,▼-38.92%,0,8,8,3,249,255,905,295
TXO,202609W5,20260930.0,47100.0,Call,-,-,-,-,1050.0,-,-,0,0,0,0,1040,1060,-,-
TXO,202609W5,20260930.0,47100.0,Put,357,357,316,316,270.0,▼-189,▼-37.43%,0,4,4,2,264,270,545,316
TXO,202609W5,20260930.0,47150.0,Call,-,-,-,-,1010.0,-,-,0,0,0,1,1000,1030,670,550
TXO,202609W5,20260930.0,47150.0,Put,-,-,-,-,281.0,-,-,1,0,1,1,275,281,675,515
TXO,202609W5,20260930.0,47200.0,Call,625,840,625,840,975.0,▲+240,▲+40.00%,4,3,7,3,970,985,840,407
TXO,202609W5,20260930.0,47200.0,Put,416,416,342,342,297.0,▼-218,▼-38.93%,4,12,16,13,291,297,1060,342
TXO,202609W5,20260930.0,47250.0,Call,-,-,-,-,940.0,-,-,1,0,1,1,935,950,625,560
TXO,202609W5,20260930.0,47250.0,Put,390,390,361,361,312.0,▼-209,▼-36.67%,0,2,2,1,305,312,745,361
TXO,202609W5,20260930.0,47300.0,Call,570,775,570,775,905.0,▲+235,▲+43.52%,1,4,5,13,-,990,775,308
TXO,202609W5,20260930.0,47300.0,Put,395,395,380,386,326.0,▼-209,▼-35.13%,1,4,5,4,319,326,675,380
TXO,202609W5,20260930.0,47350.0,Call,745,745,720,720,870.0,▲+210,▲+41.18%,0,6,6,6,865,880,745,720
TXO,202609W5,20260930.0,47350.0,Put,-,-,-,-,341.0,-,-,0,0,0,0,335,341,-,-
TXO,202609W5,20260930.0,47400.0,Call,715,755,690,755,840.0,▲+266,▲+54.40%,0,13,13,7,835,850,755,400
TXO,202609W5,20260930.0,47400.0,Put,481,481,372,372,372.0,▼-278,▼-42.77%,1,7,8,4,280,468,860,372
TXO,202609W5,20260930.0,47450.0,Call,685,685,665,665,805.0,▲+200,▲+43.01%,0,7,7,7,800,815,685,665
TXO,202609W5,20260930.0,47450.0,Put,-,-,-,-,379.0,-,-,4,0,4,0,304,-,715,630
TXO,202609W5,20260930.0,47500.0,Call,585,705,585,690,775.0,▲+260,▲+60.47%,2,15,17,25,770,785,705,189
TXO,202609W5,20260930.0,47500.0,Put,530,530,469,469,393.0,▼-236,▼-33.48%,165,10,175,8,386,393,955,469
TXO,202609W5,20260930.0,47550.0,Call,630,630,610,610,745.0,▲+190,▲+45.24%,0,7,7,7,740,750,630,610
TXO,202609W5,20260930.0,47550.0,Put,560,560,560,560,415.0,▼-170,▼-23.29%,4,4,8,0,2.8,-,690,560
TXO,202609W5,20260930.0,47600.0,Call,430,600,430,580,715.0,▲+181,▲+45.36%,2,5,7,5,710,720,600,280
TXO,202609W5,20260930.0,47600.0,Put,-,-,-,-,431.0,-,-,0,0,0,0,424,431,840,775
TXO,202609W5,20260930.0,47650.0,Call,585,585,570,575,685.0,▲+196,▲+51.72%,0,5,5,3,680,690,585,570
TXO,202609W5,20260930.0,47650.0,Put,635,635,525,540,451.0,▼-250,▼-31.65%,0,5,5,2,444,451,825,525
TXO,202609W5,20260930.0,47700.0,Call,388,590,384,590,655.0,▲+216,▲+57.75%,3,16,19,19,473,745,590,213
TXO,202609W5,20260930.0,47700.0,Put,655,655,560,580,474.0,▼-240,▼-29.27%,1,13,14,8,465,474,970,560
TXO,202609W5,20260930.0,47750.0,Call,377,580,377,580,625.0,▲+257,▲+79.57%,0,10,10,4,515,710,580,377
TXO,202609W5,20260930.0,47750.0,Put,-,-,-,-,498.0,-,-,0,0,0,0,424,-,-,-
TXO,202609W5,20260930.0,47800.0,Call,435,585,435,585,585.0,▲+278,▲+90.55%,4,7,11,17,595,605,585,193
TXO,202609W5,20260930.0,47800.0,Put,795,795,575,575,515.0,▼-305,▼-34.66%,206,19,225,7,505,515,970,575
TXO,202609W5,20260930.0,47850.0,Call,478,555,478,555,555.0,▲+252,▲+83.17%,0,5,5,3,565,575,555,478
TXO,202609W5,20260930.0,47850.0,Put,660,660,620,620,535.0,▼-290,▼-31.87%,0,4,4,2,530,540,660,620
TXO,202609W5,20260930.0,47900.0,Call,455,500,437,500,540.0,▲+212,▲+73.61%,1,7,8,7,540,550,500,148
TXO,202609W5,20260930.0,47900.0,Put,660,700,570,570,570.0,▼-380,▼-40.00%,200,35,235,31,550,565,1070,570
TXO,202609W5,20260930.0,47950.0,Call,431,440,431,440,515.0,▲+177,▲+67.30%,0,5,5,3,515,525,440,431
TXO,202609W5,20260930.0,47950.0,Put,-,-,-,-,585.0,-,-,0,0,0,0,575,585,-,-
TXO,202609W5,20260930.0,48000.0,Call,288,470,258,470,470.0,▲+221,▲+88.76%,11,30,41,25,488,497,470,118
TXO,202609W5,20260930.0,48000.0,Put,915,915,680,680,610.0,▼-340,▼-33.33%,2,81,83,76,575,710,1030,680
TXO,202609W5,20260930.0,48050.0,Call,346,413,346,413,464.0,▲+185,▲+81.14%,0,5,5,4,464,472,413,346
TXO,202609W5,20260930.0,48050.0,Put,-,-,-,-,635.0,-,-,0,0,0,0,545,670,-,-
TXO,202609W5,20260930.0,48100.0,Call,295,395,295,395,442.0,▲+180,▲+83.72%,2,6,8,4,442,450,395,152
TXO,202609W5,20260930.0,48100.0,Put,-,-,-,-,665.0,-,-,0,0,0,0,585,710,-,-
TXO,202609W5,20260930.0,48150.0,Call,260,260,260,260,416.0,▲+48,▲+22.64%,0,2,2,2,303,492,260,260
TXO,202609W5,20260930.0,48150.0,Put,-,-,-,-,690.0,-,-,0,0,0,0,600,725,-,-
TXO,202609W5,20260930.0,48200.0,Call,214,366,214,366,397.0,▲+166,▲+83.00%,19,34,53,25,397,405,366,102
TXO,202609W5,20260930.0,48200.0,Put,-,-,-,-,715.0,-,-,0,0,0,0,610,755,-,-
TXO,202609W5,20260930.0,48250.0,Call,213,225,213,225,375.0,▲+35,▲+18.42%,0,2,2,0,375,382,225,213
TXO,202609W5,20260930.0,48250.0,Put,-,-,-,-,745.0,-,-,0,0,0,0,645,780,-,-
TXO,202609W5,20260930.0,48300.0,Call,200,340,200,340,340.0,▲+161,▲+89.94%,44,13,57,31,354,361,340,100
TXO,202609W5,20260930.0,48300.0,Put,870,875,805,805,775.0,▼-435,▼-35.08%,0,44,44,44,685,810,875,805
TXO,202609W5,20260930.0,48350.0,Call,333,333,333,333,333.0,▲+155,▲+87.08%,0,1,1,1,334,341,333,333
TXO,202609W5,20260930.0,48350.0,Put,-,-,-,-,805.0,-,-,0,0,0,0,-,845,-,-
TXO,202609W5,20260930.0,48400.0,Call,205,295,205,284,316.0,▲+107,▲+60.45%,17,33,50,13,316,323,295,82
TXO,202609W5,20260930.0,48400.0,Put,1040,1040,935,935,835.0,▼-385,▼-29.17%,0,5,5,4,710,885,1040,935
TXO,202609W5,20260930.0,48450.0,Call,230,280,230,250,298.0,▲+92,▲+58.23%,0,6,6,0,298,305,280,230
TXO,202609W5,20260930.0,48450.0,Put,-,-,-,-,870.0,-,-,0,0,0,0,535,905,-,-
TXO,202609W5,20260930.0,48500.0,Call,147,276,147,273,273.0,▲+124,▲+83.22%,97,72,169,79,279,285,276,73
TXO,202609W5,20260930.0,48500.0,Put,1100,1100,985,985,905.0,▼-415,▼-29.64%,0,6,6,4,815,905,1100,985
TXO,202609W5,20260930.0,48550.0,Call,267,267,267,267,267.0,▲+129,▲+93.48%,0,1,1,1,264,271,267,267
TXO,202609W5,20260930.0,48550.0,Put,-,-,-,-,935.0,-,-,0,0,0,0,615,975,-,-
TXO,202609W5,20260930.0,48600.0,Call,167,238,167,213,248.0,▲+83,▲+63.85%,8,17,25,11,248,254,238,73
TXO,202609W5,20260930.0,48600.0,Put,995,995,975,975,975.0,▼-505,▼-34.12%,0,3,3,3,885,990,995,975
TXO,202609W5,20260930.0,48700.0,Call,194,194,194,194,219.0,▲+86,▲+79.63%,1,1,2,10,217,222,194,66
TXO,202609W5,20260930.0,48700.0,Put,-,-,-,-,1040.0,-,-,0,0,0,0,1020,1050,-,-
TXO,202609W5,20260930.0,48800.0,Call,105,181,105,181,181.0,▲+87,▲+92.55%,2,11,13,28,190,195,181,48
TXO,202609W5,20260930.0,48800.0,Put,-,-,-,-,1110.0,-,-,0,0,0,0,1030,1140,-,-
TXO,202609W5,20260930.0,48900.0,Call,103,150,103,147,147.0,▲+69,▲+88.46%,2,6,8,7,167,172,150,70
TXO,202609W5,20260930.0,48900.0,Put,-,-,-,-,1190.0,-,-,0,0,0,0,1170,-,-,-
TXO,202609W5,20260930.0,49000.0,Call,55,142,55,142,142.0,▲+72,▲+102.86%,14,362,376,337,145,149,142,39.5
TXO,202609W5,20260930.0,49000.0,Put,-,-,-,-,1270.0,-,-,0,0,0,1,1250,1270,2160,2160
TXO,202609W5,20260930.0,49100.0,Call,106,124,106,124,124.0,▲+60,▲+93.75%,0,6,6,6,126,129,124,52
TXO,202609W5,20260930.0,49100.0,Put,-,-,-,-,1350.0,-,-,0,0,0,0,-,1390,-,-
TXO,202609W5,20260930.0,49200.0,Call,57,103,57,103,103.0,▲+51,▲+98.08%,4,23,27,20,109,112,103,39.5
TXO,202609W5,20260930.0,49200.0,Put,-,-,-,-,1430.0,-,-,0,0,0,0,-,1480,-,-
TXO,202609W5,20260930.0,49300.0,Call,80,80,80,80,95.0,▲+33,▲+70.21%,5,5,10,6,94,97,80,37
TXO,202609W5,20260930.0,49300.0,Put,-,-,-,-,1520.0,-,-,0,0,0,0,-,1540,-,-
TXO,202609W5,20260930.0,49400.0,Call,43,81,43,70,70.0,▲+27.5,▲+64.71%,0,15,15,8,80,83,81,28.5
TXO,202609W5,20260930.0,49400.0,Put,-,-,-,-,1600.0,-,-,0,0,0,0,-,1650,-,-
TXO,202609W5,20260930.0,49500.0,Call,43.5,69,43.5,62,62.0,▲+19.5,▲+45.88%,1,26,27,23,68,71,69,27
TXO,202609W5,20260930.0,49500.0,Put,-,-,-,-,1690.0,-,-,0,0,0,0,-,1740,-,-
TXO,202609W5,20260930.0,49600.0,Call,45.5,60,45.5,52,52.0,▲+18.5,▲+55.22%,0,16,16,14,58,61,60,45.5
TXO,202609W5,20260930.0,49600.0,Put,-,-,-,-,1780.0,-,-,0,0,0,0,-,1830,-,-
TXO,202609W5,20260930.0,49700.0,Call,46,47,41,47,47.0,▲+17,▲+56.67%,0,9,9,6,50,52,47,41
TXO,202609W5,20260930.0,49700.0,Put,-,-,-,-,1870.0,-,-,0,0,0,0,-,1920,-,-
TXO,202609W5,20260930.0,49800.0,Call,28.5,40,28.5,40,40.0,▲+10.5,▲+35.59%,0,5,5,7,42.5,44,40,28.5
TXO,202609W5,20260930.0,49800.0,Put,-,-,-,-,1960.0,-,-,0,0,0,0,-,1990,-,-
TXO,202609W5,20260930.0,49900.0,Call,36,36,32.5,34.5,34.5,▲+8,▲+30.19%,0,6,6,11,16,-,36,17.5
TXO,202609W5,20260930.0,49900.0,Put,-,-,-,-,2060.0,-,-,0,0,0,0,-,2110,-,-
TXO,202609W5,20260930.0,50000.0,Call,21,32,21,25,31.5,▲+2,▲+8.70%,8,335,343,314,30.5,31.5,32,17
TXO,202609W5,20260930.0,50000.0,Put,-,-,-,-,2150.0,-,-,0,0,0,0,-,2200,-,-
TXO,202609W5,20260930.0,50100.0,Call,20,22.5,20,22.5,27.0,▲+3.5,▲+18.42%,0,4,4,5,26,27,28,20
TXO,202609W5,20260930.0,50100.0,Put,-,-,-,-,2250.0,-,-,0,0,0,0,-,2300,-,-
TXO,202609W5,20260930.0,50200.0,Call,22,23,22,23,23.0,▲+5.5,▲+31.43%,0,2,2,0,22,23,23,22
TXO,202609W5,20260930.0,50200.0,Put,-,-,-,-,2340.0,-,-,0,0,0,0,-,2390,-,-
TXO,202609W5,20260930.0,50300.0,Call,17.5,18,17.5,18,18.0,▲+2.5,▲+16.13%,0,3,3,3,19,20,18,17.5
TXO,202609W5,20260930.0,50300.0,Put,-,-,-,-,2440.0,-,-,0,0,0,0,-,2490,-,-
TXO,202609W5,20260930.0,50400.0,Call,12,15.5,12,15.5,15.5,▲+1,▲+6.90%,0,2,2,1,16.5,17.5,15.5,12
TXO,202609W5,20260930.0,50400.0,Put,-,-,-,-,2540.0,-,-,0,0,0,0,-,2590,-,-
TXO,202609W5,20260930.0,50500.0,Call,14.5,14.5,14,14,14.0,▲+1.5,▲+12.00%,2,4,6,51,14,15,20,12.5
TXO,202609W5,20260930.0,50500.0,Put,-,-,-,-,2640.0,-,-,0,0,0,0,-,2680,-,-
TXO,202609W5,20260930.0,50600.0,Call,11.5,11.5,11.5,11.5,11.5,▼-0.5,▼-4.17%,0,2,2,2,12,13,11.5,11.5
TXO,202609W5,20260930.0,50600.0,Put,-,-,-,-,2730.0,-,-,0,0,0,0,-,2780,-,-
TXO,202609W5,20260930.0,50700.0,Call,-,-,-,-,11.0,-,-,0,0,0,0,10.5,11.5,-,-
TXO,202609W5,20260930.0,50700.0,Put,-,-,-,-,2830.0,-,-,0,0,0,0,-,-,-,-
TXO,202609W5,20260930.0,50800.0,Call,9.8,9.8,9.8,9.8,9.8,▼-0.7,▼-6.67%,0,1,1,1,9.5,10,9.8,9.8
TXO,202609W5,20260930.0,50800.0,Put,-,-,-,-,2930.0,-,-,0,0,0,0,-,2980,-,-
TXO,202609W5,20260930.0,50900.0,Call,-,-,-,-,8.7,-,-,0,0,0,0,8.4,8.9,-,-
TXO,202609W5,20260930.0,50900.0,Put,-,-,-,-,3030.0,-,-,0,0,0,0,-,3080,-,-
TXO,202609W5,20260930.0,51000.0,Call,-,-,-,-,8.0,-,-,1,0,1,2,1.1,108,8.9,7.4
TXO,202609W5,20260930.0,51000.0,Put,-,-,-,-,3130.0,-,-,0,0,0,0,-,3180,-,-
TXO,202609W5,20260930.0,51100.0,Call,-,-,-,-,7.0,-,-,0,0,0,0,6.6,7,-,-
TXO,202609W5,20260930.0,51100.0,Put,-,-,-,-,3230.0,-,-,0,0,0,0,-,3280,-,-
TXO,202609W5,20260930.0,51200.0,Call,-,-,-,-,6.4,-,-,0,0,0,0,6.1,6.4,-,-
TXO,202609W5,20260930.0,51200.0,Put,-,-,-,-,3330.0,-,-,0,0,0,0,-,3380,-,-
TXO,202609W5,20260930.0,51300.0,Call,-,-,-,-,5.8,-,-,0,0,0,0,5.5,5.8,-,-
TXO,202609W5,20260930.0,51300.0,Put,-,-,-,-,3430.0,-,-,0,0,0,0,-,3480,-,-
TXO,202609W5,20260930.0,51400.0,Call,-,-,-,-,5.4,-,-,0,0,0,0,0.3,-,-,-
TXO,202609W5,20260930.0,51400.0,Put,-,-,-,-,3530.0,-,-,0,0,0,0,-,3580,-,-
TXO,202609W5,20260930.0,51500.0,Call,5.5,5.5,5.5,5.5,5.0,▲+0.9,▲+19.57%,0,1,1,1,4.6,5.1,5.5,5.5
TXO,202609W5,20260930.0,51500.0,Put,-,-,-,-,3630.0,-,-,0,0,0,0,-,-,-,-
TXO,202609W5,20260930.0,51600.0,Call,-,-,-,-,4.6,-,-,0,0,0,0,4.2,4.7,-,-
TXO,202609W5,20260930.0,51600.0,Put,-,-,-,-,3730.0,-,-,0,0,0,0,-,3780,-,-
TXO,202609W5,20260930.0,51700.0,Call,-,-,-,-,4.2,-,-,0,0,0,0,3.9,4.4,-,-
TXO,202609W5,20260930.0,51700.0,Put,-,-,-,-,3820.0,-,-,0,0,0,0,-,3870,-,-
TXO,202609W5,20260930.0,51800.0,Call,3.7,3.7,3.7,3.7,3.7,▲+0.5,▲+15.63%,0,3,3,3,3.5,4,3.7,3.7
TXO,202609W5,20260930.0,51800.0,Put,-,-,-,-,3920.0,-,-,0,0,0,0,-,3980,-,-
TXO,202609W5,20260930.0,51900.0,Call,4.1,4.1,3.4,3.7,3.7,▲+0.7,▲+23.33%,0,3,3,2,3.3,3.7,4.1,3.4
TXO,202609W5,20260930.0,51900.0,Put,-,-,-,-,4020.0,-,-,0,0,0,0,-,4080,-,-
TXO,202610F1,20261002.0,41600.0,Call,-,-,-,-,6360.0,-,-,0,0,0,0,6290,-,-,-
TXO,202610F1,20261002.0,41600.0,Put,15,15,14.5,14.5,14.5,▼-1,▼-6.45%,11,11,22,15,14,15,31,14.5
TXO,202610F1,20261002.0,41700.0,Call,-,-,-,-,6260.0,-,-,0,0,0,0,6200,-,-,-
TXO,202610F1,20261002.0,41700.0,Put,-,-,-,-,14.5,-,-,0,0,0,0,14.5,15.5,28.5,17
TXO,202610F1,20261002.0,41800.0,Call,-,-,-,-,6160.0,-,-,0,0,0,0,6100,-,-,-
TXO,202610F1,20261002.0,41800.0,Put,15.5,16,15.5,16,15.0,▼-1,▼-5.88%,0,4,4,3,15,16,34,15.5
TXO,202610F1,20261002.0,41900.0,Call,-,-,-,-,6070.0,-,-,0,0,0,0,6000,-,-,-
TXO,202610F1,20261002.0,41900.0,Put,16.5,16.5,16.5,16.5,15.5,▼-1,▼-5.71%,0,1,1,2,15.5,16.5,35,16.5
TXO,202610F1,20261002.0,42000.0,Call,-,-,-,-,5970.0,-,-,0,0,0,0,5900,-,-,-
TXO,202610F1,20261002.0,42000.0,Put,-,-,-,-,16.0,-,-,3,0,3,13,16,17,32.5,20
TXO,202610F1,20261002.0,42100.0,Call,-,-,-,-,5870.0,-,-,0,0,0,0,5800,-,-,-
TXO,202610F1,20261002.0,42100.0,Put,-,-,-,-,16.5,-,-,0,0,0,0,16.5,17.5,-,-
TXO,202610F1,20261002.0,42200.0,Call,-,-,-,-,5770.0,-,-,0,0,0,0,5700,-,-,-
TXO,202610F1,20261002.0,42200.0,Put,-,-,-,-,17.0,-,-,1,0,1,1,17,18,19.5,19.5
TXO,202610F1,20261002.0,42300.0,Call,-,-,-,-,5670.0,-,-,0,0,0,0,5600,-,-,-
TXO,202610F1,20261002.0,42300.0,Put,18,19,18,19,17.5,▼-1,▼-5.00%,0,8,8,8,17.5,18.5,19,18
TXO,202610F1,20261002.0,42400.0,Call,-,-,-,-,5570.0,-,-,0,0,0,0,5500,-,-,-
TXO,202610F1,20261002.0,42400.0,Put,-,-,-,-,18.0,-,-,1,0,1,1,18,19,20.5,20.5
TXO,202610F1,20261002.0,42500.0,Call,-,-,-,-,5470.0,-,-,0,0,0,0,5400,-,-,-
TXO,202610F1,20261002.0,42500.0,Put,20,20,20,20,18.5,▼-1.5,▼-6.98%,8,1,9,8,18.5,19.5,24,20
TXO,202610F1,20261002.0,42600.0,Call,-,-,-,-,5370.0,-,-,0,0,0,0,5300,-,-,-
TXO,202610F1,20261002.0,42600.0,Put,-,-,-,-,19.5,-,-,0,0,0,0,19.5,20.5,-,-
TXO,202610F1,20261002.0,42700.0,Call,-,-,-,-,5270.0,-,-,0,0,0,0,5210,-,-,-
TXO,202610F1,20261002.0,42700.0,Put,-,-,-,-,20.0,-,-,0,0,0,0,20,21,-,-
TXO,202610F1,20261002.0,42800.0,Call,-,-,-,-,5170.0,-,-,0,0,0,0,5110,-,-,-
TXO,202610F1,20261002.0,42800.0,Put,-,-,-,-,20.5,-,-,0,0,0,0,20.5,21.5,-,-
TXO,202610F1,20261002.0,42900.0,Call,-,-,-,-,5070.0,-,-,0,0,0,0,5010,-,-,-
TXO,202610F1,20261002.0,42900.0,Put,-,-,-,-,21.5,-,-,2,0,2,9,21.5,22.5,51,27
TXO,202610F1,20261002.0,43000.0,Call,-,-,-,-,4970.0,-,-,0,0,0,0,4910,-,-,-
TXO,202610F1,20261002.0,43000.0,Put,24,24,23.5,23.5,22.5,▼-2.5,▼-9.62%,0,4,4,15,22.5,23.5,54,23.5
TXO,202610F1,20261002.0,43100.0,Call,-,-,-,-,4870.0,-,-,0,0,0,0,4810,-,-,-
TXO,202610F1,20261002.0,43100.0,Put,-,-,-,-,23.0,-,-,0,0,0,13,23,24,58,57
TXO,202610F1,20261002.0,43200.0,Call,-,-,-,-,4770.0,-,-,0,0,0,0,4710,-,-,-
TXO,202610F1,20261002.0,43200.0,Put,-,-,-,-,24.0,-,-,0,0,0,12,24,25,60,59
TXO,202610F1,20261002.0,43300.0,Call,-,-,-,-,4680.0,-,-,0,0,0,0,4610,-,-,-
TXO,202610F1,20261002.0,43300.0,Put,-,-,-,-,25.0,-,-,0,0,0,12,25,26,63,62
TXO,202610F1,20261002.0,43400.0,Call,-,-,-,-,4580.0,-,-,0,0,0,0,4510,-,-,-
TXO,202610F1,20261002.0,43400.0,Put,-,-,-,-,26.0,-,-,0,0,0,6,26,27,65,65
TXO,202610F1,20261002.0,43500.0,Call,-,-,-,-,4480.0,-,-,0,0,0,0,4410,-,-,-
TXO,202610F1,20261002.0,43500.0,Put,29,29,29,29,27.0,▼-4,▼-12.12%,1,2,3,9,27,28,69,29
TXO,202610F1,20261002.0,43600.0,Call,-,-,-,-,4380.0,-,-,0,0,0,0,4320,-,-,-
TXO,202610F1,20261002.0,43600.0,Put,-,-,-,-,28.0,-,-,0,0,0,6,28,29,73,73
TXO,202610F1,20261002.0,43700.0,Call,-,-,-,-,4280.0,-,-,0,0,0,0,4220,-,-,-
TXO,202610F1,20261002.0,43700.0,Put,33,34,33,34,29.5,▼-3,▼-8.11%,0,6,6,6,29.5,30.5,34,33
TXO,202610F1,20261002.0,43800.0,Call,-,-,-,-,4180.0,-,-,0,0,0,0,4120,-,-,-
TXO,202610F1,20261002.0,43800.0,Put,-,-,-,-,31.0,-,-,1,0,1,1,31,32,41,41
TXO,202610F1,20261002.0,43900.0,Call,-,-,-,-,4080.0,-,-,0,0,0,0,4020,-,-,-
TXO,202610F1,20261002.0,43900.0,Put,33.5,34,33.5,34,32.0,▼-7.5,▼-18.07%,2,2,4,1,32,33,49,33.5
TXO,202610F1,20261002.0,44000.0,Call,-,-,-,-,3980.0,-,-,0,0,0,0,3920,-,-,-
TXO,202610F1,20261002.0,44000.0,Put,36,36,35.5,35.5,34.0,▼-9,▼-20.22%,0,10,10,10,34,35,97,35.5
TXO,202610F1,20261002.0,44100.0,Call,-,-,-,-,3890.0,-,-,0,0,0,0,3830,-,-,-
TXO,202610F1,20261002.0,44100.0,Put,-,-,-,-,35.5,-,-,0,0,0,2,35.5,36.5,100,81
TXO,202610F1,20261002.0,44200.0,Call,-,-,-,-,3790.0,-,-,0,0,0,0,3730,-,-,-
TXO,202610F1,20261002.0,44200.0,Put,40,40,40,40,37.5,▼-10,▼-20.00%,0,1,1,9,37.5,38.5,108,40
TXO,202610F1,20261002.0,44300.0,Call,-,-,-,-,3690.0,-,-,0,0,0,0,3630,-,-,-
TXO,202610F1,20261002.0,44300.0,Put,-,-,-,-,39.5,-,-,0,0,0,1,39.5,40.5,77,77
TXO,202610F1,20261002.0,44400.0,Call,-,-,-,-,3590.0,-,-,0,0,0,0,3530,-,-,-
TXO,202610F1,20261002.0,44400.0,Put,-,-,-,-,41.5,-,-,0,0,0,0,41.5,42.5,-,-
TXO,202610F1,20261002.0,44500.0,Call,-,-,-,-,3490.0,-,-,0,0,0,0,3440,-,-,-
TXO,202610F1,20261002.0,44500.0,Put,50,50,50,50,44.0,▼-12,▼-19.35%,0,3,3,0,44,45,122,50
TXO,202610F1,20261002.0,44600.0,Call,-,-,-,-,3400.0,-,-,0,0,0,0,3340,-,-,-
TXO,202610F1,20261002.0,44600.0,Put,-,-,-,-,46.5,-,-,10,0,10,6,46.5,48,124,66
TXO,202610F1,20261002.0,44700.0,Call,-,-,-,-,3300.0,-,-,0,0,0,0,3240,-,-,-
TXO,202610F1,20261002.0,44700.0,Put,-,-,-,-,49.0,-,-,0,0,0,1,49,51,97,97
TXO,202610F1,20261002.0,44800.0,Call,-,-,-,-,3200.0,-,-,0,0,0,0,3150,-,-,-
TXO,202610F1,20261002.0,44800.0,Put,-,-,-,-,52.0,-,-,0,0,0,0,52,54,-,-
TXO,202610F1,20261002.0,44900.0,Call,-,-,-,-,3110.0,-,-,0,0,0,0,3050,-,-,-
TXO,202610F1,20261002.0,44900.0,Put,-,-,-,-,55.0,-,-,0,0,0,0,55,57,-,-
TXO,202610F1,20261002.0,44950.0,Call,-,-,-,-,3060.0,-,-,0,0,0,0,3000,-,-,-
TXO,202610F1,20261002.0,44950.0,Put,-,-,-,-,57.0,-,-,1,0,1,1,57,59,101,101
TXO,202610F1,20261002.0,45000.0,Call,-,-,-,-,3010.0,-,-,0,0,0,0,2950,-,-,-
TXO,202610F1,20261002.0,45000.0,Put,71,73,64,65,59.0,▼-27,▼-29.35%,2,8,10,6,59,61,106,64
TXO,202610F1,20261002.0,45050.0,Call,-,-,-,-,2960.0,-,-,0,0,0,0,2910,-,-,-
TXO,202610F1,20261002.0,45050.0,Put,-,-,-,-,61.0,-,-,0,0,0,0,61,63,-,-
TXO,202610F1,20261002.0,45100.0,Call,-,-,-,-,2910.0,-,-,0,0,0,0,2860,-,-,-
TXO,202610F1,20261002.0,45100.0,Put,-,-,-,-,63.0,-,-,0,0,0,0,63,65,-,-
TXO,202610F1,20261002.0,45150.0,Call,-,-,-,-,2870.0,-,-,0,0,0,0,2810,-,-,-
TXO,202610F1,20261002.0,45150.0,Put,-,-,-,-,65.0,-,-,0,0,0,0,65,67,-,-
TXO,202610F1,20261002.0,45200.0,Call,-,-,-,-,2820.0,-,-,0,0,0,0,2760,-,-,-
TXO,202610F1,20261002.0,45200.0,Put,76,76,76,76,67.0,▼-32,▼-29.63%,0,1,1,1,67,69,76,76
TXO,202610F1,20261002.0,45250.0,Call,-,-,-,-,2770.0,-,-,0,0,0,0,2720,-,-,-
TXO,202610F1,20261002.0,45250.0,Put,-,-,-,-,70.0,-,-,0,0,0,0,70,72,-,-
TXO,202610F1,20261002.0,45300.0,Call,-,-,-,-,2720.0,-,-,0,0,0,0,2670,-,-,-
TXO,202610F1,20261002.0,45300.0,Put,-,-,-,-,72.0,-,-,0,0,0,1,72,74,123,123
TXO,202610F1,20261002.0,45350.0,Call,-,-,-,-,2680.0,-,-,0,0,0,0,2620,-,-,-
TXO,202610F1,20261002.0,45350.0,Put,-,-,-,-,75.0,-,-,0,0,0,0,75,77,-,-
TXO,202610F1,20261002.0,45400.0,Call,-,-,-,-,2630.0,-,-,0,0,0,0,2570,-,-,-
TXO,202610F1,20261002.0,45400.0,Put,-,-,-,-,77.0,-,-,0,0,0,0,77,79,-,-
TXO,202610F1,20261002.0,45450.0,Call,-,-,-,-,2580.0,-,-,0,0,0,0,2530,-,-,-
TXO,202610F1,20261002.0,45450.0,Put,-,-,-,-,80.0,-,-,0,0,0,0,80,82,-,-
TXO,202610F1,20261002.0,45500.0,Call,-,-,-,-,2530.0,-,-,0,0,0,0,2480,-,-,-
TXO,202610F1,20261002.0,45500.0,Put,117,118,97,101,83.0,▼-39,▼-27.86%,0,8,8,2,83,85,274,97
TXO,202610F1,20261002.0,45550.0,Call,-,-,-,-,2490.0,-,-,0,0,0,0,2430,-,-,-
TXO,202610F1,20261002.0,45550.0,Put,-,-,-,-,86.0,-,-,0,0,0,0,86,89,-,-
TXO,202610F1,20261002.0,45600.0,Call,-,-,-,-,2440.0,-,-,0,0,0,0,2390,-,-,-
TXO,202610F1,20261002.0,45600.0,Put,107,107,107,107,90.0,▼-42,▼-28.19%,0,1,1,4,90,93,149,107
TXO,202610F1,20261002.0,45650.0,Call,-,-,-,-,2390.0,-,-,0,0,0,0,2340,-,-,-
TXO,202610F1,20261002.0,45650.0,Put,103,103,103,103,93.0,▼-58,▼-36.02%,1,1,2,2,93,96,155,103
TXO,202610F1,20261002.0,45700.0,Call,-,-,-,-,2350.0,-,-,0,0,0,0,2290,-,-,-
TXO,202610F1,20261002.0,45700.0,Put,-,-,-,-,97.0,-,-,5,0,5,7,97,100,300,162
TXO,202610F1,20261002.0,45750.0,Call,-,-,-,-,2300.0,-,-,0,0,0,0,2250,-,-,-
TXO,202610F1,20261002.0,45750.0,Put,-,-,-,-,100.0,-,-,0,0,0,0,100,104,-,-
TXO,202610F1,20261002.0,45800.0,Call,-,-,-,-,2260.0,-,-,0,0,0,0,2200,-,-,-
TXO,202610F1,20261002.0,45800.0,Put,-,-,-,-,105.0,-,-,0,0,0,0,105,108,-,-
TXO,202610F1,20261002.0,45850.0,Call,-,-,-,-,2210.0,-,-,0,0,0,0,2160,-,-,-
TXO,202610F1,20261002.0,45850.0,Put,-,-,-,-,109.0,-,-,4,0,4,4,109,112,204,204
TXO,202610F1,20261002.0,45900.0,Call,-,-,-,-,2170.0,-,-,0,0,0,0,2110,-,-,-
TXO,202610F1,20261002.0,45900.0,Put,-,-,-,-,114.0,-,-,0,0,0,0,113,117,-,-
TXO,202610F1,20261002.0,45950.0,Call,-,-,-,-,2120.0,-,-,0,0,0,0,2070,-,-,-
TXO,202610F1,20261002.0,45950.0,Put,-,-,-,-,118.0,-,-,0,0,0,0,118,122,-,-
TXO,202610F1,20261002.0,46000.0,Call,-,-,-,-,2080.0,-,-,0,0,0,0,2020,-,-,-
TXO,202610F1,20261002.0,46000.0,Put,198,198,130,130,123.0,▼-93,▼-41.70%,1,13,14,13,122,126,309,130
TXO,202610F1,20261002.0,46050.0,Call,-,-,-,-,2030.0,-,-,0,0,0,5,1980,-,1250,1250
TXO,202610F1,20261002.0,46050.0,Put,-,-,-,-,128.0,-,-,0,0,0,6,128,133,390,372
TXO,202610F1,20261002.0,46100.0,Call,-,-,-,-,1990.0,-,-,0,0,0,0,1930,-,-,-
TXO,202610F1,20261002.0,46100.0,Put,171,171,171,171,134.0,▼-74,▼-30.20%,0,1,1,1,133,138,171,171
TXO,202610F1,20261002.0,46150.0,Call,-,-,-,-,1940.0,-,-,0,0,0,3,1890,-,1180,1180
TXO,202610F1,20261002.0,46150.0,Put,-,-,-,-,139.0,-,-,0,0,0,3,138,143,419,307
TXO,202610F1,20261002.0,46200.0,Call,-,-,-,-,1900.0,-,-,0,0,0,0,1850,-,-,-
TXO,202610F1,20261002.0,46200.0,Put,-,-,-,-,146.0,-,-,2,0,2,2,144,149,282,269
TXO,202610F1,20261002.0,46250.0,Call,-,-,-,-,1850.0,-,-,0,0,0,4,1800,-,1100,1100
TXO,202610F1,20261002.0,46250.0,Put,-,-,-,-,151.0,-,-,2,0,2,6,151,156,445,315
TXO,202610F1,20261002.0,46300.0,Call,1610,1630,1610,1630,1810.0,▲+360,▲+28.35%,0,2,2,0,1760,-,1630,1610
TXO,202610F1,20261002.0,46300.0,Put,222,222,198,198,158.0,▼-84,▼-29.79%,0,2,2,1,158,163,282,198
TXO,202610F1,20261002.0,46350.0,Call,-,-,-,-,1770.0,-,-,0,0,0,12,1720,-,1240,1220
TXO,202610F1,20261002.0,46350.0,Put,218,218,217,217,166.0,▼-89,▼-29.08%,0,6,6,12,165,170,391,217
TXO,202610F1,20261002.0,46400.0,Call,1560,1580,1560,1580,1720.0,▲+390,▲+32.77%,0,3,3,7,1670,-,1580,1190
TXO,202610F1,20261002.0,46400.0,Put,228,228,226,226,173.0,▼-95,▼-29.60%,0,7,7,7,173,178,402,226
TXO,202610F1,20261002.0,46450.0,Call,-,-,-,-,1680.0,-,-,0,0,0,8,1630,-,1170,970
TXO,202610F1,20261002.0,46450.0,Put,237,237,236,236,180.0,▼-99,▼-29.55%,0,7,7,8,180,185,515,236
TXO,202610F1,20261002.0,46500.0,Call,1460,1460,1460,1460,1640.0,▲+330,▲+29.20%,0,1,1,4,1590,-,1460,935
TXO,202610F1,20261002.0,46500.0,Put,246,246,215,215,190.0,▼-135,▼-38.57%,0,4,4,5,187,193,545,215
TXO,202610F1,20261002.0,46550.0,Call,-,-,-,-,1600.0,-,-,0,0,0,4,1550,-,1090,1090
TXO,202610F1,20261002.0,46550.0,Put,259,259,225,225,197.0,▼-140,▼-38.36%,0,8,8,7,197,202,447,225
TXO,202610F1,20261002.0,46600.0,Call,-,-,-,-,1560.0,-,-,0,0,0,0,1510,-,-,-
TXO,202610F1,20261002.0,46600.0,Put,271,271,269,269,206.0,▼-112,▼-29.40%,0,6,6,6,205,211,271,269
TXO,202610F1,20261002.0,46650.0,Call,-,-,-,-,1520.0,-,-,0,0,0,1,1470,-,1020,955
TXO,202610F1,20261002.0,46650.0,Put,284,284,284,284,215.0,▼-113,▼-28.46%,0,1,1,1,215,220,565,284
TXO,202610F1,20261002.0,46700.0,Call,-,-,-,-,1480.0,-,-,10,0,10,10,1430,1570,930,925
TXO,202610F1,20261002.0,46700.0,Put,296,296,293,293,224.0,▼-121,▼-29.23%,0,4,4,4,223,228,296,293
TXO,202610F1,20261002.0,46750.0,Call,-,-,-,-,1440.0,-,-,0,0,0,0,1390,-,-,-
TXO,202610F1,20261002.0,46750.0,Put,309,309,287,287,235.0,▼-145,▼-33.56%,0,2,2,2,233,238,309,287
TXO,202610F1,20261002.0,46800.0,Call,-,-,-,-,1400.0,-,-,0,0,0,4,1350,-,760,760
TXO,202610F1,20261002.0,46800.0,Put,319,319,319,319,246.0,▼-131,▼-29.11%,0,3,3,4,245,250,655,319
TXO,202610F1,20261002.0,46850.0,Call,-,-,-,-,1360.0,-,-,0,0,0,0,1310,-,-,-
TXO,202610F1,20261002.0,46850.0,Put,333,333,333,333,258.0,▼-136,▼-29.00%,0,3,3,3,256,262,333,333
TXO,202610F1,20261002.0,46900.0,Call,-,-,-,-,1320.0,-,-,0,0,0,0,1270,-,-,-
TXO,202610F1,20261002.0,46900.0,Put,349,349,349,349,270.0,▼-136,▼-28.04%,0,4,4,5,267,273,580,349
TXO,202610F1,20261002.0,46950.0,Call,-,-,-,-,1280.0,-,-,0,0,0,0,1240,-,-,-
TXO,202610F1,20261002.0,46950.0,Put,362,362,362,362,280.0,▼-143,▼-28.32%,0,3,3,3,279,285,362,362
TXO,202610F1,20261002.0,47000.0,Call,995,995,995,995,1240.0,▲+190,▲+23.60%,0,1,1,1,1200,-,995,625
TXO,202610F1,20261002.0,47000.0,Put,400,405,338,338,292.0,▼-187,▼-35.62%,2,16,18,11,291,297,585,338
TXO,202610F1,20261002.0,47050.0,Call,-,-,-,-,1210.0,-,-,0,0,0,0,1200,1220,-,-
TXO,202610F1,20261002.0,47050.0,Put,411,411,373,373,307.0,▼-177,▼-32.18%,0,7,7,2,302,308,411,373
TXO,202610F1,20261002.0,47100.0,Call,-,-,-,-,1170.0,-,-,0,0,0,0,1160,1180,-,-
TXO,202610F1,20261002.0,47100.0,Put,-,-,-,-,319.0,-,-,1,0,1,1,315,322,630,630
TXO,202610F1,20261002.0,47150.0,Call,-,-,-,-,1140.0,-,-,0,0,0,0,1130,1150,-,-
TXO,202610F1,20261002.0,47150.0,Put,-,-,-,-,334.0,-,-,0,0,0,0,329,335,-,-
TXO,202610F1,20261002.0,47200.0,Call,-,-,-,-,1100.0,-,-,0,0,0,1,1090,1110,710,710
TXO,202610F1,20261002.0,47200.0,Put,415,444,415,444,348.0,▼-171,▼-27.80%,0,12,12,10,345,352,444,415
TXO,202610F1,20261002.0,47250.0,Call,-,-,-,-,1070.0,-,-,0,0,0,0,1050,1070,-,-
TXO,202610F1,20261002.0,47250.0,Put,383,383,383,383,363.0,▼-257,▼-40.16%,0,2,2,0,358,365,675,383
TXO,202610F1,20261002.0,47300.0,Call,-,-,-,-,1030.0,-,-,0,0,0,1,1020,1040,620,620
TXO,202610F1,20261002.0,47300.0,Put,449,449,435,440,380.0,▼-220,▼-33.33%,0,3,3,3,376,383,449,435
TXO,202610F1,20261002.0,47350.0,Call,-,-,-,-,995.0,-,-,0,0,0,1,990,1010,645,645
TXO,202610F1,20261002.0,47350.0,Put,470,470,470,470,394.0,▼-215,▼-31.39%,0,1,1,1,391,398,470,470
TXO,202610F1,20261002.0,47400.0,Call,-,-,-,-,965.0,-,-,0,0,0,1,955,970,600,600
TXO,202610F1,20261002.0,47400.0,Put,482,482,426,426,426.0,▼-284,▼-40.00%,0,2,2,1,406,413,482,426
TXO,202610F1,20261002.0,47450.0,Call,-,-,-,-,930.0,-,-,0,0,0,0,920,935,-,-
TXO,202610F1,20261002.0,47450.0,Put,-,-,-,-,429.0,-,-,0,0,0,0,425,432,-,-
TXO,202610F1,20261002.0,47500.0,Call,690,690,690,690,900.0,▲+155,▲+28.97%,0,2,2,0,890,905,690,690
TXO,202610F1,20261002.0,47500.0,Put,570,570,490,510,446.0,▼-250,▼-32.89%,0,14,14,8,440,448,570,490
TXO,202610F1,20261002.0,47550.0,Call,695,695,685,685,870.0,▲+170,▲+33.01%,1,2,3,1,860,875,695,555
TXO,202610F1,20261002.0,47550.0,Put,540,540,540,540,465.0,▼-250,▼-31.65%,0,1,1,1,383,575,540,540
TXO,202610F1,20261002.0,47600.0,Call,-,-,-,-,840.0,-,-,0,0,0,0,825,840,-,-
TXO,202610F1,20261002.0,47600.0,Put,-,-,-,-,485.0,-,-,0,0,0,0,479,487,-,-
TXO,202610F1,20261002.0,47650.0,Call,-,-,-,-,805.0,-,-,0,0,0,0,795,810,-,-
TXO,202610F1,20261002.0,47650.0,Put,660,660,660,660,505.0,▼-185,▼-21.89%,0,1,1,1,499,510,660,660
TXO,202610F1,20261002.0,47700.0,Call,-,-,-,-,775.0,-,-,0,0,0,0,765,780,-,-
TXO,202610F1,20261002.0,47700.0,Put,705,705,565,565,525.0,▼-305,▼-35.06%,0,2,2,2,515,530,705,565
TXO,202610F1,20261002.0,47750.0,Call,615,630,615,630,745.0,▲+203,▲+47.54%,0,2,2,0,740,750,630,615
TXO,202610F1,20261002.0,47750.0,Put,730,730,650,665,540.0,▼-235,▼-26.11%,0,5,5,1,540,550,730,650
TXO,202610F1,20261002.0,47800.0,Call,635,635,635,635,715.0,▲+226,▲+55.26%,0,3,3,7,710,725,635,296
TXO,202610F1,20261002.0,47800.0,Put,655,655,655,655,565.0,▼-275,▼-29.57%,0,1,1,1,560,570,655,655
TXO,202610F1,20261002.0,47850.0,Call,525,525,525,525,690.0,▲+136,▲+34.96%,0,1,1,1,685,695,525,525
TXO,202610F1,20261002.0,47850.0,Put,-,-,-,-,590.0,-,-,0,0,0,0,580,590,-,-
TXO,202610F1,20261002.0,47900.0,Call,-,-,-,-,665.0,-,-,0,0,0,0,655,665,-,-
TXO,202610F1,20261002.0,47900.0,Put,645,645,645,645,610.0,▼-350,▼-35.18%,0,2,2,2,605,630,645,645
TXO,202610F1,20261002.0,47950.0,Call,-,-,-,-,635.0,-,-,0,0,0,0,630,640,-,-
TXO,202610F1,20261002.0,47950.0,Put,-,-,-,-,635.0,-,-,0,0,0,0,625,635,-,-
TXO,202610F1,20261002.0,48000.0,Call,-,-,-,-,610.0,-,-,0,0,0,0,605,615,-,-
TXO,202610F1,20261002.0,48000.0,Put,750,750,660,660,660.0,▼-400,▼-37.74%,0,4,4,2,655,660,750,660
TXO,202610F1,20261002.0,48050.0,Call,-,-,-,-,585.0,-,-,0,0,0,0,580,590,-,-
TXO,202610F1,20261002.0,48050.0,Put,700,700,700,700,700.0,▼-390,▼-35.78%,0,1,1,1,660,715,700,700
TXO,202610F1,20261002.0,48100.0,Call,-,-,-,-,560.0,-,-,0,0,0,2,555,565,288,288
TXO,202610F1,20261002.0,48100.0,Put,-,-,-,-,705.0,-,-,0,0,0,9,685,745,1230,1140
TXO,202610F1,20261002.0,48150.0,Call,-,-,-,-,535.0,-,-,0,0,0,0,530,540,-,-
TXO,202610F1,20261002.0,48150.0,Put,-,-,-,-,735.0,-,-,0,0,0,0,710,770,-,-
TXO,202610F1,20261002.0,48200.0,Call,337,452,337,450,515.0,▲+182,▲+67.91%,0,9,9,8,505,515,452,205
TXO,202610F1,20261002.0,48200.0,Put,-,-,-,-,760.0,-,-,0,0,0,0,740,795,-,-
TXO,202610F1,20261002.0,48250.0,Call,-,-,-,-,489.0,-,-,0,0,0,0,481,490,-,-
TXO,202610F1,20261002.0,48250.0,Put,-,-,-,-,785.0,-,-,0,0,0,0,0.3,825,-,-
TXO,202610F1,20261002.0,48300.0,Call,-,-,-,-,464.0,-,-,0,0,0,1,278,535,200,200
TXO,202610F1,20261002.0,48300.0,Put,-,-,-,-,810.0,-,-,0,0,0,0,795,850,-,-
TXO,202610F1,20261002.0,48350.0,Call,-,-,-,-,442.0,-,-,0,0,0,0,437,445,-,-
TXO,202610F1,20261002.0,48350.0,Put,-,-,-,-,840.0,-,-,0,0,0,0,820,880,-,-
TXO,202610F1,20261002.0,48400.0,Call,-,-,-,-,422.0,-,-,0,0,0,2,416,424,242,200
TXO,202610F1,20261002.0,48400.0,Put,-,-,-,-,870.0,-,-,0,0,0,0,850,910,-,-
TXO,202610F1,20261002.0,48450.0,Call,-,-,-,-,403.0,-,-,0,0,0,0,398,406,-,-
TXO,202610F1,20261002.0,48450.0,Put,-,-,-,-,900.0,-,-,0,0,0,0,-,940,-,-
TXO,202610F1,20261002.0,48500.0,Call,268,361,266,361,384.0,▲+161,▲+80.50%,2,9,11,16,212,-,361,144
TXO,202610F1,20261002.0,48500.0,Put,-,-,-,-,930.0,-,-,0,0,0,0,-,970,-,-
TXO,202610F1,20261002.0,48550.0,Call,-,-,-,-,365.0,-,-,0,0,0,0,360,367,-,-
TXO,202610F1,20261002.0,48550.0,Put,-,-,-,-,960.0,-,-,0,0,0,0,-,1000,-,-
TXO,202610F1,20261002.0,48600.0,Call,-,-,-,-,344.0,-,-,1,0,1,3,339,346,200,155
TXO,202610F1,20261002.0,48600.0,Put,-,-,-,-,990.0,-,-,0,0,0,0,-,1040,-,-
TXO,202610F1,20261002.0,48700.0,Call,212,270,212,264,311.0,▲+106,▲+67.09%,29,5,34,5,305,311,270,135
TXO,202610F1,20261002.0,48700.0,Put,-,-,-,-,1060.0,-,-,0,0,0,0,1040,1070,-,-
TXO,202610F1,20261002.0,48800.0,Call,219,238,219,238,278.0,▲+98,▲+70.00%,3,2,5,14,273,279,238,103
TXO,202610F1,20261002.0,48800.0,Put,1230,1230,1230,1230,1120.0,▼-430,▼-25.90%,0,1,1,1,1040,1170,1230,1230
TXO,202610F1,20261002.0,48900.0,Call,-,-,-,-,250.0,-,-,0,0,0,14,245,251,121,88
TXO,202610F1,20261002.0,48900.0,Put,-,-,-,-,1200.0,-,-,0,0,0,0,1180,1210,-,-
TXO,202610F1,20261002.0,49000.0,Call,121,188,121,188,224.0,▲+78,▲+70.91%,0,8,8,23,219,224,188,81
TXO,202610F1,20261002.0,49000.0,Put,-,-,-,-,1270.0,-,-,0,0,0,0,-,1320,-,-
TXO,202610F1,20261002.0,49100.0,Call,189,189,189,189,189.0,▲+90,▲+90.91%,2,5,7,7,193,198,189,84
TXO,202610F1,20261002.0,49100.0,Put,-,-,-,-,1340.0,-,-,0,0,0,0,1330,-,-,-
TXO,202610F1,20261002.0,49200.0,Call,-,-,-,-,176.0,-,-,0,0,0,1,172,177,75,75
TXO,202610F1,20261002.0,49200.0,Put,-,-,-,-,1420.0,-,-,0,0,0,0,-,1470,-,-
TXO,202610F1,20261002.0,49300.0,Call,-,-,-,-,155.0,-,-,0,0,0,0,150,155,-,-
TXO,202610F1,20261002.0,49300.0,Put,-,-,-,-,1500.0,-,-,0,0,0,0,1480,-,-,-
TXO,202610F1,20261002.0,49400.0,Call,-,-,-,-,137.0,-,-,0,0,0,1,134,138,53,51
TXO,202610F1,20261002.0,49400.0,Put,-,-,-,-,1580.0,-,-,0,0,0,0,1570,-,-,-
TXO,202610F1,20261002.0,49500.0,Call,78,78,78,78,120.0,▲+17,▲+27.87%,0,1,1,1,117,120,78,61
TXO,202610F1,20261002.0,49500.0,Put,-,-,-,-,1670.0,-,-,0,0,0,0,-,1720,-,-
TXO,202610F1,20261002.0,49600.0,Call,77,77,77,77,105.0,▲+28.5,▲+58.76%,0,1,1,2,103,106,77,48.5
TXO,202610F1,20261002.0,49600.0,Put,-,-,-,-,1750.0,-,-,0,0,0,0,-,-,-,-
TXO,202610F1,20261002.0,49700.0,Call,50,50,50,50,93.0,▲+6.5,▲+14.94%,1,1,2,1,90,93,50,36
TXO,202610F1,20261002.0,49700.0,Put,-,-,-,-,1840.0,-,-,0,0,0,0,-,1890,-,-
TXO,202610F1,20261002.0,49800.0,Call,76,76,65,69,81.0,▲+26,▲+60.47%,0,4,4,4,78,81,76,65
TXO,202610F1,20261002.0,49800.0,Put,-,-,-,-,1930.0,-,-,0,0,0,0,-,1960,-,-
TXO,202610F1,20261002.0,49900.0,Call,-,-,-,-,71.0,-,-,0,0,0,0,68,71,-,-
TXO,202610F1,20261002.0,49900.0,Put,-,-,-,-,2020.0,-,-,0,0,0,0,-,2050,-,-
TXO,202610F1,20261002.0,50000.0,Call,36,50,35.5,50,62.0,▲+12,▲+31.58%,15,32,47,2,60,62,50,26.5
TXO,202610F1,20261002.0,50000.0,Put,-,-,-,-,2110.0,-,-,0,0,0,0,-,2160,-,-
TXO,202610F1,20261002.0,50100.0,Call,42.5,42.5,42.5,42.5,54.0,▲+12,▲+39.34%,0,1,1,1,52,54,42.5,42.5
TXO,202610F1,20261002.0,50100.0,Put,-,-,-,-,2200.0,-,-,0,0,0,0,-,2260,-,-
TXO,202610F1,20261002.0,50200.0,Call,-,-,-,-,47.0,-,-,0,0,0,0,45,47,-,-
TXO,202610F1,20261002.0,50200.0,Put,-,-,-,-,2290.0,-,-,0,0,0,0,-,2350,-,-
TXO,202610F1,20261002.0,50300.0,Call,42.5,42.5,36,37.5,37.5,▲+12.5,▲+50.00%,0,4,4,4,39.5,41,42.5,36
TXO,202610F1,20261002.0,50300.0,Put,-,-,-,-,2390.0,-,-,0,0,0,0,-,2440,-,-
TXO,202610F1,20261002.0,50400.0,Call,-,-,-,-,36.0,-,-,0,0,0,0,34.5,36,-,-
TXO,202610F1,20261002.0,50400.0,Put,-,-,-,-,2480.0,-,-,0,0,0,0,-,2540,-,-
TXO,202610F1,20261002.0,50500.0,Call,-,-,-,-,31.5,-,-,0,0,0,1,30,31.5,24,24
TXO,202610F1,20261002.0,50500.0,Put,-,-,-,-,2580.0,-,-,0,0,0,0,-,2630,-,-
TXO,202610F1,20261002.0,50600.0,Call,-,-,-,-,27.5,-,-,0,0,0,1,26.5,27.5,18,18
TXO,202610F1,20261002.0,50600.0,Put,-,-,-,-,2670.0,-,-,0,0,0,0,-,2730,-,-
TXO,202610F1,20261002.0,50700.0,Call,-,-,-,-,24.5,-,-,0,0,0,0,23.5,24.5,-,-
TXO,202610F1,20261002.0,50700.0,Put,-,-,-,-,2770.0,-,-,0,0,0,0,-,2830,-,-
TXO,202610F1,20261002.0,50800.0,Call,19,19,18.5,18.5,21.5,▲+2.5,▲+15.63%,0,3,3,2,20.5,21.5,19,18.5
TXO,202610F1,20261002.0,50800.0,Put,-,-,-,-,2870.0,-,-,0,0,0,0,-,2930,-,-
TXO,202610F1,20261002.0,50900.0,Call,19,19,19,19,19.0,▲+4.5,▲+31.03%,0,1,1,1,18.5,19.5,19,19
TXO,202610F1,20261002.0,50900.0,Put,-,-,-,-,2970.0,-,-,0,0,0,0,-,3000,-,-
TXO,202610F1,20261002.0,51000.0,Call,-,-,-,-,17.0,-,-,0,0,0,0,16,17,-,-
TXO,202610F1,20261002.0,51000.0,Put,-,-,-,-,3060.0,-,-,0,0,0,0,-,3120,-,-
TXO,202610F1,20261002.0,51100.0,Call,-,-,-,-,15.5,-,-,0,0,0,0,0.7,-,-,-
TXO,202610F1,20261002.0,51100.0,Put,-,-,-,-,3160.0,-,-,0,0,0,0,-,3220,-,-
TXO,202610F1,20261002.0,51200.0,Call,-,-,-,-,14.0,-,-,0,0,0,0,0.7,-,-,-
TXO,202610F1,20261002.0,51200.0,Put,-,-,-,-,3260.0,-,-,0,0,0,0,-,3320,-,-
TXO,202610F1,20261002.0,51300.0,Call,-,-,-,-,12.5,-,-,0,0,0,0,11.5,12.5,-,-
TXO,202610F1,20261002.0,51300.0,Put,-,-,-,-,3360.0,-,-,0,0,0,0,-,3420,-,-
TXO,202610F1,20261002.0,51400.0,Call,-,-,-,-,11.5,-,-,0,0,0,0,10.5,11.5,-,-
TXO,202610F1,20261002.0,51400.0,Put,-,-,-,-,3460.0,-,-,0,0,0,0,-,3520,-,-
TXO,202610F1,20261002.0,51500.0,Call,-,-,-,-,10.5,-,-,0,0,0,0,9.7,10.5,-,-
TXO,202610F1,20261002.0,51500.0,Put,-,-,-,-,3560.0,-,-,0,0,0,0,-,3610,-,-
TXO,202610F1,20261002.0,51600.0,Call,-,-,-,-,9.4,-,-,0,0,0,0,8.9,9.4,-,-
TXO,202610F1,20261002.0,51600.0,Put,-,-,-,-,3650.0,-,-,0,0,0,0,-,3710,-,-
TXO,202610F1,20261002.0,51700.0,Call,-,-,-,-,9.0,-,-,0,0,0,0,0.7,-,-,-
TXO,202610F1,20261002.0,51700.0,Put,-,-,-,-,3750.0,-,-,0,0,0,0,-,3810,-,-
TXO,202610F1,20261002.0,51800.0,Call,-,-,-,-,8.2,-,-,0,0,0,0,1,-,-,-
TXO,202610F1,20261002.0,51800.0,Put,-,-,-,-,3850.0,-,-,0,0,0,0,-,3910,-,-
TXO,202610F1,20261002.0,51900.0,Call,8.1,8.1,8.1,8.1,8.1,▲+0.1,▲+1.25%,0,1,1,1,7,7.4,8.1,8.1
TXO,202610F1,20261002.0,51900.0,Put,-,-,-,-,3950.0,-,-,0,0,0,0,-,4010,-,-
TXO,202610,20261021.0,33900.0,Call,-,-,-,-,14130.0,-,-,0,0,0,0,14120,-,-,-
TXO,202610,20261021.0,33900.0,Put,13.5,13.5,10.5,12,12.0,▲+0.5,▲+4.35%,87,160,247,344,10.5,12,400,10.5
TXO,202610,20261021.0,34000.0,Call,-,-,-,-,14030.0,-,-,0,0,0,0,14020,-,-,-
TXO,202610,20261021.0,34000.0,Put,12.5,12.5,11,12,12.0,▲+0.5,▲+4.35%,7,38,45,133,11.5,12,780,11
TXO,202610,20261021.0,34100.0,Call,-,-,-,-,13930.0,-,-,0,0,0,0,13890,-,-,-
TXO,202610,20261021.0,34100.0,Put,12.5,12.5,12,12,12.5,0,0%,0,4,4,14,11.5,12,105,12
TXO,202610,20261021.0,34200.0,Call,-,-,-,-,13830.0,-,-,0,0,0,0,13810,-,-,-
TXO,202610,20261021.0,34200.0,Put,12,12.5,12,12.5,12.5,▲+0.5,▲+4.17%,10,2,12,104,12,13,810,12
TXO,202610,20261021.0,34300.0,Call,-,-,-,-,13730.0,-,-,0,0,0,0,13710,-,-,-
TXO,202610,20261021.0,34300.0,Put,12.5,12.5,12.5,12.5,12.5,▲+0.5,▲+4.17%,1,1,2,1,12,13,26.5,12.5
TXO,202610,20261021.0,34400.0,Call,-,-,-,-,13630.0,-,-,0,0,0,0,13630,-,-,-
TXO,202610,20261021.0,34400.0,Put,12.5,12.5,12.5,12.5,13.0,0,0%,3,1,4,4,12.5,13,200,12.5
TXO,202610,20261021.0,34500.0,Call,-,-,-,-,13530.0,-,-,0,0,0,0,13510,-,-,-
TXO,202610,20261021.0,34500.0,Put,13,13,13,13,13.0,▲+0.5,▲+4.00%,0,18,18,4,12.5,13.5,116,13
TXO,202610,20261021.0,34600.0,Call,-,-,-,-,13430.0,-,-,0,0,0,0,13410,-,-,-
TXO,202610,20261021.0,34600.0,Put,-,-,-,-,13.5,-,-,0,0,0,12,12.5,14,299,17
TXO,202610,20261021.0,34700.0,Call,-,-,-,-,13330.0,-,-,0,0,0,0,13310,-,-,-
TXO,202610,20261021.0,34700.0,Put,-,-,-,-,13.5,-,-,0,0,0,0,13,14,805,30
TXO,202610,20261021.0,34800.0,Call,-,-,-,-,13230.0,-,-,0,0,0,0,13210,-,-,-
TXO,202610,20261021.0,34800.0,Put,13,13,12.5,13,13.5,0,0%,1,3,4,34,13,14.5,314,12.5
TXO,202610,20261021.0,34900.0,Call,-,-,-,-,13130.0,-,-,0,0,0,0,13110,-,-,-
TXO,202610,20261021.0,34900.0,Put,-,-,-,-,14.0,-,-,0,0,0,6,13.5,14.5,488,23
TXO,202610,20261021.0,35000.0,Call,-,-,-,-,13030.0,-,-,0,0,0,0,13010,-,-,-
TXO,202610,20261021.0,35000.0,Put,14,15.5,13.5,15,14.5,▲+1.5,▲+11.11%,0,8,8,166,13.5,15,1060,13.5
TXO,202610,20261021.0,35100.0,Call,-,-,-,-,12930.0,-,-,0,0,0,0,12900,-,-,-
TXO,202610,20261021.0,35100.0,Put,-,-,-,-,14.5,-,-,0,0,0,11,14,15,505,33
TXO,202610,20261021.0,35200.0,Call,-,-,-,-,12830.0,-,-,0,0,0,0,12800,-,-,-
TXO,202610,20261021.0,35200.0,Put,-,-,-,-,14.5,-,-,0,0,0,10,14,15,151,39
TXO,202610,20261021.0,35300.0,Call,-,-,-,-,12730.0,-,-,0,0,0,0,12710,-,-,-
TXO,202610,20261021.0,35300.0,Put,-,-,-,-,15.0,-,-,0,0,0,15,14,15.5,1070,0.1
TXO,202610,20261021.0,35400.0,Call,-,-,-,-,12630.0,-,-,0,0,0,0,12630,-,-,-
TXO,202610,20261021.0,35400.0,Put,-,-,-,-,15.0,-,-,0,0,0,4,14.5,15.5,1000,16
TXO,202610,20261021.0,35500.0,Call,-,-,-,-,12530.0,-,-,0,0,0,0,12530,-,-,-
TXO,202610,20261021.0,35500.0,Put,-,-,-,-,15.0,-,-,0,0,0,32,14.5,16,550,16
TXO,202610,20261021.0,35600.0,Call,-,-,-,-,12430.0,-,-,0,0,0,0,12420,-,-,-
TXO,202610,20261021.0,35600.0,Put,-,-,-,-,15.5,-,-,0,0,0,10,15,16,150,16.5
TXO,202610,20261021.0,35700.0,Call,-,-,-,-,12330.0,-,-,0,0,0,0,12320,-,-,-
TXO,202610,20261021.0,35700.0,Put,-,-,-,-,16.0,-,-,0,0,0,7,15,16.5,300,16.5
TXO,202610,20261021.0,35800.0,Call,-,-,-,-,12230.0,-,-,0,0,0,0,12210,-,-,-
TXO,202610,20261021.0,35800.0,Put,-,-,-,-,16.5,-,-,0,0,0,6,15.5,16.5,405,17
TXO,202610,20261021.0,35900.0,Call,-,-,-,-,12130.0,-,-,0,0,0,0,12110,-,-,-
TXO,202610,20261021.0,35900.0,Put,16.5,16.5,16.5,16.5,16.5,0,0%,0,1,1,6,15.5,17,182,16.5
TXO,202610,20261021.0,36000.0,Call,-,-,-,-,12040.0,-,-,0,0,0,0,12040,-,-,-
TXO,202610,20261021.0,36000.0,Put,17,18,15,15.5,17.0,▼-1.5,▼-8.82%,25,57,82,101,16,17.5,1380,15
TXO,202610,20261021.0,36100.0,Call,-,-,-,-,11940.0,-,-,0,0,0,0,11940,-,-,-
TXO,202610,20261021.0,36100.0,Put,16.5,16.5,16,16,17.0,▼-1,▼-5.88%,0,6,6,10,16.5,17.5,690,16
TXO,202610,20261021.0,36200.0,Call,-,-,-,-,11840.0,-,-,0,0,0,0,11810,-,-,-
TXO,202610,20261021.0,36200.0,Put,16,16.5,16,16.5,17.5,▼-1,▼-5.71%,1,2,3,15,16.5,18,1120,16
TXO,202610,20261021.0,36300.0,Call,-,-,-,-,11740.0,-,-,0,0,0,0,11720,-,-,-
TXO,202610,20261021.0,36300.0,Put,18,18,18,18,18.0,0,0%,0,2,2,17,17,18,915,18
TXO,202610,20261021.0,36400.0,Call,-,-,-,-,11640.0,-,-,0,0,0,0,11610,-,-,-
TXO,202610,20261021.0,36400.0,Put,-,-,-,-,18.0,-,-,0,0,0,60,17,18.5,401,28.5
TXO,202610,20261021.0,36500.0,Call,-,-,-,-,11540.0,-,-,0,0,0,0,11510,-,-,-
TXO,202610,20261021.0,36500.0,Put,-,-,-,-,18.5,-,-,22,0,22,31,17.5,19,1510,20.5
TXO,202610,20261021.0,36600.0,Call,-,-,-,-,11440.0,-,-,0,0,0,0,11420,-,-,-
TXO,202610,20261021.0,36600.0,Put,20,20,16.5,17.5,18.5,▼-1.5,▼-7.89%,0,25,25,59,18,19,1110,16.5
TXO,202610,20261021.0,36700.0,Call,-,-,-,-,11340.0,-,-,0,0,0,0,11320,-,-,-
TXO,202610,20261021.0,36700.0,Put,-,-,-,-,19.0,-,-,0,0,0,2,18,19.5,710,21.5
TXO,202610,20261021.0,36800.0,Call,-,-,-,-,11240.0,-,-,0,0,0,0,11240,-,-,-
TXO,202610,20261021.0,36800.0,Put,-,-,-,-,19.5,-,-,0,0,0,6,18.5,20,497,27.5
TXO,202610,20261021.0,36900.0,Call,-,-,-,-,11140.0,-,-,0,0,0,0,11140,-,-,-
TXO,202610,20261021.0,36900.0,Put,-,-,-,-,19.5,-,-,1,0,1,11,19,20,1620,22.5
TXO,202610,20261021.0,37000.0,Call,-,-,-,-,11040.0,-,-,0,0,0,0,11040,-,-,-
TXO,202610,20261021.0,37000.0,Put,21.5,21.5,18,19,20.0,▼-2.5,▼-11.63%,9,53,62,171,19.5,20.5,1010,18
TXO,202610,20261021.0,37100.0,Call,-,-,-,-,10940.0,-,-,0,0,0,0,10940,-,-,-
TXO,202610,20261021.0,37100.0,Put,-,-,-,-,20.5,-,-,0,0,0,18,19.5,21,750,30
TXO,202610,20261021.0,37200.0,Call,-,-,-,-,10840.0,-,-,0,0,0,0,10850,-,-,-
TXO,202610,20261021.0,37200.0,Put,20,20,19.5,19.5,21.0,▼-3.5,▼-15.22%,0,6,6,8,20,21.5,1460,19.5
TXO,202610,20261021.0,37300.0,Call,-,-,-,-,10740.0,-,-,0,0,0,0,10730,10830,-,-
TXO,202610,20261021.0,37300.0,Put,-,-,-,-,21.5,-,-,1,0,1,3,20.5,21.5,575,25.5
TXO,202610,20261021.0,37400.0,Call,-,-,-,-,10640.0,-,-,0,0,0,0,10650,10730,-,-
TXO,202610,20261021.0,37400.0,Put,-,-,-,-,21.5,-,-,0,0,0,7,21,22,815,28
TXO,202610,20261021.0,37500.0,Call,-,-,-,-,10540.0,-,-,0,0,0,0,10550,10630,-,-
TXO,202610,20261021.0,37500.0,Put,21,23,20,22.5,22.5,▼-1,▼-4.26%,30,68,98,69,22,22.5,445,20
TXO,202610,20261021.0,37600.0,Call,-,-,-,-,10440.0,-,-,0,0,0,0,10430,10530,-,-
TXO,202610,20261021.0,37600.0,Put,-,-,-,-,22.5,-,-,0,0,0,9,21.5,23,850,34.5
TXO,202610,20261021.0,37700.0,Call,-,-,-,-,10340.0,-,-,0,0,0,0,10330,10430,-,-
TXO,202610,20261021.0,37700.0,Put,-,-,-,-,23.0,-,-,1,0,1,35,22,23.5,300,24
TXO,202610,20261021.0,37800.0,Call,-,-,-,-,10240.0,-,-,0,0,0,0,10230,10330,-,-
TXO,202610,20261021.0,37800.0,Put,-,-,-,-,23.5,-,-,0,0,0,6,22.5,24,945,48.5
TXO,202610,20261021.0,37900.0,Call,-,-,-,-,10140.0,-,-,0,0,0,0,10130,10230,-,-
TXO,202610,20261021.0,37900.0,Put,-,-,-,-,24.0,-,-,13,0,13,59,23,24.5,900,29
TXO,202610,20261021.0,38000.0,Call,-,-,-,-,10050.0,-,-,0,0,0,0,10030,10130,-,-
TXO,202610,20261021.0,38000.0,Put,25.5,27,21.5,23.5,24.5,▼-2.5,▼-9.62%,66,70,136,304,23.5,25,2000,21.5
TXO,202610,20261021.0,38100.0,Call,-,-,-,-,9950.0,-,-,0,0,0,0,9950,-,-,-
TXO,202610,20261021.0,38100.0,Put,-,-,-,-,25.0,-,-,1,0,1,49,24,25.5,1380,27
TXO,202610,20261021.0,38200.0,Call,-,-,-,-,9850.0,-,-,0,0,0,0,9850,-,-,-
TXO,202610,20261021.0,38200.0,Put,-,-,-,-,25.5,-,-,0,0,0,6,24.5,26,1020,64
TXO,202610,20261021.0,38300.0,Call,-,-,-,-,9750.0,-,-,0,0,0,0,9750,-,-,-
TXO,202610,20261021.0,38300.0,Put,-,-,-,-,26.0,-,-,0,0,0,1,25,26.5,57,57
TXO,202610,20261021.0,38400.0,Call,-,-,-,-,9650.0,-,-,0,0,0,0,9630,9730,-,-
TXO,202610,20261021.0,38400.0,Put,25,25,25,25,26.5,▼-4.5,▼-15.25%,2,1,3,10,25.5,27,1930,9.6
TXO,202610,20261021.0,38500.0,Call,-,-,-,-,9550.0,-,-,0,0,0,0,9560,9630,-,-
TXO,202610,20261021.0,38500.0,Put,30,30,24.5,28,27.0,▼-2,▼-6.67%,34,70,104,128,26,27.5,2100,24.5
TXO,202610,20261021.0,38600.0,Call,-,-,-,-,9450.0,-,-,0,0,0,0,9460,9530,-,-
TXO,202610,20261021.0,38600.0,Put,27,27,27,27,27.0,▼-4,▼-12.90%,18,5,23,41,26.5,28,422,27
TXO,202610,20261021.0,38700.0,Call,-,-,-,-,9350.0,-,-,0,0,0,0,9360,9430,-,-
TXO,202610,20261021.0,38700.0,Put,-,-,-,-,28.5,-,-,3,0,3,12,27,28.5,2230,31.5
TXO,202610,20261021.0,38800.0,Call,-,-,-,-,9250.0,-,-,0,0,0,0,9240,-,-,-
TXO,202610,20261021.0,38800.0,Put,29,29,29,29,29.0,▼-3.5,▼-10.77%,1,6,7,15,28,29.5,610,29
TXO,202610,20261021.0,38900.0,Call,-,-,-,-,9150.0,-,-,0,0,0,1,9140,9300,8230,7900
TXO,202610,20261021.0,38900.0,Put,31.5,31.5,28,28.5,29.5,▼-4.5,▼-13.64%,6,81,87,86,28.5,30,690,28
TXO,202610,20261021.0,39000.0,Call,-,-,-,-,9050.0,-,-,0,0,0,0,9040,-,-,-
TXO,202610,20261021.0,39000.0,Put,34,34,28,29,30.5,▼-6,▼-17.14%,27,213,240,478,29,31,1790,28
TXO,202610,20261021.0,39100.0,Call,-,-,-,-,8960.0,-,-,0,0,0,0,8960,-,-,-
TXO,202610,20261021.0,39100.0,Put,33,33,29,29,31.0,▼-6,▼-17.14%,2,13,15,10,30,31.5,820,29
TXO,202610,20261021.0,39200.0,Call,-,-,-,-,8860.0,-,-,0,0,0,0,8860,-,-,-
TXO,202610,20261021.0,39200.0,Put,29.5,29.5,29.5,29.5,31.5,▼-6.5,▼-18.06%,6,1,7,25,30.5,32.5,162,29.5
TXO,202610,20261021.0,39300.0,Call,-,-,-,-,8760.0,-,-,0,0,0,0,8760,-,-,-
TXO,202610,20261021.0,39300.0,Put,32.5,32.5,32.5,32.5,32.5,▼-4.5,▼-12.16%,8,2,10,26,31,32.5,525,32.5
TXO,202610,20261021.0,39400.0,Call,-,-,-,-,8660.0,-,-,0,0,0,0,8640,-,-,-
TXO,202610,20261021.0,39400.0,Put,38,38,32,33.5,33.0,▼-3.5,▼-9.46%,2,20,22,20,32,33.5,545,32
TXO,202610,20261021.0,39500.0,Call,-,-,-,-,8560.0,-,-,0,0,0,1,8570,8680,7030,7030
TXO,202610,20261021.0,39500.0,Put,38,39.5,31.5,33,33.0,▼-7.5,▼-18.52%,2,26,28,248,32.5,34,995,31.5
TXO,202610,20261021.0,39600.0,Call,-,-,-,-,8460.0,-,-,0,0,0,0,8450,8540,-,-
TXO,202610,20261021.0,39600.0,Put,37,37,37,37,35.0,▼-3.5,▼-8.64%,3,1,4,29,33.5,35,1300,37
TXO,202610,20261021.0,39700.0,Call,-,-,-,-,8360.0,-,-,0,0,0,0,8350,8440,-,-
TXO,202610,20261021.0,39700.0,Put,-,-,-,-,35.5,-,-,3,0,3,40,34.5,36,665,42
TXO,202610,20261021.0,39800.0,Call,-,-,-,-,8260.0,-,-,0,0,0,0,8250,8340,-,-
TXO,202610,20261021.0,39800.0,Put,40,40,38,38,36.5,▼-5.5,▼-12.64%,0,7,7,53,35.5,37,585,38
TXO,202610,20261021.0,39900.0,Call,-,-,-,-,8160.0,-,-,0,0,0,4,7880,8440,7130,3150
TXO,202610,20261021.0,39900.0,Put,41.5,41.5,38,38,38.0,▼-7,▼-15.56%,4,6,10,53,36,37.5,2760,38
TXO,202610,20261021.0,40000.0,Call,-,-,-,-,8060.0,-,-,0,0,0,2,8040,8310,6390,6080
TXO,202610,20261021.0,40000.0,Put,44,46.5,36,40,39.0,▼-6.5,▼-13.98%,91,216,307,1036,37,39.5,2490,36
TXO,202610,20261021.0,40100.0,Call,-,-,-,-,7960.0,-,-,0,0,0,0,7970,8040,-,-
TXO,202610,20261021.0,40100.0,Put,43,43,39,41,39.5,▼-6,▼-12.77%,0,13,13,49,38.5,39.5,660,39
TXO,202610,20261021.0,40200.0,Call,-,-,-,-,7860.0,-,-,0,0,0,0,7850,-,-,-
TXO,202610,20261021.0,40200.0,Put,43.5,44.5,39.5,39.5,39.5,▼-9.5,▼-19.39%,3,3,6,36,39,40.5,630,39.5
TXO,202610,20261021.0,40300.0,Call,-,-,-,-,7770.0,-,-,0,0,0,0,7780,-,-,-
TXO,202610,20261021.0,40300.0,Put,45,45,41,41,41.0,▼-9,▼-18.00%,1,5,6,34,40,42.5,2940,41
TXO,202610,20261021.0,40400.0,Call,-,-,-,-,7670.0,-,-,0,0,0,0,7660,-,-,-
TXO,202610,20261021.0,40400.0,Put,48.5,48.5,42,42,42.0,▼-11,▼-20.75%,0,16,16,36,41.5,43,300,42
TXO,202610,20261021.0,40500.0,Call,-,-,-,-,7570.0,-,-,0,0,0,0,7560,-,-,-
TXO,202610,20261021.0,40500.0,Put,50,50,42.5,42.5,42.5,▼-10.5,▼-19.81%,9,40,49,79,42.5,44,2730,42.5
TXO,202610,20261021.0,40600.0,Call,-,-,-,-,7470.0,-,-,0,0,0,0,7460,-,-,-
TXO,202610,20261021.0,40600.0,Put,49.5,50,44.5,45,45.0,▼-10,▼-18.18%,1,16,17,51,43.5,45,1260,44.5
TXO,202610,20261021.0,40700.0,Call,-,-,-,-,7380.0,-,-,0,0,0,0,7380,-,-,-
TXO,202610,20261021.0,40700.0,Put,49,49,45.5,45.5,45.5,▼-11.5,▼-20.18%,0,3,3,30,45,46.5,1540,45.5
TXO,202610,20261021.0,40800.0,Call,-,-,-,-,7280.0,-,-,0,0,0,1,7290,7390,5680,3010
TXO,202610,20261021.0,40800.0,Put,52,52,47.5,48,48.0,▼-11,▼-18.64%,4,8,12,41,46.5,48,2920,47.5
TXO,202610,20261021.0,40900.0,Call,-,-,-,-,7180.0,-,-,0,0,0,0,7190,-,-,-
TXO,202610,20261021.0,40900.0,Put,55,55,48,49,49.0,▼-13,▼-20.97%,5,27,32,50,47.5,49.5,3100,48
TXO,202610,20261021.0,41000.0,Call,-,-,-,-,7080.0,-,-,0,0,0,0,7070,7150,4060,2930
TXO,202610,20261021.0,41000.0,Put,62,62,49.5,51,51.0,▼-14,▼-21.54%,26,109,135,355,49.5,51,3020,49.5
TXO,202610,20261021.0,41100.0,Call,-,-,-,-,6980.0,-,-,0,0,0,0,6970,-,-,-
TXO,202610,20261021.0,41100.0,Put,60,60,50,50,52.0,▼-17,▼-25.37%,0,3,3,26,51,53,2590,50
TXO,202610,20261021.0,41200.0,Call,-,-,-,-,6880.0,-,-,0,0,0,0,6890,-,5910,3580
TXO,202610,20261021.0,41200.0,Put,58,58,54,54,54.0,▼-15,▼-21.74%,2,5,7,35,52,54,2540,54
TXO,202610,20261021.0,41300.0,Call,-,-,-,-,6780.0,-,-,0,0,0,5,6760,7160,5550,5550
TXO,202610,20261021.0,41300.0,Put,63,63,56,56,56.0,▼-16,▼-22.22%,3,3,6,28,54,56,760,56
TXO,202610,20261021.0,41400.0,Call,-,-,-,-,6680.0,-,-,0,0,0,0,6700,6760,-,-
TXO,202610,20261021.0,41400.0,Put,58,58,58,58,58.0,▼-16,▼-21.62%,4,1,5,23,56,58,800,58
TXO,202610,20261021.0,41500.0,Call,-,-,-,-,6590.0,-,-,0,0,0,0,6580,6660,5050,4460
TXO,202610,20261021.0,41500.0,Put,68,70,58,59,59.0,▼-18,▼-23.38%,39,56,95,140,58,60,2280,58
TXO,202610,20261021.0,41600.0,Call,-,-,-,-,6490.0,-,-,0,0,0,6,6350,6740,5280,3210
TXO,202610,20261021.0,41600.0,Put,-,-,-,-,61.0,-,-,2,0,2,30,60,62,2550,83
TXO,202610,20261021.0,41700.0,Call,-,-,-,-,6390.0,-,-,0,0,0,2,6370,6750,5210,5190
TXO,202610,20261021.0,41700.0,Put,69,69,69,69,64.0,▼-15,▼-17.86%,3,1,4,20,62,64,975,69
TXO,202610,20261021.0,41800.0,Call,-,-,-,-,6290.0,-,-,0,0,0,4,6270,6620,5090,5090
TXO,202610,20261021.0,41800.0,Put,74,74,64,66,66.0,▼-24,▼-26.67%,6,17,23,40,64,66,2140,64
TXO,202610,20261021.0,41900.0,Call,-,-,-,-,6190.0,-,-,0,0,0,0,6190,-,-,-
TXO,202610,20261021.0,41900.0,Put,76,76,71,71,71.0,▼-19,▼-21.11%,0,2,2,13,67,69,2830,71
TXO,202610,20261021.0,42000.0,Call,-,-,-,-,6100.0,-,-,0,0,0,1,6110,6240,5140,5140
TXO,202610,20261021.0,42000.0,Put,80,86,70,72,72.0,▼-24,▼-25.00%,75,283,358,478,69,72,3500,70
TXO,202610,20261021.0,42100.0,Call,-,-,-,-,6000.0,-,-,0,0,0,0,6020,-,-,-
TXO,202610,20261021.0,42100.0,Put,81,81,81,81,74.0,▼-22,▼-21.36%,1,2,3,36,72,75,640,81
TXO,202610,20261021.0,42200.0,Call,-,-,-,-,5900.0,-,-,0,0,0,2,5670,6160,4200,2000
TXO,202610,20261021.0,42200.0,Put,90,177,77,177,76.0,▲+73,▲+70.19%,1,18,19,183,74,76,2120,77
TXO,202610,20261021.0,42300.0,Call,-,-,-,-,5810.0,-,-,0,0,0,0,5820,-,-,-
TXO,202610,20261021.0,42300.0,Put,100,100,77,77,77.0,▼-31,▼-28.70%,3,11,14,36,77,79,985,77
TXO,202610,20261021.0,42400.0,Call,5460,5460,5460,5460,5710.0,▲+320,▲+6.23%,3,1,4,2,5730,5850,5460,2960
TXO,202610,20261021.0,42400.0,Put,93,93,82,82,82.0,▼-33,▼-28.70%,0,6,6,28,80,83,3760,82
TXO,202610,20261021.0,42500.0,Call,-,-,-,-,5610.0,-,-,0,0,0,0,5610,-,5210,2120
TXO,202610,20261021.0,42500.0,Put,101,103,84,87,87.0,▼-28,▼-24.35%,16,22,38,196,84,87,1850,84
TXO,202610,20261021.0,42600.0,Call,-,-,-,-,5520.0,-,-,0,0,0,1,5540,5590,4560,3610
TXO,202610,20261021.0,42600.0,Put,104,104,95,95,90.0,▼-28,▼-22.76%,0,8,8,33,87,90,1150,95
TXO,202610,20261021.0,42700.0,Call,-,-,-,-,5420.0,-,-,0,0,0,1,5420,5560,4190,4190
TXO,202610,20261021.0,42700.0,Put,109,113,93,93,93.0,▼-34,▼-26.77%,0,17,17,26,90,93,1870,93
TXO,202610,20261021.0,42800.0,Call,-,-,-,-,5320.0,-,-,0,0,0,5,5180,5650,4380,3580
TXO,202610,20261021.0,42800.0,Put,99,106,99,99,99.0,▼-41,▼-29.29%,0,3,3,144,95,98,3100,99
TXO,202610,20261021.0,42900.0,Call,-,-,-,-,5230.0,-,-,0,0,0,5,5030,5580,4410,3070
TXO,202610,20261021.0,42900.0,Put,101,102,101,102,102.0,▼-38,▼-27.14%,0,3,3,74,98,101,3050,101
TXO,202610,20261021.0,43000.0,Call,5110,5110,5110,5110,5130.0,▲+530,▲+11.57%,0,1,1,3,5050,5490,5110,3180
TXO,202610,20261021.0,43000.0,Put,136,136,103,108,108.0,▼-39,▼-26.53%,54,189,243,877,101,106,4200,103
TXO,202610,20261021.0,43100.0,Call,-,-,-,-,5050.0,-,-,0,0,0,0,5060,-,-,-
TXO,202610,20261021.0,43100.0,Put,130,130,109,111,111.0,▼-42,▼-27.45%,3,36,39,37,107,110,1390,109
TXO,202610,20261021.0,43200.0,Call,-,-,-,-,4950.0,-,-,0,0,0,0,4960,5010,4100,2950
TXO,202610,20261021.0,43200.0,Put,135,135,114,116,116.0,▼-44,▼-27.50%,2,26,28,66,113,115,1000,114
TXO,202610,20261021.0,43300.0,Call,-,-,-,-,4850.0,-,-,0,0,0,0,4850,-,-,-
TXO,202610,20261021.0,43300.0,Put,138,140,138,139,120.0,▼-28,▼-16.77%,1,5,6,88,117,120,1470,138
TXO,202610,20261021.0,43400.0,Call,4400,4400,4400,4400,4750.0,▲+190,▲+4.51%,0,1,1,0,4770,4820,4400,2880
TXO,202610,20261021.0,43400.0,Put,150,153,125,130,130.0,▼-46,▼-26.14%,4,41,45,55,122,125,2890,125
TXO,202610,20261021.0,43500.0,Call,-,-,-,-,4660.0,-,-,0,0,0,210,4460,4950,3490,1570
TXO,202610,20261021.0,43500.0,Put,184,184,134,135,135.0,▼-49,▼-26.63%,16,46,62,375,128,131,3050,134
TXO,202610,20261021.0,43600.0,Call,-,-,-,-,4570.0,-,-,0,0,0,70,4430,4750,3300,2770
TXO,202610,20261021.0,43600.0,Put,195,195,140,147,137.0,▼-48,▼-24.62%,1,18,19,91,134,137,2850,140
TXO,202610,20261021.0,43700.0,Call,-,-,-,-,4470.0,-,-,0,0,0,35,4450,4830,4280,2710
TXO,202610,20261021.0,43700.0,Put,202,202,147,153,143.0,▼-49,▼-24.26%,2,14,16,51,140,143,2920,147
TXO,202610,20261021.0,43800.0,Call,-,-,-,-,4380.0,-,-,0,0,0,225,4360,4730,3740,1650
TXO,202610,20261021.0,43800.0,Put,190,193,150,150,150.0,▼-71,▼-32.13%,3,32,35,52,147,150,3100,150
TXO,202610,20261021.0,43900.0,Call,-,-,-,-,4290.0,-,-,0,0,0,70,4270,4640,3660,2590
TXO,202610,20261021.0,43900.0,Put,201,201,157,158,158.0,▼-65,▼-29.15%,0,22,22,73,155,157,3140,157
TXO,202610,20261021.0,44000.0,Call,-,-,-,-,4200.0,-,-,0,0,0,226,4180,4540,3460,1520
TXO,202610,20261021.0,44000.0,Put,211,213,165,165,165.0,▼-65,▼-28.26%,50,224,274,671,160,164,2770,165
TXO,202610,20261021.0,44100.0,Call,-,-,-,-,4100.0,-,-,0,0,0,55,4090,4450,3080,1540
TXO,202610,20261021.0,44100.0,Put,222,224,191,191,173.0,▼-56,▼-22.67%,7,15,22,107,169,173,3230,191
TXO,202610,20261021.0,44200.0,Call,-,-,-,-,4010.0,-,-,0,0,0,6,3990,4360,3680,2390
TXO,202610,20261021.0,44200.0,Put,219,228,186,190,190.0,▼-77,▼-28.84%,2,18,20,103,176,181,2730,186
TXO,202610,20261021.0,44300.0,Call,-,-,-,-,3920.0,-,-,0,0,0,1,3920,-,3340,2440
TXO,202610,20261021.0,44300.0,Put,200,212,196,200,200.0,▼-70,▼-25.93%,4,5,9,51,185,190,2040,196
TXO,202610,20261021.0,44400.0,Call,-,-,-,-,3830.0,-,-,0,0,0,20,3810,4180,3360,1410
TXO,202610,20261021.0,44400.0,Put,257,257,200,200,200.0,▼-83,▼-29.33%,51,28,79,148,194,199,2180,200
TXO,202610,20261021.0,44500.0,Call,-,-,-,-,3740.0,-,-,0,0,0,71,3640,4100,3070,1900
TXO,202610,20261021.0,44500.0,Put,265,268,208,208,208.0,▼-86,▼-29.25%,15,54,69,293,205,210,4990,208
TXO,202610,20261021.0,44600.0,Call,3600,3600,3600,3600,3650.0,▲+460,▲+14.65%,0,1,1,165,3580,4030,3600,2130
TXO,202610,20261021.0,44600.0,Put,233,233,233,233,233.0,▼-81,▼-25.80%,3,2,5,176,215,220,1220,233
TXO,202610,20261021.0,44700.0,Call,-,-,-,-,3560.0,-,-,0,0,0,74,3480,3850,3380,1350
TXO,202610,20261021.0,44700.0,Put,321,321,233,233,233.0,▼-98,▼-29.61%,9,22,31,39,225,230,2050,233
TXO,202610,20261021.0,44800.0,Call,-,-,-,-,3470.0,-,-,2,0,2,341,3460,3970,3020,1830
TXO,202610,20261021.0,44800.0,Put,311,311,250,251,251.0,▼-102,▼-28.90%,4,8,12,142,237,242,2220,250
TXO,202610,20261021.0,44900.0,Call,-,-,-,-,3390.0,-,-,0,0,0,205,3330,3770,2870,1950
TXO,202610,20261021.0,44900.0,Put,332,332,257,260,260.0,▼-100,▼-27.78%,3,21,24,96,249,254,1390,257
TXO,202610,20261021.0,45000.0,Call,-,-,-,-,3300.0,-,-,2,0,2,569,3210,3680,3300,1600
TXO,202610,20261021.0,45000.0,Put,370,370,266,266,266.0,▼-109,▼-29.07%,84,337,421,654,262,266,2760,266
TXO,202610,20261021.0,45100.0,Call,-,-,-,-,3210.0,-,-,0,0,0,1,3210,-,3100,2020
TXO,202610,20261021.0,45100.0,Put,370,370,292,315,280.0,▼-76,▼-19.44%,2,47,49,69,275,280,2640,292
TXO,202610,20261021.0,45200.0,Call,3000,3000,3000,3000,3130.0,▲+350,▲+13.21%,0,1,1,1,3100,3190,3000,1670
TXO,202610,20261021.0,45200.0,Put,386,386,305,310,310.0,▼-104,▼-25.12%,4,15,19,80,289,295,3950,305
TXO,202610,20261021.0,45300.0,Call,2990,2990,2920,2930,3040.0,▲+360,▲+14.01%,0,3,3,8,3020,3110,2990,1130
TXO,202610,20261021.0,45300.0,Put,370,370,325,330,330.0,▼-120,▼-26.67%,6,9,15,75,304,310,2510,325
TXO,202610,20261021.0,45400.0,Call,-,-,-,-,2960.0,-,-,0,0,0,2,2930,3020,3120,1820
TXO,202610,20261021.0,45400.0,Put,415,415,334,341,341.0,▼-125,▼-26.82%,4,11,15,38,319,325,1400,334
TXO,202610,20261021.0,45500.0,Call,2750,2790,2750,2790,2880.0,▲+390,▲+16.25%,1,2,3,64,2850,3250,2840,1160
TXO,202610,20261021.0,45500.0,Put,451,451,341,341,341.0,▼-132,▼-27.91%,41,125,166,137,335,341,1780,341
TXO,202610,20261021.0,45600.0,Call,-,-,-,-,2790.0,-,-,6,0,6,72,2770,3290,2800,1480
TXO,202610,20261021.0,45600.0,Put,465,465,371,371,371.0,▼-129,▼-25.80%,15,13,28,68,352,358,2470,371
TXO,202610,20261021.0,45700.0,Call,-,-,-,-,2710.0,-,-,0,0,0,74,2690,3200,2180,1390
TXO,202610,20261021.0,45700.0,Put,487,487,393,393,393.0,▼-132,▼-25.14%,12,12,24,40,370,376,1640,393
TXO,202610,20261021.0,45800.0,Call,-,-,-,-,2630.0,-,-,0,0,0,73,2610,2690,2800,1350
TXO,202610,20261021.0,45800.0,Put,505,505,400,400,400.0,▼-150,▼-27.27%,45,85,130,59,389,396,2230,400
TXO,202610,20261021.0,45900.0,Call,-,-,-,-,2550.0,-,-,0,0,0,25,2530,2610,2730,1160
TXO,202610,20261021.0,45900.0,Put,540,540,436,436,436.0,▼-139,▼-24.17%,2,40,42,55,407,414,1620,436
TXO,202610,20261021.0,46000.0,Call,2120,2500,2120,2500,2490.0,▲+440,▲+21.36%,27,17,44,137,2490,2530,2680,970
TXO,202610,20261021.0,46000.0,Put,565,570,438,440,440.0,▼-160,▼-26.67%,66,125,191,318,429,435,3660,438
TXO,202610,20261021.0,46100.0,Call,2190,2420,2190,2420,2420.0,▲+450,▲+22.84%,3,11,14,76,2410,2480,2520,1190
TXO,202610,20261021.0,46100.0,Put,540,540,485,485,485.0,▼-145,▼-23.02%,5,4,9,61,450,457,2260,485
TXO,202610,20261021.0,46200.0,Call,1980,2330,1980,2330,2330.0,▲+430,▲+22.63%,11,5,16,34,2300,2440,2520,1130
TXO,202610,20261021.0,46200.0,Put,565,590,499,505,505.0,▼-150,▼-22.90%,22,21,43,67,472,479,2690,499
TXO,202610,20261021.0,46300.0,Call,2010,2190,2010,2180,2240.0,▲+340,▲+18.48%,3,14,17,46,2220,2520,2420,1080
TXO,202610,20261021.0,46300.0,Put,595,610,530,530,530.0,▼-150,▼-22.06%,5,15,20,51,494,505,2900,530
TXO,202610,20261021.0,46400.0,Call,2080,2170,2080,2170,2170.0,▲+410,▲+23.30%,0,4,4,348,2180,2200,2400,790
TXO,202610,20261021.0,46400.0,Put,660,660,550,550,550.0,▼-190,▼-25.68%,5,9,14,21,520,530,1970,550
TXO,202610,20261021.0,46500.0,Call,2000,2060,1950,2060,2100.0,▲+380,▲+22.62%,17,39,56,123,2100,2150,2310,980
TXO,202610,20261021.0,46500.0,Put,705,720,550,550,550.0,▼-200,▼-26.67%,48,108,156,361,545,555,2080,550
TXO,202610,20261021.0,46600.0,Call,1720,2020,1720,2020,2020.0,▲+410,▲+25.47%,22,6,28,197,2040,2070,2240,940
TXO,202610,20261021.0,46600.0,Put,715,715,605,610,610.0,▼-190,▼-23.75%,11,28,39,46,570,580,2010,605
TXO,202610,20261021.0,46700.0,Call,1670,1970,1670,1970,1970.0,▲+390,▲+24.68%,0,5,5,95,1970,2000,1980,920
TXO,202610,20261021.0,46700.0,Put,735,750,630,640,640.0,▼-200,▼-23.81%,2,6,8,50,600,610,2080,630
TXO,202610,20261021.0,46800.0,Call,1620,1820,1620,1800,1900.0,▲+280,▲+18.42%,10,14,24,121,1900,1920,2150,850
TXO,202610,20261021.0,46800.0,Put,820,820,650,650,650.0,▼-215,▼-24.86%,29,73,102,93,625,635,2420,650
TXO,202610,20261021.0,46900.0,Call,1500,1500,1500,1500,1830.0,▲+60,▲+4.17%,13,1,14,112,1830,1850,2080,845
TXO,202610,20261021.0,46900.0,Put,840,840,705,705,665.0,▼-210,▼-22.95%,11,5,16,41,655,665,4010,705
TXO,202610,20261021.0,47000.0,Call,1570,1700,1570,1660,1760.0,▲+300,▲+22.06%,137,22,159,924,1760,1780,2260,755
TXO,202610,20261021.0,47000.0,Put,895,905,700,705,705.0,▼-230,▼-24.60%,379,161,540,325,690,700,4240,700
TXO,202610,20261021.0,47100.0,Call,1320,1630,1320,1630,1700.0,▲+310,▲+23.48%,13,9,22,391,1700,1720,1920,710
TXO,202610,20261021.0,47100.0,Put,945,945,775,820,730.0,▼-160,▼-16.33%,8,6,14,20,720,730,1600,775
TXO,202610,20261021.0,47200.0,Call,1300,1610,1300,1600,1600.0,▲+340,▲+26.98%,28,26,54,462,1630,1650,2250,670
TXO,202610,20261021.0,47200.0,Put,985,985,795,820,765.0,▼-190,▼-18.81%,14,26,40,35,755,765,2430,795
TXO,202610,20261021.0,47300.0,Call,1260,1550,1240,1550,1550.0,▲+350,▲+29.17%,10,51,61,73,1570,1590,1820,550
TXO,202610,20261021.0,47300.0,Put,1030,1030,855,860,800.0,▼-190,▼-18.10%,34,62,96,79,790,800,2640,725
TXO,202610,20261021.0,47400.0,Call,1200,1500,1200,1500,1500.0,▲+370,▲+32.74%,16,13,29,57,1500,1520,2030,630
TXO,202610,20261021.0,47400.0,Put,980,980,880,885,840.0,▼-245,▼-21.68%,16,20,36,15,825,840,2500,880
TXO,202610,20261021.0,47500.0,Call,1130,1420,1130,1420,1420.0,▲+330,▲+30.28%,147,116,263,255,1440,1460,2040,585
TXO,202610,20261021.0,47500.0,Put,1050,1050,880,885,885.0,▼-295,▼-25.00%,36,118,154,142,865,875,2670,880
TXO,202610,20261021.0,47600.0,Call,1100,1340,1090,1340,1340.0,▲+300,▲+28.85%,0,21,21,44,1270,1940,1650,605
TXO,202610,20261021.0,47600.0,Put,945,945,945,945,945.0,▼-255,▼-21.25%,0,1,1,20,905,915,2040,945
TXO,202610,20261021.0,47700.0,Call,1070,1290,1040,1290,1290.0,▲+300,▲+30.30%,4,18,22,58,1320,1340,2100,520
TXO,202610,20261021.0,47700.0,Put,1120,1120,1000,1000,960.0,▼-250,▼-20.00%,3,12,15,27,945,960,2550,1000
TXO,202610,20261021.0,47800.0,Call,1080,1210,1080,1210,1260.0,▲+270,▲+28.72%,15,25,40,71,1260,1280,1740,488
TXO,202610,20261021.0,47800.0,Put,1260,1260,995,995,995.0,▼-305,▼-23.46%,1,15,16,15,985,995,2130,995
TXO,202610,20261021.0,47900.0,Call,1070,1150,1070,1120,1180.0,▲+235,▲+26.55%,1,16,17,35,1210,1230,1410,454
TXO,202610,20261021.0,47900.0,Put,1180,1180,1120,1120,1040.0,▼-230,▼-17.04%,1,3,4,7,1020,1040,1790,1120
TXO,202610,20261021.0,48000.0,Call,900,1150,870,1150,1150.0,▲+300,▲+35.29%,263,135,398,781,1150,1160,1780,421
TXO,202610,20261021.0,48000.0,Put,1350,1350,1080,1100,1100.0,▼-300,▼-21.43%,3,25,28,65,1070,1090,4790,1080
TXO,202610,20261021.0,48100.0,Call,1030,1060,975,1060,1060.0,▲+255,▲+31.68%,6,24,30,87,1100,1110,1630,403
TXO,202610,20261021.0,48100.0,Put,1190,1190,1190,1190,1130.0,▼-270,▼-18.49%,4,1,5,4,1110,1130,1880,1190
TXO,202610,20261021.0,48200.0,Call,795,985,785,985,1040.0,▲+235,▲+31.33%,6,29,35,148,1040,1060,1550,374
TXO,202610,20261021.0,48200.0,Put,1350,1350,1240,1240,1180.0,▼-270,▼-17.88%,0,8,8,4,1160,1180,2260,1240
TXO,202610,20261021.0,48300.0,Call,820,1000,820,1000,1000.0,▲+300,▲+42.86%,3,37,40,110,995,1010,1290,354
TXO,202610,20261021.0,48300.0,Put,1350,1350,1350,1350,1240.0,▼-220,▼-14.01%,0,1,1,2,1200,1240,1990,1350
TXO,202610,20261021.0,48400.0,Call,790,875,790,875,945.0,▲+230,▲+35.66%,1,12,13,127,945,955,1270,338
TXO,202610,20261021.0,48400.0,Put,-,-,-,-,1290.0,-,-,0,0,0,4,950,1310,2050,2040
TXO,202610,20261021.0,48500.0,Call,650,865,650,865,865.0,▲+245,▲+39.52%,19,43,62,188,895,910,1510,320
TXO,202610,20261021.0,48500.0,Put,1490,1490,1360,1360,1360.0,▼-330,▼-19.53%,0,11,11,13,1300,1340,3060,1360
TXO,202610,20261021.0,48600.0,Call,635,830,635,830,830.0,▲+240,▲+40.68%,11,13,24,40,850,860,1180,307
TXO,202610,20261021.0,48600.0,Put,-,-,-,-,1390.0,-,-,0,0,0,0,1350,1390,-,-
TXO,202610,20261021.0,48700.0,Call,715,790,715,790,790.0,▲+235,▲+42.34%,12,9,21,52,805,815,1100,285
TXO,202610,20261021.0,48700.0,Put,1640,1640,1640,1640,1450.0,▼-180,▼-9.89%,0,1,1,0,1400,1450,2420,1640
TXO,202610,20261021.0,48800.0,Call,565,750,565,750,750.0,▲+235,▲+45.63%,27,28,55,58,760,770,1240,269
TXO,202610,20261021.0,48800.0,Put,1600,1600,1600,1600,1510.0,▼-280,▼-14.89%,0,1,1,2,1460,1510,2170,1600
TXO,202610,20261021.0,48900.0,Call,515,710,515,705,705.0,▲+209,▲+42.14%,22,14,36,75,715,725,1060,246
TXO,202610,20261021.0,48900.0,Put,-,-,-,-,1560.0,-,-,0,0,0,1,1520,1560,2050,2050
TXO,202610,20261021.0,49000.0,Call,490,670,490,670,670.0,▲+220,▲+48.89%,87,152,239,434,675,685,1300,224
TXO,202610,20261021.0,49000.0,Put,1690,1690,1690,1690,1630.0,▼-330,▼-16.34%,4,1,5,10,1280,1650,5700,1690
TXO,202610,20261021.0,49100.0,Call,525,590,525,590,635.0,▲+155,▲+35.63%,12,4,16,97,635,645,975,233
TXO,202610,20261021.0,49100.0,Put,1890,1890,1740,1740,1680.0,▼-350,▼-16.75%,0,5,5,5,1640,1680,1890,1740
TXO,202610,20261021.0,49200.0,Call,440,570,440,570,570.0,▲+180,▲+46.15%,12,48,60,123,595,605,1390,221
TXO,202610,20261021.0,49200.0,Put,-,-,-,-,1750.0,-,-,0,0,0,3,1400,1770,3370,2320
TXO,202610,20261021.0,49300.0,Call,471,520,471,520,560.0,▲+144,▲+38.30%,5,10,15,58,560,570,1010,182
TXO,202610,20261021.0,49300.0,Put,-,-,-,-,1800.0,-,-,0,0,0,0,1760,1800,-,-
TXO,202610,20261021.0,49400.0,Call,411,510,411,505,505.0,▲+162,▲+47.23%,5,15,20,51,525,535,990,180
TXO,202610,20261021.0,49400.0,Put,-,-,-,-,1880.0,-,-,0,0,0,2,1530,1900,3110,2990
TXO,202610,20261021.0,49500.0,Call,364,480,364,480,480.0,▲+166,▲+52.87%,73,39,112,554,493,500,1410,165
TXO,202610,20261021.0,49500.0,Put,-,-,-,-,1950.0,-,-,0,0,0,0,1890,2100,-,-
TXO,202610,20261021.0,49600.0,Call,373,424,373,424,461.0,▲+128,▲+43.24%,3,8,11,55,461,468,760,200
TXO,202610,20261021.0,49600.0,Put,2240,2240,2240,2240,2000.0,▼-220,▼-8.94%,0,1,1,1,1960,2000,2240,2240
TXO,202610,20261021.0,49700.0,Call,322,394,322,394,432.0,▲+119,▲+43.27%,17,5,22,59,432,439,940,162
TXO,202610,20261021.0,49700.0,Put,-,-,-,-,2090.0,-,-,0,0,0,0,2030,-,-,-
TXO,202610,20261021.0,49800.0,Call,307,400,307,400,400.0,▲+150,▲+60.00%,6,41,47,68,402,409,695,176
TXO,202610,20261021.0,49800.0,Put,2470,2470,2360,2360,2140.0,▼-260,▼-9.92%,0,3,3,3,2100,2140,2470,2360
TXO,202610,20261021.0,49900.0,Call,306,355,306,345,345.0,▲+117,▲+51.32%,7,14,21,36,374,381,850,165
TXO,202610,20261021.0,49900.0,Put,-,-,-,-,2230.0,-,-,0,0,0,2,1870,2330,3000,2880
TXO,202610,20261021.0,50000.0,Call,240,350,239,350,343.0,▲+137,▲+64.32%,215,341,556,1025,349,355,1180,118
TXO,202610,20261021.0,50000.0,Put,2570,2570,2310,2310,2310.0,▼-470,▼-16.91%,0,4,4,4,2200,2290,4700,2310
TXO,202610,20261021.0,50100.0,Call,240,302,240,302,302.0,▲+102,▲+51.00%,5,31,36,61,324,330,840,160
TXO,202610,20261021.0,50100.0,Put,2380,2380,2380,2380,2380.0,▼-480,▼-16.78%,0,1,1,1,-,2370,2380,2380
TXO,202610,20261021.0,50200.0,Call,211,307,209,307,302.0,▲+126,▲+69.61%,8,28,36,84,302,308,740,119
TXO,202610,20261021.0,50200.0,Put,2660,2680,2470,2470,2470.0,▼-480,▼-16.27%,0,4,4,6,2400,2440,4270,2470
TXO,202610,20261021.0,50300.0,Call,192,262,192,246,280.0,▲+75,▲+43.86%,4,18,22,53,280,286,750,123
TXO,202610,20261021.0,50300.0,Put,-,-,-,-,2520.0,-,-,0,0,0,0,2480,2520,-,-
TXO,202610,20261021.0,50400.0,Call,180,258,180,258,258.0,▲+96,▲+59.26%,3,18,21,25,259,265,560,106
TXO,202610,20261021.0,50400.0,Put,-,-,-,-,2600.0,-,-,0,0,0,1,2550,2600,3470,3280
TXO,202610,20261021.0,50500.0,Call,176,238,176,237,237.0,▲+94,▲+65.73%,16,74,90,206,241,244,890,88
TXO,202610,20261021.0,50500.0,Put,-,-,-,-,2680.0,-,-,0,0,0,0,2640,2680,-,-
TXO,202610,20261021.0,50600.0,Call,162,215,162,215,215.0,▲+75,▲+53.57%,2,43,45,56,224,229,705,88
TXO,202610,20261021.0,50600.0,Put,-,-,-,-,2760.0,-,-,0,0,0,0,2720,2760,-,-
TXO,202610,20261021.0,50700.0,Call,156,205,156,205,205.0,▲+76,▲+58.91%,2,18,20,20,206,211,500,91
TXO,202610,20261021.0,50700.0,Put,-,-,-,-,2850.0,-,-,0,0,0,0,2800,2840,-,-
TXO,202610,20261021.0,50800.0,Call,151,180,151,180,180.0,▲+68,▲+60.71%,3,17,20,288,191,196,615,71
TXO,202610,20261021.0,50800.0,Put,3090,3090,3080,3080,2950.0,▼-400,▼-11.49%,0,2,2,2,2880,2930,3090,3080
TXO,202610,20261021.0,50900.0,Call,164,176,164,176,176.0,▲+67,▲+61.47%,1,5,6,52,177,182,795,69
TXO,202610,20261021.0,50900.0,Put,-,-,-,-,3040.0,-,-,0,0,0,0,2970,3010,-,-
TXO,202610,20261021.0,51000.0,Call,100,165,100,165,165.0,▲+66,▲+66.67%,48,115,163,518,163,168,800,63
TXO,202610,20261021.0,51000.0,Put,-,-,-,-,3120.0,-,-,0,0,0,2,3000,3150,4300,4060
TXO,202610,20261021.0,51100.0,Call,110,142,110,142,142.0,▲+49,▲+52.69%,1,4,5,10,151,156,810,67
TXO,202610,20261021.0,51100.0,Put,-,-,-,-,3200.0,-,-,0,0,0,0,3140,3190,-,-
TXO,202610,20261021.0,51200.0,Call,95,130,95,130,130.0,▲+46,▲+54.76%,8,6,14,24,139,144,650,56
TXO,202610,20261021.0,51200.0,Put,-,-,-,-,3300.0,-,-,0,0,0,0,3230,3280,-,-
TXO,202610,20261021.0,51300.0,Call,88,131,88,131,129.0,▲+52,▲+65.82%,6,17,23,17,129,132,291,60
TXO,202610,20261021.0,51300.0,Put,-,-,-,-,3390.0,-,-,0,0,0,0,3320,3360,-,-
TXO,202610,20261021.0,51400.0,Call,101,112,101,112,112.0,▲+39,▲+53.42%,0,12,12,21,119,122,515,48
TXO,202610,20261021.0,51400.0,Put,-,-,-,-,3450.0,-,-,0,0,0,0,-,3450,-,-
TXO,202610,20261021.0,51500.0,Call,79,110,79,110,110.0,▲+47,▲+74.60%,20,54,74,166,110,113,630,44
TXO,202610,20261021.0,51500.0,Put,-,-,-,-,3550.0,-,-,0,0,0,0,3500,3540,-,-
TXO,202610,20261021.0,51600.0,Call,71,94,71,94,94.0,▲+32,▲+51.61%,24,11,35,40,95,178,520,40
TXO,202610,20261021.0,51600.0,Put,-,-,-,-,3650.0,-,-,0,0,0,0,3590,3640,-,-
TXO,202610,20261021.0,51700.0,Call,67,83,67,83,93.0,▲+26,▲+45.61%,12,22,34,14,93,96,610,40.5
TXO,202610,20261021.0,51700.0,Put,-,-,-,-,3750.0,-,-,0,0,0,0,3680,3730,-,-
TXO,202610,20261021.0,51800.0,Call,62,82,62,82,82.0,▲+30,▲+57.69%,56,41,97,50,86,89,445,36.5
TXO,202610,20261021.0,51800.0,Put,-,-,-,-,3850.0,-,-,0,0,0,0,3780,3820,-,-
TXO,202610,20261021.0,51900.0,Call,59,76,59,74,74.0,▲+24,▲+48.00%,23,3,26,22,80,83,1080,41.5
TXO,202610,20261021.0,51900.0,Put,-,-,-,-,3940.0,-,-,0,0,0,0,3870,3910,-,-
TXO,202610,20261021.0,52000.0,Call,54,72,50,72,72.0,▲+27,▲+60.00%,81,111,192,763,73,76,1020,32
TXO,202610,20261021.0,52000.0,Put,-,-,-,-,4030.0,-,-,0,0,0,0,3960,4010,-,-
TXO,202610,20261021.0,52100.0,Call,56,70,56,69,69.0,▲+25.5,▲+58.62%,40,39,79,42,68,71,495,32
TXO,202610,20261021.0,52100.0,Put,-,-,-,-,4130.0,-,-,0,0,0,0,4060,4100,-,-
TXO,202610,20261021.0,52200.0,Call,56,64,56,64,64.0,▲+25,▲+64.10%,40,29,69,83,64,65,412,28
TXO,202610,20261021.0,52200.0,Put,-,-,-,-,4220.0,-,-,1,0,1,1,4150,4200,4910,4910
TXO,202610,20261021.0,52300.0,Call,42.5,54,42.5,54,54.0,▲+16.5,▲+44.00%,11,2,13,7,58,60,1000,34
TXO,202610,20261021.0,52300.0,Put,-,-,-,-,4320.0,-,-,0,0,0,0,4250,4290,-,-
TXO,202610,20261021.0,52400.0,Call,40,52,40,52,52.0,▲+17.5,▲+50.72%,3,7,10,74,53,56,865,26
TXO,202610,20261021.0,52400.0,Put,-,-,-,-,4410.0,-,-,0,0,0,0,4340,4390,-,-
TXO,202610,20261021.0,52500.0,Call,38,50,38,50,50.0,▲+20,▲+66.67%,5,10,15,167,50,57,940,22.5
TXO,202610,20261021.0,52500.0,Put,-,-,-,-,4510.0,-,-,0,0,0,0,4440,4480,-,-
TXO,202610,20261021.0,52600.0,Call,40,44.5,40,44.5,44.5,▲+14.5,▲+48.33%,2,42,44,60,46.5,48,250,7.7
TXO,202610,20261021.0,52600.0,Put,-,-,-,-,4600.0,-,-,0,0,0,0,4540,4580,-,-
TXO,202610,20261021.0,52700.0,Call,42.5,42.5,39.5,41.5,41.5,▲+13.5,▲+48.21%,0,26,26,27,43,45,310,19.5
TXO,202610,20261021.0,52700.0,Put,-,-,-,-,4700.0,-,-,0,0,0,0,4630,4680,-,-
TXO,202610,20261021.0,52800.0,Call,39.5,39.5,39.5,39.5,39.5,▲+13.5,▲+51.92%,24,1,25,39,40,41.5,275,18
TXO,202610,20261021.0,52800.0,Put,-,-,-,-,4800.0,-,-,0,0,0,0,4730,4770,-,-
TXO,202610,20261021.0,52900.0,Call,35,36.5,35,36.5,36.5,▲+12,▲+48.98%,0,3,3,14,37.5,39,139,18
TXO,202610,20261021.0,52900.0,Put,-,-,-,-,4900.0,-,-,0,0,0,0,4830,4870,-,-
TXO,202610,20261021.0,53000.0,Call,27,35,27,33,33.0,▲+10.5,▲+46.67%,8,73,81,226,34.5,36,379,17.5
TXO,202610,20261021.0,53000.0,Put,-,-,-,-,4970.0,-,-,0,0,0,0,4920,4970,-,-
TXO,202610,20261021.0,53100.0,Call,25.5,31,25,30.5,30.5,▲+9,▲+41.86%,0,26,26,35,32,33.5,100,17
TXO,202610,20261021.0,53100.0,Put,-,-,-,-,5070.0,-,-,0,0,0,0,5020,5070,-,-
TXO,202610,20261021.0,53200.0,Call,23.5,30,23,30,30.0,▲+10.5,▲+53.85%,2,25,27,60,30,31.5,130,16
TXO,202610,20261021.0,53200.0,Put,-,-,-,-,5170.0,-,-,0,0,0,0,5120,5170,-,-
TXO,202610,20261021.0,53300.0,Call,-,-,-,-,28.5,-,-,0,0,0,15,28,29.5,122,17.5
TXO,202610,20261021.0,53300.0,Put,-,-,-,-,5270.0,-,-,0,0,0,0,5210,5260,-,-
TXO,202610,20261021.0,53400.0,Call,26.5,26.5,26.5,26.5,26.5,▲+8,▲+43.24%,1,1,2,2,26,27.5,65,18.5
TXO,202610,20261021.0,53400.0,Put,-,-,-,-,5360.0,-,-,0,0,0,0,5310,5360,-,-
TXO,202610,20261021.0,53500.0,Call,20,24,20,24,24.0,▲+7.5,▲+45.45%,1,4,5,57,24.5,26,112,15.5
TXO,202610,20261021.0,53500.0,Put,-,-,-,-,5460.0,-,-,0,0,0,0,5410,5460,-,-
TXO,202610,20261021.0,53600.0,Call,-,-,-,-,23.0,-,-,0,0,0,6,23,24.5,95,15
TXO,202610,20261021.0,53600.0,Put,-,-,-,-,5560.0,-,-,0,0,0,0,5510,5560,-,-
TXO,202610,20261021.0,53700.0,Call,-,-,-,-,22.0,-,-,0,0,0,17,21.5,23,98,14.5
TXO,202610,20261021.0,53700.0,Put,-,-,-,-,5660.0,-,-,0,0,0,0,5610,5660,-,-
TXO,202610,20261021.0,53800.0,Call,20,20,19,20,20.0,▲+6.5,▲+48.15%,0,11,11,418,20,21.5,68,11
TXO,202610,20261021.0,53800.0,Put,-,-,-,-,5760.0,-,-,0,0,0,0,5700,5760,-,-
TXO,202610,20261021.0,53900.0,Call,18,18,18,18,18.0,▲+4.5,▲+33.33%,0,3,3,259,19,20.5,82,11
TXO,202610,20261021.0,53900.0,Put,-,-,-,-,5860.0,-,-,0,0,0,0,5800,5860,-,-
TXO,202610,20261021.0,54000.0,Call,16,18.5,16,18.5,18.0,▲+5.5,▲+42.31%,4,13,17,183,18,19,85,9.9
TXO,202610,20261021.0,54000.0,Put,-,-,-,-,5960.0,-,-,0,0,0,0,5900,-,-,-
TXO,202610,20261021.0,54100.0,Call,-,-,-,-,17.0,-,-,0,0,0,400,17,18,15.5,8.6
TXO,202610,20261021.0,54100.0,Put,-,-,-,-,6060.0,-,-,0,0,0,0,6000,6060,-,-
TXO,202610,20261021.0,54200.0,Call,15,15,15,15,16.0,▲+4,▲+36.36%,0,1,1,400,16,17,34.5,9.1
TXO,202610,20261021.0,54200.0,Put,-,-,-,-,6160.0,-,-,0,0,0,0,6100,6160,-,-
TXO,202610,20261021.0,54300.0,Call,-,-,-,-,15.5,-,-,0,0,0,404,15,16.5,45.5,8.9
TXO,202610,20261021.0,54300.0,Put,-,-,-,-,6260.0,-,-,0,0,0,0,6200,6260,-,-
TXO,202610,20261021.0,54400.0,Call,-,-,-,-,14.5,-,-,0,0,0,418,14,15.5,56,8.6
TXO,202610,20261021.0,54400.0,Put,-,-,-,-,6360.0,-,-,0,0,0,0,6300,6360,-,-
TXO,202610,20261021.0,54500.0,Call,8,14,8,14,14.0,▲+3.5,▲+33.33%,49,28,77,546,13.5,14.5,61,6
TXO,202610,20261021.0,54500.0,Put,-,-,-,-,6460.0,-,-,0,0,0,0,6390,6460,-,-
TXO,202611,20261118.0,38000.0,Call,-,-,-,-,10290.0,-,-,0,0,0,0,10210,-,-,-
TXO,202611,20261118.0,38000.0,Put,80,82,76,76,76.0,▼-11,▼-12.64%,2,12,14,95,77,81,595,76
TXO,202611,20261118.0,38100.0,Call,-,-,-,-,10190.0,-,-,0,0,0,0,10110,-,-,-
TXO,202611,20261118.0,38100.0,Put,78,78,77,77,79.0,▼-13,▼-14.44%,0,5,5,6,78,83,525,77
TXO,202611,20261118.0,38200.0,Call,-,-,-,-,10090.0,-,-,0,0,0,0,10010,-,-,-
TXO,202611,20261118.0,38200.0,Put,-,-,-,-,80.0,-,-,0,0,0,2,80,84,273,111
TXO,202611,20261118.0,38300.0,Call,-,-,-,-,9990.0,-,-,0,0,0,0,9910,-,-,-
TXO,202611,20261118.0,38300.0,Put,85,85,81,81,81.0,▼-14,▼-14.74%,0,4,4,6,82,86,555,81
TXO,202611,20261118.0,38400.0,Call,-,-,-,-,9900.0,-,-,0,0,0,0,9820,-,-,-
TXO,202611,20261118.0,38400.0,Put,-,-,-,-,85.0,-,-,0,0,0,11,83,88,299,111
TXO,202611,20261118.0,38500.0,Call,-,-,-,-,9800.0,-,-,0,0,0,0,9720,-,-,-
TXO,202611,20261118.0,38500.0,Put,93,93,93,93,86.0,▼-6,▼-6.06%,2,1,3,27,85,90,585,93
TXO,202611,20261118.0,38600.0,Call,-,-,-,-,9700.0,-,-,0,0,0,0,9620,-,8730,8630
TXO,202611,20261118.0,38600.0,Put,-,-,-,-,88.0,-,-,0,0,0,8,87,92,317,177
TXO,202611,20261118.0,38700.0,Call,-,-,-,-,9600.0,-,-,0,0,0,0,9530,-,-,-
TXO,202611,20261118.0,38700.0,Put,-,-,-,-,90.0,-,-,5,0,5,7,89,94,370,100
TXO,202611,20261118.0,38800.0,Call,-,-,-,-,9510.0,-,-,0,0,0,0,9430,-,-,-
TXO,202611,20261118.0,38800.0,Put,94,94,94,94,94.0,▼-13,▼-12.15%,0,2,2,1,91,96,204,94
TXO,202611,20261118.0,38900.0,Call,-,-,-,-,9410.0,-,-,0,0,0,0,9330,-,-,-
TXO,202611,20261118.0,38900.0,Put,93,93,91,91,95.0,▼-19,▼-17.27%,12,2,14,15,93,98,335,91
TXO,202611,20261118.0,39000.0,Call,-,-,-,-,9310.0,-,-,0,0,0,0,9230,-,8420,8260
TXO,202611,20261118.0,39000.0,Put,94,100,90,96,96.0,▼-17,▼-15.04%,0,6,6,42,96,100,402,90
TXO,202611,20261118.0,39100.0,Call,-,-,-,-,9210.0,-,-,0,0,0,0,9140,-,-,-
TXO,202611,20261118.0,39100.0,Put,100,100,100,100,100.0,▼-16,▼-13.79%,0,2,2,4,98,103,234,100
TXO,202611,20261118.0,39200.0,Call,-,-,-,-,9120.0,-,-,0,0,0,0,9040,-,-,-
TXO,202611,20261118.0,39200.0,Put,100,100,100,100,100.0,▼-19,▼-15.97%,0,1,1,3,100,105,303,100
TXO,202611,20261118.0,39300.0,Call,-,-,-,-,9020.0,-,-,0,0,0,0,8940,-,-,-
TXO,202611,20261118.0,39300.0,Put,-,-,-,-,104.0,-,-,0,0,0,5,103,108,650,183
TXO,202611,20261118.0,39400.0,Call,-,-,-,-,8920.0,-,-,0,0,0,0,8850,-,-,-
TXO,202611,20261118.0,39400.0,Put,103,108,103,108,108.0,▼-18,▼-14.29%,0,2,2,0,106,111,108,103
TXO,202611,20261118.0,39500.0,Call,-,-,-,-,8830.0,-,-,0,0,0,0,8750,-,-,-
TXO,202611,20261118.0,39500.0,Put,-,-,-,-,110.0,-,-,3,0,3,51,109,114,555,123
TXO,202611,20261118.0,39600.0,Call,-,-,-,-,8730.0,-,-,0,0,0,0,8650,-,-,-
TXO,202611,20261118.0,39600.0,Put,124,124,124,124,112.0,▼-14,▼-10.14%,0,1,1,0,111,117,469,124
TXO,202611,20261118.0,39700.0,Call,-,-,-,-,8630.0,-,-,0,0,0,0,8550,-,-,-
TXO,202611,20261118.0,39700.0,Put,125,125,125,125,116.0,▼-15,▼-10.71%,0,1,1,1,115,120,420,125
TXO,202611,20261118.0,39800.0,Call,-,-,-,-,8530.0,-,-,0,0,0,0,8460,-,-,-
TXO,202611,20261118.0,39800.0,Put,-,-,-,-,119.0,-,-,0,0,0,3,118,123,283,170
TXO,202611,20261118.0,39900.0,Call,-,-,-,-,8440.0,-,-,0,0,0,0,8360,-,-,-
TXO,202611,20261118.0,39900.0,Put,-,-,-,-,122.0,-,-,0,0,0,3,121,127,293,149
TXO,202611,20261118.0,40000.0,Call,-,-,-,-,8340.0,-,-,0,0,0,0,8270,-,-,-
TXO,202611,20261118.0,40000.0,Put,145,145,124,125,125.0,▼-27,▼-17.76%,35,6,41,67,124,130,785,124
TXO,202611,20261118.0,40100.0,Call,-,-,-,-,8250.0,-,-,0,0,0,0,8170,-,-,-
TXO,202611,20261118.0,40100.0,Put,-,-,-,-,130.0,-,-,0,0,0,7,128,134,330,197
TXO,202611,20261118.0,40200.0,Call,-,-,-,-,8150.0,-,-,0,0,0,0,8070,-,-,-
TXO,202611,20261118.0,40200.0,Put,-,-,-,-,133.0,-,-,0,0,0,1,132,138,202,202
TXO,202611,20261118.0,40300.0,Call,-,-,-,-,8050.0,-,-,0,0,0,0,7980,-,-,-
TXO,202611,20261118.0,40300.0,Put,-,-,-,-,137.0,-,-,0,0,0,5,136,142,469,222
TXO,202611,20261118.0,40400.0,Call,-,-,-,-,7960.0,-,-,0,0,0,0,7880,-,-,-
TXO,202611,20261118.0,40400.0,Put,162,162,162,162,141.0,▼-9,▼-5.26%,0,1,1,6,140,146,485,162
TXO,202611,20261118.0,40500.0,Call,-,-,-,-,7860.0,-,-,0,0,0,0,7790,-,-,-
TXO,202611,20261118.0,40500.0,Put,158,158,141,145,145.0,▼-31,▼-17.61%,0,6,6,27,144,150,505,141
TXO,202611,20261118.0,40600.0,Call,-,-,-,-,7770.0,-,-,0,0,0,0,7690,-,-,-
TXO,202611,20261118.0,40600.0,Put,-,-,-,-,150.0,-,-,0,0,0,0,148,155,500,368
TXO,202611,20261118.0,40700.0,Call,-,-,-,-,7670.0,-,-,0,0,0,0,7600,-,-,-
TXO,202611,20261118.0,40700.0,Put,-,-,-,-,154.0,-,-,1,0,1,5,153,159,930,188
TXO,202611,20261118.0,40800.0,Call,-,-,-,-,7580.0,-,-,0,0,0,0,7500,-,-,-
TXO,202611,20261118.0,40800.0,Put,-,-,-,-,159.0,-,-,0,0,0,3,157,164,610,208
TXO,202611,20261118.0,40900.0,Call,-,-,-,-,7480.0,-,-,0,0,0,0,7410,-,-,-
TXO,202611,20261118.0,40900.0,Put,164,164,164,164,164.0,▼-37,▼-18.41%,0,1,1,1,162,169,164,164
TXO,202611,20261118.0,41000.0,Call,-,-,-,-,7390.0,-,-,0,0,0,0,7320,-,-,-
TXO,202611,20261118.0,41000.0,Put,179,189,179,182,169.0,▼-24,▼-11.65%,3,3,6,26,168,175,990,179
TXO,202611,20261118.0,41100.0,Call,-,-,-,-,7290.0,-,-,0,0,0,0,7220,-,-,-
TXO,202611,20261118.0,41100.0,Put,-,-,-,-,174.0,-,-,0,0,0,6,173,180,425,224
TXO,202611,20261118.0,41200.0,Call,-,-,-,-,7200.0,-,-,0,0,0,0,7130,-,-,-
TXO,202611,20261118.0,41200.0,Put,-,-,-,-,180.0,-,-,1,0,1,5,179,186,465,226
TXO,202611,20261118.0,41300.0,Call,-,-,-,-,7110.0,-,-,0,0,0,0,7030,-,-,-
TXO,202611,20261118.0,41300.0,Put,-,-,-,-,186.0,-,-,0,0,0,5,185,192,437,437
TXO,202611,20261118.0,41400.0,Call,-,-,-,-,7010.0,-,-,0,0,0,0,6940,-,-,-
TXO,202611,20261118.0,41400.0,Put,202,202,202,202,192.0,▼-34,▼-14.41%,0,1,1,5,190,198,451,202
TXO,202611,20261118.0,41500.0,Call,-,-,-,-,6920.0,-,-,0,0,0,0,6850,-,-,-
TXO,202611,20261118.0,41500.0,Put,217,217,217,217,198.0,▼-27,▼-11.07%,0,1,1,15,197,205,1040,217
TXO,202611,20261118.0,41600.0,Call,-,-,-,-,6830.0,-,-,0,0,0,0,6750,-,-,-
TXO,202611,20261118.0,41600.0,Put,-,-,-,-,205.0,-,-,0,0,0,10,201,212,479,303
TXO,202611,20261118.0,41700.0,Call,-,-,-,-,6730.0,-,-,0,0,0,0,6660,-,-,-
TXO,202611,20261118.0,41700.0,Put,-,-,-,-,212.0,-,-,0,0,0,5,210,218,505,390
TXO,202611,20261118.0,41800.0,Call,-,-,-,-,6640.0,-,-,0,0,0,0,6570,-,-,-
TXO,202611,20261118.0,41800.0,Put,-,-,-,-,219.0,-,-,0,0,0,6,217,225,510,331
TXO,202611,20261118.0,41900.0,Call,-,-,-,-,6550.0,-,-,0,0,0,0,6480,-,-,-
TXO,202611,20261118.0,41900.0,Put,230,230,230,230,230.0,▼-49,▼-17.56%,0,1,1,5,225,233,560,230
TXO,202611,20261118.0,42000.0,Call,-,-,-,-,6460.0,-,-,0,0,0,0,6380,-,-,-
TXO,202611,20261118.0,42000.0,Put,248,249,230,249,234.0,▼-41,▼-14.14%,0,9,9,50,232,241,750,230
TXO,202611,20261118.0,42100.0,Call,-,-,-,-,6360.0,-,-,0,0,0,0,6290,-,-,-
TXO,202611,20261118.0,42100.0,Put,-,-,-,-,242.0,-,-,2,0,2,15,240,249,725,299
TXO,202611,20261118.0,42200.0,Call,-,-,-,-,6270.0,-,-,0,0,0,0,6200,-,-,-
TXO,202611,20261118.0,42200.0,Put,268,268,268,268,250.0,▼-41,▼-13.27%,0,5,5,10,248,257,745,268
TXO,202611,20261118.0,42300.0,Call,-,-,-,-,6180.0,-,-,0,0,0,0,6110,-,-,-
TXO,202611,20261118.0,42300.0,Put,-,-,-,-,259.0,-,-,0,0,0,5,257,266,595,391
TXO,202611,20261118.0,42400.0,Call,-,-,-,-,6090.0,-,-,0,0,0,0,6020,-,-,-
TXO,202611,20261118.0,42400.0,Put,-,-,-,-,268.0,-,-,0,0,0,5,266,275,790,610
TXO,202611,20261118.0,42500.0,Call,-,-,-,-,6000.0,-,-,0,0,0,0,5930,-,-,-
TXO,202611,20261118.0,42500.0,Put,-,-,-,-,277.0,-,-,0,0,0,21,275,284,940,394
TXO,202611,20261118.0,42600.0,Call,-,-,-,-,5910.0,-,-,0,0,0,0,5840,-,-,-
TXO,202611,20261118.0,42600.0,Put,300,300,300,300,286.0,▼-54,▼-15.25%,0,5,5,10,285,294,830,300
TXO,202611,20261118.0,42700.0,Call,-,-,-,-,5820.0,-,-,0,0,0,0,5750,-,-,-
TXO,202611,20261118.0,42700.0,Put,-,-,-,-,296.0,-,-,0,0,0,4,294,303,1620,391
TXO,202611,20261118.0,42800.0,Call,-,-,-,-,5730.0,-,-,0,0,0,0,5660,-,-,-
TXO,202611,20261118.0,42800.0,Put,-,-,-,-,304.0,-,-,0,0,0,0,304,314,-,-
TXO,202611,20261118.0,42900.0,Call,-,-,-,-,5640.0,-,-,0,0,0,0,5570,-,-,-
TXO,202611,20261118.0,42900.0,Put,-,-,-,-,317.0,-,-,0,0,0,1,315,325,1000,815
TXO,202611,20261118.0,43000.0,Call,-,-,-,-,5550.0,-,-,0,0,0,1,5480,5630,4700,4150
TXO,202611,20261118.0,43000.0,Put,370,375,326,339,339.0,▼-59,▼-14.82%,0,47,47,91,326,336,1050,326
TXO,202611,20261118.0,43100.0,Call,-,-,-,-,5460.0,-,-,0,0,0,0,5390,-,-,-
TXO,202611,20261118.0,43100.0,Put,346,346,346,346,346.0,▼-77,▼-18.20%,0,1,1,7,337,347,780,346
TXO,202611,20261118.0,43200.0,Call,-,-,-,-,5370.0,-,-,0,0,0,1,5310,5450,4270,4270
TXO,202611,20261118.0,43200.0,Put,-,-,-,-,349.0,-,-,0,0,0,10,349,359,790,436
TXO,202611,20261118.0,43300.0,Call,-,-,-,-,5290.0,-,-,0,0,0,0,5220,-,-,-
TXO,202611,20261118.0,43300.0,Put,-,-,-,-,363.0,-,-,0,0,0,12,361,371,1040,605
TXO,202611,20261118.0,43400.0,Call,-,-,-,-,5200.0,-,-,0,0,0,0,5130,-,-,-
TXO,202611,20261118.0,43400.0,Put,-,-,-,-,376.0,-,-,0,0,0,10,374,385,870,835
TXO,202611,20261118.0,43500.0,Call,-,-,-,-,5110.0,-,-,0,0,0,0,5040,-,3980,3750
TXO,202611,20261118.0,43500.0,Put,413,413,413,413,388.0,▼-70,▼-14.49%,6,1,7,11,386,397,1130,413
TXO,202611,20261118.0,43600.0,Call,-,-,-,-,5030.0,-,-,0,0,0,0,4960,-,-,-
TXO,202611,20261118.0,43600.0,Put,-,-,-,-,402.0,-,-,0,0,0,1,399,410,1160,865
TXO,202611,20261118.0,43700.0,Call,-,-,-,-,4940.0,-,-,0,0,0,0,4870,-,-,-
TXO,202611,20261118.0,43700.0,Put,-,-,-,-,416.0,-,-,0,0,0,5,413,424,890,890
TXO,202611,20261118.0,43800.0,Call,-,-,-,-,4860.0,-,-,0,0,0,1,4790,4940,3750,3750
TXO,202611,20261118.0,43800.0,Put,-,-,-,-,430.0,-,-,0,0,0,2,427,438,970,715
TXO,202611,20261118.0,43900.0,Call,-,-,-,-,4780.0,-,-,0,0,0,0,4710,-,-,-
TXO,202611,20261118.0,43900.0,Put,483,483,452,452,452.0,▼-93,▼-17.06%,4,8,12,5,442,453,1930,452
TXO,202611,20261118.0,44000.0,Call,-,-,-,-,4690.0,-,-,0,0,0,2,4620,4780,3380,3190
TXO,202611,20261118.0,44000.0,Put,497,497,493,495,461.0,▼-70,▼-12.39%,1,6,7,39,458,470,2100,493
TXO,202611,20261118.0,44100.0,Call,-,-,-,-,4600.0,-,-,0,0,0,0,4540,-,-,-
TXO,202611,20261118.0,44100.0,Put,-,-,-,-,476.0,-,-,0,0,0,0,473,485,910,815
TXO,202611,20261118.0,44200.0,Call,-,-,-,-,4520.0,-,-,0,0,0,0,4460,-,-,-
TXO,202611,20261118.0,44200.0,Put,500,500,500,500,500.0,▼-100,▼-16.67%,0,1,1,3,488,499,1280,500
TXO,202611,20261118.0,44300.0,Call,-,-,-,-,4440.0,-,-,0,0,0,0,4370,-,-,-
TXO,202611,20261118.0,44300.0,Put,545,545,545,545,510.0,▼-75,▼-12.10%,0,5,5,5,505,520,1870,545
TXO,202611,20261118.0,44400.0,Call,-,-,-,-,4350.0,-,-,0,0,0,1,4290,4450,3240,3240
TXO,202611,20261118.0,44400.0,Put,565,565,565,565,525.0,▼-80,▼-12.40%,0,5,5,4,520,535,1190,565
TXO,202611,20261118.0,44500.0,Call,3980,3980,3980,3980,4270.0,▲+260,▲+6.99%,0,1,1,0,4210,-,3980,3060
TXO,202611,20261118.0,44500.0,Put,590,590,590,590,545.0,▼-75,▼-11.28%,2,3,5,7,540,555,1230,590
TXO,202611,20261118.0,44600.0,Call,-,-,-,-,4190.0,-,-,0,0,0,0,4120,-,-,-
TXO,202611,20261118.0,44600.0,Put,-,-,-,-,560.0,-,-,0,0,0,2,560,575,1330,1050
TXO,202611,20261118.0,44700.0,Call,-,-,-,-,4110.0,-,-,0,0,0,0,4050,-,-,-
TXO,202611,20261118.0,44700.0,Put,-,-,-,-,580.0,-,-,0,0,0,0,575,590,2040,1090
TXO,202611,20261118.0,44800.0,Call,-,-,-,-,4030.0,-,-,0,0,0,0,3970,-,-,-
TXO,202611,20261118.0,44800.0,Put,640,640,640,640,600.0,▼-95,▼-12.93%,0,5,5,5,595,610,1270,640
TXO,202611,20261118.0,44900.0,Call,-,-,-,-,3950.0,-,-,0,0,0,0,3880,-,-,-
TXO,202611,20261118.0,44900.0,Put,-,-,-,-,620.0,-,-,0,0,0,0,615,630,-,-
TXO,202611,20261118.0,45000.0,Call,3650,3650,3650,3650,3870.0,▲+280,▲+8.31%,0,1,1,11,3810,-,3740,2570
TXO,202611,20261118.0,45000.0,Put,695,695,685,685,640.0,▼-95,▼-12.18%,2,7,9,49,635,650,2580,685
TXO,202611,20261118.0,45100.0,Call,-,-,-,-,3790.0,-,-,0,0,0,0,3730,-,-,-
TXO,202611,20261118.0,45100.0,Put,720,720,720,720,660.0,▼-90,▼-11.11%,0,1,1,1,660,675,1630,720
TXO,202611,20261118.0,45200.0,Call,-,-,-,-,3710.0,-,-,0,0,0,0,3650,-,-,-
TXO,202611,20261118.0,45200.0,Put,760,760,760,760,680.0,▼-75,▼-8.98%,0,5,5,0,680,695,760,760
TXO,202611,20261118.0,45300.0,Call,-,-,-,-,3640.0,-,-,0,0,0,0,3580,-,-,-
TXO,202611,20261118.0,45300.0,Put,755,755,730,745,705.0,▼-120,▼-13.87%,0,3,3,16,705,720,1360,730
TXO,202611,20261118.0,45400.0,Call,-,-,-,-,3560.0,-,-,0,0,0,0,3500,-,-,-
TXO,202611,20261118.0,45400.0,Put,-,-,-,-,730.0,-,-,0,0,0,10,725,740,2790,1190
TXO,202611,20261118.0,45500.0,Call,-,-,-,-,3490.0,-,-,0,0,0,2,3420,3600,3240,2320
TXO,202611,20261118.0,45500.0,Put,805,810,805,810,755.0,▼-110,▼-11.96%,0,6,6,20,750,765,2800,805
TXO,202611,20261118.0,45600.0,Call,-,-,-,-,3410.0,-,-,0,0,0,1,3350,3520,2330,2330
TXO,202611,20261118.0,45600.0,Put,830,830,830,830,780.0,▼-115,▼-12.17%,1,5,6,10,775,790,1760,830
TXO,202611,20261118.0,45700.0,Call,-,-,-,-,3340.0,-,-,0,0,0,0,3270,-,-,-
TXO,202611,20261118.0,45700.0,Put,-,-,-,-,805.0,-,-,0,0,0,20,800,815,1880,1370
TXO,202611,20261118.0,45800.0,Call,-,-,-,-,3260.0,-,-,0,0,0,0,3200,-,-,-
TXO,202611,20261118.0,45800.0,Put,-,-,-,-,830.0,-,-,0,0,0,21,825,845,1960,1350
TXO,202611,20261118.0,45900.0,Call,-,-,-,-,3190.0,-,-,0,0,0,0,3130,-,-,-
TXO,202611,20261118.0,45900.0,Put,-,-,-,-,855.0,-,-,0,0,0,22,850,870,1810,1280
TXO,202611,20261118.0,46000.0,Call,2910,2910,2910,2910,3120.0,▲+260,▲+9.81%,1,1,2,6,3060,-,3130,2020
TXO,202611,20261118.0,46000.0,Put,960,985,910,910,885.0,▼-160,▼-14.95%,1,10,11,9,880,895,2800,910
TXO,202611,20261118.0,46100.0,Call,2960,2960,2960,2960,3050.0,▲+380,▲+14.73%,0,5,5,1,2920,-,2960,2160
TXO,202611,20261118.0,46100.0,Put,985,985,985,985,910.0,▼-115,▼-10.45%,0,1,1,1,905,925,1730,985
TXO,202611,20261118.0,46200.0,Call,-,-,-,-,2980.0,-,-,0,0,0,2,2930,3050,2680,2010
TXO,202611,20261118.0,46200.0,Put,-,-,-,-,940.0,-,-,0,0,0,1,930,950,1790,1700
TXO,202611,20261118.0,46300.0,Call,-,-,-,-,2910.0,-,-,0,0,0,1,2860,2960,2350,2350
TXO,202611,20261118.0,46300.0,Put,1030,1030,1030,1030,975.0,▼-130,▼-11.21%,1,5,6,2,965,990,1970,1030
TXO,202611,20261118.0,46400.0,Call,2750,2750,2750,2750,2840.0,▲+360,▲+15.06%,0,5,5,1,2800,2920,2750,2000
TXO,202611,20261118.0,46400.0,Put,1060,1060,1060,1060,1000.0,▼-140,▼-11.67%,0,5,5,5,990,1010,1780,1060
TXO,202611,20261118.0,46500.0,Call,2570,2660,2550,2590,2770.0,▲+270,▲+11.64%,0,7,7,19,2760,2790,2660,1840
TXO,202611,20261118.0,46500.0,Put,1100,1100,1100,1100,1040.0,▼-130,▼-10.57%,0,5,5,12,1030,1050,2050,1100
TXO,202611,20261118.0,46600.0,Call,-,-,-,-,2700.0,-,-,0,0,0,0,2690,2720,2250,2230
TXO,202611,20261118.0,46600.0,Put,-,-,-,-,1060.0,-,-,0,0,0,1,1020,1090,1970,1870
TXO,202611,20261118.0,46700.0,Call,-,-,-,-,2640.0,-,-,0,0,0,5,-,2720,2310,1580
TXO,202611,20261118.0,46700.0,Put,-,-,-,-,1100.0,-,-,0,0,0,5,1090,1110,2030,1820
TXO,202611,20261118.0,46800.0,Call,2490,2490,2490,2490,2570.0,▲+350,▲+16.36%,0,5,5,2,2530,2640,2620,1620
TXO,202611,20261118.0,46800.0,Put,1200,1200,1200,1200,1130.0,▼-150,▼-11.11%,0,5,5,4,1090,1160,2520,1200
TXO,202611,20261118.0,46900.0,Call,-,-,-,-,2500.0,-,-,0,0,0,6,2460,2580,2200,2200
TXO,202611,20261118.0,46900.0,Put,1230,1230,1230,1230,1160.0,▼-160,▼-11.51%,0,5,5,6,1160,1180,2300,1230
TXO,202611,20261118.0,47000.0,Call,2220,2270,2220,2270,2440.0,▲+240,▲+11.82%,1,2,3,14,2400,2520,2270,1620
TXO,202611,20261118.0,47000.0,Put,1330,1330,1210,1210,1210.0,▼-220,▼-15.38%,20,39,59,50,1190,1210,3820,1210
TXO,202611,20261118.0,47100.0,Call,2300,2300,2300,2300,2370.0,▲+340,▲+17.35%,0,5,5,1,2360,2460,2330,2300
TXO,202611,20261118.0,47100.0,Put,-,-,-,-,1240.0,-,-,0,0,0,6,1230,1250,2100,1900
TXO,202611,20261118.0,47200.0,Call,-,-,-,-,2310.0,-,-,0,0,0,1,2270,2360,2340,1570
TXO,202611,20261118.0,47200.0,Put,-,-,-,-,1270.0,-,-,0,0,0,4,1270,1290,1980,1810
TXO,202611,20261118.0,47300.0,Call,2170,2170,2170,2170,2250.0,▲+330,▲+17.93%,0,5,5,1,2210,2300,2300,1520
TXO,202611,20261118.0,47300.0,Put,1440,1440,1440,1440,1310.0,▼-120,▼-7.69%,0,5,5,6,1310,1330,2190,1440
TXO,202611,20261118.0,47400.0,Call,-,-,-,-,2190.0,-,-,0,0,0,1,2180,2210,2240,1470
TXO,202611,20261118.0,47400.0,Put,1500,1500,1430,1430,1350.0,▼-170,▼-10.63%,0,6,6,6,1340,1370,2240,1430
TXO,202611,20261118.0,47500.0,Call,-,-,-,-,2130.0,-,-,0,0,0,23,2120,2150,2310,1320
TXO,202611,20261118.0,47500.0,Put,-,-,-,-,1390.0,-,-,0,0,0,10,1380,1400,2730,1980
TXO,202611,20261118.0,47600.0,Call,-,-,-,-,2060.0,-,-,0,0,0,0,2060,2090,1840,1380
TXO,202611,20261118.0,47600.0,Put,-,-,-,-,1430.0,-,-,0,0,0,0,1420,1450,-,-
TXO,202611,20261118.0,47700.0,Call,1950,1950,1950,1950,2010.0,▲+320,▲+19.63%,0,10,10,5,2000,2030,2140,1180
TXO,202611,20261118.0,47700.0,Put,1550,1550,1550,1550,1470.0,▼-190,▼-10.92%,0,5,5,5,1460,1490,2400,1550
TXO,202611,20261118.0,47800.0,Call,1890,1890,1850,1890,1950.0,▲+310,▲+19.62%,2,9,11,6,1920,2010,1890,1110
TXO,202611,20261118.0,47800.0,Put,1600,1600,1600,1600,1520.0,▼-190,▼-10.61%,0,5,5,5,1510,1540,2640,1600
TXO,202611,20261118.0,47900.0,Call,-,-,-,-,1900.0,-,-,10,0,10,11,1860,1950,1700,1070
TXO,202611,20261118.0,47900.0,Put,-,-,-,-,1560.0,-,-,1,0,1,6,1550,1570,2500,1760
TXO,202611,20261118.0,48000.0,Call,1640,1810,1640,1810,1840.0,▲+330,▲+22.30%,0,11,11,46,1810,1890,1950,1030
TXO,202611,20261118.0,48000.0,Put,-,-,-,-,1600.0,-,-,0,0,0,5,1590,1620,4280,2120
TXO,202611,20261118.0,48100.0,Call,-,-,-,-,1790.0,-,-,0,0,0,5,1770,1800,1610,1610
TXO,202611,20261118.0,48100.0,Put,-,-,-,-,1650.0,-,-,0,0,0,5,1640,1660,2610,2610
TXO,202611,20261118.0,48200.0,Call,1450,1450,1450,1450,1740.0,▲+70,▲+5.07%,0,1,1,9,1720,1750,1570,920
TXO,202611,20261118.0,48200.0,Put,-,-,-,-,1700.0,-,-,0,0,0,0,1680,1710,-,-
TXO,202611,20261118.0,48300.0,Call,-,-,-,-,1690.0,-,-,0,0,0,11,1670,1690,1520,925
TXO,202611,20261118.0,48300.0,Put,-,-,-,-,1750.0,-,-,0,0,0,0,1730,1760,-,-
TXO,202611,20261118.0,48400.0,Call,-,-,-,-,1640.0,-,-,0,0,0,5,1610,1690,1790,1480
TXO,202611,20261118.0,48400.0,Put,-,-,-,-,1800.0,-,-,0,0,0,0,1780,1810,-,-
TXO,202611,20261118.0,48500.0,Call,1420,1420,1420,1420,1590.0,▲+180,▲+14.52%,0,3,3,9,1560,1640,1440,1130
TXO,202611,20261118.0,48500.0,Put,-,-,-,-,1850.0,-,-,0,0,0,4,1820,1850,3210,3050
TXO,202611,20261118.0,48600.0,Call,-,-,-,-,1540.0,-,-,0,0,0,6,1510,1590,1400,920
TXO,202611,20261118.0,48600.0,Put,-,-,-,-,1900.0,-,-,0,0,0,1,-,1940,2750,2750
TXO,202611,20261118.0,48700.0,Call,1410,1460,1410,1460,1490.0,▲+310,▲+26.96%,0,7,7,0,1460,1490,1460,1410
TXO,202611,20261118.0,48700.0,Put,-,-,-,-,1940.0,-,-,0,0,0,0,-,1990,-,-
TXO,202611,20261118.0,48800.0,Call,1420,1420,1420,1420,1420.0,▲+340,▲+31.48%,0,1,1,4,1410,1490,1500,990
TXO,202611,20261118.0,48800.0,Put,-,-,-,-,1990.0,-,-,0,0,0,0,-,2050,-,-
TXO,202611,20261118.0,48900.0,Call,-,-,-,-,1390.0,-,-,0,0,0,5,1370,1400,1280,1280
TXO,202611,20261118.0,48900.0,Put,-,-,-,-,2040.0,-,-,0,0,0,0,-,2100,-,-
TXO,202611,20261118.0,49000.0,Call,1070,1200,1070,1190,1340.0,▲+170,▲+16.67%,0,12,12,15,-,1410,1200,720
TXO,202611,20261118.0,49000.0,Put,-,-,-,-,2100.0,-,-,0,0,0,4,-,2150,4900,3640
TXO,202611,20261118.0,49100.0,Call,-,-,-,-,1290.0,-,-,0,0,0,2,1280,1300,1410,810
TXO,202611,20261118.0,49100.0,Put,-,-,-,-,2150.0,-,-,0,0,0,0,-,2210,-,-
TXO,202611,20261118.0,49200.0,Call,-,-,-,-,1250.0,-,-,0,0,0,5,1230,1260,1170,795
TXO,202611,20261118.0,49200.0,Put,-,-,-,-,2210.0,-,-,0,0,0,0,-,2260,-,-
TXO,202611,20261118.0,49300.0,Call,-,-,-,-,1200.0,-,-,1,0,1,5,1190,1210,950,790
TXO,202611,20261118.0,49300.0,Put,-,-,-,-,2260.0,-,-,1,0,1,1,-,2320,2550,2550
TXO,202611,20261118.0,49400.0,Call,1040,1100,1030,1100,1160.0,▲+235,▲+27.17%,0,9,9,0,1150,1170,1100,865
TXO,202611,20261118.0,49400.0,Put,-,-,-,-,2320.0,-,-,0,0,0,0,-,2370,-,-
TXO,202611,20261118.0,49500.0,Call,995,1060,995,1060,1120.0,▲+225,▲+26.95%,0,12,12,5,1110,1130,1160,705
TXO,202611,20261118.0,49500.0,Put,-,-,-,-,2380.0,-,-,0,0,0,0,-,2430,-,-
TXO,202611,20261118.0,49600.0,Call,1040,1040,1040,1040,1080.0,▲+240,▲+30.00%,0,5,5,1,1070,1090,1040,705
TXO,202611,20261118.0,49600.0,Put,-,-,-,-,2430.0,-,-,0,0,0,0,-,2490,-,-
TXO,202611,20261118.0,49700.0,Call,-,-,-,-,1040.0,-,-,0,0,0,0,1030,1050,1220,1190
TXO,202611,20261118.0,49700.0,Put,-,-,-,-,2500.0,-,-,0,0,0,0,-,2550,-,-
TXO,202611,20261118.0,49800.0,Call,950,965,950,965,1000.0,▲+230,▲+31.29%,0,10,10,0,985,1010,965,590
TXO,202611,20261118.0,49800.0,Put,-,-,-,-,2550.0,-,-,0,0,0,0,-,2610,-,-
TXO,202611,20261118.0,49900.0,Call,-,-,-,-,965.0,-,-,0,0,0,7,950,970,940,815
TXO,202611,20261118.0,49900.0,Put,-,-,-,-,2620.0,-,-,0,0,0,0,-,2680,-,-
TXO,202611,20261118.0,50000.0,Call,730,920,730,920,920.0,▲+265,▲+40.46%,0,153,153,174,915,935,1050,468
TXO,202611,20261118.0,50000.0,Put,2780,2780,2780,2780,2690.0,▼-300,▼-9.74%,0,1,1,1,-,2780,5850,2780
TXO,202611,20261118.0,50100.0,Call,815,815,815,815,895.0,▲+175,▲+27.34%,0,1,1,8,880,900,880,496
TXO,202611,20261118.0,50100.0,Put,-,-,-,-,2750.0,-,-,0,0,0,0,-,2800,-,-
TXO,202611,20261118.0,50200.0,Call,810,810,810,810,855.0,▲+195,▲+31.71%,0,5,5,1,845,870,810,600
TXO,202611,20261118.0,50200.0,Put,-,-,-,-,2810.0,-,-,0,0,0,0,-,2870,-,-
TXO,202611,20261118.0,50300.0,Call,780,790,780,790,820.0,▲+205,▲+35.04%,0,10,10,5,810,830,895,474
TXO,202611,20261118.0,50300.0,Put,-,-,-,-,2880.0,-,-,0,0,0,0,-,2950,-,-
TXO,202611,20261118.0,50400.0,Call,-,-,-,-,790.0,-,-,0,0,0,33,780,795,820,515
TXO,202611,20261118.0,50400.0,Put,-,-,-,-,2950.0,-,-,0,0,0,0,-,3000,-,-
TXO,202611,20261118.0,50500.0,Call,655,730,655,725,755.0,▲+190,▲+35.51%,2,13,15,14,750,765,770,411
TXO,202611,20261118.0,50500.0,Put,-,-,-,-,3010.0,-,-,0,0,0,0,-,3070,-,-
TXO,202611,20261118.0,50600.0,Call,690,705,690,705,730.0,▲+195,▲+38.24%,4,10,14,5,715,730,810,500
TXO,202611,20261118.0,50600.0,Put,-,-,-,-,3080.0,-,-,0,0,0,0,-,3140,-,-
TXO,202611,20261118.0,50700.0,Call,635,670,635,670,700.0,▲+184,▲+37.86%,0,2,2,5,690,700,820,625
TXO,202611,20261118.0,50700.0,Put,-,-,-,-,3150.0,-,-,0,0,0,0,-,3400,-,-
TXO,202611,20261118.0,50800.0,Call,-,-,-,-,670.0,-,-,0,0,0,6,660,675,690,397
TXO,202611,20261118.0,50800.0,Put,-,-,-,-,3220.0,-,-,0,0,0,0,-,3280,-,-
TXO,202611,20261118.0,50900.0,Call,-,-,-,-,640.0,-,-,0,0,0,7,630,645,800,305
TXO,202611,20261118.0,50900.0,Put,-,-,-,-,3290.0,-,-,0,0,0,0,-,3360,-,-
TXO,202611,20261118.0,51000.0,Call,460,590,460,590,615.0,▲+164,▲+38.50%,3,16,19,40,605,620,780,296
TXO,202611,20261118.0,51000.0,Put,-,-,-,-,3370.0,-,-,0,0,0,0,-,3430,-,-
TXO,202611,20261118.0,51100.0,Call,-,-,-,-,590.0,-,-,0,0,0,5,580,595,630,344
TXO,202611,20261118.0,51100.0,Put,-,-,-,-,3440.0,-,-,0,0,0,0,-,3500,-,-
TXO,202611,20261118.0,51200.0,Call,-,-,-,-,565.0,-,-,0,0,0,5,555,570,610,610
TXO,202611,20261118.0,51200.0,Put,-,-,-,-,3520.0,-,-,0,0,0,0,-,3590,-,-
TXO,202611,20261118.0,51300.0,Call,-,-,-,-,540.0,-,-,0,0,0,5,530,545,590,590
TXO,202611,20261118.0,51300.0,Put,-,-,-,-,3590.0,-,-,0,0,0,0,-,3650,-,-
TXO,202611,20261118.0,51400.0,Call,-,-,-,-,520.0,-,-,0,0,0,5,505,520,580,312
TXO,202611,20261118.0,51400.0,Put,-,-,-,-,3670.0,-,-,0,0,0,0,-,3730,-,-
TXO,202611,20261118.0,51500.0,Call,448,460,448,460,495.0,▲+133,▲+40.67%,1,6,7,6,484,497,750,240
TXO,202611,20261118.0,51500.0,Put,-,-,-,-,3750.0,-,-,0,0,0,0,-,3820,-,-
TXO,202611,20261118.0,51600.0,Call,419,441,419,441,474.0,▲+129,▲+41.35%,1,6,7,7,464,477,540,316
TXO,202611,20261118.0,51600.0,Put,-,-,-,-,3820.0,-,-,0,0,0,0,-,3900,-,-
TXO,202611,20261118.0,51700.0,Call,-,-,-,-,452.0,-,-,0,0,0,6,442,454,555,276
TXO,202611,20261118.0,51700.0,Put,-,-,-,-,3900.0,-,-,0,0,0,0,-,3970,-,-
TXO,202611,20261118.0,51800.0,Call,383,383,383,383,431.0,▲+101,▲+35.82%,0,1,1,5,422,434,515,247
TXO,202611,20261118.0,51800.0,Put,-,-,-,-,3980.0,-,-,0,0,0,0,-,4050,-,-
TXO,202611,20261118.0,51900.0,Call,-,-,-,-,413.0,-,-,0,0,0,4,403,415,510,259
TXO,202611,20261118.0,51900.0,Put,-,-,-,-,4060.0,-,-,0,0,0,0,-,4130,-,-
TXO,202611,20261118.0,52000.0,Call,315,371,314,371,393.0,▲+120,▲+47.81%,8,13,21,29,384,396,560,200
TXO,202611,20261118.0,52000.0,Put,-,-,-,-,4140.0,-,-,0,0,0,0,-,4220,-,-
TXO,202611,20261118.0,52100.0,Call,305,305,305,305,375.0,▲+63,▲+26.03%,0,2,2,15,364,375,475,213
TXO,202611,20261118.0,52100.0,Put,-,-,-,-,4220.0,-,-,0,0,0,0,-,4300,-,-
TXO,202611,20261118.0,52200.0,Call,309,313,309,313,359.0,▲+81,▲+34.91%,0,2,2,5,351,362,387,211
TXO,202611,20261118.0,52200.0,Put,-,-,-,-,4310.0,-,-,0,0,0,0,-,4370,-,-
TXO,202611,20261118.0,52300.0,Call,299,299,299,299,342.0,▲+80,▲+36.53%,0,1,1,7,331,342,343,200
TXO,202611,20261118.0,52300.0,Put,-,-,-,-,4390.0,-,-,0,0,0,0,-,4460,-,-
TXO,202611,20261118.0,52400.0,Call,-,-,-,-,327.0,-,-,0,0,0,4,318,328,217,183
TXO,202611,20261118.0,52400.0,Put,-,-,-,-,4470.0,-,-,0,0,0,0,-,4540,-,-
TXO,202611,20261118.0,52500.0,Call,252,288,252,288,311.0,▲+90,▲+45.45%,0,2,2,18,301,311,400,154
TXO,202611,20261118.0,52500.0,Put,-,-,-,-,4560.0,-,-,0,0,0,0,-,4630,-,-
TXO,202611,20261118.0,52600.0,Call,-,-,-,-,297.0,-,-,0,0,0,1,194,374,207,207
TXO,202611,20261118.0,52600.0,Put,-,-,-,-,4640.0,-,-,0,0,0,0,-,4710,-,-
TXO,202611,20261118.0,52700.0,Call,263,276,263,276,276.0,▲+97,▲+54.19%,0,10,10,0,273,283,373,172
TXO,202611,20261118.0,52700.0,Put,-,-,-,-,4730.0,-,-,0,0,0,0,-,4800,-,-
TXO,202611,20261118.0,52800.0,Call,-,-,-,-,270.0,-,-,0,0,0,9,260,270,450,190
TXO,202611,20261118.0,52800.0,Put,-,-,-,-,4820.0,-,-,0,0,0,0,-,4890,-,-
TXO,202611,20261118.0,52900.0,Call,200,249,200,249,249.0,▲+88,▲+54.66%,0,5,5,4,251,260,389,200
TXO,202611,20261118.0,52900.0,Put,-,-,-,-,4900.0,-,-,0,0,0,0,-,4970,-,-
TXO,202611,20261118.0,53000.0,Call,232,235,232,235,235.0,▲+80,▲+51.61%,8,4,12,44,239,248,420,134
TXO,202611,20261118.0,53000.0,Put,-,-,-,-,4990.0,-,-,0,0,0,0,-,5070,-,-
TXO,202611,20261118.0,53100.0,Call,-,-,-,-,234.0,-,-,0,0,0,0,225,234,200,162
TXO,202611,20261118.0,53100.0,Put,-,-,-,-,5080.0,-,-,0,0,0,0,-,5160,-,-
TXO,202611,20261118.0,53200.0,Call,206,206,206,206,224.0,▲+68,▲+49.28%,0,1,1,3,217,226,246,206
TXO,202611,20261118.0,53200.0,Put,-,-,-,-,5170.0,-,-,0,0,0,0,-,5240,-,-
TXO,202611,20261118.0,53300.0,Call,-,-,-,-,214.0,-,-,1,0,1,4,49,291,335,120
TXO,202611,20261118.0,53300.0,Put,-,-,-,-,5260.0,-,-,0,0,0,0,-,5330,-,-
TXO,202611,20261118.0,53400.0,Call,165,165,165,165,203.0,▲+40,▲+32.00%,0,1,1,2,195,203,165,120
TXO,202611,20261118.0,53400.0,Put,-,-,-,-,5350.0,-,-,0,0,0,0,-,5420,-,-
TXO,202611,20261118.0,53500.0,Call,-,-,-,-,194.0,-,-,0,0,0,5,186,194,173,97
TXO,202611,20261118.0,53500.0,Put,-,-,-,-,5440.0,-,-,0,0,0,0,-,5510,-,-
TXO,202611,20261118.0,53600.0,Call,-,-,-,-,185.0,-,-,0,0,0,1,177,185,238,91
TXO,202611,20261118.0,53600.0,Put,-,-,-,-,5530.0,-,-,0,0,0,0,-,5610,-,-
TXO,202611,20261118.0,53700.0,Call,-,-,-,-,176.0,-,-,0,0,0,2,170,177,108,87
TXO,202611,20261118.0,53700.0,Put,-,-,-,-,5620.0,-,-,0,0,0,0,-,5700,-,-
TXO,202611,20261118.0,53800.0,Call,125,145,125,145,168.0,▲+42,▲+40.78%,0,3,3,3,161,168,145,100
TXO,202611,20261118.0,53800.0,Put,-,-,-,-,5710.0,-,-,0,0,0,0,-,5790,-,-
TXO,202611,20261118.0,53900.0,Call,150,150,150,150,160.0,▲+54,▲+56.25%,0,1,1,1,153,160,150,150
TXO,202611,20261118.0,53900.0,Put,-,-,-,-,5800.0,-,-,0,0,0,0,-,-,-,-
TXO,202611,20261118.0,54000.0,Call,120,150,120,139,153.0,▲+47,▲+51.09%,7,16,23,57,146,153,299,88
TXO,202611,20261118.0,54000.0,Put,-,-,-,-,5900.0,-,-,0,0,0,0,-,5970,-,-
TXO,202611,20261118.0,54100.0,Call,-,-,-,-,146.0,-,-,0,0,0,1,139,146,107,78
TXO,202611,20261118.0,54100.0,Put,-,-,-,-,5990.0,-,-,0,0,0,0,-,6070,-,-
TXO,202611,20261118.0,54200.0,Call,-,-,-,-,139.0,-,-,0,0,0,1,132,139,235,70
TXO,202611,20261118.0,54200.0,Put,-,-,-,-,6080.0,-,-,0,0,0,0,-,6160,-,-
TXO,202611,20261118.0,54300.0,Call,-,-,-,-,133.0,-,-,0,0,0,4,126,133,240,238
TXO,202611,20261118.0,54300.0,Put,-,-,-,-,6180.0,-,-,0,0,0,0,-,6250,-,-
TXO,202611,20261118.0,54400.0,Call,-,-,-,-,126.0,-,-,0,0,0,0,120,127,-,-
TXO,202611,20261118.0,54400.0,Put,-,-,-,-,6270.0,-,-,0,0,0,0,-,6350,-,-
TXO,202611,20261118.0,54500.0,Call,101,120,100,120,120.0,▲+51,▲+73.91%,0,14,14,24,114,121,230,61
TXO,202611,20261118.0,54500.0,Put,-,-,-,-,6360.0,-,-,0,0,0,0,-,6440,-,-
TXO,202612,20261216.0,25200.0,Call,-,-,-,-,23060.0,-,-,0,0,0,5,23020,23270,22620,13580
TXO,202612,20261216.0,25200.0,Put,23,23,21,21,21.0,▼-2,▼-8.70%,0,2,2,211,22,27,985,21
TXO,202612,20261216.0,25400.0,Call,-,-,-,-,22860.0,-,-,0,0,0,0,22780,23050,-,-
TXO,202612,20261216.0,25400.0,Put,-,-,-,-,24.0,-,-,0,0,0,6,20.5,27.5,610,40
TXO,202612,20261216.0,25600.0,Call,-,-,-,-,22670.0,-,-,0,0,0,0,22550,-,-,-
TXO,202612,20261216.0,25600.0,Put,-,-,-,-,25.0,-,-,0,0,0,15,21,28,750,24
TXO,202612,20261216.0,25800.0,Call,-,-,-,-,22470.0,-,-,0,0,0,0,22380,22670,-,-
TXO,202612,20261216.0,25800.0,Put,-,-,-,-,25.5,-,-,0,0,0,10,22,29,505,45
TXO,202612,20261216.0,26000.0,Call,-,-,-,-,22270.0,-,-,0,0,0,1,22190,-,17230,7550
TXO,202612,20261216.0,26000.0,Put,28.5,29.5,28,29.5,26.0,▲+5.5,▲+22.92%,0,27,27,124,22.5,29.5,1390,28
TXO,202612,20261216.0,26200.0,Call,-,-,-,-,22070.0,-,-,0,0,0,0,21990,22250,-,-
TXO,202612,20261216.0,26200.0,Put,-,-,-,-,26.5,-,-,0,0,0,7,23,30,1430,49
TXO,202612,20261216.0,26400.0,Call,-,-,-,-,21870.0,-,-,0,0,0,0,21800,-,-,-
TXO,202612,20261216.0,26400.0,Put,-,-,-,-,27.0,-,-,0,0,0,13,23.5,30.5,1250,68
TXO,202612,20261216.0,26600.0,Call,-,-,-,-,21670.0,-,-,0,0,0,0,21560,21880,-,-
TXO,202612,20261216.0,26600.0,Put,-,-,-,-,28.0,-,-,0,0,0,1,24.5,31.5,765,64
TXO,202612,20261216.0,26800.0,Call,-,-,-,-,21470.0,-,-,0,0,0,119,21370,21600,19670,19280
TXO,202612,20261216.0,26800.0,Put,-,-,-,-,28.5,-,-,0,0,0,3,25,32,1500,46
TXO,202612,20261216.0,27000.0,Call,-,-,-,-,21280.0,-,-,0,0,0,1,21230,21510,18990,7500
TXO,202612,20261216.0,27000.0,Put,-,-,-,-,29.0,-,-,0,0,0,7,27,33,1590,51
TXO,202612,20261216.0,27200.0,Call,-,-,-,-,21080.0,-,-,0,0,0,0,20970,21280,-,-
TXO,202612,20261216.0,27200.0,Put,-,-,-,-,30.0,-,-,0,0,0,1,26.5,33.5,710,215
TXO,202612,20261216.0,27400.0,Call,-,-,-,-,20880.0,-,-,0,0,0,0,20800,21080,-,-
TXO,202612,20261216.0,27400.0,Put,-,-,-,-,30.5,-,-,0,0,0,16,27.5,34.5,1580,60
TXO,202612,20261216.0,27600.0,Call,-,-,-,-,20680.0,-,-,0,0,0,0,20600,20870,-,-
TXO,202612,20261216.0,27600.0,Put,-,-,-,-,31.0,-,-,0,0,0,2,28,35,1300,44.5
TXO,202612,20261216.0,27800.0,Call,-,-,-,-,20480.0,-,-,0,0,0,0,20420,20650,-,-
TXO,202612,20261216.0,27800.0,Put,-,-,-,-,31.5,-,-,0,0,0,12,29,34,1550,46
TXO,202612,20261216.0,28000.0,Call,-,-,-,-,20290.0,-,-,0,0,0,0,20210,20470,-,-
TXO,202612,20261216.0,28000.0,Put,35,36.5,35,36.5,33.5,▲+5.5,▲+17.74%,0,27,27,43,31,36.5,1680,35
TXO,202612,20261216.0,28200.0,Call,-,-,-,-,20090.0,-,-,0,0,0,0,20020,-,-,-
TXO,202612,20261216.0,28200.0,Put,35,35,35,35,35.0,▲+3,▲+9.38%,0,2,2,8,32,37.5,1820,35
TXO,202612,20261216.0,28400.0,Call,-,-,-,-,19890.0,-,-,0,0,0,0,19810,20080,-,-
TXO,202612,20261216.0,28400.0,Put,-,-,-,-,35.5,-,-,0,0,0,4,31.5,38.5,1400,60
TXO,202612,20261216.0,28600.0,Call,-,-,-,-,19690.0,-,-,0,0,0,0,19620,19880,-,-
TXO,202612,20261216.0,28600.0,Put,-,-,-,-,36.0,-,-,0,0,0,7,32,39,1500,51
TXO,202612,20261216.0,28800.0,Call,-,-,-,-,19490.0,-,-,0,0,0,0,19400,19680,-,-
TXO,202612,20261216.0,28800.0,Put,-,-,-,-,36.5,-,-,0,0,0,6,33,40,1550,60
TXO,202612,20261216.0,29000.0,Call,-,-,-,-,19290.0,-,-,0,0,0,0,19230,19470,-,-
TXO,202612,20261216.0,29000.0,Put,-,-,-,-,37.5,-,-,0,0,0,3,34,41,1860,50
TXO,202612,20261216.0,29200.0,Call,-,-,-,-,19100.0,-,-,0,0,0,0,18990,-,-,-
TXO,202612,20261216.0,29200.0,Put,-,-,-,-,38.5,-,-,0,0,0,3,35,42,1860,260
TXO,202612,20261216.0,29400.0,Call,-,-,-,-,18900.0,-,-,0,0,0,0,18820,-,-,-
TXO,202612,20261216.0,29400.0,Put,-,-,-,-,39.5,-,-,0,0,0,5,36,43,1700,62
TXO,202612,20261216.0,29600.0,Call,-,-,-,-,18700.0,-,-,0,0,0,0,18600,-,-,-
TXO,202612,20261216.0,29600.0,Put,-,-,-,-,40.5,-,-,0,0,0,1,37,44,1650,241
TXO,202612,20261216.0,29800.0,Call,-,-,-,-,18500.0,-,-,0,0,0,0,18440,-,11600,5120
TXO,202612,20261216.0,29800.0,Put,-,-,-,-,42.0,-,-,0,0,0,4,38,45,1700,65
TXO,202612,20261216.0,30000.0,Call,-,-,-,-,18300.0,-,-,0,0,0,0,18200,18480,11910,4660
TXO,202612,20261216.0,30000.0,Put,-,-,-,-,43.0,-,-,0,0,0,70,39,46,1880,42
TXO,202612,20261216.0,30200.0,Call,-,-,-,-,18110.0,-,-,0,0,0,0,18040,-,14870,4700
TXO,202612,20261216.0,30200.0,Put,-,-,-,-,44.0,-,-,0,0,0,2,40.5,47.5,715,79
TXO,202612,20261216.0,30400.0,Call,-,-,-,-,17910.0,-,-,0,0,0,0,17820,-,-,-
TXO,202612,20261216.0,30400.0,Put,-,-,-,-,45.0,-,-,0,0,0,3,41.5,48.5,510,70
TXO,202612,20261216.0,30600.0,Call,-,-,-,-,17710.0,-,-,0,0,0,0,17650,-,-,-
TXO,202612,20261216.0,30600.0,Put,-,-,-,-,46.0,-,-,0,0,0,2,42.5,49.5,2010,67
TXO,202612,20261216.0,30800.0,Call,-,-,-,-,17510.0,-,-,0,0,0,1,17430,17660,15660,15660
TXO,202612,20261216.0,30800.0,Put,46,46,45,45,47.0,▼-0.5,▼-1.10%,0,2,2,10,44,51,2700,45
TXO,202612,20261216.0,31000.0,Call,-,-,-,-,17310.0,-,-,0,0,0,0,17240,17470,-,-
TXO,202612,20261216.0,31000.0,Put,51,51,51,51,47.5,▲+4.5,▲+9.68%,0,2,2,25,45,52,1220,51
TXO,202612,20261216.0,31200.0,Call,-,-,-,-,17110.0,-,-,0,0,0,0,17030,-,4700,3750
TXO,202612,20261216.0,31200.0,Put,-,-,-,-,48.0,-,-,0,0,0,4,46,53,730,180
TXO,202612,20261216.0,31400.0,Call,-,-,-,-,16920.0,-,-,0,0,0,0,16860,-,-,-
TXO,202612,20261216.0,31400.0,Put,-,-,-,-,48.5,-,-,0,0,0,3,47,50,198,84
TXO,202612,20261216.0,31600.0,Call,-,-,-,-,16720.0,-,-,0,0,0,0,16650,-,7950,5480
TXO,202612,20261216.0,31600.0,Put,-,-,-,-,52.0,-,-,0,0,0,2,48.5,55,1870,86
TXO,202612,20261216.0,31800.0,Call,-,-,-,-,16520.0,-,-,0,0,0,0,16440,16670,10560,5580
TXO,202612,20261216.0,31800.0,Put,-,-,-,-,54.0,-,-,0,0,0,1,50,58,200,150
TXO,202612,20261216.0,32000.0,Call,-,-,-,-,16320.0,-,-,0,0,0,0,16260,16490,9600,3560
TXO,202612,20261216.0,32000.0,Put,-,-,-,-,55.0,-,-,0,0,0,14,51,59,3270,70
TXO,202612,20261216.0,32200.0,Call,-,-,-,-,16130.0,-,-,0,0,0,0,16070,16290,-,-
TXO,202612,20261216.0,32200.0,Put,-,-,-,-,56.0,-,-,0,0,0,2,52,60,3130,82
TXO,202612,20261216.0,32400.0,Call,-,-,-,-,15930.0,-,-,0,0,0,0,15860,16080,11650,3460
TXO,202612,20261216.0,32400.0,Put,-,-,-,-,57.0,-,-,0,0,0,3,53,61,3250,77
TXO,202612,20261216.0,32600.0,Call,-,-,-,-,15730.0,-,-,0,0,0,0,15640,15880,-,-
TXO,202612,20261216.0,32600.0,Put,-,-,-,-,59.0,-,-,0,0,0,11,55,63,1160,101
TXO,202612,20261216.0,32800.0,Call,-,-,-,-,15530.0,-,-,0,0,0,0,15460,-,-,-
TXO,202612,20261216.0,32800.0,Put,-,-,-,-,60.0,-,-,0,0,0,8,56,64,1920,100
TXO,202612,20261216.0,33000.0,Call,-,-,-,-,15330.0,-,-,0,0,0,0,15270,15480,13520,3000
TXO,202612,20261216.0,33000.0,Put,64,64,63,64,61.0,▲+3,▲+4.92%,0,43,43,15,57,65,3280,63
TXO,202612,20261216.0,33200.0,Call,-,-,-,-,15140.0,-,-,0,0,0,0,15060,-,4180,3280
TXO,202612,20261216.0,33200.0,Put,-,-,-,-,63.0,-,-,0,0,0,1,59,67,780,95
TXO,202612,20261216.0,33400.0,Call,-,-,-,-,14940.0,-,-,0,0,0,0,14870,-,10800,2780
TXO,202612,20261216.0,33400.0,Put,67,67,67,67,64.0,▲+2,▲+3.08%,0,7,7,9,60,68,3450,67
TXO,202612,20261216.0,33600.0,Call,-,-,-,-,14740.0,-,-,0,0,0,0,14680,14890,10850,2640
TXO,202612,20261216.0,33600.0,Put,70,70,70,70,65.0,▲+4,▲+6.06%,0,1,1,5,61,69,4010,70
TXO,202612,20261216.0,33800.0,Call,-,-,-,-,14540.0,-,-,0,0,0,0,14480,14680,-,-
TXO,202612,20261216.0,33800.0,Put,-,-,-,-,67.0,-,-,0,0,0,0,63,72,1670,995
TXO,202612,20261216.0,34000.0,Call,-,-,-,-,14350.0,-,-,0,0,0,0,14290,-,12700,3130
TXO,202612,20261216.0,34000.0,Put,72,72,72,72,68.0,▲+4,▲+5.88%,16,55,71,21,63,73,3620,68
TXO,202612,20261216.0,34200.0,Call,-,-,-,-,14150.0,-,-,0,0,0,0,14080,-,8850,5200
TXO,202612,20261216.0,34200.0,Put,-,-,-,-,70.0,-,-,0,0,0,1,65,75,1780,91
TXO,202612,20261216.0,34400.0,Call,-,-,-,-,13950.0,-,-,0,0,0,0,13890,-,-,-
TXO,202612,20261216.0,34400.0,Put,-,-,-,-,71.0,-,-,0,0,0,0,66,76,2600,149
TXO,202612,20261216.0,34600.0,Call,-,-,-,-,13750.0,-,-,0,0,0,0,13700,13890,-,-
TXO,202612,20261216.0,34600.0,Put,-,-,-,-,73.0,-,-,0,0,0,3,68,78,2670,68
TXO,202612,20261216.0,34800.0,Call,-,-,-,-,13560.0,-,-,0,0,0,0,13490,13700,4830,3240
TXO,202612,20261216.0,34800.0,Put,-,-,-,-,75.0,-,-,0,0,0,1,70,80,3120,330
TXO,202612,20261216.0,35000.0,Call,-,-,-,-,13360.0,-,-,0,0,0,0,13300,-,12910,2200
TXO,202612,20261216.0,35000.0,Put,82,82,81,81,77.0,▼-1,▼-1.22%,0,14,14,88,72,82,2100,81
TXO,202612,20261216.0,35200.0,Call,-,-,-,-,13160.0,-,-,0,0,0,0,13110,-,4590,3370
TXO,202612,20261216.0,35200.0,Put,-,-,-,-,79.0,-,-,0,0,0,2,75,84,3000,147
TXO,202612,20261216.0,35400.0,Call,-,-,-,-,12960.0,-,-,0,0,0,0,12910,13100,9450,3340
TXO,202612,20261216.0,35400.0,Put,-,-,-,-,80.0,-,-,0,0,0,0,75,86,1300,350
TXO,202612,20261216.0,35600.0,Call,-,-,-,-,12770.0,-,-,0,0,0,0,12710,12890,12870,2380
TXO,202612,20261216.0,35600.0,Put,-,-,-,-,82.0,-,-,0,0,0,1,77,88,4020,193
TXO,202612,20261216.0,35800.0,Call,-,-,-,-,12570.0,-,-,0,0,0,1,12500,12720,10820,6410
TXO,202612,20261216.0,35800.0,Put,-,-,-,-,84.0,-,-,0,0,0,1,80,89,2000,1020
TXO,202612,20261216.0,36000.0,Call,-,-,-,-,12370.0,-,-,0,0,0,0,12320,-,10860,1950
TXO,202612,20261216.0,36000.0,Put,90,90,88,88,88.0,▼-7,▼-7.37%,5,2,7,69,82,93,3300,88
TXO,202612,20261216.0,36200.0,Call,-,-,-,-,12180.0,-,-,0,0,0,0,12130,-,7130,1470
TXO,202612,20261216.0,36200.0,Put,-,-,-,-,90.0,-,-,0,0,0,0,85,94,-,-
TXO,202612,20261216.0,36400.0,Call,-,-,-,-,11980.0,-,-,0,0,0,0,11930,-,10490,1390
TXO,202612,20261216.0,36400.0,Put,-,-,-,-,93.0,-,-,0,0,0,1,87,98,2020,189
TXO,202612,20261216.0,36600.0,Call,-,-,-,-,11780.0,-,-,0,0,0,0,11730,-,6880,1320
TXO,202612,20261216.0,36600.0,Put,-,-,-,-,95.0,-,-,0,0,0,5,90,100,2130,171
TXO,202612,20261216.0,36800.0,Call,-,-,-,-,11590.0,-,-,0,0,0,0,11540,-,11890,1260
TXO,202612,20261216.0,36800.0,Put,103,103,103,103,98.0,▼-7,▼-6.36%,0,1,1,51,92,105,2670,103
TXO,202612,20261216.0,37000.0,Call,-,-,-,-,11390.0,-,-,0,0,0,4,11340,11540,12020,1350
TXO,202612,20261216.0,37000.0,Put,-,-,-,-,102.0,-,-,0,0,0,101,96,109,3150,160
TXO,202612,20261216.0,37200.0,Call,-,-,-,-,11200.0,-,-,0,0,0,0,11150,11310,9030,1740
TXO,202612,20261216.0,37200.0,Put,-,-,-,-,105.0,-,-,0,0,0,10,100,111,1070,140
TXO,202612,20261216.0,37400.0,Call,-,-,-,-,11000.0,-,-,0,0,0,0,10950,-,10760,1280
TXO,202612,20261216.0,37400.0,Put,-,-,-,-,109.0,-,-,0,0,0,11,102,117,1540,195
TXO,202612,20261216.0,37600.0,Call,-,-,-,-,10810.0,-,-,0,0,0,2,10750,10920,1260,1260
TXO,202612,20261216.0,37600.0,Put,-,-,-,-,114.0,-,-,0,0,0,7,106,122,2950,399
TXO,202612,20261216.0,37800.0,Call,-,-,-,-,10610.0,-,-,0,0,0,0,10560,10730,11540,1240
TXO,202612,20261216.0,37800.0,Put,-,-,-,-,118.0,-,-,0,0,0,14,111,127,2900,192
TXO,202612,20261216.0,38000.0,Call,-,-,-,-,10420.0,-,-,0,0,0,18,10370,-,8700,1230
TXO,202612,20261216.0,38000.0,Put,120,120,120,120,120.0,▼-24,▼-16.67%,0,1,1,184,115,125,3430,120
TXO,202612,20261216.0,38200.0,Call,-,-,-,-,10230.0,-,-,0,0,0,0,10180,-,7280,1200
TXO,202612,20261216.0,38200.0,Put,-,-,-,-,129.0,-,-,0,0,0,6,120,138,1900,216
TXO,202612,20261216.0,38400.0,Call,-,-,-,-,10030.0,-,-,0,0,0,0,9980,-,7140,1270
TXO,202612,20261216.0,38400.0,Put,139,139,130,130,130.0,▼-29,▼-18.24%,0,2,2,4,125,144,835,130
TXO,202612,20261216.0,38600.0,Call,-,-,-,-,9840.0,-,-,0,0,0,3,9790,9950,10540,1080
TXO,202612,20261216.0,38600.0,Put,-,-,-,-,140.0,-,-,0,0,0,11,131,151,3100,242
TXO,202612,20261216.0,38800.0,Call,-,-,-,-,9650.0,-,-,0,0,0,0,9590,-,10770,775
TXO,202612,20261216.0,38800.0,Put,-,-,-,-,147.0,-,-,6,0,6,2,137,158,1510,185
TXO,202612,20261216.0,38900.0,Call,-,-,-,-,9550.0,-,-,0,0,0,0,9500,-,-,-
TXO,202612,20261216.0,38900.0,Put,-,-,-,-,151.0,-,-,0,0,0,0,141,160,-,-
TXO,202612,20261216.0,39000.0,Call,-,-,-,-,9460.0,-,-,0,0,0,4,9410,9570,9290,1100
TXO,202612,20261216.0,39000.0,Put,-,-,-,-,155.0,-,-,0,0,0,77,145,166,3690,271
TXO,202612,20261216.0,39100.0,Call,-,-,-,-,9360.0,-,-,0,0,0,0,9310,-,-,-
TXO,202612,20261216.0,39100.0,Put,-,-,-,-,158.0,-,-,1,0,1,1,148,168,192,192
TXO,202612,20261216.0,39200.0,Call,-,-,-,-,9260.0,-,-,0,0,0,0,9220,-,10280,1290
TXO,202612,20261216.0,39200.0,Put,165,165,165,165,165.0,▼-32,▼-16.24%,0,1,1,1,152,175,3680,165
TXO,202612,20261216.0,39300.0,Call,-,-,-,-,9170.0,-,-,0,0,0,0,9120,-,-,-
TXO,202612,20261216.0,39300.0,Put,-,-,-,-,166.0,-,-,0,0,0,0,156,177,-,-
TXO,202612,20261216.0,39400.0,Call,-,-,-,-,9070.0,-,-,0,0,0,0,9030,-,11070,1300
TXO,202612,20261216.0,39400.0,Put,-,-,-,-,171.0,-,-,0,0,0,1,160,184,3380,500
TXO,202612,20261216.0,39500.0,Call,-,-,-,-,8980.0,-,-,0,0,0,0,8920,-,-,-
TXO,202612,20261216.0,39500.0,Put,-,-,-,-,176.0,-,-,0,0,0,1,164,186,288,288
TXO,202612,20261216.0,39600.0,Call,-,-,-,-,8880.0,-,-,0,0,0,0,8840,-,11070,750
TXO,202612,20261216.0,39600.0,Put,-,-,-,-,181.0,-,-,0,0,0,3,169,194,3660,505
TXO,202612,20261216.0,39700.0,Call,-,-,-,-,8790.0,-,-,0,0,0,0,8740,8890,-,-
TXO,202612,20261216.0,39700.0,Put,-,-,-,-,185.0,-,-,0,0,0,0,173,196,-,-
TXO,202612,20261216.0,39800.0,Call,-,-,-,-,8690.0,-,-,0,0,0,0,8650,-,11350,1250
TXO,202612,20261216.0,39800.0,Put,198,198,198,198,191.0,▼-36,▼-15.38%,0,1,1,1,178,201,4080,198
TXO,202612,20261216.0,39900.0,Call,-,-,-,-,8600.0,-,-,0,0,0,0,8550,8700,-,-
TXO,202612,20261216.0,39900.0,Put,-,-,-,-,195.0,-,-,0,0,0,0,183,207,-,-
TXO,202612,20261216.0,40000.0,Call,-,-,-,-,8510.0,-,-,0,0,0,12,8460,8650,9010,705
TXO,202612,20261216.0,40000.0,Put,228,229,209,209,201.0,▼-44,▼-17.39%,1,3,4,86,189,214,3960,209
TXO,202612,20261216.0,40100.0,Call,-,-,-,-,8410.0,-,-,0,0,0,0,8360,-,-,-
TXO,202612,20261216.0,40100.0,Put,-,-,-,-,207.0,-,-,0,0,0,0,194,219,-,-
TXO,202612,20261216.0,40200.0,Call,-,-,-,-,8320.0,-,-,0,0,0,0,8260,-,6970,2200
TXO,202612,20261216.0,40200.0,Put,-,-,-,-,213.0,-,-,0,0,0,1,201,226,3430,990
TXO,202612,20261216.0,40300.0,Call,-,-,-,-,8230.0,-,-,0,0,0,0,8180,8320,-,-
TXO,202612,20261216.0,40300.0,Put,-,-,-,-,219.0,-,-,0,0,0,0,205,230,-,-
TXO,202612,20261216.0,40400.0,Call,-,-,-,-,8130.0,-,-,0,0,0,1,8080,8250,8140,695
TXO,202612,20261216.0,40400.0,Put,-,-,-,-,225.0,-,-,0,0,0,1,213,238,2820,425
TXO,202612,20261216.0,40500.0,Call,-,-,-,-,8040.0,-,-,0,0,0,0,7980,-,-,-
TXO,202612,20261216.0,40500.0,Put,-,-,-,-,232.0,-,-,0,0,0,1,218,243,490,490
TXO,202612,20261216.0,40600.0,Call,-,-,-,-,7950.0,-,-,0,0,0,0,7900,-,6630,740
TXO,202612,20261216.0,40600.0,Put,-,-,-,-,238.0,-,-,0,0,0,1,226,251,2750,1930
TXO,202612,20261216.0,40700.0,Call,-,-,-,-,7850.0,-,-,0,0,0,0,7800,-,-,-
TXO,202612,20261216.0,40700.0,Put,-,-,-,-,245.0,-,-,0,0,0,0,232,257,-,-
TXO,202612,20261216.0,40800.0,Call,-,-,-,-,7760.0,-,-,0,0,0,16,7710,7870,9640,1410
TXO,202612,20261216.0,40800.0,Put,-,-,-,-,253.0,-,-,0,0,0,300,241,266,3980,468
TXO,202612,20261216.0,40900.0,Call,-,-,-,-,7670.0,-,-,0,0,0,0,7610,7760,-,-
TXO,202612,20261216.0,40900.0,Put,-,-,-,-,260.0,-,-,0,0,0,0,246,271,-,-
TXO,202612,20261216.0,41000.0,Call,-,-,-,-,7580.0,-,-,0,0,0,5,7530,7690,9160,675
TXO,202612,20261216.0,41000.0,Put,-,-,-,-,268.0,-,-,0,0,0,11,256,281,4390,409
TXO,202612,20261216.0,41100.0,Call,-,-,-,-,7490.0,-,-,0,0,0,0,7440,-,-,-
TXO,202612,20261216.0,41100.0,Put,-,-,-,-,276.0,-,-,0,0,0,0,262,287,-,-
TXO,202612,20261216.0,41200.0,Call,-,-,-,-,7390.0,-,-,0,0,0,0,7340,-,5620,3150
TXO,202612,20261216.0,41200.0,Put,-,-,-,-,284.0,-,-,0,0,0,31,273,298,4410,400
TXO,202612,20261216.0,41300.0,Call,-,-,-,-,7300.0,-,-,0,0,0,0,7260,7390,-,-
TXO,202612,20261216.0,41300.0,Put,-,-,-,-,291.0,-,-,0,0,0,0,279,304,-,-
TXO,202612,20261216.0,41400.0,Call,-,-,-,-,7210.0,-,-,0,0,0,30,7160,7330,10000,360
TXO,202612,20261216.0,41400.0,Put,-,-,-,-,301.0,-,-,0,0,0,20,290,315,4540,525
TXO,202612,20261216.0,41500.0,Call,-,-,-,-,7120.0,-,-,0,0,0,0,7070,-,-,-
TXO,202612,20261216.0,41500.0,Put,-,-,-,-,308.0,-,-,0,0,0,0,294,319,-,-
TXO,202612,20261216.0,41600.0,Call,-,-,-,-,7030.0,-,-,0,0,0,11,6980,7170,6550,1450
TXO,202612,20261216.0,41600.0,Put,-,-,-,-,320.0,-,-,0,0,0,12,308,335,4290,670
TXO,202612,20261216.0,41700.0,Call,-,-,-,-,6940.0,-,-,0,0,0,0,6890,-,-,-
TXO,202612,20261216.0,41700.0,Put,-,-,-,-,329.0,-,-,0,0,0,0,315,342,-,-
TXO,202612,20261216.0,41800.0,Call,-,-,-,-,6850.0,-,-,0,0,0,15,6800,6970,8490,710
TXO,202612,20261216.0,41800.0,Put,-,-,-,-,340.0,-,-,0,0,0,11,325,352,4390,490
TXO,202612,20261216.0,41900.0,Call,-,-,-,-,6760.0,-,-,0,0,0,0,6720,-,-,-
TXO,202612,20261216.0,41900.0,Put,-,-,-,-,350.0,-,-,0,0,0,0,334,364,-,-
TXO,202612,20261216.0,42000.0,Call,-,-,-,-,6670.0,-,-,0,0,0,71,6620,6800,8720,800
TXO,202612,20261216.0,42000.0,Put,-,-,-,-,361.0,-,-,0,0,0,100,347,377,4950,505
TXO,202612,20261216.0,42100.0,Call,-,-,-,-,6590.0,-,-,0,0,0,0,6540,-,-,-
TXO,202612,20261216.0,42100.0,Put,-,-,-,-,371.0,-,-,0,0,0,0,355,385,-,-
TXO,202612,20261216.0,42200.0,Call,-,-,-,-,6500.0,-,-,0,0,0,2,6450,6620,8040,1500
TXO,202612,20261216.0,42200.0,Put,-,-,-,-,383.0,-,-,0,0,0,19,368,401,3610,710
TXO,202612,20261216.0,42300.0,Call,-,-,-,-,6410.0,-,-,0,0,0,0,6360,-,-,-
TXO,202612,20261216.0,42300.0,Put,-,-,-,-,394.0,-,-,0,0,0,0,376,409,-,-
TXO,202612,20261216.0,42400.0,Call,-,-,-,-,6320.0,-,-,0,0,0,0,6270,-,5850,1260
TXO,202612,20261216.0,42400.0,Put,-,-,-,-,407.0,-,-,1,0,1,1,392,425,4790,520
TXO,202612,20261216.0,42500.0,Call,-,-,-,-,6230.0,-,-,0,0,0,0,6190,-,-,-
TXO,202612,20261216.0,42500.0,Put,-,-,-,-,419.0,-,-,0,0,0,0,400,439,-,-
TXO,202612,20261216.0,42600.0,Call,-,-,-,-,6150.0,-,-,0,0,0,2,6100,-,7280,965
TXO,202612,20261216.0,42600.0,Put,-,-,-,-,432.0,-,-,0,0,0,0,414,454,4770,3040
TXO,202612,20261216.0,42700.0,Call,-,-,-,-,6060.0,-,-,0,0,0,0,6020,-,-,-
TXO,202612,20261216.0,42700.0,Put,-,-,-,-,444.0,-,-,0,0,0,0,423,463,-,-
TXO,202612,20261216.0,42800.0,Call,-,-,-,-,5980.0,-,-,0,0,0,1,5930,-,4950,2510
TXO,202612,20261216.0,42800.0,Put,-,-,-,-,459.0,-,-,0,0,0,0,441,481,1190,900
TXO,202612,20261216.0,42900.0,Call,-,-,-,-,5890.0,-,-,0,0,0,0,5840,-,-,-
TXO,202612,20261216.0,42900.0,Put,-,-,-,-,472.0,-,-,0,0,0,0,450,490,-,-
TXO,202612,20261216.0,43000.0,Call,-,-,-,-,5810.0,-,-,0,0,0,65,5760,5920,9700,1130
TXO,202612,20261216.0,43000.0,Put,490,490,490,490,490.0,▼-115,▼-19.01%,1,1,2,74,470,510,5020,490
TXO,202612,20261216.0,43100.0,Call,-,-,-,-,5720.0,-,-,0,0,0,0,5670,-,-,-
TXO,202612,20261216.0,43100.0,Put,-,-,-,-,505.0,-,-,0,0,0,0,481,520,-,-
TXO,202612,20261216.0,43200.0,Call,-,-,-,-,5640.0,-,-,0,0,0,0,5590,-,4670,1400
TXO,202612,20261216.0,43200.0,Put,-,-,-,-,520.0,-,-,0,0,0,0,500,540,-,-
TXO,202612,20261216.0,43300.0,Call,-,-,-,-,5550.0,-,-,0,0,0,0,5490,-,-,-
TXO,202612,20261216.0,43300.0,Put,-,-,-,-,535.0,-,-,0,0,0,0,515,555,-,-
TXO,202612,20261216.0,43400.0,Call,-,-,-,-,5470.0,-,-,0,0,0,0,5420,-,7410,4950
TXO,202612,20261216.0,43400.0,Put,-,-,-,-,550.0,-,-,0,0,0,2,530,570,5280,2010
TXO,202612,20261216.0,43500.0,Call,-,-,-,-,5390.0,-,-,0,0,0,0,5330,-,-,-
TXO,202612,20261216.0,43500.0,Put,-,-,-,-,565.0,-,-,0,0,0,0,545,585,-,-
TXO,202612,20261216.0,43600.0,Call,-,-,-,-,5310.0,-,-,0,0,0,1,5250,-,5510,950
TXO,202612,20261216.0,43600.0,Put,-,-,-,-,585.0,-,-,0,0,0,0,565,610,4780,1040
TXO,202612,20261216.0,43700.0,Call,-,-,-,-,5220.0,-,-,0,0,0,0,5170,-,-,-
TXO,202612,20261216.0,43700.0,Put,-,-,-,-,600.0,-,-,0,0,0,0,580,625,-,-
TXO,202612,20261216.0,43800.0,Call,-,-,-,-,5140.0,-,-,0,0,0,1,5090,-,8340,1020
TXO,202612,20261216.0,43800.0,Put,-,-,-,-,620.0,-,-,0,0,0,12,600,645,4460,870
TXO,202612,20261216.0,43900.0,Call,-,-,-,-,5060.0,-,-,0,0,0,0,5000,-,-,-
TXO,202612,20261216.0,43900.0,Put,-,-,-,-,640.0,-,-,0,0,0,1,610,655,980,980
TXO,202612,20261216.0,44000.0,Call,-,-,-,-,4980.0,-,-,0,0,0,4,4930,-,8350,2260
TXO,202612,20261216.0,44000.0,Put,795,795,795,795,660.0,▼-10,▼-1.24%,1,5,6,19,635,685,4770,795
TXO,202612,20261216.0,44100.0,Call,-,-,-,-,4900.0,-,-,0,0,0,0,4850,-,-,-
TXO,202612,20261216.0,44100.0,Put,-,-,-,-,680.0,-,-,0,0,0,0,650,700,-,-
TXO,202612,20261216.0,44200.0,Call,-,-,-,-,4820.0,-,-,0,0,0,2,4760,-,5630,600
TXO,202612,20261216.0,44200.0,Put,-,-,-,-,700.0,-,-,0,0,0,65,675,725,4890,1030
TXO,202612,20261216.0,44300.0,Call,-,-,-,-,4740.0,-,-,0,0,0,0,4700,-,-,-
TXO,202612,20261216.0,44300.0,Put,-,-,-,-,720.0,-,-,0,0,0,0,690,745,-,-
TXO,202612,20261216.0,44400.0,Call,-,-,-,-,4660.0,-,-,0,0,0,1,4600,-,6730,930
TXO,202612,20261216.0,44400.0,Put,-,-,-,-,740.0,-,-,0,0,0,38,715,770,4660,910
TXO,202612,20261216.0,44500.0,Call,-,-,-,-,4590.0,-,-,0,0,0,0,4540,-,-,-
TXO,202612,20261216.0,44500.0,Put,-,-,-,-,760.0,-,-,0,0,0,0,730,785,-,-
TXO,202612,20261216.0,44600.0,Call,-,-,-,-,4510.0,-,-,0,0,0,11,4450,-,5770,890
TXO,202612,20261216.0,44600.0,Put,-,-,-,-,785.0,-,-,0,0,0,12,755,815,6030,1140
TXO,202612,20261216.0,44700.0,Call,-,-,-,-,4430.0,-,-,0,0,0,0,4380,-,-,-
TXO,202612,20261216.0,44700.0,Put,-,-,-,-,805.0,-,-,0,0,0,1,775,835,1190,1190
TXO,202612,20261216.0,44800.0,Call,-,-,-,-,4360.0,-,-,0,0,0,2,4310,-,3190,2320
TXO,202612,20261216.0,44800.0,Put,-,-,-,-,830.0,-,-,0,0,0,8,800,865,5600,1190
TXO,202612,20261216.0,44900.0,Call,-,-,-,-,4280.0,-,-,0,0,0,0,4230,-,-,-
TXO,202612,20261216.0,44900.0,Put,-,-,-,-,855.0,-,-,0,0,0,0,815,880,-,-
TXO,202612,20261216.0,45000.0,Call,-,-,-,-,4210.0,-,-,0,0,0,5,4160,-,6790,2600
TXO,202612,20261216.0,45000.0,Put,900,900,900,900,900.0,▼-160,▼-15.09%,0,1,1,111,850,915,6200,900
TXO,202612,20261216.0,45100.0,Call,-,-,-,-,4130.0,-,-,0,0,0,0,4060,-,-,-
TXO,202612,20261216.0,45100.0,Put,-,-,-,-,905.0,-,-,0,0,0,0,870,935,-,-
TXO,202612,20261216.0,45200.0,Call,-,-,-,-,4060.0,-,-,0,0,0,1,4010,4180,6620,925
TXO,202612,20261216.0,45200.0,Put,-,-,-,-,930.0,-,-,0,0,0,6,900,965,6690,1310
TXO,202612,20261216.0,45300.0,Call,-,-,-,-,3980.0,-,-,0,0,0,0,3930,-,-,-
TXO,202612,20261216.0,45300.0,Put,-,-,-,-,955.0,-,-,0,0,0,0,920,985,-,-
TXO,202612,20261216.0,45400.0,Call,-,-,-,-,3910.0,-,-,0,0,0,1,3860,4030,6500,2250
TXO,202612,20261216.0,45400.0,Put,-,-,-,-,985.0,-,-,0,0,0,5,955,1020,6540,1380
TXO,202612,20261216.0,45500.0,Call,-,-,-,-,3840.0,-,-,0,0,0,0,3770,-,-,-
TXO,202612,20261216.0,45500.0,Put,-,-,-,-,1010.0,-,-,0,0,0,0,975,1040,-,-
TXO,202612,20261216.0,45600.0,Call,-,-,-,-,3770.0,-,-,0,0,0,3,3720,-,6160,1070
TXO,202612,20261216.0,45600.0,Put,-,-,-,-,1040.0,-,-,0,0,0,3,1000,1060,7000,1450
TXO,202612,20261216.0,45700.0,Call,-,-,-,-,3700.0,-,-,0,0,0,0,3650,-,-,-
TXO,202612,20261216.0,45700.0,Put,-,-,-,-,1070.0,-,-,0,0,0,0,1020,1100,-,-
TXO,202612,20261216.0,45800.0,Call,-,-,-,-,3630.0,-,-,0,0,0,7,3570,-,3200,1980
TXO,202612,20261216.0,45800.0,Put,-,-,-,-,1100.0,-,-,0,0,0,2,1060,1140,1550,1510
TXO,202612,20261216.0,45900.0,Call,-,-,-,-,3560.0,-,-,0,0,0,0,3490,3630,-,-
TXO,202612,20261216.0,45900.0,Put,-,-,-,-,1130.0,-,-,0,0,0,0,1080,1160,-,-
TXO,202612,20261216.0,46000.0,Call,-,-,-,-,3490.0,-,-,0,0,0,259,3410,3500,5560,1640
TXO,202612,20261216.0,46000.0,Put,1200,1200,1200,1200,1160.0,▼-180,▼-13.04%,0,1,1,194,1120,1200,7060,1200
TXO,202612,20261216.0,46100.0,Call,-,-,-,-,3420.0,-,-,0,0,0,0,3360,3490,-,-
TXO,202612,20261216.0,46100.0,Put,-,-,-,-,1190.0,-,-,0,0,0,0,1140,1220,-,-
TXO,202612,20261216.0,46200.0,Call,-,-,-,-,3350.0,-,-,0,0,0,2,3270,3420,2620,2300
TXO,202612,20261216.0,46200.0,Put,-,-,-,-,1220.0,-,-,0,0,0,2,1160,1240,7260,1650
TXO,202612,20261216.0,46300.0,Call,-,-,-,-,3280.0,-,-,0,0,0,0,3230,3350,-,-
TXO,202612,20261216.0,46300.0,Put,-,-,-,-,1250.0,-,-,0,0,0,0,1210,1290,-,-
TXO,202612,20261216.0,46400.0,Call,-,-,-,-,3220.0,-,-,0,0,0,3,3150,3290,5700,1560
TXO,202612,20261216.0,46400.0,Put,-,-,-,-,1290.0,-,-,0,0,0,2,1250,1330,5970,1720
TXO,202612,20261216.0,46500.0,Call,-,-,-,-,3150.0,-,-,0,0,0,0,3100,3220,-,-
TXO,202612,20261216.0,46500.0,Put,-,-,-,-,1320.0,-,-,0,0,0,0,1280,1360,-,-
TXO,202612,20261216.0,46600.0,Call,3040,3050,3040,3050,3090.0,▲+340,▲+12.55%,0,2,2,53,3020,3160,6500,1500
TXO,202612,20261216.0,46600.0,Put,-,-,-,-,1350.0,-,-,0,0,0,7,1310,1390,2550,1800
TXO,202612,20261216.0,46700.0,Call,-,-,-,-,3020.0,-,-,0,0,0,0,2970,3090,-,-
TXO,202612,20261216.0,46700.0,Put,-,-,-,-,1390.0,-,-,0,0,0,0,1350,1430,-,-
TXO,202612,20261216.0,46800.0,Call,-,-,-,-,2950.0,-,-,0,0,0,12,2890,3030,5870,1500
TXO,202612,20261216.0,46800.0,Put,-,-,-,-,1420.0,-,-,0,0,0,5,1390,1470,7770,2120
TXO,202612,20261216.0,46900.0,Call,-,-,-,-,2890.0,-,-,0,0,0,0,2840,2960,-,-
TXO,202612,20261216.0,46900.0,Put,-,-,-,-,1460.0,-,-,0,0,0,0,1420,1500,-,-
TXO,202612,20261216.0,47000.0,Call,-,-,-,-,2830.0,-,-,0,0,0,236,2800,2920,6430,1420
TXO,202612,20261216.0,47000.0,Put,-,-,-,-,1500.0,-,-,0,0,0,18,1460,1540,7620,1980
TXO,202612,20261216.0,47100.0,Call,-,-,-,-,2770.0,-,-,0,0,0,0,2720,2840,-,-
TXO,202612,20261216.0,47100.0,Put,-,-,-,-,1540.0,-,-,0,0,0,0,1490,1570,-,-
TXO,202612,20261216.0,47200.0,Call,-,-,-,-,2710.0,-,-,0,0,0,62,2650,2770,4830,1680
TXO,202612,20261216.0,47200.0,Put,-,-,-,-,1580.0,-,-,0,0,0,1,1540,1620,2150,2150
TXO,202612,20261216.0,47300.0,Call,-,-,-,-,2650.0,-,-,0,0,0,0,2600,2710,-,-
TXO,202612,20261216.0,47300.0,Put,-,-,-,-,1620.0,-,-,0,0,0,0,1570,1650,-,-
TXO,202612,20261216.0,47400.0,Call,2310,2500,2310,2500,2590.0,▲+250,▲+11.11%,0,8,8,68,2540,2660,5670,1700
TXO,202612,20261216.0,47400.0,Put,-,-,-,-,1660.0,-,-,0,0,0,1,1620,1700,6210,2250
TXO,202612,20261216.0,47500.0,Call,-,-,-,-,2530.0,-,-,0,0,0,0,2480,2590,-,-
TXO,202612,20261216.0,47500.0,Put,-,-,-,-,1700.0,-,-,0,0,0,0,1650,1730,-,-
TXO,202612,20261216.0,47600.0,Call,-,-,-,-,2470.0,-,-,0,0,0,53,2420,2520,5180,1100
TXO,202612,20261216.0,47600.0,Put,-,-,-,-,1740.0,-,-,0,0,0,5,1700,1780,6310,2720
TXO,202612,20261216.0,47700.0,Call,-,-,-,-,2410.0,-,-,0,0,0,1,2380,2480,2030,2030
TXO,202612,20261216.0,47700.0,Put,-,-,-,-,1780.0,-,-,0,0,0,0,1730,1810,-,-
TXO,202612,20261216.0,47800.0,Call,-,-,-,-,2360.0,-,-,0,0,0,9,2320,2420,5050,1290
TXO,202612,20261216.0,47800.0,Put,-,-,-,-,1820.0,-,-,0,0,0,2,1780,1860,5750,4890
TXO,202612,20261216.0,47900.0,Call,-,-,-,-,2310.0,-,-,0,0,0,0,2260,2360,-,-
TXO,202612,20261216.0,47900.0,Put,-,-,-,-,1870.0,-,-,0,0,0,0,1820,1910,-,-
TXO,202612,20261216.0,48000.0,Call,2100,2230,2100,2230,2260.0,▲+290,▲+14.95%,0,13,13,57,2220,2320,5100,1330
TXO,202612,20261216.0,48000.0,Put,-,-,-,-,1910.0,-,-,0,0,0,8,1870,1960,8030,2620
TXO,202612,20261216.0,48100.0,Call,-,-,-,-,2200.0,-,-,0,0,0,0,2150,2250,-,-
TXO,202612,20261216.0,48100.0,Put,-,-,-,-,1960.0,-,-,0,0,0,0,1910,2000,-,-
TXO,202612,20261216.0,48200.0,Call,-,-,-,-,2150.0,-,-,1,0,1,7,2090,2190,3960,1880
TXO,202612,20261216.0,48200.0,Put,-,-,-,-,2010.0,-,-,1,0,1,5,1970,2010,5860,2250
TXO,202612,20261216.0,48300.0,Call,-,-,-,-,2100.0,-,-,0,0,0,0,2040,2140,-,-
TXO,202612,20261216.0,48300.0,Put,-,-,-,-,2060.0,-,-,0,0,0,0,2000,2090,-,-
TXO,202612,20261216.0,48400.0,Call,-,-,-,-,2050.0,-,-,0,0,0,5,2030,2090,5700,1520
TXO,202612,20261216.0,48400.0,Put,-,-,-,-,2110.0,-,-,0,0,0,4,2050,2150,5920,5910
TXO,202612,20261216.0,48500.0,Call,-,-,-,-,1990.0,-,-,0,0,0,2,1960,2050,1560,1360
TXO,202612,20261216.0,48500.0,Put,-,-,-,-,2150.0,-,-,0,0,0,0,2100,2190,-,-
TXO,202612,20261216.0,48600.0,Call,-,-,-,-,1940.0,-,-,0,0,0,5,1890,1980,4880,1710
TXO,202612,20261216.0,48600.0,Put,-,-,-,-,2200.0,-,-,0,0,0,0,2150,2250,6090,4600
TXO,202612,20261216.0,48700.0,Call,-,-,-,-,1900.0,-,-,0,0,0,0,1850,1940,-,-
TXO,202612,20261216.0,48700.0,Put,-,-,-,-,2250.0,-,-,0,0,0,0,2190,2290,-,-
TXO,202612,20261216.0,48800.0,Call,-,-,-,-,1850.0,-,-,0,0,0,0,1800,1890,-,-
TXO,202612,20261216.0,48800.0,Put,-,-,-,-,2310.0,-,-,0,0,0,1,2250,2350,8920,4350
TXO,202612,20261216.0,48900.0,Call,-,-,-,-,1800.0,-,-,0,0,0,0,1750,1830,-,-
TXO,202612,20261216.0,48900.0,Put,-,-,-,-,2350.0,-,-,0,0,0,0,2290,2400,-,-
TXO,202612,20261216.0,49000.0,Call,-,-,-,-,1750.0,-,-,0,0,0,422,1700,1780,5280,1070
TXO,202612,20261216.0,49000.0,Put,-,-,-,-,2400.0,-,-,0,0,0,5,-,2460,6900,3080
TXO,202612,20261216.0,49100.0,Call,-,-,-,-,1710.0,-,-,0,0,0,0,1660,1740,1310,1170
TXO,202612,20261216.0,49100.0,Put,-,-,-,-,2460.0,-,-,0,0,0,0,-,2500,-,-
TXO,202612,20261216.0,49200.0,Call,-,-,-,-,1660.0,-,-,0,0,0,16,1610,1690,4080,995
TXO,202612,20261216.0,49200.0,Put,-,-,-,-,2510.0,-,-,0,0,0,1,2450,2570,4800,4800
TXO,202612,20261216.0,49300.0,Call,-,-,-,-,1610.0,-,-,0,0,0,0,1570,1650,-,-
TXO,202612,20261216.0,49300.0,Put,-,-,-,-,2570.0,-,-,0,0,0,0,-,2610,-,-
TXO,202612,20261216.0,49400.0,Call,-,-,-,-,1560.0,-,-,0,0,0,5,1520,1600,3760,1240
TXO,202612,20261216.0,49400.0,Put,-,-,-,-,2620.0,-,-,0,0,0,3,2560,2670,8650,4900
TXO,202612,20261216.0,49500.0,Call,-,-,-,-,1520.0,-,-,0,0,0,0,-,-,-,-
TXO,202612,20261216.0,49500.0,Put,-,-,-,-,2680.0,-,-,0,0,0,0,-,2720,-,-
TXO,202612,20261216.0,49600.0,Call,-,-,-,-,1480.0,-,-,0,0,0,10,1440,1520,4800,1160
TXO,202612,20261216.0,49600.0,Put,-,-,-,-,2740.0,-,-,0,0,0,0,-,2780,6900,5500
TXO,202612,20261216.0,49700.0,Call,1430,1430,1430,1430,1430.0,▲+240,▲+20.17%,0,1,1,1,1390,1470,1430,1430
TXO,202612,20261216.0,49700.0,Put,-,-,-,-,2800.0,-,-,0,0,0,0,2730,2850,-,-
TXO,202612,20261216.0,49800.0,Call,-,-,-,-,1400.0,-,-,0,0,0,0,1350,1430,2780,960
TXO,202612,20261216.0,49800.0,Put,-,-,-,-,2860.0,-,-,0,0,0,0,2790,2900,-,-
TXO,202612,20261216.0,49900.0,Call,-,-,-,-,1360.0,-,-,0,0,0,0,1320,1400,-,-
TXO,202612,20261216.0,49900.0,Put,-,-,-,-,2910.0,-,-,0,0,0,0,2850,2960,-,-
TXO,202612,20261216.0,50000.0,Call,1140,1240,1140,1240,1320.0,▲+150,▲+13.76%,17,6,23,129,1270,1350,5000,810
TXO,202612,20261216.0,50000.0,Put,-,-,-,-,2970.0,-,-,0,0,0,12,2910,3020,9900,4000
TXO,202612,20261216.0,50100.0,Call,-,-,-,-,1280.0,-,-,0,0,0,0,1240,1320,-,-
TXO,202612,20261216.0,50100.0,Put,-,-,-,-,3030.0,-,-,0,0,0,0,2970,3080,-,-
TXO,202612,20261216.0,50200.0,Call,-,-,-,-,1240.0,-,-,0,0,0,5,1190,1270,4800,945
TXO,202612,20261216.0,50200.0,Put,-,-,-,-,3090.0,-,-,0,0,0,2,-,3150,5420,5400
TXO,202612,20261216.0,50300.0,Call,-,-,-,-,1200.0,-,-,0,0,0,0,1160,1240,-,-
TXO,202612,20261216.0,50300.0,Put,-,-,-,-,3150.0,-,-,0,0,0,0,-,3200,-,-
TXO,202612,20261216.0,50400.0,Call,-,-,-,-,1170.0,-,-,0,0,0,40,1120,1200,5200,840
TXO,202612,20261216.0,50400.0,Put,-,-,-,-,3220.0,-,-,0,0,0,4,-,3260,9460,5540
TXO,202612,20261216.0,50500.0,Call,-,-,-,-,1140.0,-,-,1,0,1,1,1090,1170,900,900
TXO,202612,20261216.0,50500.0,Put,-,-,-,-,3280.0,-,-,0,0,0,0,-,3330,-,-
TXO,202612,20261216.0,50600.0,Call,-,-,-,-,1100.0,-,-,0,0,0,1,1050,1130,3640,705
TXO,202612,20261216.0,50600.0,Put,-,-,-,-,3350.0,-,-,0,0,0,2,-,3460,5690,5670
TXO,202612,20261216.0,50700.0,Call,-,-,-,-,1070.0,-,-,0,0,0,0,1020,1100,-,-
TXO,202612,20261216.0,50700.0,Put,-,-,-,-,3420.0,-,-,0,0,0,0,-,3470,-,-
TXO,202612,20261216.0,50800.0,Call,-,-,-,-,1040.0,-,-,0,0,0,13,1000,1070,3620,720
TXO,202612,20261216.0,50800.0,Put,-,-,-,-,3490.0,-,-,0,0,0,0,-,3530,-,-
TXO,202612,20261216.0,50900.0,Call,-,-,-,-,1000.0,-,-,0,0,0,0,965,1030,-,-
TXO,202612,20261216.0,50900.0,Put,-,-,-,-,3550.0,-,-,0,0,0,0,-,3590,-,-
TXO,202612,20261216.0,51000.0,Call,900,900,900,900,965.0,▲+115,▲+14.65%,2,10,12,31,930,995,4420,670
TXO,202612,20261216.0,51000.0,Put,-,-,-,-,3610.0,-,-,0,0,0,0,-,3660,-,-
TXO,202612,20261216.0,51100.0,Call,-,-,-,-,935.0,-,-,0,0,0,0,905,970,-,-
TXO,202612,20261216.0,51100.0,Put,-,-,-,-,3680.0,-,-,0,0,0,0,-,3730,-,-
TXO,202612,20261216.0,51200.0,Call,-,-,-,-,910.0,-,-,0,0,0,5,870,935,950,950
TXO,202612,20261216.0,51200.0,Put,-,-,-,-,3750.0,-,-,0,0,0,0,-,3800,-,-
TXO,202612,20261216.0,51300.0,Call,-,-,-,-,880.0,-,-,0,0,0,0,845,910,-,-
TXO,202612,20261216.0,51300.0,Put,-,-,-,-,3830.0,-,-,0,0,0,0,-,3870,-,-
TXO,202612,20261216.0,51400.0,Call,-,-,-,-,855.0,-,-,2,0,2,2,815,880,1950,680
TXO,202612,20261216.0,51400.0,Put,-,-,-,-,3900.0,-,-,0,0,0,0,-,-,-,-
TXO,202612,20261216.0,51500.0,Call,-,-,-,-,830.0,-,-,0,0,0,0,795,855,-,-
TXO,202612,20261216.0,51500.0,Put,-,-,-,-,3970.0,-,-,0,0,0,0,-,4020,-,-
TXO,202612,20261216.0,51600.0,Call,-,-,-,-,800.0,-,-,0,0,0,0,760,820,3280,2950
TXO,202612,20261216.0,51600.0,Put,-,-,-,-,4040.0,-,-,0,0,0,0,-,4100,-,-
TXO,202612,20261216.0,51700.0,Call,-,-,-,-,770.0,-,-,0,0,0,0,740,795,-,-
TXO,202612,20261216.0,51700.0,Put,-,-,-,-,4110.0,-,-,0,0,0,0,-,4160,-,-
TXO,202612,20261216.0,51800.0,Call,710,710,710,710,745.0,▲+115,▲+19.33%,0,5,5,4,715,770,2550,510
TXO,202612,20261216.0,51800.0,Put,-,-,-,-,4190.0,-,-,0,0,0,0,-,4240,-,-
TXO,202612,20261216.0,51900.0,Call,685,685,685,685,720.0,▲+115,▲+20.18%,0,1,1,1,690,745,685,685
TXO,202612,20261216.0,51900.0,Put,-,-,-,-,4260.0,-,-,0,0,0,0,-,4320,-,-
TXO,202612,20261216.0,52000.0,Call,-,-,-,-,695.0,-,-,0,0,0,247,665,715,3380,478
TXO,202612,20261216.0,52000.0,Put,-,-,-,-,4340.0,-,-,0,0,0,0,-,4390,-,-
TXO,202612,20261216.0,52100.0,Call,645,645,645,645,675.0,▲+125,▲+24.04%,0,1,1,5,645,695,645,500
TXO,202612,20261216.0,52100.0,Put,-,-,-,-,4420.0,-,-,0,0,0,0,-,4460,-,-
TXO,202612,20261216.0,52200.0,Call,-,-,-,-,655.0,-,-,0,0,0,0,625,675,1150,570
TXO,202612,20261216.0,52200.0,Put,-,-,-,-,4490.0,-,-,0,0,0,0,-,-,-,-
TXO,202612,20261216.0,52300.0,Call,-,-,-,-,630.0,-,-,0,0,0,0,605,650,-,-
TXO,202612,20261216.0,52300.0,Put,-,-,-,-,4570.0,-,-,0,0,0,0,-,4630,-,-
TXO,202612,20261216.0,52400.0,Call,-,-,-,-,610.0,-,-,0,0,0,15,580,625,3950,450
TXO,202612,20261216.0,52400.0,Put,-,-,-,-,4650.0,-,-,0,0,0,0,-,4700,8790,6780
TXO,202612,20261216.0,52500.0,Call,555,555,555,555,590.0,▲+97,▲+21.18%,0,1,1,1,565,610,555,555
TXO,202612,20261216.0,52500.0,Put,-,-,-,-,4730.0,-,-,0,0,0,0,-,4770,-,-
TXO,202612,20261216.0,52600.0,Call,-,-,-,-,570.0,-,-,0,0,0,1,540,580,1820,390
TXO,202612,20261216.0,52600.0,Put,-,-,-,-,4810.0,-,-,0,0,0,0,-,4850,-,-
TXO,202612,20261216.0,52700.0,Call,-,-,-,-,545.0,-,-,0,0,0,0,525,565,-,-
TXO,202612,20261216.0,52700.0,Put,-,-,-,-,4890.0,-,-,0,0,0,0,-,4940,-,-
TXO,202612,20261216.0,52800.0,Call,-,-,-,-,525.0,-,-,0,0,0,6,505,545,2770,425
TXO,202612,20261216.0,52800.0,Put,-,-,-,-,4970.0,-,-,0,0,0,0,-,5020,-,-
TXO,202612,20261216.0,52900.0,Call,-,-,-,-,510.0,-,-,0,0,0,0,490,530,-,-
TXO,202612,20261216.0,52900.0,Put,-,-,-,-,5050.0,-,-,0,0,0,0,-,5110,-,-
TXO,202612,20261216.0,53000.0,Call,510,510,475,475,475.0,▲+90,▲+23.38%,0,3,3,392,475,515,2970,282
TXO,202612,20261216.0,53000.0,Put,-,-,-,-,5130.0,-,-,0,0,0,0,-,5190,-,-
TXO,202612,20261216.0,53100.0,Call,-,-,-,-,467.0,-,-,0,0,0,0,454,494,-,-
TXO,202612,20261216.0,53100.0,Put,-,-,-,-,5210.0,-,-,0,0,0,0,-,5270,-,-
TXO,202612,20261216.0,53200.0,Call,-,-,-,-,459.0,-,-,0,0,0,12,435,475,3950,479
TXO,202612,20261216.0,53200.0,Put,-,-,-,-,5300.0,-,-,0,0,0,0,-,5360,-,-
TXO,202612,20261216.0,53300.0,Call,404,404,404,404,443.0,▲+63,▲+18.48%,0,1,1,1,420,460,404,404
TXO,202612,20261216.0,53300.0,Put,-,-,-,-,5380.0,-,-,0,0,0,0,-,5440,-,-
TXO,202612,20261216.0,53400.0,Call,-,-,-,-,428.0,-,-,0,0,0,4,404,444,2870,895
TXO,202612,20261216.0,53400.0,Put,-,-,-,-,5460.0,-,-,0,0,0,0,-,5510,-,-
TXO,202612,20261216.0,53500.0,Call,-,-,-,-,413.0,-,-,0,0,0,0,241,-,-,-
TXO,202612,20261216.0,53500.0,Put,-,-,-,-,5550.0,-,-,0,0,0,0,-,5610,-,-
TXO,202612,20261216.0,53600.0,Call,-,-,-,-,399.0,-,-,0,0,0,3,378,411,900,825
TXO,202612,20261216.0,53600.0,Put,-,-,-,-,5630.0,-,-,0,0,0,0,-,5700,-,-
TXO,202612,20261216.0,53700.0,Call,-,-,-,-,385.0,-,-,0,0,0,0,367,400,-,-
TXO,202612,20261216.0,53700.0,Put,-,-,-,-,5720.0,-,-,0,0,0,0,-,5770,-,-
TXO,202612,20261216.0,53800.0,Call,-,-,-,-,371.0,-,-,0,0,0,2,353,383,2640,329
TXO,202612,20261216.0,53800.0,Put,-,-,-,-,5800.0,-,-,0,0,0,0,-,5860,-,-
TXO,202612,20261216.0,53900.0,Call,-,-,-,-,357.0,-,-,0,0,0,0,341,371,-,-
TXO,202612,20261216.0,53900.0,Put,-,-,-,-,5890.0,-,-,0,0,0,0,-,5960,-,-
TXO,202612,20261216.0,54000.0,Call,-,-,-,-,336.0,-,-,0,0,0,316,328,349,3360,210
TXO,202612,20261216.0,54000.0,Put,-,-,-,-,5970.0,-,-,0,0,0,0,-,6030,-,-
TXO,202612,20261216.0,54100.0,Call,-,-,-,-,332.0,-,-,0,0,0,0,318,345,-,-
TXO,202612,20261216.0,54100.0,Put,-,-,-,-,6060.0,-,-,0,0,0,0,-,-,-,-
TXO,202612,20261216.0,54200.0,Call,-,-,-,-,321.0,-,-,0,0,0,2,305,332,840,380
TXO,202612,20261216.0,54200.0,Put,-,-,-,-,6150.0,-,-,0,0,0,0,-,6210,-,-
TXO,202612,20261216.0,54300.0,Call,-,-,-,-,311.0,-,-,0,0,0,0,298,323,-,-
TXO,202612,20261216.0,54300.0,Put,-,-,-,-,6240.0,-,-,0,0,0,0,-,6300,-,-
TXO,202612,20261216.0,54400.0,Call,-,-,-,-,300.0,-,-,0,0,0,5,284,309,2050,220
TXO,202612,20261216.0,54400.0,Put,-,-,-,-,6330.0,-,-,0,0,0,0,-,6390,-,-
TXO,202612,20261216.0,54600.0,Call,-,-,-,-,279.0,-,-,0,0,0,0,264,289,1420,243
TXO,202612,20261216.0,54600.0,Put,-,-,-,-,6510.0,-,-,0,0,0,0,-,6570,-,-
TXO,202612,20261216.0,54800.0,Call,-,-,-,-,260.0,-,-,0,0,0,22,245,270,3060,184
TXO,202612,20261216.0,54800.0,Put,-,-,-,-,6690.0,-,-,0,0,0,0,-,6750,-,-
TXO,202612,20261216.0,55000.0,Call,-,-,-,-,242.0,-,-,2,0,2,47,228,253,2920,153
TXO,202612,20261216.0,55000.0,Put,-,-,-,-,6870.0,-,-,0,0,0,0,-,6940,-,-
TXO,202612,20261216.0,55200.0,Call,-,-,-,-,226.0,-,-,0,0,0,2,211,236,1980,207
TXO,202612,20261216.0,55200.0,Put,-,-,-,-,7050.0,-,-,0,0,0,0,-,7120,-,-
TXO,202612,20261216.0,55400.0,Call,-,-,-,-,210.0,-,-,0,0,0,5,196,221,2930,370
TXO,202612,20261216.0,55400.0,Put,-,-,-,-,7240.0,-,-,0,0,0,0,-,7330,-,-
TXO,202612,20261216.0,55600.0,Call,191,203,189,203,203.0,▲+58,▲+40.00%,0,93,93,113,182,207,2150,120
TXO,202612,20261216.0,55600.0,Put,-,-,-,-,7420.0,-,-,0,0,0,0,-,7500,-,-
TXO,202612,20261216.0,55800.0,Call,-,-,-,-,181.0,-,-,0,0,0,17,168,193,3020,140
TXO,202612,20261216.0,55800.0,Put,-,-,-,-,7610.0,-,-,0,0,0,0,-,7680,-,-
TXO,202612,20261216.0,56000.0,Call,-,-,-,-,169.0,-,-,0,0,0,9,156,181,2170,130
TXO,202612,20261216.0,56000.0,Put,-,-,-,-,7790.0,-,-,0,0,0,0,-,7860,-,-
TXO,202612,20261216.0,56200.0,Call,-,-,-,-,157.0,-,-,0,0,0,4,146,170,1900,101
TXO,202612,20261216.0,56200.0,Put,-,-,-,-,7980.0,-,-,0,0,0,0,-,8050,-,-
TXO,202612,20261216.0,56400.0,Call,-,-,-,-,146.0,-,-,0,0,0,15,134,159,1770,105
TXO,202612,20261216.0,56400.0,Put,-,-,-,-,8170.0,-,-,0,0,0,0,-,8250,-,-
TXO,202612,20261216.0,56600.0,Call,120,120,120,120,136.0,▲+23,▲+23.71%,0,5,5,5,124,149,495,97
TXO,202612,20261216.0,56600.0,Put,-,-,-,-,8360.0,-,-,0,0,0,0,-,8450,-,-
TXO,202612,20261216.0,56800.0,Call,-,-,-,-,127.0,-,-,0,0,0,1,115,139,1830,178
TXO,202612,20261216.0,56800.0,Put,-,-,-,-,8550.0,-,-,0,0,0,0,-,8630,-,-
TXO,202612,20261216.0,57000.0,Call,-,-,-,-,118.0,-,-,0,0,0,498,106,130,2500,110
TXO,202612,20261216.0,57000.0,Put,-,-,-,-,8740.0,-,-,0,0,0,0,-,8830,-,-
TXO,202612,20261216.0,57200.0,Call,-,-,-,-,111.0,-,-,0,0,0,8,100,121,1880,130
TXO,202612,20261216.0,57200.0,Put,-,-,-,-,8930.0,-,-,0,0,0,121,-,8990,11110,10360
TXO,202612,20261216.0,57400.0,Call,96,111,96,102,102.0,▲+25,▲+32.47%,0,49,49,250,98,112,1870,21
TXO,202612,20261216.0,57400.0,Put,-,-,-,-,9120.0,-,-,0,0,0,0,-,9210,-,-
TXO,202703,20270317.0,31800.0,Call,-,-,-,-,16960.0,-,-,0,0,0,1,16900,17190,15660,15660
TXO,202703,20270317.0,31800.0,Put,117,117,117,117,104.0,▲+1,▲+0.86%,1,1,2,106,100,110,1020,102
TXO,202703,20270317.0,32000.0,Call,-,-,-,-,16770.0,-,-,0,0,0,0,16690,16950,-,-
TXO,202703,20270317.0,32000.0,Put,104,104,104,104,109.0,▼-16,▼-13.33%,1,1,2,19,101,118,1360,104
TXO,202703,20270317.0,32200.0,Call,-,-,-,-,16580.0,-,-,0,0,0,0,16480,16750,-,-
TXO,202703,20270317.0,32200.0,Put,-,-,-,-,112.0,-,-,0,0,0,1,104,121,265,210
TXO,202703,20270317.0,32400.0,Call,-,-,-,-,16380.0,-,-,0,0,0,0,16300,16580,-,-
TXO,202703,20270317.0,32400.0,Put,-,-,-,-,115.0,-,-,0,0,0,0,107,124,331,290
TXO,202703,20270317.0,32600.0,Call,-,-,-,-,16190.0,-,-,0,0,0,0,16090,16390,-,-
TXO,202703,20270317.0,32600.0,Put,-,-,-,-,119.0,-,-,0,0,0,0,110,128,375,356
TXO,202703,20270317.0,32800.0,Call,-,-,-,-,15990.0,-,-,0,0,0,0,15910,-,-,-
TXO,202703,20270317.0,32800.0,Put,-,-,-,-,122.0,-,-,0,0,0,1,113,131,415,195
TXO,202703,20270317.0,33000.0,Call,-,-,-,-,15800.0,-,-,0,0,0,0,15720,-,-,-
TXO,202703,20270317.0,33000.0,Put,-,-,-,-,125.0,-,-,0,0,0,11,117,135,469,178
TXO,202703,20270317.0,33200.0,Call,-,-,-,-,15600.0,-,-,0,0,0,0,15530,15800,-,-
TXO,202703,20270317.0,33200.0,Put,-,-,-,-,129.0,-,-,0,0,0,2,119,141,1690,154
TXO,202703,20270317.0,33400.0,Call,-,-,-,-,15410.0,-,-,0,0,0,0,15340,15570,-,-
TXO,202703,20270317.0,33400.0,Put,-,-,-,-,133.0,-,-,0,0,0,0,123,145,-,-
TXO,202703,20270317.0,33600.0,Call,-,-,-,-,15210.0,-,-,0,0,0,0,15130,15380,-,-
TXO,202703,20270317.0,33600.0,Put,-,-,-,-,137.0,-,-,0,0,0,1,127,149,935,184
TXO,202703,20270317.0,33800.0,Call,-,-,-,-,15020.0,-,-,0,0,0,0,14910,15200,-,-
TXO,202703,20270317.0,33800.0,Put,-,-,-,-,142.0,-,-,0,0,0,21,131,154,1850,178
TXO,202703,20270317.0,34000.0,Call,-,-,-,-,14830.0,-,-,0,0,0,0,14730,-,-,-
TXO,202703,20270317.0,34000.0,Put,149,149,149,149,149.0,▼-18,▼-10.78%,0,1,1,4,138,159,1420,149
TXO,202703,20270317.0,34200.0,Call,-,-,-,-,14630.0,-,-,0,0,0,0,14550,14820,-,-
TXO,202703,20270317.0,34200.0,Put,-,-,-,-,151.0,-,-,0,0,0,1,140,165,1390,243
TXO,202703,20270317.0,34400.0,Call,-,-,-,-,14440.0,-,-,0,0,0,0,14330,14620,-,-
TXO,202703,20270317.0,34400.0,Put,-,-,-,-,157.0,-,-,0,0,0,0,144,171,-,-
TXO,202703,20270317.0,34600.0,Call,-,-,-,-,14250.0,-,-,0,0,0,0,14170,14440,13810,12940
TXO,202703,20270317.0,34600.0,Put,-,-,-,-,163.0,-,-,1,0,1,3,150,177,915,190
TXO,202703,20270317.0,34800.0,Call,-,-,-,-,14060.0,-,-,0,0,0,0,13990,14240,-,-
TXO,202703,20270317.0,34800.0,Put,-,-,-,-,169.0,-,-,0,0,0,1,155,183,1000,515
TXO,202703,20270317.0,35000.0,Call,-,-,-,-,13860.0,-,-,0,0,0,0,13780,14030,-,-
TXO,202703,20270317.0,35000.0,Put,-,-,-,-,175.0,-,-,0,0,0,45,175,190,1600,240
TXO,202703,20270317.0,35200.0,Call,-,-,-,-,13670.0,-,-,0,0,0,0,13590,-,-,-
TXO,202703,20270317.0,35200.0,Put,-,-,-,-,182.0,-,-,0,0,0,3,167,198,515,290
TXO,202703,20270317.0,35400.0,Call,-,-,-,-,13480.0,-,-,0,0,0,0,13410,-,-,-
TXO,202703,20270317.0,35400.0,Put,193,193,193,193,193.0,▼-27,▼-12.27%,15,1,16,10,173,206,695,193
TXO,202703,20270317.0,35600.0,Call,-,-,-,-,13290.0,-,-,0,0,0,0,13220,13450,-,-
TXO,202703,20270317.0,35600.0,Put,217,217,203,203,203.0,▼-27,▼-11.74%,0,2,2,28,180,214,2340,203
TXO,202703,20270317.0,35800.0,Call,-,-,-,-,13100.0,-,-,0,0,0,0,13030,-,-,-
TXO,202703,20270317.0,35800.0,Put,235,235,235,235,204.0,▼-10,▼-4.08%,0,1,1,15,188,223,2050,235
TXO,202703,20270317.0,36000.0,Call,-,-,-,-,12910.0,-,-,0,0,0,0,12840,-,-,-
TXO,202703,20270317.0,36000.0,Put,224,224,224,224,213.0,▼-36,▼-13.85%,6,1,7,71,197,230,2380,224
TXO,202703,20270317.0,36200.0,Call,-,-,-,-,12720.0,-,-,0,0,0,0,12650,-,-,-
TXO,202703,20270317.0,36200.0,Put,-,-,-,-,222.0,-,-,0,0,0,1,206,241,2050,289
TXO,202703,20270317.0,36400.0,Call,-,-,-,-,12530.0,-,-,0,0,0,0,12450,-,-,-
TXO,202703,20270317.0,36400.0,Put,-,-,-,-,232.0,-,-,0,0,0,2,215,250,1800,520
TXO,202703,20270317.0,36600.0,Call,-,-,-,-,12350.0,-,-,0,0,0,4,12270,-,13790,11300
TXO,202703,20270317.0,36600.0,Put,261,261,261,261,242.0,▼-27,▼-9.38%,0,1,1,18,226,261,2780,261
TXO,202703,20270317.0,36800.0,Call,-,-,-,-,12160.0,-,-,0,0,0,0,12060,-,-,-
TXO,202703,20270317.0,36800.0,Put,-,-,-,-,253.0,-,-,0,0,0,2,237,272,1990,391
TXO,202703,20270317.0,37000.0,Call,-,-,-,-,11970.0,-,-,0,0,0,0,11900,12120,-,-
TXO,202703,20270317.0,37000.0,Put,-,-,-,-,264.0,-,-,0,0,0,30,247,282,2340,336
TXO,202703,20270317.0,37200.0,Call,-,-,-,-,11790.0,-,-,0,0,0,0,11690,11940,-,-
TXO,202703,20270317.0,37200.0,Put,-,-,-,-,277.0,-,-,0,0,0,3,261,296,1160,460
TXO,202703,20270317.0,37400.0,Call,-,-,-,-,11610.0,-,-,0,0,0,0,11530,-,-,-
TXO,202703,20270317.0,37400.0,Put,-,-,-,-,294.0,-,-,0,0,0,5,278,313,2000,479
TXO,202703,20270317.0,37600.0,Call,-,-,-,-,11420.0,-,-,0,0,0,0,11350,-,-,-
TXO,202703,20270317.0,37600.0,Put,-,-,-,-,304.0,-,-,0,0,0,5,288,323,3020,480
TXO,202703,20270317.0,37800.0,Call,-,-,-,-,11230.0,-,-,0,0,0,0,11160,11380,-,-
TXO,202703,20270317.0,37800.0,Put,-,-,-,-,319.0,-,-,0,0,0,5,301,336,1150,510
TXO,202703,20270317.0,38000.0,Call,-,-,-,-,11050.0,-,-,0,0,0,1,10980,-,11830,11830
TXO,202703,20270317.0,38000.0,Put,374,374,348,348,348.0,▼-71,▼-16.95%,1,4,5,40,317,352,2600,348
TXO,202703,20270317.0,38200.0,Call,-,-,-,-,10870.0,-,-,0,0,0,0,10790,11000,-,-
TXO,202703,20270317.0,38200.0,Put,-,-,-,-,351.0,-,-,0,0,0,1,334,369,1230,482
TXO,202703,20270317.0,38400.0,Call,-,-,-,-,10690.0,-,-,0,0,0,1,10610,10830,10180,10180
TXO,202703,20270317.0,38400.0,Put,-,-,-,-,368.0,-,-,0,0,0,2,351,386,1270,695
TXO,202703,20270317.0,38600.0,Call,-,-,-,-,10510.0,-,-,0,0,0,0,10440,10630,-,-
TXO,202703,20270317.0,38600.0,Put,-,-,-,-,387.0,-,-,0,0,0,3,372,407,2090,480
TXO,202703,20270317.0,38800.0,Call,-,-,-,-,10330.0,-,-,0,0,0,0,10250,-,-,-
TXO,202703,20270317.0,38800.0,Put,-,-,-,-,404.0,-,-,0,0,0,1,387,422,2560,680
TXO,202703,20270317.0,39000.0,Call,-,-,-,-,10150.0,-,-,0,0,0,0,10080,-,-,-
TXO,202703,20270317.0,39000.0,Put,475,475,475,475,423.0,▼-30,▼-5.94%,0,1,1,7,403,448,3400,475
TXO,202703,20270317.0,39200.0,Call,-,-,-,-,9970.0,-,-,0,0,0,0,9860,-,-,-
TXO,202703,20270317.0,39200.0,Put,-,-,-,-,445.0,-,-,0,0,0,1,424,469,2680,1450
TXO,202703,20270317.0,39400.0,Call,-,-,-,-,9800.0,-,-,0,0,0,0,9720,9920,-,-
TXO,202703,20270317.0,39400.0,Put,-,-,-,-,466.0,-,-,0,0,0,4,444,489,2740,640
TXO,202703,20270317.0,39600.0,Call,-,-,-,-,9620.0,-,-,0,0,0,0,9520,9730,-,-
TXO,202703,20270317.0,39600.0,Put,-,-,-,-,490.0,-,-,0,0,0,6,470,515,2830,840
TXO,202703,20270317.0,39800.0,Call,-,-,-,-,9450.0,-,-,0,0,0,0,9360,-,-,-
TXO,202703,20270317.0,39800.0,Put,605,605,605,605,515.0,▼-15,▼-2.42%,0,5,5,3,493,535,3000,605
TXO,202703,20270317.0,40000.0,Call,-,-,-,-,9280.0,-,-,0,0,0,2,9190,-,11530,6000
TXO,202703,20270317.0,40000.0,Put,630,630,600,600,540.0,▼-55,▼-8.40%,0,12,12,36,520,565,4200,600
TXO,202703,20270317.0,40200.0,Call,-,-,-,-,9100.0,-,-,0,0,0,0,9030,-,-,-
TXO,202703,20270317.0,40200.0,Put,590,590,590,590,565.0,▼-80,▼-11.94%,0,7,7,4,545,590,2460,590
TXO,202703,20270317.0,40400.0,Call,-,-,-,-,8930.0,-,-,0,0,0,0,8830,-,6450,5300
TXO,202703,20270317.0,40400.0,Put,-,-,-,-,590.0,-,-,0,0,0,1,570,620,1760,1760
TXO,202703,20270317.0,40600.0,Call,-,-,-,-,8760.0,-,-,0,0,0,0,8670,8870,6950,5530
TXO,202703,20270317.0,40600.0,Put,-,-,-,-,615.0,-,-,0,0,0,0,595,645,-,-
TXO,202703,20270317.0,40800.0,Call,-,-,-,-,8590.0,-,-,0,0,0,0,8490,-,-,-
TXO,202703,20270317.0,40800.0,Put,-,-,-,-,650.0,-,-,0,0,0,2,625,680,4650,990
TXO,202703,20270317.0,41000.0,Call,-,-,-,-,8430.0,-,-,0,0,0,0,8350,8530,8000,5380
TXO,202703,20270317.0,41000.0,Put,-,-,-,-,685.0,-,-,0,0,0,2,650,705,4540,945
TXO,202703,20270317.0,41200.0,Call,-,-,-,-,8270.0,-,-,0,0,0,0,8180,8350,-,-
TXO,202703,20270317.0,41200.0,Put,-,-,-,-,720.0,-,-,0,0,0,3,695,755,3000,850
TXO,202703,20270317.0,41400.0,Call,-,-,-,-,8090.0,-,-,0,0,0,0,8010,-,-,-
TXO,202703,20270317.0,41400.0,Put,-,-,-,-,740.0,-,-,0,0,0,3,715,775,2050,980
TXO,202703,20270317.0,41600.0,Call,-,-,-,-,7930.0,-,-,0,0,0,0,7820,-,-,-
TXO,202703,20270317.0,41600.0,Put,-,-,-,-,780.0,-,-,0,0,0,0,745,810,3390,1120
TXO,202703,20270317.0,41800.0,Call,-,-,-,-,7760.0,-,-,0,0,0,0,7680,-,-,-
TXO,202703,20270317.0,41800.0,Put,-,-,-,-,810.0,-,-,0,0,0,1,780,850,3200,2180
TXO,202703,20270317.0,42000.0,Call,-,-,-,-,7600.0,-,-,0,0,0,1,7520,-,11500,4800
TXO,202703,20270317.0,42000.0,Put,930,930,930,930,850.0,▼-65,▼-6.53%,0,1,1,10,815,885,4320,930
TXO,202703,20270317.0,42200.0,Call,-,-,-,-,7440.0,-,-,0,0,0,0,7360,-,-,-
TXO,202703,20270317.0,42200.0,Put,-,-,-,-,885.0,-,-,0,0,0,1,855,925,2260,2260
TXO,202703,20270317.0,42400.0,Call,-,-,-,-,7280.0,-,-,0,0,0,0,7200,-,-,-
TXO,202703,20270317.0,42400.0,Put,-,-,-,-,925.0,-,-,0,0,0,1,895,965,2370,2370
TXO,202703,20270317.0,42600.0,Call,-,-,-,-,7130.0,-,-,0,0,0,1,7020,-,6610,6610
TXO,202703,20270317.0,42600.0,Put,-,-,-,-,970.0,-,-,0,0,0,1,940,1010,2440,2440
TXO,202703,20270317.0,42800.0,Call,-,-,-,-,6970.0,-,-,0,0,0,1,6890,-,6480,6480
TXO,202703,20270317.0,42800.0,Put,-,-,-,-,1010.0,-,-,0,0,0,1,980,1050,2690,2510
TXO,202703,20270317.0,43000.0,Call,-,-,-,-,6810.0,-,-,0,0,0,0,6700,6900,-,-
TXO,202703,20270317.0,43000.0,Put,-,-,-,-,1050.0,-,-,0,0,0,2,1010,1100,4720,1340
TXO,202703,20270317.0,43200.0,Call,-,-,-,-,6660.0,-,-,0,0,0,1,6580,-,6230,6230
TXO,202703,20270317.0,43200.0,Put,-,-,-,-,1100.0,-,-,0,0,0,1,1060,1150,2660,2660
TXO,202703,20270317.0,43400.0,Call,-,-,-,-,6510.0,-,-,0,0,0,1,6400,-,6110,6110
TXO,202703,20270317.0,43400.0,Put,-,-,-,-,1140.0,-,-,0,0,0,1,1100,1190,3730,3730
TXO,202703,20270317.0,43600.0,Call,-,-,-,-,6360.0,-,-,0,0,0,1,6280,6440,5980,5980
TXO,202703,20270317.0,43600.0,Put,-,-,-,-,1190.0,-,-,0,0,0,0,1150,1240,6100,3200
TXO,202703,20270317.0,43800.0,Call,-,-,-,-,6210.0,-,-,0,0,0,0,6130,6290,-,-
TXO,202703,20270317.0,43800.0,Put,-,-,-,-,1240.0,-,-,1,0,1,1,1200,1290,5820,1410
TXO,202703,20270317.0,44000.0,Call,-,-,-,-,6060.0,-,-,0,0,0,13,5990,6140,9500,5370
TXO,202703,20270317.0,44000.0,Put,-,-,-,-,1290.0,-,-,0,0,0,19,1250,1340,5230,1560
TXO,202703,20270317.0,44200.0,Call,-,-,-,-,5920.0,-,-,0,0,0,2,5830,-,6100,3340
TXO,202703,20270317.0,44200.0,Put,-,-,-,-,1350.0,-,-,0,0,0,1,1310,1400,3040,3040
TXO,202703,20270317.0,44400.0,Call,5740,5740,5740,5740,5770.0,▲+380,▲+7.09%,0,1,1,1,5670,-,5740,5140
TXO,202703,20270317.0,44400.0,Put,-,-,-,-,1400.0,-,-,0,0,0,1,1360,1450,3130,1920
TXO,202703,20270317.0,44600.0,Call,-,-,-,-,5640.0,-,-,0,0,0,2,5520,-,5300,3600
TXO,202703,20270317.0,44600.0,Put,-,-,-,-,1460.0,-,-,0,0,0,1,1420,1510,3210,1990
TXO,202703,20270317.0,44800.0,Call,-,-,-,-,5500.0,-,-,0,0,0,1,5380,5570,4880,4470
TXO,202703,20270317.0,44800.0,Put,-,-,-,-,1520.0,-,-,0,0,0,4,1470,1560,5330,1970
TXO,202703,20270317.0,45000.0,Call,-,-,-,-,5360.0,-,-,0,0,0,21,5250,-,5180,3280
TXO,202703,20270317.0,45000.0,Put,-,-,-,-,1580.0,-,-,0,0,0,1,1530,1620,5500,2080
TXO,202703,20270317.0,45200.0,Call,-,-,-,-,5230.0,-,-,0,0,0,3,5110,-,5400,4800
TXO,202703,20270317.0,45200.0,Put,-,-,-,-,1650.0,-,-,0,0,0,1,1590,1680,3470,3470
TXO,202703,20270317.0,45400.0,Call,-,-,-,-,5100.0,-,-,0,0,0,1,4990,5200,4940,4000
TXO,202703,20270317.0,45400.0,Put,-,-,-,-,1710.0,-,-,0,0,0,2,1650,1740,3560,2900
TXO,202703,20270317.0,45600.0,Call,-,-,-,-,4950.0,-,-,0,0,0,1,4820,5090,4850,4850
TXO,202703,20270317.0,45600.0,Put,-,-,-,-,1760.0,-,-,0,0,0,1,1720,1820,3650,3650
TXO,202703,20270317.0,45800.0,Call,-,-,-,-,4820.0,-,-,0,0,0,2,4710,4950,4720,3880
TXO,202703,20270317.0,45800.0,Put,-,-,-,-,1830.0,-,-,0,0,0,1,1780,1880,3740,3740
TXO,202703,20270317.0,46000.0,Call,-,-,-,-,4690.0,-,-,0,0,0,14,4590,4780,8000,3110
TXO,202703,20270317.0,46000.0,Put,-,-,-,-,1900.0,-,-,0,0,0,5,1840,1950,5700,2700
TXO,202703,20270317.0,46200.0,Call,-,-,-,-,4570.0,-,-,0,0,0,1,4420,4680,4510,4510
TXO,202703,20270317.0,46200.0,Put,-,-,-,-,1970.0,-,-,0,0,0,1,1920,2030,3930,3930
TXO,202703,20270317.0,46400.0,Call,-,-,-,-,4450.0,-,-,0,0,0,1,4300,4540,4410,4410
TXO,202703,20270317.0,46400.0,Put,-,-,-,-,2050.0,-,-,0,0,0,1,1960,2070,4020,4020
TXO,202703,20270317.0,46600.0,Call,-,-,-,-,4320.0,-,-,0,0,0,2,4170,4410,7460,7430
TXO,202703,20270317.0,46600.0,Put,-,-,-,-,2120.0,-,-,0,0,0,1,2040,2160,4120,4120
TXO,202703,20270317.0,46800.0,Call,-,-,-,-,4190.0,-,-,0,0,0,8,4040,4280,4200,3240
TXO,202703,20270317.0,46800.0,Put,-,-,-,-,2200.0,-,-,0,0,0,1,2110,2230,4220,4220
TXO,202703,20270317.0,47000.0,Call,3890,3890,3890,3890,4070.0,▲+190,▲+5.14%,0,1,1,150,3940,4160,7200,3150
TXO,202703,20270317.0,47000.0,Put,-,-,-,-,2270.0,-,-,0,0,0,52,2210,2330,4780,2680
TXO,202703,20270317.0,47200.0,Call,-,-,-,-,3950.0,-,-,0,0,0,1,3790,4010,4010,4010
TXO,202703,20270317.0,47200.0,Put,-,-,-,-,2350.0,-,-,0,0,0,1,2270,2390,4420,4420
TXO,202703,20270317.0,47400.0,Call,-,-,-,-,3830.0,-,-,0,0,0,1,3680,3900,3910,3910
TXO,202703,20270317.0,47400.0,Put,-,-,-,-,2430.0,-,-,0,0,0,3,2360,2500,4430,4430
TXO,202703,20270317.0,47600.0,Call,-,-,-,-,3720.0,-,-,0,0,0,1,3580,-,3510,3510
TXO,202703,20270317.0,47600.0,Put,-,-,-,-,2520.0,-,-,0,0,0,3,2450,2590,4630,4530
TXO,202703,20270317.0,47800.0,Call,-,-,-,-,3610.0,-,-,0,0,0,1,3470,3670,3720,3720
TXO,202703,20270317.0,47800.0,Put,-,-,-,-,2600.0,-,-,0,0,0,3,2520,2660,4740,4640
TXO,202703,20270317.0,48000.0,Call,-,-,-,-,3500.0,-,-,0,0,0,52,3390,-,3920,2960
TXO,202703,20270317.0,48000.0,Put,-,-,-,-,2690.0,-,-,0,0,0,52,2590,2730,8820,3240
TXO,202703,20270317.0,48200.0,Call,-,-,-,-,3390.0,-,-,0,0,0,3,3280,-,3530,3530
TXO,202703,20270317.0,48200.0,Put,-,-,-,-,2780.0,-,-,0,0,0,1,2710,2870,4870,4870
TXO,202703,20270317.0,48400.0,Call,-,-,-,-,3280.0,-,-,0,0,0,3,3150,3330,7100,2350
TXO,202703,20270317.0,48400.0,Put,-,-,-,-,2870.0,-,-,0,0,0,1,2800,2960,4980,4980
TXO,202703,20270317.0,48600.0,Call,-,-,-,-,3170.0,-,-,0,0,0,5,3050,3230,6300,2140
TXO,202703,20270317.0,48600.0,Put,-,-,-,-,2960.0,-,-,0,0,0,1,2880,3040,5100,4100
TXO,202703,20270317.0,48800.0,Call,-,-,-,-,3050.0,-,-,0,0,0,1,2990,3150,2260,2260
TXO,202703,20270317.0,48800.0,Put,-,-,-,-,3040.0,-,-,0,0,0,1,2990,3150,5210,5210
TXO,202703,20270317.0,49000.0,Call,-,-,-,-,2950.0,-,-,0,0,0,32,2860,3020,6150,2040
TXO,202703,20270317.0,49000.0,Put,-,-,-,-,3130.0,-,-,0,0,0,6,3060,3240,6880,3700
TXO,202703,20270317.0,49200.0,Call,-,-,-,-,2860.0,-,-,0,0,0,5,2790,2950,6280,2000
TXO,202703,20270317.0,49200.0,Put,-,-,-,-,3240.0,-,-,0,0,0,1,3150,3330,5440,4610
TXO,202703,20270317.0,49400.0,Call,-,-,-,-,2770.0,-,-,0,0,0,5,2670,2830,5760,2950
TXO,202703,20270317.0,49400.0,Put,-,-,-,-,3350.0,-,-,0,0,0,1,3290,3460,5560,5560
TXO,202703,20270317.0,49600.0,Call,-,-,-,-,2680.0,-,-,0,0,0,1,2580,2720,3030,3030
TXO,202703,20270317.0,49600.0,Put,-,-,-,-,3460.0,-,-,0,0,0,1,3370,3570,5680,5680
TXO,202703,20270317.0,49800.0,Call,-,-,-,-,2590.0,-,-,0,0,0,1,2510,2650,2950,2950
TXO,202703,20270317.0,49800.0,Put,-,-,-,-,3570.0,-,-,0,0,0,1,3480,3640,5800,5800
TXO,202703,20270317.0,50000.0,Call,-,-,-,-,2500.0,-,-,0,0,0,29,2420,2560,7300,1800
TXO,202703,20270317.0,50000.0,Put,-,-,-,-,3670.0,-,-,0,0,0,21,3600,3750,10120,4100
TXO,202703,20270317.0,50200.0,Call,-,-,-,-,2420.0,-,-,0,0,0,2,2350,2490,5650,1610
TXO,202703,20270317.0,50200.0,Put,-,-,-,-,3790.0,-,-,0,0,0,1,3710,3880,6050,6050
TXO,202703,20270317.0,50400.0,Call,-,-,-,-,2320.0,-,-,0,0,0,1,2260,2380,2860,1750
TXO,202703,20270317.0,50400.0,Put,-,-,-,-,3890.0,-,-,0,0,0,1,3810,3980,6200,6200
TXO,202703,20270317.0,50600.0,Call,-,-,-,-,2240.0,-,-,0,0,0,1,2170,2290,2800,2240
TXO,202703,20270317.0,50600.0,Put,-,-,-,-,4010.0,-,-,0,0,0,1,3940,4110,6300,6300
TXO,202703,20270317.0,50800.0,Call,-,-,-,-,2160.0,-,-,0,0,0,2,2090,2210,2580,1770
TXO,202703,20270317.0,50800.0,Put,-,-,-,-,4130.0,-,-,0,0,0,1,4040,4220,6430,6430
TXO,202703,20270317.0,51000.0,Call,-,-,-,-,2080.0,-,-,0,0,0,1426,2010,2130,6190,1480
TXO,202703,20270317.0,51000.0,Put,-,-,-,-,4240.0,-,-,0,0,0,4,0.2,4340,6560,5680
TXO,202703,20270317.0,51200.0,Call,-,-,-,-,2000.0,-,-,0,0,0,2,1940,2050,3190,1560
TXO,202703,20270317.0,51200.0,Put,-,-,-,-,4370.0,-,-,0,0,0,1,4250,4470,6690,6690
TXO,202703,20270317.0,51400.0,Call,-,-,-,-,1930.0,-,-,0,0,0,0,1860,1970,5950,1480
TXO,202703,20270317.0,51400.0,Put,-,-,-,-,4490.0,-,-,0,0,0,1,4420,4580,6830,6830
TXO,202703,20270317.0,51600.0,Call,1820,1820,1820,1820,1860.0,▲+170,▲+10.30%,0,1,1,4,1800,1900,5400,1490
TXO,202703,20270317.0,51600.0,Put,-,-,-,-,4620.0,-,-,0,0,0,1,4500,4710,6960,6960
TXO,202703,20270317.0,51800.0,Call,-,-,-,-,1790.0,-,-,0,0,0,1,1610,-,4720,4600
TXO,202703,20270317.0,51800.0,Put,-,-,-,-,4750.0,-,-,0,0,0,1,4630,4840,7090,7090
TXO,202703,20270317.0,52000.0,Call,-,-,-,-,1730.0,-,-,0,0,0,11,1620,-,5800,1340
TXO,202703,20270317.0,52000.0,Put,-,-,-,-,4880.0,-,-,0,0,0,1,4760,4980,7230,7230
TXO,202703,20270317.0,52200.0,Call,-,-,-,-,1650.0,-,-,0,0,0,1,1600,1690,2120,2120
TXO,202703,20270317.0,52200.0,Put,-,-,-,-,5010.0,-,-,0,0,0,1,4930,5110,7370,7370
TXO,202703,20270317.0,52400.0,Call,-,-,-,-,1580.0,-,-,0,0,0,11,1530,1620,4900,1280
TXO,202703,20270317.0,52400.0,Put,-,-,-,-,5130.0,-,-,0,0,0,1,5060,5220,7510,7510
TXO,202703,20270317.0,52600.0,Call,-,-,-,-,1520.0,-,-,0,0,0,1,1470,1560,2230,1330
TXO,202703,20270317.0,52600.0,Put,-,-,-,-,5270.0,-,-,0,0,0,1,5200,5350,7650,7650
TXO,202703,20270317.0,52800.0,Call,-,-,-,-,1460.0,-,-,0,0,0,1,1410,1500,4470,1190
TXO,202703,20270317.0,52800.0,Put,-,-,-,-,5410.0,-,-,0,0,0,1,5340,5490,7790,7790
TXO,202703,20270317.0,53000.0,Call,-,-,-,-,1410.0,-,-,0,0,0,13,1350,1440,4850,1050
TXO,202703,20270317.0,53000.0,Put,-,-,-,-,5550.0,-,-,0,0,0,0,5480,5630,-,-
TXO,202703,20270317.0,53200.0,Call,-,-,-,-,1350.0,-,-,0,0,0,3,1300,1390,4700,1210
TXO,202703,20270317.0,53200.0,Put,-,-,-,-,5700.0,-,-,0,0,0,1,5620,5770,8070,8070
TXO,202703,20270317.0,53400.0,Call,-,-,-,-,1290.0,-,-,0,0,0,6,1240,1330,1860,980
TXO,202703,20270317.0,53400.0,Put,-,-,-,-,5830.0,-,-,0,0,0,1,-,5920,8400,8220
TXO,202703,20270317.0,53600.0,Call,-,-,-,-,1240.0,-,-,0,0,0,2,1190,1280,1890,1120
TXO,202703,20270317.0,53600.0,Put,-,-,-,-,5980.0,-,-,0,0,0,0,5910,6070,-,-
TXO,202703,20270317.0,53800.0,Call,-,-,-,-,1190.0,-,-,0,0,0,1,1140,1230,4600,880
TXO,202703,20270317.0,53800.0,Put,-,-,-,-,6130.0,-,-,0,0,0,0,6060,6210,-,-
TXO,202703,20270317.0,54000.0,Call,-,-,-,-,1140.0,-,-,0,0,0,18,1090,1180,4820,800
TXO,202703,20270317.0,54000.0,Put,-,-,-,-,6280.0,-,-,0,0,0,0,6210,6370,-,-
TXO,202703,20270317.0,54200.0,Call,-,-,-,-,1100.0,-,-,0,0,0,4,1040,1130,1770,855
TXO,202703,20270317.0,54200.0,Put,-,-,-,-,6430.0,-,-,0,0,0,0,6360,6520,-,-
TXO,202703,20270317.0,54400.0,Call,-,-,-,-,1050.0,-,-,0,0,0,11,1000,1090,1810,885
TXO,202703,20270317.0,54400.0,Put,-,-,-,-,6580.0,-,-,0,0,0,0,-,6670,-,-
TXO,202703,20270317.0,54600.0,Call,-,-,-,-,1000.0,-,-,0,0,0,3,965,1030,1740,705
TXO,202703,20270317.0,54600.0,Put,-,-,-,-,6730.0,-,-,0,0,0,0,-,6830,-,-
TXO,202703,20270317.0,54800.0,Call,960,960,960,960,960.0,▲+115,▲+13.61%,0,1,1,3,920,990,1450,695
TXO,202703,20270317.0,54800.0,Put,-,-,-,-,6890.0,-,-,0,0,0,0,-,6980,-,-
TXO,202703,20270317.0,55000.0,Call,-,-,-,-,920.0,-,-,0,0,0,28,880,950,3600,705
TXO,202703,20270317.0,55000.0,Put,-,-,-,-,7050.0,-,-,0,0,0,0,-,7150,-,-
TXO,202703,20270317.0,55200.0,Call,-,-,-,-,885.0,-,-,0,0,0,7,840,910,4510,600
TXO,202703,20270317.0,55200.0,Put,-,-,-,-,7210.0,-,-,0,0,0,0,-,7310,-,-
TXO,202703,20270317.0,55400.0,Call,-,-,-,-,845.0,-,-,0,0,0,6,805,875,1320,970
TXO,202703,20270317.0,55400.0,Put,-,-,-,-,7370.0,-,-,0,0,0,0,-,7500,-,-
TXO,202703,20270317.0,55600.0,Call,-,-,-,-,810.0,-,-,0,0,0,1,775,840,1730,1730
TXO,202703,20270317.0,55600.0,Put,-,-,-,-,7530.0,-,-,0,0,0,0,-,7670,-,-
TXO,202703,20270317.0,55800.0,Call,-,-,-,-,780.0,-,-,0,0,0,4,735,800,4340,600
TXO,202703,20270317.0,55800.0,Put,-,-,-,-,7700.0,-,-,0,0,0,0,-,7830,-,-
TXO,202703,20270317.0,56000.0,Call,-,-,-,-,745.0,-,-,0,0,0,1442,705,765,2570,570
TXO,202703,20270317.0,56000.0,Put,-,-,-,-,7860.0,-,-,0,0,0,0,-,7970,14710,10440
TXO,202703,20270317.0,56200.0,Call,-,-,-,-,710.0,-,-,0,0,0,6,675,735,1370,530
TXO,202703,20270317.0,56200.0,Put,-,-,-,-,8030.0,-,-,0,0,0,0,-,-,-,-
TXO,202703,20270317.0,56400.0,Call,-,-,-,-,680.0,-,-,0,0,0,12,645,700,1140,710
TXO,202703,20270317.0,56400.0,Put,-,-,-,-,8200.0,-,-,0,0,0,0,-,8310,-,-
TXO,202703,20270317.0,56600.0,Call,-,-,-,-,650.0,-,-,0,0,0,8,620,675,1760,700
TXO,202703,20270317.0,56600.0,Put,-,-,-,-,8360.0,-,-,0,0,0,0,-,8510,-,-
TXO,202703,20270317.0,56800.0,Call,-,-,-,-,620.0,-,-,0,0,0,1,458,-,1070,615
TXO,202703,20270317.0,56800.0,Put,-,-,-,-,8530.0,-,-,0,0,0,0,-,8660,-,-
TXO,202703,20270317.0,57000.0,Call,-,-,-,-,595.0,-,-,0,0,0,18,560,610,2950,470
TXO,202703,20270317.0,57000.0,Put,-,-,-,-,8700.0,-,-,0,0,0,0,-,8820,-,-
TXO,202703,20270317.0,57200.0,Call,-,-,-,-,565.0,-,-,0,0,0,18,540,585,3450,430
TXO,202703,20270317.0,57200.0,Put,-,-,-,-,8870.0,-,-,0,0,0,0,-,9000,-,-
TXO,202703,20270317.0,57400.0,Call,490,530,490,530,530.0,▲+56,▲+11.81%,0,5,5,246,520,565,3760,385
TXO,202703,20270317.0,57400.0,Put,-,-,-,-,9050.0,-,-,0,0,0,0,-,9210,-,-
TXO,202706,20270616.0,36600.0,Call,-,-,-,-,12950.0,-,-,0,0,0,1,12890,-,12200,12200
TXO,202706,20270616.0,36600.0,Put,472,472,420,420,420.0,▼-105,▼-20.00%,2,3,5,11,413,422,715,420
TXO,202706,20270616.0,36800.0,Call,-,-,-,-,12780.0,-,-,0,0,0,0,12710,12940,-,-
TXO,202706,20270616.0,36800.0,Put,-,-,-,-,441.0,-,-,0,0,0,2,430,451,605,605
TXO,202706,20270616.0,37000.0,Call,-,-,-,-,12600.0,-,-,0,0,0,0,12530,-,-,-
TXO,202706,20270616.0,37000.0,Put,-,-,-,-,459.0,-,-,0,0,0,6,449,470,750,685
TXO,202706,20270616.0,37200.0,Call,-,-,-,-,12420.0,-,-,0,0,0,0,12350,12580,-,-
TXO,202706,20270616.0,37200.0,Put,-,-,-,-,479.0,-,-,0,0,0,5,468,490,715,715
TXO,202706,20270616.0,37400.0,Call,-,-,-,-,12240.0,-,-,0,0,0,0,12140,12400,-,-
TXO,202706,20270616.0,37400.0,Put,-,-,-,-,500.0,-,-,0,0,0,5,489,515,740,740
TXO,202706,20270616.0,37600.0,Call,-,-,-,-,12070.0,-,-,0,0,0,0,12000,-,-,-
TXO,202706,20270616.0,37600.0,Put,-,-,-,-,520.0,-,-,5,0,5,9,510,535,755,605
TXO,202706,20270616.0,37800.0,Call,-,-,-,-,11890.0,-,-,0,0,0,0,11830,-,-,-
TXO,202706,20270616.0,37800.0,Put,-,-,-,-,545.0,-,-,4,0,4,7,530,555,800,625
TXO,202706,20270616.0,38000.0,Call,-,-,-,-,11720.0,-,-,0,0,0,0,11620,-,-,-
TXO,202706,20270616.0,38000.0,Put,-,-,-,-,565.0,-,-,6,0,6,14,555,580,715,595
TXO,202706,20270616.0,38200.0,Call,-,-,-,-,11540.0,-,-,0,0,0,0,11440,-,-,-
TXO,202706,20270616.0,38200.0,Put,-,-,-,-,590.0,-,-,4,0,4,4,575,605,670,670
TXO,202706,20270616.0,38400.0,Call,-,-,-,-,11370.0,-,-,0,0,0,0,11280,-,-,-
TXO,202706,20270616.0,38400.0,Put,-,-,-,-,620.0,-,-,0,0,0,0,600,630,-,-
TXO,202706,20270616.0,38600.0,Call,-,-,-,-,11200.0,-,-,0,0,0,0,11130,-,-,-
TXO,202706,20270616.0,38600.0,Put,-,-,-,-,645.0,-,-,0,0,0,0,625,655,-,-
TXO,202706,20270616.0,38800.0,Call,-,-,-,-,11030.0,-,-,0,0,0,0,10930,-,-,-
TXO,202706,20270616.0,38800.0,Put,700,700,700,700,670.0,▼-115,▼-14.11%,0,2,2,0,655,685,1020,700
TXO,202706,20270616.0,39000.0,Call,-,-,-,-,10860.0,-,-,0,0,0,0,10790,-,-,-
TXO,202706,20270616.0,39000.0,Put,-,-,-,-,695.0,-,-,4,0,4,4,680,710,815,810
TXO,202706,20270616.0,39200.0,Call,-,-,-,-,10690.0,-,-,0,0,0,0,10600,10830,-,-
TXO,202706,20270616.0,39200.0,Put,-,-,-,-,725.0,-,-,0,0,0,0,710,740,-,-
TXO,202706,20270616.0,39400.0,Call,-,-,-,-,10520.0,-,-,0,0,0,0,10450,10660,-,-
TXO,202706,20270616.0,39400.0,Put,810,810,810,810,750.0,▼-100,▼-10.99%,0,6,6,6,740,770,810,810
TXO,202706,20270616.0,39600.0,Call,-,-,-,-,10360.0,-,-,0,0,0,0,10260,10490,-,-
TXO,202706,20270616.0,39600.0,Put,835,835,825,825,785.0,▼-120,▼-12.70%,0,9,9,9,770,800,835,825
TXO,202706,20270616.0,39800.0,Call,-,-,-,-,10190.0,-,-,0,0,0,0,10130,-,-,-
TXO,202706,20270616.0,39800.0,Put,830,830,825,825,825.0,▼-155,▼-15.82%,0,9,9,9,800,830,830,825
TXO,202706,20270616.0,40000.0,Call,-,-,-,-,10030.0,-,-,0,0,0,0,9930,-,-,-
TXO,202706,20270616.0,40000.0,Put,-,-,-,-,850.0,-,-,0,0,0,0,830,865,-,-
TXO,202706,20270616.0,40200.0,Call,-,-,-,-,9860.0,-,-,0,0,0,0,9800,9990,-,-
TXO,202706,20270616.0,40200.0,Put,-,-,-,-,880.0,-,-,0,0,0,0,865,900,-,-
TXO,202706,20270616.0,40400.0,Call,-,-,-,-,9700.0,-,-,0,0,0,0,9600,-,-,-
TXO,202706,20270616.0,40400.0,Put,-,-,-,-,915.0,-,-,0,0,0,0,900,935,-,-
TXO,202706,20270616.0,40600.0,Call,-,-,-,-,9540.0,-,-,0,0,0,0,9450,-,-,-
TXO,202706,20270616.0,40600.0,Put,-,-,-,-,950.0,-,-,0,0,0,0,935,970,-,-
TXO,202706,20270616.0,40800.0,Call,-,-,-,-,9380.0,-,-,0,0,0,0,9280,9500,-,-
TXO,202706,20270616.0,40800.0,Put,1020,1020,1020,1020,990.0,▼-160,▼-13.56%,0,1,1,1,970,1010,1020,1020
TXO,202706,20270616.0,41000.0,Call,-,-,-,-,9220.0,-,-,0,0,0,1,9140,-,8750,8750
TXO,202706,20270616.0,41000.0,Put,-,-,-,-,1030.0,-,-,0,0,0,1,1010,1050,1460,1460
TXO,202706,20270616.0,41200.0,Call,-,-,-,-,9060.0,-,-,0,0,0,0,8960,-,-,-
TXO,202706,20270616.0,41200.0,Put,-,-,-,-,1070.0,-,-,0,0,0,0,1050,1090,-,-
TXO,202706,20270616.0,41400.0,Call,-,-,-,-,8910.0,-,-,0,0,0,0,8840,-,-,-
TXO,202706,20270616.0,41400.0,Put,-,-,-,-,1110.0,-,-,0,0,0,0,1080,1130,-,-
TXO,202706,20270616.0,41600.0,Call,-,-,-,-,8750.0,-,-,0,0,0,0,8650,-,-,-
TXO,202706,20270616.0,41600.0,Put,-,-,-,-,1150.0,-,-,0,0,0,0,1130,1170,-,-
TXO,202706,20270616.0,41800.0,Call,-,-,-,-,8590.0,-,-,0,0,0,0,8490,-,-,-
TXO,202706,20270616.0,41800.0,Put,-,-,-,-,1190.0,-,-,0,0,0,2,1170,1210,1700,1680
TXO,202706,20270616.0,42000.0,Call,-,-,-,-,8440.0,-,-,0,0,0,0,8370,-,-,-
TXO,202706,20270616.0,42000.0,Put,-,-,-,-,1230.0,-,-,0,0,0,1,1210,1260,1760,1760
TXO,202706,20270616.0,42200.0,Call,-,-,-,-,8290.0,-,-,0,0,0,0,8210,-,-,-
TXO,202706,20270616.0,42200.0,Put,-,-,-,-,1280.0,-,-,0,0,0,0,1260,1300,-,-
TXO,202706,20270616.0,42400.0,Call,-,-,-,-,8140.0,-,-,0,0,0,0,8060,8250,-,-
TXO,202706,20270616.0,42400.0,Put,-,-,-,-,1330.0,-,-,0,0,0,0,1300,1350,-,-
TXO,202706,20270616.0,42600.0,Call,-,-,-,-,7990.0,-,-,0,0,0,0,7920,8090,-,-
TXO,202706,20270616.0,42600.0,Put,-,-,-,-,1370.0,-,-,0,0,0,0,1350,1400,-,-
TXO,202706,20270616.0,42800.0,Call,-,-,-,-,7840.0,-,-,0,0,0,0,7740,7940,-,-
TXO,202706,20270616.0,42800.0,Put,-,-,-,-,1420.0,-,-,0,0,0,0,1400,1450,-,-
TXO,202706,20270616.0,43000.0,Call,-,-,-,-,7690.0,-,-,0,0,0,1,7610,-,7280,7280
TXO,202706,20270616.0,43000.0,Put,-,-,-,-,1470.0,-,-,0,0,0,3,1450,1490,1770,1770
TXO,202706,20270616.0,43200.0,Call,-,-,-,-,7540.0,-,-,0,0,0,0,7440,-,-,-
TXO,202706,20270616.0,43200.0,Put,-,-,-,-,1520.0,-,-,0,0,0,0,1500,1550,-,-
TXO,202706,20270616.0,43400.0,Call,-,-,-,-,7400.0,-,-,0,0,0,0,7320,-,-,-
TXO,202706,20270616.0,43400.0,Put,-,-,-,-,1570.0,-,-,0,0,0,2,1550,1600,1870,1870
TXO,202706,20270616.0,43600.0,Call,-,-,-,-,7260.0,-,-,0,0,0,0,7190,-,-,-
TXO,202706,20270616.0,43600.0,Put,-,-,-,-,1630.0,-,-,0,0,0,2,1600,1650,1930,1930
TXO,202706,20270616.0,43800.0,Call,-,-,-,-,7110.0,-,-,0,0,0,0,7010,-,-,-
TXO,202706,20270616.0,43800.0,Put,-,-,-,-,1680.0,-,-,0,0,0,0,1660,1710,-,-
TXO,202706,20270616.0,44000.0,Call,-,-,-,-,6980.0,-,-,0,0,0,1,6870,-,6350,6350
TXO,202706,20270616.0,44000.0,Put,-,-,-,-,1740.0,-,-,0,0,0,2,1710,1760,2070,2070
TXO,202706,20270616.0,44200.0,Call,-,-,-,-,6830.0,-,-,0,0,0,0,6730,-,-,-
TXO,202706,20270616.0,44200.0,Put,-,-,-,-,1790.0,-,-,0,0,0,0,1770,1830,-,-
TXO,202706,20270616.0,44400.0,Call,-,-,-,-,6690.0,-,-,0,0,0,0,6620,-,-,-
TXO,202706,20270616.0,44400.0,Put,-,-,-,-,1850.0,-,-,0,0,0,2,1830,1880,2510,2510
TXO,202706,20270616.0,44600.0,Call,-,-,-,-,6550.0,-,-,0,0,0,0,6490,-,-,-
TXO,202706,20270616.0,44600.0,Put,-,-,-,-,1910.0,-,-,0,0,0,5,1890,1940,2580,2510
TXO,202706,20270616.0,44800.0,Call,-,-,-,-,6420.0,-,-,0,0,0,0,6320,-,-,-
TXO,202706,20270616.0,44800.0,Put,-,-,-,-,1970.0,-,-,0,0,0,2,1950,2000,2650,2570
TXO,202706,20270616.0,45000.0,Call,-,-,-,-,6290.0,-,-,0,0,0,0,6220,6370,-,-
TXO,202706,20270616.0,45000.0,Put,2160,2180,2160,2180,2040.0,▼-130,▼-5.63%,0,2,2,3,2010,2060,2600,2160
TXO,202706,20270616.0,45200.0,Call,-,-,-,-,6160.0,-,-,0,0,0,0,6050,-,-,-
TXO,202706,20270616.0,45200.0,Put,-,-,-,-,2100.0,-,-,0,0,0,0,2080,2140,-,-
TXO,202706,20270616.0,45400.0,Call,-,-,-,-,6030.0,-,-,0,0,0,0,5960,6120,-,-
TXO,202706,20270616.0,45400.0,Put,-,-,-,-,2170.0,-,-,0,0,0,0,2140,2200,-,-
TXO,202706,20270616.0,45600.0,Call,-,-,-,-,5900.0,-,-,0,0,0,0,5840,5990,-,-
TXO,202706,20270616.0,45600.0,Put,-,-,-,-,2240.0,-,-,0,0,0,0,2210,2270,-,-
TXO,202706,20270616.0,45800.0,Call,-,-,-,-,5770.0,-,-,0,0,0,0,5720,5850,-,-
TXO,202706,20270616.0,45800.0,Put,-,-,-,-,2310.0,-,-,0,0,0,0,2280,2340,-,-
TXO,202706,20270616.0,46000.0,Call,-,-,-,-,5640.0,-,-,0,0,0,1,5530,5730,5350,5350
TXO,202706,20270616.0,46000.0,Put,2500,2500,2500,2500,2370.0,▼-190,▼-7.06%,0,1,1,1,2350,2410,2500,2500
TXO,202706,20270616.0,46200.0,Call,-,-,-,-,5510.0,-,-,0,0,0,1,5470,5590,4710,4710
TXO,202706,20270616.0,46200.0,Put,-,-,-,-,2450.0,-,-,0,0,0,0,2420,2490,-,-
TXO,202706,20270616.0,46400.0,Call,-,-,-,-,5390.0,-,-,0,0,0,0,5350,5470,-,-
TXO,202706,20270616.0,46400.0,Put,-,-,-,-,2520.0,-,-,0,0,0,0,2490,2560,-,-
TXO,202706,20270616.0,46600.0,Call,-,-,-,-,5270.0,-,-,0,0,0,0,-,-,-,-
TXO,202706,20270616.0,46600.0,Put,-,-,-,-,2600.0,-,-,0,0,0,0,2570,2640,-,-
TXO,202706,20270616.0,46800.0,Call,-,-,-,-,5150.0,-,-,0,0,0,0,5100,5220,-,-
TXO,202706,20270616.0,46800.0,Put,-,-,-,-,2680.0,-,-,0,0,0,0,2640,2710,-,-
TXO,202706,20270616.0,47000.0,Call,-,-,-,-,5040.0,-,-,0,0,0,0,4980,5100,-,-
TXO,202706,20270616.0,47000.0,Put,-,-,-,-,2760.0,-,-,0,0,0,10,2670,2790,3280,3280
TXO,202706,20270616.0,47200.0,Call,-,-,-,-,4910.0,-,-,0,0,0,0,4870,4980,-,-
TXO,202706,20270616.0,47200.0,Put,-,-,-,-,2830.0,-,-,0,0,0,0,2800,2870,-,-
TXO,202706,20270616.0,47400.0,Call,-,-,-,-,4800.0,-,-,0,0,0,0,4760,4870,-,-
TXO,202706,20270616.0,47400.0,Put,-,-,-,-,2910.0,-,-,25,0,25,25,2880,2940,3230,3210
TXO,202706,20270616.0,47600.0,Call,-,-,-,-,4680.0,-,-,0,0,0,0,4640,4750,-,-
TXO,202706,20270616.0,47600.0,Put,-,-,-,-,3000.0,-,-,0,0,0,0,2960,3030,-,-
TXO,202706,20270616.0,47800.0,Call,-,-,-,-,4570.0,-,-,0,0,0,0,4530,4630,-,-
TXO,202706,20270616.0,47800.0,Put,-,-,-,-,3080.0,-,-,0,0,0,0,3050,3120,-,-
TXO,202706,20270616.0,48000.0,Call,4450,4450,4450,4450,4450.0,▲+250,▲+5.95%,0,1,1,2,4420,4530,4450,4200
TXO,202706,20270616.0,48000.0,Put,-,-,-,-,3160.0,-,-,4,0,4,4,3130,3190,3460,3460
TXO,202706,20270616.0,48200.0,Call,-,-,-,-,4350.0,-,-,0,0,0,0,4300,4410,-,-
TXO,202706,20270616.0,48200.0,Put,-,-,-,-,3250.0,-,-,0,0,0,0,3220,3300,-,-
TXO,202706,20270616.0,48400.0,Call,-,-,-,-,4240.0,-,-,0,0,0,0,4190,4300,-,-
TXO,202706,20270616.0,48400.0,Put,-,-,-,-,3340.0,-,-,0,0,0,0,3310,3390,-,-
TXO,202706,20270616.0,48600.0,Call,-,-,-,-,4130.0,-,-,0,0,0,0,0.2,-,-,-
TXO,202706,20270616.0,48600.0,Put,-,-,-,-,3430.0,-,-,0,0,0,0,3400,3480,-,-
TXO,202706,20270616.0,48800.0,Call,-,-,-,-,4030.0,-,-,0,0,0,0,3990,4090,-,-
TXO,202706,20270616.0,48800.0,Put,-,-,-,-,3530.0,-,-,0,0,0,0,3490,3570,-,-
TXO,202706,20270616.0,49000.0,Call,-,-,-,-,3930.0,-,-,0,0,0,1,3780,3990,3520,3520
TXO,202706,20270616.0,49000.0,Put,-,-,-,-,3620.0,-,-,0,0,0,1,3580,3660,4200,4200
TXO,202706,20270616.0,49200.0,Call,-,-,-,-,3820.0,-,-,0,0,0,0,3780,3880,-,-
TXO,202706,20270616.0,49200.0,Put,-,-,-,-,3720.0,-,-,0,0,0,0,3680,3760,-,-
TXO,202706,20270616.0,49400.0,Call,-,-,-,-,3730.0,-,-,0,0,0,0,0.2,-,-,-
TXO,202706,20270616.0,49400.0,Put,-,-,-,-,3820.0,-,-,0,0,0,0,3780,3860,-,-
TXO,202706,20270616.0,49600.0,Call,-,-,-,-,3640.0,-,-,0,0,0,0,3590,3680,-,-
TXO,202706,20270616.0,49600.0,Put,-,-,-,-,3930.0,-,-,0,0,0,0,3870,3960,-,-
TXO,202706,20270616.0,49800.0,Call,-,-,-,-,3550.0,-,-,0,0,0,0,3480,3580,-,-
TXO,202706,20270616.0,49800.0,Put,-,-,-,-,4030.0,-,-,0,0,0,0,3970,4060,-,-
TXO,202706,20270616.0,50000.0,Call,-,-,-,-,3450.0,-,-,0,0,0,0,3400,3490,-,-
TXO,202706,20270616.0,50000.0,Put,-,-,-,-,4130.0,-,-,0,0,0,0,4080,4170,-,-
TXO,202706,20270616.0,50200.0,Call,-,-,-,-,3350.0,-,-,0,0,0,0,3300,3390,-,-
TXO,202706,20270616.0,50200.0,Put,-,-,-,-,4230.0,-,-,0,0,0,1,4150,4280,5160,5160
TXO,202706,20270616.0,50400.0,Call,-,-,-,-,3270.0,-,-,0,0,0,1,3210,3310,2910,2910
TXO,202706,20270616.0,50400.0,Put,-,-,-,-,4340.0,-,-,0,0,0,0,4290,4380,-,-
TXO,202706,20270616.0,50600.0,Call,-,-,-,-,3170.0,-,-,0,0,0,0,3120,3210,-,-
TXO,202706,20270616.0,50600.0,Put,-,-,-,-,4450.0,-,-,0,0,0,0,4370,4530,-,-
TXO,202706,20270616.0,50800.0,Call,-,-,-,-,3080.0,-,-,0,0,0,0,3030,3120,-,-
TXO,202706,20270616.0,50800.0,Put,-,-,-,-,4550.0,-,-,0,0,0,0,4470,4650,-,-
TXO,202706,20270616.0,51000.0,Call,-,-,-,-,2990.0,-,-,0,0,0,0,2950,3030,-,-
TXO,202706,20270616.0,51000.0,Put,-,-,-,-,4660.0,-,-,0,0,0,0,-,4760,-,-
TXO,202706,20270616.0,51200.0,Call,-,-,-,-,2910.0,-,-,0,0,0,0,2870,2950,-,-
TXO,202706,20270616.0,51200.0,Put,-,-,-,-,4770.0,-,-,0,0,0,0,4700,4860,-,-
TXO,202706,20270616.0,51400.0,Call,-,-,-,-,2830.0,-,-,0,0,0,0,2780,2860,-,-
TXO,202706,20270616.0,51400.0,Put,-,-,-,-,4890.0,-,-,0,0,0,0,-,4990,-,-
TXO,202706,20270616.0,51600.0,Call,-,-,-,-,2750.0,-,-,0,0,0,0,2700,2780,-,-
TXO,202706,20270616.0,51600.0,Put,-,-,-,-,5010.0,-,-,0,0,0,0,4930,5110,-,-
TXO,202706,20270616.0,51800.0,Call,-,-,-,-,2670.0,-,-,0,0,0,0,2620,2700,-,-
TXO,202706,20270616.0,51800.0,Put,-,-,-,-,5120.0,-,-,0,0,0,0,5050,5210,-,-
TXO,202706,20270616.0,52000.0,Call,-,-,-,-,2590.0,-,-,0,0,0,0,2550,2620,-,-
TXO,202706,20270616.0,52000.0,Put,-,-,-,-,5240.0,-,-,0,0,0,0,5170,5340,-,-
TXO,202706,20270616.0,52200.0,Call,-,-,-,-,2510.0,-,-,0,0,0,0,2470,2550,-,-
TXO,202706,20270616.0,52200.0,Put,-,-,-,-,5360.0,-,-,0,0,0,0,5290,5460,-,-
TXO,202706,20270616.0,52400.0,Call,-,-,-,-,2440.0,-,-,0,0,0,1,2410,2460,2040,2040
TXO,202706,20270616.0,52400.0,Put,-,-,-,-,5490.0,-,-,0,0,0,0,-,5590,-,-
TXO,202706,20270616.0,52600.0,Call,-,-,-,-,2370.0,-,-,0,0,0,0,2320,2400,-,-
TXO,202706,20270616.0,52600.0,Put,-,-,-,-,5620.0,-,-,0,0,0,0,5540,5710,-,-
TXO,202706,20270616.0,52800.0,Call,-,-,-,-,2300.0,-,-,0,0,0,0,2260,2330,-,-
TXO,202706,20270616.0,52800.0,Put,-,-,-,-,5740.0,-,-,0,0,0,0,5660,5820,-,-
TXO,202706,20270616.0,53000.0,Call,-,-,-,-,2230.0,-,-,0,0,0,1,2200,2250,1920,1920
TXO,202706,20270616.0,53000.0,Put,-,-,-,-,5870.0,-,-,0,0,0,0,5790,5950,-,-
TXO,202706,20270616.0,53200.0,Call,-,-,-,-,2160.0,-,-,0,0,0,0,2120,2190,-,-
TXO,202706,20270616.0,53200.0,Put,-,-,-,-,6000.0,-,-,0,0,0,0,5920,6080,-,-
TXO,202706,20270616.0,53400.0,Call,-,-,-,-,2090.0,-,-,0,0,0,0,2060,2120,-,-
TXO,202706,20270616.0,53400.0,Put,-,-,-,-,6120.0,-,-,0,0,0,0,6050,6230,-,-
TXO,202706,20270616.0,53600.0,Call,-,-,-,-,2030.0,-,-,0,0,0,0,1990,2060,-,-
TXO,202706,20270616.0,53600.0,Put,-,-,-,-,6260.0,-,-,0,0,0,0,-,6370,-,-
TXO,202706,20270616.0,53800.0,Call,-,-,-,-,1960.0,-,-,0,0,0,0,1930,2000,-,-
TXO,202706,20270616.0,53800.0,Put,-,-,-,-,6390.0,-,-,0,0,0,0,6320,6500,-,-
TXO,202706,20270616.0,54000.0,Call,-,-,-,-,1900.0,-,-,0,0,0,0,1870,1930,-,-
TXO,202706,20270616.0,54000.0,Put,-,-,-,-,6530.0,-,-,0,0,0,0,-,6640,-,-
TXO,202706,20270616.0,54200.0,Call,-,-,-,-,1850.0,-,-,0,0,0,0,1810,1870,-,-
TXO,202706,20270616.0,54200.0,Put,-,-,-,-,6670.0,-,-,0,0,0,0,-,6750,-,-
TXO,202706,20270616.0,54400.0,Call,-,-,-,-,1790.0,-,-,0,0,0,0,1750,1810,-,-
TXO,202706,20270616.0,54400.0,Put,-,-,-,-,6800.0,-,-,0,0,0,0,-,6900,-,-
TXO,202706,20270616.0,54600.0,Call,-,-,-,-,1730.0,-,-,0,0,0,0,1710,1760,-,-
TXO,202706,20270616.0,54600.0,Put,-,-,-,-,6950.0,-,-,0,0,0,0,6870,7040,-,-
TXO,202706,20270616.0,54800.0,Call,-,-,-,-,1680.0,-,-,0,0,0,0,1640,1700,-,-
TXO,202706,20270616.0,54800.0,Put,-,-,-,-,7090.0,-,-,0,0,0,0,7020,7180,-,-
TXO,202706,20270616.0,55000.0,Call,1570,1570,1570,1570,1620.0,▲+120,▲+8.28%,0,2,2,12,1590,1640,1570,1360
TXO,202706,20270616.0,55000.0,Put,-,-,-,-,7230.0,-,-,0,0,0,0,-,7310,-,-
TXO,202706,20270616.0,55200.0,Call,-,-,-,-,1570.0,-,-,2,0,2,21,1530,1580,1440,1280
TXO,202706,20270616.0,55200.0,Put,-,-,-,-,7380.0,-,-,0,0,0,0,-,7470,-,-
TXO,202706,20270616.0,55400.0,Call,-,-,-,-,1520.0,-,-,0,0,0,0,1490,1540,-,-
TXO,202706,20270616.0,55400.0,Put,-,-,-,-,7520.0,-,-,0,0,0,0,-,7620,-,-
TXO,202706,20270616.0,55600.0,Call,-,-,-,-,1470.0,-,-,0,0,0,14,1440,1490,1340,1230
TXO,202706,20270616.0,55600.0,Put,-,-,-,-,7670.0,-,-,0,0,0,0,-,7800,-,-
TXO,202706,20270616.0,55800.0,Call,-,-,-,-,1430.0,-,-,0,0,0,0,1390,1450,-,-
TXO,202706,20270616.0,55800.0,Put,-,-,-,-,7820.0,-,-,0,0,0,0,-,7950,-,-
TXO,202706,20270616.0,56000.0,Call,-,-,-,-,1380.0,-,-,0,0,0,0,1350,1400,-,-
TXO,202706,20270616.0,56000.0,Put,-,-,-,-,7970.0,-,-,0,0,0,0,-,8110,-,-
TXO,202706,20270616.0,56200.0,Call,-,-,-,-,1330.0,-,-,0,0,0,0,1300,1350,-,-
TXO,202706,20270616.0,56200.0,Put,-,-,-,-,8120.0,-,-,0,0,0,0,-,8230,-,-
TXO,202706,20270616.0,56400.0,Call,-,-,-,-,1290.0,-,-,0,0,0,0,1260,1310,-,-
TXO,202706,20270616.0,56400.0,Put,-,-,-,-,8280.0,-,-,0,0,0,0,8210,8420,-,-
TXO,202706,20270616.0,56600.0,Call,-,-,-,-,1250.0,-,-,0,0,0,0,1220,1270,-,-
TXO,202706,20270616.0,56600.0,Put,-,-,-,-,8440.0,-,-,0,0,0,0,-,8550,-,-
TXO,202706,20270616.0,56800.0,Call,1090,1200,1090,1200,1200.0,▲+140,▲+13.21%,0,12,12,11,1200,1240,1200,1090
TXO,202706,20270616.0,56800.0,Put,-,-,-,-,8600.0,-,-,0,0,0,0,-,8710,-,-
