契約,到期月份 (週別),契約到期日,履約價,買賣權,開盤價,最高價,最低價,最後 成交價,結算價,漲跌價,漲跌%,*盤後交易時段成交量,*一般交易時段成交量,*合計成交量,*未沖銷 契約量,最後 最佳買價,最後 最佳賣價,歷史 最高價,歷史 最低價
TXO,202609W2,20260909.0,40600.0,Call,-,-,-,-,6740.0,-,-,0,0,0,0,-,-,-,-
TXO,202609W2,20260909.0,40600.0,Put,0.7,0.7,0.3,0.3,0.2,▼-0.5,▼-62.50%,93,35,128,1103,0.1,0.6,93,0.3
TXO,202609W2,20260909.0,40700.0,Call,-,-,-,-,6640.0,-,-,0,0,0,0,-,-,-,-
TXO,202609W2,20260909.0,40700.0,Put,0.5,0.5,0.5,0.5,0.2,▼-0.4,▼-44.44%,1,5,6,253,0.1,0.6,96,0.5
TXO,202609W2,20260909.0,40800.0,Call,-,-,-,-,6540.0,-,-,0,0,0,0,-,-,-,-
TXO,202609W2,20260909.0,40800.0,Put,0.5,0.5,0.3,0.3,0.2,▼-0.9,▼-75.00%,0,7,7,19,-,0.6,102,0.3
TXO,202609W2,20260909.0,40900.0,Call,-,-,-,-,6440.0,-,-,0,0,0,0,-,-,-,-
TXO,202609W2,20260909.0,40900.0,Put,0.5,0.5,0.5,0.5,0.2,▼-0.8,▼-61.54%,1,8,9,19,-,0.6,104,0.5
TXO,202609W2,20260909.0,41000.0,Call,-,-,-,-,6340.0,-,-,0,0,0,0,-,-,-,-
TXO,202609W2,20260909.0,41000.0,Put,0.6,0.6,0.5,0.5,0.3,▼-0.9,▼-64.29%,2,6,8,73,0.2,0.6,108,0.5
TXO,202609W2,20260909.0,41100.0,Call,-,-,-,-,6240.0,-,-,0,0,0,0,-,-,-,-
TXO,202609W2,20260909.0,41100.0,Put,1.5,1.5,0.6,0.6,0.3,▼-0.9,▼-60.00%,1,25,26,23,-,0.6,112,0.6
TXO,202609W2,20260909.0,41200.0,Call,-,-,-,-,6140.0,-,-,0,0,0,0,-,-,-,-
TXO,202609W2,20260909.0,41200.0,Put,1,1,0.6,0.6,0.3,▼-1,▼-62.50%,0,7,7,42,-,570,120,0.6
TXO,202609W2,20260909.0,41300.0,Call,-,-,-,-,6040.0,-,-,0,0,0,0,-,-,-,-
TXO,202609W2,20260909.0,41300.0,Put,0.7,0.7,0.5,0.5,0.3,▼-1.2,▼-70.59%,15,10,25,47,0.2,451,104,0.5
TXO,202609W2,20260909.0,41400.0,Call,-,-,-,-,5940.0,-,-,0,0,0,0,-,-,-,-
TXO,202609W2,20260909.0,41400.0,Put,0.7,0.7,0.7,0.7,0.3,▼-1.1,▼-61.11%,0,5,5,34,0.2,570,139,0.7
TXO,202609W2,20260909.0,41500.0,Call,-,-,-,-,5840.0,-,-,0,0,0,0,-,-,-,-
TXO,202609W2,20260909.0,41500.0,Put,1.9,1.9,0.7,0.8,0.3,▼-1.1,▼-57.89%,145,12,157,241,0.3,1,140,0.7
TXO,202609W2,20260909.0,41600.0,Call,-,-,-,-,5740.0,-,-,0,0,0,0,-,-,-,-
TXO,202609W2,20260909.0,41600.0,Put,1,1.3,1,1.3,0.4,▼-0.7,▼-35.00%,2,11,13,84,0.4,570,72,1
TXO,202609W2,20260909.0,41700.0,Call,-,-,-,-,5640.0,-,-,0,0,0,0,-,-,-,-
TXO,202609W2,20260909.0,41700.0,Put,1,1,0.5,0.5,0.4,▼-1.7,▼-77.27%,3,11,14,90,0.3,570,80,0.5
TXO,202609W2,20260909.0,41800.0,Call,-,-,-,-,5540.0,-,-,0,0,0,0,-,-,-,-
TXO,202609W2,20260909.0,41800.0,Put,1.3,1.3,0.5,0.5,0.5,▼-1.9,▼-79.17%,17,9,26,30,0.3,451,49,0.5
TXO,202609W2,20260909.0,41900.0,Call,-,-,-,-,5440.0,-,-,0,0,0,0,-,-,-,-
TXO,202609W2,20260909.0,41900.0,Put,0.3,1.5,0.3,1.5,0.5,▼-1,▼-40.00%,25,10,35,46,0.3,101,120,0.3
TXO,202609W2,20260909.0,42000.0,Call,-,-,-,-,5340.0,-,-,0,0,0,0,3,-,-,-
TXO,202609W2,20260909.0,42000.0,Put,1.1,1.3,0.6,0.6,0.6,▼-2.1,▼-77.78%,62,81,143,478,0.5,1.2,200,0.6
TXO,202609W2,20260909.0,42100.0,Call,-,-,-,-,5240.0,-,-,0,0,0,0,3,-,-,-
TXO,202609W2,20260909.0,42100.0,Put,1.3,1.3,0.6,0.6,0.6,▼-2.2,▼-78.57%,3,7,10,27,0.5,19.5,203,0.6
TXO,202609W2,20260909.0,42200.0,Call,-,-,-,-,5140.0,-,-,0,0,0,0,21,-,-,-
TXO,202609W2,20260909.0,42200.0,Put,1.3,1.3,1.3,1.3,0.6,▼-1.8,▼-58.06%,0,5,5,244,0.4,99,139,1.3
TXO,202609W2,20260909.0,42300.0,Call,-,-,-,-,5040.0,-,-,0,0,0,0,3,-,-,-
TXO,202609W2,20260909.0,42300.0,Put,1.3,1.3,1.3,1.3,0.6,▼-2.1,▼-61.76%,10,5,15,40,0.5,34,154,1.3
TXO,202609W2,20260909.0,42400.0,Call,-,-,-,-,4940.0,-,-,0,0,0,0,3,-,-,-
TXO,202609W2,20260909.0,42400.0,Put,1.3,1.3,1.3,1.3,0.7,▼-2.4,▼-64.86%,9,7,16,35,0.5,570,79,1.3
TXO,202609W2,20260909.0,42500.0,Call,-,-,-,-,4840.0,-,-,0,0,0,0,3,-,3370,3370
TXO,202609W2,20260909.0,42500.0,Put,1.7,1.7,0.8,0.8,0.8,▼-3,▼-78.95%,9,104,113,127,0.7,451,144,0.8
TXO,202609W2,20260909.0,42600.0,Call,-,-,-,-,4740.0,-,-,0,0,0,0,3,-,-,-
TXO,202609W2,20260909.0,42600.0,Put,1.6,1.6,1.1,1.1,0.9,▼-2.8,▼-71.79%,9,6,15,129,0.8,451,208,1.1
TXO,202609W2,20260909.0,42700.0,Call,-,-,-,-,4640.0,-,-,0,0,0,0,3,-,-,-
TXO,202609W2,20260909.0,42700.0,Put,1.5,1.6,1.4,1.4,0.9,▼-2.8,▼-66.67%,4,9,13,26,0.8,451,37.5,1.4
TXO,202609W2,20260909.0,42800.0,Call,-,-,-,-,4540.0,-,-,0,0,0,0,20,-,-,-
TXO,202609W2,20260909.0,42800.0,Put,0.9,1.8,0.8,1,1.0,▼-3.6,▼-78.26%,58,31,89,93,0.8,1.7,146,0.8
TXO,202609W2,20260909.0,42900.0,Call,-,-,-,-,4440.0,-,-,0,0,0,0,3,-,-,-
TXO,202609W2,20260909.0,42900.0,Put,1.9,2.3,1.5,1.6,1.0,▼-3.7,▼-69.81%,24,42,66,163,0.9,570,242,1.5
TXO,202609W2,20260909.0,43000.0,Call,-,-,-,-,4340.0,-,-,0,0,0,0,20,-,-,-
TXO,202609W2,20260909.0,43000.0,Put,1.1,2.1,1.1,1.1,1.1,▼-4.5,▼-80.36%,116,124,240,205,1.1,2.5,207,1.1
TXO,202609W2,20260909.0,43100.0,Call,-,-,-,-,4240.0,-,-,0,0,0,0,3,-,-,-
TXO,202609W2,20260909.0,43100.0,Put,2.3,2.3,1.2,1.2,1.2,▼-4.8,▼-80.00%,24,13,37,44,1,2.3,167,1.2
TXO,202609W2,20260909.0,43200.0,Call,-,-,-,-,4140.0,-,-,0,0,0,0,20,-,-,-
TXO,202609W2,20260909.0,43200.0,Put,2,2.4,1.3,1.3,1.3,▼-5.2,▼-80.00%,11,14,25,72,1.2,2.5,251,1.3
TXO,202609W2,20260909.0,43300.0,Call,-,-,-,-,4040.0,-,-,0,0,0,0,3,-,-,-
TXO,202609W2,20260909.0,43300.0,Put,2.5,2.8,1.4,1.4,1.4,▼-5.2,▼-78.79%,179,258,437,194,1.2,6.9,175,1.4
TXO,202609W2,20260909.0,43400.0,Call,-,-,-,-,3940.0,-,-,1,0,1,1,43,-,3130,2480
TXO,202609W2,20260909.0,43400.0,Put,3,3,1.7,1.7,1.7,▼-5.3,▼-75.71%,35,47,82,59,1.5,2.2,160,1.7
TXO,202609W2,20260909.0,43500.0,Call,-,-,-,-,3840.0,-,-,0,0,0,0,3,-,-,-
TXO,202609W2,20260909.0,43500.0,Put,1.2,3.5,1.1,2,1.7,▼-6,▼-75.00%,60,183,243,155,1.6,2.2,422,1.1
TXO,202609W2,20260909.0,43600.0,Call,-,-,-,-,3740.0,-,-,0,0,0,0,3,-,2500,2200
TXO,202609W2,20260909.0,43600.0,Put,2.6,3.1,1.8,1.8,1.8,▼-6.4,▼-78.05%,33,82,115,296,0.3,2.3,459,1.8
TXO,202609W2,20260909.0,43700.0,Call,-,-,-,-,3640.0,-,-,1,0,1,1,43,-,2830,2830
TXO,202609W2,20260909.0,43700.0,Put,2.2,4.3,2,3.1,1.9,▼-6.4,▼-67.37%,37,23,60,122,-,37.5,229,2
TXO,202609W2,20260909.0,43800.0,Call,-,-,-,-,3540.0,-,-,0,0,0,11,3080,4000,2600,2600
TXO,202609W2,20260909.0,43800.0,Put,2.5,3.9,2,3.5,2.1,▼-6.5,▼-65.00%,107,53,160,117,1.1,9.9,237,2
TXO,202609W2,20260909.0,43850.0,Call,-,-,-,-,3490.0,-,-,0,0,0,0,3,-,-,-
TXO,202609W2,20260909.0,43850.0,Put,3.6,3.6,3,3.3,2.2,▼-6.7,▼-67.00%,17,9,26,18,0.3,16.5,96,3
TXO,202609W2,20260909.0,43900.0,Call,-,-,-,-,3440.0,-,-,0,0,0,0,3,-,-,-
TXO,202609W2,20260909.0,43900.0,Put,3,5.3,2.2,3.5,2.3,▼-7,▼-66.67%,32,142,174,193,0.6,451,196,2.2
TXO,202609W2,20260909.0,43950.0,Call,-,-,-,-,3390.0,-,-,0,0,0,0,3,-,-,-
TXO,202609W2,20260909.0,43950.0,Put,4,4,3,3,2.4,▼-8,▼-72.73%,2,10,12,32,0.4,21.5,196,3
TXO,202609W2,20260909.0,44000.0,Call,-,-,-,-,3340.0,-,-,0,0,0,0,3,-,-,-
TXO,202609W2,20260909.0,44000.0,Put,4.4,5,2.4,2.6,2.6,▼-9.4,▼-78.33%,640,574,1214,1052,2,2.6,530,2.4
TXO,202609W2,20260909.0,44050.0,Call,-,-,-,-,3290.0,-,-,0,0,0,0,3,-,1870,1870
TXO,202609W2,20260909.0,44050.0,Put,3.9,4.5,2.4,2.4,2.6,▼-10.1,▼-80.80%,22,142,164,67,0.6,8.9,121,2.4
TXO,202609W2,20260909.0,44100.0,Call,-,-,-,-,3240.0,-,-,1,0,1,1,43,-,2450,2450
TXO,202609W2,20260909.0,44100.0,Put,3.1,4.4,2.9,2.9,2.7,▼-10.1,▼-77.69%,158,54,212,211,1,570,204,2.9
TXO,202609W2,20260909.0,44150.0,Call,-,-,-,-,3190.0,-,-,0,0,0,1,3,3990,1800,1800
TXO,202609W2,20260909.0,44150.0,Put,4.2,4.2,3.5,3.6,2.8,▼-9.9,▼-73.33%,52,17,69,46,2,14.5,129,3.5
TXO,202609W2,20260909.0,44200.0,Call,-,-,-,-,3140.0,-,-,1,0,1,1,43,-,2350,2350
TXO,202609W2,20260909.0,44200.0,Put,5,5.4,3,3,3.0,▼-11.5,▼-79.31%,104,64,168,127,2.2,3,249,3
TXO,202609W2,20260909.0,44250.0,Call,-,-,-,-,3090.0,-,-,0,0,0,0,3,-,-,-
TXO,202609W2,20260909.0,44250.0,Put,6.6,6.6,3.1,3.1,3.1,▼-12.4,▼-80.00%,32,33,65,62,2,5.2,450,3.1
TXO,202609W2,20260909.0,44300.0,Call,-,-,-,-,3040.0,-,-,0,0,0,0,3,-,2310,2000
TXO,202609W2,20260909.0,44300.0,Put,5.6,5.7,2.9,3.3,3.3,▼-12.7,▼-79.38%,122,450,572,427,1.8,3.3,259,2.9
TXO,202609W2,20260909.0,44350.0,Call,-,-,-,-,2990.0,-,-,0,0,0,0,3,-,-,-
TXO,202609W2,20260909.0,44350.0,Put,4.5,5.8,3.7,3.7,3.3,▼-13.3,▼-78.24%,39,129,168,108,1.1,4.4,120,3.7
TXO,202609W2,20260909.0,44400.0,Call,-,-,-,-,2940.0,-,-,0,0,0,0,3,-,1550,1550
TXO,202609W2,20260909.0,44400.0,Put,6.1,6.2,3.1,3.6,3.6,▼-14.4,▼-80.00%,161,235,396,228,2.2,4.3,293,3.1
TXO,202609W2,20260909.0,44450.0,Call,-,-,-,-,2890.0,-,-,0,0,0,0,3,-,-,-
TXO,202609W2,20260909.0,44450.0,Put,5.1,6.1,4,4.8,3.7,▼-14.7,▼-75.38%,61,45,106,50,0.7,4,452,4
TXO,202609W2,20260909.0,44500.0,Call,-,-,-,-,2840.0,-,-,0,0,0,0,3,-,-,-
TXO,202609W2,20260909.0,44500.0,Put,5,7.1,3.9,3.9,3.9,▼-16.6,▼-80.98%,550,227,777,312,3.1,4.5,720,3.9
TXO,202609W2,20260909.0,44550.0,Call,-,-,-,-,2790.0,-,-,0,0,0,0,21,-,-,-
TXO,202609W2,20260909.0,44550.0,Put,3,7.6,3,4.1,4.1,▼-16.9,▼-80.48%,68,65,133,83,2.9,4.1,505,3
TXO,202609W2,20260909.0,44600.0,Call,-,-,-,-,2740.0,-,-,0,0,0,0,3,-,1380,1380
TXO,202609W2,20260909.0,44600.0,Put,5,7.7,4.1,4.5,4.5,▼-17.5,▼-79.55%,199,238,437,212,4,5.2,775,4.1
TXO,202609W2,20260909.0,44650.0,Call,-,-,-,-,2690.0,-,-,0,0,0,0,3,-,2120,2120
TXO,202609W2,20260909.0,44650.0,Put,7.5,7.5,4.6,4.9,4.5,▼-17.6,▼-78.22%,138,85,223,217,0.8,6,356,4.6
TXO,202609W2,20260909.0,44700.0,Call,-,-,-,-,2640.0,-,-,0,0,0,0,3,-,1600,1300
TXO,202609W2,20260909.0,44700.0,Put,5,7.3,4.8,4.8,4.8,▼-19.7,▼-80.41%,287,63,350,249,4.7,4.9,380,4.8
TXO,202609W2,20260909.0,44750.0,Call,-,-,-,-,2590.0,-,-,0,0,0,0,3,-,2030,2030
TXO,202609W2,20260909.0,44750.0,Put,6.4,9.2,5.8,5.8,5.0,▼-19.7,▼-77.25%,101,18,119,133,2.9,38.5,247,5.8
TXO,202609W2,20260909.0,44800.0,Call,-,-,-,-,2540.0,-,-,0,0,0,400,2080,3000,1570,1460
TXO,202609W2,20260909.0,44800.0,Put,9.1,10,5.1,5.1,5.1,▼-22.9,▼-81.79%,400,210,610,227,4.5,5.3,305,5.1
TXO,202609W2,20260909.0,44850.0,Call,-,-,-,-,2500.0,-,-,0,0,0,0,20,-,1940,1080
TXO,202609W2,20260909.0,44850.0,Put,10,10,5.8,5.8,5.8,▼-23.7,▼-80.34%,215,30,245,99,1,7.4,256,5.8
TXO,202609W2,20260909.0,44900.0,Call,-,-,-,-,2450.0,-,-,2,0,2,1,3,-,1900,1670
TXO,202609W2,20260909.0,44900.0,Put,5.1,10.5,5.1,6.3,5.8,▼-27.2,▼-81.19%,359,80,439,180,3.6,7.6,530,5.1
TXO,202609W2,20260909.0,44950.0,Call,-,-,-,-,2400.0,-,-,1,0,1,1,5,-,1900,1410
TXO,202609W2,20260909.0,44950.0,Put,7.6,12,6,6,6.0,▼-30.5,▼-83.56%,159,59,218,49,3,27.5,445,6
TXO,202609W2,20260909.0,45000.0,Call,-,-,-,-,2350.0,-,-,4,0,4,6,1880,2800,2050,970
TXO,202609W2,20260909.0,45000.0,Put,12,13,6.3,6.6,6.6,▼-31.4,▼-82.63%,2521,999,3520,1527,6.3,7.3,890,6.3
TXO,202609W2,20260909.0,45050.0,Call,-,-,-,-,2300.0,-,-,1,0,1,0,21,-,1760,1760
TXO,202609W2,20260909.0,45050.0,Put,10.5,12,5.1,7.2,6.8,▼-31.3,▼-81.30%,149,109,258,98,3.7,11,440,5.1
TXO,202609W2,20260909.0,45100.0,Call,2110,2110,2110,2110,2250.0,▲+520,▲+32.70%,18,1,19,401,1780,2700,2110,905
TXO,202609W2,20260909.0,45100.0,Put,12,13.5,7,7.8,7.1,▼-33.7,▼-81.20%,486,263,749,305,6.8,9,406,7
TXO,202609W2,20260909.0,45150.0,Call,-,-,-,-,2200.0,-,-,1,0,1,0,21,-,1680,950
TXO,202609W2,20260909.0,45150.0,Put,12,14,8,8,8.0,▼-35.5,▼-81.61%,259,75,334,128,5.6,11.5,360,8
TXO,202609W2,20260909.0,45200.0,Call,-,-,-,-,2150.0,-,-,1,0,1,415,1680,2610,1640,815
TXO,202609W2,20260909.0,45200.0,Put,12.5,17,8,8.2,8.2,▼-41.8,▼-83.60%,1535,882,2417,444,7.6,14,695,8
TXO,202609W2,20260909.0,45250.0,Call,-,-,-,-,2100.0,-,-,1,0,1,1,5,-,1570,830
TXO,202609W2,20260909.0,45250.0,Put,11.5,16,8.6,8.6,8.6,▼-42.4,▼-83.14%,235,140,375,111,4,17.5,345,8.6
TXO,202609W2,20260909.0,45300.0,Call,2000,2000,2000,2000,2050.0,▲+600,▲+42.86%,1,1,2,5,1470,2620,2000,830
TXO,202609W2,20260909.0,45300.0,Put,17,17.5,8,9.3,9.3,▼-46.7,▼-83.39%,896,427,1323,313,5.2,10.5,585,8
TXO,202609W2,20260909.0,45350.0,Call,-,-,-,-,2000.0,-,-,1,0,1,5,1540,2460,1520,745
TXO,202609W2,20260909.0,45350.0,Put,17,20.5,9.8,10,10.0,▼-51,▼-83.61%,509,333,842,151,3.8,12.5,500,9.8
TXO,202609W2,20260909.0,45400.0,Call,-,-,-,-,1950.0,-,-,4,0,4,2,1490,1990,1460,700
TXO,202609W2,20260909.0,45400.0,Put,17,23,9.3,10,10.0,▼-56,▼-84.85%,1313,556,1869,379,9.7,10,417,9.3
TXO,202609W2,20260909.0,45450.0,Call,-,-,-,-,1900.0,-,-,0,0,0,8,1440,2360,1400,650
TXO,202609W2,20260909.0,45450.0,Put,20,23.5,11,11,11.0,▼-62,▼-84.93%,769,190,959,486,8,11,635,11
TXO,202609W2,20260909.0,45500.0,Call,1830,1830,1830,1830,1850.0,▲+610,▲+50.00%,8,1,9,409,1390,1890,1830,640
TXO,202609W2,20260909.0,45500.0,Put,12.5,26.5,11,12,12.0,▼-64,▼-84.21%,2842,1499,4341,1143,11,15,800,11
TXO,202609W2,20260909.0,45550.0,Call,-,-,-,-,1800.0,-,-,0,0,0,10,1340,2260,885,600
TXO,202609W2,20260909.0,45550.0,Put,20.5,27,12,12,12.0,▼-73,▼-85.88%,732,259,991,197,10.5,16,675,12
TXO,202609W2,20260909.0,45600.0,Call,1600,1780,1600,1780,1750.0,▲+660,▲+58.93%,65,13,78,402,1640,2330,1780,570
TXO,202609W2,20260909.0,45600.0,Put,24.5,30,13,13,13.0,▼-79,▼-85.87%,1900,823,2723,623,12.5,14,900,13
TXO,202609W2,20260909.0,45650.0,Call,-,-,-,-,1700.0,-,-,4,0,4,8,1240,2160,1280,590
TXO,202609W2,20260909.0,45650.0,Put,24,32.5,13.5,13.5,13.5,▼-80.5,▼-85.64%,663,244,907,127,10.5,18.5,710,13.5
TXO,202609W2,20260909.0,45700.0,Call,1580,1610,1570,1610,1650.0,▲+550,▲+51.89%,1,3,4,378,1190,2110,1610,530
TXO,202609W2,20260909.0,45700.0,Put,28,36.5,13.5,14.5,14.5,▼-91.5,▼-86.32%,1589,633,2222,352,12.5,23,790,13.5
TXO,202609W2,20260909.0,45750.0,Call,1400,1400,1400,1400,1610.0,▲+390,▲+38.61%,6,1,7,13,1140,2060,1400,500
TXO,202609W2,20260909.0,45750.0,Put,31,36.5,15.5,15.5,15.5,▼-93.5,▼-85.78%,974,425,1399,284,15.5,26,845,15.5
TXO,202609W2,20260909.0,45800.0,Call,1470,1570,1470,1570,1560.0,▲+610,▲+63.54%,12,2,14,21,1090,2010,1570,450
TXO,202609W2,20260909.0,45800.0,Put,40,41,8,16,16.0,▼-108,▼-87.10%,2476,912,3388,589,15.5,21,770,8
TXO,202609W2,20260909.0,45850.0,Call,1440,1440,1420,1420,1510.0,▲+500,▲+54.35%,67,2,69,52,1300,1960,1440,430
TXO,202609W2,20260909.0,45850.0,Put,29,45.5,18,19.5,18.5,▼-113.5,▼-85.34%,1017,423,1440,133,17.5,23,890,18
TXO,202609W2,20260909.0,45900.0,Call,1320,1500,1320,1500,1460.0,▲+620,▲+70.45%,31,7,38,24,1000,1500,1500,396
TXO,202609W2,20260909.0,45900.0,Put,33.5,48,19,19,19.0,▼-126,▼-86.90%,1782,951,2733,564,18,25,820,19
TXO,202609W2,20260909.0,45950.0,Call,-,-,-,-,1410.0,-,-,14,0,14,34,905,1870,1090,383
TXO,202609W2,20260909.0,45950.0,Put,39,52,20.5,20.5,20.5,▼-131.5,▼-86.51%,911,444,1355,203,17,24,885,20.5
TXO,202609W2,20260909.0,46000.0,Call,1350,1380,1110,1380,1360.0,▲+570,▲+70.37%,161,17,178,111,980,1680,1380,350
TXO,202609W2,20260909.0,46000.0,Put,49.5,58,22,22.5,22.5,▼-145.5,▼-86.61%,6704,4845,11549,2622,21.5,22.5,960,8.8
TXO,202609W2,20260909.0,46050.0,Call,1280,1320,1260,1320,1320.0,▲+555,▲+72.55%,25,5,30,48,855,1770,1320,341
TXO,202609W2,20260909.0,46050.0,Put,43,63,25,26.5,26.5,▼-155.5,▼-85.44%,1004,512,1516,231,24,24.5,935,25
TXO,202609W2,20260909.0,46100.0,Call,1200,1370,1000,1220,1270.0,▲+500,▲+69.44%,339,365,704,387,760,1320,1370,321
TXO,202609W2,20260909.0,46100.0,Put,65,68,25.5,29.5,27.0,▼-153.5,▼-83.88%,3320,1508,4828,610,25,28,900,20.5
TXO,202609W2,20260909.0,46150.0,Call,1220,1220,995,1220,1220.0,▲+535,▲+78.10%,72,11,83,55,1150,1670,1220,305
TXO,202609W2,20260909.0,46150.0,Put,55,74,28.5,29,29.0,▼-169,▼-85.35%,1168,736,1904,266,28,34.5,810,28.5
TXO,202609W2,20260909.0,46200.0,Call,1110,1200,935,1150,1170.0,▲+505,▲+78.29%,100,60,160,135,710,1320,1200,278
TXO,202609W2,20260909.0,46200.0,Put,75,82,30,31,31.0,▼-191,▼-86.04%,3464,2139,5603,1133,27.5,31.5,930,30
TXO,202609W2,20260909.0,46250.0,Call,1030,1110,885,1110,1120.0,▲+490,▲+79.03%,165,11,176,60,665,1580,1110,273
TXO,202609W2,20260909.0,46250.0,Put,77,88,31.5,34,34.0,▼-198,▼-85.34%,1454,1468,2922,724,31,47,875,31.5
TXO,202609W2,20260909.0,46300.0,Call,975,1160,830,1040,1080.0,▲+450,▲+76.27%,222,39,261,108,1010,1530,1160,240
TXO,202609W2,20260909.0,46300.0,Put,80,97,36.5,36.5,36.5,▼-222.5,▼-85.91%,2975,3239,6214,1237,35.5,41.5,975,36.5
TXO,202609W2,20260909.0,46350.0,Call,1040,1040,795,1010,1030.0,▲+455,▲+81.98%,159,14,173,48,530,1490,1040,210
TXO,202609W2,20260909.0,46350.0,Put,87,105,40,40.5,40.5,▼-229.5,▼-85.00%,926,1190,2116,331,36,69,1150,40
TXO,202609W2,20260909.0,46400.0,Call,975,1000,840,1000,985.0,▲+480,▲+92.31%,353,32,385,161,525,1280,1000,215
TXO,202609W2,20260909.0,46400.0,Put,87,117,43,44,44.0,▼-253,▼-85.19%,1936,3287,5223,797,42.5,44,845,43
TXO,202609W2,20260909.0,46450.0,Call,890,960,720,915,940.0,▲+430,▲+88.66%,112,34,146,60,600,1020,960,206
TXO,202609W2,20260909.0,46450.0,Put,87,124,49,51,51.0,▼-266,▼-83.91%,986,1043,2029,206,47,56,850,49
TXO,202609W2,20260909.0,46500.0,Call,790,1000,670,890,890.0,▲+430,▲+93.48%,1043,104,1147,399,800,1000,1000,184
TXO,202609W2,20260909.0,46500.0,Put,104,139,52,53,53.0,▼-279,▼-84.04%,3408,4652,8060,1296,52,54,970,52
TXO,202609W2,20260909.0,46550.0,Call,820,940,650,830,850.0,▲+400,▲+93.02%,400,55,455,82,550,955,940,120
TXO,202609W2,20260909.0,46550.0,Put,101,151,59,61,61.0,▼-293,▼-82.77%,1600,1483,3083,260,48,60,925,59
TXO,202609W2,20260909.0,46600.0,Call,650,900,600,810,810.0,▲+407,▲+100.99%,1462,171,1633,315,750,1000,900,158
TXO,202609W2,20260909.0,46600.0,Put,110,164,62,63,63.0,▼-316,▼-83.38%,1877,3576,5453,681,62,64,1130,62
TXO,202609W2,20260909.0,46650.0,Call,660,800,605,755,765.0,▲+380,▲+101.33%,509,47,556,70,695,920,800,152
TXO,202609W2,20260909.0,46650.0,Put,125,178,72,72,72.0,▼-316,▼-81.44%,760,1221,1981,229,67,79,750,72
TXO,202609W2,20260909.0,46700.0,Call,565,780,535,720,720.0,▲+368,▲+104.55%,1715,272,1987,301,670,855,780,140
TXO,202609W2,20260909.0,46700.0,Put,150,194,77,78,78.0,▼-340,▼-81.34%,1472,2943,4415,618,72,88,1000,77
TXO,202609W2,20260909.0,46750.0,Call,635,710,499,695,695.0,▲+355,▲+104.41%,611,51,662,78,113,750,710,144
TXO,202609W2,20260909.0,46750.0,Put,143,211,85,90,90.0,▼-353,▼-79.68%,547,1131,1678,210,85,91,920,85
TXO,202609W2,20260909.0,46800.0,Call,560,735,463,645,645.0,▲+339,▲+110.78%,2344,464,2808,318,640,700,735,122
TXO,202609W2,20260909.0,46800.0,Put,161,230,95,96,96.0,▼-376,▼-79.66%,1263,3197,4460,648,96,114,1000,95
TXO,202609W2,20260909.0,46850.0,Call,545,645,428,560,600.0,▲+276,▲+97.18%,640,177,817,58,101,1090,645,95
TXO,202609W2,20260909.0,46850.0,Put,179,248,105,106,106.0,▼-399,▼-79.01%,428,1125,1553,133,84,112,1040,105
TXO,202609W2,20260909.0,46900.0,Call,486,655,392,570,570.0,▲+304,▲+114.29%,1209,558,1767,321,525,580,655,100
TXO,202609W2,20260909.0,46900.0,Put,180,271,116,118,118.0,▼-412,▼-77.74%,997,2239,3236,476,111,125,1140,116
TXO,202609W2,20260909.0,46950.0,Call,530,600,372,491,525.0,▲+246,▲+100.41%,714,364,1078,116,36.5,1100,600,98
TXO,202609W2,20260909.0,46950.0,Put,205,286,129,134,134.0,▼-436,▼-76.49%,255,1276,1531,249,128,165,700,129
TXO,202609W2,20260909.0,47000.0,Call,419,585,338,505,505.0,▲+278,▲+122.47%,4374,1697,6071,574,495,535,605,85
TXO,202609W2,20260909.0,47000.0,Put,278,315,141,141,141.0,▼-449,▼-76.10%,1598,4971,6569,961,140,151,1330,141
TXO,202609W2,20260909.0,47050.0,Call,485,525,313,438,455.0,▲+228,▲+108.57%,779,514,1293,126,322,470,705,80
TXO,202609W2,20260909.0,47050.0,Put,233,338,146,159,159.0,▼-466,▼-74.56%,272,1133,1405,189,151,197,940,146
TXO,202609W2,20260909.0,47100.0,Call,361,520,290,425,425.0,▲+230,▲+117.95%,1727,1575,3302,501,425,440,520,72
TXO,202609W2,20260909.0,47100.0,Put,247,363,172,174,174.0,▼-491,▼-73.83%,552,1898,2450,327,158,177,1080,172
TXO,202609W2,20260909.0,47150.0,Call,300,481,265,395,395.0,▲+218,▲+123.16%,859,717,1576,153,353,433,481,69
TXO,202609W2,20260909.0,47150.0,Put,273,393,191,198,198.0,▼-497,▼-71.51%,181,955,1136,101,190,276,815,191
TXO,202609W2,20260909.0,47200.0,Call,320,450,241,372,372.0,▲+210,▲+129.63%,2412,2232,4644,597,369,395,505,58
TXO,202609W2,20260909.0,47200.0,Put,332,419,204,211,211.0,▼-519,▼-71.10%,184,2045,2229,275,201,212,1420,204
TXO,202609W2,20260909.0,47250.0,Call,345,417,220,342,342.0,▲+193,▲+129.53%,777,1217,1994,167,330,355,417,55
TXO,202609W2,20260909.0,47250.0,Put,313,447,222,227,227.0,▼-538,▼-70.33%,42,1095,1137,112,220,245,815,222
TXO,202609W2,20260909.0,47300.0,Call,259,390,203,314,314.0,▲+178,▲+130.88%,1819,2683,4502,532,275,324,409,50
TXO,202609W2,20260909.0,47300.0,Put,383,473,244,260,260.0,▼-550,▼-67.90%,130,2307,2437,384,250,264,1490,244
TXO,202609W2,20260909.0,47350.0,Call,240,361,185,287,287.0,▲+160,▲+125.98%,944,1517,2461,254,268,330,361,49
TXO,202609W2,20260909.0,47350.0,Put,411,483,266,277,277.0,▼-563,▼-67.02%,17,940,957,133,261,320,850,266
TXO,202609W2,20260909.0,47400.0,Call,239,333,171,260,260.0,▲+146,▲+128.07%,1919,2709,4628,572,260,265,468,41
TXO,202609W2,20260909.0,47400.0,Put,480,535,291,300,300.0,▼-575,▼-65.71%,48,977,1025,153,293,306,1530,291
TXO,202609W2,20260909.0,47450.0,Call,216,309,151,234,234.0,▲+129,▲+122.86%,699,1062,1761,134,229,239,309,40.5
TXO,202609W2,20260909.0,47450.0,Put,427,545,315,329,329.0,▼-586,▼-64.04%,22,567,589,63,5.6,370,970,315
TXO,202609W2,20260909.0,47500.0,Call,175,285,137,217,217.0,▲+122,▲+128.42%,5102,4775,9877,1061,215,221,421,32.5
TXO,202609W2,20260909.0,47500.0,Put,560,610,340,353,353.0,▼-602,▼-63.04%,121,959,1080,156,330,363,1200,340
TXO,202609W2,20260909.0,47550.0,Call,177,260,125,194,194.0,▲+108,▲+125.58%,791,1455,2246,294,145,250,260,28.5
TXO,202609W2,20260909.0,47550.0,Put,457,650,373,425,395.0,▼-570,▼-57.29%,9,196,205,65,300,-,680,373
TXO,202609W2,20260909.0,47600.0,Call,156,240,109,176,176.0,▲+99,▲+128.57%,2351,3209,5560,784,171,177,370,27
TXO,202609W2,20260909.0,47600.0,Put,520,660,400,422,422.0,▼-618,▼-59.42%,12,446,458,73,410,465,1210,400
TXO,202609W2,20260909.0,47650.0,Call,150,218,100,154,154.0,▲+82,▲+113.89%,677,1133,1810,230,130,166,404,25
TXO,202609W2,20260909.0,47650.0,Put,615,720,431,463,463.0,▼-617,▼-57.13%,4,149,153,18,266,-,1850,431
TXO,202609W2,20260909.0,47700.0,Call,127,201,89,141,141.0,▲+76,▲+116.92%,1979,2667,4646,660,141,150,391,23
TXO,202609W2,20260909.0,47700.0,Put,590,740,459,488,488.0,▼-632,▼-56.43%,104,119,223,55,315,540,1430,459
TXO,202609W2,20260909.0,47750.0,Call,111,182,80,112,112.0,▲+55,▲+96.49%,697,767,1464,188,125,140,182,19.5
TXO,202609W2,20260909.0,47750.0,Put,615,710,494,570,530.0,▼-600,▼-51.28%,1,47,48,20,397,-,830,494
TXO,202609W2,20260909.0,47800.0,Call,80,165,71,114,109.0,▲+62,▲+119.23%,1687,3108,4795,1203,109,118,345,17
TXO,202609W2,20260909.0,47800.0,Put,660,825,535,560,560.0,▼-650,▼-53.72%,8,135,143,21,540,-,1120,535
TXO,202609W2,20260909.0,47850.0,Call,88,150,63,101,101.0,▲+55.5,▲+121.98%,439,889,1328,154,85,105,150,18.5
TXO,202609W2,20260909.0,47850.0,Put,690,815,625,690,605.0,▼-560,▼-44.80%,6,27,33,5,6.6,-,970,625
TXO,202609W2,20260909.0,47900.0,Call,87,135,56,90,90.0,▲+48.5,▲+116.87%,1254,1727,2981,416,86,92,265,15
TXO,202609W2,20260909.0,47900.0,Put,760,845,600,660,655.0,▼-640,▼-49.23%,15,24,39,15,94,690,2100,600
TXO,202609W2,20260909.0,47950.0,Call,94,120,51,79,79.0,▲+41.5,▲+110.67%,385,803,1188,171,75,89,120,15.5
TXO,202609W2,20260909.0,47950.0,Put,800,910,685,705,705.0,▼-635,▼-47.39%,0,25,25,1,8.6,-,910,685
TXO,202609W2,20260909.0,48000.0,Call,55,110,45,71,71.0,▲+39,▲+121.88%,3919,5052,8971,1835,70,73,284,11.5
TXO,202609W2,20260909.0,48000.0,Put,810,990,670,710,710.0,▼-680,▼-48.92%,25,59,84,27,620,830,1520,670
TXO,202609W2,20260909.0,48050.0,Call,79,100,40,62,62.0,▲+33,▲+113.79%,306,679,985,179,61,72,100,14
TXO,202609W2,20260909.0,48050.0,Put,865,865,770,790,760.0,▼-650,▼-45.14%,0,15,15,9,1,-,865,770
TXO,202609W2,20260909.0,48100.0,Call,56,89,35,56,56.0,▲+30.5,▲+119.61%,838,1549,2387,654,55,62,203,10.5
TXO,202609W2,20260909.0,48100.0,Put,900,900,750,860,810.0,▼-620,▼-41.89%,1,10,11,4,1.1,-,2280,750
TXO,202609W2,20260909.0,48150.0,Call,42,82,32,49.5,49.5,▲+27,▲+120.00%,272,853,1125,294,40,50,82,10.5
TXO,202609W2,20260909.0,48150.0,Put,900,950,900,945,855.0,▼-585,▼-38.24%,2,6,8,4,1.1,-,1510,900
TXO,202609W2,20260909.0,48200.0,Call,33,70,27,42,42.0,▲+23,▲+121.05%,1091,1870,2961,1131,41.5,45,222,8.5
TXO,202609W2,20260909.0,48200.0,Put,970,990,895,895,895.0,▼-685,▼-43.35%,3,18,21,12,42.5,-,1980,895
TXO,202609W2,20260909.0,48250.0,Call,35.5,62,13.5,35.5,35.5,▲+17,▲+91.89%,234,717,951,185,15,52,62,7.2
TXO,202609W2,20260909.0,48250.0,Put,970,970,940,940,940.0,▼-680,▼-41.98%,0,9,9,9,1.1,-,970,940
TXO,202609W2,20260909.0,48300.0,Call,35,55,21,32,32.0,▲+16.5,▲+106.45%,824,2219,3043,1017,31.5,40,198,7.3
TXO,202609W2,20260909.0,48300.0,Put,1030,1250,935,990,990.0,▼-680,▼-40.72%,2,18,20,8,1.1,-,1530,935
TXO,202609W2,20260909.0,48350.0,Call,21.5,49.5,18,27,27.0,▲+13,▲+92.86%,181,540,721,285,28.5,36.5,50,8
TXO,202609W2,20260909.0,48350.0,Put,975,1030,975,1030,1030.0,▼-690,▼-40.12%,1,6,7,7,1000,1290,1510,975
TXO,202609W2,20260909.0,48400.0,Call,20,43.5,16.5,24,24.0,▲+13,▲+118.18%,425,1176,1601,533,20.5,32,163,6
TXO,202609W2,20260909.0,48400.0,Put,1150,1150,1150,1150,1080.0,▼-620,▼-35.03%,1,1,2,2,1010,1530,1620,1150
TXO,202609W2,20260909.0,48500.0,Call,14.5,34.5,13.5,19,19.0,▲+10.3,▲+118.39%,942,1611,2553,728,18,19.5,145,5.1
TXO,202609W2,20260909.0,48500.0,Put,1240,1240,1240,1240,1180.0,▼-630,▼-33.69%,1,1,2,2,1000,6520,1690,1240
TXO,202609W2,20260909.0,48600.0,Call,13,26,11,14,14.0,▲+6.1,▲+77.22%,485,904,1389,520,12,15.5,111,1.2
TXO,202609W2,20260909.0,48600.0,Put,1250,1250,1250,1250,1270.0,▼-710,▼-36.22%,1,1,2,2,2.1,1730,1810,1250
TXO,202609W2,20260909.0,48700.0,Call,10,20,8.3,11,11.0,▲+4,▲+57.14%,411,674,1085,297,9.1,12.5,108,4.3
TXO,202609W2,20260909.0,48700.0,Put,1460,1460,1410,1410,1370.0,▼-650,▼-31.55%,1,2,3,2,2.1,-,1980,1410
TXO,202609W2,20260909.0,48800.0,Call,7.8,16.5,6.5,8.8,8.8,▲+3.9,▲+79.59%,184,626,810,413,8.2,9.5,101,3.5
TXO,202609W2,20260909.0,48800.0,Put,1560,1560,1560,1560,1470.0,▼-600,▼-27.78%,0,1,1,1,2,-,1560,1560
TXO,202609W2,20260909.0,48900.0,Call,5.1,14.5,3.6,3.6,7.0,▼-0.9,▼-20.00%,163,347,510,443,5.9,9.9,77,0.9
TXO,202609W2,20260909.0,48900.0,Put,1610,1610,1610,1610,1570.0,▼-650,▼-28.76%,0,1,1,1,1,-,1610,1610
TXO,202609W2,20260909.0,49000.0,Call,7,11.5,4.5,5.2,5.2,▲+1.6,▲+44.44%,719,1609,2328,1593,3,10,77,2.3
TXO,202609W2,20260909.0,49000.0,Put,1770,1770,1770,1770,1670.0,▼-590,▼-25.00%,0,1,1,1,1,-,1770,1770
TXO,202609W2,20260909.0,49100.0,Call,3.1,8.9,3.1,4.5,4.5,▲+1.5,▲+50.00%,25,428,453,519,4.8,5.2,78,0.7
TXO,202609W2,20260909.0,49100.0,Put,1910,1910,1910,1910,1760.0,▼-550,▼-22.36%,0,1,1,1,1,-,1910,1910
TXO,202609W2,20260909.0,49200.0,Call,7.8,7.8,3.2,3.8,3.8,▲+1.1,▲+40.74%,27,145,172,160,0.5,5,69,2
TXO,202609W2,20260909.0,49200.0,Put,-,-,-,-,1860.0,-,-,0,0,0,0,1,-,-,-
TXO,202609W2,20260909.0,49300.0,Call,5,5.3,2.5,3.4,3.4,▲+1,▲+41.67%,43,133,176,190,2.8,5.5,45,1.3
TXO,202609W2,20260909.0,49300.0,Put,-,-,-,-,1960.0,-,-,0,0,0,0,1,-,-,-
TXO,202609W2,20260909.0,49400.0,Call,5,6.6,2.5,2.9,2.9,▲+0.9,▲+45.00%,35,129,164,68,0.2,5.5,45.5,1.5
TXO,202609W2,20260909.0,49400.0,Put,-,-,-,-,2060.0,-,-,0,0,0,0,1,-,-,-
TXO,202609W2,20260909.0,49500.0,Call,4.1,4.9,2,2.4,2.4,▲+0.4,▲+20.00%,30,421,451,461,0.9,2.5,50,1.5
TXO,202609W2,20260909.0,49500.0,Put,-,-,-,-,2160.0,-,-,0,0,0,0,1,-,-,-
TXO,202609W2,20260909.0,49600.0,Call,2.8,3.1,1.7,2.1,2.1,▲+0.6,▲+40.00%,30,37,67,78,0.2,2.2,48,1.5
TXO,202609W2,20260909.0,49600.0,Put,-,-,-,-,2260.0,-,-,0,0,0,0,1,-,-,-
TXO,202609W2,20260909.0,49700.0,Call,1.6,2.6,1.5,1.5,1.8,▲+0.1,▲+7.14%,23,15,38,49,0.2,2.8,41.5,1
TXO,202609W2,20260909.0,49700.0,Put,-,-,-,-,2360.0,-,-,0,0,0,0,1,-,-,-
TXO,202609W2,20260909.0,49800.0,Call,3.5,3.5,1.2,1.5,1.5,▲+0.4,▲+36.36%,12,19,31,36,0.2,2.5,28.5,1.2
TXO,202609W2,20260909.0,49800.0,Put,-,-,-,-,2460.0,-,-,0,0,0,1,1,-,3680,3680
TXO,202609W2,20260909.0,49900.0,Call,1.1,1.9,1,1.9,1.3,▲+0.9,▲+90.00%,15,27,42,36,0.1,2.3,46,1
TXO,202609W2,20260909.0,49900.0,Put,-,-,-,-,2560.0,-,-,0,0,0,1,1,-,3780,3780
TXO,202609W2,20260909.0,50000.0,Call,1.2,1.8,0.9,1,1.0,▲+0.1,▲+11.11%,32,669,701,2192,0.1,1.1,16,0.7
TXO,202609W2,20260909.0,50000.0,Put,-,-,-,-,2660.0,-,-,0,0,0,0,1,-,-,-
TXO,202609W2,20260909.0,50100.0,Call,1.2,1.8,1,1,1.0,▲+0.3,▲+42.86%,0,24,24,29,0.1,1,7.9,1
TXO,202609W2,20260909.0,50100.0,Put,-,-,-,-,2760.0,-,-,0,0,0,0,1,-,-,-
TXO,202609W2,20260909.0,50200.0,Call,-,-,-,-,0.8,-,-,0,0,0,1,-,1,13.5,5.2
TXO,202609W2,20260909.0,50200.0,Put,-,-,-,-,2860.0,-,-,0,0,0,0,1,-,-,-
TXO,202609W2,20260909.0,50300.0,Call,0.8,0.8,0.8,0.8,0.8,▲+0.3,▲+60.00%,0,1,1,1,-,-,25.5,0.8
TXO,202609W2,20260909.0,50300.0,Put,-,-,-,-,2960.0,-,-,0,0,0,0,1,-,-,-
TXO,202609W2,20260909.0,50400.0,Call,0.8,1.3,0.5,0.5,0.5,▲+0.1,▲+25.00%,2,26,28,24,-,570,24,0.5
TXO,202609W2,20260909.0,50400.0,Put,-,-,-,-,3060.0,-,-,0,0,0,0,1,-,-,-
TXO,202609W2,20260909.0,50500.0,Call,0.9,0.9,0.9,0.9,0.5,▲+0.5,▲+125.00%,77,1,78,80,-,570,22,0.5
TXO,202609W2,20260909.0,50500.0,Put,-,-,-,-,3160.0,-,-,0,0,0,0,1,-,-,-
TXO,202609W2,20260909.0,50600.0,Call,-,-,-,-,0.5,-,-,0,0,0,8,-,570,9.2,3.7
TXO,202609W2,20260909.0,50600.0,Put,-,-,-,-,3260.0,-,-,0,0,0,0,1,-,-,-
TXO,202609W2,20260909.0,50700.0,Call,-,-,-,-,0.4,-,-,0,0,0,1,-,98,0.3,0.3
TXO,202609W2,20260909.0,50700.0,Put,-,-,-,-,3360.0,-,-,0,0,0,0,1,-,-,-
TXO,202609W2,20260909.0,50800.0,Call,-,-,-,-,0.4,-,-,0,0,0,0,-,-,-,-
TXO,202609W2,20260909.0,50800.0,Put,-,-,-,-,3460.0,-,-,0,0,0,0,1,-,-,-
TXO,202609W2,20260909.0,50900.0,Call,-,-,-,-,0.3,-,-,0,0,0,0,-,-,-,-
TXO,202609W2,20260909.0,50900.0,Put,-,-,-,-,3560.0,-,-,0,0,0,0,1,-,-,-
TXO,202609W2,20260909.0,51000.0,Call,0.3,0.3,0.3,0.3,0.3,▲+0.1,▲+50.00%,75,1,76,946,-,31,6.6,0.2
TXO,202609W2,20260909.0,51000.0,Put,-,-,-,-,3660.0,-,-,0,0,0,0,1,-,-,-
TXO,202609W2,20260909.0,51100.0,Call,-,-,-,-,0.2,-,-,0,0,0,0,-,-,-,-
TXO,202609W2,20260909.0,51100.0,Put,-,-,-,-,3760.0,-,-,0,0,0,0,1,-,-,-
TXO,202609W2,20260909.0,51200.0,Call,-,-,-,-,0.2,-,-,0,0,0,0,-,33,-,-
TXO,202609W2,20260909.0,51200.0,Put,-,-,-,-,3860.0,-,-,0,0,0,0,1,-,-,-
TXO,202609W2,20260909.0,51300.0,Call,-,-,-,-,0.2,-,-,0,0,0,0,-,33,-,-
TXO,202609W2,20260909.0,51300.0,Put,-,-,-,-,3960.0,-,-,0,0,0,0,5,-,-,-
TXO,202609W2,20260909.0,51400.0,Call,-,-,-,-,0.2,-,-,0,0,0,10,-,57,0.7,0.7
TXO,202609W2,20260909.0,51400.0,Put,-,-,-,-,4060.0,-,-,0,0,0,0,-,-,-,-
TXO,202609W2,20260909.0,51500.0,Call,-,-,-,-,0.1,-,-,0,0,0,3,-,25,0.2,0.2
TXO,202609W2,20260909.0,51500.0,Put,-,-,-,-,4160.0,-,-,0,0,0,0,-,-,-,-
TXO,202609W2,20260909.0,51600.0,Call,-,-,-,-,0.1,-,-,0,0,0,0,-,33,-,-
TXO,202609W2,20260909.0,51600.0,Put,-,-,-,-,4260.0,-,-,0,0,0,0,-,-,-,-
TXO,202609W2,20260909.0,51700.0,Call,-,-,-,-,0.1,-,-,0,0,0,4,0.1,25,3.8,0.7
TXO,202609W2,20260909.0,51700.0,Put,-,-,-,-,4360.0,-,-,0,0,0,0,-,-,-,-
TXO,202609F2,20260911.0,41200.0,Call,-,-,-,-,6180.0,-,-,0,0,0,0,6130,-,-,-
TXO,202609F2,20260911.0,41200.0,Put,6.6,6.6,3.4,3.4,3.4,▼-4,▼-54.05%,16,11,27,32,3.3,3.6,11.5,3.4
TXO,202609F2,20260911.0,41300.0,Call,-,-,-,-,6080.0,-,-,0,0,0,0,6030,-,-,-
TXO,202609F2,20260911.0,41300.0,Put,4.5,4.5,3.9,3.9,3.9,▼-4.1,▼-51.25%,44,10,54,102,3.5,4,49,3.9
TXO,202609F2,20260911.0,41400.0,Call,-,-,-,-,5980.0,-,-,0,0,0,0,5890,-,-,-
TXO,202609F2,20260911.0,41400.0,Put,-,-,-,-,3.9,-,-,0,0,0,0,3.7,4.1,26,15.5
TXO,202609F2,20260911.0,41500.0,Call,-,-,-,-,5880.0,-,-,0,0,0,0,5790,-,-,-
TXO,202609F2,20260911.0,41500.0,Put,-,-,-,-,4.1,-,-,0,0,0,3,3.9,4.3,41.5,8.6
TXO,202609F2,20260911.0,41600.0,Call,-,-,-,-,5780.0,-,-,0,0,0,0,5730,-,-,-
TXO,202609F2,20260911.0,41600.0,Put,-,-,-,-,4.2,-,-,0,0,0,10,4,4.5,51,13
TXO,202609F2,20260911.0,41700.0,Call,-,-,-,-,5680.0,-,-,0,0,0,0,5590,-,-,-
TXO,202609F2,20260911.0,41700.0,Put,-,-,-,-,4.4,-,-,0,0,0,0,4.2,4.7,-,-
TXO,202609F2,20260911.0,41800.0,Call,-,-,-,-,5580.0,-,-,0,0,0,0,5530,-,-,-
TXO,202609F2,20260911.0,41800.0,Put,6.7,7.5,4.7,4.7,4.7,▼-5,▼-51.55%,5,5,10,11,3.8,-,58,4.7
TXO,202609F2,20260911.0,41900.0,Call,-,-,-,-,5480.0,-,-,0,0,0,0,-,-,-,-
TXO,202609F2,20260911.0,41900.0,Put,-,-,-,-,4.8,-,-,0,0,0,1,4.6,5,47,47
TXO,202609F2,20260911.0,42000.0,Call,-,-,-,-,5380.0,-,-,0,0,0,0,0.2,-,-,-
TXO,202609F2,20260911.0,42000.0,Put,6.6,6.9,5.2,5.2,5.0,▼-5.3,▼-50.48%,5,15,20,13,4.8,5.3,50,5.2
TXO,202609F2,20260911.0,42100.0,Call,-,-,-,-,5280.0,-,-,0,0,0,0,0.2,-,-,-
TXO,202609F2,20260911.0,42100.0,Put,8.8,8.8,5.8,5.8,5.1,▼-5.2,▼-47.27%,0,9,9,6,0.2,-,72,5.8
TXO,202609F2,20260911.0,42200.0,Call,-,-,-,-,5180.0,-,-,0,0,0,0,0.2,-,-,-
TXO,202609F2,20260911.0,42200.0,Put,7.6,9.1,5.7,5.8,5.8,▼-5.7,▼-49.57%,11,20,31,22,5.3,5.8,69,5.7
TXO,202609F2,20260911.0,42300.0,Call,-,-,-,-,5080.0,-,-,0,0,0,0,0.2,-,-,-
TXO,202609F2,20260911.0,42300.0,Put,9.5,9.7,8,8,5.8,▼-4,▼-33.33%,2,5,7,9,0.2,8,41.5,8
TXO,202609F2,20260911.0,42400.0,Call,-,-,-,-,4980.0,-,-,0,0,0,0,0.2,-,-,-
TXO,202609F2,20260911.0,42400.0,Put,8.6,8.6,6.5,6.5,6.1,▼-6,▼-48.00%,0,2,2,7,5.8,6.4,52,6.5
TXO,202609F2,20260911.0,42500.0,Call,-,-,-,-,4880.0,-,-,0,0,0,0,0.2,-,-,-
TXO,202609F2,20260911.0,42500.0,Put,10,10,9,9,6.4,▼-4,▼-30.77%,1,8,9,24,6.1,6.7,88,9
TXO,202609F2,20260911.0,42600.0,Call,-,-,-,-,4780.0,-,-,0,0,0,0,0.2,-,-,-
TXO,202609F2,20260911.0,42600.0,Put,9,9,7.5,7.5,6.7,▼-6.5,▼-46.43%,1,2,3,15,3.9,112,95,7.5
TXO,202609F2,20260911.0,42700.0,Call,-,-,-,-,4680.0,-,-,0,0,0,0,0.2,-,-,-
TXO,202609F2,20260911.0,42700.0,Put,-,-,-,-,7.0,-,-,0,0,0,14,0.2,-,102,17
TXO,202609F2,20260911.0,42800.0,Call,-,-,-,-,4580.0,-,-,0,0,0,0,0.2,-,-,-
TXO,202609F2,20260911.0,42800.0,Put,10,12,7.6,7.6,7.6,▼-7.9,▼-50.97%,2,27,29,40,7.1,7.7,108,7.6
TXO,202609F2,20260911.0,42900.0,Call,-,-,-,-,4480.0,-,-,0,0,0,0,0.2,-,-,-
TXO,202609F2,20260911.0,42900.0,Put,8.4,8.4,8.4,8.4,7.6,▼-7.6,▼-47.50%,0,1,1,22,7.3,7.9,117,8.4
TXO,202609F2,20260911.0,43000.0,Call,-,-,-,-,4380.0,-,-,0,0,0,0,4300,-,-,-
TXO,202609F2,20260911.0,43000.0,Put,13,13,8.7,9.3,8.0,▼-7.7,▼-45.29%,9,18,27,27,7.7,8.3,126,8.7
TXO,202609F2,20260911.0,43100.0,Call,-,-,-,-,4280.0,-,-,0,0,0,0,4200,-,-,-
TXO,202609F2,20260911.0,43100.0,Put,-,-,-,-,8.4,-,-,2,0,2,13,8.1,8.7,136,17
TXO,202609F2,20260911.0,43200.0,Call,-,-,-,-,4180.0,-,-,0,0,0,0,0.2,-,-,-
TXO,202609F2,20260911.0,43200.0,Put,10,10,9.3,9.3,9.3,▼-10.2,▼-52.31%,0,5,5,27,8.5,9.1,130,9.3
TXO,202609F2,20260911.0,43300.0,Call,-,-,-,-,4080.0,-,-,0,0,0,0,4000,-,-,-
TXO,202609F2,20260911.0,43300.0,Put,15,15.5,10,10,10.0,▼-10,▼-50.00%,2,8,10,9,0.3,-,80,10
TXO,202609F2,20260911.0,43400.0,Call,-,-,-,-,3980.0,-,-,0,0,0,0,3940,-,-,-
TXO,202609F2,20260911.0,43400.0,Put,16,16,10,10.5,10.5,▼-10.5,▼-50.00%,1,21,22,21,9.5,10.5,163,10
TXO,202609F2,20260911.0,43500.0,Call,-,-,-,-,3880.0,-,-,0,0,0,0,3800,-,2440,2440
TXO,202609F2,20260911.0,43500.0,Put,16.5,16.5,11.5,12,10.5,▼-10,▼-45.45%,4,7,11,42,10,11,147,11.5
TXO,202609F2,20260911.0,43600.0,Call,-,-,-,-,3780.0,-,-,0,0,0,0,0.2,-,-,-
TXO,202609F2,20260911.0,43600.0,Put,15.5,15.5,12,12.5,11.0,▼-12.5,▼-50.00%,2,4,6,6,10.5,11.5,164,12
TXO,202609F2,20260911.0,43700.0,Call,-,-,-,-,3680.0,-,-,0,0,0,0,0.2,-,-,-
TXO,202609F2,20260911.0,43700.0,Put,17.5,17.5,11.5,11.5,11.5,▼-15,▼-56.60%,21,13,34,15,11,12,208,11.5
TXO,202609F2,20260911.0,43800.0,Call,-,-,-,-,3590.0,-,-,0,0,0,0,3500,-,-,-
TXO,202609F2,20260911.0,43800.0,Put,15,15,13,13,13.0,▼-15.5,▼-54.39%,4,4,8,7,0.4,120,181,13
TXO,202609F2,20260911.0,43900.0,Call,-,-,-,-,3490.0,-,-,0,0,0,0,3440,-,-,-
TXO,202609F2,20260911.0,43900.0,Put,17.5,17.5,15,15,13.0,▼-17.5,▼-53.85%,3,6,9,19,0.4,120,174,15
TXO,202609F2,20260911.0,44000.0,Call,-,-,-,-,3390.0,-,-,0,0,0,0,0.2,-,-,-
TXO,202609F2,20260911.0,44000.0,Put,18.5,22,13.5,13.5,13.5,▼-19.5,▼-59.09%,59,38,97,35,10,14.5,257,13.5
TXO,202609F2,20260911.0,44100.0,Call,-,-,-,-,3290.0,-,-,0,0,0,0,0.2,-,-,-
TXO,202609F2,20260911.0,44100.0,Put,17,17,17,17,15.0,▼-18,▼-51.43%,7,5,12,28,14.5,15.5,246,17
TXO,202609F2,20260911.0,44200.0,Call,-,-,-,-,3190.0,-,-,0,0,0,0,0.2,-,-,-
TXO,202609F2,20260911.0,44200.0,Put,18,18,17.5,18,16.0,▼-22.5,▼-55.56%,16,12,28,23,15.5,16.5,163,17.5
TXO,202609F2,20260911.0,44300.0,Call,-,-,-,-,3090.0,-,-,0,0,0,0,3010,-,-,-
TXO,202609F2,20260911.0,44300.0,Put,21,21.5,18,18.5,17.0,▼-27.5,▼-59.78%,14,52,66,49,0.8,-,264,18
TXO,202609F2,20260911.0,44400.0,Call,-,-,-,-,2990.0,-,-,0,0,0,0,2910,-,-,-
TXO,202609F2,20260911.0,44400.0,Put,23.5,23.5,18.5,19.5,19.5,▼-27.5,▼-58.51%,7,13,20,20,17.5,18.5,250,18.5
TXO,202609F2,20260911.0,44500.0,Call,-,-,-,-,2890.0,-,-,0,0,0,0,0.2,-,-,-
TXO,202609F2,20260911.0,44500.0,Put,27,30.5,19.5,19.5,19.5,▼-31.5,▼-61.76%,17,44,61,37,19,20,325,19.5
TXO,202609F2,20260911.0,44550.0,Call,-,-,-,-,2840.0,-,-,0,0,0,0,0.2,-,-,-
TXO,202609F2,20260911.0,44550.0,Put,-,-,-,-,20.0,-,-,7,0,7,4,19.5,20.5,64,50
TXO,202609F2,20260911.0,44600.0,Call,-,-,-,-,2790.0,-,-,0,0,0,0,0.2,-,-,-
TXO,202609F2,20260911.0,44600.0,Put,34,34,23,23,21.0,▼-32,▼-58.18%,7,11,18,9,20.5,21.5,239,23
TXO,202609F2,20260911.0,44650.0,Call,-,-,-,-,2740.0,-,-,0,0,0,0,0.2,-,-,-
TXO,202609F2,20260911.0,44650.0,Put,-,-,-,-,21.5,-,-,0,0,0,0,21,22,201,113
TXO,202609F2,20260911.0,44700.0,Call,-,-,-,-,2700.0,-,-,0,0,0,0,0.2,-,-,-
TXO,202609F2,20260911.0,44700.0,Put,-,-,-,-,22.5,-,-,19,0,19,8,22,23,366,50
TXO,202609F2,20260911.0,44750.0,Call,-,-,-,-,2650.0,-,-,0,0,0,0,2570,-,-,-
TXO,202609F2,20260911.0,44750.0,Put,34,34,34,34,23.5,▼-32,▼-48.48%,3,2,5,3,23,24,203,34
TXO,202609F2,20260911.0,44800.0,Call,-,-,-,-,2600.0,-,-,0,0,0,0,2550,-,2070,2070
TXO,202609F2,20260911.0,44800.0,Put,39,39,25.5,25.5,25.5,▼-44.5,▼-63.57%,5,15,20,26,21,33,308,25.5
TXO,202609F2,20260911.0,44850.0,Call,-,-,-,-,2550.0,-,-,0,0,0,0,2470,-,1170,1170
TXO,202609F2,20260911.0,44850.0,Put,35.5,36,25.5,25.5,25.5,▼-48.5,▼-65.54%,0,13,13,7,20.5,-,272,25.5
TXO,202609F2,20260911.0,44900.0,Call,-,-,-,-,2500.0,-,-,0,0,0,0,2460,-,-,-
TXO,202609F2,20260911.0,44900.0,Put,38.5,38.5,28,30.5,26.5,▼-48.5,▼-61.39%,3,11,14,13,26,27,306,28
TXO,202609F2,20260911.0,44950.0,Call,-,-,-,-,2450.0,-,-,0,0,0,0,0.2,-,-,-
TXO,202609F2,20260911.0,44950.0,Put,43,43,39.5,39.5,28.0,▼-43.5,▼-52.41%,3,11,14,13,27.5,28.5,390,39.5
TXO,202609F2,20260911.0,45000.0,Call,2310,2310,2310,2310,2400.0,▲+610,▲+35.88%,1,5,6,350,2370,2440,2310,1670
TXO,202609F2,20260911.0,45000.0,Put,44,45,27.5,30,30.0,▼-56,▼-65.12%,52,32,84,245,25,46,490,27.5
TXO,202609F2,20260911.0,45050.0,Call,-,-,-,-,2350.0,-,-,0,0,0,0,2330,-,1860,1860
TXO,202609F2,20260911.0,45050.0,Put,-,-,-,-,30.0,-,-,1,0,1,0,29.5,31,359,106
TXO,202609F2,20260911.0,45100.0,Call,-,-,-,-,2310.0,-,-,0,0,0,0,2270,-,1820,1820
TXO,202609F2,20260911.0,45100.0,Put,-,-,-,-,31.5,-,-,1,0,1,7,31,32.5,342,66
TXO,202609F2,20260911.0,45150.0,Call,2150,2150,2150,2150,2260.0,▲+580,▲+36.94%,1,1,2,0,0.2,-,2150,995
TXO,202609F2,20260911.0,45150.0,Put,39,39,37.5,37.5,33.0,▼-65.5,▼-63.59%,0,3,3,3,32,34,39,37.5
TXO,202609F2,20260911.0,45200.0,Call,-,-,-,-,2210.0,-,-,0,0,0,1,0.2,2280,1200,955
TXO,202609F2,20260911.0,45200.0,Put,60,60,37,37,34.5,▼-72,▼-66.06%,38,19,57,42,34,35.5,500,37
TXO,202609F2,20260911.0,45250.0,Call,-,-,-,-,2160.0,-,-,0,0,0,0,2120,-,-,-
TXO,202609F2,20260911.0,45250.0,Put,54,60,40,40.5,36.5,▼-75.5,▼-65.09%,5,6,11,4,36,37.5,362,40
TXO,202609F2,20260911.0,45300.0,Call,-,-,-,-,2110.0,-,-,0,0,0,2,0.2,-,1210,995
TXO,202609F2,20260911.0,45300.0,Put,41,41,41,41,38.0,▼-81,▼-66.39%,39,2,41,6,5,-,381,41
TXO,202609F2,20260911.0,45350.0,Call,-,-,-,-,2060.0,-,-,0,0,0,0,2040,-,1620,1620
TXO,202609F2,20260911.0,45350.0,Put,42.5,42.5,41.5,41.5,41.5,▼-87.5,▼-67.83%,3,2,5,4,39.5,41,245,41.5
TXO,202609F2,20260911.0,45400.0,Call,1910,1910,1910,1910,2020.0,▲+560,▲+41.48%,0,3,3,371,1940,2180,1910,1000
TXO,202609F2,20260911.0,45400.0,Put,60,73,39.5,43,43.0,▼-95,▼-68.84%,40,16,56,151,41,43,271,39.5
TXO,202609F2,20260911.0,45450.0,Call,-,-,-,-,1970.0,-,-,0,0,0,0,0.2,-,-,-
TXO,202609F2,20260911.0,45450.0,Put,54,54,50,50,44.5,▼-96,▼-65.75%,4,3,7,2,44,45.5,197,50
TXO,202609F2,20260911.0,45500.0,Call,-,-,-,-,1920.0,-,-,0,0,0,1,0.2,2000,875,875
TXO,202609F2,20260911.0,45500.0,Put,63,79,47.5,48.5,48.5,▼-106.5,▼-68.71%,14,63,77,39,10,51,510,47.5
TXO,202609F2,20260911.0,45550.0,Call,-,-,-,-,1870.0,-,-,1,0,1,0,0.2,-,1410,1410
TXO,202609F2,20260911.0,45550.0,Put,70,70,51,51,51.0,▼-113,▼-68.90%,0,4,4,1,48.5,50,174,51
TXO,202609F2,20260911.0,45600.0,Call,-,-,-,-,1830.0,-,-,0,0,0,1,1780,-,1430,730
TXO,202609F2,20260911.0,45600.0,Put,79,79,53,53,53.0,▼-120,▼-69.36%,56,7,63,28,51,53,457,53
TXO,202609F2,20260911.0,45650.0,Call,-,-,-,-,1780.0,-,-,0,0,0,1,1700,-,785,705
TXO,202609F2,20260911.0,45650.0,Put,-,-,-,-,55.0,-,-,3,0,3,3,54,56,236,117
TXO,202609F2,20260911.0,45700.0,Call,1630,1630,1630,1630,1730.0,▲+520,▲+46.85%,2,3,5,304,1690,1830,1630,695
TXO,202609F2,20260911.0,45700.0,Put,79,101,58,62,58.0,▼-133,▼-68.21%,2,18,20,40,57,59,740,58
TXO,202609F2,20260911.0,45750.0,Call,-,-,-,-,1690.0,-,-,1,0,1,0,8.1,-,1240,635
TXO,202609F2,20260911.0,45750.0,Put,72,72,64,64,64.0,▼-142,▼-68.93%,0,3,3,1,60,63,349,64
TXO,202609F2,20260911.0,45800.0,Call,-,-,-,-,1640.0,-,-,1,0,1,3,1440,-,1240,550
TXO,202609F2,20260911.0,45800.0,Put,101,106,62,66,66.0,▼-152,▼-69.72%,46,42,88,65,60,72,665,62
TXO,202609F2,20260911.0,45850.0,Call,-,-,-,-,1590.0,-,-,2,0,2,3,1390,-,1160,615
TXO,202609F2,20260911.0,45850.0,Put,87,87,83,83,69.0,▼-153,▼-64.83%,0,3,3,3,2.2,-,410,83
TXO,202609F2,20260911.0,45900.0,Call,-,-,-,-,1550.0,-,-,1,0,1,3,8,1620,1120,570
TXO,202609F2,20260911.0,45900.0,Put,105,119,79,79,73.0,▼-173,▼-68.65%,8,16,24,35,1.3,122,720,79
TXO,202609F2,20260911.0,45950.0,Call,-,-,-,-,1500.0,-,-,2,0,2,8,1310,-,1080,905
TXO,202609F2,20260911.0,45950.0,Put,-,-,-,-,78.0,-,-,5,0,5,10,77,80,442,258
TXO,202609F2,20260911.0,46000.0,Call,-,-,-,-,1460.0,-,-,3,0,3,27,1380,1540,1040,505
TXO,202609F2,20260911.0,46000.0,Put,115,146,77,84,84.0,▼-194,▼-69.78%,59,82,141,42,82,85,760,77
TXO,202609F2,20260911.0,46050.0,Call,-,-,-,-,1410.0,-,-,1,0,1,15,1370,-,1000,525
TXO,202609F2,20260911.0,46050.0,Put,-,-,-,-,88.0,-,-,6,0,6,16,87,90,710,260
TXO,202609F2,20260911.0,46100.0,Call,-,-,-,-,1370.0,-,-,0,0,0,11,1330,-,815,505
TXO,202609F2,20260911.0,46100.0,Put,123,155,95,98,98.0,▼-207,▼-67.87%,13,11,24,15,93,96,665,95
TXO,202609F2,20260911.0,46150.0,Call,-,-,-,-,1320.0,-,-,0,0,0,14,1290,-,785,500
TXO,202609F2,20260911.0,46150.0,Put,105,112,105,112,100.0,▼-199,▼-63.99%,13,3,16,23,99,102,790,105
TXO,202609F2,20260911.0,46200.0,Call,-,-,-,-,1280.0,-,-,0,0,0,21,1240,-,750,515
TXO,202609F2,20260911.0,46200.0,Put,200,200,101,115,106.0,▼-226,▼-66.28%,18,185,203,163,104,108,730,101
TXO,202609F2,20260911.0,46250.0,Call,1060,1060,1060,1060,1240.0,▲+335,▲+46.21%,0,7,7,2,220,1350,1060,454
TXO,202609F2,20260911.0,46250.0,Put,187,187,130,131,114.0,▼-228,▼-63.51%,9,12,21,10,112,117,555,130
TXO,202609F2,20260911.0,46300.0,Call,1110,1110,1110,1110,1200.0,▲+415,▲+59.71%,0,4,4,2,8,1210,1110,405
TXO,202609F2,20260911.0,46300.0,Put,150,161,125,131,122.0,▼-246,▼-65.25%,9,11,20,10,120,125,765,125
TXO,202609F2,20260911.0,46350.0,Call,915,915,915,915,1150.0,▲+250,▲+37.59%,0,2,2,0,1120,-,915,575
TXO,202609F2,20260911.0,46350.0,Put,215,215,135,137,137.0,▼-256,▼-65.14%,15,7,22,13,127,132,448,135
TXO,202609F2,20260911.0,46400.0,Call,-,-,-,-,1110.0,-,-,1,0,1,4,1080,1210,950,399
TXO,202609F2,20260911.0,46400.0,Put,196,196,143,143,143.0,▼-276,▼-65.87%,7,14,21,10,137,142,700,143
TXO,202609F2,20260911.0,46450.0,Call,-,-,-,-,1070.0,-,-,1,0,1,1,1050,-,670,384
TXO,202609F2,20260911.0,46450.0,Put,236,248,150,175,148.0,▼-276,▼-61.20%,7,18,25,20,146,151,496,150
TXO,202609F2,20260911.0,46500.0,Call,815,815,815,815,1030.0,▲+255,▲+45.54%,1,1,2,6,1010,1120,815,319
TXO,202609F2,20260911.0,46500.0,Put,196,250,155,166,166.0,▼-296,▼-64.07%,12,103,115,88,155,160,965,155
TXO,202609F2,20260911.0,46550.0,Call,760,760,760,760,995.0,▲+205,▲+36.94%,11,5,16,2,970,-,760,510
TXO,202609F2,20260911.0,46550.0,Put,206,206,176,181,169.0,▼-307,▼-62.91%,24,17,41,14,167,172,1130,176
TXO,202609F2,20260911.0,46600.0,Call,835,895,795,895,955.0,▲+370,▲+70.48%,5,7,12,4,930,1040,895,325
TXO,202609F2,20260911.0,46600.0,Put,228,303,175,175,175.0,▼-335,▼-65.69%,12,17,29,11,12,380,960,175
TXO,202609F2,20260911.0,46650.0,Call,705,705,705,705,915.0,▲+205,▲+41.00%,5,5,10,0,8.1,-,705,470
TXO,202609F2,20260911.0,46650.0,Put,185,185,185,185,185.0,▼-345,▼-65.09%,13,3,16,8,189,195,700,185
TXO,202609F2,20260911.0,46700.0,Call,845,845,750,845,880.0,▲+368,▲+77.15%,8,6,14,1,870,885,845,202
TXO,202609F2,20260911.0,46700.0,Put,238,322,205,212,212.0,▼-348,▼-62.14%,2,8,10,8,202,208,1080,205
TXO,202609F2,20260911.0,46750.0,Call,785,785,785,785,845.0,▲+334,▲+74.06%,10,5,15,6,685,950,785,309
TXO,202609F2,20260911.0,46750.0,Put,338,338,338,338,219.0,▼-247,▼-42.22%,4,1,5,1,216,222,1040,338
TXO,202609F2,20260911.0,46800.0,Call,770,800,745,800,800.0,▲+373,▲+87.35%,17,6,23,5,800,815,800,220
TXO,202609F2,20260911.0,46800.0,Put,268,355,223,259,233.0,▼-351,▼-57.54%,2,12,14,10,171,302,760,223
TXO,202609F2,20260911.0,46850.0,Call,740,745,740,745,775.0,▲+340,▲+83.95%,5,5,10,0,765,780,745,367
TXO,202609F2,20260911.0,46850.0,Put,330,390,250,253,253.0,▼-387,▼-60.47%,1,5,6,5,246,252,770,250
TXO,202609F2,20260911.0,46900.0,Call,705,720,705,720,735.0,▲+336,▲+87.50%,5,5,10,2,595,820,720,240
TXO,202609F2,20260911.0,46900.0,Put,300,307,280,286,263.0,▼-379,▼-56.99%,0,12,12,9,188,321,880,280
TXO,202609F2,20260911.0,46950.0,Call,-,-,-,-,705.0,-,-,49,0,49,6,700,710,448,314
TXO,202609F2,20260911.0,46950.0,Put,435,435,282,282,282.0,▼-413,▼-59.42%,0,4,4,1,3.8,381,650,282
TXO,202609F2,20260911.0,47000.0,Call,650,650,487,635,675.0,▲+298,▲+88.43%,30,20,50,15,665,680,780,190
TXO,202609F2,20260911.0,47000.0,Put,375,453,278,333,299.0,▼-392,▼-54.07%,2,22,24,16,296,303,1270,278
TXO,202609F2,20260911.0,47050.0,Call,505,610,496,610,640.0,▲+285,▲+87.69%,0,7,7,3,500,-,610,170
TXO,202609F2,20260911.0,47050.0,Put,354,370,294,358,318.0,▼-397,▼-52.58%,0,5,5,1,270,411,1200,294
TXO,202609F2,20260911.0,47100.0,Call,560,580,555,580,610.0,▲+278,▲+92.05%,6,4,10,9,469,-,700,159
TXO,202609F2,20260911.0,47100.0,Put,450,450,350,350,350.0,▼-440,▼-55.70%,0,9,9,7,333,341,1000,350
TXO,202609F2,20260911.0,47150.0,Call,-,-,-,-,580.0,-,-,0,0,0,5,575,585,310,168
TXO,202609F2,20260911.0,47150.0,Put,412,412,412,412,357.0,▼-408,▼-49.76%,1,1,2,1,353,361,540,412
TXO,202609F2,20260911.0,47200.0,Call,480,520,456,520,550.0,▲+258,▲+98.47%,3,14,17,13,545,555,520,160
TXO,202609F2,20260911.0,47200.0,Put,520,520,366,400,376.0,▼-450,▼-52.94%,0,5,5,2,373,380,1080,366
TXO,202609F2,20260911.0,47250.0,Call,545,545,545,545,520.0,▲+289,▲+112.89%,0,2,2,1,391,-,545,152
TXO,202609F2,20260911.0,47250.0,Put,-,-,-,-,398.0,-,-,1,0,1,1,7.8,-,1340,835
TXO,202609F2,20260911.0,47300.0,Call,500,535,458,458,495.0,▲+218,▲+90.83%,4,10,14,10,491,500,535,127
TXO,202609F2,20260911.0,47300.0,Put,505,540,437,437,437.0,▼-488,▼-52.76%,0,5,5,2,417,425,995,437
TXO,202609F2,20260911.0,47350.0,Call,450,450,435,435,468.0,▲+210,▲+93.33%,0,2,2,1,345,-,450,119
TXO,202609F2,20260911.0,47350.0,Put,-,-,-,-,444.0,-,-,0,0,0,0,440,448,-,-
TXO,202609F2,20260911.0,47400.0,Call,442,466,311,435,435.0,▲+224,▲+106.16%,4,5,9,14,439,446,466,120
TXO,202609F2,20260911.0,47400.0,Put,555,605,460,499,469.0,▼-476,▼-48.82%,0,8,8,3,465,473,995,460
TXO,202609F2,20260911.0,47450.0,Call,286,394,286,394,418.0,▲+196,▲+98.99%,6,2,8,3,294,-,394,200
TXO,202609F2,20260911.0,47450.0,Put,-,-,-,-,494.0,-,-,0,0,0,0,412,-,-,-
TXO,202609F2,20260911.0,47500.0,Call,405,418,269,392,392.0,▲+207,▲+111.89%,11,28,39,11,272,-,600,106
TXO,202609F2,20260911.0,47500.0,Put,600,600,510,510,510.0,▼-560,▼-52.34%,2,7,9,5,515,525,1050,510
TXO,202609F2,20260911.0,47550.0,Call,340,382,340,382,382.0,▲+209,▲+120.81%,5,2,7,1,368,376,382,88
TXO,202609F2,20260911.0,47550.0,Put,605,605,605,605,550.0,▼-505,▼-45.50%,0,1,1,1,76,675,605,605
TXO,202609F2,20260911.0,47600.0,Call,300,350,242,350,350.0,▲+181,▲+107.10%,7,8,15,16,254,-,350,88
TXO,202609F2,20260911.0,47600.0,Put,750,805,615,615,575.0,▼-525,▼-46.05%,0,5,5,1,535,590,1050,615
TXO,202609F2,20260911.0,47650.0,Call,289,360,288,310,310.0,▲+159,▲+105.30%,1,6,7,2,221,-,360,88
TXO,202609F2,20260911.0,47650.0,Put,-,-,-,-,605.0,-,-,0,0,0,0,595,-,-,-
TXO,202609F2,20260911.0,47700.0,Call,343,343,216,300,300.0,▲+155,▲+106.90%,8,61,69,15,305,312,343,72
TXO,202609F2,20260911.0,47700.0,Put,820,820,820,820,635.0,▼-400,▼-32.79%,0,1,1,1,625,690,1150,820
TXO,202609F2,20260911.0,47750.0,Call,-,-,-,-,290.0,-,-,3,0,3,3,286,292,210,165
TXO,202609F2,20260911.0,47750.0,Put,-,-,-,-,665.0,-,-,0,0,0,0,194,695,-,-
TXO,202609F2,20260911.0,47800.0,Call,193,302,182,261,261.0,▲+133,▲+103.91%,11,9,20,20,148,325,326,59
TXO,202609F2,20260911.0,47800.0,Put,880,880,710,710,710.0,▼-600,▼-45.80%,4,4,8,7,600,720,995,710
TXO,202609F2,20260911.0,47850.0,Call,222,224,208,224,254.0,▲+109,▲+94.78%,2,4,6,2,145,-,224,71
TXO,202609F2,20260911.0,47850.0,Put,-,-,-,-,730.0,-,-,0,0,0,0,650,785,2050,2050
TXO,202609F2,20260911.0,47900.0,Call,153,236,153,232,232.0,▲+124,▲+114.81%,0,11,11,9,234,241,236,83
TXO,202609F2,20260911.0,47900.0,Put,1000,1000,1000,1000,765.0,▼-390,▼-28.06%,0,1,1,1,495,-,1000,1000
TXO,202609F2,20260911.0,47950.0,Call,-,-,-,-,222.0,-,-,0,0,0,0,62,-,58,52
TXO,202609F2,20260911.0,47950.0,Put,-,-,-,-,795.0,-,-,0,0,0,0,499,830,-,-
TXO,202609F2,20260911.0,48000.0,Call,191,207,137,205,205.0,▲+107,▲+109.18%,42,35,77,54,204,209,314,47
TXO,202609F2,20260911.0,48000.0,Put,995,995,955,955,835.0,▼-525,▼-35.47%,1,3,4,4,750,865,1400,955
TXO,202609F2,20260911.0,48050.0,Call,179,202,132,180,180.0,▲+98,▲+119.51%,40,9,49,4,103,-,202,43
TXO,202609F2,20260911.0,48050.0,Put,-,-,-,-,870.0,-,-,0,0,0,0,-,-,-,-
TXO,202609F2,20260911.0,48100.0,Call,171,208,120,167,167.0,▲+87,▲+108.75%,4,25,29,12,177,182,208,53
TXO,202609F2,20260911.0,48100.0,Put,995,995,920,920,920.0,▼-640,▼-41.03%,0,4,4,3,805,-,995,920
TXO,202609F2,20260911.0,48150.0,Call,154,154,104,106,164.0,▲+32,▲+43.24%,1,5,6,5,164,169,154,104
TXO,202609F2,20260911.0,48150.0,Put,-,-,-,-,940.0,-,-,0,0,0,0,0.5,-,-,-
TXO,202609F2,20260911.0,48200.0,Call,117,167,94,154,154.0,▲+91,▲+144.44%,16,35,51,21,153,158,205,32
TXO,202609F2,20260911.0,48200.0,Put,995,995,955,955,980.0,▼-695,▼-42.12%,22,4,26,4,880,1020,1850,955
TXO,202609F2,20260911.0,48250.0,Call,140,140,90,90,145.0,▲+31,▲+52.54%,0,2,2,1,58,-,140,90
TXO,202609F2,20260911.0,48250.0,Put,-,-,-,-,1020.0,-,-,0,0,0,0,-,1040,-,-
TXO,202609F2,20260911.0,48300.0,Call,133,145,96,121,135.0,▲+66,▲+120.00%,6,21,27,17,33.5,144,201,31
TXO,202609F2,20260911.0,48300.0,Put,995,995,995,995,1060.0,▼-745,▼-42.82%,0,1,1,1,990,-,995,995
TXO,202609F2,20260911.0,48350.0,Call,120,146,76,117,117.0,▲+63,▲+116.67%,6,14,20,20,123,127,146,30
TXO,202609F2,20260911.0,48350.0,Put,-,-,-,-,1100.0,-,-,0,0,0,0,-,-,-,-
TXO,202609F2,20260911.0,48400.0,Call,111,139,74,116,116.0,▲+65,▲+127.45%,2,32,34,24,27,238,190,26
TXO,202609F2,20260911.0,48400.0,Put,-,-,-,-,1140.0,-,-,0,0,0,0,995,-,2010,1820
TXO,202609F2,20260911.0,48500.0,Call,111,121,60,89,89.0,▲+45,▲+102.27%,14,52,66,32,80,100,121,20
TXO,202609F2,20260911.0,48500.0,Put,-,-,-,-,1220.0,-,-,0,0,0,0,995,1240,-,-
TXO,202609F2,20260911.0,48600.0,Call,93,103,48,80,80.0,▲+43.5,▲+119.18%,6,37,43,18,82,86,159,28.5
TXO,202609F2,20260911.0,48600.0,Put,-,-,-,-,1310.0,-,-,0,0,0,0,-,-,-,-
TXO,202609F2,20260911.0,48700.0,Call,45,89,45,75,75.0,▲+46.5,▲+163.16%,6,18,24,21,42,158,112,21
TXO,202609F2,20260911.0,48700.0,Put,-,-,-,-,1400.0,-,-,0,0,0,0,-,1440,-,-
TXO,202609F2,20260911.0,48800.0,Call,45.5,64,35.5,57,57.0,▲+29.5,▲+107.27%,23,36,59,47,58,61,99,17
TXO,202609F2,20260911.0,48800.0,Put,-,-,-,-,1490.0,-,-,0,0,0,0,-,-,-,-
TXO,202609F2,20260911.0,48900.0,Call,29.5,54,29.5,51,51.0,▲+28,▲+121.74%,27,22,49,24,49.5,52,106,19
TXO,202609F2,20260911.0,48900.0,Put,-,-,-,-,1580.0,-,-,0,0,0,0,-,-,-,-
TXO,202609F2,20260911.0,49000.0,Call,43,51,25,38,38.0,▲+18,▲+90.00%,19,51,70,32,41,43,134,12.5
TXO,202609F2,20260911.0,49000.0,Put,-,-,-,-,1670.0,-,-,0,0,0,0,-,-,-,-
TXO,202609F2,20260911.0,49100.0,Call,29.5,36.5,25.5,36.5,36.5,▲+19,▲+108.57%,0,24,24,17,0.5,-,74,19
TXO,202609F2,20260911.0,49100.0,Put,-,-,-,-,1760.0,-,-,0,0,0,0,-,-,-,-
TXO,202609F2,20260911.0,49200.0,Call,24.5,33.5,24.5,29.5,29.5,▲+13.5,▲+84.38%,1,23,24,15,29.5,31,53,12.5
TXO,202609F2,20260911.0,49200.0,Put,-,-,-,-,1860.0,-,-,0,0,0,0,-,-,-,-
TXO,202609F2,20260911.0,49300.0,Call,25.5,30.5,16.5,30.5,25.5,▲+17,▲+125.93%,1,7,8,5,24.5,26,71,15
TXO,202609F2,20260911.0,49300.0,Put,-,-,-,-,1950.0,-,-,0,0,0,0,-,1990,-,-
TXO,202609F2,20260911.0,49400.0,Call,20,23,19.5,19.5,19.5,▲+7.5,▲+62.50%,0,56,56,51,21,22,43,16
TXO,202609F2,20260911.0,49400.0,Put,-,-,-,-,2050.0,-,-,0,0,0,0,-,2130,-,-
TXO,202609F2,20260911.0,49500.0,Call,17,24,15.5,18,18.0,▲+7,▲+63.64%,2,13,15,15,18,19,60,7.8
TXO,202609F2,20260911.0,49500.0,Put,-,-,-,-,2140.0,-,-,0,0,0,0,2130,2160,-,-
TXO,202609F2,20260911.0,49600.0,Call,17,17,13,14.5,14.5,▲+4.8,▲+49.48%,0,10,10,5,15.5,16.5,17.5,9
TXO,202609F2,20260911.0,49600.0,Put,-,-,-,-,2240.0,-,-,0,0,0,0,-,2280,-,-
TXO,202609F2,20260911.0,49700.0,Call,8.8,16,8.8,12,12.0,▲+3.3,▲+37.93%,0,5,5,5,0.4,99,18.5,8.8
TXO,202609F2,20260911.0,49700.0,Put,-,-,-,-,2340.0,-,-,0,0,0,0,-,-,-,-
TXO,202609F2,20260911.0,49800.0,Call,8.3,11.5,8.3,11.5,11.5,▲+3.6,▲+45.57%,0,23,23,22,11.5,12.5,25.5,8.3
TXO,202609F2,20260911.0,49800.0,Put,-,-,-,-,2440.0,-,-,0,0,0,0,-,2520,-,-
TXO,202609F2,20260911.0,49900.0,Call,8,12.5,8,12.5,10.5,▲+5.4,▲+76.06%,1,4,5,7,2.9,444,26.5,7.1
TXO,202609F2,20260911.0,49900.0,Put,-,-,-,-,2540.0,-,-,0,0,0,0,-,2620,-,-
TXO,202609F2,20260911.0,50000.0,Call,8.2,11,8.2,8.5,8.5,▲+1.9,▲+28.79%,1,5,6,13,8.9,9.5,33,5.6
TXO,202609F2,20260911.0,50000.0,Put,-,-,-,-,2630.0,-,-,0,0,0,0,-,2650,-,-
TXO,202609F2,20260911.0,50100.0,Call,8.9,8.9,8.9,8.9,8.2,▲+2.9,▲+48.33%,0,2,2,3,0.5,108,25,6
TXO,202609F2,20260911.0,50100.0,Put,-,-,-,-,2730.0,-,-,0,0,0,0,-,2780,-,-
TXO,202609F2,20260911.0,50200.0,Call,-,-,-,-,7.2,-,-,0,0,0,10,0.3,-,19,4.8
TXO,202609F2,20260911.0,50200.0,Put,-,-,-,-,2830.0,-,-,0,0,0,0,-,-,-,-
TXO,202609F2,20260911.0,50300.0,Call,-,-,-,-,6.6,-,-,0,0,0,1,6.3,6.8,22,9.6
TXO,202609F2,20260911.0,50300.0,Put,-,-,-,-,2930.0,-,-,0,0,0,0,-,2970,-,-
TXO,202609F2,20260911.0,50400.0,Call,-,-,-,-,6.0,-,-,0,0,0,0,0.2,-,-,-
TXO,202609F2,20260911.0,50400.0,Put,-,-,-,-,3030.0,-,-,0,0,0,0,-,-,-,-
TXO,202609F2,20260911.0,50500.0,Call,5.7,5.7,5.7,5.7,5.7,▲+0.9,▲+18.75%,1,1,2,4,5.3,5.7,6.3,5.1
TXO,202609F2,20260911.0,50500.0,Put,-,-,-,-,3130.0,-,-,0,0,0,0,-,-,-,-
TXO,202609F2,20260911.0,50600.0,Call,5,5,4.7,4.7,5.1,▲+0.3,▲+6.82%,0,6,6,5,0.4,105,10.5,4.7
TXO,202609F2,20260911.0,50600.0,Put,-,-,-,-,3230.0,-,-,0,0,0,0,-,3310,-,-
TXO,202609F2,20260911.0,50700.0,Call,-,-,-,-,4.8,-,-,0,0,0,0,0.4,-,16,6.3
TXO,202609F2,20260911.0,50700.0,Put,-,-,-,-,3330.0,-,-,0,0,0,0,-,3370,-,-
TXO,202609F2,20260911.0,50800.0,Call,-,-,-,-,4.5,-,-,0,0,0,0,4.3,4.6,-,-
TXO,202609F2,20260911.0,50800.0,Put,-,-,-,-,3430.0,-,-,0,0,0,0,-,3470,-,-
TXO,202609F2,20260911.0,50900.0,Call,-,-,-,-,4.2,-,-,0,0,0,1,0.5,104,15,4.3
TXO,202609F2,20260911.0,50900.0,Put,-,-,-,-,3530.0,-,-,0,0,0,0,-,-,-,-
TXO,202609F2,20260911.0,51000.0,Call,3.9,3.9,3.9,3.9,3.9,▲+0.2,▲+5.41%,0,1,1,1,3.7,3.8,16.5,3.9
TXO,202609F2,20260911.0,51000.0,Put,-,-,-,-,3630.0,-,-,0,0,0,0,-,3670,-,-
TXO,202609F2,20260911.0,51100.0,Call,-,-,-,-,3.7,-,-,0,0,0,2,0.6,104,5,5
TXO,202609F2,20260911.0,51100.0,Put,-,-,-,-,3730.0,-,-,0,0,0,0,-,3770,-,-
TXO,202609F2,20260911.0,51200.0,Call,-,-,-,-,3.5,-,-,0,0,0,0,0.6,-,-,-
TXO,202609F2,20260911.0,51200.0,Put,-,-,-,-,3830.0,-,-,0,0,0,0,-,3870,-,-
TXO,202609F2,20260911.0,51300.0,Call,-,-,-,-,3.3,-,-,0,0,0,0,0.6,-,-,-
TXO,202609F2,20260911.0,51300.0,Put,-,-,-,-,3930.0,-,-,0,0,0,0,-,-,-,-
TXO,202609F2,20260911.0,51400.0,Call,-,-,-,-,3.1,-,-,0,0,0,0,0.6,-,-,-
TXO,202609F2,20260911.0,51400.0,Put,-,-,-,-,4030.0,-,-,0,0,0,0,-,-,-,-
TXO,202609F2,20260911.0,51500.0,Call,3,3,3,3,3.0,▲+0.1,▲+3.45%,1,1,2,2,0.6,104,8.4,2.3
TXO,202609F2,20260911.0,51500.0,Put,-,-,-,-,4130.0,-,-,0,0,0,0,-,4170,-,-
TXO,202609F2,20260911.0,51600.0,Call,-,-,-,-,2.9,-,-,0,0,0,0,2.7,3,-,-
TXO,202609F2,20260911.0,51600.0,Put,-,-,-,-,4230.0,-,-,0,0,0,0,-,-,-,-
TXO,202609F2,20260911.0,51700.0,Call,-,-,-,-,2.7,-,-,53,0,53,46,0.5,5,6.6,2.4
TXO,202609F2,20260911.0,51700.0,Put,-,-,-,-,4330.0,-,-,0,0,0,0,-,4370,-,-
TXO,202609,20260916.0,21800.0,Call,-,-,-,-,25650.0,-,-,0,0,0,4,25500,25900,25330,12370
TXO,202609,20260916.0,21800.0,Put,0.9,0.9,0.2,0.2,0.1,▼-0.1,▼-33.33%,50,23,73,1776,0.1,1,650,0.1
TXO,202609,20260916.0,22000.0,Call,-,-,-,-,25450.0,-,-,0,0,0,6,25160,25710,23430,5990
TXO,202609,20260916.0,22000.0,Put,-,-,-,-,0.1,-,-,20,0,20,359,0.1,101,565,0.3
TXO,202609,20260916.0,22200.0,Call,-,-,-,-,25250.0,-,-,0,0,0,0,25190,-,-,-
TXO,202609,20260916.0,22200.0,Put,-,-,-,-,0.1,-,-,50,0,50,256,-,101,580,0.3
TXO,202609,20260916.0,22400.0,Call,-,-,-,-,25050.0,-,-,0,0,0,0,25000,-,-,-
TXO,202609,20260916.0,22400.0,Put,-,-,-,-,0.1,-,-,45,0,45,253,-,101,605,0.3
TXO,202609,20260916.0,22600.0,Call,-,-,-,-,24850.0,-,-,0,0,0,0,24800,-,-,-
TXO,202609,20260916.0,22600.0,Put,-,-,-,-,0.1,-,-,80,0,80,311,-,99,650,0.3
TXO,202609,20260916.0,22800.0,Call,-,-,-,-,24650.0,-,-,0,0,0,0,24590,-,-,-
TXO,202609,20260916.0,22800.0,Put,-,-,-,-,0.1,-,-,75,0,75,83,-,101,675,0.3
TXO,202609,20260916.0,23000.0,Call,-,-,-,-,24450.0,-,-,0,0,0,0,-,-,-,-
TXO,202609,20260916.0,23000.0,Put,-,-,-,-,0.1,-,-,82,0,82,139,-,560,700,0.3
TXO,202609,20260916.0,23200.0,Call,-,-,-,-,24250.0,-,-,0,0,0,0,24200,-,-,-
TXO,202609,20260916.0,23200.0,Put,-,-,-,-,0.1,-,-,10,0,10,237,-,570,730,0.4
TXO,202609,20260916.0,23400.0,Call,-,-,-,-,24050.0,-,-,0,0,0,0,23990,-,-,-
TXO,202609,20260916.0,23400.0,Put,-,-,-,-,0.1,-,-,0,0,0,11,-,570,700,2.5
TXO,202609,20260916.0,23600.0,Call,-,-,-,-,23850.0,-,-,0,0,0,0,23790,-,-,-
TXO,202609,20260916.0,23600.0,Put,-,-,-,-,0.1,-,-,10,0,10,11,-,101,700,0.5
TXO,202609,20260916.0,23800.0,Call,-,-,-,-,23650.0,-,-,0,0,0,0,23600,-,-,-
TXO,202609,20260916.0,23800.0,Put,-,-,-,-,0.1,-,-,10,0,10,14,-,570,520,0.5
TXO,202609,20260916.0,24000.0,Call,-,-,-,-,23450.0,-,-,0,0,0,0,23400,-,-,-
TXO,202609,20260916.0,24000.0,Put,-,-,-,-,0.2,-,-,10,0,10,108,-,570,665,0.6
TXO,202609,20260916.0,24200.0,Call,-,-,-,-,23250.0,-,-,0,0,0,0,23200,-,-,-
TXO,202609,20260916.0,24200.0,Put,-,-,-,-,0.2,-,-,30,0,30,82,-,570,1000,0.6
TXO,202609,20260916.0,24400.0,Call,-,-,-,-,23050.0,-,-,0,0,0,0,23000,-,-,-
TXO,202609,20260916.0,24400.0,Put,-,-,-,-,0.2,-,-,33,0,33,112,-,570,1010,0.5
TXO,202609,20260916.0,24600.0,Call,-,-,-,-,22850.0,-,-,0,0,0,0,-,-,-,-
TXO,202609,20260916.0,24600.0,Put,-,-,-,-,0.2,-,-,30,0,30,52,-,570,1020,0.6
TXO,202609,20260916.0,24800.0,Call,-,-,-,-,22650.0,-,-,0,0,0,0,-,-,-,-
TXO,202609,20260916.0,24800.0,Put,-,-,-,-,0.2,-,-,30,0,30,85,-,101,1100,0.6
TXO,202609,20260916.0,25000.0,Call,-,-,-,-,22450.0,-,-,0,0,0,0,22400,-,-,-
TXO,202609,20260916.0,25000.0,Put,-,-,-,-,0.2,-,-,30,0,30,123,-,60,1050,0.7
TXO,202609,20260916.0,25200.0,Call,-,-,-,-,22250.0,-,-,0,0,0,0,22200,-,-,-
TXO,202609,20260916.0,25200.0,Put,-,-,-,-,0.2,-,-,0,0,0,30,-,18,1200,0.9
TXO,202609,20260916.0,25400.0,Call,-,-,-,-,22050.0,-,-,0,0,0,0,22000,-,-,-
TXO,202609,20260916.0,25400.0,Put,-,-,-,-,0.2,-,-,0,0,0,24,-,101,1250,6
TXO,202609,20260916.0,25600.0,Call,-,-,-,-,21850.0,-,-,0,0,0,0,21800,-,-,-
TXO,202609,20260916.0,25600.0,Put,-,-,-,-,0.2,-,-,4,0,4,27,0.1,0.3,1210,0.7
TXO,202609,20260916.0,25800.0,Call,-,-,-,-,21650.0,-,-,0,0,0,163,20960,21750,20840,14370
TXO,202609,20260916.0,25800.0,Put,-,-,-,-,0.2,-,-,0,0,0,42,-,101,1270,2.4
TXO,202609,20260916.0,26000.0,Call,-,-,-,-,21450.0,-,-,0,0,0,0,21400,-,-,-
TXO,202609,20260916.0,26000.0,Put,-,-,-,-,0.2,-,-,0,0,0,110,-,19,1090,5
TXO,202609,20260916.0,26200.0,Call,-,-,-,-,21250.0,-,-,0,0,0,0,21200,-,-,-
TXO,202609,20260916.0,26200.0,Put,-,-,-,-,0.2,-,-,0,0,0,22,0.1,0.3,1420,16
TXO,202609,20260916.0,26400.0,Call,-,-,-,-,21050.0,-,-,0,0,0,0,21000,21100,13900,5820
TXO,202609,20260916.0,26400.0,Put,-,-,-,-,0.2,-,-,0,0,0,9,0.1,0.3,1180,3.9
TXO,202609,20260916.0,26600.0,Call,-,-,-,-,20850.0,-,-,0,0,0,0,20800,20900,-,-
TXO,202609,20260916.0,26600.0,Put,-,-,-,-,0.2,-,-,0,0,0,26,0.1,0.4,1000,6.7
TXO,202609,20260916.0,26800.0,Call,-,-,-,-,20650.0,-,-,0,0,0,25,20510,20920,18950,5510
TXO,202609,20260916.0,26800.0,Put,-,-,-,-,0.2,-,-,0,0,0,35,0.1,0.4,1130,6.1
TXO,202609,20260916.0,27000.0,Call,-,-,-,-,20450.0,-,-,0,0,0,3,20340,20540,20110,6220
TXO,202609,20260916.0,27000.0,Put,-,-,-,-,0.2,-,-,0,0,0,19,0.1,0.4,1750,3.2
TXO,202609,20260916.0,27200.0,Call,-,-,-,-,20250.0,-,-,0,0,0,0,20200,20300,-,-
TXO,202609,20260916.0,27200.0,Put,-,-,-,-,0.2,-,-,0,0,0,5,-,570,750,5.1
TXO,202609,20260916.0,27400.0,Call,-,-,-,-,20050.0,-,-,0,0,0,2,19910,20300,5890,2380
TXO,202609,20260916.0,27400.0,Put,-,-,-,-,0.2,-,-,0,0,0,7,-,570,1270,1.7
TXO,202609,20260916.0,27600.0,Call,-,-,-,-,19850.0,-,-,0,0,0,2,19710,19940,10800,2020
TXO,202609,20260916.0,27600.0,Put,-,-,-,-,0.3,-,-,0,0,0,10,0.2,0.4,1120,4.2
TXO,202609,20260916.0,27800.0,Call,-,-,-,-,19650.0,-,-,0,0,0,7,18970,19750,19160,16360
TXO,202609,20260916.0,27800.0,Put,-,-,-,-,0.3,-,-,0,0,0,27,-,570,1460,3.1
TXO,202609,20260916.0,28000.0,Call,-,-,-,-,19450.0,-,-,0,0,0,1,19290,19520,7880,1910
TXO,202609,20260916.0,28000.0,Put,0.4,0.4,0.4,0.4,0.3,▼-0.9,▼-69.23%,0,1,1,62,0.2,0.4,2180,0.4
TXO,202609,20260916.0,28200.0,Call,-,-,-,-,19250.0,-,-,0,0,0,2,19110,19340,5250,1730
TXO,202609,20260916.0,28200.0,Put,-,-,-,-,0.3,-,-,0,0,0,7,0.2,0.5,1180,1.9
TXO,202609,20260916.0,28400.0,Call,-,-,-,-,19050.0,-,-,0,0,0,21,18910,19320,15910,1630
TXO,202609,20260916.0,28400.0,Put,-,-,-,-,0.3,-,-,0,0,0,18,-,570,1550,4
TXO,202609,20260916.0,28600.0,Call,-,-,-,-,18850.0,-,-,0,0,0,0,18810,-,-,-
TXO,202609,20260916.0,28600.0,Put,-,-,-,-,0.3,-,-,0,0,0,19,0.2,0.5,1250,4.1
TXO,202609,20260916.0,28800.0,Call,-,-,-,-,18650.0,-,-,0,0,0,0,18610,-,5200,3230
TXO,202609,20260916.0,28800.0,Put,-,-,-,-,0.3,-,-,0,0,0,26,0.3,0.5,775,2.5
TXO,202609,20260916.0,29000.0,Call,-,-,-,-,18450.0,-,-,0,0,0,2,18310,18940,4570,4570
TXO,202609,20260916.0,29000.0,Put,-,-,-,-,0.4,-,-,0,0,0,48,0.3,0.5,1920,2.1
TXO,202609,20260916.0,29200.0,Call,-,-,-,-,18250.0,-,-,0,0,0,4,17570,18740,6310,1310
TXO,202609,20260916.0,29200.0,Put,0.7,0.7,0.7,0.7,0.4,▼-0.9,▼-56.25%,0,1,1,17,0.3,0.6,1320,0.7
TXO,202609,20260916.0,29400.0,Call,-,-,-,-,18050.0,-,-,0,0,0,1,18020,18120,6990,1290
TXO,202609,20260916.0,29400.0,Put,-,-,-,-,0.5,-,-,0,0,0,53,0.3,0.6,2010,2
TXO,202609,20260916.0,29600.0,Call,-,-,-,-,17850.0,-,-,0,0,0,2,17740,18110,5690,1370
TXO,202609,20260916.0,29600.0,Put,-,-,-,-,0.5,-,-,0,0,0,27,0.3,0.6,1780,4
TXO,202609,20260916.0,29800.0,Call,-,-,-,-,17650.0,-,-,0,0,0,4,17490,18140,16240,1210
TXO,202609,20260916.0,29800.0,Put,-,-,-,-,0.5,-,-,0,0,0,23,-,102,2400,2.2
TXO,202609,20260916.0,30000.0,Call,-,-,-,-,17450.0,-,-,0,0,0,24,17300,17530,14350,1210
TXO,202609,20260916.0,30000.0,Put,2.1,2.1,0.5,0.6,0.5,▼-1.2,▼-66.67%,3,40,43,818,0.5,1.6,2400,0.5
TXO,202609,20260916.0,30200.0,Call,-,-,-,-,17250.0,-,-,0,0,0,4,17140,17510,10020,1320
TXO,202609,20260916.0,30200.0,Put,-,-,-,-,0.5,-,-,0,0,0,10,-,570,2050,4.6
TXO,202609,20260916.0,30400.0,Call,-,-,-,-,17050.0,-,-,0,0,0,0,17010,-,5390,1430
TXO,202609,20260916.0,30400.0,Put,-,-,-,-,0.5,-,-,0,0,0,36,0.4,0.7,2030,1.1
TXO,202609,20260916.0,30600.0,Call,-,-,-,-,16850.0,-,-,0,0,0,6,16740,17340,5520,1000
TXO,202609,20260916.0,30600.0,Put,-,-,-,-,0.6,-,-,0,0,0,8,0.5,0.7,2090,14
TXO,202609,20260916.0,30800.0,Call,-,-,-,-,16650.0,-,-,0,0,0,7,15970,16900,10110,940
TXO,202609,20260916.0,30800.0,Put,-,-,-,-,0.6,-,-,0,0,0,20,0.5,0.7,2200,7
TXO,202609,20260916.0,31000.0,Call,-,-,-,-,16450.0,-,-,0,0,0,1,16410,16560,15990,1300
TXO,202609,20260916.0,31000.0,Put,0.7,0.7,0.7,0.7,0.7,▼-1.4,▼-66.67%,0,1,1,83,0.5,0.8,2410,0.7
TXO,202609,20260916.0,31200.0,Call,-,-,-,-,16250.0,-,-,0,0,0,0,16210,-,5680,2350
TXO,202609,20260916.0,31200.0,Put,1,1,1,1,0.7,▼-1.2,▼-54.55%,0,1,1,33,-,570,4320,1
TXO,202609,20260916.0,31400.0,Call,-,-,-,-,16050.0,-,-,0,0,0,1,15910,-,14330,1430
TXO,202609,20260916.0,31400.0,Put,1.9,1.9,1.8,1.8,0.7,▼-0.6,▼-25.00%,0,3,3,26,0.6,0.8,2750,1.8
TXO,202609,20260916.0,31600.0,Call,-,-,-,-,15860.0,-,-,0,0,0,0,15820,-,3970,2920
TXO,202609,20260916.0,31600.0,Put,0.8,0.8,0.8,0.8,0.8,▼-1.6,▼-66.67%,0,1,1,51,0.6,0.9,2510,0.8
TXO,202609,20260916.0,31800.0,Call,-,-,-,-,15660.0,-,-,0,0,0,1,15630,15720,14100,1370
TXO,202609,20260916.0,31800.0,Put,-,-,-,-,0.8,-,-,0,0,0,43,0.7,0.9,2990,4.1
TXO,202609,20260916.0,32000.0,Call,-,-,-,-,15460.0,-,-,0,0,0,21,15320,15710,16670,1310
TXO,202609,20260916.0,32000.0,Put,1.8,1.8,0.7,0.7,0.8,▼-2,▼-74.07%,1,28,29,97,-,50,2700,0.7
TXO,202609,20260916.0,32200.0,Call,-,-,-,-,15260.0,-,-,0,0,0,19,15100,15510,13750,1380
TXO,202609,20260916.0,32200.0,Put,-,-,-,-,0.8,-,-,0,0,0,20,0.8,1,2670,2.4
TXO,202609,20260916.0,32400.0,Call,-,-,-,-,15060.0,-,-,0,0,0,0,15020,-,4680,1440
TXO,202609,20260916.0,32400.0,Put,-,-,-,-,0.9,-,-,0,0,0,19,0.8,1,2300,3.6
TXO,202609,20260916.0,32600.0,Call,-,-,-,-,14860.0,-,-,0,0,0,0,14820,-,9580,1680
TXO,202609,20260916.0,32600.0,Put,1.4,1.4,1.4,1.4,0.9,▼-1.6,▼-53.33%,0,1,1,37,0.8,1.1,2900,1.4
TXO,202609,20260916.0,32800.0,Call,-,-,-,-,14660.0,-,-,0,0,0,2,14370,14920,8380,1420
TXO,202609,20260916.0,32800.0,Put,-,-,-,-,1.0,-,-,0,0,0,30,0.9,1.1,3280,5
TXO,202609,20260916.0,33000.0,Call,-,-,-,-,14460.0,-,-,0,0,0,35,14340,14560,12330,399
TXO,202609,20260916.0,33000.0,Put,2,2,1,1,1.0,▼-2.3,▼-69.70%,2,20,22,113,1,1.2,3000,1
TXO,202609,20260916.0,33200.0,Call,-,-,-,-,14260.0,-,-,0,0,0,4,13970,14520,11640,344
TXO,202609,20260916.0,33200.0,Put,-,-,-,-,1.1,-,-,1,0,1,9,1,1.2,2730,3.2
TXO,202609,20260916.0,33400.0,Call,-,-,-,-,14060.0,-,-,0,0,0,2,13950,14530,12040,1470
TXO,202609,20260916.0,33400.0,Put,-,-,-,-,1.1,-,-,0,0,0,26,0.1,570,2780,3.6
TXO,202609,20260916.0,33600.0,Call,-,-,-,-,13860.0,-,-,0,0,0,1,13820,13970,13690,372
TXO,202609,20260916.0,33600.0,Put,1.3,1.3,1.3,1.3,1.3,▼-2.3,▼-63.89%,0,1,1,23,0.1,570,3860,1.3
TXO,202609,20260916.0,33800.0,Call,-,-,-,-,13660.0,-,-,0,0,0,1,13620,13750,7340,328
TXO,202609,20260916.0,33800.0,Put,1.3,1.3,1.3,1.3,1.3,▼-2.6,▼-66.67%,0,1,1,61,1.2,1.5,3000,1.3
TXO,202609,20260916.0,33900.0,Call,-,-,-,-,13560.0,-,-,0,0,0,0,-,-,-,-
TXO,202609,20260916.0,33900.0,Put,-,-,-,-,1.3,-,-,0,0,0,4,1.2,1.5,30.5,8.4
TXO,202609,20260916.0,34000.0,Call,-,-,-,-,13460.0,-,-,0,0,0,115,13170,13730,12980,325
TXO,202609,20260916.0,34000.0,Put,3.4,3.4,2,2,1.3,▼-2.1,▼-51.22%,6,6,12,160,1.2,1.5,3990,2
TXO,202609,20260916.0,34100.0,Call,-,-,-,-,13360.0,-,-,0,0,0,0,13320,-,-,-
TXO,202609,20260916.0,34100.0,Put,-,-,-,-,1.4,-,-,0,0,0,2,1.3,1.6,410,8.4
TXO,202609,20260916.0,34200.0,Call,-,-,-,-,13260.0,-,-,0,0,0,1,13220,-,9340,299
TXO,202609,20260916.0,34200.0,Put,-,-,-,-,1.4,-,-,0,0,0,17,0.2,570,1130,10
TXO,202609,20260916.0,34300.0,Call,-,-,-,-,13160.0,-,-,0,0,0,0,13120,-,-,-
TXO,202609,20260916.0,34300.0,Put,-,-,-,-,1.4,-,-,0,0,0,5,1.3,1.6,112,10
TXO,202609,20260916.0,34400.0,Call,-,-,-,-,13060.0,-,-,0,0,0,0,13020,-,6600,305
TXO,202609,20260916.0,34400.0,Put,-,-,-,-,1.5,-,-,0,0,0,10,1.4,1.7,3660,13
TXO,202609,20260916.0,34500.0,Call,-,-,-,-,12960.0,-,-,0,0,0,0,-,-,-,-
TXO,202609,20260916.0,34500.0,Put,-,-,-,-,1.5,-,-,0,0,0,8,1.4,1.7,199,4.5
TXO,202609,20260916.0,34600.0,Call,-,-,-,-,12860.0,-,-,0,0,0,3,12180,13110,11000,306
TXO,202609,20260916.0,34600.0,Put,-,-,-,-,1.6,-,-,0,0,0,7,1.5,1.8,4530,10
TXO,202609,20260916.0,34700.0,Call,-,-,-,-,12760.0,-,-,0,0,0,0,12720,-,-,-
TXO,202609,20260916.0,34700.0,Put,-,-,-,-,1.6,-,-,0,0,0,1,0.4,105,31.5,5.6
TXO,202609,20260916.0,34800.0,Call,-,-,-,-,12660.0,-,-,0,0,0,3,12350,12910,3130,370
TXO,202609,20260916.0,34800.0,Put,-,-,-,-,1.7,-,-,0,0,0,28,0.6,105,3320,10.5
TXO,202609,20260916.0,34900.0,Call,-,-,-,-,12560.0,-,-,0,0,0,0,12520,-,-,-
TXO,202609,20260916.0,34900.0,Put,2.2,2.2,1.8,1.8,1.8,▼-3,▼-62.50%,2,4,6,4,1.6,1.9,50,1.8
TXO,202609,20260916.0,35000.0,Call,-,-,-,-,12460.0,-,-,0,0,0,6,12170,12720,14340,510
TXO,202609,20260916.0,35000.0,Put,3.9,3.9,1.8,2,1.8,▼-2.9,▼-59.18%,42,48,90,407,1.7,2,3320,1.8
TXO,202609,20260916.0,35100.0,Call,-,-,-,-,12360.0,-,-,0,0,0,0,-,-,-,-
TXO,202609,20260916.0,35100.0,Put,-,-,-,-,1.8,-,-,0,0,0,11,1.7,2,47,11.5
TXO,202609,20260916.0,35200.0,Call,-,-,-,-,12260.0,-,-,0,0,0,1,12230,12350,9760,850
TXO,202609,20260916.0,35200.0,Put,-,-,-,-,1.8,-,-,2,0,2,42,1.7,2.1,1150,5
TXO,202609,20260916.0,35300.0,Call,-,-,-,-,12160.0,-,-,0,0,0,0,-,-,-,-
TXO,202609,20260916.0,35300.0,Put,-,-,-,-,1.9,-,-,0,0,0,14,0.7,105,143,8
TXO,202609,20260916.0,35400.0,Call,-,-,-,-,12060.0,-,-,0,0,0,0,-,-,8330,373
TXO,202609,20260916.0,35400.0,Put,-,-,-,-,1.9,-,-,0,0,0,11,0.7,570,3430,5.6
TXO,202609,20260916.0,35500.0,Call,-,-,-,-,11960.0,-,-,0,0,0,0,11930,-,-,-
TXO,202609,20260916.0,35500.0,Put,2.5,2.5,2.5,2.5,2.0,▼-2.9,▼-53.70%,2,1,3,38,1.9,2.3,499,2.5
TXO,202609,20260916.0,35600.0,Call,-,-,-,-,11860.0,-,-,0,0,0,0,11830,-,7680,1220
TXO,202609,20260916.0,35600.0,Put,2.3,2.3,2.3,2.3,2.1,▼-3.3,▼-58.93%,2,2,4,13,0.7,106,4020,2.3
TXO,202609,20260916.0,35700.0,Call,-,-,-,-,11760.0,-,-,0,0,0,0,-,-,-,-
TXO,202609,20260916.0,35700.0,Put,-,-,-,-,2.2,-,-,0,0,0,0,2,2.5,165,9.2
TXO,202609,20260916.0,35800.0,Call,-,-,-,-,11660.0,-,-,0,0,0,3,11350,11760,5820,450
TXO,202609,20260916.0,35800.0,Put,-,-,-,-,2.2,-,-,0,0,0,21,2.1,2.5,2000,8.6
TXO,202609,20260916.0,35900.0,Call,-,-,-,-,11560.0,-,-,0,0,0,0,11530,-,-,-
TXO,202609,20260916.0,35900.0,Put,5.6,5.6,5.6,5.6,2.3,▼-0.4,▼-6.67%,1,1,2,39,-,570,348,5.5
TXO,202609,20260916.0,36000.0,Call,-,-,-,-,11460.0,-,-,0,0,0,41,11160,11590,11770,595
TXO,202609,20260916.0,36000.0,Put,5,5,2.4,2.4,2.4,▼-3.7,▼-60.66%,52,214,266,979,2.4,2.6,4200,2.4
TXO,202609,20260916.0,36100.0,Call,-,-,-,-,11360.0,-,-,0,0,0,0,11330,-,-,-
TXO,202609,20260916.0,36100.0,Put,-,-,-,-,2.5,-,-,0,0,0,14,2.3,2.7,685,9.6
TXO,202609,20260916.0,36200.0,Call,-,-,-,-,11260.0,-,-,0,0,0,0,11230,-,8750,282
TXO,202609,20260916.0,36200.0,Put,-,-,-,-,2.5,-,-,0,0,0,10,2.4,2.8,1400,9.8
TXO,202609,20260916.0,36300.0,Call,-,-,-,-,11160.0,-,-,0,0,0,0,11130,-,-,-
TXO,202609,20260916.0,36300.0,Put,-,-,-,-,2.5,-,-,0,0,0,10,2.4,2.8,990,13.5
TXO,202609,20260916.0,36400.0,Call,-,-,-,-,11060.0,-,-,0,0,0,0,11030,-,7540,499
TXO,202609,20260916.0,36400.0,Put,6,6,2.9,2.9,2.6,▼-3.7,▼-56.06%,2,5,7,7,2.5,3,4830,2.9
TXO,202609,20260916.0,36500.0,Call,-,-,-,-,10960.0,-,-,0,0,0,0,10930,-,-,-
TXO,202609,20260916.0,36500.0,Put,3.6,3.6,3,3,2.7,▼-3.7,▼-55.22%,0,4,4,58,2.6,3.1,880,3
TXO,202609,20260916.0,36600.0,Call,-,-,-,-,10860.0,-,-,0,0,0,0,10830,-,7400,480
TXO,202609,20260916.0,36600.0,Put,2.6,2.6,2.6,2.6,2.8,▼-4.3,▼-62.32%,0,1,1,34,2.7,3.2,1860,2.6
TXO,202609,20260916.0,36700.0,Call,-,-,-,-,10760.0,-,-,0,0,0,0,10730,-,-,-
TXO,202609,20260916.0,36700.0,Put,3.1,3.1,3.1,3.1,2.9,▼-3.9,▼-55.71%,0,1,1,13,2.8,3.3,488,3.1
TXO,202609,20260916.0,36800.0,Call,-,-,-,-,10660.0,-,-,0,0,0,19,10550,10920,2830,310
TXO,202609,20260916.0,36800.0,Put,3.3,3.3,3.3,3.3,3.0,▼-3.9,▼-54.17%,0,3,3,29,0.6,570,4910,3.3
TXO,202609,20260916.0,36900.0,Call,-,-,-,-,10560.0,-,-,0,0,0,0,10530,-,-,-
TXO,202609,20260916.0,36900.0,Put,-,-,-,-,3.1,-,-,0,0,0,14,0.6,451,1240,11
TXO,202609,20260916.0,37000.0,Call,-,-,-,-,10460.0,-,-,0,0,0,29,10150,10720,9270,540
TXO,202609,20260916.0,37000.0,Put,6.9,6.9,3.3,3.6,3.3,▼-3.9,▼-52.00%,14,56,70,299,3.3,4,2520,3.3
TXO,202609,20260916.0,37100.0,Call,-,-,-,-,10360.0,-,-,0,0,0,0,10330,-,-,-
TXO,202609,20260916.0,37100.0,Put,-,-,-,-,3.3,-,-,5,0,5,25,0.1,107,400,7
TXO,202609,20260916.0,37200.0,Call,-,-,-,-,10260.0,-,-,0,0,0,5,10150,10520,10420,375
TXO,202609,20260916.0,37200.0,Put,4.4,4.4,3.5,3.5,3.5,▼-4.4,▼-55.70%,45,54,99,456,3.2,3.8,2390,1.2
TXO,202609,20260916.0,37300.0,Call,-,-,-,-,10160.0,-,-,0,0,0,0,10130,-,-,-
TXO,202609,20260916.0,37300.0,Put,-,-,-,-,3.5,-,-,0,0,0,19,0.6,451,720,12
TXO,202609,20260916.0,37400.0,Call,-,-,-,-,10060.0,-,-,0,0,0,1,10040,-,1370,456
TXO,202609,20260916.0,37400.0,Put,-,-,-,-,3.6,-,-,1,0,1,23,0.6,451,2530,7.5
TXO,202609,20260916.0,37500.0,Call,-,-,-,-,9960.0,-,-,0,0,0,0,9930,-,-,-
TXO,202609,20260916.0,37500.0,Put,4.7,4.7,4.7,4.7,3.6,▼-3.9,▼-45.35%,9,1,10,55,3.5,4.1,1110,4.7
TXO,202609,20260916.0,37600.0,Call,-,-,-,-,9860.0,-,-,0,0,0,0,9830,-,5920,430
TXO,202609,20260916.0,37600.0,Put,3.6,3.6,3.6,3.6,3.6,▼-5.1,▼-58.62%,0,1,1,37,3.6,4.2,2660,3.6
TXO,202609,20260916.0,37700.0,Call,-,-,-,-,9760.0,-,-,0,0,0,0,9730,-,-,-
TXO,202609,20260916.0,37700.0,Put,6.5,6.5,4.1,4.1,4.1,▼-4.8,▼-53.93%,1,27,28,56,4,4.2,1080,4.1
TXO,202609,20260916.0,37800.0,Call,-,-,-,-,9660.0,-,-,0,0,0,2,9350,9910,3680,390
TXO,202609,20260916.0,37800.0,Put,4.2,4.3,4.2,4.2,4.1,▼-4.9,▼-53.85%,0,6,6,37,4.1,451,1110,4.2
TXO,202609,20260916.0,37900.0,Call,-,-,-,-,9560.0,-,-,0,0,0,0,-,-,-,-
TXO,202609,20260916.0,37900.0,Put,4.6,4.6,3,3,4.1,▼-6.2,▼-67.39%,0,11,11,43,3.9,4.4,580,3
TXO,202609,20260916.0,38000.0,Call,-,-,-,-,9460.0,-,-,0,0,0,17,9150,9710,9000,350
TXO,202609,20260916.0,38000.0,Put,7.5,7.5,4,4.5,4.2,▼-5.3,▼-54.08%,34,110,144,495,3.5,55,6640,4
TXO,202609,20260916.0,38100.0,Call,-,-,-,-,9360.0,-,-,0,0,0,0,9340,-,-,-
TXO,202609,20260916.0,38100.0,Put,4.2,4.2,4,4,4.4,▼-6,▼-60.00%,4,10,14,17,0.5,105,1680,4
TXO,202609,20260916.0,38200.0,Call,-,-,-,-,9260.0,-,-,0,0,0,0,9240,-,1030,370
TXO,202609,20260916.0,38200.0,Put,4.6,4.6,4.6,4.6,4.5,▼-5.4,▼-54.00%,0,1,1,30,4.3,5,2770,4.6
TXO,202609,20260916.0,38300.0,Call,-,-,-,-,9160.0,-,-,0,0,0,0,9140,-,-,-
TXO,202609,20260916.0,38300.0,Put,6.4,6.4,4.5,4.5,4.5,▼-5.5,▼-55.00%,6,4,10,37,4.3,5,1740,4.5
TXO,202609,20260916.0,38400.0,Call,-,-,-,-,9060.0,-,-,0,0,0,0,-,-,6200,340
TXO,202609,20260916.0,38400.0,Put,4.7,4.7,4.7,4.7,4.7,▼-6.3,▼-57.27%,5,3,8,21,4.5,5,2080,4.7
TXO,202609,20260916.0,38500.0,Call,-,-,-,-,8960.0,-,-,0,0,0,1,-,9070,6410,6410
TXO,202609,20260916.0,38500.0,Put,6.2,6.4,4,4.8,4.8,▼-6.2,▼-56.36%,19,46,65,97,4,106,1500,4
TXO,202609,20260916.0,38600.0,Call,-,-,-,-,8860.0,-,-,0,0,0,2,8760,9330,6350,371
TXO,202609,20260916.0,38600.0,Put,6.9,6.9,5.4,5.4,5.1,▼-5.6,▼-50.91%,1,4,5,19,5,5.3,2850,5.4
TXO,202609,20260916.0,38700.0,Call,-,-,-,-,8760.0,-,-,0,0,0,0,-,-,-,-
TXO,202609,20260916.0,38700.0,Put,6.2,6.2,6.2,6.2,5.2,▼-5.3,▼-46.09%,2,21,23,12,5,5.6,950,6.2
TXO,202609,20260916.0,38800.0,Call,-,-,-,-,8660.0,-,-,0,0,0,20,8360,8910,10410,270
TXO,202609,20260916.0,38800.0,Put,6.3,6.5,6.3,6.5,5.3,▼-5.5,▼-45.83%,1,21,22,12,5.1,5.8,2100,6.3
TXO,202609,20260916.0,38900.0,Call,-,-,-,-,8560.0,-,-,0,0,0,0,-,-,-,-
TXO,202609,20260916.0,38900.0,Put,6,6,6,6,5.5,▼-6.5,▼-52.00%,16,1,17,179,1.1,111,1990,6
TXO,202609,20260916.0,39000.0,Call,-,-,-,-,8460.0,-,-,0,0,0,50,8180,8730,8810,273
TXO,202609,20260916.0,39000.0,Put,11,11.5,5.5,5.9,5.6,▼-6.6,▼-52.80%,11,56,67,735,5.6,6.1,2820,5.5
TXO,202609,20260916.0,39100.0,Call,-,-,-,-,8360.0,-,-,0,0,0,1,8350,-,3840,3840
TXO,202609,20260916.0,39100.0,Put,12,12,12,12,5.8,▼-1,▼-7.69%,0,1,1,47,5.7,6.4,2100,12
TXO,202609,20260916.0,39200.0,Call,-,-,-,-,8260.0,-,-,0,0,0,1,8250,-,6340,249
TXO,202609,20260916.0,39200.0,Put,12.5,12.5,6,6,6.0,▼-7.5,▼-55.56%,0,11,11,42,5.8,6.4,2750,6
TXO,202609,20260916.0,39300.0,Call,-,-,-,-,8160.0,-,-,0,0,0,1,-,8200,5220,2740
TXO,202609,20260916.0,39300.0,Put,-,-,-,-,6.1,-,-,2,0,2,32,6.1,6.8,1930,14
TXO,202609,20260916.0,39400.0,Call,-,-,-,-,8060.0,-,-,0,0,0,6,7920,8320,8270,223
TXO,202609,20260916.0,39400.0,Put,7.5,7.5,6.2,6.2,6.2,▼-7.8,▼-55.71%,0,16,16,46,1,570,2390,6.2
TXO,202609,20260916.0,39500.0,Call,-,-,-,-,7960.0,-,-,0,0,0,0,7940,-,3220,3150
TXO,202609,20260916.0,39500.0,Put,13,13,6,6,6.5,▼-8,▼-57.14%,1,22,23,79,6.4,7,1320,6
TXO,202609,20260916.0,39600.0,Call,-,-,-,-,7860.0,-,-,0,0,0,2,7710,8330,5910,394
TXO,202609,20260916.0,39600.0,Put,8.1,8.1,6.4,6.4,6.7,▼-8.6,▼-57.33%,0,3,3,40,0.3,114,2870,6.4
TXO,202609,20260916.0,39700.0,Call,-,-,-,-,7770.0,-,-,0,0,0,23,7090,8030,6150,2400
TXO,202609,20260916.0,39700.0,Put,14,14,7,7,7.0,▼-8.5,▼-54.84%,0,28,28,26,6.9,7.7,1330,7
TXO,202609,20260916.0,39800.0,Call,-,-,-,-,7670.0,-,-,0,0,0,0,7640,-,6170,417
TXO,202609,20260916.0,39800.0,Put,15,15,12.5,12.5,7.2,▼-3.5,▼-21.88%,5,2,7,40,0.3,451,2020,12.5
TXO,202609,20260916.0,39900.0,Call,-,-,-,-,7570.0,-,-,0,0,0,5,7260,7820,4450,2550
TXO,202609,20260916.0,39900.0,Put,13.5,13.5,8.8,8.8,7.4,▼-7.7,▼-46.67%,0,5,5,112,7.4,8.1,2270,8.8
TXO,202609,20260916.0,40000.0,Call,-,-,-,-,7470.0,-,-,0,0,0,67,7160,7580,8030,380
TXO,202609,20260916.0,40000.0,Put,14.5,14.5,5.2,8,7.5,▼-8.5,▼-51.52%,44,126,170,2002,7.5,8,3040,5.2
TXO,202609,20260916.0,40100.0,Call,-,-,-,-,7370.0,-,-,0,0,0,0,7350,-,6430,2480
TXO,202609,20260916.0,40100.0,Put,13.5,13.5,8.4,8.6,7.9,▼-8.9,▼-50.86%,0,9,9,42,7.9,8.7,2350,8.4
TXO,202609,20260916.0,40200.0,Call,-,-,-,-,7270.0,-,-,0,0,0,4,6980,7520,7670,250
TXO,202609,20260916.0,40200.0,Put,10,10,10,10,8.1,▼-8,▼-44.44%,0,1,1,16,0.3,116,2310,10
TXO,202609,20260916.0,40300.0,Call,-,-,-,-,7170.0,-,-,0,0,0,0,7150,-,5090,2720
TXO,202609,20260916.0,40300.0,Put,13.5,13.5,13.5,13.5,8.4,▼-4.5,▼-25.00%,7,2,9,40,8.4,9.2,2430,13.5
TXO,202609,20260916.0,40400.0,Call,-,-,-,-,7070.0,-,-,0,0,0,8,6910,7320,4590,388
TXO,202609,20260916.0,40400.0,Put,15,15.5,11,11,8.6,▼-8,▼-42.11%,0,3,3,76,8.6,9.5,3260,11
TXO,202609,20260916.0,40500.0,Call,6650,6650,6650,6650,6970.0,▲+400,▲+6.40%,0,1,1,1,6810,7220,6650,2260
TXO,202609,20260916.0,40500.0,Put,15.5,16,9.3,9.9,9.0,▼-9.1,▼-47.89%,20,5,25,119,9,9.8,2460,9.3
TXO,202609,20260916.0,40600.0,Call,-,-,-,-,6870.0,-,-,0,0,0,4,6190,6970,5840,345
TXO,202609,20260916.0,40600.0,Put,15.5,17,10,10,9.4,▼-10,▼-50.00%,0,14,14,51,1.1,17.5,4360,10
TXO,202609,20260916.0,40700.0,Call,-,-,-,-,6770.0,-,-,0,0,0,18,6480,6870,5710,2330
TXO,202609,20260916.0,40700.0,Put,16,17.5,10,10.5,9.6,▼-9.5,▼-47.50%,7,336,343,358,9.6,10.5,2520,10
TXO,202609,20260916.0,40800.0,Call,-,-,-,-,6670.0,-,-,0,0,0,7,6560,7130,6870,530
TXO,202609,20260916.0,40800.0,Put,16.5,18,10,10,10.0,▼-12,▼-54.55%,1,88,89,110,4.5,18.5,4480,10
TXO,202609,20260916.0,40900.0,Call,-,-,-,-,6570.0,-,-,0,0,0,0,6550,-,4500,3090
TXO,202609,20260916.0,40900.0,Put,17.5,18.5,10,10,10.0,▼-12,▼-54.55%,4,28,32,44,0.4,19,2000,10
TXO,202609,20260916.0,41000.0,Call,-,-,-,-,6470.0,-,-,0,0,0,10,6170,6580,7580,320
TXO,202609,20260916.0,41000.0,Put,19,20,10,11,11.0,▼-11,▼-50.00%,57,524,581,506,10.5,11.5,4640,10
TXO,202609,20260916.0,41100.0,Call,-,-,-,-,6370.0,-,-,0,0,0,5,6260,6830,5260,2720
TXO,202609,20260916.0,41100.0,Put,19.5,19.5,18,19.5,11.0,▼-4,▼-17.02%,0,5,5,60,11,12.5,3010,18
TXO,202609,20260916.0,41200.0,Call,-,-,-,-,6270.0,-,-,0,0,0,5,6120,6520,4320,2240
TXO,202609,20260916.0,41200.0,Put,19.5,20,12.5,12.5,12.0,▼-11.5,▼-47.92%,9,375,384,466,12,13,7750,12.5
TXO,202609,20260916.0,41300.0,Call,-,-,-,-,6170.0,-,-,0,0,0,20,5490,6300,4200,1820
TXO,202609,20260916.0,41300.0,Put,16,16,13,13,12.0,▼-12,▼-48.00%,0,2,2,45,12,13.5,2980,13
TXO,202609,20260916.0,41400.0,Call,-,-,-,-,6070.0,-,-,0,0,0,2,5920,6320,5680,1820
TXO,202609,20260916.0,41400.0,Put,-,-,-,-,12.5,-,-,2,0,2,45,12.5,14,3480,25
TXO,202609,20260916.0,41500.0,Call,-,-,-,-,5970.0,-,-,0,0,0,3,5680,6220,4910,1750
TXO,202609,20260916.0,41500.0,Put,20,20,13,13,13.0,▼-14,▼-51.85%,13,16,29,123,13,14.5,1680,13
TXO,202609,20260916.0,41600.0,Call,-,-,-,-,5870.0,-,-,0,0,0,5,5730,6330,4470,2070
TXO,202609,20260916.0,41600.0,Put,13.5,13.5,13.5,13.5,13.5,▼-15,▼-52.63%,11,15,26,107,13.5,15,3420,13.5
TXO,202609,20260916.0,41700.0,Call,-,-,-,-,5770.0,-,-,0,0,0,2,5620,6030,5020,4120
TXO,202609,20260916.0,41700.0,Put,24,24,13.5,13.5,13.5,▼-15,▼-52.63%,0,108,108,126,14,15.5,3110,13.5
TXO,202609,20260916.0,41800.0,Call,-,-,-,-,5670.0,-,-,0,0,0,2,5390,5930,4910,264
TXO,202609,20260916.0,41800.0,Put,24,24,16,16,14.5,▼-14,▼-46.67%,0,21,21,74,14.5,16,6470,16
TXO,202609,20260916.0,41900.0,Call,-,-,-,-,5570.0,-,-,0,0,0,2,5430,6030,4500,1660
TXO,202609,20260916.0,41900.0,Put,21.5,21.5,20,20,15.0,▼-10.5,▼-34.43%,14,6,20,132,15,16.5,3180,20
TXO,202609,20260916.0,42000.0,Call,-,-,-,-,5480.0,-,-,0,0,0,605,5340,5730,6680,161
TXO,202609,20260916.0,42000.0,Put,26,27,15.5,16,16.0,▼-15.5,▼-49.21%,135,436,571,1501,14.5,17.5,7310,15.5
TXO,202609,20260916.0,42100.0,Call,-,-,-,-,5380.0,-,-,0,0,0,1,5370,-,4100,3740
TXO,202609,20260916.0,42100.0,Put,17.5,17.5,17.5,17.5,17.5,▼-15.5,▼-46.97%,6,1,7,104,0.4,40,2830,17.5
TXO,202609,20260916.0,42200.0,Call,-,-,-,-,5280.0,-,-,0,0,0,3,5050,5850,4590,269
TXO,202609,20260916.0,42200.0,Put,24,24,17.5,17.5,17.5,▼-17.5,▼-50.00%,21,9,30,114,12,123,3410,17.5
TXO,202609,20260916.0,42300.0,Call,-,-,-,-,5180.0,-,-,0,0,0,100,5160,5630,4190,2620
TXO,202609,20260916.0,42300.0,Put,28,28.5,18.5,18.5,18.5,▼-18,▼-49.32%,24,26,50,171,17.5,19.5,2460,18.5
TXO,202609,20260916.0,42400.0,Call,-,-,-,-,5080.0,-,-,0,0,0,1,5070,5110,4400,1180
TXO,202609,20260916.0,42400.0,Put,20,21.5,19.5,19.5,19.5,▼-18,▼-48.00%,5,5,10,94,18.5,20,3470,19.5
TXO,202609,20260916.0,42500.0,Call,-,-,-,-,4980.0,-,-,0,0,0,501,4760,5250,4130,1520
TXO,202609,20260916.0,42500.0,Put,31,31,20,22,20.0,▼-16.5,▼-42.86%,23,95,118,500,19,34,2580,20
TXO,202609,20260916.0,42600.0,Call,-,-,-,-,4880.0,-,-,0,0,0,6,4580,5140,6330,101
TXO,202609,20260916.0,42600.0,Put,24,24,21,21,21.0,▼-21,▼-50.00%,68,4,72,151,20.5,22,8970,21
TXO,202609,20260916.0,42700.0,Call,-,-,-,-,4780.0,-,-,0,0,0,0,0.2,-,2900,2240
TXO,202609,20260916.0,42700.0,Put,33,34.5,22,22,22.0,▼-22,▼-50.00%,73,5,78,196,0.8,52,2400,22
TXO,202609,20260916.0,42800.0,Call,-,-,-,-,4680.0,-,-,0,0,0,402,4530,5130,7760,800
TXO,202609,20260916.0,42800.0,Put,31,31,23.5,25,23.0,▼-21.5,▼-46.24%,2,16,18,270,22.5,25,4270,23.5
TXO,202609,20260916.0,42900.0,Call,-,-,-,-,4580.0,-,-,0,0,0,2,4280,4690,3810,2360
TXO,202609,20260916.0,42900.0,Put,36,48,23.5,24.5,24.5,▼-24,▼-49.48%,4,21,25,31,0.8,133,2980,23.5
TXO,202609,20260916.0,43000.0,Call,4400,4400,4400,4400,4490.0,▲+620,▲+16.40%,0,1,1,20,4260,4740,7050,580
TXO,202609,20260916.0,43000.0,Put,35,39,25,25,25.0,▼-25,▼-50.00%,130,479,609,1063,25.5,27,4540,25
TXO,202609,20260916.0,43100.0,Call,-,-,-,-,4390.0,-,-,0,0,0,3,4100,4490,3730,2450
TXO,202609,20260916.0,43100.0,Put,40,40,28.5,28.5,28.5,▼-28.5,▼-50.00%,6,4,10,35,26.5,29,2000,28.5
TXO,202609,20260916.0,43200.0,Call,4270,4270,4270,4270,4290.0,▲+680,▲+18.94%,1,1,2,3,4220,4590,5810,790
TXO,202609,20260916.0,43200.0,Put,40.5,44.5,29,29.5,29.5,▼-29.5,▼-50.00%,14,23,37,89,29,30.5,3670,29
TXO,202609,20260916.0,43300.0,Call,-,-,-,-,4190.0,-,-,0,0,0,9,4120,4490,5360,1280
TXO,202609,20260916.0,43300.0,Put,41,44,30,30.5,30.5,▼-29.5,▼-49.17%,9,13,22,258,29.5,32,1830,30
TXO,202609,20260916.0,43400.0,Call,-,-,-,-,4090.0,-,-,0,0,0,52,4020,4400,4900,750
TXO,202609,20260916.0,43400.0,Put,43,47.5,31.5,34,31.5,▼-29,▼-46.03%,15,20,35,182,31.5,34,3460,31.5
TXO,202609,20260916.0,43500.0,Call,-,-,-,-,3990.0,-,-,2,0,2,268,3930,4300,3500,1220
TXO,202609,20260916.0,43500.0,Put,43,50,34,35.5,35.5,▼-30.5,▼-46.21%,68,90,158,843,34,35.5,3220,34
TXO,202609,20260916.0,43600.0,Call,-,-,-,-,3900.0,-,-,0,0,0,25,3830,4180,6660,545
TXO,202609,20260916.0,43600.0,Put,47,51,36,38,38.0,▼-31,▼-44.93%,1,121,122,132,35.5,38,4720,36
TXO,202609,20260916.0,43700.0,Call,-,-,-,-,3800.0,-,-,0,0,0,6,3730,4100,3150,985
TXO,202609,20260916.0,43700.0,Put,50,55,38,38.5,38.5,▼-37.5,▼-49.34%,21,28,49,122,0.6,42.5,2400,38
TXO,202609,20260916.0,43800.0,Call,-,-,-,-,3700.0,-,-,1,0,1,3,3680,3810,5000,1000
TXO,202609,20260916.0,43800.0,Put,53,57,41,41,41.0,▼-40,▼-49.38%,53,28,81,106,40,42.5,3250,41
TXO,202609,20260916.0,43900.0,Call,-,-,-,-,3600.0,-,-,0,0,0,24,3540,3910,3000,1150
TXO,202609,20260916.0,43900.0,Put,53,62,43,44,44.0,▼-48,▼-52.17%,33,30,63,49,43.5,45,2230,43
TXO,202609,20260916.0,44000.0,Call,3440,3490,3440,3490,3510.0,▲+670,▲+23.76%,3,2,5,49,3460,3590,6080,331
TXO,202609,20260916.0,44000.0,Put,68,68,44.5,48,48.0,▼-44,▼-47.83%,345,441,786,889,45,52,4150,44.5
TXO,202609,20260916.0,44100.0,Call,-,-,-,-,3410.0,-,-,0,0,0,6,3390,3860,3020,975
TXO,202609,20260916.0,44100.0,Put,58,66,50,53,53.0,▼-44,▼-45.36%,13,17,30,62,49,52,3780,50
TXO,202609,20260916.0,44200.0,Call,-,-,-,-,3310.0,-,-,0,0,0,12,2650,3400,4830,930
TXO,202609,20260916.0,44200.0,Put,73,73,52,54,54.0,▼-56,▼-50.91%,17,22,39,196,52,55,5100,52
TXO,202609,20260916.0,44300.0,Call,-,-,-,-,3220.0,-,-,0,0,0,33,3150,3520,2850,910
TXO,202609,20260916.0,44300.0,Put,77,77,57,58,58.0,▼-58,▼-50.00%,26,18,44,131,40,151,3720,57
TXO,202609,20260916.0,44400.0,Call,3080,3240,3080,3240,3120.0,▲+790,▲+32.24%,0,2,2,15,3060,3570,4130,860
TXO,202609,20260916.0,44400.0,Put,69,80,59,60,60.0,▼-60,▼-50.00%,18,36,54,92,60,63,3980,59
TXO,202609,20260916.0,44500.0,Call,3000,3080,3000,3080,3020.0,▲+720,▲+30.51%,4,2,6,340,2960,3330,5080,945
TXO,202609,20260916.0,44500.0,Put,87,90,62,67,67.0,▼-68,▼-50.37%,70,98,168,186,65,67,3300,62
TXO,202609,20260916.0,44550.0,Call,-,-,-,-,2980.0,-,-,0,0,0,0,2980,-,-,-
TXO,202609,20260916.0,44550.0,Put,-,-,-,-,69.0,-,-,0,0,0,1,3,-,199,191
TXO,202609,20260916.0,44600.0,Call,2850,2850,2850,2850,2930.0,▲+580,▲+25.55%,4,1,5,125,2870,3030,4550,337
TXO,202609,20260916.0,44600.0,Put,84,97,69,71,71.0,▼-70,▼-49.65%,24,18,42,35,69,72,5580,69
TXO,202609,20260916.0,44650.0,Call,-,-,-,-,2880.0,-,-,0,0,0,0,0.2,-,-,-
TXO,202609,20260916.0,44650.0,Put,87,87,75,77,73.0,▼-71,▼-47.97%,0,8,8,7,71,74,148,75
TXO,202609,20260916.0,44700.0,Call,2770,2790,2770,2790,2830.0,▲+610,▲+27.98%,0,4,4,354,2770,2920,2790,835
TXO,202609,20260916.0,44700.0,Put,86,103,73,76,76.0,▼-75,▼-49.67%,27,82,109,506,71,171,3520,73
TXO,202609,20260916.0,44750.0,Call,-,-,-,-,2790.0,-,-,0,0,0,0,2790,2820,-,-
TXO,202609,20260916.0,44750.0,Put,106,106,82,82,77.0,▼-78,▼-48.75%,2,4,6,1,20,535,216,82
TXO,202609,20260916.0,44800.0,Call,2710,2800,2690,2800,2740.0,▲+700,▲+33.33%,7,6,13,89,2740,2770,4950,600
TXO,202609,20260916.0,44800.0,Put,95,110,75,82,82.0,▼-84,▼-50.60%,77,43,120,158,12,90,3700,75
TXO,202609,20260916.0,44850.0,Call,-,-,-,-,2690.0,-,-,0,0,0,0,0.2,2720,-,-
TXO,202609,20260916.0,44850.0,Put,99,99,93,93,84.0,▼-80,▼-46.24%,5,7,12,28,82,86,312,93
TXO,202609,20260916.0,44900.0,Call,2630,2630,2630,2630,2650.0,▲+620,▲+30.85%,0,1,1,27,2580,2760,2700,750
TXO,202609,20260916.0,44900.0,Put,102,118,81,89,89.0,▼-94,▼-51.37%,20,46,66,84,85,88,3650,81
TXO,202609,20260916.0,44950.0,Call,-,-,-,-,2600.0,-,-,0,0,0,0,2600,2630,-,-
TXO,202609,20260916.0,44950.0,Put,-,-,-,-,90.0,-,-,1,0,1,9,89,94,411,169
TXO,202609,20260916.0,45000.0,Call,2550,2630,2350,2540,2550.0,▲+620,▲+32.29%,17,21,38,302,2440,2590,5750,550
TXO,202609,20260916.0,45000.0,Put,135,135,86,93,93.0,▼-99,▼-51.56%,362,499,861,941,90,95,5600,86
TXO,202609,20260916.0,45050.0,Call,-,-,-,-,2500.0,-,-,0,0,0,0,2500,-,-,-
TXO,202609,20260916.0,45050.0,Put,102,102,102,102,96.0,▼-100,▼-49.50%,5,2,7,17,95,99,492,102
TXO,202609,20260916.0,45100.0,Call,2390,2450,2390,2450,2450.0,▲+610,▲+33.15%,1,2,3,41,2440,2580,2450,710
TXO,202609,20260916.0,45100.0,Put,210,210,95,101,101.0,▼-109,▼-51.90%,16,32,48,39,98,102,3780,95
TXO,202609,20260916.0,45150.0,Call,-,-,-,-,2410.0,-,-,0,0,0,0,0.2,2450,-,-
TXO,202609,20260916.0,45150.0,Put,110,114,110,114,104.0,▼-106,▼-48.18%,0,2,2,0,103,108,114,110
TXO,202609,20260916.0,45200.0,Call,2350,2350,2310,2310,2370.0,▲+560,▲+32.00%,4,3,7,119,2350,2820,6110,550
TXO,202609,20260916.0,45200.0,Put,120,136,105,113,109.0,▼-117,▼-50.87%,16,17,33,59,107,112,3850,105
TXO,202609,20260916.0,45250.0,Call,-,-,-,-,2320.0,-,-,0,0,0,2,2260,2630,1460,1460
TXO,202609,20260916.0,45250.0,Put,137,137,134,134,113.0,▼-105,▼-43.93%,0,2,2,7,113,116,565,134
TXO,202609,20260916.0,45300.0,Call,2260,2260,2190,2190,2280.0,▲+510,▲+30.36%,2,3,5,47,1640,2400,2420,680
TXO,202609,20260916.0,45300.0,Put,129,160,110,121,121.0,▼-128,▼-51.41%,26,56,82,59,115,120,1810,110
TXO,202609,20260916.0,45350.0,Call,-,-,-,-,2230.0,-,-,0,0,0,1,2230,2260,1190,1190
TXO,202609,20260916.0,45350.0,Put,133,141,129,129,124.0,▼-137,▼-51.50%,0,16,16,7,121,126,314,129
TXO,202609,20260916.0,45400.0,Call,2190,2190,2190,2190,2190.0,▲+590,▲+36.88%,5,1,6,99,2170,2310,3530,645
TXO,202609,20260916.0,45400.0,Put,148,175,120,128,128.0,▼-142,▼-52.59%,20,41,61,44,118,156,3980,120
TXO,202609,20260916.0,45450.0,Call,-,-,-,-,2140.0,-,-,0,0,0,4,2080,2450,1550,1180
TXO,202609,20260916.0,45450.0,Put,142,142,142,142,133.0,▼-139,▼-49.47%,2,1,3,4,57,-,550,142
TXO,202609,20260916.0,45500.0,Call,2050,2120,2000,2110,2110.0,▲+610,▲+40.67%,7,15,22,150,2100,2130,2480,600
TXO,202609,20260916.0,45500.0,Put,170,196,133,146,138.0,▼-142,▼-49.31%,120,149,269,375,138,142,3750,133
TXO,202609,20260916.0,45550.0,Call,-,-,-,-,2060.0,-,-,0,0,0,3,1420,2360,1250,925
TXO,202609,20260916.0,45550.0,Put,200,200,150,150,150.0,▼-154,▼-50.66%,10,11,21,17,64,259,750,150
TXO,202609,20260916.0,45600.0,Call,1950,1990,1910,1910,2010.0,▲+470,▲+32.64%,0,4,4,417,2010,2100,5400,585
TXO,202609,20260916.0,45600.0,Put,182,204,150,150,150.0,▼-162,▼-51.92%,24,14,38,69,48.5,227,3320,150
TXO,202609,20260916.0,45650.0,Call,-,-,-,-,1970.0,-,-,0,0,0,0,1960,-,-,-
TXO,202609,20260916.0,45650.0,Put,-,-,-,-,155.0,-,-,2,0,2,17,154,160,610,330
TXO,202609,20260916.0,45700.0,Call,1670,1900,1670,1900,1920.0,▲+530,▲+38.69%,10,5,15,401,1300,1950,4250,565
TXO,202609,20260916.0,45700.0,Put,188,221,165,165,165.0,▼-175,▼-51.47%,30,55,85,89,159,165,3000,165
TXO,202609,20260916.0,45750.0,Call,-,-,-,-,1880.0,-,-,1,0,1,2,1820,2190,1450,1120
TXO,202609,20260916.0,45750.0,Put,188,188,170,170,170.0,▼-185,▼-52.11%,5,12,17,15,166,173,640,170
TXO,202609,20260916.0,45800.0,Call,1820,1850,1820,1830,1830.0,▲+550,▲+42.97%,6,4,10,425,1820,2160,3830,500
TXO,202609,20260916.0,45800.0,Put,197,238,169,182,182.0,▼-190,▼-51.08%,27,42,69,69,173,180,4150,151
TXO,202609,20260916.0,45850.0,Call,-,-,-,-,1800.0,-,-,0,0,0,0,8,1830,-,-
TXO,202609,20260916.0,45850.0,Put,188,188,188,188,188.0,▼-187,▼-49.87%,0,1,1,17,182,189,825,188
TXO,202609,20260916.0,45900.0,Call,1710,1710,1710,1710,1760.0,▲+490,▲+40.16%,0,1,1,38,1700,2290,2030,471
TXO,202609,20260916.0,45900.0,Put,209,265,181,202,202.0,▼-205,▼-50.37%,10,32,42,76,191,197,3530,181
TXO,202609,20260916.0,45950.0,Call,-,-,-,-,1710.0,-,-,2,0,2,5,1660,2020,1300,735
TXO,202609,20260916.0,45950.0,Put,260,260,210,210,210.0,▼-204,▼-49.28%,2,2,4,13,199,205,780,210
TXO,202609,20260916.0,46000.0,Call,1660,1750,1480,1660,1660.0,▲+510,▲+44.35%,48,35,83,319,1640,1710,5040,438
TXO,202609,20260916.0,46000.0,Put,241,298,197,220,220.0,▼-203,▼-47.99%,186,329,515,599,208,213,5600,197
TXO,202609,20260916.0,46050.0,Call,-,-,-,-,1630.0,-,-,0,0,0,0,1630,-,-,-
TXO,202609,20260916.0,46050.0,Put,231,231,231,231,221.0,▼-216,▼-48.32%,7,1,8,21,217,223,885,231
TXO,202609,20260916.0,46100.0,Call,1550,1590,1530,1550,1590.0,▲+460,▲+42.20%,11,8,19,64,1590,1630,3120,417
TXO,202609,20260916.0,46100.0,Put,251,300,220,230,230.0,▼-226,▼-49.56%,70,157,227,90,135,740,3760,220
TXO,202609,20260916.0,46150.0,Call,-,-,-,-,1550.0,-,-,0,0,0,40,1500,1860,910,630
TXO,202609,20260916.0,46150.0,Put,306,306,254,254,240.0,▼-221,▼-46.53%,9,2,11,13,235,242,980,254
TXO,202609,20260916.0,46200.0,Call,1440,1530,1410,1450,1510.0,▲+430,▲+42.16%,12,14,26,255,1510,1580,5360,390
TXO,202609,20260916.0,46200.0,Put,250,343,237,252,252.0,▼-253,▼-50.10%,31,139,170,98,245,252,6310,237
TXO,202609,20260916.0,46250.0,Call,-,-,-,-,1470.0,-,-,2,0,2,18,1420,1590,935,590
TXO,202609,20260916.0,46250.0,Put,275,347,275,347,261.0,▼-168,▼-32.62%,15,2,17,17,255,262,915,275
TXO,202609,20260916.0,46300.0,Call,1450,1510,1190,1450,1450.0,▲+490,▲+51.04%,69,152,221,151,1390,1490,1810,400
TXO,202609,20260916.0,46300.0,Put,293,365,259,267,267.0,▼-268,▼-50.09%,160,50,210,226,267,274,2520,259
TXO,202609,20260916.0,46350.0,Call,-,-,-,-,1400.0,-,-,2,0,2,29,1340,1500,890,605
TXO,202609,20260916.0,46350.0,Put,-,-,-,-,285.0,-,-,11,0,11,16,183,795,1070,412
TXO,202609,20260916.0,46400.0,Call,1310,1430,1200,1350,1350.0,▲+460,▲+51.69%,13,23,36,204,760,1390,4700,334
TXO,202609,20260916.0,46400.0,Put,320,402,292,312,297.0,▼-273,▼-46.67%,43,35,78,59,291,297,4360,292
TXO,202609,20260916.0,46450.0,Call,-,-,-,-,1320.0,-,-,0,0,0,33,1270,1900,750,530
TXO,202609,20260916.0,46450.0,Put,420,420,340,342,309.0,▼-253,▼-42.52%,13,11,24,9,205,405,910,340
TXO,202609,20260916.0,46500.0,Call,1300,1360,1120,1290,1290.0,▲+460,▲+55.42%,49,36,85,602,1280,1320,3900,315
TXO,202609,20260916.0,46500.0,Put,400,425,313,335,335.0,▼-280,▼-45.53%,122,130,252,221,310,344,6610,313
TXO,202609,20260916.0,46550.0,Call,1200,1210,1200,1210,1250.0,▲+405,▲+50.31%,0,5,5,15,535,1370,1210,505
TXO,202609,20260916.0,46550.0,Put,457,457,352,362,336.0,▼-273,▼-42.99%,2,7,9,3,213,-,905,352
TXO,202609,20260916.0,46600.0,Call,1200,1280,1040,1220,1220.0,▲+435,▲+55.41%,161,39,200,115,1210,1230,3760,307
TXO,202609,20260916.0,46600.0,Put,469,469,338,352,352.0,▼-298,▼-45.85%,19,90,109,106,245,380,6230,338
TXO,202609,20260916.0,46650.0,Call,-,-,-,-,1180.0,-,-,3,0,3,15,585,1280,970,498
TXO,202609,20260916.0,46650.0,Put,-,-,-,-,364.0,-,-,7,0,7,6,355,364,970,510
TXO,202609,20260916.0,46700.0,Call,1110,1200,915,1150,1150.0,▲+420,▲+57.53%,21,69,90,72,1140,1160,5130,270
TXO,202609,20260916.0,46700.0,Put,384,480,365,381,381.0,▼-314,▼-45.18%,46,155,201,166,302,459,2350,365
TXO,202609,20260916.0,46750.0,Call,-,-,-,-,1110.0,-,-,0,0,0,6,525,1210,595,398
TXO,202609,20260916.0,46750.0,Put,408,408,408,408,408.0,▼-327,▼-44.49%,9,1,10,8,389,398,1290,408
TXO,202609,20260916.0,46800.0,Call,930,1120,875,1070,1070.0,▲+410,▲+62.12%,35,19,54,366,464,1120,3180,293
TXO,202609,20260916.0,46800.0,Put,500,520,407,430,413.0,▼-315,▼-42.28%,52,77,129,85,365,880,7400,407
TXO,202609,20260916.0,46850.0,Call,1030,1030,1030,1030,1030.0,▲+375,▲+57.25%,0,3,3,5,920,1620,1030,351
TXO,202609,20260916.0,46850.0,Put,-,-,-,-,429.0,-,-,5,0,5,3,419,429,830,670
TXO,202609,20260916.0,46900.0,Call,885,1030,800,975,1010.0,▲+350,▲+56.00%,37,21,58,180,1010,1030,3630,240
TXO,202609,20260916.0,46900.0,Put,510,580,443,460,460.0,▼-340,▼-42.50%,27,37,64,36,436,445,3700,443
TXO,202609,20260916.0,46950.0,Call,-,-,-,-,975.0,-,-,18,0,18,16,402,1550,680,375
TXO,202609,20260916.0,46950.0,Put,487,493,474,474,474.0,▼-361,▼-43.23%,2,3,5,3,457,467,710,474
TXO,202609,20260916.0,47000.0,Call,880,1000,750,945,945.0,▲+365,▲+62.93%,346,265,611,834,910,965,5010,220
TXO,202609,20260916.0,47000.0,Put,540,640,469,480,480.0,▼-375,▼-43.86%,82,191,273,506,462,600,6680,469
TXO,202609,20260916.0,47050.0,Call,-,-,-,-,915.0,-,-,17,0,17,17,345,1040,735,330
TXO,202609,20260916.0,47050.0,Put,540,540,510,510,510.0,▼-370,▼-42.05%,0,4,4,3,493,505,540,510
TXO,202609,20260916.0,47100.0,Call,780,885,725,860,885.0,▲+320,▲+59.26%,25,27,52,254,885,900,3480,201
TXO,202609,20260916.0,47100.0,Put,610,640,510,540,540.0,▼-360,▼-40.00%,19,35,54,45,510,520,2860,510
TXO,202609,20260916.0,47150.0,Call,-,-,-,-,855.0,-,-,12,0,12,16,850,960,580,269
TXO,202609,20260916.0,47150.0,Put,570,570,550,550,550.0,▼-395,▼-41.80%,18,7,25,7,530,540,830,550
TXO,202609,20260916.0,47200.0,Call,735,870,655,785,830.0,▲+287,▲+57.63%,130,299,429,517,830,840,3600,194
TXO,202609,20260916.0,47200.0,Put,650,695,550,590,565.0,▼-375,▼-38.86%,22,18,40,26,555,565,6660,550
TXO,202609,20260916.0,47250.0,Call,695,790,695,790,790.0,▲+315,▲+66.32%,13,5,18,17,213,910,790,240
TXO,202609,20260916.0,47250.0,Put,615,625,550,550,585.0,▼-450,▼-45.00%,0,12,12,10,500,-,625,550
TXO,202609,20260916.0,47300.0,Call,610,815,595,770,770.0,▲+317,▲+69.98%,29,23,52,149,650,845,3600,178
TXO,202609,20260916.0,47300.0,Put,645,725,580,590,590.0,▼-430,▼-42.16%,4,31,35,23,595,605,2830,580
TXO,202609,20260916.0,47350.0,Call,630,735,630,720,745.0,▲+283,▲+64.76%,15,15,30,20,745,755,735,246
TXO,202609,20260916.0,47350.0,Put,625,625,625,625,625.0,▼-435,▼-41.04%,2,1,3,1,620,630,975,625
TXO,202609,20260916.0,47400.0,Call,670,740,535,695,720.0,▲+277,▲+66.27%,28,60,88,112,715,730,4760,168
TXO,202609,20260916.0,47400.0,Put,705,760,645,670,670.0,▼-430,▼-39.09%,1,25,26,19,640,650,6660,645
TXO,202609,20260916.0,47450.0,Call,680,685,680,685,685.0,▲+285,▲+71.25%,12,2,14,34,690,705,685,210
TXO,202609,20260916.0,47450.0,Put,720,720,685,690,690.0,▼-440,▼-38.94%,0,3,3,2,665,675,720,685
TXO,202609,20260916.0,47500.0,Call,600,720,500,665,665.0,▲+287,▲+75.93%,142,296,438,689,645,700,2240,155
TXO,202609,20260916.0,47500.0,Put,720,885,680,710,710.0,▼-440,▼-38.26%,5,40,45,28,690,700,2730,680
TXO,202609,20260916.0,47550.0,Call,500,650,500,650,650.0,▲+298,▲+84.66%,8,7,15,7,520,740,650,188
TXO,202609,20260916.0,47550.0,Put,-,-,-,-,730.0,-,-,0,0,0,0,715,730,-,-
TXO,202609,20260916.0,47600.0,Call,496,675,496,615,615.0,▲+275,▲+80.88%,8,79,87,170,615,630,2000,140
TXO,202609,20260916.0,47600.0,Put,780,820,740,780,750.0,▼-440,▼-36.07%,0,46,46,31,740,750,6960,740
TXO,202609,20260916.0,47650.0,Call,465,575,464,565,595.0,▲+232,▲+69.67%,6,7,13,10,595,605,575,176
TXO,202609,20260916.0,47650.0,Put,-,-,-,-,780.0,-,-,0,0,0,0,765,780,-,-
TXO,202609,20260916.0,47700.0,Call,450,595,439,565,565.0,▲+242,▲+74.92%,30,231,261,225,565,605,1730,133
TXO,202609,20260916.0,47700.0,Put,815,840,815,840,805.0,▼-450,▼-34.88%,0,2,2,2,790,805,1880,815
TXO,202609,20260916.0,47750.0,Call,525,555,495,545,545.0,▲+246,▲+82.27%,0,115,115,111,11.5,1100,555,153
TXO,202609,20260916.0,47750.0,Put,-,-,-,-,835.0,-,-,0,0,0,0,-,-,-,-
TXO,202609,20260916.0,47800.0,Call,520,535,390,525,525.0,▲+236,▲+81.66%,51,99,150,184,422,980,2000,124
TXO,202609,20260916.0,47800.0,Put,865,940,865,890,865.0,▼-470,▼-34.56%,0,5,5,8,780,865,6790,865
TXO,202609,20260916.0,47850.0,Call,500,500,400,487,487.0,▲+212,▲+77.09%,0,12,12,6,414,580,500,140
TXO,202609,20260916.0,47850.0,Put,-,-,-,-,890.0,-,-,0,0,0,0,-,-,-,-
TXO,202609,20260916.0,47900.0,Call,463,505,350,496,482.0,▲+229,▲+85.77%,5,36,41,105,412,920,1000,114
TXO,202609,20260916.0,47900.0,Put,-,-,-,-,920.0,-,-,0,0,0,1,-,-,2830,1310
TXO,202609,20260916.0,47950.0,Call,404,445,363,425,465.0,▲+174,▲+69.32%,0,4,4,24,465,474,445,154
TXO,202609,20260916.0,47950.0,Put,-,-,-,-,950.0,-,-,15,0,15,23,850,1540,2370,1360
TXO,202609,20260916.0,48000.0,Call,486,486,320,425,444.0,▲+190,▲+80.85%,348,626,974,1304,444,454,3130,104
TXO,202609,20260916.0,48000.0,Put,975,1200,950,1000,1000.0,▼-510,▼-33.77%,22,66,88,55,945,1300,7110,950
TXO,202609,20260916.0,48050.0,Call,405,405,405,405,425.0,▲+179,▲+79.20%,5,6,11,11,425,434,405,138
TXO,202609,20260916.0,48050.0,Put,-,-,-,-,1010.0,-,-,0,0,0,0,-,-,-,-
TXO,202609,20260916.0,48100.0,Call,395,436,332,421,421.0,▲+205,▲+94.91%,4,14,18,209,312,485,2800,1.1
TXO,202609,20260916.0,48100.0,Put,1120,1120,1050,1050,1050.0,▼-530,▼-33.54%,0,2,2,3,745,1070,4850,1050
TXO,202609,20260916.0,48150.0,Call,-,-,-,-,390.0,-,-,0,0,0,1,387,396,247,102
TXO,202609,20260916.0,48150.0,Put,1060,1140,1060,1140,1080.0,▼-480,▼-29.63%,0,3,3,2,1000,1200,1140,1060
TXO,202609,20260916.0,48200.0,Call,341,405,261,353,373.0,▲+163,▲+85.79%,19,45,64,247,275,415,2850,88
TXO,202609,20260916.0,48200.0,Put,-,-,-,-,1110.0,-,-,0,0,0,3,995,1710,7310,1520
TXO,202609,20260916.0,48250.0,Call,329,369,327,345,345.0,▲+160,▲+86.49%,5,11,16,4,269,810,369,90
TXO,202609,20260916.0,48250.0,Put,-,-,-,-,1140.0,-,-,0,0,0,0,1120,-,-,-
TXO,202609,20260916.0,48300.0,Call,334,373,253,340,340.0,▲+157,▲+85.79%,26,33,59,144,247,401,815,82
TXO,202609,20260916.0,48300.0,Put,-,-,-,-,1180.0,-,-,1,0,1,5,1080,1780,2520,1680
TXO,202609,20260916.0,48350.0,Call,247,333,247,330,330.0,▲+163,▲+97.60%,0,7,7,7,219,370,333,100
TXO,202609,20260916.0,48350.0,Put,-,-,-,-,1210.0,-,-,0,0,0,0,1180,-,-,-
TXO,202609,20260916.0,48400.0,Call,240,320,239,304,304.0,▲+149,▲+96.13%,3,12,15,129,279,384,1980,68
TXO,202609,20260916.0,48400.0,Put,-,-,-,-,1250.0,-,-,0,0,0,9,1140,1260,7590,2240
TXO,202609,20260916.0,48500.0,Call,250,310,190,282,282.0,▲+140,▲+98.59%,138,138,276,718,245,286,990,65
TXO,202609,20260916.0,48500.0,Put,1540,1540,1330,1380,1320.0,▼-530,▼-27.75%,1,4,5,4,1140,1970,3500,1330
TXO,202609,20260916.0,48600.0,Call,217,281,187,252,252.0,▲+120,▲+90.91%,12,35,47,111,170,302,750,59
TXO,202609,20260916.0,48600.0,Put,1370,1390,1360,1390,1390.0,▼-610,▼-30.50%,0,4,4,8,950,1450,7740,1360
TXO,202609,20260916.0,48700.0,Call,192,234,166,234,234.0,▲+121,▲+107.08%,22,27,49,95,97,295,1770,51
TXO,202609,20260916.0,48700.0,Put,-,-,-,-,1470.0,-,-,1,0,1,2,2,1470,2600,1600
TXO,202609,20260916.0,48800.0,Call,190,235,147,202,202.0,▲+104,▲+106.12%,20,80,100,97,184,265,2200,47
TXO,202609,20260916.0,48800.0,Put,-,-,-,-,1550.0,-,-,1,0,1,3,1110,1590,4910,1700
TXO,202609,20260916.0,48900.0,Call,126,207,124,188,188.0,▲+96,▲+104.35%,13,70,83,190,188,196,3930,3.1
TXO,202609,20260916.0,48900.0,Put,1660,1680,1660,1670,1630.0,▼-590,▼-26.11%,1,5,6,6,-,1630,2250,1660
TXO,202609,20260916.0,49000.0,Call,120,195,115,174,174.0,▲+90,▲+107.14%,119,931,1050,1444,169,178,3880,39.5
TXO,202609,20260916.0,49000.0,Put,-,-,-,-,1710.0,-,-,4,0,4,9,1620,1720,8740,1870
TXO,202609,20260916.0,49100.0,Call,147,153,103,147,147.0,▲+69,▲+88.46%,14,23,37,95,41,270,3500,36.5
TXO,202609,20260916.0,49100.0,Put,1780,1780,1780,1780,1780.0,▼-660,▼-27.05%,0,1,1,2,1340,2430,4510,1780
TXO,202609,20260916.0,49200.0,Call,129,154,88,142,142.0,▲+76,▲+115.15%,50,42,92,68,20.5,170,2080,35
TXO,202609,20260916.0,49200.0,Put,1920,1920,1920,1920,1880.0,▼-610,▼-24.11%,0,1,1,5,1780,2510,5160,1920
TXO,202609,20260916.0,49300.0,Call,100,140,91,125,125.0,▲+64,▲+104.92%,19,45,64,92,126,131,1560,30
TXO,202609,20260916.0,49300.0,Put,2060,2060,2060,2060,1960.0,▼-570,▼-21.67%,0,1,1,3,1860,2600,4670,2060
TXO,202609,20260916.0,49400.0,Call,82,132,73,108,108.0,▲+58,▲+116.00%,40,53,93,66,102,193,2710,31.5
TXO,202609,20260916.0,49400.0,Put,-,-,-,-,2050.0,-,-,0,0,0,0,2020,-,3200,3150
TXO,202609,20260916.0,49500.0,Call,79,119,66,99,99.0,▲+50,▲+102.04%,90,103,193,179,100,105,1060,27
TXO,202609,20260916.0,49500.0,Put,-,-,-,-,2140.0,-,-,0,0,0,1,-,-,4780,4780
TXO,202609,20260916.0,49600.0,Call,60,103,60,90,90.0,▲+46,▲+104.55%,30,39,69,57,5.2,103,1160,23
TXO,202609,20260916.0,49600.0,Put,-,-,-,-,2230.0,-,-,0,0,0,2,2120,2870,4850,2920
TXO,202609,20260916.0,49700.0,Call,77,96,53,77,77.0,▲+37.5,▲+94.94%,19,78,97,57,80,85,505,22.5
TXO,202609,20260916.0,49700.0,Put,-,-,-,-,2320.0,-,-,0,0,0,3,2220,2970,4920,4920
TXO,202609,20260916.0,49800.0,Call,60,88,60,70,70.0,▲+31,▲+79.49%,10,100,110,94,42,500,1760,21
TXO,202609,20260916.0,49800.0,Put,2530,2530,2530,2530,2410.0,▼-570,▼-18.39%,0,1,1,1,2380,-,3100,2530
TXO,202609,20260916.0,49900.0,Call,54,70,54,57,65.0,▲+24,▲+72.73%,1,68,69,92,1.7,87,2050,22.5
TXO,202609,20260916.0,49900.0,Put,-,-,-,-,2500.0,-,-,0,0,0,0,2470,-,-,-
TXO,202609,20260916.0,50000.0,Call,36.5,69,36.5,56,56.0,▲+25.5,▲+83.61%,183,654,837,2607,56,59,3370,18
TXO,202609,20260916.0,50000.0,Put,-,-,-,-,2600.0,-,-,0,0,0,2,2500,3250,5300,3130
TXO,202609,20260916.0,50100.0,Call,47.5,63,36,50,50.0,▲+22.5,▲+81.82%,8,99,107,66,5.7,138,3360,0.6
TXO,202609,20260916.0,50100.0,Put,-,-,-,-,2690.0,-,-,0,0,0,0,-,2690,-,-
TXO,202609,20260916.0,50200.0,Call,31,57,31,47,47.0,▲+23,▲+95.83%,4,13,17,128,1.2,100,1800,16
TXO,202609,20260916.0,50200.0,Put,-,-,-,-,2780.0,-,-,0,0,0,0,-,2780,-,-
TXO,202609,20260916.0,50300.0,Call,40.5,46,38.5,38.5,38.5,▲+15.5,▲+67.39%,13,7,20,51,39,42,1200,16
TXO,202609,20260916.0,50300.0,Put,-,-,-,-,2880.0,-,-,0,0,0,0,2850,-,-,-
TXO,202609,20260916.0,50400.0,Call,32,41,32,38,38.0,▲+16.5,▲+76.74%,6,28,34,73,1,50,3140,13.5
TXO,202609,20260916.0,50400.0,Put,-,-,-,-,2970.0,-,-,0,0,0,0,2940,2970,7650,5430
TXO,202609,20260916.0,50500.0,Call,26,40,26,32.5,32.5,▲+12.5,▲+62.50%,8,236,244,512,31.5,33.5,1080,14
TXO,202609,20260916.0,50500.0,Put,-,-,-,-,3070.0,-,-,0,0,0,0,-,-,-,-
TXO,202609,20260916.0,50600.0,Call,25.5,33,25.5,30,30.0,▲+11.5,▲+62.16%,1,83,84,95,0.4,42,1760,14
TXO,202609,20260916.0,50600.0,Put,3300,3300,3240,3240,3170.0,▼-650,▼-16.71%,0,2,2,2,3060,3300,3300,3240
TXO,202609,20260916.0,50700.0,Call,24,26,23,25,25.0,▲+7.5,▲+42.86%,7,51,58,94,0.9,69,1490,14
TXO,202609,20260916.0,50700.0,Put,-,-,-,-,3260.0,-,-,0,0,0,0,3230,-,-,-
TXO,202609,20260916.0,50800.0,Call,26,30,22,23,23.0,▲+6.5,▲+39.39%,0,15,15,463,0.9,477,2580,14
TXO,202609,20260916.0,50800.0,Put,3280,3390,3280,3390,3360.0,▼-690,▼-16.91%,0,2,2,0,3330,-,3390,3280
TXO,202609,20260916.0,50900.0,Call,21,23,20,22.5,22.5,▲+7,▲+45.16%,3,6,9,30,19,474,1050,13
TXO,202609,20260916.0,50900.0,Put,-,-,-,-,3460.0,-,-,0,0,0,0,-,3460,-,-
TXO,202609,20260916.0,51000.0,Call,15,25,15,19.5,19.5,▲+5,▲+34.48%,13,136,149,743,19.5,23,2360,6.3
TXO,202609,20260916.0,51000.0,Put,-,-,-,-,3560.0,-,-,0,0,0,1,-,-,5060,5050
TXO,202609,20260916.0,51100.0,Call,18,18,17,17,18.5,▲+3.5,▲+25.93%,14,4,18,226,5,470,1820,11
TXO,202609,20260916.0,51100.0,Put,-,-,-,-,3650.0,-,-,0,0,0,0,3620,-,-,-
TXO,202609,20260916.0,51200.0,Call,14.5,14.5,14,14,17.0,▲+2,▲+16.67%,5,2,7,236,15.5,17,2430,10
TXO,202609,20260916.0,51200.0,Put,-,-,-,-,3750.0,-,-,0,0,0,0,-,-,-,-
TXO,202609,20260916.0,51300.0,Call,19,19,15,15,15.0,▲+3,▲+25.00%,0,2,2,328,0.1,25,840,9.3
TXO,202609,20260916.0,51300.0,Put,-,-,-,-,3850.0,-,-,0,0,0,0,1,-,-,-
TXO,202609,20260916.0,51400.0,Call,-,-,-,-,14.5,-,-,0,0,0,13,13.5,14.5,1830,12
TXO,202609,20260916.0,51400.0,Put,-,-,-,-,3950.0,-,-,0,0,0,0,-,3950,-,-
TXO,202609,20260916.0,51500.0,Call,13.5,17,13.5,13.5,13.5,▲+2,▲+17.39%,3,17,20,88,0.9,27,920,9
TXO,202609,20260916.0,51500.0,Put,-,-,-,-,4050.0,-,-,0,0,0,0,-,-,-,-
TXO,202609,20260916.0,51600.0,Call,-,-,-,-,12.5,-,-,1,0,1,12,0.1,20,810,9.6
TXO,202609,20260916.0,51600.0,Put,-,-,-,-,4150.0,-,-,0,0,0,0,-,-,-,-
TXO,202609,20260916.0,51700.0,Call,10,13,10,13,12.0,▲+3,▲+30.00%,0,7,7,15,0.6,111,550,8.2
TXO,202609,20260916.0,51700.0,Put,-,-,-,-,4250.0,-,-,0,0,0,0,4210,-,-,-
TXO,202609,20260916.0,51800.0,Call,-,-,-,-,11.0,-,-,0,0,0,8,9.8,11,1850,12.5
TXO,202609,20260916.0,51800.0,Put,-,-,-,-,4350.0,-,-,0,0,0,0,4310,4350,-,-
TXO,202609,20260916.0,51900.0,Call,-,-,-,-,10.5,-,-,1,0,1,7,0.1,458,590,8.7
TXO,202609,20260916.0,51900.0,Put,-,-,-,-,4450.0,-,-,0,0,0,0,-,4450,-,-
TXO,202609,20260916.0,52000.0,Call,11,11.5,9.5,9.5,9.5,▲+0.8,▲+9.20%,1,15,16,622,9,9.8,2210,7.9
TXO,202609,20260916.0,52000.0,Put,-,-,-,-,4550.0,-,-,0,0,0,0,4510,-,-,-
TXO,202609,20260916.0,52100.0,Call,-,-,-,-,9.3,-,-,0,0,0,19,0.6,-,590,10
TXO,202609,20260916.0,52100.0,Put,-,-,-,-,4650.0,-,-,0,0,0,0,-,-,-,-
TXO,202609,20260916.0,52200.0,Call,-,-,-,-,8.7,-,-,0,0,0,20,8.1,8.7,2340,7.7
TXO,202609,20260916.0,52200.0,Put,-,-,-,-,4740.0,-,-,0,0,0,0,-,-,-,-
TXO,202609,20260916.0,52300.0,Call,7.7,7.7,7.7,7.7,8.1,▼-0.2,▼-2.53%,0,1,1,9,7.4,8.1,1880,7.7
TXO,202609,20260916.0,52300.0,Put,-,-,-,-,4840.0,-,-,0,0,0,0,-,-,-,-
TXO,202609,20260916.0,52400.0,Call,-,-,-,-,7.7,-,-,0,0,0,15,0.6,7.7,1880,7.2
TXO,202609,20260916.0,52400.0,Put,-,-,-,-,4940.0,-,-,0,0,0,0,-,-,-,-
TXO,202609,20260916.0,52500.0,Call,-,-,-,-,7.4,-,-,1,0,1,130,0.8,15,550,6.3
TXO,202609,20260916.0,52500.0,Put,-,-,-,-,5040.0,-,-,0,0,0,0,-,-,-,-
TXO,202609,20260916.0,52600.0,Call,-,-,-,-,7.1,-,-,20,0,20,82,6.6,7.1,1390,8.1
TXO,202609,20260916.0,52600.0,Put,-,-,-,-,5140.0,-,-,0,0,0,0,-,-,-,-
TXO,202609,20260916.0,52700.0,Call,-,-,-,-,6.9,-,-,0,0,0,24,6.4,6.9,1890,6.6
TXO,202609,20260916.0,52700.0,Put,-,-,-,-,5240.0,-,-,0,0,0,0,5200,-,-,-
TXO,202609,20260916.0,52800.0,Call,-,-,-,-,6.9,-,-,0,0,0,16,0.5,453,1930,8.5
TXO,202609,20260916.0,52800.0,Put,-,-,-,-,5340.0,-,-,0,0,0,0,-,-,-,-
TXO,202609,20260916.0,52900.0,Call,-,-,-,-,6.6,-,-,0,0,0,46,0.5,130,580,7.3
TXO,202609,20260916.0,52900.0,Put,-,-,-,-,5440.0,-,-,0,0,0,0,-,5450,-,-
TXO,202609,20260916.0,53000.0,Call,6,6,6,6,6.3,▼-0.3,▼-4.76%,1,1,2,264,0.8,30,1240,1.1
TXO,202609,20260916.0,53000.0,Put,-,-,-,-,5540.0,-,-,0,0,0,0,-,5550,-,-
TXO,202609,20260916.0,53100.0,Call,-,-,-,-,6.2,-,-,1,0,1,44,0.4,183,580,5.9
TXO,202609,20260916.0,53100.0,Put,-,-,-,-,5640.0,-,-,0,0,0,0,-,-,-,-
TXO,202609,20260916.0,53200.0,Call,5.5,6,5.5,6,6.0,0,0%,0,2,2,10,0.4,570,1500,5.5
TXO,202609,20260916.0,53200.0,Put,-,-,-,-,5740.0,-,-,0,0,0,0,-,5750,-,-
TXO,202609,20260916.0,53300.0,Call,-,-,-,-,5.9,-,-,0,0,0,34,5.3,5.7,580,5.7
TXO,202609,20260916.0,53300.0,Put,-,-,-,-,5840.0,-,-,0,0,0,0,-,5850,-,-
TXO,202609,20260916.0,53400.0,Call,-,-,-,-,5.8,-,-,0,0,0,7,1.1,570,1000,7.9
TXO,202609,20260916.0,53400.0,Put,-,-,-,-,5940.0,-,-,0,0,0,0,-,5950,-,-
TXO,202609,20260916.0,53500.0,Call,5.9,5.9,5.9,5.9,5.7,▲+0.3,▲+5.36%,0,1,1,105,1.1,106,600,5.4
TXO,202609,20260916.0,53500.0,Put,-,-,-,-,6040.0,-,-,0,0,0,0,-,-,-,-
TXO,202609,20260916.0,53600.0,Call,5.9,5.9,5.1,5.1,5.4,▼-0.4,▼-7.27%,0,5,5,5,5.1,5.4,1340,5.1
TXO,202609,20260916.0,53600.0,Put,-,-,-,-,6140.0,-,-,0,0,0,0,-,6150,-,-
TXO,202609,20260916.0,53700.0,Call,-,-,-,-,5.3,-,-,0,0,0,21,4.9,5.3,550,11.5
TXO,202609,20260916.0,53700.0,Put,-,-,-,-,6240.0,-,-,0,0,0,0,-,-,-,-
TXO,202609,20260916.0,53800.0,Call,-,-,-,-,5.2,-,-,0,0,0,12,4.8,5.2,1240,5.4
TXO,202609,20260916.0,53800.0,Put,-,-,-,-,6340.0,-,-,0,0,0,0,-,-,-,-
TXO,202609,20260916.0,53900.0,Call,-,-,-,-,5.2,-,-,0,0,0,22,1.1,570,99,6.1
TXO,202609,20260916.0,53900.0,Put,-,-,-,-,6440.0,-,-,0,0,0,0,-,6450,-,-
TXO,202609,20260916.0,54000.0,Call,5.4,5.4,5.3,5.3,5.1,▲+0.4,▲+8.16%,0,3,3,184,1.1,100,1400,5.1
TXO,202609,20260916.0,54000.0,Put,-,-,-,-,6540.0,-,-,0,0,0,1,-,6560,9240,9240
TXO,202609,20260916.0,54100.0,Call,-,-,-,-,5.0,-,-,1,0,1,28,1,15,100,4.7
TXO,202609,20260916.0,54100.0,Put,-,-,-,-,6640.0,-,-,0,0,0,0,-,6650,-,-
TXO,202609,20260916.0,54200.0,Call,5,5,5,5,5.0,▲+0.2,▲+4.17%,0,1,1,31,4.4,4.8,250,5
TXO,202609,20260916.0,54200.0,Put,-,-,-,-,6740.0,-,-,0,0,0,0,-,-,-,-
TXO,202609,20260916.0,54300.0,Call,4.2,4.2,4.2,4.2,4.7,▼-0.5,▼-10.64%,0,2,2,24,4.2,4.7,195,4.2
TXO,202609,20260916.0,54300.0,Put,-,-,-,-,6840.0,-,-,0,0,0,0,6800,6850,-,-
TXO,202609,20260916.0,54400.0,Call,-,-,-,-,4.6,-,-,0,0,0,27,4.1,4.6,1040,9.5
TXO,202609,20260916.0,54400.0,Put,-,-,-,-,6940.0,-,-,0,0,0,0,6900,6950,-,-
TXO,202609,20260916.0,54500.0,Call,3.8,3.8,3.8,3.8,4.5,▼-0.6,▼-13.64%,0,1,1,134,1,570,300,3.8
TXO,202609,20260916.0,54500.0,Put,-,-,-,-,7040.0,-,-,0,0,0,0,-,-,-,-
TXO,202609,20260916.0,54600.0,Call,3.9,4.4,3.9,4.4,4.4,▲+0.1,▲+2.33%,1,2,3,58,1,104,1680,3.9
TXO,202609,20260916.0,54600.0,Put,-,-,-,-,7140.0,-,-,0,0,0,0,-,-,-,-
TXO,202609,20260916.0,54700.0,Call,3.7,3.7,3.7,3.7,4.3,▼-0.5,▼-11.90%,0,1,1,40,3.9,4.3,382,3.7
TXO,202609,20260916.0,54700.0,Put,-,-,-,-,7240.0,-,-,0,0,0,0,-,-,-,-
TXO,202609,20260916.0,54800.0,Call,-,-,-,-,4.2,-,-,0,0,0,26,1,570,370,8.6
TXO,202609,20260916.0,54800.0,Put,-,-,-,-,7340.0,-,-,0,0,0,0,-,-,-,-
TXO,202609,20260916.0,54900.0,Call,-,-,-,-,4.1,-,-,0,0,0,9,0.1,570,205,4.8
TXO,202609,20260916.0,54900.0,Put,-,-,-,-,7440.0,-,-,0,0,0,0,-,-,-,-
TXO,202609,20260916.0,55000.0,Call,5,5,4.1,4.1,4.1,▲+0.1,▲+2.50%,0,2,2,337,3.6,4,1240,0.5
TXO,202609,20260916.0,55000.0,Put,-,-,-,-,7540.0,-,-,0,0,0,1,7430,-,10230,10230
TXO,202609,20260916.0,55200.0,Call,3.1,3.1,3.1,3.1,3.8,▼-0.7,▼-18.42%,0,1,1,9,3,58,350,3.1
TXO,202609,20260916.0,55200.0,Put,-,-,-,-,7740.0,-,-,0,0,0,0,-,-,-,-
TXO,202609,20260916.0,55400.0,Call,2.8,2.8,2.8,2.8,3.6,▼-0.6,▼-17.65%,0,1,1,34,3,104,800,2.8
TXO,202609,20260916.0,55400.0,Put,-,-,-,-,7940.0,-,-,0,0,0,176,7470,8070,12880,9200
TXO,202609,20260916.0,55600.0,Call,3,3,3,3,3.3,▼-0.4,▼-11.76%,0,2,2,19,2.9,3.4,1400,3
TXO,202609,20260916.0,55600.0,Put,-,-,-,-,8140.0,-,-,0,0,0,0,8070,-,-,-
TXO,202609,20260916.0,55800.0,Call,2.5,3.4,2.5,3.4,3.1,▲+0.3,▲+9.68%,27,16,43,912,1.3,3.4,1350,2.5
TXO,202609,20260916.0,55800.0,Put,-,-,-,-,8340.0,-,-,0,0,0,0,8270,-,-,-
TXO,202609F3,20260918.0,41200.0,Call,-,-,-,-,6320.0,-,-,0,0,0,0,-,-,-,-
TXO,202609F3,20260918.0,41200.0,Put,27,27,20.5,20.5,20.5,▼-12.5,▼-37.88%,17,19,36,39,12,21,44,20.5
TXO,202609F3,20260918.0,41300.0,Call,-,-,-,-,6220.0,-,-,0,0,0,0,-,-,-,-
TXO,202609F3,20260918.0,41300.0,Put,22,22,22,22,22.0,▼-11.5,▼-34.33%,2,6,8,7,20.5,22,34,22
TXO,202609F3,20260918.0,41400.0,Call,-,-,-,-,6120.0,-,-,0,0,0,0,-,-,-,-
TXO,202609F3,20260918.0,41400.0,Put,27.5,27.5,27.5,27.5,22.5,▼-6.5,▼-19.12%,2,4,6,4,21.5,23,46,27.5
TXO,202609F3,20260918.0,41500.0,Call,-,-,-,-,6020.0,-,-,0,0,0,0,-,-,-,-
TXO,202609F3,20260918.0,41500.0,Put,31,31,22,22,23.0,▼-15,▼-40.54%,1,6,7,10,18,25,44.5,22
TXO,202609F3,20260918.0,41600.0,Call,-,-,-,-,5920.0,-,-,0,0,0,0,-,-,-,-
TXO,202609F3,20260918.0,41600.0,Put,-,-,-,-,24.0,-,-,0,0,0,1,23,24.5,46.5,46.5
TXO,202609F3,20260918.0,41700.0,Call,-,-,-,-,5830.0,-,-,0,0,0,0,-,-,-,-
TXO,202609F3,20260918.0,41700.0,Put,-,-,-,-,25.0,-,-,0,0,0,0,24,25.5,-,-
TXO,202609F3,20260918.0,41800.0,Call,-,-,-,-,5730.0,-,-,0,0,0,0,-,-,-,-
TXO,202609F3,20260918.0,41800.0,Put,-,-,-,-,26.0,-,-,0,0,0,0,25,26.5,-,-
TXO,202609F3,20260918.0,41900.0,Call,-,-,-,-,5630.0,-,-,0,0,0,0,-,-,-,-
TXO,202609F3,20260918.0,41900.0,Put,30,30,26,26,27.0,▼-17,▼-39.53%,1,2,3,10,0.4,135,53,26
TXO,202609F3,20260918.0,42000.0,Call,-,-,-,-,5530.0,-,-,0,0,0,0,5480,-,-,-
TXO,202609F3,20260918.0,42000.0,Put,27.5,27.5,27.5,27.5,27.5,▼-17.5,▼-38.89%,0,2,2,14,27,28.5,63,27.5
TXO,202609F3,20260918.0,42100.0,Call,-,-,-,-,5430.0,-,-,0,0,0,0,-,5450,-,-
TXO,202609F3,20260918.0,42100.0,Put,-,-,-,-,29.0,-,-,0,0,0,12,28,29.5,61,57
TXO,202609F3,20260918.0,42200.0,Call,-,-,-,-,5330.0,-,-,0,0,0,0,-,-,-,-
TXO,202609F3,20260918.0,42200.0,Put,38,38,29,31,31.0,▼-17.5,▼-36.08%,0,8,8,15,0.4,58,69,29
TXO,202609F3,20260918.0,42300.0,Call,-,-,-,-,5230.0,-,-,0,0,0,0,5150,-,-,-
TXO,202609F3,20260918.0,42300.0,Put,-,-,-,-,31.5,-,-,0,0,0,12,30.5,32,66,63
TXO,202609F3,20260918.0,42400.0,Call,-,-,-,-,5130.0,-,-,0,0,0,0,5090,-,-,-
TXO,202609F3,20260918.0,42400.0,Put,-,-,-,-,33.0,-,-,0,0,0,12,32,33.5,70,66
TXO,202609F3,20260918.0,42500.0,Call,-,-,-,-,5040.0,-,-,0,0,0,0,-,-,-,-
TXO,202609F3,20260918.0,42500.0,Put,-,-,-,-,35.0,-,-,0,0,0,13,33.5,36,74,70
TXO,202609F3,20260918.0,42600.0,Call,-,-,-,-,4940.0,-,-,0,0,0,0,-,-,-,-
TXO,202609F3,20260918.0,42600.0,Put,-,-,-,-,36.0,-,-,0,0,0,6,34.5,37,78,78
TXO,202609F3,20260918.0,42700.0,Call,-,-,-,-,4840.0,-,-,0,0,0,0,-,-,-,-
TXO,202609F3,20260918.0,42700.0,Put,-,-,-,-,37.5,-,-,1,0,1,7,36,38.5,69,51
TXO,202609F3,20260918.0,42800.0,Call,-,-,-,-,4740.0,-,-,0,0,0,0,4700,-,-,-
TXO,202609F3,20260918.0,42800.0,Put,51,51,51,51,39.5,▼-15,▼-22.73%,0,2,2,2,38.5,40,51,51
TXO,202609F3,20260918.0,42900.0,Call,-,-,-,-,4640.0,-,-,0,0,0,0,4560,-,-,-
TXO,202609F3,20260918.0,42900.0,Put,-,-,-,-,41.0,-,-,0,0,0,6,40,42,97,95
TXO,202609F3,20260918.0,43000.0,Call,-,-,-,-,4540.0,-,-,0,0,0,0,4500,-,-,-
TXO,202609F3,20260918.0,43000.0,Put,55,55,44,45,45.0,▼-28,▼-38.36%,7,7,14,9,42,44.5,100,44
TXO,202609F3,20260918.0,43100.0,Call,-,-,-,-,4450.0,-,-,0,0,0,0,-,-,-,-
TXO,202609F3,20260918.0,43100.0,Put,-,-,-,-,46.0,-,-,0,0,0,0,44.5,47,-,-
TXO,202609F3,20260918.0,43200.0,Call,-,-,-,-,4350.0,-,-,0,0,0,0,-,-,-,-
TXO,202609F3,20260918.0,43200.0,Put,-,-,-,-,48.0,-,-,5,0,5,2,1.2,147,107,64
TXO,202609F3,20260918.0,43300.0,Call,-,-,-,-,4250.0,-,-,0,0,0,0,4170,-,-,-
TXO,202609F3,20260918.0,43300.0,Put,-,-,-,-,50.0,-,-,0,0,0,0,1.2,-,-,-
TXO,202609F3,20260918.0,43400.0,Call,-,-,-,-,4150.0,-,-,0,0,0,0,4070,-,-,-
TXO,202609F3,20260918.0,43400.0,Put,59,59,52,52,52.0,▼-40,▼-43.48%,0,4,4,4,38,-,104,52
TXO,202609F3,20260918.0,43500.0,Call,-,-,-,-,4060.0,-,-,0,0,0,0,4020,-,-,-
TXO,202609F3,20260918.0,43500.0,Put,62,62,59,59,56.0,▼-38,▼-39.18%,3,2,5,2,55,57,132,59
TXO,202609F3,20260918.0,43600.0,Call,-,-,-,-,3960.0,-,-,0,0,0,0,3920,-,-,-
TXO,202609F3,20260918.0,43600.0,Put,-,-,-,-,59.0,-,-,2,0,2,2,58,60,104,104
TXO,202609F3,20260918.0,43700.0,Call,-,-,-,-,3860.0,-,-,0,0,0,0,-,-,-,-
TXO,202609F3,20260918.0,43700.0,Put,-,-,-,-,63.0,-,-,0,0,0,0,1.3,-,-,-
TXO,202609F3,20260918.0,43800.0,Call,-,-,-,-,3770.0,-,-,0,0,0,0,3690,-,-,-
TXO,202609F3,20260918.0,43800.0,Put,-,-,-,-,67.0,-,-,0,0,0,0,1.3,-,-,-
TXO,202609F3,20260918.0,43900.0,Call,-,-,-,-,3670.0,-,-,0,0,0,0,3630,-,-,-
TXO,202609F3,20260918.0,43900.0,Put,83,88,83,88,71.0,▼-37,▼-29.60%,0,7,7,7,69,72,88,83
TXO,202609F3,20260918.0,44000.0,Call,-,-,-,-,3580.0,-,-,0,0,0,0,-,-,-,-
TXO,202609F3,20260918.0,44000.0,Put,100,100,77,77,77.0,▼-56,▼-42.11%,5,7,12,9,70,1600,130,77
TXO,202609F3,20260918.0,44100.0,Call,-,-,-,-,3480.0,-,-,0,0,0,0,-,-,-,-
TXO,202609F3,20260918.0,44100.0,Put,-,-,-,-,80.0,-,-,0,0,0,1,78,81,156,156
TXO,202609F3,20260918.0,44200.0,Call,-,-,-,-,3390.0,-,-,0,0,0,0,3310,-,-,-
TXO,202609F3,20260918.0,44200.0,Put,106,106,106,106,85.0,▼-51,▼-32.48%,0,1,1,1,2.2,179,186,106
TXO,202609F3,20260918.0,44300.0,Call,-,-,-,-,3290.0,-,-,0,0,0,0,-,-,-,-
TXO,202609F3,20260918.0,44300.0,Put,108,108,108,108,90.0,▼-56,▼-34.15%,0,1,1,1,88,91,108,108
TXO,202609F3,20260918.0,44400.0,Call,-,-,-,-,3200.0,-,-,0,0,0,0,-,-,-,-
TXO,202609F3,20260918.0,44400.0,Put,102,102,102,102,102.0,▼-68,▼-40.00%,1,1,2,2,-,-,170,102
TXO,202609F3,20260918.0,44500.0,Call,-,-,-,-,3110.0,-,-,0,0,0,0,-,-,-,-
TXO,202609F3,20260918.0,44500.0,Put,114,117,103,103,103.0,▼-83,▼-44.62%,2,7,9,2,99,103,258,103
TXO,202609F3,20260918.0,44550.0,Call,-,-,-,-,3060.0,-,-,0,0,0,0,-,-,-,-
TXO,202609F3,20260918.0,44550.0,Put,110,110,108,109,107.0,▼-84,▼-43.52%,0,5,5,3,104,109,110,108
TXO,202609F3,20260918.0,44600.0,Call,-,-,-,-,3010.0,-,-,0,0,0,0,-,-,-,-
TXO,202609F3,20260918.0,44600.0,Put,-,-,-,-,109.0,-,-,2,0,2,1,106,111,199,158
TXO,202609F3,20260918.0,44650.0,Call,-,-,-,-,2960.0,-,-,0,0,0,0,2890,-,-,-
TXO,202609F3,20260918.0,44650.0,Put,-,-,-,-,113.0,-,-,2,0,2,0,110,115,195,148
TXO,202609F3,20260918.0,44700.0,Call,-,-,-,-,2920.0,-,-,0,0,0,0,2840,-,-,-
TXO,202609F3,20260918.0,44700.0,Put,-,-,-,-,117.0,-,-,0,0,0,0,-,380,-,-
TXO,202609F3,20260918.0,44750.0,Call,-,-,-,-,2870.0,-,-,0,0,0,0,2800,-,-,-
TXO,202609F3,20260918.0,44750.0,Put,-,-,-,-,121.0,-,-,0,0,0,0,118,123,-,-
TXO,202609F3,20260918.0,44800.0,Call,-,-,-,-,2830.0,-,-,0,0,0,0,2750,-,-,-
TXO,202609F3,20260918.0,44800.0,Put,139,157,127,127,127.0,▼-103,▼-44.78%,4,4,8,3,122,127,220,127
TXO,202609F3,20260918.0,44850.0,Call,-,-,-,-,2780.0,-,-,0,0,0,0,-,-,-,-
TXO,202609F3,20260918.0,44850.0,Put,-,-,-,-,129.0,-,-,0,0,0,0,126,131,-,-
TXO,202609F3,20260918.0,44900.0,Call,-,-,-,-,2740.0,-,-,0,0,0,0,2660,-,-,-
TXO,202609F3,20260918.0,44900.0,Put,-,-,-,-,134.0,-,-,0,0,0,0,131,136,-,-
TXO,202609F3,20260918.0,44950.0,Call,-,-,-,-,2690.0,-,-,0,0,0,0,2610,-,-,-
TXO,202609F3,20260918.0,44950.0,Put,-,-,-,-,138.0,-,-,0,0,0,0,135,140,-,-
TXO,202609F3,20260918.0,45000.0,Call,-,-,-,-,2640.0,-,-,0,0,0,0,2600,-,-,-
TXO,202609F3,20260918.0,45000.0,Put,174,183,144,146,146.0,▼-119,▼-44.91%,2,14,16,17,139,144,370,144
TXO,202609F3,20260918.0,45050.0,Call,-,-,-,-,2600.0,-,-,0,0,0,0,2560,-,-,-
TXO,202609F3,20260918.0,45050.0,Put,162,162,156,156,147.0,▼-120,▼-43.48%,1,2,3,1,144,149,280,156
TXO,202609F3,20260918.0,45100.0,Call,-,-,-,-,2560.0,-,-,0,0,0,0,2510,-,-,-
TXO,202609F3,20260918.0,45100.0,Put,-,-,-,-,153.0,-,-,1,0,1,1,-,245,235,235
TXO,202609F3,20260918.0,45150.0,Call,-,-,-,-,2510.0,-,-,0,0,0,0,2440,-,-,-
TXO,202609F3,20260918.0,45150.0,Put,-,-,-,-,159.0,-,-,0,0,0,0,156,162,-,-
TXO,202609F3,20260918.0,45200.0,Call,-,-,-,-,2470.0,-,-,0,0,0,0,-,-,-,-
TXO,202609F3,20260918.0,45200.0,Put,173,173,173,173,164.0,▼-130,▼-42.90%,0,1,1,1,161,166,173,173
TXO,202609F3,20260918.0,45250.0,Call,-,-,-,-,2420.0,-,-,0,0,0,0,2350,-,-,-
TXO,202609F3,20260918.0,45250.0,Put,-,-,-,-,170.0,-,-,0,0,0,0,167,173,-,-
TXO,202609F3,20260918.0,45300.0,Call,-,-,-,-,2380.0,-,-,0,0,0,0,-,-,-,-
TXO,202609F3,20260918.0,45300.0,Put,198,218,198,218,175.0,▼-109,▼-33.33%,0,41,41,40,172,177,218,198
TXO,202609F3,20260918.0,45350.0,Call,-,-,-,-,2330.0,-,-,0,0,0,0,2260,-,-,-
TXO,202609F3,20260918.0,45350.0,Put,-,-,-,-,182.0,-,-,0,0,0,0,103,-,-,-
TXO,202609F3,20260918.0,45400.0,Call,-,-,-,-,2290.0,-,-,0,0,0,0,2220,-,-,-
TXO,202609F3,20260918.0,45400.0,Put,-,-,-,-,189.0,-,-,0,0,0,20,186,191,525,355
TXO,202609F3,20260918.0,45450.0,Call,-,-,-,-,2250.0,-,-,0,0,0,0,-,-,-,-
TXO,202609F3,20260918.0,45450.0,Put,-,-,-,-,196.0,-,-,0,0,0,0,193,199,-,-
TXO,202609F3,20260918.0,45500.0,Call,-,-,-,-,2200.0,-,-,0,0,0,0,2130,-,-,-
TXO,202609F3,20260918.0,45500.0,Put,-,-,-,-,201.0,-,-,0,0,0,4,198,204,382,382
TXO,202609F3,20260918.0,45550.0,Call,-,-,-,-,2160.0,-,-,0,0,0,0,2090,-,-,-
TXO,202609F3,20260918.0,45550.0,Put,-,-,-,-,209.0,-,-,0,0,0,0,205,212,-,-
TXO,202609F3,20260918.0,45600.0,Call,-,-,-,-,2120.0,-,-,0,0,0,0,2050,-,-,-
TXO,202609F3,20260918.0,45600.0,Put,-,-,-,-,217.0,-,-,1,0,1,1,105,302,293,293
TXO,202609F3,20260918.0,45650.0,Call,-,-,-,-,2080.0,-,-,0,0,0,0,2010,-,-,-
TXO,202609F3,20260918.0,45650.0,Put,-,-,-,-,226.0,-,-,0,0,0,0,222,229,-,-
TXO,202609F3,20260918.0,45700.0,Call,-,-,-,-,2040.0,-,-,0,0,0,0,2000,-,-,-
TXO,202609F3,20260918.0,45700.0,Put,294,294,294,294,234.0,▼-136,▼-31.63%,0,3,3,3,230,237,294,294
TXO,202609F3,20260918.0,45750.0,Call,1950,1950,1950,1950,1990.0,▲+520,▲+36.36%,0,1,1,1,-,-,1950,1950
TXO,202609F3,20260918.0,45750.0,Put,-,-,-,-,242.0,-,-,0,0,0,0,238,245,-,-
TXO,202609F3,20260918.0,45800.0,Call,-,-,-,-,1950.0,-,-,0,0,0,0,1910,-,-,-
TXO,202609F3,20260918.0,45800.0,Put,-,-,-,-,251.0,-,-,0,0,0,0,247,254,-,-
TXO,202609F3,20260918.0,45850.0,Call,-,-,-,-,1910.0,-,-,0,0,0,0,1870,-,-,-
TXO,202609F3,20260918.0,45850.0,Put,-,-,-,-,261.0,-,-,0,0,0,0,147,-,-,-
TXO,202609F3,20260918.0,45900.0,Call,-,-,-,-,1870.0,-,-,0,0,0,0,-,-,-,-
TXO,202609F3,20260918.0,45900.0,Put,-,-,-,-,270.0,-,-,0,0,0,0,159,-,-,-
TXO,202609F3,20260918.0,45950.0,Call,-,-,-,-,1830.0,-,-,0,0,0,0,-,-,-,-
TXO,202609F3,20260918.0,45950.0,Put,-,-,-,-,280.0,-,-,0,0,0,0,169,-,-,-
TXO,202609F3,20260918.0,46000.0,Call,-,-,-,-,1790.0,-,-,0,0,0,0,-,-,-,-
TXO,202609F3,20260918.0,46000.0,Put,299,299,299,299,299.0,▼-226,▼-43.05%,4,2,6,3,285,292,695,299
TXO,202609F3,20260918.0,46050.0,Call,-,-,-,-,1750.0,-,-,0,0,0,0,1720,-,-,-
TXO,202609F3,20260918.0,46050.0,Put,-,-,-,-,301.0,-,-,0,0,0,0,189,-,-,-
TXO,202609F3,20260918.0,46100.0,Call,-,-,-,-,1720.0,-,-,0,0,0,0,1650,-,-,-
TXO,202609F3,20260918.0,46100.0,Put,-,-,-,-,312.0,-,-,0,0,0,0,308,316,-,-
TXO,202609F3,20260918.0,46150.0,Call,-,-,-,-,1680.0,-,-,0,0,0,0,1610,-,-,-
TXO,202609F3,20260918.0,46150.0,Put,-,-,-,-,322.0,-,-,0,0,0,0,318,326,-,-
TXO,202609F3,20260918.0,46200.0,Call,-,-,-,-,1640.0,-,-,0,0,0,0,1570,-,-,-
TXO,202609F3,20260918.0,46200.0,Put,-,-,-,-,334.0,-,-,0,0,0,0,330,338,-,-
TXO,202609F3,20260918.0,46250.0,Call,-,-,-,-,1600.0,-,-,0,0,0,0,-,-,-,-
TXO,202609F3,20260918.0,46250.0,Put,-,-,-,-,347.0,-,-,0,0,0,0,343,351,-,-
TXO,202609F3,20260918.0,46300.0,Call,-,-,-,-,1560.0,-,-,0,0,0,0,1500,-,-,-
TXO,202609F3,20260918.0,46300.0,Put,-,-,-,-,357.0,-,-,0,0,0,0,248,-,-,-
TXO,202609F3,20260918.0,46350.0,Call,-,-,-,-,1520.0,-,-,0,0,0,0,1460,-,-,-
TXO,202609F3,20260918.0,46350.0,Put,378,378,378,378,378.0,▼-277,▼-42.29%,0,2,2,2,366,374,378,378
TXO,202609F3,20260918.0,46400.0,Call,1420,1420,1420,1420,1490.0,▲+410,▲+40.59%,1,1,2,0,-,-,1420,1230
TXO,202609F3,20260918.0,46400.0,Put,364,399,364,399,385.0,▼-276,▼-40.89%,0,2,2,2,381,389,399,364
TXO,202609F3,20260918.0,46450.0,Call,-,-,-,-,1450.0,-,-,0,0,0,0,-,-,-,-
TXO,202609F3,20260918.0,46450.0,Put,-,-,-,-,398.0,-,-,0,0,0,1,393,402,770,770
TXO,202609F3,20260918.0,46500.0,Call,-,-,-,-,1410.0,-,-,0,0,0,0,1400,1430,-,-
TXO,202609F3,20260918.0,46500.0,Put,-,-,-,-,412.0,-,-,0,0,0,0,407,416,-,-
TXO,202609F3,20260918.0,46550.0,Call,-,-,-,-,1380.0,-,-,0,0,0,0,1370,1390,-,-
TXO,202609F3,20260918.0,46550.0,Put,-,-,-,-,428.0,-,-,1,0,1,1,423,432,570,570
TXO,202609F3,20260918.0,46600.0,Call,1310,1310,1310,1310,1350.0,▲+415,▲+46.37%,0,1,1,1,1340,1360,1310,1310
TXO,202609F3,20260918.0,46600.0,Put,486,486,486,486,443.0,▼-294,▼-37.69%,0,1,1,2,330,540,840,486
TXO,202609F3,20260918.0,46650.0,Call,-,-,-,-,1310.0,-,-,0,0,0,0,1300,1320,-,-
TXO,202609F3,20260918.0,46650.0,Put,-,-,-,-,457.0,-,-,0,0,0,0,345,-,-,-
TXO,202609F3,20260918.0,46700.0,Call,1230,1230,1230,1230,1280.0,▲+390,▲+46.43%,0,1,1,1,1270,1290,1230,1230
TXO,202609F3,20260918.0,46700.0,Put,520,520,520,520,473.0,▼-290,▼-35.80%,0,1,1,1,-,575,520,520
TXO,202609F3,20260918.0,46750.0,Call,1250,1250,1250,1250,1250.0,▲+435,▲+53.37%,0,2,2,1,1230,1250,1250,800
TXO,202609F3,20260918.0,46750.0,Put,492,498,492,498,498.0,▼-322,▼-39.27%,0,2,2,0,485,494,825,492
TXO,202609F3,20260918.0,46800.0,Call,1190,1190,1190,1190,1210.0,▲+400,▲+50.63%,0,1,1,1,41,1320,1190,1190
TXO,202609F3,20260918.0,46800.0,Put,550,550,550,550,510.0,▼-305,▼-35.67%,5,1,6,5,500,515,805,550
TXO,202609F3,20260918.0,46850.0,Call,-,-,-,-,1180.0,-,-,0,0,0,0,1170,1190,-,-
TXO,202609F3,20260918.0,46850.0,Put,555,555,555,555,525.0,▼-325,▼-36.93%,0,1,1,1,520,530,555,555
TXO,202609F3,20260918.0,46900.0,Call,1110,1110,1110,1110,1150.0,▲+370,▲+50.00%,0,1,1,1,1140,1160,1110,1110
TXO,202609F3,20260918.0,46900.0,Put,595,595,595,595,545.0,▼-310,▼-34.25%,0,1,1,1,445,640,595,595
TXO,202609F3,20260918.0,46950.0,Call,-,-,-,-,1110.0,-,-,0,0,0,0,40.5,-,-,-
TXO,202609F3,20260918.0,46950.0,Put,-,-,-,-,560.0,-,-,0,0,0,0,555,565,-,-
TXO,202609F3,20260918.0,47000.0,Call,-,-,-,-,1080.0,-,-,3,0,3,2,40.5,1180,810,755
TXO,202609F3,20260918.0,47000.0,Put,630,630,580,595,595.0,▼-360,▼-37.70%,0,4,4,1,575,585,630,580
TXO,202609F3,20260918.0,47050.0,Call,-,-,-,-,1050.0,-,-,0,0,0,0,1040,1060,-,-
TXO,202609F3,20260918.0,47050.0,Put,-,-,-,-,600.0,-,-,0,0,0,0,595,605,-,-
TXO,202609F3,20260918.0,47100.0,Call,890,985,890,985,1020.0,▲+340,▲+52.71%,0,11,11,10,1010,1030,985,890
TXO,202609F3,20260918.0,47100.0,Put,675,675,675,675,620.0,▼-335,▼-33.17%,1,1,2,1,615,625,780,675
TXO,202609F3,20260918.0,47150.0,Call,-,-,-,-,995.0,-,-,0,0,0,0,985,1000,-,-
TXO,202609F3,20260918.0,47150.0,Put,-,-,-,-,640.0,-,-,0,0,0,0,635,645,-,-
TXO,202609F3,20260918.0,47200.0,Call,905,905,905,905,965.0,▲+305,▲+50.83%,1,1,2,1,955,970,905,640
TXO,202609F3,20260918.0,47200.0,Put,735,735,715,715,665.0,▼-355,▼-33.18%,0,2,2,1,655,670,735,715
TXO,202609F3,20260918.0,47250.0,Call,-,-,-,-,935.0,-,-,0,0,0,0,930,945,-,-
TXO,202609F3,20260918.0,47250.0,Put,-,-,-,-,685.0,-,-,0,0,0,0,675,690,-,-
TXO,202609F3,20260918.0,47300.0,Call,-,-,-,-,910.0,-,-,0,0,0,0,4.8,-,-,-
TXO,202609F3,20260918.0,47300.0,Put,-,-,-,-,705.0,-,-,0,0,0,0,695,710,-,-
TXO,202609F3,20260918.0,47350.0,Call,-,-,-,-,880.0,-,-,0,0,0,0,-,-,-,-
TXO,202609F3,20260918.0,47350.0,Put,-,-,-,-,730.0,-,-,0,0,0,0,625,-,-,-
TXO,202609F3,20260918.0,47400.0,Call,-,-,-,-,855.0,-,-,0,0,0,0,845,860,-,-
TXO,202609F3,20260918.0,47400.0,Put,780,780,780,780,750.0,▼-410,▼-34.45%,0,1,1,1,740,755,780,780
TXO,202609F3,20260918.0,47450.0,Call,-,-,-,-,825.0,-,-,0,0,0,0,-,-,-,-
TXO,202609F3,20260918.0,47450.0,Put,-,-,-,-,775.0,-,-,0,0,0,0,765,780,-,-
TXO,202609F3,20260918.0,47500.0,Call,795,795,785,785,785.0,▲+304,▲+63.20%,0,2,2,2,790,805,795,785
TXO,202609F3,20260918.0,47500.0,Put,795,800,795,800,800.0,▼-450,▼-36.00%,2,2,4,2,790,805,1000,795
TXO,202609F3,20260918.0,47550.0,Call,-,-,-,-,770.0,-,-,0,0,0,0,765,780,-,-
TXO,202609F3,20260918.0,47550.0,Put,-,-,-,-,820.0,-,-,0,0,0,0,810,825,-,-
TXO,202609F3,20260918.0,47600.0,Call,-,-,-,-,745.0,-,-,0,0,0,0,740,755,417,417
TXO,202609F3,20260918.0,47600.0,Put,-,-,-,-,845.0,-,-,0,0,0,0,835,850,-,-
TXO,202609F3,20260918.0,47650.0,Call,-,-,-,-,725.0,-,-,0,0,0,0,715,730,-,-
TXO,202609F3,20260918.0,47650.0,Put,-,-,-,-,870.0,-,-,0,0,0,0,865,880,-,-
TXO,202609F3,20260918.0,47700.0,Call,-,-,-,-,700.0,-,-,0,0,0,0,690,705,-,-
TXO,202609F3,20260918.0,47700.0,Put,-,-,-,-,895.0,-,-,0,0,0,0,890,905,-,-
TXO,202609F3,20260918.0,47750.0,Call,-,-,-,-,675.0,-,-,0,0,0,0,670,685,-,-
TXO,202609F3,20260918.0,47750.0,Put,-,-,-,-,925.0,-,-,0,0,0,0,915,930,-,-
TXO,202609F3,20260918.0,47800.0,Call,-,-,-,-,650.0,-,-,0,0,0,5,645,660,370,319
TXO,202609F3,20260918.0,47800.0,Put,-,-,-,-,950.0,-,-,0,0,0,0,640,-,-,-
TXO,202609F3,20260918.0,47850.0,Call,-,-,-,-,630.0,-,-,0,0,0,0,620,635,-,-
TXO,202609F3,20260918.0,47850.0,Put,-,-,-,-,975.0,-,-,0,0,0,0,100,1010,-,-
TXO,202609F3,20260918.0,47900.0,Call,600,600,466,466,605.0,▲+114,▲+32.39%,0,2,2,1,600,615,600,466
TXO,202609F3,20260918.0,47900.0,Put,-,-,-,-,1000.0,-,-,0,0,0,0,695,1040,-,-
TXO,202609F3,20260918.0,48000.0,Call,545,555,545,555,555.0,▲+231,▲+71.30%,0,4,4,7,560,570,555,203
TXO,202609F3,20260918.0,48000.0,Put,-,-,-,-,1060.0,-,-,0,0,0,0,750,1090,-,-
TXO,202609F3,20260918.0,48100.0,Call,-,-,-,-,525.0,-,-,0,0,0,0,2.7,-,-,-
TXO,202609F3,20260918.0,48100.0,Put,-,-,-,-,1120.0,-,-,0,0,0,0,100,1180,2000,1830
TXO,202609F3,20260918.0,48200.0,Call,-,-,-,-,488.0,-,-,0,0,0,0,482,492,-,-
TXO,202609F3,20260918.0,48200.0,Put,-,-,-,-,1180.0,-,-,0,0,0,0,0.2,-,-,-
TXO,202609F3,20260918.0,48300.0,Call,419,419,419,419,453.0,▲+168,▲+66.93%,1,1,2,2,448,458,419,170
TXO,202609F3,20260918.0,48300.0,Put,-,-,-,-,1250.0,-,-,0,0,0,0,-,-,-,-
TXO,202609F3,20260918.0,48400.0,Call,395,407,395,407,407.0,▲+178,▲+77.73%,5,2,7,6,298,499,407,218
TXO,202609F3,20260918.0,48400.0,Put,1390,1390,1280,1280,1310.0,▼-610,▼-32.28%,17,3,20,18,1300,1330,1540,1280
TXO,202609F3,20260918.0,48500.0,Call,380,400,360,360,386.0,▲+159,▲+79.10%,3,4,7,27,366,505,400,126
TXO,202609F3,20260918.0,48500.0,Put,1380,1440,1380,1440,1380.0,▼-540,▼-27.27%,0,4,4,4,1260,1420,1440,1380
TXO,202609F3,20260918.0,48600.0,Call,351,351,308,339,339.0,▲+145,▲+74.74%,1,7,8,1,185,452,351,112
TXO,202609F3,20260918.0,48600.0,Put,-,-,-,-,1450.0,-,-,0,0,0,0,-,-,-,-
TXO,202609F3,20260918.0,48700.0,Call,306,306,306,306,328.0,▲+128,▲+71.91%,3,2,5,3,324,332,306,114
TXO,202609F3,20260918.0,48700.0,Put,-,-,-,-,1520.0,-,-,0,0,0,0,1510,-,-,-
TXO,202609F3,20260918.0,48800.0,Call,295,300,220,300,300.0,▲+130,▲+76.47%,2,7,9,14,298,306,300,95
TXO,202609F3,20260918.0,48800.0,Put,-,-,-,-,1600.0,-,-,0,0,0,0,-,1610,-,-
TXO,202609F3,20260918.0,48900.0,Call,255,255,255,255,278.0,▲+107,▲+72.30%,1,1,2,1,274,282,255,105
TXO,202609F3,20260918.0,48900.0,Put,-,-,-,-,1670.0,-,-,0,0,0,0,-,-,-,-
TXO,202609F3,20260918.0,49000.0,Call,191,260,191,260,260.0,▲+126,▲+94.03%,4,3,7,33,250,257,260,74
TXO,202609F3,20260918.0,49000.0,Put,-,-,-,-,1750.0,-,-,0,0,0,0,-,1790,-,-
TXO,202609F3,20260918.0,49100.0,Call,207,207,207,207,234.0,▲+84,▲+68.29%,0,1,1,3,231,238,207,104
TXO,202609F3,20260918.0,49100.0,Put,-,-,-,-,1830.0,-,-,0,0,0,0,-,1870,-,-
TXO,202609F3,20260918.0,49200.0,Call,-,-,-,-,215.0,-,-,0,0,0,1,210,217,102,102
TXO,202609F3,20260918.0,49200.0,Put,-,-,-,-,1910.0,-,-,0,0,0,0,-,-,-,-
TXO,202609F3,20260918.0,49300.0,Call,-,-,-,-,196.0,-,-,1,0,1,2,192,198,100,62
TXO,202609F3,20260918.0,49300.0,Put,-,-,-,-,1990.0,-,-,0,0,0,0,-,-,-,-
TXO,202609F3,20260918.0,49400.0,Call,-,-,-,-,179.0,-,-,1,0,1,1,176,182,100,100
TXO,202609F3,20260918.0,49400.0,Put,-,-,-,-,2070.0,-,-,0,0,0,0,-,2110,-,-
TXO,202609F3,20260918.0,49500.0,Call,123,136,123,136,162.0,▲+51,▲+60.00%,0,6,6,6,159,165,136,123
TXO,202609F3,20260918.0,49500.0,Put,-,-,-,-,2160.0,-,-,0,0,0,0,-,2200,-,-
TXO,202609F3,20260918.0,49600.0,Call,-,-,-,-,147.0,-,-,0,0,0,0,144,150,-,-
TXO,202609F3,20260918.0,49600.0,Put,-,-,-,-,2240.0,-,-,0,0,0,0,-,-,-,-
TXO,202609F3,20260918.0,49700.0,Call,-,-,-,-,134.0,-,-,0,0,0,0,132,137,-,-
TXO,202609F3,20260918.0,49700.0,Put,-,-,-,-,2330.0,-,-,0,0,0,0,-,2410,-,-
TXO,202609F3,20260918.0,49800.0,Call,-,-,-,-,122.0,-,-,0,0,0,0,1.3,-,-,-
TXO,202609F3,20260918.0,49800.0,Put,-,-,-,-,2420.0,-,-,0,0,0,0,-,-,-,-
TXO,202609F3,20260918.0,49900.0,Call,100,110,100,109,109.0,▲+50,▲+84.75%,0,3,3,1,10,200,110,100
TXO,202609F3,20260918.0,49900.0,Put,-,-,-,-,2510.0,-,-,0,0,0,0,-,-,-,-
TXO,202609F3,20260918.0,50000.0,Call,79,100,79,97,97.0,▲+43,▲+79.63%,5,5,10,10,50,-,100,36.5
TXO,202609F3,20260918.0,50000.0,Put,-,-,-,-,2600.0,-,-,0,0,0,0,-,-,-,-
TXO,202609F3,20260918.0,50100.0,Call,-,-,-,-,92.0,-,-,0,0,0,2,1.3,-,51,44
TXO,202609F3,20260918.0,50100.0,Put,-,-,-,-,2690.0,-,-,0,0,0,0,-,2700,-,-
TXO,202609F3,20260918.0,50200.0,Call,-,-,-,-,83.0,-,-,0,0,0,0,81,85,-,-
TXO,202609F3,20260918.0,50200.0,Put,-,-,-,-,2780.0,-,-,0,0,0,0,-,-,-,-
TXO,202609F3,20260918.0,50300.0,Call,73,73,73,73,73.0,▲+31,▲+73.81%,0,1,1,1,73,77,73,73
TXO,202609F3,20260918.0,50300.0,Put,-,-,-,-,2870.0,-,-,0,0,0,0,-,2950,-,-
TXO,202609F3,20260918.0,50400.0,Call,-,-,-,-,67.0,-,-,0,0,0,1,66,69,31,31
TXO,202609F3,20260918.0,50400.0,Put,-,-,-,-,2960.0,-,-,0,0,0,0,-,3000,-,-
TXO,202609F3,20260918.0,50500.0,Call,-,-,-,-,61.0,-,-,1,0,1,2,60,63,41,29
TXO,202609F3,20260918.0,50500.0,Put,-,-,-,-,3060.0,-,-,0,0,0,0,-,-,-,-
TXO,202609F3,20260918.0,50600.0,Call,-,-,-,-,55.0,-,-,0,0,0,0,0.5,-,-,-
TXO,202609F3,20260918.0,50600.0,Put,-,-,-,-,3150.0,-,-,0,0,0,0,-,-,-,-
TXO,202609F3,20260918.0,50700.0,Call,-,-,-,-,51.0,-,-,0,0,0,0,49.5,52,-,-
TXO,202609F3,20260918.0,50700.0,Put,-,-,-,-,3240.0,-,-,0,0,0,0,-,3260,-,-
TXO,202609F3,20260918.0,50800.0,Call,32.5,32.5,32.5,32.5,45.5,▲+9.5,▲+41.30%,0,1,1,1,0.5,134,32.5,32.5
TXO,202609F3,20260918.0,50800.0,Put,-,-,-,-,3340.0,-,-,0,0,0,0,-,-,-,-
TXO,202609F3,20260918.0,50900.0,Call,-,-,-,-,42.0,-,-,0,0,0,0,0.3,-,-,-
TXO,202609F3,20260918.0,50900.0,Put,-,-,-,-,3440.0,-,-,0,0,0,0,-,3520,-,-
TXO,202609F3,20260918.0,51000.0,Call,-,-,-,-,38.5,-,-,0,0,0,0,2.5,-,-,-
TXO,202609F3,20260918.0,51000.0,Put,-,-,-,-,3530.0,-,-,0,0,0,0,-,3570,-,-
TXO,202609F3,20260918.0,51100.0,Call,32.5,32.5,32.5,32.5,35.5,▲+15,▲+85.71%,0,3,3,3,34.5,36.5,32.5,32.5
TXO,202609F3,20260918.0,51100.0,Put,-,-,-,-,3630.0,-,-,0,0,0,0,-,-,-,-
TXO,202609F3,20260918.0,51200.0,Call,-,-,-,-,32.5,-,-,0,0,0,0,2,-,-,-
TXO,202609F3,20260918.0,51200.0,Put,-,-,-,-,3730.0,-,-,0,0,0,0,-,-,-,-
TXO,202609F3,20260918.0,51300.0,Call,25,30.5,25,30.5,30.5,▲+16,▲+110.34%,0,3,3,3,27.5,-,30.5,25
TXO,202609F3,20260918.0,51300.0,Put,-,-,-,-,3820.0,-,-,0,0,0,0,-,3860,-,-
TXO,202610,20261021.0,33900.0,Call,-,-,-,-,13760.0,-,-,0,0,0,0,13690,-,-,-
TXO,202610,20261021.0,33900.0,Put,31,31,26.5,28.5,28.5,▼-3,▼-9.52%,50,45,95,207,28,30,400,20
TXO,202610,20261021.0,34000.0,Call,-,-,-,-,13660.0,-,-,0,0,0,0,-,-,-,-
TXO,202610,20261021.0,34000.0,Put,-,-,-,-,29.5,-,-,0,0,0,33,28.5,31.5,780,35
TXO,202610,20261021.0,34100.0,Call,-,-,-,-,13560.0,-,-,0,0,0,0,-,-,-,-
TXO,202610,20261021.0,34100.0,Put,-,-,-,-,30.0,-,-,0,0,0,9,29,32,105,56
TXO,202610,20261021.0,34200.0,Call,-,-,-,-,13460.0,-,-,0,0,0,0,-,-,-,-
TXO,202610,20261021.0,34200.0,Put,-,-,-,-,30.0,-,-,0,0,0,4,29.5,32.5,810,32
TXO,202610,20261021.0,34300.0,Call,-,-,-,-,13360.0,-,-,0,0,0,0,-,-,-,-
TXO,202610,20261021.0,34300.0,Put,-,-,-,-,30.5,-,-,0,0,0,0,0.5,-,-,-
TXO,202610,20261021.0,34400.0,Call,-,-,-,-,13260.0,-,-,0,0,0,0,-,-,-,-
TXO,202610,20261021.0,34400.0,Put,-,-,-,-,31.0,-,-,0,0,0,3,0.5,131,200,112
TXO,202610,20261021.0,34500.0,Call,-,-,-,-,13170.0,-,-,0,0,0,0,-,-,-,-
TXO,202610,20261021.0,34500.0,Put,-,-,-,-,32.0,-,-,0,0,0,24,31,34.5,116,54
TXO,202610,20261021.0,34600.0,Call,-,-,-,-,13070.0,-,-,0,0,0,0,-,-,-,-
TXO,202610,20261021.0,34600.0,Put,-,-,-,-,32.5,-,-,0,0,0,8,31.5,35,299,34
TXO,202610,20261021.0,34700.0,Call,-,-,-,-,12970.0,-,-,0,0,0,0,-,-,-,-
TXO,202610,20261021.0,34700.0,Put,30,30,30,30,33.0,▼-5.5,▼-15.49%,0,1,1,0,0.6,-,805,30
TXO,202610,20261021.0,34800.0,Call,-,-,-,-,12870.0,-,-,0,0,0,0,-,-,-,-
TXO,202610,20261021.0,34800.0,Put,-,-,-,-,33.5,-,-,0,0,0,6,33,36,314,36.5
TXO,202610,20261021.0,34900.0,Call,-,-,-,-,12770.0,-,-,0,0,0,0,12650,-,-,-
TXO,202610,20261021.0,34900.0,Put,35,35,35,35,34.0,▼-1.5,▼-4.11%,0,1,1,2,33.5,36.5,488,35
TXO,202610,20261021.0,35000.0,Call,-,-,-,-,12670.0,-,-,0,0,0,0,12600,-,-,-
TXO,202610,20261021.0,35000.0,Put,35.5,37,35,37,35.0,▲+0.5,▲+1.37%,2,9,11,106,35,36,1060,35
TXO,202610,20261021.0,35100.0,Call,-,-,-,-,12570.0,-,-,0,0,0,0,12450,-,-,-
TXO,202610,20261021.0,35100.0,Put,-,-,-,-,35.5,-,-,0,0,0,11,34.5,38,505,40
TXO,202610,20261021.0,35200.0,Call,-,-,-,-,12470.0,-,-,0,0,0,0,-,-,-,-
TXO,202610,20261021.0,35200.0,Put,-,-,-,-,36.0,-,-,0,0,0,8,0.7,-,151,39
TXO,202610,20261021.0,35300.0,Call,-,-,-,-,12370.0,-,-,0,0,0,0,12270,-,-,-
TXO,202610,20261021.0,35300.0,Put,37,37,37,37,37.0,▼-2.5,▼-6.33%,0,3,3,18,37,39,1070,37
TXO,202610,20261021.0,35400.0,Call,-,-,-,-,12270.0,-,-,0,0,0,0,-,-,-,-
TXO,202610,20261021.0,35400.0,Put,38,38,38,38,37.0,▼-2,▼-5.00%,0,3,3,8,0.8,-,1000,38
TXO,202610,20261021.0,35500.0,Call,-,-,-,-,12170.0,-,-,0,0,0,0,-,-,-,-
TXO,202610,20261021.0,35500.0,Put,38.5,40.5,37,37,37.0,▼-4,▼-9.76%,0,5,5,38,37,40,550,37
TXO,202610,20261021.0,35600.0,Call,-,-,-,-,12070.0,-,-,0,0,0,0,11970,-,-,-
TXO,202610,20261021.0,35600.0,Put,39,39,39,39,39.0,▼-2.5,▼-6.02%,0,5,5,15,37.5,41,150,39
TXO,202610,20261021.0,35700.0,Call,-,-,-,-,11970.0,-,-,0,0,0,0,-,-,-,-
TXO,202610,20261021.0,35700.0,Put,40.5,41,40.5,41,39.0,▼-1.5,▼-3.53%,0,5,5,9,38.5,41.5,300,40.5
TXO,202610,20261021.0,35800.0,Call,-,-,-,-,11880.0,-,-,0,0,0,0,-,-,-,-
TXO,202610,20261021.0,35800.0,Put,41.5,41.5,41,41,39.5,▼-2,▼-4.65%,0,4,4,4,39,42,405,41
TXO,202610,20261021.0,35900.0,Call,-,-,-,-,11780.0,-,-,0,0,0,0,11710,-,-,-
TXO,202610,20261021.0,35900.0,Put,-,-,-,-,40.0,-,-,0,0,0,4,39.5,43,182,51
TXO,202610,20261021.0,36000.0,Call,-,-,-,-,11680.0,-,-,0,0,0,0,-,-,-,-
TXO,202610,20261021.0,36000.0,Put,41,43,40.5,41.5,41.5,▼-3,▼-6.74%,0,7,7,53,41,142,1380,40.5
TXO,202610,20261021.0,36100.0,Call,-,-,-,-,11580.0,-,-,0,0,0,0,-,-,-,-
TXO,202610,20261021.0,36100.0,Put,-,-,-,-,42.0,-,-,0,0,0,2,1.2,141,690,61
TXO,202610,20261021.0,36200.0,Call,-,-,-,-,11480.0,-,-,0,0,0,0,-,-,-,-
TXO,202610,20261021.0,36200.0,Put,-,-,-,-,42.5,-,-,0,0,0,12,42,45,1120,44
TXO,202610,20261021.0,36300.0,Call,-,-,-,-,11380.0,-,-,0,0,0,0,-,-,-,-
TXO,202610,20261021.0,36300.0,Put,-,-,-,-,43.0,-,-,0,0,0,2,4.2,-,915,50
TXO,202610,20261021.0,36400.0,Call,-,-,-,-,11280.0,-,-,0,0,0,0,-,-,-,-
TXO,202610,20261021.0,36400.0,Put,-,-,-,-,44.0,-,-,0,0,0,32,30,-,401,50
TXO,202610,20261021.0,36500.0,Call,-,-,-,-,11180.0,-,-,0,0,0,0,11080,-,-,-
TXO,202610,20261021.0,36500.0,Put,-,-,-,-,44.5,-,-,1,0,1,21,44,47.5,1510,47
TXO,202610,20261021.0,36600.0,Call,-,-,-,-,11080.0,-,-,0,0,0,0,-,-,-,-
TXO,202610,20261021.0,36600.0,Put,-,-,-,-,45.5,-,-,0,0,0,20,1.6,145,1110,50
TXO,202610,20261021.0,36700.0,Call,-,-,-,-,10980.0,-,-,0,0,0,0,10920,-,-,-
TXO,202610,20261021.0,36700.0,Put,-,-,-,-,46.0,-,-,0,0,0,2,46,49,710,138
TXO,202610,20261021.0,36800.0,Call,-,-,-,-,10890.0,-,-,0,0,0,0,-,-,-,-
TXO,202610,20261021.0,36800.0,Put,50,50,50,50,47.0,▼-2,▼-3.85%,0,5,5,6,47,50,497,50
TXO,202610,20261021.0,36900.0,Call,-,-,-,-,10790.0,-,-,0,0,0,0,10670,-,-,-
TXO,202610,20261021.0,36900.0,Put,50,50,47.5,50,48.0,▼-3,▼-5.66%,0,9,9,15,1.8,147,1620,47.5
TXO,202610,20261021.0,37000.0,Call,-,-,-,-,10690.0,-,-,0,0,0,0,-,-,-,-
TXO,202610,20261021.0,37000.0,Put,50,50,50,50,50.0,▼-5,▼-9.09%,8,1,9,86,48.5,52,1010,45
TXO,202610,20261021.0,37100.0,Call,-,-,-,-,10590.0,-,-,0,0,0,0,-,-,-,-
TXO,202610,20261021.0,37100.0,Put,-,-,-,-,50.0,-,-,0,0,0,19,2,-,750,198
TXO,202610,20261021.0,37200.0,Call,-,-,-,-,10490.0,-,-,0,0,0,0,-,-,-,-
TXO,202610,20261021.0,37200.0,Put,50,50,50,50,50.0,▼-6,▼-10.71%,2,1,3,33,50,53,1460,50
TXO,202610,20261021.0,37300.0,Call,-,-,-,-,10390.0,-,-,0,0,0,0,-,-,-,-
TXO,202610,20261021.0,37300.0,Put,-,-,-,-,52.0,-,-,2,0,2,3,51,54,575,54
TXO,202610,20261021.0,37400.0,Call,-,-,-,-,10290.0,-,-,0,0,0,0,-,-,-,-
TXO,202610,20261021.0,37400.0,Put,50,54,50,53,53.0,▼-6,▼-10.17%,0,7,7,13,2.2,151,815,50
TXO,202610,20261021.0,37500.0,Call,-,-,-,-,10190.0,-,-,0,0,0,0,-,-,-,-
TXO,202610,20261021.0,37500.0,Put,58,58,53,53,53.0,▼-6,▼-10.17%,0,2,2,28,53,56,445,53
TXO,202610,20261021.0,37600.0,Call,-,-,-,-,10090.0,-,-,0,0,0,0,-,-,-,-
TXO,202610,20261021.0,37600.0,Put,-,-,-,-,54.0,-,-,0,0,0,8,54,57,850,66
TXO,202610,20261021.0,37700.0,Call,-,-,-,-,10000.0,-,-,0,0,0,0,-,-,-,-
TXO,202610,20261021.0,37700.0,Put,52,58,52,57,57.0,▼-3,▼-5.00%,4,8,12,14,20,154,300,52
TXO,202610,20261021.0,37800.0,Call,-,-,-,-,9900.0,-,-,0,0,0,0,-,-,-,-
TXO,202610,20261021.0,37800.0,Put,59,59,59,59,57.0,▼-4,▼-6.35%,0,1,1,5,57,60,945,59
TXO,202610,20261021.0,37900.0,Call,-,-,-,-,9800.0,-,-,0,0,0,0,9700,-,-,-
TXO,202610,20261021.0,37900.0,Put,58,58,58,58,58.0,▼-7,▼-10.77%,2,1,3,55,58,61,900,58
TXO,202610,20261021.0,38000.0,Call,-,-,-,-,9700.0,-,-,0,0,0,0,-,-,-,-
TXO,202610,20261021.0,38000.0,Put,65,65,59,60,60.0,▼-6,▼-9.09%,2,34,36,91,59,62,2000,59
TXO,202610,20261021.0,38100.0,Call,-,-,-,-,9600.0,-,-,0,0,0,0,9490,-,-,-
TXO,202610,20261021.0,38100.0,Put,-,-,-,-,61.0,-,-,0,0,0,41,60,63,1380,76
TXO,202610,20261021.0,38200.0,Call,-,-,-,-,9500.0,-,-,0,0,0,0,-,-,-,-
TXO,202610,20261021.0,38200.0,Put,-,-,-,-,62.0,-,-,0,0,0,3,62,65,1020,70
TXO,202610,20261021.0,38300.0,Call,-,-,-,-,9400.0,-,-,0,0,0,0,-,-,-,-
TXO,202610,20261021.0,38300.0,Put,-,-,-,-,63.0,-,-,0,0,0,0,63,66,-,-
TXO,202610,20261021.0,38400.0,Call,-,-,-,-,9310.0,-,-,0,0,0,0,-,-,-,-
TXO,202610,20261021.0,38400.0,Put,-,-,-,-,64.0,-,-,0,0,0,2,3,-,1930,9.6
TXO,202610,20261021.0,38500.0,Call,-,-,-,-,9210.0,-,-,0,0,0,0,9110,-,-,-
TXO,202610,20261021.0,38500.0,Put,63,70,63,69,66.0,▼-6,▼-8.00%,33,19,52,59,66,69,2100,63
TXO,202610,20261021.0,38600.0,Call,-,-,-,-,9110.0,-,-,0,0,0,0,9000,-,-,-
TXO,202610,20261021.0,38600.0,Put,-,-,-,-,68.0,-,-,0,0,0,7,68,72,422,95
TXO,202610,20261021.0,38700.0,Call,-,-,-,-,9010.0,-,-,0,0,0,0,8900,-,-,-
TXO,202610,20261021.0,38700.0,Put,-,-,-,-,69.0,-,-,1,0,1,8,69,73,2230,76
TXO,202610,20261021.0,38800.0,Call,-,-,-,-,8910.0,-,-,0,0,0,0,8880,-,-,-
TXO,202610,20261021.0,38800.0,Put,75,75,75,75,71.0,▼-7,▼-8.54%,0,1,1,6,3.3,76,610,75
TXO,202610,20261021.0,38900.0,Call,-,-,-,-,8820.0,-,-,1,0,1,0,8720,-,8230,8230
TXO,202610,20261021.0,38900.0,Put,73,73,73,73,73.0,▼-11,▼-13.10%,1,1,2,9,3.2,78,690,73
TXO,202610,20261021.0,39000.0,Call,-,-,-,-,8720.0,-,-,0,0,0,0,-,-,-,-
TXO,202610,20261021.0,39000.0,Put,76,78,75,75,75.0,▼-13,▼-14.77%,31,13,44,108,75,79,1790,67
TXO,202610,20261021.0,39100.0,Call,-,-,-,-,8620.0,-,-,0,0,0,0,-,-,-,-
TXO,202610,20261021.0,39100.0,Put,80,80,80,80,77.0,▼-12,▼-13.04%,0,1,1,3,77,81,820,80
TXO,202610,20261021.0,39200.0,Call,-,-,-,-,8520.0,-,-,0,0,0,0,-,-,-,-
TXO,202610,20261021.0,39200.0,Put,81,81,81,81,81.0,▼-14,▼-14.74%,0,1,1,4,79,83,140,81
TXO,202610,20261021.0,39300.0,Call,-,-,-,-,8420.0,-,-,0,0,0,0,8390,-,-,-
TXO,202610,20261021.0,39300.0,Put,-,-,-,-,83.0,-,-,0,0,0,2,81,86,525,95
TXO,202610,20261021.0,39400.0,Call,-,-,-,-,8330.0,-,-,0,0,0,0,-,-,-,-
TXO,202610,20261021.0,39400.0,Put,85,85,85,85,85.0,▼-13,▼-13.27%,3,1,4,33,83,88,545,85
TXO,202610,20261021.0,39500.0,Call,-,-,-,-,8230.0,-,-,0,0,0,0,-,-,-,-
TXO,202610,20261021.0,39500.0,Put,85,88,85,88,88.0,▼-16,▼-15.38%,2,6,8,32,85,90,995,85
TXO,202610,20261021.0,39600.0,Call,-,-,-,-,8130.0,-,-,0,0,0,0,-,-,-,-
TXO,202610,20261021.0,39600.0,Put,91,94,91,94,89.0,▼-11,▼-10.48%,1,2,3,5,88,93,1300,91
TXO,202610,20261021.0,39700.0,Call,-,-,-,-,8030.0,-,-,0,0,0,0,-,-,-,-
TXO,202610,20261021.0,39700.0,Put,90,90,90,90,90.0,▼-19,▼-17.43%,0,1,1,2,80,184,665,90
TXO,202610,20261021.0,39800.0,Call,-,-,-,-,7940.0,-,-,0,0,0,0,-,-,-,-
TXO,202610,20261021.0,39800.0,Put,93,93,93,93,93.0,▼-19,▼-16.96%,1,1,2,4,93,98,585,93
TXO,202610,20261021.0,39900.0,Call,-,-,-,-,7840.0,-,-,0,0,0,3,-,7940,6680,3150
TXO,202610,20261021.0,39900.0,Put,95,95,95,95,95.0,▼-20,▼-17.39%,0,1,1,10,96,101,2760,95
TXO,202610,20261021.0,40000.0,Call,-,-,-,-,7740.0,-,-,0,0,0,0,-,-,-,-
TXO,202610,20261021.0,40000.0,Put,96,105,92,101,101.0,▼-19,▼-15.83%,62,55,117,326,100,103,2490,92
TXO,202610,20261021.0,40100.0,Call,-,-,-,-,7650.0,-,-,0,0,0,0,-,-,-,-
TXO,202610,20261021.0,40100.0,Put,109,109,109,109,102.0,▼-14,▼-11.38%,2,1,3,13,48,-,660,109
TXO,202610,20261021.0,40200.0,Call,-,-,-,-,7550.0,-,-,0,0,0,0,-,-,-,-
TXO,202610,20261021.0,40200.0,Put,-,-,-,-,105.0,-,-,0,0,0,14,90,225,630,125
TXO,202610,20261021.0,40300.0,Call,-,-,-,-,7450.0,-,-,0,0,0,0,7400,-,-,-
TXO,202610,20261021.0,40300.0,Put,107,107,107,107,107.0,▼-24,▼-18.32%,0,1,1,3,2.8,209,2940,107
TXO,202610,20261021.0,40400.0,Call,-,-,-,-,7360.0,-,-,0,0,0,0,7250,-,-,-
TXO,202610,20261021.0,40400.0,Put,-,-,-,-,112.0,-,-,0,0,0,2,112,118,300,201
TXO,202610,20261021.0,40500.0,Call,-,-,-,-,7260.0,-,-,0,0,0,0,-,-,-,-
TXO,202610,20261021.0,40500.0,Put,-,-,-,-,116.0,-,-,6,0,6,23,115,120,2730,128
TXO,202610,20261021.0,40600.0,Call,-,-,-,-,7170.0,-,-,0,0,0,0,7060,-,-,-
TXO,202610,20261021.0,40600.0,Put,-,-,-,-,120.0,-,-,1,0,1,21,120,127,1260,142
TXO,202610,20261021.0,40700.0,Call,-,-,-,-,7070.0,-,-,0,0,0,0,6980,-,-,-
TXO,202610,20261021.0,40700.0,Put,-,-,-,-,124.0,-,-,0,0,0,3,123,129,1540,265
TXO,202610,20261021.0,40800.0,Call,-,-,-,-,6980.0,-,-,0,0,0,1,-,7070,5680,3010
TXO,202610,20261021.0,40800.0,Put,139,139,135,135,129.0,▼-25,▼-15.63%,0,2,2,3,34,229,2920,135
TXO,202610,20261021.0,40900.0,Call,-,-,-,-,6880.0,-,-,0,0,0,0,6790,-,-,-
TXO,202610,20261021.0,40900.0,Put,-,-,-,-,133.0,-,-,0,0,0,7,133,140,3100,172
TXO,202610,20261021.0,41000.0,Call,-,-,-,-,6780.0,-,-,0,0,0,0,6680,-,4060,2930
TXO,202610,20261021.0,41000.0,Put,139,151,135,151,137.0,▼-19,▼-11.18%,39,24,63,142,137,-,3020,135
TXO,202610,20261021.0,41100.0,Call,-,-,-,-,6690.0,-,-,0,0,0,0,-,-,-,-
TXO,202610,20261021.0,41100.0,Put,-,-,-,-,143.0,-,-,0,0,0,6,35.5,-,2590,238
TXO,202610,20261021.0,41200.0,Call,-,-,-,-,6600.0,-,-,0,0,0,0,-,-,4840,3580
TXO,202610,20261021.0,41200.0,Put,155,156,155,156,148.0,▼-32,▼-17.02%,0,2,2,6,146,154,2540,155
TXO,202610,20261021.0,41300.0,Call,-,-,-,-,6500.0,-,-,0,0,0,0,-,-,-,-
TXO,202610,20261021.0,41300.0,Put,162,162,162,162,153.0,▼-33,▼-16.92%,0,1,1,29,46,247,760,162
TXO,202610,20261021.0,41400.0,Call,-,-,-,-,6410.0,-,-,0,0,0,0,6320,-,-,-
TXO,202610,20261021.0,41400.0,Put,-,-,-,-,159.0,-,-,1,0,1,2,157,165,800,186
TXO,202610,20261021.0,41500.0,Call,-,-,-,-,6310.0,-,-,0,0,0,0,6210,-,-,-
TXO,202610,20261021.0,41500.0,Put,175,175,168,170,170.0,▼-43,▼-20.19%,4,5,9,30,-,-,2280,168
TXO,202610,20261021.0,41600.0,Call,-,-,-,-,6220.0,-,-,0,0,0,1,6060,-,3210,3210
TXO,202610,20261021.0,41600.0,Put,-,-,-,-,172.0,-,-,5,0,5,10,170,178,2550,206
TXO,202610,20261021.0,41700.0,Call,-,-,-,-,6130.0,-,-,0,0,0,0,6040,-,-,-
TXO,202610,20261021.0,41700.0,Put,-,-,-,-,178.0,-,-,2,0,2,7,70,271,975,200
TXO,202610,20261021.0,41800.0,Call,-,-,-,-,6030.0,-,-,0,0,0,0,5930,-,-,-
TXO,202610,20261021.0,41800.0,Put,198,198,198,198,185.0,▼-41,▼-17.15%,0,2,2,8,183,191,2140,198
TXO,202610,20261021.0,41900.0,Call,-,-,-,-,5940.0,-,-,0,0,0,0,-,-,-,-
TXO,202610,20261021.0,41900.0,Put,-,-,-,-,192.0,-,-,0,0,0,5,-,284,2830,302
TXO,202610,20261021.0,42000.0,Call,-,-,-,-,5850.0,-,-,0,0,0,0,5760,-,-,-
TXO,202610,20261021.0,42000.0,Put,198,219,186,202,202.0,▼-53,▼-20.78%,20,22,42,153,198,222,3500,186
TXO,202610,20261021.0,42100.0,Call,-,-,-,-,5760.0,-,-,0,0,0,0,-,-,-,-
TXO,202610,20261021.0,42100.0,Put,207,207,207,207,207.0,▼-60,▼-22.47%,0,1,1,1,-,-,640,207
TXO,202610,20261021.0,42200.0,Call,-,-,-,-,5670.0,-,-,0,0,0,2,5580,-,4200,2000
TXO,202610,20261021.0,42200.0,Put,230,230,230,230,216.0,▼-40,▼-14.81%,1,1,2,8,214,223,2120,230
TXO,202610,20261021.0,42300.0,Call,-,-,-,-,5570.0,-,-,0,0,0,0,5470,-,-,-
TXO,202610,20261021.0,42300.0,Put,-,-,-,-,224.0,-,-,0,0,0,4,221,231,985,381
TXO,202610,20261021.0,42400.0,Call,5310,5310,5310,5310,5480.0,▲+550,▲+11.55%,0,1,1,1,5350,-,5310,2960
TXO,202610,20261021.0,42400.0,Put,-,-,-,-,233.0,-,-,1,0,1,2,231,241,3760,296
TXO,202610,20261021.0,42500.0,Call,-,-,-,-,5390.0,-,-,0,0,0,0,-,-,5210,2120
TXO,202610,20261021.0,42500.0,Put,244,248,242,244,244.0,▼-71,▼-22.54%,9,8,17,94,242,250,1850,242
TXO,202610,20261021.0,42600.0,Call,-,-,-,-,5300.0,-,-,0,0,0,0,-,-,-,-
TXO,202610,20261021.0,42600.0,Put,255,258,251,258,258.0,▼-63,▼-19.63%,6,7,13,16,251,260,1150,251
TXO,202610,20261021.0,42700.0,Call,-,-,-,-,5210.0,-,-,0,0,0,0,-,-,-,-
TXO,202610,20261021.0,42700.0,Put,271,271,271,271,271.0,▼-73,▼-21.22%,3,2,5,10,260,271,1870,271
TXO,202610,20261021.0,42800.0,Call,-,-,-,-,5120.0,-,-,0,0,0,0,5040,-,-,-
TXO,202610,20261021.0,42800.0,Put,281,281,275,275,275.0,▼-80,▼-22.54%,0,5,5,5,270,281,3100,275
TXO,202610,20261021.0,42900.0,Call,-,-,-,-,5030.0,-,-,0,0,0,0,-,-,4410,3070
TXO,202610,20261021.0,42900.0,Put,-,-,-,-,283.0,-,-,0,0,0,1,281,292,3050,361
TXO,202610,20261021.0,43000.0,Call,-,-,-,-,4950.0,-,-,0,0,0,1,4860,4980,3230,3230
TXO,202610,20261021.0,43000.0,Put,280,312,280,300,300.0,▼-90,▼-23.08%,71,22,93,177,294,303,4200,280
TXO,202610,20261021.0,43100.0,Call,-,-,-,-,4860.0,-,-,0,0,0,0,4810,-,-,-
TXO,202610,20261021.0,43100.0,Put,340,340,340,340,306.0,▼-60,▼-15.00%,0,2,2,10,196,-,1390,340
TXO,202610,20261021.0,43200.0,Call,-,-,-,-,4770.0,-,-,0,0,0,0,4720,-,3750,2950
TXO,202610,20261021.0,43200.0,Put,330,330,330,330,330.0,▼-82,▼-19.90%,2,2,4,36,317,329,1000,326
TXO,202610,20261021.0,43300.0,Call,-,-,-,-,4680.0,-,-,0,0,0,0,4590,-,-,-
TXO,202610,20261021.0,43300.0,Put,360,360,341,341,341.0,▼-80,▼-19.00%,1,5,6,6,250,467,1470,341
TXO,202610,20261021.0,43400.0,Call,-,-,-,-,4600.0,-,-,0,0,0,0,-,-,3610,2880
TXO,202610,20261021.0,43400.0,Put,341,341,341,341,341.0,▼-113,▼-24.89%,0,1,1,6,343,356,2890,341
TXO,202610,20261021.0,43500.0,Call,-,-,-,-,4510.0,-,-,0,0,0,0,-,-,3100,1570
TXO,202610,20261021.0,43500.0,Put,383,383,383,383,359.0,▼-88,▼-18.68%,33,1,34,194,357,370,3050,383
TXO,202610,20261021.0,43600.0,Call,-,-,-,-,4420.0,-,-,0,0,0,1,-,4520,2840,2840
TXO,202610,20261021.0,43600.0,Put,-,-,-,-,372.0,-,-,0,0,0,19,371,384,2850,484
TXO,202610,20261021.0,43700.0,Call,4280,4280,4280,4280,4340.0,▲+610,▲+16.62%,0,1,1,1,-,4430,4280,2940
TXO,202610,20261021.0,43700.0,Put,400,400,400,400,400.0,▼-115,▼-22.33%,1,2,3,45,386,400,2920,400
TXO,202610,20261021.0,43800.0,Call,-,-,-,-,4260.0,-,-,1,0,1,3,-,4350,3740,1650
TXO,202610,20261021.0,43800.0,Put,401,403,401,403,403.0,▼-127,▼-23.96%,0,2,2,19,402,416,3100,401
TXO,202610,20261021.0,43900.0,Call,-,-,-,-,4170.0,-,-,1,0,1,1,4090,-,3660,2720
TXO,202610,20261021.0,43900.0,Put,452,452,452,452,419.0,▼-98,▼-17.82%,0,2,2,56,308,540,3140,452
TXO,202610,20261021.0,44000.0,Call,-,-,-,-,4090.0,-,-,0,0,0,6,-,4180,3460,1520
TXO,202610,20261021.0,44000.0,Put,423,455,423,440,440.0,▼-120,▼-21.43%,15,27,42,383,200,545,2770,423
TXO,202610,20261021.0,44100.0,Call,-,-,-,-,4010.0,-,-,0,0,0,1,3930,4100,2750,1540
TXO,202610,20261021.0,44100.0,Put,-,-,-,-,453.0,-,-,0,0,0,46,447,461,3230,560
TXO,202610,20261021.0,44200.0,Call,-,-,-,-,3920.0,-,-,0,0,0,1,3800,-,2730,2730
TXO,202610,20261021.0,44200.0,Put,-,-,-,-,471.0,-,-,2,0,2,5,359,620,2730,580
TXO,202610,20261021.0,44300.0,Call,-,-,-,-,3840.0,-,-,1,0,1,0,-,-,3340,3340
TXO,202610,20261021.0,44300.0,Put,500,500,500,500,500.0,▼-140,▼-21.88%,0,1,1,15,486,500,2040,500
TXO,202610,20261021.0,44400.0,Call,-,-,-,-,3760.0,-,-,0,0,0,4,-,3860,2960,1410
TXO,202610,20261021.0,44400.0,Put,-,-,-,-,510.0,-,-,0,0,0,24,505,520,2180,630
TXO,202610,20261021.0,44500.0,Call,-,-,-,-,3680.0,-,-,0,0,0,1,-,-,3070,1900
TXO,202610,20261021.0,44500.0,Put,505,555,505,525,525.0,▼-165,▼-23.91%,5,37,42,40,525,540,4990,505
TXO,202610,20261021.0,44600.0,Call,-,-,-,-,3610.0,-,-,1,0,1,0,-,-,3110,3110
TXO,202610,20261021.0,44600.0,Put,515,580,515,575,550.0,▼-140,▼-19.58%,0,11,11,62,545,560,1190,515
TXO,202610,20261021.0,44700.0,Call,-,-,-,-,3530.0,-,-,0,0,0,9,3450,-,3380,1350
TXO,202610,20261021.0,44700.0,Put,590,590,575,575,575.0,▼-165,▼-22.30%,2,4,6,12,565,580,2050,575
TXO,202610,20261021.0,44800.0,Call,-,-,-,-,3450.0,-,-,2,0,2,133,3370,-,2950,1830
TXO,202610,20261021.0,44800.0,Put,600,600,600,600,600.0,▼-170,▼-22.08%,0,2,2,7,585,600,2220,600
TXO,202610,20261021.0,44900.0,Call,-,-,-,-,3370.0,-,-,2,0,2,0,3290,-,2870,1950
TXO,202610,20261021.0,44900.0,Put,630,645,595,610,610.0,▼-190,▼-23.75%,2,33,35,36,530,725,1390,595
TXO,202610,20261021.0,45000.0,Call,3300,3300,3300,3300,3300.0,▲+600,▲+22.22%,2,1,3,5,3220,-,3300,1600
TXO,202610,20261021.0,45000.0,Put,605,665,605,645,645.0,▼-170,▼-20.86%,45,32,77,110,630,660,2760,605
TXO,202610,20261021.0,45100.0,Call,3100,3100,3100,3100,3220.0,▲+490,▲+18.77%,0,30,30,2,3170,-,3100,2020
TXO,202610,20261021.0,45100.0,Put,-,-,-,-,660.0,-,-,2,0,2,12,-,820,2640,815
TXO,202610,20261021.0,45200.0,Call,-,-,-,-,3140.0,-,-,0,0,0,1,3070,-,2910,1670
TXO,202610,20261021.0,45200.0,Put,680,680,680,680,680.0,▼-215,▼-24.02%,1,1,2,9,-,-,3950,680
TXO,202610,20261021.0,45300.0,Call,2700,2700,2700,2700,3070.0,▲+200,▲+8.00%,5,1,6,1,2990,-,2700,1130
TXO,202610,20261021.0,45300.0,Put,-,-,-,-,715.0,-,-,0,0,0,3,700,720,2510,915
TXO,202610,20261021.0,45400.0,Call,-,-,-,-,3000.0,-,-,0,0,0,1,-,-,3120,1820
TXO,202610,20261021.0,45400.0,Put,735,750,735,750,750.0,▼-200,▼-21.05%,2,2,4,7,735,760,1370,735
TXO,202610,20261021.0,45500.0,Call,-,-,-,-,2920.0,-,-,5,0,5,8,2850,-,2670,1160
TXO,202610,20261021.0,45500.0,Put,740,795,740,795,765.0,▼-205,▼-20.50%,2,17,19,38,655,-,1780,740
TXO,202610,20261021.0,45600.0,Call,2800,2800,2770,2770,2850.0,▲+470,▲+20.43%,0,2,2,3,1700,-,2800,1700
TXO,202610,20261021.0,45600.0,Put,-,-,-,-,795.0,-,-,0,0,0,8,790,815,2470,830
TXO,202610,20261021.0,45700.0,Call,-,-,-,-,2780.0,-,-,0,0,0,15,2750,2800,2180,1550
TXO,202610,20261021.0,45700.0,Put,830,830,830,830,830.0,▼-240,▼-22.43%,9,9,18,15,5,965,1310,830
TXO,202610,20261021.0,45800.0,Call,2640,2640,2640,2640,2710.0,▲+470,▲+21.66%,0,1,1,37,2680,2730,2640,1600
TXO,202610,20261021.0,45800.0,Put,875,875,875,875,875.0,▼-205,▼-18.98%,0,1,1,12,840,865,2230,875
TXO,202610,20261021.0,45900.0,Call,-,-,-,-,2640.0,-,-,0,0,0,15,-,-,2250,1160
TXO,202610,20261021.0,45900.0,Put,905,905,905,905,880.0,▼-235,▼-20.61%,0,1,1,9,870,895,1410,905
TXO,202610,20261021.0,46000.0,Call,2560,2590,2560,2590,2590.0,▲+540,▲+26.34%,8,2,10,23,2550,2590,2680,970
TXO,202610,20261021.0,46000.0,Put,990,990,890,940,915.0,▼-240,▼-20.34%,6,51,57,77,905,930,3660,890
TXO,202610,20261021.0,46100.0,Call,2380,2380,2380,2380,2500.0,▲+390,▲+19.60%,0,5,5,47,2350,-,2520,1510
TXO,202610,20261021.0,46100.0,Put,985,985,985,985,945.0,▼-235,▼-19.26%,0,1,1,13,935,960,2260,985
TXO,202610,20261021.0,46200.0,Call,2370,2370,2370,2370,2440.0,▲+440,▲+22.80%,1,1,2,7,2430,2470,2370,1340
TXO,202610,20261021.0,46200.0,Put,970,970,970,970,970.0,▼-290,▼-23.02%,1,1,2,12,5,1080,2690,970
TXO,202610,20261021.0,46300.0,Call,-,-,-,-,2370.0,-,-,0,0,0,38,2360,2390,2420,1460
TXO,202610,20261021.0,46300.0,Put,-,-,-,-,1020.0,-,-,0,0,0,15,1010,1030,2900,1370
TXO,202610,20261021.0,46400.0,Call,-,-,-,-,2310.0,-,-,4,0,4,13,2180,-,2400,790
TXO,202610,20261021.0,46400.0,Put,-,-,-,-,1050.0,-,-,0,0,0,4,1040,1060,1840,1530
TXO,202610,20261021.0,46500.0,Call,2200,2230,2180,2180,2240.0,▲+430,▲+24.57%,3,5,8,48,2230,2260,2230,980
TXO,202610,20261021.0,46500.0,Put,1040,1130,1040,1090,1090.0,▼-290,▼-21.01%,2,92,94,96,-,1200,1930,1040
TXO,202610,20261021.0,46600.0,Call,2060,2160,2000,2120,2180.0,▲+420,▲+24.71%,0,5,5,55,-,-,2160,1280
TXO,202610,20261021.0,46600.0,Put,1170,1170,1130,1130,1130.0,▼-300,▼-20.98%,0,2,2,2,1120,1140,1460,1130
TXO,202610,20261021.0,46700.0,Call,-,-,-,-,2120.0,-,-,0,0,0,11,2110,2140,1890,1330
TXO,202610,20261021.0,46700.0,Put,1200,1200,1200,1200,1160.0,▼-270,▼-18.37%,0,4,4,1,1150,1180,1830,1200
TXO,202610,20261021.0,46800.0,Call,2090,2090,2030,2030,2060.0,▲+440,▲+27.67%,0,4,4,10,1920,-,2150,905
TXO,202610,20261021.0,46800.0,Put,-,-,-,-,1200.0,-,-,1,0,1,2,1190,1210,2420,1390
TXO,202610,20261021.0,46900.0,Call,1910,1920,1910,1920,2000.0,▲+390,▲+25.49%,2,2,4,15,-,2070,1940,1300
TXO,202610,20261021.0,46900.0,Put,-,-,-,-,1240.0,-,-,0,0,0,0,1230,1260,4010,3120
TXO,202610,20261021.0,47000.0,Call,1680,1950,1680,1920,1920.0,▲+450,▲+30.61%,16,29,45,252,1920,1950,2260,865
TXO,202610,20261021.0,47000.0,Put,1310,1320,1270,1310,1280.0,▼-320,▼-19.63%,1,53,54,54,1230,1410,4240,1270
TXO,202610,20261021.0,47100.0,Call,-,-,-,-,1890.0,-,-,0,0,0,15,1870,1900,1780,1030
TXO,202610,20261021.0,47100.0,Put,-,-,-,-,1330.0,-,-,0,0,0,1,1310,1340,1600,1600
TXO,202610,20261021.0,47200.0,Call,1580,1580,1580,1580,1830.0,▲+180,▲+12.86%,4,1,5,18,1810,1840,2250,1000
TXO,202610,20261021.0,47200.0,Put,-,-,-,-,1370.0,-,-,4,0,4,3,1360,1390,1630,1500
TXO,202610,20261021.0,47300.0,Call,1690,1750,1690,1750,1750.0,▲+420,▲+31.58%,0,7,7,21,2.2,1840,1750,775
TXO,202610,20261021.0,47300.0,Put,1450,1450,1430,1430,1430.0,▼-330,▼-18.75%,0,4,4,7,-,1540,2130,1430
TXO,202610,20261021.0,47400.0,Call,1630,1680,1630,1680,1720.0,▲+400,▲+31.25%,1,4,5,16,1700,1730,2030,880
TXO,202610,20261021.0,47400.0,Put,1540,1540,1540,1540,1460.0,▼-270,▼-14.92%,0,6,6,7,1440,1470,1900,1540
TXO,202610,20261021.0,47500.0,Call,1450,1580,1450,1580,1660.0,▲+340,▲+27.42%,1,11,12,103,1640,1670,2040,745
TXO,202610,20261021.0,47500.0,Put,1440,1590,1440,1550,1500.0,▼-310,▼-16.67%,0,12,12,13,1490,1520,2300,1440
TXO,202610,20261021.0,47600.0,Call,1530,1600,1520,1560,1610.0,▲+370,▲+31.09%,0,16,16,17,1590,1620,1600,835
TXO,202610,20261021.0,47600.0,Put,1640,1640,1580,1580,1550.0,▼-340,▼-17.71%,0,12,12,12,1540,1570,1640,1580
TXO,202610,20261021.0,47700.0,Call,1480,1480,1480,1480,1560.0,▲+340,▲+29.82%,1,6,7,26,740,1640,2100,655
TXO,202610,20261021.0,47700.0,Put,1690,1690,1690,1690,1600.0,▼-280,▼-14.21%,0,6,6,6,1580,1610,1690,1690
TXO,202610,20261021.0,47800.0,Call,1430,1430,1430,1430,1510.0,▲+340,▲+31.19%,0,6,6,16,1490,1520,1740,635
TXO,202610,20261021.0,47800.0,Put,1740,1740,1740,1740,1650.0,▼-290,▼-14.29%,0,6,6,6,1630,1660,1740,1740
TXO,202610,20261021.0,47900.0,Call,1380,1380,1370,1370,1460.0,▲+310,▲+29.25%,4,11,15,19,-,1520,1380,800
TXO,202610,20261021.0,47900.0,Put,1790,1790,1790,1790,1700.0,▼-300,▼-14.35%,0,6,6,6,-,1830,1790,1790
TXO,202610,20261021.0,48000.0,Call,1280,1430,1240,1380,1410.0,▲+360,▲+35.29%,9,27,36,96,1200,1480,1780,580
TXO,202610,20261021.0,48000.0,Put,1720,1840,1720,1770,1740.0,▼-380,▼-17.67%,1,11,12,15,1730,1760,4790,1720
TXO,202610,20261021.0,48100.0,Call,1300,1300,1300,1300,1360.0,▲+310,▲+31.31%,0,2,2,13,1340,1370,1630,705
TXO,202610,20261021.0,48100.0,Put,1880,1880,1880,1880,1800.0,▼-330,▼-14.93%,0,1,1,1,1780,1810,1880,1880
TXO,202610,20261021.0,48200.0,Call,1220,1300,1100,1300,1300.0,▲+360,▲+38.30%,1,7,8,8,-,1390,1550,680
TXO,202610,20261021.0,48200.0,Put,1930,1930,1930,1930,1850.0,▼-340,▼-14.98%,0,1,1,1,1830,1860,1930,1930
TXO,202610,20261021.0,48300.0,Call,-,-,-,-,1260.0,-,-,3,0,3,16,-,1340,1060,720
TXO,202610,20261021.0,48300.0,Put,1990,1990,1990,1990,1900.0,▼-340,▼-14.59%,0,1,1,1,1890,1920,1990,1990
TXO,202610,20261021.0,48400.0,Call,-,-,-,-,1210.0,-,-,2,0,2,14,1200,1230,1220,685
TXO,202610,20261021.0,48400.0,Put,2040,2050,2040,2050,1950.0,▼-340,▼-14.23%,0,4,4,4,-,2100,2050,2040
TXO,202610,20261021.0,48500.0,Call,1180,1190,1130,1160,1160.0,▲+315,▲+37.28%,2,15,17,11,-,1260,1510,610
TXO,202610,20261021.0,48500.0,Put,2070,2070,2070,2070,2010.0,▼-380,▼-15.51%,0,2,2,2,-,2150,2070,2070
TXO,202610,20261021.0,48600.0,Call,1120,1120,1120,1120,1120.0,▲+325,▲+40.88%,2,1,3,5,-,1210,1120,600
TXO,202610,20261021.0,48600.0,Put,-,-,-,-,2070.0,-,-,0,0,0,0,-,-,-,-
TXO,202610,20261021.0,48700.0,Call,920,1100,920,1100,1100.0,▲+340,▲+44.74%,15,20,35,21,1070,1090,1100,540
TXO,202610,20261021.0,48700.0,Put,-,-,-,-,2130.0,-,-,0,0,0,0,-,-,2420,2420
TXO,202610,20261021.0,48800.0,Call,1010,1010,1010,1010,1050.0,▲+280,▲+38.36%,1,12,13,58,1030,1050,1240,500
TXO,202610,20261021.0,48800.0,Put,-,-,-,-,2180.0,-,-,0,0,0,0,-,-,-,-
TXO,202610,20261021.0,48900.0,Call,-,-,-,-,1000.0,-,-,0,0,0,7,-,1090,805,387
TXO,202610,20261021.0,48900.0,Put,-,-,-,-,2240.0,-,-,0,0,0,0,-,-,-,-
TXO,202610,20261021.0,49000.0,Call,790,960,780,955,955.0,▲+270,▲+39.42%,3,35,38,33,950,970,1300,412
TXO,202610,20261021.0,49000.0,Put,2350,2350,2350,2350,2300.0,▼-450,▼-16.07%,0,1,1,5,-,2330,5700,2350
TXO,202610,20261021.0,49100.0,Call,940,940,910,910,910.0,▲+260,▲+40.00%,0,2,2,56,910,935,940,458
TXO,202610,20261021.0,49100.0,Put,-,-,-,-,2360.0,-,-,0,0,0,0,-,2400,-,-
TXO,202610,20261021.0,49200.0,Call,745,850,700,850,890.0,▲+235,▲+38.21%,3,9,12,8,875,895,1390,346
TXO,202610,20261021.0,49200.0,Put,-,-,-,-,2430.0,-,-,0,0,0,0,-,-,-,-
TXO,202610,20261021.0,49300.0,Call,700,700,700,700,855.0,▲+125,▲+21.74%,0,1,1,11,-,945,1010,475
TXO,202610,20261021.0,49300.0,Put,-,-,-,-,2490.0,-,-,0,0,0,0,-,-,-,-
TXO,202610,20261021.0,49400.0,Call,725,840,725,775,820.0,▲+215,▲+38.39%,3,6,9,16,805,825,990,389
TXO,202610,20261021.0,49400.0,Put,-,-,-,-,2550.0,-,-,0,0,0,0,-,-,-,-
TXO,202610,20261021.0,49500.0,Call,730,800,730,755,785.0,▲+225,▲+42.45%,11,5,16,47,770,790,1410,380
TXO,202610,20261021.0,49500.0,Put,-,-,-,-,2620.0,-,-,0,0,0,0,-,2670,-,-
TXO,202610,20261021.0,49600.0,Call,760,760,760,760,760.0,▲+255,▲+50.50%,0,1,1,13,605,860,760,283
TXO,202610,20261021.0,49600.0,Put,-,-,-,-,2690.0,-,-,0,0,0,0,-,2740,-,-
TXO,202610,20261021.0,49700.0,Call,-,-,-,-,720.0,-,-,13,0,13,14,575,815,940,267
TXO,202610,20261021.0,49700.0,Put,-,-,-,-,2750.0,-,-,0,0,0,0,-,-,-,-
TXO,202610,20261021.0,49800.0,Call,-,-,-,-,690.0,-,-,7,0,7,6,545,795,575,265
TXO,202610,20261021.0,49800.0,Put,-,-,-,-,2820.0,-,-,0,0,0,0,-,-,-,-
TXO,202610,20261021.0,49900.0,Call,540,670,540,670,670.0,▲+232,▲+52.97%,5,2,7,11,515,765,850,265
TXO,202610,20261021.0,49900.0,Put,2880,2880,2880,2880,2880.0,▼-580,▼-16.76%,0,1,1,1,-,3010,2880,2880
TXO,202610,20261021.0,50000.0,Call,535,640,515,620,620.0,▲+206,▲+49.76%,68,76,144,254,550,725,1180,233
TXO,202610,20261021.0,50000.0,Put,-,-,-,-,2960.0,-,-,0,0,0,0,-,3010,-,-
TXO,202610,20261021.0,50100.0,Call,-,-,-,-,605.0,-,-,8,0,8,14,463,-,840,258
TXO,202610,20261021.0,50100.0,Put,-,-,-,-,3040.0,-,-,0,0,0,0,3010,3090,-,-
TXO,202610,20261021.0,50200.0,Call,555,575,555,575,575.0,▲+197,▲+52.12%,2,29,31,35,473,590,740,272
TXO,202610,20261021.0,50200.0,Put,-,-,-,-,3110.0,-,-,0,0,0,0,-,3160,-,-
TXO,202610,20261021.0,50300.0,Call,-,-,-,-,550.0,-,-,2,0,2,40,415,655,750,260
TXO,202610,20261021.0,50300.0,Put,-,-,-,-,3180.0,-,-,0,0,0,0,-,3230,-,-
TXO,202610,20261021.0,50400.0,Call,463,463,463,463,525.0,▲+121,▲+35.38%,2,5,7,10,515,530,463,254
TXO,202610,20261021.0,50400.0,Put,-,-,-,-,3260.0,-,-,0,0,0,0,-,-,-,-
TXO,202610,20261021.0,50500.0,Call,400,510,400,474,505.0,▲+159,▲+50.48%,5,6,11,34,490,505,890,190
TXO,202610,20261021.0,50500.0,Put,-,-,-,-,3340.0,-,-,0,0,0,0,-,-,-,-
TXO,202610,20261021.0,50600.0,Call,460,460,460,460,460.0,▲+151,▲+48.87%,1,1,2,8,371,590,705,245
TXO,202610,20261021.0,50600.0,Put,-,-,-,-,3410.0,-,-,0,0,0,0,-,3460,-,-
TXO,202610,20261021.0,50700.0,Call,-,-,-,-,456.0,-,-,2,0,2,7,445,459,365,237
TXO,202610,20261021.0,50700.0,Put,-,-,-,-,3490.0,-,-,0,0,0,0,-,-,-,-
TXO,202610,20261021.0,50800.0,Call,325,431,325,431,431.0,▲+153,▲+55.04%,1,14,15,13,338,-,615,210
TXO,202610,20261021.0,50800.0,Put,-,-,-,-,3570.0,-,-,0,0,0,0,-,-,-,-
TXO,202610,20261021.0,50900.0,Call,-,-,-,-,414.0,-,-,2,0,2,9,400,414,795,187
TXO,202610,20261021.0,50900.0,Put,-,-,-,-,3650.0,-,-,0,0,0,0,-,3700,-,-
TXO,202610,20261021.0,51000.0,Call,387,396,369,395,395.0,▲+149,▲+60.57%,6,20,26,152,382,397,800,155
TXO,202610,20261021.0,51000.0,Put,-,-,-,-,3730.0,-,-,0,0,0,0,-,-,-,-
TXO,202610,20261021.0,51100.0,Call,354,355,354,355,376.0,▲+119,▲+50.42%,0,2,2,7,366,379,810,169
TXO,202610,20261021.0,51100.0,Put,-,-,-,-,3810.0,-,-,0,0,0,0,-,3890,-,-
TXO,202610,20261021.0,51200.0,Call,255,255,255,255,358.0,▲+31,▲+13.84%,1,4,5,9,344,358,650,151
TXO,202610,20261021.0,51200.0,Put,-,-,-,-,3890.0,-,-,0,0,0,0,-,3970,-,-
TXO,202610,20261021.0,51300.0,Call,291,291,291,291,340.0,▲+79,▲+37.26%,0,5,5,3,250,414,291,206
TXO,202610,20261021.0,51300.0,Put,-,-,-,-,3970.0,-,-,0,0,0,0,-,-,-,-
TXO,202610,20261021.0,51400.0,Call,299,299,299,299,322.0,▲+100,▲+50.25%,1,1,2,25,310,323,515,130
TXO,202610,20261021.0,51400.0,Put,-,-,-,-,4050.0,-,-,0,0,0,0,-,-,-,-
TXO,202610,20261021.0,51500.0,Call,254,310,254,297,297.0,▲+107,▲+56.32%,48,17,65,74,142,383,630,126
TXO,202610,20261021.0,51500.0,Put,-,-,-,-,4140.0,-,-,0,0,0,0,-,4220,-,-
TXO,202610,20261021.0,51600.0,Call,-,-,-,-,292.0,-,-,0,0,0,7,280,293,520,124
TXO,202610,20261021.0,51600.0,Put,-,-,-,-,4220.0,-,-,0,0,0,0,-,4300,-,-
TXO,202610,20261021.0,51700.0,Call,-,-,-,-,276.0,-,-,0,0,0,5,116,-,610,126
TXO,202610,20261021.0,51700.0,Put,-,-,-,-,4310.0,-,-,0,0,0,0,-,-,-,-
TXO,202610,20261021.0,51800.0,Call,-,-,-,-,262.0,-,-,0,0,0,6,104,342,445,103
TXO,202610,20261021.0,51800.0,Put,-,-,-,-,4390.0,-,-,0,0,0,0,-,4450,-,-
TXO,202610,20261021.0,51900.0,Call,-,-,-,-,249.0,-,-,0,0,0,3,239,250,1080,107
TXO,202610,20261021.0,51900.0,Put,-,-,-,-,4480.0,-,-,0,0,0,0,-,-,-,-
TXO,202610,20261021.0,52000.0,Call,188,246,175,229,229.0,▲+84,▲+57.93%,12,25,37,206,158,242,1020,90
TXO,202610,20261021.0,52000.0,Put,-,-,-,-,4570.0,-,-,0,0,0,0,-,-,-,-
TXO,202610,20261021.0,52100.0,Call,220,220,215,215,215.0,▲+78,▲+56.93%,0,2,2,6,72,-,495,99
TXO,202610,20261021.0,52100.0,Put,-,-,-,-,4650.0,-,-,0,0,0,0,-,4710,-,-
TXO,202610,20261021.0,52200.0,Call,206,206,200,200,214.0,▲+70,▲+53.85%,2,2,4,9,62,-,412,95
TXO,202610,20261021.0,52200.0,Put,-,-,-,-,4740.0,-,-,0,0,0,0,-,-,-,-
TXO,202610,20261021.0,52300.0,Call,-,-,-,-,202.0,-,-,1,0,1,1,192,202,1000,85
TXO,202610,20261021.0,52300.0,Put,-,-,-,-,4830.0,-,-,0,0,0,0,-,-,-,-
TXO,202610,20261021.0,52400.0,Call,178,178,178,178,193.0,▲+62,▲+53.45%,2,1,3,13,45,-,865,80
TXO,202610,20261021.0,52400.0,Put,-,-,-,-,4920.0,-,-,0,0,0,0,-,4970,-,-
TXO,202610,20261021.0,52500.0,Call,186,186,174,174,174.0,▲+69,▲+65.71%,2,6,8,53,110,277,940,62
TXO,202610,20261021.0,52500.0,Put,-,-,-,-,5010.0,-,-,0,0,0,0,-,-,-,-
TXO,202610,20261021.0,52600.0,Call,166,166,154,154,171.0,▲+51,▲+49.51%,2,10,12,7,156,-,166,7.7
TXO,202610,20261021.0,52600.0,Put,-,-,-,-,5100.0,-,-,0,0,0,0,-,5150,-,-
TXO,202610,20261021.0,52700.0,Call,-,-,-,-,161.0,-,-,0,0,0,4,155,163,310,76
TXO,202610,20261021.0,52700.0,Put,-,-,-,-,5190.0,-,-,0,0,0,0,-,-,-,-
TXO,202610,20261021.0,52800.0,Call,148,150,145,150,150.0,▲+58,▲+63.04%,0,4,4,5,144,154,275,64
TXO,202610,20261021.0,52800.0,Put,-,-,-,-,5280.0,-,-,0,0,0,0,-,-,-,-
TXO,202610,20261021.0,52900.0,Call,-,-,-,-,144.0,-,-,0,0,0,2,8.4,-,139,58
TXO,202610,20261021.0,52900.0,Put,-,-,-,-,5370.0,-,-,0,0,0,0,-,5430,-,-
TXO,202610,20261021.0,53000.0,Call,120,136,120,132,132.0,▲+47,▲+55.29%,4,15,19,93,129,137,379,46
TXO,202610,20261021.0,53000.0,Put,-,-,-,-,5460.0,-,-,0,0,0,0,-,-,-,-
TXO,202610,20261021.0,53100.0,Call,-,-,-,-,129.0,-,-,1,0,1,2,1.5,197,100,50
TXO,202610,20261021.0,53100.0,Put,-,-,-,-,5560.0,-,-,0,0,0,0,-,-,-,-
TXO,202610,20261021.0,53200.0,Call,91,111,91,111,122.0,▲+38,▲+52.05%,0,2,2,12,2,191,111,67
TXO,202610,20261021.0,53200.0,Put,-,-,-,-,5650.0,-,-,0,0,0,0,-,-,-,-
TXO,202610,20261021.0,53300.0,Call,85,120,85,108,116.0,▲+39,▲+56.52%,21,16,37,21,109,116,120,47
TXO,202610,20261021.0,53300.0,Put,-,-,-,-,5740.0,-,-,0,0,0,0,-,-,-,-
TXO,202610,20261021.0,53400.0,Call,-,-,-,-,109.0,-,-,0,0,0,0,104,111,-,-
TXO,202610,20261021.0,53400.0,Put,-,-,-,-,5840.0,-,-,0,0,0,0,-,-,-,-
TXO,202610,20261021.0,53500.0,Call,98,99,94,99,99.0,▲+37,▲+59.68%,1,22,23,12,97,104,99,46
TXO,202610,20261021.0,53500.0,Put,-,-,-,-,5930.0,-,-,0,0,0,0,-,5960,-,-
TXO,202610,20261021.0,53600.0,Call,-,-,-,-,98.0,-,-,0,0,0,1,1.1,165,50,50
TXO,202610,20261021.0,53600.0,Put,-,-,-,-,6020.0,-,-,0,0,0,0,-,-,-,-
TXO,202610,20261021.0,53700.0,Call,67,90,67,85,92.0,▲+28,▲+49.12%,0,3,3,7,1.5,-,90,48
TXO,202610,20261021.0,53700.0,Put,-,-,-,-,6120.0,-,-,0,0,0,0,-,-,-,-
TXO,202610,20261021.0,53800.0,Call,-,-,-,-,87.0,-,-,0,0,0,2,80,87,58,44.5
TXO,202610,20261021.0,53800.0,Put,-,-,-,-,6210.0,-,-,0,0,0,0,-,6310,-,-
TXO,202610,20261021.0,53900.0,Call,75,75,75,75,82.0,▲+25,▲+50.00%,0,1,1,9,76,82,75,39
TXO,202610,20261021.0,53900.0,Put,-,-,-,-,6310.0,-,-,0,0,0,0,-,-,-,-
TXO,202610,20261021.0,54000.0,Call,52,82,52,76,76.0,▲+26,▲+52.00%,26,30,56,102,75,83,82,34
TXO,202610,20261021.0,54000.0,Put,-,-,-,-,6400.0,-,-,0,0,0,0,-,-,-,-
TXO,202611,20261118.0,38000.0,Call,-,-,-,-,9900.0,-,-,0,0,0,0,-,-,-,-
TXO,202611,20261118.0,38000.0,Put,124,124,124,124,124.0,▼-20,▼-13.89%,6,1,7,36,125,134,595,124
TXO,202611,20261118.0,38100.0,Call,-,-,-,-,9800.0,-,-,0,0,0,0,9700,-,-,-
TXO,202611,20261118.0,38100.0,Put,-,-,-,-,130.0,-,-,0,0,0,3,128,137,525,192
TXO,202611,20261118.0,38200.0,Call,-,-,-,-,9710.0,-,-,0,0,0,0,-,-,-,-
TXO,202611,20261118.0,38200.0,Put,123,123,123,123,134.0,▼-27,▼-18.00%,0,3,3,3,132,141,273,123
TXO,202611,20261118.0,38300.0,Call,-,-,-,-,9610.0,-,-,0,0,0,0,-,-,-,-
TXO,202611,20261118.0,38300.0,Put,125,125,125,125,137.0,▼-29,▼-18.83%,0,1,1,4,27,228,555,125
TXO,202611,20261118.0,38400.0,Call,-,-,-,-,9510.0,-,-,0,0,0,0,9410,-,-,-
TXO,202611,20261118.0,38400.0,Put,123,123,123,123,141.0,▼-36,▼-22.64%,0,2,2,3,139,149,299,123
TXO,202611,20261118.0,38500.0,Call,-,-,-,-,9420.0,-,-,0,0,0,0,-,-,-,-
TXO,202611,20261118.0,38500.0,Put,-,-,-,-,145.0,-,-,0,0,0,10,80,368,585,171
TXO,202611,20261118.0,38600.0,Call,-,-,-,-,9320.0,-,-,0,0,0,0,-,-,-,-
TXO,202611,20261118.0,38600.0,Put,-,-,-,-,149.0,-,-,0,0,0,2,147,157,317,193
TXO,202611,20261118.0,38700.0,Call,-,-,-,-,9230.0,-,-,0,0,0,0,9120,-,-,-
TXO,202611,20261118.0,38700.0,Put,-,-,-,-,153.0,-,-,0,0,0,2,151,161,370,230
TXO,202611,20261118.0,38800.0,Call,-,-,-,-,9130.0,-,-,0,0,0,0,9040,-,-,-
TXO,202611,20261118.0,38800.0,Put,-,-,-,-,157.0,-,-,0,0,0,1,155,165,204,204
TXO,202611,20261118.0,38900.0,Call,-,-,-,-,9040.0,-,-,0,0,0,0,8930,-,-,-
TXO,202611,20261118.0,38900.0,Put,-,-,-,-,161.0,-,-,1,0,1,3,49.5,250,335,172
TXO,202611,20261118.0,39000.0,Call,-,-,-,-,8940.0,-,-,0,0,0,0,8850,-,-,-
TXO,202611,20261118.0,39000.0,Put,-,-,-,-,166.0,-,-,2,0,2,10,150,327,402,165
TXO,202611,20261118.0,39100.0,Call,-,-,-,-,8850.0,-,-,0,0,0,0,8740,-,-,-
TXO,202611,20261118.0,39100.0,Put,-,-,-,-,171.0,-,-,0,0,0,4,169,180,234,227
TXO,202611,20261118.0,39200.0,Call,-,-,-,-,8750.0,-,-,0,0,0,0,-,-,-,-
TXO,202611,20261118.0,39200.0,Put,-,-,-,-,176.0,-,-,0,0,0,2,174,185,303,206
TXO,202611,20261118.0,39300.0,Call,-,-,-,-,8660.0,-,-,0,0,0,0,-,-,-,-
TXO,202611,20261118.0,39300.0,Put,-,-,-,-,181.0,-,-,0,0,0,5,68,269,650,610
TXO,202611,20261118.0,39400.0,Call,-,-,-,-,8560.0,-,-,0,0,0,0,8470,-,-,-
TXO,202611,20261118.0,39400.0,Put,-,-,-,-,186.0,-,-,0,0,0,0,184,196,-,-
TXO,202611,20261118.0,39500.0,Call,-,-,-,-,8470.0,-,-,0,0,0,0,-,-,-,-
TXO,202611,20261118.0,39500.0,Put,-,-,-,-,192.0,-,-,0,0,0,21,190,202,555,234
TXO,202611,20261118.0,39600.0,Call,-,-,-,-,8380.0,-,-,0,0,0,0,-,-,-,-
TXO,202611,20261118.0,39600.0,Put,-,-,-,-,198.0,-,-,0,0,0,1,83,279,469,469
TXO,202611,20261118.0,39700.0,Call,-,-,-,-,8280.0,-,-,0,0,0,0,-,-,-,-
TXO,202611,20261118.0,39700.0,Put,-,-,-,-,205.0,-,-,0,0,0,1,202,215,420,413
TXO,202611,20261118.0,39800.0,Call,-,-,-,-,8190.0,-,-,0,0,0,0,-,-,-,-
TXO,202611,20261118.0,39800.0,Put,208,208,208,208,208.0,▼-34,▼-14.05%,0,1,1,2,208,221,283,208
TXO,202611,20261118.0,39900.0,Call,-,-,-,-,8100.0,-,-,0,0,0,0,-,-,-,-
TXO,202611,20261118.0,39900.0,Put,210,210,205,205,217.0,▼-45,▼-18.00%,0,2,2,2,101,307,210,205
TXO,202611,20261118.0,40000.0,Call,-,-,-,-,8000.0,-,-,0,0,0,0,-,8060,-,-
TXO,202611,20261118.0,40000.0,Put,214,222,214,222,222.0,▼-42,▼-15.91%,2,3,5,22,221,234,785,214
TXO,202611,20261118.0,40100.0,Call,-,-,-,-,7910.0,-,-,0,0,0,0,7820,-,-,-
TXO,202611,20261118.0,40100.0,Put,-,-,-,-,231.0,-,-,0,0,0,0,228,242,-,-
TXO,202611,20261118.0,40200.0,Call,-,-,-,-,7820.0,-,-,0,0,0,0,7710,-,-,-
TXO,202611,20261118.0,40200.0,Put,-,-,-,-,238.0,-,-,0,0,0,0,114,-,-,-
TXO,202611,20261118.0,40300.0,Call,-,-,-,-,7730.0,-,-,0,0,0,0,7670,-,-,-
TXO,202611,20261118.0,40300.0,Put,-,-,-,-,245.0,-,-,0,0,0,0,243,257,-,-
TXO,202611,20261118.0,40400.0,Call,-,-,-,-,7630.0,-,-,0,0,0,0,7550,-,-,-
TXO,202611,20261118.0,40400.0,Put,-,-,-,-,253.0,-,-,0,0,0,0,-,-,-,-
TXO,202611,20261118.0,40500.0,Call,-,-,-,-,7540.0,-,-,0,0,0,0,7450,-,-,-
TXO,202611,20261118.0,40500.0,Put,259,259,259,259,259.0,▼-56,▼-17.78%,0,1,1,6,259,274,417,259
TXO,202611,20261118.0,40600.0,Call,-,-,-,-,7450.0,-,-,0,0,0,0,-,-,-,-
TXO,202611,20261118.0,40600.0,Put,-,-,-,-,269.0,-,-,0,0,0,0,267,282,-,-
TXO,202611,20261118.0,40700.0,Call,-,-,-,-,7360.0,-,-,0,0,0,0,7270,-,-,-
TXO,202611,20261118.0,40700.0,Put,-,-,-,-,278.0,-,-,0,0,0,4,276,291,930,710
TXO,202611,20261118.0,40800.0,Call,-,-,-,-,7270.0,-,-,0,0,0,0,7160,-,-,-
TXO,202611,20261118.0,40800.0,Put,-,-,-,-,287.0,-,-,0,0,0,1,285,300,610,610
TXO,202611,20261118.0,40900.0,Call,-,-,-,-,7180.0,-,-,0,0,0,0,7070,-,-,-
TXO,202611,20261118.0,40900.0,Put,-,-,-,-,296.0,-,-,0,0,0,0,294,310,-,-
TXO,202611,20261118.0,41000.0,Call,-,-,-,-,7090.0,-,-,0,0,0,0,-,-,-,-
TXO,202611,20261118.0,41000.0,Put,311,311,311,311,311.0,▼-50,▼-13.85%,1,1,2,5,299,314,990,311
TXO,202611,20261118.0,41100.0,Call,-,-,-,-,7000.0,-,-,0,0,0,0,6890,-,-,-
TXO,202611,20261118.0,41100.0,Put,-,-,-,-,315.0,-,-,0,0,0,1,313,329,425,425
TXO,202611,20261118.0,41200.0,Call,-,-,-,-,6910.0,-,-,0,0,0,0,6800,-,-,-
TXO,202611,20261118.0,41200.0,Put,-,-,-,-,325.0,-,-,0,0,0,0,323,340,-,-
TXO,202611,20261118.0,41300.0,Call,-,-,-,-,6820.0,-,-,0,0,0,0,-,-,-,-
TXO,202611,20261118.0,41300.0,Put,-,-,-,-,336.0,-,-,0,0,0,0,328,344,-,-
TXO,202611,20261118.0,41400.0,Call,-,-,-,-,6730.0,-,-,0,0,0,0,6640,-,-,-
TXO,202611,20261118.0,41400.0,Put,-,-,-,-,347.0,-,-,0,0,0,0,339,355,-,-
TXO,202611,20261118.0,41500.0,Call,-,-,-,-,6640.0,-,-,0,0,0,0,-,-,-,-
TXO,202611,20261118.0,41500.0,Put,-,-,-,-,358.0,-,-,0,0,0,5,237,-,1040,595
TXO,202611,20261118.0,41600.0,Call,-,-,-,-,6550.0,-,-,0,0,0,0,-,6610,-,-
TXO,202611,20261118.0,41600.0,Put,-,-,-,-,369.0,-,-,0,0,0,0,248,-,-,-
TXO,202611,20261118.0,41700.0,Call,-,-,-,-,6470.0,-,-,0,0,0,0,6360,-,-,-
TXO,202611,20261118.0,41700.0,Put,-,-,-,-,381.0,-,-,0,0,0,0,373,390,-,-
TXO,202611,20261118.0,41800.0,Call,-,-,-,-,6380.0,-,-,0,0,0,0,-,-,-,-
TXO,202611,20261118.0,41800.0,Put,-,-,-,-,393.0,-,-,0,0,0,0,385,402,-,-
TXO,202611,20261118.0,41900.0,Call,-,-,-,-,6290.0,-,-,0,0,0,0,-,-,-,-
TXO,202611,20261118.0,41900.0,Put,-,-,-,-,406.0,-,-,0,0,0,1,398,415,560,560
TXO,202611,20261118.0,42000.0,Call,-,-,-,-,6210.0,-,-,0,0,0,0,-,-,-,-
TXO,202611,20261118.0,42000.0,Put,-,-,-,-,419.0,-,-,0,0,0,7,411,429,750,500
TXO,202611,20261118.0,42100.0,Call,-,-,-,-,6120.0,-,-,0,0,0,0,-,-,-,-
TXO,202611,20261118.0,42100.0,Put,-,-,-,-,432.0,-,-,0,0,0,1,423,442,515,515
TXO,202611,20261118.0,42200.0,Call,-,-,-,-,6030.0,-,-,0,0,0,0,-,-,-,-
TXO,202611,20261118.0,42200.0,Put,-,-,-,-,446.0,-,-,0,0,0,0,437,456,-,-
TXO,202611,20261118.0,42300.0,Call,-,-,-,-,5950.0,-,-,0,0,0,0,-,-,-,-
TXO,202611,20261118.0,42300.0,Put,-,-,-,-,460.0,-,-,0,0,0,0,451,471,-,-
TXO,202611,20261118.0,42400.0,Call,-,-,-,-,5860.0,-,-,0,0,0,0,-,-,-,-
TXO,202611,20261118.0,42400.0,Put,-,-,-,-,474.0,-,-,0,0,0,0,465,484,-,-
TXO,202611,20261118.0,42500.0,Call,-,-,-,-,5780.0,-,-,0,0,0,0,5690,-,-,-
TXO,202611,20261118.0,42500.0,Put,484,484,475,475,475.0,▼-105,▼-18.10%,2,3,5,5,481,500,610,475
TXO,202611,20261118.0,42600.0,Call,-,-,-,-,5690.0,-,-,0,0,0,0,5610,-,-,-
TXO,202611,20261118.0,42600.0,Put,-,-,-,-,505.0,-,-,0,0,0,0,496,515,605,605
TXO,202611,20261118.0,42700.0,Call,-,-,-,-,5610.0,-,-,0,0,0,0,5500,-,-,-
TXO,202611,20261118.0,42700.0,Put,-,-,-,-,520.0,-,-,0,0,0,0,515,540,1620,915
TXO,202611,20261118.0,42800.0,Call,-,-,-,-,5520.0,-,-,0,0,0,0,-,-,-,-
TXO,202611,20261118.0,42800.0,Put,-,-,-,-,535.0,-,-,0,0,0,0,530,555,-,-
TXO,202611,20261118.0,42900.0,Call,-,-,-,-,5440.0,-,-,0,0,0,0,5360,-,-,-
TXO,202611,20261118.0,42900.0,Put,-,-,-,-,555.0,-,-,0,0,0,0,540,565,-,-
TXO,202611,20261118.0,43000.0,Call,-,-,-,-,5360.0,-,-,0,0,0,0,5280,-,-,-
TXO,202611,20261118.0,43000.0,Put,545,545,545,545,570.0,▼-135,▼-19.85%,0,1,1,0,442,-,730,545
TXO,202611,20261118.0,43100.0,Call,-,-,-,-,5280.0,-,-,0,0,0,0,-,-,-,-
TXO,202611,20261118.0,43100.0,Put,-,-,-,-,585.0,-,-,0,0,0,0,575,600,-,-
TXO,202611,20261118.0,43200.0,Call,-,-,-,-,5200.0,-,-,0,0,0,0,5140,-,-,-
TXO,202611,20261118.0,43200.0,Put,-,-,-,-,605.0,-,-,0,0,0,0,477,-,-,-
TXO,202611,20261118.0,43300.0,Call,-,-,-,-,5110.0,-,-,0,0,0,0,-,-,-,-
TXO,202611,20261118.0,43300.0,Put,-,-,-,-,620.0,-,-,0,0,0,1,610,635,1040,1040
TXO,202611,20261118.0,43400.0,Call,-,-,-,-,5030.0,-,-,0,0,0,0,-,-,-,-
TXO,202611,20261118.0,43400.0,Put,-,-,-,-,640.0,-,-,0,0,0,0,630,655,-,-
TXO,202611,20261118.0,43500.0,Call,-,-,-,-,4950.0,-,-,0,0,0,0,-,-,-,-
TXO,202611,20261118.0,43500.0,Put,-,-,-,-,660.0,-,-,1,0,1,0,655,685,1070,780
TXO,202611,20261118.0,43600.0,Call,-,-,-,-,4870.0,-,-,0,0,0,0,-,-,-,-
TXO,202611,20261118.0,43600.0,Put,-,-,-,-,680.0,-,-,0,0,0,1,675,705,1070,1070
TXO,202611,20261118.0,43700.0,Call,-,-,-,-,4790.0,-,-,0,0,0,0,-,-,-,-
TXO,202611,20261118.0,43700.0,Put,-,-,-,-,700.0,-,-,0,0,0,0,570,-,-,-
TXO,202611,20261118.0,43800.0,Call,-,-,-,-,4710.0,-,-,0,0,0,0,4630,-,-,-
TXO,202611,20261118.0,43800.0,Put,-,-,-,-,720.0,-,-,1,0,1,0,710,740,920,850
TXO,202611,20261118.0,43900.0,Call,-,-,-,-,4640.0,-,-,0,0,0,0,4550,-,-,-
TXO,202611,20261118.0,43900.0,Put,-,-,-,-,745.0,-,-,0,0,0,4,730,760,1930,1150
TXO,202611,20261118.0,44000.0,Call,-,-,-,-,4560.0,-,-,0,0,0,0,-,-,-,-
TXO,202611,20261118.0,44000.0,Put,775,775,775,775,775.0,▼-135,▼-14.84%,0,1,1,1,750,775,2100,775
TXO,202611,20261118.0,44100.0,Call,-,-,-,-,4480.0,-,-,0,0,0,0,-,-,-,-
TXO,202611,20261118.0,44100.0,Put,815,815,815,815,785.0,▼-125,▼-13.30%,2,2,4,0,-,-,910,815
TXO,202611,20261118.0,44200.0,Call,-,-,-,-,4400.0,-,-,0,0,0,0,-,-,-,-
TXO,202611,20261118.0,44200.0,Put,-,-,-,-,805.0,-,-,0,0,0,1,795,820,1280,1280
TXO,202611,20261118.0,44300.0,Call,-,-,-,-,4330.0,-,-,0,0,0,0,4250,-,-,-
TXO,202611,20261118.0,44300.0,Put,-,-,-,-,830.0,-,-,0,0,0,1,-,930,1870,970
TXO,202611,20261118.0,44400.0,Call,-,-,-,-,4250.0,-,-,0,0,0,0,4170,-,-,-
TXO,202611,20261118.0,44400.0,Put,-,-,-,-,855.0,-,-,0,0,0,0,-,-,-,-
TXO,202611,20261118.0,44500.0,Call,-,-,-,-,4180.0,-,-,0,0,0,0,4100,-,-,-
TXO,202611,20261118.0,44500.0,Put,-,-,-,-,880.0,-,-,0,0,0,1,870,900,1230,1230
TXO,202611,20261118.0,44600.0,Call,-,-,-,-,4100.0,-,-,0,0,0,0,-,-,-,-
TXO,202611,20261118.0,44600.0,Put,-,-,-,-,905.0,-,-,0,0,0,1,895,925,1200,1120
TXO,202611,20261118.0,44700.0,Call,-,-,-,-,4030.0,-,-,0,0,0,0,3950,-,-,-
TXO,202611,20261118.0,44700.0,Put,-,-,-,-,935.0,-,-,1,0,1,0,920,950,2040,1090
TXO,202611,20261118.0,44800.0,Call,-,-,-,-,3960.0,-,-,0,0,0,0,3870,-,-,-
TXO,202611,20261118.0,44800.0,Put,-,-,-,-,960.0,-,-,0,0,0,0,-,-,-,-
TXO,202611,20261118.0,44900.0,Call,-,-,-,-,3880.0,-,-,0,0,0,0,3840,-,-,-
TXO,202611,20261118.0,44900.0,Put,-,-,-,-,985.0,-,-,0,0,0,0,975,1010,-,-
TXO,202611,20261118.0,45000.0,Call,-,-,-,-,3810.0,-,-,0,0,0,2,3750,-,2760,2760
TXO,202611,20261118.0,45000.0,Put,-,-,-,-,1010.0,-,-,0,0,0,3,1000,1030,2580,1190
TXO,202611,20261118.0,45100.0,Call,-,-,-,-,3740.0,-,-,0,0,0,0,-,-,-,-
TXO,202611,20261118.0,45100.0,Put,-,-,-,-,1040.0,-,-,0,0,0,0,-,-,-,-
TXO,202611,20261118.0,45200.0,Call,-,-,-,-,3670.0,-,-,0,0,0,0,-,-,-,-
TXO,202611,20261118.0,45200.0,Put,-,-,-,-,1070.0,-,-,0,0,0,0,1060,1090,-,-
TXO,202611,20261118.0,45300.0,Call,-,-,-,-,3600.0,-,-,0,0,0,0,3560,3630,-,-
TXO,202611,20261118.0,45300.0,Put,-,-,-,-,1100.0,-,-,0,0,0,0,1090,1120,-,-
TXO,202611,20261118.0,45400.0,Call,-,-,-,-,3530.0,-,-,0,0,0,0,3510,3570,-,-
TXO,202611,20261118.0,45400.0,Put,-,-,-,-,1130.0,-,-,0,0,0,4,1120,1150,2790,2740
TXO,202611,20261118.0,45500.0,Call,-,-,-,-,3460.0,-,-,0,0,0,1,3440,3480,3240,3240
TXO,202611,20261118.0,45500.0,Put,-,-,-,-,1160.0,-,-,0,0,0,5,1150,1180,2800,1340
TXO,202611,20261118.0,45600.0,Call,-,-,-,-,3390.0,-,-,0,0,0,0,3360,3420,-,-
TXO,202611,20261118.0,45600.0,Put,-,-,-,-,1190.0,-,-,0,0,0,1,1180,1210,1760,1360
TXO,202611,20261118.0,45700.0,Call,-,-,-,-,3320.0,-,-,0,0,0,0,-,-,-,-
TXO,202611,20261118.0,45700.0,Put,-,-,-,-,1220.0,-,-,0,0,0,1,1210,1240,1880,1880
TXO,202611,20261118.0,45800.0,Call,-,-,-,-,3260.0,-,-,0,0,0,0,-,-,-,-
TXO,202611,20261118.0,45800.0,Put,-,-,-,-,1260.0,-,-,0,0,0,0,-,-,1430,1430
TXO,202611,20261118.0,45900.0,Call,-,-,-,-,3190.0,-,-,0,0,0,0,-,-,-,-
TXO,202611,20261118.0,45900.0,Put,1280,1280,1280,1280,1280.0,▼-250,▼-16.34%,2,1,3,3,-,1440,1810,1280
TXO,202611,20261118.0,46000.0,Call,3130,3130,3130,3130,3130.0,▲+510,▲+19.47%,3,1,4,3,2990,-,3130,2210
TXO,202611,20261118.0,46000.0,Put,1320,1320,1300,1300,1330.0,▼-270,▼-17.20%,0,2,2,6,1310,1340,2800,1300
TXO,202611,20261118.0,46100.0,Call,-,-,-,-,3060.0,-,-,0,0,0,1,2930,-,2540,2540
TXO,202611,20261118.0,46100.0,Put,-,-,-,-,1360.0,-,-,0,0,0,0,1350,1380,-,-
TXO,202611,20261118.0,46200.0,Call,-,-,-,-,3000.0,-,-,0,0,0,1,2980,3020,2680,2680
TXO,202611,20261118.0,46200.0,Put,-,-,-,-,1390.0,-,-,0,0,0,0,-,-,-,-
TXO,202611,20261118.0,46300.0,Call,-,-,-,-,2930.0,-,-,0,0,0,0,2900,2960,-,-
TXO,202611,20261118.0,46300.0,Put,-,-,-,-,1430.0,-,-,0,0,0,0,-,-,-,-
TXO,202611,20261118.0,46400.0,Call,-,-,-,-,2870.0,-,-,0,0,0,0,-,-,-,-
TXO,202611,20261118.0,46400.0,Put,-,-,-,-,1470.0,-,-,0,0,0,0,-,-,-,-
TXO,202611,20261118.0,46500.0,Call,-,-,-,-,2810.0,-,-,0,0,0,13,2660,-,2220,1960
TXO,202611,20261118.0,46500.0,Put,-,-,-,-,1510.0,-,-,0,0,0,12,1420,-,1870,1840
TXO,202611,20261118.0,46600.0,Call,-,-,-,-,2750.0,-,-,0,0,0,0,-,-,2250,2230
TXO,202611,20261118.0,46600.0,Put,-,-,-,-,1540.0,-,-,0,0,0,0,-,-,-,-
TXO,202611,20261118.0,46700.0,Call,-,-,-,-,2690.0,-,-,0,0,0,0,-,-,-,-
TXO,202611,20261118.0,46700.0,Put,-,-,-,-,1580.0,-,-,0,0,0,0,1560,1610,-,-
TXO,202611,20261118.0,46800.0,Call,-,-,-,-,2630.0,-,-,1,0,1,1,2610,2650,2230,1620
TXO,202611,20261118.0,46800.0,Put,-,-,-,-,1620.0,-,-,0,0,0,6,-,-,2520,1840
TXO,202611,20261118.0,46900.0,Call,-,-,-,-,2570.0,-,-,0,0,0,0,-,-,-,-
TXO,202611,20261118.0,46900.0,Put,-,-,-,-,1660.0,-,-,0,0,0,1,1650,1680,1840,1840
TXO,202611,20261118.0,47000.0,Call,-,-,-,-,2510.0,-,-,1,0,1,3,2390,-,2110,1620
TXO,202611,20261118.0,47000.0,Put,-,-,-,-,1710.0,-,-,0,0,0,5,-,1830,3820,2040
TXO,202611,20261118.0,47100.0,Call,-,-,-,-,2450.0,-,-,0,0,0,0,2420,2470,-,-
TXO,202611,20261118.0,47100.0,Put,-,-,-,-,1750.0,-,-,0,0,0,0,1730,1780,-,-
TXO,202611,20261118.0,47200.0,Call,-,-,-,-,2400.0,-,-,0,0,0,0,-,-,-,-
TXO,202611,20261118.0,47200.0,Put,1810,1810,1810,1810,1810.0,▼-280,▼-13.40%,1,1,2,2,1770,1820,1980,1810
TXO,202611,20261118.0,47300.0,Call,-,-,-,-,2340.0,-,-,0,0,0,0,2310,2360,-,-
TXO,202611,20261118.0,47300.0,Put,-,-,-,-,1830.0,-,-,0,0,0,0,1810,1860,-,-
TXO,202611,20261118.0,47400.0,Call,-,-,-,-,2280.0,-,-,0,0,0,0,-,-,-,-
TXO,202611,20261118.0,47400.0,Put,-,-,-,-,1870.0,-,-,0,0,0,0,1860,1910,-,-
TXO,202611,20261118.0,47500.0,Call,2000,2160,2000,2160,2230.0,▲+360,▲+20.00%,3,3,6,17,-,2310,2160,1780
TXO,202611,20261118.0,47500.0,Put,-,-,-,-,1920.0,-,-,0,0,0,4,1900,1950,2730,2730
TXO,202611,20261118.0,47600.0,Call,-,-,-,-,2180.0,-,-,0,0,0,0,-,-,-,-
TXO,202611,20261118.0,47600.0,Put,-,-,-,-,1970.0,-,-,0,0,0,0,1950,2000,-,-
TXO,202611,20261118.0,47700.0,Call,-,-,-,-,2120.0,-,-,0,0,0,0,2090,2140,1950,1950
TXO,202611,20261118.0,47700.0,Put,-,-,-,-,2020.0,-,-,0,0,0,0,-,-,-,-
TXO,202611,20261118.0,47800.0,Call,-,-,-,-,2070.0,-,-,0,0,0,0,2040,2090,-,-
TXO,202611,20261118.0,47800.0,Put,-,-,-,-,2070.0,-,-,0,0,0,0,-,-,-,-
TXO,202611,20261118.0,47900.0,Call,-,-,-,-,2020.0,-,-,0,0,0,5,-,2120,1600,1600
TXO,202611,20261118.0,47900.0,Put,-,-,-,-,2110.0,-,-,0,0,0,0,2090,2140,-,-
TXO,202611,20261118.0,48000.0,Call,-,-,-,-,1970.0,-,-,0,0,0,37,-,2070,1950,1250
TXO,202611,20261118.0,48000.0,Put,-,-,-,-,2160.0,-,-,0,0,0,4,2140,2190,4280,3040
TXO,202611,20261118.0,48100.0,Call,-,-,-,-,1920.0,-,-,0,0,0,0,-,-,-,-
TXO,202611,20261118.0,48100.0,Put,-,-,-,-,2210.0,-,-,0,0,0,0,2190,2240,-,-
TXO,202611,20261118.0,48200.0,Call,-,-,-,-,1870.0,-,-,0,0,0,0,-,-,-,-
TXO,202611,20261118.0,48200.0,Put,-,-,-,-,2260.0,-,-,0,0,0,0,2240,2290,-,-
TXO,202611,20261118.0,48300.0,Call,-,-,-,-,1820.0,-,-,0,0,0,0,1790,1840,-,-
TXO,202611,20261118.0,48300.0,Put,-,-,-,-,2310.0,-,-,0,0,0,0,-,-,-,-
TXO,202611,20261118.0,48400.0,Call,1700,1790,1700,1790,1790.0,▲+400,▲+28.78%,0,4,4,4,-,-,1790,1700
TXO,202611,20261118.0,48400.0,Put,-,-,-,-,2360.0,-,-,0,0,0,0,-,-,-,-
TXO,202611,20261118.0,48500.0,Call,-,-,-,-,1730.0,-,-,0,0,0,0,1690,1740,1280,1140
TXO,202611,20261118.0,48500.0,Put,-,-,-,-,2420.0,-,-,0,0,0,0,-,-,-,-
TXO,202611,20261118.0,48600.0,Call,-,-,-,-,1680.0,-,-,0,0,0,0,1650,1700,-,-
TXO,202611,20261118.0,48600.0,Put,-,-,-,-,2470.0,-,-,0,0,0,0,2450,2500,-,-
TXO,202611,20261118.0,48700.0,Call,-,-,-,-,1630.0,-,-,0,0,0,0,-,-,-,-
TXO,202611,20261118.0,48700.0,Put,-,-,-,-,2520.0,-,-,0,0,0,0,2500,2550,-,-
TXO,202611,20261118.0,48800.0,Call,-,-,-,-,1580.0,-,-,0,0,0,2,-,1690,1500,1040
TXO,202611,20261118.0,48800.0,Put,-,-,-,-,2570.0,-,-,0,0,0,0,2540,2590,-,-
TXO,202611,20261118.0,48900.0,Call,-,-,-,-,1540.0,-,-,0,0,0,0,-,-,-,-
TXO,202611,20261118.0,48900.0,Put,-,-,-,-,2630.0,-,-,0,0,0,0,-,2700,-,-
TXO,202611,20261118.0,49000.0,Call,-,-,-,-,1500.0,-,-,0,0,0,2,1460,1510,970,950
TXO,202611,20261118.0,49000.0,Put,-,-,-,-,2690.0,-,-,0,0,0,4,2.6,2740,4900,3640
TXO,202611,20261118.0,49100.0,Call,-,-,-,-,1460.0,-,-,0,0,0,0,1430,1480,-,-
TXO,202611,20261118.0,49100.0,Put,-,-,-,-,2750.0,-,-,0,0,0,0,-,-,-,-
TXO,202611,20261118.0,49200.0,Call,-,-,-,-,1410.0,-,-,0,0,0,2,1260,-,1050,920
TXO,202611,20261118.0,49200.0,Put,-,-,-,-,2800.0,-,-,0,0,0,0,-,2870,-,-
TXO,202611,20261118.0,49300.0,Call,-,-,-,-,1370.0,-,-,0,0,0,0,-,-,-,-
TXO,202611,20261118.0,49300.0,Put,-,-,-,-,2860.0,-,-,0,0,0,0,-,-,-,-
TXO,202611,20261118.0,49400.0,Call,-,-,-,-,1330.0,-,-,0,0,0,0,-,-,-,-
TXO,202611,20261118.0,49400.0,Put,-,-,-,-,2920.0,-,-,0,0,0,0,-,-,-,-
TXO,202611,20261118.0,49500.0,Call,-,-,-,-,1290.0,-,-,0,0,0,0,-,-,1160,1120
TXO,202611,20261118.0,49500.0,Put,-,-,-,-,2980.0,-,-,0,0,0,0,-,3050,-,-
TXO,202611,20261118.0,49600.0,Call,-,-,-,-,1260.0,-,-,0,0,0,0,1240,1270,-,-
TXO,202611,20261118.0,49600.0,Put,-,-,-,-,3040.0,-,-,0,0,0,0,-,-,-,-
TXO,202611,20261118.0,49700.0,Call,-,-,-,-,1220.0,-,-,0,0,0,0,1200,1230,-,-
TXO,202611,20261118.0,49700.0,Put,-,-,-,-,3110.0,-,-,0,0,0,0,-,3170,-,-
TXO,202611,20261118.0,49800.0,Call,-,-,-,-,1190.0,-,-,0,0,0,0,1170,1210,-,-
TXO,202611,20261118.0,49800.0,Put,-,-,-,-,3170.0,-,-,0,0,0,0,-,3240,-,-
TXO,202611,20261118.0,49900.0,Call,-,-,-,-,1150.0,-,-,0,0,0,0,-,-,-,-
TXO,202611,20261118.0,49900.0,Put,-,-,-,-,3240.0,-,-,0,0,0,0,-,-,-,-
TXO,202611,20261118.0,50000.0,Call,-,-,-,-,1110.0,-,-,0,0,0,21,970,-,990,655
TXO,202611,20261118.0,50000.0,Put,-,-,-,-,3290.0,-,-,0,0,0,0,-,-,5850,4670
TXO,202611,20261118.0,50100.0,Call,-,-,-,-,1070.0,-,-,0,0,0,0,-,-,-,-
TXO,202611,20261118.0,50100.0,Put,-,-,-,-,3360.0,-,-,0,0,0,0,-,3430,-,-
TXO,202611,20261118.0,50200.0,Call,-,-,-,-,1040.0,-,-,0,0,0,0,1020,1050,-,-
TXO,202611,20261118.0,50200.0,Put,-,-,-,-,3430.0,-,-,0,0,0,0,-,3480,-,-
TXO,202611,20261118.0,50300.0,Call,-,-,-,-,1010.0,-,-,0,0,0,6,990,1020,895,605
TXO,202611,20261118.0,50300.0,Put,-,-,-,-,3490.0,-,-,0,0,0,0,-,3570,-,-
TXO,202611,20261118.0,50400.0,Call,-,-,-,-,975.0,-,-,0,0,0,0,955,985,610,580
TXO,202611,20261118.0,50400.0,Put,-,-,-,-,3560.0,-,-,0,0,0,0,-,3620,-,-
TXO,202611,20261118.0,50500.0,Call,-,-,-,-,945.0,-,-,0,0,0,5,820,-,770,550
TXO,202611,20261118.0,50500.0,Put,-,-,-,-,3630.0,-,-,0,0,0,0,-,-,-,-
TXO,202611,20261118.0,50600.0,Call,-,-,-,-,915.0,-,-,0,0,0,5,895,925,810,745
TXO,202611,20261118.0,50600.0,Put,-,-,-,-,3700.0,-,-,0,0,0,0,-,3770,-,-
TXO,202611,20261118.0,50700.0,Call,-,-,-,-,885.0,-,-,0,0,0,5,865,895,820,625
TXO,202611,20261118.0,50700.0,Put,-,-,-,-,3770.0,-,-,0,0,0,0,-,3840,-,-
TXO,202611,20261118.0,50800.0,Call,-,-,-,-,855.0,-,-,0,0,0,5,835,865,690,585
TXO,202611,20261118.0,50800.0,Put,-,-,-,-,3840.0,-,-,0,0,0,0,-,3900,-,-
TXO,202611,20261118.0,50900.0,Call,800,800,800,800,825.0,▲+195,▲+32.23%,0,1,1,5,700,-,800,620
TXO,202611,20261118.0,50900.0,Put,-,-,-,-,3910.0,-,-,0,0,0,0,-,-,-,-
TXO,202611,20261118.0,51000.0,Call,780,780,780,780,780.0,▲+210,▲+36.84%,1,1,2,12,-,-,780,443
TXO,202611,20261118.0,51000.0,Put,-,-,-,-,3980.0,-,-,0,0,0,0,-,-,-,-
TXO,202611,20261118.0,51100.0,Call,-,-,-,-,775.0,-,-,0,0,0,6,755,785,630,400
TXO,202611,20261118.0,51100.0,Put,-,-,-,-,4060.0,-,-,0,0,0,0,-,4110,-,-
TXO,202611,20261118.0,51200.0,Call,-,-,-,-,750.0,-,-,0,0,0,5,625,-,610,610
TXO,202611,20261118.0,51200.0,Put,-,-,-,-,4130.0,-,-,0,0,0,0,-,4190,-,-
TXO,202611,20261118.0,51300.0,Call,-,-,-,-,725.0,-,-,0,0,0,5,565,-,590,590
TXO,202611,20261118.0,51300.0,Put,-,-,-,-,4210.0,-,-,0,0,0,0,-,4280,-,-
TXO,202611,20261118.0,51400.0,Call,-,-,-,-,705.0,-,-,0,0,0,5,680,710,580,580
TXO,202611,20261118.0,51400.0,Put,-,-,-,-,4280.0,-,-,0,0,0,0,-,-,-,-
TXO,202611,20261118.0,51500.0,Call,690,690,675,675,675.0,▲+183,▲+37.20%,0,2,2,7,-,-,690,421
TXO,202611,20261118.0,51500.0,Put,-,-,-,-,4360.0,-,-,0,0,0,0,-,-,-,-
TXO,202611,20261118.0,51600.0,Call,-,-,-,-,650.0,-,-,0,0,0,5,-,-,540,540
TXO,202611,20261118.0,51600.0,Put,-,-,-,-,4430.0,-,-,0,0,0,0,-,4490,-,-
TXO,202611,20261118.0,51700.0,Call,-,-,-,-,625.0,-,-,0,0,0,4,605,635,555,311
TXO,202611,20261118.0,51700.0,Put,-,-,-,-,4500.0,-,-,0,0,0,0,-,4600,-,-
TXO,202611,20261118.0,51800.0,Call,-,-,-,-,605.0,-,-,0,0,0,2,590,615,515,316
TXO,202611,20261118.0,51800.0,Put,-,-,-,-,4580.0,-,-,0,0,0,0,-,-,-,-
TXO,202611,20261118.0,51900.0,Call,-,-,-,-,580.0,-,-,0,0,0,3,448,685,510,310
TXO,202611,20261118.0,51900.0,Put,-,-,-,-,4660.0,-,-,0,0,0,0,-,-,-,-
TXO,202611,20261118.0,52000.0,Call,-,-,-,-,560.0,-,-,0,0,0,8,550,575,500,272
TXO,202611,20261118.0,52000.0,Put,-,-,-,-,4740.0,-,-,0,0,0,0,-,-,-,-
TXO,202611,20261118.0,52100.0,Call,-,-,-,-,545.0,-,-,1,0,1,16,530,555,475,272
TXO,202611,20261118.0,52100.0,Put,-,-,-,-,4820.0,-,-,0,0,0,0,-,4900,-,-
TXO,202611,20261118.0,52200.0,Call,-,-,-,-,525.0,-,-,1,0,1,1,426,595,387,387
TXO,202611,20261118.0,52200.0,Put,-,-,-,-,4900.0,-,-,0,0,0,0,-,-,-,-
TXO,202611,20261118.0,52300.0,Call,-,-,-,-,505.0,-,-,0,0,0,2,491,515,343,318
TXO,202611,20261118.0,52300.0,Put,-,-,-,-,4980.0,-,-,0,0,0,0,-,-,-,-
TXO,202611,20261118.0,52400.0,Call,-,-,-,-,487.0,-,-,0,0,0,0,392,-,-,-
TXO,202611,20261118.0,52400.0,Put,-,-,-,-,5060.0,-,-,0,0,0,0,-,-,-,-
TXO,202611,20261118.0,52500.0,Call,-,-,-,-,469.0,-,-,0,0,0,7,456,476,400,252
TXO,202611,20261118.0,52500.0,Put,-,-,-,-,5150.0,-,-,0,0,0,0,-,-,-,-
TXO,202611,20261118.0,52600.0,Call,-,-,-,-,453.0,-,-,0,0,0,0,440,460,-,-
TXO,202611,20261118.0,52600.0,Put,-,-,-,-,5230.0,-,-,0,0,0,0,-,5290,-,-
TXO,202611,20261118.0,52700.0,Call,-,-,-,-,436.0,-,-,0,0,0,0,423,443,373,373
TXO,202611,20261118.0,52700.0,Put,-,-,-,-,5310.0,-,-,0,0,0,0,-,5410,-,-
TXO,202611,20261118.0,52800.0,Call,-,-,-,-,420.0,-,-,2,0,2,2,252,494,371,285
TXO,202611,20261118.0,52800.0,Put,-,-,-,-,5390.0,-,-,0,0,0,0,-,5490,-,-
TXO,202611,20261118.0,52900.0,Call,389,389,389,389,389.0,▲+103,▲+36.01%,0,1,1,4,393,412,389,222
TXO,202611,20261118.0,52900.0,Put,-,-,-,-,5480.0,-,-,0,0,0,0,-,-,-,-
TXO,202611,20261118.0,53000.0,Call,-,-,-,-,389.0,-,-,0,0,0,0,225,-,-,-
TXO,202611,20261118.0,53000.0,Put,-,-,-,-,5560.0,-,-,0,0,0,0,-,5620,-,-
TXO,202611,20261118.0,53100.0,Call,-,-,-,-,375.0,-,-,0,0,0,0,364,382,-,-
TXO,202611,20261118.0,53100.0,Put,-,-,-,-,5650.0,-,-,0,0,0,0,-,5730,-,-
TXO,202611,20261118.0,53200.0,Call,-,-,-,-,361.0,-,-,0,0,0,2,-,441,246,246
TXO,202611,20261118.0,53200.0,Put,-,-,-,-,5730.0,-,-,0,0,0,0,-,5820,-,-
TXO,202611,20261118.0,53300.0,Call,-,-,-,-,347.0,-,-,0,0,0,5,190,425,335,187
TXO,202611,20261118.0,53300.0,Put,-,-,-,-,5820.0,-,-,0,0,0,0,-,5920,-,-
TXO,202611,20261118.0,53400.0,Call,-,-,-,-,334.0,-,-,0,0,0,0,177,-,-,-
TXO,202611,20261118.0,53400.0,Put,-,-,-,-,5910.0,-,-,0,0,0,0,-,5990,-,-
TXO,202611,20261118.0,53500.0,Call,-,-,-,-,322.0,-,-,0,0,0,0,312,329,-,-
TXO,202611,20261118.0,53500.0,Put,-,-,-,-,5990.0,-,-,0,0,0,0,-,-,-,-
TXO,202611,20261118.0,53600.0,Call,238,238,238,238,310.0,▲+20,▲+9.17%,0,1,1,1,294,311,238,238
TXO,202611,20261118.0,53600.0,Put,-,-,-,-,6080.0,-,-,0,0,0,0,-,-,-,-
TXO,202611,20261118.0,53700.0,Call,-,-,-,-,298.0,-,-,0,0,0,0,145,-,-,-
TXO,202611,20261118.0,53700.0,Put,-,-,-,-,6170.0,-,-,0,0,0,0,-,6270,-,-
TXO,202611,20261118.0,53800.0,Call,-,-,-,-,287.0,-,-,0,0,0,0,278,294,-,-
TXO,202611,20261118.0,53800.0,Put,-,-,-,-,6260.0,-,-,0,0,0,0,-,6360,-,-
TXO,202611,20261118.0,53900.0,Call,-,-,-,-,276.0,-,-,0,0,0,0,126,-,-,-
TXO,202611,20261118.0,53900.0,Put,-,-,-,-,6350.0,-,-,0,0,0,0,-,-,-,-
TXO,202611,20261118.0,54000.0,Call,220,255,220,255,255.0,▲+70,▲+37.84%,3,4,7,9,256,271,255,161
TXO,202611,20261118.0,54000.0,Put,-,-,-,-,6440.0,-,-,0,0,0,0,6390,-,-,-
TXO,202612,20261216.0,25200.0,Call,-,-,-,-,22640.0,-,-,0,0,0,2,-,22850,22620,13580
TXO,202612,20261216.0,25200.0,Put,29.5,33,29.5,33,33.0,▲+3,▲+10.00%,23,8,31,157,29.5,37.5,985,28.5
TXO,202612,20261216.0,25400.0,Call,-,-,-,-,22440.0,-,-,0,0,0,0,-,22640,-,-
TXO,202612,20261216.0,25400.0,Put,-,-,-,-,34.5,-,-,0,0,0,6,16,-,610,84
TXO,202612,20261216.0,25600.0,Call,-,-,-,-,22240.0,-,-,0,0,0,0,22120,22440,-,-
TXO,202612,20261216.0,25600.0,Put,-,-,-,-,35.5,-,-,0,0,0,12,-,-,750,86
TXO,202612,20261216.0,25800.0,Call,-,-,-,-,22050.0,-,-,0,0,0,0,21930,-,-,-
TXO,202612,20261216.0,25800.0,Put,-,-,-,-,36.0,-,-,0,0,0,6,32,40,505,75
TXO,202612,20261216.0,26000.0,Call,-,-,-,-,21850.0,-,-,0,0,0,1,-,22010,17230,7550
TXO,202612,20261216.0,26000.0,Put,-,-,-,-,38.0,-,-,0,0,0,83,35,41,1390,45
TXO,202612,20261216.0,26200.0,Call,-,-,-,-,21650.0,-,-,0,0,0,0,-,-,-,-
TXO,202612,20261216.0,26200.0,Put,-,-,-,-,38.0,-,-,0,0,0,7,34,42,1430,49
TXO,202612,20261216.0,26400.0,Call,-,-,-,-,21450.0,-,-,0,0,0,0,21330,21660,-,-
TXO,202612,20261216.0,26400.0,Put,-,-,-,-,39.0,-,-,0,0,0,13,35,43,1250,80
TXO,202612,20261216.0,26600.0,Call,-,-,-,-,21250.0,-,-,0,0,0,0,-,-,-,-
TXO,202612,20261216.0,26600.0,Put,-,-,-,-,40.0,-,-,0,0,0,1,-,-,765,64
TXO,202612,20261216.0,26800.0,Call,-,-,-,-,21060.0,-,-,0,0,0,0,20940,-,-,-
TXO,202612,20261216.0,26800.0,Put,-,-,-,-,41.0,-,-,0,0,0,3,37,45,1500,57
TXO,202612,20261216.0,27000.0,Call,-,-,-,-,20860.0,-,-,0,0,0,1,20770,21070,18990,7500
TXO,202612,20261216.0,27000.0,Put,-,-,-,-,42.0,-,-,0,0,0,7,-,-,1590,88
TXO,202612,20261216.0,27200.0,Call,-,-,-,-,20660.0,-,-,0,0,0,0,20540,20860,-,-
TXO,202612,20261216.0,27200.0,Put,-,-,-,-,43.0,-,-,0,0,0,1,39,47,710,215
TXO,202612,20261216.0,27400.0,Call,-,-,-,-,20460.0,-,-,0,0,0,0,20330,20660,-,-
TXO,202612,20261216.0,27400.0,Put,-,-,-,-,44.0,-,-,0,0,0,16,40,48,1580,60
TXO,202612,20261216.0,27600.0,Call,-,-,-,-,20260.0,-,-,0,0,0,0,20130,-,-,-
TXO,202612,20261216.0,27600.0,Put,-,-,-,-,45.0,-,-,0,0,0,2,-,141,1300,44.5
TXO,202612,20261216.0,27800.0,Call,-,-,-,-,20070.0,-,-,0,0,0,0,-,20260,-,-
TXO,202612,20261216.0,27800.0,Put,-,-,-,-,46.0,-,-,0,0,0,8,-,-,1550,46
TXO,202612,20261216.0,28000.0,Call,-,-,-,-,19870.0,-,-,0,0,0,0,19750,-,-,-
TXO,202612,20261216.0,28000.0,Put,-,-,-,-,47.0,-,-,0,0,0,18,-,143,1680,47
TXO,202612,20261216.0,28200.0,Call,-,-,-,-,19670.0,-,-,0,0,0,0,-,-,-,-
TXO,202612,20261216.0,28200.0,Put,-,-,-,-,49.0,-,-,0,0,0,8,45,53,1820,60
TXO,202612,20261216.0,28400.0,Call,-,-,-,-,19470.0,-,-,0,0,0,0,19370,19660,-,-
TXO,202612,20261216.0,28400.0,Put,-,-,-,-,50.0,-,-,0,0,0,4,46,54,1400,60
TXO,202612,20261216.0,28600.0,Call,-,-,-,-,19270.0,-,-,0,0,0,0,-,-,-,-
TXO,202612,20261216.0,28600.0,Put,-,-,-,-,51.0,-,-,0,0,0,4,47,55,1500,51
TXO,202612,20261216.0,28800.0,Call,-,-,-,-,19080.0,-,-,0,0,0,0,18960,19270,-,-
TXO,202612,20261216.0,28800.0,Put,-,-,-,-,52.0,-,-,0,0,0,6,-,148,1550,60
TXO,202612,20261216.0,29000.0,Call,-,-,-,-,18880.0,-,-,0,0,0,0,-,19080,-,-
TXO,202612,20261216.0,29000.0,Put,-,-,-,-,55.0,-,-,0,0,0,3,50,59,1860,50
TXO,202612,20261216.0,29200.0,Call,-,-,-,-,18680.0,-,-,0,0,0,0,-,18870,-,-
TXO,202612,20261216.0,29200.0,Put,-,-,-,-,55.0,-,-,0,0,0,3,50,59,1860,260
TXO,202612,20261216.0,29400.0,Call,-,-,-,-,18480.0,-,-,0,0,0,0,18380,18670,-,-
TXO,202612,20261216.0,29400.0,Put,-,-,-,-,57.0,-,-,0,0,0,2,52,61,1700,146
TXO,202612,20261216.0,29600.0,Call,-,-,-,-,18290.0,-,-,0,0,0,0,18210,18460,-,-
TXO,202612,20261216.0,29600.0,Put,-,-,-,-,58.0,-,-,0,0,0,1,53,62,1650,241
TXO,202612,20261216.0,29800.0,Call,-,-,-,-,18090.0,-,-,0,0,0,0,17970,-,11600,5120
TXO,202612,20261216.0,29800.0,Put,-,-,-,-,59.0,-,-,0,0,0,3,-,-,1700,128
TXO,202612,20261216.0,30000.0,Call,-,-,-,-,17890.0,-,-,0,0,0,0,-,18080,11910,4660
TXO,202612,20261216.0,30000.0,Put,-,-,-,-,61.0,-,-,0,0,0,67,56,66,1880,56
TXO,202612,20261216.0,30200.0,Call,-,-,-,-,17690.0,-,-,0,0,0,0,-,17870,14870,4700
TXO,202612,20261216.0,30200.0,Put,-,-,-,-,62.0,-,-,0,0,0,2,57,67,715,98
TXO,202612,20261216.0,30400.0,Call,-,-,-,-,17500.0,-,-,0,0,0,0,17370,17660,-,-
TXO,202612,20261216.0,30400.0,Put,-,-,-,-,63.0,-,-,0,0,0,2,-,-,510,101
TXO,202612,20261216.0,30600.0,Call,-,-,-,-,17300.0,-,-,0,0,0,0,17190,17460,-,-
TXO,202612,20261216.0,30600.0,Put,-,-,-,-,65.0,-,-,0,0,0,2,-,160,2010,67
TXO,202612,20261216.0,30800.0,Call,-,-,-,-,17100.0,-,-,0,0,0,0,-,17260,-,-
TXO,202612,20261216.0,30800.0,Put,-,-,-,-,68.0,-,-,0,0,0,10,-,-,2700,107
TXO,202612,20261216.0,31000.0,Call,-,-,-,-,16900.0,-,-,0,0,0,0,16780,-,-,-
TXO,202612,20261216.0,31000.0,Put,-,-,-,-,68.0,-,-,0,0,0,25,-,163,1220,71
TXO,202612,20261216.0,31200.0,Call,-,-,-,-,16710.0,-,-,0,0,0,0,-,16870,4700,3750
TXO,202612,20261216.0,31200.0,Put,-,-,-,-,70.0,-,-,0,0,0,4,64,75,730,180
TXO,202612,20261216.0,31400.0,Call,-,-,-,-,16510.0,-,-,0,0,0,0,16440,16690,-,-
TXO,202612,20261216.0,31400.0,Put,-,-,-,-,71.0,-,-,0,0,0,1,65,76,198,198
TXO,202612,20261216.0,31600.0,Call,-,-,-,-,16310.0,-,-,0,0,0,0,-,16480,7950,5480
TXO,202612,20261216.0,31600.0,Put,-,-,-,-,73.0,-,-,0,0,0,1,-,-,1870,125
TXO,202612,20261216.0,31800.0,Call,-,-,-,-,16120.0,-,-,0,0,0,0,-,-,10560,5580
TXO,202612,20261216.0,31800.0,Put,-,-,-,-,75.0,-,-,0,0,0,1,-,-,200,150
TXO,202612,20261216.0,32000.0,Call,-,-,-,-,15920.0,-,-,0,0,0,0,15850,16070,9600,3560
TXO,202612,20261216.0,32000.0,Put,-,-,-,-,76.0,-,-,0,0,0,5,70,81,3270,86
TXO,202612,20261216.0,32200.0,Call,-,-,-,-,15720.0,-,-,0,0,0,0,-,15870,-,-
TXO,202612,20261216.0,32200.0,Put,-,-,-,-,78.0,-,-,0,0,0,2,72,83,3130,82
TXO,202612,20261216.0,32400.0,Call,-,-,-,-,15520.0,-,-,0,0,0,0,-,15670,11650,3460
TXO,202612,20261216.0,32400.0,Put,-,-,-,-,80.0,-,-,0,0,0,3,74,85,3250,144
TXO,202612,20261216.0,32600.0,Call,-,-,-,-,15330.0,-,-,0,0,0,0,15260,-,-,-
TXO,202612,20261216.0,32600.0,Put,-,-,-,-,82.0,-,-,0,0,0,11,76,87,1160,101
TXO,202612,20261216.0,32800.0,Call,-,-,-,-,15130.0,-,-,0,0,0,0,-,-,-,-
TXO,202612,20261216.0,32800.0,Put,-,-,-,-,84.0,-,-,0,0,0,7,-,-,1920,199
TXO,202612,20261216.0,33000.0,Call,-,-,-,-,14930.0,-,-,0,0,0,0,-,-,13520,3000
TXO,202612,20261216.0,33000.0,Put,80,81,77,81,86.0,▼-5,▼-5.81%,0,4,4,61,80,91,3280,77
TXO,202612,20261216.0,33200.0,Call,-,-,-,-,14740.0,-,-,0,0,0,0,14640,14890,4180,3280
TXO,202612,20261216.0,33200.0,Put,-,-,-,-,88.0,-,-,0,0,0,1,82,93,780,95
TXO,202612,20261216.0,33400.0,Call,-,-,-,-,14540.0,-,-,0,0,0,0,14440,14690,10800,2780
TXO,202612,20261216.0,33400.0,Put,-,-,-,-,90.0,-,-,0,0,0,2,84,95,3450,500
TXO,202612,20261216.0,33600.0,Call,-,-,-,-,14340.0,-,-,0,0,0,0,14250,14480,10850,2640
TXO,202612,20261216.0,33600.0,Put,-,-,-,-,93.0,-,-,0,0,0,5,87,98,4010,101
TXO,202612,20261216.0,33800.0,Call,-,-,-,-,14150.0,-,-,0,0,0,0,-,14280,-,-
TXO,202612,20261216.0,33800.0,Put,-,-,-,-,95.0,-,-,0,0,0,0,89,100,1670,995
TXO,202612,20261216.0,34000.0,Call,-,-,-,-,13950.0,-,-,0,0,0,0,-,14090,12700,3130
TXO,202612,20261216.0,34000.0,Put,96,97,96,97,97.0,▼-4,▼-3.96%,0,2,2,141,92,103,3620,96
TXO,202612,20261216.0,34200.0,Call,-,-,-,-,13750.0,-,-,0,0,0,0,-,-,8850,5200
TXO,202612,20261216.0,34200.0,Put,91,91,91,91,101.0,▼-11,▼-10.78%,0,1,1,1,95,106,1780,91
TXO,202612,20261216.0,34400.0,Call,-,-,-,-,13560.0,-,-,0,0,0,0,-,13710,-,-
TXO,202612,20261216.0,34400.0,Put,-,-,-,-,103.0,-,-,0,0,0,2,0.3,194,2600,438
TXO,202612,20261216.0,34600.0,Call,-,-,-,-,13360.0,-,-,0,0,0,0,13270,13490,-,-
TXO,202612,20261216.0,34600.0,Put,104,104,104,104,104.0,0,0%,0,2,2,3,100,115,2670,104
TXO,202612,20261216.0,34800.0,Call,-,-,-,-,13170.0,-,-,0,0,0,0,-,13300,4830,3240
TXO,202612,20261216.0,34800.0,Put,-,-,-,-,110.0,-,-,0,0,0,1,100,119,3120,330
TXO,202612,20261216.0,35000.0,Call,-,-,-,-,12970.0,-,-,0,0,0,0,-,-,12910,2200
TXO,202612,20261216.0,35000.0,Put,-,-,-,-,114.0,-,-,0,0,0,38,103,123,2100,120
TXO,202612,20261216.0,35200.0,Call,-,-,-,-,12780.0,-,-,0,0,0,0,12680,12900,4590,3370
TXO,202612,20261216.0,35200.0,Put,-,-,-,-,117.0,-,-,0,0,0,2,106,127,3000,400
TXO,202612,20261216.0,35400.0,Call,-,-,-,-,12580.0,-,-,0,0,0,0,12520,12710,9450,3340
TXO,202612,20261216.0,35400.0,Put,-,-,-,-,121.0,-,-,0,0,0,0,9.3,-,1300,350
TXO,202612,20261216.0,35600.0,Call,-,-,-,-,12390.0,-,-,0,0,0,0,12290,-,12870,2380
TXO,202612,20261216.0,35600.0,Put,-,-,-,-,125.0,-,-,0,0,0,1,113,136,4020,193
TXO,202612,20261216.0,35800.0,Call,-,-,-,-,12190.0,-,-,0,0,0,0,-,-,7020,6410
TXO,202612,20261216.0,35800.0,Put,-,-,-,-,130.0,-,-,0,0,0,1,117,141,2000,1020
TXO,202612,20261216.0,36000.0,Call,-,-,-,-,12000.0,-,-,0,0,0,1,11920,12140,8050,1950
TXO,202612,20261216.0,36000.0,Put,-,-,-,-,135.0,-,-,4,0,4,105,122,147,3300,130
TXO,202612,20261216.0,36200.0,Call,-,-,-,-,11800.0,-,-,0,0,0,0,-,11930,7130,1470
TXO,202612,20261216.0,36200.0,Put,-,-,-,-,140.0,-,-,0,0,0,0,120,-,-,-
TXO,202612,20261216.0,36400.0,Call,-,-,-,-,11610.0,-,-,0,0,0,0,-,-,10490,1390
TXO,202612,20261216.0,36400.0,Put,-,-,-,-,146.0,-,-,0,0,0,1,131,160,2020,1450
TXO,202612,20261216.0,36600.0,Call,-,-,-,-,11420.0,-,-,0,0,0,0,11320,11540,6880,1320
TXO,202612,20261216.0,36600.0,Put,-,-,-,-,153.0,-,-,0,0,0,5,137,167,2130,171
TXO,202612,20261216.0,36800.0,Call,-,-,-,-,11230.0,-,-,0,0,0,0,11130,-,11890,1260
TXO,202612,20261216.0,36800.0,Put,-,-,-,-,159.0,-,-,0,0,0,50,142,174,2670,197
TXO,202612,20261216.0,37000.0,Call,-,-,-,-,11030.0,-,-,0,0,0,4,-,11150,12020,1350
TXO,202612,20261216.0,37000.0,Put,-,-,-,-,167.0,-,-,6,0,6,99,149,183,3150,160
TXO,202612,20261216.0,37200.0,Call,-,-,-,-,10840.0,-,-,0,0,0,0,-,10960,9030,1740
TXO,202612,20261216.0,37200.0,Put,-,-,-,-,174.0,-,-,0,0,0,9,56,257,1070,231
TXO,202612,20261216.0,37400.0,Call,-,-,-,-,10650.0,-,-,0,0,0,0,10560,10750,10760,1280
TXO,202612,20261216.0,37400.0,Put,-,-,-,-,182.0,-,-,0,0,0,11,164,199,1540,195
TXO,202612,20261216.0,37600.0,Call,-,-,-,-,10460.0,-,-,0,0,0,2,-,-,1260,1260
TXO,202612,20261216.0,37600.0,Put,-,-,-,-,192.0,-,-,0,0,0,7,174,209,2950,399
TXO,202612,20261216.0,37800.0,Call,-,-,-,-,10270.0,-,-,0,0,0,0,-,-,11540,1240
TXO,202612,20261216.0,37800.0,Put,-,-,-,-,201.0,-,-,1,0,1,14,183,218,2900,197
TXO,202612,20261216.0,38000.0,Call,-,-,-,-,10080.0,-,-,0,0,0,18,9950,-,8700,1230
TXO,202612,20261216.0,38000.0,Put,-,-,-,-,211.0,-,-,4,0,4,175,193,228,3430,215
TXO,202612,20261216.0,38200.0,Call,-,-,-,-,9900.0,-,-,0,0,0,0,9800,-,7280,1200
TXO,202612,20261216.0,38200.0,Put,-,-,-,-,223.0,-,-,0,0,0,6,204,239,1900,494
TXO,202612,20261216.0,38400.0,Call,-,-,-,-,9710.0,-,-,0,0,0,0,9600,9800,7140,1270
TXO,202612,20261216.0,38400.0,Put,-,-,-,-,235.0,-,-,0,0,0,2,216,251,835,300
TXO,202612,20261216.0,38600.0,Call,-,-,-,-,9530.0,-,-,0,0,0,3,-,9630,10540,1080
TXO,202612,20261216.0,38600.0,Put,262,262,262,262,262.0,▼-7,▼-2.60%,0,1,1,11,231,266,3100,262
TXO,202612,20261216.0,38800.0,Call,-,-,-,-,9340.0,-,-,0,0,0,0,9250,9430,10770,775
TXO,202612,20261216.0,38800.0,Put,-,-,-,-,264.0,-,-,0,0,0,2,245,280,1510,310
TXO,202612,20261216.0,39000.0,Call,-,-,-,-,9160.0,-,-,0,0,0,4,-,-,9290,1100
TXO,202612,20261216.0,39000.0,Put,-,-,-,-,278.0,-,-,0,0,0,117,259,294,3690,315
TXO,202612,20261216.0,39200.0,Call,-,-,-,-,8970.0,-,-,0,0,0,0,-,-,10280,1290
TXO,202612,20261216.0,39200.0,Put,-,-,-,-,293.0,-,-,0,0,0,1,274,309,3680,1030
TXO,202612,20261216.0,39400.0,Call,-,-,-,-,8790.0,-,-,0,0,0,0,-,-,11070,1300
TXO,202612,20261216.0,39400.0,Put,-,-,-,-,310.0,-,-,0,0,0,1,291,326,3380,500
TXO,202612,20261216.0,39600.0,Call,-,-,-,-,8610.0,-,-,0,0,0,0,8510,-,11070,750
TXO,202612,20261216.0,39600.0,Put,-,-,-,-,327.0,-,-,0,0,0,3,308,343,3660,505
TXO,202612,20261216.0,39800.0,Call,-,-,-,-,8430.0,-,-,0,0,0,0,-,-,11350,1250
TXO,202612,20261216.0,39800.0,Put,-,-,-,-,345.0,-,-,0,0,0,1,212,411,4080,780
TXO,202612,20261216.0,40000.0,Call,-,-,-,-,8250.0,-,-,0,0,0,12,-,8340,9010,705
TXO,202612,20261216.0,40000.0,Put,340,340,340,340,363.0,▼-60,▼-15.00%,0,1,1,110,230,-,3960,340
TXO,202612,20261216.0,40200.0,Call,-,-,-,-,8070.0,-,-,0,0,0,0,-,-,6970,2200
TXO,202612,20261216.0,40200.0,Put,-,-,-,-,386.0,-,-,0,0,0,1,367,402,3430,990
TXO,202612,20261216.0,40400.0,Call,-,-,-,-,7890.0,-,-,0,0,0,1,7800,7980,8140,695
TXO,202612,20261216.0,40400.0,Put,-,-,-,-,407.0,-,-,0,0,0,0,388,423,2820,2700
TXO,202612,20261216.0,40600.0,Call,-,-,-,-,7710.0,-,-,0,0,0,0,-,-,6630,740
TXO,202612,20261216.0,40600.0,Put,-,-,-,-,427.0,-,-,0,0,0,1,403,448,2750,1930
TXO,202612,20261216.0,40800.0,Call,-,-,-,-,7540.0,-,-,0,0,0,16,-,-,9640,1410
TXO,202612,20261216.0,40800.0,Put,-,-,-,-,451.0,-,-,0,0,0,300,427,472,3980,1140
TXO,202612,20261216.0,41000.0,Call,-,-,-,-,7360.0,-,-,0,0,0,5,-,7430,9160,675
TXO,202612,20261216.0,41000.0,Put,-,-,-,-,476.0,-,-,0,0,0,56,451,496,4390,580
TXO,202612,20261216.0,41200.0,Call,-,-,-,-,7190.0,-,-,0,0,0,0,7100,-,5620,3150
TXO,202612,20261216.0,41200.0,Put,490,490,490,490,490.0,▼-75,▼-13.27%,0,1,1,2,482,525,4410,490
TXO,202612,20261216.0,41400.0,Call,-,-,-,-,7020.0,-,-,0,0,0,30,6930,7140,10000,360
TXO,202612,20261216.0,41400.0,Put,525,525,525,525,525.0,▼-75,▼-12.50%,0,3,3,1,-,615,4540,525
TXO,202612,20261216.0,41600.0,Call,-,-,-,-,6850.0,-,-,0,0,0,11,6760,-,6550,1450
TXO,202612,20261216.0,41600.0,Put,-,-,-,-,560.0,-,-,0,0,0,2,535,580,4290,985
TXO,202612,20261216.0,41800.0,Call,-,-,-,-,6680.0,-,-,0,0,0,15,-,-,8490,710
TXO,202612,20261216.0,41800.0,Put,-,-,-,-,595.0,-,-,0,0,0,0,565,615,4390,2000
TXO,202612,20261216.0,42000.0,Call,6360,6360,6360,6360,6520.0,▲+500,▲+8.53%,0,1,1,71,6330,6630,8720,800
TXO,202612,20261216.0,42000.0,Put,-,-,-,-,625.0,-,-,2,0,2,108,595,645,4950,645
TXO,202612,20261216.0,42200.0,Call,-,-,-,-,6350.0,-,-,1,0,1,2,6250,6470,8040,1500
TXO,202612,20261216.0,42200.0,Put,-,-,-,-,655.0,-,-,0,0,0,100,625,680,3610,1660
TXO,202612,20261216.0,42400.0,Call,-,-,-,-,6190.0,-,-,0,0,0,0,6020,6250,5850,1260
TXO,202612,20261216.0,42400.0,Put,-,-,-,-,695.0,-,-,0,0,0,0,545,-,4790,1100
TXO,202612,20261216.0,42600.0,Call,-,-,-,-,6020.0,-,-,0,0,0,2,-,-,7280,965
TXO,202612,20261216.0,42600.0,Put,-,-,-,-,730.0,-,-,0,0,0,0,695,755,4770,3040
TXO,202612,20261216.0,42800.0,Call,-,-,-,-,5860.0,-,-,0,0,0,1,5770,5980,4950,2510
TXO,202612,20261216.0,42800.0,Put,-,-,-,-,765.0,-,-,0,0,0,0,730,795,1190,900
TXO,202612,20261216.0,43000.0,Call,-,-,-,-,5700.0,-,-,0,0,0,62,5610,-,9700,1130
TXO,202612,20261216.0,43000.0,Put,800,800,800,800,800.0,▼-120,▼-13.04%,18,1,19,70,770,835,5020,800
TXO,202612,20261216.0,43200.0,Call,-,-,-,-,5540.0,-,-,0,0,0,0,5470,-,4670,1400
TXO,202612,20261216.0,43200.0,Put,-,-,-,-,845.0,-,-,0,0,0,0,805,875,-,-
TXO,202612,20261216.0,43400.0,Call,-,-,-,-,5390.0,-,-,0,0,0,0,5290,-,7410,4950
TXO,202612,20261216.0,43400.0,Put,-,-,-,-,895.0,-,-,0,0,0,2,855,925,5280,2010
TXO,202612,20261216.0,43600.0,Call,-,-,-,-,5240.0,-,-,0,0,0,1,5140,-,5510,950
TXO,202612,20261216.0,43600.0,Put,-,-,-,-,940.0,-,-,0,0,0,0,-,-,4780,1960
TXO,202612,20261216.0,43800.0,Call,-,-,-,-,5100.0,-,-,0,0,0,1,4940,5190,8340,1020
TXO,202612,20261216.0,43800.0,Put,930,930,930,930,995.0,▼-190,▼-16.96%,0,2,2,2,950,1020,4460,930
TXO,202612,20261216.0,44000.0,Call,-,-,-,-,4950.0,-,-,0,0,0,4,4840,-,8350,2260
TXO,202612,20261216.0,44000.0,Put,1060,1060,1060,1060,1060.0,▼-120,▼-10.17%,0,1,1,103,1000,1090,4770,1060
TXO,202612,20261216.0,44200.0,Call,-,-,-,-,4790.0,-,-,0,0,0,2,4680,-,5630,600
TXO,202612,20261216.0,44200.0,Put,1050,1080,1030,1060,1090.0,▼-170,▼-13.82%,0,16,16,59,1050,1120,4890,1030
TXO,202612,20261216.0,44400.0,Call,-,-,-,-,4650.0,-,-,0,0,0,1,4550,-,6730,930
TXO,202612,20261216.0,44400.0,Put,1100,1100,1090,1090,1140.0,▼-200,▼-15.50%,0,6,6,106,1110,1170,4660,1090
TXO,202612,20261216.0,44600.0,Call,-,-,-,-,4500.0,-,-,1,0,1,11,4380,-,5770,890
TXO,202612,20261216.0,44600.0,Put,1160,1190,1140,1190,1190.0,▼-160,▼-11.85%,0,5,5,7,1160,-,6030,1140
TXO,202612,20261216.0,44800.0,Call,-,-,-,-,4360.0,-,-,0,0,0,2,4250,-,3190,2320
TXO,202612,20261216.0,44800.0,Put,1210,1240,1190,1240,1240.0,▼-170,▼-12.06%,0,6,6,8,1220,1280,5600,1190
TXO,202612,20261216.0,45000.0,Call,-,-,-,-,4220.0,-,-,0,0,0,2,4080,-,6790,2600
TXO,202612,20261216.0,45000.0,Put,1270,1290,1250,1290,1290.0,▼-190,▼-12.84%,1,5,6,106,1280,1550,6200,1250
TXO,202612,20261216.0,45200.0,Call,-,-,-,-,4080.0,-,-,0,0,0,1,-,-,6620,925
TXO,202612,20261216.0,45200.0,Put,1330,1350,1310,1350,1380.0,▼-200,▼-12.90%,0,6,6,6,1340,1400,6690,1310
TXO,202612,20261216.0,45400.0,Call,-,-,-,-,3950.0,-,-,0,0,0,1,-,4030,6500,2250
TXO,202612,20261216.0,45400.0,Put,1390,1430,1380,1430,1430.0,▼-200,▼-12.27%,0,5,5,5,1400,-,6540,1380
TXO,202612,20261216.0,45600.0,Call,-,-,-,-,3810.0,-,-,0,0,0,3,3700,3900,6160,1070
TXO,202612,20261216.0,45600.0,Put,1460,1490,1450,1490,1490.0,▼-220,▼-12.87%,0,3,3,3,1460,1520,7000,1450
TXO,202612,20261216.0,45800.0,Call,-,-,-,-,3680.0,-,-,0,0,0,2,3530,-,3200,1980
TXO,202612,20261216.0,45800.0,Put,1510,1550,1510,1550,1550.0,▼-230,▼-12.92%,0,2,2,2,1530,1600,1550,1510
TXO,202612,20261216.0,46000.0,Call,3500,3500,3500,3500,3550.0,▲+470,▲+15.51%,0,1,1,259,-,3620,5560,1640
TXO,202612,20261216.0,46000.0,Put,1580,1620,1580,1620,1620.0,▼-240,▼-12.90%,1,2,3,192,1600,1660,7060,1580
TXO,202612,20261216.0,46200.0,Call,-,-,-,-,3430.0,-,-,0,0,0,1,3330,3500,2620,2450
TXO,202612,20261216.0,46200.0,Put,1650,1690,1650,1690,1720.0,▼-250,▼-12.89%,0,2,2,2,1670,1750,7260,1650
TXO,202612,20261216.0,46400.0,Call,-,-,-,-,3300.0,-,-,0,0,0,3,-,3400,5700,1560
TXO,202612,20261216.0,46400.0,Put,1720,1750,1720,1750,1790.0,▼-270,▼-13.37%,0,2,2,2,1730,1830,5970,1720
TXO,202612,20261216.0,46600.0,Call,3060,3190,3060,3190,3190.0,▲+500,▲+18.59%,0,10,10,52,3070,3240,6500,1500
TXO,202612,20261216.0,46600.0,Put,1800,1840,1800,1830,1870.0,▼-290,▼-13.68%,0,3,3,7,1810,1910,2550,1800
TXO,202612,20261216.0,46800.0,Call,-,-,-,-,3050.0,-,-,0,0,0,11,2950,3100,5870,1500
TXO,202612,20261216.0,46800.0,Put,-,-,-,-,1930.0,-,-,0,0,0,5,1870,1980,7770,2120
TXO,202612,20261216.0,47000.0,Call,-,-,-,-,2940.0,-,-,0,0,0,239,-,3500,6430,1420
TXO,202612,20261216.0,47000.0,Put,1980,1980,1980,1980,2020.0,▼-320,▼-13.91%,0,1,1,8,1870,-,7620,1980
TXO,202612,20261216.0,47200.0,Call,-,-,-,-,2830.0,-,-,0,0,0,61,-,-,4830,1680
TXO,202612,20261216.0,47200.0,Put,-,-,-,-,2110.0,-,-,0,0,0,0,-,-,-,-
TXO,202612,20261216.0,47400.0,Call,2610,2680,2600,2680,2720.0,▲+450,▲+20.18%,0,4,4,62,-,2790,5670,2070
TXO,202612,20261216.0,47400.0,Put,-,-,-,-,2200.0,-,-,0,0,0,0,-,-,6210,3550
TXO,202612,20261216.0,47600.0,Call,-,-,-,-,2610.0,-,-,0,0,0,48,2510,2650,5180,1100
TXO,202612,20261216.0,47600.0,Put,-,-,-,-,2290.0,-,-,0,0,0,0,2220,2340,6310,4920
TXO,202612,20261216.0,47800.0,Call,2270,2270,2270,2270,2510.0,▲+220,▲+10.73%,0,2,2,9,2410,2550,5050,1290
TXO,202612,20261216.0,47800.0,Put,-,-,-,-,2390.0,-,-,0,0,0,2,2320,2440,5750,4890
TXO,202612,20261216.0,48000.0,Call,-,-,-,-,2400.0,-,-,0,0,0,73,2310,2430,5100,1330
TXO,202612,20261216.0,48000.0,Put,-,-,-,-,2480.0,-,-,0,0,0,5,2390,2530,8030,3190
TXO,202612,20261216.0,48200.0,Call,-,-,-,-,2300.0,-,-,0,0,0,1,-,-,3960,2090
TXO,202612,20261216.0,48200.0,Put,2570,2570,2570,2570,2570.0,▼-310,▼-10.76%,0,5,5,5,2490,2630,5860,2570
TXO,202612,20261216.0,48400.0,Call,-,-,-,-,2200.0,-,-,0,0,0,0,-,-,5700,1520
TXO,202612,20261216.0,48400.0,Put,-,-,-,-,2670.0,-,-,0,0,0,4,2590,2730,5920,5910
TXO,202612,20261216.0,48600.0,Call,-,-,-,-,2100.0,-,-,0,0,0,0,-,-,4880,3450
TXO,202612,20261216.0,48600.0,Put,-,-,-,-,2770.0,-,-,0,0,0,0,2690,2850,6090,4600
TXO,202612,20261216.0,48800.0,Call,-,-,-,-,1980.0,-,-,0,0,0,0,-,-,-,-
TXO,202612,20261216.0,48800.0,Put,-,-,-,-,2850.0,-,-,0,0,0,1,2790,2950,8920,4350
TXO,202612,20261216.0,49000.0,Call,-,-,-,-,1890.0,-,-,0,202,202,420,2.9,-,5280,1070
TXO,202612,20261216.0,49000.0,Put,3080,3080,3080,3080,2960.0,▼-260,▼-7.78%,0,1,1,5,2890,3050,6900,3080
TXO,202612,20261216.0,49200.0,Call,-,-,-,-,1800.0,-,-,25,0,25,16,1760,1860,4080,995
TXO,202612,20261216.0,49200.0,Put,-,-,-,-,3070.0,-,-,0,0,0,1,2,3200,4800,4800
TXO,202612,20261216.0,49400.0,Call,-,-,-,-,1710.0,-,-,0,0,0,5,-,1830,3760,1240
TXO,202612,20261216.0,49400.0,Put,-,-,-,-,3180.0,-,-,0,0,0,3,-,3300,8650,4900
TXO,202612,20261216.0,49600.0,Call,-,-,-,-,1620.0,-,-,0,0,0,10,1480,-,4800,1160
TXO,202612,20261216.0,49600.0,Put,-,-,-,-,3290.0,-,-,0,0,0,0,-,-,6900,5500
TXO,202612,20261216.0,49800.0,Call,-,-,-,-,1540.0,-,-,0,0,0,0,1500,1590,2780,960
TXO,202612,20261216.0,49800.0,Put,-,-,-,-,3400.0,-,-,0,0,0,0,-,-,-,-
TXO,202612,20261216.0,50000.0,Call,1500,1500,1450,1450,1450.0,▲+260,▲+21.85%,0,2,2,79,1360,-,5000,900
TXO,202612,20261216.0,50000.0,Put,-,-,-,-,3520.0,-,-,0,0,0,12,-,3660,9900,4000
TXO,202612,20261216.0,50200.0,Call,-,-,-,-,1390.0,-,-,0,0,0,5,-,1490,4800,945
TXO,202612,20261216.0,50200.0,Put,-,-,-,-,3650.0,-,-,0,0,0,2,-,3810,5420,5400
TXO,202612,20261216.0,50400.0,Call,-,-,-,-,1320.0,-,-,0,0,0,40,1280,1370,5200,840
TXO,202612,20261216.0,50400.0,Put,-,-,-,-,3780.0,-,-,0,0,0,4,-,3910,9460,5540
TXO,202612,20261216.0,50600.0,Call,-,-,-,-,1250.0,-,-,0,0,0,0,-,-,3640,705
TXO,202612,20261216.0,50600.0,Put,-,-,-,-,3910.0,-,-,0,0,0,2,-,4050,5690,5670
TXO,202612,20261216.0,50800.0,Call,-,-,-,-,1190.0,-,-,0,0,0,13,-,1310,3620,955
TXO,202612,20261216.0,50800.0,Put,-,-,-,-,4050.0,-,-,0,0,0,0,-,-,-,-
TXO,202612,20261216.0,51000.0,Call,1150,1150,1150,1150,1120.0,▲+265,▲+29.94%,0,1,1,10,1000,-,4420,710
TXO,202612,20261216.0,51000.0,Put,-,-,-,-,4180.0,-,-,0,0,0,0,-,-,-,-
TXO,202612,20261216.0,51200.0,Call,-,-,-,-,1060.0,-,-,0,0,0,5,1020,1110,950,950
TXO,202612,20261216.0,51200.0,Put,-,-,-,-,4320.0,-,-,0,0,0,0,-,4420,-,-
TXO,202612,20261216.0,51400.0,Call,-,-,-,-,1000.0,-,-,0,0,0,2,-,1100,1950,970
TXO,202612,20261216.0,51400.0,Put,-,-,-,-,4460.0,-,-,0,0,0,0,4410,-,-,-
TXO,202612,20261216.0,51600.0,Call,-,-,-,-,945.0,-,-,0,0,0,0,915,985,3280,2950
TXO,202612,20261216.0,51600.0,Put,-,-,-,-,4600.0,-,-,0,0,0,0,-,4700,-,-
TXO,202612,20261216.0,51800.0,Call,850,850,850,850,890.0,▲+155,▲+22.30%,0,7,7,13,860,930,2550,810
TXO,202612,20261216.0,51800.0,Put,-,-,-,-,4750.0,-,-,0,0,0,0,-,-,-,-
TXO,202612,20261216.0,52000.0,Call,785,850,785,850,850.0,▲+195,▲+29.77%,0,2,2,19,810,880,3380,505
TXO,202612,20261216.0,52000.0,Put,-,-,-,-,4900.0,-,-,0,0,0,0,-,4980,-,-
TXO,202612,20261216.0,52200.0,Call,-,-,-,-,790.0,-,-,0,0,0,0,760,825,1150,570
TXO,202612,20261216.0,52200.0,Put,-,-,-,-,5040.0,-,-,0,0,0,0,-,-,-,-
TXO,202612,20261216.0,52400.0,Call,-,-,-,-,745.0,-,-,0,0,0,15,-,-,3950,1020
TXO,202612,20261216.0,52400.0,Put,-,-,-,-,5200.0,-,-,0,0,0,0,-,5320,8790,6780
TXO,202612,20261216.0,52600.0,Call,-,-,-,-,700.0,-,-,0,0,0,2,675,735,1820,690
TXO,202612,20261216.0,52600.0,Put,-,-,-,-,5350.0,-,-,0,0,0,0,-,5460,-,-
TXO,202612,20261216.0,52800.0,Call,-,-,-,-,665.0,-,-,0,0,0,7,550,775,2770,476
TXO,202612,20261216.0,52800.0,Put,-,-,-,-,5510.0,-,-,0,0,0,0,5460,-,-,-
TXO,202612,20261216.0,53000.0,Call,600,600,600,600,625.0,▲+112,▲+22.95%,0,288,288,398,605,655,2970,383
TXO,202612,20261216.0,53000.0,Put,-,-,-,-,5680.0,-,-,0,0,0,0,-,5770,-,-
TXO,202612,20261216.0,53200.0,Call,580,580,580,580,580.0,▲+123,▲+26.91%,0,1,1,12,498,-,3950,479
TXO,202612,20261216.0,53200.0,Put,-,-,-,-,5840.0,-,-,0,0,0,0,-,5890,-,-
TXO,202612,20261216.0,53400.0,Call,-,-,-,-,550.0,-,-,0,0,0,4,530,575,2870,895
TXO,202612,20261216.0,53400.0,Put,-,-,-,-,6000.0,-,-,0,0,0,0,-,-,-,-
TXO,202612,20261216.0,53600.0,Call,-,-,-,-,515.0,-,-,0,0,0,3,435,610,900,825
TXO,202612,20261216.0,53600.0,Put,-,-,-,-,6160.0,-,-,0,0,0,0,-,-,-,-
TXO,202612,20261216.0,53800.0,Call,-,-,-,-,485.0,-,-,0,0,0,3,466,510,2640,329
TXO,202612,20261216.0,53800.0,Put,-,-,-,-,6330.0,-,-,0,0,0,0,-,6450,-,-
TXO,202612,20261216.0,54000.0,Call,-,-,-,-,457.0,-,-,0,303,303,314,437,482,3360,306
TXO,202612,20261216.0,54000.0,Put,-,-,-,-,6500.0,-,-,0,0,0,0,-,-,-,-
TXO,202612,20261216.0,54200.0,Call,380,380,380,380,428.0,▲+51,▲+15.50%,0,2,2,0,-,-,840,380
TXO,202612,20261216.0,54200.0,Put,-,-,-,-,6670.0,-,-,0,0,0,0,-,6780,-,-
TXO,202612,20261216.0,54400.0,Call,-,-,-,-,402.0,-,-,0,0,0,3,250,-,2050,421
TXO,202612,20261216.0,54400.0,Put,-,-,-,-,6840.0,-,-,0,0,0,0,-,6950,-,-
TXO,202612,20261216.0,54600.0,Call,-,-,-,-,377.0,-,-,0,0,0,0,228,-,1420,298
TXO,202612,20261216.0,54600.0,Put,-,-,-,-,7020.0,-,-,0,0,0,0,-,-,-,-
TXO,202612,20261216.0,54800.0,Call,-,-,-,-,354.0,-,-,0,0,0,10,339,374,3060,480
TXO,202612,20261216.0,54800.0,Put,-,-,-,-,7190.0,-,-,0,0,0,0,-,-,-,-
TXO,202612,20261216.0,55000.0,Call,320,320,320,320,320.0,▲+64,▲+25.00%,0,1,1,34,317,352,2920,217
TXO,202612,20261216.0,55000.0,Put,-,-,-,-,7370.0,-,-,0,0,0,0,-,-,-,-
TXO,202612,20261216.0,55200.0,Call,-,-,-,-,313.0,-,-,0,0,0,2,170,-,1980,207
TXO,202612,20261216.0,55200.0,Put,-,-,-,-,7550.0,-,-,0,0,0,0,-,-,-,-
TXO,202612,20261216.0,55400.0,Call,-,-,-,-,293.0,-,-,0,0,0,5,153,398,2930,370
TXO,202612,20261216.0,55400.0,Put,-,-,-,-,7730.0,-,-,0,0,0,0,-,-,-,-
TXO,202612,20261216.0,55600.0,Call,-,-,-,-,275.0,-,-,0,0,0,5,-,380,2150,273
TXO,202612,20261216.0,55600.0,Put,-,-,-,-,7910.0,-,-,0,0,0,0,-,-,-,-
TXO,202612,20261216.0,55800.0,Call,-,-,-,-,258.0,-,-,0,0,0,18,242,277,3020,188
TXO,202612,20261216.0,55800.0,Put,-,-,-,-,8090.0,-,-,0,0,0,0,-,-,-,-
TXO,202612,20261216.0,56000.0,Call,-,-,-,-,245.0,-,-,0,0,0,11,229,264,2170,165
TXO,202612,20261216.0,56000.0,Put,-,-,-,-,8280.0,-,-,0,0,0,0,-,8350,-,-
TXO,202612,20261216.0,56200.0,Call,-,-,-,-,230.0,-,-,0,0,0,0,95,-,1900,319
TXO,202612,20261216.0,56200.0,Put,-,-,-,-,8460.0,-,-,0,0,0,0,-,8580,-,-
TXO,202612,20261216.0,56400.0,Call,-,-,-,-,216.0,-,-,0,0,0,1,48.5,306,1770,187
TXO,202612,20261216.0,56400.0,Put,-,-,-,-,8650.0,-,-,0,0,0,0,-,-,-,-
TXO,202612,20261216.0,56600.0,Call,-,-,-,-,203.0,-,-,0,0,0,5,71,272,495,375
TXO,202612,20261216.0,56600.0,Put,-,-,-,-,8830.0,-,-,0,0,0,0,-,-,-,-
TXO,202612,20261216.0,56800.0,Call,-,-,-,-,190.0,-,-,0,0,0,0,60,-,1830,342
TXO,202612,20261216.0,56800.0,Put,-,-,-,-,9020.0,-,-,0,0,0,0,-,-,-,-
TXO,202612,20261216.0,57000.0,Call,-,-,-,-,178.0,-,-,0,280,280,286,162,197,2500,110
TXO,202612,20261216.0,57000.0,Put,-,-,-,-,9210.0,-,-,0,0,0,0,-,9330,-,-
TXO,202612,20261216.0,57200.0,Call,-,-,-,-,168.0,-,-,0,0,0,5,64,-,1880,130
TXO,202612,20261216.0,57200.0,Put,-,-,-,-,9400.0,-,-,0,0,0,0,-,9530,-,-
TXO,202612,20261216.0,57400.0,Call,138,157,138,157,157.0,▲+55,▲+53.92%,2,14,16,256,141,176,1870,21
TXO,202612,20261216.0,57400.0,Put,-,-,-,-,9580.0,-,-,0,0,0,0,-,-,-,-
TXO,202703,20270317.0,31800.0,Call,-,-,-,-,16570.0,-,-,0,0,0,0,16510,16750,-,-
TXO,202703,20270317.0,31800.0,Put,130,131,130,131,131.0,▼-8,▼-5.76%,20,6,26,96,123,140,1020,102
TXO,202703,20270317.0,32000.0,Call,-,-,-,-,16380.0,-,-,0,0,0,0,16290,16590,-,-
TXO,202703,20270317.0,32000.0,Put,-,-,-,-,142.0,-,-,0,0,0,19,70,301,1360,138
TXO,202703,20270317.0,32200.0,Call,-,-,-,-,16190.0,-,-,0,0,0,0,-,16360,-,-
TXO,202703,20270317.0,32200.0,Put,-,-,-,-,147.0,-,-,0,0,0,1,130,165,265,225
TXO,202703,20270317.0,32400.0,Call,-,-,-,-,15990.0,-,-,0,0,0,0,-,-,-,-
TXO,202703,20270317.0,32400.0,Put,-,-,-,-,151.0,-,-,0,0,0,0,134,169,331,290
TXO,202703,20270317.0,32600.0,Call,-,-,-,-,15800.0,-,-,0,0,0,0,-,15980,-,-
TXO,202703,20270317.0,32600.0,Put,-,-,-,-,156.0,-,-,0,0,0,0,139,174,375,356
TXO,202703,20270317.0,32800.0,Call,-,-,-,-,15610.0,-,-,0,0,0,0,15490,15790,-,-
TXO,202703,20270317.0,32800.0,Put,-,-,-,-,161.0,-,-,0,0,0,1,144,179,415,195
TXO,202703,20270317.0,33000.0,Call,-,-,-,-,15420.0,-,-,0,0,0,0,15270,15580,-,-
TXO,202703,20270317.0,33000.0,Put,-,-,-,-,167.0,-,-,0,0,0,12,47,248,469,235
TXO,202703,20270317.0,33200.0,Call,-,-,-,-,15220.0,-,-,0,0,0,0,-,15380,-,-
TXO,202703,20270317.0,33200.0,Put,-,-,-,-,172.0,-,-,0,0,0,8,155,190,1690,488
TXO,202703,20270317.0,33400.0,Call,-,-,-,-,15030.0,-,-,0,0,0,0,-,-,-,-
TXO,202703,20270317.0,33400.0,Put,-,-,-,-,179.0,-,-,0,0,0,0,57,-,-,-
TXO,202703,20270317.0,33600.0,Call,-,-,-,-,14840.0,-,-,0,0,0,0,14710,-,-,-
TXO,202703,20270317.0,33600.0,Put,-,-,-,-,185.0,-,-,1,0,1,1,168,203,935,184
TXO,202703,20270317.0,33800.0,Call,-,-,-,-,14650.0,-,-,0,0,0,0,14510,14830,-,-
TXO,202703,20270317.0,33800.0,Put,178,178,178,178,192.0,▼-17,▼-8.72%,0,2,2,21,68,269,1850,178
TXO,202703,20270317.0,34000.0,Call,-,-,-,-,14450.0,-,-,0,0,0,0,-,-,-,-
TXO,202703,20270317.0,34000.0,Put,184,185,184,185,194.0,▼-21,▼-10.19%,1,3,4,4,177,212,1420,184
TXO,202703,20270317.0,34200.0,Call,-,-,-,-,14270.0,-,-,0,0,0,0,14120,-,-,-
TXO,202703,20270317.0,34200.0,Put,-,-,-,-,207.0,-,-,0,0,0,1,190,225,1390,243
TXO,202703,20270317.0,34400.0,Call,-,-,-,-,14080.0,-,-,0,0,0,0,-,14250,-,-
TXO,202703,20270317.0,34400.0,Put,-,-,-,-,215.0,-,-,0,0,0,0,198,233,-,-
TXO,202703,20270317.0,34600.0,Call,-,-,-,-,13890.0,-,-,0,0,0,1,-,14070,13260,12940
TXO,202703,20270317.0,34600.0,Put,-,-,-,-,224.0,-,-,0,0,0,0,207,242,915,830
TXO,202703,20270317.0,34800.0,Call,-,-,-,-,13700.0,-,-,0,0,0,0,-,13870,-,-
TXO,202703,20270317.0,34800.0,Put,-,-,-,-,233.0,-,-,0,0,0,1,216,251,1000,515
TXO,202703,20270317.0,35000.0,Call,-,-,-,-,13510.0,-,-,0,0,0,0,-,13670,-,-
TXO,202703,20270317.0,35000.0,Put,-,-,-,-,243.0,-,-,0,0,0,25,226,261,1600,265
TXO,202703,20270317.0,35200.0,Call,-,-,-,-,13320.0,-,-,0,0,0,0,-,13490,-,-
TXO,202703,20270317.0,35200.0,Put,-,-,-,-,253.0,-,-,0,0,0,7,236,271,515,495
TXO,202703,20270317.0,35400.0,Call,-,-,-,-,13140.0,-,-,0,0,0,0,13000,13300,-,-
TXO,202703,20270317.0,35400.0,Put,-,-,-,-,265.0,-,-,0,0,0,25,248,283,695,535
TXO,202703,20270317.0,35600.0,Call,-,-,-,-,12950.0,-,-,0,0,0,0,-,13100,-,-
TXO,202703,20270317.0,35600.0,Put,-,-,-,-,277.0,-,-,0,0,0,28,260,295,2340,277
TXO,202703,20270317.0,35800.0,Call,-,-,-,-,12760.0,-,-,0,0,0,0,12640,-,-,-
TXO,202703,20270317.0,35800.0,Put,-,-,-,-,288.0,-,-,0,0,0,15,271,306,2050,301
TXO,202703,20270317.0,36000.0,Call,-,-,-,-,12580.0,-,-,0,0,0,0,-,12730,-,-
TXO,202703,20270317.0,36000.0,Put,266,266,266,266,302.0,▼-47,▼-15.02%,0,1,1,43,285,320,2380,266
TXO,202703,20270317.0,36200.0,Call,-,-,-,-,12400.0,-,-,0,0,0,0,-,12530,-,-
TXO,202703,20270317.0,36200.0,Put,289,289,289,289,317.0,▼-28,▼-8.83%,0,1,1,1,300,335,2050,289
TXO,202703,20270317.0,36400.0,Call,-,-,-,-,12210.0,-,-,0,0,0,0,12080,12370,-,-
TXO,202703,20270317.0,36400.0,Put,-,-,-,-,331.0,-,-,0,0,0,2,314,349,1800,520
TXO,202703,20270317.0,36600.0,Call,-,-,-,-,12030.0,-,-,0,0,0,4,11890,12190,13790,11300
TXO,202703,20270317.0,36600.0,Put,-,-,-,-,347.0,-,-,0,0,0,19,307,445,2780,360
TXO,202703,20270317.0,36800.0,Call,-,-,-,-,11850.0,-,-,0,0,0,0,11750,12000,-,-
TXO,202703,20270317.0,36800.0,Put,-,-,-,-,363.0,-,-,0,0,0,2,219,460,1990,391
TXO,202703,20270317.0,37000.0,Call,-,-,-,-,11670.0,-,-,0,0,0,0,-,11810,-,-
TXO,202703,20270317.0,37000.0,Put,340,340,340,340,378.0,▼-54,▼-13.71%,0,2,2,32,361,396,2340,340
TXO,202703,20270317.0,37200.0,Call,-,-,-,-,11490.0,-,-,0,0,0,0,11360,-,-,-
TXO,202703,20270317.0,37200.0,Put,-,-,-,-,398.0,-,-,0,0,0,3,251,492,1160,460
TXO,202703,20270317.0,37400.0,Call,-,-,-,-,11300.0,-,-,0,0,0,0,11210,11440,-,-
TXO,202703,20270317.0,37400.0,Put,-,-,-,-,412.0,-,-,0,0,0,6,395,430,2000,480
TXO,202703,20270317.0,37600.0,Call,-,-,-,-,11130.0,-,-,0,0,0,0,-,-,-,-
TXO,202703,20270317.0,37600.0,Put,-,-,-,-,436.0,-,-,0,0,0,5,414,459,3020,480
TXO,202703,20270317.0,37800.0,Call,-,-,-,-,10950.0,-,-,0,0,0,0,-,-,-,-
TXO,202703,20270317.0,37800.0,Put,-,-,-,-,457.0,-,-,0,0,0,4,305,550,1150,535
TXO,202703,20270317.0,38000.0,Call,-,-,-,-,10770.0,-,-,0,0,0,1,10630,10910,11830,11830
TXO,202703,20270317.0,38000.0,Put,432,438,432,438,475.0,▼-60,▼-12.05%,0,5,5,13,454,499,2600,432
TXO,202703,20270317.0,38200.0,Call,-,-,-,-,10600.0,-,-,0,0,0,0,-,10720,-,-
TXO,202703,20270317.0,38200.0,Put,482,482,482,482,482.0,▼-43,▼-8.19%,0,1,1,1,480,525,1230,482
TXO,202703,20270317.0,38400.0,Call,-,-,-,-,10430.0,-,-,0,0,0,1,10270,10560,10180,10180
TXO,202703,20270317.0,38400.0,Put,-,-,-,-,525.0,-,-,0,0,0,1,505,550,1270,700
TXO,202703,20270317.0,38600.0,Call,-,-,-,-,10250.0,-,-,0,0,0,0,10120,10370,-,-
TXO,202703,20270317.0,38600.0,Put,480,480,480,480,545.0,▼-105,▼-17.95%,1,1,2,3,391,-,2090,480
TXO,202703,20270317.0,38800.0,Call,-,-,-,-,10080.0,-,-,0,0,0,0,9950,10190,-,-
TXO,202703,20270317.0,38800.0,Put,-,-,-,-,570.0,-,-,0,0,0,1,550,595,2560,680
TXO,202703,20270317.0,39000.0,Call,-,-,-,-,9910.0,-,-,0,0,0,0,-,10030,-,-
TXO,202703,20270317.0,39000.0,Put,580,580,580,580,580.0,▼-60,▼-9.38%,4,1,5,6,575,625,3400,580
TXO,202703,20270317.0,39200.0,Call,-,-,-,-,9740.0,-,-,0,0,0,0,9600,-,-,-
TXO,202703,20270317.0,39200.0,Put,-,-,-,-,630.0,-,-,0,0,0,1,465,-,2680,1450
TXO,202703,20270317.0,39400.0,Call,-,-,-,-,9570.0,-,-,0,0,0,0,9400,9680,-,-
TXO,202703,20270317.0,39400.0,Put,-,-,-,-,655.0,-,-,0,0,0,2,630,685,2740,1500
TXO,202703,20270317.0,39600.0,Call,-,-,-,-,9400.0,-,-,0,0,0,0,9260,-,-,-
TXO,202703,20270317.0,39600.0,Put,-,-,-,-,690.0,-,-,0,0,0,4,655,710,2830,1000
TXO,202703,20270317.0,39800.0,Call,-,-,-,-,9240.0,-,-,0,0,0,0,9080,-,-,-
TXO,202703,20270317.0,39800.0,Put,-,-,-,-,720.0,-,-,0,0,0,11,675,735,3000,810
TXO,202703,20270317.0,40000.0,Call,-,-,-,-,9070.0,-,-,0,0,0,1,8960,-,11530,6000
TXO,202703,20270317.0,40000.0,Put,-,-,-,-,755.0,-,-,0,0,0,33,725,790,4200,810
TXO,202703,20270317.0,40200.0,Call,-,-,-,-,8900.0,-,-,0,0,0,0,-,8980,-,-
TXO,202703,20270317.0,40200.0,Put,-,-,-,-,775.0,-,-,5,0,5,5,745,810,2460,785
TXO,202703,20270317.0,40400.0,Call,-,-,-,-,8740.0,-,-,0,0,0,0,8630,-,6450,5300
TXO,202703,20270317.0,40400.0,Put,-,-,-,-,815.0,-,-,0,0,0,1,780,850,1760,1760
TXO,202703,20270317.0,40600.0,Call,-,-,-,-,8570.0,-,-,0,0,0,0,-,8660,6950,5530
TXO,202703,20270317.0,40600.0,Put,-,-,-,-,850.0,-,-,0,0,0,0,815,885,-,-
TXO,202703,20270317.0,40800.0,Call,-,-,-,-,8410.0,-,-,0,0,0,0,8240,-,-,-
TXO,202703,20270317.0,40800.0,Put,-,-,-,-,885.0,-,-,0,0,0,1,850,920,4650,4650
TXO,202703,20270317.0,41000.0,Call,-,-,-,-,8250.0,-,-,0,0,0,0,-,8330,8000,5380
TXO,202703,20270317.0,41000.0,Put,-,-,-,-,925.0,-,-,0,0,0,1,745,-,4540,3040
TXO,202703,20270317.0,41200.0,Call,-,-,-,-,8090.0,-,-,0,0,0,0,7960,8170,-,-
TXO,202703,20270317.0,41200.0,Put,-,-,-,-,960.0,-,-,0,0,0,1,925,995,3000,1450
TXO,202703,20270317.0,41400.0,Call,-,-,-,-,7930.0,-,-,0,0,0,0,-,-,-,-
TXO,202703,20270317.0,41400.0,Put,-,-,-,-,995.0,-,-,0,0,0,4,0.2,-,2050,1340
TXO,202703,20270317.0,41600.0,Call,-,-,-,-,7780.0,-,-,0,0,0,0,7640,-,-,-
TXO,202703,20270317.0,41600.0,Put,-,-,-,-,1040.0,-,-,0,0,0,0,0.2,-,3390,1170
TXO,202703,20270317.0,41800.0,Call,-,-,-,-,7620.0,-,-,0,0,0,0,7480,7690,-,-
TXO,202703,20270317.0,41800.0,Put,-,-,-,-,1090.0,-,-,0,0,0,1,1030,1120,3200,2180
TXO,202703,20270317.0,42000.0,Call,-,-,-,-,7470.0,-,-,0,0,0,2,7320,7540,11500,4800
TXO,202703,20270317.0,42000.0,Put,1040,1040,1040,1040,1130.0,▼-170,▼-14.05%,0,34,34,10,1080,1170,4320,1040
TXO,202703,20270317.0,42200.0,Call,-,-,-,-,7320.0,-,-,0,0,0,0,7170,-,-,-
TXO,202703,20270317.0,42200.0,Put,-,-,-,-,1180.0,-,-,0,0,0,1,1140,1230,2260,2260
TXO,202703,20270317.0,42400.0,Call,-,-,-,-,7160.0,-,-,0,0,0,0,6960,7330,-,-
TXO,202703,20270317.0,42400.0,Put,-,-,-,-,1210.0,-,-,0,0,0,1,1170,1260,2370,2370
TXO,202703,20270317.0,42600.0,Call,-,-,-,-,7010.0,-,-,0,0,0,1,6890,-,6610,6610
TXO,202703,20270317.0,42600.0,Put,-,-,-,-,1260.0,-,-,0,0,0,1,1160,-,2440,2440
TXO,202703,20270317.0,42800.0,Call,-,-,-,-,6860.0,-,-,0,0,0,1,6740,6930,6480,6480
TXO,202703,20270317.0,42800.0,Put,-,-,-,-,1310.0,-,-,0,0,0,1,1260,1350,2690,2510
TXO,202703,20270317.0,43000.0,Call,-,-,-,-,6710.0,-,-,0,0,0,0,-,-,-,-
TXO,202703,20270317.0,43000.0,Put,1340,1340,1340,1340,1340.0,▼-130,▼-8.84%,0,1,1,3,1320,1410,4720,1340
TXO,202703,20270317.0,43200.0,Call,-,-,-,-,6560.0,-,-,0,0,0,1,6420,6630,6230,6230
TXO,202703,20270317.0,43200.0,Put,-,-,-,-,1410.0,-,-,0,0,0,1,1370,1460,2660,2660
TXO,202703,20270317.0,43400.0,Call,-,-,-,-,6410.0,-,-,0,0,0,1,6250,6480,6110,6110
TXO,202703,20270317.0,43400.0,Put,-,-,-,-,1460.0,-,-,0,0,0,1,0.2,1570,3730,3730
TXO,202703,20270317.0,43600.0,Call,-,-,-,-,6280.0,-,-,0,0,0,1,6120,6330,5980,5980
TXO,202703,20270317.0,43600.0,Put,-,-,-,-,1520.0,-,-,0,0,0,0,1480,1570,6100,3200
TXO,202703,20270317.0,43800.0,Call,-,-,-,-,6130.0,-,-,0,0,0,0,5990,-,-,-
TXO,202703,20270317.0,43800.0,Put,-,-,-,-,1570.0,-,-,0,0,0,1,1530,1620,5820,5820
TXO,202703,20270317.0,44000.0,Call,-,-,-,-,5990.0,-,-,0,0,0,13,5850,6050,9500,5370
TXO,202703,20270317.0,44000.0,Put,1560,1560,1560,1560,1630.0,▼-220,▼-12.36%,6,8,14,7,1590,1680,5230,1560
TXO,202703,20270317.0,44200.0,Call,-,-,-,-,5850.0,-,-,0,0,0,2,5710,5910,6100,3340
TXO,202703,20270317.0,44200.0,Put,-,-,-,-,1690.0,-,-,0,0,0,1,1650,1740,3040,3040
TXO,202703,20270317.0,44400.0,Call,-,-,-,-,5710.0,-,-,0,0,0,2,5580,5770,5500,5140
TXO,202703,20270317.0,44400.0,Put,-,-,-,-,1750.0,-,-,0,0,0,1,1700,1800,3130,1920
TXO,202703,20270317.0,44600.0,Call,-,-,-,-,5580.0,-,-,0,0,0,2,5420,-,5300,3600
TXO,202703,20270317.0,44600.0,Put,-,-,-,-,1820.0,-,-,0,0,0,1,1770,1870,3210,1990
TXO,202703,20270317.0,44800.0,Call,-,-,-,-,5430.0,-,-,0,0,0,1,5280,5580,4880,4470
TXO,202703,20270317.0,44800.0,Put,-,-,-,-,1870.0,-,-,1,0,1,5,1820,1920,5330,1970
TXO,202703,20270317.0,45000.0,Call,-,-,-,-,5300.0,-,-,0,0,0,21,-,-,5180,3280
TXO,202703,20270317.0,45000.0,Put,-,-,-,-,1930.0,-,-,1,0,1,1,1880,1990,5500,2080
TXO,202703,20270317.0,45200.0,Call,-,-,-,-,5170.0,-,-,0,0,0,3,5040,-,5400,4800
TXO,202703,20270317.0,45200.0,Put,-,-,-,-,2000.0,-,-,0,0,0,1,1950,2060,3470,3470
TXO,202703,20270317.0,45400.0,Call,-,-,-,-,5050.0,-,-,0,0,0,1,4900,5180,4940,4000
TXO,202703,20270317.0,45400.0,Put,-,-,-,-,2080.0,-,-,0,0,0,2,2020,2140,3560,2900
TXO,202703,20270317.0,45600.0,Call,-,-,-,-,4920.0,-,-,0,0,0,1,4770,-,4850,4850
TXO,202703,20270317.0,45600.0,Put,-,-,-,-,2150.0,-,-,0,0,0,1,2010,-,3650,3650
TXO,202703,20270317.0,45800.0,Call,-,-,-,-,4790.0,-,-,0,0,0,1,4640,4900,4720,4720
TXO,202703,20270317.0,45800.0,Put,-,-,-,-,2220.0,-,-,0,0,0,1,2160,2280,3740,3740
TXO,202703,20270317.0,46000.0,Call,4640,4640,4640,4640,4670.0,▲+500,▲+12.08%,0,1,1,13,4510,-,8000,3110
TXO,202703,20270317.0,46000.0,Put,-,-,-,-,2300.0,-,-,0,0,0,4,2240,2360,5700,3830
TXO,202703,20270317.0,46200.0,Call,-,-,-,-,4550.0,-,-,0,0,0,1,4400,-,4510,4510
TXO,202703,20270317.0,46200.0,Put,-,-,-,-,2370.0,-,-,0,0,0,1,2310,2430,3930,3930
TXO,202703,20270317.0,46400.0,Call,-,-,-,-,4430.0,-,-,0,0,0,1,4280,4520,4410,4410
TXO,202703,20270317.0,46400.0,Put,-,-,-,-,2450.0,-,-,0,0,0,1,2380,2520,4020,4020
TXO,202703,20270317.0,46600.0,Call,-,-,-,-,4310.0,-,-,0,0,0,2,4150,-,7460,7430
TXO,202703,20270317.0,46600.0,Put,-,-,-,-,2530.0,-,-,0,0,0,1,2390,-,4120,4120
TXO,202703,20270317.0,46800.0,Call,-,-,-,-,4190.0,-,-,0,0,0,8,4040,-,4200,3240
TXO,202703,20270317.0,46800.0,Put,-,-,-,-,2610.0,-,-,0,0,0,1,2540,2680,4220,4220
TXO,202703,20270317.0,47000.0,Call,-,-,-,-,4070.0,-,-,0,0,0,7,0.2,-,7200,3150
TXO,202703,20270317.0,47000.0,Put,2680,2690,2680,2690,2690.0,▼-250,▼-8.50%,0,50,50,52,2620,2760,4780,2680
TXO,202703,20270317.0,47200.0,Call,-,-,-,-,3970.0,-,-,0,0,0,1,3830,4050,4010,4010
TXO,202703,20270317.0,47200.0,Put,-,-,-,-,2780.0,-,-,0,0,0,1,0.2,-,4420,4420
TXO,202703,20270317.0,47400.0,Call,-,-,-,-,3860.0,-,-,0,0,0,1,3700,-,3910,3910
TXO,202703,20270317.0,47400.0,Put,-,-,-,-,2870.0,-,-,0,0,0,3,2790,2950,4430,4430
TXO,202703,20270317.0,47600.0,Call,-,-,-,-,3750.0,-,-,0,0,0,1,0.2,-,3510,3510
TXO,202703,20270317.0,47600.0,Put,-,-,-,-,2960.0,-,-,0,0,0,3,2880,3040,4630,4530
TXO,202703,20270317.0,47800.0,Call,-,-,-,-,3650.0,-,-,0,0,0,1,3500,3700,3720,3720
TXO,202703,20270317.0,47800.0,Put,-,-,-,-,3060.0,-,-,0,0,0,3,2980,3140,4740,4640
TXO,202703,20270317.0,48000.0,Call,3260,3260,3260,3260,3530.0,▲+200,▲+6.54%,0,2,2,2,3400,3600,3920,3150
TXO,202703,20270317.0,48000.0,Put,-,-,-,-,3140.0,-,-,0,0,0,10,3050,3230,8820,3460
TXO,202703,20270317.0,48200.0,Call,-,-,-,-,3440.0,-,-,0,0,0,3,3290,-,3530,3530
TXO,202703,20270317.0,48200.0,Put,-,-,-,-,3240.0,-,-,0,0,0,1,3150,3330,4870,4870
TXO,202703,20270317.0,48400.0,Call,-,-,-,-,3300.0,-,-,0,0,0,3,3190,-,7100,2350
TXO,202703,20270317.0,48400.0,Put,-,-,-,-,3290.0,-,-,0,0,0,1,3240,3420,4980,4980
TXO,202703,20270317.0,48600.0,Call,-,-,-,-,3200.0,-,-,0,0,0,5,0.2,-,6300,2140
TXO,202703,20270317.0,48600.0,Put,-,-,-,-,3390.0,-,-,0,0,0,1,3340,3540,5100,5100
TXO,202703,20270317.0,48800.0,Call,-,-,-,-,3100.0,-,-,0,0,0,1,3000,3180,2260,2260
TXO,202703,20270317.0,48800.0,Put,-,-,-,-,3490.0,-,-,0,0,0,1,3430,3630,5210,5210
TXO,202703,20270317.0,49000.0,Call,2970,2970,2970,2970,3010.0,▲+370,▲+14.23%,0,1,1,32,2920,3080,6150,2040
TXO,202703,20270317.0,49000.0,Put,-,-,-,-,3600.0,-,-,0,0,0,5,3520,3720,6880,5330
TXO,202703,20270317.0,49200.0,Call,-,-,-,-,2910.0,-,-,0,0,0,5,2810,2970,6280,2000
TXO,202703,20270317.0,49200.0,Put,-,-,-,-,3700.0,-,-,0,0,0,2,3650,3850,5440,5340
TXO,202703,20270317.0,49400.0,Call,-,-,-,-,2820.0,-,-,0,0,0,5,2720,2880,5760,2950
TXO,202703,20270317.0,49400.0,Put,-,-,-,-,3810.0,-,-,0,0,0,1,3720,3940,5560,5560
TXO,202703,20270317.0,49600.0,Call,-,-,-,-,2730.0,-,-,0,0,0,1,2660,2800,3030,3030
TXO,202703,20270317.0,49600.0,Put,-,-,-,-,3920.0,-,-,0,0,0,1,3820,-,5680,5680
TXO,202703,20270317.0,49800.0,Call,-,-,-,-,2630.0,-,-,0,0,0,1,0.2,-,2950,2950
TXO,202703,20270317.0,49800.0,Put,-,-,-,-,4020.0,-,-,0,0,0,1,3970,4190,5800,5800
TXO,202703,20270317.0,50000.0,Call,-,-,-,-,2550.0,-,-,0,0,0,28,2480,2620,7300,1800
TXO,202703,20270317.0,50000.0,Put,-,-,-,-,4140.0,-,-,0,0,0,20,4020,4260,10120,5930
TXO,202703,20270317.0,50200.0,Call,-,-,-,-,2470.0,-,-,0,0,0,1,0.2,-,5650,1610
TXO,202703,20270317.0,50200.0,Put,-,-,-,-,4250.0,-,-,0,0,0,1,0.2,-,6050,6050
TXO,202703,20270317.0,50400.0,Call,-,-,-,-,2390.0,-,-,0,0,0,5,0.2,2470,2860,1750
TXO,202703,20270317.0,50400.0,Put,-,-,-,-,4370.0,-,-,0,0,0,1,4250,-,6200,6200
TXO,202703,20270317.0,50600.0,Call,-,-,-,-,2310.0,-,-,0,0,0,1,2140,-,2800,2240
TXO,202703,20270317.0,50600.0,Put,-,-,-,-,4490.0,-,-,0,0,0,1,4390,4590,6300,6300
TXO,202703,20270317.0,50800.0,Call,-,-,-,-,2220.0,-,-,0,0,0,2,2160,2280,2580,1770
TXO,202703,20270317.0,50800.0,Put,-,-,-,-,4600.0,-,-,0,0,0,1,4560,-,6430,6430
TXO,202703,20270317.0,51000.0,Call,-,-,-,-,2150.0,-,-,0,0,0,6,0.2,-,6190,1480
TXO,202703,20270317.0,51000.0,Put,-,-,-,-,4730.0,-,-,0,0,0,1,4630,-,6560,6560
TXO,202703,20270317.0,51200.0,Call,-,-,-,-,2070.0,-,-,0,0,0,2,0.2,-,3190,1560
TXO,202703,20270317.0,51200.0,Put,-,-,-,-,4840.0,-,-,0,0,0,1,4800,-,6690,6690
TXO,202703,20270317.0,51400.0,Call,1950,1950,1950,1950,2000.0,▲+250,▲+14.71%,0,1,1,0,0.2,-,5950,1480
TXO,202703,20270317.0,51400.0,Put,-,-,-,-,4970.0,-,-,0,0,0,1,4880,-,6830,6830
TXO,202703,20270317.0,51600.0,Call,-,-,-,-,1920.0,-,-,0,0,0,5,0.2,-,5400,1490
TXO,202703,20270317.0,51600.0,Put,-,-,-,-,5090.0,-,-,0,0,0,1,5010,5210,6960,6960
TXO,202703,20270317.0,51800.0,Call,-,-,-,-,1860.0,-,-,0,0,0,1,0.2,-,4720,4600
TXO,202703,20270317.0,51800.0,Put,-,-,-,-,5220.0,-,-,0,0,0,1,5130,5330,7090,7090
TXO,202703,20270317.0,52000.0,Call,1760,1760,1710,1710,1790.0,▲+190,▲+12.50%,0,12,12,11,0.2,-,5800,1370
TXO,202703,20270317.0,52000.0,Put,-,-,-,-,5360.0,-,-,0,0,0,1,5320,-,7230,7230
TXO,202703,20270317.0,52200.0,Call,-,-,-,-,1720.0,-,-,0,0,0,1,1670,1770,2120,2120
TXO,202703,20270317.0,52200.0,Put,-,-,-,-,5480.0,-,-,0,0,0,1,5450,5620,7370,7370
TXO,202703,20270317.0,52400.0,Call,-,-,-,-,1660.0,-,-,0,0,0,1,1520,-,4900,1440
TXO,202703,20270317.0,52400.0,Put,-,-,-,-,5620.0,-,-,0,0,0,1,5520,-,7510,7510
TXO,202703,20270317.0,52600.0,Call,-,-,-,-,1600.0,-,-,0,0,0,2,0.2,-,2230,1520
TXO,202703,20270317.0,52600.0,Put,-,-,-,-,5750.0,-,-,0,0,0,1,5730,5890,7650,7650
TXO,202703,20270317.0,52800.0,Call,-,-,-,-,1540.0,-,-,0,0,0,1,1270,-,4470,1340
TXO,202703,20270317.0,52800.0,Put,-,-,-,-,5890.0,-,-,0,0,0,1,-,-,7790,7790
TXO,202703,20270317.0,53000.0,Call,-,-,-,-,1480.0,-,-,0,0,0,8,0.2,1580,4850,1160
TXO,202703,20270317.0,53000.0,Put,-,-,-,-,6030.0,-,-,0,0,0,0,-,6190,-,-
TXO,202703,20270317.0,53200.0,Call,-,-,-,-,1430.0,-,-,0,0,0,2,1290,-,4700,1280
TXO,202703,20270317.0,53200.0,Put,-,-,-,-,6180.0,-,-,0,0,0,1,6110,-,8070,8070
TXO,202703,20270317.0,53400.0,Call,-,-,-,-,1380.0,-,-,0,0,0,1,0.2,-,1860,1780
TXO,202703,20270317.0,53400.0,Put,-,-,-,-,6330.0,-,-,0,0,0,1,-,-,8400,8220
TXO,202703,20270317.0,53600.0,Call,-,-,-,-,1330.0,-,-,0,0,0,2,0.2,-,1890,1120
TXO,202703,20270317.0,53600.0,Put,-,-,-,-,6470.0,-,-,0,0,0,0,-,-,-,-
TXO,202703,20270317.0,53800.0,Call,-,-,-,-,1280.0,-,-,0,0,0,2,0.2,-,4600,1000
TXO,202703,20270317.0,53800.0,Put,-,-,-,-,6620.0,-,-,0,0,0,0,-,6760,-,-
TXO,202703,20270317.0,54000.0,Call,1100,1210,1100,1210,1210.0,▲+160,▲+15.24%,0,2,2,17,1180,1270,4820,905
TXO,202703,20270317.0,54000.0,Put,-,-,-,-,6780.0,-,-,0,0,0,0,-,-,-,-
TXO,202703,20270317.0,54200.0,Call,1180,1180,1180,1180,1180.0,▲+180,▲+18.00%,0,1,1,4,1040,-,1770,920
TXO,202703,20270317.0,54200.0,Put,-,-,-,-,6930.0,-,-,0,0,0,0,-,-,-,-
TXO,202703,20270317.0,54400.0,Call,-,-,-,-,1140.0,-,-,0,0,0,11,1080,1170,1810,910
TXO,202703,20270317.0,54400.0,Put,-,-,-,-,7080.0,-,-,0,0,0,0,-,-,-,-
TXO,202703,20270317.0,54600.0,Call,-,-,-,-,1100.0,-,-,0,0,0,3,0.2,-,1740,870
TXO,202703,20270317.0,54600.0,Put,-,-,-,-,7230.0,-,-,0,0,0,0,-,-,-,-
TXO,202703,20270317.0,54800.0,Call,-,-,-,-,1050.0,-,-,0,0,0,5,1000,1090,1450,820
TXO,202703,20270317.0,54800.0,Put,-,-,-,-,7380.0,-,-,0,0,0,0,-,7520,-,-
TXO,202703,20270317.0,55000.0,Call,-,-,-,-,1010.0,-,-,0,0,0,21,895,-,3600,805
TXO,202703,20270317.0,55000.0,Put,-,-,-,-,7540.0,-,-,0,0,0,0,-,7680,-,-
TXO,202703,20270317.0,55200.0,Call,-,-,-,-,965.0,-,-,0,0,0,2,930,1000,4510,1700
TXO,202703,20270317.0,55200.0,Put,-,-,-,-,7700.0,-,-,0,0,0,0,-,-,-,-
TXO,202703,20270317.0,55400.0,Call,-,-,-,-,925.0,-,-,0,0,0,1,830,-,1320,1320
TXO,202703,20270317.0,55400.0,Put,-,-,-,-,7860.0,-,-,0,0,0,0,-,8000,-,-
TXO,202703,20270317.0,55600.0,Call,-,-,-,-,890.0,-,-,0,0,0,1,765,-,1730,1730
TXO,202703,20270317.0,55600.0,Put,-,-,-,-,8020.0,-,-,0,0,0,0,-,-,-,-
TXO,202703,20270317.0,55800.0,Call,730,730,730,730,855.0,▲+15,▲+2.10%,0,1,1,4,0.2,935,4340,715
TXO,202703,20270317.0,55800.0,Put,-,-,-,-,8180.0,-,-,0,0,0,0,-,8340,-,-
TXO,202703,20270317.0,56000.0,Call,695,810,695,810,810.0,▲+120,▲+17.39%,0,5,5,19,780,850,2570,610
TXO,202703,20270317.0,56000.0,Put,-,-,-,-,8350.0,-,-,0,0,0,0,-,-,14710,10440
TXO,202703,20270317.0,56200.0,Call,690,790,690,790,790.0,▲+125,▲+18.80%,0,2,2,4,695,875,1370,690
TXO,202703,20270317.0,56200.0,Put,-,-,-,-,8510.0,-,-,0,0,0,0,-,8660,-,-
TXO,202703,20270317.0,56400.0,Call,710,765,710,765,765.0,▲+115,▲+17.69%,0,31,31,12,725,790,1140,710
TXO,202703,20270317.0,56400.0,Put,-,-,-,-,8680.0,-,-,0,0,0,0,-,-,-,-
TXO,202703,20270317.0,56600.0,Call,-,-,-,-,725.0,-,-,0,0,0,1,570,-,1760,700
TXO,202703,20270317.0,56600.0,Put,-,-,-,-,8840.0,-,-,0,0,0,0,-,-,-,-
TXO,202703,20270317.0,56800.0,Call,660,660,660,660,700.0,▲+60,▲+10.00%,0,11,11,1,545,-,1070,615
TXO,202703,20270317.0,56800.0,Put,-,-,-,-,9010.0,-,-,0,0,0,0,-,9170,-,-
TXO,202703,20270317.0,57000.0,Call,-,-,-,-,670.0,-,-,0,0,0,11,640,695,2950,535
TXO,202703,20270317.0,57000.0,Put,-,-,-,-,9180.0,-,-,0,0,0,0,-,-,-,-
TXO,202703,20270317.0,57200.0,Call,625,625,625,625,625.0,▲+75,▲+13.64%,0,1,1,17,615,665,3450,498
TXO,202703,20270317.0,57200.0,Put,-,-,-,-,9350.0,-,-,0,0,0,0,-,-,-,-
TXO,202703,20270317.0,57400.0,Call,550,645,550,620,620.0,▲+110,▲+21.57%,1,45,46,220,590,620,3760,385
TXO,202703,20270317.0,57400.0,Put,-,-,-,-,9520.0,-,-,0,0,0,0,-,9690,-,-
