排名,代號,名稱,市 場,股價 日期,K 線,成交,漲跌 價,漲跌 幅,成交 張數,成交額 (百萬),昨收,開盤,最高,最低,振幅 (%),PER,PBR,1個月 走勢圖,3個月 走勢圖,1年 走勢圖,3年 走勢圖,10年 走勢圖
1,5274,信驊,櫃,10/06,,18985.0,-535.0,-2.74,189,3627.0,19520.0,19520.0,19895.0,18855.0,5.33,139.0,92.11,,,,,
2,2059,川湖,市,10/06,,13100.0,-255.0,-1.91,749,9772.0,13355.0,13500.0,13500.0,12845.0,4.9,72.2,36.98,,,,,
3,3443,創意,市,10/06,,8375.0,-225.0,-2.62,1949,16345.0,8600.0,8680.0,8710.0,8110.0,6.98,215.0,83.35,,,,,
4,3653,健策,市,10/06,,7080.0,-125.0,-1.73,572,4078.0,7205.0,7185.0,7280.0,7050.0,3.19,160.0,44.06,,,,,
5,3008,大立光,市,10/06,,6855.0,125.0,1.86,2186,14898.0,6730.0,6800.0,6915.0,6705.0,3.12,36.5,4.68,,,,,
6,6515,穎崴,市,10/06,,6130.0,-75.0,-1.21,462,2842.0,6205.0,6220.0,6285.0,6060.0,3.63,98.7,25.92,,,,,
7,2383,台光電,市,10/06,,5995.0,295.0,5.18,5087,30344.0,5700.0,6040.0,6115.0,5820.0,5.18,93.7,36.82,,,,,
8,7769,鴻勁,市,10/06,,5905.0,90.0,1.55,1025,6109.0,5815.0,5940.0,6115.0,5815.0,5.16,61.0,18.71,,,,,
9,6223,旺矽,櫃,10/06,,5670.0,150.0,2.72,975,5490.0,5520.0,5530.0,5725.0,5425.0,5.43,121.0,34.93,,,,,
10,2454,聯發科,市,10/06,,4920.0,-245.0,-4.74,9988,49584.0,5165.0,5080.0,5085.0,4915.0,3.29,81.1,18.51,,,,,
11,7856,漢測,櫃,10/06,,4190.0,-90.0,-2.1,337,1411.0,4280.0,4275.0,4275.0,4130.0,3.39,,62.5,,,,,
12,3661,世芯-KY,市,10/06,,4180.0,230.0,5.82,4017,16381.0,3950.0,4000.0,4240.0,3850.0,9.87,58.0,5.97,,,,,
13,3017,奇鋐,市,10/06,,3685.0,100.0,2.79,3261,11856.0,3585.0,3650.0,3700.0,3515.0,5.16,49.1,26.21,,,,,
14,3529,力旺,櫃,10/06,,3115.0,-40.0,-1.27,957,2983.0,3155.0,3160.0,3175.0,3050.0,3.96,104.0,66.7,,,,,
15,6510,精測,櫃,10/06,,3055.0,-50.0,-1.61,561,1729.0,3105.0,3125.0,3140.0,3050.0,2.9,71.9,9.93,,,,,
16,3081,聯亞,櫃,10/06,,2920.0,-80.0,-2.67,2492,7392.0,3000.0,3015.0,3055.0,2915.0,4.67,275.0,57.24,,,,,
17,7734,印能科技,櫃,10/06,,2755.0,-35.0,-1.25,158,441.0,2790.0,2790.0,2830.0,2755.0,2.69,57.6,11.42,,,,,
18,2330,台積電,市,10/06,,2585.0,10.0,0.39,20802,53639.0,2575.0,2575.0,2590.0,2565.0,0.97,30.0,10.42,,,,,
19,3131,弘塑,櫃,10/06,,2530.0,0.0,0.0,293,745.0,2530.0,2550.0,2580.0,2510.0,2.77,44.2,23.01,,,,,
20,6805,富世達,市,10/06,,2415.0,-35.0,-1.43,2052,4966.0,2450.0,2445.0,2505.0,2380.0,5.1,51.6,19.82,,,,,
21,2360,致茂,市,10/06,,2350.0,25.0,1.08,1952,4550.0,2325.0,2330.0,2370.0,2275.0,4.09,59.8,30.17,,,,,
22,3665,貿聯-KY,市,10/06,,2325.0,-160.0,-6.44,5623,13096.0,2485.0,2460.0,2460.0,2260.0,8.05,42.7,9.15,,,,,
23,6669,緯穎,市,10/06,,2290.0,140.0,6.51,5292,12030.0,2150.0,2200.0,2335.0,2185.0,6.98,7.31,3.12,,,,,
24,8299,群聯,櫃,10/06,,2090.0,-10.0,-0.48,1465,3070.0,2100.0,2110.0,2120.0,2085.0,1.67,9.57,4.53,,,,,
25,2308,台達電,市,10/06,,2050.0,45.0,2.24,15044,30712.0,2005.0,2045.0,2115.0,2010.0,5.24,65.2,18.13,,,,,
26,2345,智邦,市,10/06,,2050.0,-25.0,-1.2,3700,7632.0,2075.0,2080.0,2105.0,2035.0,3.37,32.2,16.6,,,,,
27,7750,新代,市,10/06,,1980.0,-90.0,-4.35,263,530.0,2070.0,2070.0,2100.0,1970.0,6.28,33.1,10.56,,,,,
28,3533,嘉澤,市,10/06,,1865.0,-10.0,-0.53,1277,2399.0,1875.0,1905.0,1925.0,1860.0,3.47,22.7,5.12,,,,,
29,7828,創新服務,櫃,10/06,,1840.0,0.0,0.0,133,246.0,1840.0,1840.0,1865.0,1830.0,1.9,176.0,14.42,,,,,
30,7610,聯友金屬-創,市,10/06,,1790.0,-10.0,-0.56,550,998.0,1800.0,1835.0,1865.0,1780.0,4.72,61.3,27.91,,,,,
31,6274,台燿,櫃,10/06,,1755.0,-25.0,-1.4,17508,30163.0,1780.0,1775.0,1775.0,1680.0,5.34,89.6,21.75,,,,,
32,3491,昇達科,櫃,10/06,,1715.0,85.0,5.21,4502,7670.0,1630.0,1710.0,1755.0,1645.0,6.75,136.0,25.98,,,,,
33,6442,光聖,市,10/06,,1650.0,-55.0,-3.23,1502,2513.0,1705.0,1705.0,1710.0,1640.0,4.11,47.0,9.91,,,,,
34,8996,高力,市,10/06,,1600.0,5.0,0.31,696,1099.0,1595.0,1600.0,1600.0,1540.0,3.76,108.0,29.05,,,,,
35,7751,竑騰,櫃,10/06,,1590.0,-15.0,-0.93,96,153.0,1605.0,1620.0,1625.0,1560.0,4.05,61.6,18.11,,,,,
36,6187,萬潤,櫃,10/06,,1535.0,45.0,3.02,5715,8675.0,1490.0,1500.0,1590.0,1445.0,9.73,78.4,17.54,,,,,
37,3324,雙鴻,櫃,10/06,,1530.0,-20.0,-1.29,1772,2716.0,1550.0,1540.0,1560.0,1515.0,2.9,35.1,10.74,,,,,
38,6683,雍智科技,櫃,10/06,,1505.0,65.0,4.51,2950,4568.0,1440.0,1575.0,1580.0,1495.0,5.9,66.4,14.67,,,,,
39,8046,南電,市,10/06,,1505.0,10.0,0.67,7712,11588.0,1495.0,1500.0,1520.0,1485.0,2.34,177.0,19.74,,,,,
40,5269,祥碩,市,10/06,,1470.0,-5.0,-0.34,318,467.0,1475.0,1485.0,1485.0,1455.0,2.03,15.7,3.04,,,,,
41,2404,漢唐,市,10/06,,1335.0,25.0,1.91,1586,2111.0,1310.0,1320.0,1355.0,1305.0,3.82,20.1,14.08,,,,,
42,3037,欣興,市,10/06,,1310.0,-15.0,-1.13,12776,16720.0,1325.0,1335.0,1340.0,1285.0,4.15,85.1,16.82,,,,,
43,5289,宜鼎,櫃,10/06,,1265.0,-30.0,-2.32,1257,1609.0,1295.0,1305.0,1310.0,1265.0,3.47,6.94,5.23,,,,,
44,2368,金像電,市,10/06,,1260.0,45.0,3.7,21854,27430.0,1215.0,1220.0,1295.0,1200.0,7.82,44.6,15.46,,,,,
45,6488,環球晶,櫃,10/06,,1205.0,25.0,2.12,13914,16836.0,1180.0,1175.0,1260.0,1145.0,9.75,58.5,5.96,,,,,
46,1590,亞德客-KY,市,10/06,,1195.0,15.0,1.27,487,579.0,1180.0,1205.0,1205.0,1170.0,2.97,23.0,4.36,,,,,
47,6446,藥華藥,市,10/06,,1175.0,-15.0,-1.26,1601,1910.0,1190.0,1200.0,1225.0,1170.0,4.62,63.5,11.92,,,,,
48,6640,均華,櫃,10/06,,1135.0,-30.0,-2.58,623,707.0,1165.0,1160.0,1175.0,1110.0,5.58,66.5,6.33,,,,,
49,6739,竹陞科技,櫃,10/06,,1110.0,-15.0,-1.33,218,246.0,1125.0,1150.0,1150.0,1110.0,3.56,46.9,25.11,,,,,
50,3189,景碩,市,10/06,,1070.0,-25.0,-2.28,10027,10775.0,1095.0,1095.0,1105.0,1055.0,4.57,187.0,12.68,,,,,
51,3406,玉晶光,市,10/06,,1045.0,-10.0,-0.95,8030,8462.0,1055.0,1085.0,1095.0,1020.0,7.11,28.3,4.35,,,,,
52,6531,愛普*,市,10/06,,1045.0,-10.0,-0.95,4734,4954.0,1055.0,1080.0,1085.0,1020.0,6.16,60.2,13.56,,,,,
53,1560,中砂,市,10/06,,1030.0,-10.0,-0.96,796,821.0,1040.0,1045.0,1045.0,1020.0,2.4,86.8,17.0,,,,,
54,6781,AES-KY,市,10/06,,1025.0,-25.0,-2.38,578,599.0,1050.0,1050.0,1060.0,1020.0,3.81,24.2,4.95,,,,,
55,3167,大量,市,10/06,,1020.0,24.0,2.41,1529,1527.0,996.0,1010.0,1020.0,970.0,5.02,71.2,21.26,,,,,
56,2357,華碩,市,10/06,,1000.0,5.0,0.5,1559,1551.0,995.0,995.0,1005.0,977.0,2.81,14.6,2.46,,,,,
57,5536,聖暉*,櫃,10/06,,994.0,40.0,4.19,2079,2024.0,954.0,955.0,994.0,950.0,4.61,24.8,7.42,,,,,
58,7822,倍利科,市,10/06,,976.0,-14.0,-1.41,344,345.0,990.0,1005.0,1025.0,976.0,4.95,52.8,7.38,,,,,
59,6409,旭隼,市,10/06,,890.0,-1.0,-0.11,272,243.0,891.0,900.0,910.0,883.0,3.03,34.3,9.88,,,,,
60,8210,勤誠,市,10/06,,885.0,-5.0,-0.56,2523,2230.0,890.0,888.0,894.0,876.0,2.02,23.1,8.89,,,,,
61,6526,達發,市,10/06,,842.0,1.0,0.12,607,511.0,841.0,844.0,857.0,836.0,2.5,46.7,7.48,,,,,
62,6944,兆聯實業,市,10/06,,826.0,12.0,1.47,505,417.0,814.0,823.0,832.0,814.0,2.21,26.7,7.48,,,,,
63,4749,新應材,櫃,10/06,,801.0,-5.0,-0.62,661,528.0,806.0,810.0,810.0,793.0,2.11,62.1,7.18,,,,,
64,3026,禾伸堂,市,10/06,,796.0,-21.0,-2.57,5809,4675.0,817.0,820.0,823.0,796.0,3.3,77.7,12.78,,,,,
65,6139,亞翔,市,10/06,,795.0,5.0,0.63,3037,2413.0,790.0,797.0,805.0,784.0,2.66,16.0,9.05,,,,,
66,6213,聯茂,市,10/06,,787.0,36.0,4.79,32340,25479.0,751.0,797.0,818.0,762.0,7.46,122.0,12.66,,,,,
67,6691,洋基工程,市,10/06,,787.0,-7.0,-0.88,1056,825.0,794.0,794.0,794.0,769.0,3.15,25.9,12.8,,,,,
68,3293,鈊象,櫃,10/06,,780.0,-14.0,-1.76,1495,1165.0,794.0,794.0,794.0,772.0,2.77,18.0,14.54,,,,,
69,3583,辛耘,市,10/06,,762.0,18.0,2.42,1631,1237.0,744.0,758.0,777.0,741.0,4.84,45.1,6.27,,,,,
70,3563,牧德,市,10/06,,757.0,-10.0,-1.3,663,506.0,767.0,771.0,773.0,757.0,2.09,44.4,8.73,,,,,
71,2379,瑞昱,市,10/06,,755.0,0.0,0.0,1574,1184.0,755.0,755.0,757.0,747.0,1.32,27.2,7.72,,,,,
72,3711,日月光投控,市,10/06,,744.0,2.0,0.27,9722,7200.0,742.0,743.0,755.0,733.0,2.96,53.6,8.41,,,,,
73,2395,研華,市,10/06,,738.0,-2.0,-0.27,2242,1657.0,740.0,743.0,752.0,733.0,2.57,46.6,11.59,,,,,
74,3693,營邦,櫃,10/06,,716.0,27.0,3.92,2431,1727.0,689.0,697.0,729.0,681.0,6.97,46.4,5.86,,,,,
75,1519,華城,市,10/06,,696.0,5.0,0.72,1069,742.0,691.0,695.0,699.0,688.0,1.59,45.5,23.88,,,,,
76,3163,波若威,櫃,10/06,,689.0,-20.0,-2.82,2182,1522.0,709.0,711.0,718.0,688.0,4.23,82.7,16.89,,,,,
77,6196,帆宣,市,10/06,,663.0,-16.0,-2.36,3307,2200.0,679.0,684.0,684.0,649.0,5.15,29.9,8.18,,,,,
78,3363,上詮,櫃,10/06,,650.0,-14.0,-2.11,2392,1571.0,664.0,666.0,679.0,645.0,5.12,,12.92,,,,,
79,7728,光焱科技,櫃,10/06,,638.0,2.0,0.31,23,14.9,636.0,642.0,642.0,633.0,1.42,103.0,12.25,,,,,
80,2327,國巨*,市,10/06,,625.0,-1.0,-0.16,29671,18494.0,626.0,630.0,635.0,615.0,3.19,42.1,7.27,,,,,
81,7711,永擎,市,10/06,,620.0,-14.0,-2.21,1345,846.0,634.0,640.0,655.0,612.0,6.78,26.8,8.19,,,,,
82,5434,崇越,市,10/06,,619.0,-1.0,-0.16,1137,708.0,620.0,620.0,633.0,613.0,3.23,23.1,5.46,,,,,
83,7717,萊德光電-KY,櫃,10/06,,593.0,1.0,0.17,3512,2220.0,592.0,606.0,651.0,593.0,9.8,83.9,14.07,,,,,
84,3105,穩懋,櫃,10/06,,592.0,-23.0,-3.74,19732,11864.0,615.0,615.0,623.0,588.0,5.69,69.6,5.73,,,,,
85,4971,IET-KY,櫃,10/06,,585.0,1.0,0.17,3132,1878.0,584.0,588.0,620.0,581.0,6.68,131.0,6.25,,,,,
86,3044,健鼎,市,10/06,,579.0,22.0,3.95,3955,2286.0,557.0,568.0,589.0,564.0,4.49,24.8,5.46,,,,,
87,2467,志聖,市,10/06,,576.0,-1.0,-0.17,1022,592.0,577.0,583.0,590.0,570.0,3.47,56.4,5.74,,,,,
88,4958,臻鼎-KY,市,10/06,,574.0,-2.0,-0.35,40603,23700.0,576.0,588.0,604.0,572.0,5.56,65.9,4.13,,,,,
89,4979,華星光,櫃,10/06,,568.0,-30.0,-5.02,11343,6620.0,598.0,610.0,622.0,561.0,10.2,92.8,18.22,,,,,
90,2455,全新,市,10/06,,567.0,-39.0,-6.44,16089,9391.0,606.0,596.0,613.0,560.0,8.75,138.0,28.71,,,,,
91,3680,家登,櫃,10/06,,563.0,2.0,0.36,2801,1618.0,561.0,569.0,594.0,562.0,5.7,37.8,4.17,,,,,
92,4966,譜瑞-KY,櫃,10/06,,563.0,-11.0,-1.92,603,341.0,574.0,574.0,574.0,562.0,2.09,17.6,1.95,,,,,
93,8021,尖點,市,10/06,,561.0,1.0,0.18,8965,5105.0,560.0,566.0,584.0,557.0,4.82,111.0,13.09,,,,,
94,7795,長廣,市,10/06,,555.0,-4.0,-0.72,1373,754.0,559.0,567.0,567.0,535.0,5.72,244.0,15.4,,,,,
95,6584,南俊國際,櫃,10/06,,551.0,10.0,1.85,694,381.0,541.0,538.0,560.0,533.0,4.99,51.5,10.55,,,,,
96,8358,金居,櫃,10/06,,551.0,-19.0,-3.33,26516,14911.0,570.0,577.0,578.0,548.0,5.26,82.0,14.96,,,,,
97,3034,聯詠,市,10/06,,537.0,-6.0,-1.1,1672,900.0,543.0,543.0,543.0,536.0,1.29,18.7,4.74,,,,,
98,3450,聯鈞,市,10/06,,531.0,-17.0,-3.1,5943,3194.0,548.0,553.0,557.0,530.0,4.93,108.0,13.85,,,,,
99,7799,禾榮科,市,10/06,,531.0,-6.0,-1.12,404,217.0,537.0,537.0,545.0,531.0,2.61,,7.53,,,,,
100,6727,亞泰金屬,櫃,10/06,,528.0,-3.0,-0.56,1787,960.0,531.0,537.0,558.0,522.0,6.78,49.4,9.76,,,,,
101,6830,汎銓,市,10/06,,527.0,-23.0,-4.18,1619,866.0,550.0,554.0,558.0,525.0,6.0,2027.0,8.45,,,,,
102,2408,南亞科,市,10/06,,525.0,-5.0,-0.94,30801,16308.0,530.0,530.0,535.0,524.0,2.08,19.3,5.62,,,,,
103,7744,崴寶,櫃,10/06,,525.0,-3.0,-0.57,53,27.6,528.0,527.0,532.0,520.0,2.27,24.1,6.22,,,,,
104,2207,和泰車,市,10/06,,515.0,5.0,0.98,214,110.0,510.0,514.0,517.0,512.0,0.98,12.7,3.35,,,,,
105,6643,M31,櫃,10/06,,508.0,0.0,0.0,473,242.0,508.0,509.0,518.0,507.0,2.17,535.0,11.39,,,,,
106,4991,環宇-KY,櫃,10/06,,505.0,-19.0,-3.63,4738,2447.0,524.0,528.0,535.0,503.0,6.11,154.0,13.75,,,,,
107,6831,邁科,市,10/06,,497.5,8.5,1.74,756,375.0,489.0,497.0,503.0,485.0,3.68,89.8,12.23,,,,,
108,7805,威聯通,櫃,10/06,,492.5,-6.0,-1.2,14,6.91,498.5,498.5,498.5,491.0,1.5,10.4,2.11,,,,,
109,3374,精材,櫃,10/06,,487.5,-11.0,-2.21,22325,11263.0,498.5,517.0,530.0,481.0,9.83,76.5,13.42,,,,,
110,6789,采鈺,市,10/06,,484.0,-4.0,-0.82,1318,647.0,488.0,495.0,500.0,484.0,3.28,92.2,8.35,,,,,
111,6715,嘉基,市,10/06,,482.5,2.0,0.42,2252,1069.0,480.5,485.5,492.5,450.0,8.84,313.0,8.91,,,,,
112,3532,台勝科,市,10/06,,467.0,-2.5,-0.53,5149,2440.0,469.5,475.0,484.0,460.5,5.01,377.0,7.46,,,,,
113,6291,沛亨,櫃,10/06,,464.5,-23.5,-4.82,885,421.0,488.0,494.0,494.0,464.5,6.05,40.1,13.71,,,,,
114,6672,騰輝電子-KY,市,10/06,,459.5,8.5,1.88,2951,1330.0,451.0,456.0,459.5,435.0,5.43,64.0,7.81,,,,,
115,7792,安葆,櫃,10/06,,451.5,13.0,2.96,675,305.0,438.5,450.0,461.5,438.5,5.25,40.3,6.35,,,,,
116,6415,矽力*-KY,市,10/06,,449.5,7.5,1.7,2348,1045.0,442.0,440.0,454.5,432.5,4.98,45.5,4.33,,,,,
117,6451,訊芯-KY,市,10/06,,420.0,-12.0,-2.78,1505,642.0,432.0,433.0,439.0,420.0,4.4,372.0,5.57,,,,,
118,6472,保瑞,市,10/06,,416.5,-4.0,-0.95,373,156.0,420.5,422.5,424.0,415.5,2.02,34.3,3.51,,,,,
119,4583,台灣精銳,市,10/06,,416.0,-3.0,-0.72,60,24.9,419.0,418.0,420.5,415.0,1.31,30.9,3.36,,,,,
120,6957,裕慶-KY,市,10/06,,404.0,-6.0,-1.46,859,343.0,410.0,417.5,417.5,391.0,6.46,34.7,9.35,,,,,
121,6414,樺漢,市,10/06,,400.5,-7.0,-1.72,770,310.0,407.5,408.0,411.0,400.5,2.58,16.2,2.11,,,,,
122,4728,雙美,櫃,10/06,,397.0,2.0,0.51,12,4.77,395.0,395.0,399.5,394.0,1.39,26.6,15.11,,,,,
123,6491,晶碩,市,10/06,,396.5,-6.5,-1.61,391,155.0,403.0,404.0,404.0,393.5,2.61,16.7,2.63,,,,,
124,3211,順達,櫃,10/06,,395.0,-4.0,-1.0,12521,4774.0,399.0,368.0,401.0,361.0,10.0,52.8,6.81,,,,,
125,6983,華洋精機,櫃,10/06,,395.0,35.5,9.87,380,147.0,359.5,375.5,395.0,360.5,9.6,88.0,7.9,,,,,
126,2492,華新科,市,10/06,,389.5,21.0,5.7,56423,21351.0,368.5,370.0,395.0,362.5,8.82,43.8,2.84,,,,,
127,7749,意騰-KY,市,10/06,,389.0,-10.0,-2.51,156,60.9,399.0,398.5,398.5,387.5,2.76,26.9,4.88,,,,,
128,6664,群翊,櫃,10/06,,386.5,1.5,0.39,393,151.0,385.0,388.0,390.0,375.5,3.77,23.3,5.65,,,,,
129,2376,技嘉,市,10/06,,380.0,-8.5,-2.19,6692,2571.0,388.5,388.0,396.5,377.5,4.89,14.2,3.83,,,,,
130,6933,AMAX-KY,市,10/06,,374.5,-9.5,-2.47,1041,393.0,384.0,385.5,386.5,371.0,4.04,46.4,6.32,,,,,
131,6121,新普,櫃,10/06,,372.5,-9.5,-2.49,1125,418.0,382.0,378.0,378.0,368.0,2.62,11.3,1.74,,,,,
132,6788,華景電,櫃,10/06,,370.5,-6.0,-1.59,288,107.0,376.5,376.5,380.0,367.5,3.32,19.2,5.44,,,,,
133,3260,威剛,櫃,10/06,,370.0,-8.0,-2.12,6289,2342.0,378.0,379.0,379.0,370.0,2.38,4.57,3.04,,,,,
134,4768,晶呈科技,櫃,10/06,,370.0,5.0,1.37,963,360.0,365.0,366.5,382.5,361.0,5.89,,12.36,,,,,
135,8227,巨有科技,櫃,10/06,,370.0,4.0,1.09,664,242.0,366.0,366.0,377.0,350.0,7.38,71.7,12.2,,,,,
136,00675L,富邦臺灣加權正2,市,10/06,,367.0,2.55,0.7,906,330.0,364.45,367.45,367.45,362.2,1.44,,0.9999,,,,,
137,7788,松川精密,市,10/06,,365.5,33.0,9.92,3960,1426.0,332.5,339.5,365.5,335.0,9.17,44.0,4.66,,,,,
138,6197,佳必琪,市,10/06,,365.0,20.0,5.8,7473,2707.0,345.0,351.0,371.0,351.0,5.8,30.5,7.93,,,,,
139,8464,億豐,市,10/06,,364.0,1.5,0.41,188,68.5,362.5,365.0,365.0,360.0,1.38,15.9,3.7,,,,,
140,6894,衛司特,櫃,10/06,,359.0,1.0,0.28,65,23.4,358.0,353.5,362.0,353.5,2.37,22.8,5.18,,,,,
141,4766,南寶,市,10/06,,353.5,7.0,2.02,197,69.0,346.5,348.5,353.5,346.5,2.02,15.1,3.01,,,,,
142,6426,統新,市,10/06,,351.0,-6.5,-1.82,2825,1021.0,357.5,362.0,375.0,350.0,6.99,88.6,13.54,,,,,
143,0057,富邦摩台,市,10/06,,345.7,2.05,0.6,18,6.27,343.65,344.6,345.7,344.5,0.35,,0.9999,,,,,
144,6533,晶心科,市,10/06,,345.0,9.0,2.68,1929,652.0,336.0,336.0,348.0,326.0,6.55,,4.08,,,,,
145,2049,上銀,市,10/06,,339.5,-6.0,-1.74,3515,1196.0,345.5,345.5,347.5,336.5,3.18,51.5,3.07,,,,,
146,4542,科嶠,櫃,10/06,,338.0,-20.0,-5.59,1333,458.0,358.0,348.5,352.0,335.0,4.75,150.0,12.4,,,,,
147,3675,德微,櫃,10/06,,335.5,-13.5,-3.87,1530,520.0,349.0,349.0,354.0,334.0,5.73,58.7,6.06,,,,,
148,4760,勤凱,櫃,10/06,,335.0,-13.5,-3.87,3461,1169.0,348.5,335.0,356.0,320.0,10.3,33.8,7.99,,,,,
149,2382,廣達,市,10/06,,333.5,2.5,0.76,9900,3301.0,331.0,332.5,336.0,331.5,1.36,14.5,5.28,,,,,
150,8155,博智,櫃,10/06,,332.0,2.5,0.76,611,202.0,329.5,335.5,335.5,324.0,3.49,27.6,5.39,,,,,
151,5234,達興材料,市,10/06,,326.5,19.5,6.35,1407,451.0,307.0,319.5,329.0,307.0,7.17,39.0,10.11,,,,,
152,6903,巨漢,櫃,10/06,,323.5,-4.5,-1.37,323,105.0,328.0,332.0,334.5,321.0,4.12,14.7,5.85,,,,,
153,3023,信邦,市,10/06,,317.0,-5.5,-1.71,520,166.0,322.5,323.5,323.5,317.0,2.02,23.7,4.68,,,,,
154,6561,是方,櫃,10/06,,312.5,-1.5,-0.48,53,16.7,314.0,314.0,314.5,311.0,1.11,20.6,7.37,,,,,
155,6239,力成,市,10/06,,310.5,13.0,4.37,27368,8393.0,297.5,302.5,312.0,299.5,4.2,30.7,4.02,,,,,
156,6870,騰雲,櫃,10/06,,310.5,-9.5,-2.97,59,18.8,320.0,317.0,322.5,310.5,3.75,43.1,5.98,,,,,
157,3030,德律,市,10/06,,308.0,2.5,0.82,5251,1638.0,305.5,310.0,318.0,307.5,3.44,23.3,7.48,,,,,
158,7768,頌勝科技,市,10/06,,302.5,-4.0,-1.31,72,21.8,306.5,303.5,303.5,300.0,1.14,59.7,4.73,,,,,
159,6538,倉和,櫃,10/06,,302.0,-33.5,-9.99,1389,424.0,335.5,322.0,322.0,302.0,5.96,169.0,5.86,,,,,
160,2301,光寶科,市,10/06,,299.0,1.0,0.34,17255,5149.0,298.0,298.0,303.0,292.5,3.52,35.0,7.08,,,,,
161,2449,京元電子,市,10/06,,298.0,4.0,1.36,23643,7011.0,294.0,297.0,301.0,288.5,4.25,39.1,5.81,,,,,
162,6937,天虹,市,10/06,,296.0,-6.5,-2.15,740,222.0,302.5,310.0,313.0,294.0,6.28,65.2,5.63,,,,,
163,8016,矽創,市,10/06,,296.0,2.5,0.85,560,165.0,293.5,296.0,297.5,291.5,2.04,14.8,2.63,,,,,
164,7556,意德士,櫃,10/06,,295.5,-4.5,-1.5,319,96.5,300.0,309.0,314.0,288.0,8.67,35.7,4.69,,,,,
165,8039,台虹,市,10/06,,295.5,-8.0,-2.64,21600,6439.0,303.5,303.5,305.5,291.5,4.61,93.8,6.96,,,,,
166,1303,南亞,市,10/06,,293.0,7.0,2.45,115483,33222.0,286.0,288.0,300.0,274.5,8.92,47.3,4.86,,,,,
167,3413,京鼎,市,10/06,,293.0,-2.0,-0.68,707,208.0,295.0,295.0,297.0,293.0,1.36,14.6,1.96,,,,,
168,3147,大綜,櫃,10/06,,292.0,17.0,6.18,3447,1001.0,275.0,282.0,300.0,278.0,8.0,18.1,6.6,,,,,
169,5284,jpp-KY,市,10/06,,290.5,-10.5,-3.49,465,137.0,301.0,301.0,302.5,290.0,4.15,18.4,4.11,,,,,
170,1476,儒鴻,市,10/06,,290.0,11.5,4.13,2985,853.0,278.5,277.0,291.0,274.5,5.92,12.0,2.74,,,,,
171,4585,達明,市,10/06,,290.0,-1.0,-0.34,110,32.1,291.0,291.0,291.5,290.0,0.52,104.0,4.34,,,,,
172,6290,良維,櫃,10/06,,290.0,8.5,3.02,4506,1279.0,281.5,284.0,290.5,277.0,4.8,30.9,6.24,,,,,
173,5386,青雲,櫃,10/06,,286.5,-4.0,-1.38,495,143.0,290.5,291.5,293.5,286.5,2.41,6.09,3.23,,,,,
174,6257,矽格,市,10/06,,286.0,26.0,10.0,36162,10038.0,260.0,269.5,286.0,267.5,7.12,33.5,5.42,,,,,
175,6613,朋億*,櫃,10/06,,285.0,0.5,0.18,315,89.6,284.5,285.0,286.5,282.5,1.41,16.9,3.45,,,,,
176,6173,信昌電,櫃,10/06,,284.0,-8.0,-2.74,5715,1659.0,292.0,292.5,298.5,284.0,4.97,53.6,4.79,,,,,
177,6138,茂達,櫃,10/06,,282.5,-5.0,-1.74,546,154.0,287.5,287.5,287.5,279.0,2.96,18.4,5.6,,,,,
178,8028,昇陽半導體,市,10/06,,280.0,-1.5,-0.53,3368,948.0,281.5,285.0,285.0,278.0,2.49,49.1,8.39,,,,,
179,2451,創見,市,10/06,,279.0,-10.5,-3.63,3760,1059.0,289.5,290.5,290.5,278.5,4.15,4.83,3.13,,,,,
180,3526,凡甲,櫃,10/06,,278.0,2.0,0.72,400,112.0,276.0,278.0,285.5,276.0,3.44,15.7,4.49,,,,,
181,3455,由田,櫃,10/06,,277.5,-6.0,-2.12,1457,407.0,283.5,284.0,284.0,276.0,2.82,77.3,6.92,,,,,
182,4772,台特化,櫃,10/06,,276.0,-2.0,-0.72,829,229.0,278.0,278.0,279.0,274.0,1.8,49.7,11.01,,,,,
183,3006,晶豪科,市,10/06,,273.5,-8.5,-3.01,7061,1951.0,282.0,282.0,282.0,273.0,3.19,8.76,4.1,,,,,
184,6861,睿生光電,市,10/06,,270.5,-25.0,-8.46,1901,533.0,295.5,295.5,295.5,270.5,8.46,41.8,7.22,,,,,
185,6670,復盛應用,市,10/06,,270.0,0.0,0.0,229,62.2,270.0,271.5,275.0,268.5,2.41,11.0,2.42,,,,,
186,4967,十銓,市,10/06,,267.0,-2.5,-0.93,1933,517.0,269.5,272.5,272.5,266.5,2.23,4.11,2.04,,,,,
187,4770,上品,市,10/06,,266.0,-8.5,-3.1,709,190.0,274.5,273.0,273.5,265.0,3.1,25.4,2.54,,,,,
188,006208,富邦台50,市,10/06,,265.9,0.55,0.21,2959,786.0,265.35,266.3,266.65,264.65,0.75,,0.9969,,,,,
189,6435,大中,櫃,10/06,,265.0,-11.5,-4.16,765,205.0,276.5,271.0,272.0,264.0,2.89,19.9,4.43,,,,,
190,5439,高技,櫃,10/06,,264.5,3.5,1.34,2781,738.0,261.0,264.5,270.0,259.0,4.21,14.6,6.09,,,,,
191,0053,元大電子,市,10/06,,263.1,0.1,0.04,191,50.1,263.0,263.1,263.4,262.0,0.53,,1.0004,,,,,
192,6803,崑鼎,櫃,10/06,,263.0,-2.5,-0.94,104,27.5,265.5,266.0,266.0,263.0,1.13,14.2,2.8,,,,,
193,2428,興勤,市,10/06,,262.5,0.5,0.19,539,142.0,262.0,263.0,264.0,260.5,1.34,18.6,2.85,,,,,
194,8081,致新,市,10/06,,262.5,3.5,1.35,622,162.0,259.0,261.0,263.5,257.0,2.51,14.3,2.77,,,,,
195,7722,LINEPAY,市,10/06,,261.0,-1.0,-0.38,40,10.5,262.0,263.5,263.5,259.0,1.72,31.0,1.61,,,,,
196,6667,信紘科,櫃,10/06,,260.5,-4.0,-1.51,324,84.6,264.5,263.0,264.0,259.5,1.7,17.8,5.16,,,,,
197,6953,家碩,櫃,10/06,,259.0,1.5,0.58,130,33.9,257.5,257.0,263.0,257.0,2.33,26.6,4.73,,,,,
198,4931,新盛力,櫃,10/06,,258.5,8.5,3.4,8406,2140.0,250.0,248.0,260.0,242.0,7.2,43.3,10.52,,,,,
199,2317,鴻海,市,10/06,,256.0,2.0,0.79,96969,25048.0,254.0,263.0,266.5,253.5,5.12,16.9,1.88,,,,,
200,6285,啟碁,市,10/06,,256.0,6.5,2.61,18965,4953.0,249.5,256.0,270.0,254.5,6.21,27.9,3.46,,,,,
201,3441,聯一光,櫃,10/06,,255.0,23.0,9.91,19702,4894.0,232.0,238.0,255.0,238.0,7.33,105.0,12.31,,,,,
202,8499,鼎炫-KY,市,10/06,,255.0,-1.0,-0.39,11,2.71,256.0,253.0,255.0,253.0,0.78,24.0,1.26,,,,,
203,2313,華通,市,10/06,,252.0,3.5,1.41,97518,24594.0,248.5,254.0,256.0,245.0,4.43,40.6,6.18,,,,,
204,3587,閎康,櫃,10/06,,250.0,-7.5,-2.91,1299,329.0,257.5,262.0,262.5,249.5,5.05,36.7,3.02,,,,,
205,1264,德麥,櫃,10/06,,249.0,2.5,1.01,20,4.91,246.5,247.0,255.0,247.0,3.25,11.7,2.6,,,,,
206,5292,華懋,市,10/06,,249.0,2.0,0.81,262,65.1,247.0,248.5,252.5,245.0,3.04,26.5,5.48,,,,,
207,6811,宏碁資訊,櫃,10/06,,248.5,2.0,0.81,376,94.2,246.5,246.5,254.0,245.5,3.45,15.4,4.43,,,,,
208,006204,永豐臺灣加權,市,10/06,,247.65,-0.15,-0.06,24,6.04,247.8,248.55,248.9,247.65,0.5,,0.995,,,,,
209,7810,捷創科技,櫃,10/06,,247.5,-1.5,-0.6,169,41.7,249.0,254.0,254.0,243.0,4.42,28.3,5.28,,,,,
210,3264,欣銓,櫃,10/06,,246.0,4.5,1.86,13286,3257.0,241.5,242.5,248.0,241.0,2.9,31.0,5.94,,,,,
211,3617,碩天,市,10/06,,245.0,3.5,1.45,342,83.8,241.5,242.5,246.5,242.0,1.86,11.7,2.35,,,,,
212,2486,一詮,市,10/06,,241.0,-6.0,-2.43,6462,1592.0,247.0,254.0,257.0,241.0,6.48,204.0,9.38,,,,,
213,8454,富邦媒,市,10/06,,240.0,5.5,2.35,262,62.5,234.5,234.5,241.0,234.5,2.77,23.1,7.66,,,,,
214,3592,瑞鼎,市,10/06,,239.0,0.0,0.0,387,92.1,239.0,237.5,239.0,236.0,1.26,14.0,1.59,,,,,
215,6271,同欣電,市,10/06,,238.5,0.0,0.0,4552,1086.0,238.5,241.0,242.5,235.5,2.94,26.8,1.83,,,,,
216,3152,璟德,櫃,10/06,,238.0,-2.0,-0.83,113,27.4,240.0,247.0,247.5,238.0,3.96,40.3,2.55,,,,,
217,6449,鈺邦,市,10/06,,238.0,11.0,4.85,5687,1353.0,227.0,234.0,245.0,233.0,5.29,25.8,3.12,,,,,
218,2603,長榮,市,10/06,,236.5,2.0,0.85,4243,1001.0,234.5,233.0,237.5,232.5,2.13,9.38,0.91,,,,,
219,3498,陽程,櫃,10/06,,234.5,-2.0,-0.85,6143,1475.0,236.5,248.5,257.0,230.5,11.2,52.7,5.68,,,,,
220,2727,王品,市,10/06,,234.0,0.5,0.21,68,16.0,233.5,233.5,234.0,233.0,0.43,13.0,4.56,,,,,
221,6231,系微,櫃,10/06,,234.0,-2.0,-0.85,179,42.2,236.0,240.0,240.0,234.0,2.54,31.0,9.88,,,,,
222,6278,台表科,市,10/06,,234.0,14.0,6.36,19489,4458.0,220.0,230.0,237.5,217.5,9.09,23.8,2.92,,,,,
223,4576,大銀微系統,市,10/06,,232.0,-3.0,-1.28,939,220.0,235.0,240.0,240.0,231.0,3.83,70.9,6.48,,,,,
224,8091,翔名,櫃,10/06,,232.0,-8.0,-3.33,1225,291.0,240.0,240.0,245.0,232.0,5.42,23.9,3.09,,,,,
225,6782,視陽,市,10/06,,231.5,2.5,1.09,84,19.3,229.0,231.5,231.5,229.0,1.09,14.0,3.29,,,,,
226,4908,前鼎,櫃,10/06,,231.0,-3.5,-1.49,2652,613.0,234.5,236.5,237.0,225.0,5.12,92.4,10.24,,,,,
227,7765,中華資安,市,10/06,,230.5,1.5,0.66,101,23.3,229.0,230.5,232.5,230.0,1.09,20.1,4.9,,,,,
228,2472,立隆電,市,10/06,,228.0,1.0,0.44,1618,367.0,227.0,227.0,229.5,223.5,2.64,23.3,3.94,,,,,
229,2247,汎德永業,市,10/06,,227.0,1.0,0.44,31,6.89,226.0,225.0,227.0,224.5,1.11,16.4,1.44,,,,,
230,3357,臺慶科,櫃,10/06,,221.0,3.0,1.38,1207,264.0,218.0,218.5,222.0,214.0,3.67,20.5,2.24,,,,,
231,6725,矽科宏晟,櫃,10/06,,220.5,-2.5,-1.12,99,22.0,223.0,223.0,226.0,218.0,3.59,16.7,3.45,,,,,
232,4722,國精化,市,10/06,,220.0,-4.0,-1.79,1661,367.0,224.0,223.0,227.0,216.5,4.69,80.0,6.54,,,,,
233,6654,天正國際,櫃,10/06,,220.0,1.0,0.46,56,12.2,219.0,221.0,221.0,217.0,1.83,77.7,6.77,,,,,
234,00670L,富邦NASDAQ正2,市,10/06,,219.7,4.25,1.97,660,145.0,215.45,219.95,220.15,218.95,0.56,,0.9972,,,,,
235,2351,順德,市,10/06,,218.5,-3.5,-1.58,3592,787.0,222.0,226.0,226.0,216.0,4.5,53.7,5.18,,,,,
236,3515,華擎,市,10/06,,218.0,0.5,0.23,275,60.2,217.5,220.0,221.5,217.0,2.07,14.1,2.32,,,,,
237,6147,頎邦,櫃,10/06,,216.5,0.5,0.23,21517,4636.0,216.0,218.5,220.0,211.0,4.17,52.0,2.76,,,,,
238,3485,敘豐,櫃,10/06,,215.5,-1.5,-0.69,175,38.7,217.0,222.0,229.5,215.5,6.45,33.6,3.45,,,,,
239,3036,文曄,市,10/06,,215.0,1.5,0.7,4901,1050.0,213.5,213.5,216.0,212.5,1.64,11.1,2.19,,,,,
240,5483,中美晶,櫃,10/06,,215.0,0.5,0.23,17650,3807.0,214.5,214.5,220.5,211.0,4.43,23.0,2.58,,,,,
241,6881,潤德,櫃,10/06,,215.0,-0.5,-0.23,3,0.66,215.5,214.5,215.0,214.5,0.23,10.5,4.2,,,,,
242,3055,蔚華科,市,10/06,,213.5,-3.0,-1.39,525,112.0,216.5,222.5,222.5,213.0,4.39,,14.84,,,,,
243,6922,宸曜,櫃,10/06,,211.0,-4.0,-1.86,75,16.1,215.0,215.0,218.0,211.0,3.26,22.0,5.29,,,,,
244,006203,元大MSCI台灣,市,10/06,,210.85,2.0,0.96,11,2.39,208.85,210.9,210.9,210.5,0.19,,1.0004,,,,,
245,2912,統一超,市,10/06,,210.5,-0.5,-0.24,1566,330.0,211.0,210.5,212.0,210.0,0.95,19.0,5.34,,,,,
246,3035,智原,市,10/06,,210.5,-5.5,-2.55,3929,836.0,216.0,219.0,219.0,210.0,4.17,82.9,3.2,,,,,
247,2493,揚博,市,10/06,,209.5,1.5,0.72,2870,599.0,208.0,207.0,214.0,203.0,5.29,40.1,8.61,,,,,
248,8027,鈦昇,櫃,10/06,,209.5,0.0,0.0,2419,509.0,209.5,209.5,213.5,207.0,3.1,676.0,7.77,,,,,
249,3130,一零四,市,10/06,,208.0,-1.0,-0.48,27,5.63,209.0,209.0,209.0,208.0,0.48,12.5,4.41,,,,,
250,6829,千附精密,櫃,10/06,,207.5,1.5,0.73,334,69.3,206.0,206.0,209.5,206.0,1.7,38.9,6.43,,,,,
251,2474,可成,市,10/06,,206.0,-1.0,-0.48,1023,211.0,207.0,207.5,207.5,205.5,0.97,14.1,0.8,,,,,
252,6693,廣閎科,櫃,10/06,,206.0,-9.5,-4.41,1089,228.0,215.5,215.5,215.5,206.0,4.41,40.7,7.44,,,,,
253,7703,銳澤,櫃,10/06,,205.5,0.0,0.0,20,4.06,205.5,205.0,205.5,204.5,0.49,27.6,3.53,,,,,
254,3042,晶技,市,10/06,,204.5,-17.5,-7.88,25657,5328.0,222.0,218.0,218.5,203.5,6.76,35.3,4.41,,,,,
255,4771,望隼,市,10/06,,204.0,-3.5,-1.69,130,26.7,207.5,208.0,208.0,204.0,1.93,13.4,2.89,,,,,
256,1477,聚陽,市,10/06,,203.5,6.0,3.04,2256,457.0,197.5,199.0,205.5,197.5,4.05,13.9,3.64,,,,,
257,6658,聯策,市,10/06,,203.0,3.0,1.5,2517,511.0,200.0,208.0,212.5,195.0,8.75,49.3,5.18,,,,,
258,8271,宇瞻,市,10/06,,201.0,0.5,0.25,702,141.0,200.5,203.0,203.0,200.0,1.5,4.97,2.74,,,,,
259,6679,鈺太,櫃,10/06,,200.5,-6.0,-2.91,437,87.9,206.5,204.5,204.5,199.5,2.42,15.7,1.81,,,,,
260,8261,富鼎,市,10/06,,199.5,-5.5,-2.68,15025,2943.0,205.0,204.5,204.5,191.0,6.59,29.9,4.16,,,,,
261,4764,雙鍵,市,10/06,,199.0,2.5,1.27,1635,325.0,196.5,198.0,207.0,193.0,7.12,64.0,6.67,,,,,
262,1623,大東電,市,10/06,,198.0,0.0,0.0,57,11.2,198.0,198.0,198.0,196.0,1.01,15.8,3.19,,,,,
263,3265,台星科,櫃,10/06,,197.5,9.5,5.05,6035,1188.0,188.0,188.0,203.5,188.0,8.24,27.7,4.26,,,,,
264,3551,世禾,櫃,10/06,,197.5,-1.5,-0.75,569,112.0,199.0,199.0,199.0,195.0,2.01,20.8,2.44,,,,,
265,1503,士電,市,10/06,,197.0,1.0,0.51,568,112.0,196.0,196.0,198.0,195.5,1.28,27.1,2.65,,,,,
266,5432,新門,櫃,10/06,,195.5,17.5,9.83,1142,221.0,178.0,192.0,195.5,185.5,5.62,21.0,7.8,,,,,
267,5347,世界,櫃,10/06,,191.0,7.0,3.8,33816,6457.0,184.0,184.5,195.0,184.5,5.71,40.5,5.7,,,,,
268,6907,雅特力-KY,櫃,10/06,,191.0,-2.5,-1.29,814,156.0,193.5,194.0,196.5,190.0,3.36,37.2,7.39,,,,,
269,7730,暉盛-創,市,10/06,,191.0,3.0,1.6,67,12.8,188.0,191.5,193.0,189.0,2.13,108.0,7.2,,,,,
270,3231,緯創,市,10/06,,189.5,0.0,0.0,30083,5722.0,189.5,191.5,194.5,188.0,3.43,14.9,3.11,,,,,
271,6719,力智,市,10/06,,189.0,-2.5,-1.31,398,75.3,191.5,192.5,192.5,187.0,2.87,21.3,1.41,,,,,
272,3227,原相,櫃,10/06,,188.5,0.0,0.0,719,135.0,188.5,189.5,189.5,186.5,1.59,15.4,1.89,,,,,
273,3362,先進光,櫃,10/06,,188.5,-2.5,-1.31,10342,2001.0,191.0,191.5,202.0,188.0,7.33,,7.09,,,,,
274,5288,豐祥-KY,市,10/06,,188.5,1.5,0.8,81,15.2,187.0,186.0,189.5,185.5,2.14,12.5,2.07,,,,,
275,6214,精誠,市,10/06,,188.5,0.0,0.0,411,77.5,188.5,188.0,189.5,188.0,0.8,17.6,2.79,,,,,
276,3016,嘉晶,市,10/06,,188.0,6.5,3.58,4711,879.0,181.5,186.0,189.5,181.5,4.41,155.0,10.48,,,,,
277,2221,大甲,櫃,10/06,,186.0,0.0,0.0,645,119.0,186.0,186.5,188.0,180.0,4.3,61.4,7.26,,,,,
278,4961,天鈺,市,10/06,,185.5,1.5,0.82,1205,225.0,184.0,187.0,190.0,185.5,2.45,20.9,1.29,,,,,
279,5903,全家,櫃,10/06,,185.5,-1.0,-0.54,12,2.2,186.5,186.0,186.0,185.5,0.27,23.7,4.72,,,,,
280,2464,盟立,市,10/06,,182.5,-8.5,-4.45,11214,2108.0,191.0,192.5,197.0,182.5,7.59,445.0,6.93,,,,,
281,3611,鼎翰,櫃,10/06,,182.5,0.0,0.0,34,6.23,182.5,182.5,182.5,181.5,0.55,8.83,1.36,,,,,
282,1773,勝一,市,10/06,,182.0,1.5,0.83,1353,243.0,180.5,181.5,182.5,175.5,3.88,22.7,4.77,,,,,
283,6146,耕興,櫃,10/06,,182.0,1.0,0.55,162,29.5,181.0,181.5,183.5,181.0,1.38,16.0,3.47,,,,,
284,4551,智伸科,市,10/06,,181.5,-4.5,-2.42,2668,491.0,186.0,188.0,190.0,180.5,5.11,19.1,2.26,,,,,
285,2753,八方雲集,市,10/06,,181.0,-2.5,-1.36,105,19.1,183.5,183.5,183.5,180.5,1.63,12.9,3.2,,,,,
286,5475,德宏,櫃,10/06,,181.0,-3.0,-1.63,2228,408.0,184.0,186.0,188.0,180.0,4.35,140.0,21.12,,,,,
287,8114,振樺電,市,10/06,,179.0,0.0,0.0,167,29.9,179.0,180.5,181.0,177.5,1.96,8.24,1.94,,,,,
288,2752,豆府,櫃,10/06,,178.0,2.0,1.14,7,1.2,176.0,177.0,178.0,177.0,0.57,10.9,3.84,,,,,
289,2344,華邦電,市,10/06,,177.5,-3.5,-1.93,58644,10530.0,181.0,181.5,183.0,177.5,3.04,19.6,4.84,,,,,
290,6690,安碁資訊,櫃,10/06,,176.5,-0.5,-0.28,181,32.3,177.0,178.0,180.5,176.0,2.54,16.1,1.75,,,,,
291,1795,美時,市,10/06,,176.0,-1.5,-0.85,500,88.5,177.5,178.5,178.5,176.0,1.41,12.2,1.93,,,,,
292,2481,強茂,市,10/06,,176.0,-4.5,-2.49,28775,5046.0,180.5,180.0,181.5,172.5,4.99,46.7,4.47,,,,,
293,3234,光環,櫃,10/06,,176.0,-4.0,-2.22,1904,336.0,180.0,180.0,181.0,172.5,4.72,,28.21,,,,,
294,02001L,富邦蘋果正二N,市,10/06,,175.5,0.7,0.4,68,11.9,174.8,177.6,177.6,172.9,2.69,,1.0,,,,,
295,6263,普萊德,櫃,10/06,,175.5,8.5,5.09,702,122.0,167.0,168.0,177.0,166.0,6.59,19.9,7.05,,,,,
296,1268,漢來美食,櫃,10/06,,175.0,-1.0,-0.57,11,1.99,176.0,175.5,175.5,174.5,0.57,13.3,3.08,,,,,
297,2316,楠梓電,市,10/06,,174.5,3.0,1.75,3449,602.0,171.5,172.5,176.5,170.0,3.79,12.2,2.19,,,,,
298,2707,晶華,市,10/06,,174.5,0.0,0.0,79,13.8,174.5,174.5,175.0,174.5,0.29,12.1,5.72,,,,,
299,6217,中探針,櫃,10/06,,174.0,-4.0,-2.25,2470,438.0,178.0,180.0,183.5,172.0,6.46,,6.77,,,,,
300,4977,眾達-KY,市,10/06,,173.5,-1.5,-0.86,1854,325.0,175.0,176.0,178.0,173.5,2.57,50.6,3.34,,,,,
301,5209,新鼎,櫃,10/06,,173.5,-1.0,-0.57,45,7.75,174.5,175.0,175.0,172.5,1.43,9.51,4.78,,,,,
302,8033,雷虎,市,10/06,,173.5,0.5,0.29,1616,281.0,173.0,175.0,177.0,172.5,2.6,340.0,8.78,,,,,
303,2421,建準,市,10/06,,173.0,3.5,2.06,3717,642.0,169.5,171.5,176.0,167.5,5.01,18.2,4.7,,,,,
304,3090,日電貿,市,10/06,,173.0,0.0,0.0,2950,507.0,173.0,174.0,174.5,169.0,3.18,22.5,2.68,,,,,
305,2645,長榮航太,市,10/06,,172.5,0.5,0.29,580,100.0,172.0,172.5,174.5,172.0,1.45,22.0,4.82,,,,,
306,7712,博盛半導體,櫃,10/06,,172.5,-3.5,-1.99,890,155.0,176.0,180.5,180.5,172.0,4.83,24.9,2.98,,,,,
307,3605,宏致,市,10/06,,172.0,4.0,2.38,14450,2420.0,168.0,168.0,173.0,160.0,7.74,42.2,3.38,,,,,
308,3376,新日興,市,10/06,,171.5,0.0,0.0,1212,208.0,171.5,172.5,174.0,171.0,1.75,117.0,2.03,,,,,
309,2466,冠西電,市,10/06,,170.5,15.5,10.0,6769,1111.0,155.0,160.0,170.5,157.5,8.39,109.0,15.26,,,,,
310,4441,振大環球,市,10/06,,169.5,0.0,0.0,71,12.0,169.5,169.5,171.5,169.0,1.47,9.39,1.68,,,,,
311,8416,實威,櫃,10/06,,169.5,0.0,0.0,0,0.0,169.5,169.5,169.5,169.5,0.0,11.5,2.95,,,,,
312,3228,金麗科,櫃,10/06,,168.5,-3.5,-2.03,347,58.8,172.0,172.0,174.0,167.0,4.07,,17.81,,,,,
313,3570,大塚,櫃,10/06,,168.5,-1.0,-0.59,17,2.87,169.5,168.5,169.5,168.5,0.59,11.8,2.7,,,,,
314,6419,京晨科,櫃,10/06,,168.5,-3.0,-1.75,601,100.0,171.5,170.0,170.0,164.0,3.5,5.67,3.1,,,,,
315,2480,敦陽科,市,10/06,,168.0,1.5,0.9,473,79.2,166.5,166.5,169.5,165.5,2.4,19.2,5.45,,,,,
316,3416,融程電,市,10/06,,168.0,-0.5,-0.3,458,77.4,168.5,169.5,170.5,167.0,2.08,19.5,3.78,,,,,
317,7714,創泓科技,櫃,10/06,,168.0,-1.5,-0.88,281,47.8,169.5,170.0,173.5,168.0,3.24,21.8,6.09,,,,,
318,2233,宇隆,市,10/06,,167.5,-1.5,-0.89,265,44.6,169.0,171.5,171.5,166.0,3.25,24.7,2.44,,,,,
319,6438,迅得,市,10/06,,167.5,0.0,0.0,699,116.0,167.5,168.0,168.0,165.0,1.79,29.0,2.17,,,,,
320,6761,穩得,櫃,10/06,,167.5,-2.0,-1.18,107,17.9,169.5,168.5,169.0,167.0,1.18,22.5,3.42,,,,,
321,1513,中興電,市,10/06,,167.0,0.5,0.3,1608,268.0,166.5,167.0,168.0,165.5,1.5,18.8,3.96,,,,,
322,6996,力領科技,櫃,10/06,,167.0,1.5,0.91,24,3.95,165.5,166.0,167.5,166.0,0.91,11.0,2.6,,,,,
323,7827,漢康-KY創,市,10/06,,166.5,-1.0,-0.6,333,55.6,167.5,167.0,169.5,165.0,2.69,,17.58,,,,,
324,1256,鮮活果汁-KY,市,10/06,,166.0,-2.0,-1.19,36,5.96,168.0,168.0,168.0,166.0,1.19,10.7,1.41,,,,,
325,2597,潤弘,市,10/06,,164.5,1.0,0.61,169,27.8,163.5,163.5,165.0,163.5,0.92,14.1,6.87,,,,,
326,3555,博士旺,櫃,10/06,,163.5,-3.0,-1.8,32,5.19,166.5,165.0,165.0,161.0,2.4,19.0,7.9,,,,,
327,5474,聰泰,櫃,10/06,,163.0,3.5,2.19,227,37.1,159.5,162.5,165.0,160.0,3.13,27.9,3.31,,,,,
328,6712,長聖,櫃,10/06,,160.0,0.0,0.0,236,37.9,160.0,160.0,161.5,158.5,1.88,34.1,5.73,,,,,
329,2850,新產,市,10/06,,159.5,0.0,0.0,86,13.7,159.5,159.5,160.0,158.5,0.94,10.4,2.29,,,,,
330,7689,大鵬科CLMX,市,10/06,,159.0,-5.0,-3.05,90,14.4,164.0,163.0,163.0,158.0,3.05,,5.01,,,,,
331,8083,瑞穎,櫃,10/06,,159.0,1.0,0.63,96,15.3,158.0,158.5,160.0,157.5,1.58,13.9,5.09,,,,,
332,4536,拓凱,市,10/06,,158.5,-2.0,-1.25,170,27.0,160.5,160.0,160.0,158.0,1.25,12.0,1.53,,,,,
333,3135,凌航,市,10/06,,157.5,0.5,0.32,697,111.0,157.0,159.5,161.0,157.5,2.23,6.13,3.28,,,,,
334,6895,宏碩系統,櫃,10/06,,157.5,1.0,0.64,27,4.21,156.5,156.0,157.5,152.0,3.51,309.0,6.0,,,,,
335,6579,研揚,市,10/06,,157.0,-1.0,-0.63,274,43.2,158.0,159.5,159.5,156.5,1.9,15.9,2.61,,,,,
336,8462,柏文,市,10/06,,157.0,-0.5,-0.32,41,6.51,157.5,156.5,158.0,156.5,0.95,14.8,5.24,,,,,
337,3596,智易,市,10/06,,156.0,0.0,0.0,2642,416.0,156.0,158.0,160.0,155.0,3.21,12.0,2.09,,,,,
338,6762,達亞,櫃,10/06,,156.0,0.0,0.0,0,0.0,156.0,156.0,156.0,156.0,0.0,332.0,4.21,,,,,
339,7738,東聯互動,櫃,10/06,,156.0,1.0,0.65,56,8.71,155.0,156.5,156.5,153.0,2.26,12.2,2.26,,,,,
340,4569,六方科-KY,市,10/06,,155.5,-1.5,-0.96,34,5.26,157.0,157.0,157.0,154.5,1.59,17.4,1.71,,,,,
341,6651,全宇昕,櫃,10/06,,155.5,-0.5,-0.32,260,39.8,156.0,157.0,157.0,150.0,4.49,17.4,4.1,,,,,
342,2377,微星,市,10/06,,155.0,0.0,0.0,4877,759.0,155.0,157.0,158.5,154.5,2.58,13.4,2.26,,,,,
343,2640,大車隊,櫃,10/06,,155.0,1.0,0.65,21,3.28,154.0,156.0,159.5,154.5,3.25,16.3,4.59,,,,,
344,2729,瓦城,櫃,10/06,,155.0,0.5,0.32,11,1.65,154.5,154.5,155.5,154.0,0.97,25.2,2.91,,,,,
345,2881,富邦金,市,10/06,,154.5,2.5,1.64,16607,2554.0,152.0,151.5,154.5,151.5,1.97,13.3,1.9,,,,,
346,4571,鈞興-KY,市,10/06,,153.5,-0.5,-0.32,82,12.7,154.0,153.5,154.5,153.0,0.97,17.1,2.45,,,,,
347,1232,大統益,市,10/06,,153.0,-0.5,-0.33,91,14.0,153.5,154.0,154.0,153.0,0.65,16.9,4.44,,,,,
348,0051,元大中型100,市,10/06,,152.35,-0.1,-0.07,40,6.1,152.45,152.4,152.7,152.05,0.43,,1.0013,,,,,
349,6732,昇佳電子,櫃,10/06,,152.0,-1.5,-0.98,104,15.9,153.5,152.5,153.5,151.5,1.3,21.9,1.6,,,,,
350,7772,耀穎,櫃,10/06,,151.0,-16.5,-9.85,1251,192.0,167.5,167.5,167.5,151.0,9.85,174.0,3.94,,,,,
351,8255,朋程,櫃,10/06,,151.0,-0.5,-0.33,348,52.4,151.5,153.0,153.0,149.0,2.64,22.3,1.68,,,,,
352,4919,新唐,市,10/06,,150.5,-5.0,-3.22,11384,1729.0,155.5,156.0,157.0,149.5,4.82,,4.07,,,,,
353,4169,泰宗,市,10/06,,149.5,0.5,0.34,95,14.2,149.0,149.0,150.5,148.5,1.34,,5.08,,,,,
354,8069,元太,櫃,10/06,,149.0,2.5,1.71,10797,1608.0,146.5,147.0,151.5,145.0,4.44,14.5,2.27,,,,,
355,6706,惠特,市,10/06,,148.0,-3.5,-2.31,2376,360.0,151.5,151.5,155.5,148.0,4.95,,3.13,,,,,
356,2303,聯電,市,10/06,,147.5,-5.0,-3.28,310621,45893.0,152.5,149.0,150.0,146.0,2.62,22.0,4.17,,,,,
357,6890,來億-KY,市,10/06,,147.5,0.5,0.34,146,21.4,147.0,147.0,147.5,145.0,1.7,14.1,1.58,,,,,
358,6716,應廣,櫃,10/06,,146.0,13.0,9.77,3848,555.0,133.0,145.0,146.0,139.5,4.89,22.9,5.2,,,,,
359,2412,中華電,市,10/06,,145.5,0.0,0.0,7053,1020.0,145.5,145.5,145.5,144.0,1.03,28.5,3.08,,,,,
360,1597,直得,市,10/06,,145.0,-0.5,-0.34,953,139.0,145.5,146.5,150.0,142.5,5.15,71.1,5.12,,,,,
361,3014,聯陽,市,10/06,,145.0,-1.5,-1.02,1916,278.0,146.5,146.5,146.5,144.0,1.71,14.2,3.28,,,,,
362,3624,光頡,櫃,10/06,,145.0,-0.5,-0.34,12809,1900.0,145.5,147.5,153.0,144.0,6.19,45.5,4.76,,,,,
363,00757,統一FANG+,市,10/06,,144.7,1.1,0.77,475,68.6,143.6,144.4,144.9,144.3,0.42,,0.9997,,,,,
364,2731,雄獅,市,10/06,,143.5,-1.0,-0.69,201,29.1,144.5,144.0,145.5,143.5,1.38,8.83,3.0,,,,,
365,6207,雷科,櫃,10/06,,143.5,-8.5,-5.59,11984,1756.0,152.0,153.0,153.0,143.5,6.25,82.9,4.75,,,,,
366,3289,宜特,櫃,10/06,,143.0,2.0,1.42,490,69.9,141.0,145.0,145.0,141.5,2.48,31.3,2.61,,,,,
367,6902,GOGOLOOK,市,10/06,,143.0,-4.5,-3.05,339,48.8,147.5,147.0,147.5,142.5,3.39,29.5,6.24,,,,,
368,6525,捷敏-KY,市,10/06,,142.0,2.0,1.43,1953,277.0,140.0,146.5,147.0,138.5,6.07,19.7,3.89,,,,,
369,6945,圓祥生技,櫃,10/06,,142.0,12.5,9.65,680,93.5,129.5,128.5,142.0,128.5,10.4,,5.93,,,,,
370,6227,茂綸,櫃,10/06,,141.5,-1.0,-0.7,799,114.0,142.5,144.0,144.0,140.5,2.46,11.0,3.4,,,,,
371,7631,聚賢研發-創,市,10/06,,141.5,0.0,0.0,121,17.0,141.5,141.5,141.5,139.0,1.77,13.4,3.09,,,,,
372,3019,亞光,市,10/06,,141.0,-0.5,-0.35,2614,370.0,141.5,143.0,143.5,139.5,2.83,23.8,2.65,,,,,
373,00647L,元大S&P500正2,市,10/06,,140.8,2.05,1.48,23,3.28,138.75,140.65,140.8,140.45,0.25,,0.9947,,,,,
374,3219,倚強科,櫃,10/06,,140.5,12.5,9.77,1554,212.0,128.0,131.5,140.5,130.0,8.2,42.2,6.64,,,,,
375,3402,漢科,櫃,10/06,,140.5,0.5,0.36,348,48.8,140.0,140.5,141.0,138.5,1.79,19.6,4.85,,,,,
376,8147,正淩,櫃,10/06,,140.5,-1.0,-0.71,329,47.0,141.5,146.0,146.0,140.5,3.89,54.7,4.0,,,,,
377,8478,東哥遊艇,市,10/06,,140.0,0.5,0.36,34,4.71,139.5,139.5,140.0,139.0,0.72,9.74,1.44,,,,,
378,4572,駐龍,市,10/06,,139.5,1.0,0.72,18,2.45,138.5,138.5,139.5,138.0,1.08,37.9,2.94,,,,,
379,6862,三集瑞-KY,市,10/06,,139.0,-1.5,-1.07,84,11.7,140.5,140.5,140.5,139.0,1.07,20.5,2.4,,,,,
380,8043,蜜望實,櫃,10/06,,138.5,-2.0,-1.42,1017,141.0,140.5,141.0,142.0,138.0,2.85,33.5,3.9,,,,,
381,6568,宏觀,櫃,10/06,,138.0,0.5,0.36,120,16.5,137.5,138.0,139.5,135.0,3.27,27.4,2.71,,,,,
382,4556,旭然,櫃,10/06,,137.5,12.0,9.56,3800,497.0,125.5,124.5,138.0,123.5,11.6,129.0,7.01,,,,,
383,4973,廣穎,櫃,10/06,,136.5,-1.5,-1.09,413,56.6,138.0,137.5,138.0,136.5,1.09,7.56,2.57,,,,,
384,5287,數字,櫃,10/06,,136.5,-1.0,-0.73,42,5.7,137.5,137.0,137.0,136.5,0.36,8.89,2.96,,,,,
385,6924,榮惠-KY創,市,10/06,,136.5,4.0,3.02,89,11.8,132.5,130.5,138.0,129.0,6.79,16.4,5.05,,,,,
386,8109,博大,櫃,10/06,,136.5,-2.5,-1.8,208,28.5,139.0,139.0,139.5,136.5,2.16,18.3,3.7,,,,,
387,3088,艾訊,櫃,10/06,,135.5,1.0,0.74,1332,183.0,134.5,135.5,139.5,135.0,3.35,17.0,2.71,,,,,
388,3479,安勤,櫃,10/06,,135.5,-0.5,-0.37,414,56.5,136.0,137.5,137.5,135.5,1.47,18.5,2.95,,,,,
389,6199,天品,櫃,10/06,,135.5,2.0,1.5,5170,695.0,133.5,133.5,135.5,133.5,1.5,49.8,7.9,,,,,
390,6206,飛捷,市,10/06,,135.5,-2.0,-1.45,546,74.5,137.5,137.5,138.0,135.5,1.82,15.0,3.69,,,,,
391,8064,東捷,櫃,10/06,,135.5,-1.0,-0.73,4729,649.0,136.5,137.5,141.0,135.5,4.03,52.5,5.92,,,,,
392,4163,鐿鈦,櫃,10/06,,135.0,-1.0,-0.74,35,4.76,136.0,135.5,136.0,134.0,1.47,22.2,2.53,,,,,
393,6605,帝寶,市,10/06,,135.0,-0.5,-0.37,129,17.5,135.5,135.5,136.0,135.0,0.74,8.34,1.11,,,,,
394,3218,大學光,櫃,10/06,,134.0,0.5,0.37,160,21.4,133.5,133.0,135.0,133.0,1.5,9.91,2.93,,,,,
395,2458,義隆,市,10/06,,133.0,-1.0,-0.75,1104,146.0,134.0,134.5,134.5,131.0,2.61,12.2,3.4,,,,,
396,3715,定穎投控,市,10/06,,133.0,0.0,0.0,12114,1630.0,133.0,133.0,138.0,131.0,5.26,,3.6,,,,,
397,4755,三福化,市,10/06,,133.0,12.0,9.92,1102,143.0,121.0,123.0,133.0,121.5,9.5,29.0,1.97,,,,,
398,6620,漢達,櫃,10/06,,133.0,-13.0,-8.9,4626,630.0,146.0,145.0,145.0,131.5,9.25,45.1,4.3,,,,,
399,6655,科定,市,10/06,,133.0,7.5,5.98,73,9.34,125.5,125.5,133.0,125.5,5.98,27.5,3.19,,,,,
400,6877,鏵友益,櫃,10/06,,132.5,-13.0,-8.93,426,57.6,145.5,144.0,144.0,131.0,8.93,,7.45,,,,,
401,3558,神準,櫃,10/06,,132.0,1.5,1.15,88,11.5,130.5,130.5,132.0,130.0,1.53,61.7,1.3,,,,,
402,2476,鉅祥,市,10/06,,131.5,3.0,2.33,2587,337.0,128.5,129.5,132.0,128.5,2.72,21.3,3.16,,,,,
403,3010,華立,市,10/06,,131.0,1.0,0.77,571,74.8,130.0,131.5,132.0,130.0,1.54,11.7,1.24,,,,,
404,6753,龍德造船,市,10/06,,131.0,0.0,0.0,224,29.5,131.0,132.0,132.0,131.0,0.76,12.5,2.89,,,,,
405,6166,凌華,市,10/06,,130.0,0.5,0.39,1316,171.0,129.5,133.0,133.5,129.0,3.47,24.9,4.59,,,,,
406,6913,鴻呈,櫃,10/06,,129.5,-0.5,-0.38,97,12.5,130.0,131.0,131.0,129.0,1.54,19.6,3.24,,,,,
407,4736,泰博,市,10/06,,129.0,0.5,0.39,95,12.3,128.5,128.5,130.0,128.5,1.17,4.77,1.1,,,,,
408,2072,世紀風電,市,10/06,,128.5,-0.5,-0.39,79,10.3,129.0,129.0,130.0,128.5,1.16,8.24,1.02,,,,,
409,2478,大毅,市,10/06,,128.5,2.0,1.58,2452,313.0,126.5,128.0,130.0,125.5,3.56,26.4,2.52,,,,,
410,1788,杏昌,櫃,10/06,,128.0,0.0,0.0,33,4.15,128.0,127.5,128.0,127.0,0.78,14.5,1.93,,,,,
411,3217,優群,櫃,10/06,,128.0,-1.0,-0.78,231,29.6,129.0,129.0,129.0,127.5,1.16,10.1,2.38,,,,,
412,6182,合晶,櫃,10/06,,128.0,-3.5,-2.66,67858,8840.0,131.5,132.0,134.5,126.5,6.08,512.0,4.71,,,,,
413,5236,凌陽創新,市,10/06,,127.5,-6.5,-4.85,378,48.4,134.0,131.0,131.0,127.0,2.99,12.4,3.09,,,,,
414,8086,宏捷科,櫃,10/06,,127.5,-1.5,-1.16,9047,1145.0,129.0,128.5,130.0,124.0,4.65,23.7,2.96,,,,,
415,8150,南茂,市,10/06,,127.5,3.5,2.82,77566,9866.0,124.0,124.0,130.5,123.0,6.05,39.6,3.59,,,,,
416,00662,富邦NASDAQ,市,10/06,,127.0,1.2,0.95,3027,384.0,125.8,126.9,127.05,126.65,0.32,,1.0026,,,,,
417,1815,富喬,櫃,10/06,,127.0,-1.5,-1.17,74927,9677.0,128.5,129.0,133.5,126.5,5.45,36.5,5.42,,,,,
418,2441,超豐,市,10/06,,126.5,2.5,2.02,3496,440.0,124.0,125.0,127.5,124.0,2.82,23.4,2.62,,,,,
419,6617,共信-KY,櫃,10/06,,126.5,-1.0,-0.78,405,52.2,127.5,128.5,131.0,126.5,3.53,,6.59,,,,,
420,9939,宏全,市,10/06,,126.5,0.0,0.0,505,63.9,126.5,125.5,127.0,125.0,1.58,11.5,1.89,,,,,
421,2359,所羅門,市,10/06,,126.0,-1.0,-0.79,1106,140.0,127.0,128.0,128.0,126.0,1.57,18.8,3.38,,,,,
422,2375,凱美,市,10/06,,125.5,-0.5,-0.4,1941,243.0,126.0,126.5,127.0,123.5,2.78,30.1,1.28,,,,,
423,3213,茂訊,櫃,10/06,,125.5,0.0,0.0,299,37.7,125.5,126.5,127.5,125.5,1.59,13.1,1.89,,,,,
424,6720,久昌,櫃,10/06,,124.5,0.0,0.0,171,20.5,124.5,123.0,124.5,116.5,6.43,33.6,4.28,,,,,
425,00762,元大全球AI,市,10/06,,123.05,0.7,0.57,136,16.6,122.35,122.35,123.05,122.3,0.61,,0.9913,,,,,
426,3045,台灣大,市,10/06,,123.0,0.5,0.41,3586,439.0,122.5,122.5,123.0,122.0,0.82,23.1,4.45,,,,,
427,6834,天二科技,市,10/06,,123.0,-2.5,-1.99,3561,440.0,125.5,126.5,127.0,121.5,4.38,53.2,7.05,,,,,
428,6859,伯特光,櫃,10/06,,123.0,0.0,0.0,34,4.22,123.0,123.0,123.5,122.5,0.81,43.5,2.43,,,,,
429,6904,伯鑫,櫃,10/06,,123.0,0.0,0.0,2,0.25,123.0,122.0,123.0,122.0,0.81,16.2,2.26,,,,,
430,6416,瑞祺電通,市,10/06,,122.0,2.5,2.09,749,90.8,119.5,119.5,123.0,119.0,3.35,22.8,2.48,,,,,
431,3004,豐達科,市,10/06,,121.5,1.0,0.83,272,33.2,120.5,122.0,122.0,121.0,0.83,18.9,2.07,,,,,
432,00663L,國泰臺灣加權正2,市,10/06,,121.1,1.05,0.87,3843,463.0,120.05,120.95,121.15,119.45,1.42,,0.9994,,,,,
433,1736,喬山,市,10/06,,120.5,-3.5,-2.82,571,69.7,124.0,124.0,124.5,120.5,3.23,10.9,2.67,,,,,
434,2337,旺宏,市,10/06,,119.5,-2.0,-1.65,13171,1586.0,121.5,121.5,122.5,119.5,2.47,28.3,3.82,,,,,
435,6574,霈方,櫃,10/06,,119.5,-0.5,-0.42,28,3.36,120.0,120.5,121.0,118.5,2.08,9.03,2.46,,,,,
436,6914,阜爾運通,市,10/06,,119.5,1.0,0.84,68,8.13,118.5,119.0,120.0,118.0,1.69,12.0,2.19,,,,,
437,8103,瀚荃,市,10/06,,119.5,-2.0,-1.65,2700,325.0,121.5,124.0,124.5,118.5,4.94,20.9,2.3,,,,,
438,3702,大聯大,市,10/06,,119.0,0.0,0.0,2731,324.0,119.0,119.5,120.0,117.5,2.1,9.92,2.14,,,,,
439,3005,神基,市,10/06,,118.5,1.5,1.28,2274,268.0,117.0,117.5,119.0,116.5,2.14,14.0,2.9,,,,,
440,3029,零壹,市,10/06,,117.5,0.0,0.0,842,99.5,117.5,118.5,119.0,117.5,1.28,16.9,3.71,,,,,
441,4506,崇友,櫃,10/06,,117.5,0.0,0.0,65,7.66,117.5,117.5,117.5,117.0,0.43,15.2,3.65,,,,,
442,7786,東方風能,市,10/06,,117.5,-3.0,-2.49,83,9.87,120.5,120.0,120.0,117.5,2.07,11.0,2.12,,,,,
443,4953,緯致,櫃,10/06,,117.0,0.5,0.43,193,22.7,116.5,117.0,118.0,116.5,1.29,11.6,2.03,,,,,
444,8042,金山電,櫃,10/06,,117.0,-1.5,-1.27,2287,270.0,118.5,119.5,120.0,117.0,2.53,31.0,3.38,,,,,
445,0050,元大台灣50,市,10/06,,116.5,0.55,0.47,70946,8238.0,115.95,116.3,116.6,115.7,0.78,,1.0005,,,,,
446,3689,湧德,櫃,10/06,,116.5,3.5,3.1,1194,138.0,113.0,114.0,117.0,113.5,3.1,14.4,2.1,,,,,
447,6279,胡連,櫃,10/06,,116.5,0.0,0.0,234,27.2,116.5,116.5,117.0,115.5,1.29,10.2,1.53,,,,,
448,6230,尼得科超眾,市,10/06,,114.0,1.0,0.88,75,8.52,113.0,113.0,114.5,112.0,2.21,,1.7,,,,,
449,00640L,富邦日本正2,市,10/06,,113.55,2.5,2.25,87,9.87,111.05,112.6,113.55,112.45,0.99,,0.9961,,,,,
450,1537,廣隆,市,10/06,,113.5,0.0,0.0,106,12.0,113.5,113.5,113.5,112.5,0.88,13.7,2.2,,,,,
451,3581,博磊,櫃,10/06,,113.5,-4.0,-3.4,425,48.4,117.5,117.5,117.5,112.0,4.68,48.3,6.39,,,,,
452,9942,茂順,市,10/06,,113.5,0.5,0.44,167,18.9,113.0,113.0,114.0,112.0,1.77,12.4,2.26,,,,,
453,5351,鈺創,櫃,10/06,,113.0,-1.0,-0.88,6778,773.0,114.0,114.0,115.5,112.0,3.07,17.5,5.15,,,,,
454,5443,均豪,櫃,10/06,,113.0,-1.5,-1.31,1290,146.0,114.5,115.5,115.5,112.5,2.62,48.5,0.9,,,,,
455,00735,國泰臺韓科技,市,10/06,,112.05,-0.15,-0.13,1679,188.0,112.2,112.45,112.85,111.75,0.98,,0.9937,,,,,
456,2882,國泰金,市,10/06,,112.0,0.5,0.45,17740,1987.0,111.5,112.0,113.0,111.0,1.79,12.3,1.61,,,,,
457,3169,亞信,櫃,10/06,,112.0,-1.5,-1.32,235,26.5,113.5,114.0,114.0,112.0,1.76,29.3,4.01,,,,,
458,2615,萬海,市,10/06,,111.5,1.0,0.9,5606,626.0,110.5,111.0,113.0,110.5,2.26,7.66,1.08,,,,,
459,3430,奇鈦科,櫃,10/06,,111.5,-1.5,-1.33,160,17.9,113.0,113.0,113.5,111.0,2.21,24.1,3.17,,,,,
460,6855,數泓科,櫃,10/06,,111.5,-2.0,-1.76,7,0.75,113.5,112.0,112.0,111.5,0.44,11.3,2.93,,,,,
461,7747,昕奇雲端,櫃,10/06,,111.5,0.0,0.0,1,0.11,111.5,111.5,111.5,111.5,0.0,25.1,3.17,,,,,
462,3577,泓格,櫃,10/06,,111.0,-1.0,-0.89,123,13.8,112.0,113.0,113.0,111.0,1.79,25.6,4.82,,,,,
463,6532,瑞耘,櫃,10/06,,111.0,-1.0,-0.89,831,92.1,112.0,111.0,112.5,109.0,3.12,13.8,3.36,,,,,
464,1785,光洋科,櫃,10/06,,110.5,8.0,7.8,43917,4824.0,102.5,103.5,112.5,102.0,10.2,16.5,4.06,,,,,
465,6192,巨路,市,10/06,,110.5,0.0,0.0,55,6.07,110.5,110.5,111.0,110.5,0.45,10.7,1.41,,,,,
466,6204,艾華,櫃,10/06,,110.5,-2.5,-2.21,423,47.7,113.0,111.5,116.5,109.5,6.19,92.9,7.1,,,,,
467,1558,伸興,市,10/06,,110.0,0.0,0.0,161,17.7,110.0,109.0,111.5,107.5,3.64,13.7,1.36,,,,,
468,6581,鋼聯,市,10/06,,110.0,2.0,1.85,13,1.43,108.0,107.5,110.0,107.5,2.31,14.9,2.79,,,,,
469,4912,聯德控股-KY,市,10/06,,109.5,0.0,0.0,454,49.7,109.5,110.0,111.5,108.0,3.2,35.2,1.75,,,,,
470,6588,東典光電,櫃,10/06,,109.5,-2.0,-1.79,675,74.1,111.5,112.5,113.0,108.5,4.04,576.0,4.86,,,,,
471,3305,昇貿,市,10/06,,109.0,0.0,0.0,942,103.0,109.0,111.5,111.5,109.0,2.29,19.7,2.53,,,,,
472,4107,邦特,櫃,10/06,,109.0,-1.5,-1.36,69,7.58,110.5,110.0,110.0,109.0,0.9,12.8,2.14,,,,,
473,6728,上洋,櫃,10/06,,108.5,0.0,0.0,21,2.28,108.5,108.0,109.0,108.0,0.92,11.9,1.66,,,,,
474,3679,新至陞,市,10/06,,108.0,-0.5,-0.46,10,1.13,108.5,108.0,108.0,107.5,0.46,9.12,1.41,,,,,
475,7820,立盈,櫃,10/06,,108.0,-3.0,-2.7,10,1.13,111.0,109.5,109.5,108.0,1.35,44.4,3.28,,,,,
476,9917,中保科,市,10/06,,106.5,0.0,0.0,245,26.0,106.5,106.5,106.5,105.5,0.94,15.5,3.76,,,,,
477,1727,中華化,市,10/06,,106.0,-11.5,-9.79,21867,2367.0,117.5,115.5,115.5,106.0,8.09,154.0,6.28,,,,,
478,2546,根基,市,10/06,,106.0,0.0,0.0,79,8.4,106.0,106.0,106.5,106.0,0.47,7.09,2.11,,,,,
479,2385,群光,市,10/06,,105.5,0.5,0.48,3160,334.0,105.0,105.5,106.5,105.0,1.43,11.8,1.72,,,,,
480,2426,鼎元,市,10/06,,105.5,-8.5,-7.46,42807,4670.0,114.0,117.5,118.0,105.5,11.0,1055.0,8.27,,,,,
481,4916,事欣科,市,10/06,,105.5,0.5,0.48,5529,591.0,105.0,108.5,109.5,105.0,4.29,16.2,3.62,,,,,
482,5871,中租-KY,市,10/06,,105.0,-0.5,-0.47,6288,664.0,105.5,105.5,106.5,105.0,1.42,9.4,1.05,,,,,
483,6585,鼎基,市,10/06,,105.0,1.5,1.45,113,11.8,103.5,104.5,105.0,103.5,1.45,13.5,1.93,,,,,
484,3691,碩禾,櫃,10/06,,104.5,-1.0,-0.95,474,50.0,105.5,106.5,107.5,104.5,2.84,38.3,1.59,,,,,
485,4904,遠傳,市,10/06,,104.5,-1.0,-0.95,2753,288.0,105.5,105.5,105.5,104.5,0.95,25.4,4.38,,,,,
486,1215,卜蜂,市,10/06,,104.0,0.0,0.0,313,32.5,104.0,104.0,104.5,103.5,0.96,12.0,2.8,,,,,
487,6417,韋僑,櫃,10/06,,104.0,1.5,1.46,50,5.15,102.5,103.0,104.0,102.5,1.46,15.9,2.48,,,,,
488,1514,亞力,市,10/06,,103.5,1.5,1.47,1071,111.0,102.0,102.5,104.0,102.0,1.96,28.3,4.45,,,,,
489,3580,友威科,櫃,10/06,,103.5,-4.5,-4.17,704,74.8,108.0,110.0,110.5,103.5,6.48,63.5,3.94,,,,,
490,6629,泰金-KY,櫃,10/06,,103.5,0.5,0.49,9,0.93,103.0,104.0,104.0,103.0,0.97,9.06,2.29,,,,,
491,3138,耀登,市,10/06,,102.5,-2.5,-2.38,1252,132.0,105.0,105.5,109.0,102.0,6.67,39.1,2.11,,,,,
492,5222,全訊,市,10/06,,102.5,-3.0,-2.84,465,47.9,105.5,103.0,104.0,102.5,1.42,53.1,3.19,,,,,
493,6462,神盾,櫃,10/06,,102.5,-1.0,-0.97,324,33.3,103.5,103.5,104.0,102.0,1.93,,1.26,,,,,
494,8436,大江,櫃,10/06,,102.5,-2.0,-1.91,902,92.7,104.5,103.5,104.0,102.0,1.91,10.9,1.47,,,,,
495,5299,杰力,櫃,10/06,,102.0,-3.0,-2.86,199,20.5,105.0,105.0,105.0,102.0,2.86,12.7,1.56,,,,,
496,6028,公勝保經,櫃,10/06,,102.0,2.7,2.72,54,5.42,99.3,99.0,103.0,99.0,4.03,9.42,2.79,,,,,
497,6791,虎門科技,櫃,10/06,,102.0,2.5,2.51,23,2.34,99.5,101.0,102.0,100.5,1.51,21.5,4.52,,,,,
498,2254,巨鎧精密-創,市,10/06,,101.5,6.7,7.07,4343,422.0,94.8,95.1,102.0,94.6,7.81,,6.69,,,,,
499,6505,台塑化,市,10/06,,101.5,2.9,2.94,23836,2413.0,98.6,99.5,103.5,97.7,5.88,17.6,1.99,,,,,
500,5425,台半,櫃,10/06,,100.5,-5.0,-4.74,19630,1981.0,105.5,105.5,105.5,99.0,6.16,34.0,3.22,,,,,
501,7740,熙特爾-創,市,10/06,,100.5,-2.0,-1.95,194,19.6,102.5,103.0,103.5,100.5,2.93,14.1,3.58,,,,,
502,00692,富邦公司治理,市,10/06,,100.0,0.45,0.45,1260,126.0,99.55,100.0,100.1,99.5,0.6,,0.9978,,,,,
503,2637,慧洋-KY,市,10/06,,100.0,2.3,2.35,3343,337.0,97.7,99.0,102.5,98.4,4.2,11.1,1.51,,,,,
504,1342,八貫,市,10/06,,99.9,0.1,0.1,87,8.72,99.8,99.8,100.5,99.8,0.7,14.1,3.46,,,,,
505,5871A,中租-KY甲特,市,10/06,,99.9,0.0,0.0,38,3.84,99.9,99.9,99.9,99.8,0.1,,,,,,,
506,6703,軒郁,櫃,10/06,,99.9,-0.6,-0.6,14,1.39,100.5,100.0,100.5,99.9,0.6,10.6,2.54,,,,,
507,6456,GIS-KY,市,10/06,,99.6,9.0,9.93,15977,1587.0,90.6,97.6,99.6,96.2,3.75,,1.13,,,,,
508,7402,邑錡,櫃,10/06,,99.5,0.0,0.0,105,10.5,99.5,100.0,100.5,99.3,1.21,,5.61,,,,,
509,00850,元大臺灣ESG永續,市,10/06,,99.4,0.2,0.2,368,36.5,99.2,99.9,99.9,98.9,1.01,,0.9957,,,,,
510,4549,桓達,櫃,10/06,,99.2,0.4,0.4,52,5.14,98.8,98.1,99.3,97.7,1.62,24.3,2.99,,,,,
511,00731,復華富時高息低波,市,10/06,,98.7,0.65,0.66,578,56.8,98.05,97.85,98.7,97.85,0.87,,0.9975,,,,,
512,4946,辣椒,櫃,10/06,,98.1,-0.7,-0.71,5,0.49,98.8,98.8,98.8,98.1,0.71,41.9,5.03,,,,,
513,6215,和椿,市,10/06,,98.1,0.3,0.31,328,32.1,97.8,98.4,99.2,97.0,2.25,29.3,4.85,,,,,
514,2755,揚秦,櫃,10/06,,98.0,-1.5,-1.51,70,6.89,99.5,99.0,99.0,97.8,1.21,17.2,3.33,,,,,
515,7842,天能綠電,櫃,10/06,,97.9,0.0,0.0,0,0.01,97.9,97.9,97.9,97.9,0.0,19.5,2.11,,,,,
516,4968,立積,市,10/06,,97.8,-1.3,-1.31,446,43.6,99.1,99.1,99.1,97.0,2.12,26.5,3.34,,,,,
517,5243,乙盛-KY,市,10/06,,97.8,2.1,2.19,2725,263.0,95.7,97.0,98.3,94.5,3.97,18.7,1.9,,,,,
518,5285,界霖,市,10/06,,97.2,-2.8,-2.8,2709,263.0,100.0,100.5,100.5,95.1,5.4,31.6,3.22,,,,,
519,5478,智冠,櫃,10/06,,97.0,-0.1,-0.1,36,3.47,97.1,97.1,97.2,97.0,0.21,11.4,1.67,,,,,
520,6756,威鋒電子,市,10/06,,97.0,-1.2,-1.22,193,19.1,98.2,98.7,100.5,97.0,3.56,54.5,2.24,,,,,
521,6592A,和潤企業甲特,市,10/06,,96.8,0.0,0.0,0,0.02,96.8,96.8,96.8,96.8,0.0,,,,,,,
522,6752,叡揚,櫃,10/06,,96.6,0.0,0.0,14,1.32,96.6,96.6,97.3,96.6,0.72,14.1,2.68,,,,,
523,6596,寬宏藝術,櫃,10/06,,96.5,0.2,0.21,77,7.46,96.3,95.9,96.6,95.8,0.83,4.83,2.98,,,,,
524,6863,永道-KY,市,10/06,,96.4,0.3,0.31,31,3.03,96.1,96.3,96.8,96.0,0.83,33.9,1.16,,,,,
525,1565,精華,櫃,10/06,,96.1,-0.6,-0.62,100,9.68,96.7,96.2,96.7,96.1,0.62,12.0,0.76,,,,,
526,00876,元大全球5G,市,10/06,,96.05,-0.15,-0.16,319,30.5,96.2,96.2,96.2,95.4,0.83,,0.9894,,,,,
527,6840,東研信超,櫃,10/06,,95.9,-1.1,-1.13,201,19.3,97.0,97.6,97.6,95.5,2.16,44.0,2.73,,,,,
528,2347,聯強,市,10/06,,95.8,-1.2,-1.24,2512,240.0,97.0,96.0,96.6,94.9,1.75,13.1,1.85,,,,,
529,1580,新麥,櫃,10/06,,95.7,-0.1,-0.1,65,6.26,95.8,95.7,95.8,95.5,0.31,8.34,1.52,,,,,
530,4439,冠星-KY,市,10/06,,95.5,-0.5,-0.52,9,0.84,96.0,96.0,96.0,94.0,2.08,10.3,1.05,,,,,
531,3708,上緯投控,市,10/06,,95.4,-0.9,-0.93,235,22.5,96.3,95.8,96.7,95.3,1.45,2.41,0.4,,,,,
532,6530,創威,櫃,10/06,,95.4,-3.1,-3.15,1265,123.0,98.5,99.0,99.5,95.4,4.16,39.4,6.97,,,,,
533,3013,晟銘電,市,10/06,,95.0,2.0,2.15,6099,580.0,93.0,92.6,96.8,90.8,6.45,17.5,3.55,,,,,
534,6592B,和潤企業乙特,市,10/06,,95.0,-0.4,-0.42,2,0.19,95.4,95.0,95.0,95.0,0.0,,,,,,,
535,6534,正瀚-創,市,10/06,,94.8,1.8,1.94,136,12.8,93.0,93.5,94.9,93.2,1.83,16.2,3.63,,,,,
536,6955,邦睿生技-創,市,10/06,,94.0,0.5,0.53,8,0.75,93.5,93.5,94.0,93.5,0.53,21.6,3.55,,,,,
537,8040,九暘,櫃,10/06,,93.2,-0.8,-0.85,1007,94.1,94.0,95.0,95.5,92.5,3.19,1165.0,3.62,,,,,
538,6785,昱展新藥,櫃,10/06,,93.1,-1.3,-1.38,46,4.26,94.4,94.1,94.1,92.8,1.38,,2.62,,,,,
539,6854,錼創科技-KY創,市,10/06,,92.8,-0.2,-0.22,356,33.3,93.0,94.1,97.3,90.3,7.53,,3.19,,,,,
540,00830,國泰費城半導體,市,10/06,,92.6,-0.3,-0.32,6038,559.0,92.9,93.2,93.2,92.35,0.91,,1.0,,,,,
541,8111,立碁,櫃,10/06,,92.3,-2.0,-2.12,39613,3740.0,94.3,98.9,99.7,90.6,9.65,81.0,7.28,,,,,
542,3535,晶彩科,市,10/06,,92.0,-0.7,-0.76,810,75.3,92.7,92.9,94.2,92.0,2.37,52.9,6.47,,,,,
543,8390,金益鼎,櫃,10/06,,92.0,3.0,3.37,567,51.8,89.0,89.3,93.0,89.1,4.38,10.2,2.34,,,,,
544,00861,元大全球未來通訊,市,10/06,,91.8,-0.15,-0.16,139,12.7,91.95,91.95,91.95,91.7,0.27,,0.99,,,,,
545,5403,中菲,櫃,10/06,,91.8,-0.7,-0.76,49,4.5,92.5,92.5,92.5,91.6,0.97,11.2,2.81,,,,,
546,6183,關貿,市,10/06,,91.7,0.3,0.33,30,2.77,91.4,91.0,91.7,90.9,0.88,20.4,5.12,,,,,
547,6799,來頡,市,10/06,,91.7,-0.1,-0.11,304,28.0,91.8,92.1,93.3,90.0,3.59,17.7,2.41,,,,,
548,00661,元大日經225,市,10/06,,91.6,1.15,1.27,99,9.06,90.45,91.15,91.6,90.75,0.94,,0.9983,,,,,
549,6569,醫揚,櫃,10/06,,91.6,-0.1,-0.11,18,1.63,91.7,91.7,92.1,91.2,0.98,19.5,2.31,,,,,
550,7708,全家餐飲,櫃,10/06,,91.6,-0.2,-0.22,14,1.26,91.8,92.4,92.4,91.5,0.98,12.2,2.33,,,,,
551,6176,瑞儀,市,10/06,,91.5,-0.8,-0.87,745,68.3,92.3,92.5,92.5,91.4,1.19,11.3,1.16,,,,,
552,2548,華固,市,10/06,,91.2,-0.3,-0.33,633,57.9,91.5,91.5,91.6,91.2,0.44,7.74,1.4,,,,,
553,4905,台聯電,櫃,10/06,,91.2,-5.9,-6.08,195,18.3,97.1,98.2,98.2,91.0,7.42,7.38,0.86,,,,,
554,5464,霖宏,櫃,10/06,,90.9,-3.0,-3.19,423,38.8,93.9,95.0,96.0,90.5,5.86,193.0,4.89,,,,,
555,2231,為升,市,10/06,,90.8,-1.4,-1.52,188,17.2,92.2,92.2,92.3,90.8,1.63,,3.64,,,,,
556,3022,威強電,市,10/06,,90.8,-1.2,-1.3,725,66.1,92.0,92.4,92.4,90.5,2.07,12.1,1.41,,,,,
557,2465,麗臺,市,10/06,,90.7,-0.2,-0.22,936,84.9,90.9,92.2,92.4,89.5,3.19,33.5,6.25,,,,,
558,2114,鑫永銓,市,10/06,,90.1,0.1,0.11,30,2.74,90.0,90.8,90.8,89.8,1.11,14.4,2.32,,,,,
559,5263,智崴,櫃,10/06,,90.1,-0.5,-0.55,104,9.38,90.6,90.0,91.0,89.2,1.99,41.0,1.67,,,,,
560,5493,三聯,櫃,10/06,,90.1,-0.2,-0.22,88,7.98,90.3,90.9,91.0,89.9,1.22,16.1,2.16,,,,,
561,8932,智通*,櫃,10/06,,90.1,-1.3,-1.42,818,74.1,91.4,91.9,91.9,90.1,1.97,42.3,13.0,,,,,
562,4938,和碩,市,10/06,,90.0,1.3,1.47,5832,524.0,88.7,89.5,90.3,89.1,1.35,15.2,1.16,,,,,
563,5312,寶島科,櫃,10/06,,89.6,-0.1,-0.11,16,1.4,89.7,89.6,89.6,89.0,0.67,12.2,1.26,,,,,
564,9958,世紀鋼,市,10/06,,89.3,-0.5,-0.56,706,63.2,89.8,90.0,90.0,89.2,0.89,12.7,1.87,,,,,
565,8467,波力-KY,市,10/06,,89.2,0.9,1.02,19,1.73,88.3,88.1,91.1,87.8,3.74,13.9,1.67,,,,,
566,4951,精拓科,櫃,10/06,,89.0,-1.1,-1.22,209,18.7,90.1,90.4,90.4,88.8,1.78,13.9,3.24,,,,,
567,6523,達爾膚,櫃,10/06,,89.0,0.0,0.0,11,1.01,89.0,89.0,89.5,89.0,0.56,13.5,3.15,,,,,
568,4577,達航科技,櫃,10/06,,88.8,-3.7,-4.0,346,31.6,92.5,93.5,93.5,88.8,5.08,,4.58,,,,,
569,7757,金色三麥,櫃,10/06,,88.8,-0.6,-0.67,11,0.94,89.4,88.9,88.9,88.8,0.11,11.0,2.15,,,,,
570,8096,擎亞,櫃,10/06,,88.8,-1.2,-1.33,2227,198.0,90.0,90.2,90.2,88.0,2.44,24.5,4.28,,,,,
571,9921,巨大,市,10/06,,88.6,-0.5,-0.56,1248,111.0,89.1,89.2,89.9,88.4,1.68,57.9,1.01,,,,,
572,1472,三洋實業,市,10/06,,88.5,1.6,1.84,116,10.1,86.9,87.8,88.7,86.9,2.07,13.8,2.14,,,,,
573,2535,達欣工,市,10/06,,88.4,0.1,0.11,169,15.0,88.3,88.2,89.2,88.1,1.25,8.66,2.12,,,,,
574,6423,億而得,櫃,10/06,,88.4,-3.6,-3.91,115,10.3,92.0,92.0,92.0,88.4,3.91,119.0,5.16,,,,,
575,2236,百達-KY,市,10/06,,88.2,-9.8,-10.0,3545,335.0,98.0,99.0,102.0,88.2,14.1,,2.3,,,,,
576,4590,富田-創,市,10/06,,88.2,-0.1,-0.11,169,14.9,88.3,88.4,88.5,87.8,0.79,16.5,1.35,,,,,
577,7709,榮田,櫃,10/06,,88.0,0.4,0.46,160,13.9,87.6,88.3,88.3,85.1,3.65,23.6,2.03,,,,,
578,6104,創惟,櫃,10/06,,87.8,-2.9,-3.2,1314,116.0,90.7,90.4,90.4,87.2,3.53,18.4,3.71,,,,,
579,6245,立端,櫃,10/06,,87.8,-1.3,-1.46,600,53.1,89.1,90.0,90.9,87.8,3.48,20.0,2.16,,,,,
580,5306,桂盟,市,10/06,,87.4,-0.2,-0.23,101,8.84,87.6,88.8,88.8,87.1,1.94,12.4,1.16,,,,,
581,6209,今國光,市,10/06,,87.3,-0.6,-0.68,22193,1974.0,87.9,89.0,92.5,86.1,7.28,37.6,4.27,,,,,
582,3528,安馳,市,10/06,,86.9,0.0,0.0,98,8.47,86.9,87.6,87.6,86.1,1.73,9.57,2.55,,,,,
583,6191,精成科,市,10/06,,86.8,0.9,1.05,2025,176.0,85.9,86.4,87.4,86.3,1.28,15.1,1.18,,,,,
584,2006,東和鋼鐵,市,10/06,,86.6,0.8,0.93,778,67.4,85.8,85.8,87.0,85.3,1.98,11.5,1.85,,,,,
585,3707,漢磊,櫃,10/06,,86.0,0.7,0.82,20909,1779.0,85.3,87.2,87.5,83.1,5.16,,3.95,,,,,
586,8446,華研,櫃,10/06,,86.0,0.9,1.06,59,5.03,85.1,85.8,86.2,85.2,1.18,11.0,2.26,,,,,
587,3158,嘉實,櫃,10/06,,85.9,-0.1,-0.12,11,0.98,86.0,86.5,86.5,85.3,1.4,11.9,2.76,,,,,
588,8054,安國,櫃,10/06,,85.8,-1.5,-1.72,690,59.5,87.3,87.3,87.4,85.8,1.83,,3.54,,,,,
589,00690,兆豐藍籌30,市,10/06,,85.6,-0.2,-0.23,282,24.1,85.8,86.8,86.8,85.15,1.92,,0.9948,,,,,
590,3388,崇越電,櫃,10/06,,85.6,1.0,1.18,755,65.1,84.6,85.1,87.5,84.4,3.66,15.1,1.34,,,,,
591,4739,康普,市,10/06,,85.5,-1.9,-2.17,1107,95.2,87.4,88.2,88.2,85.4,3.2,16.5,1.65,,,,,
592,2745,五福,櫃,10/06,,85.1,0.2,0.24,51,4.3,84.9,84.5,85.3,84.5,0.94,8.65,3.13,,,,,
593,5340,建榮,櫃,10/06,,85.0,-0.5,-0.58,3424,295.0,85.5,87.1,88.4,85.0,3.98,47.0,6.98,,,,,
594,6023,元大期,櫃,10/06,,84.5,0.2,0.24,178,15.1,84.3,84.3,84.9,84.3,0.71,10.8,1.35,,,,,
595,3162,精確,櫃,10/06,,84.3,-2.6,-2.99,2349,203.0,86.9,86.7,88.7,84.0,5.41,136.0,3.16,,,,,
596,1707,葡萄王,市,10/06,,84.2,-0.4,-0.47,185,15.6,84.6,84.5,84.7,84.2,0.59,10.9,1.22,,,,,
597,5520,力泰,櫃,10/06,,84.2,0.2,0.24,7,0.55,84.0,84.0,84.6,84.0,0.71,8.56,1.54,,,,,
598,8112,至上,市,10/06,,84.0,-0.1,-0.12,3284,275.0,84.1,84.2,84.4,83.5,1.07,6.06,2.07,,,,,
599,00657,國泰日經225,市,10/06,,83.55,0.95,1.15,24,2.03,82.6,83.0,83.55,83.0,0.67,,0.998,,,,,
600,8342,益張,櫃,10/06,,83.0,0.0,0.0,0,0.0,83.0,83.0,83.0,83.0,0.0,11.0,2.72,,,,,
601,4129,聯合,櫃,10/06,,82.8,0.6,0.73,74,6.13,82.2,82.5,83.1,82.5,0.73,14.5,2.05,,,,,
602,3504,揚明光,市,10/06,,82.5,-2.2,-2.6,1814,153.0,84.7,85.4,87.2,82.3,5.79,,3.31,,,,,
603,4580,捷流閥業,櫃,10/06,,82.5,0.1,0.12,34,2.79,82.4,82.5,82.5,81.9,0.73,13.7,1.41,,,,,
604,4721,美琪瑪,櫃,10/06,,82.5,1.6,1.98,611,50.1,80.9,81.4,83.3,80.6,3.34,16.6,4.27,,,,,
605,4949,有成精密,市,10/06,,82.3,-0.2,-0.24,2966,249.0,82.5,84.0,87.9,80.7,8.73,21.6,3.16,,,,,
606,3483,力致,櫃,10/06,,81.4,0.1,0.12,319,25.9,81.3,81.3,82.2,80.5,2.09,27.6,1.64,,,,,
607,9911,櫻花,市,10/06,,81.2,-0.1,-0.12,179,14.5,81.3,81.3,81.5,81.2,0.37,12.5,2.73,,,,,
608,6577,勁豐,櫃,10/06,,81.1,0.6,0.75,21,1.69,80.5,80.0,81.1,79.2,2.36,11.2,3.45,,,,,
609,1723,中碳,市,10/06,,80.9,0.8,1.0,254,20.4,80.1,80.1,81.0,80.0,1.25,26.0,2.34,,,,,
610,8438,昶昕,市,10/06,,80.9,-0.1,-0.12,308,24.8,81.0,81.0,81.5,79.6,2.35,22.3,2.83,,,,,
611,6535,順藥,櫃,10/06,,80.8,-4.2,-4.94,266,21.9,85.0,86.2,86.2,80.8,6.35,,10.93,,,,,
612,5469,瀚宇博,市,10/06,,80.5,2.1,2.68,3930,313.0,78.4,78.5,80.9,78.0,3.7,14.9,0.63,,,,,
613,2484,希華,市,10/06,,80.4,-6.0,-6.94,19822,1630.0,86.4,86.9,87.2,80.2,8.1,58.3,3.12,,,,,
614,8279,生展,櫃,10/06,,80.4,0.3,0.37,32,2.56,80.1,80.1,82.0,80.1,2.37,9.63,0.93,,,,,
615,3706,神達,市,10/06,,80.3,-0.1,-0.12,4134,333.0,80.4,80.8,80.8,80.1,0.87,14.3,1.4,,,,,
616,3141,晶宏,櫃,10/06,,80.2,-7.8,-8.86,5444,436.0,88.0,85.1,85.1,79.2,6.7,26.3,2.16,,,,,
617,4994,傳奇,市,10/06,,80.2,-1.1,-1.35,33,2.65,81.3,81.0,82.5,79.3,3.94,56.1,6.13,,,,,
618,6642,富致,櫃,10/06,,80.0,-2.1,-2.56,127,10.2,82.1,82.2,82.2,79.6,3.17,21.1,2.75,,,,,
619,6208,日揚,櫃,10/06,,79.8,-0.1,-0.13,184,14.7,79.9,80.0,80.6,79.3,1.63,18.8,2.34,,,,,
620,7823,奧義賽博-KY創,市,10/06,,79.7,-0.2,-0.25,34,2.69,79.9,79.9,79.9,78.6,1.63,,5.64,,,,,
621,6906,現觀科,市,10/06,,79.4,-3.3,-3.99,57,4.62,82.7,82.7,82.7,79.0,4.47,32.8,3.68,,,,,
622,1563,巧新,市,10/06,,79.3,2.3,2.99,846,66.3,77.0,78.0,79.7,76.7,3.9,74.8,2.08,,,,,
623,2211,長榮鋼,市,10/06,,79.1,0.1,0.13,355,28.0,79.0,79.0,79.3,78.8,0.63,10.7,1.19,,,,,
624,6143,振曜,櫃,10/06,,79.1,-1.0,-1.25,531,42.2,80.1,80.5,80.5,79.1,1.75,10.0,2.41,,,,,
625,4105,東洋,櫃,10/06,,78.8,0.5,0.64,675,53.2,78.3,78.8,79.1,78.5,0.77,11.3,2.82,,,,,
626,6284,佳邦,櫃,10/06,,78.7,-1.5,-1.87,838,65.9,80.2,79.6,79.7,78.0,2.12,20.4,1.35,,,,,
627,7825,和亞智慧,櫃,10/06,,78.6,-2.0,-2.48,196,15.6,80.6,80.6,80.9,78.6,2.85,,4.34,,,,,
628,6411,晶焱,櫃,10/06,,78.5,-0.2,-0.25,194,15.2,78.7,79.8,79.8,78.1,2.16,18.3,1.55,,,,,
629,6499,益安,櫃,10/06,,78.5,-1.1,-1.38,204,16.1,79.6,80.1,80.1,78.3,2.26,,6.19,,,,,
630,6576,逸達,櫃,10/06,,78.5,0.0,0.0,81,6.37,78.5,78.1,78.8,77.9,1.15,561.0,9.72,,,,,
631,6919,康霈*,市,10/06,,78.5,-0.3,-0.38,2564,201.0,78.8,79.1,79.2,78.1,1.4,,13.26,,,,,
632,6224,聚鼎,市,10/06,,78.4,-1.3,-1.63,460,36.4,79.7,81.5,81.5,78.2,4.14,65.3,2.95,,,,,
633,3032,偉訓,市,10/06,,78.3,-1.0,-1.26,261,20.5,79.3,79.5,79.6,78.3,1.64,,3.04,,,,,
634,5609,中菲行,櫃,10/06,,78.3,0.6,0.77,253,19.7,77.7,77.7,78.5,77.5,1.29,10.1,1.75,,,,,
635,6261,久元,櫃,10/06,,78.3,0.2,0.26,359,28.2,78.1,78.6,79.3,77.9,1.79,15.3,1.47,,,,,
636,1319,東陽,市,10/06,,78.1,0.3,0.39,881,68.6,77.8,78.1,78.3,77.7,0.77,12.7,1.71,,,,,
637,6277,宏正,市,10/06,,78.1,1.0,1.3,102,7.89,77.1,77.1,78.2,77.0,1.56,18.9,1.94,,,,,
638,6486,互動,櫃,10/06,,78.0,0.0,0.0,41,3.17,78.0,77.5,78.4,77.0,1.79,16.2,2.25,,,,,
639,1231,聯華食,市,10/06,,77.9,-0.6,-0.76,595,46.3,78.5,78.4,78.4,77.5,1.15,15.8,3.1,,,,,
640,6485,點序,櫃,10/06,,77.9,-1.1,-1.39,850,66.4,79.0,79.0,80.8,76.0,6.08,,1.87,,,,,
641,00646,元大S&P500,市,10/06,,77.85,0.6,0.78,1863,145.0,77.25,77.7,77.9,77.6,0.39,,1.0015,,,,,
642,2762,世界健身-KY,市,10/06,,77.8,-0.7,-0.89,81,6.31,78.5,78.5,78.9,77.8,1.4,11.8,3.16,,,,,
643,3444,利機,櫃,10/06,,77.4,0.4,0.52,233,17.9,77.0,77.9,78.9,76.0,3.77,38.9,3.32,,,,,
644,4126,太醫,櫃,10/06,,77.4,-0.2,-0.26,76,5.93,77.6,77.6,77.6,77.2,0.52,12.9,1.97,,,,,
645,2723,美食-KY,市,10/06,,77.2,0.9,1.18,106,8.17,76.3,76.5,77.9,76.5,1.83,,1.29,,,,,
646,00733,富邦臺灣中小,市,10/06,,76.9,0.55,0.72,627,48.1,76.35,76.8,77.4,76.05,1.77,,0.9951,,,,,
647,3673,TPK-KY,市,10/06,,76.8,0.0,0.0,17693,1365.0,76.8,77.4,79.5,76.0,4.56,16.8,0.77,,,,,
648,6548,長科*,櫃,10/06,,76.6,-1.4,-1.79,4466,342.0,78.0,78.1,78.3,75.9,3.08,33.4,5.46,,,,,
649,4566,時碩工業,市,10/06,,76.5,-1.0,-1.29,2771,213.0,77.5,78.1,78.1,75.7,3.1,30.2,1.67,,,,,
650,1726,永記,市,10/06,,76.4,0.3,0.39,49,3.76,76.1,76.3,76.4,76.0,0.53,11.9,1.17,,,,,
651,4939,亞電,櫃,10/06,,76.3,-2.3,-2.93,4185,323.0,78.6,79.2,79.2,76.2,3.82,88.7,4.94,,,,,
652,6190,萬泰科,櫃,10/06,,76.2,-1.2,-1.55,9178,714.0,77.4,78.8,79.7,76.2,4.52,31.8,3.6,,,,,
653,6464,台數科,市,10/06,,76.1,-1.1,-1.42,7,0.54,77.2,76.2,76.2,76.1,0.13,17.5,1.17,,,,,
654,6175,立敦,櫃,10/06,,76.0,0.8,1.06,1052,79.3,75.2,75.0,76.1,74.1,2.66,24.2,2.69,,,,,
655,8374,羅昇,市,10/06,,76.0,-0.9,-1.17,149,11.4,76.9,77.0,77.0,75.5,1.95,,4.11,,,,,
656,3149,正達,市,10/06,,75.8,-3.7,-4.65,10086,776.0,79.5,79.5,79.5,75.8,4.65,,7.24,,,,,
657,1777,生泰,櫃,10/06,,75.5,1.1,1.48,105,7.85,74.4,74.6,75.5,74.6,1.21,10.1,1.31,,,,,
658,4137,麗豐-KY,市,10/06,,75.5,-0.3,-0.4,82,6.19,75.8,76.2,76.3,75.5,1.06,11.2,1.26,,,,,
659,9941,裕融,市,10/06,,75.4,-0.5,-0.66,1016,76.6,75.9,75.9,75.9,75.0,1.19,9.14,1.26,,,,,
660,2606,裕民,市,10/06,,75.3,1.0,1.35,2710,205.0,74.3,74.4,76.8,74.1,3.63,11.1,1.58,,,,,
661,2439,美律,市,10/06,,75.2,-0.1,-0.13,1122,84.6,75.3,75.9,75.9,75.1,1.06,13.7,1.11,,,,,
662,3645,達邁,市,10/06,,75.0,-1.0,-1.32,2548,193.0,76.0,77.0,77.0,75.0,2.63,29.1,3.07,,,,,
663,6498,久禾光,櫃,10/06,,75.0,5.2,7.45,579,42.8,69.8,69.9,76.0,69.1,9.89,9.91,2.29,,,,,
664,1717,長興,市,10/06,,74.9,0.3,0.4,9326,702.0,74.6,75.3,75.9,74.1,2.41,39.2,2.82,,,,,
665,00851,台新全球AI,市,10/06,,74.7,0.75,1.01,50,3.73,73.95,74.7,74.7,74.5,0.27,,0.9945,,,,,
666,3548,兆利,櫃,10/06,,74.5,-1.1,-1.46,189,14.2,75.6,75.6,75.7,74.5,1.59,201.0,0.82,,,,,
667,6425,易發,櫃,10/06,,74.5,-2.1,-2.74,751,56.3,76.6,77.3,78.3,72.5,7.57,72.3,2.94,,,,,
668,6527,明達醫,櫃,10/06,,74.3,0.0,0.0,7,0.52,74.3,74.4,74.5,74.3,0.27,12.7,1.83,,,,,
669,6770,力積電,市,10/06,,74.3,-1.5,-1.98,68121,5090.0,75.8,75.9,76.0,74.2,2.37,22.6,2.72,,,,,
670,2436,偉詮電,市,10/06,,74.1,0.9,1.23,6186,458.0,73.2,73.8,75.4,72.8,3.55,13.4,3.11,,,,,
671,6412,群電,市,10/06,,74.0,-1.1,-1.46,985,73.5,75.1,75.6,76.1,74.0,2.8,12.2,1.92,,,,,
672,6918,愛派司,市,10/06,,74.0,0.2,0.27,93,6.89,73.8,73.5,74.0,73.5,0.68,13.6,2.1,,,,,
673,2228,劍麟,市,10/06,,73.9,-0.2,-0.27,38,2.83,74.1,73.8,74.6,73.8,1.08,18.2,1.19,,,,,
674,1216,統一,市,10/06,,73.7,1.0,1.38,12823,943.0,72.7,72.8,73.9,72.8,1.51,17.8,3.07,,,,,
675,8341,日友,市,10/06,,73.7,-0.1,-0.14,149,11.0,73.8,73.9,73.9,73.6,0.41,14.1,1.79,,,,,
676,6794,向榮生技,市,10/06,,73.6,-2.4,-3.16,80,5.95,76.0,75.0,75.8,73.1,3.55,,5.72,,,,,
677,6923,中台,市,10/06,,73.6,0.1,0.14,61,4.45,73.5,73.5,73.7,73.0,0.95,18.1,2.66,,,,,
678,6934,心誠鎂,市,10/06,,73.6,-0.8,-1.08,55,4.09,74.4,74.2,74.4,73.6,1.08,,5.02,,,,,
679,6625,必應,市,10/06,,73.5,-0.2,-0.27,67,4.9,73.7,73.4,73.6,73.1,0.68,7.1,2.25,,,,,
680,6967,汎瑋材料,櫃,10/06,,73.5,2.6,3.67,194,14.0,70.9,71.4,73.5,71.4,2.96,13.8,2.2,,,,,
681,7713,威力德生醫,櫃,10/06,,73.5,0.5,0.68,13,0.95,73.0,72.2,73.5,72.2,1.78,13.4,2.78,,,,,
682,1326,台化,市,10/06,,73.0,1.4,1.96,28012,2030.0,71.6,72.2,73.4,70.8,3.63,30.9,0.82,,,,,
683,6708,天擎,櫃,10/06,,72.9,4.3,6.27,1751,128.0,68.6,75.4,75.4,69.5,8.6,243.0,5.42,,,,,
684,6205,詮欣,市,10/06,,72.7,0.1,0.14,702,51.0,72.6,72.4,73.7,72.2,2.07,32.0,2.24,,,,,
685,3546,宇峻,櫃,10/06,,72.6,0.4,0.55,63,4.56,72.2,72.2,73.0,72.2,1.11,15.2,2.69,,,,,
686,6612,奈米醫材,櫃,10/06,,72.6,-1.6,-2.16,46,3.38,74.2,73.7,74.6,72.6,2.7,36.9,1.81,,,,,
687,00728,第一金工業30,市,10/06,,72.4,-0.35,-0.48,226,16.3,72.75,72.75,72.75,71.85,1.24,,0.9985,,,,,
688,5388,中磊,市,10/06,,72.3,0.6,0.84,1271,91.9,71.7,71.8,72.7,71.8,1.26,16.2,1.34,,,,,
689,7811,民盛,櫃,10/06,,72.2,0.2,0.28,9,0.65,72.0,72.0,72.2,72.0,0.28,10.0,1.21,,,,,
690,4104,佳醫,市,10/06,,72.0,0.1,0.14,102,7.31,71.9,71.9,72.0,71.5,0.7,14.9,1.38,,,,,
691,1595,川寶,櫃,10/06,,71.8,-1.7,-2.31,1133,82.8,73.5,73.5,75.3,71.6,5.03,,1.47,,,,,
692,3628,盈正,櫃,10/06,,71.8,-0.4,-0.55,47,3.4,72.2,74.3,74.3,71.8,3.46,17.4,2.02,,,,,
693,1582,信錦,市,10/06,,71.6,-0.8,-1.1,727,52.7,72.4,73.3,74.5,71.6,4.01,22.3,1.4,,,,,
694,6925,意藍,櫃,10/06,,71.5,2.3,3.32,913,66.7,69.2,69.2,75.5,68.2,10.5,24.6,3.68,,,,,
695,7736,虎山,市,10/06,,71.5,0.5,0.7,144,10.3,71.0,72.0,72.2,70.2,2.82,12.9,1.54,,,,,
696,1504,東元,市,10/06,,71.1,2.1,3.04,7573,533.0,69.0,69.6,71.4,69.1,3.33,25.8,1.73,,,,,
697,5534,長虹,市,10/06,,71.1,-0.7,-0.97,1298,92.4,71.8,71.8,71.8,70.6,1.67,12.1,1.06,,,,,
698,3467,台灣精材,櫃,10/06,,71.0,-0.1,-0.14,255,18.2,71.1,71.3,72.1,70.8,1.83,61.7,3.66,,,,,
699,3338,泰碩,市,10/06,,70.7,0.6,0.86,1176,84.1,70.1,70.1,72.7,69.5,4.56,60.9,3.13,,,,,
700,2348,海悅,市,10/06,,70.6,0.7,1.0,222,15.7,69.9,70.7,71.9,70.4,2.15,15.8,1.66,,,,,
701,2388,威盛,市,10/06,,70.6,-1.2,-1.67,2101,149.0,71.8,72.2,72.3,70.6,2.37,43.6,1.77,,,,,
702,2423,固緯,市,10/06,,70.5,-2.1,-2.89,109,7.8,72.6,72.6,72.6,70.3,3.17,16.7,3.42,,,,,
703,6225,天瀚,市,10/06,,70.3,1.1,1.59,219,15.1,69.2,68.8,70.6,66.6,5.78,,22.97,,,,,
704,00708L,期元大S&P黃金正2,市,10/06,,70.25,-0.55,-0.78,3529,249.0,70.8,71.25,71.3,69.8,2.12,,0.9839,,,,,
705,6292,迅德,櫃,10/06,,70.2,-1.0,-1.4,589,42.3,71.2,71.5,73.9,70.0,5.48,12.7,2.74,,,,,
706,2636,台驊控股,市,10/06,,70.1,-0.1,-0.14,154,10.8,70.2,70.1,70.4,69.9,0.71,9.96,1.0,,,,,
707,6874,倍力,櫃,10/06,,70.1,0.4,0.57,22,1.53,69.7,69.7,71.0,69.5,2.15,16.5,3.21,,,,,
708,8383,千附,櫃,10/06,,70.1,0.8,1.15,1742,123.0,69.3,69.9,72.3,69.1,4.62,14.1,2.08,,,,,
709,1569,濱川,櫃,10/06,,70.0,1.5,2.19,7740,545.0,68.5,70.0,72.3,68.6,5.4,,3.4,,,,,
710,4974,亞泰,櫃,10/06,,70.0,-1.1,-1.55,148,10.4,71.1,70.1,70.4,69.8,0.84,14.3,1.55,,,,,
711,5321,美而快,櫃,10/06,,70.0,2.9,4.32,236,16.3,67.1,67.1,70.9,67.1,5.66,,5.23,,,,,
712,8487,愛爾達-創,市,10/06,,70.0,0.0,0.0,14,1.0,70.0,70.0,70.0,69.9,0.14,13.2,2.95,,,,,
713,8424,惠普,櫃,10/06,,69.9,-0.4,-0.57,2,0.14,70.3,69.9,69.9,69.9,0.0,11.3,2.28,,,,,
714,2885,元大金,市,10/06,,69.3,1.1,1.61,18723,1295.0,68.2,68.6,69.8,68.6,1.76,16.9,2.41,,,,,
715,3094,聯傑,市,10/06,,69.2,0.2,0.29,16590,1163.0,69.0,69.4,71.8,68.5,4.78,112.0,5.54,,,,,
716,6951,青新-創,市,10/06,,69.2,0.1,0.14,17,1.16,69.1,69.1,69.2,69.0,0.29,12.7,2.86,,,,,
717,1315,達新,市,10/06,,69.0,0.3,0.44,48,3.31,68.7,69.1,69.1,68.6,0.73,28.5,0.49,,,,,
718,3317,尼克森,櫃,10/06,,69.0,-2.8,-3.9,7674,538.0,71.8,70.0,73.2,67.8,7.52,34.3,1.88,,,,,
719,6869,雲豹能源,市,10/06,,69.0,0.4,0.58,268,18.6,68.6,68.6,70.7,68.0,3.94,,2.03,,,,,
720,00715L,期街口布蘭特正2,市,10/06,,68.9,-1.0,-1.43,1972,135.0,69.9,68.15,69.05,68.05,1.43,,1.0353,,,,,
721,6947,台鎔科技,市,10/06,,68.8,0.1,0.15,252,17.3,68.7,69.6,69.6,68.0,2.33,,2.86,,,,,
722,6997,博弘,櫃,10/06,,68.8,2.3,3.46,10,0.69,66.5,68.8,69.0,68.4,0.9,34.1,3.01,,,,,
723,5904,寶雅*,櫃,10/06,,68.7,-0.1,-0.15,2690,186.0,68.8,68.8,69.4,68.6,1.16,2.02,1.01,,,,,
724,6117,迎廣,市,10/06,,68.7,6.2,9.92,1680,113.0,62.5,62.8,68.7,62.4,10.1,14.6,2.87,,,,,
725,1301,台塑,市,10/06,,68.6,0.1,0.15,21618,1476.0,68.5,68.5,69.0,67.5,2.19,41.8,0.76,,,,,
726,3178,公準,櫃,10/06,,68.6,-1.2,-1.72,133,9.2,69.8,70.5,70.5,68.4,3.01,214.0,2.56,,,,,
727,5511,德昌,櫃,10/06,,68.5,0.0,0.0,97,6.65,68.5,68.5,68.6,68.1,0.73,5.76,1.07,,,,,
728,2891,中信金,市,10/06,,68.4,1.0,1.48,30124,2051.0,67.4,67.5,68.5,67.5,1.48,16.1,1.95,,,,,
729,4989,榮科,市,10/06,,68.1,-2.1,-2.99,30885,2163.0,70.2,70.6,71.9,68.1,5.41,,6.27,,,,,
730,0052,富邦科技,市,10/06,,67.95,0.3,0.44,13804,936.0,67.65,68.1,68.15,67.5,0.96,,1.0006,,,,,
731,3310,佳穎,櫃,10/06,,67.9,0.3,0.44,27,1.84,67.6,68.2,68.2,67.5,1.04,26.1,2.82,,,,,
732,4205,中華食,櫃,10/06,,67.6,-0.2,-0.29,46,3.13,67.8,67.8,67.8,67.5,0.44,17.0,3.05,,,,,
733,8284,三竹,櫃,10/06,,67.6,-0.2,-0.29,1,0.1,67.8,67.6,67.6,67.6,0.0,10.1,2.39,,,,,
734,2754,亞洲藏壽司,櫃,10/06,,67.5,0.3,0.45,26,1.77,67.2,68.0,68.0,67.0,1.49,15.3,1.73,,,,,
735,3356,奇偶,市,10/06,,67.5,0.1,0.15,372,25.1,67.4,67.6,68.0,67.2,1.19,4.78,1.92,,,,,
736,6155,鈞寶,市,10/06,,67.5,-3.5,-4.93,2905,198.0,71.0,70.0,70.2,66.7,4.93,37.3,3.64,,,,,
737,2393,億光,市,10/06,,67.2,0.2,0.3,1757,118.0,67.0,67.2,67.8,66.5,1.94,14.4,1.55,,,,,
738,5309,系統電,櫃,10/06,,67.2,0.1,0.15,8055,529.0,67.1,67.1,67.6,63.9,5.51,373.0,2.92,,,,,
739,3714,富采,市,10/06,,67.0,-1.2,-1.76,7279,489.0,68.2,68.8,68.8,66.6,3.23,,1.14,,,,,
740,00770,國泰北美科技,市,10/06,,66.8,0.3,0.45,574,38.4,66.5,66.8,66.9,66.7,0.3,,0.9979,,,,,
741,6517,保勝光學,櫃,10/06,,66.8,0.4,0.6,170,11.3,66.4,66.5,67.1,65.9,1.81,26.6,3.1,,,,,
742,1419,新紡,市,10/06,,66.3,1.0,1.53,80,5.29,65.3,65.3,66.6,65.2,2.14,4.77,0.87,,,,,
743,9910,豐泰,市,10/06,,66.3,-0.4,-0.6,882,58.6,66.7,66.4,66.8,66.2,0.9,13.5,2.77,,,,,
744,2374,佳能,市,10/06,,66.2,-0.3,-0.45,1349,89.8,66.5,66.9,67.5,66.1,2.11,19.9,2.51,,,,,
745,8472,納維康,櫃,10/06,,66.2,-0.1,-0.15,6,0.41,66.3,68.4,68.4,66.2,3.32,,4.54,,,,,
746,1259,安心,櫃,10/06,,66.0,-2.0,-2.94,10,0.66,68.0,66.0,66.0,66.0,0.0,18.6,0.76,,,,,
747,9914,美利達,市,10/06,,65.9,-0.5,-0.75,1254,83.0,66.4,66.4,66.6,65.9,1.05,19.2,1.01,,,,,
748,6921,嘉雨思-創,市,10/06,,65.7,-0.3,-0.45,14,0.93,66.0,65.6,65.7,65.6,0.15,,7.88,,,,,
749,2061,風青,櫃,10/06,,65.5,0.3,0.46,2721,179.0,65.2,65.0,67.5,64.5,4.6,57.5,5.54,,,,,
750,6150,撼訊,櫃,10/06,,65.5,-0.8,-1.21,407,26.6,66.3,65.7,66.0,64.9,1.66,16.1,1.86,,,,,
751,2459,敦吉,市,10/06,,65.1,0.2,0.31,71,4.64,64.9,65.2,65.2,64.7,0.77,11.6,1.16,,,,,
752,8162,微矽電子-創,市,10/06,,65.1,-1.8,-2.69,421,27.6,66.9,67.3,67.3,64.6,4.04,48.6,3.11,,,,,
753,7642,昶瑞機電,櫃,10/06,,65.0,-2.5,-3.7,94,6.21,67.5,67.0,67.1,65.0,3.11,26.4,2.06,,,,,
754,6597,立誠,櫃,10/06,,64.9,0.0,0.0,0,0.0,64.9,64.9,64.9,64.9,0.0,40.1,2.46,,,,,
755,6735,美達科技,櫃,10/06,,64.9,-1.4,-2.11,65,4.23,66.3,65.9,65.9,64.9,1.51,46.0,3.17,,,,,
756,2015,豐興,市,10/06,,64.8,1.0,1.57,161,10.4,63.8,63.8,64.8,63.8,1.57,15.2,1.71,,,,,
757,6269,台郡,市,10/06,,64.8,-0.3,-0.46,2271,148.0,65.1,65.6,66.2,64.7,2.3,,1.01,,,,,
758,2364,倫飛,市,10/06,,64.6,-0.2,-0.31,87,5.62,64.8,64.7,65.2,64.5,1.08,10.9,3.77,,,,,
759,7812,稜研科技*-創,市,10/06,,64.6,-0.9,-1.37,109,7.07,65.5,65.8,65.8,64.1,2.6,,4.31,,,,,
760,9802,鈺齊-KY,市,10/06,,64.5,0.3,0.47,149,9.6,64.2,64.2,64.7,64.2,0.78,12.7,0.95,,,,,
761,3709,鑫聯大投控,櫃,10/06,,64.4,0.0,0.0,179,11.5,64.4,65.2,65.2,64.1,1.71,5.7,1.9,,,,,
762,2397,友通,市,10/06,,64.3,-0.1,-0.16,169,10.9,64.4,64.7,65.2,64.1,1.71,23.6,2.18,,,,,
763,3332,幸康,櫃,10/06,,64.3,-0.6,-0.92,13,0.85,64.9,64.6,64.9,64.0,1.39,16.3,1.64,,,,,
764,3556,禾瑞亞,櫃,10/06,,64.3,5.8,9.91,1239,77.7,58.5,59.3,64.3,59.3,8.55,17.5,3.39,,,,,
765,6590,普鴻,櫃,10/06,,64.3,0.1,0.16,27,1.7,64.2,64.3,64.3,63.7,0.93,12.2,2.29,,,,,
766,3718,中光電投控,櫃,10/06,,64.2,-0.8,-1.23,1588,102.0,65.0,65.5,65.5,64.2,2.0,,,,,,,
767,6432,今展科,櫃,10/06,,64.2,-2.9,-4.32,595,38.9,67.1,66.6,66.9,64.2,4.02,26.1,2.33,,,,,
768,2634,漢翔,市,10/06,,64.1,-0.5,-0.77,5164,332.0,64.6,64.9,65.0,63.9,1.7,31.1,3.29,,,,,
769,5291,邑昇,櫃,10/06,,64.1,-0.4,-0.62,752,49.1,64.5,65.5,67.5,63.6,6.05,52.5,2.59,,,,,
770,6873,泓德能源,市,10/06,,64.1,-1.8,-2.73,585,37.8,65.9,65.9,65.9,63.9,3.03,68.2,0.91,,,,,
771,6768,志強-KY,市,10/06,,63.7,0.6,0.95,127,8.03,63.1,64.0,64.0,63.1,1.43,12.8,0.87,,,,,
772,00935,野村臺灣新科技50,市,10/06,,63.5,-0.05,-0.08,15135,957.0,63.55,63.6,63.75,63.0,1.18,,1.0019,,,,,
773,1525,江申,市,10/06,,63.5,0.2,0.32,16,1.03,63.3,63.3,64.9,63.3,2.53,44.7,0.93,,,,,
774,4915,致伸,市,10/06,,63.5,-0.2,-0.31,1448,92.3,63.7,63.9,64.1,63.5,0.94,12.6,1.47,,,,,
775,4923,力士,櫃,10/06,,63.4,-0.7,-1.09,1226,76.7,64.1,63.5,64.4,60.8,5.62,,4.25,,,,,
776,1709,和益,市,10/06,,63.3,-1.0,-1.56,70924,4421.0,64.3,66.2,66.3,58.2,12.6,31.5,3.36,,,,,
777,2732,六角,櫃,10/06,,63.2,-0.1,-0.16,24,1.51,63.3,63.1,63.5,63.0,0.79,17.7,1.59,,,,,
778,8131,福懋科,市,10/06,,63.2,-0.3,-0.47,1081,68.4,63.5,64.0,64.0,62.7,2.05,18.3,1.82,,,,,
779,2206,三陽工業,市,10/06,,63.1,0.5,0.8,653,41.0,62.6,62.6,63.3,62.4,1.44,10.7,1.85,,,,,
780,3663,鑫科,櫃,10/06,,63.1,-0.1,-0.16,427,27.0,63.2,63.8,64.0,62.6,2.22,274.0,2.12,,,,,
781,2612,中航,市,10/06,,63.0,1.4,2.27,633,40.2,61.6,61.6,64.4,61.6,4.55,12.2,0.9,,,,,
782,00713,元大台灣高息低波,市,10/06,,62.95,0.1,0.16,3965,250.0,62.85,62.85,63.05,62.85,0.32,,0.9976,,,,,
783,6469,大樹,櫃,10/06,,62.8,-0.5,-0.79,331,20.8,63.3,63.3,63.3,62.6,1.11,18.3,2.57,,,,,
784,2354,鴻準,市,10/06,,62.7,-1.7,-2.64,12442,789.0,64.4,64.0,64.8,62.7,3.26,26.6,0.78,,,,,
785,3028,增你強,市,10/06,,62.7,-0.7,-1.1,966,60.5,63.4,63.5,63.5,62.2,2.05,8.73,2.05,,,,,
786,6689,伊雲谷,市,10/06,,62.7,-0.4,-0.63,386,24.6,63.1,63.1,65.0,62.7,3.65,28.9,1.47,,,,,
787,2947,振宇五金,櫃,10/06,,62.6,1.6,2.62,24,1.46,61.0,61.5,62.6,61.3,2.13,20.7,1.65,,,,,
788,2949,欣新網,櫃,10/06,,62.5,0.0,0.0,0,0.01,62.5,62.5,62.5,62.5,0.0,17.3,1.76,,,,,
789,9927,泰銘,市,10/06,,62.3,0.2,0.32,82,5.09,62.1,62.1,62.4,62.0,0.64,10.5,1.41,,,,,
790,2070,精湛,櫃,10/06,,62.2,-0.4,-0.64,61,3.78,62.6,62.5,62.5,61.7,1.28,21.3,2.2,,,,,
791,7721,微程式,市,10/06,,62.2,-0.8,-1.27,59,3.69,63.0,63.1,63.1,62.1,1.59,69.1,2.67,,,,,
792,8234,新漢,櫃,10/06,,62.2,-0.6,-0.96,201,12.6,62.8,62.7,63.0,62.2,1.27,,2.9,,,,,
793,2643,捷迅,櫃,10/06,,62.0,-0.6,-0.96,10,0.59,62.6,62.6,62.7,62.0,1.12,8.64,1.11,,,,,
794,6556,勝品,櫃,10/06,,62.0,1.1,1.81,11,0.69,60.9,61.0,62.0,61.0,1.64,8.02,1.11,,,,,
795,6188,廣明,櫃,10/06,,61.8,0.2,0.32,463,28.6,61.6,61.6,62.2,61.5,1.14,22.0,1.35,,,,,
796,2891B,中信金乙特,市,10/06,,61.7,0.0,0.0,23,1.38,61.7,61.5,61.7,61.4,0.49,,,,,,,
797,6546,正基,櫃,10/06,,61.5,0.7,1.15,234,14.5,60.8,60.6,62.7,60.6,3.45,15.1,1.93,,,,,
798,2434,統懋,市,10/06,,61.4,0.2,0.33,256,15.5,61.2,61.5,61.9,59.8,3.43,,5.07,,,,,
799,2756,聯發國際,櫃,10/06,,61.4,-0.6,-0.97,19,1.18,62.0,62.6,62.6,60.5,3.39,14.4,2.71,,,,,
800,2881A,富邦特,市,10/06,,61.4,0.0,0.0,59,3.63,61.4,61.3,61.4,61.2,0.33,,,,,,,
801,3438,類比科,櫃,10/06,,61.3,-0.5,-0.81,58,3.6,61.8,62.0,62.5,61.2,2.1,41.1,1.05,,,,,
802,4147,中裕,櫃,10/06,,61.3,1.3,2.17,694,42.3,60.0,60.5,61.8,59.7,3.5,,4.51,,,,,
803,6823,濾能,櫃,10/06,,61.2,0.4,0.66,41,2.5,60.8,61.7,61.7,60.1,2.63,,3.77,,,,,
804,7547,碩網,櫃,10/06,,61.2,-2.5,-3.92,119,7.41,63.7,63.4,64.0,61.2,4.4,19.9,2.13,,,,,
805,8431,匯鑽科,櫃,10/06,,61.1,-2.5,-3.93,885,55.0,63.6,63.6,64.4,61.0,5.35,,4.26,,,,,
806,7818,溢泰實業,市,10/06,,60.8,0.8,1.33,106,6.35,60.0,60.0,60.8,59.6,2.0,11.7,1.08,,,,,
807,8050,廣積,櫃,10/06,,60.8,-1.2,-1.94,1104,67.5,62.0,62.6,62.6,60.5,3.39,16.6,1.64,,,,,
808,2881B,富邦金乙特,市,10/06,,60.7,0.0,0.0,87,5.26,60.7,60.5,60.7,60.5,0.33,,,,,,,
809,3687,歐買尬,櫃,10/06,,60.7,-0.1,-0.16,13,0.79,60.8,60.8,61.3,60.7,0.99,13.9,1.17,,,,,
810,6202,盛群,市,10/06,,60.6,-0.2,-0.33,1590,96.3,60.8,61.1,61.4,59.5,3.12,50.5,3.45,,,,,
811,6547,高端疫苗,櫃,10/06,,60.6,0.2,0.33,2940,181.0,60.4,60.7,63.0,60.6,3.97,,5.61,,,,,
812,6965,中傑-KY,市,10/06,,60.6,0.8,1.34,91,5.45,59.8,59.7,60.7,59.3,2.34,103.0,0.83,,,,,
813,7704,明遠精密,櫃,10/06,,60.6,0.2,0.33,27,1.64,60.4,59.6,61.0,59.6,2.32,18.8,1.75,,,,,
814,2891C,中信金丙特,市,10/06,,60.5,0.0,0.0,4,0.22,60.5,60.2,60.5,60.2,0.5,,,,,,,
815,3564,其陽,櫃,10/06,,60.5,-1.2,-1.94,2774,163.0,61.7,60.4,61.6,56.4,8.43,178.0,2.59,,,,,
816,2248,華勝-KY,市,10/06,,60.4,-0.3,-0.49,25,1.51,60.7,60.8,60.8,60.0,1.32,8.37,1.63,,,,,
817,3054,立萬利,市,10/06,,60.3,0.2,0.33,266,15.8,60.1,60.2,60.4,58.3,3.49,12.4,3.16,,,,,
818,2882A,國泰特,市,10/06,,60.1,0.0,0.0,138,8.28,60.1,60.1,60.2,60.1,0.17,,,,,,,
819,8272,全景軟體,櫃,10/06,,60.1,-0.7,-1.15,27,1.61,60.8,60.5,60.5,60.0,0.82,13.1,1.93,,,,,
820,4541,晟田,櫃,10/06,,60.0,-0.8,-1.32,455,27.4,60.8,60.4,60.9,59.9,1.64,15.3,2.32,,,,,
821,5522,遠雄,市,10/06,,60.0,-0.1,-0.17,593,35.6,60.1,60.1,60.4,59.8,1.0,5.99,0.98,,,,,
822,1802,台玻,市,10/06,,59.8,0.5,0.84,23902,1434.0,59.3,60.0,60.7,58.8,3.2,69.5,3.37,,,,,
823,6203,海韻電,櫃,10/06,,59.8,-0.2,-0.33,37,2.2,60.0,60.0,60.0,59.8,0.33,9.09,1.67,,,,,
824,6792,詠業,市,10/06,,59.8,1.3,2.22,31,1.84,58.5,58.5,59.8,58.5,2.22,21.3,1.77,,,,,
825,00668,國泰美國道瓊,市,10/06,,59.7,0.3,0.51,38,2.26,59.4,59.6,59.75,59.6,0.25,,1.0024,,,,,
826,3530,晶相光,市,10/06,,59.7,0.8,1.36,231,13.8,58.9,58.6,60.0,58.5,2.55,19.3,1.87,,,,,
827,1784,訊聯,櫃,10/06,,59.5,0.0,0.0,34,2.02,59.5,60.0,60.0,59.5,0.84,52.2,2.42,,,,,
828,6024,群益期,市,10/06,,59.5,-0.2,-0.34,183,10.9,59.7,59.7,59.8,59.5,0.5,8.74,1.38,,,,,
829,8099,大世科,櫃,10/06,,59.5,-0.1,-0.17,78,4.67,59.6,61.4,61.4,59.1,3.86,18.1,3.64,,,,,
830,3025,星通,市,10/06,,59.4,3.5,6.26,2095,124.0,55.9,56.8,60.7,55.6,9.12,12.6,4.34,,,,,
831,3226,龍鋒,櫃,10/06,,59.3,-3.5,-5.57,17,1.03,62.8,62.9,62.9,58.0,7.8,329.0,2.06,,,,,
832,3701,大眾控,市,10/06,,59.3,-1.6,-2.63,20454,1265.0,60.9,60.8,65.4,58.4,11.5,,2.97,,,,,
833,4540,全球傳動,市,10/06,,59.3,-1.3,-2.15,1447,86.5,60.6,60.9,61.3,59.2,3.47,,1.96,,,,,
834,00645,富邦日本,市,10/06,,59.25,0.5,0.85,207,12.2,58.75,59.0,59.3,59.0,0.51,,0.9971,,,,,
835,2402,毅嘉,市,10/06,,59.2,0.2,0.34,2273,135.0,59.0,59.0,60.5,58.6,3.22,35.4,2.5,,,,,
836,2609,陽明,市,10/06,,59.2,0.5,0.85,14016,832.0,58.7,58.7,59.9,58.3,2.73,13.4,0.63,,,,,
837,1341,富林-KY,市,10/06,,59.1,-0.3,-0.51,13,0.79,59.4,58.5,59.1,58.0,1.85,12.0,2.52,,,,,
838,2363,矽統,市,10/06,,59.1,-0.5,-0.84,5786,342.0,59.6,59.6,60.1,58.1,3.36,112.0,0.62,,,,,
839,00875,國泰網路資安,市,10/06,,59.05,0.6,1.03,501,29.5,58.45,58.85,59.05,58.7,0.6,,0.9978,,,,,
840,8926,台汽電,市,10/06,,58.9,-0.2,-0.34,1308,77.2,59.1,59.1,59.5,58.9,1.02,14.7,2.46,,,,,
841,9930,中聯資源,市,10/06,,58.9,-0.5,-0.84,208,12.3,59.4,59.4,59.4,58.8,1.01,13.3,2.37,,,,,
842,2882B,國泰金乙特,市,10/06,,58.8,0.0,0.0,46,2.68,58.8,58.8,58.8,58.8,0.0,,,,,,,
843,3003,健和興,市,10/06,,58.8,-1.0,-1.67,361,21.4,59.8,59.7,59.7,58.7,1.67,23.6,1.39,,,,,
844,6742,澤米,市,10/06,,58.8,-1.4,-2.33,2267,137.0,60.2,61.6,62.8,58.4,7.31,,3.45,,,,,
845,00911,兆豐洲際半導體,市,10/06,,58.7,-0.45,-0.76,448,26.3,59.15,58.7,59.0,58.6,0.68,,0.9919,,,,,
846,2356,英業達,市,10/06,,58.6,0.3,0.51,12108,709.0,58.3,58.2,58.9,58.1,1.37,18.9,2.71,,,,,
847,2855,統一證,市,10/06,,58.5,0.3,0.52,2410,140.0,58.2,58.5,58.8,57.7,1.89,6.07,1.95,,,,,
848,2305,全友,市,10/06,,58.3,0.5,0.87,29051,1764.0,57.8,58.6,63.5,57.2,10.9,71.1,4.85,,,,,
849,5203,訊連,市,10/06,,58.3,-1.9,-3.16,147,8.64,60.2,60.7,60.7,58.1,4.32,13.3,1.03,,,,,
850,0056,元大高股息,市,10/06,,58.1,0.25,0.43,40300,2333.0,57.85,58.0,58.15,57.6,0.95,,1.0014,,,,,
851,6846,綠茵,櫃,10/06,,57.8,-0.7,-1.2,2,0.12,58.5,58.0,58.0,57.8,0.34,12.3,1.7,,,,,
852,3171,炎洲流通,櫃,10/06,,57.7,0.5,0.87,5,0.26,57.2,57.2,57.7,57.1,1.05,9.12,3.09,,,,,
853,2915,潤泰全,市,10/06,,57.6,0.7,1.23,758,43.6,56.9,56.8,57.9,56.7,2.11,4.04,0.37,,,,,
854,00910,第一金太空衛星,市,10/06,,57.5,-0.6,-1.03,495,28.5,58.1,58.0,58.0,57.4,1.03,,0.9978,,,,,
855,2243,宏旭-KY,市,10/06,,57.3,2.8,5.14,619,35.3,54.5,55.3,58.0,54.4,6.61,49.0,4.14,,,,,
856,1708,東鹼,市,10/06,,57.1,0.3,0.53,5834,334.0,56.8,57.3,57.9,56.4,2.64,13.8,1.87,,,,,
857,3705,永信,市,10/06,,57.1,0.5,0.88,215,12.3,56.6,56.8,57.2,56.6,1.06,17.0,1.95,,,,,
858,6122,擎邦,櫃,10/06,,57.1,-4.7,-7.61,2891,170.0,61.8,61.8,61.8,56.8,8.09,12.0,2.5,,,,,
859,2420,新巨,市,10/06,,57.0,-0.7,-1.21,484,28.0,57.7,58.0,59.0,56.9,3.64,12.8,2.23,,,,,
860,3684,榮昌,櫃,10/06,,57.0,1.8,3.26,118,6.64,55.2,55.5,57.2,55.0,3.99,14.1,2.44,,,,,
861,5328,華容,櫃,10/06,,57.0,-1.1,-1.89,2645,152.0,58.1,58.0,58.4,57.0,2.41,80.3,4.33,,,,,
862,6844,諾貝兒,櫃,10/06,,57.0,0.1,0.18,8,0.48,56.9,56.5,57.0,56.3,1.23,17.3,0.69,,,,,
863,8102,傑霖科技,櫃,10/06,,57.0,-2.6,-4.36,21,1.2,59.6,59.6,59.6,56.5,5.2,22.8,3.11,,,,,
864,6127,九豪,櫃,10/06,,56.8,-1.0,-1.73,4432,253.0,57.8,56.8,58.7,56.0,4.67,,5.37,,,,,
865,6516,勤崴國際,櫃,10/06,,56.6,0.0,0.0,24,1.37,56.6,56.7,56.7,56.0,1.24,26.1,3.34,,,,,
866,6218,豪勉,櫃,10/06,,56.5,-4.9,-7.98,5109,299.0,61.4,58.8,62.7,56.3,10.4,33.6,3.63,,,,,
867,5007,三星,市,10/06,,56.3,0.5,0.9,41,2.31,55.8,55.8,56.3,55.5,1.43,15.9,2.42,,,,,
868,2832,台產,市,10/06,,56.2,-0.1,-0.18,127,7.17,56.3,56.5,56.7,56.2,0.89,9.35,1.18,,,,,
869,00791B,復華信用債1-5,櫃,10/06,,56.1,0.05,0.09,101,5.67,56.05,56.1,56.1,56.1,0.0,,1.0008,,,,,
870,3229,晟鈦,市,10/06,,56.1,-0.7,-1.23,926,52.3,56.8,57.6,57.6,55.5,3.7,42.2,5.29,,,,,
871,6841,長佳智能,櫃,10/06,,56.1,0.5,0.9,91,5.09,55.6,55.6,56.2,55.2,1.8,83.7,3.35,,,,,
872,8074,鉅橡,櫃,10/06,,56.1,-1.2,-2.09,931,52.9,57.3,56.6,57.9,56.1,3.14,28.6,2.4,,,,,
873,2413,環科,市,10/06,,56.0,0.7,1.27,35748,2093.0,55.3,56.5,60.8,55.8,9.04,14.9,3.15,,,,,
874,6796,晉弘,市,10/06,,56.0,-1.0,-1.75,37,2.09,57.0,56.5,58.4,55.4,5.26,156.0,2.64,,,,,
875,1720,生達,市,10/06,,55.9,0.1,0.18,115,6.41,55.8,55.7,56.2,55.7,0.9,10.7,1.61,,,,,
876,4588,玖鼎電力,市,10/06,,55.9,0.1,0.18,32,1.78,55.8,55.0,55.9,55.0,1.61,15.5,2.8,,,,,
877,4438,廣越,市,10/06,,55.8,-0.6,-1.06,45,2.53,56.4,56.3,56.3,55.8,0.89,8.17,0.73,,,,,
878,3588,通嘉,市,10/06,,55.7,-1.3,-2.28,320,17.9,57.0,57.0,57.0,55.3,2.98,46.0,1.9,,,,,
879,6592,和潤企業,市,10/06,,55.7,0.3,0.54,486,27.0,55.4,55.1,55.8,55.1,1.26,11.3,1.06,,,,,
880,8240,華宏,櫃,10/06,,55.6,-2.4,-4.14,946,53.3,58.0,58.0,58.0,55.5,4.31,23.7,1.16,,,,,
881,4737,華廣,市,10/06,,55.3,0.0,0.0,24,1.33,55.3,56.7,56.7,55.2,2.71,,2.04,,,,,
882,3537,堡達,櫃,10/06,,55.2,-0.8,-1.43,202,11.2,56.0,55.8,55.8,55.1,1.25,12.0,2.41,,,,,
883,2250,IKKA-KY,市,10/06,,55.1,-0.1,-0.18,40,2.19,55.2,56.6,56.6,54.8,3.26,21.2,0.99,,,,,
884,4162,智擎,櫃,10/06,,55.0,0.0,0.0,109,6.04,55.0,55.4,55.5,55.0,0.91,14.7,1.61,,,,,
885,9937,全國,市,10/06,,55.0,0.6,1.1,41,2.23,54.4,54.4,55.0,54.3,1.29,21.3,3.07,,,,,
886,2496,卓越,市,10/06,,54.9,0.1,0.18,9,0.48,54.8,54.6,54.9,54.6,0.55,8.69,1.26,,,,,
887,00881,國泰台灣科技龍頭,市,10/06,,54.5,0.05,0.09,17166,934.0,54.45,54.6,54.75,54.1,1.19,,0.9971,,,,,
888,6174,安碁,櫃,10/06,,54.5,-6.0,-9.92,2845,157.0,60.5,58.5,58.5,54.5,6.61,42.9,4.08,,,,,
889,6741,91APP*-KY,櫃,10/06,,54.5,-0.4,-0.73,108,5.9,54.9,54.8,54.8,54.5,0.55,11.5,2.02,,,,,
890,8289,泰藝,櫃,10/06,,54.3,-2.9,-5.07,2106,115.0,57.2,56.8,57.2,53.6,6.29,51.7,2.26,,,,,
891,00913,兆豐台灣晶圓製造,市,10/06,,54.2,-0.35,-0.64,1802,97.4,54.55,54.7,54.7,53.8,1.65,,1.002,,,,,
892,3015,全漢,市,10/06,,54.1,0.3,0.56,311,16.9,53.8,54.8,54.8,53.9,1.67,21.3,0.68,,,,,
893,1240,茂生農經,櫃,10/06,,53.9,0.0,0.0,33,1.76,53.9,53.7,54.3,53.1,2.23,10.0,1.59,,,,,
894,2414,精技,市,10/06,,53.9,0.8,1.51,155,8.34,53.1,53.5,53.9,53.3,1.13,13.1,2.77,,,,,
895,5498,凱崴,櫃,10/06,,53.9,-0.9,-1.64,2169,119.0,54.8,54.8,56.0,53.9,3.83,150.0,4.76,,,,,
896,00895,富邦未來車,市,10/06,,53.85,0.55,1.03,642,34.6,53.3,53.7,54.15,53.7,0.84,,0.9983,,,,,
897,4563,百德,櫃,10/06,,53.8,-0.2,-0.37,303,16.5,54.0,54.2,55.3,53.5,3.33,,2.13,,,,,
898,7791,皇家可口,市,10/06,,53.8,-0.5,-0.92,76,4.06,54.3,54.1,54.1,53.0,2.03,12.9,1.35,,,,,
899,1760,寶齡富錦,市,10/06,,53.7,-0.2,-0.37,95,5.09,53.9,53.9,54.0,53.6,0.74,21.4,2.46,,,,,
900,6637,醫影,櫃,10/06,,53.6,0.2,0.37,19,0.99,53.4,53.7,53.7,53.4,0.56,9.73,1.34,,,,,
901,2607,榮運,市,10/06,,53.5,0.3,0.56,372,19.9,53.2,53.2,53.7,53.1,1.13,10.7,0.91,,,,,
902,2751,王座,櫃,10/06,,53.5,0.5,0.94,13,0.7,53.0,53.0,53.8,53.0,1.51,10.6,2.45,,,,,
903,3046,建碁,市,10/06,,53.5,-0.3,-0.56,92,4.95,53.8,53.8,53.8,53.4,0.74,11.0,2.51,,,,,
904,4138,曜亞,櫃,10/06,,53.5,0.0,0.0,21,1.14,53.5,53.5,53.7,53.3,0.75,14.6,1.35,,,,,
905,8045,達運光電,市,10/06,,53.5,-2.0,-3.6,110,5.97,55.5,55.2,55.4,53.5,3.42,62.2,2.62,,,,,
906,8432,東生華,櫃,10/06,,53.5,2.5,4.9,327,17.6,51.0,54.0,54.5,53.4,2.16,12.3,1.45,,,,,
907,3048,益登,市,10/06,,53.3,-0.3,-0.56,1402,74.4,53.6,53.9,53.9,52.6,2.43,11.3,1.95,,,,,
908,2373,震旦行,市,10/06,,53.2,0.7,1.33,77,4.03,52.5,52.5,53.3,52.3,1.9,14.3,1.61,,,,,
909,2453,凌群,市,10/06,,53.2,0.0,0.0,204,10.9,53.2,53.4,53.7,53.0,1.32,16.8,2.51,,,,,
910,3543,州巧,市,10/06,,53.2,-0.8,-1.48,7914,434.0,54.0,54.2,57.8,52.6,9.63,,1.89,,,,,
911,4119,旭富,市,10/06,,53.2,-1.1,-2.03,252,13.5,54.3,53.9,54.1,53.0,2.03,106.0,1.2,,,,,
912,4442,竣邦-KY,櫃,10/06,,53.2,0.0,0.0,13,0.7,53.2,53.5,53.8,53.2,1.13,10.8,1.98,,,,,
913,4933,友輝,櫃,10/06,,53.2,-0.8,-1.48,42,2.25,54.0,53.6,54.1,53.2,1.67,7.36,1.14,,,,,
914,8936,國統,櫃,10/06,,53.2,0.1,0.19,954,50.8,53.1,53.2,53.7,52.9,1.51,12.2,2.08,,,,,
915,5508,永信建,櫃,10/06,,53.0,0.0,0.0,118,6.24,53.0,53.0,53.4,52.9,0.94,17.3,2.11,,,,,
916,8435,鉅邁,櫃,10/06,,53.0,-0.2,-0.38,40,2.15,53.2,53.2,53.2,52.9,0.56,10.1,1.98,,,,,
917,2033,佳大,市,10/06,,52.8,1.8,3.53,1431,73.2,51.0,51.6,53.5,48.8,9.22,160.0,3.98,,,,,
918,5225,東科-KY,市,10/06,,52.8,-1.6,-2.94,303,16.2,54.4,54.3,54.3,52.8,2.76,7.96,1.31,,,,,
919,00894,中信小資高價30,市,10/06,,52.7,-0.05,-0.09,1008,53.1,52.75,53.0,53.05,52.3,1.42,,0.9979,,,,,
920,6494,九齊,櫃,10/06,,52.7,-0.2,-0.38,95,5.0,52.9,54.5,54.5,52.0,4.73,17.7,1.62,,,,,
921,6757,台灣虎航,市,10/06,,52.7,-0.3,-0.57,432,22.9,53.0,53.1,53.2,52.7,0.94,9.15,3.07,,,,,
922,8917,欣泰,櫃,10/06,,52.7,-0.9,-1.68,6,0.32,53.6,52.6,52.7,52.6,0.19,21.1,3.26,,,,,
923,3236,千如,櫃,10/06,,52.6,-0.9,-1.68,6395,338.0,53.5,53.0,54.4,51.5,5.42,75.1,3.09,,,,,
924,3221,台嘉碩,櫃,10/06,,52.4,-3.3,-5.92,3007,160.0,55.7,55.7,55.7,52.0,6.64,51.9,2.55,,,,,
925,8433,弘帆,櫃,10/06,,52.4,-0.2,-0.38,29,1.52,52.6,52.6,52.7,52.2,0.95,7.22,1.2,,,,,
926,4927,泰鼎-KY,市,10/06,,52.3,-0.6,-1.13,28658,1519.0,52.9,52.7,54.6,50.3,8.13,,3.3,,,,,
927,5607,遠雄港,市,10/06,,52.3,0.5,0.97,289,15.1,51.8,51.8,52.7,51.8,1.74,14.3,1.73,,,,,
928,6695,芯鼎,市,10/06,,52.2,-0.5,-0.95,365,19.2,52.7,52.8,53.3,51.9,2.66,,3.01,,,,,
929,6776,展碁國際,市,10/06,,52.2,-0.2,-0.38,53,2.75,52.4,52.1,52.5,52.1,0.76,11.6,1.73,,,,,
930,2838A,聯邦銀甲特,市,10/06,,52.0,0.0,0.0,33,1.71,52.0,51.9,52.0,51.9,0.19,,,,,,,
931,5471,松翰,市,10/06,,51.9,-0.7,-1.33,752,39.0,52.6,52.7,52.7,51.4,2.47,31.3,2.41,,,,,
932,5515,建國,市,10/06,,51.9,0.7,1.37,594,31.0,51.2,51.8,53.1,51.0,4.1,5.26,1.79,,,,,
933,5283,禾聯碩,市,10/06,,51.8,-0.3,-0.58,130,6.7,52.1,52.1,52.1,51.5,1.15,7.96,0.9,,,,,
934,8048,德勝,櫃,10/06,,51.8,0.5,0.97,111,5.72,51.3,50.6,52.0,50.5,2.92,15.4,2.54,,,,,
935,2881C,富邦金丙特,市,10/06,,51.7,0.0,0.0,31,1.63,51.7,51.7,51.7,51.6,0.19,,,,,,,
936,2066,世德,櫃,10/06,,51.6,-0.8,-1.53,54,2.84,52.4,52.0,53.6,51.6,3.82,14.1,1.06,,,,,
937,8938,明安,櫃,10/06,,51.6,0.0,0.0,37,1.93,51.6,52.4,52.4,51.6,1.55,9.68,1.04,,,,,
938,6668,中揚光,市,10/06,,51.5,3.25,6.74,8358,421.0,48.25,48.35,52.3,48.25,8.39,,2.47,,,,,
939,1210,大成,市,10/06,,51.3,-0.3,-0.58,782,40.1,51.6,51.2,51.4,51.0,0.78,12.6,1.68,,,,,
940,1730,花仙子,市,10/06,,51.2,0.1,0.2,22,1.13,51.1,51.4,51.5,51.2,0.59,10.7,1.6,,,,,
941,3312,弘憶股,市,10/06,,51.2,-0.5,-0.97,422,21.7,51.7,51.9,51.9,51.0,1.74,13.3,2.33,,,,,
942,6141,柏承,市,10/06,,51.2,0.0,0.0,1054,54.1,51.2,52.0,52.1,50.8,2.54,,9.68,,,,,
943,2204,中華,市,10/06,,51.1,0.0,0.0,453,23.2,51.1,51.1,51.3,50.9,0.78,8.22,0.74,,,,,
944,3481,群創,市,10/06,,51.1,-1.2,-2.29,126226,6490.0,52.3,52.8,52.8,50.8,3.82,65.5,1.81,,,,,
945,2471,資通,市,10/06,,51.0,0.3,0.59,310,15.9,50.7,50.7,52.2,50.7,2.96,10.6,2.79,,,,,
946,8070,長華*,市,10/06,,51.0,-0.7,-1.35,1796,92.2,51.7,52.3,52.6,50.8,3.48,30.2,1.35,,,,,
947,3527,聚積,櫃,10/06,,50.9,0.0,0.0,31,1.6,50.9,51.1,51.5,50.9,1.18,,1.01,,,,,
948,6589,台康生技,市,10/06,,50.9,0.2,0.39,394,20.0,50.7,50.9,51.5,50.6,1.78,,1.95,,,,,
949,4174,浩鼎,櫃,10/06,,50.8,4.6,9.96,3367,164.0,46.2,46.15,50.8,45.85,10.7,,4.5,,,,,
950,5228,鈺鎧,櫃,10/06,,50.8,3.05,6.39,3073,154.0,47.75,48.7,52.2,48.15,8.48,24.9,3.33,,,,,
951,6281,全國電,市,10/06,,50.8,0.1,0.2,30,1.5,50.7,50.5,50.8,50.5,0.59,13.6,1.81,,,,,
952,6680,鑫創電子,櫃,10/06,,50.8,-0.7,-1.36,4,0.2,51.5,51.0,51.0,50.7,0.58,55.2,2.22,,,,,
953,3290,東浦,櫃,10/06,,50.7,0.75,1.5,1173,58.8,49.95,50.4,50.8,49.65,2.3,11.0,1.83,,,,,
954,4175,杏一,櫃,10/06,,50.7,-0.1,-0.2,8,0.42,50.8,50.8,50.9,50.7,0.39,13.4,1.41,,,,,
955,3694,海華,市,10/06,,50.5,-0.7,-1.37,411,20.9,51.2,51.1,51.3,50.5,1.56,12.6,2.14,,,,,
956,9943,好樂迪,市,10/06,,50.4,-0.1,-0.2,76,3.81,50.5,50.5,50.5,50.1,0.79,8.3,1.7,,,,,
957,2743,山富,櫃,10/06,,50.3,-1.0,-1.95,136,6.83,51.3,51.0,51.0,50.0,1.95,13.7,2.08,,,,,
958,3257,虹冠電,市,10/06,,50.3,-0.4,-0.79,135,6.78,50.7,50.7,50.7,49.8,1.78,19.8,2.49,,,,,
959,3518,柏騰,市,10/06,,50.3,1.55,3.18,21659,1069.0,48.75,49.9,52.0,45.65,13.0,23.4,3.02,,,,,
960,00901,永豐智能車供應鏈,市,10/06,,50.25,0.05,0.1,179,8.97,50.2,50.3,50.3,50.1,0.4,,0.9956,,,,,
961,00759B,復華製藥債,櫃,10/06,,50.2,-0.3,-0.59,101,5.05,50.5,50.2,50.2,50.2,0.0,,1.0006,,,,,
962,4557,永新-KY,市,10/06,,50.2,-0.2,-0.4,43,2.18,50.4,50.4,50.4,50.1,0.6,,0.95,,,,,
963,3545,敦泰,市,10/06,,50.1,-0.3,-0.6,504,25.4,50.4,50.6,50.7,50.1,1.19,,1.22,,,,,
964,2527,宏璟,市,10/06,,49.95,-1.85,-3.57,1212,61.0,51.8,52.4,52.4,49.3,5.98,8.76,0.36,,,,,
965,1294,漢田生技,櫃,10/06,,49.9,0.1,0.2,12,0.58,49.8,49.7,49.9,49.45,0.9,12.2,1.84,,,,,
966,4952,凌通,市,10/06,,49.8,-0.5,-0.99,176,8.73,50.3,49.9,50.1,49.4,1.39,28.0,2.45,,,,,
967,6125,廣運,櫃,10/06,,49.8,-0.5,-0.99,470,23.5,50.3,50.5,50.5,49.8,1.39,166.0,2.77,,,,,
968,00886,永豐美國科技,櫃,10/06,,49.7,-0.05,-0.1,22,1.09,49.75,49.73,49.73,49.7,0.06,,0.9908,,,,,
969,00760B,復華新興企業債,櫃,10/06,,49.65,-0.11,-0.22,299,14.8,49.76,49.62,49.67,49.4,0.54,,1.0028,,,,,
970,6189,豐藝,市,10/06,,49.65,0.25,0.51,310,15.4,49.4,49.5,50.0,49.2,1.62,12.3,2.17,,,,,
971,2342,茂矽,市,10/06,,49.5,0.1,0.2,5850,290.0,49.4,49.7,50.3,48.0,4.66,,3.39,,,,,
972,6899,創為精密,櫃,10/06,,49.5,-0.1,-0.2,20,1.0,49.6,50.1,50.1,49.1,2.02,11.1,1.12,,,,,
973,9926,新海,市,10/06,,49.5,0.65,1.33,16,0.79,48.85,48.85,49.5,48.85,1.33,17.4,2.0,,,,,
974,6509,聚和,櫃,10/06,,49.35,-0.55,-1.1,696,34.5,49.9,50.1,50.2,49.2,2.0,13.6,1.75,,,,,
975,6721,信實,櫃,10/06,,49.35,-0.85,-1.69,34,1.65,50.2,50.0,50.0,48.2,3.59,9.77,1.71,,,,,
976,2399,映泰,市,10/06,,49.3,0.7,1.44,6286,310.0,48.6,48.8,50.3,47.9,4.94,12.4,3.1,,,,,
977,2488,漢平,市,10/06,,49.3,0.35,0.72,319,15.9,48.95,49.3,50.5,49.0,3.06,10.1,1.42,,,,,
978,2886,兆豐金,市,10/06,,49.3,0.75,1.54,22232,1089.0,48.55,48.55,49.4,48.5,1.85,19.1,1.82,,,,,
979,3303,岱稜,櫃,10/06,,49.3,0.4,0.82,121,5.93,48.9,48.8,49.45,48.8,1.33,9.78,1.94,,,,,
980,0055,元大MSCI金融,市,10/06,,49.26,0.31,0.63,577,28.3,48.95,48.94,49.28,48.89,0.8,,0.9996,,,,,
981,8482,商億-KY,市,10/06,,49.25,0.9,1.86,7,0.34,48.35,47.35,49.25,47.35,3.93,16.7,1.66,,,,,
982,5212,凌網,櫃,10/06,,49.2,0.2,0.41,11,0.52,49.0,49.0,49.2,49.0,0.41,7.76,3.06,,,,,
983,3484,崧騰,櫃,10/06,,49.1,-0.05,-0.1,115,5.66,49.15,49.5,49.7,49.1,1.22,14.1,1.19,,,,,
984,8924,大田,櫃,10/06,,49.05,-0.15,-0.3,34,1.69,49.2,49.1,49.15,49.0,0.3,17.8,1.05,,,,,
985,4419,皇家美食,櫃,10/06,,49.0,-0.95,-1.9,1,0.06,49.95,49.0,49.0,49.0,0.0,,9.11,,,,,
986,6161,捷波,櫃,10/06,,49.0,-0.15,-0.31,24,1.16,49.15,49.3,49.3,49.0,0.61,11.9,2.05,,,,,
987,00865B,國泰US短期公債,市,10/06,,48.9,-0.04,-0.08,3778,185.0,48.94,48.94,48.94,48.82,0.25,,1.0011,,,,,
988,4417,金洲,櫃,10/06,,48.9,-0.3,-0.61,44,2.18,49.2,49.9,50.0,48.85,2.34,9.39,1.3,,,,,
989,6684,安格,櫃,10/06,,48.9,-0.15,-0.31,51,2.49,49.05,49.05,49.1,48.35,1.53,,1.41,,,,,
990,6170,統振,櫃,10/06,,48.85,0.2,0.41,134,6.52,48.65,48.65,48.85,48.65,0.41,10.0,2.43,,,,,
991,5876,上海商銀,市,10/06,,48.8,0.15,0.31,3118,152.0,48.65,48.55,48.85,48.3,1.13,13.9,1.11,,,,,
992,8110,華東,市,10/06,,48.8,-0.4,-0.81,4258,209.0,49.2,50.0,50.0,48.5,3.05,8.92,1.3,,,,,
993,3311,閎暉,市,10/06,,48.65,-0.85,-1.72,3902,188.0,49.5,50.2,51.2,46.8,8.89,27.0,1.33,,,,,
994,6265,方土昶,櫃,10/06,,48.65,-0.4,-0.82,765,37.3,49.05,49.3,49.65,48.6,2.14,5.93,2.61,,,,,
995,006201,元大富櫃50,櫃,10/06,,48.6,-0.36,-0.74,242,11.8,48.96,49.05,49.08,48.46,1.27,,0.9965,,,,,
996,1711,永光,市,10/06,,48.6,4.4,9.95,37735,1794.0,44.2,45.0,48.6,44.05,10.3,374.0,2.99,,,,,
997,9941A,裕融甲特,市,10/06,,48.6,0.0,0.0,14,0.7,48.6,48.6,48.6,48.5,0.21,,,,,,,
998,8097,常珵,櫃,10/06,,48.45,-0.4,-0.82,43,2.09,48.85,48.3,48.5,48.0,1.02,,3.04,,,,,
999,1295,生合,櫃,10/06,,48.4,-0.65,-1.33,25,1.19,49.05,48.5,48.8,48.4,0.82,11.8,1.27,,,,,
1000,2887E,台新新光戊特一,市,10/06,,48.35,0.0,0.0,226,10.9,48.35,48.35,48.35,48.3,0.1,,,,,,,
1001,4746,台耀,市,10/06,,48.3,0.95,2.01,894,43.2,47.35,47.55,48.85,47.55,2.75,10.9,0.78,,,,,
1002,2328,廣宇,市,10/06,,48.1,-0.2,-0.41,1999,97.0,48.3,48.8,49.6,48.1,3.11,112.0,1.71,,,,,
1003,4743,合一,櫃,10/06,,48.1,1.0,2.12,2867,138.0,47.1,48.5,49.1,47.2,4.03,370.0,2.25,,,,,
1004,4581,光隆精密-KY,市,10/06,,48.0,0.0,0.0,8,0.38,48.0,48.0,48.0,47.55,0.94,11.8,1.31,,,,,
1005,00909,國泰數位支付服務,市,10/06,,47.97,-0.23,-0.48,1212,58.1,48.2,48.37,48.37,47.87,1.04,,1.0048,,,,,
1006,5013,強新,櫃,10/06,,47.95,-3.55,-6.89,3743,188.0,51.5,56.4,56.4,46.35,19.5,22.0,1.62,,,,,
1007,5530,龍巖,櫃,10/06,,47.85,-0.4,-0.83,277,13.3,48.25,48.2,48.2,47.8,0.83,14.2,0.64,,,,,
1008,00738U,期元大道瓊白銀,市,10/06,,47.84,-0.38,-0.79,2013,96.6,48.22,48.32,48.35,47.79,1.16,,0.9901,,,,,
1009,00758B,復華能源債,櫃,10/06,,47.81,-0.27,-0.56,100,4.79,48.08,47.81,47.81,47.81,0.0,,1.0006,,,,,
1010,8047,星雲,櫃,10/06,,47.8,-3.2,-6.27,69,3.3,51.0,51.0,51.1,46.05,9.9,,5.16,,,,,
1011,2027,大成鋼,市,10/06,,47.7,-0.2,-0.42,5176,248.0,47.9,48.2,48.25,47.65,1.25,9.98,1.4,,,,,
1012,6165,浪凡,市,10/06,,47.7,-0.9,-1.85,628,30.2,48.6,48.55,48.65,47.7,1.95,12.2,2.7,,,,,
1013,2338,光罩,市,10/06,,47.65,-0.55,-1.14,3802,182.0,48.2,48.3,48.55,47.0,3.22,,2.53,,,,,
1014,2367,燿華,市,10/06,,47.65,-2.0,-4.03,38654,1870.0,49.65,49.65,49.65,47.25,4.83,,2.73,,,,,
1015,00893,國泰智能電動車,市,10/06,,47.52,0.29,0.61,1158,55.0,47.23,47.23,47.54,47.22,0.68,,0.9983,,,,,
1016,6570,維田,櫃,10/06,,47.45,0.0,0.0,37,1.76,47.45,47.5,47.55,47.35,0.42,18.8,2.09,,,,,
1017,1903,士紙,市,10/06,,47.4,0.35,0.74,51,2.39,47.05,47.1,47.4,46.8,1.28,35.9,2.24,,,,,
1018,2540,愛山林,市,10/06,,47.4,-0.05,-0.11,316,15.0,47.45,47.35,47.65,47.35,0.63,,4.16,,,,,
1019,2241,艾姆勒,市,10/06,,47.35,1.3,2.82,5375,255.0,46.05,46.5,48.45,46.25,4.78,,3.78,,,,,
1020,4995,晶達,櫃,10/06,,47.35,0.05,0.11,66,3.04,47.3,47.6,47.6,45.1,5.29,13.4,2.13,,,,,
1021,2340,台亞,市,10/06,,47.3,-3.0,-5.96,45723,2132.0,50.3,50.3,50.4,45.3,10.1,,3.26,,,,,
1022,6275,元山,櫃,10/06,,47.15,-0.5,-1.05,166,7.86,47.65,47.65,47.65,47.0,1.36,18.6,2.26,,,,,
1023,3209,全科,市,10/06,,47.0,0.9,1.95,3613,171.0,46.1,47.05,47.95,46.8,2.49,7.85,1.96,,,,,
1024,4198,欣大健康,櫃,10/06,,47.0,-1.95,-3.98,5,0.24,48.95,47.7,47.7,47.0,1.43,,5.56,,,,,
1025,1583,程泰,市,10/06,,46.9,1.2,2.63,23,1.07,45.7,45.65,46.9,45.05,4.05,10.7,0.91,,,,,
1026,3205,佰研,櫃,10/06,,46.9,-0.1,-0.21,11,0.52,47.0,46.5,47.0,46.5,1.06,,3.16,,,,,
1027,3306,鼎天,櫃,10/06,,46.8,-0.7,-1.47,57,2.68,47.5,46.5,47.05,46.5,1.16,104.0,0.59,,,,,
1028,4763,材料*-KY,市,10/06,,46.8,0.45,0.97,3754,175.0,46.35,46.45,46.8,46.2,1.29,11.2,2.37,,,,,
1029,6949,沛爾生醫*-創,市,10/06,,46.75,-0.85,-1.79,1883,89.8,47.6,47.95,48.9,46.65,4.73,,1.19,,,,,
1030,3093,港建*,櫃,10/06,,46.65,-0.05,-0.11,285,13.3,46.7,47.2,47.2,45.95,2.68,47.6,4.3,,,,,
1031,3622,洋華,市,10/06,,46.65,0.45,0.97,173,7.99,46.2,46.25,46.65,45.9,1.62,9.15,0.89,,,,,
1032,3594,磐儀,櫃,10/06,,46.55,0.35,0.76,170,7.88,46.2,46.25,46.75,46.0,1.62,36.9,1.95,,,,,
1033,2362,藍天,市,10/06,,46.5,0.25,0.54,259,12.0,46.25,46.35,46.75,46.2,1.19,7.65,0.57,,,,,
1034,1536,和大,市,10/06,,46.4,0.3,0.65,682,31.7,46.1,46.2,46.8,46.2,1.3,,1.75,,,,,
1035,2302,麗正,市,10/06,,46.4,-3.45,-6.92,6176,290.0,49.85,49.4,49.4,46.05,6.72,43.4,4.2,,,,,
1036,9951,皇田,櫃,10/06,,46.4,-0.1,-0.22,68,3.13,46.5,46.5,46.5,46.1,0.86,8.08,0.88,,,,,
1037,2851,中再保,市,10/06,,46.2,0.6,1.32,1254,57.8,45.6,45.65,46.3,45.65,1.43,4.38,1.41,,,,,
1038,00864B,中信美國公債0-1,櫃,10/06,,46.15,-0.03,-0.06,782,36.1,46.18,46.16,46.16,46.05,0.24,,1.0003,,,,,
1039,1535,中宇,市,10/06,,46.1,0.8,1.77,39,1.77,45.3,45.3,46.1,45.15,2.1,12.2,1.53,,,,,
1040,3078,僑威,櫃,10/06,,46.05,0.05,0.11,225,10.4,46.0,46.15,46.3,45.85,0.98,12.8,1.53,,,,,
1041,4120,友華,櫃,10/06,,46.0,0.0,0.0,21,0.98,46.0,45.7,46.0,45.45,1.2,,0.76,,,,,
1042,6961,旅天下,櫃,10/06,,45.95,-0.95,-2.03,48,2.22,46.9,46.1,46.1,45.8,0.64,17.7,1.34,,,,,
1043,7718,友鋮,櫃,10/06,,45.95,0.0,0.0,15,0.69,45.95,45.95,45.95,45.95,0.0,8.18,1.35,,,,,
1044,00660,元大歐洲50,市,10/06,,45.84,0.54,1.19,15,0.68,45.3,45.8,45.86,45.56,0.66,,0.9929,,,,,
1045,6821,聯寶,櫃,10/06,,45.8,0.3,0.66,265,12.2,45.5,45.5,47.25,44.95,5.05,26.0,1.97,,,,,
1046,2031,新光鋼,市,10/06,,45.75,-0.05,-0.11,418,19.2,45.8,45.7,46.35,45.45,1.97,7.08,1.23,,,,,
1047,3490,單井,櫃,10/06,,45.7,-0.45,-0.98,3520,162.0,46.15,46.0,47.5,45.0,5.42,7.22,1.59,,,,,
1048,2630,亞航,市,10/06,,45.6,-0.55,-1.19,662,30.3,46.15,46.5,46.5,45.6,1.95,77.3,2.82,,,,,
1049,8112A,至上甲特,市,10/06,,45.6,0.0,0.0,3,0.12,45.6,45.6,45.6,45.6,0.0,,,,,,,
1050,7767,仁大資訊,櫃,10/06,,45.55,-0.45,-0.98,18,0.8,46.0,46.0,46.0,45.5,1.09,10.1,1.52,,,,,
1051,2887F,台新新光戊特二,市,10/06,,45.5,0.1,0.22,53,2.41,45.4,45.45,45.5,45.4,0.22,,,,,,,
1052,2880,華南金,市,10/06,,45.45,0.85,1.91,6779,306.0,44.6,44.6,45.45,44.6,1.91,19.8,2.62,,,,,
1053,2884,玉山金,市,10/06,,45.45,0.65,1.45,12126,550.0,44.8,45.0,45.45,44.95,1.12,18.9,2.61,,,,,
1054,8442,威宏-KY,市,10/06,,45.45,-0.5,-1.09,17,0.78,45.95,45.5,45.95,45.45,1.09,14.6,0.86,,,,,
1055,1713,國化,市,10/06,,45.4,0.6,1.34,284,12.8,44.8,45.35,45.4,44.65,1.67,9.56,1.86,,,,,
1056,2890,永豐金,市,10/06,,45.4,1.35,3.06,20036,904.0,44.05,44.05,45.45,44.05,3.18,17.4,2.48,,,,,
1057,2329,華泰,市,10/06,,45.35,0.35,0.78,2285,103.0,45.0,45.0,45.65,44.5,2.56,20.5,1.82,,,,,
1058,00922,國泰台灣領袖50,市,10/06,,45.29,0.18,0.4,8857,400.0,45.11,45.26,45.34,44.96,0.84,,1.0004,,,,,
1059,00768B,復華20年美債,櫃,10/06,,45.28,-0.3,-0.66,532,24.1,45.58,45.43,45.43,45.19,0.53,,1.0008,,,,,
1060,9933,中鼎,市,10/06,,45.25,-1.1,-2.37,7656,347.0,46.35,46.4,46.4,44.55,3.99,8.02,1.78,,,,,
1061,8349A,恒耀甲特,櫃,10/06,,45.2,0.0,0.0,3,0.14,45.2,45.2,45.2,45.2,0.0,,,,,,,
1062,6177,達麗,市,10/06,,45.15,-0.15,-0.33,849,38.4,45.3,45.15,45.55,45.05,1.1,4.98,1.78,,,,,
1063,2227,裕日車,市,10/06,,45.0,0.8,1.81,46,2.06,44.2,44.0,45.0,44.0,2.26,,0.76,,,,,
1064,2937,集雅社,櫃,10/06,,44.9,-0.05,-0.11,4,0.18,44.95,44.5,44.9,44.0,2.0,11.0,1.78,,,,,
1065,6666,羅麗芬-KY,市,10/06,,44.9,-0.45,-0.99,21,0.95,45.35,44.8,45.55,44.4,2.54,13.2,1.17,,,,,
1066,00904,台新臺灣半導體30,市,10/06,,44.87,-0.12,-0.27,4036,181.0,44.99,45.18,45.18,44.74,0.98,,1.0016,,,,,
1067,1809,中釉,市,10/06,,44.7,-1.9,-4.08,2725,123.0,46.6,46.6,46.6,44.7,4.08,213.0,2.55,,,,,
1068,2704,國賓,市,10/06,,44.7,0.1,0.22,61,2.75,44.6,45.3,45.3,44.7,1.35,16.8,0.5,,,,,
1069,3339,泰谷,櫃,10/06,,44.65,-1.25,-2.72,1246,55.9,45.9,45.7,45.75,44.5,2.72,,4.03,,,,,
1070,6112,邁達特,市,10/06,,44.65,-0.25,-0.56,1469,66.4,44.9,45.2,46.1,44.5,3.56,13.8,1.94,,,,,
1071,6982,大井泵浦,櫃,10/06,,44.6,-0.4,-0.89,10,0.45,45.0,45.0,45.0,44.4,1.33,,2.08,,,,,
1072,6751,智聯服務,櫃,10/06,,44.45,0.0,0.0,0,0.0,44.45,44.45,44.45,44.45,0.0,7.73,1.06,,,,,
1073,5706,鳳凰,市,10/06,,44.25,0.25,0.57,127,5.62,44.0,44.15,44.7,44.1,1.36,11.4,2.17,,,,,
1074,7839,達人網,櫃,10/06,,44.25,1.25,2.91,13,0.58,43.0,44.0,44.5,43.0,3.49,19.2,2.83,,,,,
1075,00892,富邦台灣半導體,市,10/06,,44.21,-0.19,-0.43,3817,169.0,44.4,44.4,44.4,44.06,0.77,,0.9975,,,,,
1076,2887G,台新新光庚特一,市,10/06,,44.15,0.0,0.0,43,1.88,44.15,44.1,44.15,44.05,0.23,,,,,,,
1077,6201,亞弘電,市,10/06,,44.0,-0.05,-0.11,46,2.03,44.05,44.0,44.5,43.95,1.25,13.7,1.46,,,,,
1078,6986,和迅,櫃,10/06,,44.0,0.0,0.0,146,6.43,44.0,44.0,44.0,43.9,0.23,17.5,2.15,,,,,
1079,1203,味王,市,10/06,,43.95,1.45,3.41,28,1.2,42.5,42.1,43.95,41.9,4.82,20.9,1.61,,,,,
1080,8088,品安,櫃,10/06,,43.95,-0.05,-0.11,188,8.26,44.0,44.55,44.55,43.65,2.05,14.7,2.4,,,,,
1081,8941,關中,櫃,10/06,,43.9,-0.05,-0.11,13,0.55,43.95,43.95,44.0,43.2,1.82,14.2,1.53,,,,,
1082,00789B,復華公司債A3,櫃,10/06,,43.88,-0.27,-0.61,105,4.61,44.15,44.07,44.07,43.86,0.48,,1.0002,,,,,
1083,2355,敬鵬,市,10/06,,43.8,-0.85,-1.9,5428,242.0,44.65,44.7,45.2,43.8,3.14,23.2,0.99,,,,,
1084,2497,怡利電,市,10/06,,43.8,-0.25,-0.57,205,9.0,44.05,44.0,44.25,43.6,1.48,13.4,1.96,,,,,
1085,6168,宏齊,市,10/06,,43.8,-3.3,-7.01,16937,743.0,47.1,46.95,47.6,42.4,11.0,137.0,2.51,,,,,
1086,6282,康舒,市,10/06,,43.8,-0.65,-1.46,4849,213.0,44.45,44.55,44.55,43.8,1.69,35.3,1.65,,,,,
1087,6115,鎰勝,市,10/06,,43.75,-0.35,-0.79,126,5.52,44.1,44.5,44.5,43.75,1.7,12.8,1.6,,,,,
1088,6928,攸泰科技,市,10/06,,43.75,-1.95,-4.27,139,6.23,45.7,45.7,45.7,43.75,4.27,,1.87,,,,,
1089,00633L,富邦上証正2,市,10/06,,43.65,-0.01,-0.02,455,19.9,43.66,43.6,43.98,43.6,0.87,,0.9986,,,,,
1090,3615,安可,櫃,10/06,,43.5,-0.95,-2.14,1560,69.7,44.45,44.55,46.4,43.3,6.97,13.9,1.28,,,,,
1091,9918,欣天然,市,10/06,,43.4,0.6,1.4,35,1.53,42.8,43.25,43.4,42.8,1.4,16.3,2.29,,,,,
1092,1101B,台泥乙特,市,10/06,,43.35,0.0,0.0,0,0.0,43.35,43.35,43.35,43.35,0.0,,,,,,,
1093,3552,同致,櫃,10/06,,43.35,-1.05,-2.36,192,8.36,44.4,44.4,44.4,43.3,2.48,,0.96,,,,,
1094,6909,創控,市,10/06,,43.2,-0.75,-1.71,247,10.7,43.95,43.8,43.8,43.15,1.48,31.5,2.85,,,,,
1095,4139,馬光-KY,櫃,10/06,,43.05,0.05,0.12,74,3.17,43.0,42.1,43.2,42.1,2.56,,4.72,,,,,
1096,00923,群益台ESG低碳50,市,10/06,,43.01,0.04,0.09,4738,204.0,42.97,43.22,43.22,42.77,1.05,,0.9956,,,,,
1097,4906,正文,市,10/06,,43.0,0.85,2.02,18600,806.0,42.15,42.3,44.2,41.25,7.0,331.0,1.73,,,,,
1098,2485,兆赫,市,10/06,,42.9,-1.7,-3.81,44642,2019.0,44.6,45.0,48.0,42.9,11.4,49.3,2.55,,,,,
1099,00678,群益那斯達克生技,市,10/06,,42.88,0.4,0.94,283,12.1,42.48,42.85,42.95,42.81,0.33,,1.0014,,,,,
1100,4907,富宇,櫃,10/06,,42.85,0.05,0.12,27,1.17,42.8,43.45,43.45,42.85,1.4,5.96,1.65,,,,,
1101,2887H,台新新光庚特二,市,10/06,,42.75,0.0,0.0,149,6.34,42.75,42.7,42.75,42.6,0.35,,,,,,,
1102,4561,健椿,櫃,10/06,,42.7,-0.1,-0.23,198,8.62,42.8,43.7,44.4,42.5,4.44,25.0,1.77,,,,,
1103,6470,宇智,櫃,10/06,,42.7,0.1,0.23,23,0.99,42.6,42.7,42.75,42.4,0.82,8.91,1.42,,,,,
1104,4555,氣立,市,10/06,,42.65,1.25,3.02,388,16.6,41.4,42.4,43.5,42.1,3.38,42.2,1.01,,,,,
1105,6123,上奇,櫃,10/06,,42.65,-0.15,-0.35,21,0.88,42.8,42.7,42.7,42.55,0.35,12.8,1.63,,,,,
1106,8931,大汽電,櫃,10/06,,42.65,0.25,0.59,283,12.0,42.4,42.3,42.75,41.75,2.36,36.8,2.64,,,,,
1107,6021,美好證,櫃,10/06,,42.6,-0.15,-0.35,299,12.9,42.75,43.25,44.3,42.5,4.21,3.75,1.03,,,,,
1108,4903,聯光通,櫃,10/06,,42.5,-1.3,-2.97,2313,101.0,43.8,43.5,44.65,42.5,4.91,33.5,3.83,,,,,
1109,6771,平和環保-創,市,10/06,,42.5,0.0,0.0,11,0.47,42.5,41.8,42.5,41.8,1.65,14.8,1.6,,,,,
1110,00635U,期元大S&P黃金,市,10/06,,42.45,-0.17,-0.4,2561,109.0,42.62,42.68,42.72,42.25,1.1,,0.9934,,,,,
1111,3168,眾福科,市,10/06,,42.4,0.0,0.0,12,0.51,42.4,42.4,42.4,41.95,1.06,14.7,1.9,,,,,
1112,8182,加高,櫃,10/06,,42.4,-2.4,-5.36,1505,64.6,44.8,44.5,45.4,42.15,7.25,40.0,1.26,,,,,
1113,4956,光鋐,市,10/06,,42.35,-3.2,-7.03,7463,322.0,45.55,45.1,45.25,42.15,6.81,90.1,2.51,,,,,
1114,2468,華經,市,10/06,,42.3,0.8,1.93,8215,366.0,41.5,41.5,45.65,41.5,10.0,31.1,2.37,,,,,
1115,6226,光鼎,市,10/06,,42.2,-0.8,-1.86,25213,1084.0,43.0,43.65,45.65,41.0,10.8,,3.89,,,,,
1116,4510,高鋒,櫃,10/06,,42.15,-0.5,-1.17,475,20.1,42.65,42.85,42.85,42.15,1.64,44.4,2.44,,,,,
1117,00737,國泰AI機器人,市,10/06,,42.13,0.5,1.2,509,21.4,41.63,41.8,42.15,41.8,0.84,,0.9988,,,,,
1118,3631,晟楠,櫃,10/06,,42.1,1.25,3.06,341,14.2,40.85,41.25,42.15,40.7,3.55,,2.88,,,,,
1119,6591,動力-KY,市,10/06,,42.1,-0.8,-1.86,148,6.25,42.9,43.6,43.6,41.7,4.43,13.2,0.8,,,,,
1120,1339,昭輝,市,10/06,,42.0,-0.7,-1.64,91,3.82,42.7,42.7,42.7,41.55,2.69,7.23,0.75,,,,,
1121,6163,華電網,櫃,10/06,,41.95,-1.45,-3.34,1148,48.4,43.4,43.0,43.05,41.65,3.23,47.7,2.13,,,,,
1122,00631L,元大台灣50正2,市,10/06,,41.89,0.35,0.84,127276,5302.0,41.54,41.83,41.89,41.33,1.35,,1.0005,,,,,
1123,1615,大山,市,10/06,,41.85,-0.4,-0.95,169,7.11,42.25,42.25,42.3,41.7,1.42,8.09,1.75,,,,,
1124,2498,宏達電,市,10/06,,41.8,-0.25,-0.59,3843,162.0,42.05,42.25,42.8,41.8,2.38,16.2,1.33,,,,,
1125,3033,威健,市,10/06,,41.8,-0.6,-1.42,2373,99.5,42.4,42.4,42.4,41.75,1.53,8.67,1.72,,,,,
1126,3285,微端,櫃,10/06,,41.8,-0.15,-0.36,24,1.01,41.95,41.95,42.3,41.75,1.31,22.7,2.85,,,,,
1127,6754,匯僑設計,市,10/06,,41.75,0.75,1.83,11,0.46,41.0,40.1,41.75,40.05,4.15,12.7,1.27,,,,,
1128,6856,鑫傳,櫃,10/06,,41.75,0.0,0.0,0,0.0,41.75,41.75,41.75,41.75,0.0,13.9,1.64,,,,,
1129,00694B,富邦美債1-3,櫃,10/06,,41.65,-0.01,-0.02,177,7.37,41.66,41.6,41.65,41.58,0.17,,1.0007,,,,,
1130,5489,彩富,櫃,10/06,,41.65,-0.05,-0.12,26,1.09,41.7,41.7,42.2,41.5,1.68,19.3,1.84,,,,,
1131,2618,長榮航,市,10/06,,41.55,-0.35,-0.84,15337,641.0,41.9,41.9,42.4,41.5,2.15,8.77,1.61,,,,,
1132,2887,台新新光金,市,10/06,,41.45,0.6,1.47,23620,973.0,40.85,40.95,41.65,40.9,1.84,14.8,1.53,,,,,
1133,5258,虹堡,市,10/06,,41.45,-0.05,-0.12,172,7.19,41.5,42.0,42.05,41.45,1.45,9.44,1.02,,,,,
1134,4741,泓瀚,櫃,10/06,,41.4,0.9,2.22,104,4.25,40.5,40.7,41.7,39.5,5.43,34.2,1.55,,,,,
1135,7855,和運租車,市,10/06,,41.4,0.1,0.24,709,29.3,41.3,41.3,41.5,41.2,0.73,,1.26,,,,,
1136,1591,駿吉-KY,櫃,10/06,,41.35,-0.5,-1.19,192,7.97,41.85,42.9,42.9,41.05,4.42,,3.51,,,,,
1137,020025,統一亞洲半導體N,櫃,10/06,,41.3,-0.52,-1.24,15,0.62,41.82,41.21,41.3,41.21,0.22,,0.9843,,,,,
1138,6968,萬達寵物,櫃,10/06,,41.3,0.0,0.0,33,1.36,41.3,41.3,41.4,41.1,0.73,16.2,1.55,,,,,
1139,4127,天良,櫃,10/06,,41.2,-2.1,-4.85,536,22.3,43.3,42.5,42.85,40.25,6.0,27.3,3.63,,,,,
1140,4305,世坤,櫃,10/06,,41.2,-0.35,-0.84,2,0.08,41.55,41.55,41.55,41.2,0.84,8.46,1.88,,,,,
1141,6180,橘子,櫃,10/06,,41.2,-0.15,-0.36,232,9.52,41.35,41.0,41.5,40.75,1.81,,1.82,,,,,
1142,8077,洛碁,櫃,10/06,,41.2,-0.3,-0.72,2,0.08,41.5,41.05,41.2,41.05,0.36,6.08,1.71,,,,,
1143,2392,正崴,市,10/06,,41.15,-0.4,-0.96,1072,44.5,41.55,41.65,42.0,41.15,2.05,5.3,0.67,,,,,
1144,00947,台新臺灣IC設計,市,10/06,,41.13,-0.17,-0.41,7736,318.0,41.3,41.35,41.44,40.84,1.45,,0.9983,,,,,
1145,00701,國泰股利精選30,市,10/06,,41.1,0.08,0.2,231,9.49,41.02,41.02,41.22,40.92,0.73,,0.9942,,,,,
1146,2013,中鋼構,市,10/06,,41.1,0.0,0.0,49,2.03,41.1,41.05,41.4,41.05,0.85,12.6,1.49,,,,,
1147,8349,恒耀,櫃,10/06,,41.1,0.95,2.37,230,9.41,40.15,40.15,41.2,40.15,2.62,16.7,1.18,,,,,
1148,1722,台肥,市,10/06,,41.05,0.2,0.49,1760,72.2,40.85,41.0,41.2,40.9,0.73,48.9,0.76,,,,,
1149,6697,東捷資訊,櫃,10/06,,41.05,-0.05,-0.12,15,0.62,41.1,41.0,41.05,41.0,0.12,13.5,1.86,,,,,
1150,6763,綠界科技*,櫃,10/06,,41.05,-0.05,-0.12,113,4.65,41.1,41.25,41.25,41.0,0.61,9.96,2.53,,,,,
1151,1786,科妍,市,10/06,,41.0,-0.5,-1.2,295,12.1,41.5,41.05,41.35,40.6,1.81,17.2,1.67,,,,,
1152,8367,建新國際,市,10/06,,41.0,0.25,0.61,39,1.58,40.75,40.3,41.0,40.1,2.21,13.0,1.16,,,,,
1153,00653L,富邦印度正2,市,10/06,,40.94,0.28,0.69,234,9.53,40.66,40.73,40.95,40.65,0.74,,0.9995,,,,,
1154,3114,好德,櫃,10/06,,40.85,-2.75,-6.31,6981,305.0,43.6,47.95,47.95,40.0,18.2,13.0,1.6,,,,,
1155,7770,君曜,櫃,10/06,,40.85,-1.15,-2.74,24,0.99,42.0,41.65,41.65,40.85,1.9,16.3,2.16,,,,,
1156,8916,光隆,櫃,10/06,,40.85,-0.1,-0.24,28,1.16,40.95,40.9,40.95,40.8,0.37,14.1,1.21,,,,,
1157,9906,欣巴巴,市,10/06,,40.8,1.95,5.02,155,6.2,38.85,39.85,41.3,38.9,6.18,11.9,2.43,,,,,
1158,00927,群益半導體收益,市,10/06,,40.72,-0.1,-0.24,50286,2046.0,40.82,41.0,41.0,40.52,1.18,,1.0015,,,,,
1159,00859B,群益0-1年美債,櫃,10/06,,40.63,-0.01,-0.02,2851,116.0,40.64,40.64,40.65,40.56,0.22,,1.001,,,,,
1160,6405,悅城,市,10/06,,40.6,-1.3,-3.1,851,34.8,41.9,41.9,42.15,40.1,4.89,,0.81,,,,,
1161,8481,政伸,市,10/06,,40.6,-0.05,-0.12,16,0.65,40.65,40.65,40.85,40.55,0.74,12.0,1.59,,,,,
1162,6465,威潤,櫃,10/06,,40.5,-0.35,-0.86,222,9.05,40.85,41.55,41.55,40.5,2.57,11.8,3.29,,,,,
1163,2916,滿心,櫃,10/06,,40.4,-0.1,-0.25,32,1.31,40.5,40.5,40.5,40.4,0.25,10.4,1.7,,,,,
1164,3230,錦明,櫃,10/06,,40.4,-0.35,-0.86,585,23.7,40.75,41.45,41.45,40.2,3.07,,3.86,,,,,
1165,8942,森鉅,櫃,10/06,,40.2,0.35,0.88,207,8.33,39.85,40.0,40.55,39.9,1.63,7.58,0.78,,,,,
1166,8473,山林水,市,10/06,,40.1,-0.25,-0.62,420,16.8,40.35,40.55,40.65,39.65,2.48,11.6,1.05,,,,,
1167,2945,三商家購,市,10/06,,40.0,0.05,0.13,15,0.58,39.95,39.7,40.0,39.5,1.25,21.6,1.4,,,,,
1168,6542,隆中,櫃,10/06,,40.0,0.5,1.27,2,0.08,39.5,40.0,40.0,40.0,0.0,88.9,2.33,,,,,
1169,2491,吉祥全,市,10/06,,39.95,-0.1,-0.25,583,23.4,40.05,40.05,40.5,39.55,2.37,1.25,0.8,,,,,
1170,6184,大豐電,市,10/06,,39.9,-0.2,-0.5,52,2.09,40.1,40.0,40.0,39.85,0.37,17.2,1.28,,,,,
1171,8908,欣雄,櫃,10/06,,39.9,0.05,0.13,10,0.39,39.85,39.8,40.0,39.8,0.5,18.8,3.06,,,,,
1172,1817,凱撒衛,市,10/06,,39.8,0.05,0.13,23,0.93,39.75,39.75,39.95,39.7,0.63,7.93,1.25,,,,,
1173,3287,廣寰科,櫃,10/06,,39.75,-0.8,-1.97,347,13.9,40.55,40.55,40.55,39.75,1.97,4.99,2.16,,,,,
1174,4116,明基醫,櫃,10/06,,39.75,-0.25,-0.62,27,1.09,40.0,40.0,40.1,39.55,1.38,15.0,1.61,,,,,
1175,1712,興農,市,10/06,,39.7,0.05,0.13,296,11.8,39.65,39.65,39.95,39.6,0.88,15.0,2.03,,,,,
1176,2433,互盛電,市,10/06,,39.65,-0.35,-0.88,96,3.82,40.0,40.0,40.0,39.6,1.0,13.2,1.76,,,,,
1177,2816,旺旺保,市,10/06,,39.65,-0.05,-0.13,132,5.26,39.7,39.75,39.95,39.65,0.76,3.45,0.92,,,,,
1178,3704,合勤控,市,10/06,,39.55,-0.5,-1.25,1232,49.1,40.05,40.2,40.35,39.55,2.0,11.8,1.33,,,,,
1179,2009,第一銅,市,10/06,,39.5,0.3,0.77,686,27.0,39.2,39.4,39.55,39.05,1.28,38.0,1.62,,,,,
1180,1229,聯華,市,10/06,,39.45,-0.2,-0.5,2142,84.6,39.65,39.7,39.7,39.4,0.76,16.1,1.12,,,,,
1181,9925,新保,市,10/06,,39.45,0.05,0.13,132,5.2,39.4,39.4,39.5,39.35,0.38,13.1,1.05,,,,,
1182,2489,瑞軒,市,10/06,,39.4,-1.0,-2.48,11376,452.0,40.4,40.5,40.55,39.4,2.85,28.6,1.82,,,,,
1183,3207,耀勝,櫃,10/06,,39.4,-0.6,-1.5,242,9.66,40.0,40.05,40.4,39.4,2.5,,1.53,,,,,
1184,8249,菱光,市,10/06,,39.4,-1.1,-2.72,223,8.83,40.5,40.2,40.35,39.0,3.33,15.5,0.77,,,,,
1185,2718,全心投控,櫃,10/06,,39.35,-0.95,-2.36,28,1.09,40.3,39.6,39.6,39.35,0.62,3.75,0.55,,,,,
1186,4706,大恭,櫃,10/06,,39.25,3.55,9.94,186,7.24,35.7,38.4,39.25,36.1,8.82,35.0,2.0,,,,,
1187,6609,瀧澤科,櫃,10/06,,39.1,0.05,0.13,49,1.9,39.05,38.9,39.2,38.65,1.41,,1.19,,,,,
1188,6952,大武山,市,10/06,,39.1,0.35,0.9,11,0.44,38.75,38.75,39.1,38.75,0.9,31.0,1.8,,,,,
1189,9938,百和,市,10/06,,39.1,1.2,3.17,1422,55.2,37.9,38.0,39.35,37.9,3.83,12.0,0.89,,,,,
1190,006205,富邦上証,市,10/06,,39.09,0.13,0.33,83,3.26,38.96,39.17,39.17,39.03,0.36,,0.9919,,,,,
1191,5392,能率,櫃,10/06,,39.05,-0.15,-0.38,702,27.7,39.2,39.9,40.2,39.05,2.93,57.4,1.18,,,,,
1192,6243,迅杰,市,10/06,,39.0,-1.2,-2.99,297,11.7,40.2,40.6,40.6,39.0,3.98,,2.4,,,,,
1193,1618,合機,市,10/06,,38.95,0.05,0.13,241,9.41,38.9,38.9,39.3,38.8,1.29,8.01,1.11,,,,,
1194,5906,台南-KY,市,10/06,,38.95,0.0,0.0,1,0.04,38.95,38.95,38.95,38.95,0.0,974.0,2.67,,,,,
1195,2483,百容,市,10/06,,38.85,-1.85,-4.55,6072,240.0,40.7,41.4,41.5,38.0,8.6,155.0,1.53,,,,,
1196,5864,致和證,櫃,10/06,,38.85,-0.95,-2.39,5040,198.0,39.8,40.35,40.8,38.7,5.28,3.11,1.37,,,,,
1197,00727B,國泰優選非投等債,櫃,10/06,,38.81,-0.03,-0.08,165,6.4,38.84,38.8,38.81,38.7,0.28,,1.0001,,,,,
1198,4160,訊聯基因,櫃,10/06,,38.8,0.4,1.04,16,0.62,38.4,38.95,39.0,38.4,1.56,57.1,2.1,,,,,
1199,00891,中信關鍵半導體,市,10/06,,38.77,-0.04,-0.1,9908,384.0,38.81,38.91,38.91,38.58,0.85,,1.0013,,,,,
1200,1605,華新,市,10/06,,38.75,0.35,0.91,14151,547.0,38.4,38.75,39.0,38.25,1.95,11.7,0.84,,,,,
1201,4568,科際精密,櫃,10/06,,38.75,-0.3,-0.77,4,0.16,39.05,39.0,39.0,38.65,0.9,21.3,1.16,,,,,
1202,2748,雲品,市,10/06,,38.65,0.05,0.13,51,1.98,38.6,38.8,38.8,38.65,0.39,15.3,1.38,,,,,
1203,1783,和康生,市,10/06,,38.6,1.7,4.61,95,3.63,36.9,37.9,38.75,37.5,3.39,11.9,2.31,,,,,
1204,2892,第一金,市,10/06,,38.55,0.5,1.31,13123,503.0,38.05,37.95,38.6,37.95,1.71,18.0,1.84,,,,,
1205,00709,富邦歐洲,市,10/06,,38.5,0.04,0.1,78,3.01,38.46,38.49,38.5,38.43,0.18,,0.9834,,,,,
1206,3059,華晶科,市,10/06,,38.5,0.25,0.65,1595,61.6,38.25,38.6,39.15,38.35,2.09,30.6,1.16,,,,,
1207,5484,慧友,市,10/06,,38.5,-0.2,-0.52,170,6.57,38.7,38.65,38.7,38.45,0.65,28.3,4.66,,,,,
1208,2495,普安,市,10/06,,38.4,-0.05,-0.13,1081,41.7,38.45,39.0,39.0,38.2,2.08,18.8,2.32,,,,,
1209,1609,大亞,市,10/06,,38.35,0.15,0.39,2576,98.6,38.2,38.4,38.45,38.05,1.05,14.2,1.61,,,,,
1210,4545,銘鈺,市,10/06,,38.35,-1.45,-3.64,240,9.34,39.8,40.05,40.05,38.35,4.27,45.1,1.52,,,,,
1211,3176,基亞,櫃,10/06,,38.25,0.0,0.0,449,17.3,38.25,38.55,39.25,38.2,2.75,,3.61,,,,,
1212,2417,圓剛,市,10/06,,38.2,-0.3,-0.78,356,13.7,38.5,38.5,38.5,38.2,0.78,27.3,1.77,,,,,
1213,2542,興富發,市,10/06,,38.2,0.15,0.39,6430,246.0,38.05,38.1,38.55,37.95,1.58,8.84,1.63,,,,,
1214,4735,豪展,櫃,10/06,,38.2,2.15,5.96,307,11.6,36.05,36.45,39.05,36.45,7.21,6.36,1.3,,,,,
1215,6843,進典,櫃,10/06,,38.2,-0.1,-0.26,10,0.38,38.3,38.45,38.45,38.0,1.17,20.3,1.53,,,,,
1216,2348A,海悅甲特,市,10/06,,38.15,-0.15,-0.39,24,0.92,38.3,38.25,38.25,38.15,0.26,,,,,,,
1217,4584,君帆,櫃,10/06,,38.1,0.35,0.93,7,0.28,38.0,37.75,39.85,37.75,5.56,15.4,1.09,,,,,
1218,4754,國碳科,櫃,10/06,,38.1,0.15,0.4,6,0.24,37.95,38.0,38.1,37.9,0.53,11.8,2.15,,,,,
1219,5215,科嘉-KY,市,10/06,,38.1,0.45,1.2,21,0.79,37.65,37.5,38.1,37.5,1.59,9.69,0.67,,,,,
1220,9960,邁達康,櫃,10/06,,38.05,0.0,0.0,2,0.08,38.05,38.05,38.05,38.05,0.0,16.7,1.81,,,,,
1221,2543,皇昌,市,10/06,,38.0,-0.05,-0.13,909,34.6,38.05,38.1,38.3,37.95,0.92,13.5,2.09,,,,,
1222,6234,高僑,櫃,10/06,,38.0,-0.85,-2.19,269,10.3,38.85,39.05,39.05,38.0,2.7,37.3,1.36,,,,,
1223,6624,萬年清,櫃,10/06,,38.0,-1.5,-3.8,8,0.3,39.5,39.35,39.35,36.9,6.2,48.7,1.72,,,,,
1224,6931,青松健康,市,10/06,,37.95,-0.1,-0.26,78,2.97,38.05,37.55,38.1,37.55,1.45,10.1,1.94,,,,,
1225,6148,驊宏資,櫃,10/06,,37.7,1.4,3.86,5346,209.0,36.3,36.75,39.9,36.75,8.68,35.6,3.16,,,,,
1226,9924,福興,市,10/06,,37.7,-0.2,-0.53,106,4.04,37.9,37.9,38.1,37.7,1.06,10.4,0.83,,,,,
1227,2883,凱基金,市,10/06,,37.65,0.35,0.94,31272,1179.0,37.3,37.4,38.0,37.35,1.74,12.2,1.49,,,,,
1228,5244,弘凱,市,10/06,,37.65,0.2,0.53,444,17.0,37.45,38.2,39.2,37.5,4.54,,1.46,,,,,
1229,6649,台生材,櫃,10/06,,37.65,0.5,1.35,157,5.86,37.15,37.15,38.65,37.1,4.17,43.3,2.46,,,,,
1230,00860B,群益1-5Y投資級債,櫃,10/06,,37.64,-0.04,-0.11,133,5.02,37.68,37.68,37.69,37.64,0.13,,0.9999,,,,,
1231,4976,佳凌,市,10/06,,37.6,0.2,0.53,1831,69.2,37.4,37.7,38.4,37.3,2.94,,2.61,,,,,
1232,6101,寬魚國際,櫃,10/06,,37.6,0.25,0.67,308,11.6,37.35,37.8,37.8,37.3,1.34,27.6,3.2,,,,,
1233,00912,中信臺灣智慧50,市,10/06,,37.55,0.14,0.37,1333,50.0,37.41,37.53,37.56,37.38,0.48,,1.0019,,,,,
1234,3501,維熹,市,10/06,,37.55,-0.25,-0.66,91,3.42,37.8,37.85,37.85,37.55,0.79,21.7,0.63,,,,,
1235,6179,亞通,櫃,10/06,,37.55,1.8,5.03,7833,291.0,35.75,36.1,38.0,35.6,6.71,45.8,1.78,,,,,
1236,5878,台名,櫃,10/06,,37.5,0.0,0.0,5,0.2,37.5,37.7,37.7,37.5,0.53,14.9,1.81,,,,,
1237,6235,華孚,市,10/06,,37.5,-0.85,-2.22,609,23.0,38.35,38.0,38.25,37.5,1.96,23.3,1.49,,,,,
1238,2409,友達,市,10/06,,37.45,-1.6,-4.1,496835,18851.0,39.05,39.25,39.5,37.15,6.02,139.0,1.83,,,,,
1239,6504,南六,市,10/06,,37.4,0.35,0.94,81,3.05,37.05,37.5,38.05,37.1,2.56,32.5,0.78,,,,,
1240,7777,能率亞洲,櫃,10/06,,37.4,-1.1,-2.86,3184,122.0,38.5,39.35,40.7,37.05,9.48,30.7,2.99,,,,,
1241,6790,永豐實,市,10/06,,37.35,0.1,0.27,89,3.32,37.25,37.3,37.4,37.2,0.54,12.2,1.79,,,,,
1242,4909,新復興,櫃,10/06,,37.3,0.0,0.0,1183,44.7,37.3,37.8,38.65,37.0,4.42,48.4,1.37,,,,,
1243,2030,彰源,市,10/06,,37.25,0.35,0.95,4541,168.0,36.9,37.65,37.65,36.05,4.34,19.0,1.93,,,,,
1244,2948,寶陞,櫃,10/06,,37.25,0.0,0.0,0,0.02,37.25,37.25,37.25,37.25,0.0,17.2,1.13,,,,,
1245,2002A,中鋼特,市,10/06,,37.2,-0.05,-0.13,16,0.58,37.25,37.4,37.4,37.2,0.54,,,,,,,
1246,00849B,中信EM主權債0-5,櫃,10/06,,37.13,0.01,0.03,224,8.31,37.12,37.01,37.15,37.01,0.38,,1.0004,,,,,
1247,00856B,永豐1-3年美公債,櫃,10/06,,37.09,-0.05,-0.13,2,0.06,37.14,37.09,37.09,37.09,0.0,,0.9946,,,,,
1248,2605,新興,市,10/06,,36.95,1.8,5.12,18808,691.0,35.15,35.15,37.3,35.05,6.4,7.54,1.12,,,,,
1249,6887,寶綠特-KY,市,10/06,,36.95,-0.6,-1.6,37,1.36,37.55,36.95,37.2,36.5,1.86,8.42,0.91,,,,,
1250,00888,永豐台灣ESG,櫃,10/06,,36.87,-0.09,-0.24,7430,274.0,36.96,37.0,37.05,36.71,0.92,,0.9981,,,,,
1251,00858,永豐美國500大,櫃,10/06,,36.66,0.36,0.99,585,21.4,36.3,36.44,36.68,36.44,0.66,,1.0011,,,,,
1252,2520,冠德,市,10/06,,36.65,0.0,0.0,480,17.6,36.65,36.65,36.9,36.4,1.36,11.0,0.91,,,,,
1253,006206,元大上證50,市,10/06,,36.55,0.03,0.08,20,0.73,36.52,37.03,37.03,36.55,1.31,,0.9919,,,,,
1254,00741B,富邦全球非投等債,櫃,10/06,,36.53,0.01,0.03,139,5.08,36.52,36.4,36.54,36.4,0.38,,1.0014,,,,,
1255,2425,承啟,市,10/06,,36.5,-0.75,-2.01,613,22.5,37.25,37.2,37.2,36.5,1.88,20.6,1.4,,,,,
1256,2387,精元,市,10/06,,36.4,0.25,0.69,357,12.9,36.15,36.2,36.5,36.0,1.38,12.3,0.67,,,,,
1257,8032,光菱,櫃,10/06,,36.4,0.25,0.69,71,2.6,36.15,36.4,36.8,36.15,1.8,10.4,0.86,,,,,
1258,2739,寒舍,市,10/06,,36.3,0.05,0.14,21,0.76,36.25,36.9,36.9,36.2,1.93,9.01,2.03,,,,,
1259,6103,合邦,櫃,10/06,,36.3,0.4,1.11,9,0.34,35.9,36.0,36.3,36.0,0.84,90.8,3.3,,,,,
1260,5538,東明-KY,市,10/06,,36.25,-0.95,-2.55,102,3.72,37.2,37.2,37.2,36.2,2.69,8.33,0.91,,,,,
1261,6111,光聚晶電,櫃,10/06,,36.25,-0.75,-2.03,114,4.15,37.0,37.0,37.0,36.2,2.16,,1.75,,,,,
1262,1608,華榮,市,10/06,,36.2,0.35,0.98,1230,44.4,35.85,36.15,36.3,35.8,1.39,3.14,1.36,,,,,
1263,2324,仁寶,市,10/06,,35.9,0.1,0.28,20010,719.0,35.8,36.05,36.15,35.7,1.26,18.3,1.11,,,,,
1264,6614,資拓宏宇,市,10/06,,35.9,0.6,1.7,48,1.71,35.3,35.2,36.0,35.15,2.41,17.8,1.9,,,,,
1265,1436,華友聯,市,10/06,,35.85,0.25,0.7,149,5.39,35.6,36.25,36.4,35.8,1.69,12.4,1.25,,,,,
1266,3685,元創精密,櫃,10/06,,35.85,-0.25,-0.69,1213,43.6,36.1,35.75,36.8,35.2,4.43,,3.89,,,,,
1267,6474,華豫寧,櫃,10/06,,35.8,0.15,0.42,26,0.93,35.65,35.65,35.8,35.65,0.42,10.5,1.11,,,,,
1268,7753,星亞,櫃,10/06,,35.7,0.05,0.14,17,0.61,35.65,35.9,35.9,35.6,0.84,8.11,1.57,,,,,
1269,6743,安普新,市,10/06,,35.65,0.05,0.14,605,21.8,35.6,35.75,36.25,35.6,1.83,,2.31,,,,,
1270,00928,中信上櫃ESG30,櫃,10/06,,35.63,0.02,0.06,477,17.0,35.61,35.9,35.9,35.18,2.02,,0.9966,,,,,
1271,2065,世豐,櫃,10/06,,35.55,0.0,0.0,50,1.77,35.55,35.6,35.75,35.4,0.98,9.33,1.25,,,,,
1272,00740B,富邦全球投等債,櫃,10/06,,35.51,-0.18,-0.5,2164,76.8,35.69,35.6,35.6,35.45,0.42,,0.9999,,,,,
1273,1102,亞泥,市,10/06,,35.45,0.3,0.85,6938,245.0,35.15,35.1,35.6,34.95,1.85,9.21,0.68,,,,,
1274,1423,利華,市,10/06,,35.45,0.95,2.75,6,0.2,34.5,34.15,35.45,34.15,3.77,10.4,1.03,,,,,
1275,020000,富邦特選蘋果N,市,10/06,,35.36,0.31,0.88,1,0.04,34.08,35.36,35.36,35.36,0.0,,1.0046,,,,,
1276,3297,杭特,櫃,10/06,,35.3,3.2,9.97,956,33.4,32.1,33.0,35.3,33.0,7.17,39.2,2.1,,,,,
1277,8222,寶一,市,10/06,,35.25,-0.15,-0.42,82,2.89,35.4,35.4,35.4,35.1,0.85,26.1,2.59,,,,,
1278,6237,驊訊,櫃,10/06,,35.2,-0.4,-1.12,177,6.32,35.6,35.7,36.0,35.2,2.25,,1.92,,,,,
1279,00878,國泰永續高股息,市,10/06,,35.17,0.06,0.17,22872,804.0,35.11,35.12,35.23,35.09,0.4,,1.0006,,,,,
1280,00780B,國泰A級金融債,櫃,10/06,,35.12,-0.1,-0.28,110,3.86,35.22,35.18,35.18,35.09,0.26,,0.9974,,,,,
1281,7821,神數,市,10/06,,35.1,-0.05,-0.14,98,3.43,35.15,35.05,35.1,34.75,1.0,10.7,1.59,,,,,
1282,8415,大國鋼,櫃,10/06,,35.1,0.0,0.0,224,7.86,35.1,35.15,35.2,35.0,0.57,8.78,1.23,,,,,
1283,4420,光明,櫃,10/06,,35.0,-0.2,-0.57,45,1.59,35.2,35.45,35.45,35.0,1.28,26.1,1.0,,,,,
1284,00877,復華中國5G,櫃,10/06,,34.89,0.02,0.06,861,30.0,34.87,34.92,34.92,34.83,0.26,,0.9969,,,,,
1285,1612,宏泰,市,10/06,,34.85,-0.15,-0.43,486,17.0,35.0,35.05,35.2,34.85,1.0,8.96,1.18,,,,,
1286,6151,晉倫,櫃,10/06,,34.85,-0.25,-0.71,67,2.34,35.1,34.8,35.3,34.6,1.99,14.9,1.87,,,,,
1287,00763U,期街口道瓊銅,市,10/06,,34.74,0.38,1.11,358,12.5,34.36,34.79,34.91,34.74,0.49,,0.9986,,,,,
1288,8038,長園科,櫃,10/06,,34.65,-0.75,-2.12,120,4.21,35.4,35.6,35.6,34.5,3.11,43.9,4.47,,,,,
1289,00924,復華S&P500成長,市,10/06,,34.32,0.28,0.82,1173,40.2,34.04,34.22,34.34,34.22,0.35,,0.9956,,,,,
1290,6560,欣普羅,櫃,10/06,,34.3,3.1,9.94,146,4.98,31.2,33.8,34.3,33.05,4.01,28.1,1.7,,,,,
1291,8213,志超,市,10/06,,34.3,0.45,1.33,489,16.7,33.85,33.95,34.35,33.85,1.48,17.5,0.55,,,,,
1292,8905,裕國,櫃,10/06,,34.3,-0.2,-0.58,3,0.1,34.5,34.3,34.3,34.3,0.0,40.4,1.44,,,,,
1293,6418,詠昇,櫃,10/06,,34.25,0.1,0.29,43,1.48,34.15,33.95,34.4,33.95,1.32,90.1,2.3,,,,,
1294,3031,佰鴻,市,10/06,,34.2,1.3,3.95,14335,480.0,32.9,33.4,34.6,31.05,10.8,37.2,2.05,,,,,
1295,6657,華安,市,10/06,,34.2,1.2,3.64,418,14.4,33.0,33.2,35.5,33.2,6.97,,4.22,,,,,
1296,9931,欣高,市,10/06,,34.2,0.35,1.03,21,0.71,33.85,33.85,34.2,33.8,1.18,11.9,1.06,,,,,
1297,00918,大華優利高填息30,市,10/06,,34.14,0.25,0.74,28288,964.0,33.89,33.95,34.15,33.95,0.59,,0.998,,,,,
1298,3652,精聯,市,10/06,,34.1,-1.6,-4.48,204,7.11,35.7,36.0,36.05,34.1,5.46,16.6,1.33,,,,,
1299,5902,德記,櫃,10/06,,34.05,-0.05,-0.15,415,14.2,34.1,34.0,34.55,33.85,2.05,16.3,2.6,,,,,
1300,1725,元禎,市,10/06,,34.0,-0.15,-0.44,85,2.91,34.15,34.2,34.45,33.95,1.46,13.9,0.72,,,,,
1301,2596,綠意,櫃,10/06,,34.0,-0.3,-0.87,89,3.04,34.3,34.8,34.8,33.65,3.35,12.5,1.58,,,,,
1302,3206,志豐,櫃,10/06,,34.0,0.0,0.0,17,0.58,34.0,33.8,34.0,33.7,0.88,19.7,1.29,,,,,
1303,6242,立康,櫃,10/06,,33.85,0.0,0.0,6,0.21,33.85,33.9,33.9,33.85,0.15,14.0,1.28,,,,,
1304,00846B,富邦歐洲銀行債,櫃,10/06,,33.84,-0.04,-0.12,122,4.13,33.88,33.64,33.85,33.64,0.62,,0.9987,,,,,
1305,00697B,元大美債7-10,櫃,10/06,,33.8,-0.11,-0.32,440,14.8,33.91,33.86,33.86,33.73,0.38,,0.9994,,,,,
1306,4526,東台,市,10/06,,33.75,0.25,0.75,3361,114.0,33.5,33.55,34.7,33.1,4.78,,1.7,,,,,
1307,1762,中化生,市,10/06,,33.7,0.0,0.0,37,1.26,33.7,34.3,34.3,33.55,2.23,,0.81,,,,,
1308,3040,遠見,市,10/06,,33.7,-0.2,-0.59,381,12.7,33.9,33.5,33.7,32.95,2.21,,1.53,,,,,
1309,6477,安集,市,10/06,,33.7,-0.35,-1.03,500,16.9,34.05,34.3,34.3,33.7,1.76,1123.0,1.32,,,,,
1310,6492,生華科,櫃,10/06,,33.7,-0.15,-0.44,102,3.46,33.85,34.3,34.3,33.7,1.77,,4.88,,,,,
1311,2524,京城,市,10/06,,33.65,0.0,0.0,80,2.68,33.65,33.6,34.15,33.6,1.63,41.0,0.58,,,,,
1312,3716,中化控股,市,10/06,,33.65,-0.05,-0.15,177,5.94,33.7,33.75,33.8,33.6,0.59,8.21,0.64,,,,,
1313,00695B,富邦美債7-10,櫃,10/06,,33.5,-0.13,-0.39,372,12.4,33.63,33.5,33.5,33.38,0.36,,0.9979,,,,,
1314,2545,皇翔,市,10/06,,33.5,-0.5,-1.47,217,7.34,34.0,34.0,34.15,33.5,1.91,35.3,0.87,,,,,
1315,3095,及成,櫃,10/06,,33.5,0.0,0.0,4,0.14,33.5,33.05,33.5,33.05,1.34,13.8,2.7,,,,,
1316,2539,櫻花建,市,10/06,,33.45,-0.05,-0.15,1134,37.7,33.5,33.5,33.5,33.1,1.19,7.96,1.99,,,,,
1317,3597,映興,櫃,10/06,,33.45,3.0,9.85,604,20.2,30.45,33.45,33.45,33.45,0.0,41.8,2.2,,,,,
1318,7732,金興精密,市,10/06,,33.45,0.75,2.29,28,0.93,32.7,32.7,33.45,32.7,2.29,17.7,1.2,,,,,
1319,5410,國眾,櫃,10/06,,33.4,0.5,1.52,245,8.21,32.9,33.05,33.65,33.05,1.82,9.82,1.94,,,,,
1320,6541,泰福-KY,市,10/06,,33.35,1.9,6.04,1055,34.4,31.45,31.15,34.05,30.95,9.86,,1.78,,,,,
1321,6615,慧智,櫃,10/06,,33.35,-0.65,-1.91,52,1.76,34.0,33.95,34.25,33.35,2.65,50.5,1.11,,,,,
1322,4707,磐亞,櫃,10/06,,33.25,3.0,9.92,12586,409.0,30.25,30.35,33.25,30.3,9.75,25.8,1.62,,,,,
1323,6962,奕力-KY,市,10/06,,33.2,-0.7,-2.06,1843,61.8,33.9,34.25,34.3,33.2,3.24,22.3,0.82,,,,,
1324,7760,享溫馨,市,10/06,,33.15,0.35,1.07,54,1.78,32.8,32.8,33.15,32.5,1.98,46.7,1.04,,,,,
1325,7819,精誠金融,櫃,10/06,,33.1,-0.15,-0.45,35,1.16,33.25,33.25,33.25,33.1,0.45,17.2,1.4,,,,,
1326,6722,輝創,市,10/06,,33.05,0.0,0.0,41,1.34,33.05,33.25,33.25,32.7,1.66,16.0,1.15,,,,,
1327,009808,華南永昌優選50,市,10/06,,33.0,0.0,0.0,109,3.58,33.0,33.13,33.13,32.86,0.82,,0.9943,,,,,
1328,00773B,中信優先金融債,櫃,10/06,,32.98,-0.16,-0.48,1944,64.1,33.14,33.04,33.04,32.93,0.33,,0.9951,,,,,
1329,5465,富驊,櫃,10/06,,32.95,0.25,0.76,337,11.0,32.7,32.7,33.15,32.2,2.91,20.6,1.96,,,,,
1330,00746B,富邦A級公司債,櫃,10/06,,32.94,-0.14,-0.42,712,23.4,33.08,33.0,33.0,32.88,0.36,,1.0,,,,,
1331,00915,凱基優選高股息30,市,10/06,,32.9,0.04,0.12,1581,52.0,32.86,33.0,33.0,32.82,0.55,,0.9943,,,,,
1332,4935,茂林-KY,市,10/06,,32.9,-0.85,-2.52,121,4.01,33.75,33.35,33.8,32.85,2.81,24.7,0.53,,,,,
1333,6005,群益證,市,10/06,,32.75,-0.25,-0.76,7069,231.0,33.0,33.15,33.25,32.4,2.58,6.88,1.37,,,,,
1334,6807,峰源-KY,市,10/06,,32.75,0.7,2.18,7,0.23,32.05,31.55,32.75,31.55,3.74,11.2,0.7,,,,,
1335,00852L,國泰美國道瓊正2,市,10/06,,32.7,0.29,0.89,111,3.64,32.41,32.65,32.71,32.65,0.19,,0.9933,,,,,
1336,1570,力肯,櫃,10/06,,32.7,0.2,0.62,10,0.33,32.5,32.3,32.7,32.2,1.54,47.4,1.62,,,,,
1337,1702,南僑,市,10/06,,32.7,-0.1,-0.3,115,3.75,32.8,32.8,32.8,32.5,0.91,50.3,0.68,,,,,
1338,5009,榮剛,櫃,10/06,,32.7,0.25,0.77,1052,34.3,32.45,32.45,32.9,32.2,2.16,14.5,1.05,,,,,
1339,00722B,群益投資級電信債,櫃,10/06,,32.67,-0.23,-0.7,3586,117.0,32.9,32.81,32.81,32.62,0.58,,1.0002,,,,,
1340,6126,信音,櫃,10/06,,32.65,-0.75,-2.25,1268,41.4,33.4,33.0,33.1,32.35,2.25,41.3,1.15,,,,,
1341,00981A,主動統一台股增長,市,10/06,,32.6,-0.05,-0.15,120045,3912.0,32.65,32.8,32.85,32.42,1.32,,0.9936,,,,,
1342,00725B,國泰投資級公司債,櫃,10/06,,32.51,-0.12,-0.37,6401,208.0,32.63,32.55,32.55,32.42,0.4,,0.9969,,,,,
1343,00785B,富邦金融投等債,櫃,10/06,,32.49,-0.11,-0.34,55,1.77,32.6,32.33,32.5,32.33,0.52,,0.9999,,,,,
1344,1234,黑松,市,10/06,,32.45,0.05,0.15,284,9.14,32.4,32.4,32.45,32.1,1.08,19.8,0.71,,,,,
1345,1527,鑽全,市,10/06,,32.45,-0.35,-1.07,100,3.26,32.8,32.7,32.7,32.35,1.07,15.4,0.93,,,,,
1346,1321,大洋,市,10/06,,32.35,0.05,0.15,223,7.22,32.3,32.45,32.5,32.2,0.93,249.0,1.18,,,,,
1347,3669,圓展,市,10/06,,32.35,-0.45,-1.37,92,2.99,32.8,32.7,32.75,32.35,1.22,11.0,0.86,,,,,
1348,2617,台航,市,10/06,,32.3,0.2,0.62,1194,38.7,32.1,32.05,32.75,31.65,3.43,8.68,0.75,,,,,
1349,3224,三顧,櫃,10/06,,32.3,0.85,2.7,47,1.52,31.45,32.35,33.0,31.75,3.97,,1.81,,,,,
1350,5251,天鉞電,櫃,10/06,,32.3,2.9,9.86,1198,38.1,29.4,30.15,32.3,29.95,7.99,29.1,2.53,,,,,
1351,6259,百徽,櫃,10/06,,32.3,-0.85,-2.56,229,7.45,33.15,33.4,33.4,32.1,3.92,21.4,2.16,,,,,
1352,6835,圓裕,市,10/06,,32.25,0.25,0.78,20,0.65,32.0,32.0,32.25,31.4,2.66,108.0,1.2,,,,,
1353,1734,杏輝,市,10/06,,32.1,0.0,0.0,179,5.73,32.1,32.0,32.1,31.8,0.93,17.4,1.77,,,,,
1354,3354,律勝,櫃,10/06,,32.1,0.5,1.58,3230,104.0,31.6,32.2,34.0,30.6,10.8,,2.9,,,,,
1355,4148,全宇生技-KY,市,10/06,,32.1,0.35,1.1,13,0.42,31.75,31.6,32.1,31.6,1.57,11.6,0.78,,,,,
1356,6936,永鴻生技,市,10/06,,32.1,0.1,0.31,20,0.65,32.0,31.95,32.1,31.9,0.63,14.5,1.76,,,,,
1357,6212,理銘,櫃,10/06,,32.05,0.05,0.16,1,0.03,32.0,32.05,32.05,32.05,0.0,16.0,0.85,,,,,
1358,00736,國泰新興市場,市,10/06,,32.0,0.24,0.76,121,3.87,31.76,31.85,32.0,31.85,0.47,,0.991,,,,,
1359,5452,佶優,櫃,10/06,,32.0,2.0,6.67,6423,203.0,30.0,30.4,32.8,30.05,9.17,58.2,2.18,,,,,
1360,00848B,中信新興亞洲債,櫃,10/06,,31.98,-0.09,-0.28,211,6.75,32.07,31.97,31.98,31.96,0.06,,0.9965,,,,,
1361,00707R,期元大S&P日圓反1,市,10/06,,31.9,0.0,0.0,0,0.0,31.9,31.9,31.9,31.9,0.0,,0.9885,,,,,
1362,6593,台灣銘板,櫃,10/06,,31.9,0.1,0.31,21,0.65,31.8,31.65,31.95,31.6,1.1,,1.19,,,,,
1363,6730,常廣,櫃,10/06,,31.85,0.0,0.0,1,0.03,31.85,31.85,31.85,31.85,0.0,16.8,1.56,,,,,
1364,8121,越峰,櫃,10/06,,31.85,-0.65,-2.0,1137,36.2,32.5,32.4,32.65,31.3,4.15,,3.35,,,,,
1365,00919,群益台灣精選高息,市,10/06,,31.8,0.17,0.54,45043,1430.0,31.63,31.65,31.83,31.63,0.63,,1.0,,,,,
1366,3294,英濟,櫃,10/06,,31.8,-0.55,-1.7,530,17.0,32.35,32.3,32.5,31.5,3.09,,1.79,,,,,
1367,00834B,第一金金融債10+,櫃,10/06,,31.72,-0.15,-0.47,133,4.22,31.87,31.77,31.77,31.72,0.16,,0.9936,,,,,
1368,1235,興泰,市,10/06,,31.7,0.9,2.92,22,0.67,30.8,30.8,31.7,30.5,3.9,,0.55,,,,,
1369,1593,祺驊,櫃,10/06,,31.65,0.25,0.8,13,0.41,31.4,31.3,31.65,31.2,1.43,8.05,0.92,,,,,
1370,3434,哲固,櫃,10/06,,31.6,0.6,1.94,162,5.14,31.0,31.8,32.1,31.2,2.9,83.2,2.42,,,,,
1371,2406,國碩,市,10/06,,31.55,0.1,0.32,9532,303.0,31.45,32.2,32.65,31.45,3.82,175.0,2.98,,,,,
1372,6194,育富,櫃,10/06,,31.55,1.5,4.99,227,7.2,30.05,30.9,32.3,30.9,4.66,27.9,0.78,,,,,
1373,00761B,國泰A級公司債,櫃,10/06,,31.53,-0.16,-0.5,310,9.77,31.69,31.65,31.65,31.5,0.47,,0.9961,,,,,
1374,1752,南光,市,10/06,,31.5,0.2,0.64,63,1.98,31.3,31.4,31.55,31.25,0.96,15.5,1.32,,,,,
1375,4942,嘉彰,市,10/06,,31.5,0.15,0.48,61,1.91,31.35,31.35,31.5,31.15,1.12,10.9,0.49,,,,,
1376,5604,中連,櫃,10/06,,31.5,-0.25,-0.79,13,0.4,31.75,31.7,31.75,31.35,1.26,30.0,1.75,,,,,
1377,2008,高興昌,市,10/06,,31.45,0.95,3.11,53,1.62,30.5,30.5,31.45,30.0,4.75,49.1,1.46,,,,,
1378,6582,申豐,市,10/06,,31.45,0.1,0.32,33,1.02,31.35,31.0,31.65,30.95,2.23,98.3,0.49,,,,,
1379,1568,倉佑,市,10/06,,31.4,-0.05,-0.16,256,8.01,31.45,31.45,31.75,31.05,2.23,16.6,1.7,,,,,
1380,2369,菱生,市,10/06,,31.4,-0.2,-0.63,2594,81.8,31.6,31.95,31.95,31.2,2.37,,2.39,,,,,
1381,2740,華軒,櫃,10/06,,31.4,0.45,1.45,2,0.05,30.95,31.4,31.4,31.4,0.0,,4.1,,,,,
1382,00778B,凱基金融債20+,櫃,10/06,,31.35,-0.22,-0.7,100,3.14,31.57,31.35,31.35,31.35,0.0,,0.9994,,,,,
1383,1808,潤隆,市,10/06,,31.35,0.0,0.0,483,15.2,31.35,31.35,31.6,31.25,1.12,7.39,2.03,,,,,
1384,1307,三芳,市,10/06,,31.3,0.45,1.46,591,18.5,30.85,30.9,31.8,30.8,3.24,9.34,1.25,,,,,
1385,8104,錸寶,市,10/06,,31.3,-0.05,-0.16,193,6.06,31.35,31.3,31.55,31.25,0.96,,1.08,,,,,
1386,00845B,富邦新興投等債,櫃,10/06,,31.25,0.03,0.1,237,7.41,31.22,31.08,31.28,31.08,0.64,,0.9971,,,,,
1387,1437,勤益控,市,10/06,,31.25,0.0,0.0,65,2.02,31.25,31.25,31.3,31.2,0.32,7.25,0.73,,,,,
1388,1614,三洋電,市,10/06,,31.25,0.4,1.3,40,1.25,30.85,30.85,31.35,30.8,1.78,24.8,1.43,,,,,
1389,00724B,群益投資級金融債,櫃,10/06,,31.22,-0.15,-0.48,3731,116.0,31.37,31.25,31.25,31.2,0.16,,0.9992,,,,,
1390,4153,鈺緯,櫃,10/06,,31.2,-0.2,-0.64,26,0.81,31.4,31.45,31.45,31.2,0.8,19.0,1.89,,,,,
1391,4303,信立,櫃,10/06,,31.2,-0.8,-2.5,978,30.8,32.0,32.15,32.15,31.2,2.97,3.38,0.87,,,,,
1392,6698,旭暉應材,市,10/06,,31.2,-0.15,-0.48,133,4.16,31.35,31.4,31.5,31.2,0.96,,2.09,,,,,
1393,3118,進階,櫃,10/06,,31.1,-0.1,-0.32,11,0.34,31.2,31.2,31.2,30.9,0.96,13.3,1.87,,,,,
1394,2353,宏碁,市,10/06,,31.05,-0.35,-1.11,15493,482.0,31.4,31.3,31.4,31.05,1.11,18.4,1.21,,,,,
1395,3380,明泰,市,10/06,,31.05,-0.25,-0.8,1677,52.5,31.3,31.6,31.75,31.0,2.4,222.0,1.83,,,,,
1396,00652,富邦印度,市,10/06,,31.0,0.1,0.32,141,4.38,30.9,31.0,31.07,30.91,0.52,,0.9977,,,,,
1397,00719B,元大美債1-3,櫃,10/06,,30.97,-0.01,-0.03,4116,127.0,30.98,31.0,31.0,30.94,0.19,,1.0003,,,,,
1398,2258,鴻華先進-創,市,10/06,,30.95,0.45,1.48,355,11.0,30.5,30.9,31.2,30.7,1.64,,4.75,,,,,
1399,00642U,期元大S&P石油,市,10/06,,30.9,-0.04,-0.13,674,20.8,30.94,30.76,30.98,30.7,0.9,,1.0181,,,,,
1400,020020,元大台股領航N,市,10/06,,30.86,-0.34,-1.09,22,0.68,31.2,31.34,31.34,30.86,1.54,,0.9967,,,,,
1401,00726B,國泰新興投等債,櫃,10/06,,30.84,-0.07,-0.23,152,4.7,30.91,30.8,30.85,30.8,0.16,,0.9971,,,,,
1402,00772B,中信高評級公司債,櫃,10/06,,30.8,-0.16,-0.52,4059,125.0,30.96,30.85,30.85,30.74,0.36,,0.9949,,,,,
1403,4123,晟德,櫃,10/06,,30.8,-0.05,-0.16,1079,33.3,30.85,30.85,31.15,30.6,1.78,22.8,1.35,,,,,
1404,4807,日成-KY,市,10/06,,30.8,-0.3,-0.96,408,12.9,31.1,31.8,32.6,30.4,7.07,11.1,1.54,,,,,
1405,5455,昇益,櫃,10/06,,30.8,0.0,0.0,1,0.04,30.8,30.8,30.8,30.8,0.0,,1.48,,,,,
1406,6221,晉泰,櫃,10/06,,30.8,0.7,2.33,2155,67.9,30.1,30.25,32.6,30.2,7.97,13.2,1.71,,,,,
1407,2504,國產,市,10/06,,30.75,-0.2,-0.65,1492,45.9,30.95,30.95,30.95,30.65,0.97,9.67,1.4,,,,,
1408,2941,米斯特,櫃,10/06,,30.75,0.0,0.0,0,0.0,30.75,30.75,30.75,30.75,0.0,13.1,1.37,,,,,
1409,6884,海柏特,櫃,10/06,,30.75,0.15,0.49,5,0.17,30.6,30.7,30.75,30.55,0.65,15.9,1.79,,,,,
1410,2312,金寶,市,10/06,,30.7,0.0,0.0,8031,248.0,30.7,31.2,31.55,30.6,3.09,25.6,1.91,,,,,
1411,2415,錩新,市,10/06,,30.65,2.75,9.86,1376,41.7,27.9,28.15,30.65,28.05,9.32,19.4,1.6,,,,,
1412,006207,復華滬深,市,10/06,,30.63,0.08,0.26,120,3.69,30.55,30.55,30.72,30.55,0.56,,0.9887,,,,,
1413,2371,大同,市,10/06,,30.6,0.45,1.49,11394,347.0,30.15,30.15,30.9,30.0,2.99,,1.3,,,,,
1414,4131,浩泰,櫃,10/06,,30.6,-0.25,-0.81,24,0.72,30.85,30.8,30.9,29.9,3.24,,4.27,,,,,
1415,6969,成信實業*-創,市,10/06,,30.55,-0.75,-2.4,148,4.63,31.3,31.3,31.9,30.55,4.31,382.0,2.76,,,,,
1416,7794,宏碁智新,櫃,10/06,,30.5,0.25,0.83,10,0.31,30.25,30.25,30.5,30.25,0.83,11.8,1.83,,,,,
1417,00720B,元大投資級公司債,櫃,10/06,,30.43,-0.18,-0.59,6742,205.0,30.61,30.51,30.53,30.38,0.49,,0.9994,,,,,
1418,1603,華電,市,10/06,,30.4,0.05,0.16,84,2.55,30.35,30.55,30.7,30.3,1.32,10.9,0.6,,,,,
1419,2429,銘旺科,市,10/06,,30.4,0.35,1.16,284,8.61,30.05,30.5,30.85,30.0,2.83,,3.66,,,,,
1420,8163,達方,市,10/06,,30.4,-0.3,-0.98,493,15.0,30.7,30.7,30.8,30.3,1.63,51.5,0.78,,,,,
1421,00655L,國泰中國A50正2,市,10/06,,30.35,0.05,0.17,250,7.59,30.3,30.38,30.54,30.34,0.66,,0.9987,,,,,
1422,2926,誠品生活,櫃,10/06,,30.35,0.25,0.83,3,0.09,30.1,29.75,30.35,29.75,1.99,48.2,2.34,,,,,
1423,4534,慶騰,櫃,10/06,,30.35,0.05,0.17,560,16.9,30.3,30.3,30.45,29.8,2.15,66.0,3.68,,,,,
1424,6270,倍微,櫃,10/06,,30.35,0.1,0.33,178,5.43,30.25,30.7,30.7,30.25,1.49,23.3,0.8,,,,,
1425,00750B,凱基科技債10+,櫃,10/06,,30.29,-0.18,-0.59,100,3.03,30.47,30.29,30.29,30.29,0.0,,0.9987,,,,,
1426,00786B,元大10年IG銀行債,櫃,10/06,,30.29,-0.13,-0.43,83,2.51,30.42,30.23,30.29,30.23,0.2,,0.9986,,,,,
1427,00730,富邦臺灣優質高息,市,10/06,,30.28,0.12,0.4,173,5.25,30.16,30.16,30.34,30.08,0.86,,0.9951,,,,,
1428,1533,車王電,市,10/06,,30.2,0.0,0.0,75,2.25,30.2,30.2,30.2,30.1,0.33,11.2,1.2,,,,,
1429,5523,豐謙,櫃,10/06,,30.2,0.0,0.0,152,4.57,30.2,30.1,30.3,30.1,0.66,,1.65,,,,,
1430,00934,中信成長高股息,市,10/06,,30.17,0.09,0.3,5078,153.0,30.08,30.39,30.39,30.09,1.0,,1.0017,,,,,
1431,00929,復華台灣科技優息,市,10/06,,30.15,0.1,0.33,21795,655.0,30.05,30.1,30.17,29.95,0.73,,0.9987,,,,,
1432,2460,建通,市,10/06,,30.1,-0.4,-1.31,222,6.73,30.5,30.3,30.5,30.0,1.64,,3.13,,,,,
1433,3323,加百裕,櫃,10/06,,30.1,-0.5,-1.63,467,14.1,30.6,30.65,30.65,29.75,2.94,,1.25,,,,,
1434,2105,正新,市,10/06,,30.05,-0.1,-0.33,2739,82.5,30.15,30.15,30.2,30.05,0.5,16.5,1.12,,,,,
1435,4560,強信-KY,市,10/06,,30.05,0.2,0.67,236,7.02,29.85,29.85,30.1,29.6,1.68,10.2,1.0,,,,,
1436,6994,富威電力,市,10/06,,30.05,-1.9,-5.95,1073,32.8,31.95,31.3,31.65,30.05,5.01,5.38,0.94,,,,,
1437,00755B,群益投資級公用債,櫃,10/06,,30.03,-0.19,-0.63,141,4.23,30.22,30.15,30.15,30.02,0.43,,0.9973,,,,,
1438,3623,富晶通,櫃,10/06,,30.0,-0.05,-0.17,169,5.07,30.05,30.0,30.3,29.95,1.16,31.9,2.33,,,,,
1439,00754B,群益AAA-AA公司債,櫃,10/06,,29.95,-0.25,-0.83,114,3.4,30.2,29.93,29.97,29.93,0.13,,1.0,,,,,
1440,4562,穎漢,市,10/06,,29.95,-0.05,-0.17,141,4.23,30.0,30.05,30.35,29.8,1.83,,2.89,,,,,
1441,00787B,元大10年IG醫療債,櫃,10/06,,29.9,-0.18,-0.6,14,0.42,30.08,29.92,29.94,29.89,0.17,,0.998,,,,,
1442,3465,進泰電子,櫃,10/06,,29.9,0.05,0.17,15,0.46,29.85,29.65,29.9,29.4,1.68,,1.35,,,,,
1443,1737,臺鹽,市,10/06,,29.85,-0.15,-0.5,193,5.78,30.0,30.1,30.1,29.8,1.0,15.3,0.89,,,,,
1444,5210,寶碩,櫃,10/06,,29.85,0.05,0.17,165,4.93,29.8,30.0,30.05,29.6,1.51,27.4,2.9,,,,,
1445,020001,富邦存股雙十N,櫃,10/06,,29.84,0.0,0.0,0,0.0,28.96,29.84,29.84,29.84,0.0,,1.0015,,,,,
1446,1733,五鼎,市,10/06,,29.8,-0.35,-1.16,137,4.1,30.15,30.35,30.4,29.75,2.16,15.7,1.6,,,,,
1447,4543,萬在,櫃,10/06,,29.8,-0.35,-1.16,73,2.19,30.15,30.3,30.3,29.8,1.66,11.6,0.96,,,,,
1448,5310,天剛,櫃,10/06,,29.8,0.1,0.34,44,1.32,29.7,29.6,31.6,29.0,8.75,14.8,2.58,,,,,
1449,7705,三商餐飲,市,10/06,,29.75,-0.1,-0.34,65,1.91,29.85,29.6,29.75,29.4,1.17,12.2,1.31,,,,,
1450,00674R,期元大S&P黃金反1,市,10/06,,29.68,0.13,0.44,63,1.87,29.55,29.52,29.68,29.52,0.54,,1.0075,,,,,
1451,00777B,凱基AAA至A公司債,櫃,10/06,,29.65,-0.21,-0.7,108,3.22,29.86,29.75,29.75,29.65,0.33,,1.0,,,,,
1452,00890B,凱基ESGBBB債15+,櫃,10/06,,29.64,-0.19,-0.64,122,3.63,29.83,29.62,29.64,29.62,0.07,,0.9997,,,,,
1453,1796,金穎生技,櫃,10/06,,29.6,0.1,0.34,6,0.18,29.5,29.8,29.8,29.5,1.02,70.5,1.57,,,,,
1454,7584,樂意,櫃,10/06,,29.6,1.1,3.86,12,0.34,28.5,28.85,30.95,28.85,7.37,,1.09,,,,,
1455,3630,新鉅科,櫃,10/06,,29.5,2.2,8.06,3847,111.0,27.3,27.3,29.9,27.15,10.1,,2.05,,,,,
1456,00775B,台新投等債15+,市,10/06,,29.36,-0.21,-0.71,84,2.47,29.57,29.32,29.36,29.3,0.2,,0.9956,,,,,
1457,6885,全福生技,市,10/06,,29.25,-0.05,-0.17,746,22.1,29.3,29.8,30.2,29.2,3.41,,2.52,,,,,
1458,6461,益得,櫃,10/06,,29.2,2.5,9.36,519,15.0,26.7,27.2,29.3,27.2,7.87,,3.6,,,,,
1459,1439,雋揚,市,10/06,,29.15,-0.15,-0.51,22,0.64,29.3,28.45,29.15,28.45,2.39,9.46,0.89,,,,,
1460,00749B,凱基新興債10+,櫃,10/06,,29.12,-0.16,-0.55,109,3.16,29.28,29.21,29.21,29.11,0.34,,0.9979,,,,,
1461,2101,南港,市,10/06,,29.1,0.4,1.39,1455,42.3,28.7,28.75,29.25,28.7,1.92,5.09,1.4,,,,,
1462,9908,大台北,市,10/06,,29.1,0.15,0.52,342,9.91,28.95,28.95,29.15,28.85,1.04,13.9,0.98,,,,,
1463,00863B,中信全球電信債,櫃,10/06,,29.07,-0.25,-0.85,209,6.06,29.32,29.05,29.07,29.02,0.17,,0.9951,,,,,
1464,4114,健喬,櫃,10/06,,29.05,0.0,0.0,525,15.3,29.05,29.1,29.2,29.05,0.52,18.9,1.68,,,,,
1465,5353,台林,櫃,10/06,,29.05,-0.45,-1.53,53,1.55,29.5,29.5,29.5,28.85,2.2,15.9,1.51,,,,,
1466,1721,國慶科技,市,10/06,,29.0,1.45,5.26,8728,248.0,27.55,28.5,30.0,27.4,9.44,,3.33,,,,,
1467,7814,海昌生技,櫃,10/06,,29.0,0.8,2.84,40,1.13,28.2,28.0,29.0,27.9,3.9,207.0,3.98,,,,,
1468,00844B,台新15年IG金融債,櫃,10/06,,28.92,-0.18,-0.62,86,2.49,29.1,28.94,28.94,28.92,0.07,,0.9966,,,,,
1469,3060,銘異,市,10/06,,28.9,0.4,1.4,1841,54.1,28.5,29.0,29.95,28.9,3.68,43.1,1.44,,,,,
1470,5227,立凱-KY,櫃,10/06,,28.9,-0.05,-0.17,430,12.4,28.95,29.0,29.25,28.65,2.07,,3.62,,,,,
1471,5601,台聯櫃,櫃,10/06,,28.9,-1.65,-5.4,11,0.31,30.55,29.55,29.55,28.9,2.13,72.2,1.36,,,,,
1472,8906,花王,櫃,10/06,,28.85,-0.1,-0.35,11,0.31,28.95,28.5,28.85,28.5,1.21,,2.61,,,,,
1473,00862B,中信投資級公司債,櫃,10/06,,28.83,-0.18,-0.62,225,6.49,29.01,28.83,28.87,28.83,0.14,,0.9939,,,,,
1474,2352,佳世達,市,10/06,,28.8,-0.15,-0.52,5556,162.0,28.95,29.35,29.8,28.8,3.45,37.4,1.14,,,,,
1475,5426,振發,櫃,10/06,,28.8,-0.35,-1.2,491,14.3,29.15,29.55,29.55,28.8,2.57,45.0,1.8,,,,,
1476,5487,通泰,櫃,10/06,,28.8,-0.3,-1.03,117,3.39,29.1,29.2,29.45,28.75,2.41,,1.34,,,,,
1477,6186,新潤,櫃,10/06,,28.8,0.15,0.52,348,10.0,28.65,28.6,28.95,28.55,1.4,5.69,1.22,,,,,
1478,9945,潤泰新,市,10/06,,28.8,0.15,0.52,2634,76.0,28.65,28.65,29.1,28.5,2.09,4.86,0.51,,,,,
1479,00792B,群益A級公司債,櫃,10/06,,28.77,-0.15,-0.52,106,3.06,28.92,28.79,28.8,28.76,0.14,,0.9973,,,,,
1480,4111,濟生,櫃,10/06,,28.75,-0.25,-0.86,91,2.62,29.0,29.0,29.0,28.45,1.9,9.13,1.23,,,,,
1481,2108,南帝,市,10/06,,28.7,0.6,2.14,564,16.1,28.1,28.2,28.85,28.1,2.67,16.1,0.96,,,,,
1482,00905,FT臺灣Smart,市,10/06,,28.64,0.05,0.17,1521,43.6,28.59,28.74,28.77,28.56,0.73,,0.9941,,,,,
1483,00896,中信綠能及電動車,市,10/06,,28.61,0.02,0.07,5388,154.0,28.59,28.7,28.74,28.4,1.19,,0.9937,,,,,
1484,2608,嘉里大榮,市,10/06,,28.6,-0.1,-0.35,102,2.93,28.7,28.9,28.9,28.6,1.05,14.9,1.1,,,,,
1485,5314,世紀*,櫃,10/06,,28.6,-0.1,-0.35,20523,590.0,28.7,29.0,29.6,28.2,4.88,6.11,4.62,,,,,
1486,00756B,群益投等新興公債,櫃,10/06,,28.52,-0.08,-0.28,257,7.33,28.6,28.52,28.52,28.45,0.24,,1.0011,,,,,
1487,00751B,元大AAA至A公司債,櫃,10/06,,28.5,-0.18,-0.63,7640,218.0,28.68,28.59,28.59,28.45,0.49,,0.9997,,,,,
1488,4767,誠泰科技,櫃,10/06,,28.5,0.0,0.0,16,0.46,28.5,28.2,28.6,28.0,2.11,11.1,0.92,,,,,
1489,6662,樂斯科,櫃,10/06,,28.5,0.0,0.0,2,0.06,28.6,28.5,28.5,28.5,0.0,17.7,1.71,,,,,
1490,3717,聯嘉投控,市,10/06,,28.45,0.7,2.52,35812,1045.0,27.75,28.4,30.4,28.2,7.93,17.7,1.68,,,,,
1491,8080,泰霖,櫃,10/06,,28.4,0.4,1.43,28,0.79,28.0,28.0,28.4,27.85,1.96,,3.45,,,,,
1492,4164,承業醫,市,10/06,,28.35,1.4,5.19,1182,33.3,26.95,27.0,28.8,26.95,6.86,24.7,0.74,,,,,
1493,6603,富強鑫,櫃,10/06,,28.35,0.05,0.18,1770,50.1,28.3,28.3,28.7,28.0,2.47,37.3,1.78,,,,,
1494,1515,力山,市,10/06,,28.3,-0.4,-1.39,599,17.0,28.7,28.65,28.65,28.3,1.22,18.7,1.32,,,,,
1495,6134,萬旭,櫃,10/06,,28.3,-0.8,-2.75,546,15.8,29.1,29.75,29.75,28.3,4.98,35.4,1.89,,,,,
1496,3296,勝德,市,10/06,,28.25,-0.3,-1.05,60,1.68,28.55,28.5,28.5,27.95,1.93,,2.14,,,,,
1497,8215,明基材,市,10/06,,28.25,-0.35,-1.22,1243,35.4,28.6,28.8,29.05,28.1,3.32,,1.89,,,,,
1498,00867B,台新A-BBB電信債,櫃,10/06,,28.23,-0.18,-0.63,54,1.52,28.41,28.29,28.29,28.18,0.39,,0.9986,,,,,
1499,2201,裕隆,市,10/06,,28.2,-0.15,-0.53,3272,92.5,28.35,28.3,28.4,28.2,0.71,31.0,0.46,,,,,
1500,4744,皇將,櫃,10/06,,28.1,-0.25,-0.88,70,1.99,28.35,28.45,28.5,28.1,1.41,18.4,1.29,,,,,
1501,4911,德英,櫃,10/06,,28.1,-0.15,-0.53,11,0.31,28.25,28.0,28.1,28.0,0.35,22.5,2.04,,,,,
1502,6195,詩肯,櫃,10/06,,28.1,0.0,0.0,17,0.49,28.1,28.1,28.2,28.0,0.71,15.0,1.06,,,,,
1503,8930,青鋼,櫃,10/06,,28.1,-0.4,-1.4,67,1.89,28.5,28.5,28.5,28.1,1.4,10.6,1.63,,,,,
1504,1799,易威,櫃,10/06,,28.05,-0.55,-1.92,263,7.39,28.6,28.8,28.8,27.95,2.97,,4.93,,,,,
1505,2450,神腦,市,10/06,,28.05,-0.1,-0.36,230,6.46,28.15,28.15,28.15,28.0,0.53,17.3,1.17,,,,,
1506,8291,尚茂,櫃,10/06,,28.05,-0.05,-0.18,32,0.9,28.1,27.15,28.25,27.1,4.09,,8.45,,,,,
1507,00782B,國泰A級公用債,櫃,10/06,,28.0,-0.17,-0.6,303,8.49,28.17,28.14,28.14,27.98,0.57,,0.9942,,,,,
1508,1233,天仁,市,10/06,,28.0,0.0,0.0,11,0.31,28.0,28.0,28.1,27.95,0.54,30.1,1.81,,,,,
1509,2235,謚源,櫃,10/06,,28.0,0.8,2.94,8,0.23,27.2,28.15,28.25,27.25,3.68,20.4,0.84,,,,,
1510,6133,金橋,市,10/06,,28.0,-1.25,-4.27,4075,116.0,29.25,29.4,29.55,28.0,5.3,25.2,2.15,,,,,
1511,6443,元晶,市,10/06,,28.0,-0.2,-0.71,6382,181.0,28.2,28.7,28.8,27.8,3.55,,4.31,,,,,
1512,00723B,群益投資級科技債,櫃,10/06,,27.95,-0.16,-0.57,170,4.76,28.11,28.0,28.0,27.92,0.28,,0.999,,,,,
1513,00842B,台新美元銀行債,櫃,10/06,,27.9,-0.07,-0.25,347,9.68,27.97,27.97,27.97,27.88,0.32,,1.0011,,,,,
1514,1402,遠東新,市,10/06,,27.9,0.15,0.54,4059,113.0,27.75,27.8,28.05,27.75,1.08,13.7,0.64,,,,,
1515,4554,橙的,櫃,10/06,,27.9,0.05,0.18,13,0.35,27.85,28.7,28.7,27.9,2.87,9.86,1.42,,,,,
1516,2103,台橡,市,10/06,,27.85,-0.75,-2.62,2354,66.2,28.6,28.7,28.7,27.85,2.97,11.2,1.04,,,,,
1517,00788B,元大10年IG電能債,櫃,10/06,,27.78,-0.17,-0.61,46,1.27,27.95,27.92,27.92,27.75,0.61,,0.996,,,,,
1518,1907,永豐餘,市,10/06,,27.75,0.15,0.54,426,11.9,27.6,27.55,28.0,27.55,1.63,16.3,0.51,,,,,
1519,2107,厚生,市,10/06,,27.75,0.65,2.4,959,26.4,27.1,27.0,28.0,27.0,3.69,14.7,0.56,,,,,
1520,2365,昆盈,市,10/06,,27.75,-0.25,-0.89,755,21.0,28.0,28.0,28.0,27.65,1.25,49.6,2.0,,,,,
1521,2432,倚天酷碁-創,市,10/06,,27.75,0.05,0.18,18,0.49,27.7,27.7,27.75,27.5,0.9,12.7,1.48,,,,,
1522,5016,松和,櫃,10/06,,27.75,0.75,2.78,207,5.65,27.0,27.2,27.95,26.4,5.74,14.2,0.92,,,,,
1523,6294,智基,櫃,10/06,,27.75,-0.3,-1.07,16,0.45,28.05,28.0,28.0,27.7,1.07,10.4,1.3,,,,,
1524,5201,凱衛,櫃,10/06,,27.65,0.3,1.1,264,7.3,27.35,27.85,27.85,27.0,3.11,,1.68,,,,,
1525,5205,中茂,櫃,10/06,,27.55,2.5,9.98,54,1.5,25.05,27.55,27.55,27.55,0.0,,5.0,,,,,
1526,1227,佳格,市,10/06,,27.5,-0.25,-0.9,1555,42.9,27.75,27.75,27.75,27.45,1.08,17.2,1.37,,,,,
1527,2419,仲琦,市,10/06,,27.5,-0.1,-0.36,1056,29.2,27.6,27.7,27.9,27.4,1.81,688.0,1.83,,,,,
1528,3379,彬台,櫃,10/06,,27.5,-0.2,-0.72,34,0.95,27.7,27.7,27.7,27.35,1.26,27.0,1.73,,,,,
1529,5543,桓鼎-KY,櫃,10/06,,27.5,0.05,0.18,3,0.08,27.45,27.6,27.6,26.9,2.55,58.5,2.57,,,,,
1530,8072,陞泰,市,10/06,,27.45,0.35,1.29,163,4.46,27.1,27.1,27.8,26.9,3.32,16.5,0.96,,,,,
1531,2801,彰銀,市,10/06,,27.4,0.2,0.74,11612,317.0,27.2,27.25,27.55,27.2,1.29,16.5,1.4,,,,,
1532,3086,華義*,櫃,10/06,,27.4,0.0,0.0,82,2.24,27.4,27.45,27.45,27.0,1.64,,24.91,,,,,
1533,3447,展達,市,10/06,,27.4,-0.2,-0.72,55,1.52,27.6,27.6,27.8,27.4,1.45,14.0,1.71,,,,,
1534,2852,第一保,市,10/06,,27.35,-0.15,-0.55,533,14.6,27.5,27.55,27.6,27.25,1.27,8.39,0.89,,,,,
1535,3066,李洲,櫃,10/06,,27.35,-0.7,-2.5,882,24.1,28.05,28.2,28.2,26.8,4.99,4.56,1.37,,,,,
1536,6875,國邑*,櫃,10/06,,27.3,-0.25,-0.91,257,7.08,27.55,27.05,28.6,26.95,5.99,,2.58,,,,,
1537,00840B,凱基IG精選15+,櫃,10/06,,27.26,-0.17,-0.62,100,2.73,27.43,27.26,27.26,27.26,0.0,,0.9993,,,,,
1538,3021,鴻名,市,10/06,,27.2,-0.55,-1.98,544,15.1,27.75,28.3,28.3,27.2,3.96,36.3,1.62,,,,,
1539,00941,中信上游半導體,市,10/06,,27.16,0.15,0.56,1165,31.6,27.01,27.05,27.17,27.05,0.44,,0.9967,,,,,
1540,00799B,國泰A級醫療債,櫃,10/06,,27.14,-0.17,-0.62,183,4.97,27.31,27.26,27.26,27.11,0.55,,0.993,,,,,
1541,00938,凱基優選30,市,10/06,,27.06,0.16,0.59,258,6.98,26.9,26.9,27.15,26.9,0.93,,0.9963,,,,,
1542,3591,艾笛森,市,10/06,,27.05,-0.75,-2.7,893,24.3,27.8,28.3,28.3,26.75,5.58,,1.32,,,,,
1543,7715,裕山,櫃,10/06,,27.05,0.1,0.37,81,2.18,26.95,27.0,27.5,26.6,3.34,18.5,0.98,,,,,
1544,00884B,中信低碳新興債,櫃,10/06,,27.0,-0.19,-0.7,221,5.96,27.19,27.0,27.03,27.0,0.11,,0.9962,,,,,
1545,6124,業強,櫃,10/06,,27.0,-0.2,-0.74,30,0.81,27.2,27.2,27.25,26.75,1.84,51.9,1.57,,,,,
1546,00916,國泰全球品牌50,市,10/06,,26.98,0.24,0.9,956,25.8,26.74,26.8,27.01,26.8,0.79,,0.9956,,,,,
1547,00980A,主動野村臺灣優選,市,10/06,,26.95,-0.01,-0.04,5695,153.0,26.96,27.03,27.09,26.77,1.19,,0.9974,,,,,
1548,8410,森田,櫃,10/06,,26.95,-0.7,-2.53,305,8.26,27.65,27.5,27.5,26.95,1.99,6.11,0.53,,,,,
1549,6865,偉康科技,櫃,10/06,,26.9,-0.8,-2.89,12,0.33,27.7,27.65,27.65,26.9,2.71,,1.23,,,,,
1550,00926,凱基全球菁英55,市,10/06,,26.85,0.27,1.02,529,14.2,26.58,26.71,26.85,26.71,0.53,,1.0004,,,,,
1551,2237,華德動能-創,市,10/06,,26.8,-0.15,-0.56,126,3.36,26.95,26.95,26.95,26.45,1.86,,2.19,,,,,
1552,00783,富邦中証500,市,10/06,,26.76,0.01,0.04,7,0.18,26.75,26.75,26.76,26.61,0.56,,0.9941,,,,,
1553,2401,凌陽,市,10/06,,26.75,0.1,0.38,2989,79.5,26.65,26.7,27.0,26.1,3.38,268.0,1.86,,,,,
1554,2035,唐榮,櫃,10/06,,26.7,0.0,0.0,0,0.0,26.7,26.7,26.7,26.7,0.0,,3.79,,,,,
1555,1104,環泥,市,10/06,,26.6,0.1,0.38,382,10.1,26.5,26.7,26.7,26.45,0.94,9.82,0.74,,,,,
1556,1530,亞崴,市,10/06,,26.6,-0.1,-0.37,74,1.94,26.7,26.75,26.75,25.65,4.12,14.1,0.78,,,,,
1557,6598,ABC-KY,市,10/06,,26.6,-0.2,-0.75,213,5.67,26.8,26.65,27.15,26.35,2.99,,3.9,,,,,
1558,7743,金利食安,櫃,10/06,,26.6,0.7,2.7,242,6.41,25.9,26.05,26.6,25.9,2.7,23.1,1.5,,,,,
1559,6266,泰詠,櫃,10/06,,26.55,-0.45,-1.67,505,13.5,27.0,27.3,27.4,26.35,3.89,13.5,1.67,,,,,
1560,00696B,富邦美債20年,櫃,10/06,,26.51,-0.19,-0.71,4774,126.0,26.7,26.54,26.54,26.47,0.26,,0.9949,,,,,
1561,1325,恆大,市,10/06,,26.5,0.8,3.11,1294,34.8,25.7,26.0,27.9,26.0,7.39,,0.88,,,,,
1562,4535,至興,櫃,10/06,,26.5,-0.4,-1.49,3,0.09,26.9,26.45,26.5,26.45,0.19,18.7,0.81,,,,,
1563,3516,亞帝歐,櫃,10/06,,26.4,0.15,0.57,37,0.98,26.25,26.6,26.6,26.0,2.29,38.8,1.01,,,,,
1564,00739,元大MSCI A股,市,10/06,,26.35,0.06,0.23,116,3.05,26.29,26.38,26.46,26.35,0.42,,0.9928,,,,,
1565,00657K,國泰日經225+U,市,10/06,,26.33,0.23,0.88,0,0.01,26.1,26.33,26.33,26.33,0.0,,0.9996,,,,,
1566,6908,宏碁遊戲-創,市,10/06,,26.3,-0.25,-0.94,72,1.88,26.55,26.55,26.6,26.05,2.07,23.1,0.75,,,,,
1567,8093,保銳,櫃,10/06,,26.25,1.4,5.63,72,1.82,24.85,24.9,26.45,24.8,6.64,,2.71,,,,,
1568,00636,國泰中國A50,市,10/06,,26.17,0.06,0.23,104,2.73,26.11,26.11,26.2,26.11,0.34,,0.9894,,,,,
1569,00836B,永豐10年A公司債,櫃,10/06,,26.16,-0.18,-0.68,6,0.15,26.34,26.17,26.17,26.16,0.04,,1.0004,,,,,
1570,1732,毛寶,市,10/06,,26.15,0.15,0.58,282,7.45,26.0,26.1,26.8,26.1,2.69,21.3,2.2,,,,,
1571,3466,德晉,櫃,10/06,,26.15,1.85,7.61,1161,30.2,24.3,24.65,26.7,24.6,8.64,,1.44,,,,,
1572,6240,松崗,櫃,10/06,,26.1,0.1,0.38,16,0.42,26.0,26.8,26.8,25.65,4.42,,1.69,,,,,
1573,3567,逸昌,櫃,10/06,,26.05,0.05,0.19,38,1.0,26.0,26.3,26.3,25.85,1.73,23.7,1.59,,,,,
1574,5529,鉅陞,櫃,10/06,,26.05,0.1,0.39,61,1.59,25.95,25.95,26.5,25.95,2.12,7.26,1.72,,,,,
1575,6508,惠光,櫃,10/06,,26.05,-0.05,-0.19,40,1.05,26.1,26.1,26.6,26.0,2.3,25.5,0.92,,,,,
1576,00841B,凱基AAA-AA公司債,櫃,10/06,,26.03,-0.06,-0.23,108,2.81,26.09,26.02,26.03,25.98,0.19,,0.9988,,,,,
1577,1442,名軒,市,10/06,,26.0,-0.1,-0.38,378,9.86,26.1,26.1,26.25,25.95,1.15,15.1,1.29,,,,,
1578,1475,業旺,市,10/06,,25.95,-0.15,-0.57,86,2.21,26.1,25.9,26.1,25.5,2.3,6.65,1.12,,,,,
1579,1521,大億,市,10/06,,25.95,0.25,0.97,33,0.85,25.7,25.55,25.95,25.5,1.75,16.4,1.05,,,,,
1580,5880,合庫金,市,10/06,,25.95,0.05,0.19,12079,313.0,25.9,25.9,26.05,25.8,0.97,17.4,1.4,,,,,
1581,5356,協益,櫃,10/06,,25.8,0.0,0.0,56,1.45,25.8,25.8,26.35,25.75,2.33,11.6,0.61,,,,,
1582,00870B,元大15年EM主權債,櫃,10/06,,25.79,-0.17,-0.65,13,0.34,25.96,25.81,25.81,25.79,0.08,,0.9957,,,,,
1583,1236,宏亞,市,10/06,,25.75,0.25,0.98,15,0.39,25.5,25.5,25.75,25.25,1.96,,0.85,,,,,
1584,1524,耿鼎,市,10/06,,25.7,-0.1,-0.39,245,6.31,25.8,25.75,25.9,25.65,0.97,12.7,1.43,,,,,
1585,2633,台灣高鐵,市,10/06,,25.65,0.0,0.0,3677,94.2,25.65,25.65,25.7,25.55,0.58,21.0,2.06,,,,,
1586,00920,富邦ESG綠色電力,市,10/06,,25.63,0.21,0.83,153,3.91,25.42,25.42,25.7,25.42,1.1,,0.9911,,,,,
1587,2073,雄順,櫃,10/06,,25.6,0.0,0.0,0,0.0,25.6,25.6,25.6,25.6,0.0,,1.79,,,,,
1588,6220,岳豐,櫃,10/06,,25.6,0.3,1.19,726,18.9,25.3,25.4,26.8,25.4,5.53,23.9,1.17,,,,,
1589,6910,德鴻,櫃,10/06,,25.6,-0.2,-0.78,14,0.36,25.8,25.6,25.6,25.55,0.19,13.8,1.73,,,,,
1590,2321,東訊,市,10/06,,25.5,0.15,0.59,6,0.16,25.35,25.5,25.5,25.5,0.0,638.0,4.09,,,,,
1591,4533,協易機,櫃,10/06,,25.45,-0.1,-0.39,492,12.5,25.55,25.3,25.55,25.15,1.57,42.4,1.57,,,,,
1592,00779B,凱基美債25+,櫃,10/06,,25.44,-0.19,-0.74,369,9.39,25.63,25.48,25.48,25.4,0.31,,0.9953,,,,,
1593,00781B,國泰A級科技債,櫃,10/06,,25.44,-0.13,-0.51,155,3.94,25.57,25.53,25.53,25.39,0.55,,0.9964,,,,,
1594,00965,元大航太防衛科技,市,10/06,,25.44,-0.1,-0.39,5538,141.0,25.54,25.54,25.55,25.38,0.67,,0.9945,,,,,
1595,1522,堤維西,市,10/06,,25.4,-0.35,-1.36,440,11.2,25.75,25.75,25.75,25.4,1.36,29.5,0.91,,,,,
1596,3666,光耀,櫃,10/06,,25.4,0.1,0.4,62,1.57,25.3,25.1,25.4,25.1,1.19,,2.05,,,,,
1597,6108,競國,市,10/06,,25.4,-0.25,-0.97,2226,57.2,25.65,25.8,26.0,25.1,3.51,127.0,1.21,,,,,
1598,1409,新纖,市,10/06,,25.35,0.05,0.2,11799,297.0,25.3,25.25,25.55,24.7,3.36,11.5,0.85,,,,,
1599,3508,位速,櫃,10/06,,25.35,0.45,1.81,246,6.27,24.9,24.8,25.8,24.8,4.02,,4.97,,,,,
1600,5490,同亨,櫃,10/06,,25.35,0.1,0.4,120,3.06,25.25,25.3,25.55,25.3,0.99,12.0,1.75,,,,,
1601,4720,德淵,市,10/06,,25.3,2.3,10.0,4918,124.0,23.0,25.0,25.3,24.8,2.17,46.0,1.78,,,,,
1602,00687B,國泰20年美債,櫃,10/06,,25.29,-0.17,-0.67,21317,539.0,25.46,25.32,25.32,25.23,0.35,,0.9949,,,,,
1603,00853B,統一美債10年Aa-A,櫃,10/06,,25.27,-0.09,-0.35,1031,26.1,25.36,25.29,25.3,25.27,0.12,,0.9988,,,,,
1604,00764B,群益25年美債,櫃,10/06,,25.24,-0.18,-0.71,4113,104.0,25.42,25.32,25.32,25.18,0.55,,1.0024,,,,,
1605,1101,台泥,市,10/06,,25.2,0.2,0.8,26891,675.0,25.0,25.0,25.3,24.8,2.0,,0.82,,,,,
1606,6558,興能高,市,10/06,,25.2,-0.2,-0.79,143,3.62,25.4,25.4,25.45,25.15,1.18,,1.78,,,,,
1607,7782,光速火箭,櫃,10/06,,25.2,0.0,0.0,24,0.61,25.2,25.3,26.3,25.0,5.16,11.4,1.27,,,,,
1608,8422,可寧衛*,市,10/06,,25.2,-0.1,-0.4,3669,92.6,25.3,25.3,25.35,25.1,0.99,26.0,3.33,,,,,
1609,6272,驊陞,市,10/06,,25.15,-0.1,-0.4,129,3.26,25.25,25.25,25.5,25.0,1.98,14.4,1.11,,,,,
1610,6604,儒億,櫃,10/06,,25.15,1.15,4.79,1140,28.8,,25.8,25.8,24.9,3.75,,1.17,,,,,
1611,6838,台新藥,市,10/06,,25.15,-0.15,-0.59,99,2.49,25.3,25.0,25.15,24.8,1.38,,2.77,,,,,
1612,3646,艾恩特,櫃,10/06,,25.1,-0.1,-0.4,9,0.22,25.2,25.2,25.2,24.8,1.59,,2.04,,,,,
1613,6136,富爾特,市,10/06,,25.05,-0.15,-0.6,284,7.11,25.2,25.1,25.2,25.0,0.79,36.3,0.64,,,,,
1614,8937,合騏*,櫃,10/06,,25.05,-0.15,-0.6,50,1.26,25.2,25.95,25.95,24.9,4.17,418.0,4.52,,,,,
1615,4190,佐登-KY,市,10/06,,25.0,0.7,2.88,19,0.47,24.3,24.3,25.0,24.3,2.88,,0.92,,,,,
1616,3550,聯穎,市,10/06,,24.9,-0.2,-0.8,1468,36.7,25.1,25.25,25.45,24.65,3.19,208.0,1.53,,,,,
1617,009804,聯邦台精彩50,市,10/06,,24.89,0.07,0.28,1018,25.3,24.82,24.95,24.98,24.75,0.93,,0.9952,,,,,
1618,1780,立弘,櫃,10/06,,24.8,-0.35,-1.39,69,1.71,25.15,24.9,25.1,24.75,1.39,13.4,1.78,,,,,
1619,2901,欣欣,市,10/06,,24.75,-0.25,-1.0,41,1.02,25.0,25.15,25.25,24.6,2.6,56.2,2.07,,,,,
1620,5519,隆大,市,10/06,,24.75,-0.05,-0.2,287,7.12,24.8,24.85,24.85,24.7,0.6,5.25,0.96,,,,,
1621,6552,易華電,市,10/06,,24.75,-0.2,-0.8,43,1.07,24.95,25.0,25.0,24.7,1.2,,0.77,,,,,
1622,00982A,主動群益台灣強棒,市,10/06,,24.69,0.02,0.08,16357,404.0,24.67,24.8,24.81,24.5,1.26,,0.9944,,,,,
1623,2020,美亞,市,10/06,,24.65,-0.6,-2.38,2224,55.2,25.25,24.8,25.4,24.5,3.56,11.9,1.55,,,,,
1624,2069,運錩,市,10/06,,24.65,-0.15,-0.6,1829,45.3,24.8,25.0,25.35,24.35,4.03,9.63,0.93,,,,,
1625,5468,凱鈺,櫃,10/06,,24.65,-0.05,-0.2,115,2.83,24.7,24.4,24.7,24.35,1.42,,2.58,,,,,
1626,4530,天意能創,櫃,10/06,,24.6,0.0,0.0,10,0.26,24.6,24.5,24.95,24.3,2.64,1230.0,1.98,,,,,
1627,9904,寶成,市,10/06,,24.6,0.3,1.23,5458,134.0,24.3,24.35,24.65,24.3,1.44,5.21,0.39,,,,,
1628,00985A,主動野村台灣50,市,10/06,,24.55,-0.03,-0.12,59818,1469.0,24.58,24.74,24.75,24.42,1.34,,1.0008,,,,,
1629,6733,博晟生醫,櫃,10/06,,24.55,-0.05,-0.2,64,1.58,24.6,24.6,24.85,24.5,1.42,,3.09,,,,,
1630,1470,大統新創,市,10/06,,24.5,0.4,1.66,28,0.68,24.1,24.1,24.5,24.05,1.87,19.0,2.08,,,,,
1631,1904,正隆,市,10/06,,24.5,0.5,2.08,1730,42.4,24.0,23.95,24.75,23.95,3.33,11.3,0.89,,,,,
1632,3541,西柏,櫃,10/06,,24.5,-0.1,-0.41,67,1.64,24.6,24.45,24.6,24.25,1.42,74.2,1.88,,,,,
1633,00795B,中信美國公債20年,櫃,10/06,,24.47,-0.17,-0.69,6708,164.0,24.64,24.5,24.5,24.42,0.32,,0.9949,,,,,
1634,6233,旺玖,櫃,10/06,,24.4,0.8,3.39,377,9.14,23.6,24.0,24.9,23.7,5.08,111.0,1.28,,,,,
1635,8049,晶采,櫃,10/06,,24.4,-0.15,-0.61,90,2.21,24.55,24.55,24.55,24.4,0.61,12.7,1.12,,,,,
1636,4532,瑞智,市,10/06,,24.35,-0.2,-0.81,514,12.6,24.55,24.55,24.65,24.35,1.22,12.9,1.11,,,,,
1637,7716,昱臺國際,櫃,10/06,,24.35,0.0,0.0,0,0.0,24.45,24.35,24.35,24.35,0.0,14.5,1.15,,,,,
1638,00679B,元大美債20年,櫃,10/06,,24.33,-0.17,-0.69,29175,709.0,24.5,24.37,24.37,24.29,0.33,,0.9945,,,,,
1639,00689R,國泰20年美債反1,市,10/06,,24.31,0.2,0.83,102,2.48,24.11,24.31,24.31,24.29,0.08,,1.0041,,,,,
1640,3122,笙泉,櫃,10/06,,24.3,0.95,4.07,128,3.08,23.35,23.4,24.35,23.3,4.5,,3.06,,,,,
1641,5457,宣德,櫃,10/06,,24.3,0.3,1.25,433,10.5,24.0,24.45,24.7,24.0,2.92,30.8,0.87,,,,,
1642,020012,富邦行動通訊N,市,10/06,,24.25,0.0,0.0,0,0.0,23.57,24.25,24.25,24.25,0.0,,1.0151,,,,,
1643,3041,揚智,市,10/06,,24.25,0.1,0.41,467,11.3,24.15,24.35,24.5,23.9,2.48,,2.42,,,,,
1644,4106,雃博,市,10/06,,24.2,0.05,0.21,61,1.46,24.15,24.1,24.2,24.1,0.41,13.2,0.96,,,,,
1645,1528,恩德,市,10/06,,24.15,0.0,0.0,2516,61.1,24.15,24.45,24.7,24.0,2.9,,2.18,,,,,
1646,3268,海德威,櫃,10/06,,24.15,1.05,4.55,770,18.6,23.1,23.5,24.75,23.4,5.84,,1.74,,,,,
1647,9955,佳龍,市,10/06,,24.15,1.25,5.46,569,13.6,22.9,22.9,24.5,22.9,6.99,12.6,1.88,,,,,
1648,1410,南染,市,10/06,,24.1,0.05,0.21,22,0.54,24.05,24.05,24.1,23.85,1.04,32.6,1.42,,,,,
1649,3092,鴻碩,市,10/06,,24.1,0.0,0.0,180,4.38,24.1,24.45,24.45,23.95,2.07,,2.07,,,,,
1650,4166,友霖,櫃,10/06,,24.1,-0.2,-0.82,63,1.52,24.3,24.0,24.5,24.0,2.06,24.6,2.2,,,,,
1651,4503,金雨,櫃,10/06,,24.1,0.2,0.84,109,2.61,23.9,23.9,24.1,23.75,1.46,6.48,1.01,,,,,
1652,4960,誠美材,市,10/06,,24.1,0.1,0.42,2510,60.5,24.0,23.7,24.35,23.7,2.71,,1.93,,,,,
1653,6171,大城地產,櫃,10/06,,24.1,0.1,0.42,39,0.93,24.0,24.0,24.35,23.85,2.08,17.5,1.02,,,,,
1654,9949,琉園,櫃,10/06,,24.1,-0.3,-1.23,20,0.49,24.4,24.05,24.1,24.0,0.41,3.93,2.17,,,,,
1655,00930,永豐ESG低碳高息,市,10/06,,24.07,0.08,0.33,1190,28.6,23.99,24.05,24.09,23.94,0.63,,0.9979,,,,,
1656,00939,統一台灣高息動能,市,10/06,,24.0,0.13,0.54,2504,60.0,23.87,23.86,24.01,23.86,0.63,,0.9946,,,,,
1657,2910,統領,市,10/06,,24.0,0.65,2.78,26,0.6,23.35,23.35,24.0,23.05,4.07,13.1,1.52,,,,,
1658,3540,曜越,櫃,10/06,,24.0,-0.6,-2.44,491,11.9,24.6,24.5,24.5,24.0,2.03,27.6,0.97,,,,,
1659,00921,兆豐龍頭等權重,市,10/06,,23.98,0.11,0.46,260,6.22,23.87,23.83,24.0,23.8,0.84,,1.0,,,,,
1660,2034,允強,市,10/06,,23.95,0.45,1.91,4409,106.0,23.5,23.35,24.35,23.1,5.32,57.0,1.41,,,,,
1661,6496,科懋,櫃,10/06,,23.95,-0.25,-1.03,13,0.31,24.2,24.3,24.3,23.65,2.69,,1.61,,,,,
1662,6016,康和證,櫃,10/06,,23.9,-0.45,-1.85,4627,112.0,24.35,24.65,24.85,23.9,3.9,3.51,1.12,,,,,
1663,6156,松上,櫃,10/06,,23.9,1.65,7.42,2719,64.4,22.25,22.45,24.45,22.1,10.6,61.3,1.12,,,,,
1664,6229,研通,櫃,10/06,,23.9,-0.25,-1.04,53,1.27,24.15,24.15,24.15,23.7,1.86,22.1,1.35,,,,,
1665,2115,六暉-KY,市,10/06,,23.85,-0.05,-0.21,25,0.59,23.9,23.85,24.0,23.75,1.05,15.1,0.76,,,,,
1666,2836A,高雄銀甲特,市,10/06,,23.85,-0.05,-0.21,10,0.24,23.9,23.85,23.85,23.8,0.21,,,,,,,
1667,4523,永彰,櫃,10/06,,23.85,0.1,0.42,50,1.18,23.75,23.95,23.95,23.45,2.11,0.88,0.85,,,,,
1668,6971,惠民實業,櫃,10/06,,23.85,0.1,0.42,17,0.41,23.75,23.95,23.95,23.6,1.47,10.3,1.05,,,,,
1669,2939,永邑-KY,市,10/06,,23.8,0.35,1.49,74,1.78,23.45,23.45,24.3,23.45,3.62,,2.01,,,,,
1670,4550,長佳,櫃,10/06,,23.8,-0.4,-1.65,18,0.43,24.2,24.3,24.3,23.8,2.07,12.4,0.96,,,,,
1671,6113,亞矽,櫃,10/06,,23.8,-0.4,-1.65,110,2.62,24.2,24.15,24.15,23.7,1.86,39.0,2.25,,,,,
1672,3609,三一東林,櫃,10/06,,23.75,0.1,0.42,71,1.67,23.65,23.0,24.2,22.85,5.71,3.65,2.03,,,,,
1673,2923,鼎固-KY,市,10/06,,23.7,-0.55,-2.27,128,3.03,24.25,24.4,24.4,23.55,3.51,,0.89,,,,,
1674,6606,建德工業,市,10/06,,23.7,-1.15,-4.63,312,7.57,24.85,24.6,24.9,23.7,4.83,16.3,1.59,,,,,
1675,6767,台微醫,櫃,10/06,,23.7,-0.75,-3.07,6,0.16,24.45,24.3,24.3,23.5,3.27,,1.62,,,,,
1676,8044,網家,櫃,10/06,,23.7,0.05,0.21,197,4.68,23.65,23.8,23.85,23.5,1.48,,0.74,,,,,
1677,3557,嘉威,市,10/06,,23.65,-0.5,-2.07,63,1.51,24.15,24.1,24.1,23.65,1.86,,0.78,,,,,
1678,1225,福懋油,市,10/06,,23.55,-0.8,-3.29,150,3.56,24.35,24.15,24.2,23.55,2.67,112.0,1.52,,,,,
1679,1443,立益物流,市,10/06,,23.55,0.5,2.17,26,0.6,23.05,22.8,23.55,22.8,3.25,11.6,1.34,,,,,
1680,3346,麗清,市,10/06,,23.55,-0.3,-1.26,485,11.4,23.85,23.85,23.85,23.25,2.52,,0.79,,,,,
1681,1810,和成,市,10/06,,23.5,-0.2,-0.84,1039,24.5,23.7,23.75,23.8,23.5,1.27,6.4,0.83,,,,,
1682,2063,世鎧,櫃,10/06,,23.5,-0.3,-1.26,34,0.79,23.8,23.7,23.8,23.4,1.68,12.8,1.18,,,,,
1683,5278,尚凡*,櫃,10/06,,23.5,-0.1,-0.42,60,1.4,23.6,23.95,23.95,23.4,2.33,20.4,1.88,,,,,
1684,1735,日勝化,市,10/06,,23.4,-0.95,-3.9,1339,31.8,24.35,24.2,24.5,23.1,5.75,20.0,1.51,,,,,
1685,1587,吉茂,市,10/06,,23.35,-0.05,-0.21,62,1.44,23.4,23.4,23.65,23.15,2.14,111.0,1.16,,,,,
1686,00693U,期街口S&P黃豆,市,10/06,,23.33,0.01,0.04,253,5.89,23.32,23.28,23.33,23.25,0.34,,0.9974,,,,,
1687,5015,華祺,櫃,10/06,,23.3,-0.15,-0.64,65,1.51,23.45,23.25,23.7,23.0,2.99,15.3,1.17,,,,,
1688,6482,弘煜科,櫃,10/06,,23.3,-0.2,-0.85,12,0.28,23.5,23.5,23.5,23.3,0.85,12.7,1.73,,,,,
1689,1604,聲寶,市,10/06,,23.25,0.0,0.0,195,4.55,23.25,23.25,23.4,23.25,0.65,13.3,0.94,,,,,
1690,00681R,元大美債20反1,市,10/06,,23.23,0.18,0.78,119,2.77,23.05,23.15,23.23,23.15,0.35,,1.0068,,,,,
1691,4747,強生*,櫃,10/06,,23.2,0.35,1.53,50,1.17,22.85,23.0,23.4,22.95,1.97,11.8,0.61,,,,,
1692,8087,麗升能源,櫃,10/06,,23.2,-0.8,-3.33,39,0.91,24.0,24.6,24.6,22.9,7.08,,1.15,,,,,
1693,910322,康師傅-DR,市,10/06,,23.2,0.05,0.22,8,0.18,23.15,23.55,23.55,23.2,1.51,,,,,,,
1694,3083,網龍,櫃,10/06,,23.15,-0.6,-2.53,54,1.25,23.75,23.45,23.45,22.9,2.32,31.7,1.55,,,,,
1695,00702,國泰標普低波高息,市,10/06,,23.08,-0.04,-0.17,4,0.1,23.12,23.12,23.12,23.08,0.17,,0.9978,,,,,
1696,1617,榮星,市,10/06,,23.05,-1.05,-4.36,3467,81.4,24.1,24.8,24.85,22.8,8.51,16.8,1.68,,,,,
1697,6671,三能-KY,市,10/06,,23.05,-0.25,-1.07,20,0.46,23.3,23.4,23.4,22.75,2.79,10.6,0.79,,,,,
1698,0061,元大寶滬深,市,10/06,,23.03,0.13,0.57,156,3.61,22.9,23.08,23.14,23.03,0.48,,0.9922,,,,,
1699,1599,宏佳騰,櫃,10/06,,22.95,-0.15,-0.65,18,0.42,23.1,22.55,23.0,22.55,1.95,,0.89,,,,,
1700,6244,茂迪,櫃,10/06,,22.95,-0.3,-1.29,2745,63.6,23.25,23.6,23.9,22.95,4.09,54.6,1.95,,,,,
1701,1312A,國喬特,市,10/06,,22.85,0.0,0.0,3,0.07,22.85,22.85,22.85,22.85,0.0,,,,,,,
1702,2427,三商電,市,10/06,,22.85,0.05,0.22,772,17.8,22.8,22.8,23.55,22.75,3.51,16.2,1.3,,,,,
1703,4726,永昕,櫃,10/06,,22.85,-0.1,-0.44,124,2.81,22.95,22.95,22.95,22.5,1.96,,3.36,,,,,
1704,6114,久威,櫃,10/06,,22.8,-0.5,-2.15,54,1.24,23.3,23.0,23.0,22.8,0.86,6.03,0.62,,,,,
1705,3071,協禧,櫃,10/06,,22.75,0.05,0.22,143,3.26,22.7,22.7,22.9,22.65,1.1,39.2,1.62,,,,,
1706,4168,醣聯,櫃,10/06,,22.75,-0.05,-0.22,81,1.83,22.8,22.7,22.75,22.5,1.1,,3.01,,,,,
1707,6130,上亞科技,櫃,10/06,,22.75,0.2,0.89,68,1.55,22.55,22.6,23.0,22.5,2.22,,1.79,,,,,
1708,00960,野村全球航運龍頭,市,10/06,,22.71,-0.01,-0.04,247,5.61,22.72,22.72,22.76,22.69,0.31,,1.0018,,,,,
1709,5206,坤悅,櫃,10/06,,22.7,0.1,0.44,59,1.35,22.6,22.55,22.8,22.5,1.33,8.25,0.95,,,,,
1710,8401,白紗科,櫃,10/06,,22.65,-0.05,-0.22,16,0.36,22.7,22.75,22.75,22.6,0.66,8.65,1.33,,,,,
1711,2477,美隆電,市,10/06,,22.6,-0.05,-0.22,163,3.68,22.65,22.65,22.65,22.4,1.1,26.0,0.88,,,,,
1712,5223,安力-KY,櫃,10/06,,22.6,-0.4,-1.74,3,0.07,23.0,22.65,22.65,22.6,0.22,,0.42,,,,,
1713,00683L,期元大美元指正2,市,10/06,,22.58,-0.15,-0.66,17,0.39,22.73,22.53,22.59,22.53,0.26,,0.996,,,,,
1714,2010,春源,市,10/06,,22.55,0.2,0.89,534,12.0,22.35,22.4,22.6,22.3,1.34,8.98,1.16,,,,,
1715,6441,廣錠,櫃,10/06,,22.55,-2.35,-9.44,574,13.0,24.9,24.7,24.7,22.45,9.04,,1.36,,,,,
1716,5704,老爺知,櫃,10/06,,22.5,0.0,0.0,23,0.51,22.5,22.45,22.7,22.4,1.33,161.0,1.35,,,,,
1717,009803,玉山市值動能50,市,10/06,,22.47,0.12,0.54,4361,97.7,22.35,22.46,22.5,22.31,0.85,,0.9982,,,,,
1718,3489,森寶,櫃,10/06,,22.45,-0.5,-2.18,62,1.4,22.95,22.8,22.85,22.45,1.74,,2.17,,,,,
1719,5381,光譜,櫃,10/06,,22.45,-0.45,-1.97,814,18.3,22.9,23.3,23.3,22.0,5.68,28.4,2.02,,,,,
1720,8455,大拓-KY,櫃,10/06,,22.45,0.35,1.58,8,0.18,22.1,22.1,22.45,22.1,1.58,43.2,1.02,,,,,
1721,8928,鉅明,櫃,10/06,,22.45,-0.4,-1.75,51,1.15,22.85,22.7,22.7,22.4,1.31,9.51,1.04,,,,,
1722,00949,復華日本龍頭,市,10/06,,22.43,0.17,0.76,602,13.5,22.26,22.34,22.44,22.34,0.45,,0.9964,,,,,
1723,3188,鑫龍騰,櫃,10/06,,22.4,-0.25,-1.1,163,3.66,22.65,22.6,22.65,22.35,1.32,3.17,1.26,,,,,
1724,3284,太普高,櫃,10/06,,22.4,0.8,3.7,839,18.3,21.6,21.7,22.4,21.05,6.25,9.22,1.56,,,,,
1725,1435,中福,市,10/06,,22.35,0.85,3.95,24,0.52,21.5,21.5,22.35,21.0,6.28,,3.4,,,,,
1726,3051,力特,市,10/06,,22.3,-0.6,-2.62,559,12.6,22.9,22.95,22.95,22.2,3.28,12.6,1.43,,,,,
1727,3062,建漢,市,10/06,,22.3,-0.4,-1.76,1324,30.0,22.7,22.85,23.1,22.3,3.52,,1.81,,,,,
1728,5230,雷笛克光學,櫃,10/06,,22.3,-0.05,-0.22,297,6.64,22.35,22.45,22.7,22.15,2.46,,0.94,,,,,
1729,00903,富邦元宇宙,市,10/06,,22.28,0.02,0.09,180,4.01,22.26,22.27,22.28,22.26,0.09,,0.9982,,,,,
1730,00944,野村趨勢動能高息,市,10/06,,22.27,-0.01,-0.04,72,1.6,22.28,22.28,22.28,22.23,0.22,,0.9969,,,,,
1731,6872,浩宇生醫,櫃,10/06,,22.2,-0.3,-1.33,58,1.28,22.5,23.0,23.0,22.1,4.0,,3.23,,,,,
1732,8489,三貝德,櫃,10/06,,22.2,0.15,0.68,59,1.29,22.05,21.8,22.2,21.65,2.49,33.1,1.4,,,,,
1733,020041,兆豐半導體氣候N,櫃,10/06,,22.15,-0.41,-1.82,65,1.45,22.56,22.6,22.6,22.14,2.04,,1.002,,,,,
1734,3390,旭軟,櫃,10/06,,22.15,-0.05,-0.23,149,3.3,22.2,22.3,22.3,21.85,2.03,,1.23,,,,,
1735,6692,進能服,櫃,10/06,,22.15,-1.1,-4.73,27,0.61,23.25,22.65,22.65,22.0,2.8,,1.33,,,,,
1736,00752,中信中國50,市,10/06,,22.12,0.18,0.82,492,10.9,21.94,22.05,22.18,22.05,0.59,,0.9973,,,,,
1737,020030,統一智慧電動車N,市,10/06,,22.07,-0.03,-0.14,20,0.44,22.1,22.08,22.08,22.06,0.09,,1.0014,,,,,
1738,00917,中信特選金融,市,10/06,,22.06,0.14,0.64,1298,28.6,21.92,22.0,22.07,22.0,0.32,,0.9995,,,,,
1739,2457,飛宏,市,10/06,,22.05,-0.15,-0.68,693,15.4,22.2,22.3,22.35,22.05,1.35,,1.06,,,,,
1740,4582,聚恆-創,市,10/06,,22.0,-0.1,-0.45,119,2.61,22.1,22.3,22.3,21.8,2.26,8.76,1.11,,,,,
1741,1438,三地開發,市,10/06,,21.95,0.45,2.09,24,0.51,21.5,21.55,21.95,21.45,2.33,8.47,0.78,,,,,
1742,2613,中櫃,市,10/06,,21.95,0.1,0.46,428,9.36,21.85,21.85,22.15,21.5,2.97,16.4,0.93,,,,,
1743,2908,特力,市,10/06,,21.95,-0.25,-1.13,389,8.56,22.2,22.15,22.15,21.8,1.58,17.7,1.54,,,,,
1744,5525,順天,市,10/06,,21.95,0.2,0.92,74,1.61,21.75,21.85,22.0,21.7,1.38,5.66,1.14,,,,,
1745,00899,FT潔淨能源,市,10/06,,21.9,-0.05,-0.23,62,1.35,21.95,21.92,21.92,21.8,0.55,,0.9982,,,,,
1746,3288,點晶,櫃,10/06,,21.9,0.35,1.62,72,1.6,21.55,21.95,23.15,21.25,8.82,,3.34,,,,,
1747,3308,聯德,市,10/06,,21.9,-0.55,-2.45,56,1.22,22.45,22.5,22.5,21.7,3.56,13.9,1.13,,,,,
1748,020028,元大特選電動車N,市,10/06,,21.85,0.1,0.46,13,0.28,21.75,21.75,22.0,21.75,1.15,,0.9998,,,,,
1749,2887Z1,台新新光己特,市,10/06,,21.8,0.1,0.46,56,1.22,21.7,21.8,21.85,21.8,0.23,,,,,,,
1750,2903,遠百,市,10/06,,21.75,0.0,0.0,773,16.8,21.75,21.75,21.9,21.7,0.92,14.7,1.02,,,,,
1751,5220,萬達光電,櫃,10/06,,21.75,-0.95,-4.19,284,6.25,22.7,22.7,22.8,21.6,5.29,136.0,1.15,,,,,
1752,00936,台新永續高息中小,市,10/06,,21.73,-0.07,-0.32,331,7.18,21.8,21.8,21.8,21.69,0.5,,0.9982,,,,,
1753,8071,能率網通,櫃,10/06,,21.7,-0.3,-1.36,328,7.19,22.0,22.1,22.7,21.7,4.55,,1.67,,,,,
1754,1532,勤美,市,10/06,,21.65,0.0,0.0,290,6.28,21.65,21.75,21.8,21.55,1.15,18.0,0.59,,,,,
1755,2029,盛餘,市,10/06,,21.65,-0.15,-0.69,188,4.09,21.8,21.75,21.9,21.6,1.38,18.0,0.68,,,,,
1756,2230,泰茂,櫃,10/06,,21.65,-0.15,-0.69,137,2.94,21.8,21.8,21.9,20.9,4.59,,1.37,,,,,
1757,5011,久陽,櫃,10/06,,21.65,-0.8,-3.56,3118,68.4,22.45,23.85,23.85,20.25,16.0,,1.12,,,,,
1758,6140,訊達,櫃,10/06,,21.65,1.95,9.9,1021,22.0,19.7,19.75,21.65,19.75,9.64,,2.2,,,,,
1759,009818,華南永昌NASDAQxT,市,10/06,,21.63,0.18,0.84,140,3.02,21.45,21.46,21.64,21.46,0.84,,0.9977,,,,,
1760,2722,夏都,市,10/06,,21.55,0.0,0.0,38,0.82,21.55,21.8,21.8,21.15,3.02,,1.24,,,,,
1761,1323,永裕,市,10/06,,21.5,-0.05,-0.23,33,0.72,21.55,21.55,21.6,21.3,1.39,16.9,0.74,,,,,
1762,4161,聿新科,櫃,10/06,,21.5,-0.2,-0.92,32,0.69,21.7,21.55,21.7,21.5,0.92,11.6,1.3,,,,,
1763,6929,佑全,櫃,10/06,,21.5,-0.35,-1.6,10,0.22,21.85,22.9,22.9,21.2,7.78,,0.96,,,,,
1764,009810,玉山全球藍籌100,市,10/06,,21.47,0.13,0.61,133,2.86,21.34,21.44,21.47,21.44,0.14,,0.9958,,,,,
1765,5345,馥鴻,櫃,10/06,,21.4,-0.7,-3.17,17,0.36,22.1,21.9,21.9,21.2,3.17,,3.8,,,,,
1766,8076,伍豐,櫃,10/06,,21.4,0.0,0.0,400,8.55,21.4,21.4,21.5,21.35,0.7,153.0,1.68,,,,,
1767,00943,兆豐電子高息等權,市,10/06,,21.35,-0.01,-0.05,3107,66.4,21.36,21.5,21.5,21.32,0.84,,1.0019,,,,,
1768,3437,榮創,市,10/06,,21.35,-0.55,-2.51,1298,27.9,21.9,21.95,22.0,21.2,3.65,,1.39,,,,,
1769,00972,野村日本動能高息,市,10/06,,21.33,0.1,0.47,19,0.41,21.23,21.23,21.34,21.23,0.52,,0.9958,,,,,
1770,6958A,日盛台駿甲特,市,10/06,,21.3,-0.5,-2.29,6,0.13,21.8,21.3,21.3,21.3,0.0,,,,,,,
1771,9905,大華,市,10/06,,21.3,0.05,0.24,88,1.87,21.25,21.3,21.3,21.2,0.47,12.9,0.76,,,,,
1772,3531,先益,櫃,10/06,,21.25,0.1,0.47,1,0.02,21.15,21.25,21.25,21.25,0.0,15.6,0.7,,,,,
1773,8463,潤泰材,市,10/06,,21.25,0.25,1.19,25,0.53,21.0,21.0,21.25,21.0,1.19,10.7,1.28,,,,,
1774,00954,中信日本半導體,市,10/06,,21.21,0.16,0.76,1132,23.9,21.05,21.1,21.21,20.97,1.14,,0.9967,,,,,
1775,00682U,期元大美元指數,市,10/06,,21.04,-0.05,-0.24,27,0.57,21.09,21.05,21.05,21.04,0.05,,0.9948,,,,,
1776,00857B,永豐20年美公債,櫃,10/06,,21.01,-0.17,-0.8,1924,40.4,21.18,21.05,21.05,20.98,0.33,,1.0,,,,,
1777,4716,大立,櫃,10/06,,20.95,1.9,9.97,1884,39.5,19.05,20.95,20.95,20.95,0.0,36.8,1.74,,,,,
1778,1731,美吾華,市,10/06,,20.9,0.1,0.48,76,1.59,20.8,20.85,20.95,20.85,0.48,13.8,1.27,,,,,
1779,3043,科風,市,10/06,,20.85,0.0,0.0,108,2.25,20.85,20.9,20.95,20.6,1.68,,1.1,,,,,
1780,8171,天宇,櫃,10/06,,20.85,0.15,0.72,132,2.71,20.7,20.65,20.85,20.5,1.69,,1.26,,,,,
1781,1541,錩泰,市,10/06,,20.7,0.1,0.49,14,0.29,20.6,20.35,20.7,20.35,1.7,7.72,0.75,,,,,
1782,8426,紅木-KY,櫃,10/06,,20.7,0.1,0.49,38,0.79,20.6,20.35,20.8,20.3,2.43,9.67,0.9,,,,,
1783,009802,富邦旗艦50,市,10/06,,20.61,0.31,1.53,7804,160.0,20.3,20.59,20.62,20.45,0.84,,0.9952,,,,,
1784,3712,永崴投控,市,10/06,,20.6,0.0,0.0,395,8.13,20.6,20.65,20.8,20.5,1.46,,1.16,,,,,
1785,5211,蒙恬,櫃,10/06,,20.6,-0.3,-1.44,22,0.45,20.9,20.9,20.9,20.6,1.44,,1.94,,,,,
1786,6020,大展證,櫃,10/06,,20.55,-0.05,-0.24,6,0.13,20.6,20.6,20.6,20.55,0.24,5.69,0.94,,,,,
1787,020029,元大ESG高股息N,市,10/06,,20.54,-0.21,-1.01,2,0.04,20.75,20.54,20.54,20.54,0.0,,1.0008,,,,,
1788,3073,天方能源,櫃,10/06,,20.5,-0.05,-0.24,12,0.25,20.55,20.6,20.6,20.4,0.97,,1.21,,,,,
1789,2332,友訊,市,10/06,,20.4,0.25,1.24,6745,138.0,20.15,20.4,20.7,20.2,2.48,,1.48,,,,,
1790,4133,亞諾法,市,10/06,,20.4,0.1,0.49,52,1.07,20.3,20.45,20.55,20.3,1.23,27.2,0.97,,,,,
1791,5245,智晶,櫃,10/06,,20.4,-0.15,-0.73,100,2.03,20.55,20.55,20.55,20.15,1.95,,1.46,,,,,
1792,5481,新華,櫃,10/06,,20.4,-1.3,-5.99,694,13.9,21.7,21.7,21.7,19.55,9.91,,1.16,,,,,
1793,3038,全台,市,10/06,,20.35,-0.05,-0.25,219,4.46,20.4,20.4,20.55,20.25,1.47,13.8,1.15,,,,,
1794,2642,宅配通,市,10/06,,20.25,0.1,0.5,42,0.86,20.15,20.15,20.35,20.15,0.99,,1.06,,,,,
1795,2838,聯邦銀,市,10/06,,20.25,0.05,0.25,1275,25.9,20.2,20.2,20.4,20.2,0.99,14.3,1.05,,,,,
1796,00992A,主動群益科技創新,市,10/06,,20.23,0.02,0.1,41244,832.0,20.21,20.34,20.34,20.06,1.39,,0.9995,,,,,
1797,2501,國建,市,10/06,,20.2,-0.15,-0.74,1914,39.0,20.35,20.35,20.55,20.2,1.72,7.01,0.73,,,,,
1798,3232,昱捷,櫃,10/06,,20.2,-0.05,-0.25,51,1.03,20.25,20.45,20.45,20.0,2.22,28.5,1.36,,,,,
1799,5547,久舜,櫃,10/06,,20.2,0.15,0.75,18,0.37,20.05,20.1,20.2,20.1,0.5,10.2,1.24,,,,,
1800,6512,啟發電,櫃,10/06,,20.2,0.0,0.0,1,0.02,20.2,20.2,20.2,20.2,0.0,,1.54,,,,,
1801,3128,昇銳,櫃,10/06,,20.15,0.1,0.5,124,2.48,20.05,20.0,20.4,19.5,4.49,17.7,1.22,,,,,
1802,5213,亞昕,櫃,10/06,,20.15,0.0,0.0,200,4.03,20.15,20.25,20.25,20.05,0.99,45.8,1.01,,,,,
1803,2462,良得電,市,10/06,,20.1,-0.6,-2.9,719,14.8,20.7,20.9,21.2,20.05,5.56,32.4,0.92,,,,,
1804,2610,華航,市,10/06,,20.1,0.0,0.0,8515,172.0,20.1,20.15,20.25,20.1,0.75,9.26,1.23,,,,,
1805,00714,群益道瓊美國地產,市,10/06,,20.08,-0.08,-0.4,125,2.52,20.16,20.11,20.11,20.06,0.25,,0.9985,,,,,
1806,1598,岱宇,市,10/06,,20.0,-0.35,-1.72,173,3.49,20.35,20.35,20.35,20.0,1.72,,0.79,,,,,
1807,2646,星宇航空,市,10/06,,20.0,-0.05,-0.25,2619,52.5,20.05,20.05,20.1,20.0,0.5,,1.96,,,,,
1808,5548,安倉,櫃,10/06,,20.0,-0.05,-0.25,30,0.59,20.05,20.05,20.05,19.95,0.5,10.6,1.03,,,,,
1809,6222,立軒,櫃,10/06,,20.0,0.1,0.5,7,0.14,19.9,19.95,20.0,19.95,0.25,,1.58,,,,,
1810,8440,綠電,櫃,10/06,,20.0,-0.2,-0.99,47,0.95,20.2,20.2,20.35,20.0,1.73,20.2,1.51,,,,,
1811,8476,台境*,市,10/06,,20.0,-0.2,-0.99,132,2.65,20.2,20.2,20.3,20.0,1.49,71.4,1.73,,,,,
1812,9940,信義,市,10/06,,20.0,0.1,0.5,105,2.09,19.9,19.9,20.0,19.85,0.75,20.4,1.11,,,,,
1813,4413,飛寶企業,櫃,10/06,,19.9,0.0,0.0,0,0.0,19.9,19.9,19.9,19.9,0.0,17.3,1.82,,,,,
1814,7835,永悅健康-創,市,10/06,,19.9,0.0,0.0,118,2.36,19.9,19.6,21.65,19.5,10.8,,4.97,,,,,
1815,7723,築間,櫃,10/06,,19.85,1.8,9.97,822,16.2,18.05,18.2,19.85,18.2,9.14,,1.49,,,,,
1816,00951,台新日本半導體,市,10/06,,19.84,0.17,0.86,2206,43.6,19.67,19.75,19.84,19.63,1.07,,0.994,,,,,
1817,2530,華建,市,10/06,,19.8,-0.05,-0.25,219,4.34,19.85,19.85,19.95,19.7,1.26,29.1,1.67,,,,,
1818,4729,熒茂,櫃,10/06,,19.8,0.0,0.0,145,2.86,19.8,19.8,19.9,19.6,1.52,44.0,1.33,,,,,
1819,6216,居易,市,10/06,,19.8,-0.1,-0.5,61,1.21,19.9,19.9,19.9,19.7,1.01,52.1,1.17,,,,,
1820,2438,翔耀,市,10/06,,19.75,-0.35,-1.74,128,2.48,20.1,20.0,20.0,19.0,4.98,,3.54,,,,,
1821,6198,瑞築,櫃,10/06,,19.7,0.25,1.29,1,0.02,19.45,19.7,19.7,19.7,0.0,,0.72,,,,,
1822,00900,富邦特選高股息30,市,10/06,,19.64,0.15,0.77,6413,126.0,19.49,19.55,19.64,19.55,0.46,,0.9944,,,,,
1823,3511,矽瑪,櫃,10/06,,19.6,-0.65,-3.21,139,2.77,20.25,20.25,20.45,19.6,4.2,,1.23,,,,,
1824,2719,燦星旅,櫃,10/06,,19.45,0.05,0.26,7,0.14,19.4,19.5,19.5,19.2,1.55,28.6,1.8,,,,,
1825,3027,盛達,市,10/06,,19.45,0.65,3.46,1789,35.8,18.8,18.85,20.65,18.85,9.57,,1.17,,,,,
1826,4167,松瑞藥,櫃,10/06,,19.45,0.0,0.0,577,11.3,19.45,19.45,19.65,19.4,1.29,6.25,1.37,,,,,
1827,6276,安鈦克,櫃,10/06,,19.45,-0.3,-1.52,10,0.2,19.75,19.6,19.95,19.45,2.53,,3.41,,,,,
1828,8034,榮群,櫃,10/06,,19.45,-0.3,-1.52,95,1.86,19.75,19.75,19.75,19.45,1.52,16.3,1.63,,,,,
1829,3492,長盛,櫃,10/06,,19.4,-0.3,-1.52,31,0.6,19.7,19.65,19.7,19.4,1.52,15.2,1.07,,,,,
1830,00991A,主動復華未來50,市,10/06,,19.35,-0.12,-0.62,63298,1226.0,19.47,19.56,19.56,19.25,1.59,,0.9938,,,,,
1831,6128,上福,市,10/06,,19.35,0.35,1.84,23,0.44,19.0,19.25,19.35,19.0,1.84,,0.88,,,,,
1832,8089,康全電訊,櫃,10/06,,19.35,0.0,0.0,84,1.62,19.35,19.35,19.35,19.2,0.78,,1.28,,,,,
1833,00980D,主動聯博投等入息,櫃,10/06,,19.33,-0.05,-0.26,467,9.02,19.38,19.36,19.36,19.3,0.31,,0.9992,,,,,
1834,3703,欣陸,市,10/06,,19.3,-0.1,-0.52,737,14.3,19.4,19.4,19.5,19.3,1.03,9.85,0.58,,,,,
1835,4207,環泰,櫃,10/06,,19.3,-0.15,-0.77,282,5.43,19.45,19.35,19.35,19.15,1.03,10.2,1.33,,,,,
1836,6916,華凌,市,10/06,,19.25,0.2,1.05,48,0.92,19.05,19.4,19.4,18.9,2.62,,1.24,,,,,
1837,2032,新鋼,市,10/06,,19.15,0.15,0.79,1199,22.9,19.0,19.1,19.55,18.55,5.26,13.1,1.38,,,,,
1838,00706L,期元大S&P日圓正2,市,10/06,,19.05,-0.05,-0.26,536,10.2,19.1,19.1,19.11,19.05,0.31,,0.9995,,,,,
1839,1473,台南,市,10/06,,19.05,-0.05,-0.26,88,1.68,19.1,19.1,19.1,19.05,0.26,54.4,0.72,,,,,
1840,3512,皇龍,櫃,10/06,,19.05,0.1,0.53,43,0.82,18.95,19.1,19.1,19.0,0.53,10.2,0.86,,,,,
1841,5315,光聯,櫃,10/06,,19.05,0.2,1.06,248,4.73,18.85,18.85,19.35,18.8,2.92,11.4,1.17,,,,,
1842,009809,富邦淨零ESG50,市,10/06,,19.0,-0.01,-0.05,128,2.43,19.01,19.0,19.0,18.93,0.37,,0.9974,,,,,
1843,1714,和桐,市,10/06,,19.0,0.5,2.7,99858,1833.0,18.5,18.5,19.2,17.1,11.4,16.0,1.41,,,,,
1844,2528,皇普,市,10/06,,19.0,-0.05,-0.26,389,7.34,19.05,19.05,19.05,18.8,1.31,8.84,1.1,,,,,
1845,6283,淳安,市,10/06,,19.0,0.1,0.53,50,0.95,18.9,19.0,19.0,18.8,1.06,,1.7,,,,,
1846,00988B,玉山嚴選非投債,櫃,10/06,,18.99,-0.03,-0.16,1654,31.4,19.02,19.02,19.02,18.96,0.32,,1.0011,,,,,
1847,2002,中鋼,市,10/06,,18.95,0.05,0.26,18408,348.0,18.9,19.0,19.0,18.85,0.79,,0.96,,,,,
1848,6152,百一,市,10/06,,18.95,1.7,9.86,6161,117.0,17.25,18.95,18.95,18.9,0.29,,2.39,,,,,
1849,1540,喬福,市,10/06,,18.9,-0.05,-0.26,116,2.19,18.95,18.85,19.05,18.85,1.06,15.5,1.14,,,,,
1850,3002,歐格,市,10/06,,18.9,-0.3,-1.56,186,3.52,19.2,19.4,19.4,18.85,2.86,210.0,1.5,,,,,
1851,00995A,主動中信台灣卓越,市,10/06,,18.88,0.05,0.27,4282,80.8,18.83,18.98,18.98,18.75,1.22,,0.9968,,,,,
1852,1459,聯發,市,10/06,,18.85,-1.7,-8.27,7104,147.0,20.55,22.6,22.6,18.5,20.0,9.52,1.44,,,,,
1853,6506,雙邦,櫃,10/06,,18.85,0.2,1.07,190,3.55,18.65,18.6,18.85,18.6,1.34,12.7,1.22,,,,,
1854,1418,東華,市,10/06,,18.8,0.1,0.53,14,0.27,18.7,18.6,18.8,18.6,1.07,,0.9,,,,,
1855,2331,精英,市,10/06,,18.8,0.0,0.0,682,12.8,18.8,18.85,18.9,18.75,0.8,18.4,0.97,,,,,
1856,8403,盛弘,櫃,10/06,,18.8,-0.05,-0.27,112,2.11,18.85,18.95,18.95,18.8,0.8,15.9,0.78,,,,,
1857,00668K,國泰美國道瓊+U,市,10/06,,18.76,0.03,0.16,0,0.0,18.73,18.76,18.76,18.76,0.0,,1.0011,,,,,
1858,00952,凱基台灣AI50,市,10/06,,18.76,0.06,0.32,2229,41.9,18.7,18.79,18.86,18.71,0.8,,0.9968,,,,,
1859,8935,邦泰,櫃,10/06,,18.75,0.0,0.0,31,0.57,18.75,18.75,18.8,18.45,1.87,,2.45,,,,,
1860,2812,台中銀,市,10/06,,18.7,0.15,0.81,7846,146.0,18.55,18.6,18.75,18.55,1.08,11.2,1.17,,,,,
1861,1789,神隆,市,10/06,,18.65,0.15,0.81,231,4.31,18.5,18.65,18.8,18.55,1.35,466.0,1.41,,,,,
1862,00703,台新MSCI中國,市,10/06,,18.63,0.13,0.7,7,0.12,18.5,18.7,18.78,18.63,0.81,,0.992,,,,,
1863,8927,北基,櫃,10/06,,18.6,-0.25,-1.33,246,4.59,18.85,18.7,18.8,18.6,1.06,20.4,1.39,,,,,
1864,1776,展宇,市,10/06,,18.5,0.1,0.54,29,0.53,18.4,18.2,18.5,18.2,1.63,20.3,1.26,,,,,
1865,3349,寶德,櫃,10/06,,18.5,-0.5,-2.63,65,1.2,19.0,19.0,19.0,18.45,2.89,,2.78,,,,,
1866,00710B,復華彭博非投等債,市,10/06,,18.49,-0.03,-0.16,220,4.06,18.52,18.5,18.51,18.47,0.22,,1.0038,,,,,
1867,2208,台船,市,10/06,,18.45,0.0,0.0,3505,65.0,18.45,18.65,18.7,18.4,1.63,37.7,3.1,,,,,
1868,4711,永純,櫃,10/06,,18.45,1.65,9.82,1791,32.2,16.8,16.8,18.45,16.8,9.82,21.7,1.09,,,,,
1869,3576,聯合再生,市,10/06,,18.4,-0.45,-2.39,13161,244.0,18.85,19.05,19.1,18.35,3.98,34.1,2.32,,,,,
1870,6804,明係,櫃,10/06,,18.4,-0.15,-0.81,32,0.57,18.55,18.55,18.55,17.95,3.23,,0.69,,,,,
1871,020011,統一微波高息20N,市,10/06,,18.38,0.0,0.0,0,0.0,18.77,18.38,18.38,18.38,0.0,,1.0089,,,,,
1872,2536,宏普,市,10/06,,18.35,0.0,0.0,203,3.73,18.35,18.4,18.4,18.25,0.82,4.42,0.48,,,,,
1873,2924,宏太-KY,櫃,10/06,,18.35,-0.95,-4.92,32,0.57,19.3,18.9,18.95,17.4,8.03,,2.11,,,,,
1874,00989A,主動摩根美國科技,市,10/06,,18.34,0.28,1.55,3562,65.2,18.06,18.1,18.35,18.1,1.38,,0.993,,,,,
1875,00994A,主動第一金台股優,市,10/06,,18.32,-0.04,-0.22,3938,72.0,18.36,18.4,18.45,18.18,1.47,,0.994,,,,,
1876,1616,億泰,市,10/06,,18.3,0.0,0.0,147,2.67,18.3,18.3,18.3,18.15,0.82,41.6,1.69,,,,,
1877,009807,台新標普科技精選,櫃,10/06,,18.28,0.05,0.27,30,0.55,18.23,18.25,18.28,18.25,0.16,,0.9973,,,,,
1878,4102,永日,櫃,10/06,,18.25,0.25,1.39,35,0.64,18.0,18.0,18.65,18.0,3.61,,1.29,,,,,
1879,6674,鋐寶科技,市,10/06,,18.25,-0.05,-0.27,88,1.61,18.3,18.3,18.3,18.25,0.27,,1.6,,,,,
1880,00987A,主動台新優勢成長,市,10/06,,18.2,-0.14,-0.76,2836,51.7,18.34,18.41,18.44,18.1,1.85,,0.9967,,,,,
1881,1584,精剛,櫃,10/06,,18.15,0.05,0.28,302,5.47,18.1,18.15,18.25,18.0,1.38,30.8,0.88,,,,,
1882,2938,床的世界,櫃,10/06,,18.15,0.0,0.0,52,0.94,18.15,18.2,18.25,18.05,1.1,,0.53,,,,,
1883,4142,國光生,市,10/06,,18.15,0.25,1.4,1286,23.4,17.9,18.05,18.3,17.95,1.96,,1.65,,,,,
1884,1336,台翰,櫃,10/06,,18.1,0.1,0.56,343,6.27,18.0,18.05,18.55,17.9,3.61,24.5,0.74,,,,,
1885,9935,慶豐富,市,10/06,,18.1,-0.2,-1.09,293,5.34,18.3,18.3,18.4,18.0,2.19,7.33,1.19,,,,,
1886,00637L,元大滬深300正2,市,10/06,,18.06,0.05,0.28,5308,95.9,18.01,18.06,18.14,18.02,0.67,,1.0,,,,,
1887,2239,英利-KY,市,10/06,,18.05,-0.45,-2.43,104,1.88,18.5,18.5,18.5,17.95,2.97,,0.18,,,,,
1888,4430,耀億,櫃,10/06,,18.05,0.3,1.69,43,0.79,17.75,19.3,19.3,17.6,9.58,47.5,0.58,,,,,
1889,9928,中視,市,10/06,,18.05,0.05,0.28,37,0.67,18.0,18.25,18.3,17.95,1.94,,0.61,,,,,
1890,1434,福懋,市,10/06,,18.0,0.15,0.84,1248,22.4,17.85,17.85,18.05,17.75,1.68,19.6,0.62,,,,,
1891,4433,興采,櫃,10/06,,18.0,0.3,1.69,111,1.99,17.7,17.55,18.0,17.5,2.82,15.9,0.6,,,,,
1892,6153,嘉聯益,市,10/06,,18.0,0.15,0.84,3233,58.6,17.85,18.15,18.35,17.95,2.24,,1.34,,,,,
1893,8409,商之器,櫃,10/06,,18.0,0.0,0.0,5,0.09,18.0,18.0,18.0,18.0,0.0,17.6,1.92,,,,,
1894,8923,時報,櫃,10/06,,18.0,0.0,0.0,1,0.01,18.0,18.0,18.0,18.0,0.0,22.2,1.23,,,,,
1895,00971,野村美國研發龍頭,市,10/06,,17.99,0.07,0.39,319,5.75,17.92,18.0,18.0,17.95,0.28,,0.9939,,,,,
1896,2062,橋椿,市,10/06,,17.9,0.0,0.0,118,2.1,17.9,17.95,17.95,17.8,0.84,63.9,0.47,,,,,
1897,4999,鑫禾,市,10/06,,17.9,0.0,0.0,34,0.61,17.9,17.8,17.9,17.7,1.12,,0.42,,,,,
1898,8423,保綠-KY,櫃,10/06,,17.9,0.1,0.56,42,0.78,17.8,17.8,18.7,17.8,5.06,16.6,1.21,,,,,
1899,6015,宏遠證,櫃,10/06,,17.85,-0.25,-1.38,1626,29.3,18.1,18.3,18.4,17.85,3.04,4.1,1.05,,,,,
1900,1586,和勤,櫃,10/06,,17.8,0.0,0.0,264,4.68,17.8,17.9,17.9,17.6,1.69,46.8,0.9,,,,,
1901,3321,同泰,市,10/06,,17.8,-0.4,-2.2,237,4.21,18.2,18.05,18.35,17.45,4.95,,2.28,,,,,
1902,3520,華盈,櫃,10/06,,17.8,-0.25,-1.39,305,5.45,18.05,18.2,18.3,17.6,3.88,,1.54,,,,,
1903,6158,禾昌,櫃,10/06,,17.8,0.0,0.0,60,1.06,17.8,17.8,17.8,17.55,1.4,,0.87,,,,,
1904,2905,三商,市,10/06,,17.75,0.1,0.57,386,6.85,17.65,17.6,17.85,17.6,1.42,6.55,0.42,,,,,
1905,6228,全譜,櫃,10/06,,17.7,-0.3,-1.67,4,0.07,18.0,18.0,18.0,17.7,1.67,,1.95,,,,,
1906,8084,巨虹,櫃,10/06,,17.7,-1.95,-9.92,99,1.76,19.65,17.7,17.7,17.7,0.0,,2.41,,,,,
1907,00907,永豐優息存股,市,10/06,,17.68,0.11,0.63,449,7.92,17.57,17.56,17.68,17.56,0.68,,0.9961,,,,,
1908,00885,富邦越南,市,10/06,,17.66,-0.09,-0.51,2179,38.6,17.75,17.75,17.8,17.63,0.96,,0.9916,,,,,
1909,1742,台蠟,櫃,10/06,,17.65,0.3,1.73,74,1.29,17.35,17.8,17.8,17.35,2.59,,1.29,,,,,
1910,2430,燦坤,市,10/06,,17.65,0.15,0.86,47,0.82,17.5,17.5,17.65,17.5,0.86,35.3,0.48,,,,,
1911,7803,雲象科技-創,市,10/06,,17.65,0.0,0.0,86,1.49,17.65,17.65,17.65,17.1,3.12,,2.87,,,,,
1912,00932,兆豐永續高息等權,市,10/06,,17.63,0.05,0.28,531,9.35,17.58,17.65,17.65,17.56,0.51,,0.996,,,,,
1913,00988A,主動統一全球創新,市,10/06,,17.6,0.13,0.74,31493,554.0,17.47,17.63,17.65,17.52,0.74,,0.9882,,,,,
1914,1463,強盛新,市,10/06,,17.6,0.1,0.57,99,1.74,17.5,17.7,17.75,17.5,1.43,,1.18,,,,,
1915,4178,永笙-KY,市,10/06,,17.6,-0.05,-0.28,161,2.81,17.65,17.9,17.9,17.3,3.4,,1.85,,,,,
1916,6210,慶生,櫃,10/06,,17.6,-0.4,-2.22,18,0.32,18.0,17.7,17.7,17.25,2.5,,1.81,,,,,
1917,3191,雲嘉南,櫃,10/06,,17.55,0.55,3.24,3,0.05,17.0,16.95,17.55,16.95,3.53,22.2,3.13,,,,,
1918,5272,笙科,櫃,10/06,,17.55,-0.35,-1.96,69,1.21,17.9,17.8,17.8,17.45,1.96,,1.18,,,,,
1919,8059,凱碩,櫃,10/06,,17.55,-0.25,-1.4,58,1.03,17.8,17.8,18.0,17.55,2.53,,1.99,,,,,
1920,4192,杏國,櫃,10/06,,17.5,-0.3,-1.69,54,0.95,17.8,17.8,17.8,17.5,1.69,,2.81,,,,,
1921,5276,達輝-KY,櫃,10/06,,17.5,-0.65,-3.58,2,0.04,18.15,17.6,17.6,17.5,0.55,16.7,1.33,,,,,
1922,5460,同協,櫃,10/06,,17.5,-0.05,-0.28,80,1.4,17.55,17.55,17.6,17.3,1.71,103.0,1.38,,,,,
1923,8201,無敵,市,10/06,,17.5,1.15,7.03,684,11.9,16.35,17.8,17.8,16.7,6.73,,2.44,,,,,
1924,5348,正能量智能,櫃,10/06,,17.4,0.35,2.05,28,0.48,17.05,17.5,17.5,17.2,1.76,,2.37,,,,,
1925,6901,鑽石投資,市,10/06,,17.4,-0.6,-3.33,3312,58.7,18.0,17.9,18.3,17.4,5.0,5.07,1.21,,,,,
1926,2834,臺企銀,市,10/06,,17.35,0.05,0.29,15196,263.0,17.3,17.3,17.4,17.25,0.87,13.7,1.09,,,,,
1927,1414,東和,市,10/06,,17.3,0.0,0.0,40,0.69,17.3,17.3,17.35,17.15,1.16,30.9,1.15,,,,,
1928,1710,東聯,市,10/06,,17.3,-0.2,-1.14,3873,67.2,17.5,17.6,17.7,17.15,3.14,,1.37,,,,,
1929,4538,大詠城,櫃,10/06,,17.3,0.05,0.29,18,0.32,17.25,17.45,17.5,17.2,1.74,43.2,1.24,,,,,
1930,4173,久裕,櫃,10/06,,17.25,-0.05,-0.29,21,0.36,17.3,17.3,17.3,17.15,0.87,21.3,0.68,,,,,
1931,020034,元大IC設計N,市,10/06,,17.22,-0.31,-1.77,29,0.5,17.53,17.43,17.43,17.22,1.2,,0.9999,,,,,
1932,2641,正德,櫃,10/06,,17.2,-0.05,-0.29,1106,19.1,17.25,17.25,17.5,17.15,2.03,7.41,0.68,,,,,
1933,6248,沛波,櫃,10/06,,17.15,0.0,0.0,33,0.56,17.15,17.15,17.2,17.0,1.17,12.7,0.78,,,,,
1934,6958,日盛台駿,市,10/06,,17.15,0.5,3.0,82,1.36,16.65,16.5,17.15,16.25,5.41,,0.72,,,,,
1935,8068,全達,櫃,10/06,,17.15,-0.35,-2.0,192,3.3,17.5,17.4,17.45,17.05,2.29,,1.25,,,,,
1936,9944,新麗,市,10/06,,17.15,-0.1,-0.58,37,0.64,17.25,17.2,17.2,17.0,1.16,27.7,0.52,,,,,
1937,009816,凱基台灣TOP50,市,10/06,,17.06,0.07,0.41,86884,1478.0,16.99,17.05,17.07,16.95,0.71,,1.0012,,,,,
1938,2505,國揚,市,10/06,,17.05,0.05,0.29,85,1.44,17.0,16.95,17.05,16.85,1.18,8.74,0.6,,,,,
1939,4440,宜新實業,市,10/06,,17.05,-0.6,-3.4,122,2.11,17.65,17.5,17.55,17.05,2.83,8.7,0.86,,,,,
1940,00643,群益深証中小,市,10/06,,17.03,0.02,0.12,2204,37.5,17.01,17.01,17.03,17.0,0.18,,0.9884,,,,,
1941,1451,年興,市,10/06,,17.0,0.0,0.0,105,1.78,17.0,17.0,17.05,16.9,0.88,11.3,0.46,,,,,
1942,6641,基士德-KY,市,10/06,,17.0,-0.05,-0.29,10,0.18,17.05,16.85,17.0,16.85,0.88,21.2,0.41,,,,,
1943,8011,台通,市,10/06,,17.0,0.9,5.59,2316,38.9,16.1,16.15,17.3,16.15,7.14,23.3,0.89,,,,,
1944,2014,中鴻,市,10/06,,16.95,0.1,0.59,1157,19.6,16.85,16.9,17.0,16.8,1.19,,1.98,,,,,
1945,6661,威健生技,櫃,10/06,,16.95,0.35,2.11,1,0.02,16.6,16.95,16.95,16.95,0.0,,1.45,,,,,
1946,2028,威致,市,10/06,,16.9,0.1,0.6,95,1.6,16.8,17.0,17.0,16.7,1.79,39.3,1.14,,,,,
1947,2461,光群雷,市,10/06,,16.9,-0.05,-0.29,931,15.8,16.95,16.95,17.2,16.8,2.36,36.7,0.92,,,,,
1948,3067,全域,櫃,10/06,,16.9,0.0,0.0,0,0.0,16.9,16.9,16.9,16.9,0.0,563.0,1.36,,,,,
1949,5438,東友,櫃,10/06,,16.9,-0.2,-1.17,43,0.72,17.1,17.0,17.1,16.85,1.46,,0.59,,,,,
1950,4558,寶緯,櫃,10/06,,16.85,0.1,0.6,28,0.48,16.75,16.9,17.15,16.85,1.79,18.9,0.94,,,,,
1951,6236,中湛,櫃,10/06,,16.85,0.0,0.0,0,0.0,16.9,16.85,16.85,16.85,0.0,,4.51,,,,,
1952,4304,勝昱,櫃,10/06,,16.8,-0.2,-1.18,32,0.56,17.0,17.9,17.9,16.8,6.47,,3.29,,,,,
1953,00990A,主動元大AI新經濟,市,10/06,,16.77,0.18,1.08,15365,257.0,16.59,16.72,16.78,16.67,0.66,,0.9853,,,,,
1954,4171,瑞基,櫃,10/06,,16.75,-0.1,-0.59,65,1.08,16.85,16.85,17.0,16.5,2.97,,1.66,,,,,
1955,5608,四維航,市,10/06,,16.7,-0.1,-0.6,2094,35.4,16.8,16.8,17.2,16.7,2.98,167.0,0.67,,,,,
1956,9946,三發地產,市,10/06,,16.7,0.0,0.0,129,2.15,16.7,16.75,16.8,16.6,1.2,3.6,0.75,,,,,
1957,00700,富邦恒生國企,市,10/06,,16.67,0.25,1.52,25,0.42,16.42,16.44,16.75,16.44,1.89,,0.9934,,,,,
1958,2820,華票,市,10/06,,16.65,0.05,0.3,1777,29.6,16.6,16.6,16.75,16.6,0.9,9.85,0.8,,,,,
1959,00400A,主動國泰動能高息,市,10/06,,16.61,0.09,0.54,40627,672.0,16.52,16.6,16.63,16.4,1.39,,1.0012,,,,,
1960,2534,宏盛,市,10/06,,16.6,0.05,0.3,239,3.96,16.55,16.65,16.65,16.5,0.91,332.0,0.55,,,,,
1961,6431,光麗-KY,市,10/06,,16.6,-0.3,-1.78,29,0.48,16.9,16.85,16.85,16.35,2.96,,3.2,,,,,
1962,3164,景岳,市,10/06,,16.55,0.0,0.0,31,0.52,16.55,16.55,16.6,16.5,0.6,20.4,1.09,,,,,
1963,8354,冠好,櫃,10/06,,16.55,-0.15,-0.9,20,0.33,16.7,16.7,16.7,16.55,0.9,6.11,0.59,,,,,
1964,2102,泰豐,市,10/06,,16.5,0.1,0.61,350,5.77,16.4,16.4,16.8,16.4,2.44,1.9,0.79,,,,,
1965,2106,建大,市,10/06,,16.5,0.0,0.0,272,4.49,16.5,16.55,16.6,16.45,0.91,34.4,0.79,,,,,
1966,3372,典範,櫃,10/06,,16.5,0.15,0.92,380,6.25,16.35,16.4,16.8,16.1,4.28,,1.95,,,,,
1967,2380,虹光,市,10/06,,16.45,-0.15,-0.9,64,1.04,16.6,16.6,16.75,16.2,3.31,,1.67,,,,,
1968,4195,基米-創,市,10/06,,16.4,0.85,5.47,180,2.94,15.55,15.95,17.05,15.65,9.0,,1.97,,,,,
1969,6241,鑫永洋,櫃,10/06,,16.4,0.15,0.92,83,1.33,16.25,16.2,16.5,16.0,3.08,22.2,2.17,,,,,
1970,8921,沈氏,櫃,10/06,,16.4,0.0,0.0,0,0.0,16.45,16.4,16.4,16.4,0.0,,0.67,,,,,
1971,6578,達邦蛋白,櫃,10/06,,16.3,-0.05,-0.31,38,0.61,16.35,16.15,16.3,16.1,1.22,,1.16,,,,,
1972,00998A,主動復華金融股息,櫃,10/06,,16.29,0.14,0.87,4187,68.1,16.15,16.18,16.29,16.18,0.68,,0.9921,,,,,
1973,00984A,主動安聯台灣高息,市,10/06,,16.25,0.15,0.93,10565,171.0,16.1,16.26,16.27,16.14,0.81,,0.9994,,,,,
1974,2889,國票金,市,10/06,,16.2,0.2,1.25,3479,56.4,16.0,16.0,16.3,16.0,1.88,13.3,1.24,,,,,
1975,4513,福裕,櫃,10/06,,16.15,0.05,0.31,185,2.99,16.1,16.15,16.25,16.0,1.55,,1.49,,,,,
1976,4972,湯石照明,櫃,10/06,,16.1,-0.1,-0.62,57,0.93,16.2,16.2,16.2,16.05,0.93,,0.63,,,,,
1977,6118,建達,櫃,10/06,,16.1,0.05,0.31,51,0.81,16.05,16.05,16.2,16.05,0.93,101.0,1.3,,,,,
1978,6550,北極星藥業-KY,市,10/06,,16.05,-0.15,-0.93,454,7.35,16.2,16.2,16.45,16.05,2.47,,3.17,,,,,
1979,2614,東森,市,10/06,,15.95,-1.35,-7.8,5692,91.1,19.1,16.1,16.4,15.75,3.76,7.78,1.17,,,,,
1980,3373,熱映,櫃,10/06,,15.95,0.05,0.31,67,1.08,15.9,15.9,16.15,15.9,1.57,,0.96,,,,,
1981,00955,中信日本商社,櫃,10/06,,15.9,0.03,0.19,2627,41.7,15.87,15.85,15.9,15.82,0.5,,0.9975,,,,,
1982,020039,元大加權N,市,10/06,,15.9,0.0,0.0,8,0.13,15.9,15.94,15.94,15.9,0.25,,0.9968,,,,,
1983,6573,虹揚-KY,市,10/06,,15.9,-0.65,-3.93,344,5.5,16.55,16.55,16.55,15.8,4.53,11.0,2.2,,,,,
1984,020038,元大ESG配息N,市,10/06,,15.85,-0.14,-0.88,2,0.03,15.99,15.85,15.85,15.85,0.0,,1.0,,,,,
1985,6026,福邦證,櫃,10/06,,15.85,-0.15,-0.94,831,13.2,16.0,16.05,16.1,15.85,1.56,5.72,1.0,,,,,
1986,7780,大研生醫*,市,10/06,,15.85,0.05,0.32,1168,18.4,15.8,15.8,15.9,15.65,1.58,29.9,2.62,,,,,
1987,4930,燦星網,市,10/06,,15.8,-0.1,-0.63,68,1.08,15.9,15.8,15.9,15.6,1.89,,0.4,,,,,
1988,1529,樂事綠能,市,10/06,,15.7,0.05,0.32,676,10.7,15.65,15.9,15.9,15.55,2.24,25.3,1.34,,,,,
1989,1539,巨庭,市,10/06,,15.7,0.05,0.32,29,0.45,15.65,15.6,15.7,15.55,0.96,18.5,0.64,,,,,
1990,2444,兆勁,市,10/06,,15.7,-0.5,-3.09,3113,48.7,16.2,15.8,16.45,15.15,8.02,,2.39,,,,,
1991,4502,健信,櫃,10/06,,15.7,-0.05,-0.32,22,0.34,15.75,15.65,15.75,15.6,0.95,,1.64,,,,,
1992,4564,元翎,市,10/06,,15.7,-0.25,-1.57,572,8.98,15.95,15.95,16.0,15.6,2.51,,0.92,,,,,
1993,3686,達能,市,10/06,,15.65,-0.1,-0.63,88,1.36,15.75,15.7,15.7,15.4,1.9,,1.82,,,,,
1994,00946,群益科技高息成長,市,10/06,,15.56,0.0,0.0,838,13.0,15.56,15.6,15.6,15.5,0.64,,0.9955,,,,,
1995,00982T,平衡兆豐台美動能,市,10/06,,15.56,-0.14,-0.89,147,2.29,15.7,15.7,15.7,15.52,1.15,,0.9949,,,,,
1996,2482,連宇,市,10/06,,15.55,-0.75,-4.6,184,2.93,16.3,16.2,16.3,15.55,4.6,,1.1,,,,,
1997,4950,金耘國際,櫃,10/06,,15.55,-0.45,-2.81,6,0.09,16.1,15.6,15.7,15.55,0.94,19.9,1.62,,,,,
1998,00650L,復華香港正2,市,10/06,,15.52,0.32,2.11,1317,20.5,15.2,15.62,15.68,15.5,1.18,,0.9961,,,,,
1999,4552,力達-KY,市,10/06,,15.5,-0.1,-0.64,49,0.75,15.6,15.4,15.55,15.4,0.96,14.5,0.28,,,,,
2000,8277,商丞,櫃,10/06,,15.5,0.2,1.31,76,1.18,15.3,15.3,15.55,15.3,1.63,,3.26,,,,,
2001,4128,中天,櫃,10/06,,15.45,0.0,0.0,1475,22.8,15.45,15.45,15.7,15.3,2.59,17.4,0.96,,,,,
2002,6116,彩晶,市,10/06,,15.45,-0.45,-2.83,40363,630.0,15.9,15.95,16.05,15.45,3.77,,1.18,,,,,
2003,8466,美吉吉-KY,市,10/06,,15.4,0.25,1.65,17,0.26,15.15,14.8,15.45,14.8,4.29,,0.41,,,,,
2004,00962,台新AI優息動能,市,10/06,,15.36,0.07,0.46,6839,105.0,15.29,15.36,15.43,15.27,1.05,,1.0026,,,,,
2005,00996A,主動兆豐台灣豐收,市,10/06,,15.36,0.01,0.07,16526,254.0,15.35,15.55,15.55,15.26,1.89,,1.002,,,,,
2006,3057,喬鼎,市,10/06,,15.3,-0.3,-1.92,73,1.13,15.6,15.6,15.6,15.25,2.24,,1.66,,,,,
2007,3252,海灣,櫃,10/06,,15.3,0.0,0.0,13,0.2,15.3,15.1,15.3,15.05,1.63,,0.39,,,,,
2008,2849,安泰銀,市,10/06,,15.25,-0.3,-1.93,142,2.19,15.55,15.8,15.8,15.2,3.86,15.7,0.83,,,,,
2009,3360,尚立,櫃,10/06,,15.25,-0.05,-0.33,201,3.06,15.3,15.3,15.35,15.1,1.63,1525.0,1.41,,,,,
2010,3150,鈺寶-創,市,10/06,,15.2,-0.15,-0.98,67,1.02,15.35,15.4,15.45,15.05,2.61,,1.14,,,,,
2011,4432,銘旺實,櫃,10/06,,15.2,-0.1,-0.65,33,0.5,15.3,15.2,15.25,15.05,1.31,3.19,0.49,,,,,
2012,00986A,主動台新龍頭成長,市,10/06,,15.18,0.05,0.33,263,4.0,15.13,15.13,15.2,15.13,0.46,,0.998,,,,,
2013,009805,台新美國電力基建,市,10/06,,15.17,-0.09,-0.59,3027,45.9,15.26,15.26,15.26,15.15,0.72,,1.0013,,,,,
2014,2611,志信,市,10/06,,15.15,-0.05,-0.33,1392,21.3,15.2,15.2,15.65,15.05,3.95,8.56,1.03,,,,,
2015,00987B,野村10+澳洲公債,櫃,10/06,,15.14,-0.03,-0.2,554,8.39,15.17,15.15,15.15,15.13,0.13,,0.9993,,,,,
2016,00887,永豐中國科技50大,櫃,10/06,,15.07,0.04,0.27,1769,26.6,15.03,15.04,15.1,15.04,0.4,,0.9934,,,,,
2017,2405,輔信,市,10/06,,15.05,-0.1,-0.66,789,11.9,15.15,15.2,15.2,15.05,0.99,,1.5,,,,,
2018,2705,六福,市,10/06,,15.05,0.0,0.0,87,1.3,15.05,15.0,15.1,15.0,0.66,20.3,0.58,,,,,
2019,5202,力新,櫃,10/06,,15.05,1.35,9.85,2310,34.5,13.7,13.75,15.05,13.7,9.85,,1.28,,,,,
2020,5514,三豐,櫃,10/06,,15.05,0.05,0.33,12,0.18,15.15,15.05,15.05,15.05,0.0,60.2,1.0,,,,,
2021,8105,凌巨,市,10/06,,15.05,-0.25,-1.63,1214,18.4,15.3,15.45,15.45,15.05,2.61,17.5,0.82,,,,,
2022,8940,新天地,市,10/06,,15.05,0.1,0.67,31,0.47,14.95,15.0,15.1,14.95,1.0,28.4,1.23,,,,,
2023,00639,富邦深100,市,10/06,,15.0,0.02,0.13,183,2.75,14.98,15.05,15.05,15.0,0.33,,0.9901,,,,,
2024,1338,廣華-KY,市,10/06,,15.0,0.05,0.33,42,0.63,14.95,14.95,15.0,14.8,1.34,,0.21,,,,,
2025,1432,大魯閣,市,10/06,,15.0,0.05,0.33,59,0.88,14.95,14.95,15.0,14.9,0.67,2.94,1.22,,,,,
2026,4934,太極,市,10/06,,15.0,0.2,1.35,778,11.7,14.8,15.0,15.3,14.65,4.39,,1.98,,,,,
2027,1526,日馳,市,10/06,,14.95,0.1,0.67,37,0.55,14.85,14.85,14.95,14.7,1.68,,0.68,,,,,
2028,4113,聯上,櫃,10/06,,14.95,0.15,1.01,88,1.32,14.8,14.8,15.1,14.8,2.03,,0.83,,,,,
2029,00984B,大華優利美A債15,櫃,10/06,,14.91,-0.08,-0.53,1613,24.0,14.99,14.96,14.96,14.87,0.6,,0.9993,,,,,
2030,00771,元大US高息特別股,市,10/06,,14.89,0.0,0.0,22,0.33,14.89,14.89,14.89,14.85,0.27,,1.0,,,,,
2031,1312,國喬,市,10/06,,14.85,0.35,2.41,21589,321.0,14.5,14.6,15.1,14.45,4.48,,0.57,,,,,
2032,00933B,國泰10Y+金融債,櫃,10/06,,14.81,-0.05,-0.34,11192,166.0,14.86,14.83,14.83,14.77,0.4,,0.9972,,,,,
2033,00964,中信亞太高股息,市,10/06,,14.81,0.03,0.2,1163,17.2,14.78,14.78,14.81,14.78,0.2,,1.0027,,,,,
2034,00882,中信中國高股息,市,10/06,,14.75,0.04,0.27,3369,49.7,14.71,14.68,14.78,14.68,0.68,,0.9946,,,,,
2035,3432,台端,市,10/06,,14.75,0.05,0.34,21,0.31,14.7,14.6,14.8,14.45,2.38,,2.12,,,,,
2036,4183,福永生技,櫃,10/06,,14.75,0.0,0.0,0,0.0,14.75,14.75,14.75,14.75,0.0,,1.31,,,,,
2037,8085,福華,櫃,10/06,,14.75,-0.1,-0.67,234,3.45,14.85,15.15,15.15,14.65,3.37,,1.79,,,,,
2038,00993A,主動安聯台灣,市,10/06,,14.73,-0.02,-0.14,4553,67.0,14.75,14.81,14.82,14.63,1.29,,0.9959,,,,,
2039,00684R,期元大美元指反1,市,10/06,,14.72,0.0,0.0,2,0.03,14.72,14.72,14.72,14.72,0.0,,0.9926,,,,,
2040,00734B,台新JPM新興債,櫃,10/06,,14.71,-0.05,-0.34,130,1.91,14.76,14.71,14.71,14.69,0.14,,0.998,,,,,
2041,4528,江興鍛,櫃,10/06,,14.7,-0.1,-0.68,34,0.5,14.8,14.8,14.8,14.6,1.35,,0.55,,,,,
2042,8066,來思達,櫃,10/06,,14.7,-0.15,-1.01,32,0.47,14.85,14.85,14.85,14.25,4.04,,0.98,,,,,
2043,9907,統一實,市,10/06,,14.7,-0.1,-0.68,1447,21.4,14.8,14.8,14.9,14.7,1.35,15.5,1.11,,,,,
2044,00401A,主動摩根台灣鑫收,市,10/06,,14.67,0.01,0.07,8769,129.0,14.66,14.72,14.73,14.6,0.89,,0.9966,,,,,
2045,1456,怡華,市,10/06,,14.55,-0.3,-2.02,249,3.7,14.85,14.85,15.05,14.55,3.37,5.03,0.74,,,,,
2046,5450,南良,櫃,10/06,,14.55,0.1,0.69,128,1.86,14.45,14.4,14.65,14.3,2.42,21.1,0.99,,,,,
2047,00711B,復華彭博新興債,市,10/06,,14.52,-0.08,-0.55,378,5.48,14.6,14.51,14.52,14.48,0.27,,0.9993,,,,,
2048,2516,新建,市,10/06,,14.5,-0.35,-2.36,314,4.62,14.85,14.9,15.1,14.5,4.04,9.6,1.49,,,,,
2049,00717,富邦美國特別股,市,10/06,,14.47,-0.04,-0.28,80,1.15,14.51,14.5,14.51,14.45,0.41,,0.9966,,,,,
2050,1218,泰山,市,10/06,,14.4,0.0,0.0,258,3.71,14.4,14.4,14.45,14.35,0.69,,0.61,,,,,
2051,4306,炎洲,市,10/06,,14.4,0.1,0.7,824,11.8,14.3,14.35,14.45,14.3,1.05,15.7,0.67,,,,,
2052,6129,普誠,櫃,10/06,,14.4,-0.15,-1.03,340,4.88,14.55,14.55,14.55,14.25,2.06,,1.58,,,,,
2053,1110,東泥,市,10/06,,14.35,0.0,0.0,340,4.85,14.35,14.45,14.45,14.05,2.79,22.8,0.86,,,,,
2054,1308,亞聚,市,10/06,,14.35,0.05,0.35,722,10.4,14.3,14.3,14.45,14.2,1.75,,0.79,,,,,
2055,2734,易飛網,櫃,10/06,,14.35,0.0,0.0,25,0.37,14.35,14.3,14.4,14.3,0.7,,1.26,,,,,
2056,3047,訊舟,市,10/06,,14.35,-0.05,-0.35,459,6.63,14.4,14.4,14.55,14.35,1.39,,1.3,,,,,
2057,4924,欣厚-KY,櫃,10/06,,14.3,-0.7,-4.67,244,3.57,15.0,15.3,15.3,14.3,6.67,17.9,1.34,,,,,
2058,2109,華豐,市,10/06,,14.25,0.0,0.0,117,1.67,14.25,14.3,14.3,14.2,0.7,10.4,1.12,,,,,
2059,4155,訊映,市,10/06,,14.2,-0.55,-3.73,518,7.56,14.75,14.75,14.85,14.2,4.41,8.21,0.79,,,,,
2060,5603,陸海,櫃,10/06,,14.2,0.65,4.8,247,3.44,13.55,13.4,14.5,13.3,8.86,,0.8,,,,,
2061,00945B,凱基美國非投等債,市,10/06,,14.19,0.01,0.07,5623,79.7,14.18,14.18,14.19,14.16,0.21,,1.0007,,,,,
2062,00983B,大華優利美公債20,櫃,10/06,,14.19,-0.11,-0.77,924,13.1,14.3,14.2,14.2,14.17,0.21,,0.9986,,,,,
2063,00908,富邦入息REITs+,市,10/06,,14.18,-0.07,-0.49,170,2.41,14.25,14.21,14.21,14.15,0.42,,0.9951,,,,,
2064,00897,富邦基因免疫生技,市,10/06,,14.16,0.29,2.09,1422,20.1,13.87,14.11,14.18,14.11,0.5,,0.9944,,,,,
2065,00991B,貝萊德A級公司債,市,10/06,,14.16,-0.05,-0.35,889,12.6,14.21,14.2,14.2,14.12,0.56,,0.9951,,,,,
2066,1466,聚隆,市,10/06,,14.15,-0.2,-1.39,133,1.89,14.35,14.45,14.45,14.15,2.09,,1.0,,,,,
2067,2012,春雨,市,10/06,,14.15,-0.05,-0.35,116,1.64,14.2,14.2,14.2,14.0,1.41,,1.05,,,,,
2068,2440,太空梭,市,10/06,,14.15,-0.35,-2.41,319,4.52,14.5,14.4,14.5,14.05,3.1,101.0,1.09,,,,,
2069,6120,達運,市,10/06,,14.15,-0.2,-1.39,7193,101.0,14.35,14.4,14.45,14.0,3.14,10.4,0.85,,,,,
2070,8450,霹靂,櫃,10/06,,14.15,-0.1,-0.7,22,0.3,14.25,14.15,14.2,14.0,1.4,,1.78,,,,,
2071,3266,昇陽,市,10/06,,14.1,0.2,1.44,57,0.8,13.9,13.9,14.15,13.85,2.16,27.6,0.8,,,,,
2072,3523,迎輝,櫃,10/06,,14.1,0.0,0.0,11,0.16,14.1,14.1,14.1,13.85,1.77,,2.46,,,,,
2073,6154,順發,櫃,10/06,,14.1,-0.1,-0.7,7,0.1,14.2,14.15,14.15,14.1,0.35,12.3,0.88,,,,,
2074,8477,創業家,櫃,10/06,,14.1,0.1,0.71,13,0.18,14.0,14.0,14.1,13.95,1.07,,1.68,,,,,
2075,1309,台達化,市,10/06,,14.05,0.0,0.0,832,11.7,14.05,14.1,14.15,13.9,1.78,,1.04,,,,,
2076,1457,宜進,市,10/06,,14.05,-0.25,-1.75,219,3.09,14.3,14.3,14.3,14.05,1.75,10.3,0.62,,,,,
2077,3276,宇環,櫃,10/06,,14.05,-0.1,-0.71,49,0.69,14.15,14.05,14.15,14.0,1.06,58.5,1.13,,,,,
2078,5546,永固-KY,市,10/06,,14.05,0.05,0.36,13,0.18,14.0,13.85,14.05,13.5,3.93,,0.63,,,,,
2079,9919,康那香,市,10/06,,14.05,0.15,1.08,867,12.3,13.9,14.0,14.3,14.0,2.16,,1.47,,,,,
2080,6160,欣技,櫃,10/06,,14.0,0.05,0.36,103,1.45,13.95,14.0,14.2,14.0,1.43,,1.63,,,,,
2081,2442,新美齊,市,10/06,,13.95,-0.05,-0.36,1268,17.6,14.0,14.0,14.0,13.7,2.14,2.73,0.65,,,,,
2082,3064,泰偉,櫃,10/06,,13.95,-0.35,-2.45,5,0.06,14.3,13.6,13.95,13.6,2.45,,3.57,,,,,
2083,3272,東碩,櫃,10/06,,13.95,-0.2,-1.41,18,0.25,14.15,13.95,13.95,13.9,0.35,,0.95,,,,,
2084,4188,安克,櫃,10/06,,13.9,0.05,0.36,63,0.88,13.85,14.3,14.3,13.8,3.61,,1.71,,,,,
2085,5533,皇鼎,市,10/06,,13.9,0.05,0.36,152,2.11,13.85,13.9,13.95,13.9,0.36,23.6,0.42,,,,,
2086,00685L,群益臺灣加權正2,市,10/06,,13.87,0.11,0.8,162932,2245.0,13.76,13.87,13.88,13.67,1.53,,1.0014,,,,,
2087,009806,台新標普500,櫃,10/06,,13.87,0.1,0.73,73,1.01,13.77,13.84,13.87,13.83,0.29,,1.0,,,,,
2088,2023,燁輝,市,10/06,,13.85,0.05,0.36,502,6.96,13.8,13.8,13.95,13.8,1.09,,0.8,,,,,
2089,2025,千興,市,10/06,,13.85,-0.05,-0.36,878,12.3,13.9,14.0,14.3,13.8,3.6,10.7,1.15,,,,,
2090,4401,東隆興,櫃,10/06,,13.85,0.05,0.36,61,0.84,13.8,13.8,13.9,13.7,1.45,12.3,0.63,,,,,
2091,00986D,主動復華金融債息,櫃,10/06,,13.79,-0.04,-0.29,619,8.52,13.83,13.81,13.81,13.75,0.43,,0.9993,,,,,
2092,00983A,主動中信ARK創新,市,10/06,,13.75,0.4,3.0,2550,35.0,13.35,13.65,13.75,13.63,0.9,,1.0,,,,,
2093,020035,元大上櫃ESG高息N,櫃,10/06,,13.75,-0.25,-1.79,1,0.01,14.0,13.75,13.75,13.75,0.0,,0.9792,,,,,
2094,3607,谷崧,市,10/06,,13.75,-0.05,-0.36,71,0.98,13.8,13.8,13.8,13.7,0.72,28.6,0.97,,,,,
2095,009800,中信NASDAQ,市,10/06,,13.74,0.11,0.81,1000,13.7,13.63,13.74,13.75,13.71,0.29,,1.0007,,,,,
2096,2509,全坤建,市,10/06,,13.7,-0.25,-1.79,168,2.32,13.95,13.85,13.9,13.7,1.43,,0.8,,,,,
2097,009811,統一美國50,市,10/06,,13.68,0.08,0.59,1656,22.6,13.6,13.65,13.69,13.65,0.29,,0.9978,,,,,
2098,3024,憶聲,市,10/06,,13.65,-0.1,-0.73,659,9.05,13.75,13.9,13.9,13.65,1.82,455.0,1.26,,,,,
2099,3713,新晶投控,櫃,10/06,,13.65,0.1,0.74,43,0.58,13.55,13.45,13.65,13.3,2.58,,1.74,,,,,
2100,5398,慕康生醫,櫃,10/06,,13.65,0.0,0.0,56,0.77,13.65,13.65,14.1,13.65,3.3,136.0,1.3,,,,,
2101,3056,富華新,市,10/06,,13.6,0.0,0.0,392,5.35,13.6,13.65,13.7,13.6,0.74,,0.77,,,,,
2102,5344,立衛,櫃,10/06,,13.55,0.0,0.0,38,0.52,13.55,13.95,13.95,13.5,3.32,,2.13,,,,,
2103,00937B,群益ESG投等債20+,櫃,10/06,,13.54,-0.08,-0.59,84410,1142.0,13.62,13.58,13.58,13.52,0.44,,0.9995,,,,,
2104,1440,南紡,市,10/06,,13.5,0.1,0.75,2029,27.2,13.4,13.4,13.55,13.35,1.49,450.0,0.78,,,,,
2105,5703,亞都,櫃,10/06,,13.5,0.0,0.0,1,0.02,13.5,13.5,13.5,13.5,0.0,16.3,1.72,,,,,
2106,1516,川飛,市,10/06,,13.45,-0.3,-2.18,32,0.43,13.75,13.2,13.85,13.2,4.73,1345.0,2.67,,,,,
2107,3499,環天科,櫃,10/06,,13.45,-0.05,-0.37,54,0.72,13.5,13.5,13.55,13.25,2.22,,1.73,,,,,
2108,1446,宏和,市,10/06,,13.35,0.0,0.0,78,1.03,13.35,13.35,13.35,13.25,0.75,14.2,0.69,,,,,
2109,1468,昶和,市,10/06,,13.35,0.2,1.52,92,1.2,13.15,13.1,13.35,12.8,4.18,15.2,1.47,,,,,
2110,2906,高林,市,10/06,,13.35,0.1,0.75,39,0.52,13.25,13.35,13.35,13.2,1.13,16.1,0.82,,,,,
2111,00956,中信日經高股息,市,10/06,,13.33,0.09,0.68,181,2.41,13.24,13.29,13.33,13.29,0.3,,1.0023,,,,,
2112,00940,元大台灣價值高息,市,10/06,,13.3,0.04,0.3,8709,116.0,13.26,13.26,13.3,13.22,0.6,,0.9963,,,,,
2113,1109,信大,市,10/06,,13.3,0.1,0.76,75,0.99,13.2,13.2,13.35,13.2,1.14,19.0,0.55,,,,,
2114,2712,遠雄來,市,10/06,,13.3,-0.1,-0.75,39,0.51,13.4,13.15,13.3,13.1,1.49,,1.39,,,,,
2115,4402,郡都開發,櫃,10/06,,13.3,-0.25,-1.85,62,0.81,13.55,13.55,13.55,12.95,4.43,,1.58,,,,,
2116,6164,華興,市,10/06,,13.3,-0.55,-3.97,3706,50.1,13.85,14.25,14.25,13.1,8.3,51.2,1.12,,,,,
2117,8404,百和興業-KY,市,10/06,,13.3,0.3,2.31,367,4.84,13.0,13.0,13.4,12.95,3.46,16.0,0.77,,,,,
2118,009812,野村日本東證,市,10/06,,13.26,0.13,0.99,473,6.27,13.13,13.21,13.26,13.21,0.38,,0.997,,,,,
2119,6144,得利影,櫃,10/06,,13.2,0.15,1.15,16,0.21,13.05,13.4,13.6,13.15,3.45,,1.61,,,,,
2120,00961,FT臺灣永續高息,市,10/06,,13.19,0.05,0.38,42636,560.0,13.14,13.14,13.19,13.1,0.68,,0.9947,,,,,
2121,00410A,主動永豐科技趨勢,市,10/06,,13.16,-0.08,-0.6,3808,50.1,13.24,13.31,13.31,13.05,1.96,,0.9977,,,,,
2122,2616,山隆,市,10/06,,13.15,0.0,0.0,109,1.44,13.15,13.1,13.2,13.1,0.76,,0.72,,,,,
2123,1103,嘉泥,市,10/06,,13.1,0.05,0.38,218,2.86,13.05,13.05,13.1,13.05,0.38,9.16,0.49,,,,,
2124,00902,中信電池及儲能,市,10/06,,13.05,0.19,1.48,1376,17.9,12.86,12.91,13.1,12.91,1.48,,0.9849,,,,,
2125,009821,野村稀土關鍵資源,市,10/06,,13.05,0.02,0.15,3367,43.9,13.03,13.08,13.09,13.03,0.46,,1.0023,,,,,
2126,8421,旭源,櫃,10/06,,13.05,0.05,0.38,27,0.36,13.0,13.05,13.05,13.0,0.38,31.1,0.96,,,,,
2127,00942B,台新美A公司債20+,櫃,10/06,,13.01,-0.08,-0.61,3124,40.6,13.09,13.06,13.06,12.99,0.53,,0.9985,,,,,
2128,2024,志聯,市,10/06,,13.0,-0.15,-1.14,14,0.19,13.15,12.85,13.1,12.85,1.9,44.8,1.11,,,,,
2129,00950B,凱基A級公司債,櫃,10/06,,12.95,-0.05,-0.38,5904,76.3,13.0,12.96,12.96,12.91,0.38,,1.0008,,,,,
2130,9902,台火,市,10/06,,12.95,0.0,0.0,198,2.54,12.95,12.95,12.95,12.75,1.54,22.3,0.98,,,,,
2131,9912,偉聯,市,10/06,,12.95,-0.15,-1.15,36,0.46,13.1,13.15,13.15,12.95,1.53,,1.97,,,,,
2132,2845,遠東銀,市,10/06,,12.85,0.05,0.39,3991,51.3,12.8,12.8,12.9,12.8,0.78,12.7,0.87,,,,,
2133,6645,金萬林-創,市,10/06,,12.85,0.1,0.78,57,0.73,12.75,12.8,13.05,12.7,2.75,,1.86,,,,,
2134,8929,富堡,櫃,10/06,,12.85,-0.15,-1.15,13,0.17,13.0,12.8,12.9,12.8,0.77,36.7,0.81,,,,,
2135,3629,地心引力,櫃,10/06,,12.8,-0.55,-4.12,5,0.07,13.35,14.45,14.45,12.8,12.4,,9.77,,,,,
2136,6988,威力暘-創,市,10/06,,12.8,1.1,9.4,210,2.59,11.7,11.8,12.85,11.8,8.97,,0.84,,,,,
2137,00966B,統一ESG投等債15+,櫃,10/06,,12.78,-0.07,-0.54,636,8.12,12.85,12.81,12.81,12.77,0.31,,0.9961,,,,,
2138,020037,元大金融高股息N,市,10/06,,12.78,0.0,0.0,0,0.0,12.78,12.78,12.78,12.78,0.0,,0.9875,,,,,
2139,4121,優盛,櫃,10/06,,12.7,0.0,0.0,45,0.57,12.7,12.75,12.75,12.6,1.18,,0.74,,,,,
2140,1905,華紙,市,10/06,,12.65,-0.05,-0.39,1429,18.1,12.7,12.75,12.8,12.6,1.57,,0.82,,,,,
2141,6246,臺龍,櫃,10/06,,12.65,-0.05,-0.39,3,0.04,12.7,12.65,12.65,12.6,0.39,63.2,1.16,,,,,
2142,01002T,土銀國泰R1,市,10/06,,12.61,-0.05,-0.39,60,0.76,12.66,12.66,12.66,12.58,0.63,,,,,,,
2143,4416,三圓,櫃,10/06,,12.55,-0.2,-1.57,387,4.9,12.75,12.75,12.8,12.55,1.96,3.89,0.47,,,,,
2144,1304,台聚,市,10/06,,12.5,-0.1,-0.79,1369,17.2,12.6,12.6,12.65,12.45,1.59,,0.76,,,,,
2145,2904,匯僑,市,10/06,,12.5,-0.05,-0.4,21,0.27,12.55,12.55,12.55,12.5,0.4,24.5,0.78,,,,,
2146,6185,幃翔,櫃,10/06,,12.5,0.05,0.4,155,1.94,12.45,12.35,12.55,12.35,1.61,65.8,0.88,,,,,
2147,1313,聯成,市,10/06,,12.45,-0.05,-0.4,1963,24.6,12.5,12.5,12.65,12.35,2.4,,0.55,,,,,
2148,1449,佳和,市,10/06,,12.45,0.1,0.81,250,3.11,12.35,12.5,12.5,12.35,1.21,,0.64,,,,,
2149,2724,藝舍-KY,櫃,10/06,,12.45,0.0,0.0,0,0.0,12.45,12.45,12.45,12.45,0.0,,1.68,,,,,
2150,5324,士開,櫃,10/06,,12.45,0.05,0.4,111,1.38,12.4,12.35,12.45,12.35,0.81,,1.91,,,,,
2151,00963,中信全球高股息,市,10/06,,12.44,0.18,1.47,990,12.3,12.26,12.34,12.44,12.33,0.9,,1.0008,,,,,
2152,1305,華夏,市,10/06,,12.4,0.05,0.4,736,9.09,12.35,12.4,12.45,12.2,2.02,,0.94,,,,,
2153,8024,佑華,櫃,10/06,,12.4,0.0,0.0,39,0.48,12.4,12.55,12.55,12.25,2.42,,1.43,,,,,
2154,020040,元大上櫃ESG龍頭N,櫃,10/06,,12.39,0.0,0.0,0,0.0,12.3,12.39,12.39,12.39,0.0,,0.9861,,,,,
2155,2038,海光,市,10/06,,12.35,-0.3,-2.37,307,3.86,12.65,12.85,12.85,12.35,3.95,,0.63,,,,,
2156,00931B,統一美債20年,櫃,10/06,,12.31,-0.09,-0.73,2264,27.8,12.4,12.32,12.32,12.28,0.32,,0.9951,,,,,
2157,00957B,兆豐US優選投等債,櫃,10/06,,12.3,-0.07,-0.57,116,1.43,12.37,12.35,12.35,12.29,0.49,,0.9992,,,,,
2158,009815,大華美國MAG7+,櫃,10/06,,12.27,0.12,0.99,1708,20.9,12.15,12.22,12.27,12.22,0.41,,0.9992,,,,,
2159,3259,鑫創,櫃,10/06,,12.25,-0.75,-5.77,98,1.24,13.0,13.0,14.0,12.2,13.8,,2.64,,,,,
2160,00980T,平衡凱基美國TOP,櫃,10/06,,12.2,0.06,0.49,1020,12.4,12.14,12.16,12.2,12.15,0.41,,0.9975,,,,,
2161,1454,台富,市,10/06,,12.2,0.15,1.24,27,0.33,12.05,12.05,12.2,12.0,1.66,,1.14,,,,,
2162,6219,富旺,櫃,10/06,,12.2,0.05,0.41,105,1.27,12.15,12.15,12.2,12.05,1.23,13.7,0.77,,,,,
2163,2702,華園,市,10/06,,12.15,0.05,0.41,50,0.6,12.1,12.1,12.15,12.0,1.24,14.8,0.58,,,,,
2164,3049,精金,市,10/06,,12.15,-0.1,-0.82,2999,36.6,12.25,12.25,12.45,12.1,2.86,35.7,1.19,,,,,
2165,4745,合富-KY,櫃,10/06,,12.15,0.0,0.0,14,0.17,12.15,12.1,12.15,12.0,1.23,,0.28,,,,,
2166,5488,松普,櫃,10/06,,12.15,0.1,0.83,219,2.64,12.05,12.05,12.2,11.85,2.9,,1.1,,,,,
2167,00898,國泰基因免疫革命,市,10/06,,12.13,0.29,2.45,1557,18.9,11.84,12.03,12.16,12.03,1.1,,0.9951,,,,,
2168,2706,第一店,市,10/06,,12.1,0.05,0.41,81,0.98,12.05,12.05,12.25,12.05,1.66,18.1,0.59,,,,,
2169,3522,御嵿,櫃,10/06,,12.1,-0.05,-0.41,90,1.09,12.15,12.5,12.7,12.0,5.76,,1.77,,,,,
2170,8092,建暐,櫃,10/06,,12.1,-0.1,-0.82,74,0.89,12.2,12.5,12.5,11.95,4.51,86.4,1.28,,,,,
2171,00997A,主動群益美國增長,市,10/06,,12.05,0.07,0.58,15282,184.0,11.98,12.0,12.07,11.99,0.67,,0.9861,,,,,
2172,2064,晉椿,櫃,10/06,,12.0,0.05,0.42,6,0.07,11.95,11.9,12.0,11.8,1.67,600.0,0.9,,,,,
2173,2836,高雄銀,市,10/06,,12.0,0.05,0.42,431,5.17,11.95,12.0,12.05,12.0,0.42,15.8,0.81,,,,,
2174,4154,樂威科-KY,櫃,10/06,,12.0,0.15,1.27,1,0.01,11.85,12.0,12.0,12.0,0.0,,1.94,,,,,
2175,5516,雙喜,櫃,10/06,,12.0,0.0,0.0,33,0.39,12.0,11.9,12.0,11.75,2.08,11.7,1.33,,,,,
2176,6169,昱泉,櫃,10/06,,12.0,0.0,0.0,2,0.03,12.0,12.0,12.0,12.0,0.0,,1.39,,,,,
2177,3419,譁裕,市,10/06,,11.9,-0.15,-1.24,99,1.17,12.05,11.8,12.0,11.7,2.49,,1.61,,,,,
2178,4714,永捷,櫃,10/06,,11.9,-0.05,-0.42,608,7.24,11.95,11.95,12.0,11.75,2.09,,1.0,,,,,
2179,020031,統一IC設計臺灣N,市,10/06,,11.88,-0.16,-1.33,9,0.11,12.04,12.06,12.06,11.8,2.16,,1.0006,,,,,
2180,009801,中信美國創新科技,市,10/06,,11.87,0.07,0.59,828,9.82,11.8,11.82,11.88,11.82,0.51,,0.9992,,,,,
2181,2515,中工,市,10/06,,11.85,0.05,0.42,3166,37.4,11.8,11.85,11.9,11.75,1.27,25.8,0.82,,,,,
2182,2897B,王道銀乙特,市,10/06,,11.85,0.0,0.0,7,0.08,11.85,11.9,11.9,11.85,0.42,,,,,,,
2183,3672,康聯訊,櫃,10/06,,11.85,-0.45,-3.66,6,0.07,12.3,12.25,12.25,11.85,3.25,,1.66,,,,,
2184,8107,大億金茂,櫃,10/06,,11.8,-0.15,-1.26,48,0.57,11.95,11.7,12.05,11.7,2.93,9.37,0.56,,,,,
2185,00999A,主動野村臺灣高息,市,10/06,,11.77,0.01,0.09,9892,116.0,11.76,11.8,11.81,11.71,0.85,,0.9949,,,,,
2186,1416,廣豐,市,10/06,,11.75,-0.1,-0.84,152,1.79,11.85,11.85,11.85,11.7,1.27,9.96,0.49,,,,,
2187,3018,隆銘綠能,市,10/06,,11.7,-0.25,-2.09,40,0.46,11.95,11.75,11.75,11.25,4.18,,2.22,,,,,
2188,8411,福貞-KY,市,10/06,,11.7,0.0,0.0,282,3.29,11.7,11.75,11.8,11.5,2.56,33.4,0.41,,,,,
2189,8437,大地-KY,櫃,10/06,,11.7,0.7,6.36,180,2.11,11.0,11.0,12.1,10.85,11.4,,0.23,,,,,
2190,009813,貝萊德標普卓越50,市,10/06,,11.68,0.11,0.95,1686,19.7,11.57,11.62,11.69,11.62,0.61,,0.9974,,,,,
2191,00981T,平衡凱基雙核收息,市,10/06,,11.68,0.01,0.09,2564,29.9,11.67,11.66,11.68,11.64,0.34,,1.0017,,,,,
2192,3521,台鋼建設,櫃,10/06,,11.65,0.1,0.87,25,0.29,11.55,11.55,11.65,11.55,0.87,5.74,0.96,,,,,
2193,3050,鈺德,市,10/06,,11.6,-0.05,-0.43,453,5.22,11.65,11.65,11.65,11.45,1.72,22.3,0.74,,,,,
2194,020036,元大金融配息N,市,10/06,,11.54,0.0,0.0,0,0.0,11.54,11.54,11.54,11.54,0.0,,0.9938,,,,,
2195,009814,富邦標普500,櫃,10/06,,11.53,0.09,0.79,1326,15.3,11.44,11.48,11.53,11.48,0.44,,1.0009,,,,,
2196,1465,偉全,市,10/06,,11.5,-0.15,-1.29,73,0.84,11.65,11.65,11.75,11.45,2.58,20.2,0.76,,,,,
2197,9929,秋雨,市,10/06,,11.45,0.4,3.62,776,8.88,11.05,11.05,11.45,11.05,3.62,23.4,1.36,,,,,
2198,00403A,主動統一升級50,市,10/06,,11.42,-0.02,-0.17,151199,1724.0,11.44,11.46,11.49,11.34,1.31,,0.9948,,,,,
2199,3325,旭品,櫃,10/06,,11.4,-0.2,-1.72,143,1.63,11.6,11.5,11.55,11.35,1.72,,1.29,,,,,
2200,4108,懷特,市,10/06,,11.4,0.1,0.88,133,1.5,11.3,11.3,11.4,11.25,1.33,,1.17,,,,,
2201,1201,味全,市,10/06,,11.35,-0.05,-0.44,507,5.77,11.4,11.45,11.45,11.3,1.32,18.6,0.72,,,,,
2202,1718,中纖,市,10/06,,11.35,0.2,1.79,26374,294.0,11.15,11.2,11.4,10.8,5.38,19.2,0.64,,,,,
2203,020032,元大綠能N,市,10/06,,11.33,0.0,0.0,0,0.0,11.28,11.33,11.33,11.33,0.0,,1.0098,,,,,
2204,009828,中信台日韓PCB,市,10/06,,11.32,0.15,1.34,63092,712.0,11.17,11.33,11.36,11.16,1.79,,1.0009,,,,,
2205,4806,桂田文創,櫃,10/06,,11.3,-0.8,-6.61,216,2.39,12.1,11.3,11.65,10.9,6.2,,1.77,,,,,
2206,1611,中電,市,10/06,,11.25,0.0,0.0,341,3.85,11.25,11.25,11.35,11.25,0.89,24.5,0.9,,,,,
2207,2104,國際中橡,市,10/06,,11.25,0.0,0.0,3097,34.8,11.25,11.3,11.4,11.05,3.11,,0.47,,,,,
2208,1219,福壽,市,10/06,,11.2,0.0,0.0,178,1.98,11.2,11.2,11.2,11.1,0.89,,0.96,,,,,
2209,1813,寶利徠,櫃,10/06,,11.2,-0.05,-0.44,2,0.02,11.25,11.2,11.2,11.2,0.0,50.9,0.75,,,,,
2210,2514,龍邦,市,10/06,,11.2,-0.05,-0.44,66,0.74,11.25,11.3,11.35,11.2,1.33,28.7,0.32,,,,,
2211,8067,志旭,櫃,10/06,,11.2,0.0,0.0,6,0.07,11.2,11.4,11.4,11.2,1.79,56.0,1.6,,,,,
2212,01007T,兆豐國泰R2,市,10/06,,11.17,-0.11,-0.98,85,0.95,11.28,11.28,11.28,11.12,1.42,,,,,,,
2213,2736,富野,櫃,10/06,,11.15,-0.05,-0.45,38,0.42,11.2,11.2,11.2,11.1,0.89,,0.65,,,,,
2214,8443,阿瘦,市,10/06,,11.15,0.0,0.0,13,0.15,11.15,11.05,11.15,11.0,1.35,,1.19,,,,,
2215,1108,幸福,市,10/06,,11.1,0.05,0.45,133,1.47,11.05,11.05,11.1,10.95,1.36,16.1,0.82,,,,,
2216,1531,高林股,市,10/06,,11.1,-0.35,-3.06,232,2.63,11.45,11.45,11.5,11.1,3.49,46.2,0.58,,,,,
2217,3322,建舜電,櫃,10/06,,11.1,-0.1,-0.89,161,1.8,11.2,11.25,11.25,11.05,1.79,,0.97,,,,,
2218,01001T,土銀富邦R1,市,10/06,,11.07,-0.02,-0.18,40,0.44,11.09,11.09,11.09,11.07,0.18,,,,,,,
2219,00408A,主動第一金優股息,市,10/06,,11.06,0.03,0.27,1123,12.4,11.03,11.07,11.08,10.98,0.91,,0.9946,,,,,
2220,00411A,主動統一前沿科技,櫃,10/06,,11.05,0.11,1.01,11062,122.0,10.94,11.01,11.07,11.0,0.64,,0.9928,,,,,
2221,1453,大將,市,10/06,,11.0,0.1,0.92,29,0.32,10.9,10.85,11.0,10.85,1.38,15.7,0.83,,,,,
2222,009829,大華韓國KOSPI50,市,10/06,,10.97,-0.18,-1.61,18916,208.0,11.15,11.13,11.13,10.93,1.79,,0.9982,,,,,
2223,2537,聯上發,市,10/06,,10.95,0.05,0.46,398,4.38,10.9,10.9,11.1,10.9,1.83,27.4,0.72,,,,,
2224,5521,工信,市,10/06,,10.95,0.2,1.86,6710,74.2,10.75,10.8,11.35,10.75,5.58,11.4,0.92,,,,,
2225,1220,台榮,市,10/06,,10.9,-0.05,-0.46,88,0.95,10.95,10.9,10.9,10.75,1.37,156.0,0.84,,,,,
2226,2314,台揚,市,10/06,,10.9,-0.2,-1.8,137,1.49,11.1,10.9,10.95,10.9,0.45,,40.37,,,,,
2227,2913,農林,市,10/06,,10.9,0.0,0.0,1566,17.1,10.9,10.9,11.0,10.85,1.38,,0.7,,,,,
2228,4109,加捷生醫,櫃,10/06,,10.9,0.0,0.0,52,0.56,10.9,10.9,10.95,10.85,0.92,363.0,0.8,,,,,
2229,009824,群益美國科技巨頭,市,10/06,,10.83,0.09,0.84,3252,35.2,10.74,10.82,10.85,10.8,0.47,,0.9918,,,,,
2230,00673R,期元大S&P原油反1,市,10/06,,10.82,0.02,0.19,22518,244.0,10.8,10.87,10.87,10.78,0.83,,0.9801,,,,,
2231,009820,元大納斯達克精選,市,10/06,,10.75,0.12,1.13,15666,168.0,10.63,10.75,10.76,10.71,0.47,,0.9963,,,,,
2232,3593,力銘,市,10/06,,10.75,0.0,0.0,4,0.04,10.75,11.1,11.1,10.6,4.65,,3.14,,,,,
2233,00407A,主動凱基台灣,市,10/06,,10.71,0.0,0.0,25145,269.0,10.71,10.77,10.78,10.63,1.4,,0.9954,,,,,
2234,1452,宏益,市,10/06,,10.7,0.1,0.94,29,0.31,10.6,10.6,10.7,10.6,0.94,,0.52,,,,,
2235,009827,玉山未來全球算力,市,10/06,,10.68,0.14,1.33,3250,34.7,10.54,10.63,10.7,10.63,0.66,,0.9981,,,,,
2236,1906,寶隆,市,10/06,,10.65,0.05,0.47,54,0.57,10.6,10.65,10.75,10.6,1.42,17.5,0.59,,,,,
2237,2897,王道銀行,市,10/06,,10.6,0.0,0.0,1872,19.8,10.6,10.6,10.65,10.55,0.94,12.8,0.71,,,,,
2238,8101,華冠,市,10/06,,10.6,-0.6,-5.36,41,0.43,11.2,10.35,10.7,10.15,4.91,,2.51,,,,,
2239,009823,群益S&P500,櫃,10/06,,10.56,0.07,0.67,3617,38.2,10.49,10.55,10.57,10.54,0.29,,0.9962,,,,,
2240,00409A,主動復華全球50,市,10/06,,10.45,0.03,0.29,19421,203.0,10.42,10.47,10.51,10.4,1.06,,0.9886,,,,,
2241,3052,夆典,市,10/06,,10.45,0.0,0.0,157,1.64,10.45,10.5,10.55,10.45,0.96,9.25,0.6,,,,,
2242,1316,上曜,市,10/06,,10.35,0.05,0.49,2105,21.8,10.3,10.3,10.5,10.25,2.43,,0.86,,,,,
2243,1445,大宇,市,10/06,,10.35,0.37,3.71,144,1.45,9.98,9.9,10.35,9.9,4.51,,0.63,,,,,
2244,2701,萬企,市,10/06,,10.35,0.15,1.47,93,0.96,10.2,10.2,10.4,10.2,1.96,17.5,0.55,,,,,
2245,00402A,主動安聯美國科技,市,10/06,,10.33,0.08,0.78,9932,103.0,10.25,10.32,10.35,10.31,0.39,,0.9961,,,,,
2246,00406A,主動中信台灣收益,市,10/06,,10.33,0.02,0.19,190192,1959.0,10.31,10.37,10.38,10.24,1.36,,1.001,,,,,
2247,2349,錸德,市,10/06,,10.3,-0.05,-0.48,1535,15.8,10.35,10.35,10.4,10.25,1.45,,1.27,,,,,
2248,3313,斐成,櫃,10/06,,10.3,0.0,0.0,60,0.62,10.3,10.25,10.45,10.25,1.94,,1.04,,,,,
2249,6109,亞元,櫃,10/06,,10.3,-0.1,-0.96,68,0.7,10.4,10.3,10.4,10.3,0.96,,1.2,,,,,
2250,6167,久正,櫃,10/06,,10.3,0.05,0.49,199,2.05,10.25,10.25,10.35,10.25,0.98,,0.88,,,,,
2251,1517,利奇,市,10/06,,10.2,-0.05,-0.49,306,3.12,10.25,10.25,10.3,10.1,1.95,,0.67,,,,,
2252,9950,萬國通,櫃,10/06,,10.2,0.0,0.0,14,0.14,10.2,10.2,10.35,10.15,1.96,,1.21,,,,,
2253,9962,有益,櫃,10/06,,10.2,0.05,0.49,113,1.14,10.15,10.3,10.3,10.0,2.96,44.3,0.86,,,,,
2254,00404A,主動聯博動能50,市,10/06,,10.14,0.03,0.3,12654,128.0,10.11,10.14,10.15,10.09,0.59,,0.9942,,,,,
2255,1909,榮成,市,10/06,,10.1,0.1,1.0,2455,24.9,10.0,10.05,10.25,10.05,2.0,43.9,0.63,,,,,
2256,2431,聯昌,市,10/06,,10.1,0.1,1.0,76,0.76,10.0,10.0,10.1,9.98,1.2,,1.04,,,,,
2257,009826,貝萊德世界股票,市,10/06,,10.09,0.05,0.5,11268,114.0,10.04,10.06,10.09,10.05,0.4,,0.997,,,,,
2258,00981D,主動中信非投等債,櫃,10/06,,10.06,0.01,0.1,3516,35.3,10.05,10.04,10.06,10.02,0.4,,0.9978,,,,,
2259,00985B,群益ESG投等債0-5,市,10/06,,10.05,-0.02,-0.2,13401,135.0,10.07,10.06,10.06,10.02,0.4,,1.0016,,,,,
2260,3625,西勝,櫃,10/06,,10.05,-0.35,-3.37,428,4.3,10.4,9.85,10.2,9.85,3.37,,2.13,,,,,
2261,4406,新昕纖,櫃,10/06,,10.05,0.05,0.5,22,0.22,10.0,10.1,10.1,10.0,1.0,,0.86,,,,,
2262,01010T,京城樂富R1,市,10/06,,10.0,0.0,0.0,124,1.24,10.0,9.99,10.0,9.98,0.2,,,,,,,
2263,2390,云辰,市,10/06,,10.0,-0.05,-0.5,444,4.46,10.05,10.1,10.15,9.96,1.89,,0.82,,,,,
2264,01004T,土銀富邦R2,市,10/06,,9.99,-0.01,-0.1,116,1.16,10.0,10.0,10.0,9.95,0.5,,,,,,,
2265,5014,建錩,櫃,10/06,,9.99,-0.01,-0.1,127,1.27,10.0,10.0,10.05,9.99,0.6,,0.69,,,,,
2266,1474,弘裕,市,10/06,,9.98,0.0,0.0,121,1.2,9.98,9.97,9.98,9.82,1.6,38.4,0.59,,,,,
2267,1781,合世,櫃,10/06,,9.98,0.18,1.84,16,0.16,9.8,9.97,9.99,9.97,0.2,,1.56,,,,,
2268,1324,地球,市,10/06,,9.95,0.04,0.4,191,1.9,9.91,9.9,10.05,9.83,2.22,,0.83,,,,,
2269,1441,大東,市,10/06,,9.95,0.14,1.43,15,0.15,9.81,9.8,9.95,9.75,2.04,,1.96,,,,,
2270,1805,寶徠,市,10/06,,9.95,-0.01,-0.1,62,0.62,9.96,9.95,10.0,9.94,0.6,82.9,0.82,,,,,
2271,1455,集盛,市,10/06,,9.92,0.05,0.51,609,6.05,9.87,9.93,9.99,9.88,1.11,18.7,0.85,,,,,
2272,1464,得力,市,10/06,,9.91,-0.02,-0.2,269,2.67,9.93,9.93,9.95,9.91,0.4,12.1,0.78,,,,,
2273,1217,愛之味,市,10/06,,9.87,0.0,0.0,357,3.53,9.87,9.93,9.93,9.86,0.71,14.7,0.64,,,,,
2274,009819,中信數據及電力,市,10/06,,9.85,0.06,0.61,3979,39.2,9.79,9.86,9.88,9.83,0.51,,0.999,,,,,
2275,00989B,台新美國非投等債,櫃,10/06,,9.83,0.01,0.1,4152,40.8,9.82,9.82,9.83,9.8,0.31,,1.0031,,,,,
2276,00990B,國泰收益非投等債,櫃,10/06,,9.81,0.0,0.0,1566,15.3,9.81,9.81,9.81,9.78,0.31,,1.0025,,,,,
2277,5302,太欣,櫃,10/06,,9.81,-0.07,-0.71,124,1.21,9.88,9.73,9.93,9.73,2.02,,1.26,,,,,
2278,00405A,主動富邦台灣龍耀,市,10/06,,9.8,-0.06,-0.61,59696,585.0,9.86,9.9,9.9,9.75,1.52,,0.9939,,,,,
2279,1626,艾美特-KY,市,10/06,,9.8,0.15,1.55,23,0.22,9.65,9.79,9.8,9.62,1.87,,0.54,,,,,
2280,8176,智捷,櫃,10/06,,9.76,0.0,0.0,154,1.5,9.76,9.77,9.79,9.66,1.33,,1.15,,,,,
2281,009825,聯邦美國金融創新,櫃,10/06,,9.74,0.1,1.04,296,2.88,9.64,9.66,9.76,9.66,1.04,,0.9878,,,,,
2282,9934,成霖,市,10/06,,9.68,-0.01,-0.1,494,4.78,9.69,9.71,9.72,9.63,0.93,38.7,0.61,,,,,
2283,1506,正道,市,10/06,,9.67,-0.04,-0.41,109,1.05,9.71,9.7,9.79,9.65,1.44,193.0,1.04,,,,,
2284,2547,日勝生,市,10/06,,9.64,-0.02,-0.21,664,6.42,9.66,9.62,9.71,9.62,0.93,120.0,0.74,,,,,
2285,8488,吉源-KY,市,10/06,,9.6,-0.24,-2.44,45,0.43,9.84,9.8,9.8,9.6,2.03,,0.29,,,,,
2286,00984D,主動聯博全球非投,市,10/06,,9.59,-0.03,-0.31,19855,190.0,9.62,9.61,9.61,9.57,0.42,,1.0011,,,,,
2287,1310,台苯,市,10/06,,9.55,0.02,0.21,2022,19.2,9.53,9.53,9.63,9.32,3.25,,0.8,,,,,
2288,00983D,主動富邦複合收益,市,10/06,,9.53,-0.04,-0.42,965,9.19,9.57,9.51,9.53,9.51,0.21,,0.9996,,,,,
2289,2887I,台新新光辛特,市,10/06,,9.52,0.0,0.0,2034,19.4,9.52,9.52,9.53,9.52,0.11,,,,,,,
2290,3011,今皓,市,10/06,,9.52,-0.28,-2.86,379,3.7,9.8,9.8,9.98,9.52,4.69,,0.93,,,,,
2291,00953B,群益優選非投等債,市,10/06,,9.48,-0.01,-0.11,46899,444.0,9.49,9.48,9.49,9.46,0.32,,1.0008,,,,,
2292,009822,華南永昌未來金融,櫃,10/06,,9.46,0.15,1.61,528,4.99,9.31,9.36,9.48,9.36,1.29,,1.0,,,,,
2293,1471,首利,市,10/06,,9.4,-0.05,-0.53,199,1.87,9.45,9.46,9.48,9.35,1.38,44.8,0.97,,,,,
2294,00987D,主動統一美債量化,櫃,10/06,,9.38,-0.05,-0.53,1099,10.3,9.43,9.4,9.4,9.38,0.21,,0.9947,,,,,
2295,00666R,富邦恒生國企反1,市,10/06,,9.37,-0.11,-1.16,20,0.19,9.48,9.35,9.38,9.35,0.32,,0.9947,,,,,
2296,00985D,主動貝萊德優投等,櫃,10/06,,9.37,-0.05,-0.53,2304,21.6,9.42,9.4,9.4,9.35,0.53,,0.9979,,,,,
2297,9136,巨騰-DR,市,10/06,,9.35,-0.02,-0.21,150,1.4,9.37,9.33,9.35,9.3,0.53,,,,,,,
2298,4702,中美實,櫃,10/06,,9.32,0.02,0.22,46,0.43,9.3,9.38,9.38,9.27,1.18,4.18,0.51,,,,,
2299,1413,宏洲,市,10/06,,9.28,0.18,1.98,56,0.51,9.1,9.03,9.29,9.0,3.19,30.9,1.06,,,,,
2300,00982D,主動富邦動態入息,市,10/06,,9.26,-0.03,-0.32,915,8.47,9.29,9.28,9.28,9.25,0.32,,1.0002,,,,,
2301,00632R,元大台灣50反1,市,10/06,,9.13,-0.03,-0.33,63893,585.0,9.16,9.13,9.2,9.13,0.76,,0.9989,,,,,
2302,00986B,FT金融債10+,櫃,10/06,,9.11,-0.04,-0.44,27,0.25,9.15,9.12,9.14,9.11,0.33,,0.9978,,,,,
2303,6142,友勁,市,10/06,,9.09,0.03,0.33,457,4.13,9.06,9.02,9.12,8.98,1.55,,1.07,,,,,
2304,00982B,FT投資級債20+,櫃,10/06,,9.01,-0.01,-0.11,51,0.46,9.02,9.02,9.02,8.99,0.33,,0.9945,,,,,
2305,00981B,第一金優選非投債,櫃,10/06,,8.92,0.0,0.0,17351,154.0,8.92,8.92,8.92,8.89,0.34,,1.0011,,,,,
2306,2017,官田鋼,市,10/06,,8.84,-0.09,-1.01,692,6.13,8.93,8.93,8.97,8.8,1.9,,0.58,,,,,
2307,1314,中石化,市,10/06,,8.75,0.08,0.92,23606,205.0,8.67,8.66,8.79,8.53,3.0,,0.44,,,,,
2308,00980B,台新特選IG債10+,櫃,10/06,,8.71,-0.05,-0.57,408,3.56,8.76,8.75,8.75,8.7,0.57,,0.9989,,,,,
2309,00948B,中信優息投資級債,櫃,10/06,,8.68,-0.06,-0.69,10222,88.7,8.74,8.69,8.69,8.67,0.23,,0.9947,,,,,
2310,2424,隴華,市,10/06,,8.65,0.05,0.58,25,0.22,8.6,8.15,9.07,8.15,10.7,,2.04,,,,,
2311,00665L,富邦恒生國企正2,市,10/06,,8.64,0.18,2.13,7534,65.3,8.46,8.67,8.73,8.63,1.18,,0.9954,,,,,
2312,2538,基泰,市,10/06,,8.63,-0.04,-0.46,372,3.22,8.67,8.69,8.71,8.62,1.04,14.9,0.7,,,,,
2313,00970B,台新BBB投等債20+,櫃,10/06,,8.59,-0.03,-0.35,1754,15.1,8.62,8.62,8.62,8.57,0.58,,0.9988,,,,,
2314,00687C,國泰20年美債+櫃U,櫃,10/06,,8.58,-0.07,-0.81,35,0.3,8.65,8.59,8.59,8.58,0.12,,0.9946,,,,,
2315,00959B,大華投等美債15Y+,櫃,10/06,,8.58,-0.06,-0.69,3282,28.1,8.64,8.64,8.64,8.56,0.93,,0.9988,,,,,
2316,2883B,凱基金乙特,市,10/06,,8.58,-0.03,-0.35,1757,15.1,8.61,8.61,8.61,8.57,0.46,,,,,,,
2317,00753L,中信中國50正2,市,10/06,,8.55,0.19,2.27,10761,91.9,8.36,8.49,8.57,8.49,0.96,,1.0,,,,,
2318,00968B,元大優息投等債,櫃,10/06,,8.53,-0.06,-0.7,1300,11.1,8.59,8.57,8.57,8.53,0.47,,0.9979,,,,,
2319,00958B,永豐ESG銀行債15+,櫃,10/06,,8.51,-0.05,-0.58,273,2.32,8.56,8.55,8.55,8.5,0.58,,1.0,,,,,
2320,9105,泰金寶-DR,市,10/06,,8.5,0.18,2.16,21971,187.0,8.32,8.4,8.57,8.37,2.4,,,,,,,
2321,009817,國泰日本不動產,市,10/06,,8.49,0.01,0.12,694,5.9,8.48,8.49,8.51,8.48,0.35,,0.9953,,,,,
2322,4157,太景*-KY,櫃,10/06,,8.47,-0.05,-0.59,617,5.24,8.52,8.56,8.56,8.44,1.41,38.5,5.88,,,,,
2323,00967B,元大優息美債,櫃,10/06,,8.42,-0.05,-0.59,516,4.34,8.47,8.44,8.44,8.4,0.47,,0.9959,,,,,
2324,2506,太設,市,10/06,,8.39,0.01,0.12,86,0.71,8.38,8.35,8.39,8.32,0.84,22.7,0.38,,,,,
2325,1538,正峰,市,10/06,,8.38,0.25,3.08,2,0.01,8.13,8.38,8.38,8.38,0.0,,2.31,,,,,
2326,6616,特昇-KY,櫃,10/06,,8.35,-0.1,-1.18,8,0.07,8.45,8.21,8.35,8.2,1.78,,0.7,,,,,
2327,00636K,國泰中國A50+U,市,10/06,,8.32,0.12,1.46,0,0.0,8.2,8.32,8.32,8.32,0.0,,1.0,,,,,
2328,3115,富榮綱,櫃,10/06,,8.3,-0.2,-2.35,1,0.01,8.5,8.3,8.3,8.3,0.0,,1.11,,,,,
2329,5364,力麗店,櫃,10/06,,8.29,-0.01,-0.12,28,0.23,8.3,8.36,8.36,8.26,1.2,,0.77,,,,,
2330,00625K,富邦上証+R,市,10/06,,8.25,0.0,0.0,0,0.0,8.25,8.25,8.25,8.25,0.0,,0.9928,,,,,
2331,2511,太子,市,10/06,,8.23,-0.02,-0.24,870,7.18,8.25,8.27,8.28,8.22,0.73,23.5,0.52,,,,,
2332,3664,安瑞-KY,櫃,10/06,,8.2,0.2,2.5,23,0.19,8.0,8.0,8.2,8.0,2.5,,6.26,,,,,
2333,3058,立德,市,10/06,,8.16,0.04,0.49,437,3.56,8.12,8.19,8.19,8.08,1.35,,1.04,,,,,
2334,1417,嘉裕,市,10/06,,8.13,0.01,0.12,73,0.59,8.12,8.1,8.13,8.07,0.74,16.3,0.65,,,,,
2335,4414,如興,市,10/06,,8.02,-0.07,-0.87,291,2.35,8.09,8.1,8.11,8.01,1.24,47.2,0.55,,,,,
2336,1467,南緯,市,10/06,,8.0,-0.22,-2.68,351,2.84,8.22,8.22,8.22,8.0,2.68,32.0,0.65,,,,,
2337,2726,雅茗-KY,櫃,10/06,,8.0,0.0,0.0,2,0.02,8.0,8.07,8.07,8.0,0.88,,0.86,,,,,
2338,3710,連展投控,櫃,10/06,,8.0,-0.19,-2.32,231,1.85,8.19,7.98,8.09,7.96,1.59,,2.2,,,,,
2339,1806,冠軍,市,10/06,,7.85,-0.03,-0.38,292,2.29,7.88,7.88,7.93,7.81,1.52,43.6,0.58,,,,,
2340,5355,佳總,櫃,10/06,,7.71,-0.16,-2.03,148,1.17,7.87,7.86,8.1,7.71,4.96,,1.77,,,,,
2341,4426,利勤,市,10/06,,7.53,0.0,0.0,51,0.39,7.53,7.52,7.57,7.51,0.8,,0.75,,,,,
2342,5512,力麒,櫃,10/06,,7.49,-0.02,-0.27,1005,7.5,7.51,7.5,7.5,7.44,0.8,53.5,0.42,,,,,
2343,5905,南仁湖,櫃,10/06,,7.29,0.0,0.0,346,2.52,7.29,7.29,7.33,7.25,1.1,,0.73,,,,,
2344,00969B,元大零息超長美債,櫃,10/06,,7.26,-0.1,-1.36,1316,9.56,7.36,7.32,7.32,7.24,1.09,,1.0009,,,,,
2345,2022,聚亨,市,10/06,,7.24,-0.02,-0.28,146,1.05,7.26,7.3,7.3,7.17,1.79,,0.73,,,,,
2346,1213,大飲,市,10/06,,7.2,0.0,0.0,3,0.02,7.2,7.2,7.2,7.2,0.0,,0.66,,,,,
2347,00654R,富邦印度反1,市,10/06,,7.18,0.0,0.0,33,0.24,7.18,7.19,7.19,7.18,0.14,,0.9972,,,,,
2348,3632,研勤,櫃,10/06,,7.1,0.05,0.71,131,0.92,7.05,7.05,7.2,7.02,2.55,,2.51,,,,,
2349,3494,誠研,市,10/06,,7.08,0.03,0.43,52,0.36,7.05,7.0,7.11,6.99,1.7,,1.28,,,,,
2350,00712,復華富時不動產,市,10/06,,7.0,-0.06,-0.85,74169,519.0,7.06,7.01,7.02,7.0,0.28,,0.9972,,,,,
2351,00638R,元大滬深300反1,市,10/06,,6.98,-0.01,-0.14,68,0.47,6.99,6.95,6.98,6.95,0.43,,0.9971,,,,,
2352,2007,燁興,市,10/06,,6.95,0.04,0.58,196,1.36,6.91,6.91,6.97,6.88,1.3,,0.94,,,,,
2353,1444,力麗,市,10/06,,6.78,-0.02,-0.29,605,4.11,6.8,6.86,6.86,6.75,1.62,,0.67,,,,,
2354,5531,鄉林,市,10/06,,6.76,0.07,1.05,942,6.4,6.69,6.69,6.85,6.69,2.39,61.5,0.67,,,,,
2355,4943,康控-KY,市,10/06,,6.72,0.0,0.0,40,0.27,6.72,6.79,6.79,6.7,1.34,,20.36,,,,,
2356,1447,力鵬,市,10/06,,6.39,-0.02,-0.31,440,2.82,6.41,6.44,6.44,6.38,0.94,,0.66,,,,,
2357,1512,瑞利,市,10/06,,6.29,0.07,1.13,59,0.37,6.22,6.22,6.4,6.11,4.66,34.9,0.92,,,,,
2358,00656R,國泰中國A50反1,市,10/06,,6.15,-0.02,-0.32,9,0.06,6.17,6.15,6.15,6.15,0.0,,0.9968,,,,,
2359,2601,益航,市,10/06,,6.12,-0.33,-5.12,5566,34.0,6.45,6.36,6.36,6.07,4.5,,0.69,,,,,
2360,6264,富裔,櫃,10/06,,6.09,0.04,0.66,5,0.03,6.05,6.03,6.09,6.03,0.99,,0.9,,,,,
2361,1460,宏遠,市,10/06,,6.08,-0.04,-0.65,302,1.83,6.12,6.11,6.11,6.05,0.98,,0.73,,,,,
2362,8429,金麗-KY,市,10/06,,5.89,-0.01,-0.17,164,0.96,5.9,5.91,5.93,5.82,1.86,58.9,0.16,,,,,
2363,2911,麗嬰房,市,10/06,,5.78,-0.26,-4.3,216,1.27,6.04,6.04,6.05,5.78,4.47,1.42,0.45,,,,,
2364,00680L,元大美債20正2,市,10/06,,5.6,-0.1,-1.75,14657,82.1,5.7,5.63,5.64,5.59,0.88,,0.9871,,,,,
2365,00688L,國泰20年美債正2,市,10/06,,5.59,-0.09,-1.58,6217,34.8,5.68,5.63,5.63,5.58,0.88,,0.9867,,,,,
2366,2929,淘帝-KY,市,10/06,,5.59,-0.22,-3.79,232,1.32,5.81,5.83,5.85,5.59,4.48,,0.22,,,,,
2367,01009T,王道圓滿R1,市,10/06,,5.49,0.0,0.0,82,0.45,5.49,5.5,5.5,5.47,0.55,,,,,,,
2368,00651R,復華香港反1,市,10/06,,5.41,-0.05,-0.92,206,1.11,5.46,5.4,5.41,5.36,0.92,,1.0,,,,,
2369,00669R,國泰美國道瓊反1,市,10/06,,5.39,-0.04,-0.74,378,2.04,5.43,5.4,5.4,5.39,0.18,,1.0,,,,,
2370,1340,勝悅-KY,市,10/06,,5.12,-0.1,-1.92,224,1.15,5.22,5.22,5.22,5.1,2.3,,0.29,,,,,
2371,9103,美德醫療-DR,市,10/06,,5.08,0.19,3.89,3855,19.8,4.89,4.98,5.21,4.97,4.91,,,,,,,
2372,00676R,富邦臺灣加權反1,市,10/06,,5.05,-0.02,-0.39,1893,9.59,5.07,5.05,5.09,5.05,0.79,,1.0,,,,,
2373,2067,嘉鋼,櫃,10/06,,4.8,-0.09,-1.84,48,0.23,4.89,4.89,4.89,4.67,4.5,,1.13,,,,,
2374,910861,神州-DR,市,10/06,,4.68,0.0,0.0,60,0.28,4.68,4.68,4.69,4.59,2.14,,,,,,,
2375,5907,大洋-KY,市,10/06,,4.65,-0.1,-2.11,602,2.86,4.75,4.75,4.88,4.65,4.84,,0.25,,,,,
2376,8933,愛地雅,櫃,10/06,,4.56,0.0,0.0,72,0.32,4.56,4.56,4.56,4.4,3.51,,0.97,,,,,
2377,4609,唐鋒,櫃,10/06,,4.52,0.21,4.87,1,0.0,4.31,4.52,4.52,4.52,0.0,23.8,1.66,,,,,
2378,1337,再生-KY,市,10/06,,4.41,0.0,0.0,141,0.62,4.41,4.42,4.42,4.4,0.45,,0.33,,,,,
2379,8444,綠河-KY,櫃,10/06,,4.15,0.0,0.0,0,0.0,4.35,4.15,4.15,4.15,0.0,,3.55,,,,,
2380,5701,劍湖山,櫃,10/06,,4.0,-0.05,-1.23,22,0.09,4.05,4.0,4.03,4.0,0.74,,1.29,,,,,
2381,00648R,元大S&P500反1,市,10/06,,3.87,-0.03,-0.77,310,1.2,3.9,3.88,3.88,3.86,0.51,,0.9974,,,,,
2382,00643K,群益深証中小+R,市,10/06,,3.63,0.0,0.0,0,0.0,3.63,3.63,3.63,3.63,0.0,,1.0,,,,,
2383,911622,泰聚亨-DR,市,10/06,,3.63,0.03,0.83,107,0.39,3.6,3.59,3.64,3.55,2.5,,,,,,,
2384,00641R,富邦日本反1,市,10/06,,3.59,-0.03,-0.83,1716,6.16,3.62,3.6,3.6,3.58,0.55,,1.0056,,,,,
2385,4529,淳紳,櫃,10/06,,3.39,0.09,2.73,29,0.1,3.3,3.5,3.5,3.33,5.15,,1.36,,,,,
2386,020033,統一恒生科期N,櫃,10/06,,3.37,0.03,0.9,118,0.4,3.34,3.38,3.38,3.36,0.6,,1.015,,,,,
2387,00634R,富邦上証反1,市,10/06,,3.27,0.0,0.0,15,0.05,3.27,3.26,3.27,3.26,0.31,,0.9939,,,,,
2388,9110,越南控-DR,市,10/06,,3.24,0.29,9.83,201,0.65,2.95,2.98,3.24,2.94,10.2,,,,,,,
2389,911608,明輝-DR,市,10/06,,2.67,0.02,0.75,11,0.03,2.65,2.67,2.68,2.61,2.64,,,,,,,
2390,912000,晨訊科-DR,市,10/06,,2.43,-0.05,-2.02,414,1.01,2.48,2.44,2.46,2.41,2.02,,,,,,,
2391,00671R,富邦NASDAQ反1,市,10/06,,2.29,-0.03,-1.29,2753,6.31,2.32,2.29,2.3,2.29,0.43,,0.9913,,,,,
2392,00664R,國泰臺灣加權反1,市,10/06,,1.47,-0.01,-0.68,10882,16.1,1.48,1.48,1.49,1.47,1.35,,0.9932,,,,,
2393,911868,同方友友-DR,市,10/06,,1.16,0.01,0.87,249,0.29,1.15,1.16,1.16,1.15,0.87,,,,,,,
2394,00686R,群益臺灣加權反1,市,10/06,,0.9,0.0,0.0,5110,4.6,0.9,0.9,0.91,0.9,1.11,,1.0,,,,,
